{
  "type": "FeatureCollection",
  "features": [
    {
      "type": "Feature",
      "properties": {
        "boundary_id": "outer_or_boundary_1",
        "resampled_points": 601
      },
      "geometry": {
        "type": "LineString",
        "coordinates": [
          [
            25.897272799999996,
            44.635479399999994
          ],
          [
            25.89729101416269,
            44.63547982245657
          ],
          [
            25.897309228325387,
            44.63548024491313
          ],
          [
            25.89732744248808,
            44.63548066736969
          ],
          [
            25.897345656650778,
            44.63548108982625
          ],
          [
            25.897363870813475,
            44.63548151228281
          ],
          [
            25.89738208497617,
            44.63548193473937
          ],
          [
            25.89740029913886,
            44.63548235719591
          ],
          [
            25.897418513301556,
            44.635482779652456
          ],
          [
            25.897436727464253,
            44.635483202109
          ],
          [
            25.897454941626947,
            44.63548362456554
          ],
          [
            25.897473155789644,
            44.63548404702208
          ],
          [
            25.897491369952338,
            44.63548446947861
          ],
          [
            25.897509584115035,
            44.63548489193514
          ],
          [
            25.89752779827773,
            44.63548531439167
          ],
          [
            25.897546012440422,
            44.6354857368482
          ],
          [
            25.89756422660312,
            44.635486159304726
          ],
          [
            25.897582440765817,
            44.63548658176124
          ],
          [
            25.897600654928514,
            44.63548700421776
          ],
          [
            25.897618869091207,
            44.63548742667428
          ],
          [
            25.897637083253905,
            44.63548784913078
          ],
          [
            25.897655297416595,
            44.63548827158729
          ],
          [
            25.897673511579292,
            44.635488694043794
          ],
          [
            25.897691725741986,
            44.635489116500295
          ],
          [
            25.89770993990468,
            44.6354895389568
          ],
          [
            25.897728154067376,
            44.635489961413285
          ],
          [
            25.89774636823007,
            44.63549038386978
          ],
          [
            25.897764582392767,
            44.63549080632627
          ],
          [
            25.89778279655546,
            44.63549122878275
          ],
          [
            25.897801010718158,
            44.635491651239235
          ],
          [
            25.897819224880855,
            44.635492073695715
          ],
          [
            25.89783743904355,
            44.635492496152196
          ],
          [
            25.897855653206246,
            44.63549291860866
          ],
          [
            25.89787386736894,
            44.63549334106514
          ],
          [
            25.897892081531637,
            44.6354937635216
          ],
          [
            25.897910295694327,
            44.63549418597807
          ],
          [
            25.897928509857024,
            44.63549460843452
          ],
          [
            25.897946724019718,
            44.63549503089098
          ],
          [
            25.897964938182415,
            44.63549545334744
          ],
          [
            25.89798315234511,
            44.63549587580389
          ],
          [
            25.898001366507803,
            44.635496298260335
          ],
          [
            25.898019580670503,
            44.63549672071678
          ],
          [
            25.898037794833197,
            44.635497143173225
          ],
          [
            25.898056008995894,
            44.63549756562967
          ],
          [
            25.898074223158588,
            44.6354979880861
          ],
          [
            25.89809243732128,
            44.63549841054253
          ],
          [
            25.89811065148398,
            44.63549883299897
          ],
          [
            25.898128865646672,
            44.635499255455386
          ],
          [
            25.898147079809366,
            44.63549967791182
          ],
          [
            25.89816529397206,
            44.63550010036823
          ],
          [
            25.898183508134757,
            44.63550052282465
          ],
          [
            25.89820172229745,
            44.635500945281066
          ],
          [
            25.898219936460148,
            44.63550136773748
          ],
          [
            25.898238150622845,
            44.635501790193885
          ],
          [
            25.89825636478554,
            44.635502212650294
          ],
          [
            25.898274578948236,
            44.6355026351067
          ],
          [
            25.89829279311093,
            44.6355030575631
          ],
          [
            25.898311007273627,
            44.635503480019494
          ],
          [
            25.89832922143632,
            44.63550390247589
          ],
          [
            25.898347435599018,
            44.63550432493228
          ],
          [
            25.89836564976171,
            44.63550474738867
          ],
          [
            25.898383863924405,
            44.635505169845054
          ],
          [
            25.8984020780871,
            44.63550559230143
          ],
          [
            25.898420292249792,
            44.63550601475781
          ],
          [
            25.89843850641249,
            44.63550643721418
          ],
          [
            25.898456720575187,
            44.63550685967055
          ],
          [
            25.898474934737884,
            44.635507282126916
          ],
          [
            25.898493148900577,
            44.63550770458329
          ],
          [
            25.89851136306327,
            44.63550812703964
          ],
          [
            25.89852957722597,
            44.63550854949601
          ],
          [
            25.898547791388662,
            44.63550897195237
          ],
          [
            25.89856600555136,
            44.635509394408714
          ],
          [
            25.898584219714053,
            44.635509816865074
          ],
          [
            25.89860243387675,
            44.63551023932142
          ],
          [
            25.898620648039447,
            44.635510661777765
          ],
          [
            25.89863886220214,
            44.6355110842341
          ],
          [
            25.89865707636483,
            44.635511506690435
          ],
          [
            25.898675290527528,
            44.635511929146766
          ],
          [
            25.898693504690225,
            44.635512351603104
          ],
          [
            25.89871171885292,
            44.63551277405943
          ],
          [
            25.898729933015616,
            44.63551319651576
          ],
          [
            25.89874814717831,
            44.635513618972084
          ],
          [
            25.898766361341007,
            44.6355140414284
          ],
          [
            25.8987845755037,
            44.63551446388472
          ],
          [
            25.898802789666394,
            44.635514886341035
          ],
          [
            25.89882100382909,
            44.635515308797345
          ],
          [
            25.89883921799179,
            44.635515731253655
          ],
          [
            25.898857432154486,
            44.63551615370995
          ],
          [
            25.89887564631718,
            44.63551657616625
          ],
          [
            25.898893860479877,
            44.635516998622556
          ],
          [
            25.898912074642567,
            44.635517421078845
          ],
          [
            25.898930288805264,
            44.63551784353513
          ],
          [
            25.898948502967958,
            44.63551826599142
          ],
          [
            25.89896671713065,
            44.63551868844771
          ],
          [
            25.89898493129335,
            44.635519110904
          ],
          [
            25.899003145456042,
            44.63551953336027
          ],
          [
            25.89902135961874,
            44.63551995581655
          ],
          [
            25.899039573781433,
            44.63552037827282
          ],
          [
            25.89905778794413,
            44.63552080072909
          ],
          [
            25.899076002106828,
            44.635521223185364
          ],
          [
            25.89909421626952,
            44.635521645641624
          ],
          [
            25.89911243043222,
            44.63552206809789
          ],
          [
            25.899130644594912,
            44.635522490554145
          ],
          [
            25.899148858757606,
            44.635522913010405
          ],
          [
            25.8991670729203,
            44.63552333546665
          ],
          [
            25.899185287082997,
            44.6355237579229
          ],
          [
            25.89920350124569,
            44.63552418037914
          ],
          [
            25.899221715408387,
            44.63552460283538
          ],
          [
            25.89923992957108,
            44.63552502529162
          ],
          [
            25.899258143733775,
            44.63552544774786
          ],
          [
            25.899276357896476,
            44.6355258702041
          ],
          [
            25.89929457205917,
            44.63552629266032
          ],
          [
            25.899312783138384,
            44.635526776456395
          ],
          [
            25.89933099316726,
            44.635527281146956
          ],
          [
            25.899349203196135,
            44.63552778583752
          ],
          [
            25.899367413225015,
            44.63552829052807
          ],
          [
            25.89938562325389,
            44.63552879521861
          ],
          [
            25.89940383328277,
            44.63552929990916
          ],
          [
            25.89942204331164,
            44.6355298045997
          ],
          [
            25.899440253340515,
            44.63553030929023
          ],
          [
            25.899458463369395,
            44.635530813980765
          ],
          [
            25.899476673398272,
            44.63553131867129
          ],
          [
            25.89949488342715,
            44.63553182336181
          ],
          [
            25.899513093456022,
            44.63553232805232
          ],
          [
            25.8995313034849,
            44.63553283274283
          ],
          [
            25.899549513513776,
            44.635533337433344
          ],
          [
            25.899567723542656,
            44.635533842123856
          ],
          [
            25.89958593357153,
            44.63553434681435
          ],
          [
            25.899604143600406,
            44.63553485150484
          ],
          [
            25.89962235362928,
            44.63553535619534
          ],
          [
            25.899640563658156,
            44.635535860885824
          ],
          [
            25.899658773687037,
            44.63553636557631
          ],
          [
            25.89967698371591,
            44.63553687026678
          ],
          [
            25.899695193744787,
            44.63553737495725
          ],
          [
            25.89971340377366,
            44.63553787964773
          ],
          [
            25.89973161380254,
            44.63553838433818
          ],
          [
            25.899749823831417,
            44.63553888902865
          ],
          [
            25.899768033860294,
            44.6355393937191
          ],
          [
            25.899786243889167,
            44.635539898409554
          ],
          [
            25.89980445391804,
            44.635540403099995
          ],
          [
            25.89982266394692,
            44.63554090779044
          ],
          [
            25.899840873975798,
            44.635541412480876
          ],
          [
            25.899859084004675,
            44.63554191717132
          ],
          [
            25.899877294033548,
            44.63554242186175
          ],
          [
            25.899895504062425,
            44.63554292655217
          ],
          [
            25.8999137140913,
            44.63554343124259
          ],
          [
            25.89993192412018,
            44.635543935933
          ],
          [
            25.899950134149055,
            44.63554444062342
          ],
          [
            25.899968344177932,
            44.635544945313825
          ],
          [
            25.899986554206805,
            44.63554545000423
          ],
          [
            25.900004764235682,
            44.63554595469463
          ],
          [
            25.900022974264562,
            44.63554645938501
          ],
          [
            25.900041184293435,
            44.63554696407541
          ],
          [
            25.900059394322312,
            44.63554746876579
          ],
          [
            25.900077604351186,
            44.63554797345617
          ],
          [
            25.900095814380066,
            44.63554847814655
          ],
          [
            25.900114024408943,
            44.635548982836916
          ],
          [
            25.90013223443782,
            44.63554948752729
          ],
          [
            25.900150444466693,
            44.63554999221765
          ],
          [
            25.900168654495566,
            44.63555049690802
          ],
          [
            25.900186864524446,
            44.635551001598365
          ],
          [
            25.900205074553323,
            44.635551506288714
          ],
          [
            25.9002232845822,
            44.635552010979055
          ],
          [
            25.900241494611073,
            44.6355525156694
          ],
          [
            25.90025970463995,
            44.63555302035974
          ],
          [
            25.90027791466883,
            44.63555352505007
          ],
          [
            25.900296124697707,
            44.6355540297404
          ],
          [
            25.90031433472658,
            44.635554534430725
          ],
          [
            25.900332544755457,
            44.635555039121044
          ],
          [
            25.90035075478433,
            44.635555543811364
          ],
          [
            25.900368964813207,
            44.63555604850166
          ],
          [
            25.900387174842088,
            44.635556553191975
          ],
          [
            25.90040538487096,
            44.635557057882274
          ],
          [
            25.900423594899838,
            44.63555756257257
          ],
          [
            25.90044180492871,
            44.63555806726286
          ],
          [
            25.90046001495759,
            44.63555857195316
          ],
          [
            25.90047822498647,
            44.63555907664344
          ],
          [
            25.900496435015345,
            44.635559581333716
          ],
          [
            25.90051464504422,
            44.635560086023986
          ],
          [
            25.90053285507309,
            44.63556059071426
          ],
          [
            25.900551065101975,
            44.63556109540454
          ],
          [
            25.90056927513085,
            44.635561600094796
          ],
          [
            25.900587485159726,
            44.63556210478506
          ],
          [
            25.9006056951886,
            44.6355626094753
          ],
          [
            25.900623905217476,
            44.635563114165556
          ],
          [
            25.900642115246356,
            44.63556361885579
          ],
          [
            25.900660325275233,
            44.63556412354605
          ],
          [
            25.900678535304106,
            44.63556462823628
          ],
          [
            25.900696745332983,
            44.63556513292651
          ],
          [
            25.900714955361856,
            44.63556563761673
          ],
          [
            25.900733165390733,
            44.635566142306956
          ],
          [
            25.900751375419613,
            44.635566646997184
          ],
          [
            25.900769585448487,
            44.6355671516874
          ],
          [
            25.900787795477363,
            44.6355676563776
          ],
          [
            25.900806005506237,
            44.6355681610678
          ],
          [
            25.90082421553512,
            44.635568665758
          ],
          [
            25.900842425563994,
            44.63556917044821
          ],
          [
            25.90086064318772,
            44.635569491287974
          ],
          [
            25.90087886343429,
            44.635569748636094
          ],
          [
            25.90089708368085,
            44.635570005984206
          ],
          [
            25.900915303927416,
            44.63557026333233
          ],
          [
            25.90093352417398,
            44.63557052068045
          ],
          [
            25.900951744420546,
            44.635570778028566
          ],
          [
            25.900969964667112,
            44.63557103537668
          ],
          [
            25.900988184913672,
            44.63557129272479
          ],
          [
            25.90100640516024,
            44.63557155007291
          ],
          [
            25.901024625406805,
            44.635571807421016
          ],
          [
            25.901042845653368,
            44.63557206476913
          ],
          [
            25.90106089216183,
            44.63557178939064
          ],
          [
            25.901077090854503,
            44.635565848123946
          ],
          [
            25.90109328954718,
            44.63555990685664
          ],
          [
            25.901109488239854,
            44.63555396558871
          ],
          [
            25.901125686932534,
            44.635548024320194
          ],
          [
            25.901141885625204,
            44.635542083051064
          ],
          [
            25.90115690410439,
            44.63553498553215
          ],
          [
            25.901169853836684,
            44.635525861271205
          ],
          [
            25.90118280356898,
            44.635516737008835
          ],
          [
            25.901195753301277,
            44.63550761274503
          ],
          [
            25.901207102933274,
            44.63549757476109
          ],
          [
            25.901216816563455,
            44.63548660255539
          ],
          [
            25.901226530193636,
            44.63547563034762
          ],
          [
            25.90123438309711,
            44.63546406624872
          ],
          [
            25.901239394531775,
            44.635451598288476
          ],
          [
            25.901244405966438,
            44.63543913032555
          ],
          [
            25.901249417401107,
            44.63542666235995
          ],
          [
            25.90125442883577,
            44.63541419439167
          ],
          [
            25.901257199999996,
            44.63540150292075
          ],
          [
            25.901257199999996,
            44.63538853498255
          ],
          [
            25.901257199999996,
            44.635375567041464
          ],
          [
            25.901257199999996,
            44.63536259909747
          ],
          [
            25.90125514518992,
            44.63534986084462
          ],
          [
            25.901249557538158,
            44.635337517502784
          ],
          [
            25.901243969886398,
            44.63532517415832
          ],
          [
            25.901237539508433,
            44.635313112920166
          ],
          [
            25.90122773911156,
            44.63530217981895
          ],
          [
            25.901217938714687,
            44.63529124671565
          ],
          [
            25.90120813831781,
            44.63528031361031
          ],
          [
            25.901198337920942,
            44.6352693805029
          ],
          [
            25.90118853752407,
            44.63525844739343
          ],
          [
            25.901178295153965,
            44.63524778825912
          ],
          [
            25.901164419468884,
            44.63523938139886
          ],
          [
            25.9011505437838,
            44.635230974537386
          ],
          [
            25.901136668098715,
            44.63522256767468
          ],
          [
            25.90112072117261,
            44.63521662125841
          ],
          [
            25.901103757695804,
            44.63521188241221
          ],
          [
            25.901086794219,
            44.63520714356562
          ],
          [
            25.9010698307422,
            44.63520240471864
          ],
          [
            25.901052867265392,
            44.63519766587128
          ],
          [
            25.90103590378859,
            44.63519292702354
          ],
          [
            25.901018940311783,
            44.635188188175405
          ],
          [
            25.901001976834976,
            44.63518344932688
          ],
          [
            25.90098501335817,
            44.635178710477966
          ],
          [
            25.900968049881367,
            44.635173971628674
          ],
          [
            25.90095108640456,
            44.635169232778985
          ],
          [
            25.900934122927758,
            44.635164493928926
          ],
          [
            25.900917159450948,
            44.63515975507846
          ],
          [
            25.900900195974145,
            44.635155016227614
          ],
          [
            25.90088323249734,
            44.63515027737639
          ],
          [
            25.900866269020536,
            44.63514553852477
          ],
          [
            25.90084930554373,
            44.63514079967276
          ],
          [
            25.900832342066924,
            44.63513606082037
          ],
          [
            25.900815378590117,
            44.63513132196759
          ],
          [
            25.900798415113318,
            44.63512658311443
          ],
          [
            25.900781451636508,
            44.63512184426087
          ],
          [
            25.90076448815971,
            44.63511710540693
          ],
          [
            25.900747524682902,
            44.635112366552605
          ],
          [
            25.900730561206096,
            44.635107627697884
          ],
          [
            25.900713597729293,
            44.635102888842795
          ],
          [
            25.900696634252487,
            44.63509814998731
          ],
          [
            25.900679670775684,
            44.635093411131436
          ],
          [
            25.900662707298874,
            44.635088672275174
          ],
          [
            25.90064574382207,
            44.63508393341852
          ],
          [
            25.900628780345265,
            44.63507919456148
          ],
          [
            25.900611816868462,
            44.635074455704064
          ],
          [
            25.900594853391656,
            44.63506971684625
          ],
          [
            25.900577889914853,
            44.63506497798805
          ],
          [
            25.900560926438043,
            44.63506023912947
          ],
          [
            25.90054396296124,
            44.6350555002705
          ],
          [
            25.900526999484434,
            44.63505076141114
          ],
          [
            25.90050991874391,
            44.635046242639454
          ],
          [
            25.900492804157896,
            44.6350417873908
          ],
          [
            25.900475689571884,
            44.63503733214178
          ],
          [
            25.900458574985873,
            44.635032876892424
          ],
          [
            25.900441460399858,
            44.63502842164273
          ],
          [
            25.900424345813846,
            44.6350239663927
          ],
          [
            25.90040723122783,
            44.63501951114232
          ],
          [
            25.90039011664182,
            44.63501505589161
          ],
          [
            25.900373002055805,
            44.63501060064054
          ],
          [
            25.900355887469793,
            44.63500614538914
          ],
          [
            25.90033877288378,
            44.6350016901374
          ],
          [
            25.90032165829777,
            44.63499723488531
          ],
          [
            25.900304543711755,
            44.63499277963288
          ],
          [
            25.900287429125743,
            44.63498832438011
          ],
          [
            25.900270314539732,
            44.634983869127
          ],
          [
            25.900253199953717,
            44.634979413873545
          ],
          [
            25.900236085367705,
            44.63497495861974
          ],
          [
            25.900218970781694,
            44.63497050336561
          ],
          [
            25.900201856195686,
            44.634966048111124
          ],
          [
            25.900184741609674,
            44.6349615928563
          ],
          [
            25.900167627023663,
            44.634957137601134
          ],
          [
            25.90015051243765,
            44.63495268234563
          ],
          [
            25.900133397851636,
            44.63494822708978
          ],
          [
            25.900116283265625,
            44.63494377183359
          ],
          [
            25.900099168679613,
            44.634939316577054
          ],
          [
            25.9000820540936,
            44.634934861320176
          ],
          [
            25.900064939507587,
            44.63493040606296
          ],
          [
            25.900047824921575,
            44.634925950805396
          ],
          [
            25.90003071033556,
            44.6349214955475
          ],
          [
            25.900013595749545,
            44.63491704028926
          ],
          [
            25.899996481163534,
            44.634912585030676
          ],
          [
            25.899979366577522,
            44.634908129771745
          ],
          [
            25.89996225199151,
            44.63490367451248
          ],
          [
            25.899945137405496,
            44.634899219252866
          ],
          [
            25.899928022819484,
            44.63489476399291
          ],
          [
            25.899910908233473,
            44.634890308732615
          ],
          [
            25.899893793647458,
            44.63488585347197
          ],
          [
            25.899876679061446,
            44.63488139821099
          ],
          [
            25.899859564475435,
            44.634876942949674
          ],
          [
            25.899842449889423,
            44.63487248768801
          ],
          [
            25.899825335303408,
            44.634868032426
          ],
          [
            25.899808220717397,
            44.63486357716364
          ],
          [
            25.899791106131385,
            44.63485912190096
          ],
          [
            25.89977399154537,
            44.63485466663793
          ],
          [
            25.89975687695936,
            44.634850211374555
          ],
          [
            25.899739762373347,
            44.634845756110835
          ],
          [
            25.899722647787335,
            44.63484130084677
          ],
          [
            25.89970553320132,
            44.63483684558238
          ],
          [
            25.89968841861531,
            44.634832390317634
          ],
          [
            25.899671304029297,
            44.63482793505255
          ],
          [
            25.899654189443286,
            44.634823479787116
          ],
          [
            25.89963707485727,
            44.634819024521356
          ],
          [
            25.89961996027126,
            44.63481456925525
          ],
          [
            25.899602845685248,
            44.63481011398879
          ],
          [
            25.899585731099233,
            44.634805658721994
          ],
          [
            25.89956861651322,
            44.634801203454856
          ],
          [
            25.89955150192721,
            44.634796748187384
          ],
          [
            25.8995343873412,
            44.634792292919556
          ],
          [
            25.899517272755187,
            44.634787837651395
          ],
          [
            25.899500158169175,
            44.63478338238289
          ],
          [
            25.899483043583164,
            44.63477892711405
          ],
          [
            25.89946592899715,
            44.63477447184485
          ],
          [
            25.899448814411137,
            44.634770016575324
          ],
          [
            25.899431699825126,
            44.63476556130545
          ],
          [
            25.89941458523911,
            44.63476110603524
          ],
          [
            25.8993974706531,
            44.63475665076467
          ],
          [
            25.899380356067088,
            44.634752195493775
          ],
          [
            25.899363241481076,
            44.63474774022254
          ],
          [
            25.89934612689506,
            44.63474328495095
          ],
          [
            25.89932901230905,
            44.63473882967903
          ],
          [
            25.899311897723038,
            44.63473437440676
          ],
          [
            25.899294783137023,
            44.634729919134145
          ],
          [
            25.89927766855101,
            44.634725463861194
          ],
          [
            25.899260553965,
            44.6347210085879
          ],
          [
            25.89924343937899,
            44.63471655331426
          ],
          [
            25.899226324792973,
            44.634712098040296
          ],
          [
            25.899209210206962,
            44.63470764276596
          ],
          [
            25.89919209562095,
            44.634703187491304
          ],
          [
            25.899174981034935,
            44.63469873221631
          ],
          [
            25.899157950180104,
            44.63469411814931
          ],
          [
            25.899140941480898,
            44.63468946206501
          ],
          [
            25.899123932781688,
            44.63468480598035
          ],
          [
            25.899106924082478,
            44.6346801498953
          ],
          [
            25.89908991538327,
            44.63467549380987
          ],
          [
            25.89907290668406,
            44.63467083772409
          ],
          [
            25.899055897984855,
            44.63466618163792
          ],
          [
            25.899038889285645,
            44.63466152555137
          ],
          [
            25.899021880586435,
            44.63465686946446
          ],
          [
            25.89900487188723,
            44.63465221337717
          ],
          [
            25.89898786318802,
            44.63464755728951
          ],
          [
            25.89897085448881,
            44.634642901201474
          ],
          [
            25.898953845789602,
            44.634638245113074
          ],
          [
            25.898936837090393,
            44.63463358902428
          ],
          [
            25.898919828391183,
            44.63462893293513
          ],
          [
            25.898902819691973,
            44.6346242768456
          ],
          [
            25.898885810992763,
            44.6346196207557
          ],
          [
            25.898868802293556,
            44.634614964665424
          ],
          [
            25.898851793594346,
            44.634610308574764
          ],
          [
            25.898834784895136,
            44.63460565248375
          ],
          [
            25.89881777619593,
            44.63460099639235
          ],
          [
            25.89880076749672,
            44.63459634030058
          ],
          [
            25.89878375879751,
            44.63459168420843
          ],
          [
            25.898766750098304,
            44.634587028115924
          ],
          [
            25.898749741399094,
            44.634582372023026
          ],
          [
            25.898732732699884,
            44.63457771592976
          ],
          [
            25.898715724000677,
            44.63457305983613
          ],
          [
            25.898698715301467,
            44.63456840374211
          ],
          [
            25.898681706602257,
            44.63456374764772
          ],
          [
            25.89866469790305,
            44.634559091552966
          ],
          [
            25.89864768920384,
            44.63455443545784
          ],
          [
            25.898630680504635,
            44.634549779362324
          ],
          [
            25.898613671805425,
            44.63454512326644
          ],
          [
            25.898596663106215,
            44.63454046717019
          ],
          [
            25.89857965440701,
            44.63453581107356
          ],
          [
            25.8985626457078,
            44.63453115497656
          ],
          [
            25.89854563700859,
            44.63452649887919
          ],
          [
            25.898528628309382,
            44.634521842781446
          ],
          [
            25.898511619610172,
            44.63451718668332
          ],
          [
            25.898494610910962,
            44.63451253058482
          ],
          [
            25.898477602211752,
            44.63450787448596
          ],
          [
            25.898460593512542,
            44.63450321838672
          ],
          [
            25.898443584813336,
            44.6344985622871
          ],
          [
            25.898426576114126,
            44.63449390618711
          ],
          [
            25.898409567414916,
            44.634489250086745
          ],
          [
            25.89839255871571,
            44.63448459398601
          ],
          [
            25.8983755500165,
            44.634479937884905
          ],
          [
            25.89835854131729,
            44.634475281783416
          ],
          [
            25.898341583572467,
            44.634470542438386
          ],
          [
            25.898325208688682,
            44.63446485088421
          ],
          [
            25.898308833804904,
            44.634459159329474
          ],
          [
            25.89829245892113,
            44.634453467774186
          ],
          [
            25.898276084037345,
            44.63444777621834
          ],
          [
            25.898258436407485,
            44.63444491982769
          ],
          [
            25.898240457234923,
            44.63444280198053
          ],
          [
            25.898222478062365,
            44.63444068413331
          ],
          [
            25.898204498889804,
            44.63443856628601
          ],
          [
            25.898186519717246,
            44.63443644843862
          ],
          [
            25.89816854054468,
            44.634434330591155
          ],
          [
            25.898150561372123,
            44.634432212743626
          ],
          [
            25.898132582199562,
            44.63443009489601
          ],
          [
            25.898114603027004,
            44.63442797704832
          ],
          [
            25.898096400317947,
            44.63442769331282
          ],
          [
            25.8980781772169,
            44.63442757689316
          ],
          [
            25.89805995411586,
            44.63442746047351
          ],
          [
            25.89804173101481,
            44.63442734405385
          ],
          [
            25.898023507913766,
            44.63442722763419
          ],
          [
            25.898005284812722,
            44.634427111214535
          ],
          [
            25.897987061711678,
            44.63442699479488
          ],
          [
            25.897968838610634,
            44.63442687837522
          ],
          [
            25.897950615509586,
            44.63442676195557
          ],
          [
            25.897932392408542,
            44.6344266455359
          ],
          [
            25.897914169307498,
            44.63442652911625
          ],
          [
            25.89789594620645,
            44.634426412696584
          ],
          [
            25.89787772310541,
            44.63442629627693
          ],
          [
            25.897859500004362,
            44.63442617985727
          ],
          [
            25.897841276903318,
            44.63442606343761
          ],
          [
            25.897823053802274,
            44.63442594701795
          ],
          [
            25.89780483070123,
            44.634425830598296
          ],
          [
            25.897786607600185,
            44.63442571417864
          ],
          [
            25.89776838449914,
            44.63442559775898
          ],
          [
            25.89775016139809,
            44.63442548133932
          ],
          [
            25.897731938297046,
            44.63442536491966
          ],
          [
            25.897713715196,
            44.634425248499994
          ],
          [
            25.897695492094957,
            44.63442513208033
          ],
          [
            25.897677268993913,
            44.634425015660675
          ],
          [
            25.897659045892865,
            44.63442489924101
          ],
          [
            25.897640822791825,
            44.634424782821355
          ],
          [
            25.897622599690777,
            44.6344246664017
          ],
          [
            25.897604376589733,
            44.63442454998203
          ],
          [
            25.89758615348869,
            44.634424433562366
          ],
          [
            25.897567930387645,
            44.6344243171427
          ],
          [
            25.897549707286597,
            44.63442420072303
          ],
          [
            25.89753148418555,
            44.634424084303376
          ],
          [
            25.897513261084505,
            44.63442396788371
          ],
          [
            25.89749503798346,
            44.63442385146405
          ],
          [
            25.897476814882417,
            44.63442373504439
          ],
          [
            25.897458591781373,
            44.63442361862472
          ],
          [
            25.89744036868033,
            44.63442350220506
          ],
          [
            25.89742214557928,
            44.6344233857854
          ],
          [
            25.89740392247824,
            44.63442326936573
          ],
          [
            25.897385699377192,
            44.63442315294606
          ],
          [
            25.89736747627615,
            44.6344230365264
          ],
          [
            25.8973492531751,
            44.634422920106736
          ],
          [
            25.897331030074056,
            44.634422803687066
          ],
          [
            25.897312810034048,
            44.63442277959865
          ],
          [
            25.89729461492133,
            44.63442350740319
          ],
          [
            25.89727641980862,
            44.634424235207725
          ],
          [
            25.897258224695904,
            44.63442496301224
          ],
          [
            25.89724002958319,
            44.63442569081676
          ],
          [
            25.89722183447048,
            44.63442641862127
          ],
          [
            25.897203639357766,
            44.634427146425764
          ],
          [
            25.89718544424505,
            44.63442787423025
          ],
          [
            25.897167249132337,
            44.63442860203473
          ],
          [
            25.897149351280063,
            44.634430595785226
          ],
          [
            25.897131812085387,
            44.63443411695427
          ],
          [
            25.89711427289071,
            44.634437638123096
          ],
          [
            25.897096733696035,
            44.6344411592917
          ],
          [
            25.897079194501355,
            44.6344446804601
          ],
          [
            25.897061655306675,
            44.634448201628274
          ],
          [
            25.897044116112,
            44.63445172279624
          ],
          [
            25.897026576917323,
            44.63445524396399
          ],
          [
            25.89700903772264,
            44.634458765131534
          ],
          [
            25.896992362529232,
            44.6344637087075
          ],
          [
            25.89697674119068,
            44.63447038724817
          ],
          [
            25.89696111985212,
            44.63447706578806
          ],
          [
            25.896945498513563,
            44.63448374432719
          ],
          [
            25.896929877175005,
            44.63449042286555
          ],
          [
            25.89691425583645,
            44.63449710140313
          ],
          [
            25.896898634497894,
            44.634503779939955
          ],
          [
            25.896883013159332,
            44.63451045847601
          ],
          [
            25.896867391820777,
            44.63451713701129
          ],
          [
            25.89685177048222,
            44.6345238155458
          ],
          [
            25.89683678391169,
            44.63453118403187
          ],
          [
            25.896821934189127,
            44.634538701261995
          ],
          [
            25.89680708446656,
            44.63454621849113
          ],
          [
            25.896792234743998,
            44.63455373571931
          ],
          [
            25.896777385021434,
            44.6345612529465
          ],
          [
            25.896762535298866,
            44.63456877017273
          ],
          [
            25.8967476855763,
            44.63457628739797
          ],
          [
            25.896734511204002,
            44.63458519616674
          ],
          [
            25.896721794383925,
            44.63459448497657
          ],
          [
            25.896709077563855,
            44.63460377378491
          ],
          [
            25.896696360743782,
            44.63461306259176
          ],
          [
            25.896683643923705,
            44.63462235139714
          ],
          [
            25.896672158631922,
            44.6346323115352
          ],
          [
            25.896662866583032,
            44.63464346725811
          ],
          [
            25.896653574534145,
            44.63465462297887
          ],
          [
            25.89664428248526,
            44.634665778697496
          ],
          [
            25.89663499043637,
            44.63467693441397
          ],
          [
            25.896625698387485,
            44.63468809012829
          ],
          [
            25.896616406338595,
            44.63469924584047
          ],
          [
            25.896607114289708,
            44.634710401550514
          ],
          [
            25.896597822240818,
            44.63472155725841
          ],
          [
            25.89658853019193,
            44.634732712964166
          ],
          [
            25.896579238143044,
            44.634743868667776
          ],
          [
            25.896569946094154,
            44.63475502436924
          ],
          [
            25.896560654045267,
            44.634766180068546
          ],
          [
            25.89655136199638,
            44.634777335765726
          ],
          [
            25.896542069947493,
            44.63478849146076
          ],
          [
            25.89653327240061,
            44.634799800984005
          ],
          [
            25.896528075290778,
            44.63481223053376
          ],
          [
            25.896522878180942,
            44.63482466008086
          ],
          [
            25.896517681071106,
            44.634837089625286
          ],
          [
            25.896512483961274,
            44.634849519167055
          ],
          [
            25.896507286851435,
            44.63486194870617
          ],
          [
            25.8965020897416,
            44.63487437824261
          ],
          [
            25.896496892631767,
            44.63488680777638
          ],
          [
            25.89649255474715,
            44.63489936828273
          ],
          [
            25.896490140777786,
            44.634912222056556
          ],
          [
            25.89648772680843,
            44.63492507582753
          ],
          [
            25.896485312839065,
            44.634937929595665
          ],
          [
            25.896482898869703,
            44.634950783360964
          ],
          [
            25.89648048490034,
            44.634963637123406
          ],
          [
            25.896478070930982,
            44.634976490883005
          ],
          [
            25.89647565696162,
            44.63498934463974
          ],
          [
            25.896473360686564,
            44.635002208568814
          ],
          [
            25.896471379148092,
            44.635015099705335
          ],
          [
            25.89646939760962,
            44.63502799083899
          ],
          [
            25.896467416071147,
            44.63504088196977
          ],
          [
            25.89646543453268,
            44.6350537730977
          ],
          [
            25.896468934032157,
            44.63506632951996
          ],
          [
            25.89647397307993,
            44.6350787919261
          ],
          [
            25.896479012127713,
            44.63509125432956
          ],
          [
            25.89648405117549,
            44.63510371673034
          ],
          [
            25.896489090223266,
            44.635116179128445
          ],
          [
            25.896494129271048,
            44.63512864152387
          ],
          [
            25.89649916831883,
            44.635141103916624
          ],
          [
            25.896504207366604,
            44.635153566306705
          ],
          [
            25.896509246414382,
            44.635166028694094
          ],
          [
            25.896514285462157,
            44.63517849107883
          ],
          [
            25.89651932450994,
            44.63519095346088
          ],
          [
            25.896524363557713,
            44.635203415840245
          ],
          [
            25.896529402605495,
            44.63521587821695
          ],
          [
            25.896534441653277,
            44.63522834059096
          ],
          [
            25.896544095612875,
            44.63523910791826
          ],
          [
            25.896555452685625,
            44.635249249695015
          ],
          [
            25.896566809758376,
            44.635259391469994
          ],
          [
            25.896578166831123,
            44.6352695332432
          ],
          [
            25.896589523903877,
            44.635279675014644
          ],
          [
            25.896600880976628,
            44.635289816784315
          ],
          [
            25.89661223804938,
            44.63529995855221
          ],
          [
            25.896623595122126,
            44.63531010031833
          ],
          [
            25.896634952194876,
            44.63532024208268
          ],
          [
            25.89664630926763,
            44.63533038384525
          ],
          [
            25.89665766634038,
            44.635340525606054
          ],
          [
            25.89666902341313,
            44.63535066736509
          ],
          [
            25.89668038048588,
            44.63536080912235
          ],
          [
            25.89669173755863,
            44.63537095087784
          ],
          [
            25.89670546521582,
            44.63537929417422
          ],
          [
            25.896720414579985,
            44.63538671061459
          ],
          [
            25.89673536394415,
            44.635394127054
          ],
          [
            25.896750313308313,
            44.63540154349247
          ],
          [
            25.896765262672478,
            44.635408959930004
          ],
          [
            25.896780212036642,
            44.63541637636658
          ],
          [
            25.8967951614008,
            44.63542379280221
          ],
          [
            25.896810110764967,
            44.63543120923689
          ],
          [
            25.896827100441502,
            44.63543582450104
          ],
          [
            25.896844234697543,
            44.635440241269876
          ],
          [
            25.896861368953573,
            44.635444658038374
          ],
          [
            25.896878503209614,
            44.63544907480655
          ],
          [
            25.89689563746565,
            44.63545349157439
          ],
          [
            25.89691277172168,
            44.63545790834188
          ],
          [
            25.89692990597772,
            44.63546232510905
          ],
          [
            25.89694771959811,
            44.63546489049656
          ],
          [
            25.896965701030624,
            44.63546699856839
          ],
          [
            25.896983682463134,
            44.63546910664017
          ],
          [
            25.897001663895647,
            44.635471214711856
          ],
          [
            25.89701964532816,
            44.635473322783476
          ],
          [
            25.89703762676067,
            44.63547543085501
          ],
          [
            25.89705560819318,
            44.63547753892647
          ],
          [
            25.89707374414624,
            44.63547836587919
          ],
          [
            25.897091967405675,
            44.635478468981084
          ],
          [
            25.897110190665106,
            44.63547857208298
          ],
          [
            25.89712841392454,
            44.63547867518488
          ],
          [
            25.89714663718397,
            44.63547877828676
          ],
          [
            25.897164860443404,
            44.63547888138865
          ],
          [
            25.89718308370284,
            44.63547898449055
          ],
          [
            25.897201306962266,
            44.63547908759244
          ],
          [
            25.8972195302217,
            44.635479190694326
          ],
          [
            25.897237753481136,
            44.63547929379622
          ],
          [
            25.897255976740563,
            44.63547939689811
          ],
          [
            25.897272799999996,
            44.635479399999994
          ]
        ]
      }
    },
    {
      "type": "Feature",
      "properties": {
        "boundary_id": "inner_or_boundary_2",
        "resampled_points": 601
      },
      "geometry": {
        "type": "LineString",
        "coordinates": [
          [
            25.897424599999997,
            44.63544169999999
          ],
          [
            25.897442172721508,
            44.63544207922276
          ],
          [
            25.89745974544302,
            44.63544245844552
          ],
          [
            25.897477318164533,
            44.635442837668286
          ],
          [
            25.897494890886044,
            44.635443216891034
          ],
          [
            25.897512463607555,
            44.635443596113795
          ],
          [
            25.897530036329062,
            44.63544397533654
          ],
          [
            25.897547609050573,
            44.6354443545593
          ],
          [
            25.897565181772084,
            44.63544473378204
          ],
          [
            25.897582754493598,
            44.63544511300479
          ],
          [
            25.89760032721511,
            44.635445492227525
          ],
          [
            25.89761789993662,
            44.63544587145027
          ],
          [
            25.89763547265813,
            44.635446250673006
          ],
          [
            25.89765304537964,
            44.635446629895746
          ],
          [
            25.897670618101152,
            44.635447009118465
          ],
          [
            25.897688190822667,
            44.6354473883412
          ],
          [
            25.897705763544177,
            44.635447767563925
          ],
          [
            25.89772333626569,
            44.63544814678665
          ],
          [
            25.897740908987195,
            44.63544852600938
          ],
          [
            25.897758481708706,
            44.635448905232096
          ],
          [
            25.897776054430217,
            44.635449284454815
          ],
          [
            25.897793627151728,
            44.63544966367753
          ],
          [
            25.897811199873242,
            44.63545004290024
          ],
          [
            25.897828772594753,
            44.63545042212294
          ],
          [
            25.897846345316264,
            44.635450801345655
          ],
          [
            25.897863918037775,
            44.63545118056836
          ],
          [
            25.897881490759286,
            44.635451559791065
          ],
          [
            25.897899063480796,
            44.635451939013755
          ],
          [
            25.89791663620231,
            44.63545231823646
          ],
          [
            25.89793420892382,
            44.63545269745915
          ],
          [
            25.89795178164533,
            44.63545307668185
          ],
          [
            25.89796935436684,
            44.635453455904525
          ],
          [
            25.89798692708835,
            44.63545383512722
          ],
          [
            25.89800449980986,
            44.635454214349906
          ],
          [
            25.898022072531376,
            44.6354545935726
          ],
          [
            25.898039645252886,
            44.63545497279527
          ],
          [
            25.898057217974397,
            44.63545535201794
          ],
          [
            25.898074790695908,
            44.635455731240626
          ],
          [
            25.898092363417422,
            44.635456110463295
          ],
          [
            25.89810993613893,
            44.635456489685964
          ],
          [
            25.89812750886044,
            44.63545686890863
          ],
          [
            25.898145081581955,
            44.635457248131296
          ],
          [
            25.898162654303462,
            44.635457627353965
          ],
          [
            25.898180227024973,
            44.63545800657663
          ],
          [
            25.898197799746484,
            44.63545838579928
          ],
          [
            25.898215372467995,
            44.63545876502194
          ],
          [
            25.898232945189505,
            44.635459144244585
          ],
          [
            25.89825051791102,
            44.63545952346724
          ],
          [
            25.89826809063253,
            44.63545990268988
          ],
          [
            25.89828566335404,
            44.63546028191253
          ],
          [
            25.898303236075556,
            44.63546066113518
          ],
          [
            25.898320808797067,
            44.63546104035782
          ],
          [
            25.898338381518574,
            44.63546141958045
          ],
          [
            25.898355954240085,
            44.635461798803085
          ],
          [
            25.898373526961596,
            44.63546217802572
          ],
          [
            25.898391099683106,
            44.63546255724835
          ],
          [
            25.898408672404617,
            44.63546293647098
          ],
          [
            25.898426245126128,
            44.635463315693606
          ],
          [
            25.89844381784764,
            44.635463694916226
          ],
          [
            25.89846139056915,
            44.635464074138845
          ],
          [
            25.898478963290664,
            44.635464453361465
          ],
          [
            25.898496536012175,
            44.63546483258408
          ],
          [
            25.898514108733686,
            44.6354652118067
          ],
          [
            25.8985316814552,
            44.63546559102931
          ],
          [
            25.89854925417671,
            44.635465970251914
          ],
          [
            25.898566826898215,
            44.63546634947451
          ],
          [
            25.89858439961973,
            44.63546672869712
          ],
          [
            25.89860197234124,
            44.63546710791972
          ],
          [
            25.89861954506275,
            44.63546748714232
          ],
          [
            25.898637117784265,
            44.63546786636492
          ],
          [
            25.898654690505772,
            44.635468245587504
          ],
          [
            25.898672263227283,
            44.6354686248101
          ],
          [
            25.898689835948797,
            44.635469004032686
          ],
          [
            25.898707408670308,
            44.635469383255284
          ],
          [
            25.89872498139182,
            44.63546976247786
          ],
          [
            25.89874255411333,
            44.635470141700445
          ],
          [
            25.898760126834844,
            44.635470520923015
          ],
          [
            25.898777699556348,
            44.6354709001456
          ],
          [
            25.898795272277862,
            44.63547127936816
          ],
          [
            25.898812844999373,
            44.635471658590745
          ],
          [
            25.898830417720884,
            44.6354720378133
          ],
          [
            25.898847990442395,
            44.63547241703588
          ],
          [
            25.89886556316391,
            44.635472796258426
          ],
          [
            25.898883135885416,
            44.635473175480996
          ],
          [
            25.898900708606927,
            44.63547355470355
          ],
          [
            25.89891828132844,
            44.63547393392611
          ],
          [
            25.898935854049952,
            44.63547431314867
          ],
          [
            25.898953426771463,
            44.63547469237122
          ],
          [
            25.898970999492978,
            44.63547507159377
          ],
          [
            25.89898857221448,
            44.635475450816315
          ],
          [
            25.899006144935992,
            44.63547583003885
          ],
          [
            25.899023717657506,
            44.6354762092614
          ],
          [
            25.899041290379017,
            44.63547658848393
          ],
          [
            25.899058863100528,
            44.63547696770647
          ],
          [
            25.89907643582204,
            44.635477346929
          ],
          [
            25.899094008543553,
            44.635477726151535
          ],
          [
            25.89911158126506,
            44.63547810537406
          ],
          [
            25.899129151082125,
            44.635478543377
          ],
          [
            25.89914671783694,
            44.63547904335394
          ],
          [
            25.89916428459175,
            44.635479543330874
          ],
          [
            25.89918185134656,
            44.635480043307815
          ],
          [
            25.89919941810137,
            44.63548054328474
          ],
          [
            25.899216984856185,
            44.63548104326166
          ],
          [
            25.899234551611,
            44.63548154323859
          ],
          [
            25.899252118365812,
            44.635482043215504
          ],
          [
            25.899269685120622,
            44.635482543192424
          ],
          [
            25.899287251875435,
            44.63548304316932
          ],
          [
            25.899304818630245,
            44.635483543146236
          ],
          [
            25.89932238538506,
            44.63548404312313
          ],
          [
            25.89933995213987,
            44.63548454310003
          ],
          [
            25.899357518894682,
            44.635485043076926
          ],
          [
            25.899375085649492,
            44.63548554305381
          ],
          [
            25.899392652404305,
            44.635486043030696
          ],
          [
            25.899410219159115,
            44.635486543007566
          ],
          [
            25.89942778591393,
            44.63548704298445
          ],
          [
            25.89944535266874,
            44.63548754296131
          ],
          [
            25.899462919423552,
            44.63548804293818
          ],
          [
            25.899480486178366,
            44.635488542915034
          ],
          [
            25.899498052933183,
            44.6354890428919
          ],
          [
            25.899515619687996,
            44.63548954286875
          ],
          [
            25.899533186442806,
            44.635490042845596
          ],
          [
            25.89955075319762,
            44.635490542822446
          ],
          [
            25.89956831995243,
            44.63549104279928
          ],
          [
            25.899585886707243,
            44.635491542776116
          ],
          [
            25.899603453462053,
            44.635492042752944
          ],
          [
            25.899621020216866,
            44.63549254272977
          ],
          [
            25.899638586971676,
            44.6354930427066
          ],
          [
            25.89965615372649,
            44.635493542683406
          ],
          [
            25.8996737204813,
            44.63549404266023
          ],
          [
            25.899691287236113,
            44.63549454263703
          ],
          [
            25.899708853990923,
            44.63549504261384
          ],
          [
            25.899726420745736,
            44.63549554259064
          ],
          [
            25.89974398750055,
            44.63549604256744
          ],
          [
            25.899761554255363,
            44.635496542544224
          ],
          [
            25.899779123039533,
            44.635497003229304
          ],
          [
            25.899796693978036,
            44.63549742220301
          ],
          [
            25.89981426491654,
            44.63549784117672
          ],
          [
            25.899831835855046,
            44.63549826015043
          ],
          [
            25.899849406793543,
            44.635498679124126
          ],
          [
            25.899866977732046,
            44.63549909809783
          ],
          [
            25.899884548670553,
            44.63549951707153
          ],
          [
            25.89990211960906,
            44.63549993604522
          ],
          [
            25.899919690547556,
            44.63550035501892
          ],
          [
            25.89993726148606,
            44.63550077399261
          ],
          [
            25.899954832424566,
            44.63550119296629
          ],
          [
            25.89997240336307,
            44.635501611939965
          ],
          [
            25.89998997430157,
            44.63550203091365
          ],
          [
            25.900007545240072,
            44.635502449887326
          ],
          [
            25.90002511617858,
            44.635502868860996
          ],
          [
            25.90004268711708,
            44.635503287834666
          ],
          [
            25.90006025805558,
            44.63550370680833
          ],
          [
            25.900077828994085,
            44.63550412578199
          ],
          [
            25.90009539993259,
            44.63550454475566
          ],
          [
            25.900112970871092,
            44.63550496372931
          ],
          [
            25.90013054180959,
            44.63550538270297
          ],
          [
            25.9001481127481,
            44.63550580167663
          ],
          [
            25.900165683686602,
            44.63550622065027
          ],
          [
            25.900183254625105,
            44.63550663962392
          ],
          [
            25.900200825563605,
            44.63550705859756
          ],
          [
            25.900218396502108,
            44.6355074775712
          ],
          [
            25.900235967440615,
            44.63550789654484
          ],
          [
            25.90025353837912,
            44.63550831551847
          ],
          [
            25.900271109317618,
            44.635508734492106
          ],
          [
            25.90028868025612,
            44.635509153465726
          ],
          [
            25.90030625119463,
            44.635509572439354
          ],
          [
            25.900323822133128,
            44.635509991412974
          ],
          [
            25.90034139307163,
            44.635510410386594
          ],
          [
            25.900358964010135,
            44.63551082936021
          ],
          [
            25.900376534948638,
            44.63551124833383
          ],
          [
            25.90039410588714,
            44.63551166730743
          ],
          [
            25.90041167682564,
            44.63551208628104
          ],
          [
            25.900429247764148,
            44.635512505254646
          ],
          [
            25.900446818702648,
            44.635512924228244
          ],
          [
            25.900464389641154,
            44.635513343201836
          ],
          [
            25.900481960579654,
            44.635513762175435
          ],
          [
            25.90049953151816,
            44.63551418114903
          ],
          [
            25.90051710245666,
            44.63551460012262
          ],
          [
            25.900534673395168,
            44.635515019096204
          ],
          [
            25.900552244333667,
            44.63551543806978
          ],
          [
            25.90056981527217,
            44.63551585704336
          ],
          [
            25.900587386210674,
            44.63551627601694
          ],
          [
            25.90060495714918,
            44.635516694990514
          ],
          [
            25.90062252808768,
            44.63551711396408
          ],
          [
            25.900640099026184,
            44.63551753293764
          ],
          [
            25.900657669964687,
            44.63551795191121
          ],
          [
            25.90067524090319,
            44.63551837088477
          ],
          [
            25.900692811841694,
            44.63551878985833
          ],
          [
            25.900710382780197,
            44.63551920883188
          ],
          [
            25.900727956855825,
            44.635519546757614
          ],
          [
            25.900745533564052,
            44.63551981667021
          ],
          [
            25.90076311027227,
            44.63552008658281
          ],
          [
            25.900780686980493,
            44.635520356495405
          ],
          [
            25.900798263688714,
            44.635520626408
          ],
          [
            25.900815840396938,
            44.63552089632061
          ],
          [
            25.90083341710516,
            44.6355211662332
          ],
          [
            25.900850993813382,
            44.63552143614579
          ],
          [
            25.900868570521602,
            44.63552170605838
          ],
          [
            25.900886147684965,
            44.63552195908612
          ],
          [
            25.90090372601021,
            44.63552216900955
          ],
          [
            25.900921304335462,
            44.63552237893299
          ],
          [
            25.900938882660714,
            44.63552258885641
          ],
          [
            25.900956460985963,
            44.635522798779846
          ],
          [
            25.900974039311212,
            44.63552300870329
          ],
          [
            25.900991617636464,
            44.635523218626716
          ],
          [
            25.901009195961716,
            44.635523428550144
          ],
          [
            25.901026774286965,
            44.635523638473565
          ],
          [
            25.90104413456936,
            44.63552286557311
          ],
          [
            25.901060767127294,
            44.635518812468725
          ],
          [
            25.901077399685224,
            44.63551475936405
          ],
          [
            25.901094032243158,
            44.6355107062591
          ],
          [
            25.90111009226008,
            44.635505927301224
          ],
          [
            25.901123617659948,
            44.635497935020794
          ],
          [
            25.90113714305981,
            44.63548994273926
          ],
          [
            25.901150668459675,
            44.63548195045662
          ],
          [
            25.90116150197538,
            44.63547247850689
          ],
          [
            25.90116895302375,
            44.635461147291785
          ],
          [
            25.90117640407212,
            44.63544981607446
          ],
          [
            25.901183855120486,
            44.63543848485492
          ],
          [
            25.901186595252803,
            44.63542619050162
          ],
          [
            25.901188732894237,
            44.63541377296837
          ],
          [
            25.901190870535682,
            44.635401355432464
          ],
          [
            25.901193008177117,
            44.63538893789389
          ],
          [
            25.901192545196828,
            44.635376484420995
          ],
          [
            25.901191086557997,
            44.63536401718882
          ],
          [
            25.901189627919173,
            44.63535154995399
          ],
          [
            25.901187540038194,
            44.635339217895925
          ],
          [
            25.901179059983683,
            44.63532825905978
          ],
          [
            25.90117057992917,
            44.63531730022157
          ],
          [
            25.90116209987465,
            44.635306341381295
          ],
          [
            25.901153619820136,
            44.635295382538935
          ],
          [
            25.90114279395027,
            44.63528577075349
          ],
          [
            25.90112953228006,
            44.63527755769851
          ],
          [
            25.901116270609844,
            44.63526934464237
          ],
          [
            25.90110300893963,
            44.635261131585054
          ],
          [
            25.90108864309304,
            44.63525422434724
          ],
          [
            25.90107223419076,
            44.63524973326661
          ],
          [
            25.901055825288473,
            44.63524524218562
          ],
          [
            25.901039416386194,
            44.63524075110429
          ],
          [
            25.90102300748391,
            44.6352362600226
          ],
          [
            25.901006598581628,
            44.63523176894058
          ],
          [
            25.900990189679344,
            44.635227277858206
          ],
          [
            25.900973780777065,
            44.63522278677547
          ],
          [
            25.90095737187478,
            44.6352182956924
          ],
          [
            25.9009409629725,
            44.63521380460898
          ],
          [
            25.90092455407022,
            44.635209313525216
          ],
          [
            25.900908145167932,
            44.635204822441096
          ],
          [
            25.900891736265653,
            44.635200331356636
          ],
          [
            25.900875327363366,
            44.63519584027182
          ],
          [
            25.900858918461086,
            44.63519134918666
          ],
          [
            25.9008425095588,
            44.635186858101164
          ],
          [
            25.90082610065652,
            44.635182367015304
          ],
          [
            25.900809691754237,
            44.63517787592911
          ],
          [
            25.900793282851954,
            44.63517338484255
          ],
          [
            25.900776873949674,
            44.63516889375566
          ],
          [
            25.90076046504739,
            44.635164402668416
          ],
          [
            25.900744056145108,
            44.63515991158083
          ],
          [
            25.900727647242825,
            44.63515542049289
          ],
          [
            25.900711238340545,
            44.6351509294046
          ],
          [
            25.900694829438258,
            44.63514643831598
          ],
          [
            25.90067842053598,
            44.635141947226984
          ],
          [
            25.900662011633692,
            44.635137456137656
          ],
          [
            25.90064560273141,
            44.63513296504798
          ],
          [
            25.900629193829126,
            44.63512847395795
          ],
          [
            25.900612784926846,
            44.63512398286758
          ],
          [
            25.900596376024563,
            44.63511949177686
          ],
          [
            25.90057996712228,
            44.6351150006858
          ],
          [
            25.90056355822,
            44.635110509594384
          ],
          [
            25.900547149317717,
            44.635106018502626
          ],
          [
            25.900530740415434,
            44.63510152741051
          ],
          [
            25.90051433151315,
            44.63509703631806
          ],
          [
            25.90049792261087,
            44.635092545225255
          ],
          [
            25.900481513708584,
            44.6350880541321
          ],
          [
            25.900465104806305,
            44.635083563038606
          ],
          [
            25.900448695904018,
            44.63507907194476
          ],
          [
            25.900432287001735,
            44.63507458085055
          ],
          [
            25.90041587809946,
            44.63507008975602
          ],
          [
            25.900399469197172,
            44.63506559866113
          ],
          [
            25.90038306029489,
            44.63506110756588
          ],
          [
            25.900366651392606,
            44.6350566164703
          ],
          [
            25.900350242490326,
            44.635052125374365
          ],
          [
            25.900333833588043,
            44.63504763427809
          ],
          [
            25.90031742468576,
            44.63504314318146
          ],
          [
            25.900301015783477,
            44.63503865208449
          ],
          [
            25.900284606881197,
            44.63503416098716
          ],
          [
            25.90026819797891,
            44.635029669889484
          ],
          [
            25.90025178907663,
            44.63502517879148
          ],
          [
            25.90023538017435,
            44.6350206876931
          ],
          [
            25.90021897127206,
            44.635016196594385
          ],
          [
            25.900202562369785,
            44.63501170549532
          ],
          [
            25.900186153467498,
            44.63500721439593
          ],
          [
            25.900169744565215,
            44.63500272329617
          ],
          [
            25.90015333566293,
            44.63499823219607
          ],
          [
            25.900136926760652,
            44.634993741095606
          ],
          [
            25.900120517858365,
            44.63498924999481
          ],
          [
            25.900104108956086,
            44.634984758893665
          ],
          [
            25.900087700053803,
            44.63498026779217
          ],
          [
            25.90007129115152,
            44.634975776690325
          ],
          [
            25.90005488224924,
            44.634971285588136
          ],
          [
            25.900038473346957,
            44.63496679448561
          ],
          [
            25.900022064444673,
            44.634962303382714
          ],
          [
            25.90000565554239,
            44.63495781227949
          ],
          [
            25.899989242788248,
            44.63495332847208
          ],
          [
            25.899972737147884,
            44.63494902060912
          ],
          [
            25.899956231507517,
            44.63494471274585
          ],
          [
            25.89993972586715,
            44.63494040488225
          ],
          [
            25.899923220226782,
            44.634936097018326
          ],
          [
            25.899906714586415,
            44.634931789154095
          ],
          [
            25.89989020894605,
            44.63492748128954
          ],
          [
            25.899873703305687,
            44.63492317342465
          ],
          [
            25.89985719766532,
            44.634918865559456
          ],
          [
            25.899840692024952,
            44.634914557693946
          ],
          [
            25.899824186384585,
            44.63491024982811
          ],
          [
            25.899807680744217,
            44.63490594196196
          ],
          [
            25.89979117510385,
            44.634901634095485
          ],
          [
            25.899774669463486,
            44.63489732622868
          ],
          [
            25.899758163823122,
            44.634893018361566
          ],
          [
            25.89974165818275,
            44.63488871049413
          ],
          [
            25.899725152542388,
            44.63488440262637
          ],
          [
            25.89970864690202,
            44.634880094758294
          ],
          [
            25.899692141261653,
            44.6348757868899
          ],
          [
            25.899675635621286,
            44.634871479021186
          ],
          [
            25.899659129980922,
            44.63486717115215
          ],
          [
            25.899642624340558,
            44.634862863282805
          ],
          [
            25.899626118700187,
            44.634858555413125
          ],
          [
            25.899609613059823,
            44.63485424754313
          ],
          [
            25.899593107419456,
            44.63484993967281
          ],
          [
            25.89957660177909,
            44.634845631802186
          ],
          [
            25.89956009613873,
            44.634841323931234
          ],
          [
            25.899543590498357,
            44.634837016059954
          ],
          [
            25.899527084857993,
            44.63483270818836
          ],
          [
            25.899510579217626,
            44.63482840031645
          ],
          [
            25.89949407357726,
            44.63482409244422
          ],
          [
            25.89947756793689,
            44.63481978457167
          ],
          [
            25.899461062296524,
            44.63481547669879
          ],
          [
            25.89944455665616,
            44.63481116882561
          ],
          [
            25.899428051015796,
            44.63480686095209
          ],
          [
            25.89941154537543,
            44.63480255307826
          ],
          [
            25.89939503973506,
            44.63479824520411
          ],
          [
            25.899378534094694,
            44.63479393732963
          ],
          [
            25.899362028454327,
            44.634789629454836
          ],
          [
            25.899345522813967,
            44.63478532157974
          ],
          [
            25.899329017173596,
            44.6347810137043
          ],
          [
            25.899312511533232,
            44.63477670582855
          ],
          [
            25.89929600589286,
            44.63477239795248
          ],
          [
            25.899279500252497,
            44.63476809007609
          ],
          [
            25.89926299461213,
            44.634763782199386
          ],
          [
            25.899246488971762,
            44.63475947432235
          ],
          [
            25.899229983331402,
            44.634755166445004
          ],
          [
            25.89921347769103,
            44.634750858567344
          ],
          [
            25.899196972050667,
            44.63474655068935
          ],
          [
            25.899180466410296,
            44.634742242811036
          ],
          [
            25.899163960769933,
            44.63473793493242
          ],
          [
            25.899147455129565,
            44.63473362705346
          ],
          [
            25.8991309494892,
            44.63472931917419
          ],
          [
            25.899114443848834,
            44.634725011294606
          ],
          [
            25.89909793820847,
            44.63472070341469
          ],
          [
            25.899081432568103,
            44.634716395534475
          ],
          [
            25.899064926927736,
            44.634712087653924
          ],
          [
            25.899048421287368,
            44.63470777977305
          ],
          [
            25.899031915647,
            44.634703471891875
          ],
          [
            25.89901541000664,
            44.63469916401037
          ],
          [
            25.89899890436627,
            44.63469485612854
          ],
          [
            25.898982398725906,
            44.6346905482464
          ],
          [
            25.89896589308554,
            44.63468624036393
          ],
          [
            25.89894938744517,
            44.63468193248114
          ],
          [
            25.898932925419704,
            44.63467754169916
          ],
          [
            25.898916502352836,
            44.63467307686822
          ],
          [
            25.898900079285962,
            44.63466861203693
          ],
          [
            25.89888365621909,
            44.63466414720531
          ],
          [
            25.898867233152217,
            44.634659682373325
          ],
          [
            25.898850810085346,
            44.634655217541
          ],
          [
            25.89883438701848,
            44.634650752708346
          ],
          [
            25.898817963951604,
            44.63464628787533
          ],
          [
            25.89880154088473,
            44.63464182304198
          ],
          [
            25.89878511781786,
            44.63463735820829
          ],
          [
            25.898768694750988,
            44.63463289337425
          ],
          [
            25.89875227168412,
            44.63462842853988
          ],
          [
            25.898735848617246,
            44.63462396370515
          ],
          [
            25.89871942555037,
            44.63461949887009
          ],
          [
            25.8987030024835,
            44.634615034034674
          ],
          [
            25.89868657941663,
            44.63461056919892
          ],
          [
            25.898670156349763,
            44.634606104362824
          ],
          [
            25.898653733282888,
            44.63460163952639
          ],
          [
            25.898637310216017,
            44.634597174689596
          ],
          [
            25.898620887149143,
            44.63459270985247
          ],
          [
            25.898604464082272,
            44.634588245014996
          ],
          [
            25.898588041015405,
            44.63458378017718
          ],
          [
            25.898571617948527,
            44.634579315339025
          ],
          [
            25.89855519488166,
            44.63457485050052
          ],
          [
            25.898538771814785,
            44.634570385661675
          ],
          [
            25.898522348747914,
            44.63456592082249
          ],
          [
            25.898505925681043,
            44.634561455982954
          ],
          [
            25.89848950261417,
            44.63455699114308
          ],
          [
            25.8984730795473,
            44.63455252630285
          ],
          [
            25.898456656480427,
            44.63454806146229
          ],
          [
            25.89844023341356,
            44.634543596621384
          ],
          [
            25.898423810346685,
            44.63453913178014
          ],
          [
            25.89840738727981,
            44.634534666938535
          ],
          [
            25.898390964212943,
            44.6345302020966
          ],
          [
            25.89837454114607,
            44.63452573725432
          ],
          [
            25.8983581180792,
            44.634521272411696
          ],
          [
            25.898341695012324,
            44.63451680756874
          ],
          [
            25.898325271945453,
            44.634512342725415
          ],
          [
            25.898308848878585,
            44.63450787788175
          ],
          [
            25.89829242581171,
            44.63450341303776
          ],
          [
            25.89827600274484,
            44.634498948193425
          ],
          [
            25.898259579677966,
            44.63449448334874
          ],
          [
            25.898243156611098,
            44.634490018503705
          ],
          [
            25.898226733544227,
            44.63448555365834
          ],
          [
            25.898210310477353,
            44.63448108881262
          ],
          [
            25.898193887410482,
            44.634476623966556
          ],
          [
            25.898177041964257,
            44.63447365758212
          ],
          [
            25.89815946959995,
            44.63447327006199
          ],
          [
            25.898141897235647,
            44.634472882541864
          ],
          [
            25.89812432487135,
            44.63447249502174
          ],
          [
            25.898106752507047,
            44.63447210750161
          ],
          [
            25.898089180142744,
            44.63447171998147
          ],
          [
            25.898071607778437,
            44.63447133246134
          ],
          [
            25.898054035414134,
            44.634470944941185
          ],
          [
            25.89803646304983,
            44.63447055742105
          ],
          [
            25.898018890685528,
            44.63447016990091
          ],
          [
            25.898001318321224,
            44.63446978238075
          ],
          [
            25.897983745956925,
            44.63446939486061
          ],
          [
            25.897966173592618,
            44.63446900734045
          ],
          [
            25.897948601228315,
            44.6344686198203
          ],
          [
            25.89793102886401,
            44.63446823230014
          ],
          [
            25.89791345649971,
            44.634467844779984
          ],
          [
            25.89789588413541,
            44.63446745725981
          ],
          [
            25.897878311771105,
            44.63446706973965
          ],
          [
            25.897860739406802,
            44.63446668221948
          ],
          [
            25.8978431670425,
            44.6344662946993
          ],
          [
            25.897825594678196,
            44.634465907179134
          ],
          [
            25.89780801838974,
            44.63446569610646
          ],
          [
            25.897790437593144,
            44.63446568773997
          ],
          [
            25.897772856796557,
            44.63446567937348
          ],
          [
            25.89775527599996,
            44.63446567100697
          ],
          [
            25.897737695203364,
            44.63446566264049
          ],
          [
            25.897720114406773,
            44.63446565427399
          ],
          [
            25.89770253361018,
            44.63446564590748
          ],
          [
            25.89768495281358,
            44.634465637541
          ],
          [
            25.89766737201699,
            44.6344656291745
          ],
          [
            25.8976497912204,
            44.63446562080801
          ],
          [
            25.897632210423804,
            44.63446561244151
          ],
          [
            25.897614629627206,
            44.63446560407501
          ],
          [
            25.897597048830615,
            44.63446559570851
          ],
          [
            25.89757946803402,
            44.63446558734202
          ],
          [
            25.897561887237426,
            44.63446557897553
          ],
          [
            25.897544306440835,
            44.63446557060903
          ],
          [
            25.89752672564424,
            44.634465562242525
          ],
          [
            25.897509144847646,
            44.63446555387604
          ],
          [
            25.89749156405105,
            44.63446554550954
          ],
          [
            25.89747398325446,
            44.63446553714305
          ],
          [
            25.897456402457863,
            44.63446552877655
          ],
          [
            25.897438821661268,
            44.63446552041006
          ],
          [
            25.89742124086468,
            44.63446551204356
          ],
          [
            25.897403660068086,
            44.63446550367706
          ],
          [
            25.89738607927149,
            44.634465495310565
          ],
          [
            25.897368498474897,
            44.63446548694407
          ],
          [
            25.897350917678303,
            44.63446547857758
          ],
          [
            25.897333336881708,
            44.63446547021108
          ],
          [
            25.897315756085117,
            44.63446546184459
          ],
          [
            25.89729817528852,
            44.634465453478086
          ],
          [
            25.897280594491928,
            44.6344654451116
          ],
          [
            25.897263013695333,
            44.634465436745096
          ],
          [
            25.897245432898742,
            44.634465428378604
          ],
          [
            25.897227852102148,
            44.634465420012106
          ],
          [
            25.89721027130555,
            44.634465411645614
          ],
          [
            25.89719269050896,
            44.63446540327911
          ],
          [
            25.897175573246084,
            44.63446761579734
          ],
          [
            25.89715875475751,
            44.63447125980409
          ],
          [
            25.897141936268934,
            44.634474903810606
          ],
          [
            25.897125117780362,
            44.6344785478169
          ],
          [
            25.897108299291787,
            44.634482191822954
          ],
          [
            25.897091480803216,
            44.63448583582879
          ],
          [
            25.89707466231464,
            44.63448947983438
          ],
          [
            25.89705784382606,
            44.63449312383976
          ],
          [
            25.89704102533749,
            44.63449676784491
          ],
          [
            25.897024206848915,
            44.63450041184983
          ],
          [
            25.89700847904142,
            44.63450579839375
          ],
          [
            25.896993422389404,
            44.634512257216336
          ],
          [
            25.89697836573738,
            44.634518716038215
          ],
          [
            25.896963309085358,
            44.63452517485938
          ],
          [
            25.896948252433333,
            44.634531633679806
          ],
          [
            25.89693319578131,
            44.634538092499525
          ],
          [
            25.896918139129287,
            44.63454455131853
          ],
          [
            25.896903082477266,
            44.63455101013681
          ],
          [
            25.896888025825245,
            44.63455746895437
          ],
          [
            25.89687296917322,
            44.63456392777122
          ],
          [
            25.896857912521195,
            44.63457038658735
          ],
          [
            25.896842855869174,
            44.63457684540275
          ],
          [
            25.89682919358953,
            44.63458462550079
          ],
          [
            25.896816279070435,
            44.634593114162755
          ],
          [
            25.89680336455135,
            44.63460160282348
          ],
          [
            25.896790450032256,
            44.63461009148296
          ],
          [
            25.896777535513163,
            44.63461858014121
          ],
          [
            25.89676462099407,
            44.63462706879822
          ],
          [
            25.89675288008293,
            44.63463636939509
          ],
          [
            25.89674131961292,
            44.63464579482566
          ],
          [
            25.896729759142907,
            44.6346552202547
          ],
          [
            25.8967181986729,
            44.6346646456822
          ],
          [
            25.89670663820289,
            44.63467407110817
          ],
          [
            25.896695278578466,
            44.6346836051099
          ],
          [
            25.896685617749977,
            44.63469405748037
          ],
          [
            25.896675956921488,
            44.63470450984894
          ],
          [
            25.896666296093002,
            44.63471496221563
          ],
          [
            25.896656635264517,
            44.63472541458044
          ],
          [
            25.89664728807245,
            44.63473599593748
          ],
          [
            25.89663938318448,
            44.63474717049127
          ],
          [
            25.896631478296513,
            44.63475834504291
          ],
          [
            25.89662357340854,
            44.634769519592396
          ],
          [
            25.896615668520575,
            44.634780694139735
          ],
          [
            25.896607763632602,
            44.63479186868492
          ],
          [
            25.896599607238592,
            44.63480295128635
          ],
          [
            25.89659144552831,
            44.63481403194224
          ],
          [
            25.896583283818025,
            44.634825112596005
          ],
          [
            25.896577101484528,
            44.6348367064792
          ],
          [
            25.896573332262875,
            44.63484892605443
          ],
          [
            25.89656956304122,
            44.63486114562708
          ],
          [
            25.89656562638886,
            44.63487333520488
          ],
          [
            25.8965608160854,
            44.63488536828092
          ],
          [
            25.89655600578193,
            44.63489740135446
          ],
          [
            25.89655119547847,
            44.6349094344255
          ],
          [
            25.896546385175007,
            44.634921467494046
          ],
          [
            25.89654157487154,
            44.6349335005601
          ],
          [
            25.89653676456808,
            44.63494553362366
          ],
          [
            25.896533399714244,
            44.63495771945635
          ],
          [
            25.896533087626604,
            44.634970227937586
          ],
          [
            25.89653277553896,
            44.63498273641613
          ],
          [
            25.896532463451322,
            44.634995244891975
          ],
          [
            25.89653215136368,
            44.63500775336513
          ],
          [
            25.89653183927604,
            44.63502026183559
          ],
          [
            25.896531527188397,
            44.63503277030335
          ],
          [
            25.896531215100758,
            44.63504527876841
          ],
          [
            25.89653159735694,
            44.635057764535645
          ],
          [
            25.896533519552115,
            44.635070199966215
          ],
          [
            25.89653544174729,
            44.635082635394106
          ],
          [
            25.896537363942464,
            44.63509507081934
          ],
          [
            25.896539286137642,
            44.6351075062419
          ],
          [
            25.89654201729367,
            44.635119812462605
          ],
          [
            25.89654774760956,
            44.635131639684786
          ],
          [
            25.89655347792545,
            44.63514346690455
          ],
          [
            25.896559208241342,
            44.63515529412191
          ],
          [
            25.896564938557233,
            44.635167121336856
          ],
          [
            25.896570752352464,
            44.63517892199529
          ],
          [
            25.896579315345168,
            44.635189848154184
          ],
          [
            25.896587878337876,
            44.63520077431101
          ],
          [
            25.89659644133058,
            44.63521170046579
          ],
          [
            25.896605191746335,
            44.63522254973327
          ],
          [
            25.896614187990153,
            44.63523329815443
          ],
          [
            25.89662318423397,
            44.63524404657361
          ],
          [
            25.89663218047779,
            44.635254794990786
          ],
          [
            25.896642746072615,
            44.63526473277677
          ],
          [
            25.89665432018423,
            44.635274149624024
          ],
          [
            25.896665894295843,
            44.635283566469745
          ],
          [
            25.89667746840745,
            44.635292983313946
          ],
          [
            25.89668904251906,
            44.63530240015661
          ],
          [
            25.896700616630675,
            44.63531181699775
          ],
          [
            25.896712190742285,
            44.63532123383737
          ],
          [
            25.8967237648539,
            44.63533065067545
          ],
          [
            25.896736179155216,
            44.635339431465624
          ],
          [
            25.89675010275472,
            44.63534706967498
          ],
          [
            25.896764026354223,
            44.63535470788332
          ],
          [
            25.89677794995373,
            44.63536234609066
          ],
          [
            25.896791873553237,
            44.635369984297
          ],
          [
            25.896806924939305,
            44.63537629728349
          ],
          [
            25.896822888624143,
            44.63538153826201
          ],
          [
            25.89683885230898,
            44.63538677924005
          ],
          [
            25.896854815993823,
            44.63539202021763
          ],
          [
            25.896870779678665,
            44.635397261194726
          ],
          [
            25.896886791755414,
            44.63540242287569
          ],
          [
            25.896903071608193,
            44.6354071457748
          ],
          [
            25.896919351460976,
            44.63541186867351
          ],
          [
            25.896935631313752,
            44.63541659157184
          ],
          [
            25.896951911166532,
            44.63542131446979
          ],
          [
            25.8969688163536,
            44.635424400212976
          ],
          [
            25.896986216031316,
            44.635426191356416
          ],
          [
            25.89700361570903,
            44.6354279824998
          ],
          [
            25.897021015386745,
            44.63542977364313
          ],
          [
            25.89703841506446,
            44.6354315647864
          ],
          [
            25.89705581474217,
            44.63543335592963
          ],
          [
            25.897073214419883,
            44.63543514707278
          ],
          [
            25.897090637676126,
            44.635436734755814
          ],
          [
            25.897108214640536,
            44.63543699608446
          ],
          [
            25.89712579160495,
            44.63543725741311
          ],
          [
            25.897143368569367,
            44.63543751874177
          ],
          [
            25.897160945533784,
            44.63543778007041
          ],
          [
            25.897178522498194,
            44.635438041399055
          ],
          [
            25.89719609946261,
            44.635438302727714
          ],
          [
            25.897213676427025,
            44.63543856405635
          ],
          [
            25.89723125339144,
            44.635438825384995
          ],
          [
            25.897248830355853,
            44.63543908671363
          ],
          [
            25.897266407320267,
            44.635439348042276
          ],
          [
            25.897283984284684,
            44.63543960937091
          ],
          [
            25.897301561249098,
            44.63543987069956
          ],
          [
            25.897319138213508,
            44.635440132028194
          ],
          [
            25.897336715177925,
            44.63544039335683
          ],
          [
            25.897354292142342,
            44.63544065468547
          ],
          [
            25.897371869106752,
            44.6354409160141
          ],
          [
            25.897389446071166,
            44.635441177342734
          ],
          [
            25.897407023035584,
            44.635441438671364
          ],
          [
            25.897424599999997,
            44.63544169999999
          ]
        ]
      }
    }
  ]
}