{
"type": "FeatureCollection",
"name": "bucharest_track_3d",
"crs": { "type": "name", "properties": { "name": "urn:ogc:def:crs:OGC:1.3:CRS84" } },
"features": [
{ "type": "Feature", "properties": { "point_id": 0, "lon": 25.8981031, "lat": 44.6344825, "elevation_m": 0.0, "distance_m": 0.0, "distance_km": 0.0, "heading_deg": 323.09024786763854, "slope": 0.0, "slope_deg": 0.0 }, "geometry": { "type": "Point", "coordinates": [ 25.8981031, 44.6344825 ] } },
{ "type": "Feature", "properties": { "point_id": 1, "lon": 25.898086915329994, "lat": 44.634497833849075, "elevation_m": 0.0, "distance_m": 3.0000000002000244, "distance_km": 0.0030000000002000245, "heading_deg": 323.09024786106846, "slope": 0.0, "slope_deg": 0.0 }, "geometry": { "type": "Point", "coordinates": [ 25.898086915329994, 44.634497833849075 ] } },
{ "type": "Feature", "properties": { "point_id": 2, "lon": 25.898070730659992, "lat": 44.634513167694102, "elevation_m": 0.0, "distance_m": 6.0000000001203926, "distance_km": 0.0060000000001203925, "heading_deg": 323.09024785509848, "slope": 0.0, "slope_deg": 0.0 }, "geometry": { "type": "Point", "coordinates": [ 25.898070730659992, 44.634513167694102 ] } },
{ "type": "Feature", "properties": { "point_id": 3, "lon": 25.898054545989986, "lat": 44.63452850153508, "elevation_m": 0.0, "distance_m": 9.0000000003204175, "distance_km": 0.0090000000003204166, "heading_deg": 323.09024787105562, "slope": 0.0, "slope_deg": 0.0 }, "geometry": { "type": "Point", "coordinates": [ 25.898054545989986, 44.63452850153508 ] } },
{ "type": "Feature", "properties": { "point_id": 4, "lon": 25.898038361319987, "lat": 44.634543835372, "elevation_m": 0.0, "distance_m": 12.000000000240785, "distance_km": 0.012000000000240785, "heading_deg": 323.09024784285856, "slope": 0.0, "slope_deg": 0.0 }, "geometry": { "type": "Point", "coordinates": [ 25.898038361319987, 44.634543835372 ] } },
{ "type": "Feature", "properties": { "point_id": 5, "lon": 25.898022176649981, "lat": 44.63455916920487, "elevation_m": 0.0, "distance_m": 14.99999999969614, "distance_km": 0.01499999999969614, "heading_deg": 343.9257308064939, "slope": 0.0, "slope_deg": 0.0 }, "geometry": { "type": "Point", "coordinates": [ 25.898022176649981, 44.63455916920487 ] } },
{ "type": "Feature", "properties": { "point_id": 6, "lon": 25.898014911516384, "lat": 44.634577110928255, "elevation_m": 0.0, "distance_m": 17.920910291974444, "distance_km": 0.017920910291974443, "heading_deg": 352.23661928573199, "slope": 0.0, "slope_deg": 0.0 }, "geometry": { "type": "Point", "coordinates": [ 25.898014911516384, 44.634577110928255 ] } },
{ "type": "Feature", "properties": { "point_id": 7, "lon": 25.898011271120115, "lat": 44.634596112446637, "elevation_m": 0.0, "distance_m": 20.920910292835693, "distance_km": 0.020920910292835694, "heading_deg": 352.23661928854563, "slope": 0.0, "slope_deg": 0.0 }, "geometry": { "type": "Point", "coordinates": [ 25.898011271120115, 44.634596112446637 ] } },
{ "type": "Feature", "properties": { "point_id": 8, "lon": 25.898007630723843, "lat": 44.634615113958802, "elevation_m": 0.0, "distance_m": 23.920910292837057, "distance_km": 0.023920910292837057, "heading_deg": 352.23661929449037, "slope": 0.0, "slope_deg": 0.0 }, "geometry": { "type": "Point", "coordinates": [ 25.898007630723843, 44.634615113958802 ] } },
{ "type": "Feature", "properties": { "point_id": 9, "lon": 25.898003990327577, "lat": 44.634634115464735, "elevation_m": 0.0, "distance_m": 26.920910292775517, "distance_km": 0.026920910292775518, "heading_deg": 352.23661928775488, "slope": 0.0, "slope_deg": 0.0 }, "geometry": { "type": "Point", "coordinates": [ 25.898003990327577, 44.634634115464735 ] } },
{ "type": "Feature", "properties": { "point_id": 10, "lon": 25.898000349931305, "lat": 44.634653116964451, "elevation_m": 0.0, "distance_m": 29.920910292776881, "distance_km": 0.029920910292776881, "heading_deg": 352.23661929085051, "slope": 0.0, "slope_deg": 0.0 }, "geometry": { "type": "Point", "coordinates": [ 25.898000349931305, 44.634653116964451 ] } },
{ "type": "Feature", "properties": { "point_id": 11, "lon": 25.897996709535036, "lat": 44.634672118457942, "elevation_m": 0.0, "distance_m": 32.920910292715341, "distance_km": 0.032920910292715343, "heading_deg": 12.286924175299021, "slope": 0.0, "slope_deg": 0.0 }, "geometry": { "type": "Point", "coordinates": [ 25.897996709535036, 44.634672118457942 ] } },
{ "type": "Feature", "properties": { "point_id": 12, "lon": 25.898002375017768, "lat": 44.634690629165682, "elevation_m": 0.0, "distance_m": 35.884522191542757, "distance_km": 0.035884522191542756, "heading_deg": 16.240570700248384, "slope": 0.0, "slope_deg": 0.0 }, "geometry": { "type": "Point", "coordinates": [ 25.898002375017768, 44.634690629165682 ] } },
{ "type": "Feature", "properties": { "point_id": 13, "lon": 25.898009912001321, "lat": 44.634709041167127, "elevation_m": 0.0, "distance_m": 38.884522191617535, "distance_km": 0.038884522191617532, "heading_deg": 16.240570698687748, "slope": 0.0, "slope_deg": 0.0 }, "geometry": { "type": "Point", "coordinates": [ 25.898009912001321, 44.634709041167127 ] } },
{ "type": "Feature", "properties": { "point_id": 14, "lon": 25.89801744898487, "lat": 44.634727453162718, "elevation_m": 0.0, "distance_m": 41.884522191562077, "distance_km": 0.041884522191562079, "heading_deg": 16.240570712465399, "slope": 0.0, "slope_deg": 0.0 }, "geometry": { "type": "Point", "coordinates": [ 25.89801744898487, 44.634727453162718 ] } },
{ "type": "Feature", "properties": { "point_id": 15, "lon": 25.898024985968423, "lat": 44.634745865152468, "elevation_m": 0.0, "distance_m": 44.884522191636854, "distance_km": 0.044884522191636855, "heading_deg": 16.240570710601048, "slope": 0.0, "slope_deg": 0.0 }, "geometry": { "type": "Point", "coordinates": [ 25.898024985968423, 44.634745865152468 ] } },
{ "type": "Feature", "properties": { "point_id": 16, "lon": 25.898032522951979, "lat": 44.634764277136377, "elevation_m": 0.0, "distance_m": 47.884522191711632, "distance_km": 0.047884522191711631, "heading_deg": 16.240570702244554, "slope": 0.0, "slope_deg": 0.0 }, "geometry": { "type": "Point", "coordinates": [ 25.898032522951979, 44.634764277136377 ] } },
{ "type": "Feature", "properties": { "point_id": 17, "lon": 25.898040059935528, "lat": 44.634782689114445, "elevation_m": 0.0, "distance_m": 50.884522191656174, "distance_km": 0.050884522191656172, "heading_deg": 21.023048251247019, "slope": 0.0, "slope_deg": 0.0 }, "geometry": { "type": "Point", "coordinates": [ 25.898040059935528, 44.634782689114445 ] } },
{ "type": "Feature", "properties": { "point_id": 18, "lon": 25.898049600356554, "lat": 44.6348003537125, "elevation_m": 0.0, "distance_m": 53.844951405347615, "distance_km": 0.053844951405347612, "heading_deg": 39.089698271745362, "slope": 0.0, "slope_deg": 0.0 }, "geometry": { "type": "Point", "coordinates": [ 25.898049600356554, 44.6348003537125 ] } },
{ "type": "Feature", "properties": { "point_id": 19, "lon": 25.898066592969649, "lat": 44.634815238296056, "elevation_m": 0.0, "distance_m": 56.844951405580531, "distance_km": 0.056844951405580532, "heading_deg": 39.089698270330132, "slope": 0.0, "slope_deg": 0.0 }, "geometry": { "type": "Point", "coordinates": [ 25.898066592969649, 44.634815238296056 ] } },
{ "type": "Feature", "properties": { "point_id": 20, "lon": 25.898083585582736, "lat": 44.634830122875798, "elevation_m": 0.0, "distance_m": 59.844951404796973, "distance_km": 0.059844951404796974, "heading_deg": 39.089698255444887, "slope": 0.0, "slope_deg": 0.0 }, "geometry": { "type": "Point", "coordinates": [ 25.898083585582736, 44.634830122875798 ] } },
{ "type": "Feature", "properties": { "point_id": 21, "lon": 25.89810057819583, "lat": 44.634845007451737, "elevation_m": 0.0, "distance_m": 62.844951405029889, "distance_km": 0.062844951405029895, "heading_deg": 39.089698260021294, "slope": 0.0, "slope_deg": 0.0 }, "geometry": { "type": "Point", "coordinates": [ 25.89810057819583, 44.634845007451737 ] } },
{ "type": "Feature", "properties": { "point_id": 22, "lon": 25.898117570808918, "lat": 44.634859892023847, "elevation_m": 0.0, "distance_m": 65.84495140496918, "distance_km": 0.065844951404969182, "heading_deg": 39.089698261624392, "slope": 0.0, "slope_deg": 0.0 }, "geometry": { "type": "Point", "coordinates": [ 25.898117570808918, 44.634859892023847 ] } },
{ "type": "Feature", "properties": { "point_id": 23, "lon": 25.898134563422015, "lat": 44.634874776592142, "elevation_m": 0.0, "distance_m": 68.844951405202096, "distance_km": 0.068844951405202096, "heading_deg": 60.897028145136915, "slope": 0.0, "slope_deg": 0.0 }, "geometry": { "type": "Point", "coordinates": [ 25.898134563422015, 44.634874776592142 ] } },
{ "type": "Feature", "properties": { "point_id": 24, "lon": 25.898157572508172, "lat": 44.634883890924726, "elevation_m": 0.0, "distance_m": 71.776417338964578, "distance_km": 0.071776417338964574, "heading_deg": 67.76201299374145, "slope": 0.0, "slope_deg": 0.0 }, "geometry": { "type": "Point", "coordinates": [ 25.898157572508172, 44.634883890924726 ] } },
{ "type": "Feature", "properties": { "point_id": 25, "lon": 25.898182517464125, "lat": 44.634891148617207, "elevation_m": 0.0, "distance_m": 74.776417338897161, "distance_km": 0.074776417338897158, "heading_deg": 67.762013007914675, "slope": 0.0, "slope_deg": 0.0 }, "geometry": { "type": "Point", "coordinates": [ 25.898182517464125, 44.634891148617207 ] } },
{ "type": "Feature", "properties": { "point_id": 26, "lon": 25.898207462420078, "lat": 44.634898406308771, "elevation_m": 0.0, "distance_m": 77.776417338829745, "distance_km": 0.077776417338829743, "heading_deg": 68.764273242827585, "slope": 0.0, "slope_deg": 0.0 }, "geometry": { "type": "Point", "coordinates": [ 25.898207462420078, 44.634898406308771 ] } },
{ "type": "Feature", "properties": { "point_id": 27, "lon": 25.898232474238217, "lat": 44.634905322607253, "elevation_m": 0.0, "distance_m": 80.763552068833178, "distance_km": 0.080763552068833178, "heading_deg": 96.369830043425907, "slope": 0.0, "slope_deg": 0.0 }, "geometry": { "type": "Point", "coordinates": [ 25.898232474238217, 44.634905322607253 ] } },
{ "type": "Feature", "properties": { "point_id": 28, "lon": 25.898259257323151, "lat": 44.634903194979152, "elevation_m": 0.0, "distance_m": 83.763552068975955, "distance_km": 0.083763552068975955, "heading_deg": 96.369830040707086, "slope": 0.0, "slope_deg": 0.0 }, "geometry": { "type": "Point", "coordinates": [ 25.898259257323151, 44.634903194979152 ] } },
{ "type": "Feature", "properties": { "point_id": 29, "lon": 25.898286040408077, "lat": 44.634901067350981, "elevation_m": 0.0, "distance_m": 86.763552068759282, "distance_km": 0.086763552068759284, "heading_deg": 96.369830071262584, "slope": 0.0, "slope_deg": 0.0 }, "geometry": { "type": "Point", "coordinates": [ 25.898286040408077, 44.634901067350981 ] } },
{ "type": "Feature", "properties": { "point_id": 30, "lon": 25.898312823493011, "lat": 44.634898939722724, "elevation_m": 0.0, "distance_m": 89.763552068902058, "distance_km": 0.089763552068902061, "heading_deg": 96.369830040212094, "slope": 0.0, "slope_deg": 0.0 }, "geometry": { "type": "Point", "coordinates": [ 25.898312823493011, 44.634898939722724 ] } },
{ "type": "Feature", "properties": { "point_id": 31, "lon": 25.898339606577938, "lat": 44.634896812094397, "elevation_m": 0.0, "distance_m": 92.763552068582058, "distance_km": 0.092763552068582056, "heading_deg": 98.490912021732413, "slope": 0.0, "slope_deg": 0.0 }, "geometry": { "type": "Point", "coordinates": [ 25.898339606577938, 44.634896812094397 ] } },
{ "type": "Feature", "properties": { "point_id": 32, "lon": 25.898366203413111, "lat": 44.634893986611402, "elevation_m": 0.0, "distance_m": 95.757109789526481, "distance_km": 0.095757109789526479, "heading_deg": 105.13699471166944, "slope": 0.0, "slope_deg": 0.0 }, "geometry": { "type": "Point", "coordinates": [ 25.898366203413111, 44.634893986611402 ] } },
{ "type": "Feature", "properties": { "point_id": 33, "lon": 25.898392217838222, "lat": 44.634888978910375, "elevation_m": 0.0, "distance_m": 98.75710978947329, "distance_km": 0.098757109789473288, "heading_deg": 105.13699471852527, "slope": 0.0, "slope_deg": 0.0 }, "geometry": { "type": "Point", "coordinates": [ 25.898392217838222, 44.634888978910375 ] } },
{ "type": "Feature", "properties": { "point_id": 34, "lon": 25.898418232263335, "lat": 44.634883971208914, "elevation_m": 0.0, "distance_m": 101.7571097898696, "distance_km": 0.1017571097898696, "heading_deg": 105.13699472327124, "slope": 0.0, "slope_deg": 0.0 }, "geometry": { "type": "Point", "coordinates": [ 25.898418232263335, 44.634883971208914 ] } },
{ "type": "Feature", "properties": { "point_id": 35, "lon": 25.898444246688442, "lat": 44.63487896350702, "elevation_m": 0.0, "distance_m": 104.75710978981641, "distance_km": 0.10475710978981641, "heading_deg": 105.13699475023856, "slope": 0.0, "slope_deg": 0.0 }, "geometry": { "type": "Point", "coordinates": [ 25.898444246688442, 44.63487896350702 ] } },
{ "type": "Feature", "properties": { "point_id": 36, "lon": 25.898470261113552, "lat": 44.634873955804693, "elevation_m": 0.0, "distance_m": 107.75710978976322, "distance_km": 0.10775710978976322, "heading_deg": 105.13699470735446, "slope": 0.0, "slope_deg": 0.0 }, "geometry": { "type": "Point", "coordinates": [ 25.898470261113552, 44.634873955804693 ] } },
{ "type": "Feature", "properties": { "point_id": 37, "lon": 25.898496275538662, "lat": 44.634868948101939, "elevation_m": 0.0, "distance_m": 110.75710978971003, "distance_km": 0.11075710978971003, "heading_deg": 105.13699474526038, "slope": 0.0, "slope_deg": 0.0 }, "geometry": { "type": "Point", "coordinates": [ 25.898496275538662, 44.634868948101939 ] } },
{ "type": "Feature", "properties": { "point_id": 38, "lon": 25.898522289963768, "lat": 44.634863940398745, "elevation_m": 0.0, "distance_m": 113.75710978965684, "distance_km": 0.11375710978965684, "heading_deg": 105.13699474294333, "slope": 0.0, "slope_deg": 0.0 }, "geometry": { "type": "Point", "coordinates": [ 25.898522289963768, 44.634863940398745 ] } },
{ "type": "Feature", "properties": { "point_id": 39, "lon": 25.898548304388882, "lat": 44.634858932695124, "elevation_m": 0.0, "distance_m": 116.75710978960365, "distance_km": 0.11675710978960364, "heading_deg": 105.13699473110938, "slope": 0.0, "slope_deg": 0.0 }, "geometry": { "type": "Point", "coordinates": [ 25.898548304388882, 44.634858932695124 ] } },
{ "type": "Feature", "properties": { "point_id": 40, "lon": 25.898574318813989, "lat": 44.63485392499107, "elevation_m": 0.0, "distance_m": 119.75710978955046, "distance_km": 0.11975710978955045, "heading_deg": 105.13699472879239, "slope": 0.0, "slope_deg": 0.0 }, "geometry": { "type": "Point", "coordinates": [ 25.898574318813989, 44.63485392499107 ] } },
{ "type": "Feature", "properties": { "point_id": 41, "lon": 25.898600333239099, "lat": 44.634848917286583, "elevation_m": 0.0, "distance_m": 122.75710978949726, "distance_km": 0.12275710978949726, "heading_deg": 103.17382464922065, "slope": 0.0, "slope_deg": 0.0 }, "geometry": { "type": "Point", "coordinates": [ 25.898600333239099, 44.634848917286583 ] } },
{ "type": "Feature", "properties": { "point_id": 42, "lon": 25.898626428289397, "lat": 44.634844570863947, "elevation_m": 0.0, "distance_m": 125.74051142531074, "distance_km": 0.12574051142531073, "heading_deg": 84.780107730468899, "slope": 0.0, "slope_deg": 0.0 }, "geometry": { "type": "Point", "coordinates": [ 25.898626428289397, 44.634844570863947 ] } },
{ "type": "Feature", "properties": { "point_id": 43, "lon": 25.89865326598548, "lat": 44.63484631557089, "elevation_m": 0.0, "distance_m": 128.74051142548234, "distance_km": 0.12874051142548235, "heading_deg": 84.78010772519383, "slope": 0.0, "slope_deg": 0.0 }, "geometry": { "type": "Point", "coordinates": [ 25.89865326598548, 44.63484631557089 ] } },
{ "type": "Feature", "properties": { "point_id": 44, "lon": 25.89868010368156, "lat": 44.634848060277776, "elevation_m": 0.0, "distance_m": 131.74051142527492, "distance_km": 0.13174051142527493, "heading_deg": 84.780107721149136, "slope": 0.0, "slope_deg": 0.0 }, "geometry": { "type": "Point", "coordinates": [ 25.89868010368156, 44.634848060277776 ] } },
{ "type": "Feature", "properties": { "point_id": 45, "lon": 25.898706941377643, "lat": 44.634849804984619, "elevation_m": 0.0, "distance_m": 134.7405114254465, "distance_km": 0.13474051142544649, "heading_deg": 84.780107743033113, "slope": 0.0, "slope_deg": 0.0 }, "geometry": { "type": "Point", "coordinates": [ 25.898706941377643, 44.634849804984619 ] } },
{ "type": "Feature", "properties": { "point_id": 46, "lon": 25.898733779073719, "lat": 44.634851549691405, "elevation_m": 0.0, "distance_m": 137.74051142523908, "distance_km": 0.13774051142523908, "heading_deg": 84.780107759145153, "slope": 0.0, "slope_deg": 0.0 }, "geometry": { "type": "Point", "coordinates": [ 25.898733779073719, 44.634851549691405 ] } },
{ "type": "Feature", "properties": { "point_id": 47, "lon": 25.898760616769803, "lat": 44.634853294398127, "elevation_m": 0.0, "distance_m": 140.74051142541066, "distance_km": 0.14074051142541066, "heading_deg": 76.663236414532207, "slope": 0.0, "slope_deg": 0.0 }, "geometry": { "type": "Point", "coordinates": [ 25.898760616769803, 44.634853294398127 ] } },
{ "type": "Feature", "properties": { "point_id": 48, "lon": 25.898786033113218, "lat": 44.634857582056085, "elevation_m": 0.0, "distance_m": 143.64826474629461, "distance_km": 0.14364826474629461, "heading_deg": 51.840511618963319, "slope": 0.0, "slope_deg": 0.0 }, "geometry": { "type": "Point", "coordinates": [ 25.898786033113218, 44.634857582056085 ] } },
{ "type": "Feature", "properties": { "point_id": 49, "lon": 25.898807223311557, "lat": 44.634869430736067, "elevation_m": 0.0, "distance_m": 146.64826474614844, "distance_km": 0.14664826474614845, "heading_deg": 51.840511655719922, "slope": 0.0, "slope_deg": 0.0 }, "geometry": { "type": "Point", "coordinates": [ 25.898807223311557, 44.634869430736067 ] } },
{ "type": "Feature", "properties": { "point_id": 50, "lon": 25.898828413509897, "lat": 44.634881279413626, "elevation_m": 0.0, "distance_m": 149.64826474621154, "distance_km": 0.14964826474621154, "heading_deg": 51.840511597752879, "slope": 0.0, "slope_deg": 0.0 }, "geometry": { "type": "Point", "coordinates": [ 25.898828413509897, 44.634881279413626 ] } },
{ "type": "Feature", "properties": { "point_id": 51, "lon": 25.898849603708232, "lat": 44.634893128088784, "elevation_m": 0.0, "distance_m": 152.64826474627463, "distance_km": 0.15264826474627463, "heading_deg": 51.840511622859708, "slope": 0.0, "slope_deg": 0.0 }, "geometry": { "type": "Point", "coordinates": [ 25.898849603708232, 44.634893128088784 ] } },
{ "type": "Feature", "properties": { "point_id": 52, "lon": 25.898870793906568, "lat": 44.634904976761511, "elevation_m": 0.0, "distance_m": 155.64826474633773, "distance_km": 0.15564826474633772, "heading_deg": 51.840511644672631, "slope": 0.0, "slope_deg": 0.0 }, "geometry": { "type": "Point", "coordinates": [ 25.898870793906568, 44.634904976761511 ] } },
{ "type": "Feature", "properties": { "point_id": 53, "lon": 25.898891984104903, "lat": 44.634916825431809, "elevation_m": 0.0, "distance_m": 158.6482647458254, "distance_km": 0.15864826474582541, "heading_deg": 51.840511629126468, "slope": 0.0, "slope_deg": 0.0 }, "geometry": { "type": "Point", "coordinates": [ 25.898891984104903, 44.634916825431809 ] } },
{ "type": "Feature", "properties": { "point_id": 54, "lon": 25.898913174303246, "lat": 44.634928674099697, "elevation_m": 0.0, "distance_m": 161.64826474625465, "distance_km": 0.16164826474625466, "heading_deg": 51.840511620168058, "slope": 0.0, "slope_deg": 0.0 }, "geometry": { "type": "Point", "coordinates": [ 25.898913174303246, 44.634928674099697 ] } },
{ "type": "Feature", "properties": { "point_id": 55, "lon": 25.898934364501581, "lat": 44.63494052276517, "elevation_m": 0.0, "distance_m": 164.64826474631775, "distance_km": 0.16464826474631775, "heading_deg": 51.840511622859367, "slope": 0.0, "slope_deg": 0.0 }, "geometry": { "type": "Point", "coordinates": [ 25.898934364501581, 44.63494052276517 ] } },
{ "type": "Feature", "properties": { "point_id": 56, "lon": 25.898955554699921, "lat": 44.63495237142822, "elevation_m": 0.0, "distance_m": 167.64826474638085, "distance_km": 0.16764826474638084, "heading_deg": 16.800868835419692, "slope": 0.0, "slope_deg": 0.0 }, "geometry": { "type": "Point", "coordinates": [ 25.898955554699921, 44.63495237142822 ] } },
{ "type": "Feature", "properties": { "point_id": 57, "lon": 25.898963278685681, "lat": 44.634970575278835, "elevation_m": 0.0, "distance_m": 170.62297843807403, "distance_km": 0.17062297843807403, "heading_deg": 15.264664874644211, "slope": 0.0, "slope_deg": 0.0 }, "geometry": { "type": "Point", "coordinates": [ 25.898963278685681, 44.634970575278835 ] } },
{ "type": "Feature", "properties": { "point_id": 58, "lon": 25.898970373890222, "lat": 44.634989075868113, "elevation_m": 0.0, "distance_m": 173.62297843854458, "distance_km": 0.17362297843854457, "heading_deg": 15.264664890083111, "slope": 0.0, "slope_deg": 0.0 }, "geometry": { "type": "Point", "coordinates": [ 25.898970373890222, 44.634989075868113 ] } },
{ "type": "Feature", "properties": { "point_id": 59, "lon": 25.898977469094767, "lat": 44.635007576451486, "elevation_m": 0.0, "distance_m": 176.62297843811666, "distance_km": 0.17662297843811667, "heading_deg": 15.264664877464213, "slope": 0.0, "slope_deg": 0.0 }, "geometry": { "type": "Point", "coordinates": [ 25.898977469094767, 44.635007576451486 ] } },
{ "type": "Feature", "properties": { "point_id": 60, "lon": 25.898984564299308, "lat": 44.635026077028961, "elevation_m": 0.0, "distance_m": 179.62297843858721, "distance_km": 0.17962297843858721, "heading_deg": 15.264664873870515, "slope": 0.0, "slope_deg": 0.0 }, "geometry": { "type": "Point", "coordinates": [ 25.898984564299308, 44.635026077028961 ] } },
{ "type": "Feature", "properties": { "point_id": 61, "lon": 25.898991659503849, "lat": 44.635044577600539, "elevation_m": 0.0, "distance_m": 182.62297843815929, "distance_km": 0.18262297843815931, "heading_deg": 15.264664882785894, "slope": 0.0, "slope_deg": 0.0 }, "geometry": { "type": "Point", "coordinates": [ 25.898991659503849, 44.635044577600539 ] } },
{ "type": "Feature", "properties": { "point_id": 62, "lon": 25.898998754708391, "lat": 44.635063078166219, "elevation_m": 0.0, "distance_m": 185.62297843862984, "distance_km": 0.18562297843862985, "heading_deg": 321.16244723573976, "slope": 0.0, "slope_deg": 0.0 }, "geometry": { "type": "Point", "coordinates": [ 25.898998754708391, 44.635063078166219 ] } },
{ "type": "Feature", "properties": { "point_id": 63, "lon": 25.898982427113047, "lat": 44.635077509474847, "elevation_m": 0.0, "distance_m": 188.52129997511835, "distance_km": 0.18852129997511835, "heading_deg": 317.29552760800777, "slope": 0.0, "slope_deg": 0.0 }, "geometry": { "type": "Point", "coordinates": [ 25.898982427113047, 44.635077509474847 ] } },
{ "type": "Feature", "properties": { "point_id": 64, "lon": 25.898964149529004, "lat": 44.635091602007748, "elevation_m": 0.0, "distance_m": 191.52129997510482, "distance_km": 0.19152129997510484, "heading_deg": 317.29552756947101, "slope": 0.0, "slope_deg": 0.0 }, "geometry": { "type": "Point", "coordinates": [ 25.898964149529004, 44.635091602007748 ] } },
{ "type": "Feature", "properties": { "point_id": 65, "lon": 25.898945871944957, "lat": 44.635105694537224, "elevation_m": 0.0, "distance_m": 194.5212999750913, "distance_km": 0.19452129997509129, "heading_deg": 317.29552760182725, "slope": 0.0, "slope_deg": 0.0 }, "geometry": { "type": "Point", "coordinates": [ 25.898945871944957, 44.635105694537224 ] } },
{ "type": "Feature", "properties": { "point_id": 66, "lon": 25.898927594360909, "lat": 44.635119787063275, "elevation_m": 0.0, "distance_m": 197.52129997507777, "distance_km": 0.19752129997507778, "heading_deg": 306.08314122411377, "slope": 0.0, "slope_deg": 0.0 }, "geometry": { "type": "Point", "coordinates": [ 25.898927594360909, 44.635119787063275 ] } },
{ "type": "Feature", "properties": { "point_id": 67, "lon": 25.898907240953708, "lat": 44.635130342005382, "elevation_m": 0.0, "distance_m": 200.32485583901075, "distance_km": 0.20032485583901075, "heading_deg": 268.0312510125151, "slope": 0.0, "slope_deg": 0.0 }, "geometry": { "type": "Point", "coordinates": [ 25.898907240953708, 44.635130342005382 ] } },
{ "type": "Feature", "properties": { "point_id": 68, "lon": 25.898880307403232, "lat": 44.63512968318426, "elevation_m": 0.0, "distance_m": 203.32485583907649, "distance_km": 0.2033248558390765, "heading_deg": 268.03125098689935, "slope": 0.0, "slope_deg": 0.0 }, "geometry": { "type": "Point", "coordinates": [ 25.898880307403232, 44.63512968318426 ] } },
{ "type": "Feature", "properties": { "point_id": 69, "lon": 25.898853373852759, "lat": 44.635129024363138, "elevation_m": 0.0, "distance_m": 206.32485583911026, "distance_km": 0.20632485583911025, "heading_deg": 268.03125098120677, "slope": 0.0, "slope_deg": 0.0 }, "geometry": { "type": "Point", "coordinates": [ 25.898853373852759, 44.635129024363138 ] } },
{ "type": "Feature", "properties": { "point_id": 70, "lon": 25.898826440302283, "lat": 44.635128365541995, "elevation_m": 0.0, "distance_m": 209.324855839176, "distance_km": 0.20932485583917598, "heading_deg": 268.03125102253449, "slope": 0.0, "slope_deg": 0.0 }, "geometry": { "type": "Point", "coordinates": [ 25.898826440302283, 44.635128365541995 ] } },
{ "type": "Feature", "properties": { "point_id": 71, "lon": 25.898799506751807, "lat": 44.635127706720858, "elevation_m": 0.0, "distance_m": 212.32485583920976, "distance_km": 0.21232485583920976, "heading_deg": 268.03125101637727, "slope": 0.0, "slope_deg": 0.0 }, "geometry": { "type": "Point", "coordinates": [ 25.898799506751807, 44.635127706720858 ] } },
{ "type": "Feature", "properties": { "point_id": 72, "lon": 25.898772573201331, "lat": 44.635127047899708, "elevation_m": 0.0, "distance_m": 215.3248558392755, "distance_km": 0.21532485583927549, "heading_deg": 268.03125100998778, "slope": 0.0, "slope_deg": 0.0 }, "geometry": { "type": "Point", "coordinates": [ 25.898772573201331, 44.635127047899708 ] } },
{ "type": "Feature", "properties": { "point_id": 73, "lon": 25.898745639650858, "lat": 44.635126389078557, "elevation_m": 0.0, "distance_m": 218.32485583930927, "distance_km": 0.21832485583930927, "heading_deg": 268.03125099456588, "slope": 0.0, "slope_deg": 0.0 }, "geometry": { "type": "Point", "coordinates": [ 25.898745639650858, 44.635126389078557 ] } },
{ "type": "Feature", "properties": { "point_id": 74, "lon": 25.898718706100382, "lat": 44.635125730257386, "elevation_m": 0.0, "distance_m": 221.324855839375, "distance_km": 0.221324855839375, "heading_deg": 268.0312510263966, "slope": 0.0, "slope_deg": 0.0 }, "geometry": { "type": "Point", "coordinates": [ 25.898718706100382, 44.635125730257386 ] } },
{ "type": "Feature", "properties": { "point_id": 75, "lon": 25.898691772549906, "lat": 44.635125071436221, "elevation_m": 0.0, "distance_m": 224.32485583940877, "distance_km": 0.22432485583940878, "heading_deg": 268.03125097228985, "slope": 0.0, "slope_deg": 0.0 }, "geometry": { "type": "Point", "coordinates": [ 25.898691772549906, 44.635125071436221 ] } },
{ "type": "Feature", "properties": { "point_id": 76, "lon": 25.898664838999437, "lat": 44.635124412615028, "elevation_m": 0.0, "distance_m": 227.32485583900913, "distance_km": 0.22732485583900913, "heading_deg": 268.0312510328439, "slope": 0.0, "slope_deg": 0.0 }, "geometry": { "type": "Point", "coordinates": [ 25.898664838999437, 44.635124412615028 ] } },
{ "type": "Feature", "properties": { "point_id": 77, "lon": 25.898637905448965, "lat": 44.635123753793849, "elevation_m": 0.0, "distance_m": 230.3248558390429, "distance_km": 0.23032485583904289, "heading_deg": 268.03125101742205, "slope": 0.0, "slope_deg": 0.0 }, "geometry": { "type": "Point", "coordinates": [ 25.898637905448965, 44.635123753793849 ] } },
{ "type": "Feature", "properties": { "point_id": 78, "lon": 25.898610971898488, "lat": 44.635123094972663, "elevation_m": 0.0, "distance_m": 233.32485583907666, "distance_km": 0.23332485583907667, "heading_deg": 268.03125098277383, "slope": 0.0, "slope_deg": 0.0 }, "geometry": { "type": "Point", "coordinates": [ 25.898610971898488, 44.635123094972663 ] } },
{ "type": "Feature", "properties": { "point_id": 79, "lon": 25.898584038348012, "lat": 44.635122436151448, "elevation_m": 0.0, "distance_m": 236.3248558391424, "distance_km": 0.23632485583914239, "heading_deg": 268.03125102386929, "slope": 0.0, "slope_deg": 0.0 }, "geometry": { "type": "Point", "coordinates": [ 25.898584038348012, 44.635122436151448 ] } },
{ "type": "Feature", "properties": { "point_id": 80, "lon": 25.89855710479754, "lat": 44.635121777330248, "elevation_m": 0.0, "distance_m": 239.32485583917617, "distance_km": 0.23932485583917618, "heading_deg": 268.03125099895038, "slope": 0.0, "slope_deg": 0.0 }, "geometry": { "type": "Point", "coordinates": [ 25.89855710479754, 44.635121777330248 ] } },
{ "type": "Feature", "properties": { "point_id": 81, "lon": 25.898530171247064, "lat": 44.635121118509026, "elevation_m": 0.0, "distance_m": 242.32485583924191, "distance_km": 0.2423248558392419, "heading_deg": 268.03125102081958, "slope": 0.0, "slope_deg": 0.0 }, "geometry": { "type": "Point", "coordinates": [ 25.898530171247064, 44.635121118509026 ] } },
{ "type": "Feature", "properties": { "point_id": 82, "lon": 25.898503237696591, "lat": 44.635120459687805, "elevation_m": 0.0, "distance_m": 245.32485583927567, "distance_km": 0.24532485583927566, "heading_deg": 268.031250996133, "slope": 0.0, "slope_deg": 0.0 }, "geometry": { "type": "Point", "coordinates": [ 25.898503237696591, 44.635120459687805 ] } },
{ "type": "Feature", "properties": { "point_id": 83, "lon": 25.898476304146115, "lat": 44.635119800866569, "elevation_m": 0.0, "distance_m": 248.32485583934141, "distance_km": 0.24832485583934141, "heading_deg": 268.03125099947277, "slope": 0.0, "slope_deg": 0.0 }, "geometry": { "type": "Point", "coordinates": [ 25.898476304146115, 44.635119800866569 ] } },
{ "type": "Feature", "properties": { "point_id": 84, "lon": 25.898449370595639, "lat": 44.635119142045333, "elevation_m": 0.0, "distance_m": 251.32485583937518, "distance_km": 0.25132485583937519, "heading_deg": 268.03125101230955, "slope": 0.0, "slope_deg": 0.0 }, "geometry": { "type": "Point", "coordinates": [ 25.898449370595639, 44.635119142045333 ] } },
{ "type": "Feature", "properties": { "point_id": 85, "lon": 25.898422437045163, "lat": 44.635118483224083, "elevation_m": 0.0, "distance_m": 254.32485583944091, "distance_km": 0.25432485583944092, "heading_deg": 268.03125100568775, "slope": 0.0, "slope_deg": 0.0 }, "geometry": { "type": "Point", "coordinates": [ 25.898422437045163, 44.635118483224083 ] } },
{ "type": "Feature", "properties": { "point_id": 86, "lon": 25.898395503494694, "lat": 44.635117824402826, "elevation_m": 0.0, "distance_m": 257.32485583900927, "distance_km": 0.25732485583900927, "heading_deg": 268.03125099999511, "slope": 0.0, "slope_deg": 0.0 }, "geometry": { "type": "Point", "coordinates": [ 25.898395503494694, 44.635117824402826 ] } },
{ "type": "Feature", "properties": { "point_id": 87, "lon": 25.898368569944218, "lat": 44.635117165581562, "elevation_m": 0.0, "distance_m": 260.32485583907504, "distance_km": 0.26032485583907505, "heading_deg": 268.03125100310262, "slope": 0.0, "slope_deg": 0.0 }, "geometry": { "type": "Point", "coordinates": [ 25.898368569944218, 44.635117165581562 ] } },
{ "type": "Feature", "properties": { "point_id": 88, "lon": 25.898341636393745, "lat": 44.635116506760291, "elevation_m": 0.0, "distance_m": 263.32485583910881, "distance_km": 0.26332485583910881, "heading_deg": 268.03125098768072, "slope": 0.0, "slope_deg": 0.0 }, "geometry": { "type": "Point", "coordinates": [ 25.898341636393745, 44.635116506760291 ] } },
{ "type": "Feature", "properties": { "point_id": 89, "lon": 25.898314702843269, "lat": 44.635115847939012, "elevation_m": 0.0, "distance_m": 266.32485583917457, "distance_km": 0.26632485583917459, "heading_deg": 268.03125101001444, "slope": 0.0, "slope_deg": 0.0 }, "geometry": { "type": "Point", "coordinates": [ 25.898314702843269, 44.635115847939012 ] } },
{ "type": "Feature", "properties": { "point_id": 90, "lon": 25.898287769292793, "lat": 44.635115189117734, "elevation_m": 0.0, "distance_m": 269.32485583920834, "distance_km": 0.26932485583920834, "heading_deg": 268.03125100362496, "slope": 0.0, "slope_deg": 0.0 }, "geometry": { "type": "Point", "coordinates": [ 25.898287769292793, 44.635115189117734 ] } },
{ "type": "Feature", "properties": { "point_id": 91, "lon": 25.89826083574232, "lat": 44.635114530296441, "elevation_m": 0.0, "distance_m": 272.32485583927411, "distance_km": 0.27232485583927413, "heading_deg": 268.03125099770006, "slope": 0.0, "slope_deg": 0.0 }, "geometry": { "type": "Point", "coordinates": [ 25.89826083574232, 44.635114530296441 ] } },
{ "type": "Feature", "properties": { "point_id": 92, "lon": 25.898233902191844, "lat": 44.635113871475141, "elevation_m": 0.0, "distance_m": 275.32485583930787, "distance_km": 0.27532485583930788, "heading_deg": 268.03125101007225, "slope": 0.0, "slope_deg": 0.0 }, "geometry": { "type": "Point", "coordinates": [ 25.898233902191844, 44.635113871475141 ] } },
{ "type": "Feature", "properties": { "point_id": 93, "lon": 25.898206968641372, "lat": 44.635113212653835, "elevation_m": 0.0, "distance_m": 278.32485583937364, "distance_km": 0.27832485583937366, "heading_deg": 268.03125100437967, "slope": 0.0, "slope_deg": 0.0 }, "geometry": { "type": "Point", "coordinates": [ 25.898206968641372, 44.635113212653835 ] } },
{ "type": "Feature", "properties": { "point_id": 94, "lon": 25.898180035090896, "lat": 44.635112553832521, "elevation_m": 0.0, "distance_m": 281.32485583940741, "distance_km": 0.28132485583940742, "heading_deg": 268.03125097899613, "slope": 0.0, "slope_deg": 0.0 }, "geometry": { "type": "Point", "coordinates": [ 25.898180035090896, 44.635112553832521 ] } },
{ "type": "Feature", "properties": { "point_id": 95, "lon": 25.898153101540423, "lat": 44.635111895011192, "elevation_m": 0.0, "distance_m": 284.3248558390078, "distance_km": 0.2843248558390078, "heading_deg": 268.03125103005317, "slope": 0.0, "slope_deg": 0.0 }, "geometry": { "type": "Point", "coordinates": [ 25.898153101540423, 44.635111895011192 ] } },
{ "type": "Feature", "properties": { "point_id": 96, "lon": 25.898126167989947, "lat": 44.635111236189871, "elevation_m": 0.0, "distance_m": 287.32485583904156, "distance_km": 0.28732485583904155, "heading_deg": 268.03125099517274, "slope": 0.0, "slope_deg": 0.0 }, "geometry": { "type": "Point", "coordinates": [ 25.898126167989947, 44.635111236189871 ] } },
{ "type": "Feature", "properties": { "point_id": 97, "lon": 25.898099234439474, "lat": 44.635110577368529, "elevation_m": 0.0, "distance_m": 290.32485583910733, "distance_km": 0.29032485583910733, "heading_deg": 268.03125102723573, "slope": 0.0, "slope_deg": 0.0 }, "geometry": { "type": "Point", "coordinates": [ 25.898099234439474, 44.635110577368529 ] } },
{ "type": "Feature", "properties": { "point_id": 98, "lon": 25.898072300888998, "lat": 44.635109918547187, "elevation_m": 0.0, "distance_m": 293.32485583914109, "distance_km": 0.29332485583914109, "heading_deg": 268.03125101134924, "slope": 0.0, "slope_deg": 0.0 }, "geometry": { "type": "Point", "coordinates": [ 25.898072300888998, 44.635109918547187 ] } },
{ "type": "Feature", "properties": { "point_id": 99, "lon": 25.898045367338526, "lat": 44.635109259725837, "elevation_m": 0.0, "distance_m": 296.32485583920686, "distance_km": 0.29632485583920687, "heading_deg": 268.03125100542434, "slope": 0.0, "slope_deg": 0.0 }, "geometry": { "type": "Point", "coordinates": [ 25.898045367338526, 44.635109259725837 ] } },
{ "type": "Feature", "properties": { "point_id": 100, "lon": 25.898018433788049, "lat": 44.635108600904481, "elevation_m": 0.0, "distance_m": 299.32485583924063, "distance_km": 0.29932485583924062, "heading_deg": 268.03125098977017, "slope": 0.0, "slope_deg": 0.0 }, "geometry": { "type": "Point", "coordinates": [ 25.898018433788049, 44.635108600904481 ] } },
{ "type": "Feature", "properties": { "point_id": 101, "lon": 25.897991500237573, "lat": 44.63510794208311, "elevation_m": 0.0, "distance_m": 302.32485583930639, "distance_km": 0.30232485583930641, "heading_deg": 268.03125102136863, "slope": 0.0, "slope_deg": 0.0 }, "geometry": { "type": "Point", "coordinates": [ 25.897991500237573, 44.63510794208311 ] } },
{ "type": "Feature", "properties": { "point_id": 102, "lon": 25.897964566687101, "lat": 44.635107283261739, "elevation_m": 0.0, "distance_m": 305.32485583934016, "distance_km": 0.30532485583934016, "heading_deg": 268.03125100594673, "slope": 0.0, "slope_deg": 0.0 }, "geometry": { "type": "Point", "coordinates": [ 25.897964566687101, 44.635107283261739 ] } },
{ "type": "Feature", "properties": { "point_id": 103, "lon": 25.897937633136625, "lat": 44.635106624440354, "elevation_m": 0.0, "distance_m": 308.32485583940593, "distance_km": 0.30832485583940594, "heading_deg": 268.03125098056324, "slope": 0.0, "slope_deg": 0.0 }, "geometry": { "type": "Point", "coordinates": [ 25.897937633136625, 44.635106624440354 ] } },
{ "type": "Feature", "properties": { "point_id": 104, "lon": 25.897910699586152, "lat": 44.635105965618962, "elevation_m": 0.0, "distance_m": 311.32485583943969, "distance_km": 0.3113248558394397, "heading_deg": 268.0312509931677, "slope": 0.0, "slope_deg": 0.0 }, "geometry": { "type": "Point", "coordinates": [ 25.897910699586152, 44.635105965618962 ] } },
{ "type": "Feature", "properties": { "point_id": 105, "lon": 25.89788376603568, "lat": 44.635105306797563, "elevation_m": 0.0, "distance_m": 314.32485583904008, "distance_km": 0.31432485583904007, "heading_deg": 261.25626474164284, "slope": 0.0, "slope_deg": 0.0 }, "geometry": { "type": "Point", "coordinates": [ 25.89788376603568, 44.635105306797563 ] } },
{ "type": "Feature", "properties": { "point_id": 106, "lon": 25.897857165745336, "lat": 44.635102395514757, "elevation_m": 0.0, "distance_m": 317.32080520011692, "distance_km": 0.31732080520011691, "heading_deg": 259.94847732665045, "slope": 0.0, "slope_deg": 0.0 }, "geometry": { "type": "Point", "coordinates": [ 25.897857165745336, 44.635102395514757 ] } },
{ "type": "Feature", "properties": { "point_id": 107, "lon": 25.897830629929334, "lat": 44.63509904845818, "elevation_m": 0.0, "distance_m": 320.32080520016035, "distance_km": 0.32032080520016037, "heading_deg": 259.9484773132798, "slope": 0.0, "slope_deg": 0.0 }, "geometry": { "type": "Point", "coordinates": [ 25.897830629929334, 44.63509904845818 ] } },
{ "type": "Feature", "properties": { "point_id": 108, "lon": 25.897804094113333, "lat": 44.635095701401411, "elevation_m": 0.0, "distance_m": 323.32080520004126, "distance_km": 0.32332080520004125, "heading_deg": 259.94847733851623, "slope": 0.0, "slope_deg": 0.0 }, "geometry": { "type": "Point", "coordinates": [ 25.897804094113333, 44.635095701401411 ] } },
{ "type": "Feature", "properties": { "point_id": 109, "lon": 25.897777558297332, "lat": 44.635092354344451, "elevation_m": 0.0, "distance_m": 326.32080520008469, "distance_km": 0.32632080520008472, "heading_deg": 249.0780237968435, "slope": 0.0, "slope_deg": 0.0 }, "geometry": { "type": "Point", "coordinates": [ 25.897777558297332, 44.635092354344451 ] } },
{ "type": "Feature", "properties": { "point_id": 110, "lon": 25.897753689861457, "lat": 44.635085861056929, "elevation_m": 0.0, "distance_m": 329.16537698901118, "distance_km": 0.32916537698901116, "heading_deg": 217.84701626069773, "slope": 0.0, "slope_deg": 0.0 }, "geometry": { "type": "Point", "coordinates": [ 25.897753689861457, 44.635085861056929 ] } },
{ "type": "Feature", "properties": { "point_id": 111, "lon": 25.89773715488214, "lat": 44.63507071780225, "elevation_m": 0.0, "distance_m": 332.1653769887231, "distance_km": 0.33216537698872312, "heading_deg": 217.84701627451929, "slope": 0.0, "slope_deg": 0.0 }, "geometry": { "type": "Point", "coordinates": [ 25.89773715488214, 44.63507071780225 ] } },
{ "type": "Feature", "properties": { "point_id": 112, "lon": 25.897720619902817, "lat": 44.635055574543621, "elevation_m": 0.0, "distance_m": 335.16537698843501, "distance_km": 0.33516537698843502, "heading_deg": 213.05719420431362, "slope": 0.0, "slope_deg": 0.0 }, "geometry": { "type": "Point", "coordinates": [ 25.897720619902817, 44.635055574543621 ] } },
{ "type": "Feature", "properties": { "point_id": 113, "lon": 25.897706076270492, "lat": 44.635039672949134, "elevation_m": 0.0, "distance_m": 338.13340880507474, "distance_km": 0.33813340880507475, "heading_deg": 198.46025230238811, "slope": 0.0, "slope_deg": 0.0 }, "geometry": { "type": "Point", "coordinates": [ 25.897706076270492, 44.635039672949134 ] } },
{ "type": "Feature", "properties": { "point_id": 114, "lon": 25.897697542814686, "lat": 44.635021482593018, "elevation_m": 0.0, "distance_m": 341.13340880467814, "distance_km": 0.34113340880467813, "heading_deg": 198.46025231411883, "slope": 0.0, "slope_deg": 0.0 }, "geometry": { "type": "Point", "coordinates": [ 25.897697542814686, 44.635021482593018 ] } },
{ "type": "Feature", "properties": { "point_id": 115, "lon": 25.897689009358878, "lat": 44.635003292231197, "elevation_m": 0.0, "distance_m": 344.13340880516495, "distance_km": 0.34413340880516496, "heading_deg": 198.46025229758044, "slope": 0.0, "slope_deg": 0.0 }, "geometry": { "type": "Point", "coordinates": [ 25.897689009358878, 44.635003292231197 ] } },
{ "type": "Feature", "properties": { "point_id": 116, "lon": 25.897680475903076, "lat": 44.634985101863677, "elevation_m": 0.0, "distance_m": 347.1334088046209, "distance_km": 0.3471334088046209, "heading_deg": 197.35585866595505, "slope": 0.0, "slope_deg": 0.0 }, "geometry": { "type": "Point", "coordinates": [ 25.897680475903076, 44.634985101863677 ] } },
{ "type": "Feature", "properties": { "point_id": 117, "lon": 25.897672458487246, "lat": 44.634966847364659, "elevation_m": 0.0, "distance_m": 350.12529011825899, "distance_km": 0.35012529011825899, "heading_deg": 181.35093174218377, "slope": 0.0, "slope_deg": 0.0 }, "geometry": { "type": "Point", "coordinates": [ 25.897672458487246, 44.634966847364659 ] } },
{ "type": "Feature", "properties": { "point_id": 118, "lon": 25.897671823126316, "lat": 44.634947675527258, "elevation_m": 0.0, "distance_m": 353.12529011838626, "distance_km": 0.35312529011838628, "heading_deg": 181.35093176278733, "slope": 0.0, "slope_deg": 0.0 }, "geometry": { "type": "Point", "coordinates": [ 25.897671823126316, 44.634947675527258 ] } },
{ "type": "Feature", "properties": { "point_id": 119, "lon": 25.897671187765379, "lat": 44.634928503683518, "elevation_m": 0.0, "distance_m": 356.12529011851353, "distance_km": 0.35612529011851352, "heading_deg": 181.35093174170999, "slope": 0.0, "slope_deg": 0.0 }, "geometry": { "type": "Point", "coordinates": [ 25.897671187765379, 44.634928503683518 ] } },
{ "type": "Feature", "properties": { "point_id": 120, "lon": 25.897670552404449, "lat": 44.634909331833448, "elevation_m": 0.0, "distance_m": 359.12529011862983, "distance_km": 0.35912529011862981, "heading_deg": 181.35093174856925, "slope": 0.0, "slope_deg": 0.0 }, "geometry": { "type": "Point", "coordinates": [ 25.897670552404449, 44.634909331833448 ] } },
{ "type": "Feature", "properties": { "point_id": 121, "lon": 25.897669917043515, "lat": 44.63489015997704, "elevation_m": 0.0, "distance_m": 362.12529011875711, "distance_km": 0.3621252901187571, "heading_deg": 181.35093174956455, "slope": 0.0, "slope_deg": 0.0 }, "geometry": { "type": "Point", "coordinates": [ 25.897669917043515, 44.63489015997704 ] } },
{ "type": "Feature", "properties": { "point_id": 122, "lon": 25.897669281682582, "lat": 44.634870988114308, "elevation_m": 0.0, "distance_m": 365.12529011888438, "distance_km": 0.36512529011888439, "heading_deg": 181.35093175552768, "slope": 0.0, "slope_deg": 0.0 }, "geometry": { "type": "Point", "coordinates": [ 25.897669281682582, 44.634870988114308 ] } },
{ "type": "Feature", "properties": { "point_id": 123, "lon": 25.897668646321648, "lat": 44.634851816245238, "elevation_m": 0.0, "distance_m": 368.12529011808061, "distance_km": 0.36812529011808059, "heading_deg": 181.35093175517878, "slope": 0.0, "slope_deg": 0.0 }, "geometry": { "type": "Point", "coordinates": [ 25.897668646321648, 44.634851816245238 ] } },
{ "type": "Feature", "properties": { "point_id": 124, "lon": 25.897668010960711, "lat": 44.63483264436983, "elevation_m": 0.0, "distance_m": 371.12529011820789, "distance_km": 0.37112529011820788, "heading_deg": 181.35093174896585, "slope": 0.0, "slope_deg": 0.0 }, "geometry": { "type": "Point", "coordinates": [ 25.897668010960711, 44.63483264436983 ] } },
{ "type": "Feature", "properties": { "point_id": 125, "lon": 25.897667375599777, "lat": 44.634813472488091, "elevation_m": 0.0, "distance_m": 374.12529011833516, "distance_km": 0.37412529011833517, "heading_deg": 181.35093174861692, "slope": 0.0, "slope_deg": 0.0 }, "geometry": { "type": "Point", "coordinates": [ 25.897667375599777, 44.634813472488091 ] } },
{ "type": "Feature", "properties": { "point_id": 126, "lon": 25.897666740238844, "lat": 44.634794300600014, "elevation_m": 0.0, "distance_m": 377.12529011846243, "distance_km": 0.37712529011846241, "heading_deg": 181.3509317557002, "slope": 0.0, "slope_deg": 0.0 }, "geometry": { "type": "Point", "coordinates": [ 25.897666740238844, 44.634794300600014 ] } },
{ "type": "Feature", "properties": { "point_id": 127, "lon": 25.89766610487791, "lat": 44.634775128705606, "elevation_m": 0.0, "distance_m": 380.1252901185897, "distance_km": 0.3801252901185897, "heading_deg": 181.3509317490392, "slope": 0.0, "slope_deg": 0.0 }, "geometry": { "type": "Point", "coordinates": [ 25.89766610487791, 44.634775128705606 ] } },
{ "type": "Feature", "properties": { "point_id": 128, "lon": 25.897665469516976, "lat": 44.634755956804867, "elevation_m": 0.0, "distance_m": 383.12529011871698, "distance_km": 0.38312529011871699, "heading_deg": 181.3509317554504, "slope": 0.0, "slope_deg": 0.0 }, "geometry": { "type": "Point", "coordinates": [ 25.897665469516976, 44.634755956804867 ] } },
{ "type": "Feature", "properties": { "point_id": 129, "lon": 25.897664834156039, "lat": 44.63473678489779, "elevation_m": 0.0, "distance_m": 386.12529011884425, "distance_km": 0.38612529011884422, "heading_deg": 181.35093174292541, "slope": 0.0, "slope_deg": 0.0 }, "geometry": { "type": "Point", "coordinates": [ 25.897664834156039, 44.63473678489779 ] } },
{ "type": "Feature", "properties": { "point_id": 130, "lon": 25.897664198795109, "lat": 44.634717612984389, "elevation_m": 0.0, "distance_m": 389.12529011804048, "distance_km": 0.38912529011804048, "heading_deg": 181.35093175497653, "slope": 0.0, "slope_deg": 0.0 }, "geometry": { "type": "Point", "coordinates": [ 25.897664198795109, 44.634717612984389 ] } },
{ "type": "Feature", "properties": { "point_id": 131, "lon": 25.897663563434175, "lat": 44.634698441064643, "elevation_m": 0.0, "distance_m": 392.12529011816775, "distance_km": 0.39212529011816777, "heading_deg": 181.35093174898762, "slope": 0.0, "slope_deg": 0.0 }, "geometry": { "type": "Point", "coordinates": [ 25.897663563434175, 44.634698441064643 ] } },
{ "type": "Feature", "properties": { "point_id": 132, "lon": 25.897662928073242, "lat": 44.634679269138566, "elevation_m": 0.0, "distance_m": 395.12529011828406, "distance_km": 0.39512529011828407, "heading_deg": 181.35093174908673, "slope": 0.0, "slope_deg": 0.0 }, "geometry": { "type": "Point", "coordinates": [ 25.897662928073242, 44.634679269138566 ] } },
{ "type": "Feature", "properties": { "point_id": 133, "lon": 25.897662292712308, "lat": 44.634660097206158, "elevation_m": 0.0, "distance_m": 398.12529011841133, "distance_km": 0.3981252901184113, "heading_deg": 181.3509317482897, "slope": 0.0, "slope_deg": 0.0 }, "geometry": { "type": "Point", "coordinates": [ 25.897662292712308, 44.634660097206158 ] } },
{ "type": "Feature", "properties": { "point_id": 134, "lon": 25.897661657351374, "lat": 44.634640925267405, "elevation_m": 0.0, "distance_m": 401.1252901185386, "distance_km": 0.40112529011853859, "heading_deg": 181.35093175537295, "slope": 0.0, "slope_deg": 0.0 }, "geometry": { "type": "Point", "coordinates": [ 25.897661657351374, 44.634640925267405 ] } },
{ "type": "Feature", "properties": { "point_id": 135, "lon": 25.897661021990441, "lat": 44.634621753322328, "elevation_m": 0.0, "distance_m": 404.12529011866587, "distance_km": 0.40412529011866588, "heading_deg": 181.35093174893595, "slope": 0.0, "slope_deg": 0.0 }, "geometry": { "type": "Point", "coordinates": [ 25.897661021990441, 44.634621753322328 ] } },
{ "type": "Feature", "properties": { "point_id": 136, "lon": 25.897660386629507, "lat": 44.63460258137092, "elevation_m": 0.0, "distance_m": 407.12529011879315, "distance_km": 0.40712529011879317, "heading_deg": 181.35093175557117, "slope": 0.0, "slope_deg": 0.0 }, "geometry": { "type": "Point", "coordinates": [ 25.897660386629507, 44.63460258137092 ] } },
{ "type": "Feature", "properties": { "point_id": 137, "lon": 25.89765975126857, "lat": 44.634583409413167, "elevation_m": 0.0, "distance_m": 410.12529011892042, "distance_km": 0.4101252901189204, "heading_deg": 181.35093174935815, "slope": 0.0, "slope_deg": 0.0 }, "geometry": { "type": "Point", "coordinates": [ 25.89765975126857, 44.634583409413167 ] } },
{ "type": "Feature", "properties": { "point_id": 138, "lon": 25.897659115907636, "lat": 44.634564237449098, "elevation_m": 0.0, "distance_m": 413.12529011811665, "distance_km": 0.41312529011811666, "heading_deg": 181.35093175554528, "slope": 0.0, "slope_deg": 0.0 }, "geometry": { "type": "Point", "coordinates": [ 25.897659115907636, 44.634564237449098 ] } },
{ "type": "Feature", "properties": { "point_id": 139, "lon": 25.897658480546703, "lat": 44.634545065478683, "elevation_m": 0.0, "distance_m": 416.12529011824392, "distance_km": 0.41612529011824395, "heading_deg": 202.27380154982924, "slope": 0.0, "slope_deg": 0.0 }, "geometry": { "type": "Point", "coordinates": [ 25.897658480546703, 44.634545065478683 ] } },
{ "type": "Feature", "properties": { "point_id": 140, "lon": 25.89764879534016, "lat": 44.634528239086492, "elevation_m": 0.0, "distance_m": 418.96977126426287, "distance_km": 0.41896977126426288, "heading_deg": 218.67506584240911, "slope": 0.0, "slope_deg": 0.0 }, "geometry": { "type": "Point", "coordinates": [ 25.89764879534016, 44.634528239086492 ] } },
{ "type": "Feature", "properties": { "point_id": 141, "lon": 25.897631954545744, "lat": 44.634513267311206, "elevation_m": 0.0, "distance_m": 421.9697712637913, "distance_km": 0.42196977126379132, "heading_deg": 218.67506583849487, "slope": 0.0, "slope_deg": 0.0 }, "geometry": { "type": "Point", "coordinates": [ 25.897631954545744, 44.634513267311206 ] } },
{ "type": "Feature", "properties": { "point_id": 142, "lon": 25.897615113751325, "lat": 44.634498295532048, "elevation_m": 0.0, "distance_m": 424.96977126404681, "distance_km": 0.42496977126404684, "heading_deg": 218.67506583589864, "slope": 0.0, "slope_deg": 0.0 }, "geometry": { "type": "Point", "coordinates": [ 25.897615113751325, 44.634498295532048 ] } },
{ "type": "Feature", "properties": { "point_id": 143, "lon": 25.897598272956909, "lat": 44.634483323749031, "elevation_m": 0.0, "distance_m": 427.96977126430232, "distance_km": 0.4279697712643023, "heading_deg": 218.67506585639586, "slope": 0.0, "slope_deg": 0.0 }, "geometry": { "type": "Point", "coordinates": [ 25.897598272956909, 44.634483323749031 ] } },
{ "type": "Feature", "properties": { "point_id": 144, "lon": 25.897581432162493, "lat": 44.634468351962155, "elevation_m": 0.0, "distance_m": 430.96977126383075, "distance_km": 0.43096977126383074, "heading_deg": 161.57064441473983, "slope": 0.0, "slope_deg": 0.0 }, "geometry": { "type": "Point", "coordinates": [ 25.897581432162493, 44.634468351962155 ] } },
{ "type": "Feature", "properties": { "point_id": 145, "lon": 25.897585388357818, "lat": 44.634459903484334, "elevation_m": 0.0, "distance_m": 432.36285165007894, "distance_km": 0.43236285165007893, "heading_deg": 93.750331165016121, "slope": 0.0, "slope_deg": 0.0 }, "geometry": { "type": "Point", "coordinates": [ 25.897585388357818, 44.634459903484334 ] } },
{ "type": "Feature", "properties": { "point_id": 146, "lon": 25.897612280105005, "lat": 44.634458649113036, "elevation_m": 0.0, "distance_m": 435.36285165039794, "distance_km": 0.43536285165039795, "heading_deg": 93.75033108418279, "slope": 0.0, "slope_deg": 0.0 }, "geometry": { "type": "Point", "coordinates": [ 25.897612280105005, 44.634458649113036 ] } },
{ "type": "Feature", "properties": { "point_id": 147, "lon": 25.897639171852191, "lat": 44.63445739474173, "elevation_m": 0.0, "distance_m": 438.36285165019132, "distance_km": 0.43836285165019134, "heading_deg": 93.750331135657177, "slope": 0.0, "slope_deg": 0.0 }, "geometry": { "type": "Point", "coordinates": [ 25.897639171852191, 44.63445739474173 ] } },
{ "type": "Feature", "properties": { "point_id": 148, "lon": 25.897666063599381, "lat": 44.634456140370382, "elevation_m": 0.0, "distance_m": 441.36285165044939, "distance_km": 0.44136285165044936, "heading_deg": 93.750331102676853, "slope": 0.0, "slope_deg": 0.0 }, "geometry": { "type": "Point", "coordinates": [ 25.897666063599381, 44.634456140370382 ] } },
{ "type": "Feature", "properties": { "point_id": 149, "lon": 25.897692955346567, "lat": 44.634454885999013, "elevation_m": 0.0, "distance_m": 444.36285165024276, "distance_km": 0.44436285165024275, "heading_deg": 93.750331097258368, "slope": 0.0, "slope_deg": 0.0 }, "geometry": { "type": "Point", "coordinates": [ 25.897692955346567, 44.634454885999013 ] } },
{ "type": "Feature", "properties": { "point_id": 150, "lon": 25.897719847093757, "lat": 44.634453631627622, "elevation_m": 0.0, "distance_m": 447.36285165003613, "distance_km": 0.44736285165003614, "heading_deg": 93.750331121170916, "slope": 0.0, "slope_deg": 0.0 }, "geometry": { "type": "Point", "coordinates": [ 25.897719847093757, 44.634453631627622 ] } },
{ "type": "Feature", "properties": { "point_id": 151, "lon": 25.897746738840944, "lat": 44.634452377256203, "elevation_m": 0.0, "distance_m": 450.36285165035514, "distance_km": 0.45036285165035517, "heading_deg": 93.750331078266186, "slope": 0.0, "slope_deg": 0.0 }, "geometry": { "type": "Point", "coordinates": [ 25.897746738840944, 44.634452377256203 ] } },
{ "type": "Feature", "properties": { "point_id": 152, "lon": 25.89777363058813, "lat": 44.634451122884755, "elevation_m": 0.0, "distance_m": 453.36285165014851, "distance_km": 0.4533628516501485, "heading_deg": 93.750331139222681, "slope": 0.0, "slope_deg": 0.0 }, "geometry": { "type": "Point", "coordinates": [ 25.89777363058813, 44.634451122884755 ] } },
{ "type": "Feature", "properties": { "point_id": 153, "lon": 25.89780052233532, "lat": 44.634449868513272, "elevation_m": 0.0, "distance_m": 456.36285165040658, "distance_km": 0.45636285165040658, "heading_deg": 93.750331096760249, "slope": 0.0, "slope_deg": 0.0 }, "geometry": { "type": "Point", "coordinates": [ 25.89780052233532, 44.634449868513272 ] } },
{ "type": "Feature", "properties": { "point_id": 154, "lon": 25.897827414082506, "lat": 44.634448614141775, "elevation_m": 0.0, "distance_m": 459.36285165019996, "distance_km": 0.45936285165019997, "heading_deg": 93.75033110126617, "slope": 0.0, "slope_deg": 0.0 }, "geometry": { "type": "Point", "coordinates": [ 25.897827414082506, 44.634448614141775 ] } },
{ "type": "Feature", "properties": { "point_id": 155, "lon": 25.897854305829693, "lat": 44.634447359770242, "elevation_m": 0.0, "distance_m": 462.36285164999333, "distance_km": 0.46236285164999336, "heading_deg": 93.750331086365577, "slope": 0.0, "slope_deg": 0.0 }, "geometry": { "type": "Point", "coordinates": [ 25.897854305829693, 44.634447359770242 ] } },
{ "type": "Feature", "properties": { "point_id": 156, "lon": 25.897881197576883, "lat": 44.634446105398688, "elevation_m": 0.0, "distance_m": 465.36285165031234, "distance_km": 0.46536285165031233, "heading_deg": 93.750331139166803, "slope": 0.0, "slope_deg": 0.0 }, "geometry": { "type": "Point", "coordinates": [ 25.897881197576883, 44.634446105398688 ] } },
{ "type": "Feature", "properties": { "point_id": 157, "lon": 25.897908089324066, "lat": 44.634444851027098, "elevation_m": 0.0, "distance_m": 468.36285165010571, "distance_km": 0.46836285165010572, "heading_deg": 93.750331123823912, "slope": 0.0, "slope_deg": 0.0 }, "geometry": { "type": "Point", "coordinates": [ 25.897908089324066, 44.634444851027098 ] } },
{ "type": "Feature", "properties": { "point_id": 158, "lon": 25.897934981071256, "lat": 44.63444359665548, "elevation_m": 0.0, "distance_m": 471.36285165036378, "distance_km": 0.47136285165036379, "heading_deg": 93.750331090843588, "slope": 0.0, "slope_deg": 0.0 }, "geometry": { "type": "Point", "coordinates": [ 25.897934981071256, 44.63444359665548 ] } },
{ "type": "Feature", "properties": { "point_id": 159, "lon": 25.897961872818442, "lat": 44.634442342283847, "elevation_m": 0.0, "distance_m": 474.36285165015715, "distance_km": 0.47436285165015718, "heading_deg": 93.750331104389375, "slope": 0.0, "slope_deg": 0.0 }, "geometry": { "type": "Point", "coordinates": [ 25.897961872818442, 44.634442342283847 ] } },
{ "type": "Feature", "properties": { "point_id": 160, "lon": 25.897988764565632, "lat": 44.634441087912187, "elevation_m": 0.0, "distance_m": 477.36285165041522, "distance_km": 0.4773628516504152, "heading_deg": 90.507407286011812, "slope": 0.0, "slope_deg": 0.0 }, "geometry": { "type": "Point", "coordinates": [ 25.897988764565632, 44.634441087912187 ] } },
{ "type": "Feature", "properties": { "point_id": 161, "lon": 25.898015608117454, "lat": 44.63444091873891, "elevation_m": 0.0, "distance_m": 480.35117935771592, "distance_km": 0.48035117935771593, "heading_deg": 82.629367581378517, "slope": 0.0, "slope_deg": 0.0 }, "geometry": { "type": "Point", "coordinates": [ 25.898015608117454, 44.63444091873891 ] } },
{ "type": "Feature", "properties": { "point_id": 162, "lon": 25.898042334894459, "lat": 44.634443378944475, "elevation_m": 0.0, "distance_m": 483.3511793579292, "distance_km": 0.48335117935792921, "heading_deg": 82.629367543902163, "slope": 0.0, "slope_deg": 0.0 }, "geometry": { "type": "Point", "coordinates": [ 25.898042334894459, 44.634443378944475 ] } },
{ "type": "Feature", "properties": { "point_id": 163, "lon": 25.898069061671453, "lat": 44.634445839149933, "elevation_m": 0.0, "distance_m": 486.35117935780011, "distance_km": 0.48635117935780009, "heading_deg": 82.629367567306986, "slope": 0.0, "slope_deg": 0.0 }, "geometry": { "type": "Point", "coordinates": [ 25.898069061671453, 44.634445839149933 ] } },
{ "type": "Feature", "properties": { "point_id": 164, "lon": 25.898095788448458, "lat": 44.634448299355292, "elevation_m": 0.0, "distance_m": 489.35117935801338, "distance_km": 0.48935117935801337, "heading_deg": 82.629367556367583, "slope": 0.0, "slope_deg": 0.0 }, "geometry": { "type": "Point", "coordinates": [ 25.898095788448458, 44.634448299355292 ] } },
{ "type": "Feature", "properties": { "point_id": 165, "lon": 25.898122515225452, "lat": 44.634450759560544, "elevation_m": 0.0, "distance_m": 492.35117935788429, "distance_km": 0.49235117935788431, "heading_deg": 76.120617276598352, "slope": 0.0, "slope_deg": 0.0 }, "geometry": { "type": "Point", "coordinates": [ 25.898122515225452, 44.634450759560544 ] } },
{ "type": "Feature", "properties": { "point_id": 166, "lon": 25.898148641086003, "lat": 44.634455353329898, "elevation_m": 0.0, "distance_m": 495.34696510480507, "distance_km": 0.49534696510480508, "heading_deg": 74.704195537001624, "slope": 0.0, "slope_deg": 0.0 }, "geometry": { "type": "Point", "coordinates": [ 25.898148641086003, 44.634455353329898 ] } },
{ "type": "Feature", "properties": { "point_id": 167, "lon": 25.898174635907935, "lat": 44.634460412353725, "elevation_m": 0.0, "distance_m": 498.34696510516346, "distance_km": 0.49834696510516346, "heading_deg": 74.704195505193411, "slope": 0.0, "slope_deg": 0.0 }, "geometry": { "type": "Point", "coordinates": [ 25.898174635907935, 44.634460412353725 ] } },
{ "type": "Feature", "properties": { "point_id": 168, "lon": 25.898200630729868, "lat": 44.634465471377112, "elevation_m": 0.0, "distance_m": 501.34696510507268, "distance_km": 0.50134696510507271, "heading_deg": 74.704195504697168, "slope": 0.0, "slope_deg": 0.0 }, "geometry": { "type": "Point", "coordinates": [ 25.898200630729868, 44.634465471377112 ] } },
{ "type": "Feature", "properties": { "point_id": 169, "lon": 25.898226625551796, "lat": 44.634470530400058, "elevation_m": 0.0, "distance_m": 504.3469651049819, "distance_km": 0.50434696510498189, "heading_deg": 74.704195537050111, "slope": 0.0, "slope_deg": 0.0 }, "geometry": { "type": "Point", "coordinates": [ 25.898226625551796, 44.634470530400058 ] } },
{ "type": "Feature", "properties": { "point_id": 170, "lon": 25.898252620373729, "lat": 44.634475589422564, "elevation_m": 0.0, "distance_m": 507.34696510489113, "distance_km": 0.50734696510489108, "heading_deg": 74.704195538337729, "slope": 0.0, "slope_deg": 0.0 }, "geometry": { "type": "Point", "coordinates": [ 25.898252620373729, 44.634475589422564 ] } },
{ "type": "Feature", "properties": { "point_id": 171, "lon": 25.898278615195654, "lat": 44.634480648444622, "elevation_m": 0.0, "distance_m": 510.34696510480035, "distance_km": 0.51034696510480038, "heading_deg": 74.704195535810982, "slope": 0.0, "slope_deg": 0.0 }, "geometry": { "type": "Point", "coordinates": [ 25.898278615195654, 44.634480648444622 ] } },
{ "type": "Feature", "properties": { "point_id": 172, "lon": 25.89830461001759, "lat": 44.63448570746624, "elevation_m": 0.0, "distance_m": 513.3469651051588, "distance_km": 0.51334696510515876, "heading_deg": 74.704195509600936, "slope": 0.0, "slope_deg": 0.0 }, "geometry": { "type": "Point", "coordinates": [ 25.89830461001759, 44.63448570746624 ] } },
{ "type": "Feature", "properties": { "point_id": 173, "lon": 25.898330604839519, "lat": 44.634490766487424, "elevation_m": 0.0, "distance_m": 516.34696510506808, "distance_km": 0.51634696510506806, "heading_deg": 74.704195540170076, "slope": 0.0, "slope_deg": 0.0 }, "geometry": { "type": "Point", "coordinates": [ 25.898330604839519, 44.634490766487424 ] } },
{ "type": "Feature", "properties": { "point_id": 174, "lon": 25.898356599661451, "lat": 44.634495825508154, "elevation_m": 0.0, "distance_m": 519.34696510497736, "distance_km": 0.51934696510497735, "heading_deg": 74.704195508361806, "slope": 0.0, "slope_deg": 0.0 }, "geometry": { "type": "Point", "coordinates": [ 25.898356599661451, 44.634495825508154 ] } },
{ "type": "Feature", "properties": { "point_id": 175, "lon": 25.898382594483383, "lat": 44.634500884528464, "elevation_m": 0.0, "distance_m": 522.34696510488664, "distance_km": 0.52234696510488665, "heading_deg": 74.704195526197338, "slope": 0.0, "slope_deg": 0.0 }, "geometry": { "type": "Point", "coordinates": [ 25.898382594483383, 44.634500884528464 ] } },
{ "type": "Feature", "properties": { "point_id": 176, "lon": 25.898408589305312, "lat": 44.634505943548319, "elevation_m": 0.0, "distance_m": 525.34696510479591, "distance_km": 0.52534696510479595, "heading_deg": 74.704195525454395, "slope": 0.0, "slope_deg": 0.0 }, "geometry": { "type": "Point", "coordinates": [ 25.898408589305312, 44.634505943548319 ] } },
{ "type": "Feature", "properties": { "point_id": 177, "lon": 25.898434584127248, "lat": 44.634511002567734, "elevation_m": 0.0, "distance_m": 528.34696510515437, "distance_km": 0.52834696510515433, "heading_deg": 74.704195541506124, "slope": 0.0, "slope_deg": 0.0 }, "geometry": { "type": "Point", "coordinates": [ 25.898434584127248, 44.634511002567734 ] } },
{ "type": "Feature", "properties": { "point_id": 178, "lon": 25.898460578949177, "lat": 44.634516061586709, "elevation_m": 0.0, "distance_m": 531.34696510506365, "distance_km": 0.53134696510506363, "heading_deg": 74.704195489582219, "slope": 0.0, "slope_deg": 0.0 }, "geometry": { "type": "Point", "coordinates": [ 25.898460578949177, 44.634516061586709 ] } },
{ "type": "Feature", "properties": { "point_id": 179, "lon": 25.898486573771105, "lat": 44.634521120605243, "elevation_m": 0.0, "distance_m": 534.34696510497292, "distance_km": 0.53434696510497293, "heading_deg": 74.70419553110105, "slope": 0.0, "slope_deg": 0.0 }, "geometry": { "type": "Point", "coordinates": [ 25.898486573771105, 44.634521120605243 ] } },
{ "type": "Feature", "properties": { "point_id": 180, "lon": 25.898512568593034, "lat": 44.634526179623336, "elevation_m": 0.0, "distance_m": 537.3469651048822, "distance_km": 0.53734696510488222, "heading_deg": 74.704195525006526, "slope": 0.0, "slope_deg": 0.0 }, "geometry": { "type": "Point", "coordinates": [ 25.898512568593034, 44.634526179623336 ] } },
{ "type": "Feature", "properties": { "point_id": 181, "lon": 25.898538563414967, "lat": 44.634531238640989, "elevation_m": 0.0, "distance_m": 540.34696510479148, "distance_km": 0.54034696510479152, "heading_deg": 70.646475462286162, "slope": 0.0, "slope_deg": 0.0 }, "geometry": { "type": "Point", "coordinates": [ 25.898538563414967, 44.634531238640989 ] } },
{ "type": "Feature", "properties": { "point_id": 182, "lon": 25.898563958852836, "lat": 44.634537586132431, "elevation_m": 0.0, "distance_m": 543.34328909784563, "distance_km": 0.54334328909784557, "heading_deg": 68.66362728582078, "slope": 0.0, "slope_deg": 0.0 }, "geometry": { "type": "Point", "coordinates": [ 25.898563958852836, 44.634537586132431 ] } },
{ "type": "Feature", "properties": { "point_id": 183, "lon": 25.898589061208821, "lat": 44.634544563650621, "elevation_m": 0.0, "distance_m": 546.34328909767225, "distance_km": 0.54634328909767227, "heading_deg": 68.663627252393439, "slope": 0.0, "slope_deg": 0.0 }, "geometry": { "type": "Point", "coordinates": [ 25.898589061208821, 44.634544563650621 ] } },
{ "type": "Feature", "properties": { "point_id": 184, "lon": 25.898614163564805, "lat": 44.634551541167987, "elevation_m": 0.0, "distance_m": 549.34328909783778, "distance_km": 0.54934328909783781, "heading_deg": 68.663627280924516, "slope": 0.0, "slope_deg": 0.0 }, "geometry": { "type": "Point", "coordinates": [ 25.898614163564805, 44.634551541167987 ] } },
{ "type": "Feature", "properties": { "point_id": 185, "lon": 25.898639265920789, "lat": 44.6345585186845, "elevation_m": 0.0, "distance_m": 552.34328909766441, "distance_km": 0.55234328909766439, "heading_deg": 68.663627241106269, "slope": 0.0, "slope_deg": 0.0 }, "geometry": { "type": "Point", "coordinates": [ 25.898639265920789, 44.6345585186845 ] } },
{ "type": "Feature", "properties": { "point_id": 186, "lon": 25.898664368276776, "lat": 44.634565496200189, "elevation_m": 0.0, "distance_m": 555.34328909826365, "distance_km": 0.55534328909826369, "heading_deg": 68.663627273567954, "slope": 0.0, "slope_deg": 0.0 }, "geometry": { "type": "Point", "coordinates": [ 25.898664368276776, 44.634565496200189 ] } },
{ "type": "Feature", "properties": { "point_id": 187, "lon": 25.89868947063276, "lat": 44.634572473715032, "elevation_m": 0.0, "distance_m": 558.34328909809028, "distance_km": 0.55834328909809028, "heading_deg": 68.663627284396625, "slope": 0.0, "slope_deg": 0.0 }, "geometry": { "type": "Point", "coordinates": [ 25.89868947063276, 44.634572473715032 ] } },
{ "type": "Feature", "properties": { "point_id": 188, "lon": 25.898714572988741, "lat": 44.634579451229023, "elevation_m": 0.0, "distance_m": 561.34328909791691, "distance_km": 0.56134328909791686, "heading_deg": 68.663627253429524, "slope": 0.0, "slope_deg": 0.0 }, "geometry": { "type": "Point", "coordinates": [ 25.898714572988741, 44.634579451229023 ] } },
{ "type": "Feature", "properties": { "point_id": 189, "lon": 25.898739675344725, "lat": 44.634586428742196, "elevation_m": 0.0, "distance_m": 564.34328909808244, "distance_km": 0.5643432890980824, "heading_deg": 68.663627264258139, "slope": 0.0, "slope_deg": 0.0 }, "geometry": { "type": "Point", "coordinates": [ 25.898739675344725, 44.634586428742196 ] } },
{ "type": "Feature", "properties": { "point_id": 190, "lon": 25.898764777700709, "lat": 44.634593406254517, "elevation_m": 0.0, "distance_m": 567.34328909790906, "distance_km": 0.5673432890979091, "heading_deg": 68.663627263775311, "slope": 0.0, "slope_deg": 0.0 }, "geometry": { "type": "Point", "coordinates": [ 25.898764777700709, 44.634593406254517 ] } },
{ "type": "Feature", "properties": { "point_id": 191, "lon": 25.89878988005669, "lat": 44.634600383766006, "elevation_m": 0.0, "distance_m": 570.34328909807459, "distance_km": 0.57034328909807464, "heading_deg": 68.663627277064279, "slope": 0.0, "slope_deg": 0.0 }, "geometry": { "type": "Point", "coordinates": [ 25.89878988005669, 44.634600383766006 ] } },
{ "type": "Feature", "properties": { "point_id": 192, "lon": 25.898814982412674, "lat": 44.63460736127665, "elevation_m": 0.0, "distance_m": 573.34328909790122, "distance_km": 0.57334328909790122, "heading_deg": 68.663627254948324, "slope": 0.0, "slope_deg": 0.0 }, "geometry": { "type": "Point", "coordinates": [ 25.898814982412674, 44.63460736127665 ] } },
{ "type": "Feature", "properties": { "point_id": 193, "lon": 25.898840084768661, "lat": 44.634614338786463, "elevation_m": 0.0, "distance_m": 576.34328909806675, "distance_km": 0.57634328909806676, "heading_deg": 68.663627276098453, "slope": 0.0, "slope_deg": 0.0 }, "geometry": { "type": "Point", "coordinates": [ 25.898840084768661, 44.634614338786463 ] } },
{ "type": "Feature", "properties": { "point_id": 194, "lon": 25.898865187124642, "lat": 44.634621316295423, "elevation_m": 0.0, "distance_m": 579.34328909789338, "distance_km": 0.57934328909789334, "heading_deg": 68.663627282996458, "slope": 0.0, "slope_deg": 0.0 }, "geometry": { "type": "Point", "coordinates": [ 25.898865187124642, 44.634621316295423 ] } },
{ "type": "Feature", "properties": { "point_id": 195, "lon": 25.898890289480626, "lat": 44.634628293803551, "elevation_m": 0.0, "distance_m": 582.34328909772, "distance_km": 0.58234328909772004, "heading_deg": 68.663627240717801, "slope": 0.0, "slope_deg": 0.0 }, "geometry": { "type": "Point", "coordinates": [ 25.898890289480626, 44.634628293803551 ] } },
{ "type": "Feature", "properties": { "point_id": 196, "lon": 25.89891539183661, "lat": 44.634635271310849, "elevation_m": 0.0, "distance_m": 585.34328909788553, "distance_km": 0.58534328909788558, "heading_deg": 68.663627284490985, "slope": 0.0, "slope_deg": 0.0 }, "geometry": { "type": "Point", "coordinates": [ 25.89891539183661, 44.634635271310849 ] } },
{ "type": "Feature", "properties": { "point_id": 197, "lon": 25.89894049419259, "lat": 44.634642248817293, "elevation_m": 0.0, "distance_m": 588.34328909771216, "distance_km": 0.58834328909771216, "heading_deg": 68.663627253523771, "slope": 0.0, "slope_deg": 0.0 }, "geometry": { "type": "Point", "coordinates": [ 25.89894049419259, 44.634642248817293 ] } },
{ "type": "Feature", "properties": { "point_id": 198, "lon": 25.898965596548575, "lat": 44.634649226322914, "elevation_m": 0.0, "distance_m": 591.34328909787769, "distance_km": 0.5913432890978777, "heading_deg": 68.663627273203588, "slope": 0.0, "slope_deg": 0.0 }, "geometry": { "type": "Point", "coordinates": [ 25.898965596548575, 44.634649226322914 ] } },
{ "type": "Feature", "properties": { "point_id": 199, "lon": 25.898990698904559, "lat": 44.634656203827682, "elevation_m": 0.0, "distance_m": 594.34328909770431, "distance_km": 0.59434328909770429, "heading_deg": 68.663627239776076, "slope": 0.0, "slope_deg": 0.0 }, "geometry": { "type": "Point", "coordinates": [ 25.898990698904559, 44.634656203827682 ] } },
{ "type": "Feature", "properties": { "point_id": 200, "lon": 25.899015801260543, "lat": 44.634663181331625, "elevation_m": 0.0, "distance_m": 597.34328909786984, "distance_km": 0.59734328909786982, "heading_deg": 68.663627310102925, "slope": 0.0, "slope_deg": 0.0 }, "geometry": { "type": "Point", "coordinates": [ 25.899015801260543, 44.634663181331625 ] } },
{ "type": "Feature", "properties": { "point_id": 201, "lon": 25.899040903616527, "lat": 44.634670158834716, "elevation_m": 0.0, "distance_m": 600.34328909769647, "distance_km": 0.60034328909769652, "heading_deg": 68.663627261433248, "slope": 0.0, "slope_deg": 0.0 }, "geometry": { "type": "Point", "coordinates": [ 25.899040903616527, 44.634670158834716 ] } },
{ "type": "Feature", "properties": { "point_id": 202, "lon": 25.899066005972511, "lat": 44.634677136336975, "elevation_m": 0.0, "distance_m": 603.343289097862, "distance_km": 0.60334328909786195, "heading_deg": 68.663627283573305, "slope": 0.0, "slope_deg": 0.0 }, "geometry": { "type": "Point", "coordinates": [ 25.899066005972511, 44.634677136336975 ] } },
{ "type": "Feature", "properties": { "point_id": 203, "lon": 25.899091108328498, "lat": 44.634684113838389, "elevation_m": 0.0, "distance_m": 606.34328909812245, "distance_km": 0.60634328909812241, "heading_deg": 68.663627271778807, "slope": 0.0, "slope_deg": 0.0 }, "geometry": { "type": "Point", "coordinates": [ 25.899091108328498, 44.634684113838389 ] } },
{ "type": "Feature", "properties": { "point_id": 204, "lon": 25.899116210684479, "lat": 44.634691091338965, "elevation_m": 0.0, "distance_m": 609.34328909794908, "distance_km": 0.6093432890979491, "heading_deg": 68.663627285067719, "slope": 0.0, "slope_deg": 0.0 }, "geometry": { "type": "Point", "coordinates": [ 25.899116210684479, 44.634691091338965 ] } },
{ "type": "Feature", "properties": { "point_id": 205, "lon": 25.899141313040463, "lat": 44.634698068838702, "elevation_m": 0.0, "distance_m": 612.34328909811461, "distance_km": 0.61234328909811464, "heading_deg": 68.663627278193815, "slope": 0.0, "slope_deg": 0.0 }, "geometry": { "type": "Point", "coordinates": [ 25.899141313040463, 44.634698068838702 ] } },
{ "type": "Feature", "properties": { "point_id": 206, "lon": 25.899166415396447, "lat": 44.634705046337601, "elevation_m": 0.0, "distance_m": 615.34328909794124, "distance_km": 0.61534328909794123, "heading_deg": 68.663627253617392, "slope": 0.0, "slope_deg": 0.0 }, "geometry": { "type": "Point", "coordinates": [ 25.899166415396447, 44.634705046337601 ] } },
{ "type": "Feature", "properties": { "point_id": 207, "lon": 25.899191517752431, "lat": 44.634712023835668, "elevation_m": 0.0, "distance_m": 618.34328909810677, "distance_km": 0.61834328909810676, "heading_deg": 68.663627273297209, "slope": 0.0, "slope_deg": 0.0 }, "geometry": { "type": "Point", "coordinates": [ 25.899191517752431, 44.634712023835668 ] } },
{ "type": "Feature", "properties": { "point_id": 208, "lon": 25.899216620108415, "lat": 44.63471900133289, "elevation_m": 0.0, "distance_m": 621.34328909793339, "distance_km": 0.62134328909793335, "heading_deg": 68.663627248720786, "slope": 0.0, "slope_deg": 0.0 }, "geometry": { "type": "Point", "coordinates": [ 25.899216620108415, 44.63471900133289 ] } },
{ "type": "Feature", "properties": { "point_id": 209, "lon": 25.899241722464399, "lat": 44.63472597882928, "elevation_m": 0.0, "distance_m": 624.34328909809892, "distance_km": 0.62434328909809889, "heading_deg": 68.663627274791509, "slope": 0.0, "slope_deg": 0.0 }, "geometry": { "type": "Point", "coordinates": [ 25.899241722464399, 44.63472597882928 ] } },
{ "type": "Feature", "properties": { "point_id": 210, "lon": 25.899266824820383, "lat": 44.634732956324825, "elevation_m": 0.0, "distance_m": 627.34328909792555, "distance_km": 0.62734328909792558, "heading_deg": 68.663627285620009, "slope": 0.0, "slope_deg": 0.0 }, "geometry": { "type": "Point", "coordinates": [ 25.899266824820383, 44.634732956324825 ] } },
{ "type": "Feature", "properties": { "point_id": 211, "lon": 25.899291927176364, "lat": 44.634739933819525, "elevation_m": 0.0, "distance_m": 630.34328909775218, "distance_km": 0.63034328909775217, "heading_deg": 68.66362726350394, "slope": 0.0, "slope_deg": 0.0 }, "geometry": { "type": "Point", "coordinates": [ 25.899291927176364, 44.634739933819525 ] } },
{ "type": "Feature", "properties": { "point_id": 212, "lon": 25.899317029532348, "lat": 44.634746911313393, "elevation_m": 0.0, "distance_m": 633.3432890979177, "distance_km": 0.63334328909791771, "heading_deg": 68.663627265481182, "slope": 0.0, "slope_deg": 0.0 }, "geometry": { "type": "Point", "coordinates": [ 25.899317029532348, 44.634746911313393 ] } },
{ "type": "Feature", "properties": { "point_id": 213, "lon": 25.899342131888332, "lat": 44.634753888806422, "elevation_m": 0.0, "distance_m": 636.34328909774433, "distance_km": 0.63634328909774429, "heading_deg": 68.663627264998127, "slope": 0.0, "slope_deg": 0.0 }, "geometry": { "type": "Point", "coordinates": [ 25.899342131888332, 44.634753888806422 ] } },
{ "type": "Feature", "properties": { "point_id": 214, "lon": 25.899367234244313, "lat": 44.634760866298613, "elevation_m": 0.0, "distance_m": 639.34328909790986, "distance_km": 0.63934328909790983, "heading_deg": 68.663627280747278, "slope": 0.0, "slope_deg": 0.0 }, "geometry": { "type": "Point", "coordinates": [ 25.899367234244313, 44.634760866298613 ] } },
{ "type": "Feature", "properties": { "point_id": 215, "lon": 25.8993923366003, "lat": 44.634767843789959, "elevation_m": 0.0, "distance_m": 642.34328909773649, "distance_km": 0.64234328909773653, "heading_deg": 68.663627262561704, "slope": 0.0, "slope_deg": 0.0 }, "geometry": { "type": "Point", "coordinates": [ 25.8993923366003, 44.634767843789959 ] } },
{ "type": "Feature", "properties": { "point_id": 216, "lon": 25.899417438956284, "lat": 44.634774821280473, "elevation_m": 0.0, "distance_m": 645.34328909790202, "distance_km": 0.64534328909790206, "heading_deg": 68.663627268469611, "slope": 0.0, "slope_deg": 0.0 }, "geometry": { "type": "Point", "coordinates": [ 25.899417438956284, 44.634774821280473 ] } },
{ "type": "Feature", "properties": { "point_id": 217, "lon": 25.899442541312265, "lat": 44.634781798770149, "elevation_m": 0.0, "distance_m": 648.34328909772864, "distance_km": 0.64834328909772865, "heading_deg": 68.663627257664984, "slope": 0.0, "slope_deg": 0.0 }, "geometry": { "type": "Point", "coordinates": [ 25.899442541312265, 44.634781798770149 ] } },
{ "type": "Feature", "properties": { "point_id": 218, "lon": 25.899467643668249, "lat": 44.634788776258986, "elevation_m": 0.0, "distance_m": 651.34328909789417, "distance_km": 0.65134328909789418, "heading_deg": 68.663627286195947, "slope": 0.0, "slope_deg": 0.0 }, "geometry": { "type": "Point", "coordinates": [ 25.899467643668249, 44.634788776258986 ] } },
{ "type": "Feature", "properties": { "point_id": 219, "lon": 25.899492746024233, "lat": 44.634795753746971, "elevation_m": 0.0, "distance_m": 654.3432890977208, "distance_km": 0.65434328909772077, "heading_deg": 68.663627246377246, "slope": 0.0, "slope_deg": 0.0 }, "geometry": { "type": "Point", "coordinates": [ 25.899492746024233, 44.634795753746971 ] } },
{ "type": "Feature", "properties": { "point_id": 220, "lon": 25.899517848380221, "lat": 44.634802731234132, "elevation_m": 0.0, "distance_m": 657.34328909798126, "distance_km": 0.65734328909798123, "heading_deg": 68.663627269987614, "slope": 0.0, "slope_deg": 0.0 }, "geometry": { "type": "Point", "coordinates": [ 25.899517848380221, 44.634802731234132 ] } },
{ "type": "Feature", "properties": { "point_id": 221, "lon": 25.899542950736201, "lat": 44.634809708720447, "elevation_m": 0.0, "distance_m": 660.34328909814678, "distance_km": 0.66034328909814677, "heading_deg": 68.663627265573837, "slope": 0.0, "slope_deg": 0.0 }, "geometry": { "type": "Point", "coordinates": [ 25.899542950736201, 44.634809708720447 ] } },
{ "type": "Feature", "properties": { "point_id": 222, "lon": 25.899568053092185, "lat": 44.634816686205923, "elevation_m": 0.0, "distance_m": 663.34328909797341, "distance_km": 0.66334328909797347, "heading_deg": 68.663627276402337, "slope": 0.0, "slope_deg": 0.0 }, "geometry": { "type": "Point", "coordinates": [ 25.899568053092185, 44.634816686205923 ] } },
{ "type": "Feature", "properties": { "point_id": 223, "lon": 25.899593155448169, "lat": 44.634823663690568, "elevation_m": 0.0, "distance_m": 666.34328909813894, "distance_km": 0.66634328909813889, "heading_deg": 68.663627269528263, "slope": 0.0, "slope_deg": 0.0 }, "geometry": { "type": "Point", "coordinates": [ 25.899593155448169, 44.634823663690568 ] } },
{ "type": "Feature", "properties": { "point_id": 224, "lon": 25.899618257804153, "lat": 44.634830641174368, "elevation_m": 0.0, "distance_m": 669.34328909796557, "distance_km": 0.66934328909796559, "heading_deg": 68.663627260193891, "slope": 0.0, "slope_deg": 0.0 }, "geometry": { "type": "Point", "coordinates": [ 25.899618257804153, 44.634830641174368 ] } },
{ "type": "Feature", "properties": { "point_id": 225, "lon": 25.899643360160137, "lat": 44.634837618657329, "elevation_m": 0.0, "distance_m": 672.34328909813109, "distance_km": 0.67234328909813112, "heading_deg": 68.663627282333891, "slope": 0.0, "slope_deg": 0.0 }, "geometry": { "type": "Point", "coordinates": [ 25.899643360160137, 44.634837618657329 ] } },
{ "type": "Feature", "properties": { "point_id": 226, "lon": 25.899668462516122, "lat": 44.634844596139445, "elevation_m": 0.0, "distance_m": 675.34328909795772, "distance_km": 0.67534328909795771, "heading_deg": 68.663627281850779, "slope": 0.0, "slope_deg": 0.0 }, "geometry": { "type": "Point", "coordinates": [ 25.899668462516122, 44.634844596139445 ] } },
{ "type": "Feature", "properties": { "point_id": 227, "lon": 25.899693564872102, "lat": 44.634851573620729, "elevation_m": 0.0, "distance_m": 678.34328909778435, "distance_km": 0.6783432890977843, "heading_deg": 68.663627268585742, "slope": 0.0, "slope_deg": 0.0 }, "geometry": { "type": "Point", "coordinates": [ 25.899693564872102, 44.634851573620729 ] } },
{ "type": "Feature", "properties": { "point_id": 228, "lon": 25.899718667228086, "lat": 44.634858551101168, "elevation_m": 0.0, "distance_m": 681.34328909794988, "distance_km": 0.68134328909794983, "heading_deg": 68.663627270562927, "slope": 0.0, "slope_deg": 0.0 }, "geometry": { "type": "Point", "coordinates": [ 25.899718667228086, 44.634858551101168 ] } },
{ "type": "Feature", "properties": { "point_id": 229, "lon": 25.89974376958407, "lat": 44.634865528580775, "elevation_m": 0.0, "distance_m": 684.34328909777651, "distance_km": 0.68434328909777653, "heading_deg": 68.66362724352598, "slope": 0.0, "slope_deg": 0.0 }, "geometry": { "type": "Point", "coordinates": [ 25.89974376958407, 44.634865528580775 ] } },
{ "type": "Feature", "properties": { "point_id": 230, "lon": 25.899768871940051, "lat": 44.634872506059551, "elevation_m": 0.0, "distance_m": 687.34328909794203, "distance_km": 0.68734328909794207, "heading_deg": 68.663627303531314, "slope": 0.0, "slope_deg": 0.0 }, "geometry": { "type": "Point", "coordinates": [ 25.899768871940051, 44.634872506059551 ] } },
{ "type": "Feature", "properties": { "point_id": 231, "lon": 25.899793974296038, "lat": 44.634879483537468, "elevation_m": 0.0, "distance_m": 690.34328909776866, "distance_km": 0.69034328909776865, "heading_deg": 68.663627258791848, "slope": 0.0, "slope_deg": 0.0 }, "geometry": { "type": "Point", "coordinates": [ 25.899793974296038, 44.634879483537468 ] } },
{ "type": "Feature", "properties": { "point_id": 232, "lon": 25.899819076652022, "lat": 44.63488646101456, "elevation_m": 0.0, "distance_m": 693.34328909793419, "distance_km": 0.69334328909793419, "heading_deg": 68.66362724945742, "slope": 0.0, "slope_deg": 0.0 }, "geometry": { "type": "Point", "coordinates": [ 25.899819076652022, 44.63488646101456 ] } },
{ "type": "Feature", "properties": { "point_id": 233, "lon": 25.899844179008007, "lat": 44.634893438490813, "elevation_m": 0.0, "distance_m": 696.34328909776082, "distance_km": 0.69634328909776078, "heading_deg": 68.663627304542104, "slope": 0.0, "slope_deg": 0.0 }, "geometry": { "type": "Point", "coordinates": [ 25.899844179008007, 44.634893438490813 ] } },
{ "type": "Feature", "properties": { "point_id": 234, "lon": 25.899869281363987, "lat": 44.634900415966214, "elevation_m": 0.0, "distance_m": 699.34328909758744, "distance_km": 0.69934328909758747, "heading_deg": 68.663627255871972, "slope": 0.0, "slope_deg": 0.0 }, "geometry": { "type": "Point", "coordinates": [ 25.899869281363987, 44.634900415966214 ] } },
{ "type": "Feature", "properties": { "point_id": 235, "lon": 25.899894383719971, "lat": 44.634907393440791, "elevation_m": 0.0, "distance_m": 702.34328909775297, "distance_km": 0.70234328909775301, "heading_deg": 68.66362726670036, "slope": 0.0, "slope_deg": 0.0 }, "geometry": { "type": "Point", "coordinates": [ 25.899894383719971, 44.634907393440791 ] } },
{ "type": "Feature", "properties": { "point_id": 236, "lon": 25.899919486075955, "lat": 44.634914370914522, "elevation_m": 0.0, "distance_m": 705.3432890975796, "distance_km": 0.7053432890975796, "heading_deg": 68.663627288840303, "slope": 0.0, "slope_deg": 0.0 }, "geometry": { "type": "Point", "coordinates": [ 25.899919486075955, 44.634914370914522 ] } },
{ "type": "Feature", "properties": { "point_id": 237, "lon": 25.899944588431943, "lat": 44.634921348387415, "elevation_m": 0.0, "distance_m": 708.34328909817884, "distance_km": 0.7083432890981789, "heading_deg": 68.663627250491743, "slope": 0.0, "slope_deg": 0.0 }, "geometry": { "type": "Point", "coordinates": [ 25.899944588431943, 44.634921348387415 ] } },
{ "type": "Feature", "properties": { "point_id": 238, "lon": 25.899969690787923, "lat": 44.63492832585947, "elevation_m": 0.0, "distance_m": 711.34328909800547, "distance_km": 0.71134328909800548, "heading_deg": 68.663627283943242, "slope": 0.0, "slope_deg": 0.0 }, "geometry": { "type": "Point", "coordinates": [ 25.899969690787923, 44.63492832585947 ] } },
{ "type": "Feature", "properties": { "point_id": 239, "lon": 25.899994793143911, "lat": 44.634935303330693, "elevation_m": 0.0, "distance_m": 714.343289098171, "distance_km": 0.71434328909817102, "heading_deg": 68.663627301162535, "slope": 0.0, "slope_deg": 0.0 }, "geometry": { "type": "Point", "coordinates": [ 25.899994793143911, 44.634935303330693 ] } },
{ "type": "Feature", "properties": { "point_id": 240, "lon": 25.900019895499895, "lat": 44.634942280801056, "elevation_m": 0.0, "distance_m": 717.34328909799763, "distance_km": 0.71734328909799761, "heading_deg": 68.663627245111456, "slope": 0.0, "slope_deg": 0.0 }, "geometry": { "type": "Point", "coordinates": [ 25.900019895499895, 44.634942280801056 ] } },
{ "type": "Feature", "properties": { "point_id": 241, "lon": 25.900044997855876, "lat": 44.634949258270602, "elevation_m": 0.0, "distance_m": 720.34328909816315, "distance_km": 0.72034328909816314, "heading_deg": 68.66362726086038, "slope": 0.0, "slope_deg": 0.0 }, "geometry": { "type": "Point", "coordinates": [ 25.900044997855876, 44.634949258270602 ] } },
{ "type": "Feature", "properties": { "point_id": 242, "lon": 25.90007010021186, "lat": 44.634956235739295, "elevation_m": 0.0, "distance_m": 723.34328909798978, "distance_km": 0.72334328909798973, "heading_deg": 68.663627298242545, "slope": 0.0, "slope_deg": 0.0 }, "geometry": { "type": "Point", "coordinates": [ 25.90007010021186, 44.634956235739295 ] } },
{ "type": "Feature", "properties": { "point_id": 243, "lon": 25.900095202567844, "lat": 44.634963213207151, "elevation_m": 0.0, "distance_m": 726.34328909781641, "distance_km": 0.72634328909781642, "heading_deg": 68.663627226949131, "slope": 0.0, "slope_deg": 0.0 }, "geometry": { "type": "Point", "coordinates": [ 25.900095202567844, 44.634963213207151 ] } },
{ "type": "Feature", "properties": { "point_id": 244, "lon": 25.900120304923824, "lat": 44.634970190674181, "elevation_m": 0.0, "distance_m": 729.34328909798194, "distance_km": 0.72934328909798196, "heading_deg": 68.663627284494112, "slope": 0.0, "slope_deg": 0.0 }, "geometry": { "type": "Point", "coordinates": [ 25.900120304923824, 44.634970190674181 ] } },
{ "type": "Feature", "properties": { "point_id": 245, "lon": 25.900145407279808, "lat": 44.63497716814036, "elevation_m": 0.0, "distance_m": 732.34328909780857, "distance_km": 0.73234328909780855, "heading_deg": 68.663627259917348, "slope": 0.0, "slope_deg": 0.0 }, "geometry": { "type": "Point", "coordinates": [ 25.900145407279808, 44.63497716814036 ] } },
{ "type": "Feature", "properties": { "point_id": 246, "lon": 25.900170509635792, "lat": 44.634984145605706, "elevation_m": 0.0, "distance_m": 735.34328909797409, "distance_km": 0.73534328909797408, "heading_deg": 68.663627297299456, "slope": 0.0, "slope_deg": 0.0 }, "geometry": { "type": "Point", "coordinates": [ 25.900170509635792, 44.634984145605706 ] } },
{ "type": "Feature", "properties": { "point_id": 247, "lon": 25.900195611991776, "lat": 44.634991123070201, "elevation_m": 0.0, "distance_m": 738.34328909780072, "distance_km": 0.73834328909780067, "heading_deg": 10.912385185391088, "slope": 0.0, "slope_deg": 0.0 }, "geometry": { "type": "Point", "coordinates": [ 25.900195611991776, 44.634991123070201 ] } },
{ "type": "Feature", "properties": { "point_id": 248, "lon": 25.900196939561141, "lat": 44.63499602309426, "elevation_m": 0.0, "distance_m": 739.12394587247195, "distance_km": 0.73912394587247199, "heading_deg": 277.3352915745316, "slope": 0.0, "slope_deg": 0.0 }, "geometry": { "type": "Point", "coordinates": [ 25.900196939561141, 44.63499602309426 ] } },
{ "type": "Feature", "properties": { "point_id": 249, "lon": 25.900170210656732, "lat": 44.634998471544819, "elevation_m": 0.0, "distance_m": 742.1239458723619, "distance_km": 0.74212394587236186, "heading_deg": 277.33529155934832, "slope": 0.0, "slope_deg": 0.0 }, "geometry": { "type": "Point", "coordinates": [ 25.900170210656732, 44.634998471544819 ] } },
{ "type": "Feature", "properties": { "point_id": 250, "lon": 25.90014348175232, "lat": 44.635000919995271, "elevation_m": 0.0, "distance_m": 745.12394587283256, "distance_km": 0.74512394587283259, "heading_deg": 277.33529154589178, "slope": 0.0, "slope_deg": 0.0 }, "geometry": { "type": "Point", "coordinates": [ 25.90014348175232, 44.635000919995271 ] } },
{ "type": "Feature", "properties": { "point_id": 251, "lon": 25.900116752847911, "lat": 44.635003368445609, "elevation_m": 0.0, "distance_m": 748.12394587272252, "distance_km": 0.74812394587272246, "heading_deg": 277.33529157013442, "slope": 0.0, "slope_deg": 0.0 }, "geometry": { "type": "Point", "coordinates": [ 25.900116752847911, 44.635003368445609 ] } },
{ "type": "Feature", "properties": { "point_id": 252, "lon": 25.900090023943505, "lat": 44.635005816895855, "elevation_m": 0.0, "distance_m": 751.12394587261247, "distance_km": 0.75112394587261244, "heading_deg": 277.33529153610158, "slope": 0.0, "slope_deg": 0.0 }, "geometry": { "type": "Point", "coordinates": [ 25.900090023943505, 44.635005816895855 ] } },
{ "type": "Feature", "properties": { "point_id": 253, "lon": 25.900063295039097, "lat": 44.635008265345988, "elevation_m": 0.0, "distance_m": 754.12394587250242, "distance_km": 0.75412394587250242, "heading_deg": 277.33529156890569, "slope": 0.0, "slope_deg": 0.0 }, "geometry": { "type": "Point", "coordinates": [ 25.900063295039097, 44.635008265345988 ] } },
{ "type": "Feature", "properties": { "point_id": 254, "lon": 25.900036566134688, "lat": 44.635010713796028, "elevation_m": 0.0, "distance_m": 757.12394587239237, "distance_km": 0.7571239458723924, "heading_deg": 277.33529153487279, "slope": 0.0, "slope_deg": 0.0 }, "geometry": { "type": "Point", "coordinates": [ 25.900036566134688, 44.635010713796028 ] } },
{ "type": "Feature", "properties": { "point_id": 255, "lon": 25.900009837230275, "lat": 44.635013162245954, "elevation_m": 0.0, "distance_m": 760.12394587274412, "distance_km": 0.76012394587274412, "heading_deg": 277.3352915685403, "slope": 0.0, "slope_deg": 0.0 }, "geometry": { "type": "Point", "coordinates": [ 25.900009837230275, 44.635013162245954 ] } },
{ "type": "Feature", "properties": { "point_id": 256, "lon": 25.899983108325866, "lat": 44.635015610695788, "elevation_m": 0.0, "distance_m": 763.12394587263407, "distance_km": 0.7631239458726341, "heading_deg": 277.33529155422036, "slope": 0.0, "slope_deg": 0.0 }, "geometry": { "type": "Point", "coordinates": [ 25.899983108325866, 44.635015610695788 ] } },
{ "type": "Feature", "properties": { "point_id": 257, "lon": 25.899956379421457, "lat": 44.635018059145509, "elevation_m": 0.0, "distance_m": 766.12394587252402, "distance_km": 0.76612394587252397, "heading_deg": 277.33529156903825, "slope": 0.0, "slope_deg": 0.0 }, "geometry": { "type": "Point", "coordinates": [ 25.899956379421457, 44.635018059145509 ] } },
{ "type": "Feature", "properties": { "point_id": 258, "lon": 25.899929650517052, "lat": 44.635020507595137, "elevation_m": 0.0, "distance_m": 769.12394587241397, "distance_km": 0.76912394587241395, "heading_deg": 277.33529152471721, "slope": 0.0, "slope_deg": 0.0 }, "geometry": { "type": "Point", "coordinates": [ 25.899929650517052, 44.635020507595137 ] } },
{ "type": "Feature", "properties": { "point_id": 259, "lon": 25.89990292161264, "lat": 44.635022956044651, "elevation_m": 0.0, "distance_m": 772.12394587276572, "distance_km": 0.77212394587276567, "heading_deg": 277.33529155838471, "slope": 0.0, "slope_deg": 0.0 }, "geometry": { "type": "Point", "coordinates": [ 25.89990292161264, 44.635022956044651 ] } },
{ "type": "Feature", "properties": { "point_id": 260, "lon": 25.899876192708231, "lat": 44.635025404494073, "elevation_m": 0.0, "distance_m": 775.12394587277458, "distance_km": 0.77512394587277456, "heading_deg": 277.33529158176401, "slope": 0.0, "slope_deg": 0.0 }, "geometry": { "type": "Point", "coordinates": [ 25.899876192708231, 44.635025404494073 ] } },
{ "type": "Feature", "properties": { "point_id": 261, "lon": 25.899849463803822, "lat": 44.635027852943388, "elevation_m": 0.0, "distance_m": 778.12394587266454, "distance_km": 0.77812394587266454, "heading_deg": 277.33529155801932, "slope": 0.0, "slope_deg": 0.0 }, "geometry": { "type": "Point", "coordinates": [ 25.899849463803822, 44.635027852943388 ] } },
{ "type": "Feature", "properties": { "point_id": 262, "lon": 25.899822734899413, "lat": 44.635030301392597, "elevation_m": 0.0, "distance_m": 781.12394587255449, "distance_km": 0.78112394587255451, "heading_deg": 277.33529156254906, "slope": 0.0, "slope_deg": 0.0 }, "geometry": { "type": "Point", "coordinates": [ 25.899822734899413, 44.635030301392597 ] } },
{ "type": "Feature", "properties": { "point_id": 263, "lon": 25.899796005995004, "lat": 44.635032749841706, "elevation_m": 0.0, "distance_m": 784.12394587244444, "distance_km": 0.78412394587244438, "heading_deg": 277.33529150966649, "slope": 0.0, "slope_deg": 0.0 }, "geometry": { "type": "Point", "coordinates": [ 25.899796005995004, 44.635032749841706 ] } },
{ "type": "Feature", "properties": { "point_id": 264, "lon": 25.899769277090591, "lat": 44.635035198290694, "elevation_m": 0.0, "distance_m": 787.12394587279618, "distance_km": 0.78712394587279622, "heading_deg": 277.33529154419733, "slope": 0.0, "slope_deg": 0.0 }, "geometry": { "type": "Point", "coordinates": [ 25.899769277090591, 44.635035198290694 ] } },
{ "type": "Feature", "properties": { "point_id": 265, "lon": 25.899742548186186, "lat": 44.635037646739598, "elevation_m": 0.0, "distance_m": 790.12394587268614, "distance_km": 0.79012394587268608, "heading_deg": 277.33529156671335, "slope": 0.0, "slope_deg": 0.0 }, "geometry": { "type": "Point", "coordinates": [ 25.899742548186186, 44.635037646739598 ] } },
{ "type": "Feature", "properties": { "point_id": 266, "lon": 25.899715819281777, "lat": 44.635040095188394, "elevation_m": 0.0, "distance_m": 793.12394587257609, "distance_km": 0.79312394587257606, "heading_deg": 277.3352915429686, "slope": 0.0, "slope_deg": 0.0 }, "geometry": { "type": "Point", "coordinates": [ 25.899715819281777, 44.635040095188394 ] } },
{ "type": "Feature", "properties": { "point_id": 267, "lon": 25.899689090377368, "lat": 44.635042543637084, "elevation_m": 0.0, "distance_m": 796.12394587246604, "distance_km": 0.79612394587246604, "heading_deg": 277.33529156634796, "slope": 0.0, "slope_deg": 0.0 }, "geometry": { "type": "Point", "coordinates": [ 25.899689090377368, 44.635042543637084 ] } },
{ "type": "Feature", "properties": { "point_id": 268, "lon": 25.899662361472959, "lat": 44.635044992085675, "elevation_m": 0.0, "distance_m": 799.12394587235599, "distance_km": 0.79912394587235602, "heading_deg": 277.33529155116469, "slope": 0.0, "slope_deg": 0.0 }, "geometry": { "type": "Point", "coordinates": [ 25.899662361472959, 44.635044992085675 ] } },
{ "type": "Feature", "properties": { "point_id": 269, "lon": 25.899635632568547, "lat": 44.635047440534159, "elevation_m": 0.0, "distance_m": 802.12394587270774, "distance_km": 0.80212394587270774, "heading_deg": 277.33529156598257, "slope": 0.0, "slope_deg": 0.0 }, "geometry": { "type": "Point", "coordinates": [ 25.899635632568547, 44.635047440534159 ] } },
{ "type": "Feature", "properties": { "point_id": 270, "lon": 25.899608903664138, "lat": 44.635049888982543, "elevation_m": 0.0, "distance_m": 805.1239458727166, "distance_km": 0.80512394587271663, "heading_deg": 277.33529155252597, "slope": 0.0, "slope_deg": 0.0 }, "geometry": { "type": "Point", "coordinates": [ 25.899608903664138, 44.635049888982543 ] } },
{ "type": "Feature", "properties": { "point_id": 271, "lon": 25.899582174759733, "lat": 44.635052337430828, "elevation_m": 0.0, "distance_m": 808.12394587260655, "distance_km": 0.80812394587260661, "heading_deg": 277.33529154676756, "slope": 0.0, "slope_deg": 0.0 }, "geometry": { "type": "Point", "coordinates": [ 25.899582174759733, 44.635052337430828 ] } },
{ "type": "Feature", "properties": { "point_id": 272, "lon": 25.899555445855324, "lat": 44.635054785878999, "elevation_m": 0.0, "distance_m": 811.12394587249651, "distance_km": 0.81112394587249648, "heading_deg": 277.33529156072211, "slope": 0.0, "slope_deg": 0.0 }, "geometry": { "type": "Point", "coordinates": [ 25.899555445855324, 44.635054785878999 ] } },
{ "type": "Feature", "properties": { "point_id": 273, "lon": 25.899528716950915, "lat": 44.635057234327071, "elevation_m": 0.0, "distance_m": 814.12394587238646, "distance_km": 0.81412394587238646, "heading_deg": 277.33529154553884, "slope": 0.0, "slope_deg": 0.0 }, "geometry": { "type": "Point", "coordinates": [ 25.899528716950915, 44.635057234327071 ] } },
{ "type": "Feature", "properties": { "point_id": 274, "lon": 25.899501988046502, "lat": 44.635059682775044, "elevation_m": 0.0, "distance_m": 817.1239458727382, "distance_km": 0.81712394587273818, "heading_deg": 272.12408774370357, "slope": 0.0, "slope_deg": 0.0 }, "geometry": { "type": "Point", "coordinates": [ 25.899501988046502, 44.635059682775044 ] } },
{ "type": "Feature", "properties": { "point_id": 275, "lon": 25.899475167151486, "lat": 44.635060390645577, "elevation_m": 0.0, "distance_m": 820.11168710708137, "distance_km": 0.82011168710708138, "heading_deg": 266.97229205558159, "slope": 0.0, "slope_deg": 0.0 }, "geometry": { "type": "Point", "coordinates": [ 25.899475167151486, 44.635060390645577 ] } },
{ "type": "Feature", "properties": { "point_id": 276, "lon": 25.899448255311714, "lat": 44.635059377727643, "elevation_m": 0.0, "distance_m": 823.11168710710774, "distance_km": 0.82311168710710769, "heading_deg": 266.97229207986385, "slope": 0.0, "slope_deg": 0.0 }, "geometry": { "type": "Point", "coordinates": [ 25.899448255311714, 44.635059377727643 ] } },
{ "type": "Feature", "properties": { "point_id": 277, "lon": 25.899421343471943, "lat": 44.635058364809701, "elevation_m": 0.0, "distance_m": 826.11168710708489, "distance_km": 0.82611168710708494, "heading_deg": 266.97229209429963, "slope": 0.0, "slope_deg": 0.0 }, "geometry": { "type": "Point", "coordinates": [ 25.899421343471943, 44.635058364809701 ] } },
{ "type": "Feature", "properties": { "point_id": 278, "lon": 25.899394431632174, "lat": 44.635057351891739, "elevation_m": 0.0, "distance_m": 829.11168710711127, "distance_km": 0.82911168710711125, "heading_deg": 266.97229209047111, "slope": 0.0, "slope_deg": 0.0 }, "geometry": { "type": "Point", "coordinates": [ 25.899394431632174, 44.635057351891739 ] } },
{ "type": "Feature", "properties": { "point_id": 279, "lon": 25.899367519792403, "lat": 44.635056338973762, "elevation_m": 0.0, "distance_m": 832.11168710708841, "distance_km": 0.83211168710708838, "heading_deg": 241.22378413129644, "slope": 0.0, "slope_deg": 0.0 }, "geometry": { "type": "Point", "coordinates": [ 25.899367519792403, 44.635056338973762 ] } },
{ "type": "Feature", "properties": { "point_id": 280, "lon": 25.899346589334382, "lat": 44.635048158954277, "elevation_m": 0.0, "distance_m": 834.76993078779162, "distance_km": 0.8347699307877916, "heading_deg": 211.6180766092294, "slope": 0.0, "slope_deg": 0.0 }, "geometry": { "type": "Point", "coordinates": [ 25.899346589334382, 44.635048158954277 ] } },
{ "type": "Feature", "properties": { "point_id": 281, "lon": 25.89933246095886, "lat": 44.635031828437484, "elevation_m": 0.0, "distance_m": 837.76993078767055, "distance_km": 0.83776993078767059, "heading_deg": 211.6180766337003, "slope": 0.0, "slope_deg": 0.0 }, "geometry": { "type": "Point", "coordinates": [ 25.89933246095886, 44.635031828437484 ] } },
{ "type": "Feature", "properties": { "point_id": 282, "lon": 25.899318332583334, "lat": 44.635015497916108, "elevation_m": 0.0, "distance_m": 840.76993078779356, "distance_km": 0.84076993078779361, "heading_deg": 211.61807660757691, "slope": 0.0, "slope_deg": 0.0 }, "geometry": { "type": "Point", "coordinates": [ 25.899318332583334, 44.635015497916108 ] } },
{ "type": "Feature", "properties": { "point_id": 283, "lon": 25.899304204207812, "lat": 44.634999167390134, "elevation_m": 0.0, "distance_m": 843.76993078767248, "distance_km": 0.84376993078767248, "heading_deg": 203.58918399753452, "slope": 0.0, "slope_deg": 0.0 }, "geometry": { "type": "Point", "coordinates": [ 25.899304204207812, 44.634999167390134 ] } },
{ "type": "Feature", "properties": { "point_id": 284, "lon": 25.899293562224599, "lat": 44.634981824999436, "elevation_m": 0.0, "distance_m": 846.73027876773619, "distance_km": 0.84673027876773621, "heading_deg": 192.75899183489074, "slope": 0.0, "slope_deg": 0.0 }, "geometry": { "type": "Point", "coordinates": [ 25.899293562224599, 44.634981824999436 ] } },
{ "type": "Feature", "properties": { "point_id": 285, "lon": 25.899287610424178, "lat": 44.634963121365324, "elevation_m": 0.0, "distance_m": 849.73027876773972, "distance_km": 0.84973027876773977, "heading_deg": 192.75899182246386, "slope": 0.0, "slope_deg": 0.0 }, "geometry": { "type": "Point", "coordinates": [ 25.899287610424178, 44.634963121365324 ] } },
{ "type": "Feature", "properties": { "point_id": 286, "lon": 25.899281658623764, "lat": 44.634944417725194, "elevation_m": 0.0, "distance_m": 852.73027876774324, "distance_km": 0.85273027876774321, "heading_deg": 192.75899182352612, "slope": 0.0, "slope_deg": 0.0 }, "geometry": { "type": "Point", "coordinates": [ 25.899281658623764, 44.634944417725194 ] } },
{ "type": "Feature", "properties": { "point_id": 287, "lon": 25.899275706823342, "lat": 44.634925714079024, "elevation_m": 0.0, "distance_m": 855.73027876774677, "distance_km": 0.85573027876774677, "heading_deg": 192.75899182399013, "slope": 0.0, "slope_deg": 0.0 }, "geometry": { "type": "Point", "coordinates": [ 25.899275706823342, 44.634925714079024 ] } },
{ "type": "Feature", "properties": { "point_id": 288, "lon": 25.899269755022928, "lat": 44.634907010426843, "elevation_m": 0.0, "distance_m": 858.73027876764741, "distance_km": 0.8587302787676474, "heading_deg": 192.75899181396088, "slope": 0.0, "slope_deg": 0.0 }, "geometry": { "type": "Point", "coordinates": [ 25.899269755022928, 44.634907010426843 ] } },
{ "type": "Feature", "properties": { "point_id": 289, "lon": 25.899263803222514, "lat": 44.634888306768623, "elevation_m": 0.0, "distance_m": 861.73027876765093, "distance_km": 0.86173027876765096, "heading_deg": 192.7589918324104, "slope": 0.0, "slope_deg": 0.0 }, "geometry": { "type": "Point", "coordinates": [ 25.899263803222514, 44.634888306768623 ] } },
{ "type": "Feature", "properties": { "point_id": 290, "lon": 25.899257851422092, "lat": 44.634869603104377, "elevation_m": 0.0, "distance_m": 864.73027876765445, "distance_km": 0.8647302787676544, "heading_deg": 192.75899181788469, "slope": 0.0, "slope_deg": 0.0 }, "geometry": { "type": "Point", "coordinates": [ 25.899257851422092, 44.634869603104377 ] } },
{ "type": "Feature", "properties": { "point_id": 291, "lon": 25.899251899621678, "lat": 44.634850899434099, "elevation_m": 0.0, "distance_m": 867.73027876755509, "distance_km": 0.86773027876755504, "heading_deg": 192.75899182494359, "slope": 0.0, "slope_deg": 0.0 }, "geometry": { "type": "Point", "coordinates": [ 25.899251899621678, 44.634850899434099 ] } },
{ "type": "Feature", "properties": { "point_id": 292, "lon": 25.89924594782126, "lat": 44.634832195757795, "elevation_m": 0.0, "distance_m": 870.73027876755862, "distance_km": 0.8707302787675586, "heading_deg": 192.75899182390702, "slope": 0.0, "slope_deg": 0.0 }, "geometry": { "type": "Point", "coordinates": [ 25.89924594782126, 44.634832195757795 ] } },
{ "type": "Feature", "properties": { "point_id": 293, "lon": 25.899239996020842, "lat": 44.634813492075459, "elevation_m": 0.0, "distance_m": 873.73027876756214, "distance_km": 0.87373027876756215, "heading_deg": 192.75899182017355, "slope": 0.0, "slope_deg": 0.0 }, "geometry": { "type": "Point", "coordinates": [ 25.899239996020842, 44.634813492075459 ] } },
{ "type": "Feature", "properties": { "point_id": 294, "lon": 25.899234044220425, "lat": 44.634794788387097, "elevation_m": 0.0, "distance_m": 876.73027876756566, "distance_km": 0.87673027876756571, "heading_deg": 192.75899182303507, "slope": 0.0, "slope_deg": 0.0 }, "geometry": { "type": "Point", "coordinates": [ 25.899234044220425, 44.634794788387097 ] } },
{ "type": "Feature", "properties": { "point_id": 295, "lon": 25.89922809242001, "lat": 44.634776084692717, "elevation_m": 0.0, "distance_m": 879.7302787674663, "distance_km": 0.87973027876746634, "heading_deg": 192.75899181540336, "slope": 0.0, "slope_deg": 0.0 }, "geometry": { "type": "Point", "coordinates": [ 25.89922809242001, 44.634776084692717 ] } },
{ "type": "Feature", "properties": { "point_id": 296, "lon": 25.899222140619592, "lat": 44.634757380992291, "elevation_m": 0.0, "distance_m": 882.73027876746983, "distance_km": 0.88273027876746979, "heading_deg": 192.75899183355355, "slope": 0.0, "slope_deg": 0.0 }, "geometry": { "type": "Point", "coordinates": [ 25.899222140619592, 44.634757380992291 ] } },
{ "type": "Feature", "properties": { "point_id": 297, "lon": 25.899216188819171, "lat": 44.634738677285846, "elevation_m": 0.0, "distance_m": 885.73027876747335, "distance_km": 0.88573027876747334, "heading_deg": 190.48342946027341, "slope": 0.0, "slope_deg": 0.0 }, "geometry": { "type": "Point", "coordinates": [ 25.899216188819171, 44.634738677285846 ] } },
{ "type": "Feature", "properties": { "point_id": 298, "lon": 25.899211616648959, "lat": 44.634721094278362, "elevation_m": 0.0, "distance_m": 888.52757758480436, "distance_km": 0.88852757758480438, "heading_deg": 69.678176119459863, "slope": 0.0, "slope_deg": 0.0 }, "geometry": { "type": "Point", "coordinates": [ 25.899211616648959, 44.634721094278362 ] } },
{ "type": "Feature", "properties": { "point_id": 299, "lon": 25.899236888686215, "lat": 44.634727754395868, "elevation_m": 0.0, "distance_m": 891.52757758458529, "distance_km": 0.89152757758458534, "heading_deg": 69.678176118902797, "slope": 0.0, "slope_deg": 0.0 }, "geometry": { "type": "Point", "coordinates": [ 25.899236888686215, 44.634727754395868 ] } },
{ "type": "Feature", "properties": { "point_id": 300, "lon": 25.899262160723474, "lat": 44.634734414512614, "elevation_m": 0.0, "distance_m": 894.52757758468965, "distance_km": 0.8945275775846897, "heading_deg": 69.678176086915641, "slope": 0.0, "slope_deg": 0.0 }, "geometry": { "type": "Point", "coordinates": [ 25.899262160723474, 44.634734414512614 ] } },
{ "type": "Feature", "properties": { "point_id": 301, "lon": 25.899287432760733, "lat": 44.6347410746286, "elevation_m": 0.0, "distance_m": 897.52757758447058, "distance_km": 0.89752757758447055, "heading_deg": 69.678176086358576, "slope": 0.0, "slope_deg": 0.0 }, "geometry": { "type": "Point", "coordinates": [ 25.899287432760733, 44.6347410746286 ] } },
{ "type": "Feature", "properties": { "point_id": 302, "lon": 25.899312704797993, "lat": 44.634747734743819, "elevation_m": 0.0, "distance_m": 900.52757758501161, "distance_km": 0.90052757758501156, "heading_deg": 69.678176107837771, "slope": 0.0, "slope_deg": 0.0 }, "geometry": { "type": "Point", "coordinates": [ 25.899312704797993, 44.634747734743819 ] } },
{ "type": "Feature", "properties": { "point_id": 303, "lon": 25.899337976835248, "lat": 44.63475439485827, "elevation_m": 0.0, "distance_m": 903.52757758479254, "distance_km": 0.90352757758479252, "heading_deg": 69.67817609836959, "slope": 0.0, "slope_deg": 0.0 }, "geometry": { "type": "Point", "coordinates": [ 25.899337976835248, 44.63475439485827 ] } },
{ "type": "Feature", "properties": { "point_id": 304, "lon": 25.899363248872508, "lat": 44.63476105497196, "elevation_m": 0.0, "distance_m": 906.5275775848969, "distance_km": 0.90652757758489688, "heading_deg": 69.678176095464039, "slope": 0.0, "slope_deg": 0.0 }, "geometry": { "type": "Point", "coordinates": [ 25.899363248872508, 44.63476105497196 ] } },
{ "type": "Feature", "properties": { "point_id": 305, "lon": 25.899388520909767, "lat": 44.634767715084891, "elevation_m": 0.0, "distance_m": 909.52757758467783, "distance_km": 0.90952757758467784, "heading_deg": 69.678176070039569, "slope": 0.0, "slope_deg": 0.0 }, "geometry": { "type": "Point", "coordinates": [ 25.899388520909767, 44.634767715084891 ] } },
{ "type": "Feature", "properties": { "point_id": 306, "lon": 25.899413792947023, "lat": 44.634774375197061, "elevation_m": 0.0, "distance_m": 912.52757758478219, "distance_km": 0.9125275775847822, "heading_deg": 69.67817611403774, "slope": 0.0, "slope_deg": 0.0 }, "geometry": { "type": "Point", "coordinates": [ 25.899413792947023, 44.634774375197061 ] } },
{ "type": "Feature", "properties": { "point_id": 307, "lon": 25.899439064984279, "lat": 44.63478103530845, "elevation_m": 0.0, "distance_m": 915.52757758456312, "distance_km": 0.91552757758456316, "heading_deg": 69.67817611582899, "slope": 0.0, "slope_deg": 0.0 }, "geometry": { "type": "Point", "coordinates": [ 25.899439064984279, 44.63478103530845 ] } },
{ "type": "Feature", "properties": { "point_id": 308, "lon": 25.899464337021541, "lat": 44.634787695419078, "elevation_m": 0.0, "distance_m": 918.52757758478072, "distance_km": 0.91852757758478076, "heading_deg": 69.678176092752835, "slope": 0.0, "slope_deg": 0.0 }, "geometry": { "type": "Point", "coordinates": [ 25.899464337021541, 44.634787695419078 ] } },
{ "type": "Feature", "properties": { "point_id": 309, "lon": 25.899489609058801, "lat": 44.634794355528953, "elevation_m": 0.0, "distance_m": 921.52757758488508, "distance_km": 0.92152757758488513, "heading_deg": 69.678176076239424, "slope": 0.0, "slope_deg": 0.0 }, "geometry": { "type": "Point", "coordinates": [ 25.899489609058801, 44.634794355528953 ] } },
{ "type": "Feature", "properties": { "point_id": 310, "lon": 25.899514881096056, "lat": 44.634801015638054, "elevation_m": 0.0, "distance_m": 924.52757758466601, "distance_km": 0.92452757758466597, "heading_deg": 69.678176093504362, "slope": 0.0, "slope_deg": 0.0 }, "geometry": { "type": "Point", "coordinates": [ 25.899514881096056, 44.634801015638054 ] } },
{ "type": "Feature", "properties": { "point_id": 311, "lon": 25.899540153133312, "lat": 44.634807675746394, "elevation_m": 0.0, "distance_m": 927.52757758477037, "distance_km": 0.92752757758477034, "heading_deg": 69.678176108420928, "slope": 0.0, "slope_deg": 0.0 }, "geometry": { "type": "Point", "coordinates": [ 25.899540153133312, 44.634807675746394 ] } },
{ "type": "Feature", "properties": { "point_id": 312, "lon": 25.899565425170568, "lat": 44.634814335853967, "elevation_m": 0.0, "distance_m": 930.5275775845513, "distance_km": 0.93052757758455129, "heading_deg": 69.678176098952633, "slope": 0.0, "slope_deg": 0.0 }, "geometry": { "type": "Point", "coordinates": [ 25.899565425170568, 44.634814335853967 ] } },
{ "type": "Feature", "properties": { "point_id": 313, "lon": 25.899590697207827, "lat": 44.63482099596078, "elevation_m": 0.0, "distance_m": 933.52757758465566, "distance_km": 0.93352757758465565, "heading_deg": 69.678176096047025, "slope": 0.0, "slope_deg": 0.0 }, "geometry": { "type": "Point", "coordinates": [ 25.899590697207827, 44.63482099596078 ] } },
{ "type": "Feature", "properties": { "point_id": 314, "lon": 25.89961596924509, "lat": 44.634827656066825, "elevation_m": 0.0, "distance_m": 936.52757758487326, "distance_km": 0.93652757758487326, "heading_deg": 69.678176081881929, "slope": 0.0, "slope_deg": 0.0 }, "geometry": { "type": "Point", "coordinates": [ 25.89961596924509, 44.634827656066825 ] } },
{ "type": "Feature", "properties": { "point_id": 315, "lon": 25.899641241282346, "lat": 44.63483431617211, "elevation_m": 0.0, "distance_m": 939.52757758497762, "distance_km": 0.93952757758497762, "heading_deg": 69.678176105709554, "slope": 0.0, "slope_deg": 0.0 }, "geometry": { "type": "Point", "coordinates": [ 25.899641241282346, 44.63483431617211 ] } },
{ "type": "Feature", "properties": { "point_id": 316, "lon": 25.899666513319602, "lat": 44.634840976276628, "elevation_m": 0.0, "distance_m": 942.52757758475855, "distance_km": 0.94252757758475858, "heading_deg": 69.678176078419085, "slope": 0.0, "slope_deg": 0.0 }, "geometry": { "type": "Point", "coordinates": [ 25.899666513319602, 44.634840976276628 ] } },
{ "type": "Feature", "properties": { "point_id": 317, "lon": 25.899691785356861, "lat": 44.634847636380385, "elevation_m": 0.0, "distance_m": 945.52757758486291, "distance_km": 0.94552757758486294, "heading_deg": 69.678176124283141, "slope": 0.0, "slope_deg": 0.0 }, "geometry": { "type": "Point", "coordinates": [ 25.899691785356861, 44.634847636380385 ] } },
{ "type": "Feature", "properties": { "point_id": 318, "lon": 25.899717057394117, "lat": 44.634854296483368, "elevation_m": 0.0, "distance_m": 948.52757758464384, "distance_km": 0.94852757758464379, "heading_deg": 69.678176090429986, "slope": 0.0, "slope_deg": 0.0 }, "geometry": { "type": "Point", "coordinates": [ 25.899717057394117, 44.634854296483368 ] } },
{ "type": "Feature", "properties": { "point_id": 319, "lon": 25.899742329431376, "lat": 44.634860956585591, "elevation_m": 0.0, "distance_m": 951.52757758442476, "distance_km": 0.95152757758442474, "heading_deg": 69.678176105346495, "slope": 0.0, "slope_deg": 0.0 }, "geometry": { "type": "Point", "coordinates": [ 25.899742329431376, 44.634860956585591 ] } },
{ "type": "Feature", "properties": { "point_id": 320, "lon": 25.899767601468636, "lat": 44.634867616687053, "elevation_m": 0.0, "distance_m": 954.5275775849658, "distance_km": 0.95452757758496576, "heading_deg": 69.678176100092401, "slope": 0.0, "slope_deg": 0.0 }, "geometry": { "type": "Point", "coordinates": [ 25.899767601468636, 44.634867616687053 ] } },
{ "type": "Feature", "properties": { "point_id": 321, "lon": 25.899792873505891, "lat": 44.634874276787748, "elevation_m": 0.0, "distance_m": 957.52757758474672, "distance_km": 0.95752757758474671, "heading_deg": 69.678176079364619, "slope": 0.0, "slope_deg": 0.0 }, "geometry": { "type": "Point", "coordinates": [ 25.899792873505891, 44.634874276787748 ] } },
{ "type": "Feature", "properties": { "point_id": 322, "lon": 25.899818145543151, "lat": 44.634880936887683, "elevation_m": 0.0, "distance_m": 960.52757758485109, "distance_km": 0.96052757758485108, "heading_deg": 69.678176105540615, "slope": 0.0, "slope_deg": 0.0 }, "geometry": { "type": "Point", "coordinates": [ 25.899818145543151, 44.634880936887683 ] } },
{ "type": "Feature", "properties": { "point_id": 323, "lon": 25.89984341758041, "lat": 44.634887596986843, "elevation_m": 0.0, "distance_m": 963.52757758463201, "distance_km": 0.96352757758463203, "heading_deg": 69.678176091375462, "slope": 0.0, "slope_deg": 0.0 }, "geometry": { "type": "Point", "coordinates": [ 25.89984341758041, 44.634887596986843 ] } },
{ "type": "Feature", "properties": { "point_id": 324, "lon": 25.899868689617666, "lat": 44.63489425708525, "elevation_m": 0.0, "distance_m": 966.52757758473638, "distance_km": 0.9665275775847364, "heading_deg": 69.678176088469741, "slope": 0.0, "slope_deg": 0.0 }, "geometry": { "type": "Point", "coordinates": [ 25.899868689617666, 44.63489425708525 ] } },
{ "type": "Feature", "properties": { "point_id": 325, "lon": 25.899893961654922, "lat": 44.63490091718289, "elevation_m": 0.0, "distance_m": 969.5275775845173, "distance_km": 0.96952757758451735, "heading_deg": 69.678176090260877, "slope": 0.0, "slope_deg": 0.0 }, "geometry": { "type": "Point", "coordinates": [ 25.899893961654922, 44.63490091718289 ] } },
{ "type": "Feature", "properties": { "point_id": 326, "lon": 25.899919233692184, "lat": 44.634907577279769, "elevation_m": 0.0, "distance_m": 972.52757758505834, "distance_km": 0.97252757758505837, "heading_deg": 69.678176098132155, "slope": 0.0, "slope_deg": 0.0 }, "geometry": { "type": "Point", "coordinates": [ 25.899919233692184, 44.634907577279769 ] } },
{ "type": "Feature", "properties": { "point_id": 327, "lon": 25.89994450572944, "lat": 44.634914237375874, "elevation_m": 0.0, "distance_m": 975.52757758483926, "distance_km": 0.97552757758483921, "heading_deg": 69.678176091012119, "slope": 0.0, "slope_deg": 0.0 }, "geometry": { "type": "Point", "coordinates": [ 25.89994450572944, 44.634914237375874 ] } },
{ "type": "Feature", "properties": { "point_id": 328, "lon": 25.8999697777667, "lat": 44.634920897471218, "elevation_m": 0.0, "distance_m": 978.52757758462019, "distance_km": 0.97852757758462017, "heading_deg": 69.678176103580199, "slope": 0.0, "slope_deg": 0.0 }, "geometry": { "type": "Point", "coordinates": [ 25.8999697777667, 44.634920897471218 ] } },
{ "type": "Feature", "properties": { "point_id": 329, "lon": 25.899995049803955, "lat": 44.634927557565796, "elevation_m": 0.0, "distance_m": 981.52757758472455, "distance_km": 0.98152757758472453, "heading_deg": 69.678176100674534, "slope": 0.0, "slope_deg": 0.0 }, "geometry": { "type": "Point", "coordinates": [ 25.899995049803955, 44.634927557565796 ] } },
{ "type": "Feature", "properties": { "point_id": 330, "lon": 25.900020321841215, "lat": 44.634934217659612, "elevation_m": 0.0, "distance_m": 984.52757758450548, "distance_km": 0.98452757758450549, "heading_deg": 69.678176079946638, "slope": 0.0, "slope_deg": 0.0 }, "geometry": { "type": "Point", "coordinates": [ 25.900020321841215, 44.634934217659612 ] } },
{ "type": "Feature", "properties": { "point_id": 331, "lon": 25.90004559387847, "lat": 44.634940877752669, "elevation_m": 0.0, "distance_m": 987.52757758460984, "distance_km": 0.98752757758460985, "heading_deg": 69.678176099559835, "slope": 0.0, "slope_deg": 0.0 }, "geometry": { "type": "Point", "coordinates": [ 25.90004559387847, 44.634940877752669 ] } },
{ "type": "Feature", "properties": { "point_id": 332, "lon": 25.900070865915733, "lat": 44.634947537844958, "elevation_m": 0.0, "distance_m": 990.52757758482744, "distance_km": 0.99052757758482746, "heading_deg": 69.678176100868427, "slope": 0.0, "slope_deg": 0.0 }, "geometry": { "type": "Point", "coordinates": [ 25.900070865915733, 44.634947537844958 ] } },
{ "type": "Feature", "properties": { "point_id": 333, "lon": 25.900096137952989, "lat": 44.63495419793648, "elevation_m": 0.0, "distance_m": 993.52757758493181, "distance_km": 0.99352757758493182, "heading_deg": 69.678176091400019, "slope": 0.0, "slope_deg": 0.0 }, "geometry": { "type": "Point", "coordinates": [ 25.900096137952989, 44.63495419793648 ] } },
{ "type": "Feature", "properties": { "point_id": 334, "lon": 25.900121409990248, "lat": 44.634960858027242, "elevation_m": 0.0, "distance_m": 996.52757758471273, "distance_km": 0.99652757758471278, "heading_deg": 69.678176110530728, "slope": 0.0, "slope_deg": 0.0 }, "geometry": { "type": "Point", "coordinates": [ 25.900121409990248, 44.634960858027242 ] } },
{ "type": "Feature", "properties": { "point_id": 335, "lon": 25.900146682027504, "lat": 44.634967518117236, "elevation_m": 0.0, "distance_m": 999.5275775848171, "distance_km": 0.99952757758481714, "heading_deg": 69.678176109973379, "slope": 0.0, "slope_deg": 0.0 }, "geometry": { "type": "Point", "coordinates": [ 25.900146682027504, 44.634967518117236 ] } },
{ "type": "Feature", "properties": { "point_id": 336, "lon": 25.90017195406476, "lat": 44.634974178206463, "elevation_m": 0.0, "distance_m": 1002.527577584598, "distance_km": 1.0025275775845981, "heading_deg": 69.678176089245426, "slope": 0.0, "slope_deg": 0.0 }, "geometry": { "type": "Point", "coordinates": [ 25.90017195406476, 44.634974178206463 ] } },
{ "type": "Feature", "properties": { "point_id": 337, "lon": 25.900197226102016, "lat": 44.634980838294929, "elevation_m": 0.0, "distance_m": 1005.5275775847024, "distance_km": 1.0055275775847023, "heading_deg": 69.678176111207051, "slope": 0.0, "slope_deg": 0.0 }, "geometry": { "type": "Point", "coordinates": [ 25.900197226102016, 44.634980838294929 ] } },
{ "type": "Feature", "properties": { "point_id": 338, "lon": 25.900222498139282, "lat": 44.634987498382628, "elevation_m": 0.0, "distance_m": 1008.52757758492, "distance_km": 1.0085275775849201, "heading_deg": 69.678176072174381, "slope": 0.0, "slope_deg": 0.0 }, "geometry": { "type": "Point", "coordinates": [ 25.900222498139282, 44.634987498382628 ] } },
{ "type": "Feature", "properties": { "point_id": 339, "lon": 25.900247770176538, "lat": 44.634994158469567, "elevation_m": 0.0, "distance_m": 1011.5275775847009, "distance_km": 1.0115275775847008, "heading_deg": 69.67817608052809, "slope": 0.0, "slope_deg": 0.0 }, "geometry": { "type": "Point", "coordinates": [ 25.900247770176538, 44.634994158469567 ] } },
{ "type": "Feature", "properties": { "point_id": 340, "lon": 25.900273042213794, "lat": 44.635000818555746, "elevation_m": 0.0, "distance_m": 1014.5275775848053, "distance_km": 1.0145275775848053, "heading_deg": 69.678176113266716, "slope": 0.0, "slope_deg": 0.0 }, "geometry": { "type": "Point", "coordinates": [ 25.900273042213794, 44.635000818555746 ] } },
{ "type": "Feature", "properties": { "point_id": 341, "lon": 25.900298314251049, "lat": 44.63500747864115, "elevation_m": 0.0, "distance_m": 1017.5275775845862, "distance_km": 1.0175275775845862, "heading_deg": 69.678176103798251, "slope": 0.0, "slope_deg": 0.0 }, "geometry": { "type": "Point", "coordinates": [ 25.900298314251049, 44.63500747864115 ] } },
{ "type": "Feature", "properties": { "point_id": 342, "lon": 25.900323586288309, "lat": 44.635014138725793, "elevation_m": 0.0, "distance_m": 1020.5275775846906, "distance_km": 1.0205275775846905, "heading_deg": 69.678176107455101, "slope": 0.0, "slope_deg": 0.0 }, "geometry": { "type": "Point", "coordinates": [ 25.900323586288309, 44.635014138725793 ] } },
{ "type": "Feature", "properties": { "point_id": 343, "lon": 25.900348858325568, "lat": 44.63502079880967, "elevation_m": 0.0, "distance_m": 1023.5275775844715, "distance_km": 1.0235275775844714, "heading_deg": 69.678176106897695, "slope": 0.0, "slope_deg": 0.0 }, "geometry": { "type": "Point", "coordinates": [ 25.900348858325568, 44.63502079880967 ] } },
{ "type": "Feature", "properties": { "point_id": 344, "lon": 25.900374130362827, "lat": 44.635027458892786, "elevation_m": 0.0, "distance_m": 1026.5275775850125, "distance_km": 1.0265275775850125, "heading_deg": 69.678176074910198, "slope": 0.0, "slope_deg": 0.0 }, "geometry": { "type": "Point", "coordinates": [ 25.900374130362827, 44.635027458892786 ] } },
{ "type": "Feature", "properties": { "point_id": 345, "lon": 25.900399402400083, "lat": 44.635034118975142, "elevation_m": 0.0, "distance_m": 1029.5275775847936, "distance_km": 1.0295275775847936, "heading_deg": 69.678176074352734, "slope": 0.0, "slope_deg": 0.0 }, "geometry": { "type": "Point", "coordinates": [ 25.900399402400083, 44.635034118975142 ] } },
{ "type": "Feature", "properties": { "point_id": 346, "lon": 25.900424674437343, "lat": 44.63504077905673, "elevation_m": 0.0, "distance_m": 1032.5275775848979, "distance_km": 1.0325275775848979, "heading_deg": 69.678176104742988, "slope": 0.0, "slope_deg": 0.0 }, "geometry": { "type": "Point", "coordinates": [ 25.900424674437343, 44.63504077905673 ] } },
{ "type": "Feature", "properties": { "point_id": 347, "lon": 25.900449946474602, "lat": 44.635047439137551, "elevation_m": 0.0, "distance_m": 1035.527577584679, "distance_km": 1.0355275775846791, "heading_deg": 69.678176137481614, "slope": 0.0, "slope_deg": 0.0 }, "geometry": { "type": "Point", "coordinates": [ 25.900449946474602, 44.635047439137551 ] } },
{ "type": "Feature", "properties": { "point_id": 348, "lon": 25.900475218511858, "lat": 44.635054099217598, "elevation_m": 0.0, "distance_m": 1038.52757758446, "distance_km": 1.03852757758446, "heading_deg": 69.678176072197971, "slope": 0.0, "slope_deg": 0.0 }, "geometry": { "type": "Point", "coordinates": [ 25.900475218511858, 44.635054099217598 ] } },
{ "type": "Feature", "properties": { "point_id": 349, "lon": 25.900500490549113, "lat": 44.635060759296898, "elevation_m": 0.0, "distance_m": 1041.5275775845644, "distance_km": 1.0415275775845643, "heading_deg": 69.678176089462738, "slope": 0.0, "slope_deg": 0.0 }, "geometry": { "type": "Point", "coordinates": [ 25.900500490549113, 44.635060759296898 ] } },
{ "type": "Feature", "properties": { "point_id": 350, "lon": 25.900525762586373, "lat": 44.635067419375432, "elevation_m": 0.0, "distance_m": 1044.527577584782, "distance_km": 1.044527577584782, "heading_deg": 69.678176102030704, "slope": 0.0, "slope_deg": 0.0 }, "geometry": { "type": "Point", "coordinates": [ 25.900525762586373, 44.635067419375432 ] } },
{ "type": "Feature", "properties": { "point_id": 351, "lon": 25.900551034623632, "lat": 44.63507407945319, "elevation_m": 0.0, "distance_m": 1047.5275775848863, "distance_km": 1.0475275775848862, "heading_deg": 69.678176110384356, "slope": 0.0, "slope_deg": 0.0 }, "geometry": { "type": "Point", "coordinates": [ 25.900551034623632, 44.63507407945319 ] } },
{ "type": "Feature", "properties": { "point_id": 352, "lon": 25.900576306660891, "lat": 44.635080739530189, "elevation_m": 0.0, "distance_m": 1050.5275775846674, "distance_km": 1.0505275775846674, "heading_deg": 69.678176105130092, "slope": 0.0, "slope_deg": 0.0 }, "geometry": { "type": "Point", "coordinates": [ 25.900576306660891, 44.635080739530189 ] } },
{ "type": "Feature", "properties": { "point_id": 353, "lon": 25.900601578698147, "lat": 44.635087399606427, "elevation_m": 0.0, "distance_m": 1053.5275775847717, "distance_km": 1.0535275775847717, "heading_deg": 69.678176084402025, "slope": 0.0, "slope_deg": 0.0 }, "geometry": { "type": "Point", "coordinates": [ 25.900601578698147, 44.635087399606427 ] } },
{ "type": "Feature", "properties": { "point_id": 354, "lon": 25.900626850735403, "lat": 44.635094059681897, "elevation_m": 0.0, "distance_m": 1056.5275775845528, "distance_km": 1.0565275775845528, "heading_deg": 69.678176090407192, "slope": 0.0, "slope_deg": 0.0 }, "geometry": { "type": "Point", "coordinates": [ 25.900626850735403, 44.635094059681897 ] } },
{ "type": "Feature", "properties": { "point_id": 355, "lon": 25.900652122772662, "lat": 44.635100719756615, "elevation_m": 0.0, "distance_m": 1059.5275775846571, "distance_km": 1.0595275775846571, "heading_deg": 69.678176127842619, "slope": 0.0, "slope_deg": 0.0 }, "geometry": { "type": "Point", "coordinates": [ 25.900652122772662, 44.635100719756615 ] } },
{ "type": "Feature", "properties": { "point_id": 356, "lon": 25.900677394809925, "lat": 44.635107379830551, "elevation_m": 0.0, "distance_m": 1062.5275775848747, "distance_km": 1.0625275775848748, "heading_deg": 69.67817604003983, "slope": 0.0, "slope_deg": 0.0 }, "geometry": { "type": "Point", "coordinates": [ 25.900677394809925, 44.635107379830551 ] } },
{ "type": "Feature", "properties": { "point_id": 357, "lon": 25.900702666847181, "lat": 44.63511403990374, "elevation_m": 0.0, "distance_m": 1065.5275775849791, "distance_km": 1.0655275775849791, "heading_deg": 69.678176135156264, "slope": 0.0, "slope_deg": 0.0 }, "geometry": { "type": "Point", "coordinates": [ 25.900702666847181, 44.63511403990374 ] } },
{ "type": "Feature", "properties": { "point_id": 358, "lon": 25.900727938884437, "lat": 44.635120699976142, "elevation_m": 0.0, "distance_m": 1068.5275775847601, "distance_km": 1.0685275775847602, "heading_deg": 69.678176072220879, "slope": 0.0, "slope_deg": 0.0 }, "geometry": { "type": "Point", "coordinates": [ 25.900727938884437, 44.635120699976142 ] } },
{ "type": "Feature", "properties": { "point_id": 359, "lon": 25.900753210921696, "lat": 44.635127360047797, "elevation_m": 0.0, "distance_m": 1071.5275775845412, "distance_km": 1.0715275775845412, "heading_deg": 69.678176118084934, "slope": 0.0, "slope_deg": 0.0 }, "geometry": { "type": "Point", "coordinates": [ 25.900753210921696, 44.635127360047797 ] } },
{ "type": "Feature", "properties": { "point_id": 360, "lon": 25.900778482958952, "lat": 44.635134020118677, "elevation_m": 0.0, "distance_m": 1074.5275775846455, "distance_km": 1.0745275775846455, "heading_deg": 69.678176081882896, "slope": 0.0, "slope_deg": 0.0 }, "geometry": { "type": "Point", "coordinates": [ 25.900778482958952, 44.635134020118677 ] } },
{ "type": "Feature", "properties": { "point_id": 361, "lon": 25.900803754996208, "lat": 44.635140680188805, "elevation_m": 0.0, "distance_m": 1077.5275775844266, "distance_km": 1.0775275775844266, "heading_deg": 69.678176110407151, "slope": 0.0, "slope_deg": 0.0 }, "geometry": { "type": "Point", "coordinates": [ 25.900803754996208, 44.635140680188805 ] } },
{ "type": "Feature", "properties": { "point_id": 362, "lon": 25.90082902703347, "lat": 44.635147340258158, "elevation_m": 0.0, "distance_m": 1080.5275775849677, "distance_km": 1.0805275775849676, "heading_deg": 69.678176078419426, "slope": 0.0, "slope_deg": 0.0 }, "geometry": { "type": "Point", "coordinates": [ 25.90082902703347, 44.635147340258158 ] } },
{ "type": "Feature", "properties": { "point_id": 363, "lon": 25.90085429907073, "lat": 44.63515400032675, "elevation_m": 0.0, "distance_m": 1083.5275775847488, "distance_km": 1.0835275775847488, "heading_deg": 69.678176097550079, "slope": 0.0, "slope_deg": 0.0 }, "geometry": { "type": "Point", "coordinates": [ 25.90085429907073, 44.63515400032675 ] } },
{ "type": "Feature", "properties": { "point_id": 364, "lon": 25.900879571107986, "lat": 44.635160660394575, "elevation_m": 0.0, "distance_m": 1086.5275775848531, "distance_km": 1.0865275775848531, "heading_deg": 69.678176088081386, "slope": 0.0, "slope_deg": 0.0 }, "geometry": { "type": "Point", "coordinates": [ 25.900879571107986, 44.635160660394575 ] } },
{ "type": "Feature", "properties": { "point_id": 365, "lon": 25.900904843145241, "lat": 44.63516732046164, "elevation_m": 0.0, "distance_m": 1089.5275775846342, "distance_km": 1.0895275775846343, "heading_deg": 69.678176076264322, "slope": 0.0, "slope_deg": 0.0 }, "geometry": { "type": "Point", "coordinates": [ 25.900904843145241, 44.63516732046164 ] } },
{ "type": "Feature", "properties": { "point_id": 366, "lon": 25.900930115182497, "lat": 44.635173980527945, "elevation_m": 0.0, "distance_m": 1092.5275775847385, "distance_km": 1.0925275775847385, "heading_deg": 69.678176095877404, "slope": 0.0, "slope_deg": 0.0 }, "geometry": { "type": "Point", "coordinates": [ 25.900930115182497, 44.635173980527945 ] } },
{ "type": "Feature", "properties": { "point_id": 367, "lon": 25.90095538721976, "lat": 44.635180640593475, "elevation_m": 0.0, "distance_m": 1095.5275775849561, "distance_km": 1.0955275775849562, "heading_deg": 69.678176123919172, "slope": 0.0, "slope_deg": 0.0 }, "geometry": { "type": "Point", "coordinates": [ 25.90095538721976, 44.635180640593475 ] } },
{ "type": "Feature", "properties": { "point_id": 368, "lon": 25.900980659257019, "lat": 44.635187300658238, "elevation_m": 0.0, "distance_m": 1098.5275775847372, "distance_km": 1.0985275775847372, "heading_deg": 69.67817609427982, "slope": 0.0, "slope_deg": 0.0 }, "geometry": { "type": "Point", "coordinates": [ 25.900980659257019, 44.635187300658238 ] } },
{ "type": "Feature", "properties": { "point_id": 369, "lon": 25.901005931294275, "lat": 44.635193960722248, "elevation_m": 0.0, "distance_m": 1101.5275775848415, "distance_km": 1.1015275775848414, "heading_deg": 69.678176109196102, "slope": 0.0, "slope_deg": 0.0 }, "geometry": { "type": "Point", "coordinates": [ 25.901005931294275, 44.635193960722248 ] } },
{ "type": "Feature", "properties": { "point_id": 370, "lon": 25.901031203331531, "lat": 44.63520062078549, "elevation_m": 0.0, "distance_m": 1104.5275775846226, "distance_km": 1.1045275775846226, "heading_deg": 63.888932978300488, "slope": 0.0, "slope_deg": 0.0 }, "geometry": { "type": "Point", "coordinates": [ 25.901031203331531, 44.63520062078549 ] } },
{ "type": "Feature", "properties": { "point_id": 371, "lon": 25.901055147471798, "lat": 44.635208971947577, "elevation_m": 0.0, "distance_m": 1107.4959737402671, "distance_km": 1.1074959737402672, "heading_deg": 51.93210919489394, "slope": 0.0, "slope_deg": 0.0 }, "geometry": { "type": "Point", "coordinates": [ 25.901055147471798, 44.635208971947577 ] } },
{ "type": "Feature", "properties": { "point_id": 372, "lon": 25.901076364262309, "lat": 44.635220796434481, "elevation_m": 0.0, "distance_m": 1110.4959737402362, "distance_km": 1.1104959737402362, "heading_deg": 51.932109173392234, "slope": 0.0, "slope_deg": 0.0 }, "geometry": { "type": "Point", "coordinates": [ 25.901076364262309, 44.635220796434481 ] } },
{ "type": "Feature", "properties": { "point_id": 373, "lon": 25.901097581052827, "lat": 44.635232620918977, "elevation_m": 0.0, "distance_m": 1113.4959737399977, "distance_km": 1.1134959737399976, "heading_deg": 51.932109167591932, "slope": 0.0, "slope_deg": 0.0 }, "geometry": { "type": "Point", "coordinates": [ 25.901097581052827, 44.635232620918977 ] } },
{ "type": "Feature", "properties": { "point_id": 374, "lon": 25.901118797843335, "lat": 44.635244445401071, "elevation_m": 0.0, "distance_m": 1116.4959737399668, "distance_km": 1.1164959737399667, "heading_deg": 51.932109149401981, "slope": 0.0, "slope_deg": 0.0 }, "geometry": { "type": "Point", "coordinates": [ 25.901118797843335, 44.635244445401071 ] } },
{ "type": "Feature", "properties": { "point_id": 375, "lon": 25.90114001463385, "lat": 44.635256269880756, "elevation_m": 0.0, "distance_m": 1119.4959737399358, "distance_km": 1.1194959737399359, "heading_deg": 51.932109160279254, "slope": 0.0, "slope_deg": 0.0 }, "geometry": { "type": "Point", "coordinates": [ 25.90114001463385, 44.635256269880756 ] } },
{ "type": "Feature", "properties": { "point_id": 376, "lon": 25.901161231424361, "lat": 44.635268094358025, "elevation_m": 0.0, "distance_m": 1122.4959737399049, "distance_km": 1.122495973739905, "heading_deg": 51.932109160363495, "slope": 0.0, "slope_deg": 0.0 }, "geometry": { "type": "Point", "coordinates": [ 25.901161231424361, 44.635268094358025 ] } },
{ "type": "Feature", "properties": { "point_id": 377, "lon": 25.901182448214879, "lat": 44.635279918832893, "elevation_m": 0.0, "distance_m": 1125.4959737402405, "distance_km": 1.1254959737402406, "heading_deg": 51.932109174552579, "slope": 0.0, "slope_deg": 0.0 }, "geometry": { "type": "Point", "coordinates": [ 25.901182448214879, 44.635279918832893 ] } },
{ "type": "Feature", "properties": { "point_id": 378, "lon": 25.90120366500539, "lat": 44.635291743305338, "elevation_m": 0.0, "distance_m": 1128.4959737402096, "distance_km": 1.1284959737402096, "heading_deg": 24.572308734969511, "slope": 0.0, "slope_deg": 0.0 }, "geometry": { "type": "Point", "coordinates": [ 25.90120366500539, 44.635291743305338 ] } },
{ "type": "Feature", "properties": { "point_id": 379, "lon": 25.90121403894479, "lat": 44.63530788765587, "elevation_m": 0.0, "distance_m": 1131.2730463221774, "distance_km": 1.1312730463221774, "heading_deg": 6.5552312575663905, "slope": 0.0, "slope_deg": 0.0 }, "geometry": { "type": "Point", "coordinates": [ 25.90121403894479, 44.63530788765587 ] } },
{ "type": "Feature", "properties": { "point_id": 380, "lon": 25.901217115520591, "lat": 44.635326939330184, "elevation_m": 0.0, "distance_m": 1134.2730463219323, "distance_km": 1.1342730463219324, "heading_deg": 6.5552312593126203, "slope": 0.0, "slope_deg": 0.0 }, "geometry": { "type": "Point", "coordinates": [ 25.901217115520591, 44.635326939330184 ] } },
{ "type": "Feature", "properties": { "point_id": 381, "lon": 25.901220192096392, "lat": 44.63534599099826, "elevation_m": 0.0, "distance_m": 1137.2730463217404, "distance_km": 1.1372730463217404, "heading_deg": 6.555231251753753, "slope": 0.0, "slope_deg": 0.0 }, "geometry": { "type": "Point", "coordinates": [ 25.901220192096392, 44.63534599099826 ] } },
{ "type": "Feature", "properties": { "point_id": 382, "lon": 25.90122326867219, "lat": 44.635365042660062, "elevation_m": 0.0, "distance_m": 1140.2730463214953, "distance_km": 1.1402730463214952, "heading_deg": 6.555231255878482, "slope": 0.0, "slope_deg": 0.0 }, "geometry": { "type": "Point", "coordinates": [ 25.90122326867219, 44.635365042660062 ] } },
{ "type": "Feature", "properties": { "point_id": 383, "lon": 25.901226345247995, "lat": 44.635384094315633, "elevation_m": 0.0, "distance_m": 1143.2730463222285, "distance_km": 1.1432730463222285, "heading_deg": 6.5552312660944949, "slope": 0.0, "slope_deg": 0.0 }, "geometry": { "type": "Point", "coordinates": [ 25.901226345247995, 44.635384094315633 ] } },
{ "type": "Feature", "properties": { "point_id": 384, "lon": 25.901229421823796, "lat": 44.635403145964929, "elevation_m": 0.0, "distance_m": 1146.2730463219834, "distance_km": 1.1462730463219835, "heading_deg": 6.5552312554899004, "slope": 0.0, "slope_deg": 0.0 }, "geometry": { "type": "Point", "coordinates": [ 25.901229421823796, 44.635403145964929 ] } },
{ "type": "Feature", "properties": { "point_id": 385, "lon": 25.901232498399597, "lat": 44.635422197607973, "elevation_m": 0.0, "distance_m": 1149.2730463217915, "distance_km": 1.1492730463217915, "heading_deg": 329.57743358641051, "slope": 0.0, "slope_deg": 0.0 }, "geometry": { "type": "Point", "coordinates": [ 25.901232498399597, 44.635422197607973 ] } },
{ "type": "Feature", "properties": { "point_id": 386, "lon": 25.901220141969318, "lat": 44.635437170941898, "elevation_m": 0.0, "distance_m": 1151.9894434680016, "distance_km": 1.1519894434680016, "heading_deg": 312.69855028953617, "slope": 0.0, "slope_deg": 0.0 }, "geometry": { "type": "Point", "coordinates": [ 25.901220141969318, 44.635437170941898 ] } },
{ "type": "Feature", "properties": { "point_id": 387, "lon": 25.901200335954286, "lat": 44.635450175656331, "elevation_m": 0.0, "distance_m": 1154.9894434683742, "distance_km": 1.1549894434683743, "heading_deg": 312.69855030796066, "slope": 0.0, "slope_deg": 0.0 }, "geometry": { "type": "Point", "coordinates": [ 25.901200335954286, 44.635450175656331 ] } },
{ "type": "Feature", "properties": { "point_id": 388, "lon": 25.901180529939257, "lat": 44.635463180367843, "elevation_m": 0.0, "distance_m": 1157.9894434677731, "distance_km": 1.1579894434677731, "heading_deg": 312.69855030804285, "slope": 0.0, "slope_deg": 0.0 }, "geometry": { "type": "Point", "coordinates": [ 25.901180529939257, 44.635463180367843 ] } },
{ "type": "Feature", "properties": { "point_id": 389, "lon": 25.901160723924225, "lat": 44.635476185076456, "elevation_m": 0.0, "distance_m": 1160.9894434681457, "distance_km": 1.1609894434681458, "heading_deg": 312.69855028936109, "slope": 0.0, "slope_deg": 0.0 }, "geometry": { "type": "Point", "coordinates": [ 25.901160723924225, 44.635476185076456 ] } },
{ "type": "Feature", "properties": { "point_id": 390, "lon": 25.901140917909188, "lat": 44.635489189782142, "elevation_m": 0.0, "distance_m": 1163.9894434678868, "distance_km": 1.1639894434678868, "heading_deg": 312.69855031258214, "slope": 0.0, "slope_deg": 0.0 }, "geometry": { "type": "Point", "coordinates": [ 25.901140917909188, 44.635489189782142 ] } },
{ "type": "Feature", "properties": { "point_id": 391, "lon": 25.901121111894156, "lat": 44.635502194484914, "elevation_m": 0.0, "distance_m": 1166.9894434682594, "distance_km": 1.1669894434682595, "heading_deg": 312.69855032402302, "slope": 0.0, "slope_deg": 0.0 }, "geometry": { "type": "Point", "coordinates": [ 25.901121111894156, 44.635502194484914 ] } },
{ "type": "Feature", "properties": { "point_id": 392, "lon": 25.901101305879127, "lat": 44.635515199184788, "elevation_m": 0.0, "distance_m": 1169.9894434682897, "distance_km": 1.1699894434682896, "heading_deg": 312.69855028918636, "slope": 0.0, "slope_deg": 0.0 }, "geometry": { "type": "Point", "coordinates": [ 25.901101305879127, 44.635515199184788 ] } },
{ "type": "Feature", "properties": { "point_id": 393, "lon": 25.901081499864095, "lat": 44.635528203881734, "elevation_m": 0.0, "distance_m": 1172.9894434680307, "distance_km": 1.1729894434680306, "heading_deg": 312.6985503100093, "slope": 0.0, "slope_deg": 0.0 }, "geometry": { "type": "Point", "coordinates": [ 25.901081499864095, 44.635528203881734 ] } },
{ "type": "Feature", "properties": { "point_id": 394, "lon": 25.901061693849062, "lat": 44.635541208575766, "elevation_m": 0.0, "distance_m": 1175.9894434684034, "distance_km": 1.1759894434684033, "heading_deg": 299.25801256736958, "slope": 0.0, "slope_deg": 0.0 }, "geometry": { "type": "Point", "coordinates": [ 25.901061693849062, 44.635541208575766 ] } },
{ "type": "Feature", "properties": { "point_id": 395, "lon": 25.901039689075642, "lat": 44.635549980565777, "elevation_m": 0.0, "distance_m": 1178.7971948492407, "distance_km": 1.1787971948492406, "heading_deg": 267.87506053738809, "slope": 0.0, "slope_deg": 0.0 }, "geometry": { "type": "Point", "coordinates": [ 25.901039689075642, 44.635549980565777 ] } },
{ "type": "Feature", "properties": { "point_id": 396, "lon": 25.901012758149104, "lat": 44.635549269505638, "elevation_m": 0.0, "distance_m": 1181.7971948493291, "distance_km": 1.1817971948493291, "heading_deg": 267.87506057264744, "slope": 0.0, "slope_deg": 0.0 }, "geometry": { "type": "Point", "coordinates": [ 25.901012758149104, 44.635549269505638 ] } },
{ "type": "Feature", "properties": { "point_id": 397, "lon": 25.90098582722257, "lat": 44.635548558445507, "elevation_m": 0.0, "distance_m": 1184.7971948489521, "distance_km": 1.1847971948489522, "heading_deg": 267.87506058941602, "slope": 0.0, "slope_deg": 0.0 }, "geometry": { "type": "Point", "coordinates": [ 25.90098582722257, 44.635548558445507 ] } },
{ "type": "Feature", "properties": { "point_id": 398, "lon": 25.900958896296032, "lat": 44.635547847385368, "elevation_m": 0.0, "distance_m": 1187.7971948490406, "distance_km": 1.1877971948490407, "heading_deg": 267.87506058694163, "slope": 0.0, "slope_deg": 0.0 }, "geometry": { "type": "Point", "coordinates": [ 25.900958896296032, 44.635547847385368 ] } },
{ "type": "Feature", "properties": { "point_id": 399, "lon": 25.900931965369494, "lat": 44.635547136325215, "elevation_m": 0.0, "distance_m": 1190.797194849129, "distance_km": 1.1907971948491289, "heading_deg": 267.87506056547494, "slope": 0.0, "slope_deg": 0.0 }, "geometry": { "type": "Point", "coordinates": [ 25.900931965369494, 44.635547136325215 ] } },
{ "type": "Feature", "properties": { "point_id": 400, "lon": 25.900905034442957, "lat": 44.635546425265055, "elevation_m": 0.0, "distance_m": 1193.7971948492175, "distance_km": 1.1937971948492174, "heading_deg": 267.87506054400825, "slope": 0.0, "slope_deg": 0.0 }, "geometry": { "type": "Point", "coordinates": [ 25.900905034442957, 44.635546425265055 ] } },
{ "type": "Feature", "properties": { "point_id": 401, "lon": 25.900878103516419, "lat": 44.635545714204881, "elevation_m": 0.0, "distance_m": 1196.7971948493059, "distance_km": 1.1967971948493059, "heading_deg": 267.87506056952077, "slope": 0.0, "slope_deg": 0.0 }, "geometry": { "type": "Point", "coordinates": [ 25.900878103516419, 44.635545714204881 ] } },
{ "type": "Feature", "properties": { "point_id": 402, "lon": 25.900851172589888, "lat": 44.635545003144699, "elevation_m": 0.0, "distance_m": 1199.7971948489289, "distance_km": 1.199797194848929, "heading_deg": 267.87506054855555, "slope": 0.0, "slope_deg": 0.0 }, "geometry": { "type": "Point", "coordinates": [ 25.900851172589888, 44.635545003144699 ] } },
{ "type": "Feature", "properties": { "point_id": 403, "lon": 25.900824241663351, "lat": 44.635544292084504, "elevation_m": 0.0, "distance_m": 1202.7971948490519, "distance_km": 1.2027971948490519, "heading_deg": 267.87506057456955, "slope": 0.0, "slope_deg": 0.0 }, "geometry": { "type": "Point", "coordinates": [ 25.900824241663351, 44.635544292084504 ] } },
{ "type": "Feature", "properties": { "point_id": 404, "lon": 25.900797310736813, "lat": 44.635543581024308, "elevation_m": 0.0, "distance_m": 1205.7971948491404, "distance_km": 1.2057971948491404, "heading_deg": 267.875060562599, "slope": 0.0, "slope_deg": 0.0 }, "geometry": { "type": "Point", "coordinates": [ 25.900797310736813, 44.635543581024308 ] } },
{ "type": "Feature", "properties": { "point_id": 405, "lon": 25.900770379810275, "lat": 44.635542869964105, "elevation_m": 0.0, "distance_m": 1208.7971948492288, "distance_km": 1.2087971948492289, "heading_deg": 267.8750605696207, "slope": 0.0, "slope_deg": 0.0 }, "geometry": { "type": "Point", "coordinates": [ 25.900770379810275, 44.635542869964105 ] } },
{ "type": "Feature", "properties": { "point_id": 406, "lon": 25.900743448883738, "lat": 44.635542158903888, "elevation_m": 0.0, "distance_m": 1211.7971948493173, "distance_km": 1.2117971948493174, "heading_deg": 267.8750606048801, "slope": 0.0, "slope_deg": 0.0 }, "geometry": { "type": "Point", "coordinates": [ 25.900743448883738, 44.635542158903888 ] } },
{ "type": "Feature", "properties": { "point_id": 407, "lon": 25.900716517957203, "lat": 44.635541447843671, "elevation_m": 0.0, "distance_m": 1214.7971948489403, "distance_km": 1.2147971948489402, "heading_deg": 267.87506053618353, "slope": 0.0, "slope_deg": 0.0 }, "geometry": { "type": "Point", "coordinates": [ 25.900716517957203, 44.635541447843671 ] } },
{ "type": "Feature", "properties": { "point_id": 408, "lon": 25.900689587030666, "lat": 44.635540736783433, "elevation_m": 0.0, "distance_m": 1217.7971948490288, "distance_km": 1.2177971948490287, "heading_deg": 267.87506058118976, "slope": 0.0, "slope_deg": 0.0 }, "geometry": { "type": "Point", "coordinates": [ 25.900689587030666, 44.635540736783433 ] } },
{ "type": "Feature", "properties": { "point_id": 409, "lon": 25.900662656104128, "lat": 44.635540025723195, "elevation_m": 0.0, "distance_m": 1220.7971948491172, "distance_km": 1.2207971948491172, "heading_deg": 267.87506056921922, "slope": 0.0, "slope_deg": 0.0 }, "geometry": { "type": "Point", "coordinates": [ 25.900662656104128, 44.635540025723195 ] } },
{ "type": "Feature", "properties": { "point_id": 410, "lon": 25.90063572517759, "lat": 44.635539314662942, "elevation_m": 0.0, "distance_m": 1223.7971948492402, "distance_km": 1.2237971948492403, "heading_deg": 267.87506054775253, "slope": 0.0, "slope_deg": 0.0 }, "geometry": { "type": "Point", "coordinates": [ 25.90063572517759, 44.635539314662942 ] } },
{ "type": "Feature", "properties": { "point_id": 411, "lon": 25.900608794251053, "lat": 44.635538603602683, "elevation_m": 0.0, "distance_m": 1226.7971948493287, "distance_km": 1.2267971948493286, "heading_deg": 267.87506055427281, "slope": 0.0, "slope_deg": 0.0 }, "geometry": { "type": "Point", "coordinates": [ 25.900608794251053, 44.635538603602683 ] } },
{ "type": "Feature", "properties": { "point_id": 412, "lon": 25.900581863324518, "lat": 44.635537892542416, "elevation_m": 0.0, "distance_m": 1229.7971948489517, "distance_km": 1.2297971948489517, "heading_deg": 267.8750605715428, "slope": 0.0, "slope_deg": 0.0 }, "geometry": { "type": "Point", "coordinates": [ 25.900581863324518, 44.635537892542416 ] } },
{ "type": "Feature", "properties": { "point_id": 413, "lon": 25.900554932397981, "lat": 44.635537181482142, "elevation_m": 0.0, "distance_m": 1232.7971948490401, "distance_km": 1.2327971948490402, "heading_deg": 267.87506057831382, "slope": 0.0, "slope_deg": 0.0 }, "geometry": { "type": "Point", "coordinates": [ 25.900554932397981, 44.635537181482142 ] } },
{ "type": "Feature", "properties": { "point_id": 414, "lon": 25.900528001471443, "lat": 44.635536470421862, "elevation_m": 0.0, "distance_m": 1235.7971948491286, "distance_km": 1.2357971948491286, "heading_deg": 267.87506054735104, "slope": 0.0, "slope_deg": 0.0 }, "geometry": { "type": "Point", "coordinates": [ 25.900528001471443, 44.635536470421862 ] } },
{ "type": "Feature", "properties": { "point_id": 415, "lon": 25.900501070544905, "lat": 44.635535759361559, "elevation_m": 0.0, "distance_m": 1238.797194849217, "distance_km": 1.2387971948492171, "heading_deg": 267.87506058286112, "slope": 0.0, "slope_deg": 0.0 }, "geometry": { "type": "Point", "coordinates": [ 25.900501070544905, 44.635535759361559 ] } },
{ "type": "Feature", "properties": { "point_id": 416, "lon": 25.900474139618368, "lat": 44.635535048301257, "elevation_m": 0.0, "distance_m": 1241.7971948493055, "distance_km": 1.2417971948493054, "heading_deg": 267.87506056064228, "slope": 0.0, "slope_deg": 0.0 }, "geometry": { "type": "Point", "coordinates": [ 25.900474139618368, 44.635535048301257 ] } },
{ "type": "Feature", "properties": { "point_id": 417, "lon": 25.900447208691837, "lat": 44.635534337240948, "elevation_m": 0.0, "distance_m": 1244.797194848963, "distance_km": 1.2447971948489631, "heading_deg": 267.87506056841613, "slope": 0.0, "slope_deg": 0.0 }, "geometry": { "type": "Point", "coordinates": [ 25.900447208691837, 44.635534337240948 ] } },
{ "type": "Feature", "properties": { "point_id": 418, "lon": 25.900420277765299, "lat": 44.635533626180624, "elevation_m": 0.0, "distance_m": 1247.7971948490515, "distance_km": 1.2477971948490514, "heading_deg": 267.87506057543789, "slope": 0.0, "slope_deg": 0.0 }, "geometry": { "type": "Point", "coordinates": [ 25.900420277765299, 44.635533626180624 ] } },
{ "type": "Feature", "properties": { "point_id": 419, "lon": 25.900393346838761, "lat": 44.635532915120301, "elevation_m": 0.0, "distance_m": 1250.7971948491399, "distance_km": 1.2507971948491399, "heading_deg": 267.87506056346734, "slope": 0.0, "slope_deg": 0.0 }, "geometry": { "type": "Point", "coordinates": [ 25.900393346838761, 44.635532915120301 ] } },
{ "type": "Feature", "properties": { "point_id": 420, "lon": 25.900366415912224, "lat": 44.635532204059963, "elevation_m": 0.0, "distance_m": 1253.7971948492284, "distance_km": 1.2537971948492284, "heading_deg": 267.87506057048904, "slope": 0.0, "slope_deg": 0.0 }, "geometry": { "type": "Point", "coordinates": [ 25.900366415912224, 44.635532204059963 ] } },
{ "type": "Feature", "properties": { "point_id": 421, "lon": 25.900339484985686, "lat": 44.635531492999618, "elevation_m": 0.0, "distance_m": 1256.7971948493168, "distance_km": 1.2567971948493168, "heading_deg": 267.87506056801465, "slope": 0.0, "slope_deg": 0.0 }, "geometry": { "type": "Point", "coordinates": [ 25.900339484985686, 44.635531492999618 ] } },
{ "type": "Feature", "properties": { "point_id": 422, "lon": 25.900312554059148, "lat": 44.635530781939259, "elevation_m": 0.0, "distance_m": 1259.7971948489399, "distance_km": 1.2597971948489399, "heading_deg": 267.87506059402858, "slope": 0.0, "slope_deg": 0.0 }, "geometry": { "type": "Point", "coordinates": [ 25.900312554059148, 44.635530781939259 ] } },
{ "type": "Feature", "properties": { "point_id": 423, "lon": 25.900285623132611, "lat": 44.6355300708789, "elevation_m": 0.0, "distance_m": 1262.7971948490283, "distance_km": 1.2627971948490282, "heading_deg": 267.87506054407356, "slope": 0.0, "slope_deg": 0.0 }, "geometry": { "type": "Point", "coordinates": [ 25.900285623132611, 44.6355300708789 ] } },
{ "type": "Feature", "properties": { "point_id": 424, "lon": 25.900258692206073, "lat": 44.635529359818527, "elevation_m": 0.0, "distance_m": 1265.7971948491513, "distance_km": 1.2657971948491513, "heading_deg": 267.8750605700875, "slope": 0.0, "slope_deg": 0.0 }, "geometry": { "type": "Point", "coordinates": [ 25.900258692206073, 44.635529359818527 ] } },
{ "type": "Feature", "properties": { "point_id": 425, "lon": 25.900231761279535, "lat": 44.635528648758147, "elevation_m": 0.0, "distance_m": 1268.7971948492398, "distance_km": 1.2687971948492398, "heading_deg": 267.87506055811696, "slope": 0.0, "slope_deg": 0.0 }, "geometry": { "type": "Point", "coordinates": [ 25.900231761279535, 44.635528648758147 ] } },
{ "type": "Feature", "properties": { "point_id": 426, "lon": 25.900204830352997, "lat": 44.635527937697752, "elevation_m": 0.0, "distance_m": 1271.7971948493282, "distance_km": 1.2717971948493283, "heading_deg": 267.87506057413339, "slope": 0.0, "slope_deg": 0.0 }, "geometry": { "type": "Point", "coordinates": [ 25.900204830352997, 44.635527937697752 ] } },
{ "type": "Feature", "properties": { "point_id": 427, "lon": 25.900177899426467, "lat": 44.635527226637358, "elevation_m": 0.0, "distance_m": 1274.7971948489512, "distance_km": 1.2747971948489512, "heading_deg": 267.87506057216041, "slope": 0.0, "slope_deg": 0.0 }, "geometry": { "type": "Point", "coordinates": [ 25.900177899426467, 44.635527226637358 ] } },
{ "type": "Feature", "properties": { "point_id": 428, "lon": 25.900150968499929, "lat": 44.635526515576956, "elevation_m": 0.0, "distance_m": 1277.7971948490397, "distance_km": 1.2777971948490396, "heading_deg": 267.87506056968601, "slope": 0.0, "slope_deg": 0.0 }, "geometry": { "type": "Point", "coordinates": [ 25.900150968499929, 44.635526515576956 ] } },
{ "type": "Feature", "properties": { "point_id": 429, "lon": 25.900124037573391, "lat": 44.63552580451654, "elevation_m": 0.0, "distance_m": 1280.7971948491281, "distance_km": 1.2807971948491281, "heading_deg": 267.87506058620386, "slope": 0.0, "slope_deg": 0.0 }, "geometry": { "type": "Point", "coordinates": [ 25.900124037573391, 44.63552580451654 ] } },
{ "type": "Feature", "properties": { "point_id": 430, "lon": 25.900097106646854, "lat": 44.635525093456117, "elevation_m": 0.0, "distance_m": 1283.7971948492166, "distance_km": 1.2837971948492166, "heading_deg": 267.87506057423332, "slope": 0.0, "slope_deg": 0.0 }, "geometry": { "type": "Point", "coordinates": [ 25.900097106646854, 44.635525093456117 ] } },
{ "type": "Feature", "properties": { "point_id": 431, "lon": 25.900070175720316, "lat": 44.635524382395687, "elevation_m": 0.0, "distance_m": 1286.797194849305, "distance_km": 1.2867971948493051, "heading_deg": 267.87506057150813, "slope": 0.0, "slope_deg": 0.0 }, "geometry": { "type": "Point", "coordinates": [ 25.900070175720316, 44.635524382395687 ] } },
{ "type": "Feature", "properties": { "point_id": 432, "lon": 25.900043244793782, "lat": 44.635523671335243, "elevation_m": 0.0, "distance_m": 1289.7971948489626, "distance_km": 1.2897971948489626, "heading_deg": 267.87506055029223, "slope": 0.0, "slope_deg": 0.0 }, "geometry": { "type": "Point", "coordinates": [ 25.900043244793782, 44.635523671335243 ] } },
{ "type": "Feature", "properties": { "point_id": 433, "lon": 25.900016313867244, "lat": 44.635522960274784, "elevation_m": 0.0, "distance_m": 1292.797194849051, "distance_km": 1.2927971948490511, "heading_deg": 267.87506057630617, "slope": 0.0, "slope_deg": 0.0 }, "geometry": { "type": "Point", "coordinates": [ 25.900016313867244, 44.635522960274784 ] } },
{ "type": "Feature", "properties": { "point_id": 434, "lon": 25.899989382940706, "lat": 44.635522249214333, "elevation_m": 0.0, "distance_m": 1295.7971948491395, "distance_km": 1.2957971948491396, "heading_deg": 267.87506055483954, "slope": 0.0, "slope_deg": 0.0 }, "geometry": { "type": "Point", "coordinates": [ 25.899989382940706, 44.635522249214333 ] } },
{ "type": "Feature", "properties": { "point_id": 435, "lon": 25.899962452014169, "lat": 44.63552153815386, "elevation_m": 0.0, "distance_m": 1298.7971948492279, "distance_km": 1.2987971948492278, "heading_deg": 267.87506057135738, "slope": 0.0, "slope_deg": 0.0 }, "geometry": { "type": "Point", "coordinates": [ 25.899962452014169, 44.63552153815386 ] } },
{ "type": "Feature", "properties": { "point_id": 436, "lon": 25.899935521087631, "lat": 44.635520827093387, "elevation_m": 0.0, "distance_m": 1301.7971948493164, "distance_km": 1.3017971948493163, "heading_deg": 267.87506054014386, "slope": 0.0, "slope_deg": 0.0 }, "geometry": { "type": "Point", "coordinates": [ 25.899935521087631, 44.635520827093387 ] } },
{ "type": "Feature", "properties": { "point_id": 437, "lon": 25.899908590161097, "lat": 44.6355201160329, "elevation_m": 0.0, "distance_m": 1304.7971948489394, "distance_km": 1.3047971948489394, "heading_deg": 267.87506059489692, "slope": 0.0, "slope_deg": 0.0 }, "geometry": { "type": "Point", "coordinates": [ 25.899908590161097, 44.6355201160329 ] } },
{ "type": "Feature", "properties": { "point_id": 438, "lon": 25.899881659234559, "lat": 44.635519404972413, "elevation_m": 0.0, "distance_m": 1307.7971948490278, "distance_km": 1.3077971948490279, "heading_deg": 267.87506055443799, "slope": 0.0, "slope_deg": 0.0 }, "geometry": { "type": "Point", "coordinates": [ 25.899881659234559, 44.635519404972413 ] } },
{ "type": "Feature", "properties": { "point_id": 439, "lon": 25.899854728308021, "lat": 44.635518693911905, "elevation_m": 0.0, "distance_m": 1310.7971948491509, "distance_km": 1.3107971948491508, "heading_deg": 267.87506057095584, "slope": 0.0, "slope_deg": 0.0 }, "geometry": { "type": "Point", "coordinates": [ 25.899854728308021, 44.635518693911905 ] } },
{ "type": "Feature", "properties": { "point_id": 440, "lon": 25.899827797381484, "lat": 44.635517982851397, "elevation_m": 0.0, "distance_m": 1313.7971948492393, "distance_km": 1.3137971948492393, "heading_deg": 267.87506057797754, "slope": 0.0, "slope_deg": 0.0 }, "geometry": { "type": "Point", "coordinates": [ 25.899827797381484, 44.635517982851397 ] } },
{ "type": "Feature", "properties": { "point_id": 441, "lon": 25.899800866454946, "lat": 44.635517271790874, "elevation_m": 0.0, "distance_m": 1316.7971948493278, "distance_km": 1.3167971948493278, "heading_deg": 267.87506055600943, "slope": 0.0, "slope_deg": 0.0 }, "geometry": { "type": "Point", "coordinates": [ 25.899800866454946, 44.635517271790874 ] } },
{ "type": "Feature", "properties": { "point_id": 442, "lon": 25.899773935528415, "lat": 44.635516560730345, "elevation_m": 0.0, "distance_m": 1319.7971948489508, "distance_km": 1.3197971948489509, "heading_deg": 267.87506057302875, "slope": 0.0, "slope_deg": 0.0 }, "geometry": { "type": "Point", "coordinates": [ 25.899773935528415, 44.635516560730345 ] } },
{ "type": "Feature", "properties": { "point_id": 443, "lon": 25.899747004601878, "lat": 44.635515849669808, "elevation_m": 0.0, "distance_m": 1322.7971948490392, "distance_km": 1.3227971948490391, "heading_deg": 267.87506058005044, "slope": 0.0, "slope_deg": 0.0 }, "geometry": { "type": "Point", "coordinates": [ 25.899747004601878, 44.635515849669808 ] } },
{ "type": "Feature", "properties": { "point_id": 444, "lon": 25.89972007367534, "lat": 44.635515138609264, "elevation_m": 0.0, "distance_m": 1325.7971948491277, "distance_km": 1.3257971948491276, "heading_deg": 267.87506055858375, "slope": 0.0, "slope_deg": 0.0 }, "geometry": { "type": "Point", "coordinates": [ 25.89972007367534, 44.635515138609264 ] } },
{ "type": "Feature", "properties": { "point_id": 445, "lon": 25.899693142748802, "lat": 44.635514427548706, "elevation_m": 0.0, "distance_m": 1328.7971948492161, "distance_km": 1.3287971948492161, "heading_deg": 267.87506056560551, "slope": 0.0, "slope_deg": 0.0 }, "geometry": { "type": "Point", "coordinates": [ 25.899693142748802, 44.635514427548706 ] } },
{ "type": "Feature", "properties": { "point_id": 446, "lon": 25.899666211822264, "lat": 44.635513716488141, "elevation_m": 0.0, "distance_m": 1331.7971948493391, "distance_km": 1.3317971948493392, "heading_deg": 267.87506057237647, "slope": 0.0, "slope_deg": 0.0 }, "geometry": { "type": "Point", "coordinates": [ 25.899666211822264, 44.635513716488141 ] } },
{ "type": "Feature", "properties": { "point_id": 447, "lon": 25.89963928089573, "lat": 44.635513005427576, "elevation_m": 0.0, "distance_m": 1334.7971948489621, "distance_km": 1.3347971948489621, "heading_deg": 267.87506056065666, "slope": 0.0, "slope_deg": 0.0 }, "geometry": { "type": "Point", "coordinates": [ 25.89963928089573, 44.635513005427576 ] } },
{ "type": "Feature", "properties": { "point_id": 448, "lon": 25.899612349969193, "lat": 44.63551229436699, "elevation_m": 0.0, "distance_m": 1337.7971948490506, "distance_km": 1.3377971948490506, "heading_deg": 267.87506056767836, "slope": 0.0, "slope_deg": 0.0 }, "geometry": { "type": "Point", "coordinates": [ 25.899612349969193, 44.63551229436699 ] } },
{ "type": "Feature", "properties": { "point_id": 449, "lon": 25.899585419042655, "lat": 44.635511583306403, "elevation_m": 0.0, "distance_m": 1340.797194849139, "distance_km": 1.3407971948491391, "heading_deg": 267.87506056520397, "slope": 0.0, "slope_deg": 0.0 }, "geometry": { "type": "Point", "coordinates": [ 25.899585419042655, 44.635511583306403 ] } },
{ "type": "Feature", "properties": { "point_id": 450, "lon": 25.899558488116117, "lat": 44.635510872245803, "elevation_m": 0.0, "distance_m": 1343.7971948492275, "distance_km": 1.3437971948492275, "heading_deg": 267.87506057222566, "slope": 0.0, "slope_deg": 0.0 }, "geometry": { "type": "Point", "coordinates": [ 25.899558488116117, 44.635510872245803 ] } },
{ "type": "Feature", "properties": { "point_id": 451, "lon": 25.899531557189579, "lat": 44.635510161185195, "elevation_m": 0.0, "distance_m": 1346.7971948493159, "distance_km": 1.346797194849316, "heading_deg": 267.87506056000439, "slope": 0.0, "slope_deg": 0.0 }, "geometry": { "type": "Point", "coordinates": [ 25.899531557189579, 44.635510161185195 ] } },
{ "type": "Feature", "properties": { "point_id": 452, "lon": 25.899504626263045, "lat": 44.63550945012458, "elevation_m": 0.0, "distance_m": 1349.7971948489389, "distance_km": 1.3497971948489389, "heading_deg": 267.87506056727682, "slope": 0.0, "slope_deg": 0.0 }, "geometry": { "type": "Point", "coordinates": [ 25.899504626263045, 44.63550945012458 ] } },
{ "type": "Feature", "properties": { "point_id": 453, "lon": 25.899477695336508, "lat": 44.635508739063951, "elevation_m": 0.0, "distance_m": 1352.797194849062, "distance_km": 1.352797194849062, "heading_deg": 267.87506057429857, "slope": 0.0, "slope_deg": 0.0 }, "geometry": { "type": "Point", "coordinates": [ 25.899477695336508, 44.635508739063951 ] } },
{ "type": "Feature", "properties": { "point_id": 454, "lon": 25.89945076440997, "lat": 44.635508028003322, "elevation_m": 0.0, "distance_m": 1355.7971948491504, "distance_km": 1.3557971948491505, "heading_deg": 267.87506057182418, "slope": 0.0, "slope_deg": 0.0 }, "geometry": { "type": "Point", "coordinates": [ 25.89945076440997, 44.635508028003322 ] } },
{ "type": "Feature", "properties": { "point_id": 455, "lon": 25.899423833483432, "lat": 44.635507316942679, "elevation_m": 0.0, "distance_m": 1358.7971948492388, "distance_km": 1.3587971948492388, "heading_deg": 267.87506056934973, "slope": 0.0, "slope_deg": 0.0 }, "geometry": { "type": "Point", "coordinates": [ 25.899423833483432, 44.635507316942679 ] } },
{ "type": "Feature", "properties": { "point_id": 456, "lon": 25.899396902556894, "lat": 44.635506605882028, "elevation_m": 0.0, "distance_m": 1361.7971948493273, "distance_km": 1.3617971948493273, "heading_deg": 267.8750605853661, "slope": 0.0, "slope_deg": 0.0 }, "geometry": { "type": "Point", "coordinates": [ 25.899396902556894, 44.635506605882028 ] } },
{ "type": "Feature", "properties": { "point_id": 457, "lon": 25.899369971630364, "lat": 44.635505894821371, "elevation_m": 0.0, "distance_m": 1364.7971948489503, "distance_km": 1.3647971948489503, "heading_deg": 267.87506057389703, "slope": 0.0, "slope_deg": 0.0 }, "geometry": { "type": "Point", "coordinates": [ 25.899369971630364, 44.635505894821371 ] } },
{ "type": "Feature", "properties": { "point_id": 458, "lon": 25.899343040703826, "lat": 44.635505183760706, "elevation_m": 0.0, "distance_m": 1367.7971948490388, "distance_km": 1.3677971948490388, "heading_deg": 267.87506053343816, "slope": 0.0, "slope_deg": 0.0 }, "geometry": { "type": "Point", "coordinates": [ 25.899343040703826, 44.635505183760706 ] } },
{ "type": "Feature", "properties": { "point_id": 459, "lon": 25.899316109777288, "lat": 44.635504472700028, "elevation_m": 0.0, "distance_m": 1370.7971948491272, "distance_km": 1.3707971948491271, "heading_deg": 267.87506060693272, "slope": 0.0, "slope_deg": 0.0 }, "geometry": { "type": "Point", "coordinates": [ 25.899316109777288, 44.635504472700028 ] } },
{ "type": "Feature", "properties": { "point_id": 460, "lon": 25.899289178850751, "lat": 44.635503761639349, "elevation_m": 0.0, "distance_m": 1373.7971948492157, "distance_km": 1.3737971948492156, "heading_deg": 267.87506052848931, "slope": 0.0, "slope_deg": 0.0 }, "geometry": { "type": "Point", "coordinates": [ 25.899289178850751, 44.635503761639349 ] } },
{ "type": "Feature", "properties": { "point_id": 461, "lon": 25.899262247924213, "lat": 44.635503050578642, "elevation_m": 0.0, "distance_m": 1376.7971948493387, "distance_km": 1.3767971948493387, "heading_deg": 267.87506057299407, "slope": 0.0, "slope_deg": 0.0 }, "geometry": { "type": "Point", "coordinates": [ 25.899262247924213, 44.635503050578642 ] } },
{ "type": "Feature", "properties": { "point_id": 462, "lon": 25.899235316997679, "lat": 44.635502339517942, "elevation_m": 0.0, "distance_m": 1379.7971948489617, "distance_km": 1.3797971948489616, "heading_deg": 267.87506057102109, "slope": 0.0, "slope_deg": 0.0 }, "geometry": { "type": "Point", "coordinates": [ 25.899235316997679, 44.635502339517942 ] } },
{ "type": "Feature", "properties": { "point_id": 463, "lon": 25.899208386071141, "lat": 44.635501628457227, "elevation_m": 0.0, "distance_m": 1382.7971948490501, "distance_km": 1.3827971948490501, "heading_deg": 267.87506058753894, "slope": 0.0, "slope_deg": 0.0 }, "geometry": { "type": "Point", "coordinates": [ 25.899208386071141, 44.635501628457227 ] } },
{ "type": "Feature", "properties": { "point_id": 464, "lon": 25.899181455144603, "lat": 44.635500917396513, "elevation_m": 0.0, "distance_m": 1385.7971948491386, "distance_km": 1.3857971948491385, "heading_deg": 267.87506055657616, "slope": 0.0, "slope_deg": 0.0 }, "geometry": { "type": "Point", "coordinates": [ 25.899181455144603, 44.635500917396513 ] } },
{ "type": "Feature", "properties": { "point_id": 465, "lon": 25.899154524218066, "lat": 44.635500206335784, "elevation_m": 0.0, "distance_m": 1388.797194849227, "distance_km": 1.388797194849227, "heading_deg": 267.875060573094, "slope": 0.0, "slope_deg": 0.0 }, "geometry": { "type": "Point", "coordinates": [ 25.899154524218066, 44.635500206335784 ] } },
{ "type": "Feature", "properties": { "point_id": 466, "lon": 25.899127593291528, "lat": 44.635499495275042, "elevation_m": 0.0, "distance_m": 1391.7971948493155, "distance_km": 1.3917971948493155, "heading_deg": 267.87506055137658, "slope": 0.0, "slope_deg": 0.0 }, "geometry": { "type": "Point", "coordinates": [ 25.899127593291528, 44.635499495275042 ] } },
{ "type": "Feature", "properties": { "point_id": 467, "lon": 25.899100662364994, "lat": 44.635498784214299, "elevation_m": 0.0, "distance_m": 1394.7971948489385, "distance_km": 1.3947971948489384, "heading_deg": 267.87506054915292, "slope": 0.0, "slope_deg": 0.0 }, "geometry": { "type": "Point", "coordinates": [ 25.899100662364994, 44.635498784214299 ] } },
{ "type": "Feature", "properties": { "point_id": 468, "lon": 25.899073731438456, "lat": 44.635498073153542, "elevation_m": 0.0, "distance_m": 1397.7971948490615, "distance_km": 1.3977971948490615, "heading_deg": 267.87506055617462, "slope": 0.0, "slope_deg": 0.0 }, "geometry": { "type": "Point", "coordinates": [ 25.899073731438456, 44.635498073153542 ] } },
{ "type": "Feature", "properties": { "point_id": 469, "lon": 25.899046800511918, "lat": 44.635497362092778, "elevation_m": 0.0, "distance_m": 1400.7971948491499, "distance_km": 1.40079719484915, "heading_deg": 267.87506058218861, "slope": 0.0, "slope_deg": 0.0 }, "geometry": { "type": "Point", "coordinates": [ 25.899046800511918, 44.635497362092778 ] } },
{ "type": "Feature", "properties": { "point_id": 470, "lon": 25.899019869585381, "lat": 44.635496651032007, "elevation_m": 0.0, "distance_m": 1403.7971948492384, "distance_km": 1.4037971948492385, "heading_deg": 267.87506056996733, "slope": 0.0, "slope_deg": 0.0 }, "geometry": { "type": "Point", "coordinates": [ 25.899019869585381, 44.635496651032007 ] } },
{ "type": "Feature", "properties": { "point_id": 471, "lon": 25.898992938658846, "lat": 44.635495939971221, "elevation_m": 0.0, "distance_m": 1406.7971948493268, "distance_km": 1.4067971948493267, "heading_deg": 267.875060596232, "slope": 0.0, "slope_deg": 0.0 }, "geometry": { "type": "Point", "coordinates": [ 25.898992938658846, 44.635495939971221 ] } },
{ "type": "Feature", "properties": { "point_id": 472, "lon": 25.898966007732309, "lat": 44.635495228910436, "elevation_m": 0.0, "distance_m": 1409.7971948489499, "distance_km": 1.4097971948489498, "heading_deg": 267.87506054627698, "slope": 0.0, "slope_deg": 0.0 }, "geometry": { "type": "Point", "coordinates": [ 25.898966007732309, 44.635495228910436 ] } },
{ "type": "Feature", "properties": { "point_id": 473, "lon": 25.898939076805771, "lat": 44.635494517849637, "elevation_m": 0.0, "distance_m": 1412.7971948490383, "distance_km": 1.4127971948490383, "heading_deg": 267.87506057229098, "slope": 0.0, "slope_deg": 0.0 }, "geometry": { "type": "Point", "coordinates": [ 25.898939076805771, 44.635494517849637 ] } },
{ "type": "Feature", "properties": { "point_id": 474, "lon": 25.898912145879233, "lat": 44.63549380678883, "elevation_m": 0.0, "distance_m": 1415.7971948491268, "distance_km": 1.4157971948491268, "heading_deg": 267.87506054132814, "slope": 0.0, "slope_deg": 0.0 }, "geometry": { "type": "Point", "coordinates": [ 25.898912145879233, 44.63549380678883 ] } },
{ "type": "Feature", "properties": { "point_id": 475, "lon": 25.898885214952696, "lat": 44.635493095728009, "elevation_m": 0.0, "distance_m": 1418.7971948492498, "distance_km": 1.4187971948492497, "heading_deg": 267.87506058633437, "slope": 0.0, "slope_deg": 0.0 }, "geometry": { "type": "Point", "coordinates": [ 25.898885214952696, 44.635493095728009 ] } },
{ "type": "Feature", "properties": { "point_id": 476, "lon": 25.898858284026158, "lat": 44.635492384667188, "elevation_m": 0.0, "distance_m": 1421.7971948493382, "distance_km": 1.4217971948493382, "heading_deg": 267.87506057411309, "slope": 0.0, "slope_deg": 0.0 }, "geometry": { "type": "Point", "coordinates": [ 25.898858284026158, 44.635492384667188 ] } },
{ "type": "Feature", "properties": { "point_id": 477, "lon": 25.898831353099624, "lat": 44.635491673606353, "elevation_m": 0.0, "distance_m": 1424.7971948489612, "distance_km": 1.4247971948489613, "heading_deg": 267.87506056239329, "slope": 0.0, "slope_deg": 0.0 }, "geometry": { "type": "Point", "coordinates": [ 25.898831353099624, 44.635491673606353 ] } },
{ "type": "Feature", "properties": { "point_id": 478, "lon": 25.898804422173086, "lat": 44.635490962545511, "elevation_m": 0.0, "distance_m": 1427.7971948490497, "distance_km": 1.4277971948490498, "heading_deg": 267.87506059790337, "slope": 0.0, "slope_deg": 0.0 }, "geometry": { "type": "Point", "coordinates": [ 25.898804422173086, 44.635490962545511 ] } },
{ "type": "Feature", "properties": { "point_id": 479, "lon": 25.898777491246548, "lat": 44.635490251484669, "elevation_m": 0.0, "distance_m": 1430.7971948491381, "distance_km": 1.430797194849138, "heading_deg": 267.8750605384522, "slope": 0.0, "slope_deg": 0.0 }, "geometry": { "type": "Point", "coordinates": [ 25.898777491246548, 44.635490251484669 ] } },
{ "type": "Feature", "properties": { "point_id": 480, "lon": 25.898750560320011, "lat": 44.635489540423798, "elevation_m": 0.0, "distance_m": 1433.7971948492266, "distance_km": 1.4337971948492265, "heading_deg": 267.87506058345843, "slope": 0.0, "slope_deg": 0.0 }, "geometry": { "type": "Point", "coordinates": [ 25.898750560320011, 44.635489540423798 ] } },
{ "type": "Feature", "properties": { "point_id": 481, "lon": 25.898723629393473, "lat": 44.635488829362941, "elevation_m": 0.0, "distance_m": 1436.797194849315, "distance_km": 1.436797194849315, "heading_deg": 267.87506057098642, "slope": 0.0, "slope_deg": 0.0 }, "geometry": { "type": "Point", "coordinates": [ 25.898723629393473, 44.635488829362941 ] } },
{ "type": "Feature", "properties": { "point_id": 482, "lon": 25.898696698466942, "lat": 44.635488118302057, "elevation_m": 0.0, "distance_m": 1439.7971948489726, "distance_km": 1.4397971948489725, "heading_deg": 267.8750605500212, "slope": 0.0, "slope_deg": 0.0 }, "geometry": { "type": "Point", "coordinates": [ 25.898696698466942, 44.635488118302057 ] } },
{ "type": "Feature", "properties": { "point_id": 483, "lon": 25.898669767540405, "lat": 44.635487407241165, "elevation_m": 0.0, "distance_m": 1442.797194849061, "distance_km": 1.442797194849061, "heading_deg": 267.87506059502743, "slope": 0.0, "slope_deg": 0.0 }, "geometry": { "type": "Point", "coordinates": [ 25.898669767540405, 44.635487407241165 ] } },
{ "type": "Feature", "properties": { "point_id": 484, "lon": 25.898642836613867, "lat": 44.63548669618028, "elevation_m": 0.0, "distance_m": 1445.7971948491495, "distance_km": 1.4457971948491495, "heading_deg": 267.87506053557627, "slope": 0.0, "slope_deg": 0.0 }, "geometry": { "type": "Point", "coordinates": [ 25.898642836613867, 44.63548669618028 ] } },
{ "type": "Feature", "properties": { "point_id": 485, "lon": 25.898615905687329, "lat": 44.635485985119374, "elevation_m": 0.0, "distance_m": 1448.7971948492379, "distance_km": 1.448797194849238, "heading_deg": 267.8750605805825, "slope": 0.0, "slope_deg": 0.0 }, "geometry": { "type": "Point", "coordinates": [ 25.898615905687329, 44.635485985119374 ] } },
{ "type": "Feature", "properties": { "point_id": 486, "lon": 25.898588974760791, "lat": 44.63548527405846, "elevation_m": 0.0, "distance_m": 1451.7971948493264, "distance_km": 1.4517971948493265, "heading_deg": 267.87506055886513, "slope": 0.0, "slope_deg": 0.0 }, "geometry": { "type": "Point", "coordinates": [ 25.898588974760791, 44.63548527405846 ] } },
{ "type": "Feature", "properties": { "point_id": 487, "lon": 25.898562043834257, "lat": 44.63548456299754, "elevation_m": 0.0, "distance_m": 1454.7971948489494, "distance_km": 1.4547971948489493, "heading_deg": 267.87506055664142, "slope": 0.0, "slope_deg": 0.0 }, "geometry": { "type": "Point", "coordinates": [ 25.898562043834257, 44.63548456299754 ] } },
{ "type": "Feature", "properties": { "point_id": 488, "lon": 25.898535112907719, "lat": 44.635483851936606, "elevation_m": 0.0, "distance_m": 1457.7971948490379, "distance_km": 1.4577971948490378, "heading_deg": 267.87506056366311, "slope": 0.0, "slope_deg": 0.0 }, "geometry": { "type": "Point", "coordinates": [ 25.898535112907719, 44.635483851936606 ] } },
{ "type": "Feature", "properties": { "point_id": 489, "lon": 25.898508181981182, "lat": 44.635483140875671, "elevation_m": 0.0, "distance_m": 1460.7971948491609, "distance_km": 1.4607971948491609, "heading_deg": 267.87506056118872, "slope": 0.0, "slope_deg": 0.0 }, "geometry": { "type": "Point", "coordinates": [ 25.898508181981182, 44.635483140875671 ] } },
{ "type": "Feature", "properties": { "point_id": 490, "lon": 25.898481251054644, "lat": 44.635482429814722, "elevation_m": 0.0, "distance_m": 1463.7971948492493, "distance_km": 1.4637971948492494, "heading_deg": 267.87506057770656, "slope": 0.0, "slope_deg": 0.0 }, "geometry": { "type": "Point", "coordinates": [ 25.898481251054644, 44.635482429814722 ] } },
{ "type": "Feature", "properties": { "point_id": 491, "lon": 25.898454320128106, "lat": 44.635481718753766, "elevation_m": 0.0, "distance_m": 1466.7971948493378, "distance_km": 1.4667971948493377, "heading_deg": 267.87506056548528, "slope": 0.0, "slope_deg": 0.0 }, "geometry": { "type": "Point", "coordinates": [ 25.898454320128106, 44.635481718753766 ] } },
{ "type": "Feature", "properties": { "point_id": 492, "lon": 25.898427389201572, "lat": 44.635481007692803, "elevation_m": 0.0, "distance_m": 1469.7971948489608, "distance_km": 1.4697971948489608, "heading_deg": 267.87506058225381, "slope": 0.0, "slope_deg": 0.0 }, "geometry": { "type": "Point", "coordinates": [ 25.898427389201572, 44.635481007692803 ] } },
{ "type": "Feature", "properties": { "point_id": 493, "lon": 25.898400458275034, "lat": 44.635480296631833, "elevation_m": 0.0, "distance_m": 1472.7971948490492, "distance_km": 1.4727971948490493, "heading_deg": 267.87506054179494, "slope": 0.0, "slope_deg": 0.0 }, "geometry": { "type": "Point", "coordinates": [ 25.898400458275034, 44.635480296631833 ] } },
{ "type": "Feature", "properties": { "point_id": 494, "lon": 25.898373527348497, "lat": 44.635479585570849, "elevation_m": 0.0, "distance_m": 1475.7971948491377, "distance_km": 1.4757971948491377, "heading_deg": 267.87506059629726, "slope": 0.0, "slope_deg": 0.0 }, "geometry": { "type": "Point", "coordinates": [ 25.898373527348497, 44.635479585570849 ] } },
{ "type": "Feature", "properties": { "point_id": 495, "lon": 25.898346596421959, "lat": 44.635478874509865, "elevation_m": 0.0, "distance_m": 1478.7971948492261, "distance_km": 1.4787971948492262, "heading_deg": 267.87506057457989, "slope": 0.0, "slope_deg": 0.0 }, "geometry": { "type": "Point", "coordinates": [ 25.898346596421959, 44.635478874509865 ] } },
{ "type": "Feature", "properties": { "point_id": 496, "lon": 25.898319665495425, "lat": 44.635478163448866, "elevation_m": 0.0, "distance_m": 1481.7971948493146, "distance_km": 1.4817971948493145, "heading_deg": 267.87506052462487, "slope": 0.0, "slope_deg": 0.0 }, "geometry": { "type": "Point", "coordinates": [ 25.898319665495425, 44.635478163448866 ] } },
{ "type": "Feature", "properties": { "point_id": 497, "lon": 25.898292734568891, "lat": 44.635477452387846, "elevation_m": 0.0, "distance_m": 1484.7971948489721, "distance_km": 1.4847971948489722, "heading_deg": 267.87506057937787, "slope": 0.0, "slope_deg": 0.0 }, "geometry": { "type": "Point", "coordinates": [ 25.898292734568891, 44.635477452387846 ] } },
{ "type": "Feature", "properties": { "point_id": 498, "lon": 25.898265803642353, "lat": 44.635476741326833, "elevation_m": 0.0, "distance_m": 1487.7971948490606, "distance_km": 1.4877971948490605, "heading_deg": 267.87506059589572, "slope": 0.0, "slope_deg": 0.0 }, "geometry": { "type": "Point", "coordinates": [ 25.898265803642353, 44.635476741326833 ] } },
{ "type": "Feature", "properties": { "point_id": 499, "lon": 25.898238872715815, "lat": 44.635476030265814, "elevation_m": 0.0, "distance_m": 1490.797194849149, "distance_km": 1.490797194849149, "heading_deg": 267.87506051745237, "slope": 0.0, "slope_deg": 0.0 }, "geometry": { "type": "Point", "coordinates": [ 25.898238872715815, 44.635476030265814 ] } },
{ "type": "Feature", "properties": { "point_id": 500, "lon": 25.898211941789278, "lat": 44.635475319204772, "elevation_m": 0.0, "distance_m": 1493.7971948492375, "distance_km": 1.4937971948492375, "heading_deg": 267.87506060993917, "slope": 0.0, "slope_deg": 0.0 }, "geometry": { "type": "Point", "coordinates": [ 25.898211941789278, 44.635475319204772 ] } },
{ "type": "Feature", "properties": { "point_id": 501, "lon": 25.89818501086274, "lat": 44.635474608143738, "elevation_m": 0.0, "distance_m": 1496.7971948493259, "distance_km": 1.4967971948493259, "heading_deg": 267.87506055023732, "slope": 0.0, "slope_deg": 0.0 }, "geometry": { "type": "Point", "coordinates": [ 25.89818501086274, 44.635474608143738 ] } },
{ "type": "Feature", "properties": { "point_id": 502, "lon": 25.898158079936206, "lat": 44.635473897082683, "elevation_m": 0.0, "distance_m": 1499.7971948489489, "distance_km": 1.499797194848949, "heading_deg": 267.87506055750976, "slope": 0.0, "slope_deg": 0.0 }, "geometry": { "type": "Point", "coordinates": [ 25.898158079936206, 44.635473897082683 ] } },
{ "type": "Feature", "properties": { "point_id": 503, "lon": 25.898131149009668, "lat": 44.635473186021621, "elevation_m": 0.0, "distance_m": 1502.7971948490374, "distance_km": 1.5027971948490373, "heading_deg": 267.87506056453145, "slope": 0.0, "slope_deg": 0.0 }, "geometry": { "type": "Point", "coordinates": [ 25.898131149009668, 44.635473186021621 ] } },
{ "type": "Feature", "properties": { "point_id": 504, "lon": 25.89810421808313, "lat": 44.635472474960551, "elevation_m": 0.0, "distance_m": 1505.7971948491604, "distance_km": 1.5057971948491604, "heading_deg": 267.87506059054539, "slope": 0.0, "slope_deg": 0.0 }, "geometry": { "type": "Point", "coordinates": [ 25.89810421808313, 44.635472474960551 ] } },
{ "type": "Feature", "properties": { "point_id": 505, "lon": 25.898077287156593, "lat": 44.635471763899474, "elevation_m": 0.0, "distance_m": 1508.7971948492489, "distance_km": 1.5087971948492489, "heading_deg": 267.87506055958261, "slope": 0.0, "slope_deg": 0.0 }, "geometry": { "type": "Point", "coordinates": [ 25.898077287156593, 44.635471763899474 ] } },
{ "type": "Feature", "properties": { "point_id": 506, "lon": 25.898050356230055, "lat": 44.63547105283839, "elevation_m": 0.0, "distance_m": 1511.7971948493373, "distance_km": 1.5117971948493374, "heading_deg": 267.87506057534824, "slope": 0.0, "slope_deg": 0.0 }, "geometry": { "type": "Point", "coordinates": [ 25.898050356230055, 44.63547105283839 ] } },
{ "type": "Feature", "properties": { "point_id": 507, "lon": 25.898023425303524, "lat": 44.635470341777292, "elevation_m": 0.0, "distance_m": 1514.7971948489603, "distance_km": 1.5147971948489602, "heading_deg": 267.87506056412991, "slope": 0.0, "slope_deg": 0.0 }, "geometry": { "type": "Point", "coordinates": [ 25.898023425303524, 44.635470341777292 ] } },
{ "type": "Feature", "properties": { "point_id": 508, "lon": 25.897996494376986, "lat": 44.635469630716187, "elevation_m": 0.0, "distance_m": 1517.7971948490488, "distance_km": 1.5177971948490487, "heading_deg": 267.87506057115161, "slope": 0.0, "slope_deg": 0.0 }, "geometry": { "type": "Point", "coordinates": [ 25.897996494376986, 44.635469630716187 ] } },
{ "type": "Feature", "properties": { "point_id": 509, "lon": 25.897969563450449, "lat": 44.635468919655075, "elevation_m": 0.0, "distance_m": 1520.7971948491372, "distance_km": 1.5207971948491372, "heading_deg": 267.87506057842404, "slope": 0.0, "slope_deg": 0.0 }, "geometry": { "type": "Point", "coordinates": [ 25.897969563450449, 44.635468919655075 ] } },
{ "type": "Feature", "properties": { "point_id": 510, "lon": 25.897942632523911, "lat": 44.635468208593956, "elevation_m": 0.0, "distance_m": 1523.7971948492257, "distance_km": 1.5237971948492257, "heading_deg": 267.87506054721058, "slope": 0.0, "slope_deg": 0.0 }, "geometry": { "type": "Point", "coordinates": [ 25.897942632523911, 44.635468208593956 ] } },
{ "type": "Feature", "properties": { "point_id": 511, "lon": 25.897915701597373, "lat": 44.635467497532822, "elevation_m": 0.0, "distance_m": 1526.7971948493487, "distance_km": 1.5267971948493486, "heading_deg": 267.87506058221919, "slope": 0.0, "slope_deg": 0.0 }, "geometry": { "type": "Point", "coordinates": [ 25.897915701597373, 44.635467497532822 ] } },
{ "type": "Feature", "properties": { "point_id": 512, "lon": 25.897888770670839, "lat": 44.635466786471689, "elevation_m": 0.0, "distance_m": 1529.7971948489717, "distance_km": 1.5297971948489717, "heading_deg": 267.87506055175788, "slope": 0.0, "slope_deg": 0.0 }, "geometry": { "type": "Point", "coordinates": [ 25.897888770670839, 44.635466786471689 ] } },
{ "type": "Feature", "properties": { "point_id": 513, "lon": 25.897861839744301, "lat": 44.635466075410541, "elevation_m": 0.0, "distance_m": 1532.7971948490601, "distance_km": 1.5327971948490602, "heading_deg": 267.87506058726791, "slope": 0.0, "slope_deg": 0.0 }, "geometry": { "type": "Point", "coordinates": [ 25.897861839744301, 44.635466075410541 ] } },
{ "type": "Feature", "properties": { "point_id": 514, "lon": 25.897834908817764, "lat": 44.635465364349386, "elevation_m": 0.0, "distance_m": 1535.7971948491486, "distance_km": 1.5357971948491487, "heading_deg": 267.87506058479352, "slope": 0.0, "slope_deg": 0.0 }, "geometry": { "type": "Point", "coordinates": [ 25.897834908817764, 44.635465364349386 ] } },
{ "type": "Feature", "properties": { "point_id": 515, "lon": 25.897807977891226, "lat": 44.635464653288224, "elevation_m": 0.0, "distance_m": 1538.797194849237, "distance_km": 1.5387971948492369, "heading_deg": 267.87506054433464, "slope": 0.0, "slope_deg": 0.0 }, "geometry": { "type": "Point", "coordinates": [ 25.897807977891226, 44.635464653288224 ] } },
{ "type": "Feature", "properties": { "point_id": 516, "lon": 25.897781046964688, "lat": 44.635463942227048, "elevation_m": 0.0, "distance_m": 1541.7971948493255, "distance_km": 1.5417971948493254, "heading_deg": 267.87506056060175, "slope": 0.0, "slope_deg": 0.0 }, "geometry": { "type": "Point", "coordinates": [ 25.897781046964688, 44.635463942227048 ] } },
{ "type": "Feature", "properties": { "point_id": 517, "lon": 25.897754116038154, "lat": 44.635463231165865, "elevation_m": 0.0, "distance_m": 1544.7971948489485, "distance_km": 1.5447971948489485, "heading_deg": 267.87506055837804, "slope": 0.0, "slope_deg": 0.0 }, "geometry": { "type": "Point", "coordinates": [ 25.897754116038154, 44.635463231165865 ] } },
{ "type": "Feature", "properties": { "point_id": 518, "lon": 25.897727185111616, "lat": 44.635462520104667, "elevation_m": 0.0, "distance_m": 1547.7971948490715, "distance_km": 1.5477971948490714, "heading_deg": 267.87506056539974, "slope": 0.0, "slope_deg": 0.0 }, "geometry": { "type": "Point", "coordinates": [ 25.897727185111616, 44.635462520104667 ] } },
{ "type": "Feature", "properties": { "point_id": 519, "lon": 25.897700254185079, "lat": 44.63546180904347, "elevation_m": 0.0, "distance_m": 1550.79719484916, "distance_km": 1.5507971948491599, "heading_deg": 267.87506057242143, "slope": 0.0, "slope_deg": 0.0 }, "geometry": { "type": "Point", "coordinates": [ 25.897700254185079, 44.63546180904347 ] } },
{ "type": "Feature", "properties": { "point_id": 520, "lon": 25.897673323258541, "lat": 44.635461097982258, "elevation_m": 0.0, "distance_m": 1553.7971948492484, "distance_km": 1.5537971948492484, "heading_deg": 267.87506058893928, "slope": 0.0, "slope_deg": 0.0 }, "geometry": { "type": "Point", "coordinates": [ 25.897673323258541, 44.635461097982258 ] } },
{ "type": "Feature", "properties": { "point_id": 521, "lon": 25.897646392332003, "lat": 44.635460386921054, "elevation_m": 0.0, "distance_m": 1556.7971948493368, "distance_km": 1.5567971948493369, "heading_deg": 267.87506053873358, "slope": 0.0, "slope_deg": 0.0 }, "geometry": { "type": "Point", "coordinates": [ 25.897646392332003, 44.635460386921054 ] } },
{ "type": "Feature", "properties": { "point_id": 522, "lon": 25.897619461405469, "lat": 44.635459675859821, "elevation_m": 0.0, "distance_m": 1559.7971948489599, "distance_km": 1.55979719484896, "heading_deg": 267.8750605555021, "slope": 0.0, "slope_deg": 0.0 }, "geometry": { "type": "Point", "coordinates": [ 25.897619461405469, 44.635459675859821 ] } },
{ "type": "Feature", "properties": { "point_id": 523, "lon": 25.897592530478931, "lat": 44.635458964798588, "elevation_m": 0.0, "distance_m": 1562.7971948490483, "distance_km": 1.5627971948490482, "heading_deg": 267.87506059101213, "slope": 0.0, "slope_deg": 0.0 }, "geometry": { "type": "Point", "coordinates": [ 25.897592530478931, 44.635458964798588 ] } },
{ "type": "Feature", "properties": { "point_id": 524, "lon": 25.897565599552394, "lat": 44.635458253737347, "elevation_m": 0.0, "distance_m": 1565.7971948491368, "distance_km": 1.5657971948491367, "heading_deg": 267.87506059803388, "slope": 0.0, "slope_deg": 0.0 }, "geometry": { "type": "Point", "coordinates": [ 25.897565599552394, 44.635458253737347 ] } },
{ "type": "Feature", "properties": { "point_id": 525, "lon": 25.897538668625856, "lat": 44.6354575426761, "elevation_m": 0.0, "distance_m": 1568.7971948492252, "distance_km": 1.5687971948492252, "heading_deg": 267.87506051959053, "slope": 0.0, "slope_deg": 0.0 }, "geometry": { "type": "Point", "coordinates": [ 25.897538668625856, 44.6354575426761 ] } },
{ "type": "Feature", "properties": { "point_id": 526, "lon": 25.897511737699318, "lat": 44.635456831614832, "elevation_m": 0.0, "distance_m": 1571.7971948493482, "distance_km": 1.5717971948493483, "heading_deg": 267.87506058333821, "slope": 0.0, "slope_deg": 0.0 }, "geometry": { "type": "Point", "coordinates": [ 25.897511737699318, 44.635456831614832 ] } },
{ "type": "Feature", "properties": { "point_id": 527, "lon": 25.897484806772784, "lat": 44.635456120553563, "elevation_m": 0.0, "distance_m": 1574.7971948489712, "distance_km": 1.5747971948489712, "heading_deg": 267.87506056212226, "slope": 0.0, "slope_deg": 0.0 }, "geometry": { "type": "Point", "coordinates": [ 25.897484806772784, 44.635456120553563 ] } },
{ "type": "Feature", "properties": { "point_id": 528, "lon": 25.897457875846246, "lat": 44.63545540949228, "elevation_m": 0.0, "distance_m": 1577.7971948490597, "distance_km": 1.5777971948490597, "heading_deg": 267.87506058813619, "slope": 0.0, "slope_deg": 0.0 }, "geometry": { "type": "Point", "coordinates": [ 25.897457875846246, 44.63545540949228 ] } },
{ "type": "Feature", "properties": { "point_id": 529, "lon": 25.897430944919709, "lat": 44.635454698431005, "elevation_m": 0.0, "distance_m": 1580.7971948491481, "distance_km": 1.5807971948491482, "heading_deg": 267.87506055717347, "slope": 0.0, "slope_deg": 0.0 }, "geometry": { "type": "Point", "coordinates": [ 25.897430944919709, 44.635454698431005 ] } },
{ "type": "Feature", "properties": { "point_id": 530, "lon": 25.897404013993171, "lat": 44.635453987369701, "elevation_m": 0.0, "distance_m": 1583.7971948492366, "distance_km": 1.5837971948492366, "heading_deg": 267.8750605926835, "slope": 0.0, "slope_deg": 0.0 }, "geometry": { "type": "Point", "coordinates": [ 25.897404013993171, 44.635453987369701 ] } },
{ "type": "Feature", "properties": { "point_id": 531, "lon": 25.897377083066633, "lat": 44.635453276308404, "elevation_m": 0.0, "distance_m": 1586.797194849325, "distance_km": 1.5867971948493251, "heading_deg": 267.8750605424778, "slope": 0.0, "slope_deg": 0.0 }, "geometry": { "type": "Point", "coordinates": [ 25.897377083066633, 44.635453276308404 ] } },
{ "type": "Feature", "properties": { "point_id": 532, "lon": 25.897350152140099, "lat": 44.635452565247085, "elevation_m": 0.0, "distance_m": 1589.797194848948, "distance_km": 1.589797194848948, "heading_deg": 267.87506054975023, "slope": 0.0, "slope_deg": 0.0 }, "geometry": { "type": "Point", "coordinates": [ 25.897350152140099, 44.635452565247085 ] } },
{ "type": "Feature", "properties": { "point_id": 533, "lon": 25.897323221213561, "lat": 44.63545185418576, "elevation_m": 0.0, "distance_m": 1592.797194849071, "distance_km": 1.5927971948490711, "heading_deg": 267.87506058526026, "slope": 0.0, "slope_deg": 0.0 }, "geometry": { "type": "Point", "coordinates": [ 25.897323221213561, 44.63545185418576 ] } },
{ "type": "Feature", "properties": { "point_id": 534, "lon": 25.897296290287024, "lat": 44.635451143124435, "elevation_m": 0.0, "distance_m": 1595.7971948491595, "distance_km": 1.5957971948491596, "heading_deg": 267.87506055429753, "slope": 0.0, "slope_deg": 0.0 }, "geometry": { "type": "Point", "coordinates": [ 25.897296290287024, 44.635451143124435 ] } },
{ "type": "Feature", "properties": { "point_id": 535, "lon": 25.897269359360486, "lat": 44.635450432063095, "elevation_m": 0.0, "distance_m": 1598.7971948492479, "distance_km": 1.5987971948492479, "heading_deg": 267.87506058006073, "slope": 0.0, "slope_deg": 0.0 }, "geometry": { "type": "Point", "coordinates": [ 25.897269359360486, 44.635450432063095 ] } },
{ "type": "Feature", "properties": { "point_id": 536, "lon": 25.897242428433952, "lat": 44.635449721001748, "elevation_m": 0.0, "distance_m": 1601.7971948493364, "distance_km": 1.6017971948493364, "heading_deg": 267.8750605585941, "slope": 0.0, "slope_deg": 0.0 }, "geometry": { "type": "Point", "coordinates": [ 25.897242428433952, 44.635449721001748 ] } },
{ "type": "Feature", "properties": { "point_id": 537, "lon": 25.897215497507418, "lat": 44.635449009940388, "elevation_m": 0.0, "distance_m": 1604.7971948489594, "distance_km": 1.6047971948489594, "heading_deg": 267.87506056586653, "slope": 0.0, "slope_deg": 0.0 }, "geometry": { "type": "Point", "coordinates": [ 25.897215497507418, 44.635449009940388 ] } },
{ "type": "Feature", "properties": { "point_id": 538, "lon": 25.89718856658088, "lat": 44.635448298879027, "elevation_m": 0.0, "distance_m": 1607.7971948490479, "distance_km": 1.6077971948490479, "heading_deg": 267.87506056339214, "slope": 0.0, "slope_deg": 0.0 }, "geometry": { "type": "Point", "coordinates": [ 25.89718856658088, 44.635448298879027 ] } },
{ "type": "Feature", "properties": { "point_id": 539, "lon": 25.897161635654342, "lat": 44.635447587817652, "elevation_m": 0.0, "distance_m": 1610.7971948491363, "distance_km": 1.6107971948491362, "heading_deg": 267.87506056091769, "slope": 0.0, "slope_deg": 0.0 }, "geometry": { "type": "Point", "coordinates": [ 25.897161635654342, 44.635447587817652 ] } },
{ "type": "Feature", "properties": { "point_id": 540, "lon": 25.897134704727804, "lat": 44.635446876756269, "elevation_m": 0.0, "distance_m": 1613.7971948492593, "distance_km": 1.6137971948492593, "heading_deg": 267.87506057743553, "slope": 0.0, "slope_deg": 0.0 }, "geometry": { "type": "Point", "coordinates": [ 25.897134704727804, 44.635446876756269 ] } },
{ "type": "Feature", "properties": { "point_id": 541, "lon": 25.897107773801267, "lat": 44.63544616569488, "elevation_m": 0.0, "distance_m": 1616.7971948493478, "distance_km": 1.6167971948493478, "heading_deg": 267.87506059370264, "slope": 0.0, "slope_deg": 0.0 }, "geometry": { "type": "Point", "coordinates": [ 25.897107773801267, 44.63544616569488 ] } },
{ "type": "Feature", "properties": { "point_id": 542, "lon": 25.897080842874733, "lat": 44.635445454633484, "elevation_m": 0.0, "distance_m": 1619.7971948489708, "distance_km": 1.6197971948489707, "heading_deg": 267.87506053450227, "slope": 0.0, "slope_deg": 0.0 }, "geometry": { "type": "Point", "coordinates": [ 25.897080842874733, 44.635445454633484 ] } },
{ "type": "Feature", "properties": { "point_id": 543, "lon": 25.897053911948195, "lat": 44.635444743572066, "elevation_m": 0.0, "distance_m": 1622.7971948490592, "distance_km": 1.6227971948490592, "heading_deg": 267.87506057950839, "slope": 0.0, "slope_deg": 0.0 }, "geometry": { "type": "Point", "coordinates": [ 25.897053911948195, 44.635444743572066 ] } },
{ "type": "Feature", "properties": { "point_id": 544, "lon": 25.897026981021657, "lat": 44.635444032510655, "elevation_m": 0.0, "distance_m": 1625.7971948491477, "distance_km": 1.6257971948491476, "heading_deg": 265.90229980137008, "slope": 0.0, "slope_deg": 0.0 }, "geometry": { "type": "Point", "coordinates": [ 25.897026981021657, 44.635444032510655 ] } },
{ "type": "Feature", "properties": { "point_id": 545, "lon": 25.897000125199774, "lat": 44.635442663429714, "elevation_m": 0.0, "distance_m": 1628.7944332859986, "distance_km": 1.6287944332859985, "heading_deg": 262.83830470934322, "slope": 0.0, "slope_deg": 0.0 }, "geometry": { "type": "Point", "coordinates": [ 25.897000125199774, 44.635442663429714 ] } },
{ "type": "Feature", "properties": { "point_id": 546, "lon": 25.896973385994194, "lat": 44.635440272630298, "elevation_m": 0.0, "distance_m": 1631.7944332859533, "distance_km": 1.6317944332859533, "heading_deg": 262.83830472959818, "slope": 0.0, "slope_deg": 0.0 }, "geometry": { "type": "Point", "coordinates": [ 25.896973385994194, 44.635440272630298 ] } },
{ "type": "Feature", "properties": { "point_id": 547, "lon": 25.896946646788606, "lat": 44.635437881830796, "elevation_m": 0.0, "distance_m": 1634.7944332862539, "distance_km": 1.6347944332862538, "heading_deg": 262.83830467020999, "slope": 0.0, "slope_deg": 0.0 }, "geometry": { "type": "Point", "coordinates": [ 25.896946646788606, 44.635437881830796 ] } },
{ "type": "Feature", "properties": { "point_id": 548, "lon": 25.89691990758303, "lat": 44.635435491031181, "elevation_m": 0.0, "distance_m": 1637.7944332862087, "distance_km": 1.6377944332862087, "heading_deg": 262.83830471875052, "slope": 0.0, "slope_deg": 0.0 }, "geometry": { "type": "Point", "coordinates": [ 25.89691990758303, 44.635435491031181 ] } },
{ "type": "Feature", "properties": { "point_id": 549, "lon": 25.896893168377449, "lat": 44.635433100231474, "elevation_m": 0.0, "distance_m": 1640.7944332861634, "distance_km": 1.6407944332861635, "heading_deg": 242.38076599855228, "slope": 0.0, "slope_deg": 0.0 }, "geometry": { "type": "Point", "coordinates": [ 25.896893168377449, 44.635433100231474 ] } },
{ "type": "Feature", "properties": { "point_id": 550, "lon": 25.896870192385919, "lat": 44.635424545913345, "elevation_m": 0.0, "distance_m": 1643.6810442364817, "distance_km": 1.6436810442364818, "heading_deg": 230.19458212892064, "slope": 0.0, "slope_deg": 0.0 }, "geometry": { "type": "Point", "coordinates": [ 25.896870192385919, 44.635424545913345 ] } },
{ "type": "Feature", "properties": { "point_id": 551, "lon": 25.896849489194462, "lat": 44.635412269124807, "elevation_m": 0.0, "distance_m": 1646.6810442359299, "distance_km": 1.6466810442359299, "heading_deg": 230.1945821144738, "slope": 0.0, "slope_deg": 0.0 }, "geometry": { "type": "Point", "coordinates": [ 25.896849489194462, 44.635412269124807 ] } },
{ "type": "Feature", "properties": { "point_id": 552, "lon": 25.896828786003006, "lat": 44.635399992333667, "elevation_m": 0.0, "distance_m": 1649.6810442363319, "distance_km": 1.6496810442363319, "heading_deg": 230.19458212761398, "slope": 0.0, "slope_deg": 0.0 }, "geometry": { "type": "Point", "coordinates": [ 25.896828786003006, 44.635399992333667 ] } },
{ "type": "Feature", "properties": { "point_id": 553, "lon": 25.896808082811546, "lat": 44.635387715539935, "elevation_m": 0.0, "distance_m": 1652.6810442363762, "distance_km": 1.6526810442363762, "heading_deg": 230.19458212343847, "slope": 0.0, "slope_deg": 0.0 }, "geometry": { "type": "Point", "coordinates": [ 25.896808082811546, 44.635387715539935 ] } },
{ "type": "Feature", "properties": { "point_id": 554, "lon": 25.89678737962009, "lat": 44.635375438743601, "elevation_m": 0.0, "distance_m": 1655.6810442364206, "distance_km": 1.6556810442364205, "heading_deg": 230.19458209872016, "slope": 0.0, "slope_deg": 0.0 }, "geometry": { "type": "Point", "coordinates": [ 25.89678737962009, 44.635375438743601 ] } },
{ "type": "Feature", "properties": { "point_id": 555, "lon": 25.896766676428637, "lat": 44.635363161944667, "elevation_m": 0.0, "distance_m": 1658.6810442364649, "distance_km": 1.658681044236465, "heading_deg": 230.19458212510284, "slope": 0.0, "slope_deg": 0.0 }, "geometry": { "type": "Point", "coordinates": [ 25.896766676428637, 44.635363161944667 ] } },
{ "type": "Feature", "properties": { "point_id": 556, "lon": 25.896745973237181, "lat": 44.635350885143147, "elevation_m": 0.0, "distance_m": 1661.6810442365093, "distance_km": 1.6616810442365093, "heading_deg": 230.19458210038448, "slope": 0.0, "slope_deg": 0.0 }, "geometry": { "type": "Point", "coordinates": [ 25.896745973237181, 44.635350885143147 ] } },
{ "type": "Feature", "properties": { "point_id": 557, "lon": 25.896725270045728, "lat": 44.635338608339019, "elevation_m": 0.0, "distance_m": 1664.6810442365536, "distance_km": 1.6646810442365536, "heading_deg": 230.19458213406719, "slope": 0.0, "slope_deg": 0.0 }, "geometry": { "type": "Point", "coordinates": [ 25.896725270045728, 44.635338608339019 ] } },
{ "type": "Feature", "properties": { "point_id": 558, "lon": 25.896704566854272, "lat": 44.635326331532298, "elevation_m": 0.0, "distance_m": 1667.6810442360018, "distance_km": 1.6676810442360017, "heading_deg": 230.19458211232001, "slope": 0.0, "slope_deg": 0.0 }, "geometry": { "type": "Point", "coordinates": [ 25.896704566854272, 44.635326331532298 ] } },
{ "type": "Feature", "properties": { "point_id": 559, "lon": 25.896683863662819, "lat": 44.635314054722983, "elevation_m": 0.0, "distance_m": 1670.6810442360461, "distance_km": 1.670681044236046, "heading_deg": 225.89019362208919, "slope": 0.0, "slope_deg": 0.0 }, "geometry": { "type": "Point", "coordinates": [ 25.896683863662819, 44.635314054722983 ] } },
{ "type": "Feature", "properties": { "point_id": 560, "lon": 25.896664650143329, "lat": 44.635300800888061, "elevation_m": 0.0, "distance_m": 1673.6598994790136, "distance_km": 1.6736598994790135, "heading_deg": 215.13799997464267, "slope": 0.0, "slope_deg": 0.0 }, "geometry": { "type": "Point", "coordinates": [ 25.896664650143329, 44.635300800888061 ] } },
{ "type": "Feature", "properties": { "point_id": 561, "lon": 25.896649139445401, "lat": 44.635285118500164, "elevation_m": 0.0, "distance_m": 1676.6598994790365, "distance_km": 1.6766598994790365, "heading_deg": 215.13799998835873, "slope": 0.0, "slope_deg": 0.0 }, "geometry": { "type": "Point", "coordinates": [ 25.896649139445401, 44.635285118500164 ] } },
{ "type": "Feature", "properties": { "point_id": 562, "lon": 25.896633628747473, "lat": 44.635269436108032, "elevation_m": 0.0, "distance_m": 1679.6598994790595, "distance_km": 1.6796598994790595, "heading_deg": 215.13799998560654, "slope": 0.0, "slope_deg": 0.0 }, "geometry": { "type": "Point", "coordinates": [ 25.896633628747473, 44.635269436108032 ] } },
{ "type": "Feature", "properties": { "point_id": 563, "lon": 25.896618118049549, "lat": 44.635253753711666, "elevation_m": 0.0, "distance_m": 1682.6598994790825, "distance_km": 1.6826598994790825, "heading_deg": 215.13800000497332, "slope": 0.0, "slope_deg": 0.0 }, "geometry": { "type": "Point", "coordinates": [ 25.896618118049549, 44.635253753711666 ] } },
{ "type": "Feature", "properties": { "point_id": 564, "lon": 25.896602607351618, "lat": 44.635238071311058, "elevation_m": 0.0, "distance_m": 1685.6598994791054, "distance_km": 1.6856598994791054, "heading_deg": 215.13799996934523, "slope": 0.0, "slope_deg": 0.0 }, "geometry": { "type": "Point", "coordinates": [ 25.896602607351618, 44.635238071311058 ] } },
{ "type": "Feature", "properties": { "point_id": 565, "lon": 25.89658709665369, "lat": 44.635222388906207, "elevation_m": 0.0, "distance_m": 1688.6598994791284, "distance_km": 1.6886598994791284, "heading_deg": 215.13799999946869, "slope": 0.0, "slope_deg": 0.0 }, "geometry": { "type": "Point", "coordinates": [ 25.89658709665369, 44.635222388906207 ] } },
{ "type": "Feature", "properties": { "point_id": 566, "lon": 25.896571585955762, "lat": 44.635206706497122, "elevation_m": 0.0, "distance_m": 1691.6598994791514, "distance_km": 1.6916598994791514, "heading_deg": 215.13799998030868, "slope": 0.0, "slope_deg": 0.0 }, "geometry": { "type": "Point", "coordinates": [ 25.896571585955762, 44.635206706497122 ] } },
{ "type": "Feature", "properties": { "point_id": 567, "lon": 25.896556075257838, "lat": 44.635191024083802, "elevation_m": 0.0, "distance_m": 1694.6598994791743, "distance_km": 1.6946598994791744, "heading_deg": 215.13799999414553, "slope": 0.0, "slope_deg": 0.0 }, "geometry": { "type": "Point", "coordinates": [ 25.896556075257838, 44.635191024083802 ] } },
{ "type": "Feature", "properties": { "point_id": 568, "lon": 25.89654056455991, "lat": 44.63517534166624, "elevation_m": 0.0, "distance_m": 1697.6598994791973, "distance_km": 1.6976598994791974, "heading_deg": 202.66731494270851, "slope": 0.0, "slope_deg": 0.0 }, "geometry": { "type": "Point", "coordinates": [ 25.89654056455991, 44.63517534166624 ] } },
{ "type": "Feature", "properties": { "point_id": 569, "lon": 25.896530378114441, "lat": 44.635157985467515, "elevation_m": 0.0, "distance_m": 1700.6023224257183, "distance_km": 1.7006023224257183, "heading_deg": 192.53177035151205, "slope": 0.0, "slope_deg": 0.0 }, "geometry": { "type": "Point", "coordinates": [ 25.896530378114441, 44.635157985467515 ] } },
{ "type": "Feature", "properties": { "point_id": 570, "lon": 25.8965245305967, "lat": 44.635139265241222, "elevation_m": 0.0, "distance_m": 1703.6023224256758, "distance_km": 1.7036023224256758, "heading_deg": 192.53177033983525, "slope": 0.0, "slope_deg": 0.0 }, "geometry": { "type": "Point", "coordinates": [ 25.8965245305967, 44.635139265241222 ] } },
{ "type": "Feature", "properties": { "point_id": 571, "lon": 25.896518683078966, "lat": 44.635120545008895, "elevation_m": 0.0, "distance_m": 1706.6023224255321, "distance_km": 1.706602322425532, "heading_deg": 192.5317703434221, "slope": 0.0, "slope_deg": 0.0 }, "geometry": { "type": "Point", "coordinates": [ 25.896518683078966, 44.635120545008895 ] } },
{ "type": "Feature", "properties": { "point_id": 572, "lon": 25.896512835561232, "lat": 44.63510182477053, "elevation_m": 0.0, "distance_m": 1709.6023224253884, "distance_km": 1.7096023224253885, "heading_deg": 192.53177034783945, "slope": 0.0, "slope_deg": 0.0 }, "geometry": { "type": "Point", "coordinates": [ 25.896512835561232, 44.63510182477053 ] } },
{ "type": "Feature", "properties": { "point_id": 573, "lon": 25.896506988043491, "lat": 44.63508310452611, "elevation_m": 0.0, "distance_m": 1712.6023224253458, "distance_km": 1.7126023224253459, "heading_deg": 192.53177034441006, "slope": 0.0, "slope_deg": 0.0 }, "geometry": { "type": "Point", "coordinates": [ 25.896506988043491, 44.63508310452611 ] } },
{ "type": "Feature", "properties": { "point_id": 574, "lon": 25.896501140525757, "lat": 44.635064384275665, "elevation_m": 0.0, "distance_m": 1715.6023224252021, "distance_km": 1.7156023224252022, "heading_deg": 192.53177034882734, "slope": 0.0, "slope_deg": 0.0 }, "geometry": { "type": "Point", "coordinates": [ 25.896501140525757, 44.635064384275665 ] } },
{ "type": "Feature", "properties": { "point_id": 575, "lon": 25.896495293008016, "lat": 44.635045664019174, "elevation_m": 0.0, "distance_m": 1718.6023224260687, "distance_km": 1.7186023224260687, "heading_deg": 192.53177033921224, "slope": 0.0, "slope_deg": 0.0 }, "geometry": { "type": "Point", "coordinates": [ 25.896495293008016, 44.635045664019174 ] } },
{ "type": "Feature", "properties": { "point_id": 576, "lon": 25.896489445490282, "lat": 44.63502694375665, "elevation_m": 0.0, "distance_m": 1721.602322425925, "distance_km": 1.7216023224259249, "heading_deg": 192.53177035187699, "slope": 0.0, "slope_deg": 0.0 }, "geometry": { "type": "Point", "coordinates": [ 25.896489445490282, 44.63502694375665 ] } },
{ "type": "Feature", "properties": { "point_id": 577, "lon": 25.896483597972541, "lat": 44.635008223488086, "elevation_m": 0.0, "distance_m": 1724.6023224258824, "distance_km": 1.7246023224258824, "heading_deg": 192.5317703463856, "slope": 0.0, "slope_deg": 0.0 }, "geometry": { "type": "Point", "coordinates": [ 25.896483597972541, 44.635008223488086 ] } },
{ "type": "Feature", "properties": { "point_id": 578, "lon": 25.896477750454807, "lat": 44.634989503213482, "elevation_m": 0.0, "distance_m": 1727.6023224257387, "distance_km": 1.7276023224257389, "heading_deg": 169.28817230593154, "slope": 0.0, "slope_deg": 0.0 }, "geometry": { "type": "Point", "coordinates": [ 25.896477750454807, 44.634989503213482 ] } },
{ "type": "Feature", "properties": { "point_id": 579, "lon": 25.896482649839989, "lat": 44.634971072873398, "elevation_m": 0.0, "distance_m": 1730.536624632681, "distance_km": 1.730536624632681, "heading_deg": 163.12576727216538, "slope": 0.0, "slope_deg": 0.0 }, "geometry": { "type": "Point", "coordinates": [ 25.896482649839989, 44.634971072873398 ] } },
{ "type": "Feature", "properties": { "point_id": 580, "lon": 25.896490472508265, "lat": 44.634952721394711, "elevation_m": 0.0, "distance_m": 1733.5366246324702, "distance_km": 1.7335366246324702, "heading_deg": 163.12576727765918, "slope": 0.0, "slope_deg": 0.0 }, "geometry": { "type": "Point", "coordinates": [ 25.896490472508265, 44.634952721394711 ] } },
{ "type": "Feature", "properties": { "point_id": 581, "lon": 25.896498295176549, "lat": 44.634934369910205, "elevation_m": 0.0, "distance_m": 1736.5366246332858, "distance_km": 1.7365366246332858, "heading_deg": 163.12576726851137, "slope": 0.0, "slope_deg": 0.0 }, "geometry": { "type": "Point", "coordinates": [ 25.896498295176549, 44.634934369910205 ] } },
{ "type": "Feature", "properties": { "point_id": 582, "lon": 25.896506117844826, "lat": 44.634916018419908, "elevation_m": 0.0, "distance_m": 1739.536624633075, "distance_km": 1.739536624633075, "heading_deg": 163.12576726753423, "slope": 0.0, "slope_deg": 0.0 }, "geometry": { "type": "Point", "coordinates": [ 25.896506117844826, 44.634916018419908 ] } },
{ "type": "Feature", "properties": { "point_id": 583, "lon": 25.89651394051311, "lat": 44.634897666923798, "elevation_m": 0.0, "distance_m": 1742.5366246329993, "distance_km": 1.7425366246329992, "heading_deg": 163.12576727960322, "slope": 0.0, "slope_deg": 0.0 }, "geometry": { "type": "Point", "coordinates": [ 25.89651394051311, 44.634897666923798 ] } },
{ "type": "Feature", "properties": { "point_id": 584, "lon": 25.896521763181386, "lat": 44.634879315421891, "elevation_m": 0.0, "distance_m": 1745.5366246327885, "distance_km": 1.7455366246327886, "heading_deg": 163.12576726388033, "slope": 0.0, "slope_deg": 0.0 }, "geometry": { "type": "Point", "coordinates": [ 25.896521763181386, 44.634879315421891 ] } },
{ "type": "Feature", "properties": { "point_id": 585, "lon": 25.89652958584967, "lat": 44.634860963914178, "elevation_m": 0.0, "distance_m": 1748.5366246327128, "distance_km": 1.7485366246327128, "heading_deg": 163.12576728698275, "slope": 0.0, "slope_deg": 0.0 }, "geometry": { "type": "Point", "coordinates": [ 25.89652958584967, 44.634860963914178 ] } },
{ "type": "Feature", "properties": { "point_id": 586, "lon": 25.896537408517947, "lat": 44.634842612400661, "elevation_m": 0.0, "distance_m": 1751.536624632502, "distance_km": 1.7515366246325019, "heading_deg": 163.12576726022667, "slope": 0.0, "slope_deg": 0.0 }, "geometry": { "type": "Point", "coordinates": [ 25.896537408517947, 44.634842612400661 ] } },
{ "type": "Feature", "properties": { "point_id": 587, "lon": 25.896545231186231, "lat": 44.634824260881338, "elevation_m": 0.0, "distance_m": 1754.5366246333176, "distance_km": 1.7545366246333176, "heading_deg": 150.53975522998189, "slope": 0.0, "slope_deg": 0.0 }, "geometry": { "type": "Point", "coordinates": [ 25.896545231186231, 44.634824260881338 ] } },
{ "type": "Feature", "properties": { "point_id": 588, "lon": 25.896558321024028, "lat": 44.634807770481807, "elevation_m": 0.0, "distance_m": 1757.499407067771, "distance_km": 1.757499407067771, "heading_deg": 144.06084699466879, "slope": 0.0, "slope_deg": 0.0 }, "geometry": { "type": "Point", "coordinates": [ 25.896558321024028, 44.634807770481807 ] } },
{ "type": "Feature", "properties": { "point_id": 589, "lon": 25.896574138353355, "lat": 44.634792243822076, "elevation_m": 0.0, "distance_m": 1760.499407067653, "distance_km": 1.760499407067653, "heading_deg": 144.06084702170284, "slope": 0.0, "slope_deg": 0.0 }, "geometry": { "type": "Point", "coordinates": [ 25.896574138353355, 44.634792243822076 ] } },
{ "type": "Feature", "properties": { "point_id": 590, "lon": 25.896589955682678, "lat": 44.634776717158175, "elevation_m": 0.0, "distance_m": 1763.499407067535, "distance_km": 1.7634994070675349, "heading_deg": 144.06084700422116, "slope": 0.0, "slope_deg": 0.0 }, "geometry": { "type": "Point", "coordinates": [ 25.896589955682678, 44.634776717158175 ] } },
{ "type": "Feature", "properties": { "point_id": 591, "lon": 25.896605773012009, "lat": 44.634761190490131, "elevation_m": 0.0, "distance_m": 1766.499407068171, "distance_km": 1.766499407068171, "heading_deg": 144.06084700336891, "slope": 0.0, "slope_deg": 0.0 }, "geometry": { "type": "Point", "coordinates": [ 25.896605773012009, 44.634761190490131 ] } },
{ "type": "Feature", "properties": { "point_id": 592, "lon": 25.896621590341336, "lat": 44.634745663817931, "elevation_m": 0.0, "distance_m": 1769.499407068053, "distance_km": 1.769499407068053, "heading_deg": 144.06084698578491, "slope": 0.0, "slope_deg": 0.0 }, "geometry": { "type": "Point", "coordinates": [ 25.896621590341336, 44.634745663817931 ] } },
{ "type": "Feature", "properties": { "point_id": 593, "lon": 25.896637407670667, "lat": 44.634730137141588, "elevation_m": 0.0, "distance_m": 1772.4994070682083, "distance_km": 1.7724994070682083, "heading_deg": 144.06084701271664, "slope": 0.0, "slope_deg": 0.0 }, "geometry": { "type": "Point", "coordinates": [ 25.896637407670667, 44.634730137141588 ] } },
{ "type": "Feature", "properties": { "point_id": 594, "lon": 25.896653224999994, "lat": 44.634714610461074, "elevation_m": 0.0, "distance_m": 1775.4994070680902, "distance_km": 1.7754994070680903, "heading_deg": 144.06084700081249, "slope": 0.0, "slope_deg": 0.0 }, "geometry": { "type": "Point", "coordinates": [ 25.896653225, 44.634714610461074 ] } },
{ "type": "Feature", "properties": { "point_id": 595, "lon": 25.896669042329322, "lat": 44.634699083776418, "elevation_m": 0.0, "distance_m": 1778.4994070679722, "distance_km": 1.7784994070679723, "heading_deg": 144.06084701658972, "slope": 0.0, "slope_deg": 0.0 }, "geometry": { "type": "Point", "coordinates": [ 25.896669042329322, 44.634699083776418 ] } },
{ "type": "Feature", "properties": { "point_id": 596, "lon": 25.896684859658649, "lat": 44.634683557087598, "elevation_m": 0.0, "distance_m": 1781.4994070678542, "distance_km": 1.7814994070678543, "heading_deg": 144.0608469881588, "slope": 0.0, "slope_deg": 0.0 }, "geometry": { "type": "Point", "coordinates": [ 25.896684859658649, 44.634683557087598 ] } },
{ "type": "Feature", "properties": { "point_id": 597, "lon": 25.896700676987983, "lat": 44.634668030394629, "elevation_m": 0.0, "distance_m": 1784.4994070680095, "distance_km": 1.7844994070680096, "heading_deg": 144.06084699247418, "slope": 0.0, "slope_deg": 0.0 }, "geometry": { "type": "Point", "coordinates": [ 25.896700676987983, 44.634668030394629 ] } },
{ "type": "Feature", "properties": { "point_id": 598, "lon": 25.896716494317307, "lat": 44.634652503697509, "elevation_m": 0.0, "distance_m": 1787.4994070678915, "distance_km": 1.7874994070678916, "heading_deg": 144.0608469974045, "slope": 0.0, "slope_deg": 0.0 }, "geometry": { "type": "Point", "coordinates": [ 25.896716494317307, 44.634652503697509 ] } },
{ "type": "Feature", "properties": { "point_id": 599, "lon": 25.896732311646637, "lat": 44.634636976996234, "elevation_m": 0.0, "distance_m": 1790.4994070677735, "distance_km": 1.7904994070677736, "heading_deg": 144.0608470132845, "slope": 0.0, "slope_deg": 0.0 }, "geometry": { "type": "Point", "coordinates": [ 25.896732311646637, 44.634636976996234 ] } },
{ "type": "Feature", "properties": { "point_id": 600, "lon": 25.896748128975965, "lat": 44.634621450290794, "elevation_m": 0.0, "distance_m": 1793.4994070676555, "distance_km": 1.7934994070676555, "heading_deg": 133.60395031011427, "slope": 0.0, "slope_deg": 0.0 }, "geometry": { "type": "Point", "coordinates": [ 25.896748128975965, 44.634621450290794 ] } },
{ "type": "Feature", "properties": { "point_id": 601, "lon": 25.896767413797523, "lat": 44.634608380140392, "elevation_m": 0.0, "distance_m": 1796.4640592936155, "distance_km": 1.7964640592936154, "heading_deg": 126.1931418156048, "slope": 0.0, "slope_deg": 0.0 }, "geometry": { "type": "Point", "coordinates": [ 25.896767413797523, 44.634608380140392 ] } },
{ "type": "Feature", "properties": { "point_id": 602, "lon": 25.896789162843877, "lat": 44.634597055777611, "elevation_m": 0.0, "distance_m": 1799.4640592936425, "distance_km": 1.7994640592936426, "heading_deg": 126.19314181311319, "slope": 0.0, "slope_deg": 0.0 }, "geometry": { "type": "Point", "coordinates": [ 25.896789162843877, 44.634597055777611 ] } },
{ "type": "Feature", "properties": { "point_id": 603, "lon": 25.896810911890231, "lat": 44.634585731412614, "elevation_m": 0.0, "distance_m": 1802.4640592936696, "distance_km": 1.8024640592936696, "heading_deg": 126.19314182196615, "slope": 0.0, "slope_deg": 0.0 }, "geometry": { "type": "Point", "coordinates": [ 25.896810911890231, 44.634585731412614 ] } },
{ "type": "Feature", "properties": { "point_id": 604, "lon": 25.896832660936592, "lat": 44.634574407045406, "elevation_m": 0.0, "distance_m": 1805.4640592940723, "distance_km": 1.8054640592940723, "heading_deg": 126.1931418164333, "slope": 0.0, "slope_deg": 0.0 }, "geometry": { "type": "Point", "coordinates": [ 25.896832660936592, 44.634574407045406 ] } },
{ "type": "Feature", "properties": { "point_id": 605, "lon": 25.896854409982943, "lat": 44.634563082675996, "elevation_m": 0.0, "distance_m": 1808.4640592940993, "distance_km": 1.8084640592940993, "heading_deg": 126.19314183295518, "slope": 0.0, "slope_deg": 0.0 }, "geometry": { "type": "Point", "coordinates": [ 25.896854409982943, 44.634563082675996 ] } },
{ "type": "Feature", "properties": { "point_id": 606, "lon": 25.896876159029297, "lat": 44.634551758304369, "elevation_m": 0.0, "distance_m": 1811.4640592941264, "distance_km": 1.8114640592941265, "heading_deg": 126.19314179978835, "slope": 0.0, "slope_deg": 0.0 }, "geometry": { "type": "Point", "coordinates": [ 25.896876159029297, 44.634551758304369 ] } },
{ "type": "Feature", "properties": { "point_id": 607, "lon": 25.896897908075655, "lat": 44.634540433930546, "elevation_m": 0.0, "distance_m": 1814.4640592936034, "distance_km": 1.8144640592936034, "heading_deg": 126.19314180927597, "slope": 0.0, "slope_deg": 0.0 }, "geometry": { "type": "Point", "coordinates": [ 25.896897908075655, 44.634540433930546 ] } },
{ "type": "Feature", "properties": { "point_id": 608, "lon": 25.896919657122009, "lat": 44.634529109554506, "elevation_m": 0.0, "distance_m": 1817.4640592936305, "distance_km": 1.8174640592936304, "heading_deg": 126.19314184145276, "slope": 0.0, "slope_deg": 0.0 }, "geometry": { "type": "Point", "coordinates": [ 25.896919657122009, 44.634529109554506 ] } },
{ "type": "Feature", "properties": { "point_id": 609, "lon": 25.896941406168359, "lat": 44.63451778517625, "elevation_m": 0.0, "distance_m": 1820.4640592936576, "distance_km": 1.8204640592936576, "heading_deg": 126.1931418006173, "slope": 0.0, "slope_deg": 0.0 }, "geometry": { "type": "Point", "coordinates": [ 25.896941406168359, 44.63451778517625 ] } },
{ "type": "Feature", "properties": { "point_id": 610, "lon": 25.896963155214717, "lat": 44.634506460795791, "elevation_m": 0.0, "distance_m": 1823.4640592936846, "distance_km": 1.8234640592936846, "heading_deg": 126.19314184046289, "slope": 0.0, "slope_deg": 0.0 }, "geometry": { "type": "Point", "coordinates": [ 25.896963155214717, 44.634506460795791 ] } },
{ "type": "Feature", "properties": { "point_id": 611, "lon": 25.896984904261071, "lat": 44.634495136413108, "elevation_m": 0.0, "distance_m": 1826.4640592937117, "distance_km": 1.8264640592937116, "heading_deg": 126.19314181496509, "slope": 0.0, "slope_deg": 0.0 }, "geometry": { "type": "Point", "coordinates": [ 25.896984904261071, 44.634495136413108 ] } },
{ "type": "Feature", "properties": { "point_id": 612, "lon": 25.897006653307429, "lat": 44.634483812028229, "elevation_m": 0.0, "distance_m": 1829.4640592941143, "distance_km": 1.8294640592941143, "heading_deg": 126.19314182445282, "slope": 0.0, "slope_deg": 0.0 }, "geometry": { "type": "Point", "coordinates": [ 25.897006653307429, 44.634483812028229 ] } },
{ "type": "Feature", "properties": { "point_id": 613, "lon": 25.897028402353783, "lat": 44.634472487641141, "elevation_m": 0.0, "distance_m": 1832.4640592941414, "distance_km": 1.8324640592941415, "heading_deg": 121.58265038290608, "slope": 0.0, "slope_deg": 0.0 }, "geometry": { "type": "Point", "coordinates": [ 25.897028402353783, 44.634472487641141 ] } },
{ "type": "Feature", "properties": { "point_id": 614, "lon": 25.897050856762746, "lat": 44.634462664183808, "elevation_m": 0.0, "distance_m": 1835.398272167658, "distance_km": 1.8353982721676581, "heading_deg": 90.788559459381815, "slope": 0.0, "slope_deg": 0.0 }, "geometry": { "type": "Point", "coordinates": [ 25.897050856762746, 44.634462664183808 ] } },
{ "type": "Feature", "properties": { "point_id": 615, "lon": 25.897077803668878, "lat": 44.634462400252147, "elevation_m": 0.0, "distance_m": 1838.3982721678744, "distance_km": 1.8383982721678744, "heading_deg": 90.788559465297453, "slope": 0.0, "slope_deg": 0.0 }, "geometry": { "type": "Point", "coordinates": [ 25.897077803668878, 44.634462400252147 ] } },
{ "type": "Feature", "properties": { "point_id": 616, "lon": 25.897104750575011, "lat": 44.634462136320487, "elevation_m": 0.0, "distance_m": 1841.3982721676252, "distance_km": 1.8413982721676252, "heading_deg": 90.788559499624739, "slope": 0.0, "slope_deg": 0.0 }, "geometry": { "type": "Point", "coordinates": [ 25.897104750575011, 44.634462136320487 ] } },
{ "type": "Feature", "properties": { "point_id": 617, "lon": 25.897131697481143, "lat": 44.634461872388819, "elevation_m": 0.0, "distance_m": 1844.3982721678417, "distance_km": 1.8443982721678418, "heading_deg": 90.788559439122309, "slope": 0.0, "slope_deg": 0.0 }, "geometry": { "type": "Point", "coordinates": [ 25.897131697481143, 44.634461872388819 ] } },
{ "type": "Feature", "properties": { "point_id": 618, "lon": 25.897158644387275, "lat": 44.634461608457158, "elevation_m": 0.0, "distance_m": 1847.3982721675925, "distance_km": 1.8473982721675926, "heading_deg": 90.788559492359752, "slope": 0.0, "slope_deg": 0.0 }, "geometry": { "type": "Point", "coordinates": [ 25.897158644387275, 44.634461608457158 ] } },
{ "type": "Feature", "properties": { "point_id": 619, "lon": 25.897185591293411, "lat": 44.634461344525491, "elevation_m": 0.0, "distance_m": 1850.3982721677962, "distance_km": 1.8503982721677963, "heading_deg": 90.788559432136481, "slope": 0.0, "slope_deg": 0.0 }, "geometry": { "type": "Point", "coordinates": [ 25.897185591293411, 44.634461344525491 ] } },
{ "type": "Feature", "properties": { "point_id": 620, "lon": 25.897212538199536, "lat": 44.63446108059383, "elevation_m": 0.0, "distance_m": 1853.398272167547, "distance_km": 1.853398272167547, "heading_deg": 90.788559494782476, "slope": 0.0, "slope_deg": 0.0 }, "geometry": { "type": "Point", "coordinates": [ 25.897212538199536, 44.63446108059383 ] } },
{ "type": "Feature", "properties": { "point_id": 621, "lon": 25.897239485105672, "lat": 44.634460816662155, "elevation_m": 0.0, "distance_m": 1856.3982721677635, "distance_km": 1.8563982721677634, "heading_deg": 90.788559472286352, "slope": 0.0, "slope_deg": 0.0 }, "geometry": { "type": "Point", "coordinates": [ 25.897239485105672, 44.634460816662155 ] } },
{ "type": "Feature", "properties": { "point_id": 622, "lon": 25.897266432011801, "lat": 44.634460552730488, "elevation_m": 0.0, "distance_m": 1859.3982721675143, "distance_km": 1.8593982721675142, "heading_deg": 90.788559449604179, "slope": 0.0, "slope_deg": 0.0 }, "geometry": { "type": "Point", "coordinates": [ 25.897266432011801, 44.634460552730488 ] } },
{ "type": "Feature", "properties": { "point_id": 623, "lon": 25.897293378917936, "lat": 44.63446028879882, "elevation_m": 0.0, "distance_m": 1862.3982721677307, "distance_km": 1.8623982721677308, "heading_deg": 90.788559465021365, "slope": 0.0, "slope_deg": 0.0 }, "geometry": { "type": "Point", "coordinates": [ 25.897293378917936, 44.63446028879882 ] } },
{ "type": "Feature", "properties": { "point_id": 624, "lon": 25.897320325824069, "lat": 44.634460024867145, "elevation_m": 0.0, "distance_m": 1865.3982721674815, "distance_km": 1.8653982721674816, "heading_deg": 90.78855948053166, "slope": 0.0, "slope_deg": 0.0 }, "geometry": { "type": "Point", "coordinates": [ 25.897320325824069, 44.634460024867145 ] } },
{ "type": "Feature", "properties": { "point_id": 625, "lon": 25.897347272730201, "lat": 44.634459760935478, "elevation_m": 0.0, "distance_m": 1868.3982721676853, "distance_km": 1.8683982721676853, "heading_deg": 90.788559448347883, "slope": 0.0, "slope_deg": 0.0 }, "geometry": { "type": "Point", "coordinates": [ 25.897347272730201, 44.634459760935478 ] } },
{ "type": "Feature", "properties": { "point_id": 626, "lon": 25.897374219636337, "lat": 44.634459497003803, "elevation_m": 0.0, "distance_m": 1871.3982721679017, "distance_km": 1.8713982721679017, "heading_deg": 90.788559473359669, "slope": 0.0, "slope_deg": 0.0 }, "geometry": { "type": "Point", "coordinates": [ 25.897374219636337, 44.634459497003803 ] } },
{ "type": "Feature", "properties": { "point_id": 627, "lon": 25.897401166542465, "lat": 44.634459233072121, "elevation_m": 0.0, "distance_m": 1874.3982721676525, "distance_km": 1.8743982721676524, "heading_deg": 90.788559469773759, "slope": 0.0, "slope_deg": 0.0 }, "geometry": { "type": "Point", "coordinates": [ 25.897401166542465, 44.634459233072121 ] } },
{ "type": "Feature", "properties": { "point_id": 628, "lon": 25.897428113448598, "lat": 44.634458969140454, "elevation_m": 0.0, "distance_m": 1877.398272167869, "distance_km": 1.877398272167869, "heading_deg": 90.788559466187735, "slope": 0.0, "slope_deg": 0.0 }, "geometry": { "type": "Point", "coordinates": [ 25.897428113448598, 44.634458969140454 ] } },
{ "type": "Feature", "properties": { "point_id": 629, "lon": 25.89745506035473, "lat": 44.634458705208772, "elevation_m": 0.0, "distance_m": 1880.3982721676198, "distance_km": 1.8803982721676198, "heading_deg": 90.78855945300711, "slope": 0.0, "slope_deg": 0.0 }, "geometry": { "type": "Point", "coordinates": [ 25.89745506035473, 44.634458705208772 ] } },
{ "type": "Feature", "properties": { "point_id": 630, "lon": 25.897482007260862, "lat": 44.634458441277097, "elevation_m": 0.0, "distance_m": 1883.3982721678362, "distance_km": 1.8833982721678362, "heading_deg": 90.788559468517406, "slope": 0.0, "slope_deg": 0.0 }, "geometry": { "type": "Point", "coordinates": [ 25.897482007260862, 44.634458441277097 ] } },
{ "type": "Feature", "properties": { "point_id": 631, "lon": 25.897508954166994, "lat": 44.634458177345415, "elevation_m": 0.0, "distance_m": 1886.3982721675743, "distance_km": 1.8863982721675743, "heading_deg": 90.788559483748486, "slope": 0.0, "slope_deg": 0.0 }, "geometry": { "type": "Point", "coordinates": [ 25.897508954166994, 44.634458177345415 ] } },
{ "type": "Feature", "properties": { "point_id": 632, "lon": 25.89753590107313, "lat": 44.634457913413733, "elevation_m": 0.0, "distance_m": 1889.3982721677908, "distance_km": 1.8893982721677907, "heading_deg": 90.788559452029972, "slope": 0.0, "slope_deg": 0.0 }, "geometry": { "type": "Point", "coordinates": [ 25.89753590107313, 44.634457913413733 ] } },
{ "type": "Feature", "properties": { "point_id": 633, "lon": 25.897562847979255, "lat": 44.634457649482052, "elevation_m": 0.0, "distance_m": 1892.3982721675416, "distance_km": 1.8923982721675416, "heading_deg": 87.108010284371858, "slope": 0.0, "slope_deg": 0.0 }, "geometry": { "type": "Point", "coordinates": [ 25.897562847979255, 44.634457649482052 ] } },
{ "type": "Feature", "properties": { "point_id": 634, "lon": 25.897589750308946, "lat": 44.634458616578478, "elevation_m": 0.0, "distance_m": 1895.3968447048292, "distance_km": 1.8953968447048291, "heading_deg": 86.259314109262618, "slope": 0.0, "slope_deg": 0.0 }, "geometry": { "type": "Point", "coordinates": [ 25.897589750308946, 44.634458616578478 ] } },
{ "type": "Feature", "properties": { "point_id": 635, "lon": 25.897616642353071, "lat": 44.634459867722022, "elevation_m": 0.0, "distance_m": 1898.3968447048517, "distance_km": 1.8983968447048516, "heading_deg": 86.259314143071606, "slope": 0.0, "slope_deg": 0.0 }, "geometry": { "type": "Point", "coordinates": [ 25.897616642353071, 44.634459867722022 ] } },
{ "type": "Feature", "properties": { "point_id": 636, "lon": 25.897643534397201, "lat": 44.634461118865531, "elevation_m": 0.0, "distance_m": 1901.3968447048742, "distance_km": 1.9013968447048741, "heading_deg": 86.259314110063713, "slope": 0.0, "slope_deg": 0.0 }, "geometry": { "type": "Point", "coordinates": [ 25.897643534397201, 44.634461118865531 ] } },
{ "type": "Feature", "properties": { "point_id": 637, "lon": 25.89767042644133, "lat": 44.634462370009018, "elevation_m": 0.0, "distance_m": 1904.3968447048967, "distance_km": 1.9043968447048967, "heading_deg": 86.259314114102438, "slope": 0.0, "slope_deg": 0.0 }, "geometry": { "type": "Point", "coordinates": [ 25.89767042644133, 44.634462370009018 ] } },
{ "type": "Feature", "properties": { "point_id": 638, "lon": 25.897697318485456, "lat": 44.634463621152484, "elevation_m": 0.0, "distance_m": 1907.3968447049799, "distance_km": 1.9073968447049798, "heading_deg": 86.259314109541265, "slope": 0.0, "slope_deg": 0.0 }, "geometry": { "type": "Point", "coordinates": [ 25.897697318485456, 44.634463621152484 ] } },
{ "type": "Feature", "properties": { "point_id": 639, "lon": 25.897724210529578, "lat": 44.634464872295922, "elevation_m": 0.0, "distance_m": 1910.3968447045379, "distance_km": 1.9103968447045379, "heading_deg": 86.259314096380194, "slope": 0.0, "slope_deg": 0.0 }, "geometry": { "type": "Point", "coordinates": [ 25.897724210529578, 44.634464872295922 ] } },
{ "type": "Feature", "properties": { "point_id": 640, "lon": 25.897751102573707, "lat": 44.634466123439331, "elevation_m": 0.0, "distance_m": 1913.3968447045604, "distance_km": 1.9133968447045604, "heading_deg": 86.259314157753579, "slope": 0.0, "slope_deg": 0.0 }, "geometry": { "type": "Point", "coordinates": [ 25.897751102573707, 44.634466123439331 ] } },
{ "type": "Feature", "properties": { "point_id": 641, "lon": 25.897777994617833, "lat": 44.634467374582705, "elevation_m": 0.0, "distance_m": 1916.3968447045829, "distance_km": 1.9163968447045829, "heading_deg": 86.259314124745629, "slope": 0.0, "slope_deg": 0.0 }, "geometry": { "type": "Point", "coordinates": [ 25.897777994617833, 44.634467374582705 ] } },
{ "type": "Feature", "properties": { "point_id": 642, "lon": 25.897804886661959, "lat": 44.634468625726058, "elevation_m": 0.0, "distance_m": 1919.3968447046661, "distance_km": 1.9193968447046661, "heading_deg": 86.259314111143397, "slope": 0.0, "slope_deg": 0.0 }, "geometry": { "type": "Point", "coordinates": [ 25.897804886661959, 44.634468625726058 ] } },
{ "type": "Feature", "properties": { "point_id": 643, "lon": 25.897831778706088, "lat": 44.634469876869389, "elevation_m": 0.0, "distance_m": 1922.3968447046886, "distance_km": 1.9223968447046886, "heading_deg": 86.259314125546666, "slope": 0.0, "slope_deg": 0.0 }, "geometry": { "type": "Point", "coordinates": [ 25.897831778706088, 44.634469876869389 ] } },
{ "type": "Feature", "properties": { "point_id": 644, "lon": 25.897858670750217, "lat": 44.634471128012677, "elevation_m": 0.0, "distance_m": 1925.3968447047112, "distance_km": 1.9253968447047112, "heading_deg": 86.259314102021051, "slope": 0.0, "slope_deg": 0.0 }, "geometry": { "type": "Point", "coordinates": [ 25.897858670750217, 44.634471128012677 ] } },
{ "type": "Feature", "properties": { "point_id": 645, "lon": 25.897885562794347, "lat": 44.634472379155952, "elevation_m": 0.0, "distance_m": 1928.3968447047337, "distance_km": 1.9283968447047337, "heading_deg": 86.259314115541997, "slope": 0.0, "slope_deg": 0.0 }, "geometry": { "type": "Point", "coordinates": [ 25.897885562794347, 44.634472379155952 ] } },
{ "type": "Feature", "properties": { "point_id": 646, "lon": 25.897912454838472, "lat": 44.634473630299205, "elevation_m": 0.0, "distance_m": 1931.3968447048169, "distance_km": 1.9313968447048169, "heading_deg": 86.259314120904264, "slope": 0.0, "slope_deg": 0.0 }, "geometry": { "type": "Point", "coordinates": [ 25.897912454838472, 44.634473630299205 ] } },
{ "type": "Feature", "properties": { "point_id": 647, "lon": 25.897939346882598, "lat": 44.634474881442422, "elevation_m": 0.0, "distance_m": 1934.3968447048394, "distance_km": 1.9343968447048394, "heading_deg": 86.259314126266474, "slope": 0.0, "slope_deg": 0.0 }, "geometry": { "type": "Point", "coordinates": [ 25.897939346882598, 44.634474881442422 ] } },
{ "type": "Feature", "properties": { "point_id": 648, "lon": 25.897966238926728, "lat": 44.634476132585604, "elevation_m": 0.0, "distance_m": 1937.3968447048619, "distance_km": 1.937396844704862, "heading_deg": 86.25931412126414, "slope": 0.0, "slope_deg": 0.0 }, "geometry": { "type": "Point", "coordinates": [ 25.897966238926728, 44.634476132585604 ] } },
{ "type": "Feature", "properties": { "point_id": 649, "lon": 25.897993130970853, "lat": 44.634477383728772, "elevation_m": 0.0, "distance_m": 1940.3968447049451, "distance_km": 1.9403968447049451, "heading_deg": 86.259314116702967, "slope": 0.0, "slope_deg": 0.0 }, "geometry": { "type": "Point", "coordinates": [ 25.897993130970853, 44.634477383728772 ] } },
{ "type": "Feature", "properties": { "point_id": 650, "lon": 25.898020023014979, "lat": 44.634478634871904, "elevation_m": 0.0, "distance_m": 1943.3968447049676, "distance_km": 1.9433968447049677, "heading_deg": 86.259314131106294, "slope": 0.0, "slope_deg": 0.0 }, "geometry": { "type": "Point", "coordinates": [ 25.898020023014979, 44.634478634871904 ] } },
{ "type": "Feature", "properties": { "point_id": 651, "lon": 25.898046915059105, "lat": 44.634479886015015, "elevation_m": 0.0, "distance_m": 1946.3968447045256, "distance_km": 1.9463968447045257, "heading_deg": 86.259314117504005, "slope": 0.0, "slope_deg": 0.0 }, "geometry": { "type": "Point", "coordinates": [ 25.898046915059105, 44.634479886015015 ] } },
{ "type": "Feature", "properties": { "point_id": 652, "lon": 25.898073807103234, "lat": 44.634481137158097, "elevation_m": 0.0, "distance_m": 1949.3968447045481, "distance_km": 1.9493968447045482, "heading_deg": 86.259314112060565, "slope": 0.0, "slope_deg": 0.0 }, "geometry": { "type": "Point", "coordinates": [ 25.898073807103234, 44.634481137158097 ] } },
{ "type": "Feature", "properties": { "point_id": 653, "lon": 25.89810069914736, "lat": 44.634482388301159, "elevation_m": 0.0, "distance_m": 1952.3968447046313, "distance_km": 1.9523968447046314, "heading_deg": 86.259322804903377, "slope": 0.0, "slope_deg": 0.0 }, "geometry": { "type": "Point", "coordinates": [ 25.89810069914736, 44.634482388301159 ] } },
{ "type": "Feature", "properties": { "point_id": 654, "lon": 25.8981031, "lat": 44.6344825, "elevation_m": 0.0, "distance_m": 1952.6646770004015, "distance_km": 1.9526646770004015, "heading_deg": 86.259322804903377, "slope": 0.0, "slope_deg": 0.0 }, "geometry": { "type": "Point", "coordinates": [ 25.8981031, 44.6344825 ] } }
]
}
