{
"type": "FeatureCollection",
"name": "targu_mures_track_3d",
"crs": { "type": "name", "properties": { "name": "urn:ogc:def:crs:OGC:1.3:CRS84" } },
"features": [
{ "type": "Feature", "properties": { "point_id": 0, "lon": 24.4247049, "lat": 46.4327278, "elevation_m": 410.7012939453125, "distance_m": 0.0, "distance_km": 0.0, "heading_deg": 214.05289551070589, "slope": 0.0, "slope_deg": 0.0 }, "geometry": { "type": "Point", "coordinates": [ 24.4247049, 46.4327278 ] } },
{ "type": "Feature", "properties": { "point_id": 1, "lon": 24.424689809436337, "lat": 46.432712411278182, "elevation_m": 410.7012939453125, "distance_m": 2.9999999997548898, "distance_km": 0.0029999999997548897, "heading_deg": 214.05289548961613, "slope": 0.0, "slope_deg": 0.0 }, "geometry": { "type": "Point", "coordinates": [ 24.424689809436337, 46.432712411278182 ] } },
{ "type": "Feature", "properties": { "point_id": 2, "lon": 24.42467471887268, "lat": 46.432697022552006, "elevation_m": 410.7012939453125, "distance_m": 6.0000000002813998, "distance_km": 0.0060000000002814, "heading_deg": 214.05289552357419, "slope": 0.0, "slope_deg": 0.0 }, "geometry": { "type": "Point", "coordinates": [ 24.42467471887268, 46.432697022552006 ] } },
{ "type": "Feature", "properties": { "point_id": 3, "lon": 24.424659628309023, "lat": 46.432681633821502, "elevation_m": 410.7012939453125, "distance_m": 8.9999999997755395, "distance_km": 0.00899999999977554, "heading_deg": 214.05289546973844, "slope": 0.0, "slope_deg": 0.0 }, "geometry": { "type": "Point", "coordinates": [ 24.424659628309023, 46.432681633821502 ] } },
{ "type": "Feature", "properties": { "point_id": 4, "lon": 24.424644537745365, "lat": 46.432666245086629, "elevation_m": 410.7012939453125, "distance_m": 12.00000000030205, "distance_km": 0.01200000000030205, "heading_deg": 214.052895525564, "slope": 0.0, "slope_deg": 0.0 }, "geometry": { "type": "Point", "coordinates": [ 24.424644537745365, 46.432666245086629 ] } },
{ "type": "Feature", "properties": { "point_id": 5, "lon": 24.424629447181708, "lat": 46.432650856347436, "elevation_m": 410.7012939453125, "distance_m": 15.000000000056939, "distance_km": 0.01500000000005694, "heading_deg": 214.05289549919823, "slope": 0.0, "slope_deg": 0.0 }, "geometry": { "type": "Point", "coordinates": [ 24.424629447181708, 46.432650856347436 ] } },
{ "type": "Feature", "properties": { "point_id": 6, "lon": 24.424614356618047, "lat": 46.432635467603887, "elevation_m": 412.69735717773438, "distance_m": 17.999999999811831, "distance_km": 0.01799999999981183, "heading_deg": 214.05289550019364, "slope": 0.66535441086165303, "slope_deg": 33.637983651269749 }, "geometry": { "type": "Point", "coordinates": [ 24.424614356618047, 46.432635467603887 ] } },
{ "type": "Feature", "properties": { "point_id": 7, "lon": 24.424599266054386, "lat": 46.43262007885599, "elevation_m": 412.69735717773438, "distance_m": 21.000000000338339, "distance_km": 0.021000000000338338, "heading_deg": 214.05289550097217, "slope": 0.0, "slope_deg": 0.0 }, "geometry": { "type": "Point", "coordinates": [ 24.424599266054386, 46.43262007885599 ] } },
{ "type": "Feature", "properties": { "point_id": 8, "lon": 24.424584175490732, "lat": 46.432604690103759, "elevation_m": 412.69735717773438, "distance_m": 23.999999999832479, "distance_km": 0.023999999999832478, "heading_deg": 214.05289551866679, "slope": 0.0, "slope_deg": 0.0 }, "geometry": { "type": "Point", "coordinates": [ 24.424584175490732, 46.432604690103759 ] } },
{ "type": "Feature", "properties": { "point_id": 9, "lon": 24.424569084927075, "lat": 46.432589301347178, "elevation_m": 412.0535888671875, "distance_m": 26.99999999958737, "distance_km": 0.026999999999587371, "heading_deg": 214.05289548659084, "slope": -0.21458943686649093, "slope_deg": -12.111394072099973 }, "geometry": { "type": "Point", "coordinates": [ 24.424569084927075, 46.432589301347178 ] } },
{ "type": "Feature", "properties": { "point_id": 10, "lon": 24.424553994363418, "lat": 46.432573912586243, "elevation_m": 412.0535888671875, "distance_m": 30.000000000113879, "distance_km": 0.03000000000011388, "heading_deg": 214.05289551516512, "slope": 0.0, "slope_deg": 0.0 }, "geometry": { "type": "Point", "coordinates": [ 24.424553994363418, 46.432573912586243 ] } },
{ "type": "Feature", "properties": { "point_id": 11, "lon": 24.424538903799757, "lat": 46.432558523820973, "elevation_m": 412.0535888671875, "distance_m": 32.99999999986877, "distance_km": 0.032999999999868773, "heading_deg": 214.05289548869206, "slope": 0.0, "slope_deg": 0.0 }, "geometry": { "type": "Point", "coordinates": [ 24.424538903799757, 46.432558523820973 ] } },
{ "type": "Feature", "properties": { "point_id": 12, "lon": 24.424523813236096, "lat": 46.43254313505134, "elevation_m": 412.0535888671875, "distance_m": 36.000000000395282, "distance_km": 0.036000000000395285, "heading_deg": 214.05289550045933, "slope": 0.0, "slope_deg": 0.0 }, "geometry": { "type": "Point", "coordinates": [ 24.424523813236096, 46.43254313505134 ] } },
{ "type": "Feature", "properties": { "point_id": 13, "lon": 24.424508722672442, "lat": 46.432527746277387, "elevation_m": 412.0535888671875, "distance_m": 38.999999999889418, "distance_km": 0.038999999999889415, "heading_deg": 214.05289552364889, "slope": 0.0, "slope_deg": 0.0 }, "geometry": { "type": "Point", "coordinates": [ 24.424508722672442, 46.432527746277387 ] } },
{ "type": "Feature", "properties": { "point_id": 14, "lon": 24.424493632108785, "lat": 46.432512357499078, "elevation_m": 412.0535888671875, "distance_m": 41.999999999644309, "distance_km": 0.041999999999644308, "heading_deg": 214.05289549717645, "slope": 0.0, "slope_deg": 0.0 }, "geometry": { "type": "Point", "coordinates": [ 24.424493632108785, 46.432512357499078 ] } },
{ "type": "Feature", "properties": { "point_id": 15, "lon": 24.424478541545124, "lat": 46.432496968716421, "elevation_m": 412.0535888671875, "distance_m": 45.000000000170822, "distance_km": 0.04500000000017082, "heading_deg": 214.05289550905289, "slope": 0.0, "slope_deg": 0.0 }, "geometry": { "type": "Point", "coordinates": [ 24.424478541545124, 46.432496968716421 ] } },
{ "type": "Feature", "properties": { "point_id": 16, "lon": 24.424463450981467, "lat": 46.432481579929423, "elevation_m": 412.0535888671875, "distance_m": 47.999999999925713, "distance_km": 0.047999999999925713, "heading_deg": 214.052895504665, "slope": 0.0, "slope_deg": 0.0 }, "geometry": { "type": "Point", "coordinates": [ 24.424463450981467, 46.432481579929423 ] } },
{ "type": "Feature", "properties": { "point_id": 17, "lon": 24.424448360417806, "lat": 46.432466191138076, "elevation_m": 412.0535888671875, "distance_m": 51.000000000452225, "distance_km": 0.051000000000452225, "heading_deg": 214.05289549434912, "slope": 0.0, "slope_deg": 0.0 }, "geometry": { "type": "Point", "coordinates": [ 24.424448360417806, 46.432466191138076 ] } },
{ "type": "Feature", "properties": { "point_id": 18, "lon": 24.424433269854156, "lat": 46.432450802342387, "elevation_m": 412.0535888671875, "distance_m": 53.999999999946361, "distance_km": 0.053999999999946362, "heading_deg": 214.05289550127512, "slope": 0.0, "slope_deg": 0.0 }, "geometry": { "type": "Point", "coordinates": [ 24.424433269854156, 46.432450802342387 ] } },
{ "type": "Feature", "properties": { "point_id": 19, "lon": 24.424418179290495, "lat": 46.43243541354235, "elevation_m": 412.0535888671875, "distance_m": 56.999999999701252, "distance_km": 0.056999999999701255, "heading_deg": 214.0528955021646, "slope": 0.0, "slope_deg": 0.0 }, "geometry": { "type": "Point", "coordinates": [ 24.424418179290495, 46.43243541354235 ] } },
{ "type": "Feature", "properties": { "point_id": 20, "lon": 24.424403088726834, "lat": 46.432420024737965, "elevation_m": 412.0535888671875, "distance_m": 60.000000000227764, "distance_km": 0.060000000000227767, "heading_deg": 214.05289549766894, "slope": 0.0, "slope_deg": 0.0 }, "geometry": { "type": "Point", "coordinates": [ 24.424403088726834, 46.432420024737965 ] } },
{ "type": "Feature", "properties": { "point_id": 21, "lon": 24.424387998163173, "lat": 46.432404635929238, "elevation_m": 412.0535888671875, "distance_m": 62.999999999982656, "distance_km": 0.062999999999982653, "heading_deg": 214.05289551504043, "slope": 0.0, "slope_deg": 0.0 }, "geometry": { "type": "Point", "coordinates": [ 24.424387998163173, 46.432404635929238 ] } },
{ "type": "Feature", "properties": { "point_id": 22, "lon": 24.424372907599516, "lat": 46.43238924711617, "elevation_m": 412.0535888671875, "distance_m": 65.99999999973754, "distance_km": 0.065999999999737546, "heading_deg": 214.05289548296722, "slope": 0.0, "slope_deg": 0.0 }, "geometry": { "type": "Point", "coordinates": [ 24.424372907599516, 46.43238924711617 ] } },
{ "type": "Feature", "properties": { "point_id": 23, "lon": 24.424357817035862, "lat": 46.432373858298746, "elevation_m": 412.0535888671875, "distance_m": 69.000000000003297, "distance_km": 0.069000000000003295, "heading_deg": 214.05289550066487, "slope": 0.0, "slope_deg": 0.0 }, "geometry": { "type": "Point", "coordinates": [ 24.424357817035862, 46.432373858298746 ] } },
{ "type": "Feature", "properties": { "point_id": 24, "lon": 24.424342726472204, "lat": 46.432358469476988, "elevation_m": 414.163330078125, "distance_m": 71.999999999758188, "distance_km": 0.071999999999758188, "heading_deg": 214.05289550166393, "slope": 0.70324707036995737, "slope_deg": 35.116691180805979 }, "geometry": { "type": "Point", "coordinates": [ 24.424342726472204, 46.432358469476988 ] } },
{ "type": "Feature", "properties": { "point_id": 25, "lon": 24.424327635908543, "lat": 46.432343080650874, "elevation_m": 414.163330078125, "distance_m": 75.0000000002847, "distance_km": 0.0750000000002847, "heading_deg": 214.05289551914478, "slope": 0.0, "slope_deg": 0.0 }, "geometry": { "type": "Point", "coordinates": [ 24.424327635908543, 46.432343080650874 ] } },
{ "type": "Feature", "properties": { "point_id": 26, "lon": 24.424312545344883, "lat": 46.432327691820426, "elevation_m": 414.163330078125, "distance_m": 78.000000000039591, "distance_km": 0.078000000000039593, "heading_deg": 214.052895503554, "slope": 0.0, "slope_deg": 0.0 }, "geometry": { "type": "Point", "coordinates": [ 24.424312545344883, 46.432327691820426 ] } },
{ "type": "Feature", "properties": { "point_id": 27, "lon": 24.424297454781225, "lat": 46.432312302985629, "elevation_m": 413.554931640625, "distance_m": 80.999999999794483, "distance_km": 0.080999999999794486, "heading_deg": 214.0528954935659, "slope": -0.20279947918323599, "slope_deg": -11.464078290794735 }, "geometry": { "type": "Point", "coordinates": [ 24.424297454781225, 46.432312302985629 ] } },
{ "type": "Feature", "properties": { "point_id": 28, "lon": 24.424282364217571, "lat": 46.432296914146484, "elevation_m": 413.554931640625, "distance_m": 84.00000000006024, "distance_km": 0.084000000000060235, "heading_deg": 214.05289552763759, "slope": 0.0, "slope_deg": 0.0 }, "geometry": { "type": "Point", "coordinates": [ 24.424282364217571, 46.432296914146484 ] } },
{ "type": "Feature", "properties": { "point_id": 29, "lon": 24.424267273653911, "lat": 46.432281525303004, "elevation_m": 413.554931640625, "distance_m": 86.999999999815131, "distance_km": 0.086999999999815128, "heading_deg": 214.05289547908419, "slope": 0.0, "slope_deg": 0.0 }, "geometry": { "type": "Point", "coordinates": [ 24.424267273653911, 46.432281525303004 ] } },
{ "type": "Feature", "properties": { "point_id": 30, "lon": 24.424252183090253, "lat": 46.432266136455162, "elevation_m": 413.554931640625, "distance_m": 90.000000000341643, "distance_km": 0.09000000000034164, "heading_deg": 214.05289550766238, "slope": 0.0, "slope_deg": 0.0 }, "geometry": { "type": "Point", "coordinates": [ 24.424252183090253, 46.432266136455162 ] } },
{ "type": "Feature", "properties": { "point_id": 31, "lon": 24.424237092526592, "lat": 46.432250747602986, "elevation_m": 413.554931640625, "distance_m": 93.000000000096534, "distance_km": 0.093000000000096533, "heading_deg": 214.0528955030604, "slope": 0.0, "slope_deg": 0.0 }, "geometry": { "type": "Point", "coordinates": [ 24.424237092526592, 46.432250747602986 ] } },
{ "type": "Feature", "properties": { "point_id": 32, "lon": 24.424222001962935, "lat": 46.43223535874646, "elevation_m": 413.554931640625, "distance_m": 95.999999999851426, "distance_km": 0.095999999999851426, "heading_deg": 214.05289549856715, "slope": 0.0, "slope_deg": 0.0 }, "geometry": { "type": "Point", "coordinates": [ 24.424222001962935, 46.43223535874646 ] } },
{ "type": "Feature", "properties": { "point_id": 33, "lon": 24.424206911399281, "lat": 46.432219969885594, "elevation_m": 413.554931640625, "distance_m": 99.000000000117183, "distance_km": 0.099000000000117189, "heading_deg": 214.05289550517048, "slope": 0.0, "slope_deg": 0.0 }, "geometry": { "type": "Point", "coordinates": [ 24.424206911399281, 46.432219969885594 ] } },
{ "type": "Feature", "properties": { "point_id": 34, "lon": 24.42419182083562, "lat": 46.432204581020379, "elevation_m": 413.554931640625, "distance_m": 101.99999999987207, "distance_km": 0.10199999999987207, "heading_deg": 214.05289550617152, "slope": 0.0, "slope_deg": 0.0 }, "geometry": { "type": "Point", "coordinates": [ 24.42419182083562, 46.432204581020379 ] } },
{ "type": "Feature", "properties": { "point_id": 35, "lon": 24.424176730271959, "lat": 46.432189192150815, "elevation_m": 413.554931640625, "distance_m": 104.99999999962697, "distance_km": 0.10499999999962696, "heading_deg": 216.48402433193846, "slope": 0.0, "slope_deg": 0.0 }, "geometry": { "type": "Point", "coordinates": [ 24.424176730271959, 46.432189192150815 ] } },
{ "type": "Feature", "properties": { "point_id": 36, "lon": 24.424160709937592, "lat": 46.432174261823469, "elevation_m": 413.554931640625, "distance_m": 107.99929335868774, "distance_km": 0.10799929335868774, "heading_deg": 217.12012645363089, "slope": 0.0, "slope_deg": 0.0 }, "geometry": { "type": "Point", "coordinates": [ 24.424160709937592, 46.432174261823469 ] } },
{ "type": "Feature", "properties": { "point_id": 37, "lon": 24.424144446261735, "lat": 46.432159451503793, "elevation_m": 413.554931640625, "distance_m": 110.99929335855356, "distance_km": 0.11099929335855356, "heading_deg": 217.12012647855195, "slope": 0.0, "slope_deg": 0.0 }, "geometry": { "type": "Point", "coordinates": [ 24.424144446261735, 46.432159451503793 ] } },
{ "type": "Feature", "properties": { "point_id": 38, "lon": 24.424128182585871, "lat": 46.432144641180095, "elevation_m": 413.554931640625, "distance_m": 113.99929335870041, "distance_km": 0.11399929335870042, "heading_deg": 217.1201264533594, "slope": 0.0, "slope_deg": 0.0 }, "geometry": { "type": "Point", "coordinates": [ 24.424128182585871, 46.432144641180095 ] } },
{ "type": "Feature", "properties": { "point_id": 39, "lon": 24.424111918910018, "lat": 46.432129830852368, "elevation_m": 413.554931640625, "distance_m": 116.99929335856623, "distance_km": 0.11699929335856624, "heading_deg": 217.12012648261449, "slope": 0.0, "slope_deg": 0.0 }, "geometry": { "type": "Point", "coordinates": [ 24.424111918910018, 46.432129830852368 ] } },
{ "type": "Feature", "properties": { "point_id": 40, "lon": 24.424095655234151, "lat": 46.432115020520627, "elevation_m": 413.554931640625, "distance_m": 119.99929335871309, "distance_km": 0.11999929335871309, "heading_deg": 217.32577691834774, "slope": 0.0, "slope_deg": 0.0 }, "geometry": { "type": "Point", "coordinates": [ 24.424095655234151, 46.432115020520627 ] } },
{ "type": "Feature", "properties": { "point_id": 41, "lon": 24.424079322800701, "lat": 46.43210025798485, "elevation_m": 413.554931640625, "distance_m": 122.99777570051975, "distance_km": 0.12299777570051976, "heading_deg": 233.3750369781236, "slope": 0.0, "slope_deg": 0.0 }, "geometry": { "type": "Point", "coordinates": [ 24.424079322800701, 46.43210025798485 ] } },
{ "type": "Feature", "properties": { "point_id": 42, "lon": 24.42405769430929, "lat": 46.432089177243078, "elevation_m": 413.554931640625, "distance_m": 125.997775700395, "distance_km": 0.125997775700395, "heading_deg": 233.37503699641417, "slope": 0.0, "slope_deg": 0.0 }, "geometry": { "type": "Point", "coordinates": [ 24.42405769430929, 46.432089177243078 ] } },
{ "type": "Feature", "properties": { "point_id": 43, "lon": 24.424036065817884, "lat": 46.432078096499069, "elevation_m": 415.19525146484375, "distance_m": 128.99777570027024, "distance_km": 0.12899777570027024, "heading_deg": 233.37503699511677, "slope": 0.54677327476232129, "slope_deg": 28.668659690250408 }, "geometry": { "type": "Point", "coordinates": [ 24.424036065817884, 46.432078096499069 ] } },
{ "type": "Feature", "properties": { "point_id": 44, "lon": 24.42401443732647, "lat": 46.4320670157528, "elevation_m": 414.6143798828125, "distance_m": 131.99777570051918, "distance_km": 0.13199777570051918, "heading_deg": 240.21065515428461, "slope": -0.19362386066101606, "slope_deg": -10.958230757565904 }, "geometry": { "type": "Point", "coordinates": [ 24.42401443732647, 46.4320670157528 ] } },
{ "type": "Feature", "properties": { "point_id": 45, "lon": 24.423991254022507, "lat": 46.432057868858323, "elevation_m": 414.6143798828125, "distance_m": 134.97148133663694, "distance_km": 0.13497148133663694, "heading_deg": 248.64101896936489, "slope": 0.0, "slope_deg": 0.0 }, "geometry": { "type": "Point", "coordinates": [ 24.423991254022507, 46.432057868858323 ] } },
{ "type": "Feature", "properties": { "point_id": 46, "lon": 24.42396615554064, "lat": 46.432051104034038, "elevation_m": 414.6143798828125, "distance_m": 137.97148133641156, "distance_km": 0.13797148133641154, "heading_deg": 248.64101895602712, "slope": 0.0, "slope_deg": 0.0 }, "geometry": { "type": "Point", "coordinates": [ 24.42396615554064, 46.432051104034038 ] } },
{ "type": "Feature", "properties": { "point_id": 47, "lon": 24.423941057058766, "lat": 46.432044339208922, "elevation_m": 414.6143798828125, "distance_m": 140.97148133661986, "distance_km": 0.14097148133661985, "heading_deg": 248.64101897431306, "slope": 0.0, "slope_deg": 0.0 }, "geometry": { "type": "Point", "coordinates": [ 24.423941057058766, 46.432044339208922 ] } },
{ "type": "Feature", "properties": { "point_id": 48, "lon": 24.423915958576892, "lat": 46.43203757438296, "elevation_m": 414.6143798828125, "distance_m": 143.97148133682816, "distance_km": 0.14397148133682816, "heading_deg": 254.31223284091948, "slope": 0.0, "slope_deg": 0.0 }, "geometry": { "type": "Point", "coordinates": [ 24.423915958576892, 46.43203757438296 ] } },
{ "type": "Feature", "properties": { "point_id": 49, "lon": 24.423890231628523, "lat": 46.432032594396361, "elevation_m": 414.6143798828125, "distance_m": 146.9462020999118, "distance_km": 0.1469462020999118, "heading_deg": 264.07713333853349, "slope": 0.0, "slope_deg": 0.0 }, "geometry": { "type": "Point", "coordinates": [ 24.423890231628523, 46.432032594396361 ] } },
{ "type": "Feature", "properties": { "point_id": 50, "lon": 24.423863426034394, "lat": 46.432030677755364, "elevation_m": 414.6143798828125, "distance_m": 149.94620210031613, "distance_km": 0.14994620210031612, "heading_deg": 264.07713340802178, "slope": 0.0, "slope_deg": 0.0 }, "geometry": { "type": "Point", "coordinates": [ 24.423863426034394, 46.432030677755364 ] } },
{ "type": "Feature", "properties": { "point_id": 51, "lon": 24.423836620440269, "lat": 46.432028761114317, "elevation_m": 414.6143798828125, "distance_m": 152.94620210016117, "distance_km": 0.15294620210016116, "heading_deg": 264.07713340013743, "slope": 0.0, "slope_deg": 0.0 }, "geometry": { "type": "Point", "coordinates": [ 24.423836620440269, 46.432028761114317 ] } },
{ "type": "Feature", "properties": { "point_id": 52, "lon": 24.423809814846145, "lat": 46.432026844473199, "elevation_m": 414.6143798828125, "distance_m": 155.94620210010231, "distance_km": 0.15594620210010232, "heading_deg": 273.34568722471238, "slope": 0.0, "slope_deg": 0.0 }, "geometry": { "type": "Point", "coordinates": [ 24.423809814846145, 46.432026844473199 ] } },
{ "type": "Feature", "properties": { "point_id": 53, "lon": 24.423783050475244, "lat": 46.432027922841179, "elevation_m": 414.6143798828125, "distance_m": 158.93068496914182, "distance_km": 0.15893068496914181, "heading_deg": 277.00990688777398, "slope": 0.0, "slope_deg": 0.0 }, "geometry": { "type": "Point", "coordinates": [ 24.423783050475244, 46.432027922841179 ] } },
{ "type": "Feature", "properties": { "point_id": 54, "lon": 24.423756302461623, "lat": 46.432030189622061, "elevation_m": 414.6143798828125, "distance_m": 161.93068496919196, "distance_km": 0.16193068496919197, "heading_deg": 277.00990690459201, "slope": 0.0, "slope_deg": 0.0 }, "geometry": { "type": "Point", "coordinates": [ 24.423756302461623, 46.432030189622061 ] } },
{ "type": "Feature", "properties": { "point_id": 55, "lon": 24.423729554448006, "lat": 46.432032456402851, "elevation_m": 414.71194458007812, "distance_m": 164.93068496924209, "distance_km": 0.1649306849692421, "heading_deg": 277.00990683046854, "slope": 0.032521565754664833, "slope_deg": 1.8626919525730019 }, "geometry": { "type": "Point", "coordinates": [ 24.423729554448006, 46.432032456402851 ] } },
{ "type": "Feature", "properties": { "point_id": 56, "lon": 24.423702806434381, "lat": 46.432034723183527, "elevation_m": 414.71194458007812, "distance_m": 167.93068496917857, "distance_km": 0.16793068496917857, "heading_deg": 297.07426894624615, "slope": 0.0, "slope_deg": 0.0 }, "geometry": { "type": "Point", "coordinates": [ 24.423702806434381, 46.432034723183527 ] } },
{ "type": "Feature", "properties": { "point_id": 57, "lon": 24.423678861201093, "lat": 46.432043159047517, "elevation_m": 414.71194458007812, "distance_m": 170.92430490593182, "distance_km": 0.17092430490593183, "heading_deg": 297.76377831071505, "slope": 0.0, "slope_deg": 0.0 }, "geometry": { "type": "Point", "coordinates": [ 24.423678861201093, 46.432043159047517 ] } },
{ "type": "Feature", "properties": { "point_id": 58, "lon": 24.42365501427977, "lat": 46.432051811300546, "elevation_m": 414.71194458007812, "distance_m": 173.92430490635664, "distance_km": 0.17392430490635663, "heading_deg": 297.76377824880223, "slope": 0.0, "slope_deg": 0.0 }, "geometry": { "type": "Point", "coordinates": [ 24.42365501427977, 46.432051811300546 ] } },
{ "type": "Feature", "properties": { "point_id": 59, "lon": 24.423631167358451, "lat": 46.43206046355219, "elevation_m": 414.71194458007812, "distance_m": 176.92430490593557, "distance_km": 0.17692430490593558, "heading_deg": 297.7637782823877, "slope": 0.0, "slope_deg": 0.0 }, "geometry": { "type": "Point", "coordinates": [ 24.423631167358451, 46.43206046355219 ] } },
{ "type": "Feature", "properties": { "point_id": 60, "lon": 24.423607320437128, "lat": 46.432069115802463, "elevation_m": 414.71194458007812, "distance_m": 179.92430490636039, "distance_km": 0.17992430490636038, "heading_deg": 297.76377826388313, "slope": 0.0, "slope_deg": 0.0 }, "geometry": { "type": "Point", "coordinates": [ 24.423607320437128, 46.432069115802463 ] } },
{ "type": "Feature", "properties": { "point_id": 61, "lon": 24.423583473515809, "lat": 46.432077768051364, "elevation_m": 414.71194458007812, "distance_m": 182.92430490593932, "distance_km": 0.18292430490593933, "heading_deg": 302.98445173819812, "slope": 0.0, "slope_deg": 0.0 }, "geometry": { "type": "Point", "coordinates": [ 24.423583473515809, 46.432077768051364 ] } },
{ "type": "Feature", "properties": { "point_id": 62, "lon": 24.423560891274242, "lat": 46.43208786942138, "elevation_m": 413.65972900390625, "distance_m": 185.92119147184664, "distance_km": 0.18592119147184663, "heading_deg": 304.28933923195598, "slope": -0.35110290397438293, "slope_deg": -19.346322387648421 }, "geometry": { "type": "Point", "coordinates": [ 24.423560891274242, 46.43208786942138 ] } },
{ "type": "Feature", "properties": { "point_id": 63, "lon": 24.423538625545042, "lat": 46.432098333462442, "elevation_m": 413.65972900390625, "distance_m": 188.9211914723364, "distance_km": 0.18892119147233641, "heading_deg": 304.28933926173397, "slope": 0.0, "slope_deg": 0.0 }, "geometry": { "type": "Point", "coordinates": [ 24.423538625545042, 46.432098333462442 ] } },
{ "type": "Feature", "properties": { "point_id": 64, "lon": 24.423516359815842, "lat": 46.432108797501506, "elevation_m": 413.65972900390625, "distance_m": 191.9211914723015, "distance_km": 0.19192119147230149, "heading_deg": 304.28933922236706, "slope": 0.0, "slope_deg": 0.0 }, "geometry": { "type": "Point", "coordinates": [ 24.423516359815842, 46.432108797501506 ] } },
{ "type": "Feature", "properties": { "point_id": 65, "lon": 24.423494094086646, "lat": 46.432119261538546, "elevation_m": 413.65972900390625, "distance_m": 194.9211914722666, "distance_km": 0.19492119147226661, "heading_deg": 304.28933923593286, "slope": 0.0, "slope_deg": 0.0 }, "geometry": { "type": "Point", "coordinates": [ 24.423494094086646, 46.432119261538546 ] } },
{ "type": "Feature", "properties": { "point_id": 66, "lon": 24.423471828357449, "lat": 46.432129725573589, "elevation_m": 413.56924438476562, "distance_m": 197.9211914722317, "distance_km": 0.19792119147223169, "heading_deg": 304.2893392695201, "slope": -0.030161539713892564, "slope_deg": -1.7276051781324728 }, "geometry": { "type": "Point", "coordinates": [ 24.423471828357449, 46.432129725573589 ] } },
{ "type": "Feature", "properties": { "point_id": 67, "lon": 24.423449562628257, "lat": 46.432140189606621, "elevation_m": 413.56924438476562, "distance_m": 200.92119147181205, "distance_km": 0.20092119147181206, "heading_deg": 304.2893392754666, "slope": 0.0, "slope_deg": 0.0 }, "geometry": { "type": "Point", "coordinates": [ 24.423449562628257, 46.432140189606621 ] } },
{ "type": "Feature", "properties": { "point_id": 68, "lon": 24.423427296899057, "lat": 46.432150653637649, "elevation_m": 413.56924438476562, "distance_m": 203.92119147230181, "distance_km": 0.20392119147230181, "heading_deg": 304.28933921178117, "slope": 0.0, "slope_deg": 0.0 }, "geometry": { "type": "Point", "coordinates": [ 24.423427296899057, 46.432150653637649 ] } },
{ "type": "Feature", "properties": { "point_id": 69, "lon": 24.42340503116986, "lat": 46.432161117666652, "elevation_m": 413.56924438476562, "distance_m": 206.92119147226691, "distance_km": 0.20692119147226692, "heading_deg": 304.28933925777073, "slope": 0.0, "slope_deg": 0.0 }, "geometry": { "type": "Point", "coordinates": [ 24.42340503116986, 46.432161117666652 ] } },
{ "type": "Feature", "properties": { "point_id": 70, "lon": 24.423382765440664, "lat": 46.432171581693659, "elevation_m": 413.56924438476562, "distance_m": 209.92119147223201, "distance_km": 0.20992119147223201, "heading_deg": 304.28933924701789, "slope": 0.0, "slope_deg": 0.0 }, "geometry": { "type": "Point", "coordinates": [ 24.423382765440664, 46.432171581693659 ] } },
{ "type": "Feature", "properties": { "point_id": 71, "lon": 24.423360499711467, "lat": 46.432182045718648, "elevation_m": 413.56924438476562, "distance_m": 212.92119147219711, "distance_km": 0.2129211914721971, "heading_deg": 304.2893392324554, "slope": 0.0, "slope_deg": 0.0 }, "geometry": { "type": "Point", "coordinates": [ 24.423360499711467, 46.432182045718648 ] } },
{ "type": "Feature", "properties": { "point_id": 72, "lon": 24.423338233982268, "lat": 46.432192509741633, "elevation_m": 413.56924438476562, "distance_m": 215.92119147216221, "distance_km": 0.21592119147216221, "heading_deg": 304.28933928176724, "slope": 0.0, "slope_deg": 0.0 }, "geometry": { "type": "Point", "coordinates": [ 24.423338233982268, 46.432192509741633 ] } },
{ "type": "Feature", "properties": { "point_id": 73, "lon": 24.423315968253075, "lat": 46.432202973762614, "elevation_m": 413.56924438476562, "distance_m": 218.92119147226725, "distance_km": 0.21892119147226724, "heading_deg": 304.28933924718297, "slope": 0.0, "slope_deg": 0.0 }, "geometry": { "type": "Point", "coordinates": [ 24.423315968253075, 46.432202973762614 ] } },
{ "type": "Feature", "properties": { "point_id": 74, "lon": 24.423293702523878, "lat": 46.432213437781584, "elevation_m": 413.56924438476562, "distance_m": 221.92119147223235, "distance_km": 0.22192119147223235, "heading_deg": 304.28933921640811, "slope": 0.0, "slope_deg": 0.0 }, "geometry": { "type": "Point", "coordinates": [ 24.423293702523878, 46.432213437781584 ] } },
{ "type": "Feature", "properties": { "point_id": 75, "lon": 24.423271436794678, "lat": 46.43222390179853, "elevation_m": 413.56924438476562, "distance_m": 224.92119147219745, "distance_km": 0.22492119147219744, "heading_deg": 296.24487474952252, "slope": 0.0, "slope_deg": 0.0 }, "geometry": { "type": "Point", "coordinates": [ 24.423271436794678, 46.43222390179853 ] } },
{ "type": "Feature", "properties": { "point_id": 76, "lon": 24.423247293367361, "lat": 46.432232105856372, "elevation_m": 413.56924438476562, "distance_m": 227.91773174395487, "distance_km": 0.22791773174395488, "heading_deg": 295.30466379616269, "slope": 0.0, "slope_deg": 0.0 }, "geometry": { "type": "Point", "coordinates": [ 24.423247293367361, 46.432232105856372 ] } },
{ "type": "Feature", "properties": { "point_id": 77, "lon": 24.423222929767967, "lat": 46.432240044918629, "elevation_m": 413.56924438476562, "distance_m": 230.9177317437132, "distance_km": 0.23091773174371322, "heading_deg": 295.30466378402241, "slope": 0.0, "slope_deg": 0.0 }, "geometry": { "type": "Point", "coordinates": [ 24.423222929767967, 46.432240044918629 ] } },
{ "type": "Feature", "properties": { "point_id": 78, "lon": 24.423198566168566, "lat": 46.432247983979735, "elevation_m": 413.56924438476562, "distance_m": 233.91773174389252, "distance_km": 0.23391773174389252, "heading_deg": 284.80127476332933, "slope": 0.0, "slope_deg": 0.0 }, "geometry": { "type": "Point", "coordinates": [ 24.423198566168566, 46.432247983979735 ] } },
{ "type": "Feature", "properties": { "point_id": 79, "lon": 24.423172631139664, "lat": 46.432252707109008, "elevation_m": 413.63275146484375, "distance_m": 236.90389353149754, "distance_km": 0.23690389353149754, "heading_deg": 281.91991735462864, "slope": 0.021267126363256821, "slope_deg": 1.2183329249321713 }, "geometry": { "type": "Point", "coordinates": [ 24.423172631139664, 46.432252707109008 ] } },
{ "type": "Feature", "properties": { "point_id": 80, "lon": 24.423146262784794, "lat": 46.432256543436282, "elevation_m": 413.63275146484375, "distance_m": 239.90389353155138, "distance_km": 0.23990389353155137, "heading_deg": 281.91991735510305, "slope": 0.0, "slope_deg": 0.0 }, "geometry": { "type": "Point", "coordinates": [ 24.423146262784794, 46.432256543436282 ] } },
{ "type": "Feature", "properties": { "point_id": 81, "lon": 24.423119894429927, "lat": 46.432260379763285, "elevation_m": 413.63275146484375, "distance_m": 242.90389353160521, "distance_km": 0.24290389353160521, "heading_deg": 281.91991734597786, "slope": 0.0, "slope_deg": 0.0 }, "geometry": { "type": "Point", "coordinates": [ 24.423119894429927, 46.432260379763285 ] } },
{ "type": "Feature", "properties": { "point_id": 82, "lon": 24.423093526075064, "lat": 46.432264216090012, "elevation_m": 413.63275146484375, "distance_m": 245.90389353120344, "distance_km": 0.24590389353120343, "heading_deg": 271.496481897629, "slope": 0.0, "slope_deg": 0.0 }, "geometry": { "type": "Point", "coordinates": [ 24.423093526075064, 46.432264216090012 ] } },
{ "type": "Feature", "properties": { "point_id": 83, "lon": 24.423066649916304, "lat": 46.4322647, "elevation_m": 413.63275146484375, "distance_m": 248.8967545989303, "distance_km": 0.24889675459893029, "heading_deg": 270.00000976216029, "slope": 0.0, "slope_deg": 0.0 }, "geometry": { "type": "Point", "coordinates": [ 24.423066649916304, 46.4322647 ] } },
{ "type": "Feature", "properties": { "point_id": 84, "lon": 24.423039700457782, "lat": 46.4322647, "elevation_m": 413.63275146484375, "distance_m": 251.8967545989303, "distance_km": 0.25189675459893029, "heading_deg": 270.00000976216029, "slope": 0.0, "slope_deg": 0.0 }, "geometry": { "type": "Point", "coordinates": [ 24.423039700457782, 46.4322647 ] } },
{ "type": "Feature", "properties": { "point_id": 85, "lon": 24.423012750999259, "lat": 46.4322647, "elevation_m": 413.63275146484375, "distance_m": 254.8967545989303, "distance_km": 0.2548967545989303, "heading_deg": 259.92369911499537, "slope": 0.0, "slope_deg": 0.0 }, "geometry": { "type": "Point", "coordinates": [ 24.423012750999259, 46.4322647 ] } },
{ "type": "Feature", "properties": { "point_id": 86, "lon": 24.42298654291924, "lat": 46.432261490209648, "elevation_m": 413.63275146484375, "distance_m": 257.85992991328465, "distance_km": 0.25785992991328466, "heading_deg": 251.90996297463408, "slope": 0.0, "slope_deg": 0.0 }, "geometry": { "type": "Point", "coordinates": [ 24.42298654291924, 46.432261490209648 ] } },
{ "type": "Feature", "properties": { "point_id": 87, "lon": 24.422960925580824, "lat": 46.432255722809316, "elevation_m": 413.63275146484375, "distance_m": 260.85992991310053, "distance_km": 0.26085992991310053, "heading_deg": 251.90996292489308, "slope": 0.0, "slope_deg": 0.0 }, "geometry": { "type": "Point", "coordinates": [ 24.422960925580824, 46.432255722809316 ] } },
{ "type": "Feature", "properties": { "point_id": 88, "lon": 24.422935308242408, "lat": 46.432249955408359, "elevation_m": 413.63275146484375, "distance_m": 263.85992991320563, "distance_km": 0.26385992991320562, "heading_deg": 251.90996297051424, "slope": 0.0, "slope_deg": 0.0 }, "geometry": { "type": "Point", "coordinates": [ 24.422935308242408, 46.432249955408359 ] } },
{ "type": "Feature", "properties": { "point_id": 89, "lon": 24.422909690903992, "lat": 46.432244188006813, "elevation_m": 413.96804809570312, "distance_m": 266.85992991302152, "distance_km": 0.26685992991302154, "heading_deg": 240.49487869300168, "slope": 0.11176554362665093, "slope_deg": 6.3772280306377231 }, "geometry": { "type": "Point", "coordinates": [ 24.422909690903992, 46.432244188006813 ] } },
{ "type": "Feature", "properties": { "point_id": 90, "lon": 24.422886243665687, "lat": 46.432235043142505, "elevation_m": 413.96804809570312, "distance_m": 269.85901048907834, "distance_km": 0.26985901048907834, "heading_deg": 240.31916029082652, "slope": 0.0, "slope_deg": 0.0 }, "geometry": { "type": "Point", "coordinates": [ 24.422886243665687, 46.432235043142505 ] } },
{ "type": "Feature", "properties": { "point_id": 91, "lon": 24.422862830054836, "lat": 46.432225845940145, "elevation_m": 413.96804809570312, "distance_m": 272.85901048912439, "distance_km": 0.27285901048912437, "heading_deg": 240.31916030105623, "slope": 0.0, "slope_deg": 0.0 }, "geometry": { "type": "Point", "coordinates": [ 24.422862830054836, 46.432225845940145 ] } },
{ "type": "Feature", "properties": { "point_id": 92, "lon": 24.422839416443988, "lat": 46.43221664873623, "elevation_m": 413.96804809570312, "distance_m": 275.85901048922705, "distance_km": 0.27585901048922706, "heading_deg": 234.24104728942973, "slope": 0.0, "slope_deg": 0.0 }, "geometry": { "type": "Point", "coordinates": [ 24.422839416443988, 46.43221664873623 ] } },
{ "type": "Feature", "properties": { "point_id": 93, "lon": 24.422817718553098, "lat": 46.432205879518968, "elevation_m": 413.96804809570312, "distance_m": 278.83553538824361, "distance_km": 0.27883553538824363, "heading_deg": 225.77857514999721, "slope": 0.0, "slope_deg": 0.0 }, "geometry": { "type": "Point", "coordinates": [ 24.422817718553098, 46.432205879518968 ] } },
{ "type": "Feature", "properties": { "point_id": 94, "lon": 24.42279840522961, "lat": 46.432192925462267, "elevation_m": 413.96804809570312, "distance_m": 281.8355353885155, "distance_km": 0.28183553538851547, "heading_deg": 225.77857517629977, "slope": 0.0, "slope_deg": 0.0 }, "geometry": { "type": "Point", "coordinates": [ 24.42279840522961, 46.432192925462267 ] } },
{ "type": "Feature", "properties": { "point_id": 95, "lon": 24.422779091906119, "lat": 46.432179971402498, "elevation_m": 413.96804809570312, "distance_m": 284.83553538847156, "distance_km": 0.28483553538847156, "heading_deg": 218.98444785008832, "slope": 0.0, "slope_deg": 0.0 }, "geometry": { "type": "Point", "coordinates": [ 24.422779091906119, 46.432179971402498 ] } },
{ "type": "Feature", "properties": { "point_id": 96, "lon": 24.422762285556921, "lat": 46.432165659457837, "elevation_m": 413.96804809570312, "distance_m": 287.80938129649445, "distance_km": 0.28780938129649447, "heading_deg": 210.54794710157927, "slope": 0.0, "slope_deg": 0.0 }, "geometry": { "type": "Point", "coordinates": [ 24.422762285556921, 46.432165659457837 ] } },
{ "type": "Feature", "properties": { "point_id": 97, "lon": 24.422748588247988, "lat": 46.432149663523063, "elevation_m": 413.96804809570312, "distance_m": 290.80938129682846, "distance_km": 0.29080938129682848, "heading_deg": 210.54794709789556, "slope": 0.0, "slope_deg": 0.0 }, "geometry": { "type": "Point", "coordinates": [ 24.422748588247988, 46.432149663523063 ] } },
{ "type": "Feature", "properties": { "point_id": 98, "lon": 24.422734890939054, "lat": 46.432133667583592, "elevation_m": 413.96804809570312, "distance_m": 293.80938129716247, "distance_km": 0.2938093812971625, "heading_deg": 205.52523938356842, "slope": 0.0, "slope_deg": 0.0 }, "geometry": { "type": "Point", "coordinates": [ 24.422734890939054, 46.432133667583592 ] } },
{ "type": "Feature", "properties": { "point_id": 99, "lon": 24.422723399474194, "lat": 46.432117081612049, "elevation_m": 413.96804809570312, "distance_m": 296.77804809551969, "distance_km": 0.29677804809551972, "heading_deg": 191.8745204650281, "slope": 0.0, "slope_deg": 0.0 }, "geometry": { "type": "Point", "coordinates": [ 24.422723399474194, 46.432117081612049 ] } },
{ "type": "Feature", "properties": { "point_id": 100, "lon": 24.422717854111436, "lat": 46.432098905149402, "elevation_m": 413.96804809570312, "distance_m": 299.77804809532495, "distance_km": 0.29977804809532493, "heading_deg": 191.87452048826569, "slope": 0.0, "slope_deg": 0.0 }, "geometry": { "type": "Point", "coordinates": [ 24.422717854111436, 46.432098905149402 ] } },
{ "type": "Feature", "properties": { "point_id": 101, "lon": 24.422712308748675, "lat": 46.432080728680702, "elevation_m": 414.6700439453125, "distance_m": 302.77804809522604, "distance_km": 0.30277804809522602, "heading_deg": 188.86049649372191, "slope": 0.23399861654417309, "slope_deg": 13.170166746727476 }, "geometry": { "type": "Point", "coordinates": [ 24.422712308748675, 46.432080728680702 ] } },
{ "type": "Feature", "properties": { "point_id": 102, "lon": 24.422708168458229, "lat": 46.432062423749855, "elevation_m": 414.6700439453125, "distance_m": 305.7703063654111, "distance_km": 0.30577030636541108, "heading_deg": 183.23763648472993, "slope": 0.0, "slope_deg": 0.0 }, "geometry": { "type": "Point", "coordinates": [ 24.422708168458229, 46.432062423749855 ] } },
{ "type": "Feature", "properties": { "point_id": 103, "lon": 24.422706646424505, "lat": 46.432043879443626, "elevation_m": 414.6700439453125, "distance_m": 308.77030636573846, "distance_km": 0.30877030636573849, "heading_deg": 183.23763648299811, "slope": 0.0, "slope_deg": 0.0 }, "geometry": { "type": "Point", "coordinates": [ 24.422706646424505, 46.432043879443626 ] } },
{ "type": "Feature", "properties": { "point_id": 104, "lon": 24.422705124390784, "lat": 46.43202533513108, "elevation_m": 414.6700439453125, "distance_m": 311.77030636513598, "distance_km": 0.31177030636513597, "heading_deg": 183.23763648182046, "slope": 0.0, "slope_deg": 0.0 }, "geometry": { "type": "Point", "coordinates": [ 24.422705124390784, 46.43202533513108 ] } },
{ "type": "Feature", "properties": { "point_id": 105, "lon": 24.422703602357064, "lat": 46.432006790812224, "elevation_m": 414.6700439453125, "distance_m": 314.77030636546334, "distance_km": 0.31477030636546333, "heading_deg": 183.23763649746991, "slope": 0.0, "slope_deg": 0.0 }, "geometry": { "type": "Point", "coordinates": [ 24.422703602357064, 46.432006790812224 ] } },
{ "type": "Feature", "properties": { "point_id": 106, "lon": 24.422702080323337, "lat": 46.431988246487066, "elevation_m": 414.6700439453125, "distance_m": 317.77030636581702, "distance_km": 0.31777030636581705, "heading_deg": 183.23763648389811, "slope": 0.0, "slope_deg": 0.0 }, "geometry": { "type": "Point", "coordinates": [ 24.422702080323337, 46.431988246487066 ] } },
{ "type": "Feature", "properties": { "point_id": 107, "lon": 24.422700558289613, "lat": 46.431969702155598, "elevation_m": 414.6700439453125, "distance_m": 320.77030636521454, "distance_km": 0.32077030636521453, "heading_deg": 178.60074503400199, "slope": 0.0, "slope_deg": 0.0 }, "geometry": { "type": "Point", "coordinates": [ 24.422700558289613, 46.431969702155598 ] } },
{ "type": "Feature", "properties": { "point_id": 108, "lon": 24.422701215125915, "lat": 46.431951168901939, "elevation_m": 414.6700439453125, "distance_m": 323.76462062488832, "distance_km": 0.32376462062488831, "heading_deg": 175.91657857980147, "slope": 0.0, "slope_deg": 0.0 }, "geometry": { "type": "Point", "coordinates": [ 24.422701215125915, 46.431951168901939 ] } },
{ "type": "Feature", "properties": { "point_id": 109, "lon": 24.42270313416503, "lat": 46.431932642062939, "elevation_m": 414.6700439453125, "distance_m": 326.76462062463651, "distance_km": 0.32676462062463651, "heading_deg": 175.91657858110693, "slope": 0.0, "slope_deg": 0.0 }, "geometry": { "type": "Point", "coordinates": [ 24.42270313416503, 46.431932642062939 ] } },
{ "type": "Feature", "properties": { "point_id": 110, "lon": 24.42270505320414, "lat": 46.431914115217637, "elevation_m": 414.6700439453125, "distance_m": 329.76462062531368, "distance_km": 0.3297646206253137, "heading_deg": 175.91657857496898, "slope": 0.0, "slope_deg": 0.0 }, "geometry": { "type": "Point", "coordinates": [ 24.42270505320414, 46.431914115217637 ] } },
{ "type": "Feature", "properties": { "point_id": 111, "lon": 24.422706972243258, "lat": 46.431895588366039, "elevation_m": 414.6700439453125, "distance_m": 332.76462062506187, "distance_km": 0.33276462062506185, "heading_deg": 175.91657857812868, "slope": 0.0, "slope_deg": 0.0 }, "geometry": { "type": "Point", "coordinates": [ 24.422706972243258, 46.431895588366039 ] } },
{ "type": "Feature", "properties": { "point_id": 112, "lon": 24.422708891282369, "lat": 46.431877061508146, "elevation_m": 414.6700439453125, "distance_m": 335.76462062481005, "distance_km": 0.33576462062481005, "heading_deg": 175.91657858222857, "slope": 0.0, "slope_deg": 0.0 }, "geometry": { "type": "Point", "coordinates": [ 24.422708891282369, 46.431877061508146 ] } },
{ "type": "Feature", "properties": { "point_id": 113, "lon": 24.422710810321483, "lat": 46.431858534643951, "elevation_m": 414.6700439453125, "distance_m": 338.76462062455823, "distance_km": 0.33876462062455825, "heading_deg": 175.91657858073938, "slope": 0.0, "slope_deg": 0.0 }, "geometry": { "type": "Point", "coordinates": [ 24.422710810321483, 46.431858534643951 ] } },
{ "type": "Feature", "properties": { "point_id": 114, "lon": 24.422712729360594, "lat": 46.431840007773459, "elevation_m": 414.6700439453125, "distance_m": 341.76462062523541, "distance_km": 0.34176462062523538, "heading_deg": 175.91657856576046, "slope": 0.0, "slope_deg": 0.0 }, "geometry": { "type": "Point", "coordinates": [ 24.422712729360594, 46.431840007773459 ] } },
{ "type": "Feature", "properties": { "point_id": 115, "lon": 24.422714648399712, "lat": 46.431821480896666, "elevation_m": 414.6700439453125, "distance_m": 344.76462062498359, "distance_km": 0.34476462062498359, "heading_deg": 175.91657858660153, "slope": 0.0, "slope_deg": 0.0 }, "geometry": { "type": "Point", "coordinates": [ 24.422714648399712, 46.431821480896666 ] } },
{ "type": "Feature", "properties": { "point_id": 116, "lon": 24.422716567438822, "lat": 46.431802954013584, "elevation_m": 415.2919921875, "distance_m": 347.76462062473178, "distance_km": 0.34776462062473179, "heading_deg": 175.91657857511564, "slope": 0.20731608074656852, "slope_deg": 11.712417792585574 }, "geometry": { "type": "Point", "coordinates": [ 24.422716567438822, 46.431802954013584 ] } },
{ "type": "Feature", "properties": { "point_id": 117, "lon": 24.422718486477937, "lat": 46.431784427124192, "elevation_m": 415.2919921875, "distance_m": 350.76462062540895, "distance_km": 0.35076462062540897, "heading_deg": 175.91657858432143, "slope": 0.0, "slope_deg": 0.0 }, "geometry": { "type": "Point", "coordinates": [ 24.422718486477937, 46.431784427124192 ] } },
{ "type": "Feature", "properties": { "point_id": 118, "lon": 24.422720405517047, "lat": 46.43176590022852, "elevation_m": 415.2919921875, "distance_m": 353.76462062515714, "distance_km": 0.35376462062515712, "heading_deg": 175.91657856888514, "slope": 0.0, "slope_deg": 0.0 }, "geometry": { "type": "Point", "coordinates": [ 24.422720405517047, 46.43176590022852 ] } },
{ "type": "Feature", "properties": { "point_id": 119, "lon": 24.422722324556165, "lat": 46.431747373326537, "elevation_m": 415.2919921875, "distance_m": 356.76462062490532, "distance_km": 0.35676462062490533, "heading_deg": 175.91657858623284, "slope": 0.0, "slope_deg": 0.0 }, "geometry": { "type": "Point", "coordinates": [ 24.422722324556165, 46.431747373326537 ] } },
{ "type": "Feature", "properties": { "point_id": 120, "lon": 24.422724243595276, "lat": 46.43172884641826, "elevation_m": 415.2919921875, "distance_m": 359.7646206246535, "distance_km": 0.35976462062465353, "heading_deg": 175.91657857334963, "slope": 0.0, "slope_deg": 0.0 }, "geometry": { "type": "Point", "coordinates": [ 24.422724243595276, 46.43172884641826 ] } },
{ "type": "Feature", "properties": { "point_id": 121, "lon": 24.42272616263439, "lat": 46.431710319503679, "elevation_m": 415.2919921875, "distance_m": 362.76462062533068, "distance_km": 0.36276462062533066, "heading_deg": 175.91657858604833, "slope": 0.0, "slope_deg": 0.0 }, "geometry": { "type": "Point", "coordinates": [ 24.42272616263439, 46.431710319503679 ] } },
{ "type": "Feature", "properties": { "point_id": 122, "lon": 24.422728081673501, "lat": 46.431691792582811, "elevation_m": 415.2919921875, "distance_m": 365.76462062507886, "distance_km": 0.36576462062507886, "heading_deg": 175.91657857595942, "slope": 0.0, "slope_deg": 0.0 }, "geometry": { "type": "Point", "coordinates": [ 24.422728081673501, 46.431691792582811 ] } },
{ "type": "Feature", "properties": { "point_id": 123, "lon": 24.422730000712615, "lat": 46.431673265655633, "elevation_m": 415.2919921875, "distance_m": 368.76462062482705, "distance_km": 0.36876462062482707, "heading_deg": 175.91657857981738, "slope": 0.0, "slope_deg": 0.0 }, "geometry": { "type": "Point", "coordinates": [ 24.422730000712615, 46.431673265655633 ] } },
{ "type": "Feature", "properties": { "point_id": 124, "lon": 24.42273191975173, "lat": 46.431654738722166, "elevation_m": 415.2919921875, "distance_m": 371.76462062457523, "distance_km": 0.37176462062457521, "heading_deg": 175.91657858182077, "slope": 0.0, "slope_deg": 0.0 }, "geometry": { "type": "Point", "coordinates": [ 24.42273191975173, 46.431654738722166 ] } },
{ "type": "Feature", "properties": { "point_id": 125, "lon": 24.42273383879084, "lat": 46.43163621178239, "elevation_m": 415.2919921875, "distance_m": 374.76462062525241, "distance_km": 0.3747646206252524, "heading_deg": 175.91657858498002, "slope": 0.0, "slope_deg": 0.0 }, "geometry": { "type": "Point", "coordinates": [ 24.42273383879084, 46.43163621178239 ] } },
{ "type": "Feature", "properties": { "point_id": 126, "lon": 24.422735757829951, "lat": 46.431617684836326, "elevation_m": 415.2919921875, "distance_m": 377.76462062496745, "distance_km": 0.37776462062496746, "heading_deg": 175.9383549897982, "slope": 0.0, "slope_deg": 0.0 }, "geometry": { "type": "Point", "coordinates": [ 24.422735757829951, 46.431617684836326 ] } },
{ "type": "Feature", "properties": { "point_id": 127, "lon": 24.422737666648942, "lat": 46.431599157414674, "elevation_m": 415.2919921875, "distance_m": 380.76461543232602, "distance_km": 0.38076461543232604, "heading_deg": 176.4602349890713, "slope": 0.0, "slope_deg": 0.0 }, "geometry": { "type": "Point", "coordinates": [ 24.422737666648942, 46.431599157414674 ] } },
{ "type": "Feature", "properties": { "point_id": 128, "lon": 24.422739330542203, "lat": 46.431580618740213, "elevation_m": 415.2919921875, "distance_m": 383.76461543227668, "distance_km": 0.38376461543227669, "heading_deg": 176.46023497276383, "slope": 0.0, "slope_deg": 0.0 }, "geometry": { "type": "Point", "coordinates": [ 24.422739330542203, 46.431580618740213 ] } },
{ "type": "Feature", "properties": { "point_id": 129, "lon": 24.422740994435468, "lat": 46.431562080059457, "elevation_m": 415.2919921875, "distance_m": 386.76461543225611, "distance_km": 0.3867646154322561, "heading_deg": 176.46023498276111, "slope": 0.0, "slope_deg": 0.0 }, "geometry": { "type": "Point", "coordinates": [ 24.422740994435468, 46.431562080059457 ] } },
{ "type": "Feature", "properties": { "point_id": 130, "lon": 24.422742658328733, "lat": 46.431543541372385, "elevation_m": 415.2919921875, "distance_m": 389.76461543220677, "distance_km": 0.38976461543220675, "heading_deg": 176.46023497380838, "slope": 0.0, "slope_deg": 0.0 }, "geometry": { "type": "Point", "coordinates": [ 24.422742658328733, 46.431543541372385 ] } },
{ "type": "Feature", "properties": { "point_id": 131, "lon": 24.422744322221998, "lat": 46.43152500267901, "elevation_m": 415.80572509765625, "distance_m": 392.76461543215743, "distance_km": 0.3927646154321574, "heading_deg": 176.46023497895953, "slope": 0.17124430338823307, "slope_deg": 9.7173218674243191 }, "geometry": { "type": "Point", "coordinates": [ 24.422744322221998, 46.43152500267901 ] } },
{ "type": "Feature", "properties": { "point_id": 132, "lon": 24.422745986115263, "lat": 46.431506463979339, "elevation_m": 415.80572509765625, "distance_m": 395.76461543213685, "distance_km": 0.39576461543213687, "heading_deg": 176.46023498281329, "slope": 0.0, "slope_deg": 0.0 }, "geometry": { "type": "Point", "coordinates": [ 24.422745986115263, 46.431506463979339 ] } },
{ "type": "Feature", "properties": { "point_id": 133, "lon": 24.422747650008528, "lat": 46.431487925273345, "elevation_m": 415.80572509765625, "distance_m": 398.76461543208751, "distance_km": 0.39876461543208752, "heading_deg": 176.46023497325473, "slope": 0.0, "slope_deg": 0.0 }, "geometry": { "type": "Point", "coordinates": [ 24.422747650008528, 46.431487925273345 ] } },
{ "type": "Feature", "properties": { "point_id": 134, "lon": 24.422749313901793, "lat": 46.431469386561055, "elevation_m": 415.80572509765625, "distance_m": 401.76461543206693, "distance_km": 0.40176461543206693, "heading_deg": 176.46023498204033, "slope": 0.0, "slope_deg": 0.0 }, "geometry": { "type": "Point", "coordinates": [ 24.422749313901793, 46.431469386561055 ] } },
{ "type": "Feature", "properties": { "point_id": 135, "lon": 24.422750977795058, "lat": 46.431450847842456, "elevation_m": 415.80572509765625, "distance_m": 404.76461543201759, "distance_km": 0.40476461543201758, "heading_deg": 176.46023497187593, "slope": 0.0, "slope_deg": 0.0 }, "geometry": { "type": "Point", "coordinates": [ 24.422750977795058, 46.431450847842456 ] } },
{ "type": "Feature", "properties": { "point_id": 136, "lon": 24.422752641688323, "lat": 46.431432309117554, "elevation_m": 415.80572509765625, "distance_m": 407.76461543199702, "distance_km": 0.40776461543199699, "heading_deg": 176.46023498308443, "slope": 0.0, "slope_deg": 0.0 }, "geometry": { "type": "Point", "coordinates": [ 24.422752641688323, 46.431432309117554 ] } },
{ "type": "Feature", "properties": { "point_id": 137, "lon": 24.422754305581588, "lat": 46.431413770386342, "elevation_m": 415.80572509765625, "distance_m": 410.76461543194768, "distance_km": 0.4107646154319477, "heading_deg": 176.46023497352564, "slope": 0.0, "slope_deg": 0.0 }, "geometry": { "type": "Point", "coordinates": [ 24.422754305581588, 46.431413770386342 ] } },
{ "type": "Feature", "properties": { "point_id": 138, "lon": 24.422755969474853, "lat": 46.431395231648821, "elevation_m": 415.80572509765625, "distance_m": 413.76461543189833, "distance_km": 0.41376461543189835, "heading_deg": 176.46023497867657, "slope": 0.0, "slope_deg": 0.0 }, "geometry": { "type": "Point", "coordinates": [ 24.422755969474853, 46.431395231648821 ] } },
{ "type": "Feature", "properties": { "point_id": 139, "lon": 24.422757633368118, "lat": 46.431376692905012, "elevation_m": 415.80572509765625, "distance_m": 416.76461543187776, "distance_km": 0.41676461543187776, "heading_deg": 176.46023497456952, "slope": 0.0, "slope_deg": 0.0 }, "geometry": { "type": "Point", "coordinates": [ 24.422757633368118, 46.431376692905012 ] } },
{ "type": "Feature", "properties": { "point_id": 140, "lon": 24.422759297261383, "lat": 46.431358154154886, "elevation_m": 415.80572509765625, "distance_m": 419.76461543182842, "distance_km": 0.41976461543182841, "heading_deg": 176.46023498153761, "slope": 0.0, "slope_deg": 0.0 }, "geometry": { "type": "Point", "coordinates": [ 24.422759297261383, 46.431358154154886 ] } },
{ "type": "Feature", "properties": { "point_id": 141, "lon": 24.422760961154648, "lat": 46.43133961539845, "elevation_m": 415.80572509765625, "distance_m": 422.76461543180784, "distance_km": 0.42276461543180782, "heading_deg": 176.46023497561328, "slope": 0.0, "slope_deg": 0.0 }, "geometry": { "type": "Point", "coordinates": [ 24.422760961154648, 46.43133961539845 ] } },
{ "type": "Feature", "properties": { "point_id": 142, "lon": 24.422762625047913, "lat": 46.431321076635705, "elevation_m": 415.80572509765625, "distance_m": 425.7646154317585, "distance_km": 0.42576461543175848, "heading_deg": 176.46023498630166, "slope": 0.0, "slope_deg": 0.0 }, "geometry": { "type": "Point", "coordinates": [ 24.422762625047913, 46.431321076635705 ] } },
{ "type": "Feature", "properties": { "point_id": 143, "lon": 24.422764288941174, "lat": 46.431302537866671, "elevation_m": 415.80572509765625, "distance_m": 428.76461543170916, "distance_km": 0.42876461543170918, "heading_deg": 176.4602349742338, "slope": 0.0, "slope_deg": 0.0 }, "geometry": { "type": "Point", "coordinates": [ 24.422764288941174, 46.431302537866671 ] } },
{ "type": "Feature", "properties": { "point_id": 144, "lon": 24.422765952834443, "lat": 46.431283999091313, "elevation_m": 415.80572509765625, "distance_m": 431.76461543168858, "distance_km": 0.43176461543168859, "heading_deg": 176.46023498301895, "slope": 0.0, "slope_deg": 0.0 }, "geometry": { "type": "Point", "coordinates": [ 24.422765952834443, 46.431283999091313 ] } },
{ "type": "Feature", "properties": { "point_id": 145, "lon": 24.422767616727704, "lat": 46.431265460309653, "elevation_m": 415.80572509765625, "distance_m": 434.7646154325688, "distance_km": 0.43476461543256878, "heading_deg": 176.46023497467138, "slope": 0.0, "slope_deg": 0.0 }, "geometry": { "type": "Point", "coordinates": [ 24.422767616727704, 46.431265460309653 ] } },
{ "type": "Feature", "properties": { "point_id": 146, "lon": 24.422769280620972, "lat": 46.431246921521684, "elevation_m": 416.29534912109375, "distance_m": 437.76461543254823, "distance_km": 0.43776461543254824, "heading_deg": 176.46023498103352, "slope": 0.16320800781361947, "slope_deg": 9.2694040336654524 }, "geometry": { "type": "Point", "coordinates": [ 24.422769280620972, 46.431246921521684 ] } },
{ "type": "Feature", "properties": { "point_id": 147, "lon": 24.422770944514234, "lat": 46.431228382727419, "elevation_m": 416.29534912109375, "distance_m": 440.76461543249889, "distance_km": 0.4407646154324989, "heading_deg": 176.46023497943497, "slope": 0.0, "slope_deg": 0.0 }, "geometry": { "type": "Point", "coordinates": [ 24.422770944514234, 46.431228382727419 ] } },
{ "type": "Feature", "properties": { "point_id": 148, "lon": 24.422772608407499, "lat": 46.431209843926851, "elevation_m": 416.29534912109375, "distance_m": 443.76461543244955, "distance_km": 0.44376461543244955, "heading_deg": 176.46023496736689, "slope": 0.0, "slope_deg": 0.0 }, "geometry": { "type": "Point", "coordinates": [ 24.422772608407499, 46.431209843926851 ] } },
{ "type": "Feature", "properties": { "point_id": 149, "lon": 24.422774272300767, "lat": 46.431191305119967, "elevation_m": 416.29534912109375, "distance_m": 446.76461543242897, "distance_km": 0.44676461543242896, "heading_deg": 176.46023498722718, "slope": 0.0, "slope_deg": 0.0 }, "geometry": { "type": "Point", "coordinates": [ 24.422774272300767, 46.431191305119967 ] } },
{ "type": "Feature", "properties": { "point_id": 150, "lon": 24.422775936194029, "lat": 46.431172766306787, "elevation_m": 416.29534912109375, "distance_m": 449.76461543237963, "distance_km": 0.44976461543237961, "heading_deg": 176.46023496901569, "slope": 0.0, "slope_deg": 0.0 }, "geometry": { "type": "Point", "coordinates": [ 24.422775936194029, 46.431172766306787 ] } },
{ "type": "Feature", "properties": { "point_id": 151, "lon": 24.422777600087297, "lat": 46.431154227487283, "elevation_m": 416.29534912109375, "distance_m": 452.76461543235905, "distance_km": 0.45276461543235907, "heading_deg": 176.46023498645286, "slope": 0.0, "slope_deg": 0.0 }, "geometry": { "type": "Point", "coordinates": [ 24.422777600087297, 46.431154227487283 ] } },
{ "type": "Feature", "properties": { "point_id": 152, "lon": 24.422779263980559, "lat": 46.431135688661492, "elevation_m": 416.29534912109375, "distance_m": 455.76461543230971, "distance_km": 0.45576461543230973, "heading_deg": 176.46023496763553, "slope": 0.0, "slope_deg": 0.0 }, "geometry": { "type": "Point", "coordinates": [ 24.422779263980559, 46.431135688661492 ] } },
{ "type": "Feature", "properties": { "point_id": 153, "lon": 24.422780927873827, "lat": 46.43111714982939, "elevation_m": 416.29534912109375, "distance_m": 458.76461543228913, "distance_km": 0.45876461543228914, "heading_deg": 176.46023498810132, "slope": 0.0, "slope_deg": 0.0 }, "geometry": { "type": "Point", "coordinates": [ 24.422780927873827, 46.43111714982939 ] } },
{ "type": "Feature", "properties": { "point_id": 154, "lon": 24.422782591767088, "lat": 46.431098610990979, "elevation_m": 416.29534912109375, "distance_m": 461.76461543223979, "distance_km": 0.46176461543223979, "heading_deg": 176.46023498892555, "slope": 0.0, "slope_deg": 0.0 }, "geometry": { "type": "Point", "coordinates": [ 24.422782591767088, 46.431098610990979 ] } },
{ "type": "Feature", "properties": { "point_id": 155, "lon": 24.42278425566035, "lat": 46.431080072146258, "elevation_m": 416.29534912109375, "distance_m": 464.76461543219045, "distance_km": 0.46476461543219044, "heading_deg": 176.46023496707937, "slope": 0.0, "slope_deg": 0.0 }, "geometry": { "type": "Point", "coordinates": [ 24.42278425566035, 46.431080072146258 ] } },
{ "type": "Feature", "properties": { "point_id": 156, "lon": 24.422785919553618, "lat": 46.431061533295242, "elevation_m": 416.29534912109375, "distance_m": 467.76461543216988, "distance_km": 0.46776461543216985, "heading_deg": 176.46023498754505, "slope": 0.0, "slope_deg": 0.0 }, "geometry": { "type": "Point", "coordinates": [ 24.422785919553618, 46.431061533295242 ] } },
{ "type": "Feature", "properties": { "point_id": 157, "lon": 24.42278758344688, "lat": 46.431042994437917, "elevation_m": 416.29534912109375, "distance_m": 470.76461543212054, "distance_km": 0.47076461543212056, "heading_deg": 176.4602349663046, "slope": 0.0, "slope_deg": 0.0 }, "geometry": { "type": "Point", "coordinates": [ 24.42278758344688, 46.431042994437917 ] } },
{ "type": "Feature", "properties": { "point_id": 158, "lon": 24.422789247340148, "lat": 46.431024455574281, "elevation_m": 416.29534912109375, "distance_m": 473.76461543209996, "distance_km": 0.47376461543209997, "heading_deg": 176.46023498616444, "slope": 0.0, "slope_deg": 0.0 }, "geometry": { "type": "Point", "coordinates": [ 24.422789247340148, 46.431024455574281 ] } },
{ "type": "Feature", "properties": { "point_id": 159, "lon": 24.42279091123341, "lat": 46.431005916704351, "elevation_m": 416.29534912109375, "distance_m": 476.76461543205062, "distance_km": 0.47676461543205062, "heading_deg": 177.89639647476326, "slope": 0.0, "slope_deg": 0.0 }, "geometry": { "type": "Point", "coordinates": [ 24.42279091123341, 46.431005916704351 ] } },
{ "type": "Feature", "properties": { "point_id": 160, "lon": 24.4227919, "lat": 46.430987363449788, "elevation_m": 416.29534912109375, "distance_m": 479.76323509712307, "distance_km": 0.4797632350971231, "heading_deg": 180.0, "slope": 0.0, "slope_deg": 0.0 }, "geometry": { "type": "Point", "coordinates": [ 24.4227919, 46.430987363449788 ] } },
{ "type": "Feature", "properties": { "point_id": 161, "lon": 24.4227919, "lat": 46.43096878913093, "elevation_m": 417.16375732421875, "distance_m": 482.76323509712307, "distance_km": 0.48276323509712304, "heading_deg": 180.0, "slope": 0.28946940104166669, "slope_deg": 16.144112346524135 }, "geometry": { "type": "Point", "coordinates": [ 24.4227919, 46.43096878913093 ] } },
{ "type": "Feature", "properties": { "point_id": 162, "lon": 24.4227919, "lat": 46.430950214805755, "elevation_m": 417.16375732421875, "distance_m": 485.76323509712307, "distance_km": 0.48576323509712305, "heading_deg": 180.0, "slope": 0.0, "slope_deg": 0.0 }, "geometry": { "type": "Point", "coordinates": [ 24.4227919, 46.430950214805755 ] } },
{ "type": "Feature", "properties": { "point_id": 163, "lon": 24.4227919, "lat": 46.430931640474242, "elevation_m": 417.16375732421875, "distance_m": 488.76323509712307, "distance_km": 0.48876323509712305, "heading_deg": 180.0, "slope": 0.0, "slope_deg": 0.0 }, "geometry": { "type": "Point", "coordinates": [ 24.4227919, 46.430931640474242 ] } },
{ "type": "Feature", "properties": { "point_id": 164, "lon": 24.4227919, "lat": 46.430913066136405, "elevation_m": 417.16375732421875, "distance_m": 491.76323509712307, "distance_km": 0.49176323509712305, "heading_deg": 180.0, "slope": 0.0, "slope_deg": 0.0 }, "geometry": { "type": "Point", "coordinates": [ 24.4227919, 46.430913066136405 ] } },
{ "type": "Feature", "properties": { "point_id": 165, "lon": 24.4227919, "lat": 46.430894491792245, "elevation_m": 417.16375732421875, "distance_m": 494.76323509712307, "distance_km": 0.49476323509712306, "heading_deg": 180.0, "slope": 0.0, "slope_deg": 0.0 }, "geometry": { "type": "Point", "coordinates": [ 24.4227919, 46.430894491792245 ] } },
{ "type": "Feature", "properties": { "point_id": 166, "lon": 24.4227919, "lat": 46.430875917441739, "elevation_m": 417.16375732421875, "distance_m": 497.76323509712307, "distance_km": 0.49776323509712306, "heading_deg": 180.0, "slope": 0.0, "slope_deg": 0.0 }, "geometry": { "type": "Point", "coordinates": [ 24.4227919, 46.430875917441739 ] } },
{ "type": "Feature", "properties": { "point_id": 167, "lon": 24.4227919, "lat": 46.430857343084909, "elevation_m": 417.16375732421875, "distance_m": 500.76323509712307, "distance_km": 0.50076323509712306, "heading_deg": 180.0, "slope": 0.0, "slope_deg": 0.0 }, "geometry": { "type": "Point", "coordinates": [ 24.4227919, 46.430857343084909 ] } },
{ "type": "Feature", "properties": { "point_id": 168, "lon": 24.4227919, "lat": 46.430838768721749, "elevation_m": 417.16375732421875, "distance_m": 503.76323509712307, "distance_km": 0.50376323509712306, "heading_deg": 180.0, "slope": 0.0, "slope_deg": 0.0 }, "geometry": { "type": "Point", "coordinates": [ 24.4227919, 46.430838768721749 ] } },
{ "type": "Feature", "properties": { "point_id": 169, "lon": 24.4227919, "lat": 46.430820194352265, "elevation_m": 417.16375732421875, "distance_m": 506.76323509712307, "distance_km": 0.50676323509712307, "heading_deg": 182.52281098802206, "slope": 0.0, "slope_deg": 0.0 }, "geometry": { "type": "Point", "coordinates": [ 24.4227919, 46.430820194352265 ] } },
{ "type": "Feature", "properties": { "point_id": 170, "lon": 24.422790714067308, "lat": 46.430801642749884, "elevation_m": 417.16375732421875, "distance_m": 509.76246381596059, "distance_km": 0.50976246381596058, "heading_deg": 183.19186748861449, "slope": 0.0, "slope_deg": 0.0 }, "geometry": { "type": "Point", "coordinates": [ 24.422790714067308, 46.430801642749884 ] } },
{ "type": "Feature", "properties": { "point_id": 171, "lon": 24.422789213527462, "lat": 46.430783097182605, "elevation_m": 417.16375732421875, "distance_m": 512.76246381618512, "distance_km": 0.51276246381618507, "heading_deg": 183.19186748700682, "slope": 0.0, "slope_deg": 0.0 }, "geometry": { "type": "Point", "coordinates": [ 24.422789213527462, 46.430783097182605 ] } },
{ "type": "Feature", "properties": { "point_id": 172, "lon": 24.422787712987617, "lat": 46.430764551609009, "elevation_m": 417.16375732421875, "distance_m": 515.76246381547969, "distance_km": 0.51576246381547974, "heading_deg": 183.1918674853992, "slope": 0.0, "slope_deg": 0.0 }, "geometry": { "type": "Point", "coordinates": [ 24.422787712987617, 46.430764551609009 ] } },
{ "type": "Feature", "properties": { "point_id": 173, "lon": 24.422786212447772, "lat": 46.430746006029096, "elevation_m": 417.16375732421875, "distance_m": 518.76246381570422, "distance_km": 0.51876246381570423, "heading_deg": 183.19186749382072, "slope": 0.0, "slope_deg": 0.0 }, "geometry": { "type": "Point", "coordinates": [ 24.422786212447772, 46.430746006029096 ] } },
{ "type": "Feature", "properties": { "point_id": 174, "lon": 24.422784711907926, "lat": 46.430727460442881, "elevation_m": 417.16375732421875, "distance_m": 521.76246381592875, "distance_km": 0.52176246381592872, "heading_deg": 183.19186748600791, "slope": 0.0, "slope_deg": 0.0 }, "geometry": { "type": "Point", "coordinates": [ 24.422784711907926, 46.430727460442881 ] } },
{ "type": "Feature", "properties": { "point_id": 175, "lon": 24.422783211368081, "lat": 46.430708914850349, "elevation_m": 417.16375732421875, "distance_m": 524.76246381615329, "distance_km": 0.52476246381615332, "heading_deg": 183.19186748713173, "slope": 0.0, "slope_deg": 0.0 }, "geometry": { "type": "Point", "coordinates": [ 24.422783211368081, 46.430708914850349 ] } },
{ "type": "Feature", "properties": { "point_id": 176, "lon": 24.422781710828236, "lat": 46.430690369251515, "elevation_m": 416.71539306640625, "distance_m": 527.76246381544786, "distance_km": 0.52776246381544789, "heading_deg": 183.19186749391454, "slope": -0.1494547526393098, "slope_deg": -8.5002102372028432 }, "geometry": { "type": "Point", "coordinates": [ 24.422781710828236, 46.430690369251515 ] } },
{ "type": "Feature", "properties": { "point_id": 177, "lon": 24.422780210288387, "lat": 46.430671823646364, "elevation_m": 416.71539306640625, "distance_m": 530.76246381567239, "distance_km": 0.53076246381567238, "heading_deg": 183.1918674923071, "slope": 0.0, "slope_deg": 0.0 }, "geometry": { "type": "Point", "coordinates": [ 24.422780210288387, 46.430671823646364 ] } },
{ "type": "Feature", "properties": { "point_id": 178, "lon": 24.422778709748542, "lat": 46.430653278034896, "elevation_m": 416.71539306640625, "distance_m": 533.76246381592284, "distance_km": 0.53376246381592285, "heading_deg": 183.19186749343103, "slope": 0.0, "slope_deg": 0.0 }, "geometry": { "type": "Point", "coordinates": [ 24.422778709748542, 46.430653278034896 ] } },
{ "type": "Feature", "properties": { "point_id": 179, "lon": 24.422777209208693, "lat": 46.430634732417126, "elevation_m": 416.71539306640625, "distance_m": 536.76246381614737, "distance_km": 0.53676246381614734, "heading_deg": 183.19186748725718, "slope": 0.0, "slope_deg": 0.0 }, "geometry": { "type": "Point", "coordinates": [ 24.422777209208693, 46.430634732417126 ] } },
{ "type": "Feature", "properties": { "point_id": 180, "lon": 24.422775708668848, "lat": 46.430616186793053, "elevation_m": 416.71539306640625, "distance_m": 539.76246381544195, "distance_km": 0.53976246381544191, "heading_deg": 188.26484975334941, "slope": 0.0, "slope_deg": 0.0 }, "geometry": { "type": "Point", "coordinates": [ 24.422775708668848, 46.430616186793053 ] } },
{ "type": "Feature", "properties": { "point_id": 181, "lon": 24.422771842487155, "lat": 46.430597842166485, "elevation_m": 416.71539306640625, "distance_m": 542.75644021766846, "distance_km": 0.54275644021766845, "heading_deg": 190.86395985218854, "slope": 0.0, "slope_deg": 0.0 }, "geometry": { "type": "Point", "coordinates": [ 24.422771842487155, 46.430597842166485 ] } },
{ "type": "Feature", "properties": { "point_id": 182, "lon": 24.422766763115114, "lat": 46.430579600616127, "elevation_m": 416.71539306640625, "distance_m": 545.75644021760581, "distance_km": 0.54575644021760583, "heading_deg": 190.86395985610622, "slope": 0.0, "slope_deg": 0.0 }, "geometry": { "type": "Point", "coordinates": [ 24.422766763115114, 46.430579600616127 ] } },
{ "type": "Feature", "properties": { "point_id": 183, "lon": 24.422761683743065, "lat": 46.430561359059666, "elevation_m": 416.71539306640625, "distance_m": 548.75644021754317, "distance_km": 0.54875644021754322, "heading_deg": 190.8639598541389, "slope": 0.0, "slope_deg": 0.0 }, "geometry": { "type": "Point", "coordinates": [ 24.422761683743065, 46.430561359059666 ] } },
{ "type": "Feature", "properties": { "point_id": 184, "lon": 24.42275660437102, "lat": 46.430543117497102, "elevation_m": 416.71539306640625, "distance_m": 551.75644021748053, "distance_km": 0.55175644021748049, "heading_deg": 190.86395985990589, "slope": 0.0, "slope_deg": 0.0 }, "geometry": { "type": "Point", "coordinates": [ 24.42275660437102, 46.430543117497102 ] } },
{ "type": "Feature", "properties": { "point_id": 185, "lon": 24.422751524998976, "lat": 46.430524875928434, "elevation_m": 416.71539306640625, "distance_m": 554.75644021741789, "distance_km": 0.55475644021741788, "heading_deg": 190.86395986567302, "slope": 0.0, "slope_deg": 0.0 }, "geometry": { "type": "Point", "coordinates": [ 24.422751524998976, 46.430524875928434 ] } },
{ "type": "Feature", "properties": { "point_id": 186, "lon": 24.422746445626924, "lat": 46.430506634353648, "elevation_m": 416.71539306640625, "distance_m": 557.75644021744301, "distance_km": 0.55775644021744297, "heading_deg": 190.86395984781956, "slope": 0.0, "slope_deg": 0.0 }, "geometry": { "type": "Point", "coordinates": [ 24.422746445626924, 46.430506634353648 ] } },
{ "type": "Feature", "properties": { "point_id": 187, "lon": 24.422741366254883, "lat": 46.430488392772759, "elevation_m": 416.71539306640625, "distance_m": 560.75644021738037, "distance_km": 0.56075644021738036, "heading_deg": 190.86395985543606, "slope": 0.0, "slope_deg": 0.0 }, "geometry": { "type": "Point", "coordinates": [ 24.422741366254883, 46.430488392772759 ] } },
{ "type": "Feature", "properties": { "point_id": 188, "lon": 24.422736286882834, "lat": 46.430470151185773, "elevation_m": 416.71539306640625, "distance_m": 563.75644021823246, "distance_km": 0.56375644021823246, "heading_deg": 190.8639598431302, "slope": 0.0, "slope_deg": 0.0 }, "geometry": { "type": "Point", "coordinates": [ 24.422736286882834, 46.430470151185773 ] } },
{ "type": "Feature", "properties": { "point_id": 189, "lon": 24.422731207510793, "lat": 46.430451909592676, "elevation_m": 416.71539306640625, "distance_m": 566.75644021816981, "distance_km": 0.56675644021816984, "heading_deg": 194.23780868183275, "slope": 0.0, "slope_deg": 0.0 }, "geometry": { "type": "Point", "coordinates": [ 24.422731207510793, 46.430451909592676 ] } },
{ "type": "Feature", "properties": { "point_id": 190, "lon": 24.422724586877983, "lat": 46.430433926028002, "elevation_m": 416.71539306640625, "distance_m": 569.75304285018558, "distance_km": 0.56975304285018558, "heading_deg": 196.44194282120611, "slope": 0.0, "slope_deg": 0.0 }, "geometry": { "type": "Point", "coordinates": [ 24.422724586877983, 46.430433926028002 ] } },
{ "type": "Feature", "properties": { "point_id": 191, "lon": 24.422716959006461, "lat": 46.430416111087148, "elevation_m": 417.69491577148438, "distance_m": 572.75304284973618, "distance_km": 0.57275304284973616, "heading_deg": 196.44194281227536, "slope": 0.32650756840828626, "slope_deg": 18.082252271695538 }, "geometry": { "type": "Point", "coordinates": [ 24.422716959006461, 46.430416111087148 ] } },
{ "type": "Feature", "properties": { "point_id": 192, "lon": 24.422709331134936, "lat": 46.430398296140467, "elevation_m": 417.69491577148438, "distance_m": 575.75304285018001, "distance_km": 0.57575304285018003, "heading_deg": 196.4419428200062, "slope": 0.0, "slope_deg": 0.0 }, "geometry": { "type": "Point", "coordinates": [ 24.422709331134936, 46.430398296140467 ] } },
{ "type": "Feature", "properties": { "point_id": 193, "lon": 24.422701703263414, "lat": 46.430380481187974, "elevation_m": 417.69491577148438, "distance_m": 578.7530428497306, "distance_km": 0.57875304284973061, "heading_deg": 196.44194282682369, "slope": 0.0, "slope_deg": 0.0 }, "geometry": { "type": "Point", "coordinates": [ 24.422701703263414, 46.430380481187974 ] } },
{ "type": "Feature", "properties": { "point_id": 194, "lon": 24.422694075391881, "lat": 46.430362666229655, "elevation_m": 417.69491577148438, "distance_m": 581.75304284941296, "distance_km": 0.58175304284941298, "heading_deg": 196.44194282158386, "slope": 0.0, "slope_deg": 0.0 }, "geometry": { "type": "Point", "coordinates": [ 24.422694075391881, 46.430362666229655 ] } },
{ "type": "Feature", "properties": { "point_id": 195, "lon": 24.422686447520359, "lat": 46.430344851265517, "elevation_m": 417.69491577148438, "distance_m": 584.7530428498568, "distance_km": 0.58475304284985685, "heading_deg": 196.44194281265376, "slope": 0.0, "slope_deg": 0.0 }, "geometry": { "type": "Point", "coordinates": [ 24.422686447520359, 46.430344851265517 ] } },
{ "type": "Feature", "properties": { "point_id": 196, "lon": 24.422678819648834, "lat": 46.430327036295552, "elevation_m": 417.69491577148438, "distance_m": 587.75304284940739, "distance_km": 0.58775304284940744, "heading_deg": 196.44194281483144, "slope": 0.0, "slope_deg": 0.0 }, "geometry": { "type": "Point", "coordinates": [ 24.422678819648834, 46.430327036295552 ] } },
{ "type": "Feature", "properties": { "point_id": 197, "lon": 24.422671191777312, "lat": 46.43030922131976, "elevation_m": 417.69491577148438, "distance_m": 590.75304284985123, "distance_km": 0.5907530428498512, "heading_deg": 196.44194282998023, "slope": 0.0, "slope_deg": 0.0 }, "geometry": { "type": "Point", "coordinates": [ 24.422671191777312, 46.43030922131976 ] } },
{ "type": "Feature", "properties": { "point_id": 198, "lon": 24.422663563905779, "lat": 46.430291406338149, "elevation_m": 417.69491577148438, "distance_m": 593.75304284953359, "distance_km": 0.59375304284953356, "heading_deg": 196.44194281363346, "slope": 0.0, "slope_deg": 0.0 }, "geometry": { "type": "Point", "coordinates": [ 24.422663563905779, 46.430291406338149 ] } },
{ "type": "Feature", "properties": { "point_id": 199, "lon": 24.422655936034257, "lat": 46.430273591350712, "elevation_m": 417.69491577148438, "distance_m": 596.75304284997742, "distance_km": 0.59675304284997743, "heading_deg": 199.75112343741708, "slope": 0.0, "slope_deg": 0.0 }, "geometry": { "type": "Point", "coordinates": [ 24.422655936034257, 46.430273591350712 ] } },
{ "type": "Feature", "properties": { "point_id": 200, "lon": 24.422646840667728, "lat": 46.430256132195829, "elevation_m": 417.69491577148438, "distance_m": 599.74915516944884, "distance_km": 0.59974915516944882, "heading_deg": 202.32277473824092, "slope": 0.0, "slope_deg": 0.0 }, "geometry": { "type": "Point", "coordinates": [ 24.422646840667728, 46.430256132195829 ] } },
{ "type": "Feature", "properties": { "point_id": 201, "lon": 24.422636604621037, "lat": 46.430238949627707, "elevation_m": 417.40744018554688, "distance_m": 602.74915516946407, "distance_km": 0.60274915516946403, "heading_deg": 202.32277474356124, "slope": -0.095825195312013403, "slope_deg": -5.4736661692822048 }, "geometry": { "type": "Point", "coordinates": [ 24.422636604621037, 46.430238949627707 ] } },
{ "type": "Feature", "properties": { "point_id": 202, "lon": 24.422626368574345, "lat": 46.430221767054178, "elevation_m": 417.40744018554688, "distance_m": 605.74915516947931, "distance_km": 0.60574915516947936, "heading_deg": 202.32277471907057, "slope": 0.0, "slope_deg": 0.0 }, "geometry": { "type": "Point", "coordinates": [ 24.422626368574345, 46.430221767054178 ] } },
{ "type": "Feature", "properties": { "point_id": 203, "lon": 24.422616132527658, "lat": 46.430204584475213, "elevation_m": 417.40744018554688, "distance_m": 608.74915516949454, "distance_km": 0.60874915516949457, "heading_deg": 202.32277476178896, "slope": 0.0, "slope_deg": 0.0 }, "geometry": { "type": "Point", "coordinates": [ 24.422616132527658, 46.430204584475213 ] } },
{ "type": "Feature", "properties": { "point_id": 204, "lon": 24.422605896480967, "lat": 46.430187401890855, "elevation_m": 417.40744018554688, "distance_m": 611.74915516950978, "distance_km": 0.61174915516950978, "heading_deg": 202.32277471494032, "slope": 0.0, "slope_deg": 0.0 }, "geometry": { "type": "Point", "coordinates": [ 24.422605896480967, 46.430187401890855 ] } },
{ "type": "Feature", "properties": { "point_id": 205, "lon": 24.422595660434276, "lat": 46.430170219301054, "elevation_m": 417.40744018554688, "distance_m": 614.74915516952501, "distance_km": 0.614749155169525, "heading_deg": 202.32277474767744, "slope": 0.0, "slope_deg": 0.0 }, "geometry": { "type": "Point", "coordinates": [ 24.422595660434276, 46.430170219301054 ] } },
{ "type": "Feature", "properties": { "point_id": 206, "lon": 24.422585424387584, "lat": 46.43015303670586, "elevation_m": 417.40744018554688, "distance_m": 617.74915516954024, "distance_km": 0.61774915516954021, "heading_deg": 202.32277473556425, "slope": 0.0, "slope_deg": 0.0 }, "geometry": { "type": "Point", "coordinates": [ 24.422585424387584, 46.43015303670586 ] } },
{ "type": "Feature", "properties": { "point_id": 207, "lon": 24.422575188340897, "lat": 46.430135854105238, "elevation_m": 417.79428100585938, "distance_m": 620.74915516955548, "distance_km": 0.62074915516955553, "heading_deg": 202.32277472731144, "slope": 0.12894694010351188, "slope_deg": 7.3475710037648021 }, "geometry": { "type": "Point", "coordinates": [ 24.422575188340897, 46.430135854105238 ] } },
{ "type": "Feature", "properties": { "point_id": 208, "lon": 24.422564952294209, "lat": 46.430118671499194, "elevation_m": 417.79428100585938, "distance_m": 623.74915516939382, "distance_km": 0.62374915516939378, "heading_deg": 202.32277474261471, "slope": 0.0, "slope_deg": 0.0 }, "geometry": { "type": "Point", "coordinates": [ 24.422564952294209, 46.430118671499194 ] } },
{ "type": "Feature", "properties": { "point_id": 209, "lon": 24.422554716247518, "lat": 46.430101488887743, "elevation_m": 417.79428100585938, "distance_m": 626.74915516940905, "distance_km": 0.6267491551694091, "heading_deg": 202.32277473436227, "slope": 0.0, "slope_deg": 0.0 }, "geometry": { "type": "Point", "coordinates": [ 24.422554716247518, 46.430101488887743 ] } },
{ "type": "Feature", "properties": { "point_id": 210, "lon": 24.422544480200827, "lat": 46.430084306270871, "elevation_m": 417.79428100585938, "distance_m": 629.74915516942428, "distance_km": 0.62974915516942431, "heading_deg": 203.77929197696918, "slope": 0.0, "slope_deg": 0.0 }, "geometry": { "type": "Point", "coordinates": [ 24.422544480200827, 46.430084306270871 ] } },
{ "type": "Feature", "properties": { "point_id": 211, "lon": 24.422533615443452, "lat": 46.430067311118151, "elevation_m": 417.79428100585938, "distance_m": 632.74869809469919, "distance_km": 0.63274869809469925, "heading_deg": 204.46609106663226, "slope": 0.0, "slope_deg": 0.0 }, "geometry": { "type": "Point", "coordinates": [ 24.422533615443452, 46.430067311118151 ] } },
{ "type": "Feature", "properties": { "point_id": 212, "lon": 24.422522454202035, "lat": 46.43005040436605, "elevation_m": 417.79428100585938, "distance_m": 635.74869809515042, "distance_km": 0.63574869809515044, "heading_deg": 204.46609109264415, "slope": 0.0, "slope_deg": 0.0 }, "geometry": { "type": "Point", "coordinates": [ 24.422522454202035, 46.43005040436605 ] } },
{ "type": "Feature", "properties": { "point_id": 213, "lon": 24.422511292960611, "lat": 46.430033497608704, "elevation_m": 417.79428100585938, "distance_m": 638.7486980949468, "distance_km": 0.63874869809494683, "heading_deg": 204.46609106953775, "slope": 0.0, "slope_deg": 0.0 }, "geometry": { "type": "Point", "coordinates": [ 24.422511292960611, 46.430033497608704 ] } },
{ "type": "Feature", "properties": { "point_id": 214, "lon": 24.422500131719197, "lat": 46.430016590846115, "elevation_m": 417.79428100585938, "distance_m": 641.74869809539803, "distance_km": 0.64174869809539803, "heading_deg": 204.4660910873036, "slope": 0.0, "slope_deg": 0.0 }, "geometry": { "type": "Point", "coordinates": [ 24.422500131719197, 46.430016590846115 ] } },
{ "type": "Feature", "properties": { "point_id": 215, "lon": 24.422488970477779, "lat": 46.42999968407829, "elevation_m": 417.79428100585938, "distance_m": 644.7486980950016, "distance_km": 0.64474869809500157, "heading_deg": 204.46609107650724, "slope": 0.0, "slope_deg": 0.0 }, "geometry": { "type": "Point", "coordinates": [ 24.422488970477779, 46.42999968407829 ] } },
{ "type": "Feature", "properties": { "point_id": 216, "lon": 24.422477809236362, "lat": 46.429982777305213, "elevation_m": 417.79428100585938, "distance_m": 647.74869809460517, "distance_km": 0.64774869809460522, "heading_deg": 204.46609107814078, "slope": 0.0, "slope_deg": 0.0 }, "geometry": { "type": "Point", "coordinates": [ 24.422477809236362, 46.429982777305213 ] } },
{ "type": "Feature", "properties": { "point_id": 217, "lon": 24.422466647994938, "lat": 46.429965870526885, "elevation_m": 417.79428100585938, "distance_m": 650.74869809524932, "distance_km": 0.65074869809524938, "heading_deg": 204.46609109566705, "slope": 0.0, "slope_deg": 0.0 }, "geometry": { "type": "Point", "coordinates": [ 24.422466647994938, 46.429965870526885 ] } },
{ "type": "Feature", "properties": { "point_id": 218, "lon": 24.422455486753524, "lat": 46.429948963743335, "elevation_m": 417.79428100585938, "distance_m": 653.7486980948529, "distance_km": 0.65374869809485292, "heading_deg": 204.46609106873859, "slope": 0.0, "slope_deg": 0.0 }, "geometry": { "type": "Point", "coordinates": [ 24.422455486753524, 46.429948963743335 ] } },
{ "type": "Feature", "properties": { "point_id": 219, "lon": 24.422444325512107, "lat": 46.42993205695452, "elevation_m": 417.79428100585938, "distance_m": 656.74869809445647, "distance_km": 0.65674869809445646, "heading_deg": 204.46609108244223, "slope": 0.0, "slope_deg": 0.0 }, "geometry": { "type": "Point", "coordinates": [ 24.422444325512107, 46.42993205695452 ] } },
{ "type": "Feature", "properties": { "point_id": 220, "lon": 24.422433164270686, "lat": 46.429915150160468, "elevation_m": 417.79428100585938, "distance_m": 659.74869809510062, "distance_km": 0.65974869809510062, "heading_deg": 204.4660910838364, "slope": 0.0, "slope_deg": 0.0 }, "geometry": { "type": "Point", "coordinates": [ 24.422433164270686, 46.429915150160468 ] } },
{ "type": "Feature", "properties": { "point_id": 221, "lon": 24.422422003029265, "lat": 46.429898243361173, "elevation_m": 417.79428100585938, "distance_m": 662.7486980947042, "distance_km": 0.66274869809470416, "heading_deg": 204.46609107106968, "slope": 0.0, "slope_deg": 0.0 }, "geometry": { "type": "Point", "coordinates": [ 24.422422003029265, 46.429898243361173 ] } },
{ "type": "Feature", "properties": { "point_id": 222, "lon": 24.422410841787848, "lat": 46.429881336556626, "elevation_m": 417.79428100585938, "distance_m": 665.74869809515542, "distance_km": 0.66574869809515547, "heading_deg": 204.46609108883712, "slope": 0.0, "slope_deg": 0.0 }, "geometry": { "type": "Point", "coordinates": [ 24.422410841787848, 46.429881336556626 ] } },
{ "type": "Feature", "properties": { "point_id": 223, "lon": 24.422399680546427, "lat": 46.429864429746843, "elevation_m": 417.79428100585938, "distance_m": 668.74869809495181, "distance_km": 0.66874869809495185, "heading_deg": 204.46609108407705, "slope": 0.0, "slope_deg": 0.0 }, "geometry": { "type": "Point", "coordinates": [ 24.422399680546427, 46.429864429746843 ] } },
{ "type": "Feature", "properties": { "point_id": 224, "lon": 24.422388519305013, "lat": 46.429847522931816, "elevation_m": 419.97793579101562, "distance_m": 671.74869809455538, "distance_km": 0.6717486980945554, "heading_deg": 204.46609106527623, "slope": 0.7278849284816008, "slope_deg": 36.050308661688362 }, "geometry": { "type": "Point", "coordinates": [ 24.422388519305013, 46.429847522931816 ] } },
{ "type": "Feature", "properties": { "point_id": 225, "lon": 24.422377358063592, "lat": 46.429830616111538, "elevation_m": 419.97793579101562, "distance_m": 674.7486980950066, "distance_km": 0.67474869809500659, "heading_deg": 204.46609109523374, "slope": 0.0, "slope_deg": 0.0 }, "geometry": { "type": "Point", "coordinates": [ 24.422377358063592, 46.429830616111538 ] } },
{ "type": "Feature", "properties": { "point_id": 226, "lon": 24.422366196822171, "lat": 46.429813709286023, "elevation_m": 419.97793579101562, "distance_m": 677.74869809480299, "distance_km": 0.67774869809480298, "heading_deg": 204.46609107225001, "slope": 0.0, "slope_deg": 0.0 }, "geometry": { "type": "Point", "coordinates": [ 24.422366196822171, 46.429813709286023 ] } },
{ "type": "Feature", "properties": { "point_id": 227, "lon": 24.422355035580754, "lat": 46.429796802455257, "elevation_m": 419.6934814453125, "distance_m": 680.74869809525421, "distance_km": 0.68074869809525418, "heading_deg": 204.46609107770874, "slope": -0.09481811522011363, "slope_deg": -5.4164843019535613 }, "geometry": { "type": "Point", "coordinates": [ 24.422355035580754, 46.429796802455257 ] } },
{ "type": "Feature", "properties": { "point_id": 228, "lon": 24.42234387433934, "lat": 46.429779895619255, "elevation_m": 419.6934814453125, "distance_m": 683.74869809485779, "distance_km": 0.68374869809485783, "heading_deg": 204.46609107516142, "slope": 0.0, "slope_deg": 0.0 }, "geometry": { "type": "Point", "coordinates": [ 24.42234387433934, 46.429779895619255 ] } },
{ "type": "Feature", "properties": { "point_id": 229, "lon": 24.422332713097919, "lat": 46.429762988778002, "elevation_m": 419.6934814453125, "distance_m": 686.74869809465417, "distance_km": 0.68674869809465422, "heading_deg": 204.46609108480385, "slope": 0.0, "slope_deg": 0.0 }, "geometry": { "type": "Point", "coordinates": [ 24.422332713097919, 46.429762988778002 ] } },
{ "type": "Feature", "properties": { "point_id": 230, "lon": 24.422321551856498, "lat": 46.429746081931505, "elevation_m": 419.6934814453125, "distance_m": 689.7486980951054, "distance_km": 0.68974869809510542, "heading_deg": 204.46609109432632, "slope": 0.0, "slope_deg": 0.0 }, "geometry": { "type": "Point", "coordinates": [ 24.422321551856498, 46.429746081931505 ] } },
{ "type": "Feature", "properties": { "point_id": 231, "lon": 24.422310390615081, "lat": 46.429729175079771, "elevation_m": 419.6934814453125, "distance_m": 692.74869809470897, "distance_km": 0.69274869809470896, "heading_deg": 204.46609106321725, "slope": 0.0, "slope_deg": 0.0 }, "geometry": { "type": "Point", "coordinates": [ 24.422310390615081, 46.429729175079771 ] } },
{ "type": "Feature", "properties": { "point_id": 232, "lon": 24.422299229373667, "lat": 46.429712268222779, "elevation_m": 419.6934814453125, "distance_m": 695.74869809516019, "distance_km": 0.69574869809516016, "heading_deg": 204.46609109723926, "slope": 0.0, "slope_deg": 0.0 }, "geometry": { "type": "Point", "coordinates": [ 24.422299229373667, 46.429712268222779 ] } },
{ "type": "Feature", "properties": { "point_id": 233, "lon": 24.422288068132247, "lat": 46.429695361360558, "elevation_m": 419.6934814453125, "distance_m": 698.74869809495658, "distance_km": 0.69874869809495654, "heading_deg": 204.46609108656662, "slope": 0.0, "slope_deg": 0.0 }, "geometry": { "type": "Point", "coordinates": [ 24.422288068132247, 46.429695361360558 ] } },
{ "type": "Feature", "properties": { "point_id": 234, "lon": 24.422276906890826, "lat": 46.429678454493086, "elevation_m": 419.6934814453125, "distance_m": 701.74869809456015, "distance_km": 0.7017486980945602, "heading_deg": 204.46609105952137, "slope": 0.0, "slope_deg": 0.0 }, "geometry": { "type": "Point", "coordinates": [ 24.422276906890826, 46.429678454493086 ] } },
{ "type": "Feature", "properties": { "point_id": 235, "lon": 24.422265745649408, "lat": 46.429661547620363, "elevation_m": 419.6934814453125, "distance_m": 704.74869809501138, "distance_km": 0.70474869809501139, "heading_deg": 204.46609108948081, "slope": 0.0, "slope_deg": 0.0 }, "geometry": { "type": "Point", "coordinates": [ 24.422265745649408, 46.429661547620363 ] } },
{ "type": "Feature", "properties": { "point_id": 236, "lon": 24.422254584407987, "lat": 46.429644640742403, "elevation_m": 419.6934814453125, "distance_m": 707.74869809480776, "distance_km": 0.70774869809480778, "heading_deg": 204.46609105825263, "slope": 0.0, "slope_deg": 0.0 }, "geometry": { "type": "Point", "coordinates": [ 24.422254584407987, 46.429644640742403 ] } },
{ "type": "Feature", "properties": { "point_id": 237, "lon": 24.422243423166574, "lat": 46.429627733859192, "elevation_m": 419.6934814453125, "distance_m": 710.74869809525899, "distance_km": 0.71074869809525898, "heading_deg": 204.46609109645891, "slope": 0.0, "slope_deg": 0.0 }, "geometry": { "type": "Point", "coordinates": [ 24.422243423166574, 46.429627733859192 ] } },
{ "type": "Feature", "properties": { "point_id": 238, "lon": 24.422232261925153, "lat": 46.429610826970745, "elevation_m": 419.6934814453125, "distance_m": 713.74869809486256, "distance_km": 0.71374869809486252, "heading_deg": 204.4660910958851, "slope": 0.0, "slope_deg": 0.0 }, "geometry": { "type": "Point", "coordinates": [ 24.422232261925153, 46.429610826970745 ] } },
{ "type": "Feature", "properties": { "point_id": 239, "lon": 24.422221100683732, "lat": 46.42959392007706, "elevation_m": 419.6934814453125, "distance_m": 716.74869809465895, "distance_km": 0.71674869809465891, "heading_deg": 204.46609105665138, "slope": 0.0, "slope_deg": 0.0 }, "geometry": { "type": "Point", "coordinates": [ 24.422221100683732, 46.42959392007706 ] } },
{ "type": "Feature", "properties": { "point_id": 240, "lon": 24.422209939442315, "lat": 46.429577013178104, "elevation_m": 420.90652465820312, "distance_m": 719.74869809511017, "distance_km": 0.71974869809511022, "heading_deg": 204.46609108858325, "slope": 0.40434773756939135, "slope_deg": 22.015834438776572 }, "geometry": { "type": "Point", "coordinates": [ 24.422209939442315, 46.429577013178104 ] } },
{ "type": "Feature", "properties": { "point_id": 241, "lon": 24.422198778200897, "lat": 46.429560106273932, "elevation_m": 420.90652465820312, "distance_m": 722.74869809471375, "distance_km": 0.72274869809471376, "heading_deg": 204.46609107582054, "slope": 0.0, "slope_deg": 0.0 }, "geometry": { "type": "Point", "coordinates": [ 24.422198778200897, 46.429560106273932 ] } },
{ "type": "Feature", "properties": { "point_id": 242, "lon": 24.422187616959476, "lat": 46.429543199364502, "elevation_m": 420.90652465820312, "distance_m": 725.74869809535789, "distance_km": 0.72574869809535791, "heading_deg": 204.46609107524753, "slope": 0.0, "slope_deg": 0.0 }, "geometry": { "type": "Point", "coordinates": [ 24.422187616959476, 46.429543199364502 ] } },
{ "type": "Feature", "properties": { "point_id": 243, "lon": 24.422176455718059, "lat": 46.429526292449829, "elevation_m": 420.90652465820312, "distance_m": 728.74869809496147, "distance_km": 0.72874869809496146, "heading_deg": 204.46609108686417, "slope": 0.0, "slope_deg": 0.0 }, "geometry": { "type": "Point", "coordinates": [ 24.422176455718059, 46.429526292449829 ] } },
{ "type": "Feature", "properties": { "point_id": 244, "lon": 24.422165294476642, "lat": 46.429509385529919, "elevation_m": 420.90652465820312, "distance_m": 731.74869809456504, "distance_km": 0.731748698094565, "heading_deg": 204.46609107619378, "slope": 0.0, "slope_deg": 0.0 }, "geometry": { "type": "Point", "coordinates": [ 24.422165294476642, 46.429509385529919 ] } },
{ "type": "Feature", "properties": { "point_id": 245, "lon": 24.422154133235221, "lat": 46.42949247860475, "elevation_m": 420.90652465820312, "distance_m": 734.74869809520919, "distance_km": 0.73474869809520915, "heading_deg": 204.46609108769061, "slope": 0.0, "slope_deg": 0.0 }, "geometry": { "type": "Point", "coordinates": [ 24.422154133235221, 46.42949247860475 ] } },
{ "type": "Feature", "properties": { "point_id": 246, "lon": 24.422142971993804, "lat": 46.429475571674352, "elevation_m": 420.90652465820312, "distance_m": 737.74869809481277, "distance_km": 0.7377486980948128, "heading_deg": 204.46609107295745, "slope": 0.0, "slope_deg": 0.0 }, "geometry": { "type": "Point", "coordinates": [ 24.422142971993804, 46.429475571674352 ] } },
{ "type": "Feature", "properties": { "point_id": 247, "lon": 24.422131810752386, "lat": 46.429458664738704, "elevation_m": 420.90652465820312, "distance_m": 740.74869809526399, "distance_km": 0.740748698095264, "heading_deg": 204.46609107644858, "slope": 0.0, "slope_deg": 0.0 }, "geometry": { "type": "Point", "coordinates": [ 24.422131810752386, 46.429458664738704 ] } },
{ "type": "Feature", "properties": { "point_id": 248, "lon": 24.422120649510969, "lat": 46.429441757797811, "elevation_m": 420.90652465820312, "distance_m": 743.74869809486756, "distance_km": 0.74374869809486754, "heading_deg": 204.46609108609471, "slope": 0.0, "slope_deg": 0.0 }, "geometry": { "type": "Point", "coordinates": [ 24.422120649510969, 46.429441757797811 ] } },
{ "type": "Feature", "properties": { "point_id": 249, "lon": 24.422109488269548, "lat": 46.429424850851667, "elevation_m": 420.90652465820312, "distance_m": 746.74869809466395, "distance_km": 0.74674869809466393, "heading_deg": 204.46609108749453, "slope": 0.0, "slope_deg": 0.0 }, "geometry": { "type": "Point", "coordinates": [ 24.422109488269548, 46.429424850851667 ] } },
{ "type": "Feature", "properties": { "point_id": 250, "lon": 24.422098327028131, "lat": 46.429407943900294, "elevation_m": 420.90652465820312, "distance_m": 749.74869809511517, "distance_km": 0.74974869809511513, "heading_deg": 203.68300474867868, "slope": 0.0, "slope_deg": 0.0 }, "geometry": { "type": "Point", "coordinates": [ 24.422098327028131, 46.429407943900294 ] } },
{ "type": "Feature", "properties": { "point_id": 251, "lon": 24.422087502096002, "lat": 46.429390933417316, "elevation_m": 420.90652465820312, "distance_m": 752.74869227697945, "distance_km": 0.75274869227697949, "heading_deg": 203.666745965204, "slope": 0.0, "slope_deg": 0.0 }, "geometry": { "type": "Point", "coordinates": [ 24.422087502096002, 46.429390933417316 ] } },
{ "type": "Feature", "properties": { "point_id": 252, "lon": 24.422076684146699, "lat": 46.429373920779497, "elevation_m": 418.99993896484375, "distance_m": 755.74869227739578, "distance_km": 0.75574869227739583, "heading_deg": 203.66674596731511, "slope": -0.63552856436493033, "slope_deg": -32.437124242926728 }, "geometry": { "type": "Point", "coordinates": [ 24.422076684146699, 46.429373920779497 ] } },
{ "type": "Feature", "properties": { "point_id": 253, "lon": 24.422065866197393, "lat": 46.429356908136377, "elevation_m": 418.99993896484375, "distance_m": 758.7486922769591, "distance_km": 0.75874869227695907, "heading_deg": 203.6667459452253, "slope": 0.0, "slope_deg": 0.0 }, "geometry": { "type": "Point", "coordinates": [ 24.422065866197393, 46.429356908136377 ] } },
{ "type": "Feature", "properties": { "point_id": 254, "lon": 24.422055048248094, "lat": 46.429339895487935, "elevation_m": 418.99993896484375, "distance_m": 761.74869227718841, "distance_km": 0.76174869227718844, "heading_deg": 203.66674597604813, "slope": 0.0, "slope_deg": 0.0 }, "geometry": { "type": "Point", "coordinates": [ 24.422055048248094, 46.429339895487935 ] } },
{ "type": "Feature", "properties": { "point_id": 255, "lon": 24.422044230298784, "lat": 46.429322882834185, "elevation_m": 418.99993896484375, "distance_m": 764.74869227760473, "distance_km": 0.76474869227760478, "heading_deg": 203.66674596351811, "slope": 0.0, "slope_deg": 0.0 }, "geometry": { "type": "Point", "coordinates": [ 24.422044230298784, 46.429322882834185 ] } },
{ "type": "Feature", "properties": { "point_id": 256, "lon": 24.422033412349482, "lat": 46.429305870175142, "elevation_m": 418.99993896484375, "distance_m": 767.74869227716806, "distance_km": 0.76774869227716802, "heading_deg": 203.66674595832575, "slope": 0.0, "slope_deg": 0.0 }, "geometry": { "type": "Point", "coordinates": [ 24.422033412349482, 46.429305870175142 ] } },
{ "type": "Feature", "properties": { "point_id": 257, "lon": 24.422022594400175, "lat": 46.42928885751077, "elevation_m": 421.43905639648438, "distance_m": 770.74869227758438, "distance_km": 0.77074869227758436, "heading_deg": 203.66674596774206, "slope": 0.81303914376737985, "slope_deg": 39.112461058509666 }, "geometry": { "type": "Point", "coordinates": [ 24.422022594400175, 46.42928885751077 ] } },
{ "type": "Feature", "properties": { "point_id": 258, "lon": 24.422011776450873, "lat": 46.429271844841104, "elevation_m": 421.43905639648438, "distance_m": 773.7486922769607, "distance_km": 0.77374869227696075, "heading_deg": 203.66674596423312, "slope": 0.0, "slope_deg": 0.0 }, "geometry": { "type": "Point", "coordinates": [ 24.422011776450873, 46.429271844841104 ] } },
{ "type": "Feature", "properties": { "point_id": 259, "lon": 24.42200095850157, "lat": 46.429254832166116, "elevation_m": 421.43905639648438, "distance_m": 776.74869227737702, "distance_km": 0.77674869227737697, "heading_deg": 203.66674597028376, "slope": 0.0, "slope_deg": 0.0 }, "geometry": { "type": "Point", "coordinates": [ 24.42200095850157, 46.429254832166116 ] } },
{ "type": "Feature", "properties": { "point_id": 260, "lon": 24.421990140552264, "lat": 46.429237819485827, "elevation_m": 421.43905639648438, "distance_m": 779.74869227694035, "distance_km": 0.77974869227694033, "heading_deg": 203.66674595270561, "slope": 0.0, "slope_deg": 0.0 }, "geometry": { "type": "Point", "coordinates": [ 24.421990140552264, 46.429237819485827 ] } },
{ "type": "Feature", "properties": { "point_id": 261, "lon": 24.421979322602962, "lat": 46.42922080680021, "elevation_m": 421.43905639648438, "distance_m": 782.74869227735667, "distance_km": 0.78274869227735666, "heading_deg": 203.66674595256333, "slope": 0.0, "slope_deg": 0.0 }, "geometry": { "type": "Point", "coordinates": [ 24.421979322602962, 46.42922080680021 ] } },
{ "type": "Feature", "properties": { "point_id": 262, "lon": 24.421968504653659, "lat": 46.429203794109291, "elevation_m": 421.43905639648438, "distance_m": 785.74869227758597, "distance_km": 0.78574869227758593, "heading_deg": 203.66674596874597, "slope": 0.0, "slope_deg": 0.0 }, "geometry": { "type": "Point", "coordinates": [ 24.421968504653659, 46.429203794109291 ] } },
{ "type": "Feature", "properties": { "point_id": 263, "lon": 24.421957686704353, "lat": 46.429186781413073, "elevation_m": 421.43905639648438, "distance_m": 788.7486922771493, "distance_km": 0.78874869227714928, "heading_deg": 203.66674596129988, "slope": 0.0, "slope_deg": 0.0 }, "geometry": { "type": "Point", "coordinates": [ 24.421957686704353, 46.429186781413073 ] } },
{ "type": "Feature", "properties": { "point_id": 264, "lon": 24.421946868755047, "lat": 46.429169768711532, "elevation_m": 421.43905639648438, "distance_m": 791.74869227756562, "distance_km": 0.79174869227756561, "heading_deg": 203.66674596903451, "slope": 0.0, "slope_deg": 0.0 }, "geometry": { "type": "Point", "coordinates": [ 24.421946868755047, 46.429169768711532 ] } },
{ "type": "Feature", "properties": { "point_id": 265, "lon": 24.421936050805741, "lat": 46.42915275600469, "elevation_m": 421.43905639648438, "distance_m": 794.74869227712895, "distance_km": 0.79474869227712897, "heading_deg": 203.66674597114815, "slope": 0.0, "slope_deg": 0.0 }, "geometry": { "type": "Point", "coordinates": [ 24.421936050805741, 46.42915275600469 ] } },
{ "type": "Feature", "properties": { "point_id": 266, "lon": 24.421925232856438, "lat": 46.429135743292541, "elevation_m": 421.43905639648438, "distance_m": 797.74869227754527, "distance_km": 0.7977486922775453, "heading_deg": 203.66674595525419, "slope": 0.0, "slope_deg": 0.0 }, "geometry": { "type": "Point", "coordinates": [ 24.421925232856438, 46.429135743292541 ] } },
{ "type": "Feature", "properties": { "point_id": 267, "lon": 24.421914414907135, "lat": 46.429118730575077, "elevation_m": 421.43905639648438, "distance_m": 800.74869227692159, "distance_km": 0.80074869227692158, "heading_deg": 203.66674595343005, "slope": 0.0, "slope_deg": 0.0 }, "geometry": { "type": "Point", "coordinates": [ 24.421914414907135, 46.429118730575077 ] } },
{ "type": "Feature", "properties": { "point_id": 268, "lon": 24.421903596957833, "lat": 46.429101717852291, "elevation_m": 421.43905639648438, "distance_m": 803.74869227733791, "distance_km": 0.80374869227733792, "heading_deg": 203.66674597412413, "slope": 0.0, "slope_deg": 0.0 }, "geometry": { "type": "Point", "coordinates": [ 24.421903596957833, 46.429101717852291 ] } },
{ "type": "Feature", "properties": { "point_id": 269, "lon": 24.421892779008523, "lat": 46.429084705124204, "elevation_m": 421.43905639648438, "distance_m": 806.74869227690124, "distance_km": 0.80674869227690127, "heading_deg": 203.66674597341128, "slope": 0.0, "slope_deg": 0.0 }, "geometry": { "type": "Point", "coordinates": [ 24.421892779008523, 46.429084705124204 ] } },
{ "type": "Feature", "properties": { "point_id": 270, "lon": 24.421881961059221, "lat": 46.429067692390817, "elevation_m": 421.43905639648438, "distance_m": 809.74869227731756, "distance_km": 0.80974869227731761, "heading_deg": 203.66674595809027, "slope": 0.0, "slope_deg": 0.0 }, "geometry": { "type": "Point", "coordinates": [ 24.421881961059221, 46.429067692390817 ] } },
{ "type": "Feature", "properties": { "point_id": 271, "lon": 24.421871143109918, "lat": 46.429050679652107, "elevation_m": 421.43905639648438, "distance_m": 812.74869227754687, "distance_km": 0.81274869227754687, "heading_deg": 203.6667459720195, "slope": 0.0, "slope_deg": 0.0 }, "geometry": { "type": "Point", "coordinates": [ 24.421871143109918, 46.429050679652107 ] } },
{ "type": "Feature", "properties": { "point_id": 272, "lon": 24.421860325160612, "lat": 46.429033666908097, "elevation_m": 421.43905639648438, "distance_m": 815.74869227711019, "distance_km": 0.81574869227711022, "heading_deg": 203.66674595838191, "slope": 0.0, "slope_deg": 0.0 }, "geometry": { "type": "Point", "coordinates": [ 24.421860325160612, 46.429033666908097 ] } },
{ "type": "Feature", "properties": { "point_id": 273, "lon": 24.421849507211309, "lat": 46.429016654158765, "elevation_m": 424.13510131835938, "distance_m": 818.74869227752652, "distance_km": 0.81874869227752656, "heading_deg": 203.66674596443525, "slope": 0.89868164050028665, "slope_deg": 41.94545229067537 }, "geometry": { "type": "Point", "coordinates": [ 24.421849507211309, 46.429016654158765 ] } },
{ "type": "Feature", "properties": { "point_id": 274, "lon": 24.421838689262003, "lat": 46.428999641404133, "elevation_m": 424.13510131835938, "distance_m": 821.74869227708984, "distance_km": 0.8217486922770898, "heading_deg": 203.66674594234962, "slope": 0.0, "slope_deg": 0.0 }, "geometry": { "type": "Point", "coordinates": [ 24.421838689262003, 46.428999641404133 ] } },
{ "type": "Feature", "properties": { "point_id": 275, "lon": 24.421827871312704, "lat": 46.428982628644185, "elevation_m": 424.13510131835938, "distance_m": 824.74869227731915, "distance_km": 0.82474869227731917, "heading_deg": 203.66674597485948, "slope": 0.0, "slope_deg": 0.0 }, "geometry": { "type": "Point", "coordinates": [ 24.421827871312704, 46.428982628644185 ] } },
{ "type": "Feature", "properties": { "point_id": 276, "lon": 24.421817053363398, "lat": 46.42896561587893, "elevation_m": 424.13510131835938, "distance_m": 827.74869227688248, "distance_km": 0.82774869227688253, "heading_deg": 203.66674596290565, "slope": 0.0, "slope_deg": 0.0 }, "geometry": { "type": "Point", "coordinates": [ 24.421817053363398, 46.42896561587893 ] } },
{ "type": "Feature", "properties": { "point_id": 277, "lon": 24.421806235414092, "lat": 46.42894860310836, "elevation_m": 424.13510131835938, "distance_m": 830.7486922772988, "distance_km": 0.83074869227729875, "heading_deg": 203.66674596333866, "slope": 0.0, "slope_deg": 0.0 }, "geometry": { "type": "Point", "coordinates": [ 24.421806235414092, 46.42894860310836 ] } },
{ "type": "Feature", "properties": { "point_id": 278, "lon": 24.421795417464786, "lat": 46.428931590332482, "elevation_m": 422.59957885742188, "distance_m": 833.74869227771512, "distance_km": 0.83374869227771509, "heading_deg": 203.66674597501407, "slope": -0.51184082024146993, "slope_deg": -27.105219901298316 }, "geometry": { "type": "Point", "coordinates": [ 24.421795417464786, 46.428931590332482 ] } },
{ "type": "Feature", "properties": { "point_id": 279, "lon": 24.42178459951548, "lat": 46.428914577551303, "elevation_m": 422.59957885742188, "distance_m": 836.74869227727845, "distance_km": 0.83674869227727844, "heading_deg": 203.66674595124644, "slope": 0.0, "slope_deg": 0.0 }, "geometry": { "type": "Point", "coordinates": [ 24.42178459951548, 46.428914577551303 ] } },
{ "type": "Feature", "properties": { "point_id": 280, "lon": 24.421773781566181, "lat": 46.428897564764803, "elevation_m": 422.59957885742188, "distance_m": 839.74869227750776, "distance_km": 0.8397486922775077, "heading_deg": 203.66674598318508, "slope": 0.0, "slope_deg": 0.0 }, "geometry": { "type": "Point", "coordinates": [ 24.421773781566181, 46.428897564764803 ] } },
{ "type": "Feature", "properties": { "point_id": 281, "lon": 24.421762963616874, "lat": 46.428880551973009, "elevation_m": 422.59957885742188, "distance_m": 842.74869227707109, "distance_km": 0.84274869227707105, "heading_deg": 203.66674593578904, "slope": 0.0, "slope_deg": 0.0 }, "geometry": { "type": "Point", "coordinates": [ 24.421762963616874, 46.428880551973009 ] } },
{ "type": "Feature", "properties": { "point_id": 282, "lon": 24.421752145667572, "lat": 46.428863539175879, "elevation_m": 422.59957885742188, "distance_m": 845.74869227748741, "distance_km": 0.84574869227748739, "heading_deg": 203.66674598011465, "slope": 0.0, "slope_deg": 0.0 }, "geometry": { "type": "Point", "coordinates": [ 24.421752145667572, 46.428863539175879 ] } },
{ "type": "Feature", "properties": { "point_id": 283, "lon": 24.421741327718262, "lat": 46.428846526373455, "elevation_m": 422.59957885742188, "distance_m": 848.74869227705074, "distance_km": 0.84874869227705074, "heading_deg": 203.66674594958235, "slope": 0.0, "slope_deg": 0.0 }, "geometry": { "type": "Point", "coordinates": [ 24.421741327718262, 46.428846526373455 ] } },
{ "type": "Feature", "properties": { "point_id": 284, "lon": 24.421730509768963, "lat": 46.428829513565717, "elevation_m": 422.59957885742188, "distance_m": 851.74869227728004, "distance_km": 0.85174869227728001, "heading_deg": 203.66674596634144, "slope": 0.0, "slope_deg": 0.0 }, "geometry": { "type": "Point", "coordinates": [ 24.421730509768963, 46.428829513565717 ] } },
{ "type": "Feature", "properties": { "point_id": 285, "lon": 24.421719691819657, "lat": 46.42881250075267, "elevation_m": 422.59957885742188, "distance_m": 854.74869227684337, "distance_km": 0.85474869227684336, "heading_deg": 203.66674597014187, "slope": 0.0, "slope_deg": 0.0 }, "geometry": { "type": "Point", "coordinates": [ 24.421719691819657, 46.42881250075267 ] } },
{ "type": "Feature", "properties": { "point_id": 286, "lon": 24.421708873870351, "lat": 46.428795487934316, "elevation_m": 422.59957885742188, "distance_m": 857.74869227725969, "distance_km": 0.85774869227725969, "heading_deg": 203.66674595650707, "slope": 0.0, "slope_deg": 0.0 }, "geometry": { "type": "Point", "coordinates": [ 24.421708873870351, 46.428795487934316 ] } },
{ "type": "Feature", "properties": { "point_id": 287, "lon": 24.421698055921048, "lat": 46.428778475110647, "elevation_m": 422.59957885742188, "distance_m": 860.74869227767601, "distance_km": 0.86074869227767603, "heading_deg": 203.66674595636982, "slope": 0.0, "slope_deg": 0.0 }, "geometry": { "type": "Point", "coordinates": [ 24.421698055921048, 46.428778475110647 ] } },
{ "type": "Feature", "properties": { "point_id": 288, "lon": 24.421687237971746, "lat": 46.42876146228167, "elevation_m": 422.59957885742188, "distance_m": 863.74869227705233, "distance_km": 0.86374869227705231, "heading_deg": 203.66674596636418, "slope": 0.0, "slope_deg": 0.0 }, "geometry": { "type": "Point", "coordinates": [ 24.421687237971746, 46.42876146228167 ] } },
{ "type": "Feature", "properties": { "point_id": 289, "lon": 24.421676420022443, "lat": 46.428744449447386, "elevation_m": 425.2198486328125, "distance_m": 866.74869227746865, "distance_km": 0.86674869227746865, "heading_deg": 203.66674598312423, "slope": 0.87342325834233348, "slope_deg": 41.134718785451788 }, "geometry": { "type": "Point", "coordinates": [ 24.421676420022443, 46.428744449447386 ] } },
{ "type": "Feature", "properties": { "point_id": 290, "lon": 24.421665602073134, "lat": 46.428727436607801, "elevation_m": 425.2198486328125, "distance_m": 869.74869227703198, "distance_km": 0.869748692277032, "heading_deg": 203.66674595484844, "slope": 0.0, "slope_deg": 0.0 }, "geometry": { "type": "Point", "coordinates": [ 24.421665602073134, 46.428727436607801 ] } },
{ "type": "Feature", "properties": { "point_id": 291, "lon": 24.421654784123831, "lat": 46.428710423762887, "elevation_m": 425.2198486328125, "distance_m": 872.7486922774483, "distance_km": 0.87274869227744833, "heading_deg": 203.66674595360121, "slope": 0.0, "slope_deg": 0.0 }, "geometry": { "type": "Point", "coordinates": [ 24.421654784123831, 46.428710423762887 ] } },
{ "type": "Feature", "properties": { "point_id": 292, "lon": 24.421643966174525, "lat": 46.428693410912665, "elevation_m": 425.2198486328125, "distance_m": 875.74869227701163, "distance_km": 0.87574869227701158, "heading_deg": 204.46174108766425, "slope": 0.0, "slope_deg": 0.0 }, "geometry": { "type": "Point", "coordinates": [ 24.421643966174525, 46.428693410912665 ] } },
{ "type": "Feature", "properties": { "point_id": 293, "lon": 24.421632807976934, "lat": 46.428676504940455, "elevation_m": 425.2198486328125, "distance_m": 878.74837466025269, "distance_km": 0.87874837466025268, "heading_deg": 205.33612159952548, "slope": 0.0, "slope_deg": 0.0 }, "geometry": { "type": "Point", "coordinates": [ 24.421632807976934, 46.428676504940455 ] } },
{ "type": "Feature", "properties": { "point_id": 294, "lon": 24.421621275557587, "lat": 46.428659716518538, "elevation_m": 425.2198486328125, "distance_m": 881.74837466061376, "distance_km": 0.88174837466061373, "heading_deg": 205.33612159057094, "slope": 0.0, "slope_deg": 0.0 }, "geometry": { "type": "Point", "coordinates": [ 24.421621275557587, 46.428659716518538 ] } },
{ "type": "Feature", "properties": { "point_id": 295, "lon": 24.421609743138248, "lat": 46.428642928091456, "elevation_m": 425.2198486328125, "distance_m": 884.74837466077565, "distance_km": 0.8847483746607756, "heading_deg": 205.33612157896036, "slope": 0.0, "slope_deg": 0.0 }, "geometry": { "type": "Point", "coordinates": [ 24.421609743138248, 46.428642928091456 ] } },
{ "type": "Feature", "properties": { "point_id": 296, "lon": 24.421598210718905, "lat": 46.428626139659201, "elevation_m": 425.2198486328125, "distance_m": 887.74837466093754, "distance_km": 0.88774837466093759, "heading_deg": 205.3361215822294, "slope": 0.0, "slope_deg": 0.0 }, "geometry": { "type": "Point", "coordinates": [ 24.421598210718905, 46.428626139659201 ] } },
{ "type": "Feature", "properties": { "point_id": 297, "lon": 24.421586678299558, "lat": 46.428609351221773, "elevation_m": 425.2198486328125, "distance_m": 890.74837466109943, "distance_km": 0.89074837466109946, "heading_deg": 205.33612160037811, "slope": 0.0, "slope_deg": 0.0 }, "geometry": { "type": "Point", "coordinates": [ 24.421586678299558, 46.428609351221773 ] } },
{ "type": "Feature", "properties": { "point_id": 298, "lon": 24.421575145880219, "lat": 46.428592562779187, "elevation_m": 425.2198486328125, "distance_m": 893.74837466041959, "distance_km": 0.89374837466041956, "heading_deg": 205.33612159296632, "slope": 0.0, "slope_deg": 0.0 }, "geometry": { "type": "Point", "coordinates": [ 24.421575145880219, 46.428592562779187 ] } },
{ "type": "Feature", "properties": { "point_id": 299, "lon": 24.421563613460876, "lat": 46.428575774331421, "elevation_m": 425.2198486328125, "distance_m": 896.74837466058148, "distance_km": 0.89674837466058144, "heading_deg": 205.33612159432258, "slope": 0.0, "slope_deg": 0.0 }, "geometry": { "type": "Point", "coordinates": [ 24.421563613460876, 46.428575774331421 ] } },
{ "type": "Feature", "properties": { "point_id": 300, "lon": 24.421552081041533, "lat": 46.428558985878482, "elevation_m": 425.2198486328125, "distance_m": 899.74837466074337, "distance_km": 0.89974837466074331, "heading_deg": 205.33612158691119, "slope": 0.0, "slope_deg": 0.0 }, "geometry": { "type": "Point", "coordinates": [ 24.421552081041533, 46.428558985878482 ] } },
{ "type": "Feature", "properties": { "point_id": 301, "lon": 24.42154054862219, "lat": 46.42854219742037, "elevation_m": 425.2198486328125, "distance_m": 902.74837466090526, "distance_km": 0.9027483746609053, "heading_deg": 205.33612159437945, "slope": 0.0, "slope_deg": 0.0 }, "geometry": { "type": "Point", "coordinates": [ 24.42154054862219, 46.42854219742037 ] } },
{ "type": "Feature", "properties": { "point_id": 302, "lon": 24.421529016202847, "lat": 46.428525408957093, "elevation_m": 425.2198486328125, "distance_m": 905.74837466022541, "distance_km": 0.9057483746602254, "heading_deg": 205.33612157894351, "slope": 0.0, "slope_deg": 0.0 }, "geometry": { "type": "Point", "coordinates": [ 24.421529016202847, 46.428525408957093 ] } },
{ "type": "Feature", "properties": { "point_id": 303, "lon": 24.421517483783507, "lat": 46.428508620488643, "elevation_m": 424.18771362304688, "distance_m": 908.7483746603873, "distance_km": 0.90874837466038727, "heading_deg": 205.33612159252374, "slope": -0.3440450032366425, "slope_deg": -18.985522680997359 }, "geometry": { "type": "Point", "coordinates": [ 24.421517483783507, 46.428508620488643 ] } },
{ "type": "Feature", "properties": { "point_id": 304, "lon": 24.421505951364161, "lat": 46.42849183201502, "elevation_m": 424.18771362304688, "distance_m": 911.74837466074837, "distance_km": 0.91174837466074832, "heading_deg": 205.33612161030234, "slope": 0.0, "slope_deg": 0.0 }, "geometry": { "type": "Point", "coordinates": [ 24.421505951364161, 46.42849183201502 ] } },
{ "type": "Feature", "properties": { "point_id": 305, "lon": 24.421494418944814, "lat": 46.428475043536231, "elevation_m": 424.18771362304688, "distance_m": 914.74837466091026, "distance_km": 0.9147483746609103, "heading_deg": 205.336121573876, "slope": 0.0, "slope_deg": 0.0 }, "geometry": { "type": "Point", "coordinates": [ 24.421494418944814, 46.428475043536231 ] } },
{ "type": "Feature", "properties": { "point_id": 306, "lon": 24.421482886525471, "lat": 46.428458255052263, "elevation_m": 426.94973754882812, "distance_m": 917.74837466107215, "distance_km": 0.91774837466107217, "heading_deg": 205.33612159622464, "slope": 0.92067464187740067, "slope_deg": 42.634983797412815 }, "geometry": { "type": "Point", "coordinates": [ 24.421482886525471, 46.428458255052263 ] } },
{ "type": "Feature", "properties": { "point_id": 307, "lon": 24.421471354106131, "lat": 46.428441466563136, "elevation_m": 426.94973754882812, "distance_m": 920.7483746603923, "distance_km": 0.92074837466039228, "heading_deg": 205.33612160140927, "slope": 0.0, "slope_deg": 0.0 }, "geometry": { "type": "Point", "coordinates": [ 24.421471354106131, 46.428441466563136 ] } },
{ "type": "Feature", "properties": { "point_id": 308, "lon": 24.421459821686785, "lat": 46.428424678068836, "elevation_m": 426.94973754882812, "distance_m": 923.74837466055419, "distance_km": 0.92374837466055415, "heading_deg": 205.33612158368973, "slope": 0.0, "slope_deg": 0.0 }, "geometry": { "type": "Point", "coordinates": [ 24.421459821686785, 46.428424678068836 ] } },
{ "type": "Feature", "properties": { "point_id": 309, "lon": 24.421448289267442, "lat": 46.428407889569357, "elevation_m": 426.94973754882812, "distance_m": 926.74837466071608, "distance_km": 0.92674837466071613, "heading_deg": 205.33612158924618, "slope": 0.0, "slope_deg": 0.0 }, "geometry": { "type": "Point", "coordinates": [ 24.421448289267442, 46.428407889569357 ] } },
{ "type": "Feature", "properties": { "point_id": 310, "lon": 24.421436756848102, "lat": 46.428391101064712, "elevation_m": 426.94973754882812, "distance_m": 929.74837466087797, "distance_km": 0.92974837466087801, "heading_deg": 205.33612160511257, "slope": 0.0, "slope_deg": 0.0 }, "geometry": { "type": "Point", "coordinates": [ 24.421436756848102, 46.428391101064712 ] } },
{ "type": "Feature", "properties": { "point_id": 311, "lon": 24.421425224428759, "lat": 46.428374312554901, "elevation_m": 426.94973754882812, "distance_m": 932.74837466019812, "distance_km": 0.93274837466019811, "heading_deg": 205.33612159122043, "slope": 0.0, "slope_deg": 0.0 }, "geometry": { "type": "Point", "coordinates": [ 24.421425224428759, 46.428374312554901 ] } },
{ "type": "Feature", "properties": { "point_id": 312, "lon": 24.421413692009413, "lat": 46.42835752403991, "elevation_m": 426.94973754882812, "distance_m": 935.74837466036001, "distance_km": 0.93574837466035998, "heading_deg": 205.3361215864677, "slope": 0.0, "slope_deg": 0.0 }, "geometry": { "type": "Point", "coordinates": [ 24.421413692009413, 46.42835752403991 ] } },
{ "type": "Feature", "properties": { "point_id": 313, "lon": 24.421402159590073, "lat": 46.428340735519754, "elevation_m": 426.94973754882812, "distance_m": 938.7483746605219, "distance_km": 0.93874837466052186, "heading_deg": 205.3361215977651, "slope": 0.0, "slope_deg": 0.0 }, "geometry": { "type": "Point", "coordinates": [ 24.421402159590073, 46.428340735519754 ] } },
{ "type": "Feature", "properties": { "point_id": 314, "lon": 24.421390627170727, "lat": 46.428323946994418, "elevation_m": 426.94973754882812, "distance_m": 941.74837466088297, "distance_km": 0.94174837466088301, "heading_deg": 205.33612159721093, "slope": 0.0, "slope_deg": 0.0 }, "geometry": { "type": "Point", "coordinates": [ 24.421390627170727, 46.428323946994418 ] } },
{ "type": "Feature", "properties": { "point_id": 315, "lon": 24.421379094751384, "lat": 46.428307158463923, "elevation_m": 426.94973754882812, "distance_m": 944.74837466104486, "distance_km": 0.94474837466104489, "heading_deg": 205.33612159591416, "slope": 0.0, "slope_deg": 0.0 }, "geometry": { "type": "Point", "coordinates": [ 24.421379094751384, 46.428307158463923 ] } },
{ "type": "Feature", "properties": { "point_id": 316, "lon": 24.421367562332037, "lat": 46.428290369928256, "elevation_m": 426.94973754882812, "distance_m": 947.74837466036502, "distance_km": 0.94774837466036499, "heading_deg": 205.33612159116223, "slope": 0.0, "slope_deg": 0.0 }, "geometry": { "type": "Point", "coordinates": [ 24.421367562332037, 46.428290369928256 ] } },
{ "type": "Feature", "properties": { "point_id": 317, "lon": 24.421356029912697, "lat": 46.428273581387408, "elevation_m": 426.94973754882812, "distance_m": 950.74837466052691, "distance_km": 0.95074837466052686, "heading_deg": 205.33612158795248, "slope": 0.0, "slope_deg": 0.0 }, "geometry": { "type": "Point", "coordinates": [ 24.421356029912697, 46.428273581387408 ] } },
{ "type": "Feature", "properties": { "point_id": 318, "lon": 24.421344497493354, "lat": 46.428256792841395, "elevation_m": 426.94973754882812, "distance_m": 953.7483746606888, "distance_km": 0.95374837466068885, "heading_deg": 205.33612158091614, "slope": 0.0, "slope_deg": 0.0 }, "geometry": { "type": "Point", "coordinates": [ 24.421344497493354, 46.428256792841395 ] } },
{ "type": "Feature", "properties": { "point_id": 319, "lon": 24.421332965074011, "lat": 46.428240004290203, "elevation_m": 426.94973754882812, "distance_m": 956.74837466085069, "distance_km": 0.95674837466085072, "heading_deg": 205.33612159449953, "slope": 0.0, "slope_deg": 0.0 }, "geometry": { "type": "Point", "coordinates": [ 24.421332965074011, 46.428240004290203 ] } },
{ "type": "Feature", "properties": { "point_id": 320, "lon": 24.421321432654668, "lat": 46.428223215733851, "elevation_m": 426.94973754882812, "distance_m": 959.74837466101258, "distance_km": 0.95974837466101259, "heading_deg": 205.33612159777334, "slope": 0.0, "slope_deg": 0.0 }, "geometry": { "type": "Point", "coordinates": [ 24.421321432654668, 46.428223215733851 ] } },
{ "type": "Feature", "properties": { "point_id": 321, "lon": 24.421309900235325, "lat": 46.428206427172327, "elevation_m": 426.94973754882812, "distance_m": 962.74837466033273, "distance_km": 0.9627483746603327, "heading_deg": 205.33612158653941, "slope": 0.0, "slope_deg": 0.0 }, "geometry": { "type": "Point", "coordinates": [ 24.421309900235325, 46.428206427172327 ] } },
{ "type": "Feature", "properties": { "point_id": 322, "lon": 24.421298367815982, "lat": 46.42818963860563, "elevation_m": 428.86434936523438, "distance_m": 965.74837466049462, "distance_km": 0.96574837466049457, "heading_deg": 205.33612158944229, "slope": 0.6382039387676437, "slope_deg": 32.546179324145847 }, "geometry": { "type": "Point", "coordinates": [ 24.421298367815982, 46.42818963860563 ] } },
{ "type": "Feature", "properties": { "point_id": 323, "lon": 24.421286835396636, "lat": 46.428172850033761, "elevation_m": 428.86434936523438, "distance_m": 968.74837466085569, "distance_km": 0.96874837466085573, "heading_deg": 205.33612159500146, "slope": 0.0, "slope_deg": 0.0 }, "geometry": { "type": "Point", "coordinates": [ 24.421286835396636, 46.428172850033761 ] } },
{ "type": "Feature", "properties": { "point_id": 324, "lon": 24.421275302977293, "lat": 46.428156061456725, "elevation_m": 428.86434936523438, "distance_m": 971.74837466101758, "distance_km": 0.9717483746610176, "heading_deg": 202.86736430143736, "slope": 0.0, "slope_deg": 0.0 }, "geometry": { "type": "Point", "coordinates": [ 24.421275302977293, 46.428156061456725 ] } },
{ "type": "Feature", "properties": { "point_id": 325, "lon": 24.421264832609072, "lat": 46.42813894960441, "elevation_m": 428.86434936523438, "distance_m": 974.74775372157785, "distance_km": 0.97474775372157785, "heading_deg": 202.31693787052239, "slope": 0.0, "slope_deg": 0.0 }, "geometry": { "type": "Point", "coordinates": [ 24.421264832609072, 46.42813894960441 ] } },
{ "type": "Feature", "properties": { "point_id": 326, "lon": 24.421254599102102, "lat": 46.428121765650204, "elevation_m": 428.86434936523438, "distance_m": 977.74775372123986, "distance_km": 0.9777477537212399, "heading_deg": 202.31693789143446, "slope": 0.0, "slope_deg": 0.0 }, "geometry": { "type": "Point", "coordinates": [ 24.421254599102102, 46.428121765650204 ] } },
{ "type": "Feature", "properties": { "point_id": 327, "lon": 24.421244365595122, "lat": 46.428104581690583, "elevation_m": 427.5504150390625, "distance_m": 980.74775372107877, "distance_km": 0.98074775372107881, "heading_deg": 202.31693787495354, "slope": -0.43797810874747689, "slope_deg": -23.652366365571844 }, "geometry": { "type": "Point", "coordinates": [ 24.421244365595122, 46.428104581690583 ] } },
{ "type": "Feature", "properties": { "point_id": 328, "lon": 24.421234132088149, "lat": 46.428087397725534, "elevation_m": 427.5504150390625, "distance_m": 983.74775372177919, "distance_km": 0.98374775372177914, "heading_deg": 202.31693786592345, "slope": 0.0, "slope_deg": 0.0 }, "geometry": { "type": "Point", "coordinates": [ 24.421234132088149, 46.428087397725534 ] } },
{ "type": "Feature", "properties": { "point_id": 329, "lon": 24.421223898581175, "lat": 46.428070213755078, "elevation_m": 427.5504150390625, "distance_m": 986.7477537214412, "distance_km": 0.98674775372144119, "heading_deg": 202.3169378694046, "slope": 0.0, "slope_deg": 0.0 }, "geometry": { "type": "Point", "coordinates": [ 24.421223898581175, 46.428070213755078 ] } },
{ "type": "Feature", "properties": { "point_id": 330, "lon": 24.421213665074202, "lat": 46.428053029779193, "elevation_m": 427.5504150390625, "distance_m": 989.74775372128011, "distance_km": 0.9897477537212801, "heading_deg": 198.52739753116776, "slope": 0.0, "slope_deg": 0.0 }, "geometry": { "type": "Point", "coordinates": [ 24.421213665074202, 46.428053029779193 ] } },
{ "type": "Feature", "properties": { "point_id": 331, "lon": 24.421205115591235, "lat": 46.428035445823127, "elevation_m": 427.5504150390625, "distance_m": 992.74287574684354, "distance_km": 0.9927428757468435, "heading_deg": 195.70956981097527, "slope": 0.0, "slope_deg": 0.0 }, "geometry": { "type": "Point", "coordinates": [ 24.421205115591235, 46.428035445823127 ] } },
{ "type": "Feature", "properties": { "point_id": 332, "lon": 24.421197818723741, "lat": 46.42801756435091, "elevation_m": 427.5504150390625, "distance_m": 995.74287574725508, "distance_km": 0.99574287574725506, "heading_deg": 195.70956981862193, "slope": 0.0, "slope_deg": 0.0 }, "geometry": { "type": "Point", "coordinates": [ 24.421197818723741, 46.42801756435091 ] } },
{ "type": "Feature", "properties": { "point_id": 333, "lon": 24.42119052185625, "lat": 46.427999682872823, "elevation_m": 427.5504150390625, "distance_m": 998.74287574754055, "distance_km": 0.9987428757475405, "heading_deg": 195.70956981418416, "slope": 0.0, "slope_deg": 0.0 }, "geometry": { "type": "Point", "coordinates": [ 24.42119052185625, 46.427999682872823 ] } },
{ "type": "Feature", "properties": { "point_id": 334, "lon": 24.421183224988763, "lat": 46.427981801388889, "elevation_m": 427.5504150390625, "distance_m": 1001.7428757469295, "distance_km": 1.0017428757469296, "heading_deg": 195.70956980058082, "slope": 0.0, "slope_deg": 0.0 }, "geometry": { "type": "Point", "coordinates": [ 24.421183224988763, 46.427981801388889 ] } },
{ "type": "Feature", "properties": { "point_id": 335, "lon": 24.421175928121276, "lat": 46.427963919899071, "elevation_m": 427.5504150390625, "distance_m": 1004.742875747215, "distance_km": 1.004742875747215, "heading_deg": 195.70956982244363, "slope": 0.0, "slope_deg": 0.0 }, "geometry": { "type": "Point", "coordinates": [ 24.421175928121276, 46.427963919899071 ] } },
{ "type": "Feature", "properties": { "point_id": 336, "lon": 24.421168631253781, "lat": 46.427946038403391, "elevation_m": 427.5504150390625, "distance_m": 1007.74287574673, "distance_km": 1.0077428757467299, "heading_deg": 195.70956980618431, "slope": 0.0, "slope_deg": 0.0 }, "geometry": { "type": "Point", "coordinates": [ 24.421168631253781, 46.427946038403391 ] } },
{ "type": "Feature", "properties": { "point_id": 337, "lon": 24.421161334386291, "lat": 46.427928156901842, "elevation_m": 427.5504150390625, "distance_m": 1010.7428757470154, "distance_km": 1.0107428757470154, "heading_deg": 191.80415993492468, "slope": 0.0, "slope_deg": 0.0 }, "geometry": { "type": "Point", "coordinates": [ 24.421161334386291, 46.427928156901842 ] } },
{ "type": "Feature", "properties": { "point_id": 338, "lon": 24.421155843731025, "lat": 46.427910047966591, "elevation_m": 428.14462280273438, "distance_m": 1013.7307314947377, "distance_km": 1.0137307314947377, "heading_deg": 184.99554834093513, "slope": 0.198874314506266, "slope_deg": 11.247902697235983 }, "geometry": { "type": "Point", "coordinates": [ 24.421155843731025, 46.427910047966591 ] } },
{ "type": "Feature", "properties": { "point_id": 339, "lon": 24.421153497017258, "lat": 46.427891543158175, "elevation_m": 428.14462280273438, "distance_m": 1016.7307314946288, "distance_km": 1.0167307314946288, "heading_deg": 184.99554834533123, "slope": 0.0, "slope_deg": 0.0 }, "geometry": { "type": "Point", "coordinates": [ 24.421153497017258, 46.427891543158175 ] } },
{ "type": "Feature", "properties": { "point_id": 340, "lon": 24.421151150303491, "lat": 46.427873038343485, "elevation_m": 428.14462280273438, "distance_m": 1019.7307314945199, "distance_km": 1.0197307314945199, "heading_deg": 184.9955483327397, "slope": 0.0, "slope_deg": 0.0 }, "geometry": { "type": "Point", "coordinates": [ 24.421151150303491, 46.427873038343485 ] } },
{ "type": "Feature", "properties": { "point_id": 341, "lon": 24.421148803589723, "lat": 46.427854533522506, "elevation_m": 428.14462280273438, "distance_m": 1022.730731494411, "distance_km": 1.022730731494411, "heading_deg": 183.99035469770035, "slope": 0.0, "slope_deg": 0.0 }, "geometry": { "type": "Point", "coordinates": [ 24.421148803589723, 46.427854533522506 ] } },
{ "type": "Feature", "properties": { "point_id": 342, "lon": 24.421146928981301, "lat": 46.427836010723226, "elevation_m": 428.14462280273438, "distance_m": 1025.7295081455202, "distance_km": 1.0257295081455202, "heading_deg": 181.32684580604806, "slope": 0.0, "slope_deg": 0.0 }, "geometry": { "type": "Point", "coordinates": [ 24.421146928981301, 46.427836010723226 ] } },
{ "type": "Feature", "properties": { "point_id": 343, "lon": 24.421146304946262, "lat": 46.427817440311074, "elevation_m": 428.14462280273438, "distance_m": 1028.7295081451057, "distance_km": 1.0287295081451058, "heading_deg": 181.3268457997809, "slope": 0.0, "slope_deg": 0.0 }, "geometry": { "type": "Point", "coordinates": [ 24.421146304946262, 46.427817440311074 ] } },
{ "type": "Feature", "properties": { "point_id": 344, "lon": 24.421145680911227, "lat": 46.427798869892591, "elevation_m": 428.14462280273438, "distance_m": 1031.7295081456116, "distance_km": 1.0317295081456115, "heading_deg": 181.32684579959243, "slope": 0.0, "slope_deg": 0.0 }, "geometry": { "type": "Point", "coordinates": [ 24.421145680911227, 46.427798869892591 ] } },
{ "type": "Feature", "properties": { "point_id": 345, "lon": 24.421145056876192, "lat": 46.427780299467784, "elevation_m": 428.14462280273438, "distance_m": 1034.7295081451864, "distance_km": 1.0347295081451864, "heading_deg": 181.3268458133787, "slope": 0.0, "slope_deg": 0.0 }, "geometry": { "type": "Point", "coordinates": [ 24.421145056876192, 46.427780299467784 ] } },
{ "type": "Feature", "properties": { "point_id": 346, "lon": 24.42114443284115, "lat": 46.427761729036654, "elevation_m": 428.14462280273438, "distance_m": 1037.7295081447719, "distance_km": 1.0377295081447719, "heading_deg": 180.65582895155933, "slope": 0.0, "slope_deg": 0.0 }, "geometry": { "type": "Point", "coordinates": [ 24.42114443284115, 46.427761729036654 ] } },
{ "type": "Feature", "properties": { "point_id": 347, "lon": 24.421144124386934, "lat": 46.427743155593568, "elevation_m": 428.14462280273438, "distance_m": 1040.7293856913805, "distance_km": 1.0407293856913804, "heading_deg": 180.25644123128245, "slope": 0.0, "slope_deg": 0.0 }, "geometry": { "type": "Point", "coordinates": [ 24.421144124386934, 46.427743155593568 ] } },
{ "type": "Feature", "properties": { "point_id": 348, "lon": 24.421144003768486, "lat": 46.427724580355189, "elevation_m": 428.14462280273438, "distance_m": 1043.729385691553, "distance_km": 1.043729385691553, "heading_deg": 180.25644124477111, "slope": 0.0, "slope_deg": 0.0 }, "geometry": { "type": "Point", "coordinates": [ 24.421144003768486, 46.427724580355189 ] } },
{ "type": "Feature", "properties": { "point_id": 349, "lon": 24.42114388315003, "lat": 46.427706005110487, "elevation_m": 428.14462280273438, "distance_m": 1046.7293856917277, "distance_km": 1.0467293856917277, "heading_deg": 178.57073783411306, "slope": 0.0, "slope_deg": 0.0 }, "geometry": { "type": "Point", "coordinates": [ 24.42114388315003, 46.427706005110487 ] } },
{ "type": "Feature", "properties": { "point_id": 350, "lon": 24.421144554697396, "lat": 46.427687453297352, "elevation_m": 428.14462280273438, "distance_m": 1049.7265027983822, "distance_km": 1.0497265027983822, "heading_deg": 174.8276977740851, "slope": 0.0, "slope_deg": 0.0 }, "geometry": { "type": "Point", "coordinates": [ 24.421144554697396, 46.427687453297352 ] } },
{ "type": "Feature", "properties": { "point_id": 351, "lon": 24.421146984221441, "lat": 46.427668953491363, "elevation_m": 428.14462280273438, "distance_m": 1052.7265027980736, "distance_km": 1.0527265027980737, "heading_deg": 174.82769778164834, "slope": 0.0, "slope_deg": 0.0 }, "geometry": { "type": "Point", "coordinates": [ 24.421146984221441, 46.427668953491363 ] } },
{ "type": "Feature", "properties": { "point_id": 352, "lon": 24.421149413745482, "lat": 46.427650453679092, "elevation_m": 428.14462280273438, "distance_m": 1055.7265027977651, "distance_km": 1.0557265027977651, "heading_deg": 174.8276977775115, "slope": 0.0, "slope_deg": 0.0 }, "geometry": { "type": "Point", "coordinates": [ 24.421149413745482, 46.427650453679092 ] } },
{ "type": "Feature", "properties": { "point_id": 353, "lon": 24.421151843269527, "lat": 46.427631953860534, "elevation_m": 427.70074462890625, "distance_m": 1058.726502798384, "distance_km": 1.0587265027983841, "heading_deg": 171.57539891962892, "slope": -0.1479593912455171, "slope_deg": -8.416386026034683 }, "geometry": { "type": "Point", "coordinates": [ 24.421151843269527, 46.427631953860534 ] } },
{ "type": "Feature", "properties": { "point_id": 354, "lon": 24.421155780219031, "lat": 46.427613631682085, "elevation_m": 427.70074462890625, "distance_m": 1061.7178749387319, "distance_km": 1.0617178749387319, "heading_deg": 165.76771426733967, "slope": 0.0, "slope_deg": 0.0 }, "geometry": { "type": "Point", "coordinates": [ 24.421155780219031, 46.427613631682085 ] } },
{ "type": "Feature", "properties": { "point_id": 355, "lon": 24.421162405839926, "lat": 46.427595626350886, "elevation_m": 427.70074462890625, "distance_m": 1064.717874938857, "distance_km": 1.0647178749388571, "heading_deg": 165.76771425023219, "slope": 0.0, "slope_deg": 0.0 }, "geometry": { "type": "Point", "coordinates": [ 24.421162405839926, 46.427595626350886 ] } },
{ "type": "Feature", "properties": { "point_id": 356, "lon": 24.421169031460828, "lat": 46.427577621013747, "elevation_m": 427.70074462890625, "distance_m": 1067.7178749381937, "distance_km": 1.0677178749381937, "heading_deg": 165.76771426107302, "slope": 0.0, "slope_deg": 0.0 }, "geometry": { "type": "Point", "coordinates": [ 24.421169031460828, 46.427577621013747 ] } },
{ "type": "Feature", "properties": { "point_id": 357, "lon": 24.421175657081722, "lat": 46.427559615670653, "elevation_m": 427.70074462890625, "distance_m": 1070.7178749383188, "distance_km": 1.0707178749383188, "heading_deg": 165.76771425639299, "slope": 0.0, "slope_deg": 0.0 }, "geometry": { "type": "Point", "coordinates": [ 24.421175657081722, 46.427559615670653 ] } },
{ "type": "Feature", "properties": { "point_id": 358, "lon": 24.42118228270262, "lat": 46.427541610321619, "elevation_m": 427.70074462890625, "distance_m": 1073.7178749384439, "distance_km": 1.073717874938444, "heading_deg": 160.9312821902314, "slope": 0.0, "slope_deg": 0.0 }, "geometry": { "type": "Point", "coordinates": [ 24.42118228270262, 46.427541610321619 ] } },
{ "type": "Feature", "properties": { "point_id": 359, "lon": 24.421191074381181, "lat": 46.427524079557401, "elevation_m": 427.70074462890625, "distance_m": 1076.7135270884235, "distance_km": 1.0767135270884234, "heading_deg": 158.96376852523065, "slope": 0.0, "slope_deg": 0.0 }, "geometry": { "type": "Point", "coordinates": [ 24.421191074381181, 46.427524079557401 ] } },
{ "type": "Feature", "properties": { "point_id": 360, "lon": 24.421200748109719, "lat": 46.427506742047825, "elevation_m": 427.70074462890625, "distance_m": 1079.7135270885155, "distance_km": 1.0797135270885156, "heading_deg": 158.96376851612195, "slope": 0.0, "slope_deg": 0.0 }, "geometry": { "type": "Point", "coordinates": [ 24.421200748109719, 46.427506742047825 ] } },
{ "type": "Feature", "properties": { "point_id": 361, "lon": 24.421210421838264, "lat": 46.427489404532729, "elevation_m": 427.70074462890625, "distance_m": 1082.7135270887748, "distance_km": 1.0827135270887747, "heading_deg": 158.96376851684602, "slope": 0.0, "slope_deg": 0.0 }, "geometry": { "type": "Point", "coordinates": [ 24.421210421838264, 46.427489404532729 ] } },
{ "type": "Feature", "properties": { "point_id": 362, "lon": 24.421220095566806, "lat": 46.427472067012125, "elevation_m": 427.70074462890625, "distance_m": 1085.7135270888668, "distance_km": 1.0857135270888669, "heading_deg": 158.96376852241781, "slope": 0.0, "slope_deg": 0.0 }, "geometry": { "type": "Point", "coordinates": [ 24.421220095566806, 46.427472067012125 ] } },
{ "type": "Feature", "properties": { "point_id": 363, "lon": 24.421229769295341, "lat": 46.427454729486016, "elevation_m": 427.70074462890625, "distance_m": 1088.7135270889589, "distance_km": 1.088713527088959, "heading_deg": 158.96376853516938, "slope": 0.0, "slope_deg": 0.0 }, "geometry": { "type": "Point", "coordinates": [ 24.421229769295341, 46.427454729486016 ] } },
{ "type": "Feature", "properties": { "point_id": 364, "lon": 24.421239443023882, "lat": 46.427437391954378, "elevation_m": 427.70074462890625, "distance_m": 1091.7135270881818, "distance_km": 1.0917135270881817, "heading_deg": 158.96376851476384, "slope": 0.0, "slope_deg": 0.0 }, "geometry": { "type": "Point", "coordinates": [ 24.421239443023882, 46.427437391954378 ] } },
{ "type": "Feature", "properties": { "point_id": 365, "lon": 24.421249116752421, "lat": 46.427420054417233, "elevation_m": 427.70074462890625, "distance_m": 1094.7135270882738, "distance_km": 1.0947135270882737, "heading_deg": 158.96376851269724, "slope": 0.0, "slope_deg": 0.0 }, "geometry": { "type": "Point", "coordinates": [ 24.421249116752421, 46.427420054417233 ] } },
{ "type": "Feature", "properties": { "point_id": 366, "lon": 24.421258790480966, "lat": 46.427402716874568, "elevation_m": 430.36544799804688, "distance_m": 1097.7135270885331, "distance_km": 1.097713527088533, "heading_deg": 158.96376852677463, "slope": 0.88823445630346309, "slope_deg": 41.61258636149654 }, "geometry": { "type": "Point", "coordinates": [ 24.421258790480966, 46.427402716874568 ] } },
{ "type": "Feature", "properties": { "point_id": 367, "lon": 24.421268464209504, "lat": 46.427385379326388, "elevation_m": 430.36544799804688, "distance_m": 1100.7135270886251, "distance_km": 1.1007135270886252, "heading_deg": 158.96376852324443, "slope": 0.0, "slope_deg": 0.0 }, "geometry": { "type": "Point", "coordinates": [ 24.421268464209504, 46.427385379326388 ] } },
{ "type": "Feature", "properties": { "point_id": 368, "lon": 24.421278137938042, "lat": 46.427368041772702, "elevation_m": 430.36544799804688, "distance_m": 1103.7135270887172, "distance_km": 1.1037135270887173, "heading_deg": 158.96376852469882, "slope": 0.0, "slope_deg": 0.0 }, "geometry": { "type": "Point", "coordinates": [ 24.421278137938042, 46.427368041772702 ] } },
{ "type": "Feature", "properties": { "point_id": 369, "lon": 24.421287811666584, "lat": 46.427350704213495, "elevation_m": 428.82345581054688, "distance_m": 1106.7135270888093, "distance_km": 1.1067135270888093, "heading_deg": 158.9637685183784, "slope": -0.51399739581755599, "slope_deg": -27.203045917318921 }, "geometry": { "type": "Point", "coordinates": [ 24.421287811666584, 46.427350704213495 ] } },
{ "type": "Feature", "properties": { "point_id": 370, "lon": 24.421297485395122, "lat": 46.427333366648774, "elevation_m": 428.82345581054688, "distance_m": 1109.7135270889014, "distance_km": 1.1097135270889014, "heading_deg": 158.96376850926788, "slope": 0.0, "slope_deg": 0.0 }, "geometry": { "type": "Point", "coordinates": [ 24.421297485395122, 46.427333366648774 ] } },
{ "type": "Feature", "properties": { "point_id": 371, "lon": 24.421307159123668, "lat": 46.42731602907854, "elevation_m": 428.82345581054688, "distance_m": 1112.7135270882914, "distance_km": 1.1127135270882913, "heading_deg": 158.96376853669881, "slope": 0.0, "slope_deg": 0.0 }, "geometry": { "type": "Point", "coordinates": [ 24.421307159123668, 46.42731602907854 ] } },
{ "type": "Feature", "properties": { "point_id": 372, "lon": 24.421316832852202, "lat": 46.427298691502784, "elevation_m": 428.82345581054688, "distance_m": 1115.7135270883834, "distance_km": 1.1157135270883833, "heading_deg": 158.96376850998047, "slope": 0.0, "slope_deg": 0.0 }, "geometry": { "type": "Point", "coordinates": [ 24.421316832852202, 46.427298691502784 ] } },
{ "type": "Feature", "properties": { "point_id": 373, "lon": 24.421326506580744, "lat": 46.427281353921529, "elevation_m": 428.82345581054688, "distance_m": 1118.7135270884755, "distance_km": 1.1187135270884756, "heading_deg": 158.96376852551987, "slope": 0.0, "slope_deg": 0.0 }, "geometry": { "type": "Point", "coordinates": [ 24.421326506580744, 46.427281353921529 ] } },
{ "type": "Feature", "properties": { "point_id": 374, "lon": 24.421336180309286, "lat": 46.427264016334746, "elevation_m": 428.82345581054688, "distance_m": 1121.7135270885676, "distance_km": 1.1217135270885676, "heading_deg": 158.9637685310895, "slope": 0.0, "slope_deg": 0.0 }, "geometry": { "type": "Point", "coordinates": [ 24.421336180309286, 46.427264016334746 ] } },
{ "type": "Feature", "properties": { "point_id": 375, "lon": 24.421345854037821, "lat": 46.427246678742456, "elevation_m": 428.82345581054688, "distance_m": 1124.7135270886597, "distance_km": 1.1247135270886597, "heading_deg": 158.96376851992, "slope": 0.0, "slope_deg": 0.0 }, "geometry": { "type": "Point", "coordinates": [ 24.421345854037821, 46.427246678742456 ] } },
{ "type": "Feature", "properties": { "point_id": 376, "lon": 24.421355527766366, "lat": 46.427229341144646, "elevation_m": 428.82345581054688, "distance_m": 1127.7135270889189, "distance_km": 1.1277135270889189, "heading_deg": 158.96376851286664, "slope": 0.0, "slope_deg": 0.0 }, "geometry": { "type": "Point", "coordinates": [ 24.421355527766366, 46.427229341144646 ] } },
{ "type": "Feature", "properties": { "point_id": 377, "lon": 24.421365201494904, "lat": 46.427212003541328, "elevation_m": 428.82345581054688, "distance_m": 1130.713527089011, "distance_km": 1.130713527089011, "heading_deg": 158.9637685171092, "slope": 0.0, "slope_deg": 0.0 }, "geometry": { "type": "Point", "coordinates": [ 24.421365201494904, 46.427212003541328 ] } },
{ "type": "Feature", "properties": { "point_id": 378, "lon": 24.421374875223446, "lat": 46.427194665932497, "elevation_m": 428.82345581054688, "distance_m": 1133.7135270882338, "distance_km": 1.1337135270882339, "heading_deg": 158.96376852135154, "slope": 0.0, "slope_deg": 0.0 }, "geometry": { "type": "Point", "coordinates": [ 24.421374875223446, 46.427194665932497 ] } },
{ "type": "Feature", "properties": { "point_id": 379, "lon": 24.421384548951984, "lat": 46.427177328318145, "elevation_m": 428.82345581054688, "distance_m": 1136.7135270883259, "distance_km": 1.136713527088326, "heading_deg": 158.96376852838353, "slope": 0.0, "slope_deg": 0.0 }, "geometry": { "type": "Point", "coordinates": [ 24.421384548951984, 46.427177328318145 ] } },
{ "type": "Feature", "properties": { "point_id": 380, "lon": 24.421394222680522, "lat": 46.427159990698279, "elevation_m": 428.82345581054688, "distance_m": 1139.713527088418, "distance_km": 1.139713527088418, "heading_deg": 158.96376850664865, "slope": 0.0, "slope_deg": 0.0 }, "geometry": { "type": "Point", "coordinates": [ 24.421394222680522, 46.427159990698279 ] } },
{ "type": "Feature", "properties": { "point_id": 381, "lon": 24.421403896409068, "lat": 46.427142653072899, "elevation_m": 428.82345581054688, "distance_m": 1142.7135270886772, "distance_km": 1.1427135270886772, "heading_deg": 158.96376853334596, "slope": 0.0, "slope_deg": 0.0 }, "geometry": { "type": "Point", "coordinates": [ 24.421403896409068, 46.427142653072899 ] } },
{ "type": "Feature", "properties": { "point_id": 382, "lon": 24.421413570137606, "lat": 46.427125315442005, "elevation_m": 428.82345581054688, "distance_m": 1145.7135270887693, "distance_km": 1.1457135270887693, "heading_deg": 158.96376851645869, "slope": 0.0, "slope_deg": 0.0 }, "geometry": { "type": "Point", "coordinates": [ 24.421413570137606, 46.427125315442005 ] } },
{ "type": "Feature", "properties": { "point_id": 383, "lon": 24.421423243866144, "lat": 46.427107977805605, "elevation_m": 428.82345581054688, "distance_m": 1148.7135270888614, "distance_km": 1.1487135270888613, "heading_deg": 158.9637685355176, "slope": 0.0, "slope_deg": 0.0 }, "geometry": { "type": "Point", "coordinates": [ 24.421423243866144, 46.427107977805605 ] } },
{ "type": "Feature", "properties": { "point_id": 384, "lon": 24.421432917594682, "lat": 46.427090640163669, "elevation_m": 428.82345581054688, "distance_m": 1151.7135270889535, "distance_km": 1.1517135270889534, "heading_deg": 158.96376851158709, "slope": 0.0, "slope_deg": 0.0 }, "geometry": { "type": "Point", "coordinates": [ 24.421432917594682, 46.427090640163669 ] } },
{ "type": "Feature", "properties": { "point_id": 385, "lon": 24.421442591323224, "lat": 46.427073302516241, "elevation_m": 427.09811401367188, "distance_m": 1154.7135270881763, "distance_km": 1.1547135270881763, "heading_deg": 158.96376851376988, "slope": -0.57511393244065245, "slope_deg": -29.903807448092007 }, "geometry": { "type": "Point", "coordinates": [ 24.421442591323224, 46.427073302516241 ] } },
{ "type": "Feature", "properties": { "point_id": 386, "lon": 24.421452265051769, "lat": 46.427055964863285, "elevation_m": 427.09811401367188, "distance_m": 1157.7135270884355, "distance_km": 1.1577135270884356, "heading_deg": 158.9637685158159, "slope": 0.0, "slope_deg": 0.0 }, "geometry": { "type": "Point", "coordinates": [ 24.421452265051769, 46.427055964863285 ] } },
{ "type": "Feature", "properties": { "point_id": 387, "lon": 24.421461938780308, "lat": 46.42703862720483, "elevation_m": 427.09811401367188, "distance_m": 1160.7135270885276, "distance_km": 1.1607135270885276, "heading_deg": 158.96376852709955, "slope": 0.0, "slope_deg": 0.0 }, "geometry": { "type": "Point", "coordinates": [ 24.421461938780308, 46.42703862720483 ] } },
{ "type": "Feature", "properties": { "point_id": 388, "lon": 24.421471612508846, "lat": 46.427021289540846, "elevation_m": 427.09811401367188, "distance_m": 1163.7135270886197, "distance_km": 1.1637135270886196, "heading_deg": 158.96376852855019, "slope": 0.0, "slope_deg": 0.0 }, "geometry": { "type": "Point", "coordinates": [ 24.421471612508846, 46.427021289540846 ] } },
{ "type": "Feature", "properties": { "point_id": 389, "lon": 24.421481286237384, "lat": 46.427003951871349, "elevation_m": 427.09811401367188, "distance_m": 1166.7135270887118, "distance_km": 1.1667135270887117, "heading_deg": 158.96376852222613, "slope": 0.0, "slope_deg": 0.0 }, "geometry": { "type": "Point", "coordinates": [ 24.421481286237384, 46.427003951871349 ] } },
{ "type": "Feature", "properties": { "point_id": 390, "lon": 24.421490959965926, "lat": 46.426986614196338, "elevation_m": 427.09811401367188, "distance_m": 1169.7135270888039, "distance_km": 1.1697135270888039, "heading_deg": 158.96376852015499, "slope": 0.0, "slope_deg": 0.0 }, "geometry": { "type": "Point", "coordinates": [ 24.421490959965926, 46.426986614196338 ] } },
{ "type": "Feature", "properties": { "point_id": 391, "lon": 24.421500633694468, "lat": 46.426969276515813, "elevation_m": 427.09811401367188, "distance_m": 1172.7135270890631, "distance_km": 1.172713527089063, "heading_deg": 158.96376851588877, "slope": 0.0, "slope_deg": 0.0 }, "geometry": { "type": "Point", "coordinates": [ 24.421500633694468, 46.426969276515813 ] } },
{ "type": "Feature", "properties": { "point_id": 392, "lon": 24.421510307423006, "lat": 46.426951938829781, "elevation_m": 427.09811401367188, "distance_m": 1175.7135270882859, "distance_km": 1.1757135270882859, "heading_deg": 158.96376851381729, "slope": 0.0, "slope_deg": 0.0 }, "geometry": { "type": "Point", "coordinates": [ 24.421510307423006, 46.426951938829781 ] } },
{ "type": "Feature", "properties": { "point_id": 393, "lon": 24.421519981151548, "lat": 46.426934601138235, "elevation_m": 427.09811401367188, "distance_m": 1178.713527088378, "distance_km": 1.178713527088378, "heading_deg": 158.96376851805678, "slope": 0.0, "slope_deg": 0.0 }, "geometry": { "type": "Point", "coordinates": [ 24.421519981151548, 46.426934601138235 ] } },
{ "type": "Feature", "properties": { "point_id": 394, "lon": 24.421529654880086, "lat": 46.426917263441169, "elevation_m": 429.12100219726562, "distance_m": 1181.7135270884701, "distance_km": 1.18171352708847, "heading_deg": 158.9637685426934, "slope": 0.67429606117721885, "slope_deg": 33.991632761476517 }, "geometry": { "type": "Point", "coordinates": [ 24.421529654880086, 46.426917263441169 ] } },
{ "type": "Feature", "properties": { "point_id": 395, "lon": 24.421539328608624, "lat": 46.426899925738581, "elevation_m": 429.12100219726562, "distance_m": 1184.7135270885622, "distance_km": 1.1847135270885623, "heading_deg": 158.96376850965976, "slope": 0.0, "slope_deg": 0.0 }, "geometry": { "type": "Point", "coordinates": [ 24.421539328608624, 46.426899925738581 ] } },
{ "type": "Feature", "properties": { "point_id": 396, "lon": 24.421549002337166, "lat": 46.426882588030487, "elevation_m": 429.12100219726562, "distance_m": 1187.7135270888214, "distance_km": 1.1877135270888213, "heading_deg": 158.96376852373157, "slope": 0.0, "slope_deg": 0.0 }, "geometry": { "type": "Point", "coordinates": [ 24.421549002337166, 46.426882588030487 ] } },
{ "type": "Feature", "properties": { "point_id": 397, "lon": 24.421558676065708, "lat": 46.426865250316872, "elevation_m": 429.12100219726562, "distance_m": 1190.7135270889135, "distance_km": 1.1907135270889135, "heading_deg": 158.96376852165906, "slope": 0.0, "slope_deg": 0.0 }, "geometry": { "type": "Point", "coordinates": [ 24.421558676065708, 46.426865250316872 ] } },
{ "type": "Feature", "properties": { "point_id": 398, "lon": 24.421568349794249, "lat": 46.426847912597751, "elevation_m": 429.12100219726562, "distance_m": 1193.7135270890055, "distance_km": 1.1937135270890056, "heading_deg": 158.96376852370292, "slope": 0.0, "slope_deg": 0.0 }, "geometry": { "type": "Point", "coordinates": [ 24.421568349794249, 46.426847912597751 ] } },
{ "type": "Feature", "properties": { "point_id": 399, "lon": 24.421578023522784, "lat": 46.426830574873115, "elevation_m": 429.12100219726562, "distance_m": 1196.7135270882284, "distance_km": 1.1967135270882283, "heading_deg": 158.96376852236165, "slope": 0.0, "slope_deg": 0.0 }, "geometry": { "type": "Point", "coordinates": [ 24.421578023522784, 46.426830574873115 ] } },
{ "type": "Feature", "properties": { "point_id": 400, "lon": 24.421587697251326, "lat": 46.426813237142966, "elevation_m": 429.12100219726562, "distance_m": 1199.7135270883205, "distance_km": 1.1997135270883204, "heading_deg": 158.96376851324567, "slope": 0.0, "slope_deg": 0.0 }, "geometry": { "type": "Point", "coordinates": [ 24.421587697251326, 46.426813237142966 ] } },
{ "type": "Feature", "properties": { "point_id": 401, "lon": 24.421597370979867, "lat": 46.426795899407296, "elevation_m": 427.64920043945312, "distance_m": 1202.7135270885797, "distance_km": 1.2027135270885796, "heading_deg": 158.96376852731669, "slope": -0.49060058589511113, "slope_deg": -26.132596022017317 }, "geometry": { "type": "Point", "coordinates": [ 24.421597370979867, 46.426795899407296 ] } },
{ "type": "Feature", "properties": { "point_id": 402, "lon": 24.421607044708409, "lat": 46.426778561666112, "elevation_m": 427.64920043945312, "distance_m": 1205.7135270886718, "distance_km": 1.2057135270886719, "heading_deg": 158.96376852451158, "slope": 0.0, "slope_deg": 0.0 }, "geometry": { "type": "Point", "coordinates": [ 24.421607044708409, 46.426778561666112 ] } },
{ "type": "Feature", "properties": { "point_id": 403, "lon": 24.421616718436947, "lat": 46.426761223919414, "elevation_m": 427.64920043945312, "distance_m": 1208.7135270887638, "distance_km": 1.2087135270887639, "heading_deg": 158.96376852449634, "slope": 0.0, "slope_deg": 0.0 }, "geometry": { "type": "Point", "coordinates": [ 24.421616718436947, 46.426761223919414 ] } },
{ "type": "Feature", "properties": { "point_id": 404, "lon": 24.421626392165486, "lat": 46.426743886167202, "elevation_m": 427.64920043945312, "distance_m": 1211.7135270888559, "distance_km": 1.2117135270888559, "heading_deg": 158.96376852242247, "slope": 0.0, "slope_deg": 0.0 }, "geometry": { "type": "Point", "coordinates": [ 24.421626392165486, 46.426743886167202 ] } },
{ "type": "Feature", "properties": { "point_id": 405, "lon": 24.421636065894027, "lat": 46.426726548409476, "elevation_m": 427.64920043945312, "distance_m": 1214.713527088948, "distance_km": 1.214713527088948, "heading_deg": 158.96376850978413, "slope": 0.0, "slope_deg": 0.0 }, "geometry": { "type": "Point", "coordinates": [ 24.421636065894027, 46.426726548409476 ] } },
{ "type": "Feature", "properties": { "point_id": 406, "lon": 24.421645739622569, "lat": 46.426709210646244, "elevation_m": 427.64920043945312, "distance_m": 1217.713527088338, "distance_km": 1.2177135270883379, "heading_deg": 158.96376852033268, "slope": 0.0, "slope_deg": 0.0 }, "geometry": { "type": "Point", "coordinates": [ 24.421645739622569, 46.426709210646244 ] } },
{ "type": "Feature", "properties": { "point_id": 407, "lon": 24.421655413351111, "lat": 46.426691872877491, "elevation_m": 427.64920043945312, "distance_m": 1220.7135270884301, "distance_km": 1.22071352708843, "heading_deg": 158.96376852809112, "slope": 0.0, "slope_deg": 0.0 }, "geometry": { "type": "Point", "coordinates": [ 24.421655413351111, 46.426691872877491 ] } },
{ "type": "Feature", "properties": { "point_id": 408, "lon": 24.421665087079649, "lat": 46.426674535103217, "elevation_m": 427.64920043945312, "distance_m": 1223.7135270885221, "distance_km": 1.2237135270885222, "heading_deg": 158.96376852103208, "slope": 0.0, "slope_deg": 0.0 }, "geometry": { "type": "Point", "coordinates": [ 24.421665087079649, 46.426674535103217 ] } },
{ "type": "Feature", "properties": { "point_id": 409, "lon": 24.421674760808187, "lat": 46.426657197323436, "elevation_m": 427.64920043945312, "distance_m": 1226.7135270886142, "distance_km": 1.2267135270886143, "heading_deg": 158.96376851616742, "slope": 0.0, "slope_deg": 0.0 }, "geometry": { "type": "Point", "coordinates": [ 24.421674760808187, 46.426657197323436 ] } },
{ "type": "Feature", "properties": { "point_id": 410, "lon": 24.421684434536729, "lat": 46.426639859538142, "elevation_m": 427.64920043945312, "distance_m": 1229.7135270887063, "distance_km": 1.2297135270887063, "heading_deg": 158.96376852319372, "slope": 0.0, "slope_deg": 0.0 }, "geometry": { "type": "Point", "coordinates": [ 24.421684434536729, 46.426639859538142 ] } },
{ "type": "Feature", "properties": { "point_id": 411, "lon": 24.421694108265271, "lat": 46.426622521747326, "elevation_m": 427.64920043945312, "distance_m": 1232.7135270889655, "distance_km": 1.2327135270889655, "heading_deg": 158.96376852669846, "slope": 0.0, "slope_deg": 0.0 }, "geometry": { "type": "Point", "coordinates": [ 24.421694108265271, 46.426622521747326 ] } },
{ "type": "Feature", "properties": { "point_id": 412, "lon": 24.421703781993809, "lat": 46.426605183950997, "elevation_m": 427.64920043945312, "distance_m": 1235.7135270890576, "distance_km": 1.2357135270890576, "heading_deg": 158.96376852110166, "slope": 0.0, "slope_deg": 0.0 }, "geometry": { "type": "Point", "coordinates": [ 24.421703781993809, 46.426605183950997 ] } },
{ "type": "Feature", "properties": { "point_id": 413, "lon": 24.421713455722347, "lat": 46.426587846149161, "elevation_m": 427.64920043945312, "distance_m": 1238.7135270882804, "distance_km": 1.2387135270882805, "heading_deg": 158.96376850773038, "slope": 0.0, "slope_deg": 0.0 }, "geometry": { "type": "Point", "coordinates": [ 24.421713455722347, 46.426587846149161 ] } },
{ "type": "Feature", "properties": { "point_id": 414, "lon": 24.421723129450889, "lat": 46.426570508341811, "elevation_m": 427.64920043945312, "distance_m": 1241.7135270883725, "distance_km": 1.2417135270883726, "heading_deg": 158.96376853030483, "slope": 0.0, "slope_deg": 0.0 }, "geometry": { "type": "Point", "coordinates": [ 24.421723129450889, 46.426570508341811 ] } },
{ "type": "Feature", "properties": { "point_id": 415, "lon": 24.421732803179431, "lat": 46.426553170528933, "elevation_m": 427.64920043945312, "distance_m": 1244.7135270886317, "distance_km": 1.2447135270886318, "heading_deg": 158.96376852603441, "slope": 0.0, "slope_deg": 0.0 }, "geometry": { "type": "Point", "coordinates": [ 24.421732803179431, 46.426553170528933 ] } },
{ "type": "Feature", "properties": { "point_id": 416, "lon": 24.421742476907969, "lat": 46.426535832710549, "elevation_m": 427.64920043945312, "distance_m": 1247.7135270887238, "distance_km": 1.2477135270887239, "heading_deg": 158.96376852395838, "slope": 0.0, "slope_deg": 0.0 }, "geometry": { "type": "Point", "coordinates": [ 24.421742476907969, 46.426535832710549 ] } },
{ "type": "Feature", "properties": { "point_id": 417, "lon": 24.421752150636511, "lat": 46.426518494886651, "elevation_m": 426.52792358398438, "distance_m": 1250.7135270888159, "distance_km": 1.2507135270888159, "heading_deg": 158.9637685246721, "slope": -0.37375895181144397, "slope_deg": -20.493679569316633 }, "geometry": { "type": "Point", "coordinates": [ 24.421752150636511, 46.426518494886651 ] } },
{ "type": "Feature", "properties": { "point_id": 418, "lon": 24.421761824365049, "lat": 46.426501157057231, "elevation_m": 426.52792358398438, "distance_m": 1253.713527088908, "distance_km": 1.2537135270889079, "heading_deg": 158.96376852465403, "slope": 0.0, "slope_deg": 0.0 }, "geometry": { "type": "Point", "coordinates": [ 24.421761824365049, 46.426501157057231 ] } },
{ "type": "Feature", "properties": { "point_id": 419, "lon": 24.421771498093587, "lat": 46.426483819222305, "elevation_m": 426.52792358398438, "distance_m": 1256.7135270890001, "distance_km": 1.256713527089, "heading_deg": 158.9637685021803, "slope": 0.0, "slope_deg": 0.0 }, "geometry": { "type": "Point", "coordinates": [ 24.421771498093587, 46.426483819222305 ] } },
{ "type": "Feature", "properties": { "point_id": 420, "lon": 24.421781171822129, "lat": 46.426466481381873, "elevation_m": 426.52792358398438, "distance_m": 1259.71352708839, "distance_km": 1.2597135270883901, "heading_deg": 158.96376853033348, "slope": 0.0, "slope_deg": 0.0 }, "geometry": { "type": "Point", "coordinates": [ 24.421781171822129, 46.426466481381873 ] } },
{ "type": "Feature", "properties": { "point_id": 421, "lon": 24.421790845550671, "lat": 46.426449143535912, "elevation_m": 426.52792358398438, "distance_m": 1262.7135270884821, "distance_km": 1.2627135270884822, "heading_deg": 158.96376851064929, "slope": 0.0, "slope_deg": 0.0 }, "geometry": { "type": "Point", "coordinates": [ 24.421790845550671, 46.426449143535912 ] } },
{ "type": "Feature", "properties": { "point_id": 422, "lon": 24.421800519279213, "lat": 46.426431805684444, "elevation_m": 426.52792358398438, "distance_m": 1265.7135270885742, "distance_km": 1.2657135270885742, "heading_deg": 158.96376853733898, "slope": 0.0, "slope_deg": 0.0 }, "geometry": { "type": "Point", "coordinates": [ 24.421800519279213, 46.426431805684444 ] } },
{ "type": "Feature", "properties": { "point_id": 423, "lon": 24.421810193007747, "lat": 46.426414467827456, "elevation_m": 428.54061889648438, "distance_m": 1268.7135270886663, "distance_km": 1.2687135270886662, "heading_deg": 158.96376852190747, "slope": 0.67089843747940647, "slope_deg": 33.857598566767976 }, "geometry": { "type": "Point", "coordinates": [ 24.421810193007747, 46.426414467827456 ] } },
{ "type": "Feature", "properties": { "point_id": 424, "lon": 24.421819866736289, "lat": 46.426397129964961, "elevation_m": 428.54061889648438, "distance_m": 1271.7135270887584, "distance_km": 1.2717135270887583, "heading_deg": 158.96376850926572, "slope": 0.0, "slope_deg": 0.0 }, "geometry": { "type": "Point", "coordinates": [ 24.421819866736289, 46.426397129964961 ] } },
{ "type": "Feature", "properties": { "point_id": 425, "lon": 24.421829540464831, "lat": 46.426379792096945, "elevation_m": 428.54061889648438, "distance_m": 1274.7135270890176, "distance_km": 1.2747135270890175, "heading_deg": 158.96376853037498, "slope": 0.0, "slope_deg": 0.0 }, "geometry": { "type": "Point", "coordinates": [ 24.421829540464831, 46.426379792096945 ] } },
{ "type": "Feature", "properties": { "point_id": 426, "lon": 24.421839214193373, "lat": 46.426362454223415, "elevation_m": 428.54061889648438, "distance_m": 1277.7135270891097, "distance_km": 1.2777135270891096, "heading_deg": 159.26141865046736, "slope": 0.0, "slope_deg": 0.0 }, "geometry": { "type": "Point", "coordinates": [ 24.421839214193373, 46.426362454223415 ] } },
{ "type": "Feature", "properties": { "point_id": 427, "lon": 24.421848756589728, "lat": 46.426345082905385, "elevation_m": 428.54061889648438, "distance_m": 1280.713360128203, "distance_km": 1.280713360128203, "heading_deg": 160.48901894293056, "slope": 0.0, "slope_deg": 0.0 }, "geometry": { "type": "Point", "coordinates": [ 24.421848756589728, 46.426345082905385 ] } },
{ "type": "Feature", "properties": { "point_id": 428, "lon": 24.42185775737099, "lat": 46.426327573679053, "elevation_m": 428.54061889648438, "distance_m": 1283.7133601280675, "distance_km": 1.2837133601280675, "heading_deg": 160.48901890975185, "slope": 0.0, "slope_deg": 0.0 }, "geometry": { "type": "Point", "coordinates": [ 24.42185775737099, 46.426327573679053 ] } },
{ "type": "Feature", "properties": { "point_id": 429, "lon": 24.421866758152255, "lat": 46.426310064447108, "elevation_m": 428.54061889648438, "distance_m": 1286.713360127932, "distance_km": 1.2867133601279319, "heading_deg": 160.48901893173525, "slope": 0.0, "slope_deg": 0.0 }, "geometry": { "type": "Point", "coordinates": [ 24.421866758152255, 46.426310064447108 ] } },
{ "type": "Feature", "properties": { "point_id": 430, "lon": 24.421875758933517, "lat": 46.426292555209535, "elevation_m": 428.54061889648438, "distance_m": 1289.7133601277965, "distance_km": 1.2897133601277966, "heading_deg": 160.48901892113292, "slope": 0.0, "slope_deg": 0.0 }, "geometry": { "type": "Point", "coordinates": [ 24.421875758933517, 46.426292555209535 ] } },
{ "type": "Feature", "properties": { "point_id": 431, "lon": 24.421884759714779, "lat": 46.426275045966342, "elevation_m": 428.54061889648438, "distance_m": 1292.713360127661, "distance_km": 1.292713360127661, "heading_deg": 160.4890189141654, "slope": 0.0, "slope_deg": 0.0 }, "geometry": { "type": "Point", "coordinates": [ 24.421884759714779, 46.426275045966342 ] } },
{ "type": "Feature", "properties": { "point_id": 432, "lon": 24.421893760496047, "lat": 46.426257536717515, "elevation_m": 428.54061889648438, "distance_m": 1295.7133601275254, "distance_km": 1.2957133601275255, "heading_deg": 160.48901892596041, "slope": 0.0, "slope_deg": 0.0 }, "geometry": { "type": "Point", "coordinates": [ 24.421893760496047, 46.426257536717515 ] } },
{ "type": "Feature", "properties": { "point_id": 433, "lon": 24.421902761277309, "lat": 46.426240027463074, "elevation_m": 427.7210693359375, "distance_m": 1298.7133601282678, "distance_km": 1.2987133601282679, "heading_deg": 160.48901892536628, "slope": -0.27318318678135689, "slope_deg": -15.27942939642273 }, "geometry": { "type": "Point", "coordinates": [ 24.421902761277309, 46.426240027463074 ] } },
{ "type": "Feature", "properties": { "point_id": 434, "lon": 24.421911762058571, "lat": 46.426222518203005, "elevation_m": 427.7210693359375, "distance_m": 1301.7133601281323, "distance_km": 1.3017133601281323, "heading_deg": 160.48901891821902, "slope": 0.0, "slope_deg": 0.0 }, "geometry": { "type": "Point", "coordinates": [ 24.421911762058571, 46.426222518203005 ] } },
{ "type": "Feature", "properties": { "point_id": 435, "lon": 24.421920762839836, "lat": 46.426205008937316, "elevation_m": 427.7210693359375, "distance_m": 1304.7133601279968, "distance_km": 1.3047133601279968, "heading_deg": 160.48901892709546, "slope": 0.0, "slope_deg": 0.0 }, "geometry": { "type": "Point", "coordinates": [ 24.421920762839836, 46.426205008937316 ] } },
{ "type": "Feature", "properties": { "point_id": 436, "lon": 24.421929763621097, "lat": 46.426187499666, "elevation_m": 427.7210693359375, "distance_m": 1307.7133601278613, "distance_km": 1.3077133601278612, "heading_deg": 164.35353029925068, "slope": 0.0, "slope_deg": 0.0 }, "geometry": { "type": "Point", "coordinates": [ 24.421929763621097, 46.426187499666 ] } },
{ "type": "Feature", "properties": { "point_id": 437, "lon": 24.421937029032122, "lat": 46.426169619149825, "elevation_m": 427.7210693359375, "distance_m": 1310.7121709399532, "distance_km": 1.3107121709399532, "heading_deg": 165.02685812623054, "slope": 0.0, "slope_deg": 0.0 }, "geometry": { "type": "Point", "coordinates": [ 24.421937029032122, 46.426169619149825 ] } },
{ "type": "Feature", "properties": { "point_id": 438, "lon": 24.421943991860886, "lat": 46.426151673897834, "elevation_m": 427.7210693359375, "distance_m": 1313.71217093929, "distance_km": 1.31371217093929, "heading_deg": 165.02685812524624, "slope": 0.0, "slope_deg": 0.0 }, "geometry": { "type": "Point", "coordinates": [ 24.421943991860886, 46.426151673897834 ] } },
{ "type": "Feature", "properties": { "point_id": 439, "lon": 24.421950954689645, "lat": 46.426133728639932, "elevation_m": 427.7210693359375, "distance_m": 1316.7121709395265, "distance_km": 1.3167121709395264, "heading_deg": 165.02685812533321, "slope": 0.0, "slope_deg": 0.0 }, "geometry": { "type": "Point", "coordinates": [ 24.421950954689645, 46.426133728639932 ] } },
{ "type": "Feature", "properties": { "point_id": 440, "lon": 24.421957917518409, "lat": 46.426115783376119, "elevation_m": 427.7210693359375, "distance_m": 1319.7121709397629, "distance_km": 1.319712170939763, "heading_deg": 165.02685811381832, "slope": 0.0, "slope_deg": 0.0 }, "geometry": { "type": "Point", "coordinates": [ 24.421957917518409, 46.426115783376119 ] } },
{ "type": "Feature", "properties": { "point_id": 441, "lon": 24.421964880347179, "lat": 46.426097838106401, "elevation_m": 427.7210693359375, "distance_m": 1322.7121709401197, "distance_km": 1.3227121709401197, "heading_deg": 165.02685812229242, "slope": 0.0, "slope_deg": 0.0 }, "geometry": { "type": "Point", "coordinates": [ 24.421964880347179, 46.426097838106401 ] } },
{ "type": "Feature", "properties": { "point_id": 442, "lon": 24.421971843175942, "lat": 46.426079892830785, "elevation_m": 427.7210693359375, "distance_m": 1325.7121709394564, "distance_km": 1.3257121709394564, "heading_deg": 169.33433012684645, "slope": 0.0, "slope_deg": 0.0 }, "geometry": { "type": "Point", "coordinates": [ 24.421971843175942, 46.426079892830785 ] } },
{ "type": "Feature", "properties": { "point_id": 443, "lon": 24.421976829455051, "lat": 46.42606164313095, "elevation_m": 427.7210693359375, "distance_m": 1328.7112884209857, "distance_km": 1.3287112884209857, "heading_deg": 169.78257203063424, "slope": 0.0, "slope_deg": 0.0 }, "geometry": { "type": "Point", "coordinates": [ 24.421976829455051, 46.42606164313095 ] } },
{ "type": "Feature", "properties": { "point_id": 444, "lon": 24.421981609859699, "lat": 46.426043361717255, "elevation_m": 427.7210693359375, "distance_m": 1331.7112884212445, "distance_km": 1.3317112884212445, "heading_deg": 169.78257204491024, "slope": 0.0, "slope_deg": 0.0 }, "geometry": { "type": "Point", "coordinates": [ 24.421981609859699, 46.426043361717255 ] } },
{ "type": "Feature", "properties": { "point_id": 445, "lon": 24.421986390264347, "lat": 46.426025080297407, "elevation_m": 427.7210693359375, "distance_m": 1334.7112884214207, "distance_km": 1.3347112884214207, "heading_deg": 169.78257205222553, "slope": 0.0, "slope_deg": 0.0 }, "geometry": { "type": "Point", "coordinates": [ 24.421986390264347, 46.426025080297407 ] } },
{ "type": "Feature", "properties": { "point_id": 446, "lon": 24.421991170668989, "lat": 46.426006798871441, "elevation_m": 427.7210693359375, "distance_m": 1337.7112884215969, "distance_km": 1.3377112884215969, "heading_deg": 169.78257203261569, "slope": 0.0, "slope_deg": 0.0 }, "geometry": { "type": "Point", "coordinates": [ 24.421991170668989, 46.426006798871441 ] } },
{ "type": "Feature", "properties": { "point_id": 447, "lon": 24.421995951073637, "lat": 46.42598851743935, "elevation_m": 427.7210693359375, "distance_m": 1340.7112884208566, "distance_km": 1.3407112884208565, "heading_deg": 169.78257205006582, "slope": 0.0, "slope_deg": 0.0 }, "geometry": { "type": "Point", "coordinates": [ 24.421995951073637, 46.42598851743935 ] } },
{ "type": "Feature", "properties": { "point_id": 448, "lon": 24.422000731478281, "lat": 46.42597023600112, "elevation_m": 427.80758666992188, "distance_m": 1343.7112884210328, "distance_km": 1.3437112884210327, "heading_deg": 169.8032985607199, "slope": 0.028839111326431043, "slope_deg": 1.6519015063911999 }, "geometry": { "type": "Point", "coordinates": [ 24.422000731478281, 46.42597023600112 ] } },
{ "type": "Feature", "properties": { "point_id": 449, "lon": 24.422005502162428, "lat": 46.425951953848553, "elevation_m": 427.80758666992188, "distance_m": 1346.7112092336708, "distance_km": 1.3467112092336708, "heading_deg": 178.15017477753713, "slope": 0.0, "slope_deg": 0.0 }, "geometry": { "type": "Point", "coordinates": [ 24.422005502162428, 46.425951953848553 ] } },
{ "type": "Feature", "properties": { "point_id": 450, "lon": 24.422006372088973, "lat": 46.425933387494325, "elevation_m": 427.80758666992188, "distance_m": 1349.7112092333853, "distance_km": 1.3497112092333852, "heading_deg": 178.15017476459957, "slope": 0.0, "slope_deg": 0.0 }, "geometry": { "type": "Point", "coordinates": [ 24.422006372088973, 46.425933387494325 ] } },
{ "type": "Feature", "properties": { "point_id": 451, "lon": 24.422007242015525, "lat": 46.425914821133759, "elevation_m": 427.80758666992188, "distance_m": 1352.7112092330997, "distance_km": 1.3527112092330997, "heading_deg": 178.15017477098752, "slope": 0.0, "slope_deg": 0.0 }, "geometry": { "type": "Point", "coordinates": [ 24.422007242015525, 46.425914821133759 ] } },
{ "type": "Feature", "properties": { "point_id": 452, "lon": 24.422008111942073, "lat": 46.425896254766876, "elevation_m": 427.80758666992188, "distance_m": 1355.711209233745, "distance_km": 1.3557112092337449, "heading_deg": 178.15017477156687, "slope": 0.0, "slope_deg": 0.0 }, "geometry": { "type": "Point", "coordinates": [ 24.422008111942073, 46.425896254766876 ] } },
{ "type": "Feature", "properties": { "point_id": 453, "lon": 24.422008981868622, "lat": 46.425877688393662, "elevation_m": 427.80758666992188, "distance_m": 1358.7112092334594, "distance_km": 1.3587112092334594, "heading_deg": 178.15017475736272, "slope": 0.0, "slope_deg": 0.0 }, "geometry": { "type": "Point", "coordinates": [ 24.422008981868622, 46.425877688393662 ] } },
{ "type": "Feature", "properties": { "point_id": 454, "lon": 24.422009851795174, "lat": 46.425859122014138, "elevation_m": 427.80758666992188, "distance_m": 1361.7112092331738, "distance_km": 1.3617112092331738, "heading_deg": 178.15017477145898, "slope": 0.0, "slope_deg": 0.0 }, "geometry": { "type": "Point", "coordinates": [ 24.422009851795174, 46.425859122014138 ] } },
{ "type": "Feature", "properties": { "point_id": 455, "lon": 24.422010721721723, "lat": 46.425840555628277, "elevation_m": 427.80758666992188, "distance_m": 1364.7112092329035, "distance_km": 1.3647112092329035, "heading_deg": 178.15017477140498, "slope": 0.0, "slope_deg": 0.0 }, "geometry": { "type": "Point", "coordinates": [ 24.422010721721723, 46.425840555628277 ] } },
{ "type": "Feature", "properties": { "point_id": 456, "lon": 24.422011591648271, "lat": 46.425821989236098, "elevation_m": 427.80758666992188, "distance_m": 1367.7112092335487, "distance_km": 1.3677112092335488, "heading_deg": 178.15017476395917, "slope": 0.0, "slope_deg": 0.0 }, "geometry": { "type": "Point", "coordinates": [ 24.422011591648271, 46.425821989236098 ] } },
{ "type": "Feature", "properties": { "point_id": 457, "lon": 24.422012461574823, "lat": 46.425803422837596, "elevation_m": 427.80758666992188, "distance_m": 1370.7112092332632, "distance_km": 1.3707112092332632, "heading_deg": 178.2792802740147, "slope": 0.0, "slope_deg": 0.0 }, "geometry": { "type": "Point", "coordinates": [ 24.422012461574823, 46.425803422837596 ] } },
{ "type": "Feature", "properties": { "point_id": 458, "lon": 24.422013270803912, "lat": 46.425784855158746, "elevation_m": 427.80758666992188, "distance_m": 1373.7112043840618, "distance_km": 1.3737112043840618, "heading_deg": 178.36148613513137, "slope": 0.0, "slope_deg": 0.0 }, "geometry": { "type": "Point", "coordinates": [ 24.422013270803912, 46.425784855158746 ] } },
{ "type": "Feature", "properties": { "point_id": 459, "lon": 24.422014041384848, "lat": 46.42576628666238, "elevation_m": 427.80758666992188, "distance_m": 1376.7112043838138, "distance_km": 1.3767112043838137, "heading_deg": 178.36148614931813, "slope": 0.0, "slope_deg": 0.0 }, "geometry": { "type": "Point", "coordinates": [ 24.422014041384848, 46.42576628666238 ] } },
{ "type": "Feature", "properties": { "point_id": 460, "lon": 24.422014811965781, "lat": 46.425747718159677, "elevation_m": 427.80758666992188, "distance_m": 1379.7112043835791, "distance_km": 1.3797112043835791, "heading_deg": 178.36148613590694, "slope": 0.0, "slope_deg": 0.0 }, "geometry": { "type": "Point", "coordinates": [ 24.422014811965781, 46.425747718159677 ] } },
{ "type": "Feature", "properties": { "point_id": 461, "lon": 24.422015582546717, "lat": 46.425729149650643, "elevation_m": 427.80758666992188, "distance_m": 1382.7112043842753, "distance_km": 1.3827112043842753, "heading_deg": 178.36148613489229, "slope": 0.0, "slope_deg": 0.0 }, "geometry": { "type": "Point", "coordinates": [ 24.422015582546717, 46.425729149650643 ] } },
{ "type": "Feature", "properties": { "point_id": 462, "lon": 24.422016353127653, "lat": 46.425710581135299, "elevation_m": 427.80758666992188, "distance_m": 1385.7112043840407, "distance_km": 1.3857112043840407, "heading_deg": 178.36148613556054, "slope": 0.0, "slope_deg": 0.0 }, "geometry": { "type": "Point", "coordinates": [ 24.422016353127653, 46.425710581135299 ] } },
{ "type": "Feature", "properties": { "point_id": 463, "lon": 24.422017123708589, "lat": 46.425692012613624, "elevation_m": 428.38604736328125, "distance_m": 1388.711204383806, "distance_km": 1.3887112043838061, "heading_deg": 178.36148614214653, "slope": 0.1928202311348734, "slope_deg": 10.913843371821132 }, "geometry": { "type": "Point", "coordinates": [ 24.422017123708589, 46.425692012613624 ] } },
{ "type": "Feature", "properties": { "point_id": 464, "lon": 24.422017894289525, "lat": 46.425673444085625, "elevation_m": 428.38604736328125, "distance_m": 1391.7112043835714, "distance_km": 1.3917112043835713, "heading_deg": 178.36148614309536, "slope": 0.0, "slope_deg": 0.0 }, "geometry": { "type": "Point", "coordinates": [ 24.422017894289525, 46.425673444085625 ] } },
{ "type": "Feature", "properties": { "point_id": 465, "lon": 24.422018664870457, "lat": 46.425654875551295, "elevation_m": 428.38604736328125, "distance_m": 1394.7112043842544, "distance_km": 1.3947112043842544, "heading_deg": 181.37703159677886, "slope": 0.0, "slope_deg": 0.0 }, "geometry": { "type": "Point", "coordinates": [ 24.422018664870457, 46.425654875551295 ] } },
{ "type": "Feature", "properties": { "point_id": 466, "lon": 24.422018017926856, "lat": 46.425636324568138, "elevation_m": 428.38604736328125, "distance_m": 1397.708007719601, "distance_km": 1.3977080077196011, "heading_deg": 183.69740085641197, "slope": 0.0, "slope_deg": 0.0 }, "geometry": { "type": "Point", "coordinates": [ 24.422018017926856, 46.425636324568138 ] } },
{ "type": "Feature", "properties": { "point_id": 467, "lon": 24.422016280036367, "lat": 46.425617787091177, "elevation_m": 428.38604736328125, "distance_m": 1400.7080077192752, "distance_km": 1.4007080077192753, "heading_deg": 183.69740084036573, "slope": 0.0, "slope_deg": 0.0 }, "geometry": { "type": "Point", "coordinates": [ 24.422016280036367, 46.425617787091177 ] } },
{ "type": "Feature", "properties": { "point_id": 468, "lon": 24.422014542145881, "lat": 46.425599249607899, "elevation_m": 428.38604736328125, "distance_m": 1403.7080077198787, "distance_km": 1.4037080077198787, "heading_deg": 183.69740086185485, "slope": 0.0, "slope_deg": 0.0 }, "geometry": { "type": "Point", "coordinates": [ 24.422014542145881, 46.425599249607899 ] } },
{ "type": "Feature", "properties": { "point_id": 469, "lon": 24.422012804255388, "lat": 46.425580712118318, "elevation_m": 428.38604736328125, "distance_m": 1406.7080077195528, "distance_km": 1.4067080077195528, "heading_deg": 183.6974008550871, "slope": 0.0, "slope_deg": 0.0 }, "geometry": { "type": "Point", "coordinates": [ 24.422012804255388, 46.425580712118318 ] } },
{ "type": "Feature", "properties": { "point_id": 470, "lon": 24.422011066364899, "lat": 46.425562174622442, "elevation_m": 428.38604736328125, "distance_m": 1409.708007719227, "distance_km": 1.409708007719227, "heading_deg": 183.69740084157141, "slope": 0.0, "slope_deg": 0.0 }, "geometry": { "type": "Point", "coordinates": [ 24.422011066364899, 46.425562174622442 ] } },
{ "type": "Feature", "properties": { "point_id": 471, "lon": 24.422009328474413, "lat": 46.425543637120256, "elevation_m": 428.38604736328125, "distance_m": 1412.7080077198304, "distance_km": 1.4127080077198304, "heading_deg": 183.69740086116281, "slope": 0.0, "slope_deg": 0.0 }, "geometry": { "type": "Point", "coordinates": [ 24.422009328474413, 46.425543637120256 ] } },
{ "type": "Feature", "properties": { "point_id": 472, "lon": 24.42200759058392, "lat": 46.425525099611768, "elevation_m": 428.38604736328125, "distance_m": 1415.7080077195046, "distance_km": 1.4157080077195046, "heading_deg": 183.69740084891245, "slope": 0.0, "slope_deg": 0.0 }, "geometry": { "type": "Point", "coordinates": [ 24.42200759058392, 46.425525099611768 ] } },
{ "type": "Feature", "properties": { "point_id": 473, "lon": 24.422005852693434, "lat": 46.425506562096977, "elevation_m": 428.38604736328125, "distance_m": 1418.7080077201081, "distance_km": 1.418708007720108, "heading_deg": 183.6974008347643, "slope": 0.0, "slope_deg": 0.0 }, "geometry": { "type": "Point", "coordinates": [ 24.422005852693434, 46.425506562096977 ] } },
{ "type": "Feature", "properties": { "point_id": 474, "lon": 24.422004114802952, "lat": 46.425488024575884, "elevation_m": 428.38604736328125, "distance_m": 1421.7080077197522, "distance_km": 1.4217080077197521, "heading_deg": 188.33888452519395, "slope": 0.0, "slope_deg": 0.0 }, "geometry": { "type": "Point", "coordinates": [ 24.422004114802952, 46.425488024575884 ] } },
{ "type": "Feature", "properties": { "point_id": 475, "lon": 24.422000215337128, "lat": 46.425469686876362, "elevation_m": 428.38604736328125, "distance_m": 1424.7011363184508, "distance_km": 1.4247011363184507, "heading_deg": 191.57994316332432, "slope": 0.0, "slope_deg": 0.0 }, "geometry": { "type": "Point", "coordinates": [ 24.422000215337128, 46.425469686876362 ] } },
{ "type": "Feature", "properties": { "point_id": 476, "lon": 24.421994805638452, "lat": 46.42545148878493, "elevation_m": 428.38604736328125, "distance_m": 1427.7011363184231, "distance_km": 1.4277011363184231, "heading_deg": 191.57994317595404, "slope": 0.0, "slope_deg": 0.0 }, "geometry": { "type": "Point", "coordinates": [ 24.421994805638452, 46.42545148878493 ] } },
{ "type": "Feature", "properties": { "point_id": 477, "lon": 24.421989395939772, "lat": 46.425433290687423, "elevation_m": 428.38604736328125, "distance_m": 1430.7011363183954, "distance_km": 1.4307011363183955, "heading_deg": 191.57994314830199, "slope": 0.0, "slope_deg": 0.0 }, "geometry": { "type": "Point", "coordinates": [ 24.421989395939772, 46.425433290687423 ] } },
{ "type": "Feature", "properties": { "point_id": 478, "lon": 24.421983986241102, "lat": 46.425415092583833, "elevation_m": 428.56982421875, "distance_m": 1433.7011363182742, "distance_km": 1.4337011363182741, "heading_deg": 191.57994316361794, "slope": 0.061258951825391331, "slope_deg": 3.5054987957317478 }, "geometry": { "type": "Point", "coordinates": [ 24.421983986241102, 46.425415092583833 ] } },
{ "type": "Feature", "properties": { "point_id": 479, "lon": 24.421978576542426, "lat": 46.425396894474176, "elevation_m": 428.56982421875, "distance_m": 1436.7011363182464, "distance_km": 1.4367011363182465, "heading_deg": 191.57994317624804, "slope": 0.0, "slope_deg": 0.0 }, "geometry": { "type": "Point", "coordinates": [ 24.421978576542426, 46.425396894474176 ] } },
{ "type": "Feature", "properties": { "point_id": 480, "lon": 24.421973166843745, "lat": 46.42537869635845, "elevation_m": 428.56982421875, "distance_m": 1439.7011363182187, "distance_km": 1.4397011363182186, "heading_deg": 191.57994315522072, "slope": 0.0, "slope_deg": 0.0 }, "geometry": { "type": "Point", "coordinates": [ 24.421973166843745, 46.42537869635845 ] } },
{ "type": "Feature", "properties": { "point_id": 481, "lon": 24.421967757145069, "lat": 46.425360498236635, "elevation_m": 428.56982421875, "distance_m": 1442.7011363181909, "distance_km": 1.442701136318191, "heading_deg": 191.57994315531909, "slope": 0.0, "slope_deg": 0.0 }, "geometry": { "type": "Point", "coordinates": [ 24.421967757145069, 46.425360498236635 ] } },
{ "type": "Feature", "properties": { "point_id": 482, "lon": 24.421962347446396, "lat": 46.425342300108753, "elevation_m": 428.56982421875, "distance_m": 1445.7011363180698, "distance_km": 1.4457011363180698, "heading_deg": 191.57994316598032, "slope": 0.0, "slope_deg": 0.0 }, "geometry": { "type": "Point", "coordinates": [ 24.421962347446396, 46.425342300108753 ] } },
{ "type": "Feature", "properties": { "point_id": 483, "lon": 24.421956937747719, "lat": 46.425324101974795, "elevation_m": 428.56982421875, "distance_m": 1448.701136318042, "distance_km": 1.448701136318042, "heading_deg": 191.57994316679566, "slope": 0.0, "slope_deg": 0.0 }, "geometry": { "type": "Point", "coordinates": [ 24.421956937747719, 46.425324101974795 ] } },
{ "type": "Feature", "properties": { "point_id": 484, "lon": 24.421951528049039, "lat": 46.425305903834762, "elevation_m": 428.56982421875, "distance_m": 1451.7011363180143, "distance_km": 1.4517011363180143, "heading_deg": 191.57994316617763, "slope": 0.0, "slope_deg": 0.0 }, "geometry": { "type": "Point", "coordinates": [ 24.421951528049039, 46.425305903834762 ] } },
{ "type": "Feature", "properties": { "point_id": 485, "lon": 24.421946118350363, "lat": 46.425287705688653, "elevation_m": 428.56982421875, "distance_m": 1454.7011363179865, "distance_km": 1.4547011363179865, "heading_deg": 191.5799431510585, "slope": 0.0, "slope_deg": 0.0 }, "geometry": { "type": "Point", "coordinates": [ 24.421946118350363, 46.425287705688653 ] } },
{ "type": "Feature", "properties": { "point_id": 486, "lon": 24.421940708651693, "lat": 46.42526950753647, "elevation_m": 428.56982421875, "distance_m": 1457.7011363178653, "distance_km": 1.4577011363178654, "heading_deg": 191.57994317693817, "slope": 0.0, "slope_deg": 0.0 }, "geometry": { "type": "Point", "coordinates": [ 24.421940708651693, 46.42526950753647 ] } },
{ "type": "Feature", "properties": { "point_id": 487, "lon": 24.421935298953013, "lat": 46.425251309378218, "elevation_m": 428.56982421875, "distance_m": 1460.7011363178376, "distance_km": 1.4607011363178377, "heading_deg": 191.57994315394251, "slope": 0.0, "slope_deg": 0.0 }, "geometry": { "type": "Point", "coordinates": [ 24.421935298953013, 46.425251309378218 ] } },
{ "type": "Feature", "properties": { "point_id": 488, "lon": 24.421929889254336, "lat": 46.425233111213878, "elevation_m": 428.56982421875, "distance_m": 1463.7011363178099, "distance_km": 1.4637011363178098, "heading_deg": 191.57994316460446, "slope": 0.0, "slope_deg": 0.0 }, "geometry": { "type": "Point", "coordinates": [ 24.421929889254336, 46.425233111213878 ] } },
{ "type": "Feature", "properties": { "point_id": 489, "lon": 24.42192447955566, "lat": 46.425214913043469, "elevation_m": 428.56982421875, "distance_m": 1466.7011363177821, "distance_km": 1.4667011363177822, "heading_deg": 191.57994316273457, "slope": 0.0, "slope_deg": 0.0 }, "geometry": { "type": "Point", "coordinates": [ 24.42192447955566, 46.425214913043469 ] } },
{ "type": "Feature", "properties": { "point_id": 490, "lon": 24.421919069856983, "lat": 46.425196714866985, "elevation_m": 428.56982421875, "distance_m": 1469.7011363176609, "distance_km": 1.4697011363176609, "heading_deg": 191.57994316283398, "slope": 0.0, "slope_deg": 0.0 }, "geometry": { "type": "Point", "coordinates": [ 24.421919069856983, 46.425196714866985 ] } },
{ "type": "Feature", "properties": { "point_id": 491, "lon": 24.421913660158307, "lat": 46.425178516684419, "elevation_m": 428.56982421875, "distance_m": 1472.7011363176332, "distance_km": 1.4727011363176332, "heading_deg": 191.57994316096432, "slope": 0.0, "slope_deg": 0.0 }, "geometry": { "type": "Point", "coordinates": [ 24.421913660158307, 46.425178516684419 ] } },
{ "type": "Feature", "properties": { "point_id": 492, "lon": 24.42190825045963, "lat": 46.425160318495784, "elevation_m": 428.56982421875, "distance_m": 1475.7011363185179, "distance_km": 1.475701136318518, "heading_deg": 191.57994316894082, "slope": 0.0, "slope_deg": 0.0 }, "geometry": { "type": "Point", "coordinates": [ 24.42190825045963, 46.425160318495784 ] } },
{ "type": "Feature", "properties": { "point_id": 493, "lon": 24.421902840760954, "lat": 46.425142120301082, "elevation_m": 428.56982421875, "distance_m": 1478.7011363184902, "distance_km": 1.4787011363184901, "heading_deg": 191.99134000392519, "slope": 0.0, "slope_deg": 0.0 }, "geometry": { "type": "Point", "coordinates": [ 24.421902840760954, 46.425142120301082 ] } },
{ "type": "Feature", "properties": { "point_id": 494, "lon": 24.421897241992077, "lat": 46.425123950490345, "elevation_m": 0.0, "distance_m": 1481.7009469974298, "distance_km": 1.4817009469974298, "heading_deg": 192.99848311174128, "slope": -142.86562389671843, "slope_deg": -89.598959901914213 }, "geometry": { "type": "Point", "coordinates": [ 24.421897241992077, 46.425123950490345 ] } },
{ "type": "Feature", "properties": { "point_id": 495, "lon": 24.421891180379173, "lat": 46.425105850172478, "elevation_m": 0.0, "distance_m": 1484.7009469977443, "distance_km": 1.4847009469977444, "heading_deg": 192.99848308658579, "slope": 0.0, "slope_deg": 0.0 }, "geometry": { "type": "Point", "coordinates": [ 24.421891180379173, 46.425105850172478 ] } },
{ "type": "Feature", "properties": { "point_id": 496, "lon": 24.421885118766276, "lat": 46.425087749848586, "elevation_m": 0.0, "distance_m": 1487.7009469979541, "distance_km": 1.4877009469979541, "heading_deg": 192.99848310534514, "slope": 0.0, "slope_deg": 0.0 }, "geometry": { "type": "Point", "coordinates": [ 24.421885118766276, 46.425087749848586 ] } },
{ "type": "Feature", "properties": { "point_id": 497, "lon": 24.421879057153369, "lat": 46.42506964951869, "elevation_m": 0.0, "distance_m": 1490.7009469973611, "distance_km": 1.4907009469973611, "heading_deg": 192.99848309342897, "slope": 0.0, "slope_deg": 0.0 }, "geometry": { "type": "Point", "coordinates": [ 24.421879057153369, 46.42506964951869 ] } },
{ "type": "Feature", "properties": { "point_id": 498, "lon": 24.421872995540472, "lat": 46.42505154918279, "elevation_m": 0.0, "distance_m": 1493.700946997571, "distance_km": 1.4937009469975711, "heading_deg": 192.99848309901108, "slope": 0.0, "slope_deg": 0.0 }, "geometry": { "type": "Point", "coordinates": [ 24.421872995540472, 46.42505154918279 ] } },
{ "type": "Feature", "properties": { "point_id": 499, "lon": 24.421866933927564, "lat": 46.425033448840857, "elevation_m": 0.0, "distance_m": 1496.7009469978855, "distance_km": 1.4967009469978854, "heading_deg": 192.9984831024791, "slope": 0.0, "slope_deg": 0.0 }, "geometry": { "type": "Point", "coordinates": [ 24.421866933927564, 46.425033448840857 ] } },
{ "type": "Feature", "properties": { "point_id": 500, "lon": 24.421860872314664, "lat": 46.425015348492941, "elevation_m": 0.0, "distance_m": 1499.7009469980953, "distance_km": 1.4997009469980953, "heading_deg": 192.99848309488405, "slope": 0.0, "slope_deg": 0.0 }, "geometry": { "type": "Point", "coordinates": [ 24.421860872314664, 46.425015348492941 ] } },
{ "type": "Feature", "properties": { "point_id": 501, "lon": 24.42185481070176, "lat": 46.424997248139, "elevation_m": 0.0, "distance_m": 1502.7009469975023, "distance_km": 1.5027009469975023, "heading_deg": 192.99848310714756, "slope": 0.0, "slope_deg": 0.0 }, "geometry": { "type": "Point", "coordinates": [ 24.42185481070176, 46.424997248139 ] } },
{ "type": "Feature", "properties": { "point_id": 502, "lon": 24.421848749088859, "lat": 46.424979147779062, "elevation_m": 0.0, "distance_m": 1505.7009469977122, "distance_km": 1.5057009469977123, "heading_deg": 192.99848308413806, "slope": 0.0, "slope_deg": 0.0 }, "geometry": { "type": "Point", "coordinates": [ 24.421848749088859, 46.424979147779062 ] } },
{ "type": "Feature", "properties": { "point_id": 503, "lon": 24.421842687475959, "lat": 46.424961047413099, "elevation_m": 0.0, "distance_m": 1508.7009469980267, "distance_km": 1.5087009469980266, "heading_deg": 192.99848310516629, "slope": 0.0, "slope_deg": 0.0 }, "geometry": { "type": "Point", "coordinates": [ 24.421842687475959, 46.424961047413099 ] } },
{ "type": "Feature", "properties": { "point_id": 504, "lon": 24.421836625863055, "lat": 46.424942947041131, "elevation_m": 0.0, "distance_m": 1511.7009469973291, "distance_km": 1.511700946997329, "heading_deg": 192.99848310419125, "slope": 0.0, "slope_deg": 0.0 }, "geometry": { "type": "Point", "coordinates": [ 24.421836625863055, 46.424942947041131 ] } },
{ "type": "Feature", "properties": { "point_id": 505, "lon": 24.421830564250151, "lat": 46.42492484666316, "elevation_m": 0.0, "distance_m": 1514.7009469976435, "distance_km": 1.5147009469976436, "heading_deg": 192.99848309224532, "slope": 0.0, "slope_deg": 0.0 }, "geometry": { "type": "Point", "coordinates": [ 24.421830564250151, 46.42492484666316 ] } },
{ "type": "Feature", "properties": { "point_id": 506, "lon": 24.42182450263725, "lat": 46.42490674627917, "elevation_m": 0.0, "distance_m": 1517.7009469978534, "distance_km": 1.5177009469978535, "heading_deg": 192.99848310665453, "slope": 0.0, "slope_deg": 0.0 }, "geometry": { "type": "Point", "coordinates": [ 24.42182450263725, 46.42490674627917 ] } },
{ "type": "Feature", "properties": { "point_id": 507, "lon": 24.421818441024346, "lat": 46.424888645889176, "elevation_m": 0.0, "distance_m": 1520.7009469981679, "distance_km": 1.5207009469981678, "heading_deg": 192.9984830836764, "slope": 0.0, "slope_deg": 0.0 }, "geometry": { "type": "Point", "coordinates": [ 24.421818441024346, 46.424888645889176 ] } },
{ "type": "Feature", "properties": { "point_id": 508, "lon": 24.421812379411445, "lat": 46.424870545493171, "elevation_m": 0.0, "distance_m": 1523.7009469974703, "distance_km": 1.5237009469974703, "heading_deg": 192.99848310470531, "slope": 0.0, "slope_deg": 0.0 }, "geometry": { "type": "Point", "coordinates": [ 24.421812379411445, 46.424870545493171 ] } },
{ "type": "Feature", "properties": { "point_id": 509, "lon": 24.421806317798541, "lat": 46.424852445091155, "elevation_m": 0.0, "distance_m": 1526.7009469977847, "distance_km": 1.5267009469977848, "heading_deg": 192.99848307734524, "slope": 0.0, "slope_deg": 0.0 }, "geometry": { "type": "Point", "coordinates": [ 24.421806317798541, 46.424852445091155 ] } },
{ "type": "Feature", "properties": { "point_id": 510, "lon": 24.421800256185644, "lat": 46.42483434468312, "elevation_m": 0.0, "distance_m": 1529.7009469979946, "distance_km": 1.5297009469979945, "heading_deg": 192.99848311596483, "slope": 0.0, "slope_deg": 0.0 }, "geometry": { "type": "Point", "coordinates": [ 24.421800256185644, 46.42483434468312 ] } },
{ "type": "Feature", "properties": { "point_id": 511, "lon": 24.421794194572737, "lat": 46.424816244269095, "elevation_m": 0.0, "distance_m": 1532.7009469974016, "distance_km": 1.5327009469974016, "heading_deg": 192.99848308201632, "slope": 0.0, "slope_deg": 0.0 }, "geometry": { "type": "Point", "coordinates": [ 24.421794194572737, 46.424816244269095 ] } },
{ "type": "Feature", "properties": { "point_id": 512, "lon": 24.42178813295984, "lat": 46.424798143849046, "elevation_m": 0.0, "distance_m": 1535.7009469976115, "distance_km": 1.5357009469976115, "heading_deg": 192.99848311184093, "slope": 0.0, "slope_deg": 0.0 }, "geometry": { "type": "Point", "coordinates": [ 24.42178813295984, 46.424798143849046 ] } },
{ "type": "Feature", "properties": { "point_id": 513, "lon": 24.421782071346936, "lat": 46.424780043422999, "elevation_m": 0.0, "distance_m": 1538.7009469978213, "distance_km": 1.5387009469978215, "heading_deg": 194.71900490746785, "slope": 0.0, "slope_deg": 0.0 }, "geometry": { "type": "Point", "coordinates": [ 24.421782071346936, 46.424780043422999 ] } },
{ "type": "Feature", "properties": { "point_id": 514, "lon": 24.421775239947774, "lat": 46.424762118283034, "elevation_m": 0.0, "distance_m": 1541.6939872899295, "distance_km": 1.5416939872899296, "heading_deg": 203.56390006216279, "slope": 0.0, "slope_deg": 0.0 }, "geometry": { "type": "Point", "coordinates": [ 24.421775239947774, 46.424762118283034 ] } },
{ "type": "Feature", "properties": { "point_id": 515, "lon": 24.421764466321651, "lat": 46.424745090842826, "elevation_m": 0.0, "distance_m": 1544.6939872901266, "distance_km": 1.5446939872901266, "heading_deg": 203.56390005663937, "slope": 0.0, "slope_deg": 0.0 }, "geometry": { "type": "Point", "coordinates": [ 24.421764466321651, 46.424745090842826 ] } },
{ "type": "Feature", "properties": { "point_id": 516, "lon": 24.421753692695528, "lat": 46.424728063397296, "elevation_m": 0.0, "distance_m": 1547.6939872901376, "distance_km": 1.5476939872901376, "heading_deg": 203.56390006351245, "slope": 0.0, "slope_deg": 0.0 }, "geometry": { "type": "Point", "coordinates": [ 24.421753692695528, 46.424728063397296 ] } },
{ "type": "Feature", "properties": { "point_id": 517, "lon": 24.421742919069402, "lat": 46.424711035946444, "elevation_m": 0.0, "distance_m": 1550.6939872903347, "distance_km": 1.5506939872903347, "heading_deg": 216.08326928746078, "slope": 0.0, "slope_deg": 0.0 }, "geometry": { "type": "Point", "coordinates": [ 24.421742919069402, 46.424711035946444 ] } },
{ "type": "Feature", "properties": { "point_id": 518, "lon": 24.421727253538929, "lat": 46.42469621860392, "elevation_m": 0.0, "distance_m": 1553.6549319130804, "distance_km": 1.5536549319130804, "heading_deg": 222.91987029899835, "slope": 0.0, "slope_deg": 0.0 }, "geometry": { "type": "Point", "coordinates": [ 24.421727253538929, 46.42469621860392 ] } },
{ "type": "Feature", "properties": { "point_id": 519, "lon": 24.421708901637061, "lat": 46.424682614933481, "elevation_m": 0.0, "distance_m": 1556.6549319133042, "distance_km": 1.5566549319133041, "heading_deg": 222.91987027439518, "slope": 0.0, "slope_deg": 0.0 }, "geometry": { "type": "Point", "coordinates": [ 24.421708901637061, 46.424682614933481 ] } },
{ "type": "Feature", "properties": { "point_id": 520, "lon": 24.421690549735196, "lat": 46.424669011259645, "elevation_m": 0.0, "distance_m": 1559.6549319132109, "distance_km": 1.5596549319132109, "heading_deg": 222.91987028987373, "slope": 0.0, "slope_deg": 0.0 }, "geometry": { "type": "Point", "coordinates": [ 24.421690549735196, 46.424669011259645 ] } },
{ "type": "Feature", "properties": { "point_id": 521, "lon": 24.421672197833328, "lat": 46.424655407582421, "elevation_m": 0.0, "distance_m": 1562.6549319134347, "distance_km": 1.5626549319134346, "heading_deg": 227.88995467655266, "slope": 0.0, "slope_deg": 0.0 }, "geometry": { "type": "Point", "coordinates": [ 24.421672197833328, 46.424655407582421 ] } },
{ "type": "Feature", "properties": { "point_id": 522, "lon": 24.42165230349735, "lat": 46.424643012272632, "elevation_m": 0.0, "distance_m": 1565.6401753742539, "distance_km": 1.5656401753742539, "heading_deg": 234.39282801448499, "slope": 0.0, "slope_deg": 0.0 }, "geometry": { "type": "Point", "coordinates": [ 24.42165230349735, 46.424643012272632 ] } },
{ "type": "Feature", "properties": { "point_id": 523, "lon": 24.421630392838193, "lat": 46.424632196584476, "elevation_m": 0.0, "distance_m": 1568.6401753739392, "distance_km": 1.5686401753739392, "heading_deg": 234.39282797204334, "slope": 0.0, "slope_deg": 0.0 }, "geometry": { "type": "Point", "coordinates": [ 24.421630392838193, 46.424632196584476 ] } },
{ "type": "Feature", "properties": { "point_id": 524, "lon": 24.421608482179039, "lat": 46.424621380894159, "elevation_m": 0.0, "distance_m": 1571.6401753741668, "distance_km": 1.5716401753741669, "heading_deg": 234.3928280171308, "slope": 0.0, "slope_deg": 0.0 }, "geometry": { "type": "Point", "coordinates": [ 24.421608482179039, 46.424621380894159 ] } },
{ "type": "Feature", "properties": { "point_id": 525, "lon": 24.421586571519882, "lat": 46.424610565201711, "elevation_m": 0.0, "distance_m": 1574.6401753738521, "distance_km": 1.5746401753738521, "heading_deg": 241.90537143286826, "slope": 0.0, "slope_deg": 0.0 }, "geometry": { "type": "Point", "coordinates": [ 24.421586571519882, 46.424610565201711 ] } },
{ "type": "Feature", "properties": { "point_id": 526, "lon": 24.42156300595531, "lat": 46.424601893697492, "elevation_m": 0.0, "distance_m": 1577.6138695895856, "distance_km": 1.5776138695895856, "heading_deg": 249.57993633929408, "slope": 0.0, "slope_deg": 0.0 }, "geometry": { "type": "Point", "coordinates": [ 24.42156300595531, 46.424601893697492 ] } },
{ "type": "Feature", "properties": { "point_id": 527, "lon": 24.421537750005765, "lat": 46.424595412351913, "elevation_m": 0.0, "distance_m": 1580.6138695895816, "distance_km": 1.5806138695895815, "heading_deg": 249.57993631896829, "slope": 0.0, "slope_deg": 0.0 }, "geometry": { "type": "Point", "coordinates": [ 24.421537750005765, 46.424595412351913 ] } },
{ "type": "Feature", "properties": { "point_id": 528, "lon": 24.421512494056216, "lat": 46.424588931005545, "elevation_m": 0.0, "distance_m": 1583.6138695891411, "distance_km": 1.5836138695891411, "heading_deg": 252.97382583740193, "slope": 0.0, "slope_deg": 0.0 }, "geometry": { "type": "Point", "coordinates": [ 24.421512494056216, 46.424588931005545 ] } },
{ "type": "Feature", "properties": { "point_id": 529, "lon": 24.421486899134852, "lat": 46.424583528242053, "elevation_m": 0.0, "distance_m": 1586.5936854137612, "distance_km": 1.5865936854137612, "heading_deg": 265.97357913959974, "slope": 0.0, "slope_deg": 0.0 }, "geometry": { "type": "Point", "coordinates": [ 24.421486899134852, 46.424583528242053 ] } },
{ "type": "Feature", "properties": { "point_id": 530, "lon": 24.421460016193912, "lat": 46.424582223862707, "elevation_m": 0.0, "distance_m": 1589.5936854134852, "distance_km": 1.5895936854134851, "heading_deg": 265.97357910793477, "slope": 0.0, "slope_deg": 0.0 }, "geometry": { "type": "Point", "coordinates": [ 24.421460016193912, 46.424582223862707 ] } },
{ "type": "Feature", "properties": { "point_id": 531, "lon": 24.421433133252975, "lat": 46.424580919483311, "elevation_m": 0.0, "distance_m": 1592.5936854137392, "distance_km": 1.5925936854137392, "heading_deg": 266.47894689094801, "slope": 0.0, "slope_deg": 0.0 }, "geometry": { "type": "Point", "coordinates": [ 24.421433133252975, 46.424580919483311 ] } },
{ "type": "Feature", "properties": { "point_id": 532, "lon": 24.421406249753673, "lat": 46.424579779238847, "elevation_m": 0.0, "distance_m": 1595.5920028250919, "distance_km": 1.5955920028250918, "heading_deg": 273.75773037093643, "slope": 0.0, "slope_deg": 0.0 }, "geometry": { "type": "Point", "coordinates": [ 24.421406249753673, 46.424579779238847 ] } },
{ "type": "Feature", "properties": { "point_id": 533, "lon": 24.421379358233761, "lat": 46.424580996697834, "elevation_m": 0.0, "distance_m": 1598.5920028247153, "distance_km": 1.5985920028247154, "heading_deg": 273.75773035717111, "slope": 0.0, "slope_deg": 0.0 }, "geometry": { "type": "Point", "coordinates": [ 24.421379358233761, 46.424580996697834 ] } },
{ "type": "Feature", "properties": { "point_id": 534, "lon": 24.421352466713849, "lat": 46.424582214156793, "elevation_m": 0.0, "distance_m": 1601.5920028248036, "distance_km": 1.6015920028248036, "heading_deg": 276.34530823783507, "slope": 0.0, "slope_deg": 0.0 }, "geometry": { "type": "Point", "coordinates": [ 24.421352466713849, 46.424582214156793 ] } },
{ "type": "Feature", "properties": { "point_id": 535, "lon": 24.421325755470612, "lat": 46.424584261628631, "elevation_m": 0.0, "distance_m": 1604.5838129848389, "distance_km": 1.6045838129848389, "heading_deg": 283.2720015546019, "slope": 0.0, "slope_deg": 0.0 }, "geometry": { "type": "Point", "coordinates": [ 24.421325755470612, 46.424584261628631 ] } },
{ "type": "Feature", "properties": { "point_id": 536, "lon": 24.421299525799466, "lat": 46.424588526309158, "elevation_m": 0.0, "distance_m": 1607.58381298468, "distance_km": 1.60758381298468, "heading_deg": 283.27200156003852, "slope": 0.0, "slope_deg": 0.0 }, "geometry": { "type": "Point", "coordinates": [ 24.421299525799466, 46.424588526309158 ] } },
{ "type": "Feature", "properties": { "point_id": 537, "lon": 24.421273296128312, "lat": 46.424592790989351, "elevation_m": 0.0, "distance_m": 1610.5838129849744, "distance_km": 1.6105838129849743, "heading_deg": 293.25637321707489, "slope": 0.0, "slope_deg": 0.0 }, "geometry": { "type": "Point", "coordinates": [ 24.421273296128312, 46.424592790989351 ] } },
{ "type": "Feature", "properties": { "point_id": 538, "lon": 24.421248763166044, "lat": 46.424600058659898, "elevation_m": 0.0, "distance_m": 1613.5563351336111, "distance_km": 1.6135563351336111, "heading_deg": 299.28623560097685, "slope": 0.0, "slope_deg": 0.0 }, "geometry": { "type": "Point", "coordinates": [ 24.421248763166044, 46.424600058659898 ] } },
{ "type": "Feature", "properties": { "point_id": 539, "lon": 24.421225258201737, "lat": 46.424609145774042, "elevation_m": 0.0, "distance_m": 1616.5563351337296, "distance_km": 1.6165563351337295, "heading_deg": 299.28623567153733, "slope": 0.0, "slope_deg": 0.0 }, "geometry": { "type": "Point", "coordinates": [ 24.421225258201737, 46.424609145774042 ] } },
{ "type": "Feature", "properties": { "point_id": 540, "lon": 24.421201753237426, "lat": 46.424618232886694, "elevation_m": 0.0, "distance_m": 1619.5563351338481, "distance_km": 1.619556335133848, "heading_deg": 299.3161466309208, "slope": 0.0, "slope_deg": 0.0 }, "geometry": { "type": "Point", "coordinates": [ 24.421201753237426, 46.424618232886694 ] } },
{ "type": "Feature", "properties": { "point_id": 541, "lon": 24.421178256631094, "lat": 46.424627327884799, "elevation_m": 0.0, "distance_m": 1622.5561471172555, "distance_km": 1.6225561471172554, "heading_deg": 313.00789689932708, "slope": 0.0, "slope_deg": 0.0 }, "geometry": { "type": "Point", "coordinates": [ 24.421178256631094, 46.424627327884799 ] } },
{ "type": "Feature", "properties": { "point_id": 542, "lon": 24.421158549575928, "lat": 46.424639998884999, "elevation_m": 0.0, "distance_m": 1625.5561471173403, "distance_km": 1.6255561471173403, "heading_deg": 313.00789685154172, "slope": 0.0, "slope_deg": 0.0 }, "geometry": { "type": "Point", "coordinates": [ 24.421158549575928, 46.424639998884999 ] } },
{ "type": "Feature", "properties": { "point_id": 543, "lon": 24.421138842520758, "lat": 46.424652669882235, "elevation_m": 0.0, "distance_m": 1628.5561471171304, "distance_km": 1.6285561471171304, "heading_deg": 313.007896880104, "slope": 0.0, "slope_deg": 0.0 }, "geometry": { "type": "Point", "coordinates": [ 24.421138842520758, 46.424652669882235 ] } },
{ "type": "Feature", "properties": { "point_id": 544, "lon": 24.421119135465588, "lat": 46.424665340876537, "elevation_m": 0.0, "distance_m": 1631.5561471169206, "distance_km": 1.6315561471169207, "heading_deg": 325.65516463134128, "slope": 0.0, "slope_deg": 0.0 }, "geometry": { "type": "Point", "coordinates": [ 24.421119135465588, 46.424665340876537 ] } },
{ "type": "Feature", "properties": { "point_id": 545, "lon": 24.42110407500321, "lat": 46.424680533725997, "elevation_m": 0.0, "distance_m": 1634.5277972908773, "distance_km": 1.6345277972908774, "heading_deg": 330.56119889707116, "slope": 0.0, "slope_deg": 0.0 }, "geometry": { "type": "Point", "coordinates": [ 24.42110407500321, 46.424680533725997 ] } },
{ "type": "Feature", "properties": { "point_id": 546, "lon": 24.421090829513965, "lat": 46.424696711616285, "elevation_m": 0.0, "distance_m": 1637.5277972911322, "distance_km": 1.6375277972911322, "heading_deg": 330.5611988977293, "slope": 0.0, "slope_deg": 0.0 }, "geometry": { "type": "Point", "coordinates": [ 24.421090829513965, 46.424696711616285 ] } },
{ "type": "Feature", "properties": { "point_id": 547, "lon": 24.421077584024726, "lat": 46.424712889501762, "elevation_m": 0.0, "distance_m": 1640.5277972903471, "distance_km": 1.6405277972903471, "heading_deg": 330.56119892197904, "slope": 0.0, "slope_deg": 0.0 }, "geometry": { "type": "Point", "coordinates": [ 24.421077584024726, 46.424712889501762 ] } },
{ "type": "Feature", "properties": { "point_id": 548, "lon": 24.421064338535484, "lat": 46.424729067382458, "elevation_m": 0.0, "distance_m": 1643.5277972906019, "distance_km": 1.6435277972906019, "heading_deg": 337.75517559783458, "slope": 0.0, "slope_deg": 0.0 }, "geometry": { "type": "Point", "coordinates": [ 24.421064338535484, 46.424729067382458 ] } },
{ "type": "Feature", "properties": { "point_id": 549, "lon": 24.421054171605867, "lat": 46.424746201956637, "elevation_m": 0.0, "distance_m": 1646.5174482582031, "distance_km": 1.646517448258203, "heading_deg": 340.9040396435534, "slope": 0.0, "slope_deg": 0.0 }, "geometry": { "type": "Point", "coordinates": [ 24.421054171605867, 46.424746201956637 ] } },
{ "type": "Feature", "properties": { "point_id": 550, "lon": 24.421045355054741, "lat": 46.424763756171153, "elevation_m": 0.0, "distance_m": 1649.5174482586217, "distance_km": 1.6495174482586217, "heading_deg": 340.90403962829413, "slope": 0.0, "slope_deg": 0.0 }, "geometry": { "type": "Point", "coordinates": [ 24.421045355054741, 46.424763756171153 ] } },
{ "type": "Feature", "properties": { "point_id": 551, "lon": 24.421036538503614, "lat": 46.42478131038002, "elevation_m": 0.0, "distance_m": 1652.5174482583125, "distance_km": 1.6525174482583125, "heading_deg": 340.90403964188971, "slope": 0.0, "slope_deg": 0.0 }, "geometry": { "type": "Point", "coordinates": [ 24.421036538503614, 46.42478131038002 ] } },
{ "type": "Feature", "properties": { "point_id": 552, "lon": 24.421027721952484, "lat": 46.424798864583238, "elevation_m": 0.0, "distance_m": 1655.5174482588834, "distance_km": 1.6555174482588835, "heading_deg": 340.90403962657263, "slope": 0.0, "slope_deg": 0.0 }, "geometry": { "type": "Point", "coordinates": [ 24.421027721952484, 46.424798864583238 ] } },
{ "type": "Feature", "properties": { "point_id": 553, "lon": 24.421018905401361, "lat": 46.424816418780786, "elevation_m": 0.0, "distance_m": 1658.5174482584218, "distance_km": 1.6585174482584217, "heading_deg": 344.74436981087473, "slope": 0.0, "slope_deg": 0.0 }, "geometry": { "type": "Point", "coordinates": [ 24.421018905401361, 46.424816418780786 ] } },
{ "type": "Feature", "properties": { "point_id": 554, "lon": 24.421011823843724, "lat": 46.424834316461215, "elevation_m": 0.0, "distance_m": 1661.5134091504704, "distance_km": 1.6615134091504704, "heading_deg": 347.04656524959478, "slope": 0.0, "slope_deg": 0.0 }, "geometry": { "type": "Point", "coordinates": [ 24.421011823843724, 46.424834316461215 ] } },
{ "type": "Feature", "properties": { "point_id": 555, "lon": 24.421005782876541, "lat": 46.42485242014849, "elevation_m": 0.0, "distance_m": 1664.513409150389, "distance_km": 1.664513409150389, "heading_deg": 347.04656526111859, "slope": 0.0, "slope_deg": 0.0 }, "geometry": { "type": "Point", "coordinates": [ 24.421005782876541, 46.42485242014849 ] } },
{ "type": "Feature", "properties": { "point_id": 556, "lon": 24.420999741909359, "lat": 46.424870523829753, "elevation_m": 0.0, "distance_m": 1667.5134091503076, "distance_km": 1.6675134091503077, "heading_deg": 347.04656526604532, "slope": 0.0, "slope_deg": 0.0 }, "geometry": { "type": "Point", "coordinates": [ 24.420999741909359, 46.424870523829753 ] } },
{ "type": "Feature", "properties": { "point_id": 557, "lon": 24.420993700942184, "lat": 46.424888627505005, "elevation_m": 0.0, "distance_m": 1670.5134091501218, "distance_km": 1.6705134091501217, "heading_deg": 347.04656525120214, "slope": 0.0, "slope_deg": 0.0 }, "geometry": { "type": "Point", "coordinates": [ 24.420993700942184, 46.424888627505005 ] } },
{ "type": "Feature", "properties": { "point_id": 558, "lon": 24.420987659974998, "lat": 46.424906731174246, "elevation_m": 0.0, "distance_m": 1673.5134091500404, "distance_km": 1.6735134091500403, "heading_deg": 347.04656526052662, "slope": 0.0, "slope_deg": 0.0 }, "geometry": { "type": "Point", "coordinates": [ 24.420987659974998, 46.424906731174246 ] } },
{ "type": "Feature", "properties": { "point_id": 559, "lon": 24.420981619007819, "lat": 46.424924834837483, "elevation_m": 0.0, "distance_m": 1676.513409149959, "distance_km": 1.6765134091499589, "heading_deg": 347.04656526765194, "slope": 0.0, "slope_deg": 0.0 }, "geometry": { "type": "Point", "coordinates": [ 24.420981619007819, 46.424924834837483 ] } },
{ "type": "Feature", "properties": { "point_id": 560, "lon": 24.42097557804064, "lat": 46.424942938494695, "elevation_m": 0.0, "distance_m": 1679.5134091497732, "distance_km": 1.6795134091497732, "heading_deg": 347.04656525940533, "slope": 0.0, "slope_deg": 0.0 }, "geometry": { "type": "Point", "coordinates": [ 24.42097557804064, 46.424942938494695 ] } },
{ "type": "Feature", "properties": { "point_id": 561, "lon": 24.420969537073457, "lat": 46.42496104214591, "elevation_m": 0.0, "distance_m": 1682.5134091505995, "distance_km": 1.6825134091505995, "heading_deg": 347.04656526212545, "slope": 0.0, "slope_deg": 0.0 }, "geometry": { "type": "Point", "coordinates": [ 24.420969537073457, 46.42496104214591 ] } },
{ "type": "Feature", "properties": { "point_id": 562, "lon": 24.420963496106278, "lat": 46.424979145791099, "elevation_m": 0.0, "distance_m": 1685.5134091505181, "distance_km": 1.6855134091505182, "heading_deg": 347.04656525388555, "slope": 0.0, "slope_deg": 0.0 }, "geometry": { "type": "Point", "coordinates": [ 24.420963496106278, 46.424979145791099 ] } },
{ "type": "Feature", "properties": { "point_id": 563, "lon": 24.420957455139092, "lat": 46.424997249430291, "elevation_m": 0.0, "distance_m": 1688.5134091504367, "distance_km": 1.6885134091504368, "heading_deg": 347.3264401424201, "slope": 0.0, "slope_deg": 0.0 }, "geometry": { "type": "Point", "coordinates": [ 24.420957455139092, 46.424997249430291 ] } },
{ "type": "Feature", "properties": { "point_id": 564, "lon": 24.420951542771579, "lat": 46.425015372461381, "elevation_m": 0.0, "distance_m": 1691.5132889189749, "distance_km": 1.691513288918975, "heading_deg": 348.26660715315916, "slope": 0.0, "slope_deg": 0.0 }, "geometry": { "type": "Point", "coordinates": [ 24.420951542771579, 46.425015372461381 ] } },
{ "type": "Feature", "properties": { "point_id": 565, "lon": 24.420946062383575, "lat": 46.425033560646078, "elevation_m": 0.0, "distance_m": 1694.5132889186152, "distance_km": 1.6945132889186152, "heading_deg": 348.26660714778188, "slope": 0.0, "slope_deg": 0.0 }, "geometry": { "type": "Point", "coordinates": [ 24.420946062383575, 46.425033560646078 ] } },
{ "type": "Feature", "properties": { "point_id": 566, "lon": 24.420940581995566, "lat": 46.425051748824714, "elevation_m": 0.0, "distance_m": 1697.5132889192621, "distance_km": 1.6975132889192621, "heading_deg": 348.26660715229195, "slope": 0.0, "slope_deg": 0.0 }, "geometry": { "type": "Point", "coordinates": [ 24.420940581995566, 46.425051748824714 ] } },
{ "type": "Feature", "properties": { "point_id": 567, "lon": 24.420935101607562, "lat": 46.425069936997282, "elevation_m": 0.0, "distance_m": 1700.513288918997, "distance_km": 1.7005132889189969, "heading_deg": 348.26660714419648, "slope": 0.0, "slope_deg": 0.0 }, "geometry": { "type": "Point", "coordinates": [ 24.420935101607562, 46.425069936997282 ] } },
{ "type": "Feature", "properties": { "point_id": 568, "lon": 24.420929621219553, "lat": 46.425088125163768, "elevation_m": 0.0, "distance_m": 1703.5132889187319, "distance_km": 1.7035132889187319, "heading_deg": 348.26660715804502, "slope": 0.0, "slope_deg": 0.0 }, "geometry": { "type": "Point", "coordinates": [ 24.420929621219553, 46.425088125163768 ] } },
{ "type": "Feature", "properties": { "point_id": 569, "lon": 24.420924140831548, "lat": 46.4251063133242, "elevation_m": 0.0, "distance_m": 1706.5132889192839, "distance_km": 1.706513288919284, "heading_deg": 348.26660714795435, "slope": 0.0, "slope_deg": 0.0 }, "geometry": { "type": "Point", "coordinates": [ 24.420924140831548, 46.4251063133242 ] } },
{ "type": "Feature", "properties": { "point_id": 570, "lon": 24.420918660443544, "lat": 46.425124501478557, "elevation_m": 0.0, "distance_m": 1709.5132889190188, "distance_km": 1.7095132889190188, "heading_deg": 348.26660715581789, "slope": 0.0, "slope_deg": 0.0 }, "geometry": { "type": "Point", "coordinates": [ 24.420918660443544, 46.425124501478557 ] } },
{ "type": "Feature", "properties": { "point_id": 571, "lon": 24.420913180055535, "lat": 46.425142689626853, "elevation_m": 416.5711669921875, "distance_m": 1712.5132889187537, "distance_km": 1.7125132889187538, "heading_deg": 348.26660714509109, "slope": 138.85705567633366, "slope_deg": 89.587382947594818 }, "geometry": { "type": "Point", "coordinates": [ 24.420913180055535, 46.425142689626853 ] } },
{ "type": "Feature", "properties": { "point_id": 572, "lon": 24.420907699667527, "lat": 46.425160877769073, "elevation_m": 416.5711669921875, "distance_m": 1715.5132889194006, "distance_km": 1.7155132889194005, "heading_deg": 348.26660715422622, "slope": 0.0, "slope_deg": 0.0 }, "geometry": { "type": "Point", "coordinates": [ 24.420907699667527, 46.425160877769073 ] } },
{ "type": "Feature", "properties": { "point_id": 573, "lon": 24.420902219279526, "lat": 46.425179065905226, "elevation_m": 416.5711669921875, "distance_m": 1718.5132889190409, "distance_km": 1.7185132889190409, "heading_deg": 348.26660714549405, "slope": 0.0, "slope_deg": 0.0 }, "geometry": { "type": "Point", "coordinates": [ 24.420902219279526, 46.425179065905226 ] } },
{ "type": "Feature", "properties": { "point_id": 574, "lon": 24.420896738891518, "lat": 46.425197254035304, "elevation_m": 416.5711669921875, "distance_m": 1721.5132889187757, "distance_km": 1.7215132889187756, "heading_deg": 348.26660714537741, "slope": 0.0, "slope_deg": 0.0 }, "geometry": { "type": "Point", "coordinates": [ 24.420896738891518, 46.425197254035304 ] } },
{ "type": "Feature", "properties": { "point_id": 575, "lon": 24.420891258503513, "lat": 46.425215442159313, "elevation_m": 416.5711669921875, "distance_m": 1724.5132889194226, "distance_km": 1.7245132889194226, "heading_deg": 348.26660714661966, "slope": 0.0, "slope_deg": 0.0 }, "geometry": { "type": "Point", "coordinates": [ 24.420891258503513, 46.425215442159313 ] } },
{ "type": "Feature", "properties": { "point_id": 576, "lon": 24.420885778115505, "lat": 46.425233630277269, "elevation_m": 416.5711669921875, "distance_m": 1727.5132889191575, "distance_km": 1.7275132889191576, "heading_deg": 348.2666071471387, "slope": 0.0, "slope_deg": 0.0 }, "geometry": { "type": "Point", "coordinates": [ 24.420885778115505, 46.425233630277269 ] } },
{ "type": "Feature", "properties": { "point_id": 577, "lon": 24.420880297727496, "lat": 46.42525181838915, "elevation_m": 416.5711669921875, "distance_m": 1730.5132889188924, "distance_km": 1.7305132889188923, "heading_deg": 348.2666071596272, "slope": 0.0, "slope_deg": 0.0 }, "geometry": { "type": "Point", "coordinates": [ 24.420880297727496, 46.42525181838915 ] } },
{ "type": "Feature", "properties": { "point_id": 578, "lon": 24.420874817339495, "lat": 46.425270006494962, "elevation_m": 416.5711669921875, "distance_m": 1733.5132889194444, "distance_km": 1.7335132889194445, "heading_deg": 348.26660714690456, "slope": 0.0, "slope_deg": 0.0 }, "geometry": { "type": "Point", "coordinates": [ 24.420874817339495, 46.425270006494962 ] } },
{ "type": "Feature", "properties": { "point_id": 579, "lon": 24.42086933695149, "lat": 46.4252881945947, "elevation_m": 416.5711669921875, "distance_m": 1736.5132889191793, "distance_km": 1.7365132889191792, "heading_deg": 348.26660714216155, "slope": 0.0, "slope_deg": 0.0 }, "geometry": { "type": "Point", "coordinates": [ 24.42086933695149, 46.4252881945947 ] } },
{ "type": "Feature", "properties": { "point_id": 580, "lon": 24.420863856563479, "lat": 46.425306382688376, "elevation_m": 416.5711669921875, "distance_m": 1739.5132889189142, "distance_km": 1.7395132889189142, "heading_deg": 348.26660715464971, "slope": 0.0, "slope_deg": 0.0 }, "geometry": { "type": "Point", "coordinates": [ 24.420863856563479, 46.425306382688376 ] } },
{ "type": "Feature", "properties": { "point_id": 581, "lon": 24.420858376175474, "lat": 46.425324570775985, "elevation_m": 416.5711669921875, "distance_m": 1742.5132889195611, "distance_km": 1.7425132889195611, "heading_deg": 348.26660716115293, "slope": 0.0, "slope_deg": 0.0 }, "geometry": { "type": "Point", "coordinates": [ 24.420858376175474, 46.425324570775985 ] } },
{ "type": "Feature", "properties": { "point_id": 582, "lon": 24.420852895787473, "lat": 46.425342758857525, "elevation_m": 416.5711669921875, "distance_m": 1745.5132889192014, "distance_km": 1.7455132889192013, "heading_deg": 348.26660714244503, "slope": 0.0, "slope_deg": 0.0 }, "geometry": { "type": "Point", "coordinates": [ 24.420852895787473, 46.425342758857525 ] } },
{ "type": "Feature", "properties": { "point_id": 583, "lon": 24.420847415399464, "lat": 46.42536094693299, "elevation_m": 416.5711669921875, "distance_m": 1748.5132889189363, "distance_km": 1.7485132889189363, "heading_deg": 348.26660714368631, "slope": 0.0, "slope_deg": 0.0 }, "geometry": { "type": "Point", "coordinates": [ 24.420847415399464, 46.42536094693299 ] } },
{ "type": "Feature", "properties": { "point_id": 584, "lon": 24.420841935011456, "lat": 46.425379135002387, "elevation_m": 416.5711669921875, "distance_m": 1751.5132889186712, "distance_km": 1.7515132889186711, "heading_deg": 348.2666071501892, "slope": 0.0, "slope_deg": 0.0 }, "geometry": { "type": "Point", "coordinates": [ 24.420841935011456, 46.425379135002387 ] } },
{ "type": "Feature", "properties": { "point_id": 585, "lon": 24.420836454623451, "lat": 46.425397323065724, "elevation_m": 416.5711669921875, "distance_m": 1754.513288919318, "distance_km": 1.754513288919318, "heading_deg": 348.26660715206617, "slope": 0.0, "slope_deg": 0.0 }, "geometry": { "type": "Point", "coordinates": [ 24.420836454623451, 46.425397323065724 ] } },
{ "type": "Feature", "properties": { "point_id": 586, "lon": 24.420830974235443, "lat": 46.425415511122992, "elevation_m": 416.5711669921875, "distance_m": 1757.5132889190529, "distance_km": 1.757513288919053, "heading_deg": 348.26660714795821, "slope": 0.0, "slope_deg": 0.0 }, "geometry": { "type": "Point", "coordinates": [ 24.420830974235443, 46.425415511122992 ] } },
{ "type": "Feature", "properties": { "point_id": 587, "lon": 24.420825493847438, "lat": 46.425433699174185, "elevation_m": 414.332763671875, "distance_m": 1760.5132889186932, "distance_km": 1.7605132889186932, "heading_deg": 348.26660714983495, "slope": -0.74613444019362951, "slope_deg": -36.727887072019435 }, "geometry": { "type": "Point", "coordinates": [ 24.420825493847438, 46.425433699174185 ] } },
{ "type": "Feature", "properties": { "point_id": 588, "lon": 24.420820013459434, "lat": 46.425451887219317, "elevation_m": 414.332763671875, "distance_m": 1763.5132889193401, "distance_km": 1.7635132889193401, "heading_deg": 348.26660714772169, "slope": 0.0, "slope_deg": 0.0 }, "geometry": { "type": "Point", "coordinates": [ 24.420820013459434, 46.425451887219317 ] } },
{ "type": "Feature", "properties": { "point_id": 589, "lon": 24.420814533071425, "lat": 46.425470075258374, "elevation_m": 414.332763671875, "distance_m": 1766.513288919075, "distance_km": 1.7665132889190749, "heading_deg": 348.2666071449724, "slope": 0.0, "slope_deg": 0.0 }, "geometry": { "type": "Point", "coordinates": [ 24.420814533071425, 46.425470075258374 ] } },
{ "type": "Feature", "properties": { "point_id": 590, "lon": 24.420809052683417, "lat": 46.425488263291363, "elevation_m": 414.332763671875, "distance_m": 1769.5132889188098, "distance_km": 1.7695132889188099, "heading_deg": 348.06454855079312, "slope": 0.0, "slope_deg": 0.0 }, "geometry": { "type": "Point", "coordinates": [ 24.420809052683417, 46.425488263291363 ] } },
{ "type": "Feature", "properties": { "point_id": 591, "lon": 24.420803479601293, "lat": 46.425506436822161, "elevation_m": 414.332763671875, "distance_m": 1772.5131137910421, "distance_km": 1.7725131137910421, "heading_deg": 346.16781866382803, "slope": 0.0, "slope_deg": 0.0 }, "geometry": { "type": "Point", "coordinates": [ 24.420803479601293, 46.425506436822161 ] } },
{ "type": "Feature", "properties": { "point_id": 592, "lon": 24.420797036553942, "lat": 46.425524474295919, "elevation_m": 414.332763671875, "distance_m": 1775.5131137903634, "distance_km": 1.7755131137903635, "heading_deg": 346.16781867809993, "slope": 0.0, "slope_deg": 0.0 }, "geometry": { "type": "Point", "coordinates": [ 24.420797036553942, 46.425524474295919 ] } },
{ "type": "Feature", "properties": { "point_id": 593, "lon": 24.420790593506599, "lat": 46.425542511763716, "elevation_m": 414.332763671875, "distance_m": 1778.5131137904775, "distance_km": 1.7785131137904775, "heading_deg": 346.16781865063086, "slope": 0.0, "slope_deg": 0.0 }, "geometry": { "type": "Point", "coordinates": [ 24.420790593506599, 46.425542511763716 ] } },
{ "type": "Feature", "properties": { "point_id": 594, "lon": 24.420784150459244, "lat": 46.425560549225544, "elevation_m": 414.332763671875, "distance_m": 1781.5131137907031, "distance_km": 1.781513113790703, "heading_deg": 346.1678186695932, "slope": 0.0, "slope_deg": 0.0 }, "geometry": { "type": "Point", "coordinates": [ 24.420784150459244, 46.425560549225544 ] } },
{ "type": "Feature", "properties": { "point_id": 595, "lon": 24.420777707411894, "lat": 46.425578586681404, "elevation_m": 414.332763671875, "distance_m": 1784.5131137909286, "distance_km": 1.7845131137909287, "heading_deg": 346.16781867495342, "slope": 0.0, "slope_deg": 0.0 }, "geometry": { "type": "Point", "coordinates": [ 24.420777707411894, 46.425578586681404 ] } },
{ "type": "Feature", "properties": { "point_id": 596, "lon": 24.420771264364546, "lat": 46.425596624131295, "elevation_m": 414.332763671875, "distance_m": 1787.5131137910428, "distance_km": 1.7875131137910427, "heading_deg": 346.16781865123431, "slope": 0.0, "slope_deg": 0.0 }, "geometry": { "type": "Point", "coordinates": [ 24.420771264364546, 46.425596624131295 ] } },
{ "type": "Feature", "properties": { "point_id": 597, "lon": 24.420764821317192, "lat": 46.425614661575203, "elevation_m": 414.332763671875, "distance_m": 1790.5131137903641, "distance_km": 1.790513113790364, "heading_deg": 346.16781866597569, "slope": 0.0, "slope_deg": 0.0 }, "geometry": { "type": "Point", "coordinates": [ 24.420764821317192, 46.425614661575203 ] } },
{ "type": "Feature", "properties": { "point_id": 598, "lon": 24.420758378269841, "lat": 46.425632699013157, "elevation_m": 414.332763671875, "distance_m": 1793.5131137905896, "distance_km": 1.7935131137905895, "heading_deg": 346.1678186802468, "slope": 0.0, "slope_deg": 0.0 }, "geometry": { "type": "Point", "coordinates": [ 24.420758378269841, 46.425632699013157 ] } },
{ "type": "Feature", "properties": { "point_id": 599, "lon": 24.420751935222498, "lat": 46.425650736445149, "elevation_m": 414.332763671875, "distance_m": 1796.5131137907038, "distance_km": 1.7965131137907038, "heading_deg": 346.16781866403352, "slope": 0.0, "slope_deg": 0.0 }, "geometry": { "type": "Point", "coordinates": [ 24.420751935222498, 46.425650736445149 ] } },
{ "type": "Feature", "properties": { "point_id": 600, "lon": 24.420745492175147, "lat": 46.425668773871166, "elevation_m": 414.332763671875, "distance_m": 1799.5131137909293, "distance_km": 1.7995131137909293, "heading_deg": 346.16781866892285, "slope": 0.0, "slope_deg": 0.0 }, "geometry": { "type": "Point", "coordinates": [ 24.420745492175147, 46.425668773871166 ] } },
{ "type": "Feature", "properties": { "point_id": 601, "lon": 24.4207390491278, "lat": 46.425686811291214, "elevation_m": 414.332763671875, "distance_m": 1802.5131137910435, "distance_km": 1.8025131137910435, "heading_deg": 346.16781865458449, "slope": 0.0, "slope_deg": 0.0 }, "geometry": { "type": "Point", "coordinates": [ 24.4207390491278, 46.425686811291214 ] } },
{ "type": "Feature", "properties": { "point_id": 602, "lon": 24.420732606080445, "lat": 46.425704848705287, "elevation_m": 412.99740600585938, "distance_m": 1805.5131137903647, "distance_km": 1.8055131137903648, "heading_deg": 346.16781865994375, "slope": -0.44511922210591071, "slope_deg": -23.994765577533641 }, "geometry": { "type": "Point", "coordinates": [ 24.420732606080445, 46.425704848705287 ] } },
{ "type": "Feature", "properties": { "point_id": 603, "lon": 24.420726163033095, "lat": 46.425722886113398, "elevation_m": 412.99740600585938, "distance_m": 1808.5131137905903, "distance_km": 1.8085131137905903, "heading_deg": 346.16781868172046, "slope": 0.0, "slope_deg": 0.0 }, "geometry": { "type": "Point", "coordinates": [ 24.420726163033095, 46.425722886113398 ] } },
{ "type": "Feature", "properties": { "point_id": 604, "lon": 24.420719719985748, "lat": 46.425740923515548, "elevation_m": 412.99740600585938, "distance_m": 1811.5131137907044, "distance_km": 1.8115131137907043, "heading_deg": 346.16781865518465, "slope": 0.0, "slope_deg": 0.0 }, "geometry": { "type": "Point", "coordinates": [ 24.420719719985748, 46.425740923515548 ] } },
{ "type": "Feature", "properties": { "point_id": 605, "lon": 24.420713276938397, "lat": 46.425758960911722, "elevation_m": 412.99740600585938, "distance_m": 1814.51311379093, "distance_km": 1.8145131137909301, "heading_deg": 346.16781865679314, "slope": 0.0, "slope_deg": 0.0 }, "geometry": { "type": "Point", "coordinates": [ 24.420713276938397, 46.425758960911722 ] } },
{ "type": "Feature", "properties": { "point_id": 606, "lon": 24.420706833891046, "lat": 46.42577699830192, "elevation_m": 412.99740600585938, "distance_m": 1817.5131137911555, "distance_km": 1.8175131137911555, "heading_deg": 346.16781867106312, "slope": 0.0, "slope_deg": 0.0 }, "geometry": { "type": "Point", "coordinates": [ 24.420706833891046, 46.42577699830192 ] } },
{ "type": "Feature", "properties": { "point_id": 607, "lon": 24.420700390843699, "lat": 46.425795035686157, "elevation_m": 412.99740600585938, "distance_m": 1820.5131137903654, "distance_km": 1.8205131137903654, "heading_deg": 346.16781867032597, "slope": 0.0, "slope_deg": 0.0 }, "geometry": { "type": "Point", "coordinates": [ 24.420700390843699, 46.425795035686157 ] } },
{ "type": "Feature", "properties": { "point_id": 608, "lon": 24.420693947796348, "lat": 46.425813073064433, "elevation_m": 411.59210205078125, "distance_m": 1823.513113790591, "distance_km": 1.8235131137905909, "heading_deg": 346.16781867333901, "slope": -0.4684346516574891, "slope_deg": -25.100019829057121 }, "geometry": { "type": "Point", "coordinates": [ 24.420693947796348, 46.425813073064433 ] } },
{ "type": "Feature", "properties": { "point_id": 609, "lon": 24.420687504749001, "lat": 46.425831110436739, "elevation_m": 411.59210205078125, "distance_m": 1826.5131137907051, "distance_km": 1.8265131137907051, "heading_deg": 346.16781866556545, "slope": 0.0, "slope_deg": 0.0 }, "geometry": { "type": "Point", "coordinates": [ 24.420687504749001, 46.425831110436739 ] } },
{ "type": "Feature", "properties": { "point_id": 610, "lon": 24.42068106170165, "lat": 46.425849147803071, "elevation_m": 411.59210205078125, "distance_m": 1829.5131137909307, "distance_km": 1.8295131137909306, "heading_deg": 346.1678186643577, "slope": 0.0, "slope_deg": 0.0 }, "geometry": { "type": "Point", "coordinates": [ 24.42068106170165, 46.425849147803071 ] } },
{ "type": "Feature", "properties": { "point_id": 611, "lon": 24.420674618654299, "lat": 46.425867185163433, "elevation_m": 411.59210205078125, "distance_m": 1832.5131137911562, "distance_km": 1.8325131137911563, "heading_deg": 346.16781867206106, "slope": 0.0, "slope_deg": 0.0 }, "geometry": { "type": "Point", "coordinates": [ 24.420674618654299, 46.425867185163433 ] } },
{ "type": "Feature", "properties": { "point_id": 612, "lon": 24.420668175606952, "lat": 46.425885222517827, "elevation_m": 411.59210205078125, "distance_m": 1835.5131137903661, "distance_km": 1.8355131137903662, "heading_deg": 346.16781865772117, "slope": 0.0, "slope_deg": 0.0 }, "geometry": { "type": "Point", "coordinates": [ 24.420668175606952, 46.425885222517827 ] } },
{ "type": "Feature", "properties": { "point_id": 613, "lon": 24.420661732559601, "lat": 46.425903259866253, "elevation_m": 411.59210205078125, "distance_m": 1838.5131137905917, "distance_km": 1.8385131137905917, "heading_deg": 346.16781866073353, "slope": 0.0, "slope_deg": 0.0 }, "geometry": { "type": "Point", "coordinates": [ 24.420661732559601, 46.425903259866253 ] } },
{ "type": "Feature", "properties": { "point_id": 614, "lon": 24.420655289512251, "lat": 46.42592129720871, "elevation_m": 411.59210205078125, "distance_m": 1841.5131137908172, "distance_km": 1.8415131137908172, "heading_deg": 346.16781867312727, "slope": 0.0, "slope_deg": 0.0 }, "geometry": { "type": "Point", "coordinates": [ 24.420655289512251, 46.42592129720871 ] } },
{ "type": "Feature", "properties": { "point_id": 615, "lon": 24.420648846464903, "lat": 46.425939334545205, "elevation_m": 411.59210205078125, "distance_m": 1844.5131137909314, "distance_km": 1.8445131137909314, "heading_deg": 346.16781866582312, "slope": 0.0, "slope_deg": 0.0 }, "geometry": { "type": "Point", "coordinates": [ 24.420648846464903, 46.425939334545205 ] } },
{ "type": "Feature", "properties": { "point_id": 616, "lon": 24.420642403417549, "lat": 46.425957371875739, "elevation_m": 411.59210205078125, "distance_m": 1847.5131137911569, "distance_km": 1.8475131137911569, "heading_deg": 344.13642676404601, "slope": 0.0, "slope_deg": 0.0 }, "geometry": { "type": "Point", "coordinates": [ 24.420642403417549, 46.425957371875739 ] } },
{ "type": "Feature", "properties": { "point_id": 617, "lon": 24.420635040640505, "lat": 46.425975231229053, "elevation_m": 411.05477905273438, "distance_m": 1850.5115673989881, "distance_km": 1.850511567398988, "heading_deg": 342.47027101115981, "slope": -0.17920003719368285, "slope_deg": -10.159571477427443 }, "geometry": { "type": "Point", "coordinates": [ 24.420635040640505, 46.425975231229053 ] } },
{ "type": "Feature", "properties": { "point_id": 618, "lon": 24.420626923445759, "lat": 46.425992944593851, "elevation_m": 411.05477905273438, "distance_m": 1853.5115673991934, "distance_km": 1.8535115673991933, "heading_deg": 342.47027099008614, "slope": 0.0, "slope_deg": 0.0 }, "geometry": { "type": "Point", "coordinates": [ 24.420626923445759, 46.425992944593851 ] } },
{ "type": "Feature", "properties": { "point_id": 619, "lon": 24.420618806251014, "lat": 46.426010657952872, "elevation_m": 411.05477905273438, "distance_m": 1856.5115673983703, "distance_km": 1.8565115673983703, "heading_deg": 342.47027101924391, "slope": 0.0, "slope_deg": 0.0 }, "geometry": { "type": "Point", "coordinates": [ 24.420618806251014, 46.426010657952872 ] } },
{ "type": "Feature", "properties": { "point_id": 620, "lon": 24.420610689056275, "lat": 46.42602837130616, "elevation_m": 411.05477905273438, "distance_m": 1859.5115673984353, "distance_km": 1.8595115673984353, "heading_deg": 342.47027102073162, "slope": 0.0, "slope_deg": 0.0 }, "geometry": { "type": "Point", "coordinates": [ 24.420610689056275, 46.42602837130616 ] } },
{ "type": "Feature", "properties": { "point_id": 621, "lon": 24.420602571861529, "lat": 46.426046084653692, "elevation_m": 411.05477905273438, "distance_m": 1862.5115673985003, "distance_km": 1.8625115673985004, "heading_deg": 342.47027100852176, "slope": 0.0, "slope_deg": 0.0 }, "geometry": { "type": "Point", "coordinates": [ 24.420602571861529, 46.426046084653692 ] } },
{ "type": "Feature", "properties": { "point_id": 622, "lon": 24.420594454666787, "lat": 46.426063797995454, "elevation_m": 411.05477905273438, "distance_m": 1865.5115673985654, "distance_km": 1.8655115673985654, "heading_deg": 342.47027101296396, "slope": 0.0, "slope_deg": 0.0 }, "geometry": { "type": "Point", "coordinates": [ 24.420594454666787, 46.426063797995454 ] } },
{ "type": "Feature", "properties": { "point_id": 623, "lon": 24.420586337472045, "lat": 46.426081511331468, "elevation_m": 411.05477905273438, "distance_m": 1868.5115673986304, "distance_km": 1.8685115673986303, "heading_deg": 342.47027101203469, "slope": 0.0, "slope_deg": 0.0 }, "geometry": { "type": "Point", "coordinates": [ 24.420586337472045, 46.426081511331468 ] } },
{ "type": "Feature", "properties": { "point_id": 624, "lon": 24.420578220277299, "lat": 46.426099224661726, "elevation_m": 411.05477905273438, "distance_m": 1871.5115673986954, "distance_km": 1.8715115673986955, "heading_deg": 342.4702710116436, "slope": 0.0, "slope_deg": 0.0 }, "geometry": { "type": "Point", "coordinates": [ 24.420578220277299, 46.426099224661726 ] } },
{ "type": "Feature", "properties": { "point_id": 625, "lon": 24.420570103082561, "lat": 46.426116937986222, "elevation_m": 411.05477905273438, "distance_m": 1874.5115673987605, "distance_km": 1.8745115673987605, "heading_deg": 342.47027101608529, "slope": 0.0, "slope_deg": 0.0 }, "geometry": { "type": "Point", "coordinates": [ 24.420570103082561, 46.426116937986222 ] } },
{ "type": "Feature", "properties": { "point_id": 626, "lon": 24.420561985887815, "lat": 46.42613465130497, "elevation_m": 411.05477905273438, "distance_m": 1877.5115673988255, "distance_km": 1.8775115673988254, "heading_deg": 342.47027100978426, "slope": 0.0, "slope_deg": 0.0 }, "geometry": { "type": "Point", "coordinates": [ 24.420561985887815, 46.42613465130497 ] } },
{ "type": "Feature", "properties": { "point_id": 627, "lon": 24.420553868693073, "lat": 46.426152364617963, "elevation_m": 411.05477905273438, "distance_m": 1880.5115673990308, "distance_km": 1.8805115673990309, "heading_deg": 342.47027100482279, "slope": 0.0, "slope_deg": 0.0 }, "geometry": { "type": "Point", "coordinates": [ 24.420553868693073, 46.426152364617963 ] } },
{ "type": "Feature", "properties": { "point_id": 628, "lon": 24.420545751498327, "lat": 46.426170077925192, "elevation_m": 411.05477905273438, "distance_m": 1883.5115673990958, "distance_km": 1.8835115673990959, "heading_deg": 342.47027101383384, "slope": 0.0, "slope_deg": 0.0 }, "geometry": { "type": "Point", "coordinates": [ 24.420545751498327, 46.426170077925192 ] } },
{ "type": "Feature", "properties": { "point_id": 629, "lon": 24.420537634303585, "lat": 46.426187791226667, "elevation_m": 411.05477905273438, "distance_m": 1886.5115673991609, "distance_km": 1.8865115673991608, "heading_deg": 342.47027100350078, "slope": 0.0, "slope_deg": 0.0 }, "geometry": { "type": "Point", "coordinates": [ 24.420537634303585, 46.426187791226667 ] } },
{ "type": "Feature", "properties": { "point_id": 630, "lon": 24.420529517108843, "lat": 46.426205504522386, "elevation_m": 411.05477905273438, "distance_m": 1889.5115673983378, "distance_km": 1.8895115673983378, "heading_deg": 342.4702710143896, "slope": 0.0, "slope_deg": 0.0 }, "geometry": { "type": "Point", "coordinates": [ 24.420529517108843, 46.426205504522386 ] } },
{ "type": "Feature", "properties": { "point_id": 631, "lon": 24.420521399914097, "lat": 46.426223217812357, "elevation_m": 411.05477905273438, "distance_m": 1892.5115673984028, "distance_km": 1.8925115673984028, "heading_deg": 342.47027101695221, "slope": 0.0, "slope_deg": 0.0 }, "geometry": { "type": "Point", "coordinates": [ 24.420521399914097, 46.426223217812357 ] } },
{ "type": "Feature", "properties": { "point_id": 632, "lon": 24.420513282719355, "lat": 46.426240931096565, "elevation_m": 411.05477905273438, "distance_m": 1895.5115673984678, "distance_km": 1.8955115673984679, "heading_deg": 342.47027101548309, "slope": 0.0, "slope_deg": 0.0 }, "geometry": { "type": "Point", "coordinates": [ 24.420513282719355, 46.426240931096565 ] } },
{ "type": "Feature", "properties": { "point_id": 633, "lon": 24.420505165524613, "lat": 46.426258644375025, "elevation_m": 411.45315551757812, "distance_m": 1898.5115673985329, "distance_km": 1.8985115673985329, "heading_deg": 342.47027102395498, "slope": 0.13279215494503824, "slope_deg": 7.5641755849211032 }, "geometry": { "type": "Point", "coordinates": [ 24.420505165524613, 46.426258644375025 ] } },
{ "type": "Feature", "properties": { "point_id": 634, "lon": 24.420497048329871, "lat": 46.42627635764773, "elevation_m": 411.45315551757812, "distance_m": 1901.5115673985979, "distance_km": 1.9015115673985978, "heading_deg": 342.47027099535381, "slope": 0.0, "slope_deg": 0.0 }, "geometry": { "type": "Point", "coordinates": [ 24.420497048329871, 46.42627635764773 ] } },
{ "type": "Feature", "properties": { "point_id": 635, "lon": 24.420488931135125, "lat": 46.426294070914665, "elevation_m": 411.45315551757812, "distance_m": 1904.5115673988032, "distance_km": 1.9045115673988031, "heading_deg": 342.47027101322817, "slope": 0.0, "slope_deg": 0.0 }, "geometry": { "type": "Point", "coordinates": [ 24.420488931135125, 46.426294070914665 ] } },
{ "type": "Feature", "properties": { "point_id": 636, "lon": 24.420480813940383, "lat": 46.426311784175851, "elevation_m": 411.45315551757812, "distance_m": 1907.5115673988682, "distance_km": 1.9075115673988683, "heading_deg": 342.47027101175843, "slope": 0.0, "slope_deg": 0.0 }, "geometry": { "type": "Point", "coordinates": [ 24.420480813940383, 46.426311784175851 ] } },
{ "type": "Feature", "properties": { "point_id": 637, "lon": 24.420472696745637, "lat": 46.426329497431283, "elevation_m": 411.45315551757812, "distance_m": 1910.5115673989333, "distance_km": 1.9105115673989332, "heading_deg": 342.47027102022969, "slope": 0.0, "slope_deg": 0.0 }, "geometry": { "type": "Point", "coordinates": [ 24.420472696745637, 46.426329497431283 ] } },
{ "type": "Feature", "properties": { "point_id": 638, "lon": 24.420464579550899, "lat": 46.426347210680959, "elevation_m": 411.45315551757812, "distance_m": 1913.5115673989983, "distance_km": 1.9135115673989982, "heading_deg": 342.47027100694027, "slope": 0.0, "slope_deg": 0.0 }, "geometry": { "type": "Point", "coordinates": [ 24.420464579550899, 46.426347210680959 ] } },
{ "type": "Feature", "properties": { "point_id": 639, "lon": 24.420456462356153, "lat": 46.426364923924879, "elevation_m": 411.45315551757812, "distance_m": 1916.5115673990633, "distance_km": 1.9165115673990634, "heading_deg": 342.47027101541119, "slope": 0.0, "slope_deg": 0.0 }, "geometry": { "type": "Point", "coordinates": [ 24.420456462356153, 46.426364923924879 ] } },
{ "type": "Feature", "properties": { "point_id": 640, "lon": 24.420448345161411, "lat": 46.426382637163044, "elevation_m": 411.45315551757812, "distance_m": 1919.5115673991284, "distance_km": 1.9195115673991283, "heading_deg": 342.47027101394076, "slope": 0.0, "slope_deg": 0.0 }, "geometry": { "type": "Point", "coordinates": [ 24.420448345161411, 46.426382637163044 ] } },
{ "type": "Feature", "properties": { "point_id": 641, "lon": 24.420440227966669, "lat": 46.426400350395454, "elevation_m": 411.45315551757812, "distance_m": 1922.5115673983053, "distance_km": 1.9225115673983053, "heading_deg": 342.47027101005369, "slope": 0.0, "slope_deg": 0.0 }, "geometry": { "type": "Point", "coordinates": [ 24.420440227966669, 46.426400350395454 ] } },
{ "type": "Feature", "properties": { "point_id": 642, "lon": 24.420432110771923, "lat": 46.426418063622108, "elevation_m": 411.45315551757812, "distance_m": 1925.5115673983703, "distance_km": 1.9255115673983703, "heading_deg": 342.47027101503096, "slope": 0.0, "slope_deg": 0.0 }, "geometry": { "type": "Point", "coordinates": [ 24.420432110771923, 46.426418063622108 ] } },
{ "type": "Feature", "properties": { "point_id": 643, "lon": 24.420423993577181, "lat": 46.426435776843007, "elevation_m": 411.45315551757812, "distance_m": 1928.5115673985756, "distance_km": 1.9285115673985755, "heading_deg": 342.47027100227911, "slope": 0.0, "slope_deg": 0.0 }, "geometry": { "type": "Point", "coordinates": [ 24.420423993577181, 46.426435776843007 ] } },
{ "type": "Feature", "properties": { "point_id": 644, "lon": 24.420415876382435, "lat": 46.426453490058144, "elevation_m": 408.7532958984375, "distance_m": 1931.5115673986406, "distance_km": 1.9315115673986407, "heading_deg": 342.47027101961362, "slope": -0.89995320636070064, "slope_deg": -41.985731202765336 }, "geometry": { "type": "Point", "coordinates": [ 24.420415876382435, 46.426453490058144 ] } },
{ "type": "Feature", "properties": { "point_id": 645, "lon": 24.420407759187693, "lat": 46.426471203267525, "elevation_m": 408.7532958984375, "distance_m": 1934.5115673987057, "distance_km": 1.9345115673987057, "heading_deg": 342.47027100632312, "slope": 0.0, "slope_deg": 0.0 }, "geometry": { "type": "Point", "coordinates": [ 24.420407759187693, 46.426471203267525 ] } },
{ "type": "Feature", "properties": { "point_id": 646, "lon": 24.420399641992951, "lat": 46.426488916471158, "elevation_m": 408.7532958984375, "distance_m": 1937.5115673987707, "distance_km": 1.9375115673987706, "heading_deg": 342.26002124600325, "slope": 0.0, "slope_deg": 0.0 }, "geometry": { "type": "Point", "coordinates": [ 24.420399641992951, 46.426488916471158 ] } },
{ "type": "Feature", "properties": { "point_id": 647, "lon": 24.420391430581336, "lat": 46.426506608957709, "elevation_m": 408.7532958984375, "distance_m": 1940.5115570954435, "distance_km": 1.9405115570954437, "heading_deg": 342.15276897510046, "slope": 0.0, "slope_deg": 0.0 }, "geometry": { "type": "Point", "coordinates": [ 24.420391430581336, 46.426506608957709 ] } },
{ "type": "Feature", "properties": { "point_id": 648, "lon": 24.42038317110789, "lat": 46.426524290873274, "elevation_m": 408.7532958984375, "distance_m": 1943.5115570950388, "distance_km": 1.9435115570950388, "heading_deg": 342.15276899530909, "slope": 0.0, "slope_deg": 0.0 }, "geometry": { "type": "Point", "coordinates": [ 24.42038317110789, 46.426524290873274 ] } },
{ "type": "Feature", "properties": { "point_id": 649, "lon": 24.42037491163445, "lat": 46.426541972783106, "elevation_m": 409.6820068359375, "distance_m": 1946.5115570953778, "distance_km": 1.9465115570953779, "heading_deg": 342.15276898075132, "slope": 0.30957031246501709, "slope_deg": 17.200972662972664 }, "geometry": { "type": "Point", "coordinates": [ 24.42037491163445, 46.426541972783106 ] } },
{ "type": "Feature", "properties": { "point_id": 650, "lon": 24.420366652161007, "lat": 46.426559654687196, "elevation_m": 409.6820068359375, "distance_m": 1949.5115570949731, "distance_km": 1.949511557094973, "heading_deg": 342.15276898423315, "slope": 0.0, "slope_deg": 0.0 }, "geometry": { "type": "Point", "coordinates": [ 24.420366652161007, 46.426559654687196 ] } },
{ "type": "Feature", "properties": { "point_id": 651, "lon": 24.420358392687564, "lat": 46.426577336585559, "elevation_m": 409.6820068359375, "distance_m": 1952.5115570954549, "distance_km": 1.952511557095455, "heading_deg": 342.15276900401796, "slope": 0.0, "slope_deg": 0.0 }, "geometry": { "type": "Point", "coordinates": [ 24.420358392687564, 46.426577336585559 ] } },
{ "type": "Feature", "properties": { "point_id": 652, "lon": 24.420350133214125, "lat": 46.426595018478189, "elevation_m": 409.6820068359375, "distance_m": 1955.5115570949074, "distance_km": 1.9555115570949073, "heading_deg": 342.15276897099653, "slope": 0.0, "slope_deg": 0.0 }, "geometry": { "type": "Point", "coordinates": [ 24.420350133214125, 46.426595018478189 ] } },
{ "type": "Feature", "properties": { "point_id": 653, "lon": 24.420341873740679, "lat": 46.426612700365077, "elevation_m": 409.6820068359375, "distance_m": 1958.5115570953892, "distance_km": 1.9585115570953893, "heading_deg": 342.15276899721761, "slope": 0.0, "slope_deg": 0.0 }, "geometry": { "type": "Point", "coordinates": [ 24.420341873740679, 46.426612700365077 ] } },
{ "type": "Feature", "properties": { "point_id": 654, "lon": 24.420333614267243, "lat": 46.426630382246223, "elevation_m": 409.6820068359375, "distance_m": 1961.5115570948417, "distance_km": 1.9615115570948416, "heading_deg": 342.1527689818123, "slope": 0.0, "slope_deg": 0.0 }, "geometry": { "type": "Point", "coordinates": [ 24.420333614267243, 46.426630382246223 ] } },
{ "type": "Feature", "properties": { "point_id": 655, "lon": 24.4203253547938, "lat": 46.426648064121643, "elevation_m": 409.6820068359375, "distance_m": 1964.5115570953235, "distance_km": 1.9645115570953235, "heading_deg": 342.15276898872332, "slope": 0.0, "slope_deg": 0.0 }, "geometry": { "type": "Point", "coordinates": [ 24.4203253547938, 46.426648064121643 ] } },
{ "type": "Feature", "properties": { "point_id": 656, "lon": 24.420317095320353, "lat": 46.426665745991336, "elevation_m": 409.6820068359375, "distance_m": 1967.5115570949188, "distance_km": 1.9675115570949189, "heading_deg": 342.15276899046751, "slope": 0.0, "slope_deg": 0.0 }, "geometry": { "type": "Point", "coordinates": [ 24.420317095320353, 46.426665745991336 ] } },
{ "type": "Feature", "properties": { "point_id": 657, "lon": 24.420308835846914, "lat": 46.426683427855281, "elevation_m": 409.6820068359375, "distance_m": 1970.5115570952578, "distance_km": 1.9705115570952578, "heading_deg": 342.15276897849162, "slope": 0.0, "slope_deg": 0.0 }, "geometry": { "type": "Point", "coordinates": [ 24.420308835846914, 46.426683427855281 ] } },
{ "type": "Feature", "properties": { "point_id": 658, "lon": 24.420300576373471, "lat": 46.426701109713491, "elevation_m": 409.6820068359375, "distance_m": 1973.5115570948531, "distance_km": 1.9735115570948532, "heading_deg": 342.15276898624876, "slope": 0.0, "slope_deg": 0.0 }, "geometry": { "type": "Point", "coordinates": [ 24.420300576373471, 46.426701109713491 ] } },
{ "type": "Feature", "properties": { "point_id": 659, "lon": 24.420292316900031, "lat": 46.426718791565968, "elevation_m": 409.6820068359375, "distance_m": 1976.5115570951921, "distance_km": 1.9765115570951921, "heading_deg": 342.15276898028588, "slope": 0.0, "slope_deg": 0.0 }, "geometry": { "type": "Point", "coordinates": [ 24.420292316900031, 46.426718791565968 ] } },
{ "type": "Feature", "properties": { "point_id": 660, "lon": 24.420284057426585, "lat": 46.426736473412703, "elevation_m": 409.6820068359375, "distance_m": 1979.5115570947873, "distance_km": 1.9795115570947874, "heading_deg": 342.15276900049253, "slope": 0.0, "slope_deg": 0.0 }, "geometry": { "type": "Point", "coordinates": [ 24.420284057426585, 46.426736473412703 ] } },
{ "type": "Feature", "properties": { "point_id": 661, "lon": 24.420275797953149, "lat": 46.426754155253711, "elevation_m": 409.6820068359375, "distance_m": 1982.5115570951264, "distance_km": 1.9825115570951264, "heading_deg": 342.15276898508608, "slope": 0.0, "slope_deg": 0.0 }, "geometry": { "type": "Point", "coordinates": [ 24.420275797953149, 46.426754155253711 ] } },
{ "type": "Feature", "properties": { "point_id": 662, "lon": 24.420267538479706, "lat": 46.426771837088985, "elevation_m": 409.6820068359375, "distance_m": 1985.5115570947216, "distance_km": 1.9855115570947217, "heading_deg": 342.15276897996932, "slope": 0.0, "slope_deg": 0.0 }, "geometry": { "type": "Point", "coordinates": [ 24.420267538479706, 46.426771837088985 ] } },
{ "type": "Feature", "properties": { "point_id": 663, "lon": 24.42025927900626, "lat": 46.426789518918511, "elevation_m": 409.6820068359375, "distance_m": 1988.5115570952034, "distance_km": 1.9885115570952034, "heading_deg": 342.15276899073223, "slope": 0.0, "slope_deg": 0.0 }, "geometry": { "type": "Point", "coordinates": [ 24.42025927900626, 46.426789518918511 ] } },
{ "type": "Feature", "properties": { "point_id": 664, "lon": 24.42025101953282, "lat": 46.42680720074231, "elevation_m": 411.01980590820312, "distance_m": 1991.5115570955425, "distance_km": 1.9915115570955424, "heading_deg": 342.15276898777518, "slope": 0.44593302403814911, "slope_deg": 24.033670598151108 }, "geometry": { "type": "Point", "coordinates": [ 24.42025101953282, 46.42680720074231 ] } },
{ "type": "Feature", "properties": { "point_id": 665, "lon": 24.420242760059377, "lat": 46.426824882560382, "elevation_m": 411.01980590820312, "distance_m": 1994.5115570951377, "distance_km": 1.9945115570951377, "heading_deg": 342.15276900154436, "slope": 0.0, "slope_deg": 0.0 }, "geometry": { "type": "Point", "coordinates": [ 24.420242760059377, 46.426824882560382 ] } },
{ "type": "Feature", "properties": { "point_id": 666, "lon": 24.420234500585938, "lat": 46.42684256437272, "elevation_m": 411.01980590820312, "distance_m": 1997.5115570954767, "distance_km": 1.9975115570954767, "heading_deg": 342.15276897495716, "slope": 0.0, "slope_deg": 0.0 }, "geometry": { "type": "Point", "coordinates": [ 24.420234500585938, 46.42684256437272 ] } },
{ "type": "Feature", "properties": { "point_id": 667, "lon": 24.420226241112495, "lat": 46.426860246179295, "elevation_m": 411.01980590820312, "distance_m": 2000.511557095072, "distance_km": 2.0005115570950722, "heading_deg": 342.15276898787943, "slope": 0.0, "slope_deg": 0.0 }, "geometry": { "type": "Point", "coordinates": [ 24.420226241112495, 46.426860246179295 ] } },
{ "type": "Feature", "properties": { "point_id": 668, "lon": 24.420217981639052, "lat": 46.426877927980158, "elevation_m": 411.01980590820312, "distance_m": 2003.5115570955538, "distance_km": 2.0035115570955537, "heading_deg": 342.15276898877494, "slope": 0.0, "slope_deg": 0.0 }, "geometry": { "type": "Point", "coordinates": [ 24.420217981639052, 46.426877927980158 ] } },
{ "type": "Feature", "properties": { "point_id": 669, "lon": 24.420209722165612, "lat": 46.426895609775279, "elevation_m": 411.01980590820312, "distance_m": 2006.5115570950063, "distance_km": 2.0065115570950063, "heading_deg": 342.15276898323373, "slope": 0.0, "slope_deg": 0.0 }, "geometry": { "type": "Point", "coordinates": [ 24.420209722165612, 46.426895609775279 ] } },
{ "type": "Feature", "properties": { "point_id": 670, "lon": 24.420201462692166, "lat": 46.426913291564667, "elevation_m": 411.01980590820312, "distance_m": 2009.5115570954881, "distance_km": 2.0095115570954882, "heading_deg": 342.15276899098882, "slope": 0.0, "slope_deg": 0.0 }, "geometry": { "type": "Point", "coordinates": [ 24.420201462692166, 46.426913291564667 ] } },
{ "type": "Feature", "properties": { "point_id": 671, "lon": 24.420193203218727, "lat": 46.426930973348313, "elevation_m": 411.01980590820312, "distance_m": 2012.5115570949406, "distance_km": 2.0125115570949408, "heading_deg": 342.15276900391041, "slope": 0.0, "slope_deg": 0.0 }, "geometry": { "type": "Point", "coordinates": [ 24.420193203218727, 46.426930973348313 ] } },
{ "type": "Feature", "properties": { "point_id": 672, "lon": 24.420184943745287, "lat": 46.426948655126239, "elevation_m": 411.01980590820312, "distance_m": 2015.5115570954224, "distance_km": 2.0155115570954223, "heading_deg": 342.15276896444897, "slope": 0.0, "slope_deg": 0.0 }, "geometry": { "type": "Point", "coordinates": [ 24.420184943745287, 46.426948655126239 ] } },
{ "type": "Feature", "properties": { "point_id": 673, "lon": 24.420176684271841, "lat": 46.42696633689841, "elevation_m": 411.01980590820312, "distance_m": 2018.5115570950177, "distance_km": 2.0185115570950178, "heading_deg": 342.15276899968671, "slope": 0.0, "slope_deg": 0.0 }, "geometry": { "type": "Point", "coordinates": [ 24.420176684271841, 46.42696633689841 ] } },
{ "type": "Feature", "properties": { "point_id": 674, "lon": 24.420168424798401, "lat": 46.426984018664861, "elevation_m": 411.01980590820312, "distance_m": 2021.5115570953567, "distance_km": 2.0215115570953568, "heading_deg": 342.15276897309809, "slope": 0.0, "slope_deg": 0.0 }, "geometry": { "type": "Point", "coordinates": [ 24.420168424798401, 46.426984018664861 ] } },
{ "type": "Feature", "properties": { "point_id": 675, "lon": 24.420160165324958, "lat": 46.427001700425564, "elevation_m": 411.01980590820312, "distance_m": 2024.511557094952, "distance_km": 2.0245115570949519, "heading_deg": 342.15276900105232, "slope": 0.0, "slope_deg": 0.0 }, "geometry": { "type": "Point", "coordinates": [ 24.420160165324958, 46.427001700425564 ] } },
{ "type": "Feature", "properties": { "point_id": 676, "lon": 24.420151905851519, "lat": 46.427019382180546, "elevation_m": 411.01980590820312, "distance_m": 2027.511557095291, "distance_km": 2.0275115570952909, "heading_deg": 342.15276897789329, "slope": 0.0, "slope_deg": 0.0 }, "geometry": { "type": "Point", "coordinates": [ 24.420151905851519, 46.427019382180546 ] } },
{ "type": "Feature", "properties": { "point_id": 677, "lon": 24.420143646378076, "lat": 46.427037063929774, "elevation_m": 411.01980590820312, "distance_m": 2030.5115570948863, "distance_km": 2.0305115570948864, "heading_deg": 342.15276898137068, "slope": 0.0, "slope_deg": 0.0 }, "geometry": { "type": "Point", "coordinates": [ 24.420143646378076, 46.427037063929774 ] } },
{ "type": "Feature", "properties": { "point_id": 678, "lon": 24.420135386904629, "lat": 46.427054745673274, "elevation_m": 408.48764038085938, "distance_m": 2033.5115570953681, "distance_km": 2.0335115570953679, "heading_deg": 342.15276899856769, "slope": -0.84405517564569343, "slope_deg": -40.166211963909419 }, "geometry": { "type": "Point", "coordinates": [ 24.420135386904629, 46.427054745673274 ] } },
{ "type": "Feature", "properties": { "point_id": 679, "lon": 24.420127127431194, "lat": 46.427072427411041, "elevation_m": 408.48764038085938, "distance_m": 2036.5115570948205, "distance_km": 2.0365115570948205, "heading_deg": 342.15276898273498, "slope": 0.0, "slope_deg": 0.0 }, "geometry": { "type": "Point", "coordinates": [ 24.420127127431194, 46.427072427411041 ] } },
{ "type": "Feature", "properties": { "point_id": 680, "lon": 24.420118867957747, "lat": 46.42709010914308, "elevation_m": 410.98965454101562, "distance_m": 2039.5115570953024, "distance_km": 2.0395115570953024, "heading_deg": 342.15276898790501, "slope": 0.83400471991814085, "slope_deg": 39.828265798138418 }, "geometry": { "type": "Point", "coordinates": [ 24.420118867957747, 46.42709010914308 ] } },
{ "type": "Feature", "properties": { "point_id": 681, "lon": 24.420110608484308, "lat": 46.427107790869371, "elevation_m": 410.98965454101562, "distance_m": 2042.5115570947548, "distance_km": 2.042511557094755, "heading_deg": 342.15276898536843, "slope": 0.0, "slope_deg": 0.0 }, "geometry": { "type": "Point", "coordinates": [ 24.420110608484308, 46.427107790869371 ] } },
{ "type": "Feature", "properties": { "point_id": 682, "lon": 24.420102349010865, "lat": 46.427125472589928, "elevation_m": 410.98965454101562, "distance_m": 2045.5115570952366, "distance_km": 2.0455115570952365, "heading_deg": 342.15276898926828, "slope": 0.0, "slope_deg": 0.0 }, "geometry": { "type": "Point", "coordinates": [ 24.420102349010865, 46.427125472589928 ] } },
{ "type": "Feature", "properties": { "point_id": 683, "lon": 24.420094089537425, "lat": 46.427143154304758, "elevation_m": 410.98965454101562, "distance_m": 2048.5115570946891, "distance_km": 2.048511557094689, "heading_deg": 342.15276899617464, "slope": 0.0, "slope_deg": 0.0 }, "geometry": { "type": "Point", "coordinates": [ 24.420094089537425, 46.427143154304758 ] } },
{ "type": "Feature", "properties": { "point_id": 684, "lon": 24.420085830063982, "lat": 46.427160836013854, "elevation_m": 410.98965454101562, "distance_m": 2051.5115570951707, "distance_km": 2.0515115570951705, "heading_deg": 342.15276896958426, "slope": 0.0, "slope_deg": 0.0 }, "geometry": { "type": "Point", "coordinates": [ 24.420085830063982, 46.427160836013854 ] } },
{ "type": "Feature", "properties": { "point_id": 685, "lon": 24.420077570590536, "lat": 46.427178517717195, "elevation_m": 410.98965454101562, "distance_m": 2054.511557094766, "distance_km": 2.0545115570947661, "heading_deg": 342.15276900782675, "slope": 0.0, "slope_deg": 0.0 }, "geometry": { "type": "Point", "coordinates": [ 24.420077570590536, 46.427178517717195 ] } },
{ "type": "Feature", "properties": { "point_id": 686, "lon": 24.4200693111171, "lat": 46.427196199414823, "elevation_m": 410.98965454101562, "distance_m": 2057.5115570951052, "distance_km": 2.057511557095105, "heading_deg": 342.15276898038951, "slope": 0.0, "slope_deg": 0.0 }, "geometry": { "type": "Point", "coordinates": [ 24.4200693111171, 46.427196199414823 ] } },
{ "type": "Feature", "properties": { "point_id": 687, "lon": 24.420061051643657, "lat": 46.427213881106709, "elevation_m": 410.98965454101562, "distance_m": 2060.5115570955868, "distance_km": 2.060511557095587, "heading_deg": 342.15276897869848, "slope": 0.0, "slope_deg": 0.0 }, "geometry": { "type": "Point", "coordinates": [ 24.420061051643657, 46.427213881106709 ] } },
{ "type": "Feature", "properties": { "point_id": 688, "lon": 24.420052792170214, "lat": 46.427231562792848, "elevation_m": 410.98965454101562, "distance_m": 2063.5115570950393, "distance_km": 2.0635115570950391, "heading_deg": 342.15276899763063, "slope": 0.0, "slope_deg": 0.0 }, "geometry": { "type": "Point", "coordinates": [ 24.420052792170214, 46.427231562792848 ] } },
{ "type": "Feature", "properties": { "point_id": 689, "lon": 24.420044532696771, "lat": 46.427249244473266, "elevation_m": 410.98965454101562, "distance_m": 2066.5115570955209, "distance_km": 2.066511557095521, "heading_deg": 342.15276897404607, "slope": 0.0, "slope_deg": 0.0 }, "geometry": { "type": "Point", "coordinates": [ 24.420044532696771, 46.427249244473266 ] } },
{ "type": "Feature", "properties": { "point_id": 690, "lon": 24.420036273223328, "lat": 46.427266926147936, "elevation_m": 410.98965454101562, "distance_m": 2069.5115570951161, "distance_km": 2.0695115570951161, "heading_deg": 342.15276899382445, "slope": 0.0, "slope_deg": 0.0 }, "geometry": { "type": "Point", "coordinates": [ 24.420036273223328, 46.427266926147936 ] } },
{ "type": "Feature", "properties": { "point_id": 691, "lon": 24.420028013749889, "lat": 46.42728460781688, "elevation_m": 410.98965454101562, "distance_m": 2072.5115570954554, "distance_km": 2.0725115570954555, "heading_deg": 342.15276899086297, "slope": 0.0, "slope_deg": 0.0 }, "geometry": { "type": "Point", "coordinates": [ 24.420028013749889, 46.42728460781688 ] } },
{ "type": "Feature", "properties": { "point_id": 692, "lon": 24.420019754276442, "lat": 46.427302289480089, "elevation_m": 410.98965454101562, "distance_m": 2075.5115570950506, "distance_km": 2.0755115570950506, "heading_deg": 342.15276900805765, "slope": 0.0, "slope_deg": 0.0 }, "geometry": { "type": "Point", "coordinates": [ 24.420019754276442, 46.427302289480089 ] } },
{ "type": "Feature", "properties": { "point_id": 693, "lon": 24.420011494803006, "lat": 46.427319971137564, "elevation_m": 410.98965454101562, "distance_m": 2078.5115570953899, "distance_km": 2.07851155709539, "heading_deg": 342.15276896257922, "slope": 0.0, "slope_deg": 0.0 }, "geometry": { "type": "Point", "coordinates": [ 24.420011494803006, 46.427319971137564 ] } },
{ "type": "Feature", "properties": { "point_id": 694, "lon": 24.420003235329563, "lat": 46.427337652789284, "elevation_m": 410.98965454101562, "distance_m": 2081.5115570949852, "distance_km": 2.0815115570949851, "heading_deg": 342.15276898752376, "slope": 0.0, "slope_deg": 0.0 }, "geometry": { "type": "Point", "coordinates": [ 24.420003235329563, 46.427337652789284 ] } },
{ "type": "Feature", "properties": { "point_id": 695, "lon": 24.419994975856117, "lat": 46.427355334435291, "elevation_m": 410.98965454101562, "distance_m": 2084.5115570954667, "distance_km": 2.0845115570954666, "heading_deg": 342.15276898324794, "slope": 0.0, "slope_deg": 0.0 }, "geometry": { "type": "Point", "coordinates": [ 24.419994975856117, 46.427355334435291 ] } },
{ "type": "Feature", "properties": { "point_id": 696, "lon": 24.419986716382677, "lat": 46.427373016075549, "elevation_m": 413.4765625, "distance_m": 2087.5115570949192, "distance_km": 2.0875115570949192, "heading_deg": 342.15276899832566, "slope": 0.82896931981274957, "slope_deg": 39.657689703147881 }, "geometry": { "type": "Point", "coordinates": [ 24.419986716382677, 46.427373016075549 ] } },
{ "type": "Feature", "properties": { "point_id": 697, "lon": 24.419978456909234, "lat": 46.427390697710088, "elevation_m": 413.4765625, "distance_m": 2090.5115570954008, "distance_km": 2.0905115570954007, "heading_deg": 342.15276898502952, "slope": 0.0, "slope_deg": 0.0 }, "geometry": { "type": "Point", "coordinates": [ 24.419978456909234, 46.427390697710088 ] } },
{ "type": "Feature", "properties": { "point_id": 698, "lon": 24.419970197435795, "lat": 46.427408379338871, "elevation_m": 413.4765625, "distance_m": 2093.5115570948533, "distance_km": 2.0935115570948533, "heading_deg": 342.18771486020722, "slope": 0.0, "slope_deg": 0.0 }, "geometry": { "type": "Point", "coordinates": [ 24.419970197435795, 46.427408379338871 ] } },
{ "type": "Feature", "properties": { "point_id": 699, "lon": 24.419961953656724, "lat": 46.427426064330533, "elevation_m": 413.4765625, "distance_m": 2096.5115400630084, "distance_km": 2.0965115400630085, "heading_deg": 343.25433076037552, "slope": 0.0, "slope_deg": 0.0 }, "geometry": { "type": "Point", "coordinates": [ 24.419961953656724, 46.427426064330533 ] } },
{ "type": "Feature", "properties": { "point_id": 700, "lon": 24.41995418887268, "lat": 46.427443852126849, "elevation_m": 413.4765625, "distance_m": 2099.5115400636946, "distance_km": 2.0995115400636948, "heading_deg": 343.25433075030497, "slope": 0.0, "slope_deg": 0.0 }, "geometry": { "type": "Point", "coordinates": [ 24.41995418887268, 46.427443852126849 ] } },
{ "type": "Feature", "properties": { "point_id": 701, "lon": 24.419946424088629, "lat": 46.427461639917361, "elevation_m": 413.4765625, "distance_m": 2102.5115400636232, "distance_km": 2.1025115400636234, "heading_deg": 343.25433075118019, "slope": 0.0, "slope_deg": 0.0 }, "geometry": { "type": "Point", "coordinates": [ 24.419946424088629, 46.427461639917361 ] } },
{ "type": "Feature", "properties": { "point_id": 702, "lon": 24.419938659304581, "lat": 46.42747942770206, "elevation_m": 413.4765625, "distance_m": 2105.5115400635518, "distance_km": 2.105511540063552, "heading_deg": 343.25433076336162, "slope": 0.0, "slope_deg": 0.0 }, "geometry": { "type": "Point", "coordinates": [ 24.419938659304581, 46.42747942770206 ] } },
{ "type": "Feature", "properties": { "point_id": 703, "lon": 24.419930894520537, "lat": 46.427497215480962, "elevation_m": 413.4765625, "distance_m": 2108.5115400633463, "distance_km": 2.1085115400633461, "heading_deg": 343.25433076341449, "slope": 0.0, "slope_deg": 0.0 }, "geometry": { "type": "Point", "coordinates": [ 24.419930894520537, 46.427497215480962 ] } },
{ "type": "Feature", "properties": { "point_id": 704, "lon": 24.419923129736492, "lat": 46.427515003254058, "elevation_m": 413.4765625, "distance_m": 2111.5115400632749, "distance_km": 2.1115115400632747, "heading_deg": 345.29378862652015, "slope": 0.0, "slope_deg": 0.0 }, "geometry": { "type": "Point", "coordinates": [ 24.419923129736492, 46.427515003254058 ] } },
{ "type": "Feature", "properties": { "point_id": 705, "lon": 24.419916299713119, "lat": 46.427532940169925, "elevation_m": 413.4765625, "distance_m": 2114.5065223466249, "distance_km": 2.1145065223466251, "heading_deg": 350.67825892603679, "slope": 0.0, "slope_deg": 0.0 }, "geometry": { "type": "Point", "coordinates": [ 24.419916299713119, 46.427532940169925 ] } },
{ "type": "Feature", "properties": { "point_id": 706, "lon": 24.419911934485576, "lat": 46.427551270357725, "elevation_m": 413.4765625, "distance_m": 2117.5065223462229, "distance_km": 2.1175065223462228, "heading_deg": 350.67825892448133, "slope": 0.0, "slope_deg": 0.0 }, "geometry": { "type": "Point", "coordinates": [ 24.419911934485576, 46.427551270357725 ] } },
{ "type": "Feature", "properties": { "point_id": 707, "lon": 24.419907569258033, "lat": 46.427569600539364, "elevation_m": 413.4765625, "distance_m": 2120.5065223466645, "distance_km": 2.1205065223466644, "heading_deg": 350.67825891656952, "slope": 0.0, "slope_deg": 0.0 }, "geometry": { "type": "Point", "coordinates": [ 24.419907569258033, 46.427569600539364 ] } },
{ "type": "Feature", "properties": { "point_id": 708, "lon": 24.41990320403049, "lat": 46.427587930714829, "elevation_m": 413.4765625, "distance_m": 2123.5065223462625, "distance_km": 2.1235065223462626, "heading_deg": 350.67825891469749, "slope": 0.0, "slope_deg": 0.0 }, "geometry": { "type": "Point", "coordinates": [ 24.41990320403049, 46.427587930714829 ] } },
{ "type": "Feature", "properties": { "point_id": 709, "lon": 24.419898838802943, "lat": 46.427606260884126, "elevation_m": 413.4765625, "distance_m": 2126.5065223458605, "distance_km": 2.1265065223458604, "heading_deg": 350.67825893951613, "slope": 0.0, "slope_deg": 0.0 }, "geometry": { "type": "Point", "coordinates": [ 24.419898838802943, 46.427606260884126 ] } },
{ "type": "Feature", "properties": { "point_id": 710, "lon": 24.419894473575404, "lat": 46.427624591047277, "elevation_m": 413.4765625, "distance_m": 2129.5065223463021, "distance_km": 2.1295065223463019, "heading_deg": 0.17404990439160883, "slope": 0.0, "slope_deg": 0.0 }, "geometry": { "type": "Point", "coordinates": [ 24.419894473575404, 46.427624591047277 ] } },
{ "type": "Feature", "properties": { "point_id": 711, "lon": 24.419894555421617, "lat": 46.427643162057031, "elevation_m": 415.58145141601562, "distance_m": 2132.5058176983821, "distance_km": 2.132505817698382, "heading_deg": 0.33610023061044103, "slope": 0.70179447801160177, "slope_deg": 35.060966078801194 }, "geometry": { "type": "Point", "coordinates": [ 24.419894555421617, 46.427643162057031 ] } },
{ "type": "Feature", "properties": { "point_id": 712, "lon": 24.419894713507762, "lat": 46.427661737189617, "elevation_m": 415.58145141601562, "distance_m": 2135.5058176984066, "distance_km": 2.1355058176984065, "heading_deg": 0.33610023782296139, "slope": 0.0, "slope_deg": 0.0 }, "geometry": { "type": "Point", "coordinates": [ 24.419894713507762, 46.427661737189617 ] } },
{ "type": "Feature", "properties": { "point_id": 713, "lon": 24.419894871593907, "lat": 46.427680312315857, "elevation_m": 415.58145141601562, "distance_m": 2138.5058176984312, "distance_km": 2.1385058176984311, "heading_deg": 0.33610022365633085, "slope": 0.0, "slope_deg": 0.0 }, "geometry": { "type": "Point", "coordinates": [ 24.419894871593907, 46.427680312315857 ] } },
{ "type": "Feature", "properties": { "point_id": 714, "lon": 24.419895029680049, "lat": 46.427698887435788, "elevation_m": 415.58145141601562, "distance_m": 2141.505817698453, "distance_km": 2.1415058176984529, "heading_deg": 0.33610023780335041, "slope": 0.0, "slope_deg": 0.0 }, "geometry": { "type": "Point", "coordinates": [ 24.419895029680049, 46.427698887435788 ] } },
{ "type": "Feature", "properties": { "point_id": 715, "lon": 24.419895187766194, "lat": 46.427717462549367, "elevation_m": 415.58145141601562, "distance_m": 2144.5058176984776, "distance_km": 2.1445058176984775, "heading_deg": 0.33610023767852226, "slope": 0.0, "slope_deg": 0.0 }, "geometry": { "type": "Point", "coordinates": [ 24.419895187766194, 46.427717462549367 ] } },
{ "type": "Feature", "properties": { "point_id": 716, "lon": 24.419895345852343, "lat": 46.427736037656629, "elevation_m": 415.58145141601562, "distance_m": 2147.5058176985021, "distance_km": 2.147505817698502, "heading_deg": 0.88888196051749446, "slope": 0.0, "slope_deg": 0.0 }, "geometry": { "type": "Point", "coordinates": [ 24.419895345852343, 46.427736037656629 ] } },
{ "type": "Feature", "properties": { "point_id": 717, "lon": 24.419895763917165, "lat": 46.427754610391503, "elevation_m": 415.58145141601562, "distance_m": 2150.5057449620563, "distance_km": 2.1505057449620564, "heading_deg": 1.1768551628194928, "slope": 0.0, "slope_deg": 0.0 }, "geometry": { "type": "Point", "coordinates": [ 24.419895763917165, 46.427754610391503 ] } },
{ "type": "Feature", "properties": { "point_id": 718, "lon": 24.419896317420147, "lat": 46.427773181887424, "elevation_m": 415.58145141601562, "distance_m": 2153.5057449622027, "distance_km": 2.1535057449622026, "heading_deg": 1.1768551561800678, "slope": 0.0, "slope_deg": 0.0 }, "geometry": { "type": "Point", "coordinates": [ 24.419896317420147, 46.427773181887424 ] } },
{ "type": "Feature", "properties": { "point_id": 719, "lon": 24.419896870923125, "lat": 46.427791753377029, "elevation_m": 415.58145141601562, "distance_m": 2156.5057449623396, "distance_km": 2.1565057449623395, "heading_deg": 1.1768551636662892, "slope": 0.0, "slope_deg": 0.0 }, "geometry": { "type": "Point", "coordinates": [ 24.419896870923125, 46.427791753377029 ] } },
{ "type": "Feature", "properties": { "point_id": 720, "lon": 24.419897424426104, "lat": 46.427810324860303, "elevation_m": 415.58145141601562, "distance_m": 2159.5057449624765, "distance_km": 2.1595057449624764, "heading_deg": 1.1768551564224481, "slope": 0.0, "slope_deg": 0.0 }, "geometry": { "type": "Point", "coordinates": [ 24.419897424426104, 46.427810324860303 ] } },
{ "type": "Feature", "properties": { "point_id": 721, "lon": 24.419897977929082, "lat": 46.427828896337239, "elevation_m": 415.58145141601562, "distance_m": 2162.505744961692, "distance_km": 2.1625057449616922, "heading_deg": 1.1768551569466013, "slope": 0.0, "slope_deg": 0.0 }, "geometry": { "type": "Point", "coordinates": [ 24.419897977929082, 46.427828896337239 ] } },
{ "type": "Feature", "properties": { "point_id": 722, "lon": 24.419898531432061, "lat": 46.427847467807858, "elevation_m": 415.58145141601562, "distance_m": 2165.5057449618289, "distance_km": 2.1655057449618287, "heading_deg": 1.1768551560603555, "slope": 0.0, "slope_deg": 0.0 }, "geometry": { "type": "Point", "coordinates": [ 24.419898531432061, 46.427847467807858 ] } },
{ "type": "Feature", "properties": { "point_id": 723, "lon": 24.419899084935039, "lat": 46.427866039272146, "elevation_m": 415.58145141601562, "distance_m": 2168.5057449619658, "distance_km": 2.1685057449619656, "heading_deg": 6.0037962811861121, "slope": 0.0, "slope_deg": 0.0 }, "geometry": { "type": "Point", "coordinates": [ 24.419899084935039, 46.427866039272146 ] } },
{ "type": "Feature", "properties": { "point_id": 724, "lon": 24.419901901074073, "lat": 46.427884495572961, "elevation_m": 415.58145141601562, "distance_m": 2171.502953581371, "distance_km": 2.171502953581371, "heading_deg": 7.2691977708931859, "slope": 0.0, "slope_deg": 0.0 }, "geometry": { "type": "Point", "coordinates": [ 24.419901901074073, 46.427884495572961 ] } },
{ "type": "Feature", "properties": { "point_id": 725, "lon": 24.419905311025953, "lat": 46.427902921645362, "elevation_m": 415.58145141601562, "distance_m": 2174.5029535820045, "distance_km": 2.1745029535820044, "heading_deg": 7.269197779619617, "slope": 0.0, "slope_deg": 0.0 }, "geometry": { "type": "Point", "coordinates": [ 24.419905311025953, 46.427902921645362 ] } },
{ "type": "Feature", "properties": { "point_id": 726, "lon": 24.419908720977837, "lat": 46.427921347711539, "elevation_m": 417.23992919921875, "distance_m": 2177.502953581773, "distance_km": 2.1775029535817731, "heading_deg": 7.2691977682231368, "slope": 0.55282592777702855, "slope_deg": 28.934955356730033 }, "geometry": { "type": "Point", "coordinates": [ 24.419908720977837, 46.427921347711539 ] } },
{ "type": "Feature", "properties": { "point_id": 727, "lon": 24.419912130929713, "lat": 46.427939773771477, "elevation_m": 417.23992919921875, "distance_m": 2180.5029535814829, "distance_km": 2.1805029535814828, "heading_deg": 7.269197782416029, "slope": 0.0, "slope_deg": 0.0 }, "geometry": { "type": "Point", "coordinates": [ 24.419912130929713, 46.427939773771477 ] } },
{ "type": "Feature", "properties": { "point_id": 728, "lon": 24.419915540881593, "lat": 46.427958199825191, "elevation_m": 417.23992919921875, "distance_m": 2183.5029535821755, "distance_km": 2.1835029535821753, "heading_deg": 12.215553984802682, "slope": 0.0, "slope_deg": 0.0 }, "geometry": { "type": "Point", "coordinates": [ 24.419915540881593, 46.427958199825191 ] } },
{ "type": "Feature", "properties": { "point_id": 729, "lon": 24.419921241375715, "lat": 46.427976349036676, "elevation_m": 417.23992919921875, "distance_m": 2186.502034913015, "distance_km": 2.1865020349130151, "heading_deg": 12.621830988663078, "slope": 0.0, "slope_deg": 0.0 }, "geometry": { "type": "Point", "coordinates": [ 24.419921241375715, 46.427976349036676 ] } },
{ "type": "Feature", "properties": { "point_id": 730, "lon": 24.419927130239561, "lat": 46.427994475475678, "elevation_m": 417.23992919921875, "distance_m": 2189.5020349126439, "distance_km": 2.1895020349126439, "heading_deg": 12.62183099267645, "slope": 0.0, "slope_deg": 0.0 }, "geometry": { "type": "Point", "coordinates": [ 24.419927130239561, 46.427994475475678 ] } },
{ "type": "Feature", "properties": { "point_id": 731, "lon": 24.419933019103414, "lat": 46.428012601908655, "elevation_m": 417.23992919921875, "distance_m": 2192.5020349131819, "distance_km": 2.1925020349131819, "heading_deg": 12.621831007241269, "slope": 0.0, "slope_deg": 0.0 }, "geometry": { "type": "Point", "coordinates": [ 24.419933019103414, 46.428012601908655 ] } },
{ "type": "Feature", "properties": { "point_id": 732, "lon": 24.419938907967264, "lat": 46.428030728335585, "elevation_m": 417.23992919921875, "distance_m": 2195.5020349129127, "distance_km": 2.1955020349129128, "heading_deg": 12.621830998392568, "slope": 0.0, "slope_deg": 0.0 }, "geometry": { "type": "Point", "coordinates": [ 24.419938907967264, 46.428030728335585 ] } },
{ "type": "Feature", "properties": { "point_id": 733, "lon": 24.419944796831118, "lat": 46.428048854756511, "elevation_m": 417.23992919921875, "distance_m": 2198.5020349134506, "distance_km": 2.1985020349134508, "heading_deg": 12.62183098458695, "slope": 0.0, "slope_deg": 0.0 }, "geometry": { "type": "Point", "coordinates": [ 24.419944796831118, 46.428048854756511 ] } },
{ "type": "Feature", "properties": { "point_id": 734, "lon": 24.419950685694964, "lat": 46.428066981171398, "elevation_m": 417.23992919921875, "distance_m": 2201.5020349130796, "distance_km": 2.2015020349130796, "heading_deg": 14.099789850592572, "slope": 0.0, "slope_deg": 0.0 }, "geometry": { "type": "Point", "coordinates": [ 24.419950685694964, 46.428066981171398 ] } },
{ "type": "Feature", "properties": { "point_id": 735, "lon": 24.419957241081928, "lat": 46.428084969936762, "elevation_m": 417.23992919921875, "distance_m": 2204.497551769382, "distance_km": 2.2044975517693821, "heading_deg": 20.73552293152494, "slope": 0.0, "slope_deg": 0.0 }, "geometry": { "type": "Point", "coordinates": [ 24.419957241081928, 46.428084969936762 ] } },
{ "type": "Feature", "properties": { "point_id": 736, "lon": 24.419966782667075, "lat": 46.428102342017418, "elevation_m": 417.23992919921875, "distance_m": 2207.4975517690764, "distance_km": 2.2074975517690762, "heading_deg": 20.735522899522891, "slope": 0.0, "slope_deg": 0.0 }, "geometry": { "type": "Point", "coordinates": [ 24.419966782667075, 46.428102342017418 ] } },
{ "type": "Feature", "properties": { "point_id": 737, "lon": 24.419976324252215, "lat": 46.428119714092553, "elevation_m": 417.23992919921875, "distance_m": 2210.4975517694766, "distance_km": 2.2104975517694765, "heading_deg": 20.735522915885326, "slope": 0.0, "slope_deg": 0.0 }, "geometry": { "type": "Point", "coordinates": [ 24.419976324252215, 46.428119714092553 ] } },
{ "type": "Feature", "properties": { "point_id": 738, "lon": 24.419985865837361, "lat": 46.428137086162145, "elevation_m": 417.23992919921875, "distance_m": 2213.497551769171, "distance_km": 2.2134975517691711, "heading_deg": 20.735522913275929, "slope": 0.0, "slope_deg": 0.0 }, "geometry": { "type": "Point", "coordinates": [ 24.419985865837361, 46.428137086162145 ] } },
{ "type": "Feature", "properties": { "point_id": 739, "lon": 24.419995407422508, "lat": 46.428154458226203, "elevation_m": 417.23992919921875, "distance_m": 2216.4975517688654, "distance_km": 2.2164975517688652, "heading_deg": 20.735522907816176, "slope": 0.0, "slope_deg": 0.0 }, "geometry": { "type": "Point", "coordinates": [ 24.419995407422508, 46.428154458226203 ] } },
{ "type": "Feature", "properties": { "point_id": 740, "lon": 24.420004949007655, "lat": 46.428171830284732, "elevation_m": 417.23992919921875, "distance_m": 2219.4975517694306, "distance_km": 2.2194975517694306, "heading_deg": 20.73552292604785, "slope": 0.0, "slope_deg": 0.0 }, "geometry": { "type": "Point", "coordinates": [ 24.420004949007655, 46.428171830284732 ] } },
{ "type": "Feature", "properties": { "point_id": 741, "lon": 24.420014490592798, "lat": 46.428189202337705, "elevation_m": 417.23992919921875, "distance_m": 2222.497551769125, "distance_km": 2.2224975517691252, "heading_deg": 22.749915601045075, "slope": 0.0, "slope_deg": 0.0 }, "geometry": { "type": "Point", "coordinates": [ 24.420014490592798, 46.428189202337705 ] } },
{ "type": "Feature", "properties": { "point_id": 742, "lon": 24.420024896139271, "lat": 46.428206306062727, "elevation_m": 418.32931518554688, "distance_m": 2225.4929259281712, "distance_km": 2.2254929259281711, "heading_deg": 27.775795204083522, "slope": 0.36368945196316643, "slope_deg": 19.98579297379499 }, "geometry": { "type": "Point", "coordinates": [ 24.420024896139271, 46.428206306062727 ] } },
{ "type": "Feature", "properties": { "point_id": 743, "lon": 24.420037454936601, "lat": 46.428222741042553, "elevation_m": 418.32931518554688, "distance_m": 2228.4929259278515, "distance_km": 2.2284929259278514, "heading_deg": 27.775795191683983, "slope": 0.0, "slope_deg": 0.0 }, "geometry": { "type": "Point", "coordinates": [ 24.420037454936601, 46.428222741042553 ] } },
{ "type": "Feature", "properties": { "point_id": 744, "lon": 24.420050013733931, "lat": 46.428239176017435, "elevation_m": 418.32931518554688, "distance_m": 2231.4929259277487, "distance_km": 2.2314929259277489, "heading_deg": 27.775795191589054, "slope": 0.0, "slope_deg": 0.0 }, "geometry": { "type": "Point", "coordinates": [ 24.420050013733931, 46.428239176017435 ] } },
{ "type": "Feature", "properties": { "point_id": 745, "lon": 24.420062572531265, "lat": 46.428255610987357, "elevation_m": 418.32931518554688, "distance_m": 2234.492925928253, "distance_km": 2.2344929259282531, "heading_deg": 27.775795194655075, "slope": 0.0, "slope_deg": 0.0 }, "geometry": { "type": "Point", "coordinates": [ 24.420062572531265, 46.428255610987357 ] } },
{ "type": "Feature", "properties": { "point_id": 746, "lon": 24.420075131328595, "lat": 46.428272045952319, "elevation_m": 418.32931518554688, "distance_m": 2237.4929259279334, "distance_km": 2.2374929259279335, "heading_deg": 27.775795206526311, "slope": 0.0, "slope_deg": 0.0 }, "geometry": { "type": "Point", "coordinates": [ 24.420075131328595, 46.428272045952319 ] } },
{ "type": "Feature", "properties": { "point_id": 747, "lon": 24.420087690125929, "lat": 46.428288480912329, "elevation_m": 418.32931518554688, "distance_m": 2240.4929259278306, "distance_km": 2.2404929259278306, "heading_deg": 31.5753054387215, "slope": 0.0, "slope_deg": 0.0 }, "geometry": { "type": "Point", "coordinates": [ 24.420087690125929, 46.428288480912329 ] } },
{ "type": "Feature", "properties": { "point_id": 748, "lon": 24.420101767987489, "lat": 46.428304268693743, "elevation_m": 418.32931518554688, "distance_m": 2243.4858289092899, "distance_km": 2.2434858289092898, "heading_deg": 35.664827895388157, "slope": 0.0, "slope_deg": 0.0 }, "geometry": { "type": "Point", "coordinates": [ 24.420101767987489, 46.428304268693743 ] } },
{ "type": "Feature", "properties": { "point_id": 749, "lon": 24.420117480671721, "lat": 46.428319359980037, "elevation_m": 418.32931518554688, "distance_m": 2246.485828909189, "distance_km": 2.2464858289091891, "heading_deg": 35.664827879844267, "slope": 0.0, "slope_deg": 0.0 }, "geometry": { "type": "Point", "coordinates": [ 24.420117480671721, 46.428319359980037 ] } },
{ "type": "Feature", "properties": { "point_id": 750, "lon": 24.420133193355952, "lat": 46.428334451262167, "elevation_m": 418.32931518554688, "distance_m": 2249.4858289088165, "distance_km": 2.2494858289088167, "heading_deg": 35.664827899072748, "slope": 0.0, "slope_deg": 0.0 }, "geometry": { "type": "Point", "coordinates": [ 24.420133193355952, 46.428334451262167 ] } },
{ "type": "Feature", "properties": { "point_id": 751, "lon": 24.420148906040183, "lat": 46.428349542540111, "elevation_m": 419.67526245117188, "distance_m": 2252.4858289094723, "distance_km": 2.2524858289094722, "heading_deg": 35.664827895195344, "slope": 0.44864908844360007, "slope_deg": 24.163345611242498 }, "geometry": { "type": "Point", "coordinates": [ 24.420148906040183, 46.428349542540111 ] } },
{ "type": "Feature", "properties": { "point_id": 752, "lon": 24.420164618724414, "lat": 46.428364633813878, "elevation_m": 419.67526245117188, "distance_m": 2255.4858289090998, "distance_km": 2.2554858289090998, "heading_deg": 35.664827874158391, "slope": 0.0, "slope_deg": 0.0 }, "geometry": { "type": "Point", "coordinates": [ 24.420164618724414, 46.428364633813878 ] } },
{ "type": "Feature", "properties": { "point_id": 753, "lon": 24.420180331408641, "lat": 46.428379725083467, "elevation_m": 419.67526245117188, "distance_m": 2258.4858289087274, "distance_km": 2.2584858289087273, "heading_deg": 36.974116334432892, "slope": 0.0, "slope_deg": 0.0 }, "geometry": { "type": "Point", "coordinates": [ 24.420180331408641, 46.428379725083467 ] } },
{ "type": "Feature", "properties": { "point_id": 754, "lon": 24.420196539524021, "lat": 46.428394564258973, "elevation_m": 419.67526245117188, "distance_m": 2261.4856898849403, "distance_km": 2.2614856898849403, "heading_deg": 37.206496894688655, "slope": 0.0, "slope_deg": 0.0 }, "geometry": { "type": "Point", "coordinates": [ 24.420196539524021, 46.428394564258973 ] } },
{ "type": "Feature", "properties": { "point_id": 755, "lon": 24.42021283557898, "lat": 46.428409358684213, "elevation_m": 419.67526245117188, "distance_m": 2264.4856898849876, "distance_km": 2.2644856898849874, "heading_deg": 37.206496898157184, "slope": 0.0, "slope_deg": 0.0 }, "geometry": { "type": "Point", "coordinates": [ 24.42021283557898, 46.428409358684213 ] } },
{ "type": "Feature", "properties": { "point_id": 756, "lon": 24.420229131633938, "lat": 46.428424153105432, "elevation_m": 419.67526245117188, "distance_m": 2267.4856898850348, "distance_km": 2.2674856898850346, "heading_deg": 37.206496876803328, "slope": 0.0, "slope_deg": 0.0 }, "geometry": { "type": "Point", "coordinates": [ 24.420229131633938, 46.428424153105432 ] } },
{ "type": "Feature", "properties": { "point_id": 757, "lon": 24.420245427688897, "lat": 46.42843894752265, "elevation_m": 419.67526245117188, "distance_m": 2270.4856898850821, "distance_km": 2.2704856898850823, "heading_deg": 37.20649690938717, "slope": 0.0, "slope_deg": 0.0 }, "geometry": { "type": "Point", "coordinates": [ 24.420245427688897, 46.42843894752265 ] } },
{ "type": "Feature", "properties": { "point_id": 758, "lon": 24.42026172374386, "lat": 46.42845374193584, "elevation_m": 419.67526245117188, "distance_m": 2273.4856898851294, "distance_km": 2.2734856898851294, "heading_deg": 37.206496883194689, "slope": 0.0, "slope_deg": 0.0 }, "geometry": { "type": "Point", "coordinates": [ 24.42026172374386, 46.42845374193584 ] } },
{ "type": "Feature", "properties": { "point_id": 759, "lon": 24.420278019798815, "lat": 46.428468536345022, "elevation_m": 419.67526245117188, "distance_m": 2276.485689884435, "distance_km": 2.276485689884435, "heading_deg": 37.206496920618008, "slope": 0.0, "slope_deg": 0.0 }, "geometry": { "type": "Point", "coordinates": [ 24.420278019798815, 46.428468536345022 ] } },
{ "type": "Feature", "properties": { "point_id": 760, "lon": 24.420294315853781, "lat": 46.428483330750176, "elevation_m": 418.98150634765625, "distance_m": 2279.4856898847638, "distance_km": 2.2794856898847637, "heading_deg": 38.866744104832549, "slope": -0.23125203447986448, "slope_deg": -13.020877955507011 }, "geometry": { "type": "Point", "coordinates": [ 24.420294315853781, 46.428483330750176 ] } },
{ "type": "Feature", "properties": { "point_id": 761, "lon": 24.420311196779785, "lat": 46.428497767715697, "elevation_m": 418.98150634765625, "distance_m": 2282.4803387722454, "distance_km": 2.2824803387722454, "heading_deg": 45.917469764609336, "slope": 0.0, "slope_deg": 0.0 }, "geometry": { "type": "Point", "coordinates": [ 24.420311196779785, 46.428497767715697 ] } },
{ "type": "Feature", "properties": { "point_id": 762, "lon": 24.420330555614385, "lat": 46.42851069033911, "elevation_m": 418.98150634765625, "distance_m": 2285.4803387718393, "distance_km": 2.2854803387718392, "heading_deg": 45.917469781620071, "slope": 0.0, "slope_deg": 0.0 }, "geometry": { "type": "Point", "coordinates": [ 24.420330555614385, 46.42851069033911 ] } },
{ "type": "Feature", "properties": { "point_id": 763, "lon": 24.420349914448988, "lat": 46.428523612959452, "elevation_m": 418.98150634765625, "distance_m": 2288.4803387717679, "distance_km": 2.2884803387717678, "heading_deg": 45.917469756328899, "slope": 0.0, "slope_deg": 0.0 }, "geometry": { "type": "Point", "coordinates": [ 24.420349914448988, 46.428523612959452 ] } },
{ "type": "Feature", "properties": { "point_id": 764, "lon": 24.420369273283583, "lat": 46.428536535576747, "elevation_m": 418.98150634765625, "distance_m": 2291.4803387720099, "distance_km": 2.29148033877201, "heading_deg": 45.91746974751203, "slope": 0.0, "slope_deg": 0.0 }, "geometry": { "type": "Point", "coordinates": [ 24.420369273283583, 46.428536535576747 ] } },
{ "type": "Feature", "properties": { "point_id": 765, "lon": 24.420388632118186, "lat": 46.428549458190972, "elevation_m": 418.98150634765625, "distance_m": 2294.4803387719385, "distance_km": 2.2944803387719386, "heading_deg": 45.917469759800611, "slope": 0.0, "slope_deg": 0.0 }, "geometry": { "type": "Point", "coordinates": [ 24.420388632118186, 46.428549458190972 ] } },
{ "type": "Feature", "properties": { "point_id": 766, "lon": 24.420407990952782, "lat": 46.428562380802134, "elevation_m": 418.98150634765625, "distance_m": 2297.4803387721804, "distance_km": 2.2974803387721803, "heading_deg": 45.917469755670027, "slope": 0.0, "slope_deg": 0.0 }, "geometry": { "type": "Point", "coordinates": [ 24.420407990952782, 46.428562380802134 ] } },
{ "type": "Feature", "properties": { "point_id": 767, "lon": 24.420427349787381, "lat": 46.428575303410227, "elevation_m": 419.14730834960938, "distance_m": 2300.480338772109, "distance_km": 2.3004803387721089, "heading_deg": 45.917469749178338, "slope": 0.055267333985690274, "slope_deg": 3.1633667899315747 }, "geometry": { "type": "Point", "coordinates": [ 24.420427349787381, 46.428575303410227 ] } },
{ "type": "Feature", "properties": { "point_id": 768, "lon": 24.420446708621977, "lat": 46.428588226015265, "elevation_m": 419.14730834960938, "distance_m": 2303.4803387717029, "distance_km": 2.3034803387717031, "heading_deg": 45.917469763846952, "slope": 0.0, "slope_deg": 0.0 }, "geometry": { "type": "Point", "coordinates": [ 24.420446708621977, 46.428588226015265 ] } },
{ "type": "Feature", "properties": { "point_id": 769, "lon": 24.42046606745658, "lat": 46.428601148617233, "elevation_m": 419.14730834960938, "distance_m": 2306.4803387722791, "distance_km": 2.3064803387722792, "heading_deg": 45.91746976674591, "slope": 0.0, "slope_deg": 0.0 }, "geometry": { "type": "Point", "coordinates": [ 24.42046606745658, 46.428601148617233 ] } },
{ "type": "Feature", "properties": { "point_id": 770, "lon": 24.420485426291176, "lat": 46.428614071216138, "elevation_m": 419.14730834960938, "distance_m": 2309.480338771873, "distance_km": 2.309480338771873, "heading_deg": 45.917469760272922, "slope": 0.0, "slope_deg": 0.0 }, "geometry": { "type": "Point", "coordinates": [ 24.420485426291176, 46.428614071216138 ] } },
{ "type": "Feature", "properties": { "point_id": 771, "lon": 24.420504785125779, "lat": 46.428626993811982, "elevation_m": 419.14730834960938, "distance_m": 2312.4803387718016, "distance_km": 2.3124803387718016, "heading_deg": 45.917469749077554, "slope": 0.0, "slope_deg": 0.0 }, "geometry": { "type": "Point", "coordinates": [ 24.420504785125779, 46.428626993811982 ] } },
{ "type": "Feature", "properties": { "point_id": 772, "lon": 24.420524143960375, "lat": 46.428639916404762, "elevation_m": 419.14730834960938, "distance_m": 2315.4803387720435, "distance_km": 2.3154803387720437, "heading_deg": 45.478582490578958, "slope": 0.0, "slope_deg": 0.0 }, "geometry": { "type": "Point", "coordinates": [ 24.420524143960375, 46.428639916404762 ] } },
{ "type": "Feature", "properties": { "point_id": 773, "lon": 24.420543356698708, "lat": 46.428652939525634, "elevation_m": 419.14730834960938, "distance_m": 2318.4800397588556, "distance_km": 2.3184800397588554, "heading_deg": 43.987554160483512, "slope": 0.0, "slope_deg": 0.0 }, "geometry": { "type": "Point", "coordinates": [ 24.420543356698708, 46.428652939525634 ] } },
{ "type": "Feature", "properties": { "point_id": 774, "lon": 24.4205620731565, "lat": 46.428666304141835, "elevation_m": 419.14730834960938, "distance_m": 2321.4800397594117, "distance_km": 2.3214800397594115, "heading_deg": 43.98755416248207, "slope": 0.0, "slope_deg": 0.0 }, "geometry": { "type": "Point", "coordinates": [ 24.4205620731565, 46.428666304141835 ] } },
{ "type": "Feature", "properties": { "point_id": 775, "lon": 24.420580789614288, "lat": 46.428679668754754, "elevation_m": 419.14730834960938, "distance_m": 2324.4800397589747, "distance_km": 2.3244800397589747, "heading_deg": 43.987554133330377, "slope": 0.0, "slope_deg": 0.0 }, "geometry": { "type": "Point", "coordinates": [ 24.420580789614288, 46.428679668754754 ] } },
{ "type": "Feature", "properties": { "point_id": 776, "lon": 24.420599506072072, "lat": 46.428693033364411, "elevation_m": 419.14730834960938, "distance_m": 2327.4800397592076, "distance_km": 2.3274800397592075, "heading_deg": 43.987554151873155, "slope": 0.0, "slope_deg": 0.0 }, "geometry": { "type": "Point", "coordinates": [ 24.420599506072072, 46.428693033364411 ] } },
{ "type": "Feature", "properties": { "point_id": 777, "lon": 24.420618222529857, "lat": 46.428706397970778, "elevation_m": 419.14730834960938, "distance_m": 2330.4800397587705, "distance_km": 2.3304800397587706, "heading_deg": 43.987554141213877, "slope": 0.0, "slope_deg": 0.0 }, "geometry": { "type": "Point", "coordinates": [ 24.420618222529857, 46.428706397970778 ] } },
{ "type": "Feature", "properties": { "point_id": 778, "lon": 24.420636938987645, "lat": 46.428719762573877, "elevation_m": 419.14730834960938, "distance_m": 2333.4800397593267, "distance_km": 2.3334800397593267, "heading_deg": 43.987554171435647, "slope": 0.0, "slope_deg": 0.0 }, "geometry": { "type": "Point", "coordinates": [ 24.420636938987645, 46.428719762573877 ] } },
{ "type": "Feature", "properties": { "point_id": 779, "lon": 24.420655655445437, "lat": 46.428733127173686, "elevation_m": 419.14730834960938, "distance_m": 2336.4800397588897, "distance_km": 2.3364800397588898, "heading_deg": 43.98755411406205, "slope": 0.0, "slope_deg": 0.0 }, "geometry": { "type": "Point", "coordinates": [ 24.420655655445437, 46.428733127173686 ] } },
{ "type": "Feature", "properties": { "point_id": 780, "lon": 24.420674371903221, "lat": 46.428746491770241, "elevation_m": 419.14730834960938, "distance_m": 2339.4800397591225, "distance_km": 2.3394800397591227, "heading_deg": 43.987554171538022, "slope": 0.0, "slope_deg": 0.0 }, "geometry": { "type": "Point", "coordinates": [ 24.420674371903221, 46.428746491770241 ] } },
{ "type": "Feature", "properties": { "point_id": 781, "lon": 24.420693088361006, "lat": 46.428759856363499, "elevation_m": 417.6568603515625, "distance_m": 2342.4800397586855, "distance_km": 2.3424800397586854, "heading_deg": 43.987554119998606, "slope": -0.49681599942132987, "slope_deg": -26.418921546690264 }, "geometry": { "type": "Point", "coordinates": [ 24.420693088361006, 46.428759856363499 ] } },
{ "type": "Feature", "properties": { "point_id": 782, "lon": 24.420711804818794, "lat": 46.428773220953495, "elevation_m": 418.31411743164062, "distance_m": 2345.4800397592417, "distance_km": 2.3454800397592415, "heading_deg": 43.98755418623665, "slope": 0.21908569331875974, "slope_deg": 12.357441463789792 }, "geometry": { "type": "Point", "coordinates": [ 24.420711804818794, 46.428773220953495 ] } },
{ "type": "Feature", "properties": { "point_id": 783, "lon": 24.420730521276582, "lat": 46.428786585540195, "elevation_m": 418.31411743164062, "distance_m": 2348.4800397588047, "distance_km": 2.3484800397588046, "heading_deg": 43.987554129832347, "slope": 0.0, "slope_deg": 0.0 }, "geometry": { "type": "Point", "coordinates": [ 24.420730521276582, 46.428786585540195 ] } },
{ "type": "Feature", "properties": { "point_id": 784, "lon": 24.42074923773437, "lat": 46.428799950123633, "elevation_m": 418.31411743164062, "distance_m": 2351.4800397590375, "distance_km": 2.3514800397590374, "heading_deg": 43.987554159086471, "slope": 0.0, "slope_deg": 0.0 }, "geometry": { "type": "Point", "coordinates": [ 24.42074923773437, 46.428799950123633 ] } },
{ "type": "Feature", "properties": { "point_id": 785, "lon": 24.420767954192154, "lat": 46.428813314703788, "elevation_m": 418.31411743164062, "distance_m": 2354.4800397586005, "distance_km": 2.3544800397586005, "heading_deg": 43.987554139666713, "slope": 0.0, "slope_deg": 0.0 }, "geometry": { "type": "Point", "coordinates": [ 24.420767954192154, 46.428813314703788 ] } },
{ "type": "Feature", "properties": { "point_id": 786, "lon": 24.420786670649942, "lat": 46.428826679280668, "elevation_m": 418.31411743164062, "distance_m": 2357.4800397591566, "distance_km": 2.3574800397591567, "heading_deg": 43.987554139719009, "slope": 0.0, "slope_deg": 0.0 }, "geometry": { "type": "Point", "coordinates": [ 24.420786670649942, 46.428826679280668 ] } },
{ "type": "Feature", "properties": { "point_id": 787, "lon": 24.420805387107727, "lat": 46.428840043854279, "elevation_m": 418.31411743164062, "distance_m": 2360.4800397587196, "distance_km": 2.3604800397587198, "heading_deg": 43.987554163128777, "slope": 0.0, "slope_deg": 0.0 }, "geometry": { "type": "Point", "coordinates": [ 24.420805387107727, 46.428840043854279 ] } },
{ "type": "Feature", "properties": { "point_id": 788, "lon": 24.420824103565515, "lat": 46.428853408424601, "elevation_m": 418.31411743164062, "distance_m": 2363.4800397589524, "distance_km": 2.3634800397589526, "heading_deg": 43.987554159284798, "slope": 0.0, "slope_deg": 0.0 }, "geometry": { "type": "Point", "coordinates": [ 24.420824103565515, 46.428853408424601 ] } },
{ "type": "Feature", "properties": { "point_id": 789, "lon": 24.420842820023307, "lat": 46.428866772991647, "elevation_m": 418.31411743164062, "distance_m": 2366.4800397588388, "distance_km": 2.3664800397588386, "heading_deg": 43.987554149607149, "slope": 0.0, "slope_deg": 0.0 }, "geometry": { "type": "Point", "coordinates": [ 24.420842820023307, 46.428866772991647 ] } },
{ "type": "Feature", "properties": { "point_id": 790, "lon": 24.420861536481091, "lat": 46.428880137555417, "elevation_m": 418.31411743164062, "distance_m": 2369.4800397590716, "distance_km": 2.3694800397590714, "heading_deg": 43.987554138949974, "slope": 0.0, "slope_deg": 0.0 }, "geometry": { "type": "Point", "coordinates": [ 24.420861536481091, 46.428880137555417 ] } },
{ "type": "Feature", "properties": { "point_id": 791, "lon": 24.420880252938876, "lat": 46.428893502115919, "elevation_m": 418.31411743164062, "distance_m": 2372.4800397593044, "distance_km": 2.3724800397593042, "heading_deg": 43.987554150681717, "slope": 0.0, "slope_deg": 0.0 }, "geometry": { "type": "Point", "coordinates": [ 24.420880252938876, 46.428893502115919 ] } },
{ "type": "Feature", "properties": { "point_id": 792, "lon": 24.42089896939666, "lat": 46.428906866673138, "elevation_m": 418.31411743164062, "distance_m": 2375.4800397588674, "distance_km": 2.3754800397588673, "heading_deg": 43.987554144890112, "slope": 0.0, "slope_deg": 0.0 }, "geometry": { "type": "Point", "coordinates": [ 24.42089896939666, 46.428906866673138 ] } },
{ "type": "Feature", "properties": { "point_id": 793, "lon": 24.420917685854452, "lat": 46.428920231227089, "elevation_m": 418.31411743164062, "distance_m": 2378.4800397594236, "distance_km": 2.3784800397594235, "heading_deg": 43.987554160518812, "slope": 0.0, "slope_deg": 0.0 }, "geometry": { "type": "Point", "coordinates": [ 24.420917685854452, 46.428920231227089 ] } },
{ "type": "Feature", "properties": { "point_id": 794, "lon": 24.42093640231224, "lat": 46.428933595777742, "elevation_m": 418.31411743164062, "distance_m": 2381.4800397589865, "distance_km": 2.3814800397589866, "heading_deg": 43.987554144997091, "slope": 0.0, "slope_deg": 0.0 }, "geometry": { "type": "Point", "coordinates": [ 24.42093640231224, 46.428933595777742 ] } },
{ "type": "Feature", "properties": { "point_id": 795, "lon": 24.420955118770024, "lat": 46.428946960325135, "elevation_m": 418.31411743164062, "distance_m": 2384.4800397592194, "distance_km": 2.3844800397592194, "heading_deg": 43.987554149916036, "slope": 0.0, "slope_deg": 0.0 }, "geometry": { "type": "Point", "coordinates": [ 24.420955118770024, 46.428946960325135 ] } },
{ "type": "Feature", "properties": { "point_id": 796, "lon": 24.420973835227809, "lat": 46.428960324869244, "elevation_m": 418.57574462890625, "distance_m": 2387.4800397587824, "distance_km": 2.3874800397587825, "heading_deg": 43.987554132446292, "slope": 0.087209065767912139, "slope_deg": 4.9841015311268722 }, "geometry": { "type": "Point", "coordinates": [ 24.420973835227809, 46.428960324869244 ] } },
{ "type": "Feature", "properties": { "point_id": 797, "lon": 24.420992551685597, "lat": 46.428973689410086, "elevation_m": 418.57574462890625, "distance_m": 2390.4800397593385, "distance_km": 2.3904800397593386, "heading_deg": 43.987554176298261, "slope": 0.0, "slope_deg": 0.0 }, "geometry": { "type": "Point", "coordinates": [ 24.420992551685597, 46.428973689410086 ] } },
{ "type": "Feature", "properties": { "point_id": 798, "lon": 24.421011268143388, "lat": 46.428987053947637, "elevation_m": 418.57574462890625, "distance_m": 2393.4800397589015, "distance_km": 2.3934800397589013, "heading_deg": 43.987554105300603, "slope": 0.0, "slope_deg": 0.0 }, "geometry": { "type": "Point", "coordinates": [ 24.421011268143388, 46.428987053947637 ] } },
{ "type": "Feature", "properties": { "point_id": 799, "lon": 24.421029984601173, "lat": 46.429000418481927, "elevation_m": 418.57574462890625, "distance_m": 2396.4800397591343, "distance_km": 2.3964800397591342, "heading_deg": 43.987554169593409, "slope": 0.0, "slope_deg": 0.0 }, "geometry": { "type": "Point", "coordinates": [ 24.421029984601173, 46.429000418481927 ] } },
{ "type": "Feature", "properties": { "point_id": 800, "lon": 24.421048701058957, "lat": 46.42901378301292, "elevation_m": 418.57574462890625, "distance_m": 2399.4800397586973, "distance_km": 2.3994800397586973, "heading_deg": 43.987554152124346, "slope": 0.0, "slope_deg": 0.0 }, "geometry": { "type": "Point", "coordinates": [ 24.421048701058957, 46.42901378301292 ] } },
{ "type": "Feature", "properties": { "point_id": 801, "lon": 24.421067417516745, "lat": 46.429027147540651, "elevation_m": 418.57574462890625, "distance_m": 2402.4800397592535, "distance_km": 2.4024800397592534, "heading_deg": 43.987554157044258, "slope": 0.0, "slope_deg": 0.0 }, "geometry": { "type": "Point", "coordinates": [ 24.421067417516745, 46.429027147540651 ] } },
{ "type": "Feature", "properties": { "point_id": 802, "lon": 24.421086133974534, "lat": 46.4290405120651, "elevation_m": 416.806884765625, "distance_m": 2405.4800397588165, "distance_km": 2.4054800397588165, "heading_deg": 43.987554136658673, "slope": -0.58961995451297367, "slope_deg": -30.524449798684874 }, "geometry": { "type": "Point", "coordinates": [ 24.421086133974534, 46.4290405120651 ] } },
{ "type": "Feature", "properties": { "point_id": 803, "lon": 24.421104850432322, "lat": 46.429053876586281, "elevation_m": 416.806884765625, "distance_m": 2408.4800397590493, "distance_km": 2.4084800397590493, "heading_deg": 43.987554148392405, "slope": 0.0, "slope_deg": 0.0 }, "geometry": { "type": "Point", "coordinates": [ 24.421104850432322, 46.429053876586281 ] } },
{ "type": "Feature", "properties": { "point_id": 804, "lon": 24.421123566890106, "lat": 46.429067241104171, "elevation_m": 416.806884765625, "distance_m": 2411.4800397586123, "distance_km": 2.4114800397586125, "heading_deg": 43.987554137737447, "slope": 0.0, "slope_deg": 0.0 }, "geometry": { "type": "Point", "coordinates": [ 24.421123566890106, 46.429067241104171 ] } },
{ "type": "Feature", "properties": { "point_id": 805, "lon": 24.421142283347894, "lat": 46.4290806056188, "elevation_m": 416.806884765625, "distance_m": 2414.4800397591684, "distance_km": 2.4144800397591686, "heading_deg": 43.987554165046902, "slope": 0.0, "slope_deg": 0.0 }, "geometry": { "type": "Point", "coordinates": [ 24.421142283347894, 46.4290806056188 ] } },
{ "type": "Feature", "properties": { "point_id": 806, "lon": 24.421160999805679, "lat": 46.42909397013014, "elevation_m": 416.806884765625, "distance_m": 2417.4800397594013, "distance_km": 2.4174800397594014, "heading_deg": 43.987554127138253, "slope": 0.0, "slope_deg": 0.0 }, "geometry": { "type": "Point", "coordinates": [ 24.421160999805679, 46.42909397013014 ] } },
{ "type": "Feature", "properties": { "point_id": 807, "lon": 24.421179716263467, "lat": 46.429107334638211, "elevation_m": 416.806884765625, "distance_m": 2420.4800397589643, "distance_km": 2.4204800397589641, "heading_deg": 43.98755414958282, "slope": 0.0, "slope_deg": 0.0 }, "geometry": { "type": "Point", "coordinates": [ 24.421179716263467, 46.429107334638211 ] } },
{ "type": "Feature", "properties": { "point_id": 808, "lon": 24.421198432721251, "lat": 46.429120699142999, "elevation_m": 416.806884765625, "distance_m": 2423.4800397591971, "distance_km": 2.4234800397591969, "heading_deg": 43.987554148658944, "slope": 0.0, "slope_deg": 0.0 }, "geometry": { "type": "Point", "coordinates": [ 24.421198432721251, 46.429120699142999 ] } },
{ "type": "Feature", "properties": { "point_id": 809, "lon": 24.421217149179043, "lat": 46.429134063644511, "elevation_m": 416.806884765625, "distance_m": 2426.4800397590834, "distance_km": 2.4264800397590833, "heading_deg": 43.987554123409211, "slope": 0.0, "slope_deg": 0.0 }, "geometry": { "type": "Point", "coordinates": [ 24.421217149179043, 46.429134063644511 ] } },
{ "type": "Feature", "properties": { "point_id": 810, "lon": 24.421235865636827, "lat": 46.429147428142755, "elevation_m": 416.806884765625, "distance_m": 2429.4800397593162, "distance_km": 2.4294800397593161, "heading_deg": 43.987554176025299, "slope": 0.0, "slope_deg": 0.0 }, "geometry": { "type": "Point", "coordinates": [ 24.421235865636827, 46.429147428142755 ] } },
{ "type": "Feature", "properties": { "point_id": 811, "lon": 24.421254582094612, "lat": 46.429160792637703, "elevation_m": 417.317626953125, "distance_m": 2432.4800397588792, "distance_km": 2.4324800397588793, "heading_deg": 43.987554133252161, "slope": 0.17024739585813339, "slope_deg": 9.6618213476700063 }, "geometry": { "type": "Point", "coordinates": [ 24.421254582094612, 46.429160792637703 ] } },
{ "type": "Feature", "properties": { "point_id": 812, "lon": 24.4212732985524, "lat": 46.429174157129388, "elevation_m": 417.317626953125, "distance_m": 2435.4800397591121, "distance_km": 2.4354800397591121, "heading_deg": 43.9875541683449, "slope": 0.0, "slope_deg": 0.0 }, "geometry": { "type": "Point", "coordinates": [ 24.4212732985524, 46.429174157129388 ] } },
{ "type": "Feature", "properties": { "point_id": 813, "lon": 24.421292015010192, "lat": 46.429187521617791, "elevation_m": 417.317626953125, "distance_m": 2438.4800397589984, "distance_km": 2.4384800397589985, "heading_deg": 43.987554143095849, "slope": 0.0, "slope_deg": 0.0 }, "geometry": { "type": "Point", "coordinates": [ 24.421292015010192, 46.429187521617791 ] } },
{ "type": "Feature", "properties": { "point_id": 814, "lon": 24.421310731467976, "lat": 46.429200886102919, "elevation_m": 417.317626953125, "distance_m": 2441.4800397592312, "distance_km": 2.4414800397592313, "heading_deg": 43.987554141204384, "slope": 0.0, "slope_deg": 0.0 }, "geometry": { "type": "Point", "coordinates": [ 24.421310731467976, 46.429200886102919 ] } },
{ "type": "Feature", "properties": { "point_id": 815, "lon": 24.421329447925761, "lat": 46.429214250584771, "elevation_m": 417.317626953125, "distance_m": 2444.4800397587942, "distance_km": 2.444480039758794, "heading_deg": 35.169355120003047, "slope": 0.0, "slope_deg": 0.0 }, "geometry": { "type": "Point", "coordinates": [ 24.421329447925761, 46.429214250584771 ] } },
{ "type": "Feature", "properties": { "point_id": 816, "lon": 24.421344809629044, "lat": 46.429229277163785, "elevation_m": 417.317626953125, "distance_m": 2447.4489131275554, "distance_km": 2.4474489131275554, "heading_deg": 27.431052987773455, "slope": 0.0, "slope_deg": 0.0 }, "geometry": { "type": "Point", "coordinates": [ 24.421344809629044, 46.429229277163785 ] } },
{ "type": "Feature", "properties": { "point_id": 817, "lon": 24.42135722473153, "lat": 46.429245763620443, "elevation_m": 417.317626953125, "distance_m": 2450.4489131274413, "distance_km": 2.4504489131274414, "heading_deg": 27.431052991406375, "slope": 0.0, "slope_deg": 0.0 }, "geometry": { "type": "Point", "coordinates": [ 24.42135722473153, 46.429245763620443 ] } },
{ "type": "Feature", "properties": { "point_id": 818, "lon": 24.421369639834019, "lat": 46.429262250072121, "elevation_m": 417.317626953125, "distance_m": 2453.4489131275418, "distance_km": 2.4534489131275419, "heading_deg": 27.431052998150108, "slope": 0.0, "slope_deg": 0.0 }, "geometry": { "type": "Point", "coordinates": [ 24.421369639834019, 46.429262250072121 ] } },
{ "type": "Feature", "properties": { "point_id": 819, "lon": 24.421382054936501, "lat": 46.429278736518796, "elevation_m": 417.317626953125, "distance_m": 2456.4489131274277, "distance_km": 2.4564489131274279, "heading_deg": 17.113620241758213, "slope": 0.0, "slope_deg": 0.0 }, "geometry": { "type": "Point", "coordinates": [ 24.421382054936501, 46.429278736518796 ] } },
{ "type": "Feature", "properties": { "point_id": 820, "lon": 24.421389881921403, "lat": 46.429296257583076, "elevation_m": 417.317626953125, "distance_m": 2459.4098101200884, "distance_km": 2.4594098101200883, "heading_deg": 8.8018474535223277, "slope": 0.0, "slope_deg": 0.0 }, "geometry": { "type": "Point", "coordinates": [ 24.421389881921403, 46.429296257583076 ] } },
{ "type": "Feature", "properties": { "point_id": 821, "lon": 24.421394005666276, "lat": 46.429314613723719, "elevation_m": 416.2498779296875, "distance_m": 2462.4098101201098, "distance_km": 2.4624098101201097, "heading_deg": 8.8018474547512255, "slope": -0.35591634114329768, "slope_deg": -19.591475239565781 }, "geometry": { "type": "Point", "coordinates": [ 24.421394005666276, 46.429314613723719 ] } },
{ "type": "Feature", "properties": { "point_id": 822, "lon": 24.421398129411156, "lat": 46.429332969858194, "elevation_m": 416.2498779296875, "distance_m": 2465.4098101201312, "distance_km": 2.4654098101201312, "heading_deg": 348.83950795864939, "slope": 0.0, "slope_deg": 0.0 }, "geometry": { "type": "Point", "coordinates": [ 24.421398129411156, 46.429332969858194 ] } },
{ "type": "Feature", "properties": { "point_id": 823, "lon": 24.421392984770169, "lat": 46.429350943179735, "elevation_m": 416.2498779296875, "distance_m": 2468.3686081845713, "distance_km": 2.468368608184571, "heading_deg": 344.33958857974108, "slope": 0.0, "slope_deg": 0.0 }, "geometry": { "type": "Point", "coordinates": [ 24.421392984770169, 46.429350943179735 ] } },
{ "type": "Feature", "properties": { "point_id": 824, "lon": 24.421385710161267, "lat": 46.429368828522549, "elevation_m": 416.2498779296875, "distance_m": 2471.3686081847441, "distance_km": 2.4713686081847439, "heading_deg": 339.86041337371978, "slope": 0.0, "slope_deg": 0.0 }, "geometry": { "type": "Point", "coordinates": [ 24.421385710161267, 46.429368828522549 ] } },
{ "type": "Feature", "properties": { "point_id": 825, "lon": 24.421376446158767, "lat": 46.429386239604888, "elevation_m": 416.2498779296875, "distance_m": 2474.3637826590757, "distance_km": 2.4743637826590756, "heading_deg": 337.50228598181661, "slope": 0.0, "slope_deg": 0.0 }, "geometry": { "type": "Point", "coordinates": [ 24.421376446158767, 46.429386239604888 ] } },
{ "type": "Feature", "properties": { "point_id": 826, "lon": 24.421366134039239, "lat": 46.429403400819524, "elevation_m": 416.2498779296875, "distance_m": 2477.3637826594572, "distance_km": 2.4773637826594572, "heading_deg": 336.48690354468761, "slope": 0.0, "slope_deg": 0.0 }, "geometry": { "type": "Point", "coordinates": [ 24.421366134039239, 46.429403400819524 ] } },
{ "type": "Feature", "properties": { "point_id": 827, "lon": 24.421355411369227, "lat": 46.429420387357993, "elevation_m": 416.2498779296875, "distance_m": 2480.355676431288, "distance_km": 2.4803556764312882, "heading_deg": 319.12577171811381, "slope": 0.0, "slope_deg": 0.0 }, "geometry": { "type": "Point", "coordinates": [ 24.421355411369227, 46.429420387357993 ] } },
{ "type": "Feature", "properties": { "point_id": 828, "lon": 24.421337775620721, "lat": 46.429434432688346, "elevation_m": 416.2498779296875, "distance_m": 2483.3556764318064, "distance_km": 2.4833556764318065, "heading_deg": 319.12577174206649, "slope": 0.0, "slope_deg": 0.0 }, "geometry": { "type": "Point", "coordinates": [ 24.421337775620721, 46.429434432688346 ] } },
{ "type": "Feature", "properties": { "point_id": 829, "lon": 24.421320139872218, "lat": 46.429448478015082, "elevation_m": 416.2498779296875, "distance_m": 2486.3556764313162, "distance_km": 2.4863556764313164, "heading_deg": 319.1257717249992, "slope": 0.0, "slope_deg": 0.0 }, "geometry": { "type": "Point", "coordinates": [ 24.421320139872218, 46.429448478015082 ] } },
{ "type": "Feature", "properties": { "point_id": 830, "lon": 24.421302504123709, "lat": 46.429462523338195, "elevation_m": 416.2498779296875, "distance_m": 2489.3556764318346, "distance_km": 2.4893556764318348, "heading_deg": 319.12577171685081, "slope": 0.0, "slope_deg": 0.0 }, "geometry": { "type": "Point", "coordinates": [ 24.421302504123709, 46.429462523338195 ] } },
{ "type": "Feature", "properties": { "point_id": 831, "lon": 24.421284868375203, "lat": 46.429476568657691, "elevation_m": 416.2498779296875, "distance_m": 2492.355676431649, "distance_km": 2.4923556764316492, "heading_deg": 319.12577172154249, "slope": 0.0, "slope_deg": 0.0 }, "geometry": { "type": "Point", "coordinates": [ 24.421284868375203, 46.429476568657691 ] } },
{ "type": "Feature", "properties": { "point_id": 832, "lon": 24.4212672326267, "lat": 46.429490613973556, "elevation_m": 416.2498779296875, "distance_m": 2495.3556764311588, "distance_km": 2.4953556764311586, "heading_deg": 319.1257717352683, "slope": 0.0, "slope_deg": 0.0 }, "geometry": { "type": "Point", "coordinates": [ 24.4212672326267, 46.429490613973556 ] } },
{ "type": "Feature", "properties": { "point_id": 833, "lon": 24.421249596878194, "lat": 46.429504659285818, "elevation_m": 415.59521484375, "distance_m": 2498.3556764316772, "distance_km": 2.4983556764316774, "heading_deg": 319.12577172842646, "slope": -0.21822102860812387, "slope_deg": -12.310160306263217 }, "geometry": { "type": "Point", "coordinates": [ 24.421249596878194, 46.429504659285818 ] } },
{ "type": "Feature", "properties": { "point_id": 834, "lon": 24.421231961129688, "lat": 46.429518704594457, "elevation_m": 415.59521484375, "distance_m": 2501.3556764314917, "distance_km": 2.5013556764314915, "heading_deg": 321.08662373817549, "slope": 0.0, "slope_deg": 0.0 }, "geometry": { "type": "Point", "coordinates": [ 24.421231961129688, 46.429518704594457 ] } },
{ "type": "Feature", "properties": { "point_id": 835, "lon": 24.42121503565404, "lat": 46.429533155297136, "elevation_m": 415.59521484375, "distance_m": 2504.3552002579409, "distance_km": 2.5043552002579408, "heading_deg": 321.61807510791067, "slope": 0.0, "slope_deg": 0.0 }, "geometry": { "type": "Point", "coordinates": [ 24.42121503565404, 46.429533155297136 ] } },
{ "type": "Feature", "properties": { "point_id": 836, "lon": 24.421198302719059, "lat": 46.429547715891104, "elevation_m": 415.59521484375, "distance_m": 2507.3552002578435, "distance_km": 2.5073552002578436, "heading_deg": 321.61807509099089, "slope": 0.0, "slope_deg": 0.0 }, "geometry": { "type": "Point", "coordinates": [ 24.421198302719059, 46.429547715891104 ] } },
{ "type": "Feature", "properties": { "point_id": 837, "lon": 24.421181569784071, "lat": 46.429562276481185, "elevation_m": 415.59521484375, "distance_m": 2510.3552002580354, "distance_km": 2.5103552002580356, "heading_deg": 321.61807510057417, "slope": 0.0, "slope_deg": 0.0 }, "geometry": { "type": "Point", "coordinates": [ 24.421181569784071, 46.429562276481185 ] } },
{ "type": "Feature", "properties": { "point_id": 838, "lon": 24.421164836849091, "lat": 46.429576837067373, "elevation_m": 415.59521484375, "distance_m": 2513.3552002579381, "distance_km": 2.513355200257938, "heading_deg": 321.61807509583696, "slope": 0.0, "slope_deg": 0.0 }, "geometry": { "type": "Point", "coordinates": [ 24.421164836849091, 46.429576837067373 ] } },
{ "type": "Feature", "properties": { "point_id": 839, "lon": 24.421148103914106, "lat": 46.429591397649673, "elevation_m": 414.47882080078125, "distance_m": 2516.3552002578408, "distance_km": 2.5163552002578409, "heading_deg": 336.00936885146069, "slope": -0.37213134766832145, "slope_deg": -20.411811590777912 }, "geometry": { "type": "Point", "coordinates": [ 24.421148103914106, 46.429591397649673 ] } },
{ "type": "Feature", "properties": { "point_id": 840, "lon": 24.421137309965584, "lat": 46.429608114794625, "elevation_m": 414.47882080078125, "distance_m": 2519.3104740589019, "distance_km": 2.5193104740589018, "heading_deg": 342.81803967007255, "slope": 0.0, "slope_deg": 0.0 }, "geometry": { "type": "Point", "coordinates": [ 24.421137309965584, 46.429608114794625 ] } },
{ "type": "Feature", "properties": { "point_id": 841, "lon": 24.421129348898472, "lat": 46.429625860610841, "elevation_m": 414.47882080078125, "distance_m": 2522.3104740587059, "distance_km": 2.5223104740587061, "heading_deg": 342.81803968683079, "slope": 0.0, "slope_deg": 0.0 }, "geometry": { "type": "Point", "coordinates": [ 24.421129348898472, 46.429625860610841 ] } },
{ "type": "Feature", "properties": { "point_id": 842, "lon": 24.421121387831359, "lat": 46.429643606421294, "elevation_m": 414.47882080078125, "distance_m": 2525.31047405851, "distance_km": 2.5253104740585099, "heading_deg": 358.94109113779768, "slope": 0.0, "slope_deg": 0.0 }, "geometry": { "type": "Point", "coordinates": [ 24.421121387831359, 46.429643606421294 ] } },
{ "type": "Feature", "properties": { "point_id": 843, "lon": 24.421120893916996, "lat": 46.429662024299397, "elevation_m": 414.47882080078125, "distance_m": 2528.285642556049, "distance_km": 2.5282856425560492, "heading_deg": 2.3023888606208516, "slope": 0.0, "slope_deg": 0.0 }, "geometry": { "type": "Point", "coordinates": [ 24.421120893916996, 46.429662024299397 ] } },
{ "type": "Feature", "properties": { "point_id": 844, "lon": 24.421121976569971, "lat": 46.429680584068564, "elevation_m": 414.47882080078125, "distance_m": 2531.2856425556197, "distance_km": 2.5312856425556198, "heading_deg": 2.3023888669755479, "slope": 0.0, "slope_deg": 0.0 }, "geometry": { "type": "Point", "coordinates": [ 24.421121976569971, 46.429680584068564 ] } },
{ "type": "Feature", "properties": { "point_id": 845, "lon": 24.421123059222946, "lat": 46.429699143831414, "elevation_m": 414.47882080078125, "distance_m": 2534.2856425561208, "distance_km": 2.5342856425561209, "heading_deg": 2.3023888689385217, "slope": 0.0, "slope_deg": 0.0 }, "geometry": { "type": "Point", "coordinates": [ 24.421123059222946, 46.429699143831414 ] } },
{ "type": "Feature", "properties": { "point_id": 846, "lon": 24.421124141875925, "lat": 46.429717703587926, "elevation_m": 414.47882080078125, "distance_m": 2537.2856425556915, "distance_km": 2.5372856425556916, "heading_deg": 22.437651218320639, "slope": 0.0, "slope_deg": 0.0 }, "geometry": { "type": "Point", "coordinates": [ 24.421124141875925, 46.429717703587926 ] } },
{ "type": "Feature", "properties": { "point_id": 847, "lon": 24.42113439228206, "lat": 46.429734812707672, "elevation_m": 414.47882080078125, "distance_m": 2540.2752575346822, "distance_km": 2.5402752575346823, "heading_deg": 23.556677733724598, "slope": 0.0, "slope_deg": 0.0 }, "geometry": { "type": "Point", "coordinates": [ 24.42113439228206, 46.429734812707672 ] } },
{ "type": "Feature", "properties": { "point_id": 848, "lon": 24.42114516279765, "lat": 46.42975183952418, "elevation_m": 414.47882080078125, "distance_m": 2543.2752575345944, "distance_km": 2.5432752575345945, "heading_deg": 23.556677721256222, "slope": 0.0, "slope_deg": 0.0 }, "geometry": { "type": "Point", "coordinates": [ 24.42114516279765, 46.42975183952418 ] } },
{ "type": "Feature", "properties": { "point_id": 849, "lon": 24.421155933313248, "lat": 46.42976886633538, "elevation_m": 414.47882080078125, "distance_m": 2546.2752575346926, "distance_km": 2.5462752575346927, "heading_deg": 23.556677737243774, "slope": 0.0, "slope_deg": 0.0 }, "geometry": { "type": "Point", "coordinates": [ 24.421155933313248, 46.42976886633538 ] } },
{ "type": "Feature", "properties": { "point_id": 850, "lon": 24.421166703828842, "lat": 46.429785893141251, "elevation_m": 414.47882080078125, "distance_m": 2549.2752575346049, "distance_km": 2.5492752575346049, "heading_deg": 23.556677717943103, "slope": 0.0, "slope_deg": 0.0 }, "geometry": { "type": "Point", "coordinates": [ 24.421166703828842, 46.429785893141251 ] } },
{ "type": "Feature", "properties": { "point_id": 851, "lon": 24.421177474344432, "lat": 46.429802919941807, "elevation_m": 414.47882080078125, "distance_m": 2552.2752575345171, "distance_km": 2.5522752575345171, "heading_deg": 23.556677735199401, "slope": 0.0, "slope_deg": 0.0 }, "geometry": { "type": "Point", "coordinates": [ 24.421177474344432, 46.429802919941807 ] } },
{ "type": "Feature", "properties": { "point_id": 852, "lon": 24.42118824486003, "lat": 46.429819946737048, "elevation_m": 414.47882080078125, "distance_m": 2555.2752575346153, "distance_km": 2.5552752575346154, "heading_deg": 24.594046601585433, "slope": 0.0, "slope_deg": 0.0 }, "geometry": { "type": "Point", "coordinates": [ 24.42118824486003, 46.429819946737048 ] } },
{ "type": "Feature", "properties": { "point_id": 853, "lon": 24.421199457366335, "lat": 46.429836831080188, "elevation_m": 414.47882080078125, "distance_m": 2558.2743237116483, "distance_km": 2.5582743237116485, "heading_deg": 26.564190612169455, "slope": 0.0, "slope_deg": 0.0 }, "geometry": { "type": "Point", "coordinates": [ 24.421199457366335, 46.429836831080188 ] } },
{ "type": "Feature", "properties": { "point_id": 854, "lon": 24.421211509170373, "lat": 46.429853444925484, "elevation_m": 414.47882080078125, "distance_m": 2561.2743237122972, "distance_km": 2.5612743237122975, "heading_deg": 26.564190615641451, "slope": 0.0, "slope_deg": 0.0 }, "geometry": { "type": "Point", "coordinates": [ 24.421211509170373, 46.429853444925484 ] } },
{ "type": "Feature", "properties": { "point_id": 855, "lon": 24.421223560974411, "lat": 46.429870058765715, "elevation_m": 412.868896484375, "distance_m": 2564.2743237119053, "distance_km": 2.5642743237119054, "heading_deg": 26.564190597176662, "slope": -0.53664143887220306, "slope_deg": -28.219850312953575 }, "geometry": { "type": "Point", "coordinates": [ 24.421223560974411, 46.429870058765715 ] } },
{ "type": "Feature", "properties": { "point_id": 856, "lon": 24.42123561277845, "lat": 46.429886672600894, "elevation_m": 412.868896484375, "distance_m": 2567.2743237115133, "distance_km": 2.5672743237115134, "heading_deg": 26.564190625907543, "slope": 0.0, "slope_deg": 0.0 }, "geometry": { "type": "Point", "coordinates": [ 24.42123561277845, 46.429886672600894 ] } },
{ "type": "Feature", "properties": { "point_id": 857, "lon": 24.421247664582495, "lat": 46.429903286430999, "elevation_m": 412.868896484375, "distance_m": 2570.2743237121622, "distance_km": 2.5702743237121624, "heading_deg": 26.564190604121677, "slope": 0.0, "slope_deg": 0.0 }, "geometry": { "type": "Point", "coordinates": [ 24.421247664582495, 46.429903286430999 ] } },
{ "type": "Feature", "properties": { "point_id": 858, "lon": 24.421259716386533, "lat": 46.429919900256046, "elevation_m": 413.52719116210938, "distance_m": 2573.2743237117702, "distance_km": 2.5732743237117703, "heading_deg": 26.564190622417414, "slope": 0.2194315592734635, "slope_deg": 12.376349148553327 }, "geometry": { "type": "Point", "coordinates": [ 24.421259716386533, 46.429919900256046 ] } },
{ "type": "Feature", "properties": { "point_id": 859, "lon": 24.421271768190572, "lat": 46.429936514076019, "elevation_m": 413.52719116210938, "distance_m": 2576.2743237124191, "distance_km": 2.5762743237124193, "heading_deg": 26.564190611067431, "slope": 0.0, "slope_deg": 0.0 }, "geometry": { "type": "Point", "coordinates": [ 24.421271768190572, 46.429936514076019 ] } },
{ "type": "Feature", "properties": { "point_id": 860, "lon": 24.42128381999461, "lat": 46.429953127890933, "elevation_m": 413.52719116210938, "distance_m": 2579.2743237120271, "distance_km": 2.5792743237120273, "heading_deg": 26.564190614540621, "slope": 0.0, "slope_deg": 0.0 }, "geometry": { "type": "Point", "coordinates": [ 24.42128381999461, 46.429953127890933 ] } },
{ "type": "Feature", "properties": { "point_id": 861, "lon": 24.421295871798648, "lat": 46.429969741700781, "elevation_m": 413.52719116210938, "distance_m": 2582.2743237116351, "distance_km": 2.5822743237116352, "heading_deg": 26.564190610900027, "slope": 0.0, "slope_deg": 0.0 }, "geometry": { "type": "Point", "coordinates": [ 24.421295871798648, 46.429969741700781 ] } },
{ "type": "Feature", "properties": { "point_id": 862, "lon": 24.42130792360269, "lat": 46.429986355505569, "elevation_m": 413.52719116210938, "distance_m": 2585.2743237122841, "distance_km": 2.5852743237122842, "heading_deg": 26.56419061710028, "slope": 0.0, "slope_deg": 0.0 }, "geometry": { "type": "Point", "coordinates": [ 24.42130792360269, 46.429986355505569 ] } },
{ "type": "Feature", "properties": { "point_id": 863, "lon": 24.421319975406728, "lat": 46.430002969305292, "elevation_m": 413.52719116210938, "distance_m": 2588.2743237118921, "distance_km": 2.5882743237118921, "heading_deg": 26.56419061179929, "slope": 0.0, "slope_deg": 0.0 }, "geometry": { "type": "Point", "coordinates": [ 24.421319975406728, 46.430002969305292 ] } },
{ "type": "Feature", "properties": { "point_id": 864, "lon": 24.421332027210767, "lat": 46.430019583099948, "elevation_m": 413.52719116210938, "distance_m": 2591.2743237123327, "distance_km": 2.5912743237123328, "heading_deg": 26.564190620255602, "slope": 0.0, "slope_deg": 0.0 }, "geometry": { "type": "Point", "coordinates": [ 24.421332027210767, 46.430019583099948 ] } },
{ "type": "Feature", "properties": { "point_id": 865, "lon": 24.421344079014812, "lat": 46.430036196889546, "elevation_m": 413.52719116210938, "distance_m": 2594.274323712149, "distance_km": 2.5942743237121491, "heading_deg": 26.564190621474154, "slope": 0.0, "slope_deg": 0.0 }, "geometry": { "type": "Point", "coordinates": [ 24.421344079014812, 46.430036196889546 ] } },
{ "type": "Feature", "properties": { "point_id": 866, "lon": 24.421356130818847, "lat": 46.430052810674063, "elevation_m": 413.52719116210938, "distance_m": 2597.274323711757, "distance_km": 2.597274323711757, "heading_deg": 26.564190604672376, "slope": 0.0, "slope_deg": 0.0 }, "geometry": { "type": "Point", "coordinates": [ 24.421356130818847, 46.430052810674063 ] } },
{ "type": "Feature", "properties": { "point_id": 867, "lon": 24.421368182622885, "lat": 46.430069424453535, "elevation_m": 413.52719116210938, "distance_m": 2600.2743237121977, "distance_km": 2.6002743237121977, "heading_deg": 26.564190618582529, "slope": 0.0, "slope_deg": 0.0 }, "geometry": { "type": "Point", "coordinates": [ 24.421368182622885, 46.430069424453535 ] } },
{ "type": "Feature", "properties": { "point_id": 868, "lon": 24.421380234426927, "lat": 46.430086038227934, "elevation_m": 413.52719116210938, "distance_m": 2603.2743237120139, "distance_km": 2.6032743237120139, "heading_deg": 26.564190607234423, "slope": 0.0, "slope_deg": 0.0 }, "geometry": { "type": "Point", "coordinates": [ 24.421380234426927, 46.430086038227934 ] } },
{ "type": "Feature", "properties": { "point_id": 869, "lon": 24.421392286230965, "lat": 46.430102651997274, "elevation_m": 413.52719116210938, "distance_m": 2606.2743237116219, "distance_km": 2.6062743237116219, "heading_deg": 26.564190601934627, "slope": 0.0, "slope_deg": 0.0 }, "geometry": { "type": "Point", "coordinates": [ 24.421392286230965, 46.430102651997274 ] } },
{ "type": "Feature", "properties": { "point_id": 870, "lon": 24.421404338035003, "lat": 46.430119265761554, "elevation_m": 413.52719116210938, "distance_m": 2609.2743237120626, "distance_km": 2.6092743237120626, "heading_deg": 26.564190635055809, "slope": 0.0, "slope_deg": 0.0 }, "geometry": { "type": "Point", "coordinates": [ 24.421404338035003, 46.430119265761554 ] } },
{ "type": "Feature", "properties": { "point_id": 871, "lon": 24.421416389839045, "lat": 46.430135879520755, "elevation_m": 413.52719116210938, "distance_m": 2612.2743237118789, "distance_km": 2.6122743237118788, "heading_deg": 26.564190604497924, "slope": 0.0, "slope_deg": 0.0 }, "geometry": { "type": "Point", "coordinates": [ 24.421416389839045, 46.430135879520755 ] } },
{ "type": "Feature", "properties": { "point_id": 872, "lon": 24.421428441643084, "lat": 46.430152493274903, "elevation_m": 412.0777587890625, "distance_m": 2615.2743237123195, "distance_km": 2.6152743237123195, "heading_deg": 26.564190627183962, "slope": -0.48314412427799247, "slope_deg": -25.787237919349824 }, "geometry": { "type": "Point", "coordinates": [ 24.421428441643084, 46.430152493274903 ] } },
{ "type": "Feature", "properties": { "point_id": 873, "lon": 24.421440493447125, "lat": 46.430169107023978, "elevation_m": 412.0777587890625, "distance_m": 2618.2743237121358, "distance_km": 2.6182743237121358, "heading_deg": 26.564190607062017, "slope": 0.0, "slope_deg": 0.0 }, "geometry": { "type": "Point", "coordinates": [ 24.421440493447125, 46.430169107023978 ] } },
{ "type": "Feature", "properties": { "point_id": 874, "lon": 24.421452545251164, "lat": 46.430185720768002, "elevation_m": 412.0777587890625, "distance_m": 2621.2743237117438, "distance_km": 2.6212743237117437, "heading_deg": 26.564190606150646, "slope": 0.0, "slope_deg": 0.0 }, "geometry": { "type": "Point", "coordinates": [ 24.421452545251164, 46.430185720768002 ] } },
{ "type": "Feature", "properties": { "point_id": 875, "lon": 24.421464597055202, "lat": 46.430202334506951, "elevation_m": 412.0777587890625, "distance_m": 2624.2743237121845, "distance_km": 2.6242743237121844, "heading_deg": 26.564190628837309, "slope": 0.0, "slope_deg": 0.0 }, "geometry": { "type": "Point", "coordinates": [ 24.421464597055202, 46.430202334506951 ] } },
{ "type": "Feature", "properties": { "point_id": 876, "lon": 24.421476648859244, "lat": 46.430218948240835, "elevation_m": 412.0777587890625, "distance_m": 2627.2743237120008, "distance_km": 2.6272743237120006, "heading_deg": 26.564190601601865, "slope": 0.0, "slope_deg": 0.0 }, "geometry": { "type": "Point", "coordinates": [ 24.421476648859244, 46.430218948240835 ] } },
{ "type": "Feature", "properties": { "point_id": 877, "lon": 24.421488700663282, "lat": 46.430235561969667, "elevation_m": 412.0777587890625, "distance_m": 2630.2743237124414, "distance_km": 2.6302743237124413, "heading_deg": 26.803956700088804, "slope": 0.0, "slope_deg": 0.0 }, "geometry": { "type": "Point", "coordinates": [ 24.421488700663282, 46.430235561969667 ] } },
{ "type": "Feature", "properties": { "point_id": 878, "lon": 24.421500853056557, "lat": 46.43025214054844, "elevation_m": 412.0777587890625, "distance_m": 2633.2742804411091, "distance_km": 2.6332742804411091, "heading_deg": 27.198928391527147, "slope": 0.0, "slope_deg": 0.0 }, "geometry": { "type": "Point", "coordinates": [ 24.421500853056557, 46.43025214054844 ] } },
{ "type": "Feature", "properties": { "point_id": 879, "lon": 24.421513171151744, "lat": 46.430268661227409, "elevation_m": 412.0777587890625, "distance_m": 2636.2742804407012, "distance_km": 2.6362742804407011, "heading_deg": 27.198928379126471, "slope": 0.0, "slope_deg": 0.0 }, "geometry": { "type": "Point", "coordinates": [ 24.421513171151744, 46.430268661227409 ] } },
{ "type": "Feature", "properties": { "point_id": 880, "lon": 24.421525489246932, "lat": 46.430285181901375, "elevation_m": 412.0777587890625, "distance_m": 2639.274280440909, "distance_km": 2.6392742804409091, "heading_deg": 27.198928392207677, "slope": 0.0, "slope_deg": 0.0 }, "geometry": { "type": "Point", "coordinates": [ 24.421525489246932, 46.430285181901375 ] } },
{ "type": "Feature", "properties": { "point_id": 881, "lon": 24.421537807342123, "lat": 46.430301702570333, "elevation_m": 414.0517578125, "distance_m": 2642.2742804405011, "distance_km": 2.6422742804405011, "heading_deg": 27.198928387351657, "slope": 0.65799967456863451, "slope_deg": 33.344903390732625 }, "geometry": { "type": "Point", "coordinates": [ 24.421537807342123, 46.430301702570333 ] } },
{ "type": "Feature", "properties": { "point_id": 882, "lon": 24.421550125437314, "lat": 46.430318223234281, "elevation_m": 414.0517578125, "distance_m": 2645.2742804409218, "distance_km": 2.6452742804409217, "heading_deg": 27.19892838239042, "slope": 0.0, "slope_deg": 0.0 }, "geometry": { "type": "Point", "coordinates": [ 24.421550125437314, 46.430318223234281 ] } },
{ "type": "Feature", "properties": { "point_id": 883, "lon": 24.421562443532501, "lat": 46.430334743893219, "elevation_m": 414.0517578125, "distance_m": 2648.2742804405138, "distance_km": 2.6482742804405137, "heading_deg": 27.198928377534742, "slope": 0.0, "slope_deg": 0.0 }, "geometry": { "type": "Point", "coordinates": [ 24.421562443532501, 46.430334743893219 ] } },
{ "type": "Feature", "properties": { "point_id": 884, "lon": 24.421574761627692, "lat": 46.430351264547163, "elevation_m": 414.0517578125, "distance_m": 2651.2742804409345, "distance_km": 2.6512742804409344, "heading_deg": 27.198928399585498, "slope": 0.0, "slope_deg": 0.0 }, "geometry": { "type": "Point", "coordinates": [ 24.421574761627692, 46.430351264547163 ] } },
{ "type": "Feature", "properties": { "point_id": 885, "lon": 24.421587079722883, "lat": 46.430367785196083, "elevation_m": 414.0517578125, "distance_m": 2654.2742804405266, "distance_km": 2.6542742804405264, "heading_deg": 27.198928372203056, "slope": 0.0, "slope_deg": 0.0 }, "geometry": { "type": "Point", "coordinates": [ 24.421587079722883, 46.430367785196083 ] } },
{ "type": "Feature", "properties": { "point_id": 886, "lon": 24.421599397818071, "lat": 46.430384305840008, "elevation_m": 414.0517578125, "distance_m": 2657.2742804409472, "distance_km": 2.657274280440947, "heading_deg": 27.198928398738587, "slope": 0.0, "slope_deg": 0.0 }, "geometry": { "type": "Point", "coordinates": [ 24.421599397818071, 46.430384305840008 ] } },
{ "type": "Feature", "properties": { "point_id": 887, "lon": 24.421611715913262, "lat": 46.430400826478916, "elevation_m": 414.0517578125, "distance_m": 2660.2742804405393, "distance_km": 2.6602742804405395, "heading_deg": 27.198928363917673, "slope": 0.0, "slope_deg": 0.0 }, "geometry": { "type": "Point", "coordinates": [ 24.421611715913262, 46.430400826478916 ] } },
{ "type": "Feature", "properties": { "point_id": 888, "lon": 24.421624034008449, "lat": 46.430417347112829, "elevation_m": 411.84710693359375, "distance_m": 2663.2742804407471, "distance_km": 2.663274280440747, "heading_deg": 27.198928385969282, "slope": -0.73488362625117565, "slope_deg": -36.311557124689294 }, "geometry": { "type": "Point", "coordinates": [ 24.421624034008449, 46.430417347112829 ] } },
{ "type": "Feature", "properties": { "point_id": 889, "lon": 24.421636352103636, "lat": 46.430433867741726, "elevation_m": 411.84710693359375, "distance_m": 2666.2742804411678, "distance_km": 2.6662742804411677, "heading_deg": 27.198928410975554, "slope": 0.0, "slope_deg": 0.0 }, "geometry": { "type": "Point", "coordinates": [ 24.421636352103636, 46.430433867741726 ] } },
{ "type": "Feature", "properties": { "point_id": 890, "lon": 24.421648670198827, "lat": 46.4304503883656, "elevation_m": 411.84710693359375, "distance_m": 2669.2742804407599, "distance_km": 2.6692742804407597, "heading_deg": 27.198928368716395, "slope": 0.0, "slope_deg": 0.0 }, "geometry": { "type": "Point", "coordinates": [ 24.421648670198827, 46.4304503883656 ] } },
{ "type": "Feature", "properties": { "point_id": 891, "lon": 24.421660988294018, "lat": 46.430466908984499, "elevation_m": 411.84710693359375, "distance_m": 2672.2742804411805, "distance_km": 2.6722742804411803, "heading_deg": 27.198928393723065, "slope": 0.0, "slope_deg": 0.0 }, "geometry": { "type": "Point", "coordinates": [ 24.421660988294018, 46.430466908984499 ] } },
{ "type": "Feature", "properties": { "point_id": 892, "lon": 24.421673306389206, "lat": 46.430483429598368, "elevation_m": 411.84710693359375, "distance_m": 2675.2742804407726, "distance_km": 2.6752742804407728, "heading_deg": 27.198928378370567, "slope": 0.0, "slope_deg": 0.0 }, "geometry": { "type": "Point", "coordinates": [ 24.421673306389206, 46.430483429598368 ] } },
{ "type": "Feature", "properties": { "point_id": 893, "lon": 24.421685624484397, "lat": 46.430499950207235, "elevation_m": 411.84710693359375, "distance_m": 2678.2742804411932, "distance_km": 2.6782742804411934, "heading_deg": 27.198928398893258, "slope": 0.0, "slope_deg": 0.0 }, "geometry": { "type": "Point", "coordinates": [ 24.421685624484397, 46.430499950207235 ] } },
{ "type": "Feature", "properties": { "point_id": 894, "lon": 24.421697942579588, "lat": 46.430516470811092, "elevation_m": 411.84710693359375, "distance_m": 2681.2742804407853, "distance_km": 2.6812742804407854, "heading_deg": 27.198928392509913, "slope": 0.0, "slope_deg": 0.0 }, "geometry": { "type": "Point", "coordinates": [ 24.421697942579588, 46.430516470811092 ] } },
{ "type": "Feature", "properties": { "point_id": 895, "lon": 24.421710260674775, "lat": 46.43053299140994, "elevation_m": 411.84710693359375, "distance_m": 2684.2742804409932, "distance_km": 2.6842742804409934, "heading_deg": 27.198928380112477, "slope": 0.0, "slope_deg": 0.0 }, "geometry": { "type": "Point", "coordinates": [ 24.421710260674775, 46.43053299140994 ] } },
{ "type": "Feature", "properties": { "point_id": 896, "lon": 24.421722578769963, "lat": 46.430549512003786, "elevation_m": 411.84710693359375, "distance_m": 2687.2742804405852, "distance_km": 2.6872742804405854, "heading_deg": 27.198928379743847, "slope": 0.0, "slope_deg": 0.0 }, "geometry": { "type": "Point", "coordinates": [ 24.421722578769963, 46.430549512003786 ] } },
{ "type": "Feature", "properties": { "point_id": 897, "lon": 24.421734896865154, "lat": 46.43056603259263, "elevation_m": 411.84710693359375, "distance_m": 2690.2742804410059, "distance_km": 2.690274280441006, "heading_deg": 27.198928410766086, "slope": 0.0, "slope_deg": 0.0 }, "geometry": { "type": "Point", "coordinates": [ 24.421734896865154, 46.43056603259263 ] } },
{ "type": "Feature", "properties": { "point_id": 898, "lon": 24.421747214960345, "lat": 46.43058255317645, "elevation_m": 411.84710693359375, "distance_m": 2693.274280440598, "distance_km": 2.693274280440598, "heading_deg": 27.19892836096426, "slope": 0.0, "slope_deg": 0.0 }, "geometry": { "type": "Point", "coordinates": [ 24.421747214960345, 46.43058255317645 ] } },
{ "type": "Feature", "properties": { "point_id": 899, "lon": 24.421759533055532, "lat": 46.430599073755275, "elevation_m": 411.84710693359375, "distance_m": 2696.2742804410186, "distance_km": 2.6962742804410187, "heading_deg": 27.198928396471274, "slope": 0.0, "slope_deg": 0.0 }, "geometry": { "type": "Point", "coordinates": [ 24.421759533055532, 46.430599073755275 ] } },
{ "type": "Feature", "properties": { "point_id": 900, "lon": 24.421771851150723, "lat": 46.43061559432909, "elevation_m": 411.84710693359375, "distance_m": 2699.2742804406107, "distance_km": 2.6992742804406107, "heading_deg": 27.198928405072252, "slope": 0.0, "slope_deg": 0.0 }, "geometry": { "type": "Point", "coordinates": [ 24.421771851150723, 46.43061559432909 ] } },
{ "type": "Feature", "properties": { "point_id": 901, "lon": 24.421784169245914, "lat": 46.43063211489789, "elevation_m": 411.84710693359375, "distance_m": 2702.2742804410314, "distance_km": 2.7022742804410314, "heading_deg": 27.198928376163053, "slope": 0.0, "slope_deg": 0.0 }, "geometry": { "type": "Point", "coordinates": [ 24.421784169245914, 46.43063211489789 ] } },
{ "type": "Feature", "properties": { "point_id": 902, "lon": 24.421796487341098, "lat": 46.430648635461687, "elevation_m": 411.84710693359375, "distance_m": 2705.2742804404106, "distance_km": 2.7052742804404106, "heading_deg": 27.198928386294256, "slope": 0.0, "slope_deg": 0.0 }, "geometry": { "type": "Point", "coordinates": [ 24.421796487341098, 46.430648635461687 ] } },
{ "type": "Feature", "properties": { "point_id": 903, "lon": 24.421808805436289, "lat": 46.430665156020481, "elevation_m": 414.33663940429688, "distance_m": 2708.2742804408313, "distance_km": 2.7082742804408313, "heading_deg": 27.198928375428352, "slope": 0.82984415678468604, "slope_deg": 39.68738577877069 }, "geometry": { "type": "Point", "coordinates": [ 24.421808805436289, 46.430665156020481 ] } },
{ "type": "Feature", "properties": { "point_id": 904, "lon": 24.42182112353148, "lat": 46.430681676574274, "elevation_m": 414.33663940429688, "distance_m": 2711.2742804404234, "distance_km": 2.7112742804404233, "heading_deg": 27.198928395953374, "slope": 0.0, "slope_deg": 0.0 }, "geometry": { "type": "Point", "coordinates": [ 24.42182112353148, 46.430681676574274 ] } },
{ "type": "Feature", "properties": { "point_id": 905, "lon": 24.421833441626667, "lat": 46.430698197123043, "elevation_m": 412.15115356445312, "distance_m": 2714.274280440844, "distance_km": 2.714274280440844, "heading_deg": 24.314372374850734, "slope": -0.72849527984577156, "slope_deg": -36.073161339366301 }, "geometry": { "type": "Point", "coordinates": [ 24.421833441626667, 46.430698197123043 ] } },
{ "type": "Feature", "properties": { "point_id": 906, "lon": 24.421844516289699, "lat": 46.430715091051333, "elevation_m": 412.15115356445312, "distance_m": 2717.2684436860022, "distance_km": 2.7172684436860024, "heading_deg": 19.884809091978013, "slope": 0.0, "slope_deg": 0.0 }, "geometry": { "type": "Point", "coordinates": [ 24.421844516289699, 46.430715091051333 ] } },
{ "type": "Feature", "properties": { "point_id": 907, "lon": 24.421853682616916, "lat": 46.430732558019557, "elevation_m": 412.15115356445312, "distance_m": 2720.2684436855748, "distance_km": 2.7202684436855749, "heading_deg": 19.884809082344702, "slope": 0.0, "slope_deg": 0.0 }, "geometry": { "type": "Point", "coordinates": [ 24.421853682616916, 46.430732558019557 ] } },
{ "type": "Feature", "properties": { "point_id": 908, "lon": 24.421862848944134, "lat": 46.430750024982189, "elevation_m": 412.15115356445312, "distance_m": 2723.2684436861814, "distance_km": 2.7232684436861816, "heading_deg": 19.884809095440232, "slope": 0.0, "slope_deg": 0.0 }, "geometry": { "type": "Point", "coordinates": [ 24.421862848944134, 46.430750024982189 ] } },
{ "type": "Feature", "properties": { "point_id": 909, "lon": 24.421872015271351, "lat": 46.430767491939214, "elevation_m": 412.15115356445312, "distance_m": 2726.2684436859122, "distance_km": 2.7262684436859121, "heading_deg": 19.884809072459234, "slope": 0.0, "slope_deg": 0.0 }, "geometry": { "type": "Point", "coordinates": [ 24.421872015271351, 46.430767491939214 ] } },
{ "type": "Feature", "properties": { "point_id": 910, "lon": 24.421881181598568, "lat": 46.430784958890655, "elevation_m": 412.15115356445312, "distance_m": 2729.268443685643, "distance_km": 2.7292684436856431, "heading_deg": 19.884809082533252, "slope": 0.0, "slope_deg": 0.0 }, "geometry": { "type": "Point", "coordinates": [ 24.421881181598568, 46.430784958890655 ] } },
{ "type": "Feature", "properties": { "point_id": 911, "lon": 24.421890347925785, "lat": 46.43080242583649, "elevation_m": 412.15115356445312, "distance_m": 2732.2684436860909, "distance_km": 2.7322684436860909, "heading_deg": 19.884809092292357, "slope": 0.0, "slope_deg": 0.0 }, "geometry": { "type": "Point", "coordinates": [ 24.421890347925785, 46.43080242583649 ] } },
{ "type": "Feature", "properties": { "point_id": 912, "lon": 24.421899514253003, "lat": 46.430819892776732, "elevation_m": 412.15115356445312, "distance_m": 2735.2684436858217, "distance_km": 2.7352684436858219, "heading_deg": 19.884809092040541, "slope": 0.0, "slope_deg": 0.0 }, "geometry": { "type": "Point", "coordinates": [ 24.421899514253003, 46.430819892776732 ] } },
{ "type": "Feature", "properties": { "point_id": 913, "lon": 24.421908680580223, "lat": 46.430837359711376, "elevation_m": 412.15115356445312, "distance_m": 2738.2684436855525, "distance_km": 2.7382684436855524, "heading_deg": 19.88480908272345, "slope": 0.0, "slope_deg": 0.0 }, "geometry": { "type": "Point", "coordinates": [ 24.421908680580223, 46.430837359711376 ] } },
{ "type": "Feature", "properties": { "point_id": 914, "lon": 24.421917846907441, "lat": 46.43085482664042, "elevation_m": 412.15115356445312, "distance_m": 2741.2684436861591, "distance_km": 2.7412684436861592, "heading_deg": 19.884809079765375, "slope": 0.0, "slope_deg": 0.0 }, "geometry": { "type": "Point", "coordinates": [ 24.421917846907441, 46.43085482664042 ] } },
{ "type": "Feature", "properties": { "point_id": 915, "lon": 24.421927013234654, "lat": 46.430872293563858, "elevation_m": 412.15115356445312, "distance_m": 2744.2684436857317, "distance_km": 2.7442684436857316, "heading_deg": 12.287926103717211, "slope": 0.0, "slope_deg": 0.0 }, "geometry": { "type": "Point", "coordinates": [ 24.421927013234654, 46.430872293563858 ] } },
{ "type": "Feature", "properties": { "point_id": 916, "lon": 24.421932711710713, "lat": 46.430890325212765, "elevation_m": 412.15115356445312, "distance_m": 2747.2490750503916, "distance_km": 2.7472490750503917, "heading_deg": 6.702701330116497, "slope": 0.0, "slope_deg": 0.0 }, "geometry": { "type": "Point", "coordinates": [ 24.421932711710713, 46.430890325212765 ] } },
{ "type": "Feature", "properties": { "point_id": 917, "lon": 24.421935857186345, "lat": 46.430908772605427, "elevation_m": 412.15115356445312, "distance_m": 2750.249075051031, "distance_km": 2.7502490750510309, "heading_deg": 6.7027013378462925, "slope": 0.0, "slope_deg": 0.0 }, "geometry": { "type": "Point", "coordinates": [ 24.421935857186345, 46.430908772605427 ] } },
{ "type": "Feature", "properties": { "point_id": 918, "lon": 24.421939002661979, "lat": 46.430927219991844, "elevation_m": 412.15115356445312, "distance_m": 2753.2490750507454, "distance_km": 2.7532490750507455, "heading_deg": 6.7027013141325256, "slope": 0.0, "slope_deg": 0.0 }, "geometry": { "type": "Point", "coordinates": [ 24.421939002661979, 46.430927219991844 ] } },
{ "type": "Feature", "properties": { "point_id": 919, "lon": 24.421942148137607, "lat": 46.430945667372022, "elevation_m": 412.15115356445312, "distance_m": 2756.2490750504057, "distance_km": 2.7562490750504058, "heading_deg": 6.7027013398744657, "slope": 0.0, "slope_deg": 0.0 }, "geometry": { "type": "Point", "coordinates": [ 24.421942148137607, 46.430945667372022 ] } },
{ "type": "Feature", "properties": { "point_id": 920, "lon": 24.421945293613241, "lat": 46.430964114745947, "elevation_m": 412.15115356445312, "distance_m": 2759.2490750510451, "distance_km": 2.759249075051045, "heading_deg": 6.7027013397435553, "slope": 0.0, "slope_deg": 0.0 }, "geometry": { "type": "Point", "coordinates": [ 24.421945293613241, 46.430964114745947 ] } },
{ "type": "Feature", "properties": { "point_id": 921, "lon": 24.421948439088876, "lat": 46.430982562113627, "elevation_m": 410.91384887695312, "distance_m": 2762.2490750507595, "distance_km": 2.7622490750507596, "heading_deg": 6.7027013361773697, "slope": -0.41243489587259458, "slope_deg": -22.412959633843183 }, "geometry": { "type": "Point", "coordinates": [ 24.421948439088876, 46.430982562113627 ] } },
{ "type": "Feature", "properties": { "point_id": 922, "lon": 24.421951584564511, "lat": 46.431001009475068, "elevation_m": 410.91384887695312, "distance_m": 2765.2490750504739, "distance_km": 2.7652490750504741, "heading_deg": 1.8100510837454635, "slope": 0.0, "slope_deg": 0.0 }, "geometry": { "type": "Point", "coordinates": [ 24.421951584564511, 46.431001009475068 ] } },
{ "type": "Feature", "properties": { "point_id": 923, "lon": 24.421952435777559, "lat": 46.43101957418142, "elevation_m": 410.91384887695312, "distance_m": 2768.2490211447616, "distance_km": 2.7682490211447615, "heading_deg": 1.7859527883339865, "slope": 0.0, "slope_deg": 0.0 }, "geometry": { "type": "Point", "coordinates": [ 24.421952435777559, 46.43101957418142 ] } },
{ "type": "Feature", "properties": { "point_id": 924, "lon": 24.421953275676682, "lat": 46.431038139460142, "elevation_m": 410.91384887695312, "distance_m": 2771.2490211447766, "distance_km": 2.7712490211447767, "heading_deg": 1.785952773809413, "slope": 0.0, "slope_deg": 0.0 }, "geometry": { "type": "Point", "coordinates": [ 24.421953275676682, 46.431038139460142 ] } },
{ "type": "Feature", "properties": { "point_id": 925, "lon": 24.421954115575801, "lat": 46.431056704732548, "elevation_m": 410.91384887695312, "distance_m": 2774.2490211447771, "distance_km": 2.7742490211447772, "heading_deg": 1.7859527746368826, "slope": 0.0, "slope_deg": 0.0 }, "geometry": { "type": "Point", "coordinates": [ 24.421954115575801, 46.431056704732548 ] } },
{ "type": "Feature", "properties": { "point_id": 926, "lon": 24.42195495547492, "lat": 46.431075269998622, "elevation_m": 410.91384887695312, "distance_m": 2777.2490211447775, "distance_km": 2.7772490211447773, "heading_deg": 1.785952767176866, "slope": 0.0, "slope_deg": 0.0 }, "geometry": { "type": "Point", "coordinates": [ 24.42195495547492, 46.431075269998622 ] } },
{ "type": "Feature", "properties": { "point_id": 927, "lon": 24.421955795374036, "lat": 46.431093835258373, "elevation_m": 410.91384887695312, "distance_m": 2780.249021144778, "distance_km": 2.7802490211447779, "heading_deg": 0.46813788852972493, "slope": 0.0, "slope_deg": 0.0 }, "geometry": { "type": "Point", "coordinates": [ 24.421955795374036, 46.431093835258373 ] } },
{ "type": "Feature", "properties": { "point_id": 928, "lon": 24.421956015413709, "lat": 46.431112396283034, "elevation_m": 410.91384887695312, "distance_m": 2783.2469809004692, "distance_km": 2.7832469809004694, "heading_deg": 357.07982358852291, "slope": 0.0, "slope_deg": 0.0 }, "geometry": { "type": "Point", "coordinates": [ 24.421956015413709, 46.431112396283034 ] } },
{ "type": "Feature", "properties": { "point_id": 929, "lon": 24.421954642483261, "lat": 46.431130946433854, "elevation_m": 410.91384887695312, "distance_m": 2786.2469809001218, "distance_km": 2.7862469809001218, "heading_deg": 357.07982360255977, "slope": 0.0, "slope_deg": 0.0 }, "geometry": { "type": "Point", "coordinates": [ 24.421954642483261, 46.431130946433854 ] } },
{ "type": "Feature", "properties": { "point_id": 930, "lon": 24.421953269552819, "lat": 46.431149496578371, "elevation_m": 410.91384887695312, "distance_m": 2789.2469808997744, "distance_km": 2.7892469808997742, "heading_deg": 357.07982358432997, "slope": 0.0, "slope_deg": 0.0 }, "geometry": { "type": "Point", "coordinates": [ 24.421953269552819, 46.431149496578371 ] } },
{ "type": "Feature", "properties": { "point_id": 931, "lon": 24.421951896622371, "lat": 46.431168046716571, "elevation_m": 410.91384887695312, "distance_m": 2792.2469809003569, "distance_km": 2.7922469809003569, "heading_deg": 357.07982359736712, "slope": 0.0, "slope_deg": 0.0 }, "geometry": { "type": "Point", "coordinates": [ 24.421951896622371, 46.431168046716571 ] } },
{ "type": "Feature", "properties": { "point_id": 932, "lon": 24.421950523691926, "lat": 46.431186596848463, "elevation_m": 410.91384887695312, "distance_m": 2795.2469809000095, "distance_km": 2.7952469809000093, "heading_deg": 357.07982359489853, "slope": 0.0, "slope_deg": 0.0 }, "geometry": { "type": "Point", "coordinates": [ 24.421950523691926, 46.431186596848463 ] } },
{ "type": "Feature", "properties": { "point_id": 933, "lon": 24.421949150761481, "lat": 46.431205146974037, "elevation_m": 410.91384887695312, "distance_m": 2798.246980899662, "distance_km": 2.7982469808996622, "heading_deg": 357.07982358967524, "slope": 0.0, "slope_deg": 0.0 }, "geometry": { "type": "Point", "coordinates": [ 24.421949150761481, 46.431205146974037 ] } },
{ "type": "Feature", "properties": { "point_id": 934, "lon": 24.421947777831036, "lat": 46.431223697093294, "elevation_m": 410.91384887695312, "distance_m": 2801.2469809002446, "distance_km": 2.8012469809002445, "heading_deg": 357.07982359020554, "slope": 0.0, "slope_deg": 0.0 }, "geometry": { "type": "Point", "coordinates": [ 24.421947777831036, 46.431223697093294 ] } },
{ "type": "Feature", "properties": { "point_id": 935, "lon": 24.421946404900588, "lat": 46.431242247206249, "elevation_m": 410.91384887695312, "distance_m": 2804.2469808998972, "distance_km": 2.8042469808998973, "heading_deg": 357.07982360274275, "slope": 0.0, "slope_deg": 0.0 }, "geometry": { "type": "Point", "coordinates": [ 24.421946404900588, 46.431242247206249 ] } },
{ "type": "Feature", "properties": { "point_id": 936, "lon": 24.421945031970147, "lat": 46.431260797312881, "elevation_m": 409.923095703125, "distance_m": 2807.2469809004797, "distance_km": 2.8072469809004796, "heading_deg": 357.07982358301325, "slope": -0.33025105787858111, "slope_deg": -18.27586088815794 }, "geometry": { "type": "Point", "coordinates": [ 24.421945031970147, 46.431260797312881 ] } },
{ "type": "Feature", "properties": { "point_id": 937, "lon": 24.421943659039698, "lat": 46.431279347413195, "elevation_m": 409.923095703125, "distance_m": 2810.2469809001323, "distance_km": 2.8102469809001325, "heading_deg": 357.07982358979683, "slope": 0.0, "slope_deg": 0.0 }, "geometry": { "type": "Point", "coordinates": [ 24.421943659039698, 46.431279347413195 ] } },
{ "type": "Feature", "properties": { "point_id": 938, "lon": 24.42194228610925, "lat": 46.4312978975072, "elevation_m": 409.923095703125, "distance_m": 2813.2469808997848, "distance_km": 2.8132469808997849, "heading_deg": 357.07982360483305, "slope": 0.0, "slope_deg": 0.0 }, "geometry": { "type": "Point", "coordinates": [ 24.42194228610925, 46.4312978975072 ] } },
{ "type": "Feature", "properties": { "point_id": 939, "lon": 24.421940913178808, "lat": 46.431316447594902, "elevation_m": 409.923095703125, "distance_m": 2816.2469809003674, "distance_km": 2.8162469809003672, "heading_deg": 357.07982358110496, "slope": 0.0, "slope_deg": 0.0 }, "geometry": { "type": "Point", "coordinates": [ 24.421940913178808, 46.431316447594902 ] } },
{ "type": "Feature", "properties": { "point_id": 940, "lon": 24.42193954024836, "lat": 46.431334997676281, "elevation_m": 409.923095703125, "distance_m": 2819.2469809000199, "distance_km": 2.81924698090002, "heading_deg": 357.07982359714077, "slope": 0.0, "slope_deg": 0.0 }, "geometry": { "type": "Point", "coordinates": [ 24.42193954024836, 46.431334997676281 ] } },
{ "type": "Feature", "properties": { "point_id": 941, "lon": 24.421938167317915, "lat": 46.431353547751343, "elevation_m": 409.923095703125, "distance_m": 2822.2469808996725, "distance_km": 2.8222469808996724, "heading_deg": 357.07982359667113, "slope": 0.0, "slope_deg": 0.0 }, "geometry": { "type": "Point", "coordinates": [ 24.421938167317915, 46.431353547751343 ] } },
{ "type": "Feature", "properties": { "point_id": 942, "lon": 24.42193679438747, "lat": 46.431372097820095, "elevation_m": 409.923095703125, "distance_m": 2825.246980900255, "distance_km": 2.8252469809002552, "heading_deg": 357.07982358994815, "slope": 0.0, "slope_deg": 0.0 }, "geometry": { "type": "Point", "coordinates": [ 24.42193679438747, 46.431372097820095 ] } },
{ "type": "Feature", "properties": { "point_id": 943, "lon": 24.421935421457025, "lat": 46.431390647882537, "elevation_m": 409.923095703125, "distance_m": 2828.2469808999076, "distance_km": 2.8282469808999076, "heading_deg": 357.07982358897863, "slope": 0.0, "slope_deg": 0.0 }, "geometry": { "type": "Point", "coordinates": [ 24.421935421457025, 46.431390647882537 ] } },
{ "type": "Feature", "properties": { "point_id": 944, "lon": 24.421934048526577, "lat": 46.431409197938656, "elevation_m": 409.923095703125, "distance_m": 2831.2469808995602, "distance_km": 2.8312469808995604, "heading_deg": 357.07982359576198, "slope": 0.0, "slope_deg": 0.0 }, "geometry": { "type": "Point", "coordinates": [ 24.421934048526577, 46.431409197938656 ] } },
{ "type": "Feature", "properties": { "point_id": 945, "lon": 24.421932675596132, "lat": 46.431427747988465, "elevation_m": 409.923095703125, "distance_m": 2834.2469809001427, "distance_km": 2.8342469809001427, "heading_deg": 357.07982359053835, "slope": 0.0, "slope_deg": 0.0 }, "geometry": { "type": "Point", "coordinates": [ 24.421932675596132, 46.431427747988465 ] } },
{ "type": "Feature", "properties": { "point_id": 946, "lon": 24.421931302665687, "lat": 46.431446298031965, "elevation_m": 409.923095703125, "distance_m": 2837.2469808997953, "distance_km": 2.8372469808997951, "heading_deg": 357.07982359732159, "slope": 0.0, "slope_deg": 0.0 }, "geometry": { "type": "Point", "coordinates": [ 24.421931302665687, 46.431446298031965 ] } },
{ "type": "Feature", "properties": { "point_id": 947, "lon": 24.421929929735242, "lat": 46.431464848069155, "elevation_m": 409.923095703125, "distance_m": 2840.2469809003778, "distance_km": 2.8402469809003779, "heading_deg": 357.07982358909896, "slope": 0.0, "slope_deg": 0.0 }, "geometry": { "type": "Point", "coordinates": [ 24.421929929735242, 46.431464848069155 ] } },
{ "type": "Feature", "properties": { "point_id": 948, "lon": 24.421928556804794, "lat": 46.431483398100021, "elevation_m": 409.923095703125, "distance_m": 2843.2469809000304, "distance_km": 2.8432469809000303, "heading_deg": 357.07982358962875, "slope": 0.0, "slope_deg": 0.0 }, "geometry": { "type": "Point", "coordinates": [ 24.421928556804794, 46.431483398100021 ] } },
{ "type": "Feature", "properties": { "point_id": 949, "lon": 24.421927183874349, "lat": 46.431501948124577, "elevation_m": 409.923095703125, "distance_m": 2846.246980899683, "distance_km": 2.8462469808996831, "heading_deg": 357.07982359741163, "slope": 0.0, "slope_deg": 0.0 }, "geometry": { "type": "Point", "coordinates": [ 24.421927183874349, 46.431501948124577 ] } },
{ "type": "Feature", "properties": { "point_id": 950, "lon": 24.421925810943904, "lat": 46.431520498142824, "elevation_m": 409.923095703125, "distance_m": 2849.2469809002655, "distance_km": 2.8492469809002654, "heading_deg": 357.07982358868901, "slope": 0.0, "slope_deg": 0.0 }, "geometry": { "type": "Point", "coordinates": [ 24.421925810943904, 46.431520498142824 ] } },
{ "type": "Feature", "properties": { "point_id": 951, "lon": 24.421924438013455, "lat": 46.431539048154754, "elevation_m": 409.39852905273438, "distance_m": 2852.2469808999181, "distance_km": 2.8522469808999182, "heading_deg": 357.07982359647178, "slope": -0.17485555015045817, "slope_deg": -9.9182148750641073 }, "geometry": { "type": "Point", "coordinates": [ 24.421924438013455, 46.431539048154754 ] } },
{ "type": "Feature", "properties": { "point_id": 952, "lon": 24.421923065083014, "lat": 46.431557598160367, "elevation_m": 409.39852905273438, "distance_m": 2855.2469808995706, "distance_km": 2.8552469808995706, "heading_deg": 357.07982359224758, "slope": 0.0, "slope_deg": 0.0 }, "geometry": { "type": "Point", "coordinates": [ 24.421923065083014, 46.431557598160367 ] } },
{ "type": "Feature", "properties": { "point_id": 953, "lon": 24.421921692152566, "lat": 46.431576148159678, "elevation_m": 409.39852905273438, "distance_m": 2858.2469809001532, "distance_km": 2.8582469809001534, "heading_deg": 356.31549009786607, "slope": 0.0, "slope_deg": 0.0 }, "geometry": { "type": "Point", "coordinates": [ 24.421921692152566, 46.431576148159678 ] } },
{ "type": "Feature", "properties": { "point_id": 954, "lon": 24.421919960468927, "lat": 46.431594682202537, "elevation_m": 409.39852905273438, "distance_m": 2861.246709505072, "distance_km": 2.861246709505072, "heading_deg": 355.53838509089769, "slope": 0.0, "slope_deg": 0.0 }, "geometry": { "type": "Point", "coordinates": [ 24.421919960468927, 46.431594682202537 ] } },
{ "type": "Feature", "properties": { "point_id": 955, "lon": 24.42191786403793, "lat": 46.431613200022461, "elevation_m": 409.39852905273438, "distance_m": 2864.2467095047205, "distance_km": 2.8642467095047204, "heading_deg": 355.53838508136897, "slope": 0.0, "slope_deg": 0.0 }, "geometry": { "type": "Point", "coordinates": [ 24.42191786403793, 46.431613200022461 ] } },
{ "type": "Feature", "properties": { "point_id": 956, "lon": 24.421915767606926, "lat": 46.431631717836105, "elevation_m": 409.39852905273438, "distance_m": 2867.2467095044053, "distance_km": 2.8672467095044052, "heading_deg": 355.53838509117406, "slope": 0.0, "slope_deg": 0.0 }, "geometry": { "type": "Point", "coordinates": [ 24.421915767606926, 46.431631717836105 ] } },
{ "type": "Feature", "properties": { "point_id": 957, "lon": 24.421913671175929, "lat": 46.431650235643453, "elevation_m": 409.39852905273438, "distance_m": 2870.2467095049824, "distance_km": 2.8702467095049822, "heading_deg": 355.53838507935563, "slope": 0.0, "slope_deg": 0.0 }, "geometry": { "type": "Point", "coordinates": [ 24.421913671175929, 46.431650235643453 ] } },
{ "type": "Feature", "properties": { "point_id": 958, "lon": 24.421911574744925, "lat": 46.431668753444512, "elevation_m": 409.39852905273438, "distance_m": 2873.2467095046673, "distance_km": 2.8732467095046674, "heading_deg": 355.53838508470881, "slope": 0.0, "slope_deg": 0.0 }, "geometry": { "type": "Point", "coordinates": [ 24.421911574744925, 46.431668753444512 ] } },
{ "type": "Feature", "properties": { "point_id": 959, "lon": 24.421909478313925, "lat": 46.431687271239269, "elevation_m": 409.39852905273438, "distance_m": 2876.2467095043521, "distance_km": 2.8762467095043522, "heading_deg": 355.5383850863733, "slope": 0.0, "slope_deg": 0.0 }, "geometry": { "type": "Point", "coordinates": [ 24.421909478313925, 46.431687271239269 ] } },
{ "type": "Feature", "properties": { "point_id": 960, "lon": 24.421907381882924, "lat": 46.431705789027745, "elevation_m": 409.39852905273438, "distance_m": 2879.2467095049292, "distance_km": 2.8792467095049292, "heading_deg": 355.53838508498484, "slope": 0.0, "slope_deg": 0.0 }, "geometry": { "type": "Point", "coordinates": [ 24.421907381882924, 46.431705789027745 ] } },
{ "type": "Feature", "properties": { "point_id": 961, "lon": 24.421905285451924, "lat": 46.431724306809926, "elevation_m": 409.39852905273438, "distance_m": 2882.246709504614, "distance_km": 2.882246709504614, "heading_deg": 355.5383850799077, "slope": 0.0, "slope_deg": 0.0 }, "geometry": { "type": "Point", "coordinates": [ 24.421905285451924, 46.431724306809926 ] } },
{ "type": "Feature", "properties": { "point_id": 962, "lon": 24.42190318902092, "lat": 46.431742824585818, "elevation_m": 409.39852905273438, "distance_m": 2885.2467095051911, "distance_km": 2.885246709505191, "heading_deg": 355.53838508602388, "slope": 0.0, "slope_deg": 0.0 }, "geometry": { "type": "Point", "coordinates": [ 24.42190318902092, 46.431742824585818 ] } },
{ "type": "Feature", "properties": { "point_id": 963, "lon": 24.42190109258992, "lat": 46.431761342355415, "elevation_m": 409.39852905273438, "distance_m": 2888.246709504876, "distance_km": 2.8882467095048758, "heading_deg": 355.53838508310884, "slope": 0.0, "slope_deg": 0.0 }, "geometry": { "type": "Point", "coordinates": [ 24.42190109258992, 46.431761342355415 ] } },
{ "type": "Feature", "properties": { "point_id": 964, "lon": 24.421898996158919, "lat": 46.431779860118716, "elevation_m": 409.39852905273438, "distance_m": 2891.2467095045245, "distance_km": 2.8912467095045247, "heading_deg": 355.53838508553633, "slope": 0.0, "slope_deg": 0.0 }, "geometry": { "type": "Point", "coordinates": [ 24.421898996158919, 46.431779860118716 ] } },
{ "type": "Feature", "properties": { "point_id": 965, "lon": 24.421896899727919, "lat": 46.431798377875729, "elevation_m": 409.39852905273438, "distance_m": 2894.2467095051375, "distance_km": 2.8942467095051376, "heading_deg": 355.5383850864373, "slope": 0.0, "slope_deg": 0.0 }, "geometry": { "type": "Point", "coordinates": [ 24.421896899727919, 46.431798377875729 ] } },
{ "type": "Feature", "properties": { "point_id": 966, "lon": 24.421894803296919, "lat": 46.431816895626454, "elevation_m": 408.4190673828125, "distance_m": 2897.2467095047859, "distance_km": 2.897246709504786, "heading_deg": 355.53838508352209, "slope": -0.32648722334554725, "slope_deg": -18.081198877831451 }, "geometry": { "type": "Point", "coordinates": [ 24.421894803296919, 46.431816895626454 ] } },
{ "type": "Feature", "properties": { "point_id": 967, "lon": 24.421892706865918, "lat": 46.431835413370884, "elevation_m": 408.4190673828125, "distance_m": 2900.2467095044708, "distance_km": 2.9002467095044708, "heading_deg": 355.5383850890023, "slope": 0.0, "slope_deg": 0.0 }, "geometry": { "type": "Point", "coordinates": [ 24.421892706865918, 46.431835413370884 ] } },
{ "type": "Feature", "properties": { "point_id": 968, "lon": 24.421890610434918, "lat": 46.431853931109032, "elevation_m": 408.4190673828125, "distance_m": 2903.2467095050479, "distance_km": 2.9032467095050478, "heading_deg": 355.53838508150767, "slope": 0.0, "slope_deg": 0.0 }, "geometry": { "type": "Point", "coordinates": [ 24.421890610434918, 46.431853931109032 ] } },
{ "type": "Feature", "properties": { "point_id": 969, "lon": 24.421888514003918, "lat": 46.431872448840863, "elevation_m": 408.4190673828125, "distance_m": 2906.2467095047327, "distance_km": 2.9062467095047326, "heading_deg": 355.53838508546136, "slope": 0.0, "slope_deg": 0.0 }, "geometry": { "type": "Point", "coordinates": [ 24.421888514003918, 46.431872448840863 ] } },
{ "type": "Feature", "properties": { "point_id": 970, "lon": 24.421886417572917, "lat": 46.431890966566421, "elevation_m": 408.4190673828125, "distance_m": 2909.2467095043812, "distance_km": 2.909246709504381, "heading_deg": 355.53838508865169, "slope": 0.0, "slope_deg": 0.0 }, "geometry": { "type": "Point", "coordinates": [ 24.421886417572917, 46.431890966566421 ] } },
{ "type": "Feature", "properties": { "point_id": 971, "lon": 24.421884321141917, "lat": 46.43190948428569, "elevation_m": 408.4190673828125, "distance_m": 2912.2467095049942, "distance_km": 2.9122467095049944, "heading_deg": 355.53838507670508, "slope": 0.0, "slope_deg": 0.0 }, "geometry": { "type": "Point", "coordinates": [ 24.421884321141917, 46.43190948428569 ] } },
{ "type": "Feature", "properties": { "point_id": 972, "lon": 24.421882224710913, "lat": 46.431928001998656, "elevation_m": 408.4190673828125, "distance_m": 2915.2467095046791, "distance_km": 2.9152467095046792, "heading_deg": 355.5383850858737, "slope": 0.0, "slope_deg": 0.0 }, "geometry": { "type": "Point", "coordinates": [ 24.421882224710913, 46.431928001998656 ] } },
{ "type": "Feature", "properties": { "point_id": 973, "lon": 24.421880128279913, "lat": 46.431946519705335, "elevation_m": 408.4190673828125, "distance_m": 2918.2467095043276, "distance_km": 2.9182467095043276, "heading_deg": 355.53838508524785, "slope": 0.0, "slope_deg": 0.0 }, "geometry": { "type": "Point", "coordinates": [ 24.421880128279913, 46.431946519705335 ] } },
{ "type": "Feature", "properties": { "point_id": 974, "lon": 24.421878031848912, "lat": 46.431965037405732, "elevation_m": 408.4190673828125, "distance_m": 2921.2467095049406, "distance_km": 2.9212467095049406, "heading_deg": 355.5383850869116, "slope": 0.0, "slope_deg": 0.0 }, "geometry": { "type": "Point", "coordinates": [ 24.421878031848912, 46.431965037405732 ] } },
{ "type": "Feature", "properties": { "point_id": 975, "lon": 24.421875935417912, "lat": 46.431983555099826, "elevation_m": 408.4190673828125, "distance_m": 2924.246709504589, "distance_km": 2.924246709504589, "heading_deg": 355.53838507801765, "slope": 0.0, "slope_deg": 0.0 }, "geometry": { "type": "Point", "coordinates": [ 24.421875935417912, 46.431983555099826 ] } },
{ "type": "Feature", "properties": { "point_id": 976, "lon": 24.421873838986908, "lat": 46.432002072787633, "elevation_m": 408.4190673828125, "distance_m": 2927.246709505202, "distance_km": 2.9272467095052019, "heading_deg": 358.04785561452917, "slope": 0.0, "slope_deg": 0.0 }, "geometry": { "type": "Point", "coordinates": [ 24.421873838986908, 46.432002072787633 ] } },
{ "type": "Feature", "properties": { "point_id": 977, "lon": 24.421872922517384, "lat": 46.432020604483895, "elevation_m": 408.4190673828125, "distance_m": 2930.2416202984759, "distance_km": 2.9302416202984758, "heading_deg": 2.4870440523167758, "slope": 0.0, "slope_deg": 0.0 }, "geometry": { "type": "Point", "coordinates": [ 24.421872922517384, 46.432020604483895 ] } },
{ "type": "Feature", "properties": { "point_id": 978, "lon": 24.421874091948307, "lat": 46.432039160948719, "elevation_m": 408.4190673828125, "distance_m": 2933.2416202984764, "distance_km": 2.9332416202984763, "heading_deg": 2.4870440533914007, "slope": 0.0, "slope_deg": 0.0 }, "geometry": { "type": "Point", "coordinates": [ 24.421874091948307, 46.432039160948719 ] } },
{ "type": "Feature", "properties": { "point_id": 979, "lon": 24.421875261379228, "lat": 46.432057717407218, "elevation_m": 408.4190673828125, "distance_m": 2936.2416202984768, "distance_km": 2.9362416202984769, "heading_deg": 2.4870440514858387, "slope": 0.0, "slope_deg": 0.0 }, "geometry": { "type": "Point", "coordinates": [ 24.421875261379228, 46.432057717407218 ] } },
{ "type": "Feature", "properties": { "point_id": 980, "lon": 24.421876430810151, "lat": 46.432076273859415, "elevation_m": 408.4190673828125, "distance_m": 2939.2416202984773, "distance_km": 2.9392416202984775, "heading_deg": 2.4870440601676478, "slope": 0.0, "slope_deg": 0.0 }, "geometry": { "type": "Point", "coordinates": [ 24.421876430810151, 46.432076273859415 ] } },
{ "type": "Feature", "properties": { "point_id": 981, "lon": 24.421877600241075, "lat": 46.432094830305282, "elevation_m": 407.3963623046875, "distance_m": 2942.2416202984778, "distance_km": 2.9422416202984776, "heading_deg": 2.4870440591136571, "slope": -0.34090169270828163, "slope_deg": -18.824330266025676 }, "geometry": { "type": "Point", "coordinates": [ 24.421877600241075, 46.432094830305282 ] } },
{ "type": "Feature", "properties": { "point_id": 982, "lon": 24.421878769672002, "lat": 46.432113386744838, "elevation_m": 407.3963623046875, "distance_m": 2945.2416202984982, "distance_km": 2.9452416202984981, "heading_deg": 2.4870440530070255, "slope": 0.0, "slope_deg": 0.0 }, "geometry": { "type": "Point", "coordinates": [ 24.421878769672002, 46.432113386744838 ] } },
{ "type": "Feature", "properties": { "point_id": 983, "lon": 24.421879939102922, "lat": 46.432131943178071, "elevation_m": 407.3963623046875, "distance_m": 2948.2416202984987, "distance_km": 2.9482416202984987, "heading_deg": 2.4870440536560636, "slope": 0.0, "slope_deg": 0.0 }, "geometry": { "type": "Point", "coordinates": [ 24.421879939102922, 46.432131943178071 ] } },
{ "type": "Feature", "properties": { "point_id": 984, "lon": 24.421881108533846, "lat": 46.43215049960498, "elevation_m": 407.3963623046875, "distance_m": 2951.2416202984991, "distance_km": 2.9512416202984992, "heading_deg": 2.4870440521764294, "slope": 0.0, "slope_deg": 0.0 }, "geometry": { "type": "Point", "coordinates": [ 24.421881108533846, 46.43215049960498 ] } },
{ "type": "Feature", "properties": { "point_id": 985, "lon": 24.421882277964766, "lat": 46.432169056025579, "elevation_m": 407.3963623046875, "distance_m": 2954.2416202984996, "distance_km": 2.9542416202984998, "heading_deg": 3.6519617576566361, "slope": 0.0, "slope_deg": 0.0 }, "geometry": { "type": "Point", "coordinates": [ 24.421882277964766, 46.432169056025579 ] } },
{ "type": "Feature", "properties": { "point_id": 986, "lon": 24.421883993687409, "lat": 46.432187583150267, "elevation_m": 407.3963623046875, "distance_m": 2957.2401526136227, "distance_km": 2.9572401526136227, "heading_deg": 6.4093566975119529, "slope": 0.0, "slope_deg": 0.0 }, "geometry": { "type": "Point", "coordinates": [ 24.421883993687409, 46.432187583150267 ] } },
{ "type": "Feature", "properties": { "point_id": 987, "lon": 24.421887002088802, "lat": 46.432206040961312, "elevation_m": 407.3963623046875, "distance_m": 2960.2401526131766, "distance_km": 2.9602401526131765, "heading_deg": 6.4093567126801645, "slope": 0.0, "slope_deg": 0.0 }, "geometry": { "type": "Point", "coordinates": [ 24.421887002088802, 46.432206040961312 ] } },
{ "type": "Feature", "properties": { "point_id": 988, "lon": 24.421890010490202, "lat": 46.432224498766104, "elevation_m": 407.3963623046875, "distance_m": 2963.2401526137078, "distance_km": 2.9632401526137078, "heading_deg": 6.4093567178429112, "slope": 0.0, "slope_deg": 0.0 }, "geometry": { "type": "Point", "coordinates": [ 24.421890010490202, 46.432224498766104 ] } },
{ "type": "Feature", "properties": { "point_id": 989, "lon": 24.421893018891602, "lat": 46.432242956564643, "elevation_m": 407.3963623046875, "distance_m": 2966.2401526133135, "distance_km": 2.9662401526133135, "heading_deg": 6.4093567072275164, "slope": 0.0, "slope_deg": 0.0 }, "geometry": { "type": "Point", "coordinates": [ 24.421893018891602, 46.432242956564643 ] } },
{ "type": "Feature", "properties": { "point_id": 990, "lon": 24.421896027292998, "lat": 46.432261414356923, "elevation_m": 407.3963623046875, "distance_m": 2969.2401526129192, "distance_km": 2.9692401526129193, "heading_deg": 6.4093567080095113, "slope": 0.0, "slope_deg": 0.0 }, "geometry": { "type": "Point", "coordinates": [ 24.421896027292998, 46.432261414356923 ] } },
{ "type": "Feature", "properties": { "point_id": 991, "lon": 24.421899035694398, "lat": 46.432279872142971, "elevation_m": 407.3963623046875, "distance_m": 2972.2401526134504, "distance_km": 2.9722401526134505, "heading_deg": 6.4093566941085101, "slope": 0.0, "slope_deg": 0.0 }, "geometry": { "type": "Point", "coordinates": [ 24.421899035694398, 46.432279872142971 ] } },
{ "type": "Feature", "properties": { "point_id": 992, "lon": 24.421902044095791, "lat": 46.432298329922759, "elevation_m": 407.3963623046875, "distance_m": 2975.2401526130043, "distance_km": 2.9752401526130043, "heading_deg": 20.627705770448244, "slope": 0.0, "slope_deg": 0.0 }, "geometry": { "type": "Point", "coordinates": [ 24.421902044095791, 46.432298329922759 ] } },
{ "type": "Feature", "properties": { "point_id": 993, "lon": 24.42191151123183, "lat": 46.432315663561099, "elevation_m": 407.3963623046875, "distance_m": 2978.2316195753374, "distance_km": 2.9782316195753373, "heading_deg": 21.936197008890247, "slope": 0.0, "slope_deg": 0.0 }, "geometry": { "type": "Point", "coordinates": [ 24.42191151123183, 46.432315663561099 ] } },
{ "type": "Feature", "properties": { "point_id": 994, "lon": 24.421921578847073, "lat": 46.432332892681266, "elevation_m": 407.3963623046875, "distance_m": 2981.2316195753801, "distance_km": 2.9812316195753801, "heading_deg": 21.936197007160217, "slope": 0.0, "slope_deg": 0.0 }, "geometry": { "type": "Point", "coordinates": [ 24.421921578847073, 46.432332892681266 ] } },
{ "type": "Feature", "properties": { "point_id": 995, "lon": 24.421931646462319, "lat": 46.432350121795984, "elevation_m": 407.3963623046875, "distance_m": 2984.2316195754229, "distance_km": 2.9842316195754228, "heading_deg": 21.936197009095679, "slope": 0.0, "slope_deg": 0.0 }, "geometry": { "type": "Point", "coordinates": [ 24.421931646462319, 46.432350121795984 ] } },
{ "type": "Feature", "properties": { "point_id": 996, "lon": 24.421941714077562, "lat": 46.432367350905253, "elevation_m": 406.73495483398438, "distance_m": 2987.2316195754656, "distance_km": 2.9872316195754656, "heading_deg": 21.932526203191003, "slope": -0.22046915689790025, "slope_deg": -12.433055748167426 }, "geometry": { "type": "Point", "coordinates": [ 24.421941714077562, 46.432367350905253 ] } },
{ "type": "Feature", "properties": { "point_id": 997, "lon": 24.42195178009101, "lat": 46.43238458045326, "elevation_m": 406.73495483398438, "distance_m": 2990.2316195184453, "distance_km": 2.9902316195184455, "heading_deg": 21.898551512426366, "slope": 0.0, "slope_deg": 0.0 }, "geometry": { "type": "Point", "coordinates": [ 24.42195178009101, 46.43238458045326 ] } },
{ "type": "Feature", "properties": { "point_id": 998, "lon": 24.42196183127923, "lat": 46.432401814106903, "elevation_m": 406.73495483398438, "distance_m": 2993.2316195176372, "distance_km": 2.9932316195176374, "heading_deg": 21.898551508956416, "slope": 0.0, "slope_deg": 0.0 }, "geometry": { "type": "Point", "coordinates": [ 24.42196183127923, 46.432401814106903 ] } },
{ "type": "Feature", "properties": { "point_id": 999, "lon": 24.421971882467457, "lat": 46.432419047755104, "elevation_m": 406.73495483398438, "distance_m": 2996.2316195176932, "distance_km": 2.996231619517693, "heading_deg": 21.898551513323468, "slope": 0.0, "slope_deg": 0.0 }, "geometry": { "type": "Point", "coordinates": [ 24.421971882467457, 46.432419047755104 ] } },
{ "type": "Feature", "properties": { "point_id": 1000, "lon": 24.42198193365568, "lat": 46.432436281397848, "elevation_m": 406.73495483398438, "distance_m": 2999.2316195177491, "distance_km": 2.9992316195177491, "heading_deg": 21.898551538083439, "slope": 0.0, "slope_deg": 0.0 }, "geometry": { "type": "Point", "coordinates": [ 24.42198193365568, 46.432436281397848 ] } },
{ "type": "Feature", "properties": { "point_id": 1001, "lon": 24.42199198484391, "lat": 46.432453515035135, "elevation_m": 406.73495483398438, "distance_m": 3002.2316195179787, "distance_km": 3.0022316195179788, "heading_deg": 25.483861628184172, "slope": 0.0, "slope_deg": 0.0 }, "geometry": { "type": "Point", "coordinates": [ 24.42199198484391, 46.432453515035135 ] } },
{ "type": "Feature", "properties": { "point_id": 1002, "lon": 24.422003544746548, "lat": 46.432470230709583, "elevation_m": 406.73495483398438, "distance_m": 3005.2224894516439, "distance_km": 3.0052224894516439, "heading_deg": 31.059284216840808, "slope": 0.0, "slope_deg": 0.0 }, "geometry": { "type": "Point", "coordinates": [ 24.422003544746548, 46.432470230709583 ] } },
{ "type": "Feature", "properties": { "point_id": 1003, "lon": 24.422017448640265, "lat": 46.432486141662544, "elevation_m": 406.73495483398438, "distance_m": 3008.222489451608, "distance_km": 3.0082224894516081, "heading_deg": 31.059284220265113, "slope": 0.0, "slope_deg": 0.0 }, "geometry": { "type": "Point", "coordinates": [ 24.422017448640265, 46.432486141662544 ] } },
{ "type": "Feature", "properties": { "point_id": 1004, "lon": 24.422031352533981, "lat": 46.432502052610857, "elevation_m": 406.73495483398438, "distance_m": 3011.2224894515721, "distance_km": 3.0112224894515722, "heading_deg": 31.059284191126267, "slope": 0.0, "slope_deg": 0.0 }, "geometry": { "type": "Point", "coordinates": [ 24.422031352533981, 46.432502052610857 ] } },
{ "type": "Feature", "properties": { "point_id": 1005, "lon": 24.422045256427694, "lat": 46.432517963554538, "elevation_m": 406.73495483398438, "distance_m": 3014.2224894523342, "distance_km": 3.0142224894523344, "heading_deg": 31.059284219860274, "slope": 0.0, "slope_deg": 0.0 }, "geometry": { "type": "Point", "coordinates": [ 24.422045256427694, 46.432517963554538 ] } },
{ "type": "Feature", "properties": { "point_id": 1006, "lon": 24.42205916032141, "lat": 46.432533874493565, "elevation_m": 406.73495483398438, "distance_m": 3017.2224894522983, "distance_km": 3.0172224894522981, "heading_deg": 31.059284222554481, "slope": 0.0, "slope_deg": 0.0 }, "geometry": { "type": "Point", "coordinates": [ 24.42205916032141, 46.432533874493565 ] } },
{ "type": "Feature", "properties": { "point_id": 1007, "lon": 24.422073064215123, "lat": 46.432549785427945, "elevation_m": 406.73495483398438, "distance_m": 3020.2224894522624, "distance_km": 3.0202224894522622, "heading_deg": 31.059284231041431, "slope": 0.0, "slope_deg": 0.0 }, "geometry": { "type": "Point", "coordinates": [ 24.422073064215123, 46.432549785427945 ] } },
{ "type": "Feature", "properties": { "point_id": 1008, "lon": 24.422086968108843, "lat": 46.432565696357671, "elevation_m": 406.98770141601562, "distance_m": 3023.2224894522265, "distance_km": 3.0232224894522264, "heading_deg": 34.391166487522923, "slope": 0.084248860678092216, "slope_deg": 4.815731818001046 }, "geometry": { "type": "Point", "coordinates": [ 24.422086968108843, 46.432565696357671 ] } },
{ "type": "Feature", "properties": { "point_id": 1009, "lon": 24.422102166086496, "lat": 46.432580999129549, "elevation_m": 406.98770141601562, "distance_m": 3026.2177297637149, "distance_km": 3.0262177297637147, "heading_deg": 37.518377181401092, "slope": 0.0, "slope_deg": 0.0 }, "geometry": { "type": "Point", "coordinates": [ 24.422102166086496, 46.432580999129549 ] } },
{ "type": "Feature", "properties": { "point_id": 1010, "lon": 24.42211857873637, "lat": 46.4325957310635, "elevation_m": 406.98770141601562, "distance_m": 3029.2177297635376, "distance_km": 3.0292177297635376, "heading_deg": 37.518377198430585, "slope": 0.0, "slope_deg": 0.0 }, "geometry": { "type": "Point", "coordinates": [ 24.42211857873637, 46.4325957310635 ] } },
{ "type": "Feature", "properties": { "point_id": 1011, "lon": 24.422134991386248, "lat": 46.432610462993473, "elevation_m": 406.98770141601562, "distance_m": 3032.2177297640987, "distance_km": 3.0322177297640986, "heading_deg": 37.518377186196062, "slope": 0.0, "slope_deg": 0.0 }, "geometry": { "type": "Point", "coordinates": [ 24.422134991386248, 46.432610462993473 ] } },
{ "type": "Feature", "properties": { "point_id": 1012, "lon": 24.422151404036125, "lat": 46.432625194919467, "elevation_m": 406.98770141601562, "distance_m": 3035.2177297639214, "distance_km": 3.0352177297639216, "heading_deg": 37.518377185912243, "slope": 0.0, "slope_deg": 0.0 }, "geometry": { "type": "Point", "coordinates": [ 24.422151404036125, 46.432625194919467 ] } },
{ "type": "Feature", "properties": { "point_id": 1013, "lon": 24.422167816686002, "lat": 46.432639926841482, "elevation_m": 405.71621704101562, "distance_m": 3038.217729763744, "distance_km": 3.038217729763744, "heading_deg": 37.518377216728481, "slope": -0.42382812502505551, "slope_deg": -22.968596885563795 }, "geometry": { "type": "Point", "coordinates": [ 24.422167816686002, 46.432639926841482 ] } },
{ "type": "Feature", "properties": { "point_id": 1014, "lon": 24.422184229335876, "lat": 46.432654658759496, "elevation_m": 405.71621704101562, "distance_m": 3041.2177297635667, "distance_km": 3.0412177297635665, "heading_deg": 37.518377174006503, "slope": 0.0, "slope_deg": 0.0 }, "geometry": { "type": "Point", "coordinates": [ 24.422184229335876, 46.432654658759496 ] } },
{ "type": "Feature", "properties": { "point_id": 1015, "lon": 24.42220064198575, "lat": 46.432669390673546, "elevation_m": 405.71621704101562, "distance_m": 3044.2177297641279, "distance_km": 3.044217729764128, "heading_deg": 44.550525994070142, "slope": 0.0, "slope_deg": 0.0 }, "geometry": { "type": "Point", "coordinates": [ 24.42220064198575, 46.432669390673546 ] } },
{ "type": "Feature", "properties": { "point_id": 1016, "lon": 24.422219479189987, "lat": 46.432682578701339, "elevation_m": 405.71621704101562, "distance_m": 3047.2068020957327, "distance_km": 3.0472068020957326, "heading_deg": 47.952349514141758, "slope": 0.0, "slope_deg": 0.0 }, "geometry": { "type": "Point", "coordinates": [ 24.422219479189987, 46.432682578701339 ] } },
{ "type": "Feature", "properties": { "point_id": 1017, "lon": 24.422239491538956, "lat": 46.432695018429769, "elevation_m": 405.71621704101562, "distance_m": 3050.2068020957672, "distance_km": 3.0502068020957673, "heading_deg": 47.952349542427328, "slope": 0.0, "slope_deg": 0.0 }, "geometry": { "type": "Point", "coordinates": [ 24.422239491538956, 46.432695018429769 ] } },
{ "type": "Feature", "properties": { "point_id": 1018, "lon": 24.422259503887926, "lat": 46.432707458155349, "elevation_m": 405.71621704101562, "distance_m": 3053.2068020954562, "distance_km": 3.0532068020954561, "heading_deg": 47.952349503369419, "slope": 0.0, "slope_deg": 0.0 }, "geometry": { "type": "Point", "coordinates": [ 24.422259503887926, 46.432707458155349 ] } },
{ "type": "Feature", "properties": { "point_id": 1019, "lon": 24.422279516236895, "lat": 46.432719897878108, "elevation_m": 405.71621704101562, "distance_m": 3056.2068020954907, "distance_km": 3.0562068020954909, "heading_deg": 47.95234955351259, "slope": 0.0, "slope_deg": 0.0 }, "geometry": { "type": "Point", "coordinates": [ 24.422279516236895, 46.432719897878108 ] } },
{ "type": "Feature", "properties": { "point_id": 1020, "lon": 24.422299528585864, "lat": 46.432732337598011, "elevation_m": 405.71621704101562, "distance_m": 3059.2068020955253, "distance_km": 3.0592068020955252, "heading_deg": 47.952349521740643, "slope": 0.0, "slope_deg": 0.0 }, "geometry": { "type": "Point", "coordinates": [ 24.422299528585864, 46.432732337598011 ] } },
{ "type": "Feature", "properties": { "point_id": 1021, "lon": 24.422319540934833, "lat": 46.432744777315087, "elevation_m": 405.71621704101562, "distance_m": 3062.2068020958382, "distance_km": 3.062206802095838, "heading_deg": 47.952349528169577, "slope": 0.0, "slope_deg": 0.0 }, "geometry": { "type": "Point", "coordinates": [ 24.422319540934833, 46.432744777315087 ] } },
{ "type": "Feature", "properties": { "point_id": 1022, "lon": 24.422339553283802, "lat": 46.432757217029319, "elevation_m": 405.71621704101562, "distance_m": 3065.2068020958727, "distance_km": 3.0652068020958727, "heading_deg": 47.952349503683649, "slope": 0.0, "slope_deg": 0.0 }, "geometry": { "type": "Point", "coordinates": [ 24.422339553283802, 46.432757217029319 ] } },
{ "type": "Feature", "properties": { "point_id": 1023, "lon": 24.422359565632771, "lat": 46.432769656740717, "elevation_m": 405.71621704101562, "distance_m": 3068.2068020955617, "distance_km": 3.0682068020955615, "heading_deg": 47.95234953925592, "slope": 0.0, "slope_deg": 0.0 }, "geometry": { "type": "Point", "coordinates": [ 24.422359565632771, 46.432769656740717 ] } },
{ "type": "Feature", "properties": { "point_id": 1024, "lon": 24.42237957798174, "lat": 46.432782096449266, "elevation_m": 405.50662231445312, "distance_m": 3071.2068020955962, "distance_km": 3.0712068020955963, "heading_deg": 47.952349529341859, "slope": -0.069864908853361801, "slope_deg": -3.9964704575340129 }, "geometry": { "type": "Point", "coordinates": [ 24.42237957798174, 46.432782096449266 ] } },
{ "type": "Feature", "properties": { "point_id": 1025, "lon": 24.422399590330709, "lat": 46.432794536154979, "elevation_m": 405.50662231445312, "distance_m": 3074.2068020952852, "distance_km": 3.0742068020952851, "heading_deg": 47.952349492056726, "slope": 0.0, "slope_deg": 0.0 }, "geometry": { "type": "Point", "coordinates": [ 24.422399590330709, 46.432794536154979 ] } },
{ "type": "Feature", "properties": { "point_id": 1026, "lon": 24.422419602679678, "lat": 46.432806975857865, "elevation_m": 405.50662231445312, "distance_m": 3077.2068020959437, "distance_km": 3.0772068020959438, "heading_deg": 47.952349540429054, "slope": 0.0, "slope_deg": 0.0 }, "geometry": { "type": "Point", "coordinates": [ 24.422419602679678, 46.432806975857865 ] } },
{ "type": "Feature", "properties": { "point_id": 1027, "lon": 24.422439615028647, "lat": 46.432819415557894, "elevation_m": 405.50662231445312, "distance_m": 3080.2068020956326, "distance_km": 3.0802068020956326, "heading_deg": 47.952349525001523, "slope": 0.0, "slope_deg": 0.0 }, "geometry": { "type": "Point", "coordinates": [ 24.422439615028647, 46.432819415557894 ] } },
{ "type": "Feature", "properties": { "point_id": 1028, "lon": 24.422459627377616, "lat": 46.432831855255088, "elevation_m": 405.50662231445312, "distance_m": 3083.2068020956672, "distance_km": 3.0832068020956673, "heading_deg": 47.9523495296595, "slope": 0.0, "slope_deg": 0.0 }, "geometry": { "type": "Point", "coordinates": [ 24.422459627377616, 46.432831855255088 ] } },
{ "type": "Feature", "properties": { "point_id": 1029, "lon": 24.422479639726586, "lat": 46.43284429494944, "elevation_m": 405.50662231445312, "distance_m": 3086.2068020953561, "distance_km": 3.0862068020953561, "heading_deg": 47.952349528803779, "slope": 0.0, "slope_deg": 0.0 }, "geometry": { "type": "Point", "coordinates": [ 24.422479639726586, 46.43284429494944 ] } },
{ "type": "Feature", "properties": { "point_id": 1030, "lon": 24.422499652075555, "lat": 46.432856734640957, "elevation_m": 405.50662231445312, "distance_m": 3089.2068020953907, "distance_km": 3.0892068020953909, "heading_deg": 47.952349501562082, "slope": 0.0, "slope_deg": 0.0 }, "geometry": { "type": "Point", "coordinates": [ 24.422499652075555, 46.432856734640957 ] } },
{ "type": "Feature", "properties": { "point_id": 1031, "lon": 24.422519664424527, "lat": 46.432869174329646, "elevation_m": 405.50662231445312, "distance_m": 3092.2068020960492, "distance_km": 3.0922068020960491, "heading_deg": 47.95234952079204, "slope": 0.0, "slope_deg": 0.0 }, "geometry": { "type": "Point", "coordinates": [ 24.422519664424527, 46.432869174329646 ] } },
{ "type": "Feature", "properties": { "point_id": 1032, "lon": 24.422539676773493, "lat": 46.432881614015486, "elevation_m": 405.50662231445312, "distance_m": 3095.2068020957381, "distance_km": 3.095206802095738, "heading_deg": 47.952349512650983, "slope": 0.0, "slope_deg": 0.0 }, "geometry": { "type": "Point", "coordinates": [ 24.422539676773493, 46.432881614015486 ] } },
{ "type": "Feature", "properties": { "point_id": 1033, "lon": 24.422559689122465, "lat": 46.43289405369849, "elevation_m": 405.50662231445312, "distance_m": 3098.2068020957727, "distance_km": 3.0982068020957727, "heading_deg": 47.952349539167017, "slope": 0.0, "slope_deg": 0.0 }, "geometry": { "type": "Point", "coordinates": [ 24.422559689122465, 46.43289405369849 ] } },
{ "type": "Feature", "properties": { "point_id": 1034, "lon": 24.422579701471431, "lat": 46.432906493378646, "elevation_m": 405.50662231445312, "distance_m": 3101.2068020954616, "distance_km": 3.1012068020954615, "heading_deg": 47.952349545597826, "slope": 0.0, "slope_deg": 0.0 }, "geometry": { "type": "Point", "coordinates": [ 24.422579701471431, 46.432906493378646 ] } },
{ "type": "Feature", "properties": { "point_id": 1035, "lon": 24.422599713820404, "lat": 46.432918933055959, "elevation_m": 404.47894287109375, "distance_m": 3104.2068020954962, "distance_km": 3.1042068020954963, "heading_deg": 47.952349506542134, "slope": -0.3425598144491786, "slope_deg": -18.909399280661926 }, "geometry": { "type": "Point", "coordinates": [ 24.422599713820404, 46.432918933055959 ] } },
{ "type": "Feature", "properties": { "point_id": 1036, "lon": 24.422619726169369, "lat": 46.432931372730451, "elevation_m": 404.47894287109375, "distance_m": 3107.2068020958091, "distance_km": 3.107206802095809, "heading_deg": 47.952349527544754, "slope": 0.0, "slope_deg": 0.0 }, "geometry": { "type": "Point", "coordinates": [ 24.422619726169369, 46.432931372730451 ] } },
{ "type": "Feature", "properties": { "point_id": 1037, "lon": 24.422639738518342, "lat": 46.432943812402087, "elevation_m": 404.06704711914062, "distance_m": 3110.2068020958436, "distance_km": 3.1102068020958438, "heading_deg": 47.952349532204039, "slope": -0.13729858398279329, "slope_deg": -7.8177500497057721 }, "geometry": { "type": "Point", "coordinates": [ 24.422639738518342, 46.432943812402087 ] } },
{ "type": "Feature", "properties": { "point_id": 1038, "lon": 24.422659750867307, "lat": 46.432956252070888, "elevation_m": 404.06704711914062, "distance_m": 3113.2068020955326, "distance_km": 3.1132068020955326, "heading_deg": 47.95234953863536, "slope": 0.0, "slope_deg": 0.0 }, "geometry": { "type": "Point", "coordinates": [ 24.422659750867307, 46.432956252070888 ] } },
{ "type": "Feature", "properties": { "point_id": 1039, "lon": 24.42267976321628, "lat": 46.432968691736846, "elevation_m": 404.06704711914062, "distance_m": 3116.2068020955671, "distance_km": 3.1162068020955673, "heading_deg": 47.952349511394857, "slope": 0.0, "slope_deg": 0.0 }, "geometry": { "type": "Point", "coordinates": [ 24.42267976321628, 46.432968691736846 ] } },
{ "type": "Feature", "properties": { "point_id": 1040, "lon": 24.422699775565249, "lat": 46.43298113139997, "elevation_m": 404.06704711914062, "distance_m": 3119.2068020956017, "distance_km": 3.1192068020956016, "heading_deg": 47.952349501483013, "slope": 0.0, "slope_deg": 0.0 }, "geometry": { "type": "Point", "coordinates": [ 24.422699775565249, 46.43298113139997 ] } },
{ "type": "Feature", "properties": { "point_id": 1041, "lon": 24.422719787914218, "lat": 46.432993571060265, "elevation_m": 404.06704711914062, "distance_m": 3122.2068020959146, "distance_km": 3.1222068020959144, "heading_deg": 47.952349515200524, "slope": 0.0, "slope_deg": 0.0 }, "geometry": { "type": "Point", "coordinates": [ 24.422719787914218, 46.432993571060265 ] } },
{ "type": "Feature", "properties": { "point_id": 1042, "lon": 24.422739800263187, "lat": 46.433006010717712, "elevation_m": 404.06704711914062, "distance_m": 3125.2068020959491, "distance_km": 3.1252068020959491, "heading_deg": 47.952349541717922, "slope": 0.0, "slope_deg": 0.0 }, "geometry": { "type": "Point", "coordinates": [ 24.422739800263187, 46.433006010717712 ] } },
{ "type": "Feature", "properties": { "point_id": 1043, "lon": 24.422759812612156, "lat": 46.433018450372309, "elevation_m": 404.06704711914062, "distance_m": 3128.2068020956381, "distance_km": 3.128206802095638, "heading_deg": 47.952349533578399, "slope": 0.0, "slope_deg": 0.0 }, "geometry": { "type": "Point", "coordinates": [ 24.422759812612156, 46.433018450372309 ] } },
{ "type": "Feature", "properties": { "point_id": 1044, "lon": 24.422779824961125, "lat": 46.433030890024078, "elevation_m": 404.06704711914062, "distance_m": 3131.2068020956726, "distance_km": 3.1312068020956727, "heading_deg": 47.952349530952915, "slope": 0.0, "slope_deg": 0.0 }, "geometry": { "type": "Point", "coordinates": [ 24.422779824961125, 46.433030890024078 ] } },
{ "type": "Feature", "properties": { "point_id": 1045, "lon": 24.422799837310095, "lat": 46.433043329672998, "elevation_m": 404.06704711914062, "distance_m": 3134.2068020953616, "distance_km": 3.1342068020953615, "heading_deg": 47.95234952281362, "slope": 0.0, "slope_deg": 0.0 }, "geometry": { "type": "Point", "coordinates": [ 24.422799837310095, 46.433043329672998 ] } },
{ "type": "Feature", "properties": { "point_id": 1046, "lon": 24.422819849659064, "lat": 46.43305576931909, "elevation_m": 404.06704711914062, "distance_m": 3137.2068020953961, "distance_km": 3.1372068020953963, "heading_deg": 47.95234950561678, "slope": 0.0, "slope_deg": 0.0 }, "geometry": { "type": "Point", "coordinates": [ 24.422819849659064, 46.43305576931909 ] } },
{ "type": "Feature", "properties": { "point_id": 1047, "lon": 24.422839862008033, "lat": 46.433068208962339, "elevation_m": 404.06704711914062, "distance_m": 3140.206802095709, "distance_km": 3.140206802095709, "heading_deg": 47.952349541192632, "slope": 0.0, "slope_deg": 0.0 }, "geometry": { "type": "Point", "coordinates": [ 24.422839862008033, 46.433068208962339 ] } },
{ "type": "Feature", "properties": { "point_id": 1048, "lon": 24.422859874357002, "lat": 46.433080648602747, "elevation_m": 404.06704711914062, "distance_m": 3143.2068020957436, "distance_km": 3.1432068020957438, "heading_deg": 47.952349533053734, "slope": 0.0, "slope_deg": 0.0 }, "geometry": { "type": "Point", "coordinates": [ 24.422859874357002, 46.433080648602747 ] } },
{ "type": "Feature", "properties": { "point_id": 1049, "lon": 24.422879886705974, "lat": 46.433093088240312, "elevation_m": 404.06704711914062, "distance_m": 3146.2068020957781, "distance_km": 3.1462068020957781, "heading_deg": 47.952349514085483, "slope": 0.0, "slope_deg": 0.0 }, "geometry": { "type": "Point", "coordinates": [ 24.422879886705974, 46.433093088240312 ] } },
{ "type": "Feature", "properties": { "point_id": 1050, "lon": 24.42289989905494, "lat": 46.433105527875043, "elevation_m": 404.06704711914062, "distance_m": 3149.2068020954671, "distance_km": 3.1492068020954669, "heading_deg": 47.952349544147808, "slope": 0.0, "slope_deg": 0.0 }, "geometry": { "type": "Point", "coordinates": [ 24.42289989905494, 46.433105527875043 ] } },
{ "type": "Feature", "properties": { "point_id": 1051, "lon": 24.422919911403913, "lat": 46.433117967506931, "elevation_m": 403.86907958984375, "distance_m": 3152.2068020955016, "distance_km": 3.1522068020955016, "heading_deg": 47.952349496036618, "slope": -0.06598917643153146, "slope_deg": -3.7754275292980122 }, "geometry": { "type": "Point", "coordinates": [ 24.422919911403913, 46.433117967506931 ] } },
{ "type": "Feature", "properties": { "point_id": 1052, "lon": 24.422939923752878, "lat": 46.433130407135991, "elevation_m": 403.86907958984375, "distance_m": 3155.2068020958145, "distance_km": 3.1552068020958144, "heading_deg": 47.952349526099226, "slope": 0.0, "slope_deg": 0.0 }, "geometry": { "type": "Point", "coordinates": [ 24.422939923752878, 46.433130407135991 ] } },
{ "type": "Feature", "properties": { "point_id": 1053, "lon": 24.422959936101851, "lat": 46.433142846762202, "elevation_m": 403.86907958984375, "distance_m": 3158.2068020958491, "distance_km": 3.1582068020958491, "heading_deg": 47.95234953627471, "slope": 0.0, "slope_deg": 0.0 }, "geometry": { "type": "Point", "coordinates": [ 24.422959936101851, 46.433142846762202 ] } },
{ "type": "Feature", "properties": { "point_id": 1054, "lon": 24.422979948450816, "lat": 46.433155286385563, "elevation_m": 403.86907958984375, "distance_m": 3161.206802095538, "distance_km": 3.1612068020955379, "heading_deg": 47.952349529908588, "slope": 0.0, "slope_deg": 0.0 }, "geometry": { "type": "Point", "coordinates": [ 24.422979948450816, 46.433155286385563 ] } },
{ "type": "Feature", "properties": { "point_id": 1055, "lon": 24.422999960799789, "lat": 46.433167726006097, "elevation_m": 403.86907958984375, "distance_m": 3164.2068020955726, "distance_km": 3.1642068020955727, "heading_deg": 47.952349525512773, "slope": 0.0, "slope_deg": 0.0 }, "geometry": { "type": "Point", "coordinates": [ 24.422999960799789, 46.433167726006097 ] } },
{ "type": "Feature", "properties": { "point_id": 1056, "lon": 24.423019973148755, "lat": 46.433180165623789, "elevation_m": 403.86907958984375, "distance_m": 3167.2068020952615, "distance_km": 3.1672068020952615, "heading_deg": 47.952349497289447, "slope": 0.0, "slope_deg": 0.0 }, "geometry": { "type": "Point", "coordinates": [ 24.423019973148755, 46.433180165623789 ] } },
{ "type": "Feature", "properties": { "point_id": 1057, "lon": 24.423039985497727, "lat": 46.433192605238652, "elevation_m": 403.86907958984375, "distance_m": 3170.20680209592, "distance_km": 3.1702068020959202, "heading_deg": 47.952349522037196, "slope": 0.0, "slope_deg": 0.0 }, "geometry": { "type": "Point", "coordinates": [ 24.423039985497727, 46.433192605238652 ] } },
{ "type": "Feature", "properties": { "point_id": 1058, "lon": 24.423059997846693, "lat": 46.433205044850666, "elevation_m": 402.38485717773438, "distance_m": 3173.206802095609, "distance_km": 3.173206802095609, "heading_deg": 47.952349537529074, "slope": -0.49474080408775423, "slope_deg": -26.323480635245613 }, "geometry": { "type": "Point", "coordinates": [ 24.423059997846693, 46.433205044850666 ] } },
{ "type": "Feature", "properties": { "point_id": 1059, "lon": 24.423080010195665, "lat": 46.433217484459838, "elevation_m": 402.38485717773438, "distance_m": 3176.2068020956435, "distance_km": 3.1762068020956433, "heading_deg": 47.952349527619845, "slope": 0.0, "slope_deg": 0.0 }, "geometry": { "type": "Point", "coordinates": [ 24.423080010195665, 46.433217484459838 ] } },
{ "type": "Feature", "properties": { "point_id": 1060, "lon": 24.423100022544638, "lat": 46.433229924066175, "elevation_m": 402.38485717773438, "distance_m": 3179.2068020956781, "distance_km": 3.1792068020956781, "heading_deg": 47.952349510424995, "slope": 0.0, "slope_deg": 0.0 }, "geometry": { "type": "Point", "coordinates": [ 24.423100022544638, 46.433229924066175 ] } },
{ "type": "Feature", "properties": { "point_id": 1061, "lon": 24.423120034893604, "lat": 46.43324236366967, "elevation_m": 402.38485717773438, "distance_m": 3182.206802095367, "distance_km": 3.1822068020953669, "heading_deg": 47.952349538717044, "slope": 0.0, "slope_deg": 0.0 }, "geometry": { "type": "Point", "coordinates": [ 24.423120034893604, 46.43324236366967 ] } },
{ "type": "Feature", "properties": { "point_id": 1062, "lon": 24.423140047242576, "lat": 46.43325480327033, "elevation_m": 402.38485717773438, "distance_m": 3185.2068020960255, "distance_km": 3.1852068020960256, "heading_deg": 47.95234951423663, "slope": 0.0, "slope_deg": 0.0 }, "geometry": { "type": "Point", "coordinates": [ 24.423140047242576, 46.43325480327033 ] } },
{ "type": "Feature", "properties": { "point_id": 1063, "lon": 24.423160059591542, "lat": 46.433267242868148, "elevation_m": 402.38485717773438, "distance_m": 3188.2068020957145, "distance_km": 3.1882068020957144, "heading_deg": 48.075674574398249, "slope": 0.0, "slope_deg": 0.0 }, "geometry": { "type": "Point", "coordinates": [ 24.423160059591542, 46.433267242868148 ] } },
{ "type": "Feature", "properties": { "point_id": 1064, "lon": 24.423180110537373, "lat": 46.433279652619056, "elevation_m": 402.38485717773438, "distance_m": 3191.2067711696441, "distance_km": 3.1912067711696439, "heading_deg": 48.624488311462073, "slope": 0.0, "slope_deg": 0.0 }, "geometry": { "type": "Point", "coordinates": [ 24.423180110537373, 46.433279652619056 ] } },
{ "type": "Feature", "properties": { "point_id": 1065, "lon": 24.423200333242114, "lat": 46.433291929558848, "elevation_m": 402.49453735351562, "distance_m": 3194.206771170047, "distance_km": 3.1942067711700468, "heading_deg": 48.624488344260158, "slope": 0.036560058588839907, "slope_deg": 2.0938045020341414 }, "geometry": { "type": "Point", "coordinates": [ 24.423200333242114, 46.433291929558848 ] } },
{ "type": "Feature", "properties": { "point_id": 1066, "lon": 24.423220555946855, "lat": 46.433304206495862, "elevation_m": 402.49453735351562, "distance_m": 3197.2067711698342, "distance_km": 3.1972067711698342, "heading_deg": 48.624488303434248, "slope": 0.0, "slope_deg": 0.0 }, "geometry": { "type": "Point", "coordinates": [ 24.423220555946855, 46.433304206495862 ] } },
{ "type": "Feature", "properties": { "point_id": 1067, "lon": 24.423240778651596, "lat": 46.433316483430119, "elevation_m": 402.49453735351562, "distance_m": 3200.2067711696213, "distance_km": 3.2002067711696212, "heading_deg": 48.624488305206114, "slope": 0.0, "slope_deg": 0.0 }, "geometry": { "type": "Point", "coordinates": [ 24.423240778651596, 46.433316483430119 ] } },
{ "type": "Feature", "properties": { "point_id": 1068, "lon": 24.423261001356334, "lat": 46.433328760361618, "elevation_m": 402.49453735351562, "distance_m": 3203.2067711700242, "distance_km": 3.2032067711700241, "heading_deg": 48.62448830276935, "slope": 0.0, "slope_deg": 0.0 }, "geometry": { "type": "Point", "coordinates": [ 24.423261001356334, 46.433328760361618 ] } },
{ "type": "Feature", "properties": { "point_id": 1069, "lon": 24.423281224061075, "lat": 46.43334103729034, "elevation_m": 402.49453735351562, "distance_m": 3206.2067711698114, "distance_km": 3.2062067711698115, "heading_deg": 48.624488328205587, "slope": 0.0, "slope_deg": 0.0 }, "geometry": { "type": "Point", "coordinates": [ 24.423281224061075, 46.43334103729034 ] } },
{ "type": "Feature", "properties": { "point_id": 1070, "lon": 24.423301446765816, "lat": 46.433353314216298, "elevation_m": 402.49453735351562, "distance_m": 3209.2067711695986, "distance_km": 3.2092067711695984, "heading_deg": 48.624488300528185, "slope": 0.0, "slope_deg": 0.0 }, "geometry": { "type": "Point", "coordinates": [ 24.423301446765816, 46.433353314216298 ] } },
{ "type": "Feature", "properties": { "point_id": 1071, "lon": 24.42332166947055, "lat": 46.433365591139491, "elevation_m": 402.49453735351562, "distance_m": 3212.2067711696523, "distance_km": 3.2122067711696523, "heading_deg": 48.624488286259805, "slope": 0.0, "slope_deg": 0.0 }, "geometry": { "type": "Point", "coordinates": [ 24.42332166947055, 46.433365591139491 ] } },
{ "type": "Feature", "properties": { "point_id": 1072, "lon": 24.423341892175287, "lat": 46.433377868059928, "elevation_m": 402.49453735351562, "distance_m": 3215.2067711694394, "distance_km": 3.2152067711694396, "heading_deg": 48.624488316166094, "slope": 0.0, "slope_deg": 0.0 }, "geometry": { "type": "Point", "coordinates": [ 24.423341892175287, 46.433377868059928 ] } },
{ "type": "Feature", "properties": { "point_id": 1073, "lon": 24.423362114880028, "lat": 46.433390144977587, "elevation_m": 402.49453735351562, "distance_m": 3218.2067711692266, "distance_km": 3.2182067711692266, "heading_deg": 48.624488297428343, "slope": 0.0, "slope_deg": 0.0 }, "geometry": { "type": "Point", "coordinates": [ 24.423362114880028, 46.433390144977587 ] } },
{ "type": "Feature", "properties": { "point_id": 1074, "lon": 24.423382337584769, "lat": 46.433402421892488, "elevation_m": 402.49453735351562, "distance_m": 3221.2067711696295, "distance_km": 3.2212067711696295, "heading_deg": 48.624488325758136, "slope": 0.0, "slope_deg": 0.0 }, "geometry": { "type": "Point", "coordinates": [ 24.423382337584769, 46.433402421892488 ] } },
{ "type": "Feature", "properties": { "point_id": 1075, "lon": 24.423402560289507, "lat": 46.433414698804619, "elevation_m": 402.49453735351562, "distance_m": 3224.2067711694167, "distance_km": 3.2242067711694169, "heading_deg": 48.624488311490268, "slope": 0.0, "slope_deg": 0.0 }, "geometry": { "type": "Point", "coordinates": [ 24.423402560289507, 46.433414698804619 ] } },
{ "type": "Feature", "properties": { "point_id": 1076, "lon": 24.423422782994248, "lat": 46.433426975713985, "elevation_m": 402.49453735351562, "distance_m": 3227.2067711692039, "distance_km": 3.2272067711692038, "heading_deg": 48.624488285390498, "slope": 0.0, "slope_deg": 0.0 }, "geometry": { "type": "Point", "coordinates": [ 24.423422782994248, 46.433426975713985 ] } },
{ "type": "Feature", "properties": { "point_id": 1077, "lon": 24.423443005698989, "lat": 46.433439252620595, "elevation_m": 402.49453735351562, "distance_m": 3230.2067711696068, "distance_km": 3.2302067711696067, "heading_deg": 48.624488318190288, "slope": 0.0, "slope_deg": 0.0 }, "geometry": { "type": "Point", "coordinates": [ 24.423443005698989, 46.433439252620595 ] } },
{ "type": "Feature", "properties": { "point_id": 1078, "lon": 24.42346322840373, "lat": 46.433451529524426, "elevation_m": 402.49453735351562, "distance_m": 3233.206771169394, "distance_km": 3.2332067711693941, "heading_deg": 48.624488292090803, "slope": 0.0, "slope_deg": 0.0 }, "geometry": { "type": "Point", "coordinates": [ 24.42346322840373, 46.433451529524426 ] } },
{ "type": "Feature", "properties": { "point_id": 1079, "lon": 24.423483451108471, "lat": 46.4334638064255, "elevation_m": 402.46990966796875, "distance_m": 3236.2067711697969, "distance_km": 3.236206771169797, "heading_deg": 48.624488301226791, "slope": -0.0082092285145224844, "slope_deg": -0.47034358142117144 }, "geometry": { "type": "Point", "coordinates": [ 24.423483451108471, 46.4334638064255 ] } },
{ "type": "Feature", "properties": { "point_id": 1080, "lon": 24.423503673813208, "lat": 46.433476083323804, "elevation_m": 400.86685180664062, "distance_m": 3239.206771169584, "distance_km": 3.239206771169584, "heading_deg": 48.624488320878982, "slope": -0.5343526204806156, "slope_deg": -28.117935482051109 }, "geometry": { "type": "Point", "coordinates": [ 24.423503673813208, 46.433476083323804 ] } },
{ "type": "Feature", "properties": { "point_id": 1081, "lon": 24.423523896517949, "lat": 46.433488360219336, "elevation_m": 400.86685180664062, "distance_m": 3242.2067711693712, "distance_km": 3.2422067711693714, "heading_deg": 48.624488282947766, "slope": 0.0, "slope_deg": 0.0 }, "geometry": { "type": "Point", "coordinates": [ 24.423523896517949, 46.433488360219336 ] } },
{ "type": "Feature", "properties": { "point_id": 1082, "lon": 24.423544119222687, "lat": 46.433500637112118, "elevation_m": 400.86685180664062, "distance_m": 3245.2067711697741, "distance_km": 3.2452067711697743, "heading_deg": 48.624488342305256, "slope": 0.0, "slope_deg": 0.0 }, "geometry": { "type": "Point", "coordinates": [ 24.423544119222687, 46.433500637112118 ] } },
{ "type": "Feature", "properties": { "point_id": 1083, "lon": 24.423564341927428, "lat": 46.433512914002115, "elevation_m": 400.86685180664062, "distance_m": 3248.2067711695613, "distance_km": 3.2482067711695612, "heading_deg": 48.624488297011908, "slope": 0.0, "slope_deg": 0.0 }, "geometry": { "type": "Point", "coordinates": [ 24.423564341927428, 46.433512914002115 ] } },
{ "type": "Feature", "properties": { "point_id": 1084, "lon": 24.423584564632165, "lat": 46.43352519088937, "elevation_m": 400.86685180664062, "distance_m": 3251.2067711693485, "distance_km": 3.2512067711693486, "heading_deg": 48.624488290107706, "slope": 0.0, "slope_deg": 0.0 }, "geometry": { "type": "Point", "coordinates": [ 24.423584564632165, 46.43352519088937 ] } },
{ "type": "Feature", "properties": { "point_id": 1085, "lon": 24.423604787336906, "lat": 46.433537467773846, "elevation_m": 400.86685180664062, "distance_m": 3254.2067711697514, "distance_km": 3.2542067711697515, "heading_deg": 48.624488337633579, "slope": 0.0, "slope_deg": 0.0 }, "geometry": { "type": "Point", "coordinates": [ 24.423604787336906, 46.433537467773846 ] } },
{ "type": "Feature", "properties": { "point_id": 1086, "lon": 24.423625010041647, "lat": 46.433549744655551, "elevation_m": 400.86685180664062, "distance_m": 3257.2067711695386, "distance_km": 3.2572067711695385, "heading_deg": 48.624488321790409, "slope": 0.0, "slope_deg": 0.0 }, "geometry": { "type": "Point", "coordinates": [ 24.423625010041647, 46.433549744655551 ] } },
{ "type": "Feature", "properties": { "point_id": 1087, "lon": 24.423645232746384, "lat": 46.433562021534492, "elevation_m": 400.86685180664062, "distance_m": 3260.2067711693257, "distance_km": 3.2602067711693259, "heading_deg": 48.624488270711879, "slope": 0.0, "slope_deg": 0.0 }, "geometry": { "type": "Point", "coordinates": [ 24.423645232746384, 46.433562021534492 ] } },
{ "type": "Feature", "properties": { "point_id": 1088, "lon": 24.423665455451125, "lat": 46.433574298410683, "elevation_m": 400.86685180664062, "distance_m": 3263.2067711697287, "distance_km": 3.2632067711697288, "heading_deg": 46.633541759213585, "slope": 0.0, "slope_deg": 0.0 }, "geometry": { "type": "Point", "coordinates": [ 24.423665455451125, 46.433574298410683 ] } },
{ "type": "Feature", "properties": { "point_id": 1089, "lon": 24.423685039744086, "lat": 46.4335870473017, "elevation_m": 400.86685180664062, "distance_m": 3266.2056472472432, "distance_km": 3.2662056472472432, "heading_deg": 45.398016612271249, "slope": 0.0, "slope_deg": 0.0 }, "geometry": { "type": "Point", "coordinates": [ 24.423685039744086, 46.4335870473017 ] } },
{ "type": "Feature", "properties": { "point_id": 1090, "lon": 24.423704227807722, "lat": 46.433600089146694, "elevation_m": 400.86685180664062, "distance_m": 3269.2056472466029, "distance_km": 3.2692056472466029, "heading_deg": 45.39801658709348, "slope": 0.0, "slope_deg": 0.0 }, "geometry": { "type": "Point", "coordinates": [ 24.423704227807722, 46.433600089146694 ] } },
{ "type": "Feature", "properties": { "point_id": 1091, "lon": 24.423723415871361, "lat": 46.433613130988583, "elevation_m": 400.86685180664062, "distance_m": 3272.205647246948, "distance_km": 3.2722056472469481, "heading_deg": 45.398016647982843, "slope": 0.0, "slope_deg": 0.0 }, "geometry": { "type": "Point", "coordinates": [ 24.423723415871361, 46.433613130988583 ] } },
{ "type": "Feature", "properties": { "point_id": 1092, "lon": 24.423742603935001, "lat": 46.433626172827324, "elevation_m": 400.86685180664062, "distance_m": 3275.2056472469617, "distance_km": 3.2752056472469615, "heading_deg": 45.39801660408574, "slope": 0.0, "slope_deg": 0.0 }, "geometry": { "type": "Point", "coordinates": [ 24.423742603935001, 46.433626172827324 ] } },
{ "type": "Feature", "properties": { "point_id": 1093, "lon": 24.423761791998643, "lat": 46.433639214662968, "elevation_m": 401.44076538085938, "distance_m": 3278.2056472473068, "distance_km": 3.2782056472473067, "heading_deg": 45.398016611326852, "slope": 0.19130452471757353, "slope_deg": 10.830089320718557 }, "geometry": { "type": "Point", "coordinates": [ 24.423761791998643, 46.433639214662968 ] } },
{ "type": "Feature", "properties": { "point_id": 1094, "lon": 24.423780980062279, "lat": 46.433652256495485, "elevation_m": 401.44076538085938, "distance_m": 3281.2056472466666, "distance_km": 3.2812056472466664, "heading_deg": 45.398016614092796, "slope": 0.0, "slope_deg": 0.0 }, "geometry": { "type": "Point", "coordinates": [ 24.423780980062279, 46.433652256495485 ] } },
{ "type": "Feature", "properties": { "point_id": 1095, "lon": 24.423800168125918, "lat": 46.433665298324875, "elevation_m": 401.44076538085938, "distance_m": 3284.2056472470117, "distance_km": 3.2842056472470116, "heading_deg": 45.398016593391105, "slope": 0.0, "slope_deg": 0.0 }, "geometry": { "type": "Point", "coordinates": [ 24.423800168125918, 46.433665298324875 ] } },
{ "type": "Feature", "properties": { "point_id": 1096, "lon": 24.423819356189554, "lat": 46.433678340151154, "elevation_m": 401.44076538085938, "distance_m": 3287.2056472470254, "distance_km": 3.2872056472470255, "heading_deg": 45.398016628848666, "slope": 0.0, "slope_deg": 0.0 }, "geometry": { "type": "Point", "coordinates": [ 24.423819356189554, 46.433678340151154 ] } },
{ "type": "Feature", "properties": { "point_id": 1097, "lon": 24.423838544253197, "lat": 46.433691381974299, "elevation_m": 401.44076538085938, "distance_m": 3290.2056472467166, "distance_km": 3.2902056472467165, "heading_deg": 45.398016598650997, "slope": 0.0, "slope_deg": 0.0 }, "geometry": { "type": "Point", "coordinates": [ 24.423838544253197, 46.433691381974299 ] } },
{ "type": "Feature", "properties": { "point_id": 1098, "lon": 24.423857732316833, "lat": 46.433704423794325, "elevation_m": 401.44076538085938, "distance_m": 3293.2056472467302, "distance_km": 3.2932056472467304, "heading_deg": 45.398016613151526, "slope": 0.0, "slope_deg": 0.0 }, "geometry": { "type": "Point", "coordinates": [ 24.423857732316833, 46.433704423794325 ] } },
{ "type": "Feature", "properties": { "point_id": 1099, "lon": 24.423876920380472, "lat": 46.433717465611238, "elevation_m": 401.44076538085938, "distance_m": 3296.2056472470754, "distance_km": 3.2962056472470755, "heading_deg": 45.398016585464632, "slope": 0.0, "slope_deg": 0.0 }, "geometry": { "type": "Point", "coordinates": [ 24.423876920380472, 46.433717465611238 ] } },
{ "type": "Feature", "properties": { "point_id": 1100, "lon": 24.423896108444108, "lat": 46.433730507425032, "elevation_m": 401.44076538085938, "distance_m": 3299.205647247089, "distance_km": 3.299205647247089, "heading_deg": 45.39801664188019, "slope": 0.0, "slope_deg": 0.0 }, "geometry": { "type": "Point", "coordinates": [ 24.423896108444108, 46.433730507425032 ] } },
{ "type": "Feature", "properties": { "point_id": 1101, "lon": 24.423915296507751, "lat": 46.433743549235693, "elevation_m": 401.44076538085938, "distance_m": 3302.2056472467802, "distance_km": 3.3022056472467805, "heading_deg": 44.112767439970355, "slope": 0.0, "slope_deg": 0.0 }, "geometry": { "type": "Point", "coordinates": [ 24.423915296507751, 46.433743549235693 ] } },
{ "type": "Feature", "properties": { "point_id": 1102, "lon": 24.423934048381206, "lat": 46.433756879467026, "elevation_m": 400.08798217773438, "distance_m": 3305.204541532752, "distance_km": 3.3052045415327522, "heading_deg": 42.22984583011123, "slope": -0.45109399469432332, "slope_deg": -24.279849775846156 }, "geometry": { "type": "Point", "coordinates": [ 24.423934048381206, 46.433756879467026 ] } },
{ "type": "Feature", "properties": { "point_id": 1103, "lon": 24.423952161286742, "lat": 46.433770632202304, "elevation_m": 400.08798217773438, "distance_m": 3308.2045415328389, "distance_km": 3.3082045415328389, "heading_deg": 42.229845790930199, "slope": 0.0, "slope_deg": 0.0 }, "geometry": { "type": "Point", "coordinates": [ 24.423952161286742, 46.433770632202304 ] } },
{ "type": "Feature", "properties": { "point_id": 1104, "lon": 24.423970274192278, "lat": 46.433784384934121, "elevation_m": 400.08798217773438, "distance_m": 3311.2045415322364, "distance_km": 3.3112045415322364, "heading_deg": 42.229845822699929, "slope": 0.0, "slope_deg": 0.0 }, "geometry": { "type": "Point", "coordinates": [ 24.423970274192278, 46.433784384934121 ] } },
{ "type": "Feature", "properties": { "point_id": 1105, "lon": 24.423988387097815, "lat": 46.433798137662457, "elevation_m": 400.08798217773438, "distance_m": 3314.2045415323232, "distance_km": 3.3142045415323231, "heading_deg": 42.229845824917561, "slope": 0.0, "slope_deg": 0.0 }, "geometry": { "type": "Point", "coordinates": [ 24.423988387097815, 46.433798137662457 ] } },
{ "type": "Feature", "properties": { "point_id": 1106, "lon": 24.424006500003355, "lat": 46.433811890387332, "elevation_m": 400.08798217773438, "distance_m": 3317.2045415327234, "distance_km": 3.3172045415327234, "heading_deg": 42.229845793918798, "slope": 0.0, "slope_deg": 0.0 }, "geometry": { "type": "Point", "coordinates": [ 24.424006500003355, 46.433811890387332 ] } },
{ "type": "Feature", "properties": { "point_id": 1107, "lon": 24.424024612908891, "lat": 46.433825643108733, "elevation_m": 400.08798217773438, "distance_m": 3320.2045415328103, "distance_km": 3.3202045415328101, "heading_deg": 42.229845825689097, "slope": 0.0, "slope_deg": 0.0 }, "geometry": { "type": "Point", "coordinates": [ 24.424024612908891, 46.433825643108733 ] } },
{ "type": "Feature", "properties": { "point_id": 1108, "lon": 24.424042725814427, "lat": 46.433839395826659, "elevation_m": 401.733642578125, "distance_m": 3323.2045415328971, "distance_km": 3.3232045415328972, "heading_deg": 42.229845808124139, "slope": 0.54855346678099315, "slope_deg": 28.74712320930211 }, "geometry": { "type": "Point", "coordinates": [ 24.424042725814427, 46.433839395826659 ] } },
{ "type": "Feature", "properties": { "point_id": 1109, "lon": 24.424060838719967, "lat": 46.433853148541118, "elevation_m": 401.733642578125, "distance_m": 3326.2045415322946, "distance_km": 3.3262045415322947, "heading_deg": 42.229845798496399, "slope": 0.0, "slope_deg": 0.0 }, "geometry": { "type": "Point", "coordinates": [ 24.424060838719967, 46.433853148541118 ] } },
{ "type": "Feature", "properties": { "point_id": 1110, "lon": 24.4240789516255, "lat": 46.433866901252109, "elevation_m": 401.733642578125, "distance_m": 3329.2045415323814, "distance_km": 3.3292045415323814, "heading_deg": 42.229845825504981, "slope": 0.0, "slope_deg": 0.0 }, "geometry": { "type": "Point", "coordinates": [ 24.4240789516255, 46.433866901252109 ] } },
{ "type": "Feature", "properties": { "point_id": 1111, "lon": 24.424097064531043, "lat": 46.433880653959619, "elevation_m": 401.733642578125, "distance_m": 3332.2045415327816, "distance_km": 3.3322045415327817, "heading_deg": 42.229845792919662, "slope": 0.0, "slope_deg": 0.0 }, "geometry": { "type": "Point", "coordinates": [ 24.424097064531043, 46.433880653959619 ] } },
{ "type": "Feature", "properties": { "point_id": 1112, "lon": 24.42411517743658, "lat": 46.433894406663676, "elevation_m": 401.733642578125, "distance_m": 3335.2045415328685, "distance_km": 3.3352045415328684, "heading_deg": 41.955720447064721, "slope": 0.0, "slope_deg": 0.0 }, "geometry": { "type": "Point", "coordinates": [ 24.42411517743658, 46.433894406663676 ] } },
{ "type": "Feature", "properties": { "point_id": 1113, "lon": 24.424133192782559, "lat": 46.433908217489495, "elevation_m": 401.733642578125, "distance_m": 3338.2042283622727, "distance_km": 3.3382042283622728, "heading_deg": 39.455733518861848, "slope": 0.0, "slope_deg": 0.0 }, "geometry": { "type": "Point", "coordinates": [ 24.424133192782559, 46.433908217489495 ] } },
{ "type": "Feature", "properties": { "point_id": 1114, "lon": 24.424150318677292, "lat": 46.43392255824007, "elevation_m": 401.733642578125, "distance_m": 3341.2042283628944, "distance_km": 3.3412042283628942, "heading_deg": 39.455733540727579, "slope": 0.0, "slope_deg": 0.0 }, "geometry": { "type": "Point", "coordinates": [ 24.424150318677292, 46.43392255824007 ] } },
{ "type": "Feature", "properties": { "point_id": 1115, "lon": 24.424167444572024, "lat": 46.433936898986865, "elevation_m": 401.733642578125, "distance_m": 3344.2042283627966, "distance_km": 3.3442042283627966, "heading_deg": 39.455733527211237, "slope": 0.0, "slope_deg": 0.0 }, "geometry": { "type": "Point", "coordinates": [ 24.424167444572024, 46.433936898986865 ] } },
{ "type": "Feature", "properties": { "point_id": 1116, "lon": 24.42418457046675, "lat": 46.433951239729872, "elevation_m": 401.733642578125, "distance_m": 3347.2042283624032, "distance_km": 3.3472042283624033, "heading_deg": 39.455733534579281, "slope": 0.0, "slope_deg": 0.0 }, "geometry": { "type": "Point", "coordinates": [ 24.42418457046675, 46.433951239729872 ] } },
{ "type": "Feature", "properties": { "point_id": 1117, "lon": 24.424201696361482, "lat": 46.43396558046912, "elevation_m": 401.733642578125, "distance_m": 3350.2042283623055, "distance_km": 3.3502042283623052, "heading_deg": 39.455733505551166, "slope": 0.0, "slope_deg": 0.0 }, "geometry": { "type": "Point", "coordinates": [ 24.424201696361482, 46.43396558046912 ] } },
{ "type": "Feature", "properties": { "point_id": 1118, "lon": 24.424218822256215, "lat": 46.433979921204603, "elevation_m": 401.733642578125, "distance_m": 3353.2042283629271, "distance_km": 3.3532042283629271, "heading_deg": 39.455733530459668, "slope": 0.0, "slope_deg": 0.0 }, "geometry": { "type": "Point", "coordinates": [ 24.424218822256215, 46.433979921204603 ] } },
{ "type": "Feature", "properties": { "point_id": 1119, "lon": 24.424235948150944, "lat": 46.433994261936299, "elevation_m": 401.733642578125, "distance_m": 3356.2042283628293, "distance_km": 3.3562042283628295, "heading_deg": 39.455733538842253, "slope": 0.0, "slope_deg": 0.0 }, "geometry": { "type": "Point", "coordinates": [ 24.424235948150944, 46.433994261936299 ] } },
{ "type": "Feature", "properties": { "point_id": 1120, "lon": 24.424253074045673, "lat": 46.434008602664221, "elevation_m": 401.733642578125, "distance_m": 3359.204228362436, "distance_km": 3.3592042283624362, "heading_deg": 39.455733533740954, "slope": 0.0, "slope_deg": 0.0 }, "geometry": { "type": "Point", "coordinates": [ 24.424253074045673, 46.434008602664221 ] } },
{ "type": "Feature", "properties": { "point_id": 1121, "lon": 24.424270199940405, "lat": 46.434022943388378, "elevation_m": 401.733642578125, "distance_m": 3362.2042283623382, "distance_km": 3.3622042283623381, "heading_deg": 39.45573352646079, "slope": 0.0, "slope_deg": 0.0 }, "geometry": { "type": "Point", "coordinates": [ 24.424270199940405, 46.434022943388378 ] } },
{ "type": "Feature", "properties": { "point_id": 1122, "lon": 24.424287325835135, "lat": 46.434037284108754, "elevation_m": 400.564208984375, "distance_m": 3365.2042283629598, "distance_km": 3.36520422836296, "heading_deg": 39.455733518166767, "slope": -0.38981119783589263, "slope_deg": -21.296393583557119 }, "geometry": { "type": "Point", "coordinates": [ 24.424287325835135, 46.434037284108754 ] } },
{ "type": "Feature", "properties": { "point_id": 1123, "lon": 24.424304451729864, "lat": 46.434051624825358, "elevation_m": 400.564208984375, "distance_m": 3368.2042283625665, "distance_km": 3.3682042283625666, "heading_deg": 39.455733551490312, "slope": 0.0, "slope_deg": 0.0 }, "geometry": { "type": "Point", "coordinates": [ 24.424304451729864, 46.434051624825358 ] } },
{ "type": "Feature", "properties": { "point_id": 1124, "lon": 24.424321577624593, "lat": 46.434065965538181, "elevation_m": 402.09051513671875, "distance_m": 3371.2042283624687, "distance_km": 3.3712042283624686, "heading_deg": 39.455733527684572, "slope": 0.50876871746449759, "slope_deg": 26.965568223967459 }, "geometry": { "type": "Point", "coordinates": [ 24.424321577624593, 46.434065965538181 ] } },
{ "type": "Feature", "properties": { "point_id": 1125, "lon": 24.424338703519325, "lat": 46.434080306247239, "elevation_m": 402.09051513671875, "distance_m": 3374.2042283623709, "distance_km": 3.374204228362371, "heading_deg": 39.455733525626158, "slope": 0.0, "slope_deg": 0.0 }, "geometry": { "type": "Point", "coordinates": [ 24.424338703519325, 46.434080306247239 ] } },
{ "type": "Feature", "properties": { "point_id": 1126, "lon": 24.424355829414058, "lat": 46.434094646952531, "elevation_m": 402.09051513671875, "distance_m": 3377.2042283629926, "distance_km": 3.3772042283629924, "heading_deg": 39.455733531831015, "slope": 0.0, "slope_deg": 0.0 }, "geometry": { "type": "Point", "coordinates": [ 24.424355829414058, 46.434094646952531 ] } },
{ "type": "Feature", "properties": { "point_id": 1127, "lon": 24.424372955308783, "lat": 46.434108987654035, "elevation_m": 402.09051513671875, "distance_m": 3380.2042283625992, "distance_km": 3.380204228362599, "heading_deg": 39.455733549643242, "slope": 0.0, "slope_deg": 0.0 }, "geometry": { "type": "Point", "coordinates": [ 24.424372955308783, 46.434108987654035 ] } },
{ "type": "Feature", "properties": { "point_id": 1128, "lon": 24.424390081203516, "lat": 46.43412332835176, "elevation_m": 402.09051513671875, "distance_m": 3383.2042283625015, "distance_km": 3.3832042283625015, "heading_deg": 39.45573351017498, "slope": 0.0, "slope_deg": 0.0 }, "geometry": { "type": "Point", "coordinates": [ 24.424390081203516, 46.43412332835176 ] } },
{ "type": "Feature", "properties": { "point_id": 1129, "lon": 24.424407207098248, "lat": 46.434137669045732, "elevation_m": 402.09051513671875, "distance_m": 3386.2042283624037, "distance_km": 3.3862042283624039, "heading_deg": 39.455733516380462, "slope": 0.0, "slope_deg": 0.0 }, "geometry": { "type": "Point", "coordinates": [ 24.424407207098248, 46.434137669045732 ] } },
{ "type": "Feature", "properties": { "point_id": 1130, "lon": 24.424424332992974, "lat": 46.434152009735918, "elevation_m": 402.09051513671875, "distance_m": 3389.2042283627293, "distance_km": 3.3892042283627295, "heading_deg": 39.4557335341932, "slope": 0.0, "slope_deg": 0.0 }, "geometry": { "type": "Point", "coordinates": [ 24.424424332992974, 46.434152009735918 ] } },
{ "type": "Feature", "properties": { "point_id": 1131, "lon": 24.424441458887706, "lat": 46.434166350422338, "elevation_m": 402.09051513671875, "distance_m": 3392.2042283626315, "distance_km": 3.3922042283626315, "heading_deg": 39.455733544606062, "slope": 0.0, "slope_deg": 0.0 }, "geometry": { "type": "Point", "coordinates": [ 24.424441458887706, 46.434166350422338 ] } },
{ "type": "Feature", "properties": { "point_id": 1132, "lon": 24.424458584782439, "lat": 46.43418069110497, "elevation_m": 402.09051513671875, "distance_m": 3395.2042283625337, "distance_km": 3.3952042283625339, "heading_deg": 39.455733530078817, "slope": 0.0, "slope_deg": 0.0 }, "geometry": { "type": "Point", "coordinates": [ 24.424458584782439, 46.43418069110497 ] } },
{ "type": "Feature", "properties": { "point_id": 1133, "lon": 24.424475710677168, "lat": 46.434195031783837, "elevation_m": 402.09051513671875, "distance_m": 3398.204228362436, "distance_km": 3.3982042283624359, "heading_deg": 35.67096969788588, "slope": 0.0, "slope_deg": 0.0 }, "geometry": { "type": "Point", "coordinates": [ 24.424475710677168, 46.434195031783837 ] } },
{ "type": "Feature", "properties": { "point_id": 1134, "lon": 24.424491419604326, "lat": 46.434210114417588, "elevation_m": 402.09051513671875, "distance_m": 3401.2030631083712, "distance_km": 3.4012030631083712, "heading_deg": 34.997284367204827, "slope": 0.0, "slope_deg": 0.0 }, "geometry": { "type": "Point", "coordinates": [ 24.424491419604326, 46.434210114417588 ] } },
{ "type": "Feature", "properties": { "point_id": 1135, "lon": 24.424506876134529, "lat": 46.434225329208303, "elevation_m": 402.09051513671875, "distance_m": 3404.2030631089451, "distance_km": 3.404203063108945, "heading_deg": 34.997284358519778, "slope": 0.0, "slope_deg": 0.0 }, "geometry": { "type": "Point", "coordinates": [ 24.424506876134529, 46.434225329208303 ] } },
{ "type": "Feature", "properties": { "point_id": 1136, "lon": 24.424522332664733, "lat": 46.434240543994761, "elevation_m": 402.09051513671875, "distance_m": 3407.2030631087564, "distance_km": 3.4072030631087564, "heading_deg": 34.997284389050037, "slope": 0.0, "slope_deg": 0.0 }, "geometry": { "type": "Point", "coordinates": [ 24.424522332664733, 46.434240543994761 ] } },
{ "type": "Feature", "properties": { "point_id": 1137, "lon": 24.42453778919494, "lat": 46.43425575877697, "elevation_m": 402.09051513671875, "distance_m": 3410.2030631085677, "distance_km": 3.4102030631085678, "heading_deg": 34.997284341238299, "slope": 0.0, "slope_deg": 0.0 }, "geometry": { "type": "Point", "coordinates": [ 24.42453778919494, 46.43425575877697 ] } },
{ "type": "Feature", "properties": { "point_id": 1138, "lon": 24.424553245725139, "lat": 46.434270973554945, "elevation_m": 402.09051513671875, "distance_m": 3413.203063108379, "distance_km": 3.4132030631083792, "heading_deg": 34.997284349259758, "slope": 0.0, "slope_deg": 0.0 }, "geometry": { "type": "Point", "coordinates": [ 24.424553245725139, 46.434270973554945 ] } },
{ "type": "Feature", "properties": { "point_id": 1139, "lon": 24.424568702255346, "lat": 46.43428618832867, "elevation_m": 402.09051513671875, "distance_m": 3416.2030631089528, "distance_km": 3.4162030631089531, "heading_deg": 34.997284363084759, "slope": 0.0, "slope_deg": 0.0 }, "geometry": { "type": "Point", "coordinates": [ 24.424568702255346, 46.43428618832867 ] } },
{ "type": "Feature", "properties": { "point_id": 1140, "lon": 24.424584158785549, "lat": 46.434301403098139, "elevation_m": 403.93222045898438, "distance_m": 3419.2030631087641, "distance_km": 3.419203063108764, "heading_deg": 34.99728435457672, "slope": 0.61390177412716018, "slope_deg": 31.545837712718601 }, "geometry": { "type": "Point", "coordinates": [ 24.424584158785549, 46.434301403098139 ] } },
{ "type": "Feature", "properties": { "point_id": 1141, "lon": 24.424599615315749, "lat": 46.434316617863367, "elevation_m": 402.526611328125, "distance_m": 3422.2030631085754, "distance_km": 3.4222030631085754, "heading_deg": 34.997284362598748, "slope": -0.46853637698259909, "slope_deg": -25.104799274492748 }, "geometry": { "type": "Point", "coordinates": [ 24.424599615315749, 46.434316617863367 ] } },
{ "type": "Feature", "properties": { "point_id": 1142, "lon": 24.424615071845956, "lat": 46.434331832624345, "elevation_m": 402.526611328125, "distance_m": 3425.2030631083867, "distance_km": 3.4252030631083867, "heading_deg": 34.997284348287792, "slope": 0.0, "slope_deg": 0.0 }, "geometry": { "type": "Point", "coordinates": [ 24.424615071845956, 46.434331832624345 ] } },
{ "type": "Feature", "properties": { "point_id": 1143, "lon": 24.424630528376159, "lat": 46.434347047381081, "elevation_m": 402.526611328125, "distance_m": 3428.2030631089606, "distance_km": 3.4282030631089606, "heading_deg": 34.997284350946984, "slope": 0.0, "slope_deg": 0.0 }, "geometry": { "type": "Point", "coordinates": [ 24.424630528376159, 46.434347047381081 ] } },
{ "type": "Feature", "properties": { "point_id": 1144, "lon": 24.424645984906363, "lat": 46.434362262133561, "elevation_m": 402.526611328125, "distance_m": 3431.2030631087719, "distance_km": 3.431203063108772, "heading_deg": 34.997284359145681, "slope": 0.0, "slope_deg": 0.0 }, "geometry": { "type": "Point", "coordinates": [ 24.424645984906363, 46.434362262133561 ] } },
{ "type": "Feature", "properties": { "point_id": 1145, "lon": 24.424661441436566, "lat": 46.434377476881792, "elevation_m": 402.526611328125, "distance_m": 3434.2030631085831, "distance_km": 3.4342030631085829, "heading_deg": 33.498678719571387, "slope": 0.0, "slope_deg": 0.0 }, "geometry": { "type": "Point", "coordinates": [ 24.424661441436566, 46.434377476881792 ] } },
{ "type": "Feature", "properties": { "point_id": 1146, "lon": 24.424676308843075, "lat": 46.434392958262222, "elevation_m": 402.526611328125, "distance_m": 3437.2017560685149, "distance_km": 3.4372017560685149, "heading_deg": 31.589770703870784, "slope": 0.0, "slope_deg": 0.0 }, "geometry": { "type": "Point", "coordinates": [ 24.424676308843075, 46.434392958262222 ] } },
{ "type": "Feature", "properties": { "point_id": 1147, "lon": 24.424690425883323, "lat": 46.43440877925272, "elevation_m": 402.526611328125, "distance_m": 3440.2017560684321, "distance_km": 3.4402017560684319, "heading_deg": 31.589770725175299, "slope": 0.0, "slope_deg": 0.0 }, "geometry": { "type": "Point", "coordinates": [ 24.424690425883323, 46.43440877925272 ] } },
{ "type": "Feature", "properties": { "point_id": 1148, "lon": 24.424704542923575, "lat": 46.434424600238621, "elevation_m": 402.526611328125, "distance_m": 3443.2017560685931, "distance_km": 3.4432017560685932, "heading_deg": 31.589770698362088, "slope": 0.0, "slope_deg": 0.0 }, "geometry": { "type": "Point", "coordinates": [ 24.424704542923575, 46.434424600238621 ] } },
{ "type": "Feature", "properties": { "point_id": 1149, "lon": 24.424718659963826, "lat": 46.434440421219939, "elevation_m": 402.526611328125, "distance_m": 3446.2017560687541, "distance_km": 3.4462017560687541, "heading_deg": 31.589770707526611, "slope": 0.0, "slope_deg": 0.0 }, "geometry": { "type": "Point", "coordinates": [ 24.424718659963826, 46.434440421219939 ] } },
{ "type": "Feature", "properties": { "point_id": 1150, "lon": 24.424732777004074, "lat": 46.43445624219666, "elevation_m": 402.526611328125, "distance_m": 3449.2017560686713, "distance_km": 3.4492017560686712, "heading_deg": 31.589770723692084, "slope": 0.0, "slope_deg": 0.0 }, "geometry": { "type": "Point", "coordinates": [ 24.424732777004074, 46.43445624219666 ] } },
{ "type": "Feature", "properties": { "point_id": 1151, "lon": 24.424746894044326, "lat": 46.434472063168784, "elevation_m": 402.526611328125, "distance_m": 3452.2017560688323, "distance_km": 3.4522017560688325, "heading_deg": 31.58977069111944, "slope": 0.0, "slope_deg": 0.0 }, "geometry": { "type": "Point", "coordinates": [ 24.424746894044326, 46.434472063168784 ] } },
{ "type": "Feature", "properties": { "point_id": 1152, "lon": 24.424761011084573, "lat": 46.434487884136324, "elevation_m": 402.526611328125, "distance_m": 3455.2017560687495, "distance_km": 3.4552017560687496, "heading_deg": 31.589770716944315, "slope": 0.0, "slope_deg": 0.0 }, "geometry": { "type": "Point", "coordinates": [ 24.424761011084573, 46.434487884136324 ] } },
{ "type": "Feature", "properties": { "point_id": 1153, "lon": 24.424775128124825, "lat": 46.43450370509926, "elevation_m": 402.526611328125, "distance_m": 3458.2017560689105, "distance_km": 3.4582017560689104, "heading_deg": 31.589770706171407, "slope": 0.0, "slope_deg": 0.0 }, "geometry": { "type": "Point", "coordinates": [ 24.424775128124825, 46.43450370509926 ] } },
{ "type": "Feature", "properties": { "point_id": 1154, "lon": 24.424789245165073, "lat": 46.434519526057613, "elevation_m": 402.526611328125, "distance_m": 3461.2017560688278, "distance_km": 3.461201756068828, "heading_deg": 31.589770705678063, "slope": 0.0, "slope_deg": 0.0 }, "geometry": { "type": "Point", "coordinates": [ 24.424789245165073, 46.434519526057613 ] } },
{ "type": "Feature", "properties": { "point_id": 1155, "lon": 24.424803362205324, "lat": 46.434535347011362, "elevation_m": 402.526611328125, "distance_m": 3464.2017560689887, "distance_km": 3.4642017560689888, "heading_deg": 31.589770705805222, "slope": 0.0, "slope_deg": 0.0 }, "geometry": { "type": "Point", "coordinates": [ 24.424803362205324, 46.434535347011362 ] } },
{ "type": "Feature", "properties": { "point_id": 1156, "lon": 24.424817479245579, "lat": 46.434551167960528, "elevation_m": 402.526611328125, "distance_m": 3467.2017560691497, "distance_km": 3.4672017560691497, "heading_deg": 31.589770704071555, "slope": 0.0, "slope_deg": 0.0 }, "geometry": { "type": "Point", "coordinates": [ 24.424817479245579, 46.434551167960528 ] } },
{ "type": "Feature", "properties": { "point_id": 1157, "lon": 24.424831596285824, "lat": 46.434566988905097, "elevation_m": 402.526611328125, "distance_m": 3470.201756069067, "distance_km": 3.4702017560690668, "heading_deg": 28.785389318223793, "slope": 0.0, "slope_deg": 0.0 }, "geometry": { "type": "Point", "coordinates": [ 24.424831596285824, 46.434566988905097 ] } },
{ "type": "Feature", "properties": { "point_id": 1158, "lon": 24.424844566676558, "lat": 46.434583258645553, "elevation_m": 402.526611328125, "distance_m": 3473.2002327747309, "distance_km": 3.4732002327747309, "heading_deg": 27.596589803266227, "slope": 0.0, "slope_deg": 0.0 }, "geometry": { "type": "Point", "coordinates": [ 24.424844566676558, 46.434583258645553 ] } },
{ "type": "Feature", "properties": { "point_id": 1159, "lon": 24.42485705083423, "lat": 46.434599718693505, "elevation_m": 402.146728515625, "distance_m": 3476.2002327741397, "distance_km": 3.4762002327741399, "heading_deg": 27.596589816330663, "slope": -0.12662760419161956, "slope_deg": -7.216818041450245 }, "geometry": { "type": "Point", "coordinates": [ 24.42485705083423, 46.434599718693505 ] } },
{ "type": "Feature", "properties": { "point_id": 1160, "lon": 24.424869534991902, "lat": 46.434616178736498, "elevation_m": 402.66265869140625, "distance_m": 3479.2002327741584, "distance_km": 3.4792002327741582, "heading_deg": 27.596589817207303, "slope": 0.17197672525934785, "slope_deg": 9.758086036204018 }, "geometry": { "type": "Point", "coordinates": [ 24.424869534991902, 46.434616178736498 ] } },
{ "type": "Feature", "properties": { "point_id": 1161, "lon": 24.424882019149578, "lat": 46.434632638774509, "elevation_m": 402.66265869140625, "distance_m": 3482.2002327743926, "distance_km": 3.4822002327743924, "heading_deg": 27.596589821181794, "slope": 0.0, "slope_deg": 0.0 }, "geometry": { "type": "Point", "coordinates": [ 24.424882019149578, 46.434632638774509 ] } },
{ "type": "Feature", "properties": { "point_id": 1162, "lon": 24.424894503307254, "lat": 46.434649098807554, "elevation_m": 402.66265869140625, "distance_m": 3485.2002327746268, "distance_km": 3.485200232774627, "heading_deg": 27.596589806975771, "slope": 0.0, "slope_deg": 0.0 }, "geometry": { "type": "Point", "coordinates": [ 24.424894503307254, 46.434649098807554 ] } },
{ "type": "Feature", "properties": { "point_id": 1163, "lon": 24.424906987464926, "lat": 46.434665558835633, "elevation_m": 402.66265869140625, "distance_m": 3488.200232774861, "distance_km": 3.4882002327748611, "heading_deg": 27.596589833676546, "slope": 0.0, "slope_deg": 0.0 }, "geometry": { "type": "Point", "coordinates": [ 24.424906987464926, 46.434665558835633 ] } },
{ "type": "Feature", "properties": { "point_id": 1164, "lon": 24.424919471622601, "lat": 46.434682018858716, "elevation_m": 402.66265869140625, "distance_m": 3491.2002327742698, "distance_km": 3.4912002327742697, "heading_deg": 27.596589814925721, "slope": 0.0, "slope_deg": 0.0 }, "geometry": { "type": "Point", "coordinates": [ 24.424919471622601, 46.434682018858716 ] } },
{ "type": "Feature", "properties": { "point_id": 1165, "lon": 24.424931955780277, "lat": 46.434698478876854, "elevation_m": 402.66265869140625, "distance_m": 3494.200232774504, "distance_km": 3.4942002327745039, "heading_deg": 27.596589835431644, "slope": 0.0, "slope_deg": 0.0 }, "geometry": { "type": "Point", "coordinates": [ 24.424931955780277, 46.434698478876854 ] } },
{ "type": "Feature", "properties": { "point_id": 1166, "lon": 24.424944439937956, "lat": 46.434714938890004, "elevation_m": 402.66265869140625, "distance_m": 3497.2002327747382, "distance_km": 3.497200232774738, "heading_deg": 27.596589801800803, "slope": 0.0, "slope_deg": 0.0 }, "geometry": { "type": "Point", "coordinates": [ 24.424944439937956, 46.434714938890004 ] } },
{ "type": "Feature", "properties": { "point_id": 1167, "lon": 24.424956924095625, "lat": 46.434731398898194, "elevation_m": 402.66265869140625, "distance_m": 3500.2002327747568, "distance_km": 3.5002002327747568, "heading_deg": 27.596589820859606, "slope": 0.0, "slope_deg": 0.0 }, "geometry": { "type": "Point", "coordinates": [ 24.424956924095625, 46.434731398898194 ] } },
{ "type": "Feature", "properties": { "point_id": 1168, "lon": 24.424969408253297, "lat": 46.434747858901396, "elevation_m": 402.66265869140625, "distance_m": 3503.2002327741657, "distance_km": 3.5032002327741658, "heading_deg": 27.596589823185354, "slope": 0.0, "slope_deg": 0.0 }, "geometry": { "type": "Point", "coordinates": [ 24.424969408253297, 46.434747858901396 ] } },
{ "type": "Feature", "properties": { "point_id": 1169, "lon": 24.424981892410976, "lat": 46.434764318899639, "elevation_m": 402.66265869140625, "distance_m": 3506.2002327743999, "distance_km": 3.5062002327744, "heading_deg": 27.596589825713977, "slope": 0.0, "slope_deg": 0.0 }, "geometry": { "type": "Point", "coordinates": [ 24.424981892410976, 46.434764318899639 ] } },
{ "type": "Feature", "properties": { "point_id": 1170, "lon": 24.424994376568652, "lat": 46.434780778892907, "elevation_m": 402.66265869140625, "distance_m": 3509.2002327746341, "distance_km": 3.5092002327746341, "heading_deg": 27.596589806964346, "slope": 0.0, "slope_deg": 0.0 }, "geometry": { "type": "Point", "coordinates": [ 24.424994376568652, 46.434780778892907 ] } },
{ "type": "Feature", "properties": { "point_id": 1171, "lon": 24.425006860726324, "lat": 46.43479723888121, "elevation_m": 402.66265869140625, "distance_m": 3512.2002327748683, "distance_km": 3.5122002327748683, "heading_deg": 27.596589824576483, "slope": 0.0, "slope_deg": 0.0 }, "geometry": { "type": "Point", "coordinates": [ 24.425006860726324, 46.43479723888121 ] } },
{ "type": "Feature", "properties": { "point_id": 1172, "lon": 24.425019344883999, "lat": 46.434813698864531, "elevation_m": 402.66265869140625, "distance_m": 3515.2002327742771, "distance_km": 3.5152002327742773, "heading_deg": 27.596589813470132, "slope": 0.0, "slope_deg": 0.0 }, "geometry": { "type": "Point", "coordinates": [ 24.425019344883999, 46.434813698864531 ] } },
{ "type": "Feature", "properties": { "point_id": 1173, "lon": 24.425031829041671, "lat": 46.434830158842885, "elevation_m": 402.66265869140625, "distance_m": 3518.2002327742957, "distance_km": 3.5182002327742956, "heading_deg": 27.596589805258986, "slope": 0.0, "slope_deg": 0.0 }, "geometry": { "type": "Point", "coordinates": [ 24.425031829041671, 46.434830158842885 ] } },
{ "type": "Feature", "properties": { "point_id": 1174, "lon": 24.425044313199347, "lat": 46.434846618816273, "elevation_m": 402.66265869140625, "distance_m": 3521.2002327745299, "distance_km": 3.5212002327745298, "heading_deg": 27.596589842500066, "slope": 0.0, "slope_deg": 0.0 }, "geometry": { "type": "Point", "coordinates": [ 24.425044313199347, 46.434846618816273 ] } },
{ "type": "Feature", "properties": { "point_id": 1175, "lon": 24.425056797357023, "lat": 46.43486307878468, "elevation_m": 401.374755859375, "distance_m": 3524.2002327747641, "distance_km": 3.5242002327747639, "heading_deg": 27.596589820856423, "slope": -0.42930094397690333, "slope_deg": -23.233893417853444 }, "geometry": { "type": "Point", "coordinates": [ 24.425056797357023, 46.43486307878468 ] } },
{ "type": "Feature", "properties": { "point_id": 1176, "lon": 24.425069281514695, "lat": 46.434879538748113, "elevation_m": 401.374755859375, "distance_m": 3527.2002327741729, "distance_km": 3.5272002327741729, "heading_deg": 27.596589808100703, "slope": 0.0, "slope_deg": 0.0 }, "geometry": { "type": "Point", "coordinates": [ 24.425069281514695, 46.434879538748113 ] } },
{ "type": "Feature", "properties": { "point_id": 1177, "lon": 24.42508176567237, "lat": 46.434895998706587, "elevation_m": 401.374755859375, "distance_m": 3530.2002327744071, "distance_km": 3.5302002327744071, "heading_deg": 27.596589812078491, "slope": 0.0, "slope_deg": 0.0 }, "geometry": { "type": "Point", "coordinates": [ 24.42508176567237, 46.434895998706587 ] } },
{ "type": "Feature", "properties": { "point_id": 1178, "lon": 24.425094249830046, "lat": 46.434912458660079, "elevation_m": 401.374755859375, "distance_m": 3533.2002327746413, "distance_km": 3.5332002327746412, "heading_deg": 27.596589823699389, "slope": 0.0, "slope_deg": 0.0 }, "geometry": { "type": "Point", "coordinates": [ 24.425094249830046, 46.434912458660079 ] } },
{ "type": "Feature", "properties": { "point_id": 1179, "lon": 24.425106733987718, "lat": 46.434928918608605, "elevation_m": 401.374755859375, "distance_m": 3536.20023277466, "distance_km": 3.53620023277466, "heading_deg": 27.596589815489438, "slope": 0.0, "slope_deg": 0.0 }, "geometry": { "type": "Point", "coordinates": [ 24.425106733987718, 46.434928918608605 ] } },
{ "type": "Feature", "properties": { "point_id": 1180, "lon": 24.42511921814539, "lat": 46.434945378552158, "elevation_m": 401.374755859375, "distance_m": 3539.2002327740688, "distance_km": 3.5392002327740686, "heading_deg": 27.596589824013051, "slope": 0.0, "slope_deg": 0.0 }, "geometry": { "type": "Point", "coordinates": [ 24.42511921814539, 46.434945378552158 ] } },
{ "type": "Feature", "properties": { "point_id": 1181, "lon": 24.425131702303066, "lat": 46.434961838490736, "elevation_m": 401.374755859375, "distance_m": 3542.200232774303, "distance_km": 3.5422002327743032, "heading_deg": 27.596589809810837, "slope": 0.0, "slope_deg": 0.0 }, "geometry": { "type": "Point", "coordinates": [ 24.425131702303066, 46.434961838490736 ] } },
{ "type": "Feature", "properties": { "point_id": 1182, "lon": 24.425144186460741, "lat": 46.434978298424348, "elevation_m": 402.58425903320312, "distance_m": 3545.2002327745372, "distance_km": 3.5452002327745373, "heading_deg": 27.596589822880048, "slope": 0.40316772457790173, "slope_deg": 21.957701523207081 }, "geometry": { "type": "Point", "coordinates": [ 24.425144186460741, 46.434978298424348 ] } },
{ "type": "Feature", "properties": { "point_id": 1183, "lon": 24.425156670618417, "lat": 46.434994758352985, "elevation_m": 402.58425903320312, "distance_m": 3548.2002327747714, "distance_km": 3.5482002327747715, "heading_deg": 27.596589814670892, "slope": 0.0, "slope_deg": 0.0 }, "geometry": { "type": "Point", "coordinates": [ 24.425156670618417, 46.434994758352985 ] } },
{ "type": "Feature", "properties": { "point_id": 1184, "lon": 24.425169154776093, "lat": 46.435011218276657, "elevation_m": 402.58425903320312, "distance_m": 3551.2002327741802, "distance_km": 3.5512002327741801, "heading_deg": 27.596589826293041, "slope": 0.0, "slope_deg": 0.0 }, "geometry": { "type": "Point", "coordinates": [ 24.425169154776093, 46.435011218276657 ] } },
{ "type": "Feature", "properties": { "point_id": 1185, "lon": 24.425181638933768, "lat": 46.435027678195347, "elevation_m": 402.58425903320312, "distance_m": 3554.2002327744144, "distance_km": 3.5542002327744142, "heading_deg": 27.596589795561044, "slope": 0.0, "slope_deg": 0.0 }, "geometry": { "type": "Point", "coordinates": [ 24.425181638933768, 46.435027678195347 ] } },
{ "type": "Feature", "properties": { "point_id": 1186, "lon": 24.425194123091437, "lat": 46.435044138109077, "elevation_m": 402.58425903320312, "distance_m": 3557.2002327744331, "distance_km": 3.557200232774433, "heading_deg": 27.596589840244803, "slope": 0.0, "slope_deg": 0.0 }, "geometry": { "type": "Point", "coordinates": [ 24.425194123091437, 46.435044138109077 ] } },
{ "type": "Feature", "properties": { "point_id": 1187, "lon": 24.425206607249116, "lat": 46.43506059801782, "elevation_m": 402.58425903320312, "distance_m": 3560.2002327746673, "distance_km": 3.5602002327746671, "heading_deg": 27.596589824596322, "slope": 0.0, "slope_deg": 0.0 }, "geometry": { "type": "Point", "coordinates": [ 24.425206607249116, 46.43506059801782 ] } },
{ "type": "Feature", "properties": { "point_id": 1188, "lon": 24.425219091406788, "lat": 46.435077057921596, "elevation_m": 402.58425903320312, "distance_m": 3563.2002327740761, "distance_km": 3.5632002327740762, "heading_deg": 27.596589819485928, "slope": 0.0, "slope_deg": 0.0 }, "geometry": { "type": "Point", "coordinates": [ 24.425219091406788, 46.435077057921596 ] } },
{ "type": "Feature", "properties": { "point_id": 1189, "lon": 24.425231575564464, "lat": 46.435093517820405, "elevation_m": 402.58425903320312, "distance_m": 3566.2002327743103, "distance_km": 3.5662002327743103, "heading_deg": 27.596589800740105, "slope": 0.0, "slope_deg": 0.0 }, "geometry": { "type": "Point", "coordinates": [ 24.425231575564464, 46.435093517820405 ] } },
{ "type": "Feature", "properties": { "point_id": 1190, "lon": 24.425244059722139, "lat": 46.435109977714248, "elevation_m": 402.58425903320312, "distance_m": 3569.2002327745445, "distance_km": 3.5692002327745445, "heading_deg": 27.596589813810965, "slope": 0.0, "slope_deg": 0.0 }, "geometry": { "type": "Point", "coordinates": [ 24.425244059722139, 46.435109977714248 ] } },
{ "type": "Feature", "properties": { "point_id": 1191, "lon": 24.425256543879815, "lat": 46.435126437603117, "elevation_m": 402.58425903320312, "distance_m": 3572.2002327747787, "distance_km": 3.5722002327747786, "heading_deg": 27.596589826882109, "slope": 0.0, "slope_deg": 0.0 }, "geometry": { "type": "Point", "coordinates": [ 24.425256543879815, 46.435126437603117 ] } },
{ "type": "Feature", "properties": { "point_id": 1192, "lon": 24.425269028037487, "lat": 46.435142897487005, "elevation_m": 400.51666259765625, "distance_m": 3575.2002327739719, "distance_km": 3.5752002327739718, "heading_deg": 27.596589833960707, "slope": -0.6891988120342889, "slope_deg": -34.574565272595365 }, "geometry": { "type": "Point", "coordinates": [ 24.425269028037487, 46.435142897487005 ] } },
{ "type": "Feature", "properties": { "point_id": 1193, "lon": 24.425281512195159, "lat": 46.435159357365919, "elevation_m": 400.51666259765625, "distance_m": 3578.2002327742061, "distance_km": 3.578200232774206, "heading_deg": 27.596589803027484, "slope": 0.0, "slope_deg": 0.0 }, "geometry": { "type": "Point", "coordinates": [ 24.425281512195159, 46.435159357365919 ] } },
{ "type": "Feature", "properties": { "point_id": 1194, "lon": 24.425293996352835, "lat": 46.43517581723988, "elevation_m": 400.51666259765625, "distance_m": 3581.2002327744403, "distance_km": 3.5812002327744406, "heading_deg": 27.596589825189653, "slope": 0.0, "slope_deg": 0.0 }, "geometry": { "type": "Point", "coordinates": [ 24.425293996352835, 46.43517581723988 ] } },
{ "type": "Feature", "properties": { "point_id": 1195, "lon": 24.42530648051051, "lat": 46.435192277108854, "elevation_m": 400.51666259765625, "distance_m": 3584.2002327746745, "distance_km": 3.5842002327746747, "heading_deg": 27.596589821528141, "slope": 0.0, "slope_deg": 0.0 }, "geometry": { "type": "Point", "coordinates": [ 24.42530648051051, 46.435192277108854 ] } },
{ "type": "Feature", "properties": { "point_id": 1196, "lon": 24.425318964668186, "lat": 46.435208736972868, "elevation_m": 400.51666259765625, "distance_m": 3587.2002327749087, "distance_km": 3.5872002327749088, "heading_deg": 27.282520309326571, "slope": 0.0, "slope_deg": 0.0 }, "geometry": { "type": "Point", "coordinates": [ 24.425318964668186, 46.435208736972868 ] } },
{ "type": "Feature", "properties": { "point_id": 1197, "lon": 24.425331316919785, "lat": 46.435225242676076, "elevation_m": 400.51666259765625, "distance_m": 3590.2000382696469, "distance_km": 3.5902000382696468, "heading_deg": 25.927170952732865, "slope": 0.0, "slope_deg": 0.0 }, "geometry": { "type": "Point", "coordinates": [ 24.425331316919785, 46.435225242676076 ] } },
{ "type": "Feature", "properties": { "point_id": 1198, "lon": 24.425343099988336, "lat": 46.435241946194765, "elevation_m": 400.51666259765625, "distance_m": 3593.2000382693095, "distance_km": 3.5932000382693094, "heading_deg": 25.927170959526336, "slope": 0.0, "slope_deg": 0.0 }, "geometry": { "type": "Point", "coordinates": [ 24.425343099988336, 46.435241946194765 ] } },
{ "type": "Feature", "properties": { "point_id": 1199, "lon": 24.425354883056876, "lat": 46.435258649708324, "elevation_m": 400.51666259765625, "distance_m": 3596.200038269606, "distance_km": 3.5962000382696062, "heading_deg": 25.92717097886009, "slope": 0.0, "slope_deg": 0.0 }, "geometry": { "type": "Point", "coordinates": [ 24.425354883056876, 46.435258649708324 ] } },
{ "type": "Feature", "properties": { "point_id": 1200, "lon": 24.425366666125427, "lat": 46.435275353216753, "elevation_m": 400.51666259765625, "distance_m": 3599.2000382692686, "distance_km": 3.5992000382692684, "heading_deg": 25.927170937049993, "slope": 0.0, "slope_deg": 0.0 }, "geometry": { "type": "Point", "coordinates": [ 24.425366666125427, 46.435275353216753 ] } },
{ "type": "Feature", "properties": { "point_id": 1201, "lon": 24.425378449193978, "lat": 46.435292056720087, "elevation_m": 400.51666259765625, "distance_m": 3602.2000382697688, "distance_km": 3.602200038269769, "heading_deg": 25.927170984622592, "slope": 0.0, "slope_deg": 0.0 }, "geometry": { "type": "Point", "coordinates": [ 24.425378449193978, 46.435292056720087 ] } },
{ "type": "Feature", "properties": { "point_id": 1202, "lon": 24.425390232262533, "lat": 46.435308760218284, "elevation_m": 400.51666259765625, "distance_m": 3605.2000382694314, "distance_km": 3.6052000382694316, "heading_deg": 25.927170941728605, "slope": 0.0, "slope_deg": 0.0 }, "geometry": { "type": "Point", "coordinates": [ 24.425390232262533, 46.435308760218284 ] } },
{ "type": "Feature", "properties": { "point_id": 1203, "lon": 24.42540201533108, "lat": 46.435325463711372, "elevation_m": 400.51666259765625, "distance_m": 3608.2000382699316, "distance_km": 3.6082000382699317, "heading_deg": 25.92717096177023, "slope": 0.0, "slope_deg": 0.0 }, "geometry": { "type": "Point", "coordinates": [ 24.42540201533108, 46.435325463711372 ] } },
{ "type": "Feature", "properties": { "point_id": 1204, "lon": 24.425413798399632, "lat": 46.43534216719933, "elevation_m": 400.51666259765625, "distance_m": 3611.2000382695942, "distance_km": 3.6112000382695943, "heading_deg": 25.927170962860771, "slope": 0.0, "slope_deg": 0.0 }, "geometry": { "type": "Point", "coordinates": [ 24.425413798399632, 46.43534216719933 ] } },
{ "type": "Feature", "properties": { "point_id": 1205, "lon": 24.425425581468183, "lat": 46.43535887068218, "elevation_m": 401.77178955078125, "distance_m": 3614.2000382700944, "distance_km": 3.6142000382700945, "heading_deg": 25.927170956078669, "slope": 0.41837565097190643, "slope_deg": 22.703247035550159 }, "geometry": { "type": "Point", "coordinates": [ 24.425425581468183, 46.43535887068218 ] } },
{ "type": "Feature", "properties": { "point_id": 1206, "lon": 24.425437364536727, "lat": 46.435375574159892, "elevation_m": 401.77178955078125, "distance_m": 3617.2000382695533, "distance_km": 3.6172000382695533, "heading_deg": 25.927170966833842, "slope": 0.0, "slope_deg": 0.0 }, "geometry": { "type": "Point", "coordinates": [ 24.425437364536727, 46.435375574159892 ] } },
{ "type": "Feature", "properties": { "point_id": 1207, "lon": 24.425449147605278, "lat": 46.435392277632495, "elevation_m": 401.77178955078125, "distance_m": 3620.2000382692158, "distance_km": 3.6202000382692159, "heading_deg": 25.927170960052138, "slope": 0.0, "slope_deg": 0.0 }, "geometry": { "type": "Point", "coordinates": [ 24.425449147605278, 46.435392277632495 ] } },
{ "type": "Feature", "properties": { "point_id": 1208, "lon": 24.425460930673825, "lat": 46.435408981099975, "elevation_m": 401.77178955078125, "distance_m": 3623.2000382697161, "distance_km": 3.623200038269716, "heading_deg": 25.927170954354892, "slope": 0.0, "slope_deg": 0.0 }, "geometry": { "type": "Point", "coordinates": [ 24.425460930673825, 46.435408981099975 ] } },
{ "type": "Feature", "properties": { "point_id": 1209, "lon": 24.425472713742376, "lat": 46.43542568456234, "elevation_m": 400.67984008789062, "distance_m": 3626.2000382693786, "distance_km": 3.6262000382693786, "heading_deg": 25.927170968316432, "slope": -0.3639831543378137, "slope_deg": -20.000653668237653 }, "geometry": { "type": "Point", "coordinates": [ 24.425472713742376, 46.43542568456234 ] } },
{ "type": "Feature", "properties": { "point_id": 1210, "lon": 24.425484496810927, "lat": 46.435442388019581, "elevation_m": 400.67984008789062, "distance_m": 3629.2000382698789, "distance_km": 3.6292000382698788, "heading_deg": 25.92717097548956, "slope": 0.0, "slope_deg": 0.0 }, "geometry": { "type": "Point", "coordinates": [ 24.425484496810927, 46.435442388019581 ] } },
{ "type": "Feature", "properties": { "point_id": 1211, "lon": 24.425496279879479, "lat": 46.435459091471706, "elevation_m": 400.67984008789062, "distance_m": 3632.2000382695414, "distance_km": 3.6322000382695414, "heading_deg": 25.927170957630096, "slope": 0.0, "slope_deg": 0.0 }, "geometry": { "type": "Point", "coordinates": [ 24.425496279879479, 46.435459091471706 ] } },
{ "type": "Feature", "properties": { "point_id": 1212, "lon": 24.42550806294803, "lat": 46.435475794918709, "elevation_m": 400.67984008789062, "distance_m": 3635.2000382700417, "distance_km": 3.6352000382700416, "heading_deg": 25.927170967302231, "slope": 0.0, "slope_deg": 0.0 }, "geometry": { "type": "Point", "coordinates": [ 24.42550806294803, 46.435475794918709 ] } },
{ "type": "Feature", "properties": { "point_id": 1213, "lon": 24.425519846016581, "lat": 46.435492498360588, "elevation_m": 400.67984008789062, "distance_m": 3638.2000382697042, "distance_km": 3.6382000382697042, "heading_deg": 25.927170947651746, "slope": 0.0, "slope_deg": 0.0 }, "geometry": { "type": "Point", "coordinates": [ 24.425519846016581, 46.435492498360588 ] } },
{ "type": "Feature", "properties": { "point_id": 1214, "lon": 24.425531629085125, "lat": 46.435509201797352, "elevation_m": 400.67984008789062, "distance_m": 3641.2000382691631, "distance_km": 3.6412000382691629, "heading_deg": 25.927170966988513, "slope": 0.0, "slope_deg": 0.0 }, "geometry": { "type": "Point", "coordinates": [ 24.425531629085125, 46.435509201797352 ] } },
{ "type": "Feature", "properties": { "point_id": 1215, "lon": 24.425543412153676, "lat": 46.435525905228999, "elevation_m": 400.67984008789062, "distance_m": 3644.2000382696633, "distance_km": 3.6442000382696631, "heading_deg": 25.92717096449843, "slope": 0.0, "slope_deg": 0.0 }, "geometry": { "type": "Point", "coordinates": [ 24.425543412153676, 46.435525905228999 ] } },
{ "type": "Feature", "properties": { "point_id": 1216, "lon": 24.425555195222223, "lat": 46.435542608655517, "elevation_m": 400.67984008789062, "distance_m": 3647.2000382693259, "distance_km": 3.6472000382693257, "heading_deg": 25.915844231462813, "slope": 0.0, "slope_deg": 0.0 }, "geometry": { "type": "Point", "coordinates": [ 24.425555195222223, 46.435542608655517 ] } },
{ "type": "Feature", "properties": { "point_id": 1217, "lon": 24.425566973497272, "lat": 46.435559313679256, "elevation_m": 400.67984008789062, "distance_m": 3650.2000377879258, "distance_km": 3.650200037787926, "heading_deg": 25.822763012972302, "slope": 0.0, "slope_deg": 0.0 }, "geometry": { "type": "Point", "coordinates": [ 24.425566973497272, 46.435559313679256 ] } },
{ "type": "Feature", "properties": { "point_id": 1218, "lon": 24.425578712380084, "lat": 46.435576031865537, "elevation_m": 400.67984008789062, "distance_m": 3653.2000377877225, "distance_km": 3.6532000377877227, "heading_deg": 25.822763024423352, "slope": 0.0, "slope_deg": 0.0 }, "geometry": { "type": "Point", "coordinates": [ 24.425578712380084, 46.435576031865537 ] } },
{ "type": "Feature", "properties": { "point_id": 1219, "lon": 24.425590451262906, "lat": 46.435592750046702, "elevation_m": 400.67984008789062, "distance_m": 3656.2000377877221, "distance_km": 3.656200037787722, "heading_deg": 25.822763028623058, "slope": 0.0, "slope_deg": 0.0 }, "geometry": { "type": "Point", "coordinates": [ 24.425590451262906, 46.435592750046702 ] } },
{ "type": "Feature", "properties": { "point_id": 1220, "lon": 24.425602190145725, "lat": 46.435609468222729, "elevation_m": 400.67984008789062, "distance_m": 3659.2000377877216, "distance_km": 3.6592000377877216, "heading_deg": 25.822763022462311, "slope": 0.0, "slope_deg": 0.0 }, "geometry": { "type": "Point", "coordinates": [ 24.425602190145725, 46.435609468222729 ] } },
{ "type": "Feature", "properties": { "point_id": 1221, "lon": 24.425613929028536, "lat": 46.435626186393627, "elevation_m": 400.67984008789062, "distance_m": 3662.2000377875183, "distance_km": 3.6622000377875183, "heading_deg": 25.822763040000723, "slope": 0.0, "slope_deg": 0.0 }, "geometry": { "type": "Point", "coordinates": [ 24.425613929028536, 46.435626186393627 ] } },
{ "type": "Feature", "properties": { "point_id": 1222, "lon": 24.425625667911358, "lat": 46.435642904559401, "elevation_m": 400.67984008789062, "distance_m": 3665.2000377875179, "distance_km": 3.665200037787518, "heading_deg": 25.822763021018545, "slope": 0.0, "slope_deg": 0.0 }, "geometry": { "type": "Point", "coordinates": [ 24.425625667911358, 46.435642904559401 ] } },
{ "type": "Feature", "properties": { "point_id": 1223, "lon": 24.425637406794177, "lat": 46.435659622720046, "elevation_m": 400.67984008789062, "distance_m": 3668.200037788356, "distance_km": 3.6682000377883561, "heading_deg": 25.822763010584481, "slope": 0.0, "slope_deg": 0.0 }, "geometry": { "type": "Point", "coordinates": [ 24.425637406794177, 46.435659622720046 ] } },
{ "type": "Feature", "properties": { "point_id": 1224, "lon": 24.425649145676989, "lat": 46.43567634087556, "elevation_m": 400.67984008789062, "distance_m": 3671.2000377881527, "distance_km": 3.6712000377881528, "heading_deg": 25.82276303304559, "slope": 0.0, "slope_deg": 0.0 }, "geometry": { "type": "Point", "coordinates": [ 24.425649145676989, 46.43567634087556 ] } },
{ "type": "Feature", "properties": { "point_id": 1225, "lon": 24.425660884559807, "lat": 46.435693059025944, "elevation_m": 400.67984008789062, "distance_m": 3674.2000377881523, "distance_km": 3.6742000377881521, "heading_deg": 25.822763024424773, "slope": 0.0, "slope_deg": 0.0 }, "geometry": { "type": "Point", "coordinates": [ 24.425660884559807, 46.435693059025944 ] } },
{ "type": "Feature", "properties": { "point_id": 1226, "lon": 24.425672623442622, "lat": 46.435709777171198, "elevation_m": 398.68545532226562, "distance_m": 3677.200037787949, "distance_km": 3.6772000377879488, "heading_deg": 25.822763026164864, "slope": -0.66479492192004475, "slope_deg": -33.615758167787355 }, "geometry": { "type": "Point", "coordinates": [ 24.425672623442622, 46.435709777171198 ] } },
{ "type": "Feature", "properties": { "point_id": 1227, "lon": 24.425684362325438, "lat": 46.435726495311322, "elevation_m": 398.68545532226562, "distance_m": 3680.2000377879485, "distance_km": 3.6802000377879485, "heading_deg": 25.822763022983054, "slope": 0.0, "slope_deg": 0.0 }, "geometry": { "type": "Point", "coordinates": [ 24.425684362325438, 46.435726495311322 ] } },
{ "type": "Feature", "properties": { "point_id": 1228, "lon": 24.42569610120826, "lat": 46.435743213446322, "elevation_m": 400.907958984375, "distance_m": 3683.2000377879481, "distance_km": 3.6832000377879481, "heading_deg": 25.822763015011049, "slope": 0.74083455403657061, "slope_deg": 36.532325939518046 }, "geometry": { "type": "Point", "coordinates": [ 24.42569610120826, 46.435743213446322 ] } },
{ "type": "Feature", "properties": { "point_id": 1229, "lon": 24.425707840091071, "lat": 46.435759931576193, "elevation_m": 400.907958984375, "distance_m": 3686.2000377877448, "distance_km": 3.6862000377877449, "heading_deg": 25.822763020377465, "slope": 0.0, "slope_deg": 0.0 }, "geometry": { "type": "Point", "coordinates": [ 24.425707840091071, 46.435759931576193 ] } },
{ "type": "Feature", "properties": { "point_id": 1230, "lon": 24.42571957897389, "lat": 46.435776649700941, "elevation_m": 400.907958984375, "distance_m": 3689.2000377877443, "distance_km": 3.6892000377877445, "heading_deg": 25.822763032479088, "slope": 0.0, "slope_deg": 0.0 }, "geometry": { "type": "Point", "coordinates": [ 24.42571957897389, 46.435776649700941 ] } },
{ "type": "Feature", "properties": { "point_id": 1231, "lon": 24.425731317856712, "lat": 46.435793367820544, "elevation_m": 400.907958984375, "distance_m": 3692.2000377877439, "distance_km": 3.6922000377877437, "heading_deg": 25.822763020233765, "slope": 0.0, "slope_deg": 0.0 }, "geometry": { "type": "Point", "coordinates": [ 24.425731317856712, 46.435793367820544 ] } },
{ "type": "Feature", "properties": { "point_id": 1232, "lon": 24.425743056739524, "lat": 46.435810085935024, "elevation_m": 400.907958984375, "distance_m": 3695.2000377875406, "distance_km": 3.6952000377875405, "heading_deg": 25.822763012778978, "slope": 0.0, "slope_deg": 0.0 }, "geometry": { "type": "Point", "coordinates": [ 24.425743056739524, 46.435810085935024 ] } },
{ "type": "Feature", "properties": { "point_id": 1233, "lon": 24.425754795622343, "lat": 46.435826804044382, "elevation_m": 400.907958984375, "distance_m": 3698.2000377875402, "distance_km": 3.6982000377875401, "heading_deg": 25.822763033429112, "slope": 0.0, "slope_deg": 0.0 }, "geometry": { "type": "Point", "coordinates": [ 24.425754795622343, 46.435826804044382 ] } },
{ "type": "Feature", "properties": { "point_id": 1234, "lon": 24.425766534505165, "lat": 46.435843522148609, "elevation_m": 400.907958984375, "distance_m": 3701.2000377883783, "distance_km": 3.7012000377883782, "heading_deg": 25.8166371852206, "slope": 0.0, "slope_deg": 0.0 }, "geometry": { "type": "Point", "coordinates": [ 24.425766534505165, 46.435843522148609 ] } },
{ "type": "Feature", "properties": { "point_id": 1235, "lon": 24.425778270794268, "lat": 46.435860241112522, "elevation_m": 400.907958984375, "distance_m": 3704.2000377805907, "distance_km": 3.7042000377805908, "heading_deg": 25.813964914992027, "slope": 0.0, "slope_deg": 0.0 }, "geometry": { "type": "Point", "coordinates": [ 24.425778270794268, 46.435860241112522 ] } },
{ "type": "Feature", "properties": { "point_id": 1236, "lon": 24.425790005951917, "lat": 46.43587696044856, "elevation_m": 400.907958984375, "distance_m": 3707.2000377806598, "distance_km": 3.7072000377806598, "heading_deg": 25.813964909622541, "slope": 0.0, "slope_deg": 0.0 }, "geometry": { "type": "Point", "coordinates": [ 24.425790005951917, 46.43587696044856 ] } },
{ "type": "Feature", "properties": { "point_id": 1237, "lon": 24.425801741109559, "lat": 46.435893679779475, "elevation_m": 400.907958984375, "distance_m": 3710.2000377805261, "distance_km": 3.7102000377805262, "heading_deg": 25.813964905424655, "slope": 0.0, "slope_deg": 0.0 }, "geometry": { "type": "Point", "coordinates": [ 24.425801741109559, 46.435893679779475 ] } },
{ "type": "Feature", "properties": { "point_id": 1238, "lon": 24.425813476267212, "lat": 46.435910399105268, "elevation_m": 400.907958984375, "distance_m": 3713.2000377805953, "distance_km": 3.7132000377805952, "heading_deg": 25.813964908600724, "slope": 0.0, "slope_deg": 0.0 }, "geometry": { "type": "Point", "coordinates": [ 24.425813476267212, 46.435910399105268 ] } },
{ "type": "Feature", "properties": { "point_id": 1239, "lon": 24.425825211424858, "lat": 46.435927118425916, "elevation_m": 400.907958984375, "distance_m": 3716.2000377804616, "distance_km": 3.7162000377804616, "heading_deg": 25.813964909319111, "slope": 0.0, "slope_deg": 0.0 }, "geometry": { "type": "Point", "coordinates": [ 24.425825211424858, 46.435927118425916 ] } },
{ "type": "Feature", "properties": { "point_id": 1240, "lon": 24.425836946582507, "lat": 46.435943837741441, "elevation_m": 400.907958984375, "distance_m": 3719.2000377805307, "distance_km": 3.7192000377805305, "heading_deg": 25.813964899677842, "slope": 0.0, "slope_deg": 0.0 }, "geometry": { "type": "Point", "coordinates": [ 24.425836946582507, 46.435943837741441 ] } },
{ "type": "Feature", "properties": { "point_id": 1241, "lon": 24.425848681740153, "lat": 46.435960557051843, "elevation_m": 400.907958984375, "distance_m": 3722.200037780397, "distance_km": 3.722200037780397, "heading_deg": 25.813964910756397, "slope": 0.0, "slope_deg": 0.0 }, "geometry": { "type": "Point", "coordinates": [ 24.425848681740153, 46.435960557051843 ] } },
{ "type": "Feature", "properties": { "point_id": 1242, "lon": 24.425860416897798, "lat": 46.435977276357107, "elevation_m": 400.37310791015625, "distance_m": 3725.2000377804661, "distance_km": 3.7252000377804659, "heading_deg": 25.813964905388161, "slope": -0.17828369140214226, "slope_deg": -10.108694194818039 }, "geometry": { "type": "Point", "coordinates": [ 24.425860416897798, 46.435977276357107 ] } },
{ "type": "Feature", "properties": { "point_id": 1243, "lon": 24.425872152055444, "lat": 46.435993995657235, "elevation_m": 400.37310791015625, "distance_m": 3728.2000377803324, "distance_km": 3.7282000377803324, "heading_deg": 25.813964924369031, "slope": 0.0, "slope_deg": 0.0 }, "geometry": { "type": "Point", "coordinates": [ 24.425872152055444, 46.435993995657235 ] } },
{ "type": "Feature", "properties": { "point_id": 1244, "lon": 24.425883887213097, "lat": 46.436010714952239, "elevation_m": 400.37310791015625, "distance_m": 3731.2000377804015, "distance_km": 3.7312000377804013, "heading_deg": 25.813964883649021, "slope": 0.0, "slope_deg": 0.0 }, "geometry": { "type": "Point", "coordinates": [ 24.425883887213097, 46.436010714952239 ] } },
{ "type": "Feature", "properties": { "point_id": 1245, "lon": 24.425895622370739, "lat": 46.436027434242128, "elevation_m": 400.37310791015625, "distance_m": 3734.2000377802678, "distance_km": 3.7342000377802678, "heading_deg": 25.813964919720718, "slope": 0.0, "slope_deg": 0.0 }, "geometry": { "type": "Point", "coordinates": [ 24.425895622370739, 46.436027434242128 ] } },
{ "type": "Feature", "properties": { "point_id": 1246, "lon": 24.425907357528391, "lat": 46.436044153526872, "elevation_m": 400.37310791015625, "distance_m": 3737.200037780337, "distance_km": 3.7372000377803372, "heading_deg": 25.813964922898435, "slope": 0.0, "slope_deg": 0.0 }, "geometry": { "type": "Point", "coordinates": [ 24.425907357528391, 46.436044153526872 ] } },
{ "type": "Feature", "properties": { "point_id": 1247, "lon": 24.425919092686037, "lat": 46.436060872806486, "elevation_m": 400.37310791015625, "distance_m": 3740.2000377804061, "distance_km": 3.7402000377804061, "heading_deg": 25.81396489189558, "slope": 0.0, "slope_deg": 0.0 }, "geometry": { "type": "Point", "coordinates": [ 24.425919092686037, 46.436060872806486 ] } },
{ "type": "Feature", "properties": { "point_id": 1248, "lon": 24.425930827843683, "lat": 46.436077592080977, "elevation_m": 400.37310791015625, "distance_m": 3743.2000377802724, "distance_km": 3.7432000377802725, "heading_deg": 25.813964919422688, "slope": 0.0, "slope_deg": 0.0 }, "geometry": { "type": "Point", "coordinates": [ 24.425930827843683, 46.436077592080977 ] } },
{ "type": "Feature", "properties": { "point_id": 1249, "lon": 24.425942563001335, "lat": 46.436094311350338, "elevation_m": 400.37310791015625, "distance_m": 3746.2000377803415, "distance_km": 3.7462000377803415, "heading_deg": 25.813964908611865, "slope": 0.0, "slope_deg": 0.0 }, "geometry": { "type": "Point", "coordinates": [ 24.425942563001335, 46.436094311350338 ] } },
{ "type": "Feature", "properties": { "point_id": 1250, "lon": 24.425954298158977, "lat": 46.436111030614562, "elevation_m": 400.37310791015625, "distance_m": 3749.2000377802078, "distance_km": 3.7492000377802079, "heading_deg": 25.813964910503785, "slope": 0.0, "slope_deg": 0.0 }, "geometry": { "type": "Point", "coordinates": [ 24.425954298158977, 46.436111030614562 ] } },
{ "type": "Feature", "properties": { "point_id": 1251, "lon": 24.42596603331663, "lat": 46.436127749873663, "elevation_m": 400.37310791015625, "distance_m": 3752.2000377802769, "distance_km": 3.7522000377802769, "heading_deg": 25.813964894777484, "slope": 0.0, "slope_deg": 0.0 }, "geometry": { "type": "Point", "coordinates": [ 24.42596603331663, 46.436127749873663 ] } },
{ "type": "Feature", "properties": { "point_id": 1252, "lon": 24.425977768474272, "lat": 46.436144469127633, "elevation_m": 401.96917724609375, "distance_m": 3755.2000377801432, "distance_km": 3.7552000377801433, "heading_deg": 25.813964918676106, "slope": 0.53202311200287644, "slope_deg": 28.014009521866971 }, "geometry": { "type": "Point", "coordinates": [ 24.425977768474272, 46.436144469127633 ] } },
{ "type": "Feature", "properties": { "point_id": 1253, "lon": 24.425989503631921, "lat": 46.436161188376467, "elevation_m": 401.96917724609375, "distance_m": 3758.2000377802124, "distance_km": 3.7582000377802123, "heading_deg": 25.813964921211948, "slope": 0.0, "slope_deg": 0.0 }, "geometry": { "type": "Point", "coordinates": [ 24.425989503631921, 46.436161188376467 ] } },
{ "type": "Feature", "properties": { "point_id": 1254, "lon": 24.426001238789571, "lat": 46.43617790762017, "elevation_m": 401.96917724609375, "distance_m": 3761.2000377800787, "distance_km": 3.7612000377800787, "heading_deg": 25.813964892668423, "slope": 0.0, "slope_deg": 0.0 }, "geometry": { "type": "Point", "coordinates": [ 24.426001238789571, 46.43617790762017 ] } },
{ "type": "Feature", "properties": { "point_id": 1255, "lon": 24.426012973947216, "lat": 46.436194626858757, "elevation_m": 401.96917724609375, "distance_m": 3764.2000377801478, "distance_km": 3.7642000377801477, "heading_deg": 25.813964906207843, "slope": 0.0, "slope_deg": 0.0 }, "geometry": { "type": "Point", "coordinates": [ 24.426012973947216, 46.436194626858757 ] } },
{ "type": "Feature", "properties": { "point_id": 1256, "lon": 24.426024709104862, "lat": 46.436211346092207, "elevation_m": 401.96917724609375, "distance_m": 3767.2000377800141, "distance_km": 3.7672000377800141, "heading_deg": 25.813964914831502, "slope": 0.0, "slope_deg": 0.0 }, "geometry": { "type": "Point", "coordinates": [ 24.426024709104862, 46.436211346092207 ] } },
{ "type": "Feature", "properties": { "point_id": 1257, "lon": 24.426036444262511, "lat": 46.43622806532052, "elevation_m": 401.96917724609375, "distance_m": 3770.2000377800832, "distance_km": 3.7702000377800831, "heading_deg": 25.813964899106395, "slope": 0.0, "slope_deg": 0.0 }, "geometry": { "type": "Point", "coordinates": [ 24.426036444262511, 46.43622806532052 ] } },
{ "type": "Feature", "properties": { "point_id": 1258, "lon": 24.426048179420157, "lat": 46.436244784543717, "elevation_m": 401.96917724609375, "distance_m": 3773.2000377799495, "distance_km": 3.7732000377799495, "heading_deg": 25.813964907730451, "slope": 0.0, "slope_deg": 0.0 }, "geometry": { "type": "Point", "coordinates": [ 24.426048179420157, 46.436244784543717 ] } },
{ "type": "Feature", "properties": { "point_id": 1259, "lon": 24.426059914577806, "lat": 46.436261503761784, "elevation_m": 402.8944091796875, "distance_m": 3776.2000377808572, "distance_km": 3.7762000377808573, "heading_deg": 25.813964913368807, "slope": 0.3084106444379377, "slope_deg": 17.140319455790227 }, "geometry": { "type": "Point", "coordinates": [ 24.426059914577806, 46.436261503761784 ] } },
{ "type": "Feature", "properties": { "point_id": 1260, "lon": 24.426071649735452, "lat": 46.436278222974707, "elevation_m": 402.8944091796875, "distance_m": 3779.2000377807235, "distance_km": 3.7792000377807233, "heading_deg": 25.81396490308822, "slope": 0.0, "slope_deg": 0.0 }, "geometry": { "type": "Point", "coordinates": [ 24.426071649735452, 46.436278222974707 ] } },
{ "type": "Feature", "properties": { "point_id": 1261, "lon": 24.426083384893101, "lat": 46.436294942182514, "elevation_m": 402.8944091796875, "distance_m": 3782.2000377807926, "distance_km": 3.7822000377807927, "heading_deg": 25.813964889178521, "slope": 0.0, "slope_deg": 0.0 }, "geometry": { "type": "Point", "coordinates": [ 24.426083384893101, 46.436294942182514 ] } },
{ "type": "Feature", "properties": { "point_id": 1262, "lon": 24.426095120050743, "lat": 46.43631166138519, "elevation_m": 402.8944091796875, "distance_m": 3785.2000377806589, "distance_km": 3.7852000377806587, "heading_deg": 32.030194028145843, "slope": 0.0, "slope_deg": 0.0 }, "geometry": { "type": "Point", "coordinates": [ 24.426095120050743, 46.43631166138519 ] } },
{ "type": "Feature", "properties": { "point_id": 1263, "lon": 24.426109404616632, "lat": 46.436327397187007, "elevation_m": 402.8944091796875, "distance_m": 3788.1982504737243, "distance_km": 3.7881982504737244, "heading_deg": 32.659011769425376, "slope": 0.0, "slope_deg": 0.0 }, "geometry": { "type": "Point", "coordinates": [ 24.426109404616632, 46.436327397187007 ] } },
{ "type": "Feature", "properties": { "point_id": 1264, "lon": 24.42612394757554, "lat": 46.436343033313101, "elevation_m": 402.8944091796875, "distance_m": 3791.1982504733946, "distance_km": 3.7911982504733945, "heading_deg": 32.659011772122312, "slope": 0.0, "slope_deg": 0.0 }, "geometry": { "type": "Point", "coordinates": [ 24.42612394757554, 46.436343033313101 ] } },
{ "type": "Feature", "properties": { "point_id": 1265, "lon": 24.426138490534452, "lat": 46.436358669434711, "elevation_m": 402.8944091796875, "distance_m": 3794.198250473316, "distance_km": 3.794198250473316, "heading_deg": 32.65901177852237, "slope": 0.0, "slope_deg": 0.0 }, "geometry": { "type": "Point", "coordinates": [ 24.426138490534452, 46.436358669434711 ] } },
{ "type": "Feature", "properties": { "point_id": 1266, "lon": 24.426153033493357, "lat": 46.436374305551823, "elevation_m": 402.8944091796875, "distance_m": 3797.1982504729863, "distance_km": 3.7971982504729862, "heading_deg": 32.659011770231928, "slope": 0.0, "slope_deg": 0.0 }, "geometry": { "type": "Point", "coordinates": [ 24.426153033493357, 46.436374305551823 ] } },
{ "type": "Feature", "properties": { "point_id": 1267, "lon": 24.426167576452269, "lat": 46.436389941664466, "elevation_m": 402.8944091796875, "distance_m": 3800.1982504734406, "distance_km": 3.8001982504734406, "heading_deg": 38.623766764516517, "slope": 0.0, "slope_deg": 0.0 }, "geometry": { "type": "Point", "coordinates": [ 24.426167576452269, 46.436389941664466 ] } },
{ "type": "Feature", "properties": { "point_id": 1268, "lon": 24.426184373508853, "lat": 46.436404430146602, "elevation_m": 402.8944091796875, "distance_m": 3803.1938101994988, "distance_km": 3.8031938101994989, "heading_deg": 40.252578146191695, "slope": 0.0, "slope_deg": 0.0 }, "geometry": { "type": "Point", "coordinates": [ 24.426184373508853, 46.436404430146602 ] } },
{ "type": "Feature", "properties": { "point_id": 1269, "lon": 24.426201787128033, "lat": 46.436418604715222, "elevation_m": 402.8944091796875, "distance_m": 3806.1938101998985, "distance_km": 3.8061938101998987, "heading_deg": 40.252578161971314, "slope": 0.0, "slope_deg": 0.0 }, "geometry": { "type": "Point", "coordinates": [ 24.426201787128033, 46.436418604715222 ] } },
{ "type": "Feature", "properties": { "point_id": 1270, "lon": 24.426219200747202, "lat": 46.436432779280146, "elevation_m": 402.8944091796875, "distance_m": 3809.1938101999976, "distance_km": 3.8091938101999978, "heading_deg": 45.525838616652834, "slope": 0.0, "slope_deg": 0.0 }, "geometry": { "type": "Point", "coordinates": [ 24.426219200747202, 46.436432779280146 ] } },
{ "type": "Feature", "properties": { "point_id": 1271, "lon": 24.42623831847725, "lat": 46.43644571478935, "elevation_m": 402.8944091796875, "distance_m": 3812.1762593843878, "distance_km": 3.8121762593843878, "heading_deg": 52.816232507463212, "slope": 0.0, "slope_deg": 0.0 }, "geometry": { "type": "Point", "coordinates": [ 24.42623831847725, 46.43644571478935 ] } },
{ "type": "Feature", "properties": { "point_id": 1272, "lon": 24.426259789144737, "lat": 46.436456939484685, "elevation_m": 403.86904907226562, "distance_m": 3815.1762593842332, "distance_km": 3.8151762593842333, "heading_deg": 52.816232480256076, "slope": 0.32487996420945203, "slope_deg": 17.997940882935477 }, "geometry": { "type": "Point", "coordinates": [ 24.426259789144737, 46.436456939484685 ] } },
{ "type": "Feature", "properties": { "point_id": 1273, "lon": 24.426281259812225, "lat": 46.436468164177718, "elevation_m": 403.86904907226562, "distance_m": 3818.1762593846415, "distance_km": 3.8181762593846416, "heading_deg": 54.908548946436554, "slope": 0.0, "slope_deg": 0.0 }, "geometry": { "type": "Point", "coordinates": [ 24.426281259812225, 46.436468164177718 ] } },
{ "type": "Feature", "properties": { "point_id": 1274, "lon": 24.426303227067976, "lat": 46.436478800610843, "elevation_m": 403.86904907226562, "distance_m": 3821.1648653245034, "distance_km": 3.8211648653245032, "heading_deg": 66.805019261113046, "slope": 0.0, "slope_deg": 0.0 }, "geometry": { "type": "Point", "coordinates": [ 24.426303227067976, 46.436478800610843 ] } },
{ "type": "Feature", "properties": { "point_id": 1275, "lon": 24.426327998199284, "lat": 46.436486115576336, "elevation_m": 403.86904907226562, "distance_m": 3824.1648653244238, "distance_km": 3.8241648653244238, "heading_deg": 66.805019287901473, "slope": 0.0, "slope_deg": 0.0 }, "geometry": { "type": "Point", "coordinates": [ 24.426327998199284, 46.436486115576336 ] } },
{ "type": "Feature", "properties": { "point_id": 1276, "lon": 24.426352769330592, "lat": 46.436493430540835, "elevation_m": 403.86904907226562, "distance_m": 3827.1648653244056, "distance_km": 3.8271648653244057, "heading_deg": 82.476511247956125, "slope": 0.0, "slope_deg": 0.0 }, "geometry": { "type": "Point", "coordinates": [ 24.426352769330592, 46.436493430540835 ] } },
{ "type": "Feature", "properties": { "point_id": 1277, "lon": 24.42637914725951, "lat": 46.436495831373151, "elevation_m": 403.86904907226562, "distance_m": 3830.1267408672593, "distance_km": 3.8301267408672595, "heading_deg": 87.797396849411541, "slope": 0.0, "slope_deg": 0.0 }, "geometry": { "type": "Point", "coordinates": [ 24.42637914725951, 46.436495831373151 ] } },
{ "type": "Feature", "properties": { "point_id": 1278, "lon": 24.426406076807172, "lat": 46.436496545168396, "elevation_m": 403.86904907226562, "distance_m": 3833.1267408671033, "distance_km": 3.8331267408671033, "heading_deg": 87.797396831432366, "slope": 0.0, "slope_deg": 0.0 }, "geometry": { "type": "Point", "coordinates": [ 24.426406076807172, 46.436496545168396 ] } },
{ "type": "Feature", "properties": { "point_id": 1279, "lon": 24.426433006354841, "lat": 46.436497258963634, "elevation_m": 403.86904907226562, "distance_m": 3836.1267408674125, "distance_km": 3.8361267408674125, "heading_deg": 89.256251702978034, "slope": 0.0, "slope_deg": 0.0 }, "geometry": { "type": "Point", "coordinates": [ 24.426433006354841, 46.436497258963634 ] } },
{ "type": "Feature", "properties": { "point_id": 1280, "lon": 24.426459949089807, "lat": 46.4364975, "elevation_m": 403.86904907226562, "distance_m": 3839.1262451064417, "distance_km": 3.8391262451064416, "heading_deg": 89.99999023708142, "slope": 0.0, "slope_deg": 0.0 }, "geometry": { "type": "Point", "coordinates": [ 24.426459949089807, 46.4364975 ] } },
{ "type": "Feature", "properties": { "point_id": 1281, "lon": 24.42648689854833, "lat": 46.4364975, "elevation_m": 403.86904907226562, "distance_m": 3842.1262451064417, "distance_km": 3.8421262451064417, "heading_deg": 89.99999023708142, "slope": 0.0, "slope_deg": 0.0 }, "geometry": { "type": "Point", "coordinates": [ 24.42648689854833, 46.4364975 ] } },
{ "type": "Feature", "properties": { "point_id": 1282, "lon": 24.426513848006852, "lat": 46.4364975, "elevation_m": 403.86904907226562, "distance_m": 3845.1262451064417, "distance_km": 3.8451262451064419, "heading_deg": 89.99999023708142, "slope": 0.0, "slope_deg": 0.0 }, "geometry": { "type": "Point", "coordinates": [ 24.426513848006852, 46.4364975 ] } },
{ "type": "Feature", "properties": { "point_id": 1283, "lon": 24.426540797465378, "lat": 46.4364975, "elevation_m": 404.73403930664062, "distance_m": 3848.1262451064417, "distance_km": 3.8481262451064415, "heading_deg": 89.99999023708142, "slope": 0.288330078125, "slope_deg": 16.083862585773936 }, "geometry": { "type": "Point", "coordinates": [ 24.426540797465378, 46.4364975 ] } },
{ "type": "Feature", "properties": { "point_id": 1284, "lon": 24.426567746923901, "lat": 46.4364975, "elevation_m": 404.73403930664062, "distance_m": 3851.1262451064417, "distance_km": 3.8511262451064416, "heading_deg": 89.99999023708142, "slope": 0.0, "slope_deg": 0.0 }, "geometry": { "type": "Point", "coordinates": [ 24.426567746923901, 46.4364975 ] } },
{ "type": "Feature", "properties": { "point_id": 1285, "lon": 24.426594696382423, "lat": 46.4364975, "elevation_m": 404.73403930664062, "distance_m": 3854.1262451064417, "distance_km": 3.8541262451064418, "heading_deg": 89.99999023708142, "slope": 0.0, "slope_deg": 0.0 }, "geometry": { "type": "Point", "coordinates": [ 24.426594696382423, 46.4364975 ] } },
{ "type": "Feature", "properties": { "point_id": 1286, "lon": 24.42662164584095, "lat": 46.4364975, "elevation_m": 404.73403930664062, "distance_m": 3857.1262451064417, "distance_km": 3.8571262451064419, "heading_deg": 87.999369159221885, "slope": 0.0, "slope_deg": 0.0 }, "geometry": { "type": "Point", "coordinates": [ 24.42662164584095, 46.4364975 ] } },
{ "type": "Feature", "properties": { "point_id": 1287, "lon": 24.426648577153596, "lat": 46.43649814832856, "elevation_m": 404.73403930664062, "distance_m": 3860.1260536540217, "distance_km": 3.8601260536540218, "heading_deg": 87.789948554759803, "slope": 0.0, "slope_deg": 0.0 }, "geometry": { "type": "Point", "coordinates": [ 24.426648577153596, 46.43649814832856 ] } },
{ "type": "Feature", "properties": { "point_id": 1288, "lon": 24.426675506566394, "lat": 46.436498864536347, "elevation_m": 404.73403930664062, "distance_m": 3863.1260536543055, "distance_km": 3.8631260536543053, "heading_deg": 78.879458716496174, "slope": 0.0, "slope_deg": 0.0 }, "geometry": { "type": "Point", "coordinates": [ 24.426675506566394, 46.436498864536347 ] } },
{ "type": "Feature", "properties": { "point_id": 1289, "lon": 24.426701875651446, "lat": 46.436502436595923, "elevation_m": 404.73403930664062, "distance_m": 3866.1176175408968, "distance_km": 3.8661176175408967, "heading_deg": 76.8089261638072, "slope": 0.0, "slope_deg": 0.0 }, "geometry": { "type": "Point", "coordinates": [ 24.426701875651446, 46.436502436595923 ] } },
{ "type": "Feature", "properties": { "point_id": 1290, "lon": 24.426728114035136, "lat": 46.436506674807667, "elevation_m": 404.73403930664062, "distance_m": 3869.1176175408714, "distance_km": 3.8691176175408715, "heading_deg": 72.438974000954545, "slope": 0.0, "slope_deg": 0.0 }, "geometry": { "type": "Point", "coordinates": [ 24.426728114035136, 46.436506674807667 ] } },
{ "type": "Feature", "properties": { "point_id": 1291, "lon": 24.426753531549956, "lat": 46.436512218312117, "elevation_m": 404.73403930664062, "distance_m": 3872.0853919879628, "distance_km": 3.8720853919879628, "heading_deg": 56.327660668034355, "slope": 0.0, "slope_deg": 0.0 }, "geometry": { "type": "Point", "coordinates": [ 24.426753531549956, 46.436512218312117 ] } },
{ "type": "Feature", "properties": { "point_id": 1292, "lon": 24.426775959481304, "lat": 46.436522515659099, "elevation_m": 404.73403930664062, "distance_m": 3875.0853919880524, "distance_km": 3.8750853919880526, "heading_deg": 56.327660713552575, "slope": 0.0, "slope_deg": 0.0 }, "geometry": { "type": "Point", "coordinates": [ 24.426775959481304, 46.436522515659099 ] } },
{ "type": "Feature", "properties": { "point_id": 1293, "lon": 24.426798387412664, "lat": 46.436532813004121, "elevation_m": 405.03375244140625, "distance_m": 3878.0853919880133, "distance_km": 3.8780853919880132, "heading_deg": 47.21023430590742, "slope": 0.09990437825651069, "slope_deg": 5.7051686086030671 }, "geometry": { "type": "Point", "coordinates": [ 24.426798387412664, 46.436532813004121 ] } },
{ "type": "Feature", "properties": { "point_id": 1294, "lon": 24.426818030952308, "lat": 46.436545344367246, "elevation_m": 405.207275390625, "distance_m": 3881.0651629970857, "distance_km": 3.8810651629970856, "heading_deg": 42.351262507545755, "slope": 0.058233652415043718, "slope_deg": 3.3327785832467609 }, "geometry": { "type": "Point", "coordinates": [ 24.426818030952308, 46.436545344367246 ] } },
{ "type": "Feature", "properties": { "point_id": 1295, "lon": 24.426836186103898, "lat": 46.436559069915738, "elevation_m": 405.207275390625, "distance_m": 3884.0651629969871, "distance_km": 3.8840651629969871, "heading_deg": 42.351262547349393, "slope": 0.0, "slope_deg": 0.0 }, "geometry": { "type": "Point", "coordinates": [ 24.426836186103898, 46.436559069915738 ] } },
{ "type": "Feature", "properties": { "point_id": 1296, "lon": 24.426854341255488, "lat": 46.436572795460762, "elevation_m": 405.207275390625, "distance_m": 3887.0651629968884, "distance_km": 3.8870651629968882, "heading_deg": 42.351262529275175, "slope": 0.0, "slope_deg": 0.0 }, "geometry": { "type": "Point", "coordinates": [ 24.426854341255488, 46.436572795460762 ] } },
{ "type": "Feature", "properties": { "point_id": 1297, "lon": 24.426872496407075, "lat": 46.43658652100234, "elevation_m": 405.207275390625, "distance_m": 3890.0651629971644, "distance_km": 3.8900651629971645, "heading_deg": 42.351262521195792, "slope": 0.0, "slope_deg": 0.0 }, "geometry": { "type": "Point", "coordinates": [ 24.426872496407075, 46.43658652100234 ] } },
{ "type": "Feature", "properties": { "point_id": 1298, "lon": 24.426890651558665, "lat": 46.436600246540458, "elevation_m": 405.207275390625, "distance_m": 3893.0651629970657, "distance_km": 3.8930651629970656, "heading_deg": 35.858866741028464, "slope": 0.0, "slope_deg": 0.0 }, "geometry": { "type": "Point", "coordinates": [ 24.426890651558665, 46.436600246540458 ] } },
{ "type": "Feature", "properties": { "point_id": 1299, "lon": 24.426906419470992, "lat": 46.436615280816312, "elevation_m": 405.207275390625, "distance_m": 3896.0615844583476, "distance_km": 3.8960615844583475, "heading_deg": 34.653185030060683, "slope": 0.0, "slope_deg": 0.0 }, "geometry": { "type": "Point", "coordinates": [ 24.426906419470992, 46.436615280816312 ] } },
{ "type": "Feature", "properties": { "point_id": 1300, "lon": 24.42692174313953, "lat": 46.436630558632928, "elevation_m": 405.207275390625, "distance_m": 3899.0615844579384, "distance_km": 3.8990615844579382, "heading_deg": 34.653185037066805, "slope": 0.0, "slope_deg": 0.0 }, "geometry": { "type": "Point", "coordinates": [ 24.42692174313953, 46.436630558632928 ] } },
{ "type": "Feature", "properties": { "point_id": 1301, "lon": 24.426937066808069, "lat": 46.436645836445265, "elevation_m": 405.207275390625, "distance_m": 3902.0615844582953, "distance_km": 3.9020615844582953, "heading_deg": 34.65318502733561, "slope": 0.0, "slope_deg": 0.0 }, "geometry": { "type": "Point", "coordinates": [ 24.426937066808069, 46.436645836445265 ] } },
{ "type": "Feature", "properties": { "point_id": 1302, "lon": 24.426952390476607, "lat": 46.436661114253326, "elevation_m": 405.207275390625, "distance_m": 3905.0615844578861, "distance_km": 3.905061584457886, "heading_deg": 34.653185006479646, "slope": 0.0, "slope_deg": 0.0 }, "geometry": { "type": "Point", "coordinates": [ 24.426952390476607, 46.436661114253326 ] } },
{ "type": "Feature", "properties": { "point_id": 1303, "lon": 24.426967714145142, "lat": 46.436676392057102, "elevation_m": 405.207275390625, "distance_m": 3908.061584458243, "distance_km": 3.9080615844582431, "heading_deg": 34.653185041348934, "slope": 0.0, "slope_deg": 0.0 }, "geometry": { "type": "Point", "coordinates": [ 24.426967714145142, 46.436676392057102 ] } },
{ "type": "Feature", "properties": { "point_id": 1304, "lon": 24.426983037813681, "lat": 46.436691669856586, "elevation_m": 405.207275390625, "distance_m": 3911.0615844578338, "distance_km": 3.9110615844578338, "heading_deg": 34.653185020476656, "slope": 0.0, "slope_deg": 0.0 }, "geometry": { "type": "Point", "coordinates": [ 24.426983037813681, 46.436691669856586 ] } },
{ "type": "Feature", "properties": { "point_id": 1305, "lon": 24.426998361482216, "lat": 46.436706947651793, "elevation_m": 405.207275390625, "distance_m": 3914.0615844581907, "distance_km": 3.9140615844581905, "heading_deg": 34.653185021871195, "slope": 0.0, "slope_deg": 0.0 }, "geometry": { "type": "Point", "coordinates": [ 24.426998361482216, 46.436706947651793 ] } },
{ "type": "Feature", "properties": { "point_id": 1306, "lon": 24.427013685150758, "lat": 46.436722225442715, "elevation_m": 405.207275390625, "distance_m": 3917.0615844580461, "distance_km": 3.9170615844580463, "heading_deg": 34.653185034474461, "slope": 0.0, "slope_deg": 0.0 }, "geometry": { "type": "Point", "coordinates": [ 24.427013685150758, 46.436722225442715 ] } },
{ "type": "Feature", "properties": { "point_id": 1307, "lon": 24.427029008819297, "lat": 46.436737503229352, "elevation_m": 405.207275390625, "distance_m": 3920.0615844584031, "distance_km": 3.920061584458403, "heading_deg": 34.653185024761115, "slope": 0.0, "slope_deg": 0.0 }, "geometry": { "type": "Point", "coordinates": [ 24.427029008819297, 46.436737503229352 ] } },
{ "type": "Feature", "properties": { "point_id": 1308, "lon": 24.427044332487831, "lat": 46.436752781011705, "elevation_m": 405.207275390625, "distance_m": 3923.0615844579938, "distance_km": 3.9230615844579937, "heading_deg": 34.653185042910593, "slope": 0.0, "slope_deg": 0.0 }, "geometry": { "type": "Point", "coordinates": [ 24.427044332487831, 46.436752781011705 ] } },
{ "type": "Feature", "properties": { "point_id": 1309, "lon": 24.42705965615637, "lat": 46.436768058789774, "elevation_m": 405.207275390625, "distance_m": 3926.0615844583508, "distance_km": 3.9260615844583509, "heading_deg": 34.653185022039281, "slope": 0.0, "slope_deg": 0.0 }, "geometry": { "type": "Point", "coordinates": [ 24.42705965615637, 46.436768058789774 ] } },
{ "type": "Feature", "properties": { "point_id": 1310, "lon": 24.427074979824905, "lat": 46.436783336563565, "elevation_m": 405.207275390625, "distance_m": 3929.0615844579415, "distance_km": 3.9290615844579415, "heading_deg": 34.653185023451556, "slope": 0.0, "slope_deg": 0.0 }, "geometry": { "type": "Point", "coordinates": [ 24.427074979824905, 46.436783336563565 ] } },
{ "type": "Feature", "properties": { "point_id": 1311, "lon": 24.427090303493443, "lat": 46.436798614333064, "elevation_m": 406.49441528320312, "distance_m": 3932.0615844582985, "distance_km": 3.9320615844582987, "heading_deg": 34.653185030476607, "slope": 0.42904663080832178, "slope_deg": 23.221588745892646 }, "geometry": { "type": "Point", "coordinates": [ 24.427090303493443, 46.436798614333064 ] } },
{ "type": "Feature", "properties": { "point_id": 1312, "lon": 24.427105627161978, "lat": 46.436813892098286, "elevation_m": 406.0037841796875, "distance_m": 3935.0615844578892, "distance_km": 3.9350615844578893, "heading_deg": 34.653185037468518, "slope": -0.16354370119418632, "slope_deg": -9.2881378116091469 }, "geometry": { "type": "Point", "coordinates": [ 24.427105627161978, 46.436813892098286 ] } },
{ "type": "Feature", "properties": { "point_id": 1313, "lon": 24.427120950830517, "lat": 46.436829169859223, "elevation_m": 406.0037841796875, "distance_m": 3938.0615844582462, "distance_km": 3.9380615844582461, "heading_deg": 34.653185022160471, "slope": 0.0, "slope_deg": 0.0 }, "geometry": { "type": "Point", "coordinates": [ 24.427120950830517, 46.436829169859223 ] } },
{ "type": "Feature", "properties": { "point_id": 1314, "lon": 24.427136274499055, "lat": 46.436844447615876, "elevation_m": 406.0037841796875, "distance_m": 3941.0615844578369, "distance_km": 3.9410615844578372, "heading_deg": 34.653185034765386, "slope": 0.0, "slope_deg": 0.0 }, "geometry": { "type": "Point", "coordinates": [ 24.427136274499055, 46.436844447615876 ] } },
{ "type": "Feature", "properties": { "point_id": 1315, "lon": 24.42715159816759, "lat": 46.436859725368244, "elevation_m": 406.0037841796875, "distance_m": 3944.0615844581939, "distance_km": 3.9440615844581939, "heading_deg": 34.653185041741153, "slope": 0.0, "slope_deg": 0.0 }, "geometry": { "type": "Point", "coordinates": [ 24.42715159816759, 46.436859725368244 ] } },
{ "type": "Feature", "properties": { "point_id": 1316, "lon": 24.427166921836132, "lat": 46.436875003116327, "elevation_m": 406.0037841796875, "distance_m": 3947.0615844580493, "distance_km": 3.9470615844580492, "heading_deg": 34.653185009729498, "slope": 0.0, "slope_deg": 0.0 }, "geometry": { "type": "Point", "coordinates": [ 24.427166921836132, 46.436875003116327 ] } },
{ "type": "Feature", "properties": { "point_id": 1317, "lon": 24.427182245504667, "lat": 46.43689028086014, "elevation_m": 406.0037841796875, "distance_m": 3950.0615844584063, "distance_km": 3.9500615844584064, "heading_deg": 34.653185039039215, "slope": 0.0, "slope_deg": 0.0 }, "geometry": { "type": "Point", "coordinates": [ 24.427182245504667, 46.43689028086014 ] } },
{ "type": "Feature", "properties": { "point_id": 1318, "lon": 24.427197569173206, "lat": 46.436905558599655, "elevation_m": 406.0037841796875, "distance_m": 3953.061584457997, "distance_km": 3.953061584457997, "heading_deg": 34.653185006994534, "slope": 0.0, "slope_deg": 0.0 }, "geometry": { "type": "Point", "coordinates": [ 24.427197569173206, 46.436905558599655 ] } },
{ "type": "Feature", "properties": { "point_id": 1319, "lon": 24.427212892841744, "lat": 46.436920836334899, "elevation_m": 406.0037841796875, "distance_m": 3956.061584458354, "distance_km": 3.9560615844583542, "heading_deg": 34.653185041917311, "slope": 0.0, "slope_deg": 0.0 }, "geometry": { "type": "Point", "coordinates": [ 24.427212892841744, 46.436920836334899 ] } },
{ "type": "Feature", "properties": { "point_id": 1320, "lon": 24.427228216510279, "lat": 46.436936114065851, "elevation_m": 406.0037841796875, "distance_m": 3959.0615844579447, "distance_km": 3.9590615844579449, "heading_deg": 34.653185032173155, "slope": 0.0, "slope_deg": 0.0 }, "geometry": { "type": "Point", "coordinates": [ 24.427228216510279, 46.436936114065851 ] } },
{ "type": "Feature", "properties": { "point_id": 1321, "lon": 24.427243540178818, "lat": 46.436951391792519, "elevation_m": 406.0037841796875, "distance_m": 3962.0615844583017, "distance_km": 3.9620615844583016, "heading_deg": 34.653185033604359, "slope": 0.0, "slope_deg": 0.0 }, "geometry": { "type": "Point", "coordinates": [ 24.427243540178818, 46.436951391792519 ] } },
{ "type": "Feature", "properties": { "point_id": 1322, "lon": 24.427258863847356, "lat": 46.436966669514902, "elevation_m": 406.0037841796875, "distance_m": 3965.0615844578924, "distance_km": 3.9650615844578923, "heading_deg": 34.653185040614972, "slope": 0.0, "slope_deg": 0.0 }, "geometry": { "type": "Point", "coordinates": [ 24.427258863847356, 46.436966669514902 ] } },
{ "type": "Feature", "properties": { "point_id": 1323, "lon": 24.427274187515895, "lat": 46.436981947233008, "elevation_m": 406.0037841796875, "distance_m": 3968.0615844582494, "distance_km": 3.9680615844582494, "heading_deg": 34.653185008588025, "slope": 0.0, "slope_deg": 0.0 }, "geometry": { "type": "Point", "coordinates": [ 24.427274187515895, 46.436981947233008 ] } },
{ "type": "Feature", "properties": { "point_id": 1324, "lon": 24.42728951118443, "lat": 46.436997224946829, "elevation_m": 406.0037841796875, "distance_m": 3971.0615844578401, "distance_km": 3.9710615844578401, "heading_deg": 33.149939034187298, "slope": 0.0, "slope_deg": 0.0 }, "geometry": { "type": "Point", "coordinates": [ 24.42728951118443, 46.436997224946829 ] } },
{ "type": "Feature", "properties": { "point_id": 1325, "lon": 24.427304245842443, "lat": 46.437012772146225, "elevation_m": 406.0037841796875, "distance_m": 3974.0611431243206, "distance_km": 3.9740611431243207, "heading_deg": 32.507408384478424, "slope": 0.0, "slope_deg": 0.0 }, "geometry": { "type": "Point", "coordinates": [ 24.427304245842443, 46.437012772146225 ] } },
{ "type": "Feature", "properties": { "point_id": 1326, "lon": 24.427318728716781, "lat": 46.437028434539684, "elevation_m": 406.0037841796875, "distance_m": 3977.0611431243296, "distance_km": 3.9770611431243297, "heading_deg": 32.507408392818377, "slope": 0.0, "slope_deg": 0.0 }, "geometry": { "type": "Point", "coordinates": [ 24.427318728716781, 46.437028434539684 ] } },
{ "type": "Feature", "properties": { "point_id": 1327, "lon": 24.427333211591119, "lat": 46.437044096928638, "elevation_m": 406.0037841796875, "distance_m": 3980.0611431235534, "distance_km": 3.9800611431235535, "heading_deg": 32.507408369949474, "slope": 0.0, "slope_deg": 0.0 }, "geometry": { "type": "Point", "coordinates": [ 24.427333211591119, 46.437044096928638 ] } },
{ "type": "Feature", "properties": { "point_id": 1328, "lon": 24.42734769446546, "lat": 46.437059759313101, "elevation_m": 406.0037841796875, "distance_m": 3983.0611431238131, "distance_km": 3.983061143123813, "heading_deg": 32.507408398952862, "slope": 0.0, "slope_deg": 0.0 }, "geometry": { "type": "Point", "coordinates": [ 24.42734769446546, 46.437059759313101 ] } },
{ "type": "Feature", "properties": { "point_id": 1329, "lon": 24.427362177339798, "lat": 46.437075421693052, "elevation_m": 406.46792602539062, "distance_m": 3986.0611431238221, "distance_km": 3.986061143123822, "heading_deg": 32.507408375654848, "slope": 0.1547139485672393, "slope_deg": 8.7947272741562657 }, "geometry": { "type": "Point", "coordinates": [ 24.427362177339798, 46.437075421693052 ] } },
{ "type": "Feature", "properties": { "point_id": 1330, "lon": 24.427376660214136, "lat": 46.437091084068506, "elevation_m": 404.47088623046875, "distance_m": 3989.0611431238312, "distance_km": 3.9890611431238314, "heading_deg": 32.507408373449493, "slope": -0.66567993163860695, "slope_deg": -33.650909562484841 }, "geometry": { "type": "Point", "coordinates": [ 24.427376660214136, 46.437091084068506 ] } },
{ "type": "Feature", "properties": { "point_id": 1331, "lon": 24.427391143088474, "lat": 46.437106746439461, "elevation_m": 404.47088623046875, "distance_m": 3992.0611431238403, "distance_km": 3.9920611431238404, "heading_deg": 32.507408387493058, "slope": 0.0, "slope_deg": 0.0 }, "geometry": { "type": "Point", "coordinates": [ 24.427391143088474, 46.437106746439461 ] } },
{ "type": "Feature", "properties": { "point_id": 1332, "lon": 24.427405625962816, "lat": 46.437122408805912, "elevation_m": 404.47088623046875, "distance_m": 3995.0611431241, "distance_km": 3.9950611431240999, "heading_deg": 32.507408374312433, "slope": 0.0, "slope_deg": 0.0 }, "geometry": { "type": "Point", "coordinates": [ 24.427405625962816, 46.437122408805912 ] } },
{ "type": "Feature", "properties": { "point_id": 1333, "lon": 24.427420108837154, "lat": 46.437138071167858, "elevation_m": 404.47088623046875, "distance_m": 3998.0611431241091, "distance_km": 3.9980611431241089, "heading_deg": 32.507408377810236, "slope": 0.0, "slope_deg": 0.0 }, "geometry": { "type": "Point", "coordinates": [ 24.427420108837154, 46.437138071167858 ] } },
{ "type": "Feature", "properties": { "point_id": 1334, "lon": 24.427434591711496, "lat": 46.437153733525307, "elevation_m": 404.47088623046875, "distance_m": 4001.0611431241182, "distance_km": 4.0010611431241179, "heading_deg": 32.507408407244327, "slope": 0.0, "slope_deg": 0.0 }, "geometry": { "type": "Point", "coordinates": [ 24.427434591711496, 46.437153733525307 ] } },
{ "type": "Feature", "properties": { "point_id": 1335, "lon": 24.427449074585837, "lat": 46.437169395878243, "elevation_m": 404.47088623046875, "distance_m": 4004.0611431243778, "distance_km": 4.0040611431243782, "heading_deg": 32.507408383947507, "slope": 0.0, "slope_deg": 0.0 }, "geometry": { "type": "Point", "coordinates": [ 24.427449074585837, 46.437169395878243 ] } },
{ "type": "Feature", "properties": { "point_id": 1336, "lon": 24.427463557460179, "lat": 46.437185058226689, "elevation_m": 404.47088623046875, "distance_m": 4007.0611431243869, "distance_km": 4.0070611431243872, "heading_deg": 32.507408376040814, "slope": 0.0, "slope_deg": 0.0 }, "geometry": { "type": "Point", "coordinates": [ 24.427463557460179, 46.437185058226689 ] } },
{ "type": "Feature", "properties": { "point_id": 1337, "lon": 24.427478040334517, "lat": 46.437200720570623, "elevation_m": 404.47088623046875, "distance_m": 4010.0611431236107, "distance_km": 4.0100611431236111, "heading_deg": 32.507408378680566, "slope": 0.0, "slope_deg": 0.0 }, "geometry": { "type": "Point", "coordinates": [ 24.427478040334517, 46.437200720570623 ] } },
{ "type": "Feature", "properties": { "point_id": 1338, "lon": 24.427492523208855, "lat": 46.437216382910066, "elevation_m": 404.47088623046875, "distance_m": 4013.0611431236198, "distance_km": 4.0130611431236201, "heading_deg": 32.507408387881924, "slope": 0.0, "slope_deg": 0.0 }, "geometry": { "type": "Point", "coordinates": [ 24.427492523208855, 46.437216382910066 ] } },
{ "type": "Feature", "properties": { "point_id": 1339, "lon": 24.427507006083196, "lat": 46.437232045245004, "elevation_m": 404.47088623046875, "distance_m": 4016.0611431238794, "distance_km": 4.0160611431238795, "heading_deg": 32.50740837470272, "slope": 0.0, "slope_deg": 0.0 }, "geometry": { "type": "Point", "coordinates": [ 24.427507006083196, 46.437232045245004 ] } },
{ "type": "Feature", "properties": { "point_id": 1340, "lon": 24.427521488957535, "lat": 46.437247707575438, "elevation_m": 404.47088623046875, "distance_m": 4019.0611431238885, "distance_km": 4.0190611431238885, "heading_deg": 21.538426063572274, "slope": 0.0, "slope_deg": 0.0 }, "geometry": { "type": "Point", "coordinates": [ 24.427521488957535, 46.437247707575438 ] } },
{ "type": "Feature", "properties": { "point_id": 1341, "lon": 24.427531258380643, "lat": 46.437264765673028, "elevation_m": 404.47088623046875, "distance_m": 4022.0234219754857, "distance_km": 4.0220234219754856, "heading_deg": 13.998713816115583, "slope": 0.0, "slope_deg": 0.0 }, "geometry": { "type": "Point", "coordinates": [ 24.427531258380643, 46.437264765673028 ] } },
{ "type": "Feature", "properties": { "point_id": 1342, "lon": 24.427537777458813, "lat": 46.437282786273968, "elevation_m": 404.47088623046875, "distance_m": 4025.0234219749959, "distance_km": 4.0250234219749963, "heading_deg": 13.998713817970781, "slope": 0.0, "slope_deg": 0.0 }, "geometry": { "type": "Point", "coordinates": [ 24.427537777458813, 46.437282786273968 ] } },
{ "type": "Feature", "properties": { "point_id": 1343, "lon": 24.42754429653699, "lat": 46.437300806868969, "elevation_m": 404.47088623046875, "distance_m": 4028.0234219755225, "distance_km": 4.0280234219755222, "heading_deg": 13.998713807822696, "slope": 0.0, "slope_deg": 0.0 }, "geometry": { "type": "Point", "coordinates": [ 24.42754429653699, 46.437300806868969 ] } },
{ "type": "Feature", "properties": { "point_id": 1344, "lon": 24.42755081561516, "lat": 46.437318827458, "elevation_m": 404.47088623046875, "distance_m": 4031.0234219750328, "distance_km": 4.0310234219750329, "heading_deg": 10.981158361730593, "slope": 0.0, "slope_deg": 0.0 }, "geometry": { "type": "Point", "coordinates": [ 24.42755081561516, 46.437318827458 ] } },
{ "type": "Feature", "properties": { "point_id": 1345, "lon": 24.427555932210918, "lat": 46.437336999516482, "elevation_m": 404.47088623046875, "distance_m": 4034.0135430691721, "distance_km": 4.0340135430691717, "heading_deg": 3.8154993911853694, "slope": 0.0, "slope_deg": 0.0 }, "geometry": { "type": "Point", "coordinates": [ 24.427555932210918, 46.437336999516482 ] } },
{ "type": "Feature", "properties": { "point_id": 1346, "lon": 24.427557725531106, "lat": 46.437355530499858, "elevation_m": 404.47088623046875, "distance_m": 4037.0135430690384, "distance_km": 4.0370135430690386, "heading_deg": 3.8154993787412081, "slope": 0.0, "slope_deg": 0.0 }, "geometry": { "type": "Point", "coordinates": [ 24.427557725531106, 46.437355530499858 ] } },
{ "type": "Feature", "properties": { "point_id": 1347, "lon": 24.427559518851286, "lat": 46.437374061476937, "elevation_m": 401.56170654296875, "distance_m": 4040.0135430688738, "distance_km": 4.0400135430688735, "heading_deg": 3.8154993932851085, "slope": -0.96972656255321166, "slope_deg": -44.119469842524317 }, "geometry": { "type": "Point", "coordinates": [ 24.427559518851286, 46.437374061476937 ] } },
{ "type": "Feature", "properties": { "point_id": 1348, "lon": 24.42756131217147, "lat": 46.437392592447708, "elevation_m": 401.56170654296875, "distance_m": 4043.0135430687401, "distance_km": 4.0430135430687404, "heading_deg": 3.4815236744873346, "slope": 0.0, "slope_deg": 0.0 }, "geometry": { "type": "Point", "coordinates": [ 24.42756131217147, 46.437392592447708 ] } },
{ "type": "Feature", "properties": { "point_id": 1349, "lon": 24.427562948507568, "lat": 46.437411127866611, "elevation_m": 401.56170654296875, "distance_m": 4046.0131490873337, "distance_km": 4.0460131490873339, "heading_deg": 0.90004358138048701, "slope": 0.0, "slope_deg": 0.0 }, "geometry": { "type": "Point", "coordinates": [ 24.427562948507568, 46.437411127866611 ] } },
{ "type": "Feature", "properties": { "point_id": 1350, "lon": 24.427563371831834, "lat": 46.437429697698406, "elevation_m": 401.56170654296875, "distance_m": 4049.0131490875319, "distance_km": 4.0490131490875321, "heading_deg": 0.90004358787751926, "slope": 0.0, "slope_deg": 0.0 }, "geometry": { "type": "Point", "coordinates": [ 24.427563371831834, 46.437429697698406 ] } },
{ "type": "Feature", "properties": { "point_id": 1351, "lon": 24.4275637951561, "lat": 46.437448267523884, "elevation_m": 401.56170654296875, "distance_m": 4052.0131490868062, "distance_km": 4.0520131490868065, "heading_deg": 0.90004357470758123, "slope": 0.0, "slope_deg": 0.0 }, "geometry": { "type": "Point", "coordinates": [ 24.4275637951561, 46.437448267523884 ] } },
{ "type": "Feature", "properties": { "point_id": 1352, "lon": 24.427564218480363, "lat": 46.437466837343017, "elevation_m": 401.56170654296875, "distance_m": 4055.0131490870044, "distance_km": 4.0550131490870047, "heading_deg": 353.10490429486259, "slope": 0.0, "slope_deg": 0.0 }, "geometry": { "type": "Point", "coordinates": [ 24.427564218480363, 46.437466837343017 ] } },
{ "type": "Feature", "properties": { "point_id": 1353, "lon": 24.427561005570613, "lat": 46.437485147338002, "elevation_m": 401.56170654296875, "distance_m": 4057.9923566591974, "distance_km": 4.0579923566591978, "heading_deg": 347.26110243152777, "slope": 0.0, "slope_deg": 0.0 }, "geometry": { "type": "Point", "coordinates": [ 24.427561005570613, 46.437485147338002 ] } },
{ "type": "Feature", "properties": { "point_id": 1354, "lon": 24.427555062986706, "lat": 46.437503262284977, "elevation_m": 401.56170654296875, "distance_m": 4060.9923566591019, "distance_km": 4.060992356659102, "heading_deg": 347.26110243916418, "slope": 0.0, "slope_deg": 0.0 }, "geometry": { "type": "Point", "coordinates": [ 24.427555062986706, 46.437503262284977 ] } },
{ "type": "Feature", "properties": { "point_id": 1355, "lon": 24.427549120402801, "lat": 46.437521377225927, "elevation_m": 401.56170654296875, "distance_m": 4063.9923566589036, "distance_km": 4.063992356658904, "heading_deg": 347.26110242917747, "slope": 0.0, "slope_deg": 0.0 }, "geometry": { "type": "Point", "coordinates": [ 24.427549120402801, 46.437521377225927 ] } },
{ "type": "Feature", "properties": { "point_id": 1356, "lon": 24.427543177818894, "lat": 46.437539492160859, "elevation_m": 401.56170654296875, "distance_m": 4066.9923566588081, "distance_km": 4.0669923566588082, "heading_deg": 346.89941477983149, "slope": 0.0, "slope_deg": 0.0 }, "geometry": { "type": "Point", "coordinates": [ 24.427543177818894, 46.437539492160859 ] } },
{ "type": "Feature", "properties": { "point_id": 1357, "lon": 24.427537072041272, "lat": 46.437557573113843, "elevation_m": 401.56170654296875, "distance_m": 4069.9910691704754, "distance_km": 4.0699910691704755, "heading_deg": 339.1192789209702, "slope": 0.0, "slope_deg": 0.0 }, "geometry": { "type": "Point", "coordinates": [ 24.427537072041272, 46.437557573113843 ] } },
{ "type": "Feature", "properties": { "point_id": 1358, "lon": 24.427527466615704, "lat": 46.437574925455941, "elevation_m": 401.56170654296875, "distance_m": 4072.991069170806, "distance_km": 4.072991069170806, "heading_deg": 339.11927892441832, "slope": 0.0, "slope_deg": 0.0 }, "geometry": { "type": "Point", "coordinates": [ 24.427527466615704, 46.437574925455941 ] } },
{ "type": "Feature", "properties": { "point_id": 1359, "lon": 24.42751786119014, "lat": 46.437592277792518, "elevation_m": 401.56170654296875, "distance_m": 4075.9910691709706, "distance_km": 4.0759910691709704, "heading_deg": 339.11927891872779, "slope": 0.0, "slope_deg": 0.0 }, "geometry": { "type": "Point", "coordinates": [ 24.42751786119014, 46.437592277792518 ] } },
{ "type": "Feature", "properties": { "point_id": 1360, "lon": 24.427508255764579, "lat": 46.437609630123561, "elevation_m": 401.56170654296875, "distance_m": 4078.9910691702648, "distance_km": 4.0789910691702644, "heading_deg": 339.11927890389853, "slope": 0.0, "slope_deg": 0.0 }, "geometry": { "type": "Point", "coordinates": [ 24.427508255764579, 46.437609630123561 ] } },
{ "type": "Feature", "properties": { "point_id": 1361, "lon": 24.427498650339011, "lat": 46.437626982449075, "elevation_m": 401.56170654296875, "distance_m": 4081.9910691705954, "distance_km": 4.0819910691705958, "heading_deg": 339.11927891783796, "slope": 0.0, "slope_deg": 0.0 }, "geometry": { "type": "Point", "coordinates": [ 24.427498650339011, 46.437626982449075 ] } },
{ "type": "Feature", "properties": { "point_id": 1362, "lon": 24.427489044913447, "lat": 46.437644334769061, "elevation_m": 400.112060546875, "distance_m": 4084.9910691707601, "distance_km": 4.0849910691707603, "heading_deg": 337.92469473047214, "slope": -0.4832153320047346, "slope_deg": -25.790545601355227 }, "geometry": { "type": "Point", "coordinates": [ 24.427489044913447, 46.437644334769061 ] } },
{ "type": "Feature", "properties": { "point_id": 1363, "lon": 24.42747891804116, "lat": 46.437661542918832, "elevation_m": 400.112060546875, "distance_m": 4087.9906525317897, "distance_km": 4.0879906525317899, "heading_deg": 337.16137872600348, "slope": 0.0, "slope_deg": 0.0 }, "geometry": { "type": "Point", "coordinates": [ 24.42747891804116, 46.437661542918832 ] } },
{ "type": "Feature", "properties": { "point_id": 1364, "lon": 24.427468457960305, "lat": 46.437678658940818, "elevation_m": 400.112060546875, "distance_m": 4090.9906525321057, "distance_km": 4.0909906525321054, "heading_deg": 337.16137874371924, "slope": 0.0, "slope_deg": 0.0 }, "geometry": { "type": "Point", "coordinates": [ 24.427468457960305, 46.437678658940818 ] } },
{ "type": "Feature", "properties": { "point_id": 1365, "lon": 24.427457997879458, "lat": 46.437695774957433, "elevation_m": 400.112060546875, "distance_m": 4093.9906525322408, "distance_km": 4.0939906525322405, "heading_deg": 337.16137872369677, "slope": 0.0, "slope_deg": 0.0 }, "geometry": { "type": "Point", "coordinates": [ 24.427457997879458, 46.437695774957433 ] } },
{ "type": "Feature", "properties": { "point_id": 1366, "lon": 24.427447537798606, "lat": 46.437712890968662, "elevation_m": 400.112060546875, "distance_m": 4096.9906525316983, "distance_km": 4.0969906525316979, "heading_deg": 337.16137873275682, "slope": 0.0, "slope_deg": 0.0 }, "geometry": { "type": "Point", "coordinates": [ 24.427447537798606, 46.437712890968662 ] } },
{ "type": "Feature", "properties": { "point_id": 1367, "lon": 24.427437077717752, "lat": 46.437730006974519, "elevation_m": 400.112060546875, "distance_m": 4099.9906525320139, "distance_km": 4.0999906525320142, "heading_deg": 337.16137873939329, "slope": 0.0, "slope_deg": 0.0 }, "geometry": { "type": "Point", "coordinates": [ 24.427437077717752, 46.437730006974519 ] } },
{ "type": "Feature", "properties": { "point_id": 1368, "lon": 24.427426617636897, "lat": 46.437747122975004, "elevation_m": 400.112060546875, "distance_m": 4102.9906525323295, "distance_km": 4.1029906525323296, "heading_deg": 337.16137873945092, "slope": 0.0, "slope_deg": 0.0 }, "geometry": { "type": "Point", "coordinates": [ 24.427426617636897, 46.437747122975004 ] } },
{ "type": "Feature", "properties": { "point_id": 1369, "lon": 24.427416157556046, "lat": 46.437764238970111, "elevation_m": 400.112060546875, "distance_m": 4105.9906525326451, "distance_km": 4.1059906525326451, "heading_deg": 337.16137873708499, "slope": 0.0, "slope_deg": 0.0 }, "geometry": { "type": "Point", "coordinates": [ 24.427416157556046, 46.437764238970111 ] } },
{ "type": "Feature", "properties": { "point_id": 1370, "lon": 24.427405697475194, "lat": 46.437781354959839, "elevation_m": 400.112060546875, "distance_m": 4108.990652531922, "distance_km": 4.1089906525319222, "heading_deg": 337.16137873471888, "slope": 0.0, "slope_deg": 0.0 }, "geometry": { "type": "Point", "coordinates": [ 24.427405697475194, 46.437781354959839 ] } },
{ "type": "Feature", "properties": { "point_id": 1371, "lon": 24.427395237394343, "lat": 46.437798470944195, "elevation_m": 400.112060546875, "distance_m": 4111.9906525322376, "distance_km": 4.1119906525322376, "heading_deg": 337.16137872335048, "slope": 0.0, "slope_deg": 0.0 }, "geometry": { "type": "Point", "coordinates": [ 24.427395237394343, 46.437798470944195 ] } },
{ "type": "Feature", "properties": { "point_id": 1372, "lon": 24.427384777313492, "lat": 46.437815586923158, "elevation_m": 400.112060546875, "distance_m": 4114.9906525325532, "distance_km": 4.114990652532553, "heading_deg": 337.16137873137109, "slope": 0.0, "slope_deg": 0.0 }, "geometry": { "type": "Point", "coordinates": [ 24.427384777313492, 46.437815586923158 ] } },
{ "type": "Feature", "properties": { "point_id": 1373, "lon": 24.427374317232637, "lat": 46.437832702896756, "elevation_m": 400.112060546875, "distance_m": 4117.9906525320112, "distance_km": 4.1179906525320114, "heading_deg": 337.1613787251959, "slope": 0.0, "slope_deg": 0.0 }, "geometry": { "type": "Point", "coordinates": [ 24.427374317232637, 46.437832702896756 ] } },
{ "type": "Feature", "properties": { "point_id": 1374, "lon": 24.427363857151782, "lat": 46.437849818864976, "elevation_m": 400.112060546875, "distance_m": 4120.9906525323267, "distance_km": 4.1209906525323268, "heading_deg": 337.16137873910122, "slope": 0.0, "slope_deg": 0.0 }, "geometry": { "type": "Point", "coordinates": [ 24.427363857151782, 46.437849818864976 ] } },
{ "type": "Feature", "properties": { "point_id": 1375, "lon": 24.427353397070934, "lat": 46.437866934827824, "elevation_m": 397.83551025390625, "distance_m": 4123.9906525324623, "distance_km": 4.1239906525324619, "heading_deg": 337.16137873188734, "slope": -0.75885009762197153, "slope_deg": -37.193048320443864 }, "geometry": { "type": "Point", "coordinates": [ 24.427353397070934, 46.437866934827824 ] } },
{ "type": "Feature", "properties": { "point_id": 1376, "lon": 24.42734293699008, "lat": 46.437884050785293, "elevation_m": 397.83551025390625, "distance_m": 4126.9906525319202, "distance_km": 4.1269906525319202, "heading_deg": 337.1613787381753, "slope": 0.0, "slope_deg": 0.0 }, "geometry": { "type": "Point", "coordinates": [ 24.42734293699008, 46.437884050785293 ] } },
{ "type": "Feature", "properties": { "point_id": 1377, "lon": 24.427332476909228, "lat": 46.43790116673739, "elevation_m": 397.83551025390625, "distance_m": 4129.9906525322358, "distance_km": 4.1299906525322356, "heading_deg": 337.16137872334406, "slope": 0.0, "slope_deg": 0.0 }, "geometry": { "type": "Point", "coordinates": [ 24.427332476909228, 46.43790116673739 ] } },
{ "type": "Feature", "properties": { "point_id": 1378, "lon": 24.427322016828374, "lat": 46.437918282684102, "elevation_m": 399.69107055664062, "distance_m": 4132.9906525325514, "distance_km": 4.132990652532551, "heading_deg": 337.16137873240183, "slope": 0.61852010084639109, "slope_deg": 31.737624050809519 }, "geometry": { "type": "Point", "coordinates": [ 24.427322016828374, 46.437918282684102 ] } },
{ "type": "Feature", "properties": { "point_id": 1379, "lon": 24.427311556747519, "lat": 46.437935398625449, "elevation_m": 399.69107055664062, "distance_m": 4135.9906525320093, "distance_km": 4.1359906525320094, "heading_deg": 337.16137875011464, "slope": 0.0, "slope_deg": 0.0 }, "geometry": { "type": "Point", "coordinates": [ 24.427311556747519, 46.437935398625449 ] } },
{ "type": "Feature", "properties": { "point_id": 1380, "lon": 24.427301096666671, "lat": 46.437952514561417, "elevation_m": 399.69107055664062, "distance_m": 4138.9906525321448, "distance_km": 4.1389906525321445, "heading_deg": 338.90157345487376, "slope": 0.0, "slope_deg": 0.0 }, "geometry": { "type": "Point", "coordinates": [ 24.427301096666671, 46.437952514561417 ] } },
{ "type": "Feature", "properties": { "point_id": 1381, "lon": 24.427291395767149, "lat": 46.437969841267396, "elevation_m": 399.69107055664062, "distance_m": 4141.9906121460463, "distance_km": 4.1419906121460466, "heading_deg": 338.95236139500719, "slope": 0.0, "slope_deg": 0.0 }, "geometry": { "type": "Point", "coordinates": [ 24.427291395767149, 46.437969841267396 ] } },
{ "type": "Feature", "properties": { "point_id": 1382, "lon": 24.427281717027881, "lat": 46.437987174120344, "elevation_m": 399.69107055664062, "distance_m": 4144.9906121458471, "distance_km": 4.1449906121458469, "heading_deg": 338.95236135594644, "slope": 0.0, "slope_deg": 0.0 }, "geometry": { "type": "Point", "coordinates": [ 24.427281717027881, 46.437987174120344 ] } },
{ "type": "Feature", "properties": { "point_id": 1383, "lon": 24.42727203828861, "lat": 46.438004506967758, "elevation_m": 399.69107055664062, "distance_m": 4147.9906121456479, "distance_km": 4.147990612145648, "heading_deg": 338.95236137810616, "slope": 0.0, "slope_deg": 0.0 }, "geometry": { "type": "Point", "coordinates": [ 24.42727203828861, 46.438004506967758 ] } },
{ "type": "Feature", "properties": { "point_id": 1384, "lon": 24.427262359549342, "lat": 46.438021839809672, "elevation_m": 399.69107055664062, "distance_m": 4150.9906121454487, "distance_km": 4.1509906121454483, "heading_deg": 338.95236137354794, "slope": 0.0, "slope_deg": 0.0 }, "geometry": { "type": "Point", "coordinates": [ 24.427262359549342, 46.438021839809672 ] } },
{ "type": "Feature", "properties": { "point_id": 1385, "lon": 24.427252680810071, "lat": 46.438039172646079, "elevation_m": 399.69107055664062, "distance_m": 4153.990612146119, "distance_km": 4.153990612146119, "heading_deg": 338.95236137382608, "slope": 0.0, "slope_deg": 0.0 }, "geometry": { "type": "Point", "coordinates": [ 24.427252680810071, 46.438039172646079 ] } },
{ "type": "Feature", "properties": { "point_id": 1386, "lon": 24.427243002070803, "lat": 46.438056505476958, "elevation_m": 399.69107055664062, "distance_m": 4156.9906121459198, "distance_km": 4.1569906121459201, "heading_deg": 350.27916062179787, "slope": 0.0, "slope_deg": 0.0 }, "geometry": { "type": "Point", "coordinates": [ 24.427243002070803, 46.438056505476958 ] } },
{ "type": "Feature", "properties": { "point_id": 1387, "lon": 24.427238461936454, "lat": 46.438074769591893, "elevation_m": 399.69107055664062, "distance_m": 4159.9838706120481, "distance_km": 4.1599838706120478, "heading_deg": 351.57890325173554, "slope": 0.0, "slope_deg": 0.0 }, "geometry": { "type": "Point", "coordinates": [ 24.427238461936454, 46.438074769591893 ] } },
{ "type": "Feature", "properties": { "point_id": 1388, "lon": 24.427234515260988, "lat": 46.438093141255557, "elevation_m": 399.69107055664062, "distance_m": 4162.9838706123082, "distance_km": 4.1629838706123081, "heading_deg": 351.57890324817015, "slope": 0.0, "slope_deg": 0.0 }, "geometry": { "type": "Point", "coordinates": [ 24.427234515260988, 46.438093141255557 ] } },
{ "type": "Feature", "properties": { "point_id": 1389, "lon": 24.427230568585522, "lat": 46.438111512913011, "elevation_m": 399.69107055664062, "distance_m": 4165.983870611647, "distance_km": 4.1659838706116474, "heading_deg": 351.57890325991571, "slope": 0.0, "slope_deg": 0.0 }, "geometry": { "type": "Point", "coordinates": [ 24.427230568585522, 46.438111512913011 ] } },
{ "type": "Feature", "properties": { "point_id": 1390, "lon": 24.427226621910059, "lat": 46.43812988456429, "elevation_m": 399.69107055664062, "distance_m": 4168.9838706119072, "distance_km": 4.1689838706119069, "heading_deg": 358.57389821004386, "slope": 0.0, "slope_deg": 0.0 }, "geometry": { "type": "Point", "coordinates": [ 24.427226621910059, 46.43812988456429 ] } },
{ "type": "Feature", "properties": { "point_id": 1391, "lon": 24.427225955063872, "lat": 46.438148343803327, "elevation_m": 399.69107055664062, "distance_m": 4171.9665993693334, "distance_km": 4.1719665993693331, "heading_deg": 3.9824305330553784, "slope": 0.0, "slope_deg": 0.0 }, "geometry": { "type": "Point", "coordinates": [ 24.427225955063872, 46.438148343803327 ] } },
{ "type": "Feature", "properties": { "point_id": 1392, "lon": 24.427227826719509, "lat": 46.438166870831516, "elevation_m": 399.69107055664062, "distance_m": 4174.9665993688723, "distance_km": 4.1749665993688723, "heading_deg": 3.982430519153354, "slope": 0.0, "slope_deg": 0.0 }, "geometry": { "type": "Point", "coordinates": [ 24.427227826719509, 46.438166870831516 ] } },
{ "type": "Feature", "properties": { "point_id": 1393, "lon": 24.427229698375143, "lat": 46.438185397853402, "elevation_m": 399.69107055664062, "distance_m": 4177.9665993693397, "distance_km": 4.1779665993693396, "heading_deg": 3.9824305133600433, "slope": 0.0, "slope_deg": 0.0 }, "geometry": { "type": "Point", "coordinates": [ 24.427229698375143, 46.438185397853402 ] } },
{ "type": "Feature", "properties": { "point_id": 1394, "lon": 24.42723157003077, "lat": 46.438203924868986, "elevation_m": 402.77871704101562, "distance_m": 4180.9665993688459, "distance_km": 4.1809665993688458, "heading_deg": 7.8379995020539468, "slope": 1.0292154949610945, "slope_deg": 45.824855179635058 }, "geometry": { "type": "Point", "coordinates": [ 24.42723157003077, 46.438203924868986 ] } },
{ "type": "Feature", "properties": { "point_id": 1395, "lon": 24.427235229224149, "lat": 46.438222243240837, "elevation_m": 402.77871704101562, "distance_m": 4183.9535586775428, "distance_km": 4.1839535586775431, "heading_deg": 15.24328598210775, "slope": 0.0, "slope_deg": 0.0 }, "geometry": { "type": "Point", "coordinates": [ 24.427235229224149, 46.438222243240837 ] } },
{ "type": "Feature", "properties": { "point_id": 1396, "lon": 24.427242314727287, "lat": 46.438240161695369, "elevation_m": 402.77871704101562, "distance_m": 4186.9535586780421, "distance_km": 4.1869535586780424, "heading_deg": 15.243285970021361, "slope": 0.0, "slope_deg": 0.0 }, "geometry": { "type": "Point", "coordinates": [ 24.427242314727287, 46.438240161695369 ] } },
{ "type": "Feature", "properties": { "point_id": 1397, "lon": 24.427249400230416, "lat": 46.438258080144003, "elevation_m": 402.77871704101562, "distance_m": 4189.95355867752, "distance_km": 4.1899535586775203, "heading_deg": 18.577781636469922, "slope": 0.0, "slope_deg": 0.0 }, "geometry": { "type": "Point", "coordinates": [ 24.427249400230416, 46.438258080144003 ] } },
{ "type": "Feature", "properties": { "point_id": 1398, "lon": 24.427257912516321, "lat": 46.438275533350506, "elevation_m": 402.77871704101562, "distance_m": 4192.9278452433082, "distance_km": 4.1929278452433083, "heading_deg": 35.400288718771094, "slope": 0.0, "slope_deg": 0.0 }, "geometry": { "type": "Point", "coordinates": [ 24.427257912516321, 46.438275533350506 ] } },
{ "type": "Feature", "properties": { "point_id": 1399, "lon": 24.427273523943121, "lat": 46.438290671709424, "elevation_m": 402.77871704101562, "distance_m": 4195.9278452429799, "distance_km": 4.1959278452429798, "heading_deg": 35.400288767613063, "slope": 0.0, "slope_deg": 0.0 }, "geometry": { "type": "Point", "coordinates": [ 24.427273523943121, 46.438290671709424 ] } },
{ "type": "Feature", "properties": { "point_id": 1400, "lon": 24.427289135369929, "lat": 46.438305810064115, "elevation_m": 402.77871704101562, "distance_m": 4198.9278452436811, "distance_km": 4.1989278452436807, "heading_deg": 35.400288759786235, "slope": 0.0, "slope_deg": 0.0 }, "geometry": { "type": "Point", "coordinates": [ 24.427289135369929, 46.438305810064115 ] } },
{ "type": "Feature", "properties": { "point_id": 1401, "lon": 24.427304746796736, "lat": 46.438320948414614, "elevation_m": 402.77871704101562, "distance_m": 4201.9278452436229, "distance_km": 4.2019278452436231, "heading_deg": 37.707944584497682, "slope": 0.0, "slope_deg": 0.0 }, "geometry": { "type": "Point", "coordinates": [ 24.427304746796736, 46.438320948414614 ] } },
{ "type": "Feature", "properties": { "point_id": 1402, "lon": 24.427321154140593, "lat": 46.438335573605471, "elevation_m": 402.77871704101562, "distance_m": 4204.9140244331475, "distance_km": 4.2049140244331475, "heading_deg": 50.786737259368749, "slope": 0.0, "slope_deg": 0.0 }, "geometry": { "type": "Point", "coordinates": [ 24.427321154140593, 46.438335573605471 ] } },
{ "type": "Feature", "properties": { "point_id": 1403, "lon": 24.427342034533897, "lat": 46.438347314862405, "elevation_m": 402.77871704101562, "distance_m": 4207.9140244324981, "distance_km": 4.2079140244324984, "heading_deg": 50.786737265376075, "slope": 0.0, "slope_deg": 0.0 }, "geometry": { "type": "Point", "coordinates": [ 24.427342034533897, 46.438347314862405 ] } },
{ "type": "Feature", "properties": { "point_id": 1404, "lon": 24.427362914927208, "lat": 46.438359056116809, "elevation_m": 404.7138671875, "distance_m": 4210.9140244327982, "distance_km": 4.2109140244327978, "heading_deg": 50.786737252388662, "slope": 0.6450500487635914, "slope_deg": 32.824041123497516 }, "geometry": { "type": "Point", "coordinates": [ 24.427362914927208, 46.438359056116809 ] } },
{ "type": "Feature", "properties": { "point_id": 1405, "lon": 24.427383795320512, "lat": 46.438370797368684, "elevation_m": 404.7138671875, "distance_m": 4213.9140244327382, "distance_km": 4.2139140244327384, "heading_deg": 66.200579269819229, "slope": 0.0, "slope_deg": 0.0 }, "geometry": { "type": "Point", "coordinates": [ 24.427383795320512, 46.438370797368684 ] } },
{ "type": "Feature", "properties": { "point_id": 1406, "lon": 24.42740845290097, "lat": 46.438378291695543, "elevation_m": 404.7138671875, "distance_m": 4216.9140002446256, "distance_km": 4.2169140002446257, "heading_deg": 66.203992872242281, "slope": 0.0, "slope_deg": 0.0 }, "geometry": { "type": "Point", "coordinates": [ 24.42740845290097, 46.438378291695543 ] } },
{ "type": "Feature", "properties": { "point_id": 1407, "lon": 24.427433111328117, "lat": 46.4383857850694, "elevation_m": 404.7138671875, "distance_m": 4219.9140002446484, "distance_km": 4.219914000244648, "heading_deg": 66.203992923388682, "slope": 0.0, "slope_deg": 0.0 }, "geometry": { "type": "Point", "coordinates": [ 24.427433111328117, 46.4383857850694 ] } },
{ "type": "Feature", "properties": { "point_id": 1408, "lon": 24.427457769755264, "lat": 46.438393278442213, "elevation_m": 404.7138671875, "distance_m": 4222.9140002446711, "distance_km": 4.2229140002446712, "heading_deg": 69.010043088918906, "slope": 0.0, "slope_deg": 0.0 }, "geometry": { "type": "Point", "coordinates": [ 24.427457769755264, 46.438393278442213 ] } },
{ "type": "Feature", "properties": { "point_id": 1409, "lon": 24.427482906918399, "lat": 46.438399924584488, "elevation_m": 404.7138671875, "distance_m": 4225.9111365635308, "distance_km": 4.2259111365635311, "heading_deg": 71.243865731126732, "slope": 0.0, "slope_deg": 0.0 }, "geometry": { "type": "Point", "coordinates": [ 24.427482906918399, 46.438399924584488 ] } },
{ "type": "Feature", "properties": { "point_id": 1410, "lon": 24.427508425246454, "lat": 46.438405896170167, "elevation_m": 404.7138671875, "distance_m": 4228.9111365632625, "distance_km": 4.2289111365632621, "heading_deg": 71.243865708215765, "slope": 0.0, "slope_deg": 0.0 }, "geometry": { "type": "Point", "coordinates": [ 24.427508425246454, 46.438405896170167 ] } },
{ "type": "Feature", "properties": { "point_id": 1411, "lon": 24.427533943574502, "lat": 46.4384118677552, "elevation_m": 404.7138671875, "distance_m": 4231.9111365632943, "distance_km": 4.2319111365632942, "heading_deg": 85.667646548073606, "slope": 0.0, "slope_deg": 0.0 }, "geometry": { "type": "Point", "coordinates": [ 24.427533943574502, 46.4384118677552 ] } },
{ "type": "Feature", "properties": { "point_id": 1412, "lon": 24.427560679158844, "lat": 46.438413263552491, "elevation_m": 404.7138671875, "distance_m": 4234.8958565916219, "distance_km": 4.2348958565916215, "heading_deg": 87.979412104303094, "slope": 0.0, "slope_deg": 0.0 }, "geometry": { "type": "Point", "coordinates": [ 24.427560679158844, 46.438413263552491 ] } },
{ "type": "Feature", "properties": { "point_id": 1413, "lon": 24.427587611860954, "lat": 46.438413918364496, "elevation_m": 404.7138671875, "distance_m": 4237.8958565917701, "distance_km": 4.2378958565917699, "heading_deg": 87.979412139116846, "slope": 0.0, "slope_deg": 0.0 }, "geometry": { "type": "Point", "coordinates": [ 24.427587611860954, 46.438413918364496 ] } },
{ "type": "Feature", "properties": { "point_id": 1414, "lon": 24.427614544563067, "lat": 46.438414573176487, "elevation_m": 404.7138671875, "distance_m": 4240.8958565918856, "distance_km": 4.2408958565918855, "heading_deg": 92.0229226209118, "slope": 0.0, "slope_deg": 0.0 }, "geometry": { "type": "Point", "coordinates": [ 24.427614544563067, 46.438414573176487 ] } },
{ "type": "Feature", "properties": { "point_id": 1415, "lon": 24.427641351459382, "lat": 46.438413920663194, "elevation_m": 405.73056030273438, "distance_m": 4243.8818475729886, "distance_km": 4.2438818475729887, "heading_deg": 99.608750808400771, "slope": 0.34048767115124429, "slope_deg": 18.803075661255015 }, "geometry": { "type": "Point", "coordinates": [ 24.427641351459382, 46.438413920663194 ] } },
{ "type": "Feature", "properties": { "point_id": 1416, "lon": 24.427667922831201, "lat": 46.438410820670065, "elevation_m": 405.73056030273438, "distance_m": 4246.881847572784, "distance_km": 4.2468818475727836, "heading_deg": 99.608750805164618, "slope": 0.0, "slope_deg": 0.0 }, "geometry": { "type": "Point", "coordinates": [ 24.427667922831201, 46.438410820670065 ] } },
{ "type": "Feature", "properties": { "point_id": 1417, "lon": 24.427694494203017, "lat": 46.438407720676764, "elevation_m": 405.73056030273438, "distance_m": 4249.8818475727348, "distance_km": 4.2498818475727349, "heading_deg": 99.608750817891689, "slope": 0.0, "slope_deg": 0.0 }, "geometry": { "type": "Point", "coordinates": [ 24.427694494203017, 46.438407720676764 ] } },
{ "type": "Feature", "properties": { "point_id": 1418, "lon": 24.427721065574836, "lat": 46.438404620683279, "elevation_m": 405.73056030273438, "distance_m": 4252.8818475725302, "distance_km": 4.2528818475725298, "heading_deg": 99.608750843679559, "slope": 0.0, "slope_deg": 0.0 }, "geometry": { "type": "Point", "coordinates": [ 24.427721065574836, 46.438404620683279 ] } },
{ "type": "Feature", "properties": { "point_id": 1419, "lon": 24.427747636946656, "lat": 46.438401520689609, "elevation_m": 405.73056030273438, "distance_m": 4255.8818475729404, "distance_km": 4.2558818475729403, "heading_deg": 113.92249428934031, "slope": 0.0, "slope_deg": 0.0 }, "geometry": { "type": "Point", "coordinates": [ 24.427747636946656, 46.438401520689609 ] } },
{ "type": "Feature", "properties": { "point_id": 1420, "lon": 24.427772117312909, "lat": 46.43839403689347, "elevation_m": 405.73056030273438, "distance_m": 4258.8630941723577, "distance_km": 4.2588630941723578, "heading_deg": 116.78326575987501, "slope": 0.0, "slope_deg": 0.0 }, "geometry": { "type": "Point", "coordinates": [ 24.427772117312909, 46.43839403689347 ] } },
{ "type": "Feature", "properties": { "point_id": 1421, "lon": 24.427796175563412, "lat": 46.438385668128625, "elevation_m": 405.73056030273438, "distance_m": 4261.8630941724796, "distance_km": 4.2618630941724795, "heading_deg": 116.78326574395783, "slope": 0.0, "slope_deg": 0.0 }, "geometry": { "type": "Point", "coordinates": [ 24.427796175563412, 46.438385668128625 ] } },
{ "type": "Feature", "properties": { "point_id": 1422, "lon": 24.427820233813922, "lat": 46.438377299362493, "elevation_m": 405.73056030273438, "distance_m": 4264.8630941725978, "distance_km": 4.2648630941725978, "heading_deg": 116.78326575165391, "slope": 0.0, "slope_deg": 0.0 }, "geometry": { "type": "Point", "coordinates": [ 24.427820233813922, 46.438377299362493 ] } },
{ "type": "Feature", "properties": { "point_id": 1423, "lon": 24.427844292064432, "lat": 46.438368930595082, "elevation_m": 405.73056030273438, "distance_m": 4267.8630941723004, "distance_km": 4.2678630941723004, "heading_deg": 116.78326576849122, "slope": 0.0, "slope_deg": 0.0 }, "geometry": { "type": "Point", "coordinates": [ 24.427844292064432, 46.438368930595082 ] } },
{ "type": "Feature", "properties": { "point_id": 1424, "lon": 24.427868350314935, "lat": 46.438360561826372, "elevation_m": 405.73056030273438, "distance_m": 4270.8630941724223, "distance_km": 4.2708630941724222, "heading_deg": 116.78326577009307, "slope": 0.0, "slope_deg": 0.0 }, "geometry": { "type": "Point", "coordinates": [ 24.427868350314935, 46.438360561826372 ] } },
{ "type": "Feature", "properties": { "point_id": 1425, "lon": 24.427892408565441, "lat": 46.438352193056382, "elevation_m": 405.73056030273438, "distance_m": 4273.8630941721249, "distance_km": 4.2738630941721247, "heading_deg": 123.7046444613884, "slope": 0.0, "slope_deg": 0.0 }, "geometry": { "type": "Point", "coordinates": [ 24.427892408565441, 46.438352193056382 ] } },
{ "type": "Feature", "properties": { "point_id": 1426, "lon": 24.427914619188957, "lat": 46.438341983353041, "elevation_m": 405.73056030273438, "distance_m": 4276.8351441280302, "distance_km": 4.2768351441280306, "heading_deg": 132.55536046420065, "slope": 0.0, "slope_deg": 0.0 }, "geometry": { "type": "Point", "coordinates": [ 24.427914619188957, 46.438341983353041 ] } },
{ "type": "Feature", "properties": { "point_id": 1427, "lon": 24.427934470810598, "lat": 46.438329423193288, "elevation_m": 406.53567504882812, "distance_m": 4279.8351441281338, "distance_km": 4.2798351441281337, "heading_deg": 132.55536043851873, "slope": 0.26837158202197486, "slope_deg": 15.022577586525234 }, "geometry": { "type": "Point", "coordinates": [ 24.427934470810598, 46.438329423193288 ] } },
{ "type": "Feature", "properties": { "point_id": 1428, "lon": 24.427954322432242, "lat": 46.438316863030643, "elevation_m": 406.53567504882812, "distance_m": 4282.8351441279501, "distance_km": 4.28283514412795, "heading_deg": 132.55536046004119, "slope": 0.0, "slope_deg": 0.0 }, "geometry": { "type": "Point", "coordinates": [ 24.427954322432242, 46.438316863030643 ] } },
{ "type": "Feature", "properties": { "point_id": 1429, "lon": 24.427974174053883, "lat": 46.438304302865099, "elevation_m": 406.53567504882812, "distance_m": 4285.8351441280538, "distance_km": 4.285835144128054, "heading_deg": 132.55536047241719, "slope": 0.0, "slope_deg": 0.0 }, "geometry": { "type": "Point", "coordinates": [ 24.427974174053883, 46.438304302865099 ] } },
{ "type": "Feature", "properties": { "point_id": 1430, "lon": 24.427994025675524, "lat": 46.438291742696656, "elevation_m": 406.53567504882812, "distance_m": 4288.8351441281575, "distance_km": 4.2888351441281571, "heading_deg": 132.55536044408001, "slope": 0.0, "slope_deg": 0.0 }, "geometry": { "type": "Point", "coordinates": [ 24.427994025675524, 46.438291742696656 ] } },
{ "type": "Feature", "properties": { "point_id": 1431, "lon": 24.428013877297168, "lat": 46.438279182525328, "elevation_m": 406.53567504882812, "distance_m": 4291.8351441279738, "distance_km": 4.2918351441279734, "heading_deg": 132.55536046368371, "slope": 0.0, "slope_deg": 0.0 }, "geometry": { "type": "Point", "coordinates": [ 24.428013877297168, 46.438279182525328 ] } },
{ "type": "Feature", "properties": { "point_id": 1432, "lon": 24.428033728918813, "lat": 46.438266622351094, "elevation_m": 406.53567504882812, "distance_m": 4294.8351441280774, "distance_km": 4.2948351441280774, "heading_deg": 132.55536045894848, "slope": 0.0, "slope_deg": 0.0 }, "geometry": { "type": "Point", "coordinates": [ 24.428033728918813, 46.438266622351094 ] } },
{ "type": "Feature", "properties": { "point_id": 1433, "lon": 24.428053580540453, "lat": 46.438254062173968, "elevation_m": 406.53567504882812, "distance_m": 4297.8351441281811, "distance_km": 4.2978351441281815, "heading_deg": 132.55536043326572, "slope": 0.0, "slope_deg": 0.0 }, "geometry": { "type": "Point", "coordinates": [ 24.428053580540453, 46.438254062173968 ] } },
{ "type": "Feature", "properties": { "point_id": 1434, "lon": 24.428073432162098, "lat": 46.438241501993957, "elevation_m": 406.53567504882812, "distance_m": 4300.8351441279974, "distance_km": 4.3008351441279977, "heading_deg": 132.55536047647126, "slope": 0.0, "slope_deg": 0.0 }, "geometry": { "type": "Point", "coordinates": [ 24.428073432162098, 46.438241501993957 ] } },
{ "type": "Feature", "properties": { "point_id": 1435, "lon": 24.428093283783738, "lat": 46.43822894181104, "elevation_m": 406.53567504882812, "distance_m": 4303.8351441281011, "distance_km": 4.3038351441281009, "heading_deg": 132.72059101184857, "slope": 0.0, "slope_deg": 0.0 }, "geometry": { "type": "Point", "coordinates": [ 24.428093283783738, 46.43822894181104 ] } },
{ "type": "Feature", "properties": { "point_id": 1436, "lon": 24.428113081404682, "lat": 46.438216343089621, "elevation_m": 406.53567504882812, "distance_m": 4306.8349383856885, "distance_km": 4.3068349383856885, "heading_deg": 135.44530281362643, "slope": 0.0, "slope_deg": 0.0 }, "geometry": { "type": "Point", "coordinates": [ 24.428113081404682, 46.438216343089621 ] } },
{ "type": "Feature", "properties": { "point_id": 1437, "lon": 24.428131988868859, "lat": 46.438203109137554, "elevation_m": 406.53567504882812, "distance_m": 4309.8349383858713, "distance_km": 4.3098349383858716, "heading_deg": 135.44530278424475, "slope": 0.0, "slope_deg": 0.0 }, "geometry": { "type": "Point", "coordinates": [ 24.428131988868859, 46.438203109137554 ] } },
{ "type": "Feature", "properties": { "point_id": 1438, "lon": 24.42815089633304, "lat": 46.438189875182282, "elevation_m": 405.955322265625, "distance_m": 4312.8349383857167, "distance_km": 4.3128349383857163, "heading_deg": 135.4453027941023, "slope": -0.19345092774434508, "slope_deg": -10.948680165213915 }, "geometry": { "type": "Point", "coordinates": [ 24.42815089633304, 46.438189875182282 ] } },
{ "type": "Feature", "properties": { "point_id": 1439, "lon": 24.428169803797221, "lat": 46.438176641223791, "elevation_m": 405.955322265625, "distance_m": 4315.8349383855621, "distance_km": 4.3158349383855619, "heading_deg": 135.44530281566244, "slope": 0.0, "slope_deg": 0.0 }, "geometry": { "type": "Point", "coordinates": [ 24.428169803797221, 46.438176641223791 ] } },
{ "type": "Feature", "properties": { "point_id": 1440, "lon": 24.428188711261399, "lat": 46.438163407262081, "elevation_m": 405.955322265625, "distance_m": 4318.8349383857449, "distance_km": 4.3188349383857449, "heading_deg": 135.44530279316444, "slope": 0.0, "slope_deg": 0.0 }, "geometry": { "type": "Point", "coordinates": [ 24.428188711261399, 46.438163407262081 ] } },
{ "type": "Feature", "properties": { "point_id": 1441, "lon": 24.42820761872558, "lat": 46.438150173297167, "elevation_m": 406.9849853515625, "distance_m": 4321.8349383855902, "distance_km": 4.3218349383855905, "heading_deg": 135.44530278236903, "slope": 0.34322102866352228, "slope_deg": 18.943298412624525 }, "geometry": { "type": "Point", "coordinates": [ 24.42820761872558, 46.438150173297167 ] } },
{ "type": "Feature", "properties": { "point_id": 1442, "lon": 24.428226526189761, "lat": 46.438136939329034, "elevation_m": 406.9849853515625, "distance_m": 4324.8349383854356, "distance_km": 4.3248349383854352, "heading_deg": 135.4453028039286, "slope": 0.0, "slope_deg": 0.0 }, "geometry": { "type": "Point", "coordinates": [ 24.428226526189761, 46.438136939329034 ] } },
{ "type": "Feature", "properties": { "point_id": 1443, "lon": 24.428245433653938, "lat": 46.43812370535769, "elevation_m": 406.9849853515625, "distance_m": 4327.8349383856184, "distance_km": 4.3278349383856183, "heading_deg": 135.44530279519853, "slope": 0.0, "slope_deg": 0.0 }, "geometry": { "type": "Point", "coordinates": [ 24.428245433653938, 46.43812370535769 ] } },
{ "type": "Feature", "properties": { "point_id": 1444, "lon": 24.428264341118119, "lat": 46.438110471383126, "elevation_m": 406.9849853515625, "distance_m": 4330.8349383854638, "distance_km": 4.3308349383854639, "heading_deg": 135.44530279128679, "slope": 0.0, "slope_deg": 0.0 }, "geometry": { "type": "Point", "coordinates": [ 24.428264341118119, 46.438110471383126 ] } },
{ "type": "Feature", "properties": { "point_id": 1445, "lon": 24.4282832485823, "lat": 46.438097237405351, "elevation_m": 406.9849853515625, "distance_m": 4333.8349383859731, "distance_km": 4.3338349383859729, "heading_deg": 135.44530279425908, "slope": 0.0, "slope_deg": 0.0 }, "geometry": { "type": "Point", "coordinates": [ 24.4282832485823, 46.438097237405351 ] } },
{ "type": "Feature", "properties": { "point_id": 1446, "lon": 24.428302156046481, "lat": 46.438084003424365, "elevation_m": 406.9849853515625, "distance_m": 4336.8349383858185, "distance_km": 4.3368349383858185, "heading_deg": 135.44530280204964, "slope": 0.0, "slope_deg": 0.0 }, "geometry": { "type": "Point", "coordinates": [ 24.428302156046481, 46.438084003424365 ] } },
{ "type": "Feature", "properties": { "point_id": 1447, "lon": 24.428321063510658, "lat": 46.438070769440159, "elevation_m": 406.9849853515625, "distance_m": 4339.8349383853374, "distance_km": 4.3398349383853372, "heading_deg": 135.44530280708727, "slope": 0.0, "slope_deg": 0.0 }, "geometry": { "type": "Point", "coordinates": [ 24.428321063510658, 46.438070769440159 ] } },
{ "type": "Feature", "properties": { "point_id": 1448, "lon": 24.428339970974839, "lat": 46.438057535452735, "elevation_m": 406.9849853515625, "distance_m": 4342.8349383858467, "distance_km": 4.3428349383858471, "heading_deg": 135.44530279629072, "slope": 0.0, "slope_deg": 0.0 }, "geometry": { "type": "Point", "coordinates": [ 24.428339970974839, 46.438057535452735 ] } },
{ "type": "Feature", "properties": { "point_id": 1449, "lon": 24.42835887843902, "lat": 46.438044301462106, "elevation_m": 406.9849853515625, "distance_m": 4345.8349383856921, "distance_km": 4.3458349383856918, "heading_deg": 135.44530279031244, "slope": 0.0, "slope_deg": 0.0 }, "geometry": { "type": "Point", "coordinates": [ 24.42835887843902, 46.438044301462106 ] } },
{ "type": "Feature", "properties": { "point_id": 1450, "lon": 24.428377785903198, "lat": 46.438031067468266, "elevation_m": 406.9849853515625, "distance_m": 4348.834938385211, "distance_km": 4.3488349383852114, "heading_deg": 135.44530279741531, "slope": 0.0, "slope_deg": 0.0 }, "geometry": { "type": "Point", "coordinates": [ 24.428377785903198, 46.438031067468266 ] } },
{ "type": "Feature", "properties": { "point_id": 1451, "lon": 24.428396693367379, "lat": 46.4380178334712, "elevation_m": 406.9849853515625, "distance_m": 4351.8349383857203, "distance_km": 4.3518349383857204, "heading_deg": 135.44530279143669, "slope": 0.0, "slope_deg": 0.0 }, "geometry": { "type": "Point", "coordinates": [ 24.428396693367379, 46.4380178334712 ] } },
{ "type": "Feature", "properties": { "point_id": 1452, "lon": 24.42841560083156, "lat": 46.438004599470929, "elevation_m": 406.9849853515625, "distance_m": 4354.8349383855657, "distance_km": 4.354834938385566, "heading_deg": 135.44530279922634, "slope": 0.0, "slope_deg": 0.0 }, "geometry": { "type": "Point", "coordinates": [ 24.42841560083156, 46.438004599470929 ] } },
{ "type": "Feature", "properties": { "point_id": 1453, "lon": 24.428434508295737, "lat": 46.43799136546744, "elevation_m": 406.9849853515625, "distance_m": 4357.8349383857485, "distance_km": 4.3578349383857482, "heading_deg": 135.44530279049468, "slope": 0.0, "slope_deg": 0.0 }, "geometry": { "type": "Point", "coordinates": [ 24.428434508295737, 46.43799136546744 ] } },
{ "type": "Feature", "properties": { "point_id": 1454, "lon": 24.428453415759918, "lat": 46.437978131460731, "elevation_m": 406.9849853515625, "distance_m": 4360.8349383855939, "distance_km": 4.3608349383855938, "heading_deg": 135.4453027845156, "slope": 0.0, "slope_deg": 0.0 }, "geometry": { "type": "Point", "coordinates": [ 24.428453415759918, 46.437978131460731 ] } },
{ "type": "Feature", "properties": { "point_id": 1455, "lon": 24.428472323224096, "lat": 46.437964897450826, "elevation_m": 407.07962036132812, "distance_m": 4363.8349383854393, "distance_km": 4.3638349383854393, "heading_deg": 135.44530279850181, "slope": 0.031545003256834098, "slope_deg": 1.8067964036137367 }, "geometry": { "type": "Point", "coordinates": [ 24.428472323224096, 46.437964897450826 ] } },
{ "type": "Feature", "properties": { "point_id": 1456, "lon": 24.42849123068828, "lat": 46.437951663437694, "elevation_m": 407.07962036132812, "distance_m": 4366.8349383859486, "distance_km": 4.3668349383859484, "heading_deg": 135.4453028090436, "slope": 0.0, "slope_deg": 0.0 }, "geometry": { "type": "Point", "coordinates": [ 24.42849123068828, 46.437951663437694 ] } },
{ "type": "Feature", "properties": { "point_id": 1457, "lon": 24.428510138152454, "lat": 46.437938429421344, "elevation_m": 407.07962036132812, "distance_m": 4369.8349383854675, "distance_km": 4.3698349383854671, "heading_deg": 135.44530278379011, "slope": 0.0, "slope_deg": 0.0 }, "geometry": { "type": "Point", "coordinates": [ 24.428510138152454, 46.437938429421344 ] } },
{ "type": "Feature", "properties": { "point_id": 1458, "lon": 24.428529045616639, "lat": 46.437925195401789, "elevation_m": 407.07962036132812, "distance_m": 4372.8349383859768, "distance_km": 4.372834938385977, "heading_deg": 135.44530281223126, "slope": 0.0, "slope_deg": 0.0 }, "geometry": { "type": "Point", "coordinates": [ 24.428529045616639, 46.437925195401789 ] } },
{ "type": "Feature", "properties": { "point_id": 1459, "lon": 24.42854795308082, "lat": 46.437911961379008, "elevation_m": 406.76766967773438, "distance_m": 4375.8349383858222, "distance_km": 4.3758349383858226, "heading_deg": 135.44530280418576, "slope": -0.10398356120327577, "slope_deg": -5.9364843025318041 }, "geometry": { "type": "Point", "coordinates": [ 24.42854795308082, 46.437911961379008 ] } },
{ "type": "Feature", "properties": { "point_id": 1460, "lon": 24.428566860544993, "lat": 46.437898727353023, "elevation_m": 406.76766967773438, "distance_m": 4378.834938385341, "distance_km": 4.3788349383853413, "heading_deg": 135.44530279270009, "slope": 0.0, "slope_deg": 0.0 }, "geometry": { "type": "Point", "coordinates": [ 24.428566860544993, 46.437898727353023 ] } },
{ "type": "Feature", "properties": { "point_id": 1461, "lon": 24.428585768009178, "lat": 46.437885493323819, "elevation_m": 406.76766967773438, "distance_m": 4381.8349383858504, "distance_km": 4.3818349383858504, "heading_deg": 135.44530281425659, "slope": 0.0, "slope_deg": 0.0 }, "geometry": { "type": "Point", "coordinates": [ 24.428585768009178, 46.437885493323819 ] } },
{ "type": "Feature", "properties": { "point_id": 1462, "lon": 24.428604675473359, "lat": 46.437872259291403, "elevation_m": 406.76766967773438, "distance_m": 4384.8349383856958, "distance_km": 4.3848349383856959, "heading_deg": 135.44530276697128, "slope": 0.0, "slope_deg": 0.0 }, "geometry": { "type": "Point", "coordinates": [ 24.428604675473359, 46.437872259291403 ] } },
{ "type": "Feature", "properties": { "point_id": 1463, "lon": 24.428623582937536, "lat": 46.437859025255783, "elevation_m": 406.76766967773438, "distance_m": 4387.8349383852146, "distance_km": 4.3878349383852147, "heading_deg": 135.44530280642715, "slope": 0.0, "slope_deg": 0.0 }, "geometry": { "type": "Point", "coordinates": [ 24.428623582937536, 46.437859025255783 ] } },
{ "type": "Feature", "properties": { "point_id": 1464, "lon": 24.428642490401717, "lat": 46.437845791216937, "elevation_m": 406.76766967773438, "distance_m": 4390.8349383857239, "distance_km": 4.3908349383857237, "heading_deg": 135.44530282316464, "slope": 0.0, "slope_deg": 0.0 }, "geometry": { "type": "Point", "coordinates": [ 24.428642490401717, 46.437845791216937 ] } },
{ "type": "Feature", "properties": { "point_id": 1465, "lon": 24.428661397865898, "lat": 46.437832557174872, "elevation_m": 406.76766967773438, "distance_m": 4393.8349383855693, "distance_km": 4.3938349383855693, "heading_deg": 135.44530277794456, "slope": 0.0, "slope_deg": 0.0 }, "geometry": { "type": "Point", "coordinates": [ 24.428661397865898, 46.437832557174872 ] } },
{ "type": "Feature", "properties": { "point_id": 1466, "lon": 24.428680305330079, "lat": 46.437819323129602, "elevation_m": 406.76766967773438, "distance_m": 4396.8349383860786, "distance_km": 4.3968349383860783, "heading_deg": 135.4453028063844, "slope": 0.0, "slope_deg": 0.0 }, "geometry": { "type": "Point", "coordinates": [ 24.428680305330079, 46.437819323129602 ] } },
{ "type": "Feature", "properties": { "point_id": 1467, "lon": 24.428699212794257, "lat": 46.437806089081114, "elevation_m": 406.76766967773438, "distance_m": 4399.8349383855975, "distance_km": 4.3998349383855979, "heading_deg": 135.44530279765047, "slope": 0.0, "slope_deg": 0.0 }, "geometry": { "type": "Point", "coordinates": [ 24.428699212794257, 46.437806089081114 ] } },
{ "type": "Feature", "properties": { "point_id": 1468, "lon": 24.428718120258438, "lat": 46.437792855029414, "elevation_m": 406.76766967773438, "distance_m": 4402.8349383854429, "distance_km": 4.4028349383854426, "heading_deg": 135.445302800619, "slope": 0.0, "slope_deg": 0.0 }, "geometry": { "type": "Point", "coordinates": [ 24.428718120258438, 46.437792855029414 ] } },
{ "type": "Feature", "properties": { "point_id": 1469, "lon": 24.428737027722619, "lat": 46.437779620974496, "elevation_m": 406.76766967773438, "distance_m": 4405.8349383859522, "distance_km": 4.4058349383859525, "heading_deg": 135.44530279463754, "slope": 0.0, "slope_deg": 0.0 }, "geometry": { "type": "Point", "coordinates": [ 24.428737027722619, 46.437779620974496 ] } },
{ "type": "Feature", "properties": { "point_id": 1470, "lon": 24.428755935186796, "lat": 46.437766386916365, "elevation_m": 407.160888671875, "distance_m": 4408.8349383854711, "distance_km": 4.4088349383854712, "heading_deg": 135.44530279278729, "slope": 0.13107299806789574, "slope_deg": 7.4673603593908249 }, "geometry": { "type": "Point", "coordinates": [ 24.428755935186796, 46.437766386916365 ] } },
{ "type": "Feature", "properties": { "point_id": 1471, "lon": 24.428774842650977, "lat": 46.437753152855031, "elevation_m": 407.160888671875, "distance_m": 4411.8349383853165, "distance_km": 4.4118349383853168, "heading_deg": 135.4453028026395, "slope": 0.0, "slope_deg": 0.0 }, "geometry": { "type": "Point", "coordinates": [ 24.428774842650977, 46.437753152855031 ] } },
{ "type": "Feature", "properties": { "point_id": 1472, "lon": 24.428793750115158, "lat": 46.437739918790463, "elevation_m": 407.160888671875, "distance_m": 4414.8349383858258, "distance_km": 4.4148349383858259, "heading_deg": 135.44530276223691, "slope": 0.0, "slope_deg": 0.0 }, "geometry": { "type": "Point", "coordinates": [ 24.428793750115158, 46.437739918790463 ] } },
{ "type": "Feature", "properties": { "point_id": 1473, "lon": 24.428812657579336, "lat": 46.437726684722705, "elevation_m": 407.160888671875, "distance_m": 4417.8349383853447, "distance_km": 4.4178349383853446, "heading_deg": 135.44530283611164, "slope": 0.0, "slope_deg": 0.0 }, "geometry": { "type": "Point", "coordinates": [ 24.428812657579336, 46.437726684722705 ] } },
{ "type": "Feature", "properties": { "point_id": 1474, "lon": 24.428831565043517, "lat": 46.437713450651707, "elevation_m": 407.160888671875, "distance_m": 4420.834938385854, "distance_km": 4.4208349383858536, "heading_deg": 135.44530278607181, "slope": 0.0, "slope_deg": 0.0 }, "geometry": { "type": "Point", "coordinates": [ 24.428831565043517, 46.437713450651707 ] } },
{ "type": "Feature", "properties": { "point_id": 1475, "lon": 24.428850472507698, "lat": 46.437700216577511, "elevation_m": 407.160888671875, "distance_m": 4423.8349383856994, "distance_km": 4.4238349383856992, "heading_deg": 135.44530279179202, "slope": 0.0, "slope_deg": 0.0 }, "geometry": { "type": "Point", "coordinates": [ 24.428850472507698, 46.437700216577511 ] } },
{ "type": "Feature", "properties": { "point_id": 1476, "lon": 24.428869379971875, "lat": 46.437686982500097, "elevation_m": 407.160888671875, "distance_m": 4426.8349383852183, "distance_km": 4.4268349383852179, "heading_deg": 135.4453027899408, "slope": 0.0, "slope_deg": 0.0 }, "geometry": { "type": "Point", "coordinates": [ 24.428869379971875, 46.437686982500097 ] } },
{ "type": "Feature", "properties": { "point_id": 1477, "lon": 24.428888287436056, "lat": 46.437673748419471, "elevation_m": 407.160888671875, "distance_m": 4429.8349383857276, "distance_km": 4.4298349383857278, "heading_deg": 140.5626361349502, "slope": 0.0, "slope_deg": 0.0 }, "geometry": { "type": "Point", "coordinates": [ 24.428888287436056, 46.437673748419471 ] } },
{ "type": "Feature", "properties": { "point_id": 1478, "lon": 24.428905373278262, "lat": 46.437659432834678, "elevation_m": 407.160888671875, "distance_m": 4432.8290895475093, "distance_km": 4.4328290895475089, "heading_deg": 143.06439665715891, "slope": 0.0, "slope_deg": 0.0 }, "geometry": { "type": "Point", "coordinates": [ 24.428905373278262, 46.437659432834678 ] } },
{ "type": "Feature", "properties": { "point_id": 1479, "lon": 24.428921567664627, "lat": 46.437644587986718, "elevation_m": 407.160888671875, "distance_m": 4435.8290895473683, "distance_km": 4.4358290895473687, "heading_deg": 143.06439664857891, "slope": 0.0, "slope_deg": 0.0 }, "geometry": { "type": "Point", "coordinates": [ 24.428921567664627, 46.437644587986718 ] } },
{ "type": "Feature", "properties": { "point_id": 1480, "lon": 24.428937762050992, "lat": 46.437629743134714, "elevation_m": 407.38372802734375, "distance_m": 4438.8290895472273, "distance_km": 4.4388290895472275, "heading_deg": 143.06439665080859, "slope": 0.074279785159740444, "slope_deg": 4.2481166796965493 }, "geometry": { "type": "Point", "coordinates": [ 24.428937762050992, 46.437629743134714 ] } },
{ "type": "Feature", "properties": { "point_id": 1481, "lon": 24.428953956437358, "lat": 46.437614898278653, "elevation_m": 407.38372802734375, "distance_m": 4441.8290895475502, "distance_km": 4.4418290895475501, "heading_deg": 143.06439666581343, "slope": 0.0, "slope_deg": 0.0 }, "geometry": { "type": "Point", "coordinates": [ 24.428953956437358, 46.437614898278653 ] } },
{ "type": "Feature", "properties": { "point_id": 1482, "lon": 24.428970150823723, "lat": 46.437600053418556, "elevation_m": 407.38372802734375, "distance_m": 4444.8290895474092, "distance_km": 4.444829089547409, "heading_deg": 145.40868269533479, "slope": 0.0, "slope_deg": 0.0 }, "geometry": { "type": "Point", "coordinates": [ 24.428970150823723, 46.437600053418556 ] } },
{ "type": "Feature", "properties": { "point_id": 1483, "lon": 24.428985414421764, "lat": 46.437584800571742, "elevation_m": 407.38372802734375, "distance_m": 4447.82200717459, "distance_km": 4.4478220071745902, "heading_deg": 152.02006694874115, "slope": 0.0, "slope_deg": 0.0 }, "geometry": { "type": "Point", "coordinates": [ 24.428985414421764, 46.437584800571742 ] } },
{ "type": "Feature", "properties": { "point_id": 1484, "lon": 24.428998058089682, "lat": 46.437568399353843, "elevation_m": 407.38372802734375, "distance_m": 4450.8220071744299, "distance_km": 4.4508220071744296, "heading_deg": 152.02006694489137, "slope": 0.0, "slope_deg": 0.0 }, "geometry": { "type": "Point", "coordinates": [ 24.428998058089682, 46.437568399353843 ] } },
{ "type": "Feature", "properties": { "point_id": 1485, "lon": 24.429010701757601, "lat": 46.437551998131021, "elevation_m": 407.38372802734375, "distance_m": 4453.8220071744881, "distance_km": 4.4538220071744883, "heading_deg": 152.02006694290867, "slope": 0.0, "slope_deg": 0.0 }, "geometry": { "type": "Point", "coordinates": [ 24.429010701757601, 46.437551998131021 ] } },
{ "type": "Feature", "properties": { "point_id": 1486, "lon": 24.429023345425524, "lat": 46.437535596903253, "elevation_m": 407.38372802734375, "distance_m": 4456.8220071745463, "distance_km": 4.4568220071745461, "heading_deg": 156.47082004837944, "slope": 0.0, "slope_deg": 0.0 }, "geometry": { "type": "Point", "coordinates": [ 24.429023345425524, 46.437535596903253 ] } },
{ "type": "Feature", "properties": { "point_id": 1487, "lon": 24.429034035969785, "lat": 46.43751867675757, "elevation_m": 407.79586791992188, "distance_m": 4459.8030147986328, "distance_km": 4.4598030147986325, "heading_deg": 165.81399516508236, "slope": 0.13825522928825884, "slope_deg": 7.8715407045879004 }, "geometry": { "type": "Point", "coordinates": [ 24.429034035969785, 46.43751867675757 ] } },
{ "type": "Feature", "properties": { "point_id": 1488, "lon": 24.429040640488129, "lat": 46.437500671016096, "elevation_m": 407.79586791992188, "distance_m": 4462.8030147987811, "distance_km": 4.4628030147987809, "heading_deg": 165.81399515275712, "slope": 0.0, "slope_deg": 0.0 }, "geometry": { "type": "Point", "coordinates": [ 24.429040640488129, 46.437500671016096 ] } },
{ "type": "Feature", "properties": { "point_id": 1489, "lon": 24.42904724500648, "lat": 46.437482665268661, "elevation_m": 407.79586791992188, "distance_m": 4465.8030147990439, "distance_km": 4.465803014799044, "heading_deg": 165.81399515528972, "slope": 0.0, "slope_deg": 0.0 }, "geometry": { "type": "Point", "coordinates": [ 24.42904724500648, 46.437482665268661 ] } },
{ "type": "Feature", "properties": { "point_id": 1490, "lon": 24.429053849524827, "lat": 46.437464659515292, "elevation_m": 407.79586791992188, "distance_m": 4468.8030147991922, "distance_km": 4.4688030147991924, "heading_deg": 167.70650300469867, "slope": 0.0, "slope_deg": 0.0 }, "geometry": { "type": "Point", "coordinates": [ 24.429053849524827, 46.437464659515292 ] } },
{ "type": "Feature", "properties": { "point_id": 1491, "lon": 24.429059572734943, "lat": 46.437446560241717, "elevation_m": 407.79586791992188, "distance_m": 4471.7952487999628, "distance_km": 4.471795248799963, "heading_deg": 176.67971289358104, "slope": 0.0, "slope_deg": 0.0 }, "geometry": { "type": "Point", "coordinates": [ 24.429059572734943, 46.437446560241717 ] } },
{ "type": "Feature", "properties": { "point_id": 1492, "lon": 24.429061133580294, "lat": 46.437428019299915, "elevation_m": 407.79586791992188, "distance_m": 4474.7952488005503, "distance_km": 4.4747952488005502, "heading_deg": 176.67971287246075, "slope": 0.0, "slope_deg": 0.0 }, "geometry": { "type": "Point", "coordinates": [ 24.429061133580294, 46.437428019299915 ] } },
{ "type": "Feature", "properties": { "point_id": 1493, "lon": 24.429062694425653, "lat": 46.43740947835181, "elevation_m": 407.79586791992188, "distance_m": 4477.7952488002356, "distance_km": 4.4777952488002359, "heading_deg": 176.67971288623016, "slope": 0.0, "slope_deg": 0.0 }, "geometry": { "type": "Point", "coordinates": [ 24.429062694425653, 46.43740947835181 ] } },
{ "type": "Feature", "properties": { "point_id": 1494, "lon": 24.429064255271005, "lat": 46.437390937397396, "elevation_m": 407.79586791992188, "distance_m": 4480.7952487998937, "distance_km": 4.4807952487998941, "heading_deg": 176.67971287413366, "slope": 0.0, "slope_deg": 0.0 }, "geometry": { "type": "Point", "coordinates": [ 24.429064255271005, 46.437390937397396 ] } },
{ "type": "Feature", "properties": { "point_id": 1495, "lon": 24.429065816116363, "lat": 46.437372396436658, "elevation_m": 407.79586791992188, "distance_m": 4483.7952488005085, "distance_km": 4.4837952488005088, "heading_deg": 176.76747960027706, "slope": 0.0, "slope_deg": 0.0 }, "geometry": { "type": "Point", "coordinates": [ 24.429065816116363, 46.437372396436658 ] } },
{ "type": "Feature", "properties": { "point_id": 1496, "lon": 24.429067335747433, "lat": 46.437353853844918, "elevation_m": 407.93182373046875, "distance_m": 4486.7952486004187, "distance_km": 4.4867952486004183, "heading_deg": 176.77246429647732, "slope": 0.045318606538221125, "slope_deg": 2.5947894876708504 }, "geometry": { "type": "Point", "coordinates": [ 24.429067335747433, 46.437353853844918 ] } },
{ "type": "Feature", "properties": { "point_id": 1497, "lon": 24.429068853037748, "lat": 46.437335311154584, "elevation_m": 407.93182373046875, "distance_m": 4489.7952486006561, "distance_km": 4.4897952486006565, "heading_deg": 176.77246428812623, "slope": 0.0, "slope_deg": 0.0 }, "geometry": { "type": "Point", "coordinates": [ 24.429068853037748, 46.437335311154584 ] } },
{ "type": "Feature", "properties": { "point_id": 1498, "lon": 24.429070370328063, "lat": 46.437316768457933, "elevation_m": 407.93182373046875, "distance_m": 4492.7952486008671, "distance_km": 4.4927952486008671, "heading_deg": 176.77246429383024, "slope": 0.0, "slope_deg": 0.0 }, "geometry": { "type": "Point", "coordinates": [ 24.429070370328063, 46.437316768457933 ] } },
{ "type": "Feature", "properties": { "point_id": 1499, "lon": 24.429071887618374, "lat": 46.437298225754986, "elevation_m": 407.93182373046875, "distance_m": 4495.7952486001477, "distance_km": 4.4957952486001478, "heading_deg": 176.77246428038529, "slope": 0.0, "slope_deg": 0.0 }, "geometry": { "type": "Point", "coordinates": [ 24.429071887618374, 46.437298225754986 ] } },
{ "type": "Feature", "properties": { "point_id": 1500, "lon": 24.429073404908692, "lat": 46.437279683045723, "elevation_m": 407.93182373046875, "distance_m": 4498.7952486003851, "distance_km": 4.498795248600385, "heading_deg": 179.33990971458968, "slope": 0.0, "slope_deg": 0.0 }, "geometry": { "type": "Point", "coordinates": [ 24.429073404908692, 46.437279683045723 ] } },
{ "type": "Feature", "properties": { "point_id": 1501, "lon": 24.429073714569661, "lat": 46.437261160557675, "elevation_m": 407.93182373046875, "distance_m": 4501.7874212454763, "distance_km": 4.501787421245476, "heading_deg": 186.01213994065009, "slope": 0.0, "slope_deg": 0.0 }, "geometry": { "type": "Point", "coordinates": [ 24.429073714569661, 46.437261160557675 ] } },
{ "type": "Feature", "properties": { "point_id": 1502, "lon": 24.429070891905891, "lat": 46.437242690529082, "elevation_m": 407.93182373046875, "distance_m": 4504.7874212453444, "distance_km": 4.5047874212453447, "heading_deg": 186.01213994775676, "slope": 0.0, "slope_deg": 0.0 }, "geometry": { "type": "Point", "coordinates": [ 24.429070891905891, 46.437242690529082 ] } },
{ "type": "Feature", "properties": { "point_id": 1503, "lon": 24.42906806924212, "lat": 46.43722422049423, "elevation_m": 407.93182373046875, "distance_m": 4507.7874212460893, "distance_km": 4.5077874212460891, "heading_deg": 186.01213995122183, "slope": 0.0, "slope_deg": 0.0 }, "geometry": { "type": "Point", "coordinates": [ 24.42906806924212, 46.43722422049423 ] } },
{ "type": "Feature", "properties": { "point_id": 1504, "lon": 24.42906524657835, "lat": 46.437205750453124, "elevation_m": 407.93182373046875, "distance_m": 4510.7874212459083, "distance_km": 4.510787421245908, "heading_deg": 186.01213994590674, "slope": 0.0, "slope_deg": 0.0 }, "geometry": { "type": "Point", "coordinates": [ 24.42906524657835, 46.437205750453124 ] } },
{ "type": "Feature", "properties": { "point_id": 1505, "lon": 24.429062423914583, "lat": 46.437187280405766, "elevation_m": 407.93182373046875, "distance_m": 4513.7874212457273, "distance_km": 4.513787421245727, "heading_deg": 193.20123242207194, "slope": 0.0, "slope_deg": 0.0 }, "geometry": { "type": "Point", "coordinates": [ 24.429062423914583, 46.437187280405766 ] } },
{ "type": "Feature", "properties": { "point_id": 1506, "lon": 24.429056345602945, "lat": 46.437169422811721, "elevation_m": 407.93182373046875, "distance_m": 4516.7502854570994, "distance_km": 4.5167502854570998, "heading_deg": 204.52476537708463, "slope": 0.0, "slope_deg": 0.0 }, "geometry": { "type": "Point", "coordinates": [ 24.429056345602945, 46.437169422811721 ] } },
{ "type": "Feature", "properties": { "point_id": 1507, "lon": 24.429045159247639, "lat": 46.437152526148438, "elevation_m": 407.93182373046875, "distance_m": 4519.7502854565446, "distance_km": 4.5197502854565448, "heading_deg": 204.52476537838808, "slope": 0.0, "slope_deg": 0.0 }, "geometry": { "type": "Point", "coordinates": [ 24.429045159247639, 46.437152526148438 ] } },
{ "type": "Feature", "properties": { "point_id": 1508, "lon": 24.429033972892331, "lat": 46.437135629479904, "elevation_m": 407.93182373046875, "distance_m": 4522.7502854570312, "distance_km": 4.5227502854570307, "heading_deg": 204.52476537544825, "slope": 0.0, "slope_deg": 0.0 }, "geometry": { "type": "Point", "coordinates": [ 24.429033972892331, 46.437135629479904 ] } },
{ "type": "Feature", "properties": { "point_id": 1509, "lon": 24.429022786537026, "lat": 46.437118732806148, "elevation_m": 407.54510498046875, "distance_m": 4525.7502854564764, "distance_km": 4.5257502854564766, "heading_deg": 211.17371083112997, "slope": -0.12890625002383871, "slope_deg": -7.3452777525076227 }, "geometry": { "type": "Point", "coordinates": [ 24.429022786537026, 46.437118732806148 ] } },
{ "type": "Feature", "properties": { "point_id": 1510, "lon": 24.429008839036221, "lat": 46.437102845181208, "elevation_m": 407.54510498046875, "distance_m": 4528.7497550757207, "distance_km": 4.5287497550757205, "heading_deg": 211.34810813483972, "slope": 0.0, "slope_deg": 0.0 }, "geometry": { "type": "Point", "coordinates": [ 24.429008839036221, 46.437102845181208 ] } },
{ "type": "Feature", "properties": { "point_id": 1511, "lon": 24.428994818949761, "lat": 46.437086984077901, "elevation_m": 407.54510498046875, "distance_m": 4531.7497550752287, "distance_km": 4.5317497550752286, "heading_deg": 211.34810813839158, "slope": 0.0, "slope_deg": 0.0 }, "geometry": { "type": "Point", "coordinates": [ 24.428994818949761, 46.437086984077901 ] } },
{ "type": "Feature", "properties": { "point_id": 1512, "lon": 24.428980798863297, "lat": 46.437071122969975, "elevation_m": 407.71270751953125, "distance_m": 4534.7497550757744, "distance_km": 4.534749755075774, "heading_deg": 211.34810810930512, "slope": 0.05586751301067109, "slope_deg": 3.1976486605452483 }, "geometry": { "type": "Point", "coordinates": [ 24.428980798863297, 46.437071122969975 ] } },
{ "type": "Feature", "properties": { "point_id": 1513, "lon": 24.428966778776839, "lat": 46.437055261857431, "elevation_m": 407.71270751953125, "distance_m": 4537.7497550760781, "distance_km": 4.5377497550760779, "heading_deg": 211.43832285917836, "slope": 0.0, "slope_deg": 0.0 }, "geometry": { "type": "Point", "coordinates": [ 24.428966778776839, 46.437055261857431 ] } },
{ "type": "Feature", "properties": { "point_id": 1514, "lon": 24.428952723005391, "lat": 46.437039416577832, "elevation_m": 407.71270751953125, "distance_m": 4540.7496405860093, "distance_km": 4.5407496405860091, "heading_deg": 214.21525037107739, "slope": 0.0, "slope_deg": 0.0 }, "geometry": { "type": "Point", "coordinates": [ 24.428952723005391, 46.437039416577832 ] } },
{ "type": "Feature", "properties": { "point_id": 1515, "lon": 24.428937569232637, "lat": 46.437024058604052, "elevation_m": 407.71270751953125, "distance_m": 4543.7496405867842, "distance_km": 4.5437496405867845, "heading_deg": 214.21525038166268, "slope": 0.0, "slope_deg": 0.0 }, "geometry": { "type": "Point", "coordinates": [ 24.428937569232637, 46.437024058604052 ] } },
{ "type": "Feature", "properties": { "point_id": 1516, "lon": 24.428922415459887, "lat": 46.437008700625952, "elevation_m": 407.71270751953125, "distance_m": 4546.7496405865268, "distance_km": 4.5467496405865271, "heading_deg": 214.21525037032742, "slope": 0.0, "slope_deg": 0.0 }, "geometry": { "type": "Point", "coordinates": [ 24.428922415459887, 46.437008700625952 ] } },
{ "type": "Feature", "properties": { "point_id": 1517, "lon": 24.428907261687133, "lat": 46.436993342643511, "elevation_m": 407.71270751953125, "distance_m": 4549.7496405865313, "distance_km": 4.5497496405865316, "heading_deg": 214.21525039761391, "slope": 0.0, "slope_deg": 0.0 }, "geometry": { "type": "Point", "coordinates": [ 24.428907261687133, 46.436993342643511 ] } },
{ "type": "Feature", "properties": { "point_id": 1518, "lon": 24.428892107914379, "lat": 46.436977984656757, "elevation_m": 407.71270751953125, "distance_m": 4552.7496405865359, "distance_km": 4.5527496405865362, "heading_deg": 214.21525035832053, "slope": 0.0, "slope_deg": 0.0 }, "geometry": { "type": "Point", "coordinates": [ 24.428892107914379, 46.436977984656757 ] } },
{ "type": "Feature", "properties": { "point_id": 1519, "lon": 24.428876954141632, "lat": 46.436962626665668, "elevation_m": 407.71270751953125, "distance_m": 4555.7496405862785, "distance_km": 4.5557496405862787, "heading_deg": 214.21525038023876, "slope": 0.0, "slope_deg": 0.0 }, "geometry": { "type": "Point", "coordinates": [ 24.428876954141632, 46.436962626665668 ] } },
{ "type": "Feature", "properties": { "point_id": 1520, "lon": 24.428861800368878, "lat": 46.436947268670245, "elevation_m": 407.71270751953125, "distance_m": 4558.749640586283, "distance_km": 4.5587496405862833, "heading_deg": 214.21525037442166, "slope": 0.0, "slope_deg": 0.0 }, "geometry": { "type": "Point", "coordinates": [ 24.428861800368878, 46.436947268670245 ] } },
{ "type": "Feature", "properties": { "point_id": 1521, "lon": 24.428846646596124, "lat": 46.436931910670495, "elevation_m": 407.71270751953125, "distance_m": 4561.7496405862876, "distance_km": 4.5617496405862878, "heading_deg": 214.21525037389912, "slope": 0.0, "slope_deg": 0.0 }, "geometry": { "type": "Point", "coordinates": [ 24.428846646596124, 46.436931910670495 ] } },
{ "type": "Feature", "properties": { "point_id": 1522, "lon": 24.428831492823374, "lat": 46.436916552666418, "elevation_m": 407.71270751953125, "distance_m": 4564.7496405860302, "distance_km": 4.5647496405860304, "heading_deg": 214.21525039566919, "slope": 0.0, "slope_deg": 0.0 }, "geometry": { "type": "Point", "coordinates": [ 24.428831492823374, 46.436916552666418 ] } },
{ "type": "Feature", "properties": { "point_id": 1523, "lon": 24.42881633905062, "lat": 46.43690119465802, "elevation_m": 407.71270751953125, "distance_m": 4567.7496405860347, "distance_km": 4.5677496405860349, "heading_deg": 214.21525036770899, "slope": 0.0, "slope_deg": 0.0 }, "geometry": { "type": "Point", "coordinates": [ 24.42881633905062, 46.43690119465802 ] } },
{ "type": "Feature", "properties": { "point_id": 1524, "lon": 24.428801185277866, "lat": 46.436885836645281, "elevation_m": 407.71270751953125, "distance_m": 4570.7496405868096, "distance_km": 4.5707496405868095, "heading_deg": 214.21525036718702, "slope": 0.0, "slope_deg": 0.0 }, "geometry": { "type": "Point", "coordinates": [ 24.428801185277866, 46.436885836645281 ] } },
{ "type": "Feature", "properties": { "point_id": 1525, "lon": 24.428786031505119, "lat": 46.436870478628215, "elevation_m": 407.71270751953125, "distance_m": 4573.7496405865522, "distance_km": 4.5737496405865521, "heading_deg": 214.21525037248006, "slope": 0.0, "slope_deg": 0.0 }, "geometry": { "type": "Point", "coordinates": [ 24.428786031505119, 46.436870478628215 ] } },
{ "type": "Feature", "properties": { "point_id": 1526, "lon": 24.428770877732365, "lat": 46.436855120606822, "elevation_m": 407.71270751953125, "distance_m": 4576.7496405865568, "distance_km": 4.5767496405865566, "heading_deg": 214.21525038858485, "slope": 0.0, "slope_deg": 0.0 }, "geometry": { "type": "Point", "coordinates": [ 24.428770877732365, 46.436855120606822 ] } },
{ "type": "Feature", "properties": { "point_id": 1527, "lon": 24.428755723959615, "lat": 46.436839762581108, "elevation_m": 407.71270751953125, "distance_m": 4579.7496405862994, "distance_km": 4.5797496405862992, "heading_deg": 214.21525039380393, "slope": 0.0, "slope_deg": 0.0 }, "geometry": { "type": "Point", "coordinates": [ 24.428755723959615, 46.436839762581108 ] } },
{ "type": "Feature", "properties": { "point_id": 1528, "lon": 24.428740570186861, "lat": 46.436824404551068, "elevation_m": 407.4708251953125, "distance_m": 4582.7496405863039, "distance_km": 4.5827496405863037, "heading_deg": 214.21525037687942, "slope": -0.080627441406127778, "slope_deg": -4.6096406029672039 }, "geometry": { "type": "Point", "coordinates": [ 24.428740570186861, 46.436824404551068 ] } },
{ "type": "Feature", "properties": { "point_id": 1529, "lon": 24.428725416414107, "lat": 46.436809046516686, "elevation_m": 407.4708251953125, "distance_m": 4585.7496405863085, "distance_km": 4.5857496405863083, "heading_deg": 214.21525037084112, "slope": 0.0, "slope_deg": 0.0 }, "geometry": { "type": "Point", "coordinates": [ 24.428725416414107, 46.436809046516686 ] } },
{ "type": "Feature", "properties": { "point_id": 1530, "lon": 24.42871026264136, "lat": 46.436793688477984, "elevation_m": 407.88345336914062, "distance_m": 4588.7496405860511, "distance_km": 4.5887496405860508, "heading_deg": 214.21525038165251, "slope": 0.13754272462117556, "slope_deg": 7.8314790140774058 }, "geometry": { "type": "Point", "coordinates": [ 24.42871026264136, 46.436793688477984 ] } },
{ "type": "Feature", "properties": { "point_id": 1531, "lon": 24.428695108868606, "lat": 46.436778330434954, "elevation_m": 407.88345336914062, "distance_m": 4591.7496405860556, "distance_km": 4.5917496405860554, "heading_deg": 214.2152503757633, "slope": 0.0, "slope_deg": 0.0 }, "geometry": { "type": "Point", "coordinates": [ 24.428695108868606, 46.436778330434954 ] } },
{ "type": "Feature", "properties": { "point_id": 1532, "lon": 24.428679955095852, "lat": 46.436762972387591, "elevation_m": 407.88345336914062, "distance_m": 4594.7496405860602, "distance_km": 4.5947496405860599, "heading_deg": 214.21525036979997, "slope": 0.0, "slope_deg": 0.0 }, "geometry": { "type": "Point", "coordinates": [ 24.428679955095852, 46.436762972387591 ] } },
{ "type": "Feature", "properties": { "point_id": 1533, "lon": 24.428664801323102, "lat": 46.4367476143359, "elevation_m": 407.88345336914062, "distance_m": 4597.7496405865732, "distance_km": 4.5977496405865734, "heading_deg": 214.21525036398555, "slope": 0.0, "slope_deg": 0.0 }, "geometry": { "type": "Point", "coordinates": [ 24.428664801323102, 46.4367476143359 ] } },
{ "type": "Feature", "properties": { "point_id": 1534, "lon": 24.428649647550348, "lat": 46.436732256279875, "elevation_m": 407.88345336914062, "distance_m": 4600.7496405865777, "distance_km": 4.600749640586578, "heading_deg": 214.14166640064846, "slope": 0.0, "slope_deg": 0.0 }, "geometry": { "type": "Point", "coordinates": [ 24.428649647550348, 46.436732256279875 ] } },
{ "type": "Feature", "properties": { "point_id": 1535, "lon": 24.428634522411325, "lat": 46.436716884820612, "elevation_m": 407.88345336914062, "distance_m": 4603.749640476085, "distance_km": 4.6037496404760851, "heading_deg": 214.13838160529099, "slope": 0.0, "slope_deg": 0.0 }, "geometry": { "type": "Point", "coordinates": [ 24.428634522411325, 46.436716884820612 ] } },
{ "type": "Feature", "properties": { "point_id": 1536, "lon": 24.428619398550502, "lat": 46.43670151275888, "elevation_m": 407.88345336914062, "distance_m": 4606.7496404756557, "distance_km": 4.6067496404756554, "heading_deg": 214.13838162418349, "slope": 0.0, "slope_deg": 0.0 }, "geometry": { "type": "Point", "coordinates": [ 24.428619398550502, 46.43670151275888 ] } },
{ "type": "Feature", "properties": { "point_id": 1537, "lon": 24.428604274689675, "lat": 46.436686140692821, "elevation_m": 407.88345336914062, "distance_m": 4609.7496404762587, "distance_km": 4.6097496404762586, "heading_deg": 214.13838163197295, "slope": 0.0, "slope_deg": 0.0 }, "geometry": { "type": "Point", "coordinates": [ 24.428604274689675, 46.436686140692821 ] } },
{ "type": "Feature", "properties": { "point_id": 1538, "lon": 24.428589150828849, "lat": 46.43667076862242, "elevation_m": 407.88345336914062, "distance_m": 4612.7496404760905, "distance_km": 4.6127496404760908, "heading_deg": 214.13838162315295, "slope": 0.0, "slope_deg": 0.0 }, "geometry": { "type": "Point", "coordinates": [ 24.428589150828849, 46.43667076862242 ] } },
{ "type": "Feature", "properties": { "point_id": 1539, "lon": 24.428574026968025, "lat": 46.436655396547685, "elevation_m": 407.88345336914062, "distance_m": 4615.7496404756612, "distance_km": 4.6157496404756611, "heading_deg": 214.13838162552676, "slope": 0.0, "slope_deg": 0.0 }, "geometry": { "type": "Point", "coordinates": [ 24.428574026968025, 46.436655396547685 ] } },
{ "type": "Feature", "properties": { "point_id": 1540, "lon": 24.428558903107199, "lat": 46.436640024468616, "elevation_m": 407.88345336914062, "distance_m": 4618.7496404762642, "distance_km": 4.6187496404762642, "heading_deg": 214.13838162772001, "slope": 0.0, "slope_deg": 0.0 }, "geometry": { "type": "Point", "coordinates": [ 24.428558903107199, 46.436640024468616 ] } },
{ "type": "Feature", "properties": { "point_id": 1541, "lon": 24.428543779246375, "lat": 46.436624652385213, "elevation_m": 407.88345336914062, "distance_m": 4621.7496404758349, "distance_km": 4.6217496404758345, "heading_deg": 214.13838160806853, "slope": 0.0, "slope_deg": 0.0 }, "geometry": { "type": "Point", "coordinates": [ 24.428543779246375, 46.436624652385213 ] } },
{ "type": "Feature", "properties": { "point_id": 1542, "lon": 24.428528655385549, "lat": 46.436609280297461, "elevation_m": 407.88345336914062, "distance_m": 4624.7496404756666, "distance_km": 4.6247496404756667, "heading_deg": 214.13838162136543, "slope": 0.0, "slope_deg": 0.0 }, "geometry": { "type": "Point", "coordinates": [ 24.428528655385549, 46.436609280297461 ] } },
{ "type": "Feature", "properties": { "point_id": 1543, "lon": 24.428513531524722, "lat": 46.436593908205381, "elevation_m": 407.88345336914062, "distance_m": 4627.7496404762696, "distance_km": 4.6277496404762699, "heading_deg": 214.13838163998818, "slope": 0.0, "slope_deg": 0.0 }, "geometry": { "type": "Point", "coordinates": [ 24.428513531524722, 46.436593908205381 ] } },
{ "type": "Feature", "properties": { "point_id": 1544, "lon": 24.428498407663902, "lat": 46.436578536108975, "elevation_m": 407.88345336914062, "distance_m": 4630.7496404758404, "distance_km": 4.6307496404758401, "heading_deg": 214.13838163162129, "slope": 0.0, "slope_deg": 0.0 }, "geometry": { "type": "Point", "coordinates": [ 24.428498407663902, 46.436578536108975 ] } },
{ "type": "Feature", "properties": { "point_id": 1545, "lon": 24.428483283803072, "lat": 46.43656316400822, "elevation_m": 407.88345336914062, "distance_m": 4633.7496404756721, "distance_km": 4.6337496404756724, "heading_deg": 214.13838162821872, "slope": 0.0, "slope_deg": 0.0 }, "geometry": { "type": "Point", "coordinates": [ 24.428483283803072, 46.43656316400822 ] } },
{ "type": "Feature", "properties": { "point_id": 1546, "lon": 24.428468159942245, "lat": 46.436547791903124, "elevation_m": 407.52392578125, "distance_m": 4636.7496404762751, "distance_km": 4.6367496404762747, "heading_deg": 214.13838161940035, "slope": -0.11984252927278685, "slope_deg": -6.8338789172953627 }, "geometry": { "type": "Point", "coordinates": [ 24.428468159942245, 46.436547791903124 ] } },
{ "type": "Feature", "properties": { "point_id": 1547, "lon": 24.428453036081422, "lat": 46.4365324197937, "elevation_m": 407.52392578125, "distance_m": 4639.7496404758458, "distance_km": 4.6397496404758458, "heading_deg": 214.1383816272822, "slope": 0.0, "slope_deg": 0.0 }, "geometry": { "type": "Point", "coordinates": [ 24.428453036081422, 46.4365324197937 ] } },
{ "type": "Feature", "properties": { "point_id": 1548, "lon": 24.428437912220595, "lat": 46.436517047679935, "elevation_m": 408.22015380859375, "distance_m": 4642.7496404756776, "distance_km": 4.6427496404756772, "heading_deg": 214.13838161846422, "slope": 0.23207600912759943, "slope_deg": 13.065683584898913 }, "geometry": { "type": "Point", "coordinates": [ 24.428437912220595, 46.436517047679935 ] } },
{ "type": "Feature", "properties": { "point_id": 1549, "lon": 24.428422788359772, "lat": 46.436501675561836, "elevation_m": 408.22015380859375, "distance_m": 4645.7496404760195, "distance_km": 4.6457496404760192, "heading_deg": 214.13838163185292, "slope": 0.0, "slope_deg": 0.0 }, "geometry": { "type": "Point", "coordinates": [ 24.428422788359772, 46.436501675561836 ] } },
{ "type": "Feature", "properties": { "point_id": 1550, "lon": 24.428407664498945, "lat": 46.436486303439402, "elevation_m": 408.22015380859375, "distance_m": 4648.7496404758513, "distance_km": 4.6487496404758515, "heading_deg": 214.13838162312572, "slope": 0.0, "slope_deg": 0.0 }, "geometry": { "type": "Point", "coordinates": [ 24.428407664498945, 46.436486303439402 ] } },
{ "type": "Feature", "properties": { "point_id": 1551, "lon": 24.428392540638118, "lat": 46.436470931312634, "elevation_m": 408.22015380859375, "distance_m": 4651.749640475683, "distance_km": 4.6517496404756828, "heading_deg": 214.13838161430834, "slope": 0.0, "slope_deg": 0.0 }, "geometry": { "type": "Point", "coordinates": [ 24.428392540638118, 46.436470931312634 ] } },
{ "type": "Feature", "properties": { "point_id": 1552, "lon": 24.428377416777295, "lat": 46.436455559181518, "elevation_m": 408.22015380859375, "distance_m": 4654.749640476025, "distance_km": 4.6547496404760249, "heading_deg": 214.13838163320403, "slope": 0.0, "slope_deg": 0.0 }, "geometry": { "type": "Point", "coordinates": [ 24.428377416777295, 46.436455559181518 ] } },
{ "type": "Feature", "properties": { "point_id": 1553, "lon": 24.428362292916468, "lat": 46.436440187046081, "elevation_m": 408.22015380859375, "distance_m": 4657.7496404758567, "distance_km": 4.6577496404758572, "heading_deg": 214.13838160786784, "slope": 0.0, "slope_deg": 0.0 }, "geometry": { "type": "Point", "coordinates": [ 24.428362292916468, 46.436440187046081 ] } },
{ "type": "Feature", "properties": { "point_id": 1554, "lon": 24.428347169055645, "lat": 46.436424814906296, "elevation_m": 408.22015380859375, "distance_m": 4660.7496404754274, "distance_km": 4.6607496404754274, "heading_deg": 214.13838161024469, "slope": 0.0, "slope_deg": 0.0 }, "geometry": { "type": "Point", "coordinates": [ 24.428347169055645, 46.436424814906296 ] } },
{ "type": "Feature", "properties": { "point_id": 1555, "lon": 24.428332045194818, "lat": 46.436409442762169, "elevation_m": 408.22015380859375, "distance_m": 4663.7496404760304, "distance_km": 4.6637496404760306, "heading_deg": 214.1383816401538, "slope": 0.0, "slope_deg": 0.0 }, "geometry": { "type": "Point", "coordinates": [ 24.428332045194818, 46.436409442762169 ] } },
{ "type": "Feature", "properties": { "point_id": 1556, "lon": 24.428316921333987, "lat": 46.436394070613723, "elevation_m": 408.22015380859375, "distance_m": 4666.7496404758622, "distance_km": 4.6667496404758619, "heading_deg": 214.13838162023421, "slope": 0.0, "slope_deg": 0.0 }, "geometry": { "type": "Point", "coordinates": [ 24.428316921333987, 46.436394070613723 ] } },
{ "type": "Feature", "properties": { "point_id": 1557, "lon": 24.428301797473164, "lat": 46.436378698460928, "elevation_m": 408.22015380859375, "distance_m": 4669.7496404762041, "distance_km": 4.669749640476204, "heading_deg": 214.13838162252128, "slope": 0.0, "slope_deg": 0.0 }, "geometry": { "type": "Point", "coordinates": [ 24.428301797473164, 46.436378698460928 ] } },
{ "type": "Feature", "properties": { "point_id": 1558, "lon": 24.428286673612341, "lat": 46.436363326303805, "elevation_m": 408.22015380859375, "distance_m": 4672.7496404760359, "distance_km": 4.6727496404760362, "heading_deg": 214.13838162480855, "slope": 0.0, "slope_deg": 0.0 }, "geometry": { "type": "Point", "coordinates": [ 24.428286673612341, 46.436363326303805 ] } },
{ "type": "Feature", "properties": { "point_id": 1559, "lon": 24.428271549751518, "lat": 46.436347954142349, "elevation_m": 408.22015380859375, "distance_m": 4675.7496404756066, "distance_km": 4.6757496404756065, "heading_deg": 214.13838162168, "slope": 0.0, "slope_deg": 0.0 }, "geometry": { "type": "Point", "coordinates": [ 24.428271549751518, 46.436347954142349 ] } },
{ "type": "Feature", "properties": { "point_id": 1560, "lon": 24.428256425890691, "lat": 46.436332581976544, "elevation_m": 408.22015380859375, "distance_m": 4678.7496404762096, "distance_km": 4.6787496404762097, "heading_deg": 214.13838163507089, "slope": 0.0, "slope_deg": 0.0 }, "geometry": { "type": "Point", "coordinates": [ 24.428256425890691, 46.436332581976544 ] } },
{ "type": "Feature", "properties": { "point_id": 1561, "lon": 24.428241302029864, "lat": 46.436317209806404, "elevation_m": 408.22015380859375, "distance_m": 4681.7496404760413, "distance_km": 4.681749640476041, "heading_deg": 214.13838162616514, "slope": 0.0, "slope_deg": 0.0 }, "geometry": { "type": "Point", "coordinates": [ 24.428241302029864, 46.436317209806404 ] } },
{ "type": "Feature", "properties": { "point_id": 1562, "lon": 24.428226178169041, "lat": 46.436301837631937, "elevation_m": 408.22015380859375, "distance_m": 4684.7496404756121, "distance_km": 4.6847496404756122, "heading_deg": 214.1383816120244, "slope": 0.0, "slope_deg": 0.0 }, "geometry": { "type": "Point", "coordinates": [ 24.428226178169041, 46.436301837631937 ] } },
{ "type": "Feature", "properties": { "point_id": 1563, "lon": 24.428211054308214, "lat": 46.436286465453122, "elevation_m": 408.22015380859375, "distance_m": 4687.7496404762151, "distance_km": 4.6877496404762153, "heading_deg": 214.13838162532548, "slope": 0.0, "slope_deg": 0.0 }, "geometry": { "type": "Point", "coordinates": [ 24.428211054308214, 46.436286465453122 ] } },
{ "type": "Feature", "properties": { "point_id": 1564, "lon": 24.428195930447387, "lat": 46.43627109326998, "elevation_m": 408.22015380859375, "distance_m": 4690.7496404760468, "distance_km": 4.6907496404760467, "heading_deg": 214.13838160549798, "slope": 0.0, "slope_deg": 0.0 }, "geometry": { "type": "Point", "coordinates": [ 24.428195930447387, 46.43627109326998 ] } },
{ "type": "Feature", "properties": { "point_id": 1565, "lon": 24.428180806586564, "lat": 46.436255721082496, "elevation_m": 407.62258911132812, "distance_m": 4693.7496404756175, "distance_km": 4.6937496404756178, "heading_deg": 214.13838164091541, "slope": -0.19918823245037762, "slope_deg": -11.265203524989099 }, "geometry": { "type": "Point", "coordinates": [ 24.428180806586564, 46.436255721082496 ] } },
{ "type": "Feature", "properties": { "point_id": 1566, "lon": 24.428165682725737, "lat": 46.436240348890685, "elevation_m": 408.06460571289062, "distance_m": 4696.7496404762205, "distance_km": 4.6967496404762201, "heading_deg": 214.13838161558189, "slope": 0.14733886715788513, "slope_deg": 8.3815911532089267 }, "geometry": { "type": "Point", "coordinates": [ 24.428165682725737, 46.436240348890685 ] } },
{ "type": "Feature", "properties": { "point_id": 1567, "lon": 24.428150558864914, "lat": 46.436224976694525, "elevation_m": 408.06460571289062, "distance_m": 4699.7496404757912, "distance_km": 4.6997496404757912, "heading_deg": 214.13838163457098, "slope": 0.0, "slope_deg": 0.0 }, "geometry": { "type": "Point", "coordinates": [ 24.428150558864914, 46.436224976694525 ] } },
{ "type": "Feature", "properties": { "point_id": 1568, "lon": 24.428135435004084, "lat": 46.436209604494039, "elevation_m": 408.06460571289062, "distance_m": 4702.749640475623, "distance_km": 4.7027496404756226, "heading_deg": 214.13838162025067, "slope": 0.0, "slope_deg": 0.0 }, "geometry": { "type": "Point", "coordinates": [ 24.428135435004084, 46.436209604494039 ] } },
{ "type": "Feature", "properties": { "point_id": 1569, "lon": 24.428120311143257, "lat": 46.436194232289211, "elevation_m": 408.06460571289062, "distance_m": 4705.749640476226, "distance_km": 4.7057496404762258, "heading_deg": 214.13838162795611, "slope": 0.0, "slope_deg": 0.0 }, "geometry": { "type": "Point", "coordinates": [ 24.428120311143257, 46.436194232289211 ] } },
{ "type": "Feature", "properties": { "point_id": 1570, "lon": 24.428105187282434, "lat": 46.436178860080048, "elevation_m": 408.06460571289062, "distance_m": 4708.7496404757967, "distance_km": 4.7087496404757969, "heading_deg": 214.13838162482983, "slope": 0.0, "slope_deg": 0.0 }, "geometry": { "type": "Point", "coordinates": [ 24.428105187282434, 46.436178860080048 ] } },
{ "type": "Feature", "properties": { "point_id": 1571, "lon": 24.428090063421607, "lat": 46.436163487866544, "elevation_m": 408.06460571289062, "distance_m": 4711.7496404756284, "distance_km": 4.7117496404756283, "heading_deg": 214.13838161601652, "slope": 0.0, "slope_deg": 0.0 }, "geometry": { "type": "Point", "coordinates": [ 24.428090063421607, 46.436163487866544 ] } },
{ "type": "Feature", "properties": { "point_id": 1572, "lon": 24.428074939560783, "lat": 46.436148115648706, "elevation_m": 408.06460571289062, "distance_m": 4714.7496404759704, "distance_km": 4.7147496404759703, "heading_deg": 214.13838164592894, "slope": 0.0, "slope_deg": 0.0 }, "geometry": { "type": "Point", "coordinates": [ 24.428074939560783, 46.436148115648706 ] } },
{ "type": "Feature", "properties": { "point_id": 1573, "lon": 24.428059815699957, "lat": 46.436132743426541, "elevation_m": 408.06460571289062, "distance_m": 4717.7496404758022, "distance_km": 4.7177496404758026, "heading_deg": 214.13838160958414, "slope": 0.0, "slope_deg": 0.0 }, "geometry": { "type": "Point", "coordinates": [ 24.428059815699957, 46.436132743426541 ] } },
{ "type": "Feature", "properties": { "point_id": 1574, "lon": 24.428044691839133, "lat": 46.436117371200034, "elevation_m": 408.06460571289062, "distance_m": 4720.7496404756339, "distance_km": 4.7207496404756339, "heading_deg": 214.13838161738101, "slope": 0.0, "slope_deg": 0.0 }, "geometry": { "type": "Point", "coordinates": [ 24.428044691839133, 46.436117371200034 ] } },
{ "type": "Feature", "properties": { "point_id": 1575, "lon": 24.42802956797831, "lat": 46.436101998969178, "elevation_m": 408.06460571289062, "distance_m": 4723.7496404759759, "distance_km": 4.723749640475976, "heading_deg": 214.13838163077489, "slope": 0.0, "slope_deg": 0.0 }, "geometry": { "type": "Point", "coordinates": [ 24.42802956797831, 46.436101998969178 ] } },
{ "type": "Feature", "properties": { "point_id": 1576, "lon": 24.428014444117483, "lat": 46.436086626734003, "elevation_m": 408.06460571289062, "distance_m": 4726.7496404758076, "distance_km": 4.7267496404758074, "heading_deg": 214.13838160544344, "slope": 0.0, "slope_deg": 0.0 }, "geometry": { "type": "Point", "coordinates": [ 24.428014444117483, 46.436086626734003 ] } },
{ "type": "Feature", "properties": { "point_id": 1577, "lon": 24.42799932025666, "lat": 46.436071254494479, "elevation_m": 408.06460571289062, "distance_m": 4729.7496404761496, "distance_km": 4.7297496404761494, "heading_deg": 214.13838162443454, "slope": 0.0, "slope_deg": 0.0 }, "geometry": { "type": "Point", "coordinates": [ 24.42799932025666, 46.436071254494479 ] } },
{ "type": "Feature", "properties": { "point_id": 1578, "lon": 24.427984196395833, "lat": 46.436055882250621, "elevation_m": 408.06460571289062, "distance_m": 4732.7496404759813, "distance_km": 4.7327496404759817, "heading_deg": 214.13838164875133, "slope": 0.0, "slope_deg": 0.0 }, "geometry": { "type": "Point", "coordinates": [ 24.427984196395833, 46.436055882250621 ] } },
{ "type": "Feature", "properties": { "point_id": 1579, "lon": 24.427969072535003, "lat": 46.436040510002435, "elevation_m": 408.06460571289062, "distance_m": 4735.7496404758131, "distance_km": 4.735749640475813, "heading_deg": 214.13838160672051, "slope": 0.0, "slope_deg": 0.0 }, "geometry": { "type": "Point", "coordinates": [ 24.427969072535003, 46.436040510002435 ] } },
{ "type": "Feature", "properties": { "point_id": 1580, "lon": 24.427953948674183, "lat": 46.436025137749901, "elevation_m": 408.06460571289062, "distance_m": 4738.749640476155, "distance_km": 4.7387496404761551, "heading_deg": 214.13838163130904, "slope": 0.0, "slope_deg": 0.0 }, "geometry": { "type": "Point", "coordinates": [ 24.427953948674183, 46.436025137749901 ] } },
{ "type": "Feature", "properties": { "point_id": 1581, "lon": 24.427938824813353, "lat": 46.43600976549304, "elevation_m": 408.06460571289062, "distance_m": 4741.7496404759868, "distance_km": 4.7417496404759865, "heading_deg": 214.13838163342004, "slope": 0.0, "slope_deg": 0.0 }, "geometry": { "type": "Point", "coordinates": [ 24.427938824813353, 46.43600976549304 ] } },
{ "type": "Feature", "properties": { "point_id": 1582, "lon": 24.42792370095253, "lat": 46.435994393231844, "elevation_m": 408.06460571289062, "distance_m": 4744.7496404755575, "distance_km": 4.7447496404755576, "heading_deg": 214.13838161928348, "slope": 0.0, "slope_deg": 0.0 }, "geometry": { "type": "Point", "coordinates": [ 24.42792370095253, 46.435994393231844 ] } },
{ "type": "Feature", "properties": { "point_id": 1583, "lon": 24.427908577091703, "lat": 46.4359790209663, "elevation_m": 408.104248046875, "distance_m": 4747.7496404761605, "distance_km": 4.7477496404761608, "heading_deg": 214.13838163809487, "slope": 0.013214111325468986, "slope_deg": 0.7570687464014203 }, "geometry": { "type": "Point", "coordinates": [ 24.427908577091703, 46.4359790209663 ] } },
{ "type": "Feature", "properties": { "point_id": 1584, "lon": 24.427893453230876, "lat": 46.435963648696436, "elevation_m": 408.35934448242188, "distance_m": 4750.7496404759922, "distance_km": 4.7507496404759921, "heading_deg": 214.13838160725874, "slope": 0.085032145187060731, "slope_deg": 4.860291486189932 }, "geometry": { "type": "Point", "coordinates": [ 24.427893453230876, 46.435963648696436 ] } },
{ "type": "Feature", "properties": { "point_id": 1585, "lon": 24.427878329370053, "lat": 46.435948276422216, "elevation_m": 408.35934448242188, "distance_m": 4753.749640475563, "distance_km": 4.7537496404755633, "heading_deg": 214.13838162616099, "slope": 0.0, "slope_deg": 0.0 }, "geometry": { "type": "Point", "coordinates": [ 24.427878329370053, 46.435948276422216 ] } },
{ "type": "Feature", "properties": { "point_id": 1586, "lon": 24.427863205509226, "lat": 46.435932904143669, "elevation_m": 408.35934448242188, "distance_m": 4756.749640476166, "distance_km": 4.7567496404761656, "heading_deg": 214.13838161744115, "slope": 0.0, "slope_deg": 0.0 }, "geometry": { "type": "Point", "coordinates": [ 24.427863205509226, 46.435932904143669 ] } },
{ "type": "Feature", "properties": { "point_id": 1587, "lon": 24.427848081648399, "lat": 46.435917531860788, "elevation_m": 408.35934448242188, "distance_m": 4759.7496404759977, "distance_km": 4.7597496404759978, "heading_deg": 214.13838163065654, "slope": 0.0, "slope_deg": 0.0 }, "geometry": { "type": "Point", "coordinates": [ 24.427848081648399, 46.435917531860788 ] } },
{ "type": "Feature", "properties": { "point_id": 1588, "lon": 24.427832957787576, "lat": 46.435902159573573, "elevation_m": 408.35934448242188, "distance_m": 4762.7496404755684, "distance_km": 4.762749640475568, "heading_deg": 214.13838161101486, "slope": 0.0, "slope_deg": 0.0 }, "geometry": { "type": "Point", "coordinates": [ 24.427832957787576, 46.435902159573573 ] } },
{ "type": "Feature", "properties": { "point_id": 1589, "lon": 24.427817833926749, "lat": 46.435886787282008, "elevation_m": 408.35934448242188, "distance_m": 4765.7496404761714, "distance_km": 4.7657496404761712, "heading_deg": 214.13838161872428, "slope": 0.0, "slope_deg": 0.0 }, "geometry": { "type": "Point", "coordinates": [ 24.427817833926749, 46.435886787282008 ] } },
{ "type": "Feature", "properties": { "point_id": 1590, "lon": 24.427802710065926, "lat": 46.435871414986117, "elevation_m": 408.35934448242188, "distance_m": 4768.7496404757421, "distance_km": 4.7687496404757423, "heading_deg": 214.13838162652434, "slope": 0.0, "slope_deg": 0.0 }, "geometry": { "type": "Point", "coordinates": [ 24.427802710065926, 46.435871414986117 ] } },
{ "type": "Feature", "properties": { "point_id": 1591, "lon": 24.427787586205103, "lat": 46.435856042685892, "elevation_m": 408.35934448242188, "distance_m": 4771.7496404755739, "distance_km": 4.7717496404755737, "heading_deg": 214.13838162358326, "slope": 0.0, "slope_deg": 0.0 }, "geometry": { "type": "Point", "coordinates": [ 24.427787586205103, 46.435856042685892 ] } },
{ "type": "Feature", "properties": { "point_id": 1592, "lon": 24.427772462344272, "lat": 46.435840670381324, "elevation_m": 408.35934448242188, "distance_m": 4774.7496404761769, "distance_km": 4.7747496404761769, "heading_deg": 214.13838162560603, "slope": 0.0, "slope_deg": 0.0 }, "geometry": { "type": "Point", "coordinates": [ 24.427772462344272, 46.435840670381324 ] } },
{ "type": "Feature", "properties": { "point_id": 1593, "lon": 24.427757338483449, "lat": 46.435825298072423, "elevation_m": 408.35934448242188, "distance_m": 4777.7496404757476, "distance_km": 4.777749640475748, "heading_deg": 214.13838163900348, "slope": 0.0, "slope_deg": 0.0 }, "geometry": { "type": "Point", "coordinates": [ 24.427757338483449, 46.435825298072423 ] } },
{ "type": "Feature", "properties": { "point_id": 1594, "lon": 24.427742214622622, "lat": 46.435809925759187, "elevation_m": 408.35934448242188, "distance_m": 4780.7496404755793, "distance_km": 4.7807496404755794, "heading_deg": 214.13838161918213, "slope": 0.0, "slope_deg": 0.0 }, "geometry": { "type": "Point", "coordinates": [ 24.427742214622622, 46.435809925759187 ] } },
{ "type": "Feature", "properties": { "point_id": 1595, "lon": 24.427727090761799, "lat": 46.43579455344161, "elevation_m": 408.35934448242188, "distance_m": 4783.7496404759213, "distance_km": 4.7837496404759214, "heading_deg": 214.13838162707367, "slope": 0.0, "slope_deg": 0.0 }, "geometry": { "type": "Point", "coordinates": [ 24.427727090761799, 46.43579455344161 ] } },
{ "type": "Feature", "properties": { "point_id": 1596, "lon": 24.427711966900972, "lat": 46.435779181119706, "elevation_m": 408.35934448242188, "distance_m": 4786.749640475753, "distance_km": 4.7867496404757528, "heading_deg": 214.13838161284954, "slope": 0.0, "slope_deg": 0.0 }, "geometry": { "type": "Point", "coordinates": [ 24.427711966900972, 46.435779181119706 ] } },
{ "type": "Feature", "properties": { "point_id": 1597, "lon": 24.427696843040145, "lat": 46.435763808793453, "elevation_m": 408.35934448242188, "distance_m": 4789.749640476356, "distance_km": 4.789749640476356, "heading_deg": 214.13838163157322, "slope": 0.0, "slope_deg": 0.0 }, "geometry": { "type": "Point", "coordinates": [ 24.427696843040145, 46.435763808793453 ] } },
{ "type": "Feature", "properties": { "point_id": 1598, "lon": 24.427681719179322, "lat": 46.435748436462873, "elevation_m": 408.35934448242188, "distance_m": 4792.7496404759268, "distance_km": 4.7927496404759271, "heading_deg": 214.13838163946536, "slope": 0.0, "slope_deg": 0.0 }, "geometry": { "type": "Point", "coordinates": [ 24.427681719179322, 46.435748436462873 ] } },
{ "type": "Feature", "properties": { "point_id": 1599, "lon": 24.427666595318495, "lat": 46.435733064127959, "elevation_m": 408.35934448242188, "distance_m": 4795.7496404757585, "distance_km": 4.7957496404757585, "heading_deg": 214.13838162515137, "slope": 0.0, "slope_deg": 0.0 }, "geometry": { "type": "Point", "coordinates": [ 24.427666595318495, 46.435733064127959 ] } },
{ "type": "Feature", "properties": { "point_id": 1600, "lon": 24.427651471457672, "lat": 46.435717691788703, "elevation_m": 408.35934448242188, "distance_m": 4798.7496404761005, "distance_km": 4.7987496404761005, "heading_deg": 214.1383816165249, "slope": 0.0, "slope_deg": 0.0 }, "geometry": { "type": "Point", "coordinates": [ 24.427651471457672, 46.435717691788703 ] } },
{ "type": "Feature", "properties": { "point_id": 1601, "lon": 24.427636347596845, "lat": 46.435702319445106, "elevation_m": 407.80410766601562, "distance_m": 4801.7496404759322, "distance_km": 4.8017496404759319, "heading_deg": 214.13838164093664, "slope": -0.18507893881246357, "slope_deg": -10.485591270792343 }, "geometry": { "type": "Point", "coordinates": [ 24.427636347596845, 46.435702319445106 ] } },
{ "type": "Feature", "properties": { "point_id": 1602, "lon": 24.427621223736015, "lat": 46.435686947097182, "elevation_m": 407.97366333007812, "distance_m": 4804.749640475764, "distance_km": 4.8047496404757641, "heading_deg": 214.13838158789801, "slope": 0.056518554690669874, "slope_deg": 3.2348331838272011 }, "geometry": { "type": "Point", "coordinates": [ 24.427621223736015, 46.435686947097182 ] } },
{ "type": "Feature", "properties": { "point_id": 1603, "lon": 24.427606099875195, "lat": 46.435671574744909, "elevation_m": 407.97366333007812, "distance_m": 4807.7496404761059, "distance_km": 4.8077496404761062, "heading_deg": 214.13838162891963, "slope": 0.0, "slope_deg": 0.0 }, "geometry": { "type": "Point", "coordinates": [ 24.427606099875195, 46.435671574744909 ] } },
{ "type": "Feature", "properties": { "point_id": 1604, "lon": 24.427590976014368, "lat": 46.435656202388301, "elevation_m": 407.97366333007812, "distance_m": 4810.7496404759377, "distance_km": 4.8107496404759376, "heading_deg": 214.13838163672247, "slope": 0.0, "slope_deg": 0.0 }, "geometry": { "type": "Point", "coordinates": [ 24.427590976014368, 46.435656202388301 ] } },
{ "type": "Feature", "properties": { "point_id": 1605, "lon": 24.427575852153542, "lat": 46.435640830027374, "elevation_m": 407.97366333007812, "distance_m": 4813.7496404757694, "distance_km": 4.8137496404757698, "heading_deg": 214.13838160038443, "slope": 0.0, "slope_deg": 0.0 }, "geometry": { "type": "Point", "coordinates": [ 24.427575852153542, 46.435640830027374 ] } },
{ "type": "Feature", "properties": { "point_id": 1606, "lon": 24.427560728292718, "lat": 46.435625457662091, "elevation_m": 407.97366333007812, "distance_m": 4816.7496404761114, "distance_km": 4.816749640476111, "heading_deg": 214.13838163590029, "slope": 0.0, "slope_deg": 0.0 }, "geometry": { "type": "Point", "coordinates": [ 24.427560728292718, 46.435625457662091 ] } },
{ "type": "Feature", "properties": { "point_id": 1607, "lon": 24.427545604431891, "lat": 46.435610085292481, "elevation_m": 407.97366333007812, "distance_m": 4819.7496404759431, "distance_km": 4.8197496404759432, "heading_deg": 214.13838163251015, "slope": 0.0, "slope_deg": 0.0 }, "geometry": { "type": "Point", "coordinates": [ 24.427545604431891, 46.435610085292481 ] } },
{ "type": "Feature", "properties": { "point_id": 1608, "lon": 24.427530480571068, "lat": 46.435594712918537, "elevation_m": 407.97366333007812, "distance_m": 4822.7496404755138, "distance_km": 4.8227496404755135, "heading_deg": 214.13838160736631, "slope": 0.0, "slope_deg": 0.0 }, "geometry": { "type": "Point", "coordinates": [ 24.427530480571068, 46.435594712918537 ] } },
{ "type": "Feature", "properties": { "point_id": 1609, "lon": 24.427515356710241, "lat": 46.435579340540244, "elevation_m": 407.97366333007812, "distance_m": 4825.7496404761168, "distance_km": 4.8257496404761167, "heading_deg": 214.13838163168916, "slope": 0.0, "slope_deg": 0.0 }, "geometry": { "type": "Point", "coordinates": [ 24.427515356710241, 46.435579340540244 ] } },
{ "type": "Feature", "properties": { "point_id": 1610, "lon": 24.427500232849415, "lat": 46.435563968157631, "elevation_m": 407.97366333007812, "distance_m": 4828.7496404759486, "distance_km": 4.8287496404759489, "heading_deg": 214.13838162288374, "slope": 0.0, "slope_deg": 0.0 }, "geometry": { "type": "Point", "coordinates": [ 24.427500232849415, 46.435563968157631 ] } },
{ "type": "Feature", "properties": { "point_id": 1611, "lon": 24.427485108988591, "lat": 46.435548595770676, "elevation_m": 407.97366333007812, "distance_m": 4831.7496404755193, "distance_km": 4.8317496404755191, "heading_deg": 214.13838161425954, "slope": 0.0, "slope_deg": 0.0 }, "geometry": { "type": "Point", "coordinates": [ 24.427485108988591, 46.435548595770676 ] } },
{ "type": "Feature", "properties": { "point_id": 1612, "lon": 24.427469985127765, "lat": 46.43553322337938, "elevation_m": 407.97366333007812, "distance_m": 4834.7496404761223, "distance_km": 4.8347496404761223, "heading_deg": 214.13838162747982, "slope": 0.0, "slope_deg": 0.0 }, "geometry": { "type": "Point", "coordinates": [ 24.427469985127765, 46.43553322337938 ] } },
{ "type": "Feature", "properties": { "point_id": 1613, "lon": 24.427454861266941, "lat": 46.43551785098375, "elevation_m": 407.97366333007812, "distance_m": 4837.749640475693, "distance_km": 4.8377496404756934, "heading_deg": 214.13838162986866, "slope": 0.0, "slope_deg": 0.0 }, "geometry": { "type": "Point", "coordinates": [ 24.427454861266941, 46.43551785098375 ] } },
{ "type": "Feature", "properties": { "point_id": 1614, "lon": 24.427439737406115, "lat": 46.435502478583786, "elevation_m": 407.97366333007812, "distance_m": 4840.7496404755248, "distance_km": 4.8407496404755248, "heading_deg": 214.13838162124506, "slope": 0.0, "slope_deg": 0.0 }, "geometry": { "type": "Point", "coordinates": [ 24.427439737406115, 46.435502478583786 ] } },
{ "type": "Feature", "properties": { "point_id": 1615, "lon": 24.427424613545284, "lat": 46.43548710617948, "elevation_m": 407.97366333007812, "distance_m": 4843.7496404761278, "distance_km": 4.843749640476128, "heading_deg": 214.13838161235017, "slope": 0.0, "slope_deg": 0.0 }, "geometry": { "type": "Point", "coordinates": [ 24.427424613545284, 46.43548710617948 ] } },
{ "type": "Feature", "properties": { "point_id": 1616, "lon": 24.427409489684461, "lat": 46.435471733770839, "elevation_m": 407.97366333007812, "distance_m": 4846.7496404756985, "distance_km": 4.8467496404756982, "heading_deg": 214.13838162024595, "slope": 0.0, "slope_deg": 0.0 }, "geometry": { "type": "Point", "coordinates": [ 24.427409489684461, 46.435471733770839 ] } },
{ "type": "Feature", "properties": { "point_id": 1617, "lon": 24.427394365823634, "lat": 46.435456361357865, "elevation_m": 407.97366333007812, "distance_m": 4849.7496404763015, "distance_km": 4.8497496404763014, "heading_deg": 214.1383816224546, "slope": 0.0, "slope_deg": 0.0 }, "geometry": { "type": "Point", "coordinates": [ 24.427394365823634, 46.435456361357865 ] } },
{ "type": "Feature", "properties": { "point_id": 1618, "lon": 24.427379241962811, "lat": 46.435440988940549, "elevation_m": 407.97366333007812, "distance_m": 4852.7496404758722, "distance_km": 4.8527496404758725, "heading_deg": 214.13838162484444, "slope": 0.0, "slope_deg": 0.0 }, "geometry": { "type": "Point", "coordinates": [ 24.427379241962811, 46.435440988940549 ] } },
{ "type": "Feature", "properties": { "point_id": 1619, "lon": 24.427364118101984, "lat": 46.435425616518906, "elevation_m": 407.97366333007812, "distance_m": 4855.7496404757039, "distance_km": 4.8557496404757039, "heading_deg": 214.13838161053457, "slope": 0.0, "slope_deg": 0.0 }, "geometry": { "type": "Point", "coordinates": [ 24.427364118101984, 46.435425616518906 ] } },
{ "type": "Feature", "properties": { "point_id": 1620, "lon": 24.427348994241161, "lat": 46.435410244092914, "elevation_m": 408.10659790039062, "distance_m": 4858.7496404763069, "distance_km": 4.8587496404763071, "heading_deg": 214.13838164596265, "slope": 0.044311523428593458, "slope_deg": 2.5372035357511282 }, "geometry": { "type": "Point", "coordinates": [ 24.427348994241161, 46.435410244092914 ] } },
{ "type": "Feature", "properties": { "point_id": 1621, "lon": 24.427333870380334, "lat": 46.435394871662602, "elevation_m": 408.10659790039062, "distance_m": 4861.7496404758776, "distance_km": 4.8617496404758773, "heading_deg": 214.13838162064059, "slope": 0.0, "slope_deg": 0.0 }, "geometry": { "type": "Point", "coordinates": [ 24.427333870380334, 46.435394871662602 ] } },
{ "type": "Feature", "properties": { "point_id": 1622, "lon": 24.427318746519511, "lat": 46.435379499227942, "elevation_m": 408.10659790039062, "distance_m": 4864.7496404757094, "distance_km": 4.8647496404757096, "heading_deg": 214.13838162312175, "slope": 0.0, "slope_deg": 0.0 }, "geometry": { "type": "Point", "coordinates": [ 24.427318746519511, 46.435379499227942 ] } },
{ "type": "Feature", "properties": { "point_id": 1623, "lon": 24.427303622658684, "lat": 46.435364126788947, "elevation_m": 408.10659790039062, "distance_m": 4867.7496404763124, "distance_km": 4.8677496404763128, "heading_deg": 214.13838163625371, "slope": 0.0, "slope_deg": 0.0 }, "geometry": { "type": "Point", "coordinates": [ 24.427303622658684, 46.435364126788947 ] } },
{ "type": "Feature", "properties": { "point_id": 1624, "lon": 24.427288498797861, "lat": 46.435348754345618, "elevation_m": 408.10659790039062, "distance_m": 4870.7496404758831, "distance_km": 4.870749640475883, "heading_deg": 214.13838161661957, "slope": 0.0, "slope_deg": 0.0 }, "geometry": { "type": "Point", "coordinates": [ 24.427288498797861, 46.435348754345618 ] } },
{ "type": "Feature", "properties": { "point_id": 1625, "lon": 24.427273374937034, "lat": 46.435333381897955, "elevation_m": 408.10659790039062, "distance_m": 4873.7496404757148, "distance_km": 4.8737496404757152, "heading_deg": 214.13838161882981, "slope": 0.0, "slope_deg": 0.0 }, "geometry": { "type": "Point", "coordinates": [ 24.427273374937034, 46.435333381897955 ] } },
{ "type": "Feature", "properties": { "point_id": 1626, "lon": 24.427258251076211, "lat": 46.435318009445943, "elevation_m": 408.10659790039062, "distance_m": 4876.7496404760568, "distance_km": 4.8767496404760564, "heading_deg": 214.13718083522355, "slope": 0.0, "slope_deg": 0.0 }, "geometry": { "type": "Point", "coordinates": [ 24.427258251076211, 46.435318009445943 ] } },
{ "type": "Feature", "properties": { "point_id": 1627, "lon": 24.427243127682868, "lat": 46.435302636771169, "elevation_m": 408.10659790039062, "distance_m": 4879.7496404758867, "distance_km": 4.8797496404758869, "heading_deg": 214.13681232669217, "slope": 0.0, "slope_deg": 0.0 }, "geometry": { "type": "Point", "coordinates": [ 24.427243127682868, 46.435302636771169 ] } },
{ "type": "Feature", "properties": { "point_id": 1628, "lon": 24.427228004432976, "lat": 46.435287264025021, "elevation_m": 408.10659790039062, "distance_m": 4882.7496404758203, "distance_km": 4.8827496404758204, "heading_deg": 214.13681236249036, "slope": 0.0, "slope_deg": 0.0 }, "geometry": { "type": "Point", "coordinates": [ 24.427228004432976, 46.435287264025021 ] } },
{ "type": "Feature", "properties": { "point_id": 1629, "lon": 24.427212881183081, "lat": 46.435271891274539, "elevation_m": 408.10659790039062, "distance_m": 4885.7496404757539, "distance_km": 4.8857496404757539, "heading_deg": 214.13681234277382, "slope": 0.0, "slope_deg": 0.0 }, "geometry": { "type": "Point", "coordinates": [ 24.427212881183081, 46.435271891274539 ] } },
{ "type": "Feature", "properties": { "point_id": 1630, "lon": 24.427197757933197, "lat": 46.435256518519722, "elevation_m": 408.10659790039062, "distance_m": 4888.7496404754256, "distance_km": 4.8887496404754254, "heading_deg": 214.13681236205423, "slope": 0.0, "slope_deg": 0.0 }, "geometry": { "type": "Point", "coordinates": [ 24.427197757933197, 46.435256518519722 ] } },
{ "type": "Feature", "properties": { "point_id": 1631, "lon": 24.427182634683302, "lat": 46.435241145760571, "elevation_m": 408.10659790039062, "distance_m": 4891.7496404753592, "distance_km": 4.8917496404753589, "heading_deg": 214.13681234261063, "slope": 0.0, "slope_deg": 0.0 }, "geometry": { "type": "Point", "coordinates": [ 24.427182634683302, 46.435241145760571 ] } },
{ "type": "Feature", "properties": { "point_id": 1632, "lon": 24.42716751143341, "lat": 46.435225772997072, "elevation_m": 408.10659790039062, "distance_m": 4894.7496404760632, "distance_km": 4.8947496404760633, "heading_deg": 214.13681235611281, "slope": 0.0, "slope_deg": 0.0 }, "geometry": { "type": "Point", "coordinates": [ 24.42716751143341, 46.435225772997072 ] } },
{ "type": "Feature", "properties": { "point_id": 1633, "lon": 24.427152388183519, "lat": 46.435210400229252, "elevation_m": 408.10659790039062, "distance_m": 4897.7496404757349, "distance_km": 4.8977496404757348, "heading_deg": 214.1368123477726, "slope": 0.0, "slope_deg": 0.0 }, "geometry": { "type": "Point", "coordinates": [ 24.427152388183519, 46.435210400229252 ] } },
{ "type": "Feature", "properties": { "point_id": 1634, "lon": 24.427137264933627, "lat": 46.435195027457084, "elevation_m": 408.10659790039062, "distance_m": 4900.7496404756685, "distance_km": 4.9007496404756683, "heading_deg": 214.13681235585997, "slope": 0.0, "slope_deg": 0.0 }, "geometry": { "type": "Point", "coordinates": [ 24.427137264933627, 46.435195027457084 ] } },
{ "type": "Feature", "properties": { "point_id": 1635, "lon": 24.427122141683736, "lat": 46.435179654680589, "elevation_m": 408.10659790039062, "distance_m": 4903.7496404756021, "distance_km": 4.9037496404756018, "heading_deg": 214.13681236394754, "slope": 0.0, "slope_deg": 0.0 }, "geometry": { "type": "Point", "coordinates": [ 24.427122141683736, 46.435179654680589 ] } },
{ "type": "Feature", "properties": { "point_id": 1636, "lon": 24.427107018433841, "lat": 46.435164281899752, "elevation_m": 408.10659790039062, "distance_m": 4906.7496404755357, "distance_km": 4.9067496404755353, "heading_deg": 214.13681233890807, "slope": 0.0, "slope_deg": 0.0 }, "geometry": { "type": "Point", "coordinates": [ 24.427107018433841, 46.435164281899752 ] } },
{ "type": "Feature", "properties": { "point_id": 1637, "lon": 24.427091895183953, "lat": 46.435148909114574, "elevation_m": 408.10659790039062, "distance_m": 4909.7496404759786, "distance_km": 4.9097496404759786, "heading_deg": 214.13681234699604, "slope": 0.0, "slope_deg": 0.0 }, "geometry": { "type": "Point", "coordinates": [ 24.427091895183953, 46.435148909114574 ] } },
{ "type": "Feature", "properties": { "point_id": 1638, "lon": 24.427076771934061, "lat": 46.435133536325061, "elevation_m": 408.30795288085938, "distance_m": 4912.7496404759122, "distance_km": 4.9127496404759121, "heading_deg": 214.13681236627804, "slope": 0.067118326824402066, "slope_deg": 3.8398377756575139 }, "geometry": { "type": "Point", "coordinates": [ 24.427076771934061, 46.435133536325061 ] } },
{ "type": "Feature", "properties": { "point_id": 1639, "lon": 24.427061648684166, "lat": 46.435118163531214, "elevation_m": 408.30795288085938, "distance_m": 4915.7496404758458, "distance_km": 4.9157496404758456, "heading_deg": 214.1368123522513, "slope": 0.0, "slope_deg": 0.0 }, "geometry": { "type": "Point", "coordinates": [ 24.427061648684166, 46.435118163531214 ] } },
{ "type": "Feature", "properties": { "point_id": 1640, "lon": 24.427046525434275, "lat": 46.435102790733033, "elevation_m": 408.30795288085938, "distance_m": 4918.7496404757794, "distance_km": 4.9187496404757791, "heading_deg": 214.13681236015813, "slope": 0.0, "slope_deg": 0.0 }, "geometry": { "type": "Point", "coordinates": [ 24.427046525434275, 46.435102790733033 ] } },
{ "type": "Feature", "properties": { "point_id": 1641, "lon": 24.427031402184387, "lat": 46.435087417930518, "elevation_m": 408.30795288085938, "distance_m": 4921.7496404754511, "distance_km": 4.9217496404754515, "heading_deg": 214.13681234640438, "slope": 0.0, "slope_deg": 0.0 }, "geometry": { "type": "Point", "coordinates": [ 24.427031402184387, 46.435087417930518 ] } },
{ "type": "Feature", "properties": { "point_id": 1642, "lon": 24.427016278934495, "lat": 46.435072045123661, "elevation_m": 408.30795288085938, "distance_m": 4924.7496404753847, "distance_km": 4.924749640475385, "heading_deg": 214.13681234889646, "slope": 0.0, "slope_deg": 0.0 }, "geometry": { "type": "Point", "coordinates": [ 24.427016278934495, 46.435072045123661 ] } },
{ "type": "Feature", "properties": { "point_id": 1643, "lon": 24.427001155684604, "lat": 46.435056672312463, "elevation_m": 408.30795288085938, "distance_m": 4927.7496404760886, "distance_km": 4.9277496404760885, "heading_deg": 214.13681236817942, "slope": 0.0, "slope_deg": 0.0 }, "geometry": { "type": "Point", "coordinates": [ 24.427001155684604, 46.435056672312463 ] } },
{ "type": "Feature", "properties": { "point_id": 1644, "lon": 24.426986032434709, "lat": 46.435041299496937, "elevation_m": 408.30795288085938, "distance_m": 4930.7496404760223, "distance_km": 4.930749640476022, "heading_deg": 214.13681234305074, "slope": 0.0, "slope_deg": 0.0 }, "geometry": { "type": "Point", "coordinates": [ 24.426986032434709, 46.435041299496937 ] } },
{ "type": "Feature", "properties": { "point_id": 1645, "lon": 24.426970909184821, "lat": 46.435025926677071, "elevation_m": 408.30795288085938, "distance_m": 4933.7496404756939, "distance_km": 4.9337496404756935, "heading_deg": 214.13681236224326, "slope": 0.0, "slope_deg": 0.0 }, "geometry": { "type": "Point", "coordinates": [ 24.426970909184821, 46.435025926677071 ] } },
{ "type": "Feature", "properties": { "point_id": 1646, "lon": 24.426955785934926, "lat": 46.435010553852869, "elevation_m": 408.30795288085938, "distance_m": 4936.7496404756275, "distance_km": 4.9367496404756279, "heading_deg": 214.13681234830884, "slope": 0.0, "slope_deg": 0.0 }, "geometry": { "type": "Point", "coordinates": [ 24.426955785934926, 46.435010553852869 ] } },
{ "type": "Feature", "properties": { "point_id": 1647, "lon": 24.426940662685034, "lat": 46.434995181024327, "elevation_m": 408.30795288085938, "distance_m": 4939.7496404755611, "distance_km": 4.9397496404755614, "heading_deg": 214.13681234529582, "slope": 0.0, "slope_deg": 0.0 }, "geometry": { "type": "Point", "coordinates": [ 24.426940662685034, 46.434995181024327 ] } },
{ "type": "Feature", "properties": { "point_id": 1648, "lon": 24.426925539435143, "lat": 46.43497980819145, "elevation_m": 408.30795288085938, "distance_m": 4942.7496404752328, "distance_km": 4.9427496404752329, "heading_deg": 214.13681235898289, "slope": 0.0, "slope_deg": 0.0 }, "geometry": { "type": "Point", "coordinates": [ 24.426925539435143, 46.43497980819145 ] } },
{ "type": "Feature", "properties": { "point_id": 1649, "lon": 24.426910416185251, "lat": 46.434964435354232, "elevation_m": 408.30795288085938, "distance_m": 4945.7496404759368, "distance_km": 4.9457496404759365, "heading_deg": 214.1368123725793, "slope": 0.0, "slope_deg": 0.0 }, "geometry": { "type": "Point", "coordinates": [ 24.426910416185251, 46.434964435354232 ] } },
{ "type": "Feature", "properties": { "point_id": 1650, "lon": 24.42689529293536, "lat": 46.434949062512693, "elevation_m": 408.30795288085938, "distance_m": 4948.7496404758704, "distance_km": 4.94874964047587, "heading_deg": 214.13681233111549, "slope": 0.0, "slope_deg": 0.0 }, "geometry": { "type": "Point", "coordinates": [ 24.42689529293536, 46.434949062512693 ] } },
{ "type": "Feature", "properties": { "point_id": 1651, "lon": 24.426880169685464, "lat": 46.434933689666799, "elevation_m": 408.30795288085938, "distance_m": 4951.749640475804, "distance_km": 4.9517496404758043, "heading_deg": 214.30196413550587, "slope": 0.0, "slope_deg": 0.0 }, "geometry": { "type": "Point", "coordinates": [ 24.426880169685464, 46.434933689666799 ] } },
{ "type": "Feature", "properties": { "point_id": 1652, "lon": 24.426864982260955, "lat": 46.434918346981974, "elevation_m": 408.30795288085938, "distance_m": 4954.7496289397232, "distance_km": 4.954749628939723, "heading_deg": 214.45483750927886, "slope": 0.0, "slope_deg": 0.0 }, "geometry": { "type": "Point", "coordinates": [ 24.426864982260955, 46.434918346981974 ] } },
{ "type": "Feature", "properties": { "point_id": 1653, "lon": 24.426849735432931, "lat": 46.434903032215551, "elevation_m": 408.30795288085938, "distance_m": 4957.7496289396313, "distance_km": 4.9577496289396317, "heading_deg": 214.45483751028058, "slope": 0.0, "slope_deg": 0.0 }, "geometry": { "type": "Point", "coordinates": [ 24.426849735432931, 46.434903032215551 ] } },
{ "type": "Feature", "properties": { "point_id": 1654, "lon": 24.426834488604911, "lat": 46.43488771744483, "elevation_m": 408.30795288085938, "distance_m": 4960.7496289392766, "distance_km": 4.9607496289392765, "heading_deg": 214.45483752800979, "slope": 0.0, "slope_deg": 0.0 }, "geometry": { "type": "Point", "coordinates": [ 24.426834488604911, 46.43488771744483 ] } },
{ "type": "Feature", "properties": { "point_id": 1655, "lon": 24.426819241776887, "lat": 46.434872402669804, "elevation_m": 408.30795288085938, "distance_m": 4963.7496289391847, "distance_km": 4.9637496289391851, "heading_deg": 214.45483752901194, "slope": 0.0, "slope_deg": 0.0 }, "geometry": { "type": "Point", "coordinates": [ 24.426819241776887, 46.434872402669804 ] } },
{ "type": "Feature", "properties": { "point_id": 1656, "lon": 24.426803994948862, "lat": 46.434857087890471, "elevation_m": 408.3017578125, "distance_m": 4966.7496289398614, "distance_km": 4.9667496289398612, "heading_deg": 214.45483750783492, "slope": -0.0020650227859925576, "slope_deg": -0.11831692205554135 }, "geometry": { "type": "Point", "coordinates": [ 24.426803994948862, 46.434857087890471 ] } },
{ "type": "Feature", "properties": { "point_id": 1657, "lon": 24.426788748120838, "lat": 46.434841773106825, "elevation_m": 408.3017578125, "distance_m": 4969.7496289397695, "distance_km": 4.9697496289397698, "heading_deg": 214.45483751998898, "slope": 0.0, "slope_deg": 0.0 }, "geometry": { "type": "Point", "coordinates": [ 24.426788748120838, 46.434841773106825 ] } },
{ "type": "Feature", "properties": { "point_id": 1658, "lon": 24.426773501292814, "lat": 46.434826458318888, "elevation_m": 408.3017578125, "distance_m": 4972.7496289396777, "distance_km": 4.9727496289396775, "heading_deg": 214.45483753206904, "slope": 0.0, "slope_deg": 0.0 }, "geometry": { "type": "Point", "coordinates": [ 24.426773501292814, 46.434826458318888 ] } },
{ "type": "Feature", "properties": { "point_id": 1659, "lon": 24.426758254464794, "lat": 46.434811143526652, "elevation_m": 408.3017578125, "distance_m": 4975.749628939323, "distance_km": 4.9757496289393233, "heading_deg": 214.45483751091737, "slope": 0.0, "slope_deg": 0.0 }, "geometry": { "type": "Point", "coordinates": [ 24.426758254464794, 46.434811143526652 ] } },
{ "type": "Feature", "properties": { "point_id": 1660, "lon": 24.42674300763677, "lat": 46.434795828730103, "elevation_m": 408.3017578125, "distance_m": 4978.7496289392311, "distance_km": 4.978749628939231, "heading_deg": 214.45483751194524, "slope": 0.0, "slope_deg": 0.0 }, "geometry": { "type": "Point", "coordinates": [ 24.42674300763677, 46.434795828730103 ] } },
{ "type": "Feature", "properties": { "point_id": 1661, "lon": 24.426727760808745, "lat": 46.434780513929248, "elevation_m": 408.3017578125, "distance_m": 4981.7496289399078, "distance_km": 4.9817496289399079, "heading_deg": 214.45483752965112, "slope": 0.0, "slope_deg": 0.0 }, "geometry": { "type": "Point", "coordinates": [ 24.426727760808745, 46.434780513929248 ] } },
{ "type": "Feature", "properties": { "point_id": 1662, "lon": 24.426712513980721, "lat": 46.434765199124094, "elevation_m": 408.3017578125, "distance_m": 4984.7496289398159, "distance_km": 4.9847496289398157, "heading_deg": 214.45483751397686, "slope": 0.0, "slope_deg": 0.0 }, "geometry": { "type": "Point", "coordinates": [ 24.426712513980721, 46.434765199124094 ] } },
{ "type": "Feature", "properties": { "point_id": 1663, "lon": 24.426697267152701, "lat": 46.434749884314634, "elevation_m": 408.3017578125, "distance_m": 4987.7496289394612, "distance_km": 4.9877496289394614, "heading_deg": 214.45483752060585, "slope": 0.0, "slope_deg": 0.0 }, "geometry": { "type": "Point", "coordinates": [ 24.426697267152701, 46.434749884314634 ] } },
{ "type": "Feature", "properties": { "point_id": 1664, "lon": 24.426682020324673, "lat": 46.434734569500868, "elevation_m": 408.3017578125, "distance_m": 4990.7496289393694, "distance_km": 4.9907496289393691, "heading_deg": 214.45483752713605, "slope": 0.0, "slope_deg": 0.0 }, "geometry": { "type": "Point", "coordinates": [ 24.426682020324673, 46.434734569500868 ] } },
{ "type": "Feature", "properties": { "point_id": 1665, "lon": 24.426666773496652, "lat": 46.434719254682811, "elevation_m": 408.3017578125, "distance_m": 4993.7496289392775, "distance_km": 4.9937496289392778, "heading_deg": 214.45483752268817, "slope": 0.0, "slope_deg": 0.0 }, "geometry": { "type": "Point", "coordinates": [ 24.426666773496652, 46.434719254682811 ] } },
{ "type": "Feature", "properties": { "point_id": 1666, "lon": 24.426651526668625, "lat": 46.434703939860434, "elevation_m": 408.3017578125, "distance_m": 4996.7496289399542, "distance_km": 4.9967496289399538, "heading_deg": 214.45483751811673, "slope": 0.0, "slope_deg": 0.0 }, "geometry": { "type": "Point", "coordinates": [ 24.426651526668625, 46.434703939860434 ] } },
{ "type": "Feature", "properties": { "point_id": 1667, "lon": 24.426636279840601, "lat": 46.434688625033758, "elevation_m": 408.3017578125, "distance_m": 4999.7496289398623, "distance_km": 4.9997496289398624, "heading_deg": 214.45483752467229, "slope": 0.0, "slope_deg": 0.0 }, "geometry": { "type": "Point", "coordinates": [ 24.426636279840601, 46.434688625033758 ] } },
{ "type": "Feature", "properties": { "point_id": 1668, "lon": 24.42662103301258, "lat": 46.434673310202783, "elevation_m": 408.3017578125, "distance_m": 5002.7496289395076, "distance_km": 5.0027496289395073, "heading_deg": 214.45483753127752, "slope": 0.0, "slope_deg": 0.0 }, "geometry": { "type": "Point", "coordinates": [ 24.42662103301258, 46.434673310202783 ] } },
{ "type": "Feature", "properties": { "point_id": 1669, "lon": 24.42660578618456, "lat": 46.434657995367502, "elevation_m": 408.3017578125, "distance_m": 5005.7496289394157, "distance_km": 5.0057496289394159, "heading_deg": 214.45483751567897, "slope": 0.0, "slope_deg": 0.0 }, "geometry": { "type": "Point", "coordinates": [ 24.42660578618456, 46.434657995367502 ] } },
{ "type": "Feature", "properties": { "point_id": 1670, "lon": 24.426590539356532, "lat": 46.434642680527915, "elevation_m": 408.3017578125, "distance_m": 5008.7496289393239, "distance_km": 5.0087496289393236, "heading_deg": 214.45483751113309, "slope": 0.0, "slope_deg": 0.0 }, "geometry": { "type": "Point", "coordinates": [ 24.426590539356532, 46.434642680527915 ] } },
{ "type": "Feature", "properties": { "point_id": 1671, "lon": 24.426575292528508, "lat": 46.434627365684022, "elevation_m": 408.3017578125, "distance_m": 5011.7496289400005, "distance_km": 5.0117496289400005, "heading_deg": 214.45483753994293, "slope": 0.0, "slope_deg": 0.0 }, "geometry": { "type": "Point", "coordinates": [ 24.426575292528508, 46.434627365684022 ] } },
{ "type": "Feature", "properties": { "point_id": 1672, "lon": 24.426560045700484, "lat": 46.434612050835831, "elevation_m": 408.3017578125, "distance_m": 5014.7496289399087, "distance_km": 5.0147496289399083, "heading_deg": 214.45483751316871, "slope": 0.0, "slope_deg": 0.0 }, "geometry": { "type": "Point", "coordinates": [ 24.426560045700484, 46.434612050835831 ] } },
{ "type": "Feature", "properties": { "point_id": 1673, "lon": 24.426544798872463, "lat": 46.434596735983334, "elevation_m": 408.3017578125, "distance_m": 5017.749628939554, "distance_km": 5.017749628939554, "heading_deg": 214.45483750867299, "slope": 0.0, "slope_deg": 0.0 }, "geometry": { "type": "Point", "coordinates": [ 24.426544798872463, 46.434596735983334 ] } },
{ "type": "Feature", "properties": { "point_id": 1674, "lon": 24.426529552044439, "lat": 46.434581421126531, "elevation_m": 410.73846435546875, "distance_m": 5020.7496289394621, "distance_km": 5.0207496289394618, "heading_deg": 214.45483752635664, "slope": 0.81223551434778707, "slope_deg": 39.084729701372488 }, "geometry": { "type": "Point", "coordinates": [ 24.426529552044439, 46.434581421126531 ] } },
{ "type": "Feature", "properties": { "point_id": 1675, "lon": 24.426514305216415, "lat": 46.434566106265422, "elevation_m": 408.58676147460938, "distance_m": 5023.7496289393703, "distance_km": 5.0237496289393704, "heading_deg": 214.45483752741231, "slope": -0.71723429364175317, "slope_deg": -35.649388297862181 }, "geometry": { "type": "Point", "coordinates": [ 24.426514305216415, 46.434566106265422 ] } },
{ "type": "Feature", "properties": { "point_id": 1676, "lon": 24.426499058388391, "lat": 46.434550791400021, "elevation_m": 408.58676147460938, "distance_m": 5026.7496289392784, "distance_km": 5.0267496289392781, "heading_deg": 214.4548375061899, "slope": 0.0, "slope_deg": 0.0 }, "geometry": { "type": "Point", "coordinates": [ 24.426499058388391, 46.434550791400021 ] } },
{ "type": "Feature", "properties": { "point_id": 1677, "lon": 24.42648381156037, "lat": 46.4345354765303, "elevation_m": 408.58676147460938, "distance_m": 5029.7496289396913, "distance_km": 5.0297496289396912, "heading_deg": 214.45483754057668, "slope": 0.0, "slope_deg": 0.0 }, "geometry": { "type": "Point", "coordinates": [ 24.42648381156037, 46.4345354765303 ] } },
{ "type": "Feature", "properties": { "point_id": 1678, "lon": 24.426468564732343, "lat": 46.434520161656287, "elevation_m": 408.58676147460938, "distance_m": 5032.7496289395995, "distance_km": 5.0327496289395999, "heading_deg": 214.45483750825269, "slope": 0.0, "slope_deg": 0.0 }, "geometry": { "type": "Point", "coordinates": [ 24.426468564732343, 46.434520161656287 ] } },
{ "type": "Feature", "properties": { "point_id": 1679, "lon": 24.426453317904322, "lat": 46.434504846777962, "elevation_m": 408.58676147460938, "distance_m": 5035.7496289395076, "distance_km": 5.0357496289395076, "heading_deg": 214.45483752043592, "slope": 0.0, "slope_deg": 0.0 }, "geometry": { "type": "Point", "coordinates": [ 24.426453317904322, 46.434504846777962 ] } },
{ "type": "Feature", "properties": { "point_id": 1680, "lon": 24.426438071076298, "lat": 46.434489531895338, "elevation_m": 408.58676147460938, "distance_m": 5038.7496289394157, "distance_km": 5.0387496289394154, "heading_deg": 214.45483756032471, "slope": 0.0, "slope_deg": 0.0 }, "geometry": { "type": "Point", "coordinates": [ 24.426438071076298, 46.434489531895338 ] } },
{ "type": "Feature", "properties": { "point_id": 1681, "lon": 24.42642282424827, "lat": 46.434474217008422, "elevation_m": 408.58676147460938, "distance_m": 5041.7496289393239, "distance_km": 5.041749628939324, "heading_deg": 214.45483748359348, "slope": 0.0, "slope_deg": 0.0 }, "geometry": { "type": "Point", "coordinates": [ 24.42642282424827, 46.434474217008422 ] } },
{ "type": "Feature", "properties": { "point_id": 1682, "lon": 24.42640757742025, "lat": 46.434458902117171, "elevation_m": 408.58676147460938, "distance_m": 5044.7496289397368, "distance_km": 5.0447496289397371, "heading_deg": 214.45483752350745, "slope": 0.0, "slope_deg": 0.0 }, "geometry": { "type": "Point", "coordinates": [ 24.42640757742025, 46.434458902117171 ] } },
{ "type": "Feature", "properties": { "point_id": 1683, "lon": 24.426392330592229, "lat": 46.434443587221644, "elevation_m": 408.58676147460938, "distance_m": 5047.7496289396449, "distance_km": 5.0477496289396449, "heading_deg": 214.45483753566668, "slope": 0.0, "slope_deg": 0.0 }, "geometry": { "type": "Point", "coordinates": [ 24.426392330592229, 46.434443587221644 ] } },
{ "type": "Feature", "properties": { "point_id": 1684, "lon": 24.426377083764201, "lat": 46.434428272321803, "elevation_m": 408.58676147460938, "distance_m": 5050.7496289395531, "distance_km": 5.0507496289395535, "heading_deg": 214.45483753112362, "slope": 0.0, "slope_deg": 0.0 }, "geometry": { "type": "Point", "coordinates": [ 24.426377083764201, 46.434428272321803 ] } },
{ "type": "Feature", "properties": { "point_id": 1685, "lon": 24.426361836936177, "lat": 46.434412957417663, "elevation_m": 408.58676147460938, "distance_m": 5053.7496289394612, "distance_km": 5.0537496289394612, "heading_deg": 214.4548375155284, "slope": 0.0, "slope_deg": 0.0 }, "geometry": { "type": "Point", "coordinates": [ 24.426361836936177, 46.434412957417663 ] } },
{ "type": "Feature", "properties": { "point_id": 1686, "lon": 24.426346590108153, "lat": 46.434397642509211, "elevation_m": 408.58676147460938, "distance_m": 5056.7496289393694, "distance_km": 5.056749628939369, "heading_deg": 214.45483752206289, "slope": 0.0, "slope_deg": 0.0 }, "geometry": { "type": "Point", "coordinates": [ 24.426346590108153, 46.434397642509211 ] } },
{ "type": "Feature", "properties": { "point_id": 1687, "lon": 24.426331343280133, "lat": 46.43438232759646, "elevation_m": 408.58676147460938, "distance_m": 5059.7496289397823, "distance_km": 5.0597496289397821, "heading_deg": 214.45483750646807, "slope": 0.0, "slope_deg": 0.0 }, "geometry": { "type": "Point", "coordinates": [ 24.426331343280133, 46.43438232759646 ] } },
{ "type": "Feature", "properties": { "point_id": 1688, "lon": 24.426316096452108, "lat": 46.434367012679395, "elevation_m": 408.58676147460938, "distance_m": 5062.7496289396904, "distance_km": 5.0627496289396907, "heading_deg": 214.45483752412969, "slope": 0.0, "slope_deg": 0.0 }, "geometry": { "type": "Point", "coordinates": [ 24.426316096452108, 46.434367012679395 ] } },
{ "type": "Feature", "properties": { "point_id": 1689, "lon": 24.426300849624088, "lat": 46.434351697758046, "elevation_m": 408.58676147460938, "distance_m": 5065.7496289395986, "distance_km": 5.0657496289395985, "heading_deg": 214.45483753078875, "slope": 0.0, "slope_deg": 0.0 }, "geometry": { "type": "Point", "coordinates": [ 24.426300849624088, 46.434351697758046 ] } },
{ "type": "Feature", "properties": { "point_id": 1690, "lon": 24.42628560279606, "lat": 46.434336382832385, "elevation_m": 408.58676147460938, "distance_m": 5068.7496289395067, "distance_km": 5.0687496289395071, "heading_deg": 214.45483752064632, "slope": 0.0, "slope_deg": 0.0 }, "geometry": { "type": "Point", "coordinates": [ 24.42628560279606, 46.434336382832385 ] } },
{ "type": "Feature", "properties": { "point_id": 1691, "lon": 24.42627035596804, "lat": 46.434321067902417, "elevation_m": 408.58676147460938, "distance_m": 5071.749628939152, "distance_km": 5.0717496289391519, "heading_deg": 214.45483749395041, "slope": 0.0, "slope_deg": 0.0 }, "geometry": { "type": "Point", "coordinates": [ 24.42627035596804, 46.434321067902417 ] } },
{ "type": "Feature", "properties": { "point_id": 1692, "lon": 24.426255109140016, "lat": 46.434305752968136, "elevation_m": 408.58676147460938, "distance_m": 5074.7496289398287, "distance_km": 5.0747496289398288, "heading_deg": 214.45483755607012, "slope": 0.0, "slope_deg": 0.0 }, "geometry": { "type": "Point", "coordinates": [ 24.426255109140016, 46.434305752968136 ] } },
{ "type": "Feature", "properties": { "point_id": 1693, "lon": 24.426239862311991, "lat": 46.434290438029571, "elevation_m": 408.644775390625, "distance_m": 5077.7496289397368, "distance_km": 5.0777496289397366, "heading_deg": 214.45483750712117, "slope": 0.019337972005800456, "slope_deg": 1.1078460983822658 }, "geometry": { "type": "Point", "coordinates": [ 24.426239862311991, 46.434290438029571 ] } },
{ "type": "Feature", "properties": { "point_id": 1694, "lon": 24.426224615483967, "lat": 46.434275123086685, "elevation_m": 408.644775390625, "distance_m": 5080.7496289396449, "distance_km": 5.0807496289396452, "heading_deg": 214.4548375359355, "slope": 0.0, "slope_deg": 0.0 }, "geometry": { "type": "Point", "coordinates": [ 24.426224615483967, 46.434275123086685 ] } },
{ "type": "Feature", "properties": { "point_id": 1695, "lon": 24.42620936865594, "lat": 46.434259808139508, "elevation_m": 408.644775390625, "distance_m": 5083.7496289395531, "distance_km": 5.083749628939553, "heading_deg": 214.45483750359023, "slope": 0.0, "slope_deg": 0.0 }, "geometry": { "type": "Point", "coordinates": [ 24.42620936865594, 46.434259808139508 ] } },
{ "type": "Feature", "properties": { "point_id": 1696, "lon": 24.426194121827923, "lat": 46.434244493188018, "elevation_m": 408.644775390625, "distance_m": 5086.7496289391984, "distance_km": 5.0867496289391987, "heading_deg": 214.45483753245455, "slope": 0.0, "slope_deg": 0.0 }, "geometry": { "type": "Point", "coordinates": [ 24.426194121827923, 46.434244493188018 ] } },
{ "type": "Feature", "properties": { "point_id": 1697, "lon": 24.426178874999898, "lat": 46.434229178232229, "elevation_m": 408.644775390625, "distance_m": 5089.749628939875, "distance_km": 5.0897496289398747, "heading_deg": 214.45483752238795, "slope": 0.0, "slope_deg": 0.0 }, "geometry": { "type": "Point", "coordinates": [ 24.426178874999898, 46.434229178232229 ] } },
{ "type": "Feature", "properties": { "point_id": 1698, "lon": 24.426163628171871, "lat": 46.434213863272134, "elevation_m": 408.644775390625, "distance_m": 5092.7496289397832, "distance_km": 5.0927496289397833, "heading_deg": 214.45483752894961, "slope": 0.0, "slope_deg": 0.0 }, "geometry": { "type": "Point", "coordinates": [ 24.426163628171871, 46.434213863272134 ] } },
{ "type": "Feature", "properties": { "point_id": 1699, "lon": 24.426148381343847, "lat": 46.434198548307741, "elevation_m": 408.644775390625, "distance_m": 5095.7496289396913, "distance_km": 5.0957496289396911, "heading_deg": 214.45483750773187, "slope": 0.0, "slope_deg": 0.0 }, "geometry": { "type": "Point", "coordinates": [ 24.426148381343847, 46.434198548307741 ] } },
{ "type": "Feature", "properties": { "point_id": 1700, "lon": 24.42613313451583, "lat": 46.434183233339034, "elevation_m": 408.644775390625, "distance_m": 5098.7496289393366, "distance_km": 5.0987496289393368, "heading_deg": 214.45483753662182, "slope": 0.0, "slope_deg": 0.0 }, "geometry": { "type": "Point", "coordinates": [ 24.42613313451583, 46.434183233339034 ] } },
{ "type": "Feature", "properties": { "point_id": 1701, "lon": 24.426117887687802, "lat": 46.434167918366022, "elevation_m": 408.644775390625, "distance_m": 5101.7496289392448, "distance_km": 5.1017496289392446, "heading_deg": 214.45483752650642, "slope": 0.0, "slope_deg": 0.0 }, "geometry": { "type": "Point", "coordinates": [ 24.426117887687802, 46.434167918366022 ] } },
{ "type": "Feature", "properties": { "point_id": 1702, "lon": 24.426102640859778, "lat": 46.434152603388718, "elevation_m": 408.644775390625, "distance_m": 5104.7496289399214, "distance_km": 5.1047496289399215, "heading_deg": 214.45483751641601, "slope": 0.0, "slope_deg": 0.0 }, "geometry": { "type": "Point", "coordinates": [ 24.426102640859778, 46.434152603388718 ] } },
{ "type": "Feature", "properties": { "point_id": 1703, "lon": 24.426087394031757, "lat": 46.434137288407101, "elevation_m": 408.644775390625, "distance_m": 5107.7496289398296, "distance_km": 5.1077496289398292, "heading_deg": 214.45483752862887, "slope": 0.0, "slope_deg": 0.0 }, "geometry": { "type": "Point", "coordinates": [ 24.426087394031757, 46.434137288407101 ] } },
{ "type": "Feature", "properties": { "point_id": 1704, "lon": 24.42607214720373, "lat": 46.434121973421178, "elevation_m": 408.644775390625, "distance_m": 5110.7496289397377, "distance_km": 5.1107496289397378, "heading_deg": 214.45483750738737, "slope": 0.0, "slope_deg": 0.0 }, "geometry": { "type": "Point", "coordinates": [ 24.42607214720373, 46.434121973421178 ] } },
{ "type": "Feature", "properties": { "point_id": 1705, "lon": 24.426056900375709, "lat": 46.434106658430956, "elevation_m": 408.644775390625, "distance_m": 5113.749628939383, "distance_km": 5.1137496289393827, "heading_deg": 214.45483753620383, "slope": 0.0, "slope_deg": 0.0 }, "geometry": { "type": "Point", "coordinates": [ 24.426056900375709, 46.434106658430956 ] } },
{ "type": "Feature", "properties": { "point_id": 1706, "lon": 24.426041653547685, "lat": 46.434091343436442, "elevation_m": 408.644775390625, "distance_m": 5116.7496289392911, "distance_km": 5.1167496289392913, "heading_deg": 214.454837515062, "slope": 0.0, "slope_deg": 0.0 }, "geometry": { "type": "Point", "coordinates": [ 24.426041653547685, 46.434091343436442 ] } },
{ "type": "Feature", "properties": { "point_id": 1707, "lon": 24.426026406719661, "lat": 46.434076028437602, "elevation_m": 408.644775390625, "distance_m": 5119.7496289391993, "distance_km": 5.119749628939199, "heading_deg": 214.4548375438292, "slope": 0.0, "slope_deg": 0.0 }, "geometry": { "type": "Point", "coordinates": [ 24.426026406719661, 46.434076028437602 ] } },
{ "type": "Feature", "properties": { "point_id": 1708, "lon": 24.426011159891637, "lat": 46.434060713434476, "elevation_m": 408.644775390625, "distance_m": 5122.7496289398759, "distance_km": 5.122749628939876, "heading_deg": 214.45483750045921, "slope": 0.0, "slope_deg": 0.0 }, "geometry": { "type": "Point", "coordinates": [ 24.426011159891637, 46.434060713434476 ] } },
{ "type": "Feature", "properties": { "point_id": 1709, "lon": 24.425995913063613, "lat": 46.434045398427031, "elevation_m": 408.644775390625, "distance_m": 5125.7496289397841, "distance_km": 5.1257496289397837, "heading_deg": 214.45483750702306, "slope": 0.0, "slope_deg": 0.0 }, "geometry": { "type": "Point", "coordinates": [ 24.425995913063613, 46.434045398427031 ] } },
{ "type": "Feature", "properties": { "point_id": 1710, "lon": 24.425980666235592, "lat": 46.434030083415287, "elevation_m": 408.644775390625, "distance_m": 5128.7496289394294, "distance_km": 5.1287496289394294, "heading_deg": 214.45483754141625, "slope": 0.0, "slope_deg": 0.0 }, "geometry": { "type": "Point", "coordinates": [ 24.425980666235592, 46.434030083415287 ] } },
{ "type": "Feature", "properties": { "point_id": 1711, "lon": 24.425965419407568, "lat": 46.434014768399244, "elevation_m": 408.47161865234375, "distance_m": 5131.7496289393375, "distance_km": 5.1317496289393372, "heading_deg": 214.45483752022579, "slope": -0.057718912762184001, "slope_deg": -3.3033849734816823 }, "geometry": { "type": "Point", "coordinates": [ 24.425965419407568, 46.434014768399244 ] } },
{ "type": "Feature", "properties": { "point_id": 1712, "lon": 24.425950172579544, "lat": 46.433999453378902, "elevation_m": 408.47161865234375, "distance_m": 5134.7496289392457, "distance_km": 5.1347496289392458, "heading_deg": 214.45483751571319, "slope": 0.0, "slope_deg": 0.0 }, "geometry": { "type": "Point", "coordinates": [ 24.425950172579544, 46.433999453378902 ] } },
{ "type": "Feature", "properties": { "point_id": 1713, "lon": 24.42593492575152, "lat": 46.433984138354248, "elevation_m": 408.47161865234375, "distance_m": 5137.7496289399223, "distance_km": 5.1377496289399227, "heading_deg": 214.45483752785356, "slope": 0.0, "slope_deg": 0.0 }, "geometry": { "type": "Point", "coordinates": [ 24.42593492575152, 46.433984138354248 ] } },
{ "type": "Feature", "properties": { "point_id": 1714, "lon": 24.425919678923499, "lat": 46.433968823325287, "elevation_m": 408.47161865234375, "distance_m": 5140.7496289395676, "distance_km": 5.1407496289395676, "heading_deg": 214.45483752334138, "slope": 0.0, "slope_deg": 0.0 }, "geometry": { "type": "Point", "coordinates": [ 24.425919678923499, 46.433968823325287 ] } },
{ "type": "Feature", "properties": { "point_id": 1715, "lon": 24.425904432095475, "lat": 46.433953508292028, "elevation_m": 408.47161865234375, "distance_m": 5143.7496289394758, "distance_km": 5.1437496289394762, "heading_deg": 214.45483752995608, "slope": 0.0, "slope_deg": 0.0 }, "geometry": { "type": "Point", "coordinates": [ 24.425904432095475, 46.433953508292028 ] } },
{ "type": "Feature", "properties": { "point_id": 1716, "lon": 24.425889185267447, "lat": 46.433938193254463, "elevation_m": 408.47161865234375, "distance_m": 5146.7496289393839, "distance_km": 5.1467496289393839, "heading_deg": 214.18948186838563, "slope": 0.0, "slope_deg": 0.0 }, "geometry": { "type": "Point", "coordinates": [ 24.425889185267447, 46.433938193254463 ] } },
{ "type": "Feature", "properties": { "point_id": 1717, "lon": 24.425874041540492, "lat": 46.433922829732992, "elevation_m": 408.47161865234375, "distance_m": 5149.7496246724577, "distance_km": 5.1497496246724577, "heading_deg": 214.15429065184694, "slope": 0.0, "slope_deg": 0.0 }, "geometry": { "type": "Point", "coordinates": [ 24.425874041540492, 46.433922829732992 ] } },
{ "type": "Feature", "properties": { "point_id": 1718, "lon": 24.425858911486763, "lat": 46.433907459777849, "elevation_m": 408.47161865234375, "distance_m": 5152.7496246723813, "distance_km": 5.1527496246723814, "heading_deg": 214.1542905961677, "slope": 0.0, "slope_deg": 0.0 }, "geometry": { "type": "Point", "coordinates": [ 24.425858911486763, 46.433907459777849 ] } },
{ "type": "Feature", "properties": { "point_id": 1719, "lon": 24.425843781433038, "lat": 46.433892089818357, "elevation_m": 408.47161865234375, "distance_m": 5155.7496246723049, "distance_km": 5.1557496246723051, "heading_deg": 214.15429065083157, "slope": 0.0, "slope_deg": 0.0 }, "geometry": { "type": "Point", "coordinates": [ 24.425843781433038, 46.433892089818357 ] } },
{ "type": "Feature", "properties": { "point_id": 1720, "lon": 24.425828651379309, "lat": 46.433876719854545, "elevation_m": 408.47161865234375, "distance_m": 5158.7496246722285, "distance_km": 5.1587496246722289, "heading_deg": 214.15429058973172, "slope": 0.0, "slope_deg": 0.0 }, "geometry": { "type": "Point", "coordinates": [ 24.425828651379309, 46.433876719854545 ] } },
{ "type": "Feature", "properties": { "point_id": 1721, "lon": 24.42581352132558, "lat": 46.433861349886378, "elevation_m": 408.47161865234375, "distance_m": 5161.7496246729224, "distance_km": 5.1617496246729226, "heading_deg": 214.15429063888757, "slope": 0.0, "slope_deg": 0.0 }, "geometry": { "type": "Point", "coordinates": [ 24.42581352132558, 46.433861349886378 ] } },
{ "type": "Feature", "properties": { "point_id": 1722, "lon": 24.425798391271847, "lat": 46.43384597991389, "elevation_m": 408.47161865234375, "distance_m": 5164.7496246731071, "distance_km": 5.1647496246731075, "heading_deg": 214.15429062168067, "slope": 0.0, "slope_deg": 0.0 }, "geometry": { "type": "Point", "coordinates": [ 24.425798391271847, 46.43384597991389 ] } },
{ "type": "Feature", "properties": { "point_id": 1723, "lon": 24.425783261218122, "lat": 46.433830609937068, "elevation_m": 408.47161865234375, "distance_m": 5167.7496246730307, "distance_km": 5.1677496246730303, "heading_deg": 214.15429062126125, "slope": 0.0, "slope_deg": 0.0 }, "geometry": { "type": "Point", "coordinates": [ 24.425783261218122, 46.433830609937068 ] } },
{ "type": "Feature", "properties": { "point_id": 1724, "lon": 24.425768131164393, "lat": 46.433815239955905, "elevation_m": 408.47161865234375, "distance_m": 5170.7496246729543, "distance_km": 5.1707496246729541, "heading_deg": 214.15429061524631, "slope": 0.0, "slope_deg": 0.0 }, "geometry": { "type": "Point", "coordinates": [ 24.425768131164393, 46.433815239955905 ] } },
{ "type": "Feature", "properties": { "point_id": 1725, "lon": 24.425753001110664, "lat": 46.433799869970407, "elevation_m": 408.47161865234375, "distance_m": 5173.7496246728779, "distance_km": 5.1737496246728778, "heading_deg": 214.15429063126516, "slope": 0.0, "slope_deg": 0.0 }, "geometry": { "type": "Point", "coordinates": [ 24.425753001110664, 46.433799869970407 ] } },
{ "type": "Feature", "properties": { "point_id": 1726, "lon": 24.425737871056935, "lat": 46.433784499980582, "elevation_m": 408.47161865234375, "distance_m": 5176.7496246728015, "distance_km": 5.1767496246728015, "heading_deg": 214.1542906306716, "slope": 0.0, "slope_deg": 0.0 }, "geometry": { "type": "Point", "coordinates": [ 24.425737871056935, 46.433784499980582 ] } },
{ "type": "Feature", "properties": { "point_id": 1727, "lon": 24.425722741003209, "lat": 46.433769129986423, "elevation_m": 408.47161865234375, "distance_m": 5179.7496246727251, "distance_km": 5.1797496246727253, "heading_deg": 214.15429062474462, "slope": 0.0, "slope_deg": 0.0 }, "geometry": { "type": "Point", "coordinates": [ 24.425722741003209, 46.433769129986423 ] } },
{ "type": "Feature", "properties": { "point_id": 1728, "lon": 24.42570761094948, "lat": 46.433753759987923, "elevation_m": 408.47161865234375, "distance_m": 5182.7496246726487, "distance_km": 5.182749624672649, "heading_deg": 214.15429061322206, "slope": 0.0, "slope_deg": 0.0 }, "geometry": { "type": "Point", "coordinates": [ 24.42570761094948, 46.433753759987923 ] } },
{ "type": "Feature", "properties": { "point_id": 1729, "lon": 24.425692480895751, "lat": 46.433738389985088, "elevation_m": 408.50137329101562, "distance_m": 5185.7496246725723, "distance_km": 5.1857496246725727, "heading_deg": 214.15429061813757, "slope": 0.0099182128908775757, "slope_deg": 0.56825310624957526 }, "geometry": { "type": "Point", "coordinates": [ 24.425692480895751, 46.433738389985088 ] } },
{ "type": "Feature", "properties": { "point_id": 1730, "lon": 24.425677350842026, "lat": 46.433723019977919, "elevation_m": 408.50137329101562, "distance_m": 5188.7496246724959, "distance_km": 5.1887496246724956, "heading_deg": 214.15429062322795, "slope": 0.0, "slope_deg": 0.0 }, "geometry": { "type": "Point", "coordinates": [ 24.425677350842026, 46.433723019977919 ] } },
{ "type": "Feature", "properties": { "point_id": 1731, "lon": 24.425662220788297, "lat": 46.433707649966415, "elevation_m": 408.50137329101562, "distance_m": 5191.7496246724195, "distance_km": 5.1917496246724193, "heading_deg": 214.15429063382697, "slope": 0.0, "slope_deg": 0.0 }, "geometry": { "type": "Point", "coordinates": [ 24.425662220788297, 46.433707649966415 ] } },
{ "type": "Feature", "properties": { "point_id": 1732, "lon": 24.425647090734564, "lat": 46.433692279950577, "elevation_m": 408.50137329101562, "distance_m": 5194.7496246726041, "distance_km": 5.1947496246726041, "heading_deg": 214.15429061670949, "slope": 0.0, "slope_deg": 0.0 }, "geometry": { "type": "Point", "coordinates": [ 24.425647090734564, 46.433692279950577 ] } },
{ "type": "Feature", "properties": { "point_id": 1733, "lon": 24.425631960680835, "lat": 46.433676909930405, "elevation_m": 408.50137329101562, "distance_m": 5197.7496246725277, "distance_km": 5.1977496246725279, "heading_deg": 214.15429062722151, "slope": 0.0, "slope_deg": 0.0 }, "geometry": { "type": "Point", "coordinates": [ 24.425631960680835, 46.433676909930405 ] } },
{ "type": "Feature", "properties": { "point_id": 1734, "lon": 24.425616830627106, "lat": 46.433661539905899, "elevation_m": 408.50137329101562, "distance_m": 5200.7496246724513, "distance_km": 5.2007496246724516, "heading_deg": 214.1542906266296, "slope": 0.0, "slope_deg": 0.0 }, "geometry": { "type": "Point", "coordinates": [ 24.425616830627106, 46.433661539905899 ] } },
{ "type": "Feature", "properties": { "point_id": 1735, "lon": 24.425601700573381, "lat": 46.433646169877051, "elevation_m": 408.50137329101562, "distance_m": 5203.7496246723749, "distance_km": 5.2037496246723753, "heading_deg": 214.15429063172101, "slope": 0.0, "slope_deg": 0.0 }, "geometry": { "type": "Point", "coordinates": [ 24.425601700573381, 46.433646169877051 ] } },
{ "type": "Feature", "properties": { "point_id": 1736, "lon": 24.425586570519652, "lat": 46.433630799843883, "elevation_m": 408.50137329101562, "distance_m": 5206.7496246722985, "distance_km": 5.2067496246722982, "heading_deg": 214.15429061469172, "slope": 0.0, "slope_deg": 0.0 }, "geometry": { "type": "Point", "coordinates": [ 24.425586570519652, 46.433630799843883 ] } },
{ "type": "Feature", "properties": { "point_id": 1737, "lon": 24.425571440465923, "lat": 46.433615429806366, "elevation_m": 408.50137329101562, "distance_m": 5209.7496246729925, "distance_km": 5.2097496246729929, "heading_deg": 214.15429060850468, "slope": 0.0, "slope_deg": 0.0 }, "geometry": { "type": "Point", "coordinates": [ 24.425571440465923, 46.433615429806366 ] } },
{ "type": "Feature", "properties": { "point_id": 1738, "lon": 24.425556310412198, "lat": 46.433600059764515, "elevation_m": 408.50137329101562, "distance_m": 5212.7496246729161, "distance_km": 5.2127496246729157, "heading_deg": 214.15429061919244, "slope": 0.0, "slope_deg": 0.0 }, "geometry": { "type": "Point", "coordinates": [ 24.425556310412198, 46.433600059764515 ] } },
{ "type": "Feature", "properties": { "point_id": 1739, "lon": 24.425541180358469, "lat": 46.433584689718337, "elevation_m": 408.50137329101562, "distance_m": 5215.7496246728397, "distance_km": 5.2157496246728394, "heading_deg": 214.15429062419727, "slope": 0.0, "slope_deg": 0.0 }, "geometry": { "type": "Point", "coordinates": [ 24.425541180358469, 46.433584689718337 ] } },
{ "type": "Feature", "properties": { "point_id": 1740, "lon": 24.42552605030474, "lat": 46.433569319667818, "elevation_m": 408.50137329101562, "distance_m": 5218.7496246727633, "distance_km": 5.2187496246727632, "heading_deg": 214.15429063488546, "slope": 0.0, "slope_deg": 0.0 }, "geometry": { "type": "Point", "coordinates": [ 24.42552605030474, 46.433569319667818 ] } },
{ "type": "Feature", "properties": { "point_id": 1741, "lon": 24.425510920251007, "lat": 46.433553949612964, "elevation_m": 408.50137329101562, "distance_m": 5221.7496246729479, "distance_km": 5.221749624672948, "heading_deg": 214.15429063420757, "slope": 0.0, "slope_deg": 0.0 }, "geometry": { "type": "Point", "coordinates": [ 24.425510920251007, 46.433553949612964 ] } },
{ "type": "Feature", "properties": { "point_id": 1742, "lon": 24.425495790197278, "lat": 46.433538579553783, "elevation_m": 408.50137329101562, "distance_m": 5224.7496246728715, "distance_km": 5.2247496246728717, "heading_deg": 214.15429061149638, "slope": 0.0, "slope_deg": 0.0 }, "geometry": { "type": "Point", "coordinates": [ 24.425495790197278, 46.433538579553783 ] } },
{ "type": "Feature", "properties": { "point_id": 1743, "lon": 24.425480660143553, "lat": 46.433523209490261, "elevation_m": 408.50137329101562, "distance_m": 5227.7496246727951, "distance_km": 5.2277496246727955, "heading_deg": 214.15429061667678, "slope": 0.0, "slope_deg": 0.0 }, "geometry": { "type": "Point", "coordinates": [ 24.425480660143553, 46.433523209490261 ] } },
{ "type": "Feature", "properties": { "point_id": 1744, "lon": 24.425465530089824, "lat": 46.433507839422404, "elevation_m": 408.50137329101562, "distance_m": 5230.7496246727187, "distance_km": 5.2307496246727183, "heading_deg": 214.15429062719102, "slope": 0.0, "slope_deg": 0.0 }, "geometry": { "type": "Point", "coordinates": [ 24.425465530089824, 46.433507839422404 ] } },
{ "type": "Feature", "properties": { "point_id": 1745, "lon": 24.425450400036095, "lat": 46.433492469350213, "elevation_m": 408.50137329101562, "distance_m": 5233.7496246726423, "distance_km": 5.233749624672642, "heading_deg": 214.15429062118034, "slope": 0.0, "slope_deg": 0.0 }, "geometry": { "type": "Point", "coordinates": [ 24.425450400036095, 46.433492469350213 ] } },
{ "type": "Feature", "properties": { "point_id": 1746, "lon": 24.425435269982366, "lat": 46.433477099273688, "elevation_m": 408.50137329101562, "distance_m": 5236.7496246725659, "distance_km": 5.2367496246725658, "heading_deg": 214.15429063169492, "slope": 0.0, "slope_deg": 0.0 }, "geometry": { "type": "Point", "coordinates": [ 24.425435269982366, 46.433477099273688 ] } },
{ "type": "Feature", "properties": { "point_id": 1747, "lon": 24.425420139928637, "lat": 46.433461729192828, "elevation_m": 410.94464111328125, "distance_m": 5239.7496246724895, "distance_km": 5.2397496246724895, "heading_deg": 214.15429064220973, "slope": 0.81442260744261497, "slope_deg": 39.160150049072385 }, "geometry": { "type": "Point", "coordinates": [ 24.425420139928637, 46.433461729192828 ] } },
{ "type": "Feature", "properties": { "point_id": 1748, "lon": 24.425405009874908, "lat": 46.433446359107641, "elevation_m": 408.94357299804688, "distance_m": 5242.7496246724131, "distance_km": 5.2427496246724132, "heading_deg": 214.15429060857045, "slope": -0.6670227050951113, "slope_deg": -33.704187935632199 }, "geometry": { "type": "Point", "coordinates": [ 24.425405009874908, 46.433446359107641 ] } },
{ "type": "Feature", "properties": { "point_id": 1749, "lon": 24.425389879821182, "lat": 46.433430989018106, "elevation_m": 408.94357299804688, "distance_m": 5245.7496246723367, "distance_km": 5.245749624672337, "heading_deg": 214.15429063578554, "slope": 0.0, "slope_deg": 0.0 }, "geometry": { "type": "Point", "coordinates": [ 24.425389879821182, 46.433430989018106 ] } },
{ "type": "Feature", "properties": { "point_id": 1750, "lon": 24.42537474976745, "lat": 46.433415618924244, "elevation_m": 408.94357299804688, "distance_m": 5248.7496246725213, "distance_km": 5.2487496246725209, "heading_deg": 214.15429061316337, "slope": 0.0, "slope_deg": 0.0 }, "geometry": { "type": "Point", "coordinates": [ 24.42537474976745, 46.433415618924244 ] } },
{ "type": "Feature", "properties": { "point_id": 1751, "lon": 24.425359619713721, "lat": 46.43340024882604, "elevation_m": 408.94357299804688, "distance_m": 5251.749624672445, "distance_km": 5.2517496246724447, "heading_deg": 214.15429062918733, "slope": 0.0, "slope_deg": 0.0 }, "geometry": { "type": "Point", "coordinates": [ 24.425359619713721, 46.43340024882604 ] } },
{ "type": "Feature", "properties": { "point_id": 1752, "lon": 24.425344489659992, "lat": 46.433384878723508, "elevation_m": 408.94357299804688, "distance_m": 5254.7496246723686, "distance_km": 5.2547496246723684, "heading_deg": 214.15429061766972, "slope": 0.0, "slope_deg": 0.0 }, "geometry": { "type": "Point", "coordinates": [ 24.425344489659992, 46.433384878723508 ] } },
{ "type": "Feature", "properties": { "point_id": 1753, "lon": 24.425329359606263, "lat": 46.433369508616636, "elevation_m": 408.94357299804688, "distance_m": 5257.7496246730625, "distance_km": 5.2577496246730622, "heading_deg": 214.15429062809832, "slope": 0.0, "slope_deg": 0.0 }, "geometry": { "type": "Point", "coordinates": [ 24.425329359606263, 46.433369508616636 ] } },
{ "type": "Feature", "properties": { "point_id": 1754, "lon": 24.425314229552537, "lat": 46.433354138505436, "elevation_m": 408.94357299804688, "distance_m": 5260.7496246729861, "distance_km": 5.2607496246729859, "heading_deg": 214.15429060565179, "slope": 0.0, "slope_deg": 0.0 }, "geometry": { "type": "Point", "coordinates": [ 24.425314229552537, 46.433354138505436 ] } },
{ "type": "Feature", "properties": { "point_id": 1755, "lon": 24.425299099498808, "lat": 46.433338768389895, "elevation_m": 408.94357299804688, "distance_m": 5263.7496246729097, "distance_km": 5.2637496246729096, "heading_deg": 214.15429063269326, "slope": 0.0, "slope_deg": 0.0 }, "geometry": { "type": "Point", "coordinates": [ 24.425299099498808, 46.433338768389895 ] } },
{ "type": "Feature", "properties": { "point_id": 1756, "lon": 24.425283969445079, "lat": 46.433323398270019, "elevation_m": 408.94357299804688, "distance_m": 5266.7496246728333, "distance_km": 5.2667496246728334, "heading_deg": 214.15429061007234, "slope": 0.0, "slope_deg": 0.0 }, "geometry": { "type": "Point", "coordinates": [ 24.425283969445079, 46.433323398270019 ] } },
{ "type": "Feature", "properties": { "point_id": 1757, "lon": 24.425268839391354, "lat": 46.433308028145809, "elevation_m": 408.94357299804688, "distance_m": 5269.7496246727569, "distance_km": 5.2697496246727571, "heading_deg": 214.1542906372016, "slope": 0.0, "slope_deg": 0.0 }, "geometry": { "type": "Point", "coordinates": [ 24.425268839391354, 46.433308028145809 ] } },
{ "type": "Feature", "properties": { "point_id": 1758, "lon": 24.425253709337625, "lat": 46.433292658017272, "elevation_m": 408.94357299804688, "distance_m": 5272.7496246726805, "distance_km": 5.2727496246726808, "heading_deg": 214.15429061475592, "slope": 0.0, "slope_deg": 0.0 }, "geometry": { "type": "Point", "coordinates": [ 24.425253709337625, 46.433292658017272 ] } },
{ "type": "Feature", "properties": { "point_id": 1759, "lon": 24.425238579283892, "lat": 46.433277287884387, "elevation_m": 408.94357299804688, "distance_m": 5275.7496246728651, "distance_km": 5.2757496246728648, "heading_deg": 214.1542906362024, "slope": 0.0, "slope_deg": 0.0 }, "geometry": { "type": "Point", "coordinates": [ 24.425238579283892, 46.433277287884387 ] } },
{ "type": "Feature", "properties": { "point_id": 1760, "lon": 24.425223449230163, "lat": 46.433261917747181, "elevation_m": 408.94357299804688, "distance_m": 5278.7496246727887, "distance_km": 5.2787496246727885, "heading_deg": 214.1542906136697, "slope": 0.0, "slope_deg": 0.0 }, "geometry": { "type": "Point", "coordinates": [ 24.425223449230163, 46.433261917747181 ] } },
{ "type": "Feature", "properties": { "point_id": 1761, "lon": 24.425208319176434, "lat": 46.433246547605634, "elevation_m": 408.94357299804688, "distance_m": 5281.7496246727123, "distance_km": 5.2817496246727123, "heading_deg": 214.15429064613329, "slope": 0.0, "slope_deg": 0.0 }, "geometry": { "type": "Point", "coordinates": [ 24.425208319176434, 46.433246547605634 ] } },
{ "type": "Feature", "properties": { "point_id": 1762, "lon": 24.425193189122709, "lat": 46.43323117745976, "elevation_m": 408.94357299804688, "distance_m": 5284.7496246726359, "distance_km": 5.284749624672636, "heading_deg": 214.15429059614672, "slope": 0.0, "slope_deg": 0.0 }, "geometry": { "type": "Point", "coordinates": [ 24.425193189122709, 46.43323117745976 ] } },
{ "type": "Feature", "properties": { "point_id": 1763, "lon": 24.42517805906898, "lat": 46.43321580730953, "elevation_m": 408.94357299804688, "distance_m": 5287.7496246725595, "distance_km": 5.2877496246725597, "heading_deg": 214.15429062869808, "slope": 0.0, "slope_deg": 0.0 }, "geometry": { "type": "Point", "coordinates": [ 24.42517805906898, 46.43321580730953 ] } },
{ "type": "Feature", "properties": { "point_id": 1764, "lon": 24.425162929015251, "lat": 46.43320043715498, "elevation_m": 408.94357299804688, "distance_m": 5290.7496246724832, "distance_km": 5.2907496246724834, "heading_deg": 214.15429062811216, "slope": 0.0, "slope_deg": 0.0 }, "geometry": { "type": "Point", "coordinates": [ 24.425162929015251, 46.43320043715498 ] } },
{ "type": "Feature", "properties": { "point_id": 1765, "lon": 24.425147798961525, "lat": 46.433185066996096, "elevation_m": 411.13040161132812, "distance_m": 5293.7496246724068, "distance_km": 5.2937496246724072, "heading_deg": 214.15429062219297, "slope": 0.72894287111231315, "slope_deg": 36.089911543904464 }, "geometry": { "type": "Point", "coordinates": [ 24.425147798961525, 46.433185066996096 ] } },
{ "type": "Feature", "properties": { "point_id": 1766, "lon": 24.425132668907796, "lat": 46.433169696832877, "elevation_m": 409.6707763671875, "distance_m": 5296.7496246723304, "distance_km": 5.29674962467233, "heading_deg": 214.15429064372822, "slope": -0.4865417480592652, "slope_deg": -25.944855743098323 }, "geometry": { "type": "Point", "coordinates": [ 24.425132668907796, 46.433169696832877 ] } },
{ "type": "Feature", "properties": { "point_id": 1767, "lon": 24.425117538854067, "lat": 46.433154326665324, "elevation_m": 409.6707763671875, "distance_m": 5299.749624672254, "distance_km": 5.2997496246722537, "heading_deg": 214.15429061026774, "slope": 0.0, "slope_deg": 0.0 }, "geometry": { "type": "Point", "coordinates": [ 24.425117538854067, 46.433154326665324 ] } },
{ "type": "Feature", "properties": { "point_id": 1768, "lon": 24.425102408800335, "lat": 46.43313895649343, "elevation_m": 409.6707763671875, "distance_m": 5302.7496246724386, "distance_km": 5.3027496246724386, "heading_deg": 214.15429063722431, "slope": 0.0, "slope_deg": 0.0 }, "geometry": { "type": "Point", "coordinates": [ 24.425102408800335, 46.43313895649343 ] } },
{ "type": "Feature", "properties": { "point_id": 1769, "lon": 24.425087278746606, "lat": 46.433123586317201, "elevation_m": 409.6707763671875, "distance_m": 5305.7496246731325, "distance_km": 5.3057496246731324, "heading_deg": 214.08464013725282, "slope": 0.0, "slope_deg": 0.0 }, "geometry": { "type": "Point", "coordinates": [ 24.425087278746606, 46.433123586317201 ] } },
{ "type": "Feature", "properties": { "point_id": 1770, "lon": 24.425072175885518, "lat": 46.433108203544307, "elevation_m": 409.6707763671875, "distance_m": 5308.7496105400151, "distance_km": 5.3087496105400147, "heading_deg": 213.64055756529345, "slope": 0.0, "slope_deg": 0.0 }, "geometry": { "type": "Point", "coordinates": [ 24.425072175885518, 46.433108203544307 ] } },
{ "type": "Feature", "properties": { "point_id": 1771, "lon": 24.425057246399525, "lat": 46.433092740480724, "elevation_m": 409.6707763671875, "distance_m": 5311.7496105397449, "distance_km": 5.3117496105397448, "heading_deg": 213.64055757811849, "slope": 0.0, "slope_deg": 0.0 }, "geometry": { "type": "Point", "coordinates": [ 24.425057246399525, 46.433092740480724 ] } },
{ "type": "Feature", "properties": { "point_id": 1772, "lon": 24.425042316913537, "lat": 46.433077277412757, "elevation_m": 409.6707763671875, "distance_m": 5314.7496105394748, "distance_km": 5.3147496105394749, "heading_deg": 213.6405575536736, "slope": 0.0, "slope_deg": 0.0 }, "geometry": { "type": "Point", "coordinates": [ 24.425042316913537, 46.433077277412757 ] } },
{ "type": "Feature", "properties": { "point_id": 1773, "lon": 24.425027387427541, "lat": 46.433061814340391, "elevation_m": 409.6707763671875, "distance_m": 5317.749610539463, "distance_km": 5.3177496105394626, "heading_deg": 213.64055757193438, "slope": 0.0, "slope_deg": 0.0 }, "geometry": { "type": "Point", "coordinates": [ 24.425027387427541, 46.433061814340391 ] } },
{ "type": "Feature", "properties": { "point_id": 1774, "lon": 24.425012457941552, "lat": 46.433046351263648, "elevation_m": 409.6707763671875, "distance_m": 5320.7496105399687, "distance_km": 5.320749610539969, "heading_deg": 213.6405575634073, "slope": 0.0, "slope_deg": 0.0 }, "geometry": { "type": "Point", "coordinates": [ 24.425012457941552, 46.433046351263648 ] } },
{ "type": "Feature", "properties": { "point_id": 1775, "lon": 24.424997528455563, "lat": 46.433030888182515, "elevation_m": 409.6707763671875, "distance_m": 5323.7496105396986, "distance_km": 5.3237496105396982, "heading_deg": 213.6405575715749, "slope": 0.0, "slope_deg": 0.0 }, "geometry": { "type": "Point", "coordinates": [ 24.424997528455563, 46.433030888182515 ] } },
{ "type": "Feature", "properties": { "point_id": 1776, "lon": 24.424982598969571, "lat": 46.43301542509699, "elevation_m": 409.6707763671875, "distance_m": 5326.7496105396867, "distance_km": 5.3267496105396868, "heading_deg": 213.64055756265972, "slope": 0.0, "slope_deg": 0.0 }, "geometry": { "type": "Point", "coordinates": [ 24.424982598969571, 46.43301542509699 ] } },
{ "type": "Feature", "properties": { "point_id": 1777, "lon": 24.424967669483582, "lat": 46.432999962007081, "elevation_m": 409.6707763671875, "distance_m": 5329.7496105394166, "distance_km": 5.3297496105394169, "heading_deg": 213.64055755976284, "slope": 0.0, "slope_deg": 0.0 }, "geometry": { "type": "Point", "coordinates": [ 24.424967669483582, 46.432999962007081 ] } },
{ "type": "Feature", "properties": { "point_id": 1778, "lon": 24.42495273999759, "lat": 46.432984498912781, "elevation_m": 409.6707763671875, "distance_m": 5332.7496105399223, "distance_km": 5.3327496105399224, "heading_deg": 213.64055756754252, "slope": 0.0, "slope_deg": 0.0 }, "geometry": { "type": "Point", "coordinates": [ 24.42495273999759, 46.432984498912781 ] } },
{ "type": "Feature", "properties": { "point_id": 1779, "lon": 24.424937810511597, "lat": 46.432969035814097, "elevation_m": 409.6707763671875, "distance_m": 5335.7496105399105, "distance_km": 5.33574961053991, "heading_deg": 213.64055756425751, "slope": 0.0, "slope_deg": 0.0 }, "geometry": { "type": "Point", "coordinates": [ 24.424937810511597, 46.432969035814097 ] } },
{ "type": "Feature", "properties": { "point_id": 1780, "lon": 24.424922881025608, "lat": 46.432953572711028, "elevation_m": 409.6707763671875, "distance_m": 5338.7496105396403, "distance_km": 5.3387496105396401, "heading_deg": 213.64055756660227, "slope": 0.0, "slope_deg": 0.0 }, "geometry": { "type": "Point", "coordinates": [ 24.424922881025608, 46.432953572711028 ] } },
{ "type": "Feature", "properties": { "point_id": 1781, "lon": 24.42490795153962, "lat": 46.432938109603576, "elevation_m": 409.6707763671875, "distance_m": 5341.7496105393702, "distance_km": 5.3417496105393703, "heading_deg": 213.64055758040067, "slope": 0.0, "slope_deg": 0.0 }, "geometry": { "type": "Point", "coordinates": [ 24.42490795153962, 46.432938109603576 ] } },
{ "type": "Feature", "properties": { "point_id": 1782, "lon": 24.424893022053624, "lat": 46.432922646491726, "elevation_m": 409.6707763671875, "distance_m": 5344.7496105393584, "distance_km": 5.3447496105393588, "heading_deg": 213.64055754955123, "slope": 0.0, "slope_deg": 0.0 }, "geometry": { "type": "Point", "coordinates": [ 24.424893022053624, 46.432922646491726 ] } },
{ "type": "Feature", "properties": { "point_id": 1783, "lon": 24.424878092567635, "lat": 46.432907183375491, "elevation_m": 411.80706787109375, "distance_m": 5347.7496105398641, "distance_km": 5.3477496105398643, "heading_deg": 213.64055756276721, "slope": 0.71209716784871913, "slope_deg": 35.454560337305793 }, "geometry": { "type": "Point", "coordinates": [ 24.424878092567635, 46.432907183375491 ] } },
{ "type": "Feature", "properties": { "point_id": 1784, "lon": 24.424863163081646, "lat": 46.432891720254872, "elevation_m": 411.80706787109375, "distance_m": 5350.749610539594, "distance_km": 5.3507496105395935, "heading_deg": 213.64055755987175, "slope": 0.0, "slope_deg": 0.0 }, "geometry": { "type": "Point", "coordinates": [ 24.424863163081646, 46.432891720254872 ] } },
{ "type": "Feature", "properties": { "point_id": 1785, "lon": 24.424848233595654, "lat": 46.432876257129863, "elevation_m": 410.7012939453125, "distance_m": 5353.7496105395821, "distance_km": 5.3537496105395821, "heading_deg": 213.64055757289384, "slope": -0.36859130859520267, "slope_deg": -20.233448069644183 }, "geometry": { "type": "Point", "coordinates": [ 24.424848233595654, 46.432876257129863 ] } },
{ "type": "Feature", "properties": { "point_id": 1786, "lon": 24.424833304109665, "lat": 46.432860794000469, "elevation_m": 410.7012939453125, "distance_m": 5356.749610539312, "distance_km": 5.3567496105393122, "heading_deg": 213.64055758106366, "slope": 0.0, "slope_deg": 0.0 }, "geometry": { "type": "Point", "coordinates": [ 24.424833304109665, 46.432860794000469 ] } },
{ "type": "Feature", "properties": { "point_id": 1787, "lon": 24.424818374623673, "lat": 46.432845330866691, "elevation_m": 410.7012939453125, "distance_m": 5359.7496105398177, "distance_km": 5.3597496105398177, "heading_deg": 213.64055755603914, "slope": 0.0, "slope_deg": 0.0 }, "geometry": { "type": "Point", "coordinates": [ 24.424818374623673, 46.432845330866691 ] } },
{ "type": "Feature", "properties": { "point_id": 1788, "lon": 24.42480344513768, "lat": 46.432829867728515, "elevation_m": 410.7012939453125, "distance_m": 5362.7496105398059, "distance_km": 5.3627496105398063, "heading_deg": 213.64055756925606, "slope": 0.0, "slope_deg": 0.0 }, "geometry": { "type": "Point", "coordinates": [ 24.42480344513768, 46.432829867728515 ] } },
{ "type": "Feature", "properties": { "point_id": 1789, "lon": 24.424788515651688, "lat": 46.432814404585955, "elevation_m": 410.7012939453125, "distance_m": 5365.7496105395358, "distance_km": 5.3657496105395355, "heading_deg": 213.64055759314948, "slope": 0.0, "slope_deg": 0.0 }, "geometry": { "type": "Point", "coordinates": [ 24.424788515651688, 46.432814404585955 ] } },
{ "type": "Feature", "properties": { "point_id": 1790, "lon": 24.424773586165699, "lat": 46.432798941439025, "elevation_m": 410.7012939453125, "distance_m": 5368.7496105392656, "distance_km": 5.3687496105392656, "heading_deg": 213.64055755240261, "slope": 0.0, "slope_deg": 0.0 }, "geometry": { "type": "Point", "coordinates": [ 24.424773586165699, 46.432798941439025 ] } },
{ "type": "Feature", "properties": { "point_id": 1791, "lon": 24.424758656679707, "lat": 46.432783478287682, "elevation_m": 410.7012939453125, "distance_m": 5371.7496105400287, "distance_km": 5.3717496105400286, "heading_deg": 213.64055755436101, "slope": 0.0, "slope_deg": 0.0 }, "geometry": { "type": "Point", "coordinates": [ 24.424758656679707, 46.432783478287682 ] } },
{ "type": "Feature", "properties": { "point_id": 1792, "lon": 24.424743727193718, "lat": 46.432768015131963, "elevation_m": 410.7012939453125, "distance_m": 5374.7496105397586, "distance_km": 5.3747496105397587, "heading_deg": 213.64055757320833, "slope": 0.0, "slope_deg": 0.0 }, "geometry": { "type": "Point", "coordinates": [ 24.424743727193718, 46.432768015131963 ] } },
{ "type": "Feature", "properties": { "point_id": 1793, "lon": 24.424728797707726, "lat": 46.432752551971859, "elevation_m": 410.7012939453125, "distance_m": 5377.7496105394885, "distance_km": 5.3777496105394889, "heading_deg": 213.64055755924988, "slope": 0.0, "slope_deg": 0.0 }, "geometry": { "type": "Point", "coordinates": [ 24.424728797707726, 46.432752551971859 ] } },
{ "type": "Feature", "properties": { "point_id": 1794, "lon": 24.424713868221733, "lat": 46.432737088807357, "elevation_m": 410.7012939453125, "distance_m": 5380.7496105394766, "distance_km": 5.3807496105394765, "heading_deg": 238.87876135664729, "slope": 0.0, "slope_deg": 0.0 }, "geometry": { "type": "Point", "coordinates": [ 24.424713868221733, 46.432737088807357 ] } },
{ "type": "Feature", "properties": { "point_id": 1795, "lon": 24.424708399498606, "lat": 46.432734813249795, "elevation_m": 410.7012939453125, "distance_m": 5381.4607340884622, "distance_km": 5.3814607340884626, "heading_deg": 18.978221216125291, "slope": 0.0, "slope_deg": 0.0 }, "geometry": { "type": "Point", "coordinates": [ 24.424708399498606, 46.432734813249795 ] } },
{ "type": "Feature", "properties": { "point_id": 1796, "lon": 24.424717163699164, "lat": 46.43275237734133, "elevation_m": 410.7012939453125, "distance_m": 5384.4607340889097, "distance_km": 5.3844607340889095, "heading_deg": 18.978221229724909, "slope": 0.0, "slope_deg": 0.0 }, "geometry": { "type": "Point", "coordinates": [ 24.424717163699164, 46.43275237734133 ] } },
{ "type": "Feature", "properties": { "point_id": 1797, "lon": 24.424725927899715, "lat": 46.432769941427189, "elevation_m": 410.7012939453125, "distance_m": 5387.4607340884768, "distance_km": 5.387460734088477, "heading_deg": 18.978221227409961, "slope": 0.0, "slope_deg": 0.0 }, "geometry": { "type": "Point", "coordinates": [ 24.424725927899715, 46.432769941427189 ] } },
{ "type": "Feature", "properties": { "point_id": 1798, "lon": 24.424734692100273, "lat": 46.432787505507399, "elevation_m": 410.7012939453125, "distance_m": 5390.4607340889243, "distance_km": 5.3904607340889239, "heading_deg": 18.97822122183959, "slope": 0.0, "slope_deg": 0.0 }, "geometry": { "type": "Point", "coordinates": [ 24.424734692100273, 46.432787505507399 ] } },
{ "type": "Feature", "properties": { "point_id": 1799, "lon": 24.424743456300824, "lat": 46.432805069581939, "elevation_m": 410.7012939453125, "distance_m": 5393.4607340884913, "distance_km": 5.3934607340884915, "heading_deg": 18.978221225919469, "slope": 0.0, "slope_deg": 0.0 }, "geometry": { "type": "Point", "coordinates": [ 24.424743456300824, 46.432805069581939 ] } },
{ "type": "Feature", "properties": { "point_id": 1800, "lon": 24.424752220501382, "lat": 46.432822633650829, "elevation_m": 410.7012939453125, "distance_m": 5396.4607340882094, "distance_km": 5.3964607340882091, "heading_deg": 18.978221229947565, "slope": 0.0, "slope_deg": 0.0 }, "geometry": { "type": "Point", "coordinates": [ 24.424752220501382, 46.432822633650829 ] } },
{ "type": "Feature", "properties": { "point_id": 1801, "lon": 24.42476098470194, "lat": 46.43284019771405, "elevation_m": 410.7012939453125, "distance_m": 5399.4607340886569, "distance_km": 5.3994607340886569, "heading_deg": 18.978221218022213, "slope": 0.0, "slope_deg": 0.0 }, "geometry": { "type": "Point", "coordinates": [ 24.42476098470194, 46.43284019771405 ] } },
{ "type": "Feature", "properties": { "point_id": 1802, "lon": 24.424769748902492, "lat": 46.432857761771608, "elevation_m": 410.7012939453125, "distance_m": 5402.4607340882239, "distance_km": 5.4024607340882236, "heading_deg": 18.978221212504479, "slope": 0.0, "slope_deg": 0.0 }, "geometry": { "type": "Point", "coordinates": [ 24.424769748902492, 46.432857761771608 ] } },
{ "type": "Feature", "properties": { "point_id": 1803, "lon": 24.42477851310305, "lat": 46.432875325823531, "elevation_m": 410.7012939453125, "distance_m": 5405.4607340886714, "distance_km": 5.4054607340886713, "heading_deg": 18.978221229296025, "slope": 0.0, "slope_deg": 0.0 }, "geometry": { "type": "Point", "coordinates": [ 24.42477851310305, 46.432875325823531 ] } },
{ "type": "Feature", "properties": { "point_id": 1804, "lon": 24.424787277303601, "lat": 46.432892889869763, "elevation_m": 410.7012939453125, "distance_m": 5408.4607340882385, "distance_km": 5.4084607340882389, "heading_deg": 18.978221223791593, "slope": 0.0, "slope_deg": 0.0 }, "geometry": { "type": "Point", "coordinates": [ 24.424787277303601, 46.432892889869763 ] } },
{ "type": "Feature", "properties": { "point_id": 1805, "lon": 24.424796041504159, "lat": 46.432910453910353, "elevation_m": 410.7012939453125, "distance_m": 5411.460734088686, "distance_km": 5.4114607340886858, "heading_deg": 18.978221211840946, "slope": 0.0, "slope_deg": 0.0 }, "geometry": { "type": "Point", "coordinates": [ 24.424796041504159, 46.432910453910353 ] } },
{ "type": "Feature", "properties": { "point_id": 1806, "lon": 24.42480480570471, "lat": 46.432928017945272, "elevation_m": 408.97760009765625, "distance_m": 5414.460734088253, "distance_km": 5.4144607340882533, "heading_deg": 18.978221238257163, "slope": -0.57456461596833008, "slope_deg": -29.880150980340851 }, "geometry": { "type": "Point", "coordinates": [ 24.42480480570471, 46.432928017945272 ] } },
{ "type": "Feature", "properties": { "point_id": 1807, "lon": 24.424813569905268, "lat": 46.432945581974536, "elevation_m": 408.97760009765625, "distance_m": 5417.4607340887005, "distance_km": 5.4174607340887002, "heading_deg": 18.97822121673471, "slope": 0.0, "slope_deg": 0.0 }, "geometry": { "type": "Point", "coordinates": [ 24.424813569905268, 46.432945581974536 ] } },
{ "type": "Feature", "properties": { "point_id": 1808, "lon": 24.424822334105819, "lat": 46.43296314599813, "elevation_m": 408.97760009765625, "distance_m": 5420.4607340882676, "distance_km": 5.4204607340882678, "heading_deg": 21.8103671834549, "slope": 0.0, "slope_deg": 0.0 }, "geometry": { "type": "Point", "coordinates": [ 24.424822334105819, 46.43296314599813 ] } },
{ "type": "Feature", "properties": { "point_id": 1809, "lon": 24.424832326516377, "lat": 46.4329803551827, "elevation_m": 408.97760009765625, "distance_m": 5423.4546576526618, "distance_km": 5.4234546576526617, "heading_deg": 26.507095901135187, "slope": 0.0, "slope_deg": 0.0 }, "geometry": { "type": "Point", "coordinates": [ 24.424832326516377, 46.4329803551827 ] } },
{ "type": "Feature", "properties": { "point_id": 1810, "lon": 24.424844354294514, "lat": 46.432996976338529, "elevation_m": 408.97760009765625, "distance_m": 5426.4546576522553, "distance_km": 5.426454657652255, "heading_deg": 26.50709591250552, "slope": 0.0, "slope_deg": 0.0 }, "geometry": { "type": "Point", "coordinates": [ 24.424844354294514, 46.432996976338529 ] } },
{ "type": "Feature", "properties": { "point_id": 1811, "lon": 24.424856382072655, "lat": 46.433013597489278, "elevation_m": 408.97760009765625, "distance_m": 5429.4546576528901, "distance_km": 5.4294546576528901, "heading_deg": 26.507095909067118, "slope": 0.0, "slope_deg": 0.0 }, "geometry": { "type": "Point", "coordinates": [ 24.424856382072655, 46.433013597489278 ] } },
{ "type": "Feature", "properties": { "point_id": 1812, "lon": 24.424868409850795, "lat": 46.433030218634961, "elevation_m": 409.6707763671875, "distance_m": 5432.4546576526918, "distance_km": 5.4324546576526922, "heading_deg": 26.507095890819926, "slope": 0.23105875652568733, "slope_deg": 13.010365646754288 }, "geometry": { "type": "Point", "coordinates": [ 24.424868409850795, 46.433030218634961 ] } },
{ "type": "Feature", "properties": { "point_id": 1813, "lon": 24.424880437628932, "lat": 46.433046839775585, "elevation_m": 409.6707763671875, "distance_m": 5435.4546576524936, "distance_km": 5.4354546576524934, "heading_deg": 26.507095906569759, "slope": 0.0, "slope_deg": 0.0 }, "geometry": { "type": "Point", "coordinates": [ 24.424880437628932, 46.433046839775585 ] } },
{ "type": "Feature", "properties": { "point_id": 1814, "lon": 24.424892465407073, "lat": 46.433063460911136, "elevation_m": 409.6707763671875, "distance_m": 5438.4546576531284, "distance_km": 5.4384546576531285, "heading_deg": 26.507095889357288, "slope": 0.0, "slope_deg": 0.0 }, "geometry": { "type": "Point", "coordinates": [ 24.424892465407073, 46.433063460911136 ] } },
{ "type": "Feature", "properties": { "point_id": 1815, "lon": 24.424904493185206, "lat": 46.433080082041613, "elevation_m": 409.6707763671875, "distance_m": 5441.4546576527218, "distance_km": 5.4414546576527218, "heading_deg": 26.507095917209881, "slope": 0.0, "slope_deg": 0.0 }, "geometry": { "type": "Point", "coordinates": [ 24.424904493185206, 46.433080082041613 ] } },
{ "type": "Feature", "properties": { "point_id": 1816, "lon": 24.424916520963347, "lat": 46.433096703167017, "elevation_m": 409.6707763671875, "distance_m": 5444.4546576525236, "distance_km": 5.4444546576525239, "heading_deg": 26.50709590939357, "slope": 0.0, "slope_deg": 0.0 }, "geometry": { "type": "Point", "coordinates": [ 24.424916520963347, 46.433096703167017 ] } },
{ "type": "Feature", "properties": { "point_id": 1817, "lon": 24.424928548741487, "lat": 46.433113324287355, "elevation_m": 409.6707763671875, "distance_m": 5447.4546576523253, "distance_km": 5.4474546576523251, "heading_deg": 26.507095910335295, "slope": 0.0, "slope_deg": 0.0 }, "geometry": { "type": "Point", "coordinates": [ 24.424928548741487, 46.433113324287355 ] } },
{ "type": "Feature", "properties": { "point_id": 1818, "lon": 24.424940576519628, "lat": 46.433129945402627, "elevation_m": 409.6707763671875, "distance_m": 5450.4546576529601, "distance_km": 5.4504546576529602, "heading_deg": 26.507095909604914, "slope": 0.0, "slope_deg": 0.0 }, "geometry": { "type": "Point", "coordinates": [ 24.424940576519628, 46.433129945402627 ] } },
{ "type": "Feature", "properties": { "point_id": 1819, "lon": 24.424952604297765, "lat": 46.433146566512825, "elevation_m": 409.6707763671875, "distance_m": 5453.4546576527619, "distance_km": 5.4534546576527623, "heading_deg": 26.507095903461448, "slope": 0.0, "slope_deg": 0.0 }, "geometry": { "type": "Point", "coordinates": [ 24.424952604297765, 46.433146566512825 ] } },
{ "type": "Feature", "properties": { "point_id": 1820, "lon": 24.424964632075906, "lat": 46.433163187617957, "elevation_m": 409.6707763671875, "distance_m": 5456.4546576525636, "distance_km": 5.4564546576525634, "heading_deg": 30.465685911813921, "slope": 0.0, "slope_deg": 0.0 }, "geometry": { "type": "Point", "coordinates": [ 24.424964632075906, 46.433163187617957 ] } },
{ "type": "Feature", "properties": { "point_id": 1821, "lon": 24.424978276096841, "lat": 46.433179173409457, "elevation_m": 409.6707763671875, "distance_m": 5459.4502761829854, "distance_km": 5.4594502761829853, "heading_deg": 32.888460057871839, "slope": 0.0, "slope_deg": 0.0 }, "geometry": { "type": "Point", "coordinates": [ 24.424978276096841, 46.433179173409457 ] } },
{ "type": "Feature", "properties": { "point_id": 1822, "lon": 24.424992909798583, "lat": 46.433194770175184, "elevation_m": 408.35159301757812, "distance_m": 5462.4502761829053, "distance_km": 5.4624502761829055, "heading_deg": 32.888460051499237, "slope": -0.43972778321485628, "slope_deg": -23.736426096500225 }, "geometry": { "type": "Point", "coordinates": [ 24.424992909798583, 46.433194770175184 ] } },
{ "type": "Feature", "properties": { "point_id": 1823, "lon": 24.425007543500335, "lat": 46.433210366936457, "elevation_m": 408.35159301757812, "distance_m": 5465.4502761830781, "distance_km": 5.4654502761830779, "heading_deg": 32.888460058655482, "slope": 0.0, "slope_deg": 0.0 }, "geometry": { "type": "Point", "coordinates": [ 24.425007543500335, 46.433210366936457 ] } },
{ "type": "Feature", "properties": { "point_id": 1824, "lon": 24.425022177202077, "lat": 46.433225963693253, "elevation_m": 408.35159301757812, "distance_m": 5468.4502761829981, "distance_km": 5.4684502761829981, "heading_deg": 32.888460078921469, "slope": 0.0, "slope_deg": 0.0 }, "geometry": { "type": "Point", "coordinates": [ 24.425022177202077, 46.433225963693253 ] } },
{ "type": "Feature", "properties": { "point_id": 1825, "lon": 24.425036810903826, "lat": 46.433241560445587, "elevation_m": 408.35159301757812, "distance_m": 5471.4502761831709, "distance_km": 5.4714502761831705, "heading_deg": 32.88846008145174, "slope": 0.0, "slope_deg": 0.0 }, "geometry": { "type": "Point", "coordinates": [ 24.425036810903826, 46.433241560445587 ] } },
{ "type": "Feature", "properties": { "point_id": 1826, "lon": 24.425051444605572, "lat": 46.433257157193452, "elevation_m": 408.35159301757812, "distance_m": 5474.4502761823087, "distance_km": 5.4744502761823091, "heading_deg": 32.888460052717562, "slope": 0.0, "slope_deg": 0.0 }, "geometry": { "type": "Point", "coordinates": [ 24.425051444605572, 46.433257157193452 ] } },
{ "type": "Feature", "properties": { "point_id": 1827, "lon": 24.425066078307314, "lat": 46.433272753936869, "elevation_m": 408.35159301757812, "distance_m": 5477.4502761822287, "distance_km": 5.4774502761822284, "heading_deg": 32.888460066955361, "slope": 0.0, "slope_deg": 0.0 }, "geometry": { "type": "Point", "coordinates": [ 24.425066078307314, 46.433272753936869 ] } },
{ "type": "Feature", "properties": { "point_id": 1828, "lon": 24.425080712009063, "lat": 46.433288350675809, "elevation_m": 408.35159301757812, "distance_m": 5480.4502761824015, "distance_km": 5.4804502761824017, "heading_deg": 32.888460070187421, "slope": 0.0, "slope_deg": 0.0 }, "geometry": { "type": "Point", "coordinates": [ 24.425080712009063, 46.433288350675809 ] } },
{ "type": "Feature", "properties": { "point_id": 1829, "lon": 24.425095345710808, "lat": 46.433303947410288, "elevation_m": 408.35159301757812, "distance_m": 5483.4502761823214, "distance_km": 5.4834502761823218, "heading_deg": 32.888460068442669, "slope": 0.0, "slope_deg": 0.0 }, "geometry": { "type": "Point", "coordinates": [ 24.425095345710808, 46.433303947410288 ] } },
{ "type": "Feature", "properties": { "point_id": 1830, "lon": 24.425109979412557, "lat": 46.433319544140303, "elevation_m": 408.35159301757812, "distance_m": 5486.4502761824942, "distance_km": 5.4864502761824943, "heading_deg": 32.888460049312755, "slope": 0.0, "slope_deg": 0.0 }, "geometry": { "type": "Point", "coordinates": [ 24.425109979412557, 46.433319544140303 ] } },
{ "type": "Feature", "properties": { "point_id": 1831, "lon": 24.425124613114299, "lat": 46.433335140865864, "elevation_m": 408.35159301757812, "distance_m": 5489.4502761824142, "distance_km": 5.4894502761824144, "heading_deg": 32.888460069580219, "slope": 0.0, "slope_deg": 0.0 }, "geometry": { "type": "Point", "coordinates": [ 24.425124613114299, 46.433335140865864 ] } },
{ "type": "Feature", "properties": { "point_id": 1832, "lon": 24.425139246816048, "lat": 46.433350737586956, "elevation_m": 408.94357299804688, "distance_m": 5492.450276182587, "distance_km": 5.4924502761825869, "heading_deg": 32.888460066784262, "slope": 0.19732666014488373, "slope_deg": 11.162577147705798 }, "geometry": { "type": "Point", "coordinates": [ 24.425139246816048, 46.433350737586956 ] } },
{ "type": "Feature", "properties": { "point_id": 1833, "lon": 24.425153880517794, "lat": 46.433366334303578, "elevation_m": 408.94357299804688, "distance_m": 5495.450276182507, "distance_km": 5.495450276182507, "heading_deg": 32.888460059712656, "slope": 0.0, "slope_deg": 0.0 }, "geometry": { "type": "Point", "coordinates": [ 24.425153880517794, 46.433366334303578 ] } },
{ "type": "Feature", "properties": { "point_id": 1834, "lon": 24.425168514219539, "lat": 46.433381931015745, "elevation_m": 408.94357299804688, "distance_m": 5498.4502761824269, "distance_km": 5.4984502761824272, "heading_deg": 32.888460078928915, "slope": 0.0, "slope_deg": 0.0 }, "geometry": { "type": "Point", "coordinates": [ 24.425168514219539, 46.433381931015745 ] } },
{ "type": "Feature", "properties": { "point_id": 1835, "lon": 24.425183147921288, "lat": 46.433397527723443, "elevation_m": 408.94357299804688, "distance_m": 5501.4502761825997, "distance_km": 5.5014502761825996, "heading_deg": 32.88846004451824, "slope": 0.0, "slope_deg": 0.0 }, "geometry": { "type": "Point", "coordinates": [ 24.425183147921288, 46.433397527723443 ] } },
{ "type": "Feature", "properties": { "point_id": 1836, "lon": 24.42519778162303, "lat": 46.433413124426686, "elevation_m": 408.94357299804688, "distance_m": 5504.4502761825197, "distance_km": 5.5044502761825198, "heading_deg": 32.888460059459078, "slope": 0.0, "slope_deg": 0.0 }, "geometry": { "type": "Point", "coordinates": [ 24.42519778162303, 46.433413124426686 ] } },
{ "type": "Feature", "properties": { "point_id": 1837, "lon": 24.425212415324783, "lat": 46.433428721125466, "elevation_m": 408.94357299804688, "distance_m": 5507.4502761826925, "distance_km": 5.5074502761826922, "heading_deg": 32.888460071945929, "slope": 0.0, "slope_deg": 0.0 }, "geometry": { "type": "Point", "coordinates": [ 24.425212415324783, 46.433428721125466 ] } },
{ "type": "Feature", "properties": { "point_id": 1838, "lon": 24.425227049026525, "lat": 46.43344431781977, "elevation_m": 408.94357299804688, "distance_m": 5510.4502761826125, "distance_km": 5.5104502761826124, "heading_deg": 32.88846006024886, "slope": 0.0, "slope_deg": 0.0 }, "geometry": { "type": "Point", "coordinates": [ 24.425227049026525, 46.43344431781977 ] } },
{ "type": "Feature", "properties": { "point_id": 1839, "lon": 24.425241682728274, "lat": 46.433459914509619, "elevation_m": 408.94357299804688, "distance_m": 5513.4502761827853, "distance_km": 5.5134502761827857, "heading_deg": 32.888460078764979, "slope": 0.0, "slope_deg": 0.0 }, "geometry": { "type": "Point", "coordinates": [ 24.425241682728274, 46.433459914509619 ] } },
{ "type": "Feature", "properties": { "point_id": 1840, "lon": 24.425256316430019, "lat": 46.433475511194992, "elevation_m": 408.1142578125, "distance_m": 5516.4502761827052, "distance_km": 5.516450276182705, "heading_deg": 32.888460055361236, "slope": -0.27643839518966662, "slope_deg": -15.452842652108458 }, "geometry": { "type": "Point", "coordinates": [ 24.425256316430019, 46.433475511194992 ] } },
{ "type": "Feature", "properties": { "point_id": 1841, "lon": 24.425270950131761, "lat": 46.433491107875916, "elevation_m": 408.1142578125, "distance_m": 5519.4502761826252, "distance_km": 5.5194502761826252, "heading_deg": 32.888460069952487, "slope": 0.0, "slope_deg": 0.0 }, "geometry": { "type": "Point", "coordinates": [ 24.425270950131761, 46.433491107875916 ] } },
{ "type": "Feature", "properties": { "point_id": 1842, "lon": 24.425285583833514, "lat": 46.433506704552372, "elevation_m": 408.1142578125, "distance_m": 5522.450276182798, "distance_km": 5.5224502761827976, "heading_deg": 32.888460061830926, "slope": 0.0, "slope_deg": 0.0 }, "geometry": { "type": "Point", "coordinates": [ 24.425285583833514, 46.433506704552372 ] } },
{ "type": "Feature", "properties": { "point_id": 1843, "lon": 24.425300217535256, "lat": 46.433522301224365, "elevation_m": 408.1142578125, "distance_m": 5525.450276182718, "distance_km": 5.5254502761827178, "heading_deg": 32.888460044807175, "slope": 0.0, "slope_deg": 0.0 }, "geometry": { "type": "Point", "coordinates": [ 24.425300217535256, 46.433522301224365 ] } },
{ "type": "Feature", "properties": { "point_id": 1844, "lon": 24.425314851237008, "lat": 46.433537897891902, "elevation_m": 408.1142578125, "distance_m": 5528.4502761828908, "distance_km": 5.5284502761828911, "heading_deg": 32.888460067950859, "slope": 0.0, "slope_deg": 0.0 }, "geometry": { "type": "Point", "coordinates": [ 24.425314851237008, 46.433537897891902 ] } },
{ "type": "Feature", "properties": { "point_id": 1845, "lon": 24.42532948493875, "lat": 46.433553494554957, "elevation_m": 408.1142578125, "distance_m": 5531.4502761828107, "distance_km": 5.5314502761828104, "heading_deg": 32.888460066559901, "slope": 0.0, "slope_deg": 0.0 }, "geometry": { "type": "Point", "coordinates": [ 24.42532948493875, 46.433553494554957 ] } },
{ "type": "Feature", "properties": { "point_id": 1846, "lon": 24.425344118640496, "lat": 46.433569091213556, "elevation_m": 408.1142578125, "distance_m": 5534.4502761829835, "distance_km": 5.5344502761829837, "heading_deg": 32.888460059140357, "slope": 0.0, "slope_deg": 0.0 }, "geometry": { "type": "Point", "coordinates": [ 24.425344118640496, 46.433569091213556 ] } },
{ "type": "Feature", "properties": { "point_id": 1847, "lon": 24.425358752342245, "lat": 46.433584687867707, "elevation_m": 408.1142578125, "distance_m": 5537.4502761829035, "distance_km": 5.5374502761829039, "heading_deg": 32.888460067703988, "slope": 0.0, "slope_deg": 0.0 }, "geometry": { "type": "Point", "coordinates": [ 24.425358752342245, 46.433584687867707 ] } },
{ "type": "Feature", "properties": { "point_id": 1848, "lon": 24.42537338604399, "lat": 46.433600284517375, "elevation_m": 408.1142578125, "distance_m": 5540.4502761830763, "distance_km": 5.5404502761830763, "heading_deg": 32.888460070940141, "slope": 0.0, "slope_deg": 0.0 }, "geometry": { "type": "Point", "coordinates": [ 24.42537338604399, 46.433600284517375 ] } },
{ "type": "Feature", "properties": { "point_id": 1849, "lon": 24.425388019745739, "lat": 46.433615881162588, "elevation_m": 408.1142578125, "distance_m": 5543.4502761829963, "distance_km": 5.5434502761829965, "heading_deg": 32.888460057842963, "slope": 0.0, "slope_deg": 0.0 }, "geometry": { "type": "Point", "coordinates": [ 24.425388019745739, 46.433615881162588 ] } },
{ "type": "Feature", "properties": { "point_id": 1850, "lon": 24.425402653447481, "lat": 46.433631477803331, "elevation_m": 408.1142578125, "distance_m": 5546.4502761829162, "distance_km": 5.5464502761829166, "heading_deg": 32.888460067108326, "slope": 0.0, "slope_deg": 0.0 }, "geometry": { "type": "Point", "coordinates": [ 24.425402653447481, 46.433631477803331 ] } },
{ "type": "Feature", "properties": { "point_id": 1851, "lon": 24.42541728714923, "lat": 46.433647074439619, "elevation_m": 408.50137329101562, "distance_m": 5549.4502761823078, "distance_km": 5.5494502761823075, "heading_deg": 32.691216077072113, "slope": 0.12903849286471292, "slope_deg": 7.3527307371533279 }, "geometry": { "type": "Point", "coordinates": [ 24.42541728714923, 46.433647074439619 ] } },
{ "type": "Feature", "properties": { "point_id": 1852, "lon": 24.425431842847047, "lat": 46.433662705686437, "elevation_m": 408.50137329101562, "distance_m": 5552.4502738261153, "distance_km": 5.552450273826115, "heading_deg": 32.665068458453277, "slope": 0.0, "slope_deg": 0.0 }, "geometry": { "type": "Point", "coordinates": [ 24.425431842847047, 46.433662705686437 ] } },
{ "type": "Feature", "properties": { "point_id": 1853, "lon": 24.425446388204282, "lat": 46.43367834151752, "elevation_m": 408.50137329101562, "distance_m": 5555.4502738256715, "distance_km": 5.5554502738256719, "heading_deg": 32.665068493502076, "slope": 0.0, "slope_deg": 0.0 }, "geometry": { "type": "Point", "coordinates": [ 24.425446388204282, 46.43367834151752 ] } },
{ "type": "Feature", "properties": { "point_id": 1854, "lon": 24.425460933561521, "lat": 46.433693977344113, "elevation_m": 408.50137329101562, "distance_m": 5558.4502738260117, "distance_km": 5.5584502738260113, "heading_deg": 32.66506849148243, "slope": 0.0, "slope_deg": 0.0 }, "geometry": { "type": "Point", "coordinates": [ 24.425460933561521, 46.433693977344113 ] } },
{ "type": "Feature", "properties": { "point_id": 1855, "lon": 24.425475478918763, "lat": 46.433709613166222, "elevation_m": 408.50137329101562, "distance_m": 5561.4502738258197, "distance_km": 5.5614502738258196, "heading_deg": 32.665068493964554, "slope": 0.0, "slope_deg": 0.0 }, "geometry": { "type": "Point", "coordinates": [ 24.425475478918763, 46.433709613166222 ] } },
{ "type": "Feature", "properties": { "point_id": 1856, "lon": 24.425490024276002, "lat": 46.433725248983833, "elevation_m": 408.50137329101562, "distance_m": 5564.4502738261599, "distance_km": 5.5644502738261599, "heading_deg": 32.665068480560308, "slope": 0.0, "slope_deg": 0.0 }, "geometry": { "type": "Point", "coordinates": [ 24.425490024276002, 46.433725248983833 ] } },
{ "type": "Feature", "properties": { "point_id": 1857, "lon": 24.425504569633237, "lat": 46.433740884796968, "elevation_m": 408.50137329101562, "distance_m": 5567.4502738257161, "distance_km": 5.5674502738257159, "heading_deg": 32.665068484233814, "slope": 0.0, "slope_deg": 0.0 }, "geometry": { "type": "Point", "coordinates": [ 24.425504569633237, 46.433740884796968 ] } },
{ "type": "Feature", "properties": { "point_id": 1858, "lon": 24.425519114990479, "lat": 46.43375652060562, "elevation_m": 408.3582763671875, "distance_m": 5570.4502738263081, "distance_km": 5.5704502738263084, "heading_deg": 32.66506849201204, "slope": -0.047698974599961114, "slope_deg": -2.7308800944097973 }, "geometry": { "type": "Point", "coordinates": [ 24.425519114990479, 46.43375652060562 ] } },
{ "type": "Feature", "properties": { "point_id": 1859, "lon": 24.425533660347718, "lat": 46.433772156409781, "elevation_m": 408.3582763671875, "distance_m": 5573.4502738258643, "distance_km": 5.5734502738258644, "heading_deg": 32.665068484300889, "slope": 0.0, "slope_deg": 0.0 }, "geometry": { "type": "Point", "coordinates": [ 24.425533660347718, 46.433772156409781 ] } },
{ "type": "Feature", "properties": { "point_id": 1860, "lon": 24.425548205704956, "lat": 46.433787792209458, "elevation_m": 408.3582763671875, "distance_m": 5576.4502738262045, "distance_km": 5.5764502738262047, "heading_deg": 32.665068481488504, "slope": 0.0, "slope_deg": 0.0 }, "geometry": { "type": "Point", "coordinates": [ 24.425548205704956, 46.433787792209458 ] } },
{ "type": "Feature", "properties": { "point_id": 1861, "lon": 24.425562751062191, "lat": 46.433803428004644, "elevation_m": 408.3582763671875, "distance_m": 5579.4502738257606, "distance_km": 5.5794502738257608, "heading_deg": 32.665068501446399, "slope": 0.0, "slope_deg": 0.0 }, "geometry": { "type": "Point", "coordinates": [ 24.425562751062191, 46.433803428004644 ] } },
{ "type": "Feature", "properties": { "point_id": 1862, "lon": 24.425577296419434, "lat": 46.433819063795347, "elevation_m": 408.3582763671875, "distance_m": 5582.4502738263527, "distance_km": 5.5824502738263524, "heading_deg": 32.665068492941941, "slope": 0.0, "slope_deg": 0.0 }, "geometry": { "type": "Point", "coordinates": [ 24.425577296419434, 46.433819063795347 ] } },
{ "type": "Feature", "properties": { "point_id": 1863, "lon": 24.425591841776672, "lat": 46.433834699581567, "elevation_m": 408.3582763671875, "distance_m": 5585.4502738259089, "distance_km": 5.5854502738259093, "heading_deg": 32.665068474243526, "slope": 0.0, "slope_deg": 0.0 }, "geometry": { "type": "Point", "coordinates": [ 24.425591841776672, 46.433834699581567 ] } },
{ "type": "Feature", "properties": { "point_id": 1864, "lon": 24.425606387133907, "lat": 46.433850335363296, "elevation_m": 408.3582763671875, "distance_m": 5588.450273826249, "distance_km": 5.5884502738262487, "heading_deg": 32.665068482419997, "slope": 0.0, "slope_deg": 0.0 }, "geometry": { "type": "Point", "coordinates": [ 24.425606387133907, 46.433850335363296 ] } },
{ "type": "Feature", "properties": { "point_id": 1865, "lon": 24.425620932491142, "lat": 46.433865971140541, "elevation_m": 408.3582763671875, "distance_m": 5591.4502738258052, "distance_km": 5.5914502738258056, "heading_deg": 32.665068486095151, "slope": 0.0, "slope_deg": 0.0 }, "geometry": { "type": "Point", "coordinates": [ 24.425620932491142, 46.433865971140541 ] } },
{ "type": "Feature", "properties": { "point_id": 1866, "lon": 24.425635477848385, "lat": 46.433881606913303, "elevation_m": 408.3582763671875, "distance_m": 5594.4502738263973, "distance_km": 5.5944502738263973, "heading_deg": 32.665068493875026, "slope": 0.0, "slope_deg": 0.0 }, "geometry": { "type": "Point", "coordinates": [ 24.425635477848385, 46.433881606913303 ] } },
{ "type": "Feature", "properties": { "point_id": 1867, "lon": 24.425650023205623, "lat": 46.433897242681574, "elevation_m": 408.3582763671875, "distance_m": 5597.4502738259534, "distance_km": 5.5974502738259533, "heading_deg": 32.665068480472996, "slope": 0.0, "slope_deg": 0.0 }, "geometry": { "type": "Point", "coordinates": [ 24.425650023205623, 46.433897242681574 ] } },
{ "type": "Feature", "properties": { "point_id": 1868, "lon": 24.425664568562858, "lat": 46.433912878445362, "elevation_m": 408.3582763671875, "distance_m": 5600.4502738262936, "distance_km": 5.6004502738262936, "heading_deg": 32.665068500035375, "slope": 0.0, "slope_deg": 0.0 }, "geometry": { "type": "Point", "coordinates": [ 24.425664568562858, 46.433912878445362 ] } },
{ "type": "Feature", "properties": { "point_id": 1869, "lon": 24.425679113920101, "lat": 46.433928514204652, "elevation_m": 408.3582763671875, "distance_m": 5603.4502738261017, "distance_km": 5.6034502738261018, "heading_deg": 32.66506847604262, "slope": 0.0, "slope_deg": 0.0 }, "geometry": { "type": "Point", "coordinates": [ 24.425679113920101, 46.433928514204652 ] } },
{ "type": "Feature", "properties": { "point_id": 1870, "lon": 24.425693659277339, "lat": 46.43394414995948, "elevation_m": 408.3582763671875, "distance_m": 5606.4502738264418, "distance_km": 5.6064502738264421, "heading_deg": 32.665068478527814, "slope": 0.0, "slope_deg": 0.0 }, "geometry": { "type": "Point", "coordinates": [ 24.425693659277339, 46.43394414995948 ] } },
{ "type": "Feature", "properties": { "point_id": 1871, "lon": 24.425708204634574, "lat": 46.43395978570981, "elevation_m": 408.47161865234375, "distance_m": 5609.450273825998, "distance_km": 5.6094502738259981, "heading_deg": 32.665068497693824, "slope": 0.037780761724339453, "slope_deg": 2.1636491310207955 }, "geometry": { "type": "Point", "coordinates": [ 24.425708204634574, 46.43395978570981 ] } },
{ "type": "Feature", "properties": { "point_id": 1872, "lon": 24.425722749991813, "lat": 46.433975421455649, "elevation_m": 408.47161865234375, "distance_m": 5612.4502738263382, "distance_km": 5.6124502738263384, "heading_deg": 32.665068495677872, "slope": 0.0, "slope_deg": 0.0 }, "geometry": { "type": "Point", "coordinates": [ 24.425722749991813, 46.433975421455649 ] } },
{ "type": "Feature", "properties": { "point_id": 1873, "lon": 24.425737295349055, "lat": 46.433991057196998, "elevation_m": 408.47161865234375, "distance_m": 5615.4502738261463, "distance_km": 5.6154502738261467, "heading_deg": 32.665068487969563, "slope": 0.0, "slope_deg": 0.0 }, "geometry": { "type": "Point", "coordinates": [ 24.425737295349055, 46.433991057196998 ] } },
{ "type": "Feature", "properties": { "point_id": 1874, "lon": 24.425751840706294, "lat": 46.43400669293387, "elevation_m": 408.47161865234375, "distance_m": 5618.4502738257024, "distance_km": 5.6184502738257027, "heading_deg": 32.665068479070555, "slope": 0.0, "slope_deg": 0.0 }, "geometry": { "type": "Point", "coordinates": [ 24.425751840706294, 46.43400669293387 ] } },
{ "type": "Feature", "properties": { "point_id": 1875, "lon": 24.425766386063529, "lat": 46.434022328666259, "elevation_m": 408.47161865234375, "distance_m": 5621.4502738260426, "distance_km": 5.621450273826043, "heading_deg": 32.66506849373576, "slope": 0.0, "slope_deg": 0.0 }, "geometry": { "type": "Point", "coordinates": [ 24.425766386063529, 46.434022328666259 ] } },
{ "type": "Feature", "properties": { "point_id": 1876, "lon": 24.425780931420768, "lat": 46.434037964394157, "elevation_m": 408.0687255859375, "distance_m": 5624.4502738258507, "distance_km": 5.6244502738258504, "heading_deg": 32.665068496222204, "slope": -0.13429768881067405, "slope_deg": -7.6489248668935224 }, "geometry": { "type": "Point", "coordinates": [ 24.425780931420768, 46.434037964394157 ] } },
{ "type": "Feature", "properties": { "point_id": 1877, "lon": 24.425795476778006, "lat": 46.434053600117565, "elevation_m": 408.0687255859375, "distance_m": 5627.4502738261908, "distance_km": 5.6274502738261907, "heading_deg": 32.665068477526631, "slope": 0.0, "slope_deg": 0.0 }, "geometry": { "type": "Point", "coordinates": [ 24.425795476778006, 46.434053600117565 ] } },
{ "type": "Feature", "properties": { "point_id": 1878, "lon": 24.425810022135241, "lat": 46.434069235836489, "elevation_m": 408.0687255859375, "distance_m": 5630.450273825747, "distance_km": 5.6304502738257467, "heading_deg": 32.665068480807406, "slope": 0.0, "slope_deg": 0.0 }, "geometry": { "type": "Point", "coordinates": [ 24.425810022135241, 46.434069235836489 ] } },
{ "type": "Feature", "properties": { "point_id": 1879, "lon": 24.42582456749248, "lat": 46.434084871550937, "elevation_m": 408.0687255859375, "distance_m": 5633.4502738260871, "distance_km": 5.633450273826087, "heading_deg": 32.665068484088408, "slope": 0.0, "slope_deg": 0.0 }, "geometry": { "type": "Point", "coordinates": [ 24.42582456749248, 46.434084871550937 ] } },
{ "type": "Feature", "properties": { "point_id": 1880, "lon": 24.425839112849722, "lat": 46.434100507260894, "elevation_m": 408.0687255859375, "distance_m": 5636.4502738258952, "distance_km": 5.6364502738258953, "heading_deg": 32.665068497166772, "slope": 0.0, "slope_deg": 0.0 }, "geometry": { "type": "Point", "coordinates": [ 24.425839112849722, 46.434100507260894 ] } },
{ "type": "Feature", "properties": { "point_id": 1881, "lon": 24.425853658206961, "lat": 46.434116142966353, "elevation_m": 408.0687255859375, "distance_m": 5639.4502738262354, "distance_km": 5.6394502738262355, "heading_deg": 32.665068462585339, "slope": 0.0, "slope_deg": 0.0 }, "geometry": { "type": "Point", "coordinates": [ 24.425853658206961, 46.434116142966353 ] } },
{ "type": "Feature", "properties": { "point_id": 1882, "lon": 24.425868203564196, "lat": 46.434131778667343, "elevation_m": 408.0687255859375, "distance_m": 5642.4502738257916, "distance_km": 5.6424502738257916, "heading_deg": 32.665068492741682, "slope": 0.0, "slope_deg": 0.0 }, "geometry": { "type": "Point", "coordinates": [ 24.425868203564196, 46.434131778667343 ] } },
{ "type": "Feature", "properties": { "point_id": 1883, "lon": 24.425882748921438, "lat": 46.434147414363842, "elevation_m": 408.0687255859375, "distance_m": 5645.4502738263836, "distance_km": 5.6454502738263832, "heading_deg": 32.665068484638482, "slope": 0.0, "slope_deg": 0.0 }, "geometry": { "type": "Point", "coordinates": [ 24.425882748921438, 46.434147414363842 ] } },
{ "type": "Feature", "properties": { "point_id": 1884, "lon": 24.425897294278677, "lat": 46.434163050055851, "elevation_m": 408.0687255859375, "distance_m": 5648.4502738259398, "distance_km": 5.6484502738259401, "heading_deg": 32.665068487523513, "slope": 0.0, "slope_deg": 0.0 }, "geometry": { "type": "Point", "coordinates": [ 24.425897294278677, 46.434163050055851 ] } },
{ "type": "Feature", "properties": { "point_id": 1885, "lon": 24.425911839635916, "lat": 46.434178685743376, "elevation_m": 408.0687255859375, "distance_m": 5651.45027382628, "distance_km": 5.6514502738262795, "heading_deg": 32.665068490011777, "slope": 0.0, "slope_deg": 0.0 }, "geometry": { "type": "Point", "coordinates": [ 24.425911839635916, 46.434178685743376 ] } },
{ "type": "Feature", "properties": { "point_id": 1886, "lon": 24.425926384993151, "lat": 46.434194321426411, "elevation_m": 408.0687255859375, "distance_m": 5654.4502738258361, "distance_km": 5.6544502738258364, "heading_deg": 32.665068488792542, "slope": 0.0, "slope_deg": 0.0 }, "geometry": { "type": "Point", "coordinates": [ 24.425926384993151, 46.434194321426411 ] } },
{ "type": "Feature", "properties": { "point_id": 1887, "lon": 24.425940930350393, "lat": 46.434209957104962, "elevation_m": 408.0687255859375, "distance_m": 5657.4502738264282, "distance_km": 5.6574502738264281, "heading_deg": 32.665068485588733, "slope": 0.0, "slope_deg": 0.0 }, "geometry": { "type": "Point", "coordinates": [ 24.425940930350393, 46.434209957104962 ] } },
{ "type": "Feature", "properties": { "point_id": 1888, "lon": 24.425955475707632, "lat": 46.434225592779029, "elevation_m": 408.0687255859375, "distance_m": 5660.4502738259844, "distance_km": 5.6604502738259841, "heading_deg": 32.665068488077679, "slope": 0.0, "slope_deg": 0.0 }, "geometry": { "type": "Point", "coordinates": [ 24.425955475707632, 46.434225592779029 ] } },
{ "type": "Feature", "properties": { "point_id": 1889, "lon": 24.425970021064867, "lat": 46.434241228448613, "elevation_m": 408.0687255859375, "distance_m": 5663.4502738263245, "distance_km": 5.6634502738263244, "heading_deg": 32.665068491360671, "slope": 0.0, "slope_deg": 0.0 }, "geometry": { "type": "Point", "coordinates": [ 24.425970021064867, 46.434241228448613 ] } },
{ "type": "Feature", "properties": { "point_id": 1890, "lon": 24.425984566422105, "lat": 46.434256864113699, "elevation_m": 408.644775390625, "distance_m": 5666.4502738261326, "distance_km": 5.6664502738261326, "heading_deg": 32.66506847306465, "slope": 0.19201660157478287, "slope_deg": 10.869442719153897 }, "geometry": { "type": "Point", "coordinates": [ 24.425984566422105, 46.434256864113699 ] } },
{ "type": "Feature", "properties": { "point_id": 1891, "lon": 24.425999111779344, "lat": 46.434272499774316, "elevation_m": 408.644775390625, "distance_m": 5669.4502738264728, "distance_km": 5.6694502738264729, "heading_deg": 32.665068491837872, "slope": 0.0, "slope_deg": 0.0 }, "geometry": { "type": "Point", "coordinates": [ 24.425999111779344, 46.434272499774316 ] } },
{ "type": "Feature", "properties": { "point_id": 1892, "lon": 24.426013657136583, "lat": 46.434288135430435, "elevation_m": 408.644775390625, "distance_m": 5672.4502738260289, "distance_km": 5.672450273826029, "heading_deg": 32.665068483736491, "slope": 0.0, "slope_deg": 0.0 }, "geometry": { "type": "Point", "coordinates": [ 24.426013657136583, 46.434288135430435 ] } },
{ "type": "Feature", "properties": { "point_id": 1893, "lon": 24.426028202493818, "lat": 46.434303771082071, "elevation_m": 408.644775390625, "distance_m": 5675.4502738263691, "distance_km": 5.6754502738263692, "heading_deg": 32.665068487417273, "slope": 0.0, "slope_deg": 0.0 }, "geometry": { "type": "Point", "coordinates": [ 24.426028202493818, 46.434303771082071 ] } },
{ "type": "Feature", "properties": { "point_id": 1894, "lon": 24.42604274785106, "lat": 46.434319406729223, "elevation_m": 408.07421875, "distance_m": 5678.4502738261772, "distance_km": 5.6784502738261775, "heading_deg": 32.665068479316233, "slope": -0.19018554688716574, "slope_deg": -10.768227383445737 }, "geometry": { "type": "Point", "coordinates": [ 24.42604274785106, 46.434319406729223 ] } },
{ "type": "Feature", "properties": { "point_id": 1895, "lon": 24.426057293208299, "lat": 46.434335042371885, "elevation_m": 408.07421875, "distance_m": 5681.4502738257333, "distance_km": 5.6814502738257335, "heading_deg": 32.665068492397779, "slope": 0.0, "slope_deg": 0.0 }, "geometry": { "type": "Point", "coordinates": [ 24.426057293208299, 46.434335042371885 ] } },
{ "type": "Feature", "properties": { "point_id": 1896, "lon": 24.426071838565534, "lat": 46.43435067801007, "elevation_m": 408.07421875, "distance_m": 5684.4502738260735, "distance_km": 5.6844502738260738, "heading_deg": 32.665068495682249, "slope": 0.0, "slope_deg": 0.0 }, "geometry": { "type": "Point", "coordinates": [ 24.426071838565534, 46.43435067801007 ] } },
{ "type": "Feature", "properties": { "point_id": 1897, "lon": 24.426086383922772, "lat": 46.43436631364375, "elevation_m": 408.07421875, "distance_m": 5687.4502738256297, "distance_km": 5.6874502738256298, "heading_deg": 32.665068488375709, "slope": 0.0, "slope_deg": 0.0 }, "geometry": { "type": "Point", "coordinates": [ 24.426086383922772, 46.43436631364375 ] } },
{ "type": "Feature", "properties": { "point_id": 1898, "lon": 24.426100929280015, "lat": 46.434381949272961, "elevation_m": 408.07421875, "distance_m": 5690.4502738262217, "distance_km": 5.6904502738262215, "heading_deg": 32.665068474979932, "slope": 0.0, "slope_deg": 0.0 }, "geometry": { "type": "Point", "coordinates": [ 24.426100929280015, 46.434381949272961 ] } },
{ "type": "Feature", "properties": { "point_id": 1899, "lon": 24.426115474637253, "lat": 46.434397584897681, "elevation_m": 408.07421875, "distance_m": 5693.4502738257779, "distance_km": 5.6934502738257775, "heading_deg": 32.665068498653454, "slope": 0.0, "slope_deg": 0.0 }, "geometry": { "type": "Point", "coordinates": [ 24.426115474637253, 46.434397584897681 ] } },
{ "type": "Feature", "properties": { "point_id": 1900, "lon": 24.426130019994488, "lat": 46.434413220517911, "elevation_m": 408.07421875, "distance_m": 5696.4502738261181, "distance_km": 5.6964502738261178, "heading_deg": 32.665068497437005, "slope": 0.0, "slope_deg": 0.0 }, "geometry": { "type": "Point", "coordinates": [ 24.426130019994488, 46.434413220517911 ] } },
{ "type": "Feature", "properties": { "point_id": 1901, "lon": 24.426144565351731, "lat": 46.434428856133657, "elevation_m": 408.07421875, "distance_m": 5699.4502738259262, "distance_km": 5.6994502738259261, "heading_deg": 32.665068467361209, "slope": 0.0, "slope_deg": 0.0 }, "geometry": { "type": "Point", "coordinates": [ 24.426144565351731, 46.434428856133657 ] } },
{ "type": "Feature", "properties": { "point_id": 1902, "lon": 24.426159110708966, "lat": 46.434444491744934, "elevation_m": 408.07421875, "distance_m": 5702.4502738262663, "distance_km": 5.7024502738262663, "heading_deg": 32.665068486136704, "slope": 0.0, "slope_deg": 0.0 }, "geometry": { "type": "Point", "coordinates": [ 24.426159110708966, 46.434444491744934 ] } },
{ "type": "Feature", "properties": { "point_id": 1903, "lon": 24.426173656066201, "lat": 46.434460127351699, "elevation_m": 408.07421875, "distance_m": 5705.4502738258225, "distance_km": 5.7054502738258224, "heading_deg": 32.665068494718184, "slope": 0.0, "slope_deg": 0.0 }, "geometry": { "type": "Point", "coordinates": [ 24.426173656066201, 46.434460127351699 ] } },
{ "type": "Feature", "properties": { "point_id": 1904, "lon": 24.426188201423439, "lat": 46.434475762953994, "elevation_m": 408.07421875, "distance_m": 5708.4502738261626, "distance_km": 5.7084502738261627, "heading_deg": 32.665068482117476, "slope": 0.0, "slope_deg": 0.0 }, "geometry": { "type": "Point", "coordinates": [ 24.426188201423439, 46.434475762953994 ] } },
{ "type": "Feature", "properties": { "point_id": 1905, "lon": 24.426202746780682, "lat": 46.434491398551799, "elevation_m": 408.07421875, "distance_m": 5711.4502738259707, "distance_km": 5.7114502738259709, "heading_deg": 32.665068484609947, "slope": 0.0, "slope_deg": 0.0 }, "geometry": { "type": "Point", "coordinates": [ 24.426202746780682, 46.434491398551799 ] } },
{ "type": "Feature", "properties": { "point_id": 1906, "lon": 24.42621729213792, "lat": 46.434507034145113, "elevation_m": 408.07421875, "distance_m": 5714.4502738263109, "distance_km": 5.7144502738263112, "heading_deg": 33.960239541771443, "slope": 0.0, "slope_deg": 0.0 }, "geometry": { "type": "Point", "coordinates": [ 24.42621729213792, 46.434507034145113 ] } },
{ "type": "Feature", "properties": { "point_id": 1907, "lon": 24.42623234592623, "lat": 46.434522438489729, "elevation_m": 408.07421875, "distance_m": 5717.4501439336937, "distance_km": 5.7174501439336938, "heading_deg": 34.179722305556481, "slope": 0.0, "slope_deg": 0.0 }, "geometry": { "type": "Point", "coordinates": [ 24.42623234592623, 46.434522438489729 ] } },
{ "type": "Feature", "properties": { "point_id": 1908, "lon": 24.426247485881614, "lat": 46.434537803639564, "elevation_m": 408.07421875, "distance_m": 5720.4501439340556, "distance_km": 5.7204501439340554, "heading_deg": 34.179722365799989, "slope": 0.0, "slope_deg": 0.0 }, "geometry": { "type": "Point", "coordinates": [ 24.426247485881614, 46.434537803639564 ] } },
{ "type": "Feature", "properties": { "point_id": 1909, "lon": 24.426262625837001, "lat": 46.434553168785044, "elevation_m": 408.58676147460938, "distance_m": 5723.4501439339092, "distance_km": 5.7234501439339089, "heading_deg": 34.179722326662386, "slope": 0.17084757487813065, "slope_deg": 9.6952371254050966 }, "geometry": { "type": "Point", "coordinates": [ 24.426262625837001, 46.434553168785044 ] } },
{ "type": "Feature", "properties": { "point_id": 1910, "lon": 24.426277765792385, "lat": 46.43456853392621, "elevation_m": 408.58676147460938, "distance_m": 5726.4501439335008, "distance_km": 5.7264501439335005, "heading_deg": 34.179722315167282, "slope": 0.0, "slope_deg": 0.0 }, "geometry": { "type": "Point", "coordinates": [ 24.426277765792385, 46.43456853392621 ] } },
{ "type": "Feature", "properties": { "point_id": 1911, "lon": 24.426292905747768, "lat": 46.43458389906305, "elevation_m": 408.13665771484375, "distance_m": 5729.4501439338628, "distance_km": 5.729450143933863, "heading_deg": 34.17972234225698, "slope": -0.15003458657043856, "slope_deg": -8.5327036583184395 }, "geometry": { "type": "Point", "coordinates": [ 24.426292905747768, 46.43458389906305 ] } },
{ "type": "Feature", "properties": { "point_id": 1912, "lon": 24.426308045703152, "lat": 46.434599264195541, "elevation_m": 408.13665771484375, "distance_m": 5732.4501439334545, "distance_km": 5.7324501439334545, "heading_deg": 34.179722308713963, "slope": 0.0, "slope_deg": 0.0 }, "geometry": { "type": "Point", "coordinates": [ 24.426308045703152, 46.434599264195541 ] } },
{ "type": "Feature", "properties": { "point_id": 1913, "lon": 24.426323185658536, "lat": 46.434614629323718, "elevation_m": 408.13665771484375, "distance_m": 5735.4501439338164, "distance_km": 5.7354501439338161, "heading_deg": 34.179722341480101, "slope": 0.0, "slope_deg": 0.0 }, "geometry": { "type": "Point", "coordinates": [ 24.426323185658536, 46.434614629323718 ] } },
{ "type": "Feature", "properties": { "point_id": 1914, "lon": 24.426338325613926, "lat": 46.434629994447555, "elevation_m": 408.13665771484375, "distance_m": 5738.45014393367, "distance_km": 5.7384501439336697, "heading_deg": 34.179722318715733, "slope": 0.0, "slope_deg": 0.0 }, "geometry": { "type": "Point", "coordinates": [ 24.426338325613926, 46.434629994447555 ] } },
{ "type": "Feature", "properties": { "point_id": 1915, "lon": 24.42635346556931, "lat": 46.434645359567057, "elevation_m": 408.13665771484375, "distance_m": 5741.450143934032, "distance_km": 5.7414501439340322, "heading_deg": 34.179722334782127, "slope": 0.0, "slope_deg": 0.0 }, "geometry": { "type": "Point", "coordinates": [ 24.42635346556931, 46.434645359567057 ] } },
{ "type": "Feature", "properties": { "point_id": 1916, "lon": 24.42636860552469, "lat": 46.434660724682224, "elevation_m": 408.13665771484375, "distance_m": 5744.4501439336236, "distance_km": 5.7444501439336237, "heading_deg": 34.179722339906448, "slope": 0.0, "slope_deg": 0.0 }, "geometry": { "type": "Point", "coordinates": [ 24.42636860552469, 46.434660724682224 ] } },
{ "type": "Feature", "properties": { "point_id": 1917, "lon": 24.426383745480074, "lat": 46.434676089793058, "elevation_m": 408.13665771484375, "distance_m": 5747.4501439339856, "distance_km": 5.7474501439339853, "heading_deg": 34.179722328412765, "slope": 0.0, "slope_deg": 0.0 }, "geometry": { "type": "Point", "coordinates": [ 24.426383745480074, 46.434676089793058 ] } },
{ "type": "Feature", "properties": { "point_id": 1918, "lon": 24.426398885435457, "lat": 46.434691454899564, "elevation_m": 408.13665771484375, "distance_m": 5750.4501439335772, "distance_km": 5.7504501439335769, "heading_deg": 34.179722333619509, "slope": 0.0, "slope_deg": 0.0 }, "geometry": { "type": "Point", "coordinates": [ 24.426398885435457, 46.434691454899564 ] } },
{ "type": "Feature", "properties": { "point_id": 1919, "lon": 24.426414025390848, "lat": 46.434706820001743, "elevation_m": 408.13665771484375, "distance_m": 5753.4501439342012, "distance_km": 5.7534501439342014, "heading_deg": 34.179722327474394, "slope": 0.0, "slope_deg": 0.0 }, "geometry": { "type": "Point", "coordinates": [ 24.426414025390848, 46.434706820001743 ] } },
{ "type": "Feature", "properties": { "point_id": 1920, "lon": 24.426429165346232, "lat": 46.434722185099581, "elevation_m": 408.13665771484375, "distance_m": 5756.4501439337928, "distance_km": 5.756450143933793, "heading_deg": 34.17972231598128, "slope": 0.0, "slope_deg": 0.0 }, "geometry": { "type": "Point", "coordinates": [ 24.426429165346232, 46.434722185099581 ] } },
{ "type": "Feature", "properties": { "point_id": 1921, "lon": 24.426444305301615, "lat": 46.434737550193098, "elevation_m": 408.13665771484375, "distance_m": 5759.4501439341548, "distance_km": 5.7594501439341546, "heading_deg": 34.179722326454851, "slope": 0.0, "slope_deg": 0.0 }, "geometry": { "type": "Point", "coordinates": [ 24.426444305301615, 46.434737550193098 ] } },
{ "type": "Feature", "properties": { "point_id": 1922, "lon": 24.426459445256999, "lat": 46.434752915282274, "elevation_m": 408.13665771484375, "distance_m": 5762.4501439337464, "distance_km": 5.7624501439337461, "heading_deg": 34.179722342604634, "slope": 0.0, "slope_deg": 0.0 }, "geometry": { "type": "Point", "coordinates": [ 24.426459445256999, 46.434752915282274 ] } },
{ "type": "Feature", "properties": { "point_id": 1923, "lon": 24.426474585212382, "lat": 46.434768280367116, "elevation_m": 408.13665771484375, "distance_m": 5765.450143933338, "distance_km": 5.7654501439333377, "heading_deg": 34.179722331194114, "slope": 0.0, "slope_deg": 0.0 }, "geometry": { "type": "Point", "coordinates": [ 24.426474585212382, 46.434768280367116 ] } },
{ "type": "Feature", "properties": { "point_id": 1924, "lon": 24.42648972516777, "lat": 46.434783645447631, "elevation_m": 408.13665771484375, "distance_m": 5768.450143933962, "distance_km": 5.7684501439339622, "heading_deg": 34.17972233064404, "slope": 0.0, "slope_deg": 0.0 }, "geometry": { "type": "Point", "coordinates": [ 24.42648972516777, 46.434783645447631 ] } },
{ "type": "Feature", "properties": { "point_id": 1925, "lon": 24.426504865123153, "lat": 46.434799010523804, "elevation_m": 408.13665771484375, "distance_m": 5771.4501439335536, "distance_km": 5.7714501439335537, "heading_deg": 34.179722313639843, "slope": 0.0, "slope_deg": 0.0 }, "geometry": { "type": "Point", "coordinates": [ 24.426504865123153, 46.434799010523804 ] } },
{ "type": "Feature", "properties": { "point_id": 1926, "lon": 24.426520005078537, "lat": 46.434814375595664, "elevation_m": 408.13665771484375, "distance_m": 5774.4501439339156, "distance_km": 5.7744501439339153, "heading_deg": 34.179722335220561, "slope": 0.0, "slope_deg": 0.0 }, "geometry": { "type": "Point", "coordinates": [ 24.426520005078537, 46.434814375595664 ] } },
{ "type": "Feature", "properties": { "point_id": 1927, "lon": 24.42653514503392, "lat": 46.434829740663176, "elevation_m": 408.3017578125, "distance_m": 5777.4501439335072, "distance_km": 5.7774501439335069, "heading_deg": 34.179722329322942, "slope": 0.055033365892907866, "slope_deg": 3.1500020553913131 }, "geometry": { "type": "Point", "coordinates": [ 24.42653514503392, 46.434829740663176 ] } },
{ "type": "Feature", "properties": { "point_id": 1928, "lon": 24.426550284989307, "lat": 46.43484510572636, "elevation_m": 408.3017578125, "distance_m": 5780.4501439338692, "distance_km": 5.7804501439338694, "heading_deg": 34.179722339879902, "slope": 0.0, "slope_deg": 0.0 }, "geometry": { "type": "Point", "coordinates": [ 24.426550284989307, 46.43484510572636 ] } },
{ "type": "Feature", "properties": { "point_id": 1929, "lon": 24.426565424944695, "lat": 46.43486047078521, "elevation_m": 408.3017578125, "distance_m": 5783.4501439337228, "distance_km": 5.7834501439337229, "heading_deg": 34.179722317200458, "slope": 0.0, "slope_deg": 0.0 }, "geometry": { "type": "Point", "coordinates": [ 24.426565424944695, 46.43486047078521 ] } },
{ "type": "Feature", "properties": { "point_id": 1930, "lon": 24.426580564900078, "lat": 46.434875835839733, "elevation_m": 408.2169189453125, "distance_m": 5786.4501439340847, "distance_km": 5.7864501439340845, "heading_deg": 34.179722333351833, "slope": -0.028279622392421124, "slope_deg": -1.6198712776745698 }, "geometry": { "type": "Point", "coordinates": [ 24.426580564900078, 46.434875835839733 ] } },
{ "type": "Feature", "properties": { "point_id": 1931, "lon": 24.426595704855462, "lat": 46.434891200889922, "elevation_m": 408.2169189453125, "distance_m": 5789.4501439336764, "distance_km": 5.7894501439336761, "heading_deg": 34.17972231634883, "slope": 0.0, "slope_deg": 0.0 }, "geometry": { "type": "Point", "coordinates": [ 24.426595704855462, 46.434891200889922 ] } },
{ "type": "Feature", "properties": { "point_id": 1932, "lon": 24.426610844810845, "lat": 46.434906565935783, "elevation_m": 408.2169189453125, "distance_m": 5792.4501439340384, "distance_km": 5.7924501439340386, "heading_deg": 34.179722343442961, "slope": 0.0, "slope_deg": 0.0 }, "geometry": { "type": "Point", "coordinates": [ 24.426610844810845, 46.434906565935783 ] } },
{ "type": "Feature", "properties": { "point_id": 1933, "lon": 24.426625984766229, "lat": 46.434921930977296, "elevation_m": 408.2169189453125, "distance_m": 5795.45014393363, "distance_km": 5.7954501439336301, "heading_deg": 34.179722326522267, "slope": 0.0, "slope_deg": 0.0 }, "geometry": { "type": "Point", "coordinates": [ 24.426625984766229, 46.434921930977296 ] } },
{ "type": "Feature", "properties": { "point_id": 1934, "lon": 24.426641124721616, "lat": 46.434937296014496, "elevation_m": 408.2169189453125, "distance_m": 5798.4501439342539, "distance_km": 5.7984501439342537, "heading_deg": 34.179722342510615, "slope": 0.0, "slope_deg": 0.0 }, "geometry": { "type": "Point", "coordinates": [ 24.426641124721616, 46.434937296014496 ] } },
{ "type": "Feature", "properties": { "point_id": 1935, "lon": 24.426656264677, "lat": 46.434952661047348, "elevation_m": 408.2169189453125, "distance_m": 5801.4501439338455, "distance_km": 5.8014501439338453, "heading_deg": 34.179722336614589, "slope": 0.0, "slope_deg": 0.0 }, "geometry": { "type": "Point", "coordinates": [ 24.426656264677, 46.434952661047348 ] } },
{ "type": "Feature", "properties": { "point_id": 1936, "lon": 24.426671404632387, "lat": 46.434968026075872, "elevation_m": 408.2169189453125, "distance_m": 5804.4501439334372, "distance_km": 5.8044501439334368, "heading_deg": 34.179722313936509, "slope": 0.0, "slope_deg": 0.0 }, "geometry": { "type": "Point", "coordinates": [ 24.426671404632387, 46.434968026075872 ] } },
{ "type": "Feature", "properties": { "point_id": 1937, "lon": 24.426686544587771, "lat": 46.434983391100069, "elevation_m": 408.2169189453125, "distance_m": 5807.4501439337992, "distance_km": 5.8074501439337993, "heading_deg": 34.179722313552986, "slope": 0.0, "slope_deg": 0.0 }, "geometry": { "type": "Point", "coordinates": [ 24.426686544587771, 46.434983391100069 ] } },
{ "type": "Feature", "properties": { "point_id": 1938, "lon": 24.426701684543154, "lat": 46.434998756119938, "elevation_m": 408.2169189453125, "distance_m": 5810.4501439333908, "distance_km": 5.8104501439333909, "heading_deg": 34.179722346242443, "slope": 0.0, "slope_deg": 0.0 }, "geometry": { "type": "Point", "coordinates": [ 24.426701684543154, 46.434998756119938 ] } },
{ "type": "Feature", "properties": { "point_id": 1939, "lon": 24.426716824498541, "lat": 46.435014121135467, "elevation_m": 408.2169189453125, "distance_m": 5813.4501439340147, "distance_km": 5.8134501439340145, "heading_deg": 34.179722334671169, "slope": 0.0, "slope_deg": 0.0 }, "geometry": { "type": "Point", "coordinates": [ 24.426716824498541, 46.435014121135467 ] } },
{ "type": "Feature", "properties": { "point_id": 1940, "lon": 24.426731964453925, "lat": 46.435029486146661, "elevation_m": 408.2169189453125, "distance_m": 5816.4501439336063, "distance_km": 5.816450143933606, "heading_deg": 34.179722334206303, "slope": 0.0, "slope_deg": 0.0 }, "geometry": { "type": "Point", "coordinates": [ 24.426731964453925, 46.435029486146661 ] } },
{ "type": "Feature", "properties": { "point_id": 1941, "lon": 24.426747104409309, "lat": 46.435044851153528, "elevation_m": 408.2169189453125, "distance_m": 5819.4501439339683, "distance_km": 5.8194501439339685, "heading_deg": 34.179722328229559, "slope": 0.0, "slope_deg": 0.0 }, "geometry": { "type": "Point", "coordinates": [ 24.426747104409309, 46.435044851153528 ] } },
{ "type": "Feature", "properties": { "point_id": 1942, "lon": 24.426762244364692, "lat": 46.43506021615606, "elevation_m": 408.2169189453125, "distance_m": 5822.45014393356, "distance_km": 5.8224501439335601, "heading_deg": 34.179722316740822, "slope": 0.0, "slope_deg": 0.0 }, "geometry": { "type": "Point", "coordinates": [ 24.426762244364692, 46.43506021615606 ] } },
{ "type": "Feature", "properties": { "point_id": 1943, "lon": 24.426777384320076, "lat": 46.435075581154265, "elevation_m": 408.2169189453125, "distance_m": 5825.4501439339219, "distance_km": 5.8254501439339217, "heading_deg": 34.179722349513213, "slope": 0.0, "slope_deg": 0.0 }, "geometry": { "type": "Point", "coordinates": [ 24.426777384320076, 46.435075581154265 ] } },
{ "type": "Feature", "properties": { "point_id": 1944, "lon": 24.426792524275466, "lat": 46.435090946148136, "elevation_m": 408.2169189453125, "distance_m": 5828.4501439337755, "distance_km": 5.8284501439337753, "heading_deg": 34.179722304706274, "slope": 0.0, "slope_deg": 0.0 }, "geometry": { "type": "Point", "coordinates": [ 24.426792524275466, 46.435090946148136 ] } },
{ "type": "Feature", "properties": { "point_id": 1945, "lon": 24.42680766423085, "lat": 46.43510631113768, "elevation_m": 408.30795288085938, "distance_m": 5831.4501439341375, "distance_km": 5.8314501439341377, "heading_deg": 34.179722337315241, "slope": 0.030344645178630295, "slope_deg": 1.7380867551793218 }, "geometry": { "type": "Point", "coordinates": [ 24.42680766423085, 46.43510631113768 ] } },
{ "type": "Feature", "properties": { "point_id": 1946, "lon": 24.42682280418623, "lat": 46.435121676122883, "elevation_m": 408.30795288085938, "distance_m": 5834.4501439337291, "distance_km": 5.8344501439337293, "heading_deg": 34.179722336933537, "slope": 0.0, "slope_deg": 0.0 }, "geometry": { "type": "Point", "coordinates": [ 24.42682280418623, 46.435121676122883 ] } },
{ "type": "Feature", "properties": { "point_id": 1947, "lon": 24.426837944141614, "lat": 46.435137041103751, "elevation_m": 408.30795288085938, "distance_m": 5837.4501439340911, "distance_km": 5.8374501439340909, "heading_deg": 34.179722325445823, "slope": 0.0, "slope_deg": 0.0 }, "geometry": { "type": "Point", "coordinates": [ 24.426837944141614, 46.435137041103751 ] } },
{ "type": "Feature", "properties": { "point_id": 1948, "lon": 24.426853084096997, "lat": 46.435152406080292, "elevation_m": 408.23040771484375, "distance_m": 5840.4501439336827, "distance_km": 5.8404501439336824, "heading_deg": 34.179722358137326, "slope": -0.025848388675393508, "slope_deg": -1.4806738716304406 }, "geometry": { "type": "Point", "coordinates": [ 24.426853084096997, 46.435152406080292 ] } },
{ "type": "Feature", "properties": { "point_id": 1949, "lon": 24.426868224052384, "lat": 46.435167771052491, "elevation_m": 408.23040771484375, "distance_m": 5843.4501439335363, "distance_km": 5.843450143933536, "heading_deg": 34.179722324601471, "slope": 0.0, "slope_deg": 0.0 }, "geometry": { "type": "Point", "coordinates": [ 24.426868224052384, 46.435167771052491 ] } },
{ "type": "Feature", "properties": { "point_id": 1950, "lon": 24.426883364007772, "lat": 46.435183136020378, "elevation_m": 408.23040771484375, "distance_m": 5846.4501439338983, "distance_km": 5.8464501439338985, "heading_deg": 34.179722313032357, "slope": 0.0, "slope_deg": 0.0 }, "geometry": { "type": "Point", "coordinates": [ 24.426883364007772, 46.435183136020378 ] } },
{ "type": "Feature", "properties": { "point_id": 1951, "lon": 24.426898503963155, "lat": 46.435198500983923, "elevation_m": 408.23040771484375, "distance_m": 5849.4501439334899, "distance_km": 5.8494501439334901, "heading_deg": 34.179722340048556, "slope": 0.0, "slope_deg": 0.0 }, "geometry": { "type": "Point", "coordinates": [ 24.426898503963155, 46.435198500983923 ] } },
{ "type": "Feature", "properties": { "point_id": 1952, "lon": 24.426913643918539, "lat": 46.435213865943133, "elevation_m": 408.23040771484375, "distance_m": 5852.4501439338519, "distance_km": 5.8524501439338517, "heading_deg": 34.179722334155883, "slope": 0.0, "slope_deg": 0.0 }, "geometry": { "type": "Point", "coordinates": [ 24.426913643918539, 46.435213865943133 ] } },
{ "type": "Feature", "properties": { "point_id": 1953, "lon": 24.426928783873922, "lat": 46.43522923089801, "elevation_m": 408.23040771484375, "distance_m": 5855.4501439334435, "distance_km": 5.8554501439334432, "heading_deg": 34.179722317239111, "slope": 0.0, "slope_deg": 0.0 }, "geometry": { "type": "Point", "coordinates": [ 24.426928783873922, 46.43522923089801 ] } },
{ "type": "Feature", "properties": { "point_id": 1954, "lon": 24.42694392382931, "lat": 46.435244595848566, "elevation_m": 408.23040771484375, "distance_m": 5858.4501439340675, "distance_km": 5.8584501439340677, "heading_deg": 34.179722349768099, "slope": 0.0, "slope_deg": 0.0 }, "geometry": { "type": "Point", "coordinates": [ 24.42694392382931, 46.435244595848566 ] } },
{ "type": "Feature", "properties": { "point_id": 1955, "lon": 24.426959063784693, "lat": 46.435259960794767, "elevation_m": 408.23040771484375, "distance_m": 5861.4501439336591, "distance_km": 5.8614501439336593, "heading_deg": 34.179722316233324, "slope": 0.0, "slope_deg": 0.0 }, "geometry": { "type": "Point", "coordinates": [ 24.426959063784693, 46.435259960794767 ] } },
{ "type": "Feature", "properties": { "point_id": 1956, "lon": 24.426974203740077, "lat": 46.435275325736662, "elevation_m": 408.23040771484375, "distance_m": 5864.4501439340211, "distance_km": 5.8644501439340209, "heading_deg": 34.179722348844621, "slope": 0.0, "slope_deg": 0.0 }, "geometry": { "type": "Point", "coordinates": [ 24.426974203740077, 46.435275325736662 ] } },
{ "type": "Feature", "properties": { "point_id": 1957, "lon": 24.42698934369546, "lat": 46.435290690674208, "elevation_m": 408.23040771484375, "distance_m": 5867.4501439336127, "distance_km": 5.8674501439336124, "heading_deg": 34.179722315392155, "slope": 0.0, "slope_deg": 0.0 }, "geometry": { "type": "Point", "coordinates": [ 24.42698934369546, 46.435290690674208 ] } },
{ "type": "Feature", "properties": { "point_id": 1958, "lon": 24.427004483650848, "lat": 46.435306055607434, "elevation_m": 408.23040771484375, "distance_m": 5870.4501439339747, "distance_km": 5.8704501439339749, "heading_deg": 34.179722348003907, "slope": 0.0, "slope_deg": 0.0 }, "geometry": { "type": "Point", "coordinates": [ 24.427004483650848, 46.435306055607434 ] } },
{ "type": "Feature", "properties": { "point_id": 1959, "lon": 24.427019623606235, "lat": 46.435321420536312, "elevation_m": 408.23040771484375, "distance_m": 5873.4501439338283, "distance_km": 5.8734501439338285, "heading_deg": 34.179722319818268, "slope": 0.0, "slope_deg": 0.0 }, "geometry": { "type": "Point", "coordinates": [ 24.427019623606235, 46.435321420536312 ] } },
{ "type": "Feature", "properties": { "point_id": 1960, "lon": 24.427034763561618, "lat": 46.435336785460869, "elevation_m": 408.23040771484375, "distance_m": 5876.4501439341902, "distance_km": 5.8764501439341901, "heading_deg": 34.17972231943935, "slope": 0.0, "slope_deg": 0.0 }, "geometry": { "type": "Point", "coordinates": [ 24.427034763561618, 46.435336785460869 ] } },
{ "type": "Feature", "properties": { "point_id": 1961, "lon": 24.427049903517002, "lat": 46.435352150381092, "elevation_m": 408.23040771484375, "distance_m": 5879.4501439337819, "distance_km": 5.8794501439337816, "heading_deg": 34.17972233551518, "slope": 0.0, "slope_deg": 0.0 }, "geometry": { "type": "Point", "coordinates": [ 24.427049903517002, 46.435352150381092 ] } },
{ "type": "Feature", "properties": { "point_id": 1962, "lon": 24.427065043472385, "lat": 46.435367515296981, "elevation_m": 408.23040771484375, "distance_m": 5882.4501439333735, "distance_km": 5.8824501439333732, "heading_deg": 34.179722324030422, "slope": 0.0, "slope_deg": 0.0 }, "geometry": { "type": "Point", "coordinates": [ 24.427065043472385, 46.435367515296981 ] } },
{ "type": "Feature", "properties": { "point_id": 1963, "lon": 24.427080183427769, "lat": 46.435382880208543, "elevation_m": 408.23040771484375, "distance_m": 5885.4501439337355, "distance_km": 5.8854501439337357, "heading_deg": 34.179722334676455, "slope": 0.0, "slope_deg": 0.0 }, "geometry": { "type": "Point", "coordinates": [ 24.427080183427769, 46.435382880208543 ] } },
{ "type": "Feature", "properties": { "point_id": 1964, "lon": 24.427095323383156, "lat": 46.435398245115763, "elevation_m": 408.10659790039062, "distance_m": 5888.4501439335891, "distance_km": 5.8884501439335892, "heading_deg": 34.179722312085858, "slope": -0.041269938153056032, "slope_deg": -2.3632521825996826 }, "geometry": { "type": "Point", "coordinates": [ 24.427095323383156, 46.435398245115763 ] } },
{ "type": "Feature", "properties": { "point_id": 1965, "lon": 24.42711046333854, "lat": 46.435413610018671, "elevation_m": 408.10659790039062, "distance_m": 5891.450143933951, "distance_km": 5.8914501439339508, "heading_deg": 34.179722350293105, "slope": 0.0, "slope_deg": 0.0 }, "geometry": { "type": "Point", "coordinates": [ 24.42711046333854, 46.435413610018671 ] } },
{ "type": "Feature", "properties": { "point_id": 1966, "lon": 24.427125603293927, "lat": 46.435428974917222, "elevation_m": 407.33343505859375, "distance_m": 5894.4501439335427, "distance_km": 5.8944501439335424, "heading_deg": 34.179722322108887, "slope": -0.25772094730070627, "slope_deg": -14.451836637489551 }, "geometry": { "type": "Point", "coordinates": [ 24.427125603293927, 46.435428974917222 ] } },
{ "type": "Feature", "properties": { "point_id": 1967, "lon": 24.427140743249311, "lat": 46.435444339811454, "elevation_m": 407.33343505859375, "distance_m": 5897.4501439339047, "distance_km": 5.8974501439339049, "heading_deg": 34.179722327243553, "slope": 0.0, "slope_deg": 0.0 }, "geometry": { "type": "Point", "coordinates": [ 24.427140743249311, 46.435444339811454 ] } },
{ "type": "Feature", "properties": { "point_id": 1968, "lon": 24.427155883204694, "lat": 46.435459704701351, "elevation_m": 407.33343505859375, "distance_m": 5900.4501439334963, "distance_km": 5.9004501439334964, "heading_deg": 34.17972233237839, "slope": 0.0, "slope_deg": 0.0 }, "geometry": { "type": "Point", "coordinates": [ 24.427155883204694, 46.435459704701351 ] } },
{ "type": "Feature", "properties": { "point_id": 1969, "lon": 24.427171023160081, "lat": 46.435475069586914, "elevation_m": 407.33343505859375, "distance_m": 5903.4501439341202, "distance_km": 5.90345014393412, "heading_deg": 34.179722342861851, "slope": 0.0, "slope_deg": 0.0 }, "geometry": { "type": "Point", "coordinates": [ 24.427171023160081, 46.435475069586914 ] } },
{ "type": "Feature", "properties": { "point_id": 1970, "lon": 24.427186163115465, "lat": 46.435490434468143, "elevation_m": 407.33343505859375, "distance_m": 5906.4501439337118, "distance_km": 5.9064501439337116, "heading_deg": 34.179722309329975, "slope": 0.0, "slope_deg": 0.0 }, "geometry": { "type": "Point", "coordinates": [ 24.427186163115465, 46.435490434468143 ] } },
{ "type": "Feature", "properties": { "point_id": 1971, "lon": 24.427201303070849, "lat": 46.435505799345052, "elevation_m": 407.33343505859375, "distance_m": 5909.4501439340738, "distance_km": 5.9094501439340741, "heading_deg": 34.179722330920072, "slope": 0.0, "slope_deg": 0.0 }, "geometry": { "type": "Point", "coordinates": [ 24.427201303070849, 46.435505799345052 ] } },
{ "type": "Feature", "properties": { "point_id": 1972, "lon": 24.427216443026232, "lat": 46.435521164217619, "elevation_m": 407.33343505859375, "distance_m": 5912.4501439336655, "distance_km": 5.9124501439336656, "heading_deg": 34.179722341486013, "slope": 0.0, "slope_deg": 0.0 }, "geometry": { "type": "Point", "coordinates": [ 24.427216443026232, 46.435521164217619 ] } },
{ "type": "Feature", "properties": { "point_id": 1973, "lon": 24.427231582981616, "lat": 46.435536529085851, "elevation_m": 407.33343505859375, "distance_m": 5915.4501439340274, "distance_km": 5.9154501439340272, "heading_deg": 34.179722330167237, "slope": 0.0, "slope_deg": 0.0 }, "geometry": { "type": "Point", "coordinates": [ 24.427231582981616, 46.435536529085851 ] } },
{ "type": "Feature", "properties": { "point_id": 1974, "lon": 24.427246722937006, "lat": 46.435551893949757, "elevation_m": 407.33343505859375, "distance_m": 5918.450143933881, "distance_km": 5.9184501439338808, "heading_deg": 34.179722318357335, "slope": 0.0, "slope_deg": 0.0 }, "geometry": { "type": "Point", "coordinates": [ 24.427246722937006, 46.435551893949757 ] } },
{ "type": "Feature", "properties": { "point_id": 1975, "lon": 24.427261862892387, "lat": 46.435567258809328, "elevation_m": 407.33343505859375, "distance_m": 5921.4501439334726, "distance_km": 5.9214501439334724, "heading_deg": 34.179722323575504, "slope": 0.0, "slope_deg": 0.0 }, "geometry": { "type": "Point", "coordinates": [ 24.427261862892387, 46.435567258809328 ] } },
{ "type": "Feature", "properties": { "point_id": 1976, "lon": 24.42727700284777, "lat": 46.435582623664573, "elevation_m": 407.33343505859375, "distance_m": 5924.4501439338346, "distance_km": 5.9244501439338348, "heading_deg": 34.179722334142241, "slope": 0.0, "slope_deg": 0.0 }, "geometry": { "type": "Point", "coordinates": [ 24.42727700284777, 46.435582623664573 ] } },
{ "type": "Feature", "properties": { "point_id": 1977, "lon": 24.427292142803154, "lat": 46.435597988515475, "elevation_m": 407.33343505859375, "distance_m": 5927.4501439334263, "distance_km": 5.9274501439334264, "heading_deg": 34.179722317148332, "slope": 0.0, "slope_deg": 0.0 }, "geometry": { "type": "Point", "coordinates": [ 24.427292142803154, 46.435597988515475 ] } },
{ "type": "Feature", "properties": { "point_id": 1978, "lon": 24.427307282758537, "lat": 46.435613353362058, "elevation_m": 407.33343505859375, "distance_m": 5930.4501439337882, "distance_km": 5.930450143933788, "heading_deg": 34.179722349846145, "slope": 0.0, "slope_deg": 0.0 }, "geometry": { "type": "Point", "coordinates": [ 24.427307282758537, 46.435613353362058 ] } },
{ "type": "Feature", "properties": { "point_id": 1979, "lon": 24.427322422713925, "lat": 46.435628718204292, "elevation_m": 407.33343505859375, "distance_m": 5933.4501439336418, "distance_km": 5.9334501439336416, "heading_deg": 34.179722327340357, "slope": 0.0, "slope_deg": 0.0 }, "geometry": { "type": "Point", "coordinates": [ 24.427322422713925, 46.435628718204292 ] } },
{ "type": "Feature", "properties": { "point_id": 1980, "lon": 24.427337562669312, "lat": 46.435644083042206, "elevation_m": 407.33343505859375, "distance_m": 5936.4501439340038, "distance_km": 5.9364501439340041, "heading_deg": 34.179722332313929, "slope": 0.0, "slope_deg": 0.0 }, "geometry": { "type": "Point", "coordinates": [ 24.427337562669312, 46.435644083042206 ] } },
{ "type": "Feature", "properties": { "point_id": 1981, "lon": 24.427352702624695, "lat": 46.435659447875786, "elevation_m": 407.33343505859375, "distance_m": 5939.4501439335954, "distance_km": 5.9394501439335956, "heading_deg": 34.179722320751068, "slope": 0.0, "slope_deg": 0.0 }, "geometry": { "type": "Point", "coordinates": [ 24.427352702624695, 46.435659447875786 ] } },
{ "type": "Feature", "properties": { "point_id": 1982, "lon": 24.427367842580079, "lat": 46.435674812705031, "elevation_m": 407.97366333007812, "distance_m": 5942.4501439339574, "distance_km": 5.9424501439339572, "heading_deg": 34.17972234242535, "slope": 0.2134094238023751, "slope_deg": 12.046744964703276 }, "geometry": { "type": "Point", "coordinates": [ 24.427367842580079, 46.435674812705031 ] } },
{ "type": "Feature", "properties": { "point_id": 1983, "lon": 24.427382982535462, "lat": 46.435690177529942, "elevation_m": 407.97366333007812, "distance_m": 5945.450143933549, "distance_km": 5.9454501439335488, "heading_deg": 34.179722320002213, "slope": 0.0, "slope_deg": 0.0 }, "geometry": { "type": "Point", "coordinates": [ 24.427382982535462, 46.435690177529942 ] } },
{ "type": "Feature", "properties": { "point_id": 1984, "lon": 24.42739812249085, "lat": 46.435705542350533, "elevation_m": 407.80410766601562, "distance_m": 5948.450143934173, "distance_km": 5.9484501439341733, "heading_deg": 34.179722330488744, "slope": -0.05651855467574577, "slope_deg": -3.2348331829748358 }, "geometry": { "type": "Point", "coordinates": [ 24.42739812249085, 46.435705542350533 ] } },
{ "type": "Feature", "properties": { "point_id": 1985, "lon": 24.427413262446233, "lat": 46.435720907166775, "elevation_m": 407.80410766601562, "distance_m": 5951.4501439337646, "distance_km": 5.9514501439337648, "heading_deg": 34.179722341057413, "slope": 0.0, "slope_deg": 0.0 }, "geometry": { "type": "Point", "coordinates": [ 24.427413262446233, 46.435720907166775 ] } },
{ "type": "Feature", "properties": { "point_id": 1986, "lon": 24.427428402401617, "lat": 46.435736271978691, "elevation_m": 407.80410766601562, "distance_m": 5954.4501439341266, "distance_km": 5.9544501439341264, "heading_deg": 34.17972232957743, "slope": 0.0, "slope_deg": 0.0 }, "geometry": { "type": "Point", "coordinates": [ 24.427428402401617, 46.435736271978691 ] } },
{ "type": "Feature", "properties": { "point_id": 1987, "lon": 24.427443542357, "lat": 46.435751636786279, "elevation_m": 407.80410766601562, "distance_m": 5957.4501439337182, "distance_km": 5.957450143933718, "heading_deg": 34.179722329203912, "slope": 0.0, "slope_deg": 0.0 }, "geometry": { "type": "Point", "coordinates": [ 24.427443542357, 46.435751636786279 ] } },
{ "type": "Feature", "properties": { "point_id": 1988, "lon": 24.427458682312388, "lat": 46.435767001589539, "elevation_m": 407.80410766601562, "distance_m": 5960.4501439340802, "distance_km": 5.9604501439340805, "heading_deg": 34.17972232874871, "slope": 0.0, "slope_deg": 0.0 }, "geometry": { "type": "Point", "coordinates": [ 24.427458682312388, 46.435767001589539 ] } },
{ "type": "Feature", "properties": { "point_id": 1989, "lon": 24.427473822267775, "lat": 46.435782366388459, "elevation_m": 407.80410766601562, "distance_m": 5963.4501439339338, "distance_km": 5.963450143933934, "heading_deg": 34.179722328130026, "slope": 0.0, "slope_deg": 0.0 }, "geometry": { "type": "Point", "coordinates": [ 24.427473822267775, 46.435782366388459 ] } },
{ "type": "Feature", "properties": { "point_id": 1990, "lon": 24.427488962223158, "lat": 46.435797731183051, "elevation_m": 407.80410766601562, "distance_m": 5966.4501439335254, "distance_km": 5.9664501439335256, "heading_deg": 34.179722333269353, "slope": 0.0, "slope_deg": 0.0 }, "geometry": { "type": "Point", "coordinates": [ 24.427488962223158, 46.435797731183051 ] } },
{ "type": "Feature", "properties": { "point_id": 1991, "lon": 24.427504102178542, "lat": 46.435813095973309, "elevation_m": 407.80410766601562, "distance_m": 5969.4501439338874, "distance_km": 5.9694501439338872, "heading_deg": 34.179722338326997, "slope": 0.0, "slope_deg": 0.0 }, "geometry": { "type": "Point", "coordinates": [ 24.427504102178542, 46.435813095973309 ] } },
{ "type": "Feature", "properties": { "point_id": 1992, "lon": 24.427519242133926, "lat": 46.435828460759225, "elevation_m": 407.80410766601562, "distance_m": 5972.450143933479, "distance_km": 5.9724501439334787, "heading_deg": 34.17972233236037, "slope": 0.0, "slope_deg": 0.0 }, "geometry": { "type": "Point", "coordinates": [ 24.427519242133926, 46.435828460759225 ] } },
{ "type": "Feature", "properties": { "point_id": 1993, "lon": 24.427534382089309, "lat": 46.435843825540822, "elevation_m": 407.80410766601562, "distance_m": 5975.450143933841, "distance_km": 5.9754501439338412, "heading_deg": 34.179722320963663, "slope": 0.0, "slope_deg": 0.0 }, "geometry": { "type": "Point", "coordinates": [ 24.427534382089309, 46.435843825540822 ] } },
{ "type": "Feature", "properties": { "point_id": 1994, "lon": 24.427549522044696, "lat": 46.435859190318084, "elevation_m": 407.80410766601562, "distance_m": 5978.4501439336946, "distance_km": 5.9784501439336948, "heading_deg": 34.17972234247668, "slope": 0.0, "slope_deg": 0.0 }, "geometry": { "type": "Point", "coordinates": [ 24.427549522044696, 46.435859190318084 ] } },
{ "type": "Feature", "properties": { "point_id": 1995, "lon": 24.42756466200008, "lat": 46.435874555091011, "elevation_m": 407.80410766601562, "distance_m": 5981.4501439340565, "distance_km": 5.9814501439340564, "heading_deg": 34.17972232556815, "slope": 0.0, "slope_deg": 0.0 }, "geometry": { "type": "Point", "coordinates": [ 24.42756466200008, 46.435874555091011 ] } },
{ "type": "Feature", "properties": { "point_id": 1996, "lon": 24.427579801955467, "lat": 46.435889919859612, "elevation_m": 407.80410766601562, "distance_m": 5984.4501439336482, "distance_km": 5.9844501439336479, "heading_deg": 34.179722335975327, "slope": 0.0, "slope_deg": 0.0 }, "geometry": { "type": "Point", "coordinates": [ 24.427579801955467, 46.435889919859612 ] } },
{ "type": "Feature", "properties": { "point_id": 1997, "lon": 24.427594941910851, "lat": 46.435905284623871, "elevation_m": 407.80410766601562, "distance_m": 5987.4501439340102, "distance_km": 5.9874501439340104, "heading_deg": 32.102587215041751, "slope": 0.0, "slope_deg": 0.0 }, "geometry": { "type": "Point", "coordinates": [ 24.427594941910851, 46.435905284623871 ] } },
{ "type": "Feature", "properties": { "point_id": 1998, "lon": 24.42760926062989, "lat": 46.435921013930319, "elevation_m": 407.80410766601562, "distance_m": 5990.4494698913422, "distance_km": 5.9904494698913426, "heading_deg": 31.39240130418159, "slope": 0.0, "slope_deg": 0.0 }, "geometry": { "type": "Point", "coordinates": [ 24.42760926062989, 46.435921013930319 ] } },
{ "type": "Feature", "properties": { "point_id": 1999, "lon": 24.427623298508596, "lat": 46.435936867897105, "elevation_m": 407.80410766601562, "distance_m": 5993.4494698912049, "distance_km": 5.9934494698912051, "heading_deg": 31.392401314042729, "slope": 0.0, "slope_deg": 0.0 }, "geometry": { "type": "Point", "coordinates": [ 24.427623298508596, 46.435936867897105 ] } },
{ "type": "Feature", "properties": { "point_id": 2000, "lon": 24.427637336387306, "lat": 46.435952721859287, "elevation_m": 407.80410766601562, "distance_m": 5996.4494698910676, "distance_km": 5.9964494698910675, "heading_deg": 31.392401297687968, "slope": 0.0, "slope_deg": 0.0 }, "geometry": { "type": "Point", "coordinates": [ 24.427637336387306, 46.435952721859287 ] } },
{ "type": "Feature", "properties": { "point_id": 2001, "lon": 24.427651374266016, "lat": 46.435968575816858, "elevation_m": 408.35934448242188, "distance_m": 5999.4494698909302, "distance_km": 5.99944946989093, "heading_deg": 31.392401322882449, "slope": 0.18507893881055587, "slope_deg": 10.48559127068666 }, "geometry": { "type": "Point", "coordinates": [ 24.427651374266016, 46.435968575816858 ] } },
{ "type": "Feature", "properties": { "point_id": 2002, "lon": 24.427665412144727, "lat": 46.43598442976981, "elevation_m": 408.104248046875, "distance_m": 6002.4494698910357, "distance_km": 6.0024494698910358, "heading_deg": 31.392401300755978, "slope": -0.085032145179301327, "slope_deg": -4.860291485748542 }, "geometry": { "type": "Point", "coordinates": [ 24.427665412144727, 46.43598442976981 ] } },
{ "type": "Feature", "properties": { "point_id": 2003, "lon": 24.427679450023437, "lat": 46.436000283718158, "elevation_m": 408.104248046875, "distance_m": 6005.4494698916933, "distance_km": 6.0054494698916931, "heading_deg": 31.392401304845748, "slope": 0.0, "slope_deg": 0.0 }, "geometry": { "type": "Point", "coordinates": [ 24.427679450023437, 46.436000283718158 ] } },
{ "type": "Feature", "properties": { "point_id": 2004, "lon": 24.427693487902147, "lat": 46.436016137661888, "elevation_m": 408.104248046875, "distance_m": 6008.449469891556, "distance_km": 6.0084494698915556, "heading_deg": 31.392401314046708, "slope": 0.0, "slope_deg": 0.0 }, "geometry": { "type": "Point", "coordinates": [ 24.427693487902147, 46.436016137661888 ] } },
{ "type": "Feature", "properties": { "point_id": 2005, "lon": 24.427707525780853, "lat": 46.436031991601006, "elevation_m": 408.104248046875, "distance_m": 6011.4494698914186, "distance_km": 6.0114494698914189, "heading_deg": 31.392401302803989, "slope": 0.0, "slope_deg": 0.0 }, "geometry": { "type": "Point", "coordinates": [ 24.427707525780853, 46.436031991601006 ] } },
{ "type": "Feature", "properties": { "point_id": 2006, "lon": 24.427721563659563, "lat": 46.436047845535512, "elevation_m": 408.104248046875, "distance_m": 6014.4494698912813, "distance_km": 6.0144494698912814, "heading_deg": 31.392401323549734, "slope": 0.0, "slope_deg": 0.0 }, "geometry": { "type": "Point", "coordinates": [ 24.427721563659563, 46.436047845535512 ] } },
{ "type": "Feature", "properties": { "point_id": 2007, "lon": 24.427735601538281, "lat": 46.4360636994654, "elevation_m": 408.104248046875, "distance_m": 6017.4494698913868, "distance_km": 6.0174494698913872, "heading_deg": 31.392401305874046, "slope": 0.0, "slope_deg": 0.0 }, "geometry": { "type": "Point", "coordinates": [ 24.427735601538281, 46.4360636994654 ] } },
{ "type": "Feature", "properties": { "point_id": 2008, "lon": 24.427749639416987, "lat": 46.436079553390677, "elevation_m": 408.104248046875, "distance_m": 6020.4494698912495, "distance_km": 6.0204494698912496, "heading_deg": 31.392401294631895, "slope": 0.0, "slope_deg": 0.0 }, "geometry": { "type": "Point", "coordinates": [ 24.427749639416987, 46.436079553390677 ] } },
{ "type": "Feature", "properties": { "point_id": 2009, "lon": 24.427763677295697, "lat": 46.436095407311349, "elevation_m": 408.104248046875, "distance_m": 6023.4494698911121, "distance_km": 6.0234494698911121, "heading_deg": 31.392401319166879, "slope": 0.0, "slope_deg": 0.0 }, "geometry": { "type": "Point", "coordinates": [ 24.427763677295697, 46.436095407311349 ] } },
{ "type": "Feature", "properties": { "point_id": 2010, "lon": 24.427777715174408, "lat": 46.436111261227403, "elevation_m": 408.104248046875, "distance_m": 6026.4494698909748, "distance_km": 6.0264494698909745, "heading_deg": 31.392401318808311, "slope": 0.0, "slope_deg": 0.0 }, "geometry": { "type": "Point", "coordinates": [ 24.427777715174408, 46.436111261227403 ] } },
{ "type": "Feature", "properties": { "point_id": 2011, "lon": 24.427791753053118, "lat": 46.436127115138845, "elevation_m": 408.104248046875, "distance_m": 6029.4494698916324, "distance_km": 6.0294494698916328, "heading_deg": 31.392401295361253, "slope": 0.0, "slope_deg": 0.0 }, "geometry": { "type": "Point", "coordinates": [ 24.427791753053118, 46.436127115138845 ] } },
{ "type": "Feature", "properties": { "point_id": 2012, "lon": 24.427805790931821, "lat": 46.436142969045676, "elevation_m": 408.104248046875, "distance_m": 6032.449469891495, "distance_km": 6.0324494698914952, "heading_deg": 31.392401317430597, "slope": 0.0, "slope_deg": 0.0 }, "geometry": { "type": "Point", "coordinates": [ 24.427805790931821, 46.436142969045676 ] } },
{ "type": "Feature", "properties": { "point_id": 2013, "lon": 24.427819828810538, "lat": 46.436158822947895, "elevation_m": 408.104248046875, "distance_m": 6035.4494698916005, "distance_km": 6.0354494698916001, "heading_deg": 31.392401295306286, "slope": 0.0, "slope_deg": 0.0 }, "geometry": { "type": "Point", "coordinates": [ 24.427819828810538, 46.436158822947895 ] } },
{ "type": "Feature", "properties": { "point_id": 2014, "lon": 24.427833866689248, "lat": 46.436174676845503, "elevation_m": 408.104248046875, "distance_m": 6038.4494698914632, "distance_km": 6.0384494698914635, "heading_deg": 31.392401308297963, "slope": 0.0, "slope_deg": 0.0 }, "geometry": { "type": "Point", "coordinates": [ 24.427833866689248, 46.436174676845503 ] } },
{ "type": "Feature", "properties": { "point_id": 2015, "lon": 24.427847904567955, "lat": 46.436190530738493, "elevation_m": 408.104248046875, "distance_m": 6041.4494698913259, "distance_km": 6.0414494698913259, "heading_deg": 31.392401307940418, "slope": 0.0, "slope_deg": 0.0 }, "geometry": { "type": "Point", "coordinates": [ 24.427847904567955, 46.436190530738493 ] } },
{ "type": "Feature", "properties": { "point_id": 2016, "lon": 24.427861942446665, "lat": 46.436206384626871, "elevation_m": 408.104248046875, "distance_m": 6044.4494698911885, "distance_km": 6.0444494698911884, "heading_deg": 31.392401306921897, "slope": 0.0, "slope_deg": 0.0 }, "geometry": { "type": "Point", "coordinates": [ 24.427861942446665, 46.436206384626871 ] } },
{ "type": "Feature", "properties": { "point_id": 2017, "lon": 24.427875980325375, "lat": 46.436222238510645, "elevation_m": 408.104248046875, "distance_m": 6047.4494698910512, "distance_km": 6.0474494698910508, "heading_deg": 31.392401321236605, "slope": 0.0, "slope_deg": 0.0 }, "geometry": { "type": "Point", "coordinates": [ 24.427875980325375, 46.436222238510645 ] } },
{ "type": "Feature", "properties": { "point_id": 2018, "lon": 24.427890018204081, "lat": 46.4362380923898, "elevation_m": 408.104248046875, "distance_m": 6050.4494698909139, "distance_km": 6.0504494698909141, "heading_deg": 31.392401305546684, "slope": 0.0, "slope_deg": 0.0 }, "geometry": { "type": "Point", "coordinates": [ 24.427890018204081, 46.4362380923898 ] } },
{ "type": "Feature", "properties": { "point_id": 2019, "lon": 24.427904056082795, "lat": 46.436253946264337, "elevation_m": 407.8114013671875, "distance_m": 6053.4494698910194, "distance_km": 6.0534494698910191, "heading_deg": 31.392401308978606, "slope": -0.097615559892400477, "slope_deg": -5.5752957497921614 }, "geometry": { "type": "Point", "coordinates": [ 24.427904056082795, 46.436253946264337 ] } },
{ "type": "Feature", "properties": { "point_id": 2020, "lon": 24.427918093961505, "lat": 46.436269800134269, "elevation_m": 407.62258911132812, "distance_m": 6056.4494698916769, "distance_km": 6.0564494698916773, "heading_deg": 31.392401318844065, "slope": -0.062937418605996526, "slope_deg": -3.6012984151501963 }, "geometry": { "type": "Point", "coordinates": [ 24.427918093961505, 46.436269800134269 ] } },
{ "type": "Feature", "properties": { "point_id": 2021, "lon": 24.427932131840215, "lat": 46.43628565399959, "elevation_m": 407.62258911132812, "distance_m": 6059.4494698915396, "distance_km": 6.0594494698915398, "heading_deg": 31.392401290949238, "slope": 0.0, "slope_deg": 0.0 }, "geometry": { "type": "Point", "coordinates": [ 24.427932131840215, 46.43628565399959 ] } },
{ "type": "Feature", "properties": { "point_id": 2022, "lon": 24.427946169718922, "lat": 46.4363015078603, "elevation_m": 407.62258911132812, "distance_m": 6062.4494698914023, "distance_km": 6.0624494698914022, "heading_deg": 31.392401316148153, "slope": 0.0, "slope_deg": 0.0 }, "geometry": { "type": "Point", "coordinates": [ 24.427946169718922, 46.4363015078603 ] } },
{ "type": "Feature", "properties": { "point_id": 2023, "lon": 24.427960207597632, "lat": 46.436317361716391, "elevation_m": 407.62258911132812, "distance_m": 6065.4494698912649, "distance_km": 6.0654494698912647, "heading_deg": 31.392401321564421, "slope": 0.0, "slope_deg": 0.0 }, "geometry": { "type": "Point", "coordinates": [ 24.427960207597632, 46.436317361716391 ] } },
{ "type": "Feature", "properties": { "point_id": 2024, "lon": 24.427974245476346, "lat": 46.436333215567871, "elevation_m": 407.62258911132812, "distance_m": 6068.4494698913704, "distance_km": 6.0684494698913705, "heading_deg": 31.392401308342016, "slope": 0.0, "slope_deg": 0.0 }, "geometry": { "type": "Point", "coordinates": [ 24.427974245476346, 46.436333215567871 ] } },
{ "type": "Feature", "properties": { "point_id": 2025, "lon": 24.427988283355052, "lat": 46.436349069414739, "elevation_m": 407.62258911132812, "distance_m": 6071.4494698912331, "distance_km": 6.0714494698912329, "heading_deg": 31.392401313097537, "slope": 0.0, "slope_deg": 0.0 }, "geometry": { "type": "Point", "coordinates": [ 24.427988283355052, 46.436349069414739 ] } },
{ "type": "Feature", "properties": { "point_id": 2026, "lon": 24.428002321233762, "lat": 46.436364923256988, "elevation_m": 407.62258911132812, "distance_m": 6074.4494698910958, "distance_km": 6.0744494698910954, "heading_deg": 31.392401291636986, "slope": 0.0, "slope_deg": 0.0 }, "geometry": { "type": "Point", "coordinates": [ 24.428002321233762, 46.436364923256988 ] } },
{ "type": "Feature", "properties": { "point_id": 2027, "lon": 24.428016359112473, "lat": 46.436380777094641, "elevation_m": 407.62258911132812, "distance_m": 6077.4494698909584, "distance_km": 6.0774494698909587, "heading_deg": 31.392401305953797, "slope": 0.0, "slope_deg": 0.0 }, "geometry": { "type": "Point", "coordinates": [ 24.428016359112473, 46.436380777094641 ] } },
{ "type": "Feature", "properties": { "point_id": 2028, "lon": 24.428030396991179, "lat": 46.436396630927675, "elevation_m": 407.62258911132812, "distance_m": 6080.449469891616, "distance_km": 6.0804494698916161, "heading_deg": 31.392401304937721, "slope": 0.0, "slope_deg": 0.0 }, "geometry": { "type": "Point", "coordinates": [ 24.428030396991179, 46.436396630927675 ] } },
{ "type": "Feature", "properties": { "point_id": 2029, "lon": 24.428044434869889, "lat": 46.43641248475609, "elevation_m": 407.62258911132812, "distance_m": 6083.4494698914787, "distance_km": 6.0834494698914785, "heading_deg": 31.392401319916075, "slope": 0.0, "slope_deg": 0.0 }, "geometry": { "type": "Point", "coordinates": [ 24.428044434869889, 46.43641248475609 ] } },
{ "type": "Feature", "properties": { "point_id": 2030, "lon": 24.428058472748603, "lat": 46.436428338579894, "elevation_m": 407.62258911132812, "distance_m": 6086.4494698915842, "distance_km": 6.0864494698915843, "heading_deg": 31.392401308678416, "slope": 0.0, "slope_deg": 0.0 }, "geometry": { "type": "Point", "coordinates": [ 24.428058472748603, 46.436428338579894 ] } },
{ "type": "Feature", "properties": { "point_id": 2031, "lon": 24.428072510627313, "lat": 46.436444192399094, "elevation_m": 407.62258911132812, "distance_m": 6089.4494698914468, "distance_km": 6.0894494698914468, "heading_deg": 31.392401296118578, "slope": 0.0, "slope_deg": 0.0 }, "geometry": { "type": "Point", "coordinates": [ 24.428072510627313, 46.436444192399094 ] } },
{ "type": "Feature", "properties": { "point_id": 2032, "lon": 24.42808654850602, "lat": 46.436460046213675, "elevation_m": 407.62258911132812, "distance_m": 6092.4494698913095, "distance_km": 6.0924494698913092, "heading_deg": 31.392401316208634, "slope": 0.0, "slope_deg": 0.0 }, "geometry": { "type": "Point", "coordinates": [ 24.42808654850602, 46.436460046213675 ] } },
{ "type": "Feature", "properties": { "point_id": 2033, "lon": 24.42810058638473, "lat": 46.436475900023645, "elevation_m": 407.62258911132812, "distance_m": 6095.4494698911722, "distance_km": 6.0954494698911725, "heading_deg": 31.392401315854727, "slope": 0.0, "slope_deg": 0.0 }, "geometry": { "type": "Point", "coordinates": [ 24.42810058638473, 46.436475900023645 ] } },
{ "type": "Feature", "properties": { "point_id": 2034, "lon": 24.42811462426344, "lat": 46.436491753829003, "elevation_m": 407.62258911132812, "distance_m": 6098.4494698910348, "distance_km": 6.098449469891035, "heading_deg": 31.392401298184552, "slope": 0.0, "slope_deg": 0.0 }, "geometry": { "type": "Point", "coordinates": [ 24.42811462426344, 46.436491753829003 ] } },
{ "type": "Feature", "properties": { "point_id": 2035, "lon": 24.428128662142147, "lat": 46.436507607629743, "elevation_m": 407.62258911132812, "distance_m": 6101.4494698908975, "distance_km": 6.1014494698908974, "heading_deg": 31.392401293381226, "slope": 0.0, "slope_deg": 0.0 }, "geometry": { "type": "Point", "coordinates": [ 24.428128662142147, 46.436507607629743 ] } },
{ "type": "Feature", "properties": { "point_id": 2036, "lon": 24.42814270002086, "lat": 46.436523461425885, "elevation_m": 407.62258911132812, "distance_m": 6104.4494698917979, "distance_km": 6.1044494698917982, "heading_deg": 31.392401332593863, "slope": 0.0, "slope_deg": 0.0 }, "geometry": { "type": "Point", "coordinates": [ 24.42814270002086, 46.436523461425885 ] } },
{ "type": "Feature", "properties": { "point_id": 2037, "lon": 24.42815673789957, "lat": 46.436539315217395, "elevation_m": 407.45785522460938, "distance_m": 6107.4494698916606, "distance_km": 6.1074494698916606, "heading_deg": 31.392401300913491, "slope": -0.05491129557543039, "slope_deg": -3.1430290136379444 }, "geometry": { "type": "Point", "coordinates": [ 24.42815673789957, 46.436539315217395 ] } },
{ "type": "Feature", "properties": { "point_id": 2038, "lon": 24.428170775778277, "lat": 46.436555169004301, "elevation_m": 407.45785522460938, "distance_m": 6110.4494698915232, "distance_km": 6.110449469891523, "heading_deg": 31.392401310121556, "slope": 0.0, "slope_deg": 0.0 }, "geometry": { "type": "Point", "coordinates": [ 24.428170775778277, 46.436555169004301 ] } },
{ "type": "Feature", "properties": { "point_id": 2039, "lon": 24.428184813656987, "lat": 46.436571022786595, "elevation_m": 407.45785522460938, "distance_m": 6113.4494698913859, "distance_km": 6.1134494698913855, "heading_deg": 31.392401298885716, "slope": 0.0, "slope_deg": 0.0 }, "geometry": { "type": "Point", "coordinates": [ 24.428184813656987, 46.436571022786595 ] } },
{ "type": "Feature", "properties": { "point_id": 2040, "lon": 24.428198851535697, "lat": 46.436586876564277, "elevation_m": 407.52392578125, "distance_m": 6116.4494698912486, "distance_km": 6.1164494698912488, "heading_deg": 31.6324179323355, "slope": 0.022023518881216522, "slope_deg": 1.2616507265490791 }, "geometry": { "type": "Point", "coordinates": [ 24.428198851535697, 46.436586876564277 ] } },
{ "type": "Feature", "properties": { "point_id": 2041, "lon": 24.428212984184203, "lat": 46.4366026880219, "elevation_m": 407.52392578125, "distance_m": 6119.4491568510821, "distance_km": 6.1194491568510818, "heading_deg": 34.486357636804257, "slope": 0.0, "slope_deg": 0.0 }, "geometry": { "type": "Point", "coordinates": [ 24.428212984184203, 46.4366026880219 ] } },
{ "type": "Feature", "properties": { "point_id": 2042, "lon": 24.428228243239072, "lat": 46.436617996525854, "elevation_m": 407.52392578125, "distance_m": 6122.4491568512631, "distance_km": 6.1224491568512631, "heading_deg": 34.48635764701271, "slope": 0.0, "slope_deg": 0.0 }, "geometry": { "type": "Point", "coordinates": [ 24.428228243239072, 46.436617996525854 ] } },
{ "type": "Feature", "properties": { "point_id": 2043, "lon": 24.428243502293935, "lat": 46.436633305025502, "elevation_m": 407.52392578125, "distance_m": 6125.4491568511812, "distance_km": 6.1254491568511815, "heading_deg": 34.486357657275391, "slope": 0.0, "slope_deg": 0.0 }, "geometry": { "type": "Point", "coordinates": [ 24.428243502293935, 46.436633305025502 ] } },
{ "type": "Feature", "properties": { "point_id": 2044, "lon": 24.428258761348804, "lat": 46.436648613520852, "elevation_m": 407.52392578125, "distance_m": 6128.4491568513622, "distance_km": 6.1284491568513619, "heading_deg": 34.486357623003016, "slope": 0.0, "slope_deg": 0.0 }, "geometry": { "type": "Point", "coordinates": [ 24.428258761348804, 46.436648613520852 ] } },
{ "type": "Feature", "properties": { "point_id": 2045, "lon": 24.428274020403666, "lat": 46.43666392201191, "elevation_m": 407.52392578125, "distance_m": 6131.4491568512803, "distance_km": 6.1314491568512803, "heading_deg": 34.486357638839706, "slope": 0.0, "slope_deg": 0.0 }, "geometry": { "type": "Point", "coordinates": [ 24.428274020403666, 46.43666392201191 ] } },
{ "type": "Feature", "properties": { "point_id": 2046, "lon": 24.428289279458536, "lat": 46.436679230498662, "elevation_m": 407.52392578125, "distance_m": 6134.4491568514613, "distance_km": 6.1344491568514616, "heading_deg": 34.486357643475344, "slope": 0.0, "slope_deg": 0.0 }, "geometry": { "type": "Point", "coordinates": [ 24.428289279458536, 46.436679230498662 ] } },
{ "type": "Feature", "properties": { "point_id": 2047, "lon": 24.428304538513402, "lat": 46.436694538981108, "elevation_m": 407.52392578125, "distance_m": 6137.4491568513795, "distance_km": 6.1374491568513792, "heading_deg": 34.486357631498208, "slope": 0.0, "slope_deg": 0.0 }, "geometry": { "type": "Point", "coordinates": [ 24.428304538513402, 46.436694538981108 ] } },
{ "type": "Feature", "properties": { "point_id": 2048, "lon": 24.428319797568268, "lat": 46.436709847459269, "elevation_m": 407.52392578125, "distance_m": 6140.4491568515605, "distance_km": 6.1404491568515605, "heading_deg": 34.486357636152206, "slope": 0.0, "slope_deg": 0.0 }, "geometry": { "type": "Point", "coordinates": [ 24.428319797568268, 46.436709847459269 ] } },
{ "type": "Feature", "properties": { "point_id": 2049, "lon": 24.428335056623133, "lat": 46.436725155933111, "elevation_m": 407.52392578125, "distance_m": 6143.4491568514786, "distance_km": 6.1434491568514789, "heading_deg": 34.486357657509416, "slope": 0.0, "slope_deg": 0.0 }, "geometry": { "type": "Point", "coordinates": [ 24.428335056623133, 46.436725155933111 ] } },
{ "type": "Feature", "properties": { "point_id": 2050, "lon": 24.428350315677999, "lat": 46.436740464402654, "elevation_m": 407.52392578125, "distance_m": 6146.449156850892, "distance_km": 6.1464491568508919, "heading_deg": 34.48635763438557, "slope": 0.0, "slope_deg": 0.0 }, "geometry": { "type": "Point", "coordinates": [ 24.428350315677999, 46.436740464402654 ] } },
{ "type": "Feature", "properties": { "point_id": 2051, "lon": 24.428365574732865, "lat": 46.436755772867905, "elevation_m": 407.52392578125, "distance_m": 6149.4491568508101, "distance_km": 6.1494491568508103, "heading_deg": 34.486357639094138, "slope": 0.0, "slope_deg": 0.0 }, "geometry": { "type": "Point", "coordinates": [ 24.428365574732865, 46.436755772867905 ] } },
{ "type": "Feature", "properties": { "point_id": 2052, "lon": 24.428380833787735, "lat": 46.43677108132885, "elevation_m": 407.52392578125, "distance_m": 6152.4491568509911, "distance_km": 6.1524491568509907, "heading_deg": 34.486357621526338, "slope": 0.0, "slope_deg": 0.0 }, "geometry": { "type": "Point", "coordinates": [ 24.428380833787735, 46.43677108132885 ] } },
{ "type": "Feature", "properties": { "point_id": 2053, "lon": 24.4283960928426, "lat": 46.436786389785503, "elevation_m": 407.52392578125, "distance_m": 6155.4491568509093, "distance_km": 6.1554491568509091, "heading_deg": 34.486357665071068, "slope": 0.0, "slope_deg": 0.0 }, "geometry": { "type": "Point", "coordinates": [ 24.4283960928426, 46.436786389785503 ] } },
{ "type": "Feature", "properties": { "point_id": 2054, "lon": 24.428411351897466, "lat": 46.436801698237836, "elevation_m": 407.52392578125, "distance_m": 6158.4491568510903, "distance_km": 6.1584491568510904, "heading_deg": 34.486357625298979, "slope": 0.0, "slope_deg": 0.0 }, "geometry": { "type": "Point", "coordinates": [ 24.428411351897466, 46.436801698237836 ] } },
{ "type": "Feature", "properties": { "point_id": 2055, "lon": 24.428426610952329, "lat": 46.436817006685892, "elevation_m": 406.73989868164062, "distance_m": 6161.4491568510084, "distance_km": 6.1614491568510088, "heading_deg": 34.486357641101733, "slope": -0.261342366543589, "slope_deg": -14.646234520917268 }, "geometry": { "type": "Point", "coordinates": [ 24.428426610952329, 46.436817006685892 ] } },
{ "type": "Feature", "properties": { "point_id": 2056, "lon": 24.428441870007198, "lat": 46.436832315129635, "elevation_m": 406.73989868164062, "distance_m": 6164.4491568511894, "distance_km": 6.1644491568511892, "heading_deg": 34.486357629090378, "slope": 0.0, "slope_deg": 0.0 }, "geometry": { "type": "Point", "coordinates": [ 24.428441870007198, 46.436832315129635 ] } },
{ "type": "Feature", "properties": { "point_id": 2057, "lon": 24.42845712906206, "lat": 46.436847623569079, "elevation_m": 406.73989868164062, "distance_m": 6167.4491568511075, "distance_km": 6.1674491568511076, "heading_deg": 34.486357656040866, "slope": 0.0, "slope_deg": 0.0 }, "geometry": { "type": "Point", "coordinates": [ 24.42845712906206, 46.436847623569079 ] } },
{ "type": "Feature", "properties": { "point_id": 2058, "lon": 24.428472388116933, "lat": 46.436862932004225, "elevation_m": 407.4708251953125, "distance_m": 6170.4491568512885, "distance_km": 6.1704491568512889, "heading_deg": 34.486357627308962, "slope": 0.24364217120925943, "slope_deg": 13.692885209966148 }, "geometry": { "type": "Point", "coordinates": [ 24.428472388116933, 46.436862932004225 ] } },
{ "type": "Feature", "properties": { "point_id": 2059, "lon": 24.428487647171796, "lat": 46.436878240435071, "elevation_m": 407.4708251953125, "distance_m": 6173.4491568512067, "distance_km": 6.1734491568512064, "heading_deg": 34.486357654259848, "slope": 0.0, "slope_deg": 0.0 }, "geometry": { "type": "Point", "coordinates": [ 24.428487647171796, 46.436878240435071 ] } },
{ "type": "Feature", "properties": { "point_id": 2060, "lon": 24.428502906226665, "lat": 46.436893548861605, "elevation_m": 407.4708251953125, "distance_m": 6176.4491568513877, "distance_km": 6.1764491568513877, "heading_deg": 34.486357625546304, "slope": 0.0, "slope_deg": 0.0 }, "geometry": { "type": "Point", "coordinates": [ 24.428502906226665, 46.436893548861605 ] } },
{ "type": "Feature", "properties": { "point_id": 2061, "lon": 24.428518165281528, "lat": 46.436908857283854, "elevation_m": 407.4708251953125, "distance_m": 6179.4491568513058, "distance_km": 6.1794491568513061, "heading_deg": 34.486357641368272, "slope": 0.0, "slope_deg": 0.0 }, "geometry": { "type": "Point", "coordinates": [ 24.428518165281528, 46.436908857283854 ] } },
{ "type": "Feature", "properties": { "point_id": 2062, "lon": 24.428533424336393, "lat": 46.436924165701789, "elevation_m": 407.4708251953125, "distance_m": 6182.4491568514868, "distance_km": 6.1824491568514865, "heading_deg": 34.486357634913816, "slope": 0.0, "slope_deg": 0.0 }, "geometry": { "type": "Point", "coordinates": [ 24.428533424336393, 46.436924165701789 ] } },
{ "type": "Feature", "properties": { "point_id": 2063, "lon": 24.428548683391259, "lat": 46.436939474115434, "elevation_m": 407.4708251953125, "distance_m": 6185.449156851405, "distance_km": 6.185449156851405, "heading_deg": 34.486357639624771, "slope": 0.0, "slope_deg": 0.0 }, "geometry": { "type": "Point", "coordinates": [ 24.428548683391259, 46.436939474115434 ] } },
{ "type": "Feature", "properties": { "point_id": 2064, "lon": 24.428563942446129, "lat": 46.436954782524779, "elevation_m": 407.4708251953125, "distance_m": 6188.4491568515859, "distance_km": 6.1884491568515863, "heading_deg": 34.486357627597044, "slope": 0.0, "slope_deg": 0.0 }, "geometry": { "type": "Point", "coordinates": [ 24.428563942446129, 46.436954782524779 ] } },
{ "type": "Feature", "properties": { "point_id": 2065, "lon": 24.428579201500995, "lat": 46.436970090929819, "elevation_m": 407.4708251953125, "distance_m": 6191.4491568515041, "distance_km": 6.1914491568515038, "heading_deg": 34.486357654513256, "slope": 0.0, "slope_deg": 0.0 }, "geometry": { "type": "Point", "coordinates": [ 24.428579201500995, 46.436970090929819 ] } },
{ "type": "Feature", "properties": { "point_id": 2066, "lon": 24.42859446055586, "lat": 46.436985399330553, "elevation_m": 407.4708251953125, "distance_m": 6194.4491568516851, "distance_km": 6.1944491568516851, "heading_deg": 34.48635764250389, "slope": 0.0, "slope_deg": 0.0 }, "geometry": { "type": "Point", "coordinates": [ 24.42859446055586, 46.436985399330553 ] } },
{ "type": "Feature", "properties": { "point_id": 2067, "lon": 24.428609719610726, "lat": 46.437000707726988, "elevation_m": 407.4708251953125, "distance_m": 6197.4491568508347, "distance_km": 6.1974491568508343, "heading_deg": 34.486357641642087, "slope": 0.0, "slope_deg": 0.0 }, "geometry": { "type": "Point", "coordinates": [ 24.428609719610726, 46.437000707726988 ] } },
{ "type": "Feature", "properties": { "point_id": 2068, "lon": 24.428624978665592, "lat": 46.437016016119124, "elevation_m": 407.4708251953125, "distance_m": 6200.4491568510157, "distance_km": 6.2004491568510156, "heading_deg": 34.486357618539671, "slope": 0.0, "slope_deg": 0.0 }, "geometry": { "type": "Point", "coordinates": [ 24.428624978665592, 46.437016016119124 ] } },
{ "type": "Feature", "properties": { "point_id": 2069, "lon": 24.428640237720458, "lat": 46.437031324506968, "elevation_m": 407.4708251953125, "distance_m": 6203.4491568509338, "distance_km": 6.203449156850934, "heading_deg": 34.486357650994421, "slope": 0.0, "slope_deg": 0.0 }, "geometry": { "type": "Point", "coordinates": [ 24.428640237720458, 46.437031324506968 ] } },
{ "type": "Feature", "properties": { "point_id": 2070, "lon": 24.428655496775328, "lat": 46.4370466328905, "elevation_m": 407.4708251953125, "distance_m": 6206.4491568511148, "distance_km": 6.2064491568511144, "heading_deg": 34.486357638985851, "slope": 0.0, "slope_deg": 0.0 }, "geometry": { "type": "Point", "coordinates": [ 24.428655496775328, 46.4370466328905 ] } },
{ "type": "Feature", "properties": { "point_id": 2071, "lon": 24.42867075583019, "lat": 46.437061941269739, "elevation_m": 407.4708251953125, "distance_m": 6209.449156851033, "distance_km": 6.2094491568510328, "heading_deg": 34.486357654791902, "slope": 0.0, "slope_deg": 0.0 }, "geometry": { "type": "Point", "coordinates": [ 24.42867075583019, 46.437061941269739 ] } },
{ "type": "Feature", "properties": { "point_id": 2072, "lon": 24.428686014885059, "lat": 46.437077249644666, "elevation_m": 407.4708251953125, "distance_m": 6212.449156851214, "distance_km": 6.2124491568512141, "heading_deg": 34.486357615005261, "slope": 0.0, "slope_deg": 0.0 }, "geometry": { "type": "Point", "coordinates": [ 24.428686014885059, 46.437077249644666 ] } },
{ "type": "Feature", "properties": { "point_id": 2073, "lon": 24.428701273939922, "lat": 46.437092558015308, "elevation_m": 406.46896362304688, "distance_m": 6215.4491568511321, "distance_km": 6.2154491568511325, "heading_deg": 34.486357641905158, "slope": -0.33395385743098688, "slope_deg": -18.466940934727262 }, "geometry": { "type": "Point", "coordinates": [ 24.428701273939922, 46.437092558015308 ] } },
{ "type": "Feature", "properties": { "point_id": 2074, "lon": 24.428716532994788, "lat": 46.437107866381645, "elevation_m": 406.46896362304688, "distance_m": 6218.4491568510502, "distance_km": 6.21844915685105, "heading_deg": 34.486357629933309, "slope": 0.0, "slope_deg": 0.0 }, "geometry": { "type": "Point", "coordinates": [ 24.428716532994788, 46.437107866381645 ] } },
{ "type": "Feature", "properties": { "point_id": 2075, "lon": 24.428731792049653, "lat": 46.437123174743675, "elevation_m": 406.46896362304688, "distance_m": 6221.4491568512312, "distance_km": 6.2214491568512313, "heading_deg": 34.486357645704288, "slope": 0.0, "slope_deg": 0.0 }, "geometry": { "type": "Point", "coordinates": [ 24.428731792049653, 46.437123174743675 ] } },
{ "type": "Feature", "properties": { "point_id": 2076, "lon": 24.428747051104519, "lat": 46.437138483101407, "elevation_m": 406.46896362304688, "distance_m": 6224.4491568511494, "distance_km": 6.2244491568511497, "heading_deg": 34.486357650417858, "slope": 0.0, "slope_deg": 0.0 }, "geometry": { "type": "Point", "coordinates": [ 24.428747051104519, 46.437138483101407 ] } },
{ "type": "Feature", "properties": { "point_id": 2077, "lon": 24.428762310159389, "lat": 46.43715379145484, "elevation_m": 407.54510498046875, "distance_m": 6227.4491568513304, "distance_km": 6.2274491568513302, "heading_deg": 27.270339982290182, "slope": 0.35871378578565055, "slope_deg": 19.733610034689832 }, "geometry": { "type": "Point", "coordinates": [ 24.428762310159389, 46.43715379145484 ] } },
{ "type": "Feature", "properties": { "point_id": 2078, "lon": 24.428774598377274, "lat": 46.437170219578661, "elevation_m": 407.54510498046875, "distance_m": 6230.4346420926204, "distance_km": 6.2304346420926207, "heading_deg": 22.865507216235528, "slope": 0.0, "slope_deg": 0.0 }, "geometry": { "type": "Point", "coordinates": [ 24.428774598377274, 46.437170219578661 ] } },
{ "type": "Feature", "properties": { "point_id": 2079, "lon": 24.428785070111541, "lat": 46.437187332370492, "elevation_m": 407.54510498046875, "distance_m": 6233.434642093106, "distance_km": 6.2334346420931057, "heading_deg": 22.865507217333402, "slope": 0.0, "slope_deg": 0.0 }, "geometry": { "type": "Point", "coordinates": [ 24.428785070111541, 46.437187332370492 ] } },
{ "type": "Feature", "properties": { "point_id": 2080, "lon": 24.428795541845808, "lat": 46.437204445156944, "elevation_m": 407.54510498046875, "distance_m": 6236.4346420925531, "distance_km": 6.2364346420925534, "heading_deg": 22.865507228474826, "slope": 0.0, "slope_deg": 0.0 }, "geometry": { "type": "Point", "coordinates": [ 24.428795541845808, 46.437204445156944 ] } },
{ "type": "Feature", "properties": { "point_id": 2081, "lon": 24.428806013580079, "lat": 46.437221557938024, "elevation_m": 407.54510498046875, "distance_m": 6239.4346420930387, "distance_km": 6.2394346420930384, "heading_deg": 22.865507230967808, "slope": 0.0, "slope_deg": 0.0 }, "geometry": { "type": "Point", "coordinates": [ 24.428806013580079, 46.437221557938024 ] } },
{ "type": "Feature", "properties": { "point_id": 2082, "lon": 24.428816485314346, "lat": 46.437238670713718, "elevation_m": 407.54510498046875, "distance_m": 6242.4346420926668, "distance_km": 6.2424346420926664, "heading_deg": 22.25660577742957, "slope": 0.0, "slope_deg": 0.0 }, "geometry": { "type": "Point", "coordinates": [ 24.428816485314346, 46.437238670713718 ] } },
{ "type": "Feature", "properties": { "point_id": 2083, "lon": 24.428826675864151, "lat": 46.437255831082844, "elevation_m": 407.54510498046875, "distance_m": 6245.4297330342179, "distance_km": 6.2454297330342179, "heading_deg": 4.735817925763854, "slope": 0.0, "slope_deg": 0.0 }, "geometry": { "type": "Point", "coordinates": [ 24.428826675864151, 46.437255831082844 ] } },
{ "type": "Feature", "properties": { "point_id": 2084, "lon": 24.428828900853087, "lat": 46.437274339852991, "elevation_m": 407.54510498046875, "distance_m": 6248.4297330336894, "distance_km": 6.2484297330336895, "heading_deg": 4.7358179295546847, "slope": 0.0, "slope_deg": 0.0 }, "geometry": { "type": "Point", "coordinates": [ 24.428828900853087, 46.437274339852991 ] } },
{ "type": "Feature", "properties": { "point_id": 2085, "lon": 24.428831125842031, "lat": 46.437292848616856, "elevation_m": 407.54510498046875, "distance_m": 6251.4297330340896, "distance_km": 6.2514297330340893, "heading_deg": 4.7358179222980539, "slope": 0.0, "slope_deg": 0.0 }, "geometry": { "type": "Point", "coordinates": [ 24.428831125842031, 46.437292848616856 ] } },
{ "type": "Feature", "properties": { "point_id": 2086, "lon": 24.428833350830967, "lat": 46.43731135737444, "elevation_m": 407.54510498046875, "distance_m": 6254.4297330344898, "distance_km": 6.25442973303449, "heading_deg": 4.7358179250207968, "slope": 0.0, "slope_deg": 0.0 }, "geometry": { "type": "Point", "coordinates": [ 24.428833350830967, 46.43731135737444 ] } },
{ "type": "Feature", "properties": { "point_id": 2087, "lon": 24.428835575819907, "lat": 46.437329866125729, "elevation_m": 407.54510498046875, "distance_m": 6257.4297330339614, "distance_km": 6.2574297330339617, "heading_deg": 4.7358179220728402, "slope": 0.0, "slope_deg": 0.0 }, "geometry": { "type": "Point", "coordinates": [ 24.428835575819907, 46.437329866125729 ] } },
{ "type": "Feature", "properties": { "point_id": 2088, "lon": 24.428837800808843, "lat": 46.437348374870737, "elevation_m": 407.54510498046875, "distance_m": 6260.4297330343616, "distance_km": 6.2604297330343615, "heading_deg": 357.3032098425316, "slope": 0.0, "slope_deg": 0.0 }, "geometry": { "type": "Point", "coordinates": [ 24.428837800808843, 46.437348374870737 ] } },
{ "type": "Feature", "properties": { "point_id": 2089, "lon": 24.428836533320414, "lat": 46.437366919174998, "elevation_m": 407.38372802734375, "distance_m": 6263.4285570832299, "distance_km": 6.2634285570832295, "heading_deg": 356.95736912051012, "slope": -0.053813411689125477, "slope_deg": -3.0803102573589931 }, "geometry": { "type": "Point", "coordinates": [ 24.428836533320414, 46.437366919174998 ] } },
{ "type": "Feature", "properties": { "point_id": 2090, "lon": 24.428835102870639, "lat": 46.437385465132472, "elevation_m": 407.38372802734375, "distance_m": 6266.428557082977, "distance_km": 6.2664285570829774, "heading_deg": 356.95736911977974, "slope": 0.0, "slope_deg": 0.0 }, "geometry": { "type": "Point", "coordinates": [ 24.428835102870639, 46.437385465132472 ] } },
{ "type": "Feature", "properties": { "point_id": 2091, "lon": 24.428833672420861, "lat": 46.437404011083629, "elevation_m": 407.38372802734375, "distance_m": 6269.4285570827242, "distance_km": 6.2694285570827244, "heading_deg": 356.95736913255428, "slope": 0.0, "slope_deg": 0.0 }, "geometry": { "type": "Point", "coordinates": [ 24.428833672420861, 46.437404011083629 ] } },
{ "type": "Feature", "properties": { "point_id": 2092, "lon": 24.42883224197109, "lat": 46.437422557028469, "elevation_m": 407.38372802734375, "distance_m": 6272.4285570824713, "distance_km": 6.2724285570824714, "heading_deg": 356.95736910898052, "slope": 0.0, "slope_deg": 0.0 }, "geometry": { "type": "Point", "coordinates": [ 24.42883224197109, 46.437422557028469 ] } },
{ "type": "Feature", "properties": { "point_id": 2093, "lon": 24.428830811521308, "lat": 46.437441102967014, "elevation_m": 407.38372802734375, "distance_m": 6275.4285570831735, "distance_km": 6.2754285570831732, "heading_deg": 356.95736912538257, "slope": 0.0, "slope_deg": 0.0 }, "geometry": { "type": "Point", "coordinates": [ 24.428830811521308, 46.437441102967014 ] } },
{ "type": "Feature", "properties": { "point_id": 2094, "lon": 24.428829381071534, "lat": 46.437459648899228, "elevation_m": 407.38372802734375, "distance_m": 6278.4285570829206, "distance_km": 6.278428557082921, "heading_deg": 343.57778502712461, "slope": 0.0, "slope_deg": 0.0 }, "geometry": { "type": "Point", "coordinates": [ 24.428829381071534, 46.437459648899228 ] } },
{ "type": "Feature", "properties": { "point_id": 2095, "lon": 24.428821774512283, "lat": 46.43747743431863, "elevation_m": 407.38372802734375, "distance_m": 6281.4236687739285, "distance_km": 6.2814236687739289, "heading_deg": 342.78119103236878, "slope": 0.0, "slope_deg": 0.0 }, "geometry": { "type": "Point", "coordinates": [ 24.428821774512283, 46.43747743431863 ] } },
{ "type": "Feature", "properties": { "point_id": 2096, "lon": 24.428813796888306, "lat": 46.437495174040514, "elevation_m": 407.38372802734375, "distance_m": 6284.4236687739985, "distance_km": 6.2844236687739983, "heading_deg": 342.78119102759882, "slope": 0.0, "slope_deg": 0.0 }, "geometry": { "type": "Point", "coordinates": [ 24.428813796888306, 46.437495174040514 ] } },
{ "type": "Feature", "properties": { "point_id": 2097, "lon": 24.428805819264326, "lat": 46.437512913756628, "elevation_m": 407.38372802734375, "distance_m": 6287.4236687740686, "distance_km": 6.2874236687740686, "heading_deg": 342.78119103123674, "slope": 0.0, "slope_deg": 0.0 }, "geometry": { "type": "Point", "coordinates": [ 24.428805819264326, 46.437512913756628 ] } },
{ "type": "Feature", "properties": { "point_id": 2098, "lon": 24.428797841640353, "lat": 46.437530653466958, "elevation_m": 407.38372802734375, "distance_m": 6290.4236687741386, "distance_km": 6.2904236687741388, "heading_deg": 341.08793756386228, "slope": 0.0, "slope_deg": 0.0 }, "geometry": { "type": "Point", "coordinates": [ 24.428797841640353, 46.437530653466958 ] } },
{ "type": "Feature", "properties": { "point_id": 2099, "lon": 24.428789124309404, "lat": 46.437548187901555, "elevation_m": 407.38372802734375, "distance_m": 6293.4176799331071, "distance_km": 6.293417679933107, "heading_deg": 333.35194091985301, "slope": 0.0, "slope_deg": 0.0 }, "geometry": { "type": "Point", "coordinates": [ 24.428789124309404, 46.437548187901555 ] } },
{ "type": "Feature", "properties": { "point_id": 2100, "lon": 24.428777037234561, "lat": 46.437564787221056, "elevation_m": 407.38372802734375, "distance_m": 6296.4176799333754, "distance_km": 6.2964176799333753, "heading_deg": 333.35194089392093, "slope": 0.0, "slope_deg": 0.0 }, "geometry": { "type": "Point", "coordinates": [ 24.428777037234561, 46.437564787221056 ] } },
{ "type": "Feature", "properties": { "point_id": 2101, "lon": 24.428764950159714, "lat": 46.437581386535498, "elevation_m": 407.38372802734375, "distance_m": 6299.4176799330207, "distance_km": 6.299417679933021, "heading_deg": 333.35194091856863, "slope": 0.0, "slope_deg": 0.0 }, "geometry": { "type": "Point", "coordinates": [ 24.428764950159714, 46.437581386535498 ] } },
{ "type": "Feature", "properties": { "point_id": 2102, "lon": 24.428752863084874, "lat": 46.437597985844882, "elevation_m": 407.38372802734375, "distance_m": 6302.417679933289, "distance_km": 6.3024176799332894, "heading_deg": 333.35194092508493, "slope": 0.0, "slope_deg": 0.0 }, "geometry": { "type": "Point", "coordinates": [ 24.428752863084874, 46.437597985844882 ] } },
{ "type": "Feature", "properties": { "point_id": 2103, "lon": 24.428740776010031, "lat": 46.43761458514922, "elevation_m": 406.16934204101562, "distance_m": 6305.4176799335573, "distance_km": 6.3054176799335577, "heading_deg": 329.10921172372957, "slope": -0.40479532873983937, "slope_deg": -22.037872392650968 }, "geometry": { "type": "Point", "coordinates": [ 24.428740776010031, 46.43761458514922 ] } },
{ "type": "Feature", "properties": { "point_id": 2104, "lon": 24.428727037035223, "lat": 46.437630411012776, "elevation_m": 406.16934204101562, "distance_m": 6308.3966547221962, "distance_km": 6.3083966547221966, "heading_deg": 318.26306856459433, "slope": 0.0, "slope_deg": 0.0 }, "geometry": { "type": "Point", "coordinates": [ 24.428727037035223, 46.437630411012776 ] } },
{ "type": "Feature", "properties": { "point_id": 2105, "lon": 24.428709096468999, "lat": 46.437644269646078, "elevation_m": 406.76766967773438, "distance_m": 6311.3966547216378, "distance_km": 6.311396654721638, "heading_deg": 318.26306854275498, "slope": 0.19944254561004154, "slope_deg": 11.279217853677798 }, "geometry": { "type": "Point", "coordinates": [ 24.428709096468999, 46.437644269646078 ] } },
{ "type": "Feature", "properties": { "point_id": 2106, "lon": 24.428691155902772, "lat": 46.437658128275864, "elevation_m": 406.76766967773438, "distance_m": 6314.3966547220843, "distance_km": 6.314396654722084, "heading_deg": 318.26306854407136, "slope": 0.0, "slope_deg": 0.0 }, "geometry": { "type": "Point", "coordinates": [ 24.428691155902772, 46.437658128275864 ] } },
{ "type": "Feature", "properties": { "point_id": 2107, "lon": 24.428673215336541, "lat": 46.43767198690211, "elevation_m": 406.76766967773438, "distance_m": 6317.3966547218361, "distance_km": 6.3173966547218363, "heading_deg": 318.26306856349765, "slope": 0.0, "slope_deg": 0.0 }, "geometry": { "type": "Point", "coordinates": [ 24.428673215336541, 46.43767198690211 ] } },
{ "type": "Feature", "properties": { "point_id": 2108, "lon": 24.428655274770318, "lat": 46.437685845524854, "elevation_m": 406.76766967773438, "distance_m": 6320.3966547219725, "distance_km": 6.3203966547219723, "heading_deg": 318.26306854670361, "slope": 0.0, "slope_deg": 0.0 }, "geometry": { "type": "Point", "coordinates": [ 24.428655274770318, 46.437685845524854 ] } },
{ "type": "Feature", "properties": { "point_id": 2109, "lon": 24.428637334204087, "lat": 46.437699704144052, "elevation_m": 406.76766967773438, "distance_m": 6323.3966547217242, "distance_km": 6.3233966547217246, "heading_deg": 318.26306855455158, "slope": 0.0, "slope_deg": 0.0 }, "geometry": { "type": "Point", "coordinates": [ 24.428637334204087, 46.437699704144052 ] } },
{ "type": "Feature", "properties": { "point_id": 2110, "lon": 24.42861939363786, "lat": 46.43771356275974, "elevation_m": 406.76766967773438, "distance_m": 6326.3966547221708, "distance_km": 6.3263966547221706, "heading_deg": 318.26306855438105, "slope": 0.0, "slope_deg": 0.0 }, "geometry": { "type": "Point", "coordinates": [ 24.42861939363786, 46.43771356275974 ] } },
{ "type": "Feature", "properties": { "point_id": 2111, "lon": 24.428601453071632, "lat": 46.437727421371896, "elevation_m": 406.76766967773438, "distance_m": 6329.3966547216123, "distance_km": 6.3293966547216121, "heading_deg": 318.2630685441186, "slope": 0.0, "slope_deg": 0.0 }, "geometry": { "type": "Point", "coordinates": [ 24.428601453071632, 46.437727421371896 ] } },
{ "type": "Feature", "properties": { "point_id": 2112, "lon": 24.428583512505405, "lat": 46.437741279980528, "elevation_m": 406.76766967773438, "distance_m": 6332.3966547220589, "distance_km": 6.3323966547220589, "heading_deg": 318.26306852583764, "slope": 0.0, "slope_deg": 0.0 }, "geometry": { "type": "Point", "coordinates": [ 24.428583512505405, 46.437741279980528 ] } },
{ "type": "Feature", "properties": { "point_id": 2113, "lon": 24.428565571939174, "lat": 46.437755138585629, "elevation_m": 406.76766967773438, "distance_m": 6335.3966547218106, "distance_km": 6.3353966547218103, "heading_deg": 318.2630685663454, "slope": 0.0, "slope_deg": 0.0 }, "geometry": { "type": "Point", "coordinates": [ 24.428565571939174, 46.437755138585629 ] } },
{ "type": "Feature", "properties": { "point_id": 2114, "lon": 24.428547631372947, "lat": 46.43776899718722, "elevation_m": 406.76766967773438, "distance_m": 6338.3966547222572, "distance_km": 6.3383966547222572, "heading_deg": 318.26306855815579, "slope": 0.0, "slope_deg": 0.0 }, "geometry": { "type": "Point", "coordinates": [ 24.428547631372947, 46.43776899718722 ] } },
{ "type": "Feature", "properties": { "point_id": 2115, "lon": 24.428529690806723, "lat": 46.437782855785279, "elevation_m": 406.76766967773438, "distance_m": 6341.3966547216987, "distance_km": 6.3413966547216987, "heading_deg": 318.26306857402108, "slope": 0.0, "slope_deg": 0.0 }, "geometry": { "type": "Point", "coordinates": [ 24.428529690806723, 46.437782855785279 ] } },
{ "type": "Feature", "properties": { "point_id": 2116, "lon": 24.428511750240496, "lat": 46.437796714379822, "elevation_m": 406.76766967773438, "distance_m": 6344.3966547221453, "distance_km": 6.3443966547221455, "heading_deg": 318.2630685129871, "slope": 0.0, "slope_deg": 0.0 }, "geometry": { "type": "Point", "coordinates": [ 24.428511750240496, 46.437796714379822 ] } },
{ "type": "Feature", "properties": { "point_id": 2117, "lon": 24.428493809674265, "lat": 46.437810572970825, "elevation_m": 406.76766967773438, "distance_m": 6347.396654721897, "distance_km": 6.347396654721897, "heading_deg": 318.26306857516391, "slope": 0.0, "slope_deg": 0.0 }, "geometry": { "type": "Point", "coordinates": [ 24.428493809674265, 46.437810572970825 ] } },
{ "type": "Feature", "properties": { "point_id": 2118, "lon": 24.428475869108041, "lat": 46.437824431558312, "elevation_m": 406.76766967773438, "distance_m": 6350.3966547220334, "distance_km": 6.3503966547220339, "heading_deg": 318.26306852868004, "slope": 0.0, "slope_deg": 0.0 }, "geometry": { "type": "Point", "coordinates": [ 24.428475869108041, 46.437824431558312 ] } },
{ "type": "Feature", "properties": { "point_id": 2119, "lon": 24.42845792854181, "lat": 46.437838290142267, "elevation_m": 405.7391357421875, "distance_m": 6353.3966547217851, "distance_km": 6.3533966547217853, "heading_deg": 318.26306856621432, "slope": -0.34284464521066688, "slope_deg": -18.924003671128322 }, "geometry": { "type": "Point", "coordinates": [ 24.42845792854181, 46.437838290142267 ] } },
{ "type": "Feature", "properties": { "point_id": 2120, "lon": 24.428439987975583, "lat": 46.437852148722712, "elevation_m": 405.7391357421875, "distance_m": 6356.3966547222317, "distance_km": 6.3563966547222313, "heading_deg": 318.26306854288606, "slope": 0.0, "slope_deg": 0.0 }, "geometry": { "type": "Point", "coordinates": [ 24.428439987975583, 46.437852148722712 ] } },
{ "type": "Feature", "properties": { "point_id": 2121, "lon": 24.428422047409356, "lat": 46.437866007299618, "elevation_m": 405.7391357421875, "distance_m": 6359.3966547216733, "distance_km": 6.3593966547216736, "heading_deg": 318.2630685492457, "slope": 0.0, "slope_deg": 0.0 }, "geometry": { "type": "Point", "coordinates": [ 24.428422047409356, 46.437866007299618 ] } },
{ "type": "Feature", "properties": { "point_id": 2122, "lon": 24.428404106843129, "lat": 46.437879865873001, "elevation_m": 405.7391357421875, "distance_m": 6362.3966547221198, "distance_km": 6.3623966547221196, "heading_deg": 318.26306852740328, "slope": 0.0, "slope_deg": 0.0 }, "geometry": { "type": "Point", "coordinates": [ 24.428404106843129, 46.437879865873001 ] } },
{ "type": "Feature", "properties": { "point_id": 2123, "lon": 24.428386166276898, "lat": 46.437893724442858, "elevation_m": 405.7391357421875, "distance_m": 6365.3966547218715, "distance_km": 6.3653966547218719, "heading_deg": 318.26306856493693, "slope": 0.0, "slope_deg": 0.0 }, "geometry": { "type": "Point", "coordinates": [ 24.428386166276898, 46.437893724442858 ] } },
{ "type": "Feature", "properties": { "point_id": 2124, "lon": 24.42836822571067, "lat": 46.437907583009199, "elevation_m": 405.7391357421875, "distance_m": 6368.396654722008, "distance_km": 6.3683966547220079, "heading_deg": 318.26306854160794, "slope": 0.0, "slope_deg": 0.0 }, "geometry": { "type": "Point", "coordinates": [ 24.42836822571067, 46.437907583009199 ] } },
{ "type": "Feature", "properties": { "point_id": 2125, "lon": 24.428350285144443, "lat": 46.437921441572009, "elevation_m": 406.9849853515625, "distance_m": 6371.3966547217597, "distance_km": 6.3713966547217593, "heading_deg": 318.26306856756321, "slope": 0.41528320315937051, "slope_deg": 22.552291000321894 }, "geometry": { "type": "Point", "coordinates": [ 24.428350285144443, 46.437921441572009 ] } },
{ "type": "Feature", "properties": { "point_id": 2126, "lon": 24.428332344578216, "lat": 46.437935300131301, "elevation_m": 406.9849853515625, "distance_m": 6374.3966547222062, "distance_km": 6.3743966547222062, "heading_deg": 323.83070268170957, "slope": 0.0, "slope_deg": 0.0 }, "geometry": { "type": "Point", "coordinates": [ 24.428332344578216, 46.437935300131301 ] } },
{ "type": "Feature", "properties": { "point_id": 2127, "lon": 24.428316551960332, "lat": 46.437950187033536, "elevation_m": 406.9849853515625, "distance_m": 6377.3754854307372, "distance_km": 6.3773754854307372, "heading_deg": 332.16016100737625, "slope": 0.0, "slope_deg": 0.0 }, "geometry": { "type": "Point", "coordinates": [ 24.428316551960332, 46.437950187033536 ] } },
{ "type": "Feature", "properties": { "point_id": 2128, "lon": 24.428303966518307, "lat": 46.43796660939087, "elevation_m": 406.9849853515625, "distance_m": 6380.3754854303352, "distance_km": 6.3803754854303349, "heading_deg": 332.16016101586968, "slope": 0.0, "slope_deg": 0.0 }, "geometry": { "type": "Point", "coordinates": [ 24.428303966518307, 46.43796660939087 ] } },
{ "type": "Feature", "properties": { "point_id": 2129, "lon": 24.428291381076278, "lat": 46.437983031743258, "elevation_m": 406.9849853515625, "distance_m": 6383.3754854301505, "distance_km": 6.3833754854301503, "heading_deg": 332.16016103492461, "slope": 0.0, "slope_deg": 0.0 }, "geometry": { "type": "Point", "coordinates": [ 24.428291381076278, 46.437983031743258 ] } },
{ "type": "Feature", "properties": { "point_id": 2130, "lon": 24.428278795634249, "lat": 46.437999454090708, "elevation_m": 406.9849853515625, "distance_m": 6386.3754854307899, "distance_km": 6.3863754854307899, "heading_deg": 332.1601610278824, "slope": 0.0, "slope_deg": 0.0 }, "geometry": { "type": "Point", "coordinates": [ 24.428278795634249, 46.437999454090708 ] } },
{ "type": "Feature", "properties": { "point_id": 2131, "lon": 24.428266210192223, "lat": 46.438015876433205, "elevation_m": 406.9849853515625, "distance_m": 6389.3754854306053, "distance_km": 6.3893754854306053, "heading_deg": 332.1601609891548, "slope": 0.0, "slope_deg": 0.0 }, "geometry": { "type": "Point", "coordinates": [ 24.428266210192223, 46.438015876433205 ] } },
{ "type": "Feature", "properties": { "point_id": 2132, "lon": 24.428253624750194, "lat": 46.438032298770729, "elevation_m": 406.9849853515625, "distance_m": 6392.3754854304207, "distance_km": 6.3923754854304207, "heading_deg": 332.16016103251786, "slope": 0.0, "slope_deg": 0.0 }, "geometry": { "type": "Point", "coordinates": [ 24.428253624750194, 46.438032298770729 ] } },
{ "type": "Feature", "properties": { "point_id": 2133, "lon": 24.428241039308165, "lat": 46.438048721103328, "elevation_m": 406.9849853515625, "distance_m": 6395.375485430236, "distance_km": 6.395375485430236, "heading_deg": 332.1601610194956, "slope": 0.0, "slope_deg": 0.0 }, "geometry": { "type": "Point", "coordinates": [ 24.428241039308165, 46.438048721103328 ] } },
{ "type": "Feature", "properties": { "point_id": 2134, "lon": 24.428228453866137, "lat": 46.438065143430975, "elevation_m": 406.9849853515625, "distance_m": 6398.3754854308754, "distance_km": 6.3983754854308756, "heading_deg": 332.16016101563787, "slope": 0.0, "slope_deg": 0.0 }, "geometry": { "type": "Point", "coordinates": [ 24.428228453866137, 46.438065143430975 ] } },
{ "type": "Feature", "properties": { "point_id": 2135, "lon": 24.428215868424108, "lat": 46.438081565753663, "elevation_m": 406.9849853515625, "distance_m": 6401.3754854306908, "distance_km": 6.401375485430691, "heading_deg": 332.16016103469161, "slope": 0.0, "slope_deg": 0.0 }, "geometry": { "type": "Point", "coordinates": [ 24.428215868424108, 46.438081565753663 ] } },
{ "type": "Feature", "properties": { "point_id": 2136, "lon": 24.428203282982079, "lat": 46.438097988071419, "elevation_m": 406.9849853515625, "distance_m": 6404.3754854305062, "distance_km": 6.4043754854305064, "heading_deg": 332.16016100473632, "slope": 0.0, "slope_deg": 0.0 }, "geometry": { "type": "Point", "coordinates": [ 24.428203282982079, 46.438097988071419 ] } },
{ "type": "Feature", "properties": { "point_id": 2137, "lon": 24.428190697540053, "lat": 46.438114410384209, "elevation_m": 405.955322265625, "distance_m": 6407.3754854303215, "distance_km": 6.4073754854303218, "heading_deg": 332.16016102418104, "slope": -0.34322102866695603, "slope_deg": -18.94329841280053 }, "geometry": { "type": "Point", "coordinates": [ 24.428190697540053, 46.438114410384209 ] } },
{ "type": "Feature", "properties": { "point_id": 2138, "lon": 24.428178112098021, "lat": 46.43813083269206, "elevation_m": 405.955322265625, "distance_m": 6410.3754854309609, "distance_km": 6.4103754854309605, "heading_deg": 332.16016101674575, "slope": 0.0, "slope_deg": 0.0 }, "geometry": { "type": "Point", "coordinates": [ 24.428178112098021, 46.43813083269206 ] } },
{ "type": "Feature", "properties": { "point_id": 2139, "lon": 24.428165526655999, "lat": 46.438147254994945, "elevation_m": 405.955322265625, "distance_m": 6413.3754854305589, "distance_km": 6.4133754854305591, "heading_deg": 332.16016101009291, "slope": 0.0, "slope_deg": 0.0 }, "geometry": { "type": "Point", "coordinates": [ 24.428165526655999, 46.438147254994945 ] } },
{ "type": "Feature", "properties": { "point_id": 2140, "lon": 24.42815294121397, "lat": 46.438163677292891, "elevation_m": 405.955322265625, "distance_m": 6416.3754854303743, "distance_km": 6.4163754854303745, "heading_deg": 332.16016102456331, "slope": 0.0, "slope_deg": 0.0 }, "geometry": { "type": "Point", "coordinates": [ 24.42815294121397, 46.438163677292891 ] } },
{ "type": "Feature", "properties": { "point_id": 2141, "lon": 24.428140355771941, "lat": 46.438180099585892, "elevation_m": 405.955322265625, "distance_m": 6419.3754854301897, "distance_km": 6.4193754854301899, "heading_deg": 332.16016103584815, "slope": 0.0, "slope_deg": 0.0 }, "geometry": { "type": "Point", "coordinates": [ 24.428140355771941, 46.438180099585892 ] } },
{ "type": "Feature", "properties": { "point_id": 2142, "lon": 24.428127770329915, "lat": 46.438196521873948, "elevation_m": 406.53567504882812, "distance_m": 6422.375485430829, "distance_km": 6.4223754854308286, "heading_deg": 332.1601610017006, "slope": 0.19345092769314579, "slope_deg": 10.948680162386234 }, "geometry": { "type": "Point", "coordinates": [ 24.428127770329915, 46.438196521873948 ] } },
{ "type": "Feature", "properties": { "point_id": 2143, "lon": 24.428115184887886, "lat": 46.438212944157037, "elevation_m": 406.53567504882812, "distance_m": 6425.3754854306444, "distance_km": 6.425375485430644, "heading_deg": 332.16015764483126, "slope": 0.0, "slope_deg": 0.0 }, "geometry": { "type": "Point", "coordinates": [ 24.428115184887886, 46.438212944157037 ] } },
{ "type": "Feature", "properties": { "point_id": 2144, "lon": 24.428112, "lat": 46.4382171, "elevation_m": 406.53567504882812, "distance_m": 6426.1346692265233, "distance_km": 6.4261346692265233, "heading_deg": 332.16015764483126, "slope": 0.0, "slope_deg": 0.0 }, "geometry": { "type": "Point", "coordinates": [ 24.428112, 46.4382171 ] } }
]
}
