point_id,lon,lat,elevation_m,distance_m,distance_km,heading_deg,slope,slope_deg
0,24.4247049,46.432727799999995,410.7012939453125,0.0,0.0,214.0528955107059,0.0,0.0
1,24.424689809436337,46.43271241127818,410.7012939453125,2.99999999975489,0.0029999999997548897,214.05289548961613,0.0,0.0
2,24.42467471887268,46.432697022552006,410.7012939453125,6.0000000002814,0.0060000000002814,214.0528955235742,0.0,0.0
3,24.424659628309023,46.4326816338215,410.7012939453125,8.99999999977554,0.00899999999977554,214.05289546973844,0.0,0.0
4,24.424644537745365,46.43266624508663,410.7012939453125,12.00000000030205,0.01200000000030205,214.052895525564,0.0,0.0
5,24.424629447181708,46.432650856347436,410.7012939453125,15.00000000005694,0.01500000000005694,214.05289549919823,0.0,0.0
6,24.424614356618047,46.43263546760389,412.6973571777344,17.99999999981183,0.01799999999981183,214.05289550019364,0.665354410861653,33.63798365126975
7,24.424599266054386,46.43262007885599,412.6973571777344,21.00000000033834,0.02100000000033834,214.05289550097217,0.0,0.0
8,24.424584175490732,46.43260469010376,412.6973571777344,23.99999999983248,0.023999999999832478,214.0528955186668,0.0,0.0
9,24.424569084927075,46.43258930134718,412.0535888671875,26.99999999958737,0.02699999999958737,214.05289548659084,-0.21458943686649093,-12.111394072099973
10,24.424553994363418,46.43257391258624,412.0535888671875,30.00000000011388,0.03000000000011388,214.05289551516512,0.0,0.0
11,24.424538903799757,46.43255852382097,412.0535888671875,32.99999999986877,0.03299999999986877,214.05289548869206,0.0,0.0
12,24.424523813236096,46.43254313505134,412.0535888671875,36.00000000039528,0.036000000000395285,214.05289550045933,0.0,0.0
13,24.424508722672442,46.43252774627739,412.0535888671875,38.99999999988942,0.038999999999889415,214.05289552364889,0.0,0.0
14,24.424493632108785,46.43251235749908,412.0535888671875,41.99999999964431,0.04199999999964431,214.05289549717645,0.0,0.0
15,24.424478541545124,46.43249696871642,412.0535888671875,45.00000000017082,0.04500000000017082,214.0528955090529,0.0,0.0
16,24.424463450981467,46.43248157992942,412.0535888671875,47.99999999992571,0.04799999999992571,214.052895504665,0.0,0.0
17,24.424448360417806,46.432466191138076,412.0535888671875,51.000000000452225,0.051000000000452225,214.05289549434912,0.0,0.0
18,24.424433269854156,46.43245080234239,412.0535888671875,53.99999999994636,0.05399999999994636,214.05289550127512,0.0,0.0
19,24.424418179290495,46.43243541354235,412.0535888671875,56.99999999970125,0.056999999999701255,214.0528955021646,0.0,0.0
20,24.424403088726834,46.432420024737965,412.0535888671875,60.000000000227764,0.06000000000022777,214.05289549766894,0.0,0.0
21,24.424387998163173,46.43240463592924,412.0535888671875,62.999999999982656,0.06299999999998265,214.05289551504043,0.0,0.0
22,24.424372907599516,46.43238924711617,412.0535888671875,65.99999999973754,0.06599999999973755,214.05289548296722,0.0,0.0
23,24.42435781703586,46.432373858298746,412.0535888671875,69.0000000000033,0.0690000000000033,214.05289550066487,0.0,0.0
24,24.424342726472204,46.43235846947699,414.163330078125,71.99999999975819,0.07199999999975819,214.05289550166393,0.7032470703699574,35.11669118080598
25,24.424327635908543,46.432343080650874,414.163330078125,75.0000000002847,0.0750000000002847,214.05289551914478,0.0,0.0
26,24.424312545344883,46.432327691820426,414.163330078125,78.00000000003959,0.0780000000000396,214.052895503554,0.0,0.0
27,24.424297454781225,46.43231230298563,413.554931640625,80.99999999979448,0.08099999999979449,214.0528954935659,-0.202799479183236,-11.464078290794735
28,24.42428236421757,46.432296914146484,413.554931640625,84.00000000006024,0.08400000000006023,214.0528955276376,0.0,0.0
29,24.42426727365391,46.432281525303004,413.554931640625,86.99999999981513,0.08699999999981513,214.05289547908419,0.0,0.0
30,24.424252183090253,46.43226613645516,413.554931640625,90.00000000034164,0.09000000000034164,214.05289550766238,0.0,0.0
31,24.424237092526592,46.432250747602986,413.554931640625,93.00000000009653,0.09300000000009653,214.0528955030604,0.0,0.0
32,24.424222001962935,46.43223535874646,413.554931640625,95.99999999985143,0.09599999999985143,214.05289549856715,0.0,0.0
33,24.42420691139928,46.432219969885594,413.554931640625,99.00000000011718,0.09900000000011719,214.05289550517048,0.0,0.0
34,24.42419182083562,46.43220458102038,413.554931640625,101.99999999987207,0.10199999999987207,214.05289550617152,0.0,0.0
35,24.42417673027196,46.432189192150815,413.554931640625,104.99999999962697,0.10499999999962696,216.48402433193846,0.0,0.0
36,24.424160709937592,46.43217426182347,413.554931640625,107.99929335868774,0.10799929335868774,217.1201264536309,0.0,0.0
37,24.424144446261735,46.43215945150379,413.554931640625,110.99929335855356,0.11099929335855356,217.12012647855195,0.0,0.0
38,24.42412818258587,46.432144641180095,413.554931640625,113.99929335870041,0.11399929335870042,217.1201264533594,0.0,0.0
39,24.424111918910018,46.43212983085237,413.554931640625,116.99929335856623,0.11699929335856624,217.1201264826145,0.0,0.0
40,24.42409565523415,46.43211502052063,413.554931640625,119.99929335871309,0.1199992933587131,217.32577691834774,0.0,0.0
41,24.4240793228007,46.43210025798485,413.554931640625,122.99777570051975,0.12299777570051976,233.3750369781236,0.0,0.0
42,24.42405769430929,46.43208917724308,413.554931640625,125.997775700395,0.125997775700395,233.37503699641417,0.0,0.0
43,24.424036065817884,46.43207809649907,415.19525146484375,128.99777570027024,0.12899777570027024,233.37503699511677,0.5467732747623213,28.668659690250408
44,24.42401443732647,46.4320670157528,414.6143798828125,131.99777570051918,0.13199777570051918,240.2106551542846,-0.19362386066101606,-10.958230757565904
45,24.423991254022507,46.43205786885832,414.6143798828125,134.97148133663694,0.13497148133663694,248.6410189693649,0.0,0.0
46,24.42396615554064,46.43205110403404,414.6143798828125,137.97148133641156,0.13797148133641154,248.64101895602712,0.0,0.0
47,24.423941057058766,46.43204433920892,414.6143798828125,140.97148133661986,0.14097148133661985,248.64101897431306,0.0,0.0
48,24.42391595857689,46.43203757438296,414.6143798828125,143.97148133682816,0.14397148133682816,254.31223284091948,0.0,0.0
49,24.423890231628523,46.43203259439636,414.6143798828125,146.9462020999118,0.1469462020999118,264.0771333385335,0.0,0.0
50,24.423863426034394,46.432030677755364,414.6143798828125,149.94620210031613,0.14994620210031612,264.0771334080218,0.0,0.0
51,24.42383662044027,46.43202876111432,414.6143798828125,152.94620210016117,0.15294620210016116,264.0771334001374,0.0,0.0
52,24.423809814846145,46.4320268444732,414.6143798828125,155.9462021001023,0.15594620210010232,273.3456872247124,0.0,0.0
53,24.423783050475244,46.43202792284118,414.6143798828125,158.93068496914182,0.1589306849691418,277.009906887774,0.0,0.0
54,24.423756302461623,46.43203018962206,414.6143798828125,161.93068496919196,0.16193068496919197,277.009906904592,0.0,0.0
55,24.423729554448006,46.43203245640285,414.7119445800781,164.9306849692421,0.1649306849692421,277.00990683046854,0.03252156575466483,1.862691952573002
56,24.42370280643438,46.43203472318353,414.7119445800781,167.93068496917857,0.16793068496917857,297.07426894624615,0.0,0.0
57,24.423678861201093,46.43204315904752,414.7119445800781,170.92430490593182,0.17092430490593183,297.76377831071505,0.0,0.0
58,24.42365501427977,46.432051811300546,414.7119445800781,173.92430490635664,0.17392430490635663,297.7637782488022,0.0,0.0
59,24.42363116735845,46.43206046355219,414.7119445800781,176.92430490593557,0.17692430490593558,297.7637782823877,0.0,0.0
60,24.423607320437128,46.43206911580246,414.7119445800781,179.9243049063604,0.17992430490636038,297.7637782638831,0.0,0.0
61,24.42358347351581,46.432077768051364,414.7119445800781,182.92430490593932,0.18292430490593933,302.9844517381981,0.0,0.0
62,24.423560891274242,46.43208786942138,413.65972900390625,185.92119147184664,0.18592119147184663,304.289339231956,-0.35110290397438293,-19.34632238764842
63,24.423538625545042,46.43209833346244,413.65972900390625,188.9211914723364,0.1889211914723364,304.28933926173397,0.0,0.0
64,24.423516359815842,46.432108797501506,413.65972900390625,191.9211914723015,0.1919211914723015,304.28933922236706,0.0,0.0
65,24.423494094086646,46.432119261538546,413.65972900390625,194.9211914722666,0.1949211914722666,304.28933923593286,0.0,0.0
66,24.42347182835745,46.43212972557359,413.5692443847656,197.9211914722317,0.1979211914722317,304.2893392695201,-0.030161539713892564,-1.7276051781324728
67,24.423449562628257,46.43214018960662,413.5692443847656,200.92119147181205,0.20092119147181206,304.2893392754666,0.0,0.0
68,24.423427296899057,46.43215065363765,413.5692443847656,203.9211914723018,0.2039211914723018,304.28933921178117,0.0,0.0
69,24.42340503116986,46.43216111766665,413.5692443847656,206.9211914722669,0.20692119147226692,304.28933925777073,0.0,0.0
70,24.423382765440664,46.43217158169366,413.5692443847656,209.921191472232,0.209921191472232,304.2893392470179,0.0,0.0
71,24.423360499711467,46.43218204571865,413.5692443847656,212.9211914721971,0.2129211914721971,304.2893392324554,0.0,0.0
72,24.423338233982268,46.43219250974163,413.5692443847656,215.9211914721622,0.2159211914721622,304.28933928176724,0.0,0.0
73,24.423315968253075,46.432202973762614,413.5692443847656,218.92119147226725,0.21892119147226724,304.28933924718297,0.0,0.0
74,24.42329370252388,46.432213437781584,413.5692443847656,221.92119147223235,0.22192119147223235,304.2893392164081,0.0,0.0
75,24.42327143679468,46.43222390179853,413.5692443847656,224.92119147219745,0.22492119147219744,296.2448747495225,0.0,0.0
76,24.42324729336736,46.43223210585637,413.5692443847656,227.91773174395487,0.22791773174395488,295.3046637961627,0.0,0.0
77,24.423222929767967,46.43224004491863,413.5692443847656,230.9177317437132,0.23091773174371322,295.3046637840224,0.0,0.0
78,24.423198566168566,46.432247983979735,413.5692443847656,233.91773174389252,0.23391773174389252,284.80127476332933,0.0,0.0
79,24.423172631139664,46.43225270710901,413.63275146484375,236.90389353149754,0.23690389353149754,281.91991735462864,0.02126712636325682,1.2183329249321713
80,24.423146262784794,46.43225654343628,413.63275146484375,239.90389353155138,0.23990389353155137,281.91991735510305,0.0,0.0
81,24.423119894429927,46.432260379763285,413.63275146484375,242.9038935316052,0.24290389353160521,281.91991734597786,0.0,0.0
82,24.423093526075064,46.43226421609001,413.63275146484375,245.90389353120344,0.24590389353120343,271.496481897629,0.0,0.0
83,24.423066649916304,46.43226469999999,413.63275146484375,248.8967545989303,0.2488967545989303,270.0000097621603,0.0,0.0
84,24.42303970045778,46.43226469999999,413.63275146484375,251.8967545989303,0.2518967545989303,270.0000097621603,0.0,0.0
85,24.42301275099926,46.43226469999999,413.63275146484375,254.8967545989303,0.2548967545989303,259.9236991149954,0.0,0.0
86,24.42298654291924,46.43226149020965,413.63275146484375,257.85992991328465,0.25785992991328466,251.90996297463408,0.0,0.0
87,24.422960925580824,46.432255722809316,413.63275146484375,260.85992991310053,0.26085992991310053,251.90996292489308,0.0,0.0
88,24.42293530824241,46.43224995540836,413.63275146484375,263.85992991320563,0.2638599299132056,251.90996297051424,0.0,0.0
89,24.422909690903992,46.43224418800681,413.9680480957031,266.8599299130215,0.26685992991302154,240.49487869300168,0.11176554362665093,6.377228030637723
90,24.422886243665687,46.432235043142505,413.9680480957031,269.85901048907834,0.26985901048907834,240.31916029082652,0.0,0.0
91,24.422862830054836,46.432225845940145,413.9680480957031,272.8590104891244,0.27285901048912437,240.31916030105623,0.0,0.0
92,24.42283941644399,46.43221664873623,413.9680480957031,275.85901048922705,0.27585901048922706,234.24104728942973,0.0,0.0
93,24.422817718553098,46.43220587951897,413.9680480957031,278.8355353882436,0.2788355353882436,225.7785751499972,0.0,0.0
94,24.42279840522961,46.43219292546227,413.9680480957031,281.8355353885155,0.28183553538851547,225.77857517629977,0.0,0.0
95,24.42277909190612,46.4321799714025,413.9680480957031,284.83553538847156,0.28483553538847156,218.98444785008832,0.0,0.0
96,24.42276228555692,46.43216565945784,413.9680480957031,287.80938129649445,0.28780938129649447,210.54794710157927,0.0,0.0
97,24.422748588247988,46.43214966352306,413.9680480957031,290.80938129682846,0.2908093812968285,210.54794709789556,0.0,0.0
98,24.422734890939054,46.43213366758359,413.9680480957031,293.8093812971625,0.2938093812971625,205.52523938356842,0.0,0.0
99,24.422723399474194,46.43211708161205,413.9680480957031,296.7780480955197,0.2967780480955197,191.8745204650281,0.0,0.0
100,24.422717854111436,46.4320989051494,413.9680480957031,299.77804809532495,0.29977804809532493,191.8745204882657,0.0,0.0
101,24.422712308748675,46.4320807286807,414.6700439453125,302.77804809522604,0.302778048095226,188.8604964937219,0.2339986165441731,13.170166746727476
102,24.42270816845823,46.432062423749855,414.6700439453125,305.7703063654111,0.3057703063654111,183.23763648472993,0.0,0.0
103,24.422706646424505,46.432043879443626,414.6700439453125,308.77030636573846,0.3087703063657385,183.2376364829981,0.0,0.0
104,24.422705124390784,46.43202533513108,414.6700439453125,311.770306365136,0.311770306365136,183.23763648182046,0.0,0.0
105,24.422703602357064,46.432006790812224,414.6700439453125,314.77030636546334,0.3147703063654633,183.2376364974699,0.0,0.0
106,24.422702080323337,46.431988246487066,414.6700439453125,317.770306365817,0.31777030636581705,183.23763648389811,0.0,0.0
107,24.422700558289613,46.4319697021556,414.6700439453125,320.77030636521454,0.32077030636521453,178.600745034002,0.0,0.0
108,24.422701215125915,46.43195116890194,414.6700439453125,323.7646206248883,0.3237646206248883,175.91657857980147,0.0,0.0
109,24.42270313416503,46.43193264206294,414.6700439453125,326.7646206246365,0.3267646206246365,175.91657858110693,0.0,0.0
110,24.42270505320414,46.43191411521764,414.6700439453125,329.7646206253137,0.3297646206253137,175.91657857496898,0.0,0.0
111,24.422706972243258,46.43189558836604,414.6700439453125,332.76462062506187,0.33276462062506185,175.91657857812868,0.0,0.0
112,24.42270889128237,46.431877061508146,414.6700439453125,335.76462062481005,0.33576462062481005,175.91657858222857,0.0,0.0
113,24.422710810321483,46.43185853464395,414.6700439453125,338.76462062455823,0.33876462062455825,175.91657858073938,0.0,0.0
114,24.422712729360594,46.43184000777346,414.6700439453125,341.7646206252354,0.3417646206252354,175.91657856576046,0.0,0.0
115,24.42271464839971,46.431821480896666,414.6700439453125,344.7646206249836,0.3447646206249836,175.91657858660153,0.0,0.0
116,24.422716567438822,46.431802954013584,415.2919921875,347.7646206247318,0.3477646206247318,175.91657857511564,0.20731608074656852,11.712417792585574
117,24.422718486477937,46.43178442712419,415.2919921875,350.76462062540895,0.350764620625409,175.91657858432143,0.0,0.0
118,24.422720405517047,46.43176590022852,415.2919921875,353.76462062515714,0.3537646206251571,175.91657856888514,0.0,0.0
119,24.422722324556165,46.43174737332654,415.2919921875,356.7646206249053,0.3567646206249053,175.91657858623284,0.0,0.0
120,24.422724243595276,46.43172884641826,415.2919921875,359.7646206246535,0.35976462062465353,175.91657857334963,0.0,0.0
121,24.42272616263439,46.43171031950368,415.2919921875,362.7646206253307,0.36276462062533066,175.91657858604833,0.0,0.0
122,24.4227280816735,46.43169179258281,415.2919921875,365.76462062507886,0.36576462062507886,175.91657857595942,0.0,0.0
123,24.422730000712615,46.43167326565563,415.2919921875,368.76462062482705,0.36876462062482707,175.91657857981738,0.0,0.0
124,24.42273191975173,46.431654738722166,415.2919921875,371.76462062457523,0.3717646206245752,175.91657858182077,0.0,0.0
125,24.42273383879084,46.43163621178239,415.2919921875,374.7646206252524,0.3747646206252524,175.91657858498002,0.0,0.0
126,24.42273575782995,46.431617684836326,415.2919921875,377.76462062496745,0.37776462062496746,175.9383549897982,0.0,0.0
127,24.422737666648942,46.431599157414674,415.2919921875,380.764615432326,0.38076461543232604,176.4602349890713,0.0,0.0
128,24.422739330542203,46.43158061874021,415.2919921875,383.7646154322767,0.3837646154322767,176.46023497276383,0.0,0.0
129,24.42274099443547,46.43156208005946,415.2919921875,386.7646154322561,0.3867646154322561,176.4602349827611,0.0,0.0
130,24.422742658328733,46.431543541372385,415.2919921875,389.76461543220677,0.38976461543220675,176.46023497380838,0.0,0.0
131,24.422744322221998,46.43152500267901,415.80572509765625,392.7646154321574,0.3927646154321574,176.46023497895953,0.17124430338823307,9.71732186742432
132,24.422745986115263,46.43150646397934,415.80572509765625,395.76461543213685,0.39576461543213687,176.4602349828133,0.0,0.0
133,24.422747650008528,46.431487925273345,415.80572509765625,398.7646154320875,0.3987646154320875,176.46023497325473,0.0,0.0
134,24.422749313901793,46.431469386561055,415.80572509765625,401.76461543206693,0.40176461543206693,176.46023498204033,0.0,0.0
135,24.422750977795058,46.431450847842456,415.80572509765625,404.7646154320176,0.4047646154320176,176.46023497187593,0.0,0.0
136,24.422752641688323,46.431432309117554,415.80572509765625,407.764615431997,0.407764615431997,176.46023498308443,0.0,0.0
137,24.422754305581588,46.43141377038634,415.80572509765625,410.7646154319477,0.4107646154319477,176.46023497352564,0.0,0.0
138,24.422755969474853,46.43139523164882,415.80572509765625,413.76461543189833,0.41376461543189835,176.46023497867657,0.0,0.0
139,24.422757633368118,46.43137669290501,415.80572509765625,416.76461543187776,0.41676461543187776,176.46023497456952,0.0,0.0
140,24.422759297261383,46.431358154154886,415.80572509765625,419.7646154318284,0.4197646154318284,176.4602349815376,0.0,0.0
141,24.422760961154648,46.43133961539845,415.80572509765625,422.76461543180784,0.4227646154318078,176.46023497561328,0.0,0.0
142,24.422762625047913,46.431321076635705,415.80572509765625,425.7646154317585,0.4257646154317585,176.46023498630166,0.0,0.0
143,24.422764288941174,46.43130253786667,415.80572509765625,428.76461543170916,0.4287646154317092,176.4602349742338,0.0,0.0
144,24.422765952834443,46.43128399909131,415.80572509765625,431.7646154316886,0.4317646154316886,176.46023498301895,0.0,0.0
145,24.422767616727704,46.43126546030965,415.80572509765625,434.7646154325688,0.4347646154325688,176.46023497467138,0.0,0.0
146,24.422769280620972,46.431246921521684,416.29534912109375,437.7646154325482,0.43776461543254824,176.46023498103352,0.16320800781361947,9.269404033665452
147,24.422770944514234,46.43122838272742,416.29534912109375,440.7646154324989,0.4407646154324989,176.46023497943497,0.0,0.0
148,24.4227726084075,46.43120984392685,416.29534912109375,443.76461543244955,0.44376461543244955,176.4602349673669,0.0,0.0
149,24.422774272300767,46.43119130511997,416.29534912109375,446.76461543242897,0.44676461543242896,176.46023498722718,0.0,0.0
150,24.42277593619403,46.43117276630679,416.29534912109375,449.7646154323796,0.4497646154323796,176.4602349690157,0.0,0.0
151,24.422777600087297,46.43115422748728,416.29534912109375,452.76461543235905,0.4527646154323591,176.46023498645286,0.0,0.0
152,24.42277926398056,46.43113568866149,416.29534912109375,455.7646154323097,0.4557646154323097,176.46023496763553,0.0,0.0
153,24.422780927873827,46.43111714982939,416.29534912109375,458.76461543228913,0.45876461543228914,176.46023498810132,0.0,0.0
154,24.42278259176709,46.43109861099098,416.29534912109375,461.7646154322398,0.4617646154322398,176.46023498892555,0.0,0.0
155,24.42278425566035,46.43108007214626,416.29534912109375,464.76461543219045,0.46476461543219044,176.46023496707937,0.0,0.0
156,24.42278591955362,46.43106153329524,416.29534912109375,467.7646154321699,0.46776461543216985,176.46023498754505,0.0,0.0
157,24.42278758344688,46.43104299443792,416.29534912109375,470.76461543212054,0.47076461543212056,176.4602349663046,0.0,0.0
158,24.422789247340148,46.43102445557428,416.29534912109375,473.76461543209996,0.47376461543209997,176.46023498616444,0.0,0.0
159,24.42279091123341,46.43100591670435,416.29534912109375,476.7646154320506,0.4767646154320506,177.89639647476326,0.0,0.0
160,24.4227919,46.43098736344979,416.29534912109375,479.7632350971231,0.4797632350971231,180.0,0.0,0.0
161,24.4227919,46.43096878913093,417.16375732421875,482.7632350971231,0.48276323509712304,180.0,0.2894694010416667,16.144112346524135
162,24.4227919,46.430950214805755,417.16375732421875,485.7632350971231,0.48576323509712305,180.0,0.0,0.0
163,24.4227919,46.43093164047424,417.16375732421875,488.7632350971231,0.48876323509712305,180.0,0.0,0.0
164,24.4227919,46.430913066136405,417.16375732421875,491.7632350971231,0.49176323509712305,180.0,0.0,0.0
165,24.4227919,46.430894491792245,417.16375732421875,494.7632350971231,0.49476323509712306,180.0,0.0,0.0
166,24.4227919,46.43087591744174,417.16375732421875,497.7632350971231,0.49776323509712306,180.0,0.0,0.0
167,24.4227919,46.43085734308491,417.16375732421875,500.7632350971231,0.5007632350971231,180.0,0.0,0.0
168,24.4227919,46.43083876872175,417.16375732421875,503.7632350971231,0.5037632350971231,180.0,0.0,0.0
169,24.4227919,46.430820194352265,417.16375732421875,506.7632350971231,0.5067632350971231,182.52281098802206,0.0,0.0
170,24.422790714067308,46.430801642749884,417.16375732421875,509.7624638159606,0.5097624638159606,183.1918674886145,0.0,0.0
171,24.422789213527462,46.430783097182605,417.16375732421875,512.7624638161851,0.5127624638161851,183.19186748700682,0.0,0.0
172,24.422787712987617,46.43076455160901,417.16375732421875,515.7624638154797,0.5157624638154797,183.1918674853992,0.0,0.0
173,24.42278621244777,46.430746006029096,417.16375732421875,518.7624638157042,0.5187624638157042,183.19186749382072,0.0,0.0
174,24.422784711907926,46.43072746044288,417.16375732421875,521.7624638159288,0.5217624638159287,183.1918674860079,0.0,0.0
175,24.42278321136808,46.43070891485035,417.16375732421875,524.7624638161533,0.5247624638161533,183.19186748713173,0.0,0.0
176,24.422781710828236,46.430690369251515,416.71539306640625,527.7624638154479,0.5277624638154479,183.19186749391454,-0.1494547526393098,-8.500210237202843
177,24.422780210288387,46.430671823646364,416.71539306640625,530.7624638156724,0.5307624638156724,183.1918674923071,0.0,0.0
178,24.422778709748542,46.430653278034896,416.71539306640625,533.7624638159228,0.5337624638159228,183.19186749343103,0.0,0.0
179,24.422777209208693,46.430634732417126,416.71539306640625,536.7624638161474,0.5367624638161473,183.19186748725718,0.0,0.0
180,24.422775708668848,46.43061618679305,416.71539306640625,539.762463815442,0.5397624638154419,188.2648497533494,0.0,0.0
181,24.422771842487155,46.430597842166485,416.71539306640625,542.7564402176685,0.5427564402176684,190.86395985218854,0.0,0.0
182,24.422766763115114,46.43057960061613,416.71539306640625,545.7564402176058,0.5457564402176058,190.86395985610622,0.0,0.0
183,24.422761683743065,46.430561359059666,416.71539306640625,548.7564402175432,0.5487564402175432,190.8639598541389,0.0,0.0
184,24.42275660437102,46.4305431174971,416.71539306640625,551.7564402174805,0.5517564402174805,190.8639598599059,0.0,0.0
185,24.422751524998976,46.430524875928434,416.71539306640625,554.7564402174179,0.5547564402174179,190.86395986567302,0.0,0.0
186,24.422746445626924,46.43050663435365,416.71539306640625,557.756440217443,0.557756440217443,190.86395984781956,0.0,0.0
187,24.422741366254883,46.43048839277276,416.71539306640625,560.7564402173804,0.5607564402173804,190.86395985543606,0.0,0.0
188,24.422736286882834,46.43047015118577,416.71539306640625,563.7564402182325,0.5637564402182325,190.8639598431302,0.0,0.0
189,24.422731207510793,46.430451909592676,416.71539306640625,566.7564402181698,0.5667564402181698,194.23780868183275,0.0,0.0
190,24.422724586877983,46.430433926028,416.71539306640625,569.7530428501856,0.5697530428501856,196.4419428212061,0.0,0.0
191,24.42271695900646,46.43041611108715,417.6949157714844,572.7530428497362,0.5727530428497362,196.44194281227536,0.32650756840828626,18.082252271695538
192,24.422709331134936,46.43039829614047,417.6949157714844,575.75304285018,0.57575304285018,196.4419428200062,0.0,0.0
193,24.422701703263414,46.430380481187974,417.6949157714844,578.7530428497306,0.5787530428497306,196.4419428268237,0.0,0.0
194,24.42269407539188,46.430362666229655,417.6949157714844,581.753042849413,0.581753042849413,196.44194282158386,0.0,0.0
195,24.42268644752036,46.43034485126552,417.6949157714844,584.7530428498568,0.5847530428498569,196.44194281265376,0.0,0.0
196,24.422678819648834,46.43032703629555,417.6949157714844,587.7530428494074,0.5877530428494074,196.44194281483144,0.0,0.0
197,24.42267119177731,46.43030922131976,417.6949157714844,590.7530428498512,0.5907530428498512,196.44194282998023,0.0,0.0
198,24.42266356390578,46.43029140633815,417.6949157714844,593.7530428495336,0.5937530428495336,196.44194281363346,0.0,0.0
199,24.422655936034257,46.43027359135071,417.6949157714844,596.7530428499774,0.5967530428499774,199.75112343741708,0.0,0.0
200,24.422646840667728,46.43025613219583,417.6949157714844,599.7491551694488,0.5997491551694488,202.32277473824092,0.0,0.0
201,24.422636604621037,46.43023894962771,417.4074401855469,602.7491551694641,0.602749155169464,202.32277474356124,-0.0958251953120134,-5.473666169282205
202,24.422626368574345,46.43022176705418,417.4074401855469,605.7491551694793,0.6057491551694794,202.32277471907057,0.0,0.0
203,24.422616132527658,46.43020458447521,417.4074401855469,608.7491551694945,0.6087491551694946,202.32277476178896,0.0,0.0
204,24.422605896480967,46.430187401890855,417.4074401855469,611.7491551695098,0.6117491551695098,202.32277471494032,0.0,0.0
205,24.422595660434276,46.430170219301054,417.4074401855469,614.749155169525,0.614749155169525,202.32277474767744,0.0,0.0
206,24.422585424387584,46.43015303670586,417.4074401855469,617.7491551695402,0.6177491551695402,202.32277473556425,0.0,0.0
207,24.422575188340897,46.43013585410524,417.7942810058594,620.7491551695555,0.6207491551695555,202.32277472731144,0.12894694010351188,7.347571003764802
208,24.42256495229421,46.430118671499194,417.7942810058594,623.7491551693938,0.6237491551693938,202.3227747426147,0.0,0.0
209,24.422554716247518,46.43010148888774,417.7942810058594,626.749155169409,0.6267491551694091,202.32277473436227,0.0,0.0
210,24.422544480200827,46.43008430627087,417.7942810058594,629.7491551694243,0.6297491551694243,203.77929197696918,0.0,0.0
211,24.422533615443452,46.43006731111815,417.7942810058594,632.7486980946992,0.6327486980946992,204.46609106663226,0.0,0.0
212,24.422522454202035,46.43005040436605,417.7942810058594,635.7486980951504,0.6357486980951504,204.46609109264415,0.0,0.0
213,24.42251129296061,46.430033497608704,417.7942810058594,638.7486980949468,0.6387486980949468,204.46609106953775,0.0,0.0
214,24.422500131719197,46.430016590846115,417.7942810058594,641.748698095398,0.641748698095398,204.4660910873036,0.0,0.0
215,24.42248897047778,46.42999968407829,417.7942810058594,644.7486980950016,0.6447486980950016,204.46609107650724,0.0,0.0
216,24.422477809236362,46.42998277730521,417.7942810058594,647.7486980946052,0.6477486980946052,204.46609107814078,0.0,0.0
217,24.422466647994938,46.429965870526885,417.7942810058594,650.7486980952493,0.6507486980952494,204.46609109566705,0.0,0.0
218,24.422455486753524,46.429948963743335,417.7942810058594,653.7486980948529,0.6537486980948529,204.4660910687386,0.0,0.0
219,24.422444325512107,46.42993205695452,417.7942810058594,656.7486980944565,0.6567486980944565,204.46609108244223,0.0,0.0
220,24.422433164270686,46.42991515016047,417.7942810058594,659.7486980951006,0.6597486980951006,204.4660910838364,0.0,0.0
221,24.422422003029265,46.42989824336117,417.7942810058594,662.7486980947042,0.6627486980947042,204.46609107106968,0.0,0.0
222,24.422410841787848,46.429881336556626,417.7942810058594,665.7486980951554,0.6657486980951555,204.46609108883712,0.0,0.0
223,24.422399680546427,46.42986442974684,417.7942810058594,668.7486980949518,0.6687486980949519,204.46609108407705,0.0,0.0
224,24.422388519305013,46.429847522931816,419.9779357910156,671.7486980945554,0.6717486980945554,204.46609106527623,0.7278849284816008,36.05030866168836
225,24.422377358063592,46.42983061611154,419.9779357910156,674.7486980950066,0.6747486980950066,204.46609109523374,0.0,0.0
226,24.42236619682217,46.42981370928602,419.9779357910156,677.748698094803,0.677748698094803,204.46609107225,0.0,0.0
227,24.422355035580754,46.42979680245526,419.6934814453125,680.7486980952542,0.6807486980952542,204.46609107770874,-0.09481811522011363,-5.416484301953561
228,24.42234387433934,46.429779895619255,419.6934814453125,683.7486980948578,0.6837486980948578,204.46609107516142,0.0,0.0
229,24.42233271309792,46.429762988778,419.6934814453125,686.7486980946542,0.6867486980946542,204.46609108480385,0.0,0.0
230,24.4223215518565,46.429746081931505,419.6934814453125,689.7486980951054,0.6897486980951054,204.46609109432632,0.0,0.0
231,24.42231039061508,46.42972917507977,419.6934814453125,692.748698094709,0.692748698094709,204.46609106321725,0.0,0.0
232,24.422299229373667,46.42971226822278,419.6934814453125,695.7486980951602,0.6957486980951602,204.46609109723926,0.0,0.0
233,24.422288068132247,46.42969536136056,419.6934814453125,698.7486980949566,0.6987486980949565,204.46609108656662,0.0,0.0
234,24.422276906890826,46.429678454493086,419.6934814453125,701.7486980945602,0.7017486980945602,204.46609105952137,0.0,0.0
235,24.42226574564941,46.42966154762036,419.6934814453125,704.7486980950114,0.7047486980950114,204.4660910894808,0.0,0.0
236,24.422254584407987,46.4296446407424,419.6934814453125,707.7486980948078,0.7077486980948078,204.46609105825263,0.0,0.0
237,24.422243423166574,46.42962773385919,419.6934814453125,710.748698095259,0.710748698095259,204.4660910964589,0.0,0.0
238,24.422232261925153,46.429610826970745,419.6934814453125,713.7486980948626,0.7137486980948625,204.4660910958851,0.0,0.0
239,24.422221100683732,46.42959392007706,419.6934814453125,716.748698094659,0.7167486980946589,204.46609105665138,0.0,0.0
240,24.422209939442315,46.429577013178104,420.9065246582031,719.7486980951102,0.7197486980951102,204.46609108858325,0.40434773756939135,22.015834438776572
241,24.422198778200897,46.42956010627393,420.9065246582031,722.7486980947137,0.7227486980947138,204.46609107582054,0.0,0.0
242,24.422187616959476,46.4295431993645,420.9065246582031,725.7486980953579,0.7257486980953579,204.46609107524753,0.0,0.0
243,24.42217645571806,46.42952629244983,420.9065246582031,728.7486980949615,0.7287486980949615,204.46609108686417,0.0,0.0
244,24.422165294476642,46.42950938552992,420.9065246582031,731.748698094565,0.731748698094565,204.46609107619378,0.0,0.0
245,24.42215413323522,46.42949247860475,420.9065246582031,734.7486980952092,0.7347486980952092,204.46609108769061,0.0,0.0
246,24.422142971993804,46.42947557167435,420.9065246582031,737.7486980948128,0.7377486980948128,204.46609107295745,0.0,0.0
247,24.422131810752386,46.4294586647387,420.9065246582031,740.748698095264,0.740748698095264,204.46609107644858,0.0,0.0
248,24.42212064951097,46.42944175779781,420.9065246582031,743.7486980948676,0.7437486980948675,204.4660910860947,0.0,0.0
249,24.422109488269548,46.42942485085167,420.9065246582031,746.748698094664,0.7467486980946639,204.46609108749453,0.0,0.0
250,24.42209832702813,46.429407943900294,420.9065246582031,749.7486980951152,0.7497486980951151,203.68300474867868,0.0,0.0
251,24.422087502096,46.42939093341732,420.9065246582031,752.7486922769795,0.7527486922769795,203.666745965204,0.0,0.0
252,24.4220766841467,46.4293739207795,418.99993896484375,755.7486922773958,0.7557486922773958,203.6667459673151,-0.6355285643649303,-32.43712424292673
253,24.422065866197393,46.42935690813638,418.99993896484375,758.7486922769591,0.7587486922769591,203.6667459452253,0.0,0.0
254,24.422055048248094,46.429339895487935,418.99993896484375,761.7486922771884,0.7617486922771884,203.66674597604813,0.0,0.0
255,24.422044230298784,46.429322882834185,418.99993896484375,764.7486922776047,0.7647486922776048,203.6667459635181,0.0,0.0
256,24.42203341234948,46.42930587017514,418.99993896484375,767.7486922771681,0.767748692277168,203.66674595832575,0.0,0.0
257,24.422022594400175,46.42928885751077,421.4390563964844,770.7486922775844,0.7707486922775844,203.66674596774206,0.8130391437673798,39.112461058509666
258,24.422011776450873,46.429271844841104,421.4390563964844,773.7486922769607,0.7737486922769607,203.66674596423312,0.0,0.0
259,24.42200095850157,46.429254832166116,421.4390563964844,776.748692277377,0.776748692277377,203.66674597028376,0.0,0.0
260,24.421990140552264,46.42923781948583,421.4390563964844,779.7486922769403,0.7797486922769403,203.6667459527056,0.0,0.0
261,24.42197932260296,46.42922080680021,421.4390563964844,782.7486922773567,0.7827486922773567,203.66674595256333,0.0,0.0
262,24.42196850465366,46.42920379410929,421.4390563964844,785.748692277586,0.7857486922775859,203.66674596874597,0.0,0.0
263,24.421957686704353,46.42918678141307,421.4390563964844,788.7486922771493,0.7887486922771493,203.66674596129988,0.0,0.0
264,24.421946868755047,46.42916976871153,421.4390563964844,791.7486922775656,0.7917486922775656,203.6667459690345,0.0,0.0
265,24.42193605080574,46.42915275600469,421.4390563964844,794.748692277129,0.794748692277129,203.66674597114815,0.0,0.0
266,24.421925232856438,46.42913574329254,421.4390563964844,797.7486922775453,0.7977486922775453,203.66674595525419,0.0,0.0
267,24.421914414907135,46.42911873057508,421.4390563964844,800.7486922769216,0.8007486922769216,203.66674595343005,0.0,0.0
268,24.421903596957833,46.42910171785229,421.4390563964844,803.7486922773379,0.8037486922773379,203.66674597412413,0.0,0.0
269,24.421892779008523,46.429084705124204,421.4390563964844,806.7486922769012,0.8067486922769013,203.66674597341128,0.0,0.0
270,24.42188196105922,46.42906769239082,421.4390563964844,809.7486922773176,0.8097486922773176,203.66674595809027,0.0,0.0
271,24.421871143109918,46.42905067965211,421.4390563964844,812.7486922775469,0.8127486922775469,203.6667459720195,0.0,0.0
272,24.421860325160612,46.4290336669081,421.4390563964844,815.7486922771102,0.8157486922771102,203.6667459583819,0.0,0.0
273,24.42184950721131,46.429016654158765,424.1351013183594,818.7486922775265,0.8187486922775266,203.66674596443525,0.8986816405002866,41.94545229067537
274,24.421838689262003,46.42899964140413,424.1351013183594,821.7486922770898,0.8217486922770898,203.66674594234962,0.0,0.0
275,24.421827871312704,46.428982628644185,424.1351013183594,824.7486922773192,0.8247486922773192,203.66674597485948,0.0,0.0
276,24.421817053363398,46.42896561587893,424.1351013183594,827.7486922768825,0.8277486922768825,203.66674596290565,0.0,0.0
277,24.421806235414092,46.42894860310836,424.1351013183594,830.7486922772988,0.8307486922772988,203.66674596333866,0.0,0.0
278,24.421795417464786,46.42893159033248,422.5995788574219,833.7486922777151,0.8337486922777151,203.66674597501407,-0.5118408202414699,-27.105219901298316
279,24.42178459951548,46.4289145775513,422.5995788574219,836.7486922772785,0.8367486922772784,203.66674595124644,0.0,0.0
280,24.42177378156618,46.4288975647648,422.5995788574219,839.7486922775078,0.8397486922775077,203.66674598318508,0.0,0.0
281,24.421762963616874,46.42888055197301,422.5995788574219,842.7486922770711,0.842748692277071,203.66674593578904,0.0,0.0
282,24.421752145667572,46.42886353917588,422.5995788574219,845.7486922774874,0.8457486922774874,203.66674598011465,0.0,0.0
283,24.421741327718262,46.428846526373455,422.5995788574219,848.7486922770507,0.8487486922770507,203.66674594958235,0.0,0.0
284,24.421730509768963,46.42882951356572,422.5995788574219,851.74869227728,0.85174869227728,203.66674596634144,0.0,0.0
285,24.421719691819657,46.42881250075267,422.5995788574219,854.7486922768434,0.8547486922768434,203.66674597014187,0.0,0.0
286,24.42170887387035,46.428795487934316,422.5995788574219,857.7486922772597,0.8577486922772597,203.66674595650707,0.0,0.0
287,24.42169805592105,46.42877847511065,422.5995788574219,860.748692277676,0.860748692277676,203.66674595636982,0.0,0.0
288,24.421687237971746,46.42876146228167,422.5995788574219,863.7486922770523,0.8637486922770523,203.66674596636418,0.0,0.0
289,24.421676420022443,46.428744449447386,425.2198486328125,866.7486922774686,0.8667486922774686,203.66674598312423,0.8734232583423335,41.13471878545179
290,24.421665602073134,46.4287274366078,425.2198486328125,869.748692277032,0.869748692277032,203.66674595484844,0.0,0.0
291,24.42165478412383,46.42871042376289,425.2198486328125,872.7486922774483,0.8727486922774483,203.6667459536012,0.0,0.0
292,24.421643966174525,46.428693410912665,425.2198486328125,875.7486922770116,0.8757486922770116,204.46174108766425,0.0,0.0
293,24.421632807976934,46.428676504940455,425.2198486328125,878.7483746602527,0.8787483746602527,205.33612159952548,0.0,0.0
294,24.421621275557587,46.42865971651854,425.2198486328125,881.7483746606138,0.8817483746606137,205.33612159057094,0.0,0.0
295,24.421609743138248,46.428642928091456,425.2198486328125,884.7483746607757,0.8847483746607756,205.33612157896036,0.0,0.0
296,24.421598210718905,46.4286261396592,425.2198486328125,887.7483746609375,0.8877483746609376,205.3361215822294,0.0,0.0
297,24.42158667829956,46.42860935122177,425.2198486328125,890.7483746610994,0.8907483746610995,205.3361216003781,0.0,0.0
298,24.42157514588022,46.42859256277919,425.2198486328125,893.7483746604196,0.8937483746604196,205.33612159296632,0.0,0.0
299,24.421563613460876,46.42857577433142,425.2198486328125,896.7483746605815,0.8967483746605814,205.33612159432258,0.0,0.0
300,24.421552081041533,46.42855898587848,425.2198486328125,899.7483746607434,0.8997483746607433,205.3361215869112,0.0,0.0
301,24.42154054862219,46.42854219742037,425.2198486328125,902.7483746609053,0.9027483746609053,205.33612159437945,0.0,0.0
302,24.421529016202847,46.42852540895709,425.2198486328125,905.7483746602254,0.9057483746602254,205.3361215789435,0.0,0.0
303,24.421517483783507,46.42850862048864,424.1877136230469,908.7483746603873,0.9087483746603873,205.33612159252374,-0.3440450032366425,-18.98552268099736
304,24.42150595136416,46.42849183201502,424.1877136230469,911.7483746607484,0.9117483746607483,205.33612161030234,0.0,0.0
305,24.421494418944814,46.42847504353623,424.1877136230469,914.7483746609103,0.9147483746609103,205.336121573876,0.0,0.0
306,24.42148288652547,46.42845825505226,426.9497375488281,917.7483746610721,0.9177483746610722,205.33612159622464,0.9206746418774007,42.634983797412815
307,24.42147135410613,46.428441466563136,426.9497375488281,920.7483746603923,0.9207483746603923,205.33612160140927,0.0,0.0
308,24.421459821686785,46.428424678068836,426.9497375488281,923.7483746605542,0.9237483746605542,205.33612158368973,0.0,0.0
309,24.421448289267442,46.42840788956936,426.9497375488281,926.7483746607161,0.9267483746607161,205.33612158924618,0.0,0.0
310,24.421436756848102,46.42839110106471,426.9497375488281,929.748374660878,0.929748374660878,205.33612160511257,0.0,0.0
311,24.42142522442876,46.4283743125549,426.9497375488281,932.7483746601981,0.9327483746601981,205.33612159122043,0.0,0.0
312,24.421413692009413,46.42835752403991,426.9497375488281,935.74837466036,0.93574837466036,205.3361215864677,0.0,0.0
313,24.421402159590073,46.428340735519754,426.9497375488281,938.7483746605219,0.9387483746605219,205.3361215977651,0.0,0.0
314,24.421390627170727,46.42832394699442,426.9497375488281,941.748374660883,0.941748374660883,205.33612159721093,0.0,0.0
315,24.421379094751384,46.42830715846392,426.9497375488281,944.7483746610449,0.9447483746610449,205.33612159591416,0.0,0.0
316,24.421367562332037,46.428290369928256,426.9497375488281,947.748374660365,0.947748374660365,205.33612159116223,0.0,0.0
317,24.421356029912697,46.42827358138741,426.9497375488281,950.7483746605269,0.9507483746605269,205.33612158795248,0.0,0.0
318,24.421344497493354,46.428256792841395,426.9497375488281,953.7483746606888,0.9537483746606888,205.33612158091614,0.0,0.0
319,24.42133296507401,46.4282400042902,426.9497375488281,956.7483746608507,0.9567483746608507,205.33612159449953,0.0,0.0
320,24.42132143265467,46.42822321573385,426.9497375488281,959.7483746610126,0.9597483746610126,205.33612159777334,0.0,0.0
321,24.421309900235325,46.42820642717233,426.9497375488281,962.7483746603327,0.9627483746603327,205.3361215865394,0.0,0.0
322,24.421298367815982,46.42818963860563,428.8643493652344,965.7483746604946,0.9657483746604946,205.33612158944229,0.6382039387676437,32.54617932414585
323,24.421286835396636,46.42817285003376,428.8643493652344,968.7483746608557,0.9687483746608557,205.33612159500146,0.0,0.0
324,24.421275302977293,46.428156061456725,428.8643493652344,971.7483746610176,0.9717483746610176,202.86736430143736,0.0,0.0
325,24.421264832609072,46.42813894960441,428.8643493652344,974.7477537215779,0.9747477537215778,202.3169378705224,0.0,0.0
326,24.421254599102102,46.428121765650204,428.8643493652344,977.7477537212399,0.9777477537212399,202.31693789143446,0.0,0.0
327,24.421244365595122,46.42810458169058,427.5504150390625,980.7477537210788,0.9807477537210788,202.31693787495354,-0.4379781087474769,-23.652366365571844
328,24.42123413208815,46.428087397725534,427.5504150390625,983.7477537217792,0.9837477537217791,202.31693786592345,0.0,0.0
329,24.421223898581175,46.42807021375508,427.5504150390625,986.7477537214412,0.9867477537214412,202.3169378694046,0.0,0.0
330,24.4212136650742,46.42805302977919,427.5504150390625,989.7477537212801,0.9897477537212801,198.52739753116776,0.0,0.0
331,24.421205115591235,46.42803544582313,427.5504150390625,992.7428757468435,0.9927428757468435,195.70956981097527,0.0,0.0
332,24.42119781872374,46.42801756435091,427.5504150390625,995.7428757472551,0.9957428757472551,195.70956981862193,0.0,0.0
333,24.42119052185625,46.42799968287282,427.5504150390625,998.7428757475406,0.9987428757475405,195.70956981418416,0.0,0.0
334,24.421183224988763,46.42798180138889,427.5504150390625,1001.7428757469295,1.0017428757469296,195.70956980058082,0.0,0.0
335,24.421175928121276,46.42796391989907,427.5504150390625,1004.742875747215,1.004742875747215,195.70956982244363,0.0,0.0
336,24.42116863125378,46.42794603840339,427.5504150390625,1007.74287574673,1.00774287574673,195.7095698061843,0.0,0.0
337,24.42116133438629,46.42792815690184,427.5504150390625,1010.7428757470154,1.0107428757470154,191.80415993492468,0.0,0.0
338,24.421155843731025,46.42791004796659,428.1446228027344,1013.7307314947377,1.0137307314947377,184.99554834093513,0.198874314506266,11.247902697235983
339,24.421153497017258,46.427891543158175,428.1446228027344,1016.7307314946288,1.0167307314946288,184.99554834533123,0.0,0.0
340,24.42115115030349,46.427873038343485,428.1446228027344,1019.7307314945199,1.0197307314945199,184.9955483327397,0.0,0.0
341,24.421148803589723,46.427854533522506,428.1446228027344,1022.730731494411,1.022730731494411,183.99035469770035,0.0,0.0
342,24.4211469289813,46.427836010723226,428.1446228027344,1025.7295081455202,1.0257295081455202,181.32684580604806,0.0,0.0
343,24.421146304946262,46.427817440311074,428.1446228027344,1028.7295081451057,1.0287295081451058,181.3268457997809,0.0,0.0
344,24.421145680911227,46.42779886989259,428.1446228027344,1031.7295081456116,1.0317295081456115,181.32684579959243,0.0,0.0
345,24.421145056876192,46.427780299467784,428.1446228027344,1034.7295081451864,1.0347295081451864,181.3268458133787,0.0,0.0
346,24.42114443284115,46.42776172903665,428.1446228027344,1037.729508144772,1.037729508144772,180.65582895155933,0.0,0.0
347,24.421144124386934,46.42774315559357,428.1446228027344,1040.7293856913805,1.0407293856913804,180.25644123128245,0.0,0.0
348,24.421144003768486,46.42772458035519,428.1446228027344,1043.729385691553,1.043729385691553,180.2564412447711,0.0,0.0
349,24.42114388315003,46.42770600511049,428.1446228027344,1046.7293856917277,1.0467293856917277,178.57073783411306,0.0,0.0
350,24.421144554697396,46.42768745329735,428.1446228027344,1049.7265027983822,1.0497265027983822,174.8276977740851,0.0,0.0
351,24.42114698422144,46.42766895349136,428.1446228027344,1052.7265027980736,1.0527265027980737,174.82769778164834,0.0,0.0
352,24.421149413745482,46.42765045367909,428.1446228027344,1055.726502797765,1.0557265027977651,174.8276977775115,0.0,0.0
353,24.421151843269527,46.42763195386053,427.70074462890625,1058.726502798384,1.058726502798384,171.57539891962892,-0.1479593912455171,-8.416386026034683
354,24.42115578021903,46.427613631682085,427.70074462890625,1061.717874938732,1.061717874938732,165.76771426733967,0.0,0.0
355,24.421162405839926,46.427595626350886,427.70074462890625,1064.717874938857,1.064717874938857,165.7677142502322,0.0,0.0
356,24.421169031460828,46.42757762101375,427.70074462890625,1067.7178749381937,1.0677178749381937,165.76771426107302,0.0,0.0
357,24.421175657081722,46.42755961567065,427.70074462890625,1070.7178749383188,1.0707178749383188,165.767714256393,0.0,0.0
358,24.42118228270262,46.42754161032162,427.70074462890625,1073.7178749384439,1.073717874938444,160.9312821902314,0.0,0.0
359,24.42119107438118,46.4275240795574,427.70074462890625,1076.7135270884235,1.0767135270884234,158.96376852523065,0.0,0.0
360,24.42120074810972,46.427506742047825,427.70074462890625,1079.7135270885155,1.0797135270885156,158.96376851612195,0.0,0.0
361,24.421210421838264,46.42748940453273,427.70074462890625,1082.7135270887748,1.0827135270887747,158.96376851684602,0.0,0.0
362,24.421220095566806,46.427472067012125,427.70074462890625,1085.7135270888668,1.085713527088867,158.9637685224178,0.0,0.0
363,24.42122976929534,46.427454729486016,427.70074462890625,1088.713527088959,1.088713527088959,158.96376853516938,0.0,0.0
364,24.421239443023882,46.42743739195438,427.70074462890625,1091.7135270881818,1.0917135270881817,158.96376851476384,0.0,0.0
365,24.42124911675242,46.42742005441723,427.70074462890625,1094.7135270882738,1.0947135270882737,158.96376851269724,0.0,0.0
366,24.421258790480966,46.42740271687457,430.3654479980469,1097.713527088533,1.097713527088533,158.96376852677463,0.8882344563034631,41.61258636149654
367,24.421268464209504,46.42738537932639,430.3654479980469,1100.7135270886251,1.1007135270886252,158.96376852324443,0.0,0.0
368,24.421278137938042,46.4273680417727,430.3654479980469,1103.7135270887172,1.1037135270887173,158.96376852469882,0.0,0.0
369,24.421287811666584,46.427350704213495,428.8234558105469,1106.7135270888093,1.1067135270888093,158.9637685183784,-0.513997395817556,-27.20304591731892
370,24.421297485395122,46.427333366648774,428.8234558105469,1109.7135270889014,1.1097135270889014,158.96376850926788,0.0,0.0
371,24.421307159123668,46.42731602907854,428.8234558105469,1112.7135270882914,1.1127135270882913,158.9637685366988,0.0,0.0
372,24.421316832852202,46.427298691502784,428.8234558105469,1115.7135270883834,1.1157135270883833,158.96376850998047,0.0,0.0
373,24.421326506580744,46.42728135392153,428.8234558105469,1118.7135270884755,1.1187135270884756,158.96376852551987,0.0,0.0
374,24.421336180309286,46.427264016334746,428.8234558105469,1121.7135270885676,1.1217135270885676,158.9637685310895,0.0,0.0
375,24.42134585403782,46.427246678742456,428.8234558105469,1124.7135270886597,1.1247135270886597,158.96376851992,0.0,0.0
376,24.421355527766366,46.427229341144646,428.8234558105469,1127.713527088919,1.127713527088919,158.96376851286664,0.0,0.0
377,24.421365201494904,46.42721200354133,428.8234558105469,1130.713527089011,1.130713527089011,158.9637685171092,0.0,0.0
378,24.421374875223446,46.4271946659325,428.8234558105469,1133.7135270882338,1.133713527088234,158.96376852135154,0.0,0.0
379,24.421384548951984,46.427177328318145,428.8234558105469,1136.713527088326,1.136713527088326,158.96376852838353,0.0,0.0
380,24.421394222680522,46.42715999069828,428.8234558105469,1139.713527088418,1.139713527088418,158.96376850664865,0.0,0.0
381,24.421403896409068,46.4271426530729,428.8234558105469,1142.7135270886772,1.1427135270886772,158.96376853334596,0.0,0.0
382,24.421413570137606,46.427125315442005,428.8234558105469,1145.7135270887693,1.1457135270887693,158.96376851645869,0.0,0.0
383,24.421423243866144,46.427107977805605,428.8234558105469,1148.7135270888614,1.1487135270888613,158.9637685355176,0.0,0.0
384,24.421432917594682,46.42709064016367,428.8234558105469,1151.7135270889535,1.1517135270889534,158.9637685115871,0.0,0.0
385,24.421442591323224,46.42707330251624,427.0981140136719,1154.7135270881763,1.1547135270881763,158.96376851376988,-0.5751139324406525,-29.903807448092007
386,24.42145226505177,46.427055964863285,427.0981140136719,1157.7135270884355,1.1577135270884356,158.9637685158159,0.0,0.0
387,24.421461938780308,46.42703862720483,427.0981140136719,1160.7135270885276,1.1607135270885276,158.96376852709955,0.0,0.0
388,24.421471612508846,46.427021289540846,427.0981140136719,1163.7135270886197,1.1637135270886196,158.9637685285502,0.0,0.0
389,24.421481286237384,46.42700395187135,427.0981140136719,1166.7135270887118,1.1667135270887117,158.96376852222613,0.0,0.0
390,24.421490959965926,46.42698661419634,427.0981140136719,1169.7135270888039,1.169713527088804,158.96376852015499,0.0,0.0
391,24.421500633694468,46.42696927651581,427.0981140136719,1172.713527089063,1.172713527089063,158.96376851588877,0.0,0.0
392,24.421510307423006,46.42695193882978,427.0981140136719,1175.713527088286,1.175713527088286,158.96376851381729,0.0,0.0
393,24.421519981151548,46.426934601138235,427.0981140136719,1178.713527088378,1.178713527088378,158.96376851805678,0.0,0.0
394,24.421529654880086,46.42691726344117,429.1210021972656,1181.71352708847,1.18171352708847,158.9637685426934,0.6742960611772189,33.99163276147652
395,24.421539328608624,46.42689992573858,429.1210021972656,1184.7135270885622,1.1847135270885623,158.96376850965976,0.0,0.0
396,24.421549002337166,46.42688258803049,429.1210021972656,1187.7135270888214,1.1877135270888213,158.96376852373157,0.0,0.0
397,24.421558676065708,46.42686525031687,429.1210021972656,1190.7135270889135,1.1907135270889135,158.96376852165906,0.0,0.0
398,24.42156834979425,46.42684791259775,429.1210021972656,1193.7135270890055,1.1937135270890056,158.96376852370292,0.0,0.0
399,24.421578023522784,46.426830574873115,429.1210021972656,1196.7135270882284,1.1967135270882283,158.96376852236165,0.0,0.0
400,24.421587697251326,46.426813237142966,429.1210021972656,1199.7135270883205,1.1997135270883204,158.96376851324567,0.0,0.0
401,24.421597370979867,46.426795899407296,427.6492004394531,1202.7135270885797,1.2027135270885796,158.9637685273167,-0.49060058589511113,-26.132596022017317
402,24.42160704470841,46.42677856166611,427.6492004394531,1205.7135270886718,1.2057135270886719,158.96376852451158,0.0,0.0
403,24.421616718436947,46.426761223919414,427.6492004394531,1208.7135270887638,1.208713527088764,158.96376852449634,0.0,0.0
404,24.421626392165486,46.4267438861672,427.6492004394531,1211.713527088856,1.211713527088856,158.96376852242247,0.0,0.0
405,24.421636065894027,46.426726548409476,427.6492004394531,1214.713527088948,1.214713527088948,158.96376850978413,0.0,0.0
406,24.42164573962257,46.426709210646244,427.6492004394531,1217.713527088338,1.217713527088338,158.96376852033268,0.0,0.0
407,24.42165541335111,46.42669187287749,427.6492004394531,1220.71352708843,1.22071352708843,158.96376852809112,0.0,0.0
408,24.42166508707965,46.42667453510322,427.6492004394531,1223.7135270885221,1.2237135270885222,158.96376852103208,0.0,0.0
409,24.421674760808187,46.426657197323436,427.6492004394531,1226.7135270886142,1.2267135270886143,158.96376851616742,0.0,0.0
410,24.42168443453673,46.42663985953814,427.6492004394531,1229.7135270887063,1.2297135270887063,158.96376852319372,0.0,0.0
411,24.42169410826527,46.426622521747326,427.6492004394531,1232.7135270889655,1.2327135270889655,158.96376852669846,0.0,0.0
412,24.42170378199381,46.426605183951,427.6492004394531,1235.7135270890576,1.2357135270890576,158.96376852110166,0.0,0.0
413,24.421713455722347,46.42658784614916,427.6492004394531,1238.7135270882804,1.2387135270882805,158.96376850773038,0.0,0.0
414,24.42172312945089,46.42657050834181,427.6492004394531,1241.7135270883725,1.2417135270883726,158.96376853030483,0.0,0.0
415,24.42173280317943,46.42655317052893,427.6492004394531,1244.7135270886317,1.2447135270886318,158.9637685260344,0.0,0.0
416,24.42174247690797,46.42653583271055,427.6492004394531,1247.7135270887238,1.2477135270887239,158.96376852395838,0.0,0.0
417,24.42175215063651,46.42651849488665,426.5279235839844,1250.713527088816,1.250713527088816,158.9637685246721,-0.373758951811444,-20.493679569316633
418,24.42176182436505,46.42650115705723,426.5279235839844,1253.713527088908,1.253713527088908,158.96376852465403,0.0,0.0
419,24.421771498093587,46.426483819222305,426.5279235839844,1256.713527089,1.256713527089,158.9637685021803,0.0,0.0
420,24.42178117182213,46.42646648138187,426.5279235839844,1259.71352708839,1.2597135270883901,158.96376853033348,0.0,0.0
421,24.42179084555067,46.42644914353591,426.5279235839844,1262.7135270884821,1.2627135270884822,158.9637685106493,0.0,0.0
422,24.421800519279213,46.426431805684444,426.5279235839844,1265.7135270885742,1.2657135270885742,158.96376853733898,0.0,0.0
423,24.421810193007747,46.426414467827456,428.5406188964844,1268.7135270886663,1.2687135270886662,158.96376852190747,0.6708984374794065,33.857598566767976
424,24.42181986673629,46.42639712996496,428.5406188964844,1271.7135270887584,1.2717135270887583,158.96376850926572,0.0,0.0
425,24.42182954046483,46.426379792096945,428.5406188964844,1274.7135270890176,1.2747135270890175,158.96376853037498,0.0,0.0
426,24.421839214193373,46.426362454223415,428.5406188964844,1277.7135270891097,1.2777135270891096,159.26141865046736,0.0,0.0
427,24.42184875658973,46.426345082905385,428.5406188964844,1280.713360128203,1.280713360128203,160.48901894293056,0.0,0.0
428,24.42185775737099,46.42632757367905,428.5406188964844,1283.7133601280675,1.2837133601280675,160.48901890975185,0.0,0.0
429,24.421866758152255,46.42631006444711,428.5406188964844,1286.713360127932,1.286713360127932,160.48901893173525,0.0,0.0
430,24.421875758933517,46.426292555209535,428.5406188964844,1289.7133601277965,1.2897133601277966,160.48901892113292,0.0,0.0
431,24.42188475971478,46.42627504596634,428.5406188964844,1292.713360127661,1.292713360127661,160.4890189141654,0.0,0.0
432,24.421893760496047,46.426257536717515,428.5406188964844,1295.7133601275254,1.2957133601275255,160.4890189259604,0.0,0.0
433,24.42190276127731,46.42624002746307,427.7210693359375,1298.7133601282678,1.2987133601282679,160.48901892536628,-0.2731831867813569,-15.27942939642273
434,24.42191176205857,46.426222518203005,427.7210693359375,1301.7133601281323,1.3017133601281323,160.48901891821902,0.0,0.0
435,24.421920762839836,46.426205008937316,427.7210693359375,1304.7133601279968,1.3047133601279968,160.48901892709546,0.0,0.0
436,24.421929763621097,46.426187499666,427.7210693359375,1307.7133601278613,1.3077133601278612,164.35353029925068,0.0,0.0
437,24.421937029032122,46.426169619149825,427.7210693359375,1310.7121709399532,1.3107121709399532,165.02685812623054,0.0,0.0
438,24.421943991860886,46.426151673897834,427.7210693359375,1313.71217093929,1.31371217093929,165.02685812524624,0.0,0.0
439,24.421950954689645,46.42613372863993,427.7210693359375,1316.7121709395265,1.3167121709395264,165.0268581253332,0.0,0.0
440,24.42195791751841,46.42611578337612,427.7210693359375,1319.712170939763,1.319712170939763,165.02685811381832,0.0,0.0
441,24.42196488034718,46.4260978381064,427.7210693359375,1322.7121709401197,1.3227121709401197,165.02685812229242,0.0,0.0
442,24.421971843175942,46.426079892830785,427.7210693359375,1325.7121709394564,1.3257121709394564,169.33433012684645,0.0,0.0
443,24.42197682945505,46.42606164313095,427.7210693359375,1328.7112884209857,1.3287112884209857,169.78257203063424,0.0,0.0
444,24.4219816098597,46.426043361717255,427.7210693359375,1331.7112884212445,1.3317112884212445,169.78257204491024,0.0,0.0
445,24.421986390264347,46.42602508029741,427.7210693359375,1334.7112884214207,1.3347112884214207,169.78257205222553,0.0,0.0
446,24.42199117066899,46.42600679887144,427.7210693359375,1337.711288421597,1.337711288421597,169.7825720326157,0.0,0.0
447,24.421995951073637,46.42598851743935,427.7210693359375,1340.7112884208566,1.3407112884208565,169.78257205006582,0.0,0.0
448,24.42200073147828,46.42597023600112,427.8075866699219,1343.7112884210328,1.3437112884210327,169.8032985607199,0.028839111326431043,1.6519015063912
449,24.422005502162428,46.42595195384855,427.8075866699219,1346.7112092336708,1.3467112092336708,178.15017477753713,0.0,0.0
450,24.422006372088973,46.425933387494325,427.8075866699219,1349.7112092333853,1.3497112092333852,178.15017476459957,0.0,0.0
451,24.422007242015525,46.42591482113376,427.8075866699219,1352.7112092330997,1.3527112092330997,178.15017477098752,0.0,0.0
452,24.422008111942073,46.425896254766876,427.8075866699219,1355.711209233745,1.3557112092337449,178.15017477156687,0.0,0.0
453,24.422008981868622,46.42587768839366,427.8075866699219,1358.7112092334594,1.3587112092334594,178.15017475736272,0.0,0.0
454,24.422009851795174,46.42585912201414,427.8075866699219,1361.7112092331738,1.3617112092331738,178.15017477145898,0.0,0.0
455,24.422010721721723,46.42584055562828,427.8075866699219,1364.7112092329035,1.3647112092329035,178.15017477140498,0.0,0.0
456,24.42201159164827,46.4258219892361,427.8075866699219,1367.7112092335487,1.3677112092335488,178.15017476395917,0.0,0.0
457,24.422012461574823,46.425803422837596,427.8075866699219,1370.7112092332632,1.3707112092332632,178.2792802740147,0.0,0.0
458,24.422013270803912,46.425784855158746,427.8075866699219,1373.7112043840618,1.3737112043840618,178.36148613513137,0.0,0.0
459,24.42201404138485,46.42576628666238,427.8075866699219,1376.7112043838138,1.3767112043838137,178.36148614931813,0.0,0.0
460,24.42201481196578,46.42574771815968,427.8075866699219,1379.7112043835791,1.379711204383579,178.36148613590694,0.0,0.0
461,24.422015582546717,46.42572914965064,427.8075866699219,1382.7112043842753,1.3827112043842753,178.3614861348923,0.0,0.0
462,24.422016353127653,46.4257105811353,427.8075866699219,1385.7112043840407,1.3857112043840407,178.36148613556054,0.0,0.0
463,24.42201712370859,46.425692012613624,428.38604736328125,1388.711204383806,1.3887112043838061,178.36148614214653,0.1928202311348734,10.913843371821132
464,24.422017894289525,46.425673444085625,428.38604736328125,1391.7112043835714,1.3917112043835713,178.36148614309536,0.0,0.0
465,24.422018664870457,46.425654875551295,428.38604736328125,1394.7112043842544,1.3947112043842544,181.37703159677886,0.0,0.0
466,24.422018017926856,46.42563632456814,428.38604736328125,1397.708007719601,1.3977080077196011,183.69740085641197,0.0,0.0
467,24.422016280036367,46.42561778709118,428.38604736328125,1400.7080077192752,1.4007080077192753,183.69740084036573,0.0,0.0
468,24.42201454214588,46.4255992496079,428.38604736328125,1403.7080077198787,1.4037080077198787,183.69740086185485,0.0,0.0
469,24.422012804255388,46.42558071211832,428.38604736328125,1406.7080077195528,1.4067080077195528,183.6974008550871,0.0,0.0
470,24.4220110663649,46.42556217462244,428.38604736328125,1409.708007719227,1.409708007719227,183.6974008415714,0.0,0.0
471,24.422009328474413,46.425543637120256,428.38604736328125,1412.7080077198304,1.4127080077198304,183.6974008611628,0.0,0.0
472,24.42200759058392,46.42552509961177,428.38604736328125,1415.7080077195046,1.4157080077195046,183.69740084891245,0.0,0.0
473,24.422005852693434,46.42550656209698,428.38604736328125,1418.708007720108,1.418708007720108,183.6974008347643,0.0,0.0
474,24.422004114802952,46.425488024575884,428.38604736328125,1421.7080077197522,1.4217080077197521,188.33888452519395,0.0,0.0
475,24.42200021533713,46.42546968687636,428.38604736328125,1424.7011363184508,1.4247011363184507,191.57994316332432,0.0,0.0
476,24.42199480563845,46.42545148878493,428.38604736328125,1427.701136318423,1.427701136318423,191.57994317595404,0.0,0.0
477,24.42198939593977,46.42543329068742,428.38604736328125,1430.7011363183954,1.4307011363183955,191.579943148302,0.0,0.0
478,24.421983986241102,46.42541509258383,428.56982421875,1433.7011363182742,1.4337011363182741,191.57994316361794,0.06125895182539133,3.505498795731748
479,24.421978576542426,46.425396894474176,428.56982421875,1436.7011363182464,1.4367011363182465,191.57994317624804,0.0,0.0
480,24.421973166843745,46.42537869635845,428.56982421875,1439.7011363182187,1.4397011363182186,191.57994315522072,0.0,0.0
481,24.42196775714507,46.425360498236635,428.56982421875,1442.701136318191,1.442701136318191,191.57994315531909,0.0,0.0
482,24.421962347446396,46.42534230010875,428.56982421875,1445.7011363180698,1.4457011363180698,191.57994316598032,0.0,0.0
483,24.42195693774772,46.425324101974795,428.56982421875,1448.701136318042,1.448701136318042,191.57994316679566,0.0,0.0
484,24.42195152804904,46.42530590383476,428.56982421875,1451.7011363180143,1.4517011363180143,191.57994316617763,0.0,0.0
485,24.421946118350363,46.42528770568865,428.56982421875,1454.7011363179865,1.4547011363179865,191.5799431510585,0.0,0.0
486,24.421940708651693,46.42526950753647,428.56982421875,1457.7011363178653,1.4577011363178654,191.57994317693817,0.0,0.0
487,24.421935298953013,46.42525130937822,428.56982421875,1460.7011363178376,1.4607011363178377,191.5799431539425,0.0,0.0
488,24.421929889254336,46.42523311121388,428.56982421875,1463.7011363178099,1.4637011363178098,191.57994316460446,0.0,0.0
489,24.42192447955566,46.42521491304347,428.56982421875,1466.7011363177821,1.4667011363177822,191.57994316273457,0.0,0.0
490,24.421919069856983,46.425196714866985,428.56982421875,1469.701136317661,1.4697011363176609,191.57994316283398,0.0,0.0
491,24.421913660158307,46.42517851668442,428.56982421875,1472.7011363176332,1.4727011363176332,191.57994316096432,0.0,0.0
492,24.42190825045963,46.425160318495784,428.56982421875,1475.701136318518,1.475701136318518,191.57994316894082,0.0,0.0
493,24.421902840760954,46.42514212030108,428.56982421875,1478.7011363184902,1.47870113631849,191.9913400039252,0.0,0.0
494,24.421897241992077,46.425123950490345,0.0,1481.7009469974298,1.4817009469974298,192.99848311174128,-142.86562389671843,-89.59895990191421
495,24.421891180379173,46.42510585017248,0.0,1484.7009469977443,1.4847009469977444,192.9984830865858,0.0,0.0
496,24.421885118766276,46.425087749848586,0.0,1487.7009469979541,1.487700946997954,192.99848310534514,0.0,0.0
497,24.42187905715337,46.42506964951869,0.0,1490.7009469973611,1.490700946997361,192.99848309342897,0.0,0.0
498,24.421872995540472,46.42505154918279,0.0,1493.700946997571,1.493700946997571,192.99848309901108,0.0,0.0
499,24.421866933927564,46.42503344884086,0.0,1496.7009469978855,1.4967009469978854,192.9984831024791,0.0,0.0
500,24.421860872314664,46.42501534849294,0.0,1499.7009469980953,1.4997009469980953,192.99848309488405,0.0,0.0
501,24.42185481070176,46.424997248139,0.0,1502.7009469975023,1.5027009469975023,192.99848310714756,0.0,0.0
502,24.42184874908886,46.42497914777906,0.0,1505.7009469977122,1.5057009469977123,192.99848308413806,0.0,0.0
503,24.42184268747596,46.4249610474131,0.0,1508.7009469980267,1.5087009469980266,192.9984831051663,0.0,0.0
504,24.421836625863055,46.42494294704113,0.0,1511.700946997329,1.511700946997329,192.99848310419125,0.0,0.0
505,24.42183056425015,46.42492484666316,0.0,1514.7009469976435,1.5147009469976436,192.99848309224532,0.0,0.0
506,24.42182450263725,46.42490674627917,0.0,1517.7009469978534,1.5177009469978535,192.99848310665453,0.0,0.0
507,24.421818441024346,46.424888645889176,0.0,1520.7009469981679,1.5207009469981678,192.9984830836764,0.0,0.0
508,24.421812379411445,46.42487054549317,0.0,1523.7009469974703,1.5237009469974703,192.99848310470531,0.0,0.0
509,24.42180631779854,46.424852445091155,0.0,1526.7009469977847,1.5267009469977848,192.99848307734524,0.0,0.0
510,24.421800256185644,46.42483434468312,0.0,1529.7009469979946,1.5297009469979945,192.99848311596483,0.0,0.0
511,24.421794194572737,46.424816244269095,0.0,1532.7009469974016,1.5327009469974016,192.99848308201632,0.0,0.0
512,24.42178813295984,46.424798143849046,0.0,1535.7009469976115,1.5357009469976115,192.99848311184093,0.0,0.0
513,24.421782071346936,46.424780043423,0.0,1538.7009469978213,1.5387009469978215,194.71900490746785,0.0,0.0
514,24.421775239947774,46.424762118283034,0.0,1541.6939872899295,1.5416939872899296,203.5639000621628,0.0,0.0
515,24.42176446632165,46.424745090842826,0.0,1544.6939872901266,1.5446939872901266,203.56390005663937,0.0,0.0
516,24.42175369269553,46.424728063397296,0.0,1547.6939872901376,1.5476939872901376,203.56390006351245,0.0,0.0
517,24.421742919069402,46.424711035946444,0.0,1550.6939872903347,1.5506939872903347,216.08326928746078,0.0,0.0
518,24.42172725353893,46.42469621860392,0.0,1553.6549319130804,1.5536549319130804,222.91987029899835,0.0,0.0
519,24.42170890163706,46.42468261493348,0.0,1556.6549319133042,1.556654931913304,222.91987027439518,0.0,0.0
520,24.421690549735196,46.424669011259645,0.0,1559.654931913211,1.559654931913211,222.91987028987373,0.0,0.0
521,24.421672197833328,46.42465540758242,0.0,1562.6549319134347,1.5626549319134346,227.88995467655266,0.0,0.0
522,24.42165230349735,46.42464301227263,0.0,1565.6401753742539,1.565640175374254,234.392828014485,0.0,0.0
523,24.421630392838193,46.424632196584476,0.0,1568.6401753739392,1.5686401753739392,234.39282797204334,0.0,0.0
524,24.42160848217904,46.42462138089416,0.0,1571.6401753741668,1.571640175374167,234.3928280171308,0.0,0.0
525,24.42158657151988,46.42461056520171,0.0,1574.6401753738521,1.5746401753738521,241.90537143286826,0.0,0.0
526,24.42156300595531,46.42460189369749,0.0,1577.6138695895856,1.5776138695895856,249.57993633929408,0.0,0.0
527,24.421537750005765,46.42459541235191,0.0,1580.6138695895816,1.5806138695895815,249.5799363189683,0.0,0.0
528,24.421512494056216,46.424588931005545,0.0,1583.6138695891411,1.583613869589141,252.97382583740193,0.0,0.0
529,24.42148689913485,46.42458352824205,0.0,1586.5936854137612,1.5865936854137612,265.97357913959974,0.0,0.0
530,24.42146001619391,46.42458222386271,0.0,1589.5936854134852,1.5895936854134851,265.97357910793477,0.0,0.0
531,24.421433133252975,46.42458091948331,0.0,1592.5936854137392,1.5925936854137392,266.478946890948,0.0,0.0
532,24.421406249753673,46.42457977923885,0.0,1595.5920028250919,1.5955920028250918,273.75773037093643,0.0,0.0
533,24.42137935823376,46.424580996697834,0.0,1598.5920028247153,1.5985920028247154,273.7577303571711,0.0,0.0
534,24.42135246671385,46.42458221415679,0.0,1601.5920028248036,1.6015920028248036,276.34530823783507,0.0,0.0
535,24.421325755470612,46.42458426162863,0.0,1604.583812984839,1.6045838129848389,283.2720015546019,0.0,0.0
536,24.421299525799466,46.42458852630916,0.0,1607.58381298468,1.60758381298468,283.2720015600385,0.0,0.0
537,24.421273296128312,46.42459279098935,0.0,1610.5838129849744,1.6105838129849743,293.2563732170749,0.0,0.0
538,24.421248763166044,46.4246000586599,0.0,1613.5563351336111,1.613556335133611,299.28623560097685,0.0,0.0
539,24.421225258201737,46.42460914577404,0.0,1616.5563351337296,1.6165563351337295,299.2862356715373,0.0,0.0
540,24.421201753237426,46.424618232886694,0.0,1619.556335133848,1.619556335133848,299.3161466309208,0.0,0.0
541,24.421178256631094,46.4246273278848,0.0,1622.5561471172555,1.6225561471172554,313.0078968993271,0.0,0.0
542,24.421158549575928,46.424639998885,0.0,1625.5561471173403,1.6255561471173403,313.0078968515417,0.0,0.0
543,24.421138842520758,46.424652669882235,0.0,1628.5561471171304,1.6285561471171304,313.007896880104,0.0,0.0
544,24.421119135465588,46.42466534087654,0.0,1631.5561471169206,1.6315561471169207,325.6551646313413,0.0,0.0
545,24.42110407500321,46.424680533726,0.0,1634.5277972908773,1.6345277972908774,330.56119889707116,0.0,0.0
546,24.421090829513965,46.424696711616285,0.0,1637.5277972911322,1.6375277972911322,330.5611988977293,0.0,0.0
547,24.421077584024726,46.42471288950176,0.0,1640.527797290347,1.6405277972903471,330.56119892197904,0.0,0.0
548,24.421064338535484,46.42472906738246,0.0,1643.527797290602,1.643527797290602,337.7551755978346,0.0,0.0
549,24.421054171605867,46.42474620195664,0.0,1646.517448258203,1.646517448258203,340.9040396435534,0.0,0.0
550,24.42104535505474,46.42476375617115,0.0,1649.5174482586217,1.6495174482586217,340.90403962829413,0.0,0.0
551,24.421036538503614,46.42478131038002,0.0,1652.5174482583125,1.6525174482583125,340.9040396418897,0.0,0.0
552,24.421027721952484,46.42479886458324,0.0,1655.5174482588834,1.6555174482588835,340.9040396265726,0.0,0.0
553,24.42101890540136,46.424816418780786,0.0,1658.5174482584218,1.6585174482584217,344.74436981087473,0.0,0.0
554,24.421011823843724,46.424834316461215,0.0,1661.5134091504704,1.6615134091504704,347.0465652495948,0.0,0.0
555,24.42100578287654,46.42485242014849,0.0,1664.513409150389,1.664513409150389,347.0465652611186,0.0,0.0
556,24.42099974190936,46.42487052382975,0.0,1667.5134091503076,1.6675134091503077,347.0465652660453,0.0,0.0
557,24.420993700942184,46.424888627505005,0.0,1670.5134091501218,1.6705134091501217,347.04656525120214,0.0,0.0
558,24.420987659974998,46.42490673117425,0.0,1673.5134091500404,1.6735134091500403,347.0465652605266,0.0,0.0
559,24.42098161900782,46.42492483483748,0.0,1676.513409149959,1.676513409149959,347.04656526765194,0.0,0.0
560,24.42097557804064,46.424942938494695,0.0,1679.5134091497732,1.6795134091497732,347.0465652594053,0.0,0.0
561,24.420969537073457,46.42496104214591,0.0,1682.5134091505995,1.6825134091505995,347.04656526212545,0.0,0.0
562,24.42096349610628,46.4249791457911,0.0,1685.513409150518,1.6855134091505182,347.04656525388555,0.0,0.0
563,24.420957455139092,46.42499724943029,0.0,1688.5134091504367,1.6885134091504368,347.3264401424201,0.0,0.0
564,24.42095154277158,46.42501537246138,0.0,1691.513288918975,1.691513288918975,348.26660715315916,0.0,0.0
565,24.420946062383575,46.42503356064608,0.0,1694.5132889186152,1.6945132889186152,348.2666071477819,0.0,0.0
566,24.420940581995566,46.425051748824714,0.0,1697.513288919262,1.6975132889192621,348.26660715229195,0.0,0.0
567,24.42093510160756,46.42506993699728,0.0,1700.513288918997,1.700513288918997,348.2666071441965,0.0,0.0
568,24.420929621219553,46.42508812516377,0.0,1703.5132889187319,1.7035132889187319,348.266607158045,0.0,0.0
569,24.42092414083155,46.4251063133242,0.0,1706.513288919284,1.706513288919284,348.26660714795435,0.0,0.0
570,24.420918660443544,46.42512450147856,0.0,1709.5132889190188,1.7095132889190188,348.2666071558179,0.0,0.0
571,24.420913180055535,46.42514268962685,416.5711669921875,1712.5132889187537,1.7125132889187538,348.2666071450911,138.85705567633366,89.58738294759482
572,24.420907699667527,46.42516087776907,416.5711669921875,1715.5132889194006,1.7155132889194005,348.2666071542262,0.0,0.0
573,24.420902219279526,46.425179065905226,416.5711669921875,1718.5132889190409,1.7185132889190409,348.26660714549405,0.0,0.0
574,24.420896738891518,46.425197254035304,416.5711669921875,1721.5132889187757,1.7215132889187756,348.2666071453774,0.0,0.0
575,24.420891258503513,46.42521544215931,416.5711669921875,1724.5132889194226,1.7245132889194226,348.26660714661966,0.0,0.0
576,24.420885778115505,46.42523363027727,416.5711669921875,1727.5132889191575,1.7275132889191576,348.2666071471387,0.0,0.0
577,24.420880297727496,46.42525181838915,416.5711669921875,1730.5132889188924,1.7305132889188923,348.2666071596272,0.0,0.0
578,24.420874817339495,46.42527000649496,416.5711669921875,1733.5132889194444,1.7335132889194445,348.26660714690456,0.0,0.0
579,24.42086933695149,46.4252881945947,416.5711669921875,1736.5132889191793,1.7365132889191792,348.26660714216155,0.0,0.0
580,24.42086385656348,46.425306382688376,416.5711669921875,1739.5132889189142,1.7395132889189142,348.2666071546497,0.0,0.0
581,24.420858376175474,46.425324570775985,416.5711669921875,1742.513288919561,1.7425132889195611,348.26660716115293,0.0,0.0
582,24.420852895787473,46.425342758857525,416.5711669921875,1745.5132889192014,1.7455132889192013,348.266607142445,0.0,0.0
583,24.420847415399464,46.42536094693299,416.5711669921875,1748.5132889189363,1.7485132889189363,348.2666071436863,0.0,0.0
584,24.420841935011456,46.42537913500239,416.5711669921875,1751.5132889186712,1.751513288918671,348.2666071501892,0.0,0.0
585,24.42083645462345,46.425397323065724,416.5711669921875,1754.513288919318,1.754513288919318,348.2666071520662,0.0,0.0
586,24.420830974235443,46.42541551112299,416.5711669921875,1757.513288919053,1.757513288919053,348.2666071479582,0.0,0.0
587,24.42082549384744,46.425433699174185,414.332763671875,1760.5132889186932,1.7605132889186932,348.26660714983495,-0.7461344401936295,-36.727887072019435
588,24.420820013459434,46.42545188721932,414.332763671875,1763.51328891934,1.7635132889193401,348.2666071477217,0.0,0.0
589,24.420814533071425,46.425470075258374,414.332763671875,1766.513288919075,1.7665132889190749,348.2666071449724,0.0,0.0
590,24.420809052683417,46.42548826329136,414.332763671875,1769.5132889188098,1.7695132889188099,348.0645485507931,0.0,0.0
591,24.420803479601293,46.42550643682216,414.332763671875,1772.513113791042,1.7725131137910421,346.16781866382803,0.0,0.0
592,24.420797036553942,46.42552447429592,414.332763671875,1775.5131137903634,1.7755131137903635,346.16781867809993,0.0,0.0
593,24.4207905935066,46.425542511763716,414.332763671875,1778.5131137904775,1.7785131137904775,346.16781865063086,0.0,0.0
594,24.420784150459244,46.425560549225544,414.332763671875,1781.513113790703,1.781513113790703,346.1678186695932,0.0,0.0
595,24.420777707411894,46.425578586681404,414.332763671875,1784.5131137909286,1.7845131137909287,346.1678186749534,0.0,0.0
596,24.420771264364546,46.425596624131295,414.332763671875,1787.5131137910428,1.7875131137910427,346.1678186512343,0.0,0.0
597,24.420764821317192,46.4256146615752,414.332763671875,1790.513113790364,1.790513113790364,346.1678186659757,0.0,0.0
598,24.42075837826984,46.42563269901316,414.332763671875,1793.5131137905896,1.7935131137905895,346.1678186802468,0.0,0.0
599,24.420751935222498,46.42565073644515,414.332763671875,1796.5131137907038,1.7965131137907038,346.1678186640335,0.0,0.0
600,24.420745492175147,46.425668773871166,414.332763671875,1799.5131137909293,1.7995131137909293,346.16781866892285,0.0,0.0
601,24.4207390491278,46.425686811291214,414.332763671875,1802.5131137910435,1.8025131137910435,346.1678186545845,0.0,0.0
602,24.420732606080445,46.42570484870529,412.9974060058594,1805.5131137903647,1.8055131137903648,346.16781865994375,-0.4451192221059107,-23.99476557753364
603,24.420726163033095,46.4257228861134,412.9974060058594,1808.5131137905903,1.8085131137905903,346.16781868172046,0.0,0.0
604,24.420719719985748,46.42574092351555,412.9974060058594,1811.5131137907044,1.8115131137907043,346.16781865518465,0.0,0.0
605,24.420713276938397,46.42575896091172,412.9974060058594,1814.51311379093,1.81451311379093,346.16781865679314,0.0,0.0
606,24.420706833891046,46.42577699830192,412.9974060058594,1817.5131137911555,1.8175131137911555,346.1678186710631,0.0,0.0
607,24.4207003908437,46.42579503568616,412.9974060058594,1820.5131137903654,1.8205131137903654,346.16781867032597,0.0,0.0
608,24.420693947796348,46.42581307306443,411.59210205078125,1823.513113790591,1.823513113790591,346.167818673339,-0.4684346516574891,-25.10001982905712
609,24.420687504749,46.42583111043674,411.59210205078125,1826.5131137907051,1.8265131137907051,346.16781866556545,0.0,0.0
610,24.42068106170165,46.42584914780307,411.59210205078125,1829.5131137909307,1.8295131137909306,346.1678186643577,0.0,0.0
611,24.4206746186543,46.42586718516343,411.59210205078125,1832.5131137911562,1.8325131137911563,346.16781867206106,0.0,0.0
612,24.420668175606952,46.42588522251783,411.59210205078125,1835.513113790366,1.8355131137903662,346.16781865772117,0.0,0.0
613,24.4206617325596,46.42590325986625,411.59210205078125,1838.5131137905917,1.8385131137905917,346.16781866073353,0.0,0.0
614,24.42065528951225,46.42592129720871,411.59210205078125,1841.5131137908172,1.8415131137908172,346.1678186731273,0.0,0.0
615,24.420648846464903,46.425939334545205,411.59210205078125,1844.5131137909314,1.8445131137909314,346.1678186658231,0.0,0.0
616,24.42064240341755,46.42595737187574,411.59210205078125,1847.513113791157,1.847513113791157,344.136426764046,0.0,0.0
617,24.420635040640505,46.42597523122905,411.0547790527344,1850.511567398988,1.850511567398988,342.4702710111598,-0.17920003719368285,-10.159571477427443
618,24.42062692344576,46.42599294459385,411.0547790527344,1853.5115673991934,1.8535115673991933,342.47027099008614,0.0,0.0
619,24.420618806251014,46.42601065795287,411.0547790527344,1856.5115673983703,1.8565115673983703,342.4702710192439,0.0,0.0
620,24.420610689056275,46.42602837130616,411.0547790527344,1859.5115673984353,1.8595115673984353,342.4702710207316,0.0,0.0
621,24.42060257186153,46.42604608465369,411.0547790527344,1862.5115673985003,1.8625115673985004,342.47027100852176,0.0,0.0
622,24.420594454666787,46.426063797995454,411.0547790527344,1865.5115673985654,1.8655115673985654,342.47027101296396,0.0,0.0
623,24.420586337472045,46.42608151133147,411.0547790527344,1868.5115673986304,1.8685115673986303,342.4702710120347,0.0,0.0
624,24.4205782202773,46.426099224661726,411.0547790527344,1871.5115673986954,1.8715115673986955,342.4702710116436,0.0,0.0
625,24.42057010308256,46.42611693798622,411.0547790527344,1874.5115673987605,1.8745115673987605,342.4702710160853,0.0,0.0
626,24.420561985887815,46.42613465130497,411.0547790527344,1877.5115673988255,1.8775115673988254,342.47027100978426,0.0,0.0
627,24.420553868693073,46.42615236461796,411.0547790527344,1880.5115673990308,1.880511567399031,342.4702710048228,0.0,0.0
628,24.420545751498327,46.42617007792519,411.0547790527344,1883.5115673990958,1.8835115673990959,342.47027101383384,0.0,0.0
629,24.420537634303585,46.42618779122667,411.0547790527344,1886.5115673991609,1.8865115673991608,342.4702710035008,0.0,0.0
630,24.420529517108843,46.426205504522386,411.0547790527344,1889.5115673983378,1.8895115673983378,342.4702710143896,0.0,0.0
631,24.420521399914097,46.42622321781236,411.0547790527344,1892.5115673984028,1.8925115673984028,342.4702710169522,0.0,0.0
632,24.420513282719355,46.426240931096565,411.0547790527344,1895.5115673984678,1.895511567398468,342.4702710154831,0.0,0.0
633,24.420505165524613,46.426258644375025,411.4531555175781,1898.5115673985329,1.8985115673985329,342.470271023955,0.13279215494503824,7.564175584921103
634,24.42049704832987,46.42627635764773,411.4531555175781,1901.511567398598,1.9015115673985978,342.4702709953538,0.0,0.0
635,24.420488931135125,46.426294070914665,411.4531555175781,1904.5115673988032,1.9045115673988031,342.47027101322817,0.0,0.0
636,24.420480813940383,46.42631178417585,411.4531555175781,1907.5115673988682,1.9075115673988683,342.4702710117584,0.0,0.0
637,24.420472696745637,46.42632949743128,411.4531555175781,1910.5115673989333,1.9105115673989332,342.4702710202297,0.0,0.0
638,24.4204645795509,46.42634721068096,411.4531555175781,1913.5115673989983,1.9135115673989982,342.47027100694027,0.0,0.0
639,24.420456462356153,46.42636492392488,411.4531555175781,1916.5115673990633,1.9165115673990634,342.4702710154112,0.0,0.0
640,24.42044834516141,46.426382637163044,411.4531555175781,1919.5115673991284,1.9195115673991283,342.47027101394076,0.0,0.0
641,24.42044022796667,46.426400350395454,411.4531555175781,1922.5115673983053,1.9225115673983053,342.4702710100537,0.0,0.0
642,24.420432110771923,46.42641806362211,411.4531555175781,1925.5115673983703,1.9255115673983703,342.47027101503096,0.0,0.0
643,24.42042399357718,46.42643577684301,411.4531555175781,1928.5115673985756,1.9285115673985755,342.4702710022791,0.0,0.0
644,24.420415876382435,46.426453490058144,408.7532958984375,1931.5115673986406,1.9315115673986407,342.4702710196136,-0.8999532063607006,-41.985731202765336
645,24.420407759187693,46.426471203267525,408.7532958984375,1934.5115673987057,1.9345115673987057,342.4702710063231,0.0,0.0
646,24.42039964199295,46.42648891647116,408.7532958984375,1937.5115673987707,1.9375115673987706,342.26002124600325,0.0,0.0
647,24.420391430581336,46.42650660895771,408.7532958984375,1940.5115570954435,1.9405115570954437,342.15276897510046,0.0,0.0
648,24.42038317110789,46.426524290873274,408.7532958984375,1943.5115570950388,1.9435115570950388,342.1527689953091,0.0,0.0
649,24.42037491163445,46.426541972783106,409.6820068359375,1946.5115570953778,1.946511557095378,342.1527689807513,0.3095703124650171,17.200972662972664
650,24.420366652161007,46.426559654687196,409.6820068359375,1949.511557094973,1.949511557094973,342.15276898423315,0.0,0.0
651,24.420358392687564,46.42657733658556,409.6820068359375,1952.511557095455,1.952511557095455,342.15276900401796,0.0,0.0
652,24.420350133214125,46.42659501847819,409.6820068359375,1955.5115570949074,1.9555115570949073,342.15276897099653,0.0,0.0
653,24.42034187374068,46.42661270036508,409.6820068359375,1958.5115570953892,1.9585115570953893,342.1527689972176,0.0,0.0
654,24.420333614267243,46.42663038224622,409.6820068359375,1961.5115570948417,1.9615115570948416,342.1527689818123,0.0,0.0
655,24.4203253547938,46.42664806412164,409.6820068359375,1964.5115570953235,1.9645115570953235,342.1527689887233,0.0,0.0
656,24.420317095320353,46.426665745991336,409.6820068359375,1967.5115570949188,1.9675115570949189,342.1527689904675,0.0,0.0
657,24.420308835846914,46.42668342785528,409.6820068359375,1970.5115570952578,1.9705115570952578,342.1527689784916,0.0,0.0
658,24.42030057637347,46.42670110971349,409.6820068359375,1973.511557094853,1.9735115570948532,342.15276898624876,0.0,0.0
659,24.42029231690003,46.42671879156597,409.6820068359375,1976.511557095192,1.976511557095192,342.1527689802859,0.0,0.0
660,24.420284057426585,46.4267364734127,409.6820068359375,1979.5115570947873,1.9795115570947874,342.1527690004925,0.0,0.0
661,24.42027579795315,46.42675415525371,409.6820068359375,1982.5115570951264,1.9825115570951264,342.1527689850861,0.0,0.0
662,24.420267538479706,46.426771837088985,409.6820068359375,1985.5115570947216,1.9855115570947217,342.1527689799693,0.0,0.0
663,24.42025927900626,46.42678951891851,409.6820068359375,1988.5115570952034,1.9885115570952034,342.1527689907322,0.0,0.0
664,24.42025101953282,46.42680720074231,411.0198059082031,1991.5115570955425,1.9915115570955424,342.1527689877752,0.4459330240381491,24.033670598151108
665,24.420242760059377,46.42682488256038,411.0198059082031,1994.5115570951377,1.9945115570951377,342.15276900154436,0.0,0.0
666,24.420234500585938,46.42684256437272,411.0198059082031,1997.5115570954767,1.9975115570954767,342.15276897495716,0.0,0.0
667,24.420226241112495,46.426860246179295,411.0198059082031,2000.511557095072,2.0005115570950722,342.1527689878794,0.0,0.0
668,24.420217981639052,46.42687792798016,411.0198059082031,2003.5115570955538,2.0035115570955537,342.15276898877494,0.0,0.0
669,24.420209722165612,46.42689560977528,411.0198059082031,2006.5115570950063,2.0065115570950063,342.1527689832337,0.0,0.0
670,24.420201462692166,46.42691329156467,411.0198059082031,2009.5115570954881,2.0095115570954882,342.1527689909888,0.0,0.0
671,24.420193203218727,46.42693097334831,411.0198059082031,2012.5115570949406,2.012511557094941,342.1527690039104,0.0,0.0
672,24.420184943745287,46.42694865512624,411.0198059082031,2015.5115570954224,2.0155115570954223,342.15276896444897,0.0,0.0
673,24.42017668427184,46.42696633689841,411.0198059082031,2018.5115570950177,2.018511557095018,342.1527689996867,0.0,0.0
674,24.4201684247984,46.42698401866486,411.0198059082031,2021.5115570953567,2.021511557095357,342.1527689730981,0.0,0.0
675,24.42016016532496,46.42700170042556,411.0198059082031,2024.511557094952,2.024511557094952,342.1527690010523,0.0,0.0
676,24.42015190585152,46.427019382180546,411.0198059082031,2027.511557095291,2.027511557095291,342.1527689778933,0.0,0.0
677,24.420143646378076,46.427037063929774,411.0198059082031,2030.5115570948863,2.0305115570948864,342.1527689813707,0.0,0.0
678,24.42013538690463,46.427054745673274,408.4876403808594,2033.511557095368,2.033511557095368,342.1527689985677,-0.8440551756456934,-40.16621196390942
679,24.420127127431194,46.42707242741104,408.4876403808594,2036.5115570948205,2.0365115570948205,342.152768982735,0.0,0.0
680,24.420118867957747,46.42709010914308,410.9896545410156,2039.5115570953024,2.0395115570953024,342.152768987905,0.8340047199181408,39.82826579813842
681,24.420110608484308,46.42710779086937,410.9896545410156,2042.5115570947548,2.042511557094755,342.1527689853684,0.0,0.0
682,24.420102349010865,46.42712547258993,410.9896545410156,2045.5115570952366,2.0455115570952365,342.1527689892683,0.0,0.0
683,24.420094089537425,46.42714315430476,410.9896545410156,2048.511557094689,2.048511557094689,342.15276899617464,0.0,0.0
684,24.420085830063982,46.427160836013854,410.9896545410156,2051.5115570951707,2.0515115570951705,342.15276896958426,0.0,0.0
685,24.420077570590536,46.427178517717195,410.9896545410156,2054.511557094766,2.054511557094766,342.15276900782675,0.0,0.0
686,24.4200693111171,46.42719619941482,410.9896545410156,2057.511557095105,2.057511557095105,342.1527689803895,0.0,0.0
687,24.420061051643657,46.42721388110671,410.9896545410156,2060.511557095587,2.060511557095587,342.1527689786985,0.0,0.0
688,24.420052792170214,46.42723156279285,410.9896545410156,2063.5115570950393,2.063511557095039,342.15276899763063,0.0,0.0
689,24.42004453269677,46.427249244473266,410.9896545410156,2066.511557095521,2.066511557095521,342.15276897404607,0.0,0.0
690,24.420036273223328,46.42726692614794,410.9896545410156,2069.511557095116,2.069511557095116,342.15276899382445,0.0,0.0
691,24.42002801374989,46.42728460781688,410.9896545410156,2072.5115570954554,2.0725115570954555,342.15276899086297,0.0,0.0
692,24.420019754276442,46.42730228948009,410.9896545410156,2075.5115570950506,2.0755115570950506,342.15276900805765,0.0,0.0
693,24.420011494803006,46.427319971137564,410.9896545410156,2078.51155709539,2.07851155709539,342.1527689625792,0.0,0.0
694,24.420003235329563,46.427337652789284,410.9896545410156,2081.511557094985,2.081511557094985,342.15276898752376,0.0,0.0
695,24.419994975856117,46.42735533443529,410.9896545410156,2084.5115570954667,2.0845115570954666,342.15276898324794,0.0,0.0
696,24.419986716382677,46.42737301607555,413.4765625,2087.511557094919,2.087511557094919,342.15276899832566,0.8289693198127496,39.65768970314788
697,24.419978456909234,46.42739069771009,413.4765625,2090.511557095401,2.0905115570954007,342.1527689850295,0.0,0.0
698,24.419970197435795,46.42740837933887,413.4765625,2093.5115570948533,2.0935115570948533,342.1877148602072,0.0,0.0
699,24.419961953656724,46.42742606433053,413.4765625,2096.5115400630084,2.0965115400630085,343.2543307603755,0.0,0.0
700,24.41995418887268,46.42744385212685,413.4765625,2099.5115400636946,2.099511540063695,343.254330750305,0.0,0.0
701,24.41994642408863,46.42746163991736,413.4765625,2102.511540063623,2.1025115400636234,343.2543307511802,0.0,0.0
702,24.41993865930458,46.42747942770206,413.4765625,2105.511540063552,2.105511540063552,343.2543307633616,0.0,0.0
703,24.419930894520537,46.42749721548096,413.4765625,2108.5115400633463,2.108511540063346,343.2543307634145,0.0,0.0
704,24.419923129736492,46.42751500325406,413.4765625,2111.511540063275,2.1115115400632747,345.29378862652015,0.0,0.0
705,24.41991629971312,46.427532940169925,413.4765625,2114.506522346625,2.114506522346625,350.6782589260368,0.0,0.0
706,24.419911934485576,46.427551270357725,413.4765625,2117.506522346223,2.117506522346223,350.6782589244813,0.0,0.0
707,24.419907569258033,46.427569600539364,413.4765625,2120.5065223466645,2.1205065223466644,350.6782589165695,0.0,0.0
708,24.41990320403049,46.42758793071483,413.4765625,2123.5065223462625,2.1235065223462626,350.6782589146975,0.0,0.0
709,24.419898838802943,46.427606260884126,413.4765625,2126.5065223458605,2.1265065223458604,350.6782589395161,0.0,0.0
710,24.419894473575404,46.42762459104728,413.4765625,2129.506522346302,2.129506522346302,0.17404990439160883,0.0,0.0
711,24.419894555421617,46.42764316205703,415.5814514160156,2132.505817698382,2.132505817698382,0.33610023061044103,0.7017944780116018,35.060966078801194
712,24.419894713507762,46.42766173718962,415.5814514160156,2135.5058176984066,2.1355058176984065,0.3361002378229614,0.0,0.0
713,24.419894871593907,46.42768031231586,415.5814514160156,2138.505817698431,2.138505817698431,0.33610022365633085,0.0,0.0
714,24.41989502968005,46.42769888743579,415.5814514160156,2141.505817698453,2.141505817698453,0.3361002378033504,0.0,0.0
715,24.419895187766194,46.42771746254937,415.5814514160156,2144.5058176984776,2.1445058176984775,0.33610023767852226,0.0,0.0
716,24.419895345852343,46.42773603765663,415.5814514160156,2147.505817698502,2.147505817698502,0.8888819605174945,0.0,0.0
717,24.419895763917165,46.4277546103915,415.5814514160156,2150.5057449620563,2.1505057449620564,1.1768551628194928,0.0,0.0
718,24.419896317420147,46.427773181887424,415.5814514160156,2153.5057449622027,2.1535057449622026,1.1768551561800678,0.0,0.0
719,24.419896870923125,46.42779175337703,415.5814514160156,2156.5057449623396,2.1565057449623395,1.1768551636662892,0.0,0.0
720,24.419897424426104,46.4278103248603,415.5814514160156,2159.5057449624765,2.1595057449624764,1.176855156422448,0.0,0.0
721,24.419897977929082,46.42782889633724,415.5814514160156,2162.505744961692,2.1625057449616922,1.1768551569466013,0.0,0.0
722,24.41989853143206,46.42784746780786,415.5814514160156,2165.505744961829,2.1655057449618287,1.1768551560603555,0.0,0.0
723,24.41989908493504,46.427866039272146,415.5814514160156,2168.505744961966,2.1685057449619656,6.003796281186112,0.0,0.0
724,24.419901901074073,46.42788449557296,415.5814514160156,2171.502953581371,2.171502953581371,7.269197770893186,0.0,0.0
725,24.419905311025953,46.42790292164536,415.5814514160156,2174.5029535820045,2.1745029535820044,7.269197779619617,0.0,0.0
726,24.419908720977837,46.42792134771154,417.23992919921875,2177.502953581773,2.177502953581773,7.269197768223137,0.5528259277770285,28.934955356730033
727,24.419912130929713,46.42793977377148,417.23992919921875,2180.502953581483,2.180502953581483,7.269197782416029,0.0,0.0
728,24.419915540881593,46.42795819982519,417.23992919921875,2183.5029535821755,2.1835029535821753,12.215553984802682,0.0,0.0
729,24.419921241375715,46.427976349036676,417.23992919921875,2186.502034913015,2.186502034913015,12.621830988663078,0.0,0.0
730,24.41992713023956,46.42799447547568,417.23992919921875,2189.502034912644,2.189502034912644,12.62183099267645,0.0,0.0
731,24.419933019103414,46.428012601908655,417.23992919921875,2192.502034913182,2.192502034913182,12.62183100724127,0.0,0.0
732,24.419938907967264,46.428030728335585,417.23992919921875,2195.5020349129127,2.195502034912913,12.621830998392568,0.0,0.0
733,24.419944796831118,46.42804885475651,417.23992919921875,2198.5020349134506,2.1985020349134508,12.62183098458695,0.0,0.0
734,24.419950685694964,46.4280669811714,417.23992919921875,2201.5020349130796,2.2015020349130796,14.099789850592572,0.0,0.0
735,24.419957241081928,46.42808496993676,417.23992919921875,2204.497551769382,2.204497551769382,20.73552293152494,0.0,0.0
736,24.419966782667075,46.42810234201742,417.23992919921875,2207.4975517690764,2.2074975517690762,20.73552289952289,0.0,0.0
737,24.419976324252215,46.42811971409255,417.23992919921875,2210.4975517694766,2.2104975517694765,20.735522915885326,0.0,0.0
738,24.41998586583736,46.428137086162145,417.23992919921875,2213.497551769171,2.213497551769171,20.73552291327593,0.0,0.0
739,24.41999540742251,46.4281544582262,417.23992919921875,2216.4975517688654,2.216497551768865,20.735522907816176,0.0,0.0
740,24.420004949007655,46.42817183028473,417.23992919921875,2219.4975517694306,2.2194975517694306,20.73552292604785,0.0,0.0
741,24.4200144905928,46.428189202337705,417.23992919921875,2222.497551769125,2.2224975517691252,22.749915601045075,0.0,0.0
742,24.42002489613927,46.42820630606273,418.3293151855469,2225.492925928171,2.225492925928171,27.775795204083522,0.36368945196316643,19.98579297379499
743,24.4200374549366,46.42822274104255,418.3293151855469,2228.4929259278515,2.2284929259278514,27.775795191683983,0.0,0.0
744,24.42005001373393,46.428239176017435,418.3293151855469,2231.4929259277487,2.231492925927749,27.775795191589054,0.0,0.0
745,24.420062572531265,46.42825561098736,418.3293151855469,2234.492925928253,2.234492925928253,27.775795194655075,0.0,0.0
746,24.420075131328595,46.42827204595232,418.3293151855469,2237.4929259279334,2.2374929259279335,27.77579520652631,0.0,0.0
747,24.42008769012593,46.42828848091233,418.3293151855469,2240.4929259278306,2.2404929259278306,31.5753054387215,0.0,0.0
748,24.42010176798749,46.42830426869374,418.3293151855469,2243.48582890929,2.24348582890929,35.66482789538816,0.0,0.0
749,24.42011748067172,46.42831935998004,418.3293151855469,2246.485828909189,2.246485828909189,35.66482787984427,0.0,0.0
750,24.42013319335595,46.42833445126217,418.3293151855469,2249.4858289088165,2.2494858289088167,35.66482789907275,0.0,0.0
751,24.420148906040183,46.42834954254011,419.6752624511719,2252.4858289094723,2.2524858289094722,35.664827895195344,0.4486490884436001,24.163345611242498
752,24.420164618724414,46.42836463381388,419.6752624511719,2255.4858289091,2.2554858289090998,35.66482787415839,0.0,0.0
753,24.42018033140864,46.42837972508347,419.6752624511719,2258.4858289087274,2.2584858289087273,36.97411633443289,0.0,0.0
754,24.42019653952402,46.42839456425897,419.6752624511719,2261.4856898849403,2.2614856898849403,37.206496894688655,0.0,0.0
755,24.42021283557898,46.42840935868421,419.6752624511719,2264.4856898849876,2.2644856898849874,37.206496898157184,0.0,0.0
756,24.42022913163394,46.42842415310543,419.6752624511719,2267.485689885035,2.2674856898850346,37.20649687680333,0.0,0.0
757,24.420245427688897,46.42843894752265,419.6752624511719,2270.485689885082,2.2704856898850823,37.20649690938717,0.0,0.0
758,24.42026172374386,46.42845374193584,419.6752624511719,2273.4856898851294,2.2734856898851294,37.20649688319469,0.0,0.0
759,24.420278019798815,46.42846853634502,419.6752624511719,2276.485689884435,2.276485689884435,37.20649692061801,0.0,0.0
760,24.42029431585378,46.428483330750176,418.98150634765625,2279.485689884764,2.2794856898847637,38.86674410483255,-0.23125203447986448,-13.02087795550701
761,24.420311196779785,46.4284977677157,418.98150634765625,2282.4803387722454,2.2824803387722454,45.917469764609336,0.0,0.0
762,24.420330555614385,46.42851069033911,418.98150634765625,2285.4803387718393,2.285480338771839,45.91746978162007,0.0,0.0
763,24.420349914448988,46.42852361295945,418.98150634765625,2288.480338771768,2.288480338771768,45.9174697563289,0.0,0.0
764,24.420369273283583,46.42853653557675,418.98150634765625,2291.48033877201,2.29148033877201,45.91746974751203,0.0,0.0
765,24.420388632118186,46.42854945819097,418.98150634765625,2294.4803387719385,2.2944803387719386,45.91746975980061,0.0,0.0
766,24.420407990952782,46.428562380802134,418.98150634765625,2297.4803387721804,2.2974803387721803,45.91746975567003,0.0,0.0
767,24.42042734978738,46.42857530341023,419.1473083496094,2300.480338772109,2.300480338772109,45.91746974917834,0.055267333985690274,3.1633667899315747
768,24.420446708621977,46.428588226015265,419.1473083496094,2303.480338771703,2.303480338771703,45.91746976384695,0.0,0.0
769,24.42046606745658,46.42860114861723,419.1473083496094,2306.480338772279,2.306480338772279,45.91746976674591,0.0,0.0
770,24.420485426291176,46.42861407121614,419.1473083496094,2309.480338771873,2.309480338771873,45.91746976027292,0.0,0.0
771,24.42050478512578,46.42862699381198,419.1473083496094,2312.4803387718016,2.3124803387718016,45.917469749077554,0.0,0.0
772,24.420524143960375,46.42863991640476,419.1473083496094,2315.4803387720435,2.3154803387720437,45.47858249057896,0.0,0.0
773,24.42054335669871,46.428652939525634,419.1473083496094,2318.4800397588556,2.3184800397588554,43.98755416048351,0.0,0.0
774,24.4205620731565,46.428666304141835,419.1473083496094,2321.4800397594117,2.3214800397594115,43.98755416248207,0.0,0.0
775,24.420580789614288,46.428679668754754,419.1473083496094,2324.4800397589747,2.3244800397589747,43.98755413333038,0.0,0.0
776,24.420599506072072,46.42869303336441,419.1473083496094,2327.4800397592076,2.3274800397592075,43.987554151873155,0.0,0.0
777,24.420618222529857,46.42870639797078,419.1473083496094,2330.4800397587705,2.3304800397587706,43.98755414121388,0.0,0.0
778,24.420636938987645,46.42871976257388,419.1473083496094,2333.4800397593267,2.3334800397593267,43.98755417143565,0.0,0.0
779,24.420655655445437,46.428733127173686,419.1473083496094,2336.4800397588897,2.33648003975889,43.98755411406205,0.0,0.0
780,24.42067437190322,46.42874649177024,419.1473083496094,2339.4800397591225,2.3394800397591227,43.98755417153802,0.0,0.0
781,24.420693088361006,46.4287598563635,417.6568603515625,2342.4800397586855,2.3424800397586854,43.987554119998606,-0.49681599942132987,-26.418921546690264
782,24.420711804818794,46.428773220953495,418.3141174316406,2345.4800397592417,2.3454800397592415,43.98755418623665,0.21908569331875974,12.357441463789792
783,24.42073052127658,46.428786585540195,418.3141174316406,2348.4800397588047,2.3484800397588046,43.98755412983235,0.0,0.0
784,24.42074923773437,46.42879995012363,418.3141174316406,2351.4800397590375,2.3514800397590374,43.98755415908647,0.0,0.0
785,24.420767954192154,46.42881331470379,418.3141174316406,2354.4800397586005,2.3544800397586005,43.98755413966671,0.0,0.0
786,24.420786670649942,46.42882667928067,418.3141174316406,2357.4800397591566,2.3574800397591567,43.98755413971901,0.0,0.0
787,24.420805387107727,46.42884004385428,418.3141174316406,2360.4800397587196,2.36048003975872,43.98755416312878,0.0,0.0
788,24.420824103565515,46.4288534084246,418.3141174316406,2363.4800397589524,2.3634800397589526,43.9875541592848,0.0,0.0
789,24.420842820023307,46.42886677299165,418.3141174316406,2366.4800397588388,2.3664800397588386,43.98755414960715,0.0,0.0
790,24.42086153648109,46.42888013755542,418.3141174316406,2369.4800397590716,2.3694800397590714,43.987554138949974,0.0,0.0
791,24.420880252938876,46.42889350211592,418.3141174316406,2372.4800397593044,2.372480039759304,43.98755415068172,0.0,0.0
792,24.42089896939666,46.42890686667314,418.3141174316406,2375.4800397588674,2.3754800397588673,43.98755414489011,0.0,0.0
793,24.42091768585445,46.42892023122709,418.3141174316406,2378.4800397594236,2.3784800397594235,43.98755416051881,0.0,0.0
794,24.42093640231224,46.42893359577774,418.3141174316406,2381.4800397589865,2.3814800397589866,43.98755414499709,0.0,0.0
795,24.420955118770024,46.428946960325135,418.3141174316406,2384.4800397592194,2.3844800397592194,43.987554149916036,0.0,0.0
796,24.42097383522781,46.428960324869244,418.57574462890625,2387.4800397587824,2.3874800397587825,43.98755413244629,0.08720906576791214,4.984101531126872
797,24.420992551685597,46.428973689410086,418.57574462890625,2390.4800397593385,2.3904800397593386,43.98755417629826,0.0,0.0
798,24.42101126814339,46.42898705394764,418.57574462890625,2393.4800397589015,2.3934800397589013,43.9875541053006,0.0,0.0
799,24.421029984601173,46.42900041848193,418.57574462890625,2396.4800397591343,2.396480039759134,43.98755416959341,0.0,0.0
800,24.421048701058957,46.42901378301292,418.57574462890625,2399.4800397586973,2.3994800397586973,43.987554152124346,0.0,0.0
801,24.421067417516745,46.42902714754065,418.57574462890625,2402.4800397592535,2.4024800397592534,43.98755415704426,0.0,0.0
802,24.421086133974534,46.4290405120651,416.806884765625,2405.4800397588165,2.4054800397588165,43.98755413665867,-0.5896199545129737,-30.524449798684874
803,24.42110485043232,46.42905387658628,416.806884765625,2408.4800397590493,2.4084800397590493,43.987554148392405,0.0,0.0
804,24.421123566890106,46.42906724110417,416.806884765625,2411.4800397586123,2.4114800397586125,43.98755413773745,0.0,0.0
805,24.421142283347894,46.4290806056188,416.806884765625,2414.4800397591684,2.4144800397591686,43.9875541650469,0.0,0.0
806,24.42116099980568,46.42909397013014,416.806884765625,2417.4800397594013,2.4174800397594014,43.98755412713825,0.0,0.0
807,24.421179716263467,46.42910733463821,416.806884765625,2420.4800397589643,2.420480039758964,43.98755414958282,0.0,0.0
808,24.42119843272125,46.429120699143,416.806884765625,2423.480039759197,2.423480039759197,43.987554148658944,0.0,0.0
809,24.421217149179043,46.42913406364451,416.806884765625,2426.4800397590834,2.4264800397590833,43.98755412340921,0.0,0.0
810,24.421235865636827,46.429147428142755,416.806884765625,2429.4800397593162,2.429480039759316,43.9875541760253,0.0,0.0
811,24.421254582094612,46.4291607926377,417.317626953125,2432.4800397588792,2.4324800397588793,43.98755413325216,0.1702473958581334,9.661821347670006
812,24.4212732985524,46.42917415712939,417.317626953125,2435.480039759112,2.435480039759112,43.9875541683449,0.0,0.0
813,24.42129201501019,46.42918752161779,417.317626953125,2438.4800397589984,2.4384800397589985,43.98755414309585,0.0,0.0
814,24.421310731467976,46.42920088610292,417.317626953125,2441.480039759231,2.4414800397592313,43.987554141204384,0.0,0.0
815,24.42132944792576,46.42921425058477,417.317626953125,2444.480039758794,2.444480039758794,35.16935512000305,0.0,0.0
816,24.421344809629044,46.429229277163785,417.317626953125,2447.4489131275554,2.4474489131275554,27.431052987773455,0.0,0.0
817,24.42135722473153,46.42924576362044,417.317626953125,2450.4489131274413,2.4504489131274414,27.431052991406375,0.0,0.0
818,24.42136963983402,46.42926225007212,417.317626953125,2453.448913127542,2.453448913127542,27.431052998150108,0.0,0.0
819,24.4213820549365,46.429278736518796,417.317626953125,2456.4489131274277,2.456448913127428,17.113620241758213,0.0,0.0
820,24.421389881921403,46.429296257583076,417.317626953125,2459.4098101200884,2.4594098101200883,8.801847453522328,0.0,0.0
821,24.421394005666276,46.42931461372372,416.2498779296875,2462.40981012011,2.4624098101201097,8.801847454751226,-0.3559163411432977,-19.59147523956578
822,24.421398129411156,46.429332969858194,416.2498779296875,2465.409810120131,2.465409810120131,348.8395079586494,0.0,0.0
823,24.42139298477017,46.429350943179735,416.2498779296875,2468.3686081845713,2.468368608184571,344.3395885797411,0.0,0.0
824,24.421385710161267,46.42936882852255,416.2498779296875,2471.368608184744,2.471368608184744,339.8604133737198,0.0,0.0
825,24.421376446158767,46.42938623960489,416.2498779296875,2474.3637826590757,2.4743637826590756,337.5022859818166,0.0,0.0
826,24.42136613403924,46.429403400819524,416.2498779296875,2477.3637826594572,2.4773637826594572,336.4869035446876,0.0,0.0
827,24.421355411369227,46.42942038735799,416.2498779296875,2480.355676431288,2.480355676431288,319.1257717181138,0.0,0.0
828,24.42133777562072,46.429434432688346,416.2498779296875,2483.3556764318064,2.4833556764318065,319.1257717420665,0.0,0.0
829,24.42132013987222,46.42944847801508,416.2498779296875,2486.355676431316,2.4863556764313164,319.1257717249992,0.0,0.0
830,24.42130250412371,46.429462523338195,416.2498779296875,2489.3556764318346,2.4893556764318348,319.1257717168508,0.0,0.0
831,24.421284868375203,46.42947656865769,416.2498779296875,2492.355676431649,2.4923556764316492,319.1257717215425,0.0,0.0
832,24.4212672326267,46.429490613973556,416.2498779296875,2495.355676431159,2.4953556764311586,319.1257717352683,0.0,0.0
833,24.421249596878194,46.42950465928582,415.59521484375,2498.3556764316772,2.4983556764316774,319.12577172842646,-0.21822102860812387,-12.310160306263217
834,24.42123196112969,46.42951870459446,415.59521484375,2501.3556764314917,2.5013556764314915,321.0866237381755,0.0,0.0
835,24.42121503565404,46.429533155297136,415.59521484375,2504.355200257941,2.504355200257941,321.61807510791067,0.0,0.0
836,24.42119830271906,46.429547715891104,415.59521484375,2507.3552002578435,2.5073552002578436,321.6180750909909,0.0,0.0
837,24.42118156978407,46.429562276481185,415.59521484375,2510.3552002580354,2.5103552002580356,321.6180751005742,0.0,0.0
838,24.42116483684909,46.42957683706737,415.59521484375,2513.355200257938,2.513355200257938,321.61807509583696,0.0,0.0
839,24.421148103914106,46.42959139764967,414.47882080078125,2516.355200257841,2.516355200257841,336.0093688514607,-0.37213134766832145,-20.411811590777912
840,24.421137309965584,46.429608114794625,414.47882080078125,2519.310474058902,2.519310474058902,342.81803967007255,0.0,0.0
841,24.42112934889847,46.42962586061084,414.47882080078125,2522.310474058706,2.522310474058706,342.8180396868308,0.0,0.0
842,24.42112138783136,46.429643606421294,414.47882080078125,2525.31047405851,2.52531047405851,358.9410911377977,0.0,0.0
843,24.421120893916996,46.4296620242994,414.47882080078125,2528.285642556049,2.528285642556049,2.3023888606208516,0.0,0.0
844,24.42112197656997,46.429680584068564,414.47882080078125,2531.2856425556197,2.53128564255562,2.302388866975548,0.0,0.0
845,24.421123059222946,46.429699143831414,414.47882080078125,2534.285642556121,2.534285642556121,2.3023888689385217,0.0,0.0
846,24.421124141875925,46.429717703587926,414.47882080078125,2537.2856425556915,2.5372856425556916,22.43765121832064,0.0,0.0
847,24.42113439228206,46.42973481270767,414.47882080078125,2540.275257534682,2.5402752575346823,23.556677733724598,0.0,0.0
848,24.42114516279765,46.42975183952418,414.47882080078125,2543.2752575345944,2.5432752575345945,23.55667772125622,0.0,0.0
849,24.421155933313248,46.42976886633538,414.47882080078125,2546.2752575346926,2.5462752575346927,23.556677737243774,0.0,0.0
850,24.421166703828842,46.42978589314125,414.47882080078125,2549.275257534605,2.549275257534605,23.556677717943103,0.0,0.0
851,24.421177474344432,46.42980291994181,414.47882080078125,2552.275257534517,2.552275257534517,23.5566777351994,0.0,0.0
852,24.42118824486003,46.42981994673705,414.47882080078125,2555.2752575346153,2.5552752575346154,24.594046601585433,0.0,0.0
853,24.421199457366335,46.42983683108019,414.47882080078125,2558.2743237116483,2.5582743237116485,26.564190612169455,0.0,0.0
854,24.421211509170373,46.429853444925484,414.47882080078125,2561.2743237122972,2.5612743237122975,26.56419061564145,0.0,0.0
855,24.42122356097441,46.429870058765715,412.868896484375,2564.2743237119053,2.5642743237119054,26.564190597176662,-0.5366414388722031,-28.219850312953575
856,24.42123561277845,46.429886672600894,412.868896484375,2567.2743237115133,2.5672743237115134,26.564190625907543,0.0,0.0
857,24.421247664582495,46.429903286431,412.868896484375,2570.274323712162,2.5702743237121624,26.564190604121677,0.0,0.0
858,24.421259716386533,46.429919900256046,413.5271911621094,2573.27432371177,2.5732743237117703,26.564190622417414,0.2194315592734635,12.376349148553327
859,24.42127176819057,46.42993651407602,413.5271911621094,2576.274323712419,2.5762743237124193,26.56419061106743,0.0,0.0
860,24.42128381999461,46.42995312789093,413.5271911621094,2579.274323712027,2.5792743237120273,26.56419061454062,0.0,0.0
861,24.421295871798648,46.42996974170078,413.5271911621094,2582.274323711635,2.5822743237116352,26.564190610900027,0.0,0.0
862,24.42130792360269,46.42998635550557,413.5271911621094,2585.274323712284,2.585274323712284,26.56419061710028,0.0,0.0
863,24.42131997540673,46.43000296930529,413.5271911621094,2588.274323711892,2.588274323711892,26.56419061179929,0.0,0.0
864,24.421332027210767,46.43001958309995,413.5271911621094,2591.2743237123327,2.591274323712333,26.5641906202556,0.0,0.0
865,24.421344079014812,46.430036196889546,413.5271911621094,2594.274323712149,2.594274323712149,26.564190621474154,0.0,0.0
866,24.421356130818847,46.43005281067406,413.5271911621094,2597.274323711757,2.597274323711757,26.564190604672376,0.0,0.0
867,24.421368182622885,46.430069424453535,413.5271911621094,2600.2743237121977,2.6002743237121977,26.56419061858253,0.0,0.0
868,24.421380234426927,46.430086038227934,413.5271911621094,2603.274323712014,2.603274323712014,26.564190607234423,0.0,0.0
869,24.421392286230965,46.430102651997274,413.5271911621094,2606.274323711622,2.606274323711622,26.564190601934627,0.0,0.0
870,24.421404338035003,46.430119265761554,413.5271911621094,2609.2743237120626,2.6092743237120626,26.56419063505581,0.0,0.0
871,24.421416389839045,46.430135879520755,413.5271911621094,2612.274323711879,2.612274323711879,26.564190604497924,0.0,0.0
872,24.421428441643084,46.4301524932749,412.0777587890625,2615.2743237123195,2.6152743237123195,26.56419062718396,-0.48314412427799247,-25.787237919349824
873,24.421440493447125,46.43016910702398,412.0777587890625,2618.274323712136,2.6182743237121358,26.564190607062017,0.0,0.0
874,24.421452545251164,46.430185720768,412.0777587890625,2621.274323711744,2.6212743237117437,26.564190606150646,0.0,0.0
875,24.421464597055202,46.43020233450695,412.0777587890625,2624.2743237121845,2.6242743237121844,26.56419062883731,0.0,0.0
876,24.421476648859244,46.430218948240835,412.0777587890625,2627.2743237120008,2.6272743237120006,26.564190601601865,0.0,0.0
877,24.421488700663282,46.43023556196967,412.0777587890625,2630.2743237124414,2.6302743237124413,26.803956700088804,0.0,0.0
878,24.421500853056557,46.43025214054844,412.0777587890625,2633.274280441109,2.633274280441109,27.198928391527147,0.0,0.0
879,24.421513171151744,46.43026866122741,412.0777587890625,2636.274280440701,2.636274280440701,27.19892837912647,0.0,0.0
880,24.421525489246932,46.430285181901375,412.0777587890625,2639.274280440909,2.639274280440909,27.198928392207677,0.0,0.0
881,24.421537807342123,46.43030170257033,414.0517578125,2642.274280440501,2.642274280440501,27.198928387351657,0.6579996745686345,33.344903390732625
882,24.421550125437314,46.43031822323428,414.0517578125,2645.2742804409218,2.6452742804409217,27.19892838239042,0.0,0.0
883,24.4215624435325,46.43033474389322,414.0517578125,2648.274280440514,2.6482742804405137,27.19892837753474,0.0,0.0
884,24.421574761627692,46.43035126454716,414.0517578125,2651.2742804409345,2.6512742804409344,27.198928399585498,0.0,0.0
885,24.421587079722883,46.43036778519608,414.0517578125,2654.2742804405266,2.6542742804405264,27.198928372203056,0.0,0.0
886,24.42159939781807,46.43038430584001,414.0517578125,2657.274280440947,2.657274280440947,27.198928398738587,0.0,0.0
887,24.42161171591326,46.430400826478916,414.0517578125,2660.2742804405393,2.6602742804405395,27.198928363917673,0.0,0.0
888,24.42162403400845,46.43041734711283,411.84710693359375,2663.274280440747,2.663274280440747,27.198928385969282,-0.7348836262511756,-36.311557124689294
889,24.421636352103636,46.430433867741726,411.84710693359375,2666.274280441168,2.6662742804411677,27.198928410975554,0.0,0.0
890,24.421648670198827,46.4304503883656,411.84710693359375,2669.27428044076,2.6692742804407597,27.198928368716395,0.0,0.0
891,24.42166098829402,46.4304669089845,411.84710693359375,2672.2742804411805,2.6722742804411803,27.198928393723065,0.0,0.0
892,24.421673306389206,46.43048342959837,411.84710693359375,2675.2742804407726,2.6752742804407728,27.198928378370567,0.0,0.0
893,24.421685624484397,46.430499950207235,411.84710693359375,2678.2742804411932,2.6782742804411934,27.19892839889326,0.0,0.0
894,24.421697942579588,46.43051647081109,411.84710693359375,2681.2742804407853,2.6812742804407854,27.198928392509913,0.0,0.0
895,24.421710260674775,46.43053299140994,411.84710693359375,2684.274280440993,2.6842742804409934,27.198928380112477,0.0,0.0
896,24.421722578769963,46.430549512003786,411.84710693359375,2687.2742804405852,2.6872742804405854,27.198928379743847,0.0,0.0
897,24.421734896865154,46.43056603259263,411.84710693359375,2690.274280441006,2.690274280441006,27.198928410766086,0.0,0.0
898,24.421747214960345,46.43058255317645,411.84710693359375,2693.274280440598,2.693274280440598,27.19892836096426,0.0,0.0
899,24.421759533055532,46.430599073755275,411.84710693359375,2696.2742804410186,2.6962742804410187,27.198928396471274,0.0,0.0
900,24.421771851150723,46.43061559432909,411.84710693359375,2699.2742804406107,2.6992742804406107,27.19892840507225,0.0,0.0
901,24.421784169245914,46.43063211489789,411.84710693359375,2702.2742804410314,2.7022742804410314,27.198928376163053,0.0,0.0
902,24.421796487341098,46.43064863546169,411.84710693359375,2705.2742804404106,2.7052742804404106,27.198928386294256,0.0,0.0
903,24.42180880543629,46.43066515602048,414.3366394042969,2708.2742804408313,2.7082742804408313,27.198928375428352,0.829844156784686,39.68738577877069
904,24.42182112353148,46.430681676574274,414.3366394042969,2711.2742804404234,2.7112742804404233,27.198928395953374,0.0,0.0
905,24.421833441626667,46.43069819712304,412.1511535644531,2714.274280440844,2.714274280440844,24.314372374850734,-0.7284952798457716,-36.0731613393663
906,24.4218445162897,46.43071509105133,412.1511535644531,2717.2684436860022,2.7172684436860024,19.884809091978013,0.0,0.0
907,24.421853682616916,46.43073255801956,412.1511535644531,2720.2684436855748,2.720268443685575,19.884809082344702,0.0,0.0
908,24.421862848944134,46.43075002498219,412.1511535644531,2723.2684436861814,2.7232684436861816,19.884809095440232,0.0,0.0
909,24.42187201527135,46.430767491939214,412.1511535644531,2726.268443685912,2.726268443685912,19.884809072459234,0.0,0.0
910,24.421881181598568,46.430784958890655,412.1511535644531,2729.268443685643,2.729268443685643,19.884809082533252,0.0,0.0
911,24.421890347925785,46.43080242583649,412.1511535644531,2732.268443686091,2.732268443686091,19.884809092292357,0.0,0.0
912,24.421899514253003,46.43081989277673,412.1511535644531,2735.2684436858217,2.735268443685822,19.88480909204054,0.0,0.0
913,24.421908680580223,46.430837359711376,412.1511535644531,2738.2684436855525,2.7382684436855524,19.88480908272345,0.0,0.0
914,24.42191784690744,46.43085482664042,412.1511535644531,2741.268443686159,2.741268443686159,19.884809079765375,0.0,0.0
915,24.421927013234654,46.43087229356386,412.1511535644531,2744.2684436857317,2.7442684436857316,12.287926103717211,0.0,0.0
916,24.421932711710713,46.430890325212765,412.1511535644531,2747.2490750503916,2.7472490750503917,6.702701330116497,0.0,0.0
917,24.421935857186345,46.43090877260543,412.1511535644531,2750.249075051031,2.750249075051031,6.7027013378462925,0.0,0.0
918,24.42193900266198,46.430927219991844,412.1511535644531,2753.2490750507454,2.7532490750507455,6.702701314132526,0.0,0.0
919,24.421942148137607,46.43094566737202,412.1511535644531,2756.2490750504057,2.756249075050406,6.702701339874466,0.0,0.0
920,24.42194529361324,46.43096411474595,412.1511535644531,2759.249075051045,2.759249075051045,6.702701339743555,0.0,0.0
921,24.421948439088876,46.43098256211363,410.9138488769531,2762.2490750507595,2.7622490750507596,6.70270133617737,-0.4124348958725946,-22.412959633843183
922,24.42195158456451,46.43100100947507,410.9138488769531,2765.249075050474,2.765249075050474,1.8100510837454635,0.0,0.0
923,24.42195243577756,46.43101957418142,410.9138488769531,2768.2490211447616,2.7682490211447615,1.7859527883339865,0.0,0.0
924,24.42195327567668,46.43103813946014,410.9138488769531,2771.2490211447766,2.7712490211447767,1.785952773809413,0.0,0.0
925,24.4219541155758,46.43105670473255,410.9138488769531,2774.249021144777,2.7742490211447772,1.7859527746368826,0.0,0.0
926,24.42195495547492,46.43107526999862,410.9138488769531,2777.2490211447775,2.7772490211447773,1.785952767176866,0.0,0.0
927,24.421955795374036,46.43109383525837,410.9138488769531,2780.249021144778,2.780249021144778,0.46813788852972493,0.0,0.0
928,24.42195601541371,46.431112396283034,410.9138488769531,2783.246980900469,2.7832469809004694,357.0798235885229,0.0,0.0
929,24.42195464248326,46.43113094643385,410.9138488769531,2786.246980900122,2.786246980900122,357.07982360255977,0.0,0.0
930,24.42195326955282,46.43114949657837,410.9138488769531,2789.2469808997744,2.789246980899774,357.07982358433,0.0,0.0
931,24.42195189662237,46.43116804671657,410.9138488769531,2792.246980900357,2.792246980900357,357.0798235973671,0.0,0.0
932,24.421950523691926,46.43118659684846,410.9138488769531,2795.2469809000095,2.7952469809000093,357.0798235948985,0.0,0.0
933,24.42194915076148,46.43120514697404,410.9138488769531,2798.246980899662,2.798246980899662,357.07982358967524,0.0,0.0
934,24.421947777831036,46.431223697093294,410.9138488769531,2801.2469809002446,2.8012469809002445,357.07982359020554,0.0,0.0
935,24.421946404900588,46.43124224720625,410.9138488769531,2804.246980899897,2.8042469808998973,357.07982360274275,0.0,0.0
936,24.421945031970147,46.43126079731288,409.923095703125,2807.2469809004797,2.8072469809004796,357.07982358301325,-0.3302510578785811,-18.27586088815794
937,24.421943659039698,46.431279347413195,409.923095703125,2810.2469809001323,2.8102469809001325,357.07982358979683,0.0,0.0
938,24.42194228610925,46.4312978975072,409.923095703125,2813.246980899785,2.813246980899785,357.07982360483305,0.0,0.0
939,24.42194091317881,46.4313164475949,409.923095703125,2816.2469809003674,2.816246980900367,357.07982358110496,0.0,0.0
940,24.42193954024836,46.43133499767628,409.923095703125,2819.24698090002,2.81924698090002,357.0798235971408,0.0,0.0
941,24.421938167317915,46.43135354775134,409.923095703125,2822.2469808996725,2.8222469808996724,357.07982359667113,0.0,0.0
942,24.42193679438747,46.431372097820095,409.923095703125,2825.246980900255,2.825246980900255,357.07982358994815,0.0,0.0
943,24.421935421457025,46.43139064788254,409.923095703125,2828.2469808999076,2.8282469808999076,357.0798235889786,0.0,0.0
944,24.421934048526577,46.431409197938656,409.923095703125,2831.24698089956,2.8312469808995604,357.079823595762,0.0,0.0
945,24.421932675596132,46.431427747988465,409.923095703125,2834.2469809001427,2.8342469809001427,357.07982359053835,0.0,0.0
946,24.421931302665687,46.431446298031965,409.923095703125,2837.2469808997953,2.837246980899795,357.0798235973216,0.0,0.0
947,24.421929929735242,46.431464848069155,409.923095703125,2840.246980900378,2.840246980900378,357.07982358909896,0.0,0.0
948,24.421928556804794,46.43148339810002,409.923095703125,2843.2469809000304,2.8432469809000303,357.07982358962875,0.0,0.0
949,24.42192718387435,46.43150194812458,409.923095703125,2846.246980899683,2.846246980899683,357.07982359741163,0.0,0.0
950,24.421925810943904,46.431520498142824,409.923095703125,2849.2469809002655,2.8492469809002654,357.079823588689,0.0,0.0
951,24.421924438013455,46.431539048154754,409.3985290527344,2852.246980899918,2.8522469808999182,357.0798235964718,-0.17485555015045817,-9.918214875064107
952,24.421923065083014,46.43155759816037,409.3985290527344,2855.2469808995706,2.8552469808995706,357.0798235922476,0.0,0.0
953,24.421921692152566,46.43157614815968,409.3985290527344,2858.246980900153,2.8582469809001534,356.3154900978661,0.0,0.0
954,24.421919960468927,46.43159468220254,409.3985290527344,2861.246709505072,2.861246709505072,355.5383850908977,0.0,0.0
955,24.42191786403793,46.43161320002246,409.3985290527344,2864.2467095047205,2.8642467095047204,355.538385081369,0.0,0.0
956,24.421915767606926,46.431631717836105,409.3985290527344,2867.2467095044053,2.867246709504405,355.53838509117406,0.0,0.0
957,24.42191367117593,46.43165023564345,409.3985290527344,2870.2467095049824,2.870246709504982,355.53838507935563,0.0,0.0
958,24.421911574744925,46.43166875344451,409.3985290527344,2873.2467095046673,2.8732467095046674,355.5383850847088,0.0,0.0
959,24.421909478313925,46.43168727123927,409.3985290527344,2876.246709504352,2.8762467095043522,355.5383850863733,0.0,0.0
960,24.421907381882924,46.431705789027745,409.3985290527344,2879.246709504929,2.8792467095049292,355.53838508498484,0.0,0.0
961,24.421905285451924,46.431724306809926,409.3985290527344,2882.246709504614,2.882246709504614,355.5383850799077,0.0,0.0
962,24.42190318902092,46.43174282458582,409.3985290527344,2885.246709505191,2.885246709505191,355.5383850860239,0.0,0.0
963,24.42190109258992,46.431761342355415,409.3985290527344,2888.246709504876,2.888246709504876,355.53838508310884,0.0,0.0
964,24.42189899615892,46.431779860118716,409.3985290527344,2891.2467095045245,2.8912467095045247,355.53838508553633,0.0,0.0
965,24.42189689972792,46.43179837787573,409.3985290527344,2894.2467095051375,2.8942467095051376,355.5383850864373,0.0,0.0
966,24.42189480329692,46.431816895626454,408.4190673828125,2897.246709504786,2.897246709504786,355.5383850835221,-0.32648722334554725,-18.08119887783145
967,24.42189270686592,46.431835413370884,408.4190673828125,2900.246709504471,2.900246709504471,355.5383850890023,0.0,0.0
968,24.421890610434918,46.43185393110903,408.4190673828125,2903.246709505048,2.903246709505048,355.53838508150767,0.0,0.0
969,24.421888514003918,46.43187244884086,408.4190673828125,2906.2467095047327,2.9062467095047326,355.53838508546136,0.0,0.0
970,24.421886417572917,46.43189096656642,408.4190673828125,2909.246709504381,2.909246709504381,355.5383850886517,0.0,0.0
971,24.421884321141917,46.43190948428569,408.4190673828125,2912.246709504994,2.9122467095049944,355.5383850767051,0.0,0.0
972,24.421882224710913,46.431928001998656,408.4190673828125,2915.246709504679,2.9152467095046792,355.5383850858737,0.0,0.0
973,24.421880128279913,46.431946519705335,408.4190673828125,2918.2467095043276,2.9182467095043276,355.53838508524785,0.0,0.0
974,24.421878031848912,46.43196503740573,408.4190673828125,2921.2467095049406,2.9212467095049406,355.5383850869116,0.0,0.0
975,24.421875935417912,46.431983555099826,408.4190673828125,2924.246709504589,2.924246709504589,355.53838507801765,0.0,0.0
976,24.421873838986908,46.43200207278763,408.4190673828125,2927.246709505202,2.927246709505202,358.04785561452917,0.0,0.0
977,24.421872922517384,46.432020604483895,408.4190673828125,2930.241620298476,2.930241620298476,2.487044052316776,0.0,0.0
978,24.421874091948307,46.43203916094872,408.4190673828125,2933.2416202984764,2.9332416202984763,2.4870440533914007,0.0,0.0
979,24.421875261379228,46.43205771740722,408.4190673828125,2936.241620298477,2.936241620298477,2.4870440514858387,0.0,0.0
980,24.42187643081015,46.432076273859415,408.4190673828125,2939.2416202984773,2.9392416202984775,2.487044060167648,0.0,0.0
981,24.421877600241075,46.43209483030528,407.3963623046875,2942.2416202984778,2.9422416202984776,2.487044059113657,-0.34090169270828163,-18.824330266025676
982,24.421878769672002,46.43211338674484,407.3963623046875,2945.241620298498,2.945241620298498,2.4870440530070255,0.0,0.0
983,24.421879939102922,46.43213194317807,407.3963623046875,2948.2416202984987,2.9482416202984987,2.4870440536560636,0.0,0.0
984,24.421881108533846,46.43215049960498,407.3963623046875,2951.241620298499,2.9512416202984992,2.4870440521764294,0.0,0.0
985,24.421882277964766,46.43216905602558,407.3963623046875,2954.2416202984996,2.9542416202985,3.651961757656636,0.0,0.0
986,24.42188399368741,46.43218758315027,407.3963623046875,2957.2401526136227,2.9572401526136227,6.409356697511953,0.0,0.0
987,24.421887002088802,46.43220604096131,407.3963623046875,2960.2401526131766,2.9602401526131765,6.4093567126801645,0.0,0.0
988,24.421890010490202,46.432224498766104,407.3963623046875,2963.240152613708,2.9632401526137078,6.409356717842911,0.0,0.0
989,24.421893018891602,46.43224295656464,407.3963623046875,2966.2401526133135,2.9662401526133135,6.409356707227516,0.0,0.0
990,24.421896027293,46.43226141435692,407.3963623046875,2969.2401526129192,2.9692401526129193,6.409356708009511,0.0,0.0
991,24.4218990356944,46.43227987214297,407.3963623046875,2972.2401526134504,2.9722401526134505,6.40935669410851,0.0,0.0
992,24.42190204409579,46.43229832992276,407.3963623046875,2975.2401526130043,2.9752401526130043,20.627705770448244,0.0,0.0
993,24.42191151123183,46.4323156635611,407.3963623046875,2978.2316195753374,2.9782316195753373,21.936197008890247,0.0,0.0
994,24.421921578847073,46.432332892681266,407.3963623046875,2981.23161957538,2.98123161957538,21.936197007160217,0.0,0.0
995,24.42193164646232,46.432350121795984,407.3963623046875,2984.231619575423,2.984231619575423,21.93619700909568,0.0,0.0
996,24.421941714077562,46.43236735090525,406.7349548339844,2987.2316195754656,2.9872316195754656,21.932526203191003,-0.22046915689790025,-12.433055748167426
997,24.42195178009101,46.43238458045326,406.7349548339844,2990.2316195184453,2.9902316195184455,21.898551512426366,0.0,0.0
998,24.42196183127923,46.4324018141069,406.7349548339844,2993.2316195176372,2.9932316195176374,21.898551508956416,0.0,0.0
999,24.421971882467457,46.432419047755104,406.7349548339844,2996.231619517693,2.996231619517693,21.89855151332347,0.0,0.0
1000,24.42198193365568,46.43243628139785,406.7349548339844,2999.231619517749,2.999231619517749,21.89855153808344,0.0,0.0
1001,24.42199198484391,46.432453515035135,406.7349548339844,3002.2316195179787,3.002231619517979,25.483861628184172,0.0,0.0
1002,24.42200354474655,46.43247023070958,406.7349548339844,3005.222489451644,3.005222489451644,31.05928421684081,0.0,0.0
1003,24.422017448640265,46.432486141662544,406.7349548339844,3008.222489451608,3.008222489451608,31.059284220265113,0.0,0.0
1004,24.42203135253398,46.43250205261086,406.7349548339844,3011.222489451572,3.0112224894515722,31.059284191126267,0.0,0.0
1005,24.422045256427694,46.43251796355454,406.7349548339844,3014.2224894523342,3.0142224894523344,31.059284219860274,0.0,0.0
1006,24.42205916032141,46.432533874493565,406.7349548339844,3017.2224894522983,3.017222489452298,31.05928422255448,0.0,0.0
1007,24.422073064215123,46.432549785427945,406.7349548339844,3020.2224894522624,3.0202224894522622,31.05928423104143,0.0,0.0
1008,24.422086968108843,46.43256569635767,406.9877014160156,3023.2224894522265,3.0232224894522264,34.39116648752292,0.08424886067809222,4.815731818001046
1009,24.422102166086496,46.43258099912955,406.9877014160156,3026.217729763715,3.0262177297637147,37.51837718140109,0.0,0.0
1010,24.42211857873637,46.4325957310635,406.9877014160156,3029.2177297635376,3.0292177297635376,37.518377198430585,0.0,0.0
1011,24.422134991386248,46.43261046299347,406.9877014160156,3032.2177297640987,3.0322177297640986,37.51837718619606,0.0,0.0
1012,24.422151404036125,46.43262519491947,406.9877014160156,3035.2177297639214,3.0352177297639216,37.51837718591224,0.0,0.0
1013,24.422167816686002,46.43263992684148,405.7162170410156,3038.217729763744,3.038217729763744,37.51837721672848,-0.4238281250250555,-22.968596885563795
1014,24.422184229335876,46.432654658759496,405.7162170410156,3041.2177297635667,3.0412177297635665,37.5183771740065,0.0,0.0
1015,24.42220064198575,46.432669390673546,405.7162170410156,3044.217729764128,3.044217729764128,44.55052599407014,0.0,0.0
1016,24.422219479189987,46.43268257870134,405.7162170410156,3047.2068020957327,3.0472068020957326,47.95234951414176,0.0,0.0
1017,24.422239491538956,46.43269501842977,405.7162170410156,3050.206802095767,3.0502068020957673,47.95234954242733,0.0,0.0
1018,24.422259503887926,46.43270745815535,405.7162170410156,3053.206802095456,3.053206802095456,47.95234950336942,0.0,0.0
1019,24.422279516236895,46.43271989787811,405.7162170410156,3056.2068020954907,3.056206802095491,47.95234955351259,0.0,0.0
1020,24.422299528585864,46.43273233759801,405.7162170410156,3059.2068020955253,3.059206802095525,47.95234952174064,0.0,0.0
1021,24.422319540934833,46.43274477731509,405.7162170410156,3062.206802095838,3.062206802095838,47.95234952816958,0.0,0.0
1022,24.422339553283802,46.43275721702932,405.7162170410156,3065.2068020958727,3.0652068020958727,47.95234950368365,0.0,0.0
1023,24.42235956563277,46.43276965674072,405.7162170410156,3068.2068020955617,3.0682068020955615,47.95234953925592,0.0,0.0
1024,24.42237957798174,46.432782096449266,405.5066223144531,3071.2068020955962,3.0712068020955963,47.95234952934186,-0.0698649088533618,-3.996470457534013
1025,24.42239959033071,46.43279453615498,405.5066223144531,3074.206802095285,3.074206802095285,47.952349492056726,0.0,0.0
1026,24.42241960267968,46.432806975857865,405.5066223144531,3077.2068020959437,3.0772068020959438,47.952349540429054,0.0,0.0
1027,24.422439615028647,46.432819415557894,405.5066223144531,3080.2068020956326,3.0802068020956326,47.95234952500152,0.0,0.0
1028,24.422459627377616,46.43283185525509,405.5066223144531,3083.206802095667,3.0832068020956673,47.9523495296595,0.0,0.0
1029,24.422479639726586,46.43284429494944,405.5066223144531,3086.206802095356,3.086206802095356,47.95234952880378,0.0,0.0
1030,24.422499652075555,46.43285673464096,405.5066223144531,3089.2068020953907,3.089206802095391,47.95234950156208,0.0,0.0
1031,24.422519664424527,46.432869174329646,405.5066223144531,3092.206802096049,3.092206802096049,47.95234952079204,0.0,0.0
1032,24.422539676773493,46.432881614015486,405.5066223144531,3095.206802095738,3.095206802095738,47.95234951265098,0.0,0.0
1033,24.422559689122465,46.43289405369849,405.5066223144531,3098.2068020957727,3.0982068020957727,47.95234953916702,0.0,0.0
1034,24.42257970147143,46.432906493378646,405.5066223144531,3101.2068020954616,3.1012068020954615,47.952349545597826,0.0,0.0
1035,24.422599713820404,46.43291893305596,404.47894287109375,3104.206802095496,3.1042068020954963,47.952349506542134,-0.3425598144491786,-18.909399280661926
1036,24.42261972616937,46.43293137273045,404.47894287109375,3107.206802095809,3.107206802095809,47.952349527544754,0.0,0.0
1037,24.422639738518342,46.43294381240209,404.0670471191406,3110.2068020958436,3.1102068020958438,47.95234953220404,-0.1372985839827933,-7.817750049705772
1038,24.422659750867307,46.43295625207089,404.0670471191406,3113.2068020955326,3.1132068020955326,47.95234953863536,0.0,0.0
1039,24.42267976321628,46.432968691736846,404.0670471191406,3116.206802095567,3.1162068020955673,47.95234951139486,0.0,0.0
1040,24.42269977556525,46.43298113139997,404.0670471191406,3119.2068020956017,3.1192068020956016,47.95234950148301,0.0,0.0
1041,24.422719787914218,46.432993571060265,404.0670471191406,3122.2068020959146,3.1222068020959144,47.952349515200524,0.0,0.0
1042,24.422739800263187,46.43300601071771,404.0670471191406,3125.206802095949,3.125206802095949,47.95234954171792,0.0,0.0
1043,24.422759812612156,46.43301845037231,404.0670471191406,3128.206802095638,3.128206802095638,47.9523495335784,0.0,0.0
1044,24.422779824961125,46.43303089002408,404.0670471191406,3131.2068020956726,3.1312068020956727,47.952349530952915,0.0,0.0
1045,24.422799837310095,46.433043329673,404.0670471191406,3134.2068020953616,3.1342068020953615,47.95234952281362,0.0,0.0
1046,24.422819849659064,46.43305576931909,404.0670471191406,3137.206802095396,3.1372068020953963,47.95234950561678,0.0,0.0
1047,24.422839862008033,46.43306820896234,404.0670471191406,3140.206802095709,3.140206802095709,47.95234954119263,0.0,0.0
1048,24.422859874357002,46.43308064860275,404.0670471191406,3143.2068020957436,3.1432068020957438,47.952349533053734,0.0,0.0
1049,24.422879886705974,46.43309308824031,404.0670471191406,3146.206802095778,3.146206802095778,47.95234951408548,0.0,0.0
1050,24.42289989905494,46.43310552787504,404.0670471191406,3149.206802095467,3.149206802095467,47.95234954414781,0.0,0.0
1051,24.422919911403913,46.43311796750693,403.86907958984375,3152.2068020955016,3.1522068020955016,47.95234949603662,-0.06598917643153146,-3.775427529298012
1052,24.422939923752878,46.43313040713599,403.86907958984375,3155.2068020958145,3.1552068020958144,47.952349526099226,0.0,0.0
1053,24.42295993610185,46.4331428467622,403.86907958984375,3158.206802095849,3.158206802095849,47.95234953627471,0.0,0.0
1054,24.422979948450816,46.43315528638556,403.86907958984375,3161.206802095538,3.161206802095538,47.95234952990859,0.0,0.0
1055,24.42299996079979,46.4331677260061,403.86907958984375,3164.2068020955726,3.1642068020955727,47.95234952551277,0.0,0.0
1056,24.423019973148755,46.43318016562379,403.86907958984375,3167.2068020952615,3.1672068020952615,47.95234949728945,0.0,0.0
1057,24.423039985497727,46.43319260523865,403.86907958984375,3170.20680209592,3.17020680209592,47.952349522037196,0.0,0.0
1058,24.423059997846693,46.433205044850666,402.3848571777344,3173.206802095609,3.173206802095609,47.952349537529074,-0.4947408040877542,-26.323480635245613
1059,24.423080010195665,46.43321748445984,402.3848571777344,3176.2068020956435,3.1762068020956433,47.952349527619845,0.0,0.0
1060,24.423100022544638,46.433229924066175,402.3848571777344,3179.206802095678,3.179206802095678,47.952349510424995,0.0,0.0
1061,24.423120034893604,46.43324236366967,402.3848571777344,3182.206802095367,3.182206802095367,47.952349538717044,0.0,0.0
1062,24.423140047242576,46.43325480327033,402.3848571777344,3185.2068020960255,3.1852068020960256,47.95234951423663,0.0,0.0
1063,24.42316005959154,46.43326724286815,402.3848571777344,3188.2068020957145,3.1882068020957144,48.07567457439825,0.0,0.0
1064,24.423180110537373,46.433279652619056,402.3848571777344,3191.206771169644,3.191206771169644,48.62448831146207,0.0,0.0
1065,24.423200333242114,46.43329192955885,402.4945373535156,3194.206771170047,3.194206771170047,48.62448834426016,0.03656005858883991,2.0938045020341414
1066,24.423220555946855,46.43330420649586,402.4945373535156,3197.206771169834,3.197206771169834,48.62448830343425,0.0,0.0
1067,24.423240778651596,46.43331648343012,402.4945373535156,3200.2067711696213,3.200206771169621,48.624488305206114,0.0,0.0
1068,24.423261001356334,46.43332876036162,402.4945373535156,3203.2067711700242,3.203206771170024,48.62448830276935,0.0,0.0
1069,24.423281224061075,46.43334103729034,402.4945373535156,3206.2067711698114,3.2062067711698115,48.62448832820559,0.0,0.0
1070,24.423301446765816,46.4333533142163,402.4945373535156,3209.2067711695986,3.2092067711695984,48.624488300528185,0.0,0.0
1071,24.42332166947055,46.43336559113949,402.4945373535156,3212.2067711696523,3.2122067711696523,48.624488286259805,0.0,0.0
1072,24.423341892175287,46.43337786805993,402.4945373535156,3215.2067711694394,3.2152067711694396,48.624488316166094,0.0,0.0
1073,24.423362114880028,46.43339014497759,402.4945373535156,3218.2067711692266,3.2182067711692266,48.62448829742834,0.0,0.0
1074,24.42338233758477,46.43340242189249,402.4945373535156,3221.2067711696295,3.2212067711696295,48.624488325758136,0.0,0.0
1075,24.423402560289507,46.43341469880462,402.4945373535156,3224.2067711694167,3.224206771169417,48.62448831149027,0.0,0.0
1076,24.423422782994248,46.433426975713985,402.4945373535156,3227.206771169204,3.227206771169204,48.6244882853905,0.0,0.0
1077,24.42344300569899,46.433439252620595,402.4945373535156,3230.206771169607,3.2302067711696067,48.62448831819029,0.0,0.0
1078,24.42346322840373,46.433451529524426,402.4945373535156,3233.206771169394,3.233206771169394,48.6244882920908,0.0,0.0
1079,24.42348345110847,46.4334638064255,402.46990966796875,3236.206771169797,3.236206771169797,48.62448830122679,-0.008209228514522484,-0.47034358142117144
1080,24.423503673813208,46.433476083323804,400.8668518066406,3239.206771169584,3.239206771169584,48.62448832087898,-0.5343526204806156,-28.11793548205111
1081,24.42352389651795,46.433488360219336,400.8668518066406,3242.206771169371,3.2422067711693714,48.624488282947766,0.0,0.0
1082,24.423544119222687,46.43350063711212,400.8668518066406,3245.206771169774,3.2452067711697743,48.624488342305256,0.0,0.0
1083,24.423564341927428,46.433512914002115,400.8668518066406,3248.2067711695613,3.2482067711695612,48.62448829701191,0.0,0.0
1084,24.423584564632165,46.43352519088937,400.8668518066406,3251.2067711693485,3.2512067711693486,48.624488290107706,0.0,0.0
1085,24.423604787336906,46.433537467773846,400.8668518066406,3254.2067711697514,3.2542067711697515,48.62448833763358,0.0,0.0
1086,24.423625010041647,46.43354974465555,400.8668518066406,3257.2067711695386,3.2572067711695385,48.62448832179041,0.0,0.0
1087,24.423645232746384,46.43356202153449,400.8668518066406,3260.2067711693257,3.260206771169326,48.62448827071188,0.0,0.0
1088,24.423665455451125,46.43357429841068,400.8668518066406,3263.2067711697287,3.263206771169729,46.633541759213585,0.0,0.0
1089,24.423685039744086,46.4335870473017,400.8668518066406,3266.205647247243,3.266205647247243,45.39801661227125,0.0,0.0
1090,24.423704227807722,46.433600089146694,400.8668518066406,3269.205647246603,3.269205647246603,45.39801658709348,0.0,0.0
1091,24.42372341587136,46.43361313098858,400.8668518066406,3272.205647246948,3.272205647246948,45.39801664798284,0.0,0.0
1092,24.423742603935,46.433626172827324,400.8668518066406,3275.2056472469617,3.2752056472469615,45.39801660408574,0.0,0.0
1093,24.423761791998643,46.43363921466297,401.4407653808594,3278.205647247307,3.2782056472473067,45.39801661132685,0.19130452471757353,10.830089320718557
1094,24.42378098006228,46.433652256495485,401.4407653808594,3281.2056472466666,3.2812056472466664,45.398016614092796,0.0,0.0
1095,24.42380016812592,46.433665298324875,401.4407653808594,3284.2056472470117,3.2842056472470116,45.398016593391105,0.0,0.0
1096,24.423819356189554,46.433678340151154,401.4407653808594,3287.2056472470254,3.2872056472470255,45.398016628848666,0.0,0.0
1097,24.423838544253197,46.4336913819743,401.4407653808594,3290.2056472467166,3.2902056472467165,45.398016598651,0.0,0.0
1098,24.423857732316833,46.433704423794325,401.4407653808594,3293.20564724673,3.2932056472467304,45.398016613151526,0.0,0.0
1099,24.423876920380472,46.43371746561124,401.4407653808594,3296.2056472470754,3.2962056472470755,45.39801658546463,0.0,0.0
1100,24.423896108444108,46.43373050742503,401.4407653808594,3299.205647247089,3.299205647247089,45.39801664188019,0.0,0.0
1101,24.42391529650775,46.43374354923569,401.4407653808594,3302.2056472467802,3.3022056472467805,44.112767439970355,0.0,0.0
1102,24.423934048381206,46.433756879467026,400.0879821777344,3305.204541532752,3.3052045415327522,42.22984583011123,-0.4510939946943233,-24.279849775846156
1103,24.423952161286742,46.433770632202304,400.0879821777344,3308.204541532839,3.308204541532839,42.2298457909302,0.0,0.0
1104,24.42397027419228,46.43378438493412,400.0879821777344,3311.2045415322364,3.3112045415322364,42.22984582269993,0.0,0.0
1105,24.423988387097815,46.43379813766246,400.0879821777344,3314.204541532323,3.314204541532323,42.22984582491756,0.0,0.0
1106,24.424006500003355,46.43381189038733,400.0879821777344,3317.2045415327234,3.3172045415327234,42.2298457939188,0.0,0.0
1107,24.42402461290889,46.43382564310873,400.0879821777344,3320.2045415328103,3.32020454153281,42.2298458256891,0.0,0.0
1108,24.424042725814427,46.43383939582666,401.733642578125,3323.204541532897,3.3232045415328972,42.22984580812414,0.5485534667809931,28.74712320930211
1109,24.424060838719967,46.43385314854112,401.733642578125,3326.2045415322946,3.3262045415322947,42.2298457984964,0.0,0.0
1110,24.4240789516255,46.43386690125211,401.733642578125,3329.2045415323814,3.3292045415323814,42.22984582550498,0.0,0.0
1111,24.424097064531043,46.43388065395962,401.733642578125,3332.2045415327816,3.3322045415327817,42.22984579291966,0.0,0.0
1112,24.42411517743658,46.433894406663676,401.733642578125,3335.2045415328685,3.3352045415328684,41.95572044706472,0.0,0.0
1113,24.42413319278256,46.433908217489495,401.733642578125,3338.2042283622727,3.338204228362273,39.45573351886185,0.0,0.0
1114,24.42415031867729,46.43392255824007,401.733642578125,3341.2042283628944,3.341204228362894,39.45573354072758,0.0,0.0
1115,24.424167444572024,46.433936898986865,401.733642578125,3344.2042283627966,3.3442042283627966,39.45573352721124,0.0,0.0
1116,24.42418457046675,46.43395123972987,401.733642578125,3347.2042283624032,3.3472042283624033,39.45573353457928,0.0,0.0
1117,24.424201696361482,46.43396558046912,401.733642578125,3350.2042283623055,3.3502042283623052,39.455733505551166,0.0,0.0
1118,24.424218822256215,46.4339799212046,401.733642578125,3353.204228362927,3.353204228362927,39.45573353045967,0.0,0.0
1119,24.424235948150944,46.4339942619363,401.733642578125,3356.2042283628293,3.3562042283628295,39.45573353884225,0.0,0.0
1120,24.424253074045673,46.43400860266422,401.733642578125,3359.204228362436,3.359204228362436,39.455733533740954,0.0,0.0
1121,24.424270199940405,46.43402294338838,401.733642578125,3362.204228362338,3.362204228362338,39.45573352646079,0.0,0.0
1122,24.424287325835135,46.434037284108754,400.564208984375,3365.20422836296,3.36520422836296,39.45573351816677,-0.38981119783589263,-21.29639358355712
1123,24.424304451729864,46.43405162482536,400.564208984375,3368.2042283625665,3.3682042283625666,39.45573355149031,0.0,0.0
1124,24.424321577624593,46.43406596553818,402.09051513671875,3371.2042283624687,3.3712042283624686,39.45573352768457,0.5087687174644976,26.96556822396746
1125,24.424338703519325,46.43408030624724,402.09051513671875,3374.204228362371,3.374204228362371,39.45573352562616,0.0,0.0
1126,24.424355829414058,46.43409464695253,402.09051513671875,3377.2042283629926,3.3772042283629924,39.455733531831015,0.0,0.0
1127,24.424372955308783,46.434108987654035,402.09051513671875,3380.204228362599,3.380204228362599,39.45573354964324,0.0,0.0
1128,24.424390081203516,46.43412332835176,402.09051513671875,3383.2042283625015,3.3832042283625015,39.45573351017498,0.0,0.0
1129,24.42440720709825,46.43413766904573,402.09051513671875,3386.2042283624037,3.386204228362404,39.45573351638046,0.0,0.0
1130,24.424424332992974,46.43415200973592,402.09051513671875,3389.2042283627293,3.3892042283627295,39.4557335341932,0.0,0.0
1131,24.424441458887706,46.43416635042234,402.09051513671875,3392.2042283626315,3.3922042283626315,39.45573354460606,0.0,0.0
1132,24.42445858478244,46.43418069110497,402.09051513671875,3395.2042283625337,3.395204228362534,39.45573353007882,0.0,0.0
1133,24.424475710677168,46.43419503178384,402.09051513671875,3398.204228362436,3.398204228362436,35.67096969788588,0.0,0.0
1134,24.424491419604326,46.43421011441759,402.09051513671875,3401.203063108371,3.401203063108371,34.99728436720483,0.0,0.0
1135,24.42450687613453,46.4342253292083,402.09051513671875,3404.203063108945,3.404203063108945,34.99728435851978,0.0,0.0
1136,24.424522332664733,46.43424054399476,402.09051513671875,3407.2030631087564,3.4072030631087564,34.99728438905004,0.0,0.0
1137,24.42453778919494,46.43425575877697,402.09051513671875,3410.2030631085677,3.410203063108568,34.9972843412383,0.0,0.0
1138,24.42455324572514,46.434270973554945,402.09051513671875,3413.203063108379,3.413203063108379,34.99728434925976,0.0,0.0
1139,24.424568702255346,46.43428618832867,402.09051513671875,3416.203063108953,3.416203063108953,34.99728436308476,0.0,0.0
1140,24.42458415878555,46.43430140309814,403.9322204589844,3419.203063108764,3.419203063108764,34.99728435457672,0.6139017741271602,31.5458377127186
1141,24.42459961531575,46.43431661786337,402.526611328125,3422.2030631085754,3.4222030631085754,34.99728436259875,-0.4685363769825991,-25.10479927449275
1142,24.424615071845956,46.434331832624345,402.526611328125,3425.2030631083867,3.4252030631083867,34.99728434828779,0.0,0.0
1143,24.42463052837616,46.43434704738108,402.526611328125,3428.2030631089606,3.4282030631089606,34.997284350946984,0.0,0.0
1144,24.424645984906363,46.43436226213356,402.526611328125,3431.203063108772,3.431203063108772,34.99728435914568,0.0,0.0
1145,24.424661441436566,46.43437747688179,402.526611328125,3434.203063108583,3.434203063108583,33.49867871957139,0.0,0.0
1146,24.424676308843075,46.43439295826222,402.526611328125,3437.201756068515,3.437201756068515,31.589770703870784,0.0,0.0
1147,24.424690425883323,46.43440877925272,402.526611328125,3440.201756068432,3.440201756068432,31.5897707251753,0.0,0.0
1148,24.424704542923575,46.43442460023862,402.526611328125,3443.201756068593,3.4432017560685932,31.589770698362088,0.0,0.0
1149,24.424718659963826,46.43444042121994,402.526611328125,3446.201756068754,3.446201756068754,31.58977070752661,0.0,0.0
1150,24.424732777004074,46.43445624219666,402.526611328125,3449.2017560686713,3.449201756068671,31.589770723692084,0.0,0.0
1151,24.424746894044326,46.43447206316878,402.526611328125,3452.2017560688323,3.4522017560688325,31.58977069111944,0.0,0.0
1152,24.424761011084573,46.434487884136324,402.526611328125,3455.2017560687495,3.4552017560687496,31.589770716944315,0.0,0.0
1153,24.424775128124825,46.43450370509926,402.526611328125,3458.2017560689105,3.4582017560689104,31.589770706171407,0.0,0.0
1154,24.424789245165073,46.43451952605761,402.526611328125,3461.2017560688278,3.461201756068828,31.589770705678063,0.0,0.0
1155,24.424803362205324,46.43453534701136,402.526611328125,3464.2017560689887,3.464201756068989,31.589770705805222,0.0,0.0
1156,24.42481747924558,46.43455116796053,402.526611328125,3467.2017560691497,3.4672017560691497,31.589770704071555,0.0,0.0
1157,24.424831596285824,46.4345669889051,402.526611328125,3470.201756069067,3.470201756069067,28.785389318223793,0.0,0.0
1158,24.42484456667656,46.43458325864555,402.526611328125,3473.200232774731,3.473200232774731,27.596589803266227,0.0,0.0
1159,24.42485705083423,46.434599718693505,402.146728515625,3476.2002327741397,3.47620023277414,27.596589816330663,-0.12662760419161956,-7.216818041450245
1160,24.424869534991902,46.4346161787365,402.66265869140625,3479.2002327741584,3.4792002327741582,27.596589817207303,0.17197672525934785,9.758086036204018
1161,24.424882019149578,46.43463263877451,402.66265869140625,3482.2002327743926,3.4822002327743924,27.596589821181794,0.0,0.0
1162,24.424894503307254,46.434649098807554,402.66265869140625,3485.200232774627,3.485200232774627,27.59658980697577,0.0,0.0
1163,24.424906987464926,46.43466555883563,402.66265869140625,3488.200232774861,3.488200232774861,27.596589833676546,0.0,0.0
1164,24.4249194716226,46.434682018858716,402.66265869140625,3491.20023277427,3.4912002327742697,27.59658981492572,0.0,0.0
1165,24.424931955780277,46.434698478876854,402.66265869140625,3494.200232774504,3.494200232774504,27.596589835431644,0.0,0.0
1166,24.424944439937956,46.434714938890004,402.66265869140625,3497.200232774738,3.497200232774738,27.596589801800803,0.0,0.0
1167,24.424956924095625,46.434731398898194,402.66265869140625,3500.200232774757,3.500200232774757,27.596589820859606,0.0,0.0
1168,24.424969408253297,46.434747858901396,402.66265869140625,3503.2002327741657,3.503200232774166,27.596589823185354,0.0,0.0
1169,24.424981892410976,46.43476431889964,402.66265869140625,3506.2002327744,3.5062002327744,27.596589825713977,0.0,0.0
1170,24.42499437656865,46.43478077889291,402.66265869140625,3509.200232774634,3.509200232774634,27.596589806964346,0.0,0.0
1171,24.425006860726324,46.43479723888121,402.66265869140625,3512.2002327748683,3.5122002327748683,27.596589824576483,0.0,0.0
1172,24.425019344884,46.43481369886453,402.66265869140625,3515.200232774277,3.5152002327742773,27.596589813470132,0.0,0.0
1173,24.42503182904167,46.434830158842885,402.66265869140625,3518.2002327742957,3.5182002327742956,27.596589805258986,0.0,0.0
1174,24.425044313199347,46.43484661881627,402.66265869140625,3521.20023277453,3.5212002327745298,27.596589842500066,0.0,0.0
1175,24.425056797357023,46.43486307878468,401.374755859375,3524.200232774764,3.524200232774764,27.596589820856423,-0.4293009439769033,-23.233893417853444
1176,24.425069281514695,46.43487953874811,401.374755859375,3527.200232774173,3.527200232774173,27.596589808100703,0.0,0.0
1177,24.42508176567237,46.43489599870659,401.374755859375,3530.200232774407,3.530200232774407,27.59658981207849,0.0,0.0
1178,24.425094249830046,46.43491245866008,401.374755859375,3533.2002327746413,3.5332002327746412,27.59658982369939,0.0,0.0
1179,24.425106733987718,46.434928918608605,401.374755859375,3536.20023277466,3.53620023277466,27.596589815489438,0.0,0.0
1180,24.42511921814539,46.43494537855216,401.374755859375,3539.200232774069,3.5392002327740686,27.59658982401305,0.0,0.0
1181,24.425131702303066,46.434961838490736,401.374755859375,3542.200232774303,3.542200232774303,27.596589809810837,0.0,0.0
1182,24.42514418646074,46.43497829842435,402.5842590332031,3545.200232774537,3.5452002327745373,27.59658982288005,0.40316772457790173,21.95770152320708
1183,24.425156670618417,46.434994758352985,402.5842590332031,3548.2002327747714,3.5482002327747715,27.596589814670892,0.0,0.0
1184,24.425169154776093,46.43501121827666,402.5842590332031,3551.20023277418,3.55120023277418,27.59658982629304,0.0,0.0
1185,24.42518163893377,46.43502767819535,402.5842590332031,3554.2002327744144,3.554200232774414,27.596589795561044,0.0,0.0
1186,24.425194123091437,46.43504413810908,402.5842590332031,3557.200232774433,3.557200232774433,27.596589840244803,0.0,0.0
1187,24.425206607249116,46.43506059801782,402.5842590332031,3560.2002327746673,3.560200232774667,27.59658982459632,0.0,0.0
1188,24.425219091406788,46.435077057921596,402.5842590332031,3563.200232774076,3.563200232774076,27.596589819485928,0.0,0.0
1189,24.425231575564464,46.435093517820405,402.5842590332031,3566.2002327743103,3.5662002327743103,27.596589800740105,0.0,0.0
1190,24.42524405972214,46.43510997771425,402.5842590332031,3569.2002327745445,3.5692002327745445,27.596589813810965,0.0,0.0
1191,24.425256543879815,46.43512643760312,402.5842590332031,3572.2002327747787,3.5722002327747786,27.59658982688211,0.0,0.0
1192,24.425269028037487,46.435142897487005,400.51666259765625,3575.200232773972,3.575200232773972,27.596589833960707,-0.6891988120342889,-34.574565272595365
1193,24.42528151219516,46.43515935736592,400.51666259765625,3578.200232774206,3.578200232774206,27.596589803027484,0.0,0.0
1194,24.425293996352835,46.43517581723988,400.51666259765625,3581.2002327744403,3.5812002327744406,27.596589825189653,0.0,0.0
1195,24.42530648051051,46.435192277108854,400.51666259765625,3584.2002327746745,3.5842002327746747,27.59658982152814,0.0,0.0
1196,24.425318964668186,46.43520873697287,400.51666259765625,3587.2002327749087,3.587200232774909,27.28252030932657,0.0,0.0
1197,24.425331316919785,46.435225242676076,400.51666259765625,3590.200038269647,3.590200038269647,25.927170952732865,0.0,0.0
1198,24.425343099988336,46.435241946194765,400.51666259765625,3593.2000382693095,3.5932000382693094,25.927170959526336,0.0,0.0
1199,24.425354883056876,46.435258649708324,400.51666259765625,3596.200038269606,3.596200038269606,25.92717097886009,0.0,0.0
1200,24.425366666125427,46.43527535321675,400.51666259765625,3599.2000382692686,3.5992000382692684,25.927170937049993,0.0,0.0
1201,24.42537844919398,46.43529205672009,400.51666259765625,3602.200038269769,3.602200038269769,25.92717098462259,0.0,0.0
1202,24.425390232262533,46.435308760218284,400.51666259765625,3605.2000382694314,3.6052000382694316,25.927170941728605,0.0,0.0
1203,24.42540201533108,46.43532546371137,400.51666259765625,3608.2000382699316,3.6082000382699317,25.92717096177023,0.0,0.0
1204,24.42541379839963,46.43534216719933,400.51666259765625,3611.200038269594,3.6112000382695943,25.92717096286077,0.0,0.0
1205,24.425425581468183,46.43535887068218,401.77178955078125,3614.2000382700944,3.6142000382700945,25.92717095607867,0.41837565097190643,22.70324703555016
1206,24.425437364536727,46.43537557415989,401.77178955078125,3617.2000382695533,3.6172000382695533,25.92717096683384,0.0,0.0
1207,24.425449147605278,46.435392277632495,401.77178955078125,3620.200038269216,3.620200038269216,25.927170960052138,0.0,0.0
1208,24.425460930673825,46.435408981099975,401.77178955078125,3623.200038269716,3.623200038269716,25.927170954354892,0.0,0.0
1209,24.425472713742376,46.43542568456234,400.6798400878906,3626.2000382693786,3.6262000382693786,25.92717096831643,-0.3639831543378137,-20.000653668237653
1210,24.425484496810927,46.43544238801958,400.6798400878906,3629.200038269879,3.629200038269879,25.92717097548956,0.0,0.0
1211,24.42549627987948,46.43545909147171,400.6798400878906,3632.2000382695414,3.6322000382695414,25.927170957630096,0.0,0.0
1212,24.42550806294803,46.43547579491871,400.6798400878906,3635.2000382700417,3.6352000382700416,25.92717096730223,0.0,0.0
1213,24.42551984601658,46.43549249836059,400.6798400878906,3638.2000382697042,3.638200038269704,25.927170947651746,0.0,0.0
1214,24.425531629085125,46.43550920179735,400.6798400878906,3641.200038269163,3.641200038269163,25.927170966988513,0.0,0.0
1215,24.425543412153676,46.435525905229,400.6798400878906,3644.2000382696633,3.644200038269663,25.92717096449843,0.0,0.0
1216,24.425555195222223,46.43554260865552,400.6798400878906,3647.200038269326,3.6472000382693257,25.915844231462813,0.0,0.0
1217,24.425566973497272,46.435559313679256,400.6798400878906,3650.200037787926,3.650200037787926,25.822763012972302,0.0,0.0
1218,24.425578712380084,46.43557603186554,400.6798400878906,3653.2000377877225,3.6532000377877227,25.822763024423352,0.0,0.0
1219,24.425590451262906,46.4355927500467,400.6798400878906,3656.200037787722,3.656200037787722,25.822763028623058,0.0,0.0
1220,24.425602190145725,46.43560946822273,400.6798400878906,3659.2000377877216,3.6592000377877216,25.82276302246231,0.0,0.0
1221,24.425613929028536,46.43562618639363,400.6798400878906,3662.2000377875183,3.6622000377875183,25.822763040000723,0.0,0.0
1222,24.42562566791136,46.4356429045594,400.6798400878906,3665.200037787518,3.665200037787518,25.822763021018545,0.0,0.0
1223,24.425637406794177,46.435659622720046,400.6798400878906,3668.200037788356,3.668200037788356,25.82276301058448,0.0,0.0
1224,24.42564914567699,46.43567634087556,400.6798400878906,3671.2000377881527,3.671200037788153,25.82276303304559,0.0,0.0
1225,24.425660884559807,46.435693059025944,400.6798400878906,3674.2000377881523,3.674200037788152,25.822763024424773,0.0,0.0
1226,24.425672623442622,46.4357097771712,398.6854553222656,3677.200037787949,3.677200037787949,25.822763026164864,-0.6647949219200447,-33.615758167787355
1227,24.425684362325438,46.43572649531132,398.6854553222656,3680.2000377879485,3.6802000377879485,25.822763022983054,0.0,0.0
1228,24.42569610120826,46.43574321344632,400.907958984375,3683.200037787948,3.683200037787948,25.82276301501105,0.7408345540365706,36.532325939518046
1229,24.42570784009107,46.43575993157619,400.907958984375,3686.200037787745,3.686200037787745,25.822763020377465,0.0,0.0
1230,24.42571957897389,46.43577664970094,400.907958984375,3689.2000377877443,3.6892000377877445,25.822763032479088,0.0,0.0
1231,24.425731317856712,46.435793367820544,400.907958984375,3692.200037787744,3.6922000377877437,25.822763020233765,0.0,0.0
1232,24.425743056739524,46.435810085935024,400.907958984375,3695.2000377875406,3.6952000377875405,25.822763012778978,0.0,0.0
1233,24.425754795622343,46.43582680404438,400.907958984375,3698.20003778754,3.69820003778754,25.822763033429112,0.0,0.0
1234,24.425766534505165,46.43584352214861,400.907958984375,3701.2000377883783,3.7012000377883782,25.8166371852206,0.0,0.0
1235,24.425778270794268,46.43586024111252,400.907958984375,3704.2000377805907,3.704200037780591,25.813964914992027,0.0,0.0
1236,24.425790005951917,46.43587696044856,400.907958984375,3707.20003778066,3.7072000377806598,25.81396490962254,0.0,0.0
1237,24.42580174110956,46.435893679779475,400.907958984375,3710.200037780526,3.710200037780526,25.813964905424655,0.0,0.0
1238,24.425813476267212,46.43591039910527,400.907958984375,3713.2000377805953,3.713200037780595,25.813964908600724,0.0,0.0
1239,24.425825211424858,46.435927118425916,400.907958984375,3716.2000377804616,3.7162000377804616,25.81396490931911,0.0,0.0
1240,24.425836946582507,46.43594383774144,400.907958984375,3719.2000377805307,3.7192000377805305,25.813964899677842,0.0,0.0
1241,24.425848681740153,46.43596055705184,400.907958984375,3722.200037780397,3.722200037780397,25.813964910756397,0.0,0.0
1242,24.425860416897798,46.43597727635711,400.37310791015625,3725.200037780466,3.725200037780466,25.81396490538816,-0.17828369140214226,-10.108694194818039
1243,24.425872152055444,46.435993995657235,400.37310791015625,3728.2000377803324,3.7282000377803324,25.81396492436903,0.0,0.0
1244,24.425883887213097,46.43601071495224,400.37310791015625,3731.2000377804015,3.7312000377804013,25.81396488364902,0.0,0.0
1245,24.42589562237074,46.43602743424213,400.37310791015625,3734.200037780268,3.7342000377802678,25.813964919720718,0.0,0.0
1246,24.42590735752839,46.43604415352687,400.37310791015625,3737.200037780337,3.737200037780337,25.813964922898435,0.0,0.0
1247,24.425919092686037,46.436060872806486,400.37310791015625,3740.200037780406,3.740200037780406,25.81396489189558,0.0,0.0
1248,24.425930827843683,46.43607759208098,400.37310791015625,3743.2000377802724,3.7432000377802725,25.813964919422688,0.0,0.0
1249,24.425942563001335,46.43609431135034,400.37310791015625,3746.2000377803415,3.7462000377803415,25.813964908611865,0.0,0.0
1250,24.425954298158977,46.43611103061456,400.37310791015625,3749.200037780208,3.749200037780208,25.813964910503785,0.0,0.0
1251,24.42596603331663,46.43612774987366,400.37310791015625,3752.200037780277,3.752200037780277,25.813964894777484,0.0,0.0
1252,24.425977768474272,46.43614446912763,401.96917724609375,3755.2000377801432,3.7552000377801433,25.813964918676106,0.5320231120028764,28.01400952186697
1253,24.42598950363192,46.43616118837647,401.96917724609375,3758.2000377802124,3.7582000377802123,25.813964921211948,0.0,0.0
1254,24.42600123878957,46.43617790762017,401.96917724609375,3761.2000377800787,3.7612000377800787,25.813964892668423,0.0,0.0
1255,24.426012973947216,46.43619462685876,401.96917724609375,3764.200037780148,3.7642000377801477,25.813964906207843,0.0,0.0
1256,24.426024709104862,46.43621134609221,401.96917724609375,3767.200037780014,3.767200037780014,25.8139649148315,0.0,0.0
1257,24.42603644426251,46.43622806532052,401.96917724609375,3770.200037780083,3.770200037780083,25.813964899106395,0.0,0.0
1258,24.426048179420157,46.43624478454372,401.96917724609375,3773.2000377799495,3.7732000377799495,25.81396490773045,0.0,0.0
1259,24.426059914577806,46.436261503761784,402.8944091796875,3776.200037780857,3.7762000377808573,25.813964913368807,0.3084106444379377,17.140319455790227
1260,24.42607164973545,46.43627822297471,402.8944091796875,3779.2000377807235,3.7792000377807233,25.81396490308822,0.0,0.0
1261,24.4260833848931,46.43629494218251,402.8944091796875,3782.2000377807926,3.7822000377807927,25.81396488917852,0.0,0.0
1262,24.426095120050743,46.43631166138519,402.8944091796875,3785.200037780659,3.7852000377806587,32.03019402814584,0.0,0.0
1263,24.426109404616632,46.43632739718701,402.8944091796875,3788.1982504737243,3.7881982504737244,32.659011769425376,0.0,0.0
1264,24.42612394757554,46.4363430333131,402.8944091796875,3791.1982504733946,3.7911982504733945,32.65901177212231,0.0,0.0
1265,24.426138490534452,46.43635866943471,402.8944091796875,3794.198250473316,3.794198250473316,32.65901177852237,0.0,0.0
1266,24.426153033493357,46.43637430555182,402.8944091796875,3797.1982504729863,3.797198250472986,32.65901177023193,0.0,0.0
1267,24.42616757645227,46.436389941664466,402.8944091796875,3800.1982504734406,3.8001982504734406,38.62376676451652,0.0,0.0
1268,24.426184373508853,46.4364044301466,402.8944091796875,3803.193810199499,3.803193810199499,40.252578146191695,0.0,0.0
1269,24.426201787128033,46.43641860471522,402.8944091796875,3806.1938101998985,3.8061938101998987,40.252578161971314,0.0,0.0
1270,24.4262192007472,46.436432779280146,402.8944091796875,3809.1938101999976,3.809193810199998,45.525838616652834,0.0,0.0
1271,24.42623831847725,46.43644571478935,402.8944091796875,3812.176259384388,3.8121762593843878,52.81623250746321,0.0,0.0
1272,24.426259789144737,46.436456939484685,403.8690490722656,3815.176259384233,3.8151762593842333,52.816232480256076,0.32487996420945203,17.997940882935477
1273,24.426281259812225,46.43646816417772,403.8690490722656,3818.1762593846415,3.8181762593846416,54.908548946436554,0.0,0.0
1274,24.426303227067976,46.43647880061084,403.8690490722656,3821.1648653245034,3.821164865324503,66.80501926111305,0.0,0.0
1275,24.426327998199284,46.436486115576336,403.8690490722656,3824.1648653244238,3.824164865324424,66.80501928790147,0.0,0.0
1276,24.42635276933059,46.436493430540835,403.8690490722656,3827.1648653244056,3.8271648653244057,82.47651124795613,0.0,0.0
1277,24.42637914725951,46.43649583137315,403.8690490722656,3830.1267408672593,3.8301267408672595,87.79739684941154,0.0,0.0
1278,24.426406076807172,46.436496545168396,403.8690490722656,3833.1267408671033,3.8331267408671033,87.79739683143237,0.0,0.0
1279,24.42643300635484,46.436497258963634,403.8690490722656,3836.1267408674125,3.8361267408674125,89.25625170297803,0.0,0.0
1280,24.426459949089807,46.4364975,403.8690490722656,3839.1262451064417,3.8391262451064416,89.99999023708142,0.0,0.0
1281,24.42648689854833,46.4364975,403.8690490722656,3842.1262451064417,3.8421262451064417,89.99999023708142,0.0,0.0
1282,24.426513848006852,46.4364975,403.8690490722656,3845.1262451064417,3.845126245106442,89.99999023708142,0.0,0.0
1283,24.42654079746538,46.4364975,404.7340393066406,3848.1262451064417,3.8481262451064415,89.99999023708142,0.288330078125,16.083862585773936
1284,24.4265677469239,46.4364975,404.7340393066406,3851.1262451064417,3.8511262451064416,89.99999023708142,0.0,0.0
1285,24.426594696382423,46.4364975,404.7340393066406,3854.1262451064417,3.8541262451064418,89.99999023708142,0.0,0.0
1286,24.42662164584095,46.4364975,404.7340393066406,3857.1262451064417,3.857126245106442,87.99936915922189,0.0,0.0
1287,24.426648577153596,46.43649814832856,404.7340393066406,3860.1260536540217,3.860126053654022,87.7899485547598,0.0,0.0
1288,24.426675506566394,46.43649886453635,404.7340393066406,3863.1260536543055,3.8631260536543053,78.87945871649617,0.0,0.0
1289,24.426701875651446,46.43650243659592,404.7340393066406,3866.117617540897,3.8661176175408967,76.8089261638072,0.0,0.0
1290,24.426728114035136,46.43650667480767,404.7340393066406,3869.1176175408714,3.8691176175408715,72.43897400095454,0.0,0.0
1291,24.426753531549956,46.43651221831212,404.7340393066406,3872.085391987963,3.8720853919879628,56.327660668034355,0.0,0.0
1292,24.426775959481304,46.4365225156591,404.7340393066406,3875.0853919880524,3.8750853919880526,56.327660713552575,0.0,0.0
1293,24.426798387412664,46.43653281300412,405.03375244140625,3878.0853919880133,3.878085391988013,47.21023430590742,0.09990437825651069,5.705168608603067
1294,24.426818030952308,46.43654534436725,405.207275390625,3881.0651629970857,3.8810651629970856,42.351262507545755,0.05823365241504372,3.332778583246761
1295,24.4268361861039,46.43655906991574,405.207275390625,3884.065162996987,3.884065162996987,42.35126254734939,0.0,0.0
1296,24.42685434125549,46.43657279546076,405.207275390625,3887.0651629968884,3.887065162996888,42.351262529275175,0.0,0.0
1297,24.426872496407075,46.43658652100234,405.207275390625,3890.0651629971644,3.8900651629971645,42.35126252119579,0.0,0.0
1298,24.426890651558665,46.43660024654046,405.207275390625,3893.0651629970657,3.8930651629970656,35.858866741028464,0.0,0.0
1299,24.426906419470992,46.43661528081631,405.207275390625,3896.0615844583476,3.8960615844583475,34.65318503006068,0.0,0.0
1300,24.42692174313953,46.43663055863293,405.207275390625,3899.0615844579384,3.899061584457938,34.653185037066805,0.0,0.0
1301,24.42693706680807,46.436645836445265,405.207275390625,3902.0615844582953,3.9020615844582953,34.65318502733561,0.0,0.0
1302,24.426952390476607,46.436661114253326,405.207275390625,3905.061584457886,3.905061584457886,34.653185006479646,0.0,0.0
1303,24.426967714145142,46.4366763920571,405.207275390625,3908.061584458243,3.908061584458243,34.653185041348934,0.0,0.0
1304,24.42698303781368,46.436691669856586,405.207275390625,3911.0615844578338,3.911061584457834,34.653185020476656,0.0,0.0
1305,24.426998361482216,46.43670694765179,405.207275390625,3914.0615844581907,3.9140615844581905,34.653185021871195,0.0,0.0
1306,24.427013685150758,46.436722225442715,405.207275390625,3917.061584458046,3.9170615844580463,34.65318503447446,0.0,0.0
1307,24.427029008819297,46.43673750322935,405.207275390625,3920.061584458403,3.920061584458403,34.653185024761115,0.0,0.0
1308,24.42704433248783,46.436752781011705,405.207275390625,3923.061584457994,3.9230615844579937,34.65318504291059,0.0,0.0
1309,24.42705965615637,46.436768058789774,405.207275390625,3926.061584458351,3.926061584458351,34.65318502203928,0.0,0.0
1310,24.427074979824905,46.436783336563565,405.207275390625,3929.0615844579415,3.9290615844579415,34.653185023451556,0.0,0.0
1311,24.427090303493443,46.436798614333064,406.4944152832031,3932.0615844582985,3.9320615844582987,34.65318503047661,0.4290466308083218,23.221588745892646
1312,24.42710562716198,46.436813892098286,406.0037841796875,3935.0615844578892,3.9350615844578893,34.65318503746852,-0.16354370119418632,-9.288137811609147
1313,24.427120950830517,46.43682916985922,406.0037841796875,3938.061584458246,3.938061584458246,34.65318502216047,0.0,0.0
1314,24.427136274499055,46.436844447615876,406.0037841796875,3941.061584457837,3.941061584457837,34.653185034765386,0.0,0.0
1315,24.42715159816759,46.436859725368244,406.0037841796875,3944.061584458194,3.944061584458194,34.65318504174115,0.0,0.0
1316,24.427166921836132,46.43687500311633,406.0037841796875,3947.0615844580493,3.947061584458049,34.6531850097295,0.0,0.0
1317,24.427182245504667,46.43689028086014,406.0037841796875,3950.0615844584063,3.9500615844584064,34.653185039039215,0.0,0.0
1318,24.427197569173206,46.436905558599655,406.0037841796875,3953.061584457997,3.953061584457997,34.65318500699453,0.0,0.0
1319,24.427212892841744,46.4369208363349,406.0037841796875,3956.061584458354,3.956061584458354,34.65318504191731,0.0,0.0
1320,24.42722821651028,46.43693611406585,406.0037841796875,3959.0615844579447,3.959061584457945,34.653185032173155,0.0,0.0
1321,24.427243540178818,46.43695139179252,406.0037841796875,3962.0615844583017,3.9620615844583016,34.65318503360436,0.0,0.0
1322,24.427258863847356,46.4369666695149,406.0037841796875,3965.0615844578924,3.9650615844578923,34.65318504061497,0.0,0.0
1323,24.427274187515895,46.43698194723301,406.0037841796875,3968.0615844582494,3.9680615844582494,34.653185008588025,0.0,0.0
1324,24.42728951118443,46.43699722494683,406.0037841796875,3971.06158445784,3.97106158445784,33.1499390341873,0.0,0.0
1325,24.427304245842443,46.437012772146225,406.0037841796875,3974.0611431243206,3.9740611431243207,32.507408384478424,0.0,0.0
1326,24.42731872871678,46.437028434539684,406.0037841796875,3977.0611431243296,3.9770611431243297,32.50740839281838,0.0,0.0
1327,24.42733321159112,46.43704409692864,406.0037841796875,3980.0611431235534,3.9800611431235535,32.507408369949474,0.0,0.0
1328,24.42734769446546,46.4370597593131,406.0037841796875,3983.061143123813,3.983061143123813,32.50740839895286,0.0,0.0
1329,24.4273621773398,46.43707542169305,406.4679260253906,3986.061143123822,3.986061143123822,32.50740837565485,0.1547139485672393,8.794727274156266
1330,24.427376660214136,46.437091084068506,404.47088623046875,3989.0611431238312,3.9890611431238314,32.50740837344949,-0.665679931638607,-33.65090956248484
1331,24.427391143088474,46.43710674643946,404.47088623046875,3992.0611431238403,3.9920611431238404,32.50740838749306,0.0,0.0
1332,24.427405625962816,46.43712240880591,404.47088623046875,3995.0611431241,3.9950611431241,32.50740837431243,0.0,0.0
1333,24.427420108837154,46.43713807116786,404.47088623046875,3998.061143124109,3.998061143124109,32.507408377810236,0.0,0.0
1334,24.427434591711496,46.43715373352531,404.47088623046875,4001.061143124118,4.001061143124118,32.50740840724433,0.0,0.0
1335,24.427449074585837,46.43716939587824,404.47088623046875,4004.061143124378,4.004061143124378,32.50740838394751,0.0,0.0
1336,24.42746355746018,46.43718505822669,404.47088623046875,4007.061143124387,4.007061143124387,32.507408376040814,0.0,0.0
1337,24.427478040334517,46.43720072057062,404.47088623046875,4010.0611431236107,4.010061143123611,32.507408378680566,0.0,0.0
1338,24.427492523208855,46.437216382910066,404.47088623046875,4013.06114312362,4.01306114312362,32.507408387881924,0.0,0.0
1339,24.427507006083196,46.437232045245004,404.47088623046875,4016.0611431238794,4.0160611431238795,32.50740837470272,0.0,0.0
1340,24.427521488957535,46.43724770757544,404.47088623046875,4019.0611431238885,4.0190611431238885,21.538426063572274,0.0,0.0
1341,24.427531258380643,46.43726476567303,404.47088623046875,4022.0234219754857,4.022023421975486,13.998713816115583,0.0,0.0
1342,24.427537777458813,46.43728278627397,404.47088623046875,4025.023421974996,4.025023421974996,13.998713817970781,0.0,0.0
1343,24.42754429653699,46.43730080686897,404.47088623046875,4028.0234219755225,4.028023421975522,13.998713807822696,0.0,0.0
1344,24.42755081561516,46.437318827458,404.47088623046875,4031.0234219750328,4.031023421975033,10.981158361730593,0.0,0.0
1345,24.427555932210918,46.43733699951648,404.47088623046875,4034.013543069172,4.034013543069172,3.8154993911853694,0.0,0.0
1346,24.427557725531106,46.43735553049986,404.47088623046875,4037.0135430690384,4.037013543069039,3.815499378741208,0.0,0.0
1347,24.427559518851286,46.43737406147694,401.56170654296875,4040.013543068874,4.0400135430688735,3.8154993932851085,-0.9697265625532117,-44.11946984252432
1348,24.42756131217147,46.43739259244771,401.56170654296875,4043.01354306874,4.04301354306874,3.4815236744873346,0.0,0.0
1349,24.427562948507568,46.43741112786661,401.56170654296875,4046.0131490873337,4.046013149087334,0.900043581380487,0.0,0.0
1350,24.427563371831834,46.437429697698406,401.56170654296875,4049.013149087532,4.049013149087532,0.9000435878775193,0.0,0.0
1351,24.4275637951561,46.437448267523884,401.56170654296875,4052.013149086806,4.0520131490868065,0.9000435747075812,0.0,0.0
1352,24.427564218480363,46.43746683734302,401.56170654296875,4055.0131490870044,4.055013149087005,353.1049042948626,0.0,0.0
1353,24.427561005570613,46.437485147338,401.56170654296875,4057.9923566591974,4.057992356659198,347.2611024315278,0.0,0.0
1354,24.427555062986706,46.43750326228498,401.56170654296875,4060.992356659102,4.060992356659102,347.2611024391642,0.0,0.0
1355,24.4275491204028,46.43752137722593,401.56170654296875,4063.9923566589036,4.063992356658904,347.26110242917747,0.0,0.0
1356,24.427543177818894,46.43753949216086,401.56170654296875,4066.992356658808,4.066992356658808,346.8994147798315,0.0,0.0
1357,24.42753707204127,46.43755757311384,401.56170654296875,4069.9910691704754,4.0699910691704755,339.1192789209702,0.0,0.0
1358,24.427527466615704,46.43757492545594,401.56170654296875,4072.991069170806,4.072991069170806,339.1192789244183,0.0,0.0
1359,24.42751786119014,46.43759227779252,401.56170654296875,4075.9910691709706,4.07599106917097,339.1192789187278,0.0,0.0
1360,24.42750825576458,46.43760963012356,401.56170654296875,4078.991069170265,4.078991069170264,339.11927890389853,0.0,0.0
1361,24.42749865033901,46.437626982449075,401.56170654296875,4081.9910691705954,4.081991069170596,339.11927891783796,0.0,0.0
1362,24.427489044913447,46.43764433476906,400.112060546875,4084.99106917076,4.08499106917076,337.92469473047214,-0.4832153320047346,-25.790545601355227
1363,24.42747891804116,46.43766154291883,400.112060546875,4087.9906525317897,4.08799065253179,337.1613787260035,0.0,0.0
1364,24.427468457960305,46.43767865894082,400.112060546875,4090.9906525321057,4.090990652532105,337.16137874371924,0.0,0.0
1365,24.427457997879458,46.43769577495743,400.112060546875,4093.990652532241,4.0939906525322405,337.16137872369677,0.0,0.0
1366,24.427447537798606,46.43771289096866,400.112060546875,4096.990652531698,4.096990652531698,337.1613787327568,0.0,0.0
1367,24.42743707771775,46.43773000697452,400.112060546875,4099.990652532014,4.099990652532014,337.1613787393933,0.0,0.0
1368,24.427426617636897,46.437747122975004,400.112060546875,4102.9906525323295,4.10299065253233,337.1613787394509,0.0,0.0
1369,24.427416157556046,46.43776423897011,400.112060546875,4105.990652532645,4.105990652532645,337.161378737085,0.0,0.0
1370,24.427405697475194,46.43778135495984,400.112060546875,4108.990652531922,4.108990652531922,337.1613787347189,0.0,0.0
1371,24.427395237394343,46.437798470944195,400.112060546875,4111.990652532238,4.111990652532238,337.1613787233505,0.0,0.0
1372,24.427384777313492,46.43781558692316,400.112060546875,4114.990652532553,4.114990652532553,337.1613787313711,0.0,0.0
1373,24.427374317232637,46.437832702896756,400.112060546875,4117.990652532011,4.117990652532011,337.1613787251959,0.0,0.0
1374,24.427363857151782,46.437849818864976,400.112060546875,4120.990652532327,4.120990652532327,337.1613787391012,0.0,0.0
1375,24.427353397070934,46.437866934827824,397.83551025390625,4123.990652532462,4.123990652532462,337.16137873188734,-0.7588500976219715,-37.193048320443864
1376,24.42734293699008,46.43788405078529,397.83551025390625,4126.99065253192,4.12699065253192,337.1613787381753,0.0,0.0
1377,24.42733247690923,46.43790116673739,397.83551025390625,4129.990652532236,4.129990652532236,337.16137872334406,0.0,0.0
1378,24.427322016828374,46.4379182826841,399.6910705566406,4132.990652532551,4.132990652532551,337.16137873240183,0.6185201008463911,31.73762405080952
1379,24.42731155674752,46.43793539862545,399.6910705566406,4135.990652532009,4.135990652532009,337.16137875011464,0.0,0.0
1380,24.42730109666667,46.43795251456142,399.6910705566406,4138.990652532145,4.1389906525321445,338.90157345487376,0.0,0.0
1381,24.42729139576715,46.437969841267396,399.6910705566406,4141.990612146046,4.141990612146047,338.9523613950072,0.0,0.0
1382,24.42728171702788,46.437987174120344,399.6910705566406,4144.990612145847,4.144990612145847,338.95236135594644,0.0,0.0
1383,24.42727203828861,46.43800450696776,399.6910705566406,4147.990612145648,4.147990612145648,338.95236137810616,0.0,0.0
1384,24.427262359549342,46.43802183980967,399.6910705566406,4150.990612145449,4.150990612145448,338.95236137354794,0.0,0.0
1385,24.42725268081007,46.43803917264608,399.6910705566406,4153.990612146119,4.153990612146119,338.9523613738261,0.0,0.0
1386,24.427243002070803,46.43805650547696,399.6910705566406,4156.99061214592,4.15699061214592,350.27916062179787,0.0,0.0
1387,24.427238461936454,46.43807476959189,399.6910705566406,4159.983870612048,4.159983870612048,351.57890325173554,0.0,0.0
1388,24.427234515260988,46.43809314125556,399.6910705566406,4162.983870612308,4.162983870612308,351.57890324817015,0.0,0.0
1389,24.42723056858552,46.43811151291301,399.6910705566406,4165.983870611647,4.165983870611647,351.5789032599157,0.0,0.0
1390,24.42722662191006,46.43812988456429,399.6910705566406,4168.983870611907,4.168983870611907,358.57389821004386,0.0,0.0
1391,24.42722595506387,46.43814834380333,399.6910705566406,4171.966599369333,4.171966599369333,3.9824305330553784,0.0,0.0
1392,24.42722782671951,46.438166870831516,399.6910705566406,4174.966599368872,4.174966599368872,3.982430519153354,0.0,0.0
1393,24.427229698375143,46.4381853978534,399.6910705566406,4177.96659936934,4.17796659936934,3.9824305133600433,0.0,0.0
1394,24.42723157003077,46.438203924868986,402.7787170410156,4180.966599368846,4.180966599368846,7.837999502053947,1.0292154949610945,45.82485517963506
1395,24.42723522922415,46.43822224324084,402.7787170410156,4183.953558677543,4.183953558677543,15.24328598210775,0.0,0.0
1396,24.427242314727287,46.43824016169537,402.7787170410156,4186.953558678042,4.186953558678042,15.243285970021361,0.0,0.0
1397,24.427249400230416,46.438258080144,402.7787170410156,4189.95355867752,4.18995355867752,18.577781636469922,0.0,0.0
1398,24.42725791251632,46.438275533350506,402.7787170410156,4192.927845243308,4.192927845243308,35.400288718771094,0.0,0.0
1399,24.42727352394312,46.438290671709424,402.7787170410156,4195.92784524298,4.19592784524298,35.40028876761306,0.0,0.0
1400,24.42728913536993,46.438305810064115,402.7787170410156,4198.927845243681,4.198927845243681,35.400288759786235,0.0,0.0
1401,24.427304746796736,46.438320948414614,402.7787170410156,4201.927845243623,4.201927845243623,37.70794458449768,0.0,0.0
1402,24.427321154140593,46.43833557360547,402.7787170410156,4204.9140244331475,4.2049140244331475,50.78673725936875,0.0,0.0
1403,24.427342034533897,46.438347314862405,402.7787170410156,4207.914024432498,4.207914024432498,50.786737265376075,0.0,0.0
1404,24.42736291492721,46.43835905611681,404.7138671875,4210.914024432798,4.210914024432798,50.78673725238866,0.6450500487635914,32.824041123497516
1405,24.427383795320512,46.438370797368684,404.7138671875,4213.914024432738,4.213914024432738,66.20057926981923,0.0,0.0
1406,24.42740845290097,46.43837829169554,404.7138671875,4216.914000244626,4.216914000244626,66.20399287224228,0.0,0.0
1407,24.427433111328117,46.4383857850694,404.7138671875,4219.914000244648,4.219914000244648,66.20399292338868,0.0,0.0
1408,24.427457769755264,46.43839327844221,404.7138671875,4222.914000244671,4.222914000244671,69.0100430889189,0.0,0.0
1409,24.4274829069184,46.43839992458449,404.7138671875,4225.911136563531,4.225911136563531,71.24386573112673,0.0,0.0
1410,24.427508425246454,46.43840589617017,404.7138671875,4228.9111365632625,4.228911136563262,71.24386570821576,0.0,0.0
1411,24.427533943574502,46.4384118677552,404.7138671875,4231.911136563294,4.231911136563294,85.6676465480736,0.0,0.0
1412,24.427560679158844,46.43841326355249,404.7138671875,4234.895856591622,4.2348958565916215,87.9794121043031,0.0,0.0
1413,24.427587611860954,46.438413918364496,404.7138671875,4237.89585659177,4.23789585659177,87.97941213911685,0.0,0.0
1414,24.427614544563067,46.43841457317649,404.7138671875,4240.895856591886,4.2408958565918855,92.0229226209118,0.0,0.0
1415,24.427641351459382,46.438413920663194,405.7305603027344,4243.881847572989,4.243881847572989,99.60875080840077,0.3404876711512443,18.803075661255015
1416,24.4276679228312,46.438410820670065,405.7305603027344,4246.881847572784,4.246881847572784,99.60875080516462,0.0,0.0
1417,24.427694494203017,46.438407720676764,405.7305603027344,4249.881847572735,4.249881847572735,99.60875081789169,0.0,0.0
1418,24.427721065574836,46.43840462068328,405.7305603027344,4252.88184757253,4.25288184757253,99.60875084367956,0.0,0.0
1419,24.427747636946656,46.43840152068961,405.7305603027344,4255.88184757294,4.25588184757294,113.9224942893403,0.0,0.0
1420,24.42777211731291,46.43839403689347,405.7305603027344,4258.863094172358,4.258863094172358,116.78326575987501,0.0,0.0
1421,24.42779617556341,46.438385668128625,405.7305603027344,4261.86309417248,4.2618630941724795,116.78326574395783,0.0,0.0
1422,24.42782023381392,46.43837729936249,405.7305603027344,4264.863094172598,4.264863094172598,116.78326575165391,0.0,0.0
1423,24.42784429206443,46.43836893059508,405.7305603027344,4267.8630941723,4.2678630941723,116.78326576849122,0.0,0.0
1424,24.427868350314935,46.43836056182637,405.7305603027344,4270.863094172422,4.270863094172422,116.78326577009307,0.0,0.0
1425,24.42789240856544,46.43835219305638,405.7305603027344,4273.863094172125,4.273863094172125,123.7046444613884,0.0,0.0
1426,24.427914619188957,46.43834198335304,405.7305603027344,4276.83514412803,4.276835144128031,132.55536046420065,0.0,0.0
1427,24.427934470810598,46.43832942319329,406.5356750488281,4279.835144128134,4.279835144128134,132.55536043851873,0.26837158202197486,15.022577586525234
1428,24.427954322432242,46.43831686303064,406.5356750488281,4282.83514412795,4.28283514412795,132.5553604600412,0.0,0.0
1429,24.427974174053883,46.4383043028651,406.5356750488281,4285.835144128054,4.285835144128054,132.5553604724172,0.0,0.0
1430,24.427994025675524,46.438291742696656,406.5356750488281,4288.8351441281575,4.288835144128157,132.55536044408,0.0,0.0
1431,24.428013877297168,46.43827918252533,406.5356750488281,4291.835144127974,4.291835144127973,132.5553604636837,0.0,0.0
1432,24.428033728918813,46.438266622351094,406.5356750488281,4294.835144128077,4.294835144128077,132.55536045894848,0.0,0.0
1433,24.428053580540453,46.43825406217397,406.5356750488281,4297.835144128181,4.2978351441281815,132.55536043326572,0.0,0.0
1434,24.428073432162098,46.43824150199396,406.5356750488281,4300.835144127997,4.300835144127998,132.55536047647126,0.0,0.0
1435,24.42809328378374,46.43822894181104,406.5356750488281,4303.835144128101,4.303835144128101,132.72059101184857,0.0,0.0
1436,24.428113081404682,46.43821634308962,406.5356750488281,4306.8349383856885,4.3068349383856885,135.44530281362643,0.0,0.0
1437,24.42813198886886,46.438203109137554,406.5356750488281,4309.834938385871,4.309834938385872,135.44530278424475,0.0,0.0
1438,24.42815089633304,46.43818987518228,405.955322265625,4312.834938385717,4.312834938385716,135.4453027941023,-0.19345092774434508,-10.948680165213915
1439,24.42816980379722,46.43817664122379,405.955322265625,4315.834938385562,4.315834938385562,135.44530281566244,0.0,0.0
1440,24.4281887112614,46.43816340726208,405.955322265625,4318.834938385745,4.318834938385745,135.44530279316444,0.0,0.0
1441,24.42820761872558,46.43815017329717,406.9849853515625,4321.83493838559,4.3218349383855905,135.44530278236903,0.3432210286635223,18.943298412624525
1442,24.42822652618976,46.438136939329034,406.9849853515625,4324.834938385436,4.324834938385435,135.4453028039286,0.0,0.0
1443,24.428245433653938,46.43812370535769,406.9849853515625,4327.834938385618,4.327834938385618,135.44530279519853,0.0,0.0
1444,24.42826434111812,46.438110471383126,406.9849853515625,4330.834938385464,4.330834938385464,135.4453027912868,0.0,0.0
1445,24.4282832485823,46.43809723740535,406.9849853515625,4333.834938385973,4.333834938385973,135.44530279425908,0.0,0.0
1446,24.42830215604648,46.438084003424365,406.9849853515625,4336.8349383858185,4.3368349383858185,135.44530280204964,0.0,0.0
1447,24.42832106351066,46.43807076944016,406.9849853515625,4339.834938385337,4.339834938385337,135.44530280708727,0.0,0.0
1448,24.42833997097484,46.438057535452735,406.9849853515625,4342.834938385847,4.342834938385847,135.44530279629072,0.0,0.0
1449,24.42835887843902,46.43804430146211,406.9849853515625,4345.834938385692,4.345834938385692,135.44530279031244,0.0,0.0
1450,24.428377785903198,46.438031067468266,406.9849853515625,4348.834938385211,4.348834938385211,135.4453027974153,0.0,0.0
1451,24.42839669336738,46.4380178334712,406.9849853515625,4351.83493838572,4.35183493838572,135.4453027914367,0.0,0.0
1452,24.42841560083156,46.43800459947093,406.9849853515625,4354.834938385566,4.354834938385566,135.44530279922634,0.0,0.0
1453,24.428434508295737,46.43799136546744,406.9849853515625,4357.8349383857485,4.357834938385748,135.44530279049468,0.0,0.0
1454,24.42845341575992,46.43797813146073,406.9849853515625,4360.834938385594,4.360834938385594,135.4453027845156,0.0,0.0
1455,24.428472323224096,46.437964897450826,407.0796203613281,4363.834938385439,4.363834938385439,135.4453027985018,0.0315450032568341,1.8067964036137367
1456,24.42849123068828,46.437951663437694,407.0796203613281,4366.834938385949,4.366834938385948,135.4453028090436,0.0,0.0
1457,24.428510138152454,46.437938429421344,407.0796203613281,4369.8349383854675,4.369834938385467,135.4453027837901,0.0,0.0
1458,24.42852904561664,46.43792519540179,407.0796203613281,4372.834938385977,4.372834938385977,135.44530281223126,0.0,0.0
1459,24.42854795308082,46.43791196137901,406.7676696777344,4375.834938385822,4.375834938385823,135.44530280418576,-0.10398356120327577,-5.936484302531804
1460,24.428566860544993,46.43789872735302,406.7676696777344,4378.834938385341,4.378834938385341,135.4453027927001,0.0,0.0
1461,24.428585768009178,46.43788549332382,406.7676696777344,4381.83493838585,4.38183493838585,135.4453028142566,0.0,0.0
1462,24.42860467547336,46.4378722592914,406.7676696777344,4384.834938385696,4.384834938385696,135.44530276697128,0.0,0.0
1463,24.428623582937536,46.43785902525578,406.7676696777344,4387.834938385215,4.387834938385215,135.44530280642715,0.0,0.0
1464,24.428642490401717,46.43784579121694,406.7676696777344,4390.834938385724,4.390834938385724,135.44530282316464,0.0,0.0
1465,24.4286613978659,46.43783255717487,406.7676696777344,4393.834938385569,4.393834938385569,135.44530277794456,0.0,0.0
1466,24.42868030533008,46.4378193231296,406.7676696777344,4396.834938386079,4.396834938386078,135.4453028063844,0.0,0.0
1467,24.428699212794257,46.437806089081114,406.7676696777344,4399.8349383855975,4.399834938385598,135.44530279765047,0.0,0.0
1468,24.428718120258438,46.437792855029414,406.7676696777344,4402.834938385443,4.402834938385443,135.445302800619,0.0,0.0
1469,24.42873702772262,46.437779620974496,406.7676696777344,4405.834938385952,4.4058349383859525,135.44530279463754,0.0,0.0
1470,24.428755935186796,46.437766386916365,407.160888671875,4408.834938385471,4.408834938385471,135.4453027927873,0.13107299806789574,7.467360359390825
1471,24.428774842650977,46.43775315285503,407.160888671875,4411.8349383853165,4.411834938385317,135.4453028026395,0.0,0.0
1472,24.428793750115158,46.43773991879046,407.160888671875,4414.834938385826,4.414834938385826,135.4453027622369,0.0,0.0
1473,24.428812657579336,46.437726684722705,407.160888671875,4417.834938385345,4.417834938385345,135.44530283611164,0.0,0.0
1474,24.428831565043517,46.43771345065171,407.160888671875,4420.834938385854,4.420834938385854,135.4453027860718,0.0,0.0
1475,24.428850472507698,46.43770021657751,407.160888671875,4423.834938385699,4.423834938385699,135.44530279179202,0.0,0.0
1476,24.428869379971875,46.4376869825001,407.160888671875,4426.834938385218,4.426834938385218,135.4453027899408,0.0,0.0
1477,24.428888287436056,46.43767374841947,407.160888671875,4429.834938385728,4.429834938385728,140.5626361349502,0.0,0.0
1478,24.428905373278262,46.43765943283468,407.160888671875,4432.829089547509,4.432829089547509,143.0643966571589,0.0,0.0
1479,24.428921567664627,46.43764458798672,407.160888671875,4435.829089547368,4.435829089547369,143.0643966485789,0.0,0.0
1480,24.428937762050992,46.437629743134714,407.38372802734375,4438.829089547227,4.4388290895472275,143.0643966508086,0.07427978515974044,4.248116679696549
1481,24.428953956437358,46.43761489827865,407.38372802734375,4441.82908954755,4.44182908954755,143.06439666581343,0.0,0.0
1482,24.428970150823723,46.43760005341856,407.38372802734375,4444.829089547409,4.444829089547409,145.4086826953348,0.0,0.0
1483,24.428985414421764,46.43758480057174,407.38372802734375,4447.82200717459,4.44782200717459,152.02006694874115,0.0,0.0
1484,24.428998058089682,46.43756839935384,407.38372802734375,4450.82200717443,4.4508220071744296,152.02006694489137,0.0,0.0
1485,24.4290107017576,46.43755199813102,407.38372802734375,4453.822007174488,4.453822007174488,152.02006694290867,0.0,0.0
1486,24.429023345425524,46.43753559690325,407.38372802734375,4456.822007174546,4.456822007174546,156.47082004837944,0.0,0.0
1487,24.429034035969785,46.43751867675757,407.7958679199219,4459.803014798633,4.4598030147986325,165.81399516508236,0.13825522928825884,7.8715407045879004
1488,24.42904064048813,46.437500671016096,407.7958679199219,4462.803014798781,4.462803014798781,165.81399515275712,0.0,0.0
1489,24.42904724500648,46.43748266526866,407.7958679199219,4465.803014799044,4.465803014799044,165.81399515528972,0.0,0.0
1490,24.429053849524827,46.43746465951529,407.7958679199219,4468.803014799192,4.468803014799192,167.70650300469867,0.0,0.0
1491,24.429059572734943,46.43744656024172,407.7958679199219,4471.795248799963,4.471795248799963,176.67971289358104,0.0,0.0
1492,24.429061133580294,46.437428019299915,407.7958679199219,4474.79524880055,4.47479524880055,176.67971287246075,0.0,0.0
1493,24.429062694425653,46.43740947835181,407.7958679199219,4477.795248800236,4.477795248800236,176.67971288623016,0.0,0.0
1494,24.429064255271005,46.437390937397396,407.7958679199219,4480.795248799894,4.480795248799894,176.67971287413366,0.0,0.0
1495,24.429065816116363,46.43737239643666,407.7958679199219,4483.7952488005085,4.483795248800509,176.76747960027706,0.0,0.0
1496,24.429067335747433,46.43735385384492,407.93182373046875,4486.795248600419,4.486795248600418,176.77246429647732,0.045318606538221125,2.5947894876708504
1497,24.429068853037748,46.437335311154584,407.93182373046875,4489.795248600656,4.4897952486006565,176.77246428812623,0.0,0.0
1498,24.429070370328063,46.43731676845793,407.93182373046875,4492.795248600867,4.492795248600867,176.77246429383024,0.0,0.0
1499,24.429071887618374,46.437298225754986,407.93182373046875,4495.795248600148,4.495795248600148,176.7724642803853,0.0,0.0
1500,24.429073404908692,46.43727968304572,407.93182373046875,4498.795248600385,4.498795248600385,179.33990971458968,0.0,0.0
1501,24.42907371456966,46.437261160557675,407.93182373046875,4501.787421245476,4.501787421245476,186.0121399406501,0.0,0.0
1502,24.42907089190589,46.43724269052908,407.93182373046875,4504.787421245344,4.504787421245345,186.01213994775676,0.0,0.0
1503,24.42906806924212,46.43722422049423,407.93182373046875,4507.787421246089,4.507787421246089,186.01213995122183,0.0,0.0
1504,24.42906524657835,46.437205750453124,407.93182373046875,4510.787421245908,4.510787421245908,186.01213994590674,0.0,0.0
1505,24.429062423914583,46.437187280405766,407.93182373046875,4513.787421245727,4.513787421245727,193.20123242207194,0.0,0.0
1506,24.429056345602945,46.43716942281172,407.93182373046875,4516.750285457099,4.5167502854571,204.52476537708463,0.0,0.0
1507,24.42904515924764,46.43715252614844,407.93182373046875,4519.750285456545,4.519750285456545,204.52476537838808,0.0,0.0
1508,24.42903397289233,46.437135629479904,407.93182373046875,4522.750285457031,4.522750285457031,204.52476537544825,0.0,0.0
1509,24.429022786537026,46.43711873280615,407.54510498046875,4525.750285456476,4.525750285456477,211.17371083112997,-0.1289062500238387,-7.345277752507623
1510,24.42900883903622,46.43710284518121,407.54510498046875,4528.749755075721,4.5287497550757205,211.34810813483972,0.0,0.0
1511,24.42899481894976,46.4370869840779,407.54510498046875,4531.749755075229,4.531749755075229,211.34810813839158,0.0,0.0
1512,24.428980798863297,46.437071122969975,407.71270751953125,4534.749755075774,4.534749755075774,211.34810810930512,0.05586751301067109,3.1976486605452483
1513,24.42896677877684,46.43705526185743,407.71270751953125,4537.749755076078,4.537749755076078,211.43832285917836,0.0,0.0
1514,24.42895272300539,46.43703941657783,407.71270751953125,4540.749640586009,4.540749640586009,214.2152503710774,0.0,0.0
1515,24.428937569232637,46.43702405860405,407.71270751953125,4543.749640586784,4.5437496405867845,214.21525038166268,0.0,0.0
1516,24.428922415459887,46.43700870062595,407.71270751953125,4546.749640586527,4.546749640586527,214.21525037032742,0.0,0.0
1517,24.428907261687133,46.43699334264351,407.71270751953125,4549.749640586531,4.549749640586532,214.21525039761391,0.0,0.0
1518,24.42889210791438,46.43697798465676,407.71270751953125,4552.749640586536,4.552749640586536,214.21525035832053,0.0,0.0
1519,24.428876954141632,46.43696262666567,407.71270751953125,4555.7496405862785,4.555749640586279,214.21525038023876,0.0,0.0
1520,24.428861800368878,46.436947268670245,407.71270751953125,4558.749640586283,4.558749640586283,214.21525037442166,0.0,0.0
1521,24.428846646596124,46.436931910670495,407.71270751953125,4561.749640586288,4.561749640586288,214.21525037389912,0.0,0.0
1522,24.428831492823374,46.43691655266642,407.71270751953125,4564.74964058603,4.56474964058603,214.2152503956692,0.0,0.0
1523,24.42881633905062,46.43690119465802,407.71270751953125,4567.749640586035,4.567749640586035,214.215250367709,0.0,0.0
1524,24.428801185277866,46.43688583664528,407.71270751953125,4570.74964058681,4.5707496405868095,214.21525036718702,0.0,0.0
1525,24.42878603150512,46.436870478628215,407.71270751953125,4573.749640586552,4.573749640586552,214.21525037248006,0.0,0.0
1526,24.428770877732365,46.43685512060682,407.71270751953125,4576.749640586557,4.576749640586557,214.21525038858485,0.0,0.0
1527,24.428755723959615,46.43683976258111,407.71270751953125,4579.749640586299,4.579749640586299,214.21525039380393,0.0,0.0
1528,24.42874057018686,46.43682440455107,407.4708251953125,4582.749640586304,4.582749640586304,214.21525037687942,-0.08062744140612778,-4.609640602967204
1529,24.428725416414107,46.436809046516686,407.4708251953125,4585.7496405863085,4.585749640586308,214.21525037084112,0.0,0.0
1530,24.42871026264136,46.436793688477984,407.8834533691406,4588.749640586051,4.588749640586051,214.2152503816525,0.13754272462117556,7.831479014077406
1531,24.428695108868606,46.436778330434954,407.8834533691406,4591.749640586056,4.591749640586055,214.2152503757633,0.0,0.0
1532,24.428679955095852,46.43676297238759,407.8834533691406,4594.74964058606,4.59474964058606,214.21525036979997,0.0,0.0
1533,24.4286648013231,46.4367476143359,407.8834533691406,4597.749640586573,4.597749640586573,214.21525036398555,0.0,0.0
1534,24.428649647550348,46.436732256279875,407.8834533691406,4600.749640586578,4.600749640586578,214.14166640064846,0.0,0.0
1535,24.428634522411325,46.43671688482061,407.8834533691406,4603.749640476085,4.603749640476085,214.138381605291,0.0,0.0
1536,24.428619398550502,46.43670151275888,407.8834533691406,4606.749640475656,4.606749640475655,214.1383816241835,0.0,0.0
1537,24.428604274689675,46.43668614069282,407.8834533691406,4609.749640476259,4.609749640476259,214.13838163197295,0.0,0.0
1538,24.42858915082885,46.43667076862242,407.8834533691406,4612.7496404760905,4.612749640476091,214.13838162315295,0.0,0.0
1539,24.428574026968025,46.436655396547685,407.8834533691406,4615.749640475661,4.615749640475661,214.13838162552676,0.0,0.0
1540,24.4285589031072,46.436640024468616,407.8834533691406,4618.749640476264,4.618749640476264,214.13838162772,0.0,0.0
1541,24.428543779246375,46.43662465238521,407.8834533691406,4621.749640475835,4.6217496404758345,214.13838160806853,0.0,0.0
1542,24.42852865538555,46.43660928029746,407.8834533691406,4624.749640475667,4.624749640475667,214.13838162136543,0.0,0.0
1543,24.42851353152472,46.43659390820538,407.8834533691406,4627.74964047627,4.62774964047627,214.13838163998818,0.0,0.0
1544,24.428498407663902,46.436578536108975,407.8834533691406,4630.74964047584,4.63074964047584,214.1383816316213,0.0,0.0
1545,24.42848328380307,46.43656316400822,407.8834533691406,4633.749640475672,4.633749640475672,214.13838162821872,0.0,0.0
1546,24.428468159942245,46.43654779190312,407.52392578125,4636.749640476275,4.636749640476275,214.13838161940035,-0.11984252927278685,-6.833878917295363
1547,24.42845303608142,46.4365324197937,407.52392578125,4639.749640475846,4.639749640475846,214.1383816272822,0.0,0.0
1548,24.428437912220595,46.436517047679935,408.22015380859375,4642.749640475678,4.642749640475677,214.13838161846422,0.23207600912759943,13.065683584898913
1549,24.42842278835977,46.436501675561836,408.22015380859375,4645.7496404760195,4.645749640476019,214.13838163185292,0.0,0.0
1550,24.428407664498945,46.4364863034394,408.22015380859375,4648.749640475851,4.6487496404758515,214.13838162312572,0.0,0.0
1551,24.428392540638118,46.436470931312634,408.22015380859375,4651.749640475683,4.651749640475683,214.13838161430834,0.0,0.0
1552,24.428377416777295,46.43645555918152,408.22015380859375,4654.749640476025,4.654749640476025,214.13838163320403,0.0,0.0
1553,24.428362292916468,46.43644018704608,408.22015380859375,4657.749640475857,4.657749640475857,214.13838160786784,0.0,0.0
1554,24.428347169055645,46.436424814906296,408.22015380859375,4660.749640475427,4.660749640475427,214.1383816102447,0.0,0.0
1555,24.428332045194818,46.43640944276217,408.22015380859375,4663.74964047603,4.663749640476031,214.1383816401538,0.0,0.0
1556,24.428316921333987,46.43639407061372,408.22015380859375,4666.749640475862,4.666749640475862,214.1383816202342,0.0,0.0
1557,24.428301797473164,46.43637869846093,408.22015380859375,4669.749640476204,4.669749640476204,214.13838162252128,0.0,0.0
1558,24.42828667361234,46.436363326303805,408.22015380859375,4672.749640476036,4.672749640476036,214.13838162480855,0.0,0.0
1559,24.428271549751518,46.43634795414235,408.22015380859375,4675.749640475607,4.6757496404756065,214.13838162168,0.0,0.0
1560,24.42825642589069,46.436332581976544,408.22015380859375,4678.74964047621,4.67874964047621,214.13838163507089,0.0,0.0
1561,24.428241302029864,46.436317209806404,408.22015380859375,4681.749640476041,4.681749640476041,214.13838162616514,0.0,0.0
1562,24.42822617816904,46.43630183763194,408.22015380859375,4684.749640475612,4.684749640475612,214.1383816120244,0.0,0.0
1563,24.428211054308214,46.43628646545312,408.22015380859375,4687.749640476215,4.687749640476215,214.13838162532548,0.0,0.0
1564,24.428195930447387,46.43627109326998,408.22015380859375,4690.749640476047,4.690749640476047,214.13838160549798,0.0,0.0
1565,24.428180806586564,46.436255721082496,407.6225891113281,4693.7496404756175,4.693749640475618,214.1383816409154,-0.19918823245037762,-11.265203524989099
1566,24.428165682725737,46.436240348890685,408.0646057128906,4696.7496404762205,4.69674964047622,214.1383816155819,0.14733886715788513,8.381591153208927
1567,24.428150558864914,46.436224976694525,408.0646057128906,4699.749640475791,4.699749640475791,214.13838163457098,0.0,0.0
1568,24.428135435004084,46.43620960449404,408.0646057128906,4702.749640475623,4.702749640475623,214.13838162025067,0.0,0.0
1569,24.428120311143257,46.43619423228921,408.0646057128906,4705.749640476226,4.705749640476226,214.1383816279561,0.0,0.0
1570,24.428105187282434,46.43617886008005,408.0646057128906,4708.749640475797,4.708749640475797,214.13838162482983,0.0,0.0
1571,24.428090063421607,46.436163487866544,408.0646057128906,4711.749640475628,4.711749640475628,214.13838161601652,0.0,0.0
1572,24.428074939560783,46.436148115648706,408.0646057128906,4714.74964047597,4.71474964047597,214.13838164592894,0.0,0.0
1573,24.428059815699957,46.43613274342654,408.0646057128906,4717.749640475802,4.717749640475803,214.13838160958414,0.0,0.0
1574,24.428044691839133,46.436117371200034,408.0646057128906,4720.749640475634,4.720749640475634,214.13838161738101,0.0,0.0
1575,24.42802956797831,46.43610199896918,408.0646057128906,4723.749640475976,4.723749640475976,214.1383816307749,0.0,0.0
1576,24.428014444117483,46.436086626734,408.0646057128906,4726.749640475808,4.726749640475807,214.13838160544344,0.0,0.0
1577,24.42799932025666,46.43607125449448,408.0646057128906,4729.74964047615,4.729749640476149,214.13838162443454,0.0,0.0
1578,24.427984196395833,46.43605588225062,408.0646057128906,4732.749640475981,4.732749640475982,214.13838164875133,0.0,0.0
1579,24.427969072535003,46.436040510002435,408.0646057128906,4735.749640475813,4.735749640475813,214.13838160672051,0.0,0.0
1580,24.427953948674183,46.4360251377499,408.0646057128906,4738.749640476155,4.738749640476155,214.13838163130904,0.0,0.0
1581,24.427938824813353,46.43600976549304,408.0646057128906,4741.749640475987,4.7417496404759865,214.13838163342004,0.0,0.0
1582,24.42792370095253,46.435994393231844,408.0646057128906,4744.7496404755575,4.744749640475558,214.13838161928348,0.0,0.0
1583,24.427908577091703,46.4359790209663,408.104248046875,4747.7496404761605,4.747749640476161,214.13838163809487,0.013214111325468986,0.7570687464014203
1584,24.427893453230876,46.435963648696436,408.3593444824219,4750.749640475992,4.750749640475992,214.13838160725874,0.08503214518706073,4.860291486189932
1585,24.427878329370053,46.43594827642222,408.3593444824219,4753.749640475563,4.753749640475563,214.138381626161,0.0,0.0
1586,24.427863205509226,46.43593290414367,408.3593444824219,4756.749640476166,4.7567496404761656,214.13838161744115,0.0,0.0
1587,24.4278480816484,46.43591753186079,408.3593444824219,4759.749640475998,4.759749640475998,214.13838163065654,0.0,0.0
1588,24.427832957787576,46.43590215957357,408.3593444824219,4762.749640475568,4.762749640475568,214.13838161101486,0.0,0.0
1589,24.42781783392675,46.43588678728201,408.3593444824219,4765.749640476171,4.765749640476171,214.13838161872428,0.0,0.0
1590,24.427802710065926,46.43587141498612,408.3593444824219,4768.749640475742,4.768749640475742,214.13838162652434,0.0,0.0
1591,24.427787586205103,46.43585604268589,408.3593444824219,4771.749640475574,4.771749640475574,214.13838162358326,0.0,0.0
1592,24.427772462344272,46.435840670381324,408.3593444824219,4774.749640476177,4.774749640476177,214.13838162560603,0.0,0.0
1593,24.42775733848345,46.43582529807242,408.3593444824219,4777.749640475748,4.777749640475748,214.13838163900348,0.0,0.0
1594,24.427742214622622,46.43580992575919,408.3593444824219,4780.749640475579,4.780749640475579,214.13838161918213,0.0,0.0
1595,24.4277270907618,46.43579455344161,408.3593444824219,4783.749640475921,4.783749640475921,214.13838162707367,0.0,0.0
1596,24.427711966900972,46.435779181119706,408.3593444824219,4786.749640475753,4.786749640475753,214.13838161284954,0.0,0.0
1597,24.427696843040145,46.43576380879345,408.3593444824219,4789.749640476356,4.789749640476356,214.13838163157322,0.0,0.0
1598,24.427681719179322,46.43574843646287,408.3593444824219,4792.749640475927,4.792749640475927,214.13838163946536,0.0,0.0
1599,24.427666595318495,46.43573306412796,408.3593444824219,4795.7496404757585,4.7957496404757585,214.13838162515137,0.0,0.0
1600,24.427651471457672,46.4357176917887,408.3593444824219,4798.7496404761005,4.7987496404761005,214.1383816165249,0.0,0.0
1601,24.427636347596845,46.435702319445106,407.8041076660156,4801.749640475932,4.801749640475932,214.13838164093664,-0.18507893881246357,-10.485591270792343
1602,24.427621223736015,46.43568694709718,407.9736633300781,4804.749640475764,4.804749640475764,214.138381587898,0.056518554690669874,3.234833183827201
1603,24.427606099875195,46.43567157474491,407.9736633300781,4807.749640476106,4.807749640476106,214.13838162891963,0.0,0.0
1604,24.42759097601437,46.4356562023883,407.9736633300781,4810.749640475938,4.810749640475938,214.13838163672247,0.0,0.0
1605,24.42757585215354,46.435640830027374,407.9736633300781,4813.749640475769,4.81374964047577,214.13838160038443,0.0,0.0
1606,24.42756072829272,46.43562545766209,407.9736633300781,4816.749640476111,4.816749640476111,214.1383816359003,0.0,0.0
1607,24.42754560443189,46.43561008529248,407.9736633300781,4819.749640475943,4.819749640475943,214.13838163251015,0.0,0.0
1608,24.42753048057107,46.43559471291854,407.9736633300781,4822.749640475514,4.8227496404755135,214.1383816073663,0.0,0.0
1609,24.42751535671024,46.435579340540244,407.9736633300781,4825.749640476117,4.825749640476117,214.13838163168916,0.0,0.0
1610,24.427500232849415,46.43556396815763,407.9736633300781,4828.749640475949,4.828749640475949,214.13838162288374,0.0,0.0
1611,24.42748510898859,46.435548595770676,407.9736633300781,4831.749640475519,4.831749640475519,214.13838161425954,0.0,0.0
1612,24.427469985127765,46.43553322337938,407.9736633300781,4834.749640476122,4.834749640476122,214.13838162747982,0.0,0.0
1613,24.42745486126694,46.43551785098375,407.9736633300781,4837.749640475693,4.8377496404756934,214.13838162986866,0.0,0.0
1614,24.427439737406115,46.435502478583786,407.9736633300781,4840.749640475525,4.840749640475525,214.13838162124506,0.0,0.0
1615,24.427424613545284,46.43548710617948,407.9736633300781,4843.749640476128,4.843749640476128,214.13838161235017,0.0,0.0
1616,24.42740948968446,46.43547173377084,407.9736633300781,4846.7496404756985,4.846749640475698,214.13838162024595,0.0,0.0
1617,24.427394365823634,46.435456361357865,407.9736633300781,4849.7496404763015,4.849749640476301,214.1383816224546,0.0,0.0
1618,24.42737924196281,46.43544098894055,407.9736633300781,4852.749640475872,4.8527496404758725,214.13838162484444,0.0,0.0
1619,24.427364118101984,46.435425616518906,407.9736633300781,4855.749640475704,4.855749640475704,214.13838161053457,0.0,0.0
1620,24.42734899424116,46.435410244092914,408.1065979003906,4858.749640476307,4.858749640476307,214.13838164596265,0.04431152342859346,2.5372035357511282
1621,24.427333870380334,46.4353948716626,408.1065979003906,4861.749640475878,4.861749640475877,214.1383816206406,0.0,0.0
1622,24.42731874651951,46.43537949922794,408.1065979003906,4864.749640475709,4.86474964047571,214.13838162312175,0.0,0.0
1623,24.427303622658684,46.43536412678895,408.1065979003906,4867.749640476312,4.867749640476313,214.1383816362537,0.0,0.0
1624,24.42728849879786,46.43534875434562,408.1065979003906,4870.749640475883,4.870749640475883,214.13838161661957,0.0,0.0
1625,24.427273374937034,46.435333381897955,408.1065979003906,4873.749640475715,4.873749640475715,214.1383816188298,0.0,0.0
1626,24.42725825107621,46.43531800944594,408.1065979003906,4876.749640476057,4.876749640476056,214.13718083522355,0.0,0.0
1627,24.427243127682868,46.43530263677117,408.1065979003906,4879.749640475887,4.879749640475887,214.13681232669217,0.0,0.0
1628,24.427228004432976,46.43528726402502,408.1065979003906,4882.74964047582,4.88274964047582,214.13681236249036,0.0,0.0
1629,24.42721288118308,46.43527189127454,408.1065979003906,4885.749640475754,4.885749640475754,214.13681234277382,0.0,0.0
1630,24.427197757933197,46.43525651851972,408.1065979003906,4888.749640475426,4.888749640475425,214.13681236205423,0.0,0.0
1631,24.4271826346833,46.43524114576057,408.1065979003906,4891.749640475359,4.891749640475359,214.13681234261063,0.0,0.0
1632,24.42716751143341,46.43522577299707,408.1065979003906,4894.749640476063,4.894749640476063,214.1368123561128,0.0,0.0
1633,24.42715238818352,46.43521040022925,408.1065979003906,4897.749640475735,4.897749640475735,214.1368123477726,0.0,0.0
1634,24.427137264933627,46.435195027457084,408.1065979003906,4900.7496404756685,4.900749640475668,214.13681235585997,0.0,0.0
1635,24.427122141683736,46.43517965468059,408.1065979003906,4903.749640475602,4.903749640475602,214.13681236394754,0.0,0.0
1636,24.42710701843384,46.43516428189975,408.1065979003906,4906.749640475536,4.906749640475535,214.13681233890807,0.0,0.0
1637,24.427091895183953,46.435148909114574,408.1065979003906,4909.749640475979,4.909749640475979,214.13681234699604,0.0,0.0
1638,24.42707677193406,46.43513353632506,408.3079528808594,4912.749640475912,4.912749640475912,214.13681236627804,0.06711832682440207,3.839837775657514
1639,24.427061648684166,46.435118163531214,408.3079528808594,4915.749640475846,4.915749640475846,214.1368123522513,0.0,0.0
1640,24.427046525434275,46.43510279073303,408.3079528808594,4918.749640475779,4.918749640475779,214.13681236015813,0.0,0.0
1641,24.427031402184387,46.43508741793052,408.3079528808594,4921.749640475451,4.9217496404754515,214.13681234640438,0.0,0.0
1642,24.427016278934495,46.43507204512366,408.3079528808594,4924.749640475385,4.924749640475385,214.13681234889646,0.0,0.0
1643,24.427001155684604,46.43505667231246,408.3079528808594,4927.749640476089,4.9277496404760885,214.13681236817942,0.0,0.0
1644,24.42698603243471,46.43504129949694,408.3079528808594,4930.749640476022,4.930749640476022,214.13681234305074,0.0,0.0
1645,24.42697090918482,46.43502592667707,408.3079528808594,4933.749640475694,4.9337496404756935,214.13681236224326,0.0,0.0
1646,24.426955785934926,46.43501055385287,408.3079528808594,4936.7496404756275,4.936749640475628,214.13681234830884,0.0,0.0
1647,24.426940662685034,46.43499518102433,408.3079528808594,4939.749640475561,4.939749640475561,214.13681234529582,0.0,0.0
1648,24.426925539435143,46.43497980819145,408.3079528808594,4942.749640475233,4.942749640475233,214.1368123589829,0.0,0.0
1649,24.42691041618525,46.43496443535423,408.3079528808594,4945.749640475937,4.9457496404759365,214.1368123725793,0.0,0.0
1650,24.42689529293536,46.43494906251269,408.3079528808594,4948.74964047587,4.94874964047587,214.1368123311155,0.0,0.0
1651,24.426880169685464,46.4349336896668,408.3079528808594,4951.749640475804,4.951749640475804,214.30196413550587,0.0,0.0
1652,24.426864982260955,46.43491834698197,408.3079528808594,4954.749628939723,4.954749628939723,214.45483750927886,0.0,0.0
1653,24.42684973543293,46.43490303221555,408.3079528808594,4957.749628939631,4.957749628939632,214.45483751028058,0.0,0.0
1654,24.42683448860491,46.43488771744483,408.3079528808594,4960.749628939277,4.9607496289392765,214.4548375280098,0.0,0.0
1655,24.426819241776887,46.434872402669804,408.3079528808594,4963.749628939185,4.963749628939185,214.45483752901194,0.0,0.0
1656,24.426803994948862,46.43485708789047,408.3017578125,4966.749628939861,4.966749628939861,214.45483750783492,-0.0020650227859925576,-0.11831692205554135
1657,24.42678874812084,46.434841773106825,408.3017578125,4969.7496289397695,4.96974962893977,214.45483751998898,0.0,0.0
1658,24.426773501292814,46.43482645831889,408.3017578125,4972.749628939678,4.9727496289396775,214.45483753206904,0.0,0.0
1659,24.426758254464794,46.43481114352665,408.3017578125,4975.749628939323,4.975749628939323,214.45483751091737,0.0,0.0
1660,24.42674300763677,46.4347958287301,408.3017578125,4978.749628939231,4.978749628939231,214.45483751194524,0.0,0.0
1661,24.426727760808745,46.43478051392925,408.3017578125,4981.749628939908,4.981749628939908,214.45483752965112,0.0,0.0
1662,24.42671251398072,46.434765199124094,408.3017578125,4984.749628939816,4.984749628939816,214.45483751397686,0.0,0.0
1663,24.4266972671527,46.434749884314634,408.3017578125,4987.749628939461,4.987749628939461,214.45483752060585,0.0,0.0
1664,24.426682020324673,46.43473456950087,408.3017578125,4990.749628939369,4.990749628939369,214.45483752713605,0.0,0.0
1665,24.426666773496652,46.43471925468281,408.3017578125,4993.7496289392775,4.993749628939278,214.45483752268817,0.0,0.0
1666,24.426651526668625,46.434703939860434,408.3017578125,4996.749628939954,4.996749628939954,214.45483751811673,0.0,0.0
1667,24.4266362798406,46.43468862503376,408.3017578125,4999.749628939862,4.999749628939862,214.45483752467229,0.0,0.0
1668,24.42662103301258,46.43467331020278,408.3017578125,5002.749628939508,5.002749628939507,214.45483753127752,0.0,0.0
1669,24.42660578618456,46.4346579953675,408.3017578125,5005.749628939416,5.005749628939416,214.45483751567897,0.0,0.0
1670,24.426590539356532,46.434642680527915,408.3017578125,5008.749628939324,5.008749628939324,214.4548375111331,0.0,0.0
1671,24.426575292528508,46.43462736568402,408.3017578125,5011.749628940001,5.0117496289400005,214.45483753994293,0.0,0.0
1672,24.426560045700484,46.43461205083583,408.3017578125,5014.749628939909,5.014749628939908,214.4548375131687,0.0,0.0
1673,24.426544798872463,46.434596735983334,408.3017578125,5017.749628939554,5.017749628939554,214.454837508673,0.0,0.0
1674,24.42652955204444,46.43458142112653,410.73846435546875,5020.749628939462,5.020749628939462,214.45483752635664,0.8122355143477871,39.08472970137249
1675,24.426514305216415,46.43456610626542,408.5867614746094,5023.74962893937,5.02374962893937,214.4548375274123,-0.7172342936417532,-35.64938829786218
1676,24.42649905838839,46.43455079140002,408.5867614746094,5026.749628939278,5.026749628939278,214.4548375061899,0.0,0.0
1677,24.42648381156037,46.4345354765303,408.5867614746094,5029.749628939691,5.029749628939691,214.45483754057668,0.0,0.0
1678,24.426468564732343,46.43452016165629,408.5867614746094,5032.7496289395995,5.0327496289396,214.4548375082527,0.0,0.0
1679,24.426453317904322,46.43450484677796,408.5867614746094,5035.749628939508,5.035749628939508,214.45483752043592,0.0,0.0
1680,24.426438071076298,46.43448953189534,408.5867614746094,5038.749628939416,5.038749628939415,214.4548375603247,0.0,0.0
1681,24.42642282424827,46.43447421700842,408.5867614746094,5041.749628939324,5.041749628939324,214.45483748359348,0.0,0.0
1682,24.42640757742025,46.43445890211717,408.5867614746094,5044.749628939737,5.044749628939737,214.45483752350745,0.0,0.0
1683,24.42639233059223,46.434443587221644,408.5867614746094,5047.749628939645,5.047749628939645,214.45483753566668,0.0,0.0
1684,24.4263770837642,46.4344282723218,408.5867614746094,5050.749628939553,5.0507496289395535,214.45483753112362,0.0,0.0
1685,24.426361836936177,46.43441295741766,408.5867614746094,5053.749628939461,5.053749628939461,214.4548375155284,0.0,0.0
1686,24.426346590108153,46.43439764250921,408.5867614746094,5056.749628939369,5.056749628939369,214.4548375220629,0.0,0.0
1687,24.426331343280133,46.43438232759646,408.5867614746094,5059.749628939782,5.059749628939782,214.45483750646807,0.0,0.0
1688,24.42631609645211,46.434367012679395,408.5867614746094,5062.74962893969,5.062749628939691,214.4548375241297,0.0,0.0
1689,24.426300849624088,46.434351697758046,408.5867614746094,5065.749628939599,5.0657496289395985,214.45483753078875,0.0,0.0
1690,24.42628560279606,46.434336382832385,408.5867614746094,5068.749628939507,5.068749628939507,214.45483752064632,0.0,0.0
1691,24.42627035596804,46.43432106790242,408.5867614746094,5071.749628939152,5.071749628939152,214.4548374939504,0.0,0.0
1692,24.426255109140016,46.434305752968136,408.5867614746094,5074.749628939829,5.074749628939829,214.45483755607012,0.0,0.0
1693,24.42623986231199,46.43429043802957,408.644775390625,5077.749628939737,5.077749628939737,214.45483750712117,0.019337972005800456,1.1078460983822658
1694,24.426224615483967,46.434275123086685,408.644775390625,5080.749628939645,5.080749628939645,214.4548375359355,0.0,0.0
1695,24.42620936865594,46.43425980813951,408.644775390625,5083.749628939553,5.083749628939553,214.45483750359023,0.0,0.0
1696,24.426194121827923,46.43424449318802,408.644775390625,5086.749628939198,5.086749628939199,214.45483753245455,0.0,0.0
1697,24.4261788749999,46.43422917823223,408.644775390625,5089.749628939875,5.089749628939875,214.45483752238795,0.0,0.0
1698,24.42616362817187,46.434213863272134,408.644775390625,5092.749628939783,5.092749628939783,214.4548375289496,0.0,0.0
1699,24.426148381343847,46.43419854830774,408.644775390625,5095.749628939691,5.095749628939691,214.45483750773187,0.0,0.0
1700,24.42613313451583,46.434183233339034,408.644775390625,5098.749628939337,5.098749628939337,214.45483753662182,0.0,0.0
1701,24.426117887687802,46.43416791836602,408.644775390625,5101.749628939245,5.1017496289392446,214.45483752650642,0.0,0.0
1702,24.426102640859778,46.43415260338872,408.644775390625,5104.749628939921,5.1047496289399215,214.454837516416,0.0,0.0
1703,24.426087394031757,46.4341372884071,408.644775390625,5107.74962893983,5.107749628939829,214.45483752862887,0.0,0.0
1704,24.42607214720373,46.43412197342118,408.644775390625,5110.749628939738,5.110749628939738,214.45483750738737,0.0,0.0
1705,24.42605690037571,46.434106658430956,408.644775390625,5113.749628939383,5.113749628939383,214.45483753620383,0.0,0.0
1706,24.426041653547685,46.43409134343644,408.644775390625,5116.749628939291,5.116749628939291,214.454837515062,0.0,0.0
1707,24.42602640671966,46.4340760284376,408.644775390625,5119.749628939199,5.119749628939199,214.4548375438292,0.0,0.0
1708,24.426011159891637,46.43406071343448,408.644775390625,5122.749628939876,5.122749628939876,214.4548375004592,0.0,0.0
1709,24.425995913063613,46.43404539842703,408.644775390625,5125.749628939784,5.125749628939784,214.45483750702306,0.0,0.0
1710,24.425980666235592,46.43403008341529,408.644775390625,5128.749628939429,5.128749628939429,214.45483754141625,0.0,0.0
1711,24.425965419407568,46.434014768399244,408.47161865234375,5131.7496289393375,5.131749628939337,214.4548375202258,-0.057718912762184,-3.3033849734816823
1712,24.425950172579544,46.4339994533789,408.47161865234375,5134.749628939246,5.134749628939246,214.4548375157132,0.0,0.0
1713,24.42593492575152,46.43398413835425,408.47161865234375,5137.749628939922,5.137749628939923,214.45483752785356,0.0,0.0
1714,24.4259196789235,46.43396882332529,408.47161865234375,5140.749628939568,5.1407496289395676,214.45483752334138,0.0,0.0
1715,24.425904432095475,46.43395350829203,408.47161865234375,5143.749628939476,5.143749628939476,214.45483752995608,0.0,0.0
1716,24.425889185267447,46.43393819325446,408.47161865234375,5146.749628939384,5.146749628939384,214.18948186838563,0.0,0.0
1717,24.425874041540492,46.43392282973299,408.47161865234375,5149.749624672458,5.149749624672458,214.15429065184694,0.0,0.0
1718,24.425858911486763,46.43390745977785,408.47161865234375,5152.749624672381,5.152749624672381,214.1542905961677,0.0,0.0
1719,24.425843781433038,46.43389208981836,408.47161865234375,5155.749624672305,5.155749624672305,214.15429065083157,0.0,0.0
1720,24.42582865137931,46.433876719854545,408.47161865234375,5158.7496246722285,5.158749624672229,214.15429058973172,0.0,0.0
1721,24.42581352132558,46.43386134988638,408.47161865234375,5161.749624672922,5.161749624672923,214.15429063888757,0.0,0.0
1722,24.425798391271847,46.43384597991389,408.47161865234375,5164.749624673107,5.1647496246731075,214.15429062168067,0.0,0.0
1723,24.425783261218122,46.43383060993707,408.47161865234375,5167.749624673031,5.16774962467303,214.15429062126125,0.0,0.0
1724,24.425768131164393,46.433815239955905,408.47161865234375,5170.749624672954,5.170749624672954,214.1542906152463,0.0,0.0
1725,24.425753001110664,46.43379986997041,408.47161865234375,5173.749624672878,5.173749624672878,214.15429063126516,0.0,0.0
1726,24.425737871056935,46.43378449998058,408.47161865234375,5176.7496246728015,5.1767496246728015,214.1542906306716,0.0,0.0
1727,24.42572274100321,46.43376912998642,408.47161865234375,5179.749624672725,5.179749624672725,214.15429062474462,0.0,0.0
1728,24.42570761094948,46.43375375998792,408.47161865234375,5182.749624672649,5.182749624672649,214.15429061322206,0.0,0.0
1729,24.42569248089575,46.43373838998509,408.5013732910156,5185.749624672572,5.185749624672573,214.15429061813757,0.009918212890877576,0.5682531062495753
1730,24.425677350842026,46.43372301997792,408.5013732910156,5188.749624672496,5.188749624672496,214.15429062322795,0.0,0.0
1731,24.425662220788297,46.433707649966415,408.5013732910156,5191.7496246724195,5.191749624672419,214.15429063382697,0.0,0.0
1732,24.425647090734564,46.43369227995058,408.5013732910156,5194.749624672604,5.194749624672604,214.1542906167095,0.0,0.0
1733,24.425631960680835,46.433676909930405,408.5013732910156,5197.749624672528,5.197749624672528,214.1542906272215,0.0,0.0
1734,24.425616830627106,46.4336615399059,408.5013732910156,5200.749624672451,5.200749624672452,214.1542906266296,0.0,0.0
1735,24.42560170057338,46.43364616987705,408.5013732910156,5203.749624672375,5.203749624672375,214.154290631721,0.0,0.0
1736,24.425586570519652,46.43363079984388,408.5013732910156,5206.7496246722985,5.206749624672298,214.15429061469172,0.0,0.0
1737,24.425571440465923,46.433615429806366,408.5013732910156,5209.7496246729925,5.209749624672993,214.15429060850468,0.0,0.0
1738,24.425556310412198,46.433600059764515,408.5013732910156,5212.749624672916,5.212749624672916,214.15429061919244,0.0,0.0
1739,24.42554118035847,46.43358468971834,408.5013732910156,5215.74962467284,5.215749624672839,214.15429062419727,0.0,0.0
1740,24.42552605030474,46.43356931966782,408.5013732910156,5218.749624672763,5.218749624672763,214.15429063488546,0.0,0.0
1741,24.425510920251007,46.433553949612964,408.5013732910156,5221.749624672948,5.221749624672948,214.15429063420757,0.0,0.0
1742,24.425495790197278,46.43353857955378,408.5013732910156,5224.7496246728715,5.224749624672872,214.15429061149638,0.0,0.0
1743,24.425480660143553,46.43352320949026,408.5013732910156,5227.749624672795,5.2277496246727955,214.15429061667678,0.0,0.0
1744,24.425465530089824,46.433507839422404,408.5013732910156,5230.749624672719,5.230749624672718,214.15429062719102,0.0,0.0
1745,24.425450400036095,46.43349246935021,408.5013732910156,5233.749624672642,5.233749624672642,214.15429062118034,0.0,0.0
1746,24.425435269982366,46.43347709927369,408.5013732910156,5236.749624672566,5.236749624672566,214.15429063169492,0.0,0.0
1747,24.425420139928637,46.43346172919283,410.94464111328125,5239.7496246724895,5.2397496246724895,214.15429064220973,0.814422607442615,39.160150049072385
1748,24.425405009874908,46.43344635910764,408.9435729980469,5242.749624672413,5.242749624672413,214.15429060857045,-0.6670227050951113,-33.7041879356322
1749,24.425389879821182,46.433430989018106,408.9435729980469,5245.749624672337,5.245749624672337,214.15429063578554,0.0,0.0
1750,24.42537474976745,46.43341561892424,408.9435729980469,5248.749624672521,5.248749624672521,214.15429061316337,0.0,0.0
1751,24.42535961971372,46.43340024882604,408.9435729980469,5251.749624672445,5.251749624672445,214.15429062918733,0.0,0.0
1752,24.42534448965999,46.43338487872351,408.9435729980469,5254.749624672369,5.254749624672368,214.15429061766972,0.0,0.0
1753,24.425329359606263,46.433369508616636,408.9435729980469,5257.7496246730625,5.257749624673062,214.15429062809832,0.0,0.0
1754,24.425314229552537,46.433354138505436,408.9435729980469,5260.749624672986,5.260749624672986,214.1542906056518,0.0,0.0
1755,24.425299099498808,46.433338768389895,408.9435729980469,5263.74962467291,5.26374962467291,214.15429063269326,0.0,0.0
1756,24.42528396944508,46.43332339827002,408.9435729980469,5266.749624672833,5.266749624672833,214.15429061007234,0.0,0.0
1757,24.425268839391354,46.43330802814581,408.9435729980469,5269.749624672757,5.269749624672757,214.1542906372016,0.0,0.0
1758,24.425253709337625,46.43329265801727,408.9435729980469,5272.7496246726805,5.272749624672681,214.15429061475592,0.0,0.0
1759,24.425238579283892,46.43327728788439,408.9435729980469,5275.749624672865,5.275749624672865,214.1542906362024,0.0,0.0
1760,24.425223449230163,46.43326191774718,408.9435729980469,5278.749624672789,5.2787496246727885,214.1542906136697,0.0,0.0
1761,24.425208319176434,46.433246547605634,408.9435729980469,5281.749624672712,5.281749624672712,214.1542906461333,0.0,0.0
1762,24.42519318912271,46.43323117745976,408.9435729980469,5284.749624672636,5.284749624672636,214.15429059614672,0.0,0.0
1763,24.42517805906898,46.43321580730953,408.9435729980469,5287.74962467256,5.28774962467256,214.15429062869808,0.0,0.0
1764,24.42516292901525,46.43320043715498,408.9435729980469,5290.749624672483,5.290749624672483,214.15429062811216,0.0,0.0
1765,24.425147798961525,46.433185066996096,411.1304016113281,5293.749624672407,5.293749624672407,214.15429062219297,0.7289428711123132,36.08991154390446
1766,24.425132668907796,46.43316969683288,409.6707763671875,5296.74962467233,5.29674962467233,214.15429064372822,-0.4865417480592652,-25.944855743098323
1767,24.425117538854067,46.433154326665324,409.6707763671875,5299.749624672254,5.299749624672254,214.15429061026774,0.0,0.0
1768,24.425102408800335,46.43313895649343,409.6707763671875,5302.749624672439,5.302749624672439,214.1542906372243,0.0,0.0
1769,24.425087278746606,46.4331235863172,409.6707763671875,5305.7496246731325,5.305749624673132,214.08464013725282,0.0,0.0
1770,24.425072175885518,46.43310820354431,409.6707763671875,5308.749610540015,5.308749610540015,213.64055756529345,0.0,0.0
1771,24.425057246399525,46.433092740480724,409.6707763671875,5311.749610539745,5.311749610539745,213.6405575781185,0.0,0.0
1772,24.425042316913537,46.43307727741276,409.6707763671875,5314.749610539475,5.314749610539475,213.6405575536736,0.0,0.0
1773,24.42502738742754,46.43306181434039,409.6707763671875,5317.749610539463,5.317749610539463,213.64055757193438,0.0,0.0
1774,24.425012457941552,46.43304635126365,409.6707763671875,5320.749610539969,5.320749610539969,213.6405575634073,0.0,0.0
1775,24.424997528455563,46.433030888182515,409.6707763671875,5323.749610539699,5.323749610539698,213.6405575715749,0.0,0.0
1776,24.42498259896957,46.43301542509699,409.6707763671875,5326.749610539687,5.326749610539687,213.64055756265972,0.0,0.0
1777,24.424967669483582,46.43299996200708,409.6707763671875,5329.749610539417,5.329749610539417,213.64055755976284,0.0,0.0
1778,24.42495273999759,46.43298449891278,409.6707763671875,5332.749610539922,5.332749610539922,213.64055756754252,0.0,0.0
1779,24.424937810511597,46.4329690358141,409.6707763671875,5335.7496105399105,5.33574961053991,213.6405575642575,0.0,0.0
1780,24.42492288102561,46.43295357271103,409.6707763671875,5338.74961053964,5.33874961053964,213.64055756660227,0.0,0.0
1781,24.42490795153962,46.432938109603576,409.6707763671875,5341.74961053937,5.34174961053937,213.64055758040067,0.0,0.0
1782,24.424893022053624,46.432922646491726,409.6707763671875,5344.749610539358,5.344749610539359,213.64055754955123,0.0,0.0
1783,24.424878092567635,46.43290718337549,411.80706787109375,5347.749610539864,5.347749610539864,213.6405575627672,0.7120971678487191,35.45456033730579
1784,24.424863163081646,46.43289172025487,411.80706787109375,5350.749610539594,5.3507496105395935,213.64055755987175,0.0,0.0
1785,24.424848233595654,46.43287625712986,410.7012939453125,5353.749610539582,5.353749610539582,213.64055757289384,-0.36859130859520267,-20.233448069644183
1786,24.424833304109665,46.43286079400047,410.7012939453125,5356.749610539312,5.356749610539312,213.64055758106366,0.0,0.0
1787,24.424818374623673,46.43284533086669,410.7012939453125,5359.749610539818,5.359749610539818,213.64055755603914,0.0,0.0
1788,24.42480344513768,46.432829867728515,410.7012939453125,5362.749610539806,5.362749610539806,213.64055756925606,0.0,0.0
1789,24.424788515651688,46.432814404585955,410.7012939453125,5365.749610539536,5.3657496105395355,213.64055759314948,0.0,0.0
1790,24.4247735861657,46.432798941439025,410.7012939453125,5368.749610539266,5.368749610539266,213.6405575524026,0.0,0.0
1791,24.424758656679707,46.43278347828768,410.7012939453125,5371.749610540029,5.371749610540029,213.640557554361,0.0,0.0
1792,24.424743727193718,46.43276801513196,410.7012939453125,5374.749610539759,5.374749610539759,213.64055757320833,0.0,0.0
1793,24.424728797707726,46.43275255197186,410.7012939453125,5377.7496105394885,5.377749610539489,213.64055755924988,0.0,0.0
1794,24.424713868221733,46.43273708880736,410.7012939453125,5380.749610539477,5.3807496105394765,238.8787613566473,0.0,0.0
1795,24.424708399498606,46.432734813249795,410.7012939453125,5381.460734088462,5.381460734088463,18.97822121612529,0.0,0.0
1796,24.424717163699164,46.43275237734133,410.7012939453125,5384.46073408891,5.3844607340889095,18.97822122972491,0.0,0.0
1797,24.424725927899715,46.43276994142719,410.7012939453125,5387.460734088477,5.387460734088477,18.97822122740996,0.0,0.0
1798,24.424734692100273,46.4327875055074,410.7012939453125,5390.460734088924,5.390460734088924,18.97822122183959,0.0,0.0
1799,24.424743456300824,46.43280506958194,410.7012939453125,5393.460734088491,5.3934607340884915,18.97822122591947,0.0,0.0
1800,24.424752220501382,46.43282263365083,410.7012939453125,5396.460734088209,5.396460734088209,18.978221229947565,0.0,0.0
1801,24.42476098470194,46.43284019771405,410.7012939453125,5399.460734088657,5.399460734088657,18.978221218022213,0.0,0.0
1802,24.42476974890249,46.43285776177161,410.7012939453125,5402.460734088224,5.402460734088224,18.97822121250448,0.0,0.0
1803,24.42477851310305,46.43287532582353,410.7012939453125,5405.460734088671,5.405460734088671,18.978221229296025,0.0,0.0
1804,24.4247872773036,46.43289288986976,410.7012939453125,5408.4607340882385,5.408460734088239,18.978221223791593,0.0,0.0
1805,24.42479604150416,46.43291045391035,410.7012939453125,5411.460734088686,5.411460734088686,18.978221211840946,0.0,0.0
1806,24.42480480570471,46.43292801794527,408.97760009765625,5414.460734088253,5.414460734088253,18.978221238257163,-0.5745646159683301,-29.88015098034085
1807,24.424813569905268,46.432945581974536,408.97760009765625,5417.4607340887005,5.4174607340887,18.97822121673471,0.0,0.0
1808,24.42482233410582,46.43296314599813,408.97760009765625,5420.460734088268,5.420460734088268,21.8103671834549,0.0,0.0
1809,24.424832326516377,46.4329803551827,408.97760009765625,5423.454657652662,5.423454657652662,26.507095901135187,0.0,0.0
1810,24.424844354294514,46.43299697633853,408.97760009765625,5426.454657652255,5.426454657652255,26.50709591250552,0.0,0.0
1811,24.424856382072655,46.43301359748928,408.97760009765625,5429.45465765289,5.42945465765289,26.507095909067118,0.0,0.0
1812,24.424868409850795,46.43303021863496,409.6707763671875,5432.454657652692,5.432454657652692,26.507095890819926,0.23105875652568733,13.010365646754288
1813,24.424880437628932,46.433046839775585,409.6707763671875,5435.454657652494,5.435454657652493,26.50709590656976,0.0,0.0
1814,24.424892465407073,46.433063460911136,409.6707763671875,5438.454657653128,5.4384546576531285,26.507095889357288,0.0,0.0
1815,24.424904493185206,46.43308008204161,409.6707763671875,5441.454657652722,5.441454657652722,26.50709591720988,0.0,0.0
1816,24.424916520963347,46.43309670316702,409.6707763671875,5444.454657652524,5.444454657652524,26.50709590939357,0.0,0.0
1817,24.424928548741487,46.433113324287355,409.6707763671875,5447.454657652325,5.447454657652325,26.507095910335295,0.0,0.0
1818,24.424940576519628,46.43312994540263,409.6707763671875,5450.45465765296,5.45045465765296,26.507095909604914,0.0,0.0
1819,24.424952604297765,46.433146566512825,409.6707763671875,5453.454657652762,5.453454657652762,26.507095903461448,0.0,0.0
1820,24.424964632075906,46.43316318761796,409.6707763671875,5456.454657652564,5.456454657652563,30.46568591181392,0.0,0.0
1821,24.42497827609684,46.43317917340946,409.6707763671875,5459.450276182985,5.459450276182985,32.88846005787184,0.0,0.0
1822,24.424992909798583,46.433194770175184,408.3515930175781,5462.450276182905,5.4624502761829055,32.88846005149924,-0.4397277832148563,-23.736426096500225
1823,24.425007543500335,46.43321036693646,408.3515930175781,5465.450276183078,5.465450276183078,32.88846005865548,0.0,0.0
1824,24.425022177202077,46.43322596369325,408.3515930175781,5468.450276182998,5.468450276182998,32.88846007892147,0.0,0.0
1825,24.425036810903826,46.43324156044559,408.3515930175781,5471.450276183171,5.4714502761831705,32.88846008145174,0.0,0.0
1826,24.42505144460557,46.43325715719345,408.3515930175781,5474.450276182309,5.474450276182309,32.88846005271756,0.0,0.0
1827,24.425066078307314,46.43327275393687,408.3515930175781,5477.450276182229,5.477450276182228,32.88846006695536,0.0,0.0
1828,24.425080712009063,46.43328835067581,408.3515930175781,5480.4502761824015,5.480450276182402,32.88846007018742,0.0,0.0
1829,24.425095345710808,46.43330394741029,408.3515930175781,5483.450276182321,5.483450276182322,32.88846006844267,0.0,0.0
1830,24.425109979412557,46.4333195441403,408.3515930175781,5486.450276182494,5.486450276182494,32.888460049312755,0.0,0.0
1831,24.4251246131143,46.433335140865864,408.3515930175781,5489.450276182414,5.489450276182414,32.88846006958022,0.0,0.0
1832,24.425139246816048,46.433350737586956,408.9435729980469,5492.450276182587,5.492450276182587,32.88846006678426,0.19732666014488373,11.162577147705798
1833,24.425153880517794,46.43336633430358,408.9435729980469,5495.450276182507,5.495450276182507,32.888460059712656,0.0,0.0
1834,24.42516851421954,46.433381931015745,408.9435729980469,5498.450276182427,5.498450276182427,32.888460078928915,0.0,0.0
1835,24.425183147921288,46.43339752772344,408.9435729980469,5501.4502761826,5.5014502761826,32.88846004451824,0.0,0.0
1836,24.42519778162303,46.433413124426686,408.9435729980469,5504.45027618252,5.50445027618252,32.88846005945908,0.0,0.0
1837,24.425212415324783,46.433428721125466,408.9435729980469,5507.4502761826925,5.507450276182692,32.88846007194593,0.0,0.0
1838,24.425227049026525,46.43344431781977,408.9435729980469,5510.4502761826125,5.510450276182612,32.88846006024886,0.0,0.0
1839,24.425241682728274,46.43345991450962,408.9435729980469,5513.450276182785,5.513450276182786,32.88846007876498,0.0,0.0
1840,24.42525631643002,46.43347551119499,408.1142578125,5516.450276182705,5.516450276182705,32.888460055361236,-0.2764383951896666,-15.452842652108458
1841,24.42527095013176,46.433491107875916,408.1142578125,5519.450276182625,5.519450276182625,32.88846006995249,0.0,0.0
1842,24.425285583833514,46.43350670455237,408.1142578125,5522.450276182798,5.522450276182798,32.888460061830926,0.0,0.0
1843,24.425300217535256,46.433522301224365,408.1142578125,5525.450276182718,5.525450276182718,32.888460044807175,0.0,0.0
1844,24.425314851237008,46.4335378978919,408.1142578125,5528.450276182891,5.528450276182891,32.88846006795086,0.0,0.0
1845,24.42532948493875,46.43355349455496,408.1142578125,5531.450276182811,5.53145027618281,32.8884600665599,0.0,0.0
1846,24.425344118640496,46.433569091213556,408.1142578125,5534.4502761829835,5.534450276182984,32.88846005914036,0.0,0.0
1847,24.425358752342245,46.43358468786771,408.1142578125,5537.4502761829035,5.537450276182904,32.88846006770399,0.0,0.0
1848,24.42537338604399,46.433600284517375,408.1142578125,5540.450276183076,5.540450276183076,32.88846007094014,0.0,0.0
1849,24.42538801974574,46.43361588116259,408.1142578125,5543.450276182996,5.5434502761829965,32.88846005784296,0.0,0.0
1850,24.42540265344748,46.43363147780333,408.1142578125,5546.450276182916,5.546450276182917,32.888460067108326,0.0,0.0
1851,24.42541728714923,46.43364707443962,408.5013732910156,5549.450276182308,5.5494502761823075,32.69121607707211,0.12903849286471292,7.352730737153328
1852,24.425431842847047,46.43366270568644,408.5013732910156,5552.450273826115,5.552450273826115,32.66506845845328,0.0,0.0
1853,24.425446388204282,46.43367834151752,408.5013732910156,5555.4502738256715,5.555450273825672,32.665068493502076,0.0,0.0
1854,24.42546093356152,46.43369397734411,408.5013732910156,5558.450273826012,5.558450273826011,32.66506849148243,0.0,0.0
1855,24.425475478918763,46.43370961316622,408.5013732910156,5561.45027382582,5.56145027382582,32.665068493964554,0.0,0.0
1856,24.425490024276,46.43372524898383,408.5013732910156,5564.45027382616,5.56445027382616,32.66506848056031,0.0,0.0
1857,24.425504569633237,46.43374088479697,408.5013732910156,5567.450273825716,5.567450273825716,32.665068484233814,0.0,0.0
1858,24.42551911499048,46.43375652060562,408.3582763671875,5570.450273826308,5.570450273826308,32.66506849201204,-0.047698974599961114,-2.7308800944097973
1859,24.425533660347718,46.43377215640978,408.3582763671875,5573.450273825864,5.573450273825864,32.66506848430089,0.0,0.0
1860,24.425548205704956,46.43378779220946,408.3582763671875,5576.4502738262045,5.576450273826205,32.665068481488504,0.0,0.0
1861,24.42556275106219,46.433803428004644,408.3582763671875,5579.450273825761,5.579450273825761,32.6650685014464,0.0,0.0
1862,24.425577296419434,46.43381906379535,408.3582763671875,5582.450273826353,5.582450273826352,32.66506849294194,0.0,0.0
1863,24.425591841776672,46.43383469958157,408.3582763671875,5585.450273825909,5.585450273825909,32.665068474243526,0.0,0.0
1864,24.425606387133907,46.433850335363296,408.3582763671875,5588.450273826249,5.588450273826249,32.66506848242,0.0,0.0
1865,24.425620932491142,46.43386597114054,408.3582763671875,5591.450273825805,5.591450273825806,32.66506848609515,0.0,0.0
1866,24.425635477848385,46.4338816069133,408.3582763671875,5594.450273826397,5.594450273826397,32.665068493875026,0.0,0.0
1867,24.425650023205623,46.433897242681574,408.3582763671875,5597.450273825953,5.597450273825953,32.665068480472996,0.0,0.0
1868,24.42566456856286,46.43391287844536,408.3582763671875,5600.450273826294,5.600450273826294,32.665068500035375,0.0,0.0
1869,24.4256791139201,46.43392851420465,408.3582763671875,5603.450273826102,5.603450273826102,32.66506847604262,0.0,0.0
1870,24.42569365927734,46.43394414995948,408.3582763671875,5606.450273826442,5.606450273826442,32.665068478527814,0.0,0.0
1871,24.425708204634574,46.43395978570981,408.47161865234375,5609.450273825998,5.609450273825998,32.665068497693824,0.03778076172433945,2.1636491310207955
1872,24.425722749991813,46.43397542145565,408.47161865234375,5612.450273826338,5.612450273826338,32.66506849567787,0.0,0.0
1873,24.425737295349055,46.433991057197,408.47161865234375,5615.450273826146,5.615450273826147,32.66506848796956,0.0,0.0
1874,24.425751840706294,46.43400669293387,408.47161865234375,5618.450273825702,5.618450273825703,32.665068479070555,0.0,0.0
1875,24.42576638606353,46.43402232866626,408.47161865234375,5621.450273826043,5.621450273826043,32.66506849373576,0.0,0.0
1876,24.425780931420768,46.43403796439416,408.0687255859375,5624.450273825851,5.62445027382585,32.665068496222204,-0.13429768881067405,-7.648924866893522
1877,24.425795476778006,46.434053600117565,408.0687255859375,5627.450273826191,5.627450273826191,32.66506847752663,0.0,0.0
1878,24.42581002213524,46.43406923583649,408.0687255859375,5630.450273825747,5.630450273825747,32.665068480807406,0.0,0.0
1879,24.42582456749248,46.43408487155094,408.0687255859375,5633.450273826087,5.633450273826087,32.66506848408841,0.0,0.0
1880,24.425839112849722,46.434100507260894,408.0687255859375,5636.450273825895,5.636450273825895,32.66506849716677,0.0,0.0
1881,24.42585365820696,46.43411614296635,408.0687255859375,5639.450273826235,5.6394502738262355,32.66506846258534,0.0,0.0
1882,24.425868203564196,46.43413177866734,408.0687255859375,5642.450273825792,5.642450273825792,32.66506849274168,0.0,0.0
1883,24.42588274892144,46.43414741436384,408.0687255859375,5645.450273826384,5.645450273826383,32.66506848463848,0.0,0.0
1884,24.425897294278677,46.43416305005585,408.0687255859375,5648.45027382594,5.64845027382594,32.66506848752351,0.0,0.0
1885,24.425911839635916,46.434178685743376,408.0687255859375,5651.45027382628,5.6514502738262795,32.66506849001178,0.0,0.0
1886,24.42592638499315,46.43419432142641,408.0687255859375,5654.450273825836,5.654450273825836,32.66506848879254,0.0,0.0
1887,24.425940930350393,46.43420995710496,408.0687255859375,5657.450273826428,5.657450273826428,32.66506848558873,0.0,0.0
1888,24.42595547570763,46.43422559277903,408.0687255859375,5660.450273825984,5.660450273825984,32.66506848807768,0.0,0.0
1889,24.425970021064867,46.43424122844861,408.0687255859375,5663.4502738263245,5.663450273826324,32.66506849136067,0.0,0.0
1890,24.425984566422105,46.4342568641137,408.644775390625,5666.450273826133,5.666450273826133,32.66506847306465,0.19201660157478287,10.869442719153897
1891,24.425999111779344,46.434272499774316,408.644775390625,5669.450273826473,5.669450273826473,32.66506849183787,0.0,0.0
1892,24.426013657136583,46.434288135430435,408.644775390625,5672.450273826029,5.672450273826029,32.66506848373649,0.0,0.0
1893,24.426028202493818,46.43430377108207,408.644775390625,5675.450273826369,5.675450273826369,32.66506848741727,0.0,0.0
1894,24.42604274785106,46.43431940672922,408.07421875,5678.450273826177,5.6784502738261775,32.66506847931623,-0.19018554688716574,-10.768227383445737
1895,24.4260572932083,46.434335042371885,408.07421875,5681.450273825733,5.6814502738257335,32.66506849239778,0.0,0.0
1896,24.426071838565534,46.43435067801007,408.07421875,5684.4502738260735,5.684450273826074,32.66506849568225,0.0,0.0
1897,24.426086383922772,46.43436631364375,408.07421875,5687.45027382563,5.68745027382563,32.66506848837571,0.0,0.0
1898,24.426100929280015,46.43438194927296,408.07421875,5690.450273826222,5.6904502738262215,32.66506847497993,0.0,0.0
1899,24.426115474637253,46.43439758489768,408.07421875,5693.450273825778,5.6934502738257775,32.665068498653454,0.0,0.0
1900,24.42613001999449,46.43441322051791,408.07421875,5696.450273826118,5.696450273826118,32.665068497437005,0.0,0.0
1901,24.42614456535173,46.43442885613366,408.07421875,5699.450273825926,5.699450273825926,32.66506846736121,0.0,0.0
1902,24.426159110708966,46.434444491744934,408.07421875,5702.450273826266,5.702450273826266,32.665068486136704,0.0,0.0
1903,24.4261736560662,46.4344601273517,408.07421875,5705.4502738258225,5.705450273825822,32.665068494718184,0.0,0.0
1904,24.42618820142344,46.434475762953994,408.07421875,5708.450273826163,5.708450273826163,32.665068482117476,0.0,0.0
1905,24.42620274678068,46.4344913985518,408.07421875,5711.450273825971,5.711450273825971,32.66506848460995,0.0,0.0
1906,24.42621729213792,46.43450703414511,408.07421875,5714.450273826311,5.714450273826311,33.96023954177144,0.0,0.0
1907,24.42623234592623,46.43452243848973,408.07421875,5717.450143933694,5.717450143933694,34.17972230555648,0.0,0.0
1908,24.426247485881614,46.434537803639564,408.07421875,5720.450143934056,5.720450143934055,34.17972236579999,0.0,0.0
1909,24.426262625837,46.434553168785044,408.5867614746094,5723.450143933909,5.723450143933909,34.179722326662386,0.17084757487813065,9.695237125405097
1910,24.426277765792385,46.43456853392621,408.5867614746094,5726.450143933501,5.7264501439335005,34.17972231516728,0.0,0.0
1911,24.42629290574777,46.43458389906305,408.13665771484375,5729.450143933863,5.729450143933863,34.17972234225698,-0.15003458657043856,-8.53270365831844
1912,24.426308045703152,46.43459926419554,408.13665771484375,5732.4501439334545,5.7324501439334545,34.17972230871396,0.0,0.0
1913,24.426323185658536,46.43461462932372,408.13665771484375,5735.450143933816,5.735450143933816,34.1797223414801,0.0,0.0
1914,24.426338325613926,46.434629994447555,408.13665771484375,5738.45014393367,5.73845014393367,34.17972231871573,0.0,0.0
1915,24.42635346556931,46.43464535956706,408.13665771484375,5741.450143934032,5.741450143934032,34.17972233478213,0.0,0.0
1916,24.42636860552469,46.434660724682224,408.13665771484375,5744.450143933624,5.744450143933624,34.17972233990645,0.0,0.0
1917,24.426383745480074,46.43467608979306,408.13665771484375,5747.450143933986,5.747450143933985,34.179722328412765,0.0,0.0
1918,24.426398885435457,46.434691454899564,408.13665771484375,5750.450143933577,5.750450143933577,34.17972233361951,0.0,0.0
1919,24.426414025390848,46.43470682000174,408.13665771484375,5753.450143934201,5.753450143934201,34.179722327474394,0.0,0.0
1920,24.42642916534623,46.43472218509958,408.13665771484375,5756.450143933793,5.756450143933793,34.17972231598128,0.0,0.0
1921,24.426444305301615,46.4347375501931,408.13665771484375,5759.450143934155,5.7594501439341546,34.17972232645485,0.0,0.0
1922,24.426459445257,46.434752915282274,408.13665771484375,5762.450143933746,5.762450143933746,34.179722342604634,0.0,0.0
1923,24.426474585212382,46.434768280367116,408.13665771484375,5765.450143933338,5.765450143933338,34.179722331194114,0.0,0.0
1924,24.42648972516777,46.43478364544763,408.13665771484375,5768.450143933962,5.768450143933962,34.17972233064404,0.0,0.0
1925,24.426504865123153,46.434799010523804,408.13665771484375,5771.450143933554,5.771450143933554,34.17972231363984,0.0,0.0
1926,24.426520005078537,46.434814375595664,408.13665771484375,5774.450143933916,5.774450143933915,34.17972233522056,0.0,0.0
1927,24.42653514503392,46.434829740663176,408.3017578125,5777.450143933507,5.777450143933507,34.17972232932294,0.055033365892907866,3.150002055391313
1928,24.426550284989307,46.43484510572636,408.3017578125,5780.450143933869,5.780450143933869,34.1797223398799,0.0,0.0
1929,24.426565424944695,46.43486047078521,408.3017578125,5783.450143933723,5.783450143933723,34.17972231720046,0.0,0.0
1930,24.42658056490008,46.43487583583973,408.2169189453125,5786.450143934085,5.7864501439340845,34.17972233335183,-0.028279622392421124,-1.6198712776745698
1931,24.426595704855462,46.43489120088992,408.2169189453125,5789.450143933676,5.789450143933676,34.17972231634883,0.0,0.0
1932,24.426610844810845,46.43490656593578,408.2169189453125,5792.450143934038,5.792450143934039,34.17972234344296,0.0,0.0
1933,24.42662598476623,46.434921930977296,408.2169189453125,5795.45014393363,5.79545014393363,34.17972232652227,0.0,0.0
1934,24.426641124721616,46.434937296014496,408.2169189453125,5798.450143934254,5.798450143934254,34.179722342510615,0.0,0.0
1935,24.426656264677,46.43495266104735,408.2169189453125,5801.4501439338455,5.801450143933845,34.17972233661459,0.0,0.0
1936,24.426671404632387,46.43496802607587,408.2169189453125,5804.450143933437,5.804450143933437,34.17972231393651,0.0,0.0
1937,24.42668654458777,46.43498339110007,408.2169189453125,5807.450143933799,5.807450143933799,34.179722313552986,0.0,0.0
1938,24.426701684543154,46.43499875611994,408.2169189453125,5810.450143933391,5.810450143933391,34.17972234624244,0.0,0.0
1939,24.42671682449854,46.43501412113547,408.2169189453125,5813.450143934015,5.8134501439340145,34.17972233467117,0.0,0.0
1940,24.426731964453925,46.43502948614666,408.2169189453125,5816.450143933606,5.816450143933606,34.1797223342063,0.0,0.0
1941,24.42674710440931,46.43504485115353,408.2169189453125,5819.450143933968,5.8194501439339685,34.17972232822956,0.0,0.0
1942,24.426762244364692,46.43506021615606,408.2169189453125,5822.45014393356,5.82245014393356,34.17972231674082,0.0,0.0
1943,24.426777384320076,46.435075581154265,408.2169189453125,5825.450143933922,5.825450143933922,34.17972234951321,0.0,0.0
1944,24.426792524275466,46.43509094614814,408.2169189453125,5828.4501439337755,5.828450143933775,34.179722304706274,0.0,0.0
1945,24.42680766423085,46.43510631113768,408.3079528808594,5831.4501439341375,5.831450143934138,34.17972233731524,0.030344645178630295,1.7380867551793218
1946,24.42682280418623,46.43512167612288,408.3079528808594,5834.450143933729,5.834450143933729,34.17972233693354,0.0,0.0
1947,24.426837944141614,46.43513704110375,408.3079528808594,5837.450143934091,5.837450143934091,34.17972232544582,0.0,0.0
1948,24.426853084096997,46.43515240608029,408.23040771484375,5840.450143933683,5.8404501439336824,34.179722358137326,-0.02584838867539351,-1.4806738716304406
1949,24.426868224052384,46.43516777105249,408.23040771484375,5843.450143933536,5.843450143933536,34.17972232460147,0.0,0.0
1950,24.42688336400777,46.43518313602038,408.23040771484375,5846.450143933898,5.8464501439338985,34.17972231303236,0.0,0.0
1951,24.426898503963155,46.43519850098392,408.23040771484375,5849.45014393349,5.84945014393349,34.179722340048556,0.0,0.0
1952,24.42691364391854,46.43521386594313,408.23040771484375,5852.450143933852,5.852450143933852,34.17972233415588,0.0,0.0
1953,24.426928783873922,46.43522923089801,408.23040771484375,5855.4501439334435,5.855450143933443,34.17972231723911,0.0,0.0
1954,24.42694392382931,46.435244595848566,408.23040771484375,5858.4501439340675,5.858450143934068,34.1797223497681,0.0,0.0
1955,24.426959063784693,46.43525996079477,408.23040771484375,5861.450143933659,5.861450143933659,34.179722316233324,0.0,0.0
1956,24.426974203740077,46.43527532573666,408.23040771484375,5864.450143934021,5.864450143934021,34.17972234884462,0.0,0.0
1957,24.42698934369546,46.43529069067421,408.23040771484375,5867.450143933613,5.867450143933612,34.179722315392155,0.0,0.0
1958,24.427004483650848,46.435306055607434,408.23040771484375,5870.450143933975,5.870450143933975,34.17972234800391,0.0,0.0
1959,24.427019623606235,46.43532142053631,408.23040771484375,5873.450143933828,5.8734501439338285,34.17972231981827,0.0,0.0
1960,24.42703476356162,46.43533678546087,408.23040771484375,5876.45014393419,5.87645014393419,34.17972231943935,0.0,0.0
1961,24.427049903517002,46.43535215038109,408.23040771484375,5879.450143933782,5.879450143933782,34.17972233551518,0.0,0.0
1962,24.427065043472385,46.43536751529698,408.23040771484375,5882.4501439333735,5.882450143933373,34.17972232403042,0.0,0.0
1963,24.42708018342777,46.43538288020854,408.23040771484375,5885.4501439337355,5.885450143933736,34.179722334676455,0.0,0.0
1964,24.427095323383156,46.43539824511576,408.1065979003906,5888.450143933589,5.888450143933589,34.17972231208586,-0.04126993815305603,-2.3632521825996826
1965,24.42711046333854,46.43541361001867,408.1065979003906,5891.450143933951,5.891450143933951,34.179722350293105,0.0,0.0
1966,24.427125603293927,46.43542897491722,407.33343505859375,5894.450143933543,5.894450143933542,34.17972232210889,-0.25772094730070627,-14.451836637489551
1967,24.42714074324931,46.435444339811454,407.33343505859375,5897.450143933905,5.897450143933905,34.17972232724355,0.0,0.0
1968,24.427155883204694,46.43545970470135,407.33343505859375,5900.450143933496,5.900450143933496,34.17972233237839,0.0,0.0
1969,24.42717102316008,46.435475069586914,407.33343505859375,5903.45014393412,5.90345014393412,34.17972234286185,0.0,0.0
1970,24.427186163115465,46.43549043446814,407.33343505859375,5906.450143933712,5.906450143933712,34.179722309329975,0.0,0.0
1971,24.42720130307085,46.43550579934505,407.33343505859375,5909.450143934074,5.909450143934074,34.17972233092007,0.0,0.0
1972,24.427216443026232,46.43552116421762,407.33343505859375,5912.4501439336655,5.912450143933666,34.17972234148601,0.0,0.0
1973,24.427231582981616,46.43553652908585,407.33343505859375,5915.450143934027,5.915450143934027,34.17972233016724,0.0,0.0
1974,24.427246722937006,46.43555189394976,407.33343505859375,5918.450143933881,5.918450143933881,34.179722318357335,0.0,0.0
1975,24.427261862892387,46.43556725880933,407.33343505859375,5921.450143933473,5.921450143933472,34.179722323575504,0.0,0.0
1976,24.42727700284777,46.43558262366457,407.33343505859375,5924.450143933835,5.924450143933835,34.17972233414224,0.0,0.0
1977,24.427292142803154,46.435597988515475,407.33343505859375,5927.450143933426,5.927450143933426,34.17972231714833,0.0,0.0
1978,24.427307282758537,46.43561335336206,407.33343505859375,5930.450143933788,5.930450143933788,34.179722349846145,0.0,0.0
1979,24.427322422713925,46.43562871820429,407.33343505859375,5933.450143933642,5.933450143933642,34.17972232734036,0.0,0.0
1980,24.42733756266931,46.435644083042206,407.33343505859375,5936.450143934004,5.936450143934004,34.17972233231393,0.0,0.0
1981,24.427352702624695,46.435659447875786,407.33343505859375,5939.450143933595,5.939450143933596,34.17972232075107,0.0,0.0
1982,24.42736784258008,46.43567481270503,407.9736633300781,5942.450143933957,5.942450143933957,34.17972234242535,0.2134094238023751,12.046744964703276
1983,24.427382982535462,46.43569017752994,407.9736633300781,5945.450143933549,5.945450143933549,34.17972232000221,0.0,0.0
1984,24.42739812249085,46.43570554235053,407.8041076660156,5948.450143934173,5.948450143934173,34.179722330488744,-0.05651855467574577,-3.234833182974836
1985,24.427413262446233,46.435720907166775,407.8041076660156,5951.450143933765,5.951450143933765,34.17972234105741,0.0,0.0
1986,24.427428402401617,46.43573627197869,407.8041076660156,5954.450143934127,5.954450143934126,34.17972232957743,0.0,0.0
1987,24.427443542357,46.43575163678628,407.8041076660156,5957.450143933718,5.957450143933718,34.17972232920391,0.0,0.0
1988,24.427458682312388,46.43576700158954,407.8041076660156,5960.45014393408,5.9604501439340805,34.17972232874871,0.0,0.0
1989,24.427473822267775,46.43578236638846,407.8041076660156,5963.450143933934,5.963450143933934,34.179722328130026,0.0,0.0
1990,24.42748896222316,46.43579773118305,407.8041076660156,5966.450143933525,5.966450143933526,34.17972233326935,0.0,0.0
1991,24.427504102178542,46.43581309597331,407.8041076660156,5969.450143933887,5.969450143933887,34.179722338327,0.0,0.0
1992,24.427519242133926,46.435828460759225,407.8041076660156,5972.450143933479,5.972450143933479,34.17972233236037,0.0,0.0
1993,24.42753438208931,46.43584382554082,407.8041076660156,5975.450143933841,5.975450143933841,34.17972232096366,0.0,0.0
1994,24.427549522044696,46.435859190318084,407.8041076660156,5978.450143933695,5.978450143933695,34.17972234247668,0.0,0.0
1995,24.42756466200008,46.43587455509101,407.8041076660156,5981.4501439340565,5.981450143934056,34.17972232556815,0.0,0.0
1996,24.427579801955467,46.43588991985961,407.8041076660156,5984.450143933648,5.984450143933648,34.17972233597533,0.0,0.0
1997,24.42759494191085,46.43590528462387,407.8041076660156,5987.45014393401,5.98745014393401,32.10258721504175,0.0,0.0
1998,24.42760926062989,46.43592101393032,407.8041076660156,5990.449469891342,5.990449469891343,31.39240130418159,0.0,0.0
1999,24.427623298508596,46.435936867897105,407.8041076660156,5993.449469891205,5.993449469891205,31.39240131404273,0.0,0.0
2000,24.427637336387306,46.43595272185929,407.8041076660156,5996.449469891068,5.9964494698910675,31.392401297687968,0.0,0.0
2001,24.427651374266016,46.43596857581686,408.3593444824219,5999.44946989093,5.99944946989093,31.39240132288245,0.18507893881055587,10.48559127068666
2002,24.427665412144727,46.43598442976981,408.104248046875,6002.449469891036,6.002449469891036,31.392401300755978,-0.08503214517930133,-4.860291485748542
2003,24.427679450023437,46.43600028371816,408.104248046875,6005.449469891693,6.005449469891693,31.392401304845748,0.0,0.0
2004,24.427693487902147,46.43601613766189,408.104248046875,6008.449469891556,6.008449469891556,31.392401314046708,0.0,0.0
2005,24.427707525780853,46.436031991601006,408.104248046875,6011.449469891419,6.011449469891419,31.39240130280399,0.0,0.0
2006,24.427721563659563,46.43604784553551,408.104248046875,6014.449469891281,6.014449469891281,31.392401323549734,0.0,0.0
2007,24.42773560153828,46.4360636994654,408.104248046875,6017.449469891387,6.017449469891387,31.392401305874046,0.0,0.0
2008,24.427749639416987,46.43607955339068,408.104248046875,6020.4494698912495,6.02044946989125,31.392401294631895,0.0,0.0
2009,24.427763677295697,46.43609540731135,408.104248046875,6023.449469891112,6.023449469891112,31.39240131916688,0.0,0.0
2010,24.427777715174408,46.4361112612274,408.104248046875,6026.449469890975,6.0264494698909745,31.39240131880831,0.0,0.0
2011,24.427791753053118,46.436127115138845,408.104248046875,6029.449469891632,6.029449469891633,31.392401295361253,0.0,0.0
2012,24.42780579093182,46.436142969045676,408.104248046875,6032.449469891495,6.032449469891495,31.392401317430597,0.0,0.0
2013,24.427819828810538,46.436158822947895,408.104248046875,6035.4494698916005,6.0354494698916,31.392401295306286,0.0,0.0
2014,24.427833866689248,46.4361746768455,408.104248046875,6038.449469891463,6.0384494698914635,31.392401308297963,0.0,0.0
2015,24.427847904567955,46.43619053073849,408.104248046875,6041.449469891326,6.041449469891326,31.392401307940418,0.0,0.0
2016,24.427861942446665,46.43620638462687,408.104248046875,6044.4494698911885,6.044449469891188,31.392401306921897,0.0,0.0
2017,24.427875980325375,46.436222238510645,408.104248046875,6047.449469891051,6.047449469891051,31.392401321236605,0.0,0.0
2018,24.42789001820408,46.4362380923898,408.104248046875,6050.449469890914,6.050449469890914,31.392401305546684,0.0,0.0
2019,24.427904056082795,46.43625394626434,407.8114013671875,6053.449469891019,6.053449469891019,31.392401308978606,-0.09761555989240048,-5.575295749792161
2020,24.427918093961505,46.43626980013427,407.6225891113281,6056.449469891677,6.056449469891677,31.392401318844065,-0.06293741860599653,-3.6012984151501963
2021,24.427932131840215,46.43628565399959,407.6225891113281,6059.44946989154,6.05944946989154,31.392401290949238,0.0,0.0
2022,24.427946169718922,46.4363015078603,407.6225891113281,6062.449469891402,6.062449469891402,31.392401316148153,0.0,0.0
2023,24.427960207597632,46.43631736171639,407.6225891113281,6065.449469891265,6.065449469891265,31.39240132156442,0.0,0.0
2024,24.427974245476346,46.43633321556787,407.6225891113281,6068.44946989137,6.0684494698913705,31.392401308342016,0.0,0.0
2025,24.427988283355052,46.43634906941474,407.6225891113281,6071.449469891233,6.071449469891233,31.392401313097537,0.0,0.0
2026,24.428002321233762,46.43636492325699,407.6225891113281,6074.449469891096,6.074449469891095,31.392401291636986,0.0,0.0
2027,24.428016359112473,46.43638077709464,407.6225891113281,6077.449469890958,6.077449469890959,31.392401305953797,0.0,0.0
2028,24.42803039699118,46.436396630927675,407.6225891113281,6080.449469891616,6.080449469891616,31.39240130493772,0.0,0.0
2029,24.42804443486989,46.43641248475609,407.6225891113281,6083.449469891479,6.0834494698914785,31.392401319916075,0.0,0.0
2030,24.428058472748603,46.436428338579894,407.6225891113281,6086.449469891584,6.086449469891584,31.392401308678416,0.0,0.0
2031,24.428072510627313,46.436444192399094,407.6225891113281,6089.449469891447,6.089449469891447,31.392401296118578,0.0,0.0
2032,24.42808654850602,46.436460046213675,407.6225891113281,6092.4494698913095,6.092449469891309,31.392401316208634,0.0,0.0
2033,24.42810058638473,46.436475900023645,407.6225891113281,6095.449469891172,6.0954494698911725,31.392401315854727,0.0,0.0
2034,24.42811462426344,46.436491753829,407.6225891113281,6098.449469891035,6.098449469891035,31.392401298184552,0.0,0.0
2035,24.428128662142147,46.43650760762974,407.6225891113281,6101.4494698908975,6.101449469890897,31.392401293381226,0.0,0.0
2036,24.42814270002086,46.436523461425885,407.6225891113281,6104.449469891798,6.104449469891798,31.392401332593863,0.0,0.0
2037,24.42815673789957,46.436539315217395,407.4578552246094,6107.449469891661,6.107449469891661,31.39240130091349,-0.05491129557543039,-3.1430290136379444
2038,24.428170775778277,46.4365551690043,407.4578552246094,6110.449469891523,6.110449469891523,31.392401310121556,0.0,0.0
2039,24.428184813656987,46.436571022786595,407.4578552246094,6113.449469891386,6.1134494698913855,31.392401298885716,0.0,0.0
2040,24.428198851535697,46.43658687656428,407.52392578125,6116.449469891249,6.116449469891249,31.6324179323355,0.022023518881216522,1.261650726549079
2041,24.428212984184203,46.4366026880219,407.52392578125,6119.449156851082,6.119449156851082,34.48635763680426,0.0,0.0
2042,24.428228243239072,46.436617996525854,407.52392578125,6122.449156851263,6.122449156851263,34.48635764701271,0.0,0.0
2043,24.428243502293935,46.4366333050255,407.52392578125,6125.449156851181,6.1254491568511815,34.48635765727539,0.0,0.0
2044,24.428258761348804,46.43664861352085,407.52392578125,6128.449156851362,6.128449156851362,34.486357623003016,0.0,0.0
2045,24.428274020403666,46.43666392201191,407.52392578125,6131.44915685128,6.13144915685128,34.486357638839706,0.0,0.0
2046,24.428289279458536,46.43667923049866,407.52392578125,6134.449156851461,6.134449156851462,34.486357643475344,0.0,0.0
2047,24.4283045385134,46.43669453898111,407.52392578125,6137.4491568513795,6.137449156851379,34.48635763149821,0.0,0.0
2048,24.428319797568268,46.43670984745927,407.52392578125,6140.4491568515605,6.1404491568515605,34.486357636152206,0.0,0.0
2049,24.428335056623133,46.43672515593311,407.52392578125,6143.449156851479,6.143449156851479,34.486357657509416,0.0,0.0
2050,24.428350315678,46.436740464402654,407.52392578125,6146.449156850892,6.146449156850892,34.48635763438557,0.0,0.0
2051,24.428365574732865,46.436755772867905,407.52392578125,6149.44915685081,6.14944915685081,34.48635763909414,0.0,0.0
2052,24.428380833787735,46.43677108132885,407.52392578125,6152.449156850991,6.152449156850991,34.48635762152634,0.0,0.0
2053,24.4283960928426,46.4367863897855,407.52392578125,6155.449156850909,6.155449156850909,34.48635766507107,0.0,0.0
2054,24.428411351897466,46.436801698237836,407.52392578125,6158.44915685109,6.15844915685109,34.48635762529898,0.0,0.0
2055,24.42842661095233,46.43681700668589,406.7398986816406,6161.449156851008,6.161449156851009,34.48635764110173,-0.261342366543589,-14.646234520917268
2056,24.428441870007198,46.436832315129635,406.7398986816406,6164.449156851189,6.164449156851189,34.48635762909038,0.0,0.0
2057,24.42845712906206,46.43684762356908,406.7398986816406,6167.449156851108,6.167449156851108,34.486357656040866,0.0,0.0
2058,24.428472388116933,46.436862932004225,407.4708251953125,6170.4491568512885,6.170449156851289,34.48635762730896,0.24364217120925943,13.692885209966148
2059,24.428487647171796,46.43687824043507,407.4708251953125,6173.449156851207,6.173449156851206,34.48635765425985,0.0,0.0
2060,24.428502906226665,46.436893548861605,407.4708251953125,6176.449156851388,6.176449156851388,34.486357625546304,0.0,0.0
2061,24.428518165281528,46.43690885728385,407.4708251953125,6179.449156851306,6.179449156851306,34.48635764136827,0.0,0.0
2062,24.428533424336393,46.43692416570179,407.4708251953125,6182.449156851487,6.1824491568514865,34.486357634913816,0.0,0.0
2063,24.42854868339126,46.436939474115434,407.4708251953125,6185.449156851405,6.185449156851405,34.48635763962477,0.0,0.0
2064,24.42856394244613,46.43695478252478,407.4708251953125,6188.449156851586,6.188449156851586,34.486357627597044,0.0,0.0
2065,24.428579201500995,46.43697009092982,407.4708251953125,6191.449156851504,6.191449156851504,34.486357654513256,0.0,0.0
2066,24.42859446055586,46.43698539933055,407.4708251953125,6194.449156851685,6.194449156851685,34.48635764250389,0.0,0.0
2067,24.428609719610726,46.43700070772699,407.4708251953125,6197.449156850835,6.197449156850834,34.48635764164209,0.0,0.0
2068,24.428624978665592,46.437016016119124,407.4708251953125,6200.449156851016,6.200449156851016,34.48635761853967,0.0,0.0
2069,24.428640237720458,46.43703132450697,407.4708251953125,6203.449156850934,6.203449156850934,34.48635765099442,0.0,0.0
2070,24.428655496775328,46.4370466328905,407.4708251953125,6206.449156851115,6.206449156851114,34.48635763898585,0.0,0.0
2071,24.42867075583019,46.43706194126974,407.4708251953125,6209.449156851033,6.209449156851033,34.4863576547919,0.0,0.0
2072,24.42868601488506,46.437077249644666,407.4708251953125,6212.449156851214,6.212449156851214,34.48635761500526,0.0,0.0
2073,24.42870127393992,46.43709255801531,406.4689636230469,6215.449156851132,6.2154491568511325,34.48635764190516,-0.3339538574309869,-18.466940934727262
2074,24.428716532994788,46.437107866381645,406.4689636230469,6218.44915685105,6.21844915685105,34.48635762993331,0.0,0.0
2075,24.428731792049653,46.437123174743675,406.4689636230469,6221.449156851231,6.221449156851231,34.48635764570429,0.0,0.0
2076,24.42874705110452,46.43713848310141,406.4689636230469,6224.449156851149,6.22444915685115,34.48635765041786,0.0,0.0
2077,24.42876231015939,46.43715379145484,407.54510498046875,6227.44915685133,6.22744915685133,27.27033998229018,0.35871378578565055,19.733610034689832
2078,24.428774598377274,46.43717021957866,407.54510498046875,6230.43464209262,6.230434642092621,22.865507216235528,0.0,0.0
2079,24.42878507011154,46.43718733237049,407.54510498046875,6233.434642093106,6.233434642093106,22.865507217333402,0.0,0.0
2080,24.42879554184581,46.437204445156944,407.54510498046875,6236.434642092553,6.236434642092553,22.865507228474826,0.0,0.0
2081,24.42880601358008,46.437221557938024,407.54510498046875,6239.434642093039,6.239434642093038,22.865507230967808,0.0,0.0
2082,24.428816485314346,46.43723867071372,407.54510498046875,6242.434642092667,6.242434642092666,22.25660577742957,0.0,0.0
2083,24.42882667586415,46.437255831082844,407.54510498046875,6245.429733034218,6.245429733034218,4.735817925763854,0.0,0.0
2084,24.428828900853087,46.43727433985299,407.54510498046875,6248.429733033689,6.2484297330336895,4.735817929554685,0.0,0.0
2085,24.42883112584203,46.437292848616856,407.54510498046875,6251.42973303409,6.251429733034089,4.735817922298054,0.0,0.0
2086,24.428833350830967,46.43731135737444,407.54510498046875,6254.42973303449,6.25442973303449,4.735817925020797,0.0,0.0
2087,24.428835575819907,46.43732986612573,407.54510498046875,6257.429733033961,6.257429733033962,4.73581792207284,0.0,0.0
2088,24.428837800808843,46.43734837487074,407.54510498046875,6260.429733034362,6.2604297330343615,357.3032098425316,0.0,0.0
2089,24.428836533320414,46.437366919175,407.38372802734375,6263.42855708323,6.2634285570832295,356.9573691205101,-0.05381341168912548,-3.080310257358993
2090,24.42883510287064,46.43738546513247,407.38372802734375,6266.428557082977,6.266428557082977,356.95736911977974,0.0,0.0
2091,24.42883367242086,46.43740401108363,407.38372802734375,6269.428557082724,6.269428557082724,356.9573691325543,0.0,0.0
2092,24.42883224197109,46.43742255702847,407.38372802734375,6272.428557082471,6.272428557082471,356.9573691089805,0.0,0.0
2093,24.42883081152131,46.437441102967014,407.38372802734375,6275.4285570831735,6.275428557083173,356.95736912538257,0.0,0.0
2094,24.428829381071534,46.43745964889923,407.38372802734375,6278.428557082921,6.278428557082921,343.5777850271246,0.0,0.0
2095,24.428821774512283,46.43747743431863,407.38372802734375,6281.4236687739285,6.281423668773929,342.7811910323688,0.0,0.0
2096,24.428813796888306,46.437495174040514,407.38372802734375,6284.4236687739985,6.284423668773998,342.7811910275988,0.0,0.0
2097,24.428805819264326,46.43751291375663,407.38372802734375,6287.423668774069,6.2874236687740686,342.78119103123674,0.0,0.0
2098,24.428797841640353,46.43753065346696,407.38372802734375,6290.423668774139,6.290423668774139,341.0879375638623,0.0,0.0
2099,24.428789124309404,46.437548187901555,407.38372802734375,6293.417679933107,6.293417679933107,333.351940919853,0.0,0.0
2100,24.42877703723456,46.437564787221056,407.38372802734375,6296.417679933375,6.296417679933375,333.3519408939209,0.0,0.0
2101,24.428764950159714,46.4375813865355,407.38372802734375,6299.417679933021,6.299417679933021,333.35194091856863,0.0,0.0
2102,24.428752863084874,46.43759798584488,407.38372802734375,6302.417679933289,6.302417679933289,333.35194092508493,0.0,0.0
2103,24.42874077601003,46.43761458514922,406.1693420410156,6305.417679933557,6.305417679933558,329.1092117237296,-0.40479532873983937,-22.037872392650968
2104,24.428727037035223,46.437630411012776,406.1693420410156,6308.396654722196,6.308396654722197,318.26306856459433,0.0,0.0
2105,24.428709096469,46.43764426964608,406.7676696777344,6311.396654721638,6.311396654721638,318.263068542755,0.19944254561004154,11.279217853677798
2106,24.428691155902772,46.437658128275864,406.7676696777344,6314.396654722084,6.314396654722084,318.26306854407136,0.0,0.0
2107,24.42867321533654,46.43767198690211,406.7676696777344,6317.396654721836,6.317396654721836,318.26306856349765,0.0,0.0
2108,24.428655274770318,46.437685845524854,406.7676696777344,6320.3966547219725,6.320396654721972,318.2630685467036,0.0,0.0
2109,24.428637334204087,46.43769970414405,406.7676696777344,6323.396654721724,6.323396654721725,318.2630685545516,0.0,0.0
2110,24.42861939363786,46.43771356275974,406.7676696777344,6326.396654722171,6.326396654722171,318.26306855438105,0.0,0.0
2111,24.428601453071632,46.437727421371896,406.7676696777344,6329.396654721612,6.329396654721612,318.2630685441186,0.0,0.0
2112,24.428583512505405,46.43774127998053,406.7676696777344,6332.396654722059,6.332396654722059,318.26306852583764,0.0,0.0
2113,24.428565571939174,46.43775513858563,406.7676696777344,6335.396654721811,6.33539665472181,318.2630685663454,0.0,0.0
2114,24.428547631372947,46.43776899718722,406.7676696777344,6338.396654722257,6.338396654722257,318.2630685581558,0.0,0.0
2115,24.428529690806723,46.43778285578528,406.7676696777344,6341.396654721699,6.341396654721699,318.2630685740211,0.0,0.0
2116,24.428511750240496,46.43779671437982,406.7676696777344,6344.396654722145,6.3443966547221455,318.2630685129871,0.0,0.0
2117,24.428493809674265,46.437810572970825,406.7676696777344,6347.396654721897,6.347396654721897,318.2630685751639,0.0,0.0
2118,24.42847586910804,46.43782443155831,406.7676696777344,6350.396654722033,6.350396654722034,318.26306852868004,0.0,0.0
2119,24.42845792854181,46.43783829014227,405.7391357421875,6353.396654721785,6.353396654721785,318.2630685662143,-0.3428446452106669,-18.92400367112832
2120,24.428439987975583,46.43785214872271,405.7391357421875,6356.396654722232,6.356396654722231,318.26306854288606,0.0,0.0
2121,24.428422047409356,46.43786600729962,405.7391357421875,6359.396654721673,6.359396654721674,318.2630685492457,0.0,0.0
2122,24.42840410684313,46.437879865873,405.7391357421875,6362.39665472212,6.36239665472212,318.2630685274033,0.0,0.0
2123,24.428386166276898,46.43789372444286,405.7391357421875,6365.3966547218715,6.365396654721872,318.26306856493693,0.0,0.0
2124,24.42836822571067,46.4379075830092,405.7391357421875,6368.396654722008,6.368396654722008,318.26306854160794,0.0,0.0
2125,24.428350285144443,46.43792144157201,406.9849853515625,6371.39665472176,6.371396654721759,318.2630685675632,0.4152832031593705,22.552291000321894
2126,24.428332344578216,46.4379353001313,406.9849853515625,6374.396654722206,6.374396654722206,323.83070268170957,0.0,0.0
2127,24.428316551960332,46.437950187033536,406.9849853515625,6377.375485430737,6.377375485430737,332.16016100737625,0.0,0.0
2128,24.428303966518307,46.43796660939087,406.9849853515625,6380.375485430335,6.380375485430335,332.1601610158697,0.0,0.0
2129,24.428291381076278,46.43798303174326,406.9849853515625,6383.375485430151,6.38337548543015,332.1601610349246,0.0,0.0
2130,24.42827879563425,46.43799945409071,406.9849853515625,6386.37548543079,6.38637548543079,332.1601610278824,0.0,0.0
2131,24.428266210192223,46.438015876433205,406.9849853515625,6389.375485430605,6.389375485430605,332.1601609891548,0.0,0.0
2132,24.428253624750194,46.43803229877073,406.9849853515625,6392.375485430421,6.392375485430421,332.16016103251786,0.0,0.0
2133,24.428241039308165,46.43804872110333,406.9849853515625,6395.375485430236,6.395375485430236,332.1601610194956,0.0,0.0
2134,24.428228453866137,46.438065143430975,406.9849853515625,6398.375485430875,6.398375485430876,332.16016101563787,0.0,0.0
2135,24.428215868424108,46.43808156575366,406.9849853515625,6401.375485430691,6.401375485430691,332.1601610346916,0.0,0.0
2136,24.42820328298208,46.43809798807142,406.9849853515625,6404.375485430506,6.404375485430506,332.1601610047363,0.0,0.0
2137,24.428190697540053,46.43811441038421,405.955322265625,6407.3754854303215,6.407375485430322,332.16016102418104,-0.34322102866695603,-18.94329841280053
2138,24.42817811209802,46.43813083269206,405.955322265625,6410.375485430961,6.4103754854309605,332.16016101674575,0.0,0.0
2139,24.428165526656,46.438147254994945,405.955322265625,6413.375485430559,6.413375485430559,332.1601610100929,0.0,0.0
2140,24.42815294121397,46.43816367729289,405.955322265625,6416.375485430374,6.4163754854303745,332.1601610245633,0.0,0.0
2141,24.42814035577194,46.43818009958589,405.955322265625,6419.37548543019,6.41937548543019,332.16016103584815,0.0,0.0
2142,24.428127770329915,46.43819652187395,406.5356750488281,6422.375485430829,6.422375485430829,332.1601610017006,0.19345092769314579,10.948680162386234
2143,24.428115184887886,46.43821294415704,406.5356750488281,6425.375485430644,6.425375485430644,332.16015764483126,0.0,0.0
2144,24.428112,46.4382171,406.5356750488281,6426.134669226523,6.426134669226523,332.16015764483126,0.0,0.0
