{
"type": "FeatureCollection",
"name": "zolder_track_3d",
"crs": { "type": "name", "properties": { "name": "urn:ogc:def:crs:OGC:1.3:CRS84" } },
"features": [
{ "type": "Feature", "properties": { "point_id": 0, "lon": 5.2492827, "lat": 50.9868116, "elevation_m": 28.985342025756836, "distance_m": 0.0, "distance_km": 0.0, "heading_deg": 150.26834854360243, "slope": 0.0, "slope_deg": 0.0 }, "geometry": { "type": "Point", "coordinates": [ 5.2492827, 50.9868116 ] } },
{ "type": "Feature", "properties": { "point_id": 1, "lon": 5.2493272508848623, "lat": 50.98676249531087, "elevation_m": 28.21550178527832, "distance_m": 9.9999999996695994, "distance_km": 0.0099999999996695996, "heading_deg": 150.26834854362596, "slope": -0.076984024050395117, "slope_deg": -4.4021768107268455 }, "geometry": { "type": "Point", "coordinates": [ 5.249327250884862, 50.98676249531087 ] } },
{ "type": "Feature", "properties": { "point_id": 2, "lon": 5.2493718017697244, "lat": 50.986713390569797, "elevation_m": 28.21550178527832, "distance_m": 20.000000000147921, "distance_km": 0.02000000000014792, "heading_deg": 150.26834855322909, "slope": 0.0, "slope_deg": 0.0 }, "geometry": { "type": "Point", "coordinates": [ 5.249371801769724, 50.986713390569797 ] } },
{ "type": "Feature", "properties": { "point_id": 3, "lon": 5.2494163526545856, "lat": 50.986664285776769, "elevation_m": 28.21550178527832, "distance_m": 29.999999999759787, "distance_km": 0.029999999999759788, "heading_deg": 150.26834854116561, "slope": 0.0, "slope_deg": 0.0 }, "geometry": { "type": "Point", "coordinates": [ 5.249416352654586, 50.986664285776769 ] } },
{ "type": "Feature", "properties": { "point_id": 4, "lon": 5.2494609035394477, "lat": 50.9866151809318, "elevation_m": 28.21550178527832, "distance_m": 40.000000000238103, "distance_km": 0.040000000000238102, "heading_deg": 150.26834854827081, "slope": 0.0, "slope_deg": 0.0 }, "geometry": { "type": "Point", "coordinates": [ 5.249460903539448, 50.9866151809318 ] } },
{ "type": "Feature", "properties": { "point_id": 5, "lon": 5.2495054544243098, "lat": 50.986566076034883, "elevation_m": 28.21550178527832, "distance_m": 49.9999999999077, "distance_km": 0.049999999999907702, "heading_deg": 150.26834854302149, "slope": 0.0, "slope_deg": 0.0 }, "geometry": { "type": "Point", "coordinates": [ 5.24950545442431, 50.986566076034883 ] } },
{ "type": "Feature", "properties": { "point_id": 6, "lon": 5.2495500053091728, "lat": 50.986516971086033, "elevation_m": 28.163131713867188, "distance_m": 60.000000000386024, "distance_km": 0.060000000000386022, "heading_deg": 150.2683485482325, "slope": -0.0052370071408627834, "slope_deg": -0.30005566333811567 }, "geometry": { "type": "Point", "coordinates": [ 5.249550005309173, 50.986516971086033 ] } },
{ "type": "Feature", "properties": { "point_id": 7, "lon": 5.249594556194034, "lat": 50.986467866085228, "elevation_m": 28.163131713867188, "distance_m": 70.000000000055621, "distance_km": 0.070000000000055615, "heading_deg": 150.26834854092561, "slope": 0.0, "slope_deg": 0.0 }, "geometry": { "type": "Point", "coordinates": [ 5.249594556194034, 50.986467866085228 ] } },
{ "type": "Feature", "properties": { "point_id": 8, "lon": 5.2496391070788961, "lat": 50.986418761032482, "elevation_m": 28.163131713867188, "distance_m": 79.99999999966748, "distance_km": 0.079999999999667476, "heading_deg": 150.26834854727542, "slope": 0.0, "slope_deg": 0.0 }, "geometry": { "type": "Point", "coordinates": [ 5.249639107078896, 50.986418761032482 ] } },
{ "type": "Feature", "properties": { "point_id": 9, "lon": 5.2496836579637574, "lat": 50.986369655927781, "elevation_m": 28.163131713867188, "distance_m": 90.000000000145803, "distance_km": 0.090000000000145797, "heading_deg": 150.26834854474407, "slope": 0.0, "slope_deg": 0.0 }, "geometry": { "type": "Point", "coordinates": [ 5.249683657963757, 50.986369655927781 ] } },
{ "type": "Feature", "properties": { "point_id": 10, "lon": 5.2497282088486195, "lat": 50.98632055077114, "elevation_m": 28.163131713867188, "distance_m": 99.999999999815401, "distance_km": 0.099999999999815403, "heading_deg": 150.26834854699786, "slope": 0.0, "slope_deg": 0.0 }, "geometry": { "type": "Point", "coordinates": [ 5.249728208848619, 50.98632055077114 ] } },
{ "type": "Feature", "properties": { "point_id": 11, "lon": 5.2497727597334825, "lat": 50.986271445562544, "elevation_m": 28.163131713867188, "distance_m": 110.00000000029372, "distance_km": 0.11000000000029372, "heading_deg": 150.26834854461094, "slope": 0.0, "slope_deg": 0.0 }, "geometry": { "type": "Point", "coordinates": [ 5.249772759733482, 50.986271445562544 ] } },
{ "type": "Feature", "properties": { "point_id": 12, "lon": 5.2498173106183428, "lat": 50.986222340302014, "elevation_m": 28.300140380859375, "distance_m": 119.99999999990558, "distance_km": 0.11999999999990558, "heading_deg": 150.26834854916126, "slope": 0.013700866699750536, "slope_deg": 0.78495272455264231 }, "geometry": { "type": "Point", "coordinates": [ 5.249817310618343, 50.986222340302014 ] } },
{ "type": "Feature", "properties": { "point_id": 13, "lon": 5.2498618615032058, "lat": 50.986173234989529, "elevation_m": 28.093093872070312, "distance_m": 130.00000000038389, "distance_km": 0.13000000000038389, "heading_deg": 150.26834854108006, "slope": -0.020704650877915929, "slope_deg": -1.1861196413627362 }, "geometry": { "type": "Point", "coordinates": [ 5.249861861503206, 50.986173234989529 ] } },
{ "type": "Feature", "properties": { "point_id": 14, "lon": 5.2499064123880679, "lat": 50.986124129625111, "elevation_m": 28.093093872070312, "distance_m": 140.00000000005349, "distance_km": 0.1400000000000535, "heading_deg": 150.26834854373624, "slope": 0.0, "slope_deg": 0.0 }, "geometry": { "type": "Point", "coordinates": [ 5.249906412388068, 50.986124129625111 ] } },
{ "type": "Feature", "properties": { "point_id": 15, "lon": 5.24995096327293, "lat": 50.986075024208738, "elevation_m": 28.093093872070312, "distance_m": 149.99999999972309, "distance_km": 0.14999999999972308, "heading_deg": 150.2683485459425, "slope": 0.0, "slope_deg": 0.0 }, "geometry": { "type": "Point", "coordinates": [ 5.24995096327293, 50.986075024208738 ] } },
{ "type": "Feature", "properties": { "point_id": 16, "lon": 5.249995514157793, "lat": 50.986025918740424, "elevation_m": 28.093093872070312, "distance_m": 160.0000000002014, "distance_km": 0.1600000000002014, "heading_deg": 150.2683485483027, "slope": 0.0, "slope_deg": 0.0 }, "geometry": { "type": "Point", "coordinates": [ 5.249995514157793, 50.986025918740424 ] } },
{ "type": "Feature", "properties": { "point_id": 17, "lon": 5.2500400650426533, "lat": 50.985976813220155, "elevation_m": 28.093093872070312, "distance_m": 169.99999999981327, "distance_km": 0.16999999999981327, "heading_deg": 150.26834854641288, "slope": 0.0, "slope_deg": 0.0 }, "geometry": { "type": "Point", "coordinates": [ 5.250040065042653, 50.985976813220155 ] } },
{ "type": "Feature", "properties": { "point_id": 18, "lon": 5.2500846159275163, "lat": 50.985927707647946, "elevation_m": 28.452676773071289, "distance_m": 180.00000000029158, "distance_km": 0.18000000000029157, "heading_deg": 150.26834854307879, "slope": 0.03595829009837774, "slope_deg": 2.059370979027682 }, "geometry": { "type": "Point", "coordinates": [ 5.250084615927516, 50.985927707647946 ] } },
{ "type": "Feature", "properties": { "point_id": 19, "lon": 5.2501291668123784, "lat": 50.985878602023796, "elevation_m": 28.452676773071289, "distance_m": 189.99999999996118, "distance_km": 0.18999999999996117, "heading_deg": 150.26834854888375, "slope": 0.0, "slope_deg": 0.0 }, "geometry": { "type": "Point", "coordinates": [ 5.250129166812378, 50.985878602023796 ] } },
{ "type": "Feature", "properties": { "point_id": 20, "lon": 5.2501737176972405, "lat": 50.985829496347684, "elevation_m": 27.933229446411133, "distance_m": 199.99999999963077, "distance_km": 0.19999999999963078, "heading_deg": 150.26834854305184, "slope": -0.051944732667731891, "slope_deg": -2.9735414135346798 }, "geometry": { "type": "Point", "coordinates": [ 5.250173717697241, 50.985829496347684 ] } },
{ "type": "Feature", "properties": { "point_id": 21, "lon": 5.2502182685821035, "lat": 50.985780390619638, "elevation_m": 27.933229446411133, "distance_m": 210.00000000010908, "distance_km": 0.21000000000010907, "heading_deg": 150.26834854536457, "slope": 0.0, "slope_deg": 0.0 }, "geometry": { "type": "Point", "coordinates": [ 5.250218268582103, 50.985780390619638 ] } },
{ "type": "Feature", "properties": { "point_id": 22, "lon": 5.2502628194669638, "lat": 50.985731284839652, "elevation_m": 27.933229446411133, "distance_m": 219.99999999972096, "distance_km": 0.21999999999972095, "heading_deg": 150.26834854502545, "slope": 0.0, "slope_deg": 0.0 }, "geometry": { "type": "Point", "coordinates": [ 5.250262819466964, 50.985731284839652 ] } },
{ "type": "Feature", "properties": { "point_id": 23, "lon": 5.2503073703518268, "lat": 50.985682179007711, "elevation_m": 27.712087631225586, "distance_m": 230.00000000019926, "distance_km": 0.23000000000019927, "heading_deg": 150.26834854643846, "slope": -0.022114181517496945, "slope_deg": -1.2668427842545209 }, "geometry": { "type": "Point", "coordinates": [ 5.250307370351827, 50.985682179007711 ] } },
{ "type": "Feature", "properties": { "point_id": 24, "lon": 5.2503519212366889, "lat": 50.985633073123829, "elevation_m": 27.712087631225586, "distance_m": 239.99999999986886, "distance_km": 0.23999999999986887, "heading_deg": 150.2683485442052, "slope": 0.0, "slope_deg": 0.0 }, "geometry": { "type": "Point", "coordinates": [ 5.250351921236689, 50.985633073123829 ] } },
{ "type": "Feature", "properties": { "point_id": 25, "lon": 5.250396472121551, "lat": 50.985583967187992, "elevation_m": 27.712087631225586, "distance_m": 250.00000000034717, "distance_km": 0.25000000000034717, "heading_deg": 150.26834854196255, "slope": 0.0, "slope_deg": 0.0 }, "geometry": { "type": "Point", "coordinates": [ 5.250396472121551, 50.985583967187992 ] } },
{ "type": "Feature", "properties": { "point_id": 26, "lon": 5.2504410230064131, "lat": 50.985534861200222, "elevation_m": 27.712087631225586, "distance_m": 260.00000000001677, "distance_km": 0.26000000000001677, "heading_deg": 150.26834855133779, "slope": 0.0, "slope_deg": 0.0 }, "geometry": { "type": "Point", "coordinates": [ 5.250441023006413, 50.985534861200222 ] } },
{ "type": "Feature", "properties": { "point_id": 27, "lon": 5.2504855738912743, "lat": 50.985485755160489, "elevation_m": 27.712087631225586, "distance_m": 269.99999999962864, "distance_km": 0.26999999999962865, "heading_deg": 150.26834854296055, "slope": 0.0, "slope_deg": 0.0 }, "geometry": { "type": "Point", "coordinates": [ 5.250485573891274, 50.985485755160489 ] } },
{ "type": "Feature", "properties": { "point_id": 28, "lon": 5.2505301247761373, "lat": 50.985436649068824, "elevation_m": 27.712087631225586, "distance_m": 280.00000000010698, "distance_km": 0.280000000000107, "heading_deg": 150.26834854157016, "slope": 0.0, "slope_deg": 0.0 }, "geometry": { "type": "Point", "coordinates": [ 5.250530124776137, 50.985436649068824 ] } },
{ "type": "Feature", "properties": { "point_id": 29, "lon": 5.2505746756609994, "lat": 50.98538754292521, "elevation_m": 28.399299621582031, "distance_m": 289.99999999977661, "distance_km": 0.2899999999997766, "heading_deg": 150.26834855047656, "slope": 0.068721199037914904, "slope_deg": 3.9312538583772385 }, "geometry": { "type": "Point", "coordinates": [ 5.250574675660999, 50.98538754292521 ] } },
{ "type": "Feature", "properties": { "point_id": 30, "lon": 5.2506192265458616, "lat": 50.985338436729641, "elevation_m": 28.399299621582031, "distance_m": 300.00000000025494, "distance_km": 0.30000000000025495, "heading_deg": 150.2683485481864, "slope": 0.0, "slope_deg": 0.0 }, "geometry": { "type": "Point", "coordinates": [ 5.250619226545862, 50.985338436729641 ] } },
{ "type": "Feature", "properties": { "point_id": 31, "lon": 5.2506637774307237, "lat": 50.985289330482132, "elevation_m": 28.399299621582031, "distance_m": 309.99999999992457, "distance_km": 0.30999999999992456, "heading_deg": 150.26834854632727, "slope": 0.0, "slope_deg": 0.0 }, "geometry": { "type": "Point", "coordinates": [ 5.250663777430724, 50.985289330482132 ] } },
{ "type": "Feature", "properties": { "point_id": 32, "lon": 5.2507083283155849, "lat": 50.985240224182675, "elevation_m": 28.756219863891602, "distance_m": 320.00000000034515, "distance_km": 0.32000000000034517, "heading_deg": 150.26834854677406, "slope": 0.035692024229455881, "slope_deg": 2.0441346235764057 }, "geometry": { "type": "Point", "coordinates": [ 5.250708328315585, 50.985240224182675 ] } },
{ "type": "Feature", "properties": { "point_id": 33, "lon": 5.250752879200447, "lat": 50.98519111783127, "elevation_m": 28.756219863891602, "distance_m": 330.00000000001478, "distance_km": 0.33000000000001478, "heading_deg": 150.26834854125923, "slope": 0.0, "slope_deg": 0.0 }, "geometry": { "type": "Point", "coordinates": [ 5.250752879200447, 50.98519111783127 ] } },
{ "type": "Feature", "properties": { "point_id": 34, "lon": 5.2507974300853091, "lat": 50.985142011427925, "elevation_m": 28.756219863891602, "distance_m": 339.99999999968441, "distance_km": 0.33999999999968439, "heading_deg": 150.26834854851995, "slope": 0.0, "slope_deg": 0.0 }, "geometry": { "type": "Point", "coordinates": [ 5.250797430085309, 50.985142011427925 ] } },
{ "type": "Feature", "properties": { "point_id": 35, "lon": 5.2508419809701712, "lat": 50.985092904972632, "elevation_m": 0.0, "distance_m": 350.00000000016274, "distance_km": 0.35000000000016274, "heading_deg": 150.26834854822096, "slope": -2.8756219862516086, "slope_deg": -70.824837404005507 }, "geometry": { "type": "Point", "coordinates": [ 5.250841980970171, 50.985092904972632 ] } },
{ "type": "Feature", "properties": { "point_id": 36, "lon": 5.2508865318550324, "lat": 50.985043798465391, "elevation_m": 0.0, "distance_m": 359.99999999977462, "distance_km": 0.35999999999977461, "heading_deg": 150.26834854862983, "slope": 0.0, "slope_deg": 0.0 }, "geometry": { "type": "Point", "coordinates": [ 5.250886531855032, 50.985043798465391 ] } },
{ "type": "Feature", "properties": { "point_id": 37, "lon": 5.2509310827398945, "lat": 50.984994691906202, "elevation_m": 0.0, "distance_m": 370.00000000025295, "distance_km": 0.37000000000025296, "heading_deg": 150.26834853944047, "slope": 0.0, "slope_deg": 0.0 }, "geometry": { "type": "Point", "coordinates": [ 5.250931082739895, 50.984994691906202 ] } },
{ "type": "Feature", "properties": { "point_id": 38, "lon": 5.2509756336247575, "lat": 50.984945585295073, "elevation_m": 0.0, "distance_m": 379.99999999992258, "distance_km": 0.37999999999992257, "heading_deg": 150.26834854870174, "slope": 0.0, "slope_deg": 0.0 }, "geometry": { "type": "Point", "coordinates": [ 5.250975633624757, 50.984945585295073 ] } },
{ "type": "Feature", "properties": { "point_id": 39, "lon": 5.2510201845096196, "lat": 50.984896478631988, "elevation_m": 0.0, "distance_m": 390.00000000040092, "distance_km": 0.39000000000040091, "heading_deg": 150.26834854153196, "slope": 0.0, "slope_deg": 0.0 }, "geometry": { "type": "Point", "coordinates": [ 5.25102018450962, 50.984896478631988 ] } },
{ "type": "Feature", "properties": { "point_id": 40, "lon": 5.2510647353944817, "lat": 50.98484737191697, "elevation_m": 0.0, "distance_m": 400.00000000007054, "distance_km": 0.40000000000007052, "heading_deg": 150.26834854917615, "slope": 0.0, "slope_deg": 0.0 }, "geometry": { "type": "Point", "coordinates": [ 5.251064735394482, 50.98484737191697 ] } },
{ "type": "Feature", "properties": { "point_id": 41, "lon": 5.2511092862793429, "lat": 50.984798265149998, "elevation_m": 0.0, "distance_m": 409.99999999968242, "distance_km": 0.4099999999996824, "heading_deg": 150.26834855273376, "slope": 0.0, "slope_deg": 0.0 }, "geometry": { "type": "Point", "coordinates": [ 5.251109286279343, 50.984798265149998 ] } },
{ "type": "Feature", "properties": { "point_id": 42, "lon": 5.251153837164205, "lat": 50.98474915833107, "elevation_m": 0.0, "distance_m": 420.00000000016075, "distance_km": 0.42000000000016074, "heading_deg": 150.26834853710454, "slope": 0.0, "slope_deg": 0.0 }, "geometry": { "type": "Point", "coordinates": [ 5.251153837164205, 50.98474915833107 ] } },
{ "type": "Feature", "properties": { "point_id": 43, "lon": 5.251198388049068, "lat": 50.984700051460216, "elevation_m": 0.0, "distance_m": 429.99999999983038, "distance_km": 0.42999999999983041, "heading_deg": 150.26834855271085, "slope": 0.0, "slope_deg": 0.0 }, "geometry": { "type": "Point", "coordinates": [ 5.251198388049068, 50.984700051460216 ] } },
{ "type": "Feature", "properties": { "point_id": 44, "lon": 5.2512429389339301, "lat": 50.984650944537393, "elevation_m": 0.0, "distance_m": 440.00000000030872, "distance_km": 0.4400000000003087, "heading_deg": 116.1194957492516, "slope": 0.0, "slope_deg": 0.0 }, "geometry": { "type": "Point", "coordinates": [ 5.25124293893393, 50.984650944537393 ] } },
{ "type": "Feature", "properties": { "point_id": 45, "lon": 5.2513207498222281, "lat": 50.984626926727493, "elevation_m": 0.0, "distance_m": 449.64704822369345, "distance_km": 0.44964704822369345, "heading_deg": 109.42491010670904, "slope": 0.0, "slope_deg": 0.0 }, "geometry": { "type": "Point", "coordinates": [ 5.251320749822228, 50.984626926727493 ] } },
{ "type": "Feature", "properties": { "point_id": 46, "lon": 5.2514054679573539, "lat": 50.984608119280075, "elevation_m": 0.0, "distance_m": 459.64704822380645, "distance_km": 0.45964704822380648, "heading_deg": 109.42491009270435, "slope": 0.0, "slope_deg": 0.0 }, "geometry": { "type": "Point", "coordinates": [ 5.251405467957354, 50.984608119280075 ] } },
{ "type": "Feature", "properties": { "point_id": 47, "lon": 5.2514901860924796, "lat": 50.98458931182504, "elevation_m": 0.0, "distance_m": 469.64704822360972, "distance_km": 0.4696470482236097, "heading_deg": 109.42491009659523, "slope": 0.0, "slope_deg": 0.0 }, "geometry": { "type": "Point", "coordinates": [ 5.25149018609248, 50.98458931182504 ] } },
{ "type": "Feature", "properties": { "point_id": 48, "lon": 5.2515749042276054, "lat": 50.984570504362388, "elevation_m": 0.0, "distance_m": 479.64704822372272, "distance_km": 0.47964704822372273, "heading_deg": 109.42491010673166, "slope": 0.0, "slope_deg": 0.0 }, "geometry": { "type": "Point", "coordinates": [ 5.251574904227605, 50.984570504362388 ] } },
{ "type": "Feature", "properties": { "point_id": 49, "lon": 5.2516596223627312, "lat": 50.984551696892105, "elevation_m": 0.0, "distance_m": 489.64704822383572, "distance_km": 0.4896470482238357, "heading_deg": 109.42491009880194, "slope": 0.0, "slope_deg": 0.0 }, "geometry": { "type": "Point", "coordinates": [ 5.251659622362731, 50.984551696892105 ] } },
{ "type": "Feature", "properties": { "point_id": 50, "lon": 5.2517443404978561, "lat": 50.984532889414211, "elevation_m": 0.0, "distance_m": 499.64704822363899, "distance_km": 0.49964704822363898, "heading_deg": 92.905138914308111, "slope": 0.0, "slope_deg": 0.0 }, "geometry": { "type": "Point", "coordinates": [ 5.251744340497856, 50.984532889414211 ] } },
{ "type": "Feature", "properties": { "point_id": 51, "lon": 5.2518337153074395, "lat": 50.984530034102299, "elevation_m": 0.0, "distance_m": 509.60900978137545, "distance_km": 0.50960900978137547, "heading_deg": 91.40105313587992, "slope": 0.0, "slope_deg": 0.0 }, "geometry": { "type": "Point", "coordinates": [ 5.251833715307439, 50.984530034102299 ] } },
{ "type": "Feature", "properties": { "point_id": 52, "lon": 5.2519235199785275, "lat": 50.984528651348469, "elevation_m": 0.0, "distance_m": 519.60900978134237, "distance_km": 0.51960900978134239, "heading_deg": 91.401053136018618, "slope": 0.0, "slope_deg": 0.0 }, "geometry": { "type": "Point", "coordinates": [ 5.251923519978527, 50.984528651348469 ] } },
{ "type": "Feature", "properties": { "point_id": 53, "lon": 5.2520133246496163, "lat": 50.984527268594604, "elevation_m": 0.0, "distance_m": 529.60900978140296, "distance_km": 0.52960900978140291, "heading_deg": 91.401053139415922, "slope": 0.0, "slope_deg": 0.0 }, "geometry": { "type": "Point", "coordinates": [ 5.252013324649616, 50.984527268594604 ] } },
{ "type": "Feature", "properties": { "point_id": 54, "lon": 5.2521031293207043, "lat": 50.984525885840696, "elevation_m": 0.0, "distance_m": 539.60900978136988, "distance_km": 0.53960900978136983, "heading_deg": 91.40105313635803, "slope": 0.0, "slope_deg": 0.0 }, "geometry": { "type": "Point", "coordinates": [ 5.252103129320704, 50.984525885840696 ] } },
{ "type": "Feature", "properties": { "point_id": 55, "lon": 5.2521929339917923, "lat": 50.984524503086753, "elevation_m": 0.0, "distance_m": 549.60900978131406, "distance_km": 0.54960900978131411, "heading_deg": 91.401053146161075, "slope": 0.0, "slope_deg": 0.0 }, "geometry": { "type": "Point", "coordinates": [ 5.252192933991792, 50.984524503086753 ] } },
{ "type": "Feature", "properties": { "point_id": 56, "lon": 5.2522827386628821, "lat": 50.984523120332753, "elevation_m": 0.0, "distance_m": 559.60900978139739, "distance_km": 0.55960900978139738, "heading_deg": 91.401053127008311, "slope": 0.0, "slope_deg": 0.0 }, "geometry": { "type": "Point", "coordinates": [ 5.252282738662882, 50.984523120332753 ] } },
{ "type": "Feature", "properties": { "point_id": 57, "lon": 5.252372543333971, "lat": 50.984521737578739, "elevation_m": 0.0, "distance_m": 569.60900978134157, "distance_km": 0.56960900978134155, "heading_deg": 91.401053140069962, "slope": 0.0, "slope_deg": 0.0 }, "geometry": { "type": "Point", "coordinates": [ 5.252372543333971, 50.984521737578739 ] } },
{ "type": "Feature", "properties": { "point_id": 58, "lon": 5.2524623480050598, "lat": 50.984520354824667, "elevation_m": 0.0, "distance_m": 579.6090097814249, "distance_km": 0.57960900978142493, "heading_deg": 91.401053140233444, "slope": 0.0, "slope_deg": 0.0 }, "geometry": { "type": "Point", "coordinates": [ 5.25246234800506, 50.984520354824667 ] } },
{ "type": "Feature", "properties": { "point_id": 59, "lon": 5.2525521526761478, "lat": 50.984518972070546, "elevation_m": 0.0, "distance_m": 589.60900978136908, "distance_km": 0.5896090097813691, "heading_deg": 91.401053130732635, "slope": 0.0, "slope_deg": 0.0 }, "geometry": { "type": "Point", "coordinates": [ 5.252552152676148, 50.984518972070546 ] } },
{ "type": "Feature", "properties": { "point_id": 60, "lon": 5.2526419573472358, "lat": 50.984517589316397, "elevation_m": 0.0, "distance_m": 599.609009781336, "distance_km": 0.59960900978133602, "heading_deg": 91.401053124428472, "slope": 0.0, "slope_deg": 0.0 }, "geometry": { "type": "Point", "coordinates": [ 5.252641957347236, 50.984517589316397 ] } },
{ "type": "Feature", "properties": { "point_id": 61, "lon": 5.2527317620183256, "lat": 50.984516206562212, "elevation_m": 0.0, "distance_m": 609.60900978139659, "distance_km": 0.60960900978139665, "heading_deg": 91.401053140711554, "slope": 0.0, "slope_deg": 0.0 }, "geometry": { "type": "Point", "coordinates": [ 5.252731762018326, 50.984516206562212 ] } },
{ "type": "Feature", "properties": { "point_id": 62, "lon": 5.2528215666894145, "lat": 50.984514823807977, "elevation_m": 0.0, "distance_m": 619.60900978136351, "distance_km": 0.61960900978136346, "heading_deg": 91.401053134432175, "slope": 0.0, "slope_deg": 0.0 }, "geometry": { "type": "Point", "coordinates": [ 5.252821566689414, 50.984514823807977 ] } },
{ "type": "Feature", "properties": { "point_id": 63, "lon": 5.2529113713605033, "lat": 50.9845134410537, "elevation_m": 0.0, "distance_m": 629.60900978142411, "distance_km": 0.62960900978142409, "heading_deg": 86.693308163375661, "slope": 0.0, "slope_deg": 0.0 }, "geometry": { "type": "Point", "coordinates": [ 5.252911371360503, 50.9845134410537 ] } },
{ "type": "Feature", "properties": { "point_id": 64, "lon": 5.253000703819855, "lat": 50.984516690243431, "elevation_m": 0.0, "distance_m": 639.57003756817892, "distance_km": 0.63957003756817887, "heading_deg": 81.254624905431797, "slope": 0.0, "slope_deg": 0.0 }, "geometry": { "type": "Point", "coordinates": [ 5.253000703819855, 50.984516690243431 ] } },
{ "type": "Feature", "properties": { "point_id": 65, "lon": 5.2530894909559729, "lat": 50.984525288529724, "elevation_m": 0.0, "distance_m": 649.57003756815334, "distance_km": 0.64957003756815335, "heading_deg": 81.254624906338336, "slope": 0.0, "slope_deg": 0.0 }, "geometry": { "type": "Point", "coordinates": [ 5.253089490955973, 50.984525288529724 ] } },
{ "type": "Feature", "properties": { "point_id": 66, "lon": 5.2531782780920908, "lat": 50.984533886814418, "elevation_m": 0.0, "distance_m": 659.57003756815436, "distance_km": 0.65957003756815435, "heading_deg": 81.254624900797978, "slope": 0.0, "slope_deg": 0.0 }, "geometry": { "type": "Point", "coordinates": [ 5.253178278092091, 50.984533886814418 ] } },
{ "type": "Feature", "properties": { "point_id": 67, "lon": 5.2532670652282079, "lat": 50.984542485097528, "elevation_m": 0.0, "distance_m": 669.57003756815539, "distance_km": 0.66957003756815536, "heading_deg": 80.285960650792958, "slope": 0.0, "slope_deg": 0.0 }, "geometry": { "type": "Point", "coordinates": [ 5.253267065228208, 50.984542485097528 ] } },
{ "type": "Feature", "properties": { "point_id": 68, "lon": 5.2533555365137854, "lat": 50.984552019285964, "elevation_m": 0.0, "distance_m": 679.56187646359228, "distance_km": 0.67956187646359223, "heading_deg": 74.756529160184755, "slope": 0.0, "slope_deg": 0.0 }, "geometry": { "type": "Point", "coordinates": [ 5.253355536513785, 50.984552019285964 ] } },
{ "type": "Feature", "properties": { "point_id": 69, "lon": 5.2534422075395879, "lat": 50.984566887878735, "elevation_m": 0.0, "distance_m": 689.56187646348974, "distance_km": 0.68956187646348976, "heading_deg": 74.756529162117261, "slope": 0.0, "slope_deg": 0.0 }, "geometry": { "type": "Point", "coordinates": [ 5.253442207539588, 50.984566887878735 ] } },
{ "type": "Feature", "properties": { "point_id": 70, "lon": 5.2535288785653895, "lat": 50.984581756466753, "elevation_m": 0.0, "distance_m": 699.56187646363207, "distance_km": 0.6995618764636321, "heading_deg": 74.75652916431693, "slope": 0.0, "slope_deg": 0.0 }, "geometry": { "type": "Point", "coordinates": [ 5.25352887856539, 50.984581756466753 ] } },
{ "type": "Feature", "properties": { "point_id": 71, "lon": 5.2536155495911903, "lat": 50.984596625049996, "elevation_m": 0.0, "distance_m": 709.56187646352953, "distance_km": 0.70956187646352953, "heading_deg": 63.545035719104021, "slope": 0.0, "slope_deg": 0.0 }, "geometry": { "type": "Point", "coordinates": [ 5.25361554959119, 50.984596625049996 ] } },
{ "type": "Feature", "properties": { "point_id": 72, "lon": 5.2536937503345351, "lat": 50.984621121717716, "elevation_m": 0.0, "distance_m": 719.28533493274381, "distance_km": 0.71928533493274383, "heading_deg": 47.285740299194799, "slope": 0.0, "slope_deg": 0.0 }, "geometry": { "type": "Point", "coordinates": [ 5.253693750334535, 50.984621121717716 ] } },
{ "type": "Feature", "properties": { "point_id": 73, "lon": 5.2537597536993683, "lat": 50.984659483005409, "elevation_m": 0.0, "distance_m": 729.28533493229725, "distance_km": 0.72928533493229719, "heading_deg": 47.285740287243527, "slope": 0.0, "slope_deg": 0.0 }, "geometry": { "type": "Point", "coordinates": [ 5.253759753699368, 50.984659483005409 ] } },
{ "type": "Feature", "properties": { "point_id": 74, "lon": 5.2538257570642006, "lat": 50.984697844261419, "elevation_m": 0.0, "distance_m": 739.28533493239695, "distance_km": 0.7392853349323969, "heading_deg": 47.285740300007603, "slope": 0.0, "slope_deg": 0.0 }, "geometry": { "type": "Point", "coordinates": [ 5.253825757064201, 50.984697844261419 ] } },
{ "type": "Feature", "properties": { "point_id": 75, "lon": 5.2538917604290338, "lat": 50.984736205485724, "elevation_m": 0.0, "distance_m": 749.28533493258215, "distance_km": 0.74928533493258209, "heading_deg": 47.285740288757722, "slope": 0.0, "slope_deg": 0.0 }, "geometry": { "type": "Point", "coordinates": [ 5.253891760429034, 50.984736205485724 ] } },
{ "type": "Feature", "properties": { "point_id": 76, "lon": 5.253957763793867, "lat": 50.984774566678333, "elevation_m": 0.0, "distance_m": 759.28533493276734, "distance_km": 0.75928533493276729, "heading_deg": 47.285740293744198, "slope": 0.0, "slope_deg": 0.0 }, "geometry": { "type": "Point", "coordinates": [ 5.253957763793867, 50.984774566678333 ] } },
{ "type": "Feature", "properties": { "point_id": 77, "lon": 5.2540237671586993, "lat": 50.984812927839236, "elevation_m": 0.0, "distance_m": 769.28533493286704, "distance_km": 0.76928533493286699, "heading_deg": 47.941838399138646, "slope": 0.0, "slope_deg": 0.0 }, "geometry": { "type": "Point", "coordinates": [ 5.254023767158699, 50.984812927839236 ] } },
{ "type": "Feature", "properties": { "point_id": 78, "lon": 5.2540904611396764, "lat": 50.984850809054706, "elevation_m": 0.0, "distance_m": 779.28491062582975, "distance_km": 0.77928491062582972, "heading_deg": 48.366446560903967, "slope": 0.0, "slope_deg": 0.0 }, "geometry": { "type": "Point", "coordinates": [ 5.254090461139676, 50.984850809054706 ] } },
{ "type": "Feature", "properties": { "point_id": 79, "lon": 5.2541576020736063, "lat": 50.984888379648957, "elevation_m": 0.0, "distance_m": 789.28491062615797, "distance_km": 0.78928491062615802, "heading_deg": 48.366446563155193, "slope": 0.0, "slope_deg": 0.0 }, "geometry": { "type": "Point", "coordinates": [ 5.254157602073606, 50.984888379648957 ] } },
{ "type": "Feature", "properties": { "point_id": 80, "lon": 5.2542247430075371, "lat": 50.984925950212798, "elevation_m": 0.0, "distance_m": 799.28491062595447, "distance_km": 0.79928491062595441, "heading_deg": 48.366446557176573, "slope": 0.0, "slope_deg": 0.0 }, "geometry": { "type": "Point", "coordinates": [ 5.254224743007537, 50.984925950212798 ] } },
{ "type": "Feature", "properties": { "point_id": 81, "lon": 5.2542918839414661, "lat": 50.984963520746227, "elevation_m": 0.0, "distance_m": 809.28491062628268, "distance_km": 0.80928491062628272, "heading_deg": 10.526199798467189, "slope": 0.0, "slope_deg": 0.0 }, "geometry": { "type": "Point", "coordinates": [ 5.254291883941466, 50.984963520746227 ] } },
{ "type": "Feature", "properties": { "point_id": 82, "lon": 5.2543065448138151, "lat": 50.985013191178766, "elevation_m": 0.0, "distance_m": 818.21853342343286, "distance_km": 0.81821853342343287, "heading_deg": 351.86394038715304, "slope": 0.0, "slope_deg": 0.0 }, "geometry": { "type": "Point", "coordinates": [ 5.254306544813815, 50.985013191178766 ] } },
{ "type": "Feature", "properties": { "point_id": 83, "lon": 5.2542938314633867, "lat": 50.98506917301696, "elevation_m": 0.0, "distance_m": 828.21853342320901, "distance_km": 0.82821853342320906, "heading_deg": 349.23332347819917, "slope": 0.0, "slope_deg": 0.0 }, "geometry": { "type": "Point", "coordinates": [ 5.254293831463387, 50.98506917301696 ] } },
{ "type": "Feature", "properties": { "point_id": 84, "lon": 5.2542770848850546, "lat": 50.985124613068052, "elevation_m": 0.0, "distance_m": 838.1977618131682, "distance_km": 0.83819776181316819, "heading_deg": 344.04812069870832, "slope": 0.0, "slope_deg": 0.0 }, "geometry": { "type": "Point", "coordinates": [ 5.254277084885055, 50.985124613068052 ] } },
{ "type": "Feature", "properties": { "point_id": 85, "lon": 5.2542523964780248, "lat": 50.985178986354157, "elevation_m": 28.018575668334961, "distance_m": 848.19776181266616, "distance_km": 0.84819776181266615, "heading_deg": 344.04812070481796, "slope": 2.801857566974161, "slope_deg": 70.358208539505668 }, "geometry": { "type": "Point", "coordinates": [ 5.254252396478025, 50.985178986354157 ] } },
{ "type": "Feature", "properties": { "point_id": 86, "lon": 5.2542277080709967, "lat": 50.985233359576597, "elevation_m": 28.018575668334961, "distance_m": 858.19776181302757, "distance_km": 0.85819776181302754, "heading_deg": 344.04812070139729, "slope": 0.0, "slope_deg": 0.0 }, "geometry": { "type": "Point", "coordinates": [ 5.254227708070997, 50.985233359576597 ] } },
{ "type": "Feature", "properties": { "point_id": 87, "lon": 5.2542030196639669, "lat": 50.985287732735337, "elevation_m": 28.018575668334961, "distance_m": 868.19776181252553, "distance_km": 0.8681977618125255, "heading_deg": 344.04812069943233, "slope": 0.0, "slope_deg": 0.0 }, "geometry": { "type": "Point", "coordinates": [ 5.254203019663967, 50.985287732735337 ] } },
{ "type": "Feature", "properties": { "point_id": 88, "lon": 5.2541783312569361, "lat": 50.985342105830391, "elevation_m": 28.018575668334961, "distance_m": 878.19776181291888, "distance_km": 0.87819776181291886, "heading_deg": 344.0481207014904, "slope": 0.0, "slope_deg": 0.0 }, "geometry": { "type": "Point", "coordinates": [ 5.254178331256936, 50.985342105830391 ] } },
{ "type": "Feature", "properties": { "point_id": 89, "lon": 5.2541536428499063, "lat": 50.985396478861759, "elevation_m": 28.018575668334961, "distance_m": 888.19776181331224, "distance_km": 0.88819776181331223, "heading_deg": 344.04812070216809, "slope": 0.0, "slope_deg": 0.0 }, "geometry": { "type": "Point", "coordinates": [ 5.254153642849906, 50.985396478861759 ] } },
{ "type": "Feature", "properties": { "point_id": 90, "lon": 5.2541289544428773, "lat": 50.985450851829441, "elevation_m": 28.884483337402344, "distance_m": 898.1977618128102, "distance_km": 0.89819776181281019, "heading_deg": 342.49763695833263, "slope": 0.086590766911085498, "slope_deg": 4.9489411343322924 }, "geometry": { "type": "Point", "coordinates": [ 5.254128954442877, 50.985450851829441 ] } },
{ "type": "Feature", "properties": { "point_id": 91, "lon": 5.2541019859815998, "lat": 50.985504688579908, "elevation_m": 28.884483337402344, "distance_m": 908.18001357410378, "distance_km": 0.90818001357410383, "heading_deg": 334.98661024607452, "slope": 0.0, "slope_deg": 0.0 }, "geometry": { "type": "Point", "coordinates": [ 5.2541019859816, 50.985504688579908 ] } },
{ "type": "Feature", "properties": { "point_id": 92, "lon": 5.254064002490975, "lat": 50.985555935092634, "elevation_m": 28.884483337402344, "distance_m": 918.18001357402102, "distance_km": 0.91818001357402101, "heading_deg": 334.98661024238322, "slope": 0.0, "slope_deg": 0.0 }, "geometry": { "type": "Point", "coordinates": [ 5.254064002490975, 50.985555935092634 ] } },
{ "type": "Feature", "properties": { "point_id": 93, "lon": 5.2540260190003503, "lat": 50.985607181548772, "elevation_m": 28.298421859741211, "distance_m": 928.18001357393825, "distance_km": 0.9281800135739382, "heading_deg": 334.98661023868277, "slope": -0.058606147766598331, "slope_deg": -3.354048403093199 }, "geometry": { "type": "Point", "coordinates": [ 5.25402601900035, 50.985607181548772 ] } },
{ "type": "Feature", "properties": { "point_id": 94, "lon": 5.2539880355097255, "lat": 50.985658427948337, "elevation_m": 28.298421859741211, "distance_m": 938.18001357385549, "distance_km": 0.9381800135738555, "heading_deg": 334.98661024723617, "slope": 0.0, "slope_deg": 0.0 }, "geometry": { "type": "Point", "coordinates": [ 5.253988035509725, 50.985658427948337 ] } },
{ "type": "Feature", "properties": { "point_id": 95, "lon": 5.2539500520191007, "lat": 50.985709674291343, "elevation_m": 32.308181762695312, "distance_m": 948.18001357377273, "distance_km": 0.94818001357377268, "heading_deg": 334.9866102435173, "slope": 0.40097599029872877, "slope_deg": 21.849600260735485 }, "geometry": { "type": "Point", "coordinates": [ 5.253950052019101, 50.985709674291343 ] } },
{ "type": "Feature", "properties": { "point_id": 96, "lon": 5.2539120685284759, "lat": 50.985760920577768, "elevation_m": 32.308181762695312, "distance_m": 958.18001357368996, "distance_km": 0.95818001357368998, "heading_deg": 325.21493891544435, "slope": 0.0, "slope_deg": 0.0 }, "geometry": { "type": "Point", "coordinates": [ 5.253912068528476, 50.985760920577768 ] } },
{ "type": "Feature", "properties": { "point_id": 97, "lon": 5.2538610766631777, "lat": 50.985807132171274, "elevation_m": 32.308181762695312, "distance_m": 968.12986660264494, "distance_km": 0.96812986660264488, "heading_deg": 321.84624645864585, "slope": 0.0, "slope_deg": 0.0 }, "geometry": { "type": "Point", "coordinates": [ 5.253861076663178, 50.985807132171274 ] } },
{ "type": "Feature", "properties": { "point_id": 98, "lon": 5.2538055810640909, "lat": 50.985851600638533, "elevation_m": 32.308181762695312, "distance_m": 978.12986660221316, "distance_km": 0.97812986660221313, "heading_deg": 321.84624645581982, "slope": 0.0, "slope_deg": 0.0 }, "geometry": { "type": "Point", "coordinates": [ 5.253805581064091, 50.985851600638533 ] } },
{ "type": "Feature", "properties": { "point_id": 99, "lon": 5.2537500854650041, "lat": 50.985896069063195, "elevation_m": 32.308181762695312, "distance_m": 988.12986660251374, "distance_km": 0.98812986660251378, "heading_deg": 321.84624645417824, "slope": 0.0, "slope_deg": 0.0 }, "geometry": { "type": "Point", "coordinates": [ 5.253750085465004, 50.985896069063195 ] } },
{ "type": "Feature", "properties": { "point_id": 100, "lon": 5.2536945898659173, "lat": 50.985940537445259, "elevation_m": 32.308181762695312, "distance_m": 998.12986660208196, "distance_km": 0.99812986660208192, "heading_deg": 321.84624646009217, "slope": 0.0, "slope_deg": 0.0 }, "geometry": { "type": "Point", "coordinates": [ 5.253694589865917, 50.985940537445259 ] } },
{ "type": "Feature", "properties": { "point_id": 101, "lon": 5.2536390942668287, "lat": 50.985985005784727, "elevation_m": 37.678840637207031, "distance_m": 1008.1298666024545, "distance_km": 1.0081298666024545, "heading_deg": 321.84624645405592, "slope": 0.53706588743116335, "slope_deg": 28.238728505164424 }, "geometry": { "type": "Point", "coordinates": [ 5.253639094266829, 50.985985005784727 ] } },
{ "type": "Feature", "properties": { "point_id": 102, "lon": 5.2535835986677419, "lat": 50.98602947408159, "elevation_m": 37.678840637207031, "distance_m": 1018.1298666020227, "distance_km": 1.0181298666020226, "heading_deg": 321.38156011048238, "slope": 0.0, "slope_deg": 0.0 }, "geometry": { "type": "Point", "coordinates": [ 5.253583598667742, 50.98602947408159 ] } },
{ "type": "Feature", "properties": { "point_id": 103, "lon": 5.2535275321903478, "lat": 50.986073657386235, "elevation_m": 37.678840637207031, "distance_m": 1028.1298311604105, "distance_km": 1.0281298311604106, "heading_deg": 321.33148399360726, "slope": 0.0, "slope_deg": 0.0 }, "geometry": { "type": "Point", "coordinates": [ 5.253527532190348, 50.986073657386235 ] } },
{ "type": "Feature", "properties": { "point_id": 104, "lon": 5.2534714041925756, "lat": 50.986117809941419, "elevation_m": 29.888851165771484, "distance_m": 1038.1298311601195, "distance_km": 1.0381298311601195, "heading_deg": 321.33148399621206, "slope": -0.77899894716622653, "slope_deg": -37.918553212295215 }, "geometry": { "type": "Point", "coordinates": [ 5.253471404192576, 50.986117809941419 ] } },
{ "type": "Feature", "properties": { "point_id": 105, "lon": 5.2534152761948016, "lat": 50.986161962454609, "elevation_m": 29.888851165771484, "distance_m": 1048.1298311606283, "distance_km": 1.0481298311606284, "heading_deg": 321.33148398388835, "slope": 0.0, "slope_deg": 0.0 }, "geometry": { "type": "Point", "coordinates": [ 5.253415276194802, 50.986161962454609 ] } },
{ "type": "Feature", "properties": { "point_id": 106, "lon": 5.2533591481970268, "lat": 50.986206114925793, "elevation_m": 29.888851165771484, "distance_m": 1058.12983116041, "distance_km": 1.0581298311604102, "heading_deg": 321.33148399410004, "slope": 0.0, "slope_deg": 0.0 }, "geometry": { "type": "Point", "coordinates": [ 5.253359148197027, 50.986206114925793 ] } },
{ "type": "Feature", "properties": { "point_id": 107, "lon": 5.2533030201992528, "lat": 50.98625026735499, "elevation_m": 31.554965972900391, "distance_m": 1068.1298311601918, "distance_km": 1.0681298311601917, "heading_deg": 321.33148399143033, "slope": 0.1666114807165274, "slope_deg": 9.4592457158176213 }, "geometry": { "type": "Point", "coordinates": [ 5.253303020199253, 50.98625026735499 ] } },
{ "type": "Feature", "properties": { "point_id": 108, "lon": 5.2532468922014779, "lat": 50.986294419742187, "elevation_m": 31.554965972900391, "distance_m": 1078.1298311607006, "distance_km": 1.0781298311607006, "heading_deg": 321.33148398591283, "slope": 0.0, "slope_deg": 0.0 }, "geometry": { "type": "Point", "coordinates": [ 5.253246892201478, 50.986294419742187 ] } },
{ "type": "Feature", "properties": { "point_id": 109, "lon": 5.2531907642037048, "lat": 50.986338572087384, "elevation_m": 29.312042236328125, "distance_m": 1088.1298311604824, "distance_km": 1.0881298311604823, "heading_deg": 321.33148399088367, "slope": -0.2242923736621224, "slope_deg": -12.641787283247679 }, "geometry": { "type": "Point", "coordinates": [ 5.253190764203705, 50.986338572087384 ] } },
{ "type": "Feature", "properties": { "point_id": 110, "lon": 5.2531346362059308, "lat": 50.986382724390587, "elevation_m": 29.312042236328125, "distance_m": 1098.1298311601913, "distance_km": 1.0981298311601912, "heading_deg": 324.31705083938306, "slope": 0.0, "slope_deg": 0.0 }, "geometry": { "type": "Point", "coordinates": [ 5.253134636205931, 50.986382724390587 ] } },
{ "type": "Feature", "properties": { "point_id": 111, "lon": 5.2530823079694109, "lat": 50.986428595233626, "elevation_m": 29.312042236328125, "distance_m": 1108.116381151046, "distance_km": 1.1081163811510459, "heading_deg": 327.2755264419402, "slope": 0.0, "slope_deg": 0.0 }, "geometry": { "type": "Point", "coordinates": [ 5.253082307969411, 50.986428595233626 ] } },
{ "type": "Feature", "properties": { "point_id": 112, "lon": 5.2530337450456299, "lat": 50.986476169030801, "elevation_m": 29.312042236328125, "distance_m": 1118.1163811508459, "distance_km": 1.1181163811508459, "heading_deg": 327.27552643344052, "slope": 0.0, "slope_deg": 0.0 }, "geometry": { "type": "Point", "coordinates": [ 5.25303374504563, 50.986476169030801 ] } },
{ "type": "Feature", "properties": { "point_id": 113, "lon": 5.2529851821218481, "lat": 50.986523742779205, "elevation_m": 29.312042236328125, "distance_m": 1128.1163811507088, "distance_km": 1.1281163811507087, "heading_deg": 327.27552643666405, "slope": 0.0, "slope_deg": 0.0 }, "geometry": { "type": "Point", "coordinates": [ 5.252985182121848, 50.986523742779205 ] } },
{ "type": "Feature", "properties": { "point_id": 114, "lon": 5.2529366191980662, "lat": 50.986571316478859, "elevation_m": 30.932111740112305, "distance_m": 1138.1163811505087, "distance_km": 1.1381163811505086, "heading_deg": 327.27552644599331, "slope": 0.16200695038165955, "slope_deg": 9.2023612112473252 }, "geometry": { "type": "Point", "coordinates": [ 5.252936619198066, 50.986571316478859 ] } },
{ "type": "Feature", "properties": { "point_id": 115, "lon": 5.2528880562742843, "lat": 50.986618890129776, "elevation_m": 30.932111740112305, "distance_m": 1148.1163811511551, "distance_km": 1.1481163811511552, "heading_deg": 327.40405765759982, "slope": 0.0, "slope_deg": 0.0 }, "geometry": { "type": "Point", "coordinates": [ 5.252888056274284, 50.986618890129776 ] } },
{ "type": "Feature", "properties": { "point_id": 116, "lon": 5.252839665692818, "lat": 50.986666529545523, "elevation_m": 30.932111740112305, "distance_m": 1158.1158259526821, "distance_km": 1.1581158259526823, "heading_deg": 330.23961000021183, "slope": 0.0, "slope_deg": 0.0 }, "geometry": { "type": "Point", "coordinates": [ 5.252839665692818, 50.986666529545523 ] } },
{ "type": "Feature", "properties": { "point_id": 117, "lon": 5.2527950756400488, "lat": 50.986715620246251, "elevation_m": 30.932111740112305, "distance_m": 1168.1158259527617, "distance_km": 1.1681158259527618, "heading_deg": 330.2396100085096, "slope": 0.0, "slope_deg": 0.0 }, "geometry": { "type": "Point", "coordinates": [ 5.252795075640049, 50.986715620246251 ] } },
{ "type": "Feature", "properties": { "point_id": 118, "lon": 5.2527504855872795, "lat": 50.986764710895066, "elevation_m": 30.932111740112305, "distance_m": 1178.1158259520328, "distance_km": 1.1781158259520328, "heading_deg": 330.04036600437917, "slope": 0.0, "slope_deg": 0.0 }, "geometry": { "type": "Point", "coordinates": [ 5.25275048558728, 50.986764710895066 ] } },
{ "type": "Feature", "properties": { "point_id": 119, "lon": 5.2527056250277004, "lat": 50.986813703139298, "elevation_m": 35.261707305908203, "distance_m": 1188.1157349885391, "distance_km": 1.1881157349885392, "heading_deg": 329.7406164190694, "slope": 0.43296349496680347, "slope_deg": 23.410850215014069 }, "geometry": { "type": "Point", "coordinates": [ 5.2527056250277, 50.986813703139298 ] } },
{ "type": "Feature", "properties": { "point_id": 120, "lon": 5.2526603575093294, "lat": 50.986862547367188, "elevation_m": 35.261707305908203, "distance_m": 1198.1157349888058, "distance_km": 1.1981157349888059, "heading_deg": 329.74061642150775, "slope": 0.0, "slope_deg": 0.0 }, "geometry": { "type": "Point", "coordinates": [ 5.252660357509329, 50.986862547367188 ] } },
{ "type": "Feature", "properties": { "point_id": 121, "lon": 5.2526150899909583, "lat": 50.986911391543678, "elevation_m": 31.921762466430664, "distance_m": 1208.1157349882681, "distance_km": 1.2081157349882681, "heading_deg": 329.74061642762251, "slope": -0.33399448396571407, "slope_deg": -18.469035084825819 }, "geometry": { "type": "Point", "coordinates": [ 5.252615089990958, 50.986911391543678 ] } },
{ "type": "Feature", "properties": { "point_id": 122, "lon": 5.2525698224725881, "lat": 50.986960235668789, "elevation_m": 31.921762466430664, "distance_m": 1218.1157349884761, "distance_km": 1.2181157349884761, "heading_deg": 329.74061642797994, "slope": 0.0, "slope_deg": 0.0 }, "geometry": { "type": "Point", "coordinates": [ 5.252569822472588, 50.986960235668789 ] } },
{ "type": "Feature", "properties": { "point_id": 123, "lon": 5.252524554954217, "lat": 50.987009079742499, "elevation_m": 31.921762466430664, "distance_m": 1228.1157349887428, "distance_km": 1.2281157349887428, "heading_deg": 334.6383023039815, "slope": 0.0, "slope_deg": 0.0 }, "geometry": { "type": "Point", "coordinates": [ 5.252524554954217, 50.987009079742499 ] } },
{ "type": "Feature", "properties": { "point_id": 124, "lon": 5.2524861036580752, "lat": 50.987060143277674, "elevation_m": 31.921762466430664, "distance_m": 1238.1088823101427, "distance_km": 1.2381088823101427, "heading_deg": 335.5566754768364, "slope": 0.0, "slope_deg": 0.0 }, "geometry": { "type": "Point", "coordinates": [ 5.252486103658075, 50.987060143277674 ] } },
{ "type": "Feature", "properties": { "point_id": 125, "lon": 5.2524489319860947, "lat": 50.987111623430167, "elevation_m": 33.388309478759766, "distance_m": 1248.1088823103535, "distance_km": 1.2481088823103534, "heading_deg": 335.55667547083573, "slope": 0.14665470122981902, "slope_deg": 8.3432204506487366 }, "geometry": { "type": "Point", "coordinates": [ 5.252448931986095, 50.987111623430167 ] } },
{ "type": "Feature", "properties": { "point_id": 126, "lon": 5.2524117603141143, "lat": 50.987163103525553, "elevation_m": 33.388309478759766, "distance_m": 1258.1088823105163, "distance_km": 1.2581088823105162, "heading_deg": 335.55667547775073, "slope": 0.0, "slope_deg": 0.0 }, "geometry": { "type": "Point", "coordinates": [ 5.252411760314114, 50.987163103525553 ] } },
{ "type": "Feature", "properties": { "point_id": 127, "lon": 5.2523745886421347, "lat": 50.987214583563855, "elevation_m": 33.388309478759766, "distance_m": 1268.1088823098312, "distance_km": 1.2681088823098312, "heading_deg": 0.28648283492435667, "slope": 0.0, "slope_deg": 0.0 }, "geometry": { "type": "Point", "coordinates": [ 5.252374588642135, 50.987214583563855 ] } },
{ "type": "Feature", "properties": { "point_id": 128, "lon": 5.2523750321778255, "lat": 50.987270422856831, "elevation_m": 33.388309478759766, "distance_m": 1277.983615253966, "distance_km": 1.2779836152539661, "heading_deg": 3.5801790312272601, "slope": 0.0, "slope_deg": 0.0 }, "geometry": { "type": "Point", "coordinates": [ 5.252375032177826, 50.987270422856831 ] } },
{ "type": "Feature", "properties": { "point_id": 129, "lon": 5.2523806417341357, "lat": 50.987326860783725, "elevation_m": 33.388309478759766, "distance_m": 1287.9836152535756, "distance_km": 1.2879836152535757, "heading_deg": 3.5801790305214922, "slope": 0.0, "slope_deg": 0.0 }, "geometry": { "type": "Point", "coordinates": [ 5.252380641734136, 50.987326860783725 ] } },
{ "type": "Feature", "properties": { "point_id": 130, "lon": 5.2523862512904449, "lat": 50.987383298642001, "elevation_m": 33.665615081787109, "distance_m": 1297.9836152541075, "distance_km": 1.2979836152541075, "heading_deg": 3.5801790305310988, "slope": 0.027730560301259588, "slope_deg": 1.5884369913912777 }, "geometry": { "type": "Point", "coordinates": [ 5.252386251290445, 50.987383298642001 ] } },
{ "type": "Feature", "properties": { "point_id": 131, "lon": 5.2523918608467559, "lat": 50.987439736431668, "elevation_m": 33.665615081787109, "distance_m": 1307.9836152537171, "distance_km": 1.307983615253717, "heading_deg": 3.5801790314388882, "slope": 0.0, "slope_deg": 0.0 }, "geometry": { "type": "Point", "coordinates": [ 5.252391860846756, 50.987439736431668 ] } },
{ "type": "Feature", "properties": { "point_id": 132, "lon": 5.252397470403066, "lat": 50.987496174152703, "elevation_m": 33.665615081787109, "distance_m": 1317.9836152533267, "distance_km": 1.3179836152533266, "heading_deg": 28.071011380133655, "slope": 0.0, "slope_deg": 0.0 }, "geometry": { "type": "Point", "coordinates": [ 5.252397470403066, 50.987496174152703 ] } },
{ "type": "Feature", "properties": { "point_id": 133, "lon": 5.2524374403019598, "lat": 50.987543353244028, "elevation_m": 33.665615081787109, "distance_m": 1327.4391032145522, "distance_km": 1.3274391032145523, "heading_deg": 42.766790277011864, "slope": 0.0, "slope_deg": 0.0 }, "geometry": { "type": "Point", "coordinates": [ 5.25243744030196, 50.987543353244028 ] } },
{ "type": "Feature", "properties": { "point_id": 134, "lon": 5.2524984373659143, "lat": 50.987584866420555, "elevation_m": 33.665615081787109, "distance_m": 1337.4391032146439, "distance_km": 1.3374391032146438, "heading_deg": 42.766790268127465, "slope": 0.0, "slope_deg": 0.0 }, "geometry": { "type": "Point", "coordinates": [ 5.252498437365914, 50.987584866420555 ] } },
{ "type": "Feature", "properties": { "point_id": 135, "lon": 5.2525594344298687, "lat": 50.987626379559948, "elevation_m": 33.665615081787109, "distance_m": 1347.4391032147355, "distance_km": 1.3474391032147355, "heading_deg": 42.76679026981958, "slope": 0.0, "slope_deg": 0.0 }, "geometry": { "type": "Point", "coordinates": [ 5.252559434429869, 50.987626379559948 ] } },
{ "type": "Feature", "properties": { "point_id": 136, "lon": 5.2526204314938232, "lat": 50.987667892662223, "elevation_m": 32.945644378662109, "distance_m": 1357.4391032148271, "distance_km": 1.3574391032148272, "heading_deg": 42.766790274452433, "slope": -0.071997070311840286, "slope_deg": -4.1180227108789991 }, "geometry": { "type": "Point", "coordinates": [ 5.252620431493823, 50.987667892662223 ] } },
{ "type": "Feature", "properties": { "point_id": 137, "lon": 5.2526814285577776, "lat": 50.987709405727372, "elevation_m": 35.482437133789062, "distance_m": 1367.4391032149188, "distance_km": 1.3674391032149187, "heading_deg": 42.766790269967942, "slope": 0.25367927551037078, "slope_deg": 14.23447761168943 }, "geometry": { "type": "Point", "coordinates": [ 5.252681428557778, 50.987709405727372 ] } },
{ "type": "Feature", "properties": { "point_id": 138, "lon": 5.2527424256217321, "lat": 50.987750918755388, "elevation_m": 35.482437133789062, "distance_m": 1377.4391032150104, "distance_km": 1.3774391032150104, "heading_deg": 42.766790260742539, "slope": 0.0, "slope_deg": 0.0 }, "geometry": { "type": "Point", "coordinates": [ 5.252742425621732, 50.987750918755388 ] } },
{ "type": "Feature", "properties": { "point_id": 139, "lon": 5.2528034226856866, "lat": 50.987792431746293, "elevation_m": 35.482437133789062, "distance_m": 1387.439103215102, "distance_km": 1.3874391032151021, "heading_deg": 57.987579142380127, "slope": 0.0, "slope_deg": 0.0 }, "geometry": { "type": "Point", "coordinates": [ 5.252803422685687, 50.987792431746293 ] } },
{ "type": "Feature", "properties": { "point_id": 140, "lon": 5.2528782593447216, "lat": 50.987821882642201, "elevation_m": 35.482437133789062, "distance_m": 1397.2639056364453, "distance_km": 1.3972639056364453, "heading_deg": 65.555738879220655, "slope": 0.0, "slope_deg": 0.0 }, "geometry": { "type": "Point", "coordinates": [ 5.252878259344722, 50.987821882642201 ] } },
{ "type": "Feature", "properties": { "point_id": 141, "lon": 5.2529600387786726, "lat": 50.987845282466971, "elevation_m": 35.482437133789062, "distance_m": 1407.2639056363862, "distance_km": 1.4072639056363863, "heading_deg": 65.555738888380745, "slope": 0.0, "slope_deg": 0.0 }, "geometry": { "type": "Point", "coordinates": [ 5.252960038778673, 50.987845282466971 ] } },
{ "type": "Feature", "properties": { "point_id": 142, "lon": 5.2530418182126235, "lat": 50.987868682279924, "elevation_m": 35.482437133789062, "distance_m": 1417.2639056362209, "distance_km": 1.4172639056362208, "heading_deg": 65.555738880149931, "slope": 0.0, "slope_deg": 0.0 }, "geometry": { "type": "Point", "coordinates": [ 5.253041818212624, 50.987868682279924 ] } },
{ "type": "Feature", "properties": { "point_id": 143, "lon": 5.2531235976465744, "lat": 50.987892082081103, "elevation_m": 35.482437133789062, "distance_m": 1427.2639056361618, "distance_km": 1.4272639056361618, "heading_deg": 65.555738880302613, "slope": 0.0, "slope_deg": 0.0 }, "geometry": { "type": "Point", "coordinates": [ 5.253123597646574, 50.987892082081103 ] } },
{ "type": "Feature", "properties": { "point_id": 144, "lon": 5.2532053770805254, "lat": 50.987915481870481, "elevation_m": 41.056442260742188, "distance_m": 1437.2639056363819, "distance_km": 1.4372639056363818, "heading_deg": 65.555738889678196, "slope": 0.55740051268304425, "slope_deg": 29.135317891802458 }, "geometry": { "type": "Point", "coordinates": [ 5.253205377080525, 50.987915481870481 ] } },
{ "type": "Feature", "properties": { "point_id": 145, "lon": 5.2532871565144772, "lat": 50.987938881648049, "elevation_m": 35.448394775390625, "distance_m": 1447.2639056363228, "distance_km": 1.4472639056363228, "heading_deg": 65.555738881243201, "slope": -0.56080474853847162, "slope_deg": -29.283915310276505 }, "geometry": { "type": "Point", "coordinates": [ 5.253287156514477, 50.987938881648049 ] } },
{ "type": "Feature", "properties": { "point_id": 146, "lon": 5.2533689359484281, "lat": 50.987962281413836, "elevation_m": 35.448394775390625, "distance_m": 1457.2639056362636, "distance_km": 1.4572639056362637, "heading_deg": 65.555738889992995, "slope": 0.0, "slope_deg": 0.0 }, "geometry": { "type": "Point", "coordinates": [ 5.253368935948428, 50.987962281413836 ] } },
{ "type": "Feature", "properties": { "point_id": 147, "lon": 5.2534507153823782, "lat": 50.987985681167814, "elevation_m": 35.448394775390625, "distance_m": 1467.2639056360983, "distance_km": 1.4672639056360983, "heading_deg": 51.913305564329676, "slope": 0.0, "slope_deg": 0.0 }, "geometry": { "type": "Point", "coordinates": [ 5.253450715382378, 50.987985681167814 ] } },
{ "type": "Feature", "properties": { "point_id": 148, "lon": 5.2535207158164763, "lat": 50.988020215273224, "elevation_m": 38.228988647460938, "distance_m": 1477.164330860187, "distance_km": 1.4771643308601869, "heading_deg": 47.122722775931663, "slope": 0.28085600457896276, "slope_deg": 15.687716172604281 }, "geometry": { "type": "Point", "coordinates": [ 5.253520715816476, 50.988020215273224 ] } },
{ "type": "Feature", "properties": { "point_id": 149, "lon": 5.2535865455381989, "lat": 50.988058691808575, "elevation_m": 38.228988647460938, "distance_m": 1487.1643308600392, "distance_km": 1.4871643308600391, "heading_deg": 47.122722781120615, "slope": 0.0, "slope_deg": 0.0 }, "geometry": { "type": "Point", "coordinates": [ 5.253586545538199, 50.988058691808575 ] } },
{ "type": "Feature", "properties": { "point_id": 150, "lon": 5.2536523752599225, "lat": 50.988097168312031, "elevation_m": 38.228988647460938, "distance_m": 1497.1643308599766, "distance_km": 1.4971643308599767, "heading_deg": 47.122722773818111, "slope": 0.0, "slope_deg": 0.0 }, "geometry": { "type": "Point", "coordinates": [ 5.253652375259922, 50.988097168312031 ] } },
{ "type": "Feature", "properties": { "point_id": 151, "lon": 5.2537182049816451, "lat": 50.988135644783597, "elevation_m": 38.228988647460938, "distance_m": 1507.1643308604625, "distance_km": 1.5071643308604625, "heading_deg": 47.122722769229028, "slope": 0.0, "slope_deg": 0.0 }, "geometry": { "type": "Point", "coordinates": [ 5.253718204981645, 50.988135644783597 ] } },
{ "type": "Feature", "properties": { "point_id": 152, "lon": 5.2537840347033677, "lat": 50.988174121223274, "elevation_m": 38.228988647460938, "distance_m": 1517.1643308603147, "distance_km": 1.5171643308603147, "heading_deg": 47.122722774438159, "slope": 0.0, "slope_deg": 0.0 }, "geometry": { "type": "Point", "coordinates": [ 5.253784034703368, 50.988174121223274 ] } },
{ "type": "Feature", "properties": { "point_id": 153, "lon": 5.2538498644250913, "lat": 50.988212597631048, "elevation_m": 37.013278961181641, "distance_m": 1527.1643308602522, "distance_km": 1.5271643308602523, "heading_deg": 52.254448299569106, "slope": -0.12157096862868984, "slope_deg": -6.9314889843123026 }, "geometry": { "type": "Point", "coordinates": [ 5.253849864425091, 50.988212597631048 ] } },
{ "type": "Feature", "properties": { "point_id": 154, "lon": 5.2539205794232329, "lat": 50.988247058242109, "elevation_m": 37.013278961181641, "distance_m": 1537.1195418127959, "distance_km": 1.5371195418127959, "heading_deg": 57.989057153604961, "slope": 0.0, "slope_deg": 0.0 }, "geometry": { "type": "Point", "coordinates": [ 5.253920579423233, 50.988247058242109 ] } },
{ "type": "Feature", "properties": { "point_id": 155, "lon": 5.2539967518113464, "lat": 50.988277032780402, "elevation_m": 37.013278961181641, "distance_m": 1547.1195418124664, "distance_km": 1.5471195418124664, "heading_deg": 57.989057121203018, "slope": 0.0, "slope_deg": 0.0 }, "geometry": { "type": "Point", "coordinates": [ 5.253996751811346, 50.988277032780402 ] } },
{ "type": "Feature", "properties": { "point_id": 156, "lon": 5.2540729241994608, "lat": 50.988307007299369, "elevation_m": 36.906864166259766, "distance_m": 1557.1195418127293, "distance_km": 1.5571195418127293, "heading_deg": 57.989057142920103, "slope": -0.010641479491907795, "slope_deg": -0.60968884941383028 }, "geometry": { "type": "Point", "coordinates": [ 5.254072924199461, 50.988307007299369 ] } },
{ "type": "Feature", "properties": { "point_id": 157, "lon": 5.2541490965875743, "lat": 50.988336981798952, "elevation_m": 36.906864166259766, "distance_m": 1567.1195418123998, "distance_km": 1.5671195418123998, "heading_deg": 57.989057143586194, "slope": 0.0, "slope_deg": 0.0 }, "geometry": { "type": "Point", "coordinates": [ 5.254149096587574, 50.988336981798952 ] } },
{ "type": "Feature", "properties": { "point_id": 158, "lon": 5.2542252689756896, "lat": 50.988366956279187, "elevation_m": 36.906864166259766, "distance_m": 1577.1195418126626, "distance_km": 1.5771195418126627, "heading_deg": 57.989057135251528, "slope": 0.0, "slope_deg": 0.0 }, "geometry": { "type": "Point", "coordinates": [ 5.25422526897569, 50.988366956279187 ] } },
{ "type": "Feature", "properties": { "point_id": 159, "lon": 5.2543014413638041, "lat": 50.988396930740066, "elevation_m": 36.906864166259766, "distance_m": 1587.1195418124319, "distance_km": 1.5871195418124318, "heading_deg": 57.989027931847488, "slope": 0.0, "slope_deg": 0.0 }, "geometry": { "type": "Point", "coordinates": [ 5.254301441363804, 50.988396930740066 ] } },
{ "type": "Feature", "properties": { "point_id": 160, "lon": 5.2543776137276472, "lat": 50.988426905206026, "elevation_m": 43.276973724365234, "distance_m": 1597.1195418122995, "distance_km": 1.5971195418122994, "heading_deg": 57.988954210670386, "slope": 0.63701095581897649, "slope_deg": 32.497582959578253 }, "geometry": { "type": "Point", "coordinates": [ 5.254377613727647, 50.988426905206026 ] } },
{ "type": "Feature", "properties": { "point_id": 161, "lon": 5.2544537860302265, "lat": 50.988456879714334, "elevation_m": 43.276973724365234, "distance_m": 1607.1195418127329, "distance_km": 1.6071195418127329, "heading_deg": 57.988954218915922, "slope": 0.0, "slope_deg": 0.0 }, "geometry": { "type": "Point", "coordinates": [ 5.254453786030227, 50.988456879714334 ] } },
{ "type": "Feature", "properties": { "point_id": 162, "lon": 5.2545299583328049, "lat": 50.988486854203273, "elevation_m": 36.643733978271484, "distance_m": 1617.1195418125737, "distance_km": 1.6171195418125737, "heading_deg": 57.988954210769236, "slope": -0.66332397461993253, "slope_deg": -33.557270631625137 }, "geometry": { "type": "Point", "coordinates": [ 5.254529958332805, 50.988486854203273 ] } },
{ "type": "Feature", "properties": { "point_id": 163, "lon": 5.2546061306353842, "lat": 50.988516828672857, "elevation_m": 36.643733978271484, "distance_m": 1627.1195418125133, "distance_km": 1.6271195418125133, "heading_deg": 57.988954219291031, "slope": 0.0, "slope_deg": 0.0 }, "geometry": { "type": "Point", "coordinates": [ 5.254606130635384, 50.988516828672857 ] } },
{ "type": "Feature", "properties": { "point_id": 164, "lon": 5.2546823029379635, "lat": 50.988546803123079, "elevation_m": 36.643733978271484, "distance_m": 1637.1195418123541, "distance_km": 1.6371195418123541, "heading_deg": 57.988954221813515, "slope": 0.0, "slope_deg": 0.0 }, "geometry": { "type": "Point", "coordinates": [ 5.254682302937963, 50.988546803123079 ] } },
{ "type": "Feature", "properties": { "point_id": 165, "lon": 5.2547584752405427, "lat": 50.988576777553952, "elevation_m": 36.643733978271484, "distance_m": 1647.1195418127875, "distance_km": 1.6471195418127875, "heading_deg": 57.744502712731787, "slope": 0.0, "slope_deg": 0.0 }, "geometry": { "type": "Point", "coordinates": [ 5.254758475240543, 50.988576777553952 ] } },
{ "type": "Feature", "properties": { "point_id": 166, "lon": 5.2548344371106239, "lat": 50.988606953650724, "elevation_m": 36.643733978271484, "distance_m": 1657.1186759390546, "distance_km": 1.6571186759390546, "heading_deg": 55.419116514455766, "slope": 0.0, "slope_deg": 0.0 }, "geometry": { "type": "Point", "coordinates": [ 5.254834437110624, 50.988606953650724 ] } },
{ "type": "Feature", "properties": { "point_id": 167, "lon": 5.2549083977495394, "lat": 50.988639047770846, "elevation_m": 39.301647186279297, "distance_m": 1667.1186759393108, "distance_km": 1.6671186759393108, "heading_deg": 55.419116521922945, "slope": 0.26579132079397033, "slope_deg": 14.884583059146662 }, "geometry": { "type": "Point", "coordinates": [ 5.254908397749539, 50.988639047770846 ] } },
{ "type": "Feature", "properties": { "point_id": 168, "lon": 5.2549823583884541, "lat": 50.988671141868778, "elevation_m": 39.301647186279297, "distance_m": 1677.1186759395671, "distance_km": 1.6771186759395671, "heading_deg": 55.419116526453365, "slope": 0.0, "slope_deg": 0.0 }, "geometry": { "type": "Point", "coordinates": [ 5.254982358388454, 50.988671141868778 ] } },
{ "type": "Feature", "properties": { "point_id": 169, "lon": 5.2550563190273687, "lat": 50.988703235944506, "elevation_m": 39.301647186279297, "distance_m": 1687.118675939199, "distance_km": 1.687118675939199, "heading_deg": 55.419116515355995, "slope": 0.0, "slope_deg": 0.0 }, "geometry": { "type": "Point", "coordinates": [ 5.255056319027369, 50.988703235944506 ] } },
{ "type": "Feature", "properties": { "point_id": 170, "lon": 5.2551302796662833, "lat": 50.988735329998065, "elevation_m": 39.301647186279297, "distance_m": 1697.1186759394552, "distance_km": 1.6971186759394552, "heading_deg": 55.419116528430891, "slope": 0.0, "slope_deg": 0.0 }, "geometry": { "type": "Point", "coordinates": [ 5.255130279666283, 50.988735329998065 ] } },
{ "type": "Feature", "properties": { "point_id": 171, "lon": 5.2552042403051979, "lat": 50.988767424029412, "elevation_m": 38.209186553955078, "distance_m": 1707.118675939183, "distance_km": 1.707118675939183, "heading_deg": 55.419116512035714, "slope": -0.10924606323539518, "slope_deg": -6.2346140447887297 }, "geometry": { "type": "Point", "coordinates": [ 5.255204240305198, 50.988767424029412 ] } },
{ "type": "Feature", "properties": { "point_id": 172, "lon": 5.2552782009441135, "lat": 50.988799518038583, "elevation_m": 38.209186553955078, "distance_m": 1717.1186759394393, "distance_km": 1.7171186759394392, "heading_deg": 55.419116527484903, "slope": 0.0, "slope_deg": 0.0 }, "geometry": { "type": "Point", "coordinates": [ 5.255278200944113, 50.988799518038583 ] } },
{ "type": "Feature", "properties": { "point_id": 173, "lon": 5.2553521615830281, "lat": 50.988831612025557, "elevation_m": 38.209186553955078, "distance_m": 1727.1186759391671, "distance_km": 1.7271186759391672, "heading_deg": 55.419116518482781, "slope": 0.0, "slope_deg": 0.0 }, "geometry": { "type": "Point", "coordinates": [ 5.255352161583028, 50.988831612025557 ] } },
{ "type": "Feature", "properties": { "point_id": 174, "lon": 5.2554261222219418, "lat": 50.988863705990333, "elevation_m": 38.209186553955078, "distance_m": 1737.1186759393277, "distance_km": 1.7371186759393276, "heading_deg": 55.419116518596468, "slope": 0.0, "slope_deg": 0.0 }, "geometry": { "type": "Point", "coordinates": [ 5.255426122221942, 50.988863705990333 ] } },
{ "type": "Feature", "properties": { "point_id": 175, "lon": 5.2555000828608573, "lat": 50.988895799932926, "elevation_m": 38.209186553955078, "distance_m": 1747.1186759390555, "distance_km": 1.7471186759390556, "heading_deg": 55.419116512832147, "slope": 0.0, "slope_deg": 0.0 }, "geometry": { "type": "Point", "coordinates": [ 5.255500082860857, 50.988895799932926 ] } },
{ "type": "Feature", "properties": { "point_id": 176, "lon": 5.255574043499772, "lat": 50.988927893853329, "elevation_m": 38.209186553955078, "distance_m": 1757.1186759393117, "distance_km": 1.7571186759393118, "heading_deg": 55.419116517685666, "slope": 0.0, "slope_deg": 0.0 }, "geometry": { "type": "Point", "coordinates": [ 5.255574043499772, 50.988927893853329 ] } },
{ "type": "Feature", "properties": { "point_id": 177, "lon": 5.2556480041386875, "lat": 50.988959987751542, "elevation_m": 38.209186553955078, "distance_m": 1767.118675939568, "distance_km": 1.7671186759395681, "heading_deg": 54.201268600503511, "slope": 0.0, "slope_deg": 0.0 }, "geometry": { "type": "Point", "coordinates": [ 5.255648004138687, 50.988959987751542 ] } },
{ "type": "Feature", "properties": { "point_id": 178, "lon": 5.2557208499663082, "lat": 50.988993057306033, "elevation_m": 40.535301208496094, "distance_m": 1777.1166907316062, "distance_km": 1.7771166907316063, "heading_deg": 53.130977384685252, "slope": 0.23265765283657894, "slope_deg": 13.097302093272685 }, "geometry": { "type": "Point", "coordinates": [ 5.255720849966308, 50.988993057306033 ] } },
{ "type": "Feature", "properties": { "point_id": 179, "lon": 5.2557927160384414, "lat": 50.989026984314513, "elevation_m": 40.535301208496094, "distance_m": 1787.1166907314509, "distance_km": 1.7871166907314509, "heading_deg": 53.130977368962533, "slope": 0.0, "slope_deg": 0.0 }, "geometry": { "type": "Point", "coordinates": [ 5.255792716038441, 50.989026984314513 ] } },
{ "type": "Feature", "properties": { "point_id": 180, "lon": 5.2558645821105738, "lat": 50.98906091129821, "elevation_m": 36.945838928222656, "distance_m": 1797.1166907317613, "distance_km": 1.7971166907317613, "heading_deg": 53.130977374479016, "slope": -0.35894622801620329, "slope_deg": -19.745408796933059 }, "geometry": { "type": "Point", "coordinates": [ 5.255864582110574, 50.98906091129821 ] } },
{ "type": "Feature", "properties": { "point_id": 181, "lon": 5.2559364481827071, "lat": 50.989094838257095, "elevation_m": 36.945838928222656, "distance_m": 1807.116690731606, "distance_km": 1.8071166907316061, "heading_deg": 53.130977387430903, "slope": 0.0, "slope_deg": 0.0 }, "geometry": { "type": "Point", "coordinates": [ 5.255936448182707, 50.989094838257095 ] } },
{ "type": "Feature", "properties": { "point_id": 182, "lon": 5.2560083142548404, "lat": 50.989128765191175, "elevation_m": 39.301963806152344, "distance_m": 1817.1166907314507, "distance_km": 1.8171166907314507, "heading_deg": 53.130977376879684, "slope": 0.23561248779662772, "slope_deg": 13.257803034918531 }, "geometry": { "type": "Point", "coordinates": [ 5.25600831425484, 50.989128765191175 ] } },
{ "type": "Feature", "properties": { "point_id": 183, "lon": 5.2560801803269728, "lat": 50.989162692100464, "elevation_m": 39.301963806152344, "distance_m": 1827.1166907317611, "distance_km": 1.8271166907317611, "heading_deg": 53.130977377559191, "slope": 0.0, "slope_deg": 0.0 }, "geometry": { "type": "Point", "coordinates": [ 5.256080180326973, 50.989162692100464 ] } },
{ "type": "Feature", "properties": { "point_id": 184, "lon": 5.2561520463991069, "lat": 50.989196618984948, "elevation_m": 39.301963806152344, "distance_m": 1837.1166907316058, "distance_km": 1.8371166907316059, "heading_deg": 53.130977386730933, "slope": 0.0, "slope_deg": 0.0 }, "geometry": { "type": "Point", "coordinates": [ 5.256152046399107, 50.989196618984948 ] } },
{ "type": "Feature", "properties": { "point_id": 185, "lon": 5.2562239124712384, "lat": 50.989230545844634, "elevation_m": 39.301963806152344, "distance_m": 1847.1166907313575, "distance_km": 1.8471166907313574, "heading_deg": 56.548672565291781, "slope": 0.0, "slope_deg": 0.0 }, "geometry": { "type": "Point", "coordinates": [ 5.256223912471238, 50.989230545844634 ] } },
{ "type": "Feature", "properties": { "point_id": 186, "lon": 5.2562985954455295, "lat": 50.989261603924668, "elevation_m": 39.301963806152344, "distance_m": 1857.0808833935664, "distance_km": 1.8570808833935664, "heading_deg": 63.429501071332709, "slope": 0.0, "slope_deg": 0.0 }, "geometry": { "type": "Point", "coordinates": [ 5.256298595445529, 50.989261603924668 ] } },
{ "type": "Feature", "properties": { "point_id": 187, "lon": 5.2563789394089007, "lat": 50.989286896792336, "elevation_m": 39.301963806152344, "distance_m": 1867.0808833933797, "distance_km": 1.8670808833933796, "heading_deg": 63.429501079080978, "slope": 0.0, "slope_deg": 0.0 }, "geometry": { "type": "Point", "coordinates": [ 5.256378939408901, 50.989286896792336 ] } },
{ "type": "Feature", "properties": { "point_id": 188, "lon": 5.2564592833722728, "lat": 50.98931218964622, "elevation_m": 38.371231079101562, "distance_m": 1877.0808833936096, "distance_km": 1.8770808833936097, "heading_deg": 63.429501071512277, "slope": -0.093073272702938609, "slope_deg": -5.3173868279001191 }, "geometry": { "type": "Point", "coordinates": [ 5.256459283372273, 50.98931218964622 ] } },
{ "type": "Feature", "properties": { "point_id": 189, "lon": 5.2565396273356439, "lat": 50.98933748248632, "elevation_m": 39.984020233154297, "distance_m": 1887.0808833934229, "distance_km": 1.8870808833934229, "heading_deg": 63.429501075929124, "slope": 0.1612789154082841, "slope_deg": 9.1617100333197978 }, "geometry": { "type": "Point", "coordinates": [ 5.256539627335644, 50.98933748248632 ] } },
{ "type": "Feature", "properties": { "point_id": 190, "lon": 5.2566199712990151, "lat": 50.989362775312635, "elevation_m": 39.984020233154297, "distance_m": 1897.0808833936528, "distance_km": 1.8970808833936528, "heading_deg": 63.429501077692805, "slope": 0.0, "slope_deg": 0.0 }, "geometry": { "type": "Point", "coordinates": [ 5.256619971299015, 50.989362775312635 ] } },
{ "type": "Feature", "properties": { "point_id": 191, "lon": 5.2567003152623872, "lat": 50.989388068125173, "elevation_m": 39.984020233154297, "distance_m": 1907.0808833934661, "distance_km": 1.907080883393466, "heading_deg": 55.803066766988707, "slope": 0.0, "slope_deg": 0.0 }, "geometry": { "type": "Point", "coordinates": [ 5.256700315262387, 50.989388068125173 ] } },
{ "type": "Feature", "properties": { "point_id": 192, "lon": 5.2567738591174598, "lat": 50.989419525307, "elevation_m": 39.984020233154297, "distance_m": 1916.9790289888763, "distance_km": 1.9169790289888762, "heading_deg": 47.01977939119854, "slope": 0.0, "slope_deg": 0.0 }, "geometry": { "type": "Point", "coordinates": [ 5.25677385911746, 50.989419525307 ] } },
{ "type": "Feature", "properties": { "point_id": 193, "lon": 5.2568395789112703, "lat": 50.989458075070914, "elevation_m": 40.234134674072266, "distance_m": 1926.9790289889943, "distance_km": 1.9269790289889943, "heading_deg": 47.019779389300766, "slope": 0.025011444091501724, "slope_deg": 1.4327514725652983 }, "geometry": { "type": "Point", "coordinates": [ 5.25683957891127, 50.989458075070914 ] } },
{ "type": "Feature", "properties": { "point_id": 194, "lon": 5.2569052987050808, "lat": 50.989496624802811, "elevation_m": 40.234134674072266, "distance_m": 1936.9790289891123, "distance_km": 1.9369790289891122, "heading_deg": 47.019779392816758, "slope": 0.0, "slope_deg": 0.0 }, "geometry": { "type": "Point", "coordinates": [ 5.256905298705081, 50.989496624802811 ] } },
{ "type": "Feature", "properties": { "point_id": 195, "lon": 5.2569710184988914, "lat": 50.989535174502691, "elevation_m": 40.234134674072266, "distance_m": 1946.9790289892303, "distance_km": 1.9469790289892304, "heading_deg": 47.019779380181149, "slope": 0.0, "slope_deg": 0.0 }, "geometry": { "type": "Point", "coordinates": [ 5.256971018498891, 50.989535174502691 ] } },
{ "type": "Feature", "properties": { "point_id": 196, "lon": 5.2570367382927046, "lat": 50.989573724170562, "elevation_m": 40.234134674072266, "distance_m": 1956.9790289887985, "distance_km": 1.9569790289887985, "heading_deg": 47.01977939210434, "slope": 0.0, "slope_deg": 0.0 }, "geometry": { "type": "Point", "coordinates": [ 5.257036738292705, 50.989573724170562 ] } },
{ "type": "Feature", "properties": { "point_id": 197, "lon": 5.2571024580865151, "lat": 50.989612273806408, "elevation_m": 37.544097900390625, "distance_m": 1966.9790289889165, "distance_km": 1.9669790289889166, "heading_deg": 47.019779388221707, "slope": -0.26900367736498965, "slope_deg": -15.056355454084873 }, "geometry": { "type": "Point", "coordinates": [ 5.257102458086515, 50.989612273806408 ] } },
{ "type": "Feature", "properties": { "point_id": 198, "lon": 5.2571681778803265, "lat": 50.98965082341023, "elevation_m": 37.544097900390625, "distance_m": 1976.9790289890345, "distance_km": 1.9769790289890345, "heading_deg": 51.72945120752064, "slope": 0.0, "slope_deg": 0.0 }, "geometry": { "type": "Point", "coordinates": [ 5.257168177880327, 50.98965082341023 ] } },
{ "type": "Feature", "properties": { "point_id": 199, "lon": 5.2572386878299042, "lat": 50.989685838110134, "elevation_m": 37.544097900390625, "distance_m": 1986.9767111313447, "distance_km": 1.9869767111313448, "heading_deg": 52.052431197904752, "slope": 0.0, "slope_deg": 0.0 }, "geometry": { "type": "Point", "coordinates": [ 5.257238687829904, 50.989685838110134 ] } },
{ "type": "Feature", "properties": { "point_id": 200, "lon": 5.2573095266473819, "lat": 50.989720610097351, "elevation_m": 37.544097900390625, "distance_m": 1996.9767111312069, "distance_km": 1.9969767111312069, "heading_deg": 52.052431203891388, "slope": 0.0, "slope_deg": 0.0 }, "geometry": { "type": "Point", "coordinates": [ 5.257309526647382, 50.989720610097351 ] } },
{ "type": "Feature", "properties": { "point_id": 201, "lon": 5.2573803654648588, "lat": 50.989755382058505, "elevation_m": 38.830047607421875, "distance_m": 2006.9767111309773, "distance_km": 2.0069767111309771, "heading_deg": 52.052431213360364, "slope": 0.12859497070607814, "slope_deg": 7.3277335862092148 }, "geometry": { "type": "Point", "coordinates": [ 5.257380365464859, 50.989755382058505 ] } },
{ "type": "Feature", "properties": { "point_id": 202, "lon": 5.2574512042823365, "lat": 50.989790153993603, "elevation_m": 38.830047607421875, "distance_m": 2016.9767111314122, "distance_km": 2.0169767111314121, "heading_deg": 52.052431202191769, "slope": 0.0, "slope_deg": 0.0 }, "geometry": { "type": "Point", "coordinates": [ 5.257451204282336, 50.989790153993603 ] } },
{ "type": "Feature", "properties": { "point_id": 203, "lon": 5.2575220430998142, "lat": 50.98982492590266, "elevation_m": 38.830047607421875, "distance_m": 2026.9767111311826, "distance_km": 2.0269767111311827, "heading_deg": 52.052431198652641, "slope": 0.0, "slope_deg": 0.0 }, "geometry": { "type": "Point", "coordinates": [ 5.257522043099814, 50.98982492590266 ] } },
{ "type": "Feature", "properties": { "point_id": 204, "lon": 5.2575928819172919, "lat": 50.989859697785668, "elevation_m": 38.830047607421875, "distance_m": 2036.9767111310448, "distance_km": 2.0369767111310448, "heading_deg": 52.052431200201681, "slope": 0.0, "slope_deg": 0.0 }, "geometry": { "type": "Point", "coordinates": [ 5.257592881917292, 50.989859697785668 ] } },
{ "type": "Feature", "properties": { "point_id": 205, "lon": 5.2576637207347696, "lat": 50.989894469642628, "elevation_m": 38.083194732666016, "distance_m": 2046.9767111313879, "distance_km": 2.0469767111313879, "heading_deg": 52.052431199526495, "slope": -0.074685287473023429, "slope_deg": -4.2712220699438488 }, "geometry": { "type": "Point", "coordinates": [ 5.25766372073477, 50.989894469642628 ] } },
{ "type": "Feature", "properties": { "point_id": 206, "lon": 5.2577345595522473, "lat": 50.98992924147354, "elevation_m": 38.083194732666016, "distance_m": 2056.9767111312499, "distance_km": 2.05697671113125, "heading_deg": 52.052431203315791, "slope": 0.0, "slope_deg": 0.0 }, "geometry": { "type": "Point", "coordinates": [ 5.257734559552247, 50.98992924147354 ] } },
{ "type": "Feature", "properties": { "point_id": 207, "lon": 5.257805398369725, "lat": 50.989964013278396, "elevation_m": 38.083194732666016, "distance_m": 2066.9767111311121, "distance_km": 2.0669767111311121, "heading_deg": 51.144992568551629, "slope": 0.0, "slope_deg": 0.0 }, "geometry": { "type": "Point", "coordinates": [ 5.257805398369725, 50.989964013278396 ] } },
{ "type": "Feature", "properties": { "point_id": 208, "lon": 5.2578752940536164, "lat": 50.989999456756586, "elevation_m": 38.083194732666016, "distance_m": 2076.9682213323576, "distance_km": 2.0769682213323577, "heading_deg": 45.005753085290735, "slope": 0.0, "slope_deg": 0.0 }, "geometry": { "type": "Point", "coordinates": [ 5.257875294053616, 50.989999456756586 ] } },
{ "type": "Feature", "properties": { "point_id": 209, "lon": 5.257938820941666, "lat": 50.990039436057963, "elevation_m": 38.083194732666016, "distance_m": 2086.9682213323263, "distance_km": 2.0869682213323264, "heading_deg": 45.005753080345414, "slope": 0.0, "slope_deg": 0.0 }, "geometry": { "type": "Point", "coordinates": [ 5.257938820941666, 50.990039436057963 ] } },
{ "type": "Feature", "properties": { "point_id": 210, "lon": 5.2580023478297164, "lat": 50.990079415324914, "elevation_m": 38.083194732666016, "distance_m": 2096.9682213323772, "distance_km": 2.0969682213323773, "heading_deg": 45.005753085727122, "slope": 0.0, "slope_deg": 0.0 }, "geometry": { "type": "Point", "coordinates": [ 5.258002347829716, 50.990079415324914 ] } },
{ "type": "Feature", "properties": { "point_id": 211, "lon": 5.2580658747177651, "lat": 50.990119394557418, "elevation_m": 38.083194732666016, "distance_m": 2106.9682213323458, "distance_km": 2.106968221332346, "heading_deg": 45.005753083434058, "slope": 0.0, "slope_deg": 0.0 }, "geometry": { "type": "Point", "coordinates": [ 5.258065874717765, 50.990119394557418 ] } },
{ "type": "Feature", "properties": { "point_id": 212, "lon": 5.2581294016058155, "lat": 50.990159373755489, "elevation_m": 36.408805847167969, "distance_m": 2116.9682213323968, "distance_km": 2.1169682213323968, "heading_deg": 35.945296994363218, "slope": -0.16743888854895189, "slope_deg": -9.505366052167437 }, "geometry": { "type": "Point", "coordinates": [ 5.258129401605816, 50.990159373755489 ] } },
{ "type": "Feature", "properties": { "point_id": 213, "lon": 5.258181453218798, "lat": 50.990204560260104, "elevation_m": 36.408805847167969, "distance_m": 2126.8391448074162, "distance_km": 2.1268391448074162, "heading_deg": 26.571674498055131, "slope": 0.0, "slope_deg": 0.0 }, "geometry": { "type": "Point", "coordinates": [ 5.258181453218798, 50.990204560260104 ] } },
{ "type": "Feature", "properties": { "point_id": 214, "lon": 5.2582216364093375, "lat": 50.990255132461371, "elevation_m": 36.892601013183594, "distance_m": 2136.839144807444, "distance_km": 2.136839144807444, "heading_deg": 26.571674501668724, "slope": 0.0483795166014283, "slope_deg": 2.7697824996182989 }, "geometry": { "type": "Point", "coordinates": [ 5.258221636409337, 50.990255132461371 ] } },
{ "type": "Feature", "properties": { "point_id": 215, "lon": 5.258261819599876, "lat": 50.990305704607536, "elevation_m": 36.892601013183594, "distance_m": 2146.8391448074717, "distance_km": 2.1468391448074717, "heading_deg": 19.049807553432345, "slope": 0.0, "slope_deg": 0.0 }, "geometry": { "type": "Point", "coordinates": [ 5.258261819599876, 50.990305704607536 ] } },
{ "type": "Feature", "properties": { "point_id": 216, "lon": 5.2582905, "lat": 50.990357986378655, "elevation_m": 36.892601013183594, "distance_m": 2156.6209578944486, "distance_km": 2.1566209578944484, "heading_deg": 0.0, "slope": 0.0, "slope_deg": 0.0 }, "geometry": { "type": "Point", "coordinates": [ 5.2582905, 50.990357986378655 ] } },
{ "type": "Feature", "properties": { "point_id": 217, "lon": 5.2582905, "lat": 50.990414530904346, "elevation_m": 36.892601013183594, "distance_m": 2166.6209578944486, "distance_km": 2.1666209578944486, "heading_deg": 353.50229497737013, "slope": 0.0, "slope_deg": 0.0 }, "geometry": { "type": "Point", "coordinates": [ 5.2582905, 50.990414530904346 ] } },
{ "type": "Feature", "properties": { "point_id": 218, "lon": 5.2582803696997455, "lat": 50.990470516785166, "elevation_m": 35.458339691162109, "distance_m": 2176.586185379354, "distance_km": 2.176586185379354, "heading_deg": 349.98746318826289, "slope": -0.14392660119339926, "slope_deg": -8.1901432826492258 }, "geometry": { "type": "Point", "coordinates": [ 5.258280369699746, 50.990470516785166 ] } },
{ "type": "Feature", "properties": { "point_id": 219, "lon": 5.2582647512522458, "lat": 50.990526199987137, "elevation_m": 35.458339691162109, "distance_m": 2186.5861853791239, "distance_km": 2.1865861853791237, "heading_deg": 349.98746318776409, "slope": 0.0, "slope_deg": 0.0 }, "geometry": { "type": "Point", "coordinates": [ 5.258264751252246, 50.990526199987137 ] } },
{ "type": "Feature", "properties": { "point_id": 220, "lon": 5.2582491328047469, "lat": 50.990581883122296, "elevation_m": 35.458339691162109, "distance_m": 2196.5861853788733, "distance_km": 2.1965861853788735, "heading_deg": 354.53890058797657, "slope": 0.0, "slope_deg": 0.0 }, "geometry": { "type": "Point", "coordinates": [ 5.258249132804747, 50.990581883122296 ] } },
{ "type": "Feature", "properties": { "point_id": 221, "lon": 5.2582408139135683, "lat": 50.990636653971094, "elevation_m": 35.458339691162109, "distance_m": 2206.3167205423797, "distance_km": 2.2063167205423797, "heading_deg": 32.471246839815535, "slope": 0.0, "slope_deg": 0.0 }, "geometry": { "type": "Point", "coordinates": [ 5.258240813913568, 50.990636653971094 ] } },
{ "type": "Feature", "properties": { "point_id": 222, "lon": 5.2582890423565383, "lat": 50.990684358089048, "elevation_m": 35.458339691162109, "distance_m": 2216.3167205422274, "distance_km": 2.2163167205422272, "heading_deg": 32.471246836309035, "slope": 0.0, "slope_deg": 0.0 }, "geometry": { "type": "Point", "coordinates": [ 5.258289042356538, 50.990684358089048 ] } },
{ "type": "Feature", "properties": { "point_id": 223, "lon": 5.2583372707995082, "lat": 50.990732062157974, "elevation_m": 34.841056823730469, "distance_m": 2226.316720542075, "distance_km": 2.2263167205420751, "heading_deg": 32.471246846654083, "slope": -0.061728286744104431, "slope_deg": -3.5322884013062339 }, "geometry": { "type": "Point", "coordinates": [ 5.258337270799508, 50.990732062157974 ] } },
{ "type": "Feature", "properties": { "point_id": 224, "lon": 5.2583854992424781, "lat": 50.990779766177859, "elevation_m": 34.841056823730469, "distance_m": 2236.3167205418599, "distance_km": 2.2363167205418599, "heading_deg": 32.471246839278081, "slope": 0.0, "slope_deg": 0.0 }, "geometry": { "type": "Point", "coordinates": [ 5.258385499242478, 50.990779766177859 ] } },
{ "type": "Feature", "properties": { "point_id": 225, "lon": 5.258433727685448, "lat": 50.990827470148723, "elevation_m": 34.841056823730469, "distance_m": 2246.3167205417076, "distance_km": 2.2463167205417074, "heading_deg": 32.471246839688263, "slope": 0.0, "slope_deg": 0.0 }, "geometry": { "type": "Point", "coordinates": [ 5.258433727685448, 50.990827470148723 ] } },
{ "type": "Feature", "properties": { "point_id": 226, "lon": 5.258481956128418, "lat": 50.990875174070553, "elevation_m": 34.387851715087891, "distance_m": 2256.3167205423406, "distance_km": 2.2563167205423404, "heading_deg": 45.908798839704104, "slope": -0.045320510861388989, "slope_deg": -2.5948983737142473 }, "geometry": { "type": "Point", "coordinates": [ 5.258481956128418, 50.990875174070553 ] } },
{ "type": "Feature", "properties": { "point_id": 227, "lon": 5.2585459652431688, "lat": 50.99091420590829, "elevation_m": 34.387851715087891, "distance_m": 2266.2375365998846, "distance_km": 2.2662375365998848, "heading_deg": 49.773828981968336, "slope": 0.0, "slope_deg": 0.0 }, "geometry": { "type": "Point", "coordinates": [ 5.258545965243169, 50.99091420590829 ] } },
{ "type": "Feature", "properties": { "point_id": 228, "lon": 5.258614551742971, "lat": 50.990950722280687, "elevation_m": 34.387851715087891, "distance_m": 2276.237536599313, "distance_km": 2.276237536599313, "heading_deg": 49.77382898465919, "slope": 0.0, "slope_deg": 0.0 }, "geometry": { "type": "Point", "coordinates": [ 5.258614551742971, 50.990950722280687 ] } },
{ "type": "Feature", "properties": { "point_id": 229, "lon": 5.258683138242775, "lat": 50.990987238624349, "elevation_m": 34.328025817871094, "distance_m": 2286.2375365994317, "distance_km": 2.2862375365994319, "heading_deg": 51.123649465649976, "slope": -0.0059825897216086808, "slope_deg": -0.342773052205391 }, "geometry": { "type": "Point", "coordinates": [ 5.258683138242775, 50.990987238624349 ] } },
{ "type": "Feature", "properties": { "point_id": 230, "lon": 5.2587530245625613, "lat": 50.991022703601963, "elevation_m": 34.328025817871094, "distance_m": 2296.2307077831651, "distance_km": 2.296230707783165, "heading_deg": 54.445276975775073, "slope": 0.0, "slope_deg": 0.0 }, "geometry": { "type": "Point", "coordinates": [ 5.258753024562561, 50.991022703601963 ] } },
{ "type": "Feature", "properties": { "point_id": 231, "lon": 5.2588261079733689, "lat": 50.991055582641586, "elevation_m": 34.328025817871094, "distance_m": 2306.230707783006, "distance_km": 2.3062307077830058, "heading_deg": 54.44527697536347, "slope": 0.0, "slope_deg": 0.0 }, "geometry": { "type": "Point", "coordinates": [ 5.258826107973369, 50.991055582641586 ] } },
{ "type": "Feature", "properties": { "point_id": 232, "lon": 5.2588991913841774, "lat": 50.991088461657917, "elevation_m": 34.328025817871094, "distance_m": 2316.2307077833884, "distance_km": 2.3162307077833884, "heading_deg": 54.44527697931585, "slope": 0.0, "slope_deg": 0.0 }, "geometry": { "type": "Point", "coordinates": [ 5.258899191384177, 50.991088461657917 ] } },
{ "type": "Feature", "properties": { "point_id": 233, "lon": 5.2589722747949841, "lat": 50.991121340650949, "elevation_m": 34.328025817871094, "distance_m": 2326.2307077831347, "distance_km": 2.3262307077831346, "heading_deg": 58.505451621995974, "slope": 0.0, "slope_deg": 0.0 }, "geometry": { "type": "Point", "coordinates": [ 5.258972274794984, 50.991121340650949 ] } },
{ "type": "Feature", "properties": { "point_id": 234, "lon": 5.2590488148839984, "lat": 50.991150857484953, "elevation_m": 33.650775909423828, "distance_m": 2336.2230875091896, "distance_km": 2.3362230875091896, "heading_deg": 59.737613600420275, "slope": -0.067776638499971495, "slope_deg": -3.8773854444777403 }, "geometry": { "type": "Point", "coordinates": [ 5.259048814883998, 50.991150857484953 ] } },
{ "type": "Feature", "properties": { "point_id": 235, "lon": 5.2591264047864055, "lat": 50.991179353200501, "elevation_m": 33.650775909423828, "distance_m": 2346.2230875094242, "distance_km": 2.3462230875094243, "heading_deg": 59.73761361482201, "slope": 0.0, "slope_deg": 0.0 }, "geometry": { "type": "Point", "coordinates": [ 5.259126404786405, 50.991179353200501 ] } },
{ "type": "Feature", "properties": { "point_id": 236, "lon": 5.2592039946888116, "lat": 50.991207848898547, "elevation_m": 33.650775909423828, "distance_m": 2356.2230875091896, "distance_km": 2.3562230875091896, "heading_deg": 59.737613601390194, "slope": 0.0, "slope_deg": 0.0 }, "geometry": { "type": "Point", "coordinates": [ 5.259203994688812, 50.991207848898547 ] } },
{ "type": "Feature", "properties": { "point_id": 237, "lon": 5.2592815845912186, "lat": 50.9912363445791, "elevation_m": 33.650775909423828, "distance_m": 2366.2230875094242, "distance_km": 2.3662230875094243, "heading_deg": 59.089977444777276, "slope": 0.0, "slope_deg": 0.0 }, "geometry": { "type": "Point", "coordinates": [ 5.259281584591219, 50.9912363445791 ] } },
{ "type": "Feature", "properties": { "point_id": 238, "lon": 5.2593586391246872, "lat": 50.991265383398044, "elevation_m": 33.891204833984375, "distance_m": 2376.2206610292415, "distance_km": 2.3762206610292416, "heading_deg": 56.630165368104656, "slope": 0.024048727832205203, "slope_deg": 1.3776250692279575 }, "geometry": { "type": "Point", "coordinates": [ 5.259358639124687, 50.991265383398044 ] } },
{ "type": "Feature", "properties": { "point_id": 239, "lon": 5.2594336608339463, "lat": 50.991296484589235, "elevation_m": 33.891204833984375, "distance_m": 2386.2206610296421, "distance_km": 2.3862206610296419, "heading_deg": 56.630165379782397, "slope": 0.0, "slope_deg": 0.0 }, "geometry": { "type": "Point", "coordinates": [ 5.259433660833946, 50.991296484589235 ] } },
{ "type": "Feature", "properties": { "point_id": 240, "lon": 5.2595086825432054, "lat": 50.991327585759571, "elevation_m": 33.891204833984375, "distance_m": 2396.220661029628, "distance_km": 2.3962206610296279, "heading_deg": 56.63016537744852, "slope": 0.0, "slope_deg": 0.0 }, "geometry": { "type": "Point", "coordinates": [ 5.259508682543205, 50.991327585759571 ] } },
{ "type": "Feature", "properties": { "point_id": 241, "lon": 5.2595837042524636, "lat": 50.991358686909066, "elevation_m": 33.891204833984375, "distance_m": 2406.2206610295166, "distance_km": 2.4062206610295167, "heading_deg": 56.630165384030306, "slope": 0.0, "slope_deg": 0.0 }, "geometry": { "type": "Point", "coordinates": [ 5.259583704252464, 50.991358686909066 ] } },
{ "type": "Feature", "properties": { "point_id": 242, "lon": 5.2596587259617236, "lat": 50.991389788037715, "elevation_m": 33.891204833984375, "distance_m": 2416.2206610295025, "distance_km": 2.4162206610295023, "heading_deg": 56.630165378734091, "slope": 0.0, "slope_deg": 0.0 }, "geometry": { "type": "Point", "coordinates": [ 5.259658725961724, 50.991389788037715 ] } },
{ "type": "Feature", "properties": { "point_id": 243, "lon": 5.2597337476709818, "lat": 50.99142088914553, "elevation_m": 33.891204833984375, "distance_m": 2426.2206610293911, "distance_km": 2.426220661029391, "heading_deg": 56.630165376691366, "slope": 0.0, "slope_deg": 0.0 }, "geometry": { "type": "Point", "coordinates": [ 5.259733747670982, 50.99142088914553 ] } },
{ "type": "Feature", "properties": { "point_id": 244, "lon": 5.25980876938024, "lat": 50.991451990232505, "elevation_m": 33.891204833984375, "distance_m": 2436.2206610292797, "distance_km": 2.4362206610292798, "heading_deg": 56.630165388668445, "slope": 0.0, "slope_deg": 0.0 }, "geometry": { "type": "Point", "coordinates": [ 5.25980876938024, 50.991451990232505 ] } },
{ "type": "Feature", "properties": { "point_id": 245, "lon": 5.2598837910895, "lat": 50.991483091298626, "elevation_m": 35.901039123535156, "distance_m": 2446.2206610292656, "distance_km": 2.4462206610292654, "heading_deg": 56.630165369926658, "slope": 0.20098342895536145, "slope_deg": 11.364101375512444 }, "geometry": { "type": "Point", "coordinates": [ 5.2598837910895, 50.991483091298626 ] } },
{ "type": "Feature", "properties": { "point_id": 246, "lon": 5.2599588127987591, "lat": 50.991514192343921, "elevation_m": 35.901039123535156, "distance_m": 2456.2206610296662, "distance_km": 2.4562206610296662, "heading_deg": 56.630165378941342, "slope": 0.0, "slope_deg": 0.0 }, "geometry": { "type": "Point", "coordinates": [ 5.259958812798759, 50.991514192343921 ] } },
{ "type": "Feature", "properties": { "point_id": 247, "lon": 5.2600338345080182, "lat": 50.991545293368368, "elevation_m": 33.375404357910156, "distance_m": 2466.2206610296521, "distance_km": 2.4662206610296522, "heading_deg": 56.630165379606467, "slope": -0.25256347656285605, "slope_deg": -14.174396470551876 }, "geometry": { "type": "Point", "coordinates": [ 5.260033834508018, 50.991545293368368 ] } },
{ "type": "Feature", "properties": { "point_id": 248, "lon": 5.2601088562172773, "lat": 50.991576394371975, "elevation_m": 33.375404357910156, "distance_m": 2476.2206610295407, "distance_km": 2.4762206610295405, "heading_deg": 56.630165374613568, "slope": 0.0, "slope_deg": 0.0 }, "geometry": { "type": "Point", "coordinates": [ 5.260108856217277, 50.991576394371975 ] } },
{ "type": "Feature", "properties": { "point_id": 249, "lon": 5.2601838779265355, "lat": 50.991607495354742, "elevation_m": 35.457859039306641, "distance_m": 2486.2206610294293, "distance_km": 2.4862206610294293, "heading_deg": 56.63016538633201, "slope": 0.20824546814196856, "slope_deg": 11.763463956422527 }, "geometry": { "type": "Point", "coordinates": [ 5.260183877926536, 50.991607495354742 ] } },
{ "type": "Feature", "properties": { "point_id": 250, "lon": 5.2602588996357946, "lat": 50.991638596316662, "elevation_m": 35.457859039306641, "distance_m": 2496.2206610294152, "distance_km": 2.4962206610294153, "heading_deg": 56.630165381626171, "slope": 0.0, "slope_deg": 0.0 }, "geometry": { "type": "Point", "coordinates": [ 5.260258899635795, 50.991638596316662 ] } },
{ "type": "Feature", "properties": { "point_id": 251, "lon": 5.2603339213450537, "lat": 50.991669697257734, "elevation_m": 35.457859039306641, "distance_m": 2506.2206610293038, "distance_km": 2.5062206610293036, "heading_deg": 56.630165371541295, "slope": 0.0, "slope_deg": 0.0 }, "geometry": { "type": "Point", "coordinates": [ 5.260333921345054, 50.991669697257734 ] } },
{ "type": "Feature", "properties": { "point_id": 252, "lon": 5.2604089430543128, "lat": 50.99170079817798, "elevation_m": 35.457859039306641, "distance_m": 2516.2206610292897, "distance_km": 2.5162206610292897, "heading_deg": 56.630165374918306, "slope": 0.0, "slope_deg": 0.0 }, "geometry": { "type": "Point", "coordinates": [ 5.260408943054313, 50.99170079817798 ] } },
{ "type": "Feature", "properties": { "point_id": 253, "lon": 5.2604839647635719, "lat": 50.991731899077386, "elevation_m": 35.457859039306641, "distance_m": 2526.2206610296903, "distance_km": 2.5262206610296905, "heading_deg": 56.63016538312462, "slope": 0.0, "slope_deg": 0.0 }, "geometry": { "type": "Point", "coordinates": [ 5.260483964763572, 50.991731899077386 ] } },
{ "type": "Feature", "properties": { "point_id": 254, "lon": 5.2605589864728302, "lat": 50.991762999955945, "elevation_m": 35.457859039306641, "distance_m": 2536.2206610295789, "distance_km": 2.5362206610295788, "heading_deg": 56.630165384655072, "slope": 0.0, "slope_deg": 0.0 }, "geometry": { "type": "Point", "coordinates": [ 5.26055898647283, 50.991762999955945 ] } },
{ "type": "Feature", "properties": { "point_id": 255, "lon": 5.2606340081820901, "lat": 50.991794100813649, "elevation_m": 35.457859039306641, "distance_m": 2546.2206610295648, "distance_km": 2.5462206610295648, "heading_deg": 56.630165379411665, "slope": 0.0, "slope_deg": 0.0 }, "geometry": { "type": "Point", "coordinates": [ 5.26063400818209, 50.991794100813649 ] } },
{ "type": "Feature", "properties": { "point_id": 256, "lon": 5.2607090298913484, "lat": 50.991825201650521, "elevation_m": 34.845699310302734, "distance_m": 2556.2206610294534, "distance_km": 2.5562206610294536, "heading_deg": 56.630165375288129, "slope": -0.061215972901072654, "slope_deg": -3.5030454847425974 }, "geometry": { "type": "Point", "coordinates": [ 5.260709029891348, 50.991825201650521 ] } },
{ "type": "Feature", "properties": { "point_id": 257, "lon": 5.2607840516006084, "lat": 50.991856302466566, "elevation_m": 34.845699310302734, "distance_m": 2566.2206610294393, "distance_km": 2.5662206610294391, "heading_deg": 56.630165375435979, "slope": 0.0, "slope_deg": 0.0 }, "geometry": { "type": "Point", "coordinates": [ 5.260784051600608, 50.991856302466566 ] } },
{ "type": "Feature", "properties": { "point_id": 258, "lon": 5.2608590733098666, "lat": 50.991887403261757, "elevation_m": 34.845699310302734, "distance_m": 2576.2206610293279, "distance_km": 2.5762206610293279, "heading_deg": 56.630165378837376, "slope": 0.0, "slope_deg": 0.0 }, "geometry": { "type": "Point", "coordinates": [ 5.260859073309867, 50.991887403261757 ] } },
{ "type": "Feature", "properties": { "point_id": 259, "lon": 5.2609340950191248, "lat": 50.991918504036107, "elevation_m": 34.845699310302734, "distance_m": 2586.2206610292164, "distance_km": 2.5862206610292167, "heading_deg": 56.630165369342876, "slope": 0.0, "slope_deg": 0.0 }, "geometry": { "type": "Point", "coordinates": [ 5.260934095019125, 50.991918504036107 ] } },
{ "type": "Feature", "properties": { "point_id": 260, "lon": 5.2610091167283848, "lat": 50.991949604789625, "elevation_m": 40.504993438720703, "distance_m": 2596.2206610297144, "distance_km": 2.5962206610297143, "heading_deg": 56.630165391035575, "slope": 0.56592941281361653, "slope_deg": 29.506797900482027 }, "geometry": { "type": "Point", "coordinates": [ 5.261009116728385, 50.991949604789625 ] } },
{ "type": "Feature", "properties": { "point_id": 261, "lon": 5.2610841384376439, "lat": 50.99198070552228, "elevation_m": 40.504993438720703, "distance_m": 2606.220661029603, "distance_km": 2.606220661029603, "heading_deg": 56.630165365120718, "slope": 0.0, "slope_deg": 0.0 }, "geometry": { "type": "Point", "coordinates": [ 5.261084138437644, 50.99198070552228 ] } },
{ "type": "Feature", "properties": { "point_id": 262, "lon": 5.261159160146903, "lat": 50.992011806234117, "elevation_m": 40.504993438720703, "distance_m": 2616.2206610295889, "distance_km": 2.6162206610295891, "heading_deg": 56.630165387100533, "slope": 0.0, "slope_deg": 0.0 }, "geometry": { "type": "Point", "coordinates": [ 5.261159160146903, 50.992011806234117 ] } },
{ "type": "Feature", "properties": { "point_id": 263, "lon": 5.2612341818561612, "lat": 50.992042906925093, "elevation_m": 40.504993438720703, "distance_m": 2626.2206610294775, "distance_km": 2.6262206610294774, "heading_deg": 56.630165385697012, "slope": 0.0, "slope_deg": 0.0 }, "geometry": { "type": "Point", "coordinates": [ 5.261234181856161, 50.992042906925093 ] } },
{ "type": "Feature", "properties": { "point_id": 264, "lon": 5.2613092035654212, "lat": 50.992074007595235, "elevation_m": 40.504993438720703, "distance_m": 2636.2206610294634, "distance_km": 2.6362206610294634, "heading_deg": 56.630165375106969, "slope": 0.0, "slope_deg": 0.0 }, "geometry": { "type": "Point", "coordinates": [ 5.261309203565421, 50.992074007595235 ] } },
{ "type": "Feature", "properties": { "point_id": 265, "lon": 5.2613842252746794, "lat": 50.992105108244544, "elevation_m": 35.905410766601562, "distance_m": 2646.220661029352, "distance_km": 2.6462206610293522, "heading_deg": 56.630165381228437, "slope": -0.45995826721703859, "slope_deg": -24.700456680217311 }, "geometry": { "type": "Point", "coordinates": [ 5.261384225274679, 50.992105108244544 ] } },
{ "type": "Feature", "properties": { "point_id": 266, "lon": 5.2614592469839376, "lat": 50.992136208873006, "elevation_m": 35.905410766601562, "distance_m": 2656.2206610292405, "distance_km": 2.6562206610292405, "heading_deg": 56.630165371762303, "slope": 0.0, "slope_deg": 0.0 }, "geometry": { "type": "Point", "coordinates": [ 5.261459246983938, 50.992136208873006 ] } },
{ "type": "Feature", "properties": { "point_id": 267, "lon": 5.2615342686931976, "lat": 50.992167309480628, "elevation_m": 32.842075347900391, "distance_m": 2666.2206610297385, "distance_km": 2.6662206610297385, "heading_deg": 56.630165385687746, "slope": -0.30633354185486333, "slope_deg": -17.03158339245341 }, "geometry": { "type": "Point", "coordinates": [ 5.261534268693198, 50.992167309480628 ] } },
{ "type": "Feature", "properties": { "point_id": 268, "lon": 5.2616092904024567, "lat": 50.992198410067402, "elevation_m": 32.842075347900391, "distance_m": 2676.2206610296271, "distance_km": 2.6762206610296273, "heading_deg": 56.63016537595081, "slope": 0.0, "slope_deg": 0.0 }, "geometry": { "type": "Point", "coordinates": [ 5.261609290402457, 50.992198410067402 ] } },
{ "type": "Feature", "properties": { "point_id": 269, "lon": 5.2616843121117167, "lat": 50.992229510633344, "elevation_m": 32.842075347900391, "distance_m": 2686.220661029613, "distance_km": 2.6862206610296129, "heading_deg": 56.630165373176908, "slope": 0.0, "slope_deg": 0.0 }, "geometry": { "type": "Point", "coordinates": [ 5.261684312111717, 50.992229510633344 ] } },
{ "type": "Feature", "properties": { "point_id": 270, "lon": 5.2617593338209749, "lat": 50.992260611178445, "elevation_m": 32.842075347900391, "distance_m": 2696.2206610295016, "distance_km": 2.6962206610295016, "heading_deg": 56.630165379597656, "slope": 0.0, "slope_deg": 0.0 }, "geometry": { "type": "Point", "coordinates": [ 5.261759333820975, 50.992260611178445 ] } },
{ "type": "Feature", "properties": { "point_id": 271, "lon": 5.2618343555302332, "lat": 50.992291711702698, "elevation_m": 33.450942993164062, "distance_m": 2706.2206610293902, "distance_km": 2.70622066102939, "heading_deg": 56.630165383609835, "slope": 0.060886764527045549, "slope_deg": 3.4842532781185582 }, "geometry": { "type": "Point", "coordinates": [ 5.261834355530233, 50.992291711702698 ] } },
{ "type": "Feature", "properties": { "point_id": 272, "lon": 5.2619093772394931, "lat": 50.992322812206112, "elevation_m": 33.450942993164062, "distance_m": 2716.2206610293761, "distance_km": 2.716220661029376, "heading_deg": 56.63016537305225, "slope": 0.0, "slope_deg": 0.0 }, "geometry": { "type": "Point", "coordinates": [ 5.261909377239493, 50.992322812206112 ] } },
{ "type": "Feature", "properties": { "point_id": 273, "lon": 5.2619843989487514, "lat": 50.992353912688685, "elevation_m": 33.450942993164062, "distance_m": 2726.2206610292646, "distance_km": 2.7262206610292647, "heading_deg": 56.630165382176813, "slope": 0.0, "slope_deg": 0.0 }, "geometry": { "type": "Point", "coordinates": [ 5.261984398948751, 50.992353912688685 ] } },
{ "type": "Feature", "properties": { "point_id": 274, "lon": 5.2620594206580105, "lat": 50.992385013150418, "elevation_m": 33.59381103515625, "distance_m": 2736.2206610297626, "distance_km": 2.7362206610297628, "heading_deg": 56.630165377568517, "slope": 0.014286804198507341, "slope_deg": 0.81851789634895433 }, "geometry": { "type": "Point", "coordinates": [ 5.26205942065801, 50.992385013150418 ] } },
{ "type": "Feature", "properties": { "point_id": 275, "lon": 5.2621344423672696, "lat": 50.992416113591304, "elevation_m": 33.59381103515625, "distance_m": 2746.2206610296512, "distance_km": 2.7462206610296511, "heading_deg": 56.63016536999362, "slope": 0.0, "slope_deg": 0.0 }, "geometry": { "type": "Point", "coordinates": [ 5.26213444236727, 50.992416113591304 ] } },
{ "type": "Feature", "properties": { "point_id": 276, "lon": 5.2622094640765287, "lat": 50.992447214011356, "elevation_m": 33.59381103515625, "distance_m": 2756.2206610295398, "distance_km": 2.7562206610295399, "heading_deg": 56.630165381822053, "slope": 0.0, "slope_deg": 0.0 }, "geometry": { "type": "Point", "coordinates": [ 5.262209464076529, 50.992447214011356 ] } },
{ "type": "Feature", "properties": { "point_id": 277, "lon": 5.2622844857857878, "lat": 50.992478314410562, "elevation_m": 33.59381103515625, "distance_m": 2766.2206610295257, "distance_km": 2.7662206610295255, "heading_deg": 56.630165382330176, "slope": 0.0, "slope_deg": 0.0 }, "geometry": { "type": "Point", "coordinates": [ 5.262284485785788, 50.992478314410562 ] } },
{ "type": "Feature", "properties": { "point_id": 278, "lon": 5.262359507495046, "lat": 50.992509414788927, "elevation_m": 33.59381103515625, "distance_m": 2776.2206610294143, "distance_km": 2.7762206610294142, "heading_deg": 56.701667826252731, "slope": 0.0, "slope_deg": 0.0 }, "geometry": { "type": "Point", "coordinates": [ 5.262359507495046, 50.992509414788927 ] } },
{ "type": "Feature", "properties": { "point_id": 279, "lon": 5.2624345906696455, "lat": 50.992540456136126, "elevation_m": 34.290164947509766, "distance_m": 2786.2206425360059, "distance_km": 2.7862206425360059, "heading_deg": 56.871480366823562, "slope": 0.069635520015162183, "slope_deg": 3.983391077685682 }, "geometry": { "type": "Point", "coordinates": [ 5.262434590669645, 50.992540456136126 ] } },
{ "type": "Feature", "properties": { "point_id": 280, "lon": 5.2625098198192957, "lat": 50.992571357318063, "elevation_m": 34.290164947509766, "distance_m": 2796.2206425363815, "distance_km": 2.7962206425363814, "heading_deg": 56.871480374232192, "slope": 0.0, "slope_deg": 0.0 }, "geometry": { "type": "Point", "coordinates": [ 5.262509819819296, 50.992571357318063 ] } },
{ "type": "Feature", "properties": { "point_id": 281, "lon": 5.262585048968945, "lat": 50.992602258479423, "elevation_m": 34.290164947509766, "distance_m": 2806.2206425362483, "distance_km": 2.8062206425362484, "heading_deg": 56.871480366559069, "slope": 0.0, "slope_deg": 0.0 }, "geometry": { "type": "Point", "coordinates": [ 5.262585048968945, 50.992602258479423 ] } },
{ "type": "Feature", "properties": { "point_id": 282, "lon": 5.2626602781185952, "lat": 50.992633159620205, "elevation_m": 33.689640045166016, "distance_m": 2816.2206425361151, "distance_km": 2.8162206425361149, "heading_deg": 56.871480368577579, "slope": -0.060052490235175143, "slope_deg": -3.4366270339338656 }, "geometry": { "type": "Point", "coordinates": [ 5.262660278118595, 50.992633159620205 ] } },
{ "type": "Feature", "properties": { "point_id": 283, "lon": 5.2627355072682445, "lat": 50.992664060740417, "elevation_m": 33.143478393554688, "distance_m": 2826.2206425359818, "distance_km": 2.8262206425359819, "heading_deg": 56.871480382227844, "slope": -0.054616165161860526, "slope_deg": -3.1261698484073439 }, "geometry": { "type": "Point", "coordinates": [ 5.262735507268244, 50.992664060740417 ] } },
{ "type": "Feature", "properties": { "point_id": 284, "lon": 5.2628107364178938, "lat": 50.992694961840037, "elevation_m": 33.143478393554688, "distance_m": 2836.2206425358486, "distance_km": 2.8362206425358485, "heading_deg": 56.871480366192372, "slope": 0.0, "slope_deg": 0.0 }, "geometry": { "type": "Point", "coordinates": [ 5.262810736417894, 50.992694961840037 ] } },
{ "type": "Feature", "properties": { "point_id": 285, "lon": 5.2628859655675448, "lat": 50.992725862919094, "elevation_m": 33.143478393554688, "distance_m": 2846.220642536322, "distance_km": 2.8462206425363221, "heading_deg": 56.871480374175349, "slope": 0.0, "slope_deg": 0.0 }, "geometry": { "type": "Point", "coordinates": [ 5.262885965567545, 50.992725862919094 ] } },
{ "type": "Feature", "properties": { "point_id": 286, "lon": 5.262961194717195, "lat": 50.992756763977575, "elevation_m": 33.143478393554688, "distance_m": 2856.2206425361887, "distance_km": 2.8562206425361887, "heading_deg": 56.871480371366033, "slope": 0.0, "slope_deg": 0.0 }, "geometry": { "type": "Point", "coordinates": [ 5.262961194717195, 50.992756763977575 ] } },
{ "type": "Feature", "properties": { "point_id": 287, "lon": 5.2630364238668452, "lat": 50.992787665015484, "elevation_m": 33.143478393554688, "distance_m": 2866.2206425360555, "distance_km": 2.8662206425360557, "heading_deg": 56.871480373404552, "slope": 0.0, "slope_deg": 0.0 }, "geometry": { "type": "Point", "coordinates": [ 5.263036423866845, 50.992787665015484 ] } },
{ "type": "Feature", "properties": { "point_id": 288, "lon": 5.2631116530164945, "lat": 50.992818566032817, "elevation_m": 33.143478393554688, "distance_m": 2876.2206425359223, "distance_km": 2.8762206425359222, "heading_deg": 56.871480368458492, "slope": 0.0, "slope_deg": 0.0 }, "geometry": { "type": "Point", "coordinates": [ 5.263111653016495, 50.992818566032817 ] } },
{ "type": "Feature", "properties": { "point_id": 289, "lon": 5.2631868821661447, "lat": 50.992849467029572, "elevation_m": 33.143478393554688, "distance_m": 2886.2206425362979, "distance_km": 2.8862206425362977, "heading_deg": 56.871480370504969, "slope": 0.0, "slope_deg": 0.0 }, "geometry": { "type": "Point", "coordinates": [ 5.263186882166145, 50.992849467029572 ] } },
{ "type": "Feature", "properties": { "point_id": 290, "lon": 5.263262111315794, "lat": 50.992880368005757, "elevation_m": 33.063625335693359, "distance_m": 2896.2206425361646, "distance_km": 2.8962206425361647, "heading_deg": 56.871480370687891, "slope": -0.007985305786239209, "slope_deg": -0.45751459534898126 }, "geometry": { "type": "Point", "coordinates": [ 5.263262111315794, 50.992880368005757 ] } },
{ "type": "Feature", "properties": { "point_id": 291, "lon": 5.2633373404654433, "lat": 50.992911268961358, "elevation_m": 33.063625335693359, "distance_m": 2906.2206425360314, "distance_km": 2.9062206425360313, "heading_deg": 56.87148037329672, "slope": 0.0, "slope_deg": 0.0 }, "geometry": { "type": "Point", "coordinates": [ 5.263337340465443, 50.992911268961358 ] } },
{ "type": "Feature", "properties": { "point_id": 292, "lon": 5.2634125696150935, "lat": 50.992942169896388, "elevation_m": 32.576885223388672, "distance_m": 2916.2206425358982, "distance_km": 2.9162206425358983, "heading_deg": 56.871480368089465, "slope": -0.048674011231117288, "slope_deg": -2.7866161581809576 }, "geometry": { "type": "Point", "coordinates": [ 5.263412569615094, 50.992942169896388 ] } },
{ "type": "Feature", "properties": { "point_id": 293, "lon": 5.2634877987647437, "lat": 50.992973070810848, "elevation_m": 33.653610229492188, "distance_m": 2926.2206425363715, "distance_km": 2.9262206425363715, "heading_deg": 56.871480368284381, "slope": 0.10767250060525443, "slope_deg": 6.1455038056127389 }, "geometry": { "type": "Point", "coordinates": [ 5.263487798764744, 50.992973070810848 ] } },
{ "type": "Feature", "properties": { "point_id": 294, "lon": 5.2635630279143948, "lat": 50.993003971704731, "elevation_m": 33.653610229492188, "distance_m": 2936.2206425362383, "distance_km": 2.9362206425362385, "heading_deg": 56.871480380870082, "slope": 0.0, "slope_deg": 0.0 }, "geometry": { "type": "Point", "coordinates": [ 5.263563027914395, 50.993003971704731 ] } },
{ "type": "Feature", "properties": { "point_id": 295, "lon": 5.2636382570640441, "lat": 50.993034872578036, "elevation_m": 33.653610229492188, "distance_m": 2946.2206425361051, "distance_km": 2.946220642536105, "heading_deg": 56.871480381350182, "slope": 0.0, "slope_deg": 0.0 }, "geometry": { "type": "Point", "coordinates": [ 5.263638257064044, 50.993034872578036 ] } },
{ "type": "Feature", "properties": { "point_id": 296, "lon": 5.2637134862136943, "lat": 50.99306577343075, "elevation_m": 33.653610229492188, "distance_m": 2956.2206425359718, "distance_km": 2.9562206425359716, "heading_deg": 56.871480359132875, "slope": 0.0, "slope_deg": 0.0 }, "geometry": { "type": "Point", "coordinates": [ 5.263713486213694, 50.99306577343075 ] } },
{ "type": "Feature", "properties": { "point_id": 297, "lon": 5.2637887153633436, "lat": 50.993096674262922, "elevation_m": 33.653610229492188, "distance_m": 2966.2206425363474, "distance_km": 2.9662206425363475, "heading_deg": 56.871480378237379, "slope": 0.0, "slope_deg": 0.0 }, "geometry": { "type": "Point", "coordinates": [ 5.263788715363344, 50.993096674262922 ] } },
{ "type": "Feature", "properties": { "point_id": 298, "lon": 5.2638639445129929, "lat": 50.993127575074496, "elevation_m": 33.653610229492188, "distance_m": 2976.2206425362142, "distance_km": 2.9762206425362141, "heading_deg": 56.871480367378751, "slope": 0.0, "slope_deg": 0.0 }, "geometry": { "type": "Point", "coordinates": [ 5.263863944512993, 50.993127575074496 ] } },
{ "type": "Feature", "properties": { "point_id": 299, "lon": 5.2639391736626431, "lat": 50.993158475865506, "elevation_m": 33.653610229492188, "distance_m": 2986.220642536081, "distance_km": 2.9862206425360811, "heading_deg": 56.871480378116871, "slope": 0.0, "slope_deg": 0.0 }, "geometry": { "type": "Point", "coordinates": [ 5.263939173662643, 50.993158475865506 ] } },
{ "type": "Feature", "properties": { "point_id": 300, "lon": 5.2640144028122924, "lat": 50.993189376635932, "elevation_m": 33.653610229492188, "distance_m": 2996.2206425359477, "distance_km": 2.9962206425359477, "heading_deg": 56.871480368097764, "slope": 0.0, "slope_deg": 0.0 }, "geometry": { "type": "Point", "coordinates": [ 5.264014402812292, 50.993189376635932 ] } },
{ "type": "Feature", "properties": { "point_id": 301, "lon": 5.2640896319619443, "lat": 50.993220277385795, "elevation_m": 32.688716888427734, "distance_m": 3006.2206425364211, "distance_km": 3.0062206425364213, "heading_deg": 56.871480369637879, "slope": -0.096489334101877586, "slope_deg": -5.5113699006390666 }, "geometry": { "type": "Point", "coordinates": [ 5.264089631961944, 50.993220277385795 ] } },
{ "type": "Feature", "properties": { "point_id": 302, "lon": 5.2641648611115937, "lat": 50.993251178115074, "elevation_m": 32.688716888427734, "distance_m": 3016.2206425362879, "distance_km": 3.0162206425362879, "heading_deg": 51.55042127200295, "slope": 0.0, "slope_deg": 0.0 }, "geometry": { "type": "Point", "coordinates": [ 5.264164861111594, 50.993251178115074 ] } },
{ "type": "Feature", "properties": { "point_id": 303, "lon": 5.2642341543688245, "lat": 50.993285807591143, "elevation_m": 32.688716888427734, "distance_m": 3026.0701366494418, "distance_km": 3.0260701366494418, "heading_deg": 33.015620810794701, "slope": 0.0, "slope_deg": 0.0 }, "geometry": { "type": "Point", "coordinates": [ 5.264234154368824, 50.993285807591143 ] } },
{ "type": "Feature", "properties": { "point_id": 304, "lon": 5.264283100688993, "lat": 50.99333321842613, "elevation_m": 32.688716888427734, "distance_m": 3036.0701366494122, "distance_km": 3.0360701366494123, "heading_deg": 33.015620817375861, "slope": 0.0, "slope_deg": 0.0 }, "geometry": { "type": "Point", "coordinates": [ 5.264283100688993, 50.99333321842613 ] } },
{ "type": "Feature", "properties": { "point_id": 305, "lon": 5.2643320470091632, "lat": 50.99338062921268, "elevation_m": 36.064205169677734, "distance_m": 3046.0701366494463, "distance_km": 3.0460701366494463, "heading_deg": 33.015620813004489, "slope": 0.33754882812384873, "slope_deg": 18.652050279619754 }, "geometry": { "type": "Point", "coordinates": [ 5.264332047009163, 50.99338062921268 ] } },
{ "type": "Feature", "properties": { "point_id": 306, "lon": 5.2643809933293326, "lat": 50.993428039950793, "elevation_m": 36.064205169677734, "distance_m": 3056.0701366494804, "distance_km": 3.0560701366494802, "heading_deg": 33.015620819179219, "slope": 0.0, "slope_deg": 0.0 }, "geometry": { "type": "Point", "coordinates": [ 5.264380993329333, 50.993428039950793 ] } },
{ "type": "Feature", "properties": { "point_id": 307, "lon": 5.2644299396495029, "lat": 50.993475450640467, "elevation_m": 31.897441864013672, "distance_m": 3066.0701366487338, "distance_km": 3.066070136648734, "heading_deg": 33.015620812645182, "slope": -0.4166763305975193, "slope_deg": -22.620336740226417 }, "geometry": { "type": "Point", "coordinates": [ 5.264429939649503, 50.993475450640467 ] } },
{ "type": "Feature", "properties": { "point_id": 308, "lon": 5.2644788859696714, "lat": 50.993522861281711, "elevation_m": 31.897441864013672, "distance_m": 3076.0701366487042, "distance_km": 3.076070136648704, "heading_deg": 33.015620819263972, "slope": 0.0, "slope_deg": 0.0 }, "geometry": { "type": "Point", "coordinates": [ 5.264478885969671, 50.993522861281711 ] } },
{ "type": "Feature", "properties": { "point_id": 309, "lon": 5.2645278322898417, "lat": 50.993570271874518, "elevation_m": 31.897441864013672, "distance_m": 3086.0701366487383, "distance_km": 3.0860701366487384, "heading_deg": 33.015620813174053, "slope": 0.0, "slope_deg": 0.0 }, "geometry": { "type": "Point", "coordinates": [ 5.264527832289842, 50.993570271874518 ] } },
{ "type": "Feature", "properties": { "point_id": 310, "lon": 5.2645767786100111, "lat": 50.993617682418893, "elevation_m": 31.897441864013672, "distance_m": 3096.0701366487724, "distance_km": 3.0960701366487724, "heading_deg": 49.361127437141192, "slope": 0.0, "slope_deg": 0.0 }, "geometry": { "type": "Point", "coordinates": [ 5.264576778610011, 50.993617682418893 ] } },
{ "type": "Feature", "properties": { "point_id": 311, "lon": 5.2646449386112888, "lat": 50.993654502958975, "elevation_m": 31.897441864013672, "distance_m": 3106.0691318161143, "distance_km": 3.1060691318161142, "heading_deg": 49.401217122036996, "slope": 0.0, "slope_deg": 0.0 }, "geometry": { "type": "Point", "coordinates": [ 5.264644938611289, 50.993654502958975 ] } },
{ "type": "Feature", "properties": { "point_id": 312, "lon": 5.2647131463821886, "lat": 50.993691297140806, "elevation_m": 31.897441864013672, "distance_m": 3116.0691318160048, "distance_km": 3.1160691318160048, "heading_deg": 49.401217131403996, "slope": 0.0, "slope_deg": 0.0 }, "geometry": { "type": "Point", "coordinates": [ 5.264713146382189, 50.993691297140806 ] } },
{ "type": "Feature", "properties": { "point_id": 313, "lon": 5.2647813541530883, "lat": 50.993728091293448, "elevation_m": 31.897441864013672, "distance_m": 3126.0691318158952, "distance_km": 3.1260691318158953, "heading_deg": 49.401217131978399, "slope": 0.0, "slope_deg": 0.0 }, "geometry": { "type": "Point", "coordinates": [ 5.264781354153088, 50.993728091293448 ] } },
{ "type": "Feature", "properties": { "point_id": 314, "lon": 5.2648495619239899, "lat": 50.993764885416923, "elevation_m": 31.477466583251953, "distance_m": 3136.0691318158738, "distance_km": 3.1360691318158738, "heading_deg": 49.401217126344363, "slope": -0.041997528076261635, "slope_deg": -2.404867877290052 }, "geometry": { "type": "Point", "coordinates": [ 5.26484956192399, 50.993764885416923 ] } },
{ "type": "Feature", "properties": { "point_id": 315, "lon": 5.2649177696948888, "lat": 50.993801679511229, "elevation_m": 30.872568130493164, "distance_m": 3146.0691318157642, "distance_km": 3.1460691318157643, "heading_deg": 49.401217133942566, "slope": -0.060489845276541838, "slope_deg": -3.4615949328300633 }, "geometry": { "type": "Point", "coordinates": [ 5.264917769694889, 50.993801679511229 ] } },
{ "type": "Feature", "properties": { "point_id": 316, "lon": 5.2649859774657894, "lat": 50.993838473576353, "elevation_m": 30.872568130493164, "distance_m": 3156.0691318156546, "distance_km": 3.1560691318156544, "heading_deg": 49.401217119522016, "slope": 0.0, "slope_deg": 0.0 }, "geometry": { "type": "Point", "coordinates": [ 5.264985977465789, 50.993838473576353 ] } },
{ "type": "Feature", "properties": { "point_id": 317, "lon": 5.265054185236691, "lat": 50.993875267612324, "elevation_m": 30.872568130493164, "distance_m": 3166.0691318162394, "distance_km": 3.1660691318162395, "heading_deg": 49.983310669388231, "slope": 0.0, "slope_deg": 0.0 }, "geometry": { "type": "Point", "coordinates": [ 5.265054185236691, 50.993875267612324 ] } },
{ "type": "Feature", "properties": { "point_id": 318, "lon": 5.2651229663919796, "lat": 50.993911614601195, "elevation_m": 30.872568130493164, "distance_m": 3176.0666619234144, "distance_km": 3.1760666619234144, "heading_deg": 52.768948212600037, "slope": 0.0, "slope_deg": 0.0 }, "geometry": { "type": "Point", "coordinates": [ 5.26512296639198, 50.993911614601195 ] } },
{ "type": "Feature", "properties": { "point_id": 319, "lon": 5.2651944904730499, "lat": 50.993945823142674, "elevation_m": 31.662393569946289, "distance_m": 3186.0666619230183, "distance_km": 3.1860666619230185, "heading_deg": 52.768948211803661, "slope": 0.078982543948440884, "slope_deg": 4.5159913781256131 }, "geometry": { "type": "Point", "coordinates": [ 5.26519449047305, 50.993945823142674 ] } },
{ "type": "Feature", "properties": { "point_id": 320, "lon": 5.265266014554121, "lat": 50.993980031658936, "elevation_m": 31.662393569946289, "distance_m": 3196.0666619231856, "distance_km": 3.1960666619231857, "heading_deg": 52.768948206800474, "slope": 0.0, "slope_deg": 0.0 }, "geometry": { "type": "Point", "coordinates": [ 5.265266014554121, 50.993980031658936 ] } },
{ "type": "Feature", "properties": { "point_id": 321, "lon": 5.2653375386351939, "lat": 50.994014240149987, "elevation_m": 31.662393569946289, "distance_m": 3206.0666619228823, "distance_km": 3.2060666619228821, "heading_deg": 52.768948209919472, "slope": 0.0, "slope_deg": 0.0 }, "geometry": { "type": "Point", "coordinates": [ 5.265337538635194, 50.994014240149987 ] } },
{ "type": "Feature", "properties": { "point_id": 322, "lon": 5.2654090627162642, "lat": 50.994048448615814, "elevation_m": 30.723749160766602, "distance_m": 3216.0666619230497, "distance_km": 3.2160666619230498, "heading_deg": 52.768948212318435, "slope": -0.093864440916397951, "slope_deg": -5.3623248275908715 }, "geometry": { "type": "Point", "coordinates": [ 5.265409062716264, 50.994048448615814 ] } },
{ "type": "Feature", "properties": { "point_id": 323, "lon": 5.2654805867973362, "lat": 50.994082657056431, "elevation_m": 30.723749160766602, "distance_m": 3226.066661923217, "distance_km": 3.226066661923217, "heading_deg": 52.76894820897644, "slope": 0.0, "slope_deg": 0.0 }, "geometry": { "type": "Point", "coordinates": [ 5.265480586797336, 50.994082657056431 ] } },
{ "type": "Feature", "properties": { "point_id": 324, "lon": 5.2655521108784074, "lat": 50.994116865471824, "elevation_m": 30.723749160766602, "distance_m": 3236.0666619228209, "distance_km": 3.2360666619228211, "heading_deg": 35.212109618952184, "slope": 0.0, "slope_deg": 0.0 }, "geometry": { "type": "Point", "coordinates": [ 5.265552110878407, 50.994116865471824 ] } },
{ "type": "Feature", "properties": { "point_id": 325, "lon": 5.2656015997628129, "lat": 50.99416100116099, "elevation_m": 30.723749160766602, "distance_m": 3245.620992367225, "distance_km": 3.245620992367225, "heading_deg": 18.420685148197833, "slope": 0.0, "slope_deg": 0.0 }, "geometry": { "type": "Point", "coordinates": [ 5.265601599762813, 50.99416100116099 ] } },
{ "type": "Feature", "properties": { "point_id": 326, "lon": 5.2656299857861111, "lat": 50.994214644060214, "elevation_m": 30.723749160766602, "distance_m": 3255.6209923667643, "distance_km": 3.2556209923667643, "heading_deg": 18.420685143422816, "slope": 0.0, "slope_deg": 0.0 }, "geometry": { "type": "Point", "coordinates": [ 5.265629985786111, 50.994214644060214 ] } },
{ "type": "Feature", "properties": { "point_id": 327, "lon": 5.2656583718094083, "lat": 50.994268286897437, "elevation_m": 30.723749160766602, "distance_m": 3265.6209923671504, "distance_km": 3.2656209923671504, "heading_deg": 321.09122956306703, "slope": 0.0, "slope_deg": 0.0 }, "geometry": { "type": "Point", "coordinates": [ 5.265658371809408, 50.994268286897437 ] } },
{ "type": "Feature", "properties": { "point_id": 328, "lon": 5.2656071929609496, "lat": 50.994308194960468, "elevation_m": 33.749263763427734, "distance_m": 3274.6917813452292, "distance_km": 3.2746917813452292, "heading_deg": 310.90495739792897, "slope": 0.33354481180995849, "slope_deg": 18.445853272725046 }, "geometry": { "type": "Point", "coordinates": [ 5.26560719296095, 50.994308194960468 ] } },
{ "type": "Feature", "properties": { "point_id": 329, "lon": 5.2655392985506912, "lat": 50.994345217503799, "elevation_m": 33.749263763427734, "distance_m": 3284.6917813451623, "distance_km": 3.2846917813451624, "heading_deg": 310.90495739904742, "slope": 0.0, "slope_deg": 0.0 }, "geometry": { "type": "Point", "coordinates": [ 5.265539298550691, 50.994345217503799 ] } },
{ "type": "Feature", "properties": { "point_id": 330, "lon": 5.2654714041404329, "lat": 50.994382240017593, "elevation_m": 33.749263763427734, "distance_m": 3294.6917813450077, "distance_km": 3.2946917813450076, "heading_deg": 310.90495739805573, "slope": 0.0, "slope_deg": 0.0 }, "geometry": { "type": "Point", "coordinates": [ 5.265471404140433, 50.994382240017593 ] } },
{ "type": "Feature", "properties": { "point_id": 331, "lon": 5.2654035097301755, "lat": 50.99441926250185, "elevation_m": 33.749263763427734, "distance_m": 3304.6917813448531, "distance_km": 3.3046917813448533, "heading_deg": 299.60503979386425, "slope": 0.0, "slope_deg": 0.0 }, "geometry": { "type": "Point", "coordinates": [ 5.265403509730175, 50.99441926250185 ] } },
{ "type": "Feature", "properties": { "point_id": 332, "lon": 5.2653263494640052, "lat": 50.994446856512177, "elevation_m": 33.749263763427734, "distance_m": 3314.5709283681849, "distance_km": 3.3145709283681848, "heading_deg": 292.57216887581546, "slope": 0.0, "slope_deg": 0.0 }, "geometry": { "type": "Point", "coordinates": [ 5.265326349464005, 50.994446856512177 ] } },
{ "type": "Feature", "properties": { "point_id": 333, "lon": 5.2652433993007453, "lat": 50.9944685590159, "elevation_m": 33.749263763427734, "distance_m": 3324.5709283681208, "distance_km": 3.3245709283681206, "heading_deg": 292.57216887887893, "slope": 0.0, "slope_deg": 0.0 }, "geometry": { "type": "Point", "coordinates": [ 5.265243399300745, 50.9944685590159 ] } },
{ "type": "Feature", "properties": { "point_id": 334, "lon": 5.2651604491374844, "lat": 50.994490261509469, "elevation_m": 33.749263763427734, "distance_m": 3334.570928368164, "distance_km": 3.3345709283681639, "heading_deg": 292.57216887359618, "slope": 0.0, "slope_deg": 0.0 }, "geometry": { "type": "Point", "coordinates": [ 5.265160449137484, 50.994490261509469 ] } },
{ "type": "Feature", "properties": { "point_id": 335, "lon": 5.2650774989742244, "lat": 50.994511963992892, "elevation_m": 36.553260803222656, "distance_m": 3344.5709283680999, "distance_km": 3.3445709283680998, "heading_deg": 292.5721688855852, "slope": 0.2803997039812901, "slope_deg": 15.66348066869085 }, "geometry": { "type": "Point", "coordinates": [ 5.265077498974224, 50.994511963992892 ] } },
{ "type": "Feature", "properties": { "point_id": 336, "lon": 5.2649945488109644, "lat": 50.994533666466168, "elevation_m": 36.553260803222656, "distance_m": 3354.5709283683932, "distance_km": 3.3545709283683931, "heading_deg": 292.57216887693392, "slope": 0.0, "slope_deg": 0.0 }, "geometry": { "type": "Point", "coordinates": [ 5.264994548810964, 50.994533666466168 ] } },
{ "type": "Feature", "properties": { "point_id": 337, "lon": 5.2649115986477035, "lat": 50.994555368929284, "elevation_m": 36.553260803222656, "distance_m": 3364.5709283684364, "distance_km": 3.3645709283684364, "heading_deg": 292.57216887999118, "slope": 0.0, "slope_deg": 0.0 }, "geometry": { "type": "Point", "coordinates": [ 5.264911598647704, 50.994555368929284 ] } },
{ "type": "Feature", "properties": { "point_id": 338, "lon": 5.2648286484844427, "lat": 50.99457707138226, "elevation_m": 44.901374816894531, "distance_m": 3374.5709283683723, "distance_km": 3.3745709283683722, "heading_deg": 292.57216887450772, "slope": 0.83481140137254028, "slope_deg": 39.855514023963352 }, "geometry": { "type": "Point", "coordinates": [ 5.264828648484443, 50.99457707138226 ] } },
{ "type": "Feature", "properties": { "point_id": 339, "lon": 5.2647456983211827, "lat": 50.994598773825082, "elevation_m": 41.456684112548828, "distance_m": 3384.5709283683082, "distance_km": 3.3845709283683081, "heading_deg": 292.57216888370908, "slope": -0.34446907043677905, "slope_deg": -19.007245506410623 }, "geometry": { "type": "Point", "coordinates": [ 5.264745698321183, 50.994598773825082 ] } },
{ "type": "Feature", "properties": { "point_id": 340, "lon": 5.2646627481579218, "lat": 50.994620476257758, "elevation_m": 41.456684112548828, "distance_m": 3394.5709283683514, "distance_km": 3.3945709283683514, "heading_deg": 292.57216886612304, "slope": 0.0, "slope_deg": 0.0 }, "geometry": { "type": "Point", "coordinates": [ 5.264662748157922, 50.994620476257758 ] } },
{ "type": "Feature", "properties": { "point_id": 341, "lon": 5.2645797979946618, "lat": 50.99464217868028, "elevation_m": 41.456684112548828, "distance_m": 3404.5709283682872, "distance_km": 3.4045709283682872, "heading_deg": 292.57216888722616, "slope": 0.0, "slope_deg": 0.0 }, "geometry": { "type": "Point", "coordinates": [ 5.264579797994662, 50.99464217868028 ] } },
{ "type": "Feature", "properties": { "point_id": 342, "lon": 5.2644968478314018, "lat": 50.994663881092656, "elevation_m": 41.456684112548828, "distance_m": 3414.5709283682231, "distance_km": 3.4145709283682231, "heading_deg": 292.57216887539477, "slope": 0.0, "slope_deg": 0.0 }, "geometry": { "type": "Point", "coordinates": [ 5.264496847831402, 50.994663881092656 ] } },
{ "type": "Feature", "properties": { "point_id": 343, "lon": 5.2644138976681401, "lat": 50.994685583494885, "elevation_m": 41.456684112548828, "distance_m": 3424.5709283682663, "distance_km": 3.4245709283682664, "heading_deg": 292.57216888776088, "slope": 0.0, "slope_deg": 0.0 }, "geometry": { "type": "Point", "coordinates": [ 5.26441389766814, 50.994685583494885 ] } },
{ "type": "Feature", "properties": { "point_id": 344, "lon": 5.2643309475048801, "lat": 50.994707285886967, "elevation_m": 41.456684112548828, "distance_m": 3434.5709283682022, "distance_km": 3.4345709283682022, "heading_deg": 292.57216887592648, "slope": 0.0, "slope_deg": 0.0 }, "geometry": { "type": "Point", "coordinates": [ 5.26433094750488, 50.994707285886967 ] } },
{ "type": "Feature", "properties": { "point_id": 345, "lon": 5.2642479973416192, "lat": 50.994728988268889, "elevation_m": 42.581436157226562, "distance_m": 3444.5709283682454, "distance_km": 3.4445709283682455, "heading_deg": 292.57216887955559, "slope": 0.11247520446728754, "slope_deg": 6.4173838027514156 }, "geometry": { "type": "Point", "coordinates": [ 5.264247997341619, 50.994728988268889 ] } },
{ "type": "Feature", "properties": { "point_id": 346, "lon": 5.2641650471783592, "lat": 50.994750690640664, "elevation_m": 42.581436157226562, "distance_m": 3454.5709283681813, "distance_km": 3.4545709283681814, "heading_deg": 292.57216887664674, "slope": 0.0, "slope_deg": 0.0 }, "geometry": { "type": "Point", "coordinates": [ 5.264165047178359, 50.994750690640664 ] } },
{ "type": "Feature", "properties": { "point_id": 347, "lon": 5.2640820970150992, "lat": 50.9947723930023, "elevation_m": 42.581436157226562, "distance_m": 3464.5709283681172, "distance_km": 3.4645709283681172, "heading_deg": 292.57216887690726, "slope": 0.0, "slope_deg": 0.0 }, "geometry": { "type": "Point", "coordinates": [ 5.264082097015099, 50.9947723930023 ] } },
{ "type": "Feature", "properties": { "point_id": 348, "lon": 5.2639991468518383, "lat": 50.994794095353775, "elevation_m": 41.275768280029297, "distance_m": 3474.5709283681604, "distance_km": 3.4745709283681605, "heading_deg": 292.57216887994775, "slope": -0.1305667877191625, "slope_deg": -7.4388446567281674 }, "geometry": { "type": "Point", "coordinates": [ 5.263999146851838, 50.994794095353775 ] } },
{ "type": "Feature", "properties": { "point_id": 349, "lon": 5.2639161966885775, "lat": 50.994815797695104, "elevation_m": 41.275768280029297, "distance_m": 3484.5709283684537, "distance_km": 3.4845709283684538, "heading_deg": 292.57216887444747, "slope": 0.0, "slope_deg": 0.0 }, "geometry": { "type": "Point", "coordinates": [ 5.263916196688577, 50.994815797695104 ] } },
{ "type": "Feature", "properties": { "point_id": 350, "lon": 5.2638332465253175, "lat": 50.994837500026286, "elevation_m": 41.275768280029297, "distance_m": 3494.5709283683896, "distance_km": 3.4945709283683897, "heading_deg": 292.57216888065579, "slope": 0.0, "slope_deg": 0.0 }, "geometry": { "type": "Point", "coordinates": [ 5.263833246525317, 50.994837500026286 ] } },
{ "type": "Feature", "properties": { "point_id": 351, "lon": 5.2637502963620566, "lat": 50.994859202347321, "elevation_m": 41.275768280029297, "distance_m": 3504.5709283684328, "distance_km": 3.504570928368433, "heading_deg": 292.57216888091023, "slope": 0.0, "slope_deg": 0.0 }, "geometry": { "type": "Point", "coordinates": [ 5.263750296362057, 50.994859202347321 ] } },
{ "type": "Feature", "properties": { "point_id": 352, "lon": 5.2636673461987966, "lat": 50.994880904658203, "elevation_m": 38.445331573486328, "distance_m": 3514.5709283683686, "distance_km": 3.5145709283683688, "heading_deg": 292.57216886925818, "slope": -0.28304367065611175, "slope_deg": -15.803829649728243 }, "geometry": { "type": "Point", "coordinates": [ 5.263667346198797, 50.994880904658203 ] } },
{ "type": "Feature", "properties": { "point_id": 353, "lon": 5.2635843960355366, "lat": 50.994902606958931, "elevation_m": 38.445331573486328, "distance_m": 3524.5709283683045, "distance_km": 3.5245709283683047, "heading_deg": 292.57216888419595, "slope": 0.0, "slope_deg": 0.0 }, "geometry": { "type": "Point", "coordinates": [ 5.263584396035537, 50.994902606958931 ] } },
{ "type": "Feature", "properties": { "point_id": 354, "lon": 5.2635014458722749, "lat": 50.994924309249519, "elevation_m": 38.445331573486328, "distance_m": 3534.5709283683477, "distance_km": 3.5345709283683475, "heading_deg": 292.57216887273552, "slope": 0.0, "slope_deg": 0.0 }, "geometry": { "type": "Point", "coordinates": [ 5.263501445872275, 50.994924309249519 ] } },
{ "type": "Feature", "properties": { "point_id": 355, "lon": 5.2634184957090149, "lat": 50.99494601152994, "elevation_m": 39.519634246826172, "distance_m": 3544.5709283682836, "distance_km": 3.5445709283682838, "heading_deg": 292.57216888230181, "slope": 0.10743026733467322, "slope_deg": 6.1317835677251811 }, "geometry": { "type": "Point", "coordinates": [ 5.263418495709015, 50.99494601152994 ] } },
{ "type": "Feature", "properties": { "point_id": 356, "lon": 5.2633355455457558, "lat": 50.994967713800229, "elevation_m": 39.519634246826172, "distance_m": 3554.5709283682195, "distance_km": 3.5545709283682196, "heading_deg": 292.57216888752771, "slope": 0.0, "slope_deg": 0.0 }, "geometry": { "type": "Point", "coordinates": [ 5.263335545545756, 50.994967713800229 ] } },
{ "type": "Feature", "properties": { "point_id": 357, "lon": 5.2632525953824931, "lat": 50.994989416060371, "elevation_m": 39.519634246826172, "distance_m": 3564.5709283682627, "distance_km": 3.5645709283682625, "heading_deg": 292.57216887367042, "slope": 0.0, "slope_deg": 0.0 }, "geometry": { "type": "Point", "coordinates": [ 5.263252595382493, 50.994989416060371 ] } },
{ "type": "Feature", "properties": { "point_id": 358, "lon": 5.263169645219234, "lat": 50.995011118310352, "elevation_m": 36.665424346923828, "distance_m": 3574.5709283681986, "distance_km": 3.5745709283681988, "heading_deg": 292.57216887074321, "slope": -0.2854209899920645, "slope_deg": -15.929858362739507 }, "geometry": { "type": "Point", "coordinates": [ 5.263169645219234, 50.995011118310352 ] } },
{ "type": "Feature", "properties": { "point_id": 359, "lon": 5.2630866950559732, "lat": 50.995032820550186, "elevation_m": 36.665424346923828, "distance_m": 3584.5709283681344, "distance_km": 3.5845709283681346, "heading_deg": 292.57216888269568, "slope": 0.0, "slope_deg": 0.0 }, "geometry": { "type": "Point", "coordinates": [ 5.263086695055973, 50.995032820550186 ] } },
{ "type": "Feature", "properties": { "point_id": 360, "lon": 5.2630037448927123, "lat": 50.995054522779874, "elevation_m": 36.665424346923828, "distance_m": 3594.5709283681776, "distance_km": 3.5945709283681775, "heading_deg": 292.57216888015478, "slope": 0.0, "slope_deg": 0.0 }, "geometry": { "type": "Point", "coordinates": [ 5.263003744892712, 50.995054522779874 ] } },
{ "type": "Feature", "properties": { "point_id": 361, "lon": 5.2629207947294523, "lat": 50.995076224999416, "elevation_m": 36.665424346923828, "distance_m": 3604.5709283681135, "distance_km": 3.6045709283681133, "heading_deg": 292.57216887463608, "slope": 0.0, "slope_deg": 0.0 }, "geometry": { "type": "Point", "coordinates": [ 5.262920794729452, 50.995076224999416 ] } },
{ "type": "Feature", "properties": { "point_id": 362, "lon": 5.2628378445661923, "lat": 50.995097927208796, "elevation_m": 36.665424346923828, "distance_m": 3614.5709283684068, "distance_km": 3.6145709283684067, "heading_deg": 292.57216888341304, "slope": 0.0, "slope_deg": 0.0 }, "geometry": { "type": "Point", "coordinates": [ 5.262837844566192, 50.995097927208796 ] } },
{ "type": "Feature", "properties": { "point_id": 363, "lon": 5.2627548944029314, "lat": 50.995119629408038, "elevation_m": 36.665424346923828, "distance_m": 3624.57092836845, "distance_km": 3.62457092836845, "heading_deg": 292.57216887491506, "slope": 0.0, "slope_deg": 0.0 }, "geometry": { "type": "Point", "coordinates": [ 5.262754894402931, 50.995119629408038 ] } },
{ "type": "Feature", "properties": { "point_id": 364, "lon": 5.2626719442396714, "lat": 50.995141331597125, "elevation_m": 0.0, "distance_m": 3634.5709283683859, "distance_km": 3.6345709283683858, "heading_deg": 292.57216887812581, "slope": -3.6665424347158924, "slope_deg": -74.744388499108084 }, "geometry": { "type": "Point", "coordinates": [ 5.262671944239671, 50.995141331597125 ] } },
{ "type": "Feature", "properties": { "point_id": 365, "lon": 5.2625889940764106, "lat": 50.995163033776066, "elevation_m": 0.0, "distance_m": 3644.5709283683218, "distance_km": 3.6445709283683216, "heading_deg": 292.57216888114039, "slope": 0.0, "slope_deg": 0.0 }, "geometry": { "type": "Point", "coordinates": [ 5.262588994076411, 50.995163033776066 ] } },
{ "type": "Feature", "properties": { "point_id": 366, "lon": 5.2625060439131497, "lat": 50.995184735944854, "elevation_m": 0.0, "distance_m": 3654.570928368365, "distance_km": 3.6545709283683649, "heading_deg": 292.5721688758087, "slope": 0.0, "slope_deg": 0.0 }, "geometry": { "type": "Point", "coordinates": [ 5.26250604391315, 50.995184735944854 ] } },
{ "type": "Feature", "properties": { "point_id": 367, "lon": 5.2624230937498897, "lat": 50.995206438103494, "elevation_m": 0.0, "distance_m": 3664.5709283683009, "distance_km": 3.6645709283683008, "heading_deg": 292.57216888477274, "slope": 0.0, "slope_deg": 0.0 }, "geometry": { "type": "Point", "coordinates": [ 5.26242309374989, 50.995206438103494 ] } },
{ "type": "Feature", "properties": { "point_id": 368, "lon": 5.2623401435866297, "lat": 50.995228140251989, "elevation_m": 0.0, "distance_m": 3674.5709283682368, "distance_km": 3.6745709283682366, "heading_deg": 292.5721688729015, "slope": 0.0, "slope_deg": 0.0 }, "geometry": { "type": "Point", "coordinates": [ 5.26234014358663, 50.995228140251989 ] } },
{ "type": "Feature", "properties": { "point_id": 369, "lon": 5.2622571934233688, "lat": 50.995249842390329, "elevation_m": 0.0, "distance_m": 3684.57092836828, "distance_km": 3.6845709283682799, "heading_deg": 300.75121429170099, "slope": 0.0, "slope_deg": 0.0 }, "geometry": { "type": "Point", "coordinates": [ 5.262257193423369, 50.995249842390329 ] } },
{ "type": "Feature", "properties": { "point_id": 370, "lon": 5.2621808714284395, "lat": 50.995278422086578, "elevation_m": 0.0, "distance_m": 3694.4570893396076, "distance_km": 3.6944570893396076, "heading_deg": 309.90664420560358, "slope": 0.0, "slope_deg": 0.0 }, "geometry": { "type": "Point", "coordinates": [ 5.262180871428439, 50.995278422086578 ] } },
{ "type": "Feature", "properties": { "point_id": 371, "lon": 5.2621119624659203, "lat": 50.995314693723685, "elevation_m": 0.0, "distance_m": 3704.457089339473, "distance_km": 3.7044570893394728, "heading_deg": 309.90664420219514, "slope": 0.0, "slope_deg": 0.0 }, "geometry": { "type": "Point", "coordinates": [ 5.26211196246592, 50.995314693723685 ] } },
{ "type": "Feature", "properties": { "point_id": 372, "lon": 5.2620430535033993, "lat": 50.995350965332442, "elevation_m": 0.0, "distance_m": 3714.4570893394275, "distance_km": 3.7144570893394273, "heading_deg": 309.90664420782491, "slope": 0.0, "slope_deg": 0.0 }, "geometry": { "type": "Point", "coordinates": [ 5.262043053503399, 50.995350965332442 ] } },
{ "type": "Feature", "properties": { "point_id": 373, "lon": 5.261974144540881, "lat": 50.995387236912848, "elevation_m": 0.0, "distance_m": 3724.4570893398904, "distance_km": 3.7244570893398903, "heading_deg": 309.90664419484017, "slope": 0.0, "slope_deg": 0.0 }, "geometry": { "type": "Point", "coordinates": [ 5.261974144540881, 50.995387236912848 ] } },
{ "type": "Feature", "properties": { "point_id": 374, "lon": 5.2619052355783618, "lat": 50.995423508464896, "elevation_m": 0.0, "distance_m": 3734.4570893397558, "distance_km": 3.734457089339756, "heading_deg": 309.90664420410155, "slope": 0.0, "slope_deg": 0.0 }, "geometry": { "type": "Point", "coordinates": [ 5.261905235578362, 50.995423508464896 ] } },
{ "type": "Feature", "properties": { "point_id": 375, "lon": 5.2618363266158426, "lat": 50.9954597799886, "elevation_m": 0.0, "distance_m": 3744.4570893396212, "distance_km": 3.7444570893396212, "heading_deg": 309.90664420841216, "slope": 0.0, "slope_deg": 0.0 }, "geometry": { "type": "Point", "coordinates": [ 5.261836326615843, 50.9954597799886 ] } },
{ "type": "Feature", "properties": { "point_id": 376, "lon": 5.2617674176533216, "lat": 50.995496051483954, "elevation_m": 0.0, "distance_m": 3754.4570893395758, "distance_km": 3.7544570893395757, "heading_deg": 309.90664420133055, "slope": 0.0, "slope_deg": 0.0 }, "geometry": { "type": "Point", "coordinates": [ 5.261767417653322, 50.995496051483954 ] } },
{ "type": "Feature", "properties": { "point_id": 377, "lon": 5.2616985086908024, "lat": 50.99553232295095, "elevation_m": 0.0, "distance_m": 3764.4570893394412, "distance_km": 3.7644570893394413, "heading_deg": 309.90664421089957, "slope": 0.0, "slope_deg": 0.0 }, "geometry": { "type": "Point", "coordinates": [ 5.261698508690802, 50.99553232295095 ] } },
{ "type": "Feature", "properties": { "point_id": 378, "lon": 5.2616295997282831, "lat": 50.99556859438961, "elevation_m": 0.0, "distance_m": 3774.4570893399041, "distance_km": 3.7744570893399039, "heading_deg": 309.90664420100831, "slope": 0.0, "slope_deg": 0.0 }, "geometry": { "type": "Point", "coordinates": [ 5.261629599728283, 50.99556859438961 ] } },
{ "type": "Feature", "properties": { "point_id": 379, "lon": 5.2615606907657648, "lat": 50.995604865799905, "elevation_m": 0.0, "distance_m": 3784.4570893397695, "distance_km": 3.7844570893397695, "heading_deg": 309.90664419690171, "slope": 0.0, "slope_deg": 0.0 }, "geometry": { "type": "Point", "coordinates": [ 5.261560690765765, 50.995604865799905 ] } },
{ "type": "Feature", "properties": { "point_id": 380, "lon": 5.2614917818032438, "lat": 50.995641137181849, "elevation_m": 0.0, "distance_m": 3794.457089339724, "distance_km": 3.794457089339724, "heading_deg": 309.90664420495654, "slope": 0.0, "slope_deg": 0.0 }, "geometry": { "type": "Point", "coordinates": [ 5.261491781803244, 50.995641137181849 ] } },
{ "type": "Feature", "properties": { "point_id": 381, "lon": 5.2614228728407246, "lat": 50.99567740853545, "elevation_m": 0.0, "distance_m": 3804.4570893395894, "distance_km": 3.8044570893395893, "heading_deg": 309.90664421202945, "slope": 0.0, "slope_deg": 0.0 }, "geometry": { "type": "Point", "coordinates": [ 5.261422872840725, 50.99567740853545 ] } },
{ "type": "Feature", "properties": { "point_id": 382, "lon": 5.2613539638782054, "lat": 50.9957136798607, "elevation_m": 0.0, "distance_m": 3814.4570893394548, "distance_km": 3.8144570893394549, "heading_deg": 309.90664419931659, "slope": 0.0, "slope_deg": 0.0 }, "geometry": { "type": "Point", "coordinates": [ 5.261353963878205, 50.9957136798607 ] } },
{ "type": "Feature", "properties": { "point_id": 383, "lon": 5.2612850549156862, "lat": 50.995749951157592, "elevation_m": 0.0, "distance_m": 3824.4570893393202, "distance_km": 3.8244570893393202, "heading_deg": 309.90664421314432, "slope": 0.0, "slope_deg": 0.0 }, "geometry": { "type": "Point", "coordinates": [ 5.261285054915686, 50.995749951157592 ] } },
{ "type": "Feature", "properties": { "point_id": 384, "lon": 5.2612161459531661, "lat": 50.99578622242614, "elevation_m": 0.0, "distance_m": 3834.4570893398723, "distance_km": 3.8344570893398724, "heading_deg": 309.90664420107032, "slope": 0.0, "slope_deg": 0.0 }, "geometry": { "type": "Point", "coordinates": [ 5.261216145953166, 50.99578622242614 ] } },
{ "type": "Feature", "properties": { "point_id": 385, "lon": 5.2611472369906469, "lat": 50.995822493666338, "elevation_m": 0.0, "distance_m": 3844.4570893397376, "distance_km": 3.8444570893397376, "heading_deg": 309.90664420070209, "slope": 0.0, "slope_deg": 0.0 }, "geometry": { "type": "Point", "coordinates": [ 5.261147236990647, 50.995822493666338 ] } },
{ "type": "Feature", "properties": { "point_id": 386, "lon": 5.2610783280281277, "lat": 50.995858764878179, "elevation_m": 0.0, "distance_m": 3854.457089339603, "distance_km": 3.8544570893396028, "heading_deg": 309.90664420032789, "slope": 0.0, "slope_deg": 0.0 }, "geometry": { "type": "Point", "coordinates": [ 5.261078328028128, 50.995858764878179 ] } },
{ "type": "Feature", "properties": { "point_id": 387, "lon": 5.2610094190656085, "lat": 50.995895036061661, "elevation_m": 0.0, "distance_m": 3864.4570893394684, "distance_km": 3.8644570893394685, "heading_deg": 309.9066442017695, "slope": 0.0, "slope_deg": 0.0 }, "geometry": { "type": "Point", "coordinates": [ 5.261009419065608, 50.995895036061661 ] } },
{ "type": "Feature", "properties": { "point_id": 388, "lon": 5.2609405101030875, "lat": 50.9959313072168, "elevation_m": 0.0, "distance_m": 3874.457089339423, "distance_km": 3.874457089339423, "heading_deg": 309.90664421224949, "slope": 0.0, "slope_deg": 0.0 }, "geometry": { "type": "Point", "coordinates": [ 5.260940510103087, 50.9959313072168 ] } },
{ "type": "Feature", "properties": { "point_id": 389, "lon": 5.2608716011405692, "lat": 50.995967578343596, "elevation_m": 0.0, "distance_m": 3884.4570893398859, "distance_km": 3.884457089339886, "heading_deg": 309.90664420131685, "slope": 0.0, "slope_deg": 0.0 }, "geometry": { "type": "Point", "coordinates": [ 5.260871601140569, 50.995967578343596 ] } },
{ "type": "Feature", "properties": { "point_id": 390, "lon": 5.26080269217805, "lat": 50.996003849442033, "elevation_m": 0.0, "distance_m": 3894.4570893397513, "distance_km": 3.8944570893397512, "heading_deg": 309.90664419877186, "slope": 0.0, "slope_deg": 0.0 }, "geometry": { "type": "Point", "coordinates": [ 5.26080269217805, 50.996003849442033 ] } },
{ "type": "Feature", "properties": { "point_id": 391, "lon": 5.2607337832155308, "lat": 50.99604012051212, "elevation_m": 0.0, "distance_m": 3904.4570893396167, "distance_km": 3.9044570893396169, "heading_deg": 309.90664420513474, "slope": 0.0, "slope_deg": 0.0 }, "geometry": { "type": "Point", "coordinates": [ 5.260733783215531, 50.99604012051212 ] } },
{ "type": "Feature", "properties": { "point_id": 392, "lon": 5.2606648742530098, "lat": 50.996076391553856, "elevation_m": 0.0, "distance_m": 3914.4570893395712, "distance_km": 3.9144570893395714, "heading_deg": 309.90664420290324, "slope": 0.0, "slope_deg": 0.0 }, "geometry": { "type": "Point", "coordinates": [ 5.26066487425301, 50.996076391553856 ] } },
{ "type": "Feature", "properties": { "point_id": 393, "lon": 5.2605959652904906, "lat": 50.996112662567242, "elevation_m": 0.0, "distance_m": 3924.4570893394366, "distance_km": 3.9244570893394366, "heading_deg": 309.90664420281291, "slope": 0.0, "slope_deg": 0.0 }, "geometry": { "type": "Point", "coordinates": [ 5.260595965290491, 50.996112662567242 ] } },
{ "type": "Feature", "properties": { "point_id": 394, "lon": 5.2605270563279722, "lat": 50.996148933552277, "elevation_m": 0.0, "distance_m": 3934.4570893398995, "distance_km": 3.9344570893398996, "heading_deg": 309.90664420453845, "slope": 0.0, "slope_deg": 0.0 }, "geometry": { "type": "Point", "coordinates": [ 5.260527056327972, 50.996148933552277 ] } },
{ "type": "Feature", "properties": { "point_id": 395, "lon": 5.260458147365453, "lat": 50.996185204508961, "elevation_m": 0.0, "distance_m": 3944.4570893397649, "distance_km": 3.9444570893397648, "heading_deg": 304.82966010707895, "slope": 0.0, "slope_deg": 0.0 }, "geometry": { "type": "Point", "coordinates": [ 5.260458147365453, 50.996185204508961 ] } },
{ "type": "Feature", "properties": { "point_id": 396, "lon": 5.2603850885723835, "lat": 50.996217197522292, "elevation_m": 0.0, "distance_m": 3954.3649026767685, "distance_km": 3.9543649026767684, "heading_deg": 292.9038609774783, "slope": 0.0, "slope_deg": 0.0 }, "geometry": { "type": "Point", "coordinates": [ 5.260385088572384, 50.996217197522292 ] } },
{ "type": "Feature", "properties": { "point_id": 397, "lon": 5.2603023394155697, "lat": 50.996239201062231, "elevation_m": 0.0, "distance_m": 3964.364902676698, "distance_km": 3.9643649026766981, "heading_deg": 292.90386100294251, "slope": 0.0, "slope_deg": 0.0 }, "geometry": { "type": "Point", "coordinates": [ 5.26030233941557, 50.996239201062231 ] } },
{ "type": "Feature", "properties": { "point_id": 398, "lon": 5.2602195902587567, "lat": 50.996261204591768, "elevation_m": 0.0, "distance_m": 3974.3649026768826, "distance_km": 3.9743649026768826, "heading_deg": 292.90386097714094, "slope": 0.0, "slope_deg": 0.0 }, "geometry": { "type": "Point", "coordinates": [ 5.260219590258757, 50.996261204591768 ] } },
{ "type": "Feature", "properties": { "point_id": 399, "lon": 5.2601368411019429, "lat": 50.996283208110846, "elevation_m": 0.0, "distance_m": 3984.3649026767048, "distance_km": 3.9843649026767047, "heading_deg": 288.17725020013404, "slope": 0.0, "slope_deg": 0.0 }, "geometry": { "type": "Point", "coordinates": [ 5.260136841101943, 50.996283208110846 ] } },
{ "type": "Feature", "properties": { "point_id": 400, "lon": 5.2600522705690871, "lat": 50.996300684550398, "elevation_m": 0.0, "distance_m": 3994.2737402676912, "distance_km": 3.9942737402676913, "heading_deg": 275.51513725028542, "slope": 0.0, "slope_deg": 0.0 }, "geometry": { "type": "Point", "coordinates": [ 5.260052270569087, 50.996300684550398 ] } },
{ "type": "Feature", "properties": { "point_id": 401, "lon": 5.2599628548798094, "lat": 50.99630611824584, "elevation_m": 0.0, "distance_m": 4004.2737402676466, "distance_km": 4.0042737402676467, "heading_deg": 275.51513727606755, "slope": 0.0, "slope_deg": 0.0 }, "geometry": { "type": "Point", "coordinates": [ 5.259962854879809, 50.99630611824584 ] } },
{ "type": "Feature", "properties": { "point_id": 402, "lon": 5.2598734391905309, "lat": 50.996311551940671, "elevation_m": 0.0, "distance_m": 4014.273740267718, "distance_km": 4.0142737402677184, "heading_deg": 275.51513725061437, "slope": 0.0, "slope_deg": 0.0 }, "geometry": { "type": "Point", "coordinates": [ 5.259873439190531, 50.996311551940671 ] } },
{ "type": "Feature", "properties": { "point_id": 403, "lon": 5.2597840235012532, "lat": 50.996316985634849, "elevation_m": 0.0, "distance_m": 4024.2737402676735, "distance_km": 4.0242737402676738, "heading_deg": 275.51513725398712, "slope": 0.0, "slope_deg": 0.0 }, "geometry": { "type": "Point", "coordinates": [ 5.259784023501253, 50.996316985634849 ] } },
{ "type": "Feature", "properties": { "point_id": 404, "lon": 5.2596946078119755, "lat": 50.996322419328386, "elevation_m": 0.0, "distance_m": 4034.2737402676289, "distance_km": 4.0342737402676292, "heading_deg": 275.51513726367898, "slope": 0.0, "slope_deg": 0.0 }, "geometry": { "type": "Point", "coordinates": [ 5.259694607811976, 50.996322419328386 ] } },
{ "type": "Feature", "properties": { "point_id": 405, "lon": 5.2596051921226961, "lat": 50.996327853021299, "elevation_m": 0.0, "distance_m": 4044.2737402677003, "distance_km": 4.0442737402677, "heading_deg": 251.86309580103401, "slope": 0.0, "slope_deg": 0.0 }, "geometry": { "type": "Point", "coordinates": [ 5.259605192122696, 50.996327853021299 ] } },
{ "type": "Feature", "properties": { "point_id": 406, "lon": 5.259520960342817, "lat": 50.996310487872975, "elevation_m": 0.0, "distance_m": 4054.1406121759146, "distance_km": 4.0541406121759147, "heading_deg": 248.19703754532304, "slope": 0.0, "slope_deg": 0.0 }, "geometry": { "type": "Point", "coordinates": [ 5.259520960342817, 50.996310487872975 ] } },
{ "type": "Feature", "properties": { "point_id": 407, "lon": 5.2594375547857526, "lat": 50.996289488986683, "elevation_m": 0.0, "distance_m": 4064.1406121759755, "distance_km": 4.0641406121759758, "heading_deg": 248.19703755046902, "slope": 0.0, "slope_deg": 0.0 }, "geometry": { "type": "Point", "coordinates": [ 5.259437554785753, 50.996289488986683 ] } },
{ "type": "Feature", "properties": { "point_id": 408, "lon": 5.2593541492286882, "lat": 50.996268490090905, "elevation_m": 0.0, "distance_m": 4074.1406121760365, "distance_km": 4.0741406121760368, "heading_deg": 246.06523440758315, "slope": 0.0, "slope_deg": 0.0 }, "geometry": { "type": "Point", "coordinates": [ 5.259354149228688, 50.996268490090905 ] } },
{ "type": "Feature", "properties": { "point_id": 409, "lon": 5.2592724151789723, "lat": 50.996245657167051, "elevation_m": 0.0, "distance_m": 4084.0952246694828, "distance_km": 4.0840952246694826, "heading_deg": 232.12558954566535, "slope": 0.0, "slope_deg": 0.0 }, "geometry": { "type": "Point", "coordinates": [ 5.259272415178972, 50.996245657167051 ] } },
{ "type": "Feature", "properties": { "point_id": 410, "lon": 5.2592015059376145, "lat": 50.996210946981044, "elevation_m": 0.0, "distance_m": 4094.0952246693878, "distance_km": 4.0940952246693874, "heading_deg": 232.12558954362819, "slope": 0.0, "slope_deg": 0.0 }, "geometry": { "type": "Point", "coordinates": [ 5.259201505937614, 50.996210946981044 ] } },
{ "type": "Feature", "properties": { "point_id": 411, "lon": 5.2591305966962558, "lat": 50.996176236769067, "elevation_m": 0.0, "distance_m": 4104.0952246692923, "distance_km": 4.1040952246692921, "heading_deg": 232.12558954097364, "slope": 0.0, "slope_deg": 0.0 }, "geometry": { "type": "Point", "coordinates": [ 5.259130596696256, 50.996176236769067 ] } },
{ "type": "Feature", "properties": { "point_id": 412, "lon": 5.2590596874548989, "lat": 50.996141526531126, "elevation_m": 0.0, "distance_m": 4114.0952246691049, "distance_km": 4.1140952246691054, "heading_deg": 232.12558954751404, "slope": 0.0, "slope_deg": 0.0 }, "geometry": { "type": "Point", "coordinates": [ 5.259059687454899, 50.996141526531126 ] } },
{ "type": "Feature", "properties": { "point_id": 413, "lon": 5.2589887782135403, "lat": 50.996106816267229, "elevation_m": 0.0, "distance_m": 4124.0952246690094, "distance_km": 4.1240952246690092, "heading_deg": 232.12558954487017, "slope": 0.0, "slope_deg": 0.0 }, "geometry": { "type": "Point", "coordinates": [ 5.25898877821354, 50.996106816267229 ] } },
{ "type": "Feature", "properties": { "point_id": 414, "lon": 5.2589178689721825, "lat": 50.996072105977362, "elevation_m": 0.0, "distance_m": 4134.095224669486, "distance_km": 4.134095224669486, "heading_deg": 232.12558953361139, "slope": 0.0, "slope_deg": 0.0 }, "geometry": { "type": "Point", "coordinates": [ 5.258917868972182, 50.996072105977362 ] } },
{ "type": "Feature", "properties": { "point_id": 415, "lon": 5.2588469597308229, "lat": 50.996037395661524, "elevation_m": 0.0, "distance_m": 4144.0952246693905, "distance_km": 4.1440952246693907, "heading_deg": 232.12558954053259, "slope": 0.0, "slope_deg": 0.0 }, "geometry": { "type": "Point", "coordinates": [ 5.258846959730823, 50.996037395661524 ] } },
{ "type": "Feature", "properties": { "point_id": 416, "lon": 5.2587760504894661, "lat": 50.996002685319731, "elevation_m": 0.0, "distance_m": 4154.0952246692032, "distance_km": 4.1540952246692031, "heading_deg": 232.12558954423872, "slope": 0.0, "slope_deg": 0.0 }, "geometry": { "type": "Point", "coordinates": [ 5.258776050489466, 50.996002685319731 ] } },
{ "type": "Feature", "properties": { "point_id": 417, "lon": 5.2587051412481083, "lat": 50.995967974951974, "elevation_m": 0.0, "distance_m": 4164.0952246691077, "distance_km": 4.1640952246691079, "heading_deg": 232.12558954509458, "slope": 0.0, "slope_deg": 0.0 }, "geometry": { "type": "Point", "coordinates": [ 5.258705141248108, 50.995967974951974 ] } },
{ "type": "Feature", "properties": { "point_id": 418, "lon": 5.2586342320067487, "lat": 50.995933264558253, "elevation_m": 0.0, "distance_m": 4174.0952246695842, "distance_km": 4.1740952246695846, "heading_deg": 232.12558954533307, "slope": 0.0, "slope_deg": 0.0 }, "geometry": { "type": "Point", "coordinates": [ 5.258634232006749, 50.995933264558253 ] } },
{ "type": "Feature", "properties": { "point_id": 419, "lon": 5.258563322765391, "lat": 50.99589855413857, "elevation_m": 0.0, "distance_m": 4184.0952246694887, "distance_km": 4.1840952246694885, "heading_deg": 232.12558953000007, "slope": 0.0, "slope_deg": 0.0 }, "geometry": { "type": "Point", "coordinates": [ 5.258563322765391, 50.99589855413857 ] } },
{ "type": "Feature", "properties": { "point_id": 420, "lon": 5.2584924135240341, "lat": 50.995863843692916, "elevation_m": 0.0, "distance_m": 4194.0952246693014, "distance_km": 4.1940952246693017, "heading_deg": 232.12558955662581, "slope": 0.0, "slope_deg": 0.0 }, "geometry": { "type": "Point", "coordinates": [ 5.258492413524034, 50.995863843692916 ] } },
{ "type": "Feature", "properties": { "point_id": 421, "lon": 5.2584215042826754, "lat": 50.995829133221314, "elevation_m": 0.0, "distance_m": 4204.0952246692059, "distance_km": 4.2040952246692056, "heading_deg": 232.12558954223755, "slope": 0.0, "slope_deg": 0.0 }, "geometry": { "type": "Point", "coordinates": [ 5.258421504282675, 50.995829133221314 ] } },
{ "type": "Feature", "properties": { "point_id": 422, "lon": 5.2583505950413167, "lat": 50.995794422723741, "elevation_m": 0.0, "distance_m": 4214.0952246691104, "distance_km": 4.2140952246691104, "heading_deg": 232.12558953455334, "slope": 0.0, "slope_deg": 0.0 }, "geometry": { "type": "Point", "coordinates": [ 5.258350595041317, 50.995794422723741 ] } },
{ "type": "Feature", "properties": { "point_id": 423, "lon": 5.258279685799959, "lat": 50.99575971220019, "elevation_m": 0.0, "distance_m": 4224.0952246694951, "distance_km": 4.2240952246694947, "heading_deg": 232.125589543074, "slope": 0.0, "slope_deg": 0.0 }, "geometry": { "type": "Point", "coordinates": [ 5.258279685799959, 50.99575971220019 ] } },
{ "type": "Feature", "properties": { "point_id": 424, "lon": 5.2582087765586012, "lat": 50.99572500165069, "elevation_m": 0.0, "distance_m": 4234.0952246693996, "distance_km": 4.2340952246693995, "heading_deg": 218.25671184327709, "slope": 0.0, "slope_deg": 0.0 }, "geometry": { "type": "Point", "coordinates": [ 5.258208776558601, 50.99572500165069 ] } },
{ "type": "Feature", "properties": { "point_id": 425, "lon": 5.2581563037375894, "lat": 50.995683119352321, "elevation_m": 0.0, "distance_m": 4243.5289827273673, "distance_km": 4.2435289827273674, "heading_deg": 191.31203280148068, "slope": 0.0, "slope_deg": 0.0 }, "geometry": { "type": "Point", "coordinates": [ 5.258156303737589, 50.995683119352321 ] } },
{ "type": "Feature", "properties": { "point_id": 426, "lon": 5.2581386831069006, "lat": 50.995627679583201, "elevation_m": 0.0, "distance_m": 4253.5289827276738, "distance_km": 4.2535289827276737, "heading_deg": 191.31203279945311, "slope": 0.0, "slope_deg": 0.0 }, "geometry": { "type": "Point", "coordinates": [ 5.258138683106901, 50.995627679583201 ] } },
{ "type": "Feature", "properties": { "point_id": 427, "lon": 5.2581210624762118, "lat": 50.995572239747837, "elevation_m": 0.0, "distance_m": 4263.5289827279803, "distance_km": 4.2635289827279799, "heading_deg": 191.31203279995989, "slope": 0.0, "slope_deg": 0.0 }, "geometry": { "type": "Point", "coordinates": [ 5.258121062476212, 50.995572239747837 ] } },
{ "type": "Feature", "properties": { "point_id": 428, "lon": 5.258103441845523, "lat": 50.995516799846243, "elevation_m": 0.0, "distance_m": 4273.5289827282868, "distance_km": 4.273528982728287, "heading_deg": 154.15040941488462, "slope": 0.0, "slope_deg": 0.0 }, "geometry": { "type": "Point", "coordinates": [ 5.258103441845523, 50.995516799846243 ] } },
{ "type": "Feature", "properties": { "point_id": 429, "lon": 5.258140848187943, "lat": 50.995468206446844, "elevation_m": 0.0, "distance_m": 4283.0793495992248, "distance_km": 4.283079349599225, "heading_deg": 146.3228094517176, "slope": 0.0, "slope_deg": 0.0 }, "geometry": { "type": "Point", "coordinates": [ 5.258140848187943, 50.995468206446844 ] } },
{ "type": "Feature", "properties": { "point_id": 430, "lon": 5.2581906609293956, "lat": 50.995421156627557, "elevation_m": 0.0, "distance_m": 4293.0793495991629, "distance_km": 4.2930793495991626, "heading_deg": 152.08476836776754, "slope": 0.0, "slope_deg": 0.0 }, "geometry": { "type": "Point", "coordinates": [ 5.258190660929396, 50.995421156627557 ] } },
{ "type": "Feature", "properties": { "point_id": 431, "lon": 5.25823225969632, "lat": 50.995371740022968, "elevation_m": 0.0, "distance_m": 4302.9706455937294, "distance_km": 4.3029706455937298, "heading_deg": 164.47996355912801, "slope": 0.0, "slope_deg": 0.0 }, "geometry": { "type": "Point", "coordinates": [ 5.25823225969632, 50.995371740022968 ] } },
{ "type": "Feature", "properties": { "point_id": 432, "lon": 5.2582562963842445, "lat": 50.99531726310174, "elevation_m": 0.0, "distance_m": 4312.9706455932328, "distance_km": 4.3129706455932331, "heading_deg": 164.4799635585789, "slope": 0.0, "slope_deg": 0.0 }, "geometry": { "type": "Point", "coordinates": [ 5.258256296384245, 50.99531726310174 ] } },
{ "type": "Feature", "properties": { "point_id": 433, "lon": 5.2582803330721699, "lat": 50.995262786116548, "elevation_m": 0.0, "distance_m": 4322.970645593633, "distance_km": 4.3229706455936334, "heading_deg": 165.3676457158075, "slope": 0.0, "slope_deg": 0.0 }, "geometry": { "type": "Point", "coordinates": [ 5.25828033307217, 50.995262786116548 ] } },
{ "type": "Feature", "properties": { "point_id": 434, "lon": 5.2583029968356376, "lat": 50.995208151344059, "elevation_m": 0.0, "distance_m": 4332.9578291662565, "distance_km": 4.332957829166256, "heading_deg": 174.83145564054439, "slope": 0.0, "slope_deg": 0.0 }, "geometry": { "type": "Point", "coordinates": [ 5.258302996835638, 50.995208151344059 ] } },
{ "type": "Feature", "properties": { "point_id": 435, "lon": 5.2583110893777665, "lat": 50.995151842544381, "elevation_m": 0.0, "distance_m": 4342.9578291668495, "distance_km": 4.3429578291668491, "heading_deg": 174.83145564042479, "slope": 0.0, "slope_deg": 0.0 }, "geometry": { "type": "Point", "coordinates": [ 5.258311089377766, 50.995151842544381 ] } },
{ "type": "Feature", "properties": { "point_id": 436, "lon": 5.2583191819198953, "lat": 50.995095533676384, "elevation_m": 31.50677490234375, "distance_m": 4352.9578291665248, "distance_km": 4.3529578291665247, "heading_deg": 215.61445111352756, "slope": 3.1506774903366743, "slope_deg": 72.390975350397483 }, "geometry": { "type": "Point", "coordinates": [ 5.258319181919895, 50.995095533676384 ] } },
{ "type": "Feature", "properties": { "point_id": 437, "lon": 5.2582715249920122, "lat": 50.995053659866969, "elevation_m": 31.50677490234375, "distance_m": 4362.0680678158997, "distance_km": 4.3620680678158994, "heading_deg": 229.89285930908184, "slope": 0.0, "slope_deg": 0.0 }, "geometry": { "type": "Point", "coordinates": [ 5.258271524992012, 50.995053659866969 ] } },
{ "type": "Feature", "properties": { "point_id": 438, "lon": 5.2582028181722817, "lat": 50.995017236440539, "elevation_m": 31.50677490234375, "distance_m": 4372.0680678154122, "distance_km": 4.3720680678154125, "heading_deg": 229.89285931225021, "slope": 0.0, "slope_deg": 0.0 }, "geometry": { "type": "Point", "coordinates": [ 5.258202818172282, 50.995017236440539 ] } },
{ "type": "Feature", "properties": { "point_id": 439, "lon": 5.258134111352553, "lat": 50.994980812985517, "elevation_m": 28.686985015869141, "distance_m": 4382.0680678154358, "distance_km": 4.3820680678154362, "heading_deg": 229.89285931114765, "slope": -0.28197898864679416, "slope_deg": -15.747336718458497 }, "geometry": { "type": "Point", "coordinates": [ 5.258134111352553, 50.994980812985517 ] } },
{ "type": "Feature", "properties": { "point_id": 440, "lon": 5.2580654045328243, "lat": 50.994944389501903, "elevation_m": 28.686985015869141, "distance_m": 4392.0680678154595, "distance_km": 4.3920680678154591, "heading_deg": 213.13025185491057, "slope": 0.0, "slope_deg": 0.0 }, "geometry": { "type": "Point", "coordinates": [ 5.258065404532824, 50.994944389501903 ] } },
{ "type": "Feature", "properties": { "point_id": 441, "lon": 5.2580191430861651, "lat": 50.99489977642245, "elevation_m": 28.686985015869141, "distance_m": 4401.4905503903428, "distance_km": 4.401490550390343, "heading_deg": 190.31020909304027, "slope": 0.0, "slope_deg": 0.0 }, "geometry": { "type": "Point", "coordinates": [ 5.258019143086165, 50.99489977642245 ] } },
{ "type": "Feature", "properties": { "point_id": 442, "lon": 5.2580030652713452, "lat": 50.994844150287712, "elevation_m": 29.399343490600586, "distance_m": 4411.4905503906894, "distance_km": 4.4114905503906892, "heading_deg": 179.29149991032364, "slope": 0.071235847470676086, "slope_deg": 4.0746304123693911 }, "geometry": { "type": "Point", "coordinates": [ 5.258003065271345, 50.994844150287712 ] } },
{ "type": "Feature", "properties": { "point_id": 443, "lon": 5.2580041549301244, "lat": 50.994788691332026, "elevation_m": 29.399343490600586, "distance_m": 4421.300251691323, "distance_km": 4.4213002516913233, "heading_deg": 167.91622921921021, "slope": 0.0, "slope_deg": 0.0 }, "geometry": { "type": "Point", "coordinates": [ 5.258004154930124, 50.994788691332026 ] } },
{ "type": "Feature", "properties": { "point_id": 444, "lon": 5.258022960394281, "lat": 50.994733404897879, "elevation_m": 29.399343490600586, "distance_m": 4431.3002516907845, "distance_km": 4.4313002516907849, "heading_deg": 167.79813505508764, "slope": 0.0, "slope_deg": 0.0 }, "geometry": { "type": "Point", "coordinates": [ 5.258022960394281, 50.994733404897879 ] } },
{ "type": "Feature", "properties": { "point_id": 445, "lon": 5.2580419440435016, "lat": 50.9946781511387, "elevation_m": 29.399343490600586, "distance_m": 4441.2987628123647, "distance_km": 4.441298762812365, "heading_deg": 159.53423577520107, "slope": 0.0, "slope_deg": 0.0 }, "geometry": { "type": "Point", "coordinates": [ 5.258041944043502, 50.9946781511387 ] } },
{ "type": "Feature", "properties": { "point_id": 446, "lon": 5.2580733534067559, "lat": 50.994625180495504, "elevation_m": 29.399343490600586, "distance_m": 4451.2987628121718, "distance_km": 4.4512987628121721, "heading_deg": 159.53423577159253, "slope": 0.0, "slope_deg": 0.0 }, "geometry": { "type": "Point", "coordinates": [ 5.258073353406756, 50.994625180495504 ] } },
{ "type": "Feature", "properties": { "point_id": 447, "lon": 5.2581047627700084, "lat": 50.994572209791862, "elevation_m": 34.549980163574219, "distance_m": 4461.298762811979, "distance_km": 4.4612987628119791, "heading_deg": 159.53423577621754, "slope": 0.51506366730729436, "slope_deg": 27.251350529227118 }, "geometry": { "type": "Point", "coordinates": [ 5.258104762770008, 50.994572209791862 ] } },
{ "type": "Feature", "properties": { "point_id": 448, "lon": 5.2581361721332609, "lat": 50.994519239027738, "elevation_m": 34.549980163574219, "distance_m": 4471.2987628126584, "distance_km": 4.4712987628126584, "heading_deg": 159.53423577164187, "slope": 0.0, "slope_deg": 0.0 }, "geometry": { "type": "Point", "coordinates": [ 5.258136172133261, 50.994519239027738 ] } },
{ "type": "Feature", "properties": { "point_id": 449, "lon": 5.2581675814965125, "lat": 50.994466268203162, "elevation_m": 34.549980163574219, "distance_m": 4481.2987628124247, "distance_km": 4.4812987628124246, "heading_deg": 159.53423577399622, "slope": 0.0, "slope_deg": 0.0 }, "geometry": { "type": "Point", "coordinates": [ 5.258167581496513, 50.994466268203162 ] } },
{ "type": "Feature", "properties": { "point_id": 450, "lon": 5.2581989908597651, "lat": 50.994413297318111, "elevation_m": 31.915195465087891, "distance_m": 4491.2987628122319, "distance_km": 4.4912987628122316, "heading_deg": 159.53423577296121, "slope": -0.26347846985371304, "slope_deg": -14.760739470489741 }, "geometry": { "type": "Point", "coordinates": [ 5.258198990859765, 50.994413297318111 ] } },
{ "type": "Feature", "properties": { "point_id": 451, "lon": 5.2582304002230185, "lat": 50.994360326372608, "elevation_m": 31.915195465087891, "distance_m": 4501.2987628120391, "distance_km": 4.5012987628120387, "heading_deg": 159.53423577832621, "slope": 0.0, "slope_deg": 0.0 }, "geometry": { "type": "Point", "coordinates": [ 5.258230400223018, 50.994360326372608 ] } },
{ "type": "Feature", "properties": { "point_id": 452, "lon": 5.2582618095862701, "lat": 50.99430735536663, "elevation_m": 31.915195465087891, "distance_m": 4511.2987628118053, "distance_km": 4.5112987628118058, "heading_deg": 159.53423577229148, "slope": 0.0, "slope_deg": 0.0 }, "geometry": { "type": "Point", "coordinates": [ 5.25826180958627, 50.99430735536663 ] } },
{ "type": "Feature", "properties": { "point_id": 453, "lon": 5.2582932189495226, "lat": 50.994254384300191, "elevation_m": 32.176361083984375, "distance_m": 4521.2987628124847, "distance_km": 4.521298762812485, "heading_deg": 159.53423577283343, "slope": 0.026116561887874097, "slope_deg": 1.4960286989169369 }, "geometry": { "type": "Point", "coordinates": [ 5.258293218949523, 50.994254384300191 ] } },
{ "type": "Feature", "properties": { "point_id": 454, "lon": 5.2583246283127751, "lat": 50.994201413173293, "elevation_m": 32.176361083984375, "distance_m": 4531.2987628122919, "distance_km": 4.531298762812292, "heading_deg": 159.53423576998603, "slope": 0.0, "slope_deg": 0.0 }, "geometry": { "type": "Point", "coordinates": [ 5.258324628312775, 50.994201413173293 ] } },
{ "type": "Feature", "properties": { "point_id": 455, "lon": 5.2583560376760277, "lat": 50.994148441985935, "elevation_m": 32.176361083984375, "distance_m": 4541.2987628120991, "distance_km": 4.5412987628120991, "heading_deg": 159.5342357766209, "slope": 0.0, "slope_deg": 0.0 }, "geometry": { "type": "Point", "coordinates": [ 5.258356037676028, 50.994148441985935 ] } },
{ "type": "Feature", "properties": { "point_id": 456, "lon": 5.2583874470392802, "lat": 50.994095470738102, "elevation_m": 32.176361083984375, "distance_m": 4551.2987628118653, "distance_km": 4.5512987628118653, "heading_deg": 159.53423577553554, "slope": 0.0, "slope_deg": 0.0 }, "geometry": { "type": "Point", "coordinates": [ 5.25838744703928, 50.994095470738102 ] } },
{ "type": "Feature", "properties": { "point_id": 457, "lon": 5.2584188564025327, "lat": 50.994042499429803, "elevation_m": 32.176361083984375, "distance_m": 4561.2987628125447, "distance_km": 4.5612987628125445, "heading_deg": 161.47274085890558, "slope": 0.0, "slope_deg": 0.0 }, "geometry": { "type": "Point", "coordinates": [ 5.258418856402533, 50.994042499429803 ] } },
{ "type": "Feature", "properties": { "point_id": 458, "lon": 5.2584473915125658, "lat": 50.99398890723338, "elevation_m": 36.699882507324219, "distance_m": 4571.2954828949069, "distance_km": 4.5712954828949073, "heading_deg": 162.58367394737172, "slope": 0.45250055879037721, "slope_deg": 24.346778429643649 }, "geometry": { "type": "Point", "coordinates": [ 5.258447391512566, 50.99398890723338 ] } },
{ "type": "Feature", "properties": { "point_id": 459, "lon": 5.2584742792128676, "lat": 50.993934959140454, "elevation_m": 34.050235748291016, "distance_m": 4581.2954828952452, "distance_km": 4.5812954828952455, "heading_deg": 162.58367394829838, "slope": -0.26496467589435568, "slope_deg": -14.840335922990443 }, "geometry": { "type": "Point", "coordinates": [ 5.258474279212868, 50.993934959140454 ] } },
{ "type": "Feature", "properties": { "point_id": 460, "lon": 5.2585011669131685, "lat": 50.993881010984815, "elevation_m": 34.050235748291016, "distance_m": 4591.2954828946595, "distance_km": 4.5912954828946591, "heading_deg": 162.58367394487152, "slope": 0.0, "slope_deg": 0.0 }, "geometry": { "type": "Point", "coordinates": [ 5.258501166913168, 50.993881010984815 ] } },
{ "type": "Feature", "properties": { "point_id": 461, "lon": 5.2585280546134694, "lat": 50.993827062766464, "elevation_m": 34.050235748291016, "distance_m": 4601.2954828949623, "distance_km": 4.6012954828949626, "heading_deg": 162.58367394915774, "slope": 0.0, "slope_deg": 0.0 }, "geometry": { "type": "Point", "coordinates": [ 5.258528054613469, 50.993827062766464 ] } },
{ "type": "Feature", "properties": { "point_id": 462, "lon": 5.2585549423137703, "lat": 50.993773114485393, "elevation_m": 34.050235748291016, "distance_m": 4611.2954828952652, "distance_km": 4.6112954828952653, "heading_deg": 162.58367394668039, "slope": 0.0, "slope_deg": 0.0 }, "geometry": { "type": "Point", "coordinates": [ 5.25855494231377, 50.993773114485393 ] } },
{ "type": "Feature", "properties": { "point_id": 463, "lon": 5.2585818300140712, "lat": 50.993719166141609, "elevation_m": 33.084396362304688, "distance_m": 4621.2954828946795, "distance_km": 4.6212954828946797, "heading_deg": 162.58367394564402, "slope": -0.096583938604289876, "slope_deg": -5.5167402909489551 }, "geometry": { "type": "Point", "coordinates": [ 5.258581830014071, 50.993719166141609 ] } },
{ "type": "Feature", "properties": { "point_id": 464, "lon": 5.2586087177143721, "lat": 50.993665217735121, "elevation_m": 33.084396362304688, "distance_m": 4631.2954828949823, "distance_km": 4.6312954828949824, "heading_deg": 162.58367394894276, "slope": 0.0, "slope_deg": 0.0 }, "geometry": { "type": "Point", "coordinates": [ 5.258608717714372, 50.993665217735121 ] } },
{ "type": "Feature", "properties": { "point_id": 465, "lon": 5.258635605414673, "lat": 50.993611269265905, "elevation_m": 33.084396362304688, "distance_m": 4641.2954828952852, "distance_km": 4.641295482895285, "heading_deg": 162.58367394499714, "slope": 0.0, "slope_deg": 0.0 }, "geometry": { "type": "Point", "coordinates": [ 5.258635605414673, 50.993611269265905 ] } },
{ "type": "Feature", "properties": { "point_id": 466, "lon": 5.258662493114973, "lat": 50.993557320733984, "elevation_m": 33.084396362304688, "distance_m": 4651.2954828946995, "distance_km": 4.6512954828946995, "heading_deg": 171.56484116905483, "slope": 0.0, "slope_deg": 0.0 }, "geometry": { "type": "Point", "coordinates": [ 5.258662493114973, 50.993557320733984 ] } },
{ "type": "Feature", "properties": { "point_id": 467, "lon": 5.2586754078863862, "lat": 50.993502506279199, "elevation_m": 33.084396362304688, "distance_m": 4661.0961924357525, "distance_km": 4.6610961924357524, "heading_deg": 186.17071037614886, "slope": 0.0, "slope_deg": 0.0 }, "geometry": { "type": "Point", "coordinates": [ 5.258675407886386, 50.993502506279199 ] } },
{ "type": "Feature", "properties": { "point_id": 468, "lon": 5.2586657517996231, "lat": 50.993446293110182, "elevation_m": 34.016136169433594, "distance_m": 4671.096192435637, "distance_km": 4.6710961924356367, "heading_deg": 186.17071037533756, "slope": 0.093173980713966834, "slope_deg": 5.3231073633507417 }, "geometry": { "type": "Point", "coordinates": [ 5.258665751799623, 50.993446293110182 ] } },
{ "type": "Feature", "properties": { "point_id": 469, "lon": 5.2586560957128601, "lat": 50.993390079873066, "elevation_m": 34.016136169433594, "distance_m": 4681.0961924355215, "distance_km": 4.6810961924355219, "heading_deg": 186.17071037506449, "slope": 0.0, "slope_deg": 0.0 }, "geometry": { "type": "Point", "coordinates": [ 5.25865609571286, 50.993390079873066 ] } },
{ "type": "Feature", "properties": { "point_id": 470, "lon": 5.2586464396260961, "lat": 50.993333866567859, "elevation_m": 34.016136169433594, "distance_m": 4691.096192435406, "distance_km": 4.6910961924354062, "heading_deg": 186.17071037394385, "slope": 0.0, "slope_deg": 0.0 }, "geometry": { "type": "Point", "coordinates": [ 5.258646439626096, 50.993333866567859 ] } },
{ "type": "Feature", "properties": { "point_id": 471, "lon": 5.2586367835393331, "lat": 50.993277653194554, "elevation_m": 34.016136169433594, "distance_m": 4701.0961924352905, "distance_km": 4.7010961924352905, "heading_deg": 186.17071037537829, "slope": 0.0, "slope_deg": 0.0 }, "geometry": { "type": "Point", "coordinates": [ 5.258636783539333, 50.993277653194554 ] } },
{ "type": "Feature", "properties": { "point_id": 472, "lon": 5.2586271274525691, "lat": 50.993221439753171, "elevation_m": 34.016136169433594, "distance_m": 4711.0961924361009, "distance_km": 4.7110961924361012, "heading_deg": 186.17071037564961, "slope": 0.0, "slope_deg": 0.0 }, "geometry": { "type": "Point", "coordinates": [ 5.258627127452569, 50.993221439753171 ] } },
{ "type": "Feature", "properties": { "point_id": 473, "lon": 5.2586174713658052, "lat": 50.99316522624369, "elevation_m": 35.39752197265625, "distance_m": 4721.0961924359972, "distance_km": 4.7210961924359971, "heading_deg": 193.57633998981237, "slope": 0.13813858032369788, "slope_deg": 7.8649824630592118 }, "geometry": { "type": "Point", "coordinates": [ 5.258617471365805, 50.99316522624369 ] } },
{ "type": "Feature", "properties": { "point_id": 474, "lon": 5.258596395320069, "lat": 50.993110293767515, "elevation_m": 35.39752197265625, "distance_m": 4731.0909475096405, "distance_km": 4.7310909475096405, "heading_deg": 194.04081194015433, "slope": 0.0, "slope_deg": 0.0 }, "geometry": { "type": "Point", "coordinates": [ 5.258596395320069, 50.993110293767515 ] } },
{ "type": "Feature", "properties": { "point_id": 475, "lon": 5.2585746010382861, "lat": 50.993055441798795, "elevation_m": 35.39752197265625, "distance_m": 4741.0909475092749, "distance_km": 4.7410909475092753, "heading_deg": 194.04081193265873, "slope": 0.0, "slope_deg": 0.0 }, "geometry": { "type": "Point", "coordinates": [ 5.258574601038286, 50.993055441798795 ] } },
{ "type": "Feature", "properties": { "point_id": 476, "lon": 5.2585528067565042, "lat": 50.993000589765224, "elevation_m": 35.39752197265625, "distance_m": 4751.0909475097842, "distance_km": 4.751090947509784, "heading_deg": 194.04081194092257, "slope": 0.0, "slope_deg": 0.0 }, "geometry": { "type": "Point", "coordinates": [ 5.258552806756504, 50.993000589765224 ] } },
{ "type": "Feature", "properties": { "point_id": 477, "lon": 5.2585310124747204, "lat": 50.992945737666844, "elevation_m": 35.39752197265625, "distance_m": 4761.0909475094186, "distance_km": 4.7610909475094187, "heading_deg": 194.04081193422186, "slope": 0.0, "slope_deg": 0.0 }, "geometry": { "type": "Point", "coordinates": [ 5.25853101247472, 50.992945737666844 ] } },
{ "type": "Feature", "properties": { "point_id": 478, "lon": 5.2585092181929376, "lat": 50.992890885503606, "elevation_m": 43.767875671386719, "distance_m": 4771.0909475099561, "distance_km": 4.7710909475099559, "heading_deg": 194.04081194122475, "slope": 0.83703536982805526, "slope_deg": 39.93052369757963 }, "geometry": { "type": "Point", "coordinates": [ 5.258509218192938, 50.992890885503606 ] } },
{ "type": "Feature", "properties": { "point_id": 479, "lon": 5.2584874239111539, "lat": 50.992836033275566, "elevation_m": 43.767875671386719, "distance_m": 4781.0909475095905, "distance_km": 4.7810909475095906, "heading_deg": 194.04081193531897, "slope": 0.0, "slope_deg": 0.0 }, "geometry": { "type": "Point", "coordinates": [ 5.258487423911154, 50.992836033275566 ] } },
{ "type": "Feature", "properties": { "point_id": 480, "lon": 5.2584656296293719, "lat": 50.992781180982675, "elevation_m": 40.685546875, "distance_m": 4791.0909475091967, "distance_km": 4.791090947509197, "heading_deg": 194.04081193715115, "slope": -0.30823287965081042, "slope_deg": -17.131018458076031 }, "geometry": { "type": "Point", "coordinates": [ 5.258465629629372, 50.992781180982675 ] } },
{ "type": "Feature", "properties": { "point_id": 481, "lon": 5.2584438353475882, "lat": 50.992726328624961, "elevation_m": 40.685546875, "distance_m": 4801.0909475097342, "distance_km": 4.8010909475097341, "heading_deg": 194.04081193693392, "slope": 0.0, "slope_deg": 0.0 }, "geometry": { "type": "Point", "coordinates": [ 5.258443835347588, 50.992726328624961 ] } },
{ "type": "Feature", "properties": { "point_id": 482, "lon": 5.2584220410658054, "lat": 50.99267147620241, "elevation_m": 40.685546875, "distance_m": 4811.0909475093686, "distance_km": 4.8110909475093688, "heading_deg": 201.51414202365629, "slope": 0.0, "slope_deg": 0.0 }, "geometry": { "type": "Point", "coordinates": [ 5.258422041065805, 50.99267147620241 ] } },
{ "type": "Feature", "properties": { "point_id": 483, "lon": 5.2583892390760765, "lat": 50.992619100566735, "elevation_m": 45.207218170166016, "distance_m": 4821.0478483194338, "distance_km": 4.8210478483194334, "heading_deg": 205.30199439201209, "slope": 0.4541243687589161, "slope_deg": 24.423956409990179 }, "geometry": { "type": "Point", "coordinates": [ 5.258389239076076, 50.992619100566735 ] } },
{ "type": "Feature", "properties": { "point_id": 484, "lon": 5.2583508460602033, "lat": 50.99256798291384, "elevation_m": 45.207218170166016, "distance_m": 4831.0478483197376, "distance_km": 4.8310478483197379, "heading_deg": 205.30199439026879, "slope": 0.0, "slope_deg": 0.0 }, "geometry": { "type": "Point", "coordinates": [ 5.258350846060203, 50.99256798291384 ] } },
{ "type": "Feature", "properties": { "point_id": 485, "lon": 5.2583124530443301, "lat": 50.992516865204635, "elevation_m": 45.207218170166016, "distance_m": 4841.0478483200413, "distance_km": 4.8410478483200414, "heading_deg": 205.3019943922086, "slope": 0.0, "slope_deg": 0.0 }, "geometry": { "type": "Point", "coordinates": [ 5.25831245304433, 50.992516865204635 ] } },
{ "type": "Feature", "properties": { "point_id": 486, "lon": 5.258274060028457, "lat": 50.992465747439134, "elevation_m": 45.207218170166016, "distance_m": 4851.0478483195029, "distance_km": 4.851047848319503, "heading_deg": 205.30199439186123, "slope": 0.0, "slope_deg": 0.0 }, "geometry": { "type": "Point", "coordinates": [ 5.258274060028457, 50.992465747439134 ] } },
{ "type": "Feature", "properties": { "point_id": 487, "lon": 5.2582356670125829, "lat": 50.992414629617322, "elevation_m": 45.207218170166016, "distance_m": 4861.0478483198558, "distance_km": 4.8610478483198554, "heading_deg": 205.30199439427994, "slope": 0.0, "slope_deg": 0.0 }, "geometry": { "type": "Point", "coordinates": [ 5.258235667012583, 50.992414629617322 ] } },
{ "type": "Feature", "properties": { "point_id": 488, "lon": 5.2581972739967098, "lat": 50.992363511739221, "elevation_m": 45.207218170166016, "distance_m": 4871.0478483193174, "distance_km": 4.8710478483193178, "heading_deg": 205.30199439165466, "slope": 0.0, "slope_deg": 0.0 }, "geometry": { "type": "Point", "coordinates": [ 5.25819727399671, 50.992363511739221 ] } },
{ "type": "Feature", "properties": { "point_id": 489, "lon": 5.2581588809808357, "lat": 50.992312393804802, "elevation_m": 43.712001800537109, "distance_m": 4881.0478483196212, "distance_km": 4.8810478483196214, "heading_deg": 205.30199439317289, "slope": -0.14952163695834858, "slope_deg": -8.503958661410449 }, "geometry": { "type": "Point", "coordinates": [ 5.258158880980836, 50.992312393804802 ] } },
{ "type": "Feature", "properties": { "point_id": 490, "lon": 5.2581204879649626, "lat": 50.992261275814087, "elevation_m": 43.712001800537109, "distance_m": 4891.0478483199249, "distance_km": 4.8910478483199249, "heading_deg": 205.30199439148501, "slope": 0.0, "slope_deg": 0.0 }, "geometry": { "type": "Point", "coordinates": [ 5.258120487964963, 50.992261275814087 ] } },
{ "type": "Feature", "properties": { "point_id": 491, "lon": 5.2580820949490885, "lat": 50.992210157767069, "elevation_m": 43.712001800537109, "distance_m": 4901.0478483194365, "distance_km": 4.9010478483194362, "heading_deg": 205.30199439302172, "slope": 0.0, "slope_deg": 0.0 }, "geometry": { "type": "Point", "coordinates": [ 5.258082094949089, 50.992210157767069 ] } },
{ "type": "Feature", "properties": { "point_id": 492, "lon": 5.2580437019332154, "lat": 50.992159039663747, "elevation_m": 43.712001800537109, "distance_m": 4911.0478483197403, "distance_km": 4.9110478483197406, "heading_deg": 205.70550417918156, "slope": 0.0, "slope_deg": 0.0 }, "geometry": { "type": "Point", "coordinates": [ 5.258043701933215, 50.992159039663747 ] } },
{ "type": "Feature", "properties": { "point_id": 493, "lon": 5.2580047442436912, "lat": 50.992108101226464, "elevation_m": 43.712001800537109, "distance_m": 4921.0462254440845, "distance_km": 4.9210462254440843, "heading_deg": 208.34586640427497, "slope": 0.0, "slope_deg": 0.0 }, "geometry": { "type": "Point", "coordinates": [ 5.258004744243691, 50.992108101226464 ] } },
{ "type": "Feature", "properties": { "point_id": 494, "lon": 5.2579620928949877, "lat": 50.992058338339454, "elevation_m": 41.952110290527344, "distance_m": 4931.0462254438435, "distance_km": 4.9310462254438434, "heading_deg": 208.34586639999026, "slope": -0.1759891510052182, "slope_deg": -9.9812263612206404 }, "geometry": { "type": "Point", "coordinates": [ 5.257962092894988, 50.992058338339454 ] } },
{ "type": "Feature", "properties": { "point_id": 495, "lon": 5.2579194415462842, "lat": 50.992008575399083, "elevation_m": 41.952110290527344, "distance_m": 4941.0462254436579, "distance_km": 4.9410462254436576, "heading_deg": 208.3458663876176, "slope": 0.0, "slope_deg": 0.0 }, "geometry": { "type": "Point", "coordinates": [ 5.257919441546284, 50.992008575399083 ] } },
{ "type": "Feature", "properties": { "point_id": 496, "lon": 5.2578767901975816, "lat": 50.991958812405336, "elevation_m": 41.952110290527344, "distance_m": 4951.0462254442373, "distance_km": 4.9510462254442373, "heading_deg": 208.34586640305349, "slope": 0.0, "slope_deg": 0.0 }, "geometry": { "type": "Point", "coordinates": [ 5.257876790197582, 50.991958812405336 ] } },
{ "type": "Feature", "properties": { "point_id": 497, "lon": 5.2578341388488772, "lat": 50.991909049358256, "elevation_m": 41.952110290527344, "distance_m": 4961.0462254440517, "distance_km": 4.9610462254440515, "heading_deg": 208.34586639439772, "slope": 0.0, "slope_deg": 0.0 }, "geometry": { "type": "Point", "coordinates": [ 5.257834138848877, 50.991909049358256 ] } },
{ "type": "Feature", "properties": { "point_id": 498, "lon": 5.2577914875001746, "lat": 50.991859286257807, "elevation_m": 41.952110290527344, "distance_m": 4971.0462254438107, "distance_km": 4.9710462254438106, "heading_deg": 208.34586640022488, "slope": 0.0, "slope_deg": 0.0 }, "geometry": { "type": "Point", "coordinates": [ 5.257791487500175, 50.991859286257807 ] } },
{ "type": "Feature", "properties": { "point_id": 499, "lon": 5.2577488361514702, "lat": 50.991809523104003, "elevation_m": 41.952110290527344, "distance_m": 4981.0462254436252, "distance_km": 4.9810462254436256, "heading_deg": 208.34586639617874, "slope": 0.0, "slope_deg": 0.0 }, "geometry": { "type": "Point", "coordinates": [ 5.25774883615147, 50.991809523104003 ] } },
{ "type": "Feature", "properties": { "point_id": 500, "lon": 5.2577061848027684, "lat": 50.991759759896837, "elevation_m": 39.374671936035156, "distance_m": 4991.0462254442045, "distance_km": 4.9910462254442045, "heading_deg": 208.34586639526643, "slope": -0.25774383543428642, "slope_deg": -14.453066346323348 }, "geometry": { "type": "Point", "coordinates": [ 5.257706184802768, 50.991759759896837 ] } },
{ "type": "Feature", "properties": { "point_id": 501, "lon": 5.257663533454064, "lat": 50.991709996636317, "elevation_m": 39.374671936035156, "distance_m": 5001.046225444019, "distance_km": 5.0010462254440187, "heading_deg": 208.34586639627619, "slope": 0.0, "slope_deg": 0.0 }, "geometry": { "type": "Point", "coordinates": [ 5.257663533454064, 50.991709996636317 ] } },
{ "type": "Feature", "properties": { "point_id": 502, "lon": 5.2576208821053605, "lat": 50.991660233322435, "elevation_m": 37.626956939697266, "distance_m": 5011.046225443778, "distance_km": 5.0110462254437778, "heading_deg": 208.34586640124849, "slope": -0.17477149963800134, "slope_deg": -9.9135419392727773 }, "geometry": { "type": "Point", "coordinates": [ 5.25762088210536, 50.991660233322435 ] } },
{ "type": "Feature", "properties": { "point_id": 503, "lon": 5.257578230756657, "lat": 50.991610469955205, "elevation_m": 37.626956939697266, "distance_m": 5021.0462254435924, "distance_km": 5.0210462254435928, "heading_deg": 208.34586639507245, "slope": 0.0, "slope_deg": 0.0 }, "geometry": { "type": "Point", "coordinates": [ 5.257578230756657, 50.991610469955205 ] } },
{ "type": "Feature", "properties": { "point_id": 504, "lon": 5.2575355794079544, "lat": 50.991560706534607, "elevation_m": 37.626956939697266, "distance_m": 5031.0462254441718, "distance_km": 5.0310462254441717, "heading_deg": 208.3458664029329, "slope": 0.0, "slope_deg": 0.0 }, "geometry": { "type": "Point", "coordinates": [ 5.257535579407954, 50.991560706534607 ] } },
{ "type": "Feature", "properties": { "point_id": 505, "lon": 5.2574929280592499, "lat": 50.991510943060661, "elevation_m": 35.962547302246094, "distance_m": 5041.0462254439863, "distance_km": 5.0410462254439858, "heading_deg": 208.34586639588315, "slope": -0.16644096374820527, "slope_deg": -9.4497394318150754 }, "geometry": { "type": "Point", "coordinates": [ 5.25749292805925, 50.991510943060661 ] } },
{ "type": "Feature", "properties": { "point_id": 506, "lon": 5.2574502767105473, "lat": 50.991461179533353, "elevation_m": 35.962547302246094, "distance_m": 5051.0462254437452, "distance_km": 5.0510462254437449, "heading_deg": 208.34586639719535, "slope": 0.0, "slope_deg": 0.0 }, "geometry": { "type": "Point", "coordinates": [ 5.257450276710547, 50.991461179533353 ] } },
{ "type": "Feature", "properties": { "point_id": 507, "lon": 5.2574076253618429, "lat": 50.991411415952683, "elevation_m": 35.962547302246094, "distance_m": 5061.0462254435597, "distance_km": 5.06104622544356, "heading_deg": 209.17553471663638, "slope": 0.0, "slope_deg": 0.0 }, "geometry": { "type": "Point", "coordinates": [ 5.257407625361843, 50.991411415952683 ] } },
{ "type": "Feature", "properties": { "point_id": 508, "lon": 5.2573638538240841, "lat": 50.991362068963632, "elevation_m": 35.962547302246094, "distance_m": 5071.0416286300342, "distance_km": 5.0710416286300344, "heading_deg": 212.81279600700105, "slope": 0.0, "slope_deg": 0.0 }, "geometry": { "type": "Point", "coordinates": [ 5.257363853824084, 50.991362068963632 ] } },
{ "type": "Feature", "properties": { "point_id": 509, "lon": 5.257315174510043, "lat": 50.991314547330425, "elevation_m": 35.649356842041016, "distance_m": 5081.0416286298587, "distance_km": 5.0810416286298583, "heading_deg": 212.81279600684667, "slope": -0.031319046021057562, "slope_deg": -1.7938627857626421 }, "geometry": { "type": "Point", "coordinates": [ 5.257315174510043, 50.991314547330425 ] } },
{ "type": "Feature", "properties": { "point_id": 510, "lon": 5.257266495196002, "lat": 50.991267025648568, "elevation_m": 35.649356842041016, "distance_m": 5091.0416286296204, "distance_km": 5.0910416286296201, "heading_deg": 212.81279599886341, "slope": 0.0, "slope_deg": 0.0 }, "geometry": { "type": "Point", "coordinates": [ 5.257266495196002, 50.991267025648568 ] } },
{ "type": "Feature", "properties": { "point_id": 511, "lon": 5.2572178158819618, "lat": 50.991219503918046, "elevation_m": 34.684665679931641, "distance_m": 5101.0416286301643, "distance_km": 5.1010416286301643, "heading_deg": 212.81279601095304, "slope": -0.096469116205690764, "slope_deg": -5.5102221837423109 }, "geometry": { "type": "Point", "coordinates": [ 5.257217815881962, 50.991219503918046 ] } },
{ "type": "Feature", "properties": { "point_id": 512, "lon": 5.2571691365679207, "lat": 50.991171982138873, "elevation_m": 34.684665679931641, "distance_m": 5111.0416286299887, "distance_km": 5.1110416286299891, "heading_deg": 212.81279599906946, "slope": 0.0, "slope_deg": 0.0 }, "geometry": { "type": "Point", "coordinates": [ 5.257169136567921, 50.991171982138873 ] } },
{ "type": "Feature", "properties": { "point_id": 513, "lon": 5.2571204572538814, "lat": 50.991124460311028, "elevation_m": 34.684665679931641, "distance_m": 5121.0416286297504, "distance_km": 5.1210416286297509, "heading_deg": 212.81279601117791, "slope": 0.0, "slope_deg": 0.0 }, "geometry": { "type": "Point", "coordinates": [ 5.257120457253881, 50.991124460311028 ] } },
{ "type": "Feature", "properties": { "point_id": 514, "lon": 5.2570717779398413, "lat": 50.991076938434546, "elevation_m": 34.684665679931641, "distance_m": 5131.0416286295122, "distance_km": 5.1310416286295117, "heading_deg": 212.81279599535247, "slope": 0.0, "slope_deg": 0.0 }, "geometry": { "type": "Point", "coordinates": [ 5.257071777939841, 50.991076938434546 ] } },
{ "type": "Feature", "properties": { "point_id": 515, "lon": 5.2570230986258002, "lat": 50.991029416509377, "elevation_m": 34.684665679931641, "distance_m": 5141.0416286301197, "distance_km": 5.1410416286301199, "heading_deg": 212.81279600445455, "slope": 0.0, "slope_deg": 0.0 }, "geometry": { "type": "Point", "coordinates": [ 5.2570230986258, 50.991029416509377 ] } },
{ "type": "Feature", "properties": { "point_id": 516, "lon": 5.25697441931176, "lat": 50.990981894535572, "elevation_m": 34.684665679931641, "distance_m": 5151.0416286298814, "distance_km": 5.1510416286298817, "heading_deg": 212.81279600479229, "slope": 0.0, "slope_deg": 0.0 }, "geometry": { "type": "Point", "coordinates": [ 5.25697441931176, 50.990981894535572 ] } },
{ "type": "Feature", "properties": { "point_id": 517, "lon": 5.2569257399977189, "lat": 50.990934372513102, "elevation_m": 34.101100921630859, "distance_m": 5161.0416286296431, "distance_km": 5.1610416286296434, "heading_deg": 212.81279600428695, "slope": -0.05835647583146869, "slope_deg": -3.3397920127852885 }, "geometry": { "type": "Point", "coordinates": [ 5.256925739997719, 50.990934372513102 ] } },
{ "type": "Feature", "properties": { "point_id": 518, "lon": 5.2568770606836779, "lat": 50.990886850441974, "elevation_m": 34.101100921630859, "distance_m": 5171.0416286302507, "distance_km": 5.1710416286302507, "heading_deg": 212.8127960086041, "slope": 0.0, "slope_deg": 0.0 }, "geometry": { "type": "Point", "coordinates": [ 5.256877060683678, 50.990886850441974 ] } },
{ "type": "Feature", "properties": { "point_id": 519, "lon": 5.2568283813696377, "lat": 50.990839328322195, "elevation_m": 34.101100921630859, "distance_m": 5181.0416286300124, "distance_km": 5.1810416286300125, "heading_deg": 212.81279600287823, "slope": 0.0, "slope_deg": 0.0 }, "geometry": { "type": "Point", "coordinates": [ 5.256828381369638, 50.990839328322195 ] } },
{ "type": "Feature", "properties": { "point_id": 520, "lon": 5.2567797020555975, "lat": 50.990791806153752, "elevation_m": 34.187763214111328, "distance_m": 5191.0416286297741, "distance_km": 5.1910416286297743, "heading_deg": 212.81279600806667, "slope": 0.0086662292482533806, "slope_deg": 0.49652593018342756 }, "geometry": { "type": "Point", "coordinates": [ 5.256779702055598, 50.990791806153752 ] } },
{ "type": "Feature", "properties": { "point_id": 521, "lon": 5.2567310227415565, "lat": 50.99074428393665, "elevation_m": 34.187763214111328, "distance_m": 5201.0416286295986, "distance_km": 5.2010416286295982, "heading_deg": 212.81279599844049, "slope": 0.0, "slope_deg": 0.0 }, "geometry": { "type": "Point", "coordinates": [ 5.256731022741556, 50.99074428393665 ] } },
{ "type": "Feature", "properties": { "point_id": 522, "lon": 5.2566823434275163, "lat": 50.990696761670883, "elevation_m": 34.187763214111328, "distance_m": 5211.0416286301424, "distance_km": 5.2110416286301424, "heading_deg": 212.81279600322151, "slope": 0.0, "slope_deg": 0.0 }, "geometry": { "type": "Point", "coordinates": [ 5.256682343427516, 50.990696761670883 ] } },
{ "type": "Feature", "properties": { "point_id": 523, "lon": 5.2566336641134761, "lat": 50.990649239356465, "elevation_m": 34.150714874267578, "distance_m": 5221.0416286299042, "distance_km": 5.2210416286299042, "heading_deg": 205.4365561827685, "slope": -0.0037048339844632816, "slope_deg": -0.21227037991670786 }, "geometry": { "type": "Point", "coordinates": [ 5.256633664113476, 50.990649239356465 ] } },
{ "type": "Feature", "properties": { "point_id": 524, "lon": 5.2565952049477973, "lat": 50.990598341169893, "elevation_m": 34.150714874267578, "distance_m": 5231.0093666576704, "distance_km": 5.2310093666576707, "heading_deg": 202.5648407838913, "slope": 0.0, "slope_deg": 0.0 }, "geometry": { "type": "Point", "coordinates": [ 5.256595204947797, 50.990598341169893 ] } },
{ "type": "Feature", "properties": { "point_id": 525, "lon": 5.2565607340290725, "lat": 50.990546125565686, "elevation_m": 34.150714874267578, "distance_m": 5241.0093666574958, "distance_km": 5.2410093666574955, "heading_deg": 195.1394853089206, "slope": 0.0, "slope_deg": 0.0 }, "geometry": { "type": "Point", "coordinates": [ 5.256560734029073, 50.990546125565686 ] } },
{ "type": "Feature", "properties": { "point_id": 526, "lon": 5.2565383650959365, "lat": 50.990494084977144, "elevation_m": 34.150714874267578, "distance_m": 5250.5437754355116, "distance_km": 5.2505437754355118, "heading_deg": 154.80197213664269, "slope": 0.0, "slope_deg": 0.0 }, "geometry": { "type": "Point", "coordinates": [ 5.256538365095937, 50.990494084977144 ] } },
{ "type": "Feature", "properties": { "point_id": 527, "lon": 5.2565766106816127, "lat": 50.990442921216399, "elevation_m": 34.150714874267578, "distance_m": 5260.5437754358836, "distance_km": 5.2605437754358837, "heading_deg": 154.80197213572103, "slope": 0.0, "slope_deg": 0.0 }, "geometry": { "type": "Point", "coordinates": [ 5.256576610681613, 50.990442921216399 ] } },
{ "type": "Feature", "properties": { "point_id": 528, "lon": 5.2566148562672881, "lat": 50.990391757399259, "elevation_m": 34.877532958984375, "distance_m": 5270.5437754353634, "distance_km": 5.270543775435363, "heading_deg": 155.51922282832152, "slope": 0.072681808475460824, "slope_deg": 4.1570510809870242 }, "geometry": { "type": "Point", "coordinates": [ 5.256614856267288, 50.990391757399259 ] } },
{ "type": "Feature", "properties": { "point_id": 529, "lon": 5.2566519513708654, "lat": 50.990340475862489, "elevation_m": 34.877532958984375, "distance_m": 5280.5088590336036, "distance_km": 5.2805088590336036, "heading_deg": 186.7405285928366, "slope": 0.0, "slope_deg": 0.0 }, "geometry": { "type": "Point", "coordinates": [ 5.256651951370865, 50.990340475862489 ] } },
{ "type": "Feature", "properties": { "point_id": 530, "lon": 5.2566414075601982, "lat": 50.990284322089906, "elevation_m": 34.877532958984375, "distance_m": 5290.5088590332462, "distance_km": 5.2905088590332463, "heading_deg": 220.0431295779359, "slope": 0.0, "slope_deg": 0.0 }, "geometry": { "type": "Point", "coordinates": [ 5.256641407560198, 50.990284322089906 ] } },
{ "type": "Feature", "properties": { "point_id": 531, "lon": 5.2565863728811566, "lat": 50.99024310072874, "elevation_m": 34.877532958984375, "distance_m": 5300.0313602955366, "distance_km": 5.3000313602955362, "heading_deg": 229.39342494280294, "slope": 0.0, "slope_deg": 0.0 }, "geometry": { "type": "Point", "coordinates": [ 5.256586372881157, 50.99024310072874 ] } },
{ "type": "Feature", "properties": { "point_id": 532, "lon": 5.2565181731152935, "lat": 50.990206297934783, "elevation_m": 34.152179718017578, "distance_m": 5310.0313602953884, "distance_km": 5.3100313602953886, "heading_deg": 232.67042986152188, "slope": -0.072535324097755011, "slope_deg": -4.148702159938809 }, "geometry": { "type": "Point", "coordinates": [ 5.256518173115293, 50.990206297934783 ] } },
{ "type": "Feature", "properties": { "point_id": 533, "lon": 5.2564468801507003, "lat": 50.990172075237197, "elevation_m": 34.152179718017578, "distance_m": 5320.0121103170568, "distance_km": 5.320012110317057, "heading_deg": 236.52844912413991, "slope": 0.0, "slope_deg": 0.0 }, "geometry": { "type": "Point", "coordinates": [ 5.2564468801507, 50.990172075237197 ] } },
{ "type": "Feature", "properties": { "point_id": 534, "lon": 5.2563719463285192, "lat": 50.990140889459909, "elevation_m": 34.152179718017578, "distance_m": 5330.0121103172423, "distance_km": 5.3300121103172424, "heading_deg": 236.52844913185169, "slope": 0.0, "slope_deg": 0.0 }, "geometry": { "type": "Point", "coordinates": [ 5.256371946328519, 50.990140889459909 ] } },
{ "type": "Feature", "properties": { "point_id": 535, "lon": 5.2562970125063408, "lat": 50.990109703661673, "elevation_m": 34.54388427734375, "distance_m": 5340.0121103173306, "distance_km": 5.3400121103173301, "heading_deg": 236.52844913021272, "slope": 0.039170455932271621, "slope_deg": 2.2431550328805714 }, "geometry": { "type": "Point", "coordinates": [ 5.256297012506341, 50.990109703661673 ] } },
{ "type": "Feature", "properties": { "point_id": 536, "lon": 5.2562220786841598, "lat": 50.990078517842484, "elevation_m": 34.54388427734375, "distance_m": 5350.0121103175161, "distance_km": 5.3500121103175164, "heading_deg": 236.5284491333951, "slope": 0.0, "slope_deg": 0.0 }, "geometry": { "type": "Point", "coordinates": [ 5.25622207868416, 50.990078517842484 ] } },
{ "type": "Feature", "properties": { "point_id": 537, "lon": 5.2561471448619796, "lat": 50.990047332002341, "elevation_m": 34.54388427734375, "distance_m": 5360.0121103171878, "distance_km": 5.3600121103171876, "heading_deg": 236.52844912498918, "slope": 0.0, "slope_deg": 0.0 }, "geometry": { "type": "Point", "coordinates": [ 5.25614714486198, 50.990047332002341 ] } },
{ "type": "Feature", "properties": { "point_id": 538, "lon": 5.2560722110398013, "lat": 50.990016146141244, "elevation_m": 34.54388427734375, "distance_m": 5370.012110317276, "distance_km": 5.3700121103172762, "heading_deg": 236.52844912661024, "slope": 0.0, "slope_deg": 0.0 }, "geometry": { "type": "Point", "coordinates": [ 5.256072211039801, 50.990016146141244 ] } },
{ "type": "Feature", "properties": { "point_id": 539, "lon": 5.2559972772176202, "lat": 50.989984960259186, "elevation_m": 34.54388427734375, "distance_m": 5380.0121103174615, "distance_km": 5.3800121103174616, "heading_deg": 236.5284491295252, "slope": 0.0, "slope_deg": 0.0 }, "geometry": { "type": "Point", "coordinates": [ 5.25599727721762, 50.989984960259186 ] } },
{ "type": "Feature", "properties": { "point_id": 540, "lon": 5.2559223433954401, "lat": 50.989953774356174, "elevation_m": 36.011177062988281, "distance_m": 5390.0121103171332, "distance_km": 5.3900121103171328, "heading_deg": 236.52844912409961, "slope": 0.14672927856927065, "slope_deg": 8.3474034063457818 }, "geometry": { "type": "Point", "coordinates": [ 5.25592234339544, 50.989953774356174 ] } },
{ "type": "Feature", "properties": { "point_id": 541, "lon": 5.2558474095732608, "lat": 50.989922588432215, "elevation_m": 36.011177062988281, "distance_m": 5400.0121103173187, "distance_km": 5.4000121103173191, "heading_deg": 236.52844912517352, "slope": 0.0, "slope_deg": 0.0 }, "geometry": { "type": "Point", "coordinates": [ 5.255847409573261, 50.989922588432215 ] } },
{ "type": "Feature", "properties": { "point_id": 542, "lon": 5.2557724757510806, "lat": 50.989891402487295, "elevation_m": 36.011177062988281, "distance_m": 5410.012110317407, "distance_km": 5.4100121103174068, "heading_deg": 236.52844913644537, "slope": 0.0, "slope_deg": 0.0 }, "geometry": { "type": "Point", "coordinates": [ 5.255772475751081, 50.989891402487295 ] } },
{ "type": "Feature", "properties": { "point_id": 543, "lon": 5.2556975419289005, "lat": 50.989860216521436, "elevation_m": 35.292778015136719, "distance_m": 5420.0121103170786, "distance_km": 5.4200121103170789, "heading_deg": 236.52844912296712, "slope": -0.071839904787514952, "slope_deg": -4.1090641258784082 }, "geometry": { "type": "Point", "coordinates": [ 5.2556975419289, 50.989860216521436 ] } },
{ "type": "Feature", "properties": { "point_id": 544, "lon": 5.2556226081067212, "lat": 50.989829030534601, "elevation_m": 35.684604644775391, "distance_m": 5430.0121103172642, "distance_km": 5.4300121103172643, "heading_deg": 236.52844912702136, "slope": 0.039182662963140207, "slope_deg": 2.2438533724162366 }, "geometry": { "type": "Point", "coordinates": [ 5.255622608106721, 50.989829030534601 ] } },
{ "type": "Feature", "properties": { "point_id": 545, "lon": 5.2555476742845402, "lat": 50.989797844526819, "elevation_m": 35.684604644775391, "distance_m": 5440.0121103174497, "distance_km": 5.4400121103174497, "heading_deg": 236.52844913208969, "slope": 0.0, "slope_deg": 0.0 }, "geometry": { "type": "Point", "coordinates": [ 5.25554767428454, 50.989797844526819 ] } },
{ "type": "Feature", "properties": { "point_id": 546, "lon": 5.2554727404623618, "lat": 50.989766658498098, "elevation_m": 35.684604644775391, "distance_m": 5450.012110317025, "distance_km": 5.4500121103170249, "heading_deg": 236.5284491304958, "slope": 0.0, "slope_deg": 0.0 }, "geometry": { "type": "Point", "coordinates": [ 5.255472740462362, 50.989766658498098 ] } },
{ "type": "Feature", "properties": { "point_id": 547, "lon": 5.2553978066401807, "lat": 50.989735472448416, "elevation_m": 35.684604644775391, "distance_m": 5460.0121103172105, "distance_km": 5.4600121103172103, "heading_deg": 236.52844911221678, "slope": 0.0, "slope_deg": 0.0 }, "geometry": { "type": "Point", "coordinates": [ 5.255397806640181, 50.989735472448416 ] } },
{ "type": "Feature", "properties": { "point_id": 548, "lon": 5.2553228728180006, "lat": 50.989704286377759, "elevation_m": 35.684604644775391, "distance_m": 5470.012110317396, "distance_km": 5.4700121103173958, "heading_deg": 236.52844913880378, "slope": 0.0, "slope_deg": 0.0 }, "geometry": { "type": "Point", "coordinates": [ 5.255322872818001, 50.989704286377759 ] } },
{ "type": "Feature", "properties": { "point_id": 549, "lon": 5.2552479389958222, "lat": 50.989673100286169, "elevation_m": 35.684604644775391, "distance_m": 5480.0121103174843, "distance_km": 5.4800121103174844, "heading_deg": 236.52844912971665, "slope": 0.0, "slope_deg": 0.0 }, "geometry": { "type": "Point", "coordinates": [ 5.255247938995822, 50.989673100286169 ] } },
{ "type": "Feature", "properties": { "point_id": 550, "lon": 5.2551730051736412, "lat": 50.989641914173625, "elevation_m": 35.684604644775391, "distance_m": 5490.0121103171559, "distance_km": 5.4900121103171555, "heading_deg": 236.26623121822294, "slope": 0.0, "slope_deg": 0.0 }, "geometry": { "type": "Point", "coordinates": [ 5.255173005173641, 50.989641914173625 ] } },
{ "type": "Feature", "properties": { "point_id": 551, "lon": 5.2550982999906717, "lat": 50.989610512968241, "elevation_m": 40.463134765625, "distance_m": 5500.0119613152974, "distance_km": 5.5000119613152973, "heading_deg": 235.89314718007176, "slope": 0.47786013228974317, "slope_deg": 25.541275898313479 }, "geometry": { "type": "Point", "coordinates": [ 5.255098299990672, 50.989610512968241 ] } },
{ "type": "Feature", "properties": { "point_id": 552, "lon": 5.255023920114775, "lat": 50.989578805737914, "elevation_m": 35.639991760253906, "distance_m": 5510.0119613151574, "distance_km": 5.5100119613151577, "heading_deg": 235.89314718300665, "slope": -0.48231430054386476, "slope_deg": -25.748678035280797 }, "geometry": { "type": "Point", "coordinates": [ 5.255023920114775, 50.989578805737914 ] } },
{ "type": "Feature", "properties": { "point_id": 553, "lon": 5.2549495402388784, "lat": 50.989547098485922, "elevation_m": 35.639991760253906, "distance_m": 5520.0119613150173, "distance_km": 5.5200119613150171, "heading_deg": 235.89314716545164, "slope": 0.0, "slope_deg": 0.0 }, "geometry": { "type": "Point", "coordinates": [ 5.254949540238878, 50.989547098485922 ] } },
{ "type": "Feature", "properties": { "point_id": 554, "lon": 5.2548751603629809, "lat": 50.989515391212258, "elevation_m": 35.639991760253906, "distance_m": 5530.0119613153993, "distance_km": 5.5300119613153988, "heading_deg": 235.89314717906871, "slope": 0.0, "slope_deg": 0.0 }, "geometry": { "type": "Point", "coordinates": [ 5.254875160362981, 50.989515391212258 ] } },
{ "type": "Feature", "properties": { "point_id": 555, "lon": 5.2548007804870842, "lat": 50.989483683916951, "elevation_m": 37.696010589599609, "distance_m": 5540.0119613152592, "distance_km": 5.5400119613152592, "heading_deg": 235.89314717429556, "slope": 0.20560188293745002, "slope_deg": 11.618216856386786 }, "geometry": { "type": "Point", "coordinates": [ 5.254800780487084, 50.989483683916951 ] } },
{ "type": "Feature", "properties": { "point_id": 556, "lon": 5.2547264006111876, "lat": 50.989451976599973, "elevation_m": 37.696010589599609, "distance_m": 5550.0119613151192, "distance_km": 5.5500119613151195, "heading_deg": 235.89314717753189, "slope": 0.0, "slope_deg": 0.0 }, "geometry": { "type": "Point", "coordinates": [ 5.254726400611188, 50.989451976599973 ] } },
{ "type": "Feature", "properties": { "point_id": 557, "lon": 5.2546520207352909, "lat": 50.989420269261338, "elevation_m": 37.696010589599609, "distance_m": 5560.0119613149791, "distance_km": 5.560011961314979, "heading_deg": 235.89314717543567, "slope": 0.0, "slope_deg": 0.0 }, "geometry": { "type": "Point", "coordinates": [ 5.254652020735291, 50.989420269261338 ] } },
{ "type": "Feature", "properties": { "point_id": 558, "lon": 5.2545776408593943, "lat": 50.989388561901045, "elevation_m": 37.696010589599609, "distance_m": 5570.0119613153611, "distance_km": 5.5700119613153607, "heading_deg": 235.89314717601218, "slope": 0.0, "slope_deg": 0.0 }, "geometry": { "type": "Point", "coordinates": [ 5.254577640859394, 50.989388561901045 ] } },
{ "type": "Feature", "properties": { "point_id": 559, "lon": 5.2545032609834976, "lat": 50.989356854519087, "elevation_m": 37.696010589599609, "distance_m": 5580.011961315221, "distance_km": 5.580011961315221, "heading_deg": 235.89314717125606, "slope": 0.0, "slope_deg": 0.0 }, "geometry": { "type": "Point", "coordinates": [ 5.254503260983498, 50.989356854519087 ] } },
{ "type": "Feature", "properties": { "point_id": 560, "lon": 5.254428881107601, "lat": 50.989325147115466, "elevation_m": 37.696010589599609, "distance_m": 5590.011961315081, "distance_km": 5.5900119613150814, "heading_deg": 235.89314717689351, "slope": 0.0, "slope_deg": 0.0 }, "geometry": { "type": "Point", "coordinates": [ 5.254428881107601, 50.989325147115466 ] } },
{ "type": "Feature", "properties": { "point_id": 561, "lon": 5.2543545012317043, "lat": 50.989293439690194, "elevation_m": 35.146724700927734, "distance_m": 5600.0119613149409, "distance_km": 5.6000119613149408, "heading_deg": 235.89314716442516, "slope": -0.25492858887075809, "slope_deg": -14.301710034205838 }, "geometry": { "type": "Point", "coordinates": [ 5.254354501231704, 50.989293439690194 ] } },
{ "type": "Feature", "properties": { "point_id": 562, "lon": 5.2542801213558077, "lat": 50.989261732243243, "elevation_m": 34.562671661376953, "distance_m": 5610.0119613153229, "distance_km": 5.6100119613153225, "heading_deg": 235.89314718665025, "slope": -0.058405303952847112, "slope_deg": -3.3425801551567167 }, "geometry": { "type": "Point", "coordinates": [ 5.254280121355808, 50.989261732243243 ] } },
{ "type": "Feature", "properties": { "point_id": 563, "lon": 5.2542057414799102, "lat": 50.989230024774663, "elevation_m": 34.562671661376953, "distance_m": 5620.0119613151828, "distance_km": 5.6200119613151829, "heading_deg": 235.8931471706689, "slope": 0.0, "slope_deg": 0.0 }, "geometry": { "type": "Point", "coordinates": [ 5.25420574147991, 50.989230024774663 ] } },
{ "type": "Feature", "properties": { "point_id": 564, "lon": 5.2541313616040144, "lat": 50.989198317284398, "elevation_m": 34.562671661376953, "distance_m": 5630.0119613150428, "distance_km": 5.6300119613150423, "heading_deg": 235.89314717956051, "slope": 0.0, "slope_deg": 0.0 }, "geometry": { "type": "Point", "coordinates": [ 5.254131361604014, 50.989198317284398 ] } },
{ "type": "Feature", "properties": { "point_id": 565, "lon": 5.2540569817281177, "lat": 50.989166609772482, "elevation_m": 34.562671661376953, "distance_m": 5640.0119613149027, "distance_km": 5.6400119613149027, "heading_deg": 235.89314717216166, "slope": 0.0, "slope_deg": 0.0 }, "geometry": { "type": "Point", "coordinates": [ 5.254056981728118, 50.989166609772482 ] } },
{ "type": "Feature", "properties": { "point_id": 566, "lon": 5.2539826018522211, "lat": 50.989134902238902, "elevation_m": 39.13470458984375, "distance_m": 5650.0119613152847, "distance_km": 5.6500119613152844, "heading_deg": 235.89314717544067, "slope": 0.45720329282921507, "slope_deg": 24.570035414133038 }, "geometry": { "type": "Point", "coordinates": [ 5.253982601852221, 50.989134902238902 ] } },
{ "type": "Feature", "properties": { "point_id": 567, "lon": 5.2539082219763245, "lat": 50.989103194683665, "elevation_m": 39.13470458984375, "distance_m": 5660.0119613151446, "distance_km": 5.6600119613151447, "heading_deg": 235.89314717872392, "slope": 0.0, "slope_deg": 0.0 }, "geometry": { "type": "Point", "coordinates": [ 5.253908221976324, 50.989103194683665 ] } },
{ "type": "Feature", "properties": { "point_id": 568, "lon": 5.2538338421004278, "lat": 50.98907148710677, "elevation_m": 39.13470458984375, "distance_m": 5670.0119613150046, "distance_km": 5.6700119613150042, "heading_deg": 235.89314716571673, "slope": 0.0, "slope_deg": 0.0 }, "geometry": { "type": "Point", "coordinates": [ 5.253833842100428, 50.98907148710677 ] } },
{ "type": "Feature", "properties": { "point_id": 569, "lon": 5.2537594622245312, "lat": 50.989039779508204, "elevation_m": 39.13470458984375, "distance_m": 5680.0119613153865, "distance_km": 5.6800119613153868, "heading_deg": 235.89314717491408, "slope": 0.0, "slope_deg": 0.0 }, "geometry": { "type": "Point", "coordinates": [ 5.253759462224531, 50.989039779508204 ] } },
{ "type": "Feature", "properties": { "point_id": 570, "lon": 5.2536850823486336, "lat": 50.98900807188798, "elevation_m": 35.066329956054688, "distance_m": 5690.0119613152465, "distance_km": 5.6900119613152462, "heading_deg": 235.8931471779257, "slope": -0.40683746338460453, "slope_deg": -22.138333449114519 }, "geometry": { "type": "Point", "coordinates": [ 5.253685082348634, 50.98900807188798 ] } },
{ "type": "Feature", "properties": { "point_id": 571, "lon": 5.253610702472737, "lat": 50.988976364246106, "elevation_m": 35.066329956054688, "distance_m": 5700.0119613151064, "distance_km": 5.7000119613151066, "heading_deg": 235.89314717855765, "slope": 0.0, "slope_deg": 0.0 }, "geometry": { "type": "Point", "coordinates": [ 5.253610702472737, 50.988976364246106 ] } },
{ "type": "Feature", "properties": { "point_id": 572, "lon": 5.2535363225968403, "lat": 50.988944656582568, "elevation_m": 35.066329956054688, "distance_m": 5710.0119613149664, "distance_km": 5.710011961314966, "heading_deg": 235.89314716852033, "slope": 0.0, "slope_deg": 0.0 }, "geometry": { "type": "Point", "coordinates": [ 5.25353632259684, 50.988944656582568 ] } },
{ "type": "Feature", "properties": { "point_id": 573, "lon": 5.2534619427209437, "lat": 50.988912948897365, "elevation_m": 37.548007965087891, "distance_m": 5720.0119613153483, "distance_km": 5.7200119613153486, "heading_deg": 235.8931471798343, "slope": 0.24816780089384061, "slope_deg": 13.937398811324876 }, "geometry": { "type": "Point", "coordinates": [ 5.253461942720944, 50.988912948897365 ] } },
{ "type": "Feature", "properties": { "point_id": 574, "lon": 5.253387562845047, "lat": 50.988881241190505, "elevation_m": 37.548007965087891, "distance_m": 5730.0119613152083, "distance_km": 5.7300119613152081, "heading_deg": 235.89314717514225, "slope": 0.0, "slope_deg": 0.0 }, "geometry": { "type": "Point", "coordinates": [ 5.253387562845047, 50.988881241190505 ] } },
{ "type": "Feature", "properties": { "point_id": 575, "lon": 5.2533131829691504, "lat": 50.98884953346198, "elevation_m": 37.548007965087891, "distance_m": 5740.0119613150682, "distance_km": 5.7400119613150684, "heading_deg": 235.89314718913315, "slope": 0.0, "slope_deg": 0.0 }, "geometry": { "type": "Point", "coordinates": [ 5.25331318296915, 50.98884953346198 ] } },
{ "type": "Feature", "properties": { "point_id": 576, "lon": 5.2532388030932538, "lat": 50.988817825711813, "elevation_m": 37.548007965087891, "distance_m": 5750.0119613149282, "distance_km": 5.7500119613149279, "heading_deg": 235.89314716014991, "slope": 0.0, "slope_deg": 0.0 }, "geometry": { "type": "Point", "coordinates": [ 5.253238803093254, 50.988817825711813 ] } },
{ "type": "Feature", "properties": { "point_id": 577, "lon": 5.2531644232173571, "lat": 50.988786117939959, "elevation_m": 41.58355712890625, "distance_m": 5760.0119613153101, "distance_km": 5.7600119613153105, "heading_deg": 235.89314718005483, "slope": 0.40355491636642066, "slope_deg": 21.976781637139027 }, "geometry": { "type": "Point", "coordinates": [ 5.253164423217357, 50.988786117939959 ] } },
{ "type": "Feature", "properties": { "point_id": 578, "lon": 5.2530900433414596, "lat": 50.988754410146456, "elevation_m": 41.58355712890625, "distance_m": 5770.0119613151701, "distance_km": 5.7700119613151699, "heading_deg": 235.89314717242712, "slope": 0.0, "slope_deg": 0.0 }, "geometry": { "type": "Point", "coordinates": [ 5.25309004334146, 50.988754410146456 ] } },
{ "type": "Feature", "properties": { "point_id": 579, "lon": 5.2530156634655629, "lat": 50.988722702331295, "elevation_m": 33.361152648925781, "distance_m": 5780.01196131503, "distance_km": 5.7800119613150303, "heading_deg": 235.89314717814557, "slope": -0.82224044800956331, "slope_deg": -39.428425239346844 }, "geometry": { "type": "Point", "coordinates": [ 5.253015663465563, 50.988722702331295 ] } },
{ "type": "Feature", "properties": { "point_id": 580, "lon": 5.2529412835896672, "lat": 50.988690994494469, "elevation_m": 33.361152648925781, "distance_m": 5790.01196131489, "distance_km": 5.7900119613148897, "heading_deg": 235.89314717376354, "slope": 0.0, "slope_deg": 0.0 }, "geometry": { "type": "Point", "coordinates": [ 5.252941283589667, 50.988690994494469 ] } },
{ "type": "Feature", "properties": { "point_id": 581, "lon": 5.2528669037137705, "lat": 50.988659286635986, "elevation_m": 33.361152648925781, "distance_m": 5800.0119613152719, "distance_km": 5.8000119613152723, "heading_deg": 235.89314717176975, "slope": 0.0, "slope_deg": 0.0 }, "geometry": { "type": "Point", "coordinates": [ 5.252866903713771, 50.988659286635986 ] } },
{ "type": "Feature", "properties": { "point_id": 582, "lon": 5.2527925238378739, "lat": 50.988627578755839, "elevation_m": 33.361152648925781, "distance_m": 5810.0119613151319, "distance_km": 5.8100119613151318, "heading_deg": 235.89314717778535, "slope": 0.0, "slope_deg": 0.0 }, "geometry": { "type": "Point", "coordinates": [ 5.252792523837874, 50.988627578755839 ] } },
{ "type": "Feature", "properties": { "point_id": 583, "lon": 5.2527181439619772, "lat": 50.988595870854041, "elevation_m": 33.361152648925781, "distance_m": 5820.0119613149918, "distance_km": 5.8200119613149921, "heading_deg": 235.89314717046341, "slope": 0.0, "slope_deg": 0.0 }, "geometry": { "type": "Point", "coordinates": [ 5.252718143961977, 50.988595870854041 ] } },
{ "type": "Feature", "properties": { "point_id": 584, "lon": 5.2526437640860806, "lat": 50.988564162930572, "elevation_m": 33.361152648925781, "distance_m": 5830.0119613148518, "distance_km": 5.8300119613148516, "heading_deg": 235.89314717915587, "slope": 0.0, "slope_deg": 0.0 }, "geometry": { "type": "Point", "coordinates": [ 5.252643764086081, 50.988564162930572 ] } },
{ "type": "Feature", "properties": { "point_id": 585, "lon": 5.252569384210183, "lat": 50.988532454985453, "elevation_m": 33.810039520263672, "distance_m": 5840.0119613153302, "distance_km": 5.8400119613153301, "heading_deg": 235.89314717717917, "slope": 0.044888687131641611, "slope_deg": 2.570206929773847 }, "geometry": { "type": "Point", "coordinates": [ 5.252569384210183, 50.988532454985453 ] } },
{ "type": "Feature", "properties": { "point_id": 586, "lon": 5.2524950043342864, "lat": 50.988500747018662, "elevation_m": 33.810039520263672, "distance_m": 5850.0119613151901, "distance_km": 5.8500119613151904, "heading_deg": 235.89314717015441, "slope": 0.0, "slope_deg": 0.0 }, "geometry": { "type": "Point", "coordinates": [ 5.252495004334286, 50.988500747018662 ] } },
{ "type": "Feature", "properties": { "point_id": 587, "lon": 5.2524206244583889, "lat": 50.988469039030214, "elevation_m": 34.027519226074219, "distance_m": 5860.01196131505, "distance_km": 5.8600119613150499, "heading_deg": 235.8931471785753, "slope": 0.021747970581359296, "slope_deg": 1.245870530505089 }, "geometry": { "type": "Point", "coordinates": [ 5.252420624458389, 50.988469039030214 ] } },
{ "type": "Feature", "properties": { "point_id": 588, "lon": 5.2523462445824922, "lat": 50.988437331020116, "elevation_m": 32.901218414306641, "distance_m": 5870.011961315432, "distance_km": 5.8700119613154325, "heading_deg": 235.89314717661142, "slope": -0.11263008117245549, "slope_deg": -6.4261465766129691 }, "geometry": { "type": "Point", "coordinates": [ 5.252346244582492, 50.988437331020116 ] } },
{ "type": "Feature", "properties": { "point_id": 589, "lon": 5.2522718647065956, "lat": 50.988405622988346, "elevation_m": 32.901218414306641, "distance_m": 5880.011961315292, "distance_km": 5.8800119613152919, "heading_deg": 235.8931471719834, "slope": 0.0, "slope_deg": 0.0 }, "geometry": { "type": "Point", "coordinates": [ 5.252271864706596, 50.988405622988346 ] } },
{ "type": "Feature", "properties": { "point_id": 590, "lon": 5.2521974848306989, "lat": 50.988373914934918, "elevation_m": 32.901218414306641, "distance_m": 5890.0119613151519, "distance_km": 5.8900119613151523, "heading_deg": 235.89314717536479, "slope": 0.0, "slope_deg": 0.0 }, "geometry": { "type": "Point", "coordinates": [ 5.252197484830699, 50.988373914934918 ] } },
{ "type": "Feature", "properties": { "point_id": 591, "lon": 5.2521231049548023, "lat": 50.988342206859826, "elevation_m": 32.901218414306641, "distance_m": 5900.0119613150118, "distance_km": 5.9000119613150117, "heading_deg": 235.89314717341369, "slope": 0.0, "slope_deg": 0.0 }, "geometry": { "type": "Point", "coordinates": [ 5.252123104954802, 50.988342206859826 ] } },
{ "type": "Feature", "properties": { "point_id": 592, "lon": 5.2520487250789056, "lat": 50.988310498763077, "elevation_m": 32.901218414306641, "distance_m": 5910.0119613153938, "distance_km": 5.9100119613153934, "heading_deg": 235.89314718214024, "slope": 0.0, "slope_deg": 0.0 }, "geometry": { "type": "Point", "coordinates": [ 5.252048725078906, 50.988310498763077 ] } },
{ "type": "Feature", "properties": { "point_id": 593, "lon": 5.251974345203009, "lat": 50.988278790644671, "elevation_m": 32.901218414306641, "distance_m": 5920.0119613152538, "distance_km": 5.9200119613152538, "heading_deg": 235.8931471745766, "slope": 0.0, "slope_deg": 0.0 }, "geometry": { "type": "Point", "coordinates": [ 5.251974345203009, 50.988278790644671 ] } },
{ "type": "Feature", "properties": { "point_id": 594, "lon": 5.2518999653271123, "lat": 50.988247082504607, "elevation_m": 32.901218414306641, "distance_m": 5930.0119613151137, "distance_km": 5.9300119613151141, "heading_deg": 235.89314717587547, "slope": 0.0, "slope_deg": 0.0 }, "geometry": { "type": "Point", "coordinates": [ 5.251899965327112, 50.988247082504607 ] } },
{ "type": "Feature", "properties": { "point_id": 595, "lon": 5.2518255854512148, "lat": 50.988215374342879, "elevation_m": 32.901218414306641, "distance_m": 5940.0119613149736, "distance_km": 5.9400119613149736, "heading_deg": 235.89314716565201, "slope": 0.0, "slope_deg": 0.0 }, "geometry": { "type": "Point", "coordinates": [ 5.251825585451215, 50.988215374342879 ] } },
{ "type": "Feature", "properties": { "point_id": 596, "lon": 5.2517512055753182, "lat": 50.988183666159479, "elevation_m": 31.767156600952148, "distance_m": 5950.0119613153556, "distance_km": 5.9500119613153553, "heading_deg": 235.89314718240064, "slope": -0.11340618133111724, "slope_deg": -6.4700530168277224 }, "geometry": { "type": "Point", "coordinates": [ 5.251751205575318, 50.988183666159479 ] } },
{ "type": "Feature", "properties": { "point_id": 597, "lon": 5.2516768256994215, "lat": 50.988151957954436, "elevation_m": 31.767156600952148, "distance_m": 5960.0119613152156, "distance_km": 5.9600119613152156, "heading_deg": 235.44470644624695, "slope": 0.0, "slope_deg": 0.0 }, "geometry": { "type": "Point", "coordinates": [ 5.251676825699422, 50.988151957954436 ] } },
{ "type": "Feature", "properties": { "point_id": 598, "lon": 5.2516028528005725, "lat": 50.988119888779345, "elevation_m": 31.767156600952148, "distance_m": 5970.0105484060514, "distance_km": 5.9700105484060515, "heading_deg": 233.37615626352064, "slope": 0.0, "slope_deg": 0.0 }, "geometry": { "type": "Point", "coordinates": [ 5.251602852800572, 50.988119888779345 ] } },
{ "type": "Feature", "properties": { "point_id": 599, "lon": 5.251530756801178, "lat": 50.988086154956754, "elevation_m": 31.767156600952148, "distance_m": 5980.0105484060496, "distance_km": 5.9800105484060495, "heading_deg": 233.37615626854682, "slope": 0.0, "slope_deg": 0.0 }, "geometry": { "type": "Point", "coordinates": [ 5.251530756801178, 50.988086154956754 ] } },
{ "type": "Feature", "properties": { "point_id": 600, "lon": 5.2514586608017852, "lat": 50.988052421109657, "elevation_m": 31.317739486694336, "distance_m": 5990.0105484059541, "distance_km": 5.9900105484059543, "heading_deg": 233.37615627418307, "slope": -0.04494171142621043, "slope_deg": -2.573238881479639 }, "geometry": { "type": "Point", "coordinates": [ 5.251458660801785, 50.988052421109657 ] } },
{ "type": "Feature", "properties": { "point_id": 601, "lon": 5.2513865648023925, "lat": 50.988018687238046, "elevation_m": 31.317739486694336, "distance_m": 6000.0105484058586, "distance_km": 6.000010548405859, "heading_deg": 233.37615625943567, "slope": 0.0, "slope_deg": 0.0 }, "geometry": { "type": "Point", "coordinates": [ 5.251386564802393, 50.988018687238046 ] } },
{ "type": "Feature", "properties": { "point_id": 602, "lon": 5.2513144688029989, "lat": 50.987984953341908, "elevation_m": 31.317739486694336, "distance_m": 6010.0105484057631, "distance_km": 6.0100105484057629, "heading_deg": 233.37615626766831, "slope": 0.0, "slope_deg": 0.0 }, "geometry": { "type": "Point", "coordinates": [ 5.251314468802999, 50.987984953341908 ] } },
{ "type": "Feature", "properties": { "point_id": 603, "lon": 5.2512423728036053, "lat": 50.987951219421262, "elevation_m": 31.317739486694336, "distance_m": 6020.0105484057613, "distance_km": 6.0200105484057609, "heading_deg": 233.37615626267137, "slope": 0.0, "slope_deg": 0.0 }, "geometry": { "type": "Point", "coordinates": [ 5.251242372803605, 50.987951219421262 ] } },
{ "type": "Feature", "properties": { "point_id": 604, "lon": 5.2511702768042126, "lat": 50.987917485476089, "elevation_m": 31.317739486694336, "distance_m": 6030.0105484062215, "distance_km": 6.0300105484062216, "heading_deg": 233.37615626863004, "slope": 0.0, "slope_deg": 0.0 }, "geometry": { "type": "Point", "coordinates": [ 5.251170276804213, 50.987917485476089 ] } },
{ "type": "Feature", "properties": { "point_id": 605, "lon": 5.2510981808048189, "lat": 50.987883751506409, "elevation_m": 30.615848541259766, "distance_m": 6040.010548406126, "distance_km": 6.0400105484061264, "heading_deg": 233.37615626881586, "slope": -0.07018909454412732, "slope_deg": -4.0149542885758303 }, "geometry": { "type": "Point", "coordinates": [ 5.251098180804819, 50.987883751506409 ] } },
{ "type": "Feature", "properties": { "point_id": 606, "lon": 5.2510260848054262, "lat": 50.987850017512216, "elevation_m": 30.615848541259766, "distance_m": 6050.0105484060305, "distance_km": 6.0500105484060303, "heading_deg": 233.37615625698234, "slope": 0.0, "slope_deg": 0.0 }, "geometry": { "type": "Point", "coordinates": [ 5.251026084805426, 50.987850017512216 ] } },
{ "type": "Feature", "properties": { "point_id": 607, "lon": 5.2509539888060317, "lat": 50.987816283493494, "elevation_m": 30.044015884399414, "distance_m": 6060.0105484060286, "distance_km": 6.0600105484060283, "heading_deg": 233.37615627239387, "slope": -0.057183265686045558, "slope_deg": -3.2727956214932492 }, "geometry": { "type": "Point", "coordinates": [ 5.250953988806032, 50.987816283493494 ] } },
{ "type": "Feature", "properties": { "point_id": 608, "lon": 5.250881892806639, "lat": 50.987782549450266, "elevation_m": 30.044015884399414, "distance_m": 6070.0105484059332, "distance_km": 6.070010548405933, "heading_deg": 233.37615626513804, "slope": 0.0, "slope_deg": 0.0 }, "geometry": { "type": "Point", "coordinates": [ 5.250881892806639, 50.987782549450266 ] } },
{ "type": "Feature", "properties": { "point_id": 609, "lon": 5.2508097968072462, "lat": 50.987748815382517, "elevation_m": 30.044015884399414, "distance_m": 6080.0105484058377, "distance_km": 6.0800105484058378, "heading_deg": 233.37615626793013, "slope": 0.0, "slope_deg": 0.0 }, "geometry": { "type": "Point", "coordinates": [ 5.250809796807246, 50.987748815382517 ] } },
{ "type": "Feature", "properties": { "point_id": 610, "lon": 5.2507377008078535, "lat": 50.987715081290254, "elevation_m": 30.044015884399414, "distance_m": 6090.0105484057422, "distance_km": 6.0900105484057425, "heading_deg": 233.37615627163484, "slope": 0.0, "slope_deg": 0.0 }, "geometry": { "type": "Point", "coordinates": [ 5.250737700807854, 50.987715081290254 ] } },
{ "type": "Feature", "properties": { "point_id": 611, "lon": 5.2506656048084599, "lat": 50.987681347173478, "elevation_m": 31.312301635742188, "distance_m": 6100.0105484056467, "distance_km": 6.1000105484056464, "heading_deg": 233.37615626180758, "slope": 0.12682857513548851, "slope_deg": 7.2281508237209895 }, "geometry": { "type": "Point", "coordinates": [ 5.25066560480846, 50.987681347173478 ] } },
{ "type": "Feature", "properties": { "point_id": 612, "lon": 5.2505935088090663, "lat": 50.987647613032173, "elevation_m": 31.312301635742188, "distance_m": 6110.0105484061996, "distance_km": 6.1100105484061995, "heading_deg": 233.37615627008989, "slope": 0.0, "slope_deg": 0.0 }, "geometry": { "type": "Point", "coordinates": [ 5.250593508809066, 50.987647613032173 ] } },
{ "type": "Feature", "properties": { "point_id": 613, "lon": 5.2505214128096727, "lat": 50.987613878866362, "elevation_m": 30.014535903930664, "distance_m": 6120.0105484061041, "distance_km": 6.1200105484061043, "heading_deg": 233.37615627061808, "slope": -0.12977657318239166, "slope_deg": -7.3943231038838269 }, "geometry": { "type": "Point", "coordinates": [ 5.250521412809673, 50.987613878866362 ] } },
{ "type": "Feature", "properties": { "point_id": 614, "lon": 5.250449316810279, "lat": 50.987580144676038, "elevation_m": 30.014535903930664, "distance_m": 6130.0105484060086, "distance_km": 6.130010548406009, "heading_deg": 233.37615626567595, "slope": 0.0, "slope_deg": 0.0 }, "geometry": { "type": "Point", "coordinates": [ 5.250449316810279, 50.987580144676038 ] } },
{ "type": "Feature", "properties": { "point_id": 615, "lon": 5.2503772208108863, "lat": 50.987546410461192, "elevation_m": 30.014535903930664, "distance_m": 6140.0105484059131, "distance_km": 6.1400105484059129, "heading_deg": 233.37615626681918, "slope": 0.0, "slope_deg": 0.0 }, "geometry": { "type": "Point", "coordinates": [ 5.250377220810886, 50.987546410461192 ] } },
{ "type": "Feature", "properties": { "point_id": 616, "lon": 5.2503051248114918, "lat": 50.987512676221833, "elevation_m": 30.014535903930664, "distance_m": 6150.0105484059113, "distance_km": 6.1500105484059109, "heading_deg": 233.37615627192994, "slope": 0.0, "slope_deg": 0.0 }, "geometry": { "type": "Point", "coordinates": [ 5.250305124811492, 50.987512676221833 ] } },
{ "type": "Feature", "properties": { "point_id": 617, "lon": 5.2502330288120991, "lat": 50.98747894195796, "elevation_m": 30.014535903930664, "distance_m": 6160.0105484058158, "distance_km": 6.1600105484058156, "heading_deg": 233.37615625954624, "slope": 0.0, "slope_deg": 0.0 }, "geometry": { "type": "Point", "coordinates": [ 5.250233028812099, 50.98747894195796 ] } },
{ "type": "Feature", "properties": { "point_id": 618, "lon": 5.2501609328127063, "lat": 50.987445207669552, "elevation_m": 30.014535903930664, "distance_m": 6170.0105484057203, "distance_km": 6.1700105484057204, "heading_deg": 233.37615627850641, "slope": 0.0, "slope_deg": 0.0 }, "geometry": { "type": "Point", "coordinates": [ 5.250160932812706, 50.987445207669552 ] } },
{ "type": "Feature", "properties": { "point_id": 619, "lon": 5.2500888368133127, "lat": 50.987411473356651, "elevation_m": 30.172677993774414, "distance_m": 6180.0105484061805, "distance_km": 6.1800105484061802, "heading_deg": 233.376156268719, "slope": 0.015814208983647222, "slope_deg": 0.90601190820433986 }, "geometry": { "type": "Point", "coordinates": [ 5.250088836813313, 50.987411473356651 ] } },
{ "type": "Feature", "properties": { "point_id": 620, "lon": 5.2500167408139191, "lat": 50.987377739019223, "elevation_m": 30.172677993774414, "distance_m": 6190.0105484061787, "distance_km": 6.1900105484061791, "heading_deg": 233.37615625346132, "slope": 0.0, "slope_deg": 0.0 }, "geometry": { "type": "Point", "coordinates": [ 5.250016740813919, 50.987377739019223 ] } },
{ "type": "Feature", "properties": { "point_id": 621, "lon": 5.2499446448145264, "lat": 50.987344004657267, "elevation_m": 28.98175048828125, "distance_m": 6200.0105484060832, "distance_km": 6.200010548406083, "heading_deg": 233.3761562672637, "slope": -0.11909275055045371, "slope_deg": -6.7915242702291714 }, "geometry": { "type": "Point", "coordinates": [ 5.249944644814526, 50.987344004657267 ] } },
{ "type": "Feature", "properties": { "point_id": 622, "lon": 5.2498725488151328, "lat": 50.987310270270811, "elevation_m": 28.98175048828125, "distance_m": 6210.0105484059877, "distance_km": 6.2100105484059878, "heading_deg": 233.37615626236146, "slope": 0.0, "slope_deg": 0.0 }, "geometry": { "type": "Point", "coordinates": [ 5.249872548815133, 50.987310270270811 ] } },
{ "type": "Feature", "properties": { "point_id": 623, "lon": 5.24980045281574, "lat": 50.987276535859834, "elevation_m": 28.767202377319336, "distance_m": 6220.0105484058922, "distance_km": 6.2200105484058925, "heading_deg": 233.37615627069846, "slope": -0.021454811096396294, "slope_deg": -1.2290815634817356 }, "geometry": { "type": "Point", "coordinates": [ 5.24980045281574, 50.987276535859834 ] } },
{ "type": "Feature", "properties": { "point_id": 624, "lon": 5.2497283568163473, "lat": 50.987242801424344, "elevation_m": 28.767202377319336, "distance_m": 6230.0105484057967, "distance_km": 6.2300105484057964, "heading_deg": 232.78506590760747, "slope": 0.0, "slope_deg": 0.0 }, "geometry": { "type": "Point", "coordinates": [ 5.249728356816347, 50.987242801424344 ] } },
{ "type": "Feature", "properties": { "point_id": 625, "lon": 5.2496570855070317, "lat": 50.987208728691037, "elevation_m": 28.767202377319336, "distance_m": 6239.9730857078303, "distance_km": 6.2399730857078302, "heading_deg": 192.8009367743129, "slope": 0.0, "slope_deg": 0.0 }, "geometry": { "type": "Point", "coordinates": [ 5.249657085507032, 50.987208728691037 ] } },
{ "type": "Feature", "properties": { "point_id": 626, "lon": 5.2496371820464676, "lat": 50.987153585728862, "elevation_m": 28.767202377319336, "distance_m": 6249.9730857083887, "distance_km": 6.2499730857083886, "heading_deg": 192.80093677707939, "slope": 0.0, "slope_deg": 0.0 }, "geometry": { "type": "Point", "coordinates": [ 5.249637182046468, 50.987153585728862 ] } },
{ "type": "Feature", "properties": { "point_id": 627, "lon": 5.2496172785859025, "lat": 50.987098442701189, "elevation_m": 28.767202377319336, "distance_m": 6259.9730857080649, "distance_km": 6.2599730857080651, "heading_deg": 192.80093677721527, "slope": 0.0, "slope_deg": 0.0 }, "geometry": { "type": "Point", "coordinates": [ 5.249617278585903, 50.987098442701189 ] } },
{ "type": "Feature", "properties": { "point_id": 628, "lon": 5.2495973751253366, "lat": 50.987043299608004, "elevation_m": 28.453836441040039, "distance_m": 6269.9730857077147, "distance_km": 6.2699730857077149, "heading_deg": 192.80093677543459, "slope": -0.031336593629026958, "slope_deg": -1.7948672038714433 }, "geometry": { "type": "Point", "coordinates": [ 5.249597375125337, 50.987043299608004 ] } },
{ "type": "Feature", "properties": { "point_id": 629, "lon": 5.2495774716647725, "lat": 50.986988156449307, "elevation_m": 28.453836441040039, "distance_m": 6279.9730857082732, "distance_km": 6.2799730857082734, "heading_deg": 192.80093677728561, "slope": 0.0, "slope_deg": 0.0 }, "geometry": { "type": "Point", "coordinates": [ 5.249577471664773, 50.986988156449307 ] } },
{ "type": "Feature", "properties": { "point_id": 630, "lon": 5.2495575682042066, "lat": 50.986933013225105, "elevation_m": 28.453836441040039, "distance_m": 6289.9730857079494, "distance_km": 6.289973085707949, "heading_deg": 192.80093677430838, "slope": 0.0, "slope_deg": 0.0 }, "geometry": { "type": "Point", "coordinates": [ 5.249557568204207, 50.986933013225105 ] } },
{ "type": "Feature", "properties": { "point_id": 631, "lon": 5.2495376647436416, "lat": 50.986877869935391, "elevation_m": 28.453836441040039, "distance_m": 6299.9730857075992, "distance_km": 6.2999730857075988, "heading_deg": 192.80093677446831, "slope": 0.0, "slope_deg": 0.0 }, "geometry": { "type": "Point", "coordinates": [ 5.249537664743642, 50.986877869935391 ] } },
{ "type": "Feature", "properties": { "point_id": 632, "lon": 5.2495177612830775, "lat": 50.986822726580172, "elevation_m": 28.453836441040039, "distance_m": 6309.9730857081577, "distance_km": 6.3099730857081573, "heading_deg": 192.80093677705131, "slope": 0.0, "slope_deg": 0.0 }, "geometry": { "type": "Point", "coordinates": [ 5.249517761283077, 50.986822726580172 ] } },
{ "type": "Feature", "properties": { "point_id": 633, "lon": 5.2494978578225115, "lat": 50.986767583159448, "elevation_m": 28.21550178527832, "distance_m": 6319.9730857078339, "distance_km": 6.3199730857078338, "heading_deg": 192.80093677502558, "slope": -0.023833465576943554, "slope_deg": -1.3652985158464213 }, "geometry": { "type": "Point", "coordinates": [ 5.249497857822512, 50.986767583159448 ] } },
{ "type": "Feature", "properties": { "point_id": 634, "lon": 5.2494779543619474, "lat": 50.986712439673219, "elevation_m": 28.21550178527832, "distance_m": 6329.9730857083923, "distance_km": 6.3299730857083922, "heading_deg": 192.80093263851253, "slope": 0.0, "slope_deg": 0.0 }, "geometry": { "type": "Point", "coordinates": [ 5.249477954361947, 50.986712439673219 ] } },
{ "type": "Feature", "properties": { "point_id": 635, "lon": 5.2494687, "lat": 50.9866868, "elevation_m": 28.21550178527832, "distance_m": 6334.6227102881676, "distance_km": 6.3346227102881674, "heading_deg": 192.80093263851253, "slope": 0.0, "slope_deg": 0.0 }, "geometry": { "type": "Point", "coordinates": [ 5.2494687, 50.9866868 ] } }
]
}
