{
"type": "FeatureCollection",
"name": "zolder_obstacles",
"crs": { "type": "name", "properties": { "name": "urn:ogc:def:crs:OGC:1.3:CRS84" } },
"features": [
{ "type": "Feature", "properties": { "element_type": "way", "osmid": 119239856, "access": null, "addr:housenumber": "30", "addr:street": "Terlaemen", "building": "house", "addr:city": null, "addr:country": null, "addr:postcode": null, "addr:state": null, "name": null, "source": null, "landuse": null, "amenity": null, "beds": null, "contact:website": null, "internet_access": null, "internet_access:fee": null, "rooms": null, "smoking": null, "stars": null, "tourism": null, "wheelchair": null, "denomination": null, "historic": null, "religion": null, "start_date": null, "description": null, "website": null, "changing_table": null, "fee": null, "female": null, "male": null, "operator": null, "toilets:disposal": null, "toilets:position": null, "layer": null, "long_name": null, "year_of_construction": null, "ways": null, "type": null }, "geometry": { "type": "Polygon", "coordinates": [ [ [ 5.2560874, 50.9894989 ], [ 5.25603, 50.9894751 ], [ 5.2560148, 50.9894896 ], [ 5.2558488, 50.9894208 ], [ 5.2558627, 50.9894075 ], [ 5.2558327, 50.9893951 ], [ 5.2559045, 50.9893265 ], [ 5.2559345, 50.9893389 ], [ 5.2559543, 50.9893199 ], [ 5.2561198, 50.9893884 ], [ 5.2561131, 50.9893948 ], [ 5.2561711, 50.9894188 ], [ 5.2560874, 50.9894989 ] ] ] } },
{ "type": "Feature", "properties": { "element_type": "way", "osmid": 119239865, "access": null, "addr:housenumber": "118", "addr:street": "Sterrenwacht", "building": "house", "addr:city": "Heusden-Zolder", "addr:country": "BE", "addr:postcode": "3550", "addr:state": "Limburg", "name": null, "source": null, "landuse": null, "amenity": null, "beds": null, "contact:website": null, "internet_access": null, "internet_access:fee": null, "rooms": null, "smoking": null, "stars": null, "tourism": null, "wheelchair": null, "denomination": null, "historic": null, "religion": null, "start_date": null, "description": null, "website": null, "changing_table": null, "fee": null, "female": null, "male": null, "operator": null, "toilets:disposal": null, "toilets:position": null, "layer": null, "long_name": null, "year_of_construction": null, "ways": null, "type": null }, "geometry": { "type": "Polygon", "coordinates": [ [ [ 5.2603057, 50.9867465 ], [ 5.260228, 50.9868275 ], [ 5.2603287, 50.9868658 ], [ 5.2603203, 50.9868745 ], [ 5.2603825, 50.9868982 ], [ 5.2603931, 50.9868872 ], [ 5.2605231, 50.9869366 ], [ 5.260602, 50.9868545 ], [ 5.2605613, 50.986839 ], [ 5.2605773, 50.9868224 ], [ 5.2604837, 50.9867867 ], [ 5.2604644, 50.9868069 ], [ 5.2603057, 50.9867465 ] ] ] } },
{ "type": "Feature", "properties": { "element_type": "way", "osmid": 161537388, "access": null, "addr:housenumber": null, "addr:street": null, "building": "grandstand", "addr:city": null, "addr:country": null, "addr:postcode": null, "addr:state": null, "name": null, "source": null, "landuse": null, "amenity": null, "beds": null, "contact:website": null, "internet_access": null, "internet_access:fee": null, "rooms": null, "smoking": null, "stars": null, "tourism": null, "wheelchair": null, "denomination": null, "historic": null, "religion": null, "start_date": null, "description": null, "website": null, "changing_table": null, "fee": null, "female": null, "male": null, "operator": null, "toilets:disposal": null, "toilets:position": null, "layer": null, "long_name": null, "year_of_construction": null, "ways": null, "type": null }, "geometry": { "type": "Polygon", "coordinates": [ [ [ 5.2553813, 50.9887418 ], [ 5.256005, 50.9889991 ], [ 5.2561829, 50.9888298 ], [ 5.2555513, 50.9885724 ], [ 5.2555098, 50.9886138 ], [ 5.2553813, 50.9887418 ] ] ] } },
{ "type": "Feature", "properties": { "element_type": "way", "osmid": 161537389, "access": null, "addr:housenumber": "10-16", "addr:street": "Paddock", "building": "yes", "addr:city": null, "addr:country": null, "addr:postcode": null, "addr:state": null, "name": "Business Center", "source": null, "landuse": null, "amenity": null, "beds": null, "contact:website": null, "internet_access": null, "internet_access:fee": null, "rooms": null, "smoking": null, "stars": null, "tourism": null, "wheelchair": null, "denomination": null, "historic": null, "religion": null, "start_date": null, "description": null, "website": null, "changing_table": null, "fee": null, "female": null, "male": null, "operator": null, "toilets:disposal": null, "toilets:position": null, "layer": null, "long_name": null, "year_of_construction": null, "ways": null, "type": null }, "geometry": { "type": "Polygon", "coordinates": [ [ [ 5.256816, 50.9898648 ], [ 5.2571091, 50.9899795 ], [ 5.2572318, 50.9898553 ], [ 5.2571651, 50.9898292 ], [ 5.2571874, 50.9898066 ], [ 5.256961, 50.989718 ], [ 5.256816, 50.9898648 ] ] ] } },
{ "type": "Feature", "properties": { "element_type": "way", "osmid": 161537755, "access": null, "addr:housenumber": null, "addr:street": null, "building": "yes", "addr:city": null, "addr:country": null, "addr:postcode": null, "addr:state": null, "name": "Media Center", "source": null, "landuse": null, "amenity": null, "beds": null, "contact:website": null, "internet_access": null, "internet_access:fee": null, "rooms": null, "smoking": null, "stars": null, "tourism": null, "wheelchair": null, "denomination": null, "historic": null, "religion": null, "start_date": null, "description": null, "website": null, "changing_table": null, "fee": null, "female": null, "male": null, "operator": null, "toilets:disposal": null, "toilets:position": null, "layer": null, "long_name": null, "year_of_construction": null, "ways": null, "type": null }, "geometry": { "type": "Polygon", "coordinates": [ [ [ 5.2529019, 50.9882134 ], [ 5.2522175, 50.9879341 ], [ 5.2523097, 50.9878446 ], [ 5.2529901, 50.9881257 ], [ 5.2529019, 50.9882134 ] ] ] } },
{ "type": "Feature", "properties": { "element_type": "way", "osmid": 198065386, "access": null, "addr:housenumber": "86", "addr:street": "Kerkstraat", "building": "house", "addr:city": "Heusden-Zolder", "addr:country": "BE", "addr:postcode": "3550", "addr:state": null, "name": null, "source": "AGIV Flandres GRB", "landuse": null, "amenity": null, "beds": null, "contact:website": null, "internet_access": null, "internet_access:fee": null, "rooms": null, "smoking": null, "stars": null, "tourism": null, "wheelchair": null, "denomination": null, "historic": null, "religion": null, "start_date": null, "description": null, "website": null, "changing_table": null, "fee": null, "female": null, "male": null, "operator": null, "toilets:disposal": null, "toilets:position": null, "layer": null, "long_name": null, "year_of_construction": null, "ways": null, "type": null }, "geometry": { "type": "Polygon", "coordinates": [ [ [ 5.2537836, 50.9945969 ], [ 5.2538409, 50.9944861 ], [ 5.2538668, 50.9944907 ], [ 5.2538865, 50.994453 ], [ 5.2539854, 50.9944739 ], [ 5.2539425, 50.9945562 ], [ 5.2538798, 50.9945435 ], [ 5.2538446, 50.9946098 ], [ 5.2537836, 50.9945969 ] ] ] } },
{ "type": "Feature", "properties": { "element_type": "way", "osmid": 232208957, "access": null, "addr:housenumber": "103", "addr:street": "Kerkstraat", "building": "house", "addr:city": "Heusden-Zolder", "addr:country": "BE", "addr:postcode": "3550", "addr:state": null, "name": null, "source": "AGIV Flandres GRB", "landuse": null, "amenity": null, "beds": null, "contact:website": null, "internet_access": null, "internet_access:fee": null, "rooms": null, "smoking": null, "stars": null, "tourism": null, "wheelchair": null, "denomination": null, "historic": null, "religion": null, "start_date": null, "description": null, "website": null, "changing_table": null, "fee": null, "female": null, "male": null, "operator": null, "toilets:disposal": null, "toilets:position": null, "layer": null, "long_name": null, "year_of_construction": null, "ways": null, "type": null }, "geometry": { "type": "Polygon", "coordinates": [ [ [ 5.2564759, 50.9944127 ], [ 5.2563686, 50.9945026 ], [ 5.2563673, 50.994503 ], [ 5.2561647, 50.9944063 ], [ 5.2562673, 50.9943207 ], [ 5.2564759, 50.9944127 ] ] ] } },
{ "type": "Feature", "properties": { "element_type": "way", "osmid": 232208958, "access": null, "addr:housenumber": "16", "addr:street": "Jagerspad", "building": "house", "addr:city": "Heusden-Zolder", "addr:country": "BE", "addr:postcode": "3550", "addr:state": "Limburg", "name": null, "source": "AGIV Flandres GRB", "landuse": null, "amenity": null, "beds": null, "contact:website": null, "internet_access": null, "internet_access:fee": null, "rooms": null, "smoking": null, "stars": null, "tourism": null, "wheelchair": null, "denomination": null, "historic": null, "religion": null, "start_date": null, "description": null, "website": null, "changing_table": null, "fee": null, "female": null, "male": null, "operator": null, "toilets:disposal": null, "toilets:position": null, "layer": null, "long_name": null, "year_of_construction": null, "ways": null, "type": null }, "geometry": { "type": "Polygon", "coordinates": [ [ [ 5.2529106, 50.9909743 ], [ 5.2528759, 50.9910191 ], [ 5.2528201, 50.991002 ], [ 5.2528238, 50.9909972 ], [ 5.252732, 50.9909691 ], [ 5.2526781, 50.9910386 ], [ 5.2527904, 50.9910731 ], [ 5.2527784, 50.9910886 ], [ 5.2528114, 50.9910988 ], [ 5.2527863, 50.9911312 ], [ 5.2526234, 50.9910812 ], [ 5.2526408, 50.9910588 ], [ 5.2526089, 50.991049 ], [ 5.2526041, 50.9910553 ], [ 5.2525708, 50.9910451 ], [ 5.2525758, 50.9910386 ], [ 5.2525436, 50.9910287 ], [ 5.2526169, 50.9909339 ], [ 5.2526186, 50.9909318 ], [ 5.2526515, 50.9909419 ], [ 5.2526764, 50.9909098 ], [ 5.2527357, 50.990928 ], [ 5.2527403, 50.9909221 ], [ 5.2529106, 50.9909743 ] ] ] } },
{ "type": "Feature", "properties": { "element_type": "way", "osmid": 232208960, "access": null, "addr:housenumber": "21", "addr:street": "Pastoor Ballingsstraat", "building": "house", "addr:city": "Heusden-Zolder", "addr:country": "BE", "addr:postcode": "3550", "addr:state": "Limburg", "name": null, "source": "AGIV Flandres GRB", "landuse": null, "amenity": null, "beds": null, "contact:website": null, "internet_access": null, "internet_access:fee": null, "rooms": null, "smoking": null, "stars": null, "tourism": null, "wheelchair": null, "denomination": null, "historic": null, "religion": null, "start_date": null, "description": null, "website": null, "changing_table": null, "fee": null, "female": null, "male": null, "operator": null, "toilets:disposal": null, "toilets:position": null, "layer": null, "long_name": null, "year_of_construction": null, "ways": null, "type": null }, "geometry": { "type": "Polygon", "coordinates": [ [ [ 5.2564128, 50.9914811 ], [ 5.2564068, 50.9914726 ], [ 5.2565818, 50.9913966 ], [ 5.2567508, 50.9915562 ], [ 5.2567233, 50.991568 ], [ 5.2567153, 50.9915617 ], [ 5.2565657, 50.9916237 ], [ 5.2564517, 50.9915161 ], [ 5.256433, 50.9915178 ], [ 5.2564115, 50.9915157 ], [ 5.2563974, 50.9915034 ], [ 5.2564014, 50.9914899 ], [ 5.2564128, 50.9914811 ] ] ] } },
{ "type": "Feature", "properties": { "element_type": "way", "osmid": 232208961, "access": null, "addr:housenumber": "14", "addr:street": "Rustplein", "building": "house", "addr:city": "Heusden-Zolder", "addr:country": "BE", "addr:postcode": "3550", "addr:state": "Limburg", "name": null, "source": "AGIV Flandres GRB", "landuse": null, "amenity": null, "beds": null, "contact:website": null, "internet_access": null, "internet_access:fee": null, "rooms": null, "smoking": null, "stars": null, "tourism": null, "wheelchair": null, "denomination": null, "historic": null, "religion": null, "start_date": null, "description": null, "website": null, "changing_table": null, "fee": null, "female": null, "male": null, "operator": null, "toilets:disposal": null, "toilets:position": null, "layer": null, "long_name": null, "year_of_construction": null, "ways": null, "type": null }, "geometry": { "type": "Polygon", "coordinates": [ [ [ 5.2543028, 50.9921171 ], [ 5.2543163, 50.9921227 ], [ 5.2543372, 50.9921027 ], [ 5.2545272, 50.9921816 ], [ 5.2545294, 50.9921825 ], [ 5.2545937, 50.9921211 ], [ 5.2546853, 50.9921591 ], [ 5.2546844, 50.99216 ], [ 5.2545997, 50.9922408 ], [ 5.2545239, 50.9922093 ], [ 5.25452, 50.992213 ], [ 5.2545292, 50.9922168 ], [ 5.254489, 50.9922552 ], [ 5.2544797, 50.9922513 ], [ 5.254471, 50.9922597 ], [ 5.2544165, 50.9922371 ], [ 5.254403, 50.99225 ], [ 5.254401, 50.9922492 ], [ 5.2542361, 50.9921808 ], [ 5.2543028, 50.9921171 ] ] ] } },
{ "type": "Feature", "properties": { "element_type": "way", "osmid": 232208963, "access": null, "addr:housenumber": "22", "addr:street": "Herckenrodestraat", "building": "house", "addr:city": "Heusden-Zolder", "addr:country": "BE", "addr:postcode": "3550", "addr:state": "Limburg", "name": null, "source": "AGIV Flandres GRB", "landuse": null, "amenity": null, "beds": null, "contact:website": null, "internet_access": null, "internet_access:fee": null, "rooms": null, "smoking": null, "stars": null, "tourism": null, "wheelchair": null, "denomination": null, "historic": null, "religion": null, "start_date": null, "description": null, "website": null, "changing_table": null, "fee": null, "female": null, "male": null, "operator": null, "toilets:disposal": null, "toilets:position": null, "layer": null, "long_name": null, "year_of_construction": null, "ways": null, "type": null }, "geometry": { "type": "Polygon", "coordinates": [ [ [ 5.2561238, 50.9916883 ], [ 5.2560073, 50.9915756 ], [ 5.2558239, 50.9916506 ], [ 5.2558893, 50.9917139 ], [ 5.2558908, 50.9917133 ], [ 5.2559007, 50.9917092 ], [ 5.2559532, 50.99176 ], [ 5.2559546, 50.9917594 ], [ 5.2561252, 50.9916896 ], [ 5.2561238, 50.9916883 ] ] ] } },
{ "type": "Feature", "properties": { "element_type": "way", "osmid": 232208964, "access": null, "addr:housenumber": "29", "addr:street": "Sacramentspad", "building": "house", "addr:city": "Heusden-Zolder", "addr:country": "BE", "addr:postcode": "3550", "addr:state": "Limburg", "name": null, "source": "AGIV Flandres GRB", "landuse": null, "amenity": null, "beds": null, "contact:website": null, "internet_access": null, "internet_access:fee": null, "rooms": null, "smoking": null, "stars": null, "tourism": null, "wheelchair": null, "denomination": null, "historic": null, "religion": null, "start_date": null, "description": null, "website": null, "changing_table": null, "fee": null, "female": null, "male": null, "operator": null, "toilets:disposal": null, "toilets:position": null, "layer": null, "long_name": null, "year_of_construction": null, "ways": null, "type": null }, "geometry": { "type": "Polygon", "coordinates": [ [ [ 5.2568393, 50.992698 ], [ 5.2569079, 50.9927679 ], [ 5.2569095, 50.9927673 ], [ 5.2569198, 50.9927633 ], [ 5.2569212, 50.9927648 ], [ 5.2569841, 50.9928289 ], [ 5.256784, 50.9929067 ], [ 5.256716, 50.9928373 ], [ 5.2568307, 50.9927927 ], [ 5.2567658, 50.9927266 ], [ 5.2568393, 50.992698 ] ] ] } },
{ "type": "Feature", "properties": { "element_type": "way", "osmid": 232208965, "access": null, "addr:housenumber": "21", "addr:street": "Sacramentspad", "building": "house", "addr:city": "Heusden-Zolder", "addr:country": "BE", "addr:postcode": "3550", "addr:state": "Limburg", "name": null, "source": "AGIV Flandres GRB", "landuse": null, "amenity": null, "beds": null, "contact:website": null, "internet_access": null, "internet_access:fee": null, "rooms": null, "smoking": null, "stars": null, "tourism": null, "wheelchair": null, "denomination": null, "historic": null, "religion": null, "start_date": null, "description": null, "website": null, "changing_table": null, "fee": null, "female": null, "male": null, "operator": null, "toilets:disposal": null, "toilets:position": null, "layer": null, "long_name": null, "year_of_construction": null, "ways": null, "type": null }, "geometry": { "type": "Polygon", "coordinates": [ [ [ 5.2555418, 50.9930959 ], [ 5.2555928, 50.993014 ], [ 5.2557416, 50.9929823 ], [ 5.2558281, 50.9930157 ], [ 5.2558288, 50.9930165 ], [ 5.2558228, 50.9930271 ], [ 5.2558281, 50.9930355 ], [ 5.2558295, 50.9930364 ], [ 5.2558489, 50.9930326 ], [ 5.2558777, 50.9930891 ], [ 5.2558771, 50.9930908 ], [ 5.2557866, 50.993109 ], [ 5.2557852, 50.9931081 ], [ 5.2557731, 50.9930849 ], [ 5.2557141, 50.9930963 ], [ 5.2556866, 50.9931368 ], [ 5.2555418, 50.9930971 ], [ 5.2555418, 50.9930959 ] ] ] } },
{ "type": "Feature", "properties": { "element_type": "way", "osmid": 232208967, "access": null, "addr:housenumber": "30", "addr:street": "Sacramentspad", "building": "house", "addr:city": "Heusden-Zolder", "addr:country": "BE", "addr:postcode": "3550", "addr:state": "Limburg", "name": null, "source": "AGIV Flandres GRB", "landuse": null, "amenity": null, "beds": null, "contact:website": null, "internet_access": null, "internet_access:fee": null, "rooms": null, "smoking": null, "stars": null, "tourism": null, "wheelchair": null, "denomination": null, "historic": null, "religion": null, "start_date": null, "description": null, "website": null, "changing_table": null, "fee": null, "female": null, "male": null, "operator": null, "toilets:disposal": null, "toilets:position": null, "layer": null, "long_name": null, "year_of_construction": null, "ways": null, "type": null }, "geometry": { "type": "Polygon", "coordinates": [ [ [ 5.2566619, 50.9933821 ], [ 5.2566611, 50.9933808 ], [ 5.2568405, 50.9933407 ], [ 5.2568221, 50.993308 ], [ 5.2568755, 50.9932961 ], [ 5.2568991, 50.9933379 ], [ 5.2569227, 50.9933327 ], [ 5.256924, 50.9933351 ], [ 5.2569373, 50.9933322 ], [ 5.2569817, 50.9934108 ], [ 5.2569684, 50.9934138 ], [ 5.2569771, 50.9934291 ], [ 5.2569123, 50.9934436 ], [ 5.2568803, 50.9933869 ], [ 5.2568792, 50.9933871 ], [ 5.2568687, 50.9933895 ], [ 5.2568828, 50.9934146 ], [ 5.2567029, 50.9934548 ], [ 5.2566619, 50.9933821 ] ] ] } },
{ "type": "Feature", "properties": { "element_type": "way", "osmid": 232208968, "access": null, "addr:housenumber": "20", "addr:street": "Herckenrodestraat", "building": "house", "addr:city": "Heusden-Zolder", "addr:country": "BE", "addr:postcode": "3550", "addr:state": "Limburg", "name": null, "source": "AGIV Flandres GRB", "landuse": null, "amenity": null, "beds": null, "contact:website": null, "internet_access": null, "internet_access:fee": null, "rooms": null, "smoking": null, "stars": null, "tourism": null, "wheelchair": null, "denomination": null, "historic": null, "religion": null, "start_date": null, "description": null, "website": null, "changing_table": null, "fee": null, "female": null, "male": null, "operator": null, "toilets:disposal": null, "toilets:position": null, "layer": null, "long_name": null, "year_of_construction": null, "ways": null, "type": null }, "geometry": { "type": "Polygon", "coordinates": [ [ [ 5.256279, 50.9920537 ], [ 5.2563348, 50.9920087 ], [ 5.2563201, 50.9920014 ], [ 5.2563551, 50.9919732 ], [ 5.2563824, 50.9919867 ], [ 5.2564222, 50.9919546 ], [ 5.2564887, 50.9919874 ], [ 5.2564778, 50.9919962 ], [ 5.2565225, 50.9920181 ], [ 5.2564143, 50.9921052 ], [ 5.2563655, 50.9920812 ], [ 5.2563539, 50.9920905 ], [ 5.256279, 50.9920537 ] ] ] } },
{ "type": "Feature", "properties": { "element_type": "way", "osmid": 232208969, "access": null, "addr:housenumber": "97", "addr:street": "Kerkstraat", "building": "house", "addr:city": "Heusden-Zolder", "addr:country": "BE", "addr:postcode": "3550", "addr:state": null, "name": null, "source": "AGIV Flandres GRB", "landuse": null, "amenity": null, "beds": null, "contact:website": null, "internet_access": null, "internet_access:fee": null, "rooms": null, "smoking": null, "stars": null, "tourism": null, "wheelchair": null, "denomination": null, "historic": null, "religion": null, "start_date": null, "description": null, "website": null, "changing_table": null, "fee": null, "female": null, "male": null, "operator": null, "toilets:disposal": null, "toilets:position": null, "layer": null, "long_name": null, "year_of_construction": null, "ways": null, "type": null }, "geometry": { "type": "Polygon", "coordinates": [ [ [ 5.2550529, 50.9940708 ], [ 5.2551095, 50.9940831 ], [ 5.2550609, 50.9941722 ], [ 5.2551236, 50.9941858 ], [ 5.2551427, 50.9941506 ], [ 5.2552382, 50.9941712 ], [ 5.2552542, 50.9941418 ], [ 5.2552608, 50.9941433 ], [ 5.2552909, 50.9940882 ], [ 5.255355, 50.994102 ], [ 5.2553616, 50.9940898 ], [ 5.2554124, 50.9941008 ], [ 5.2554056, 50.9941132 ], [ 5.2554399, 50.9941206 ], [ 5.2554058, 50.9941832 ], [ 5.2552959, 50.9941595 ], [ 5.2552383, 50.9942651 ], [ 5.2552377, 50.9942662 ], [ 5.2552118, 50.9942606 ], [ 5.255193, 50.994295 ], [ 5.2549911, 50.9942514 ], [ 5.2550309, 50.9941783 ], [ 5.2549982, 50.9941712 ], [ 5.2550529, 50.9940708 ] ] ] } },
{ "type": "Feature", "properties": { "element_type": "way", "osmid": 232208970, "access": null, "addr:housenumber": "83", "addr:street": "Kerkstraat", "building": "house", "addr:city": "Heusden-Zolder", "addr:country": "BE", "addr:postcode": "3550", "addr:state": null, "name": null, "source": "AGIV Flandres GRB", "landuse": null, "amenity": null, "beds": null, "contact:website": null, "internet_access": null, "internet_access:fee": null, "rooms": null, "smoking": null, "stars": null, "tourism": null, "wheelchair": null, "denomination": null, "historic": null, "religion": null, "start_date": null, "description": null, "website": null, "changing_table": null, "fee": null, "female": null, "male": null, "operator": null, "toilets:disposal": null, "toilets:position": null, "layer": null, "long_name": null, "year_of_construction": null, "ways": null, "type": null }, "geometry": { "type": "Polygon", "coordinates": [ [ [ 5.2542242, 50.9940311 ], [ 5.2541377, 50.993875 ], [ 5.254133, 50.9938737 ], [ 5.2540103, 50.993902 ], [ 5.2540968, 50.9940577 ], [ 5.2540994, 50.9940594 ], [ 5.2542108, 50.9940354 ], [ 5.2542242, 50.9940311 ] ] ] } },
{ "type": "Feature", "properties": { "element_type": "way", "osmid": 232208971, "access": null, "addr:housenumber": "25", "addr:street": "Sacramentspad", "building": "house", "addr:city": "Heusden-Zolder", "addr:country": "BE", "addr:postcode": "3550", "addr:state": "Limburg", "name": null, "source": "AGIV Flandres GRB", "landuse": null, "amenity": null, "beds": null, "contact:website": null, "internet_access": null, "internet_access:fee": null, "rooms": null, "smoking": null, "stars": null, "tourism": null, "wheelchair": null, "denomination": null, "historic": null, "religion": null, "start_date": null, "description": null, "website": null, "changing_table": null, "fee": null, "female": null, "male": null, "operator": null, "toilets:disposal": null, "toilets:position": null, "layer": null, "long_name": null, "year_of_construction": null, "ways": null, "type": null }, "geometry": { "type": "Polygon", "coordinates": [ [ [ 5.2560709, 50.9928566 ], [ 5.256087, 50.9928241 ], [ 5.256089, 50.9928228 ], [ 5.2561419, 50.9928317 ], [ 5.2561782, 50.9928667 ], [ 5.2562848, 50.9928245 ], [ 5.2562854, 50.9928241 ], [ 5.2562244, 50.9927624 ], [ 5.2562935, 50.9927342 ], [ 5.2562962, 50.992735 ], [ 5.2564082, 50.9928456 ], [ 5.2564075, 50.992846 ], [ 5.2563941, 50.9928523 ], [ 5.2564356, 50.9928929 ], [ 5.2562216, 50.9929839 ], [ 5.2561755, 50.9929401 ], [ 5.2561614, 50.9929452 ], [ 5.2560709, 50.9928566 ] ] ] } },
{ "type": "Feature", "properties": { "element_type": "way", "osmid": 232208972, "access": null, "addr:housenumber": "3", "addr:street": "Sacramentspad", "building": "house", "addr:city": "Heusden-Zolder", "addr:country": "BE", "addr:postcode": "3550", "addr:state": "Limburg", "name": null, "source": "AGIV Flandres GRB", "landuse": null, "amenity": null, "beds": null, "contact:website": null, "internet_access": null, "internet_access:fee": null, "rooms": null, "smoking": null, "stars": null, "tourism": null, "wheelchair": null, "denomination": null, "historic": null, "religion": null, "start_date": null, "description": null, "website": null, "changing_table": null, "fee": null, "female": null, "male": null, "operator": null, "toilets:disposal": null, "toilets:position": null, "layer": null, "long_name": null, "year_of_construction": null, "ways": null, "type": null }, "geometry": { "type": "Polygon", "coordinates": [ [ [ 5.253849, 50.9934906 ], [ 5.2539008, 50.9934735 ], [ 5.2539002, 50.9934728 ], [ 5.2538384, 50.9933988 ], [ 5.253912, 50.9933745 ], [ 5.2539345, 50.9934014 ], [ 5.2539939, 50.9933817 ], [ 5.2540858, 50.9934918 ], [ 5.2540533, 50.9935025 ], [ 5.253996, 50.9935215 ], [ 5.2539755, 50.993497 ], [ 5.2539742, 50.9934974 ], [ 5.2539384, 50.9935093 ], [ 5.2539588, 50.9935337 ], [ 5.253901, 50.9935529 ], [ 5.253849, 50.9934906 ] ] ] } },
{ "type": "Feature", "properties": { "element_type": "way", "osmid": 232208973, "access": null, "addr:housenumber": "11", "addr:street": "Rustplein", "building": "house", "addr:city": "Heusden-Zolder", "addr:country": "BE", "addr:postcode": "3550", "addr:state": "Limburg", "name": null, "source": "AGIV Flandres GRB", "landuse": null, "amenity": null, "beds": null, "contact:website": null, "internet_access": null, "internet_access:fee": null, "rooms": null, "smoking": null, "stars": null, "tourism": null, "wheelchair": null, "denomination": null, "historic": null, "religion": null, "start_date": null, "description": null, "website": null, "changing_table": null, "fee": null, "female": null, "male": null, "operator": null, "toilets:disposal": null, "toilets:position": null, "layer": null, "long_name": null, "year_of_construction": null, "ways": null, "type": null }, "geometry": { "type": "Polygon", "coordinates": [ [ [ 5.2540109, 50.9928565 ], [ 5.2539634, 50.9928092 ], [ 5.2540101, 50.9927906 ], [ 5.2540107, 50.9927912 ], [ 5.2540114, 50.9927909 ], [ 5.2539956, 50.9927752 ], [ 5.2540593, 50.9927498 ], [ 5.2540585, 50.992749 ], [ 5.2540492, 50.9927397 ], [ 5.2540865, 50.9927249 ], [ 5.254052, 50.9926906 ], [ 5.2541582, 50.9926483 ], [ 5.2542108, 50.9927006 ], [ 5.2542174, 50.992698 ], [ 5.25422, 50.9927005 ], [ 5.2542164, 50.992702 ], [ 5.2542683, 50.9927537 ], [ 5.254232, 50.9927681 ], [ 5.2542367, 50.9927729 ], [ 5.254157, 50.9928046 ], [ 5.2541524, 50.9928001 ], [ 5.2540109, 50.9928565 ] ] ] } },
{ "type": "Feature", "properties": { "element_type": "way", "osmid": 232208974, "access": null, "addr:housenumber": "8", "addr:street": "Rustplein", "building": "house", "addr:city": "Heusden-Zolder", "addr:country": "BE", "addr:postcode": "3550", "addr:state": "Limburg", "name": null, "source": "AGIV Flandres GRB", "landuse": null, "amenity": null, "beds": null, "contact:website": null, "internet_access": null, "internet_access:fee": null, "rooms": null, "smoking": null, "stars": null, "tourism": null, "wheelchair": null, "denomination": null, "historic": null, "religion": null, "start_date": null, "description": null, "website": null, "changing_table": null, "fee": null, "female": null, "male": null, "operator": null, "toilets:disposal": null, "toilets:position": null, "layer": null, "long_name": null, "year_of_construction": null, "ways": null, "type": null }, "geometry": { "type": "Polygon", "coordinates": [ [ [ 5.2550657, 50.9927297 ], [ 5.255064, 50.9927279 ], [ 5.2551611, 50.9926913 ], [ 5.2551712, 50.9927019 ], [ 5.2551722, 50.9927015 ], [ 5.2552386, 50.9926764 ], [ 5.255275, 50.9927145 ], [ 5.2552442, 50.9927261 ], [ 5.2552638, 50.9927466 ], [ 5.2553151, 50.9927272 ], [ 5.2553777, 50.9927931 ], [ 5.2553383, 50.9928079 ], [ 5.2553414, 50.9928112 ], [ 5.2551769, 50.9928734 ], [ 5.255118, 50.9928117 ], [ 5.2551634, 50.9927946 ], [ 5.2551381, 50.992768 ], [ 5.2551118, 50.992778 ], [ 5.2550657, 50.9927297 ] ] ] } },
{ "type": "Feature", "properties": { "element_type": "way", "osmid": 232208975, "access": null, "addr:housenumber": "32", "addr:street": "Sacramentspad", "building": "house", "addr:city": "Heusden-Zolder", "addr:country": "BE", "addr:postcode": "3550", "addr:state": "Limburg", "name": null, "source": "AGIV Flandres GRB", "landuse": null, "amenity": null, "beds": null, "contact:website": null, "internet_access": null, "internet_access:fee": null, "rooms": null, "smoking": null, "stars": null, "tourism": null, "wheelchair": null, "denomination": null, "historic": null, "religion": null, "start_date": null, "description": null, "website": null, "changing_table": null, "fee": null, "female": null, "male": null, "operator": null, "toilets:disposal": null, "toilets:position": null, "layer": null, "long_name": null, "year_of_construction": null, "ways": null, "type": null }, "geometry": { "type": "Polygon", "coordinates": [ [ [ 5.2571807, 50.9933034 ], [ 5.2573171, 50.9932346 ], [ 5.2574066, 50.9933067 ], [ 5.2574329, 50.9932937 ], [ 5.2574839, 50.9933338 ], [ 5.2573224, 50.9934152 ], [ 5.2572893, 50.9933891 ], [ 5.2572601, 50.9934038 ], [ 5.2572212, 50.9933733 ], [ 5.2572507, 50.9933584 ], [ 5.2571807, 50.9933034 ] ] ] } },
{ "type": "Feature", "properties": { "element_type": "way", "osmid": 232208978, "access": null, "addr:housenumber": "21", "addr:street": "Herckenrodestraat", "building": "house", "addr:city": "Heusden-Zolder", "addr:country": "BE", "addr:postcode": "3550", "addr:state": "Limburg", "name": null, "source": "AGIV Flandres GRB", "landuse": null, "amenity": null, "beds": null, "contact:website": null, "internet_access": null, "internet_access:fee": null, "rooms": null, "smoking": null, "stars": null, "tourism": null, "wheelchair": null, "denomination": null, "historic": null, "religion": null, "start_date": null, "description": null, "website": null, "changing_table": null, "fee": null, "female": null, "male": null, "operator": null, "toilets:disposal": null, "toilets:position": null, "layer": null, "long_name": null, "year_of_construction": null, "ways": null, "type": null }, "geometry": { "type": "Polygon", "coordinates": [ [ [ 5.2554128, 50.992305 ], [ 5.2553765, 50.9922881 ], [ 5.2553867, 50.9922794 ], [ 5.2553505, 50.9922626 ], [ 5.2554114, 50.9922108 ], [ 5.2552883, 50.9921536 ], [ 5.2553259, 50.9921216 ], [ 5.2553214, 50.9921195 ], [ 5.2553936, 50.9920581 ], [ 5.2555336, 50.9921232 ], [ 5.2554563, 50.992189 ], [ 5.2555473, 50.9922314 ], [ 5.2554695, 50.9922976 ], [ 5.2554384, 50.9922831 ], [ 5.2554128, 50.992305 ] ] ] } },
{ "type": "Feature", "properties": { "element_type": "way", "osmid": 232208979, "access": null, "addr:housenumber": "87", "addr:street": "Kerkstraat", "building": "house", "addr:city": "Heusden-Zolder", "addr:country": "BE", "addr:postcode": "3550", "addr:state": null, "name": null, "source": "AGIV Flandres GRB", "landuse": null, "amenity": null, "beds": null, "contact:website": null, "internet_access": null, "internet_access:fee": null, "rooms": null, "smoking": null, "stars": null, "tourism": null, "wheelchair": null, "denomination": null, "historic": null, "religion": null, "start_date": null, "description": null, "website": null, "changing_table": null, "fee": null, "female": null, "male": null, "operator": null, "toilets:disposal": null, "toilets:position": null, "layer": null, "long_name": null, "year_of_construction": null, "ways": null, "type": null }, "geometry": { "type": "Polygon", "coordinates": [ [ [ 5.2544377, 50.9941472 ], [ 5.2544912, 50.9940573 ], [ 5.2545125, 50.9940624 ], [ 5.2545364, 50.9940224 ], [ 5.2546014, 50.9940378 ], [ 5.2546162, 50.9940129 ], [ 5.2547273, 50.9940392 ], [ 5.2547333, 50.9940291 ], [ 5.2547702, 50.9940378 ], [ 5.2547395, 50.9940893 ], [ 5.2546843, 50.9940763 ], [ 5.2546518, 50.9941309 ], [ 5.2546383, 50.9941277 ], [ 5.2545955, 50.9941996 ], [ 5.2545064, 50.9941786 ], [ 5.2545142, 50.9941653 ], [ 5.2544377, 50.9941472 ] ] ] } },
{ "type": "Feature", "properties": { "element_type": "way", "osmid": 232208980, "access": null, "addr:housenumber": "7", "addr:street": "Rustplein", "building": "house", "addr:city": "Heusden-Zolder", "addr:country": "BE", "addr:postcode": "3550", "addr:state": "Limburg", "name": null, "source": null, "landuse": null, "amenity": null, "beds": null, "contact:website": null, "internet_access": null, "internet_access:fee": null, "rooms": null, "smoking": null, "stars": null, "tourism": null, "wheelchair": null, "denomination": null, "historic": null, "religion": null, "start_date": null, "description": null, "website": null, "changing_table": null, "fee": null, "female": null, "male": null, "operator": null, "toilets:disposal": null, "toilets:position": null, "layer": null, "long_name": null, "year_of_construction": null, "ways": null, "type": null }, "geometry": { "type": "Polygon", "coordinates": [ [ [ 5.2545024, 50.9929426 ], [ 5.254372, 50.9929931 ], [ 5.2544257, 50.9930479 ], [ 5.2543519, 50.9930765 ], [ 5.2544151, 50.9931378 ], [ 5.2546193, 50.993062 ], [ 5.2545024, 50.9929426 ] ] ] } },
{ "type": "Feature", "properties": { "element_type": "way", "osmid": 232208981, "access": null, "addr:housenumber": "101", "addr:street": "Kerkstraat", "building": "house", "addr:city": "Heusden-Zolder", "addr:country": "BE", "addr:postcode": "3550", "addr:state": null, "name": null, "source": "AGIV Flandres GRB", "landuse": null, "amenity": null, "beds": null, "contact:website": null, "internet_access": null, "internet_access:fee": null, "rooms": null, "smoking": null, "stars": null, "tourism": null, "wheelchair": null, "denomination": null, "historic": null, "religion": null, "start_date": null, "description": null, "website": null, "changing_table": null, "fee": null, "female": null, "male": null, "operator": null, "toilets:disposal": null, "toilets:position": null, "layer": null, "long_name": null, "year_of_construction": null, "ways": null, "type": null }, "geometry": { "type": "Polygon", "coordinates": [ [ [ 5.2558623, 50.9942156 ], [ 5.2559327, 50.9941442 ], [ 5.255983, 50.9941637 ], [ 5.2559944, 50.9941535 ], [ 5.2560662, 50.9941818 ], [ 5.2559837, 50.9942637 ], [ 5.2558623, 50.9942156 ] ] ] } },
{ "type": "Feature", "properties": { "element_type": "way", "osmid": 232208983, "access": null, "addr:housenumber": "14", "addr:street": "Sacramentspad", "building": "house", "addr:city": "Heusden-Zolder", "addr:country": "BE", "addr:postcode": "3550", "addr:state": "Limburg", "name": null, "source": "AGIV Flandres GRB", "landuse": null, "amenity": null, "beds": null, "contact:website": null, "internet_access": null, "internet_access:fee": null, "rooms": null, "smoking": null, "stars": null, "tourism": null, "wheelchair": null, "denomination": null, "historic": null, "religion": null, "start_date": null, "description": null, "website": null, "changing_table": null, "fee": null, "female": null, "male": null, "operator": null, "toilets:disposal": null, "toilets:position": null, "layer": null, "long_name": null, "year_of_construction": null, "ways": null, "type": null }, "geometry": { "type": "Polygon", "coordinates": [ [ [ 5.2549321, 50.9937891 ], [ 5.254936, 50.9937881 ], [ 5.2550063, 50.9937689 ], [ 5.2550075, 50.9937686 ], [ 5.2550014, 50.9937597 ], [ 5.2550024, 50.9937594 ], [ 5.2550952, 50.9937341 ], [ 5.2550752, 50.993705 ], [ 5.2551602, 50.9936818 ], [ 5.2551633, 50.993681 ], [ 5.2552112, 50.9937505 ], [ 5.2552143, 50.9937496 ], [ 5.2552533, 50.993739 ], [ 5.2552871, 50.993788 ], [ 5.255288, 50.9937894 ], [ 5.2550624, 50.9938509 ], [ 5.25506, 50.9938516 ], [ 5.2550566, 50.9938467 ], [ 5.2549851, 50.9938661 ], [ 5.254984, 50.9938645 ], [ 5.2549321, 50.9937891 ] ] ] } },
{ "type": "Feature", "properties": { "element_type": "way", "osmid": 232208984, "access": null, "addr:housenumber": "37", "addr:street": "Herckenrodestraat", "building": "house", "addr:city": "Heusden-Zolder", "addr:country": "BE", "addr:postcode": "3550", "addr:state": "Limburg", "name": null, "source": "AGIV Flandres GRB", "landuse": null, "amenity": null, "beds": null, "contact:website": null, "internet_access": null, "internet_access:fee": null, "rooms": null, "smoking": null, "stars": null, "tourism": null, "wheelchair": null, "denomination": null, "historic": null, "religion": null, "start_date": null, "description": null, "website": null, "changing_table": null, "fee": null, "female": null, "male": null, "operator": null, "toilets:disposal": null, "toilets:position": null, "layer": null, "long_name": null, "year_of_construction": null, "ways": null, "type": null }, "geometry": { "type": "Polygon", "coordinates": [ [ [ 5.2543705, 50.9913563 ], [ 5.2544853, 50.9912438 ], [ 5.2544199, 50.9912173 ], [ 5.2543973, 50.9912394 ], [ 5.2543165, 50.9912067 ], [ 5.2543062, 50.9912168 ], [ 5.2542756, 50.9912044 ], [ 5.2542536, 50.991226 ], [ 5.2542733, 50.991234 ], [ 5.2542418, 50.9912648 ], [ 5.2543351, 50.9913025 ], [ 5.2543066, 50.9913304 ], [ 5.2543705, 50.9913563 ] ] ] } },
{ "type": "Feature", "properties": { "element_type": "way", "osmid": 232208985, "access": null, "addr:housenumber": "1", "addr:street": "Sacramentspad", "building": "house", "addr:city": "Heusden-Zolder", "addr:country": "BE", "addr:postcode": "3550", "addr:state": "Limburg", "name": null, "source": null, "landuse": null, "amenity": null, "beds": null, "contact:website": null, "internet_access": null, "internet_access:fee": null, "rooms": null, "smoking": null, "stars": null, "tourism": null, "wheelchair": null, "denomination": null, "historic": null, "religion": null, "start_date": null, "description": null, "website": null, "changing_table": null, "fee": null, "female": null, "male": null, "operator": null, "toilets:disposal": null, "toilets:position": null, "layer": null, "long_name": null, "year_of_construction": null, "ways": null, "type": null }, "geometry": { "type": "Polygon", "coordinates": [ [ [ 5.2535025, 50.9935126 ], [ 5.2533152, 50.993557 ], [ 5.2533353, 50.9935905 ], [ 5.2533007, 50.9935987 ], [ 5.2533537, 50.9936873 ], [ 5.2535203, 50.9936478 ], [ 5.2535044, 50.9936213 ], [ 5.2535598, 50.9936082 ], [ 5.2535025, 50.9935126 ] ] ] } },
{ "type": "Feature", "properties": { "element_type": "way", "osmid": 232208986, "access": null, "addr:housenumber": "12", "addr:street": "Rustplein", "building": "house", "addr:city": "Heusden-Zolder", "addr:country": "BE", "addr:postcode": "3550", "addr:state": "Limburg", "name": null, "source": "AGIV Flandres GRB", "landuse": null, "amenity": null, "beds": null, "contact:website": null, "internet_access": null, "internet_access:fee": null, "rooms": null, "smoking": null, "stars": null, "tourism": null, "wheelchair": null, "denomination": null, "historic": null, "religion": null, "start_date": null, "description": null, "website": null, "changing_table": null, "fee": null, "female": null, "male": null, "operator": null, "toilets:disposal": null, "toilets:position": null, "layer": null, "long_name": null, "year_of_construction": null, "ways": null, "type": null }, "geometry": { "type": "Polygon", "coordinates": [ [ [ 5.2549716, 50.9923271 ], [ 5.2551258, 50.9924851 ], [ 5.2549597, 50.9925493 ], [ 5.2548723, 50.9924596 ], [ 5.2548698, 50.9924606 ], [ 5.2548562, 50.9924658 ], [ 5.2547895, 50.9923974 ], [ 5.2549716, 50.9923271 ] ] ] } },
{ "type": "Feature", "properties": { "element_type": "way", "osmid": 232208987, "access": null, "addr:housenumber": "17", "addr:street": "Herckenrodestraat", "building": "house", "addr:city": "Heusden-Zolder", "addr:country": "BE", "addr:postcode": "3550", "addr:state": "Limburg", "name": null, "source": "AGIV Flandres GRB", "landuse": null, "amenity": null, "beds": null, "contact:website": null, "internet_access": null, "internet_access:fee": null, "rooms": null, "smoking": null, "stars": null, "tourism": null, "wheelchair": null, "denomination": null, "historic": null, "religion": null, "start_date": null, "description": null, "website": null, "changing_table": null, "fee": null, "female": null, "male": null, "operator": null, "toilets:disposal": null, "toilets:position": null, "layer": null, "long_name": null, "year_of_construction": null, "ways": null, "type": null }, "geometry": { "type": "Polygon", "coordinates": [ [ [ 5.2557313, 50.9923681 ], [ 5.2558488, 50.992274 ], [ 5.2559553, 50.9923267 ], [ 5.2559667, 50.9923176 ], [ 5.2560261, 50.992347 ], [ 5.2560129, 50.9923576 ], [ 5.2559294, 50.9924245 ], [ 5.255846, 50.9923832 ], [ 5.2558447, 50.9923826 ], [ 5.2558127, 50.9924083 ], [ 5.2557313, 50.9923681 ] ] ] } },
{ "type": "Feature", "properties": { "element_type": "way", "osmid": 232208988, "access": null, "addr:housenumber": "51", "addr:street": "Herckenrodestraat", "building": "house", "addr:city": "Heusden-Zolder", "addr:country": "BE", "addr:postcode": "3550", "addr:state": "Limburg", "name": null, "source": "AGIV Flandres GRB", "landuse": null, "amenity": null, "beds": null, "contact:website": null, "internet_access": null, "internet_access:fee": null, "rooms": null, "smoking": null, "stars": null, "tourism": null, "wheelchair": null, "denomination": null, "historic": null, "religion": null, "start_date": null, "description": null, "website": null, "changing_table": null, "fee": null, "female": null, "male": null, "operator": null, "toilets:disposal": null, "toilets:position": null, "layer": null, "long_name": null, "year_of_construction": null, "ways": null, "type": null }, "geometry": { "type": "Polygon", "coordinates": [ [ [ 5.2529615, 50.9906888 ], [ 5.2529173, 50.9906724 ], [ 5.2529575, 50.9906276 ], [ 5.2530722, 50.9906669 ], [ 5.2530869, 50.9906513 ], [ 5.2532478, 50.9907091 ], [ 5.253213, 50.9907475 ], [ 5.2531224, 50.9907163 ], [ 5.2530313, 50.9908171 ], [ 5.2528924, 50.9907686 ], [ 5.2529615, 50.9906888 ] ] ] } },
{ "type": "Feature", "properties": { "element_type": "way", "osmid": 232208989, "access": null, "addr:housenumber": "25", "addr:street": "Pastoor Ballingsstraat", "building": "house", "addr:city": "Heusden-Zolder", "addr:country": "BE", "addr:postcode": "3550", "addr:state": "Limburg", "name": null, "source": "AGIV Flandres GRB", "landuse": null, "amenity": null, "beds": null, "contact:website": null, "internet_access": null, "internet_access:fee": null, "rooms": null, "smoking": null, "stars": null, "tourism": null, "wheelchair": null, "denomination": null, "historic": null, "religion": null, "start_date": null, "description": null, "website": null, "changing_table": null, "fee": null, "female": null, "male": null, "operator": null, "toilets:disposal": null, "toilets:position": null, "layer": null, "long_name": null, "year_of_construction": null, "ways": null, "type": null }, "geometry": { "type": "Polygon", "coordinates": [ [ [ 5.2559904, 50.9910391 ], [ 5.2561285, 50.9909839 ], [ 5.2562036, 50.9910569 ], [ 5.2562184, 50.9910518 ], [ 5.2562787, 50.9911117 ], [ 5.2561579, 50.9911607 ], [ 5.256087, 50.9910932 ], [ 5.2560575, 50.9911037 ], [ 5.2559904, 50.9910391 ] ] ] } },
{ "type": "Feature", "properties": { "element_type": "way", "osmid": 232208991, "access": null, "addr:housenumber": "25", "addr:street": "Herckenrodestraat", "building": "house", "addr:city": "Heusden-Zolder", "addr:country": "BE", "addr:postcode": "3550", "addr:state": "Limburg", "name": null, "source": "AGIV Flandres GRB", "landuse": null, "amenity": null, "beds": null, "contact:website": null, "internet_access": null, "internet_access:fee": null, "rooms": null, "smoking": null, "stars": null, "tourism": null, "wheelchair": null, "denomination": null, "historic": null, "religion": null, "start_date": null, "description": null, "website": null, "changing_table": null, "fee": null, "female": null, "male": null, "operator": null, "toilets:disposal": null, "toilets:position": null, "layer": null, "long_name": null, "year_of_construction": null, "ways": null, "type": null }, "geometry": { "type": "Polygon", "coordinates": [ [ [ 5.2549638, 50.9915798 ], [ 5.255063, 50.9916761 ], [ 5.255169, 50.9916343 ], [ 5.2552219, 50.9916858 ], [ 5.2552213, 50.991687 ], [ 5.2549919, 50.9917799 ], [ 5.2548384, 50.9916309 ], [ 5.2549638, 50.9915798 ] ] ] } },
{ "type": "Feature", "properties": { "element_type": "way", "osmid": 232208992, "access": null, "addr:housenumber": "16", "addr:street": "Sacramentspad", "building": "house", "addr:city": "Heusden-Zolder", "addr:country": "BE", "addr:postcode": "3550", "addr:state": "Limburg", "name": null, "source": "AGIV Flandres GRB", "landuse": null, "amenity": null, "beds": null, "contact:website": null, "internet_access": null, "internet_access:fee": null, "rooms": null, "smoking": null, "stars": null, "tourism": null, "wheelchair": null, "denomination": null, "historic": null, "religion": null, "start_date": null, "description": null, "website": null, "changing_table": null, "fee": null, "female": null, "male": null, "operator": null, "toilets:disposal": null, "toilets:position": null, "layer": null, "long_name": null, "year_of_construction": null, "ways": null, "type": null }, "geometry": { "type": "Polygon", "coordinates": [ [ [ 5.2555485, 50.9936206 ], [ 5.2557487, 50.9935711 ], [ 5.2557665, 50.9935995 ], [ 5.255832, 50.9935833 ], [ 5.2558597, 50.9936276 ], [ 5.2557939, 50.9936439 ], [ 5.255798, 50.9936504 ], [ 5.2556783, 50.99368 ], [ 5.2556861, 50.9936925 ], [ 5.255711, 50.9936863 ], [ 5.2557388, 50.9937308 ], [ 5.2556336, 50.9937568 ], [ 5.2556331, 50.9937562 ], [ 5.2555485, 50.9936206 ] ] ] } },
{ "type": "Feature", "properties": { "element_type": "way", "osmid": 232208994, "access": null, "addr:housenumber": "18", "addr:street": "Doelenlaan", "building": "house", "addr:city": "Heusden-Zolder", "addr:country": "BE", "addr:postcode": "3550", "addr:state": null, "name": null, "source": "AGIV Flandres GRB", "landuse": null, "amenity": null, "beds": null, "contact:website": null, "internet_access": null, "internet_access:fee": null, "rooms": null, "smoking": null, "stars": null, "tourism": null, "wheelchair": null, "denomination": null, "historic": null, "religion": null, "start_date": null, "description": null, "website": null, "changing_table": null, "fee": null, "female": null, "male": null, "operator": null, "toilets:disposal": null, "toilets:position": null, "layer": null, "long_name": null, "year_of_construction": null, "ways": null, "type": null }, "geometry": { "type": "Polygon", "coordinates": [ [ [ 5.2531813, 50.9930914 ], [ 5.2532234, 50.9930507 ], [ 5.2531605, 50.9930249 ], [ 5.2532078, 50.992979 ], [ 5.2533016, 50.9930174 ], [ 5.2533069, 50.9930122 ], [ 5.2534134, 50.9930557 ], [ 5.2535152, 50.9929569 ], [ 5.2535257, 50.9929612 ], [ 5.2535323, 50.9929547 ], [ 5.2536451, 50.9930008 ], [ 5.2536462, 50.9930013 ], [ 5.2534434, 50.993198 ], [ 5.253288, 50.9931345 ], [ 5.2532633, 50.9931585 ], [ 5.2531807, 50.9931248 ], [ 5.2532051, 50.9931011 ], [ 5.2531813, 50.9930914 ] ] ] } },
{ "type": "Feature", "properties": { "element_type": "way", "osmid": 232209016, "access": null, "addr:housenumber": null, "addr:street": null, "building": null, "addr:city": null, "addr:country": null, "addr:postcode": null, "addr:state": null, "name": null, "source": null, "landuse": "forest", "amenity": null, "beds": null, "contact:website": null, "internet_access": null, "internet_access:fee": null, "rooms": null, "smoking": null, "stars": null, "tourism": null, "wheelchair": null, "denomination": null, "historic": null, "religion": null, "start_date": null, "description": null, "website": null, "changing_table": null, "fee": null, "female": null, "male": null, "operator": null, "toilets:disposal": null, "toilets:position": null, "layer": null, "long_name": null, "year_of_construction": null, "ways": null, "type": null }, "geometry": { "type": "Polygon", "coordinates": [ [ [ 5.2564098, 50.9908719 ], [ 5.257216, 50.9916702 ], [ 5.257563, 50.9923039 ], [ 5.2577933, 50.992764 ], [ 5.2577762, 50.9928052 ], [ 5.2577108, 50.9928356 ], [ 5.2576341, 50.9928445 ], [ 5.25758, 50.9928445 ], [ 5.2574122, 50.9927801 ], [ 5.2559504, 50.9920497 ], [ 5.2552603, 50.9913758 ], [ 5.2552105, 50.9913304 ], [ 5.2551915, 50.9913129 ], [ 5.2551767, 50.9912938 ], [ 5.2551699, 50.9912758 ], [ 5.255166, 50.991258 ], [ 5.2551673, 50.9912414 ], [ 5.2551708, 50.9912231 ], [ 5.2551809, 50.9912064 ], [ 5.2551942, 50.9911903 ], [ 5.255211, 50.991177 ], [ 5.2552324, 50.9911636 ], [ 5.2552581, 50.9911516 ], [ 5.2553313, 50.9911216 ], [ 5.2557653, 50.9909422 ], [ 5.2558054, 50.9909295 ], [ 5.2561641, 50.9908288 ], [ 5.2561938, 50.990823 ], [ 5.256212, 50.9908197 ], [ 5.2562645, 50.9908193 ], [ 5.2563196, 50.9908266 ], [ 5.2563407, 50.990834 ], [ 5.2563584, 50.9908419 ], [ 5.256386, 50.9908557 ], [ 5.2564098, 50.9908719 ] ] ] } },
{ "type": "Feature", "properties": { "element_type": "way", "osmid": 232209042, "access": null, "addr:housenumber": null, "addr:street": null, "building": null, "addr:city": null, "addr:country": null, "addr:postcode": null, "addr:state": null, "name": null, "source": null, "landuse": "forest", "amenity": null, "beds": null, "contact:website": null, "internet_access": null, "internet_access:fee": null, "rooms": null, "smoking": null, "stars": null, "tourism": null, "wheelchair": null, "denomination": null, "historic": null, "religion": null, "start_date": null, "description": null, "website": null, "changing_table": null, "fee": null, "female": null, "male": null, "operator": null, "toilets:disposal": null, "toilets:position": null, "layer": null, "long_name": null, "year_of_construction": null, "ways": null, "type": null }, "geometry": { "type": "Polygon", "coordinates": [ [ [ 5.2579955, 50.9928923 ], [ 5.2578002, 50.9924282 ], [ 5.2580493, 50.9923333 ], [ 5.2582193, 50.9925647 ], [ 5.2583163, 50.9927148 ], [ 5.2583771, 50.9930055 ], [ 5.258396, 50.9932588 ], [ 5.2583963, 50.9934084 ], [ 5.2583019, 50.9937001 ], [ 5.2578055, 50.9947176 ], [ 5.2567868, 50.9943495 ], [ 5.2567032, 50.9941371 ], [ 5.2563331, 50.9940003 ], [ 5.2558261, 50.9941371 ], [ 5.2557805, 50.9942974 ], [ 5.2565208, 50.9945844 ], [ 5.2563403, 50.9948411 ], [ 5.2558995, 50.9946693 ], [ 5.2555014, 50.9945351 ], [ 5.2552534, 50.9944618 ], [ 5.2556142, 50.9938906 ], [ 5.2560621, 50.9937842 ], [ 5.2558007, 50.9933555 ], [ 5.2562759, 50.9932226 ], [ 5.2567439, 50.9936844 ], [ 5.2570026, 50.9939385 ], [ 5.2574019, 50.9937496 ], [ 5.2575219, 50.9938581 ], [ 5.2580121, 50.9934635 ], [ 5.2581757, 50.9936154 ], [ 5.2582455, 50.9934441 ], [ 5.2582133, 50.9932626 ], [ 5.258228, 50.9928922 ], [ 5.2579955, 50.9928923 ] ] ] } },
{ "type": "Feature", "properties": { "element_type": "way", "osmid": 232209044, "access": null, "addr:housenumber": null, "addr:street": null, "building": null, "addr:city": null, "addr:country": null, "addr:postcode": null, "addr:state": null, "name": null, "source": null, "landuse": "forest", "amenity": null, "beds": null, "contact:website": null, "internet_access": null, "internet_access:fee": null, "rooms": null, "smoking": null, "stars": null, "tourism": null, "wheelchair": null, "denomination": null, "historic": null, "religion": null, "start_date": null, "description": null, "website": null, "changing_table": null, "fee": null, "female": null, "male": null, "operator": null, "toilets:disposal": null, "toilets:position": null, "layer": null, "long_name": null, "year_of_construction": null, "ways": null, "type": null }, "geometry": { "type": "Polygon", "coordinates": [ [ [ 5.2526495, 50.9904944 ], [ 5.2527121, 50.9904514 ], [ 5.2527604, 50.9904478 ], [ 5.254493, 50.9909854 ], [ 5.2548257, 50.9912646 ], [ 5.2538787, 50.9921873 ], [ 5.2526472, 50.9933897 ], [ 5.2524449, 50.9932015 ], [ 5.2521353, 50.9926522 ], [ 5.2520789, 50.9925687 ], [ 5.251906, 50.9923927 ], [ 5.251719, 50.9922446 ], [ 5.2515883, 50.9921548 ], [ 5.251536, 50.9921143 ], [ 5.2514958, 50.992075 ], [ 5.2514857, 50.992037 ], [ 5.2514837, 50.9920041 ], [ 5.2515179, 50.9919472 ], [ 5.2526495, 50.9904944 ] ] ] } },
{ "type": "Feature", "properties": { "element_type": "way", "osmid": 232209068, "access": null, "addr:housenumber": null, "addr:street": null, "building": null, "addr:city": null, "addr:country": null, "addr:postcode": null, "addr:state": null, "name": null, "source": null, "landuse": "forest", "amenity": null, "beds": null, "contact:website": null, "internet_access": null, "internet_access:fee": null, "rooms": null, "smoking": null, "stars": null, "tourism": null, "wheelchair": null, "denomination": null, "historic": null, "religion": null, "start_date": null, "description": null, "website": null, "changing_table": null, "fee": null, "female": null, "male": null, "operator": null, "toilets:disposal": null, "toilets:position": null, "layer": null, "long_name": null, "year_of_construction": null, "ways": null, "type": null }, "geometry": { "type": "Polygon", "coordinates": [ [ [ 5.2562544, 50.9923099 ], [ 5.2572814, 50.9928194 ], [ 5.2573136, 50.9928574 ], [ 5.2572734, 50.9929029 ], [ 5.2554313, 50.9933687 ], [ 5.2553589, 50.9933738 ], [ 5.2550397, 50.9930393 ], [ 5.2557962, 50.9927482 ], [ 5.2557587, 50.9927085 ], [ 5.2562544, 50.9923099 ] ] ] } },
{ "type": "Feature", "properties": { "element_type": "way", "osmid": 232209074, "access": null, "addr:housenumber": null, "addr:street": null, "building": null, "addr:city": null, "addr:country": null, "addr:postcode": null, "addr:state": null, "name": null, "source": null, "landuse": "forest", "amenity": null, "beds": null, "contact:website": null, "internet_access": null, "internet_access:fee": null, "rooms": null, "smoking": null, "stars": null, "tourism": null, "wheelchair": null, "denomination": null, "historic": null, "religion": null, "start_date": null, "description": null, "website": null, "changing_table": null, "fee": null, "female": null, "male": null, "operator": null, "toilets:disposal": null, "toilets:position": null, "layer": null, "long_name": null, "year_of_construction": null, "ways": null, "type": null }, "geometry": { "type": "Polygon", "coordinates": [ [ [ 5.2538014, 50.994394 ], [ 5.2535699, 50.9950843 ], [ 5.254045, 50.9951789 ], [ 5.2539771, 50.9953469 ], [ 5.2541247, 50.9954352 ], [ 5.2545964, 50.9955124 ], [ 5.2546632, 50.9954775 ], [ 5.255044, 50.9950423 ], [ 5.2553444, 50.9951492 ], [ 5.2556035, 50.9952155 ], [ 5.2552357, 50.9956622 ], [ 5.2551623, 50.9957425 ], [ 5.2546917, 50.9955628 ], [ 5.2543056, 50.995983 ], [ 5.2548084, 50.9961905 ], [ 5.2551181, 50.9963677 ], [ 5.2552658, 50.9965306 ], [ 5.2554265, 50.9968604 ], [ 5.2555826, 50.9971233 ], [ 5.25572, 50.9973162 ], [ 5.2557512, 50.9973896 ], [ 5.2556119, 50.997463 ], [ 5.2554697, 50.9974934 ], [ 5.2552589, 50.9976019 ], [ 5.2551968, 50.9976601 ], [ 5.2551739, 50.9977028 ], [ 5.2550516, 50.9976688 ], [ 5.2551, 50.997599 ], [ 5.2551284, 50.9975238 ], [ 5.2551341, 50.9974487 ], [ 5.2550421, 50.9972743 ], [ 5.2549536, 50.9971098 ], [ 5.254853, 50.9969959 ], [ 5.2547766, 50.9969275 ], [ 5.2546117, 50.9969503 ], [ 5.2545031, 50.9969781 ], [ 5.2545412, 50.9970174 ], [ 5.25466, 50.9971401 ], [ 5.2546519, 50.9971781 ], [ 5.2545199, 50.997211 ], [ 5.254479, 50.9972211 ], [ 5.2543543, 50.9970996 ], [ 5.2539794, 50.9972027 ], [ 5.2540038, 50.9972375 ], [ 5.2537443, 50.9972929 ], [ 5.2536183, 50.9971325 ], [ 5.2533086, 50.9971224 ], [ 5.2531638, 50.997087 ], [ 5.2530914, 50.997206 ], [ 5.2528782, 50.9971477 ], [ 5.2529386, 50.9970364 ], [ 5.2527495, 50.9969731 ], [ 5.2526892, 50.9970718 ], [ 5.2522589, 50.9969503 ], [ 5.2522066, 50.9970186 ], [ 5.2518245, 50.9968946 ], [ 5.2516556, 50.9968035 ], [ 5.2514665, 50.9964871 ], [ 5.2513065, 50.9962106 ], [ 5.2512936, 50.9961884 ], [ 5.2511867, 50.9961895 ], [ 5.2510696, 50.9960555 ], [ 5.2502507, 50.9959179 ], [ 5.2499178, 50.9958639 ], [ 5.2497469, 50.9958346 ], [ 5.2496355, 50.9958295 ], [ 5.2495827, 50.9958224 ], [ 5.2497006, 50.995717 ], [ 5.2497504, 50.9956814 ], [ 5.2497604, 50.9956811 ], [ 5.249773, 50.9956764 ], [ 5.2497789, 50.9956729 ], [ 5.2498661, 50.9955983 ], [ 5.2501031, 50.9953932 ], [ 5.2502793, 50.9952399 ], [ 5.2505605, 50.9950119 ], [ 5.2506715, 50.9949296 ], [ 5.2515066, 50.9951727 ], [ 5.2524379, 50.9954438 ], [ 5.2525062, 50.994973 ], [ 5.2525786, 50.994287 ], [ 5.2528867, 50.9942239 ], [ 5.2530815, 50.9941927 ], [ 5.2534244, 50.9941796 ], [ 5.2535061, 50.9942613 ], [ 5.2536348, 50.994331 ], [ 5.2538014, 50.994394 ] ] ] } },
{ "type": "Feature", "properties": { "element_type": "way", "osmid": 232211903, "access": null, "addr:housenumber": "45", "addr:street": "Pastoor Ballingsstraat", "building": "house", "addr:city": "Heusden-Zolder", "addr:country": "BE", "addr:postcode": "3550", "addr:state": "Limburg", "name": null, "source": "AGIV Flandres GRB", "landuse": null, "amenity": null, "beds": null, "contact:website": null, "internet_access": null, "internet_access:fee": null, "rooms": null, "smoking": null, "stars": null, "tourism": null, "wheelchair": null, "denomination": null, "historic": null, "religion": null, "start_date": null, "description": null, "website": null, "changing_table": null, "fee": null, "female": null, "male": null, "operator": null, "toilets:disposal": null, "toilets:position": null, "layer": null, "long_name": null, "year_of_construction": null, "ways": null, "type": null }, "geometry": { "type": "Polygon", "coordinates": [ [ [ 5.254007, 50.9899509 ], [ 5.2541109, 50.9898543 ], [ 5.2542297, 50.989905 ], [ 5.2542659, 50.9898713 ], [ 5.2542709, 50.9898734 ], [ 5.2542633, 50.9898805 ], [ 5.2543152, 50.9899026 ], [ 5.2543308, 50.9898881 ], [ 5.2543777, 50.9899081 ], [ 5.2542786, 50.9900003 ], [ 5.2542628, 50.9899936 ], [ 5.2542336, 50.9900207 ], [ 5.2542167, 50.9900136 ], [ 5.2541868, 50.9900414 ], [ 5.2541169, 50.9900116 ], [ 5.254106, 50.9900218 ], [ 5.2540094, 50.9899806 ], [ 5.2540305, 50.989961 ], [ 5.254007, 50.9899509 ] ] ] } },
{ "type": "Feature", "properties": { "element_type": "way", "osmid": 232211904, "access": null, "addr:housenumber": null, "addr:street": null, "building": "yes", "addr:city": null, "addr:country": null, "addr:postcode": null, "addr:state": null, "name": null, "source": null, "landuse": null, "amenity": null, "beds": null, "contact:website": null, "internet_access": null, "internet_access:fee": null, "rooms": null, "smoking": null, "stars": null, "tourism": null, "wheelchair": null, "denomination": null, "historic": null, "religion": null, "start_date": null, "description": null, "website": null, "changing_table": null, "fee": null, "female": null, "male": null, "operator": null, "toilets:disposal": null, "toilets:position": null, "layer": null, "long_name": null, "year_of_construction": null, "ways": null, "type": null }, "geometry": { "type": "Polygon", "coordinates": [ [ [ 5.2579264, 50.9867718 ], [ 5.2576167, 50.9866553 ], [ 5.2575247, 50.9867523 ], [ 5.2578344, 50.9868687 ], [ 5.2579264, 50.9867718 ] ] ] } },
{ "type": "Feature", "properties": { "element_type": "way", "osmid": 232211905, "access": null, "addr:housenumber": "80", "addr:street": "Sterrenwacht", "building": "house", "addr:city": "Heusden-Zolder", "addr:country": "BE", "addr:postcode": "3550", "addr:state": "Limburg", "name": null, "source": "AGIV Flandres GRB", "landuse": null, "amenity": null, "beds": null, "contact:website": null, "internet_access": null, "internet_access:fee": null, "rooms": null, "smoking": null, "stars": null, "tourism": null, "wheelchair": null, "denomination": null, "historic": null, "religion": null, "start_date": null, "description": null, "website": null, "changing_table": null, "fee": null, "female": null, "male": null, "operator": null, "toilets:disposal": null, "toilets:position": null, "layer": null, "long_name": null, "year_of_construction": null, "ways": null, "type": null }, "geometry": { "type": "Polygon", "coordinates": [ [ [ 5.2592155, 50.9874658 ], [ 5.2592465, 50.9873413 ], [ 5.2592814, 50.9873448 ], [ 5.2592909, 50.9873068 ], [ 5.2594991, 50.9873274 ], [ 5.2594826, 50.9873938 ], [ 5.2593949, 50.9873851 ], [ 5.2593907, 50.9874019 ], [ 5.259332, 50.9873961 ], [ 5.2593122, 50.9874754 ], [ 5.2592155, 50.9874658 ] ] ] } },
{ "type": "Feature", "properties": { "element_type": "way", "osmid": 232211906, "access": null, "addr:housenumber": "132", "addr:street": "Sterrenwacht", "building": "house", "addr:city": "Heusden-Zolder", "addr:country": "BE", "addr:postcode": "3550", "addr:state": "Limburg", "name": null, "source": "AGIV Flandres GRB", "landuse": null, "amenity": null, "beds": null, "contact:website": null, "internet_access": null, "internet_access:fee": null, "rooms": null, "smoking": null, "stars": null, "tourism": null, "wheelchair": null, "denomination": null, "historic": null, "religion": null, "start_date": null, "description": null, "website": null, "changing_table": null, "fee": null, "female": null, "male": null, "operator": null, "toilets:disposal": null, "toilets:position": null, "layer": null, "long_name": null, "year_of_construction": null, "ways": null, "type": null }, "geometry": { "type": "Polygon", "coordinates": [ [ [ 5.2570724, 50.985963 ], [ 5.2571164, 50.9859202 ], [ 5.2571312, 50.9859262 ], [ 5.2571483, 50.9859095 ], [ 5.2572321, 50.9859436 ], [ 5.2572363, 50.9859395 ], [ 5.2573073, 50.9859684 ], [ 5.257303, 50.9859726 ], [ 5.2573323, 50.9859846 ], [ 5.2573439, 50.9859733 ], [ 5.2573775, 50.9859869 ], [ 5.2573809, 50.9859883 ], [ 5.2573536, 50.9860148 ], [ 5.2573984, 50.9860331 ], [ 5.2573689, 50.9860619 ], [ 5.2573244, 50.9860438 ], [ 5.2572709, 50.9860958 ], [ 5.2571907, 50.9860631 ], [ 5.2571958, 50.9860581 ], [ 5.2571248, 50.9860292 ], [ 5.2571181, 50.9860358 ], [ 5.2570502, 50.9860081 ], [ 5.2570894, 50.9859699 ], [ 5.2570724, 50.985963 ] ] ] } },
{ "type": "Feature", "properties": { "element_type": "way", "osmid": 232211907, "access": null, "addr:housenumber": "148", "addr:street": "Sterrenwacht", "building": "house", "addr:city": "Heusden-Zolder", "addr:country": "BE", "addr:postcode": "3550", "addr:state": "Limburg", "name": null, "source": "AGIV Flandres GRB", "landuse": null, "amenity": null, "beds": null, "contact:website": null, "internet_access": null, "internet_access:fee": null, "rooms": null, "smoking": null, "stars": null, "tourism": null, "wheelchair": null, "denomination": null, "historic": null, "religion": null, "start_date": null, "description": null, "website": null, "changing_table": null, "fee": null, "female": null, "male": null, "operator": null, "toilets:disposal": null, "toilets:position": null, "layer": null, "long_name": null, "year_of_construction": null, "ways": null, "type": null }, "geometry": { "type": "Polygon", "coordinates": [ [ [ 5.2550069, 50.9873712 ], [ 5.2550756, 50.9874019 ], [ 5.25506, 50.9874157 ], [ 5.2551955, 50.9874762 ], [ 5.2551087, 50.9875531 ], [ 5.2549046, 50.9874619 ], [ 5.2550069, 50.9873712 ] ] ] } },
{ "type": "Feature", "properties": { "element_type": "way", "osmid": 232211908, "access": null, "addr:housenumber": "33", "addr:street": "Pastoor Ballingsstraat", "building": "house", "addr:city": "Heusden-Zolder", "addr:country": "BE", "addr:postcode": "3550", "addr:state": "Limburg", "name": null, "source": null, "landuse": null, "amenity": null, "beds": null, "contact:website": null, "internet_access": null, "internet_access:fee": null, "rooms": null, "smoking": null, "stars": null, "tourism": null, "wheelchair": null, "denomination": null, "historic": null, "religion": null, "start_date": null, "description": null, "website": null, "changing_table": null, "fee": null, "female": null, "male": null, "operator": null, "toilets:disposal": null, "toilets:position": null, "layer": null, "long_name": null, "year_of_construction": null, "ways": null, "type": null }, "geometry": { "type": "Polygon", "coordinates": [ [ [ 5.2556469, 50.9905122 ], [ 5.2554305, 50.9903956 ], [ 5.2553277, 50.9904712 ], [ 5.25534, 50.9904778 ], [ 5.2553118, 50.9904986 ], [ 5.2553579, 50.9905235 ], [ 5.2553877, 50.9905016 ], [ 5.2555456, 50.9905866 ], [ 5.2556469, 50.9905122 ] ] ] } },
{ "type": "Feature", "properties": { "element_type": "way", "osmid": 232211910, "access": null, "addr:housenumber": "122", "addr:street": "Sterrenwacht", "building": "house", "addr:city": "Heusden-Zolder", "addr:country": "BE", "addr:postcode": "3550", "addr:state": "Limburg", "name": null, "source": "AGIV Flandres GRB", "landuse": null, "amenity": null, "beds": null, "contact:website": null, "internet_access": null, "internet_access:fee": null, "rooms": null, "smoking": null, "stars": null, "tourism": null, "wheelchair": null, "denomination": null, "historic": null, "religion": null, "start_date": null, "description": null, "website": null, "changing_table": null, "fee": null, "female": null, "male": null, "operator": null, "toilets:disposal": null, "toilets:position": null, "layer": null, "long_name": null, "year_of_construction": null, "ways": null, "type": null }, "geometry": { "type": "Polygon", "coordinates": [ [ [ 5.2589683, 50.9865156 ], [ 5.2590334, 50.9865016 ], [ 5.2590474, 50.9864603 ], [ 5.259028, 50.9864569 ], [ 5.2590374, 50.9864311 ], [ 5.2590649, 50.9864345 ], [ 5.2590736, 50.9864147 ], [ 5.2591494, 50.9864261 ], [ 5.2591427, 50.9864459 ], [ 5.2591936, 50.9864535 ], [ 5.2591909, 50.9864653 ], [ 5.2592821, 50.9864784 ], [ 5.2592828, 50.9864793 ], [ 5.2592506, 50.98657 ], [ 5.2591078, 50.986551 ], [ 5.2589972, 50.9865721 ], [ 5.2589683, 50.9865156 ] ] ] } },
{ "type": "Feature", "properties": { "element_type": "way", "osmid": 232211911, "access": null, "addr:housenumber": "72", "addr:street": "Sterrenwacht", "building": "house", "addr:city": "Heusden-Zolder", "addr:country": "BE", "addr:postcode": "3550", "addr:state": "Limburg", "name": null, "source": "AGIV Flandres GRB", "landuse": null, "amenity": null, "beds": null, "contact:website": null, "internet_access": null, "internet_access:fee": null, "rooms": null, "smoking": null, "stars": null, "tourism": null, "wheelchair": null, "denomination": null, "historic": null, "religion": null, "start_date": null, "description": null, "website": null, "changing_table": null, "fee": null, "female": null, "male": null, "operator": null, "toilets:disposal": null, "toilets:position": null, "layer": null, "long_name": null, "year_of_construction": null, "ways": null, "type": null }, "geometry": { "type": "Polygon", "coordinates": [ [ [ 5.2557647, 50.9868919 ], [ 5.2557993, 50.9868247 ], [ 5.2558212, 50.9868292 ], [ 5.2558424, 50.986788 ], [ 5.2559873, 50.9868177 ], [ 5.2559954, 50.986802 ], [ 5.256157, 50.9868351 ], [ 5.2560985, 50.9869486 ], [ 5.2560327, 50.9869351 ], [ 5.2560273, 50.9869456 ], [ 5.2557647, 50.9868919 ] ] ] } },
{ "type": "Feature", "properties": { "element_type": "way", "osmid": 232211912, "access": null, "addr:housenumber": "81", "addr:street": "Reeënlaan", "building": "house", "addr:city": "Heusden-Zolder", "addr:country": "BE", "addr:postcode": "3550", "addr:state": null, "name": null, "source": null, "landuse": null, "amenity": null, "beds": null, "contact:website": null, "internet_access": null, "internet_access:fee": null, "rooms": null, "smoking": null, "stars": null, "tourism": null, "wheelchair": null, "denomination": null, "historic": null, "religion": null, "start_date": null, "description": null, "website": null, "changing_table": null, "fee": null, "female": null, "male": null, "operator": null, "toilets:disposal": null, "toilets:position": null, "layer": null, "long_name": null, "year_of_construction": null, "ways": null, "type": null }, "geometry": { "type": "Polygon", "coordinates": [ [ [ 5.2638387, 50.9874185 ], [ 5.2638729, 50.9873185 ], [ 5.2635031, 50.9872684 ], [ 5.2634689, 50.9873683 ], [ 5.2638387, 50.9874185 ] ] ] } },
{ "type": "Feature", "properties": { "element_type": "way", "osmid": 232211913, "access": null, "addr:housenumber": "95", "addr:street": "Reeënlaan", "building": "house", "addr:city": "Heusden-Zolder", "addr:country": "BE", "addr:postcode": "3550", "addr:state": null, "name": null, "source": "AGIV Flandres GRB", "landuse": null, "amenity": null, "beds": null, "contact:website": null, "internet_access": null, "internet_access:fee": null, "rooms": null, "smoking": null, "stars": null, "tourism": null, "wheelchair": null, "denomination": null, "historic": null, "religion": null, "start_date": null, "description": null, "website": null, "changing_table": null, "fee": null, "female": null, "male": null, "operator": null, "toilets:disposal": null, "toilets:position": null, "layer": null, "long_name": null, "year_of_construction": null, "ways": null, "type": null }, "geometry": { "type": "Polygon", "coordinates": [ [ [ 5.2623419, 50.9866183 ], [ 5.262314, 50.9865763 ], [ 5.2623, 50.9865797 ], [ 5.2622413, 50.9864904 ], [ 5.2620753, 50.9865327 ], [ 5.2620626, 50.9865481 ], [ 5.2620743, 50.9865662 ], [ 5.2620995, 50.986573 ], [ 5.2621306, 50.9865654 ], [ 5.2621581, 50.9866082 ], [ 5.2621417, 50.9866133 ], [ 5.2621732, 50.9866618 ], [ 5.2623419, 50.9866183 ] ] ] } },
{ "type": "Feature", "properties": { "element_type": "way", "osmid": 232211914, "access": null, "addr:housenumber": "74", "addr:street": "Sterrenwacht", "building": "house", "addr:city": "Heusden-Zolder", "addr:country": "BE", "addr:postcode": "3550", "addr:state": "Limburg", "name": null, "source": "AGIV Flandres GRB", "landuse": null, "amenity": null, "beds": null, "contact:website": null, "internet_access": null, "internet_access:fee": null, "rooms": null, "smoking": null, "stars": null, "tourism": null, "wheelchair": null, "denomination": null, "historic": null, "religion": null, "start_date": null, "description": null, "website": null, "changing_table": null, "fee": null, "female": null, "male": null, "operator": null, "toilets:disposal": null, "toilets:position": null, "layer": null, "long_name": null, "year_of_construction": null, "ways": null, "type": null }, "geometry": { "type": "Polygon", "coordinates": [ [ [ 5.2567547, 50.9869394 ], [ 5.2566035, 50.9869091 ], [ 5.2566134, 50.9868894 ], [ 5.2565205, 50.9868708 ], [ 5.2564332, 50.9870438 ], [ 5.2565196, 50.9870611 ], [ 5.2565224, 50.9870617 ], [ 5.2565514, 50.9870042 ], [ 5.2567064, 50.9870352 ], [ 5.2567547, 50.9869394 ] ] ] } },
{ "type": "Feature", "properties": { "element_type": "way", "osmid": 232211915, "access": null, "addr:housenumber": "33", "addr:street": "Herderspad", "building": "house", "addr:city": "Heusden-Zolder", "addr:country": "BE", "addr:postcode": "3550", "addr:state": "Limburg", "name": null, "source": null, "landuse": null, "amenity": null, "beds": null, "contact:website": null, "internet_access": null, "internet_access:fee": null, "rooms": null, "smoking": null, "stars": null, "tourism": null, "wheelchair": null, "denomination": null, "historic": null, "religion": null, "start_date": null, "description": null, "website": null, "changing_table": null, "fee": null, "female": null, "male": null, "operator": null, "toilets:disposal": null, "toilets:position": null, "layer": null, "long_name": null, "year_of_construction": null, "ways": null, "type": null }, "geometry": { "type": "Polygon", "coordinates": [ [ [ 5.2575692, 50.9891369 ], [ 5.2574978, 50.9891074 ], [ 5.25749, 50.9891149 ], [ 5.257342, 50.9890537 ], [ 5.2573355, 50.9890599 ], [ 5.2573093, 50.9890491 ], [ 5.2572945, 50.9890633 ], [ 5.2572504, 50.9890451 ], [ 5.2571966, 50.9890966 ], [ 5.2574864, 50.9892164 ], [ 5.2575692, 50.9891369 ] ] ] } },
{ "type": "Feature", "properties": { "element_type": "way", "osmid": 232211918, "access": null, "addr:housenumber": "85", "addr:street": "Reeënlaan", "building": "house", "addr:city": "Heusden-Zolder", "addr:country": "BE", "addr:postcode": "3550", "addr:state": null, "name": null, "source": "AGIV Flandres GRB", "landuse": null, "amenity": null, "beds": null, "contact:website": null, "internet_access": null, "internet_access:fee": null, "rooms": null, "smoking": null, "stars": null, "tourism": null, "wheelchair": null, "denomination": null, "historic": null, "religion": null, "start_date": null, "description": null, "website": null, "changing_table": null, "fee": null, "female": null, "male": null, "operator": null, "toilets:disposal": null, "toilets:position": null, "layer": null, "long_name": null, "year_of_construction": null, "ways": null, "type": null }, "geometry": { "type": "Polygon", "coordinates": [ [ [ 5.2632706, 50.987299 ], [ 5.2632055, 50.9872749 ], [ 5.2632089, 50.9872686 ], [ 5.2630252, 50.9872023 ], [ 5.262999, 50.9872298 ], [ 5.2629273, 50.9872036 ], [ 5.2630211, 50.987101 ], [ 5.2632739, 50.9871931 ], [ 5.2632464, 50.9872247 ], [ 5.2633155, 50.9872509 ], [ 5.2632706, 50.987299 ] ] ] } },
{ "type": "Feature", "properties": { "element_type": "way", "osmid": 232211919, "access": null, "addr:housenumber": "112", "addr:street": "Sterrenwacht", "building": "house", "addr:city": "Heusden-Zolder", "addr:country": "BE", "addr:postcode": "3550", "addr:state": "Limburg", "name": null, "source": "AGIV Flandres GRB", "landuse": null, "amenity": null, "beds": null, "contact:website": null, "internet_access": null, "internet_access:fee": null, "rooms": null, "smoking": null, "stars": null, "tourism": null, "wheelchair": null, "denomination": null, "historic": null, "religion": null, "start_date": null, "description": null, "website": null, "changing_table": null, "fee": null, "female": null, "male": null, "operator": null, "toilets:disposal": null, "toilets:position": null, "layer": null, "long_name": null, "year_of_construction": null, "ways": null, "type": null }, "geometry": { "type": "Polygon", "coordinates": [ [ [ 5.2609741, 50.9872977 ], [ 5.261035, 50.9872741 ], [ 5.2610467, 50.987286 ], [ 5.261091, 50.9872689 ], [ 5.2611246, 50.9873033 ], [ 5.2611346, 50.9872994 ], [ 5.2611654, 50.987331 ], [ 5.261035, 50.9873815 ], [ 5.2609705, 50.9873156 ], [ 5.2609859, 50.9873097 ], [ 5.2609741, 50.9872977 ] ] ] } },
{ "type": "Feature", "properties": { "element_type": "way", "osmid": 232211920, "access": null, "addr:housenumber": "76", "addr:street": "Sterrenwacht", "building": "house", "addr:city": "Heusden-Zolder", "addr:country": "BE", "addr:postcode": "3550", "addr:state": "Limburg", "name": null, "source": null, "landuse": null, "amenity": null, "beds": null, "contact:website": null, "internet_access": null, "internet_access:fee": null, "rooms": null, "smoking": null, "stars": null, "tourism": null, "wheelchair": null, "denomination": null, "historic": null, "religion": null, "start_date": null, "description": null, "website": null, "changing_table": null, "fee": null, "female": null, "male": null, "operator": null, "toilets:disposal": null, "toilets:position": null, "layer": null, "long_name": null, "year_of_construction": null, "ways": null, "type": null }, "geometry": { "type": "Polygon", "coordinates": [ [ [ 5.2577178, 50.9871018 ], [ 5.2574531, 50.9870595 ], [ 5.2574064, 50.9871755 ], [ 5.2575103, 50.9871921 ], [ 5.2575203, 50.9871671 ], [ 5.2576811, 50.9871928 ], [ 5.2577178, 50.9871018 ] ] ] } },
{ "type": "Feature", "properties": { "element_type": "way", "osmid": 232211921, "access": null, "addr:housenumber": "151", "addr:street": "Sterrenwacht", "building": "detached", "addr:city": "Heusden-Zolder", "addr:country": "BE", "addr:postcode": "3550", "addr:state": "Limburg", "name": "GT Lounge", "source": null, "landuse": null, "amenity": "events_venue", "beds": "8", "contact:website": "https://qsr-racing.com/incentives/gt-lounge", "internet_access": "wlan", "internet_access:fee": "no", "rooms": "4", "smoking": "no", "stars": "4", "tourism": "chalet", "wheelchair": "limited", "denomination": null, "historic": null, "religion": null, "start_date": null, "description": null, "website": null, "changing_table": null, "fee": null, "female": null, "male": null, "operator": null, "toilets:disposal": null, "toilets:position": null, "layer": null, "long_name": null, "year_of_construction": null, "ways": null, "type": null }, "geometry": { "type": "Polygon", "coordinates": [ [ [ 5.254028, 50.9876551 ], [ 5.2539551, 50.987627 ], [ 5.2538502, 50.9875865 ], [ 5.2538242, 50.9875765 ], [ 5.2537304, 50.9876727 ], [ 5.2537632, 50.9876853 ], [ 5.2537453, 50.9877037 ], [ 5.2539164, 50.9877697 ], [ 5.254028, 50.9876551 ] ] ] } },
{ "type": "Feature", "properties": { "element_type": "way", "osmid": 232211922, "access": null, "addr:housenumber": "36", "addr:street": "Herckenrodestraat", "building": "house", "addr:city": "Heusden-Zolder", "addr:country": "BE", "addr:postcode": "3550", "addr:state": "Limburg", "name": null, "source": null, "landuse": null, "amenity": null, "beds": null, "contact:website": null, "internet_access": null, "internet_access:fee": null, "rooms": null, "smoking": null, "stars": null, "tourism": null, "wheelchair": null, "denomination": null, "historic": null, "religion": null, "start_date": null, "description": null, "website": null, "changing_table": null, "fee": null, "female": null, "male": null, "operator": null, "toilets:disposal": null, "toilets:position": null, "layer": null, "long_name": null, "year_of_construction": null, "ways": null, "type": null }, "geometry": { "type": "Polygon", "coordinates": [ [ [ 5.2551895, 50.9908632 ], [ 5.2551352, 50.9908444 ], [ 5.255126, 50.9908549 ], [ 5.2549729, 50.9908018 ], [ 5.2548967, 50.9908889 ], [ 5.2551041, 50.9909608 ], [ 5.2551895, 50.9908632 ] ] ] } },
{ "type": "Feature", "properties": { "element_type": "way", "osmid": 232211923, "access": null, "addr:housenumber": "42", "addr:street": "Herckenrodestraat", "building": "house", "addr:city": "Heusden-Zolder", "addr:country": "BE", "addr:postcode": "3550", "addr:state": "Limburg", "name": null, "source": "AGIV Flandres GRB", "landuse": null, "amenity": null, "beds": null, "contact:website": null, "internet_access": null, "internet_access:fee": null, "rooms": null, "smoking": null, "stars": null, "tourism": null, "wheelchair": null, "denomination": null, "historic": null, "religion": null, "start_date": null, "description": null, "website": null, "changing_table": null, "fee": null, "female": null, "male": null, "operator": null, "toilets:disposal": null, "toilets:position": null, "layer": null, "long_name": null, "year_of_construction": null, "ways": null, "type": null }, "geometry": { "type": "Polygon", "coordinates": [ [ [ 5.2536938, 50.990463 ], [ 5.2537407, 50.9904132 ], [ 5.2538641, 50.990455 ], [ 5.2539922, 50.9903098 ], [ 5.254082, 50.990341 ], [ 5.2538956, 50.990539 ], [ 5.2536938, 50.990463 ] ] ] } },
{ "type": "Feature", "properties": { "element_type": "way", "osmid": 232211924, "access": null, "addr:housenumber": "140", "addr:street": "Sterrenwacht", "building": "house", "addr:city": "Heusden-Zolder", "addr:country": "BE", "addr:postcode": "3550", "addr:state": "Limburg", "name": null, "source": "AGIV Flandres GRB", "landuse": null, "amenity": null, "beds": null, "contact:website": null, "internet_access": null, "internet_access:fee": null, "rooms": null, "smoking": null, "stars": null, "tourism": null, "wheelchair": null, "denomination": null, "historic": null, "religion": null, "start_date": null, "description": null, "website": null, "changing_table": null, "fee": null, "female": null, "male": null, "operator": null, "toilets:disposal": null, "toilets:position": null, "layer": null, "long_name": null, "year_of_construction": null, "ways": null, "type": null }, "geometry": { "type": "Polygon", "coordinates": [ [ [ 5.255097, 50.9866569 ], [ 5.2551228, 50.9866621 ], [ 5.2551248, 50.9866582 ], [ 5.2551371, 50.9866607 ], [ 5.2551539, 50.9866279 ], [ 5.255232, 50.9866437 ], [ 5.255238, 50.9866319 ], [ 5.2552801, 50.9866404 ], [ 5.2552856, 50.9866296 ], [ 5.255441, 50.986661 ], [ 5.2554355, 50.9866718 ], [ 5.2554543, 50.9866756 ], [ 5.2554475, 50.986689 ], [ 5.2554807, 50.9866957 ], [ 5.2554292, 50.9867965 ], [ 5.2553786, 50.9867863 ], [ 5.255365, 50.986813 ], [ 5.2550523, 50.9867498 ], [ 5.2550499, 50.9867493 ], [ 5.255097, 50.9866569 ] ] ] } },
{ "type": "Feature", "properties": { "element_type": "way", "osmid": 232211925, "access": null, "addr:housenumber": "37", "addr:street": "Regenbooglaan", "building": "house", "addr:city": "Heusden-Zolder", "addr:country": "BE", "addr:postcode": "3550", "addr:state": "Limburg", "name": null, "source": null, "landuse": null, "amenity": null, "beds": null, "contact:website": null, "internet_access": null, "internet_access:fee": null, "rooms": null, "smoking": null, "stars": null, "tourism": null, "wheelchair": null, "denomination": null, "historic": null, "religion": null, "start_date": null, "description": null, "website": null, "changing_table": null, "fee": null, "female": null, "male": null, "operator": null, "toilets:disposal": null, "toilets:position": null, "layer": null, "long_name": null, "year_of_construction": null, "ways": null, "type": null }, "geometry": { "type": "Polygon", "coordinates": [ [ [ 5.2555638, 50.9861557 ], [ 5.2553582, 50.9860702 ], [ 5.2552693, 50.986155 ], [ 5.2554749, 50.9862405 ], [ 5.2555638, 50.9861557 ] ] ] } },
{ "type": "Feature", "properties": { "element_type": "way", "osmid": 232211926, "access": null, "addr:housenumber": "97", "addr:street": "Sterrenwacht", "building": "house", "addr:city": "Heusden-Zolder", "addr:country": "BE", "addr:postcode": "3550", "addr:state": "Limburg", "name": null, "source": "AGIV Flandres GRB", "landuse": null, "amenity": null, "beds": null, "contact:website": null, "internet_access": null, "internet_access:fee": null, "rooms": null, "smoking": null, "stars": null, "tourism": null, "wheelchair": null, "denomination": null, "historic": null, "religion": null, "start_date": null, "description": null, "website": null, "changing_table": null, "fee": null, "female": null, "male": null, "operator": null, "toilets:disposal": null, "toilets:position": null, "layer": null, "long_name": null, "year_of_construction": null, "ways": null, "type": null }, "geometry": { "type": "Polygon", "coordinates": [ [ [ 5.2601203, 50.9879343 ], [ 5.2602236, 50.9878693 ], [ 5.2603067, 50.9879216 ], [ 5.2603892, 50.987868 ], [ 5.2605207, 50.9879474 ], [ 5.2605153, 50.9879516 ], [ 5.2605656, 50.9879858 ], [ 5.260526, 50.9880098 ], [ 5.260585, 50.9880499 ], [ 5.260416, 50.98815 ], [ 5.2602236, 50.9881052 ], [ 5.2603007, 50.988055 ], [ 5.2601203, 50.9879343 ] ] ] } },
{ "type": "Feature", "properties": { "element_type": "way", "osmid": 232211928, "access": null, "addr:housenumber": "40", "addr:street": "Herckenrodestraat", "building": "house", "addr:city": "Heusden-Zolder", "addr:country": "BE", "addr:postcode": "3550", "addr:state": "Limburg", "name": null, "source": "AGIV Flandres GRB", "landuse": null, "amenity": null, "beds": null, "contact:website": null, "internet_access": null, "internet_access:fee": null, "rooms": null, "smoking": null, "stars": null, "tourism": null, "wheelchair": null, "denomination": null, "historic": null, "religion": null, "start_date": null, "description": null, "website": null, "changing_table": null, "fee": null, "female": null, "male": null, "operator": null, "toilets:disposal": null, "toilets:position": null, "layer": null, "long_name": null, "year_of_construction": null, "ways": null, "type": null }, "geometry": { "type": "Polygon", "coordinates": [ [ [ 5.2543513, 50.9905239 ], [ 5.2545115, 50.9905777 ], [ 5.2544555, 50.990639 ], [ 5.2544495, 50.9906403 ], [ 5.2544495, 50.9906458 ], [ 5.2544039, 50.9906977 ], [ 5.2542952, 50.990661 ], [ 5.2542845, 50.9906724 ], [ 5.2542054, 50.9906445 ], [ 5.2542678, 50.9905667 ], [ 5.2543236, 50.990514 ], [ 5.2543513, 50.9905239 ] ] ] } },
{ "type": "Feature", "properties": { "element_type": "way", "osmid": 232211929, "access": null, "addr:housenumber": "150", "addr:street": "Sterrenwacht", "building": "house", "addr:city": "Heusden-Zolder", "addr:country": "BE", "addr:postcode": "3550", "addr:state": "Limburg", "name": null, "source": "AGIV Flandres GRB", "landuse": null, "amenity": null, "beds": null, "contact:website": null, "internet_access": null, "internet_access:fee": null, "rooms": null, "smoking": null, "stars": null, "tourism": null, "wheelchair": null, "denomination": null, "historic": null, "religion": null, "start_date": null, "description": null, "website": null, "changing_table": null, "fee": null, "female": null, "male": null, "operator": null, "toilets:disposal": null, "toilets:position": null, "layer": null, "long_name": null, "year_of_construction": null, "ways": null, "type": null }, "geometry": { "type": "Polygon", "coordinates": [ [ [ 5.2546058, 50.9866487 ], [ 5.254647, 50.9865684 ], [ 5.2543767, 50.9865134 ], [ 5.254336, 50.9865928 ], [ 5.2544325, 50.9866125 ], [ 5.2544433, 50.9865915 ], [ 5.2545195, 50.986607 ], [ 5.2545083, 50.9866289 ], [ 5.2546058, 50.9866487 ] ] ] } },
{ "type": "Feature", "properties": { "element_type": "way", "osmid": 232211930, "access": null, "addr:housenumber": "99", "addr:street": "Sterrenwacht", "building": "house", "addr:city": "Heusden-Zolder", "addr:country": "BE", "addr:postcode": "3550", "addr:state": "Limburg", "name": null, "source": "AGIV Flandres GRB", "landuse": null, "amenity": null, "beds": null, "contact:website": null, "internet_access": null, "internet_access:fee": null, "rooms": null, "smoking": null, "stars": null, "tourism": null, "wheelchair": null, "denomination": null, "historic": null, "religion": null, "start_date": null, "description": null, "website": null, "changing_table": null, "fee": null, "female": null, "male": null, "operator": null, "toilets:disposal": null, "toilets:position": null, "layer": null, "long_name": null, "year_of_construction": null, "ways": null, "type": null }, "geometry": { "type": "Polygon", "coordinates": [ [ [ 5.2610987, 50.9881799 ], [ 5.2611302, 50.9881766 ], [ 5.2611302, 50.9881626 ], [ 5.2613897, 50.9881538 ], [ 5.2613991, 50.9882492 ], [ 5.261273, 50.9882551 ], [ 5.2612744, 50.9882825 ], [ 5.2612106, 50.9882846 ], [ 5.2612066, 50.9882572 ], [ 5.2611382, 50.9882589 ], [ 5.2611355, 50.9882445 ], [ 5.2611081, 50.9882458 ], [ 5.2610987, 50.9881799 ] ] ] } },
{ "type": "Feature", "properties": { "element_type": "way", "osmid": 232211931, "access": null, "addr:housenumber": "105", "addr:street": "Sterrenwacht", "building": "house", "addr:city": "Heusden-Zolder", "addr:country": "BE", "addr:postcode": "3550", "addr:state": "Limburg", "name": null, "source": "AGIV Flandres GRB", "landuse": null, "amenity": null, "beds": null, "contact:website": null, "internet_access": null, "internet_access:fee": null, "rooms": null, "smoking": null, "stars": null, "tourism": null, "wheelchair": null, "denomination": null, "historic": null, "religion": null, "start_date": null, "description": null, "website": null, "changing_table": null, "fee": null, "female": null, "male": null, "operator": null, "toilets:disposal": null, "toilets:position": null, "layer": null, "long_name": null, "year_of_construction": null, "ways": null, "type": null }, "geometry": { "type": "Polygon", "coordinates": [ [ [ 5.2615113, 50.9877026 ], [ 5.2614908, 50.9876977 ], [ 5.2615152, 50.9876572 ], [ 5.2614989, 50.9876533 ], [ 5.2615157, 50.9876253 ], [ 5.2615099, 50.987624 ], [ 5.2614549, 50.9876109 ], [ 5.2614391, 50.9876373 ], [ 5.2613649, 50.9876196 ], [ 5.2613812, 50.9875925 ], [ 5.2613175, 50.9875774 ], [ 5.2613154, 50.9875809 ], [ 5.2613024, 50.9876025 ], [ 5.2612221, 50.9875833 ], [ 5.2611847, 50.9876456 ], [ 5.2611116, 50.9876282 ], [ 5.2610711, 50.9876816 ], [ 5.2612112, 50.9877163 ], [ 5.2612867, 50.9877343 ], [ 5.2612708, 50.9877607 ], [ 5.2614507, 50.9878036 ], [ 5.2615113, 50.9877026 ] ] ] } },
{ "type": "Feature", "properties": { "element_type": "way", "osmid": 232211932, "access": null, "addr:housenumber": "149", "addr:street": "Sterrenwacht", "building": "commercial", "addr:city": "Heusden-Zolder", "addr:country": "BE", "addr:postcode": "3550", "addr:state": "Limburg", "name": "Dancing Grand prix", "source": null, "landuse": null, "amenity": "nightclub", "beds": null, "contact:website": null, "internet_access": null, "internet_access:fee": null, "rooms": null, "smoking": null, "stars": null, "tourism": null, "wheelchair": null, "denomination": null, "historic": null, "religion": null, "start_date": null, "description": null, "website": null, "changing_table": null, "fee": null, "female": null, "male": null, "operator": null, "toilets:disposal": null, "toilets:position": null, "layer": null, "long_name": null, "year_of_construction": null, "ways": null, "type": null }, "geometry": { "type": "Polygon", "coordinates": [ [ [ 5.2542537, 50.9877006 ], [ 5.2540933, 50.9876324 ], [ 5.2539367, 50.9877782 ], [ 5.2540972, 50.9878464 ], [ 5.2542537, 50.9877006 ] ] ] } },
{ "type": "Feature", "properties": { "element_type": "way", "osmid": 232211934, "access": null, "addr:housenumber": "130", "addr:street": "Sterrenwacht", "building": "house", "addr:city": "Heusden-Zolder", "addr:country": "BE", "addr:postcode": "3550", "addr:state": "Limburg", "name": null, "source": "AGIV Flandres GRB", "landuse": null, "amenity": null, "beds": null, "contact:website": null, "internet_access": null, "internet_access:fee": null, "rooms": null, "smoking": null, "stars": null, "tourism": null, "wheelchair": null, "denomination": null, "historic": null, "religion": null, "start_date": null, "description": null, "website": null, "changing_table": null, "fee": null, "female": null, "male": null, "operator": null, "toilets:disposal": null, "toilets:position": null, "layer": null, "long_name": null, "year_of_construction": null, "ways": null, "type": null }, "geometry": { "type": "Polygon", "coordinates": [ [ [ 5.2575616, 50.9862115 ], [ 5.2576176, 50.9861576 ], [ 5.2577329, 50.9862051 ], [ 5.2577621, 50.9861771 ], [ 5.257901, 50.9862343 ], [ 5.2578158, 50.9863162 ], [ 5.2575616, 50.9862115 ] ] ] } },
{ "type": "Feature", "properties": { "element_type": "way", "osmid": 232211935, "access": null, "addr:housenumber": "126", "addr:street": "Sterrenwacht", "building": "house", "addr:city": "Heusden-Zolder", "addr:country": "BE", "addr:postcode": "3550", "addr:state": "Limburg", "name": null, "source": "AGIV Flandres GRB", "landuse": null, "amenity": null, "beds": null, "contact:website": null, "internet_access": null, "internet_access:fee": null, "rooms": null, "smoking": null, "stars": null, "tourism": null, "wheelchair": null, "denomination": null, "historic": null, "religion": null, "start_date": null, "description": null, "website": null, "changing_table": null, "fee": null, "female": null, "male": null, "operator": null, "toilets:disposal": null, "toilets:position": null, "layer": null, "long_name": null, "year_of_construction": null, "ways": null, "type": null }, "geometry": { "type": "Polygon", "coordinates": [ [ [ 5.2585796, 50.9864332 ], [ 5.2585708, 50.9864308 ], [ 5.2585738, 50.9864265 ], [ 5.2584116, 50.9863816 ], [ 5.2583971, 50.9864025 ], [ 5.2582694, 50.9863672 ], [ 5.2582183, 50.9864403 ], [ 5.258517, 50.9865229 ], [ 5.2585796, 50.9864332 ] ] ] } },
{ "type": "Feature", "properties": { "element_type": "way", "osmid": 232211936, "access": null, "addr:housenumber": "26", "addr:street": "Jagerspad", "building": "house", "addr:city": "Heusden-Zolder", "addr:country": "BE", "addr:postcode": "3550", "addr:state": "Limburg", "name": null, "source": null, "landuse": null, "amenity": null, "beds": null, "contact:website": null, "internet_access": null, "internet_access:fee": null, "rooms": null, "smoking": null, "stars": null, "tourism": null, "wheelchair": null, "denomination": null, "historic": null, "religion": null, "start_date": null, "description": null, "website": null, "changing_table": null, "fee": null, "female": null, "male": null, "operator": null, "toilets:disposal": null, "toilets:position": null, "layer": null, "long_name": null, "year_of_construction": null, "ways": null, "type": null }, "geometry": { "type": "Polygon", "coordinates": [ [ [ 5.2534009, 50.9902096 ], [ 5.2532302, 50.9901523 ], [ 5.253144, 50.9902541 ], [ 5.253226, 50.9902816 ], [ 5.2532129, 50.9902971 ], [ 5.2533227, 50.9903339 ], [ 5.2533708, 50.9902772 ], [ 5.2533496, 50.9902701 ], [ 5.2534009, 50.9902096 ] ] ] } },
{ "type": "Feature", "properties": { "element_type": "way", "osmid": 232211937, "access": null, "addr:housenumber": "77", "addr:street": "Reeënlaan", "building": "house", "addr:city": "Heusden-Zolder", "addr:country": "BE", "addr:postcode": "3550", "addr:state": "Limburg", "name": null, "source": "AGIV Flandres GRB", "landuse": null, "amenity": null, "beds": null, "contact:website": null, "internet_access": null, "internet_access:fee": null, "rooms": null, "smoking": null, "stars": null, "tourism": null, "wheelchair": null, "denomination": null, "historic": null, "religion": null, "start_date": null, "description": null, "website": null, "changing_table": null, "fee": null, "female": null, "male": null, "operator": null, "toilets:disposal": null, "toilets:position": null, "layer": null, "long_name": null, "year_of_construction": null, "ways": null, "type": null }, "geometry": { "type": "Polygon", "coordinates": [ [ [ 5.264315, 50.9874903 ], [ 5.2643572, 50.9873649 ], [ 5.2641323, 50.9873349 ], [ 5.2641012, 50.9874272 ], [ 5.2641636, 50.9874356 ], [ 5.2641563, 50.9874574 ], [ 5.2642279, 50.9874669 ], [ 5.2642241, 50.9874782 ], [ 5.264315, 50.9874903 ] ] ] } },
{ "type": "Feature", "properties": { "element_type": "way", "osmid": 232211938, "access": null, "addr:housenumber": null, "addr:street": null, "building": "yes", "addr:city": null, "addr:country": null, "addr:postcode": null, "addr:state": null, "name": null, "source": "AGIV Flandres GRB", "landuse": null, "amenity": null, "beds": null, "contact:website": null, "internet_access": null, "internet_access:fee": null, "rooms": null, "smoking": null, "stars": null, "tourism": null, "wheelchair": null, "denomination": null, "historic": null, "religion": null, "start_date": null, "description": null, "website": null, "changing_table": null, "fee": null, "female": null, "male": null, "operator": null, "toilets:disposal": null, "toilets:position": null, "layer": null, "long_name": null, "year_of_construction": null, "ways": null, "type": null }, "geometry": { "type": "Polygon", "coordinates": [ [ [ 5.2565842, 50.9862131 ], [ 5.2564893, 50.9861743 ], [ 5.2564596, 50.986203 ], [ 5.2563909, 50.9861749 ], [ 5.2563664, 50.9861986 ], [ 5.2563385, 50.9861872 ], [ 5.25628, 50.9862439 ], [ 5.2563752, 50.9862828 ], [ 5.2563681, 50.9862896 ], [ 5.2564293, 50.9863146 ], [ 5.2564203, 50.9863234 ], [ 5.2564555, 50.9863378 ], [ 5.2565842, 50.9862131 ] ] ] } },
{ "type": "Feature", "properties": { "element_type": "way", "osmid": 232211939, "access": null, "addr:housenumber": null, "addr:street": null, "building": "yes", "addr:city": null, "addr:country": null, "addr:postcode": null, "addr:state": null, "name": null, "source": null, "landuse": null, "amenity": null, "beds": null, "contact:website": null, "internet_access": null, "internet_access:fee": null, "rooms": null, "smoking": null, "stars": null, "tourism": null, "wheelchair": null, "denomination": null, "historic": null, "religion": null, "start_date": null, "description": null, "website": null, "changing_table": null, "fee": null, "female": null, "male": null, "operator": null, "toilets:disposal": null, "toilets:position": null, "layer": null, "long_name": null, "year_of_construction": null, "ways": null, "type": null }, "geometry": { "type": "Polygon", "coordinates": [ [ [ 5.2587389, 50.9868883 ], [ 5.2584774, 50.9868579 ], [ 5.2584523, 50.9869436 ], [ 5.2587137, 50.9869739 ], [ 5.2587389, 50.9868883 ] ] ] } },
{ "type": "Feature", "properties": { "element_type": "way", "osmid": 232211940, "access": null, "addr:housenumber": "41", "addr:street": "Pastoor Ballingsstraat", "building": "house", "addr:city": "Heusden-Zolder", "addr:country": "BE", "addr:postcode": "3550", "addr:state": "Limburg", "name": null, "source": "AGIV Flandres GRB", "landuse": null, "amenity": null, "beds": null, "contact:website": null, "internet_access": null, "internet_access:fee": null, "rooms": null, "smoking": null, "stars": null, "tourism": null, "wheelchair": null, "denomination": null, "historic": null, "religion": null, "start_date": null, "description": null, "website": null, "changing_table": null, "fee": null, "female": null, "male": null, "operator": null, "toilets:disposal": null, "toilets:position": null, "layer": null, "long_name": null, "year_of_construction": null, "ways": null, "type": null }, "geometry": { "type": "Polygon", "coordinates": [ [ [ 5.2547123, 50.990249 ], [ 5.2546708, 50.9902321 ], [ 5.2546533, 50.9902461 ], [ 5.2545936, 50.9902195 ], [ 5.2546433, 50.9901735 ], [ 5.2545273, 50.990122 ], [ 5.2545252, 50.990122 ], [ 5.2545105, 50.9901346 ], [ 5.2544743, 50.9901182 ], [ 5.254485, 50.9901076 ], [ 5.2544642, 50.9900975 ], [ 5.2545889, 50.9899856 ], [ 5.2546674, 50.9900203 ], [ 5.2546063, 50.990076 ], [ 5.2548055, 50.9901646 ], [ 5.2547123, 50.990249 ] ] ] } },
{ "type": "Feature", "properties": { "element_type": "way", "osmid": 232211941, "access": null, "addr:housenumber": null, "addr:street": null, "building": null, "addr:city": null, "addr:country": null, "addr:postcode": null, "addr:state": null, "name": null, "source": null, "landuse": "forest", "amenity": null, "beds": null, "contact:website": null, "internet_access": null, "internet_access:fee": null, "rooms": null, "smoking": null, "stars": null, "tourism": null, "wheelchair": null, "denomination": null, "historic": null, "religion": null, "start_date": null, "description": null, "website": null, "changing_table": null, "fee": null, "female": null, "male": null, "operator": null, "toilets:disposal": null, "toilets:position": null, "layer": null, "long_name": null, "year_of_construction": null, "ways": null, "type": null }, "geometry": { "type": "Polygon", "coordinates": [ [ [ 5.2532223, 50.9869992 ], [ 5.2538117, 50.987189 ], [ 5.2535212, 50.9874939 ], [ 5.2537454, 50.9875657 ], [ 5.2535821, 50.9877367 ], [ 5.2529127, 50.9874698 ], [ 5.2532223, 50.9869992 ] ] ] } },
{ "type": "Feature", "properties": { "element_type": "way", "osmid": 232211948, "access": null, "addr:housenumber": null, "addr:street": null, "building": null, "addr:city": null, "addr:country": null, "addr:postcode": null, "addr:state": null, "name": null, "source": null, "landuse": "forest", "amenity": null, "beds": null, "contact:website": null, "internet_access": null, "internet_access:fee": null, "rooms": null, "smoking": null, "stars": null, "tourism": null, "wheelchair": null, "denomination": null, "historic": null, "religion": null, "start_date": null, "description": null, "website": null, "changing_table": null, "fee": null, "female": null, "male": null, "operator": null, "toilets:disposal": null, "toilets:position": null, "layer": null, "long_name": null, "year_of_construction": null, "ways": null, "type": null }, "geometry": { "type": "Polygon", "coordinates": [ [ [ 5.2610093, 50.9914846 ], [ 5.2603097, 50.9912053 ], [ 5.2599001, 50.9909368 ], [ 5.2598489, 50.9909583 ], [ 5.2600708, 50.9912447 ], [ 5.2604519, 50.9914882 ], [ 5.2609467, 50.9917388 ], [ 5.2617205, 50.9920674 ], [ 5.2619374, 50.991867 ], [ 5.2610093, 50.9914846 ] ] ] } },
{ "type": "Feature", "properties": { "element_type": "way", "osmid": 232211950, "access": null, "addr:housenumber": null, "addr:street": null, "building": null, "addr:city": null, "addr:country": null, "addr:postcode": null, "addr:state": null, "name": null, "source": null, "landuse": "forest", "amenity": null, "beds": null, "contact:website": null, "internet_access": null, "internet_access:fee": null, "rooms": null, "smoking": null, "stars": null, "tourism": null, "wheelchair": null, "denomination": null, "historic": null, "religion": null, "start_date": null, "description": null, "website": null, "changing_table": null, "fee": null, "female": null, "male": null, "operator": null, "toilets:disposal": null, "toilets:position": null, "layer": null, "long_name": null, "year_of_construction": null, "ways": null, "type": null }, "geometry": { "type": "Polygon", "coordinates": [ [ [ 5.2546668, 50.9854347 ], [ 5.2553154, 50.9855898 ], [ 5.2551429, 50.9857382 ], [ 5.2549886, 50.9858412 ], [ 5.2547114, 50.9859987 ], [ 5.2540611, 50.9863613 ], [ 5.2538593, 50.9864913 ], [ 5.2537814, 50.9865846 ], [ 5.2537306, 50.9865929 ], [ 5.2536465, 50.9864662 ], [ 5.2536785, 50.9863912 ], [ 5.2537831, 50.9862065 ], [ 5.2539327, 50.9860161 ], [ 5.2541875, 50.985848 ], [ 5.2545133, 50.9855989 ], [ 5.2546668, 50.9854347 ] ] ] } },
{ "type": "Feature", "properties": { "element_type": "way", "osmid": 232211959, "access": null, "addr:housenumber": null, "addr:street": null, "building": null, "addr:city": null, "addr:country": null, "addr:postcode": null, "addr:state": null, "name": null, "source": null, "landuse": "forest", "amenity": null, "beds": null, "contact:website": null, "internet_access": null, "internet_access:fee": null, "rooms": null, "smoking": null, "stars": null, "tourism": null, "wheelchair": null, "denomination": null, "historic": null, "religion": null, "start_date": null, "description": null, "website": null, "changing_table": null, "fee": null, "female": null, "male": null, "operator": null, "toilets:disposal": null, "toilets:position": null, "layer": null, "long_name": null, "year_of_construction": null, "ways": null, "type": null }, "geometry": { "type": "Polygon", "coordinates": [ [ [ 5.2558717, 50.9870884 ], [ 5.2560209, 50.9871182 ], [ 5.2562582, 50.9872321 ], [ 5.2564231, 50.9874119 ], [ 5.2564794, 50.9876068 ], [ 5.256411, 50.9878676 ], [ 5.2562662, 50.9882221 ], [ 5.2560571, 50.9881461 ], [ 5.2559119, 50.988066 ], [ 5.2562928, 50.9875426 ], [ 5.2558476, 50.9874784 ], [ 5.2554211, 50.9878515 ], [ 5.2550644, 50.9876911 ], [ 5.255295, 50.9875037 ], [ 5.2555767, 50.9874531 ], [ 5.2558717, 50.9870884 ] ] ] } },
{ "type": "Feature", "properties": { "element_type": "way", "osmid": 232211960, "access": null, "addr:housenumber": null, "addr:street": null, "building": null, "addr:city": null, "addr:country": null, "addr:postcode": null, "addr:state": null, "name": null, "source": null, "landuse": "forest", "amenity": null, "beds": null, "contact:website": null, "internet_access": null, "internet_access:fee": null, "rooms": null, "smoking": null, "stars": null, "tourism": null, "wheelchair": null, "denomination": null, "historic": null, "religion": null, "start_date": null, "description": null, "website": null, "changing_table": null, "fee": null, "female": null, "male": null, "operator": null, "toilets:disposal": null, "toilets:position": null, "layer": null, "long_name": null, "year_of_construction": null, "ways": null, "type": null }, "geometry": { "type": "Polygon", "coordinates": [ [ [ 5.2601647, 50.9876935 ], [ 5.2595643, 50.987621 ], [ 5.2596714, 50.9873036 ], [ 5.2588864, 50.9872248 ], [ 5.2584279, 50.9872032 ], [ 5.2583058, 50.9874776 ], [ 5.257791, 50.9873756 ], [ 5.2567403, 50.9871646 ], [ 5.256899, 50.9868638 ], [ 5.2564993, 50.9867473 ], [ 5.2563116, 50.9870749 ], [ 5.2561399, 50.9870411 ], [ 5.2563384, 50.9867152 ], [ 5.2543107, 50.9863184 ], [ 5.2550107, 50.9859588 ], [ 5.2551426, 50.9858891 ], [ 5.2553229, 50.9857317 ], [ 5.2553798, 50.9856815 ], [ 5.2554395, 50.9856511 ], [ 5.2554793, 50.9856457 ], [ 5.2555647, 50.9856636 ], [ 5.2563196, 50.9859723 ], [ 5.2567542, 50.986153 ], [ 5.2572597, 50.9863547 ], [ 5.2575159, 50.9864653 ], [ 5.2572235, 50.986798 ], [ 5.2578592, 50.9869955 ], [ 5.2581282, 50.9866868 ], [ 5.258228, 50.9867161 ], [ 5.2584381, 50.9867601 ], [ 5.2583179, 50.9870546 ], [ 5.2589026, 50.9871238 ], [ 5.2590116, 50.9868452 ], [ 5.2596862, 50.9869119 ], [ 5.2597658, 50.986928 ], [ 5.26009, 50.9870659 ], [ 5.2604029, 50.9872163 ], [ 5.2606787, 50.9874776 ], [ 5.2608578, 50.9876387 ], [ 5.2609041, 50.9876994 ], [ 5.2609121, 50.9877298 ], [ 5.2609081, 50.9877475 ], [ 5.260884, 50.9877665 ], [ 5.2608518, 50.9877817 ], [ 5.2608216, 50.987788 ], [ 5.2607653, 50.9877855 ], [ 5.2605173, 50.9877384 ], [ 5.2601647, 50.9876935 ] ] ] } },
{ "type": "Feature", "properties": { "element_type": "way", "osmid": 232211961, "access": null, "addr:housenumber": null, "addr:street": null, "building": null, "addr:city": null, "addr:country": null, "addr:postcode": null, "addr:state": null, "name": null, "source": null, "landuse": "forest", "amenity": null, "beds": null, "contact:website": null, "internet_access": null, "internet_access:fee": null, "rooms": null, "smoking": null, "stars": null, "tourism": null, "wheelchair": null, "denomination": null, "historic": null, "religion": null, "start_date": null, "description": null, "website": null, "changing_table": null, "fee": null, "female": null, "male": null, "operator": null, "toilets:disposal": null, "toilets:position": null, "layer": null, "long_name": null, "year_of_construction": null, "ways": null, "type": null }, "geometry": { "type": "Polygon", "coordinates": [ [ [ 5.2613851, 50.9937076 ], [ 5.2613201, 50.9937597 ], [ 5.2613872, 50.9937838 ], [ 5.2615937, 50.9938578 ], [ 5.2627318, 50.994266 ], [ 5.2629409, 50.9941268 ], [ 5.2630898, 50.994185 ], [ 5.2628685, 50.9944786 ], [ 5.2621969, 50.9945141 ], [ 5.262213, 50.994628 ], [ 5.2618439, 50.9946609 ], [ 5.2617303, 50.994671 ], [ 5.2617585, 50.9949065 ], [ 5.2618791, 50.9948963 ], [ 5.2618965, 50.9950035 ], [ 5.2614327, 50.9950634 ], [ 5.2612839, 50.9950811 ], [ 5.2604064, 50.9947753 ], [ 5.260383, 50.9947672 ], [ 5.2604921, 50.9946517 ], [ 5.2605886, 50.9945538 ], [ 5.2605376, 50.994369 ], [ 5.2596206, 50.9940096 ], [ 5.2603139, 50.9933153 ], [ 5.2613851, 50.9937076 ] ] ] } },
{ "type": "Feature", "properties": { "element_type": "way", "osmid": 232211962, "access": null, "addr:housenumber": null, "addr:street": null, "building": null, "addr:city": null, "addr:country": null, "addr:postcode": null, "addr:state": null, "name": null, "source": null, "landuse": "forest", "amenity": null, "beds": null, "contact:website": null, "internet_access": null, "internet_access:fee": null, "rooms": null, "smoking": null, "stars": null, "tourism": null, "wheelchair": null, "denomination": null, "historic": null, "religion": null, "start_date": null, "description": null, "website": null, "changing_table": null, "fee": null, "female": null, "male": null, "operator": null, "toilets:disposal": null, "toilets:position": null, "layer": null, "long_name": null, "year_of_construction": null, "ways": null, "type": null }, "geometry": { "type": "Polygon", "coordinates": [ [ [ 5.2646635, 50.9940119 ], [ 5.2648496, 50.9942182 ], [ 5.2649427, 50.9943233 ], [ 5.2649469, 50.9943804 ], [ 5.2649182, 50.9944223 ], [ 5.264871, 50.9944725 ], [ 5.2647174, 50.994528 ], [ 5.2631362, 50.9949164 ], [ 5.2625389, 50.995065 ], [ 5.2622744, 50.9951438 ], [ 5.2622403, 50.9951205 ], [ 5.2622147, 50.9950775 ], [ 5.2625503, 50.9950006 ], [ 5.262829, 50.994886 ], [ 5.2630935, 50.9947518 ], [ 5.2634831, 50.9945029 ], [ 5.2639012, 50.9942022 ], [ 5.2640007, 50.9941163 ], [ 5.2640604, 50.9941127 ], [ 5.2644875, 50.9941016 ], [ 5.2646635, 50.9940119 ] ] ] } },
{ "type": "Feature", "properties": { "element_type": "way", "osmid": 232211972, "access": null, "addr:housenumber": null, "addr:street": null, "building": null, "addr:city": null, "addr:country": null, "addr:postcode": null, "addr:state": null, "name": null, "source": null, "landuse": "forest", "amenity": null, "beds": null, "contact:website": null, "internet_access": null, "internet_access:fee": null, "rooms": null, "smoking": null, "stars": null, "tourism": null, "wheelchair": null, "denomination": null, "historic": null, "religion": null, "start_date": null, "description": null, "website": null, "changing_table": null, "fee": null, "female": null, "male": null, "operator": null, "toilets:disposal": null, "toilets:position": null, "layer": null, "long_name": null, "year_of_construction": null, "ways": null, "type": null }, "geometry": { "type": "Polygon", "coordinates": [ [ [ 5.259814, 50.9917199 ], [ 5.2623303, 50.9927684 ], [ 5.2613851, 50.9937076 ], [ 5.2603139, 50.9933153 ], [ 5.2596206, 50.9940096 ], [ 5.2605376, 50.994369 ], [ 5.2605886, 50.9945538 ], [ 5.2604921, 50.9946517 ], [ 5.2599889, 50.9944678 ], [ 5.259516, 50.9950296 ], [ 5.2594139, 50.9952573 ], [ 5.2608754, 50.9958372 ], [ 5.2604089, 50.9961258 ], [ 5.2600549, 50.9962017 ], [ 5.2597171, 50.9961916 ], [ 5.259339, 50.9960651 ], [ 5.2585909, 50.9957562 ], [ 5.2584944, 50.99566 ], [ 5.2584381, 50.9955335 ], [ 5.2585105, 50.9953765 ], [ 5.258607, 50.99525 ], [ 5.2586231, 50.995088 ], [ 5.2585588, 50.9949057 ], [ 5.2585105, 50.9947994 ], [ 5.2585105, 50.9946829 ], [ 5.2587518, 50.994288 ], [ 5.2590414, 50.9936298 ], [ 5.2591058, 50.9931337 ], [ 5.2590414, 50.9930628 ], [ 5.2588886, 50.9930122 ], [ 5.2585829, 50.9925059 ], [ 5.2579193, 50.9916401 ], [ 5.2580721, 50.9915945 ], [ 5.259335, 50.9921236 ], [ 5.259814, 50.9917199 ] ] ] } },
{ "type": "Feature", "properties": { "element_type": "way", "osmid": 232211973, "access": null, "addr:housenumber": null, "addr:street": null, "building": null, "addr:city": null, "addr:country": null, "addr:postcode": null, "addr:state": null, "name": null, "source": null, "landuse": "forest", "amenity": null, "beds": null, "contact:website": null, "internet_access": null, "internet_access:fee": null, "rooms": null, "smoking": null, "stars": null, "tourism": null, "wheelchair": null, "denomination": null, "historic": null, "religion": null, "start_date": null, "description": null, "website": null, "changing_table": null, "fee": null, "female": null, "male": null, "operator": null, "toilets:disposal": null, "toilets:position": null, "layer": null, "long_name": null, "year_of_construction": null, "ways": null, "type": null }, "geometry": { "type": "Polygon", "coordinates": [ [ [ 5.2530477, 50.9904144 ], [ 5.2528007, 50.990321 ], [ 5.2534958, 50.9894309 ], [ 5.2535925, 50.9893844 ], [ 5.2536863, 50.9893844 ], [ 5.2538655, 50.9894649 ], [ 5.2542153, 50.9896135 ], [ 5.2541621, 50.9896568 ], [ 5.2536892, 50.989524 ], [ 5.2536039, 50.9895509 ], [ 5.2534759, 50.9897102 ], [ 5.25382, 50.9900342 ], [ 5.2540532, 50.9902007 ], [ 5.2541328, 50.990147 ], [ 5.2542694, 50.9901756 ], [ 5.254184, 50.9902598 ], [ 5.2557565, 50.9908791 ], [ 5.2557174, 50.9908972 ], [ 5.2556388, 50.9909282 ], [ 5.2554129, 50.9910223 ], [ 5.2552597, 50.9910898 ], [ 5.2551749, 50.9911156 ], [ 5.2551277, 50.991123 ], [ 5.2550887, 50.9911219 ], [ 5.2550423, 50.9911164 ], [ 5.2553671, 50.9908308 ], [ 5.2550003, 50.9906894 ], [ 5.25471, 50.9909986 ], [ 5.2541524, 50.990796 ], [ 5.2542239, 50.990727 ], [ 5.254403, 50.9907359 ], [ 5.2544542, 50.9907055 ], [ 5.2546049, 50.9905408 ], [ 5.2544258, 50.9904209 ], [ 5.2539756, 50.9902625 ], [ 5.253734, 50.9903841 ], [ 5.2536294, 50.9904685 ], [ 5.2539083, 50.9905614 ], [ 5.2539109, 50.9907181 ], [ 5.2532378, 50.9904753 ], [ 5.2530477, 50.9904144 ] ] ] } },
{ "type": "Feature", "properties": { "element_type": "way", "osmid": 232211974, "access": null, "addr:housenumber": null, "addr:street": null, "building": null, "addr:city": null, "addr:country": null, "addr:postcode": null, "addr:state": null, "name": null, "source": null, "landuse": "forest", "amenity": null, "beds": null, "contact:website": null, "internet_access": null, "internet_access:fee": null, "rooms": null, "smoking": null, "stars": null, "tourism": null, "wheelchair": null, "denomination": null, "historic": null, "religion": null, "start_date": null, "description": null, "website": null, "changing_table": null, "fee": null, "female": null, "male": null, "operator": null, "toilets:disposal": null, "toilets:position": null, "layer": null, "long_name": null, "year_of_construction": null, "ways": null, "type": null }, "geometry": { "type": "Polygon", "coordinates": [ [ [ 5.2582052, 50.9863016 ], [ 5.2586612, 50.9864045 ], [ 5.2585593, 50.986666 ], [ 5.2588744, 50.9867051 ], [ 5.2590287, 50.9863083 ], [ 5.2595262, 50.9863682 ], [ 5.2593975, 50.9867802 ], [ 5.259739, 50.9868373 ], [ 5.2600425, 50.986917 ], [ 5.2602746, 50.9866637 ], [ 5.2609572, 50.9868689 ], [ 5.2617248, 50.9864075 ], [ 5.2622796, 50.9861782 ], [ 5.2622756, 50.9860541 ], [ 5.2622139, 50.9859005 ], [ 5.262163, 50.9858972 ], [ 5.2621228, 50.9859351 ], [ 5.2621268, 50.9859934 ], [ 5.2621429, 50.9860744 ], [ 5.2621429, 50.9861377 ], [ 5.2620423, 50.986206 ], [ 5.2619217, 50.9863098 ], [ 5.2617367, 50.9863554 ], [ 5.2615919, 50.9863352 ], [ 5.2612983, 50.9863149 ], [ 5.2605099, 50.986244 ], [ 5.2597699, 50.9861731 ], [ 5.2593235, 50.9861149 ], [ 5.2588489, 50.9859782 ], [ 5.2584587, 50.9859047 ], [ 5.2584346, 50.9859706 ], [ 5.2576744, 50.9856921 ], [ 5.257232, 50.9854946 ], [ 5.257016, 50.9853722 ], [ 5.2569505, 50.9853351 ], [ 5.2559677, 50.9849535 ], [ 5.2559208, 50.9850143 ], [ 5.2560496, 50.9850616 ], [ 5.257114, 50.9855401 ], [ 5.2570041, 50.9856651 ], [ 5.2577253, 50.9859713 ], [ 5.2580282, 50.9861732 ], [ 5.2577938, 50.9864499 ], [ 5.2580444, 50.9865453 ], [ 5.2582052, 50.9863016 ] ] ] } },
{ "type": "Feature", "properties": { "element_type": "way", "osmid": 232211993, "access": null, "addr:housenumber": null, "addr:street": null, "building": null, "addr:city": null, "addr:country": null, "addr:postcode": null, "addr:state": null, "name": "Galgenberg", "source": null, "landuse": "forest", "amenity": null, "beds": null, "contact:website": null, "internet_access": null, "internet_access:fee": null, "rooms": null, "smoking": null, "stars": null, "tourism": null, "wheelchair": null, "denomination": null, "historic": null, "religion": null, "start_date": null, "description": null, "website": null, "changing_table": null, "fee": null, "female": null, "male": null, "operator": null, "toilets:disposal": null, "toilets:position": null, "layer": null, "long_name": null, "year_of_construction": null, "ways": null, "type": null }, "geometry": { "type": "Polygon", "coordinates": [ [ [ 5.2588036, 50.9887333 ], [ 5.2591961, 50.9882642 ], [ 5.2590525, 50.9881216 ], [ 5.2596241, 50.987708 ], [ 5.2601177, 50.987759 ], [ 5.2598191, 50.9879469 ], [ 5.2604391, 50.988271 ], [ 5.2606893, 50.9882889 ], [ 5.2607399, 50.9878954 ], [ 5.2610698, 50.9879461 ], [ 5.2610108, 50.9883614 ], [ 5.2611396, 50.9884188 ], [ 5.2614936, 50.9884408 ], [ 5.2616036, 50.9880254 ], [ 5.2609384, 50.9878567 ], [ 5.2610135, 50.987784 ], [ 5.2615767, 50.9878897 ], [ 5.2616477, 50.9877142 ], [ 5.2616364, 50.9874009 ], [ 5.2609496, 50.9876033 ], [ 5.2608861, 50.9875456 ], [ 5.261102, 50.9874683 ], [ 5.261278, 50.9873275 ], [ 5.2611273, 50.9871897 ], [ 5.2609437, 50.9872585 ], [ 5.2607547, 50.9870948 ], [ 5.2611195, 50.9868748 ], [ 5.2614024, 50.9870748 ], [ 5.261735, 50.986895 ], [ 5.2614159, 50.9866966 ], [ 5.2619187, 50.9864105 ], [ 5.2619378, 50.9864897 ], [ 5.2618369, 50.98655 ], [ 5.261835, 50.986703 ], [ 5.2618446, 50.9869756 ], [ 5.2616813, 50.9870426 ], [ 5.2616732, 50.9872569 ], [ 5.2623835, 50.9873797 ], [ 5.2631527, 50.9875141 ], [ 5.2647287, 50.9877822 ], [ 5.2651487, 50.9878332 ], [ 5.2666636, 50.9881311 ], [ 5.2682697, 50.9884054 ], [ 5.2682306, 50.9884787 ], [ 5.2695045, 50.9887902 ], [ 5.2702633, 50.9889843 ], [ 5.2703848, 50.9888728 ], [ 5.2704662, 50.9888996 ], [ 5.2704242, 50.9889649 ], [ 5.2708022, 50.9890704 ], [ 5.2707083, 50.9891944 ], [ 5.2719593, 50.9895447 ], [ 5.2726438, 50.989745 ], [ 5.2732706, 50.989864 ], [ 5.2733217, 50.9898759 ], [ 5.2732608, 50.9899805 ], [ 5.2732028, 50.9900683 ], [ 5.2731261, 50.9901713 ], [ 5.2730706, 50.9902391 ], [ 5.2730135, 50.9903054 ], [ 5.2729606, 50.9903575 ], [ 5.2728794, 50.9904155 ], [ 5.2727972, 50.9904774 ], [ 5.2727279, 50.9905323 ], [ 5.2725816, 50.9906573 ], [ 5.272461, 50.9907601 ], [ 5.2723618, 50.9908475 ], [ 5.2722134, 50.990997 ], [ 5.2721915, 50.9910137 ], [ 5.272144, 50.9910388 ], [ 5.2721257, 50.9910503 ], [ 5.2715657, 50.9915189 ], [ 5.2713615, 50.9916913 ], [ 5.271145, 50.9918738 ], [ 5.2707841, 50.9921524 ], [ 5.2704578, 50.9924145 ], [ 5.270366, 50.9924908 ], [ 5.2702328, 50.992618 ], [ 5.270198, 50.9926544 ], [ 5.2701806, 50.9926691 ], [ 5.2701691, 50.9926767 ], [ 5.2701552, 50.9926835 ], [ 5.2701402, 50.9926871 ], [ 5.2701168, 50.9926881 ], [ 5.2700858, 50.9926902 ], [ 5.2700599, 50.9926937 ], [ 5.2700254, 50.9927025 ], [ 5.269995, 50.9927137 ], [ 5.2697599, 50.992804 ], [ 5.2685969, 50.9932552 ], [ 5.2685553, 50.9932516 ], [ 5.2685114, 50.9932449 ], [ 5.2643223, 50.9923652 ], [ 5.2637873, 50.9922487 ], [ 5.2623354, 50.9918665 ], [ 5.2606805, 50.9912417 ], [ 5.260252, 50.9910488 ], [ 5.2600992, 50.9909475 ], [ 5.2600107, 50.990864 ], [ 5.2599222, 50.9907703 ], [ 5.2597372, 50.9903982 ], [ 5.2598217, 50.9903754 ], [ 5.2597493, 50.9902209 ], [ 5.259516, 50.9900412 ], [ 5.2590856, 50.9898311 ], [ 5.2581928, 50.9895475 ], [ 5.2581244, 50.9896184 ], [ 5.2574728, 50.9893842 ], [ 5.2576684, 50.9891718 ], [ 5.2578151, 50.9892142 ], [ 5.2579388, 50.9891674 ], [ 5.2581046, 50.989195 ], [ 5.2582795, 50.9889339 ], [ 5.2576373, 50.9888984 ], [ 5.2574994, 50.9888838 ], [ 5.2570765, 50.9888208 ], [ 5.2569854, 50.9888198 ], [ 5.2566934, 50.9888892 ], [ 5.2566556, 50.9888903 ], [ 5.2566113, 50.9888687 ], [ 5.2564673, 50.9886753 ], [ 5.2563725, 50.9883655 ], [ 5.2588036, 50.9887333 ] ] ] } },
{ "type": "Feature", "properties": { "element_type": "way", "osmid": 232217271, "access": null, "addr:housenumber": null, "addr:street": null, "building": null, "addr:city": null, "addr:country": null, "addr:postcode": null, "addr:state": null, "name": null, "source": null, "landuse": "forest", "amenity": null, "beds": null, "contact:website": null, "internet_access": null, "internet_access:fee": null, "rooms": null, "smoking": null, "stars": null, "tourism": null, "wheelchair": null, "denomination": null, "historic": null, "religion": null, "start_date": null, "description": null, "website": null, "changing_table": null, "fee": null, "female": null, "male": null, "operator": null, "toilets:disposal": null, "toilets:position": null, "layer": null, "long_name": null, "year_of_construction": null, "ways": null, "type": null }, "geometry": { "type": "Polygon", "coordinates": [ [ [ 5.2486079, 50.9918269 ], [ 5.2490205, 50.9919513 ], [ 5.2489553, 50.9920263 ], [ 5.2480383, 50.9930815 ], [ 5.2483987, 50.9932937 ], [ 5.248666, 50.9934327 ], [ 5.2488113, 50.993312 ], [ 5.2492529, 50.9934363 ], [ 5.2490205, 50.9936631 ], [ 5.2492413, 50.9938277 ], [ 5.2491541, 50.9938789 ], [ 5.2489526, 50.9937565 ], [ 5.2484916, 50.9934766 ], [ 5.2481197, 50.9933302 ], [ 5.2478175, 50.993023 ], [ 5.2465797, 50.9918232 ], [ 5.2460102, 50.9930011 ], [ 5.2459986, 50.9930998 ], [ 5.2461148, 50.9931839 ], [ 5.2465739, 50.9934253 ], [ 5.2467715, 50.9934912 ], [ 5.2469342, 50.9934912 ], [ 5.2471027, 50.9934656 ], [ 5.2473003, 50.9934839 ], [ 5.247463, 50.9935314 ], [ 5.2476141, 50.993685 ], [ 5.247678, 50.9939045 ], [ 5.2485845, 50.9939874 ], [ 5.2487458, 50.9940038 ], [ 5.2493051, 50.9940605 ], [ 5.2495172, 50.9941044 ], [ 5.2498747, 50.9942622 ], [ 5.2500185, 50.9943812 ], [ 5.2492308, 50.9951507 ], [ 5.2498669, 50.9954361 ], [ 5.2496495, 50.9956237 ], [ 5.2494224, 50.9958074 ], [ 5.2486216, 50.9956589 ], [ 5.2481963, 50.9955399 ], [ 5.247962, 50.9954636 ], [ 5.24781, 50.9953951 ], [ 5.2477258, 50.995549 ], [ 5.2476333, 50.9955373 ], [ 5.2476856, 50.9953914 ], [ 5.2477393, 50.9953019 ], [ 5.2478624, 50.9952323 ], [ 5.2479967, 50.9952513 ], [ 5.248391, 50.9953863 ], [ 5.2485258, 50.9953817 ], [ 5.2486351, 50.9953238 ], [ 5.2491636, 50.9947104 ], [ 5.2491619, 50.9946253 ], [ 5.2490806, 50.9945346 ], [ 5.2488513, 50.9943651 ], [ 5.2485764, 50.994185 ], [ 5.24834, 50.9941494 ], [ 5.2479716, 50.9942344 ], [ 5.2477729, 50.9944319 ], [ 5.2475152, 50.9947238 ], [ 5.2474976, 50.994871 ], [ 5.2475019, 50.9949837 ], [ 5.2477031, 50.9950624 ], [ 5.2476248, 50.9951578 ], [ 5.2472941, 50.9953028 ], [ 5.2468292, 50.9951748 ], [ 5.2464514, 50.9953284 ], [ 5.2467711, 50.9956686 ], [ 5.246957, 50.9956137 ], [ 5.2471197, 50.9957746 ], [ 5.2465328, 50.9959209 ], [ 5.2463759, 50.9957417 ], [ 5.2465154, 50.9956978 ], [ 5.2461667, 50.9953869 ], [ 5.24594, 50.9954564 ], [ 5.2458354, 50.9958587 ], [ 5.2454984, 50.9958149 ], [ 5.2453938, 50.9961221 ], [ 5.2451265, 50.9960965 ], [ 5.2450489, 50.9962948 ], [ 5.2448015, 50.9962642 ], [ 5.2448564, 50.9961029 ], [ 5.2440836, 50.9959997 ], [ 5.2439177, 50.9959758 ], [ 5.2448491, 50.9942216 ], [ 5.2456956, 50.9926491 ], [ 5.2458402, 50.9923813 ], [ 5.2459636, 50.9921652 ], [ 5.246386, 50.9913714 ], [ 5.2465518, 50.9914967 ], [ 5.2467668, 50.990937 ], [ 5.2472724, 50.9911784 ], [ 5.2474235, 50.9910797 ], [ 5.2475281, 50.9912443 ], [ 5.2485044, 50.9916613 ], [ 5.2488182, 50.9913613 ], [ 5.2478245, 50.9909443 ], [ 5.2477257, 50.9908968 ], [ 5.2478535, 50.990809 ], [ 5.2483184, 50.9910431 ], [ 5.2490142, 50.9913299 ], [ 5.2486079, 50.9918269 ] ] ] } },
{ "type": "Feature", "properties": { "element_type": "way", "osmid": 232232085, "access": null, "addr:housenumber": null, "addr:street": null, "building": null, "addr:city": null, "addr:country": null, "addr:postcode": null, "addr:state": null, "name": null, "source": null, "landuse": "forest", "amenity": null, "beds": null, "contact:website": null, "internet_access": null, "internet_access:fee": null, "rooms": null, "smoking": null, "stars": null, "tourism": null, "wheelchair": null, "denomination": null, "historic": null, "religion": null, "start_date": null, "description": null, "website": null, "changing_table": null, "fee": null, "female": null, "male": null, "operator": null, "toilets:disposal": null, "toilets:position": null, "layer": null, "long_name": null, "year_of_construction": null, "ways": null, "type": null }, "geometry": { "type": "Polygon", "coordinates": [ [ [ 5.2655018, 50.9944922 ], [ 5.2655267, 50.994543 ], [ 5.2652386, 50.9946294 ], [ 5.2648877, 50.994719 ], [ 5.2644411, 50.9948347 ], [ 5.2641311, 50.9949149 ], [ 5.2638223, 50.9949934 ], [ 5.2635379, 50.9950677 ], [ 5.2634331, 50.9950999 ], [ 5.2633491, 50.9951277 ], [ 5.263276, 50.9951556 ], [ 5.2631902, 50.9951891 ], [ 5.2631051, 50.995225 ], [ 5.2628477, 50.9953408 ], [ 5.2626062, 50.9954519 ], [ 5.2622652, 50.9954632 ], [ 5.2622469, 50.9954248 ], [ 5.262311, 50.9953922 ], [ 5.2623598, 50.9953922 ], [ 5.2625184, 50.9953787 ], [ 5.2626099, 50.9953519 ], [ 5.2627289, 50.9953 ], [ 5.2627991, 50.9952616 ], [ 5.2628265, 50.9952251 ], [ 5.2628056, 50.995194 ], [ 5.2655018, 50.9944922 ] ] ] } },
{ "type": "Feature", "properties": { "element_type": "way", "osmid": 232232136, "access": null, "addr:housenumber": null, "addr:street": null, "building": null, "addr:city": null, "addr:country": null, "addr:postcode": null, "addr:state": null, "name": null, "source": null, "landuse": "forest", "amenity": null, "beds": null, "contact:website": null, "internet_access": null, "internet_access:fee": null, "rooms": null, "smoking": null, "stars": null, "tourism": null, "wheelchair": null, "denomination": null, "historic": null, "religion": null, "start_date": null, "description": null, "website": null, "changing_table": null, "fee": null, "female": null, "male": null, "operator": null, "toilets:disposal": null, "toilets:position": null, "layer": null, "long_name": null, "year_of_construction": null, "ways": null, "type": null }, "geometry": { "type": "Polygon", "coordinates": [ [ [ 5.2510175, 50.9928342 ], [ 5.2507482, 50.993135 ], [ 5.2502812, 50.9930023 ], [ 5.2504441, 50.9928139 ], [ 5.2506973, 50.9928961 ], [ 5.2508142, 50.9927581 ], [ 5.2510175, 50.9928342 ] ] ] } },
{ "type": "Feature", "properties": { "element_type": "way", "osmid": 316735438, "access": null, "addr:housenumber": null, "addr:street": null, "building": "chapel", "addr:city": null, "addr:country": null, "addr:postcode": null, "addr:state": null, "name": "Banneuxkapel", "source": null, "landuse": null, "amenity": "place_of_worship", "beds": null, "contact:website": null, "internet_access": null, "internet_access:fee": null, "rooms": null, "smoking": null, "stars": null, "tourism": null, "wheelchair": null, "denomination": "roman_catholic", "historic": "wayside_chapel", "religion": "christian", "start_date": "1946", "description": null, "website": null, "changing_table": null, "fee": null, "female": null, "male": null, "operator": null, "toilets:disposal": null, "toilets:position": null, "layer": null, "long_name": null, "year_of_construction": null, "ways": null, "type": null }, "geometry": { "type": "Polygon", "coordinates": [ [ [ 5.2591449, 50.9926346 ], [ 5.2592099, 50.9926415 ], [ 5.2592144, 50.9926246 ], [ 5.2592188, 50.9926082 ], [ 5.2591539, 50.9926013 ], [ 5.2591449, 50.9926346 ] ] ] } },
{ "type": "Feature", "properties": { "element_type": "way", "osmid": 316735441, "access": null, "addr:housenumber": null, "addr:street": null, "building": "chapel", "addr:city": null, "addr:country": null, "addr:postcode": null, "addr:state": null, "name": "Sacramentskapel", "source": null, "landuse": null, "amenity": "place_of_worship", "beds": null, "contact:website": null, "internet_access": null, "internet_access:fee": null, "rooms": null, "smoking": null, "stars": null, "tourism": null, "wheelchair": null, "denomination": "roman_catholic", "historic": "yes", "religion": "christian", "start_date": "1854", "description": "Gewijd aan Allerheiligst Sacrament", "website": "https://www.viversel.com/vierselse-plekjes/sacramentskapel", "changing_table": null, "fee": null, "female": null, "male": null, "operator": null, "toilets:disposal": null, "toilets:position": null, "layer": null, "long_name": null, "year_of_construction": null, "ways": null, "type": null }, "geometry": { "type": "Polygon", "coordinates": [ [ [ 5.2611223, 50.9931166 ], [ 5.2611446, 50.9930886 ], [ 5.2610766, 50.9930671 ], [ 5.2610543, 50.9930951 ], [ 5.2611223, 50.9931166 ] ] ] } },
{ "type": "Feature", "properties": { "element_type": "way", "osmid": 316735446, "access": "customers", "addr:housenumber": null, "addr:street": null, "building": "yes", "addr:city": null, "addr:country": null, "addr:postcode": null, "addr:state": null, "name": null, "source": null, "landuse": null, "amenity": "toilets", "beds": null, "contact:website": null, "internet_access": null, "internet_access:fee": null, "rooms": null, "smoking": null, "stars": null, "tourism": null, "wheelchair": "no", "denomination": null, "historic": null, "religion": null, "start_date": null, "description": null, "website": null, "changing_table": "no", "fee": "no", "female": "yes", "male": "yes", "operator": "Circuit Zolder", "toilets:disposal": "flush", "toilets:position": "seated;urinal", "layer": null, "long_name": null, "year_of_construction": null, "ways": null, "type": null }, "geometry": { "type": "Polygon", "coordinates": [ [ [ 5.2615682, 50.9938008 ], [ 5.2616435, 50.9937289 ], [ 5.2614982, 50.9936661 ], [ 5.2614213, 50.9937385 ], [ 5.2615682, 50.9938008 ] ] ] } },
{ "type": "Feature", "properties": { "element_type": "way", "osmid": 316735447, "access": null, "addr:housenumber": null, "addr:street": null, "building": "roof", "addr:city": null, "addr:country": null, "addr:postcode": null, "addr:state": null, "name": null, "source": null, "landuse": null, "amenity": null, "beds": null, "contact:website": null, "internet_access": null, "internet_access:fee": null, "rooms": null, "smoking": null, "stars": null, "tourism": null, "wheelchair": null, "denomination": null, "historic": null, "religion": null, "start_date": null, "description": null, "website": null, "changing_table": null, "fee": null, "female": null, "male": null, "operator": null, "toilets:disposal": null, "toilets:position": null, "layer": "1", "long_name": null, "year_of_construction": null, "ways": null, "type": null }, "geometry": { "type": "Polygon", "coordinates": [ [ [ 5.2612273, 50.9931396 ], [ 5.2612535, 50.9931645 ], [ 5.261301, 50.9931621 ], [ 5.2613184, 50.9931359 ], [ 5.2612947, 50.9931111 ], [ 5.2612488, 50.9931137 ], [ 5.2612273, 50.9931396 ] ] ] } },
{ "type": "Feature", "properties": { "element_type": "way", "osmid": 316735448, "access": null, "addr:housenumber": null, "addr:street": null, "building": "yes", "addr:city": null, "addr:country": null, "addr:postcode": null, "addr:state": null, "name": null, "source": null, "landuse": null, "amenity": null, "beds": null, "contact:website": null, "internet_access": null, "internet_access:fee": null, "rooms": null, "smoking": null, "stars": null, "tourism": null, "wheelchair": null, "denomination": null, "historic": null, "religion": null, "start_date": null, "description": null, "website": null, "changing_table": null, "fee": null, "female": null, "male": null, "operator": null, "toilets:disposal": null, "toilets:position": null, "layer": null, "long_name": null, "year_of_construction": null, "ways": null, "type": null }, "geometry": { "type": "Polygon", "coordinates": [ [ [ 5.2621463, 50.9920469 ], [ 5.2621499, 50.992048 ], [ 5.2621803, 50.9920078 ], [ 5.2619868, 50.9919498 ], [ 5.2619564, 50.99199 ], [ 5.2620589, 50.9920207 ], [ 5.2620283, 50.9920614 ], [ 5.2621158, 50.9920875 ], [ 5.2621463, 50.9920469 ] ] ] } },
{ "type": "Feature", "properties": { "element_type": "way", "osmid": 317592309, "access": null, "addr:housenumber": "143", "addr:street": "Sterrenwacht", "building": "hotel", "addr:city": "Zolder", "addr:country": "BE", "addr:postcode": "3550", "addr:state": null, "name": "De Pits Zolder", "source": null, "landuse": null, "amenity": null, "beds": null, "contact:website": null, "internet_access": "wlan", "internet_access:fee": "no", "rooms": null, "smoking": null, "stars": "3", "tourism": "hotel", "wheelchair": null, "denomination": null, "historic": null, "religion": null, "start_date": null, "description": null, "website": null, "changing_table": null, "fee": null, "female": null, "male": null, "operator": null, "toilets:disposal": null, "toilets:position": null, "layer": null, "long_name": null, "year_of_construction": null, "ways": null, "type": null }, "geometry": { "type": "Polygon", "coordinates": [ [ [ 5.256139, 50.9884403 ], [ 5.2560092, 50.9883909 ], [ 5.2559228, 50.9884809 ], [ 5.255609, 50.9883616 ], [ 5.2556996, 50.9882671 ], [ 5.255589, 50.9882251 ], [ 5.2554137, 50.9884077 ], [ 5.255529, 50.9884515 ], [ 5.2555237, 50.9884571 ], [ 5.2557325, 50.9885365 ], [ 5.2556917, 50.988579 ], [ 5.2560057, 50.9886984 ], [ 5.256074, 50.9886271 ], [ 5.2560633, 50.988623 ], [ 5.2561489, 50.9885339 ], [ 5.2560931, 50.9885127 ], [ 5.256139, 50.9884403 ] ] ] } },
{ "type": "Feature", "properties": { "element_type": "way", "osmid": 317592310, "access": null, "addr:housenumber": null, "addr:street": null, "building": "yes", "addr:city": null, "addr:country": null, "addr:postcode": null, "addr:state": null, "name": "Frituur-Snacks-Dranken", "source": null, "landuse": null, "amenity": "food_court", "beds": null, "contact:website": null, "internet_access": null, "internet_access:fee": null, "rooms": null, "smoking": null, "stars": null, "tourism": null, "wheelchair": null, "denomination": null, "historic": null, "religion": null, "start_date": null, "description": null, "website": null, "changing_table": null, "fee": null, "female": null, "male": null, "operator": null, "toilets:disposal": null, "toilets:position": null, "layer": null, "long_name": null, "year_of_construction": null, "ways": null, "type": null }, "geometry": { "type": "Polygon", "coordinates": [ [ [ 5.2553336, 50.9895349 ], [ 5.2555475, 50.989625 ], [ 5.2555686, 50.9896059 ], [ 5.2553544, 50.9895157 ], [ 5.2553336, 50.9895349 ] ] ] } },
{ "type": "Feature", "properties": { "element_type": "way", "osmid": 317592312, "access": null, "addr:housenumber": "40-52", "addr:street": "Terlaemen", "building": "house", "addr:city": null, "addr:country": null, "addr:postcode": null, "addr:state": null, "name": "Mezzanines & Congress Center", "source": null, "landuse": null, "amenity": null, "beds": null, "contact:website": null, "internet_access": null, "internet_access:fee": null, "rooms": null, "smoking": null, "stars": null, "tourism": null, "wheelchair": null, "denomination": null, "historic": null, "religion": null, "start_date": null, "description": null, "website": null, "changing_table": null, "fee": null, "female": null, "male": null, "operator": null, "toilets:disposal": null, "toilets:position": null, "layer": null, "long_name": null, "year_of_construction": null, "ways": null, "type": null }, "geometry": { "type": "Polygon", "coordinates": [ [ [ 5.2529901, 50.9881257 ], [ 5.2550258, 50.9889538 ], [ 5.2554082, 50.9891094 ], [ 5.2553832, 50.9891337 ], [ 5.2553221, 50.989193 ], [ 5.2552916, 50.9892226 ], [ 5.2549141, 50.9890686 ], [ 5.2528774, 50.9882372 ], [ 5.2529019, 50.9882134 ], [ 5.2529901, 50.9881257 ] ] ] } },
{ "type": "Feature", "properties": { "element_type": "way", "osmid": 317592313, "access": null, "addr:housenumber": "20", "addr:street": "Paddock", "building": "house", "addr:city": null, "addr:country": null, "addr:postcode": null, "addr:state": null, "name": "Start & Finish Loge", "source": null, "landuse": null, "amenity": null, "beds": null, "contact:website": null, "internet_access": null, "internet_access:fee": null, "rooms": null, "smoking": null, "stars": null, "tourism": null, "wheelchair": null, "denomination": null, "historic": null, "religion": null, "start_date": null, "description": null, "website": null, "changing_table": null, "fee": null, "female": null, "male": null, "operator": null, "toilets:disposal": null, "toilets:position": null, "layer": null, "long_name": null, "year_of_construction": null, "ways": null, "type": null }, "geometry": { "type": "Polygon", "coordinates": [ [ [ 5.2566098, 50.9896617 ], [ 5.2565894, 50.9896849 ], [ 5.2566361, 50.9897012 ], [ 5.2566223, 50.9897169 ], [ 5.2567054, 50.9897458 ], [ 5.2567746, 50.9896841 ], [ 5.256583, 50.9896054 ], [ 5.2565478, 50.9896401 ], [ 5.2565815, 50.9896518 ], [ 5.2566098, 50.9896617 ] ] ] } },
{ "type": "Feature", "properties": { "element_type": "way", "osmid": 317592315, "access": null, "addr:housenumber": null, "addr:street": null, "building": "yes", "addr:city": null, "addr:country": null, "addr:postcode": null, "addr:state": null, "name": "VIP Tower", "source": null, "landuse": null, "amenity": null, "beds": null, "contact:website": null, "internet_access": null, "internet_access:fee": null, "rooms": null, "smoking": null, "stars": null, "tourism": null, "wheelchair": null, "denomination": null, "historic": null, "religion": null, "start_date": null, "description": null, "website": null, "changing_table": null, "fee": null, "female": null, "male": null, "operator": null, "toilets:disposal": null, "toilets:position": null, "layer": null, "long_name": null, "year_of_construction": null, "ways": null, "type": null }, "geometry": { "type": "Polygon", "coordinates": [ [ [ 5.25557, 50.9892326 ], [ 5.2556394, 50.9892609 ], [ 5.2557005, 50.9892859 ], [ 5.2557765, 50.9892122 ], [ 5.2556459, 50.9891589 ], [ 5.25557, 50.9892326 ] ] ] } },
{ "type": "Feature", "properties": { "element_type": "way", "osmid": 317592317, "access": null, "addr:housenumber": null, "addr:street": null, "building": "yes", "addr:city": null, "addr:country": null, "addr:postcode": null, "addr:state": null, "name": null, "source": null, "landuse": null, "amenity": "food_court", "beds": null, "contact:website": null, "internet_access": null, "internet_access:fee": null, "rooms": null, "smoking": null, "stars": null, "tourism": null, "wheelchair": null, "denomination": null, "historic": null, "religion": null, "start_date": null, "description": null, "website": null, "changing_table": null, "fee": null, "female": null, "male": null, "operator": null, "toilets:disposal": null, "toilets:position": null, "layer": null, "long_name": null, "year_of_construction": null, "ways": null, "type": null }, "geometry": { "type": "Polygon", "coordinates": [ [ [ 5.2585457, 50.9913063 ], [ 5.2586515, 50.9913492 ], [ 5.2587199, 50.9912825 ], [ 5.2586141, 50.9912395 ], [ 5.2585457, 50.9913063 ] ] ] } },
{ "type": "Feature", "properties": { "element_type": "way", "osmid": 317592318, "access": null, "addr:housenumber": null, "addr:street": null, "building": "yes", "addr:city": null, "addr:country": null, "addr:postcode": null, "addr:state": null, "name": null, "source": null, "landuse": null, "amenity": "toilets", "beds": null, "contact:website": null, "internet_access": null, "internet_access:fee": null, "rooms": null, "smoking": null, "stars": null, "tourism": null, "wheelchair": null, "denomination": null, "historic": null, "religion": null, "start_date": null, "description": null, "website": null, "changing_table": null, "fee": null, "female": null, "male": null, "operator": null, "toilets:disposal": null, "toilets:position": null, "layer": null, "long_name": null, "year_of_construction": null, "ways": null, "type": null }, "geometry": { "type": "Polygon", "coordinates": [ [ [ 5.258387, 50.991244 ], [ 5.2584996, 50.991288 ], [ 5.2585659, 50.9912209 ], [ 5.2584532, 50.9911768 ], [ 5.258387, 50.991244 ] ] ] } },
{ "type": "Feature", "properties": { "element_type": "way", "osmid": 317592319, "access": null, "addr:housenumber": "32", "addr:street": "Terlaemen", "building": "house", "addr:city": null, "addr:country": null, "addr:postcode": null, "addr:state": null, "name": null, "source": null, "landuse": null, "amenity": null, "beds": null, "contact:website": null, "internet_access": null, "internet_access:fee": null, "rooms": null, "smoking": null, "stars": null, "tourism": null, "wheelchair": null, "denomination": null, "historic": null, "religion": null, "start_date": null, "description": null, "website": null, "changing_table": null, "fee": null, "female": null, "male": null, "operator": null, "toilets:disposal": null, "toilets:position": null, "layer": null, "long_name": null, "year_of_construction": null, "ways": null, "type": null }, "geometry": { "type": "Polygon", "coordinates": [ [ [ 5.2555992, 50.9893012 ], [ 5.2553221, 50.989193 ], [ 5.2553832, 50.9891337 ], [ 5.2555654, 50.9891371 ], [ 5.2556459, 50.9891589 ], [ 5.25557, 50.9892326 ], [ 5.2556394, 50.9892609 ], [ 5.2555992, 50.9893012 ] ] ] } },
{ "type": "Feature", "properties": { "element_type": "way", "osmid": 500427966, "access": null, "addr:housenumber": "1", "addr:street": "Alvermanstraat", "building": "house", "addr:city": "Heusden-Zolder", "addr:country": "BE", "addr:postcode": "3550", "addr:state": null, "name": null, "source": "AGIV Flandres GRB", "landuse": null, "amenity": null, "beds": null, "contact:website": null, "internet_access": null, "internet_access:fee": null, "rooms": null, "smoking": null, "stars": null, "tourism": null, "wheelchair": null, "denomination": null, "historic": null, "religion": null, "start_date": null, "description": null, "website": null, "changing_table": null, "fee": null, "female": null, "male": null, "operator": null, "toilets:disposal": null, "toilets:position": null, "layer": null, "long_name": null, "year_of_construction": null, "ways": null, "type": null }, "geometry": { "type": "Polygon", "coordinates": [ [ [ 5.2513234, 50.9943629 ], [ 5.2511524, 50.9942962 ], [ 5.2512275, 50.9942194 ], [ 5.251381, 50.9942793 ], [ 5.2513348, 50.9943287 ], [ 5.2513508, 50.9943354 ], [ 5.2513234, 50.9943629 ] ] ] } },
{ "type": "Feature", "properties": { "element_type": "way", "osmid": 500429251, "access": null, "addr:housenumber": null, "addr:street": null, "building": "yes", "addr:city": null, "addr:country": null, "addr:postcode": null, "addr:state": null, "name": null, "source": null, "landuse": null, "amenity": null, "beds": null, "contact:website": null, "internet_access": null, "internet_access:fee": null, "rooms": null, "smoking": null, "stars": null, "tourism": null, "wheelchair": null, "denomination": null, "historic": null, "religion": null, "start_date": null, "description": null, "website": null, "changing_table": null, "fee": null, "female": null, "male": null, "operator": null, "toilets:disposal": null, "toilets:position": null, "layer": null, "long_name": null, "year_of_construction": null, "ways": null, "type": null }, "geometry": { "type": "Polygon", "coordinates": [ [ [ 5.2516009, 50.9935283 ], [ 5.2517902, 50.9936171 ], [ 5.2518168, 50.9935946 ], [ 5.2517693, 50.9935723 ], [ 5.2517813, 50.9935622 ], [ 5.2516622, 50.9935064 ], [ 5.2516338, 50.9935303 ], [ 5.2516111, 50.9935197 ], [ 5.2516009, 50.9935283 ] ] ] } },
{ "type": "Feature", "properties": { "element_type": "way", "osmid": 500429253, "access": null, "addr:housenumber": "13", "addr:street": "Alvermanstraat", "building": "house", "addr:city": "Heusden-Zolder", "addr:country": "BE", "addr:postcode": "3550", "addr:state": null, "name": null, "source": null, "landuse": null, "amenity": null, "beds": null, "contact:website": null, "internet_access": null, "internet_access:fee": null, "rooms": null, "smoking": null, "stars": null, "tourism": null, "wheelchair": null, "denomination": null, "historic": null, "religion": null, "start_date": null, "description": null, "website": null, "changing_table": null, "fee": null, "female": null, "male": null, "operator": null, "toilets:disposal": null, "toilets:position": null, "layer": null, "long_name": null, "year_of_construction": null, "ways": null, "type": null }, "geometry": { "type": "Polygon", "coordinates": [ [ [ 5.2515625, 50.9935613 ], [ 5.2515862, 50.9935723 ], [ 5.2515795, 50.9935781 ], [ 5.2518197, 50.99369 ], [ 5.2518036, 50.9937037 ], [ 5.2519044, 50.9937507 ], [ 5.252004, 50.993666 ], [ 5.2519038, 50.9936193 ], [ 5.2518655, 50.9936519 ], [ 5.2517902, 50.9936171 ], [ 5.2516009, 50.9935283 ], [ 5.2515625, 50.9935613 ] ] ] } },
{ "type": "Feature", "properties": { "element_type": "way", "osmid": 500429258, "access": null, "addr:housenumber": null, "addr:street": null, "building": "yes", "addr:city": null, "addr:country": null, "addr:postcode": null, "addr:state": null, "name": null, "source": "AGIV Flandres GRB", "landuse": null, "amenity": null, "beds": null, "contact:website": null, "internet_access": null, "internet_access:fee": null, "rooms": null, "smoking": null, "stars": null, "tourism": null, "wheelchair": null, "denomination": null, "historic": null, "religion": null, "start_date": null, "description": null, "website": null, "changing_table": null, "fee": null, "female": null, "male": null, "operator": null, "toilets:disposal": null, "toilets:position": null, "layer": null, "long_name": null, "year_of_construction": null, "ways": null, "type": null }, "geometry": { "type": "Polygon", "coordinates": [ [ [ 5.2514863, 50.9935272 ], [ 5.2515212, 50.9934989 ], [ 5.2515446, 50.9935095 ], [ 5.2515842, 50.9934905 ], [ 5.2516171, 50.9935065 ], [ 5.2516057, 50.9935167 ], [ 5.2516111, 50.9935197 ], [ 5.2516009, 50.9935283 ], [ 5.2515625, 50.9935613 ], [ 5.2514863, 50.9935272 ] ] ] } },
{ "type": "Feature", "properties": { "element_type": "way", "osmid": 500429261, "access": null, "addr:housenumber": null, "addr:street": null, "building": "yes", "addr:city": null, "addr:country": null, "addr:postcode": null, "addr:state": null, "name": null, "source": "AGIV Flandres GRB", "landuse": null, "amenity": null, "beds": null, "contact:website": null, "internet_access": null, "internet_access:fee": null, "rooms": null, "smoking": null, "stars": null, "tourism": null, "wheelchair": null, "denomination": null, "historic": null, "religion": null, "start_date": null, "description": null, "website": null, "changing_table": null, "fee": null, "female": null, "male": null, "operator": null, "toilets:disposal": null, "toilets:position": null, "layer": null, "long_name": null, "year_of_construction": null, "ways": null, "type": null }, "geometry": { "type": "Polygon", "coordinates": [ [ [ 5.251196, 50.9936526 ], [ 5.2512214, 50.993631 ], [ 5.2512905, 50.9936631 ], [ 5.251265, 50.9936851 ], [ 5.251196, 50.9936526 ] ] ] } },
{ "type": "Feature", "properties": { "element_type": "way", "osmid": 500429263, "access": null, "addr:housenumber": null, "addr:street": null, "building": "yes", "addr:city": null, "addr:country": null, "addr:postcode": null, "addr:state": null, "name": null, "source": "AGIV Flandres GRB", "landuse": null, "amenity": null, "beds": null, "contact:website": null, "internet_access": null, "internet_access:fee": null, "rooms": null, "smoking": null, "stars": null, "tourism": null, "wheelchair": null, "denomination": null, "historic": null, "religion": null, "start_date": null, "description": null, "website": null, "changing_table": null, "fee": null, "female": null, "male": null, "operator": null, "toilets:disposal": null, "toilets:position": null, "layer": null, "long_name": null, "year_of_construction": null, "ways": null, "type": null }, "geometry": { "type": "Polygon", "coordinates": [ [ [ 5.2513703, 50.9935905 ], [ 5.2514179, 50.9936129 ], [ 5.2514011, 50.9936272 ], [ 5.2514736, 50.9936602 ], [ 5.2514353, 50.9936922 ], [ 5.2513167, 50.9936365 ], [ 5.2513703, 50.9935905 ] ] ] } },
{ "type": "Feature", "properties": { "element_type": "way", "osmid": 500429267, "access": null, "addr:housenumber": "11", "addr:street": "Alvermanstraat", "building": "house", "addr:city": "Heusden-Zolder", "addr:country": "BE", "addr:postcode": "3550", "addr:state": null, "name": null, "source": "AGIV Flandres GRB", "landuse": null, "amenity": null, "beds": null, "contact:website": null, "internet_access": null, "internet_access:fee": null, "rooms": null, "smoking": null, "stars": null, "tourism": null, "wheelchair": null, "denomination": null, "historic": null, "religion": null, "start_date": null, "description": null, "website": null, "changing_table": null, "fee": null, "female": null, "male": null, "operator": null, "toilets:disposal": null, "toilets:position": null, "layer": null, "long_name": null, "year_of_construction": null, "ways": null, "type": null }, "geometry": { "type": "Polygon", "coordinates": [ [ [ 5.2517834, 50.993907 ], [ 5.2516244, 50.9938281 ], [ 5.25166, 50.9937965 ], [ 5.2516955, 50.9938112 ], [ 5.2517116, 50.9937965 ], [ 5.2516533, 50.9937665 ], [ 5.2517069, 50.9937239 ], [ 5.2518685, 50.9938045 ], [ 5.2518082, 50.9938539 ], [ 5.251829, 50.9938648 ], [ 5.2517834, 50.993907 ] ] ] } },
{ "type": "Feature", "properties": { "element_type": "way", "osmid": 500429274, "access": null, "addr:housenumber": "7", "addr:street": "Alvermanstraat", "building": "house", "addr:city": "Heusden-Zolder", "addr:country": "BE", "addr:postcode": "3550", "addr:state": null, "name": null, "source": "AGIV Flandres GRB", "landuse": null, "amenity": null, "beds": null, "contact:website": null, "internet_access": null, "internet_access:fee": null, "rooms": null, "smoking": null, "stars": null, "tourism": null, "wheelchair": null, "denomination": null, "historic": null, "religion": null, "start_date": null, "description": null, "website": null, "changing_table": null, "fee": null, "female": null, "male": null, "operator": null, "toilets:disposal": null, "toilets:position": null, "layer": null, "long_name": null, "year_of_construction": null, "ways": null, "type": null }, "geometry": { "type": "Polygon", "coordinates": [ [ [ 5.2514528, 50.9939484 ], [ 5.2515178, 50.9938914 ], [ 5.2517237, 50.993978 ], [ 5.2516627, 50.9940358 ], [ 5.2514528, 50.9939484 ] ] ] } },
{ "type": "Feature", "properties": { "element_type": "way", "osmid": 500429281, "access": null, "addr:housenumber": null, "addr:street": null, "building": "yes", "addr:city": null, "addr:country": null, "addr:postcode": null, "addr:state": null, "name": null, "source": "AGIV Flandres GRB", "landuse": null, "amenity": null, "beds": null, "contact:website": null, "internet_access": null, "internet_access:fee": null, "rooms": null, "smoking": null, "stars": null, "tourism": null, "wheelchair": null, "denomination": null, "historic": null, "religion": null, "start_date": null, "description": null, "website": null, "changing_table": null, "fee": null, "female": null, "male": null, "operator": null, "toilets:disposal": null, "toilets:position": null, "layer": null, "long_name": null, "year_of_construction": null, "ways": null, "type": null }, "geometry": { "type": "Polygon", "coordinates": [ [ [ 5.2511255, 50.9938551 ], [ 5.2511443, 50.9938374 ], [ 5.2512234, 50.9938703 ], [ 5.2512308, 50.9938657 ], [ 5.2512784, 50.9938855 ], [ 5.2513126, 50.9938547 ], [ 5.2514333, 50.9939083 ], [ 5.2513777, 50.9939611 ], [ 5.2513099, 50.9939328 ], [ 5.251316, 50.9939256 ], [ 5.251263, 50.9939037 ], [ 5.2512543, 50.9939092 ], [ 5.2511255, 50.9938551 ] ] ] } },
{ "type": "Feature", "properties": { "element_type": "way", "osmid": 500429286, "access": null, "addr:housenumber": null, "addr:street": null, "building": "yes", "addr:city": null, "addr:country": null, "addr:postcode": null, "addr:state": null, "name": null, "source": "AGIV Flandres GRB", "landuse": null, "amenity": null, "beds": null, "contact:website": null, "internet_access": null, "internet_access:fee": null, "rooms": null, "smoking": null, "stars": null, "tourism": null, "wheelchair": null, "denomination": null, "historic": null, "religion": null, "start_date": null, "description": null, "website": null, "changing_table": null, "fee": null, "female": null, "male": null, "operator": null, "toilets:disposal": null, "toilets:position": null, "layer": null, "long_name": null, "year_of_construction": null, "ways": null, "type": null }, "geometry": { "type": "Polygon", "coordinates": [ [ [ 5.2513207, 50.9939834 ], [ 5.2513482, 50.9939581 ], [ 5.2512838, 50.9939277 ], [ 5.2512543, 50.9939552 ], [ 5.2513207, 50.9939834 ] ] ] } },
{ "type": "Feature", "properties": { "element_type": "way", "osmid": 500429289, "access": null, "addr:housenumber": null, "addr:street": null, "building": "yes", "addr:city": null, "addr:country": null, "addr:postcode": null, "addr:state": null, "name": null, "source": "AGIV Flandres GRB", "landuse": null, "amenity": null, "beds": null, "contact:website": null, "internet_access": null, "internet_access:fee": null, "rooms": null, "smoking": null, "stars": null, "tourism": null, "wheelchair": null, "denomination": null, "historic": null, "religion": null, "start_date": null, "description": null, "website": null, "changing_table": null, "fee": null, "female": null, "male": null, "operator": null, "toilets:disposal": null, "toilets:position": null, "layer": null, "long_name": null, "year_of_construction": null, "ways": null, "type": null }, "geometry": { "type": "Polygon", "coordinates": [ [ [ 5.2512348, 50.994021 ], [ 5.2512818, 50.9939729 ], [ 5.2513361, 50.9939936 ], [ 5.2512865, 50.9940417 ], [ 5.2512348, 50.994021 ] ] ] } },
{ "type": "Feature", "properties": { "element_type": "way", "osmid": 500429292, "access": null, "addr:housenumber": "3", "addr:street": "Alvermanstraat", "building": "house", "addr:city": "Heusden-Zolder", "addr:country": "BE", "addr:postcode": "3550", "addr:state": null, "name": null, "source": "AGIV Flandres GRB", "landuse": null, "amenity": null, "beds": null, "contact:website": null, "internet_access": null, "internet_access:fee": null, "rooms": null, "smoking": null, "stars": null, "tourism": null, "wheelchair": null, "denomination": null, "historic": null, "religion": null, "start_date": null, "description": null, "website": null, "changing_table": null, "fee": null, "female": null, "male": null, "operator": null, "toilets:disposal": null, "toilets:position": null, "layer": null, "long_name": null, "year_of_construction": null, "ways": null, "type": null }, "geometry": { "type": "Polygon", "coordinates": [ [ [ 5.2515058, 50.9941847 ], [ 5.2515947, 50.9940963 ], [ 5.2514132, 50.9940231 ], [ 5.2513571, 50.9940018 ], [ 5.251309, 50.9940496 ], [ 5.2513642, 50.9940715 ], [ 5.2513527, 50.994083 ], [ 5.2513895, 50.9940976 ], [ 5.2513602, 50.9941267 ], [ 5.2515058, 50.9941847 ] ] ] } },
{ "type": "Feature", "properties": { "element_type": "way", "osmid": 500429294, "access": null, "addr:housenumber": "5", "addr:street": "Alvermanstraat", "building": "house", "addr:city": "Heusden-Zolder", "addr:country": "BE", "addr:postcode": "3550", "addr:state": null, "name": null, "source": "AGIV Flandres GRB", "landuse": null, "amenity": null, "beds": null, "contact:website": null, "internet_access": null, "internet_access:fee": null, "rooms": null, "smoking": null, "stars": null, "tourism": null, "wheelchair": null, "denomination": null, "historic": null, "religion": null, "start_date": null, "description": null, "website": null, "changing_table": null, "fee": null, "female": null, "male": null, "operator": null, "toilets:disposal": null, "toilets:position": null, "layer": null, "long_name": null, "year_of_construction": null, "ways": null, "type": null }, "geometry": { "type": "Polygon", "coordinates": [ [ [ 5.2516264, 50.9940649 ], [ 5.2514454, 50.9939923 ], [ 5.2514132, 50.9940231 ], [ 5.2515947, 50.9940963 ], [ 5.2516264, 50.9940649 ] ] ] } },
{ "type": "Feature", "properties": { "element_type": "way", "osmid": 500429295, "access": null, "addr:housenumber": null, "addr:street": null, "building": "yes", "addr:city": null, "addr:country": null, "addr:postcode": null, "addr:state": null, "name": null, "source": "AGIV Flandres GRB", "landuse": null, "amenity": null, "beds": null, "contact:website": null, "internet_access": null, "internet_access:fee": null, "rooms": null, "smoking": null, "stars": null, "tourism": null, "wheelchair": null, "denomination": null, "historic": null, "religion": null, "start_date": null, "description": null, "website": null, "changing_table": null, "fee": null, "female": null, "male": null, "operator": null, "toilets:disposal": null, "toilets:position": null, "layer": null, "long_name": null, "year_of_construction": null, "ways": null, "type": null }, "geometry": { "type": "Polygon", "coordinates": [ [ [ 5.2510414, 50.9941158 ], [ 5.2510665, 50.994125 ], [ 5.2510588, 50.9941354 ], [ 5.251145, 50.9941658 ], [ 5.2511141, 50.9941995 ], [ 5.251029, 50.9941685 ], [ 5.2510421, 50.9941529 ], [ 5.2510162, 50.9941432 ], [ 5.2510414, 50.9941158 ] ] ] } },
{ "type": "Feature", "properties": { "element_type": "way", "osmid": 500429514, "access": null, "addr:housenumber": null, "addr:street": null, "building": "yes", "addr:city": null, "addr:country": null, "addr:postcode": null, "addr:state": null, "name": null, "source": "AGIV Flandres GRB", "landuse": null, "amenity": null, "beds": null, "contact:website": null, "internet_access": null, "internet_access:fee": null, "rooms": null, "smoking": null, "stars": null, "tourism": null, "wheelchair": null, "denomination": null, "historic": null, "religion": null, "start_date": null, "description": null, "website": null, "changing_table": null, "fee": null, "female": null, "male": null, "operator": null, "toilets:disposal": null, "toilets:position": null, "layer": null, "long_name": null, "year_of_construction": null, "ways": null, "type": null }, "geometry": { "type": "Polygon", "coordinates": [ [ [ 5.2525257, 50.9939531 ], [ 5.2525029, 50.9939315 ], [ 5.2524552, 50.9939509 ], [ 5.252478, 50.9939725 ], [ 5.2525257, 50.9939531 ] ] ] } },
{ "type": "Feature", "properties": { "element_type": "way", "osmid": 500429516, "access": null, "addr:housenumber": "4", "addr:street": "Alvermanstraat", "building": "house", "addr:city": "Heusden-Zolder", "addr:country": "BE", "addr:postcode": "3550", "addr:state": null, "name": null, "source": "AGIV Flandres GRB", "landuse": null, "amenity": null, "beds": null, "contact:website": null, "internet_access": null, "internet_access:fee": null, "rooms": null, "smoking": null, "stars": null, "tourism": null, "wheelchair": null, "denomination": null, "historic": null, "religion": null, "start_date": null, "description": null, "website": null, "changing_table": null, "fee": null, "female": null, "male": null, "operator": null, "toilets:disposal": null, "toilets:position": null, "layer": null, "long_name": null, "year_of_construction": null, "ways": null, "type": null }, "geometry": { "type": "Polygon", "coordinates": [ [ [ 5.252248, 50.9940003 ], [ 5.2521461, 50.9939467 ], [ 5.2521803, 50.9939206 ], [ 5.2521931, 50.9939269 ], [ 5.2523037, 50.9938437 ], [ 5.252325, 50.9938549 ], [ 5.2523684, 50.9938228 ], [ 5.2524137, 50.9938606 ], [ 5.2523817, 50.9938847 ], [ 5.2523929, 50.9938906 ], [ 5.2523681, 50.9939104 ], [ 5.2524016, 50.9939273 ], [ 5.2523714, 50.9939501 ], [ 5.2523379, 50.9939332 ], [ 5.252248, 50.9940003 ] ] ] } },
{ "type": "Feature", "properties": { "element_type": "way", "osmid": 503174283, "access": null, "addr:housenumber": "17_2", "addr:street": "Doelenlaan", "building": "house", "addr:city": "Heusden-Zolder", "addr:country": "BE", "addr:postcode": "3550", "addr:state": null, "name": null, "source": "AGIV Flandres GRB", "landuse": null, "amenity": null, "beds": null, "contact:website": null, "internet_access": null, "internet_access:fee": null, "rooms": null, "smoking": null, "stars": null, "tourism": null, "wheelchair": null, "denomination": null, "historic": null, "religion": null, "start_date": null, "description": null, "website": null, "changing_table": null, "fee": null, "female": null, "male": null, "operator": null, "toilets:disposal": null, "toilets:position": null, "layer": null, "long_name": null, "year_of_construction": null, "ways": null, "type": null }, "geometry": { "type": "Polygon", "coordinates": [ [ [ 5.2522682, 50.9934544 ], [ 5.2523446, 50.9933993 ], [ 5.2523791, 50.9933748 ], [ 5.2523151, 50.9933375 ], [ 5.2522035, 50.9934185 ], [ 5.2522682, 50.9934544 ] ] ] } },
{ "type": "Feature", "properties": { "element_type": "way", "osmid": 503174284, "access": null, "addr:housenumber": "17_1", "addr:street": "Doelenlaan", "building": "house", "addr:city": "Heusden-Zolder", "addr:country": "BE", "addr:postcode": "3550", "addr:state": null, "name": null, "source": "AGIV Flandres GRB", "landuse": null, "amenity": null, "beds": null, "contact:website": null, "internet_access": null, "internet_access:fee": null, "rooms": null, "smoking": null, "stars": null, "tourism": null, "wheelchair": null, "denomination": null, "historic": null, "religion": null, "start_date": null, "description": null, "website": null, "changing_table": null, "fee": null, "female": null, "male": null, "operator": null, "toilets:disposal": null, "toilets:position": null, "layer": null, "long_name": null, "year_of_construction": null, "ways": null, "type": null }, "geometry": { "type": "Polygon", "coordinates": [ [ [ 5.2522953, 50.9935169 ], [ 5.2522299, 50.9934808 ], [ 5.2522682, 50.9934544 ], [ 5.2523446, 50.9933993 ], [ 5.2524063, 50.993435 ], [ 5.2522953, 50.9935169 ] ] ] } },
{ "type": "Feature", "properties": { "element_type": "way", "osmid": 503174285, "access": null, "addr:housenumber": "15", "addr:street": "Doelenlaan", "building": "house", "addr:city": "Heusden-Zolder", "addr:country": "BE", "addr:postcode": "3550", "addr:state": null, "name": null, "source": "AGIV Flandres GRB", "landuse": null, "amenity": null, "beds": null, "contact:website": null, "internet_access": null, "internet_access:fee": null, "rooms": null, "smoking": null, "stars": null, "tourism": null, "wheelchair": null, "denomination": null, "historic": null, "religion": null, "start_date": null, "description": null, "website": null, "changing_table": null, "fee": null, "female": null, "male": null, "operator": null, "toilets:disposal": null, "toilets:position": null, "layer": null, "long_name": null, "year_of_construction": null, "ways": null, "type": null }, "geometry": { "type": "Polygon", "coordinates": [ [ [ 5.2526477, 50.9938146 ], [ 5.252527, 50.99371 ], [ 5.2526651, 50.9936475 ], [ 5.2527054, 50.9936825 ], [ 5.2526725, 50.9936981 ], [ 5.252751, 50.9937678 ], [ 5.2526477, 50.9938146 ] ] ] } },
{ "type": "Feature", "properties": { "element_type": "way", "osmid": 503174286, "access": null, "addr:housenumber": "30", "addr:street": "Doelenlaan", "building": "industrial", "addr:city": "Heusden-Zolder", "addr:country": "BE", "addr:postcode": "3550", "addr:state": null, "name": null, "source": "AGIV Flandres GRB", "landuse": null, "amenity": null, "beds": null, "contact:website": null, "internet_access": null, "internet_access:fee": null, "rooms": null, "smoking": null, "stars": null, "tourism": null, "wheelchair": null, "denomination": null, "historic": null, "religion": null, "start_date": null, "description": null, "website": null, "changing_table": null, "fee": null, "female": null, "male": null, "operator": null, "toilets:disposal": null, "toilets:position": null, "layer": null, "long_name": null, "year_of_construction": null, "ways": null, "type": null }, "geometry": { "type": "Polygon", "coordinates": [ [ [ 5.2526081, 50.9914156 ], [ 5.2526578, 50.9913485 ], [ 5.2528448, 50.9914026 ], [ 5.2527959, 50.9914701 ], [ 5.2526081, 50.9914156 ] ] ] } },
{ "type": "Feature", "properties": { "element_type": "way", "osmid": 503176876, "access": null, "addr:housenumber": null, "addr:street": null, "building": "yes", "addr:city": null, "addr:country": null, "addr:postcode": null, "addr:state": null, "name": null, "source": "AGIV Flandres GRB", "landuse": null, "amenity": null, "beds": null, "contact:website": null, "internet_access": null, "internet_access:fee": null, "rooms": null, "smoking": null, "stars": null, "tourism": null, "wheelchair": null, "denomination": null, "historic": null, "religion": null, "start_date": null, "description": null, "website": null, "changing_table": null, "fee": null, "female": null, "male": null, "operator": null, "toilets:disposal": null, "toilets:position": null, "layer": null, "long_name": null, "year_of_construction": null, "ways": null, "type": null }, "geometry": { "type": "Polygon", "coordinates": [ [ [ 5.2493023, 50.9908861 ], [ 5.2494029, 50.9909311 ], [ 5.2493979, 50.9909362 ], [ 5.2494066, 50.9909408 ], [ 5.2493942, 50.9909524 ], [ 5.2494026, 50.9909566 ], [ 5.2493791, 50.9909773 ], [ 5.2493724, 50.9909752 ], [ 5.2493593, 50.990987 ], [ 5.249244, 50.9909374 ], [ 5.2493023, 50.9908861 ] ] ] } },
{ "type": "Feature", "properties": { "element_type": "way", "osmid": 503176877, "access": null, "addr:housenumber": "54", "addr:street": "Doelenlaan", "building": "house", "addr:city": "Heusden-Zolder", "addr:country": "BE", "addr:postcode": "3550", "addr:state": null, "name": null, "source": "AGIV Flandres GRB", "landuse": null, "amenity": null, "beds": null, "contact:website": null, "internet_access": null, "internet_access:fee": null, "rooms": null, "smoking": null, "stars": null, "tourism": null, "wheelchair": null, "denomination": null, "historic": null, "religion": null, "start_date": null, "description": null, "website": null, "changing_table": null, "fee": null, "female": null, "male": null, "operator": null, "toilets:disposal": null, "toilets:position": null, "layer": null, "long_name": null, "year_of_construction": null, "ways": null, "type": null }, "geometry": { "type": "Polygon", "coordinates": [ [ [ 5.2495075, 50.9910358 ], [ 5.24947, 50.991018 ], [ 5.2494545, 50.991029 ], [ 5.2493928, 50.991002 ], [ 5.249362, 50.9910273 ], [ 5.2493197, 50.9910092 ], [ 5.249248, 50.9910742 ], [ 5.2493915, 50.9911375 ], [ 5.2495075, 50.9910358 ] ] ] } },
{ "type": "Feature", "properties": { "element_type": "way", "osmid": 503176878, "access": null, "addr:housenumber": null, "addr:street": null, "building": "yes", "addr:city": null, "addr:country": null, "addr:postcode": null, "addr:state": null, "name": null, "source": "AGIV Flandres GRB", "landuse": null, "amenity": null, "beds": null, "contact:website": null, "internet_access": null, "internet_access:fee": null, "rooms": null, "smoking": null, "stars": null, "tourism": null, "wheelchair": null, "denomination": null, "historic": null, "religion": null, "start_date": null, "description": null, "website": null, "changing_table": null, "fee": null, "female": null, "male": null, "operator": null, "toilets:disposal": null, "toilets:position": null, "layer": null, "long_name": null, "year_of_construction": null, "ways": null, "type": null }, "geometry": { "type": "Polygon", "coordinates": [ [ [ 5.2495337, 50.9921538 ], [ 5.2494995, 50.9921424 ], [ 5.2495685, 50.9920593 ], [ 5.2496034, 50.9920707 ], [ 5.2495337, 50.9921538 ] ] ] } },
{ "type": "Feature", "properties": { "element_type": "way", "osmid": 503176879, "access": null, "addr:housenumber": null, "addr:street": null, "building": "yes", "addr:city": null, "addr:country": null, "addr:postcode": null, "addr:state": null, "name": null, "source": "AGIV Flandres GRB", "landuse": null, "amenity": null, "beds": null, "contact:website": null, "internet_access": null, "internet_access:fee": null, "rooms": null, "smoking": null, "stars": null, "tourism": null, "wheelchair": null, "denomination": null, "historic": null, "religion": null, "start_date": null, "description": null, "website": null, "changing_table": null, "fee": null, "female": null, "male": null, "operator": null, "toilets:disposal": null, "toilets:position": null, "layer": null, "long_name": null, "year_of_construction": null, "ways": null, "type": null }, "geometry": { "type": "Polygon", "coordinates": [ [ [ 5.2492581, 50.9920369 ], [ 5.2492969, 50.9920496 ], [ 5.2492681, 50.9920855 ], [ 5.2492286, 50.9920724 ], [ 5.2492581, 50.9920369 ] ] ] } },
{ "type": "Feature", "properties": { "element_type": "way", "osmid": 503176880, "access": null, "addr:housenumber": null, "addr:street": null, "building": "yes", "addr:city": null, "addr:country": null, "addr:postcode": null, "addr:state": null, "name": null, "source": "AGIV Flandres GRB", "landuse": null, "amenity": null, "beds": null, "contact:website": null, "internet_access": null, "internet_access:fee": null, "rooms": null, "smoking": null, "stars": null, "tourism": null, "wheelchair": null, "denomination": null, "historic": null, "religion": null, "start_date": null, "description": null, "website": null, "changing_table": null, "fee": null, "female": null, "male": null, "operator": null, "toilets:disposal": null, "toilets:position": null, "layer": null, "long_name": null, "year_of_construction": null, "ways": null, "type": null }, "geometry": { "type": "Polygon", "coordinates": [ [ [ 5.2493305, 50.9920112 ], [ 5.2492855, 50.991996 ], [ 5.249313, 50.9919647 ], [ 5.2493566, 50.9919799 ], [ 5.2493305, 50.9920112 ] ] ] } },
{ "type": "Feature", "properties": { "element_type": "way", "osmid": 503176881, "access": null, "addr:housenumber": null, "addr:street": null, "building": "yes", "addr:city": null, "addr:country": null, "addr:postcode": null, "addr:state": null, "name": null, "source": "AGIV Flandres GRB", "landuse": null, "amenity": null, "beds": null, "contact:website": null, "internet_access": null, "internet_access:fee": null, "rooms": null, "smoking": null, "stars": null, "tourism": null, "wheelchair": null, "denomination": null, "historic": null, "religion": null, "start_date": null, "description": null, "website": null, "changing_table": null, "fee": null, "female": null, "male": null, "operator": null, "toilets:disposal": null, "toilets:position": null, "layer": null, "long_name": null, "year_of_construction": null, "ways": null, "type": null }, "geometry": { "type": "Polygon", "coordinates": [ [ [ 5.2490214, 50.9919732 ], [ 5.2490884, 50.991904 ], [ 5.2491749, 50.991936 ], [ 5.2491092, 50.9920061 ], [ 5.2490214, 50.9919732 ] ] ] } },
{ "type": "Feature", "properties": { "element_type": "way", "osmid": 503176882, "access": null, "addr:housenumber": "51", "addr:street": "Doelenlaan", "building": "house", "addr:city": "Heusden-Zolder", "addr:country": "BE", "addr:postcode": "3550", "addr:state": null, "name": null, "source": "AGIV Flandres GRB", "landuse": null, "amenity": null, "beds": null, "contact:website": null, "internet_access": null, "internet_access:fee": null, "rooms": null, "smoking": null, "stars": null, "tourism": null, "wheelchair": null, "denomination": null, "historic": null, "religion": null, "start_date": null, "description": null, "website": null, "changing_table": null, "fee": null, "female": null, "male": null, "operator": null, "toilets:disposal": null, "toilets:position": null, "layer": null, "long_name": null, "year_of_construction": null, "ways": null, "type": null }, "geometry": { "type": "Polygon", "coordinates": [ [ [ 5.2490935, 50.9914776 ], [ 5.2492812, 50.991546 ], [ 5.2492236, 50.9916086 ], [ 5.2492663, 50.9916241 ], [ 5.249225, 50.9916691 ], [ 5.2489946, 50.9915852 ], [ 5.2490935, 50.9914776 ] ] ] } },
{ "type": "Feature", "properties": { "element_type": "way", "osmid": 503176883, "access": null, "addr:housenumber": "49", "addr:street": "Doelenlaan", "building": "house", "addr:city": "Heusden-Zolder", "addr:country": "BE", "addr:postcode": "3550", "addr:state": null, "name": null, "source": "AGIV Flandres GRB", "landuse": null, "amenity": null, "beds": null, "contact:website": null, "internet_access": null, "internet_access:fee": null, "rooms": null, "smoking": null, "stars": null, "tourism": null, "wheelchair": null, "denomination": null, "historic": null, "religion": null, "start_date": null, "description": null, "website": null, "changing_table": null, "fee": null, "female": null, "male": null, "operator": null, "toilets:disposal": null, "toilets:position": null, "layer": null, "long_name": null, "year_of_construction": null, "ways": null, "type": null }, "geometry": { "type": "Polygon", "coordinates": [ [ [ 5.2493432, 50.9916963 ], [ 5.249419, 50.9916051 ], [ 5.2495162, 50.9916372 ], [ 5.2495263, 50.9916275 ], [ 5.2495833, 50.9916469 ], [ 5.2494961, 50.9917503 ], [ 5.2493432, 50.9916963 ] ] ] } },
{ "type": "Feature", "properties": { "element_type": "way", "osmid": 503176884, "access": null, "addr:housenumber": "47", "addr:street": "Doelenlaan", "building": "house", "addr:city": "Heusden-Zolder", "addr:country": "BE", "addr:postcode": "3550", "addr:state": null, "name": null, "source": "AGIV Flandres GRB", "landuse": null, "amenity": null, "beds": null, "contact:website": null, "internet_access": null, "internet_access:fee": null, "rooms": null, "smoking": null, "stars": null, "tourism": null, "wheelchair": null, "denomination": null, "historic": null, "religion": null, "start_date": null, "description": null, "website": null, "changing_table": null, "fee": null, "female": null, "male": null, "operator": null, "toilets:disposal": null, "toilets:position": null, "layer": null, "long_name": null, "year_of_construction": null, "ways": null, "type": null }, "geometry": { "type": "Polygon", "coordinates": [ [ [ 5.2496071, 50.9917882 ], [ 5.2496932, 50.9916848 ], [ 5.2498494, 50.9917363 ], [ 5.2497632, 50.9918397 ], [ 5.2496071, 50.9917882 ] ] ] } },
{ "type": "Feature", "properties": { "element_type": "way", "osmid": 503176885, "access": null, "addr:housenumber": null, "addr:street": null, "building": "yes", "addr:city": null, "addr:country": null, "addr:postcode": null, "addr:state": null, "name": null, "source": "AGIV Flandres GRB", "landuse": null, "amenity": null, "beds": null, "contact:website": null, "internet_access": null, "internet_access:fee": null, "rooms": null, "smoking": null, "stars": null, "tourism": null, "wheelchair": null, "denomination": null, "historic": null, "religion": null, "start_date": null, "description": null, "website": null, "changing_table": null, "fee": null, "female": null, "male": null, "operator": null, "toilets:disposal": null, "toilets:position": null, "layer": null, "long_name": null, "year_of_construction": null, "ways": null, "type": null }, "geometry": { "type": "Polygon", "coordinates": [ [ [ 5.2501948, 50.9920192 ], [ 5.2502941, 50.9920568 ], [ 5.2502578, 50.9920943 ], [ 5.2501593, 50.9920572 ], [ 5.2501948, 50.9920192 ] ] ] } },
{ "type": "Feature", "properties": { "element_type": "way", "osmid": 503176886, "access": null, "addr:housenumber": "41", "addr:street": "Doelenlaan", "building": "house", "addr:city": "Heusden-Zolder", "addr:country": "BE", "addr:postcode": "3550", "addr:state": null, "name": null, "source": "AGIV Flandres GRB", "landuse": null, "amenity": null, "beds": null, "contact:website": null, "internet_access": null, "internet_access:fee": null, "rooms": null, "smoking": null, "stars": null, "tourism": null, "wheelchair": null, "denomination": null, "historic": null, "religion": null, "start_date": null, "description": null, "website": null, "changing_table": null, "fee": null, "female": null, "male": null, "operator": null, "toilets:disposal": null, "toilets:position": null, "layer": null, "long_name": null, "year_of_construction": null, "ways": null, "type": null }, "geometry": { "type": "Polygon", "coordinates": [ [ [ 5.2501888, 50.9919521 ], [ 5.2502176, 50.9919215 ], [ 5.2501952, 50.9919132 ], [ 5.2502297, 50.9918766 ], [ 5.2502504, 50.9918844 ], [ 5.2502643, 50.9918696 ], [ 5.2502659, 50.9918702 ], [ 5.2505697, 50.9919842 ], [ 5.2505147, 50.9920424 ], [ 5.2503068, 50.9919656 ], [ 5.2502994, 50.9919732 ], [ 5.2502612, 50.9919597 ], [ 5.2502464, 50.991974 ], [ 5.2501888, 50.9919521 ] ] ] } },
{ "type": "Feature", "properties": { "element_type": "way", "osmid": 503176887, "access": null, "addr:housenumber": "39", "addr:street": "Doelenlaan", "building": "house", "addr:city": "Heusden-Zolder", "addr:country": "BE", "addr:postcode": "3550", "addr:state": null, "name": null, "source": "AGIV Flandres GRB", "landuse": null, "amenity": null, "beds": null, "contact:website": null, "internet_access": null, "internet_access:fee": null, "rooms": null, "smoking": null, "stars": null, "tourism": null, "wheelchair": null, "denomination": null, "historic": null, "religion": null, "start_date": null, "description": null, "website": null, "changing_table": null, "fee": null, "female": null, "male": null, "operator": null, "toilets:disposal": null, "toilets:position": null, "layer": null, "long_name": null, "year_of_construction": null, "ways": null, "type": null }, "geometry": { "type": "Polygon", "coordinates": [ [ [ 5.2505915, 50.9920598 ], [ 5.2506607, 50.9919787 ], [ 5.2506688, 50.9919814 ], [ 5.2507161, 50.9919259 ], [ 5.2507701, 50.9919441 ], [ 5.2507661, 50.9919488 ], [ 5.2508239, 50.9919683 ], [ 5.2507126, 50.9920988 ], [ 5.2507113, 50.9921003 ], [ 5.2505915, 50.9920598 ] ] ] } },
{ "type": "Feature", "properties": { "element_type": "way", "osmid": 503176888, "access": null, "addr:housenumber": "37_1", "addr:street": "Doelenlaan", "building": "house", "addr:city": "Heusden-Zolder", "addr:country": "BE", "addr:postcode": "3550", "addr:state": null, "name": null, "source": "AGIV Flandres GRB", "landuse": null, "amenity": null, "beds": null, "contact:website": null, "internet_access": null, "internet_access:fee": null, "rooms": null, "smoking": null, "stars": null, "tourism": null, "wheelchair": null, "denomination": null, "historic": null, "religion": null, "start_date": null, "description": null, "website": null, "changing_table": null, "fee": null, "female": null, "male": null, "operator": null, "toilets:disposal": null, "toilets:position": null, "layer": null, "long_name": null, "year_of_construction": null, "ways": null, "type": null }, "geometry": { "type": "Polygon", "coordinates": [ [ [ 5.2508801, 50.9920348 ], [ 5.2509069, 50.9920441 ], [ 5.250919, 50.9920331 ], [ 5.2510337, 50.9920736 ], [ 5.2509767, 50.9921386 ], [ 5.2509847, 50.9921429 ], [ 5.2509478, 50.9921842 ], [ 5.2508097, 50.9921357 ], [ 5.2508385, 50.9921007 ], [ 5.2508553, 50.9921061 ], [ 5.2508727, 50.9920859 ], [ 5.2508439, 50.9920749 ], [ 5.2508801, 50.9920348 ] ] ] } },
{ "type": "Feature", "properties": { "element_type": "way", "osmid": 503176889, "access": null, "addr:housenumber": null, "addr:street": null, "building": "yes", "addr:city": null, "addr:country": null, "addr:postcode": null, "addr:state": null, "name": null, "source": "AGIV Flandres GRB", "landuse": null, "amenity": null, "beds": null, "contact:website": null, "internet_access": null, "internet_access:fee": null, "rooms": null, "smoking": null, "stars": null, "tourism": null, "wheelchair": null, "denomination": null, "historic": null, "religion": null, "start_date": null, "description": null, "website": null, "changing_table": null, "fee": null, "female": null, "male": null, "operator": null, "toilets:disposal": null, "toilets:position": null, "layer": null, "long_name": null, "year_of_construction": null, "ways": null, "type": null }, "geometry": { "type": "Polygon", "coordinates": [ [ [ 5.2506186, 50.9922568 ], [ 5.2505234, 50.9922256 ], [ 5.2505777, 50.9921589 ], [ 5.2506729, 50.9921897 ], [ 5.2506186, 50.9922568 ] ] ] } },
{ "type": "Feature", "properties": { "element_type": "way", "osmid": 503176890, "access": null, "addr:housenumber": "37", "addr:street": "Doelenlaan", "building": "house", "addr:city": "Heusden-Zolder", "addr:country": "BE", "addr:postcode": "3550", "addr:state": null, "name": null, "source": "AGIV Flandres GRB", "landuse": null, "amenity": null, "beds": null, "contact:website": null, "internet_access": null, "internet_access:fee": null, "rooms": null, "smoking": null, "stars": null, "tourism": null, "wheelchair": null, "denomination": null, "historic": null, "religion": null, "start_date": null, "description": null, "website": null, "changing_table": null, "fee": null, "female": null, "male": null, "operator": null, "toilets:disposal": null, "toilets:position": null, "layer": null, "long_name": null, "year_of_construction": null, "ways": null, "type": null }, "geometry": { "type": "Polygon", "coordinates": [ [ [ 5.2509321, 50.9923366 ], [ 5.2509502, 50.9923155 ], [ 5.250925, 50.9923058 ], [ 5.2510038, 50.9922167 ], [ 5.2511497, 50.9922682 ], [ 5.2510702, 50.9923579 ], [ 5.2510105, 50.9923368 ], [ 5.2509904, 50.9923577 ], [ 5.2509321, 50.9923366 ] ] ] } },
{ "type": "Feature", "properties": { "element_type": "way", "osmid": 503176891, "access": null, "addr:housenumber": null, "addr:street": null, "building": "yes", "addr:city": null, "addr:country": null, "addr:postcode": null, "addr:state": null, "name": null, "source": "AGIV Flandres GRB", "landuse": null, "amenity": null, "beds": null, "contact:website": null, "internet_access": null, "internet_access:fee": null, "rooms": null, "smoking": null, "stars": null, "tourism": null, "wheelchair": null, "denomination": null, "historic": null, "religion": null, "start_date": null, "description": null, "website": null, "changing_table": null, "fee": null, "female": null, "male": null, "operator": null, "toilets:disposal": null, "toilets:position": null, "layer": null, "long_name": null, "year_of_construction": null, "ways": null, "type": null }, "geometry": { "type": "Polygon", "coordinates": [ [ [ 5.2506739, 50.9924229 ], [ 5.2506944, 50.9923995 ], [ 5.2506739, 50.9923917 ], [ 5.2507024, 50.9923609 ], [ 5.2507859, 50.9923917 ], [ 5.2507574, 50.9924223 ], [ 5.2507272, 50.9924117 ], [ 5.2507061, 50.9924345 ], [ 5.2506739, 50.9924229 ] ] ] } },
{ "type": "Feature", "properties": { "element_type": "way", "osmid": 503176892, "access": null, "addr:housenumber": null, "addr:street": null, "building": "yes", "addr:city": null, "addr:country": null, "addr:postcode": null, "addr:state": null, "name": null, "source": "AGIV Flandres GRB", "landuse": null, "amenity": null, "beds": null, "contact:website": null, "internet_access": null, "internet_access:fee": null, "rooms": null, "smoking": null, "stars": null, "tourism": null, "wheelchair": null, "denomination": null, "historic": null, "religion": null, "start_date": null, "description": null, "website": null, "changing_table": null, "fee": null, "female": null, "male": null, "operator": null, "toilets:disposal": null, "toilets:position": null, "layer": null, "long_name": null, "year_of_construction": null, "ways": null, "type": null }, "geometry": { "type": "Polygon", "coordinates": [ [ [ 5.2508298, 50.9925812 ], [ 5.2508355, 50.9925546 ], [ 5.2509006, 50.9925596 ], [ 5.2508952, 50.9925862 ], [ 5.2508298, 50.9925812 ] ] ] } },
{ "type": "Feature", "properties": { "element_type": "way", "osmid": 503176893, "access": null, "addr:housenumber": null, "addr:street": null, "building": "yes", "addr:city": null, "addr:country": null, "addr:postcode": null, "addr:state": null, "name": null, "source": "AGIV Flandres GRB", "landuse": null, "amenity": null, "beds": null, "contact:website": null, "internet_access": null, "internet_access:fee": null, "rooms": null, "smoking": null, "stars": null, "tourism": null, "wheelchair": null, "denomination": null, "historic": null, "religion": null, "start_date": null, "description": null, "website": null, "changing_table": null, "fee": null, "female": null, "male": null, "operator": null, "toilets:disposal": null, "toilets:position": null, "layer": null, "long_name": null, "year_of_construction": null, "ways": null, "type": null }, "geometry": { "type": "Polygon", "coordinates": [ [ [ 5.2506159, 50.9928371 ], [ 5.2506334, 50.992816 ], [ 5.250628, 50.9928131 ], [ 5.2506897, 50.992743 ], [ 5.2506924, 50.9927422 ], [ 5.2507574, 50.9927654 ], [ 5.250693, 50.9928363 ], [ 5.2506857, 50.9928342 ], [ 5.2506662, 50.9928549 ], [ 5.2506159, 50.9928371 ] ] ] } },
{ "type": "Feature", "properties": { "element_type": "way", "osmid": 503176894, "access": null, "addr:housenumber": null, "addr:street": null, "building": "yes", "addr:city": null, "addr:country": null, "addr:postcode": null, "addr:state": null, "name": null, "source": "AGIV Flandres GRB", "landuse": null, "amenity": null, "beds": null, "contact:website": null, "internet_access": null, "internet_access:fee": null, "rooms": null, "smoking": null, "stars": null, "tourism": null, "wheelchair": null, "denomination": null, "historic": null, "religion": null, "start_date": null, "description": null, "website": null, "changing_table": null, "fee": null, "female": null, "male": null, "operator": null, "toilets:disposal": null, "toilets:position": null, "layer": null, "long_name": null, "year_of_construction": null, "ways": null, "type": null }, "geometry": { "type": "Polygon", "coordinates": [ [ [ 5.2509609, 50.992774 ], [ 5.2509294, 50.992762 ], [ 5.250967, 50.9927223 ], [ 5.2509985, 50.9927346 ], [ 5.2509609, 50.992774 ] ] ] } },
{ "type": "Feature", "properties": { "element_type": "way", "osmid": 503176895, "access": null, "addr:housenumber": null, "addr:street": null, "building": "yes", "addr:city": null, "addr:country": null, "addr:postcode": null, "addr:state": null, "name": null, "source": "AGIV Flandres GRB", "landuse": null, "amenity": null, "beds": null, "contact:website": null, "internet_access": null, "internet_access:fee": null, "rooms": null, "smoking": null, "stars": null, "tourism": null, "wheelchair": null, "denomination": null, "historic": null, "religion": null, "start_date": null, "description": null, "website": null, "changing_table": null, "fee": null, "female": null, "male": null, "operator": null, "toilets:disposal": null, "toilets:position": null, "layer": null, "long_name": null, "year_of_construction": null, "ways": null, "type": null }, "geometry": { "type": "Polygon", "coordinates": [ [ [ 5.2509586, 50.9927831 ], [ 5.2510052, 50.9927361 ], [ 5.2510447, 50.9927517 ], [ 5.2509985, 50.9927987 ], [ 5.2509586, 50.9927831 ] ] ] } },
{ "type": "Feature", "properties": { "element_type": "way", "osmid": 503176896, "access": null, "addr:housenumber": null, "addr:street": null, "building": "yes", "addr:city": null, "addr:country": null, "addr:postcode": null, "addr:state": null, "name": null, "source": "AGIV Flandres GRB", "landuse": null, "amenity": null, "beds": null, "contact:website": null, "internet_access": null, "internet_access:fee": null, "rooms": null, "smoking": null, "stars": null, "tourism": null, "wheelchair": null, "denomination": null, "historic": null, "religion": null, "start_date": null, "description": null, "website": null, "changing_table": null, "fee": null, "female": null, "male": null, "operator": null, "toilets:disposal": null, "toilets:position": null, "layer": null, "long_name": null, "year_of_construction": null, "ways": null, "type": null }, "geometry": { "type": "Polygon", "coordinates": [ [ [ 5.2513961, 50.9923725 ], [ 5.2513673, 50.9923604 ], [ 5.2514055, 50.9923239 ], [ 5.2514343, 50.992336 ], [ 5.2513961, 50.9923725 ] ] ] } },
{ "type": "Feature", "properties": { "element_type": "way", "osmid": 503176897, "access": null, "addr:housenumber": "35", "addr:street": "Doelenlaan", "building": "house", "addr:city": "Heusden-Zolder", "addr:country": "BE", "addr:postcode": "3550", "addr:state": null, "name": null, "source": "AGIV Flandres GRB", "landuse": null, "amenity": null, "beds": null, "contact:website": null, "internet_access": null, "internet_access:fee": null, "rooms": null, "smoking": null, "stars": null, "tourism": null, "wheelchair": null, "denomination": null, "historic": null, "religion": null, "start_date": null, "description": null, "website": null, "changing_table": null, "fee": null, "female": null, "male": null, "operator": null, "toilets:disposal": null, "toilets:position": null, "layer": null, "long_name": null, "year_of_construction": null, "ways": null, "type": null }, "geometry": { "type": "Polygon", "coordinates": [ [ [ 5.2510317, 50.9924712 ], [ 5.251208, 50.9923028 ], [ 5.2512429, 50.9923172 ], [ 5.2512503, 50.9923121 ], [ 5.2513032, 50.9923353 ], [ 5.2511356, 50.9924944 ], [ 5.2510967, 50.9924784 ], [ 5.2510806, 50.9924919 ], [ 5.2510317, 50.9924712 ] ] ] } },
{ "type": "Feature", "properties": { "element_type": "way", "osmid": 503176898, "access": null, "addr:housenumber": "29", "addr:street": "Doelenlaan", "building": "house", "addr:city": "Heusden-Zolder", "addr:country": "BE", "addr:postcode": "3550", "addr:state": null, "name": null, "source": "AGIV Flandres GRB", "landuse": null, "amenity": null, "beds": null, "contact:website": null, "internet_access": null, "internet_access:fee": null, "rooms": null, "smoking": null, "stars": null, "tourism": null, "wheelchair": null, "denomination": null, "historic": null, "religion": null, "start_date": null, "description": null, "website": null, "changing_table": null, "fee": null, "female": null, "male": null, "operator": null, "toilets:disposal": null, "toilets:position": null, "layer": null, "long_name": null, "year_of_construction": null, "ways": null, "type": null }, "geometry": { "type": "Polygon", "coordinates": [ [ [ 5.2517332, 50.992775 ], [ 5.2516769, 50.9927059 ], [ 5.2517362, 50.9926867 ], [ 5.251686, 50.9926251 ], [ 5.2518064, 50.9925862 ], [ 5.2518514, 50.9926414 ], [ 5.2519015, 50.992703 ], [ 5.2518049, 50.9927342 ], [ 5.2518162, 50.9927482 ], [ 5.2517332, 50.992775 ] ] ] } },
{ "type": "Feature", "properties": { "element_type": "way", "osmid": 503176899, "access": null, "addr:housenumber": null, "addr:street": null, "building": "yes", "addr:city": null, "addr:country": null, "addr:postcode": null, "addr:state": null, "name": null, "source": "AGIV Flandres GRB", "landuse": null, "amenity": null, "beds": null, "contact:website": null, "internet_access": null, "internet_access:fee": null, "rooms": null, "smoking": null, "stars": null, "tourism": null, "wheelchair": null, "denomination": null, "historic": null, "religion": null, "start_date": null, "description": null, "website": null, "changing_table": null, "fee": null, "female": null, "male": null, "operator": null, "toilets:disposal": null, "toilets:position": null, "layer": null, "long_name": null, "year_of_construction": null, "ways": null, "type": null }, "geometry": { "type": "Polygon", "coordinates": [ [ [ 5.2517458, 50.9930596 ], [ 5.2516875, 50.9930186 ], [ 5.2517324, 50.9929925 ], [ 5.251725, 50.9929857 ], [ 5.2517854, 50.9929519 ], [ 5.2518591, 50.9930034 ], [ 5.2517988, 50.9930376 ], [ 5.2517914, 50.9930342 ], [ 5.2517458, 50.9930596 ] ] ] } },
{ "type": "Feature", "properties": { "element_type": "way", "osmid": 503176900, "access": null, "addr:housenumber": "25", "addr:street": "Doelenlaan", "building": "house", "addr:city": "Heusden-Zolder", "addr:country": "BE", "addr:postcode": "3550", "addr:state": null, "name": null, "source": "AGIV Flandres GRB", "landuse": null, "amenity": null, "beds": null, "contact:website": null, "internet_access": null, "internet_access:fee": null, "rooms": null, "smoking": null, "stars": null, "tourism": null, "wheelchair": null, "denomination": null, "historic": null, "religion": null, "start_date": null, "description": null, "website": null, "changing_table": null, "fee": null, "female": null, "male": null, "operator": null, "toilets:disposal": null, "toilets:position": null, "layer": null, "long_name": null, "year_of_construction": null, "ways": null, "type": null }, "geometry": { "type": "Polygon", "coordinates": [ [ [ 5.251784, 50.9929156 ], [ 5.251955, 50.992819 ], [ 5.2520221, 50.9928675 ], [ 5.2518511, 50.9929587 ], [ 5.251784, 50.9929156 ] ] ] } },
{ "type": "Feature", "properties": { "element_type": "way", "osmid": 503176901, "access": null, "addr:housenumber": "23", "addr:street": "Doelenlaan", "building": "house", "addr:city": "Heusden-Zolder", "addr:country": "BE", "addr:postcode": "3550", "addr:state": null, "name": null, "source": "AGIV Flandres GRB", "landuse": null, "amenity": null, "beds": null, "contact:website": null, "internet_access": null, "internet_access:fee": null, "rooms": null, "smoking": null, "stars": null, "tourism": null, "wheelchair": null, "denomination": null, "historic": null, "religion": null, "start_date": null, "description": null, "website": null, "changing_table": null, "fee": null, "female": null, "male": null, "operator": null, "toilets:disposal": null, "toilets:position": null, "layer": null, "long_name": null, "year_of_construction": null, "ways": null, "type": null }, "geometry": { "type": "Polygon", "coordinates": [ [ [ 5.251892, 50.9930988 ], [ 5.2519597, 50.9930849 ], [ 5.2519912, 50.9930465 ], [ 5.2519651, 50.9929963 ], [ 5.2520952, 50.9929676 ], [ 5.2521428, 50.9930528 ], [ 5.2520569, 50.9931588 ], [ 5.2519336, 50.9931832 ], [ 5.251892, 50.9930988 ] ] ] } },
{ "type": "Feature", "properties": { "element_type": "way", "osmid": 503176902, "access": null, "addr:housenumber": "19_2", "addr:street": "Doelenlaan", "building": "house", "addr:city": "Heusden-Zolder", "addr:country": "BE", "addr:postcode": "3550", "addr:state": null, "name": null, "source": "AGIV Flandres GRB", "landuse": null, "amenity": null, "beds": null, "contact:website": null, "internet_access": null, "internet_access:fee": null, "rooms": null, "smoking": null, "stars": null, "tourism": null, "wheelchair": null, "denomination": null, "historic": null, "religion": null, "start_date": null, "description": null, "website": null, "changing_table": null, "fee": null, "female": null, "male": null, "operator": null, "toilets:disposal": null, "toilets:position": null, "layer": null, "long_name": null, "year_of_construction": null, "ways": null, "type": null }, "geometry": { "type": "Polygon", "coordinates": [ [ [ 5.2522024, 50.993193 ], [ 5.2521869, 50.9931843 ], [ 5.2521518, 50.9932091 ], [ 5.252069, 50.9932677 ], [ 5.2521305, 50.9933021 ], [ 5.2522245, 50.9932356 ], [ 5.2522483, 50.9932187 ], [ 5.2522024, 50.993193 ] ] ] } },
{ "type": "Feature", "properties": { "element_type": "way", "osmid": 503176903, "access": null, "addr:housenumber": "19_1", "addr:street": "Doelenlaan", "building": "house", "addr:city": "Heusden-Zolder", "addr:country": "BE", "addr:postcode": "3550", "addr:state": null, "name": null, "source": "AGIV Flandres GRB", "landuse": null, "amenity": null, "beds": null, "contact:website": null, "internet_access": null, "internet_access:fee": null, "rooms": null, "smoking": null, "stars": null, "tourism": null, "wheelchair": null, "denomination": null, "historic": null, "religion": null, "start_date": null, "description": null, "website": null, "changing_table": null, "fee": null, "female": null, "male": null, "operator": null, "toilets:disposal": null, "toilets:position": null, "layer": null, "long_name": null, "year_of_construction": null, "ways": null, "type": null }, "geometry": { "type": "Polygon", "coordinates": [ [ [ 5.2522912, 50.9932729 ], [ 5.2522245, 50.9932356 ], [ 5.2521305, 50.9933021 ], [ 5.2521054, 50.9933199 ], [ 5.2521721, 50.9933572 ], [ 5.2522912, 50.9932729 ] ] ] } },
{ "type": "Feature", "properties": { "element_type": "way", "osmid": 503176904, "access": null, "addr:housenumber": null, "addr:street": null, "building": "yes", "addr:city": null, "addr:country": null, "addr:postcode": null, "addr:state": null, "name": null, "source": "AGIV Flandres GRB", "landuse": null, "amenity": null, "beds": null, "contact:website": null, "internet_access": null, "internet_access:fee": null, "rooms": null, "smoking": null, "stars": null, "tourism": null, "wheelchair": null, "denomination": null, "historic": null, "religion": null, "start_date": null, "description": null, "website": null, "changing_table": null, "fee": null, "female": null, "male": null, "operator": null, "toilets:disposal": null, "toilets:position": null, "layer": null, "long_name": null, "year_of_construction": null, "ways": null, "type": null }, "geometry": { "type": "Polygon", "coordinates": [ [ [ 5.2514769, 50.9932271 ], [ 5.251497, 50.9932073 ], [ 5.2515922, 50.9932449 ], [ 5.2515715, 50.9932651 ], [ 5.2514769, 50.9932271 ] ] ] } },
{ "type": "Feature", "properties": { "element_type": "way", "osmid": 503176905, "access": null, "addr:housenumber": null, "addr:street": null, "building": "yes", "addr:city": null, "addr:country": null, "addr:postcode": null, "addr:state": null, "name": null, "source": "AGIV Flandres GRB", "landuse": null, "amenity": null, "beds": null, "contact:website": null, "internet_access": null, "internet_access:fee": null, "rooms": null, "smoking": null, "stars": null, "tourism": null, "wheelchair": null, "denomination": null, "historic": null, "religion": null, "start_date": null, "description": null, "website": null, "changing_table": null, "fee": null, "female": null, "male": null, "operator": null, "toilets:disposal": null, "toilets:position": null, "layer": null, "long_name": null, "year_of_construction": null, "ways": null, "type": null }, "geometry": { "type": "Polygon", "coordinates": [ [ [ 5.2515446, 50.9932993 ], [ 5.2515922, 50.9933174 ], [ 5.2515674, 50.9933436 ], [ 5.2515198, 50.9933259 ], [ 5.2515446, 50.9932993 ] ] ] } },
{ "type": "Feature", "properties": { "element_type": "way", "osmid": 503176906, "access": null, "addr:housenumber": null, "addr:street": null, "building": "yes", "addr:city": null, "addr:country": null, "addr:postcode": null, "addr:state": null, "name": null, "source": "AGIV Flandres GRB", "landuse": null, "amenity": null, "beds": null, "contact:website": null, "internet_access": null, "internet_access:fee": null, "rooms": null, "smoking": null, "stars": null, "tourism": null, "wheelchair": null, "denomination": null, "historic": null, "religion": null, "start_date": null, "description": null, "website": null, "changing_table": null, "fee": null, "female": null, "male": null, "operator": null, "toilets:disposal": null, "toilets:position": null, "layer": null, "long_name": null, "year_of_construction": null, "ways": null, "type": null }, "geometry": { "type": "Polygon", "coordinates": [ [ [ 5.2516901, 50.9932862 ], [ 5.2516499, 50.9932651 ], [ 5.2516821, 50.9932406 ], [ 5.2517223, 50.9932613 ], [ 5.2516901, 50.9932862 ] ] ] } },
{ "type": "Feature", "properties": { "element_type": "way", "osmid": 503176907, "access": null, "addr:housenumber": null, "addr:street": null, "building": "yes", "addr:city": null, "addr:country": null, "addr:postcode": null, "addr:state": null, "name": null, "source": "AGIV Flandres GRB", "landuse": null, "amenity": null, "beds": null, "contact:website": null, "internet_access": null, "internet_access:fee": null, "rooms": null, "smoking": null, "stars": null, "tourism": null, "wheelchair": null, "denomination": null, "historic": null, "religion": null, "start_date": null, "description": null, "website": null, "changing_table": null, "fee": null, "female": null, "male": null, "operator": null, "toilets:disposal": null, "toilets:position": null, "layer": null, "long_name": null, "year_of_construction": null, "ways": null, "type": null }, "geometry": { "type": "Polygon", "coordinates": [ [ [ 5.2519577, 50.9933744 ], [ 5.2519161, 50.9933546 ], [ 5.251959, 50.9933183 ], [ 5.2520006, 50.9933381 ], [ 5.2519577, 50.9933744 ] ] ] } },
{ "type": "Feature", "properties": { "element_type": "way", "osmid": 511979740, "access": null, "addr:housenumber": null, "addr:street": null, "building": "yes", "addr:city": null, "addr:country": null, "addr:postcode": null, "addr:state": null, "name": null, "source": "AGIV Flandres GRB", "landuse": null, "amenity": null, "beds": null, "contact:website": null, "internet_access": null, "internet_access:fee": null, "rooms": null, "smoking": null, "stars": null, "tourism": null, "wheelchair": null, "denomination": null, "historic": null, "religion": null, "start_date": null, "description": null, "website": null, "changing_table": null, "fee": null, "female": null, "male": null, "operator": null, "toilets:disposal": null, "toilets:position": null, "layer": null, "long_name": null, "year_of_construction": null, "ways": null, "type": null }, "geometry": { "type": "Polygon", "coordinates": [ [ [ 5.2507259, 50.9941713 ], [ 5.2507614, 50.9941493 ], [ 5.2507963, 50.9941721 ], [ 5.2507614, 50.994194 ], [ 5.2507259, 50.9941713 ] ] ] } },
{ "type": "Feature", "properties": { "element_type": "way", "osmid": 511979742, "access": null, "addr:housenumber": null, "addr:street": null, "building": "yes", "addr:city": null, "addr:country": null, "addr:postcode": null, "addr:state": null, "name": null, "source": "AGIV Flandres GRB", "landuse": null, "amenity": null, "beds": null, "contact:website": null, "internet_access": null, "internet_access:fee": null, "rooms": null, "smoking": null, "stars": null, "tourism": null, "wheelchair": null, "denomination": null, "historic": null, "religion": null, "start_date": null, "description": null, "website": null, "changing_table": null, "fee": null, "female": null, "male": null, "operator": null, "toilets:disposal": null, "toilets:position": null, "layer": null, "long_name": null, "year_of_construction": null, "ways": null, "type": null }, "geometry": { "type": "Polygon", "coordinates": [ [ [ 5.2507474, 50.9940497 ], [ 5.2508989, 50.9941101 ], [ 5.2508453, 50.9941641 ], [ 5.2508479, 50.994167 ], [ 5.2506924, 50.994105 ], [ 5.2507474, 50.9940497 ] ] ] } },
{ "type": "Feature", "properties": { "element_type": "way", "osmid": 511979744, "access": null, "addr:housenumber": null, "addr:street": null, "building": "yes", "addr:city": null, "addr:country": null, "addr:postcode": null, "addr:state": null, "name": null, "source": "AGIV Flandres GRB", "landuse": null, "amenity": null, "beds": null, "contact:website": null, "internet_access": null, "internet_access:fee": null, "rooms": null, "smoking": null, "stars": null, "tourism": null, "wheelchair": null, "denomination": null, "historic": null, "religion": null, "start_date": null, "description": null, "website": null, "changing_table": null, "fee": null, "female": null, "male": null, "operator": null, "toilets:disposal": null, "toilets:position": null, "layer": null, "long_name": null, "year_of_construction": null, "ways": null, "type": null }, "geometry": { "type": "Polygon", "coordinates": [ [ [ 5.2503323, 50.9941295 ], [ 5.2502451, 50.9940885 ], [ 5.2502062, 50.9941198 ], [ 5.2501593, 50.9940982 ], [ 5.2501137, 50.9941362 ], [ 5.2502505, 50.9941978 ], [ 5.2503323, 50.9941295 ] ] ] } },
{ "type": "Feature", "properties": { "element_type": "way", "osmid": 511979746, "access": null, "addr:housenumber": null, "addr:street": null, "building": "yes", "addr:city": null, "addr:country": null, "addr:postcode": null, "addr:state": null, "name": null, "source": "AGIV Flandres GRB", "landuse": null, "amenity": null, "beds": null, "contact:website": null, "internet_access": null, "internet_access:fee": null, "rooms": null, "smoking": null, "stars": null, "tourism": null, "wheelchair": null, "denomination": null, "historic": null, "religion": null, "start_date": null, "description": null, "website": null, "changing_table": null, "fee": null, "female": null, "male": null, "operator": null, "toilets:disposal": null, "toilets:position": null, "layer": null, "long_name": null, "year_of_construction": null, "ways": null, "type": null }, "geometry": { "type": "Polygon", "coordinates": [ [ [ 5.2502002, 50.994292 ], [ 5.2501687, 50.9942734 ], [ 5.2502424, 50.9942232 ], [ 5.2502739, 50.9942417 ], [ 5.2502002, 50.994292 ] ] ] } },
{ "type": "Feature", "properties": { "element_type": "way", "osmid": 511979748, "access": null, "addr:housenumber": null, "addr:street": null, "building": "yes", "addr:city": null, "addr:country": null, "addr:postcode": null, "addr:state": null, "name": null, "source": "AGIV Flandres GRB", "landuse": null, "amenity": null, "beds": null, "contact:website": null, "internet_access": null, "internet_access:fee": null, "rooms": null, "smoking": null, "stars": null, "tourism": null, "wheelchair": null, "denomination": null, "historic": null, "religion": null, "start_date": null, "description": null, "website": null, "changing_table": null, "fee": null, "female": null, "male": null, "operator": null, "toilets:disposal": null, "toilets:position": null, "layer": null, "long_name": null, "year_of_construction": null, "ways": null, "type": null }, "geometry": { "type": "Polygon", "coordinates": [ [ [ 5.2500949, 50.9944173 ], [ 5.2500386, 50.9943861 ], [ 5.2500895, 50.9943519 ], [ 5.2500909, 50.9943523 ], [ 5.2501197, 50.9943696 ], [ 5.2501117, 50.9943768 ], [ 5.2501345, 50.9943903 ], [ 5.2500949, 50.9944173 ] ] ] } },
{ "type": "Feature", "properties": { "element_type": "way", "osmid": 511979751, "access": null, "addr:housenumber": null, "addr:street": null, "building": "yes", "addr:city": null, "addr:country": null, "addr:postcode": null, "addr:state": null, "name": null, "source": "AGIV Flandres GRB", "landuse": null, "amenity": null, "beds": null, "contact:website": null, "internet_access": null, "internet_access:fee": null, "rooms": null, "smoking": null, "stars": null, "tourism": null, "wheelchair": null, "denomination": null, "historic": null, "religion": null, "start_date": null, "description": null, "website": null, "changing_table": null, "fee": null, "female": null, "male": null, "operator": null, "toilets:disposal": null, "toilets:position": null, "layer": null, "long_name": null, "year_of_construction": null, "ways": null, "type": null }, "geometry": { "type": "Polygon", "coordinates": [ [ [ 5.2503712, 50.9944051 ], [ 5.2502786, 50.9943439 ], [ 5.2503464, 50.9943025 ], [ 5.2504396, 50.9943637 ], [ 5.2503712, 50.9944051 ] ] ] } },
{ "type": "Feature", "properties": { "element_type": "way", "osmid": 511979753, "access": null, "addr:housenumber": null, "addr:street": null, "building": "yes", "addr:city": null, "addr:country": null, "addr:postcode": null, "addr:state": null, "name": null, "source": "AGIV Flandres GRB", "landuse": null, "amenity": null, "beds": null, "contact:website": null, "internet_access": null, "internet_access:fee": null, "rooms": null, "smoking": null, "stars": null, "tourism": null, "wheelchair": null, "denomination": null, "historic": null, "religion": null, "start_date": null, "description": null, "website": null, "changing_table": null, "fee": null, "female": null, "male": null, "operator": null, "toilets:disposal": null, "toilets:position": null, "layer": null, "long_name": null, "year_of_construction": null, "ways": null, "type": null }, "geometry": { "type": "Polygon", "coordinates": [ [ [ 5.2505133, 50.9943726 ], [ 5.2505616, 50.9943464 ], [ 5.2506126, 50.9943827 ], [ 5.2505636, 50.9944101 ], [ 5.2505133, 50.9943726 ] ] ] } },
{ "type": "Feature", "properties": { "element_type": "way", "osmid": 511979754, "access": null, "addr:housenumber": "63", "addr:street": "Kerkstraat", "building": "house", "addr:city": "Heusden-Zolder", "addr:country": "BE", "addr:postcode": "3550", "addr:state": null, "name": null, "source": "AGIV Flandres GRB", "landuse": null, "amenity": null, "beds": null, "contact:website": null, "internet_access": null, "internet_access:fee": null, "rooms": null, "smoking": null, "stars": null, "tourism": null, "wheelchair": null, "denomination": null, "historic": null, "religion": null, "start_date": null, "description": null, "website": null, "changing_table": null, "fee": null, "female": null, "male": null, "operator": null, "toilets:disposal": null, "toilets:position": null, "layer": null, "long_name": null, "year_of_construction": null, "ways": null, "type": null }, "geometry": { "type": "Polygon", "coordinates": [ [ [ 5.2509093, 50.9944007 ], [ 5.250956, 50.9943764 ], [ 5.2509935, 50.994405 ], [ 5.2510019, 50.9944006 ], [ 5.2509917, 50.9943928 ], [ 5.2510664, 50.9943539 ], [ 5.2510766, 50.9943617 ], [ 5.2510804, 50.9943597 ], [ 5.2511293, 50.994397 ], [ 5.2511244, 50.9943996 ], [ 5.2511645, 50.9944301 ], [ 5.2511215, 50.9944525 ], [ 5.251117, 50.994449 ], [ 5.2510785, 50.994469 ], [ 5.2510983, 50.9944841 ], [ 5.2510511, 50.9945087 ], [ 5.2509093, 50.9944007 ] ] ] } },
{ "type": "Feature", "properties": { "element_type": "way", "osmid": 511979758, "access": null, "addr:housenumber": "61", "addr:street": "Kerkstraat", "building": "house", "addr:city": "Heusden-Zolder", "addr:country": "BE", "addr:postcode": "3550", "addr:state": null, "name": null, "source": "AGIV Flandres GRB", "landuse": null, "amenity": null, "beds": null, "contact:website": null, "internet_access": null, "internet_access:fee": null, "rooms": null, "smoking": null, "stars": null, "tourism": null, "wheelchair": null, "denomination": null, "historic": null, "religion": null, "start_date": null, "description": null, "website": null, "changing_table": null, "fee": null, "female": null, "male": null, "operator": null, "toilets:disposal": null, "toilets:position": null, "layer": null, "long_name": null, "year_of_construction": null, "ways": null, "type": null }, "geometry": { "type": "Polygon", "coordinates": [ [ [ 5.2508454, 50.9946082 ], [ 5.2507505, 50.9945353 ], [ 5.250883, 50.9944669 ], [ 5.2509779, 50.9945399 ], [ 5.2508454, 50.9946082 ] ] ] } },
{ "type": "Feature", "properties": { "element_type": "way", "osmid": 512103371, "access": null, "addr:housenumber": null, "addr:street": null, "building": "yes", "addr:city": null, "addr:country": null, "addr:postcode": null, "addr:state": null, "name": null, "source": "AGIV Flandres GRB", "landuse": null, "amenity": null, "beds": null, "contact:website": null, "internet_access": null, "internet_access:fee": null, "rooms": null, "smoking": null, "stars": null, "tourism": null, "wheelchair": null, "denomination": null, "historic": null, "religion": null, "start_date": null, "description": null, "website": null, "changing_table": null, "fee": null, "female": null, "male": null, "operator": null, "toilets:disposal": null, "toilets:position": null, "layer": null, "long_name": null, "year_of_construction": null, "ways": null, "type": null }, "geometry": { "type": "Polygon", "coordinates": [ [ [ 5.256157, 50.9941902 ], [ 5.2561721, 50.9941761 ], [ 5.2561805, 50.9941788 ], [ 5.2562073, 50.9941542 ], [ 5.2562264, 50.9941622 ], [ 5.256202, 50.9941858 ], [ 5.2562124, 50.9941909 ], [ 5.2561956, 50.9942065 ], [ 5.256157, 50.9941902 ] ] ] } },
{ "type": "Feature", "properties": { "element_type": "way", "osmid": 512103372, "access": null, "addr:housenumber": null, "addr:street": null, "building": "yes", "addr:city": null, "addr:country": null, "addr:postcode": null, "addr:state": null, "name": null, "source": "AGIV Flandres GRB", "landuse": null, "amenity": null, "beds": null, "contact:website": null, "internet_access": null, "internet_access:fee": null, "rooms": null, "smoking": null, "stars": null, "tourism": null, "wheelchair": null, "denomination": null, "historic": null, "religion": null, "start_date": null, "description": null, "website": null, "changing_table": null, "fee": null, "female": null, "male": null, "operator": null, "toilets:disposal": null, "toilets:position": null, "layer": null, "long_name": null, "year_of_construction": null, "ways": null, "type": null }, "geometry": { "type": "Polygon", "coordinates": [ [ [ 5.256377, 50.9940508 ], [ 5.2563039, 50.9941179 ], [ 5.2563582, 50.9941404 ], [ 5.2563894, 50.9941107 ], [ 5.2563847, 50.9941082 ], [ 5.2564236, 50.99407 ], [ 5.256377, 50.9940508 ] ] ] } },
{ "type": "Feature", "properties": { "element_type": "way", "osmid": 512103373, "access": null, "addr:housenumber": null, "addr:street": null, "building": "yes", "addr:city": null, "addr:country": null, "addr:postcode": null, "addr:state": null, "name": null, "source": "AGIV Flandres GRB", "landuse": null, "amenity": null, "beds": null, "contact:website": null, "internet_access": null, "internet_access:fee": null, "rooms": null, "smoking": null, "stars": null, "tourism": null, "wheelchair": null, "denomination": null, "historic": null, "religion": null, "start_date": null, "description": null, "website": null, "changing_table": null, "fee": null, "female": null, "male": null, "operator": null, "toilets:disposal": null, "toilets:position": null, "layer": null, "long_name": null, "year_of_construction": null, "ways": null, "type": null }, "geometry": { "type": "Polygon", "coordinates": [ [ [ 5.2561359, 50.9941008 ], [ 5.2561621, 50.994048 ], [ 5.2562419, 50.9940636 ], [ 5.2562157, 50.9941164 ], [ 5.2561359, 50.9941008 ] ] ] } },
{ "type": "Feature", "properties": { "element_type": "way", "osmid": 512103374, "access": null, "addr:housenumber": null, "addr:street": null, "building": "yes", "addr:city": null, "addr:country": null, "addr:postcode": null, "addr:state": null, "name": null, "source": "AGIV Flandres GRB", "landuse": null, "amenity": null, "beds": null, "contact:website": null, "internet_access": null, "internet_access:fee": null, "rooms": null, "smoking": null, "stars": null, "tourism": null, "wheelchair": null, "denomination": null, "historic": null, "religion": null, "start_date": null, "description": null, "website": null, "changing_table": null, "fee": null, "female": null, "male": null, "operator": null, "toilets:disposal": null, "toilets:position": null, "layer": null, "long_name": null, "year_of_construction": null, "ways": null, "type": null }, "geometry": { "type": "Polygon", "coordinates": [ [ [ 5.2548444, 50.9940965 ], [ 5.2548659, 50.9940565 ], [ 5.2548082, 50.9940442 ], [ 5.2547868, 50.9940847 ], [ 5.2548444, 50.9940965 ] ] ] } },
{ "type": "Feature", "properties": { "element_type": "way", "osmid": 512103375, "access": null, "addr:housenumber": "79", "addr:street": "Kerkstraat", "building": "house", "addr:city": "Heusden-Zolder", "addr:country": "BE", "addr:postcode": "3550", "addr:state": null, "name": null, "source": "AGIV Flandres GRB", "landuse": null, "amenity": null, "beds": null, "contact:website": null, "internet_access": null, "internet_access:fee": null, "rooms": null, "smoking": null, "stars": null, "tourism": null, "wheelchair": null, "denomination": null, "historic": null, "religion": null, "start_date": null, "description": null, "website": null, "changing_table": null, "fee": null, "female": null, "male": null, "operator": null, "toilets:disposal": null, "toilets:position": null, "layer": null, "long_name": null, "year_of_construction": null, "ways": null, "type": null }, "geometry": { "type": "Polygon", "coordinates": [ [ [ 5.2530034, 50.9938961 ], [ 5.2530508, 50.9939375 ], [ 5.2530329, 50.9939456 ], [ 5.2530997, 50.9940039 ], [ 5.2530484, 50.9940272 ], [ 5.2529342, 50.9939275 ], [ 5.2530034, 50.9938961 ] ] ] } },
{ "type": "Feature", "properties": { "element_type": "way", "osmid": 512103376, "access": null, "addr:housenumber": null, "addr:street": null, "building": "yes", "addr:city": null, "addr:country": null, "addr:postcode": null, "addr:state": null, "name": null, "source": "AGIV Flandres GRB", "landuse": null, "amenity": null, "beds": null, "contact:website": null, "internet_access": null, "internet_access:fee": null, "rooms": null, "smoking": null, "stars": null, "tourism": null, "wheelchair": null, "denomination": null, "historic": null, "religion": null, "start_date": null, "description": null, "website": null, "changing_table": null, "fee": null, "female": null, "male": null, "operator": null, "toilets:disposal": null, "toilets:position": null, "layer": null, "long_name": null, "year_of_construction": null, "ways": null, "type": null }, "geometry": { "type": "Polygon", "coordinates": [ [ [ 5.2528052, 50.9938314 ], [ 5.2528556, 50.9938078 ], [ 5.2529411, 50.9938801 ], [ 5.2528907, 50.9939037 ], [ 5.2528052, 50.9938314 ] ] ] } },
{ "type": "Feature", "properties": { "element_type": "way", "osmid": 512103377, "access": null, "addr:housenumber": "77/1", "addr:street": "Kerkstraat", "building": "house", "addr:city": "Heusden-Zolder", "addr:country": "BE", "addr:postcode": "3550", "addr:state": null, "name": null, "source": "AGIV Flandres GRB", "landuse": null, "amenity": null, "beds": null, "contact:website": null, "internet_access": null, "internet_access:fee": null, "rooms": null, "smoking": null, "stars": null, "tourism": null, "wheelchair": null, "denomination": null, "historic": null, "religion": null, "start_date": null, "description": null, "website": null, "changing_table": null, "fee": null, "female": null, "male": null, "operator": null, "toilets:disposal": null, "toilets:position": null, "layer": null, "long_name": null, "year_of_construction": null, "ways": null, "type": null }, "geometry": { "type": "Polygon", "coordinates": [ [ [ 5.2527872, 50.9940784 ], [ 5.2527655, 50.9940319 ], [ 5.2527476, 50.994035 ], [ 5.252718, 50.9939688 ], [ 5.2528313, 50.9939479 ], [ 5.252881, 50.994056 ], [ 5.2528168, 50.9940679 ], [ 5.2528184, 50.9940723 ], [ 5.2527872, 50.9940784 ] ] ] } },
{ "type": "Feature", "properties": { "element_type": "way", "osmid": 512103378, "access": null, "addr:housenumber": null, "addr:street": null, "building": "yes", "addr:city": null, "addr:country": null, "addr:postcode": null, "addr:state": null, "name": null, "source": "AGIV Flandres GRB", "landuse": null, "amenity": null, "beds": null, "contact:website": null, "internet_access": null, "internet_access:fee": null, "rooms": null, "smoking": null, "stars": null, "tourism": null, "wheelchair": null, "denomination": null, "historic": null, "religion": null, "start_date": null, "description": null, "website": null, "changing_table": null, "fee": null, "female": null, "male": null, "operator": null, "toilets:disposal": null, "toilets:position": null, "layer": null, "long_name": null, "year_of_construction": null, "ways": null, "type": null }, "geometry": { "type": "Polygon", "coordinates": [ [ [ 5.2526155, 50.9941003 ], [ 5.2526598, 50.9940906 ], [ 5.2526329, 50.9940425 ], [ 5.2525887, 50.9940522 ], [ 5.2526155, 50.9941003 ] ] ] } },
{ "type": "Feature", "properties": { "element_type": "way", "osmid": 512103379, "access": null, "addr:housenumber": "77", "addr:street": "Kerkstraat", "building": "house", "addr:city": "Heusden-Zolder", "addr:country": "BE", "addr:postcode": "3550", "addr:state": null, "name": null, "source": "AGIV Flandres GRB", "landuse": null, "amenity": null, "beds": null, "contact:website": null, "internet_access": null, "internet_access:fee": null, "rooms": null, "smoking": null, "stars": null, "tourism": null, "wheelchair": null, "denomination": null, "historic": null, "religion": null, "start_date": null, "description": null, "website": null, "changing_table": null, "fee": null, "female": null, "male": null, "operator": null, "toilets:disposal": null, "toilets:position": null, "layer": null, "long_name": null, "year_of_construction": null, "ways": null, "type": null }, "geometry": { "type": "Polygon", "coordinates": [ [ [ 5.2524088, 50.9940638 ], [ 5.2525118, 50.9940425 ], [ 5.2525196, 50.9940577 ], [ 5.2525701, 50.9940473 ], [ 5.2526113, 50.9941264 ], [ 5.2524579, 50.994158 ], [ 5.2524088, 50.9940638 ] ] ] } },
{ "type": "Feature", "properties": { "element_type": "way", "osmid": 512103380, "access": null, "addr:housenumber": null, "addr:street": null, "building": "yes", "addr:city": null, "addr:country": null, "addr:postcode": null, "addr:state": null, "name": null, "source": "AGIV Flandres GRB", "landuse": null, "amenity": null, "beds": null, "contact:website": null, "internet_access": null, "internet_access:fee": null, "rooms": null, "smoking": null, "stars": null, "tourism": null, "wheelchair": null, "denomination": null, "historic": null, "religion": null, "start_date": null, "description": null, "website": null, "changing_table": null, "fee": null, "female": null, "male": null, "operator": null, "toilets:disposal": null, "toilets:position": null, "layer": null, "long_name": null, "year_of_construction": null, "ways": null, "type": null }, "geometry": { "type": "Polygon", "coordinates": [ [ [ 5.2523922, 50.9941147 ], [ 5.2523506, 50.9940383 ], [ 5.2522816, 50.994051 ], [ 5.2523238, 50.9941299 ], [ 5.2523922, 50.9941147 ] ] ] } },
{ "type": "Feature", "properties": { "element_type": "way", "osmid": 512103381, "access": null, "addr:housenumber": null, "addr:street": null, "building": "yes", "addr:city": null, "addr:country": null, "addr:postcode": null, "addr:state": null, "name": null, "source": "AGIV Flandres GRB", "landuse": null, "amenity": null, "beds": null, "contact:website": null, "internet_access": null, "internet_access:fee": null, "rooms": null, "smoking": null, "stars": null, "tourism": null, "wheelchair": null, "denomination": null, "historic": null, "religion": null, "start_date": null, "description": null, "website": null, "changing_table": null, "fee": null, "female": null, "male": null, "operator": null, "toilets:disposal": null, "toilets:position": null, "layer": null, "long_name": null, "year_of_construction": null, "ways": null, "type": null }, "geometry": { "type": "Polygon", "coordinates": [ [ [ 5.2522105, 50.9941046 ], [ 5.2522809, 50.9940847 ], [ 5.2523091, 50.9941244 ], [ 5.2522393, 50.9941442 ], [ 5.2522105, 50.9941046 ] ] ] } },
{ "type": "Feature", "properties": { "element_type": "way", "osmid": 512103382, "access": null, "addr:housenumber": null, "addr:street": null, "building": "yes", "addr:city": null, "addr:country": null, "addr:postcode": null, "addr:state": null, "name": null, "source": "AGIV Flandres GRB", "landuse": null, "amenity": null, "beds": null, "contact:website": null, "internet_access": null, "internet_access:fee": null, "rooms": null, "smoking": null, "stars": null, "tourism": null, "wheelchair": null, "denomination": null, "historic": null, "religion": null, "start_date": null, "description": null, "website": null, "changing_table": null, "fee": null, "female": null, "male": null, "operator": null, "toilets:disposal": null, "toilets:position": null, "layer": null, "long_name": null, "year_of_construction": null, "ways": null, "type": null }, "geometry": { "type": "Polygon", "coordinates": [ [ [ 5.2521723, 50.9941691 ], [ 5.2522326, 50.9941548 ], [ 5.2522092, 50.994116 ], [ 5.2521495, 50.9941299 ], [ 5.2521723, 50.9941691 ] ] ] } },
{ "type": "Feature", "properties": { "element_type": "way", "osmid": 512103383, "access": null, "addr:housenumber": "75", "addr:street": "Kerkstraat", "building": "house", "addr:city": "Heusden-Zolder", "addr:country": "BE", "addr:postcode": "3550", "addr:state": null, "name": null, "source": "AGIV Flandres GRB", "landuse": null, "amenity": null, "beds": null, "contact:website": null, "internet_access": null, "internet_access:fee": null, "rooms": null, "smoking": null, "stars": null, "tourism": null, "wheelchair": null, "denomination": null, "historic": null, "religion": null, "start_date": null, "description": null, "website": null, "changing_table": null, "fee": null, "female": null, "male": null, "operator": null, "toilets:disposal": null, "toilets:position": null, "layer": null, "long_name": null, "year_of_construction": null, "ways": null, "type": null }, "geometry": { "type": "Polygon", "coordinates": [ [ [ 5.2521589, 50.9942151 ], [ 5.2521253, 50.9941573 ], [ 5.252065, 50.9941704 ], [ 5.2520556, 50.9941573 ], [ 5.2520093, 50.9941679 ], [ 5.2520006, 50.9941561 ], [ 5.2518953, 50.9941801 ], [ 5.2519389, 50.9942569 ], [ 5.252012, 50.9942405 ], [ 5.252018, 50.9942333 ], [ 5.2520315, 50.9942299 ], [ 5.2520415, 50.9942426 ], [ 5.2521589, 50.9942151 ] ] ] } },
{ "type": "Feature", "properties": { "element_type": "way", "osmid": 512370985, "access": null, "addr:housenumber": null, "addr:street": null, "building": "yes", "addr:city": null, "addr:country": null, "addr:postcode": null, "addr:state": null, "name": null, "source": "AGIV Flandres GRB", "landuse": null, "amenity": null, "beds": null, "contact:website": null, "internet_access": null, "internet_access:fee": null, "rooms": null, "smoking": null, "stars": null, "tourism": null, "wheelchair": null, "denomination": null, "historic": null, "religion": null, "start_date": null, "description": null, "website": null, "changing_table": null, "fee": null, "female": null, "male": null, "operator": null, "toilets:disposal": null, "toilets:position": null, "layer": null, "long_name": null, "year_of_construction": null, "ways": null, "type": null }, "geometry": { "type": "Polygon", "coordinates": [ [ [ 5.2655116, 50.9878794 ], [ 5.265525, 50.987849 ], [ 5.2654794, 50.987841 ], [ 5.2654666, 50.9878718 ], [ 5.2655116, 50.9878794 ] ] ] } },
{ "type": "Feature", "properties": { "element_type": "way", "osmid": 512370987, "access": null, "addr:housenumber": "71", "addr:street": "Reeënlaan", "building": "house", "addr:city": "Heusden-Zolder", "addr:country": "BE", "addr:postcode": "3550", "addr:state": "Limburg", "name": null, "source": "AGIV Flandres GRB", "landuse": null, "amenity": null, "beds": null, "contact:website": null, "internet_access": null, "internet_access:fee": null, "rooms": null, "smoking": null, "stars": null, "tourism": null, "wheelchair": null, "denomination": null, "historic": null, "religion": null, "start_date": null, "description": null, "website": null, "changing_table": null, "fee": null, "female": null, "male": null, "operator": null, "toilets:disposal": null, "toilets:position": null, "layer": null, "long_name": null, "year_of_construction": null, "ways": null, "type": null }, "geometry": { "type": "Polygon", "coordinates": [ [ [ 5.2654231, 50.9876785 ], [ 5.265476, 50.9875231 ], [ 5.2653399, 50.987505 ], [ 5.2652863, 50.9876599 ], [ 5.2654231, 50.9876785 ] ] ] } },
{ "type": "Feature", "properties": { "element_type": "way", "osmid": 512370988, "access": null, "addr:housenumber": "73", "addr:street": "Reeënlaan", "building": "house", "addr:city": "Heusden-Zolder", "addr:country": "BE", "addr:postcode": "3550", "addr:state": "Limburg", "name": null, "source": "AGIV Flandres GRB", "landuse": null, "amenity": null, "beds": null, "contact:website": null, "internet_access": null, "internet_access:fee": null, "rooms": null, "smoking": null, "stars": null, "tourism": null, "wheelchair": null, "denomination": null, "historic": null, "religion": null, "start_date": null, "description": null, "website": null, "changing_table": null, "fee": null, "female": null, "male": null, "operator": null, "toilets:disposal": null, "toilets:position": null, "layer": null, "long_name": null, "year_of_construction": null, "ways": null, "type": null }, "geometry": { "type": "Polygon", "coordinates": [ [ [ 5.2651707, 50.9874942 ], [ 5.2650969, 50.9874827 ], [ 5.2650894, 50.9875017 ], [ 5.2648673, 50.9874671 ], [ 5.26482, 50.9875871 ], [ 5.2648278, 50.9875883 ], [ 5.2648194, 50.9876095 ], [ 5.2648771, 50.9876185 ], [ 5.2648854, 50.9875975 ], [ 5.2649305, 50.9876045 ], [ 5.2649281, 50.9876106 ], [ 5.2651078, 50.9876386 ], [ 5.2651223, 50.9876018 ], [ 5.2651279, 50.9876027 ], [ 5.2651707, 50.9874942 ] ] ] } },
{ "type": "Feature", "properties": { "element_type": "way", "osmid": 512370989, "access": null, "addr:housenumber": "75", "addr:street": "Reeënlaan", "building": "house", "addr:city": "Heusden-Zolder", "addr:country": "BE", "addr:postcode": "3550", "addr:state": "Limburg", "name": null, "source": "AGIV Flandres GRB", "landuse": null, "amenity": null, "beds": null, "contact:website": null, "internet_access": null, "internet_access:fee": null, "rooms": null, "smoking": null, "stars": null, "tourism": null, "wheelchair": null, "denomination": null, "historic": null, "religion": null, "start_date": null, "description": null, "website": null, "changing_table": null, "fee": null, "female": null, "male": null, "operator": null, "toilets:disposal": null, "toilets:position": null, "layer": null, "long_name": null, "year_of_construction": null, "ways": null, "type": null }, "geometry": { "type": "Polygon", "coordinates": [ [ [ 5.2647514, 50.9875379 ], [ 5.2647882, 50.9874337 ], [ 5.2645406, 50.987399 ], [ 5.2645267, 50.9874385 ], [ 5.2645652, 50.9874439 ], [ 5.2645483, 50.9874917 ], [ 5.2646043, 50.9874995 ], [ 5.2645984, 50.9875165 ], [ 5.2647514, 50.9875379 ] ] ] } },
{ "type": "Feature", "properties": { "element_type": "way", "osmid": 512370990, "access": null, "addr:housenumber": null, "addr:street": null, "building": "yes", "addr:city": null, "addr:country": null, "addr:postcode": null, "addr:state": null, "name": null, "source": "AGIV Flandres GRB", "landuse": null, "amenity": null, "beds": null, "contact:website": null, "internet_access": null, "internet_access:fee": null, "rooms": null, "smoking": null, "stars": null, "tourism": null, "wheelchair": null, "denomination": null, "historic": null, "religion": null, "start_date": null, "description": null, "website": null, "changing_table": null, "fee": null, "female": null, "male": null, "operator": null, "toilets:disposal": null, "toilets:position": null, "layer": null, "long_name": null, "year_of_construction": null, "ways": null, "type": null }, "geometry": { "type": "Polygon", "coordinates": [ [ [ 5.2644876, 50.987619 ], [ 5.2645198, 50.9875362 ], [ 5.2644313, 50.9875227 ], [ 5.2643991, 50.987605 ], [ 5.2644876, 50.987619 ] ] ] } },
{ "type": "Feature", "properties": { "element_type": "way", "osmid": 512370991, "access": null, "addr:housenumber": null, "addr:street": null, "building": "yes", "addr:city": null, "addr:country": null, "addr:postcode": null, "addr:state": null, "name": null, "source": "AGIV Flandres GRB", "landuse": null, "amenity": null, "beds": null, "contact:website": null, "internet_access": null, "internet_access:fee": null, "rooms": null, "smoking": null, "stars": null, "tourism": null, "wheelchair": null, "denomination": null, "historic": null, "religion": null, "start_date": null, "description": null, "website": null, "changing_table": null, "fee": null, "female": null, "male": null, "operator": null, "toilets:disposal": null, "toilets:position": null, "layer": null, "long_name": null, "year_of_construction": null, "ways": null, "type": null }, "geometry": { "type": "Polygon", "coordinates": [ [ [ 5.2635495, 50.9875548 ], [ 5.2635643, 50.9875109 ], [ 5.2634577, 50.9874965 ], [ 5.2634436, 50.9875413 ], [ 5.2635495, 50.9875548 ] ] ] } },
{ "type": "Feature", "properties": { "element_type": "way", "osmid": 512370992, "access": null, "addr:housenumber": null, "addr:street": null, "building": "yes", "addr:city": null, "addr:country": null, "addr:postcode": null, "addr:state": null, "name": null, "source": "AGIV Flandres GRB", "landuse": null, "amenity": null, "beds": null, "contact:website": null, "internet_access": null, "internet_access:fee": null, "rooms": null, "smoking": null, "stars": null, "tourism": null, "wheelchair": null, "denomination": null, "historic": null, "religion": null, "start_date": null, "description": null, "website": null, "changing_table": null, "fee": null, "female": null, "male": null, "operator": null, "toilets:disposal": null, "toilets:position": null, "layer": null, "long_name": null, "year_of_construction": null, "ways": null, "type": null }, "geometry": { "type": "Polygon", "coordinates": [ [ [ 5.263634, 50.9875835 ], [ 5.2636535, 50.9875392 ], [ 5.2635844, 50.9875274 ], [ 5.2635656, 50.9875717 ], [ 5.263634, 50.9875835 ] ] ] } },
{ "type": "Feature", "properties": { "element_type": "way", "osmid": 512370995, "access": null, "addr:housenumber": null, "addr:street": null, "building": "yes", "addr:city": null, "addr:country": null, "addr:postcode": null, "addr:state": null, "name": null, "source": "AGIV Flandres GRB", "landuse": null, "amenity": null, "beds": null, "contact:website": null, "internet_access": null, "internet_access:fee": null, "rooms": null, "smoking": null, "stars": null, "tourism": null, "wheelchair": null, "denomination": null, "historic": null, "religion": null, "start_date": null, "description": null, "website": null, "changing_table": null, "fee": null, "female": null, "male": null, "operator": null, "toilets:disposal": null, "toilets:position": null, "layer": null, "long_name": null, "year_of_construction": null, "ways": null, "type": null }, "geometry": { "type": "Polygon", "coordinates": [ [ [ 5.2619355, 50.9868406 ], [ 5.2619791, 50.9868862 ], [ 5.2619188, 50.9869094 ], [ 5.2618745, 50.9868642 ], [ 5.2619355, 50.9868406 ] ] ] } },
{ "type": "Feature", "properties": { "element_type": "way", "osmid": 512370996, "access": null, "addr:housenumber": "110", "addr:street": "Sterrenwacht", "building": "house", "addr:city": "Heusden-Zolder", "addr:country": "BE", "addr:postcode": "3550", "addr:state": "Limburg", "name": null, "source": "AGIV Flandres GRB", "landuse": null, "amenity": null, "beds": null, "contact:website": null, "internet_access": null, "internet_access:fee": null, "rooms": null, "smoking": null, "stars": null, "tourism": null, "wheelchair": null, "denomination": null, "historic": null, "religion": null, "start_date": null, "description": null, "website": null, "changing_table": null, "fee": null, "female": null, "male": null, "operator": null, "toilets:disposal": null, "toilets:position": null, "layer": null, "long_name": null, "year_of_construction": null, "ways": null, "type": null }, "geometry": { "type": "Polygon", "coordinates": [ [ [ 5.261391, 50.9870267 ], [ 5.2612556, 50.9869153 ], [ 5.2614507, 50.9867942 ], [ 5.2615473, 50.9868562 ], [ 5.2615352, 50.9868638 ], [ 5.2615634, 50.9868836 ], [ 5.2615191, 50.9869111 ], [ 5.2614889, 50.9868934 ], [ 5.2614393, 50.9869237 ], [ 5.261499, 50.986974 ], [ 5.261391, 50.9870267 ] ] ] } },
{ "type": "Feature", "properties": { "element_type": "way", "osmid": 512370997, "access": null, "addr:housenumber": "89", "addr:street": "Reeënlaan", "building": "house", "addr:city": "Heusden-Zolder", "addr:country": "BE", "addr:postcode": "3550", "addr:state": null, "name": null, "source": "AGIV Flandres GRB", "landuse": null, "amenity": null, "beds": null, "contact:website": null, "internet_access": null, "internet_access:fee": null, "rooms": null, "smoking": null, "stars": null, "tourism": null, "wheelchair": null, "denomination": null, "historic": null, "religion": null, "start_date": null, "description": null, "website": null, "changing_table": null, "fee": null, "female": null, "male": null, "operator": null, "toilets:disposal": null, "toilets:position": null, "layer": null, "long_name": null, "year_of_construction": null, "ways": null, "type": null }, "geometry": { "type": "Polygon", "coordinates": [ [ [ 5.2623905, 50.9868247 ], [ 5.2624521, 50.9867902 ], [ 5.2625382, 50.9868514 ], [ 5.2625819, 50.9868254 ], [ 5.262649, 50.9868756 ], [ 5.2626429, 50.9868803 ], [ 5.2627489, 50.9869634 ], [ 5.2625369, 50.9870844 ], [ 5.26247, 50.987035 ], [ 5.26256, 50.9869871 ], [ 5.2625535, 50.9869818 ], [ 5.2625338, 50.9869918 ], [ 5.2624208, 50.9869082 ], [ 5.262468, 50.9868813 ], [ 5.2623905, 50.9868247 ] ] ] } },
{ "type": "Feature", "properties": { "element_type": "way", "osmid": 512373566, "access": null, "addr:housenumber": "98", "addr:street": "Reeënlaan", "building": "house", "addr:city": "Heusden-Zolder", "addr:country": "BE", "addr:postcode": "3550", "addr:state": "Limburg", "name": null, "source": "AGIV Flandres GRB", "landuse": null, "amenity": null, "beds": null, "contact:website": null, "internet_access": null, "internet_access:fee": null, "rooms": null, "smoking": null, "stars": null, "tourism": null, "wheelchair": null, "denomination": null, "historic": null, "religion": null, "start_date": null, "description": null, "website": null, "changing_table": null, "fee": null, "female": null, "male": null, "operator": null, "toilets:disposal": null, "toilets:position": null, "layer": null, "long_name": null, "year_of_construction": null, "ways": null, "type": null }, "geometry": { "type": "Polygon", "coordinates": [ [ [ 5.2626482, 50.9861317 ], [ 5.2626087, 50.986022 ], [ 5.2627244, 50.9860055 ], [ 5.2627179, 50.9859875 ], [ 5.262784, 50.9859781 ], [ 5.2628148, 50.9860637 ], [ 5.2627884, 50.9860674 ], [ 5.2628035, 50.9861096 ], [ 5.2626482, 50.9861317 ] ] ] } },
{ "type": "Feature", "properties": { "element_type": "way", "osmid": 512373567, "access": null, "addr:housenumber": null, "addr:street": null, "building": "yes", "addr:city": null, "addr:country": null, "addr:postcode": null, "addr:state": null, "name": null, "source": "AGIV Flandres GRB", "landuse": null, "amenity": null, "beds": null, "contact:website": null, "internet_access": null, "internet_access:fee": null, "rooms": null, "smoking": null, "stars": null, "tourism": null, "wheelchair": null, "denomination": null, "historic": null, "religion": null, "start_date": null, "description": null, "website": null, "changing_table": null, "fee": null, "female": null, "male": null, "operator": null, "toilets:disposal": null, "toilets:position": null, "layer": null, "long_name": null, "year_of_construction": null, "ways": null, "type": null }, "geometry": { "type": "Polygon", "coordinates": [ [ [ 5.2629155, 50.9862838 ], [ 5.2628904, 50.9862161 ], [ 5.2630198, 50.9861971 ], [ 5.2630443, 50.9862623 ], [ 5.2629155, 50.9862838 ] ] ] } },
{ "type": "Feature", "properties": { "element_type": "way", "osmid": 512373568, "access": null, "addr:housenumber": null, "addr:street": null, "building": "yes", "addr:city": null, "addr:country": null, "addr:postcode": null, "addr:state": null, "name": null, "source": "AGIV Flandres GRB", "landuse": null, "amenity": null, "beds": null, "contact:website": null, "internet_access": null, "internet_access:fee": null, "rooms": null, "smoking": null, "stars": null, "tourism": null, "wheelchair": null, "denomination": null, "historic": null, "religion": null, "start_date": null, "description": null, "website": null, "changing_table": null, "fee": null, "female": null, "male": null, "operator": null, "toilets:disposal": null, "toilets:position": null, "layer": null, "long_name": null, "year_of_construction": null, "ways": null, "type": null }, "geometry": { "type": "Polygon", "coordinates": [ [ [ 5.2629913, 50.9863307 ], [ 5.2629765, 50.9863265 ], [ 5.2629695, 50.9863115 ], [ 5.2629789, 50.9863018 ], [ 5.2630175, 50.986295 ], [ 5.2630309, 50.9863233 ], [ 5.2629913, 50.9863307 ] ] ] } },
{ "type": "Feature", "properties": { "element_type": "way", "osmid": 512373569, "access": null, "addr:housenumber": null, "addr:street": null, "building": "yes", "addr:city": null, "addr:country": null, "addr:postcode": null, "addr:state": null, "name": null, "source": "AGIV Flandres GRB", "landuse": null, "amenity": null, "beds": null, "contact:website": null, "internet_access": null, "internet_access:fee": null, "rooms": null, "smoking": null, "stars": null, "tourism": null, "wheelchair": null, "denomination": null, "historic": null, "religion": null, "start_date": null, "description": null, "website": null, "changing_table": null, "fee": null, "female": null, "male": null, "operator": null, "toilets:disposal": null, "toilets:position": null, "layer": null, "long_name": null, "year_of_construction": null, "ways": null, "type": null }, "geometry": { "type": "Polygon", "coordinates": [ [ [ 5.263119, 50.9864763 ], [ 5.2631579, 50.9864503 ], [ 5.2631888, 50.9864685 ], [ 5.2631499, 50.9864947 ], [ 5.263119, 50.9864763 ] ] ] } },
{ "type": "Feature", "properties": { "element_type": "way", "osmid": 512373570, "access": null, "addr:housenumber": "94", "addr:street": "Reeënlaan", "building": "house", "addr:city": "Heusden-Zolder", "addr:country": "BE", "addr:postcode": "3550", "addr:state": "Limburg", "name": null, "source": "AGIV Flandres GRB", "landuse": null, "amenity": null, "beds": null, "contact:website": null, "internet_access": null, "internet_access:fee": null, "rooms": null, "smoking": null, "stars": null, "tourism": null, "wheelchair": null, "denomination": null, "historic": null, "religion": null, "start_date": null, "description": null, "website": null, "changing_table": null, "fee": null, "female": null, "male": null, "operator": null, "toilets:disposal": null, "toilets:position": null, "layer": null, "long_name": null, "year_of_construction": null, "ways": null, "type": null }, "geometry": { "type": "Polygon", "coordinates": [ [ [ 5.2627787, 50.9863996 ], [ 5.2628892, 50.9863576 ], [ 5.2630023, 50.9864756 ], [ 5.2630695, 50.98645 ], [ 5.2631297, 50.9865127 ], [ 5.2631215, 50.9865159 ], [ 5.2631418, 50.9865371 ], [ 5.2630178, 50.9865842 ], [ 5.2629974, 50.986563 ], [ 5.2629896, 50.986566 ], [ 5.2629557, 50.9865306 ], [ 5.262918, 50.9865449 ], [ 5.2627787, 50.9863996 ] ] ] } },
{ "type": "Feature", "properties": { "element_type": "way", "osmid": 512373571, "access": null, "addr:housenumber": "88", "addr:street": "Reeënlaan", "building": "house", "addr:city": "Heusden-Zolder", "addr:country": "BE", "addr:postcode": "3550", "addr:state": "Limburg", "name": null, "source": "AGIV Flandres GRB", "landuse": null, "amenity": null, "beds": null, "contact:website": null, "internet_access": null, "internet_access:fee": null, "rooms": null, "smoking": null, "stars": null, "tourism": null, "wheelchair": null, "denomination": null, "historic": null, "religion": null, "start_date": null, "description": null, "website": null, "changing_table": null, "fee": null, "female": null, "male": null, "operator": null, "toilets:disposal": null, "toilets:position": null, "layer": null, "long_name": null, "year_of_construction": null, "ways": null, "type": null }, "geometry": { "type": "Polygon", "coordinates": [ [ [ 5.2631145, 50.9866551 ], [ 5.2632308, 50.9865719 ], [ 5.2634055, 50.9866685 ], [ 5.2632977, 50.9867457 ], [ 5.263211, 50.9866977 ], [ 5.2632025, 50.9867038 ], [ 5.2631145, 50.9866551 ] ] ] } },
{ "type": "Feature", "properties": { "element_type": "way", "osmid": 512373572, "access": null, "addr:housenumber": null, "addr:street": null, "building": "yes", "addr:city": null, "addr:country": null, "addr:postcode": null, "addr:state": null, "name": null, "source": "AGIV Flandres GRB", "landuse": null, "amenity": null, "beds": null, "contact:website": null, "internet_access": null, "internet_access:fee": null, "rooms": null, "smoking": null, "stars": null, "tourism": null, "wheelchair": null, "denomination": null, "historic": null, "religion": null, "start_date": null, "description": null, "website": null, "changing_table": null, "fee": null, "female": null, "male": null, "operator": null, "toilets:disposal": null, "toilets:position": null, "layer": null, "long_name": null, "year_of_construction": null, "ways": null, "type": null }, "geometry": { "type": "Polygon", "coordinates": [ [ [ 5.263858, 50.9863649 ], [ 5.2639022, 50.9863847 ], [ 5.263868, 50.9864151 ], [ 5.2638238, 50.9863953 ], [ 5.263858, 50.9863649 ] ] ] } },
{ "type": "Feature", "properties": { "element_type": "way", "osmid": 512373573, "access": null, "addr:housenumber": null, "addr:street": null, "building": "yes", "addr:city": null, "addr:country": null, "addr:postcode": null, "addr:state": null, "name": null, "source": "AGIV Flandres GRB", "landuse": null, "amenity": null, "beds": null, "contact:website": null, "internet_access": null, "internet_access:fee": null, "rooms": null, "smoking": null, "stars": null, "tourism": null, "wheelchair": null, "denomination": null, "historic": null, "religion": null, "start_date": null, "description": null, "website": null, "changing_table": null, "fee": null, "female": null, "male": null, "operator": null, "toilets:disposal": null, "toilets:position": null, "layer": null, "long_name": null, "year_of_construction": null, "ways": null, "type": null }, "geometry": { "type": "Polygon", "coordinates": [ [ [ 5.2636052, 50.9865768 ], [ 5.263516, 50.9865265 ], [ 5.2636313, 50.9864451 ], [ 5.2637199, 50.9864953 ], [ 5.2636052, 50.9865768 ] ] ] } },
{ "type": "Feature", "properties": { "element_type": "way", "osmid": 512373574, "access": null, "addr:housenumber": "84", "addr:street": "Reeënlaan", "building": "house", "addr:city": "Heusden-Zolder", "addr:country": "BE", "addr:postcode": "3550", "addr:state": "Limburg", "name": null, "source": "AGIV Flandres GRB", "landuse": null, "amenity": null, "beds": null, "contact:website": null, "internet_access": null, "internet_access:fee": null, "rooms": null, "smoking": null, "stars": null, "tourism": null, "wheelchair": null, "denomination": null, "historic": null, "religion": null, "start_date": null, "description": null, "website": null, "changing_table": null, "fee": null, "female": null, "male": null, "operator": null, "toilets:disposal": null, "toilets:position": null, "layer": null, "long_name": null, "year_of_construction": null, "ways": null, "type": null }, "geometry": { "type": "Polygon", "coordinates": [ [ [ 5.2637701, 50.986917 ], [ 5.2635536, 50.986856 ], [ 5.2636106, 50.9867756 ], [ 5.2638271, 50.9868366 ], [ 5.2637701, 50.986917 ] ] ] } },
{ "type": "Feature", "properties": { "element_type": "way", "osmid": 512373575, "access": null, "addr:housenumber": "80", "addr:street": "Reeënlaan", "building": "house", "addr:city": "Heusden-Zolder", "addr:country": "BE", "addr:postcode": "3550", "addr:state": "Limburg", "name": null, "source": "AGIV Flandres GRB", "landuse": null, "amenity": null, "beds": null, "contact:website": null, "internet_access": null, "internet_access:fee": null, "rooms": null, "smoking": null, "stars": null, "tourism": null, "wheelchair": null, "denomination": null, "historic": null, "religion": null, "start_date": null, "description": null, "website": null, "changing_table": null, "fee": null, "female": null, "male": null, "operator": null, "toilets:disposal": null, "toilets:position": null, "layer": null, "long_name": null, "year_of_construction": null, "ways": null, "type": null }, "geometry": { "type": "Polygon", "coordinates": [ [ [ 5.2639368, 50.9868706 ], [ 5.2640843, 50.9868929 ], [ 5.2640964, 50.9868636 ], [ 5.2641738, 50.9868754 ], [ 5.2641564, 50.9869233 ], [ 5.2642365, 50.9869358 ], [ 5.264212, 50.9869997 ], [ 5.2639049, 50.9869527 ], [ 5.2639368, 50.9868706 ] ] ] } },
{ "type": "Feature", "properties": { "element_type": "way", "osmid": 512373576, "access": null, "addr:housenumber": null, "addr:street": null, "building": "yes", "addr:city": null, "addr:country": null, "addr:postcode": null, "addr:state": null, "name": null, "source": "AGIV Flandres GRB", "landuse": null, "amenity": null, "beds": null, "contact:website": null, "internet_access": null, "internet_access:fee": null, "rooms": null, "smoking": null, "stars": null, "tourism": null, "wheelchair": null, "denomination": null, "historic": null, "religion": null, "start_date": null, "description": null, "website": null, "changing_table": null, "fee": null, "female": null, "male": null, "operator": null, "toilets:disposal": null, "toilets:position": null, "layer": null, "long_name": null, "year_of_construction": null, "ways": null, "type": null }, "geometry": { "type": "Polygon", "coordinates": [ [ [ 5.2642751, 50.9868315 ], [ 5.2643223, 50.9868383 ], [ 5.2643006, 50.986901 ], [ 5.2642529, 50.9868944 ], [ 5.2642751, 50.9868315 ] ] ] } },
{ "type": "Feature", "properties": { "element_type": "way", "osmid": 512373577, "access": null, "addr:housenumber": "78", "addr:street": "Reeënlaan", "building": "house", "addr:city": "Heusden-Zolder", "addr:country": "BE", "addr:postcode": "3550", "addr:state": "Limburg", "name": null, "source": "AGIV Flandres GRB", "landuse": null, "amenity": null, "beds": null, "contact:website": null, "internet_access": null, "internet_access:fee": null, "rooms": null, "smoking": null, "stars": null, "tourism": null, "wheelchair": null, "denomination": null, "historic": null, "religion": null, "start_date": null, "description": null, "website": null, "changing_table": null, "fee": null, "female": null, "male": null, "operator": null, "toilets:disposal": null, "toilets:position": null, "layer": null, "long_name": null, "year_of_construction": null, "ways": null, "type": null }, "geometry": { "type": "Polygon", "coordinates": [ [ [ 5.2643479, 50.9870097 ], [ 5.264377, 50.9869268 ], [ 5.2644527, 50.9869373 ], [ 5.2644602, 50.9869159 ], [ 5.2646086, 50.9869365 ], [ 5.2645688, 50.9870502 ], [ 5.2644205, 50.9870296 ], [ 5.2644237, 50.9870202 ], [ 5.2643479, 50.9870097 ] ] ] } },
{ "type": "Feature", "properties": { "element_type": "way", "osmid": 512373578, "access": null, "addr:housenumber": "76", "addr:street": "Reeënlaan", "building": "house", "addr:city": "Heusden-Zolder", "addr:country": "BE", "addr:postcode": "3550", "addr:state": "Limburg", "name": null, "source": "AGIV Flandres GRB", "landuse": null, "amenity": null, "beds": null, "contact:website": null, "internet_access": null, "internet_access:fee": null, "rooms": null, "smoking": null, "stars": null, "tourism": null, "wheelchair": null, "denomination": null, "historic": null, "religion": null, "start_date": null, "description": null, "website": null, "changing_table": null, "fee": null, "female": null, "male": null, "operator": null, "toilets:disposal": null, "toilets:position": null, "layer": null, "long_name": null, "year_of_construction": null, "ways": null, "type": null }, "geometry": { "type": "Polygon", "coordinates": [ [ [ 5.2647421, 50.9869626 ], [ 5.2649372, 50.9869909 ], [ 5.2648994, 50.9870947 ], [ 5.2647042, 50.9870662 ], [ 5.2647421, 50.9869626 ] ] ] } },
{ "type": "Feature", "properties": { "element_type": "way", "osmid": 512373579, "access": null, "addr:housenumber": "74", "addr:street": "Reeënlaan", "building": "house", "addr:city": "Heusden-Zolder", "addr:country": "BE", "addr:postcode": "3550", "addr:state": "Limburg", "name": null, "source": "AGIV Flandres GRB", "landuse": null, "amenity": null, "beds": null, "contact:website": null, "internet_access": null, "internet_access:fee": null, "rooms": null, "smoking": null, "stars": null, "tourism": null, "wheelchair": null, "denomination": null, "historic": null, "religion": null, "start_date": null, "description": null, "website": null, "changing_table": null, "fee": null, "female": null, "male": null, "operator": null, "toilets:disposal": null, "toilets:position": null, "layer": null, "long_name": null, "year_of_construction": null, "ways": null, "type": null }, "geometry": { "type": "Polygon", "coordinates": [ [ [ 5.2652935, 50.987071 ], [ 5.2650678, 50.9870361 ], [ 5.2650249, 50.9871459 ], [ 5.2652506, 50.9871809 ], [ 5.2652935, 50.987071 ] ] ] } },
{ "type": "Feature", "properties": { "element_type": "way", "osmid": 512373580, "access": null, "addr:housenumber": "72", "addr:street": "Reeënlaan", "building": "house", "addr:city": "Heusden-Zolder", "addr:country": "BE", "addr:postcode": "3550", "addr:state": "Limburg", "name": null, "source": "AGIV Flandres GRB", "landuse": null, "amenity": null, "beds": null, "contact:website": null, "internet_access": null, "internet_access:fee": null, "rooms": null, "smoking": null, "stars": null, "tourism": null, "wheelchair": null, "denomination": null, "historic": null, "religion": null, "start_date": null, "description": null, "website": null, "changing_table": null, "fee": null, "female": null, "male": null, "operator": null, "toilets:disposal": null, "toilets:position": null, "layer": null, "long_name": null, "year_of_construction": null, "ways": null, "type": null }, "geometry": { "type": "Polygon", "coordinates": [ [ [ 5.2655875, 50.987228 ], [ 5.2656276, 50.9871169 ], [ 5.2654367, 50.9870896 ], [ 5.2654282, 50.9871124 ], [ 5.2654239, 50.9871118 ], [ 5.2654049, 50.9871643 ], [ 5.2654626, 50.9871725 ], [ 5.2654497, 50.9872083 ], [ 5.2655875, 50.987228 ] ] ] } },
{ "type": "Feature", "properties": { "element_type": "way", "osmid": 512476731, "access": null, "addr:housenumber": "31", "addr:street": "Regenbooglaan", "building": "house", "addr:city": "Heusden-Zolder", "addr:country": "BE", "addr:postcode": "3550", "addr:state": "Limburg", "name": null, "source": "AGIV Flandres GRB", "landuse": null, "amenity": null, "beds": null, "contact:website": null, "internet_access": null, "internet_access:fee": null, "rooms": null, "smoking": null, "stars": null, "tourism": null, "wheelchair": null, "denomination": null, "historic": null, "religion": null, "start_date": null, "description": null, "website": null, "changing_table": null, "fee": null, "female": null, "male": null, "operator": null, "toilets:disposal": null, "toilets:position": null, "layer": null, "long_name": null, "year_of_construction": null, "ways": null, "type": null }, "geometry": { "type": "Polygon", "coordinates": [ [ [ 5.2557582, 50.9855157 ], [ 5.2557976, 50.9854773 ], [ 5.2558323, 50.9854914 ], [ 5.2558335, 50.9854918 ], [ 5.2558521, 50.9854736 ], [ 5.2558157, 50.9854588 ], [ 5.2558598, 50.9854158 ], [ 5.2558995, 50.9854319 ], [ 5.2559148, 50.985417 ], [ 5.2559629, 50.9854365 ], [ 5.2559521, 50.985447 ], [ 5.2559917, 50.9854631 ], [ 5.256002, 50.985453 ], [ 5.2560547, 50.9854744 ], [ 5.2560161, 50.9855121 ], [ 5.2560265, 50.9855163 ], [ 5.2559639, 50.9855774 ], [ 5.2559425, 50.9855687 ], [ 5.2559123, 50.9855982 ], [ 5.2557919, 50.9855493 ], [ 5.2558063, 50.9855352 ], [ 5.2557582, 50.9855157 ] ] ] } },
{ "type": "Feature", "properties": { "element_type": "way", "osmid": 512480747, "access": null, "addr:housenumber": null, "addr:street": null, "building": "yes", "addr:city": null, "addr:country": null, "addr:postcode": null, "addr:state": null, "name": null, "source": "AGIV Flandres GRB", "landuse": null, "amenity": null, "beds": null, "contact:website": null, "internet_access": null, "internet_access:fee": null, "rooms": null, "smoking": null, "stars": null, "tourism": null, "wheelchair": null, "denomination": null, "historic": null, "religion": null, "start_date": null, "description": null, "website": null, "changing_table": null, "fee": null, "female": null, "male": null, "operator": null, "toilets:disposal": null, "toilets:position": null, "layer": null, "long_name": null, "year_of_construction": null, "ways": null, "type": null }, "geometry": { "type": "Polygon", "coordinates": [ [ [ 5.2548384, 50.9866686 ], [ 5.2548756, 50.9866137 ], [ 5.2549547, 50.986635 ], [ 5.2549172, 50.9866899 ], [ 5.2548384, 50.9866686 ] ] ] } },
{ "type": "Feature", "properties": { "element_type": "way", "osmid": 512480749, "access": null, "addr:housenumber": "153", "addr:street": "Sterrenwacht", "building": "commercial", "addr:city": "Heusden-Zolder", "addr:country": "BE", "addr:postcode": "3550", "addr:state": "Limburg", "name": "Roadhouse", "source": "AGIV Flandres GRB", "landuse": null, "amenity": "pub", "beds": null, "contact:website": null, "internet_access": null, "internet_access:fee": null, "rooms": null, "smoking": null, "stars": null, "tourism": null, "wheelchair": null, "denomination": null, "historic": null, "religion": null, "start_date": null, "description": null, "website": null, "changing_table": null, "fee": null, "female": null, "male": null, "operator": null, "toilets:disposal": null, "toilets:position": null, "layer": null, "long_name": null, "year_of_construction": null, "ways": null, "type": null }, "geometry": { "type": "Polygon", "coordinates": [ [ [ 5.2539761, 50.987058 ], [ 5.2538813, 50.9869507 ], [ 5.2538614, 50.9869562 ], [ 5.2537708, 50.9869902 ], [ 5.2537501, 50.9869672 ], [ 5.2536348, 50.9870073 ], [ 5.2536299, 50.9870101 ], [ 5.2536867, 50.9870731 ], [ 5.2537193, 50.9870614 ], [ 5.2537829, 50.9871278 ], [ 5.2539761, 50.987058 ] ] ] } },
{ "type": "Feature", "properties": { "element_type": "way", "osmid": 512480753, "access": null, "addr:housenumber": null, "addr:street": null, "building": "yes", "addr:city": null, "addr:country": null, "addr:postcode": null, "addr:state": null, "name": null, "source": "AGIV Flandres GRB", "landuse": null, "amenity": null, "beds": null, "contact:website": null, "internet_access": null, "internet_access:fee": null, "rooms": null, "smoking": null, "stars": null, "tourism": null, "wheelchair": null, "denomination": null, "historic": null, "religion": null, "start_date": null, "description": null, "website": null, "changing_table": null, "fee": null, "female": null, "male": null, "operator": null, "toilets:disposal": null, "toilets:position": null, "layer": null, "long_name": null, "year_of_construction": null, "ways": null, "type": null }, "geometry": { "type": "Polygon", "coordinates": [ [ [ 5.2529682, 50.9872809 ], [ 5.2529079, 50.9872644 ], [ 5.2529877, 50.9871462 ], [ 5.2530487, 50.9871627 ], [ 5.2529682, 50.9872809 ] ] ] } },
{ "type": "Feature", "properties": { "element_type": "way", "osmid": 512480756, "access": null, "addr:housenumber": null, "addr:street": null, "building": "yes", "addr:city": null, "addr:country": null, "addr:postcode": null, "addr:state": null, "name": null, "source": "AGIV Flandres GRB", "landuse": null, "amenity": null, "beds": null, "contact:website": null, "internet_access": null, "internet_access:fee": null, "rooms": null, "smoking": null, "stars": null, "tourism": null, "wheelchair": null, "denomination": null, "historic": null, "religion": null, "start_date": null, "description": null, "website": null, "changing_table": null, "fee": null, "female": null, "male": null, "operator": null, "toilets:disposal": null, "toilets:position": null, "layer": null, "long_name": null, "year_of_construction": null, "ways": null, "type": null }, "geometry": { "type": "Polygon", "coordinates": [ [ [ 5.2557228, 50.9872087 ], [ 5.2556806, 50.9871973 ], [ 5.2556866, 50.9871673 ], [ 5.25569, 50.9871648 ], [ 5.2556813, 50.9871538 ], [ 5.2557115, 50.9871424 ], [ 5.2557208, 50.9871513 ], [ 5.2557269, 50.9871496 ], [ 5.2557631, 50.9871669 ], [ 5.2557658, 50.9871935 ], [ 5.2557228, 50.9872087 ] ] ] } },
{ "type": "Feature", "properties": { "element_type": "way", "osmid": 512480758, "access": null, "addr:housenumber": null, "addr:street": null, "building": "yes", "addr:city": null, "addr:country": null, "addr:postcode": null, "addr:state": null, "name": null, "source": "AGIV Flandres GRB", "landuse": null, "amenity": null, "beds": null, "contact:website": null, "internet_access": null, "internet_access:fee": null, "rooms": null, "smoking": null, "stars": null, "tourism": null, "wheelchair": null, "denomination": null, "historic": null, "religion": null, "start_date": null, "description": null, "website": null, "changing_table": null, "fee": null, "female": null, "male": null, "operator": null, "toilets:disposal": null, "toilets:position": null, "layer": null, "long_name": null, "year_of_construction": null, "ways": null, "type": null }, "geometry": { "type": "Polygon", "coordinates": [ [ [ 5.2550818, 50.9870939 ], [ 5.2551643, 50.9871268 ], [ 5.2551039, 50.9871867 ], [ 5.2550215, 50.9871538 ], [ 5.2550818, 50.9870939 ] ] ] } },
{ "type": "Feature", "properties": { "element_type": "way", "osmid": 512480760, "access": null, "addr:housenumber": "138", "addr:street": "Sterrenwacht", "building": "house", "addr:city": "Heusden-Zolder", "addr:country": "BE", "addr:postcode": "3550", "addr:state": "Limburg", "name": null, "source": "AGIV Flandres GRB", "landuse": null, "amenity": null, "beds": null, "contact:website": null, "internet_access": null, "internet_access:fee": null, "rooms": null, "smoking": null, "stars": null, "tourism": null, "wheelchair": null, "denomination": null, "historic": null, "religion": null, "start_date": null, "description": null, "website": null, "changing_table": null, "fee": null, "female": null, "male": null, "operator": null, "toilets:disposal": null, "toilets:position": null, "layer": null, "long_name": null, "year_of_construction": null, "ways": null, "type": null }, "geometry": { "type": "Polygon", "coordinates": [ [ [ 5.2554154, 50.9872148 ], [ 5.2554426, 50.9872237 ], [ 5.2554392, 50.9872477 ], [ 5.2555301, 50.9872578 ], [ 5.255527, 50.9872686 ], [ 5.2555559, 50.9872773 ], [ 5.2555706, 50.9872865 ], [ 5.255581, 50.9872998 ], [ 5.2555844, 50.9873144 ], [ 5.2555978, 50.9873165 ], [ 5.2556105, 50.9873247 ], [ 5.2556125, 50.9873374 ], [ 5.2556022, 50.9873471 ], [ 5.2555884, 50.9873509 ], [ 5.2555267, 50.9873454 ], [ 5.255519, 50.9873737 ], [ 5.2554462, 50.9873663 ], [ 5.2554523, 50.9873378 ], [ 5.2553755, 50.9873298 ], [ 5.2553789, 50.9873121 ], [ 5.255282, 50.987302 ], [ 5.2552937, 50.9872627 ], [ 5.2553152, 50.9872353 ], [ 5.2553366, 50.987222 ], [ 5.2553722, 50.9872135 ], [ 5.2554154, 50.9872148 ] ] ] } },
{ "type": "Feature", "properties": { "element_type": "way", "osmid": 512480765, "access": null, "addr:housenumber": null, "addr:street": null, "building": "yes", "addr:city": null, "addr:country": null, "addr:postcode": null, "addr:state": null, "name": null, "source": "AGIV Flandres GRB", "landuse": null, "amenity": null, "beds": null, "contact:website": null, "internet_access": null, "internet_access:fee": null, "rooms": null, "smoking": null, "stars": null, "tourism": null, "wheelchair": null, "denomination": null, "historic": null, "religion": null, "start_date": null, "description": null, "website": null, "changing_table": null, "fee": null, "female": null, "male": null, "operator": null, "toilets:disposal": null, "toilets:position": null, "layer": null, "long_name": null, "year_of_construction": null, "ways": null, "type": null }, "geometry": { "type": "Polygon", "coordinates": [ [ [ 5.2554419, 50.9874556 ], [ 5.2554117, 50.9874277 ], [ 5.2554727, 50.9874012 ], [ 5.2555002, 50.9874299 ], [ 5.2554419, 50.9874556 ] ] ] } },
{ "type": "Feature", "properties": { "element_type": "way", "osmid": 512480770, "access": null, "addr:housenumber": null, "addr:street": null, "building": "yes", "addr:city": null, "addr:country": null, "addr:postcode": null, "addr:state": null, "name": null, "source": "AGIV Flandres GRB", "landuse": null, "amenity": null, "beds": null, "contact:website": null, "internet_access": null, "internet_access:fee": null, "rooms": null, "smoking": null, "stars": null, "tourism": null, "wheelchair": null, "denomination": null, "historic": null, "religion": null, "start_date": null, "description": null, "website": null, "changing_table": null, "fee": null, "female": null, "male": null, "operator": null, "toilets:disposal": null, "toilets:position": null, "layer": null, "long_name": null, "year_of_construction": null, "ways": null, "type": null }, "geometry": { "type": "Polygon", "coordinates": [ [ [ 5.2543522, 50.9878271 ], [ 5.2543905, 50.9877933 ], [ 5.2544226, 50.9878076 ], [ 5.2543838, 50.9878414 ], [ 5.2543522, 50.9878271 ] ] ] } },
{ "type": "Feature", "properties": { "element_type": "way", "osmid": 512480773, "access": null, "addr:housenumber": "147", "addr:street": "Sterrenwacht", "building": "house", "addr:city": "Heusden-Zolder", "addr:country": "BE", "addr:postcode": "3550", "addr:state": "Limburg", "name": null, "source": "AGIV Flandres GRB", "landuse": null, "amenity": null, "beds": null, "contact:website": null, "internet_access": null, "internet_access:fee": null, "rooms": null, "smoking": null, "stars": null, "tourism": null, "wheelchair": null, "denomination": null, "historic": null, "religion": null, "start_date": null, "description": null, "website": null, "changing_table": null, "fee": null, "female": null, "male": null, "operator": null, "toilets:disposal": null, "toilets:position": null, "layer": null, "long_name": null, "year_of_construction": null, "ways": null, "type": null }, "geometry": { "type": "Polygon", "coordinates": [ [ [ 5.2544854, 50.9878068 ], [ 5.2545585, 50.9878409 ], [ 5.2545042, 50.987887 ], [ 5.2546384, 50.9879496 ], [ 5.2546925, 50.9879036 ], [ 5.2547651, 50.9879375 ], [ 5.254654, 50.988032 ], [ 5.254374, 50.9879014 ], [ 5.2544854, 50.9878068 ] ] ] } },
{ "type": "Feature", "properties": { "element_type": "way", "osmid": 512482845, "access": null, "addr:housenumber": "84", "addr:street": "Sterrenwacht", "building": "house", "addr:city": "Heusden-Zolder", "addr:country": "BE", "addr:postcode": "3550", "addr:state": "Limburg", "name": null, "source": null, "landuse": null, "amenity": null, "beds": null, "contact:website": null, "internet_access": null, "internet_access:fee": null, "rooms": null, "smoking": null, "stars": null, "tourism": null, "wheelchair": null, "denomination": null, "historic": null, "religion": null, "start_date": null, "description": null, "website": null, "changing_table": null, "fee": null, "female": null, "male": null, "operator": null, "toilets:disposal": null, "toilets:position": null, "layer": null, "long_name": null, "year_of_construction": null, "ways": null, "type": null }, "geometry": { "type": "Polygon", "coordinates": [ [ [ 5.2604563, 50.9876261 ], [ 5.2604955, 50.9875103 ], [ 5.2603282, 50.9874878 ], [ 5.2603016, 50.9875664 ], [ 5.2604025, 50.9875799 ], [ 5.2603898, 50.9876172 ], [ 5.2604563, 50.9876261 ] ] ] } },
{ "type": "Feature", "properties": { "element_type": "way", "osmid": 512482846, "access": null, "addr:housenumber": null, "addr:street": null, "building": "yes", "addr:city": null, "addr:country": null, "addr:postcode": null, "addr:state": null, "name": null, "source": "AGIV Flandres GRB", "landuse": null, "amenity": null, "beds": null, "contact:website": null, "internet_access": null, "internet_access:fee": null, "rooms": null, "smoking": null, "stars": null, "tourism": null, "wheelchair": null, "denomination": null, "historic": null, "religion": null, "start_date": null, "description": null, "website": null, "changing_table": null, "fee": null, "female": null, "male": null, "operator": null, "toilets:disposal": null, "toilets:position": null, "layer": null, "long_name": null, "year_of_construction": null, "ways": null, "type": null }, "geometry": { "type": "Polygon", "coordinates": [ [ [ 5.259717, 50.9873372 ], [ 5.2597747, 50.9873444 ], [ 5.2597609, 50.9873906 ], [ 5.2597032, 50.9873836 ], [ 5.259717, 50.9873372 ] ] ] } },
{ "type": "Feature", "properties": { "element_type": "way", "osmid": 512482847, "access": null, "addr:housenumber": null, "addr:street": null, "building": "yes", "addr:city": null, "addr:country": null, "addr:postcode": null, "addr:state": null, "name": null, "source": null, "landuse": null, "amenity": null, "beds": null, "contact:website": null, "internet_access": null, "internet_access:fee": null, "rooms": null, "smoking": null, "stars": null, "tourism": null, "wheelchair": null, "denomination": null, "historic": null, "religion": null, "start_date": null, "description": null, "website": null, "changing_table": null, "fee": null, "female": null, "male": null, "operator": null, "toilets:disposal": null, "toilets:position": null, "layer": null, "long_name": null, "year_of_construction": null, "ways": null, "type": null }, "geometry": { "type": "Polygon", "coordinates": [ [ [ 5.2587879, 50.9874541 ], [ 5.2588788, 50.9874636 ], [ 5.258893, 50.9874098 ], [ 5.2588021, 50.9874003 ], [ 5.2587879, 50.9874541 ] ] ] } },
{ "type": "Feature", "properties": { "element_type": "way", "osmid": 512482848, "access": null, "addr:housenumber": "78", "addr:street": "Sterrenwacht", "building": "house", "addr:city": "Heusden-Zolder", "addr:country": "BE", "addr:postcode": "3550", "addr:state": "Limburg", "name": null, "source": "AGIV Flandres GRB", "landuse": null, "amenity": null, "beds": null, "contact:website": null, "internet_access": null, "internet_access:fee": null, "rooms": null, "smoking": null, "stars": null, "tourism": null, "wheelchair": null, "denomination": null, "historic": null, "religion": null, "start_date": null, "description": null, "website": null, "changing_table": null, "fee": null, "female": null, "male": null, "operator": null, "toilets:disposal": null, "toilets:position": null, "layer": null, "long_name": null, "year_of_construction": null, "ways": null, "type": null }, "geometry": { "type": "Polygon", "coordinates": [ [ [ 5.258401, 50.9873121 ], [ 5.2584657, 50.9873193 ], [ 5.2584644, 50.9873283 ], [ 5.2585164, 50.987334 ], [ 5.2585435, 50.9873224 ], [ 5.2585747, 50.9873488 ], [ 5.2586203, 50.9873292 ], [ 5.2586371, 50.9873459 ], [ 5.2586991, 50.987353 ], [ 5.2586944, 50.9873727 ], [ 5.258735, 50.9873777 ], [ 5.2587162, 50.987448 ], [ 5.2585935, 50.9874353 ], [ 5.2585968, 50.9874248 ], [ 5.2585623, 50.987421 ], [ 5.2585586, 50.987432 ], [ 5.2584889, 50.987425 ], [ 5.2584909, 50.9874138 ], [ 5.2583749, 50.9874054 ], [ 5.258401, 50.9873121 ] ] ] } },
{ "type": "Feature", "properties": { "element_type": "way", "osmid": 512484560, "access": null, "addr:housenumber": null, "addr:street": null, "building": "yes", "addr:city": null, "addr:country": null, "addr:postcode": null, "addr:state": null, "name": null, "source": "AGIV Flandres GRB", "landuse": null, "amenity": null, "beds": null, "contact:website": null, "internet_access": null, "internet_access:fee": null, "rooms": null, "smoking": null, "stars": null, "tourism": null, "wheelchair": null, "denomination": null, "historic": null, "religion": null, "start_date": null, "description": null, "website": null, "changing_table": null, "fee": null, "female": null, "male": null, "operator": null, "toilets:disposal": null, "toilets:position": null, "layer": null, "long_name": null, "year_of_construction": null, "ways": null, "type": null }, "geometry": { "type": "Polygon", "coordinates": [ [ [ 5.2609518, 50.9874554 ], [ 5.2610256, 50.9874273 ], [ 5.2610695, 50.9874729 ], [ 5.2609961, 50.9875012 ], [ 5.2609518, 50.9874554 ] ] ] } },
{ "type": "Feature", "properties": { "element_type": "way", "osmid": 512484561, "access": null, "addr:housenumber": null, "addr:street": null, "building": "yes", "addr:city": null, "addr:country": null, "addr:postcode": null, "addr:state": null, "name": null, "source": "AGIV Flandres GRB", "landuse": null, "amenity": null, "beds": null, "contact:website": null, "internet_access": null, "internet_access:fee": null, "rooms": null, "smoking": null, "stars": null, "tourism": null, "wheelchair": null, "denomination": null, "historic": null, "religion": null, "start_date": null, "description": null, "website": null, "changing_table": null, "fee": null, "female": null, "male": null, "operator": null, "toilets:disposal": null, "toilets:position": null, "layer": null, "long_name": null, "year_of_construction": null, "ways": null, "type": null }, "geometry": { "type": "Polygon", "coordinates": [ [ [ 5.2614266, 50.9881622 ], [ 5.261507, 50.988163 ], [ 5.2615084, 50.9882432 ], [ 5.2614641, 50.9882441 ], [ 5.2614601, 50.9882238 ], [ 5.2614279, 50.9882238 ], [ 5.2614266, 50.9881622 ] ] ] } },
{ "type": "Feature", "properties": { "element_type": "way", "osmid": 512484564, "access": null, "addr:housenumber": null, "addr:street": null, "building": "yes", "addr:city": null, "addr:country": null, "addr:postcode": null, "addr:state": null, "name": null, "source": "AGIV Flandres GRB", "landuse": null, "amenity": null, "beds": null, "contact:website": null, "internet_access": null, "internet_access:fee": null, "rooms": null, "smoking": null, "stars": null, "tourism": null, "wheelchair": null, "denomination": null, "historic": null, "religion": null, "start_date": null, "description": null, "website": null, "changing_table": null, "fee": null, "female": null, "male": null, "operator": null, "toilets:disposal": null, "toilets:position": null, "layer": null, "long_name": null, "year_of_construction": null, "ways": null, "type": null }, "geometry": { "type": "Polygon", "coordinates": [ [ [ 5.2613984, 50.9884087 ], [ 5.2614051, 50.9883623 ], [ 5.2612723, 50.9883538 ], [ 5.2612656, 50.988402 ], [ 5.2613984, 50.9884087 ] ] ] } },
{ "type": "Feature", "properties": { "element_type": "way", "osmid": 512488042, "access": null, "addr:housenumber": null, "addr:street": null, "building": "yes", "addr:city": null, "addr:country": null, "addr:postcode": null, "addr:state": null, "name": null, "source": "AGIV Flandres GRB", "landuse": null, "amenity": null, "beds": null, "contact:website": null, "internet_access": null, "internet_access:fee": null, "rooms": null, "smoking": null, "stars": null, "tourism": null, "wheelchair": null, "denomination": null, "historic": null, "religion": null, "start_date": null, "description": null, "website": null, "changing_table": null, "fee": null, "female": null, "male": null, "operator": null, "toilets:disposal": null, "toilets:position": null, "layer": null, "long_name": null, "year_of_construction": null, "ways": null, "type": null }, "geometry": { "type": "Polygon", "coordinates": [ [ [ 5.2562305, 50.9858334 ], [ 5.2562023, 50.9858216 ], [ 5.2562378, 50.9857887 ], [ 5.2562653, 50.9858005 ], [ 5.2562305, 50.9858334 ] ] ] } },
{ "type": "Feature", "properties": { "element_type": "way", "osmid": 512488043, "access": null, "addr:housenumber": "134", "addr:street": "Sterrenwacht", "building": "house", "addr:city": "Heusden-Zolder", "addr:country": "BE", "addr:postcode": "3550", "addr:state": "Limburg", "name": null, "source": "AGIV Flandres GRB", "landuse": null, "amenity": null, "beds": null, "contact:website": null, "internet_access": null, "internet_access:fee": null, "rooms": null, "smoking": null, "stars": null, "tourism": null, "wheelchair": null, "denomination": null, "historic": null, "religion": null, "start_date": null, "description": null, "website": null, "changing_table": null, "fee": null, "female": null, "male": null, "operator": null, "toilets:disposal": null, "toilets:position": null, "layer": null, "long_name": null, "year_of_construction": null, "ways": null, "type": null }, "geometry": { "type": "Polygon", "coordinates": [ [ [ 5.2567173, 50.9855173 ], [ 5.2566804, 50.9855506 ], [ 5.2565865, 50.9855126 ], [ 5.2565778, 50.9855126 ], [ 5.2565107, 50.9855793 ], [ 5.256435, 50.9855498 ], [ 5.2563699, 50.9856139 ], [ 5.2564538, 50.985649 ], [ 5.2564055, 50.9856971 ], [ 5.2564745, 50.9857254 ], [ 5.2564283, 50.9857722 ], [ 5.2565054, 50.9858039 ], [ 5.2565282, 50.9858296 ], [ 5.2566053, 50.9858609 ], [ 5.256608, 50.9858604 ], [ 5.2566556, 50.985814 ], [ 5.2567387, 50.9858465 ], [ 5.2569345, 50.9856532 ], [ 5.2568259, 50.9856089 ], [ 5.2568588, 50.9855751 ], [ 5.2567173, 50.9855173 ] ] ] } },
{ "type": "Feature", "properties": { "element_type": "way", "osmid": 512488044, "access": null, "addr:housenumber": null, "addr:street": null, "building": "yes", "addr:city": null, "addr:country": null, "addr:postcode": null, "addr:state": null, "name": null, "source": "AGIV Flandres GRB", "landuse": null, "amenity": null, "beds": null, "contact:website": null, "internet_access": null, "internet_access:fee": null, "rooms": null, "smoking": null, "stars": null, "tourism": null, "wheelchair": null, "denomination": null, "historic": null, "religion": null, "start_date": null, "description": null, "website": null, "changing_table": null, "fee": null, "female": null, "male": null, "operator": null, "toilets:disposal": null, "toilets:position": null, "layer": null, "long_name": null, "year_of_construction": null, "ways": null, "type": null }, "geometry": { "type": "Polygon", "coordinates": [ [ [ 5.257536, 50.9860031 ], [ 5.2576312, 50.9859858 ], [ 5.2576601, 50.986047 ], [ 5.2575649, 50.9860647 ], [ 5.257536, 50.9860031 ] ] ] } },
{ "type": "Feature", "properties": { "element_type": "way", "osmid": 512488046, "access": null, "addr:housenumber": null, "addr:street": null, "building": "yes", "addr:city": null, "addr:country": null, "addr:postcode": null, "addr:state": null, "name": null, "source": "AGIV Flandres GRB", "landuse": null, "amenity": null, "beds": null, "contact:website": null, "internet_access": null, "internet_access:fee": null, "rooms": null, "smoking": null, "stars": null, "tourism": null, "wheelchair": null, "denomination": null, "historic": null, "religion": null, "start_date": null, "description": null, "website": null, "changing_table": null, "fee": null, "female": null, "male": null, "operator": null, "toilets:disposal": null, "toilets:position": null, "layer": null, "long_name": null, "year_of_construction": null, "ways": null, "type": null }, "geometry": { "type": "Polygon", "coordinates": [ [ [ 5.2593827, 50.9863556 ], [ 5.2594464, 50.9863657 ], [ 5.2594283, 50.9864117 ], [ 5.2593646, 50.9864016 ], [ 5.2593827, 50.9863556 ] ] ] } },
{ "type": "Feature", "properties": { "element_type": "way", "osmid": 512491654, "access": null, "addr:housenumber": null, "addr:street": null, "building": null, "addr:city": null, "addr:country": null, "addr:postcode": null, "addr:state": null, "name": null, "source": null, "landuse": "forest", "amenity": null, "beds": null, "contact:website": null, "internet_access": null, "internet_access:fee": null, "rooms": null, "smoking": null, "stars": null, "tourism": null, "wheelchair": null, "denomination": null, "historic": null, "religion": null, "start_date": null, "description": null, "website": null, "changing_table": null, "fee": null, "female": null, "male": null, "operator": null, "toilets:disposal": null, "toilets:position": null, "layer": null, "long_name": null, "year_of_construction": null, "ways": null, "type": null }, "geometry": { "type": "Polygon", "coordinates": [ [ [ 5.2546111, 50.9874885 ], [ 5.2542222, 50.987318 ], [ 5.2542445, 50.9872152 ], [ 5.2541068, 50.9870884 ], [ 5.2538852, 50.9868777 ], [ 5.2538168, 50.986746 ], [ 5.2538128, 50.9866599 ], [ 5.2550483, 50.9869212 ], [ 5.2546111, 50.9874885 ] ] ] } },
{ "type": "Feature", "properties": { "element_type": "way", "osmid": 512491655, "access": null, "addr:housenumber": null, "addr:street": null, "building": null, "addr:city": null, "addr:country": null, "addr:postcode": null, "addr:state": null, "name": null, "source": null, "landuse": "forest", "amenity": null, "beds": null, "contact:website": null, "internet_access": null, "internet_access:fee": null, "rooms": null, "smoking": null, "stars": null, "tourism": null, "wheelchair": null, "denomination": null, "historic": null, "religion": null, "start_date": null, "description": null, "website": null, "changing_table": null, "fee": null, "female": null, "male": null, "operator": null, "toilets:disposal": null, "toilets:position": null, "layer": null, "long_name": null, "year_of_construction": null, "ways": null, "type": null }, "geometry": { "type": "Polygon", "coordinates": [ [ [ 5.2560058, 50.988201 ], [ 5.2558801, 50.9883259 ], [ 5.2556996, 50.9882671 ], [ 5.255589, 50.9882251 ], [ 5.2554137, 50.9884077 ], [ 5.2554084, 50.9884137 ], [ 5.2547625, 50.9881755 ], [ 5.2551701, 50.9878516 ], [ 5.2560058, 50.988201 ] ] ] } },
{ "type": "Feature", "properties": { "element_type": "way", "osmid": 512502032, "access": null, "addr:housenumber": "13", "addr:street": "Koedrieshof", "building": "house", "addr:city": "Heusden-Zolder", "addr:country": "BE", "addr:postcode": "3550", "addr:state": "Limburg", "name": null, "source": "AGIV Flandres GRB", "landuse": null, "amenity": null, "beds": null, "contact:website": null, "internet_access": null, "internet_access:fee": null, "rooms": null, "smoking": null, "stars": null, "tourism": null, "wheelchair": null, "denomination": null, "historic": null, "religion": null, "start_date": null, "description": null, "website": null, "changing_table": null, "fee": null, "female": null, "male": null, "operator": null, "toilets:disposal": null, "toilets:position": null, "layer": null, "long_name": null, "year_of_construction": null, "ways": null, "type": null }, "geometry": { "type": "Polygon", "coordinates": [ [ [ 5.2577801, 50.9856703 ], [ 5.2577137, 50.985643 ], [ 5.2577503, 50.9856074 ], [ 5.2577627, 50.9856118 ], [ 5.2577908, 50.9855844 ], [ 5.2577519, 50.9855679 ], [ 5.2577835, 50.9855371 ], [ 5.2577858, 50.9855339 ], [ 5.2578063, 50.9855411 ], [ 5.25793, 50.9855932 ], [ 5.2578535, 50.9856679 ], [ 5.2578042, 50.9856481 ], [ 5.2577801, 50.9856703 ] ] ] } },
{ "type": "Feature", "properties": { "element_type": "way", "osmid": 512502036, "access": null, "addr:housenumber": null, "addr:street": null, "building": "yes", "addr:city": null, "addr:country": null, "addr:postcode": null, "addr:state": null, "name": null, "source": "AGIV Flandres GRB", "landuse": null, "amenity": null, "beds": null, "contact:website": null, "internet_access": null, "internet_access:fee": null, "rooms": null, "smoking": null, "stars": null, "tourism": null, "wheelchair": null, "denomination": null, "historic": null, "religion": null, "start_date": null, "description": null, "website": null, "changing_table": null, "fee": null, "female": null, "male": null, "operator": null, "toilets:disposal": null, "toilets:position": null, "layer": null, "long_name": null, "year_of_construction": null, "ways": null, "type": null }, "geometry": { "type": "Polygon", "coordinates": [ [ [ 5.2579363, 50.9856865 ], [ 5.2580074, 50.9857156 ], [ 5.2579585, 50.9857642 ], [ 5.2578861, 50.9857351 ], [ 5.2579363, 50.9856865 ] ] ] } },
{ "type": "Feature", "properties": { "element_type": "way", "osmid": 512502038, "access": null, "addr:housenumber": "12", "addr:street": "Koedrieshof", "building": "house", "addr:city": "Heusden-Zolder", "addr:country": "BE", "addr:postcode": "3550", "addr:state": "Limburg", "name": null, "source": "AGIV Flandres GRB", "landuse": null, "amenity": null, "beds": null, "contact:website": null, "internet_access": null, "internet_access:fee": null, "rooms": null, "smoking": null, "stars": null, "tourism": null, "wheelchair": null, "denomination": null, "historic": null, "religion": null, "start_date": null, "description": null, "website": null, "changing_table": null, "fee": null, "female": null, "male": null, "operator": null, "toilets:disposal": null, "toilets:position": null, "layer": null, "long_name": null, "year_of_construction": null, "ways": null, "type": null }, "geometry": { "type": "Polygon", "coordinates": [ [ [ 5.2584865, 50.9855289 ], [ 5.2583786, 50.9854966 ], [ 5.2583725, 50.9855042 ], [ 5.258339, 50.9855479 ], [ 5.2583531, 50.9855514 ], [ 5.258336, 50.9855732 ], [ 5.2583065, 50.9855867 ], [ 5.2582817, 50.9855664 ], [ 5.2582579, 50.9855766 ], [ 5.2582525, 50.9855723 ], [ 5.2582538, 50.9855641 ], [ 5.2582428, 50.9855555 ], [ 5.2582317, 50.9855546 ], [ 5.258228, 50.9855519 ], [ 5.2582331, 50.9855301 ], [ 5.2582089, 50.9855103 ], [ 5.2581811, 50.985508 ], [ 5.2581479, 50.9855236 ], [ 5.2581445, 50.9855221 ], [ 5.2580939, 50.9855464 ], [ 5.2581559, 50.9855985 ], [ 5.258115, 50.985619 ], [ 5.2581834, 50.9856764 ], [ 5.2583786, 50.9855854 ], [ 5.2584322, 50.9856008 ], [ 5.2584865, 50.9855289 ] ] ] } },
{ "type": "Feature", "properties": { "element_type": "way", "osmid": 512506608, "access": null, "addr:housenumber": "7", "addr:street": "Meeuwenlaan", "building": "house", "addr:city": "Heusden-Zolder", "addr:country": "BE", "addr:postcode": "3550", "addr:state": "Limburg", "name": null, "source": null, "landuse": null, "amenity": null, "beds": null, "contact:website": null, "internet_access": null, "internet_access:fee": null, "rooms": null, "smoking": null, "stars": null, "tourism": null, "wheelchair": null, "denomination": null, "historic": null, "religion": null, "start_date": null, "description": null, "website": null, "changing_table": null, "fee": null, "female": null, "male": null, "operator": null, "toilets:disposal": null, "toilets:position": null, "layer": null, "long_name": null, "year_of_construction": null, "ways": null, "type": null }, "geometry": { "type": "Polygon", "coordinates": [ [ [ 5.2652675, 50.9856768 ], [ 5.2653734, 50.9855983 ], [ 5.2652852, 50.9855511 ], [ 5.2653201, 50.9855253 ], [ 5.2652101, 50.9854665 ], [ 5.265186, 50.9854844 ], [ 5.2651529, 50.9854667 ], [ 5.2650892, 50.9855139 ], [ 5.2652601, 50.9856053 ], [ 5.2652071, 50.9856445 ], [ 5.2652675, 50.9856768 ] ] ] } },
{ "type": "Feature", "properties": { "element_type": "way", "osmid": 512506610, "access": null, "addr:housenumber": "15", "addr:street": "Meeuwenlaan", "building": "house", "addr:city": "Heusden-Zolder", "addr:country": "BE", "addr:postcode": "3550", "addr:state": "Limburg", "name": null, "source": "AGIV Flandres GRB", "landuse": null, "amenity": null, "beds": null, "contact:website": null, "internet_access": null, "internet_access:fee": null, "rooms": null, "smoking": null, "stars": null, "tourism": null, "wheelchair": null, "denomination": null, "historic": null, "religion": null, "start_date": null, "description": null, "website": null, "changing_table": null, "fee": null, "female": null, "male": null, "operator": null, "toilets:disposal": null, "toilets:position": null, "layer": null, "long_name": null, "year_of_construction": null, "ways": null, "type": null }, "geometry": { "type": "Polygon", "coordinates": [ [ [ 5.2637802, 50.9859552 ], [ 5.2637322, 50.9858504 ], [ 5.2639872, 50.9858041 ], [ 5.2640343, 50.9859068 ], [ 5.2639264, 50.9859264 ], [ 5.2639068, 50.9858836 ], [ 5.2638393, 50.9858958 ], [ 5.2638599, 50.9859407 ], [ 5.2637802, 50.9859552 ] ] ] } },
{ "type": "Feature", "properties": { "element_type": "way", "osmid": 512506612, "access": null, "addr:housenumber": "19", "addr:street": "Meeuwenlaan", "building": "house", "addr:city": "Heusden-Zolder", "addr:country": "BE", "addr:postcode": "3550", "addr:state": "Limburg", "name": null, "source": "AGIV Flandres GRB", "landuse": null, "amenity": null, "beds": null, "contact:website": null, "internet_access": null, "internet_access:fee": null, "rooms": null, "smoking": null, "stars": null, "tourism": null, "wheelchair": null, "denomination": null, "historic": null, "religion": null, "start_date": null, "description": null, "website": null, "changing_table": null, "fee": null, "female": null, "male": null, "operator": null, "toilets:disposal": null, "toilets:position": null, "layer": null, "long_name": null, "year_of_construction": null, "ways": null, "type": null }, "geometry": { "type": "Polygon", "coordinates": [ [ [ 5.2634258, 50.9860025 ], [ 5.2633935, 50.9859152 ], [ 5.2631858, 50.9859457 ], [ 5.2631814, 50.9859337 ], [ 5.2630848, 50.9859479 ], [ 5.2631215, 50.9860472 ], [ 5.2634258, 50.9860025 ] ] ] } },
{ "type": "Feature", "properties": { "element_type": "way", "osmid": 512506616, "access": null, "addr:housenumber": "25", "addr:street": "Meeuwenlaan", "building": "house", "addr:city": "Heusden-Zolder", "addr:country": "BE", "addr:postcode": "3550", "addr:state": "Limburg", "name": null, "source": "AGIV Flandres GRB", "landuse": null, "amenity": null, "beds": null, "contact:website": null, "internet_access": null, "internet_access:fee": null, "rooms": null, "smoking": null, "stars": null, "tourism": null, "wheelchair": null, "denomination": null, "historic": null, "religion": null, "start_date": null, "description": null, "website": null, "changing_table": null, "fee": null, "female": null, "male": null, "operator": null, "toilets:disposal": null, "toilets:position": null, "layer": null, "long_name": null, "year_of_construction": null, "ways": null, "type": null }, "geometry": { "type": "Polygon", "coordinates": [ [ [ 5.2614284, 50.9860043 ], [ 5.2618058, 50.986034 ], [ 5.261799, 50.9860678 ], [ 5.2617545, 50.9860643 ], [ 5.261737, 50.9861523 ], [ 5.2617344, 50.9861521 ], [ 5.2616623, 50.9861464 ], [ 5.261665, 50.9861327 ], [ 5.2616652, 50.986132 ], [ 5.2614535, 50.9861153 ], [ 5.2614587, 50.9860894 ], [ 5.2614435, 50.9860882 ], [ 5.2614526, 50.9860424 ], [ 5.2614213, 50.9860399 ], [ 5.2614284, 50.9860043 ] ] ] } },
{ "type": "Feature", "properties": { "element_type": "way", "osmid": 512506617, "access": null, "addr:housenumber": null, "addr:street": null, "building": "yes", "addr:city": null, "addr:country": null, "addr:postcode": null, "addr:state": null, "name": null, "source": "AGIV Flandres GRB", "landuse": null, "amenity": null, "beds": null, "contact:website": null, "internet_access": null, "internet_access:fee": null, "rooms": null, "smoking": null, "stars": null, "tourism": null, "wheelchair": null, "denomination": null, "historic": null, "religion": null, "start_date": null, "description": null, "website": null, "changing_table": null, "fee": null, "female": null, "male": null, "operator": null, "toilets:disposal": null, "toilets:position": null, "layer": null, "long_name": null, "year_of_construction": null, "ways": null, "type": null }, "geometry": { "type": "Polygon", "coordinates": [ [ [ 5.2614208, 50.9861348 ], [ 5.2614223, 50.9861198 ], [ 5.2614106, 50.9861194 ], [ 5.2614123, 50.9861025 ], [ 5.2613628, 50.9861005 ], [ 5.2613596, 50.9861323 ], [ 5.2614208, 50.9861348 ] ] ] } },
{ "type": "Feature", "properties": { "element_type": "way", "osmid": 512506618, "access": null, "addr:housenumber": "31", "addr:street": "Meeuwenlaan", "building": "house", "addr:city": "Heusden-Zolder", "addr:country": "BE", "addr:postcode": "3550", "addr:state": "Limburg", "name": null, "source": "AGIV Flandres GRB", "landuse": null, "amenity": null, "beds": null, "contact:website": null, "internet_access": null, "internet_access:fee": null, "rooms": null, "smoking": null, "stars": null, "tourism": null, "wheelchair": null, "denomination": null, "historic": null, "religion": null, "start_date": null, "description": null, "website": null, "changing_table": null, "fee": null, "female": null, "male": null, "operator": null, "toilets:disposal": null, "toilets:position": null, "layer": null, "long_name": null, "year_of_construction": null, "ways": null, "type": null }, "geometry": { "type": "Polygon", "coordinates": [ [ [ 5.2606118, 50.9861205 ], [ 5.2606326, 50.9860719 ], [ 5.2606695, 50.9860626 ], [ 5.2606796, 50.9860331 ], [ 5.2606601, 50.986017 ], [ 5.2606722, 50.9859871 ], [ 5.2607084, 50.9859727 ], [ 5.2607507, 50.9859786 ], [ 5.2607734, 50.9860018 ], [ 5.2608915, 50.9860204 ], [ 5.2608935, 50.9860204 ], [ 5.2609009, 50.9860014 ], [ 5.2609377, 50.9859875 ], [ 5.2609853, 50.9859947 ], [ 5.2610102, 50.9860179 ], [ 5.2609471, 50.9861741 ], [ 5.2607875, 50.9861466 ], [ 5.2607688, 50.9861281 ], [ 5.2607721, 50.9861196 ], [ 5.2607379, 50.9861137 ], [ 5.2607252, 50.9861407 ], [ 5.2606118, 50.9861205 ] ] ] } },
{ "type": "Feature", "properties": { "element_type": "way", "osmid": 512506619, "access": null, "addr:housenumber": null, "addr:street": null, "building": "yes", "addr:city": null, "addr:country": null, "addr:postcode": null, "addr:state": null, "name": null, "source": "AGIV Flandres GRB", "landuse": null, "amenity": null, "beds": null, "contact:website": null, "internet_access": null, "internet_access:fee": null, "rooms": null, "smoking": null, "stars": null, "tourism": null, "wheelchair": null, "denomination": null, "historic": null, "religion": null, "start_date": null, "description": null, "website": null, "changing_table": null, "fee": null, "female": null, "male": null, "operator": null, "toilets:disposal": null, "toilets:position": null, "layer": null, "long_name": null, "year_of_construction": null, "ways": null, "type": null }, "geometry": { "type": "Polygon", "coordinates": [ [ [ 5.2611324, 50.9861137 ], [ 5.2611602, 50.9860405 ], [ 5.2610447, 50.9860231 ], [ 5.2610365, 50.9860446 ], [ 5.2610629, 50.9860486 ], [ 5.2610433, 50.9861002 ], [ 5.2611324, 50.9861137 ] ] ] } },
{ "type": "Feature", "properties": { "element_type": "way", "osmid": 512506620, "access": null, "addr:housenumber": "35", "addr:street": "Meeuwenlaan", "building": "house", "addr:city": "Heusden-Zolder", "addr:country": "BE", "addr:postcode": "3550", "addr:state": "Limburg", "name": null, "source": "AGIV Flandres GRB", "landuse": null, "amenity": null, "beds": null, "contact:website": null, "internet_access": null, "internet_access:fee": null, "rooms": null, "smoking": null, "stars": null, "tourism": null, "wheelchair": null, "denomination": null, "historic": null, "religion": null, "start_date": null, "description": null, "website": null, "changing_table": null, "fee": null, "female": null, "male": null, "operator": null, "toilets:disposal": null, "toilets:position": null, "layer": null, "long_name": null, "year_of_construction": null, "ways": null, "type": null }, "geometry": { "type": "Polygon", "coordinates": [ [ [ 5.2599541, 50.986038 ], [ 5.2600014, 50.9859275 ], [ 5.2601092, 50.9859458 ], [ 5.2601146, 50.9859332 ], [ 5.2602485, 50.9859559 ], [ 5.2601957, 50.986079 ], [ 5.2599541, 50.986038 ] ] ] } },
{ "type": "Feature", "properties": { "element_type": "way", "osmid": 512506621, "access": null, "addr:housenumber": null, "addr:street": null, "building": "yes", "addr:city": null, "addr:country": null, "addr:postcode": null, "addr:state": null, "name": null, "source": "AGIV Flandres GRB", "landuse": null, "amenity": null, "beds": null, "contact:website": null, "internet_access": null, "internet_access:fee": null, "rooms": null, "smoking": null, "stars": null, "tourism": null, "wheelchair": null, "denomination": null, "historic": null, "religion": null, "start_date": null, "description": null, "website": null, "changing_table": null, "fee": null, "female": null, "male": null, "operator": null, "toilets:disposal": null, "toilets:position": null, "layer": null, "long_name": null, "year_of_construction": null, "ways": null, "type": null }, "geometry": { "type": "Polygon", "coordinates": [ [ [ 5.2598981, 50.9861562 ], [ 5.2598261, 50.9861431 ], [ 5.2598291, 50.9861366 ], [ 5.2597559, 50.9861233 ], [ 5.2597507, 50.9861348 ], [ 5.2597247, 50.9861301 ], [ 5.2597042, 50.9861748 ], [ 5.2597065, 50.9861753 ], [ 5.2598752, 50.9862059 ], [ 5.2598981, 50.9861562 ] ] ] } },
{ "type": "Feature", "properties": { "element_type": "way", "osmid": 512506622, "access": null, "addr:housenumber": "41", "addr:street": "Meeuwenlaan", "building": "house", "addr:city": "Heusden-Zolder", "addr:country": "BE", "addr:postcode": "3550", "addr:state": "Limburg", "name": null, "source": "AGIV Flandres GRB", "landuse": null, "amenity": null, "beds": null, "contact:website": null, "internet_access": null, "internet_access:fee": null, "rooms": null, "smoking": null, "stars": null, "tourism": null, "wheelchair": null, "denomination": null, "historic": null, "religion": null, "start_date": null, "description": null, "website": null, "changing_table": null, "fee": null, "female": null, "male": null, "operator": null, "toilets:disposal": null, "toilets:position": null, "layer": null, "long_name": null, "year_of_construction": null, "ways": null, "type": null }, "geometry": { "type": "Polygon", "coordinates": [ [ [ 5.2591004, 50.9857959 ], [ 5.2591983, 50.9858182 ], [ 5.2592064, 50.9858081 ], [ 5.2593002, 50.9858292 ], [ 5.2593083, 50.9858275 ], [ 5.2593331, 50.985833 ], [ 5.2593492, 50.9858296 ], [ 5.2593941, 50.9858406 ], [ 5.2593747, 50.9858748 ], [ 5.2593834, 50.9858777 ], [ 5.259368, 50.9859056 ], [ 5.25938, 50.9859094 ], [ 5.2593606, 50.9859427 ], [ 5.2593505, 50.9859419 ], [ 5.2592982, 50.9860301 ], [ 5.2591715, 50.9860006 ], [ 5.2592225, 50.9859107 ], [ 5.2590629, 50.9858735 ], [ 5.2590736, 50.9858533 ], [ 5.2590676, 50.9858516 ], [ 5.2591004, 50.9857959 ] ] ] } },
{ "type": "Feature", "properties": { "element_type": "way", "osmid": 512506623, "access": null, "addr:housenumber": null, "addr:street": null, "building": "yes", "addr:city": null, "addr:country": null, "addr:postcode": null, "addr:state": null, "name": null, "source": "AGIV Flandres GRB", "landuse": null, "amenity": null, "beds": null, "contact:website": null, "internet_access": null, "internet_access:fee": null, "rooms": null, "smoking": null, "stars": null, "tourism": null, "wheelchair": null, "denomination": null, "historic": null, "religion": null, "start_date": null, "description": null, "website": null, "changing_table": null, "fee": null, "female": null, "male": null, "operator": null, "toilets:disposal": null, "toilets:position": null, "layer": null, "long_name": null, "year_of_construction": null, "ways": null, "type": null }, "geometry": { "type": "Polygon", "coordinates": [ [ [ 5.2591635, 50.985573 ], [ 5.2591809, 50.9855472 ], [ 5.2593157, 50.9855823 ], [ 5.2592982, 50.9856084 ], [ 5.2591635, 50.985573 ] ] ] } },
{ "type": "Feature", "properties": { "element_type": "way", "osmid": 512506637, "access": null, "addr:housenumber": "32", "addr:street": "Meeuwenlaan", "building": "house", "addr:city": "Heusden-Zolder", "addr:country": "BE", "addr:postcode": "3550", "addr:state": "Limburg", "name": null, "source": "AGIV Flandres GRB", "landuse": null, "amenity": null, "beds": null, "contact:website": null, "internet_access": null, "internet_access:fee": null, "rooms": null, "smoking": null, "stars": null, "tourism": null, "wheelchair": null, "denomination": null, "historic": null, "religion": null, "start_date": null, "description": null, "website": null, "changing_table": null, "fee": null, "female": null, "male": null, "operator": null, "toilets:disposal": null, "toilets:position": null, "layer": null, "long_name": null, "year_of_construction": null, "ways": null, "type": null }, "geometry": { "type": "Polygon", "coordinates": [ [ [ 5.2608249, 50.9855552 ], [ 5.2608384, 50.9855074 ], [ 5.2608517, 50.9855089 ], [ 5.2608615, 50.9854742 ], [ 5.2610454, 50.9854949 ], [ 5.2610476, 50.985487 ], [ 5.2611651, 50.9855002 ], [ 5.2611445, 50.985573 ], [ 5.2610546, 50.9855629 ], [ 5.2610462, 50.9855928 ], [ 5.2609665, 50.9855839 ], [ 5.26097, 50.9855715 ], [ 5.2608249, 50.9855552 ] ] ] } },
{ "type": "Feature", "properties": { "element_type": "way", "osmid": 512506638, "access": null, "addr:housenumber": null, "addr:street": null, "building": "yes", "addr:city": null, "addr:country": null, "addr:postcode": null, "addr:state": null, "name": null, "source": "AGIV Flandres GRB", "landuse": null, "amenity": null, "beds": null, "contact:website": null, "internet_access": null, "internet_access:fee": null, "rooms": null, "smoking": null, "stars": null, "tourism": null, "wheelchair": null, "denomination": null, "historic": null, "religion": null, "start_date": null, "description": null, "website": null, "changing_table": null, "fee": null, "female": null, "male": null, "operator": null, "toilets:disposal": null, "toilets:position": null, "layer": null, "long_name": null, "year_of_construction": null, "ways": null, "type": null }, "geometry": { "type": "Polygon", "coordinates": [ [ [ 5.261853, 50.9856224 ], [ 5.2617525, 50.9855567 ], [ 5.2617032, 50.9855858 ], [ 5.2616549, 50.9855548 ], [ 5.2616499, 50.9855508 ], [ 5.2616489, 50.9855411 ], [ 5.2616519, 50.9855324 ], [ 5.2616589, 50.9855225 ], [ 5.261674, 50.985516 ], [ 5.2614926, 50.9855054 ], [ 5.2614799, 50.9855825 ], [ 5.2616492, 50.9855945 ], [ 5.2616703, 50.9856097 ], [ 5.2616556, 50.985619 ], [ 5.2617186, 50.9856618 ], [ 5.2617287, 50.985666 ], [ 5.2617417, 50.9856682 ], [ 5.2617649, 50.9856682 ], [ 5.2617846, 50.9856633 ], [ 5.261853, 50.9856224 ] ] ] } },
{ "type": "Feature", "properties": { "element_type": "way", "osmid": 512506639, "access": null, "addr:housenumber": "22", "addr:street": "Meeuwenlaan", "building": "house", "addr:city": "Heusden-Zolder", "addr:country": "BE", "addr:postcode": "3550", "addr:state": "Limburg", "name": null, "source": "AGIV Flandres GRB", "landuse": null, "amenity": null, "beds": null, "contact:website": null, "internet_access": null, "internet_access:fee": null, "rooms": null, "smoking": null, "stars": null, "tourism": null, "wheelchair": null, "denomination": null, "historic": null, "religion": null, "start_date": null, "description": null, "website": null, "changing_table": null, "fee": null, "female": null, "male": null, "operator": null, "toilets:disposal": null, "toilets:position": null, "layer": null, "long_name": null, "year_of_construction": null, "ways": null, "type": null }, "geometry": { "type": "Polygon", "coordinates": [ [ [ 5.2622037, 50.9855409 ], [ 5.262366, 50.98554 ], [ 5.262368, 50.9855789 ], [ 5.2624706, 50.9855801 ], [ 5.2624699, 50.9856646 ], [ 5.2622044, 50.985665 ], [ 5.2622037, 50.9855409 ] ] ] } },
{ "type": "Feature", "properties": { "element_type": "way", "osmid": 512506640, "access": null, "addr:housenumber": "18", "addr:street": "Meeuwenlaan", "building": "house", "addr:city": "Heusden-Zolder", "addr:country": "BE", "addr:postcode": "3550", "addr:state": "Limburg", "name": null, "source": "AGIV Flandres GRB", "landuse": null, "amenity": null, "beds": null, "contact:website": null, "internet_access": null, "internet_access:fee": null, "rooms": null, "smoking": null, "stars": null, "tourism": null, "wheelchair": null, "denomination": null, "historic": null, "religion": null, "start_date": null, "description": null, "website": null, "changing_table": null, "fee": null, "female": null, "male": null, "operator": null, "toilets:disposal": null, "toilets:position": null, "layer": null, "long_name": null, "year_of_construction": null, "ways": null, "type": null }, "geometry": { "type": "Polygon", "coordinates": [ [ [ 5.2627141, 50.985612 ], [ 5.2628811, 50.9854874 ], [ 5.2628658, 50.9854793 ], [ 5.2629221, 50.9854372 ], [ 5.2629573, 50.9854559 ], [ 5.2629921, 50.9854299 ], [ 5.2629955, 50.9854317 ], [ 5.2629821, 50.9854417 ], [ 5.2630272, 50.9854657 ], [ 5.2630365, 50.9854587 ], [ 5.26307, 50.9854765 ], [ 5.2630746, 50.985473 ], [ 5.2630908, 50.9854816 ], [ 5.2630865, 50.9854848 ], [ 5.2631203, 50.9855027 ], [ 5.2631523, 50.9854788 ], [ 5.2631558, 50.9854807 ], [ 5.2630734, 50.9855421 ], [ 5.2630604, 50.9855352 ], [ 5.2630253, 50.9855615 ], [ 5.2630726, 50.9855866 ], [ 5.2630696, 50.9855888 ], [ 5.2630127, 50.9855586 ], [ 5.2628996, 50.985643 ], [ 5.2629136, 50.9856504 ], [ 5.2629107, 50.9856526 ], [ 5.2628571, 50.9856241 ], [ 5.2628071, 50.9856614 ], [ 5.2627141, 50.985612 ] ] ] } },
{ "type": "Feature", "properties": { "element_type": "way", "osmid": 512511763, "access": null, "addr:housenumber": "18", "addr:street": "Reigerslaan", "building": "house", "addr:city": "Heusden-Zolder", "addr:country": "BE", "addr:postcode": "3550", "addr:state": "Limburg", "name": null, "source": "AGIV Flandres GRB", "landuse": null, "amenity": null, "beds": null, "contact:website": null, "internet_access": null, "internet_access:fee": null, "rooms": null, "smoking": null, "stars": null, "tourism": null, "wheelchair": null, "denomination": null, "historic": null, "religion": null, "start_date": null, "description": null, "website": null, "changing_table": null, "fee": null, "female": null, "male": null, "operator": null, "toilets:disposal": null, "toilets:position": null, "layer": null, "long_name": null, "year_of_construction": null, "ways": null, "type": null }, "geometry": { "type": "Polygon", "coordinates": [ [ [ 5.2646856, 50.9856586 ], [ 5.2647409, 50.9856878 ], [ 5.2647265, 50.9856986 ], [ 5.2648355, 50.9857563 ], [ 5.2648582, 50.9857393 ], [ 5.2648971, 50.9857599 ], [ 5.2648215, 50.9858165 ], [ 5.2647459, 50.9857765 ], [ 5.2647226, 50.9857939 ], [ 5.2646795, 50.9857711 ], [ 5.2646822, 50.985769 ], [ 5.2646432, 50.9857484 ], [ 5.2646405, 50.9857505 ], [ 5.264595, 50.9857264 ], [ 5.2646277, 50.9857019 ], [ 5.264599, 50.9856867 ], [ 5.2646354, 50.9856594 ], [ 5.2646641, 50.9856746 ], [ 5.2646856, 50.9856586 ] ] ] } },
{ "type": "Feature", "properties": { "element_type": "way", "osmid": 512511764, "access": null, "addr:housenumber": null, "addr:street": null, "building": "yes", "addr:city": null, "addr:country": null, "addr:postcode": null, "addr:state": null, "name": null, "source": "AGIV Flandres GRB", "landuse": null, "amenity": null, "beds": null, "contact:website": null, "internet_access": null, "internet_access:fee": null, "rooms": null, "smoking": null, "stars": null, "tourism": null, "wheelchair": null, "denomination": null, "historic": null, "religion": null, "start_date": null, "description": null, "website": null, "changing_table": null, "fee": null, "female": null, "male": null, "operator": null, "toilets:disposal": null, "toilets:position": null, "layer": null, "long_name": null, "year_of_construction": null, "ways": null, "type": null }, "geometry": { "type": "Polygon", "coordinates": [ [ [ 5.2648598, 50.9859575 ], [ 5.2648833, 50.9859373 ], [ 5.2649543, 50.9859702 ], [ 5.2649302, 50.9859904 ], [ 5.2648598, 50.9859575 ] ] ] } },
{ "type": "Feature", "properties": { "element_type": "way", "osmid": 512511765, "access": null, "addr:housenumber": null, "addr:street": null, "building": "yes", "addr:city": null, "addr:country": null, "addr:postcode": null, "addr:state": null, "name": null, "source": "AGIV Flandres GRB", "landuse": null, "amenity": null, "beds": null, "contact:website": null, "internet_access": null, "internet_access:fee": null, "rooms": null, "smoking": null, "stars": null, "tourism": null, "wheelchair": null, "denomination": null, "historic": null, "religion": null, "start_date": null, "description": null, "website": null, "changing_table": null, "fee": null, "female": null, "male": null, "operator": null, "toilets:disposal": null, "toilets:position": null, "layer": null, "long_name": null, "year_of_construction": null, "ways": null, "type": null }, "geometry": { "type": "Polygon", "coordinates": [ [ [ 5.2649537, 50.985985 ], [ 5.2650831, 50.9858837 ], [ 5.2651253, 50.9859048 ], [ 5.2649959, 50.9860065 ], [ 5.2649537, 50.985985 ] ] ] } },
{ "type": "Feature", "properties": { "element_type": "way", "osmid": 512511766, "access": null, "addr:housenumber": null, "addr:street": null, "building": "yes", "addr:city": null, "addr:country": null, "addr:postcode": null, "addr:state": null, "name": null, "source": "AGIV Flandres GRB", "landuse": null, "amenity": null, "beds": null, "contact:website": null, "internet_access": null, "internet_access:fee": null, "rooms": null, "smoking": null, "stars": null, "tourism": null, "wheelchair": null, "denomination": null, "historic": null, "religion": null, "start_date": null, "description": null, "website": null, "changing_table": null, "fee": null, "female": null, "male": null, "operator": null, "toilets:disposal": null, "toilets:position": null, "layer": null, "long_name": null, "year_of_construction": null, "ways": null, "type": null }, "geometry": { "type": "Polygon", "coordinates": [ [ [ 5.2653647, 50.9859136 ], [ 5.2652923, 50.9858777 ], [ 5.2653654, 50.9858186 ], [ 5.2654378, 50.9858541 ], [ 5.2653647, 50.9859136 ] ] ] } },
{ "type": "Feature", "properties": { "element_type": "way", "osmid": 512511767, "access": null, "addr:housenumber": "14", "addr:street": "Reigerslaan", "building": "house", "addr:city": "Heusden-Zolder", "addr:country": "BE", "addr:postcode": "3550", "addr:state": "Limburg", "name": null, "source": "AGIV Flandres GRB", "landuse": null, "amenity": null, "beds": null, "contact:website": null, "internet_access": null, "internet_access:fee": null, "rooms": null, "smoking": null, "stars": null, "tourism": null, "wheelchair": null, "denomination": null, "historic": null, "religion": null, "start_date": null, "description": null, "website": null, "changing_table": null, "fee": null, "female": null, "male": null, "operator": null, "toilets:disposal": null, "toilets:position": null, "layer": null, "long_name": null, "year_of_construction": null, "ways": null, "type": null }, "geometry": { "type": "Polygon", "coordinates": [ [ [ 5.2652755, 50.9858963 ], [ 5.2653909, 50.9859533 ], [ 5.2653158, 50.9860136 ], [ 5.2652004, 50.9859567 ], [ 5.2652755, 50.9858963 ] ] ] } },
{ "type": "Feature", "properties": { "element_type": "way", "osmid": 512511769, "access": null, "addr:housenumber": "12", "addr:street": "Reigerslaan", "building": "house", "addr:city": "Heusden-Zolder", "addr:country": "BE", "addr:postcode": "3550", "addr:state": "Limburg", "name": null, "source": "AGIV Flandres GRB", "landuse": null, "amenity": null, "beds": null, "contact:website": null, "internet_access": null, "internet_access:fee": null, "rooms": null, "smoking": null, "stars": null, "tourism": null, "wheelchair": null, "denomination": null, "historic": null, "religion": null, "start_date": null, "description": null, "website": null, "changing_table": null, "fee": null, "female": null, "male": null, "operator": null, "toilets:disposal": null, "toilets:position": null, "layer": null, "long_name": null, "year_of_construction": null, "ways": null, "type": null }, "geometry": { "type": "Polygon", "coordinates": [ [ [ 5.265652, 50.9861988 ], [ 5.2655524, 50.9861631 ], [ 5.2655602, 50.9861544 ], [ 5.2654758, 50.9861241 ], [ 5.2655525, 50.9860394 ], [ 5.2657366, 50.9861054 ], [ 5.265652, 50.9861988 ] ] ] } },
{ "type": "Feature", "properties": { "element_type": "way", "osmid": 512511773, "access": null, "addr:housenumber": null, "addr:street": null, "building": "yes", "addr:city": null, "addr:country": null, "addr:postcode": null, "addr:state": null, "name": null, "source": "AGIV Flandres GRB", "landuse": null, "amenity": null, "beds": null, "contact:website": null, "internet_access": null, "internet_access:fee": null, "rooms": null, "smoking": null, "stars": null, "tourism": null, "wheelchair": null, "denomination": null, "historic": null, "religion": null, "start_date": null, "description": null, "website": null, "changing_table": null, "fee": null, "female": null, "male": null, "operator": null, "toilets:disposal": null, "toilets:position": null, "layer": null, "long_name": null, "year_of_construction": null, "ways": null, "type": null }, "geometry": { "type": "Polygon", "coordinates": [ [ [ 5.2637634, 50.986196 ], [ 5.2637132, 50.986188 ], [ 5.2637004, 50.9862218 ], [ 5.2637507, 50.9862289 ], [ 5.2637634, 50.986196 ] ] ] } },
{ "type": "Feature", "properties": { "element_type": "way", "osmid": 512511774, "access": null, "addr:housenumber": "17", "addr:street": "Reigerslaan", "building": "house", "addr:city": "Heusden-Zolder", "addr:country": "BE", "addr:postcode": "3550", "addr:state": "Limburg", "name": null, "source": "AGIV Flandres GRB", "landuse": null, "amenity": null, "beds": null, "contact:website": null, "internet_access": null, "internet_access:fee": null, "rooms": null, "smoking": null, "stars": null, "tourism": null, "wheelchair": null, "denomination": null, "historic": null, "religion": null, "start_date": null, "description": null, "website": null, "changing_table": null, "fee": null, "female": null, "male": null, "operator": null, "toilets:disposal": null, "toilets:position": null, "layer": null, "long_name": null, "year_of_construction": null, "ways": null, "type": null }, "geometry": { "type": "Polygon", "coordinates": [ [ [ 5.2642905, 50.9861823 ], [ 5.2642096, 50.9861386 ], [ 5.2642039, 50.9861427 ], [ 5.2641138, 50.9860941 ], [ 5.2642773, 50.9859741 ], [ 5.2642785, 50.9859732 ], [ 5.2643554, 50.9860147 ], [ 5.2643019, 50.986054 ], [ 5.264396, 50.9861048 ], [ 5.2642916, 50.9861815 ], [ 5.2642905, 50.9861823 ] ] ] } },
{ "type": "Feature", "properties": { "element_type": "way", "osmid": 512511775, "access": null, "addr:housenumber": "15", "addr:street": "Reigerslaan", "building": "house", "addr:city": "Heusden-Zolder", "addr:country": "BE", "addr:postcode": "3550", "addr:state": "Limburg", "name": null, "source": "AGIV Flandres GRB", "landuse": null, "amenity": null, "beds": null, "contact:website": null, "internet_access": null, "internet_access:fee": null, "rooms": null, "smoking": null, "stars": null, "tourism": null, "wheelchair": null, "denomination": null, "historic": null, "religion": null, "start_date": null, "description": null, "website": null, "changing_table": null, "fee": null, "female": null, "male": null, "operator": null, "toilets:disposal": null, "toilets:position": null, "layer": null, "long_name": null, "year_of_construction": null, "ways": null, "type": null }, "geometry": { "type": "Polygon", "coordinates": [ [ [ 5.2645303, 50.9862168 ], [ 5.2646056, 50.9861535 ], [ 5.2647317, 50.9862129 ], [ 5.2647333, 50.9862136 ], [ 5.2647551, 50.9861953 ], [ 5.2648058, 50.9862193 ], [ 5.2647088, 50.9863009 ], [ 5.2645303, 50.9862168 ] ] ] } },
{ "type": "Feature", "properties": { "element_type": "way", "osmid": 512511776, "access": null, "addr:housenumber": "13", "addr:street": "Reigerslaan", "building": "house", "addr:city": "Heusden-Zolder", "addr:country": "BE", "addr:postcode": "3550", "addr:state": "Limburg", "name": null, "source": "AGIV Flandres GRB", "landuse": null, "amenity": null, "beds": null, "contact:website": null, "internet_access": null, "internet_access:fee": null, "rooms": null, "smoking": null, "stars": null, "tourism": null, "wheelchair": null, "denomination": null, "historic": null, "religion": null, "start_date": null, "description": null, "website": null, "changing_table": null, "fee": null, "female": null, "male": null, "operator": null, "toilets:disposal": null, "toilets:position": null, "layer": null, "long_name": null, "year_of_construction": null, "ways": null, "type": null }, "geometry": { "type": "Polygon", "coordinates": [ [ [ 5.2649063, 50.9862512 ], [ 5.2649326, 50.9862618 ], [ 5.2649342, 50.9862602 ], [ 5.2651142, 50.9863321 ], [ 5.265006, 50.9864395 ], [ 5.2649453, 50.9864152 ], [ 5.264987, 50.9863739 ], [ 5.2648618, 50.9863239 ], [ 5.2648827, 50.9863032 ], [ 5.2648622, 50.986295 ], [ 5.2649063, 50.9862512 ] ] ] } },
{ "type": "Feature", "properties": { "element_type": "way", "osmid": 512511777, "access": null, "addr:housenumber": null, "addr:street": null, "building": "yes", "addr:city": null, "addr:country": null, "addr:postcode": null, "addr:state": null, "name": null, "source": "AGIV Flandres GRB", "landuse": null, "amenity": null, "beds": null, "contact:website": null, "internet_access": null, "internet_access:fee": null, "rooms": null, "smoking": null, "stars": null, "tourism": null, "wheelchair": null, "denomination": null, "historic": null, "religion": null, "start_date": null, "description": null, "website": null, "changing_table": null, "fee": null, "female": null, "male": null, "operator": null, "toilets:disposal": null, "toilets:position": null, "layer": null, "long_name": null, "year_of_construction": null, "ways": null, "type": null }, "geometry": { "type": "Polygon", "coordinates": [ [ [ 5.2648303, 50.9868786 ], [ 5.2648517, 50.9868246 ], [ 5.2647512, 50.9868085 ], [ 5.2647297, 50.9868621 ], [ 5.2648303, 50.9868786 ] ] ] } },
{ "type": "Feature", "properties": { "element_type": "way", "osmid": 512511778, "access": null, "addr:housenumber": null, "addr:street": null, "building": "yes", "addr:city": null, "addr:country": null, "addr:postcode": null, "addr:state": null, "name": null, "source": "AGIV Flandres GRB", "landuse": null, "amenity": null, "beds": null, "contact:website": null, "internet_access": null, "internet_access:fee": null, "rooms": null, "smoking": null, "stars": null, "tourism": null, "wheelchair": null, "denomination": null, "historic": null, "religion": null, "start_date": null, "description": null, "website": null, "changing_table": null, "fee": null, "female": null, "male": null, "operator": null, "toilets:disposal": null, "toilets:position": null, "layer": null, "long_name": null, "year_of_construction": null, "ways": null, "type": null }, "geometry": { "type": "Polygon", "coordinates": [ [ [ 5.2650201, 50.986673 ], [ 5.2649845, 50.9866515 ], [ 5.264945, 50.9866764 ], [ 5.2649818, 50.9866971 ], [ 5.2650201, 50.986673 ] ] ] } },
{ "type": "Feature", "properties": { "element_type": "way", "osmid": 512511779, "access": null, "addr:housenumber": null, "addr:street": null, "building": "yes", "addr:city": null, "addr:country": null, "addr:postcode": null, "addr:state": null, "name": null, "source": "AGIV Flandres GRB", "landuse": null, "amenity": null, "beds": null, "contact:website": null, "internet_access": null, "internet_access:fee": null, "rooms": null, "smoking": null, "stars": null, "tourism": null, "wheelchair": null, "denomination": null, "historic": null, "religion": null, "start_date": null, "description": null, "website": null, "changing_table": null, "fee": null, "female": null, "male": null, "operator": null, "toilets:disposal": null, "toilets:position": null, "layer": null, "long_name": null, "year_of_construction": null, "ways": null, "type": null }, "geometry": { "type": "Polygon", "coordinates": [ [ [ 5.2649503, 50.9866641 ], [ 5.2649161, 50.9866439 ], [ 5.2649476, 50.9866232 ], [ 5.2649812, 50.9866435 ], [ 5.2649503, 50.9866641 ] ] ] } },
{ "type": "Feature", "properties": { "element_type": "way", "osmid": 512511782, "access": null, "addr:housenumber": "11", "addr:street": "Reigerslaan", "building": "house", "addr:city": "Heusden-Zolder", "addr:country": "BE", "addr:postcode": "3550", "addr:state": "Limburg", "name": null, "source": "AGIV Flandres GRB", "landuse": null, "amenity": null, "beds": null, "contact:website": null, "internet_access": null, "internet_access:fee": null, "rooms": null, "smoking": null, "stars": null, "tourism": null, "wheelchair": null, "denomination": null, "historic": null, "religion": null, "start_date": null, "description": null, "website": null, "changing_table": null, "fee": null, "female": null, "male": null, "operator": null, "toilets:disposal": null, "toilets:position": null, "layer": null, "long_name": null, "year_of_construction": null, "ways": null, "type": null }, "geometry": { "type": "Polygon", "coordinates": [ [ [ 5.2651296, 50.9865041 ], [ 5.265147, 50.9864851 ], [ 5.2651398, 50.9864825 ], [ 5.265239, 50.9863742 ], [ 5.265309, 50.9863996 ], [ 5.2652902, 50.9864201 ], [ 5.2654433, 50.9864757 ], [ 5.2653905, 50.9865334 ], [ 5.2653423, 50.9865159 ], [ 5.2653155, 50.9865451 ], [ 5.2653097, 50.9865429 ], [ 5.2652914, 50.9865629 ], [ 5.2651296, 50.9865041 ] ] ] } },
{ "type": "Feature", "properties": { "element_type": "way", "osmid": 512511783, "access": null, "addr:housenumber": "7", "addr:street": "Reigerslaan", "building": "house", "addr:city": "Heusden-Zolder", "addr:country": "BE", "addr:postcode": "3550", "addr:state": "Limburg", "name": null, "source": "AGIV Flandres GRB", "landuse": null, "amenity": null, "beds": null, "contact:website": null, "internet_access": null, "internet_access:fee": null, "rooms": null, "smoking": null, "stars": null, "tourism": null, "wheelchair": null, "denomination": null, "historic": null, "religion": null, "start_date": null, "description": null, "website": null, "changing_table": null, "fee": null, "female": null, "male": null, "operator": null, "toilets:disposal": null, "toilets:position": null, "layer": null, "long_name": null, "year_of_construction": null, "ways": null, "type": null }, "geometry": { "type": "Polygon", "coordinates": [ [ [ 5.2655012, 50.9866238 ], [ 5.2655201, 50.9865994 ], [ 5.2654958, 50.986592 ], [ 5.2655668, 50.9865002 ], [ 5.2657565, 50.9865583 ], [ 5.2656852, 50.9866505 ], [ 5.2656225, 50.9866313 ], [ 5.265604, 50.9866553 ], [ 5.2655012, 50.9866238 ] ] ] } },
{ "type": "Feature", "properties": { "element_type": "way", "osmid": 512527721, "access": null, "addr:housenumber": "31", "addr:street": "Herckenrodestraat", "building": "house", "addr:city": "Heusden-Zolder", "addr:country": "BE", "addr:postcode": "3550", "addr:state": "Limburg", "name": null, "source": "AGIV Flandres GRB", "landuse": null, "amenity": null, "beds": null, "contact:website": null, "internet_access": null, "internet_access:fee": null, "rooms": null, "smoking": null, "stars": null, "tourism": null, "wheelchair": null, "denomination": null, "historic": null, "religion": null, "start_date": null, "description": null, "website": null, "changing_table": null, "fee": null, "female": null, "male": null, "operator": null, "toilets:disposal": null, "toilets:position": null, "layer": null, "long_name": null, "year_of_construction": null, "ways": null, "type": null }, "geometry": { "type": "Polygon", "coordinates": [ [ [ 5.2539728, 50.9916705 ], [ 5.2540508, 50.9916045 ], [ 5.2540641, 50.9916107 ], [ 5.2540767, 50.9916 ], [ 5.2540645, 50.9915943 ], [ 5.2540992, 50.9915648 ], [ 5.2542533, 50.9916369 ], [ 5.254259, 50.9916395 ], [ 5.2541336, 50.9917458 ], [ 5.2539728, 50.9916705 ] ] ] } },
{ "type": "Feature", "properties": { "element_type": "way", "osmid": 512527722, "access": null, "addr:housenumber": null, "addr:street": null, "building": "yes", "addr:city": null, "addr:country": null, "addr:postcode": null, "addr:state": null, "name": null, "source": "AGIV Flandres GRB", "landuse": null, "amenity": null, "beds": null, "contact:website": null, "internet_access": null, "internet_access:fee": null, "rooms": null, "smoking": null, "stars": null, "tourism": null, "wheelchair": null, "denomination": null, "historic": null, "religion": null, "start_date": null, "description": null, "website": null, "changing_table": null, "fee": null, "female": null, "male": null, "operator": null, "toilets:disposal": null, "toilets:position": null, "layer": null, "long_name": null, "year_of_construction": null, "ways": null, "type": null }, "geometry": { "type": "Polygon", "coordinates": [ [ [ 5.2546768, 50.9915617 ], [ 5.2546419, 50.9915245 ], [ 5.2547023, 50.9915017 ], [ 5.2547371, 50.9915389 ], [ 5.2546768, 50.9915617 ] ] ] } },
{ "type": "Feature", "properties": { "element_type": "way", "osmid": 512527723, "access": null, "addr:housenumber": null, "addr:street": null, "building": "yes", "addr:city": null, "addr:country": null, "addr:postcode": null, "addr:state": null, "name": null, "source": "AGIV Flandres GRB", "landuse": null, "amenity": null, "beds": null, "contact:website": null, "internet_access": null, "internet_access:fee": null, "rooms": null, "smoking": null, "stars": null, "tourism": null, "wheelchair": null, "denomination": null, "historic": null, "religion": null, "start_date": null, "description": null, "website": null, "changing_table": null, "fee": null, "female": null, "male": null, "operator": null, "toilets:disposal": null, "toilets:position": null, "layer": null, "long_name": null, "year_of_construction": null, "ways": null, "type": null }, "geometry": { "type": "Polygon", "coordinates": [ [ [ 5.2541538, 50.9918495 ], [ 5.2540183, 50.9917845 ], [ 5.2540719, 50.9917398 ], [ 5.2542074, 50.9918048 ], [ 5.2541538, 50.9918495 ] ] ] } },
{ "type": "Feature", "properties": { "element_type": "way", "osmid": 512527724, "access": null, "addr:housenumber": null, "addr:street": null, "building": "yes", "addr:city": null, "addr:country": null, "addr:postcode": null, "addr:state": null, "name": null, "source": "AGIV Flandres GRB", "landuse": null, "amenity": null, "beds": null, "contact:website": null, "internet_access": null, "internet_access:fee": null, "rooms": null, "smoking": null, "stars": null, "tourism": null, "wheelchair": null, "denomination": null, "historic": null, "religion": null, "start_date": null, "description": null, "website": null, "changing_table": null, "fee": null, "female": null, "male": null, "operator": null, "toilets:disposal": null, "toilets:position": null, "layer": null, "long_name": null, "year_of_construction": null, "ways": null, "type": null }, "geometry": { "type": "Polygon", "coordinates": [ [ [ 5.2542999, 50.9919103 ], [ 5.2543455, 50.9918858 ], [ 5.2543764, 50.9919078 ], [ 5.2543308, 50.9919322 ], [ 5.2542999, 50.9919103 ] ] ] } },
{ "type": "Feature", "properties": { "element_type": "way", "osmid": 512527725, "access": null, "addr:housenumber": null, "addr:street": null, "building": "yes", "addr:city": null, "addr:country": null, "addr:postcode": null, "addr:state": null, "name": null, "source": "AGIV Flandres GRB", "landuse": null, "amenity": null, "beds": null, "contact:website": null, "internet_access": null, "internet_access:fee": null, "rooms": null, "smoking": null, "stars": null, "tourism": null, "wheelchair": null, "denomination": null, "historic": null, "religion": null, "start_date": null, "description": null, "website": null, "changing_table": null, "fee": null, "female": null, "male": null, "operator": null, "toilets:disposal": null, "toilets:position": null, "layer": null, "long_name": null, "year_of_construction": null, "ways": null, "type": null }, "geometry": { "type": "Polygon", "coordinates": [ [ [ 5.2532968, 50.9907884 ], [ 5.253325, 50.9907504 ], [ 5.253443, 50.9907859 ], [ 5.2534148, 50.990823 ], [ 5.2532968, 50.9907884 ] ] ] } },
{ "type": "Feature", "properties": { "element_type": "way", "osmid": 512527726, "access": null, "addr:housenumber": null, "addr:street": null, "building": "yes", "addr:city": null, "addr:country": null, "addr:postcode": null, "addr:state": null, "name": null, "source": "AGIV Flandres GRB", "landuse": null, "amenity": null, "beds": null, "contact:website": null, "internet_access": null, "internet_access:fee": null, "rooms": null, "smoking": null, "stars": null, "tourism": null, "wheelchair": null, "denomination": null, "historic": null, "religion": null, "start_date": null, "description": null, "website": null, "changing_table": null, "fee": null, "female": null, "male": null, "operator": null, "toilets:disposal": null, "toilets:position": null, "layer": null, "long_name": null, "year_of_construction": null, "ways": null, "type": null }, "geometry": { "type": "Polygon", "coordinates": [ [ [ 5.2534805, 50.9909235 ], [ 5.2535006, 50.990899 ], [ 5.2536951, 50.9909598 ], [ 5.2536736, 50.990986 ], [ 5.2534819, 50.990926 ], [ 5.2534805, 50.9909235 ] ] ] } },
{ "type": "Feature", "properties": { "element_type": "way", "osmid": 512527727, "access": null, "addr:housenumber": null, "addr:street": null, "building": "yes", "addr:city": null, "addr:country": null, "addr:postcode": null, "addr:state": null, "name": null, "source": "AGIV Flandres GRB", "landuse": null, "amenity": null, "beds": null, "contact:website": null, "internet_access": null, "internet_access:fee": null, "rooms": null, "smoking": null, "stars": null, "tourism": null, "wheelchair": null, "denomination": null, "historic": null, "religion": null, "start_date": null, "description": null, "website": null, "changing_table": null, "fee": null, "female": null, "male": null, "operator": null, "toilets:disposal": null, "toilets:position": null, "layer": null, "long_name": null, "year_of_construction": null, "ways": null, "type": null }, "geometry": { "type": "Polygon", "coordinates": [ [ [ 5.2530561, 50.9909716 ], [ 5.252993, 50.9909516 ], [ 5.2530138, 50.9909258 ], [ 5.2530678, 50.9909431 ], [ 5.2530571, 50.9909568 ], [ 5.2530651, 50.99096 ], [ 5.2530561, 50.9909716 ] ] ] } },
{ "type": "Feature", "properties": { "element_type": "way", "osmid": 512531747, "access": null, "addr:housenumber": null, "addr:street": null, "building": "yes", "addr:city": null, "addr:country": null, "addr:postcode": null, "addr:state": null, "name": null, "source": null, "landuse": null, "amenity": null, "beds": null, "contact:website": null, "internet_access": null, "internet_access:fee": null, "rooms": null, "smoking": null, "stars": null, "tourism": null, "wheelchair": null, "denomination": null, "historic": null, "religion": null, "start_date": null, "description": null, "website": null, "changing_table": null, "fee": null, "female": null, "male": null, "operator": null, "toilets:disposal": null, "toilets:position": null, "layer": null, "long_name": null, "year_of_construction": null, "ways": null, "type": null }, "geometry": { "type": "Polygon", "coordinates": [ [ [ 5.2555456, 50.9905866 ], [ 5.2555586, 50.990594 ], [ 5.2554775, 50.9906525 ], [ 5.255638, 50.9907398 ], [ 5.2558019, 50.9906204 ], [ 5.2557115, 50.9905713 ], [ 5.2557299, 50.9905579 ], [ 5.2556469, 50.9905122 ], [ 5.2555456, 50.9905866 ] ] ] } },
{ "type": "Feature", "properties": { "element_type": "way", "osmid": 512531748, "access": null, "addr:housenumber": null, "addr:street": null, "building": "yes", "addr:city": null, "addr:country": null, "addr:postcode": null, "addr:state": null, "name": null, "source": "AGIV Flandres GRB", "landuse": null, "amenity": null, "beds": null, "contact:website": null, "internet_access": null, "internet_access:fee": null, "rooms": null, "smoking": null, "stars": null, "tourism": null, "wheelchair": null, "denomination": null, "historic": null, "religion": null, "start_date": null, "description": null, "website": null, "changing_table": null, "fee": null, "female": null, "male": null, "operator": null, "toilets:disposal": null, "toilets:position": null, "layer": null, "long_name": null, "year_of_construction": null, "ways": null, "type": null }, "geometry": { "type": "Polygon", "coordinates": [ [ [ 5.2552819, 50.9908091 ], [ 5.2553089, 50.990785 ], [ 5.2553521, 50.9908041 ], [ 5.2553251, 50.9908282 ], [ 5.2552819, 50.9908091 ] ] ] } },
{ "type": "Feature", "properties": { "element_type": "way", "osmid": 512531749, "access": null, "addr:housenumber": "40_1", "addr:street": "Herckenrodestraat", "building": "house", "addr:city": "Heusden-Zolder", "addr:country": "BE", "addr:postcode": "3550", "addr:state": "Limburg", "name": null, "source": "AGIV Flandres GRB", "landuse": null, "amenity": null, "beds": null, "contact:website": null, "internet_access": null, "internet_access:fee": null, "rooms": null, "smoking": null, "stars": null, "tourism": null, "wheelchair": null, "denomination": null, "historic": null, "religion": null, "start_date": null, "description": null, "website": null, "changing_table": null, "fee": null, "female": null, "male": null, "operator": null, "toilets:disposal": null, "toilets:position": null, "layer": null, "long_name": null, "year_of_construction": null, "ways": null, "type": null }, "geometry": { "type": "Polygon", "coordinates": [ [ [ 5.2542678, 50.9905667 ], [ 5.2542543, 50.9905613 ], [ 5.2541924, 50.9906196 ], [ 5.2541941, 50.9906163 ], [ 5.2541482, 50.9905966 ], [ 5.2543197, 50.9904347 ], [ 5.2544475, 50.9904873 ], [ 5.2544076, 50.9905251 ], [ 5.2543667, 50.990509 ], [ 5.2543513, 50.9905239 ], [ 5.2543236, 50.990514 ], [ 5.2542678, 50.9905667 ] ] ] } },
{ "type": "Feature", "properties": { "element_type": "way", "osmid": 512531750, "access": null, "addr:housenumber": null, "addr:street": null, "building": "yes", "addr:city": null, "addr:country": null, "addr:postcode": null, "addr:state": null, "name": null, "source": "AGIV Flandres GRB", "landuse": null, "amenity": null, "beds": null, "contact:website": null, "internet_access": null, "internet_access:fee": null, "rooms": null, "smoking": null, "stars": null, "tourism": null, "wheelchair": null, "denomination": null, "historic": null, "religion": null, "start_date": null, "description": null, "website": null, "changing_table": null, "fee": null, "female": null, "male": null, "operator": null, "toilets:disposal": null, "toilets:position": null, "layer": null, "long_name": null, "year_of_construction": null, "ways": null, "type": null }, "geometry": { "type": "Polygon", "coordinates": [ [ [ 5.2540029, 50.9906829 ], [ 5.2539566, 50.9906487 ], [ 5.254023, 50.9906129 ], [ 5.2540693, 50.990647 ], [ 5.2540029, 50.9906829 ] ] ] } },
{ "type": "Feature", "properties": { "element_type": "way", "osmid": 512531751, "access": null, "addr:housenumber": null, "addr:street": null, "building": "yes", "addr:city": null, "addr:country": null, "addr:postcode": null, "addr:state": null, "name": null, "source": "AGIV Flandres GRB", "landuse": null, "amenity": null, "beds": null, "contact:website": null, "internet_access": null, "internet_access:fee": null, "rooms": null, "smoking": null, "stars": null, "tourism": null, "wheelchair": null, "denomination": null, "historic": null, "religion": null, "start_date": null, "description": null, "website": null, "changing_table": null, "fee": null, "female": null, "male": null, "operator": null, "toilets:disposal": null, "toilets:position": null, "layer": null, "long_name": null, "year_of_construction": null, "ways": null, "type": null }, "geometry": { "type": "Polygon", "coordinates": [ [ [ 5.2548679, 50.9905869 ], [ 5.254835, 50.990574 ], [ 5.2548672, 50.9905409 ], [ 5.2549004, 50.9905538 ], [ 5.2548679, 50.9905869 ] ] ] } },
{ "type": "Feature", "properties": { "element_type": "way", "osmid": 512531752, "access": null, "addr:housenumber": null, "addr:street": null, "building": "yes", "addr:city": null, "addr:country": null, "addr:postcode": null, "addr:state": null, "name": null, "source": "AGIV Flandres GRB", "landuse": null, "amenity": null, "beds": null, "contact:website": null, "internet_access": null, "internet_access:fee": null, "rooms": null, "smoking": null, "stars": null, "tourism": null, "wheelchair": null, "denomination": null, "historic": null, "religion": null, "start_date": null, "description": null, "website": null, "changing_table": null, "fee": null, "female": null, "male": null, "operator": null, "toilets:disposal": null, "toilets:position": null, "layer": null, "long_name": null, "year_of_construction": null, "ways": null, "type": null }, "geometry": { "type": "Polygon", "coordinates": [ [ [ 5.2548726, 50.9905896 ], [ 5.2548954, 50.9905656 ], [ 5.2549396, 50.9905825 ], [ 5.2549175, 50.9906061 ], [ 5.2548726, 50.9905896 ] ] ] } },
{ "type": "Feature", "properties": { "element_type": "way", "osmid": 512531753, "access": null, "addr:housenumber": null, "addr:street": null, "building": "yes", "addr:city": null, "addr:country": null, "addr:postcode": null, "addr:state": null, "name": null, "source": "AGIV Flandres GRB", "landuse": null, "amenity": null, "beds": null, "contact:website": null, "internet_access": null, "internet_access:fee": null, "rooms": null, "smoking": null, "stars": null, "tourism": null, "wheelchair": null, "denomination": null, "historic": null, "religion": null, "start_date": null, "description": null, "website": null, "changing_table": null, "fee": null, "female": null, "male": null, "operator": null, "toilets:disposal": null, "toilets:position": null, "layer": null, "long_name": null, "year_of_construction": null, "ways": null, "type": null }, "geometry": { "type": "Polygon", "coordinates": [ [ [ 5.2549678, 50.9905436 ], [ 5.254835, 50.9904917 ], [ 5.254894, 50.9904314 ], [ 5.2550268, 50.9904829 ], [ 5.2549678, 50.9905436 ] ] ] } },
{ "type": "Feature", "properties": { "element_type": "way", "osmid": 512531756, "access": null, "addr:housenumber": null, "addr:street": null, "building": "yes", "addr:city": null, "addr:country": null, "addr:postcode": null, "addr:state": null, "name": null, "source": "AGIV Flandres GRB", "landuse": null, "amenity": null, "beds": null, "contact:website": null, "internet_access": null, "internet_access:fee": null, "rooms": null, "smoking": null, "stars": null, "tourism": null, "wheelchair": null, "denomination": null, "historic": null, "religion": null, "start_date": null, "description": null, "website": null, "changing_table": null, "fee": null, "female": null, "male": null, "operator": null, "toilets:disposal": null, "toilets:position": null, "layer": null, "long_name": null, "year_of_construction": null, "ways": null, "type": null }, "geometry": { "type": "Polygon", "coordinates": [ [ [ 5.2536582, 50.9900709 ], [ 5.2537132, 50.9900958 ], [ 5.2536683, 50.9901355 ], [ 5.2536133, 50.990111 ], [ 5.2536582, 50.9900709 ] ] ] } },
{ "type": "Feature", "properties": { "element_type": "way", "osmid": 512531758, "access": null, "addr:housenumber": null, "addr:street": null, "building": "yes", "addr:city": null, "addr:country": null, "addr:postcode": null, "addr:state": null, "name": null, "source": "AGIV Flandres GRB", "landuse": null, "amenity": null, "beds": null, "contact:website": null, "internet_access": null, "internet_access:fee": null, "rooms": null, "smoking": null, "stars": null, "tourism": null, "wheelchair": null, "denomination": null, "historic": null, "religion": null, "start_date": null, "description": null, "website": null, "changing_table": null, "fee": null, "female": null, "male": null, "operator": null, "toilets:disposal": null, "toilets:position": null, "layer": null, "long_name": null, "year_of_construction": null, "ways": null, "type": null }, "geometry": { "type": "Polygon", "coordinates": [ [ [ 5.2543663, 50.9901612 ], [ 5.2543201, 50.9901414 ], [ 5.254361, 50.9901026 ], [ 5.2544079, 50.9901224 ], [ 5.2543663, 50.9901612 ] ] ] } },
{ "type": "Feature", "properties": { "element_type": "way", "osmid": 512531760, "access": null, "addr:housenumber": null, "addr:street": null, "building": "yes", "addr:city": null, "addr:country": null, "addr:postcode": null, "addr:state": null, "name": null, "source": "AGIV Flandres GRB", "landuse": null, "amenity": null, "beds": null, "contact:website": null, "internet_access": null, "internet_access:fee": null, "rooms": null, "smoking": null, "stars": null, "tourism": null, "wheelchair": null, "denomination": null, "historic": null, "religion": null, "start_date": null, "description": null, "website": null, "changing_table": null, "fee": null, "female": null, "male": null, "operator": null, "toilets:disposal": null, "toilets:position": null, "layer": null, "long_name": null, "year_of_construction": null, "ways": null, "type": null }, "geometry": { "type": "Polygon", "coordinates": [ [ [ 5.2541035, 50.9902224 ], [ 5.2541558, 50.9901718 ], [ 5.2542188, 50.9901975 ], [ 5.2541672, 50.9902486 ], [ 5.2541035, 50.9902224 ] ] ] } },
{ "type": "Feature", "properties": { "element_type": "way", "osmid": 512531761, "access": null, "addr:housenumber": null, "addr:street": null, "building": "yes", "addr:city": null, "addr:country": null, "addr:postcode": null, "addr:state": null, "name": null, "source": "AGIV Flandres GRB", "landuse": null, "amenity": null, "beds": null, "contact:website": null, "internet_access": null, "internet_access:fee": null, "rooms": null, "smoking": null, "stars": null, "tourism": null, "wheelchair": null, "denomination": null, "historic": null, "religion": null, "start_date": null, "description": null, "website": null, "changing_table": null, "fee": null, "female": null, "male": null, "operator": null, "toilets:disposal": null, "toilets:position": null, "layer": null, "long_name": null, "year_of_construction": null, "ways": null, "type": null }, "geometry": { "type": "Polygon", "coordinates": [ [ [ 5.2542222, 50.9902748 ], [ 5.2542684, 50.9902908 ], [ 5.2542329, 50.9903317 ], [ 5.2541866, 50.9903157 ], [ 5.2542222, 50.9902748 ] ] ] } },
{ "type": "Feature", "properties": { "element_type": "way", "osmid": 512549433, "access": null, "addr:housenumber": null, "addr:street": null, "building": "yes", "addr:city": null, "addr:country": null, "addr:postcode": null, "addr:state": null, "name": null, "source": "AGIV Flandres GRB", "landuse": null, "amenity": null, "beds": null, "contact:website": null, "internet_access": null, "internet_access:fee": null, "rooms": null, "smoking": null, "stars": null, "tourism": null, "wheelchair": null, "denomination": null, "historic": null, "religion": null, "start_date": null, "description": null, "website": null, "changing_table": null, "fee": null, "female": null, "male": null, "operator": null, "toilets:disposal": null, "toilets:position": null, "layer": null, "long_name": null, "year_of_construction": null, "ways": null, "type": null }, "geometry": { "type": "Polygon", "coordinates": [ [ [ 5.2555455, 50.9926367 ], [ 5.2555053, 50.9925989 ], [ 5.2555659, 50.9925731 ], [ 5.2555871, 50.9925926 ], [ 5.2555723, 50.9925993 ], [ 5.2555908, 50.9926175 ], [ 5.2555455, 50.9926367 ] ] ] } },
{ "type": "Feature", "properties": { "element_type": "way", "osmid": 512549434, "access": null, "addr:housenumber": null, "addr:street": null, "building": "yes", "addr:city": null, "addr:country": null, "addr:postcode": null, "addr:state": null, "name": null, "source": "AGIV Flandres GRB", "landuse": null, "amenity": null, "beds": null, "contact:website": null, "internet_access": null, "internet_access:fee": null, "rooms": null, "smoking": null, "stars": null, "tourism": null, "wheelchair": null, "denomination": null, "historic": null, "religion": null, "start_date": null, "description": null, "website": null, "changing_table": null, "fee": null, "female": null, "male": null, "operator": null, "toilets:disposal": null, "toilets:position": null, "layer": null, "long_name": null, "year_of_construction": null, "ways": null, "type": null }, "geometry": { "type": "Polygon", "coordinates": [ [ [ 5.2558013, 50.9926297 ], [ 5.2557386, 50.9925651 ], [ 5.2556488, 50.9925997 ], [ 5.2557128, 50.9926639 ], [ 5.2558013, 50.9926297 ] ] ] } },
{ "type": "Feature", "properties": { "element_type": "way", "osmid": 512549436, "access": null, "addr:housenumber": null, "addr:street": null, "building": "yes", "addr:city": null, "addr:country": null, "addr:postcode": null, "addr:state": null, "name": null, "source": "AGIV Flandres GRB", "landuse": null, "amenity": null, "beds": null, "contact:website": null, "internet_access": null, "internet_access:fee": null, "rooms": null, "smoking": null, "stars": null, "tourism": null, "wheelchair": null, "denomination": null, "historic": null, "religion": null, "start_date": null, "description": null, "website": null, "changing_table": null, "fee": null, "female": null, "male": null, "operator": null, "toilets:disposal": null, "toilets:position": null, "layer": null, "long_name": null, "year_of_construction": null, "ways": null, "type": null }, "geometry": { "type": "Polygon", "coordinates": [ [ [ 5.2558435, 50.9927506 ], [ 5.2557832, 50.992705 ], [ 5.2558241, 50.9926835 ], [ 5.2558268, 50.9926848 ], [ 5.2558811, 50.9927304 ], [ 5.2558435, 50.9927506 ] ] ] } },
{ "type": "Feature", "properties": { "element_type": "way", "osmid": 512549437, "access": null, "addr:housenumber": null, "addr:street": null, "building": "yes", "addr:city": null, "addr:country": null, "addr:postcode": null, "addr:state": null, "name": null, "source": "AGIV Flandres GRB", "landuse": null, "amenity": null, "beds": null, "contact:website": null, "internet_access": null, "internet_access:fee": null, "rooms": null, "smoking": null, "stars": null, "tourism": null, "wheelchair": null, "denomination": null, "historic": null, "religion": null, "start_date": null, "description": null, "website": null, "changing_table": null, "fee": null, "female": null, "male": null, "operator": null, "toilets:disposal": null, "toilets:position": null, "layer": null, "long_name": null, "year_of_construction": null, "ways": null, "type": null }, "geometry": { "type": "Polygon", "coordinates": [ [ [ 5.2559931, 50.9928274 ], [ 5.2559575, 50.9927924 ], [ 5.2560125, 50.9927696 ], [ 5.2560487, 50.9928046 ], [ 5.2559931, 50.9928274 ] ] ] } },
{ "type": "Feature", "properties": { "element_type": "way", "osmid": 512549438, "access": null, "addr:housenumber": null, "addr:street": null, "building": "yes", "addr:city": null, "addr:country": null, "addr:postcode": null, "addr:state": null, "name": null, "source": "AGIV Flandres GRB", "landuse": null, "amenity": null, "beds": null, "contact:website": null, "internet_access": null, "internet_access:fee": null, "rooms": null, "smoking": null, "stars": null, "tourism": null, "wheelchair": null, "denomination": null, "historic": null, "religion": null, "start_date": null, "description": null, "website": null, "changing_table": null, "fee": null, "female": null, "male": null, "operator": null, "toilets:disposal": null, "toilets:position": null, "layer": null, "long_name": null, "year_of_construction": null, "ways": null, "type": null }, "geometry": { "type": "Polygon", "coordinates": [ [ [ 5.2551787, 50.9920464 ], [ 5.2551955, 50.9920477 ], [ 5.2552045, 50.9920525 ], [ 5.2552089, 50.9920582 ], [ 5.2552095, 50.9920635 ], [ 5.2552065, 50.9920696 ], [ 5.2552005, 50.9920743 ], [ 5.2551884, 50.9920779 ], [ 5.25518, 50.9920779 ], [ 5.2551723, 50.9920762 ], [ 5.2551656, 50.9920728 ], [ 5.2551606, 50.9920677 ], [ 5.2551589, 50.992061 ], [ 5.2551623, 50.9920542 ], [ 5.2551686, 50.9920496 ], [ 5.2551787, 50.9920464 ] ] ] } },
{ "type": "Feature", "properties": { "element_type": "way", "osmid": 512549439, "access": null, "addr:housenumber": "41", "addr:street": "Herckenrodestraat", "building": "house", "addr:city": "Heusden-Zolder", "addr:country": "BE", "addr:postcode": "3550", "addr:state": "Limburg", "name": null, "source": "AGIV Flandres GRB", "landuse": null, "amenity": null, "beds": null, "contact:website": null, "internet_access": null, "internet_access:fee": null, "rooms": null, "smoking": null, "stars": null, "tourism": null, "wheelchair": null, "denomination": null, "historic": null, "religion": null, "start_date": null, "description": null, "website": null, "changing_table": null, "fee": null, "female": null, "male": null, "operator": null, "toilets:disposal": null, "toilets:position": null, "layer": null, "long_name": null, "year_of_construction": null, "ways": null, "type": null }, "geometry": { "type": "Polygon", "coordinates": [ [ [ 5.2534242, 50.9914173 ], [ 5.2534611, 50.9913711 ], [ 5.2534349, 50.9913622 ], [ 5.25344, 50.9913561 ], [ 5.2534584, 50.991361 ], [ 5.2534674, 50.9913584 ], [ 5.2534842, 50.9913378 ], [ 5.2534825, 50.9913331 ], [ 5.2534755, 50.9913278 ], [ 5.2534624, 50.9913257 ], [ 5.2534537, 50.9913278 ], [ 5.2534416, 50.9913403 ], [ 5.2534309, 50.9913369 ], [ 5.2534799, 50.9912745 ], [ 5.2533535, 50.9912348 ], [ 5.2532532, 50.9913637 ], [ 5.2534242, 50.9914173 ] ] ] } },
{ "type": "Feature", "properties": { "element_type": "way", "osmid": 512549440, "access": null, "addr:housenumber": null, "addr:street": null, "building": "yes", "addr:city": null, "addr:country": null, "addr:postcode": null, "addr:state": null, "name": null, "source": "AGIV Flandres GRB", "landuse": null, "amenity": null, "beds": null, "contact:website": null, "internet_access": null, "internet_access:fee": null, "rooms": null, "smoking": null, "stars": null, "tourism": null, "wheelchair": null, "denomination": null, "historic": null, "religion": null, "start_date": null, "description": null, "website": null, "changing_table": null, "fee": null, "female": null, "male": null, "operator": null, "toilets:disposal": null, "toilets:position": null, "layer": null, "long_name": null, "year_of_construction": null, "ways": null, "type": null }, "geometry": { "type": "Polygon", "coordinates": [ [ [ 5.2557477, 50.9908284 ], [ 5.2557001, 50.9907974 ], [ 5.2556553, 50.9908234 ], [ 5.2557158, 50.9908479 ], [ 5.2557477, 50.9908284 ] ] ] } },
{ "type": "Feature", "properties": { "element_type": "way", "osmid": 512550485, "access": null, "addr:housenumber": "9", "addr:street": "Sacramentspad", "building": "house", "addr:city": "Heusden-Zolder", "addr:country": "BE", "addr:postcode": "3550", "addr:state": "Limburg", "name": null, "source": "AGIV Flandres GRB", "landuse": null, "amenity": null, "beds": null, "contact:website": null, "internet_access": null, "internet_access:fee": null, "rooms": null, "smoking": null, "stars": null, "tourism": null, "wheelchair": null, "denomination": null, "historic": null, "religion": null, "start_date": null, "description": null, "website": null, "changing_table": null, "fee": null, "female": null, "male": null, "operator": null, "toilets:disposal": null, "toilets:position": null, "layer": null, "long_name": null, "year_of_construction": null, "ways": null, "type": null }, "geometry": { "type": "Polygon", "coordinates": [ [ [ 5.2547184, 50.9934183 ], [ 5.2546634, 50.9933297 ], [ 5.254833, 50.9932866 ], [ 5.254833, 50.9932854 ], [ 5.2548035, 50.9932389 ], [ 5.254894, 50.9932162 ], [ 5.2549383, 50.9932879 ], [ 5.2548726, 50.9933048 ], [ 5.2549148, 50.9933753 ], [ 5.2548572, 50.9933896 ], [ 5.2548518, 50.993382 ], [ 5.2548505, 50.9933816 ], [ 5.2548015, 50.9933934 ], [ 5.2548029, 50.9933972 ], [ 5.2548008, 50.9933985 ], [ 5.2547184, 50.9934183 ] ] ] } },
{ "type": "Feature", "properties": { "element_type": "way", "osmid": 512550486, "access": null, "addr:housenumber": null, "addr:street": null, "building": "yes", "addr:city": null, "addr:country": null, "addr:postcode": null, "addr:state": null, "name": null, "source": "AGIV Flandres GRB", "landuse": null, "amenity": null, "beds": null, "contact:website": null, "internet_access": null, "internet_access:fee": null, "rooms": null, "smoking": null, "stars": null, "tourism": null, "wheelchair": null, "denomination": null, "historic": null, "religion": null, "start_date": null, "description": null, "website": null, "changing_table": null, "fee": null, "female": null, "male": null, "operator": null, "toilets:disposal": null, "toilets:position": null, "layer": null, "long_name": null, "year_of_construction": null, "ways": null, "type": null }, "geometry": { "type": "Polygon", "coordinates": [ [ [ 5.2544924, 50.9934348 ], [ 5.2544656, 50.9933934 ], [ 5.2545668, 50.9933668 ], [ 5.2545943, 50.9934082 ], [ 5.2544924, 50.9934348 ] ] ] } },
{ "type": "Feature", "properties": { "element_type": "way", "osmid": 512550487, "access": null, "addr:housenumber": null, "addr:street": null, "building": "yes", "addr:city": null, "addr:country": null, "addr:postcode": null, "addr:state": null, "name": null, "source": "AGIV Flandres GRB", "landuse": null, "amenity": null, "beds": null, "contact:website": null, "internet_access": null, "internet_access:fee": null, "rooms": null, "smoking": null, "stars": null, "tourism": null, "wheelchair": null, "denomination": null, "historic": null, "religion": null, "start_date": null, "description": null, "website": null, "changing_table": null, "fee": null, "female": null, "male": null, "operator": null, "toilets:disposal": null, "toilets:position": null, "layer": null, "long_name": null, "year_of_construction": null, "ways": null, "type": null }, "geometry": { "type": "Polygon", "coordinates": [ [ [ 5.2542879, 50.9932849 ], [ 5.254253, 50.9932394 ], [ 5.2543415, 50.9932128 ], [ 5.2543757, 50.9932588 ], [ 5.2542879, 50.9932849 ] ] ] } },
{ "type": "Feature", "properties": { "element_type": "way", "osmid": 512550488, "access": null, "addr:housenumber": null, "addr:street": null, "building": "yes", "addr:city": null, "addr:country": null, "addr:postcode": null, "addr:state": null, "name": null, "source": "AGIV Flandres GRB", "landuse": null, "amenity": null, "beds": null, "contact:website": null, "internet_access": null, "internet_access:fee": null, "rooms": null, "smoking": null, "stars": null, "tourism": null, "wheelchair": null, "denomination": null, "historic": null, "religion": null, "start_date": null, "description": null, "website": null, "changing_table": null, "fee": null, "female": null, "male": null, "operator": null, "toilets:disposal": null, "toilets:position": null, "layer": null, "long_name": null, "year_of_construction": null, "ways": null, "type": null }, "geometry": { "type": "Polygon", "coordinates": [ [ [ 5.2537581, 50.9933487 ], [ 5.2537152, 50.9932951 ], [ 5.2537561, 50.993282 ], [ 5.253799, 50.9933352 ], [ 5.2537581, 50.9933487 ] ] ] } },
{ "type": "Feature", "properties": { "element_type": "way", "osmid": 512550489, "access": null, "addr:housenumber": null, "addr:street": null, "building": "yes", "addr:city": null, "addr:country": null, "addr:postcode": null, "addr:state": null, "name": null, "source": "AGIV Flandres GRB", "landuse": null, "amenity": null, "beds": null, "contact:website": null, "internet_access": null, "internet_access:fee": null, "rooms": null, "smoking": null, "stars": null, "tourism": null, "wheelchair": null, "denomination": null, "historic": null, "religion": null, "start_date": null, "description": null, "website": null, "changing_table": null, "fee": null, "female": null, "male": null, "operator": null, "toilets:disposal": null, "toilets:position": null, "layer": null, "long_name": null, "year_of_construction": null, "ways": null, "type": null }, "geometry": { "type": "Polygon", "coordinates": [ [ [ 5.2535248, 50.9936555 ], [ 5.2535261, 50.9936542 ], [ 5.2536381, 50.9936272 ], [ 5.2536394, 50.9936272 ], [ 5.2536488, 50.993642 ], [ 5.2536938, 50.9936319 ], [ 5.2537145, 50.9936652 ], [ 5.2537139, 50.9936661 ], [ 5.2536703, 50.9936766 ], [ 5.253677, 50.9936889 ], [ 5.2536757, 50.9936897 ], [ 5.253563, 50.9937167 ], [ 5.2535617, 50.9937163 ], [ 5.2535248, 50.9936555 ] ] ] } },
{ "type": "Feature", "properties": { "element_type": "way", "osmid": 512551686, "access": null, "addr:housenumber": null, "addr:street": null, "building": "yes", "addr:city": null, "addr:country": null, "addr:postcode": null, "addr:state": null, "name": null, "source": "AGIV Flandres GRB", "landuse": null, "amenity": null, "beds": null, "contact:website": null, "internet_access": null, "internet_access:fee": null, "rooms": null, "smoking": null, "stars": null, "tourism": null, "wheelchair": null, "denomination": null, "historic": null, "religion": null, "start_date": null, "description": null, "website": null, "changing_table": null, "fee": null, "female": null, "male": null, "operator": null, "toilets:disposal": null, "toilets:position": null, "layer": null, "long_name": null, "year_of_construction": null, "ways": null, "type": null }, "geometry": { "type": "Polygon", "coordinates": [ [ [ 5.2555331, 50.9937973 ], [ 5.2555338, 50.9937969 ], [ 5.2556464, 50.9937678 ], [ 5.255688, 50.9938311 ], [ 5.2556866, 50.9938328 ], [ 5.2555753, 50.993861 ], [ 5.2555686, 50.9938518 ], [ 5.2555673, 50.9938518 ], [ 5.2555331, 50.9937973 ] ] ] } },
{ "type": "Feature", "properties": { "element_type": "way", "osmid": 512551687, "access": null, "addr:housenumber": null, "addr:street": null, "building": "yes", "addr:city": null, "addr:country": null, "addr:postcode": null, "addr:state": null, "name": null, "source": "AGIV Flandres GRB", "landuse": null, "amenity": null, "beds": null, "contact:website": null, "internet_access": null, "internet_access:fee": null, "rooms": null, "smoking": null, "stars": null, "tourism": null, "wheelchair": null, "denomination": null, "historic": null, "religion": null, "start_date": null, "description": null, "website": null, "changing_table": null, "fee": null, "female": null, "male": null, "operator": null, "toilets:disposal": null, "toilets:position": null, "layer": null, "long_name": null, "year_of_construction": null, "ways": null, "type": null }, "geometry": { "type": "Polygon", "coordinates": [ [ [ 5.2566603, 50.9936002 ], [ 5.2566127, 50.9935534 ], [ 5.2566596, 50.9935348 ], [ 5.2567066, 50.9935812 ], [ 5.2566603, 50.9936002 ] ] ] } },
{ "type": "Feature", "properties": { "element_type": "way", "osmid": 512551688, "access": null, "addr:housenumber": "42", "addr:street": "Sacramentspad", "building": "house", "addr:city": "Heusden-Zolder", "addr:country": "BE", "addr:postcode": "3550", "addr:state": "Limburg", "name": null, "source": "AGIV Flandres GRB", "landuse": null, "amenity": null, "beds": null, "contact:website": null, "internet_access": null, "internet_access:fee": null, "rooms": null, "smoking": null, "stars": null, "tourism": null, "wheelchair": null, "denomination": null, "historic": null, "religion": null, "start_date": null, "description": null, "website": null, "changing_table": null, "fee": null, "female": null, "male": null, "operator": null, "toilets:disposal": null, "toilets:position": null, "layer": null, "long_name": null, "year_of_construction": null, "ways": null, "type": null }, "geometry": { "type": "Polygon", "coordinates": [ [ [ 5.2578598, 50.9930462 ], [ 5.257923, 50.9930979 ], [ 5.2578438, 50.9931363 ], [ 5.2578447, 50.9931371 ], [ 5.2579129, 50.9931928 ], [ 5.2579619, 50.9931691 ], [ 5.2580074, 50.993206 ], [ 5.2579057, 50.9932553 ], [ 5.257728, 50.99311 ], [ 5.2578598, 50.9930462 ] ] ] } },
{ "type": "Feature", "properties": { "element_type": "way", "osmid": 512551689, "access": null, "addr:housenumber": null, "addr:street": null, "building": "yes", "addr:city": null, "addr:country": null, "addr:postcode": null, "addr:state": null, "name": null, "source": "AGIV Flandres GRB", "landuse": null, "amenity": null, "beds": null, "contact:website": null, "internet_access": null, "internet_access:fee": null, "rooms": null, "smoking": null, "stars": null, "tourism": null, "wheelchair": null, "denomination": null, "historic": null, "religion": null, "start_date": null, "description": null, "website": null, "changing_table": null, "fee": null, "female": null, "male": null, "operator": null, "toilets:disposal": null, "toilets:position": null, "layer": null, "long_name": null, "year_of_construction": null, "ways": null, "type": null }, "geometry": { "type": "Polygon", "coordinates": [ [ [ 5.2571672, 50.99254 ], [ 5.2571055, 50.9924759 ], [ 5.2571055, 50.9924742 ], [ 5.2571578, 50.9924539 ], [ 5.2572195, 50.9925181 ], [ 5.2572168, 50.9925214 ], [ 5.2571672, 50.99254 ] ] ] } },
{ "type": "Feature", "properties": { "element_type": "way", "osmid": 512551690, "access": null, "addr:housenumber": null, "addr:street": null, "building": "yes", "addr:city": null, "addr:country": null, "addr:postcode": null, "addr:state": null, "name": null, "source": "AGIV Flandres GRB", "landuse": null, "amenity": null, "beds": null, "contact:website": null, "internet_access": null, "internet_access:fee": null, "rooms": null, "smoking": null, "stars": null, "tourism": null, "wheelchair": null, "denomination": null, "historic": null, "religion": null, "start_date": null, "description": null, "website": null, "changing_table": null, "fee": null, "female": null, "male": null, "operator": null, "toilets:disposal": null, "toilets:position": null, "layer": null, "long_name": null, "year_of_construction": null, "ways": null, "type": null }, "geometry": { "type": "Polygon", "coordinates": [ [ [ 5.2572557, 50.9924362 ], [ 5.2573845, 50.99241 ], [ 5.2573845, 50.9924066 ], [ 5.2573268, 50.9922935 ], [ 5.2573201, 50.9922935 ], [ 5.2571994, 50.9923189 ], [ 5.2571994, 50.9923205 ], [ 5.257253, 50.9924353 ], [ 5.2572557, 50.9924362 ] ] ] } },
{ "type": "Feature", "properties": { "element_type": "way", "osmid": 512551691, "access": null, "addr:housenumber": null, "addr:street": null, "building": "yes", "addr:city": null, "addr:country": null, "addr:postcode": null, "addr:state": null, "name": null, "source": "AGIV Flandres GRB", "landuse": null, "amenity": null, "beds": null, "contact:website": null, "internet_access": null, "internet_access:fee": null, "rooms": null, "smoking": null, "stars": null, "tourism": null, "wheelchair": null, "denomination": null, "historic": null, "religion": null, "start_date": null, "description": null, "website": null, "changing_table": null, "fee": null, "female": null, "male": null, "operator": null, "toilets:disposal": null, "toilets:position": null, "layer": null, "long_name": null, "year_of_construction": null, "ways": null, "type": null }, "geometry": { "type": "Polygon", "coordinates": [ [ [ 5.2565354, 50.9926504 ], [ 5.2564918, 50.9926114 ], [ 5.2564909, 50.9926106 ], [ 5.2563917, 50.9926547 ], [ 5.2563897, 50.9926555 ], [ 5.2564342, 50.9926953 ], [ 5.256435, 50.9926949 ], [ 5.256533, 50.9926514 ], [ 5.2565354, 50.9926504 ] ] ] } },
{ "type": "Feature", "properties": { "element_type": "way", "osmid": 512551692, "access": null, "addr:housenumber": null, "addr:street": null, "building": "yes", "addr:city": null, "addr:country": null, "addr:postcode": null, "addr:state": null, "name": null, "source": "AGIV Flandres GRB", "landuse": null, "amenity": null, "beds": null, "contact:website": null, "internet_access": null, "internet_access:fee": null, "rooms": null, "smoking": null, "stars": null, "tourism": null, "wheelchair": null, "denomination": null, "historic": null, "religion": null, "start_date": null, "description": null, "website": null, "changing_table": null, "fee": null, "female": null, "male": null, "operator": null, "toilets:disposal": null, "toilets:position": null, "layer": null, "long_name": null, "year_of_construction": null, "ways": null, "type": null }, "geometry": { "type": "Polygon", "coordinates": [ [ [ 5.2563784, 50.9926589 ], [ 5.2563891, 50.9927218 ], [ 5.2563873, 50.9927219 ], [ 5.2563402, 50.9927251 ], [ 5.2563401, 50.992724 ], [ 5.2563296, 50.9926622 ], [ 5.2563784, 50.9926589 ] ] ] } },
{ "type": "Feature", "properties": { "element_type": "way", "osmid": 512552149, "access": null, "addr:housenumber": null, "addr:street": null, "building": null, "addr:city": null, "addr:country": null, "addr:postcode": null, "addr:state": null, "name": null, "source": null, "landuse": "forest", "amenity": null, "beds": null, "contact:website": null, "internet_access": null, "internet_access:fee": null, "rooms": null, "smoking": null, "stars": null, "tourism": null, "wheelchair": null, "denomination": null, "historic": null, "religion": null, "start_date": null, "description": null, "website": null, "changing_table": null, "fee": null, "female": null, "male": null, "operator": null, "toilets:disposal": null, "toilets:position": null, "layer": null, "long_name": null, "year_of_construction": null, "ways": null, "type": null }, "geometry": { "type": "Polygon", "coordinates": [ [ [ 5.2540628, 50.9941733 ], [ 5.2538716, 50.9941304 ], [ 5.2537832, 50.9941135 ], [ 5.253693, 50.9941015 ], [ 5.2535874, 50.9940876 ], [ 5.2534878, 50.9940518 ], [ 5.2534104, 50.9940192 ], [ 5.2533694, 50.9939868 ], [ 5.2533924, 50.9939493 ], [ 5.2534708, 50.9939282 ], [ 5.2537096, 50.993862 ], [ 5.2552276, 50.9934985 ], [ 5.2552789, 50.993558 ], [ 5.2539781, 50.9938855 ], [ 5.2540628, 50.9941733 ] ] ] } },
{ "type": "Feature", "properties": { "element_type": "way", "osmid": 512556761, "access": null, "addr:housenumber": null, "addr:street": null, "building": "yes", "addr:city": null, "addr:country": null, "addr:postcode": null, "addr:state": null, "name": null, "source": "AGIV Flandres GRB", "landuse": null, "amenity": null, "beds": null, "contact:website": null, "internet_access": null, "internet_access:fee": null, "rooms": null, "smoking": null, "stars": null, "tourism": null, "wheelchair": null, "denomination": null, "historic": null, "religion": null, "start_date": null, "description": null, "website": null, "changing_table": null, "fee": null, "female": null, "male": null, "operator": null, "toilets:disposal": null, "toilets:position": null, "layer": null, "long_name": null, "year_of_construction": null, "ways": null, "type": null }, "geometry": { "type": "Polygon", "coordinates": [ [ [ 5.2540049, 50.9925497 ], [ 5.2539358, 50.9924788 ], [ 5.2539801, 50.9924619 ], [ 5.2540492, 50.9925324 ], [ 5.2540049, 50.9925497 ] ] ] } },
{ "type": "Feature", "properties": { "element_type": "way", "osmid": 512556763, "access": null, "addr:housenumber": null, "addr:street": null, "building": "yes", "addr:city": null, "addr:country": null, "addr:postcode": null, "addr:state": null, "name": null, "source": "AGIV Flandres GRB", "landuse": null, "amenity": null, "beds": null, "contact:website": null, "internet_access": null, "internet_access:fee": null, "rooms": null, "smoking": null, "stars": null, "tourism": null, "wheelchair": null, "denomination": null, "historic": null, "religion": null, "start_date": null, "description": null, "website": null, "changing_table": null, "fee": null, "female": null, "male": null, "operator": null, "toilets:disposal": null, "toilets:position": null, "layer": null, "long_name": null, "year_of_construction": null, "ways": null, "type": null }, "geometry": { "type": "Polygon", "coordinates": [ [ [ 5.2538376, 50.992927 ], [ 5.2538175, 50.9929085 ], [ 5.2538772, 50.9928829 ], [ 5.2538973, 50.9929017 ], [ 5.2538376, 50.992927 ] ] ] } },
{ "type": "Feature", "properties": { "element_type": "way", "osmid": 512556765, "access": null, "addr:housenumber": null, "addr:street": null, "building": "yes", "addr:city": null, "addr:country": null, "addr:postcode": null, "addr:state": null, "name": null, "source": "AGIV Flandres GRB", "landuse": null, "amenity": null, "beds": null, "contact:website": null, "internet_access": null, "internet_access:fee": null, "rooms": null, "smoking": null, "stars": null, "tourism": null, "wheelchair": null, "denomination": null, "historic": null, "religion": null, "start_date": null, "description": null, "website": null, "changing_table": null, "fee": null, "female": null, "male": null, "operator": null, "toilets:disposal": null, "toilets:position": null, "layer": null, "long_name": null, "year_of_construction": null, "ways": null, "type": null }, "geometry": { "type": "Polygon", "coordinates": [ [ [ 5.2539895, 50.9929709 ], [ 5.2539157, 50.9928956 ], [ 5.2539958, 50.9928644 ], [ 5.2540696, 50.9929397 ], [ 5.2539895, 50.9929709 ] ] ] } },
{ "type": "Feature", "properties": { "element_type": "way", "osmid": 512556767, "access": null, "addr:housenumber": null, "addr:street": null, "building": "yes", "addr:city": null, "addr:country": null, "addr:postcode": null, "addr:state": null, "name": null, "source": "AGIV Flandres GRB", "landuse": null, "amenity": null, "beds": null, "contact:website": null, "internet_access": null, "internet_access:fee": null, "rooms": null, "smoking": null, "stars": null, "tourism": null, "wheelchair": null, "denomination": null, "historic": null, "religion": null, "start_date": null, "description": null, "website": null, "changing_table": null, "fee": null, "female": null, "male": null, "operator": null, "toilets:disposal": null, "toilets:position": null, "layer": null, "long_name": null, "year_of_construction": null, "ways": null, "type": null }, "geometry": { "type": "Polygon", "coordinates": [ [ [ 5.2538694, 50.9929946 ], [ 5.2538228, 50.9929465 ], [ 5.253911, 50.9929125 ], [ 5.2539576, 50.9929608 ], [ 5.2538694, 50.9929946 ] ] ] } },
{ "type": "Feature", "properties": { "element_type": "way", "osmid": 512556769, "access": null, "addr:housenumber": null, "addr:street": null, "building": "yes", "addr:city": null, "addr:country": null, "addr:postcode": null, "addr:state": null, "name": null, "source": "AGIV Flandres GRB", "landuse": null, "amenity": null, "beds": null, "contact:website": null, "internet_access": null, "internet_access:fee": null, "rooms": null, "smoking": null, "stars": null, "tourism": null, "wheelchair": null, "denomination": null, "historic": null, "religion": null, "start_date": null, "description": null, "website": null, "changing_table": null, "fee": null, "female": null, "male": null, "operator": null, "toilets:disposal": null, "toilets:position": null, "layer": null, "long_name": null, "year_of_construction": null, "ways": null, "type": null }, "geometry": { "type": "Polygon", "coordinates": [ [ [ 5.2539405, 50.9930724 ], [ 5.2539975, 50.9930513 ], [ 5.2540307, 50.9930868 ], [ 5.2539747, 50.9931073 ], [ 5.2539405, 50.9930724 ] ] ] } },
{ "type": "Feature", "properties": { "element_type": "way", "osmid": 512556771, "access": null, "addr:housenumber": null, "addr:street": null, "building": "yes", "addr:city": null, "addr:country": null, "addr:postcode": null, "addr:state": null, "name": null, "source": "AGIV Flandres GRB", "landuse": null, "amenity": null, "beds": null, "contact:website": null, "internet_access": null, "internet_access:fee": null, "rooms": null, "smoking": null, "stars": null, "tourism": null, "wheelchair": null, "denomination": null, "historic": null, "religion": null, "start_date": null, "description": null, "website": null, "changing_table": null, "fee": null, "female": null, "male": null, "operator": null, "toilets:disposal": null, "toilets:position": null, "layer": null, "long_name": null, "year_of_construction": null, "ways": null, "type": null }, "geometry": { "type": "Polygon", "coordinates": [ [ [ 5.2541551, 50.9930781 ], [ 5.2541994, 50.9930625 ], [ 5.2542215, 50.993087 ], [ 5.2541772, 50.993103 ], [ 5.2541551, 50.9930781 ] ] ] } },
{ "type": "Feature", "properties": { "element_type": "way", "osmid": 512557103, "access": null, "addr:housenumber": null, "addr:street": null, "building": "yes", "addr:city": null, "addr:country": null, "addr:postcode": null, "addr:state": null, "name": null, "source": "AGIV Flandres GRB", "landuse": null, "amenity": null, "beds": null, "contact:website": null, "internet_access": null, "internet_access:fee": null, "rooms": null, "smoking": null, "stars": null, "tourism": null, "wheelchair": null, "denomination": null, "historic": null, "religion": null, "start_date": null, "description": null, "website": null, "changing_table": null, "fee": null, "female": null, "male": null, "operator": null, "toilets:disposal": null, "toilets:position": null, "layer": null, "long_name": null, "year_of_construction": null, "ways": null, "type": null }, "geometry": { "type": "Polygon", "coordinates": [ [ [ 5.2500312, 50.9928718 ], [ 5.2499481, 50.9928422 ], [ 5.249995, 50.992789 ], [ 5.2500781, 50.9928177 ], [ 5.2500352, 50.9928692 ], [ 5.2500312, 50.9928718 ] ] ] } },
{ "type": "Feature", "properties": { "element_type": "way", "osmid": 512557104, "access": null, "addr:housenumber": null, "addr:street": null, "building": "yes", "addr:city": null, "addr:country": null, "addr:postcode": null, "addr:state": null, "name": null, "source": "AGIV Flandres GRB", "landuse": null, "amenity": null, "beds": null, "contact:website": null, "internet_access": null, "internet_access:fee": null, "rooms": null, "smoking": null, "stars": null, "tourism": null, "wheelchair": null, "denomination": null, "historic": null, "religion": null, "start_date": null, "description": null, "website": null, "changing_table": null, "fee": null, "female": null, "male": null, "operator": null, "toilets:disposal": null, "toilets:position": null, "layer": null, "long_name": null, "year_of_construction": null, "ways": null, "type": null }, "geometry": { "type": "Polygon", "coordinates": [ [ [ 5.2511322, 50.9933491 ], [ 5.2511644, 50.9933124 ], [ 5.2512395, 50.9933377 ], [ 5.2512583, 50.9933174 ], [ 5.2513046, 50.9933347 ], [ 5.251255, 50.9933879 ], [ 5.2512335, 50.9933808 ], [ 5.2512275, 50.993385 ], [ 5.2512027, 50.9933736 ], [ 5.2511322, 50.9933491 ] ] ] } },
{ "type": "Feature", "properties": { "element_type": "way", "osmid": 512894839, "access": null, "addr:housenumber": null, "addr:street": null, "building": "yes", "addr:city": null, "addr:country": null, "addr:postcode": null, "addr:state": null, "name": null, "source": "AGIV Flandres GRB", "landuse": null, "amenity": null, "beds": null, "contact:website": null, "internet_access": null, "internet_access:fee": null, "rooms": null, "smoking": null, "stars": null, "tourism": null, "wheelchair": null, "denomination": null, "historic": null, "religion": null, "start_date": null, "description": null, "website": null, "changing_table": null, "fee": null, "female": null, "male": null, "operator": null, "toilets:disposal": null, "toilets:position": null, "layer": null, "long_name": null, "year_of_construction": null, "ways": null, "type": null }, "geometry": { "type": "Polygon", "coordinates": [ [ [ 5.2545802, 50.9902935 ], [ 5.2546087, 50.9902665 ], [ 5.2546523, 50.9902845 ], [ 5.2546242, 50.9903117 ], [ 5.2545802, 50.9902935 ] ] ] } },
{ "type": "Feature", "properties": { "element_type": "way", "osmid": 512894840, "access": null, "addr:housenumber": null, "addr:street": null, "building": "yes", "addr:city": null, "addr:country": null, "addr:postcode": null, "addr:state": null, "name": null, "source": "AGIV Flandres GRB", "landuse": null, "amenity": null, "beds": null, "contact:website": null, "internet_access": null, "internet_access:fee": null, "rooms": null, "smoking": null, "stars": null, "tourism": null, "wheelchair": null, "denomination": null, "historic": null, "religion": null, "start_date": null, "description": null, "website": null, "changing_table": null, "fee": null, "female": null, "male": null, "operator": null, "toilets:disposal": null, "toilets:position": null, "layer": null, "long_name": null, "year_of_construction": null, "ways": null, "type": null }, "geometry": { "type": "Polygon", "coordinates": [ [ [ 5.2560132, 50.9912472 ], [ 5.2560122, 50.9912211 ], [ 5.2559592, 50.9912221 ], [ 5.2559606, 50.9912483 ], [ 5.2560132, 50.9912472 ] ] ] } },
{ "type": "Feature", "properties": { "element_type": "way", "osmid": 764612874, "access": null, "addr:housenumber": null, "addr:street": null, "building": "yes", "addr:city": null, "addr:country": null, "addr:postcode": null, "addr:state": null, "name": null, "source": null, "landuse": null, "amenity": null, "beds": null, "contact:website": null, "internet_access": null, "internet_access:fee": null, "rooms": null, "smoking": null, "stars": null, "tourism": null, "wheelchair": null, "denomination": null, "historic": null, "religion": null, "start_date": null, "description": null, "website": null, "changing_table": null, "fee": null, "female": null, "male": null, "operator": null, "toilets:disposal": null, "toilets:position": null, "layer": null, "long_name": null, "year_of_construction": null, "ways": null, "type": null }, "geometry": { "type": "Polygon", "coordinates": [ [ [ 5.2648158, 50.9939643 ], [ 5.2646928, 50.9940015 ], [ 5.2648449, 50.9941973 ], [ 5.2649676, 50.9941592 ], [ 5.2648158, 50.9939643 ] ] ] } },
{ "type": "Feature", "properties": { "element_type": "way", "osmid": 921986301, "access": null, "addr:housenumber": "26", "addr:street": "Herckenrodestraat", "building": "house", "addr:city": "Heusden-Zolder", "addr:country": null, "addr:postcode": "3550", "addr:state": null, "name": null, "source": null, "landuse": null, "amenity": null, "beds": null, "contact:website": null, "internet_access": null, "internet_access:fee": null, "rooms": null, "smoking": null, "stars": null, "tourism": null, "wheelchair": null, "denomination": null, "historic": null, "religion": null, "start_date": null, "description": null, "website": null, "changing_table": null, "fee": null, "female": null, "male": null, "operator": null, "toilets:disposal": null, "toilets:position": null, "layer": null, "long_name": null, "year_of_construction": null, "ways": null, "type": null }, "geometry": { "type": "Polygon", "coordinates": [ [ [ 5.2556832, 50.9912019 ], [ 5.2555512, 50.9912554 ], [ 5.2556686, 50.9913689 ], [ 5.255799, 50.991315 ], [ 5.2556832, 50.9912019 ] ] ] } },
{ "type": "Feature", "properties": { "element_type": "way", "osmid": 921986303, "access": null, "addr:housenumber": null, "addr:street": null, "building": "yes", "addr:city": null, "addr:country": null, "addr:postcode": null, "addr:state": null, "name": null, "source": null, "landuse": null, "amenity": null, "beds": null, "contact:website": null, "internet_access": null, "internet_access:fee": null, "rooms": null, "smoking": null, "stars": null, "tourism": null, "wheelchair": null, "denomination": null, "historic": null, "religion": null, "start_date": null, "description": null, "website": null, "changing_table": null, "fee": null, "female": null, "male": null, "operator": null, "toilets:disposal": null, "toilets:position": null, "layer": null, "long_name": null, "year_of_construction": null, "ways": null, "type": null }, "geometry": { "type": "Polygon", "coordinates": [ [ [ 5.2563568, 50.9911898 ], [ 5.2562787, 50.9911117 ], [ 5.2561579, 50.9911607 ], [ 5.2561091, 50.9911801 ], [ 5.2561171, 50.9911876 ], [ 5.2560556, 50.9912114 ], [ 5.2561302, 50.9912862 ], [ 5.2561249, 50.9912877 ], [ 5.2561774, 50.991341 ], [ 5.2562634, 50.991307 ], [ 5.2562063, 50.9912489 ], [ 5.2563568, 50.9911898 ] ] ] } },
{ "type": "Feature", "properties": { "element_type": "way", "osmid": 1186020898, "access": null, "addr:housenumber": null, "addr:street": null, "building": "sports_hall", "addr:city": null, "addr:country": null, "addr:postcode": null, "addr:state": null, "name": null, "source": null, "landuse": null, "amenity": null, "beds": null, "contact:website": null, "internet_access": null, "internet_access:fee": null, "rooms": null, "smoking": null, "stars": null, "tourism": null, "wheelchair": null, "denomination": null, "historic": null, "religion": null, "start_date": null, "description": null, "website": null, "changing_table": null, "fee": null, "female": null, "male": null, "operator": null, "toilets:disposal": null, "toilets:position": null, "layer": null, "long_name": "Sport Vlaanderen Heusden-Zolder Velodroom Limburg", "year_of_construction": "2022", "ways": null, "type": null }, "geometry": { "type": "Polygon", "coordinates": [ [ [ 5.2646411, 50.993337 ], [ 5.2645481, 50.9932939 ], [ 5.2644804, 50.9932422 ], [ 5.2644272, 50.9931904 ], [ 5.2643913, 50.9931262 ], [ 5.2643719, 50.9930563 ], [ 5.2643676, 50.9929975 ], [ 5.2643779, 50.992936 ], [ 5.2644014, 50.9928852 ], [ 5.2644329, 50.9928387 ], [ 5.2644784, 50.9927955 ], [ 5.2645424, 50.9927513 ], [ 5.2646303, 50.992709 ], [ 5.2647059, 50.9926859 ], [ 5.2647929, 50.9926679 ], [ 5.2649062, 50.9926565 ], [ 5.2650638, 50.9926667 ], [ 5.2659241, 50.9928437 ], [ 5.2660065, 50.9928694 ], [ 5.2660783, 50.9929029 ], [ 5.2661396, 50.9929442 ], [ 5.2662025, 50.9930013 ], [ 5.2662399, 50.993053 ], [ 5.2662607, 50.9930975 ], [ 5.2663512, 50.9930994 ], [ 5.2663632, 50.9931405 ], [ 5.2663688, 50.9931832 ], [ 5.2663656, 50.9932243 ], [ 5.2663574, 50.9932663 ], [ 5.2663439, 50.9932944 ], [ 5.2663253, 50.9933274 ], [ 5.2662952, 50.9933641 ], [ 5.266366, 50.9934497 ], [ 5.2664008, 50.9935228 ], [ 5.2663719, 50.9935485 ], [ 5.2663256, 50.9935704 ], [ 5.2662085, 50.9936179 ], [ 5.2661038, 50.9936494 ], [ 5.2660095, 50.9936706 ], [ 5.2659567, 50.9936788 ], [ 5.2659197, 50.9936786 ], [ 5.2652357, 50.9935177 ], [ 5.2652614, 50.9934732 ], [ 5.264745, 50.993367 ], [ 5.2646411, 50.993337 ] ] ] } },
{ "type": "Feature", "properties": { "element_type": "way", "osmid": 1201029512, "access": null, "addr:housenumber": "8", "addr:street": "Terlaemen", "building": "office", "addr:city": null, "addr:country": null, "addr:postcode": null, "addr:state": null, "name": "ProMove", "source": null, "landuse": null, "amenity": null, "beds": null, "contact:website": null, "internet_access": null, "internet_access:fee": null, "rooms": null, "smoking": null, "stars": null, "tourism": null, "wheelchair": null, "denomination": null, "historic": null, "religion": null, "start_date": null, "description": null, "website": null, "changing_table": null, "fee": null, "female": null, "male": null, "operator": null, "toilets:disposal": null, "toilets:position": null, "layer": null, "long_name": null, "year_of_construction": null, "ways": null, "type": null }, "geometry": { "type": "Polygon", "coordinates": [ [ [ 5.2643667, 50.9939152 ], [ 5.2643104, 50.9939564 ], [ 5.2643403, 50.9939724 ], [ 5.2642856, 50.9940111 ], [ 5.2644407, 50.9940948 ], [ 5.26455, 50.994013 ], [ 5.2643667, 50.9939152 ] ] ] } },
{ "type": "Feature", "properties": { "element_type": "way", "osmid": 1271918987, "access": null, "addr:housenumber": "3", "addr:street": "Schapenpad", "building": "detached", "addr:city": null, "addr:country": null, "addr:postcode": null, "addr:state": null, "name": null, "source": null, "landuse": null, "amenity": null, "beds": null, "contact:website": null, "internet_access": null, "internet_access:fee": null, "rooms": null, "smoking": null, "stars": null, "tourism": null, "wheelchair": null, "denomination": null, "historic": null, "religion": null, "start_date": null, "description": null, "website": null, "changing_table": null, "fee": null, "female": null, "male": null, "operator": null, "toilets:disposal": null, "toilets:position": null, "layer": null, "long_name": null, "year_of_construction": null, "ways": null, "type": null }, "geometry": { "type": "Polygon", "coordinates": [ [ [ 5.2575341, 50.9881891 ], [ 5.257528, 50.9882079 ], [ 5.2575215, 50.9882069 ], [ 5.2575059, 50.9882518 ], [ 5.2576072, 50.9882656 ], [ 5.2576602, 50.9881108 ], [ 5.2575668, 50.9880976 ], [ 5.2575598, 50.9881133 ], [ 5.2575015, 50.9881057 ], [ 5.2574751, 50.9881816 ], [ 5.2575341, 50.9881891 ] ] ] } },
{ "type": "Feature", "properties": { "element_type": "way", "osmid": 1415491998, "access": null, "addr:housenumber": "6", "addr:street": "Schapenpad", "building": "detached", "addr:city": null, "addr:country": null, "addr:postcode": null, "addr:state": null, "name": null, "source": null, "landuse": null, "amenity": null, "beds": null, "contact:website": null, "internet_access": null, "internet_access:fee": null, "rooms": null, "smoking": null, "stars": null, "tourism": null, "wheelchair": null, "denomination": null, "historic": null, "religion": null, "start_date": null, "description": null, "website": null, "changing_table": null, "fee": null, "female": null, "male": null, "operator": null, "toilets:disposal": null, "toilets:position": null, "layer": null, "long_name": null, "year_of_construction": null, "ways": null, "type": null }, "geometry": { "type": "Polygon", "coordinates": [ [ [ 5.2588958, 50.9882845 ], [ 5.2590082, 50.9883431 ], [ 5.2589627, 50.9883836 ], [ 5.2589508, 50.9883802 ], [ 5.2588772, 50.9884887 ], [ 5.2588868, 50.9884916 ], [ 5.258835, 50.9885682 ], [ 5.2587261, 50.9885387 ], [ 5.258776, 50.9884695 ], [ 5.258742, 50.9884595 ], [ 5.2587774, 50.9884146 ], [ 5.2588115, 50.9884239 ], [ 5.2588359, 50.9883901 ], [ 5.2587952, 50.9883778 ], [ 5.2588345, 50.9883252 ], [ 5.2588604, 50.9883325 ], [ 5.2588958, 50.9882845 ] ] ] } },
{ "type": "Feature", "properties": { "element_type": "way", "osmid": 1415491999, "access": null, "addr:housenumber": "8", "addr:street": "Schapenpad", "building": "detached", "addr:city": null, "addr:country": null, "addr:postcode": null, "addr:state": null, "name": null, "source": null, "landuse": null, "amenity": null, "beds": null, "contact:website": null, "internet_access": null, "internet_access:fee": null, "rooms": null, "smoking": null, "stars": null, "tourism": null, "wheelchair": null, "denomination": null, "historic": null, "religion": null, "start_date": null, "description": null, "website": null, "changing_table": null, "fee": null, "female": null, "male": null, "operator": null, "toilets:disposal": null, "toilets:position": null, "layer": null, "long_name": null, "year_of_construction": null, "ways": null, "type": null }, "geometry": { "type": "Polygon", "coordinates": [ [ [ 5.2589607, 50.9879361 ], [ 5.2591548, 50.9878064 ], [ 5.2587905, 50.9877147 ], [ 5.2587344, 50.9879088 ], [ 5.2589607, 50.9879361 ] ] ] } },
{ "type": "Feature", "properties": { "element_type": "way", "osmid": 1415492000, "access": null, "addr:housenumber": "12", "addr:street": "Schapenpad", "building": "detached", "addr:city": null, "addr:country": null, "addr:postcode": null, "addr:state": null, "name": null, "source": null, "landuse": null, "amenity": null, "beds": null, "contact:website": null, "internet_access": null, "internet_access:fee": null, "rooms": null, "smoking": null, "stars": null, "tourism": null, "wheelchair": null, "denomination": null, "historic": null, "religion": null, "start_date": null, "description": null, "website": null, "changing_table": null, "fee": null, "female": null, "male": null, "operator": null, "toilets:disposal": null, "toilets:position": null, "layer": null, "long_name": null, "year_of_construction": null, "ways": null, "type": null }, "geometry": { "type": "Polygon", "coordinates": [ [ [ 5.256813, 50.9876907 ], [ 5.2569095, 50.9877098 ], [ 5.2570081, 50.9875479 ], [ 5.2567949, 50.9874482 ], [ 5.2567342, 50.9874952 ], [ 5.256822, 50.9875422 ], [ 5.2568452, 50.9875767 ], [ 5.2568519, 50.9876081 ], [ 5.256813, 50.9876907 ] ] ] } },
{ "type": "Feature", "properties": { "element_type": "way", "osmid": 1415492001, "access": null, "addr:housenumber": "4", "addr:street": "Schapenpad", "building": "detached", "addr:city": null, "addr:country": null, "addr:postcode": null, "addr:state": null, "name": null, "source": null, "landuse": null, "amenity": null, "beds": null, "contact:website": null, "internet_access": null, "internet_access:fee": null, "rooms": null, "smoking": null, "stars": null, "tourism": null, "wheelchair": null, "denomination": null, "historic": null, "religion": null, "start_date": null, "description": null, "website": null, "changing_table": null, "fee": null, "female": null, "male": null, "operator": null, "toilets:disposal": null, "toilets:position": null, "layer": null, "long_name": null, "year_of_construction": null, "ways": null, "type": null }, "geometry": { "type": "Polygon", "coordinates": [ [ [ 5.2580139, 50.9882613 ], [ 5.2579217, 50.9882338 ], [ 5.2579337, 50.9882228 ], [ 5.2579484, 50.9882169 ], [ 5.257967, 50.9882138 ], [ 5.2579879, 50.9882155 ], [ 5.2580375, 50.9881506 ], [ 5.2581432, 50.9881806 ], [ 5.257993, 50.98839 ], [ 5.2578845, 50.9883598 ], [ 5.2579492, 50.9882735 ], [ 5.2579969, 50.9882874 ], [ 5.2580139, 50.9882613 ] ] ] } },
{ "type": "Feature", "properties": { "element_type": "relation", "osmid": 14689523, "access": null, "addr:housenumber": null, "addr:street": null, "building": null, "addr:city": null, "addr:country": null, "addr:postcode": null, "addr:state": null, "name": null, "source": null, "landuse": "forest", "amenity": null, "beds": null, "contact:website": null, "internet_access": null, "internet_access:fee": null, "rooms": null, "smoking": null, "stars": null, "tourism": null, "wheelchair": null, "denomination": null, "historic": null, "religion": null, "start_date": null, "description": null, "website": null, "changing_table": null, "fee": null, "female": null, "male": null, "operator": null, "toilets:disposal": null, "toilets:position": null, "layer": null, "long_name": null, "year_of_construction": null, "type": "multipolygon" }, "geometry": { "type": "Polygon", "coordinates": [ [ [ 5.252618, 50.9887649 ], [ 5.2517114, 50.9884158 ], [ 5.2511239, 50.9881627 ], [ 5.2507674, 50.9880415 ], [ 5.2502518, 50.9878093 ], [ 5.2494526, 50.9874334 ], [ 5.249228, 50.9873307 ], [ 5.2489066, 50.9870972 ], [ 5.2486668, 50.9868795 ], [ 5.2471523, 50.9897421 ], [ 5.2471362, 50.9898459 ], [ 5.2471926, 50.9898813 ], [ 5.2473735, 50.9900737 ], [ 5.2475143, 50.990299 ], [ 5.2477556, 50.9905902 ], [ 5.2479045, 50.9907091 ], [ 5.2480774, 50.9908281 ], [ 5.2483831, 50.9909623 ], [ 5.2493022, 50.9913151 ], [ 5.2513157, 50.9919846 ], [ 5.2525272, 50.9904308 ], [ 5.2534771, 50.9893137 ], [ 5.253476, 50.9891383 ], [ 5.252618, 50.9887649 ] ], [ [ 5.2487988, 50.988406 ], [ 5.2490798, 50.9879176 ], [ 5.2491769, 50.9879476 ], [ 5.2489986, 50.9882485 ], [ 5.2489584, 50.9884512 ], [ 5.2490107, 50.9885564 ], [ 5.249331, 50.9887081 ], [ 5.2503141, 50.9891653 ], [ 5.2508463, 50.9892893 ], [ 5.2512991, 50.9893475 ], [ 5.2516184, 50.989398 ], [ 5.2516548, 50.9894468 ], [ 5.2513925, 50.9897824 ], [ 5.249683, 50.9889802 ], [ 5.2491881, 50.9887339 ], [ 5.2490266, 50.9887051 ], [ 5.2488866, 50.9887439 ], [ 5.2486896, 50.9888867 ], [ 5.2485327, 50.9890078 ], [ 5.2484496, 50.9889731 ], [ 5.2487502, 50.9887151 ], [ 5.2488361, 50.9886534 ], [ 5.2488623, 50.988557 ], [ 5.2488081, 50.9884589 ], [ 5.2487988, 50.988406 ] ] ] } }
]
}
