center_index,point_id,distance_m,distance_km,sector,heading_deg,slope_deg,lane_index,lane_alpha,x_m,y_m,geometry,lon,lat,candidate_irradiance_wm2,candidate_power_w,candidate_shadow_factor,solar_score
0,0,0.0,0.0,Sector 1,323.09024786763854,0.0,0,0.1,2882872.910860364,5564315.98198059,POINT (2882872.910860364 5564315.98198059),25.897287979999994,44.635475630001096,0.0,0.0,1.0,0.0
1,1,3.0000000002000244,0.0030000000002,Sector 1,323.09024786106846,0.0,0,0.1,2882874.7726245103,5564316.042254783,POINT (2882874.7726245103 5564316.042254783),25.89730470451188,44.635476015293754,0.0,0.0,1.0,0.0
2,2,6.000000000120393,0.0060000000001203,Sector 1,323.0902478550985,0.0,0,0.1,2882876.6343886564,5564316.102528974,POINT (2882876.6343886564 5564316.102528974),25.897321429023755,44.635476400586406,0.0,0.0,1.0,0.0
3,3,9.000000000320417,0.0090000000003204,Sector 1,323.0902478710556,0.0,0,0.1,2882878.4961528033,5564316.162803166,POINT (2882878.4961528033 5564316.162803166),25.897338153535642,44.63547678587904,0.0,0.0,1.0,0.0
4,4,12.000000000240783,0.0120000000002407,Sector 1,323.09024784285856,0.0,0,0.1,2882880.3579169493,5564316.223077358,POINT (2882880.3579169493 5564316.223077358),25.89735487804752,44.635477171171694,0.0,0.0,1.0,0.0
5,5,14.99999999969614,0.0149999999996961,Sector 1,343.9257308064939,0.0,0,0.1,2882882.219681095,5564316.283351551,POINT (2882882.219681095 5564316.283351551),25.897371602559392,44.635477556464345,0.0,0.0,1.0,0.0
6,6,17.920910291974444,0.0179209102919744,Sector 1,352.236619285732,0.0,0,0.1,2882884.032363114,5564316.34203672,POINT (2882884.032363114 5564316.34203672),25.89738788615902,44.635477931599425,0.0,0.0,1.0,0.0
7,7,20.920910292835693,0.0209209102928356,Sector 1,352.2366192885456,0.0,0,0.1,2882885.894127261,5564316.4023109125,POINT (2882885.894127261 5564316.4023109125),25.897404610670907,44.63547831689206,0.0,0.0,1.0,0.0
8,8,23.920910292837057,0.023920910292837,Sector 1,352.2366192944904,0.0,0,0.1,2882887.755891407,5564316.462585103,POINT (2882887.755891407 5564316.462585103),25.897421335182788,44.63547870218469,0.0,0.0,1.0,0.0
9,9,26.92091029277552,0.0269209102927755,Sector 1,352.2366192877549,0.0,0,0.1,2882889.617655553,5564316.522859295,POINT (2882889.617655553 5564316.522859295),25.897438059694665,44.63547908747732,0.0,0.0,1.0,0.0
10,10,29.92091029277688,0.0299209102927768,Sector 1,352.2366192908505,0.0,0,0.1,2882891.4794196994,5564316.583133487,POINT (2882891.4794196994 5564316.583133487),25.897454784206545,44.63547947276996,0.0,0.0,1.0,0.0
11,11,32.92091029271534,0.0329209102927153,Sector 1,12.28692417529902,0.0,0,0.1,2882893.341183846,5564316.643407678,POINT (2882893.341183846 5564316.643407678),25.89747150871843,44.63547985806258,0.0,0.0,1.0,0.0
12,12,35.88452219154276,0.0358845221915427,Sector 1,16.240570700248384,0.0,0,0.1,2882895.1803659713,5564316.702950783,POINT (2882895.1803659713 5564316.702950783),25.897488030372564,44.63548023868186,0.0,0.0,1.0,0.0
13,13,38.884522191617535,0.0388845221916175,Sector 1,16.240570698687748,0.0,0,0.1,2882897.0421301173,5564316.763224974,POINT (2882897.0421301173 5564316.763224974),25.897504754884444,44.63548062397447,0.0,0.0,1.0,0.0
14,14,41.88452219156208,0.041884522191562,Sector 1,16.2405707124654,0.0,0,0.1,2882898.903894264,5564316.823499166,POINT (2882898.903894264 5564316.823499166),25.897521479396325,44.635481009267096,0.0,0.0,1.0,0.0
15,15,44.88452219163685,0.0448845221916368,Sector 1,16.240570710601048,0.0,0,0.1,2882900.76565841,5564316.883773358,POINT (2882900.76565841 5564316.883773358),25.897538203908205,44.635481394559704,0.0,0.0,1.0,0.0
16,16,47.88452219171163,0.0478845221917116,Sector 1,16.240570702244554,0.0,0,0.1,2882902.6274225563,5564316.944047551,POINT (2882902.6274225563 5564316.944047551),25.897554928420085,44.63548177985233,0.0,0.0,1.0,0.0
17,17,50.884522191656174,0.0508845221916561,Sector 1,21.02304825124702,0.0,0,0.1,2882904.4891867028,5564317.004321743,POINT (2882904.4891867028 5564317.004321743),25.897571652931966,44.63548216514495,0.0,0.0,1.0,0.0
18,18,53.844951405347615,0.0538449514053476,Sector 1,39.08969827174536,0.0,0,0.1,2882906.326393692,5564317.063800902,POINT (2882906.326393692 5564317.063800902),25.897588156843153,44.63548254535544,0.0,0.0,1.0,0.0
19,19,56.84495140558053,0.0568449514055805,Sector 1,39.08969827033013,0.0,0,0.1,2882908.1881578383,5564317.124075094,POINT (2882908.1881578383 5564317.124075094),25.89760488135503,44.635482930648045,0.0,0.0,1.0,0.0
20,20,59.84495140479697,0.0598449514047969,Sector 1,39.08969825544489,0.0,0,0.1,2882910.049921984,5564317.184349286,POINT (2882910.049921984 5564317.184349286),25.897621605866906,44.635483315940654,0.0,0.0,1.0,0.0
21,21,62.84495140502989,0.0628449514050299,Sector 1,39.089698260021294,0.0,0,0.1,2882911.9116861303,5564317.2446234785,POINT (2882911.9116861303 5564317.2446234785),25.89763833037879,44.63548370123326,0.0,0.0,1.0,0.0
22,22,65.84495140496918,0.0658449514049691,Sector 1,39.08969826162439,0.0,0,0.1,2882913.773450277,5564317.30489767,POINT (2882913.773450277 5564317.30489767),25.89765505489067,44.63548408652586,0.0,0.0,1.0,0.0
23,23,68.8449514052021,0.0688449514052021,Sector 1,60.89702814513692,0.0,0,0.1,2882915.6352144233,5564317.365171862,POINT (2882915.6352144233 5564317.365171862),25.89767177940255,44.63548447181846,0.0,0.0,1.0,0.0
24,24,71.77641733896458,0.0717764173389645,Sector 1,67.76201299374145,0.0,0,0.1,2882917.4544471465,5564317.424069109,POINT (2882917.4544471465 5564317.424069109),25.89768812184816,44.63548484830916,0.0,0.0,1.0,0.0
25,25,74.77641733889716,0.0747764173388971,Sector 1,67.76201300791467,0.0,0,0.1,2882919.316211293,5564317.484343301,POINT (2882919.316211293 5564317.484343301),25.897704846360043,44.635485233601756,0.0,0.0,1.0,0.0
26,26,77.77641733882975,0.0777764173388297,Sector 1,68.76427324282758,0.0,0,0.1,2882921.1779754395,5564317.544617494,POINT (2882921.1779754395 5564317.544617494),25.897721570871923,44.63548561889435,0.0,0.0,1.0,0.0
27,27,80.76355206883318,0.0807635520688331,Sector 1,96.3698300434259,0.0,0,0.1,2882923.0317555526,5564317.604633203,POINT (2882923.0317555526 5564317.604633203),25.897738223662014,44.635486002534634,0.0,0.0,1.0,0.0
28,28,83.76355206897595,0.0837635520689759,Sector 1,96.36983004070709,0.0,0,0.1,2882924.893519699,5564317.664907394,POINT (2882924.893519699 5564317.664907394),25.897754948173894,44.635486387827214,0.0,0.0,1.0,0.0
29,29,86.76355206875928,0.0867635520687592,Sector 1,96.36983007126258,0.0,0,0.1,2882926.7552838456,5564317.725181586,POINT (2882926.7552838456 5564317.725181586),25.897771672685778,44.635486773119794,0.0,0.0,1.0,0.0
30,30,89.76355206890206,0.089763552068902,Sector 1,96.3698300402121,0.0,0,0.1,2882928.6170479916,5564317.785455778,POINT (2882928.6170479916 5564317.785455778),25.897788397197655,44.635487158412374,0.0,0.0,1.0,0.0
31,31,92.76355206858206,0.092763552068582,Sector 1,98.4909120217324,0.0,0,0.1,2882930.4788121376,5564317.845729971,POINT (2882930.4788121376 5564317.845729971),25.897805121709535,44.63548754370496,0.0,0.0,1.0,0.0
32,32,95.75710978952648,0.0957571097895264,Sector 1,105.13699471166944,0.0,0,0.1,2882932.3365782825,5564317.905874729,POINT (2882932.3365782825 5564317.905874729),25.897821810306755,44.63548792817015,0.0,0.0,1.0,0.0
33,33,98.75710978947328,0.0987571097894732,Sector 1,105.13699471852529,0.0,0,0.1,2882934.1983424285,5564317.966148921,POINT (2882934.1983424285 5564317.966148921),25.897838534818632,44.63548831346272,0.0,0.0,1.0,0.0
34,34,101.7571097898696,0.1017571097898696,Sector 1,105.13699472327124,0.0,0,0.1,2882936.060106575,5564318.026423112,POINT (2882936.060106575 5564318.026423112),25.897855259330516,44.63548869875528,0.0,0.0,1.0,0.0
35,35,104.7571097898164,0.1047571097898164,Sector 1,105.13699475023856,0.0,0,0.1,2882937.9218707215,5564318.086697305,POINT (2882937.9218707215 5564318.086697305),25.897871983842396,44.635489084047855,0.0,0.0,1.0,0.0
36,36,107.75710978976322,0.1077571097897632,Sector 1,105.13699470735446,0.0,0,0.1,2882939.7836348675,5564318.146971498,POINT (2882939.7836348675 5564318.146971498),25.897888708354273,44.63548946934043,0.0,0.0,1.0,0.0
37,37,110.75710978971004,0.11075710978971,Sector 1,105.13699474526038,0.0,0,0.1,2882941.645399014,5564318.207245688,POINT (2882941.645399014 5564318.207245688),25.897905432866157,44.63548985463298,0.0,0.0,1.0,0.0
38,38,113.75710978965684,0.1137571097896568,Sector 1,105.13699474294332,0.0,0,0.1,2882943.50716316,5564318.267519881,POINT (2882943.50716316 5564318.267519881),25.897922157378034,44.635490239925545,0.0,0.0,1.0,0.0
39,39,116.75710978960365,0.1167571097896036,Sector 1,105.13699473110938,0.0,0,0.1,2882945.3689273065,5564318.327794072,POINT (2882945.3689273065 5564318.327794072),25.897938881889917,44.6354906252181,0.0,0.0,1.0,0.0
40,40,119.75710978955046,0.1197571097895504,Sector 1,105.1369947287924,0.0,0,0.1,2882947.2306914525,5564318.388068263,POINT (2882947.2306914525 5564318.388068263),25.897955606401794,44.63549101051064,0.0,0.0,1.0,0.0
41,41,122.75710978949726,0.1227571097894972,Sector 1,103.17382464922063,0.0,0,0.1,2882949.0924555985,5564318.448342455,POINT (2882949.0924555985 5564318.448342455),25.89797233091367,44.63549139580319,0.0,0.0,1.0,0.0
42,42,125.74051142531074,0.1257405114253107,Sector 1,84.7801077304689,0.0,0,0.1,2882950.943918999,5564318.508283163,POINT (2882950.943918999 5564318.508283163),25.897988962892377,44.635491778964,0.0,0.0,1.0,0.0
43,43,128.74051142548234,0.1287405114254823,Sector 1,84.78010772519383,0.0,0,0.1,2882952.805683145,5564318.568557356,POINT (2882952.805683145 5564318.568557356),25.898005687404254,44.63549216425655,0.0,0.0,1.0,0.0
44,44,131.74051142527492,0.1317405114252749,Sector 1,84.78010772114914,0.0,0,0.1,2882954.6674472913,5564318.628831547,POINT (2882954.6674472913 5564318.628831547),25.898022411916138,44.63549254954909,0.0,0.0,1.0,0.0
45,45,134.7405114254465,0.1347405114254465,Sector 1,84.78010774303311,0.0,0,0.1,2882956.5292114373,5564318.689105739,POINT (2882956.5292114373 5564318.689105739),25.898039136428014,44.63549293484163,0.0,0.0,1.0,0.0
46,46,137.74051142523908,0.137740511425239,Sector 1,84.78010775914515,0.0,0,0.1,2882958.3909755833,5564318.749379932,POINT (2882958.3909755833 5564318.749379932),25.898055860939895,44.63549332013418,0.0,0.0,1.0,0.0
47,47,140.74051142541066,0.1407405114254106,Sector 1,76.66323641453221,0.0,0,0.1,2882960.25273973,5564318.809654124,POINT (2882960.25273973 5564318.809654124),25.898072585451775,44.63549370542672,0.0,0.0,1.0,0.0
48,48,143.6482647462946,0.1436482647462946,Sector 1,51.84051161896332,0.0,0,0.1,2882962.0572566898,5564318.86807495,POINT (2882962.0572566898 5564318.86807495),25.89808879570343,44.63549407887193,0.0,0.0,1.0,0.0
49,49,146.64826474614844,0.1466482647461484,Sector 1,51.84051165571992,0.0,0,0.1,2882963.919020836,5564318.928349143,POINT (2882963.919020836 5564318.928349143),25.89810552021531,44.63549446416446,0.0,0.0,1.0,0.0
50,50,149.64826474621154,0.1496482647462115,Sector 1,51.84051159775288,0.0,0,0.1,2882965.7807849823,5564318.988623335,POINT (2882965.7807849823 5564318.988623335),25.89812224472719,44.635494849457,0.0,0.0,1.0,0.0
51,51,152.64826474627463,0.1526482647462746,Sector 1,51.84051162285971,0.0,0,0.1,2882967.6425491283,5564319.048897526,POINT (2882967.6425491283 5564319.048897526),25.89813896923907,44.63549523474951,0.0,0.0,1.0,0.0
52,52,155.64826474633773,0.1556482647463377,Sector 1,51.84051164467263,0.0,0,0.1,2882969.5043132743,5564319.109171718,POINT (2882969.5043132743 5564319.109171718),25.898155693750947,44.635495620042036,0.0,0.0,1.0,0.0
53,53,158.6482647458254,0.1586482647458254,Sector 1,51.84051162912647,0.0,0,0.1,2882971.3660774203,5564319.16944591,POINT (2882971.3660774203 5564319.16944591),25.898172418262824,44.63549600533455,0.0,0.0,1.0,0.0
54,54,161.64826474625465,0.1616482647462546,Sector 1,51.84051162016806,0.0,0,0.1,2882973.2278415672,5564319.229720101,POINT (2882973.2278415672 5564319.229720101),25.89818914277471,44.63549639062707,0.0,0.0,1.0,0.0
55,55,164.64826474631775,0.1646482647463177,Sector 1,51.84051162285937,0.0,0,0.1,2882975.0896057137,5564319.289994294,POINT (2882975.0896057137 5564319.289994294),25.898205867286595,44.63549677591959,0.0,0.0,1.0,0.0
56,56,167.64826474638085,0.1676482647463808,Sector 1,16.800868835419692,0.0,0,0.1,2882976.9513698597,5564319.350268486,POINT (2882976.9513698597 5564319.350268486),25.898222591798472,44.6354971612121,0.0,0.0,1.0,0.0
57,57,170.62297843807403,0.170622978438074,Sector 1,15.264664874644213,0.0,0,0.1,2882978.797441625,5564319.41003464,POINT (2882978.797441625 5564319.41003464),25.898239175343296,44.63549754325707,0.0,0.0,1.0,0.0
58,58,173.62297843854458,0.1736229784385445,Sector 1,15.264664890083113,0.0,0,0.1,2882980.659205772,5564319.470308832,POINT (2882980.659205772 5564319.470308832),25.898255899855183,44.635497928549576,0.0,0.0,1.0,0.0
59,59,176.62297843811666,0.1766229784381166,Sector 1,15.264664877464211,0.0,0,0.1,2882982.520969918,5564319.530583023,POINT (2882982.520969918 5564319.530583023),25.89827262436706,44.63549831384208,0.0,0.0,1.0,0.0
60,60,179.6229784385872,0.1796229784385872,Sector 1,15.264664873870515,0.0,0,0.1,2882984.3827340645,5564319.590857216,POINT (2882984.3827340645 5564319.590857216),25.89828934887894,44.63549869913459,0.0,0.0,1.0,0.0
61,61,182.6229784381593,0.1826229784381593,Sector 1,15.264664882785894,0.0,0,0.1,2882986.2444982105,5564319.651131408,POINT (2882986.2444982105 5564319.651131408),25.89830607339082,44.63549908442709,0.0,0.0,1.0,0.0
62,62,185.62297843862984,0.1856229784386298,Sector 1,321.16244723573976,0.0,0,0.1,2882988.106262357,5564319.711405601,POINT (2882988.106262357 5564319.711405601),25.8983227979027,44.63549946971959,0.0,0.0,1.0,0.0
63,63,188.52129997511835,0.1885212999751183,Sector 1,317.2955276080078,0.0,0,0.1,2882989.9049260635,5564319.76963693,POINT (2882989.9049260635 5564319.76963693),25.898338955573685,44.63549984195344,0.0,0.0,1.0,0.0
64,64,191.5212999751048,0.1915212999751048,Sector 1,317.295527569471,0.0,0,0.1,2882991.7666902104,5564319.829911121,POINT (2882991.7666902104 5564319.829911121),25.898355680085572,44.63550022724593,0.0,0.0,1.0,0.0
65,65,194.5212999750913,0.1945212999750913,Sector 1,317.29552760182725,0.0,0,0.1,2882993.6284543565,5564319.890185314,POINT (2882993.6284543565 5564319.890185314),25.89837240459745,44.635500612538415,0.0,0.0,1.0,0.0
66,66,197.52129997507777,0.1975212999750777,Sector 1,306.0831412241138,0.0,0,0.1,2882995.4902185025,5564319.950459506,POINT (2882995.4902185025 5564319.950459506),25.89838912910933,44.63550099783091,0.0,0.0,1.0,0.0
67,67,200.32485583901075,0.2003248558390107,Sector 1,268.0312510125151,0.0,0,0.1,2882997.230071766,5564320.00678686,POINT (2882997.230071766 5564320.00678686),25.898404758477113,44.6355013578939,0.0,0.0,1.0,0.0
68,68,203.3248558390765,0.2033248558390765,Sector 1,268.0312509868993,0.0,0,0.1,2882999.091835912,5564320.067061052,POINT (2882999.091835912 5564320.067061052),25.898421482988994,44.63550174318639,0.0,0.0,1.0,0.0
69,69,206.32485583911023,0.2063248558391102,Sector 1,268.0312509812068,0.0,0,0.1,2883000.9536000583,5564320.127335245,POINT (2883000.9536000583 5564320.127335245),25.898438207500874,44.63550212847887,0.0,0.0,1.0,0.0
70,70,209.324855839176,0.2093248558391759,Sector 1,268.0312510225345,0.0,0,0.1,2883002.8153642043,5564320.187609436,POINT (2883002.8153642043 5564320.187609436),25.89845493201275,44.63550251377135,0.0,0.0,1.0,0.0
71,71,212.32485583920976,0.2123248558392097,Sector 1,268.03125101637727,0.0,0,0.1,2883004.6771283513,5564320.247883625,POINT (2883004.6771283513 5564320.247883625),25.898471656524638,44.63550289906381,0.0,0.0,1.0,0.0
72,72,215.3248558392755,0.2153248558392755,Sector 1,268.0312510099878,0.0,0,0.1,2883006.5388924973,5564320.308157818,POINT (2883006.5388924973 5564320.308157818),25.89848838103652,44.63550328435629,0.0,0.0,1.0,0.0
73,73,218.3248558393093,0.2183248558393092,Sector 1,268.0312509945659,0.0,0,0.1,2883008.400656644,5564320.368432012,POINT (2883008.400656644 5564320.368432012),25.8985051055484,44.63550366964877,0.0,0.0,1.0,0.0
74,74,221.324855839375,0.221324855839375,Sector 1,268.0312510263966,0.0,0,0.1,2883010.26242079,5564320.428706203,POINT (2883010.26242079 5564320.428706203),25.898521830060275,44.63550405494122,0.0,0.0,1.0,0.0
75,75,224.3248558394088,0.2243248558394087,Sector 1,268.03125097228985,0.0,0,0.1,2883012.1241849363,5564320.488980396,POINT (2883012.1241849363 5564320.488980396),25.89853855457216,44.635504440233696,0.0,0.0,1.0,0.0
76,76,227.32485583900916,0.2273248558390091,Sector 1,268.0312510328439,0.0,0,0.1,2883013.985949082,5564320.549254587,POINT (2883013.985949082 5564320.549254587),25.898555279084032,44.635504825526155,0.0,0.0,1.0,0.0
77,77,230.3248558390429,0.2303248558390428,Sector 1,268.03125101742205,0.0,0,0.1,2883015.8477132283,5564320.609528779,POINT (2883015.8477132283 5564320.609528779),25.898572003595916,44.63550521081861,0.0,0.0,1.0,0.0
78,78,233.32485583907663,0.2333248558390766,Sector 1,268.0312509827738,0.0,0,0.1,2883017.709477375,5564320.669802971,POINT (2883017.709477375 5564320.669802971),25.898588728107796,44.635505596111074,0.0,0.0,1.0,0.0
79,79,236.3248558391424,0.2363248558391424,Sector 1,268.0312510238693,0.0,0,0.1,2883019.5712415213,5564320.730077164,POINT (2883019.5712415213 5564320.730077164),25.89860545261968,44.63550598140354,0.0,0.0,1.0,0.0
80,80,239.32485583917617,0.2393248558391761,Sector 1,268.0312509989504,0.0,0,0.1,2883021.4330056673,5564320.790351356,POINT (2883021.4330056673 5564320.790351356),25.898622177131557,44.63550636669599,0.0,0.0,1.0,0.0
81,81,242.3248558392419,0.2423248558392419,Sector 1,268.0312510208196,0.0,0,0.1,2883023.294769814,5564320.850625548,POINT (2883023.294769814 5564320.850625548),25.89863890164344,44.63550675198844,0.0,0.0,1.0,0.0
82,82,245.32485583927567,0.2453248558392756,Sector 1,268.031250996133,0.0,0,0.1,2883025.15653396,5564320.910899739,POINT (2883025.15653396 5564320.910899739),25.898655626155318,44.635507137280875,0.0,0.0,1.0,0.0
83,83,248.3248558393414,0.2483248558393414,Sector 1,268.0312509994728,0.0,0,0.1,2883027.0182981063,5564320.97117393,POINT (2883027.0182981063 5564320.97117393),25.898672350667198,44.63550752257332,0.0,0.0,1.0,0.0
84,84,251.3248558393752,0.2513248558393752,Sector 1,268.03125101230955,0.0,0,0.1,2883028.8800622523,5564321.031448123,POINT (2883028.8800622523 5564321.031448123),25.898689075179078,44.635507907865765,0.0,0.0,1.0,0.0
85,85,254.3248558394409,0.2543248558394409,Sector 1,268.0312510056877,0.0,0,0.1,2883030.741826399,5564321.091722315,POINT (2883030.741826399 5564321.091722315),25.898705799690966,44.6355082931582,0.0,0.0,1.0,0.0
86,86,257.3248558390093,0.2573248558390092,Sector 1,268.0312509999951,0.0,0,0.1,2883032.603590545,5564321.151996506,POINT (2883032.603590545 5564321.151996506),25.89872252420284,44.63550867845064,0.0,0.0,1.0,0.0
87,87,260.32485583907504,0.260324855839075,Sector 1,268.0312510031026,0.0,0,0.1,2883034.4653546913,5564321.2122706985,POINT (2883034.4653546913 5564321.2122706985),25.89873924871472,44.63550906374307,0.0,0.0,1.0,0.0
88,88,263.3248558391088,0.2633248558391088,Sector 1,268.0312509876807,0.0,0,0.1,2883036.3271188373,5564321.272544891,POINT (2883036.3271188373 5564321.272544891),25.898755973226596,44.63550944903551,0.0,0.0,1.0,0.0
89,89,266.3248558391746,0.2663248558391746,Sector 1,268.03125101001444,0.0,0,0.1,2883038.1888829838,5564321.332819083,POINT (2883038.1888829838 5564321.332819083),25.89877269773848,44.63550983432794,0.0,0.0,1.0,0.0
90,90,269.32485583920834,0.2693248558392083,Sector 1,268.03125100362496,0.0,0,0.1,2883040.05064713,5564321.393093275,POINT (2883040.05064713 5564321.393093275),25.898789422250356,44.635510219620365,0.0,0.0,1.0,0.0
91,91,272.3248558392741,0.2723248558392741,Sector 1,268.03125099770006,0.0,0,0.1,2883041.9124112763,5564321.453367467,POINT (2883041.9124112763 5564321.453367467),25.89880614676224,44.63551060491279,0.0,0.0,1.0,0.0
92,92,275.3248558393079,0.2753248558393079,Sector 1,268.03125101007225,0.0,0,0.1,2883043.7741754223,5564321.513641659,POINT (2883043.7741754223 5564321.513641659),25.898822871274117,44.63551099020521,0.0,0.0,1.0,0.0
93,93,278.32485583937364,0.2783248558393736,Sector 1,268.03125100437967,0.0,0,0.1,2883045.635939569,5564321.573915851,POINT (2883045.635939569 5564321.573915851),25.898839595786004,44.63551137549763,0.0,0.0,1.0,0.0
94,94,281.3248558394074,0.2813248558394074,Sector 1,268.0312509789961,0.0,0,0.1,2883047.497703715,5564321.6341900425,POINT (2883047.497703715 5564321.6341900425),25.89885632029788,44.635511760790045,0.0,0.0,1.0,0.0
95,95,284.3248558390078,0.2843248558390078,Sector 1,268.0312510300532,0.0,0,0.1,2883049.3594678612,5564321.694464234,POINT (2883049.3594678612 5564321.694464234),25.89887304480976,44.635512146082455,0.0,0.0,1.0,0.0
96,96,287.3248558390416,0.2873248558390415,Sector 1,268.03125099517274,0.0,0,0.1,2883051.2212320073,5564321.754738426,POINT (2883051.2212320073 5564321.754738426),25.898889769321638,44.63551253137487,0.0,0.0,1.0,0.0
97,97,290.32485583910733,0.2903248558391073,Sector 1,268.0312510272357,0.0,0,0.1,2883053.0829961537,5564321.815012619,POINT (2883053.0829961537 5564321.815012619),25.89890649383352,44.63551291666728,0.0,0.0,1.0,0.0
98,98,293.3248558391411,0.2933248558391411,Sector 1,268.03125101134924,0.0,0,0.1,2883054.9447602998,5564321.875286808,POINT (2883054.9447602998 5564321.875286808),25.8989232183454,44.63551330195967,0.0,0.0,1.0,0.0
99,99,296.32485583920686,0.2963248558392068,Sector 1,268.03125100542434,0.0,0,0.1,2883056.8065244462,5564321.935561,POINT (2883056.8065244462 5564321.935561),25.89893994285728,44.63551368725208,0.0,0.0,1.0,0.0
100,100,299.3248558392406,0.2993248558392406,Sector 1,268.0312509897702,0.0,0,0.1,2883058.6682885922,5564321.9958351925,POINT (2883058.6682885922 5564321.9958351925),25.898956667369156,44.635514072544474,0.0,0.0,1.0,0.0
101,101,302.3248558393064,0.3023248558393064,Sector 1,268.03125102136863,0.0,0,0.1,2883060.530052739,5564322.056109386,POINT (2883060.530052739 5564322.056109386),25.898973391881043,44.635514457836884,0.0,0.0,1.0,0.0
102,102,305.32485583934016,0.3053248558393401,Sector 1,268.0312510059468,0.0,0,0.1,2883062.391816885,5564322.116383578,POINT (2883062.391816885 5564322.116383578),25.898990116392923,44.63551484312928,0.0,0.0,1.0,0.0
103,103,308.3248558394059,0.3083248558394059,Sector 1,268.03125098056324,0.0,0,0.1,2883064.2535810317,5564322.176657769,POINT (2883064.2535810317 5564322.176657769),25.899006840904804,44.635515228421674,0.0,0.0,1.0,0.0
104,104,311.3248558394397,0.3113248558394397,Sector 1,268.0312509931677,0.0,0,0.1,2883066.1153451777,5564322.236931961,POINT (2883066.1153451777 5564322.236931961),25.89902356541668,44.63551561371406,0.0,0.0,1.0,0.0
105,105,314.3248558390401,0.3143248558390401,Sector 1,261.25626474164284,0.0,0,0.1,2883067.97709263,5564322.297716972,POINT (2883067.97709263 5564322.297716972),25.8990402897786,44.63551600227177,0.0,0.0,1.0,0.0
106,106,317.3208052001169,0.3173208052001169,Sector 1,259.94847732665045,0.0,0,0.1,2883069.8362980373,5564322.359217353,POINT (2883069.8362980373 5564322.359217353),25.899056991304935,44.63551639540236,0.0,0.0,1.0,0.0
107,107,320.32080520016035,0.3203208052001604,Sector 1,259.9484773132798,0.0,0,0.1,2883071.698000973,5564322.421232402,POINT (2883071.698000973 5564322.421232402),25.899073715266955,44.63551679182287,0.0,0.0,1.0,0.0
108,108,323.32080520004126,0.3233208052000412,Sector 1,259.9484773385162,0.0,0,0.1,2883073.559703909,5564322.483247452,POINT (2883073.559703909 5564322.483247452),25.89909043922897,44.635517188243384,0.0,0.0,1.0,0.0
109,109,326.3208052000847,0.3263208052000847,Sector 1,249.0780237968435,0.0,0,0.1,2883075.4214068446,5564322.545262502,POINT (2883075.4214068446 5564322.545262502),25.899107163190987,44.6355175846639,0.0,0.0,1.0,0.0
110,110,329.1653769890112,0.3291653769890111,Sector 1,217.84701626069773,0.0,0,0.1,2883077.186656062,5564322.6040645875,POINT (2883077.186656062 5564322.6040645875),25.89912302069451,44.63551796054609,0.0,0.0,1.0,0.0
111,111,332.1653769887231,0.3321653769887231,Sector 1,217.8470162745193,0.0,0,0.1,2883079.0483589973,5564322.666079637,POINT (2883079.0483589973 5564322.666079637),25.899139744656523,44.63551835696659,0.0,0.0,1.0,0.0
112,112,335.165376988435,0.335165376988435,Sector 1,213.0571942043136,0.0,0,0.1,2883080.910061933,5564322.728094686,POINT (2883080.910061933 5564322.728094686),25.89915646861854,44.63551875338709,0.0,0.0,1.0,0.0
113,113,338.13340880507474,0.3381334088050747,Sector 1,198.4602523023881,0.0,0,0.1,2883082.751926449,5564322.789448898,POINT (2883082.751926449 5564322.789448898),25.899173014368998,44.6355191455833,0.0,0.0,1.0,0.0
114,114,341.13340880467814,0.3411334088046781,Sector 1,198.46025231411883,0.0,0,0.1,2883084.613629385,5564322.851463946,POINT (2883084.613629385 5564322.851463946),25.899189738331017,44.635519542003784,0.0,0.0,1.0,0.0
115,115,344.13340880516495,0.3441334088051649,Sector 1,198.46025229758044,0.0,0,0.1,2883086.475332321,5564322.913478995,POINT (2883086.475332321 5564322.913478995),25.899206462293037,44.635519938424274,0.0,0.0,1.0,0.0
116,116,347.1334088046209,0.3471334088046209,Sector 1,197.35585866595503,0.0,0,0.1,2883088.3370352564,5564322.975494044,POINT (2883088.3370352564 5564322.975494044),25.89922318625505,44.63552033484476,0.0,0.0,1.0,0.0
117,117,350.125290118259,0.350125290118259,Sector 1,181.35093174218375,0.0,0,0.1,2883090.1936999983,5564323.037341266,POINT (2883090.1936999983 5564323.037341266),25.899239864958197,44.63552073019244,0.0,0.0,1.0,0.0
118,118,353.12529011838626,0.3531252901183863,Sector 1,181.35093176278733,0.0,0,0.1,2883092.0554029346,5564323.099356314,POINT (2883092.0554029346 5564323.099356314),25.89925658892022,44.635521126612915,0.0,0.0,1.0,0.0
119,119,356.12529011851353,0.3561252901185135,Sector 1,181.35093174171,0.0,0,0.1,2883093.9171058703,5564323.161371364,POINT (2883093.9171058703 5564323.161371364),25.899273312882237,44.635521523033404,0.0,0.0,1.0,0.0
120,120,359.12529011862983,0.3591252901186298,Sector 1,181.35093174856925,0.0,0,0.1,2883095.7788088066,5564323.223386413,POINT (2883095.7788088066 5564323.223386413),25.89929003684426,44.635521919453886,0.0,0.0,1.0,0.0
121,121,362.1252901187571,0.3621252901187571,Sector 1,181.35093174956452,0.0,0,0.1,2883097.6404432626,5564323.287360064,POINT (2883097.6404432626 5564323.287360064),25.899306760191113,44.63552232839437,0.0,0.0,1.0,0.0
122,122,365.1252901188844,0.3651252901188844,Sector 1,181.35093175552768,0.0,0,0.1,2883099.5018513226,5564323.3577692835,POINT (2883099.5018513226 5564323.3577692835),25.899323481504215,44.63552277847313,0.0,0.0,1.0,0.0
123,123,368.1252901180806,0.3681252901180806,Sector 1,181.3509317551788,0.0,0,0.1,2883101.363172633,5564323.430452959,POINT (2883101.363172633 5564323.430452959),25.899340202038033,44.635523243090944,0.0,0.0,1.0,0.0
124,124,371.1252901182079,0.3711252901182079,Sector 1,181.35093174896585,0.0,0,0.1,2883103.224493944,5564323.503136637,POINT (2883103.224493944 5564323.503136637),25.899356922571858,44.63552370770878,0.0,0.0,1.0,0.0
125,125,374.1252901183352,0.3741252901183352,Sector 1,181.3509317486169,0.0,0,0.1,2883105.085815255,5564323.575820312,POINT (2883105.085815255 5564323.575820312),25.89937364310568,44.63552417232658,0.0,0.0,1.0,0.0
126,126,377.1252901184624,0.3771252901184624,Sector 1,181.3509317557002,0.0,0,0.1,2883106.9471365656,5564323.648503987,POINT (2883106.9471365656 5564323.648503987),25.8993903636395,44.63552463694438,0.0,0.0,1.0,0.0
127,127,380.1252901185897,0.3801252901185897,Sector 1,181.3509317490392,0.0,0,0.1,2883108.8084578766,5564323.721187663,POINT (2883108.8084578766 5564323.721187663),25.899407084173323,44.63552510156219,0.0,0.0,1.0,0.0
128,128,383.125290118717,0.383125290118717,Sector 1,181.3509317554504,0.0,0,0.1,2883110.6697791875,5564323.7938713385,POINT (2883110.6697791875 5564323.7938713385),25.899423804707144,44.63552556617999,0.0,0.0,1.0,0.0
129,129,386.12529011884425,0.3861252901188442,Sector 1,181.3509317429254,0.0,0,0.1,2883112.5311004985,5564323.866555015,POINT (2883112.5311004985 5564323.866555015),25.89944052524097,44.635526030797784,0.0,0.0,1.0,0.0
130,130,389.1252901180405,0.3891252901180405,Sector 1,181.35093175497653,0.0,0,0.1,2883114.3924218086,5564323.939238691,POINT (2883114.3924218086 5564323.939238691),25.89945724577478,44.635526495415576,0.0,0.0,1.0,0.0
131,131,392.12529011816775,0.3921252901181677,Sector 1,181.3509317489876,0.0,0,0.1,2883116.2537431195,5564324.011922367,POINT (2883116.2537431195 5564324.011922367),25.899473966308605,44.63552696003337,0.0,0.0,1.0,0.0
132,132,395.12529011828406,0.395125290118284,Sector 1,181.35093174908675,0.0,0,0.1,2883118.1150644305,5564324.084606042,POINT (2883118.1150644305 5564324.084606042),25.89949068684243,44.63552742465115,0.0,0.0,1.0,0.0
133,133,398.1252901184113,0.3981252901184113,Sector 1,181.3509317482897,0.0,0,0.1,2883119.9763857415,5564324.157289717,POINT (2883119.9763857415 5564324.157289717),25.89950740737625,44.63552788926893,0.0,0.0,1.0,0.0
134,134,401.1252901185386,0.4011252901185386,Sector 1,181.35093175537293,0.0,0,0.1,2883121.8377070525,5564324.229973394,POINT (2883121.8377070525 5564324.229973394),25.899524127910077,44.63552835388671,0.0,0.0,1.0,0.0
135,135,404.1252901186659,0.4041252901186659,Sector 1,181.35093174893595,0.0,0,0.1,2883123.699028363,5564324.30265707,POINT (2883123.699028363 5564324.30265707),25.899540848443895,44.63552881850448,0.0,0.0,1.0,0.0
136,136,407.1252901187932,0.4071252901187931,Sector 1,181.3509317555712,0.0,0,0.1,2883125.5603496744,5564324.375340746,POINT (2883125.5603496744 5564324.375340746),25.89955756897772,44.63552928312225,0.0,0.0,1.0,0.0
137,137,410.1252901189204,0.4101252901189204,Sector 1,181.35093174935812,0.0,0,0.1,2883127.421670985,5564324.448024423,POINT (2883127.421670985 5564324.448024423),25.89957428951154,44.63552974774003,0.0,0.0,1.0,0.0
138,138,413.1252901181167,0.4131252901181166,Sector 1,181.35093175554528,0.0,0,0.1,2883129.2829922955,5564324.520708097,POINT (2883129.2829922955 5564324.520708097),25.89959101004536,44.635530212357786,0.0,0.0,1.0,0.0
139,139,416.1252901182439,0.4161252901182439,Sector 1,202.27380154982924,0.0,0,0.1,2883131.144313606,5564324.593391773,POINT (2883131.144313606 5564324.593391773),25.89960773057918,44.63553067697555,0.0,0.0,1.0,0.0
140,140,418.9697712642629,0.4189697712642629,Sector 1,218.6750658424091,0.0,0,0.1,2883132.9091447312,5564324.662307556,POINT (2883132.9091447312 5564324.662307556),25.899623584326918,44.635531117507696,0.0,0.0,1.0,0.0
141,141,421.9697712637913,0.4219697712637913,Sector 1,218.67506583849487,0.0,0,0.1,2883134.7704660418,5564324.734991231,POINT (2883134.7704660418 5564324.734991231),25.899640304860732,44.635531582125445,0.0,0.0,1.0,0.0
142,142,424.9697712640468,0.4249697712640468,Sector 1,218.67506583589864,0.0,0,0.1,2883136.6317873527,5564324.807674906,POINT (2883136.6317873527 5564324.807674906),25.899657025394557,44.63553204674319,0.0,0.0,1.0,0.0
143,143,427.9697712643023,0.4279697712643023,Sector 1,218.67506585639583,0.0,0,0.1,2883138.493108664,5564324.880358582,POINT (2883138.493108664 5564324.880358582),25.899673745928386,44.635532511360935,0.0,0.0,1.0,0.0
144,144,430.9697712638308,0.4309697712638307,Sector 1,161.57064441473983,0.0,0,0.1,2883140.354429974,5564324.953042259,POINT (2883140.354429974 5564324.953042259),25.899690466462197,44.635532975978684,0.0,0.0,1.0,0.0
145,145,432.3628516500789,0.4323628516500789,Sector 1,93.75033116501612,0.0,0,0.1,2883141.218753378,5564324.986793659,POINT (2883141.218753378 5564324.986793659),25.89969823081144,44.63553319172862,0.0,0.0,1.0,0.0
146,146,435.36285165039794,0.4353628516503979,Sector 1,93.7503310841828,0.0,0,0.1,2883143.080092079,5564325.059024738,POINT (2883143.080092079 5564325.059024738),25.89971495150148,44.635533653453216,0.0,0.0,1.0,0.0
147,147,438.3628516501913,0.4383628516501913,Sector 1,93.75033113565718,0.0,0,0.1,2883144.941450257,5564325.130712661,POINT (2883144.941450257 5564325.130712661),25.89973167236648,44.635534111705766,0.0,0.0,1.0,0.0
148,148,441.3628516504494,0.4413628516504493,Sector 1,93.75033110267684,0.0,0,0.1,2883146.802814487,5564325.202228555,POINT (2883146.802814487 5564325.202228555),25.899748393285858,44.63553456885866,0.0,0.0,1.0,0.0
149,149,444.3628516502428,0.4443628516502427,Sector 1,93.75033109725835,0.0,0,0.1,2883148.664178717,5564325.27374445,POINT (2883148.664178717 5564325.27374445),25.899765114205227,44.635535026011546,0.0,0.0,1.0,0.0
150,150,447.3628516500361,0.4473628516500361,Sector 1,93.75033112117092,0.0,0,0.1,2883150.5255429465,5564325.3452603435,POINT (2883150.5255429465 5564325.3452603435),25.899781835124596,44.63553548316442,0.0,0.0,1.0,0.0
151,151,450.3628516503552,0.4503628516503551,Sector 1,93.7503310782662,0.0,0,0.1,2883152.3869071766,5564325.416776238,POINT (2883152.3869071766 5564325.416776238),25.899798556043965,44.6355359403173,0.0,0.0,1.0,0.0
152,152,453.3628516501485,0.4533628516501485,Sector 1,93.75033113922268,0.0,0,0.1,2883154.248271406,5564325.488292132,POINT (2883154.248271406 5564325.488292132),25.899815276963334,44.63553639747017,0.0,0.0,1.0,0.0
153,153,456.3628516504066,0.4563628516504066,Sector 1,93.75033109676023,0.0,0,0.1,2883156.109635636,5564325.559808026,POINT (2883156.109635636 5564325.559808026),25.899831997882707,44.635536854623034,0.0,0.0,1.0,0.0
154,154,459.3628516502,0.4593628516501999,Sector 1,93.75033110126616,0.0,0,0.1,2883157.9709998663,5564325.63132392,POINT (2883157.9709998663 5564325.63132392),25.899848718802076,44.6355373117759,0.0,0.0,1.0,0.0
155,155,462.3628516499933,0.4623628516499933,Sector 1,93.75033108636558,0.0,0,0.1,2883159.832364096,5564325.702839815,POINT (2883159.832364096 5564325.702839815),25.899865439721445,44.635537768928764,0.0,0.0,1.0,0.0
156,156,465.36285165031234,0.4653628516503123,Sector 1,93.7503311391668,0.0,0,0.1,2883161.693728326,5564325.77435571,POINT (2883161.693728326 5564325.77435571),25.899882160640814,44.63553822608163,0.0,0.0,1.0,0.0
157,157,468.3628516501057,0.4683628516501057,Sector 1,93.75033112382393,0.0,0,0.1,2883163.5550925555,5564325.845871602,POINT (2883163.5550925555 5564325.845871602),25.899898881560183,44.63553868323447,0.0,0.0,1.0,0.0
158,158,471.3628516503638,0.4713628516503638,Sector 1,93.7503310908436,0.0,0,0.1,2883165.416456786,5564325.917387496,POINT (2883165.416456786 5564325.917387496),25.89991560247956,44.635539140387316,0.0,0.0,1.0,0.0
159,159,474.3628516501572,0.4743628516501572,Sector 1,93.75033110438936,0.0,0,0.1,2883167.2778210156,5564325.98890339,POINT (2883167.2778210156 5564325.98890339),25.89993232339893,44.635539597540166,0.0,0.0,1.0,0.0
160,160,477.3628516504152,0.4773628516504152,Sector 1,90.5074072860118,0.0,0,0.1,2883169.1391852456,5564326.060419285,POINT (2883169.1391852456 5564326.060419285),25.899949044318298,44.63554005469301,0.0,0.0,1.0,0.0
161,161,480.3511793577159,0.4803511793577159,Sector 1,82.62936758137852,0.0,0,0.1,2883170.9933073465,5564326.131656927,POINT (2883170.9933073465 5564326.131656927),25.899965700180516,44.63554051006718,0.0,0.0,1.0,0.0
162,162,483.3511793579292,0.4833511793579292,Sector 1,82.62936754390216,0.0,0,0.1,2883172.854671576,5564326.203172822,POINT (2883172.854671576 5564326.203172822),25.899982421099885,44.63554096722002,0.0,0.0,1.0,0.0
163,163,486.3511793578001,0.4863511793578001,Sector 1,82.62936756730699,0.0,0,0.1,2883174.716035806,5564326.274688715,POINT (2883174.716035806 5564326.274688715),25.899999142019258,44.635541424372846,0.0,0.0,1.0,0.0
164,164,489.3511793580134,0.4893511793580133,Sector 1,82.62936755636758,0.0,0,0.1,2883176.5774000357,5564326.346204609,POINT (2883176.5774000357 5564326.346204609),25.900015862938623,44.63554188152567,0.0,0.0,1.0,0.0
165,165,492.3511793578843,0.4923511793578843,Sector 1,76.12061727659835,0.0,0,0.1,2883178.4387642657,5564326.417720501,POINT (2883178.4387642657 5564326.417720501),25.900032583857996,44.63554233867849,0.0,0.0,1.0,0.0
166,166,495.34696510480507,0.4953469651048051,Sector 1,74.70419553700162,0.0,0,0.1,2883180.2975137425,5564326.489135934,POINT (2883180.2975137425 5564326.489135934),25.900049281288638,44.63554279518913,0.0,0.0,1.0,0.0
167,167,498.34696510516346,0.4983469651051634,Sector 1,74.70419550519341,0.0,0,0.1,2883182.1588779725,5564326.560651829,POINT (2883182.1588779725 5564326.560651829),25.90006600220801,44.635543252341954,0.0,0.0,1.0,0.0
168,168,501.3469651050727,0.5013469651050727,Sector 1,74.70419550469717,0.0,0,0.1,2883184.020242202,5564326.632167722,POINT (2883184.020242202 5564326.632167722),25.900082723127376,44.63554370949476,0.0,0.0,1.0,0.0
169,169,504.3469651049819,0.5043469651049819,Sector 1,74.70419553705011,0.0,0,0.1,2883185.881606432,5564326.703683618,POINT (2883185.881606432 5564326.703683618),25.90009944404675,44.635544166647584,0.0,0.0,1.0,0.0
170,170,507.3469651048911,0.5073469651048911,Sector 1,74.70419553833773,0.0,0,0.1,2883187.742970662,5564326.775199511,POINT (2883187.742970662 5564326.775199511),25.90011616496612,44.63554462380038,0.0,0.0,1.0,0.0
171,171,510.3469651048004,0.5103469651048004,Sector 1,74.70419553581098,0.0,0,0.1,2883189.604334892,5564326.846715406,POINT (2883189.604334892 5564326.846715406),25.900132885885487,44.635545080953186,0.0,0.0,1.0,0.0
172,172,513.3469651051588,0.5133469651051588,Sector 1,74.70419550960094,0.0,0,0.1,2883191.465699122,5564326.918231299,POINT (2883191.465699122 5564326.918231299),25.90014960680486,44.63554553810599,0.0,0.0,1.0,0.0
173,173,516.3469651050681,0.5163469651050681,Sector 1,74.70419554017008,0.0,0,0.1,2883193.327063352,5564326.989747194,POINT (2883193.327063352 5564326.989747194),25.90016632772423,44.63554599525879,0.0,0.0,1.0,0.0
174,174,519.3469651049774,0.5193469651049774,Sector 1,74.7041955083618,0.0,0,0.1,2883195.1884275815,5564327.061263088,POINT (2883195.1884275815 5564327.061263088),25.900183048643598,44.63554645241158,0.0,0.0,1.0,0.0
175,175,522.3469651048866,0.5223469651048867,Sector 1,74.70419552619734,0.0,0,0.1,2883197.0497918115,5564327.132778982,POINT (2883197.0497918115 5564327.132778982),25.90019976956297,44.63554690956437,0.0,0.0,1.0,0.0
176,176,525.3469651047959,0.525346965104796,Sector 1,74.7041955254544,0.0,0,0.1,2883198.911156041,5564327.204294875,POINT (2883198.911156041 5564327.204294875),25.90021649048234,44.63554736671714,0.0,0.0,1.0,0.0
177,177,528.3469651051544,0.5283469651051543,Sector 1,74.70419554150612,0.0,0,0.1,2883200.772520271,5564327.275810769,POINT (2883200.772520271 5564327.275810769),25.90023321140171,44.63554782386993,0.0,0.0,1.0,0.0
178,178,531.3469651050636,0.5313469651050636,Sector 1,74.70419548958222,0.0,0,0.1,2883202.633884501,5564327.347326663,POINT (2883202.633884501 5564327.347326663),25.90024993232108,44.63554828102271,0.0,0.0,1.0,0.0
179,179,534.3469651049729,0.5343469651049729,Sector 1,74.70419553110105,0.0,0,0.1,2883204.4952487308,5564327.418842557,POINT (2883204.4952487308 5564327.418842557),25.90026665324045,44.63554873817549,0.0,0.0,1.0,0.0
180,180,537.3469651048822,0.5373469651048822,Sector 1,74.70419552500653,0.0,0,0.1,2883206.356612961,5564327.490358451,POINT (2883206.356612961 5564327.490358451),25.90028337415982,44.63554919532825,0.0,0.0,1.0,0.0
181,181,540.3469651047915,0.5403469651047915,Sector 1,70.64647546228616,0.0,0,0.1,2883208.2179771904,5564327.561874345,POINT (2883208.2179771904 5564327.561874345),25.90030009507919,44.63554965248102,0.0,0.0,1.0,0.0
182,182,543.3432890978456,0.5433432890978456,Sector 1,68.66362728582078,0.0,0,0.1,2883210.0770606245,5564327.6333026085,POINT (2883210.0770606245 5564327.6333026085),25.90031679550982,44.63555010907362,0.0,0.0,1.0,0.0
183,183,546.3432890976723,0.5463432890976723,Sector 1,68.66362725239344,0.0,0,0.1,2883211.938424854,5564327.704818503,POINT (2883211.938424854 5564327.704818503),25.90033351642919,44.635550566226385,0.0,0.0,1.0,0.0
184,184,549.3432890978378,0.5493432890978378,Sector 1,68.66362728092452,0.0,0,0.1,2883213.799789084,5564327.7763343975,POINT (2883213.799789084 5564327.7763343975),25.90035023734856,44.635551023379136,0.0,0.0,1.0,0.0
185,185,552.3432890976644,0.5523432890976644,Sector 1,68.66362724110627,0.0,0,0.1,2883215.6611533137,5564327.847850291,POINT (2883215.6611533137 5564327.847850291),25.900366958267927,44.635551480531895,0.0,0.0,1.0,0.0
186,186,555.3432890982637,0.5553432890982637,Sector 1,68.66362727356795,0.0,0,0.1,2883217.522517544,5564327.919366185,POINT (2883217.522517544 5564327.919366185),25.900383679187303,44.63555193768464,0.0,0.0,1.0,0.0
187,187,558.3432890980903,0.5583432890980903,Sector 1,68.66362728439663,0.0,0,0.1,2883219.3838817743,5564327.990882078,POINT (2883219.3838817743 5564327.990882078),25.900400400106676,44.63555239483738,0.0,0.0,1.0,0.0
188,188,561.3432890979169,0.5613432890979169,Sector 1,68.66362725342952,0.0,0,0.1,2883221.245246004,5564328.062397973,POINT (2883221.245246004 5564328.062397973),25.90041712102604,44.63555285199013,0.0,0.0,1.0,0.0
189,189,564.3432890980824,0.5643432890980824,Sector 1,68.66362726425814,0.0,0,0.1,2883223.106610234,5564328.133913866,POINT (2883223.106610234 5564328.133913866),25.900433841945414,44.635553309142864,0.0,0.0,1.0,0.0
190,190,567.3432890979091,0.5673432890979091,Sector 1,68.66362726377531,0.0,0,0.1,2883224.9679744635,5564328.205429761,POINT (2883224.9679744635 5564328.205429761),25.90045056286478,44.635553766295594,0.0,0.0,1.0,0.0
191,191,570.3432890980746,0.5703432890980746,Sector 1,68.66362727706428,0.0,0,0.1,2883226.8293386935,5564328.276945656,POINT (2883226.8293386935 5564328.276945656),25.900467283784153,44.635554223448345,0.0,0.0,1.0,0.0
192,192,573.3432890979012,0.5733432890979012,Sector 1,68.66362725494832,0.0,0,0.1,2883228.690702923,5564328.34846155,POINT (2883228.690702923 5564328.34846155),25.900484004703518,44.63555468060106,0.0,0.0,1.0,0.0
193,193,576.3432890980667,0.5763432890980668,Sector 1,68.66362727609845,0.0,0,0.1,2883230.552067153,5564328.419977442,POINT (2883230.552067153 5564328.419977442),25.900500725622894,44.63555513775378,0.0,0.0,1.0,0.0
194,194,579.3432890978934,0.5793432890978933,Sector 1,68.66362728299646,0.0,0,0.1,2883232.4134313827,5564328.491493336,POINT (2883232.4134313827 5564328.491493336),25.90051744654226,44.6355555949065,0.0,0.0,1.0,0.0
195,195,582.34328909772,0.58234328909772,Sector 1,68.6636272407178,0.0,0,0.1,2883234.2747956133,5564328.563009231,POINT (2883234.2747956133 5564328.563009231),25.900534167461633,44.63555605205922,0.0,0.0,1.0,0.0
196,196,585.3432890978855,0.5853432890978856,Sector 1,68.66362728449099,0.0,0,0.1,2883236.136159843,5564328.634525127,POINT (2883236.136159843 5564328.634525127),25.900550888381,44.635556509211945,0.0,0.0,1.0,0.0
197,197,588.3432890977122,0.5883432890977122,Sector 1,68.66362725352377,0.0,0,0.1,2883237.9975240724,5564328.706041019,POINT (2883237.9975240724 5564328.706041019),25.90056760930037,44.635556966364646,0.0,0.0,1.0,0.0
198,198,591.3432890978777,0.5913432890978777,Sector 1,68.66362727320359,0.0,0,0.1,2883239.8588883025,5564328.777556914,POINT (2883239.8588883025 5564328.777556914),25.900584330219743,44.63555742351735,0.0,0.0,1.0,0.0
199,199,594.3432890977043,0.5943432890977043,Sector 1,68.66362723977608,0.0,0,0.1,2883241.7202525325,5564328.8490728075,POINT (2883241.7202525325 5564328.8490728075),25.900601051139112,44.635557880670056,0.0,0.0,1.0,0.0
200,200,597.3432890978698,0.5973432890978698,Sector 1,68.66362731010292,0.0,0,0.1,2883243.5816167626,5564328.920588701,POINT (2883243.5816167626 5564328.920588701),25.900617772058485,44.63555833782275,0.0,0.0,1.0,0.0
201,201,600.3432890976965,0.6003432890976965,Sector 1,68.66362726143325,0.0,0,0.1,2883245.442980992,5564328.9921045955,POINT (2883245.442980992 5564328.9921045955),25.900634492977854,44.635558794975445,0.0,0.0,1.0,0.0
202,202,603.343289097862,0.603343289097862,Sector 1,68.6636272835733,0.0,0,0.1,2883247.304345222,5564329.06362049,POINT (2883247.304345222 5564329.06362049),25.900651213897227,44.63555925212814,0.0,0.0,1.0,0.0
203,203,606.3432890981225,0.6063432890981224,Sector 1,68.66362727177881,0.0,0,0.1,2883249.165709452,5564329.135136385,POINT (2883249.165709452 5564329.135136385),25.900667934816592,44.635559709280834,0.0,0.0,1.0,0.0
204,204,609.3432890979491,0.6093432890979491,Sector 1,68.66362728506772,0.0,0,0.1,2883251.0270806006,5564329.206423661,POINT (2883251.0270806006 5564329.206423661),25.900684655798116,44.63556016497212,0.0,0.0,1.0,0.0
205,205,612.3432890981146,0.6123432890981146,Sector 1,68.66362727819381,0.0,0,0.1,2883252.888482826,5564329.276662789,POINT (2883252.888482826 5564329.276662789),25.9007013770588,44.6355606139633,0.0,0.0,1.0,0.0
206,206,615.3432890979412,0.6153432890979412,Sector 1,68.66362725361739,0.0,0,0.1,2883254.749906245,5564329.346029742,POINT (2883254.749906245 5564329.346029742),25.900718098509884,44.63556105737925,0.0,0.0,1.0,0.0
207,207,618.3432890981068,0.6183432890981068,Sector 1,68.66362727329721,0.0,0,0.1,2883256.611329665,5564329.415396696,POINT (2883256.611329665 5564329.415396696),25.900734819960967,44.635561500795205,0.0,0.0,1.0,0.0
208,208,621.3432890979334,0.6213432890979333,Sector 1,68.66362724872079,0.0,0,0.1,2883258.4727530843,5564329.484763652,POINT (2883258.4727530843 5564329.484763652),25.900751541412042,44.635561944211176,0.0,0.0,1.0,0.0
209,209,624.3432890980989,0.6243432890980989,Sector 1,68.66362727479151,0.0,0,0.1,2883260.334176504,5564329.554130606,POINT (2883260.334176504 5564329.554130606),25.900768262863124,44.63556238762713,0.0,0.0,1.0,0.0
210,210,627.3432890979255,0.6273432890979256,Sector 1,68.66362728562001,0.0,0,0.1,2883262.195599923,5564329.623497559,POINT (2883262.195599923 5564329.623497559),25.9007849843142,44.63556283104306,0.0,0.0,1.0,0.0
211,211,630.3432890977522,0.6303432890977522,Sector 1,68.66362726350394,0.0,0,0.1,2883264.0570233422,5564329.692864513,POINT (2883264.0570233422 5564329.692864513),25.900801705765275,44.635563274459,0.0,0.0,1.0,0.0
212,212,633.3432890979177,0.6333432890979177,Sector 1,68.66362726548118,0.0,0,0.1,2883265.918446762,5564329.762231467,POINT (2883265.918446762 5564329.762231467),25.900818427216358,44.635563717874945,0.0,0.0,1.0,0.0
213,213,636.3432890977443,0.6363432890977443,Sector 1,68.66362726499813,0.0,0,0.1,2883267.7798701813,5564329.831598422,POINT (2883267.7798701813 5564329.831598422),25.900835148667436,44.63556416129088,0.0,0.0,1.0,0.0
214,214,639.3432890979099,0.6393432890979098,Sector 1,68.66362728074728,0.0,0,0.1,2883269.6416043206,5564329.891172856,POINT (2883269.6416043206 5564329.891172856),25.90085187290976,44.635564542109876,0.0,0.0,1.0,0.0
215,215,642.3432890977365,0.6423432890977365,Sector 1,68.6636272625617,0.0,0,0.1,2883271.5038553225,5564329.933587576,POINT (2883271.5038553225 5564329.933587576),25.90086860179514,44.63556481323844,0.0,0.0,1.0,0.0
216,216,645.343289097902,0.6453432890979021,Sector 1,68.66362726846961,0.0,0,0.1,2883273.3662386048,5564329.970000883,POINT (2883273.3662386048 5564329.970000883),25.90088533186881,44.635565046004025,0.0,0.0,1.0,0.0
217,217,648.3432890977286,0.6483432890977286,Sector 1,68.66362725766498,0.0,0,0.1,2883275.2286218875,5564330.00641419,POINT (2883275.2286218875 5564330.00641419),25.90090206194249,44.635565278769626,0.0,0.0,1.0,0.0
218,218,651.3432890978942,0.6513432890978942,Sector 2,68.66362728619595,0.0,0,0.1,2883277.0910051703,5564330.042827499,POINT (2883277.0910051703 5564330.042827499),25.900918792016167,44.635565511535226,0.0,0.0,1.0,0.0
219,219,654.3432890977208,0.6543432890977208,Sector 2,68.66362724637725,0.0,0,0.1,2883278.9533884525,5564330.0792408055,POINT (2883278.9533884525 5564330.0792408055),25.900935522089842,44.63556574430082,0.0,0.0,1.0,0.0
220,220,657.3432890979813,0.6573432890979812,Sector 2,68.66362726998761,0.0,0,0.1,2883280.8157717353,5564330.115654113,POINT (2883280.8157717353 5564330.115654113),25.90095225216352,44.635565977066406,0.0,0.0,1.0,0.0
221,221,660.3432890981468,0.6603432890981468,Sector 2,68.66362726557384,0.0,0,0.1,2883282.678155018,5564330.152067421,POINT (2883282.678155018 5564330.152067421),25.9009689822372,44.63556620983201,0.0,0.0,1.0,0.0
222,222,663.3432890979734,0.6633432890979735,Sector 2,68.66362727640234,0.0,0,0.1,2883284.5405383008,5564330.188480728,POINT (2883284.5405383008 5564330.188480728),25.900985712310874,44.63556644259759,0.0,0.0,1.0,0.0
223,223,666.3432890981389,0.6663432890981389,Sector 2,68.66362726952826,0.0,0,0.1,2883286.4029215835,5564330.224894037,POINT (2883286.4029215835 5564330.224894037),25.90100244238455,44.635566675363194,0.0,0.0,1.0,0.0
224,224,669.3432890979656,0.6693432890979656,Sector 2,68.66362726019389,0.0,0,0.1,2883288.2650882145,5564330.251828256,POINT (2883288.2650882145 5564330.251828256),25.901019170512015,44.6355668475354,0.0,0.0,1.0,0.0
225,225,672.3432890981311,0.6723432890981311,Sector 2,68.66362728233389,0.0,0,0.1,2883290.121615125,5564330.24613255,POINT (2883290.121615125 5564330.24613255),25.901035847977003,44.635566811126616,0.0,0.0,1.0,0.0
226,226,675.3432890979577,0.6753432890979577,Sector 2,68.66362728185078,0.0,0,0.1,2883291.9742701594,5564330.18854576,POINT (2883291.9742701594 5564330.18854576),25.90105249066034,44.6355664430133,0.0,0.0,1.0,0.0
227,227,678.3432890977843,0.6783432890977843,Sector 2,68.66362726858574,0.0,0,0.1,2883293.7534625195,5564329.804862834,POINT (2883293.7534625195 5564329.804862834),25.901068473417244,44.635563990388384,0.0,0.0,1.0,0.0
228,228,681.3432890979499,0.6813432890979498,Sector 2,68.66362727056293,0.0,0,0.1,2883295.418101822,5564328.971915058,POINT (2883295.418101822 5564328.971915058),25.901083427126526,44.6355586659174,0.0,0.0,1.0,0.0
229,229,684.3432890977765,0.6843432890977765,Sector 2,68.66362724352598,0.0,0,0.1,2883297.072736574,5564328.119681152,POINT (2883297.072736574 5564328.119681152),25.901098290963397,44.63555321816275,0.0,0.0,1.0,0.0
230,230,687.343289097942,0.6873432890979421,Sector 2,68.66362730353131,0.0,0,0.1,2883298.706916851,5564327.233672785,POINT (2883298.706916851 5564327.233672785),25.901112971054594,44.635547554510275,0.0,0.0,1.0,0.0
231,231,690.3432890977687,0.6903432890977687,Sector 2,68.66362725879185,0.0,0,0.1,2883300.3410971295,5564326.3476644205,POINT (2883300.3410971295 5564326.3476644205),25.901127651145806,44.63554189085726,0.0,0.0,1.0,0.0
232,232,693.3432890979342,0.6933432890979342,Sector 2,68.66362724945742,0.0,0,0.1,2883301.9751629643,5564325.461542735,POINT (2883301.9751629643 5564325.461542735),25.901142330208955,44.63553622647932,0.0,0.0,1.0,0.0
233,233,696.3432890977608,0.6963432890977608,Sector 2,68.6636273045421,0.0,0,0.1,2883303.4935460365,5564324.396128678,POINT (2883303.4935460365 5564324.396128678),25.901155970076164,44.6355294160055,0.0,0.0,1.0,0.0
234,234,699.3432890975874,0.6993432890975875,Sector 2,68.66362725587197,0.0,0,0.1,2883304.789410045,5564323.077208675,POINT (2883304.789410045 5564323.077208675),25.901167611020615,44.635520985037964,0.0,0.0,1.0,0.0
235,235,702.343289097753,0.702343289097753,Sector 2,68.66362726670036,0.0,0,0.1,2883306.0613387194,5564321.730121077,POINT (2883306.0613387194 5564321.730121077),25.9011790369503,44.6355123740127,0.0,0.0,1.0,0.0
236,236,705.3432890975796,0.7053432890975796,Sector 2,68.6636272888403,0.0,0,0.1,2883307.333267394,5564320.3830334805,POINT (2883307.333267394 5564320.3830334805),25.901190462879985,44.635503762986154,0.0,0.0,1.0,0.0
237,237,708.3432890981788,0.7083432890981789,Sector 2,68.66362725049174,0.0,0,0.1,2883308.482081858,5564318.944689764,POINT (2883308.482081858 5564318.944689764),25.901200782855902,44.63549456861911,0.0,0.0,1.0,0.0
238,238,711.3432890980055,0.7113432890980055,Sector 2,68.66362728394324,0.0,0,0.1,2883309.4727181,5564317.392147893,POINT (2883309.4727181 5564317.392147893),25.901209681892674,44.63548464425818,0.0,0.0,1.0,0.0
239,239,714.343289098171,0.714343289098171,Sector 2,68.66362730116253,0.0,0,0.1,2883310.391388488,5564315.789658351,POINT (2883310.391388488 5564315.789658351),25.901217934449182,44.63547440061345,0.0,0.0,1.0,0.0
240,240,717.3432890979976,0.7173432890979976,Sector 2,68.66362724511146,0.0,0,0.1,2883311.245918657,5564314.151614891,POINT (2883311.245918657 5564314.151614891),25.901225610824298,44.63546392969442,0.0,0.0,1.0,0.0
241,241,720.3432890981632,0.7203432890981631,Sector 2,68.66362726086038,0.0,0,0.1,2883311.9056597613,5564312.425042853,POINT (2883311.9056597613 5564312.425042853),25.90123153737947,44.63545289286919,0.0,0.0,1.0,0.0
242,242,723.3432890979898,0.7233432890979897,Sector 2,68.66362729824255,0.0,0,0.1,2883312.360739192,5564310.62738164,POINT (2883312.360739192 5564310.62738164),25.90123562542755,44.63544140161598,0.0,0.0,1.0,0.0
243,243,726.3432890978164,0.7263432890978164,Sector 2,68.66362722694913,0.0,0,0.1,2883312.8084201803,5564308.83012594,POINT (2883312.8084201803 5564308.83012594),25.901239647014293,44.63542991295268,0.0,0.0,1.0,0.0
244,244,729.3432890979819,0.729343289097982,Sector 2,68.66362728449411,0.0,0,0.1,2883313.255413924,5564307.032940224,POINT (2883313.255413924 5564307.032940224),25.90124366242741,44.63541842473445,0.0,0.0,1.0,0.0
245,245,732.3432890978086,0.7323432890978085,Sector 2,68.66362725991735,0.0,0,0.1,2883313.6947463,5564305.236917893,POINT (2883313.6947463 5564305.236917893),25.901247609017293,44.63540694395072,0.0,0.0,1.0,0.0
246,246,735.3432890979741,0.7353432890979741,Sector 2,68.66362729729946,0.0,0,0.1,2883313.8714698805,5564303.417683218,POINT (2883313.8714698805 5564303.417683218),25.90124919655223,44.63539531478349,0.0,0.0,1.0,0.0
247,247,738.3432890978007,0.7383432890978007,Sector 2,10.912385185391088,0.0,0,0.1,2883313.810657092,5564301.579332735,POINT (2883313.810657092 5564301.579332735),25.901248650261653,44.63538356341914,0.0,0.0,1.0,0.0
248,248,739.123945872472,0.739123945872472,Sector 2,277.3352915745316,0.0,0,0.1,2883313.7880196096,5564301.100433033,POINT (2883313.7880196096 5564301.100433033),25.901248446905694,44.635380502128235,0.0,0.0,1.0,0.0
249,249,742.1239458723619,0.7421239458723619,Sector 2,277.3352915593483,0.0,0,0.1,2883313.701025622,5564299.260060728,POINT (2883313.701025622 5564299.260060728),25.901247665425405,44.63536873783671,0.0,0.0,1.0,0.0
250,250,745.1239458728326,0.7451239458728326,Sector 2,277.3352915458918,0.0,0,0.1,2883313.6140316343,5564297.419688422,POINT (2883313.6140316343 5564297.419688422),25.901246883945117,44.63535697354279,0.0,0.0,1.0,0.0
251,251,748.1239458727225,0.7481239458727225,Sector 2,277.3352915701344,0.0,0,0.1,2883313.32935367,5564295.605556798,POINT (2883313.32935367 5564295.605556798),25.901244326639453,44.63534537698602,0.0,0.0,1.0,0.0
252,252,751.1239458726125,0.7511239458726124,Sector 2,277.3352915361016,0.0,0,0.1,2883312.735352472,5564293.871171857,POINT (2883312.735352472 5564293.871171857),25.901238990635903,44.63533429019545,0.0,0.0,1.0,0.0
253,253,754.1239458725024,0.7541239458725024,Sector 2,277.3352915689057,0.0,0,0.1,2883312.083465753,5564292.151417035,POINT (2883312.083465753 5564292.151417035),25.90123313463787,44.635323296923595,0.0,0.0,1.0,0.0
254,254,757.1239458723924,0.7571239458723924,Sector 2,277.3352915348728,0.0,0,0.1,2883311.3782017124,5564290.450370904,POINT (2883311.3782017124 5564290.450370904),25.9012267991432,44.63531242324217,0.0,0.0,1.0,0.0
255,255,760.1239458727441,0.7601239458727441,Sector 2,277.3352915685403,0.0,0,0.1,2883310.458408805,5564288.859499797,POINT (2883310.458408805 5564288.859499797),25.90121853650293,44.63530225383615,0.0,0.0,1.0,0.0
256,256,763.1239458726341,0.7631239458726341,Sector 2,277.3352915542204,0.0,0,0.1,2883309.393781636,5564287.360142513,POINT (2883309.393781636 5564287.360142513),25.901208972794354,44.635292669416955,0.0,0.0,1.0,0.0
257,257,766.123945872524,0.766123945872524,Sector 2,277.33529156903825,0.0,0,0.1,2883308.3206971386,5564285.877002511,POINT (2883308.3206971386 5564285.877002511),25.9011993331123,44.63528318866277,0.0,0.0,1.0,0.0
258,258,769.123945872414,0.769123945872414,Sector 2,277.3352915247172,0.0,0,0.1,2883307.2476126407,5564284.393862511,POINT (2883307.2476126407 5564284.393862511),25.901189693430247,44.63527370790705,0.0,0.0,1.0,0.0
259,259,772.1239458727657,0.7721239458727657,Sector 2,277.3352915583847,0.0,0,0.1,2883306.1745281434,5564282.910722509,POINT (2883306.1745281434 5564282.910722509),25.901180053748195,44.635264227149776,0.0,0.0,1.0,0.0
260,260,775.1239458727746,0.7751239458727746,Sector 2,277.335291581764,0.0,0,0.1,2883305.094545437,5564281.432139315,POINT (2883305.094545437 5564281.432139315),25.90117035209848,44.63525477551968,0.0,0.0,1.0,0.0
261,261,778.1239458726645,0.7781239458726645,Sector 2,277.3352915580193,0.0,0,0.1,2883303.952359287,5564280.000444187,POINT (2883303.952359287 5564280.000444187),25.90116009166572,44.63524562361333,0.0,0.0,1.0,0.0
262,262,781.1239458725545,0.7811239458725545,Sector 2,277.33529156254906,0.0,0,0.1,2883302.503053112,5564278.845044643,POINT (2883302.503053112 5564278.845044643),25.901147072326836,44.635238237885936,0.0,0.0,1.0,0.0
263,263,784.1239458724444,0.7841239458724444,Sector 2,277.3352915096665,0.0,0,0.1,2883301.0537469364,5564277.6896450985,POINT (2883301.0537469364 5564277.6896450985),25.901134052987945,44.635230852157605,0.0,0.0,1.0,0.0
264,264,787.1239458727962,0.7871239458727962,Sector 2,277.33529154419733,0.0,0,0.1,2883299.6044407613,5564276.534245554,POINT (2883299.6044407613 5564276.534245554),25.90112103364906,44.63522346642833,0.0,0.0,1.0,0.0
265,265,790.1239458726861,0.7901239458726861,Sector 2,277.3352915667133,0.0,0,0.1,2883297.9841164458,5564275.632070005,POINT (2883297.9841164458 5564275.632070005),25.901106478028083,44.63521769939722,0.0,0.0,1.0,0.0
266,266,793.1239458725761,0.7931239458725761,Sector 2,277.3352915429686,0.0,0,0.1,2883296.269070029,5564274.910234203,POINT (2883296.269070029 5564274.910234203),25.901091071503988,44.635213085162306,0.0,0.0,1.0,0.0
267,267,796.123945872466,0.796123945872466,Sector 2,277.335291566348,0.0,0,0.1,2883294.534705688,5564274.230700446,POINT (2883294.534705688 5564274.230700446),25.901075491444033,44.63520874133702,0.0,0.0,1.0,0.0
268,268,799.123945872356,0.799123945872356,Sector 2,277.3352915511647,0.0,0,0.1,2883292.800341347,5564273.551166691,POINT (2883292.800341347 5564273.551166691),25.90105991138408,44.63520439751141,0.0,0.0,1.0,0.0
269,269,802.1239458727077,0.8021239458727077,Sector 2,277.3352915659826,0.0,0,0.1,2883291.065977006,5564272.871632934,POINT (2883291.065977006 5564272.871632934),25.90104433132412,44.63520005368546,0.0,0.0,1.0,0.0
270,270,805.1239458727166,0.8051239458727166,Sector 2,277.335291552526,0.0,0,0.1,2883289.331612665,5564272.192099177,POINT (2883289.331612665 5564272.192099177),25.901028751264164,44.63519570985919,0.0,0.0,1.0,0.0
271,271,808.1239458726066,0.8081239458726066,Sector 2,277.3352915467676,0.0,0,0.1,2883287.5972483247,5564271.512565421,POINT (2883287.5972483247 5564271.512565421),25.90101317120421,44.6351913660326,0.0,0.0,1.0,0.0
272,272,811.1239458724965,0.8111239458724965,Sector 2,277.3352915607221,0.0,0,0.1,2883285.8628839836,5564270.833031664,POINT (2883285.8628839836 5564270.833031664),25.90099759114425,44.63518702220568,0.0,0.0,1.0,0.0
273,273,814.1239458723865,0.8141239458723865,Sector 2,277.33529154553884,0.0,0,0.1,2883284.1285196426,5564270.153497907,POINT (2883284.1285196426 5564270.153497907),25.900982011084295,44.635182678378435,0.0,0.0,1.0,0.0
274,274,817.1239458727382,0.8171239458727382,Sector 2,272.1240877437036,0.0,0,0.1,2883282.394155302,5564269.47396415,POINT (2883282.394155302 5564269.47396415),25.90096643102434,44.63517833455085,0.0,0.0,1.0,0.0
275,275,820.1116871070814,0.8201116871070814,Sector 2,266.9722920555816,0.0,0,0.1,2883280.6668780167,5564268.797207142,POINT (2883280.6668780167 5564268.797207142),25.900950914628485,44.63517400847295,0.0,0.0,1.0,0.0
276,276,823.1116871071077,0.8231116871071077,Sector 2,266.97229207986385,0.0,0,0.1,2883278.9325136757,5564268.117673385,POINT (2883278.9325136757 5564268.117673385),25.90093533456853,44.63516966464473,0.0,0.0,1.0,0.0
277,277,826.1116871070849,0.8261116871070849,Sector 2,266.97229209429963,0.0,0,0.1,2883277.1981493346,5564267.438139629,POINT (2883277.1981493346 5564267.438139629),25.90091975450857,44.635165320816185,0.0,0.0,1.0,0.0
278,278,829.1116871071113,0.8291116871071113,Sector 2,266.9722920904711,0.0,0,0.1,2883275.463784994,5564266.758605872,POINT (2883275.463784994 5564266.758605872),25.90090417444862,44.635160976987315,0.0,0.0,1.0,0.0
279,279,832.1116871070884,0.8321116871070884,Sector 2,241.22378413129644,0.0,0,0.1,2883273.7294206535,5564266.079072115,POINT (2883273.7294206535 5564266.079072115),25.900888594388665,44.63515663315812,0.0,0.0,1.0,0.0
280,280,834.7699307877916,0.8347699307877916,Sector 2,211.6180766092294,0.0,0,0.1,2883272.1926329704,5564265.476950011,POINT (2883272.1926329704 5564265.476950011),25.900874789190024,44.635152784172355,0.0,0.0,1.0,0.0
281,281,837.7699307876705,0.8377699307876706,Sector 2,211.6180766337003,0.0,0,0.1,2883270.4582686294,5564264.797416254,POINT (2883270.4582686294 5564264.797416254),25.900859209130065,44.63514844034253,0.0,0.0,1.0,0.0
282,282,840.7699307877936,0.8407699307877936,Sector 2,211.6180766075769,0.0,0,0.1,2883268.723904289,5564264.117882497,POINT (2883268.723904289 5564264.117882497),25.900843629070113,44.6351440965124,0.0,0.0,1.0,0.0
283,283,843.7699307876725,0.8437699307876725,Sector 2,203.5891839975345,0.0,0,0.1,2883266.989539948,5564263.438348741,POINT (2883266.989539948 5564263.438348741),25.90082804901015,44.63513975268195,0.0,0.0,1.0,0.0
284,284,846.7302787677362,0.8467302787677362,Sector 2,192.75899183489076,0.0,0,0.1,2883265.27809929,5564262.767796613,POINT (2883265.27809929 5564262.767796613),25.900812674877145,44.635135466265055,0.0,0.0,1.0,0.0
285,285,849.7302787677397,0.8497302787677398,Sector 2,192.75899182246383,0.0,0,0.1,2883263.5437349495,5564262.088262856,POINT (2883263.5437349495 5564262.088262856),25.900797094817193,44.63513112243395,0.0,0.0,1.0,0.0
286,286,852.7302787677432,0.8527302787677432,Sector 2,192.7589918235261,0.0,0,0.1,2883261.8093706085,5564261.408729099,POINT (2883261.8093706085 5564261.408729099),25.900781514757238,44.63512677860251,0.0,0.0,1.0,0.0
287,287,855.7302787677468,0.8557302787677468,Sector 2,192.75899182399013,0.0,0,0.1,2883260.075006268,5564260.729195342,POINT (2883260.075006268 5564260.729195342),25.900765934697283,44.63512243477076,0.0,0.0,1.0,0.0
288,288,858.7302787676474,0.8587302787676474,Sector 2,192.75899181396088,0.0,0,0.1,2883258.340641927,5564260.049661586,POINT (2883258.340641927 5564260.049661586),25.900750354637324,44.63511809093868,0.0,0.0,1.0,0.0
289,289,861.7302787676509,0.861730278767651,Sector 2,192.7589918324104,0.0,0,0.1,2883256.6062775864,5564259.370127829,POINT (2883256.6062775864 5564259.370127829),25.90073477457737,44.635113747106274,0.0,0.0,1.0,0.0
290,290,864.7302787676545,0.8647302787676544,Sector 2,192.7589918178847,0.0,0,0.1,2883254.871913246,5564258.6905940715,POINT (2883254.871913246 5564258.6905940715),25.900719194517418,44.63510940327354,0.0,0.0,1.0,0.0
291,291,867.7302787675551,0.867730278767555,Sector 2,192.7589918249436,0.0,0,0.1,2883253.137548905,5564258.011060316,POINT (2883253.137548905 5564258.011060316),25.90070361445746,44.63510505944049,0.0,0.0,1.0,0.0
292,292,870.7302787675586,0.8707302787675586,Sector 2,192.75899182390705,0.0,0,0.1,2883251.403184564,5564257.33152656,POINT (2883251.403184564 5564257.33152656),25.9006880343975,44.63510071560711,0.0,0.0,1.0,0.0
293,293,873.7302787675621,0.8737302787675622,Sector 2,192.75899182017355,0.0,0,0.1,2883249.668820223,5564256.651992803,POINT (2883249.668820223 5564256.651992803),25.900672454337546,44.63509637177341,0.0,0.0,1.0,0.0
294,294,876.7302787675657,0.8767302787675657,Sector 2,192.75899182303507,0.0,0,0.1,2883247.934455882,5564255.972459047,POINT (2883247.934455882 5564255.972459047),25.900656874277587,44.63509202793938,0.0,0.0,1.0,0.0
295,295,879.7302787674663,0.8797302787674663,Sector 2,192.75899181540336,0.0,0,0.1,2883246.2000915413,5564255.29292529,POINT (2883246.2000915413 5564255.29292529),25.900641294217635,44.635087684105024,0.0,0.0,1.0,0.0
296,296,882.7302787674698,0.8827302787674698,Sector 2,192.75899183355355,0.0,0,0.1,2883244.4657272007,5564254.6133915335,POINT (2883244.4657272007 5564254.6133915335),25.90062571415768,44.63508334027034,0.0,0.0,1.0,0.0
297,297,885.7302787674734,0.8857302787674733,Sector 2,190.4834294602734,0.0,0,0.1,2883242.7313628597,5564253.933857776,POINT (2883242.7313628597 5564253.933857776),25.90061013409772,44.635078996435325,0.0,0.0,1.0,0.0
298,298,888.5275775848044,0.8885275775848044,Sector 2,69.67817611945986,0.0,0,0.1,2883241.11418442,5564253.3002381185,POINT (2883241.11418442 5564253.3002381185),25.90059560673663,44.6350749461002,0.0,0.0,1.0,0.0
299,299,891.5275775845853,0.8915275775845853,Sector 2,69.6781761189028,0.0,0,0.1,2883239.3798200795,5564252.620704362,POINT (2883239.3798200795 5564252.620704362),25.900580026676675,44.63507060226456,0.0,0.0,1.0,0.0
300,300,894.5275775846897,0.8945275775846897,Sector 2,69.67817608691564,0.0,0,0.1,2883237.6454557385,5564251.941170605,POINT (2883237.6454557385 5564251.941170605),25.900564446616716,44.635066258428594,0.0,0.0,1.0,0.0
301,301,897.5275775844706,0.8975275775844705,Sector 2,69.67817608635858,0.0,0,0.1,2883235.9110913975,5564251.261636849,POINT (2883235.9110913975 5564251.261636849),25.900548866556758,44.63506191459231,0.0,0.0,1.0,0.0
302,302,900.5275775850116,0.9005275775850116,Sector 2,69.67817610783777,0.0,0,0.1,2883234.1767270565,5564250.582103092,POINT (2883234.1767270565 5564250.582103092),25.900533286496803,44.635057570755706,0.0,0.0,1.0,0.0
303,303,903.5275775847924,0.9035275775847924,Sector 2,69.67817609836959,0.0,0,0.1,2883232.442362716,5564249.902569334,POINT (2883232.442362716 5564249.902569334),25.90051770643685,44.635053226918764,0.0,0.0,1.0,0.0
304,304,906.5275775848968,0.9065275775848968,Sector 2,69.67817609546404,0.0,0,0.1,2883230.701862389,5564249.239092484,POINT (2883230.701862389 5564249.239092484),25.90050207125639,44.63504898572334,0.0,0.0,1.0,0.0
305,305,909.5275775846778,0.9095275775846778,Sector 2,69.67817607003957,0.0,0,0.1,2883228.955140724,5564248.592033827,POINT (2883228.955140724 5564248.592033827),25.900486380188703,44.635044849478916,0.0,0.0,1.0,0.0
306,306,912.5275775847822,0.9125275775847822,Sector 2,69.67817611403774,0.0,0,0.1,2883227.206826312,5564247.949293938,POINT (2883227.206826312 5564247.949293938),25.90047067481313,44.63504074084142,0.0,0.0,1.0,0.0
307,307,915.5275775845632,0.9155275775845632,Sector 2,69.67817611582899,0.0,0,0.1,2883225.4585119006,5564247.306554049,POINT (2883225.4585119006 5564247.306554049),25.900454969437554,44.63503663220363,0.0,0.0,1.0,0.0
308,308,918.5275775847808,0.9185275775847808,Sector 2,69.67817609275284,0.0,0,0.1,2883223.710197489,5564246.663814162,POINT (2883223.710197489 5564246.663814162),25.90043926406198,44.635032523565556,0.0,0.0,1.0,0.0
309,309,921.5275775848852,0.9215275775848852,Sector 2,69.67817607623942,0.0,0,0.1,2883221.961883077,5564246.021074274,POINT (2883221.961883077 5564246.021074274),25.900423558686402,44.635028414927184,0.0,0.0,1.0,0.0
310,310,924.527577584666,0.924527577584666,Sector 2,69.67817609350436,0.0,0,0.1,2883220.213568665,5564245.378334386,POINT (2883220.213568665 5564245.378334386),25.900407853310828,44.635024306288535,0.0,0.0,1.0,0.0
311,311,927.5275775847704,0.9275275775847704,Sector 2,69.67817610842093,0.0,0,0.1,2883218.4652542537,5564244.735594496,POINT (2883218.4652542537 5564244.735594496),25.900392147935253,44.635020197649574,0.0,0.0,1.0,0.0
312,312,930.5275775845512,0.9305275775845512,Sector 2,69.67817609895263,0.0,0,0.1,2883216.716939842,5564244.092854609,POINT (2883216.716939842 5564244.092854609),25.900376442559676,44.635016089010335,0.0,0.0,1.0,0.0
313,313,933.5275775846555,0.9335275775846557,Sector 2,69.67817609604703,0.0,0,0.1,2883214.96862543,5564243.450114721,POINT (2883214.96862543 5564243.450114721),25.9003607371841,44.635011980370805,0.0,0.0,1.0,0.0
314,314,936.5275775848733,0.9365275775848731,Sector 2,69.67817608188193,0.0,0,0.1,2883213.2203110186,5564242.807374832,POINT (2883213.2203110186 5564242.807374832),25.900345031808527,44.63500787173098,0.0,0.0,1.0,0.0
315,315,939.5275775849776,0.9395275775849776,Sector 2,69.67817610570955,0.0,0,0.1,2883211.4719966063,5564242.164634945,POINT (2883211.4719966063 5564242.164634945),25.90032932643295,44.635003763090864,0.0,0.0,1.0,0.0
316,316,942.5275775847584,0.9425275775847586,Sector 2,69.67817607841909,0.0,0,0.1,2883209.723682195,5564241.521895057,POINT (2883209.723682195 5564241.521895057),25.900313621057375,44.63499965445046,0.0,0.0,1.0,0.0
317,317,945.5275775848628,0.9455275775848628,Sector 2,69.67817612428314,0.0,0,0.1,2883207.975367783,5564240.879155168,POINT (2883207.975367783 5564240.879155168),25.9002979156818,44.634995545809765,0.0,0.0,1.0,0.0
318,318,948.5275775846438,0.9485275775846438,Sector 2,69.67817609042999,0.0,0,0.1,2883206.2270533713,5564240.23641528,POINT (2883206.2270533713 5564240.23641528),25.900282210306223,44.63499143716877,0.0,0.0,1.0,0.0
319,319,951.5275775844248,0.9515275775844249,Sector 2,69.6781761053465,0.0,0,0.1,2883204.4787389603,5564239.593675392,POINT (2883204.4787389603 5564239.593675392),25.900266504930656,44.6349873285275,0.0,0.0,1.0,0.0
320,320,954.5275775849658,0.9545275775849658,Sector 2,69.6781761000924,0.0,0,0.1,2883202.7304245476,5564238.9509355035,POINT (2883202.7304245476 5564238.9509355035),25.90025079955507,44.634983219885925,0.0,0.0,1.0,0.0
321,321,957.5275775847468,0.9575275775847468,Sector 2,69.67817607936462,0.0,0,0.1,2883200.9821101357,5564238.308195617,POINT (2883200.9821101357 5564238.308195617),25.900235094179497,44.63497911124408,0.0,0.0,1.0,0.0
322,322,960.5275775848512,0.9605275775848512,Sector 2,69.67817610554062,0.0,0,0.1,2883199.2337957243,5564237.665455728,POINT (2883199.2337957243 5564237.665455728),25.900219388803926,44.63497500260192,0.0,0.0,1.0,0.0
323,323,963.527577584632,0.963527577584632,Sector 2,69.67817609137546,0.0,0,0.1,2883197.485481313,5564237.022715839,POINT (2883197.485481313 5564237.022715839),25.90020368342835,44.63497089395947,0.0,0.0,1.0,0.0
324,324,966.5275775847364,0.9665275775847364,Sector 2,69.67817608846974,0.0,0,0.1,2883195.737166901,5564236.379975951,POINT (2883195.737166901 5564236.379975951),25.900187978052777,44.63496678531674,0.0,0.0,1.0,0.0
325,325,969.5275775845172,0.9695275775845174,Sector 2,69.67817609026088,0.0,0,0.1,2883193.9888524897,5564235.737236063,POINT (2883193.9888524897 5564235.737236063),25.900172272677203,44.63496267667372,0.0,0.0,1.0,0.0
326,326,972.5275775850585,0.9725275775850584,Sector 2,69.67817609813216,0.0,0,0.1,2883192.2405380774,5564235.094496175,POINT (2883192.2405380774 5564235.094496175),25.900156567301625,44.634958568030406,0.0,0.0,1.0,0.0
327,327,975.5275775848392,0.9755275775848392,Sector 2,69.67817609101212,0.0,0,0.1,2883190.492223666,5564234.451756286,POINT (2883190.492223666 5564234.451756286),25.90014086192605,44.6349544593868,0.0,0.0,1.0,0.0
328,328,978.5275775846202,0.9785275775846202,Sector 2,69.6781761035802,0.0,0,0.1,2883188.743879624,5564233.809093505,POINT (2883188.743879624 5564233.809093505),25.900125156284304,44.6349503512358,0.0,0.0,1.0,0.0
329,329,981.5275775847246,0.9815275775847244,Sector 2,69.67817610067453,0.0,0,0.1,2883186.9949059896,5564233.168107558,POINT (2883186.9949059896 5564233.168107558),25.900109444986832,44.63494625380349,0.0,0.0,1.0,0.0
330,330,984.5275775845056,0.9845275775845056,Sector 2,69.67817607994664,0.0,0,0.1,2883185.245599175,5564232.528009341,POINT (2883185.245599175 5564232.528009341),25.900093730696348,44.63494216204561,0.0,0.0,1.0,0.0
331,331,987.5275775846098,0.98752757758461,Sector 2,69.67817609955983,0.0,0,0.1,2883183.49629236,5564231.887911123,POINT (2883183.49629236 5564231.887911123),25.900078016405864,44.63493807028743,0.0,0.0,1.0,0.0
332,332,990.5275775848274,0.9905275775848276,Sector 2,69.67817610086843,0.0,0,0.1,2883181.746985546,5564231.247812906,POINT (2883181.746985546 5564231.247812906),25.900062302115387,44.63493397852898,0.0,0.0,1.0,0.0
333,333,993.5275775849318,0.9935275775849318,Sector 2,69.67817609140002,0.0,0,0.1,2883179.9976787306,5564230.607714688,POINT (2883179.9976787306 5564230.607714688),25.9000465878249,44.634929886770216,0.0,0.0,1.0,0.0
334,334,996.5275775847128,0.9965275775847128,Sector 2,69.67817611053073,0.0,0,0.1,2883178.2483719164,5564229.9676164705,POINT (2883178.2483719164 5564229.9676164705),25.900030873534423,44.63492579501118,0.0,0.0,1.0,0.0
335,335,999.5275775848172,0.9995275775848173,Sector 2,69.67817610997338,0.0,0,0.1,2883176.499065101,5564229.327518254,POINT (2883176.499065101 5564229.327518254),25.90001515924393,44.634921703251855,0.0,0.0,1.0,0.0
336,336,1002.527577584598,1.002527577584598,Sector 2,69.67817608924543,0.0,0,0.1,2883174.7497582864,5564228.687420037,POINT (2883174.7497582864 5564228.687420037),25.89999944495345,44.634917611492234,0.0,0.0,1.0,0.0
337,337,1005.5275775847024,1.0055275775847023,Sector 2,69.67817611120705,0.0,0,0.1,2883173.000451471,5564228.04732182,POINT (2883173.000451471 5564228.04732182),25.899983730662964,44.634913519732336,0.0,0.0,1.0,0.0
338,338,1008.52757758492,1.00852757758492,Sector 2,69.67817607217438,0.0,0,0.1,2883171.251144657,5564227.407223603,POINT (2883171.251144657 5564227.407223603),25.899968016372487,44.63490942797215,0.0,0.0,1.0,0.0
339,339,1011.5275775847008,1.0115275775847008,Sector 2,69.67817608052809,0.0,0,0.1,2883169.501837842,5564226.767125384,POINT (2883169.501837842 5564226.767125384),25.899952302082003,44.63490533621166,0.0,0.0,1.0,0.0
340,340,1014.5275775848052,1.0145275775848053,Sector 2,69.67817611326672,0.0,0,0.1,2883167.7525310274,5564226.127027167,POINT (2883167.7525310274 5564226.127027167),25.89993658779152,44.634901244450894,0.0,0.0,1.0,0.0
341,341,1017.5275775845862,1.0175275775845862,Sector 2,69.67817610379825,0.0,0,0.1,2883166.0032242127,5564225.48692895,POINT (2883166.0032242127 5564225.48692895),25.89992087350104,44.63489715268983,0.0,0.0,1.0,0.0
342,342,1020.5275775846906,1.0205275775846905,Sector 2,69.6781761074551,0.0,0,0.1,2883164.253917398,5564224.846830732,POINT (2883164.253917398 5564224.846830732),25.899905159210554,44.63489306092848,0.0,0.0,1.0,0.0
343,343,1023.5275775844716,1.0235275775844714,Sector 2,69.6781761068977,0.0,0,0.1,2883162.5046105837,5564224.206732514,POINT (2883162.5046105837 5564224.206732514),25.899889444920074,44.634888969166845,0.0,0.0,1.0,0.0
344,344,1026.5275775850123,1.0265275775850125,Sector 2,69.6781760749102,0.0,0,0.1,2883160.7553037684,5564223.566634296,POINT (2883160.7553037684 5564223.566634296),25.899873730629587,44.63488487740492,0.0,0.0,1.0,0.0
345,345,1029.5275775847936,1.0295275775847936,Sector 2,69.67817607435273,0.0,0,0.1,2883159.0059969537,5564222.9265360795,POINT (2883159.0059969537 5564222.9265360795),25.899858016339103,44.63488078564271,0.0,0.0,1.0,0.0
346,346,1032.527577584898,1.032527577584898,Sector 2,69.67817610474299,0.0,0,0.1,2883157.256690139,5564222.286437862,POINT (2883157.256690139 5564222.286437862),25.899842302048622,44.63487669388021,0.0,0.0,1.0,0.0
347,347,1035.527577584679,1.035527577584679,Sector 2,69.67817613748161,0.0,0,0.1,2883155.5073833247,5564221.646339645,POINT (2883155.5073833247 5564221.646339645),25.89982658775814,44.63487260211742,0.0,0.0,1.0,0.0
348,348,1038.52757758446,1.03852757758446,Sector 2,69.67817607219797,0.0,0,0.1,2883153.75807651,5564221.006241427,POINT (2883153.75807651 5564221.006241427),25.899810873467658,44.63486851035434,0.0,0.0,1.0,0.0
349,349,1041.5275775845644,1.0415275775845645,Sector 2,69.67817608946274,0.0,0,0.1,2883152.008769695,5564220.366143209,POINT (2883152.008769695 5564220.366143209),25.899795159177174,44.63486441859097,0.0,0.0,1.0,0.0
350,350,1044.527577584782,1.044527577584782,Sector 2,69.6781761020307,0.0,0,0.1,2883150.2594628804,5564219.726044991,POINT (2883150.2594628804 5564219.726044991),25.899779444886693,44.634860326827315,0.0,0.0,1.0,0.0
351,351,1047.5275775848863,1.0475275775848862,Sector 2,69.67817611038436,0.0,0,0.1,2883148.510156065,5564219.085946775,POINT (2883148.510156065 5564219.085946775),25.899763730596206,44.63485623506338,0.0,0.0,1.0,0.0
352,352,1050.5275775846674,1.0505275775846674,Sector 2,69.67817610513009,0.0,0,0.1,2883146.7608492505,5564218.445848558,POINT (2883146.7608492505 5564218.445848558),25.899748016305722,44.63485214329914,0.0,0.0,1.0,0.0
353,353,1053.5275775847715,1.0535275775847717,Sector 2,69.67817608440203,0.0,0,0.1,2883145.0115424357,5564217.80575034,POINT (2883145.0115424357 5564217.80575034),25.899732302015238,44.634848051534625,0.0,0.0,1.0,0.0
354,354,1056.5275775845528,1.0565275775845528,Sector 2,69.67817609040719,0.0,0,0.1,2883143.2622356215,5564217.165652122,POINT (2883143.2622356215 5564217.165652122),25.89971658772476,44.63484395976981,0.0,0.0,1.0,0.0
355,355,1059.5275775846571,1.059527577584657,Sector 2,69.67817612784262,0.0,0,0.1,2883141.5129288067,5564216.5255539045,POINT (2883141.5129288067 5564216.5255539045),25.899700873434277,44.63483986800471,0.0,0.0,1.0,0.0
356,356,1062.5275775848747,1.0625275775848748,Sector 2,69.67817604003983,0.0,0,0.1,2883139.7636219915,5564215.885455688,POINT (2883139.7636219915 5564215.885455688),25.899685159143793,44.634835776239335,0.0,0.0,1.0,0.0
357,357,1065.527577584979,1.065527577584979,Sector 2,69.67817613515626,0.0,0,0.1,2883138.0143151768,5564215.24535747,POINT (2883138.0143151768 5564215.24535747),25.89966944485331,44.63483168447365,0.0,0.0,1.0,0.0
358,358,1068.52757758476,1.0685275775847602,Sector 2,69.67817607222088,0.0,0,0.1,2883136.2650083625,5564214.605259253,POINT (2883136.2650083625 5564214.605259253),25.89965373056283,44.63482759270769,0.0,0.0,1.0,0.0
359,359,1071.5275775845412,1.0715275775845412,Sector 2,69.67817611808493,0.0,0,0.1,2883134.5157015477,5564213.965161035,POINT (2883134.5157015477 5564213.965161035),25.899638016272345,44.63482350094143,0.0,0.0,1.0,0.0
360,360,1074.5275775846455,1.0745275775846457,Sector 2,69.6781760818829,0.0,0,0.1,2883132.766394732,5564213.32506282,POINT (2883132.766394732 5564213.32506282),25.899622301981854,44.63481940917491,0.0,0.0,1.0,0.0
361,361,1077.5275775844266,1.0775275775844266,Sector 2,69.67817611040715,0.0,0,0.1,2883131.017087918,5564212.684964601,POINT (2883131.017087918 5564212.684964601),25.899606587691377,44.634815317408076,0.0,0.0,1.0,0.0
362,362,1080.5275775849675,1.0805275775849676,Sector 2,69.67817607841943,0.0,0,0.1,2883129.267781103,5564212.044866383,POINT (2883129.267781103 5564212.044866383),25.899590873400893,44.63481122564095,0.0,0.0,1.0,0.0
363,363,1083.5275775847488,1.0835275775847488,Sector 2,69.67817609755008,0.0,0,0.1,2883127.5184742888,5564211.404768165,POINT (2883127.5184742888 5564211.404768165),25.899575159110412,44.634807133873544,0.0,0.0,1.0,0.0
364,364,1086.5275775848531,1.086527577584853,Sector 2,69.67817608808139,0.0,0,0.1,2883125.769167474,5564210.764669948,POINT (2883125.769167474 5564210.764669948),25.89955944481993,44.63480304210586,0.0,0.0,1.0,0.0
365,365,1089.5275775846342,1.0895275775846345,Sector 2,69.67817607626432,0.0,0,0.1,2883124.019860659,5564210.12457173,POINT (2883124.019860659 5564210.12457173),25.899543730529444,44.63479895033787,0.0,0.0,1.0,0.0
366,366,1092.5275775847383,1.0925275775847385,Sector 2,69.6781760958774,0.0,0,0.1,2883122.270553844,5564209.484473513,POINT (2883122.270553844 5564209.484473513),25.89952801623896,44.6347948585696,0.0,0.0,1.0,0.0
367,367,1095.527577584956,1.0955275775849562,Sector 2,69.67817612391917,0.0,0,0.1,2883120.5212470293,5564208.844375296,POINT (2883120.5212470293 5564208.844375296),25.899512301948477,44.63479076680103,0.0,0.0,1.0,0.0
368,368,1098.5275775847372,1.0985275775847372,Sector 2,69.67817609427982,0.0,0,0.1,2883118.7719402146,5564208.204277079,POINT (2883118.7719402146 5564208.204277079),25.899496587657993,44.63478667503219,0.0,0.0,1.0,0.0
369,369,1101.5275775848415,1.1015275775848414,Sector 2,69.6781761091961,0.0,0,0.1,2883117.0226334,5564207.564178861,POINT (2883117.0226334 5564207.564178861),25.899480873367512,44.63478258326305,0.0,0.0,1.0,0.0
370,370,1104.5275775846226,1.1045275775846226,Sector 2,63.88893297830049,0.0,0,0.1,2883115.273326585,5564206.924080643,POINT (2883115.273326585 5564206.924080643),25.899465159077028,44.63477849149362,0.0,0.0,1.0,0.0
371,371,1107.4959737402671,1.1074959737402672,Sector 2,51.93210919489394,0.0,0,0.1,2883113.5424480443,5564206.290725613,POINT (2883113.5424480443 5564206.290725613),25.89944961033055,44.63477444282912,0.0,0.0,1.0,0.0
372,372,1110.4959737402362,1.1104959737402362,Sector 2,51.93210917339224,0.0,0,0.1,2883111.7931412295,5564205.650627397,POINT (2883111.7931412295 5564205.650627397),25.899433896040065,44.63477035105914,0.0,0.0,1.0,0.0
373,373,1113.4959737399977,1.1134959737399976,Sector 2,51.93210916759193,0.0,0,0.1,2883110.043834415,5564205.010529179,POINT (2883110.043834415 5564205.010529179),25.89941818174958,44.634766259288845,0.0,0.0,1.0,0.0
374,374,1116.4959737399668,1.116495973739967,Sector 2,51.93210914940198,0.0,0,0.1,2883108.2945275996,5564204.370430963,POINT (2883108.2945275996 5564204.370430963),25.899402467459094,44.634762167518275,0.0,0.0,1.0,0.0
375,375,1119.4959737399358,1.119495973739936,Sector 2,51.93210916027925,0.0,0,0.1,2883106.5452207853,5564203.730332744,POINT (2883106.5452207853 5564203.730332744),25.899386753168613,44.6347580757474,0.0,0.0,1.0,0.0
376,376,1122.495973739905,1.122495973739905,Sector 2,51.932109160363495,0.0,0,0.1,2883104.7959139706,5564203.090234527,POINT (2883104.7959139706 5564203.090234527),25.899371038878133,44.63475398397625,0.0,0.0,1.0,0.0
377,377,1125.4959737402403,1.1254959737402406,Sector 2,51.93210917455258,0.0,0,0.1,2883103.046607156,5564202.4501363095,POINT (2883103.046607156 5564202.4501363095),25.89935532458765,44.6347498922048,0.0,0.0,1.0,0.0
378,378,1128.4959737402096,1.1284959737402096,Sector 2,24.57230873496951,0.0,0,0.1,2883101.297300341,5564201.810038092,POINT (2883101.297300341 5564201.810038092),25.899339610297165,44.63474580043307,0.0,0.0,1.0,0.0
379,379,1131.2730463221774,1.1312730463221774,Sector 2,6.555231257566391,0.0,0,0.1,2883099.67798301,5564201.217505022,POINT (2883099.67798301 5564201.217505022),25.899325063722085,44.63474201271712,0.0,0.0,1.0,0.0
380,380,1134.2730463219325,1.1342730463219324,Sector 2,6.55523125931262,0.0,0,0.1,2883097.9286761954,5564200.577406805,POINT (2883097.9286761954 5564200.577406805),25.8993093494316,44.634737920944836,0.0,0.0,1.0,0.0
381,381,1137.2730463217404,1.1372730463217404,Sector 2,6.555231251753753,0.0,0,0.1,2883096.1793693807,5564199.937308588,POINT (2883096.1793693807 5564199.937308588),25.89929363514112,44.63473382917227,0.0,0.0,1.0,0.0
382,382,1140.2730463214953,1.1402730463214952,Sector 2,6.555231255878482,0.0,0,0.1,2883094.4300625664,5564199.29721037,POINT (2883094.4300625664 5564199.29721037),25.89927792085064,44.6347297373994,0.0,0.0,1.0,0.0
383,383,1143.2730463222283,1.1432730463222285,Sector 2,6.555231266094495,0.0,0,0.1,2883092.680755751,5564198.657112152,POINT (2883092.680755751 5564198.657112152),25.899262206560152,44.63472564562625,0.0,0.0,1.0,0.0
384,384,1146.2730463219834,1.1462730463219837,Sector 2,6.5552312554899,0.0,0,0.1,2883090.9314489365,5564198.017013935,POINT (2883090.9314489365 5564198.017013935),25.899246492269672,44.63472155385281,0.0,0.0,1.0,0.0
385,385,1149.2730463217915,1.1492730463217915,Sector 2,329.5774335864105,0.0,0,0.1,2883089.182142122,5564197.3769157175,POINT (2883089.182142122 5564197.3769157175),25.89923077797919,44.63471746207908,0.0,0.0,1.0,0.0
386,386,1151.9894434680016,1.1519894434680016,Sector 2,312.6985502895362,0.0,0,0.1,2883087.5982047752,5564196.797328727,POINT (2883087.5982047752 5564196.797328727),25.899216549227912,44.634713757118,0.0,0.0,1.0,0.0
387,387,1154.9894434683742,1.1549894434683745,Sector 2,312.69855030796066,0.0,0,0.1,2883085.8488979605,5564196.15723051,POINT (2883085.8488979605 5564196.15723051),25.899200834937428,44.63470966534373,0.0,0.0,1.0,0.0
388,388,1157.989443467773,1.157989443467773,Sector 2,312.69855030804285,0.0,0,0.1,2883084.0995911458,5564195.517132293,POINT (2883084.0995911458 5564195.517132293),25.899185120646948,44.634705573569164,0.0,0.0,1.0,0.0
389,389,1160.9894434681455,1.1609894434681458,Sector 2,312.6985502893611,0.0,0,0.1,2883082.350284331,5564194.877034076,POINT (2883082.350284331 5564194.877034076),25.899169406356464,44.63470148179431,0.0,0.0,1.0,0.0
390,390,1163.9894434678868,1.1639894434678868,Sector 2,312.69855031258214,0.0,0,0.1,2883080.605972196,5564194.22355448,POINT (2883080.605972196 5564194.22355448),25.89915373693395,44.6346973044798,0.0,0.0,1.0,0.0
391,391,1166.9894434682594,1.1669894434682595,Sector 2,312.698550324023,0.0,0,0.1,2883078.86553316,5564193.559776001,POINT (2883078.86553316 5564193.559776001),25.89913810230408,44.63469306133022,0.0,0.0,1.0,0.0
392,392,1169.9894434682897,1.1699894434682896,Sector 2,312.6985502891864,0.0,0,0.1,2883077.126001583,5564192.893626367,POINT (2883077.126001583 5564192.893626367),25.899122475826054,44.634688803022925,0.0,0.0,1.0,0.0
393,393,1172.989443468031,1.1729894434680306,Sector 2,312.6985503100093,0.0,0,0.1,2883075.386470006,5564192.227476731,POINT (2883075.386470006 5564192.227476731),25.899106849348023,44.634684544715284,0.0,0.0,1.0,0.0
394,394,1175.9894434684034,1.1759894434684033,Sector 2,299.2580125673696,0.0,0,0.1,2883073.6469384287,5564191.561327095,POINT (2883073.6469384287 5564191.561327095),25.899091222869995,44.63468028640736,0.0,0.0,1.0,0.0
395,395,1178.797194849241,1.1787971948492406,Sector 2,267.8750605373881,0.0,0,0.1,2883072.018881033,5564190.937866242,POINT (2883072.018881033 5564190.937866242),25.899076597781576,44.63467630098374,0.0,0.0,1.0,0.0
396,396,1181.7971948493291,1.181797194849329,Sector 2,267.87506057264744,0.0,0,0.1,2883070.279349456,5564190.271716607,POINT (2883070.279349456 5564190.271716607),25.899060971303545,44.6346720426752,0.0,0.0,1.0,0.0
397,397,1184.797194848952,1.1847971948489522,Sector 2,267.875060589416,0.0,0,0.1,2883068.5398372174,5564189.605514818,POINT (2883068.5398372174 5564189.605514818),25.899045344999237,44.634667784032956,0.0,0.0,1.0,0.0
398,398,1187.7971948490406,1.187797194849041,Sector 2,267.87506058694163,0.0,0,0.1,2883066.8007492945,5564188.938168671,POINT (2883066.8007492945 5564188.938168671),25.899029722506622,44.634663518075186,0.0,0.0,1.0,0.0
399,399,1190.797194849129,1.190797194849129,Sector 2,267.87506056547494,0.0,0,0.1,2883065.062048062,5564188.26980069,POINT (2883065.062048062 5564188.26980069),25.89901410348771,44.634659245585105,0.0,0.0,1.0,0.0
400,400,1193.7971948492177,1.1937971948492174,Sector 2,267.87506054400825,0.0,0,0.1,2883063.3233635784,5564187.601388452,POINT (2883063.3233635784 5564187.601388452),25.898998484619245,44.6346549728118,0.0,0.0,1.0,0.0
401,401,1196.797194849306,1.196797194849306,Sector 2,267.8750605695208,0.0,0,0.1,2883061.584679094,5564186.932976212,POINT (2883061.584679094 5564186.932976212),25.89898286575078,44.634650700038165,0.0,0.0,1.0,0.0
402,402,1199.797194848929,1.199797194848929,Sector 2,267.87506054855555,0.0,0,0.1,2883059.8459946113,5564186.264563973,POINT (2883059.8459946113 5564186.264563973),25.89896724688233,44.63464642726422,0.0,0.0,1.0,0.0
403,403,1202.797194849052,1.202797194849052,Sector 2,267.87506057456955,0.0,0,0.1,2883058.1073101275,5564185.596151734,POINT (2883058.1073101275 5564185.596151734),25.89895162801387,44.63464215448997,0.0,0.0,1.0,0.0
404,404,1205.7971948491404,1.2057971948491404,Sector 2,267.875060562599,0.0,0,0.1,2883056.368625643,5564184.927739495,POINT (2883056.368625643 5564184.927739495),25.898936009145405,44.634637881715406,0.0,0.0,1.0,0.0
405,405,1208.7971948492288,1.2087971948492289,Sector 2,267.8750605696207,0.0,0,0.1,2883054.62994116,5564184.259327256,POINT (2883054.62994116 5564184.259327256),25.898920390276945,44.63463360894052,0.0,0.0,1.0,0.0
406,406,1211.7971948493173,1.2117971948493174,Sector 2,267.8750606048801,0.0,0,0.1,2883052.891256676,5564183.590915017,POINT (2883052.891256676 5564183.590915017),25.898904771408485,44.63462933616531,0.0,0.0,1.0,0.0
407,407,1214.7971948489403,1.2147971948489402,Sector 2,267.8750605361835,0.0,0,0.1,2883051.1525721927,5564182.9225027785,POINT (2883051.1525721927 5564182.9225027785),25.89888915254003,44.634625063389805,0.0,0.0,1.0,0.0
408,408,1217.7971948490288,1.2177971948490287,Sector 2,267.87506058118976,0.0,0,0.1,2883049.413887709,5564182.254090539,POINT (2883049.413887709 5564182.254090539),25.89887353367157,44.63462079061397,0.0,0.0,1.0,0.0
409,409,1220.7971948491172,1.2207971948491172,Sector 2,267.8750605692192,0.0,0,0.1,2883047.675203225,5564181.5856783,POINT (2883047.675203225 5564181.5856783),25.89885791480311,44.63461651783783,0.0,0.0,1.0,0.0
410,410,1223.7971948492402,1.2237971948492403,Sector 2,267.8750605477525,0.0,0,0.1,2883045.9365187413,5564180.917266061,POINT (2883045.9365187413 5564180.917266061),25.898842295934646,44.63461224506136,0.0,0.0,1.0,0.0
411,411,1226.797194849329,1.2267971948493286,Sector 2,267.8750605542728,0.0,0,0.1,2883044.197834257,5564180.248853823,POINT (2883044.197834257 5564180.248853823),25.898826677066182,44.634607972284606,0.0,0.0,1.0,0.0
412,412,1229.7971948489517,1.2297971948489517,Sector 2,267.8750605715428,0.0,0,0.1,2883042.4591497737,5564179.580441584,POINT (2883042.4591497737 5564179.580441584),25.898811058197726,44.63460369950752,0.0,0.0,1.0,0.0
413,413,1232.79719484904,1.2327971948490402,Sector 2,267.8750605783138,0.0,0,0.1,2883040.7204652904,5564178.912029344,POINT (2883040.7204652904 5564178.912029344),25.89879543932927,44.634599426730105,0.0,0.0,1.0,0.0
414,414,1235.7971948491286,1.2357971948491286,Sector 2,267.87506054735104,0.0,0,0.1,2883038.981780806,5564178.243617105,POINT (2883038.981780806 5564178.243617105),25.898779820460806,44.634595153952404,0.0,0.0,1.0,0.0
415,415,1238.797194849217,1.2387971948492171,Sector 2,267.8750605828611,0.0,0,0.1,2883037.2430963223,5564177.575204866,POINT (2883037.2430963223 5564177.575204866),25.898764201592343,44.63459088117436,0.0,0.0,1.0,0.0
416,416,1241.7971948493057,1.2417971948493054,Sector 2,267.8750605606423,0.0,0,0.1,2883035.5044118385,5564176.906792628,POINT (2883035.5044118385 5564176.906792628),25.898748582723886,44.63458660839603,0.0,0.0,1.0,0.0
417,417,1244.797194848963,1.2447971948489631,Sector 2,267.87506056841613,0.0,0,0.1,2883033.765727355,5564176.238380388,POINT (2883033.765727355 5564176.238380388),25.898732963855426,44.63458233561737,0.0,0.0,1.0,0.0
418,418,1247.7971948490515,1.2477971948490514,Sector 2,267.8750605754379,0.0,0,0.1,2883032.0270428713,5564175.569968149,POINT (2883032.0270428713 5564175.569968149),25.898717344986967,44.634578062838386,0.0,0.0,1.0,0.0
419,419,1250.79719484914,1.25079719484914,Sector 2,267.87506056346734,0.0,0,0.1,2883030.2883583875,5564174.901555911,POINT (2883030.2883583875 5564174.901555911),25.898701726118503,44.6345737900591,0.0,0.0,1.0,0.0
420,420,1253.7971948492284,1.2537971948492284,Sector 2,267.87506057048904,0.0,0,0.1,2883028.5496739037,5564174.2331436705,POINT (2883028.5496739037 5564174.2331436705),25.898686107250047,44.63456951727949,0.0,0.0,1.0,0.0
421,421,1256.7971948493168,1.2567971948493168,Sector 2,267.87506056801465,0.0,0,0.1,2883026.8109894204,5564173.564731431,POINT (2883026.8109894204 5564173.564731431),25.898670488381587,44.63456524449957,0.0,0.0,1.0,0.0
422,422,1259.79719484894,1.25979719484894,Sector 2,267.8750605940286,0.0,0,0.1,2883025.072304936,5564172.896319194,POINT (2883025.072304936 5564172.896319194),25.898654869513123,44.634560971719345,0.0,0.0,1.0,0.0
423,423,1262.7971948490283,1.2627971948490282,Sector 2,267.8750605440736,0.0,0,0.1,2883023.333620453,5564172.2279069545,POINT (2883023.333620453 5564172.2279069545),25.89863925064467,44.634556698938795,0.0,0.0,1.0,0.0
424,424,1265.7971948491513,1.265797194849151,Sector 2,267.8750605700875,0.0,0,0.1,2883021.5949359694,5564171.559494715,POINT (2883021.5949359694 5564171.559494715),25.89862363177621,44.63455242615793,0.0,0.0,1.0,0.0
425,425,1268.7971948492398,1.2687971948492398,Sector 2,267.87506055811696,0.0,0,0.1,2883019.8562514856,5564170.891082475,POINT (2883019.8562514856 5564170.891082475),25.89860801290775,44.63454815337674,0.0,0.0,1.0,0.0
426,426,1271.7971948493282,1.2717971948493283,Sector 2,267.8750605741334,0.0,0,0.1,2883018.1175670014,5564170.222670237,POINT (2883018.1175670014 5564170.222670237),25.898592394039287,44.63454388059526,0.0,0.0,1.0,0.0
427,427,1274.7971948489512,1.2747971948489512,Sector 2,267.8750605721604,0.0,0,0.1,2883016.378882518,5564169.554257998,POINT (2883016.378882518 5564169.554257998),25.89857677517083,44.63453960781346,0.0,0.0,1.0,0.0
428,428,1277.7971948490397,1.2777971948490396,Sector 2,267.875060569686,0.0,0,0.1,2883014.6401980342,5564168.885845758,POINT (2883014.6401980342 5564168.885845758),25.89856115630237,44.63453533503133,0.0,0.0,1.0,0.0
429,429,1280.797194849128,1.280797194849128,Sector 2,267.87506058620386,0.0,0,0.1,2883012.901513551,5564168.21743352,POINT (2883012.901513551 5564168.21743352),25.89854553743391,44.634531062248904,0.0,0.0,1.0,0.0
430,430,1283.7971948492166,1.2837971948492166,Sector 2,267.8750605742333,0.0,0,0.1,2883011.1628290666,5564167.54902128,POINT (2883011.1628290666 5564167.54902128),25.898529918565448,44.63452678946615,0.0,0.0,1.0,0.0
431,431,1286.797194849305,1.286797194849305,Sector 2,267.87506057150813,0.0,0,0.1,2883009.424144583,5564166.880609042,POINT (2883009.424144583 5564166.880609042),25.898514299696984,44.63452251668309,0.0,0.0,1.0,0.0
432,432,1289.7971948489626,1.2897971948489626,Sector 2,267.87506055029223,0.0,0,0.1,2883007.6854600995,5564166.212196802,POINT (2883007.6854600995 5564166.212196802),25.89849868082853,44.634518243899706,0.0,0.0,1.0,0.0
433,433,1292.797194849051,1.292797194849051,Sector 2,267.87506057630617,0.0,0,0.1,2883005.9467756157,5564165.543784563,POINT (2883005.9467756157 5564165.543784563),25.898483061960068,44.634513971116014,0.0,0.0,1.0,0.0
434,434,1295.7971948491395,1.2957971948491396,Sector 2,267.87506055483954,0.0,0,0.1,2883004.208091132,5564164.875372325,POINT (2883004.208091132 5564164.875372325),25.898467443091608,44.63450969833201,0.0,0.0,1.0,0.0
435,435,1298.797194849228,1.2987971948492278,Sector 2,267.8750605713574,0.0,0,0.1,2883002.4694066476,5564164.206960087,POINT (2883002.4694066476 5564164.206960087),25.898451824223145,44.63450542554769,0.0,0.0,1.0,0.0
436,436,1301.7971948493164,1.3017971948493163,Sector 3,267.87506054014386,0.0,0,0.1,2883000.7307221643,5564163.538547846,POINT (2883000.7307221643 5564163.538547846),25.898436205354688,44.63450115276304,0.0,0.0,1.0,0.0
437,437,1304.7971948489394,1.3047971948489394,Sector 3,267.8750605948969,0.0,0,0.1,2882998.992037681,5564162.870135607,POINT (2882998.992037681 5564162.870135607),25.898420586486232,44.63449687997809,0.0,0.0,1.0,0.0
438,438,1307.7971948490278,1.307797194849028,Sector 3,267.875060554438,0.0,0,0.1,2882997.2533531967,5564162.201723369,POINT (2882997.2533531967 5564162.201723369),25.898404967617765,44.634492607192826,0.0,0.0,1.0,0.0
439,439,1310.7971948491509,1.3107971948491508,Sector 3,267.87506057095584,0.0,0,0.1,2882995.5146687133,5564161.53331113,POINT (2882995.5146687133 5564161.53331113),25.898389348749312,44.634488334407244,0.0,0.0,1.0,0.0
440,440,1313.7971948492393,1.3137971948492393,Sector 3,267.87506057797754,0.0,0,0.1,2882993.7759842295,5564160.864898891,POINT (2882993.7759842295 5564160.864898891),25.898373729880852,44.63448406162136,0.0,0.0,1.0,0.0
441,441,1316.7971948493278,1.3167971948493278,Sector 3,267.87506055600943,0.0,0,0.1,2882992.0372997453,5564160.196486652,POINT (2882992.0372997453 5564160.196486652),25.898358111012385,44.63447978883514,0.0,0.0,1.0,0.0
442,442,1319.7971948489508,1.3197971948489509,Sector 3,267.87506057302875,0.0,0,0.1,2882990.300718996,5564159.522662373,POINT (2882990.300718996 5564159.522662373),25.898342511042095,44.63447548145246,0.0,0.0,1.0,0.0
443,443,1322.7971948490392,1.3227971948490391,Sector 3,267.87506058005044,0.0,0,0.1,2882988.5884501706,5564158.792907253,POINT (2882988.5884501706 5564158.792907253),25.898327129469532,44.634470816534765,0.0,0.0,1.0,0.0
444,444,1325.7971948491277,1.3257971948491276,Sector 3,267.8750605585837,0.0,0,0.1,2882986.9082781384,5564157.99016368,POINT (2882986.9082781384 5564157.99016368),25.898312036227363,44.63446568504214,0.0,0.0,1.0,0.0
445,445,1328.797194849216,1.328797194849216,Sector 3,267.8750605656055,0.0,0,0.1,2882985.228106106,5564157.1874201065,POINT (2882985.228106106 5564157.1874201065),25.8982969429852,44.634460553549054,0.0,0.0,1.0,0.0
446,446,1331.7971948493391,1.3317971948493392,Sector 3,267.87506057237647,0.0,0,0.1,2882983.547934074,5564156.384676534,POINT (2882983.547934074 5564156.384676534),25.898281849743036,44.63445542205552,0.0,0.0,1.0,0.0
447,447,1334.797194848962,1.334797194848962,Sector 3,267.87506056065666,0.0,0,0.1,2882981.858246126,5564155.60921805,POINT (2882981.858246126 5564155.60921805),25.898266671017947,44.63445046497996,0.0,0.0,1.0,0.0
448,448,1337.7971948490506,1.3377971948490506,Sector 3,267.8750605676784,0.0,0,0.1,2882980.0423929556,5564155.1948980745,POINT (2882980.0423929556 5564155.1948980745),25.898250358931378,44.634447816462206,0.0,0.0,1.0,0.0
449,449,1340.797194849139,1.340797194849139,Sector 3,267.875060565204,0.0,0,0.1,2882978.2025277205,5564154.913532585,POINT (2882978.2025277205 5564154.913532585),25.898233831140764,44.63444601784866,0.0,0.0,1.0,0.0
450,450,1343.7971948492277,1.3437971948492275,Sector 3,267.87506057222566,0.0,0,0.1,2882976.3624610133,5564154.63319338,POINT (2882976.3624610133 5564154.63319338),25.898217301540296,44.63444422579553,0.0,0.0,1.0,0.0
451,451,1346.797194849316,1.346797194849316,Sector 3,267.8750605600044,0.0,0,0.1,2882974.5223943056,5564154.352854175,POINT (2882974.5223943056 5564154.352854175),25.89820077193982,44.634442433742336,0.0,0.0,1.0,0.0
452,452,1349.797194848939,1.349797194848939,Sector 3,267.8750605672768,0.0,0,0.1,2882972.6823275983,5564154.07251497,POINT (2882972.6823275983 5564154.07251497),25.89818424233935,44.63444064168909,0.0,0.0,1.0,0.0
453,453,1352.797194849062,1.352797194849062,Sector 3,267.8750605742986,0.0,0,0.1,2882970.8422608906,5564153.792175764,POINT (2882970.8422608906 5564153.792175764),25.89816771273888,44.634438849635785,0.0,0.0,1.0,0.0
454,454,1355.7971948491504,1.3557971948491505,Sector 3,267.8750605718242,0.0,0,0.1,2882969.002194183,5564153.5118365595,POINT (2882969.002194183 5564153.5118365595),25.898151183138406,44.63443705758243,0.0,0.0,1.0,0.0
455,455,1358.7971948492388,1.3587971948492388,Sector 3,267.8750605693497,0.0,0,0.1,2882967.1621274757,5564153.231497354,POINT (2882967.1621274757 5564153.231497354),25.898134653537934,44.634435265529014,0.0,0.0,1.0,0.0
456,456,1361.7971948493273,1.3617971948493273,Sector 3,267.8750605853661,0.0,0,0.1,2882965.322060768,5564152.951158148,POINT (2882965.322060768 5564152.951158148),25.89811812393746,44.634433473475546,0.0,0.0,1.0,0.0
457,457,1364.7971948489503,1.3647971948489503,Sector 3,267.87506057389703,0.0,0,0.1,2882963.475170499,5564152.743999696,POINT (2882963.475170499 5564152.743999696),25.8981015330399,44.63443214922611,0.0,0.0,1.0,0.0
458,458,1367.7971948490388,1.3677971948490388,Sector 3,267.87506053343816,0.0,0,0.1,2882961.612845554,5564152.706425334,POINT (2882961.612845554 5564152.706425334),25.898084803490274,44.63443190903399,0.0,0.0,1.0,0.0
459,459,1370.7971948491272,1.370797194849127,Sector 3,267.8750606069327,0.0,0,0.1,2882959.7502599033,5564152.685735389,POINT (2882959.7502599033 5564152.685735389),25.898068071598697,44.634431776774605,0.0,0.0,1.0,0.0
460,460,1373.7971948492157,1.3737971948492156,Sector 3,267.8750605284893,0.0,0,0.1,2882957.8876742525,5564152.665045445,POINT (2882957.8876742525 5564152.665045445),25.898051339707116,44.63443164451523,0.0,0.0,1.0,0.0
461,461,1376.797194849339,1.3767971948493387,Sector 3,267.8750605729941,0.0,0,0.1,2882956.025088602,5564152.6443555,POINT (2882956.025088602 5564152.6443555),25.898034607815536,44.63443151225586,0.0,0.0,1.0,0.0
462,462,1379.7971948489617,1.3797971948489616,Sector 3,267.8750605710211,0.0,0,0.1,2882954.1625029515,5564152.623665555,POINT (2882954.1625029515 5564152.623665555),25.89801787592396,44.63443137999648,0.0,0.0,1.0,0.0
463,463,1382.79719484905,1.38279719484905,Sector 3,267.87506058753894,0.0,0,0.1,2882952.2999173007,5564152.602975611,POINT (2882952.2999173007 5564152.602975611),25.898001144032378,44.6344312477371,0.0,0.0,1.0,0.0
464,464,1385.7971948491386,1.3857971948491383,Sector 3,267.87506055657616,0.0,0,0.1,2882950.43733165,5564152.582285666,POINT (2882950.43733165 5564152.582285666),25.897984412140797,44.634431115477724,0.0,0.0,1.0,0.0
465,465,1388.797194849227,1.388797194849227,Sector 3,267.875060573094,0.0,0,0.1,2882948.5747459996,5564152.561595721,POINT (2882948.5747459996 5564152.561595721),25.89796768024922,44.63443098321834,0.0,0.0,1.0,0.0
466,466,1391.7971948493157,1.3917971948493155,Sector 3,267.8750605513766,0.0,0,0.1,2882946.712160349,5564152.540905777,POINT (2882946.712160349 5564152.540905777),25.89795094835764,44.634430850958964,0.0,0.0,1.0,0.0
467,467,1394.7971948489385,1.3947971948489384,Sector 3,267.8750605491529,0.0,0,0.1,2882944.8495746986,5564152.520215834,POINT (2882944.8495746986 5564152.520215834),25.897934216466062,44.63443071869958,0.0,0.0,1.0,0.0
468,468,1397.7971948490615,1.3977971948490615,Sector 3,267.8750605561746,0.0,0,0.1,2882942.9869890474,5564152.499525889,POINT (2882942.9869890474 5564152.499525889),25.897917484574478,44.63443058644021,0.0,0.0,1.0,0.0
469,469,1400.79719484915,1.40079719484915,Sector 3,267.8750605821886,0.0,0,0.1,2882941.1244033966,5564152.478835944,POINT (2882941.1244033966 5564152.478835944),25.897900752682897,44.63443045418082,0.0,0.0,1.0,0.0
470,470,1403.7971948492384,1.4037971948492385,Sector 3,267.87506056996733,0.0,0,0.1,2882939.261796192,5564152.459046659,POINT (2882939.261796192 5564152.459046659),25.897884020597694,44.634430327678864,0.0,0.0,1.0,0.0
471,471,1406.7971948493268,1.4067971948493267,Sector 3,267.875060596232,0.0,0,0.1,2882937.3991427743,5564152.441686607,POINT (2882937.3991427743 5564152.441686607),25.897867288097352,44.63443021670565,0.0,0.0,1.0,0.0
472,472,1409.79719484895,1.4097971948489498,Sector 3,267.875060546277,0.0,0,0.1,2882935.53647062,5564152.42646264,POINT (2882935.53647062 5564152.42646264),25.897850555428697,44.63443011938724,0.0,0.0,1.0,0.0
473,473,1412.7971948490383,1.4127971948490383,Sector 3,267.875060572291,0.0,0,0.1,2882933.673798465,5564152.411238672,POINT (2882933.673798465 5564152.411238672),25.89783382276004,44.63443002206883,0.0,0.0,1.0,0.0
474,474,1415.7971948491268,1.4157971948491268,Sector 3,267.87506054132814,0.0,0,0.1,2882931.8111263104,5564152.396014705,POINT (2882931.8111263104 5564152.396014705),25.89781709009138,44.63442992475043,0.0,0.0,1.0,0.0
475,475,1418.7971948492498,1.4187971948492497,Sector 3,267.8750605863344,0.0,0,0.1,2882929.9484541556,5564152.3807907365,POINT (2882929.9484541556 5564152.3807907365),25.897800357422717,44.634429827432,0.0,0.0,1.0,0.0
476,476,1421.7971948493382,1.4217971948493382,Sector 3,267.8750605741131,0.0,0,0.1,2882928.085782001,5564152.365566769,POINT (2882928.085782001 5564152.365566769),25.897783624754062,44.63442973011359,0.0,0.0,1.0,0.0
477,477,1424.7971948489612,1.4247971948489613,Sector 3,267.8750605623933,0.0,0,0.1,2882926.223109847,5564152.350342801,POINT (2882926.223109847 5564152.350342801),25.89776689208541,44.63442963279518,0.0,0.0,1.0,0.0
478,478,1427.7971948490497,1.4277971948490498,Sector 3,267.87506059790337,0.0,0,0.1,2882924.3604376917,5564152.335118832,POINT (2882924.3604376917 5564152.335118832),25.897750159416745,44.634429535476755,0.0,0.0,1.0,0.0
479,479,1430.797194849138,1.430797194849138,Sector 3,267.8750605384522,0.0,0,0.1,2882922.497765537,5564152.319894865,POINT (2882922.497765537 5564152.319894865),25.897733426748086,44.63442943815835,0.0,0.0,1.0,0.0
480,480,1433.7971948492266,1.4337971948492263,Sector 3,267.87506058345843,0.0,0,0.1,2882920.6350933826,5564152.304670897,POINT (2882920.6350933826 5564152.304670897),25.89771669407943,44.63442934083994,0.0,0.0,1.0,0.0
481,481,1436.797194849315,1.436797194849315,Sector 3,267.8750605709864,0.0,0,0.1,2882918.772421228,5564152.289446929,POINT (2882918.772421228 5564152.289446929),25.89769996141077,44.634429243521524,0.0,0.0,1.0,0.0
482,482,1439.7971948489726,1.4397971948489725,Sector 3,267.8750605500212,0.0,0,0.1,2882916.9097490734,5564152.274222961,POINT (2882916.9097490734 5564152.274222961),25.897683228742114,44.6344291462031,0.0,0.0,1.0,0.0
483,483,1442.797194849061,1.442797194849061,Sector 3,267.87506059502743,0.0,0,0.1,2882915.047076919,5564152.258998993,POINT (2882915.047076919 5564152.258998993),25.89766649607346,44.63442904888469,0.0,0.0,1.0,0.0
484,484,1445.7971948491495,1.4457971948491497,Sector 3,267.87506053557627,0.0,0,0.1,2882913.184404764,5564152.243775026,POINT (2882913.184404764 5564152.243775026),25.897649763404797,44.63442895156628,0.0,0.0,1.0,0.0
485,485,1448.797194849238,1.448797194849238,Sector 3,267.8750605805825,0.0,0,0.1,2882911.321732609,5564152.228551059,POINT (2882911.321732609 5564152.228551059),25.897633030736134,44.63442885424787,0.0,0.0,1.0,0.0
486,486,1451.7971948493264,1.4517971948493265,Sector 3,267.8750605588652,0.0,0,0.1,2882909.4590604547,5564152.213327091,POINT (2882909.4590604547 5564152.213327091),25.897616298067483,44.63442875692946,0.0,0.0,1.0,0.0
487,487,1454.7971948489494,1.454797194848949,Sector 3,267.8750605566414,0.0,0,0.1,2882907.5963883004,5564152.198103122,POINT (2882907.5963883004 5564152.198103122),25.897599565398828,44.63442865961104,0.0,0.0,1.0,0.0
488,488,1457.797194849038,1.4577971948490378,Sector 3,267.8750605636631,0.0,0,0.1,2882905.7337161456,5564152.182879155,POINT (2882905.7337161456 5564152.182879155),25.897582832730166,44.63442856229261,0.0,0.0,1.0,0.0
489,489,1460.7971948491609,1.460797194849161,Sector 3,267.8750605611887,0.0,0,0.1,2882903.8710439904,5564152.167655186,POINT (2882903.8710439904 5564152.167655186),25.897566100061503,44.6344284649742,0.0,0.0,1.0,0.0
490,490,1463.7971948492493,1.4637971948492494,Sector 3,267.87506057770656,0.0,0,0.1,2882902.008371836,5564152.152431218,POINT (2882902.008371836 5564152.152431218),25.89754936739285,44.63442836765579,0.0,0.0,1.0,0.0
491,491,1466.7971948493378,1.4667971948493377,Sector 3,267.8750605654853,0.0,0,0.1,2882900.1456996812,5564152.13720725,POINT (2882900.1456996812 5564152.13720725),25.897532634724186,44.634428270337374,0.0,0.0,1.0,0.0
492,492,1469.7971948489608,1.4697971948489608,Sector 3,267.8750605822538,0.0,0,0.1,2882898.283027527,5564152.121983282,POINT (2882898.283027527 5564152.121983282),25.89751590205553,44.634428173018954,0.0,0.0,1.0,0.0
493,493,1472.7971948490492,1.4727971948490493,Sector 3,267.87506054179494,0.0,0,0.1,2882896.4203553726,5564152.106759314,POINT (2882896.4203553726 5564152.106759314),25.89749916938688,44.63442807570054,0.0,0.0,1.0,0.0
494,494,1475.7971948491377,1.4757971948491375,Sector 3,267.87506059629726,0.0,0,0.1,2882894.557683218,5564152.091535347,POINT (2882894.557683218 5564152.091535347),25.897482436718217,44.63442797838212,0.0,0.0,1.0,0.0
495,495,1478.797194849226,1.4787971948492262,Sector 3,267.8750605745799,0.0,0,0.1,2882892.6950110625,5564152.07631138,POINT (2882892.6950110625 5564152.07631138),25.89746570404955,44.63442788106371,0.0,0.0,1.0,0.0
496,496,1481.7971948493146,1.4817971948493145,Sector 3,267.87506052462487,0.0,0,0.1,2882890.832338908,5564152.06108741,POINT (2882890.832338908 5564152.06108741),25.8974489713809,44.63442778374528,0.0,0.0,1.0,0.0
497,497,1484.797194848972,1.4847971948489722,Sector 3,267.8750605793779,0.0,0,0.1,2882888.969666754,5564152.045863443,POINT (2882888.969666754 5564152.045863443),25.897432238712245,44.634427686426875,0.0,0.0,1.0,0.0
498,498,1487.7971948490606,1.4877971948490605,Sector 3,267.8750605958957,0.0,0,0.1,2882887.106994599,5564152.030639475,POINT (2882887.106994599 5564152.030639475),25.897415506043583,44.634427589108455,0.0,0.0,1.0,0.0
499,499,1490.797194849149,1.490797194849149,Sector 3,267.8750605174524,0.0,0,0.1,2882885.2443224443,5564152.015415507,POINT (2882885.2443224443 5564152.015415507),25.897398773374924,44.634427491790035,0.0,0.0,1.0,0.0
500,500,1493.7971948492377,1.4937971948492377,Sector 3,267.8750606099392,0.0,0,0.1,2882883.3816502895,5564152.0001915395,POINT (2882883.3816502895 5564152.0001915395),25.897382040706265,44.63442739447162,0.0,0.0,1.0,0.0
501,501,1496.797194849326,1.496797194849326,Sector 3,267.8750605502373,0.0,0,0.1,2882881.5189781347,5564151.984967571,POINT (2882881.5189781347 5564151.984967571),25.897365308037603,44.6344272971532,0.0,0.0,1.0,0.0
502,502,1499.797194848949,1.499797194848949,Sector 3,267.87506055750976,0.0,0,0.1,2882879.656305981,5564151.969743604,POINT (2882879.656305981 5564151.969743604),25.89734857536895,44.63442719983479,0.0,0.0,1.0,0.0
503,503,1502.7971948490374,1.5027971948490373,Sector 3,267.87506056453145,0.0,0,0.1,2882877.793633826,5564151.954519635,POINT (2882877.793633826 5564151.954519635),25.897331842700297,44.63442710251637,0.0,0.0,1.0,0.0
504,504,1505.7971948491604,1.5057971948491604,Sector 3,267.8750605905454,0.0,0,0.1,2882875.9309199443,5564151.946997494,POINT (2882875.9309199443 5564151.946997494),25.897315109656798,44.63442705443148,0.0,0.0,1.0,0.0
505,505,1508.7971948492489,1.508797194849249,Sector 3,267.8750605595826,0.0,0,0.1,2882874.069660863,5564151.998180788,POINT (2882874.069660863 5564151.998180788),25.89729838968199,44.634427381618,0.0,0.0,1.0,0.0
506,506,1511.7971948493373,1.5117971948493374,Sector 3,267.87506057534824,0.0,0,0.1,2882872.20957253,5564152.092479703,POINT (2882872.20957253 5564152.092479703),25.897281680224197,44.63442798441887,0.0,0.0,1.0,0.0
507,507,1514.7971948489603,1.5147971948489602,Sector 3,267.8750605641299,0.0,0,0.1,2882870.349484197,5564152.186778619,POINT (2882870.349484197 5564152.186778619),25.897264970766404,44.634428587219745,0.0,0.0,1.0,0.0
508,508,1517.7971948490488,1.5177971948490487,Sector 3,267.8750605711516,0.0,0,0.1,2882868.4893958634,5564152.281077533,POINT (2882868.4893958634 5564152.281077533),25.897248261308604,44.6344291900206,0.0,0.0,1.0,0.0
509,509,1520.7971948491372,1.5207971948491372,Sector 3,267.87506057842404,0.0,0,0.1,2882866.630148609,5564152.384748166,POINT (2882866.630148609 5564152.384748166),25.89723155940635,44.63442985272967,0.0,0.0,1.0,0.0
510,510,1523.7971948492257,1.5237971948492255,Sector 3,267.8750605472106,0.0,0,0.1,2882864.7740251985,5564152.515782399,POINT (2882864.7740251985 5564152.515782399),25.89721488556606,44.63443069035909,0.0,0.0,1.0,0.0
511,511,1526.797194849349,1.5267971948493486,Sector 3,267.8750605822192,0.0,0,0.1,2882862.9217571234,5564152.662734868,POINT (2882862.9217571234 5564152.662734868),25.89719824635884,44.634431629744995,0.0,0.0,1.0,0.0
512,512,1529.7971948489717,1.5297971948489717,Sector 3,267.8750605517579,0.0,0,0.1,2882861.069489049,5564152.809687334,POINT (2882861.069489049 5564152.809687334),25.897181607151623,44.63443256913086,0.0,0.0,1.0,0.0
513,513,1532.79719484906,1.5327971948490602,Sector 3,267.8750605872679,0.0,0,0.1,2882859.217220973,5564152.956639802,POINT (2882859.217220973 5564152.956639802),25.897164967944395,44.63443350851672,0.0,0.0,1.0,0.0
514,514,1535.7971948491486,1.535797194849149,Sector 3,267.8750605847935,0.0,0,0.1,2882857.380362966,5564153.248816041,POINT (2882857.380362966 5564153.248816041),25.89714846716817,44.6344353762378,0.0,0.0,1.0,0.0
515,515,1538.797194849237,1.538797194849237,Sector 3,267.87506054433464,0.0,0,0.1,2882855.579935577,5564153.718286341,POINT (2882855.579935577 5564153.718286341),25.89713229365376,44.634438377301606,0.0,0.0,1.0,0.0
516,516,1541.7971948493257,1.5417971948493254,Sector 3,267.8750605606017,0.0,0,0.1,2882853.788220418,5564154.227627605,POINT (2882853.788220418 5564154.227627605),25.897116198402635,44.634441633238254,0.0,0.0,1.0,0.0
517,517,1544.7971948489485,1.5447971948489485,Sector 3,267.87506055837804,0.0,0,0.1,2882851.9965052586,5564154.7369688675,POINT (2882851.9965052586 5564154.7369688675),25.89710010315151,44.6344448891747,0.0,0.0,1.0,0.0
518,518,1547.7971948490715,1.5477971948490714,Sector 3,267.87506056539974,0.0,0,0.1,2882850.2047900995,5564155.246310131,POINT (2882850.2047900995 5564155.246310131),25.89708400790039,44.63444814511097,0.0,0.0,1.0,0.0
519,519,1550.79719484916,1.55079719484916,Sector 3,267.87506057242143,0.0,0,0.1,2882848.41307494,5564155.755651394,POINT (2882848.41307494 5564155.755651394),25.89706791264926,44.634451401047066,0.0,0.0,1.0,0.0
520,520,1553.7971948492484,1.5537971948492484,Sector 3,267.8750605889393,0.0,0,0.1,2882846.625866992,5564156.276542577,POINT (2882846.625866992 5564156.276542577),25.897051857887103,44.63445473081519,0.0,0.0,1.0,0.0
521,521,1556.7971948493368,1.5567971948493369,Sector 3,267.8750605387336,0.0,0,0.1,2882844.84717245,5564156.817113571,POINT (2882844.84717245 5564156.817113571),25.897035879602175,44.634458186385224,0.0,0.0,1.0,0.0
522,522,1559.79719484896,1.55979719484896,Sector 3,267.8750605555021,0.0,0,0.1,2882843.0735313706,5564157.367034006,POINT (2882843.0735313706 5564157.367034006),25.897019946713275,44.63446170172083,0.0,0.0,1.0,0.0
523,523,1562.7971948490483,1.5627971948490482,Sector 3,267.87506059101213,0.0,0,0.1,2882841.307516983,5564157.938872429,POINT (2882841.307516983 5564157.938872429),25.89700408233611,44.63446535716571,0.0,0.0,1.0,0.0
524,524,1565.7971948491368,1.5657971948491367,Sector 3,267.8750605980339,0.0,0,0.1,2882839.604433765,5564158.687648207,POINT (2882839.604433765 5564158.687648207),25.896988783279262,44.63447014367233,0.0,0.0,1.0,0.0
525,525,1568.7971948492252,1.5687971948492252,Sector 3,267.87506051959053,0.0,0,0.1,2882838.0078449612,5564159.647181318,POINT (2882838.0078449612 5564159.647181318),25.896974440878015,44.63447627743263,0.0,0.0,1.0,0.0
526,526,1571.7971948493482,1.5717971948493483,Sector 3,267.8750605833382,0.0,0,0.1,2882836.4112561564,5564160.606714428,POINT (2882836.4112561564 5564160.606714428),25.896960098476754,44.63448241119229,0.0,0.0,1.0,0.0
527,527,1574.7971948489712,1.5747971948489712,Sector 3,267.87506056212226,0.0,0,0.1,2882834.8146673525,5564161.566247539,POINT (2882834.8146673525 5564161.566247539),25.896945756075507,44.63448854495129,0.0,0.0,1.0,0.0
528,528,1577.7971948490597,1.5777971948490597,Sector 3,267.8750605881362,0.0,0,0.1,2882833.2180785476,5564162.525780649,POINT (2882833.2180785476 5564162.525780649),25.896931413674245,44.63449467870965,0.0,0.0,1.0,0.0
529,529,1580.797194849148,1.5807971948491482,Sector 3,267.87506055717347,0.0,0,0.1,2882831.6214897432,5564163.485313759,POINT (2882831.6214897432 5564163.485313759),25.89691707127299,44.63450081246736,0.0,0.0,1.0,0.0
530,530,1583.7971948492366,1.5837971948492366,Sector 3,267.8750605926835,0.0,0,0.1,2882830.024900939,5564164.44484687,POINT (2882830.024900939 5564164.44484687),25.896902728871737,44.63450694622443,0.0,0.0,1.0,0.0
531,531,1586.797194849325,1.5867971948493251,Sector 3,267.8750605424778,0.0,0,0.1,2882828.4283121345,5564165.404379981,POINT (2882828.4283121345 5564165.404379981),25.896888386470483,44.63451307998084,0.0,0.0,1.0,0.0
532,532,1589.797194848948,1.589797194848948,Sector 3,267.87506054975023,0.0,0,0.1,2882826.83172333,5564166.363913092,POINT (2882826.83172333 5564166.363913092),25.89687404406923,44.63451921373661,0.0,0.0,1.0,0.0
533,533,1592.797194849071,1.5927971948490711,Sector 3,267.87506058526026,0.0,0,0.1,2882825.241083187,5564167.331981204,POINT (2882825.241083187 5564167.331981204),25.89685975510571,44.63452540205119,0.0,0.0,1.0,0.0
534,534,1595.7971948491595,1.5957971948491596,Sector 3,267.87506055429753,0.0,0,0.1,2882823.6768950145,5564168.339022962,POINT (2882823.6768950145 5564168.339022962),25.896845703764285,44.634531839501655,0.0,0.0,1.0,0.0
535,535,1598.797194849248,1.598797194849248,Sector 3,267.87506058006073,0.0,0,0.1,2882822.162760469,5564169.421284977,POINT (2882822.162760469 5564169.421284977),25.89683210206224,44.63453875779203,0.0,0.0,1.0,0.0
536,536,1601.7971948493364,1.6017971948493364,Sector 3,267.8750605585941,0.0,0,0.1,2882820.6593809733,5564170.518887035,POINT (2882820.6593809733 5564170.518887035),25.89681859697445,44.6345457741418,0.0,0.0,1.0,0.0
537,537,1604.7971948489594,1.6047971948489594,Sector 3,267.87506056586653,0.0,0,0.1,2882819.1560014775,5564171.616489091,POINT (2882819.1560014775 5564171.616489091),25.896805091886662,44.63455279049071,0.0,0.0,1.0,0.0
538,538,1607.797194849048,1.607797194849048,Sector 3,267.87506056339214,0.0,0,0.1,2882817.6526219826,5564172.714091148,POINT (2882817.6526219826 5564172.714091148),25.896791586798884,44.63455980683877,0.0,0.0,1.0,0.0
539,539,1610.7971948491363,1.6107971948491362,Sector 3,267.8750605609177,0.0,0,0.1,2882816.149242487,5564173.8116932055,POINT (2882816.149242487 5564173.8116932055),25.896778081711094,44.634566823186,0.0,0.0,1.0,0.0
540,540,1613.7971948492593,1.613797194849259,Sector 3,267.87506057743553,0.0,0,0.1,2882814.656988856,5564174.920267925,POINT (2882814.656988856 5564174.920267925),25.896764676568647,44.63457390967437,0.0,0.0,1.0,0.0
541,541,1616.7971948493478,1.6167971948493478,Sector 3,267.87506059370264,0.0,0,0.1,2882813.167202468,5564176.031111294,POINT (2882813.167202468 5564176.031111294),25.896751293589826,44.63458101066406,0.0,0.0,1.0,0.0
542,542,1619.7971948489708,1.619797194848971,Sector 3,267.87506053450227,0.0,0,0.1,2882811.7800197685,5564177.26639853,POINT (2882811.7800197685 5564177.26639853),25.896738832315616,44.63458890715157,0.0,0.0,1.0,0.0
543,543,1622.7971948490592,1.6227971948490592,Sector 3,267.8750605795084,0.0,0,0.1,2882810.4689227114,5564178.588592832,POINT (2882810.4689227114 5564178.588592832),25.896727054530363,44.63459735918524,0.0,0.0,1.0,0.0
544,544,1625.7971948491477,1.6257971948491476,Sector 3,265.9022998013701,0.0,0,0.1,2882809.1763388277,5564179.929531872,POINT (2882809.1763388277 5564179.929531872),25.896715443051775,44.63460593104208,0.0,0.0,1.0,0.0
545,545,1628.7944332859986,1.6287944332859985,Sector 3,262.8383047093432,0.0,0,0.1,2882807.885932982,5564181.27008664,POINT (2882807.885932982 5564181.27008664),25.896703851138835,44.63461450044121,0.0,0.0,1.0,0.0
546,546,1631.7944332859531,1.6317944332859533,Sector 3,262.8383047295982,0.0,0,0.1,2882806.60267527,5564182.618224925,POINT (2882806.60267527 5564182.618224925),25.89669232343867,44.634623118316156,0.0,0.0,1.0,0.0
547,547,1634.794433286254,1.6347944332862538,Sector 3,262.83830467021,0.0,0,0.1,2882805.3564709113,5564183.998022437,POINT (2882805.3564709113 5564183.998022437),25.896681128594448,44.63463193856906,0.0,0.0,1.0,0.0
548,548,1637.7944332862087,1.6377944332862089,Sector 3,262.8383047187505,0.0,0,0.1,2882804.2265101187,5564185.474746787,POINT (2882804.2265101187 5564185.474746787),25.89667097798394,44.634641378418074,0.0,0.0,1.0,0.0
549,549,1640.7944332861634,1.6407944332861637,Sector 3,242.38076599855228,0.0,0,0.1,2882803.269581381,5564187.072690861,POINT (2882803.269581381 5564187.072690861),25.89666238174684,44.63465159315329,0.0,0.0,1.0,0.0
550,550,1643.6810442364815,1.6436810442364818,Sector 3,230.19458212892064,0.0,0,0.1,2882802.3489522263,5564188.610322831,POINT (2882802.3489522263 5564188.610322831),25.89665411159443,44.63466142234631,0.0,0.0,1.0,0.0
551,551,1646.68104423593,1.64668104423593,Sector 3,230.1945821144738,0.0,0,0.1,2882801.3951472314,5564190.210275662,POINT (2882801.3951472314 5564190.210275662),25.89664554341838,44.63467164991883,0.0,0.0,1.0,0.0
552,552,1649.681044236332,1.649681044236332,Sector 3,230.194582127614,0.0,0,0.1,2882800.4556055777,5564191.818277552,POINT (2882800.4556055777 5564191.818277552),25.896637103372104,44.634681928942506,0.0,0.0,1.0,0.0
553,553,1652.6810442363762,1.6526810442363762,Sector 3,230.1945821234385,0.0,0,0.1,2882799.5166904354,5564193.426632991,POINT (2882799.5166904354 5564193.426632991),25.896628668953873,44.6346922102244,0.0,0.0,1.0,0.0
554,554,1655.6810442364206,1.6556810442364205,Sector 3,230.19458209872016,0.0,0,0.1,2882798.577775293,5564195.034988432,POINT (2882798.577775293 5564195.034988432),25.896620234535646,44.634702491504484,0.0,0.0,1.0,0.0
555,555,1658.681044236465,1.658681044236465,Sector 3,230.19458212510284,0.0,0,0.1,2882797.6388601502,5564196.643343873,POINT (2882797.6388601502 5564196.643343873),25.896611800117412,44.63471277278274,0.0,0.0,1.0,0.0
556,556,1661.6810442365093,1.6616810442365093,Sector 3,230.19458210038448,0.0,0,0.1,2882796.699945008,5564198.2516993135,POINT (2882796.699945008 5564198.2516993135),25.896603365699185,44.63472305405918,0.0,0.0,1.0,0.0
557,557,1664.6810442365536,1.6646810442365536,Sector 3,230.1945821340672,0.0,0,0.1,2882795.7596563795,5564199.859349459,POINT (2882795.7596563795 5564199.859349459),25.896594918942718,44.634733330825256,0.0,0.0,1.0,0.0
558,558,1667.6810442360018,1.6676810442360015,Sector 3,230.19458211232,0.0,0,0.1,2882794.818136609,5564201.466367152,POINT (2882794.818136609 5564201.466367152),25.89658646112672,44.6347436035466,0.0,0.0,1.0,0.0
559,559,1670.681044236046,1.670681044236046,Sector 3,225.8901936220892,0.0,0,0.1,2882793.876586814,5564203.073369114,POINT (2882793.876586814 5564203.073369114),25.896578003041004,44.63475387616558,0.0,0.0,1.0,0.0
560,560,1673.6598994790136,1.6736598994790135,Sector 3,215.13799997464267,0.0,0,0.1,2882792.9470012384,5564204.671441253,POINT (2882792.9470012384 5564204.671441253),25.896569652431698,44.63476409169965,0.0,0.0,1.0,0.0
561,561,1676.6598994790363,1.6766598994790365,Sector 3,215.13799998835876,0.0,0,0.1,2882792.0301132733,5564206.288788965,POINT (2882792.0301132733 5564206.288788965),25.89656141588697,44.63477443044928,0.0,0.0,1.0,0.0
562,562,1679.6598994790595,1.6796598994790597,Sector 3,215.1379999856065,0.0,0,0.1,2882791.1336245215,5564207.912210081,POINT (2882791.1336245215 5564207.912210081),25.89655336259149,44.63478480802073,0.0,0.0,1.0,0.0
563,563,1682.6598994790825,1.6826598994790825,Sector 3,215.1380000049733,0.0,0,0.1,2882790.237094269,5564209.535621874,POINT (2882790.237094269 5564209.535621874),25.89654530892321,44.63479518553074,0.0,0.0,1.0,0.0
564,564,1685.6598994791054,1.6856598994791054,Sector 3,215.13799996934523,0.0,0,0.1,2882789.379139549,5564211.181723562,POINT (2882789.379139549 5564211.181723562),25.896537601784825,44.63480570808191,0.0,0.0,1.0,0.0
565,565,1688.6598994791284,1.6886598994791284,Sector 3,215.1379999994687,0.0,0,0.1,2882788.8014915767,5564212.947266855,POINT (2882788.8014915767 5564212.947266855),25.896532412684802,44.634816994150256,0.0,0.0,1.0,0.0
566,566,1691.6598994791514,1.6916598994791514,Sector 3,215.13799998030868,0.0,0,0.1,2882788.2723585223,5564214.733260813,POINT (2882788.2723585223 5564214.733260813),25.896527659401702,44.63482841094532,0.0,0.0,1.0,0.0
567,567,1694.6598994791743,1.6946598994791744,Sector 3,215.13799999414556,0.0,0,0.1,2882787.7432254674,5564216.519254771,POINT (2882787.7432254674 5564216.519254771),25.896522906118598,44.63483982773812,0.0,0.0,1.0,0.0
568,568,1697.6598994791973,1.6976598994791974,Sector 3,202.6673149427085,0.0,0,0.1,2882787.214092412,5564218.305248729,POINT (2882787.214092412 5564218.305248729),25.896518152835487,44.634851244528676,0.0,0.0,1.0,0.0
569,569,1700.6023224257185,1.7006023224257183,Sector 3,192.53177035151205,0.0,0,0.1,2882786.6951146647,5564220.0569652645,POINT (2882786.6951146647 5564220.0569652645),25.89651349077906,44.63486244220201,0.0,0.0,1.0,0.0
570,570,1703.6023224256758,1.7036023224256758,Sector 3,192.53177033983525,0.0,0,0.1,2882786.16598161,5564221.842959222,POINT (2882786.16598161 5564221.842959222),25.896508737495957,44.634873858988115,0.0,0.0,1.0,0.0
571,571,1706.602322425532,1.706602322425532,Sector 3,192.5317703434221,0.0,0,0.1,2882785.6428122874,5564223.630384715,POINT (2882785.6428122874 5564223.630384715),25.89650403778597,44.634885284922916,0.0,0.0,1.0,0.0
572,572,1709.6023224253884,1.7096023224253885,Sector 3,192.53177034783943,0.0,0,0.1,2882785.1573366756,5564225.426040843,POINT (2882785.1573366756 5564225.426040843),25.89649967668435,44.63489676346895,0.0,0.0,1.0,0.0
573,573,1712.6023224253458,1.712602322425346,Sector 3,192.5317703444101,0.0,0,0.1,2882784.7803553143,5564227.245383251,POINT (2882784.7803553143 5564227.245383251),25.89649629020316,44.634908393424766,0.0,0.0,1.0,0.0
574,574,1715.602322425202,1.7156023224252022,Sector 3,192.5317703488273,0.0,0,0.1,2882784.554301352,5564229.093269747,POINT (2882784.554301352 5564229.093269747),25.896494259525866,44.63492020584328,0.0,0.0,1.0,0.0
575,575,1718.602322426069,1.7186023224260687,Sector 3,192.53177033921224,0.0,0,0.1,2882784.3282473893,5564230.941156242,POINT (2882784.3282473893 5564230.941156242),25.896492228848572,44.63493201825939,0.0,0.0,1.0,0.0
576,576,1721.602322425925,1.721602322425925,Sector 3,192.531770351877,0.0,0,0.1,2882784.1021934263,5564232.789042737,POINT (2882784.1021934263 5564232.789042737),25.89649019817127,44.634943830673095,0.0,0.0,1.0,0.0
577,577,1724.6023224258824,1.7246023224258824,Sector 3,192.5317703463856,0.0,0,0.1,2882783.876139464,5564234.636929233,POINT (2882783.876139464 5564234.636929233),25.896488167493978,44.634955643084396,0.0,0.0,1.0,0.0
578,578,1727.6023224257387,1.7276023224257389,Sector 3,169.28817230593154,0.0,0,0.1,2882783.650085501,5564236.484815727,POINT (2882783.650085501 5564236.484815727),25.896486136816677,44.63496745549329,0.0,0.0,1.0,0.0
579,579,1730.536624632681,1.730536624632681,Sector 3,163.12576727216538,0.0,0,0.1,2882783.4289819538,5564238.292234869,POINT (2882783.4289819538 5564238.292234869),25.89648415060972,44.6349790092168,0.0,0.0,1.0,0.0
580,580,1733.5366246324702,1.7335366246324702,Sector 3,163.12576727765918,0.0,0,0.1,2882783.208020419,5564240.140111103,POINT (2882783.208020419 5564240.140111103),25.89648216567848,44.63499082155534,0.0,0.0,1.0,0.0
581,581,1736.5366246332858,1.7365366246332858,Sector 3,163.12576726851137,0.0,0,0.1,2882783.004884108,5564241.988086993,POINT (2882783.004884108 5564241.988086993),25.896480340873953,44.635002634528526,0.0,0.0,1.0,0.0
582,582,1739.536624633075,1.739536624633075,Sector 3,163.12576726753423,0.0,0,0.1,2882782.8257256667,5564243.837886061,POINT (2882782.8257256667 5564243.837886061),25.896478731466292,44.63501445915376,0.0,0.0,1.0,0.0
583,583,1742.5366246329993,1.7425366246329992,Sector 3,163.12576727960322,0.0,0,0.1,2882782.662513522,5564245.689569878,POINT (2882782.662513522 5564245.689569878),25.896477265306647,44.63502629582461,0.0,0.0,1.0,0.0
584,584,1745.5366246327883,1.7455366246327886,Sector 3,163.1257672638803,0.0,0,0.1,2882782.499301377,5564247.541253696,POINT (2882782.499301377 5564247.541253696),25.896475799147005,44.63503813249306,0.0,0.0,1.0,0.0
585,585,1748.5366246327128,1.7485366246327128,Sector 3,163.12576728698275,0.0,0,0.1,2882782.3385337046,5564249.392610236,POINT (2882782.3385337046 5564249.392610236),25.89647435494643,44.635049967067005,0.0,0.0,1.0,0.0
586,586,1751.536624632502,1.751536624632502,Sector 3,163.12576726022667,0.0,0,0.1,2882782.2465091757,5564251.23911624,POINT (2882782.2465091757 5564251.23911624),25.896473528276022,44.63506177063208,0.0,0.0,1.0,0.0
587,587,1754.5366246333176,1.7545366246333176,Sector 3,150.5397552299819,0.0,0,0.1,2882782.637976674,5564253.058556238,POINT (2882782.637976674 5564253.058556238),25.896477044888393,44.63507340117865,0.0,0.0,1.0,0.0
588,588,1757.499407067771,1.757499407067771,Sector 3,144.0608469946688,0.0,0,0.1,2882783.155455469,5564254.823680287,POINT (2882783.155455469 5564254.823680287),25.896481693479505,44.63508468451497,0.0,0.0,1.0,0.0
589,589,1760.499407067653,1.760499407067653,Sector 3,144.06084702170284,0.0,0,0.1,2882783.6794346753,5564256.610977284,POINT (2882783.6794346753 5564256.610977284),25.8964864004648,44.63509610958687,0.0,0.0,1.0,0.0
590,590,1763.499407067535,1.763499407067535,Sector 3,144.06084700422116,0.0,0,0.1,2882784.203413881,5564258.39827428,POINT (2882784.203413881 5564258.39827428),25.896491107450085,44.63510753465651,0.0,0.0,1.0,0.0
591,591,1766.499407068171,1.766499407068171,Sector 3,144.0608470033689,0.0,0,0.1,2882784.72814973,5564260.185308214,POINT (2882784.72814973 5564260.185308214),25.896495821232417,44.63511895804232,0.0,0.0,1.0,0.0
592,592,1769.499407068053,1.769499407068053,Sector 3,144.0608469857849,0.0,0,0.1,2882785.274772187,5564261.962503365,POINT (2882785.274772187 5564261.962503365),25.8965007316255,44.63513031853273,0.0,0.0,1.0,0.0
593,593,1772.4994070682085,1.7724994070682083,Sector 3,144.06084701271664,0.0,0,0.1,2882785.8278108593,5564263.736810414,POINT (2882785.8278108593 5564263.736810414),25.896505699656416,44.635141660559114,0.0,0.0,1.0,0.0
594,594,1775.4994070680902,1.7754994070680905,Sector 3,144.0608470008125,0.0,0,0.1,2882786.3808495305,5564265.511117463,POINT (2882786.3808495305 5564265.511117463),25.896510667687327,44.635153002583266,0.0,0.0,1.0,0.0
595,595,1778.4994070679722,1.7784994070679725,Sector 3,144.06084701658972,0.0,0,0.1,2882786.934886665,5564267.2848596,POINT (2882786.934886665 5564267.2848596),25.89651564468759,44.63516434099407,0.0,0.0,1.0,0.0
596,596,1781.4994070678542,1.7814994070678545,Sector 3,144.0608469881588,0.0,0,0.1,2882787.490942265,5564269.057439182,POINT (2882787.490942265 5564269.057439182),25.89652063982003,44.63517567197121,0.0,0.0,1.0,0.0
597,597,1784.4994070680095,1.7844994070680096,Sector 3,144.06084699247418,0.0,0,0.1,2882788.0484255115,5564270.829184003,POINT (2882788.0484255115 5564270.829184003),25.896525647777242,44.63518699761003,0.0,0.0,1.0,0.0
598,598,1787.4994070678915,1.7874994070678916,Sector 3,144.0608469974045,0.0,0,0.1,2882788.6059087585,5564272.600928823,POINT (2882788.6059087585 5564272.600928823),25.896530655734455,44.63519832324663,0.0,0.0,1.0,0.0
599,599,1790.4994070677735,1.7904994070677736,Sector 3,144.0608470132845,0.0,0,0.1,2882789.166308833,5564274.370710404,POINT (2882789.166308833 5564274.370710404),25.896535689893973,44.63520963633128,0.0,0.0,1.0,0.0
600,600,1793.4994070676555,1.7934994070676555,Sector 3,133.60395031011427,0.0,0,0.1,2882789.741266346,5564276.130560187,POINT (2882789.741266346 5564276.130560187),25.896540854825194,44.6352208859261,0.0,0.0,1.0,0.0
601,601,1796.4640592936155,1.7964640592936154,Sector 3,126.1931418156048,0.0,0,0.1,2882790.318314867,5564277.862458981,POINT (2882790.318314867 5564277.862458981),25.896546038540254,44.635231956845985,0.0,0.0,1.0,0.0
602,602,1799.4640592936423,1.7994640592936426,Sector 3,126.1931418131132,0.0,0,0.1,2882791.300952569,5564279.435023673,POINT (2882791.300952569 5564279.435023673),25.89655486572492,44.635242009243164,0.0,0.0,1.0,0.0
603,603,1802.4640592936696,1.8024640592936696,Sector 3,126.19314182196617,0.0,0,0.1,2882792.444877397,5564280.903138239,POINT (2882792.444877397 5564280.903138239),25.896565141776485,44.635251393956125,0.0,0.0,1.0,0.0
604,604,1805.4640592940725,1.8054640592940725,Sector 3,126.1931418164333,0.0,0,0.1,2882793.612072332,5564282.354627257,POINT (2882793.612072332 5564282.354627257),25.89657562686698,44.63526067239115,0.0,0.0,1.0,0.0
605,605,1808.4640592940996,1.8084640592940997,Sector 3,126.19314183295518,0.0,0,0.1,2882794.779267267,5564283.806116276,POINT (2882794.779267267 5564283.806116276),25.89658611195748,44.63526995082471,0.0,0.0,1.0,0.0
606,606,1811.4640592941264,1.8114640592941265,Sector 3,126.19314179978836,0.0,0,0.1,2882795.946462201,5564285.257605296,POINT (2882795.946462201 5564285.257605296),25.896596597047967,44.635279229256774,0.0,0.0,1.0,0.0
607,607,1814.4640592936037,1.8144640592936037,Sector 3,126.19314180927596,0.0,0,0.1,2882797.113657135,5564286.709094314,POINT (2882797.113657135 5564286.709094314),25.896607082138456,44.63528850768735,0.0,0.0,1.0,0.0
608,608,1817.4640592936305,1.8174640592936304,Sector 3,126.19314184145276,0.0,0,0.1,2882798.2853314015,5564288.156380923,POINT (2882798.2853314015 5564288.156380923),25.89661760746747,44.63529775925316,0.0,0.0,1.0,0.0
609,609,1820.4640592936576,1.8204640592936576,Sector 3,126.1931418006173,0.0,0,0.1,2882799.467788422,5564289.592316828,POINT (2882799.467788422 5564289.592316828),25.896628229659616,44.635306938259816,0.0,0.0,1.0,0.0
610,610,1823.4640592936848,1.8234640592936848,Sector 3,126.19314184046289,0.0,0,0.1,2882800.659085952,5564291.018164332,POINT (2882800.659085952 5564291.018164332),25.896638931267407,44.635316052776446,0.0,0.0,1.0,0.0
611,611,1826.464059293712,1.826464059293712,Sector 3,126.19314181496507,0.0,0,0.1,2882801.850383482,5564292.444011836,POINT (2882801.850383482 5564292.444011836),25.8966496328752,44.63532516729163,0.0,0.0,1.0,0.0
612,612,1829.4640592941143,1.8294640592941145,Sector 3,126.19314182445282,0.0,0,0.1,2882803.041681012,5564293.869859341,POINT (2882803.041681012 5564293.869859341),25.896660334482988,44.63533428180539,0.0,0.0,1.0,0.0
613,613,1832.4640592941412,1.8324640592941412,Sector 3,121.58265038290608,0.0,0,0.1,2882804.233819406,5564295.294463618,POINT (2882804.233819406 5564295.294463618),25.89667104364439,44.63534338837058,0.0,0.0,1.0,0.0
614,614,1835.398272167658,1.835398272167658,Sector 3,90.78855945938182,0.0,0,0.1,2882805.411254369,5564296.670914958,POINT (2882805.411254369 5564296.670914958),25.896681620722624,44.63535218712412,0.0,0.0,1.0,0.0
615,615,1838.3982721678744,1.8383982721678744,Sector 3,90.78855946529744,0.0,0,0.1,2882806.6232015644,5564298.062735388,POINT (2882806.6232015644 5564298.062735388),25.896692507829513,44.635361084120845,0.0,0.0,1.0,0.0
616,616,1841.3982721676248,1.8413982721676248,Sector 3,90.78855949962474,0.0,0,0.1,2882807.835427634,5564299.454023322,POINT (2882807.835427634 5564299.454023322),25.896703397441573,44.6353699777123,0.0,0.0,1.0,0.0
617,617,1844.3982721678417,1.8443982721678416,Sector 3,90.78855943912232,0.0,0,0.1,2882809.2110252064,5564300.687409099,POINT (2882809.2110252064 5564300.687409099),25.896715754644816,44.635377861937684,0.0,0.0,1.0,0.0
618,618,1847.3982721675925,1.8473982721675928,Sector 3,90.78855949235977,0.0,0,0.1,2882810.7178553557,5564301.773054043,POINT (2882810.7178553557 5564301.773054043),25.896729290730352,44.63538480175204,0.0,0.0,1.0,0.0
619,619,1850.398272167796,1.8503982721677965,Sector 3,90.78855943213648,0.0,0,0.1,2882812.26203839,5564302.810066212,POINT (2882812.26203839 5564302.810066212),25.896743162362565,44.635391430688266,0.0,0.0,1.0,0.0
620,620,1853.398272167547,1.853398272167547,Sector 3,90.78855949478248,0.0,0,0.1,2882813.807890227,5564303.843225534,POINT (2882813.807890227 5564303.843225534),25.896757048985886,44.63539803499502,0.0,0.0,1.0,0.0
621,621,1856.3982721677637,1.8563982721677637,Sector 3,90.78855947228637,0.0,0,0.1,2882815.3549922267,5564304.873478613,POINT (2882815.3549922267 5564304.873478613),25.896770946839613,44.63540462072332,0.0,0.0,1.0,0.0
622,622,1859.3982721675145,1.8593982721675144,Sector 3,90.78855944960418,0.0,0,0.1,2882816.902094227,5564305.903731692,POINT (2882816.902094227 5564305.903731692),25.89678484469334,44.63541120645089,0.0,0.0,1.0,0.0
623,623,1862.3982721677307,1.8623982721677308,Sector 3,90.78855946502136,0.0,0,0.1,2882818.4491962274,5564306.93398477,POINT (2882818.4491962274 5564306.93398477),25.89679874254707,44.635417792177705,0.0,0.0,1.0,0.0
624,624,1865.3982721674813,1.8653982721674816,Sector 3,90.78855948053166,0.0,0,0.1,2882819.9978421484,5564307.959564949,POINT (2882819.9978421484 5564307.959564949),25.896812654270075,44.63542434803302,0.0,0.0,1.0,0.0
625,625,1868.3982721676853,1.8683982721676853,Sector 3,90.78855944834788,0.0,0,0.1,2882821.559997796,5564308.951169237,POINT (2882821.559997796 5564308.951169237),25.89682668735302,44.63543068670224,0.0,0.0,1.0,0.0
626,626,1871.3982721679015,1.8713982721679017,Sector 3,90.78855947335968,0.0,0,0.1,2882823.310244735,5564309.577008784,POINT (2882823.310244735 5564309.577008784),25.896842410088784,44.63543468727946,0.0,0.0,1.0,0.0
627,627,1874.3982721676523,1.8743982721676524,Sector 3,90.78855946977376,0.0,0,0.1,2882825.070066887,5564310.177106414,POINT (2882825.070066887 5564310.177106414),25.896858218840148,44.63543852330541,0.0,0.0,1.0,0.0
628,628,1877.398272167869,1.877398272167869,Sector 3,90.78855946618772,0.0,0,0.1,2882826.8303612196,5564310.775934638,POINT (2882826.8303612196 5564310.775934638),25.896874031833182,44.635442351216646,0.0,0.0,1.0,0.0
629,629,1880.39827216762,1.88039827216762,Sector 3,90.78855945300712,0.0,0,0.1,2882828.590655552,5564311.374762864,POINT (2882828.590655552 5564311.374762864),25.89688984482622,44.63544617912763,0.0,0.0,1.0,0.0
630,630,1883.398272167836,1.883398272167836,Sector 3,90.7885594685174,0.0,0,0.1,2882830.350949885,5564311.973591088,POINT (2882830.350949885 5564311.973591088),25.896905657819254,44.63545000703835,0.0,0.0,1.0,0.0
631,631,1886.3982721675743,1.8863982721675745,Sector 3,90.78855948374849,0.0,0,0.1,2882832.111244217,5564312.572419314,POINT (2882832.111244217 5564312.572419314),25.896921470812288,44.63545383494884,0.0,0.0,1.0,0.0
632,632,1889.3982721677908,1.8893982721677909,Sector 3,90.78855945202996,0.0,0,0.1,2882833.8717819713,5564313.16946228,POINT (2882833.8717819713 5564313.16946228),25.896937285992017,44.6354576514471,0.0,0.0,1.0,0.0
633,633,1892.3982721675416,1.8923982721675416,Sector 3,87.10801028437186,0.0,0,0.1,2882835.6628768323,5564313.649606121,POINT (2882835.6628768323 5564313.649606121),25.896953375670904,44.63546072068687,0.0,0.0,1.0,0.0
634,634,1895.3968447048287,1.895396844704829,Sector 3,86.25931410926262,0.0,0,0.1,2882837.4952415745,5564313.965324813,POINT (2882837.4952415745 5564313.965324813),25.896969836083443,44.6354627388661,0.0,0.0,1.0,0.0
635,635,1898.396844704852,1.898396844704852,Sector 3,86.2593141430716,0.0,0,0.1,2882839.3355641067,5564314.242581517,POINT (2882839.3355641067 5564314.242581517),25.896986367982027,44.635464511183415,0.0,0.0,1.0,0.0
636,636,1901.3968447048744,1.901396844704874,Sector 3,86.25931411006371,0.0,0,0.1,2882841.1758866385,5564314.519838223,POINT (2882841.1758866385 5564314.519838223),25.897002899880608,44.63546628350068,0.0,0.0,1.0,0.0
637,637,1904.3968447048967,1.904396844704897,Sector 3,86.25931411410244,0.0,0,0.1,2882843.016209171,5564314.797094928,POINT (2882843.016209171 5564314.797094928),25.897019431779196,44.63546805581789,0.0,0.0,1.0,0.0
638,638,1907.39684470498,1.90739684470498,Sector 3,86.25931410954126,0.0,0,0.1,2882844.8565317034,5564315.074351634,POINT (2882844.8565317034 5564315.074351634),25.89703596367778,44.63546982813505,0.0,0.0,1.0,0.0
639,639,1910.396844704538,1.9103968447045376,Sector 3,86.2593140963802,0.0,0,0.1,2882846.696854235,5564315.351608339,POINT (2882846.696854235 5564315.351608339),25.89705249557636,44.63547160045215,0.0,0.0,1.0,0.0
640,640,1913.3968447045604,1.9133968447045604,Sector 3,86.25931415775358,0.0,0,0.1,2882848.5371767674,5564315.628865045,POINT (2882848.5371767674 5564315.628865045),25.897069027474945,44.6354733727692,0.0,0.0,1.0,0.0
641,641,1916.396844704583,1.916396844704583,Sector 3,86.25931412474563,0.0,0,0.1,2882850.3935418115,5564315.765557722,POINT (2882850.3935418115 5564315.765557722),25.897085703485864,44.63547424655422,0.0,0.0,1.0,0.0
642,642,1919.396844704666,1.919396844704666,Sector 3,86.2593141111434,0.0,0,0.1,2882852.255392668,5564315.804837526,POINT (2882852.255392668 5564315.804837526),25.897102428776677,44.63547449764378,0.0,0.0,1.0,0.0
643,643,1922.3968447046889,1.9223968447046889,Sector 3,86.25931412554667,0.0,0,0.1,2882854.1180401314,5564315.821980827,POINT (2882854.1180401314 5564315.821980827),25.89711916122353,44.635474607229455,0.0,0.0,1.0,0.0
644,644,1925.3968447047112,1.9253968447047112,Sector 3,86.25931410202105,0.0,0,0.1,2882855.980687595,5564315.839124128,POINT (2882855.980687595 5564315.839124128),25.897135893670384,44.63547471681513,0.0,0.0,1.0,0.0
645,645,1928.3968447047337,1.9283968447047335,Sector 3,86.259314115542,0.0,0,0.1,2882857.8433350585,5564315.856267428,POINT (2882857.8433350585 5564315.856267428),25.89715262611724,44.6354748264008,0.0,0.0,1.0,0.0
646,646,1931.3968447048169,1.9313968447048169,Sector 3,86.25931412090426,0.0,0,0.1,2882859.705982522,5564315.873410727,POINT (2882859.705982522 5564315.873410727),25.897169358564096,44.635474935986466,0.0,0.0,1.0,0.0
647,647,1934.3968447048396,1.9343968447048396,Sector 3,86.25931412626647,0.0,0,0.1,2882861.5686299857,5564315.890554029,POINT (2882861.5686299857 5564315.890554029),25.897186091010948,44.635475045572136,0.0,0.0,1.0,0.0
648,648,1937.396844704862,1.937396844704862,Sector 3,86.25931412126414,0.0,0,0.1,2882863.4312774492,5564315.907697329,POINT (2882863.4312774492 5564315.907697329),25.8972028234578,44.63547515515781,0.0,0.0,1.0,0.0
649,649,1940.396844704945,1.940396844704945,Sector 3,86.25931411670297,0.0,0,0.1,2882865.293924913,5564315.92484063,POINT (2882865.293924913 5564315.92484063),25.897219555904655,44.63547526474349,0.0,0.0,1.0,0.0
650,650,1943.396844704968,1.943396844704968,Sector 3,86.2593141311063,0.0,0,0.1,2882867.1565723764,5564315.941983928,POINT (2882867.1565723764 5564315.941983928),25.89723628835151,44.63547537432914,0.0,0.0,1.0,0.0
651,651,1946.3968447045256,1.9463968447045257,Sector 3,86.259314117504,0.0,0,0.1,2882869.01921984,5564315.959127229,POINT (2882869.01921984 5564315.959127229),25.897253020798363,44.63547548391482,0.0,0.0,1.0,0.0
652,652,1949.396844704548,1.949396844704548,Sector 3,86.25931411206057,0.0,0,0.1,2882870.8818673035,5564315.97627053,POINT (2882870.8818673035 5564315.97627053),25.89726975324522,44.635475593500495,0.0,0.0,1.0,0.0
653,653,1952.3968447046316,1.9523968447046316,Sector 3,86.25932280490338,0.0,0,0.1,2882872.7445632396,5564315.981605324,POINT (2882872.7445632396 5564315.981605324),25.897286486127513,44.63547562760227,0.0,0.0,1.0,0.0
654,654,1952.6646770004013,1.9526646770004012,Sector 3,86.25932280490338,0.0,0,0.1,2882872.910860364,5564315.98198059,POINT (2882872.910860364 5564315.98198059),25.897287979999994,44.635475630001096,0.0,0.0,1.0,0.0
