point_id,lon,lat,elevation_m,distance_m,distance_km,heading_deg,slope,slope_deg,segment_length_m,segment_center_lon,segment_center_lat,sector,x_m,y_m,irradiance_wm2,power_w,shadow_factor,solar_score
0,25.8981031,44.63448249999999,0.0,0.0,0.0,323.09024786763854,0.0,0.0,3.0000000002000244,25.898095007665,44.634490166924536,Sector 1,2882963.6496037,5564160.620607039,390.3911386940205,374.7754931462597,1.0,0.9924806270266793
1,25.898086915329998,44.63449783384908,0.0,3.0000000002000244,0.0030000000002,323.09024786106846,0.0,0.0,3.0000000002000244,25.898078822994997,44.634505500771596,Sector 1,2882961.847934476,5564163.019354215,390.3911386940205,374.7754931462597,1.0,0.9924806270266793
2,25.89807073065999,44.6345131676941,0.0,6.000000000120393,0.0060000000001203,323.0902478550985,0.0,0.0,2.999999999920368,25.898062638324987,44.63452083461459,Sector 1,2882960.046265253,5564165.418101389,390.3911386940205,374.7754931462597,1.0,0.9924806270266793
3,25.898054545989982,44.63452850153508,0.0,9.000000000320417,0.0090000000003204,323.0902478710556,0.0,0.0,3.000000000200025,25.898046453654985,44.634536168453536,Sector 1,2882958.2445960287,5564167.816848565,390.3911386940205,374.7754931462597,1.0,0.9924806270266793
4,25.898038361319987,44.634543835372,0.0,12.000000000240783,0.0120000000002407,323.09024784285856,0.0,0.0,2.999999999920366,25.898030268984982,44.63455150228843,Sector 1,2882956.442926806,5564170.21559574,390.3911386940205,374.7754931462597,1.0,0.9924806270266793
5,25.89802217664998,44.63455916920487,0.0,14.99999999969614,0.0149999999996961,343.9257308064939,0.0,0.0,2.9999999994553566,25.898018544083182,44.63456814006656,Sector 1,2882954.641257582,5564172.614342913,390.3911386940205,374.7754931462597,1.0,0.9924806270266793
6,25.898014911516384,44.634577110928255,0.0,17.920910291974444,0.0179209102919744,352.236619285732,0.0,0.0,2.920910292278304,25.898013091318248,44.634586611687446,Sector 1,2882953.83250661,5564175.421056081,390.3911386940205,374.7754931462597,1.0,0.9924806270266793
7,25.898011271120115,44.63459611244664,0.0,20.920910292835693,0.0209209102928356,352.2366192885456,0.0,0.0,3.000000000861249,25.89800945092198,44.63460561320272,Sector 1,2882953.427259551,5564178.393559205,390.3911386940205,374.7754931462597,1.0,0.9924806270266793
8,25.898007630723843,44.6346151139588,0.0,23.920910292837057,0.023920910292837,352.2366192944904,0.0,0.0,3.0000000000013642,25.89800581052571,44.63462461471177,Sector 1,2882953.0220124912,5564181.36606233,392.80908146392886,377.0967182053717,1.0,0.9967696037975713
9,25.898003990327577,44.634634115464735,0.0,26.92091029277552,0.0269209102927755,352.2366192877549,0.0,0.0,2.9999999999384634,25.89800217012944,44.63464361621459,Sector 1,2882952.616765433,5564184.338565453,394.2213294921567,378.4524763124704,1.0,0.9992746668053434
10,25.898000349931305,44.63465311696445,0.0,29.92091029277688,0.0299209102927768,352.2366192908505,0.0,0.0,3.0000000000013607,25.897998529733172,44.6346626177112,Sector 1,2882952.211518374,5564187.311068577,394.56238295912493,378.7798876407599,1.0,0.9998796316604521
11,25.89799670953504,44.63467211845794,0.0,32.92091029271534,0.0329209102927153,12.28692417529902,0.0,0.0,2.99999999993846,25.897999542276402,44.634681373811816,Sector 1,2882951.806271315,5564190.2835717,394.60652229123116,378.8222613995819,1.0,0.9999579265533018
12,25.898002375017768,44.63469062916568,0.0,35.88452219154276,0.0358845221915427,16.240570700248384,0.0,0.0,2.9636118988274163,25.898006143509544,44.6346998351664,Sector 1,2882952.4369499674,5564193.179299574,394.3997896644372,378.6237980778597,1.0,0.9995912216646916
13,25.89800991200132,44.63470904116713,0.0,38.884522191617535,0.0388845221916175,16.240570698687748,0.0,0.0,3.0000000000747775,25.898013680493094,44.634718247164926,Sector 1,2882953.275963139,5564196.059587217,393.3464082888086,377.61255195725624,1.0,0.9977227207608705
14,25.89801744898487,44.63472745316272,0.0,41.88452219156208,0.041884522191562,16.2405707124654,0.0,0.0,2.999999999944542,25.898021217476646,44.634736659157596,Sector 1,2882954.1149763092,5564198.9398748595,390.88735375131944,375.25185960126663,1.0,0.9933608194285046
15,25.898024985968423,44.63474586515247,0.0,44.88452219163685,0.0448845221916368,16.240570710601048,0.0,0.0,3.0000000000747704,25.8980287544602,44.634755071144426,Sector 1,2882954.9539894806,5564201.820162499,387.6460949057155,372.1402511094868,1.0,0.987611434426406
16,25.89803252295198,44.63476427713638,0.0,47.88452219171163,0.0478845221917116,16.240570702244554,0.0,0.0,3.0000000000747846,25.898036291443752,44.634773483125414,Sector 1,2882955.793002652,5564204.700450141,383.6804098006639,368.3331934086373,1.0,0.9805770531714337
17,25.89804005993553,44.634782689114445,0.0,50.884522191656174,0.0508845221916561,21.02304825124702,0.0,0.0,2.999999999944542,25.89804483014604,44.634791521413476,Sector 1,2882956.6320158234,5564207.580737783,379.6771223464664,364.4900374526077,1.0,0.9734759724047837
18,25.898049600356558,44.6348003537125,0.0,53.844951405347615,0.0538449514053476,39.08969827174536,0.0,0.0,2.960429213691441,25.898058096663103,44.63480779600428,Sector 1,2882957.6940506343,5564210.344109491,367.27807497003295,352.5869519712316,0.9877197551523825,0.9477983154626937
19,25.89806659296965,44.634815238296056,0.0,56.84495140558053,0.0568449514055805,39.08969827033013,0.0,0.0,3.000000000232916,25.89807508927619,44.63482268058593,Sector 1,2882959.5856596706,5564212.672588661,376.85766085137686,361.7833544173218,1.0,0.9684747767564177
20,25.898083585582736,44.6348301228758,0.0,59.84495140479697,0.0598449514047969,39.08969825544489,0.0,0.0,2.999999999216442,25.89809208188928,44.634837565163764,Sector 1,2882961.477268707,5564215.001067831,370.28257265489543,355.4712697486996,0.987988719019423,0.9532084197516274
21,25.89810057819583,44.63484500745174,0.0,62.84495140502989,0.0628449514050299,39.089698260021294,0.0,0.0,3.000000000232916,25.898109074502376,44.63485244973779,Sector 1,2882963.3688777434,5564217.329547005,378.59098276145977,363.44734345100136,1.0,0.9715493645842783
22,25.89811757080892,44.63485989202385,0.0,65.84495140496918,0.0658449514049691,39.08969826162439,0.0,0.0,2.9999999999392912,25.898126067115466,44.634867334308,Sector 1,2882965.26048678,5564219.6580261765,379.8711855056045,364.6763380853803,1.0,0.9738202040350721
23,25.898134563422012,44.63487477659214,0.0,68.8449514052021,0.0688449514052021,60.89702814513692,0.0,0.0,3.000000000232916,25.89814606796509,44.634879333758434,Sector 1,2882967.152095817,5564221.986505349,381.0875803983818,365.84407718244654,1.0,0.9759778603304488
24,25.89815757250817,44.634883890924726,0.0,71.77641733896458,0.0717764173389645,67.76201299374145,0.0,0.0,2.9314659337624818,25.898170044986145,44.63488751977097,Sector 1,2882969.7134555713,5564223.412313444,382.2587284808193,366.9683793415865,1.0,0.978055257274397
25,25.898182517464125,44.63489114861721,0.0,74.77641733889716,0.0747764173388971,67.76201300791467,0.0,0.0,2.9999999999325837,25.898194989942102,44.63489477746299,Sector 1,2882972.4903153665,5564224.5476766825,383.36420390723595,368.0296357509465,1.0,0.9800161632493853
26,25.89820746242008,44.63489840630877,0.0,77.77641733882975,0.0777764173388297,68.76427324282758,0.0,0.0,2.9999999999325837,25.898219968329148,44.634901864458016,Sector 1,2882975.267175161,5564225.6830399195,384.1600249316012,368.7936239343371,1.0,0.9814278004187049
27,25.898232474238217,44.63490532260725,0.0,80.76355206883318,0.0807635520688331,96.3698300434259,0.0,0.0,2.987134730003433,25.898245865780684,44.6349042587932,Sector 1,2882978.05147802,5564226.764997167,384.88716783052246,369.49168111730154,1.0,0.9827176154802544
28,25.89825925732315,44.63490319497915,0.0,83.76355206897595,0.0837635520689759,96.36983004070709,0.0,0.0,3.0000000001427765,25.898272648865614,44.63490213116506,Sector 1,2882981.0329573965,5564226.432159776,385.8649418091709,370.430344136804,1.0,0.9844520030488091
29,25.89828604040808,44.63490106735098,0.0,86.76355206875928,0.0867635520687592,96.36983007126258,0.0,0.0,2.999999999783327,25.898299431950548,44.63490000353685,Sector 1,2882984.0144367726,5564226.099322387,386.8889782048006,371.41341907660853,1.0,0.986268451464406
30,25.89831282349301,44.63489893972272,0.0,89.76355206890206,0.089763552068902,96.3698300402121,0.0,0.0,3.0000000001427765,25.898326215035475,44.63489787590856,Sector 1,2882986.995916149,5564225.766484995,387.82822762100335,372.3150985161632,1.0,0.9879345036879332
31,25.898339606577935,44.6348968120944,0.0,92.76355206858206,0.092763552068582,98.4909120217324,0.0,0.0,2.99999999968,25.898352904995523,44.6348953993529,Sector 1,2882989.9773955247,5564225.4336476065,388.40716061772423,372.87087419301525,1.0,0.988961422193094
32,25.89836620341311,44.6348939866114,0.0,95.75710978952648,0.0957571097895264,105.13699471166944,0.0,0.0,2.9935577209444233,25.898379210625667,44.63489148276089,Sector 1,2882992.9381416733,5564224.991640734,388.8635293012843,373.30898812923294,1.0,0.9897709346046826
33,25.89839221783822,44.634888978910375,0.0,98.75710978947328,0.0987571097894732,105.13699471852529,0.0,0.0,2.9999999999467946,25.898405225050777,44.634886475059645,Sector 1,2882995.83405423,5564224.20825675,389.2890045432031,373.7174443614749,1.0,0.9905256478476467
34,25.89841823226333,44.634883971208914,0.0,101.7571097898696,0.1017571097898696,105.13699472327124,0.0,0.0,3.0000000003963265,25.898431239475887,44.63488146735797,Sector 1,2882998.729966786,5564223.424872768,389.6527140043534,374.0666054441793,1.0,0.9911708001852626
35,25.89844424668844,44.63487896350702,0.0,104.7571097898164,0.1047571097898164,105.13699475023856,0.0,0.0,2.9999999999467946,25.898457253900997,44.63487645965586,Sector 1,2883001.625879343,5564222.641488785,389.5332482543683,373.95191832419357,1.0,0.9909588903613493
36,25.89847026111355,44.63487395580469,0.0,107.75710978976322,0.1077571097897632,105.13699470735446,0.0,0.0,2.999999999946823,25.89848326832611,44.634871451953316,Sector 1,2883004.5217918996,5564221.858104802,389.41068965084185,373.8342620648082,1.0,0.9907414943955972
37,25.898496275538665,44.63486894810194,0.0,110.75710978971004,0.11075710978971,105.13699474526038,0.0,0.0,2.999999999946823,25.898509282751217,44.63486644425034,Sector 1,2883007.417704456,5564221.0747208195,389.2850604806199,373.7136580613951,1.0,0.9905186518206883
38,25.89852228996377,44.634863940398745,0.0,113.75710978965684,0.1137571097896568,105.13699474294332,0.0,0.0,2.9999999999467946,25.898535297176323,44.63486143654693,Sector 1,2883010.313617012,5564220.291336835,389.15638359023853,373.590128246629,1.0,0.9902904031620912
39,25.89854830438888,44.63485893269512,0.0,116.75710978960365,0.1167571097896036,105.13699473110938,0.0,0.0,2.9999999999468088,25.898561311601433,44.634856428843094,Sector 1,2883013.209529569,5564219.507952851,389.00025369012326,373.4402435425183,1.0,0.9900134580155104
40,25.89857431881399,44.63485392499107,0.0,119.75710978955046,0.1197571097895504,105.1369947287924,0.0,0.0,2.9999999999468088,25.898587326026544,44.634851421138826,Sector 1,2883016.105442125,5564218.724568868,388.6626642281483,373.11615765902235,1.0,0.9894146376552737
41,25.8986003332391,44.63484891728658,0.0,122.75710978949726,0.1227571097894972,103.17382464922063,0.0,0.0,2.9999999999468088,25.89861338076425,44.63484674407526,Sector 1,2883019.001354682,5564217.941184886,387.9834747133751,372.46413572484005,1.0,0.988209882899227
42,25.8986264282894,44.63484457086395,0.0,125.74051142531074,0.1257405114253107,84.7801077304689,0.0,0.0,2.983401635813479,25.89863984713744,44.634845443217415,Sector 1,2883021.9062423934,5564217.261249077,387.24485822051645,371.7550638916958,1.0,0.9868997158349384
43,25.89865326598548,44.63484631557089,0.0,128.74051142548234,0.1287405114254823,84.78010772519383,0.0,0.0,3.000000000171596,25.898666684833522,44.634847187924336,Sector 1,2883024.8938010554,5564217.5341835795,386.44965429537535,370.9916681235603,1.0,0.98548917328385
44,25.89868010368156,44.634848060277776,0.0,131.74051142527492,0.1317405114252749,84.78010772114914,0.0,0.0,2.9999999997925784,25.8986935225296,44.6348489326312,Sector 1,2883027.881359717,5564217.8071180815,385.60092003322086,370.176883231892,1.0,0.9839836779593354
45,25.898706941377643,44.63484980498462,0.0,134.7405114254465,0.1347405114254465,84.78010774303311,0.0,0.0,3.000000000171582,25.89872036022568,44.63485067733801,Sector 1,2883030.868918379,5564218.080052585,384.85059300034317,369.4565692803294,1.0,0.9826527385944195
46,25.89873377907372,44.634851549691405,0.0,137.74051142523908,0.137740511425239,84.78010775914515,0.0,0.0,2.9999999997925784,25.89874719792176,44.634852422044766,Sector 1,2883033.85647704,5564218.352987087,384.26628639770496,368.89563494179674,1.0,0.9816162883206652
47,25.898760616769803,44.63485329439813,0.0,140.74051142541066,0.1407405114254106,76.66323641453221,0.0,0.0,3.000000000171582,25.89877332494151,44.634855438227106,Sector 1,2883036.844035702,5564218.625921588,383.63684322693337,368.291369497856,1.0,0.9804997742444703
48,25.89878603311322,44.634857582056085,0.0,143.6482647462946,0.1436482647462946,51.84051161896332,0.0,0.0,2.907753320883927,25.898796628212388,44.63486350639607,Sector 1,2883039.6733701094,5564219.296664602,382.9646833281344,367.64609599500903,1.0,0.9793074887081243
49,25.89880722331156,44.63486943073607,0.0,146.64826474614844,0.1466482647461484,51.84051165571992,0.0,0.0,2.9999999998538556,25.898817818410727,44.63487535507485,Sector 1,2883042.032252198,5564221.150222072,381.7913476131633,366.51969370863674,1.0,0.9772262113145491
50,25.898828413509897,44.63488127941363,0.0,149.64826474621154,0.1496482647462115,51.84051159775288,0.0,0.0,3.000000000063096,25.898839008609066,44.634887203751205,Sector 1,2883044.391134287,5564223.003779539,380.77850762224665,365.54736731735676,1.0,0.9754296232200192
51,25.898849603708232,44.634893128088784,0.0,152.64826474627463,0.1526482647462746,51.84051162285971,0.0,0.0,3.000000000063096,25.898860198807398,44.63489905242515,Sector 1,2883046.7500163754,5564224.857337011,379.71170265618457,364.5232345499372,1.0,0.9735373113855725
52,25.898870793906568,44.63490497676151,0.0,155.64826474633773,0.1556482647463377,51.84051164467263,0.0,0.0,3.000000000063096,25.898881389005737,44.63491090109666,Sector 1,2883049.1088984637,5564226.710894479,378.59790833823774,363.4539920047082,1.0,0.9715616492579668
53,25.898891984104903,44.63491682543181,0.0,158.6482647458254,0.1586482647458254,51.84051162912647,0.0,0.0,2.9999999994876703,25.898902579204076,44.63492274976575,Sector 1,2883051.4677805523,5564228.564451947,377.8509844217256,362.7369450448566,1.0,0.9702367463829225
54,25.89891317430325,44.6349286740997,0.0,161.64826474625465,0.1616482647462546,51.84051162016806,0.0,0.0,3.000000000429253,25.898923769402415,44.63493459843244,Sector 1,2883053.826662642,5564230.418009417,377.09840747373215,362.01447117478284,1.0,0.9689018160907654
55,25.89893436450158,44.63494052276517,0.0,164.64826474631775,0.1646482647463177,51.84051162285937,0.0,0.0,3.000000000063096,25.89894495960075,44.634946447096695,Sector 1,2883056.1855447306,5564232.271566886,380.26976135396575,365.0589708998071,1.0,0.974527202801269
56,25.89895555469992,44.63495237142822,0.0,167.64826474638085,0.1676482647463808,16.800868835419692,0.0,0.0,3.000000000063096,25.8989594166928,44.63496147335353,Sector 1,2883058.5444268193,5564234.125124356,383.9103919877077,368.5539763081994,1.0,0.9809849984173784
57,25.89896327868568,44.63497057527884,0.0,170.62297843807403,0.170622978438074,15.264664874644213,0.0,0.0,2.9747136916931822,25.898966826287953,44.63497982557348,Sector 1,2883059.404256981,5564236.972862694,387.55230909609435,372.05021673225053,1.0,0.987445075998113
58,25.898970373890226,44.63498907586811,0.0,173.62297843854458,0.1736229784385445,15.264664890083113,0.0,0.0,3.00000000047055,25.898973921492498,44.6349983261598,Sector 1,2883060.194091538,5564239.867022567,390.48887418420816,374.8693192168398,1.0,0.992653991447179
59,25.898977469094767,44.635007576451486,0.0,176.62297843811666,0.1766229784381166,15.264664877464211,0.0,0.0,2.9999999995720827,25.898981016697036,44.63501682674023,Sector 1,2883060.9839260946,5564242.7611824395,392.60557282445495,376.90134991147676,1.0,0.996408617657518
60,25.898984564299308,44.63502607702896,0.0,179.6229784385872,0.1796229784385872,15.264664873870515,0.0,0.0,3.00000000047055,25.89898811190158,44.63503532731475,Sector 1,2883061.7737606512,5564245.655342314,393.7059046092405,377.95766842487086,1.0,0.9983603997774058
61,25.89899165950385,44.63504457760054,0.0,182.6229784381593,0.1826229784381593,15.264664882785894,0.0,0.0,2.9999999995720827,25.89899520710612,44.63505382788338,Sector 1,2883062.563595208,5564248.549502187,394.4249034384169,378.6479073008802,1.0,0.9996357687873816
62,25.89899875470839,44.63506307816622,0.0,185.62297843862984,0.1856229784386298,321.16244723573976,0.0,0.0,3.00000000047055,25.89899059091072,44.63507029382053,Sector 1,2883063.3534297645,5564251.443662061,394.62136888583865,378.8365141304051,1.0,0.9999842616263195
63,25.898982427113047,44.63507750947485,0.0,188.52129997511835,0.1885212999751183,317.2955276080078,0.0,0.0,2.8983215364885098,25.898973288321024,44.6350845557413,Sector 1,2883061.535850165,5564253.701243095,394.6281458428827,378.8430200091674,1.0,0.999996282676487
64,25.898964149529004,44.63509160200775,0.0,191.5212999751048,0.1915212999751048,317.295527569471,0.0,0.0,2.999999999986443,25.898955010736984,44.63509864827249,Sector 1,2883059.501198816,5564255.905827839,394.5457115036739,378.7638830435269,1.0,0.999850059626715
65,25.89894587194496,44.63510569453722,0.0,194.5212999750913,0.1945212999750913,317.29552760182725,0.0,0.0,2.9999999999864997,25.898936733152937,44.63511274080025,Sector 1,2883057.4665474673,5564258.110412581,394.02074482092354,378.2599150280866,1.0,0.9989188672362954
66,25.89892759436091,44.63511978706328,0.0,197.52129997507777,0.1975212999750777,306.0831412241138,0.0,0.0,2.9999999999864713,25.89891741765731,44.635125064534336,Sector 1,2883055.431896118,5564260.314997325,392.69932145517254,376.9913485969656,1.0,0.9965749101374122
67,25.898907240953708,44.63513034200538,0.0,200.32485583901075,0.2003248558390107,268.0312510125151,0.0,0.0,2.803555863932985,25.898893774178468,44.63513001259482,Sector 1,2883053.1661651926,5564261.966175344,390.70820747164885,375.07987917278285,1.0,0.9930430475433876
68,25.898880307403232,44.63512968318426,0.0,203.3248558390765,0.2033248558390765,268.0312509868993,0.0,0.0,3.0000000000657394,25.898866840627996,44.6351293537737,Sector 1,2883050.167936068,5564261.863111676,387.8770313301357,372.36195007693027,1.0,0.988021072310403
69,25.89885337385276,44.63512902436314,0.0,206.32485583911023,0.2063248558391102,268.0312509812068,0.0,0.0,3.0000000000337366,25.898839907077523,44.63512869495257,Sector 1,2883047.1697069444,5564261.7600480085,384.71694617626355,369.328268329213,1.0,0.9824156742060004
70,25.898826440302283,44.635128365542,0.0,209.324855839176,0.2093248558391759,268.0312510225345,0.0,0.0,3.000000000065768,25.898812973527043,44.635128036131434,Sector 1,2883044.1714778203,5564261.656984341,385.4787142823034,370.0595657110112,1.0,0.9837669078879021
71,25.898799506751807,44.63512770672086,0.0,212.32485583920976,0.2123248558392097,268.03125101637727,0.0,0.0,3.000000000033765,25.89878603997657,44.63512737731028,Sector 1,2883041.173248696,5564261.553920673,386.1408829571843,370.69524763889694,1.0,0.9849414708677715
72,25.89877257320133,44.63512704789971,0.0,215.3248558392755,0.2153248558392755,268.0312510099878,0.0,0.0,3.0000000000657394,25.898759106426095,44.63512671848913,Sector 1,2883038.1750195716,5564261.450857006,386.758326829433,371.2879937562556,1.0,0.9860367004399355
73,25.89874563965086,44.63512638907856,0.0,218.3248558393093,0.2183248558393092,268.0312509945659,0.0,0.0,3.0000000000337934,25.89873217287562,44.63512605966797,Sector 1,2883035.176790448,5564261.34779334,387.32901768106575,371.8358569738231,1.0,0.9870489989262667
74,25.898718706100382,44.635125730257386,0.0,221.324855839375,0.221324855839375,268.0312510263966,0.0,0.0,3.000000000065711,25.898705239325142,44.6351254008468,Sector 1,2883032.178561324,5564261.24472967,387.7366269523525,372.22716187425834,1.0,0.9877720212897014
75,25.898691772549903,44.63512507143622,0.0,224.3248558394088,0.2243248558394087,268.03125097228985,0.0,0.0,3.0000000000337934,25.898678305774673,44.635124742025624,Sector 1,2883029.1803321987,5564261.141666004,387.7366269525217,372.2271618744208,1.0,0.9877720212900016
76,25.89866483899944,44.63512441261503,0.0,227.32485583900916,0.2273248558390091,268.0312510328439,0.0,0.0,2.9999999996003623,25.8986513722242,44.63512408320444,Sector 1,2883026.182103076,5564261.038602334,387.7366269523919,372.2271618742962,1.0,0.9877720212897714
77,25.898637905448965,44.63512375379385,0.0,230.3248558390429,0.2303248558390428,268.03125101742205,0.0,0.0,3.0000000000337366,25.89862443867373,44.63512342438325,Sector 1,2883023.183873952,5564260.935538668,387.73662695207076,372.22716187398794,1.0,0.9877720212892018
78,25.89861097189849,44.63512309497266,0.0,233.32485583907663,0.2333248558390766,268.0312509827738,0.0,0.0,3.0000000000337366,25.89859750512325,44.63512276556206,Sector 1,2883020.185644828,5564260.832475001,387.73662695224465,372.22716187415483,1.0,0.9877720212895102
79,25.89858403834801,44.63512243615145,0.0,236.3248558391424,0.2363248558391424,268.0312510238693,0.0,0.0,3.000000000065768,25.898570571572776,44.63512210674085,Sector 1,2883017.1874157027,5564260.729411333,387.7366269524138,372.22716187431723,1.0,0.9877720212898102
80,25.89855710479754,44.63512177733025,0.0,239.32485583917617,0.2393248558391761,268.0312509989504,0.0,0.0,3.000000000033765,25.898543638022304,44.635121447919644,Sector 1,2883014.1891865795,5564260.626347666,387.7366269524849,372.2271618743855,1.0,0.9877720212899364
81,25.898530171247064,44.63512111850903,0.0,242.3248558392419,0.2423248558392419,268.0312510208196,0.0,0.0,3.0000000000657394,25.898516704471827,44.63512078909842,Sector 1,2883011.190957455,5564260.5232839985,387.7366269525559,372.22716187445366,1.0,0.9877720212900623
82,25.89850323769659,44.635120459687805,0.0,245.32485583927567,0.2453248558392756,268.031250996133,0.0,0.0,3.000000000033765,25.89848977092135,44.63512013027719,Sector 1,2883008.192728332,5564260.42022033,387.7366269527251,372.22716187461606,1.0,0.9877720212903625
83,25.898476304146115,44.63511980086657,0.0,248.3248558393414,0.2483248558393414,268.0312509994728,0.0,0.0,3.0000000000657394,25.89846283737088,44.63511947145595,Sector 1,2883005.194499207,5564260.317156663,387.73662695240154,372.22716187430547,1.0,0.9877720212897885
84,25.89844937059564,44.63511914204533,0.0,251.3248558393752,0.2513248558393752,268.03125101230955,0.0,0.0,3.0000000000337934,25.8984359038204,44.63511881263471,Sector 1,2883002.196270083,5564260.214092995,387.7366269527645,372.2271618746539,1.0,0.9877720212904322
85,25.898422437045163,44.63511848322408,0.0,254.3248558394409,0.2543248558394409,268.0312510056877,0.0,0.0,3.0000000000656826,25.898408970269926,44.63511815381345,Sector 1,2882999.198040959,5564260.111029327,387.73662695284025,372.2271618747266,1.0,0.9877720212905667
86,25.898395503494694,44.635117824402826,0.0,257.3248558390093,0.2573248558390092,268.0312509999951,0.0,0.0,2.999999999568388,25.898382036719454,44.635117494992194,Sector 1,2882996.1998118353,5564260.00796566,387.73662695261726,372.22716187451255,1.0,0.987772021290171
87,25.898368569944218,44.63511716558156,0.0,260.32485583907504,0.260324855839075,268.0312510031026,0.0,0.0,3.000000000065768,25.89835510316898,44.63511683617092,Sector 1,2882993.2015827107,5564259.904901992,387.73662695308053,372.2271618749573,1.0,0.9877720212909928
88,25.898341636393745,44.63511650676029,0.0,263.3248558391088,0.2633248558391088,268.0312509876807,0.0,0.0,3.000000000033765,25.89832816961851,44.63511617734965,Sector 1,2882990.203353587,5564259.801838324,387.73662695275937,372.22716187464897,1.0,0.9877720212904233
89,25.89831470284327,44.63511584793901,0.0,266.3248558391746,0.2663248558391746,268.03125101001444,0.0,0.0,3.000000000065768,25.898301236068033,44.635115518528366,Sector 1,2882987.205124463,5564259.698774655,387.7366269530242,372.22716187490323,1.0,0.9877720212908929
90,25.898287769292796,44.63511518911773,0.0,269.32485583920834,0.2693248558392083,268.03125100362496,0.0,0.0,3.000000000033765,25.898274302517557,44.63511485970709,Sector 1,2882984.206895339,5564259.595710988,387.73662695270315,372.227161874595,1.0,0.9877720212903234
91,25.89826083574232,44.63511453029644,0.0,272.3248558392741,0.2723248558392741,268.03125099770006,0.0,0.0,3.000000000065768,25.898247368967084,44.635114200885795,Sector 1,2882981.2086662147,5564259.492647321,387.7366269525805,372.22716187447725,1.0,0.987772021290106
92,25.898233902191844,44.63511387147514,0.0,275.3248558393079,0.2753248558393079,268.03125101007225,0.0,0.0,3.000000000033765,25.898220435416608,44.63511354206449,Sector 1,2882978.21043709,5564259.389583654,387.73662695265153,372.22716187454546,1.0,0.9877720212902319
93,25.89820696864137,44.63511321265384,0.0,278.32485583937364,0.2783248558393736,268.03125100437967,0.0,0.0,3.000000000065768,25.898193501866132,44.63511288324318,Sector 1,2882975.212207967,5564259.2865199875,387.73662695281587,372.2271618747032,1.0,0.9877720212905234
94,25.898180035090896,44.63511255383252,0.0,281.3248558394074,0.2813248558394074,268.0312509789961,0.0,0.0,3.000000000033765,25.89816656831566,44.63511222442186,Sector 1,2882972.2139788424,5564259.1834563175,387.73662695259526,372.22716187449146,1.0,0.9877720212901322
95,25.898153101540423,44.63511189501119,0.0,284.3248558390078,0.2843248558390078,268.0312510300532,0.0,0.0,2.9999999996003908,25.898139634765187,44.63511156560053,Sector 1,2882969.2157497187,5564259.08039265,387.7366269525659,372.22716187446326,1.0,0.98777202129008
96,25.898126167989947,44.63511123618987,0.0,287.3248558390416,0.2873248558390415,268.03125099517274,0.0,0.0,3.000000000033822,25.89811270121471,44.635110906779204,Sector 1,2882966.217520594,5564258.977328982,387.73662695263937,372.2271618745338,1.0,0.9877720212902104
97,25.898099234439474,44.63511057736853,0.0,290.32485583910733,0.2903248558391073,268.0312510272357,0.0,0.0,3.000000000065711,25.898085767664238,44.635110247957854,Sector 1,2882963.2192914705,5564258.874265313,387.73662695281325,372.2271618747007,1.0,0.9877720212905188
98,25.898072300889,44.63510991854719,0.0,293.3248558391411,0.2933248558391411,268.03125101134924,0.0,0.0,3.000000000033765,25.898058834113765,44.63510958913651,Sector 1,2882960.2210623464,5564258.771201647,387.80609553797666,372.2938517164576,1.0,0.9878952455255092
99,25.89804536733853,44.63510925972584,0.0,296.32485583920686,0.2963248558392068,268.03125100542434,0.0,0.0,3.000000000065768,25.89803190056329,44.635108930315155,Sector 1,2882957.2228332227,5564258.66813798,387.8877311960687,372.37222194822596,1.0,0.9880400518648449
100,25.89801843378805,44.63510860090448,0.0,299.3248558392406,0.2993248558392406,268.0312509897702,0.0,0.0,3.000000000033765,25.89800496701281,44.63510827149379,Sector 1,2882954.224604098,5564258.565074313,387.9680080871531,372.449287763667,1.0,0.9881824480064678
101,25.897991500237573,44.63510794208311,0.0,302.3248558393064,0.3023248558393064,268.03125102136863,0.0,0.0,3.000000000065768,25.897978033462337,44.63510761267243,Sector 1,2882951.2263749735,5564258.462010643,388.0469191103081,372.52504234589577,1.0,0.9883224213546757
102,25.8979645666871,44.63510728326174,0.0,305.32485583934016,0.3053248558393401,268.0312510059468,0.0,0.0,3.000000000033765,25.897951099911865,44.63510695385105,Sector 1,2882948.22814585,5564258.358946977,388.2265609582798,372.69749851994857,1.0,0.9886410722849706
103,25.897937633136625,44.635106624440354,0.0,308.3248558394059,0.3083248558394059,268.03125098056324,0.0,0.0,3.000000000065768,25.89792416636139,44.63510629502966,Sector 1,2882945.2299167253,5564258.25588331,388.6651199547693,373.1185151565785,1.0,0.9894189936535067
104,25.897910699586152,44.63510596561896,0.0,311.3248558394397,0.3113248558394397,268.0312509931677,0.0,0.0,3.000000000033765,25.897897232810916,44.635105636208266,Sector 1,2882942.2316876017,5564258.152819641,389.25321710693976,373.68308842266214,1.0,0.9904621676508725
105,25.89788376603568,44.63510530679756,0.0,314.3248558390401,0.3143248558390401,261.25626474164284,0.0,0.0,2.9999999996003908,25.897870465890506,44.63510385115616,Sector 1,2882939.233458478,5564258.049755973,389.9813229831967,374.3820700638688,1.0,0.9917536908535223
106,25.897857165745336,44.63510239551476,0.0,317.3208052001169,0.3173208052001169,259.94847732665045,0.0,0.0,2.995949361076839,25.897843897837333,44.63510072198647,Sector 1,2882936.272327702,5564257.5943252975,390.8000602925612,375.1680578808588,1.0,0.9932059772124173
107,25.89783062992933,44.63509904845818,0.0,320.32080520016035,0.3203208052001604,259.9484773132798,0.0,0.0,3.0000000000434284,25.897817362021332,44.6350973749298,Sector 1,2882933.3183741765,5564257.070723757,391.49911273550003,375.83914822608,1.0,0.9944459650759487
108,25.897804094113333,44.63509570140141,0.0,323.32080520004126,0.3233208052000412,259.9484773385162,0.0,0.0,2.999999999880913,25.89779082620533,44.63509402787293,Sector 1,2882930.364420652,5564256.547122218,392.0739020434937,376.39094596175397,1.0,0.9954655334548297
109,25.89777755829733,44.63509235434445,0.0,326.3208052000847,0.3263208052000847,249.0780237968435,0.0,0.0,3.0000000000434284,25.897765624079394,44.63508910770069,Sector 1,2882927.410467127,5564256.023520679,392.52670653007846,376.8256382688753,1.0,0.99626872364977
110,25.897753689861457,44.63508586105693,0.0,329.1653769890112,0.3291653769890111,217.84701626069773,0.0,0.0,2.844571788926487,25.8977454223718,44.635078289429586,Sector 1,2882924.753444999,5564255.007734247,392.89724361452284,377.1813538699419,1.0,0.9969259869099738
111,25.89773715488214,44.63507071780225,0.0,332.1653769887231,0.3321653769887231,217.8470162745193,0.0,0.0,2.9999999997119176,25.89772888739248,44.63506314617294,Sector 1,2882922.912779521,5564252.638778654,393.41490347639655,377.6783073373407,1.0,0.9978442183712104
112,25.897720619902817,44.63505557454362,0.0,335.165376988435,0.335165376988435,213.0571942043136,0.0,0.0,2.9999999997119176,25.897713348086654,44.635047623746374,Sector 1,2882921.0721140425,5564250.269823063,393.90960982808167,378.1532254349584,1.0,0.9987217346123707
113,25.89770607627049,44.635039672949134,0.0,338.13340880507474,0.3381334088050747,198.4602523023881,0.0,0.0,2.968031816639723,25.89770180954259,44.635030577771076,Sector 1,2882919.453124298,5564247.782236869,394.1732070598035,378.40627877741133,1.0,0.9991893066400448
114,25.897697542814686,44.63502148259302,0.0,341.13340880467814,0.3411334088046781,198.46025231411883,0.0,0.0,2.9999999996034035,25.897693276086784,44.635012387412104,Sector 1,2882918.503184343,5564244.936606169,394.0530689583812,378.29094620004594,0.982671994952978,0.9937778026767357
115,25.89768900935888,44.6350032922312,0.0,344.13340880516495,0.3441334088051649,198.46025229758044,0.0,0.0,3.000000000486807,25.89768474263098,44.63499419704743,Sector 1,2882917.553244388,5564242.090975469,392.8616591878811,377.14719282036583,0.9626677390393511,0.9856631885259808
116,25.89768047590308,44.63498510186368,0.0,347.1334088046209,0.3471334088046209,197.35585866595503,0.0,0.0,2.9999999994559516,25.89767646719516,44.634975974614164,Sector 1,2882916.6033044336,5564239.245344768,389.1426804426972,373.57697322498933,0.9415547610222882,0.9727325246562988
117,25.897672458487246,44.63496684736466,0.0,350.125290118259,0.350125290118259,181.35093174218375,0.0,0.0,2.991881313638089,25.897672140806783,44.63495726144596,Sector 1,2882915.7108097854,5564236.389682482,382.0283144650345,366.7471818864331,0.920779332514366,0.9538803457996041
118,25.89767182312632,44.63494767552726,0.0,353.12529011838626,0.3531252901183863,181.35093176278733,0.0,0.0,3.0000000001272724,25.89767150544585,44.634938089605384,Sector 1,2882915.6400817307,5564233.390516341,381.11554856098695,365.87092661854746,0.9164175031115506,0.9509527215364277
119,25.89767118776538,44.63492850368352,0.0,356.12529011851353,0.3561252901185135,181.35093174171,0.0,0.0,3.0000000001272724,25.897670870084916,44.63491891775848,Sector 1,2882915.569353674,5564230.3913501995,369.56038362907583,354.7779682839128,0.895252604339903,0.9241065575275591
120,25.89767055240445,44.63490933183345,0.0,359.12529011862983,0.3591252901186298,181.35093174856925,0.0,0.0,3.0000000001163016,25.897670234723982,44.634899745905244,Sector 1,2882915.498625619,5564227.392184058,369.61646402530147,354.8318054642894,0.9161692322057065,0.9304810219872757
121,25.897669917043515,44.63489015997704,0.0,362.1252901187571,0.3621252901187571,181.35093174956452,0.0,0.0,3.0000000001272724,25.89766959936305,44.634880574045674,Sector 1,2882915.4278975637,5564224.393017916,357.8704665670541,343.55564790437194,0.919574411383684,0.9106673802694005
122,25.89766928168258,44.63487098811431,0.0,365.1252901188844,0.3651252901188844,181.35093175552768,0.0,0.0,3.0000000001272724,25.897668964002115,44.63486140217977,Sector 1,2882915.357169508,5564221.393851776,363.15014160516796,348.62413594096125,0.9422607376913558,0.9268384310007776
123,25.897668646321648,44.63485181624524,0.0,368.1252901180806,0.3681252901180806,181.3509317551788,0.0,0.0,2.999999999196234,25.89766832864118,44.634842230307534,Sector 1,2882915.2864414523,5564218.394685635,365.5960625821131,350.97222007882857,0.9470855363798584,0.9326244754676714
124,25.89766801096071,44.63483264436983,0.0,371.1252901182079,0.3711252901182079,181.35093174896585,0.0,0.0,3.0000000001272724,25.897667693280244,44.634823058428964,Sector 1,2882915.215713396,5564215.395519494,374.15249988099123,359.18639988575154,0.9678733592479524,0.954038336565905
125,25.897667375599777,44.63481347248809,0.0,374.1252901183352,0.3741252901183352,181.3509317486169,0.0,0.0,3.0000000001273293,25.89766705791931,44.63480388654405,Sector 1,2882915.144985341,5564212.396353353,384.3392326800464,368.9656633728445,0.9857685434200041,0.9774762443638952
126,25.897666740238844,44.634794300600014,0.0,377.1252901184624,0.3771252901184624,181.3509317557002,0.0,0.0,3.0000000001271587,25.897666422558377,44.63478471465281,Sector 1,2882915.0742572853,5564209.397187212,394.6214179898516,378.8365612702575,1.0,0.9999843487276245
127,25.89766610487791,44.634775128705606,0.0,380.1252901185897,0.3801252901185897,181.3509317490392,0.0,0.0,3.0000000001273293,25.897665787197443,44.63476554275523,Sector 1,2882915.003529229,5564206.398021069,394.6214179898604,378.836561270266,1.0,0.9999843487276401
128,25.897665469516976,44.63475595680487,0.0,383.125290118717,0.383125290118717,181.3509317554504,0.0,0.0,3.0000000001272724,25.897665151836506,44.63474637085133,Sector 1,2882914.932801174,5564203.398854928,394.6214179898605,378.8365612702661,1.0,0.9999843487276405
129,25.89766483415604,44.63473678489779,0.0,386.12529011884425,0.3861252901188442,181.3509317429254,0.0,0.0,3.0000000001272724,25.897664516475572,44.63472719894109,Sector 1,2882914.862073118,5564200.399688787,394.6214179898644,378.83656127026984,1.0,0.9999843487276474
130,25.89766419879511,44.63471761298439,0.0,389.1252901180405,0.3891252901180405,181.35093175497653,0.0,0.0,2.999999999196234,25.89766388111464,44.634708027024516,Sector 1,2882914.7913450627,5564197.400522647,394.62141798986045,378.83656127026603,1.0,0.9999843487276403
131,25.897663563434172,44.63469844106464,0.0,392.12529011816775,0.3921252901181677,181.3509317489876,0.0,0.0,3.0000000001272724,25.897663245753705,44.6346888551016,Sector 1,2882914.7206170065,5564194.401356505,394.6214179898607,378.83656127026626,1.0,0.9999843487276407
132,25.89766292807324,44.634679269138566,0.0,395.12529011828406,0.395125290118284,181.35093174908675,0.0,0.0,3.0000000001163016,25.897662610392775,44.63466968317236,Sector 1,2882914.6498889513,5564191.402190365,394.62825468149254,378.8431244942328,1.0,0.9999964757357584
133,25.897662292712308,44.63466009720616,0.0,398.1252901184113,0.3981252901184113,181.3509317482897,0.0,0.0,3.0000000001272724,25.897661975031838,44.634650511236785,Sector 1,2882914.579160896,5564188.403024224,394.6259632313253,378.84092470207224,1.0,0.9999924111331295
134,25.89766165735137,44.634640925267405,0.0,401.1252901185386,0.4011252901185386,181.35093175537293,0.0,0.0,3.0000000001272724,25.897661339670904,44.63463133929487,Sector 1,2882914.50843284,5564185.403858081,394.6266699572787,378.84160315898754,1.0,0.9999936647323608
135,25.89766102199044,44.63462175332233,0.0,404.1252901186659,0.4041252901186659,181.35093174893595,0.0,0.0,3.0000000001272724,25.897660704309974,44.634612167346624,Sector 1,2882914.4377047843,5564182.40469194,394.58569940521244,378.80227142900395,1.0,0.999920990660712
136,25.897660386629507,44.63460258137092,0.0,407.1252901187932,0.4071252901187931,181.3509317555712,0.0,0.0,3.0000000001273293,25.897660068949037,44.63459299539204,Sector 1,2882914.366976729,5564179.4055258,394.55447686752467,378.7722977928237,1.0,0.9998656077374528
137,25.89765975126857,44.63458340941317,0.0,410.1252901189204,0.4101252901189204,181.35093174935812,0.0,0.0,3.0000000001272156,25.897659433588103,44.63457382343113,Sector 1,2882914.296248673,5564176.406359658,394.5520615686293,378.76997910588415,1.0,0.9998613234504192
138,25.89765911590764,44.6345642374491,0.0,413.1252901181167,0.4131252901181166,181.35093175554528,0.0,0.0,2.999999999196291,25.89765879822717,44.63455465146389,Sector 1,2882914.225520618,5564173.407193518,394.6282990275407,378.8431670664391,1.0,0.9999965543973268
139,25.897658480546703,44.63454506547868,0.0,416.1252901182439,0.4161252901182439,202.27380154982924,0.0,0.0,3.0000000001272156,25.89765363794343,44.63453665228259,Sector 1,2882914.1547925617,5564170.408027376,394.61687424296866,378.8321992732499,1.0,0.9999762889732433
140,25.89764879534016,44.63452823908649,0.0,418.9697712642629,0.4189697712642629,218.6750658424091,0.0,0.0,2.84448114601895,25.897640374942952,44.63452075319885,Sector 1,2882913.0766403014,5564167.775792453,394.5820398952934,378.7987582994817,1.0,0.9999144993767863
141,25.897631954545744,44.634513267311206,0.0,421.9697712637913,0.4219697712637913,218.67506583849487,0.0,0.0,2.999999999528427,25.897623534148536,44.63450578142162,Sector 1,2882911.2019316424,5564165.433684974,394.6207805049041,378.8359492847079,1.0,0.9999832179489454
142,25.897615113751325,44.63449829553205,0.0,424.9697712640468,0.4249697712640468,218.67506583589864,0.0,0.0,3.000000000255511,25.897606693354117,44.63449080964054,Sector 1,2882909.327222983,5564163.091577495,394.48926106062845,378.7096906182033,1.0,0.999749927133117
143,25.89759827295691,44.63448332374903,0.0,427.9697712643023,0.4279697712643023,218.67506585639583,0.0,0.0,3.000000000255511,25.8975898525597,44.6344758378556,Sector 1,2882907.452514324,5564160.749470015,394.46023075603415,378.68182152579277,1.0,0.9996984328200147
144,25.897581432162493,44.63446835196216,0.0,430.9697712638308,0.4309697712638307,161.57064441473983,0.0,0.0,2.999999999528484,25.897583410260154,44.63446412772325,Sector 1,2882905.5778056653,5564158.407362537,394.296028634018,378.5241874886573,1.0,0.9994071690664539
145,25.897585388357815,44.634459903484334,0.0,432.3628516500789,0.4323628516500789,93.75033116501612,0.0,0.0,1.393080386248073,25.89759883423141,44.634459276298685,Sector 1,2882906.018207314,5564157.085727434,393.9065065289532,378.150246267795,1.0,0.9987162299420198
146,25.897612280105005,44.63445864911304,0.0,435.36285165039794,0.4353628516503979,93.7503310841828,0.0,0.0,3.000000000319062,25.8976257259786,44.63445802192739,Sector 1,2882909.0117829177,5564156.889500252,393.67589249361004,377.92885679386563,1.0,0.9983071639157526
147,25.89763917185219,44.63445739474173,0.0,438.3628516501913,0.4383628516501913,93.75033113565718,0.0,0.0,2.999999999793374,25.897652617725786,44.63445676755606,Sector 1,2882912.005358521,5564156.693273072,393.24613245125414,377.51628715320396,1.0,0.9975448502408131
148,25.89766606359938,44.63445614037038,0.0,441.3628516504494,0.4413628516504493,93.75033110267684,0.0,0.0,3.000000000258069,25.897679509472972,44.6344555131847,Sector 1,2882914.9989341246,5564156.497045889,392.34359396423645,376.64985020566695,1.0,0.9959439163172192
149,25.897692955346567,44.63445488599901,0.0,444.3628516502428,0.4443628516502427,93.75033109725835,0.0,0.0,2.999999999793431,25.897706401220162,44.63445425881332,Sector 1,2882917.9925097283,5564156.300818708,391.1562385683821,375.5099890256468,1.0,0.9938377706404107
150,25.89771984709376,44.63445363162762,0.0,447.3628516500361,0.4473628516500361,93.75033112117092,0.0,0.0,2.9999999997932605,25.897733292967352,44.63445300444191,Sector 1,2882920.986085332,5564156.104591528,390.26980021202525,374.6590082035442,1.0,0.9922653953275797
151,25.897746738840944,44.6344523772562,0.0,450.3628516503552,0.4503628516503551,93.7503310782662,0.0,0.0,3.000000000319119,25.897760184714535,44.63445175007048,Sector 1,2882923.9796609352,5564155.908364347,389.00910999715,373.448745597264,1.0,0.990029167442378
152,25.89777363058813,44.63445112288476,0.0,453.3628516501485,0.4533628516501485,93.75033113922268,0.0,0.0,2.9999999997933173,25.897787076461725,44.634450495699014,Sector 1,2882926.9732365385,5564155.712137168,388.17708853489523,372.6500049934994,1.0,0.9885533174888947
153,25.89780052233532,44.63444986851327,0.0,456.3628516504066,0.4563628516504066,93.75033109676023,0.0,0.0,3.000000000258069,25.89781396820891,44.63444924132752,Sector 1,2882929.966812142,5564155.515909984,388.1348201760204,372.6094273689796,1.0,0.9884783413514882
154,25.897827414082503,44.634448614141775,0.0,459.3628516502,0.4593628516501999,93.75033110126616,0.0,0.0,2.999999999793431,25.897840859956098,44.634447986956005,Sector 1,2882932.9603877454,5564155.319682803,387.9881850820505,372.46865767876847,1.0,0.9882182382094034
155,25.897854305829693,44.63444735977024,0.0,462.3628516499933,0.4623628516499933,93.75033108636558,0.0,0.0,2.9999999997932605,25.897867751703288,44.634446732584465,Sector 1,2882935.953963349,5564155.123455623,387.83896095845347,372.3254025201153,1.0,0.9879535426145656
156,25.897881197576883,44.63444610539869,0.0,465.36285165031234,0.4653628516503123,93.7503311391668,0.0,0.0,3.000000000319062,25.897894643450474,44.634445478212896,Sector 1,2882938.947538953,5564154.927228443,387.687172792782,372.1796858810707,1.0,0.9876842988902048
157,25.897908089324066,44.6344448510271,0.0,468.3628516501057,0.4683628516501057,93.75033112382393,0.0,0.0,2.999999999793374,25.89792153519766,44.634444223841285,Sector 1,2882941.9411145556,5564154.73100126,387.5328459991382,372.0315321591727,1.0,0.9874105521161696
158,25.897934981071256,44.63444359665548,0.0,471.3628516503638,0.4713628516503638,93.7503310908436,0.0,0.0,3.000000000258069,25.897948426944847,44.63444296946966,Sector 1,2882944.9346901593,5564154.534774079,387.2830579305603,371.7917356133379,1.0,0.9869674749527604
159,25.89796187281844,44.63444234228385,0.0,474.3628516501572,0.4743628516501572,93.75033110438936,0.0,0.0,2.999999999793431,25.897975318692033,44.63444171509802,Sector 1,2882947.928265762,5564154.338546899,387.00622642055293,371.5259773637308,1.0,0.9864764277986884
160,25.897988764565632,44.63444108791219,0.0,477.3628516504152,0.4773628516504152,90.5074072860118,0.0,0.0,3.0000000002580123,25.898002186341543,44.63444100332555,Sector 1,2882950.921841366,5564154.142319718,386.722283436985,371.25339209950556,1.0,0.9859727662249171
161,25.89801560811745,44.63444091873891,0.0,480.3511793577159,0.4803511793577159,82.62936758137852,0.0,0.0,2.988327707300698,25.898028971505955,44.6344421488417,Sector 1,2882953.910051886,5564154.115855157,386.4313684256744,370.97411368864744,1.0,0.9854567375821621
162,25.89804233489446,44.63444337894448,0.0,483.3511793579292,0.4833511793579292,82.62936754390216,0.0,0.0,3.0000000002132765,25.898055698282956,44.63444460904721,Sector 1,2882956.885263093,5564154.500716536,386.13362425423094,370.6882792840617,1.0,0.9849285952907556
163,25.898069061671453,44.63444583914993,0.0,486.3511793578001,0.4863511793578001,82.62936756730699,0.0,0.0,2.9999999998709086,25.898082425059954,44.634447069252616,Sector 1,2882959.8604742987,5564154.8855779115,385.8291971440693,370.39602925830656,1.0,0.98438859872005
164,25.898095788448455,44.63444829935529,0.0,489.3511793580134,0.4893511793580133,82.62936755636758,0.0,0.0,3.0000000002132765,25.89810915183695,44.63444952945792,Sector 1,2882962.8356855046,5564155.270439288,385.51823659757844,370.09750713367526,1.0,0.9838370130592307
165,25.89812251522545,44.63445075956054,0.0,492.3511793578843,0.4923511793578843,76.12061727659835,0.0,0.0,2.9999999998709086,25.898135578155724,44.634453056445224,Sector 1,2882965.8108967105,5564155.655300665,385.2008953275599,369.7928595144575,1.0,0.9832741091921526
166,25.898148641086003,44.6344553533299,0.0,495.34696510480507,0.4953469651048051,74.70419553700162,0.0,0.0,2.995785746920774,25.898161638496966,44.634457882841815,Sector 1,2882968.719214204,5564156.373925463,384.9568578051128,369.55858349290827,1.0,0.9828412324185467
167,25.89817463590793,44.634460412353725,0.0,498.34696510516346,0.4983469651051634,74.70419550519341,0.0,0.0,3.0000000003583978,25.898187633318898,44.63446294186542,Sector 1,2882971.6129445443,5564157.165332259,384.756599188419,369.3663352208822,1.0,0.9824860112090705
168,25.898200630729868,44.63446547137711,0.0,501.3469651050727,0.5013469651050727,74.70419550469717,0.0,0.0,2.999999999909221,25.898213628140834,44.63446800088859,Sector 1,2882974.5066748853,5564157.956739055,384.5858739848469,369.20243902545303,1.0,0.9821831767328211
169,25.8982266255518,44.63447053040006,0.0,504.3469651049819,0.5043469651049819,74.70419553705011,0.0,0.0,2.999999999909221,25.898239622962762,44.63447305991131,Sector 1,2882977.400405226,5564158.74814585,384.4987179140634,369.11876919750085,1.0,0.9820285782172213
170,25.89825262037373,44.63447558942256,0.0,507.3469651048911,0.5073469651048911,74.70419553833773,0.0,0.0,2.999999999909221,25.898265617784688,44.634478118933586,Sector 1,2882980.2941355663,5564159.539552645,384.4105437247142,369.0341219757256,1.0,0.9818721737503262
171,25.89827861519565,44.63448064844462,0.0,510.3469651048004,0.5103469651048004,74.70419553581098,0.0,0.0,2.999999999909278,25.89829161260662,44.63448317795543,Sector 1,2882983.1878659064,5564160.33095944,384.3213589130608,368.94850455653835,1.0,0.9817139766290963
172,25.89830461001759,44.63448570746624,0.0,513.3469651051588,0.5133469651051588,74.70419550960094,0.0,0.0,3.0000000003583978,25.898317607428552,44.634488236976836,Sector 1,2882986.0815962474,5564161.122366236,384.231171064172,368.8619242216051,1.0,0.981554000308021
173,25.89833060483952,44.634490766487424,0.0,516.3469651050681,0.5163469651050681,74.70419554017008,0.0,0.0,2.999999999909278,25.898343602250485,44.63449329599779,Sector 1,2882988.975326588,5564161.913773032,384.214947225358,368.8463493363437,1.0,0.9815252222622071
174,25.89835659966145,44.63449582550816,0.0,519.3469651049774,0.5193469651049774,74.7041955083618,0.0,0.0,2.999999999909278,25.898369597072417,44.63449835501831,Sector 1,2882991.8690569284,5564162.705179827,384.16829407265476,368.80156230974853,1.0,0.9814424683233118
175,25.898382594483383,44.634500884528464,0.0,522.3469651048866,0.5223469651048867,74.70419552619734,0.0,0.0,2.999999999909278,25.89839559189435,44.63450341403839,Sector 1,2882994.7627872694,5564163.496586623,384.0983629183875,368.734428401652,1.0,0.9813184235775276
176,25.898408589305312,44.63450594354832,0.0,525.3469651047959,0.525346965104796,74.7041955254544,0.0,0.0,2.999999999909278,25.89842158671628,44.63450847305802,Sector 1,2882997.65651761,5564164.287993418,384.0278600639176,368.6667456613609,1.0,0.9811933647428579
177,25.898434584127248,44.63451100256773,0.0,528.3469651051544,0.5283469651051543,74.70419554150612,0.0,0.0,3.0000000003584546,25.898447581538214,44.63451353207722,Sector 1,2883000.550247951,5564165.0794002125,383.9567889924132,368.5985174327166,1.0,0.981067297997789
178,25.898460578949177,44.63451606158671,0.0,531.3469651050636,0.5313469651050636,74.70419548958222,0.0,0.0,2.999999999909278,25.89847357636014,44.634518591095976,Sector 1,2883003.4439782915,5564165.870807009,383.8851532143327,368.52974708575937,1.0,0.980940229569216
179,25.898486573771105,44.63452112060524,0.0,534.3469651049729,0.5343469651049729,74.70419553110105,0.0,0.0,2.999999999909278,25.89849957118207,44.63452365011429,Sector 1,2883006.3377086315,5564166.662213804,383.81295626937754,368.4604380186024,1.0,0.9808121657359046
180,25.898512568593038,44.634526179623336,0.0,537.3469651048822,0.5373469651048822,74.70419552500653,0.0,0.0,2.999999999909278,25.898525566004004,44.63452870913216,Sector 1,2883009.2314389725,5564167.4536206,383.7402017241037,368.3905936551395,1.0,0.9806831128242559
181,25.898538563414967,44.63453123864099,0.0,540.3469651047915,0.5403469651047915,70.64647546228616,0.0,0.0,2.999999999909278,25.898551261133903,44.634534412386714,Sector 1,2883012.125169313,5564168.245027394,383.6668931713874,368.3202174445319,1.0,0.9805530772073585
182,25.89856395885284,44.63453758613243,0.0,543.3432890978456,0.5433432890978456,68.66362728582078,0.0,0.0,2.9963239930541476,25.89857651003083,44.63454107489153,Sector 1,2883014.9521765253,5564169.237996524,383.59303423392504,368.249312864568,1.0,0.9804220653111957
183,25.89858906120882,44.63454456365062,0.0,546.3432890976723,0.5463432890976723,68.66362725239344,0.0,0.0,2.9999999998266276,25.898601612386813,44.6345480524093,Sector 1,2883017.746558011,5564170.329523945,383.5186285595984,368.1778834172145,1.0,0.9802900836064254
184,25.898614163564805,44.63455154116799,0.0,549.3432890978378,0.5493432890978378,68.66362728092452,0.0,0.0,3.000000000165528,25.898626714742797,44.63455502992625,Sector 1,2883020.540939497,5564171.421051367,383.4436798244378,368.1059326314603,1.0,0.9801571386136356
185,25.89863926592079,44.6345585186845,0.0,552.3432890976644,0.5523432890976644,68.66362724110627,0.0,0.0,2.9999999998266276,25.89865181709878,44.63456200744234,Sector 1,2883023.3353209826,5564172.512578788,383.368191730252,368.0334640610419,1.0,0.9800232368991404
186,25.898664368276776,44.63456549620019,0.0,555.3432890982637,0.5553432890982637,68.66362727356795,0.0,0.0,3.0000000005992433,25.89867691945477,44.63456898495761,Sector 1,2883026.129702469,5564173.60410621,383.29216800753966,367.96048128723805,1.0,0.9798883850801445
187,25.89868947063276,44.63457247371503,0.0,558.3432890980903,0.5583432890980903,68.66362728439663,0.0,0.0,2.9999999998266276,25.89870202181075,44.63457596247203,Sector 1,2883028.9240839547,5564174.695633633,383.2156124105143,367.88698791409377,1.0,0.9797525898159185
188,25.89871457298874,44.63457945122902,0.0,561.3432890979169,0.5613432890979169,68.66362725342952,0.0,0.0,2.9999999998266276,25.898727124166733,44.63458293998561,Sector 1,2883031.71846544,5564175.787161053,383.13852872098533,367.8129875721459,1.0,0.9796158578146821
189,25.898739675344725,44.6345864287422,0.0,564.3432890980824,0.5643432890980824,68.66362726425814,0.0,0.0,3.000000000165528,25.898752226522717,44.63458991749836,Sector 1,2883034.512846926,5564176.878688476,383.11311111383554,367.7885866692821,1.0,0.9795707717489597
190,25.89876477770071,44.63459340625452,0.0,567.3432890979091,0.5673432890979091,68.66362726377531,0.0,0.0,2.9999999998266276,25.8987773288787,44.63459689501026,Sector 1,2883037.307228412,5564177.970215896,383.1131111134211,367.78858666888425,1.0,0.9795707717482245
191,25.89878988005669,44.634600383766006,0.0,570.3432890980746,0.5703432890980746,68.66362727706428,0.0,0.0,3.000000000165528,25.898802431234685,44.634603872521325,Sector 1,2883040.1016098973,5564179.061743318,383.11311111368815,367.7885866691406,1.0,0.9795707717486983
192,25.898814982412677,44.63460736127665,0.0,573.3432890979012,0.5733432890979012,68.66362725494832,0.0,0.0,2.9999999998266276,25.89882753359067,44.63461085003156,Sector 1,2883042.8959913836,5564180.153270739,383.1131111131601,367.7885866686337,1.0,0.9795707717477615
193,25.89884008476866,44.63461433878646,0.0,576.3432890980667,0.5763432890980668,68.66362727609845,0.0,0.0,3.000000000165528,25.89885263594665,44.63461782754094,Sector 1,2883045.69037287,5564181.244798161,383.1131111140455,367.78858666948366,1.0,0.9795707717493323
194,25.89886518712464,44.63462131629542,0.0,579.3432890978934,0.5793432890978933,68.66362728299646,0.0,0.0,2.9999999998266276,25.89887773830263,44.634624805049484,Sector 1,2883048.4847543547,5564182.336325582,383.11311111388983,367.7885866693342,1.0,0.979570771749056
195,25.898890289480622,44.63462829380355,0.0,582.34328909772,0.58234328909772,68.6636272407178,0.0,0.0,2.9999999998266276,25.898902840658614,44.6346317825572,Sector 1,2883051.2791358405,5564183.427853002,383.11311111387926,367.78858666932405,1.0,0.9795707717490372
196,25.89891539183661,44.63463527131085,0.0,585.3432890978855,0.5853432890978856,68.66362728449099,0.0,0.0,3.000000000165528,25.8989279430146,44.63463876006407,Sector 1,2883054.0735173267,5564184.519380425,383.1131111141147,367.7885866695501,1.0,0.9795707717494548
197,25.89894049419259,44.63464224881729,0.0,588.3432890977122,0.5883432890977122,68.66362725352377,0.0,0.0,2.9999999998266276,25.898953045370583,44.634645737570104,Sector 1,2883056.867898812,5564185.610907845,383.11311111438175,367.7885866698065,1.0,0.9795707717499287
198,25.89896559654857,44.634649226322914,0.0,591.3432890978777,0.5913432890978777,68.66362727320359,0.0,0.0,3.000000000165528,25.898978147726567,44.6346527150753,Sector 1,2883059.662280298,5564186.702435268,383.1131111145668,367.7885866699841,1.0,0.9795707717502569
199,25.89899069890456,44.63465620382768,0.0,594.3432890977043,0.5943432890977043,68.66362723977608,0.0,0.0,2.9999999998266276,25.89900325008255,44.63465969257965,Sector 1,2883062.456661784,5564187.793962689,383.1131111142659,367.78858666969523,1.0,0.9795707717497231
200,25.899015801260543,44.634663181331625,0.0,597.3432890978698,0.5973432890978698,68.66362731010292,0.0,0.0,3.000000000165528,25.899028352438535,44.63466667008318,Sector 1,2883065.25104327,5564188.885490112,383.11311111450135,367.7885866699213,1.0,0.9795707717501407
201,25.899040903616527,44.63467015883472,0.0,600.3432890976965,0.6003432890976965,68.66362726143325,0.0,0.0,2.9999999998266276,25.89905345479452,44.63467364758585,Sector 1,2883068.045424755,5564189.977017533,383.11311111415006,367.78858666958405,1.0,0.9795707717495175
202,25.89906600597251,44.634677136336975,0.0,603.343289097862,0.603343289097862,68.6636272835733,0.0,0.0,3.000000000165528,25.899078557150503,44.63468062508768,Sector 1,2883070.8398062414,5564191.068544954,383.1131111140447,367.7885866694829,1.0,0.9795707717493307
203,25.8990911083285,44.63468411383839,0.0,606.3432890981225,0.6063432890981224,68.66362727177881,0.0,0.0,3.0000000002604565,25.899103659506487,44.63468760258868,Sector 1,2883073.6341877277,5564192.160072374,383.11311111462095,367.7885866700361,1.0,0.9795707717503528
204,25.89911621068448,44.634691091338965,0.0,609.3432890979491,0.6093432890979491,68.66362728506772,0.0,0.0,2.9999999998266276,25.89912876186247,44.63469458008883,Sector 1,2883076.428569213,5564193.251599796,383.1131111143516,367.78858666977754,1.0,0.9795707717498752
205,25.899141313040463,44.6346980688387,0.0,612.3432890981146,0.6123432890981146,68.66362727819381,0.0,0.0,3.000000000165528,25.899153864218455,44.63470155758815,Sector 1,2883079.222950699,5564194.343127217,383.1131111145051,367.7885866699249,1.0,0.9795707717501474
206,25.899166415396447,44.6347050463376,0.0,615.3432890979412,0.6153432890979412,68.66362725361739,0.0,0.0,2.9999999998266276,25.89917896657444,44.63470853508663,Sector 1,2883082.017332185,5564195.434654638,383.11311111439977,367.78858666982376,1.0,0.9795707717499604
207,25.89919151775243,44.63471202383567,0.0,618.3432890981068,0.6183432890981068,68.66362727329721,0.0,0.0,3.000000000165528,25.899204068930423,44.63471551258428,Sector 1,2883084.811713671,5564196.526182061,383.1131111149255,367.78858667032847,1.0,0.979570771750893
208,25.89921662010841,44.63471900133289,0.0,621.3432890979334,0.6213432890979333,68.66362724872079,0.0,0.0,2.9999999998266276,25.899229171286407,44.63472249008109,Sector 1,2883087.606095156,5564197.617709482,383.1131111143155,367.7885866697428,1.0,0.979570771749811
209,25.8992417224644,44.63472597882928,0.0,624.3432890980989,0.6243432890980989,68.66362727479151,0.0,0.0,3.000000000165528,25.89925427364239,44.63472946757705,Sector 1,2883090.4004766424,5564198.709236905,383.1131111144058,367.78858666982956,1.0,0.9795707717499713
210,25.899266824820383,44.634732956324825,0.0,627.3432890979255,0.6273432890979256,68.66362728562001,0.0,0.0,2.9999999998266276,25.899279375998375,44.63473644507218,Sector 1,2883093.194858128,5564199.800764325,383.11311111407326,367.7885866695103,1.0,0.9795707717493813
211,25.899291927176364,44.634739933819525,0.0,630.3432890977522,0.6303432890977522,68.66362726350394,0.0,0.0,2.9999999998266276,25.899304478354356,44.63474342256646,Sector 1,2883095.9892396135,5564200.892291746,383.11311111425834,367.788586669688,1.0,0.9795707717497097
212,25.899317029532348,44.63474691131339,0.0,633.3432890979177,0.6333432890979177,68.66362726548118,0.0,0.0,3.000000000165528,25.899329580710337,44.63475040005991,Sector 1,2883098.7836211,5564201.983819168,383.1131111137618,367.7885866692113,1.0,0.9795707717488289
213,25.89934213188833,44.63475388880642,0.0,636.3432890977443,0.6363432890977443,68.66362726499813,0.0,0.0,2.9999999998266276,25.89935468306632,44.63475737755252,Sector 1,2883101.578002585,5564203.075346589,383.1131111136565,367.7885866691102,1.0,0.9795707717486422
214,25.899367234244316,44.63476086629861,0.0,639.3432890979099,0.6393432890979098,68.66362728074728,0.0,0.0,3.000000000165528,25.89937978542231,44.63476435504428,Sector 1,2883104.3723840714,5564204.166874011,383.1131111138099,367.7885866692575,1.0,0.9795707717489142
215,25.8993923366003,44.63476784378996,0.0,642.3432890977365,0.6423432890977365,68.6636272625617,0.0,0.0,2.9999999998266276,25.899404887778292,44.634771332535216,Sector 1,2883107.166765557,5564205.258401431,383.1131111138497,367.7885866692957,1.0,0.9795707717489848
216,25.899417438956284,44.63477482128047,0.0,645.343289097902,0.6453432890979021,68.66362726846961,0.0,0.0,3.000000000165528,25.899429990134273,44.63477831002531,Sector 1,2883109.9611470434,5564206.349928853,383.1131111141168,367.7885866695521,1.0,0.9795707717494586
217,25.899442541312265,44.63478179877015,0.0,648.3432890977286,0.6483432890977286,68.66362725766498,0.0,0.0,2.9999999998266276,25.899455092490257,44.63478528751457,Sector 1,2883112.7555285282,5564207.441456275,383.11311111392945,367.78858666937225,1.0,0.9795707717491262
218,25.89946764366825,44.634788776258986,0.0,651.3432890978942,0.6513432890978942,68.66362728619595,0.0,0.0,3.000000000165528,25.89948019484624,44.63479226500298,Sector 2,2883115.5499100145,5564208.532983697,383.11311111388727,367.7885866693318,1.0,0.9795707717490514
219,25.899492746024237,44.63479575374697,0.0,654.3432890977208,0.6543432890977208,68.66362724637725,0.0,0.0,2.9999999998266276,25.89950529720223,44.63479924249055,Sector 2,2883118.3442915007,5564209.624511117,383.1131111141228,367.78858666955784,1.0,0.9795707717494693
220,25.89951784838022,44.63480273123413,0.0,657.3432890979813,0.6573432890979812,68.66362726998761,0.0,0.0,3.0000000002604565,25.89953039955821,44.63480621997729,Sector 2,2883121.1386729865,5564210.71603854,383.11311111416256,367.78858666959604,1.0,0.9795707717495399
221,25.8995429507362,44.63480970872045,0.0,660.3432890981468,0.6603432890981468,68.66362726557384,0.0,0.0,3.000000000165528,25.899555501914193,44.63481319746319,Sector 2,2883123.933054472,5564211.80756596,383.11311111423396,367.7885866696646,1.0,0.9795707717496664
222,25.899568053092185,44.63481668620592,0.0,663.3432890979734,0.6633432890979735,68.66362727640234,0.0,0.0,2.9999999998266276,25.899580604270177,44.634820174948246,Sector 2,2883126.727435958,5564212.899093383,383.1131111137563,367.78858666920604,1.0,0.9795707717488191
223,25.89959315544817,44.63482366369057,0.0,666.3432890981389,0.6663432890981389,68.66362726952826,0.0,0.0,3.000000000165528,25.89960570662616,44.634827152432464,Sector 2,2883129.521817444,5564213.990620804,383.1131111142821,367.7885866697108,1.0,0.9795707717497517
224,25.899618257804157,44.63483064117437,0.0,669.3432890979656,0.6693432890979656,68.66362726019389,0.0,0.0,2.9999999998266276,25.899630808982145,44.634834129915845,Sector 2,2883132.31619893,5564215.082148226,383.11311111415785,367.7885866695915,1.0,0.9795707717495314
225,25.899643360160137,44.63483761865733,0.0,672.3432890981311,0.6723432890981311,68.66362728233389,0.0,0.0,3.000000000165528,25.89965591133813,44.63484110739839,Sector 2,2883135.1105804155,5564216.173675648,383.1131111140525,367.7885866694904,1.0,0.9795707717493445
226,25.89966846251612,44.634844596139445,0.0,675.3432890979577,0.6753432890979577,68.66362728185078,0.0,0.0,2.9999999998266276,25.899681013694114,44.63484808488009,Sector 2,2883137.9049619013,5564217.265203068,383.11311111428796,367.78858666971644,1.0,0.9795707717497621
227,25.899693564872106,44.63485157362073,0.0,678.3432890977843,0.6783432890977843,68.66362726858574,0.0,0.0,2.9999999998266276,25.899706116050098,44.63485506236095,Sector 2,2883140.699343387,5564218.356730488,383.11311111440983,367.7885866698334,1.0,0.9795707717499784
228,25.89971866722809,44.63485855110117,0.0,681.3432890979499,0.6813432890979498,68.66362727056293,0.0,0.0,3.000000000165528,25.89973121840608,44.63486203984097,Sector 2,2883143.493724873,5564219.44825791,383.11311111436765,367.78858666979295,1.0,0.9795707717499036
229,25.89974376958407,44.634865528580775,0.0,684.3432890977765,0.6843432890977765,68.66362724352598,0.0,0.0,2.9999999998266276,25.89975632076206,44.63486901732016,Sector 2,2883146.2881063586,5564220.539785332,383.1131111146662,367.78858667007955,1.0,0.9795707717504332
230,25.89976887194005,44.63487250605955,0.0,687.343289097942,0.6873432890979421,68.66362730353131,0.0,0.0,3.000000000165528,25.899781423118043,44.634875994798506,Sector 2,2883149.082487844,5564221.631312754,383.1131111143337,367.7885866697604,1.0,0.9795707717498434
231,25.89979397429604,44.63487948353747,0.0,690.3432890977687,0.6903432890977687,68.66362725879185,0.0,0.0,2.9999999998266276,25.89980652547403,44.63488297227602,Sector 2,2883151.87686933,5564222.722840174,383.1131111145187,367.7885866699379,1.0,0.9795707717501714
232,25.899819076652022,44.63488646101456,0.0,693.3432890979342,0.6933432890979342,68.66362724945742,0.0,0.0,3.000000000165528,25.899831627830014,44.63488994975269,Sector 2,2883154.671250816,5564223.814367596,383.11311111504443,367.78858667044267,1.0,0.979570771751104
233,25.899844179008007,44.63489343849081,0.0,696.3432890977608,0.6963432890977608,68.6636273045421,0.0,0.0,2.9999999998266276,25.899856730185995,44.63489692722851,Sector 2,2883157.4656323018,5564224.905895019,383.1131111145668,367.7885866699841,1.0,0.9795707717502569
234,25.899869281363987,44.63490041596621,0.0,699.3432890975874,0.6993432890975875,68.66362725587197,0.0,0.0,2.9999999998266276,25.89988183254198,44.6349039047035,Sector 2,2883160.260013787,5564225.997422437,383.11311111429745,367.78858666972553,1.0,0.979570771749779
235,25.89989438371997,44.63490739344079,0.0,702.343289097753,0.702343289097753,68.66362726670036,0.0,0.0,3.000000000165528,25.899906934897963,44.63491088217766,Sector 2,2883163.0543952733,5564227.08894986,383.113111114678,367.78858667009087,1.0,0.979570771750454
236,25.899919486075955,44.63491437091452,0.0,705.3432890975796,0.7053432890975796,68.6636272888403,0.0,0.0,2.9999999998266276,25.899932037253947,44.63491785965097,Sector 2,2883165.848776759,5564228.180477283,383.11311111411834,367.7885866695536,1.0,0.9795707717494613
237,25.899944588431943,44.634921348387415,0.0,708.3432890981788,0.7083432890981789,68.66362725049174,0.0,0.0,3.0000000005992433,25.89995713960993,44.63492483712344,Sector 2,2883168.6431582454,5564229.272004703,383.1131111146441,367.7885866700583,1.0,0.9795707717503939
238,25.899969690787923,44.63492832585947,0.0,711.3432890980055,0.7113432890980055,68.66362728394324,0.0,0.0,2.9999999998266276,25.899982241965915,44.63493181459508,Sector 2,2883171.4375397307,5564230.363532125,383.11311111408435,367.78858666952095,1.0,0.9795707717494011
239,25.89999479314391,44.63493530333069,0.0,714.343289098171,0.714343289098171,68.66362730116253,0.0,0.0,3.000000000165528,25.9000073443219,44.634938792065874,Sector 2,2883174.231921217,5564231.455059547,383.11311111457854,367.78858666999537,1.0,0.9795707717502775
240,25.90001989549989,44.634942280801056,0.0,717.3432890979976,0.7173432890979976,68.66362724511146,0.0,0.0,2.9999999998266276,25.900032446677884,44.63494576953583,Sector 2,2883177.0263027023,5564232.546586966,382.3486547799978,367.05470858879784,1.0,0.9782147696553636
241,25.90004499785588,44.6349492582706,0.0,720.3432890981632,0.7203432890981631,68.66362726086038,0.0,0.0,3.000000000165528,25.900057549033868,44.634952747004945,Sector 2,2883179.8206841885,5564233.638114389,384.87710303365407,369.48201891230786,1.0,0.9826997624191689
242,25.90007010021186,44.634956235739295,0.0,723.3432890979898,0.7233432890979897,68.66362729824255,0.0,0.0,2.9999999998266276,25.90008265138985,44.63495972447322,Sector 2,2883182.6150656743,5564234.72964181,387.9569393647465,372.43866179015663,1.0,0.9881628141698542
243,25.900095202567844,44.63496321320715,0.0,726.3432890978164,0.7263432890978164,68.66362722694913,0.0,0.0,2.9999999998266276,25.900107753745836,44.63496670194067,Sector 2,2883185.40944716,5564235.821169231,390.2630501338766,374.65252812852157,1.0,0.992253421955529
244,25.900120304923824,44.63497019067418,0.0,729.3432890979819,0.729343289097982,68.66362728449411,0.0,0.0,3.000000000165528,25.900132856101816,44.63497367940727,Sector 2,2883188.2038286454,5564236.912696654,391.9454686489661,376.26764990300745,1.0,0.9952377167121873
245,25.90014540727981,44.63497716814036,0.0,732.3432890978086,0.7323432890978085,68.66362725991735,0.0,0.0,2.9999999998266276,25.9001579584578,44.63498065687303,Sector 2,2883190.9982101317,5564238.004224076,393.4511680944528,377.7131213706747,1.0,0.9979085449989471
246,25.900170509635792,44.634984145605706,0.0,735.3432890979741,0.7353432890979741,68.66362729729946,0.0,0.0,3.000000000165528,25.900183060813784,44.63498763433795,Sector 2,2883193.7925916174,5564239.095751498,394.17455645935496,378.4075742009808,1.0,0.9991917002216477
247,25.900195611991776,44.6349911230702,0.0,738.3432890978007,0.7383432890978007,10.912385185391088,0.0,0.0,2.9999999998266276,25.90019627577646,44.63499357308223,Sector 2,2883196.586973103,5564240.187278917,394.48983520738983,378.7102417990942,1.0,0.9997509455617386
248,25.90019693956114,44.63499602309426,0.0,739.123945872472,0.739123945872472,277.3352915745316,0.0,0.0,0.780656774671229,25.900183575108933,44.63499724731954,Sector 2,2883196.734757449,5564240.95381971,394.6225930504322,378.8376893284149,1.0,0.9999864330646062
249,25.90017021065673,44.63499847154482,0.0,742.1239458723619,0.7421239458723619,277.3352915593483,0.0,0.0,2.999999999889951,25.900156846204524,44.63499969577005,Sector 2,2883193.7593094204,5564241.336845861,394.59039216573433,378.80677647910494,1.0,0.999929314737328
250,25.90014348175232,44.63500091999527,0.0,745.1239458728326,0.7451239458728326,277.3352915458918,0.0,0.0,3.0000000004706635,25.900130117300115,44.63500214422044,Sector 2,2883190.7838613917,5564241.71987201,394.39082796242366,378.6151948439267,1.0,0.999575325286894
251,25.90011675284791,44.63500336844561,0.0,748.1239458727225,0.7481239458727225,277.3352915701344,0.0,0.0,2.999999999889951,25.900103388395706,44.63500459267073,Sector 2,2883187.8084133635,5564242.102898158,393.94491678998264,378.18712011838335,1.0,0.9987843625377826
252,25.900090023943505,44.635005816895855,0.0,751.1239458726125,0.7511239458726124,277.3352915361016,0.0,0.0,2.999999999889951,25.9000766594913,44.63500704112092,Sector 2,2883184.832965336,5564242.485924308,392.80319455684196,377.0910667745683,1.0,0.9967591615290188
253,25.900063295039097,44.63500826534599,0.0,754.1239458725024,0.7541239458725024,277.3352915689057,0.0,0.0,2.999999999889951,25.900049930586892,44.635009489571004,Sector 2,2883181.8575173076,5564242.868950456,391.4162739748052,375.759623015813,1.0,0.9942990246583463
254,25.900036566134688,44.63501071379603,0.0,757.1239458723924,0.7571239458723924,277.3352915348728,0.0,0.0,2.999999999889951,25.90002320168248,44.635011938020995,Sector 2,2883178.8820692794,5564243.251976606,388.92116120466204,373.36431475647555,1.0,0.989873162787221
255,25.900009837230275,44.635013162245954,0.0,760.1239458727441,0.7601239458727441,277.3352915685403,0.0,0.0,3.000000000351747,25.89999647277807,44.63501438647087,Sector 2,2883175.906621251,5564243.635002755,386.10207590067256,370.6579928646456,1.0,0.9848726344312779
256,25.899983108325863,44.63501561069579,0.0,763.1239458726341,0.7631239458726341,277.3352915542204,0.0,0.0,2.999999999889951,25.899969743873662,44.63501683492065,Sector 2,2883172.931173222,5564244.018028905,386.102075901519,370.65799286545825,1.0,0.9848726344327794
257,25.899956379421457,44.63501805914551,0.0,766.123945872524,0.766123945872524,277.33529156903825,0.0,0.0,2.999999999889951,25.899943014969253,44.635019283370326,Sector 2,2883169.955725194,5564244.401055053,386.1020759017167,370.65799286564805,1.0,0.9848726344331302
258,25.89992965051705,44.63502050759514,0.0,769.123945872414,0.769123945872414,277.3352915247172,0.0,0.0,2.999999999889951,25.899916286064844,44.63502173181989,Sector 2,2883166.980277166,5564244.784081202,386.1020759014451,370.6579928653873,1.0,0.9848726344326484
259,25.89990292161264,44.63502295604465,0.0,772.1239458727657,0.7721239458727657,277.3352915583847,0.0,0.0,3.000000000351747,25.899889557160435,44.63502418026936,Sector 2,2883164.0048291376,5564245.167107351,386.1020759017995,370.65799286572746,1.0,0.984872634433277
260,25.89987619270823,44.63502540449407,0.0,775.1239458727746,0.7751239458727746,277.335291581764,0.0,0.0,3.0000000000088676,25.899862828256026,44.635026628718734,Sector 2,2883161.0293811094,5564245.550133501,386.1020759014048,370.6579928653486,1.0,0.9848726344325769
261,25.89984946380382,44.63502785294339,0.0,778.1239458726645,0.7781239458726645,277.3352915580193,0.0,0.0,2.999999999889951,25.899836099351617,44.63502907716799,Sector 2,2883158.053933081,5564245.933159652,386.10207590163634,370.65799286557086,1.0,0.9848726344329874
262,25.899822734899413,44.6350303013926,0.0,781.1239458725545,0.7811239458725545,277.33529156254906,0.0,0.0,2.999999999889951,25.89980937044721,44.63503152561715,Sector 2,2883155.0784850526,5564246.3161858,386.1020759012303,370.6579928651811,1.0,0.9848726344322674
263,25.899796005995004,44.635032749841706,0.0,784.1239458724444,0.7841239458724444,277.3352915096665,0.0,0.0,2.999999999889951,25.8997826415428,44.6350339740662,Sector 2,2883152.1030370244,5564246.69921195,386.1020759014394,370.6579928653818,1.0,0.9848726344326382
264,25.89976927709059,44.63503519829069,0.0,787.1239458727962,0.7871239458727962,277.33529154419733,0.0,0.0,3.000000000351747,25.899755912638387,44.63503642251514,Sector 2,2883149.1275889957,5564247.082238097,386.1020759015366,370.6579928654751,1.0,0.9848726344328105
265,25.899742548186182,44.6350376467396,0.0,790.1239458726861,0.7901239458726861,277.3352915667133,0.0,0.0,2.999999999889951,25.89972918373398,44.635038870963996,Sector 2,2883146.1521409675,5564247.465264247,386.10207590164504,370.6579928655792,1.0,0.984872634433003
266,25.899715819281777,44.6350400951884,0.0,793.1239458725761,0.7931239458725761,277.3352915429686,0.0,0.0,2.999999999889951,25.899702454829573,44.63504131941275,Sector 2,2883143.17669294,5564247.848290398,386.10207590137344,370.6579928653185,1.0,0.9848726344325212
267,25.899689090377368,44.63504254363709,0.0,796.123945872466,0.796123945872466,277.335291566348,0.0,0.0,2.999999999889951,25.899675725925164,44.63504376786139,Sector 2,2883140.2012449116,5564248.231316546,386.1698279282191,370.7230348110903,1.0,0.9849928138151511
268,25.89966236147296,44.63504499208568,0.0,799.123945872356,0.799123945872356,277.3352915511647,0.0,0.0,2.999999999889951,25.899648997020755,44.63504621630992,Sector 2,2883137.225796883,5564248.614342696,386.303066499293,370.85094383932125,1.0,0.9852291540393427
269,25.899635632568547,44.63504744053416,0.0,802.1239458727077,0.8021239458727077,277.3352915659826,0.0,0.0,3.000000000351747,25.89962226811634,44.63504866475835,Sector 2,2883134.2503488543,5564248.997368844,386.4343019290446,370.9769298518828,1.0,0.9854619410666983
270,25.899608903664134,44.63504988898254,0.0,805.1239458727166,0.8051239458727166,277.335291552526,0.0,0.0,3.0000000000088676,25.899595539211933,44.635051113206686,Sector 2,2883131.274900826,5564249.380394993,386.5635151375063,371.10097453200603,1.0,0.9856911410529352
271,25.899582174759733,44.63505233743083,0.0,808.1239458726066,0.8081239458726066,277.3352915467676,0.0,0.0,2.999999999889951,25.899568810307528,44.635053561654914,Sector 2,2883128.2994527984,5564249.763421143,386.69068733775305,371.2230598442429,1.0,0.9859167206735737
272,25.899555445855324,44.635054785879,0.0,811.1239458724965,0.8111239458724965,277.3352915607221,0.0,0.0,2.999999999889951,25.89954208140312,44.635056010103035,Sector 2,2883125.3240047703,5564250.1464472925,387.1176295578603,371.6329243755459,1.0,0.9866740360605804
273,25.899528716950915,44.63505723432707,0.0,814.1239458723865,0.8141239458723865,277.33529154553884,0.0,0.0,2.999999999889951,25.89951535249871,44.63505845855106,Sector 2,2883122.348556742,5564250.529473442,387.82800685911866,372.3148865847539,1.0,0.9879341120977736
274,25.899501988046502,44.63505968277504,0.0,817.1239458727382,0.8171239458727382,272.1240877437036,0.0,0.0,3.000000000351747,25.899488577598994,44.63506003671031,Sector 2,2883119.3731087134,5564250.91249959,388.4489543290005,372.9109961558405,1.0,0.9890355563947237
275,25.899475167151486,44.63506039064558,0.0,820.1116871070814,0.8201116871070814,266.9722920555816,0.0,0.0,2.9877412343431615,25.899461711231602,44.63505988418661,Sector 2,2883116.387420337,5564251.023236244,389.11361757566044,373.549072872634,1.0,0.9902145442768473
276,25.899448255311714,44.63505937772764,0.0,823.1116871071077,0.8231116871071077,266.97229207986385,0.0,0.0,3.0000000000263753,25.899434799391827,44.63505887126867,Sector 2,2883113.3916080375,5564250.864779103,390.09122972459596,374.4875805356121,1.0,0.9919486447898571
277,25.899421343471943,44.6350583648097,0.0,826.1116871070849,0.8261116871070849,266.97229209429963,0.0,0.0,2.999999999977149,25.89940788755206,44.63505785835072,Sector 2,2883110.395795738,5564250.706321962,391.0528997312222,375.4107837419733,1.0,0.9936544669337948
278,25.89939443163217,44.63505735189174,0.0,829.1116871071113,0.8291116871071113,266.9722920904711,0.0,0.0,3.0000000000263753,25.899380975712287,44.63505684543275,Sector 2,2883107.399983438,5564250.547864823,391.83528872338337,376.161877174448,1.0,0.9950422781983714
279,25.899367519792403,44.63505633897376,0.0,832.1116871070884,0.8321116871070884,241.22378413129644,0.0,0.0,2.999999999977149,25.899357054563392,44.635052248964016,Sector 2,2883104.404171139,5564250.389407683,392.4308259006972,376.7335928646693,1.0,0.9960986494042947
280,25.89934658933438,44.63504815895428,0.0,834.7699307877916,0.8347699307877916,211.6180766092294,0.0,0.0,2.658243680703208,25.899339525146623,44.635039993695884,Sector 2,2883102.07420321,5564249.109755811,392.83374853768504,377.1203985961776,1.0,0.9968133585578836
281,25.89933246095886,44.63503182843749,0.0,837.7699307876705,0.8377699307876706,211.6180766337003,0.0,0.0,2.9999999998789235,25.899325396771097,44.635023663176796,Sector 2,2883100.5014396408,5564246.555070946,393.26230146665273,377.5318094079866,1.0,0.9975735310401752
282,25.89931833258333,44.63501549791611,0.0,840.7699307877936,0.8407699307877936,211.6180766075769,0.0,0.0,3.000000000123009,25.89931126839557,44.63500733265312,Sector 2,2883098.9286760716,5564244.000386082,393.7713154643168,378.0204628457441,1.0,0.9984764263606143
283,25.89930420420781,44.63499916739013,0.0,843.7699307876725,0.8437699307876725,203.5891839975345,0.0,0.0,2.9999999998789235,25.899298883216204,44.63499049619479,Sector 2,2883097.355912503,5564241.445701215,394.08354875312597,378.32020680300093,1.0,0.9990302696274889
284,25.8992935622246,44.63498182499944,0.0,846.7302787677362,0.8467302787677362,192.75899183489076,0.0,0.0,2.960347980063716,25.899290586324387,44.63497247318239,Sector 2,2883096.171252351,5564238.732724903,394.2351338141414,378.46572846157574,1.0,0.9992991530823006
285,25.899287610424174,44.63496312136533,0.0,849.7302787677397,0.8497302787677398,192.75899182246383,0.0,0.0,3.0000000000035243,25.89928463452397,44.63495376954526,Sector 2,2883095.5087009585,5564235.80680186,394.30900657305733,378.53664631013504,1.0,0.9994301894951285
286,25.899281658623764,44.6349444177252,0.0,852.7302787677432,0.8527302787677432,192.7589918235261,0.0,0.0,3.0000000000035243,25.899278682723555,44.63493506590211,Sector 2,2883094.846149567,5564232.880878817,394.5261687829318,378.7451220316145,1.0,0.9998153945071158
287,25.899275706823342,44.634925714079024,0.0,855.7302787677468,0.8557302787677468,192.75899182399013,0.0,0.0,3.0000000000035243,25.899272730923137,44.63491636225294,Sector 2,2883094.183598175,5564229.954955773,394.58088897480314,378.797653415811,1.0,0.9999124578597955
288,25.899269755022928,44.63490701042684,0.0,858.7302787676474,0.8587302787676474,192.75899181396088,0.0,0.0,2.9999999999006377,25.899266779122723,44.63489765859774,Sector 2,2883093.5210467833,5564227.0290327305,394.58323346463925,378.79990412605366,1.0,0.9999166165448445
289,25.899263803222517,44.63488830676862,0.0,861.7302787676509,0.861730278767651,192.7589918324104,0.0,0.0,3.0000000000035243,25.8992608273223,44.6348789549365,Sector 2,2883092.8584953924,5564224.1031096885,394.57495714677214,378.7919588609012,1.0,0.999901935909917
290,25.89925785142209,44.63486960310438,0.0,864.7302787676545,0.8647302787676544,192.7589918178847,0.0,0.0,3.0000000000035243,25.899254875521883,44.63486025126924,Sector 2,2883092.1959439996,5564221.177186645,394.56251133475257,378.78001088136244,1.0,0.9998798593747273
291,25.89925189962168,44.6348508994341,0.0,867.7302787675551,0.867730278767555,192.7589918249436,0.0,0.0,2.9999999999006377,25.899248923721473,44.634841547595954,Sector 2,2883091.533392609,5564218.251263602,394.6193630954057,378.83458857158945,1.0,0.999980703730458
292,25.89924594782126,44.6348321957578,0.0,870.7302787675586,0.8707302787675586,192.75899182390705,0.0,0.0,3.0000000000035243,25.899242971921048,44.63482284391663,Sector 2,2883090.8708412168,5564215.32534056,394.623525822444,378.8385847895462,1.0,0.9999880876271297
293,25.89923999602084,44.63481349207546,0.0,873.7302787675621,0.8737302787675622,192.75899182017355,0.0,0.0,3.0000000000035243,25.89923702012063,44.63480414023128,Sector 2,2883090.2082898244,5564212.399417515,394.6206941419549,378.8358663762767,1.0,0.9999830647572787
294,25.899234044220425,44.6347947883871,0.0,876.7302787675657,0.8767302787675657,192.75899182303507,0.0,0.0,3.0000000000035243,25.89923106832022,44.63478543653991,Sector 2,2883089.545738433,5564209.473494472,394.4503309599233,378.6723177215263,1.0,0.9996808724393123
295,25.89922809242001,44.63477608469272,0.0,879.7302787674663,0.8797302787674663,192.75899181540336,0.0,0.0,2.9999999999006377,25.8992251165198,44.63476673284251,Sector 2,2883088.8831870416,5564206.54757143,394.3435123405776,378.5697718469545,1.0,0.9994913962520451
296,25.899222140619592,44.63475738099229,0.0,882.7302787674698,0.8827302787674698,192.75899183355355,0.0,0.0,3.0000000000035243,25.899219164719383,44.63474802913907,Sector 2,2883088.2206356497,5564203.621648386,393.7908300899079,378.0391968863116,1.0,0.9985110416446876
297,25.89921618881917,44.634738677285846,0.0,885.7302787674734,0.8857302787674733,190.4834294602734,0.0,0.0,3.0000000000035243,25.899213902734065,44.63472988578211,Sector 2,2883087.5580842574,5564200.695725343,393.5008540984915,377.7608199345518,1.0,0.9979966786470271
298,25.89921161664896,44.63472109427836,0.0,888.5275775848044,0.8885275775848044,69.67817611945986,0.0,0.0,2.7972988173310114,25.899224252667587,44.634724424337115,Sector 2,2883087.0491125975,5564197.945120225,392.79834353344086,377.0864097921032,1.0,0.9967505567237516
299,25.89923688868621,44.63472775439587,0.0,891.5275775845853,0.8915275775845853,69.6781761189028,0.0,0.0,2.9999999997809255,25.899249524704842,44.63473108445424,Sector 2,2883089.862382916,5564198.98699839,391.6807585850908,376.01352824168714,1.0,0.9947681707290847
300,25.899262160723477,44.63473441451261,0.0,894.5275775846897,0.8945275775846897,69.67817608691564,0.0,0.0,3.0000000001043645,25.899274796742105,44.6347377445706,Sector 2,2883092.675653236,5564200.028876555,390.73858542537346,375.10904200835853,1.0,0.993096932333174
301,25.899287432760733,44.6347410746286,0.0,897.5275775844706,0.8975275775844705,69.67817608635858,0.0,0.0,2.9999999997809255,25.899300068779365,44.63474440468621,Sector 2,2883095.4889235543,5564201.070754723,389.6714283750183,374.08457124001757,1.0,0.9912039959672565
302,25.899312704797996,44.63474773474382,0.0,900.5275775850116,0.9005275775850116,69.67817610783777,0.0,0.0,3.0000000005410357,25.899325340816624,44.634751064801044,Sector 2,2883098.3021938736,5564202.112632888,388.2532185609399,372.7230898185023,1.0,0.9886883578700554
303,25.89933797683525,44.63475439485827,0.0,903.5275775847924,0.9035275775847924,69.67817609836959,0.0,0.0,2.9999999997808118,25.89935061285388,44.63475772491512,Sector 2,2883101.115464192,5564203.154511054,386.5129929371247,371.0524732196397,1.0,0.9856015241494469
304,25.899363248872508,44.63476105497196,0.0,906.5275775848968,0.9065275775848968,69.67817609546404,0.0,0.0,3.0000000001043645,25.899375884891136,44.634764385028426,Sector 2,2883103.928734511,5564204.196389221,384.71908500116905,369.33032160112225,1.0,0.9824194680800535
305,25.899388520909767,44.63476771508489,0.0,909.5275775846778,0.9095275775846778,69.67817607003957,0.0,0.0,2.999999999781039,25.899401156928395,44.63477104514098,Sector 2,2883106.7420048304,5564205.238267387,383.30673604311886,367.9744666013941,1.0,0.9799142260417151
306,25.899413792947023,44.63477437519706,0.0,912.5275775847822,0.9125275775847822,69.67817611403774,0.0,0.0,3.0000000001043645,25.89942642896565,44.63477770525276,Sector 2,2883109.5552751487,5564206.280145554,383.3067360428235,367.9744666011105,1.0,0.979914226041191
307,25.89943906498428,44.63478103530845,0.0,915.5275775845632,0.9155275775845632,69.67817611582899,0.0,0.0,2.999999999781039,25.89945170100291,44.634784365363764,Sector 2,2883112.3685454675,5564207.32202372,383.3067360423566,367.9744666006623,1.0,0.979914226040363
308,25.89946433702154,44.63478769541908,0.0,918.5275775847808,0.9185275775847808,69.67817609275284,0.0,0.0,3.0000000002175966,25.899476973040173,44.634791025474016,Sector 2,2883115.1818157868,5564208.363901884,383.3067360425937,367.9744666008899,1.0,0.9799142260407834
309,25.8994896090588,44.63479435552895,0.0,921.5275775848852,0.9215275775848852,69.67817607623942,0.0,0.0,3.0000000001043645,25.89950224507743,44.6347976855835,Sector 2,2883117.995086106,5564209.405780052,383.3067360424935,367.9744666007938,1.0,0.9799142260406057
310,25.899514881096056,44.63480101563805,0.0,924.527577584666,0.924527577584666,69.67817609350436,0.0,0.0,2.9999999997808118,25.899527517114684,44.634804345692224,Sector 2,2883120.8083564243,5564210.447658216,383.30673604270095,367.9744666009929,1.0,0.9799142260409739
311,25.899540153133312,44.6348076757464,0.0,927.5275775847704,0.9275275775847704,69.67817610842093,0.0,0.0,3.0000000001043645,25.89955278915194,44.63481100580019,Sector 2,2883123.621626743,5564211.489536385,383.30673604260085,367.9744666008968,1.0,0.9799142260407963
312,25.899565425170568,44.63481433585397,0.0,930.5275775845512,0.9305275775845512,69.67817609895263,0.0,0.0,2.9999999997808118,25.899578061189196,44.63481766590738,Sector 2,2883126.4348970614,5564212.531414549,383.30673604272545,367.9744666010164,1.0,0.9799142260410172
313,25.899590697207827,44.63482099596078,0.0,933.5275775846555,0.9335275775846557,69.67817609604703,0.0,0.0,3.0000000001043645,25.89960333322646,44.6348243260138,Sector 2,2883129.2481673807,5564213.5732927155,383.3067360431045,367.9744666013803,1.0,0.9799142260416895
314,25.89961596924509,44.634827656066825,0.0,936.5275775848733,0.9365275775848731,69.67817608188193,0.0,0.0,3.0000000002177103,25.899628605263715,44.63483098611947,Sector 2,2883132.0614377,5564214.615170881,383.3067360426672,367.97446660096045,1.0,0.9799142260409139
315,25.899641241282342,44.63483431617211,0.0,939.5275775849776,0.9395275775849776,69.67817610570955,0.0,0.0,3.0000000001043645,25.89965387730097,44.63483764622437,Sector 2,2883134.8747080183,5564215.657049049,383.3067360425374,367.9744666008359,1.0,0.9799142260406837
316,25.8996665133196,44.63484097627663,0.0,942.5275775847584,0.9425275775847586,69.67817607841909,0.0,0.0,2.9999999997808118,25.89967914933823,44.63484430632851,Sector 2,2883137.687978337,5564216.698927214,383.3067360425201,367.97446660081926,1.0,0.9799142260406528
317,25.89969178535686,44.63484763638039,0.0,945.5275775848628,0.9455275775848628,69.67817612428314,0.0,0.0,3.0000000001043645,25.89970442137549,44.634850966431884,Sector 2,2883140.5012486563,5564217.740805383,383.3067360426743,367.9744666009673,1.0,0.9799142260409264
318,25.89971705739412,44.63485429648337,0.0,948.5275775846438,0.9485275775846438,69.67817609042999,0.0,0.0,2.999999999781039,25.89972969341275,44.63485762653448,Sector 2,2883143.314518975,5564218.782683547,383.30673604263336,367.974466600928,1.0,0.9799142260408538
319,25.899742329431376,44.63486095658559,0.0,951.5275775844248,0.9515275775844249,69.6781761053465,0.0,0.0,2.9999999997809255,25.899754965450008,44.63486428663632,Sector 2,2883146.127789294,5564219.824561713,383.30673604250364,367.9744666008035,1.0,0.9799142260406237
320,25.89976760146864,44.63486761668705,0.0,954.5275775849658,0.9545275775849658,69.6781761000924,0.0,0.0,3.0000000005410357,25.899780237487263,44.6348709467374,Sector 2,2883148.941059613,5564220.866439878,383.3067360424035,367.97446660070733,1.0,0.9799142260404461
321,25.89979287350589,44.63487427678775,0.0,957.5275775847468,0.9575275775847468,69.67817607936462,0.0,0.0,2.999999999781039,25.89980550952452,44.63487760683772,Sector 2,2883151.7543299315,5564221.908318044,383.30673604249847,367.9744666007985,1.0,0.9799142260406146
322,25.89981814554315,44.63488093688768,0.0,960.5275775848512,0.9605275775848512,69.67817610554062,0.0,0.0,3.0000000001043645,25.899830781561782,44.63488426693726,Sector 2,2883154.5676002502,5564222.950196211,383.3067360427355,367.97446660102605,1.0,0.979914226041035
323,25.89984341758041,44.63488759698684,0.0,963.527577584632,0.963527577584632,69.67817609137546,0.0,0.0,2.9999999997808118,25.899856053599038,44.63489092703605,Sector 2,2883157.3808705695,5564223.992074378,383.30673604241053,367.9744666007141,1.0,0.9799142260404585
324,25.899868689617666,44.63489425708525,0.0,966.5275775847364,0.9665275775847364,69.67817608846974,0.0,0.0,3.0000000001043645,25.899881325636294,44.63489758713407,Sector 2,2883160.1941408883,5564225.033952543,383.30673604267724,367.9744666009701,1.0,0.9799142260409317
325,25.89989396165492,44.63490091718289,0.0,969.5275775845172,0.9695275775845174,69.67817609026088,0.0,0.0,2.9999999997808118,25.899906597673553,44.63490424723133,Sector 2,2883163.007411207,5564226.075830709,383.3067360423819,367.9744666006866,1.0,0.9799142260404077
326,25.899919233692184,44.63490757727977,0.0,972.5275775850585,0.9725275775850584,69.67817609813216,0.0,0.0,3.000000000541263,25.899931869710812,44.63491090732782,Sector 2,2883165.8206815263,5564227.117708876,383.3067360423941,367.97446660069835,1.0,0.9799142260404294
327,25.89994450572944,44.634914237375874,0.0,975.5275775848392,0.9755275775848392,69.67817609101212,0.0,0.0,2.999999999780698,25.899957141748068,44.63491756742354,Sector 2,2883168.6339518446,5564228.1595870415,383.3067360424595,367.9744666007611,1.0,0.9799142260405453
328,25.8999697777667,44.63492089747122,0.0,978.5275775846202,0.9785275775846202,69.6781761035802,0.0,0.0,2.999999999781039,25.899982413785327,44.63492422751851,Sector 2,2883171.447222164,5564229.201465208,383.30673604258413,367.97446660088076,1.0,0.9799142260407665
329,25.899995049803955,44.6349275575658,0.0,981.5275775847246,0.9815275775847244,69.67817610067453,0.0,0.0,3.0000000001043645,25.900007685822583,44.63493088761271,Sector 2,2883174.2604924827,5564230.243343374,383.30673604270874,367.97446660100036,1.0,0.9799142260409874
330,25.90002032184121,44.63493421765961,0.0,984.5275775845056,0.9845275775845056,69.67817607994664,0.0,0.0,2.999999999781039,25.900032957859842,44.634937547706144,Sector 2,2883177.073762801,5564231.285221539,383.30673604278024,367.974466601069,1.0,0.9799142260411144
331,25.90004559387847,44.63494087775267,0.0,987.5275775846098,0.98752757758461,69.67817609955983,0.0,0.0,3.000000000104251,25.900058229897102,44.63494420779881,Sector 2,2883179.8870331203,5564232.327099706,383.30673604253803,367.9744666008365,1.0,0.9799142260406848
332,25.900070865915733,44.63494753784496,0.0,990.5275775848274,0.9905275775848276,69.67817610086843,0.0,0.0,3.0000000002175966,25.90008350193436,44.63495086789072,Sector 2,2883182.7003034395,5564233.368977873,383.3067360424379,367.97446660074036,1.0,0.9799142260405072
333,25.90009613795299,44.63495419793648,0.0,993.5275775849318,0.9935275775849318,69.67817609140002,0.0,0.0,3.0000000001043645,25.900108773971617,44.63495752798186,Sector 2,2883185.5135737583,5564234.410856038,383.306736042728,367.9744666010189,1.0,0.9799142260410216
334,25.90012140999025,44.63496085802724,0.0,996.5275775847128,0.9965275775847128,69.67817611053073,0.0,0.0,2.999999999781039,25.900134046008876,44.634964188072246,Sector 2,2883188.326844077,5564235.452734204,383.3067360427995,367.9744666010875,1.0,0.9799142260411486
335,25.900146682027504,44.63496751811724,0.0,999.5275775848172,0.9995275775848173,69.67817610997338,0.0,0.0,3.0000000001043645,25.900159318046132,44.634970848161856,Sector 2,2883191.140114396,5564236.494612372,383.3067360430069,367.97446660128657,1.0,0.9799142260415163
336,25.90017195406476,44.63497417820646,0.0,1002.527577584598,1.002527577584598,69.67817608924543,0.0,0.0,2.9999999997808118,25.900184590083388,44.6349775082507,Sector 2,2883193.953384714,5564237.536490536,383.3067360430487,367.97446660132675,1.0,0.9799142260415905
337,25.900197226102016,44.63498083829493,0.0,1005.5275775847024,1.0055275775847023,69.67817611120705,0.0,0.0,3.0000000001043645,25.900209862120647,44.634984168338775,Sector 2,2883196.766655033,5564238.578368702,383.3067360427238,367.97446660101485,1.0,0.9799142260410143
338,25.90022249813928,44.63498749838263,0.0,1008.52757758492,1.00852757758492,69.67817607217438,0.0,0.0,3.0000000002175966,25.900235134157906,44.6349908284261,Sector 2,2883199.5799253527,5564239.620246869,383.3067360426532,367.97446660094704,1.0,0.9799142260408891
339,25.900247770176534,44.63499415846957,0.0,1011.5275775847008,1.0115275775847008,69.67817608052809,0.0,0.0,2.9999999997808118,25.900260406195166,44.63499748851266,Sector 2,2883202.393195671,5564240.662125035,383.3067360427186,367.97446660100985,1.0,0.9799142260410052
340,25.900273042213797,44.63500081855575,0.0,1014.5275775848052,1.0145275775848053,69.67817611326672,0.0,0.0,3.0000000001043645,25.90028567823242,44.635004148598455,Sector 2,2883205.2064659903,5564241.704003203,383.3067360431804,367.9744666014532,1.0,0.9799142260418243
341,25.90029831425105,44.63500747864115,0.0,1017.5275775845862,1.0175275775845862,69.67817610379825,0.0,0.0,2.999999999781039,25.900310950269677,44.635010808683475,Sector 2,2883208.0197363086,5564242.745881367,383.3067360429382,367.9744666012207,1.0,0.9799142260413947
342,25.90032358628831,44.63501413872579,0.0,1020.5275775846906,1.0205275775846905,69.6781761074551,0.0,0.0,3.0000000001043645,25.90033622230694,44.63501746876773,Sector 2,2883210.833006628,5564243.787759533,383.30673604267247,367.97446660096557,1.0,0.9799142260409233
343,25.900348858325568,44.63502079880967,0.0,1023.5275775844716,1.0235275775844714,69.6781761068977,0.0,0.0,2.999999999781039,25.900361494344196,44.63502412885123,Sector 2,2883213.6462769466,5564244.829637699,373.17090420749054,358.2440680391909,0.987143229632832,0.9580781311432492
344,25.900374130362827,44.63502745889279,0.0,1026.5275775850123,1.0265275775850125,69.6781760749102,0.0,0.0,3.0000000005406946,25.900386766381455,44.63503078893397,Sector 2,2883216.459547266,5564245.871515865,372.23179470396065,357.3425229158022,0.9859520185476058,0.9560549637729825
345,25.900399402400083,44.63503411897514,0.0,1029.5275775847936,1.0295275775847936,69.67817607435273,0.0,0.0,2.9999999997812665,25.900412038418715,44.63503744901594,Sector 2,2883219.272817584,5564246.913394031,371.8576959296502,356.9833880924642,0.9854774938994841,0.9552490253488356
346,25.900424674437343,44.63504077905673,0.0,1032.527577584898,1.032527577584898,69.67817610474299,0.0,0.0,3.0000000001043645,25.90043731045597,44.63504410909714,Sector 2,2883222.0860879035,5564247.955272198,371.9299507174814,357.0527526887821,0.9855691453029611,0.9554046872055986
347,25.9004499464746,44.63504743913755,0.0,1035.527577584679,1.035527577584679,69.67817613748161,0.0,0.0,2.999999999781039,25.900462582493226,44.635050769177575,Sector 2,2883224.899358222,5564248.997150363,372.7270498276391,357.81796783453353,0.9860407100237688,0.9569600608755362
348,25.900475218511858,44.6350540992176,0.0,1038.52757758446,1.03852757758446,69.67817607219797,0.0,0.0,2.999999999781039,25.90048785453049,44.635057429257245,Sector 2,2883227.712628541,5564250.039028528,372.9304134853182,358.01319694590546,0.98630903672156,0.9574012878544274
349,25.900500490549117,44.6350607592969,0.0,1041.5275775845644,1.0415275775845645,69.67817608946274,0.0,0.0,3.0000000001043645,25.900513126567745,44.63506408933617,Sector 2,2883230.52589886,5564251.080906695,373.45335119488584,358.51521714709037,0.9869990230773875,0.9585358771338857
350,25.900525762586373,44.63506741937543,0.0,1044.527577584782,1.044527577584782,69.6781761020307,0.0,0.0,3.0000000002175966,25.900538398605,44.63507074941431,Sector 2,2883233.3391691786,5564252.122784862,383.3067360427702,367.97446660105936,1.0,0.9799142260410967
351,25.900551034623632,44.63507407945319,0.0,1047.5275775848863,1.0475275775848862,69.67817611038436,0.0,0.0,3.0000000001043645,25.900563670642264,44.635077409491686,Sector 2,2883236.1524394974,5564253.164663027,383.30673604233283,367.9744666006395,1.0,0.9799142260403206
352,25.90057630666089,44.63508073953019,0.0,1050.5275775846674,1.0505275775846674,69.67817610513009,0.0,0.0,2.999999999781039,25.90058894267952,44.63508406956831,Sector 2,2883238.9657098167,5564254.206541194,383.3067360428774,367.9744666011623,1.0,0.9799142260412868
353,25.900601578698147,44.63508739960643,0.0,1053.5275775847715,1.0535275775847717,69.67817608440203,0.0,0.0,3.000000000104137,25.900614214716775,44.63509072964416,Sector 2,2883241.7789801355,5564255.248419359,383.3067360429723,367.9744666012534,1.0,0.9799142260414551
354,25.900626850735403,44.6350940596819,0.0,1056.5275775845528,1.0565275775845528,69.67817609040719,0.0,0.0,2.9999999997812665,25.90063948675403,44.635097389719256,Sector 2,2883244.5922504542,5564256.290297526,383.30673604304377,367.974466601322,1.0,0.9799142260415818
355,25.900652122772662,44.635100719756615,0.0,1059.5275775846571,1.059527577584657,69.67817612784262,0.0,0.0,3.0000000001043645,25.900664758791294,44.63510404979358,Sector 2,2883247.4055207726,5564257.3321756935,383.30673604229884,367.9744666006069,1.0,0.9799142260402605
356,25.900677394809925,44.63510737983055,0.0,1062.5275775848747,1.0625275775848748,69.67817604003983,0.0,0.0,3.0000000002175966,25.900690030828553,44.63511070986715,Sector 2,2883250.2187910923,5564258.374053857,383.3067360426186,367.97446660091384,1.0,0.9799142260408278
357,25.90070266684718,44.63511403990374,0.0,1065.527577584979,1.065527577584979,69.67817613515626,0.0,0.0,3.0000000001043645,25.900715302865812,44.63511736993994,Sector 2,2883253.032061411,5564259.415932026,383.30673604260113,367.9744666008971,1.0,0.9799142260407967
358,25.90072793888444,44.63512069997614,0.0,1068.52757758476,1.0685275775847602,69.67817607222088,0.0,0.0,2.9999999997808118,25.900740574903068,44.635124030011966,Sector 2,2883255.84533173,5564260.4578101905,383.3067360422762,367.9744666005852,1.0,0.9799142260402203
359,25.900753210921696,44.6351273600478,0.0,1071.5275775845412,1.0715275775845412,69.67817611808493,0.0,0.0,2.9999999997812665,25.900765846940324,44.63513069008324,Sector 2,2883258.6586020486,5564261.499688357,383.3067360420932,367.9744666004094,1.0,0.9799142260398956
360,25.900778482958952,44.63513402011868,0.0,1074.5275775846455,1.0745275775846457,69.6781760818829,0.0,0.0,3.0000000001043645,25.90079111897758,44.63513735015374,Sector 2,2883261.471872367,5564262.541566523,383.3067360423302,367.974466600637,1.0,0.9799142260403162
361,25.900803754996208,44.635140680188805,0.0,1077.5275775844266,1.0775275775844266,69.67817611040715,0.0,0.0,2.999999999781039,25.90081639101484,44.635144010223485,Sector 2,2883264.2851426858,5564263.583444689,383.30673604245476,367.97446660075656,1.0,0.9799142260405371
362,25.90082902703347,44.63514734025816,0.0,1080.5275775849675,1.0805275775849676,69.67817607841943,0.0,0.0,3.000000000540922,25.9008416630521,44.635150670292454,Sector 2,2883267.0984130055,5564264.625322854,383.3067360426918,367.9744666009841,1.0,0.9799142260409575
363,25.90085429907073,44.63515400032675,0.0,1083.5275775847488,1.0835275775847488,69.67817609755008,0.0,0.0,2.9999999997812665,25.900866935089358,44.63515733036066,Sector 2,2883269.9116833243,5564265.667201022,383.2334733267973,367.9041343937254,1.0,0.9797842717299812
364,25.900879571107986,44.635160660394575,0.0,1086.5275775848531,1.086527577584853,69.67817608808139,0.0,0.0,3.0000000001043645,25.900892207126613,44.63516399042811,Sector 2,2883272.7249536426,5564266.709079187,383.00588429923795,367.6856489272684,1.0,0.9793805714999095
365,25.90090484314524,44.63516732046164,0.0,1089.5275775846342,1.0895275775846345,69.67817607626432,0.0,0.0,2.999999999781039,25.90091747916387,44.63517065049479,Sector 2,2883275.5382239614,5564267.750957353,382.7738269984041,367.46287391846795,1.0,0.978968945391476
366,25.900930115182497,44.635173980527945,0.0,1092.5275775847383,1.0925275775847385,69.6781760958774,0.0,0.0,3.000000000104137,25.90094275120113,44.635177310560714,Sector 2,2883278.35149428,5564268.792835521,382.537400362979,367.2359043484598,1.0,0.9785495689033397
367,25.90095538721976,44.63518064059348,0.0,1095.527577584956,1.0955275775849562,69.67817612391917,0.0,0.0,3.0000000002175966,25.90096802323839,44.63518397062586,Sector 2,2883281.1647646,5564269.834713686,382.2967051906234,367.0048369829985,1.0,0.9781226208316374
368,25.90098065925702,44.63518730065824,0.0,1098.5275775847372,1.0985275775847372,69.67817609427982,0.0,0.0,2.9999999997812665,25.900993295275647,44.635190630690246,Sector 2,2883283.9780349187,5564270.87659185,382.0518441019844,366.769770337905,1.0,0.9776882832061411
369,25.901005931294275,44.63519396072225,0.0,1101.5275775848415,1.1015275775848414,69.6781761091961,0.0,0.0,3.0000000001043645,25.901018567312903,44.635197290753865,Sector 2,2883286.791305237,5564271.918470017,381.80292149128996,366.5308046316384,1.0,0.9772467412026227
370,25.90103120333153,44.63520062078549,0.0,1104.5275775846226,1.1045275775846226,63.88893297830049,0.0,0.0,2.999999999781039,25.901043175401668,44.63520479636654,Sector 2,2883289.604575556,5564272.960348182,381.55004348646435,366.28804174700576,1.0,0.976798183072106
371,25.9010551474718,44.63520897194758,0.0,1107.4959737402671,1.1074959737402672,51.93210919489394,0.0,0.0,2.968396155644541,25.901065755867055,44.63521488419103,Sector 2,2883292.270025058,5564274.266776403,380.89022902565114,365.6546198646251,1.0,0.975627796026248
372,25.90107636426231,44.63522079643448,0.0,1110.4959737402362,1.1104959737402362,51.93210917339224,0.0,0.0,2.999999999969077,25.901086972657566,44.635226708676726,Sector 2,2883294.631867374,5564276.116560408,379.9286021425997,364.7314580568957,1.0,0.9739220503754404
373,25.901097581052827,44.63523262091898,0.0,1113.4959737399977,1.1134959737399976,51.93210916759193,0.0,0.0,2.999999999761485,25.90110818944808,44.63523853316002,Sector 2,2883296.993709691,5564277.966344415,378.927057409836,363.7699751134425,1.0,0.9721454979494308
374,25.90111879784333,44.63524444540107,0.0,1116.4959737399668,1.116495973739967,51.93210914940198,0.0,0.0,2.999999999969077,25.90112940623859,44.63525035764091,Sector 2,2883299.355552006,5564279.8161284225,378.1306218992879,363.0053970233164,1.0,0.9707327707969251
375,25.90114001463385,44.63525626988076,0.0,1119.4959737399358,1.119495973739936,51.93210916027925,0.0,0.0,2.999999999969077,25.901150623029103,44.63526218211939,Sector 2,2883301.717394322,5564281.665912432,377.4602625827457,362.3618520794359,1.0,0.9695436791556413
376,25.90116123142436,44.635268094358025,0.0,1122.495973739905,1.122495973739905,51.932109160363495,0.0,0.0,2.999999999969077,25.901171839819618,44.63527400659546,Sector 2,2883304.0792366387,5564283.515696437,376.76329475251595,361.6927629624153,1.0,0.9683073890038989
377,25.90118244821488,44.63527991883289,0.0,1125.4959737402403,1.1254959737402406,51.93210917455258,0.0,0.0,3.000000000335376,25.901193056610133,44.63528583106911,Sector 2,2883306.4410789553,5564285.365480445,376.04347647224307,361.00173741335334,1.0,0.9670305664414398
378,25.90120366500539,44.63529174330534,0.0,1128.4959737402096,1.1284959737402096,24.57230873496951,0.0,0.0,2.9999999999693046,25.901208851975092,44.63529981548061,Sector 2,2883308.8029212714,5564287.215264452,379.1394808907369,363.9739016551074,1.0,0.9725222973453944
379,25.90121403894479,44.63530788765587,0.0,1131.2730463221774,1.1312730463221774,6.555231257566391,0.0,0.0,2.7770725819677864,25.90121557723269,44.63531741349303,Sector 2,2883309.957742923,5564289.7408374725,382.95572070415324,367.6374918759871,1.0,0.9792915906949291
380,25.90121711552059,44.63532693933018,0.0,1134.2730463219325,1.1342730463219324,6.55523125931262,0.0,0.0,2.9999999997551186,25.901218653808492,44.635336465164215,Sector 2,2883310.3002257743,5564292.721224274,386.3504184251909,370.8964016881833,1.0,0.9853131474707675
381,25.901220192096392,44.63534599099826,0.0,1137.2730463217404,1.1372730463217404,6.555231251753753,0.0,0.0,2.9999999998078692,25.901221730384293,44.635355516829165,Sector 2,2883310.642708626,5564295.701611078,389.71261874279736,374.1241139930855,1.0,0.9912770599507335
382,25.90122326867219,44.63536504266006,0.0,1140.2730463214953,1.1402730463214952,6.555231255878482,0.0,0.0,2.999999999754891,25.901224806960094,44.63537456848785,Sector 2,2883310.985191477,5564298.68199788,391.8763781876293,376.20132306012414,1.0,0.9951151631979143
383,25.901226345247995,44.63538409431563,0.0,1143.2730463222283,1.1432730463222285,6.555231266094495,0.0,0.0,3.0000000007330527,25.901227883535896,44.63539362014028,Sector 2,2883311.327674329,5564301.662384685,393.6174847740898,377.8727853831262,1.0,0.9982035595809515
384,25.9012294218238,44.63540314596493,0.0,1146.2730463219834,1.1462730463219837,6.5552312554899,0.0,0.0,2.9999999997551186,25.9012309601117,44.635412671786455,Sector 2,2883311.670157181,5564304.642771487,394.4385026060867,378.6609625018432,1.0,0.999659891159079
385,25.9012324983996,44.63542219760797,0.0,1149.2730463217915,1.1492730463217915,329.5774335864105,0.0,0.0,2.9999999998080966,25.90122632018446,44.63542968427494,Sector 2,2883312.0126400325,5564307.62315829,394.60618778103014,378.8219402697889,1.0,0.9999573331949727
386,25.90122014196932,44.6354371709419,0.0,1151.9894434680016,1.1519894434680016,312.6985502895362,0.0,0.0,2.7163971462100562,25.901210238961802,44.635443673299115,Sector 2,2883310.6371285054,5564309.965546282,394.55250954852636,378.7704091665853,1.0,0.9998621180826976
387,25.90120033595429,44.63545017565633,0.0,1154.9894434683742,1.1549894434683745,312.69855030796066,0.0,0.0,3.0000000003726655,25.901190432946773,44.63545667801209,Sector 2,2883308.4323329977,5564311.999969238,394.2271346948141,378.4580493070215,1.0,0.999284964145569
388,25.901180529939257,44.63546318036784,0.0,1157.989443467773,1.157989443467773,312.69855030804285,0.0,0.0,2.999999999398824,25.90117062693174,44.635469682722146,Sector 2,2883306.22753749,5564314.034392194,392.9647021945677,377.24611410678494,1.0,0.9970456457730414
389,25.901160723924225,44.635476185076456,0.0,1160.9894434681455,1.1609894434681458,312.6985502893611,0.0,0.0,3.000000000372438,25.901150820916705,44.6354826874293,Sector 2,2883304.022741982,5564316.068815151,391.40776342553147,375.7514528885102,1.0,0.9942839285408545
390,25.90114091790919,44.63548918978214,0.0,1163.9894434678868,1.1639894434678868,312.69855031258214,0.0,0.0,2.9999999997412488,25.901131014901672,44.63549569213353,Sector 2,2883301.8179464736,5564318.103238108,388.4372174540091,372.89972875584874,1.0,0.9890147373807969
391,25.90112111189416,44.635502194484914,0.0,1166.9894434682594,1.1669894434682595,312.698550324023,0.0,0.0,3.0000000003726655,25.901111208886643,44.63550869683485,Sector 2,2883299.6131509654,5564320.137661065,385.4486100560269,370.03066565378583,1.0,0.9837135086392466
392,25.901101305879127,44.63551519918479,0.0,1169.9894434682897,1.1699894434682896,312.6985502891864,0.0,0.0,3.0000000000302407,25.901091402871607,44.63552170153326,Sector 2,2883297.4083554577,5564322.172084022,381.445535116229,366.1877137115798,1.0,0.9766128048332652
393,25.90108149986409,44.63552820388173,0.0,1172.989443468031,1.1729894434680306,312.6985503100093,0.0,0.0,2.9999999997412488,25.90107159685658,44.635534706228746,Sector 2,2883295.203559949,5564324.206506979,382.3481201638382,367.05419535728464,1.0,0.9782138213466118
394,25.901061693849066,44.635541208575766,0.0,1175.9894434684034,1.1759894434684033,299.2580125673696,0.0,0.0,3.000000000372438,25.901050691462352,44.63554559457077,Sector 2,2883292.998764442,5564326.240929936,383.09668647962985,367.7728190204447,1.0,0.9795416375297981
395,25.90103968907564,44.63554998056578,0.0,1178.797194849241,1.1787971948492406,267.8750605373881,0.0,0.0,2.8077513808375443,25.90102622361237,44.63554962503571,Sector 2,2883290.549204269,5564327.6131991455,383.81650462760985,368.46384444250543,1.0,0.9808184598575946
396,25.901012758149104,44.63554926950564,0.0,1181.7971948493291,1.181797194849329,267.87506057264744,0.0,0.0,3.000000000088221,25.90099929268584,44.63554891397557,Sector 2,2883287.5512672407,5564327.501962585,384.5056170791156,369.125392395951,1.0,0.9820408160414644
397,25.90098582722257,44.63554855844551,0.0,1184.797194848952,1.1847971948489522,267.875060589416,0.0,0.0,2.999999999622787,25.9009723617593,44.63554820291544,Sector 2,2883284.553330212,5564327.390726027,385.16214981025513,369.7556638178449,1.0,0.9832053819146651
398,25.900958896296032,44.63554784738537,0.0,1187.7971948490406,1.187797194849041,267.87506058694163,0.0,0.0,3.0000000000886757,25.900945430832763,44.63554749185529,Sector 2,2883281.555393183,5564327.279489468,385.7843173968735,370.3529447009986,1.0,0.9843089904697631
399,25.90093196536949,44.635547136325215,0.0,1190.797194849129,1.190797194849129,267.87506056547494,0.0,0.0,3.0000000000884484,25.900918499906226,44.63554678079514,Sector 2,2883278.5574561544,5564327.168252909,386.3704278691037,370.9156107543395,1.0,0.9853486404696954
400,25.90090503444296,44.635546425265055,0.0,1193.7971948492177,1.1937971948492174,267.87506054400825,0.0,0.0,3.0000000000886757,25.900891568979688,44.63554606973497,Sector 2,2883275.559519126,5564327.057016351,386.9188873147934,371.44213182220165,1.0,0.986321504613386
401,25.90087810351642,44.63554571420488,0.0,1196.797194849306,1.196797194849306,267.8750605695208,0.0,0.0,3.000000000088221,25.900864638053154,44.63554535867479,Sector 2,2883272.561582097,5564326.945779789,387.4282042113606,371.93107604290617,1.0,0.9872249372196433
402,25.90085117258989,44.6355450031447,0.0,1199.797194848929,1.199797194848929,267.87506054855555,0.0,0.0,2.9999999996230144,25.90083770712662,44.635544647614594,Sector 2,2883269.563645069,5564326.83454323,387.7607570099718,372.2503267295729,1.0,0.9878148234841528
403,25.90082424166335,44.6355442920845,0.0,1202.797194849052,1.202797194849052,267.87506057456955,0.0,0.0,3.000000000123009,25.900810776200082,44.6355439365544,Sector 2,2883266.5657080403,5564326.723306669,387.7607570098654,372.25032672947077,1.0,0.9878148234839639
404,25.900797310736813,44.63554358102431,0.0,1205.7971948491404,1.2057971948491404,267.875060562599,0.0,0.0,3.0000000000884484,25.900783845273544,44.6355432254942,Sector 2,2883263.5677710115,5564326.612070112,387.7607570100542,372.250326729652,1.0,0.9878148234842989
405,25.900770379810275,44.635542869964105,0.0,1208.7971948492288,1.2087971948492289,267.8750605696207,0.0,0.0,3.0000000000884484,25.900756914347006,44.63554251443399,Sector 2,2883260.5698339827,5564326.500833552,387.7607570102379,372.2503267298284,1.0,0.9878148234846247
406,25.900743448883738,44.63554215890389,0.0,1211.7971948493173,1.2117971948493174,267.8750606048801,0.0,0.0,3.0000000000884484,25.90072998342047,44.63554180337378,Sector 2,2883257.571896954,5564326.389596992,387.7607570103265,372.2503267299134,1.0,0.9878148234847819
407,25.900716517957203,44.63554144784367,0.0,1214.7971948489403,1.2147971948489402,267.8750605361835,0.0,0.0,2.9999999996230144,25.900703052493935,44.63554109231355,Sector 2,2883254.5739599257,5564326.278360435,387.7607570105128,372.2503267300923,1.0,0.9878148234851123
408,25.900689587030666,44.63554073678343,0.0,1217.7971948490288,1.2177971948490287,267.87506058118976,0.0,0.0,3.0000000000884484,25.900676121567397,44.63554038125332,Sector 2,2883251.576022897,5564326.167123875,387.7607570101135,372.25032672970895,1.0,0.987814823484404
409,25.900662656104128,44.6355400257232,0.0,1220.7971948491172,1.2207971948491172,267.8750605692192,0.0,0.0,3.0000000000884484,25.90064919064086,44.63553967019307,Sector 2,2883248.5780858677,5564326.055887316,387.7607570102047,372.2503267297965,1.0,0.9878148234845658
410,25.90063572517759,44.63553931466294,0.0,1223.7971948492402,1.2237971948492403,267.8750605477525,0.0,0.0,3.000000000123009,25.90062225971432,44.635538959132816,Sector 2,2883245.580148839,5564325.944650756,387.76075701000065,372.2503267296006,1.0,0.9878148234842039
411,25.900608794251053,44.63553860360268,0.0,1226.797194849329,1.2267971948493286,267.8750605542728,0.0,0.0,3.0000000000886757,25.900595328787787,44.63553824807255,Sector 2,2883242.58221181,5564325.833414196,387.7607570099917,372.250326729592,1.0,0.9878148234841879
412,25.90058186332452,44.635537892542416,0.0,1229.7971948489517,1.2297971948489517,267.8750605715428,0.0,0.0,2.999999999622787,25.90056839786125,44.63553753701228,Sector 2,2883239.5842747823,5564325.722177637,387.7607570099828,372.2503267295835,1.0,0.9878148234841722
413,25.90055493239798,44.63553718148214,0.0,1232.79719484904,1.2327971948490402,267.8750605783138,0.0,0.0,3.000000000088221,25.900541466934712,44.635536825952,Sector 2,2883236.586337753,5564325.610941077,387.76075700997393,372.25032672957497,1.0,0.9878148234841564
414,25.900528001471443,44.63553647042186,0.0,1235.7971948491286,1.2357971948491286,267.87506054735104,0.0,0.0,3.0000000000886757,25.900514536008174,44.63553611489171,Sector 2,2883233.5884007243,5564325.499704519,387.76075701035273,372.2503267299386,1.0,0.9878148234848283
415,25.900501070544905,44.63553575936156,0.0,1238.797194849217,1.2387971948492171,267.8750605828611,0.0,0.0,3.0000000000884484,25.900487605081636,44.63553540383141,Sector 2,2883230.5904636956,5564325.388467958,387.7607570097583,372.250326729368,1.0,0.987814823483774
416,25.900474139618368,44.63553504830126,0.0,1241.7971948493057,1.2417971948493054,267.8750605606423,0.0,0.0,3.0000000000886757,25.900460674155106,44.6355346927711,Sector 2,2883227.592526667,5564325.277231399,387.76075701013974,372.2503267297341,1.0,0.9878148234844506
417,25.90044720869184,44.63553433724095,0.0,1244.797194848963,1.2447971948489631,267.87506056841613,0.0,0.0,2.999999999657348,25.900433743228568,44.635533981710786,Sector 2,2883224.5945896395,5564325.16599484,387.7607570101308,372.25032672972554,1.0,0.9878148234844348
418,25.9004202777653,44.635533626180624,0.0,1247.7971948490515,1.2477971948490514,267.8750605754379,0.0,0.0,3.0000000000884484,25.90040681230203,44.63553327065046,Sector 2,2883221.59665261,5564325.05475828,387.76075701002424,372.2503267296232,1.0,0.9878148234842457
419,25.90039334683876,44.6355329151203,0.0,1250.79719484914,1.25079719484914,267.87506056346734,0.0,0.0,3.0000000000884484,25.900379881375493,44.63553255959013,Sector 2,2883218.5987155815,5564324.943521721,387.76075700982017,372.25032672942734,1.0,0.9878148234838837
420,25.900366415912224,44.63553220405996,0.0,1253.7971948492284,1.2537971948492284,267.87506057048904,0.0,0.0,3.0000000000884484,25.900352950448955,44.635531848529794,Sector 2,2883215.6007785527,5564324.83228516,387.760757009814,372.2503267294214,1.0,0.9878148234838726
421,25.90033948498569,44.63553149299962,0.0,1256.7971948493168,1.2567971948493168,267.87506056801465,0.0,0.0,3.0000000000884484,25.900326019522417,44.63553113746944,Sector 2,2883212.6028415244,5564324.721048603,387.76075700990253,372.2503267295064,1.0,0.9878148234840298
422,25.90031255405915,44.63553078193926,0.0,1259.79719484894,1.25979719484894,267.8750605940286,0.0,0.0,2.999999999623242,25.90029908859588,44.635530426409076,Sector 2,2883209.604904495,5564324.609812042,387.7607570095033,372.2503267291232,1.0,0.9878148234833217
423,25.90028562313261,44.6355300708789,0.0,1262.7971948490283,1.2627971948490282,267.8750605440736,0.0,0.0,3.000000000088221,25.90027215766934,44.63552971534871,Sector 2,2883206.6069674664,5564324.498575484,387.7607570095918,372.25032672920815,1.0,0.9878148234834787
424,25.900258692206076,44.63552935981853,0.0,1265.7971948491513,1.265797194849151,267.8750605700875,0.0,0.0,3.000000000123009,25.900245226742804,44.63552900428834,Sector 2,2883203.609030438,5564324.387338923,387.76075700948036,372.2503267291011,1.0,0.9878148234832811
425,25.90023176127953,44.63552864875815,0.0,1268.7971948492398,1.2687971948492398,267.87506055811696,0.0,0.0,3.0000000000884484,25.900218295816266,44.63552829322795,Sector 2,2883200.6110934084,5564324.276102365,387.7607570096665,372.25032672927983,1.0,0.9878148234836113
426,25.900204830353,44.63552793769775,0.0,1271.7971948493282,1.2717971948493283,267.8750605741334,0.0,0.0,3.0000000000884484,25.900191364889736,44.635527582167555,Sector 2,2883197.6131563806,5564324.164865805,387.76075700965754,372.25032672927125,1.0,0.9878148234835953
427,25.900177899426467,44.63552722663736,0.0,1274.7971948489512,1.2747971948489512,267.8750605721604,0.0,0.0,2.9999999996230144,25.900164433963198,44.63552687110716,Sector 2,2883194.6152193523,5564324.053629246,387.7607570097462,372.25032672935635,1.0,0.9878148234837525
428,25.90015096849993,44.63552651557696,0.0,1277.7971948490397,1.2777971948490396,267.875060569686,0.0,0.0,3.0000000000884484,25.90013750303666,44.63552616004675,Sector 2,2883191.6172823235,5564323.942392687,387.76075700973735,372.2503267293478,1.0,0.9878148234837367
429,25.90012403757339,44.63552580451654,0.0,1280.797194849128,1.280797194849128,267.87506058620386,0.0,0.0,3.000000000088221,25.900110572110123,44.63552544898633,Sector 2,2883188.619345295,5564323.831156128,387.76075701002367,372.2503267296227,1.0,0.9878148234842448
430,25.900097106646854,44.63552509345612,0.0,1283.7971948492166,1.2837971948492166,267.8750605742333,0.0,0.0,3.0000000000886757,25.900083641183585,44.635524737925905,Sector 2,2883185.621408266,5564323.719919569,387.76075701001474,372.25032672961413,1.0,0.987814823484229
431,25.90007017572032,44.63552438239569,0.0,1286.797194849305,1.286797194849305,267.87506057150813,0.0,0.0,3.0000000000884484,25.900056710257054,44.63552402686547,Sector 2,2883182.6234712377,5564323.60868301,387.7607570099082,372.25032672951187,1.0,0.9878148234840398
432,25.900043244793785,44.63552367133524,0.0,1289.7971948489626,1.2897971948489626,267.87506055029223,0.0,0.0,2.9999999996575752,25.900029779330517,44.63552331580502,Sector 2,2883179.625534209,5564323.49744645,387.76075700989946,372.25032672950346,1.0,0.9878148234840245
433,25.900016313867244,44.635522960274784,0.0,1292.797194849051,1.292797194849051,267.87506057630617,0.0,0.0,3.0000000000884484,25.90000284840397,44.63552260474456,Sector 2,2883176.62759718,5564323.386209889,387.7607570096953,372.25032672930746,1.0,0.9878148234836621
434,25.899989382940703,44.63552224921433,0.0,1295.7971948491395,1.2957971948491396,267.87506055483954,0.0,0.0,3.0000000000884484,25.899975917477434,44.6355218936841,Sector 2,2883173.629660151,5564323.274973331,387.7607570098816,372.25032672948635,1.0,0.9878148234839927
435,25.89996245201417,44.63552153815386,0.0,1298.797194849228,1.2987971948492278,267.8750605713574,0.0,0.0,3.0000000000884484,25.8999489865509,44.63552118262362,Sector 2,2883170.6317231227,5564323.163736771,387.7607570098726,372.25032672947765,1.0,0.9878148234839768
436,25.89993552108763,44.63552082709339,0.0,1301.7971948493164,1.3017971948493163,267.87506054014386,0.0,0.0,3.0000000000884484,25.899922055624366,44.63552047156314,Sector 3,2883167.633786094,5564323.052500213,387.7607570097662,372.25032672937556,1.0,0.987814823483788
437,25.899908590161097,44.6355201160329,0.0,1304.7971948489394,1.3047971948489394,267.8750605948969,0.0,0.0,2.9999999996230144,25.899895124697828,44.63551976050266,Sector 3,2883164.635849065,5564322.941263652,387.7607570100499,372.25032672964784,1.0,0.9878148234842912
438,25.89988165923456,44.63551940497241,0.0,1307.7971948490278,1.307797194849028,267.875060554438,0.0,0.0,3.0000000000884484,25.89986819377129,44.635519049442166,Sector 3,2883161.6379120364,5564322.830027094,387.76075701013855,372.250326729733,1.0,0.9878148234844484
439,25.89985472830802,44.63551869391191,0.0,1310.7971948491509,1.3107971948491508,267.87506057095584,0.0,0.0,3.000000000123009,25.899841262844753,44.63551833838166,Sector 3,2883158.6399750076,5564322.718790535,387.7607570101296,372.2503267297244,1.0,0.9878148234844326
440,25.899827797381484,44.6355179828514,0.0,1313.7971948492393,1.3137971948492393,267.87506057797754,0.0,0.0,3.0000000000884484,25.899814331918215,44.635517627321136,Sector 3,2883155.642037979,5564322.607553976,387.76075701002316,372.2503267296222,1.0,0.9878148234842439
441,25.899800866454942,44.63551727179088,0.0,1316.7971948493278,1.3167971948493278,267.87506055600943,0.0,0.0,3.0000000000884484,25.899787400991677,44.63551691626061,Sector 3,2883152.64410095,5564322.496317416,387.76075701011183,372.25032672970735,1.0,0.9878148234844011
442,25.899773935528412,44.635516560730345,0.0,1319.7971948489508,1.3197971948489509,267.87506057302875,0.0,0.0,2.9999999996230144,25.899760470065146,44.63551620520008,Sector 3,2883149.646163922,5564322.385080855,387.7607570100053,372.2503267296051,1.0,0.9878148234842121
443,25.89974700460188,44.63551584966981,0.0,1322.7971948490392,1.3227971948490391,267.87506058005044,0.0,0.0,3.0000000000884484,25.89973353913861,44.63551549413954,Sector 3,2883146.648226894,5564322.273844296,387.7607570099963,372.25032672959645,1.0,0.9878148234841961
444,25.89972007367534,44.635515138609264,0.0,1325.7971948491277,1.3257971948491276,267.8750605585837,0.0,0.0,3.0000000000884484,25.89970660821207,44.63551478307899,Sector 3,2883143.6502898647,5564322.162607737,387.7607570097923,372.2503267294006,1.0,0.9878148234838344
445,25.8996931427488,44.63551442754871,0.0,1328.797194849216,1.328797194849216,267.8750605656055,0.0,0.0,3.0000000000884484,25.899679677285533,44.635514072018424,Sector 3,2883140.6523528355,5564322.051371179,387.76075701007613,372.2503267296731,1.0,0.9878148234843378
446,25.899666211822264,44.63551371648814,0.0,1331.7971948493391,1.3317971948493392,267.87506057237647,0.0,0.0,3.000000000123009,25.899652746358996,44.63551336095786,Sector 3,2883137.654415807,5564321.940134618,387.760757009872,372.25032672947714,1.0,0.9878148234839756
447,25.89963928089573,44.635513005427576,0.0,1334.797194848962,1.334797194848962,267.87506056065666,0.0,0.0,2.999999999622787,25.899625815432465,44.63551264989728,Sector 3,2883134.656478779,5564321.82889806,387.76075700986297,372.25032672946844,1.0,0.9878148234839597
448,25.899612349969196,44.63551229436699,0.0,1337.7971948490506,1.3377971948490506,267.8750605676784,0.0,0.0,3.0000000000886757,25.899598884505924,44.6355119388367,Sector 3,2883131.65854175,5564321.717661499,387.76075700995176,372.25032672955365,1.0,0.9878148234841171
449,25.89958541904265,44.6355115833064,0.0,1340.797194849139,1.340797194849139,267.875060565204,0.0,0.0,3.0000000000884484,25.899571953579386,44.63551122777611,Sector 3,2883128.660604721,5564321.606424941,387.7607570096501,372.2503267292641,1.0,0.987814823483582
450,25.89955848811612,44.6355108722458,0.0,1343.7971948492277,1.3437971948492275,267.87506057222566,0.0,0.0,3.0000000000886757,25.899545022652852,44.6355105167155,Sector 3,2883125.6626676926,5564321.495188381,387.7607570096412,372.25032672925556,1.0,0.9878148234835662
451,25.89953155718958,44.6355101611852,0.0,1346.797194849316,1.346797194849316,267.8750605600044,0.0,0.0,3.000000000088221,25.899518091726314,44.63550980565489,Sector 3,2883122.6647306634,5564321.383951822,387.7607570101201,372.25032672971525,1.0,0.9878148234844157
452,25.899504626263045,44.63550945012458,0.0,1349.797194848939,1.349797194848939,267.8750605672768,0.0,0.0,2.9999999996230144,25.899491160799776,44.63550909459427,Sector 3,2883119.666793635,5564321.272715262,387.7607570096233,372.2503267292384,1.0,0.9878148234835347
453,25.899477695336508,44.63550873906395,0.0,1352.797194849062,1.352797194849062,267.8750605742986,0.0,0.0,3.000000000123009,25.89946422987324,44.63550838353363,Sector 3,2883116.6688566064,5564321.161478703,387.76075701000474,372.2503267296045,1.0,0.987814823484211
454,25.89945076440997,44.63550802800332,0.0,1355.7971948491504,1.3557971948491505,267.8750605718242,0.0,0.0,3.0000000000884484,25.8994372989467,44.635507672473,Sector 3,2883113.6709195776,5564321.050242144,387.7607570099984,372.25032672959844,1.0,0.9878148234841999
455,25.899423833483432,44.63550731694268,0.0,1358.7971948492388,1.3587971948492388,267.8750605693497,0.0,0.0,3.0000000000884484,25.899410368020163,44.635506961412354,Sector 3,2883110.672982549,5564320.939005584,387.76075700989185,372.2503267294962,1.0,0.987814823484011
456,25.89939690255689,44.63550660588203,0.0,1361.7971948493273,1.3617971948493273,267.8750605853661,0.0,0.0,3.0000000000884484,25.899383437093626,44.635506250351696,Sector 3,2883107.6750455196,5564320.827769025,387.7607570096878,372.25032672930024,1.0,0.9878148234836488
457,25.899369971630364,44.63550589482137,0.0,1364.7971948489503,1.3647971948489503,267.87506057389703,0.0,0.0,2.9999999996230144,25.899356506167095,44.635505539291046,Sector 3,2883104.6771084922,5564320.716532466,387.76075700977646,372.2503267293854,1.0,0.9878148234838062
458,25.899343040703823,44.63550518376071,0.0,1367.7971948490388,1.3677971948490388,267.87506053343816,0.0,0.0,3.0000000000884484,25.899329575240557,44.63550482823037,Sector 3,2883101.679171463,5564320.605295908,387.7607570097675,372.25032672937675,1.0,0.9878148234837902
459,25.89931610977729,44.63550447270003,0.0,1370.7971948491272,1.370797194849127,267.8750606069327,0.0,0.0,3.0000000000884484,25.89930264431402,44.63550411716969,Sector 3,2883098.6812344347,5564320.494059347,387.7607570098562,372.25032672946196,1.0,0.9878148234839477
460,25.89928917885075,44.63550376163935,0.0,1373.7971948492157,1.3737971948492156,267.8750605284893,0.0,0.0,3.0000000000884484,25.899275713387482,44.635503406108995,Sector 3,2883095.683297406,5564320.382822789,387.76075701004237,372.2503267296407,1.0,0.9878148234842778
461,25.899262247924213,44.63550305057864,0.0,1376.797194849339,1.3767971948493387,267.8750605729941,0.0,0.0,3.0000000001232365,25.899248782460944,44.63550269504829,Sector 3,2883092.685360377,5564320.271586228,387.7607570102287,372.25032672981956,1.0,0.9878148234846085
462,25.89923531699768,44.63550233951794,0.0,1379.7971948489617,1.3797971948489616,267.8750605710211,0.0,0.0,2.999999999622787,25.89922185153441,44.63550198398758,Sector 3,2883089.687423349,5564320.160349669,387.7607570101222,372.2503267297173,1.0,0.9878148234844195
463,25.89920838607114,44.63550162845723,0.0,1382.79719484905,1.38279719484905,267.87506058753894,0.0,0.0,3.000000000088221,25.899194920607872,44.635501272926874,Sector 3,2883086.68948632,5564320.049113109,387.76075701011575,372.2503267297111,1.0,0.987814823484408
464,25.899181455144603,44.63550091739651,0.0,1385.7971948491386,1.3857971948491383,267.87506055657616,0.0,0.0,3.0000000000886757,25.899167989681334,44.635500561866145,Sector 3,2883083.6915492914,5564319.9378765505,387.7607570100042,372.25032672960407,1.0,0.9878148234842103
465,25.899154524218066,44.63550020633578,0.0,1388.797194849227,1.388797194849227,267.875060573094,0.0,0.0,3.0000000000884484,25.899141058754797,44.63549985080541,Sector 3,2883080.6936122626,5564319.82663999,387.76075701028793,372.2503267298764,1.0,0.9878148234847135
466,25.899127593291528,44.63549949527504,0.0,1391.7971948493157,1.3917971948493155,267.8750605513766,0.0,0.0,3.0000000000886757,25.899114127828263,44.63549913974467,Sector 3,2883077.695675234,5564319.715403431,387.7607570098888,372.2503267294932,1.0,0.9878148234840054
467,25.899100662364997,44.6354987842143,0.0,1394.7971948489385,1.3947971948489384,267.8750605491529,0.0,0.0,2.999999999622787,25.899087196901725,44.63549842868392,Sector 3,2883074.697738206,5564319.604166872,387.76075701056277,372.2503267301403,1.0,0.9878148234852009
468,25.899073731438456,44.63549807315354,0.0,1397.7971948490615,1.3977971948490615,267.8750605561746,0.0,0.0,3.000000000123009,25.899060265975187,44.63549771762316,Sector 3,2883071.699801177,5564319.492930313,387.7607570099684,372.2503267295697,1.0,0.9878148234841466
469,25.89904680051192,44.63549736209278,0.0,1400.79719484915,1.40079719484915,267.8750605821886,0.0,0.0,3.0000000000884484,25.89903333504865,44.63549700656239,Sector 3,2883068.701864148,5564319.3816937525,387.76075700995705,372.25032672955876,1.0,0.9878148234841266
470,25.89901986958538,44.63549665103201,0.0,1403.7971948492384,1.4037971948492385,267.87506056996733,0.0,0.0,3.0000000000884484,25.89900640412211,44.63549629550161,Sector 3,2883065.7039271193,5564319.270457194,387.7607570100456,372.25032672964375,1.0,0.9878148234842836
471,25.898992938658846,44.63549593997122,0.0,1406.7971948493268,1.4067971948493267,267.875060596232,0.0,0.0,3.0000000000884484,25.898979473195578,44.63549558444083,Sector 3,2883062.705990091,5564319.159220635,387.76075700993914,372.25032672954154,1.0,0.9878148234840947
472,25.89896600773231,44.63549522891044,0.0,1409.79719484895,1.4097971948489498,267.875060546277,0.0,0.0,2.999999999623242,25.89895254226904,44.63549487338004,Sector 3,2883059.708053062,5564319.047984078,387.7607570101254,372.25032672972037,1.0,0.9878148234844253
473,25.89893907680577,44.63549451784964,0.0,1412.7971948490383,1.4127971948490383,267.875060572291,0.0,0.0,3.000000000088221,25.898925611342506,44.63549416231923,Sector 3,2883056.7101160334,5564318.936747516,387.76075701001895,372.25032672961817,1.0,0.9878148234842363
474,25.898912145879237,44.63549380678883,0.0,1415.7971948491268,1.4157971948491268,267.87506054132814,0.0,0.0,3.0000000000884484,25.898898680415968,44.63549345125842,Sector 3,2883053.7121790047,5564318.825510956,387.7607570098173,372.2503267294246,1.0,0.9878148234838786
475,25.898885214952696,44.63549309572801,0.0,1418.7971948492498,1.4187971948492497,267.8750605863344,0.0,0.0,3.000000000123009,25.89887174948943,44.6354927401976,Sector 3,2883050.714241976,5564318.714274396,387.76075700980834,372.250326729416,1.0,0.9878148234838628
476,25.89885828402616,44.63549238466719,0.0,1421.7971948493382,1.4217971948493382,267.8750605741131,0.0,0.0,3.0000000000884484,25.898844818562893,44.63549202913677,Sector 3,2883047.716304947,5564318.603037838,387.7607570094093,372.2503267290329,1.0,0.987814823483155
477,25.898831353099624,44.63549167360635,0.0,1424.7971948489612,1.4247971948489613,267.8750605623933,0.0,0.0,2.9999999996230144,25.898817887636355,44.635491318075935,Sector 3,2883044.7183679184,5564318.491801279,387.7607570098882,372.25032672949266,1.0,0.9878148234840045
478,25.89880442217309,44.63549096254551,0.0,1427.7971948490497,1.4277971948490498,267.87506059790337,0.0,0.0,3.0000000000884484,25.898790956709817,44.635490607015086,Sector 3,2883041.72043089,5564318.3805647185,387.7607570097791,372.25032672938795,1.0,0.9878148234838109
479,25.89877749124655,44.63549025148467,0.0,1430.797194849138,1.430797194849138,267.8750605384522,0.0,0.0,3.000000000088221,25.89876402578328,44.63548989595424,Sector 3,2883038.722493861,5564318.269328161,387.7607570101631,372.2503267297566,1.0,0.9878148234844921
480,25.89875056032001,44.6354895404238,0.0,1433.7971948492266,1.4337971948492263,267.87506058345843,0.0,0.0,3.0000000000886757,25.89873709485674,44.63548918489337,Sector 3,2883035.724556832,5564318.1580916,387.7607570100565,372.25032672965426,1.0,0.9878148234843029
481,25.898723629393476,44.63548882936294,0.0,1436.797194849315,1.436797194849315,267.8750605709864,0.0,0.0,3.0000000000884484,25.89871016393021,44.635488473832496,Sector 3,2883032.726619804,5564318.046855043,387.76075701014526,372.2503267297394,1.0,0.9878148234844604
482,25.898696698466946,44.63548811830206,0.0,1439.7971948489726,1.4397971948489725,267.8750605500212,0.0,0.0,2.9999999996575752,25.898683233003673,44.63548776277161,Sector 3,2883029.728682776,5564317.9356184825,387.7607570099411,372.2503267295434,1.0,0.9878148234840982
483,25.898669767540405,44.635487407241165,0.0,1442.797194849061,1.442797194849061,267.87506059502743,0.0,0.0,3.0000000000884484,25.898656302077136,44.635487051710726,Sector 3,2883026.7307457468,5564317.824381922,387.7607570100298,372.2503267296286,1.0,0.9878148234842556
484,25.898642836613867,44.63548669618028,0.0,1445.7971948491495,1.4457971948491497,267.87506053557627,0.0,0.0,3.0000000000884484,25.898629371150598,44.63548634064983,Sector 3,2883023.732808718,5564317.713145364,387.7607570101185,372.2503267297137,1.0,0.9878148234844129
485,25.89861590568733,44.635485985119374,0.0,1448.797194849238,1.448797194849238,267.8750605805825,0.0,0.0,3.0000000000884484,25.89860244022406,44.63548562958891,Sector 3,2883020.734871689,5564317.601908804,387.7607570099143,372.2503267295177,1.0,0.9878148234840507
486,25.89858897476079,44.63548527405846,0.0,1451.7971948493264,1.4517971948493265,267.8750605588652,0.0,0.0,3.0000000000884484,25.898575509297523,44.635484918528,Sector 3,2883017.7369346605,5564317.490672245,387.7607570104908,372.25032673007115,1.0,0.9878148234850734
487,25.898562043834257,44.63548456299754,0.0,1454.7971948489494,1.454797194848949,267.8750605566414,0.0,0.0,2.9999999996230144,25.89854857837099,44.63548420746707,Sector 3,2883014.738997632,5564317.379435685,387.76075700989645,372.25032672950056,1.0,0.9878148234840192
488,25.89853511290772,44.635483851936606,0.0,1457.797194849038,1.4577971948490378,267.8750605636631,0.0,0.0,3.0000000000886757,25.89852164744445,44.63548349640614,Sector 3,2883011.741060603,5564317.268199124,387.7607570099878,372.25032672958827,1.0,0.987814823484181
489,25.89850818198118,44.63548314087567,0.0,1460.7971948491609,1.460797194849161,267.8750605611887,0.0,0.0,3.000000000122782,25.898494716517913,44.6354827853452,Sector 3,2883008.743123574,5564317.156962566,387.7607570104641,372.2503267300455,1.0,0.9878148234850259
490,25.898481251054644,44.63548242981472,0.0,1463.7971948492493,1.4637971948492494,267.87506057770656,0.0,0.0,3.0000000000884484,25.89846778559137,44.63548207428424,Sector 3,2883005.7451865454,5564317.045726006,387.76075701016254,372.250326729756,1.0,0.987814823484491
491,25.898454320128103,44.635481718753766,0.0,1466.7971948493378,1.4667971948493377,267.8750605654853,0.0,0.0,3.0000000000884484,25.898440854664834,44.635481363223285,Sector 3,2883002.7472495167,5564316.934489448,387.76075701015355,372.25032672974737,1.0,0.987814823484475
492,25.89842738920157,44.6354810076928,0.0,1469.7971948489608,1.4697971948489608,267.8750605822538,0.0,0.0,2.9999999996230144,25.898413923738303,44.635480652162315,Sector 3,2882999.749312488,5564316.823252888,387.7607570103399,372.25032672992626,1.0,0.9878148234848056
493,25.898400458275034,44.63548029663183,0.0,1472.7971948490492,1.4727971948490493,267.87506054179494,0.0,0.0,3.0000000000884484,25.898386992811766,44.63547994110134,Sector 3,2882996.7513754596,5564316.71201633,387.76075701003816,372.25032672963664,1.0,0.9878148234842703
494,25.898373527348497,44.63547958557085,0.0,1475.7971948491377,1.4757971948491375,267.87506059629726,0.0,0.0,3.0000000000884484,25.898360061885228,44.63547923004036,Sector 3,2882993.753438431,5564316.600779769,387.7607570101267,372.2503267297216,1.0,0.9878148234844275
495,25.89834659642196,44.635478874509865,0.0,1478.797194849226,1.4787971948492262,267.8750605745799,0.0,0.0,3.000000000088221,25.89833313095869,44.63547851897937,Sector 3,2882990.755501402,5564316.489543212,387.7607570101179,372.2503267297132,1.0,0.987814823484412
496,25.898319665495425,44.63547816344887,0.0,1481.7971948493146,1.4817971948493145,267.87506052462487,0.0,0.0,3.0000000000886757,25.89830620003216,44.63547780791836,Sector 3,2882987.757564374,5564316.378306652,387.760757010109,372.2503267297046,1.0,0.987814823484396
497,25.89829273456889,44.635477452387846,0.0,1484.797194848972,1.4847971948489722,267.8750605793779,0.0,0.0,2.999999999657348,25.898279269105622,44.63547709685734,Sector 3,2882984.7596273455,5564316.267070091,387.7607570098073,372.250326729415,1.0,0.9878148234838608
498,25.898265803642357,44.63547674132683,0.0,1487.7971948490606,1.4877971948490605,267.8750605958957,0.0,0.0,3.0000000000886757,25.898252338179084,44.63547638579632,Sector 3,2882981.7616903167,5564316.155833531,387.7607570099935,372.2503267295937,1.0,0.987814823484191
499,25.89823887271581,44.63547603026581,0.0,1490.797194849149,1.490797194849149,267.8750605174524,0.0,0.0,3.0000000000884484,25.898225407252546,44.63547567473529,Sector 3,2882978.7637532875,5564316.044596971,387.7607570098922,372.25032672949646,1.0,0.9878148234840114
500,25.89821194178928,44.63547531920477,0.0,1493.7971948492377,1.4937971948492377,267.8750606099392,0.0,0.0,3.0000000000886757,25.89819847632601,44.635474963674255,Sector 3,2882975.765816259,5564315.933360413,387.7607570100784,372.25032672967524,1.0,0.9878148234843418
501,25.89818501086274,44.63547460814374,0.0,1496.797194849326,1.496797194849326,267.8750605502373,0.0,0.0,3.000000000088221,25.898171545399475,44.63547425261321,Sector 3,2882972.7678792304,5564315.822123855,387.76075700977674,372.2503267293857,1.0,0.9878148234838067
502,25.89815807993621,44.63547389708268,0.0,1499.797194848949,1.499797194848949,267.87506055750976,0.0,0.0,2.9999999996230144,25.89814461447294,44.63547354155215,Sector 3,2882969.769942202,5564315.710887294,387.7607570099605,372.25032672956206,1.0,0.9878148234841326
503,25.898131149009668,44.63547318602162,0.0,1502.7971948490374,1.5027971948490373,267.87506056453145,0.0,0.0,3.0000000000884484,25.8981176835464,44.63547283049108,Sector 3,2882966.772005173,5564315.599650735,387.76075701024166,372.25032672983195,1.0,0.9878148234846313
504,25.89810421808313,44.63547247496055,0.0,1505.7971948491604,1.5057971948491604,267.8750605905454,0.0,0.0,3.000000000123009,25.898090752619865,44.63547211943001,Sector 3,2882963.774068144,5564315.488414176,387.76075700964986,372.25032672926386,1.0,0.9878148234835817
505,25.898077287156596,44.635471763899474,0.0,1508.7971948492489,1.508797194849249,267.8750605595826,0.0,0.0,3.0000000000884484,25.898063821693324,44.63547140836893,Sector 3,2882960.776131116,5564315.377177617,387.76075700993357,372.2503267295362,1.0,0.9878148234840849
506,25.89805035623005,44.63547105283839,0.0,1511.7971948493373,1.5117971948493374,267.87506057534824,0.0,0.0,3.0000000000884484,25.89803689076679,44.63547069730784,Sector 3,2882957.7781940866,5564315.265941057,387.7607570100223,372.2503267296214,1.0,0.9878148234842423
507,25.898023425303524,44.63547034177729,0.0,1514.7971948489603,1.5147971948489602,267.8750605641299,0.0,0.0,2.9999999996230144,25.898009959840252,44.63546998624674,Sector 3,2882954.7802570593,5564315.154704497,387.76075700933046,372.25032672895725,1.0,0.9878148234830151
508,25.897996494376983,44.63546963071619,0.0,1517.7971948490488,1.5177971948490487,267.8750605711516,0.0,0.0,3.0000000000884484,25.897983028913714,44.635469275185635,Sector 3,2882951.7823200296,5564315.043467938,387.76075701000445,372.25032672960424,1.0,0.9878148234842106
509,25.89796956345045,44.63546891965508,0.0,1520.7971948491372,1.5207971948491372,267.87506057842404,0.0,0.0,3.0000000000884484,25.89795609798718,44.63546856412452,Sector 3,2882948.7843830017,5564314.932231379,387.76075700989793,372.250326729502,1.0,0.9878148234840216
510,25.89794263252391,44.63546820859396,0.0,1523.7971948492257,1.5237971948492255,267.8750605472106,0.0,0.0,3.0000000000884484,25.897929167060642,44.63546785306339,Sector 3,2882945.7864459725,5564314.82099482,387.7607570098891,372.25032672949357,1.0,0.9878148234840061
511,25.897915701597373,44.63546749753282,0.0,1526.797194849349,1.5267971948493486,267.8750605822192,0.0,0.0,3.0000000001232365,25.897902236134108,44.635467142002256,Sector 3,2882942.7885089437,5564314.709758259,387.7607570098801,372.25032672948487,1.0,0.9878148234839901
512,25.89788877067084,44.63546678647169,0.0,1529.7971948489717,1.5297971948489717,267.8750605517579,0.0,0.0,2.999999999622787,25.89787530520757,44.635466430941115,Sector 3,2882939.7905719155,5564314.598521701,387.76075701006636,372.2503267296637,1.0,0.9878148234843205
513,25.8978618397443,44.63546607541054,0.0,1532.79719484906,1.5327971948490602,267.8750605872679,0.0,0.0,3.000000000088221,25.897848374281033,44.63546571987996,Sector 3,2882936.7926348867,5564314.487285141,387.7607570097647,372.2503267293741,1.0,0.9878148234837854
514,25.897834908817764,44.635465364349386,0.0,1535.7971948491486,1.535797194849149,267.8750605847935,0.0,0.0,3.0000000000886757,25.897821443354495,44.635465008818805,Sector 3,2882933.794697858,5564314.376048583,387.76075701014094,372.25032672973526,1.0,0.9878148234844528
515,25.897807977891222,44.635464653288224,0.0,1538.797194849237,1.538797194849237,267.87506054433464,0.0,0.0,3.0000000000884484,25.897794512427957,44.635464297757636,Sector 3,2882930.7967608287,5564314.264812023,387.7607570102295,372.2503267298203,1.0,0.9878148234846098
516,25.89778104696469,44.63546394222705,0.0,1541.7971948493257,1.5417971948493254,267.8750605606017,0.0,0.0,3.0000000000886757,25.897767581501423,44.63546358669646,Sector 3,2882927.7988238004,5564314.153575464,387.7607570100255,372.2503267296245,1.0,0.9878148234842479
517,25.897754116038158,44.635463231165865,0.0,1544.7971948489485,1.5447971948489485,267.87506055837804,0.0,0.0,2.999999999622787,25.89774065057489,44.63546287563527,Sector 3,2882924.8008867726,5564314.042338904,387.7607570098241,372.2503267294311,1.0,0.9878148234838906
518,25.897727185111616,44.63546252010467,0.0,1547.7971948490715,1.5477971948490714,267.87506056539974,0.0,0.0,3.000000000123009,25.897713719648348,44.635462164574065,Sector 3,2882921.8029497433,5564313.931102344,387.76075701010785,372.25032672970354,1.0,0.987814823484394
519,25.89770025418508,44.63546180904347,0.0,1550.79719484916,1.55079719484916,267.87506057242143,0.0,0.0,3.0000000000884484,25.89768678872181,44.63546145351286,Sector 3,2882918.8050127146,5564313.819865786,387.7607570100963,372.25032672969246,1.0,0.9878148234843735
520,25.89767332325854,44.63546109798226,0.0,1553.7971948492484,1.5537971948492484,267.8750605889393,0.0,0.0,3.0000000000884484,25.897659857795272,44.635460742451656,Sector 3,2882915.807075686,5564313.708629225,387.76075700998985,372.25032672959026,1.0,0.9878148234841846
521,25.897646392332003,44.635460386921054,0.0,1556.7971948493368,1.5567971948493369,267.8750605387336,0.0,0.0,3.0000000000884484,25.897632926868738,44.63546003139044,Sector 3,2882912.809138657,5564313.597392668,387.7607570099809,372.2503267295817,1.0,0.9878148234841688
522,25.89761946140547,44.63545967585982,0.0,1559.79719484896,1.55979719484896,267.8750605555021,0.0,0.0,2.999999999623242,25.8976059959422,44.635459320329204,Sector 3,2882909.8112016288,5564313.486156107,387.7607570102647,372.25032672985407,1.0,0.9878148234846722
523,25.89759253047893,44.63545896479859,0.0,1562.7971948490483,1.5627971948490482,267.87506059101213,0.0,0.0,3.000000000088221,25.897579065015663,44.63545860926797,Sector 3,2882906.8132646,5564313.374919548,387.76075700976793,372.2503267293772,1.0,0.9878148234837911
524,25.897565599552397,44.63545825373735,0.0,1565.7971948491368,1.5657971948491367,267.8750605980339,0.0,0.0,3.0000000000884484,25.897552134089125,44.635457898206724,Sector 3,2882903.8153275717,5564313.263682989,387.76075700995415,372.250326729556,1.0,0.9878148234841213
525,25.897538668625856,44.6354575426761,0.0,1568.7971948492252,1.5687971948492252,267.87506051959053,0.0,0.0,3.0000000000884484,25.897525203162587,44.63545718714546,Sector 3,2882900.8173905425,5564313.15244643,387.76075701004277,372.250326729641,1.0,0.9878148234842785
526,25.89751173769932,44.63545683161483,0.0,1571.7971948493482,1.5717971948493483,267.8750605833382,0.0,0.0,3.000000000123009,25.89749827223605,44.6354564760842,Sector 3,2882897.8194535137,5564313.04120987,387.7607570098387,372.25032672944513,1.0,0.9878148234839166
527,25.897484806772784,44.63545612055356,0.0,1574.7971948489712,1.5747971948489712,267.87506056212226,0.0,0.0,2.9999999996230144,25.897471341309515,44.635455765022925,Sector 3,2882894.8215164854,5564312.92997331,387.760757010025,372.25032672962396,1.0,0.987814823484247
528,25.897457875846246,44.63545540949228,0.0,1577.7971948490597,1.5777971948490597,267.8750605881362,0.0,0.0,3.0000000000884484,25.897444410382978,44.63545505396164,Sector 3,2882891.823579456,5564312.818736751,387.76075701011615,372.2503267297115,1.0,0.9878148234844086
529,25.89743094491971,44.635454698431005,0.0,1580.797194849148,1.5807971948491482,267.87506055717347,0.0,0.0,3.000000000088221,25.89741747945644,44.63545434290035,Sector 3,2882888.8256424274,5564312.707500193,387.7607570099121,372.25032672951556,1.0,0.9878148234840467
530,25.89740401399317,44.6354539873697,0.0,1583.7971948492366,1.5837971948492366,267.8750605926835,0.0,0.0,3.0000000000886757,25.897390548529906,44.63545363183905,Sector 3,2882885.8277053987,5564312.596263632,387.7607570098055,372.25032672941325,1.0,0.9878148234838577
531,25.897377083066637,44.6354532763084,0.0,1586.797194849325,1.5867971948493251,267.8750605424778,0.0,0.0,3.0000000000884484,25.897363617603368,44.63545292077774,Sector 3,2882882.8297683704,5564312.485027073,387.7607570100894,372.2503267296858,1.0,0.9878148234843613
532,25.8973501521401,44.635452565247085,0.0,1589.797194848948,1.589797194848948,267.87506054975023,0.0,0.0,2.9999999996230144,25.89733668667683,44.63545220971642,Sector 3,2882879.8318313416,5564312.373790514,387.7607570104709,372.25032673005205,1.0,0.9878148234850379
533,25.89732322121356,44.63545185418576,0.0,1592.797194849071,1.5927971948490711,267.87506058526026,0.0,0.0,3.000000000123009,25.897309755750292,44.6354514986551,Sector 3,2882876.833894313,5564312.262553954,387.7607570098764,372.25032672948134,1.0,0.9878148234839834
534,25.897296290287024,44.63545114312444,0.0,1595.7971948491595,1.5957971948491596,267.87506055429753,0.0,0.0,3.0000000000884484,25.897282824823755,44.63545078759377,Sector 3,2882873.835957284,5564312.151317396,387.76075700976986,372.250326729379,1.0,0.9878148234837945
535,25.89726935936049,44.635450432063095,0.0,1598.797194849248,1.598797194849248,267.87506058006073,0.0,0.0,3.0000000000884484,25.89725589389722,44.63545007653242,Sector 3,2882870.838020256,5564312.040080835,387.76075701005374,372.2503267296516,1.0,0.987814823484298
536,25.89724242843395,44.63544972100175,0.0,1601.7971948493364,1.6017971948493364,267.8750605585941,0.0,0.0,3.0000000000884484,25.897228962970686,44.63544936547107,Sector 3,2882867.840083227,5564311.928844277,387.7607570101424,372.2503267297367,1.0,0.9878148234844553
537,25.897215497507418,44.63544900994039,0.0,1604.7971948489594,1.6047971948489594,267.87506056586653,0.0,0.0,2.9999999996230144,25.89720203204415,44.63544865440971,Sector 3,2882864.8421461987,5564311.817607717,387.78098750052317,372.2697480005022,1.0,0.9878507085783403
538,25.89718856658088,44.63544829887903,0.0,1607.797194849048,1.607797194849048,267.87506056339214,0.0,0.0,3.0000000000886757,25.89717510111761,44.63544794334834,Sector 3,2882861.84420917,5564311.706371158,387.83227415315747,372.31898318703117,1.0,0.987941681476683
539,25.897161635654346,44.63544758781765,0.0,1610.7971948491363,1.6107971948491362,267.8750605609177,0.0,0.0,3.000000000088221,25.897148170191073,44.635447232286964,Sector 3,2882858.846272141,5564311.595134598,387.88303508159584,372.367713678332,1.0,0.9880317218389492
540,25.897134704727804,44.63544687675627,0.0,1613.7971948492593,1.613797194849259,267.87506057743553,0.0,0.0,3.000000000123009,25.897121239264536,44.635446521225575,Sector 3,2882855.8483351124,5564311.483898038,387.9332685438,372.415937802048,1.0,0.9881208265750894
541,25.897107773801267,44.63544616569488,0.0,1616.7971948493478,1.6167971948493478,267.87506059370264,0.0,0.0,3.0000000000884484,25.897094308337998,44.635445810164185,Sector 3,2882852.8503980837,5564311.37266148,387.9829728136614,372.4636539011149,1.0,0.9882089926233113
542,25.897080842874733,44.63544545463349,0.0,1619.7971948489708,1.619797194848971,267.87506053450227,0.0,0.0,2.9999999996230144,25.897067377411464,44.63544509910278,Sector 3,2882849.852461055,5564311.261424922,388.2263791232891,372.6973239583575,1.0,0.9886407497438165
543,25.897053911948195,44.63544474357207,0.0,1622.7971948490592,1.6227971948490592,267.8750605795084,0.0,0.0,3.0000000000884484,25.897040446484926,44.635444388041364,Sector 3,2882846.854524026,5564311.150188361,388.5607748562726,373.01834386202165,1.0,0.989233905028094
544,25.897026981021657,44.635444032510655,0.0,1625.7971948491477,1.6257971948491476,265.9022998013701,0.0,0.0,3.0000000000884484,25.897013553110714,44.63544334797018,Sector 3,2882843.8565869974,5564311.038951801,388.8988909014872,373.34293526542774,1.0,0.9898336594481898
545,25.89700012519977,44.635442663429714,0.0,1628.7944332859986,1.6287944332859985,262.8383047093432,0.0,0.0,2.997238436850921,25.896986755596984,44.63544146803001,Sector 3,2882840.8670105804,5564310.82477642,389.4269795033139,373.8499003231813,1.0,0.9907703895372537
546,25.896973385994198,44.6354402726303,0.0,1631.7944332859531,1.6317944332859533,262.8383047295982,0.0,0.0,2.9999999999545253,25.896960016391404,44.63543907723055,Sector 3,2882837.8904158315,5564310.4507661285,389.92258473888796,374.32568134933246,1.0,0.9916495002297663
547,25.896946646788606,44.6354378818308,0.0,1634.794433286254,1.6347944332862538,262.83830467021,0.0,0.0,3.0000000003008154,25.896933277185816,44.63543668643099,Sector 3,2882834.913821081,5564310.07675584,390.38475409448466,374.76936393070525,1.0,0.9924693019451092
548,25.89691990758303,44.63543549103118,0.0,1637.7944332862087,1.6377944332862089,262.8383047187505,0.0,0.0,2.9999999999547526,25.89690653798024,44.63543429563133,Sector 3,2882831.9372263323,5564309.7027455475,390.8125993168399,375.1800953441663,1.0,0.9932282190886645
549,25.89689316837745,44.635433100231474,0.0,1640.7944332861634,1.6407944332861637,242.38076599855228,0.0,0.0,2.9999999999547526,25.896881680381682,44.63542882307242,Sector 3,2882828.9606315824,5564309.3287352575,391.2052981218957,375.5570861970198,1.0,0.9939247930828063
550,25.89687019238592,44.63542454591335,0.0,1643.6810442364815,1.6436810442364818,230.19458212892064,0.0,0.0,2.8866109503180724,25.896859840790192,44.63541840751908,Sector 3,2882826.402955905,5564307.990520812,391.56209577236683,375.89961194147213,1.0,0.9945576851652096
551,25.896849489194462,44.63541226912481,0.0,1646.68104423593,1.64668104423593,230.1945821144738,0.0,0.0,2.9999999994483915,25.896839137598736,44.63540613072924,Sector 3,2882824.0982871745,5564306.069973483,391.88230653300974,376.20701427168933,1.0,0.9951256789702241
552,25.89682878600301,44.63539999233367,0.0,1649.681044236332,1.649681044236332,230.194582127614,0.0,0.0,3.0000000004019967,25.896818434407276,44.635393853936804,Sector 3,2882821.793618444,5564304.149426154,392.18159233623385,376.49432864278447,1.0,0.9956565558271377
553,25.896808082811543,44.635387715539935,0.0,1652.6810442363762,1.6526810442363762,230.1945821234385,0.0,0.0,3.000000000044338,25.896797731215816,44.63538157714177,Sector 3,2882819.488949712,5564302.228878825,392.48267673536543,376.7833696659508,1.0,0.9961906230557025
554,25.89678737962009,44.6353754387436,0.0,1655.6810442364206,1.6556810442364205,230.19458209872016,0.0,0.0,3.000000000044338,25.896777028024367,44.63536930034414,Sector 3,2882817.184280982,5564300.308331496,392.7222996775119,377.0134076904114,1.0,0.9966156691922072
555,25.89676667642864,44.63536316194467,0.0,1658.681044236465,1.658681044236465,230.19458212510284,0.0,0.0,3.000000000044338,25.89675632483291,44.635357023543904,Sector 3,2882814.8796122517,5564298.387784166,392.89972320481564,377.183734276623,1.0,0.9969303852378828
556,25.89674597323718,44.63535088514315,0.0,1661.6810442365093,1.6616810442365093,230.19458210038448,0.0,0.0,3.000000000044338,25.896735621641454,44.63534474674108,Sector 3,2882812.5749435206,5564296.467236839,393.1293227983125,377.40414988637997,1.0,0.9973376518346648
557,25.896725270045728,44.63533860833902,0.0,1664.6810442365536,1.6646810442365536,230.1945821340672,0.0,0.0,3.000000000044338,25.89671491845,44.63533246993566,Sector 3,2882810.2702747905,5564294.5466895085,393.33731618905784,377.6038235414955,1.0,0.9977065930819549
558,25.89670456685427,44.6353263315323,0.0,1667.6810442360018,1.6676810442360015,230.19458211232,0.0,0.0,2.999999999448164,25.896694215258545,44.63532019312764,Sector 3,2882807.96560606,5564292.6261421805,393.44331113527704,377.70557868986594,1.0,0.9978946082276496
559,25.89668386366282,44.63531405472298,0.0,1670.681044236046,1.670681044236046,225.8901936220892,0.0,0.0,3.000000000044338,25.896674256903076,44.63530742780552,Sector 3,2882805.6609373298,5564290.705594852,393.5428861437167,377.801170697968,1.0,0.9980712356083612
560,25.89666465014333,44.63530080088806,0.0,1673.6598994790136,1.6736598994790135,215.13799997464267,0.0,0.0,2.9788552429674837,25.896656894794365,44.63529295969411,Sector 3,2882803.522098123,5564288.632205017,393.6360106535712,377.8905702274283,1.0,0.9982364210149544
561,25.8966491394454,44.63528511850016,0.0,1676.6598994790363,1.6766598994790365,215.13799998835876,0.0,0.0,3.0000000000227374,25.89664138409644,44.6352772773041,Sector 3,2882801.7954551284,5564286.178900311,393.7894960194908,378.03791617871116,1.0,0.9985086752540926
562,25.896633628747477,44.63526943610803,0.0,1679.6598994790595,1.6796598994790597,215.1379999856065,0.0,0.0,3.000000000023192,25.896625873398513,44.63526159490985,Sector 3,2882800.0688121333,5564283.725595609,393.9641289231204,378.2055637661956,1.0,0.9988184412570031
563,25.89661811804955,44.63525375371167,0.0,1682.6598994790825,1.6826598994790825,215.1380000049733,0.0,0.0,3.0000000000229647,25.896610362700585,44.635245912511365,Sector 3,2882798.3421691386,5564281.272290908,394.09759704081495,378.33369315918236,1.0,0.9990551886538277
564,25.896602607351618,44.63523807131106,0.0,1685.6598994791054,1.6856598994791054,215.13799996934523,0.0,0.0,3.0000000000229647,25.896594852002654,44.63523023010863,Sector 3,2882796.6155261425,5564278.8189862035,394.1896440976265,378.42205833372145,1.0,0.9992184628608962
565,25.89658709665369,44.63522238890621,0.0,1688.6598994791284,1.6886598994791284,215.1379999994687,0.0,0.0,3.0000000000229647,25.896579341304722,44.635214547701665,Sector 3,2882794.8888831474,5564276.365681499,394.24009335237196,378.47048961827704,1.0,0.9993079503725135
566,25.89657158595576,44.63520670649712,0.0,1691.6598994791514,1.6916598994791514,215.13799998030868,0.0,0.0,3.0000000000229647,25.8965638306068,44.63519886529046,Sector 3,2882793.1622401522,5564273.912376796,394.24884793638614,378.4788940189307,1.0,0.999323479361844
567,25.89655607525784,44.6351910240838,0.0,1694.6598994791743,1.6946598994791744,215.13799999414556,0.0,0.0,3.0000000000229647,25.896548319908874,44.635183182875025,Sector 3,2882791.435597158,5564271.4590720935,394.318835442377,378.54608202468194,1.0,0.9994476240650119
568,25.89654056455991,44.63517534166624,0.0,1697.6598994791973,1.6976598994791974,202.6673149427085,0.0,0.0,3.0000000000229647,25.896535471337174,44.63516666356688,Sector 3,2882789.7089541624,5564269.005767389,394.3994131578741,378.6234366315591,1.0,0.9995905538126966
569,25.89653037811444,44.63515798546752,0.0,1700.6023224257185,1.7006023224257183,192.53177035151205,0.0,0.0,2.9424229465212193,25.89652745435557,44.635148625354375,Sector 3,2882788.5750042396,5564266.290622759,394.46667052750763,378.6880037064073,1.0,0.9997098557662496
570,25.8965245305967,44.63513926524122,0.0,1703.6023224256758,1.7036023224256758,192.53177033983525,0.0,0.0,2.9999999999572537,25.896521606837837,44.635129905125055,Sector 3,2882787.9240615424,5564263.36209521,394.5187481727204,378.7379982458116,1.0,0.9998022317370046
571,25.89651868307897,44.635120545008895,0.0,1706.602322425532,1.706602322425532,192.5317703434221,0.0,0.0,2.9999999998563,25.896515759320103,44.63511118488971,Sector 3,2882787.273118846,5564260.433567661,394.5776191917077,378.7945144240394,1.0,0.9999066578781264
572,25.896512835561232,44.63510182477053,0.0,1709.6023224253884,1.7096023224253885,192.53177034783943,0.0,0.0,2.9999999998563,25.89650991180236,44.635092464648324,Sector 3,2882786.6221761494,5564257.505040112,394.5693097597252,378.78653736933614,1.0,0.9998919185049717
573,25.89650698804349,44.63508310452611,0.0,1712.6023224253458,1.712602322425346,192.5317703444101,0.0,0.0,2.999999999957481,25.896504064284628,44.63507374440089,Sector 3,2882785.9712334517,5564254.576512562,394.57129190343954,378.788440227302,1.0,0.9998954344559916
574,25.89650114052576,44.63506438427567,0.0,1715.602322425202,1.7156023224252022,192.5317703488273,0.0,0.0,2.9999999998560725,25.896498216766886,44.63505502414742,Sector 3,2882785.320290756,5564251.647985014,394.6295718611307,378.8443889866855,1.0,0.999998812165281
575,25.896495293008016,44.63504566401917,0.0,1718.602322426069,1.7186023224260687,192.53177033921224,0.0,0.0,3.000000000866976,25.896492369249145,44.63503630388791,Sector 3,2882784.6693480583,5564248.719457463,394.62461727095746,378.83963258011914,1.0,0.9999900236519932
576,25.89648944549028,44.63502694375665,0.0,1721.602322425925,1.721602322425925,192.531770351877,0.0,0.0,2.9999999998560725,25.89648652173141,44.63501758362237,Sector 3,2882784.018405361,5564245.790929915,394.6196814527093,378.8348941946009,1.0,0.9999812684365781
577,25.89648359797254,44.635008223488086,0.0,1724.6023224258824,1.7246023224258824,192.5317703463856,0.0,0.0,2.999999999957481,25.896480674213674,44.63499886335079,Sector 3,2882783.3674626644,5564242.862402366,394.6226745596835,378.8377675772962,1.0,0.9999865776467236
578,25.896477750454807,44.63498950321348,0.0,1727.6023224257387,1.7276023224257389,169.28817230593154,0.0,0.0,2.9999999998563,25.896480200147398,44.63498028804344,Sector 3,2882782.7165199677,5564239.933874818,394.63024151184794,378.845031851374,1.0,1.0
579,25.89648264983999,44.6349710728734,0.0,1730.536624632681,1.730536624632681,163.12576727216538,0.0,0.0,2.9343022069422204,25.89648656117413,44.634961897134055,Sector 3,2882783.2619170314,5564237.05070443,394.6119330130243,378.82745569250335,1.0,0.9999675241584947
580,25.896490472508265,44.63495272139471,0.0,1733.5366246324702,1.7335366246324702,163.12576727765918,0.0,0.0,2.9999999997892246,25.89649438384241,44.63494354565246,Sector 3,2882784.1327324808,5564234.17987172,394.6027429670903,378.8186332484067,1.0,0.9999512227414284
581,25.89649829517655,44.634934369910205,0.0,1736.5366246332858,1.7365366246332858,163.12576726851137,0.0,0.0,3.0000000008155894,25.896502206510686,44.634925194165056,Sector 3,2882785.0035479306,5564231.309039008,394.61914365236265,378.8343779062681,1.0,0.999980314479676
582,25.896506117844822,44.63491601841991,0.0,1739.536624633075,1.739536624633075,163.12576726753423,0.0,0.0,2.9999999997892246,25.896510029178966,44.63490684267185,Sector 3,2882785.8743633796,5564228.438206298,394.6018161703981,378.8177435235821,1.0,0.9999495787780006
583,25.89651394051311,44.6348976669238,0.0,1742.5366246329993,1.7425366246329992,163.12576727960322,0.0,0.0,2.9999999999242846,25.896517851847246,44.634888491172845,Sector 3,2882786.74517883,5564225.567373587,394.51428710110906,378.73371561706466,1.0,0.9997943186330418
584,25.896521763181383,44.63487931542189,0.0,1745.5366246327883,1.7455366246327886,163.1257672638803,0.0,0.0,2.9999999997889972,25.896525674515527,44.63487013966804,Sector 3,2882787.615994279,5564222.696540877,394.4532277164771,378.67509860781803,1.0,0.9996860107418912
585,25.89652958584967,44.63486096391418,0.0,1748.5366246327128,1.7485366246327128,163.12576728698275,0.0,0.0,2.999999999924512,25.89653349718381,44.63485178815742,Sector 3,2882788.486809729,5564219.825708166,394.4602530892724,378.6818429657015,1.0,0.9996984724349887
586,25.896537408517947,44.63484261240066,0.0,1751.536624632502,1.751536624632502,163.12576726022667,0.0,0.0,2.9999999997892246,25.89654131985209,44.634833436641,Sector 3,2882789.357625178,5564216.954875454,394.4363033898688,378.658851254274,1.0,0.9996559901621695
587,25.89654523118623,44.63482426088134,0.0,1754.5366246333176,1.7545366246333176,150.5397552299819,0.0,0.0,3.0000000008155894,25.896551776105127,44.63481601568157,Sector 3,2882790.2284406284,5564214.084042743,394.4056785825332,378.62945143923184,1.0,0.9996016675003971
588,25.896558321024028,44.63480777048181,0.0,1757.499407067771,1.757499407067771,144.0608469946688,0.0,0.0,2.962782434453402,25.89656622968869,44.634800007151945,Sector 3,2882791.6855947063,5564211.504356378,394.3642872414647,378.58971575180607,1.0,0.9995282470280151
589,25.896574138353355,44.63479224382208,0.0,1760.499407067653,1.760499407067653,144.06084702170284,0.0,0.0,2.999999999881993,25.896582047018015,44.634784480490126,Sector 3,2882793.446371753,5564209.075433946,394.3121497339116,378.5396637445551,1.0,0.999435764872701
590,25.89658995568268,44.634776717158175,0.0,1763.499407067535,1.763499407067535,144.06084700422116,0.0,0.0,2.999999999881993,25.896597864347342,44.63476895382415,Sector 3,2882795.2071487987,5564206.646511508,394.2494160650411,378.47943942243944,1.0,0.9993244871154741
591,25.89660577301201,44.63476119049013,0.0,1766.499407068171,1.766499407068171,144.0608470033689,0.0,0.0,3.000000000635964,25.896613681676673,44.63475342715403,Sector 3,2882796.9679258456,5564204.217589073,394.1760169841725,378.4089763048056,1.0,0.9991942909186211
592,25.896621590341336,44.63474566381793,0.0,1769.499407068053,1.769499407068053,144.0608469857849,0.0,0.0,2.999999999881993,25.896629499006004,44.63473790047976,Sector 3,2882798.728702892,5564201.788666639,394.0919643786156,378.328285803471,1.0,0.9990451973679992
593,25.896637407670667,44.63473013714159,0.0,1772.4994070682085,1.7724994070682083,144.06084701271664,0.0,0.0,3.0000000001555236,25.89664531633533,44.63472237380133,Sector 3,2882800.489479939,5564199.359744206,393.9408870166196,378.1832515359548,1.0,0.9987772144759834
594,25.896653224999994,44.634714610461074,0.0,1775.4994070680902,1.7754994070680905,144.0608470008125,0.0,0.0,2.9999999998817657,25.896661133664658,44.63470684711875,Sector 3,2882802.250256985,5564196.930821771,393.7667536794275,378.0160835322504,1.0,0.9984683346101944
595,25.89666904232932,44.63469908377642,0.0,1778.4994070679722,1.7784994070679725,144.06084701658972,0.0,0.0,2.999999999881993,25.896676950993985,44.63469132043201,Sector 3,2882804.011034032,5564194.501899336,393.73911851294037,377.9895537724227,1.0,0.9984193150103104
596,25.89668485965865,44.6346835570876,0.0,1781.4994070678542,1.7814994070678545,144.0608469881588,0.0,0.0,2.999999999881993,25.896692768323316,44.63467579374111,Sector 3,2882805.771811078,5564192.072976901,393.7080048811567,377.9596846859104,1.0,0.9983641252656901
597,25.896700676987983,44.63466803039463,0.0,1784.4994070680095,1.7844994070680096,144.06084699247418,0.0,0.0,3.000000000155296,25.896708585652647,44.63466026704607,Sector 3,2882807.532588125,5564189.644054468,393.66773595907097,377.9210265207081,1.0,0.9982926957539728
598,25.896716494317307,44.63465250369751,0.0,1787.4994070678915,1.7874994070678916,144.0608469974045,0.0,0.0,2.999999999881993,25.896724402981974,44.63464474034687,Sector 3,2882809.293365171,5564187.215132034,393.6183291514378,377.8735959853803,1.0,0.998205057347928
599,25.89673231164664,44.63463697699624,0.0,1790.4994070677735,1.7904994070677736,144.0608470132845,0.0,0.0,2.999999999881993,25.8967402203113,44.63462921364352,Sector 3,2882811.054142218,5564184.786209601,393.5598058121581,377.8174135796718,1.0,0.9981012479253686
600,25.896748128975965,44.6346214502908,0.0,1793.4994070676555,1.7934994070676555,133.60395031011427,0.0,0.0,2.999999999881993,25.896757771386746,44.63461491521559,Sector 3,2882812.8149192645,5564182.357287166,393.4921912357552,377.75250358632496,1.0,0.9979813123540329
601,25.896767413797523,44.63460838014039,0.0,1796.4640592936155,1.7964640592936154,126.1931418156048,0.0,0.0,2.9646522259599806,25.896778288320704,44.634602717959,Sector 3,2882814.9616957805,5564180.312656779,393.4155146458213,377.67889405998847,1.0,0.9978453024710903
602,25.89678916284388,44.63459705577761,0.0,1799.4640592936423,1.7994640592936426,126.1931418131132,0.0,0.0,3.00000000002683,25.896800037367058,44.634591393595116,Sector 3,2882817.382788546,5564178.54112924,393.3298091825289,377.5966168152277,1.0,0.9976932770609876
603,25.89681091189023,44.63458573141261,0.0,1802.4640592936696,1.8024640592936696,126.19314182196617,0.0,0.0,3.000000000027285,25.896821786413412,44.63458006922901,Sector 3,2882819.8038813113,5564176.769601702,393.2351118888286,377.50570741327545,1.0,0.9975253018309691
604,25.896832660936592,44.634574407045406,0.0,1805.4640592940725,1.8054640592940725,126.1931418164333,0.0,0.0,3.000000000402906,25.896843535459766,44.6345687448607,Sector 3,2882822.224974077,5564174.998074162,393.13146369368206,377.4062051459348,1.0,0.9973414493813328
605,25.896854409982943,44.634563082676,0.0,1808.4640592940996,1.8084640592940997,126.19314183295518,0.0,0.0,3.0000000000270575,25.89686528450612,44.63455742049018,Sector 3,2882824.646066842,5564173.226546625,393.0189093948244,377.2981530190314,1.0,0.9971417991748546
606,25.896876159029297,44.63455175830437,0.0,1811.4640592941264,1.8114640592941265,126.19314179978836,0.0,0.0,3.00000000002683,25.896887033552474,44.63454609611746,Sector 3,2882827.0671596075,5564171.455019084,392.86473785369583,377.15014833954797,1.0,0.9968683277896497
607,25.89689790807565,44.63454043393055,0.0,1814.4640592936037,1.8144640592936037,126.19314180927596,0.0,0.0,2.999999999477268,25.89690878259883,44.63453477174253,Sector 3,2882829.488252373,5564169.683491548,392.4440125731869,376.7462520702594,1.0,0.9961220400869435
608,25.89691965712201,44.63452910955451,0.0,1817.4640592936305,1.8174640592936304,126.19314184145276,0.0,0.0,3.00000000002683,25.896930531645182,44.63452344736538,Sector 3,2882831.909345139,5564167.911964009,392.0503321949751,376.3683189071761,1.0,0.9954237249662055
609,25.89694140616836,44.63451778517625,0.0,1820.4640592936576,1.8204640592936576,126.1931418006173,0.0,0.0,3.0000000000270575,25.89695228069154,44.634512122986024,Sector 3,2882834.3304379038,5564166.14043647,391.68815202437844,376.0206259434033,1.0,0.9947812853030757
610,25.89696315521472,44.63450646079579,0.0,1823.4640592936848,1.8234640592936848,126.19314184046289,0.0,0.0,3.000000000027285,25.896974029737898,44.63450079860445,Sector 3,2882836.7515306696,5564164.368908931,391.2934566775127,375.6417184104122,1.0,0.9940811698183942
611,25.89698490426107,44.63449513641311,0.0,1826.464059293712,1.826464059293712,126.19314181496507,0.0,0.0,3.0000000000270575,25.89699577878425,44.63448947422067,Sector 3,2882839.172623435,5564162.59738139,391.08404526612765,375.44068345548254,1.0,0.9937097132685668
612,25.89700665330743,44.63448381202823,0.0,1829.4640592941143,1.8294640592941145,126.19314182445282,0.0,0.0,3.0000000004024514,25.897017527830606,44.634478149834685,Sector 3,2882841.593716201,5564160.825853851,390.8608427918594,375.226409080185,1.0,0.9933137939609407
613,25.897028402353783,44.63447248764114,0.0,1832.4640592941412,1.8324640592941412,121.58265038290608,0.0,0.0,3.00000000002683,25.897039629558265,44.634467575912474,Sector 3,2882844.014808966,5564159.054326314,390.6065289176013,374.98226776089723,1.0,0.9928626888674772
614,25.897050856762743,44.63446266418381,0.0,1835.398272167658,1.835398272167658,90.78855945938182,0.0,0.0,2.934212873516799,25.897064330215812,44.63446253221798,Sector 3,2882846.5144223375,5564157.517596611,390.32153516205494,374.7086737555727,1.0,0.9923571634213832
615,25.89707780366888,44.63446240025215,0.0,1838.3982721678744,1.8383982721678744,90.78855946529744,0.0,0.0,3.0000000002164597,25.897091277121945,44.63446226828631,Sector 3,2882849.514138207,5564157.47630854,390.00634510124354,374.40609129719377,1.0,0.9917980753957856
616,25.89710475057501,44.63446213632049,0.0,1841.3982721676248,1.8413982721676248,90.78855949962474,0.0,0.0,2.9999999997503437,25.897118224028077,44.63446200435465,Sector 3,2882852.513854076,5564157.435020472,389.66149354862176,374.07503380667686,1.0,0.9911863734494004
617,25.897131697481143,44.63446187238882,0.0,1844.3982721678417,1.8443982721678416,90.78855943912232,0.0,0.0,3.0000000002169145,25.89714517093421,44.63446174042299,Sector 3,2882855.5135699455,5564157.393732401,389.2875656478446,373.7160630219308,1.0,0.9905230955172752
618,25.897158644387275,44.63446160845716,0.0,1847.3982721675925,1.8473982721675928,90.78855949235977,0.0,0.0,2.9999999997507985,25.89717211784034,44.634461476491325,Sector 3,2882858.5132858143,5564157.352444332,388.8851958770769,373.3297880419938,1.0,0.9898093670446211
619,25.89718559129341,44.63446134452549,0.0,1850.398272167796,1.8503982721677965,90.78855943213648,0.0,0.0,3.0000000002034994,25.897199064746474,44.63446121255966,Sector 3,2882861.513001684,5564157.311156263,388.45506697728786,372.91686429819634,1.0,0.9890463990858078
620,25.897212538199536,44.63446108059383,0.0,1853.398272167547,1.853398272167547,90.78855949478248,0.0,0.0,2.999999999751026,25.897226011652606,44.634460948627996,Sector 3,2882864.512717552,5564157.269868195,387.99790878894413,372.4779924373864,1.0,0.9882354862408758
621,25.897239485105672,44.63446081666216,0.0,1856.3982721677637,1.8563982721677637,90.78855947228637,0.0,0.0,3.000000000216687,25.897252958558738,44.63446068469632,Sector 3,2882867.5124334213,5564157.228580125,387.57890664492476,372.0757503791277,1.0,0.9874922550589726
622,25.8972664320118,44.63446055273049,0.0,1859.3982721675145,1.8593982721675144,90.78855944960418,0.0,0.0,2.9999999997507985,25.89727990546487,44.634460420764654,Sector 3,2882870.5121492906,5564157.187292054,387.57890664483597,372.0757503790425,1.0,0.987492255058815
623,25.897293378917936,44.63446028879882,0.0,1862.3982721677307,1.8623982721677308,90.78855946502136,0.0,0.0,3.0000000002162324,25.897306852371003,44.634460156832986,Sector 3,2882873.51186516,5564157.146003986,387.5789066448808,372.07575037908555,1.0,0.9874922550588945
624,25.89732032582407,44.634460024867145,0.0,1865.3982721674813,1.8653982721674816,90.78855948053166,0.0,0.0,2.999999999750571,25.897333799277135,44.63445989290131,Sector 3,2882876.5115810293,5564157.104715916,387.57890664465975,372.07575037887335,1.0,0.9874922550585026
625,25.8973472727302,44.63445976093548,0.0,1868.3982721676853,1.8683982721676853,90.78855944834788,0.0,0.0,3.000000000203954,25.897360746183267,44.63445962896964,Sector 3,2882879.511296898,5564157.063427847,387.5789066448395,372.07575037904587,1.0,0.9874922550588212
626,25.897374219636337,44.6344594970038,0.0,1871.3982721679015,1.8713982721679017,90.78855947335968,0.0,0.0,3.0000000002162324,25.8973876930894,44.63445936503796,Sector 3,2882882.5110127674,5564157.022139777,387.5275233120988,372.02642237961487,1.0,0.9874011106681111
627,25.897401166542465,44.63445923307212,0.0,1874.3982721676523,1.8743982721676524,90.78855946977376,0.0,0.0,2.9999999997507985,25.89741463999553,44.63445910110629,Sector 3,2882885.5107286363,5564156.980851709,387.46391400453916,371.9653574443576,1.0,0.9872882796921545
628,25.8974281134486,44.63445896914045,0.0,1877.398272167869,1.877398272167869,90.78855946618772,0.0,0.0,3.000000000216687,25.897441586901664,44.634458837174606,Sector 3,2882888.5104445056,5564156.939563639,387.39988981098753,371.90389421854803,1.0,0.9871747127862973
629,25.89745506035473,44.63445870520877,0.0,1880.39827216762,1.88039827216762,90.78855945300712,0.0,0.0,2.999999999751026,25.897468533807796,44.63445857324294,Sector 3,2882891.5101603745,5564156.89827557,387.3354525098419,371.8420344094482,1.0,0.987060413105084
630,25.897482007260862,44.6344584412771,0.0,1883.398272167836,1.883398272167836,90.7885594685174,0.0,0.0,3.000000000216005,25.89749548071393,44.634458309311256,Sector 3,2882894.509876244,5564156.856987501,387.2706038912518,371.7797797356017,1.0,0.9869453838239037
631,25.897508954166994,44.634458177345415,0.0,1886.3982721675743,1.8863982721675745,90.78855948374849,0.0,0.0,2.999999999738293,25.89752242762006,44.634458045379574,Sector 3,2882897.5095921126,5564156.815699432,387.2053457555907,371.7171319253671,1.0,0.9868296281362814
632,25.89753590107313,44.63445791341373,0.0,1889.3982721677908,1.8893982721677909,90.78855945202996,0.0,0.0,3.0000000002164597,25.897549374526193,44.63445778144789,Sector 3,2882900.5093079824,5564156.774411362,387.13967991514147,371.6540927185358,1.0,0.9867131492568668
633,25.897562847979252,44.63445764948205,0.0,1892.3982721675416,1.8923982721675416,87.10801028437186,0.0,0.0,2.9999999997507985,25.8975762991441,44.634458133030265,Sector 3,2882903.5090238503,5564156.733123292,387.0736081954227,371.59066386760577,1.0,0.9865959504237871
634,25.897589750308946,44.63445861657848,0.0,1895.3968447048287,1.895396844704829,86.25931410926262,0.0,0.0,2.9985725372871457,25.89760319633101,44.63445924215025,Sector 3,2882906.503777493,5564156.8844107175,387.0071324292384,371.5268471320689,1.0,0.9864780348880928
635,25.89761664235307,44.63445986772202,0.0,1898.396844704852,1.898396844704852,86.2593141430716,0.0,0.0,3.000000000023192,25.897630088375138,44.63446049329377,Sector 3,2882909.4973861515,5564157.080132967,386.94025446351594,371.4626442849753,1.0,0.9863594059258867
636,25.8976435343972,44.63446111886553,0.0,1901.3968447048744,1.901396844704874,86.25931411006371,0.0,0.0,3.00000000002251,25.897656980419264,44.634461744437274,Sector 3,2882912.49099481,5564157.275855216,386.87297615607207,371.39805710982915,1.0,0.9862400668325868
637,25.89767042644133,44.63446237000902,0.0,1904.3968447048967,1.904396844704897,86.25931411410244,0.0,0.0,3.0000000000222826,25.897683872463393,44.63446299558075,Sector 3,2882915.4846034693,5564157.471577466,386.80529937500796,371.3330874000076,1.0,0.9861200209218544
638,25.897697318485456,44.63446362115248,0.0,1907.39684470498,1.90739684470498,86.25931410954126,0.0,0.0,3.0000000000832188,25.897710764507515,44.6344642467242,Sector 3,2882918.478212127,5564157.667299715,386.73722600003447,371.26773696003306,1.0,0.9859992715279435
639,25.897724210529574,44.63446487229592,0.0,1910.396844704538,1.9103968447045376,86.2593140963802,0.0,0.0,2.9999999995579856,25.89773765655164,44.63446549786762,Sector 3,2882921.471820785,5564157.863021966,386.66875792163387,371.2020076047685,1.0,0.9858778220042153
640,25.897751102573707,44.63446612343933,0.0,1913.3968447045604,1.9133968447045604,86.25931415775358,0.0,0.0,3.00000000002251,25.897764548595774,44.634466749011025,Sector 3,2882924.4654294443,5564158.058744217,386.599897042084,371.13590116040064,1.0,0.9857556757249533
641,25.897777994617837,44.63446737458271,0.0,1916.396844704583,1.916396844704583,86.25931412474563,0.0,0.0,3.00000000002251,25.8977914406399,44.634468000154385,Sector 3,2882927.459038103,5564158.254466466,386.586950253712,371.1234722435635,1.0,0.9857327105517175
642,25.89780488666196,44.63446862572606,0.0,1919.396844704666,1.919396844704666,86.2593141111434,0.0,0.0,3.0000000000829914,25.897818332684025,44.63446925129772,Sector 3,2882930.452646761,5564158.450188714,386.5869502538256,371.12347224367255,1.0,0.9857327105519189
643,25.897831778706088,44.63446987686939,0.0,1922.3968447046889,1.9223968447046889,86.25931412554667,0.0,0.0,3.0000000000229647,25.89784522472815,44.63447050244103,Sector 3,2882933.4462554203,5564158.645910963,386.586950253643,371.1234722434973,1.0,0.9857327105515952
644,25.897858670750217,44.63447112801268,0.0,1925.3968447047112,1.9253968447047112,86.25931410202105,0.0,0.0,3.0000000000222826,25.897872116772284,44.634471753584315,Sector 3,2882936.439864079,5564158.841633214,386.5869502537565,371.1234722436063,1.0,0.9857327105517963
645,25.897885562794347,44.63447237915595,0.0,1928.3968447047337,1.9283968447047335,86.259314115542,0.0,0.0,3.00000000002251,25.89789900881641,44.63447300472758,Sector 3,2882939.433472738,5564159.037355463,386.5869502537254,371.1234722435764,1.0,0.9857327105517413
646,25.897912454838472,44.634473630299205,0.0,1931.3968447048169,1.9313968447048169,86.25931412090426,0.0,0.0,3.0000000000832188,25.897925900860535,44.63447425587081,Sector 3,2882942.4270813963,5564159.233077714,386.5869503864426,371.12347237098487,1.0,0.9857327107871565
647,25.8979393468826,44.63447488144242,0.0,1934.3968447048396,1.9343968447048396,86.25931412626647,0.0,0.0,3.0000000000227374,25.89795279290466,44.63447550701401,Sector 3,2882945.4206900545,5564159.428799964,386.5869505193608,371.12347249858635,1.0,0.9857327110229286
648,25.897966238926728,44.6344761325856,0.0,1937.396844704862,1.937396844704862,86.25931412126414,0.0,0.0,3.0000000000222826,25.89797968494879,44.634476758157184,Sector 3,2882948.4142987137,5564159.624522211,386.5869505193608,371.12347249858635,1.0,0.9857327110229286
649,25.897993130970853,44.63447738372877,0.0,1940.396844704945,1.940396844704945,86.25931411670297,0.0,0.0,3.0000000000829914,25.898006576992916,44.63447800930034,Sector 3,2882951.407907372,5564159.820244462,386.5869505193608,371.12347249858635,1.0,0.9857327110229286
650,25.89802002301498,44.634478634871904,0.0,1943.396844704968,1.943396844704968,86.2593141311063,0.0,0.0,3.000000000023192,25.898033469037042,44.634479260443456,Sector 3,2882954.4015160305,5564160.015966711,386.5869505193608,371.12347249858635,1.0,0.9857327110229286
651,25.898046915059105,44.634479886015015,0.0,1946.3968447045256,1.9463968447045257,86.259314117504,0.0,0.0,2.999999999557531,25.89806036108117,44.63448051158656,Sector 3,2882957.395124689,5564160.211688961,386.5869505193608,371.12347249858635,1.0,0.9857327110229286
652,25.898073807103238,44.6344811371581,0.0,1949.396844704548,1.949396844704548,86.25931411206057,0.0,0.0,3.0000000000222826,25.898087253125297,44.63448176272963,Sector 3,2882960.3887333483,5564160.40741121,386.5869505193608,371.12347249858635,1.0,0.9857327110229286
653,25.89810069914736,44.63448238830116,0.0,1952.3968447046316,1.9523968447046316,86.25932280490338,0.0,0.0,3.0000000000836735,25.898101899573682,44.63448244415058,Sector 3,2882963.382342006,5564160.60313346,386.5869505193608,371.12347249858635,1.0,0.9857327110229286
654,25.8981031,44.63448249999999,0.0,1952.6646770004013,1.9526646770004012,86.25932280490338,0.0,0.0,0.2678322957697219,25.8981031,44.63448249999999,Sector 3,2882963.6496037,5564160.620607039,386.5869505193608,371.12347249858635,1.0,0.9857327110229286
