center_index,point_id,distance_m,distance_km,sector,heading_deg,slope_deg,lane_index,lane_alpha,x_m,y_m,lon,lat,candidate_irradiance_wm2,candidate_power_w,candidate_shadow_factor,solar_score
0,0,0.0,0.0,Sector 1,323.09024786763854,0.0,0,0.1,2882872.910860364,5564315.98198059,25.897287979999994,44.635475630001096,0.0,0.0,1.0,0.0
0,0,0.0,0.0,Sector 1,323.09024786763854,0.0,1,0.25,2882875.445605169,5564315.097327164,25.897310749999995,44.63546997500228,0.0,0.0,1.0,0.0
0,0,0.0,0.0,Sector 1,323.09024786763854,0.0,2,0.5,2882879.670179845,5564313.622904789,25.89734869999999,44.635460550003046,0.0,0.0,1.0,0.0
0,0,0.0,0.0,Sector 1,323.09024786763854,0.0,3,0.75,2882883.8947545206,5564312.148482414,25.897386649999994,44.635451125002284,0.0,0.0,1.0,0.0
0,0,0.0,0.0,Sector 1,323.09024786763854,0.0,4,0.9,2882886.429499326,5564311.263828988,25.897409419999995,44.63544547000109,0.0,0.0,1.0,0.0
1,1,3.0000000002000244,0.0030000000002,Sector 1,323.09024786106846,0.0,0,0.1,2882874.7726245103,5564316.042254783,25.89730470451188,44.635476015293754,0.0,0.0,1.0,0.0
1,1,3.0000000002000244,0.0030000000002,Sector 1,323.09024786106846,0.0,1,0.25,2882877.2975295545,5564315.156667434,25.897327386119798,44.63547035432503,0.0,0.0,1.0,0.0
1,1,3.0000000002000244,0.0030000000002,Sector 1,323.09024786106846,0.0,2,0.5,2882881.5057046283,5564313.680688517,25.897365188799668,44.63546091937592,0.0,0.0,1.0,0.0
1,1,3.0000000002000244,0.0030000000002,Sector 1,323.09024786106846,0.0,3,0.75,2882885.7138797017,5564312.204709602,25.897402991479535,44.635451484425296,0.0,0.0,1.0,0.0
1,1,3.0000000002000244,0.0030000000002,Sector 1,323.09024786106846,0.0,4,0.9,2882888.238784746,5564311.319122251,25.897425673087454,44.63544582345417,0.0,0.0,1.0,0.0
2,2,6.000000000120393,0.0060000000001203,Sector 1,323.0902478550985,0.0,0,0.1,2882876.6343886564,5564316.102528974,25.897321429023755,44.635476400586406,0.0,0.0,1.0,0.0
2,2,6.000000000120393,0.0060000000001203,Sector 1,323.0902478550985,0.0,1,0.25,2882879.1494539394,5564315.2160077,25.897344022239597,44.63547073364776,0.0,0.0,1.0,0.0
2,2,6.000000000120393,0.0060000000001203,Sector 1,323.0902478550985,0.0,2,0.5,2882883.341229411,5564313.738472244,25.897381677599334,44.635461288748786,0.0,0.0,1.0,0.0
2,2,6.000000000120393,0.0060000000001203,Sector 1,323.0902478550985,0.0,3,0.75,2882887.5330048827,5564312.260936786,25.89741933295907,44.63545184384829,0.0,0.0,1.0,0.0
2,2,6.000000000120393,0.0060000000001203,Sector 1,323.0902478550985,0.0,4,0.9,2882890.0480701653,5564311.374415512,25.897441926174913,44.63544617690724,0.0,0.0,1.0,0.0
3,3,9.000000000320417,0.0090000000003204,Sector 1,323.0902478710556,0.0,0,0.1,2882878.4961528033,5564316.162803166,25.897338153535642,44.63547678587904,0.0,0.0,1.0,0.0
3,3,9.000000000320417,0.0090000000003204,Sector 1,323.0902478710556,0.0,1,0.25,2882881.001378325,5564315.275347968,25.8973606583594,44.635471112970485,0.0,0.0,1.0,0.0
3,3,9.000000000320417,0.0090000000003204,Sector 1,323.0902478710556,0.0,2,0.5,2882885.1767541943,5564313.79625597,25.897398166399007,44.635461658121656,0.0,0.0,1.0,0.0
3,3,9.000000000320417,0.0090000000003204,Sector 1,323.0902478710556,0.0,3,0.75,2882889.3521300633,5564312.317163972,25.897435674438608,44.63545220327128,0.0,0.0,1.0,0.0
3,3,9.000000000320417,0.0090000000003204,Sector 1,323.0902478710556,0.0,4,0.9,2882891.8573555853,5564311.429708774,25.897458179262372,44.63544653036032,0.0,0.0,1.0,0.0
4,4,12.000000000240783,0.0120000000002407,Sector 1,323.09024784285856,0.0,0,0.1,2882880.3579169493,5564316.223077358,25.89735487804752,44.635477171171694,0.0,0.0,1.0,0.0
4,4,12.000000000240783,0.0120000000002407,Sector 1,323.09024784285856,0.0,1,0.25,2882882.8533027098,5564315.334688235,25.897377294479202,44.63547149229321,0.0,0.0,1.0,0.0
4,4,12.000000000240783,0.0120000000002407,Sector 1,323.09024784285856,0.0,2,0.5,2882887.012278977,5564313.854039697,25.89741465519867,44.63546202749451,0.0,0.0,1.0,0.0
4,4,12.000000000240783,0.0120000000002407,Sector 1,323.09024784285856,0.0,3,0.75,2882891.1712552444,5564312.373391158,25.897452015918148,44.63545256269427,0.0,0.0,1.0,0.0
4,4,12.000000000240783,0.0120000000002407,Sector 1,323.09024784285856,0.0,4,0.9,2882893.666641005,5564311.485002035,25.89747443234983,44.63544688381339,0.0,0.0,1.0,0.0
5,5,14.99999999969614,0.0149999999996961,Sector 1,343.9257308064939,0.0,0,0.1,2882882.219681095,5564316.283351551,25.897371602559392,44.635477556464345,0.0,0.0,1.0,0.0
5,5,14.99999999969614,0.0149999999996961,Sector 1,343.9257308064939,0.0,1,0.25,2882884.7052270942,5564315.3940285025,25.897393930598998,44.63547187161594,0.0,0.0,1.0,0.0
5,5,14.99999999969614,0.0149999999996961,Sector 1,343.9257308064939,0.0,2,0.5,2882888.8478037594,5564313.911823424,25.897431143998336,44.635462396867375,0.0,0.0,1.0,0.0
5,5,14.99999999969614,0.0149999999996961,Sector 1,343.9257308064939,0.0,3,0.75,2882892.990380425,5564312.429618344,25.89746835739768,44.63545292211725,0.0,0.0,1.0,0.0
5,5,14.99999999969614,0.0149999999996961,Sector 1,343.9257308064939,0.0,4,0.9,2882895.4759264244,5564311.540295295,25.897490685437287,44.63544723726644,0.0,0.0,1.0,0.0
6,6,17.920910291974444,0.0179209102919744,Sector 1,352.236619285732,0.0,0,0.1,2882884.032363114,5564316.34203672,25.89738788615902,44.635477931599425,0.0,0.0,1.0,0.0
6,6,17.920910291974444,0.0179209102919744,Sector 1,352.236619285732,0.0,1,0.25,2882886.50832876,5564315.45180437,25.89741012813685,44.6354722409385,0.0,0.0,1.0,0.0
6,6,17.920910291974444,0.0179209102919744,Sector 1,352.236619285732,0.0,2,0.5,2882890.63493817,5564313.968083784,25.8974471980999,44.63546275650236,0.0,0.0,1.0,0.0
6,6,17.920910291974444,0.0179209102919744,Sector 1,352.236619285732,0.0,3,0.75,2882894.76154758,5564312.484363199,25.897484268062943,44.635453272064694,0.0,0.0,1.0,0.0
6,6,17.920910291974444,0.0179209102919744,Sector 1,352.236619285732,0.0,4,0.9,2882897.237513226,5564311.594130849,25.89750651004077,44.635447581401344,0.0,0.0,1.0,0.0
7,7,20.920910292835693,0.0209209102928356,Sector 1,352.2366192885456,0.0,0,0.1,2882885.894127261,5564316.4023109125,25.897404610670907,44.63547831689206,0.0,0.0,1.0,0.0
7,7,20.920910292835693,0.0209209102928356,Sector 1,352.2366192885456,0.0,1,0.25,2882888.360253146,5564315.511144637,25.89742676425666,44.63547262026122,0.0,0.0,1.0,0.0
7,7,20.920910292835693,0.0209209102928356,Sector 1,352.2366192885456,0.0,2,0.5,2882892.4704629537,5564314.025867511,25.89746368689957,44.63546312587522,0.0,0.0,1.0,0.0
7,7,20.920910292835693,0.0209209102928356,Sector 1,352.2366192885456,0.0,3,0.75,2882896.5806727614,5564312.540590385,25.897500609542483,44.63545363148768,0.0,0.0,1.0,0.0
7,7,20.920910292835693,0.0209209102928356,Sector 1,352.2366192885456,0.0,4,0.9,2882899.0467986465,5564311.64942411,25.897522763128237,44.63544793485441,0.0,0.0,1.0,0.0
8,8,23.920910292837057,0.023920910292837,Sector 1,352.2366192944904,0.0,0,0.1,2882887.755891407,5564316.462585103,25.897421335182788,44.63547870218469,0.0,0.0,1.0,0.0
8,8,23.920910292837057,0.023920910292837,Sector 1,352.2366192944904,0.0,1,0.25,2882890.2121775304,5564315.570484903,25.897443400376456,44.635472999583925,0.0,0.0,1.0,0.0
8,8,23.920910292837057,0.023920910292837,Sector 1,352.2366192944904,0.0,2,0.5,2882894.305987736,5564314.083651237,25.897480175699236,44.63546349524807,0.0,0.0,1.0,0.0
8,8,23.920910292837057,0.023920910292837,Sector 1,352.2366192944904,0.0,3,0.75,2882898.3997979425,5564312.596817571,25.897516951022023,44.63545399091066,0.0,0.0,1.0,0.0
8,8,23.920910292837057,0.023920910292837,Sector 1,352.2366192944904,0.0,4,0.9,2882900.856084066,5564311.704717371,25.897539016215692,44.63544828830746,0.0,0.0,1.0,0.0
9,9,26.92091029277552,0.0269209102927755,Sector 1,352.2366192877549,0.0,0,0.1,2882889.617655553,5564316.522859295,25.897438059694665,44.63547908747732,0.0,0.0,1.0,0.0
9,9,26.92091029277552,0.0269209102927755,Sector 1,352.2366192877549,0.0,1,0.25,2882892.0641019153,5564315.62982517,25.897460036496255,44.63547337890664,0.0,0.0,1.0,0.0
9,9,26.92091029277552,0.0269209102927755,Sector 1,352.2366192877549,0.0,2,0.5,2882896.1415125197,5564314.141434964,25.897496664498913,44.635463864620924,0.0,0.0,1.0,0.0
9,9,26.92091029277552,0.0269209102927755,Sector 1,352.2366192877549,0.0,3,0.75,2882900.2189231236,5564312.6530447565,25.89753329250156,44.635454350333646,0.0,0.0,1.0,0.0
9,9,26.92091029277552,0.0269209102927755,Sector 1,352.2366192877549,0.0,4,0.9,2882902.665369486,5564311.760010632,25.897555269303155,44.63544864176052,0.0,0.0,1.0,0.0
10,10,29.92091029277688,0.0299209102927768,Sector 1,352.2366192908505,0.0,0,0.1,2882891.4794196994,5564316.583133487,25.897454784206545,44.63547947276996,0.0,0.0,1.0,0.0
10,10,29.92091029277688,0.0299209102927768,Sector 1,352.2366192908505,0.0,1,0.25,2882893.9160263008,5564315.689165438,25.89747667261606,44.635473758229345,0.0,0.0,1.0,0.0
10,10,29.92091029277688,0.0299209102927768,Sector 1,352.2366192908505,0.0,2,0.5,2882897.9770373027,5564314.19921869,25.89751315329858,44.63546423399377,0.0,0.0,1.0,0.0
10,10,29.92091029277688,0.0299209102927768,Sector 1,352.2366192908505,0.0,3,0.75,2882902.0380483046,5564312.709271943,25.8975496339811,44.63545470975663,0.0,0.0,1.0,0.0
10,10,29.92091029277688,0.0299209102927768,Sector 1,352.2366192908505,0.0,4,0.9,2882904.474654906,5564311.815303894,25.897571522390614,44.63544899521358,0.0,0.0,1.0,0.0
11,11,32.92091029271534,0.0329209102927153,Sector 1,12.28692417529902,0.0,0,0.1,2882893.341183846,5564316.643407678,25.89747150871843,44.63547985806258,0.0,0.0,1.0,0.0
11,11,32.92091029271534,0.0329209102927153,Sector 1,12.28692417529902,0.0,1,0.25,2882895.7679506857,5564315.748505706,25.89749330873586,44.63547413755207,0.0,0.0,1.0,0.0
11,11,32.92091029271534,0.0329209102927153,Sector 1,12.28692417529902,0.0,2,0.5,2882899.8125620857,5564314.257002417,25.89752964209825,44.63546460336661,0.0,0.0,1.0,0.0
11,11,32.92091029271534,0.0329209102927153,Sector 1,12.28692417529902,0.0,3,0.75,2882903.857173485,5564312.765499128,25.897565975460637,44.63545506917959,0.0,0.0,1.0,0.0
11,11,32.92091029271534,0.0329209102927153,Sector 1,12.28692417529902,0.0,4,0.9,2882906.2839403255,5564311.870597156,25.89758777547807,44.63544934866664,0.0,0.0,1.0,0.0
12,12,35.88452219154276,0.0358845221915427,Sector 1,16.240570700248384,0.0,0,0.1,2882895.1803659713,5564316.702950783,25.897488030372564,44.63548023868186,0.0,0.0,1.0,0.0
12,12,35.88452219154276,0.0358845221915427,Sector 1,16.240570700248384,0.0,1,0.25,2882897.5974124,5564315.807126214,25.897509743070056,44.63547451227383,0.0,0.0,1.0,0.0
12,12,35.88452219154276,0.0358845221915427,Sector 1,16.240570700248384,0.0,2,0.5,2882901.625823115,5564314.314085264,25.897545930899216,44.63546496825919,0.0,0.0,1.0,0.0
12,12,35.88452219154276,0.0358845221915427,Sector 1,16.240570700248384,0.0,3,0.75,2882905.6542338296,5564312.821044315,25.897582118728373,44.635455424243005,0.0,0.0,1.0,0.0
12,12,35.88452219154276,0.0358845221915427,Sector 1,16.240570700248384,0.0,4,0.9,2882908.0712802582,5564311.925219745,25.897603831425865,44.63544969783253,0.0,0.0,1.0,0.0
13,13,38.884522191617535,0.0388845221916175,Sector 1,16.240570698687748,0.0,0,0.1,2882897.0421301173,5564316.763224974,25.897504754884444,44.63548062397447,0.0,0.0,1.0,0.0
13,13,38.884522191617535,0.0388845221916175,Sector 1,16.240570698687748,0.0,1,0.25,2882899.449336785,5564315.866466479,25.897526379189856,44.63547489159652,0.0,0.0,1.0,0.0
13,13,38.884522191617535,0.0388845221916175,Sector 1,16.240570698687748,0.0,2,0.5,2882903.4613478975,5564314.371868989,25.897562419698883,44.635465337632034,0.0,0.0,1.0,0.0
13,13,38.884522191617535,0.0388845221916175,Sector 1,16.240570698687748,0.0,3,0.75,2882907.4733590106,5564312.8772714995,25.897598460207913,44.63545578366597,0.0,0.0,1.0,0.0
13,13,38.884522191617535,0.0388845221916175,Sector 1,16.240570698687748,0.0,4,0.9,2882909.8805656782,5564311.980513005,25.897620084513328,44.63545005128557,0.0,0.0,1.0,0.0
14,14,41.88452219156208,0.041884522191562,Sector 1,16.2405707124654,0.0,0,0.1,2882898.903894264,5564316.823499166,25.897521479396325,44.635481009267096,0.0,0.0,1.0,0.0
14,14,41.88452219156208,0.041884522191562,Sector 1,16.2405707124654,0.0,1,0.25,2882901.3012611703,5564315.925806748,25.89754301530966,44.63547527091923,0.0,0.0,1.0,0.0
14,14,41.88452219156208,0.041884522191562,Sector 1,16.2405707124654,0.0,2,0.5,2882905.296872681,5564314.429652717,25.89757890849856,44.635465707004876,0.0,0.0,1.0,0.0
14,14,41.88452219156208,0.041884522191562,Sector 1,16.2405707124654,0.0,3,0.75,2882909.2924841912,5564312.933498686,25.897614801687446,44.635456143088945,0.0,0.0,1.0,0.0
14,14,41.88452219156208,0.041884522191562,Sector 1,16.2405707124654,0.0,4,0.9,2882911.6898510978,5564312.0358062675,25.897636337600783,44.63545040473863,0.0,0.0,1.0,0.0
15,15,44.88452219163685,0.0448845221916368,Sector 1,16.240570710601048,0.0,0,0.1,2882900.76565841,5564316.883773358,25.897538203908205,44.635481394559704,0.0,0.0,1.0,0.0
15,15,44.88452219163685,0.0448845221916368,Sector 1,16.240570710601048,0.0,1,0.25,2882903.1531855552,5564315.985147014,25.89755965142946,44.63547565024193,0.0,0.0,1.0,0.0
15,15,44.88452219163685,0.0448845221916368,Sector 1,16.240570710601048,0.0,2,0.5,2882907.1323974635,5564314.487436443,25.897595397298222,44.6354660763777,0.0,0.0,1.0,0.0
15,15,44.88452219163685,0.0448845221916368,Sector 1,16.240570710601048,0.0,3,0.75,2882911.1116093723,5564312.989725871,25.897631143166986,44.6354565025119,0.0,0.0,1.0,0.0
15,15,44.88452219163685,0.0448845221916368,Sector 1,16.240570710601048,0.0,4,0.9,2882913.4991365178,5564312.091099528,25.897652590688246,44.63545075819166,0.0,0.0,1.0,0.0
16,16,47.88452219171163,0.0478845221917116,Sector 1,16.240570702244554,0.0,0,0.1,2882902.6274225563,5564316.944047551,25.897554928420085,44.63548177985233,0.0,0.0,1.0,0.0
16,16,47.88452219171163,0.0478845221917116,Sector 1,16.240570702244554,0.0,1,0.25,2882905.0051099407,5564316.044487283,25.897576287549267,44.635476029564636,0.0,0.0,1.0,0.0
16,16,47.88452219171163,0.0478845221917116,Sector 1,16.240570702244554,0.0,2,0.5,2882908.967922247,5564314.54522017,25.897611886097895,44.635466445750545,0.0,0.0,1.0,0.0
16,16,47.88452219171163,0.0478845221917116,Sector 1,16.240570702244554,0.0,3,0.75,2882912.9307345534,5564313.045953058,25.897647484646523,44.63545686193487,0.0,0.0,1.0,0.0
16,16,47.88452219171163,0.0478845221917116,Sector 1,16.240570702244554,0.0,4,0.9,2882915.3084219377,5564312.14639279,25.89766884377571,44.6354511116447,0.0,0.0,1.0,0.0
17,17,50.884522191656174,0.0508845221916561,Sector 1,21.02304825124702,0.0,0,0.1,2882904.4891867028,5564317.004321743,25.897571652931966,44.63548216514495,0.0,0.0,1.0,0.0
17,17,50.884522191656174,0.0508845221916561,Sector 1,21.02304825124702,0.0,1,0.25,2882906.8570343256,5564316.103827551,25.897592923669066,44.63547640888733,0.0,0.0,1.0,0.0
17,17,50.884522191656174,0.0508845221916561,Sector 1,21.02304825124702,0.0,2,0.5,2882910.80344703,5564314.603003897,25.897628374897565,44.63546681512337,0.0,0.0,1.0,0.0
17,17,50.884522191656174,0.0508845221916561,Sector 1,21.02304825124702,0.0,3,0.75,2882914.7498597344,5564313.102180243,25.897663826126063,44.63545722135783,0.0,0.0,1.0,0.0
17,17,50.884522191656174,0.0508845221916561,Sector 1,21.02304825124702,0.0,4,0.9,2882917.1177073573,5564312.201686051,25.897685096863164,44.635451465097745,0.0,0.0,1.0,0.0
18,18,53.844951405347615,0.0538449514053476,Sector 1,39.08969827174536,0.0,0,0.1,2882906.326393692,5564317.063800902,25.897588156843153,44.63548254535544,0.0,0.0,1.0,0.0
18,18,53.844951405347615,0.0538449514053476,Sector 1,39.08969827174536,0.0,1,0.25,2882908.6845313422,5564316.162385104,25.897609340354084,44.635476783206656,0.0,0.0,1.0,0.0
18,18,53.844951405347615,0.0538449514053476,Sector 1,39.08969827174536,0.0,2,0.5,2882912.61476076,5564314.66002544,25.897644646205645,44.63546717962407,0.0,0.0,1.0,0.0
18,18,53.844951405347615,0.0538449514053476,Sector 1,39.08969827174536,0.0,3,0.75,2882916.5449901777,5564313.157665776,25.897679952057203,44.6354575760399,0.0,0.0,1.0,0.0
18,18,53.844951405347615,0.0538449514053476,Sector 1,39.08969827174536,0.0,4,0.9,2882918.903127828,5564312.256249978,25.897701135568138,44.635451813888636,0.0,0.0,1.0,0.0
19,19,56.84495140558053,0.0568449514055805,Sector 1,39.08969827033013,0.0,0,0.1,2882908.1881578383,5564317.124075094,25.89760488135503,44.635482930648045,0.0,0.0,1.0,0.0
19,19,56.84495140558053,0.0568449514055805,Sector 1,39.08969827033013,0.0,1,0.25,2882910.5364557276,5564316.221725372,25.89762597647389,44.635477162529355,0.0,0.0,1.0,0.0
19,19,56.84495140558053,0.0568449514055805,Sector 1,39.08969827033013,0.0,2,0.5,2882914.450285543,5564314.717809167,25.897661135005315,44.6354675489969,0.0,0.0,1.0,0.0
19,19,56.84495140558053,0.0568449514055805,Sector 1,39.08969827033013,0.0,3,0.75,2882918.364115359,5564313.213892963,25.897696293536743,44.63545793546287,0.0,0.0,1.0,0.0
19,19,56.84495140558053,0.0568449514055805,Sector 1,39.08969827033013,0.0,4,0.9,2882920.712413248,5564312.31154324,25.8977173886556,44.635452167341676,0.0,0.0,1.0,0.0
20,20,59.84495140479697,0.0598449514047969,Sector 1,39.08969825544489,0.0,0,0.1,2882910.049921984,5564317.184349286,25.897621605866906,44.635483315940654,0.0,0.0,1.0,0.0
20,20,59.84495140479697,0.0598449514047969,Sector 1,39.08969825544489,0.0,1,0.25,2882912.388380112,5564316.281065639,25.897642612593685,44.63547754185204,0.0,0.0,1.0,0.0
20,20,59.84495140479697,0.0598449514047969,Sector 1,39.08969825544489,0.0,2,0.5,2882916.2858103258,5564314.775592894,25.89767762380498,44.63546791836973,0.0,0.0,1.0,0.0
20,20,59.84495140479697,0.0598449514047969,Sector 1,39.08969825544489,0.0,3,0.75,2882920.1832405394,5564313.2701201495,25.89771263501628,44.63545829488583,0.0,0.0,1.0,0.0
20,20,59.84495140479697,0.0598449514047969,Sector 1,39.08969825544489,0.0,4,0.9,2882922.5216986677,5564312.366836502,25.897733641743056,44.635452520794715,0.0,0.0,1.0,0.0
21,21,62.84495140502989,0.0628449514050299,Sector 1,39.089698260021294,0.0,0,0.1,2882911.9116861303,5564317.2446234785,25.89763833037879,44.63548370123326,0.0,0.0,1.0,0.0
21,21,62.84495140502989,0.0628449514050299,Sector 1,39.089698260021294,0.0,1,0.25,2882914.2403044975,5564316.3404059075,25.897659248713488,44.635477921174726,0.0,0.0,1.0,0.0
21,21,62.84495140502989,0.0628449514050299,Sector 1,39.089698260021294,0.0,2,0.5,2882918.1213351088,5564314.833376621,25.89769411260465,44.635468287742555,0.0,0.0,1.0,0.0
21,21,62.84495140502989,0.0628449514050299,Sector 1,39.089698260021294,0.0,3,0.75,2882922.0023657205,5564313.326347334,25.897728976495817,44.63545865430877,0.0,0.0,1.0,0.0
21,21,62.84495140502989,0.0628449514050299,Sector 1,39.089698260021294,0.0,4,0.9,2882924.3309840877,5564312.422129763,25.89774989483052,44.63545287424775,0.0,0.0,1.0,0.0
22,22,65.84495140496918,0.0658449514049691,Sector 1,39.08969826162439,0.0,0,0.1,2882913.773450277,5564317.30489767,25.89765505489067,44.63548408652586,0.0,0.0,1.0,0.0
22,22,65.84495140496918,0.0658449514049691,Sector 1,39.08969826162439,0.0,1,0.25,2882916.0922288825,5564316.399746174,25.89767588483329,44.635478300497404,0.0,0.0,1.0,0.0
22,22,65.84495140496918,0.0658449514049691,Sector 1,39.08969826162439,0.0,2,0.5,2882919.9568598922,5564314.8911603475,25.897710601404324,44.63546865711537,0.0,0.0,1.0,0.0
22,22,65.84495140496918,0.0658449514049691,Sector 1,39.08969826162439,0.0,3,0.75,2882923.8214909015,5564313.382574521,25.897745317975357,44.63545901373173,0.0,0.0,1.0,0.0
22,22,65.84495140496918,0.0658449514049691,Sector 1,39.08969826162439,0.0,4,0.9,2882926.1402695077,5564312.477423025,25.89776614791798,44.63545322770078,0.0,0.0,1.0,0.0
23,23,68.8449514052021,0.0688449514052021,Sector 1,60.89702814513692,0.0,0,0.1,2882915.6352144233,5564317.365171862,25.89767177940255,44.63548447181846,0.0,0.0,1.0,0.0
23,23,68.8449514052021,0.0688449514052021,Sector 1,60.89702814513692,0.0,1,0.25,2882917.944153268,5564316.459086441,25.897692520953093,44.63547867982008,0.0,0.0,1.0,0.0
23,23,68.8449514052021,0.0688449514052021,Sector 1,60.89702814513692,0.0,2,0.5,2882921.7923846752,5564314.948944073,25.897727090203993,44.63546902648818,0.0,0.0,1.0,0.0
23,23,68.8449514052021,0.0688449514052021,Sector 1,60.89702814513692,0.0,3,0.75,2882925.6406160826,5564313.438801706,25.897761659454893,44.635459373154674,0.0,0.0,1.0,0.0
23,23,68.8449514052021,0.0688449514052021,Sector 1,60.89702814513692,0.0,4,0.9,2882927.949554927,5564312.532716285,25.89778240100544,44.635453581153804,0.0,0.0,1.0,0.0
24,24,71.77641733896458,0.0717764173389645,Sector 1,67.76201299374145,0.0,0,0.1,2882917.4544471465,5564317.424069109,25.89768812184816,44.63548484830916,0.0,0.0,1.0,0.0
24,24,71.77641733896458,0.0717764173389645,Sector 1,67.76201299374145,0.0,1,0.25,2882919.7537710164,5564316.517071099,25.897708777025912,44.63547905047726,0.0,0.0,1.0,0.0
24,24,71.77641733896458,0.0717764173389645,Sector 1,67.76201299374145,0.0,2,0.5,2882923.585977466,5564315.005407749,25.897743202322168,44.63546938742279,0.0,0.0,1.0,0.0
24,24,71.77641733896458,0.0717764173389645,Sector 1,67.76201299374145,0.0,3,0.75,2882927.4181839153,5564313.493744399,25.89777762761842,44.63545972436672,0.0,0.0,1.0,0.0
24,24,71.77641733896458,0.0717764173389645,Sector 1,67.76201299374145,0.0,4,0.9,2882929.717507785,5564312.586746389,25.897798282796177,44.63545392653229,0.0,0.0,1.0,0.0
25,25,74.77641733889716,0.0747764173388971,Sector 1,67.76201300791467,0.0,0,0.1,2882919.316211293,5564317.484343301,25.897704846360043,44.635485233601756,0.0,0.0,1.0,0.0
25,25,74.77641733889716,0.0747764173388971,Sector 1,67.76201300791467,0.0,1,0.25,2882921.6056954013,5564316.576411366,25.897725413145714,44.63547942979993,0.0,0.0,1.0,0.0
25,25,74.77641733889716,0.0747764173388971,Sector 1,67.76201300791467,0.0,2,0.5,2882925.421502249,5564315.063191475,25.897759691121838,44.6354697567956,0.0,0.0,1.0,0.0
25,25,74.77641733889716,0.0747764173388971,Sector 1,67.76201300791467,0.0,3,0.75,2882929.2373090964,5564313.549971584,25.89779396909796,44.63546008378965,0.0,0.0,1.0,0.0
25,25,74.77641733889716,0.0747764173388971,Sector 1,67.76201300791467,0.0,4,0.9,2882931.5267932047,5564312.64203965,25.897814535883633,44.63545427998532,0.0,0.0,1.0,0.0
26,26,77.77641733882975,0.0777764173388297,Sector 1,68.76427324282758,0.0,0,0.1,2882921.1779754395,5564317.544617494,25.897721570871923,44.63548561889435,0.0,0.0,1.0,0.0
26,26,77.77641733882975,0.0777764173388297,Sector 1,68.76427324282758,0.0,1,0.25,2882923.4576197863,5564316.635751635,25.897742049265513,44.63547980912261,0.0,0.0,1.0,0.0
26,26,77.77641733882975,0.0777764173388297,Sector 1,68.76427324282758,0.0,2,0.5,2882927.257027032,5564315.120975203,25.897776179921507,44.635470126168414,0.0,0.0,1.0,0.0
26,26,77.77641733882975,0.0777764173388297,Sector 1,68.76427324282758,0.0,3,0.75,2882931.0564342774,5564313.606198771,25.8978103105775,44.63546044321261,0.0,0.0,1.0,0.0
26,26,77.77641733882975,0.0777764173388297,Sector 1,68.76427324282758,0.0,4,0.9,2882933.3360786242,5564312.697332912,25.897830788971092,44.63545463343834,0.0,0.0,1.0,0.0
27,27,80.76355206883318,0.0807635520688331,Sector 1,96.3698300434259,0.0,0,0.1,2882923.0317555526,5564317.604633203,25.897738223662014,44.635486002534634,0.0,0.0,1.0,0.0
27,27,80.76355206883318,0.0807635520688331,Sector 1,96.3698300434259,0.0,1,0.25,2882925.3016023356,5564316.694837425,25.89775861404259,44.63548018681858,0.0,0.0,1.0,0.0
27,27,80.76355206883318,0.0807635520688331,Sector 1,96.3698300434259,0.0,2,0.5,2882929.0846803077,5564315.178511128,25.897792598010223,44.63547049395719,0.0,0.0,1.0,0.0
27,27,80.76355206883318,0.0807635520688331,Sector 1,96.3698300434259,0.0,3,0.75,2882932.8677582797,5564313.662184831,25.897826581977856,44.63546080109418,0.0,0.0,1.0,0.0
27,27,80.76355206883318,0.0807635520688331,Sector 1,96.3698300434259,0.0,4,0.9,2882935.1376050627,5564312.752389053,25.897846972358437,44.63545498537561,0.0,0.0,1.0,0.0
28,28,83.76355206897595,0.0837635520689759,Sector 1,96.36983004070709,0.0,0,0.1,2882924.893519699,5564317.664907394,25.897754948173894,44.635486387827214,0.0,0.0,1.0,0.0
28,28,83.76355206897595,0.0837635520689759,Sector 1,96.36983004070709,0.0,1,0.25,2882927.1535267206,5564316.754177691,25.897775250162393,44.63548056614124,0.0,0.0,1.0,0.0
28,28,83.76355206897595,0.0837635520689759,Sector 1,96.36983004070709,0.0,2,0.5,2882930.9202050907,5564315.236294854,25.897809086809893,44.63547086333,0.0,0.0,1.0,0.0
28,28,83.76355206897595,0.0837635520689759,Sector 1,96.36983004070709,0.0,3,0.75,2882934.6868834607,5564313.7184120165,25.897842923457393,44.635461160517124,0.0,0.0,1.0,0.0
28,28,83.76355206897595,0.0837635520689759,Sector 1,96.36983004070709,0.0,4,0.9,2882936.946890482,5564312.807682314,25.897863225445892,44.63545533882862,0.0,0.0,1.0,0.0
29,29,86.76355206875928,0.0867635520687592,Sector 1,96.36983007126258,0.0,0,0.1,2882926.7552838456,5564317.725181586,25.897771672685778,44.635486773119794,0.0,0.0,1.0,0.0
29,29,86.76355206875928,0.0867635520687592,Sector 1,96.36983007126258,0.0,1,0.25,2882929.005451106,5564316.813517959,25.897791886282196,44.63548094546391,0.0,0.0,1.0,0.0
29,29,86.76355206875928,0.0867635520687592,Sector 1,96.36983007126258,0.0,2,0.5,2882932.7557298737,5564315.294078581,25.897825575609563,44.6354712327028,0.0,0.0,1.0,0.0
29,29,86.76355206875928,0.0867635520687592,Sector 1,96.36983007126258,0.0,3,0.75,2882936.5060086413,5564313.774639202,25.89785926493693,44.63546151994006,0.0,0.0,1.0,0.0
29,29,86.76355206875928,0.0867635520687592,Sector 1,96.36983007126258,0.0,4,0.9,2882938.7561759017,5564312.862975575,25.89787947853335,44.63545569228163,0.0,0.0,1.0,0.0
30,30,89.76355206890206,0.089763552068902,Sector 1,96.3698300402121,0.0,0,0.1,2882928.6170479916,5564317.785455778,25.897788397197655,44.635487158412374,0.0,0.0,1.0,0.0
30,30,89.76355206890206,0.089763552068902,Sector 1,96.3698300402121,0.0,1,0.25,2882930.857375491,5564316.872858226,25.897808522401995,44.63548132478657,0.0,0.0,1.0,0.0
30,30,89.76355206890206,0.089763552068902,Sector 1,96.3698300402121,0.0,2,0.5,2882934.5912546567,5564315.351862308,25.89784206440923,44.6354716020756,0.0,0.0,1.0,0.0
30,30,89.76355206890206,0.089763552068902,Sector 1,96.3698300402121,0.0,3,0.75,2882938.3251338224,5564313.830866388,25.89787560641647,44.635461879363,0.0,0.0,1.0,0.0
30,30,89.76355206890206,0.089763552068902,Sector 1,96.3698300402121,0.0,4,0.9,2882940.5654613217,5564312.918268836,25.89789573162081,44.63545604573465,0.0,0.0,1.0,0.0
31,31,92.76355206858206,0.092763552068582,Sector 1,98.4909120217324,0.0,0,0.1,2882930.4788121376,5564317.845729971,25.897805121709535,44.63548754370496,0.0,0.0,1.0,0.0
31,31,92.76355206858206,0.092763552068582,Sector 1,98.4909120217324,0.0,1,0.25,2882932.709299876,5564316.932198495,25.897825158521794,44.63548170410923,0.0,0.0,1.0,0.0
31,31,92.76355206858206,0.092763552068582,Sector 1,98.4909120217324,0.0,2,0.5,2882936.4267794397,5564315.409646034,25.897858553208902,44.635471971448396,0.0,0.0,1.0,0.0
31,31,92.76355206858206,0.092763552068582,Sector 1,98.4909120217324,0.0,3,0.75,2882940.144259003,5564313.887093574,25.897891947896003,44.63546223878593,0.0,0.0,1.0,0.0
31,31,92.76355206858206,0.092763552068582,Sector 1,98.4909120217324,0.0,4,0.9,2882942.3747467413,5564312.973562097,25.897911984708266,44.63545639918766,0.0,0.0,1.0,0.0
32,32,95.75710978952648,0.0957571097895264,Sector 1,105.13699471166944,0.0,0,0.1,2882932.3365782825,5564317.905874729,25.897821810306755,44.63548792817015,0.0,0.0,1.0,0.0
32,32,95.75710978952648,0.0957571097895264,Sector 1,105.13699471166944,0.0,1,0.25,2882934.5572473896,5564316.991411334,25.89784175891675,44.63548208261733,0.0,0.0,1.0,0.0
32,32,95.75710978952648,0.0957571097895264,Sector 1,105.13699471166944,0.0,2,0.5,2882938.258362568,5564315.467305675,25.897875006600085,44.635472340028,0.0,0.0,1.0,0.0
32,32,95.75710978952648,0.0957571097895264,Sector 1,105.13699471166944,0.0,3,0.75,2882941.959477747,5564313.943200015,25.89790825428342,44.63546259743702,0.0,0.0,1.0,0.0
32,32,95.75710978952648,0.0957571097895264,Sector 1,105.13699471166944,0.0,4,0.9,2882944.180146854,5564313.02873662,25.897928202893418,44.63545675188165,0.0,0.0,1.0,0.0
33,33,98.75710978947328,0.0987571097894732,Sector 1,105.13699471852529,0.0,0,0.1,2882934.1983424285,5564317.966148921,25.897838534818632,44.63548831346272,0.0,0.0,1.0,0.0
33,33,98.75710978947328,0.0987571097894732,Sector 1,105.13699471852529,0.0,1,0.25,2882936.4091717745,5564317.050751601,25.897858395036554,44.63548246193999,0.0,0.0,1.0,0.0
33,33,98.75710978947328,0.0987571097894732,Sector 1,105.13699471852529,0.0,2,0.5,2882940.0938873515,5564315.525089402,25.897891495399758,44.63547270940079,0.0,0.0,1.0,0.0
33,33,98.75710978947328,0.0987571097894732,Sector 1,105.13699471852529,0.0,3,0.75,2882943.778602928,5564313.999427201,25.89792459576296,44.635462956859946,0.0,0.0,1.0,0.0
33,33,98.75710978947328,0.0987571097894732,Sector 1,105.13699471852529,0.0,4,0.9,2882945.989432274,5564313.084029881,25.897944455980877,44.63545710533465,0.0,0.0,1.0,0.0
34,34,101.7571097898696,0.1017571097898696,Sector 1,105.13699472327124,0.0,0,0.1,2882936.060106575,5564318.026423112,25.897855259330516,44.63548869875528,0.0,0.0,1.0,0.0
34,34,101.7571097898696,0.1017571097898696,Sector 1,105.13699472327124,0.0,1,0.25,2882938.26109616,5564317.110091868,25.89787503115636,44.635482841262636,0.0,0.0,1.0,0.0
34,34,101.7571097898696,0.1017571097898696,Sector 1,105.13699472327124,0.0,2,0.5,2882941.9294121345,5564315.5828731265,25.897907984199428,44.635473078773565,0.0,0.0,1.0,0.0
34,34,101.7571097898696,0.1017571097898696,Sector 1,105.13699472327124,0.0,3,0.75,2882945.597728109,5564314.055654386,25.897940937242495,44.635463316282866,0.0,0.0,1.0,0.0
34,34,101.7571097898696,0.1017571097898696,Sector 1,105.13699472327124,0.0,4,0.9,2882947.798717694,5564313.139323141,25.89796070906834,44.63545745878765,0.0,0.0,1.0,0.0
35,35,104.7571097898164,0.1047571097898164,Sector 1,105.13699475023856,0.0,0,0.1,2882937.9218707215,5564318.086697305,25.897871983842396,44.635489084047855,0.0,0.0,1.0,0.0
35,35,104.7571097898164,0.1047571097898164,Sector 1,105.13699475023856,0.0,1,0.25,2882940.113020545,5564317.169432135,25.89789166727616,44.63548322058528,0.0,0.0,1.0,0.0
35,35,104.7571097898164,0.1047571097898164,Sector 1,105.13699475023856,0.0,2,0.5,2882943.7649369175,5564315.640656855,25.897924472999097,44.635473448146364,0.0,0.0,1.0,0.0
35,35,104.7571097898164,0.1047571097898164,Sector 1,105.13699475023856,0.0,3,0.75,2882947.41685329,5564314.111881574,25.897957278722036,44.6354636757058,0.0,0.0,1.0,0.0
35,35,104.7571097898164,0.1047571097898164,Sector 1,105.13699475023856,0.0,4,0.9,2882949.6080031134,5564313.194616405,25.897976962155795,44.635457812240666,0.0,0.0,1.0,0.0
36,36,107.75710978976322,0.1077571097897632,Sector 1,105.13699470735446,0.0,0,0.1,2882939.7836348675,5564318.146971498,25.897888708354273,44.63548946934043,0.0,0.0,1.0,0.0
36,36,107.75710978976322,0.1077571097897632,Sector 1,105.13699470735446,0.0,1,0.25,2882941.96494493,5564317.228772404,25.89790830339596,44.63548359990794,0.0,0.0,1.0,0.0
36,36,107.75710978976322,0.1077571097897632,Sector 1,105.13699470735446,0.0,2,0.5,2882945.6004617005,5564315.698440582,25.897940961798767,44.635473817519156,0.0,0.0,1.0,0.0
36,36,107.75710978976322,0.1077571097897632,Sector 1,105.13699470735446,0.0,3,0.75,2882949.235978471,5564314.168108759,25.897973620201576,44.63546403512872,0.0,0.0,1.0,0.0
36,36,107.75710978976322,0.1077571097897632,Sector 1,105.13699470735446,0.0,4,0.9,2882951.4172885334,5564313.249909665,25.897993215243257,44.635458165693656,0.0,0.0,1.0,0.0
37,37,110.75710978971004,0.11075710978971,Sector 1,105.13699474526038,0.0,0,0.1,2882941.645399014,5564318.207245688,25.897905432866157,44.63548985463298,0.0,0.0,1.0,0.0
37,37,110.75710978971004,0.11075710978971,Sector 1,105.13699474526038,0.0,1,0.25,2882943.8168693148,5564317.28811267,25.89792493951576,44.63548397923058,0.0,0.0,1.0,0.0
37,37,110.75710978971004,0.11075710978971,Sector 1,105.13699474526038,0.0,2,0.5,2882947.4359864835,5564315.756224308,25.897957450598437,44.63547418689194,0.0,0.0,1.0,0.0
37,37,110.75710978971004,0.11075710978971,Sector 1,105.13699474526038,0.0,3,0.75,2882951.055103652,5564314.224335946,25.897989961681112,44.63546439455165,0.0,0.0,1.0,0.0
37,37,110.75710978971004,0.11075710978971,Sector 1,105.13699474526038,0.0,4,0.9,2882953.226573953,5564313.305202928,25.898009468330713,44.63545851914666,0.0,0.0,1.0,0.0
38,38,113.75710978965684,0.1137571097896568,Sector 1,105.13699474294332,0.0,0,0.1,2882943.50716316,5564318.267519881,25.897922157378034,44.635490239925545,0.0,0.0,1.0,0.0
38,38,113.75710978965684,0.1137571097896568,Sector 1,105.13699474294332,0.0,1,0.25,2882945.6687936997,5564317.347452939,25.89794157563556,44.635484358553235,0.0,0.0,1.0,0.0
38,38,113.75710978965684,0.1137571097896568,Sector 1,105.13699474294332,0.0,2,0.5,2882949.2715112665,5564315.814008035,25.897973939398106,44.63547455626472,0.0,0.0,1.0,0.0
38,38,113.75710978965684,0.1137571097896568,Sector 1,105.13699474294332,0.0,3,0.75,2882952.8742288332,5564314.280563132,25.898006303160653,44.63546475397456,0.0,0.0,1.0,0.0
38,38,113.75710978965684,0.1137571097896568,Sector 1,105.13699474294332,0.0,4,0.9,2882955.035859373,5564313.360496189,25.898025721418175,44.63545887259966,0.0,0.0,1.0,0.0
39,39,116.75710978960365,0.1167571097896036,Sector 1,105.13699473110938,0.0,0,0.1,2882945.3689273065,5564318.327794072,25.897938881889917,44.6354906252181,0.0,0.0,1.0,0.0
39,39,116.75710978960365,0.1167571097896036,Sector 1,105.13699473110938,0.0,1,0.25,2882947.520718085,5564317.406793205,25.897958211755363,44.63548473787586,0.0,0.0,1.0,0.0
39,39,116.75710978960365,0.1167571097896036,Sector 1,105.13699473110938,0.0,2,0.5,2882951.1070360495,5564315.87179176,25.897990428197776,44.63547492563749,0.0,0.0,1.0,0.0
39,39,116.75710978960365,0.1167571097896036,Sector 1,105.13699473110938,0.0,3,0.75,2882954.6933540143,5564314.336790316,25.89802264464019,44.63546511339746,0.0,0.0,1.0,0.0
39,39,116.75710978960365,0.1167571097896036,Sector 1,105.13699473110938,0.0,4,0.9,2882956.845144793,5564313.415789449,25.898041974505638,44.63545922605264,0.0,0.0,1.0,0.0
40,40,119.75710978955046,0.1197571097895504,Sector 1,105.1369947287924,0.0,0,0.1,2882947.2306914525,5564318.388068263,25.897955606401794,44.63549101051064,0.0,0.0,1.0,0.0
40,40,119.75710978955046,0.1197571097895504,Sector 1,105.1369947287924,0.0,1,0.25,2882949.37264247,5564317.4661334725,25.897974847875165,44.635485117198506,0.0,0.0,1.0,0.0
40,40,119.75710978955046,0.1197571097895504,Sector 1,105.1369947287924,0.0,2,0.5,2882952.9425608325,5564315.929575487,25.898006916997446,44.63547529501027,0.0,0.0,1.0,0.0
40,40,119.75710978955046,0.1197571097895504,Sector 1,105.1369947287924,0.0,3,0.75,2882956.512479195,5564314.393017502,25.898038986119722,44.63546547282037,0.0,0.0,1.0,0.0
40,40,119.75710978955046,0.1197571097895504,Sector 1,105.1369947287924,0.0,4,0.9,2882958.6544302125,5564313.471082711,25.898058227593097,44.635459579505635,0.0,0.0,1.0,0.0
41,41,122.75710978949726,0.1227571097894972,Sector 1,103.17382464922063,0.0,0,0.1,2882949.0924555985,5564318.448342455,25.89797233091367,44.63549139580319,0.0,0.0,1.0,0.0
41,41,122.75710978949726,0.1227571097894972,Sector 1,103.17382464922063,0.0,1,0.25,2882951.224566855,5564317.525473739,25.897991483994964,44.63548549652113,0.0,0.0,1.0,0.0
41,41,122.75710978949726,0.1227571097894972,Sector 1,103.17382464922063,0.0,2,0.5,2882954.7780856155,5564315.987359213,25.898023405797115,44.63547566438303,0.0,0.0,1.0,0.0
41,41,122.75710978949726,0.1227571097894972,Sector 1,103.17382464922063,0.0,3,0.75,2882958.331604376,5564314.449244687,25.898055327599266,44.63546583224328,0.0,0.0,1.0,0.0
41,41,122.75710978949726,0.1227571097894972,Sector 1,103.17382464922063,0.0,4,0.9,2882960.4637156324,5564313.526375972,25.898074480680556,44.63545993295862,0.0,0.0,1.0,0.0
42,42,125.74051142531074,0.1257405114253107,Sector 1,84.7801077304689,0.0,0,0.1,2882950.943918999,5564318.508283163,25.897988962892377,44.635491778964,0.0,0.0,1.0,0.0
42,42,125.74051142531074,0.1257405114253107,Sector 1,84.7801077304689,0.0,1,0.25,2882953.066244935,5564317.58448569,25.898008028070645,44.63548587374506,0.0,0.0,1.0,0.0
42,42,125.74051142531074,0.1257405114253107,Sector 1,84.7801077304689,0.0,2,0.5,2882956.603454829,5564316.044823235,25.89803980336775,44.63547603171216,0.0,0.0,1.0,0.0
42,42,125.74051142531074,0.1257405114253107,Sector 1,84.7801077304689,0.0,3,0.75,2882960.140664723,5564314.505160781,25.898071578664858,44.63546618967758,0.0,0.0,1.0,0.0
42,42,125.74051142531074,0.1257405114253107,Sector 1,84.7801077304689,0.0,4,0.9,2882962.262990659,5564313.581363307,25.898090643843123,44.63546028445604,0.0,0.0,1.0,0.0
43,43,128.74051142548234,0.1287405114254823,Sector 1,84.78010772519383,0.0,0,0.1,2882952.805683145,5564318.568557356,25.898005687404254,44.63549216425655,0.0,0.0,1.0,0.0
43,43,128.74051142548234,0.1287405114254823,Sector 1,84.78010772519383,0.0,1,0.25,2882954.91816932,5564317.643825958,25.898024664190444,44.63548625306769,0.0,0.0,1.0,0.0
43,43,128.74051142548234,0.1287405114254823,Sector 1,84.78010772519383,0.0,2,0.5,2882958.4389796117,5564316.102606962,25.898056292167418,44.63547640108492,0.0,0.0,1.0,0.0
43,43,128.74051142548234,0.1287405114254823,Sector 1,84.78010772519383,0.0,3,0.75,2882961.959789904,5564314.561387967,25.8980879201444,44.63546654910049,0.0,0.0,1.0,0.0
43,43,128.74051142548234,0.1287405114254823,Sector 1,84.78010772519383,0.0,4,0.9,2882964.072276079,5564313.636656569,25.89810689693058,44.63546063790902,0.0,0.0,1.0,0.0
44,44,131.74051142527492,0.1317405114252749,Sector 1,84.78010772114914,0.0,0,0.1,2882954.6674472913,5564318.628831547,25.898022411916138,44.63549254954909,0.0,0.0,1.0,0.0
44,44,131.74051142527492,0.1317405114252749,Sector 1,84.78010772114914,0.0,1,0.25,2882956.7700937055,5564317.703166225,25.898041300310247,44.63548663239032,0.0,0.0,1.0,0.0
44,44,131.74051142527492,0.1317405114252749,Sector 1,84.78010772114914,0.0,2,0.5,2882960.274504395,5564316.160390688,25.89807278096709,44.63547677045769,0.0,0.0,1.0,0.0
44,44,131.74051142527492,0.1317405114252749,Sector 1,84.78010772114914,0.0,3,0.75,2882963.778915085,5564314.617615152,25.89810426162394,44.635466908523384,0.0,0.0,1.0,0.0
44,44,131.74051142527492,0.1317405114252749,Sector 1,84.78010772114914,0.0,4,0.9,2882965.881561499,5564313.69194983,25.898123150018048,44.635460991362,0.0,0.0,1.0,0.0
45,45,134.7405114254465,0.1347405114254465,Sector 1,84.78010774303311,0.0,0,0.1,2882956.5292114373,5564318.689105739,25.898039136428014,44.63549293484163,0.0,0.0,1.0,0.0
45,45,134.7405114254465,0.1347405114254465,Sector 1,84.78010774303311,0.0,1,0.25,2882958.6220180904,5564317.762506492,25.898057936430046,44.63548701171295,0.0,0.0,1.0,0.0
45,45,134.7405114254465,0.1347405114254465,Sector 1,84.78010774303311,0.0,2,0.5,2882962.110029178,5564316.218174415,25.898089269766764,44.635477139830456,0.0,0.0,1.0,0.0
45,45,134.7405114254465,0.1347405114254465,Sector 1,84.78010774303311,0.0,3,0.75,2882965.598040266,5564314.673842338,25.898120603103475,44.63546726794629,0.0,0.0,1.0,0.0
45,45,134.7405114254465,0.1347405114254465,Sector 1,84.78010774303311,0.0,4,0.9,2882967.690846919,5564313.747243091,25.898139403105507,44.635461344814985,0.0,0.0,1.0,0.0
46,46,137.74051142523908,0.137740511425239,Sector 1,84.78010775914515,0.0,0,0.1,2882958.3909755833,5564318.749379932,25.898055860939895,44.63549332013418,0.0,0.0,1.0,0.0
46,46,137.74051142523908,0.137740511425239,Sector 1,84.78010775914515,0.0,1,0.25,2882960.473942475,5564317.821846761,25.898074572549845,44.635487391035575,0.0,0.0,1.0,0.0
46,46,137.74051142523908,0.137740511425239,Sector 1,84.78010775914515,0.0,2,0.5,2882963.945553961,5564316.275958143,25.89810575856643,44.63547750920323,0.0,0.0,1.0,0.0
46,46,137.74051142523908,0.137740511425239,Sector 1,84.78010775914515,0.0,3,0.75,2882967.417165447,5564314.730069525,25.898136944583012,44.63546762736919,0.0,0.0,1.0,0.0
46,46,137.74051142523908,0.137740511425239,Sector 1,84.78010775914515,0.0,4,0.9,2882969.5001323386,5564313.8025363535,25.898155656192966,44.63546169826796,0.0,0.0,1.0,0.0
47,47,140.74051142541066,0.1407405114254106,Sector 1,76.66323641453221,0.0,0,0.1,2882960.25273973,5564318.809654124,25.898072585451775,44.63549370542672,0.0,0.0,1.0,0.0
47,47,140.74051142541066,0.1407405114254106,Sector 1,76.66323641453221,0.0,1,0.25,2882962.3258668603,5564317.881187028,25.898091208669648,44.635487770358196,0.0,0.0,1.0,0.0
47,47,140.74051142541066,0.1407405114254106,Sector 1,76.66323641453221,0.0,2,0.5,2882965.781078744,5564316.333741869,25.8981222473661,44.63547787857598,0.0,0.0,1.0,0.0
47,47,140.74051142541066,0.1407405114254106,Sector 1,76.66323641453221,0.0,3,0.75,2882969.236290628,5564314.786296709,25.898153286062552,44.63546798679207,0.0,0.0,1.0,0.0
47,47,140.74051142541066,0.1407405114254106,Sector 1,76.66323641453221,0.0,4,0.9,2882971.3094177586,5564313.857829614,25.898171909280425,44.63546205172093,0.0,0.0,1.0,0.0
48,48,143.6482647462946,0.1436482647462946,Sector 1,51.84051161896332,0.0,0,0.1,2882962.0572566898,5564318.86807495,25.89808879570343,44.63549407887193,0.0,0.0,1.0,0.0
48,48,143.6482647462946,0.1436482647462946,Sector 1,51.84051161896332,0.0,1,0.25,2882964.1208466208,5564317.938702648,25.898107333247186,44.63548813801706,0.0,0.0,1.0,0.0
48,48,143.6482647462946,0.1436482647462946,Sector 1,51.84051161896332,0.0,2,0.5,2882967.560163172,5564316.38974881,25.89813822915343,44.635478236590934,0.0,0.0,1.0,0.0
48,48,143.6482647462946,0.1436482647462946,Sector 1,51.84051161896332,0.0,3,0.75,2882970.999479723,5564314.840794972,25.89816912505968,44.63546833516312,0.0,0.0,1.0,0.0
48,48,143.6482647462946,0.1436482647462946,Sector 1,51.84051161896332,0.0,4,0.9,2882973.063069654,5564313.91142267,25.898187662603434,44.63546239430562,0.0,0.0,1.0,0.0
49,49,146.64826474614844,0.1466482647461484,Sector 1,51.84051165571992,0.0,0,0.1,2882963.919020836,5564318.928349143,25.89810552021531,44.63549446416446,0.0,0.0,1.0,0.0
49,49,146.64826474614844,0.1466482647461484,Sector 1,51.84051165571992,0.0,1,0.25,2882965.9727710057,5564317.998042916,25.898123969366985,44.63548851733969,0.0,0.0,1.0,0.0
49,49,146.64826474614844,0.1466482647461484,Sector 1,51.84051165571992,0.0,2,0.5,2882969.395687955,5564316.447532536,25.8981547179531,44.63547860596369,0.0,0.0,1.0,0.0
49,49,146.64826474614844,0.1466482647461484,Sector 1,51.84051165571992,0.0,3,0.75,2882972.818604904,5564314.897022158,25.898185466539218,44.63546869458602,0.0,0.0,1.0,0.0
49,49,146.64826474614844,0.1466482647461484,Sector 1,51.84051165571992,0.0,4,0.9,2882974.872355074,5564313.966715931,25.898203915690893,44.635462747758595,0.0,0.0,1.0,0.0
50,50,149.64826474621154,0.1496482647462115,Sector 1,51.84051159775288,0.0,0,0.1,2882965.7807849823,5564318.988623335,25.89812224472719,44.635494849457,0.0,0.0,1.0,0.0
50,50,149.64826474621154,0.1496482647462115,Sector 1,51.84051159775288,0.0,1,0.25,2882967.8246953906,5564318.057383183,25.898140605486784,44.6354888966623,0.0,0.0,1.0,0.0
50,50,149.64826474621154,0.1496482647462115,Sector 1,51.84051159775288,0.0,2,0.5,2882971.231212738,5564316.505316263,25.89817120675277,44.63547897533644,0.0,0.0,1.0,0.0
50,50,149.64826474621154,0.1496482647462115,Sector 1,51.84051159775288,0.0,3,0.75,2882974.6377300858,5564314.953249343,25.89820180801876,44.6354690540089,0.0,0.0,1.0,0.0
50,50,149.64826474621154,0.1496482647462115,Sector 1,51.84051159775288,0.0,4,0.9,2882976.681640494,5564314.022009191,25.898220168778355,44.635463101211556,0.0,0.0,1.0,0.0
51,51,152.64826474627463,0.1526482647462746,Sector 1,51.84051162285971,0.0,0,0.1,2882967.6425491283,5564319.048897526,25.89813896923907,44.63549523474951,0.0,0.0,1.0,0.0
51,51,152.64826474627463,0.1526482647462746,Sector 1,51.84051162285971,0.0,1,0.25,2882969.6766197756,5564318.11672345,25.898157241606587,44.6354892759849,0.0,0.0,1.0,0.0
51,51,152.64826474627463,0.1526482647462746,Sector 1,51.84051162285971,0.0,2,0.5,2882973.066737521,5564316.56309999,25.89818769555244,44.63547934470919,0.0,0.0,1.0,0.0
51,51,152.64826474627463,0.1526482647462746,Sector 1,51.84051162285971,0.0,3,0.75,2882976.4568552664,5564315.009476529,25.898218149498298,44.63546941343179,0.0,0.0,1.0,0.0
51,51,152.64826474627463,0.1526482647462746,Sector 1,51.84051162285971,0.0,4,0.9,2882978.4909259137,5564314.077302453,25.898236421865814,44.635463454664524,0.0,0.0,1.0,0.0
52,52,155.64826474633773,0.1556482647463377,Sector 1,51.84051164467263,0.0,0,0.1,2882969.5043132743,5564319.109171718,25.898155693750947,44.635495620042036,0.0,0.0,1.0,0.0
52,52,155.64826474633773,0.1556482647463377,Sector 1,51.84051164467263,0.0,1,0.25,2882971.5285441605,5564318.176063718,25.898173877726386,44.63548965530752,0.0,0.0,1.0,0.0
52,52,155.64826474633773,0.1556482647463377,Sector 1,51.84051164467263,0.0,2,0.5,2882974.902262304,5564316.620883716,25.89820418435211,44.635479714081946,0.0,0.0,1.0,0.0
52,52,155.64826474633773,0.1556482647463377,Sector 1,51.84051164467263,0.0,3,0.75,2882978.2759804474,5564315.065703714,25.89823449097784,44.63546977285467,0.0,0.0,1.0,0.0
52,52,155.64826474633773,0.1556482647463377,Sector 1,51.84051164467263,0.0,4,0.9,2882980.3002113337,5564314.132595714,25.898252674953273,44.63546380811749,0.0,0.0,1.0,0.0
53,53,158.6482647458254,0.1586482647458254,Sector 1,51.84051162912647,0.0,0,0.1,2882971.3660774203,5564319.16944591,25.898172418262824,44.63549600533455,0.0,0.0,1.0,0.0
53,53,158.6482647458254,0.1586482647458254,Sector 1,51.84051162912647,0.0,1,0.25,2882973.3804685455,5564318.235403984,25.898190513846185,44.635490034630116,0.0,0.0,1.0,0.0
53,53,158.6482647458254,0.1586482647458254,Sector 1,51.84051162912647,0.0,2,0.5,2882976.7377870865,5564316.678667443,25.898220673151776,44.63548008345469,0.0,0.0,1.0,0.0
53,53,158.6482647458254,0.1586482647458254,Sector 1,51.84051162912647,0.0,3,0.75,2882980.095105628,5564315.121930901,25.89825083245737,44.635470132277554,0.0,0.0,1.0,0.0
53,53,158.6482647458254,0.1586482647458254,Sector 1,51.84051162912647,0.0,4,0.9,2882982.1094967527,5564314.187888976,25.898268928040725,44.635464161570454,0.0,0.0,1.0,0.0
54,54,161.64826474625465,0.1616482647462546,Sector 1,51.84051162016806,0.0,0,0.1,2882973.2278415672,5564319.229720101,25.89818914277471,44.63549639062707,0.0,0.0,1.0,0.0
54,54,161.64826474625465,0.1616482647462546,Sector 1,51.84051162016806,0.0,1,0.25,2882975.232392931,5564318.294744251,25.898207149965987,44.635490413952716,0.0,0.0,1.0,0.0
54,54,161.64826474625465,0.1616482647462546,Sector 1,51.84051162016806,0.0,2,0.5,2882978.57331187,5564316.7364511695,25.89823716195145,44.63548045282743,0.0,0.0,1.0,0.0
54,54,161.64826474625465,0.1616482647462546,Sector 1,51.84051162016806,0.0,3,0.75,2882981.9142308095,5564315.178158087,25.898267173936915,44.63547049170044,0.0,0.0,1.0,0.0
54,54,161.64826474625465,0.1616482647462546,Sector 1,51.84051162016806,0.0,4,0.9,2882983.918782173,5564314.243182237,25.89828518112819,44.635464515023415,0.0,0.0,1.0,0.0
55,55,164.64826474631775,0.1646482647463177,Sector 1,51.84051162285937,0.0,0,0.1,2882975.0896057137,5564319.289994294,25.898205867286595,44.63549677591959,0.0,0.0,1.0,0.0
55,55,164.64826474631775,0.1646482647463177,Sector 1,51.84051162285937,0.0,1,0.25,2882977.084317316,5564318.35408452,25.89822378608579,44.63549079327532,0.0,0.0,1.0,0.0
55,55,164.64826474631775,0.1646482647463177,Sector 1,51.84051162285937,0.0,2,0.5,2882980.4088366535,5564316.794234896,25.898253650751123,44.63548082220017,0.0,0.0,1.0,0.0
55,55,164.64826474631775,0.1646482647463177,Sector 1,51.84051162285937,0.0,3,0.75,2882983.7333559906,5564315.2343852725,25.898283515416452,44.635470851123316,0.0,0.0,1.0,0.0
55,55,164.64826474631775,0.1646482647463177,Sector 1,51.84051162285937,0.0,4,0.9,2882985.7280675927,5564314.298475498,25.89830143421565,44.635464868476376,0.0,0.0,1.0,0.0
56,56,167.64826474638085,0.1676482647463808,Sector 1,16.800868835419692,0.0,0,0.1,2882976.9513698597,5564319.350268486,25.898222591798472,44.6354971612121,0.0,0.0,1.0,0.0
56,56,167.64826474638085,0.1676482647463808,Sector 1,16.800868835419692,0.0,1,0.25,2882978.936241701,5564318.413424787,25.89824042220559,44.63549117259792,0.0,0.0,1.0,0.0
56,56,167.64826474638085,0.1676482647463808,Sector 1,16.800868835419692,0.0,2,0.5,2882982.244361436,5564316.852018623,25.89827013955079,44.635481191572914,0.0,0.0,1.0,0.0
56,56,167.64826474638085,0.1676482647463808,Sector 1,16.800868835419692,0.0,3,0.75,2882985.5524811717,5564315.290612458,25.89829985689599,44.635471210546186,0.0,0.0,1.0,0.0
56,56,167.64826474638085,0.1676482647463808,Sector 1,16.800868835419692,0.0,4,0.9,2882987.5373530127,5564314.353768759,25.89831768730311,44.63546522192933,0.0,0.0,1.0,0.0
57,57,170.62297843807403,0.170622978438074,Sector 1,15.264664874644213,0.0,0,0.1,2882978.797441625,5564319.41003464,25.898239175343296,44.63549754325707,0.0,0.0,1.0,0.0
57,57,170.62297843807403,0.170622978438074,Sector 1,15.264664874644213,0.0,1,0.25,2882980.772556642,5564318.472264889,25.89825691810337,44.635491548723294,0.0,0.0,1.0,0.0
57,57,170.62297843807403,0.170622978438074,Sector 1,15.264664874644213,0.0,2,0.5,2882984.064415004,5564316.909315303,25.89828648937017,44.63548155783229,0.0,0.0,1.0,0.0
57,57,170.62297843807403,0.170622978438074,Sector 1,15.264664874644213,0.0,3,0.75,2882987.356273366,5564315.346365718,25.898316060636965,44.63547156693957,0.0,0.0,1.0,0.0
57,57,170.62297843807403,0.170622978438074,Sector 1,15.264664874644213,0.0,4,0.9,2882989.331388383,5564314.408595966,25.898333803397044,44.635465572403106,0.0,0.0,1.0,0.0
58,58,173.62297843854458,0.1736229784385445,Sector 1,15.264664890083113,0.0,0,0.1,2882980.659205772,5564319.470308832,25.898255899855183,44.635497928549576,0.0,0.0,1.0,0.0
58,58,173.62297843854458,0.1736229784385445,Sector 1,15.264664890083113,0.0,1,0.25,2882982.624481028,5564318.531605156,25.89827355422318,44.63549192804589,0.0,0.0,1.0,0.0
58,58,173.62297843854458,0.1736229784385445,Sector 1,15.264664890083113,0.0,2,0.5,2882985.8999397876,5564316.96709903,25.89830297816984,44.63548192720502,0.0,0.0,1.0,0.0
58,58,173.62297843854458,0.1736229784385445,Sector 1,15.264664890083113,0.0,3,0.75,2882989.175398547,5564315.402592903,25.898332402116505,44.635471926362435,0.0,0.0,1.0,0.0
58,58,173.62297843854458,0.1736229784385445,Sector 1,15.264664890083113,0.0,4,0.9,2882991.140673803,5564314.463889227,25.898350056484507,44.63546592585606,0.0,0.0,1.0,0.0
59,59,176.62297843811666,0.1766229784381166,Sector 1,15.264664877464211,0.0,0,0.1,2882982.520969918,5564319.530583023,25.89827262436706,44.63549831384208,0.0,0.0,1.0,0.0
59,59,176.62297843811666,0.1766229784381166,Sector 1,15.264664877464211,0.0,1,0.25,2882984.4764054124,5564318.590945423,25.89829019034298,44.63549230736847,0.0,0.0,1.0,0.0
59,59,176.62297843811666,0.1766229784381166,Sector 1,15.264664877464211,0.0,2,0.5,2882987.73546457,5564317.024882756,25.898319466969507,44.635482296577756,0.0,0.0,1.0,0.0
59,59,176.62297843811666,0.1766229784381166,Sector 1,15.264664877464211,0.0,3,0.75,2882990.9945237283,5564315.45882009,25.898348743596046,44.63547228578531,0.0,0.0,1.0,0.0
59,59,176.62297843811666,0.1766229784381166,Sector 1,15.264664877464211,0.0,4,0.9,2882992.9499592227,5564314.519182489,25.898366309571962,44.635466279309014,0.0,0.0,1.0,0.0
60,60,179.6229784385872,0.1796229784385872,Sector 1,15.264664873870515,0.0,0,0.1,2882984.3827340645,5564319.590857216,25.89828934887894,44.63549869913459,0.0,0.0,1.0,0.0
60,60,179.6229784385872,0.1796229784385872,Sector 1,15.264664873870515,0.0,1,0.25,2882986.328329798,5564318.650285691,25.898306826462782,44.635492686691066,0.0,0.0,1.0,0.0
60,60,179.6229784385872,0.1796229784385872,Sector 1,15.264664873870515,0.0,2,0.5,2882989.5709893536,5564317.082666484,25.898335955769184,44.63548266595049,0.0,0.0,1.0,0.0
60,60,179.6229784385872,0.1796229784385872,Sector 1,15.264664873870515,0.0,3,0.75,2882992.8136489093,5564315.515047276,25.898365085075586,44.63547264520818,0.0,0.0,1.0,0.0
60,60,179.6229784385872,0.1796229784385872,Sector 1,15.264664873870515,0.0,4,0.9,2882994.7592446427,5564314.574475751,25.89838256265942,44.63546663276197,0.0,0.0,1.0,0.0
61,61,182.6229784381593,0.1826229784381593,Sector 1,15.264664882785894,0.0,0,0.1,2882986.2444982105,5564319.651131408,25.89830607339082,44.63549908442709,0.0,0.0,1.0,0.0
61,61,182.6229784381593,0.1826229784381593,Sector 1,15.264664882785894,0.0,1,0.25,2882988.180254183,5564318.709625958,25.89832346258258,44.63549306601366,0.0,0.0,1.0,0.0
61,61,182.6229784381593,0.1826229784381593,Sector 1,15.264664882785894,0.0,2,0.5,2882991.406514136,5564317.140450209,25.89835244456885,44.63548303532321,0.0,0.0,1.0,0.0
61,61,182.6229784381593,0.1826229784381593,Sector 1,15.264664882785894,0.0,3,0.75,2882994.63277409,5564315.571274461,25.89838142655512,44.63547300463104,0.0,0.0,1.0,0.0
61,61,182.6229784381593,0.1826229784381593,Sector 1,15.264664882785894,0.0,4,0.9,2882996.568530062,5564314.629769011,25.89839881574688,44.6354669862149,0.0,0.0,1.0,0.0
62,62,185.62297843862984,0.1856229784386298,Sector 1,321.16244723573976,0.0,0,0.1,2882988.106262357,5564319.711405601,25.8983227979027,44.63549946971959,0.0,0.0,1.0,0.0
62,62,185.62297843862984,0.1856229784386298,Sector 1,321.16244723573976,0.0,1,0.25,2882990.0321785677,5564318.768966227,25.89834009870238,44.635493445336245,0.0,0.0,1.0,0.0
62,62,185.62297843862984,0.1856229784386298,Sector 1,321.16244723573976,0.0,2,0.5,2882993.2420389196,5564317.198233938,25.89836893336852,44.635483404695954,0.0,0.0,1.0,0.0
62,62,185.62297843862984,0.1856229784386298,Sector 1,321.16244723573976,0.0,3,0.75,2882996.4518992715,5564315.627501648,25.898397768034663,44.635473364053915,0.0,0.0,1.0,0.0
62,62,185.62297843862984,0.1856229784386298,Sector 1,321.16244723573976,0.0,4,0.9,2882998.377815482,5564314.685062274,25.89841506883434,44.635467339667855,0.0,0.0,1.0,0.0
63,63,188.52129997511835,0.1885212999751183,Sector 1,317.2955276080078,0.0,0,0.1,2882989.9049260635,5564319.76963693,25.898338955573685,44.63549984195344,0.0,0.0,1.0,0.0
63,63,188.52129997511835,0.1885212999751183,Sector 1,317.2955276080078,0.0,1,0.25,2882991.821336011,5564318.826295285,25.89835617097715,44.63549381180251,0.0,0.0,1.0,0.0
63,63,188.52129997511835,0.1885212999751183,Sector 1,317.2955276080078,0.0,2,0.5,2882995.015352589,5564317.2540592095,25.89838486331625,44.63548376154958,0.0,0.0,1.0,0.0
63,63,188.52129997511835,0.1885212999751183,Sector 1,317.2955276080078,0.0,3,0.75,2882998.2093691677,5564315.681823134,25.898413555655353,44.63547371129491,0.0,0.0,1.0,0.0
63,63,188.52129997511835,0.1885212999751183,Sector 1,317.2955276080078,0.0,4,0.9,2883000.1257791147,5564314.738481489,25.898430771058813,44.635467681141265,0.0,0.0,1.0,0.0
64,64,191.5212999751048,0.1915212999751048,Sector 1,317.295527569471,0.0,0,0.1,2882991.7666902104,5564319.829911121,25.898355680085572,44.63550022724593,0.0,0.0,1.0,0.0
64,64,191.5212999751048,0.1915212999751048,Sector 1,317.295527569471,0.0,1,0.25,2882993.6732603963,5564318.885635551,25.89837280709696,44.63549419112508,0.0,0.0,1.0,0.0
64,64,191.5212999751048,0.1915212999751048,Sector 1,317.295527569471,0.0,2,0.5,2882996.8508773725,5564317.311842936,25.898401352115926,44.6354841309223,0.0,0.0,1.0,0.0
64,64,191.5212999751048,0.1915212999751048,Sector 1,317.295527569471,0.0,3,0.75,2883000.0284943487,5564315.738050321,25.89842989713489,44.63547407071777,0.0,0.0,1.0,0.0
64,64,191.5212999751048,0.1915212999751048,Sector 1,317.295527569471,0.0,4,0.9,2883001.9350645347,5564314.793774751,25.898447024146275,44.63546803459422,0.0,0.0,1.0,0.0
65,65,194.5212999750913,0.1945212999750913,Sector 1,317.29552760182725,0.0,0,0.1,2882993.6284543565,5564319.890185314,25.89837240459745,44.635500612538415,0.0,0.0,1.0,0.0
65,65,194.5212999750913,0.1945212999750913,Sector 1,317.29552760182725,0.0,1,0.25,2882995.5251847813,5564318.94497582,25.898389443216757,44.63549457044767,0.0,0.0,1.0,0.0
65,65,194.5212999750913,0.1945212999750913,Sector 1,317.29552760182725,0.0,2,0.5,2882998.6864021556,5564317.369626664,25.898417840915595,44.63548450029503,0.0,0.0,1.0,0.0
65,65,194.5212999750913,0.1945212999750913,Sector 1,317.29552760182725,0.0,3,0.75,2883001.84761953,5564315.794277507,25.898446238614433,44.635474430140626,0.0,0.0,1.0,0.0
65,65,194.5212999750913,0.1945212999750913,Sector 1,317.29552760182725,0.0,4,0.9,2883003.7443499546,5564314.849068013,25.898463277233734,44.63546838804716,0.0,0.0,1.0,0.0
66,66,197.52129997507777,0.1975212999750777,Sector 1,306.0831412241138,0.0,0,0.1,2882995.4902185025,5564319.950459506,25.89838912910933,44.63550099783091,0.0,0.0,1.0,0.0
66,66,197.52129997507777,0.1975212999750777,Sector 1,306.0831412241138,0.0,1,0.25,2882997.377109166,5564319.004316088,25.898406079336553,44.63549494977025,0.0,0.0,1.0,0.0
66,66,197.52129997507777,0.1975212999750777,Sector 1,306.0831412241138,0.0,2,0.5,2883000.5219269386,5564317.42741039,25.89843432971526,44.63548486966774,0.0,0.0,1.0,0.0
66,66,197.52129997507777,0.1975212999750777,Sector 1,306.0831412241138,0.0,3,0.75,2883003.666744711,5564315.850504693,25.89846258009397,44.63547478956348,0.0,0.0,1.0,0.0
66,66,197.52129997507777,0.1975212999750777,Sector 1,306.0831412241138,0.0,4,0.9,2883005.553635374,5564314.904361274,25.898479530321193,44.63546874150009,0.0,0.0,1.0,0.0
67,67,200.32485583901075,0.2003248558390107,Sector 1,268.0312510125151,0.0,0,0.1,2882997.230071766,5564320.00678686,25.898404758477113,44.6355013578939,0.0,0.0,1.0,0.0
67,67,200.32485583901075,0.2003248558390107,Sector 1,268.0312510125151,0.0,1,0.25,2882999.107766989,5564319.059770672,25.898421626100294,44.63549530425424,0.0,0.0,1.0,0.0
67,67,200.32485583901075,0.2003248558390107,Sector 1,268.0312510125151,0.0,2,0.5,2883002.2372590285,5564317.481410358,25.8984497388056,44.63548521485342,0.0,0.0,1.0,0.0
67,67,200.32485583901075,0.2003248558390107,Sector 1,268.0312510125151,0.0,3,0.75,2883005.3667510673,5564315.903050044,25.8984778515109,44.63547512545082,0.0,0.0,1.0,0.0
67,67,200.32485583901075,0.2003248558390107,Sector 1,268.0312510125151,0.0,4,0.9,2883007.2444462907,5564314.956033856,25.89849471913408,44.63546907180843,0.0,0.0,1.0,0.0
68,68,203.3248558390765,0.2033248558390765,Sector 1,268.0312509868993,0.0,0,0.1,2882999.091835912,5564320.067061052,25.898421482988994,44.63550174318639,0.0,0.0,1.0,0.0
68,68,203.3248558390765,0.2033248558390765,Sector 1,268.0312509868993,0.0,1,0.25,2883000.959691374,5564319.119110939,25.898438262220093,44.63549568357681,0.0,0.0,1.0,0.0
68,68,203.3248558390765,0.2033248558390765,Sector 1,268.0312509868993,0.0,2,0.5,2883004.072783811,5564317.539194085,25.898466227605265,44.635485584226124,0.0,0.0,1.0,0.0
68,68,203.3248558390765,0.2033248558390765,Sector 1,268.0312509868993,0.0,3,0.75,2883007.1858762484,5564315.95927723,25.898494192990437,44.63547548487368,0.0,0.0,1.0,0.0
68,68,203.3248558390765,0.2033248558390765,Sector 1,268.0312509868993,0.0,4,0.9,2883009.0537317107,5564315.011327118,25.898510972221544,44.63546942526137,0.0,0.0,1.0,0.0
69,69,206.32485583911023,0.2063248558391102,Sector 1,268.0312509812068,0.0,0,0.1,2883000.9536000583,5564320.127335245,25.898438207500874,44.63550212847887,0.0,0.0,1.0,0.0
69,69,206.32485583911023,0.2063248558391102,Sector 1,268.0312509812068,0.0,1,0.25,2883002.8116157595,5564319.1784512075,25.898454898339903,44.63549606289939,0.0,0.0,1.0,0.0
69,69,206.32485583911023,0.2063248558391102,Sector 1,268.0312509812068,0.0,2,0.5,2883005.9083085945,5564317.596977811,25.898482716404942,44.63548595359883,0.0,0.0,1.0,0.0
69,69,206.32485583911023,0.2063248558391102,Sector 1,268.0312509812068,0.0,3,0.75,2883009.005001429,5564316.015504416,25.898510534469974,44.63547584429653,0.0,0.0,1.0,0.0
69,69,206.32485583911023,0.2063248558391102,Sector 1,268.0312509812068,0.0,4,0.9,2883010.86301713,5564315.066620379,25.898527225309,44.63546977871429,0.0,0.0,1.0,0.0
70,70,209.324855839176,0.2093248558391759,Sector 1,268.0312510225345,0.0,0,0.1,2883002.8153642043,5564320.187609436,25.89845493201275,44.63550251377135,0.0,0.0,1.0,0.0
70,70,209.324855839176,0.2093248558391759,Sector 1,268.0312510225345,0.0,1,0.25,2883004.6635401445,5564319.237791474,25.898471534459702,44.63549644222195,0.0,0.0,1.0,0.0
70,70,209.324855839176,0.2093248558391759,Sector 1,268.0312510225345,0.0,2,0.5,2883007.743833377,5564317.654761538,25.898499205204605,44.63548632297154,0.0,0.0,1.0,0.0
70,70,209.324855839176,0.2093248558391759,Sector 1,268.0312510225345,0.0,3,0.75,2883010.82412661,5564316.071731602,25.898526875949514,44.63547620371937,0.0,0.0,1.0,0.0
70,70,209.324855839176,0.2093248558391759,Sector 1,268.0312510225345,0.0,4,0.9,2883012.6723025497,5564315.12191364,25.89854347839646,44.635470132167214,0.0,0.0,1.0,0.0
71,71,212.32485583920976,0.2123248558392097,Sector 1,268.03125101637727,0.0,0,0.1,2883004.6771283513,5564320.247883625,25.898471656524638,44.63550289906381,0.0,0.0,1.0,0.0
71,71,212.32485583920976,0.2123248558392097,Sector 1,268.03125101637727,0.0,1,0.25,2883006.5154645294,5564319.29713174,25.8984881705795,44.6354968215445,0.0,0.0,1.0,0.0
71,71,212.32485583920976,0.2123248558392097,Sector 1,268.03125101637727,0.0,2,0.5,2883009.5793581605,5564317.712545263,25.898515694004278,44.63548669234424,0.0,0.0,1.0,0.0
71,71,212.32485583920976,0.2123248558392097,Sector 1,268.03125101637727,0.0,3,0.75,2883012.6432517916,5564316.127958787,25.898543217429054,44.6354765631422,0.0,0.0,1.0,0.0
71,71,212.32485583920976,0.2123248558392097,Sector 1,268.03125101637727,0.0,4,0.9,2883014.4815879697,5564315.1772069,25.898559731483918,44.63547048562013,0.0,0.0,1.0,0.0
72,72,215.3248558392755,0.2153248558392755,Sector 1,268.0312510099878,0.0,0,0.1,2883006.5388924973,5564320.308157818,25.89848838103652,44.63550328435629,0.0,0.0,1.0,0.0
72,72,215.3248558392755,0.2153248558392755,Sector 1,268.0312510099878,0.0,1,0.25,2883008.3673889143,5564319.356472008,25.8985048066993,44.635497200867064,0.0,0.0,1.0,0.0
72,72,215.3248558392755,0.2153248558392755,Sector 1,268.0312510099878,0.0,2,0.5,2883011.4148829435,5564317.77032899,25.898532182803947,44.635487061716944,0.0,0.0,1.0,0.0
72,72,215.3248558392755,0.2153248558392755,Sector 1,268.0312510099878,0.0,3,0.75,2883014.4623769727,5564316.184185972,25.898559558908595,44.63547692256505,0.0,0.0,1.0,0.0
72,72,215.3248558392755,0.2153248558392755,Sector 1,268.0312510099878,0.0,4,0.9,2883016.2908733897,5564315.232500162,25.898575984571377,44.63547083907306,0.0,0.0,1.0,0.0
73,73,218.3248558393093,0.2183248558393092,Sector 1,268.0312509945659,0.0,0,0.1,2883008.400656644,5564320.368432012,25.8985051055484,44.63550366964877,0.0,0.0,1.0,0.0
73,73,218.3248558393093,0.2183248558393092,Sector 1,268.0312509945659,0.0,1,0.25,2883010.2193132997,5564319.415812277,25.898521442819106,44.63549758018963,0.0,0.0,1.0,0.0
73,73,218.3248558393093,0.2183248558393092,Sector 1,268.0312509945659,0.0,2,0.5,2883013.2504077265,5564317.828112718,25.898548671603617,44.63548743108964,0.0,0.0,1.0,0.0
73,73,218.3248558393093,0.2183248558393092,Sector 1,268.0312509945659,0.0,3,0.75,2883016.2815021537,5564316.240413159,25.89857590038813,44.63547728198789,0.0,0.0,1.0,0.0
73,73,218.3248558393093,0.2183248558393092,Sector 1,268.0312509945659,0.0,4,0.9,2883018.1001588097,5564315.287793424,25.89859223765884,44.63547119252598,0.0,0.0,1.0,0.0
74,74,221.324855839375,0.221324855839375,Sector 1,268.0312510263966,0.0,0,0.1,2883010.26242079,5564320.428706203,25.898521830060275,44.63550405494122,0.0,0.0,1.0,0.0
74,74,221.324855839375,0.221324855839375,Sector 1,268.0312510263966,0.0,1,0.25,2883012.0712376847,5564319.475152543,25.898538078938905,44.63549795951218,0.0,0.0,1.0,0.0
74,74,221.324855839375,0.221324855839375,Sector 1,268.0312510263966,0.0,2,0.5,2883015.0859325095,5564317.885896444,25.898565160403287,44.63548780046234,0.0,0.0,1.0,0.0
74,74,221.324855839375,0.221324855839375,Sector 1,268.0312510263966,0.0,3,0.75,2883018.1006273343,5564316.296640345,25.898592241867668,44.63547764141072,0.0,0.0,1.0,0.0
74,74,221.324855839375,0.221324855839375,Sector 1,268.0312510263966,0.0,4,0.9,2883019.909444229,5564315.343086685,25.898608490746295,44.635471545978895,0.0,0.0,1.0,0.0
75,75,224.3248558394088,0.2243248558394087,Sector 1,268.03125097228985,0.0,0,0.1,2883012.1241849363,5564320.488980396,25.89853855457216,44.635504440233696,0.0,0.0,1.0,0.0
75,75,224.3248558394088,0.2243248558394087,Sector 1,268.03125097228985,0.0,1,0.25,2883013.92316207,5564319.534492811,25.89855471505871,44.63549833883473,0.0,0.0,1.0,0.0
75,75,224.3248558394088,0.2243248558394087,Sector 1,268.03125097228985,0.0,2,0.5,2883016.9214572925,5564317.943680171,25.898581649202956,44.635488169835035,0.0,0.0,1.0,0.0
75,75,224.3248558394088,0.2243248558394087,Sector 1,268.03125097228985,0.0,3,0.75,2883019.9197525154,5564316.352867532,25.898608583347208,44.635478000833565,0.0,0.0,1.0,0.0
75,75,224.3248558394088,0.2243248558394087,Sector 1,268.03125097228985,0.0,4,0.9,2883021.718729649,5564315.398379947,25.898624743833757,44.63547189943182,0.0,0.0,1.0,0.0
76,76,227.32485583900916,0.2273248558390091,Sector 1,268.0312510328439,0.0,0,0.1,2883013.985949082,5564320.549254587,25.898555279084032,44.635504825526155,0.0,0.0,1.0,0.0
76,76,227.32485583900916,0.2273248558390091,Sector 1,268.0312510328439,0.0,1,0.25,2883015.7750864546,5564319.593833079,25.898571351178507,44.63549871815728,0.0,0.0,1.0,0.0
76,76,227.32485583900916,0.2273248558390091,Sector 1,268.0312510328439,0.0,2,0.5,2883018.7569820755,5564318.0014638975,25.898598138002626,44.63548853920773,0.0,0.0,1.0,0.0
76,76,227.32485583900916,0.2273248558390091,Sector 1,268.0312510328439,0.0,3,0.75,2883021.7388776965,5564316.4090947155,25.898624924826745,44.635478360256386,0.0,0.0,1.0,0.0
76,76,227.32485583900916,0.2273248558390091,Sector 1,268.0312510328439,0.0,4,0.9,2883023.528015069,5564315.453673207,25.89864099692122,44.635472252884725,0.0,0.0,1.0,0.0
77,77,230.3248558390429,0.2303248558390428,Sector 1,268.03125101742205,0.0,0,0.1,2883015.8477132283,5564320.609528779,25.898572003595916,44.63550521081861,0.0,0.0,1.0,0.0
77,77,230.3248558390429,0.2303248558390428,Sector 1,268.03125101742205,0.0,1,0.25,2883017.62701084,5564319.653173346,25.898587987298313,44.63549909747983,0.0,0.0,1.0,0.0
77,77,230.3248558390429,0.2303248558390428,Sector 1,268.03125101742205,0.0,2,0.5,2883020.5925068585,5564318.059247624,25.898614626802296,44.63548890858041,0.0,0.0,1.0,0.0
77,77,230.3248558390429,0.2303248558390428,Sector 1,268.03125101742205,0.0,3,0.75,2883023.558002877,5564316.465321901,25.898641266306278,44.63547871967921,0.0,0.0,1.0,0.0
77,77,230.3248558390429,0.2303248558390428,Sector 1,268.03125101742205,0.0,4,0.9,2883025.3373004887,5564315.508966468,25.898657250008675,44.635472606337636,0.0,0.0,1.0,0.0
78,78,233.32485583907663,0.2333248558390766,Sector 1,268.0312509827738,0.0,0,0.1,2883017.709477375,5564320.669802971,25.898588728107796,44.635505596111074,0.0,0.0,1.0,0.0
78,78,233.32485583907663,0.2333248558390766,Sector 1,268.0312509827738,0.0,1,0.25,2883019.478935225,5564319.7125136135,25.898604623418112,44.63549947680237,0.0,0.0,1.0,0.0
78,78,233.32485583907663,0.2333248558390766,Sector 1,268.0312509827738,0.0,2,0.5,2883022.4280316415,5564318.117031351,25.898631115601965,44.635489277953106,0.0,0.0,1.0,0.0
78,78,233.32485583907663,0.2333248558390766,Sector 1,268.0312509827738,0.0,3,0.75,2883025.377128058,5564316.521549087,25.898657607785818,44.63547907910204,0.0,0.0,1.0,0.0
78,78,233.32485583907663,0.2333248558390766,Sector 1,268.0312509827738,0.0,4,0.9,2883027.1465859083,5564315.564259729,25.89867350309613,44.63547295979055,0.0,0.0,1.0,0.0
79,79,236.3248558391424,0.2363248558391424,Sector 1,268.0312510238693,0.0,0,0.1,2883019.5712415213,5564320.730077164,25.89860545261968,44.63550598140354,0.0,0.0,1.0,0.0
79,79,236.3248558391424,0.2363248558391424,Sector 1,268.0312510238693,0.0,1,0.25,2883021.33085961,5564319.771853882,25.89862125953791,44.63549985612492,0.0,0.0,1.0,0.0
79,79,236.3248558391424,0.2363248558391424,Sector 1,268.0312510238693,0.0,2,0.5,2883024.2635564245,5564318.174815078,25.898647604401635,44.6354896473258,0.0,0.0,1.0,0.0
79,79,236.3248558391424,0.2363248558391424,Sector 1,268.0312510238693,0.0,3,0.75,2883027.1962532396,5564316.577776275,25.898673949265362,44.635479438524875,0.0,0.0,1.0,0.0
79,79,236.3248558391424,0.2363248558391424,Sector 1,268.0312510238693,0.0,4,0.9,2883028.9558713282,5564315.619552992,25.898689756183597,44.635473313243466,0.0,0.0,1.0,0.0
80,80,239.32485583917617,0.2393248558391761,Sector 1,268.0312509989504,0.0,0,0.1,2883021.4330056673,5564320.790351356,25.898622177131557,44.63550636669599,0.0,0.0,1.0,0.0
80,80,239.32485583917617,0.2393248558391761,Sector 1,268.0312509989504,0.0,1,0.25,2883023.182783995,5564319.831194149,25.898637895657714,44.635500235447466,0.0,0.0,1.0,0.0
80,80,239.32485583917617,0.2393248558391761,Sector 1,268.0312509989504,0.0,2,0.5,2883026.099081208,5564318.232598805,25.898664093201308,44.63549001669848,0.0,0.0,1.0,0.0
80,80,239.32485583917617,0.2393248558391761,Sector 1,268.0312509989504,0.0,3,0.75,2883029.0153784207,5564316.63400346,25.898690290744902,44.6354797979477,0.0,0.0,1.0,0.0
80,80,239.32485583917617,0.2393248558391761,Sector 1,268.0312509989504,0.0,4,0.9,2883030.7651567482,5564315.674846253,25.898706009271056,44.63547366669637,0.0,0.0,1.0,0.0
81,81,242.3248558392419,0.2423248558392419,Sector 1,268.0312510208196,0.0,0,0.1,2883023.294769814,5564320.850625548,25.89863890164344,44.63550675198844,0.0,0.0,1.0,0.0
81,81,242.3248558392419,0.2423248558392419,Sector 1,268.0312510208196,0.0,1,0.25,2883025.0347083802,5564319.890534417,25.898654531777517,44.63550061477,0.0,0.0,1.0,0.0
81,81,242.3248558392419,0.2423248558392419,Sector 1,268.0312510208196,0.0,2,0.5,2883027.9346059905,5564318.2903825315,25.89868058200097,44.63549038607117,0.0,0.0,1.0,0.0
81,81,242.3248558392419,0.2423248558392419,Sector 1,268.0312510208196,0.0,3,0.75,2883030.8345036013,5564316.690230646,25.898706632224435,44.635480157370516,0.0,0.0,1.0,0.0
81,81,242.3248558392419,0.2423248558392419,Sector 1,268.0312510208196,0.0,4,0.9,2883032.5744421678,5564315.730139515,25.89872226235851,44.635474020149275,0.0,0.0,1.0,0.0
82,82,245.32485583927567,0.2453248558392756,Sector 1,268.031250996133,0.0,0,0.1,2883025.15653396,5564320.910899739,25.898655626155318,44.635507137280875,0.0,0.0,1.0,0.0
82,82,245.32485583927567,0.2453248558392756,Sector 1,268.031250996133,0.0,1,0.25,2883026.886632765,5564319.949874683,25.898671167897316,44.635500994092524,0.0,0.0,1.0,0.0
82,82,245.32485583927567,0.2453248558392756,Sector 1,268.031250996133,0.0,2,0.5,2883029.770130774,5564318.348166257,25.898697070800647,44.635490755443826,0.0,0.0,1.0,0.0
82,82,245.32485583927567,0.2453248558392756,Sector 1,268.031250996133,0.0,3,0.75,2883032.6536287824,5564316.746457832,25.898722973703975,44.63548051679334,0.0,0.0,1.0,0.0
82,82,245.32485583927567,0.2453248558392756,Sector 1,268.031250996133,0.0,4,0.9,2883034.3837275878,5564315.785432776,25.898738515445974,44.63547437360217,0.0,0.0,1.0,0.0
83,83,248.3248558393414,0.2483248558393414,Sector 1,268.0312509994728,0.0,0,0.1,2883027.0182981063,5564320.97117393,25.898672350667198,44.63550752257332,0.0,0.0,1.0,0.0
83,83,248.3248558393414,0.2483248558393414,Sector 1,268.0312509994728,0.0,1,0.25,2883028.7385571506,5564320.00921495,25.898687804017122,44.63550137341505,0.0,0.0,1.0,0.0
83,83,248.3248558393414,0.2483248558393414,Sector 1,268.0312509994728,0.0,2,0.5,2883031.605655557,5564318.405949984,25.898713559600317,44.63549112481651,0.0,0.0,1.0,0.0
83,83,248.3248558393414,0.2483248558393414,Sector 1,268.0312509994728,0.0,3,0.75,2883034.4727539634,5564316.802685017,25.898739315183512,44.63548087621615,0.0,0.0,1.0,0.0
83,83,248.3248558393414,0.2483248558393414,Sector 1,268.0312509994728,0.0,4,0.9,2883036.1930130078,5564315.840726037,25.898754768533433,44.63547472705506,0.0,0.0,1.0,0.0
84,84,251.3248558393752,0.2513248558393752,Sector 1,268.03125101230955,0.0,0,0.1,2883028.8800622523,5564321.031448123,25.898689075179078,44.635507907865765,0.0,0.0,1.0,0.0
84,84,251.3248558393752,0.2513248558393752,Sector 1,268.03125101230955,0.0,1,0.25,2883030.5904815355,5564320.068555218,25.89870444013692,44.63550175273759,0.0,0.0,1.0,0.0
84,84,251.3248558393752,0.2513248558393752,Sector 1,268.03125101230955,0.0,2,0.5,2883033.44118034,5564318.46373371,25.898730048399987,44.63549149418918,0.0,0.0,1.0,0.0
84,84,251.3248558393752,0.2513248558393752,Sector 1,268.03125101230955,0.0,3,0.75,2883036.2918791445,5564316.8589122025,25.89875565666305,44.63548123563896,0.0,0.0,1.0,0.0
84,84,251.3248558393752,0.2513248558393752,Sector 1,268.03125101230955,0.0,4,0.9,2883038.0022984277,5564315.896019298,25.898771021620895,44.63547508050795,0.0,0.0,1.0,0.0
85,85,254.3248558394409,0.2543248558394409,Sector 1,268.0312510056877,0.0,0,0.1,2883030.741826399,5564321.091722315,25.898705799690966,44.6355082931582,0.0,0.0,1.0,0.0
85,85,254.3248558394409,0.2543248558394409,Sector 1,268.0312510056877,0.0,1,0.25,2883032.4424059205,5564320.127895486,25.898721076256724,44.63550213206012,0.0,0.0,1.0,0.0
85,85,254.3248558394409,0.2543248558394409,Sector 1,268.0312510056877,0.0,2,0.5,2883035.2767051235,5564318.521517437,25.89874653719966,44.63549186356185,0.0,0.0,1.0,0.0
85,85,254.3248558394409,0.2543248558394409,Sector 1,268.0312510056877,0.0,3,0.75,2883038.111004326,5564316.915139388,25.898771998142593,44.63548159506177,0.0,0.0,1.0,0.0
85,85,254.3248558394409,0.2543248558394409,Sector 1,268.0312510056877,0.0,4,0.9,2883039.8115838477,5564315.951312559,25.898787274708358,44.63547543396085,0.0,0.0,1.0,0.0
86,86,257.3248558390093,0.2573248558390092,Sector 1,268.0312509999951,0.0,0,0.1,2883032.603590545,5564321.151996506,25.89872252420284,44.63550867845064,0.0,0.0,1.0,0.0
86,86,257.3248558390093,0.2573248558390092,Sector 1,268.0312509999951,0.0,1,0.25,2883034.294330305,5564320.187235753,25.898737712376516,44.63550251138264,0.0,0.0,1.0,0.0
86,86,257.3248558390093,0.2573248558390092,Sector 1,268.0312509999951,0.0,2,0.5,2883037.112229906,5564318.579301164,25.898763025999326,44.635492232934524,0.0,0.0,1.0,0.0
86,86,257.3248558390093,0.2573248558390092,Sector 1,268.0312509999951,0.0,3,0.75,2883039.9301295066,5564316.971366575,25.89878833962213,44.63548195448459,0.0,0.0,1.0,0.0
86,86,257.3248558390093,0.2573248558390092,Sector 1,268.0312509999951,0.0,4,0.9,2883041.620869267,5564316.006605822,25.89880352779581,44.63547578741376,0.0,0.0,1.0,0.0
87,87,260.32485583907504,0.260324855839075,Sector 1,268.0312510031026,0.0,0,0.1,2883034.4653546913,5564321.2122706985,25.89873924871472,44.63550906374307,0.0,0.0,1.0,0.0
87,87,260.32485583907504,0.260324855839075,Sector 1,268.0312510031026,0.0,1,0.25,2883036.1462546904,5564320.2465760205,25.898754348496322,44.63550289070517,0.0,0.0,1.0,0.0
87,87,260.32485583907504,0.260324855839075,Sector 1,268.0312510031026,0.0,2,0.5,2883038.947754689,5564318.63708489,25.898779514798996,44.63549260230719,0.0,0.0,1.0,0.0
87,87,260.32485583907504,0.260324855839075,Sector 1,268.0312510031026,0.0,3,0.75,2883041.7492546877,5564317.027593759,25.89880468110167,44.63548231390739,0.0,0.0,1.0,0.0
87,87,260.32485583907504,0.260324855839075,Sector 1,268.0312510031026,0.0,4,0.9,2883043.430154687,5564316.061899081,25.89881978088327,44.63547614086663,0.0,0.0,1.0,0.0
88,88,263.3248558391088,0.2633248558391088,Sector 1,268.0312509876807,0.0,0,0.1,2883036.3271188373,5564321.272544891,25.898755973226596,44.63550944903551,0.0,0.0,1.0,0.0
88,88,263.3248558391088,0.2633248558391088,Sector 1,268.0312509876807,0.0,1,0.25,2883037.9981790753,5564320.305916289,25.898770984616124,44.63550327002769,0.0,0.0,1.0,0.0
88,88,263.3248558391088,0.2633248558391088,Sector 1,268.0312509876807,0.0,2,0.5,2883040.783279472,5564318.694868618,25.89879600359866,44.63549297167987,0.0,0.0,1.0,0.0
88,88,263.3248558391088,0.2633248558391088,Sector 1,268.0312509876807,0.0,3,0.75,2883043.5683798683,5564317.0838209465,25.898821022581203,44.6354826733302,0.0,0.0,1.0,0.0
88,88,263.3248558391088,0.2633248558391088,Sector 1,268.0312509876807,0.0,4,0.9,2883045.2394401063,5564316.117192345,25.898836033970728,44.63547649431953,0.0,0.0,1.0,0.0
89,89,266.3248558391746,0.2663248558391746,Sector 1,268.03125101001444,0.0,0,0.1,2883038.1888829838,5564321.332819083,25.89877269773848,44.63550983432794,0.0,0.0,1.0,0.0
89,89,266.3248558391746,0.2663248558391746,Sector 1,268.03125101001444,0.0,1,0.25,2883039.8501034603,5564320.365256555,25.898787620735924,44.6355036493502,0.0,0.0,1.0,0.0
89,89,266.3248558391746,0.2663248558391746,Sector 1,268.03125101001444,0.0,2,0.5,2883042.618804255,5564318.752652343,25.898812492398335,44.635493341052516,0.0,0.0,1.0,0.0
89,89,266.3248558391746,0.2663248558391746,Sector 1,268.03125101001444,0.0,3,0.75,2883045.38750505,5564317.140048131,25.898837364060746,44.635483032752994,0.0,0.0,1.0,0.0
89,89,266.3248558391746,0.2663248558391746,Sector 1,268.03125101001444,0.0,4,0.9,2883047.0487255263,5564316.172485604,25.898852287058187,44.63547684777241,0.0,0.0,1.0,0.0
90,90,269.32485583920834,0.2693248558392083,Sector 1,268.03125100362496,0.0,0,0.1,2883040.05064713,5564321.393093275,25.898789422250356,44.635510219620365,0.0,0.0,1.0,0.0
90,90,269.32485583920834,0.2693248558392083,Sector 1,268.03125100362496,0.0,1,0.25,2883041.702027845,5564320.424596823,25.898804256855723,44.63550402867271,0.0,0.0,1.0,0.0
90,90,269.32485583920834,0.2693248558392083,Sector 1,268.03125100362496,0.0,2,0.5,2883044.454329038,5564318.81043607,25.898828981198005,44.635493710425166,0.0,0.0,1.0,0.0
90,90,269.32485583920834,0.2693248558392083,Sector 1,268.03125100362496,0.0,3,0.75,2883047.206630231,5564317.196275317,25.898853705540283,44.63548339217579,0.0,0.0,1.0,0.0
90,90,269.32485583920834,0.2693248558392083,Sector 1,268.03125100362496,0.0,4,0.9,2883048.8580109463,5564316.227778865,25.89886854014565,44.63547720122529,0.0,0.0,1.0,0.0
91,91,272.3248558392741,0.2723248558392741,Sector 1,268.03125099770006,0.0,0,0.1,2883041.9124112763,5564321.453367467,25.89880614676224,44.63551060491279,0.0,0.0,1.0,0.0
91,91,272.3248558392741,0.2723248558392741,Sector 1,268.03125099770006,0.0,1,0.25,2883043.5539522306,5564320.483937091,25.898820892975525,44.635504407995235,0.0,0.0,1.0,0.0
91,91,272.3248558392741,0.2723248558392741,Sector 1,268.03125099770006,0.0,2,0.5,2883046.2898538215,5564318.868219797,25.898845469997674,44.63549407979783,0.0,0.0,1.0,0.0
91,91,272.3248558392741,0.2723248558392741,Sector 1,268.03125099770006,0.0,3,0.75,2883049.025755412,5564317.252502503,25.89887004701982,44.63548375159859,0.0,0.0,1.0,0.0
91,91,272.3248558392741,0.2723248558392741,Sector 1,268.03125099770006,0.0,4,0.9,2883050.6672963663,5564316.283072127,25.898884793233112,44.63547755467817,0.0,0.0,1.0,0.0
92,92,275.3248558393079,0.2753248558393079,Sector 1,268.03125101007225,0.0,0,0.1,2883043.7741754223,5564321.513641659,25.898822871274117,44.63551099020521,0.0,0.0,1.0,0.0
92,92,275.3248558393079,0.2753248558393079,Sector 1,268.03125101007225,0.0,1,0.25,2883045.4058766156,5564320.543277359,25.898837529095328,44.63550478731775,0.0,0.0,1.0,0.0
92,92,275.3248558393079,0.2753248558393079,Sector 1,268.03125101007225,0.0,2,0.5,2883048.125378604,5564318.926003523,25.89886195879734,44.63549444917049,0.0,0.0,1.0,0.0
92,92,275.3248558393079,0.2753248558393079,Sector 1,268.03125101007225,0.0,3,0.75,2883050.844880593,5564317.308729689,25.898886388499363,44.63548411102139,0.0,0.0,1.0,0.0
92,92,275.3248558393079,0.2753248558393079,Sector 1,268.03125101007225,0.0,4,0.9,2883052.476581786,5564316.338365388,25.898901046320567,44.63547790813105,0.0,0.0,1.0,0.0
93,93,278.32485583937364,0.2783248558393736,Sector 1,268.03125100437967,0.0,0,0.1,2883045.635939569,5564321.573915851,25.898839595786004,44.63551137549763,0.0,0.0,1.0,0.0
93,93,278.32485583937364,0.2783248558393736,Sector 1,268.03125100437967,0.0,1,0.25,2883047.257801001,5564320.602617626,25.898854165215134,44.63550516664025,0.0,0.0,1.0,0.0
93,93,278.32485583937364,0.2783248558393736,Sector 1,268.03125100437967,0.0,2,0.5,2883049.9609033875,5564318.983787251,25.898878447597017,44.63549481854315,0.0,0.0,1.0,0.0
93,93,278.32485583937364,0.2783248558393736,Sector 1,268.03125100437967,0.0,3,0.75,2883052.6640057736,5564317.364956875,25.898902729978897,44.63548447044419,0.0,0.0,1.0,0.0
93,93,278.32485583937364,0.2783248558393736,Sector 1,268.03125100437967,0.0,4,0.9,2883054.285867206,5564316.39365865,25.89891729940803,44.63547826158393,0.0,0.0,1.0,0.0
94,94,281.3248558394074,0.2813248558394074,Sector 1,268.0312509789961,0.0,0,0.1,2883047.497703715,5564321.6341900425,25.89885632029788,44.635511760790045,0.0,0.0,1.0,0.0
94,94,281.3248558394074,0.2813248558394074,Sector 1,268.0312509789961,0.0,1,0.25,2883049.109725386,5564320.6619578935,25.898870801334933,44.63550554596276,0.0,0.0,1.0,0.0
94,94,281.3248558394074,0.2813248558394074,Sector 1,268.0312509789961,0.0,2,0.5,2883051.79642817,5564319.041570977,25.898894936396683,44.6354951879158,0.0,0.0,1.0,0.0
94,94,281.3248558394074,0.2813248558394074,Sector 1,268.0312509789961,0.0,3,0.75,2883054.4831309547,5564317.421184061,25.898919071458433,44.635484829866975,0.0,0.0,1.0,0.0
94,94,281.3248558394074,0.2813248558394074,Sector 1,268.0312509789961,0.0,4,0.9,2883056.0951526253,5564316.448951912,25.898933552495485,44.63547861503682,0.0,0.0,1.0,0.0
95,95,284.3248558390078,0.2843248558390078,Sector 1,268.0312510300532,0.0,0,0.1,2883049.3594678612,5564321.694464234,25.89887304480976,44.635512146082455,0.0,0.0,1.0,0.0
95,95,284.3248558390078,0.2843248558390078,Sector 1,268.0312510300532,0.0,1,0.25,2883050.961649771,5564320.72129816,25.898887437454732,44.63550592528525,0.0,0.0,1.0,0.0
95,95,284.3248558390078,0.2843248558390078,Sector 1,268.0312510300532,0.0,2,0.5,2883053.631952953,5564319.099354703,25.89891142519635,44.635495557288436,0.0,0.0,1.0,0.0
95,95,284.3248558390078,0.2843248558390078,Sector 1,268.0312510300532,0.0,3,0.75,2883056.3022561353,5564317.477411246,25.898935412937966,44.63548518928977,0.0,0.0,1.0,0.0
95,95,284.3248558390078,0.2843248558390078,Sector 1,268.0312510300532,0.0,4,0.9,2883057.904438045,5564316.504245172,25.898949805582944,44.63547896848968,0.0,0.0,1.0,0.0
96,96,287.3248558390416,0.2873248558390415,Sector 1,268.03125099517274,0.0,0,0.1,2883051.2212320073,5564321.754738426,25.898889769321638,44.63551253137487,0.0,0.0,1.0,0.0
96,96,287.3248558390416,0.2873248558390415,Sector 1,268.03125099517274,0.0,1,0.25,2883052.813574156,5564320.7806384275,25.898904073574535,44.63550630460776,0.0,0.0,1.0,0.0
96,96,287.3248558390416,0.2873248558390415,Sector 1,268.03125099517274,0.0,2,0.5,2883055.467477736,5564319.15713843,25.89892791399602,44.63549592666108,0.0,0.0,1.0,0.0
96,96,287.3248558390416,0.2873248558390415,Sector 1,268.03125099517274,0.0,3,0.75,2883058.1213813163,5564317.533638433,25.89895175441751,44.63548554871256,0.0,0.0,1.0,0.0
96,96,287.3248558390416,0.2873248558390415,Sector 1,268.03125099517274,0.0,4,0.9,2883059.713723465,5564316.559538433,25.898966058670403,44.63547932194255,0.0,0.0,1.0,0.0
97,97,290.32485583910733,0.2903248558391073,Sector 1,268.0312510272357,0.0,0,0.1,2883053.0829961537,5564321.815012619,25.89890649383352,44.63551291666728,0.0,0.0,1.0,0.0
97,97,290.32485583910733,0.2903248558391073,Sector 1,268.0312510272357,0.0,1,0.25,2883054.6654985407,5564320.839978696,25.898920709694334,44.63550668393026,0.0,0.0,1.0,0.0
97,97,290.32485583910733,0.2903248558391073,Sector 1,268.0312510272357,0.0,2,0.5,2883057.3030025195,5564319.214922157,25.898944402795696,44.635496296033736,0.0,0.0,1.0,0.0
97,97,290.32485583910733,0.2903248558391073,Sector 1,268.0312510272357,0.0,3,0.75,2883059.940506498,5564317.589865618,25.898968095897054,44.635485908135344,0.0,0.0,1.0,0.0
97,97,290.32485583910733,0.2903248558391073,Sector 1,268.0312510272357,0.0,4,0.9,2883061.523008885,5564316.614831695,25.898982311757866,44.635479675395416,0.0,0.0,1.0,0.0
98,98,293.3248558391411,0.2933248558391411,Sector 1,268.03125101134924,0.0,0,0.1,2883054.9447602998,5564321.875286808,25.8989232183454,44.63551330195967,0.0,0.0,1.0,0.0
98,98,293.3248558391411,0.2933248558391411,Sector 1,268.03125101134924,0.0,1,0.25,2883056.5174229257,5564320.899318961,25.898937345814133,44.63550706325274,0.0,0.0,1.0,0.0
98,98,293.3248558391411,0.2933248558391411,Sector 1,268.03125101134924,0.0,2,0.5,2883059.138527302,5564319.272705883,25.89896089159536,44.635496665406365,0.0,0.0,1.0,0.0
98,98,293.3248558391411,0.2933248558391411,Sector 1,268.03125101134924,0.0,3,0.75,2883061.759631679,5564317.646092803,25.89898443737659,44.635486267558115,0.0,0.0,1.0,0.0
98,98,293.3248558391411,0.2933248558391411,Sector 1,268.03125101134924,0.0,4,0.9,2883063.332294305,5564316.670124956,25.898998564845325,44.635480028848285,0.0,0.0,1.0,0.0
99,99,296.32485583920686,0.2963248558392068,Sector 1,268.03125100542434,0.0,0,0.1,2883056.8065244462,5564321.935561,25.89893994285728,44.63551368725208,0.0,0.0,1.0,0.0
99,99,296.32485583920686,0.2963248558392068,Sector 1,268.03125100542434,0.0,1,0.25,2883058.369347311,5564320.958659229,25.89895398193394,44.63550744257523,0.0,0.0,1.0,0.0
99,99,296.32485583920686,0.2963248558392068,Sector 1,268.03125100542434,0.0,2,0.5,2883060.9740520855,5564319.330489609,25.89897738039503,44.635497034779,0.0,0.0,1.0,0.0
99,99,296.32485583920686,0.2963248558392068,Sector 1,268.03125100542434,0.0,3,0.75,2883063.57875686,5564317.702319989,25.89900077885613,44.6354866269809,0.0,0.0,1.0,0.0
99,99,296.32485583920686,0.2963248558392068,Sector 1,268.03125100542434,0.0,4,0.9,2883065.141579725,5564316.7254182175,25.899014817932787,44.635480382301154,0.0,0.0,1.0,0.0
100,100,299.3248558392406,0.2993248558392406,Sector 1,268.0312509897702,0.0,0,0.1,2883058.6682885922,5564321.9958351925,25.898956667369156,44.635514072544474,0.0,0.0,1.0,0.0
100,100,299.3248558392406,0.2993248558392406,Sector 1,268.0312509897702,0.0,1,0.25,2883060.221271696,5564321.017999496,25.89897061805374,44.635507821897725,0.0,0.0,1.0,0.0
100,100,299.3248558392406,0.2993248558392406,Sector 1,268.0312509897702,0.0,2,0.5,2883062.809576868,5564319.388273335,25.898993869194697,44.63549740415163,0.0,0.0,1.0,0.0
100,100,299.3248558392406,0.2993248558392406,Sector 1,268.0312509897702,0.0,3,0.75,2883065.3978820406,5564317.758547174,25.899017120335664,44.63548698640367,0.0,0.0,1.0,0.0
100,100,299.3248558392406,0.2993248558392406,Sector 1,268.0312509897702,0.0,4,0.9,2883066.950865144,5564316.780711478,25.89903107102024,44.635480735754,0.0,0.0,1.0,0.0
101,101,302.3248558393064,0.3023248558393064,Sector 1,268.03125102136863,0.0,0,0.1,2883060.530052739,5564322.056109386,25.898973391881043,44.635514457836884,0.0,0.0,1.0,0.0
101,101,302.3248558393064,0.3023248558393064,Sector 1,268.03125102136863,0.0,1,0.25,2883062.0731960814,5564321.077339765,25.898987254173544,44.63550820122022,0.0,0.0,1.0,0.0
101,101,302.3248558393064,0.3023248558393064,Sector 1,268.03125102136863,0.0,2,0.5,2883064.6451016515,5564319.446057063,25.899010357994374,44.635497773524264,0.0,0.0,1.0,0.0
101,101,302.3248558393064,0.3023248558393064,Sector 1,268.03125102136863,0.0,3,0.75,2883067.2170072217,5564317.8147743605,25.8990334618152,44.63548734582645,0.0,0.0,1.0,0.0
101,101,302.3248558393064,0.3023248558393064,Sector 1,268.03125102136863,0.0,4,0.9,2883068.760150564,5564316.83600474,25.899047324107702,44.63548108920686,0.0,0.0,1.0,0.0
102,102,305.32485583934016,0.3053248558393401,Sector 1,268.0312510059468,0.0,0,0.1,2883062.391816885,5564322.116383578,25.898990116392923,44.63551484312928,0.0,0.0,1.0,0.0
102,102,305.32485583934016,0.3053248558393401,Sector 1,268.0312510059468,0.0,1,0.25,2883063.9251204664,5564321.136680032,25.899003890293343,44.635508580542705,0.0,0.0,1.0,0.0
102,102,305.32485583934016,0.3053248558393401,Sector 1,268.0312510059468,0.0,2,0.5,2883066.4806264346,5564319.503840789,25.89902684679404,44.6354981428969,0.0,0.0,1.0,0.0
102,102,305.32485583934016,0.3053248558393401,Sector 1,268.0312510059468,0.0,3,0.75,2883069.0361324027,5564317.871001546,25.89904980329474,44.63548770524923,0.0,0.0,1.0,0.0
102,102,305.32485583934016,0.3053248558393401,Sector 1,268.0312510059468,0.0,4,0.9,2883070.569435984,5564316.891298001,25.899063577195164,44.635481442659724,0.0,0.0,1.0,0.0
103,103,308.3248558394059,0.3083248558394059,Sector 1,268.03125098056324,0.0,0,0.1,2883064.2535810317,5564322.176657769,25.899006840904804,44.635515228421674,0.0,0.0,1.0,0.0
103,103,308.3248558394059,0.3083248558394059,Sector 1,268.03125098056324,0.0,1,0.25,2883065.7770448513,5564321.1960203,25.899020526413146,44.635508959865184,0.0,0.0,1.0,0.0
103,103,308.3248558394059,0.3083248558394059,Sector 1,268.03125098056324,0.0,2,0.5,2883068.3161512176,5564319.561624516,25.89904333559371,44.635498512269535,0.0,0.0,1.0,0.0
103,103,308.3248558394059,0.3083248558394059,Sector 1,268.03125098056324,0.0,3,0.75,2883070.8552575842,5564317.927228732,25.899066144774284,44.635488064671996,0.0,0.0,1.0,0.0
103,103,308.3248558394059,0.3083248558394059,Sector 1,268.03125098056324,0.0,4,0.9,2883072.378721404,5564316.946591263,25.899079830282624,44.63548179611258,0.0,0.0,1.0,0.0
104,104,311.3248558394397,0.3113248558394397,Sector 1,268.0312509931677,0.0,0,0.1,2883066.1153451777,5564322.236931961,25.89902356541668,44.63551561371406,0.0,0.0,1.0,0.0
104,104,311.3248558394397,0.3113248558394397,Sector 1,268.0312509931677,0.0,1,0.25,2883067.6289692363,5564321.255360566,25.899037162532945,44.63550933918766,0.0,0.0,1.0,0.0
104,104,311.3248558394397,0.3113248558394397,Sector 1,268.0312509931677,0.0,2,0.5,2883070.151676001,5564319.619408242,25.899059824393387,44.63549888164216,0.0,0.0,1.0,0.0
104,104,311.3248558394397,0.3113248558394397,Sector 1,268.0312509931677,0.0,3,0.75,2883072.6743827653,5564317.983455919,25.899082486253825,44.635488424094774,0.0,0.0,1.0,0.0
104,104,311.3248558394397,0.3113248558394397,Sector 1,268.0312509931677,0.0,4,0.9,2883074.188006824,5564317.001884524,25.899096083370086,44.63548214956543,0.0,0.0,1.0,0.0
105,105,314.3248558390401,0.3143248558390401,Sector 1,261.25626474164284,0.0,0,0.1,2883067.97709263,5564322.297716972,25.8990402897786,44.63551600227177,0.0,0.0,1.0,0.0
105,105,314.3248558390401,0.3143248558390401,Sector 1,261.25626474164284,0.0,1,0.25,2883069.4808518877,5564321.315977881,25.899053798277848,44.63550972667345,0.0,0.0,1.0,0.0
105,105,314.3248558390401,0.3143248558390401,Sector 1,261.25626474164284,0.0,2,0.5,2883071.9871173166,5564319.679746062,25.899076312443256,44.63549926734138,0.0,0.0,1.0,0.0
105,105,314.3248558390401,0.3143248558390401,Sector 1,261.25626474164284,0.0,3,0.75,2883074.4933827454,5564318.043514243,25.89909882660866,44.63548880800745,0.0,0.0,1.0,0.0
105,105,314.3248558390401,0.3143248558390401,Sector 1,261.25626474164284,0.0,4,0.9,2883075.997142003,5564317.061775152,25.899112335107908,44.63548253240617,0.0,0.0,1.0,0.0
106,106,317.3208052001169,0.3173208052001169,Sector 1,259.94847732665045,0.0,0,0.1,2883069.8362980373,5564322.359217353,25.899056991304935,44.63551639540236,0.0,0.0,1.0,0.0
106,106,317.3208052001169,0.3173208052001169,Sector 1,259.94847732665045,0.0,1,0.25,2883071.3301633773,5564321.378506958,25.899070410925606,44.635510126379835,0.0,0.0,1.0,0.0
106,106,317.3208052001169,0.3173208052001169,Sector 1,259.94847732665045,0.0,2,0.5,2883073.8199389437,5564319.7439896315,25.899092776960064,44.635499678007456,0.0,0.0,1.0,0.0
106,106,317.3208052001169,0.3173208052001169,Sector 1,259.94847732665045,0.0,3,0.75,2883076.30971451,5564318.109472306,25.899115142994514,44.635489229633194,0.0,0.0,1.0,0.0
106,106,317.3208052001169,0.3173208052001169,Sector 1,259.94847732665045,0.0,4,0.9,2883077.80357985,5564317.128761911,25.89912856261519,44.63548296060773,0.0,0.0,1.0,0.0
107,107,320.32080520016035,0.3203208052001604,Sector 1,259.9484773132798,0.0,0,0.1,2883071.698000973,5564322.421232402,25.899073715266955,44.63551679182287,0.0,0.0,1.0,0.0
107,107,320.32080520016035,0.3203208052001604,Sector 1,259.9484773132798,0.0,1,0.25,2883073.1819347367,5564321.442199368,25.899087045670758,44.635510533522634,0.0,0.0,1.0,0.0
107,107,320.32080520016035,0.3203208052001604,Sector 1,259.9484773132798,0.0,2,0.5,2883075.655157675,5564319.810477644,25.899109263010423,44.63550010302074,0.0,0.0,1.0,0.0
107,107,320.32080520016035,0.3203208052001604,Sector 1,259.9484773132798,0.0,3,0.75,2883078.128380614,5564318.178755919,25.89913148035009,44.635489672516954,0.0,0.0,1.0,0.0
107,107,320.32080520016035,0.3203208052001604,Sector 1,259.9484773132798,0.0,4,0.9,2883079.612314377,5564317.199722885,25.899144810753892,44.6354834142138,0.0,0.0,1.0,0.0
108,108,323.32080520004126,0.3233208052000412,Sector 1,259.9484773385162,0.0,0,0.1,2883073.559703909,5564322.483247452,25.89909043922897,44.635517188243384,0.0,0.0,1.0,0.0
108,108,323.32080520004126,0.3233208052000412,Sector 1,259.9484773385162,0.0,1,0.25,2883075.0337060955,5564321.5058917785,25.899103680415898,44.635510940665434,0.0,0.0,1.0,0.0
108,108,323.32080520004126,0.3233208052000412,Sector 1,259.9484773385162,0.0,2,0.5,2883077.4903764063,5564319.876965657,25.89912574906078,44.635500528034015,0.0,0.0,1.0,0.0
108,108,323.32080520004126,0.3233208052000412,Sector 1,259.9484773385162,0.0,3,0.75,2883079.9470467176,5564318.248039534,25.89914781770567,44.63549011540073,0.0,0.0,1.0,0.0
108,108,323.32080520004126,0.3233208052000412,Sector 1,259.9484773385162,0.0,4,0.9,2883081.421048904,5564317.27068386,25.899161058892595,44.63548386781985,0.0,0.0,1.0,0.0
109,109,326.3208052000847,0.3263208052000847,Sector 1,249.0780237968435,0.0,0,0.1,2883075.4214068446,5564322.545262502,25.899107163190987,44.6355175846639,0.0,0.0,1.0,0.0
109,109,326.3208052000847,0.3263208052000847,Sector 1,249.0780237968435,0.0,1,0.25,2883076.885477455,5564321.569584189,25.899120315161046,44.635511347808226,0.0,0.0,1.0,0.0
109,109,326.3208052000847,0.3263208052000847,Sector 1,249.0780237968435,0.0,2,0.5,2883079.3255951377,5564319.943453669,25.899142235111142,44.63550095304729,0.0,0.0,1.0,0.0
109,109,326.3208052000847,0.3263208052000847,Sector 1,249.0780237968435,0.0,3,0.75,2883081.765712821,5564318.317323148,25.899164155061243,44.63549055828449,0.0,0.0,1.0,0.0
109,109,326.3208052000847,0.3263208052000847,Sector 1,249.0780237968435,0.0,4,0.9,2883083.2297834307,5564317.341644836,25.8991773070313,44.63548432142592,0.0,0.0,1.0,0.0
110,110,329.1653769890112,0.3291653769890111,Sector 1,217.84701626069773,0.0,0,0.1,2883077.186656062,5564322.6040645875,25.89912302069451,44.63551796054609,0.0,0.0,1.0,0.0
110,110,329.1653769890112,0.3291653769890111,Sector 1,217.84701626069773,0.0,1,0.25,2883078.641309644,5564321.629976733,25.899136088069966,44.63551173385718,0.0,0.0,1.0,0.0
110,110,329.1653769890112,0.3291653769890111,Sector 1,217.84701626069773,0.0,2,0.5,2883081.065732281,5564320.006496975,25.899157867029068,44.63550135604086,0.0,0.0,1.0,0.0
110,110,329.1653769890112,0.3291653769890111,Sector 1,217.84701626069773,0.0,3,0.75,2883083.4901549183,5564318.383017219,25.899179645988166,44.6354909782227,0.0,0.0,1.0,0.0
110,110,329.1653769890112,0.3291653769890111,Sector 1,217.84701626069773,0.0,4,0.9,2883084.9448085004,5564317.408929364,25.899192713363625,44.635484751530896,0.0,0.0,1.0,0.0
111,111,332.1653769887231,0.3321653769887231,Sector 1,217.8470162745193,0.0,0,0.1,2883079.0483589973,5564322.666079637,25.899139744656523,44.63551835696659,0.0,0.0,1.0,0.0
111,111,332.1653769887231,0.3321653769887231,Sector 1,217.8470162745193,0.0,1,0.25,2883080.493081003,5564321.693669143,25.89915272281511,44.63551214099997,0.0,0.0,1.0,0.0
111,111,332.1653769887231,0.3321653769887231,Sector 1,217.8470162745193,0.0,2,0.5,2883082.900951012,5564320.072984988,25.899174353079424,44.63550178105414,0.0,0.0,1.0,0.0
111,111,332.1653769887231,0.3321653769887231,Sector 1,217.8470162745193,0.0,3,0.75,2883085.3088210216,5564318.452300833,25.89919598334374,44.63549142110645,0.0,0.0,1.0,0.0
111,111,332.1653769887231,0.3321653769887231,Sector 1,217.8470162745193,0.0,4,0.9,2883086.7535430267,5564317.479890339,25.899208961502328,44.635485205136945,0.0,0.0,1.0,0.0
112,112,335.165376988435,0.335165376988435,Sector 1,213.0571942043136,0.0,0,0.1,2883080.910061933,5564322.728094686,25.89915646861854,44.63551875338709,0.0,0.0,1.0,0.0
112,112,335.165376988435,0.335165376988435,Sector 1,213.0571942043136,0.0,1,0.25,2883082.3448523623,5564321.757361554,25.899169357560258,44.635512548142756,0.0,0.0,1.0,0.0
112,112,335.165376988435,0.335165376988435,Sector 1,213.0571942043136,0.0,2,0.5,2883084.7361697434,5564320.139473001,25.899190839129783,44.63550220606741,0.0,0.0,1.0,0.0
112,112,335.165376988435,0.335165376988435,Sector 1,213.0571942043136,0.0,3,0.75,2883087.127487125,5564318.521584447,25.899212320699313,44.635491863990204,0.0,0.0,1.0,0.0
112,112,335.165376988435,0.335165376988435,Sector 1,213.0571942043136,0.0,4,0.9,2883088.5622775536,5564317.550851314,25.89922520964103,44.635485658742994,0.0,0.0,1.0,0.0
113,113,338.13340880507474,0.3381334088050747,Sector 1,198.4602523023881,0.0,0,0.1,2883082.751926449,5564322.789448898,25.899173014368998,44.6355191455833,0.0,0.0,1.0,0.0
113,113,338.13340880507474,0.3381334088050747,Sector 1,198.4602523023881,0.0,1,0.25,2883084.1768911327,5564321.8203752525,25.899185815044547,44.635512950946996,0.0,0.0,1.0,0.0
113,113,338.13340880507474,0.3381334088050747,Sector 1,198.4602523023881,0.0,2,0.5,2883086.5518322717,5564320.205252511,25.899207149503784,44.63550262655169,0.0,0.0,1.0,0.0
113,113,338.13340880507474,0.3381334088050747,Sector 1,198.4602523023881,0.0,3,0.75,2883088.926773411,5564318.590129769,25.899228483963032,44.635492302154546,0.0,0.0,1.0,0.0
113,113,338.13340880507474,0.3381334088050747,Sector 1,198.4602523023881,0.0,4,0.9,2883090.351738095,5564317.621056125,25.899241284638574,44.635486107515376,0.0,0.0,1.0,0.0
114,114,341.13340880467814,0.3411334088046781,Sector 1,198.46025231411883,0.0,0,0.1,2883084.613629385,5564322.851463946,25.899189738331017,44.635519542003784,0.0,0.0,1.0,0.0
114,114,341.13340880467814,0.3411334088046781,Sector 1,198.46025231411883,0.0,1,0.25,2883086.0286624916,5564321.884067662,25.899202449789687,44.63551335808977,0.0,0.0,1.0,0.0
114,114,341.13340880467814,0.3411334088046781,Sector 1,198.46025231411883,0.0,2,0.5,2883088.387051003,5564320.271740522,25.899223635554144,44.63550305156494,0.0,0.0,1.0,0.0
114,114,341.13340880467814,0.3411334088046781,Sector 1,198.46025231411883,0.0,3,0.75,2883090.7454395145,5564318.659413383,25.899244821318604,44.63549274503829,0.0,0.0,1.0,0.0
114,114,341.13340880467814,0.3411334088046781,Sector 1,198.46025231411883,0.0,4,0.9,2883092.160472621,5564317.692017099,25.899257532777273,44.63548656112142,0.0,0.0,1.0,0.0
115,115,344.13340880516495,0.3441334088051649,Sector 1,198.46025229758044,0.0,0,0.1,2883086.475332321,5564322.913478995,25.899206462293037,44.635519938424274,0.0,0.0,1.0,0.0
115,115,344.13340880516495,0.3441334088051649,Sector 1,198.46025229758044,0.0,1,0.25,2883087.880433851,5564321.947760072,25.899219084534835,44.63551376523254,0.0,0.0,1.0,0.0
115,115,344.13340880516495,0.3441334088051649,Sector 1,198.46025229758044,0.0,2,0.5,2883090.222269735,5564320.338228534,25.89924012160451,44.635503476578194,0.0,0.0,1.0,0.0
115,115,344.13340880516495,0.3441334088051649,Sector 1,198.46025229758044,0.0,3,0.75,2883092.5641056187,5564318.728696996,25.899261158674182,44.63549318792203,0.0,0.0,1.0,0.0
115,115,344.13340880516495,0.3441334088051649,Sector 1,198.46025229758044,0.0,4,0.9,2883093.9692071485,5564317.762978073,25.899273780915983,44.635487014727445,0.0,0.0,1.0,0.0
116,116,347.1334088046209,0.3471334088046209,Sector 1,197.35585866595503,0.0,0,0.1,2883088.3370352564,5564322.975494044,25.89922318625505,44.63552033484476,0.0,0.0,1.0,0.0
116,116,347.1334088046209,0.3471334088046209,Sector 1,197.35585866595503,0.0,1,0.25,2883089.7322052103,5564322.011452482,25.899235719279986,44.635514172375316,0.0,0.0,1.0,0.0
116,116,347.1334088046209,0.3471334088046209,Sector 1,197.35585866595503,0.0,2,0.5,2883092.0574884657,5564320.404716546,25.899256607654866,44.63550390159144,0.0,0.0,1.0,0.0
116,116,347.1334088046209,0.3471334088046209,Sector 1,197.35585866595503,0.0,3,0.75,2883094.3827717216,5564318.79798061,25.899277496029754,44.63549363080576,0.0,0.0,1.0,0.0
116,116,347.1334088046209,0.3471334088046209,Sector 1,197.35585866595503,0.0,4,0.9,2883095.777941675,5564317.833939048,25.899290029054683,44.63548746833348,0.0,0.0,1.0,0.0
117,117,350.125290118259,0.350125290118259,Sector 1,181.35093174218375,0.0,0,0.1,2883090.1936999983,5564323.037341266,25.899239864958197,44.63552073019244,0.0,0.0,1.0,0.0
117,117,350.125290118259,0.350125290118259,Sector 1,181.35093174218375,0.0,1,0.25,2883091.5789652523,5564322.074972526,25.8992523090077,44.63551457841626,0.0,0.0,1.0,0.0
117,117,350.125290118259,0.350125290118259,Sector 1,181.35093174218375,0.0,2,0.5,2883093.8877406754,5564320.471024626,25.899273049090205,44.63550432545451,0.0,0.0,1.0,0.0
117,117,350.125290118259,0.350125290118259,Sector 1,181.35093174218375,0.0,3,0.75,2883096.196516099,5564318.867076726,25.89929378917271,44.63549407249094,0.0,0.0,1.0,0.0
117,117,350.125290118259,0.350125290118259,Sector 1,181.35093174218375,0.0,4,0.9,2883097.581781353,5564317.904707986,25.899306233222212,44.63548792071194,0.0,0.0,1.0,0.0
118,118,353.12529011838626,0.3531252901183863,Sector 1,181.35093176278733,0.0,0,0.1,2883092.0554029346,5564323.099356314,25.89925658892022,44.635521126612915,0.0,0.0,1.0,0.0
118,118,353.12529011838626,0.3531252901183863,Sector 1,181.35093176278733,0.0,1,0.25,2883093.4307366116,5564322.138664936,25.89926894375285,44.63551498555902,0.0,0.0,1.0,0.0
118,118,353.12529011838626,0.3531252901183863,Sector 1,181.35093176278733,0.0,2,0.5,2883095.722959407,5564320.537512638,25.899289535140568,44.63550475046775,0.0,0.0,1.0,0.0
118,118,353.12529011838626,0.3531252901183863,Sector 1,181.35093176278733,0.0,3,0.75,2883098.0151822027,5564318.93636034,25.899310126528288,44.635494515374674,0.0,0.0,1.0,0.0
118,118,353.12529011838626,0.3531252901183863,Sector 1,181.35093176278733,0.0,4,0.9,2883099.3905158797,5564317.975668961,25.89932248136091,44.635488374317966,0.0,0.0,1.0,0.0
119,119,356.12529011851353,0.3561252901185135,Sector 1,181.35093174171,0.0,0,0.1,2883093.9171058703,5564323.161371364,25.899273312882237,44.635521523033404,0.0,0.0,1.0,0.0
119,119,356.12529011851353,0.3561252901185135,Sector 1,181.35093174171,0.0,1,0.25,2883095.282507971,5564322.202357346,25.899285578498,44.635515392701784,0.0,0.0,1.0,0.0
119,119,356.12529011851353,0.3561252901185135,Sector 1,181.35093174171,0.0,2,0.5,2883097.5581781385,5564320.60400065,25.899306021190927,44.635505175481,0.0,0.0,1.0,0.0
119,119,356.12529011851353,0.3561252901185135,Sector 1,181.35093174171,0.0,3,0.75,2883099.833848306,5564319.0056439545,25.89932646388386,44.635494958258406,0.0,0.0,1.0,0.0
119,119,356.12529011851353,0.3561252901185135,Sector 1,181.35093174171,0.0,4,0.9,2883101.1992504066,5564318.046629936,25.89933872949962,44.635488827923986,0.0,0.0,1.0,0.0
120,120,359.12529011862983,0.3591252901186298,Sector 1,181.35093174856925,0.0,0,0.1,2883095.7788088066,5564323.223386413,25.89929003684426,44.635521919453886,0.0,0.0,1.0,0.0
120,120,359.12529011862983,0.3591252901186298,Sector 1,181.35093174856925,0.0,1,0.25,2883097.1342793303,5564322.266049757,25.899302213243143,44.635515799844555,0.0,0.0,1.0,0.0
120,120,359.12529011862983,0.3591252901186298,Sector 1,181.35093174856925,0.0,2,0.5,2883099.3933968702,5564320.670488662,25.899322507241294,44.635505600494234,0.0,0.0,1.0,0.0
120,120,359.12529011862983,0.3591252901186298,Sector 1,181.35093174856925,0.0,3,0.75,2883101.6525144097,5564319.0749275675,25.899342801239438,44.63549540114212,0.0,0.0,1.0,0.0
120,120,359.12529011862983,0.3591252901186298,Sector 1,181.35093174856925,0.0,4,0.9,2883103.0079849334,5564318.117590911,25.899354977638325,44.63548928153,0.0,0.0,1.0,0.0
121,121,362.1252901187571,0.3621252901187571,Sector 1,181.35093174956452,0.0,0,0.1,2883097.6404432626,5564323.287360064,25.899306760191113,44.63552232839437,0.0,0.0,1.0,0.0
121,121,362.1252901187571,0.3621252901187571,Sector 1,181.35093174956452,0.0,1,0.25,2883098.985993623,5564322.331374334,25.899318847475655,44.63551621742066,0.0,0.0,1.0,0.0
121,121,362.1252901187571,0.3621252901187571,Sector 1,181.35093174956452,0.0,2,0.5,2883101.228577557,5564320.7380647855,25.899338992949893,44.635506032463034,0.0,0.0,1.0,0.0
121,121,362.1252901187571,0.3621252901187571,Sector 1,181.35093174956452,0.0,3,0.75,2883103.4711614912,5564319.144755237,25.899359138424135,44.63549584750363,0.0,0.0,1.0,0.0
121,121,362.1252901187571,0.3621252901187571,Sector 1,181.35093174956452,0.0,4,0.9,2883104.8167118514,5564318.188769507,25.899371225708677,44.63548973652712,0.0,0.0,1.0,0.0
122,122,365.1252901188844,0.3651252901188844,Sector 1,181.35093175552768,0.0,0,0.1,2883099.5018513226,5564323.3577692835,25.899323481504215,44.63552277847313,0.0,0.0,1.0,0.0
122,122,365.1252901188844,0.3651252901188844,Sector 1,181.35093175552768,0.0,1,0.25,2883100.837519252,5564322.402061887,25.89933548001337,44.63551666927866,0.0,0.0,1.0,0.0
122,122,365.1252901188844,0.3651252901188844,Sector 1,181.35093175552768,0.0,2,0.5,2883103.0636324687,5564320.8092162255,25.899355477528637,44.635506487286435,0.0,0.0,1.0,0.0
122,122,365.1252901188844,0.3651252901188844,Sector 1,181.35093175552768,0.0,3,0.75,2883105.2897456847,5564319.216370565,25.8993754750439,44.63549630529243,0.0,0.0,1.0,0.0
122,122,365.1252901188844,0.3651252901188844,Sector 1,181.35093175552768,0.0,4,0.9,2883106.6254136143,5564318.2606631685,25.899387473553055,44.63549019609517,0.0,0.0,1.0,0.0
123,123,368.1252901180806,0.3681252901180806,Sector 1,181.3509317551788,0.0,0,0.1,2883101.363172633,5564323.430452959,25.899340202038033,44.635523243090944,0.0,0.0,1.0,0.0
123,123,368.1252901180806,0.3681252901180806,Sector 1,181.3509317551788,0.0,1,0.25,2883102.6889725905,5564322.474644819,25.89935211190169,44.635517133252534,0.0,0.0,1.0,0.0
123,123,368.1252901180806,0.3681252901180806,Sector 1,181.3509317551788,0.0,2,0.5,2883104.8986391854,5564320.881631252,25.899371961674436,44.63550695018709,0.0,0.0,1.0,0.0
123,123,368.1252901180806,0.3681252901180806,Sector 1,181.3509317551788,0.0,3,0.75,2883107.1083057807,5564319.288617685,25.89939181144719,44.63549676711986,0.0,0.0,1.0,0.0
123,123,368.1252901180806,0.3681252901180806,Sector 1,181.3509317551788,0.0,4,0.9,2883108.434105738,5564318.332809546,25.899403721310843,44.63549065727866,0.0,0.0,1.0,0.0
124,124,371.1252901182079,0.3711252901182079,Sector 1,181.35093174896585,0.0,0,0.1,2883103.224493944,5564323.503136637,25.899356922571858,44.63552370770878,0.0,0.0,1.0,0.0
124,124,371.1252901182079,0.3711252901182079,Sector 1,181.35093174896585,0.0,1,0.25,2883104.5404259283,5564322.547227753,25.89936874379,44.635517597226425,0.0,0.0,1.0,0.0
124,124,371.1252901182079,0.3711252901182079,Sector 1,181.35093174896585,0.0,2,0.5,2883106.733645903,5564320.954046281,25.899388445820247,44.63550741308776,0.0,0.0,1.0,0.0
124,124,371.1252901182079,0.3711252901182079,Sector 1,181.35093174896585,0.0,3,0.75,2883108.9268658776,5564319.360864808,25.899408147850494,44.63549722894729,0.0,0.0,1.0,0.0
124,124,371.1252901182079,0.3711252901182079,Sector 1,181.35093174896585,0.0,4,0.9,2883110.242797862,5564318.4049559245,25.899419969068635,44.635491118462156,0.0,0.0,1.0,0.0
125,125,374.1252901183352,0.3741252901183352,Sector 1,181.3509317486169,0.0,0,0.1,2883105.085815255,5564323.575820312,25.89937364310568,44.63552417232658,0.0,0.0,1.0,0.0
125,125,374.1252901183352,0.3741252901183352,Sector 1,181.3509317486169,0.0,1,0.25,2883106.391879267,5564322.619810685,25.89938537567832,44.6355180612003,0.0,0.0,1.0,0.0
125,125,374.1252901183352,0.3741252901183352,Sector 1,181.3509317486169,0.0,2,0.5,2883108.5686526205,5564321.026461307,25.899404929966057,44.6355078759884,0.0,0.0,1.0,0.0
125,125,374.1252901183352,0.3741252901183352,Sector 1,181.3509317486169,0.0,3,0.75,2883110.745425974,5564319.433111928,25.89942448425379,44.635497690774706,0.0,0.0,1.0,0.0
125,125,374.1252901183352,0.3741252901183352,Sector 1,181.3509317486169,0.0,4,0.9,2883112.051489986,5564318.477102301,25.89943621682643,44.63549157964563,0.0,0.0,1.0,0.0
126,126,377.1252901184624,0.3771252901184624,Sector 1,181.3509317557002,0.0,0,0.1,2883106.9471365656,5564323.648503987,25.8993903636395,44.63552463694438,0.0,0.0,1.0,0.0
126,126,377.1252901184624,0.3771252901184624,Sector 1,181.3509317557002,0.0,1,0.25,2883108.2433326053,5564322.692393617,25.899402007566636,44.63551852517416,0.0,0.0,1.0,0.0
126,126,377.1252901184624,0.3771252901184624,Sector 1,181.3509317557002,0.0,2,0.5,2883110.403659338,5564321.098876333,25.899421414111863,44.63550833888904,0.0,0.0,1.0,0.0
126,126,377.1252901184624,0.3771252901184624,Sector 1,181.3509317557002,0.0,3,0.75,2883112.5639860705,5564319.505359049,25.899440820657087,44.635498152602125,0.0,0.0,1.0,0.0
126,126,377.1252901184624,0.3771252901184624,Sector 1,181.3509317557002,0.0,4,0.9,2883113.86018211,5564318.549248679,25.899452464584225,44.63549204082911,0.0,0.0,1.0,0.0
127,127,380.1252901185897,0.3801252901185897,Sector 1,181.3509317490392,0.0,0,0.1,2883108.8084578766,5564323.721187663,25.899407084173323,44.63552510156219,0.0,0.0,1.0,0.0
127,127,380.1252901185897,0.3801252901185897,Sector 1,181.3509317490392,0.0,1,0.25,2883110.0947859436,5564322.76497655,25.899418639454954,44.63551898914804,0.0,0.0,1.0,0.0
127,127,380.1252901185897,0.3801252901185897,Sector 1,181.3509317490392,0.0,2,0.5,2883112.2386660557,5564321.17129136,25.89943789825767,44.635508801789676,0.0,0.0,1.0,0.0
127,127,380.1252901185897,0.3801252901185897,Sector 1,181.3509317490392,0.0,3,0.75,2883114.3825461674,5564319.5776061695,25.899457157060386,44.63549861442953,0.0,0.0,1.0,0.0
127,127,380.1252901185897,0.3801252901185897,Sector 1,181.3509317490392,0.0,4,0.9,2883115.6688742344,5564318.621395056,25.89946871234202,44.63549250201259,0.0,0.0,1.0,0.0
128,128,383.125290118717,0.383125290118717,Sector 1,181.3509317554504,0.0,0,0.1,2883110.6697791875,5564323.7938713385,25.899423804707144,44.63552556617999,0.0,0.0,1.0,0.0
128,128,383.125290118717,0.383125290118717,Sector 1,181.3509317554504,0.0,1,0.25,2883111.946239282,5564322.837559482,25.89943527134327,44.635519453121894,0.0,0.0,1.0,0.0
128,128,383.125290118717,0.383125290118717,Sector 1,181.3509317554504,0.0,2,0.5,2883114.073672773,5564321.243706387,25.899454382403476,44.63550926469031,0.0,0.0,1.0,0.0
128,128,383.125290118717,0.383125290118717,Sector 1,181.3509317554504,0.0,3,0.75,2883116.201106264,5564319.649853291,25.899473493463688,44.63549907625694,0.0,0.0,1.0,0.0
128,128,383.125290118717,0.383125290118717,Sector 1,181.3509317554504,0.0,4,0.9,2883117.477566358,5564318.693541435,25.89948496009981,44.635492963196064,0.0,0.0,1.0,0.0
129,129,386.12529011884425,0.3861252901188442,Sector 1,181.3509317429254,0.0,0,0.1,2883112.5311004985,5564323.866555015,25.89944052524097,44.635526030797784,0.0,0.0,1.0,0.0
129,129,386.12529011884425,0.3861252901188442,Sector 1,181.3509317429254,0.0,1,0.25,2883113.79769262,5564322.910142414,25.899451903231583,44.63551991709576,0.0,0.0,1.0,0.0
129,129,386.12529011884425,0.3861252901188442,Sector 1,181.3509317429254,0.0,2,0.5,2883115.9086794904,5564321.316121414,25.899470866549283,44.63550972759095,0.0,0.0,1.0,0.0
129,129,386.12529011884425,0.3861252901188442,Sector 1,181.3509317429254,0.0,3,0.75,2883118.0196663607,5564319.722100413,25.89948982986699,44.63549953808435,0.0,0.0,1.0,0.0
129,129,386.12529011884425,0.3861252901188442,Sector 1,181.3509317429254,0.0,4,0.9,2883119.2862584824,5564318.765687813,25.899501207857604,44.63549342437954,0.0,0.0,1.0,0.0
130,130,389.1252901180405,0.3891252901180405,Sector 1,181.35093175497653,0.0,0,0.1,2883114.3924218086,5564323.939238691,25.89945724577478,44.635526495415576,0.0,0.0,1.0,0.0
130,130,389.1252901180405,0.3891252901180405,Sector 1,181.35093175497653,0.0,1,0.25,2883115.649145958,5564322.982725347,25.899468535119897,44.63552038106962,0.0,0.0,1.0,0.0
130,130,389.1252901180405,0.3891252901180405,Sector 1,181.35093175497653,0.0,2,0.5,2883117.7436862076,5564321.38853644,25.89948735069509,44.63551019049158,0.0,0.0,1.0,0.0
130,130,389.1252901180405,0.3891252901180405,Sector 1,181.35093175497653,0.0,3,0.75,2883119.8382264567,5564319.794347534,25.89950616627028,44.63549999991175,0.0,0.0,1.0,0.0
130,130,389.1252901180405,0.3891252901180405,Sector 1,181.35093175497653,0.0,4,0.9,2883121.094950606,5564318.837834191,25.899517455615392,44.635493885563,0.0,0.0,1.0,0.0
131,131,392.12529011816775,0.3921252901181677,Sector 1,181.3509317489876,0.0,0,0.1,2883116.2537431195,5564324.011922367,25.899473966308605,44.63552696003337,0.0,0.0,1.0,0.0
131,131,392.12529011816775,0.3921252901181677,Sector 1,181.3509317489876,0.0,1,0.25,2883117.5005992968,5564323.05530828,25.899485167008216,44.63552084504347,0.0,0.0,1.0,0.0
131,131,392.12529011816775,0.3921252901181677,Sector 1,181.3509317489876,0.0,2,0.5,2883119.578692925,5564321.460951468,25.8995038348409,44.63551065339221,0.0,0.0,1.0,0.0
131,131,392.12529011816775,0.3921252901181677,Sector 1,181.3509317489876,0.0,3,0.75,2883121.656786553,5564319.866594655,25.899522502673577,44.63550046173916,0.0,0.0,1.0,0.0
131,131,392.12529011816775,0.3921252901181677,Sector 1,181.3509317489876,0.0,4,0.9,2883122.9036427303,5564318.909980568,25.899533703373187,44.635494346746476,0.0,0.0,1.0,0.0
132,132,395.12529011828406,0.395125290118284,Sector 1,181.35093174908675,0.0,0,0.1,2883118.1150644305,5564324.084606042,25.89949068684243,44.63552742465115,0.0,0.0,1.0,0.0
132,132,395.12529011828406,0.395125290118284,Sector 1,181.35093174908675,0.0,1,0.25,2883119.3520526346,5564323.127891212,25.899501798896527,44.63552130901732,0.0,0.0,1.0,0.0
132,132,395.12529011828406,0.395125290118284,Sector 1,181.35093174908675,0.0,2,0.5,2883121.4136996423,5564321.533366494,25.899520318986706,44.63551111629283,0.0,0.0,1.0,0.0
132,132,395.12529011828406,0.395125290118284,Sector 1,181.35093174908675,0.0,3,0.75,2883123.47534665,5564319.938841776,25.89953883907688,44.63550092356655,0.0,0.0,1.0,0.0
132,132,395.12529011828406,0.395125290118284,Sector 1,181.35093174908675,0.0,4,0.9,2883124.712334854,5564318.982126946,25.89954995113098,44.63549480792992,0.0,0.0,1.0,0.0
133,133,398.1252901184113,0.3981252901184113,Sector 1,181.3509317482897,0.0,0,0.1,2883119.9763857415,5564324.157289717,25.89950740737625,44.63552788926893,0.0,0.0,1.0,0.0
133,133,398.1252901184113,0.3981252901184113,Sector 1,181.3509317482897,0.0,1,0.25,2883121.2035059733,5564323.200474144,25.89951843078485,44.63552177299117,0.0,0.0,1.0,0.0
133,133,398.1252901184113,0.3981252901184113,Sector 1,181.3509317482897,0.0,2,0.5,2883123.24870636,5564321.60578152,25.899536803132513,44.63551157919344,0.0,0.0,1.0,0.0
133,133,398.1252901184113,0.3981252901184113,Sector 1,181.3509317482897,0.0,3,0.75,2883125.2939067464,5564320.011088897,25.899555175480174,44.635501385393944,0.0,0.0,1.0,0.0
133,133,398.1252901184113,0.3981252901184113,Sector 1,181.3509317482897,0.0,4,0.9,2883126.5210269783,5564319.054273322,25.899566198888774,44.63549526911338,0.0,0.0,1.0,0.0
134,134,401.1252901185386,0.4011252901185386,Sector 1,181.35093175537293,0.0,0,0.1,2883121.8377070525,5564324.229973394,25.899524127910077,44.63552835388671,0.0,0.0,1.0,0.0
134,134,401.1252901185386,0.4011252901185386,Sector 1,181.35093175537293,0.0,1,0.25,2883123.054959312,5564323.273057077,25.89953506267317,44.635522236965016,0.0,0.0,1.0,0.0
134,134,401.1252901185386,0.4011252901185386,Sector 1,181.35093175537293,0.0,2,0.5,2883125.0837130775,5564321.678196548,25.89955328727832,44.635512042094064,0.0,0.0,1.0,0.0
134,134,401.1252901185386,0.4011252901185386,Sector 1,181.35093175537293,0.0,3,0.75,2883127.112466843,5564320.083336018,25.899571511883472,44.63550184722133,0.0,0.0,1.0,0.0
134,134,401.1252901185386,0.4011252901185386,Sector 1,181.35093175537293,0.0,4,0.9,2883128.3297191025,5564319.126419701,25.89958244664657,44.635495730296824,0.0,0.0,1.0,0.0
135,135,404.1252901186659,0.4041252901186659,Sector 1,181.35093174893595,0.0,0,0.1,2883123.699028363,5564324.30265707,25.899540848443895,44.63552881850448,0.0,0.0,1.0,0.0
135,135,404.1252901186659,0.4041252901186659,Sector 1,181.35093174893595,0.0,1,0.25,2883124.90641265,5564323.345640009,25.89955169456148,44.63552270093884,0.0,0.0,1.0,0.0
135,135,404.1252901186659,0.4041252901186659,Sector 1,181.35093174893595,0.0,2,0.5,2883126.918719795,5564321.750611573,25.89956977142413,44.63551250499467,0.0,0.0,1.0,0.0
135,135,404.1252901186659,0.4041252901186659,Sector 1,181.35093174893595,0.0,3,0.75,2883128.9310269402,5564320.155583138,25.899587848286778,44.635502309048704,0.0,0.0,1.0,0.0
135,135,404.1252901186659,0.4041252901186659,Sector 1,181.35093174893595,0.0,4,0.9,2883130.138411227,5564319.198566077,25.899598694404368,44.63549619148027,0.0,0.0,1.0,0.0
136,136,407.1252901187932,0.4071252901187931,Sector 1,181.3509317555712,0.0,0,0.1,2883125.5603496744,5564324.375340746,25.89955756897772,44.63552928312225,0.0,0.0,1.0,0.0
136,136,407.1252901187932,0.4071252901187931,Sector 1,181.3509317555712,0.0,1,0.25,2883126.7578659886,5564323.418222941,25.899568326449803,44.635523164912684,0.0,0.0,1.0,0.0
136,136,407.1252901187932,0.4071252901187931,Sector 1,181.3509317555712,0.0,2,0.5,2883128.7537265127,5564321.8230266,25.899586255569936,44.63551296789528,0.0,0.0,1.0,0.0
136,136,407.1252901187932,0.4071252901187931,Sector 1,181.3509317555712,0.0,3,0.75,2883130.7495870367,5564320.227830259,25.899604184690077,44.635502770876094,0.0,0.0,1.0,0.0
136,136,407.1252901187932,0.4071252901187931,Sector 1,181.3509317555712,0.0,4,0.9,2883131.947103351,5564319.270712455,25.899614942162156,44.63549665266371,0.0,0.0,1.0,0.0
137,137,410.1252901189204,0.4101252901189204,Sector 1,181.35093174935812,0.0,0,0.1,2883127.421670985,5564324.448024423,25.89957428951154,44.63552974774003,0.0,0.0,1.0,0.0
137,137,410.1252901189204,0.4101252901189204,Sector 1,181.35093174935812,0.0,1,0.25,2883128.609319327,5564323.490805875,25.89958495833812,44.63552362888652,0.0,0.0,1.0,0.0
137,137,410.1252901189204,0.4101252901189204,Sector 1,181.35093174935812,0.0,2,0.5,2883130.58873323,5564321.895441629,25.899602739715743,44.635513430795896,0.0,0.0,1.0,0.0
137,137,410.1252901189204,0.4101252901189204,Sector 1,181.35093174935812,0.0,3,0.75,2883132.568147133,5564320.3000773825,25.899620521093375,44.63550323270348,0.0,0.0,1.0,0.0
137,137,410.1252901189204,0.4101252901189204,Sector 1,181.35093174935812,0.0,4,0.9,2883133.755795475,5564319.342858834,25.89963118991995,44.63549711384717,0.0,0.0,1.0,0.0
138,138,413.1252901181167,0.4131252901181166,Sector 1,181.35093175554528,0.0,0,0.1,2883129.2829922955,5564324.520708097,25.89959101004536,44.635530212357786,0.0,0.0,1.0,0.0
138,138,413.1252901181167,0.4131252901181166,Sector 1,181.35093175554528,0.0,1,0.25,2883130.4607726648,5564323.563388806,25.899601590226432,44.63552409286033,0.0,0.0,1.0,0.0
138,138,413.1252901181167,0.4131252901181166,Sector 1,181.35093175554528,0.0,2,0.5,2883132.423739947,5564321.967856654,25.899619223861546,44.63551389369648,0.0,0.0,1.0,0.0
138,138,413.1252901181167,0.4131252901181166,Sector 1,181.35093175554528,0.0,3,0.75,2883134.386707229,5564320.372324502,25.899636857496667,44.63550369453085,0.0,0.0,1.0,0.0
138,138,413.1252901181167,0.4131252901181166,Sector 1,181.35093175554528,0.0,4,0.9,2883135.5644875984,5564319.415005211,25.89964743767774,44.6354975750306,0.0,0.0,1.0,0.0
139,139,416.1252901182439,0.4161252901182439,Sector 1,202.27380154982924,0.0,0,0.1,2883131.144313606,5564324.593391773,25.89960773057918,44.63553067697555,0.0,0.0,1.0,0.0
139,139,416.1252901182439,0.4161252901182439,Sector 1,202.27380154982924,0.0,1,0.25,2883132.312226003,5564323.635971739,25.899618222114746,44.63552455683416,0.0,0.0,1.0,0.0
139,139,416.1252901182439,0.4161252901182439,Sector 1,202.27380154982924,0.0,2,0.5,2883134.258746664,5564322.040271681,25.899635708007352,44.63551435659708,0.0,0.0,1.0,0.0
139,139,416.1252901182439,0.4161252901182439,Sector 1,202.27380154982924,0.0,3,0.75,2883136.2052673255,5564320.444571624,25.89965319389996,44.635504156358216,0.0,0.0,1.0,0.0
139,139,416.1252901182439,0.4161252901182439,Sector 1,202.27380154982924,0.0,4,0.9,2883137.3731797226,5564319.487151589,25.89966368543553,44.63549803621404,0.0,0.0,1.0,0.0
140,140,418.9697712642629,0.4189697712642629,Sector 1,218.6750658424091,0.0,0,0.1,2883132.9091447312,5564324.662307556,25.899623584326918,44.635531117507696,0.0,0.0,1.0,0.0
140,140,418.9697712642629,0.4189697712642629,Sector 1,218.6750658424091,0.0,1,0.25,2883134.0677007074,5564323.704792,25.899633991812326,44.635524996755755,0.0,0.0,1.0,0.0
140,140,418.9697712642629,0.4189697712642629,Sector 1,218.6750658424091,0.0,2,0.5,2883135.998627335,5564322.108932741,25.899651337621343,44.63551479550109,0.0,0.0,1.0,0.0
140,140,418.9697712642629,0.4189697712642629,Sector 1,218.6750658424091,0.0,3,0.75,2883137.929553962,5564320.513073482,25.89966868343036,44.63550459424462,0.0,0.0,1.0,0.0
140,140,418.9697712642629,0.4189697712642629,Sector 1,218.6750658424091,0.0,4,0.9,2883139.088109938,5564319.555557926,25.899679090915768,44.63549847348989,0.0,0.0,1.0,0.0
141,141,421.9697712637913,0.4219697712637913,Sector 1,218.67506583849487,0.0,0,0.1,2883134.7704660418,5564324.734991231,25.899640304860732,44.635531582125445,0.0,0.0,1.0,0.0
141,141,421.9697712637913,0.4219697712637913,Sector 1,218.67506583849487,0.0,1,0.25,2883135.9191540456,5564323.777374933,25.899650623700637,44.63552546072957,0.0,0.0,1.0,0.0
141,141,421.9697712637913,0.4219697712637913,Sector 1,218.67506583849487,0.0,2,0.5,2883137.8336340515,5564322.181347767,25.899667821767142,44.635515258401675,0.0,0.0,1.0,0.0
141,141,421.9697712637913,0.4219697712637913,Sector 1,218.67506583849487,0.0,3,0.75,2883139.748114058,5564320.585320602,25.89968501983365,44.635505056071985,0.0,0.0,1.0,0.0
141,141,421.9697712637913,0.4219697712637913,Sector 1,218.67506583849487,0.0,4,0.9,2883140.8968020617,5564319.627704304,25.899695338673556,44.63549893467332,0.0,0.0,1.0,0.0
142,142,424.9697712640468,0.4249697712640468,Sector 1,218.67506583589864,0.0,0,0.1,2883136.6317873527,5564324.807674906,25.899657025394557,44.63553204674319,0.0,0.0,1.0,0.0
142,142,424.9697712640468,0.4249697712640468,Sector 1,218.67506583589864,0.0,1,0.25,2883137.770607384,5564323.849957865,25.899667255588955,44.63552592470338,0.0,0.0,1.0,0.0
142,142,424.9697712640468,0.4249697712640468,Sector 1,218.67506583589864,0.0,2,0.5,2883139.668640769,5564322.253762794,25.899684305912952,44.635515721302255,0.0,0.0,1.0,0.0
142,142,424.9697712640468,0.4249697712640468,Sector 1,218.67506583589864,0.0,3,0.75,2883141.5666741547,5564320.657567723,25.899701356236953,44.63550551789934,0.0,0.0,1.0,0.0
142,142,424.9697712640468,0.4249697712640468,Sector 1,218.67506583589864,0.0,4,0.9,2883142.705494186,5564319.699850681,25.899711586431355,44.63549939585674,0.0,0.0,1.0,0.0
143,143,427.9697712643023,0.4279697712643023,Sector 1,218.67506585639583,0.0,0,0.1,2883138.493108664,5564324.880358582,25.899673745928386,44.635532511360935,0.0,0.0,1.0,0.0
143,143,427.9697712643023,0.4279697712643023,Sector 1,218.67506585639583,0.0,1,0.25,2883139.6220607227,5564323.922540797,25.899683887477277,44.635526388677185,0.0,0.0,1.0,0.0
143,143,427.9697712643023,0.4279697712643023,Sector 1,218.67506585639583,0.0,2,0.5,2883141.503647487,5564322.326177821,25.899700790058766,44.635516184202835,0.0,0.0,1.0,0.0
143,143,427.9697712643023,0.4279697712643023,Sector 1,218.67506585639583,0.0,3,0.75,2883143.3852342516,5564320.729814845,25.899717692640255,44.63550597972671,0.0,0.0,1.0,0.0
143,143,427.9697712643023,0.4279697712643023,Sector 1,218.67506585639583,0.0,4,0.9,2883144.51418631,5564319.771997059,25.899727834189147,44.63549985704016,0.0,0.0,1.0,0.0
144,144,430.9697712638308,0.4309697712638307,Sector 1,161.57064441473983,0.0,0,0.1,2883140.354429974,5564324.953042259,25.899690466462197,44.635532975978684,0.0,0.0,1.0,0.0
144,144,430.9697712638308,0.4309697712638307,Sector 1,161.57064441473983,0.0,1,0.25,2883141.4735140605,5564323.99512373,25.899700519365588,44.635526852651005,0.0,0.0,1.0,0.0
144,144,430.9697712638308,0.4309697712638307,Sector 1,161.57064441473983,0.0,2,0.5,2883143.3386542043,5564322.398592848,25.899717274204573,44.63551664710342,0.0,0.0,1.0,0.0
144,144,430.9697712638308,0.4309697712638307,Sector 1,161.57064441473983,0.0,3,0.75,2883145.2037943476,5564320.802061966,25.89973402904355,44.63550644155405,0.0,0.0,1.0,0.0
144,144,430.9697712638308,0.4309697712638307,Sector 1,161.57064441473983,0.0,4,0.9,2883146.322878434,5564319.844143437,25.899744081946938,44.63550031822358,0.0,0.0,1.0,0.0
145,145,432.3628516500789,0.4323628516500789,Sector 1,93.75033116501612,0.0,0,0.1,2883141.218753378,5564324.986793659,25.89969823081144,44.63553319172862,0.0,0.0,1.0,0.0
145,145,432.3628516500789,0.4323628516500789,Sector 1,93.75033116501612,0.0,1,0.25,2883142.333255171,5564324.028828349,25.899708242551384,44.63552706810193,0.0,0.0,1.0,0.0
145,145,432.3628516500789,0.4323628516500789,Sector 1,93.75033116501612,0.0,2,0.5,2883144.1907581594,5564322.432219498,25.899724928784636,44.63551686205599,0.0,0.0,1.0,0.0
145,145,432.3628516500789,0.4323628516500789,Sector 1,93.75033116501612,0.0,3,0.75,2883146.0482611484,5564320.835610647,25.89974161501789,44.63550665600825,0.0,0.0,1.0,0.0
145,145,432.3628516500789,0.4323628516500789,Sector 1,93.75033116501612,0.0,4,0.9,2883147.1627629413,5564319.877645337,25.899751626757837,44.63550053237876,0.0,0.0,1.0,0.0
146,146,435.36285165039794,0.4353628516503979,Sector 1,93.7503310841828,0.0,0,0.1,2883143.080092079,5564325.059024738,25.89971495150148,44.635533653453216,0.0,0.0,1.0,0.0
146,146,435.36285165039794,0.4353628516503979,Sector 1,93.7503310841828,0.0,1,0.25,2883144.184751985,5564324.1002797885,25.899724874830255,44.63552752484285,0.0,0.0,1.0,0.0
146,146,435.36285165039794,0.4353628516503979,Sector 1,93.7503310841828,0.0,2,0.5,2883146.0258518285,5564322.502371538,25.899741413711542,44.63551731049081,0.0,0.0,1.0,0.0
146,146,435.36285165039794,0.4353628516503979,Sector 1,93.7503310841828,0.0,3,0.75,2883147.866951672,5564320.904463289,25.899757952592832,44.635507096136976,0.0,0.0,1.0,0.0
146,146,435.36285165039794,0.4353628516503979,Sector 1,93.7503310841828,0.0,4,0.9,2883148.971611578,5564319.945718339,25.899767875921608,44.635500967523804,0.0,0.0,1.0,0.0
147,147,438.3628516501913,0.4383628516501913,Sector 1,93.75033113565718,0.0,0,0.1,2883144.941450257,5564325.130712661,25.89973167236648,44.635534111705766,0.0,0.0,1.0,0.0
147,147,438.3628516501913,0.4383628516501913,Sector 1,93.75033113565718,0.0,1,0.25,2883146.0362974913,5564324.17037334,25.899741507546526,44.635527972903716,0.0,0.0,1.0,0.0
147,147,438.3628516501913,0.4383628516501913,Sector 1,93.75033113565718,0.0,2,0.5,2883147.8610428814,5564322.569807805,25.899757899513265,44.635517741565515,0.0,0.0,1.0,0.0
147,147,438.3628516501913,0.4383628516501913,Sector 1,93.75033113565718,0.0,3,0.75,2883149.685788272,5564320.96924227,25.899774291480004,44.63550751022551,0.0,0.0,1.0,0.0
147,147,438.3628516501913,0.4383628516501913,Sector 1,93.75033113565718,0.0,4,0.9,2883150.7806355064,5564320.008902949,25.899784126660048,44.63550137142064,0.0,0.0,1.0,0.0
148,148,441.3628516504494,0.4413628516504493,Sector 1,93.75033110267684,0.0,0,0.1,2883146.802814487,5564325.202228555,25.899748393285858,44.63553456885866,0.0,0.0,1.0,0.0
148,148,441.3628516504494,0.4413628516504493,Sector 1,93.75033110267684,0.0,1,0.25,2883147.8878581272,5564324.240036818,25.899758140398717,44.6355284182154,0.0,0.0,1.0,0.0
148,148,441.3628516504494,0.4413628516504493,Sector 1,93.75033110267684,0.0,2,0.5,2883149.6962641943,5564322.636383923,25.899774385586817,44.63551816714186,0.0,0.0,1.0,0.0
148,148,441.3628516504494,0.4413628516504493,Sector 1,93.75033110267684,0.0,3,0.75,2883151.504670262,5564321.032731028,25.899790630774916,44.635507916066516,0.0,0.0,1.0,0.0
148,148,441.3628516504494,0.4413628516504493,Sector 1,93.75033110267684,0.0,4,0.9,2883152.589713902,5564320.070539291,25.89980037788778,44.635501765420436,0.0,0.0,1.0,0.0
149,149,444.3628516502428,0.4443628516502427,Sector 1,93.75033109725835,0.0,0,0.1,2883148.664178717,5564325.27374445,25.899765114205227,44.635535026011546,0.0,0.0,1.0,0.0
149,149,444.3628516502428,0.4443628516502427,Sector 1,93.75033109725835,0.0,1,0.25,2883149.739418763,5564324.309700297,25.899774773250904,44.63552886352709,0.0,0.0,1.0,0.0
149,149,444.3628516502428,0.4443628516502427,Sector 1,93.75033109725835,0.0,2,0.5,2883151.5314855073,5564322.702960042,25.899790871660368,44.63551859271822,0.0,0.0,1.0,0.0
149,149,444.3628516502428,0.4443628516502427,Sector 1,93.75033109725835,0.0,3,0.75,2883153.3235522513,5564321.096219786,25.899806970069832,44.63550832190752,0.0,0.0,1.0,0.0
149,149,444.3628516502428,0.4443628516502427,Sector 1,93.75033109725835,0.0,4,0.9,2883154.3987922976,5564320.132175634,25.899816629115506,44.635502159420234,0.0,0.0,1.0,0.0
150,150,447.3628516500361,0.4473628516500361,Sector 1,93.75033112117092,0.0,0,0.1,2883150.5255429465,5564325.3452603435,25.899781835124596,44.63553548316442,0.0,0.0,1.0,0.0
150,150,447.3628516500361,0.4473628516500361,Sector 1,93.75033112117092,0.0,1,0.25,2883151.590979399,5564324.379363774,25.89979140610309,44.63552930883876,0.0,0.0,1.0,0.0
150,150,447.3628516500361,0.4473628516500361,Sector 1,93.75033112117092,0.0,2,0.5,2883153.3667068197,5564322.769536159,25.899807357733913,44.63551901829455,0.0,0.0,1.0,0.0
150,150,447.3628516500361,0.4473628516500361,Sector 1,93.75033112117092,0.0,3,0.75,2883155.1424342403,5564321.159708544,25.899823309364738,44.635508727748515,0.0,0.0,1.0,0.0
150,150,447.3628516500361,0.4473628516500361,Sector 1,93.75033112117092,0.0,4,0.9,2883156.207870693,5564320.1938119745,25.899832880343236,44.63550255342002,0.0,0.0,1.0,0.0
151,151,450.3628516503552,0.4503628516503551,Sector 1,93.7503310782662,0.0,0,0.1,2883152.3869071766,5564325.416776238,25.899798556043965,44.6355359403173,0.0,0.0,1.0,0.0
151,151,450.3628516503552,0.4503628516503551,Sector 1,93.7503310782662,0.0,1,0.25,2883153.442540035,5564324.449027252,25.89980803895528,44.63552975415045,0.0,0.0,1.0,0.0
151,151,450.3628516503552,0.4503628516503551,Sector 1,93.7503310782662,0.0,2,0.5,2883155.2019281327,5564322.836112277,25.899823843807464,44.63551944387089,0.0,0.0,1.0,0.0
151,151,450.3628516503552,0.4503628516503551,Sector 1,93.7503310782662,0.0,3,0.75,2883156.9613162302,5564321.223197301,25.899839648659654,44.6355091335895,0.0,0.0,1.0,0.0
151,151,450.3628516503552,0.4503628516503551,Sector 1,93.7503310782662,0.0,4,0.9,2883158.016949089,5564320.255448315,25.899849131570964,44.63550294741979,0.0,0.0,1.0,0.0
152,152,453.3628516501485,0.4533628516501485,Sector 1,93.75033113922268,0.0,0,0.1,2883154.248271406,5564325.488292132,25.899815276963334,44.63553639747017,0.0,0.0,1.0,0.0
152,152,453.3628516501485,0.4533628516501485,Sector 1,93.75033113922268,0.0,1,0.25,2883155.294100671,5564324.5186907295,25.89982467180747,44.63553019946211,0.0,0.0,1.0,0.0
152,152,453.3628516501485,0.4533628516501485,Sector 1,93.75033113922268,0.0,2,0.5,2883157.037149445,5564322.902688394,25.899840329881012,44.63551986944722,0.0,0.0,1.0,0.0
152,152,453.3628516501485,0.4533628516501485,Sector 1,93.75033113922268,0.0,3,0.75,2883158.7801982197,5564321.286686059,25.899855987954563,44.6355095394305,0.0,0.0,1.0,0.0
152,152,453.3628516501485,0.4533628516501485,Sector 1,93.75033113922268,0.0,4,0.9,2883159.8260274846,5564320.317084657,25.899865382798698,44.63550334141958,0.0,0.0,1.0,0.0
153,153,456.3628516504066,0.4563628516504066,Sector 1,93.75033109676023,0.0,0,0.1,2883156.109635636,5564325.559808026,25.899831997882707,44.635536854623034,0.0,0.0,1.0,0.0
153,153,456.3628516504066,0.4563628516504066,Sector 1,93.75033109676023,0.0,1,0.25,2883157.145661307,5564324.5883542085,25.899841304659656,44.63553064477379,0.0,0.0,1.0,0.0
153,153,456.3628516504066,0.4563628516504066,Sector 1,93.75033109676023,0.0,2,0.5,2883158.872370758,5564322.969264513,25.899856815954564,44.63552029502356,0.0,0.0,1.0,0.0
153,153,456.3628516504066,0.4563628516504066,Sector 1,93.75033109676023,0.0,3,0.75,2883160.5990802096,5564321.350174817,25.89987232724948,44.635509945271494,0.0,0.0,1.0,0.0
153,153,456.3628516504066,0.4563628516504066,Sector 1,93.75033109676023,0.0,4,0.9,2883161.63510588,5564320.378721,25.899881634026425,44.63550373541936,0.0,0.0,1.0,0.0
154,154,459.3628516502,0.4593628516501999,Sector 1,93.75033110126616,0.0,0,0.1,2883157.9709998663,5564325.63132392,25.899848718802076,44.6355373117759,0.0,0.0,1.0,0.0
154,154,459.3628516502,0.4593628516501999,Sector 1,93.75033110126616,0.0,1,0.25,2883158.997221943,5564324.658017686,25.899857937511843,44.63553109008545,0.0,0.0,1.0,0.0
154,154,459.3628516502,0.4593628516501999,Sector 1,93.75033110126616,0.0,2,0.5,2883160.707592071,5564323.0358406305,25.899873302028116,44.63552072059989,0.0,0.0,1.0,0.0
154,154,459.3628516502,0.4593628516501999,Sector 1,93.75033110126616,0.0,3,0.75,2883162.4179621986,5564321.413663575,25.899888666544385,44.63551035111248,0.0,0.0,1.0,0.0
154,154,459.3628516502,0.4593628516501999,Sector 1,93.75033110126616,0.0,4,0.9,2883163.4441842753,5564320.440357341,25.899897885254152,44.63550412941913,0.0,0.0,1.0,0.0
155,155,462.3628516499933,0.4623628516499933,Sector 1,93.75033108636558,0.0,0,0.1,2883159.832364096,5564325.702839815,25.899865439721445,44.635537768928764,0.0,0.0,1.0,0.0
155,155,462.3628516499933,0.4623628516499933,Sector 1,93.75033108636558,0.0,1,0.25,2883160.8487825785,5564324.727681166,25.899874570364023,44.63553153539712,0.0,0.0,1.0,0.0
155,155,462.3628516499933,0.4623628516499933,Sector 1,93.75033108636558,0.0,2,0.5,2883162.542813383,5564323.102416749,25.89988978810166,44.63552114617622,0.0,0.0,1.0,0.0
155,155,462.3628516499933,0.4623628516499933,Sector 1,93.75033108636558,0.0,3,0.75,2883164.236844188,5564321.477152333,25.899905005839297,44.635510756953465,0.0,0.0,1.0,0.0
155,155,462.3628516499933,0.4623628516499933,Sector 1,93.75033108636558,0.0,4,0.9,2883165.2532626707,5564320.501993683,25.89991413648188,44.63550452341891,0.0,0.0,1.0,0.0
156,156,465.36285165031234,0.4653628516503123,Sector 1,93.7503311391668,0.0,0,0.1,2883161.693728326,5564325.77435571,25.899882160640814,44.63553822608163,0.0,0.0,1.0,0.0
156,156,465.36285165031234,0.4653628516503123,Sector 1,93.7503311391668,0.0,1,0.25,2883162.700343215,5564324.797344644,25.899891203216217,44.63553198070878,0.0,0.0,1.0,0.0
156,156,465.36285165031234,0.4653628516503123,Sector 1,93.7503311391668,0.0,2,0.5,2883164.378034696,5564323.168992868,25.899906274175212,44.63552157175255,0.0,0.0,1.0,0.0
156,156,465.36285165031234,0.4653628516503123,Sector 1,93.7503311391668,0.0,3,0.75,2883166.0557261775,5564321.540641092,25.89992134513421,44.635511162794444,0.0,0.0,1.0,0.0
156,156,465.36285165031234,0.4653628516503123,Sector 1,93.7503311391668,0.0,4,0.9,2883167.0623410665,5564320.563630026,25.89993038770961,44.635504917418686,0.0,0.0,1.0,0.0
157,157,468.3628516501057,0.4683628516501057,Sector 1,93.75033112382393,0.0,0,0.1,2883163.5550925555,5564325.845871602,25.899898881560183,44.63553868323447,0.0,0.0,1.0,0.0
157,157,468.3628516501057,0.4683628516501057,Sector 1,93.75033112382393,0.0,1,0.25,2883164.5519038504,5564324.867008121,25.8999078360684,44.635532426020426,0.0,0.0,1.0,0.0
157,157,468.3628516501057,0.4683628516501057,Sector 1,93.75033112382393,0.0,2,0.5,2883166.213256009,5564323.235568984,25.899922760248764,44.635521997328865,0.0,0.0,1.0,0.0
157,157,468.3628516501057,0.4683628516501057,Sector 1,93.75033112382393,0.0,3,0.75,2883167.8746081674,5564321.604129848,25.899937684429126,44.635511568635415,0.0,0.0,1.0,0.0
157,157,468.3628516501057,0.4683628516501057,Sector 1,93.75033112382393,0.0,4,0.9,2883168.8714194624,5564320.625266367,25.899946638937344,44.63550531141845,0.0,0.0,1.0,0.0
158,158,471.3628516503638,0.4713628516503638,Sector 1,93.7503310908436,0.0,0,0.1,2883165.416456786,5564325.917387496,25.89991560247956,44.635539140387316,0.0,0.0,1.0,0.0
158,158,471.3628516503638,0.4713628516503638,Sector 1,93.7503310908436,0.0,1,0.25,2883166.403464487,5564324.936671598,25.89992446892059,44.635532871332074,0.0,0.0,1.0,0.0
158,158,471.3628516503638,0.4713628516503638,Sector 1,93.7503310908436,0.0,2,0.5,2883168.048477322,5564323.302145101,25.899939246322315,44.63552242290517,0.0,0.0,1.0,0.0
158,158,471.3628516503638,0.4713628516503638,Sector 1,93.7503310908436,0.0,3,0.75,2883169.693490157,5564321.667618604,25.89995402372404,44.63551197447639,0.0,0.0,1.0,0.0
158,158,471.3628516503638,0.4713628516503638,Sector 1,93.7503310908436,0.0,4,0.9,2883170.6804978577,5564320.6869027065,25.89996289016507,44.635505705418204,0.0,0.0,1.0,0.0
159,159,474.3628516501572,0.4743628516501572,Sector 1,93.75033110438936,0.0,0,0.1,2883167.2778210156,5564325.98890339,25.89993232339893,44.635539597540166,0.0,0.0,1.0,0.0
159,159,474.3628516501572,0.4743628516501572,Sector 1,93.75033110438936,0.0,1,0.25,2883168.2550251223,5564325.006335076,25.899941101772775,44.63553331664373,0.0,0.0,1.0,0.0
159,159,474.3628516501572,0.4743628516501572,Sector 1,93.75033110438936,0.0,2,0.5,2883169.8836986343,5564323.36872122,25.89995573239586,44.63552284848149,0.0,0.0,1.0,0.0
159,159,474.3628516501572,0.4743628516501572,Sector 1,93.75033110438936,0.0,3,0.75,2883171.5123721464,5564321.7311073635,25.899970363018948,44.63551238031736,0.0,0.0,1.0,0.0
159,159,474.3628516501572,0.4743628516501572,Sector 1,93.75033110438936,0.0,4,0.9,2883172.489576253,5564320.748539049,25.899979141392798,44.635506099417974,0.0,0.0,1.0,0.0
160,160,477.3628516504152,0.4773628516504152,Sector 1,90.5074072860118,0.0,0,0.1,2883169.1391852456,5564326.060419285,25.899949044318298,44.63554005469301,0.0,0.0,1.0,0.0
160,160,477.3628516504152,0.4773628516504152,Sector 1,90.5074072860118,0.0,1,0.25,2883170.1065857587,5564325.075998555,25.899957734624966,44.63553376195538,0.0,0.0,1.0,0.0
160,160,477.3628516504152,0.4773628516504152,Sector 1,90.5074072860118,0.0,2,0.5,2883171.7189199473,5564323.435297338,25.89997221846941,44.6355232740578,0.0,0.0,1.0,0.0
160,160,477.3628516504152,0.4773628516504152,Sector 1,90.5074072860118,0.0,3,0.75,2883173.331254136,5564321.794596121,25.89998670231386,44.63551278615833,0.0,0.0,1.0,0.0
160,160,477.3628516504152,0.4773628516504152,Sector 1,90.5074072860118,0.0,4,0.9,2883174.298654649,5564320.810175391,25.89999539262053,44.635506493417736,0.0,0.0,1.0,0.0
161,161,480.3511793577159,0.4803511793577159,Sector 1,82.62936758137852,0.0,0,0.1,2883170.9933073465,5564326.131656927,25.899965700180516,44.63554051006718,0.0,0.0,1.0,0.0
161,161,480.3511793577159,0.4803511793577159,Sector 1,82.62936758137852,0.0,1,0.25,2883171.950942409,5564325.145390988,25.89997430276265,44.63553420553442,0.0,0.0,1.0,0.0
161,161,480.3511793577159,0.4803511793577159,Sector 1,82.62936758137852,0.0,2,0.5,2883173.547000847,5564323.5016144235,25.899988640399542,44.635523697978286,0.0,0.0,1.0,0.0
161,161,480.3511793577159,0.4803511793577159,Sector 1,82.62936758137852,0.0,3,0.75,2883175.1430592844,5564321.857837859,25.90000297803643,44.63551319042026,0.0,0.0,1.0,0.0
161,161,480.3511793577159,0.4803511793577159,Sector 1,82.62936758137852,0.0,4,0.9,2883176.100694347,5564320.87157192,25.90001158061856,44.63550688588453,0.0,0.0,1.0,0.0
162,162,483.3511793579292,0.4833511793579292,Sector 1,82.62936754390216,0.0,0,0.1,2883172.854671576,5564326.203172822,25.899982421099885,44.63554096722002,0.0,0.0,1.0,0.0
162,162,483.3511793579292,0.4833511793579292,Sector 1,82.62936754390216,0.0,1,0.25,2883173.8025030447,5564325.215054466,25.899990935614838,44.63553465084606,0.0,0.0,1.0,0.0
162,162,483.3511793579292,0.4833511793579292,Sector 1,82.62936754390216,0.0,2,0.5,2883175.3822221598,5564323.568190541,25.900005126473093,44.635524123554596,0.0,0.0,1.0,0.0
162,162,483.3511793579292,0.4833511793579292,Sector 1,82.62936754390216,0.0,3,0.75,2883176.9619412743,5564321.921326616,25.900019317331346,44.63551359626122,0.0,0.0,1.0,0.0
162,162,483.3511793579292,0.4833511793579292,Sector 1,82.62936754390216,0.0,4,0.9,2883177.909772743,5564320.933208261,25.900027831846295,44.63550727988428,0.0,0.0,1.0,0.0
163,163,486.3511793578001,0.4863511793578001,Sector 1,82.62936756730699,0.0,0,0.1,2883174.716035806,5564326.274688715,25.899999142019258,44.635541424372846,0.0,0.0,1.0,0.0
163,163,486.3511793578001,0.4863511793578001,Sector 1,82.62936756730699,0.0,1,0.25,2883175.654063681,5564325.2847179435,25.90000756846703,44.63553509615768,0.0,0.0,1.0,0.0
163,163,486.3511793578001,0.4863511793578001,Sector 1,82.62936756730699,0.0,2,0.5,2883177.2174434722,5564323.634766659,25.900021612546638,44.6355245491309,0.0,0.0,1.0,0.0
163,163,486.3511793578001,0.4863511793578001,Sector 1,82.62936756730699,0.0,3,0.75,2883178.7808232633,5564321.984815373,25.90003565662625,44.63551400210218,0.0,0.0,1.0,0.0
163,163,486.3511793578001,0.4863511793578001,Sector 1,82.62936756730699,0.0,4,0.9,2883179.7188511384,5564320.9948446015,25.90004408307402,44.63550767388403,0.0,0.0,1.0,0.0
164,164,489.3511793580134,0.4893511793580133,Sector 1,82.62936755636758,0.0,0,0.1,2883176.5774000357,5564326.346204609,25.900015862938623,44.63554188152567,0.0,0.0,1.0,0.0
164,164,489.3511793580134,0.4893511793580133,Sector 1,82.62936755636758,0.0,1,0.25,2883177.5056243166,5564325.354381422,25.900024201319212,44.635535541469324,0.0,0.0,1.0,0.0
164,164,489.3511793580134,0.4893511793580133,Sector 1,82.62936755636758,0.0,2,0.5,2883179.0526647847,5564323.701342776,25.900038098620186,44.63552497470719,0.0,0.0,1.0,0.0
164,164,489.3511793580134,0.4893511793580133,Sector 1,82.62936755636758,0.0,3,0.75,2883180.5997052533,5564322.04830413,25.900051995921167,44.63551440794313,0.0,0.0,1.0,0.0
164,164,489.3511793580134,0.4893511793580133,Sector 1,82.62936755636758,0.0,4,0.9,2883181.527929534,5564321.056480943,25.900060334301756,44.63550806788378,0.0,0.0,1.0,0.0
165,165,492.3511793578843,0.4923511793578843,Sector 1,76.12061727659835,0.0,0,0.1,2883178.4387642657,5564326.417720501,25.900032583857996,44.63554233867849,0.0,0.0,1.0,0.0
165,165,492.3511793578843,0.4923511793578843,Sector 1,76.12061727659835,0.0,1,0.25,2883179.357184953,5564325.424044898,25.900040834171403,44.63553598678094,0.0,0.0,1.0,0.0
165,165,492.3511793578843,0.4923511793578843,Sector 1,76.12061727659835,0.0,2,0.5,2883180.8878860977,5564323.767918893,25.900054584693738,44.63552540028348,0.0,0.0,1.0,0.0
165,165,492.3511793578843,0.4923511793578843,Sector 1,76.12061727659835,0.0,3,0.75,2883182.4185872427,5564322.1117928885,25.900068335216076,44.635514813784084,0.0,0.0,1.0,0.0
165,165,492.3511793578843,0.4923511793578843,Sector 1,76.12061727659835,0.0,4,0.9,2883183.3370079296,5564321.118117285,25.90007658552948,44.63550846188353,0.0,0.0,1.0,0.0
166,166,495.34696510480507,0.4953469651048051,Sector 1,74.70419553700162,0.0,0,0.1,2883180.2975137425,5564326.489135934,25.900049281288638,44.63554279518913,0.0,0.0,1.0,0.0
166,166,495.34696510480507,0.4953469651048051,Sector 1,74.70419553700162,0.0,1,0.25,2883181.206144607,5564325.493610517,25.90005744365857,44.63553643146702,0.0,0.0,1.0,0.0
166,166,495.34696510480507,0.4953469651048051,Sector 1,74.70419553700162,0.0,2,0.5,2883182.720529381,5564323.834401488,25.900071047608456,44.63552582526194,0.0,0.0,1.0,0.0
166,166,495.34696510480507,0.4953469651048051,Sector 1,74.70419553700162,0.0,3,0.75,2883184.2349141557,5564322.17519246,25.900084651558345,44.63551521905493,0.0,0.0,1.0,0.0
166,166,495.34696510480507,0.4953469651048051,Sector 1,74.70419553700162,0.0,4,0.9,2883185.1435450204,5564321.179667043,25.90009281392828,44.635508855329796,0.0,0.0,1.0,0.0
167,167,498.34696510516346,0.4983469651051634,Sector 1,74.70419550519341,0.0,0,0.1,2883182.1588779725,5564326.560651829,25.90006600220801,44.635543252341954,0.0,0.0,1.0,0.0
167,167,498.34696510516346,0.4983469651051634,Sector 1,74.70419550519341,0.0,1,0.25,2883183.057705243,5564325.563273995,25.90007407651076,44.635536876778644,0.0,0.0,1.0,0.0
167,167,498.34696510516346,0.4983469651051634,Sector 1,74.70419550519341,0.0,2,0.5,2883184.555750694,5564323.900977606,25.900087533682008,44.63552625083823,0.0,0.0,1.0,0.0
167,167,498.34696510516346,0.4983469651051634,Sector 1,74.70419550519341,0.0,3,0.75,2883186.0537961456,5564322.238681218,25.90010099085326,44.63551562489588,0.0,0.0,1.0,0.0
167,167,498.34696510516346,0.4983469651051634,Sector 1,74.70419550519341,0.0,4,0.9,2883186.952623416,5564321.241303384,25.900109065156013,44.63550924932953,0.0,0.0,1.0,0.0
168,168,501.3469651050727,0.5013469651050727,Sector 1,74.70419550469717,0.0,0,0.1,2883184.020242202,5564326.632167722,25.900082723127376,44.63554370949476,0.0,0.0,1.0,0.0
168,168,501.3469651050727,0.5013469651050727,Sector 1,74.70419550469717,0.0,1,0.25,2883184.909265879,5564325.632937473,25.900090709362946,44.63553732209026,0.0,0.0,1.0,0.0
168,168,501.3469651050727,0.5013469651050727,Sector 1,74.70419550469717,0.0,2,0.5,2883186.390972007,5564323.967553725,25.90010401975556,44.63552667641452,0.0,0.0,1.0,0.0
168,168,501.3469651050727,0.5013469651050727,Sector 1,74.70419550469717,0.0,3,0.75,2883187.872678135,5564322.302169976,25.900117330148177,44.63551603073683,0.0,0.0,1.0,0.0
168,168,501.3469651050727,0.5013469651050727,Sector 1,74.70419550469717,0.0,4,0.9,2883188.761701812,5564321.302939727,25.900125316383743,44.635509643329286,0.0,0.0,1.0,0.0
169,169,504.3469651049819,0.5043469651049819,Sector 1,74.70419553705011,0.0,0,0.1,2883185.881606432,5564326.703683618,25.90009944404675,44.635544166647584,0.0,0.0,1.0,0.0
169,169,504.3469651049819,0.5043469651049819,Sector 1,74.70419553705011,0.0,1,0.25,2883186.760826515,5564325.702600952,25.900107342215136,44.635537767401885,0.0,0.0,1.0,0.0
169,169,504.3469651049819,0.5043469651049819,Sector 1,74.70419553705011,0.0,2,0.5,2883188.2261933195,5564324.034129843,25.900120505829108,44.63552710199081,0.0,0.0,1.0,0.0
169,169,504.3469651049819,0.5043469651049819,Sector 1,74.70419553705011,0.0,3,0.75,2883189.691560124,5564322.365658734,25.900133669443083,44.63551643657778,0.0,0.0,1.0,0.0
169,169,504.3469651049819,0.5043469651049819,Sector 1,74.70419553705011,0.0,4,0.9,2883190.570780207,5564321.364576068,25.900141567611467,44.63551003732901,0.0,0.0,1.0,0.0
170,170,507.3469651048911,0.5073469651048911,Sector 1,74.70419553833773,0.0,0,0.1,2883187.742970662,5564326.775199511,25.90011616496612,44.63554462380038,0.0,0.0,1.0,0.0
170,170,507.3469651048911,0.5073469651048911,Sector 1,74.70419553833773,0.0,1,0.25,2883188.612387151,5564325.772264429,25.900123975067324,44.635538212713485,0.0,0.0,1.0,0.0
170,170,507.3469651048911,0.5073469651048911,Sector 1,74.70419553833773,0.0,2,0.5,2883190.0614146325,5564324.10070596,25.90013699190266,44.63552752756708,0.0,0.0,1.0,0.0
170,170,507.3469651048911,0.5073469651048911,Sector 1,74.70419553833773,0.0,3,0.75,2883191.510442114,5564322.42914749,25.900150008738,44.6355168424187,0.0,0.0,1.0,0.0
170,170,507.3469651048911,0.5073469651048911,Sector 1,74.70419553833773,0.0,4,0.9,2883192.379858603,5564321.426212409,25.900157818839197,44.63551043132874,0.0,0.0,1.0,0.0
171,171,510.3469651048004,0.5103469651048004,Sector 1,74.70419553581098,0.0,0,0.1,2883189.604334892,5564326.846715406,25.900132885885487,44.635545080953186,0.0,0.0,1.0,0.0
171,171,510.3469651048004,0.5103469651048004,Sector 1,74.70419553581098,0.0,1,0.25,2883190.463947787,5564325.841927908,25.90014060791951,44.6355386580251,0.0,0.0,1.0,0.0
171,171,510.3469651048004,0.5103469651048004,Sector 1,74.70419553581098,0.0,2,0.5,2883191.896635945,5564324.167282078,25.900153477976204,44.63552795314336,0.0,0.0,1.0,0.0
171,171,510.3469651048004,0.5103469651048004,Sector 1,74.70419553581098,0.0,3,0.75,2883193.329324103,5564322.4926362485,25.900166348032904,44.635517248259646,0.0,0.0,1.0,0.0
171,171,510.3469651048004,0.5103469651048004,Sector 1,74.70419553581098,0.0,4,0.9,2883194.188936998,5564321.487848751,25.900174070066925,44.63551082532848,0.0,0.0,1.0,0.0
172,172,513.3469651051588,0.5133469651051588,Sector 1,74.70419550960094,0.0,0,0.1,2883191.465699122,5564326.918231299,25.90014960680486,44.63554553810599,0.0,0.0,1.0,0.0
172,172,513.3469651051588,0.5133469651051588,Sector 1,74.70419550960094,0.0,1,0.25,2883192.315508423,5564325.9115913855,25.900157240771698,44.635539103336704,0.0,0.0,1.0,0.0
172,172,513.3469651051588,0.5133469651051588,Sector 1,74.70419550960094,0.0,2,0.5,2883193.731857258,5564324.233858196,25.900169964049756,44.635528378719634,0.0,0.0,1.0,0.0
172,172,513.3469651051588,0.5133469651051588,Sector 1,74.70419550960094,0.0,3,0.75,2883195.148206093,5564322.556125007,25.90018268732782,44.63551765410059,0.0,0.0,1.0,0.0
172,172,513.3469651051588,0.5133469651051588,Sector 1,74.70419550960094,0.0,4,0.9,2883195.998015394,5564321.549485093,25.90019032129466,44.63551121932821,0.0,0.0,1.0,0.0
173,173,516.3469651050681,0.5163469651050681,Sector 1,74.70419554017008,0.0,0,0.1,2883193.327063352,5564326.989747194,25.90016632772423,44.63554599525879,0.0,0.0,1.0,0.0
173,173,516.3469651050681,0.5163469651050681,Sector 1,74.70419554017008,0.0,1,0.25,2883194.167069059,5564325.981254864,25.900173873623885,44.6355395486483,0.0,0.0,1.0,0.0
173,173,516.3469651050681,0.5163469651050681,Sector 1,74.70419554017008,0.0,2,0.5,2883195.567078571,5564324.300434314,25.90018645012331,44.6355288042959,0.0,0.0,1.0,0.0
173,173,516.3469651050681,0.5163469651050681,Sector 1,74.70419554017008,0.0,3,0.75,2883196.9670880823,5564322.619613764,25.90019902662273,44.63551805994152,0.0,0.0,1.0,0.0
173,173,516.3469651050681,0.5163469651050681,Sector 1,74.70419554017008,0.0,4,0.9,2883197.80709379,5564321.611121434,25.90020657252239,44.63551161332792,0.0,0.0,1.0,0.0
174,174,519.3469651049774,0.5193469651049774,Sector 1,74.7041955083618,0.0,0,0.1,2883195.1884275815,5564327.061263088,25.900183048643598,44.63554645241158,0.0,0.0,1.0,0.0
174,174,519.3469651049774,0.5193469651049774,Sector 1,74.7041955083618,0.0,1,0.25,2883196.0186296944,5564326.050918342,25.90019050647607,44.6355399939599,0.0,0.0,1.0,0.0
174,174,519.3469651049774,0.5193469651049774,Sector 1,74.7041955083618,0.0,2,0.5,2883197.4022998833,5564324.367010431,25.90020293619686,44.63552922987217,0.0,0.0,1.0,0.0
174,174,519.3469651049774,0.5193469651049774,Sector 1,74.7041955083618,0.0,3,0.75,2883198.7859700723,5564322.683102522,25.900215365917646,44.63551846578245,0.0,0.0,1.0,0.0
174,174,519.3469651049774,0.5193469651049774,Sector 1,74.7041955083618,0.0,4,0.9,2883199.616172185,5564321.6727577755,25.900222823750116,44.635512007327655,0.0,0.0,1.0,0.0
175,175,522.3469651048866,0.5223469651048867,Sector 1,74.70419552619734,0.0,0,0.1,2883197.0497918115,5564327.132778982,25.90019976956297,44.63554690956437,0.0,0.0,1.0,0.0
175,175,522.3469651048866,0.5223469651048867,Sector 1,74.70419552619734,0.0,1,0.25,2883197.870190331,5564326.12058182,25.90020713932826,44.63554043927149,0.0,0.0,1.0,0.0
175,175,522.3469651048866,0.5223469651048867,Sector 1,74.70419552619734,0.0,2,0.5,2883199.237521196,5564324.433586549,25.900219422270407,44.63552965544843,0.0,0.0,1.0,0.0
175,175,522.3469651048866,0.5223469651048867,Sector 1,74.70419552619734,0.0,3,0.75,2883200.6048520613,5564322.746591279,25.900231705212555,44.63551887162337,0.0,0.0,1.0,0.0
175,175,522.3469651048866,0.5223469651048867,Sector 1,74.70419552619734,0.0,4,0.9,2883201.4252505805,5564321.734394117,25.900239074977844,44.63551240132737,0.0,0.0,1.0,0.0
176,176,525.3469651047959,0.525346965104796,Sector 1,74.7041955254544,0.0,0,0.1,2883198.911156041,5564327.204294875,25.90021649048234,44.63554736671714,0.0,0.0,1.0,0.0
176,176,525.3469651047959,0.525346965104796,Sector 1,74.7041955254544,0.0,1,0.25,2883199.7217509663,5564326.190245297,25.900223772180443,44.63554088458308,0.0,0.0,1.0,0.0
176,176,525.3469651047959,0.525346965104796,Sector 1,74.7041955254544,0.0,2,0.5,2883201.0727425087,5564324.500162667,25.900235908343955,44.63553008102469,0.0,0.0,1.0,0.0
176,176,525.3469651047959,0.525346965104796,Sector 1,74.7041955254544,0.0,3,0.75,2883202.423734051,5564322.810080037,25.90024804450747,44.6355192774643,0.0,0.0,1.0,0.0
176,176,525.3469651047959,0.525346965104796,Sector 1,74.7041955254544,0.0,4,0.9,2883203.2343289764,5564321.796030459,25.900255326205574,44.63551279532709,0.0,0.0,1.0,0.0
177,177,528.3469651051544,0.5283469651051543,Sector 1,74.70419554150612,0.0,0,0.1,2883200.772520271,5564327.275810769,25.90023321140171,44.63554782386993,0.0,0.0,1.0,0.0
177,177,528.3469651051544,0.5283469651051543,Sector 1,74.70419554150612,0.0,1,0.25,2883201.5733116027,5564326.259908775,25.900240405032633,44.635541329894664,0.0,0.0,1.0,0.0
177,177,528.3469651051544,0.5283469651051543,Sector 1,74.70419554150612,0.0,2,0.5,2883202.9079638217,5564324.566738784,25.900252394417507,44.635530506600944,0.0,0.0,1.0,0.0
177,177,528.3469651051544,0.5283469651051543,Sector 1,74.70419554150612,0.0,3,0.75,2883204.2426160406,5564322.873568795,25.90026438380238,44.63551968330521,0.0,0.0,1.0,0.0
177,177,528.3469651051544,0.5283469651051543,Sector 1,74.70419554150612,0.0,4,0.9,2883205.043407372,5564321.8576668,25.90027157743331,44.635513189326794,0.0,0.0,1.0,0.0
178,178,531.3469651050636,0.5313469651050636,Sector 1,74.70419548958222,0.0,0,0.1,2883202.633884501,5564327.347326663,25.90024993232108,44.63554828102271,0.0,0.0,1.0,0.0
178,178,531.3469651050636,0.5313469651050636,Sector 1,74.70419548958222,0.0,1,0.25,2883203.4248722387,5564326.329572253,25.900257037884824,44.635541775206256,0.0,0.0,1.0,0.0
178,178,531.3469651050636,0.5313469651050636,Sector 1,74.70419548958222,0.0,2,0.5,2883204.7431851346,5564324.633314902,25.90026888049106,44.635530932177204,0.0,0.0,1.0,0.0
178,178,531.3469651050636,0.5313469651050636,Sector 1,74.70419548958222,0.0,3,0.75,2883206.06149803,5564322.937057552,25.900280723097293,44.635520089146134,0.0,0.0,1.0,0.0
178,178,531.3469651050636,0.5313469651050636,Sector 1,74.70419548958222,0.0,4,0.9,2883206.8524857676,5564321.9193031415,25.900287828661035,44.635513583326514,0.0,0.0,1.0,0.0
179,179,534.3469651049729,0.5343469651049729,Sector 1,74.70419553110105,0.0,0,0.1,2883204.4952487308,5564327.418842557,25.90026665324045,44.63554873817549,0.0,0.0,1.0,0.0
179,179,534.3469651049729,0.5343469651049729,Sector 1,74.70419553110105,0.0,1,0.25,2883205.276432874,5564326.399235731,25.900273670737004,44.635542220517834,0.0,0.0,1.0,0.0
179,179,534.3469651049729,0.5343469651049729,Sector 1,74.70419553110105,0.0,2,0.5,2883206.5784064466,5564324.69989102,25.900285366564603,44.63553135775345,0.0,0.0,1.0,0.0
179,179,534.3469651049729,0.5343469651049729,Sector 1,74.70419553110105,0.0,3,0.75,2883207.8803800195,5564323.000546308,25.9002970623922,44.635520494987034,0.0,0.0,1.0,0.0
179,179,534.3469651049729,0.5343469651049729,Sector 1,74.70419553110105,0.0,4,0.9,2883208.661564163,5564321.980939482,25.90030407988876,44.63551397732621,0.0,0.0,1.0,0.0
180,180,537.3469651048822,0.5373469651048822,Sector 1,74.70419552500653,0.0,0,0.1,2883206.356612961,5564327.490358451,25.90028337415982,44.63554919532825,0.0,0.0,1.0,0.0
180,180,537.3469651048822,0.5373469651048822,Sector 1,74.70419552500653,0.0,1,0.25,2883207.1279935106,5564326.468899209,25.9002903035892,44.635542665829405,0.0,0.0,1.0,0.0
180,180,537.3469651048822,0.5373469651048822,Sector 1,74.70419552500653,0.0,2,0.5,2883208.4136277596,5564324.766467138,25.900301852638155,44.635531783329704,0.0,0.0,1.0,0.0
180,180,537.3469651048822,0.5373469651048822,Sector 1,74.70419552500653,0.0,3,0.75,2883209.699262009,5564323.064035067,25.900313401687114,44.635520900827956,0.0,0.0,1.0,0.0
180,180,537.3469651048822,0.5373469651048822,Sector 1,74.70419552500653,0.0,4,0.9,2883210.4706425588,5564322.042575825,25.900320331116493,44.63551437132593,0.0,0.0,1.0,0.0
181,181,540.3469651047915,0.5403469651047915,Sector 1,70.64647546228616,0.0,0,0.1,2883208.2179771904,5564327.561874345,25.90030009507919,44.63554965248102,0.0,0.0,1.0,0.0
181,181,540.3469651047915,0.5403469651047915,Sector 1,70.64647546228616,0.0,1,0.25,2883208.979554146,5564326.538562686,25.90030693644138,44.635543111140976,0.0,0.0,1.0,0.0
181,181,540.3469651047915,0.5403469651047915,Sector 1,70.64647546228616,0.0,2,0.5,2883210.2488490725,5564324.833043255,25.900318338711706,44.635532208905936,0.0,0.0,1.0,0.0
181,181,540.3469651047915,0.5403469651047915,Sector 1,70.64647546228616,0.0,3,0.75,2883211.5181439985,5564323.127523825,25.900329740982023,44.63552130666886,0.0,0.0,1.0,0.0
181,181,540.3469651047915,0.5403469651047915,Sector 1,70.64647546228616,0.0,4,0.9,2883212.279720954,5564322.104212166,25.90033658234422,44.635514765325624,0.0,0.0,1.0,0.0
182,182,543.3432890978456,0.5433432890978456,Sector 1,68.66362728582078,0.0,0,0.1,2883210.0770606245,5564327.6333026085,25.90031679550982,44.63555010907362,0.0,0.0,1.0,0.0
182,182,543.3432890978456,0.5433432890978456,Sector 1,68.66362728582078,0.0,1,0.25,2883210.8288459987,5564326.608140804,25.90032354891274,44.63554355590689,0.0,0.0,1.0,0.0
182,182,543.3432890978456,0.5433432890978456,Sector 1,68.66362728582078,0.0,2,0.5,2883212.081821623,5564324.899537795,25.90033480458428,44.635532633960715,0.0,0.0,1.0,0.0
182,182,543.3432890978456,0.5433432890978456,Sector 1,68.66362728582078,0.0,3,0.75,2883213.334797247,5564323.190934787,25.900346060255817,44.63552171201247,0.0,0.0,1.0,0.0
182,182,543.3432890978456,0.5433432890978456,Sector 1,68.66362728582078,0.0,4,0.9,2883214.086582621,5564322.165772982,25.900352813658735,44.635515158842544,0.0,0.0,1.0,0.0
183,183,546.3432890976723,0.5463432890976723,Sector 1,68.66362725239344,0.0,0,0.1,2883211.938424854,5564327.704818503,25.90033351642919,44.635550566226385,0.0,0.0,1.0,0.0
183,183,546.3432890976723,0.5463432890976723,Sector 1,68.66362725239344,0.0,1,0.25,2883212.6804066347,5564326.677804282,25.90034018176493,44.63554400121846,0.0,0.0,1.0,0.0
183,183,546.3432890976723,0.5463432890976723,Sector 1,68.66362725239344,0.0,2,0.5,2883213.9170429353,5564324.966113914,25.900351290657827,44.635533059536954,0.0,0.0,1.0,0.0
183,183,546.3432890976723,0.5463432890976723,Sector 1,68.66362725239344,0.0,3,0.75,2883215.1536792363,5564323.254423546,25.900362399550726,44.63552211785338,0.0,0.0,1.0,0.0
183,183,546.3432890976723,0.5463432890976723,Sector 1,68.66362725239344,0.0,4,0.9,2883215.895661017,5564322.227409325,25.90036906488647,44.63551555284224,0.0,0.0,1.0,0.0
184,184,549.3432890978378,0.5493432890978378,Sector 1,68.66362728092452,0.0,0,0.1,2883213.799789084,5564327.7763343975,25.90035023734856,44.635551023379136,0.0,0.0,1.0,0.0
184,184,549.3432890978378,0.5493432890978378,Sector 1,68.66362728092452,0.0,1,0.25,2883214.5319672707,5564326.74746776,25.900356814617115,44.63554444653003,0.0,0.0,1.0,0.0
184,184,549.3432890978378,0.5493432890978378,Sector 1,68.66362728092452,0.0,2,0.5,2883215.752264248,5564325.032690031,25.90036777673138,44.63553348511319,0.0,0.0,1.0,0.0
184,184,549.3432890978378,0.5493432890978378,Sector 1,68.66362728092452,0.0,3,0.75,2883216.972561226,5564323.317912303,25.900378738845642,44.635522523694284,0.0,0.0,1.0,0.0
184,184,549.3432890978378,0.5493432890978378,Sector 1,68.66362728092452,0.0,4,0.9,2883217.7047394128,5564322.289045665,25.9003853161142,44.63551594684194,0.0,0.0,1.0,0.0
185,185,552.3432890976644,0.5523432890976644,Sector 1,68.66362724110627,0.0,0,0.1,2883215.6611533137,5564327.847850291,25.900366958267927,44.635551480531895,0.0,0.0,1.0,0.0
185,185,552.3432890976644,0.5523432890976644,Sector 1,68.66362724110627,0.0,1,0.25,2883216.3835279066,5564326.817131238,25.900373447469303,44.63554489184159,0.0,0.0,1.0,0.0
185,185,552.3432890976644,0.5523432890976644,Sector 1,68.66362724110627,0.0,2,0.5,2883217.587485561,5564325.099266149,25.90038426280493,44.635533910689425,0.0,0.0,1.0,0.0
185,185,552.3432890976644,0.5523432890976644,Sector 1,68.66362724110627,0.0,3,0.75,2883218.791443215,5564323.38140106,25.90039507814055,44.63552292953517,0.0,0.0,1.0,0.0
185,185,552.3432890976644,0.5523432890976644,Sector 1,68.66362724110627,0.0,4,0.9,2883219.513817808,5564322.350682007,25.900401567341927,44.63551634084163,0.0,0.0,1.0,0.0
186,186,555.3432890982637,0.5553432890982637,Sector 1,68.66362727356795,0.0,0,0.1,2883217.522517544,5564327.919366185,25.900383679187303,44.63555193768464,0.0,0.0,1.0,0.0
186,186,555.3432890982637,0.5553432890982637,Sector 1,68.66362727356795,0.0,1,0.25,2883218.235088543,5564326.886794715,25.900390080321497,44.63554533715314,0.0,0.0,1.0,0.0
186,186,555.3432890982637,0.5553432890982637,Sector 1,68.66362727356795,0.0,2,0.5,2883219.422706874,5564325.165842267,25.900400748878482,44.63553433626565,0.0,0.0,1.0,0.0
186,186,555.3432890982637,0.5553432890982637,Sector 1,68.66362727356795,0.0,3,0.75,2883220.610325205,5564323.444889818,25.900411417435468,44.63552333537607,0.0,0.0,1.0,0.0
186,186,555.3432890982637,0.5553432890982637,Sector 1,68.66362727356795,0.0,4,0.9,2883221.322896204,5564322.412318349,25.900417818569657,44.635516734841325,0.0,0.0,1.0,0.0
187,187,558.3432890980903,0.5583432890980903,Sector 1,68.66362728439663,0.0,0,0.1,2883219.3838817743,5564327.990882078,25.900400400106676,44.63555239483738,0.0,0.0,1.0,0.0
187,187,558.3432890980903,0.5583432890980903,Sector 1,68.66362728439663,0.0,1,0.25,2883220.086649179,5564326.956458193,25.900406713173684,44.635545782464696,0.0,0.0,1.0,0.0
187,187,558.3432890980903,0.5583432890980903,Sector 1,68.66362728439663,0.0,2,0.5,2883221.257928187,5564325.232418384,25.900417234952034,44.635534761841875,0.0,0.0,1.0,0.0
187,187,558.3432890980903,0.5583432890980903,Sector 1,68.66362728439663,0.0,3,0.75,2883222.4292071946,5564323.5083785765,25.900427756730377,44.63552374121697,0.0,0.0,1.0,0.0
187,187,558.3432890980903,0.5583432890980903,Sector 1,68.66362728439663,0.0,4,0.9,2883223.1319745993,5564322.473954691,25.900434069797388,44.63551712884101,0.0,0.0,1.0,0.0
188,188,561.3432890979169,0.5613432890979169,Sector 1,68.66362725342952,0.0,0,0.1,2883221.245246004,5564328.062397973,25.90041712102604,44.63555285199013,0.0,0.0,1.0,0.0
188,188,561.3432890979169,0.5613432890979169,Sector 1,68.66362725342952,0.0,1,0.25,2883221.9382098145,5564327.026121671,25.900423346025867,44.635546227776246,0.0,0.0,1.0,0.0
188,188,561.3432890979169,0.5613432890979169,Sector 1,68.66362725342952,0.0,2,0.5,2883223.093149499,5564325.298994502,25.900433721025575,44.6355351874181,0.0,0.0,1.0,0.0
188,188,561.3432890979169,0.5613432890979169,Sector 1,68.66362725342952,0.0,3,0.75,2883224.248089184,5564323.571867333,25.90044409602529,44.63552414705784,0.0,0.0,1.0,0.0
188,188,561.3432890979169,0.5613432890979169,Sector 1,68.66362725342952,0.0,4,0.9,2883224.9410529947,5564322.535591031,25.900450321025115,44.63551752284069,0.0,0.0,1.0,0.0
189,189,564.3432890980824,0.5643432890980824,Sector 1,68.66362726425814,0.0,0,0.1,2883223.106610234,5564328.133913866,25.900433841945414,44.635553309142864,0.0,0.0,1.0,0.0
189,189,564.3432890980824,0.5643432890980824,Sector 1,68.66362726425814,0.0,1,0.25,2883223.789770451,5564327.095785148,25.900439978878058,44.63554667308779,0.0,0.0,1.0,0.0
189,189,564.3432890980824,0.5643432890980824,Sector 1,68.66362726425814,0.0,2,0.5,2883224.928370812,5564325.36557062,25.900450207099126,44.63553561299432,0.0,0.0,1.0,0.0
189,189,564.3432890980824,0.5643432890980824,Sector 1,68.66362726425814,0.0,3,0.75,2883226.0669711735,5564323.635356091,25.9004604353202,44.635524552898744,0.0,0.0,1.0,0.0
189,189,564.3432890980824,0.5643432890980824,Sector 1,68.66362726425814,0.0,4,0.9,2883226.7501313905,5564322.597227373,25.900466572252842,44.63551791684038,0.0,0.0,1.0,0.0
190,190,567.3432890979091,0.5673432890979091,Sector 1,68.66362726377531,0.0,0,0.1,2883224.9679744635,5564328.205429761,25.90045056286478,44.635553766295594,0.0,0.0,1.0,0.0
190,190,567.3432890979091,0.5673432890979091,Sector 1,68.66362726377531,0.0,1,0.25,2883225.641331087,5564327.165448627,25.900456611730245,44.63554711839933,0.0,0.0,1.0,0.0
190,190,567.3432890979091,0.5673432890979091,Sector 1,68.66362726377531,0.0,2,0.5,2883226.763592125,5564325.432146737,25.900466693172678,44.635536038570535,0.0,0.0,1.0,0.0
190,190,567.3432890979091,0.5673432890979091,Sector 1,68.66362726377531,0.0,3,0.75,2883227.885853163,5564323.698844848,25.90047677461511,44.635524958739616,0.0,0.0,1.0,0.0
190,190,567.3432890979091,0.5673432890979091,Sector 1,68.66362726377531,0.0,4,0.9,2883228.5592097864,5564322.658863715,25.900482823480576,44.635518310840055,0.0,0.0,1.0,0.0
191,191,570.3432890980746,0.5703432890980746,Sector 1,68.66362727706428,0.0,0,0.1,2883226.8293386935,5564328.276945656,25.900467283784153,44.635554223448345,0.0,0.0,1.0,0.0
191,191,570.3432890980746,0.5703432890980746,Sector 1,68.66362727706428,0.0,1,0.25,2883227.4928917224,5564327.235112106,25.90047324458243,44.63554756371089,0.0,0.0,1.0,0.0
191,191,570.3432890980746,0.5703432890980746,Sector 1,68.66362727706428,0.0,2,0.5,2883228.598813438,5564325.498722857,25.90048317924623,44.63553646414676,0.0,0.0,1.0,0.0
191,191,570.3432890980746,0.5703432890980746,Sector 1,68.66362727706428,0.0,3,0.75,2883229.704735153,5564323.762333606,25.900493113910027,44.6355253645805,0.0,0.0,1.0,0.0
191,191,570.3432890980746,0.5703432890980746,Sector 1,68.66362727706428,0.0,4,0.9,2883230.3682881817,5564322.720500057,25.900499074708303,44.63551870483973,0.0,0.0,1.0,0.0
192,192,573.3432890979012,0.5733432890979012,Sector 1,68.66362725494832,0.0,0,0.1,2883228.690702923,5564328.34846155,25.900484004703518,44.63555468060106,0.0,0.0,1.0,0.0
192,192,573.3432890979012,0.5733432890979012,Sector 1,68.66362725494832,0.0,1,0.25,2883229.3444523583,5564327.304775584,25.900489877434616,44.635548009022415,0.0,0.0,1.0,0.0
192,192,573.3432890979012,0.5733432890979012,Sector 1,68.66362725494832,0.0,2,0.5,2883230.43403475,5564325.5652989745,25.900499665319774,44.635536889722964,0.0,0.0,1.0,0.0
192,192,573.3432890979012,0.5733432890979012,Sector 1,68.66362725494832,0.0,3,0.75,2883231.523617142,5564323.825822365,25.900509453204933,44.63552577042138,0.0,0.0,1.0,0.0
192,192,573.3432890979012,0.5733432890979012,Sector 1,68.66362725494832,0.0,4,0.9,2883232.177366577,5564322.782136398,25.90051532593603,44.63551909883941,0.0,0.0,1.0,0.0
193,193,576.3432890980667,0.5763432890980668,Sector 1,68.66362727609845,0.0,0,0.1,2883230.552067153,5564328.419977442,25.900500725622894,44.63555513775378,0.0,0.0,1.0,0.0
193,193,576.3432890980667,0.5763432890980668,Sector 1,68.66362727609845,0.0,1,0.25,2883231.1960129943,5564327.374439061,25.900506510286807,44.63554845433394,0.0,0.0,1.0,0.0
193,193,576.3432890980667,0.5763432890980668,Sector 1,68.66362727609845,0.0,2,0.5,2883232.269256063,5564325.631875092,25.900516151393326,44.635537315299175,0.0,0.0,1.0,0.0
193,193,576.3432890980667,0.5763432890980668,Sector 1,68.66362727609845,0.0,3,0.75,2883233.342499132,5564323.889311123,25.90052579249985,44.63552617626226,0.0,0.0,1.0,0.0
193,193,576.3432890980667,0.5763432890980668,Sector 1,68.66362727609845,0.0,4,0.9,2883233.986444973,5564322.843772741,25.90053157716376,44.63551949283909,0.0,0.0,1.0,0.0
194,194,579.3432890978934,0.5793432890978933,Sector 1,68.66362728299646,0.0,0,0.1,2883232.4134313827,5564328.491493336,25.90051744654226,44.6355555949065,0.0,0.0,1.0,0.0
194,194,579.3432890978934,0.5793432890978933,Sector 1,68.66362728299646,0.0,1,0.25,2883233.04757363,5564327.444102539,25.900523143138994,44.63554889964547,0.0,0.0,1.0,0.0
194,194,579.3432890978934,0.5793432890978933,Sector 1,68.66362728299646,0.0,2,0.5,2883234.1044773757,5564325.698451209,25.900532637466878,44.63553774087537,0.0,0.0,1.0,0.0
194,194,579.3432890978934,0.5793432890978933,Sector 1,68.66362728299646,0.0,3,0.75,2883235.161381121,5564323.952799879,25.900542131794758,44.635526582103125,0.0,0.0,1.0,0.0
194,194,579.3432890978934,0.5793432890978933,Sector 1,68.66362728299646,0.0,4,0.9,2883235.7955233683,5564322.905409082,25.90054782839149,44.63551988683874,0.0,0.0,1.0,0.0
195,195,582.34328909772,0.58234328909772,Sector 1,68.6636272407178,0.0,0,0.1,2883234.2747956133,5564328.563009231,25.900534167461633,44.63555605205922,0.0,0.0,1.0,0.0
195,195,582.34328909772,0.58234328909772,Sector 1,68.6636272407178,0.0,1,0.25,2883234.899134266,5564327.513766017,25.90053977599118,44.63554934495699,0.0,0.0,1.0,0.0
195,195,582.34328909772,0.58234328909772,Sector 1,68.6636272407178,0.0,2,0.5,2883235.9396986887,5564325.765027327,25.90054912354043,44.635538166451575,0.0,0.0,1.0,0.0
195,195,582.34328909772,0.58234328909772,Sector 1,68.6636272407178,0.0,3,0.75,2883236.9802631107,5564324.016288637,25.900558471089674,44.63552698794399,0.0,0.0,1.0,0.0
195,195,582.34328909772,0.58234328909772,Sector 1,68.6636272407178,0.0,4,0.9,2883237.604601764,5564322.967045423,25.900564079619222,44.635520280838406,0.0,0.0,1.0,0.0
196,196,585.3432890978855,0.5853432890978856,Sector 1,68.66362728449099,0.0,0,0.1,2883236.136159843,5564328.634525127,25.900550888381,44.635556509211945,0.0,0.0,1.0,0.0
196,196,585.3432890978855,0.5853432890978856,Sector 1,68.66362728449099,0.0,1,0.25,2883236.750694902,5564327.583429497,25.900556408843368,44.635549790268534,0.0,0.0,1.0,0.0
196,196,585.3432890978855,0.5853432890978856,Sector 1,68.66362728449099,0.0,2,0.5,2883237.774920001,5564325.831603446,25.900565609613977,44.63553859202778,0.0,0.0,1.0,0.0
196,196,585.3432890978855,0.5853432890978856,Sector 1,68.66362728449099,0.0,3,0.75,2883238.7991451,5564324.079777395,25.900574810384583,44.63552739378486,0.0,0.0,1.0,0.0
196,196,585.3432890978855,0.5853432890978856,Sector 1,68.66362728449099,0.0,4,0.9,2883239.4136801595,5564323.028681765,25.90058033084695,44.63552067483808,0.0,0.0,1.0,0.0
197,197,588.3432890977122,0.5883432890977122,Sector 1,68.66362725352377,0.0,0,0.1,2883237.9975240724,5564328.706041019,25.90056760930037,44.635556966364646,0.0,0.0,1.0,0.0
197,197,588.3432890977122,0.5883432890977122,Sector 1,68.66362725352377,0.0,1,0.25,2883238.602255538,5564327.653092974,25.900573041695555,44.63555023558005,0.0,0.0,1.0,0.0
197,197,588.3432890977122,0.5883432890977122,Sector 1,68.66362725352377,0.0,2,0.5,2883239.6101413136,5564325.898179563,25.900582095687522,44.63553901760397,0.0,0.0,1.0,0.0
197,197,588.3432890977122,0.5883432890977122,Sector 1,68.66362725352377,0.0,3,0.75,2883240.618027089,5564324.143266153,25.90059114967949,44.63552779962573,0.0,0.0,1.0,0.0
197,197,588.3432890977122,0.5883432890977122,Sector 1,68.66362725352377,0.0,4,0.9,2883241.222758555,5564323.090318106,25.900596582074673,44.63552106883774,0.0,0.0,1.0,0.0
198,198,591.3432890978777,0.5913432890978777,Sector 1,68.66362727320359,0.0,0,0.1,2883239.8588883025,5564328.777556914,25.900584330219743,44.63555742351735,0.0,0.0,1.0,0.0
198,198,591.3432890978777,0.5913432890978777,Sector 1,68.66362727320359,0.0,1,0.25,2883240.453816174,5564327.722756451,25.900589674547742,44.63555068089156,0.0,0.0,1.0,0.0
198,198,591.3432890978777,0.5913432890978777,Sector 1,68.66362727320359,0.0,2,0.5,2883241.4453626266,5564325.96475568,25.900598581761074,44.63553944318016,0.0,0.0,1.0,0.0
198,198,591.3432890978777,0.5913432890978777,Sector 1,68.66362727320359,0.0,3,0.75,2883242.436909079,5564324.20675491,25.900607488974405,44.635528205466585,0.0,0.0,1.0,0.0
198,198,591.3432890978777,0.5913432890978777,Sector 1,68.66362727320359,0.0,4,0.9,2883243.0318369507,5564323.151954447,25.900612833302407,44.63552146283739,0.0,0.0,1.0,0.0
199,199,594.3432890977043,0.5943432890977043,Sector 1,68.66362723977608,0.0,0,0.1,2883241.7202525325,5564328.8490728075,25.900601051139112,44.635557880670056,0.0,0.0,1.0,0.0
199,199,594.3432890977043,0.5943432890977043,Sector 1,68.66362723977608,0.0,1,0.25,2883242.30537681,5564327.792419929,25.90060630739993,44.63555112620307,0.0,0.0,1.0,0.0
199,199,594.3432890977043,0.5943432890977043,Sector 1,68.66362723977608,0.0,2,0.5,2883243.2805839395,5564326.031331798,25.900615067834625,44.63553986875634,0.0,0.0,1.0,0.0
199,199,594.3432890977043,0.5943432890977043,Sector 1,68.66362723977608,0.0,3,0.75,2883244.2557910685,5564324.270243666,25.900623828269318,44.63552861130743,0.0,0.0,1.0,0.0
199,199,594.3432890977043,0.5943432890977043,Sector 1,68.66362723977608,0.0,4,0.9,2883244.8409153465,5564323.213590788,25.900629084530138,44.63552185683704,0.0,0.0,1.0,0.0
200,200,597.3432890978698,0.5973432890978698,Sector 1,68.66362731010292,0.0,0,0.1,2883243.5816167626,5564328.920588701,25.900617772058485,44.63555833782275,0.0,0.0,1.0,0.0
200,200,597.3432890978698,0.5973432890978698,Sector 1,68.66362731010292,0.0,1,0.25,2883244.156937446,5564327.862083407,25.900622940252116,44.635551571514576,0.0,0.0,1.0,0.0
200,200,597.3432890978698,0.5973432890978698,Sector 1,68.66362731010292,0.0,2,0.5,2883245.115805252,5564326.097907916,25.900631553908173,44.63554029433253,0.0,0.0,1.0,0.0
200,200,597.3432890978698,0.5973432890978698,Sector 1,68.66362731010292,0.0,3,0.75,2883246.074673058,5564324.333732424,25.90064016756423,44.635529017148286,0.0,0.0,1.0,0.0
200,200,597.3432890978698,0.5973432890978698,Sector 1,68.66362731010292,0.0,4,0.9,2883246.6499937414,5564323.27522713,25.90064533575786,44.635522250836694,0.0,0.0,1.0,0.0
201,201,600.3432890976965,0.6003432890976965,Sector 1,68.66362726143325,0.0,0,0.1,2883245.442980992,5564328.9921045955,25.900634492977854,44.635558794975445,0.0,0.0,1.0,0.0
201,201,600.3432890976965,0.6003432890976965,Sector 1,68.66362726143325,0.0,1,0.25,2883246.008498082,5564327.931746885,25.900639573104304,44.63555201682609,0.0,0.0,1.0,0.0
201,201,600.3432890976965,0.6003432890976965,Sector 1,68.66362726143325,0.0,2,0.5,2883246.9510265645,5564326.164484034,25.900648039981718,44.63554071990872,0.0,0.0,1.0,0.0
201,201,600.3432890976965,0.6003432890976965,Sector 1,68.66362726143325,0.0,3,0.75,2883247.8935550475,5564324.397221183,25.900656506859143,44.63552942298915,0.0,0.0,1.0,0.0
201,201,600.3432890976965,0.6003432890976965,Sector 1,68.66362726143325,0.0,4,0.9,2883248.4590721373,5564323.336863473,25.900661586985592,44.63552264483636,0.0,0.0,1.0,0.0
202,202,603.343289097862,0.603343289097862,Sector 1,68.6636272835733,0.0,0,0.1,2883247.304345222,5564329.06362049,25.900651213897227,44.63555925212814,0.0,0.0,1.0,0.0
202,202,603.343289097862,0.603343289097862,Sector 1,68.6636272835733,0.0,1,0.25,2883247.860058718,5564328.001410363,25.900656205956494,44.63555246213758,0.0,0.0,1.0,0.0
202,202,603.343289097862,0.603343289097862,Sector 1,68.6636272835733,0.0,2,0.5,2883248.7862478774,5564326.231060152,25.90066452605527,44.6355411454849,0.0,0.0,1.0,0.0
202,202,603.343289097862,0.603343289097862,Sector 1,68.6636272835733,0.0,3,0.75,2883249.7124370374,5564324.460709941,25.900672846154055,44.635529828829995,0.0,0.0,1.0,0.0
202,202,603.343289097862,0.603343289097862,Sector 1,68.6636272835733,0.0,4,0.9,2883250.268150533,5564323.398499814,25.900677838213323,44.635523038836,0.0,0.0,1.0,0.0
203,203,606.3432890981225,0.6063432890981224,Sector 1,68.66362727177881,0.0,0,0.1,2883249.165709452,5564329.135136385,25.900667934816592,44.635559709280834,0.0,0.0,1.0,0.0
203,203,606.3432890981225,0.6063432890981224,Sector 1,68.66362727177881,0.0,1,0.25,2883249.711619354,5564328.071073842,25.90067283880868,44.63555290744909,0.0,0.0,1.0,0.0
203,203,606.3432890981225,0.6063432890981224,Sector 1,68.66362727177881,0.0,2,0.5,2883250.6214691903,5564326.2976362705,25.900681012128825,44.635541571061076,0.0,0.0,1.0,0.0
203,203,606.3432890981225,0.6063432890981224,Sector 1,68.66362727177881,0.0,3,0.75,2883251.531319027,5564324.524198698,25.900689185448968,44.63553023467084,0.0,0.0,1.0,0.0
203,203,606.3432890981225,0.6063432890981224,Sector 1,68.66362727177881,0.0,4,0.9,2883252.077228929,5564323.460136155,25.900694089441057,44.63552343283564,0.0,0.0,1.0,0.0
204,204,609.3432890979491,0.6093432890979491,Sector 1,68.66362728506772,0.0,0,0.1,2883251.0270806006,5564329.206423661,25.900684655798116,44.63556016497212,0.0,0.0,1.0,0.0
204,204,609.3432890979491,0.6093432890979491,Sector 1,68.66362728506772,0.0,1,0.25,2883251.5631972877,5564328.140165775,25.900689471816257,44.635553349107084,0.0,0.0,1.0,0.0
204,204,609.3432890979491,0.6093432890979491,Sector 1,68.66362728506772,0.0,2,0.5,2883252.4567250987,5564326.363069299,25.90069749851315,44.63554198933025,0.0,0.0,1.0,0.0
204,204,609.3432890979491,0.6093432890979491,Sector 1,68.66362728506772,0.0,3,0.75,2883253.3502529096,5564324.585972822,25.900705525210046,44.63553062955119,0.0,0.0,1.0,0.0
204,204,609.3432890979491,0.6093432890979491,Sector 1,68.66362728506772,0.0,4,0.9,2883253.8863695967,5564323.519714937,25.900710341228184,44.63552381368269,0.0,0.0,1.0,0.0
205,205,612.3432890981146,0.6123432890981146,Sector 1,68.66362727819381,0.0,0,0.1,2883252.888482826,5564329.276662789,25.9007013770588,44.6355606139633,0.0,0.0,1.0,0.0
205,205,612.3432890981146,0.6123432890981146,Sector 1,68.66362727819381,0.0,1,0.25,2883253.4148529107,5564328.20663734,25.900706105521728,44.63555377401483,0.0,0.0,1.0,0.0
205,205,612.3432890981146,0.6123432890981146,Sector 1,68.66362727819381,0.0,2,0.5,2883254.292136386,5564326.423261589,25.900713986293272,44.635542374098925,0.0,0.0,1.0,0.0
205,205,612.3432890981146,0.6123432890981146,Sector 1,68.66362727819381,0.0,3,0.75,2883255.1694198614,5564324.639885839,25.900721867064814,44.63553097418077,0.0,0.0,1.0,0.0
205,205,612.3432890981146,0.6123432890981146,Sector 1,68.66362727819381,0.0,4,0.9,2883255.6957899462,5564323.569860389,25.90072659552774,44.63552413422881,0.0,0.0,1.0,0.0
206,206,615.3432890979412,0.6153432890979412,Sector 1,68.66362725361739,0.0,0,0.1,2883254.749906245,5564329.346029742,25.900718098509884,44.63556105737925,0.0,0.0,1.0,0.0
206,206,615.3432890979412,0.6153432890979412,Sector 1,68.66362725361739,0.0,1,0.25,2883255.2665615208,5564328.270928467,25.90072273970319,44.635554184984514,0.0,0.0,1.0,0.0
206,206,615.3432890979412,0.6153432890979412,Sector 1,68.66362725361739,0.0,2,0.5,2883256.1276536463,5564326.479093007,25.900730475025366,44.635542730991475,0.0,0.0,1.0,0.0
206,206,615.3432890979412,0.6153432890979412,Sector 1,68.66362725361739,0.0,3,0.75,2883256.9887457723,5564324.687257547,25.90073821034754,44.635531276996176,0.0,0.0,1.0,0.0
206,206,615.3432890979412,0.6153432890979412,Sector 1,68.66362725361739,0.0,4,0.9,2883257.505401048,5564323.612156272,25.900742851540848,44.635524404597916,0.0,0.0,1.0,0.0
207,207,618.3432890981068,0.6183432890981068,Sector 1,68.66362727329721,0.0,0,0.1,2883256.611329665,5564329.415396696,25.900734819960967,44.635561500795205,0.0,0.0,1.0,0.0
207,207,618.3432890981068,0.6183432890981068,Sector 1,68.66362727329721,0.0,1,0.25,2883257.118270131,5564328.335219595,25.90073937388465,44.635554595954204,0.0,0.0,1.0,0.0
207,207,618.3432890981068,0.6183432890981068,Sector 1,68.66362727329721,0.0,2,0.5,2883257.9631709075,5564326.534924425,25.900746963757463,44.63554308788403,0.0,0.0,1.0,0.0
207,207,618.3432890981068,0.6183432890981068,Sector 1,68.66362727329721,0.0,3,0.75,2883258.808071684,5564324.734629255,25.900754553630275,44.63553157981157,0.0,0.0,1.0,0.0
207,207,618.3432890981068,0.6183432890981068,Sector 1,68.66362727329721,0.0,4,0.9,2883259.31501215,5564323.6544521535,25.900759107553963,44.63552467496701,0.0,0.0,1.0,0.0
208,208,621.3432890979334,0.6213432890979333,Sector 1,68.66362724872079,0.0,0,0.1,2883258.4727530843,5564329.484763652,25.900751541412042,44.635561944211176,0.0,0.0,1.0,0.0
208,208,621.3432890979334,0.6213432890979333,Sector 1,68.66362724872079,0.0,1,0.25,2883258.9699787404,5564328.3995107245,25.900756008066107,44.6355550069239,0.0,0.0,1.0,0.0
208,208,621.3432890979334,0.6213432890979333,Sector 1,68.66362724872079,0.0,2,0.5,2883259.7986881677,5564326.5907558445,25.900763452489553,44.635543444776594,0.0,0.0,1.0,0.0
208,208,621.3432890979334,0.6213432890979333,Sector 1,68.66362724872079,0.0,3,0.75,2883260.6273975954,5564324.7820009645,25.900770896913002,44.635531882626985,0.0,0.0,1.0,0.0
208,208,621.3432890979334,0.6213432890979333,Sector 1,68.66362724872079,0.0,4,0.9,2883261.1246232516,5564323.696748037,25.90077536356707,44.63552494533611,0.0,0.0,1.0,0.0
209,209,624.3432890980989,0.6243432890980989,Sector 1,68.66362727479151,0.0,0,0.1,2883260.334176504,5564329.554130606,25.900768262863124,44.63556238762713,0.0,0.0,1.0,0.0
209,209,624.3432890980989,0.6243432890980989,Sector 1,68.66362727479151,0.0,1,0.25,2883260.8216873505,5564328.463801852,25.90077264224757,44.63555541789358,0.0,0.0,1.0,0.0
209,209,624.3432890980989,0.6243432890980989,Sector 1,68.66362727479151,0.0,2,0.5,2883261.634205429,5564326.646587263,25.900779941221654,44.63554380166915,0.0,0.0,1.0,0.0
209,209,624.3432890980989,0.6243432890980989,Sector 1,68.66362727479151,0.0,3,0.75,2883262.446723507,5564324.829372673,25.900787240195733,44.635532185442386,0.0,0.0,1.0,0.0
209,209,624.3432890980989,0.6243432890980989,Sector 1,68.66362727479151,0.0,4,0.9,2883262.9342343537,5564323.739043919,25.900791619580183,44.635525215705215,0.0,0.0,1.0,0.0
210,210,627.3432890979255,0.6273432890979256,Sector 1,68.66362728562001,0.0,0,0.1,2883262.195599923,5564329.623497559,25.9007849843142,44.63556283104306,0.0,0.0,1.0,0.0
210,210,627.3432890979255,0.6273432890979256,Sector 1,68.66362728562001,0.0,1,0.25,2883262.6733959606,5564328.528092979,25.90078927642903,44.635555828863254,0.0,0.0,1.0,0.0
210,210,627.3432890979255,0.6273432890979256,Sector 1,68.66362728562001,0.0,2,0.5,2883263.469722689,5564326.702418681,25.900796429953747,44.6355441585617,0.0,0.0,1.0,0.0
210,210,627.3432890979255,0.6273432890979256,Sector 1,68.66362728562001,0.0,3,0.75,2883264.2660494177,5564324.876744382,25.90080358347846,44.63553248825779,0.0,0.0,1.0,0.0
210,210,627.3432890979255,0.6273432890979256,Sector 1,68.66362728562001,0.0,4,0.9,2883264.7438454553,5564323.781339803,25.900807875593294,44.635525486074314,0.0,0.0,1.0,0.0
211,211,630.3432890977522,0.6303432890977522,Sector 1,68.66362726350394,0.0,0,0.1,2883264.0570233422,5564329.692864513,25.900801705765275,44.635563274459,0.0,0.0,1.0,0.0
211,211,630.3432890977522,0.6303432890977522,Sector 1,68.66362726350394,0.0,1,0.25,2883264.52510457,5564328.592384107,25.90080591061049,44.63555623983293,0.0,0.0,1.0,0.0
211,211,630.3432890977522,0.6303432890977522,Sector 1,68.66362726350394,0.0,2,0.5,2883265.3052399494,5564326.758250099,25.900812918685837,44.63554451545424,0.0,0.0,1.0,0.0
211,211,630.3432890977522,0.6303432890977522,Sector 1,68.66362726350394,0.0,3,0.75,2883266.085375329,5564324.924116091,25.900819926761187,44.63553279107318,0.0,0.0,1.0,0.0
211,211,630.3432890977522,0.6303432890977522,Sector 1,68.66362726350394,0.0,4,0.9,2883266.553456557,5564323.823635685,25.900824131606402,44.635525756443414,0.0,0.0,1.0,0.0
212,212,633.3432890979177,0.6333432890979177,Sector 1,68.66362726548118,0.0,0,0.1,2883265.918446762,5564329.762231467,25.900818427216358,44.635563717874945,0.0,0.0,1.0,0.0
212,212,633.3432890979177,0.6333432890979177,Sector 1,68.66362726548118,0.0,1,0.25,2883266.3768131803,5564328.656675236,25.900822544791954,44.635556650802606,0.0,0.0,1.0,0.0
212,212,633.3432890979177,0.6333432890979177,Sector 1,68.66362726548118,0.0,2,0.5,2883267.1407572106,5564326.814081518,25.900829407417934,44.63554487234679,0.0,0.0,1.0,0.0
212,212,633.3432890979177,0.6333432890979177,Sector 1,68.66362726548118,0.0,3,0.75,2883267.904701241,5564324.971487799,25.90083627004392,44.63553309388858,0.0,0.0,1.0,0.0
212,212,633.3432890979177,0.6333432890979177,Sector 1,68.66362726548118,0.0,4,0.9,2883268.363067659,5564323.865931568,25.900840387619517,44.635526026812514,0.0,0.0,1.0,0.0
213,213,636.3432890977443,0.6363432890977443,Sector 1,68.66362726499813,0.0,0,0.1,2883267.7798701813,5564329.831598422,25.900835148667436,44.63556416129088,0.0,0.0,1.0,0.0
213,213,636.3432890977443,0.6363432890977443,Sector 1,68.66362726499813,0.0,1,0.25,2883268.22852179,5564328.720966364,25.900839178973406,44.635557061772275,0.0,0.0,1.0,0.0
213,213,636.3432890977443,0.6363432890977443,Sector 1,68.66362726499813,0.0,2,0.5,2883268.976274471,5564326.869912935,25.900845896150027,44.63554522923933,0.0,0.0,1.0,0.0
213,213,636.3432890977443,0.6363432890977443,Sector 1,68.66362726499813,0.0,3,0.75,2883269.724027152,5564325.0188595075,25.900852613326652,44.63553339670398,0.0,0.0,1.0,0.0
213,213,636.3432890977443,0.6363432890977443,Sector 1,68.66362726499813,0.0,4,0.9,2883270.1726787607,5564323.90822745,25.900856643632626,44.6355262971816,0.0,0.0,1.0,0.0
214,214,639.3432890979099,0.6393432890979098,Sector 1,68.66362728074728,0.0,0,0.1,2883269.6416043206,5564329.891172856,25.90085187290976,44.635564542109876,0.0,0.0,1.0,0.0
214,214,639.3432890979099,0.6393432890979098,Sector 1,68.66362728074728,0.0,1,0.25,2883270.080492976,5564328.776922796,25.900855815513633,44.63555741946387,0.0,0.0,1.0,0.0
214,214,639.3432890979099,0.6393432890979098,Sector 1,68.66362728074728,0.0,2,0.5,2883270.811974068,5564326.919839362,25.90086238652008,44.63554554838524,0.0,0.0,1.0,0.0
214,214,639.3432890979099,0.6393432890979098,Sector 1,68.66362728074728,0.0,3,0.75,2883271.54345516,5564325.062755928,25.90086895752653,44.635533677304196,0.0,0.0,1.0,0.0
214,214,639.3432890979099,0.6393432890979098,Sector 1,68.66362728074728,0.0,4,0.9,2883271.9823438157,5564323.948505868,25.900872900130405,44.635526554654405,0.0,0.0,1.0,0.0
215,215,642.3432890977365,0.6423432890977365,Sector 1,68.6636272625617,0.0,0,0.1,2883271.5038553225,5564329.933587576,25.90086860179514,44.63556481323844,0.0,0.0,1.0,0.0
215,215,642.3432890977365,0.6423432890977365,Sector 1,68.6636272625617,0.0,1,0.25,2883271.9329063203,5564328.817991316,25.900872456025827,44.63555768198712,0.0,0.0,1.0,0.0
215,215,642.3432890977365,0.6423432890977365,Sector 1,68.6636272625617,0.0,2,0.5,2883272.6479913164,5564326.958664218,25.90087887974364,44.63554579656632,0.0,0.0,1.0,0.0
215,215,642.3432890977365,0.6423432890977365,Sector 1,68.6636272625617,0.0,3,0.75,2883273.363076313,5564325.09933712,25.90088530346146,44.635533911143085,0.0,0.0,1.0,0.0
215,215,642.3432890977365,0.6423432890977365,Sector 1,68.6636272625617,0.0,4,0.9,2883273.7921273108,5564323.98374086,25.900889157692152,44.63552677988797,0.0,0.0,1.0,0.0
216,216,645.343289097902,0.6453432890979021,Sector 1,68.66362726846961,0.0,0,0.1,2883273.3662386048,5564329.970000883,25.90088533186881,44.635565046004025,0.0,0.0,1.0,0.0
216,216,645.343289097902,0.6453432890979021,Sector 1,68.66362726846961,0.0,1,0.25,2883273.7854424636,5564328.853379681,25.900889097641148,44.63555790820098,0.0,0.0,1.0,0.0
216,216,645.343289097902,0.6453432890979021,Sector 1,68.66362726846961,0.0,2,0.5,2883274.4841155615,5564326.992344344,25.90089537392837,44.63554601186061,0.0,0.0,1.0,0.0
216,216,645.343289097902,0.6453432890979021,Sector 1,68.66362726846961,0.0,3,0.75,2883275.182788659,5564325.131309007,25.90090165021559,44.63553411551781,0.0,0.0,1.0,0.0
216,216,645.343289097902,0.6453432890979021,Sector 1,68.66362726846961,0.0,4,0.9,2883275.6019925177,5564324.014687805,25.900905415987925,44.63552697771096,0.0,0.0,1.0,0.0
217,217,648.3432890977286,0.6483432890977286,Sector 1,68.66362725766498,0.0,0,0.1,2883275.2286218875,5564330.00641419,25.90090206194249,44.635565278769626,0.0,0.0,1.0,0.0
217,217,648.3432890977286,0.6483432890977286,Sector 1,68.66362725766498,0.0,1,0.25,2883275.637978607,5564328.888768045,25.900905739256466,44.635558134414836,0.0,0.0,1.0,0.0
217,217,648.3432890977286,0.6483432890977286,Sector 1,68.66362725766498,0.0,2,0.5,2883276.320239806,5564327.02602447,25.900911868113095,44.635546227154904,0.0,0.0,1.0,0.0
217,217,648.3432890977286,0.6483432890977286,Sector 1,68.66362725766498,0.0,3,0.75,2883277.0025010053,5564325.163280896,25.900917996969724,44.635534319892535,0.0,0.0,1.0,0.0
217,217,648.3432890977286,0.6483432890977286,Sector 1,68.66362725766498,0.0,4,0.9,2883277.4118577247,5564324.045634751,25.900921674283705,44.635527175533944,0.0,0.0,1.0,0.0
218,218,651.3432890978942,0.6513432890978942,Sector 2,68.66362728619595,0.0,0,0.1,2883277.0910051703,5564330.042827499,25.900918792016167,44.635565511535226,0.0,0.0,1.0,0.0
218,218,651.3432890978942,0.6513432890978942,Sector 2,68.66362728619595,0.0,1,0.25,2883277.4905147506,5564328.924156411,25.900922380871787,44.6355583606287,0.0,0.0,1.0,0.0
218,218,651.3432890978942,0.6513432890978942,Sector 2,68.66362728619595,0.0,2,0.5,2883278.1563640507,5564327.059704598,25.900928362297822,44.635546442449204,0.0,0.0,1.0,0.0
218,218,651.3432890978942,0.6513432890978942,Sector 2,68.66362728619595,0.0,3,0.75,2883278.8222133513,5564325.195252785,25.900934343723858,44.635534524267264,0.0,0.0,1.0,0.0
218,218,651.3432890978942,0.6513432890978942,Sector 2,68.66362728619595,0.0,4,0.9,2883279.2217229316,5564324.076581697,25.900937932579478,44.635527373356915,0.0,0.0,1.0,0.0
219,219,654.3432890977208,0.6543432890977208,Sector 2,68.66362724637725,0.0,0,0.1,2883278.9533884525,5564330.0792408055,25.900935522089842,44.63556574430082,0.0,0.0,1.0,0.0
219,219,654.3432890977208,0.6543432890977208,Sector 2,68.66362724637725,0.0,1,0.25,2883279.343050894,5564328.959544775,25.900939022487105,44.635558586842556,0.0,0.0,1.0,0.0
219,219,654.3432890977208,0.6543432890977208,Sector 2,68.66362724637725,0.0,2,0.5,2883279.992488296,5564327.093384724,25.90094485648255,44.6355466577435,0.0,0.0,1.0,0.0
219,219,654.3432890977208,0.6543432890977208,Sector 2,68.66362724637725,0.0,3,0.75,2883280.6419256977,5564325.227224674,25.90095069047799,44.635534728641986,0.0,0.0,1.0,0.0
219,219,654.3432890977208,0.6543432890977208,Sector 2,68.66362724637725,0.0,4,0.9,2883281.031588139,5564324.107528644,25.90095419087526,44.6355275711799,0.0,0.0,1.0,0.0
220,220,657.3432890979813,0.6573432890979812,Sector 2,68.66362726998761,0.0,0,0.1,2883280.8157717353,5564330.115654113,25.90095225216352,44.635565977066406,0.0,0.0,1.0,0.0
220,220,657.3432890979813,0.6573432890979812,Sector 2,68.66362726998761,0.0,1,0.25,2883281.195587037,5564328.9949331395,25.900955664102426,44.63555881305642,0.0,0.0,1.0,0.0
220,220,657.3432890979813,0.6573432890979812,Sector 2,68.66362726998761,0.0,2,0.5,2883281.8286125404,5564327.127064852,25.900961350667274,44.6355468730378,0.0,0.0,1.0,0.0
220,220,657.3432890979813,0.6573432890979812,Sector 2,68.66362726998761,0.0,3,0.75,2883282.4616380436,5564325.259196565,25.90096703723212,44.63553493301672,0.0,0.0,1.0,0.0
220,220,657.3432890979813,0.6573432890979812,Sector 2,68.66362726998761,0.0,4,0.9,2883282.8414533455,5564324.138475591,25.90097044917103,44.63552776900289,0.0,0.0,1.0,0.0
221,221,660.3432890981468,0.6603432890981468,Sector 2,68.66362726557384,0.0,0,0.1,2883282.678155018,5564330.152067421,25.9009689822372,44.63556620983201,0.0,0.0,1.0,0.0
221,221,660.3432890981468,0.6603432890981468,Sector 2,68.66362726557384,0.0,1,0.25,2883283.048123181,5564329.030321505,25.90097230571775,44.63555903927027,0.0,0.0,1.0,0.0
221,221,660.3432890981468,0.6603432890981468,Sector 2,68.66362726557384,0.0,2,0.5,2883283.6647367855,5564327.160744979,25.900977844852004,44.63554708833209,0.0,0.0,1.0,0.0
221,221,660.3432890981468,0.6603432890981468,Sector 2,68.66362726557384,0.0,3,0.75,2883284.28135039,5564325.291168453,25.900983383986258,44.63553513739144,0.0,0.0,1.0,0.0
221,221,660.3432890981468,0.6603432890981468,Sector 2,68.66362726557384,0.0,4,0.9,2883284.651318553,5564324.169422537,25.90098670746681,44.63552796682587,0.0,0.0,1.0,0.0
222,222,663.3432890979734,0.6633432890979735,Sector 2,68.66362727640234,0.0,0,0.1,2883284.5405383008,5564330.188480728,25.900985712310874,44.63556644259759,0.0,0.0,1.0,0.0
222,222,663.3432890979734,0.6633432890979735,Sector 2,68.66362727640234,0.0,1,0.25,2883284.900659324,5564329.065709869,25.90098894733307,44.63555926548413,0.0,0.0,1.0,0.0
222,222,663.3432890979734,0.6633432890979735,Sector 2,68.66362727640234,0.0,2,0.5,2883285.50086103,5564327.194425106,25.90099433903673,44.63554730362638,0.0,0.0,1.0,0.0
222,222,663.3432890979734,0.6633432890979735,Sector 2,68.66362727640234,0.0,3,0.75,2883286.101062736,5564325.323140342,25.900999730740388,44.635535341766165,0.0,0.0,1.0,0.0
222,222,663.3432890979734,0.6633432890979735,Sector 2,68.66362727640234,0.0,4,0.9,2883286.4611837594,5564324.200369483,25.901002965762583,44.63552816464885,0.0,0.0,1.0,0.0
223,223,666.3432890981389,0.6663432890981389,Sector 2,68.66362726952826,0.0,0,0.1,2883286.4029215835,5564330.224894037,25.90100244238455,44.635566675363194,0.0,0.0,1.0,0.0
223,223,666.3432890981389,0.6663432890981389,Sector 2,68.66362726952826,0.0,1,0.25,2883286.753195468,5564329.101098235,25.901005588948394,44.63555949169799,0.0,0.0,1.0,0.0
223,223,666.3432890981389,0.6663432890981389,Sector 2,68.66362726952826,0.0,2,0.5,2883287.336985275,5564327.228105232,25.901010833221456,44.63554751892067,0.0,0.0,1.0,0.0
223,223,666.3432890981389,0.6663432890981389,Sector 2,68.66362726952826,0.0,3,0.75,2883287.9207750824,5564325.35511223,25.90101607749452,44.635535546140886,0.0,0.0,1.0,0.0
223,223,666.3432890981389,0.6663432890981389,Sector 2,68.66362726952826,0.0,4,0.9,2883288.271048967,5564324.231316429,25.901019224058363,44.63552836247183,0.0,0.0,1.0,0.0
224,224,669.3432890979656,0.6693432890979656,Sector 2,68.66362726019389,0.0,0,0.1,2883288.2650882145,5564330.251828256,25.901019170512015,44.6355668475354,0.0,0.0,1.0,0.0
224,224,669.3432890979656,0.6693432890979656,Sector 2,68.66362726019389,0.0,1,0.25,2883288.605189983,5564329.11278888,25.90102222569818,44.63555956642837,0.0,0.0,1.0,0.0
224,224,669.3432890979656,0.6693432890979656,Sector 2,68.66362726019389,0.0,2,0.5,2883289.1720262626,5564327.214389922,25.901027317675116,44.63554743124796,0.0,0.0,1.0,0.0
224,224,669.3432890979656,0.6693432890979656,Sector 2,68.66362726019389,0.0,3,0.75,2883289.7388625424,5564325.315990963,25.901032409652053,44.63553529606501,0.0,0.0,1.0,0.0
224,224,669.3432890979656,0.6693432890979656,Sector 2,68.66362726019389,0.0,4,0.9,2883290.0789643107,5564324.176951587,25.90103546483822,44.63552801495402,0.0,0.0,1.0,0.0
225,225,672.3432890981311,0.6723432890981311,Sector 2,68.66362728233389,0.0,0,0.1,2883290.121615125,5564330.24613255,25.901035847977003,44.635566811126616,0.0,0.0,1.0,0.0
225,225,672.3432890981311,0.6723432890981311,Sector 2,68.66362728233389,0.0,1,0.25,2883290.443085195,5564329.042904711,25.90103873579178,44.635559119706194,0.0,0.0,1.0,0.0
225,225,672.3432890981311,0.6723432890981311,Sector 2,68.66362728233389,0.0,2,0.5,2883290.9788686456,5564327.0375249805,25.901043548816403,44.6355463006699,0.0,0.0,1.0,0.0
225,225,672.3432890981311,0.6723432890981311,Sector 2,68.66362728233389,0.0,3,0.75,2883291.5146520967,5564325.03214525,25.901048361841035,44.63553348163077,0.0,0.0,1.0,0.0
225,225,672.3432890981311,0.6723432890981311,Sector 2,68.66362728233389,0.0,4,0.9,2883291.836122167,5564323.828917411,25.901051249655808,44.63552579020593,0.0,0.0,1.0,0.0
226,226,675.3432890979577,0.6753432890979577,Sector 2,68.66362728185078,0.0,0,0.1,2883291.9742701594,5564330.18854576,25.90105249066034,44.6355664430133,0.0,0.0,1.0,0.0
226,226,675.3432890979577,0.6753432890979577,Sector 2,68.66362728185078,0.0,1,0.25,2883292.271343958,5564328.89752963,25.90105515931968,44.63555819042172,0.0,0.0,1.0,0.0
226,226,675.3432890979577,0.6753432890979577,Sector 2,68.66362728185078,0.0,2,0.5,2883292.7664669557,5564326.745836081,25.90105960708524,44.635544436099806,0.0,0.0,1.0,0.0
226,226,675.3432890979577,0.6753432890979577,Sector 2,68.66362728185078,0.0,3,0.75,2883293.2615899527,5564324.594142532,25.9010640548508,44.63553068177464,0.0,0.0,1.0,0.0
226,226,675.3432890979577,0.6753432890979577,Sector 2,68.66362728185078,0.0,4,0.9,2883293.5586637515,5564323.303126402,25.901066723510137,44.63552242917797,0.0,0.0,1.0,0.0
227,227,678.3432890977843,0.6783432890977843,Sector 2,68.66362726858574,0.0,0,0.1,2883293.7534625195,5564329.804862834,25.901068473417244,44.635563990388384,0.0,0.0,1.0,0.0
227,227,678.3432890977843,0.6783432890977843,Sector 2,68.66362726858574,0.0,1,0.25,2883294.038383825,5564328.480407769,25.90107103290888,44.635555524043966,0.0,0.0,1.0,0.0
227,227,678.3432890977843,0.6783432890977843,Sector 2,68.66362726858574,0.0,2,0.5,2883294.513252668,5564326.272982661,25.901075298728276,44.63554141346719,0.0,0.0,1.0,0.0
227,227,678.3432890977843,0.6783432890977843,Sector 2,68.66362726858574,0.0,3,0.75,2883294.988121511,5564324.0655575525,25.901079564547672,44.635527302886985,0.0,0.0,1.0,0.0
227,227,678.3432890977843,0.6783432890977843,Sector 2,68.66362726858574,0.0,4,0.9,2883295.2730428167,5564322.741102488,25.90108212403931,44.635518836537216,0.0,0.0,1.0,0.0
228,228,681.3432890979499,0.6813432890979498,Sector 2,68.66362727056293,0.0,0,0.1,2883295.418101822,5564328.971915058,25.901083427126526,44.6355586659174,0.0,0.0,1.0,0.0
228,228,681.3432890979499,0.6813432890979498,Sector 2,68.66362727056293,0.0,1,0.25,2883295.707602393,5564327.682684236,25.9010860277544,44.63555042473698,0.0,0.0,1.0,0.0
228,228,681.3432890979499,0.6813432890979498,Sector 2,68.66362727056293,0.0,2,0.5,2883296.190103345,5564325.5339662,25.9010903621342,44.63553668943368,0.0,0.0,1.0,0.0
228,228,681.3432890979499,0.6813432890979498,Sector 2,68.66362727056293,0.0,3,0.75,2883296.6726042973,5564323.385248164,25.901094696514,44.63552295412712,0.0,0.0,1.0,0.0
228,228,681.3432890979499,0.6813432890979498,Sector 2,68.66362727056293,0.0,4,0.9,2883296.962104868,5564322.096017342,25.901097297141874,44.63551471294162,0.0,0.0,1.0,0.0
229,229,684.3432890977765,0.6843432890977765,Sector 2,68.66362724352598,0.0,0,0.1,2883297.072736574,5564328.119681152,25.901098290963397,44.63555321816275,0.0,0.0,1.0,0.0
229,229,684.3432890977765,0.6843432890977765,Sector 2,68.66362724352598,0.0,1,0.25,2883297.3518095864,5564326.836745382,25.901100797918925,44.63554501722157,0.0,0.0,1.0,0.0
229,229,684.3432890977765,0.6843432890977765,Sector 2,68.66362724352598,0.0,2,0.5,2883297.816931274,5564324.6985190995,25.90110497617813,44.63553134898369,0.0,0.0,1.0,0.0
229,229,684.3432890977765,0.6843432890977765,Sector 2,68.66362724352598,0.0,3,0.75,2883298.2820529607,5564322.560292816,25.901109154437332,44.63551768074259,0.0,0.0,1.0,0.0
229,229,684.3432890977765,0.6843432890977765,Sector 2,68.66362724352598,0.0,4,0.9,2883298.5611259732,5564321.2773570465,25.90111166139286,44.63550947979639,0.0,0.0,1.0,0.0
230,230,687.343289097942,0.6873432890979421,Sector 2,68.66362730353131,0.0,0,0.1,2883298.706916851,5564327.233672785,25.901112971054594,44.635547554510275,0.0,0.0,1.0,0.0
230,230,687.343289097942,0.6873432890979421,Sector 2,68.66362730353131,0.0,1,0.25,2883298.9448805926,5564325.906370377,25.901115108719257,44.63553906996231,0.0,0.0,1.0,0.0
230,230,687.343289097942,0.6873432890979421,Sector 2,68.66362730353131,0.0,2,0.5,2883299.3414868284,5564323.694199696,25.90111867149369,44.63552492904629,0.0,0.0,1.0,0.0
230,230,687.343289097942,0.6873432890979421,Sector 2,68.66362730353131,0.0,3,0.75,2883299.7380930646,5564321.482029015,25.90112223426813,44.635510788126815,0.0,0.0,1.0,0.0
230,230,687.343289097942,0.6873432890979421,Sector 2,68.66362730353131,0.0,4,0.9,2883299.976056806,5564320.154726608,25.901124371932788,44.63550230357348,0.0,0.0,1.0,0.0
231,231,690.3432890977687,0.6903432890977687,Sector 2,68.66362725879185,0.0,0,0.1,2883300.3410971295,5564326.3476644205,25.901127651145806,44.63554189085726,0.0,0.0,1.0,0.0
231,231,690.3432890977687,0.6903432890977687,Sector 2,68.66362725879185,0.0,1,0.25,2883300.5379516,5564324.975995373,25.901129419519602,44.63553312270246,0.0,0.0,1.0,0.0
231,231,690.3432890977687,0.6903432890977687,Sector 2,68.66362725879185,0.0,2,0.5,2883300.866042384,5564322.689880295,25.90113236680926,44.635518509108195,0.0,0.0,1.0,0.0
231,231,690.3432890977687,0.6903432890977687,Sector 2,68.66362725879185,0.0,3,0.75,2883301.194133168,5564320.403765216,25.901135314098923,44.635503895510226,0.0,0.0,1.0,0.0
231,231,690.3432890977687,0.6903432890977687,Sector 2,68.66362725879185,0.0,4,0.9,2883301.3909876384,5564319.032096168,25.90113708247272,44.63549512734969,0.0,0.0,1.0,0.0
232,232,693.3432890979342,0.6933432890979342,Sector 2,68.66362724945742,0.0,0,0.1,2883301.9751629643,5564325.461542735,25.901142330208955,44.63553622647932,0.0,0.0,1.0,0.0
232,232,693.3432890979342,0.6933432890979342,Sector 2,68.66362724945742,0.0,1,0.25,2883302.130736499,5564324.045337069,25.901143727749794,44.635527173631054,0.0,0.0,1.0,0.0
232,232,693.3432890979342,0.6933432890979342,Sector 2,68.66362724945742,0.0,2,0.5,2883302.3900257247,5564321.6849942915,25.90114605698454,44.635512085547475,0.0,0.0,1.0,0.0
232,232,693.3432890979342,0.6933432890979342,Sector 2,68.66362724945742,0.0,3,0.75,2883302.64931495,5564319.324651515,25.901148386219283,44.63549699745998,0.0,0.0,1.0,0.0
232,232,693.3432890979342,0.6933432890979342,Sector 2,68.66362724945742,0.0,4,0.9,2883302.804888485,5564317.908445849,25.901149783760125,44.63548794460559,0.0,0.0,1.0,0.0
233,233,696.3432890977608,0.6963432890977608,Sector 2,68.6636273045421,0.0,0,0.1,2883303.4935460365,5564324.396128678,25.901155970076164,44.6355294160055,0.0,0.0,1.0,0.0
233,233,696.3432890977608,0.6963432890977608,Sector 2,68.6636273045421,0.0,1,0.25,2883303.5858008526,5564322.924355634,25.90115679881528,44.63552000795131,0.0,0.0,1.0,0.0
233,233,696.3432890977608,0.6963432890977608,Sector 2,68.6636273045421,0.0,2,0.5,2883303.73955888,5564320.471400558,25.90115818004714,44.635504327857596,0.0,0.0,1.0,0.0
233,233,696.3432890977608,0.6963432890977608,Sector 2,68.6636273045421,0.0,3,0.75,2883303.8933169073,5564318.0184454825,25.901159561278998,44.63548864775964,0.0,0.0,1.0,0.0
233,233,696.3432890977608,0.6963432890977608,Sector 2,68.6636273045421,0.0,4,0.9,2883303.9855717234,5564316.546672438,25.901160390018113,44.63547923969883,0.0,0.0,1.0,0.0
234,234,699.3432890975874,0.6993432890975875,Sector 2,68.66362725587197,0.0,0,0.1,2883304.789410045,5564323.077208675,25.901167611020615,44.635520985037964,0.0,0.0,1.0,0.0
234,234,699.3432890975874,0.6993432890975875,Sector 2,68.66362725587197,0.0,1,0.25,2883304.7964945543,5564321.555135045,25.901167674661842,44.635511255444555,0.0,0.0,1.0,0.0
234,234,699.3432890975874,0.6993432890975875,Sector 2,68.66362725587197,0.0,2,0.5,2883304.80830207,5564319.018345663,25.90116778073056,44.63549503945192,0.0,0.0,1.0,0.0
234,234,699.3432890975874,0.6993432890975875,Sector 2,68.66362725587197,0.0,3,0.75,2883304.8201095858,5564316.481556281,25.90116788679928,44.63547882345476,0.0,0.0,1.0,0.0
234,234,699.3432890975874,0.6993432890975875,Sector 2,68.66362725587197,0.0,4,0.9,2883304.827194095,5564314.959482651,25.901167950440513,44.635469093854276,0.0,0.0,1.0,0.0
235,235,702.343289097753,0.702343289097753,Sector 2,68.66362726670036,0.0,0,0.1,2883306.0613387194,5564321.730121077,25.9011790369503,44.6355123740127,0.0,0.0,1.0,0.0
235,235,702.343289097753,0.702343289097753,Sector 2,68.66362726670036,0.0,1,0.25,2883305.9838313907,5564320.160301184,25.90117834069012,44.63550233920801,0.0,0.0,1.0,0.0
235,235,702.343289097753,0.702343289097753,Sector 2,68.66362726670036,0.0,2,0.5,2883305.854652509,5564317.5439346945,25.901177180256482,44.63548561452967,0.0,0.0,1.0,0.0
235,235,702.343289097753,0.702343289097753,Sector 2,68.66362726670036,0.0,3,0.75,2883305.7254736274,5564314.927568205,25.901176019822845,44.635468889846514,0.0,0.0,1.0,0.0
235,235,702.343289097753,0.702343289097753,Sector 2,68.66362726670036,0.0,4,0.9,2883305.6479662987,5564313.357748312,25.90117532356266,44.63545885503431,0.0,0.0,1.0,0.0
236,236,705.3432890975796,0.7053432890975796,Sector 2,68.6636272888403,0.0,0,0.1,2883307.333267394,5564320.3830334805,25.901190462879985,44.635503762986154,0.0,0.0,1.0,0.0
236,236,705.3432890975796,0.7053432890975796,Sector 2,68.6636272888403,0.0,1,0.25,2883307.1711682267,5564318.765467322,25.901189006718393,44.63549342297009,0.0,0.0,1.0,0.0
236,236,705.3432890975796,0.7053432890975796,Sector 2,68.6636272888403,0.0,2,0.5,2883306.901002948,5564316.069523726,25.901186579782404,44.63547618960589,0.0,0.0,1.0,0.0
236,236,705.3432890975796,0.7053432890975796,Sector 2,68.6636272888403,0.0,3,0.75,2883306.6308376696,5564313.373580129,25.90118415284641,44.63545895623657,0.0,0.0,1.0,0.0
236,236,705.3432890975796,0.7053432890975796,Sector 2,68.6636272888403,0.0,4,0.9,2883306.4687385024,5564311.756013971,25.901182696684817,44.63544861621252,0.0,0.0,1.0,0.0
237,237,708.3432890981788,0.7083432890981789,Sector 2,68.66362725049174,0.0,0,0.1,2883308.482081858,5564318.944689764,25.901200782855902,44.63549456861911,0.0,0.0,1.0,0.0
237,237,708.3432890981788,0.7083432890981789,Sector 2,68.66362725049174,0.0,1,0.25,2883308.2005018224,5564317.277600345,25.901198253379405,44.63548391203231,0.0,0.0,1.0,0.0
237,237,708.3432890981788,0.7083432890981789,Sector 2,68.66362725049174,0.0,2,0.5,2883307.7312017633,5564314.499117982,25.901194037585245,44.63546615105,0.0,0.0,1.0,0.0
237,237,708.3432890981788,0.7083432890981789,Sector 2,68.66362725049174,0.0,3,0.75,2883307.261901704,5564311.720635618,25.90118982179109,44.63544839006224,0.0,0.0,1.0,0.0
237,237,708.3432890981788,0.7083432890981789,Sector 2,68.66362725049174,0.0,4,0.9,2883306.9803216686,5564310.0535462,25.901187292314592,44.635437733466965,0.0,0.0,1.0,0.0
238,238,711.3432890980055,0.7113432890980055,Sector 2,68.66362728394324,0.0,0,0.1,2883309.4727181,5564317.392147893,25.901209681892674,44.63548464425818,0.0,0.0,1.0,0.0
238,238,711.3432890980055,0.7113432890980055,Sector 2,68.66362728394324,0.0,1,0.25,2883309.066687856,5564315.686030351,25.901206034460934,44.635473738188836,0.0,0.0,1.0,0.0
238,238,711.3432890980055,0.7113432890980055,Sector 2,68.66362728394324,0.0,2,0.5,2883308.3899707827,5564312.842501112,25.901199955408035,44.635455561402026,0.0,0.0,1.0,0.0
238,238,711.3432890980055,0.7113432890980055,Sector 2,68.66362728394324,0.0,3,0.75,2883307.7132537095,5564309.998971874,25.901193876355133,44.635437384609524,0.0,0.0,1.0,0.0
238,238,711.3432890980055,0.7113432890980055,Sector 2,68.66362728394324,0.0,4,0.9,2883307.3072234653,5564308.292854331,25.901190228923394,44.63542647853129,0.0,0.0,1.0,0.0
239,239,714.343289098171,0.714343289098171,Sector 2,68.66362730116253,0.0,0,0.1,2883310.391388488,5564315.789658351,25.901217934449182,44.63547440061345,0.0,0.0,1.0,0.0
239,239,714.343289098171,0.714343289098171,Sector 2,68.66362730116253,0.0,1,0.25,2883309.8687954037,5564314.052260257,25.90121323991563,44.63546329458646,0.0,0.0,1.0,0.0
239,239,714.343289098171,0.714343289098171,Sector 2,68.66362730116253,0.0,2,0.5,2883308.99780693,5564311.156596769,25.901205415693045,44.63544478453676,0.0,0.0,1.0,0.0
239,239,714.343289098171,0.714343289098171,Sector 2,68.66362730116253,0.0,3,0.75,2883308.1268184558,5564308.260933279,25.90119759147046,44.635426274481155,0.0,0.0,1.0,0.0
239,239,714.343289098171,0.714343289098171,Sector 2,68.66362730116253,0.0,4,0.9,2883307.6042253715,5564306.5235351855,25.90119289693691,44.63541516844496,0.0,0.0,1.0,0.0
240,240,717.3432890979976,0.7173432890979976,Sector 2,68.66362724511146,0.0,0,0.1,2883311.245918657,5564314.151614891,25.901225610824298,44.63546392969442,0.0,0.0,1.0,0.0
240,240,717.3432890979976,0.7173432890979976,Sector 2,68.66362724511146,0.0,1,0.25,2883310.617452769,5564312.3888619,25.90121996521917,44.63545266158843,0.0,0.0,1.0,0.0
240,240,717.3432890979976,0.7173432890979976,Sector 2,68.66362724511146,0.0,2,0.5,2883309.5700096223,5564309.450940248,25.901210555877288,44.635433881406925,0.0,0.0,1.0,0.0
240,240,717.3432890979976,0.7173432890979976,Sector 2,68.66362724511146,0.0,3,0.75,2883308.5225664754,5564306.513018595,25.901201146535406,44.635415101219344,0.0,0.0,1.0,0.0
240,240,717.3432890979976,0.7173432890979976,Sector 2,68.66362724511146,0.0,4,0.9,2883307.8941005873,5564304.750265604,25.901195500930278,44.63540383310389,0.0,0.0,1.0,0.0
241,241,720.3432890981632,0.7203432890981631,Sector 2,68.66362726086038,0.0,0,0.1,2883311.9056597613,5564312.425042853,25.90123153737947,44.63545289286919,0.0,0.0,1.0,0.0
241,241,720.3432890981632,0.7203432890981631,Sector 2,68.66362726086038,0.0,1,0.25,2883311.1879973803,5564310.650935705,25.901225090508614,44.635441552181476,0.0,0.0,1.0,0.0
241,241,720.3432890981632,0.7203432890981631,Sector 2,68.66362726086038,0.0,2,0.5,2883309.9918934116,5564307.694090459,25.90121434572385,44.63542265103037,0.0,0.0,1.0,0.0
241,241,720.3432890981632,0.7203432890981631,Sector 2,68.66362726086038,0.0,3,0.75,2883308.7957894425,5564304.737245212,25.90120360093908,44.635403749873106,0.0,0.0,1.0,0.0
241,241,720.3432890981632,0.7203432890981631,Sector 2,68.66362726086038,0.0,4,0.9,2883308.0781270615,5564302.963138064,25.901197154068225,44.6353924091758,0.0,0.0,1.0,0.0
242,242,723.3432890979898,0.7233432890979897,Sector 2,68.66362729824255,0.0,0,0.1,2883312.360739192,5564310.62738164,25.90123562542755,44.63544140161598,0.0,0.0,1.0,0.0
242,242,723.3432890979898,0.7233432890979897,Sector 2,68.66362729824255,0.0,1,0.25,2883311.554621511,5564308.852652814,25.901228383949217,44.63543005695205,0.0,0.0,1.0,0.0
242,242,723.3432890979898,0.7233432890979897,Sector 2,68.66362729824255,0.0,2,0.5,2883310.211092043,5564305.894771437,25.901216314818658,44.635411149173905,0.0,0.0,1.0,0.0
242,242,723.3432890979898,0.7233432890979897,Sector 2,68.66362729824255,0.0,3,0.75,2883308.8675625753,5564302.93689006,25.901204245688103,44.63539224138959,0.0,0.0,1.0,0.0
242,242,723.3432890979898,0.7233432890979897,Sector 2,68.66362729824255,0.0,4,0.9,2883308.0614448944,5564301.162161235,25.901197004209767,44.63538089671606,0.0,0.0,1.0,0.0
243,243,726.3432890978164,0.7263432890978164,Sector 2,68.66362722694913,0.0,0,0.1,2883312.8084201803,5564308.83012594,25.901239647014293,44.63542991295268,0.0,0.0,1.0,0.0
243,243,726.3432890978164,0.7263432890978164,Sector 2,68.66362722694913,0.0,1,0.25,2883311.9027495375,5564307.055383706,25.90123151123649,44.6354185682008,0.0,0.0,1.0,0.0
243,243,726.3432890978164,0.7263432890978164,Sector 2,68.66362722694913,0.0,2,0.5,2883310.393298466,5564304.097479983,25.901217951606807,44.63539966027606,0.0,0.0,1.0,0.0
243,243,726.3432890978164,0.7263432890978164,Sector 2,68.66362722694913,0.0,3,0.75,2883308.883847395,5564301.13957626,25.901204391977128,44.63538075234516,0.0,0.0,1.0,0.0
243,243,726.3432890978164,0.7263432890978164,Sector 2,68.66362722694913,0.0,4,0.9,2883307.978176752,5564299.364834026,25.90119625619932,44.63536940758366,0.0,0.0,1.0,0.0
244,244,729.3432890979819,0.729343289097982,Sector 2,68.66362728449411,0.0,0,0.1,2883313.255413924,5564307.032940224,25.90124366242741,44.63541842473445,0.0,0.0,1.0,0.0
244,244,729.3432890979819,0.729343289097982,Sector 2,68.66362728449411,0.0,1,0.25,2883312.249159451,5564305.258289556,25.901234623089685,44.63540708056564,0.0,0.0,1.0,0.0
244,244,729.3432890979819,0.729343289097982,Sector 2,68.66362728449411,0.0,2,0.5,2883310.5720686624,5564302.300538443,25.9012195575268,44.635388173612704,0.0,0.0,1.0,0.0
244,244,729.3432890979819,0.729343289097982,Sector 2,68.66362728449411,0.0,3,0.75,2883308.894977874,5564299.342787329,25.901204491963924,44.6353692666536,0.0,0.0,1.0,0.0
244,244,729.3432890979819,0.729343289097982,Sector 2,68.66362728449411,0.0,4,0.9,2883307.8887234014,5564297.568136661,25.901195452626197,44.63535792247517,0.0,0.0,1.0,0.0
245,245,732.3432890978086,0.7323432890978085,Sector 2,68.66362725991735,0.0,0,0.1,2883313.6947463,5564305.236917893,25.901247609017293,44.63540694395072,0.0,0.0,1.0,0.0
245,245,732.3432890978086,0.7323432890978085,Sector 2,68.66362725991735,0.0,1,0.25,2883312.5764159467,5564303.464103872,25.901237562884805,44.63539561152013,0.0,0.0,1.0,0.0
245,245,732.3432890978086,0.7323432890978085,Sector 2,68.66362725991735,0.0,2,0.5,2883310.712532024,5564300.509413836,25.901220819330646,44.63537672413091,0.0,0.0,1.0,0.0
245,245,732.3432890978086,0.7323432890978085,Sector 2,68.66362725991735,0.0,3,0.75,2883308.8486481016,5564297.554723799,25.901204075776494,44.63535783673553,0.0,0.0,1.0,0.0
245,245,732.3432890978086,0.7323432890978085,Sector 2,68.66362725991735,0.0,4,0.9,2883307.730317748,5564295.781909778,25.901194029644003,44.635346504295356,0.0,0.0,1.0,0.0
246,246,735.3432890979741,0.7353432890979741,Sector 2,68.66362729729946,0.0,0,0.1,2883313.8714698805,5564303.417683218,25.90124919655223,44.63539531478349,0.0,0.0,1.0,0.0
246,246,735.3432890979741,0.7353432890979741,Sector 2,68.66362729729946,0.0,1,0.25,2883312.5786956176,5564301.684762053,25.901237583363436,44.63538423735943,0.0,0.0,1.0,0.0
246,246,735.3432890979741,0.7353432890979741,Sector 2,68.66362729729946,0.0,2,0.5,2883310.4240718456,5564298.796560114,25.90121822804878,44.6353657749813,0.0,0.0,1.0,0.0
246,246,735.3432890979741,0.7353432890979741,Sector 2,68.66362729729946,0.0,3,0.75,2883308.269448074,5564295.908358175,25.90119887273412,44.635347312597304,0.0,0.0,1.0,0.0
246,246,735.3432890979741,0.7353432890979741,Sector 2,68.66362729729946,0.0,4,0.9,2883306.976673811,5564294.175437011,25.90118725954533,44.63533623516408,0.0,0.0,1.0,0.0
247,247,738.3432890978007,0.7383432890978007,Sector 2,10.912385185391088,0.0,0,0.1,2883313.810657092,5564301.579332735,25.901248650261653,44.63538356341914,0.0,0.0,1.0,0.0
247,247,738.3432890978007,0.7383432890978007,Sector 2,10.912385185391088,0.0,1,0.25,2883312.3830283144,5564299.889490398,25.901235825654144,44.63537276136749,0.0,0.0,1.0,0.0
247,247,738.3432890978007,0.7383432890978007,Sector 2,10.912385185391088,0.0,2,0.5,2883310.003647018,5564297.0730865,25.901214451308295,44.63535475794361,0.0,0.0,1.0,0.0
247,247,738.3432890978007,0.7383432890978007,Sector 2,10.912385185391088,0.0,3,0.75,2883307.624265722,5564294.256682604,25.901193076962443,44.63533675451414,0.0,0.0,1.0,0.0
247,247,738.3432890978007,0.7383432890978007,Sector 2,10.912385185391088,0.0,4,0.9,2883306.1966369445,5564292.566840266,25.901180252354937,44.63532595245378,0.0,0.0,1.0,0.0
248,248,739.123945872472,0.739123945872472,Sector 2,277.3352915745316,0.0,0,0.1,2883313.7880196096,5564301.100433033,25.901248446905694,44.635380502128235,0.0,0.0,1.0,0.0
248,248,739.123945872472,0.739123945872472,Sector 2,277.3352915745316,0.0,1,0.25,2883312.3264346095,5564299.421888307,25.901235317264245,44.63536977229424,0.0,0.0,1.0,0.0
248,248,739.123945872472,0.739123945872472,Sector 2,277.3352915745316,0.0,2,0.5,2883309.8904596083,5564296.624313762,25.901213434528493,44.63535188923316,0.0,0.0,1.0,0.0
248,248,739.123945872472,0.739123945872472,Sector 2,277.3352915745316,0.0,3,0.75,2883307.4544846076,5564293.826739219,25.901191551792742,44.63533400616658,0.0,0.0,1.0,0.0
248,248,739.123945872472,0.739123945872472,Sector 2,277.3352915745316,0.0,4,0.9,2883305.992899607,5564292.148194493,25.901178422151293,44.63532327632399,0.0,0.0,1.0,0.0
249,249,742.1239458723619,0.7421239458723619,Sector 2,277.3352915593483,0.0,0,0.1,2883313.701025622,5564299.260060728,25.901247665425405,44.63536873783671,0.0,0.0,1.0,0.0
249,249,742.1239458723619,0.7421239458723619,Sector 2,277.3352915593483,0.0,1,0.25,2883312.10894964,5564297.624931797,25.901233363563524,44.635358285529286,0.0,0.0,1.0,0.0
249,249,742.1239458723619,0.7421239458723619,Sector 2,277.3352915593483,0.0,2,0.5,2883309.45548967,5564294.899716915,25.901209527127055,44.635340865012736,0.0,0.0,1.0,0.0
249,249,742.1239458723619,0.7421239458723619,Sector 2,277.3352915593483,0.0,3,0.75,2883306.8020296996,5564292.174502032,25.901185690690582,44.63532344449095,0.0,0.0,1.0,0.0
249,249,742.1239458723619,0.7421239458723619,Sector 2,277.3352915593483,0.0,4,0.9,2883305.2099537174,5564290.539373102,25.9011713888287,44.63531299217537,0.0,0.0,1.0,0.0
250,250,745.1239458728326,0.7451239458728326,Sector 2,277.3352915458918,0.0,0,0.1,2883313.6140316343,5564297.419688422,25.901246883945117,44.63535697354279,0.0,0.0,1.0,0.0
250,250,745.1239458728326,0.7451239458728326,Sector 2,277.3352915458918,0.0,1,0.25,2883311.891464671,5564295.827975288,25.90123140986281,44.63534679876205,0.0,0.0,1.0,0.0
250,250,745.1239458728326,0.7451239458728326,Sector 2,277.3352915458918,0.0,2,0.5,2883309.0205197316,5564293.175120065,25.901205619725616,44.6353298407902,0.0,0.0,1.0,0.0
250,250,745.1239458728326,0.7451239458728326,Sector 2,277.3352915458918,0.0,3,0.75,2883306.149574792,5564290.522264843,25.901179829588425,44.635312882813395,0.0,0.0,1.0,0.0
250,250,745.1239458728326,0.7451239458728326,Sector 2,277.3352915458918,0.0,4,0.9,2883304.427007829,5564288.930551709,25.901164355506115,44.63530270802492,0.0,0.0,1.0,0.0
251,251,748.1239458727225,0.7481239458727225,Sector 2,277.3352915701344,0.0,0,0.1,2883313.32935367,5564295.605556798,25.901244326639453,44.63534537698602,0.0,0.0,1.0,0.0
251,251,748.1239458727225,0.7481239458727225,Sector 2,277.3352915701344,0.0,1,0.25,2883311.4685523435,5564294.080100458,25.90122761077673,44.63533562573971,0.0,0.0,1.0,0.0
251,251,748.1239458727225,0.7481239458727225,Sector 2,277.3352915701344,0.0,2,0.5,2883308.367216799,5564291.537673224,25.90119975100552,44.635319373658874,0.0,0.0,1.0,0.0
251,251,748.1239458727225,0.7481239458727225,Sector 2,277.3352915701344,0.0,3,0.75,2883305.2658812543,5564288.995245989,25.901171891234313,44.635303121573486,0.0,0.0,1.0,0.0
251,251,748.1239458727225,0.7481239458727225,Sector 2,277.3352915701344,0.0,4,0.9,2883303.4050799278,5564287.469789649,25.90115517537159,44.63529337032008,0.0,0.0,1.0,0.0
252,252,751.1239458726125,0.7511239458726124,Sector 2,277.3352915361016,0.0,0,0.1,2883312.735352472,5564293.871171857,25.901238990635903,44.63533429019545,0.0,0.0,1.0,0.0
252,252,751.1239458726125,0.7511239458726124,Sector 2,277.3352915361016,0.0,1,0.25,2883310.7515397524,5564292.432895776,25.901221169743035,44.63532509623389,0.0,0.0,1.0,0.0
252,252,751.1239458726125,0.7511239458726124,Sector 2,277.3352915361016,0.0,2,0.5,2883307.4451852194,5564290.035768972,25.90119146825492,44.63530977296139,0.0,0.0,1.0,0.0
252,252,751.1239458726125,0.7511239458726124,Sector 2,277.3352915361016,0.0,3,0.75,2883304.1388306865,5564287.638642168,25.9011617667668,44.63529444968483,0.0,0.0,1.0,0.0
252,252,751.1239458726125,0.7511239458726124,Sector 2,277.3352915361016,0.0,4,0.9,2883302.155017967,5564286.200366086,25.901143945873933,44.63528525571697,0.0,0.0,1.0,0.0
253,253,754.1239458725024,0.7541239458725024,Sector 2,277.3352915689057,0.0,0,0.1,2883312.083465753,5564292.151417035,25.90123313463787,44.635323296923595,0.0,0.0,1.0,0.0
253,253,754.1239458725024,0.7541239458725024,Sector 2,277.3352915689057,0.0,1,0.25,2883309.9815558987,5564290.80242814,25.90121425286039,44.635314673715236,0.0,0.0,1.0,0.0
253,253,754.1239458725024,0.7541239458725024,Sector 2,277.3352915689057,0.0,2,0.5,2883306.478372808,5564288.554113316,25.90118278323126,44.635300301698464,0.0,0.0,1.0,0.0
253,253,754.1239458725024,0.7541239458725024,Sector 2,277.3352915689057,0.0,3,0.75,2883302.9751897175,5564286.305798492,25.901151313602124,44.635285929678126,0.0,0.0,1.0,0.0
253,253,754.1239458725024,0.7541239458725024,Sector 2,277.3352915689057,0.0,4,0.9,2883300.873279863,5564284.956809598,25.901132431824642,44.63527730646422,0.0,0.0,1.0,0.0
254,254,757.1239458723924,0.7571239458723924,Sector 2,277.3352915348728,0.0,0,0.1,2883311.3782017124,5564290.450370904,25.9012267991432,44.63531242324217,0.0,0.0,1.0,0.0
254,254,757.1239458723924,0.7571239458723924,Sector 2,277.3352915348728,0.0,1,0.25,2883309.167090944,5564289.187551082,25.90120693639722,44.63530435085515,0.0,0.0,1.0,0.0
254,254,757.1239458723924,0.7571239458723924,Sector 2,277.3352915348728,0.0,2,0.5,2883305.4819063293,5564287.082851378,25.90117383182058,44.635290896874295,0.0,0.0,1.0,0.0
254,254,757.1239458723924,0.7571239458723924,Sector 2,277.3352915348728,0.0,3,0.75,2883301.7967217145,5564284.978151674,25.901140727243934,44.63527744289033,0.0,0.0,1.0,0.0
254,254,757.1239458723924,0.7571239458723924,Sector 2,277.3352915348728,0.0,4,0.9,2883299.585610946,5564283.715331852,25.901120864497955,44.635269370498456,0.0,0.0,1.0,0.0
255,255,760.1239458727441,0.7601239458727441,Sector 2,277.3352915685403,0.0,0,0.1,2883310.458408805,5564288.859499797,25.90121853650293,44.63530225383615,0.0,0.0,1.0,0.0
255,255,760.1239458727441,0.7601239458727441,Sector 2,277.3352915685403,0.0,1,0.25,2883308.159956743,5564287.682569114,25.90119788915676,44.635294730481334,0.0,0.0,1.0,0.0
255,255,760.1239458727441,0.7601239458727441,Sector 2,277.3352915685403,0.0,2,0.5,2883304.329203306,5564285.7210179735,25.90116347691314,44.63528219155448,0.0,0.0,1.0,0.0
255,255,760.1239458727441,0.7601239458727441,Sector 2,277.3352915685403,0.0,3,0.75,2883300.4984498695,5564283.759466833,25.901129064669522,44.635269652624906,0.0,0.0,1.0,0.0
255,255,760.1239458727441,0.7601239458727441,Sector 2,277.3352915685403,0.0,4,0.9,2883298.1999978074,5564282.58253615,25.90110841732335,44.635262129265875,0.0,0.0,1.0,0.0
256,256,763.1239458726341,0.7631239458726341,Sector 2,277.3352915542204,0.0,0,0.1,2883309.393781636,5564287.360142513,25.901208972794354,44.635292669416955,0.0,0.0,1.0,0.0
256,256,763.1239458726341,0.7631239458726341,Sector 2,277.3352915542204,0.0,1,0.25,2883307.006307427,5564286.298166828,25.90118752574863,44.63528588089384,0.0,0.0,1.0,0.0
256,256,763.1239458726341,0.7631239458726341,Sector 2,277.3352915542204,0.0,2,0.5,2883303.027183745,5564284.528207351,25.90115178067242,44.635274566686874,0.0,0.0,1.0,0.0
256,256,763.1239458726341,0.7631239458726341,Sector 2,277.3352915542204,0.0,3,0.75,2883299.0480600633,5564282.758247875,25.901116035596214,44.635263252477706,0.0,0.0,1.0,0.0
256,256,763.1239458726341,0.7631239458726341,Sector 2,277.3352915542204,0.0,4,0.9,2883296.660585854,5564281.69627219,25.90109458855049,44.63525646395115,0.0,0.0,1.0,0.0
257,257,766.123945872524,0.766123945872524,Sector 2,277.33529156903825,0.0,0,0.1,2883308.3206971386,5564285.877002511,25.9011993331123,44.63528318866277,0.0,0.0,1.0,0.0
257,257,766.123945872524,0.766123945872524,Sector 2,277.33529156903825,0.0,1,0.25,2883305.83151479,5564284.954307749,25.901176972406816,44.63527729047152,0.0,0.0,1.0,0.0
257,257,766.123945872524,0.766123945872524,Sector 2,277.33529156903825,0.0,2,0.5,2883301.6828775434,5564283.416483143,25.901139704564347,44.63526746015142,0.0,0.0,1.0,0.0
257,257,766.123945872524,0.766123945872524,Sector 2,277.33529156903825,0.0,3,0.75,2883297.534240296,5564281.878658539,25.90110243672187,44.63525762982966,0.0,0.0,1.0,0.0
257,257,766.123945872524,0.766123945872524,Sector 2,277.33529156903825,0.0,4,0.9,2883295.0450579477,5564280.9559637755,25.901080076016385,44.63525173163581,0.0,0.0,1.0,0.0
258,258,769.123945872414,0.769123945872414,Sector 2,277.3352915247172,0.0,0,0.1,2883307.2476126407,5564284.393862511,25.901189693430247,44.63527370790705,0.0,0.0,1.0,0.0
258,258,769.123945872414,0.769123945872414,Sector 2,277.3352915247172,0.0,1,0.25,2883304.6567221535,5564283.610448671,25.901166419065007,44.63526870004793,0.0,0.0,1.0,0.0
258,258,769.123945872414,0.769123945872414,Sector 2,277.3352915247172,0.0,2,0.5,2883300.338571341,5564282.304758937,25.901127628456262,44.63526035361511,0.0,0.0,1.0,0.0
258,258,769.123945872414,0.769123945872414,Sector 2,277.3352915247172,0.0,3,0.75,2883296.020420528,5564280.999069204,25.90108883784752,44.63525200718108,0.0,0.0,1.0,0.0
258,258,769.123945872414,0.769123945872414,Sector 2,277.3352915247172,0.0,4,0.9,2883293.429530041,5564280.215655363,25.901065563482277,44.63524699932009,0.0,0.0,1.0,0.0
259,259,772.1239458727657,0.7721239458727657,Sector 2,277.3352915583847,0.0,0,0.1,2883306.1745281434,5564282.910722509,25.901180053748195,44.635264227149776,0.0,0.0,1.0,0.0
259,259,772.1239458727657,0.7721239458727657,Sector 2,277.3352915583847,0.0,1,0.25,2883303.4819295164,5564282.266589592,25.90115586572319,44.63526010962307,0.0,0.0,1.0,0.0
259,259,772.1239458727657,0.7721239458727657,Sector 2,277.3352915583847,0.0,2,0.5,2883298.9942651386,5564281.193034731,25.901115552348184,44.63525324707792,0.0,0.0,1.0,0.0
259,259,772.1239458727657,0.7721239458727657,Sector 2,277.3352915583847,0.0,3,0.75,2883294.506600761,5564280.119479869,25.901075238973178,44.63524638453196,0.0,0.0,1.0,0.0
259,259,772.1239458727657,0.7721239458727657,Sector 2,277.3352915583847,0.0,4,0.9,2883291.814002134,5564279.475346952,25.901051050948173,44.635242267003996,0.0,0.0,1.0,0.0
260,260,775.1239458727746,0.7751239458727746,Sector 2,277.335291581764,0.0,0,0.1,2883305.094545437,5564281.432139315,25.90117035209848,44.63525477551968,0.0,0.0,1.0,0.0
260,260,775.1239458727746,0.7751239458727746,Sector 2,277.335291581764,0.0,1,0.25,2883302.3013883727,5564280.926527852,25.90114526074166,44.63525154347088,0.0,0.0,1.0,0.0
260,260,775.1239458727746,0.7751239458727746,Sector 2,277.335291581764,0.0,2,0.5,2883297.646126598,5564280.083842082,25.901103441813625,44.63524615672249,0.0,0.0,1.0,0.0
260,260,775.1239458727746,0.7751239458727746,Sector 2,277.335291581764,0.0,3,0.75,2883292.990864824,5564279.241156313,25.90106162288559,44.635240769973606,0.0,0.0,1.0,0.0
260,260,775.1239458727746,0.7751239458727746,Sector 2,277.335291581764,0.0,4,0.9,2883290.1977077597,5564278.73554485,25.90103653152877,44.63523753792403,0.0,0.0,1.0,0.0
261,261,778.1239458726645,0.7781239458726645,Sector 2,277.3352915580193,0.0,0,0.1,2883303.952359287,5564280.000444187,25.90116009166572,44.63524562361333,0.0,0.0,1.0,0.0
261,261,778.1239458726645,0.7781239458726645,Sector 2,277.3352915580193,0.0,1,0.25,2883301.069011025,5564279.625539502,25.901134190107587,44.635243227088516,0.0,0.0,1.0,0.0
261,261,778.1239458726645,0.7781239458726645,Sector 2,277.3352915580193,0.0,2,0.5,2883296.2634305893,5564279.000698362,25.901091020844046,44.635239232880274,0.0,0.0,1.0,0.0
261,261,778.1239458726645,0.7781239458726645,Sector 2,277.3352915580193,0.0,3,0.75,2883291.4578501536,5564278.37585722,25.901047851580497,44.63523523867174,0.0,0.0,1.0,0.0
261,261,778.1239458726645,0.7781239458726645,Sector 2,277.3352915580193,0.0,4,0.9,2883288.5745018916,5564278.000952535,25.90102195002237,44.6352328421465,0.0,0.0,1.0,0.0
262,262,781.1239458725545,0.7811239458725545,Sector 2,277.33529156254906,0.0,0,0.1,2883302.503053112,5564278.845044643,25.901147072326836,44.635238237885936,0.0,0.0,1.0,0.0
262,262,781.1239458725545,0.7811239458725545,Sector 2,277.33529156254906,0.0,1,0.25,2883299.580700324,5564278.5547974715,25.90112082038508,44.635236382521995,0.0,0.0,1.0,0.0
262,262,781.1239458725545,0.7811239458725545,Sector 2,277.33529156254906,0.0,2,0.5,2883294.7101123435,5564278.071052186,25.90107706714883,44.63523329024863,0.0,0.0,1.0,0.0
262,262,781.1239458725545,0.7811239458725545,Sector 2,277.33529156254906,0.0,3,0.75,2883289.8395243636,5564277.587306901,25.901033313912578,44.63523019797508,0.0,0.0,1.0,0.0
262,262,781.1239458725545,0.7811239458725545,Sector 2,277.33529156254906,0.0,4,0.9,2883286.9171715756,5564277.29705973,25.90100706197083,44.63522834261089,0.0,0.0,1.0,0.0
263,263,784.1239458724444,0.7841239458724444,Sector 2,277.3352915096665,0.0,0,0.1,2883301.0537469364,5564277.6896450985,25.901134052987945,44.635230852157605,0.0,0.0,1.0,0.0
263,263,784.1239458724444,0.7841239458724444,Sector 2,277.3352915096665,0.0,1,0.25,2883298.0923896222,5564277.484055441,25.901107450662575,44.63522953795466,0.0,0.0,1.0,0.0
263,263,784.1239458724444,0.7841239458724444,Sector 2,277.3352915096665,0.0,2,0.5,2883293.1567940987,5564277.141406011,25.901063113453628,44.635227347616365,0.0,0.0,1.0,0.0
263,263,784.1239458724444,0.7841239458724444,Sector 2,277.3352915096665,0.0,3,0.75,2883288.221198575,5564276.79875658,25.901018776244676,44.63522515727798,0.0,0.0,1.0,0.0
263,263,784.1239458724444,0.7841239458724444,Sector 2,277.3352915096665,0.0,4,0.9,2883285.259841261,5564276.593166922,25.900992173919303,44.63522384307492,0.0,0.0,1.0,0.0
264,264,787.1239458727962,0.7871239458727962,Sector 2,277.33529154419733,0.0,0,0.1,2883299.6044407613,5564276.534245554,25.90112103364906,44.63522346642833,0.0,0.0,1.0,0.0
264,264,787.1239458727962,0.7871239458727962,Sector 2,277.33529154419733,0.0,1,0.25,2883296.6040789206,5564276.413313409,25.901094080940066,44.635222693386524,0.0,0.0,1.0,0.0
264,264,787.1239458727962,0.7871239458727962,Sector 2,277.33529154419733,0.0,2,0.5,2883291.6034758533,5564276.211759835,25.90104915975842,44.6352214049835,0.0,0.0,1.0,0.0
264,264,787.1239458727962,0.7871239458727962,Sector 2,277.33529154419733,0.0,3,0.75,2883286.602872786,5564276.01020626,25.901004238576764,44.63522011658044,0.0,0.0,1.0,0.0
264,264,787.1239458727962,0.7871239458727962,Sector 2,277.33529154419733,0.0,4,0.9,2883283.6025109454,5564275.889274115,25.90097728586777,44.635219343538594,0.0,0.0,1.0,0.0
265,265,790.1239458726861,0.7901239458726861,Sector 2,277.3352915667133,0.0,0,0.1,2883297.9841164458,5564275.632070005,25.901106478028083,44.63521769939722,0.0,0.0,1.0,0.0
265,265,790.1239458726861,0.7901239458726861,Sector 2,277.3352915667133,0.0,1,0.25,2883294.9732531025,5564275.553591374,25.901079430982488,44.6352171977335,0.0,0.0,1.0,0.0
265,265,790.1239458726861,0.7901239458726861,Sector 2,277.3352915667133,0.0,2,0.5,2883289.95514753,5564275.422793657,25.901034352573156,44.635216361627315,0.0,0.0,1.0,0.0
265,265,790.1239458726861,0.7901239458726861,Sector 2,277.3352915667133,0.0,3,0.75,2883284.937041958,5564275.29199594,25.900989274163827,44.63521552552113,0.0,0.0,1.0,0.0
265,265,790.1239458726861,0.7901239458726861,Sector 2,277.3352915667133,0.0,4,0.9,2883281.9261786146,5564275.213517309,25.90096222711823,44.6352150238574,0.0,0.0,1.0,0.0
266,266,793.1239458725761,0.7931239458725761,Sector 2,277.3352915429686,0.0,0,0.1,2883296.269070029,5564274.910234203,25.901091071503988,44.635213085162306,0.0,0.0,1.0,0.0
266,266,793.1239458725761,0.7931239458725761,Sector 2,277.3352915429686,0.0,1,0.25,2883293.2634921996,5564274.844152462,25.901064071938972,44.63521266274397,0.0,0.0,1.0,0.0
266,266,793.1239458725761,0.7931239458725761,Sector 2,277.3352915429686,0.0,2,0.5,2883288.2541958173,5564274.734016227,25.901019072663946,44.63521195871338,0.0,0.0,1.0,0.0
266,266,793.1239458725761,0.7931239458725761,Sector 2,277.3352915429686,0.0,3,0.75,2883283.244899435,5564274.623879992,25.900974073388916,44.63521125468277,0.0,0.0,1.0,0.0
266,266,793.1239458725761,0.7931239458725761,Sector 2,277.3352915429686,0.0,4,0.9,2883280.239321606,5564274.5577982515,25.9009470738239,44.63521083226441,0.0,0.0,1.0,0.0
267,267,796.123945872466,0.796123945872466,Sector 2,277.335291566348,0.0,0,0.1,2883294.534705688,5564274.230700446,25.901075491444033,44.63520874133702,0.0,0.0,1.0,0.0
267,267,796.123945872466,0.796123945872466,Sector 2,277.335291566348,0.0,1,0.25,2883291.537633027,5564274.169965254,25.901048568282242,44.63520835309571,0.0,0.0,1.0,0.0
267,267,796.123945872466,0.796123945872466,Sector 2,277.335291566348,0.0,2,0.5,2883286.5425119246,5564274.068739934,25.90100369634592,44.635207706026854,0.0,0.0,1.0,0.0
267,267,796.123945872466,0.796123945872466,Sector 2,277.335291566348,0.0,3,0.75,2883281.5473908223,5564273.967514613,25.9009588244096,44.635207058957995,0.0,0.0,1.0,0.0
267,267,796.123945872466,0.796123945872466,Sector 2,277.335291566348,0.0,4,0.9,2883278.5503181615,5564273.906779421,25.90093190124781,44.63520667071667,0.0,0.0,1.0,0.0
268,268,799.123945872356,0.799123945872356,Sector 2,277.3352915511647,0.0,0,0.1,2883292.800341347,5564273.551166691,25.90105991138408,44.63520439751141,0.0,0.0,1.0,0.0
268,268,799.123945872356,0.799123945872356,Sector 2,277.3352915511647,0.0,1,0.25,2883289.8117738543,5564273.495778047,25.901033064625516,44.63520404344714,0.0,0.0,1.0,0.0
268,268,799.123945872356,0.799123945872356,Sector 2,277.3352915511647,0.0,2,0.5,2883284.830828032,5564273.403463641,25.9009883200279,44.63520345334003,0.0,0.0,1.0,0.0
268,268,799.123945872356,0.799123945872356,Sector 2,277.3352915511647,0.0,3,0.75,2883279.8498822097,5564273.311149235,25.900943575430283,44.63520286323291,0.0,0.0,1.0,0.0
268,268,799.123945872356,0.799123945872356,Sector 2,277.3352915511647,0.0,4,0.9,2883276.8613147167,5564273.2557605915,25.900916728671717,44.63520250916864,0.0,0.0,1.0,0.0
269,269,802.1239458727077,0.8021239458727077,Sector 2,277.3352915659826,0.0,0,0.1,2883291.065977006,5564272.871632934,25.90104433132412,44.63520005368546,0.0,0.0,1.0,0.0
269,269,802.1239458727077,0.8021239458727077,Sector 2,277.3352915659826,0.0,1,0.25,2883288.0859146807,5564272.821590839,25.901017560968775,44.635199733798245,0.0,0.0,1.0,0.0
269,269,802.1239458727077,0.8021239458727077,Sector 2,277.3352915659826,0.0,2,0.5,2883283.119144139,5564272.738187347,25.90097294370987,44.63519920065289,0.0,0.0,1.0,0.0
269,269,802.1239458727077,0.8021239458727077,Sector 2,277.3352915659826,0.0,3,0.75,2883278.152373597,5564272.654783855,25.900928326450966,44.63519866750752,0.0,0.0,1.0,0.0
269,269,802.1239458727077,0.8021239458727077,Sector 2,277.3352915659826,0.0,4,0.9,2883275.1723112715,5564272.6047417605,25.90090155609562,44.6351983476203,0.0,0.0,1.0,0.0
270,270,805.1239458727166,0.8051239458727166,Sector 2,277.335291552526,0.0,0,0.1,2883289.331612665,5564272.192099177,25.901028751264164,44.63519570985919,0.0,0.0,1.0,0.0
270,270,805.1239458727166,0.8051239458727166,Sector 2,277.335291552526,0.0,1,0.25,2883286.360055508,5564272.147403631,25.901002057312045,44.63519542414904,0.0,0.0,1.0,0.0
270,270,805.1239458727166,0.8051239458727166,Sector 2,277.335291552526,0.0,2,0.5,2883281.4074602462,5564272.072911054,25.900957567391846,44.63519494796544,0.0,0.0,1.0,0.0
270,270,805.1239458727166,0.8051239458727166,Sector 2,277.335291552526,0.0,3,0.75,2883276.454864984,5564271.998418476,25.900913077471643,44.63519447178184,0.0,0.0,1.0,0.0
270,270,805.1239458727166,0.8051239458727166,Sector 2,277.335291552526,0.0,4,0.9,2883273.483307827,5564271.9537229305,25.900886383519527,44.63519418607167,0.0,0.0,1.0,0.0
271,271,808.1239458726066,0.8081239458726066,Sector 2,277.3352915467676,0.0,0,0.1,2883287.5972483247,5564271.512565421,25.90101317120421,44.6351913660326,0.0,0.0,1.0,0.0
271,271,808.1239458726066,0.8081239458726066,Sector 2,277.3352915467676,0.0,1,0.25,2883284.6341963354,5564271.473216423,25.900986553655315,44.6351911144995,0.0,0.0,1.0,0.0
271,271,808.1239458726066,0.8081239458726066,Sector 2,277.3352915467676,0.0,2,0.5,2883279.695776353,5564271.407634761,25.900942191073817,44.63519069527768,0.0,0.0,1.0,0.0
271,271,808.1239458726066,0.8081239458726066,Sector 2,277.3352915467676,0.0,3,0.75,2883274.757356371,5564271.342053099,25.900897828492322,44.635190276055845,0.0,0.0,1.0,0.0
271,271,808.1239458726066,0.8081239458726066,Sector 2,277.3352915467676,0.0,4,0.9,2883271.7943043816,5564271.302704101,25.90087121094343,44.63519002452276,0.0,0.0,1.0,0.0
272,272,811.1239458724965,0.8111239458724965,Sector 2,277.3352915607221,0.0,0,0.1,2883285.8628839836,5564270.833031664,25.90099759114425,44.63518702220568,0.0,0.0,1.0,0.0
272,272,811.1239458724965,0.8111239458724965,Sector 2,277.3352915607221,0.0,1,0.25,2883282.9083371623,5564270.799029215,25.900971049998578,44.635186804849646,0.0,0.0,1.0,0.0
272,272,811.1239458724965,0.8111239458724965,Sector 2,277.3352915607221,0.0,2,0.5,2883277.98409246,5564270.742358468,25.90092681475579,44.6351864425896,0.0,0.0,1.0,0.0
272,272,811.1239458724965,0.8111239458724965,Sector 2,277.3352915607221,0.0,3,0.75,2883273.059847758,5564270.68568772,25.900882579513006,44.635186080329554,0.0,0.0,1.0,0.0
272,272,811.1239458724965,0.8111239458724965,Sector 2,277.3352915607221,0.0,4,0.9,2883270.105300937,5564270.651685271,25.900856038367337,44.63518586297352,0.0,0.0,1.0,0.0
273,273,814.1239458723865,0.8141239458723865,Sector 2,277.33529154553884,0.0,0,0.1,2883284.1285196426,5564270.153497907,25.900982011084295,44.635182678378435,0.0,0.0,1.0,0.0
273,273,814.1239458723865,0.8141239458723865,Sector 2,277.33529154553884,0.0,1,0.25,2883281.1824779897,5564270.124842007,25.90095554634185,44.63518249519947,0.0,0.0,1.0,0.0
273,273,814.1239458723865,0.8141239458723865,Sector 2,277.33529154553884,0.0,2,0.5,2883276.2724085674,5564270.077082174,25.900911438437767,44.635182189901215,0.0,0.0,1.0,0.0
273,273,814.1239458723865,0.8141239458723865,Sector 2,277.33529154553884,0.0,3,0.75,2883271.3623391455,5564270.029322341,25.900867330533693,44.63518188460296,0.0,0.0,1.0,0.0
273,273,814.1239458723865,0.8141239458723865,Sector 2,277.33529154553884,0.0,4,0.9,2883268.4162974926,5564270.00066644,25.900840865791245,44.63518170142399,0.0,0.0,1.0,0.0
274,274,817.1239458727382,0.8171239458727382,Sector 2,272.1240877437036,0.0,0,0.1,2883282.394155302,5564269.47396415,25.90096643102434,44.63517833455085,0.0,0.0,1.0,0.0
274,274,817.1239458727382,0.8171239458727382,Sector 2,272.1240877437036,0.0,1,0.25,2883279.4566188166,5564269.450654799,25.900940042685114,44.63517818554897,0.0,0.0,1.0,0.0
274,274,817.1239458727382,0.8171239458727382,Sector 2,272.1240877437036,0.0,2,0.5,2883274.5607246747,5564269.41180588,25.900896062119745,44.63517793721251,0.0,0.0,1.0,0.0
274,274,817.1239458727382,0.8171239458727382,Sector 2,272.1240877437036,0.0,3,0.75,2883269.664830533,5564269.372956961,25.900852081554373,44.63517768887604,0.0,0.0,1.0,0.0
274,274,817.1239458727382,0.8171239458727382,Sector 2,272.1240877437036,0.0,4,0.9,2883266.7272940474,5564269.34964761,25.900825693215147,44.635177539874164,0.0,0.0,1.0,0.0
275,275,820.1116871070814,0.8201116871070814,Sector 2,266.9722920555816,0.0,0,0.1,2883280.6668780167,5564268.797207142,25.900950914628485,44.63517400847295,0.0,0.0,1.0,0.0
275,275,820.1116871070814,0.8201116871070814,Sector 2,266.9722920555816,0.0,1,0.25,2883277.737811945,5564268.779222492,25.900924602380282,44.6351738935085,0.0,0.0,1.0,0.0
275,275,820.1116871070814,0.8201116871070814,Sector 2,266.9722920555816,0.0,2,0.5,2883272.856035159,5564268.749248076,25.900880748633277,44.63517370190108,0.0,0.0,1.0,0.0
275,275,820.1116871070814,0.8201116871070814,Sector 2,266.9722920555816,0.0,3,0.75,2883267.974258373,5564268.71927366,25.90083689488627,44.635173510293654,0.0,0.0,1.0,0.0
275,275,820.1116871070814,0.8201116871070814,Sector 2,266.9722920555816,0.0,4,0.9,2883265.0451923013,5564268.70128901,25.90081058263807,44.635173395329204,0.0,0.0,1.0,0.0
276,276,823.1116871071077,0.8231116871071077,Sector 2,266.97229207986385,0.0,0,0.1,2883278.9325136757,5564268.117673385,25.90093533456853,44.63516966464473,0.0,0.0,1.0,0.0
276,276,823.1116871071077,0.8231116871071077,Sector 2,266.97229207986385,0.0,1,0.25,2883276.0119527723,5564268.105035284,25.900909098723552,44.63516958385737,0.0,0.0,1.0,0.0
276,276,823.1116871071077,0.8231116871071077,Sector 2,266.97229207986385,0.0,2,0.5,2883271.1443512663,5564268.083971782,25.900865372315252,44.635169449211745,0.0,0.0,1.0,0.0
276,276,823.1116871071077,0.8231116871071077,Sector 2,266.97229207986385,0.0,3,0.75,2883266.2767497604,5564268.062908281,25.900821645906955,44.63516931456614,0.0,0.0,1.0,0.0
276,276,823.1116871071077,0.8231116871071077,Sector 2,266.97229207986385,0.0,4,0.9,2883263.356188857,5564268.050270179,25.900795410061978,44.635169233778775,0.0,0.0,1.0,0.0
277,277,826.1116871070849,0.8261116871070849,Sector 2,266.97229209429963,0.0,0,0.1,2883277.1981493346,5564267.438139629,25.90091975450857,44.635165320816185,0.0,0.0,1.0,0.0
277,277,826.1116871070849,0.8261116871070849,Sector 2,266.97229209429963,0.0,1,0.25,2883274.286093599,5564267.430848077,25.90089359506682,44.63516527420592,0.0,0.0,1.0,0.0
277,277,826.1116871070849,0.8261116871070849,Sector 2,266.97229209429963,0.0,2,0.5,2883269.432667373,5564267.418695489,25.900849995997227,44.635165196522124,0.0,0.0,1.0,0.0
277,277,826.1116871070849,0.8261116871070849,Sector 2,266.97229209429963,0.0,3,0.75,2883264.5792411473,5564267.406542902,25.900806396927635,44.63516511883833,0.0,0.0,1.0,0.0
277,277,826.1116871070849,0.8261116871070849,Sector 2,266.97229209429963,0.0,4,0.9,2883261.667185412,5564267.399251349,25.90078023748588,44.635165072228055,0.0,0.0,1.0,0.0
278,278,829.1116871071113,0.8291116871071113,Sector 2,266.9722920904711,0.0,0,0.1,2883275.463784994,5564266.758605872,25.90090417444862,44.635160976987315,0.0,0.0,1.0,0.0
278,278,829.1116871071113,0.8291116871071113,Sector 2,266.9722920904711,0.0,1,0.25,2883272.5602344265,5564266.756660869,25.900878091410085,44.635160964554146,0.0,0.0,1.0,0.0
278,278,829.1116871071113,0.8291116871071113,Sector 2,266.9722920904711,0.0,2,0.5,2883267.7209834806,5564266.753419196,25.900834619679202,44.63516094383218,0.0,0.0,1.0,0.0
278,278,829.1116871071113,0.8291116871071113,Sector 2,266.9722920904711,0.0,3,0.75,2883262.8817325346,5564266.750177524,25.90079114794832,44.63516092311022,0.0,0.0,1.0,0.0
278,278,829.1116871071113,0.8291116871071113,Sector 2,266.9722920904711,0.0,4,0.9,2883259.978181967,5564266.748232521,25.900765064909788,44.63516091067705,0.0,0.0,1.0,0.0
279,279,832.1116871070884,0.8321116871070884,Sector 2,241.22378413129644,0.0,0,0.1,2883273.7294206535,5564266.079072115,25.900888594388665,44.63515663315812,0.0,0.0,1.0,0.0
279,279,832.1116871070884,0.8321116871070884,Sector 2,241.22378413129644,0.0,1,0.25,2883270.834375254,5564266.082473661,25.900862587753355,44.63515665490205,0.0,0.0,1.0,0.0
279,279,832.1116871070884,0.8321116871070884,Sector 2,241.22378413129644,0.0,2,0.5,2883266.0092995875,5564266.0881429035,25.900819243361173,44.63515669114194,0.0,0.0,1.0,0.0
279,279,832.1116871070884,0.8321116871070884,Sector 2,241.22378413129644,0.0,3,0.75,2883261.1842239215,5564266.093812145,25.900775898969,44.635156727381805,0.0,0.0,1.0,0.0
279,279,832.1116871070884,0.8321116871070884,Sector 2,241.22378413129644,0.0,4,0.9,2883258.289178522,5564266.097213691,25.900749892333693,44.635156749125734,0.0,0.0,1.0,0.0
280,280,834.7699307877916,0.8347699307877916,Sector 2,211.6180766092294,0.0,0,0.1,2883272.1926329704,5564265.476950011,25.900874789190024,44.635152784172355,0.0,0.0,1.0,0.0
280,280,834.7699307877916,0.8347699307877916,Sector 2,211.6180766092294,0.0,1,0.25,2883269.3051238405,5564265.485089033,25.900848850254178,44.63515283619998,0.0,0.0,1.0,0.0
280,280,834.7699307877916,0.8347699307877916,Sector 2,211.6180766092294,0.0,2,0.5,2883264.4926086236,5564265.498654069,25.900805618694434,44.635152922912674,0.0,0.0,1.0,0.0
280,280,834.7699307877916,0.8347699307877916,Sector 2,211.6180766092294,0.0,3,0.75,2883259.680093407,5564265.512219105,25.900762387134694,44.63515300962537,0.0,0.0,1.0,0.0
280,280,834.7699307877916,0.8347699307877916,Sector 2,211.6180766092294,0.0,4,0.9,2883256.792584277,5564265.520358127,25.90073644819885,44.635153061652986,0.0,0.0,1.0,0.0
281,281,837.7699307876705,0.8377699307876706,Sector 2,211.6180766337003,0.0,0,0.1,2883270.4582686294,5564264.797416254,25.900859209130065,44.63514844034253,0.0,0.0,1.0,0.0
281,281,837.7699307876705,0.8377699307876706,Sector 2,211.6180766337003,0.0,1,0.25,2883267.579264668,5564264.810901824,25.900833346597448,44.63514852654727,0.0,0.0,1.0,0.0
281,281,837.7699307876705,0.8377699307876706,Sector 2,211.6180766337003,0.0,2,0.5,2883262.780924731,5564264.833377776,25.90079024237641,44.63514867022183,0.0,0.0,1.0,0.0
281,281,837.7699307876705,0.8377699307876706,Sector 2,211.6180766337003,0.0,3,0.75,2883257.9825847945,5564264.855853727,25.900747138155378,44.635148813896386,0.0,0.0,1.0,0.0
281,281,837.7699307876705,0.8377699307876706,Sector 2,211.6180766337003,0.0,4,0.9,2883255.1035808325,5564264.8693392975,25.900721275622757,44.635148900101115,0.0,0.0,1.0,0.0
282,282,840.7699307877936,0.8407699307877936,Sector 2,211.6180766075769,0.0,0,0.1,2883268.723904289,5564264.117882497,25.900843629070113,44.6351440965124,0.0,0.0,1.0,0.0
282,282,840.7699307877936,0.8407699307877936,Sector 2,211.6180766075769,0.0,1,0.25,2883265.853405495,5564264.136714617,25.900817842940718,44.635144216894254,0.0,0.0,1.0,0.0
282,282,840.7699307877936,0.8407699307877936,Sector 2,211.6180766075769,0.0,2,0.5,2883261.0692408383,5564264.168101482,25.900774866058388,44.63514441753067,0.0,0.0,1.0,0.0
282,282,840.7699307877936,0.8407699307877936,Sector 2,211.6180766075769,0.0,3,0.75,2883256.2850761814,5564264.199488347,25.900731889176058,44.63514461816708,0.0,0.0,1.0,0.0
282,282,840.7699307877936,0.8407699307877936,Sector 2,211.6180766075769,0.0,4,0.9,2883253.4145773877,5564264.2183204675,25.900706103046666,44.63514473854894,0.0,0.0,1.0,0.0
283,283,843.7699307876725,0.8437699307876725,Sector 2,203.5891839975345,0.0,0,0.1,2883266.989539948,5564263.438348741,25.90082804901015,44.63513975268195,0.0,0.0,1.0,0.0
283,283,843.7699307876725,0.8437699307876725,Sector 2,203.5891839975345,0.0,1,0.25,2883264.127546322,5564263.462527409,25.900802339283985,44.63513990724092,0.0,0.0,1.0,0.0
283,283,843.7699307876725,0.8437699307876725,Sector 2,203.5891839975345,0.0,2,0.5,2883259.3575569456,5564263.502825188,25.900759489740363,44.63514016483919,0.0,0.0,1.0,0.0
283,283,843.7699307876725,0.8437699307876725,Sector 2,203.5891839975345,0.0,3,0.75,2883254.587567569,5564263.543122968,25.900716640196745,44.63514042243748,0.0,0.0,1.0,0.0
283,283,843.7699307876725,0.8437699307876725,Sector 2,203.5891839975345,0.0,4,0.9,2883251.7255739435,5564263.567301636,25.900690930470574,44.63514057699645,0.0,0.0,1.0,0.0
284,284,846.7302787677362,0.8467302787677362,Sector 2,192.75899183489076,0.0,0,0.1,2883265.27809929,5564262.767796613,25.900812674877145,44.635135466265055,0.0,0.0,1.0,0.0
284,284,846.7302787677362,0.8467302787677362,Sector 2,192.75899183489076,0.0,1,0.25,2883262.4244984165,5564262.797251162,25.90078704054435,44.63513565454942,0.0,0.0,1.0,0.0
284,284,846.7302787677362,0.8467302787677362,Sector 2,192.75899183489076,0.0,2,0.5,2883257.668496961,5564262.8463420775,25.90074431665636,44.63513596835669,0.0,0.0,1.0,0.0
284,284,846.7302787677362,0.8467302787677362,Sector 2,192.75899183489076,0.0,3,0.75,2883252.912495505,5564262.895432994,25.90070159276837,44.63513628216397,0.0,0.0,1.0,0.0
284,284,846.7302787677362,0.8467302787677362,Sector 2,192.75899183489076,0.0,4,0.9,2883250.0588946315,5564262.924887543,25.900675958435578,44.63513647044833,0.0,0.0,1.0,0.0
285,285,849.7302787677397,0.8497302787677398,Sector 2,192.75899182246383,0.0,0,0.1,2883263.5437349495,5564262.088262856,25.900797094817193,44.63513112243395,0.0,0.0,1.0,0.0
285,285,849.7302787677397,0.8497302787677398,Sector 2,192.75899182246383,0.0,1,0.25,2883260.698639244,5564262.123063954,25.90077153688762,44.63513134489544,0.0,0.0,1.0,0.0
285,285,849.7302787677397,0.8497302787677398,Sector 2,192.75899182246383,0.0,2,0.5,2883255.956813068,5564262.181065785,25.900728940338336,44.63513171566461,0.0,0.0,1.0,0.0
285,285,849.7302787677397,0.8497302787677398,Sector 2,192.75899182246383,0.0,3,0.75,2883251.214986892,5564262.239067616,25.90068634378905,44.63513208643378,0.0,0.0,1.0,0.0
285,285,849.7302787677397,0.8497302787677398,Sector 2,192.75899182246383,0.0,4,0.9,2883248.3698911862,5564262.2738687135,25.90066078585948,44.63513230889527,0.0,0.0,1.0,0.0
286,286,852.7302787677432,0.8527302787677432,Sector 2,192.7589918235261,0.0,0,0.1,2883261.8093706085,5564261.408729099,25.900781514757238,44.63512677860251,0.0,0.0,1.0,0.0
286,286,852.7302787677432,0.8527302787677432,Sector 2,192.7589918235261,0.0,1,0.25,2883258.972780071,5564261.448876746,25.90075603323089,44.635127035241155,0.0,0.0,1.0,0.0
286,286,852.7302787677432,0.8527302787677432,Sector 2,192.7589918235261,0.0,2,0.5,2883254.245129175,5564261.515789491,25.90071356402031,44.635127462972214,0.0,0.0,1.0,0.0
286,286,852.7302787677432,0.8527302787677432,Sector 2,192.7589918235261,0.0,3,0.75,2883249.517478279,5564261.582702236,25.90067109480973,44.63512789070327,0.0,0.0,1.0,0.0
286,286,852.7302787677432,0.8527302787677432,Sector 2,192.7589918235261,0.0,4,0.9,2883246.6808877415,5564261.6228498835,25.900645613283388,44.6351281473419,0.0,0.0,1.0,0.0
287,287,855.7302787677468,0.8557302787677468,Sector 2,192.75899182399013,0.0,0,0.1,2883260.075006268,5564260.729195342,25.900765934697283,44.63512243477076,0.0,0.0,1.0,0.0
287,287,855.7302787677468,0.8557302787677468,Sector 2,192.75899182399013,0.0,1,0.25,2883257.246920898,5564260.774689538,25.900740529574154,44.63512272558654,0.0,0.0,1.0,0.0
287,287,855.7302787677468,0.8557302787677468,Sector 2,192.75899182399013,0.0,2,0.5,2883252.533445282,5564260.8505131975,25.900698187702282,44.635123210279495,0.0,0.0,1.0,0.0
287,287,855.7302787677468,0.8557302787677468,Sector 2,192.75899182399013,0.0,3,0.75,2883247.819969666,5564260.9263368575,25.900655845830414,44.635123694972464,0.0,0.0,1.0,0.0
287,287,855.7302787677468,0.8557302787677468,Sector 2,192.75899182399013,0.0,4,0.9,2883244.9918842963,5564260.9718310535,25.90063044070729,44.63512398578823,0.0,0.0,1.0,0.0
288,288,858.7302787676474,0.8587302787676474,Sector 2,192.75899181396088,0.0,0,0.1,2883258.340641927,5564260.049661586,25.900750354637324,44.63511809093868,0.0,0.0,1.0,0.0
288,288,858.7302787676474,0.8587302787676474,Sector 2,192.75899181396088,0.0,1,0.25,2883255.5210617254,5564260.100502331,25.900725025917428,44.63511841593161,0.0,0.0,1.0,0.0
288,288,858.7302787676474,0.8587302787676474,Sector 2,192.75899181396088,0.0,2,0.5,2883250.8217613893,5564260.185236905,25.90068281138426,44.635118957586485,0.0,0.0,1.0,0.0
288,288,858.7302787676474,0.8587302787676474,Sector 2,192.75899181396088,0.0,3,0.75,2883246.1224610535,5564260.269971479,25.900640596851098,44.635119499241355,0.0,0.0,1.0,0.0
288,288,858.7302787676474,0.8587302787676474,Sector 2,192.75899181396088,0.0,4,0.9,2883243.3028808516,5564260.3208122235,25.900615268131194,44.63511982423427,0.0,0.0,1.0,0.0
289,289,861.7302787676509,0.861730278767651,Sector 2,192.7589918324104,0.0,0,0.1,2883256.6062775864,5564259.370127829,25.90073477457737,44.635113747106274,0.0,0.0,1.0,0.0
289,289,861.7302787676509,0.861730278767651,Sector 2,192.7589918324104,0.0,1,0.25,2883253.795202553,5564259.426315122,25.900709522260698,44.635114106276355,0.0,0.0,1.0,0.0
289,289,861.7302787676509,0.861730278767651,Sector 2,192.7589918324104,0.0,2,0.5,2883249.1100774966,5564259.519960612,25.900667435066236,44.635114704893155,0.0,0.0,1.0,0.0
289,289,861.7302787676509,0.861730278767651,Sector 2,192.7589918324104,0.0,3,0.75,2883244.4249524404,5564259.613606101,25.900625347871777,44.63511530350995,0.0,0.0,1.0,0.0
289,289,861.7302787676509,0.861730278767651,Sector 2,192.7589918324104,0.0,4,0.9,2883241.613877407,5564259.669793394,25.900600095555102,44.635115662680015,0.0,0.0,1.0,0.0
290,290,864.7302787676545,0.8647302787676544,Sector 2,192.7589918178847,0.0,0,0.1,2883254.871913246,5564258.6905940715,25.900719194517418,44.63510940327354,0.0,0.0,1.0,0.0
290,290,864.7302787676545,0.8647302787676544,Sector 2,192.7589918178847,0.0,1,0.25,2883252.06934338,5564258.752127914,25.900694018603964,44.635109796620775,0.0,0.0,1.0,0.0
290,290,864.7302787676545,0.8647302787676544,Sector 2,192.7589918178847,0.0,2,0.5,2883247.398393604,5564258.8546843175,25.900652058748214,44.635110452199505,0.0,0.0,1.0,0.0
290,290,864.7302787676545,0.8647302787676544,Sector 2,192.7589918178847,0.0,3,0.75,2883242.727443828,5564258.957240721,25.900610098892457,44.63511110777822,0.0,0.0,1.0,0.0
290,290,864.7302787676545,0.8647302787676544,Sector 2,192.7589918178847,0.0,4,0.9,2883239.924873962,5564259.018774563,25.900584922979007,44.63511150112545,0.0,0.0,1.0,0.0
291,291,867.7302787675551,0.867730278767555,Sector 2,192.7589918249436,0.0,0,0.1,2883253.137548905,5564258.011060316,25.90070361445746,44.63510505944049,0.0,0.0,1.0,0.0
291,291,867.7302787675551,0.867730278767555,Sector 2,192.7589918249436,0.0,1,0.25,2883250.343484207,5564258.077940706,25.900678514947234,44.63510548696488,0.0,0.0,1.0,0.0
291,291,867.7302787675551,0.867730278767555,Sector 2,192.7589918249436,0.0,2,0.5,2883245.6867097113,5564258.189408025,25.90063668243019,44.63510619950555,0.0,0.0,1.0,0.0
291,291,867.7302787675551,0.867730278767555,Sector 2,192.7589918249436,0.0,3,0.75,2883241.029935215,5564258.300875343,25.900594849913144,44.635106912046204,0.0,0.0,1.0,0.0
291,291,867.7302787675551,0.867730278767555,Sector 2,192.7589918249436,0.0,4,0.9,2883238.2358705173,5564258.367755733,25.900569750402916,44.63510733957059,0.0,0.0,1.0,0.0
292,292,870.7302787675586,0.8707302787675586,Sector 2,192.75899182390705,0.0,0,0.1,2883251.403184564,5564257.33152656,25.9006880343975,44.63510071560711,0.0,0.0,1.0,0.0
292,292,870.7302787675586,0.8707302787675586,Sector 2,192.75899182390705,0.0,1,0.25,2883248.6176250344,5564257.4037534995,25.9006630112905,44.63510117730868,0.0,0.0,1.0,0.0
292,292,870.7302787675586,0.8707302787675586,Sector 2,192.75899182390705,0.0,2,0.5,2883243.975025818,5564257.524131732,25.900621306112164,44.63510194681129,0.0,0.0,1.0,0.0
292,292,870.7302787675586,0.8707302787675586,Sector 2,192.75899182390705,0.0,3,0.75,2883239.332426602,5564257.644509964,25.90057960093382,44.635102716313874,0.0,0.0,1.0,0.0
292,292,870.7302787675586,0.8707302787675586,Sector 2,192.75899182390705,0.0,4,0.9,2883236.5468670726,5564257.716736903,25.90055457782682,44.635103178015434,0.0,0.0,1.0,0.0
293,293,873.7302787675621,0.8737302787675622,Sector 2,192.75899182017355,0.0,0,0.1,2883249.668820223,5564256.651992803,25.900672454337546,44.63509637177341,0.0,0.0,1.0,0.0
293,293,873.7302787675621,0.8737302787675622,Sector 2,192.75899182017355,0.0,1,0.25,2883246.8917658613,5564256.729566291,25.900647507633764,44.635096867652145,0.0,0.0,1.0,0.0
293,293,873.7302787675621,0.8737302787675622,Sector 2,192.75899182017355,0.0,2,0.5,2883242.263341925,5564256.858855438,25.900605929794136,44.63509769411671,0.0,0.0,1.0,0.0
293,293,873.7302787675621,0.8737302787675622,Sector 2,192.75899182017355,0.0,3,0.75,2883237.6349179894,5564256.988144586,25.900564351954507,44.63509852058125,0.0,0.0,1.0,0.0
293,293,873.7302787675621,0.8737302787675622,Sector 2,192.75899182017355,0.0,4,0.9,2883234.8578636274,5564257.065718073,25.900539405250722,44.635099016459975,0.0,0.0,1.0,0.0
294,294,876.7302787675657,0.8767302787675657,Sector 2,192.75899182303507,0.0,0,0.1,2883247.934455882,5564255.972459047,25.900656874277587,44.63509202793938,0.0,0.0,1.0,0.0
294,294,876.7302787675657,0.8767302787675657,Sector 2,192.75899182303507,0.0,1,0.25,2883245.165906688,5564256.055379083,25.900632003977034,44.63509255799529,0.0,0.0,1.0,0.0
294,294,876.7302787675657,0.8767302787675657,Sector 2,192.75899182303507,0.0,2,0.5,2883240.5516580325,5564256.193579146,25.90059055347611,44.63509344142182,0.0,0.0,1.0,0.0
294,294,876.7302787675657,0.8767302787675657,Sector 2,192.75899182303507,0.0,3,0.75,2883235.9374093763,5564256.331779208,25.900549102975184,44.63509432484833,0.0,0.0,1.0,0.0
294,294,876.7302787675657,0.8767302787675657,Sector 2,192.75899182303507,0.0,4,0.9,2883233.1688601826,5564256.414699244,25.900524232674627,44.635094854904224,0.0,0.0,1.0,0.0
295,295,879.7302787674663,0.8797302787674663,Sector 2,192.75899181540336,0.0,0,0.1,2883246.2000915413,5564255.29292529,25.900641294217635,44.635087684105024,0.0,0.0,1.0,0.0
295,295,879.7302787674663,0.8797302787674663,Sector 2,192.75899181540336,0.0,1,0.25,2883243.4400475156,5564255.381191876,25.9006165003203,44.63508824833812,0.0,0.0,1.0,0.0
295,295,879.7302787674663,0.8797302787674663,Sector 2,192.75899181540336,0.0,2,0.5,2883238.83997414,5564255.528302852,25.900575177158085,44.63508918872662,0.0,0.0,1.0,0.0
295,295,879.7302787674663,0.8797302787674663,Sector 2,192.75899181540336,0.0,3,0.75,2883234.2399007636,5564255.675413828,25.900533853995867,44.6350901291151,0.0,0.0,1.0,0.0
295,295,879.7302787674663,0.8797302787674663,Sector 2,192.75899181540336,0.0,4,0.9,2883231.479856738,5564255.763680414,25.90050906009854,44.635090693348175,0.0,0.0,1.0,0.0
296,296,882.7302787674698,0.8827302787674698,Sector 2,192.75899183355355,0.0,0,0.1,2883244.4657272007,5564254.6133915335,25.90062571415768,44.63508334027034,0.0,0.0,1.0,0.0
296,296,882.7302787674698,0.8827302787674698,Sector 2,192.75899183355355,0.0,1,0.25,2883241.714188343,5564254.707004668,25.90060099666357,44.63508393868064,0.0,0.0,1.0,0.0
296,296,882.7302787674698,0.8827302787674698,Sector 2,192.75899183355355,0.0,2,0.5,2883237.128290247,5564254.863026559,25.900559800840064,44.635084936031106,0.0,0.0,1.0,0.0
296,296,882.7302787674698,0.8827302787674698,Sector 2,192.75899183355355,0.0,3,0.75,2883232.542392151,5564255.01904845,25.90051860501655,44.63508593338156,0.0,0.0,1.0,0.0
296,296,882.7302787674698,0.8827302787674698,Sector 2,192.75899183355355,0.0,4,0.9,2883229.790853293,5564255.112661584,25.900493887522444,44.63508653179182,0.0,0.0,1.0,0.0
297,297,885.7302787674734,0.8857302787674733,Sector 2,190.4834294602734,0.0,0,0.1,2883242.7313628597,5564253.933857776,25.90061013409772,44.635078996435325,0.0,0.0,1.0,0.0
297,297,885.7302787674734,0.8857302787674733,Sector 2,190.4834294602734,0.0,1,0.25,2883239.9883291703,5564254.03281746,25.900585493006844,44.63507962902281,0.0,0.0,1.0,0.0
297,297,885.7302787674734,0.8857302787674733,Sector 2,190.4834294602734,0.0,2,0.5,2883235.4166063536,5564254.197750266,25.90054442452203,44.635080683335275,0.0,0.0,1.0,0.0
297,297,885.7302787674734,0.8857302787674733,Sector 2,190.4834294602734,0.0,3,0.75,2883230.8448835374,5564254.362683072,25.900503356037227,44.635081737647724,0.0,0.0,1.0,0.0
297,297,885.7302787674734,0.8857302787674733,Sector 2,190.4834294602734,0.0,4,0.9,2883228.1018498475,5564254.461642755,25.900478714946342,44.63508237023518,0.0,0.0,1.0,0.0
298,298,888.5275775848044,0.8885275775848044,Sector 2,69.67817611945986,0.0,0,0.1,2883241.11418442,5564253.3002381185,25.90059560673663,44.6350749461002,0.0,0.0,1.0,0.0
298,298,888.5275775848044,0.8885275775848044,Sector 2,69.67817611945986,0.0,1,0.25,2883238.379081229,5564253.4041831,25.900571036886628,44.635075610555624,0.0,0.0,1.0,0.0
298,298,888.5275775848044,0.8885275775848044,Sector 2,69.67817611945986,0.0,2,0.5,2883233.8205759106,5564253.577424737,25.900530087136623,44.635076717981335,0.0,0.0,1.0,0.0
298,298,888.5275775848044,0.8885275775848044,Sector 2,69.67817611945986,0.0,3,0.75,2883229.2620705925,5564253.7506663725,25.900489137386625,44.635077825407016,0.0,0.0,1.0,0.0
298,298,888.5275775848044,0.8885275775848044,Sector 2,69.67817611945986,0.0,4,0.9,2883226.5269674016,5564253.854611354,25.900464567536623,44.63507848986241,0.0,0.0,1.0,0.0
299,299,891.5275775845853,0.8915275775845853,Sector 2,69.6781761189028,0.0,0,0.1,2883239.3798200795,5564252.620704362,25.900580026676675,44.63507060226456,0.0,0.0,1.0,0.0
299,299,891.5275775845853,0.8915275775845853,Sector 2,69.6781761189028,0.0,1,0.25,2883236.6532220566,5564252.729995891,25.9005555332299,44.63507130089719,0.0,0.0,1.0,0.0
299,299,891.5275775845853,0.8915275775845853,Sector 2,69.6781761189028,0.0,2,0.5,2883232.1088920184,5564252.912148442,25.900514710818605,44.6350724652849,0.0,0.0,1.0,0.0
299,299,891.5275775845853,0.8915275775845853,Sector 2,69.6781761189028,0.0,3,0.75,2883227.5645619803,5564253.094300993,25.900473888407312,44.635073629672576,0.0,0.0,1.0,0.0
299,299,891.5275775845853,0.8915275775845853,Sector 2,69.6781761189028,0.0,4,0.9,2883224.8379639573,5564253.203592522,25.900449394960535,44.63507432830517,0.0,0.0,1.0,0.0
300,300,894.5275775846897,0.8945275775846897,Sector 2,69.67817608691564,0.0,0,0.1,2883237.6454557385,5564251.941170605,25.900564446616716,44.635066258428594,0.0,0.0,1.0,0.0
300,300,894.5275775846897,0.8945275775846897,Sector 2,69.67817608691564,0.0,1,0.25,2883234.9273628835,5564252.055808684,25.90054002957316,44.63506699123844,0.0,0.0,1.0,0.0
300,300,894.5275775846897,0.8945275775846897,Sector 2,69.67817608691564,0.0,2,0.5,2883230.3972081253,5564252.246872149,25.900499334500577,44.635068212588166,0.0,0.0,1.0,0.0
300,300,894.5275775846897,0.8945275775846897,Sector 2,69.67817608691564,0.0,3,0.75,2883225.867053367,5564252.437935615,25.900458639427992,44.63506943393786,0.0,0.0,1.0,0.0
300,300,894.5275775846897,0.8945275775846897,Sector 2,69.67817608691564,0.0,4,0.9,2883223.148960512,5564252.552573694,25.900434222384437,44.63507016674766,0.0,0.0,1.0,0.0
301,301,897.5275775844706,0.8975275775844705,Sector 2,69.67817608635858,0.0,0,0.1,2883235.9110913975,5564251.261636849,25.900548866556758,44.63506191459231,0.0,0.0,1.0,0.0
301,301,897.5275775844706,0.8975275775844705,Sector 2,69.67817608635858,0.0,1,0.25,2883233.201503711,5564251.381621476,25.900524525916435,44.63506268157937,0.0,0.0,1.0,0.0
301,301,897.5275775844706,0.8975275775844705,Sector 2,69.67817608635858,0.0,2,0.5,2883228.6855242327,5564251.581595857,25.900483958182555,44.63506395989111,0.0,0.0,1.0,0.0
301,301,897.5275775844706,0.8975275775844705,Sector 2,69.67817608635858,0.0,3,0.75,2883224.1695447545,5564251.781570236,25.90044339044867,44.63506523820282,0.0,0.0,1.0,0.0
301,301,897.5275775844706,0.8975275775844705,Sector 2,69.67817608635858,0.0,4,0.9,2883221.459957068,5564251.901554864,25.900419049808345,44.635066005189834,0.0,0.0,1.0,0.0
302,302,900.5275775850116,0.9005275775850116,Sector 2,69.67817610783777,0.0,0,0.1,2883234.1767270565,5564250.582103092,25.900533286496803,44.635057570755706,0.0,0.0,1.0,0.0
302,302,900.5275775850116,0.9005275775850116,Sector 2,69.67817610783777,0.0,1,0.25,2883231.4756445377,5564250.707434269,25.900509022259698,44.63505837191998,0.0,0.0,1.0,0.0
302,302,900.5275775850116,0.9005275775850116,Sector 2,69.67817610783777,0.0,2,0.5,2883226.9738403396,5564250.916319562,25.900468581864526,44.63505970719374,0.0,0.0,1.0,0.0
302,302,900.5275775850116,0.9005275775850116,Sector 2,69.67817610783777,0.0,3,0.75,2883222.4720361414,5564251.1252048565,25.90042814146935,44.635061042467484,0.0,0.0,1.0,0.0
302,302,900.5275775850116,0.9005275775850116,Sector 2,69.67817610783777,0.0,4,0.9,2883219.7709536226,5564251.250536033,25.90040387723225,44.6350618436317,0.0,0.0,1.0,0.0
303,303,903.5275775847924,0.9035275775847924,Sector 2,69.67817609836959,0.0,0,0.1,2883232.442362716,5564249.902569334,25.90051770643685,44.635053226918764,0.0,0.0,1.0,0.0
303,303,903.5275775847924,0.9035275775847924,Sector 2,69.67817609836959,0.0,1,0.25,2883229.749785365,5564250.033247059,25.900493518602968,44.63505406226025,0.0,0.0,1.0,0.0
303,303,903.5275775847924,0.9035275775847924,Sector 2,69.67817609836959,0.0,2,0.5,2883225.262156447,5564250.2510432685,25.900453205546505,44.63505545449607,0.0,0.0,1.0,0.0
303,303,903.5275775847924,0.9035275775847924,Sector 2,69.67817609836959,0.0,3,0.75,2883220.774527529,5564250.468839478,25.900412892490035,44.635056846731835,0.0,0.0,1.0,0.0
303,303,903.5275775847924,0.9035275775847924,Sector 2,69.67817609836959,0.0,4,0.9,2883218.081950178,5564250.599517203,25.90038870465616,44.63505768207328,0.0,0.0,1.0,0.0
304,304,906.5275775848968,0.9065275775848968,Sector 2,69.67817609546404,0.0,0,0.1,2883230.701862389,5564249.239092484,25.90050207125639,44.63504898572334,0.0,0.0,1.0,0.0
304,304,906.5275775848968,0.9065275775848968,Sector 2,69.67817609546404,0.0,1,0.25,2883228.0188128706,5564249.372440606,25.90047796901249,44.63504983813509,0.0,0.0,1.0,0.0
304,304,906.5275775848968,0.9065275775848968,Sector 2,69.67817609546404,0.0,2,0.5,2883223.547063673,5564249.594687479,25.900437798605978,44.63505125882131,0.0,0.0,1.0,0.0
304,304,906.5275775848968,0.9065275775848968,Sector 2,69.67817609546404,0.0,3,0.75,2883219.0753144757,5564249.816934351,25.900397628199467,44.63505267950752,0.0,0.0,1.0,0.0
304,304,906.5275775848968,0.9065275775848968,Sector 2,69.67817609546404,0.0,4,0.9,2883216.392264957,5564249.950282473,25.900373525955565,44.63505353191921,0.0,0.0,1.0,0.0
305,305,909.5275775846778,0.9095275775846778,Sector 2,69.67817607003957,0.0,0,0.1,2883228.955140724,5564248.592033827,25.900486380188703,44.635044849478916,0.0,0.0,1.0,0.0
305,305,909.5275775846778,0.9095275775846778,Sector 2,69.67817607003957,0.0,1,0.25,2883226.2826559274,5564248.725315982,25.90046237284931,44.63504570146904,0.0,0.0,1.0,0.0
305,305,909.5275775846778,0.9095275775846778,Sector 2,69.67817607003957,0.0,2,0.5,2883221.8285146,5564248.9474529065,25.90042236061699,44.63504712145255,0.0,0.0,1.0,0.0
305,305,909.5275775846778,0.9095275775846778,Sector 2,69.67817607003957,0.0,3,0.75,2883217.374373273,5564249.169589832,25.90038234838467,44.635048541436035,0.0,0.0,1.0,0.0
305,305,909.5275775846778,0.9095275775846778,Sector 2,69.67817607003957,0.0,4,0.9,2883214.7018884765,5564249.302871987,25.90035834104528,44.6350493934261,0.0,0.0,1.0,0.0
306,306,912.5275775847822,0.9125275775847822,Sector 2,69.67817611403774,0.0,0,0.1,2883227.206826312,5564247.949293938,25.90047067481313,44.63504074084142,0.0,0.0,1.0,0.0
306,306,912.5275775847822,0.9125275775847822,Sector 2,69.67817611403774,0.0,1,0.25,2883224.5451716953,5564248.081790331,25.900446764762894,44.635041587808715,0.0,0.0,1.0,0.0
306,306,912.5275775847822,0.9125275775847822,Sector 2,69.67817611403774,0.0,2,0.5,2883220.1090806676,5564248.302617652,25.900406914679174,44.63504299942084,0.0,0.0,1.0,0.0
306,306,912.5275775847822,0.9125275775847822,Sector 2,69.67817611403774,0.0,3,0.75,2883215.67298964,5564248.523444973,25.900367064595454,44.63504441103293,0.0,0.0,1.0,0.0
306,306,912.5275775847822,0.9125275775847822,Sector 2,69.67817611403774,0.0,4,0.9,2883213.011335023,5564248.655941365,25.900343154545222,44.63504525800016,0.0,0.0,1.0,0.0
307,307,915.5275775845632,0.9155275775845632,Sector 2,69.67817611582899,0.0,0,0.1,2883225.4585119006,5564247.306554049,25.900454969437554,44.63503663220363,0.0,0.0,1.0,0.0
307,307,915.5275775845632,0.9155275775845632,Sector 2,69.67817611582899,0.0,1,0.25,2883222.8076874637,5564247.438264679,25.900431156676483,44.635037474148085,0.0,0.0,1.0,0.0
307,307,915.5275775845632,0.9155275775845632,Sector 2,69.67817611582899,0.0,2,0.5,2883218.3896467355,5564247.657782396,25.90039146874136,44.63503887738882,0.0,0.0,1.0,0.0
307,307,915.5275775845632,0.9155275775845632,Sector 2,69.67817611582899,0.0,3,0.75,2883213.9716060073,5564247.877300113,25.90035178080624,44.635040280629525,0.0,0.0,1.0,0.0
307,307,915.5275775845632,0.9155275775845632,Sector 2,69.67817611582899,0.0,4,0.9,2883211.3207815704,5564248.009010743,25.90032796804517,44.63504112257393,0.0,0.0,1.0,0.0
308,308,918.5275775847808,0.9185275775847808,Sector 2,69.67817609275284,0.0,0,0.1,2883223.710197489,5564246.663814162,25.90043926406198,44.635032523565556,0.0,0.0,1.0,0.0
308,308,918.5275775847808,0.9185275775847808,Sector 2,69.67817609275284,0.0,1,0.25,2883221.0702032316,5564246.794739028,25.900415548590065,44.63503336048717,0.0,0.0,1.0,0.0
308,308,918.5275775847808,0.9185275775847808,Sector 2,69.67817609275284,0.0,2,0.5,2883216.6702128034,5564247.012947141,25.90037602280355,44.63503475535652,0.0,0.0,1.0,0.0
308,308,918.5275775847808,0.9185275775847808,Sector 2,69.67817609275284,0.0,3,0.75,2883212.270222375,5564247.231155254,25.900336497017033,44.635036150225844,0.0,0.0,1.0,0.0
308,308,918.5275775847808,0.9185275775847808,Sector 2,69.67817609275284,0.0,4,0.9,2883209.630228118,5564247.3620801205,25.90031278154512,44.6350369871474,0.0,0.0,1.0,0.0
309,309,921.5275775848852,0.9215275775848852,Sector 2,69.67817607623942,0.0,0,0.1,2883221.961883077,5564246.021074274,25.900423558686402,44.635028414927184,0.0,0.0,1.0,0.0
309,309,921.5275775848852,0.9215275775848852,Sector 2,69.67817607623942,0.0,1,0.25,2883219.3327189996,5564246.151213378,25.90039994050365,44.63502924682597,0.0,0.0,1.0,0.0
309,309,921.5275775848852,0.9215275775848852,Sector 2,69.67817607623942,0.0,2,0.5,2883214.950778871,5564246.368111886,25.900360576865733,44.63503063332393,0.0,0.0,1.0,0.0
309,309,921.5275775848852,0.9215275775848852,Sector 2,69.67817607623942,0.0,3,0.75,2883210.568838742,5564246.585010394,25.900321213227816,44.63503201982185,0.0,0.0,1.0,0.0
309,309,921.5275775848852,0.9215275775848852,Sector 2,69.67817607623942,0.0,4,0.9,2883207.9396746648,5564246.715149499,25.900297595045064,44.63503285172058,0.0,0.0,1.0,0.0
310,310,924.527577584666,0.924527577584666,Sector 2,69.67817609350436,0.0,0,0.1,2883220.213568665,5564245.378334386,25.900407853310828,44.635024306288535,0.0,0.0,1.0,0.0
310,310,924.527577584666,0.924527577584666,Sector 2,69.67817609350436,0.0,1,0.25,2883217.595234768,5564245.507687728,25.90038433241724,44.63502513316448,0.0,0.0,1.0,0.0
310,310,924.527577584666,0.924527577584666,Sector 2,69.67817609350436,0.0,2,0.5,2883213.231344939,5564245.72327663,25.900345130927924,44.63502651129103,0.0,0.0,1.0,0.0
310,310,924.527577584666,0.924527577584666,Sector 2,69.67817609350436,0.0,3,0.75,2883208.86745511,5564245.938865533,25.900305929438606,44.63502788941756,0.0,0.0,1.0,0.0
310,310,924.527577584666,0.924527577584666,Sector 2,69.67817609350436,0.0,4,0.9,2883206.249121213,5564246.068218875,25.90028240854502,44.635028716293455,0.0,0.0,1.0,0.0
311,311,927.5275775847704,0.9275275775847704,Sector 2,69.67817610842093,0.0,0,0.1,2883218.4652542537,5564244.735594496,25.900392147935253,44.635020197649574,0.0,0.0,1.0,0.0
311,311,927.5275775847704,0.9275275775847704,Sector 2,69.67817610842093,0.0,1,0.25,2883215.857750536,5564244.864162076,25.900368724330825,44.63502101950269,0.0,0.0,1.0,0.0
311,311,927.5275775847704,0.9275275775847704,Sector 2,69.67817610842093,0.0,2,0.5,2883211.5119110066,5564245.078441376,25.90032968499011,44.63502238925786,0.0,0.0,1.0,0.0
311,311,927.5275775847704,0.9275275775847704,Sector 2,69.67817610842093,0.0,3,0.75,2883207.1660714773,5564245.292720675,25.900290645649395,44.635023759012995,0.0,0.0,1.0,0.0
311,311,927.5275775847704,0.9275275775847704,Sector 2,69.67817610842093,0.0,4,0.9,2883204.5585677596,5564245.421288255,25.900267222044963,44.63502458086606,0.0,0.0,1.0,0.0
312,312,930.5275775845512,0.9305275775845512,Sector 2,69.67817609895263,0.0,0,0.1,2883216.716939842,5564244.092854609,25.900376442559676,44.635016089010335,0.0,0.0,1.0,0.0
312,312,930.5275775845512,0.9305275775845512,Sector 2,69.67817609895263,0.0,1,0.25,2883214.1202663044,5564244.220636426,25.90035311624441,44.63501690584061,0.0,0.0,1.0,0.0
312,312,930.5275775845512,0.9305275775845512,Sector 2,69.67817609895263,0.0,2,0.5,2883209.792477075,5564244.43360612,25.9003142390523,44.635018267224375,0.0,0.0,1.0,0.0
312,312,930.5275775845512,0.9305275775845512,Sector 2,69.67817609895263,0.0,3,0.75,2883205.464687845,5564244.646575813,25.900275361860185,44.63501962860811,0.0,0.0,1.0,0.0
312,312,930.5275775845512,0.9305275775845512,Sector 2,69.67817609895263,0.0,4,0.9,2883202.8680143077,5564244.77435763,25.900252035544916,44.63502044543834,0.0,0.0,1.0,0.0
313,313,933.5275775846555,0.9335275775846557,Sector 2,69.67817609604703,0.0,0,0.1,2883214.96862543,5564243.450114721,25.9003607371841,44.635011980370805,0.0,0.0,1.0,0.0
313,313,933.5275775846555,0.9335275775846557,Sector 2,69.67817609604703,0.0,1,0.25,2883212.3827820723,5564243.577110775,25.900337508157996,44.635012792178244,0.0,0.0,1.0,0.0
313,313,933.5275775846555,0.9335275775846557,Sector 2,69.67817609604703,0.0,2,0.5,2883208.0730431424,5564243.788770865,25.900298793114484,44.63501414519061,0.0,0.0,1.0,0.0
313,313,933.5275775846555,0.9335275775846557,Sector 2,69.67817609604703,0.0,3,0.75,2883203.7633042126,5564244.000430955,25.900260078070968,44.635015498202954,0.0,0.0,1.0,0.0
313,313,933.5275775846555,0.9335275775846557,Sector 2,69.67817609604703,0.0,4,0.9,2883201.177460855,5564244.127427008,25.900236849044862,44.63501631001034,0.0,0.0,1.0,0.0
314,314,936.5275775848733,0.9365275775848731,Sector 2,69.67817608188193,0.0,0,0.1,2883213.2203110186,5564242.807374832,25.900345031808527,44.63500787173098,0.0,0.0,1.0,0.0
314,314,936.5275775848733,0.9365275775848731,Sector 2,69.67817608188193,0.0,1,0.25,2883210.6452978402,5564242.933585124,25.900321900071578,44.63500867851558,0.0,0.0,1.0,0.0
314,314,936.5275775848733,0.9365275775848731,Sector 2,69.67817608188193,0.0,2,0.5,2883206.3536092103,5564243.143935609,25.90028334717667,44.635010023156546,0.0,0.0,1.0,0.0
314,314,936.5275775848733,0.9365275775848731,Sector 2,69.67817608188193,0.0,3,0.75,2883202.0619205805,5564243.354286093,25.90024479428176,44.63501136779749,0.0,0.0,1.0,0.0
314,314,936.5275775848733,0.9365275775848731,Sector 2,69.67817608188193,0.0,4,0.9,2883199.486907402,5564243.480496385,25.900221662544812,44.63501217458204,0.0,0.0,1.0,0.0
315,315,939.5275775849776,0.9395275775849776,Sector 2,69.67817610570955,0.0,0,0.1,2883211.4719966063,5564242.164634945,25.90032932643295,44.635003763090864,0.0,0.0,1.0,0.0
315,315,939.5275775849776,0.9395275775849776,Sector 2,69.67817610570955,0.0,1,0.25,2883208.907813608,5564242.290059473,25.900306291985164,44.63500456485262,0.0,0.0,1.0,0.0
315,315,939.5275775849776,0.9395275775849776,Sector 2,69.67817610570955,0.0,2,0.5,2883204.6341752773,5564242.499100354,25.90026790123885,44.63500590112219,0.0,0.0,1.0,0.0
315,315,939.5275775849776,0.9395275775849776,Sector 2,69.67817610570955,0.0,3,0.75,2883200.360536947,5564242.708141235,25.90022951049254,44.63500723739174,0.0,0.0,1.0,0.0
315,315,939.5275775849776,0.9395275775849776,Sector 2,69.67817610570955,0.0,4,0.9,2883197.796353949,5564242.833565763,25.900206476044755,44.635008039153455,0.0,0.0,1.0,0.0
316,316,942.5275775847584,0.9425275775847586,Sector 2,69.67817607841909,0.0,0,0.1,2883209.723682195,5564241.521895057,25.900313621057375,44.63499965445046,0.0,0.0,1.0,0.0
316,316,942.5275775847584,0.9425275775847586,Sector 2,69.67817607841909,0.0,1,0.25,2883207.1703293766,5564241.646533823,25.900290683898753,44.635000451189384,0.0,0.0,1.0,0.0
316,316,942.5275775847584,0.9425275775847586,Sector 2,69.67817607841909,0.0,2,0.5,2883202.9147413457,5564241.854265099,25.900252455301043,44.63500177908756,0.0,0.0,1.0,0.0
316,316,942.5275775847584,0.9425275775847586,Sector 2,69.67817607841909,0.0,3,0.75,2883198.659153315,5564242.061996375,25.90021422670333,44.6350031069857,0.0,0.0,1.0,0.0
316,316,942.5275775847584,0.9425275775847586,Sector 2,69.67817607841909,0.0,4,0.9,2883196.1058004964,5564242.186635141,25.900191289544704,44.635003903724574,0.0,0.0,1.0,0.0
317,317,945.5275775848628,0.9455275775848628,Sector 2,69.67817612428314,0.0,0,0.1,2883207.975367783,5564240.879155168,25.9002979156818,44.634995545809765,0.0,0.0,1.0,0.0
317,317,945.5275775848628,0.9455275775848628,Sector 2,69.67817612428314,0.0,1,0.25,2883205.4328451445,5564241.003008172,25.900275075812335,44.63499633752584,0.0,0.0,1.0,0.0
317,317,945.5275775848628,0.9455275775848628,Sector 2,69.67817612428314,0.0,2,0.5,2883201.195307413,5564241.209429843,25.900237009363227,44.634997657052615,0.0,0.0,1.0,0.0
317,317,945.5275775848628,0.9455275775848628,Sector 2,69.67817612428314,0.0,3,0.75,2883196.9577696817,5564241.415851516,25.900198942914113,44.63499897657936,0.0,0.0,1.0,0.0
317,317,945.5275775848628,0.9455275775848628,Sector 2,69.67817612428314,0.0,4,0.9,2883194.415247043,5564241.539704519,25.900176103044647,44.634999768295394,0.0,0.0,1.0,0.0
318,318,948.5275775846438,0.9485275775846438,Sector 2,69.67817609042999,0.0,0,0.1,2883206.2270533713,5564240.23641528,25.900282210306223,44.63499143716877,0.0,0.0,1.0,0.0
318,318,948.5275775846438,0.9485275775846438,Sector 2,69.67817609042999,0.0,1,0.25,2883203.6953609125,5564240.359482521,25.900259467725924,44.634992223862014,0.0,0.0,1.0,0.0
318,318,948.5275775846438,0.9485275775846438,Sector 2,69.67817609042999,0.0,2,0.5,2883199.475873481,5564240.564594589,25.90022156342541,44.63499353501739,0.0,0.0,1.0,0.0
318,318,948.5275775846438,0.9485275775846438,Sector 2,69.67817609042999,0.0,3,0.75,2883195.2563860496,5564240.769706656,25.900183659124906,44.63499484617273,0.0,0.0,1.0,0.0
318,318,948.5275775846438,0.9485275775846438,Sector 2,69.67817609042999,0.0,4,0.9,2883192.724693591,5564240.892773897,25.9001609165446,44.63499563286592,0.0,0.0,1.0,0.0
319,319,951.5275775844248,0.9515275775844249,Sector 2,69.6781761053465,0.0,0,0.1,2883204.4787389603,5564239.593675392,25.900266504930656,44.6349873285275,0.0,0.0,1.0,0.0
319,319,951.5275775844248,0.9515275775844249,Sector 2,69.6781761053465,0.0,1,0.25,2883201.9578766814,5564239.71595687,25.900243859639513,44.634988110197895,0.0,0.0,1.0,0.0
319,319,951.5275775844248,0.9515275775844249,Sector 2,69.6781761053465,0.0,2,0.5,2883197.7564395494,5564239.919759333,25.900206117487606,44.63498941298186,0.0,0.0,1.0,0.0
319,319,951.5275775844248,0.9515275775844249,Sector 2,69.6781761053465,0.0,3,0.75,2883193.5550024174,5564240.123561796,25.900168375335696,44.634990715765795,0.0,0.0,1.0,0.0
319,319,951.5275775844248,0.9515275775844249,Sector 2,69.6781761053465,0.0,4,0.9,2883191.0341401384,5564240.245843274,25.900145730044553,44.63499149743615,0.0,0.0,1.0,0.0
320,320,954.5275775849658,0.9545275775849658,Sector 2,69.6781761000924,0.0,0,0.1,2883202.7304245476,5564238.9509355035,25.90025079955507,44.634983219885925,0.0,0.0,1.0,0.0
320,320,954.5275775849658,0.9545275775849658,Sector 2,69.6781761000924,0.0,1,0.25,2883200.2203924484,5564239.072431219,25.90022825155309,44.63498399653348,0.0,0.0,1.0,0.0
320,320,954.5275775849658,0.9545275775849658,Sector 2,69.6781761000924,0.0,2,0.5,2883196.0370056164,5564239.274924077,25.900190671549787,44.634985290946034,0.0,0.0,1.0,0.0
320,320,954.5275775849658,0.9545275775849658,Sector 2,69.6781761000924,0.0,3,0.75,2883191.853618785,5564239.477416936,25.900153091546482,44.634986585358575,0.0,0.0,1.0,0.0
320,320,954.5275775849658,0.9545275775849658,Sector 2,69.6781761000924,0.0,4,0.9,2883189.3435866856,5564239.598912651,25.9001305435445,44.63498736200607,0.0,0.0,1.0,0.0
321,321,957.5275775847468,0.9575275775847468,Sector 2,69.67817607936462,0.0,0,0.1,2883200.9821101357,5564238.308195617,25.900235094179497,44.63497911124408,0.0,0.0,1.0,0.0
321,321,957.5275775847468,0.9575275775847468,Sector 2,69.67817607936462,0.0,1,0.25,2883198.4829082163,5564238.428905569,25.900212643466674,44.63497988286878,0.0,0.0,1.0,0.0
321,321,957.5275775847468,0.9575275775847468,Sector 2,69.67817607936462,0.0,2,0.5,2883194.3175716843,5564238.630088823,25.90017522561197,44.63498116890993,0.0,0.0,1.0,0.0
321,321,957.5275775847468,0.9575275775847468,Sector 2,69.67817607936462,0.0,3,0.75,2883190.152235152,5564238.831272077,25.900137807757268,44.63498245495106,0.0,0.0,1.0,0.0
321,321,957.5275775847468,0.9575275775847468,Sector 2,69.67817607936462,0.0,4,0.9,2883187.653033233,5564238.951982029,25.900115357044445,44.63498322657573,0.0,0.0,1.0,0.0
322,322,960.5275775848512,0.9605275775848512,Sector 2,69.67817610554062,0.0,0,0.1,2883199.2337957243,5564237.665455728,25.900219388803926,44.63497500260192,0.0,0.0,1.0,0.0
322,322,960.5275775848512,0.9605275775848512,Sector 2,69.67817610554062,0.0,1,0.25,2883196.7454239847,5564237.785379917,25.900197035380263,44.63497576920378,0.0,0.0,1.0,0.0
322,322,960.5275775848512,0.9605275775848512,Sector 2,69.67817610554062,0.0,2,0.5,2883192.598137752,5564237.985253567,25.90015977967416,44.63497704687353,0.0,0.0,1.0,0.0
322,322,960.5275775848512,0.9605275775848512,Sector 2,69.67817610554062,0.0,3,0.75,2883188.4508515196,5564238.185127217,25.900122523968054,44.634978324543255,0.0,0.0,1.0,0.0
322,322,960.5275775848512,0.9605275775848512,Sector 2,69.67817610554062,0.0,4,0.9,2883185.96247978,5564238.305051407,25.900100170544395,44.63497909114507,0.0,0.0,1.0,0.0
323,323,963.527577584632,0.963527577584632,Sector 2,69.67817609137546,0.0,0,0.1,2883197.485481313,5564237.022715839,25.90020368342835,44.63497089395947,0.0,0.0,1.0,0.0
323,323,963.527577584632,0.963527577584632,Sector 2,69.67817609137546,0.0,1,0.25,2883195.007939753,5564237.141854266,25.900181427293848,44.63497165553849,0.0,0.0,1.0,0.0
323,323,963.527577584632,0.963527577584632,Sector 2,69.67817609137546,0.0,2,0.5,2883190.8787038205,5564237.340418311,25.900144333736353,44.63497292483682,0.0,0.0,1.0,0.0
323,323,963.527577584632,0.963527577584632,Sector 2,69.67817609137546,0.0,3,0.75,2883186.7494678875,5564237.538982357,25.900107240178848,44.63497419413515,0.0,0.0,1.0,0.0
323,323,963.527577584632,0.963527577584632,Sector 2,69.67817609137546,0.0,4,0.9,2883184.2719263276,5564237.658120784,25.900084984044344,44.63497495571412,0.0,0.0,1.0,0.0
324,324,966.5275775847364,0.9665275775847364,Sector 2,69.67817608846974,0.0,0,0.1,2883195.737166901,5564236.379975951,25.900187978052777,44.63496678531674,0.0,0.0,1.0,0.0
324,324,966.5275775847364,0.9665275775847364,Sector 2,69.67817608846974,0.0,1,0.25,2883193.270455521,5564236.498328616,25.900165819207434,44.63496754187292,0.0,0.0,1.0,0.0
324,324,966.5275775847364,0.9665275775847364,Sector 2,69.67817608846974,0.0,2,0.5,2883189.159269888,5564236.695583057,25.900128887798534,44.63496880279985,0.0,0.0,1.0,0.0
324,324,966.5275775847364,0.9665275775847364,Sector 2,69.67817608846974,0.0,3,0.75,2883185.0480842544,5564236.892837497,25.90009195638963,44.63497006372675,0.0,0.0,1.0,0.0
324,324,966.5275775847364,0.9665275775847364,Sector 2,69.67817608846974,0.0,4,0.9,2883182.581372875,5564237.011190162,25.90006979754429,44.634970820282874,0.0,0.0,1.0,0.0
325,325,969.5275775845172,0.9695275775845174,Sector 2,69.67817609026088,0.0,0,0.1,2883193.9888524897,5564235.737236063,25.900172272677203,44.63496267667372,0.0,0.0,1.0,0.0
325,325,969.5275775845172,0.9695275775845174,Sector 2,69.67817609026088,0.0,1,0.25,2883191.5329712895,5564235.854802964,25.900150211121023,44.634963428207044,0.0,0.0,1.0,0.0
325,325,969.5275775845172,0.9695275775845174,Sector 2,69.67817609026088,0.0,2,0.5,2883187.4398359554,5564236.050747802,25.900113441860718,44.634964680762565,0.0,0.0,1.0,0.0
325,325,969.5275775845172,0.9695275775845174,Sector 2,69.67817609026088,0.0,3,0.75,2883183.346700622,5564236.246692639,25.900076672600417,44.634965933318064,0.0,0.0,1.0,0.0
325,325,969.5275775845172,0.9695275775845174,Sector 2,69.67817609026088,0.0,4,0.9,2883180.8908194215,5564236.36425954,25.900054611044233,44.63496668485134,0.0,0.0,1.0,0.0
326,326,972.5275775850585,0.9725275775850584,Sector 2,69.67817609813216,0.0,0,0.1,2883192.2405380774,5564235.094496175,25.900156567301625,44.634958568030406,0.0,0.0,1.0,0.0
326,326,972.5275775850585,0.9725275775850584,Sector 2,69.67817609813216,0.0,1,0.25,2883189.7954870574,5564235.2112773135,25.90013460303461,44.63495931454088,0.0,0.0,1.0,0.0
326,326,972.5275775850585,0.9725275775850584,Sector 2,69.67817609813216,0.0,2,0.5,2883185.7204020233,5564235.4059125455,25.900097995922906,44.634960558724984,0.0,0.0,1.0,0.0
326,326,972.5275775850585,0.9725275775850584,Sector 2,69.67817609813216,0.0,3,0.75,2883181.645316989,5564235.6005477775,25.900061388811203,44.63496180290907,0.0,0.0,1.0,0.0
326,326,972.5275775850585,0.9725275775850584,Sector 2,69.67817609813216,0.0,4,0.9,2883179.200265969,5564235.717328916,25.900039424544186,44.6349625494195,0.0,0.0,1.0,0.0
327,327,975.5275775848392,0.9755275775848392,Sector 2,69.67817609101212,0.0,0,0.1,2883190.492223666,5564234.451756286,25.90014086192605,44.6349544593868,0.0,0.0,1.0,0.0
327,327,975.5275775848392,0.9755275775848392,Sector 2,69.67817609101212,0.0,1,0.25,2883188.0580028254,5564234.567751663,25.900118994948194,44.63495520087442,0.0,0.0,1.0,0.0
327,327,975.5275775848392,0.9755275775848392,Sector 2,69.67817609101212,0.0,2,0.5,2883184.000968091,5564234.76107729,25.900082549985093,44.63495643668712,0.0,0.0,1.0,0.0
327,327,975.5275775848392,0.9755275775848392,Sector 2,69.67817609101212,0.0,3,0.75,2883179.943933357,5564234.954402918,25.900046105021993,44.63495767249979,0.0,0.0,1.0,0.0
327,327,975.5275775848392,0.9755275775848392,Sector 2,69.67817609101212,0.0,4,0.9,2883177.5097125163,5564235.070398294,25.900024238044132,44.63495841398738,0.0,0.0,1.0,0.0
328,328,978.5275775846202,0.9785275775846202,Sector 2,69.6781761035802,0.0,0,0.1,2883188.743879624,5564233.809093505,25.900125156284304,44.6349503512358,0.0,0.0,1.0,0.0
328,328,978.5275775846202,0.9785275775846202,Sector 2,69.6781761035802,0.0,1,0.25,2883186.3204445187,5564233.92441878,25.900103386196353,44.634951088439934,0.0,0.0,1.0,0.0
328,328,978.5275775846202,0.9785275775846202,Sector 2,69.6781761035802,0.0,2,0.5,2883182.28138601,5564234.11662757,25.90006710271643,44.63495231711345,0.0,0.0,1.0,0.0
328,328,978.5275775846202,0.9785275775846202,Sector 2,69.6781761035802,0.0,3,0.75,2883178.242327501,5564234.308836361,25.900030819236516,44.634953545786956,0.0,0.0,1.0,0.0
328,328,978.5275775846202,0.9785275775846202,Sector 2,69.6781761035802,0.0,4,0.9,2883175.8188923956,5564234.424161636,25.90000904914856,44.634954282991046,0.0,0.0,1.0,0.0
329,329,981.5275775847246,0.9815275775847244,Sector 2,69.67817610067453,0.0,0,0.1,2883186.9949059896,5564233.168107558,25.900109444986832,44.63494625380349,0.0,0.0,1.0,0.0
329,329,981.5275775847246,0.9815275775847244,Sector 2,69.67817610067453,0.0,1,0.25,2883184.58131223,5564233.285277981,25.90008776330519,44.63494700280258,0.0,0.0,1.0,0.0
329,329,981.5275775847246,0.9815275775847244,Sector 2,69.67817610067453,0.0,2,0.5,2883180.5586559633,5564233.48056202,25.90005162716912,44.63494825113438,0.0,0.0,1.0,0.0
329,329,981.5275775847246,0.9815275775847244,Sector 2,69.67817610067453,0.0,3,0.75,2883176.5359996962,5564233.67584606,25.900015491033045,44.63494949946616,0.0,0.0,1.0,0.0
329,329,981.5275775847246,0.9815275775847244,Sector 2,69.67817610067453,0.0,4,0.9,2883174.1224059365,5564233.793016483,25.899993809351407,44.63495024846521,0.0,0.0,1.0,0.0
330,330,984.5275775845056,0.9845275775845056,Sector 2,69.67817607994664,0.0,0,0.1,2883185.245599175,5564232.528009341,25.900093730696348,44.63494216204561,0.0,0.0,1.0,0.0
330,330,984.5275775845056,0.9845275775845056,Sector 2,69.67817607994664,0.0,1,0.25,2883182.8413469903,5564232.6483565075,25.900072132931506,44.63494293135174,0.0,0.0,1.0,0.0
330,330,984.5275775845056,0.9845275775845056,Sector 2,69.67817607994664,0.0,2,0.5,2883178.8342600157,5564232.84893512,25.900036136656766,44.634944213528605,0.0,0.0,1.0,0.0
330,330,984.5275775845056,0.9845275775845056,Sector 2,69.67817607994664,0.0,3,0.75,2883174.827173041,5564233.049513731,25.900000140382026,44.63494549570544,0.0,0.0,1.0,0.0
330,330,984.5275775845056,0.9845275775845056,Sector 2,69.67817607994664,0.0,4,0.9,2883172.4229208566,5564233.169860898,25.899978542617184,44.63494626501152,0.0,0.0,1.0,0.0
331,331,987.5275775846098,0.98752757758461,Sector 2,69.67817609955983,0.0,0,0.1,2883183.49629236,5564231.887911123,25.900078016405864,44.63493807028743,0.0,0.0,1.0,0.0
331,331,987.5275775846098,0.98752757758461,Sector 2,69.67817609955983,0.0,1,0.25,2883181.101381751,5564232.011435034,25.90005650255782,44.63493885990061,0.0,0.0,1.0,0.0
331,331,987.5275775846098,0.98752757758461,Sector 2,69.67817609955983,0.0,2,0.5,2883177.109864068,5564232.217308218,25.900020646144412,44.63494017592254,0.0,0.0,1.0,0.0
331,331,987.5275775846098,0.98752757758461,Sector 2,69.67817609955983,0.0,3,0.75,2883173.118346386,5564232.423181402,25.899984789731004,44.63494149194444,0.0,0.0,1.0,0.0
331,331,987.5275775846098,0.98752757758461,Sector 2,69.67817609955983,0.0,4,0.9,2883170.7234357763,5564232.546705312,25.899963275882957,44.634942281557564,0.0,0.0,1.0,0.0
332,332,990.5275775848274,0.9905275775848276,Sector 2,69.67817610086843,0.0,0,0.1,2883181.746985546,5564231.247812906,25.900062302115387,44.63493397852898,0.0,0.0,1.0,0.0
332,332,990.5275775848274,0.9905275775848276,Sector 2,69.67817610086843,0.0,1,0.25,2883179.3614165112,5564231.37451356,25.900040872184135,44.63493478844919,0.0,0.0,1.0,0.0
332,332,990.5275775848274,0.9905275775848276,Sector 2,69.67817610086843,0.0,2,0.5,2883175.385468121,5564231.5856813155,25.90000515563206,44.634936138316185,0.0,0.0,1.0,0.0
332,332,990.5275775848274,0.9905275775848276,Sector 2,69.67817610086843,0.0,3,0.75,2883171.409519731,5564231.796849072,25.89996943907998,44.634937488183155,0.0,0.0,1.0,0.0
332,332,990.5275775848274,0.9905275775848276,Sector 2,69.67817610086843,0.0,4,0.9,2883169.0239506965,5564231.923549726,25.89994800914873,44.63493829810333,0.0,0.0,1.0,0.0
333,333,993.5275775849318,0.9935275775849318,Sector 2,69.67817609140002,0.0,0,0.1,2883179.9976787306,5564230.607714688,25.9000465878249,44.634929886770216,0.0,0.0,1.0,0.0
333,333,993.5275775849318,0.9935275775849318,Sector 2,69.67817609140002,0.0,1,0.25,2883177.6214512717,5564230.737592086,25.90002524181045,44.63493071699749,0.0,0.0,1.0,0.0
333,333,993.5275775849318,0.9935275775849318,Sector 2,69.67817609140002,0.0,2,0.5,2883173.6610721736,5564230.954054414,25.899989665119705,44.63493210070956,0.0,0.0,1.0,0.0
333,333,993.5275775849318,0.9935275775849318,Sector 2,69.67817609140002,0.0,3,0.75,2883169.7006930755,5564231.170516742,25.899954088428956,44.63493348442161,0.0,0.0,1.0,0.0
333,333,993.5275775849318,0.9935275775849318,Sector 2,69.67817609140002,0.0,4,0.9,2883167.3244656166,5564231.30039414,25.899932742414506,44.63493431464882,0.0,0.0,1.0,0.0
334,334,996.5275775847128,0.9965275775847128,Sector 2,69.67817611053073,0.0,0,0.1,2883178.2483719164,5564229.9676164705,25.900030873534423,44.63492579501118,0.0,0.0,1.0,0.0
334,334,996.5275775847128,0.9965275775847128,Sector 2,69.67817611053073,0.0,1,0.25,2883175.8814860326,5564230.1006706115,25.900009611436772,44.63492664554549,0.0,0.0,1.0,0.0
334,334,996.5275775847128,0.9965275775847128,Sector 2,69.67817611053073,0.0,2,0.5,2883171.9366762266,5564230.322427513,25.89997417460735,44.63492806310266,0.0,0.0,1.0,0.0
334,334,996.5275775847128,0.9965275775847128,Sector 2,69.67817611053073,0.0,3,0.75,2883167.9918664205,5564230.544184414,25.899938737777934,44.634929480659785,0.0,0.0,1.0,0.0
334,334,996.5275775847128,0.9965275775847128,Sector 2,69.67817611053073,0.0,4,0.9,2883165.6249805368,5564230.677238555,25.899917475680283,44.63493033119405,0.0,0.0,1.0,0.0
335,335,999.5275775848172,0.9995275775848173,Sector 2,69.67817610997338,0.0,0,0.1,2883176.499065101,5564229.327518254,25.90001515924393,44.634921703251855,0.0,0.0,1.0,0.0
335,335,999.5275775848172,0.9995275775848173,Sector 2,69.67817610997338,0.0,1,0.25,2883174.141520793,5564229.463749138,25.899993981063087,44.63492257409322,0.0,0.0,1.0,0.0
335,335,999.5275775848172,0.9995275775848173,Sector 2,69.67817610997338,0.0,2,0.5,2883170.212280279,5564229.690800611,25.899958684094994,44.634924025495465,0.0,0.0,1.0,0.0
335,335,999.5275775848172,0.9995275775848173,Sector 2,69.67817610997338,0.0,3,0.75,2883166.2830397654,5564229.917852085,25.899923387126915,44.63492547689768,0.0,0.0,1.0,0.0
335,335,999.5275775848172,0.9995275775848173,Sector 2,69.67817610997338,0.0,4,0.9,2883163.9254954574,5564230.054082969,25.899902208946063,44.63492634773899,0.0,0.0,1.0,0.0
336,336,1002.527577584598,1.002527577584598,Sector 2,69.67817608924543,0.0,0,0.1,2883174.7497582864,5564228.687420037,25.89999944495345,44.634917611492234,0.0,0.0,1.0,0.0
336,336,1002.527577584598,1.002527577584598,Sector 2,69.67817608924543,0.0,1,0.25,2883172.4015555535,5564228.826827664,25.899978350689402,44.63491850264066,0.0,0.0,1.0,0.0
336,336,1002.527577584598,1.002527577584598,Sector 2,69.67817608924543,0.0,2,0.5,2883168.4878843324,5564229.05917371,25.89994319358265,44.634919987888,0.0,0.0,1.0,0.0
336,336,1002.527577584598,1.002527577584598,Sector 2,69.67817608924543,0.0,3,0.75,2883164.574213111,5564229.2915197555,25.899908036475896,44.6349214731353,0.0,0.0,1.0,0.0
336,336,1002.527577584598,1.002527577584598,Sector 2,69.67817608924543,0.0,4,0.9,2883162.226010378,5564229.430927383,25.899886942211843,44.63492236428366,0.0,0.0,1.0,0.0
337,337,1005.5275775847024,1.0055275775847023,Sector 2,69.67817611120705,0.0,0,0.1,2883173.000451471,5564228.04732182,25.899983730662964,44.634913519732336,0.0,0.0,1.0,0.0
337,337,1005.5275775847024,1.0055275775847023,Sector 2,69.67817611120705,0.0,1,0.25,2883170.6615903135,5564228.189906191,25.89996272031571,44.63491443118782,0.0,0.0,1.0,0.0
337,337,1005.5275775847024,1.0055275775847023,Sector 2,69.67817611120705,0.0,2,0.5,2883166.7634883844,5564228.4275468085,25.89992770307029,44.63491595028025,0.0,0.0,1.0,0.0
337,337,1005.5275775847024,1.0055275775847023,Sector 2,69.67817611120705,0.0,3,0.75,2883162.8653864553,5564228.665187427,25.89989268582487,44.634917469372645,0.0,0.0,1.0,0.0
337,337,1005.5275775847024,1.0055275775847023,Sector 2,69.67817611120705,0.0,4,0.9,2883160.5265252977,5564228.807771798,25.899871675477616,44.63491838082806,0.0,0.0,1.0,0.0
338,338,1008.52757758492,1.00852757758492,Sector 2,69.67817607217438,0.0,0,0.1,2883171.251144657,5564227.407223603,25.899968016372487,44.63490942797215,0.0,0.0,1.0,0.0
338,338,1008.52757758492,1.00852757758492,Sector 2,69.67817607217438,0.0,1,0.25,2883168.9216250745,5564227.552984716,25.899947089942028,44.63491035973469,0.0,0.0,1.0,0.0
338,338,1008.52757758492,1.00852757758492,Sector 2,69.67817607217438,0.0,2,0.5,2883165.0390924374,5564227.795919907,25.89991221255794,44.63491191267222,0.0,0.0,1.0,0.0
338,338,1008.52757758492,1.00852757758492,Sector 2,69.67817607217438,0.0,3,0.75,2883161.1565598,5564228.038855098,25.899877335173844,44.63491346560971,0.0,0.0,1.0,0.0
338,338,1008.52757758492,1.00852757758492,Sector 2,69.67817607217438,0.0,4,0.9,2883158.827040218,5564228.184616212,25.899856408743396,44.634914397372185,0.0,0.0,1.0,0.0
339,339,1011.5275775847008,1.0115275775847008,Sector 2,69.67817608052809,0.0,0,0.1,2883169.501837842,5564226.767125384,25.899952302082003,44.63490533621166,0.0,0.0,1.0,0.0
339,339,1011.5275775847008,1.0115275775847008,Sector 2,69.67817608052809,0.0,1,0.25,2883167.181659835,5564226.916063242,25.899931459568343,44.634906288281265,0.0,0.0,1.0,0.0
339,339,1011.5275775847008,1.0115275775847008,Sector 2,69.67817608052809,0.0,2,0.5,2883163.31469649,5564227.164293005,25.899896722045582,44.63490787506391,0.0,0.0,1.0,0.0
339,339,1011.5275775847008,1.0115275775847008,Sector 2,69.67817608052809,0.0,3,0.75,2883159.4477331447,5564227.412522769,25.899861984522822,44.634909461846505,0.0,0.0,1.0,0.0
339,339,1011.5275775847008,1.0115275775847008,Sector 2,69.67817608052809,0.0,4,0.9,2883157.1275551375,5564227.561460626,25.899841142009166,44.63491041391604,0.0,0.0,1.0,0.0
340,340,1014.5275775848052,1.0145275775848053,Sector 2,69.67817611326672,0.0,0,0.1,2883167.7525310274,5564226.127027167,25.89993658779152,44.634901244450894,0.0,0.0,1.0,0.0
340,340,1014.5275775848052,1.0145275775848053,Sector 2,69.67817611326672,0.0,1,0.25,2883165.4416945954,5564226.279141769,25.899915829194658,44.63490221682757,0.0,0.0,1.0,0.0
340,340,1014.5275775848052,1.0145275775848053,Sector 2,69.67817611326672,0.0,2,0.5,2883161.5903005423,5564226.532666104,25.89988123153323,44.63490383745532,0.0,0.0,1.0,0.0
340,340,1014.5275775848052,1.0145275775848053,Sector 2,69.67817611326672,0.0,3,0.75,2883157.738906489,5564226.78619044,25.899846633871796,44.63490545808303,0.0,0.0,1.0,0.0
340,340,1014.5275775848052,1.0145275775848053,Sector 2,69.67817611326672,0.0,4,0.9,2883155.428070057,5564226.938305042,25.899825875274935,44.63490643045963,0.0,0.0,1.0,0.0
341,341,1017.5275775845862,1.0175275775845862,Sector 2,69.67817610379825,0.0,0,0.1,2883166.0032242127,5564225.48692895,25.89992087350104,44.63489715268983,0.0,0.0,1.0,0.0
341,341,1017.5275775845862,1.0175275775845862,Sector 2,69.67817610379825,0.0,1,0.25,2883163.7017293563,5564225.642220294,25.899900198820976,44.634898145373576,0.0,0.0,1.0,0.0
341,341,1017.5275775845862,1.0175275775845862,Sector 2,69.67817610379825,0.0,2,0.5,2883159.8659045952,5564225.901039203,25.899865741020875,44.63489979984645,0.0,0.0,1.0,0.0
341,341,1017.5275775845862,1.0175275775845862,Sector 2,69.67817610379825,0.0,3,0.75,2883156.030079834,5564226.159858111,25.899831283220774,44.63490145431927,0.0,0.0,1.0,0.0
341,341,1017.5275775845862,1.0175275775845862,Sector 2,69.67817610379825,0.0,4,0.9,2883153.728584978,5564226.315149455,25.89981060854072,44.63490244700293,0.0,0.0,1.0,0.0
342,342,1020.5275775846906,1.0205275775846905,Sector 2,69.6781761074551,0.0,0,0.1,2883164.253917398,5564224.846830732,25.899905159210554,44.63489306092848,0.0,0.0,1.0,0.0
342,342,1020.5275775846906,1.0205275775846905,Sector 2,69.6781761074551,0.0,1,0.25,2883161.961764117,5564225.00529882,25.89988456844729,44.6348940739193,0.0,0.0,1.0,0.0
342,342,1020.5275775846906,1.0205275775846905,Sector 2,69.6781761074551,0.0,2,0.5,2883158.141508648,5564225.2694123015,25.89985025050853,44.6348957622373,0.0,0.0,1.0,0.0
342,342,1020.5275775846906,1.0205275775846905,Sector 2,69.6781761074551,0.0,3,0.75,2883154.321253179,5564225.533525782,25.899815932569755,44.63489745055523,0.0,0.0,1.0,0.0
342,342,1020.5275775846906,1.0205275775846905,Sector 2,69.6781761074551,0.0,4,0.9,2883152.029099898,5564225.69199387,25.899795341806495,44.634898463545966,0.0,0.0,1.0,0.0
343,343,1023.5275775844716,1.0235275775844714,Sector 2,69.6781761068977,0.0,0,0.1,2883162.5046105837,5564224.206732514,25.899889444920074,44.634888969166845,0.0,0.0,1.0,0.0
343,343,1023.5275775844716,1.0235275775844714,Sector 2,69.6781761068977,0.0,1,0.25,2883160.2217988777,5564224.368377346,25.899868938073613,44.63489000246474,0.0,0.0,1.0,0.0
343,343,1023.5275775844716,1.0235275775844714,Sector 2,69.6781761068977,0.0,2,0.5,2883156.417112701,5564224.637785398,25.899834759996175,44.63489172462785,0.0,0.0,1.0,0.0
343,343,1023.5275775844716,1.0235275775844714,Sector 2,69.6781761068977,0.0,3,0.75,2883152.6124265245,5564224.907193451,25.899800581918736,44.634893446790905,0.0,0.0,1.0,0.0
343,343,1023.5275775844716,1.0235275775844714,Sector 2,69.6781761068977,0.0,4,0.9,2883150.3296148186,5564225.0688382825,25.899780075072275,44.63489448008872,0.0,0.0,1.0,0.0
344,344,1026.5275775850123,1.0265275775850125,Sector 2,69.6781760749102,0.0,0,0.1,2883160.7553037684,5564223.566634296,25.899873730629587,44.63488487740492,0.0,0.0,1.0,0.0
344,344,1026.5275775850123,1.0265275775850125,Sector 2,69.6781760749102,0.0,1,0.25,2883158.4818336377,5564223.731455872,25.89985330769992,44.63488593100989,0.0,0.0,1.0,0.0
344,344,1026.5275775850123,1.0265275775850125,Sector 2,69.6781760749102,0.0,2,0.5,2883154.6927167536,5564224.006158497,25.89981926948382,44.63488768701814,0.0,0.0,1.0,0.0
344,344,1026.5275775850123,1.0265275775850125,Sector 2,69.6781760749102,0.0,3,0.75,2883150.9035998695,5564224.280861122,25.899785231267714,44.63488944302632,0.0,0.0,1.0,0.0
344,344,1026.5275775850123,1.0265275775850125,Sector 2,69.6781760749102,0.0,4,0.9,2883148.6301297387,5564224.445682697,25.899764808338052,44.6348904966312,0.0,0.0,1.0,0.0
345,345,1029.5275775847936,1.0295275775847936,Sector 2,69.67817607435273,0.0,0,0.1,2883159.0059969537,5564222.9265360795,25.899858016339103,44.63488078564271,0.0,0.0,1.0,0.0
345,345,1029.5275775847936,1.0295275775847936,Sector 2,69.67817607435273,0.0,1,0.25,2883156.7418683986,5564223.094534398,25.899837677326243,44.63488185955477,0.0,0.0,1.0,0.0
345,345,1029.5275775847936,1.0295275775847936,Sector 2,69.67817607435273,0.0,2,0.5,2883152.9683208065,5564223.374531595,25.899803778971467,44.63488364940813,0.0,0.0,1.0,0.0
345,345,1029.5275775847936,1.0295275775847936,Sector 2,69.67817607435273,0.0,3,0.75,2883149.194773214,5564223.654528793,25.899769880616688,44.63488543926145,0.0,0.0,1.0,0.0
345,345,1029.5275775847936,1.0295275775847936,Sector 2,69.67817607435273,0.0,4,0.9,2883146.930644659,5564223.8225271115,25.89974954160383,44.63488651317342,0.0,0.0,1.0,0.0
346,346,1032.527577584898,1.032527577584898,Sector 2,69.67817610474299,0.0,0,0.1,2883157.256690139,5564222.286437862,25.899842302048622,44.63487669388021,0.0,0.0,1.0,0.0
346,346,1032.527577584898,1.032527577584898,Sector 2,69.67817610474299,0.0,1,0.25,2883155.001903159,5564222.457612924,25.899822046952558,44.634877788099345,0.0,0.0,1.0,0.0
346,346,1032.527577584898,1.032527577584898,Sector 2,69.67817610474299,0.0,2,0.5,2883151.243924859,5564222.742904694,25.899788288459114,44.63487961179786,0.0,0.0,1.0,0.0
346,346,1032.527577584898,1.032527577584898,Sector 2,69.67817610474299,0.0,3,0.75,2883147.485946559,5564223.028196463,25.89975452996567,44.63488143549631,0.0,0.0,1.0,0.0
346,346,1032.527577584898,1.032527577584898,Sector 2,69.67817610474299,0.0,4,0.9,2883145.231159579,5564223.199371526,25.899734274869605,44.63488252971536,0.0,0.0,1.0,0.0
347,347,1035.527577584679,1.035527577584679,Sector 2,69.67817613748161,0.0,0,0.1,2883155.5073833247,5564221.646339645,25.89982658775814,44.63487260211742,0.0,0.0,1.0,0.0
347,347,1035.527577584679,1.035527577584679,Sector 2,69.67817613748161,0.0,1,0.25,2883153.26193792,5564221.82069145,25.899806416578876,44.63487371664364,0.0,0.0,1.0,0.0
347,347,1035.527577584679,1.035527577584679,Sector 2,69.67817613748161,0.0,2,0.5,2883149.519528912,5564222.111277793,25.89977279794676,44.6348755741873,0.0,0.0,1.0,0.0
347,347,1035.527577584679,1.035527577584679,Sector 2,69.67817613748161,0.0,3,0.75,2883145.777119904,5564222.401864135,25.899739179314647,44.63487743173089,0.0,0.0,1.0,0.0
347,347,1035.527577584679,1.035527577584679,Sector 2,69.67817613748161,0.0,4,0.9,2883143.531674499,5564222.57621594,25.89971900813538,44.63487854625702,0.0,0.0,1.0,0.0
348,348,1038.52757758446,1.03852757758446,Sector 2,69.67817607219797,0.0,0,0.1,2883153.75807651,5564221.006241427,25.899810873467658,44.63486851035434,0.0,0.0,1.0,0.0
348,348,1038.52757758446,1.03852757758446,Sector 2,69.67817607219797,0.0,1,0.25,2883151.5219726805,5564221.183769976,25.89979078620519,44.634869645187656,0.0,0.0,1.0,0.0
348,348,1038.52757758446,1.03852757758446,Sector 2,69.67817607219797,0.0,2,0.5,2883147.795132965,5564221.47965089,25.89975730743441,44.634871536576455,0.0,0.0,1.0,0.0
348,348,1038.52757758446,1.03852757758446,Sector 2,69.67817607219797,0.0,3,0.75,2883144.068293249,5564221.775531805,25.899723828663625,44.634873427965196,0.0,0.0,1.0,0.0
348,348,1038.52757758446,1.03852757758446,Sector 2,69.67817607219797,0.0,4,0.9,2883141.8321894193,5564221.953060354,25.899703741401158,44.63487456279841,0.0,0.0,1.0,0.0
349,349,1041.5275775845644,1.0415275775845645,Sector 2,69.67817608946274,0.0,0,0.1,2883152.008769695,5564220.366143209,25.899795159177174,44.63486441859097,0.0,0.0,1.0,0.0
349,349,1041.5275775845644,1.0415275775845645,Sector 2,69.67817608946274,0.0,1,0.25,2883149.782007441,5564220.546848501,25.899775155831506,44.634865573731375,0.0,0.0,1.0,0.0
349,349,1041.5275775845644,1.0415275775845645,Sector 2,69.67817608946274,0.0,2,0.5,2883146.0707370173,5564220.848023988,25.899741816922056,44.63486749896533,0.0,0.0,1.0,0.0
349,349,1041.5275775845644,1.0415275775845645,Sector 2,69.67817608946274,0.0,3,0.75,2883142.3594665937,5564221.149199476,25.899708478012602,44.63486942419923,0.0,0.0,1.0,0.0
349,349,1041.5275775845644,1.0415275775845645,Sector 2,69.67817608946274,0.0,4,0.9,2883140.1327043395,5564221.329904769,25.899688474666934,44.634870579339534,0.0,0.0,1.0,0.0
350,350,1044.527577584782,1.044527577584782,Sector 2,69.6781761020307,0.0,0,0.1,2883150.2594628804,5564219.726044991,25.899779444886693,44.634860326827315,0.0,0.0,1.0,0.0
350,350,1044.527577584782,1.044527577584782,Sector 2,69.6781761020307,0.0,1,0.25,2883148.0420422014,5564219.909927027,25.89975952545782,44.63486150227481,0.0,0.0,1.0,0.0
350,350,1044.527577584782,1.044527577584782,Sector 2,69.6781761020307,0.0,2,0.5,2883144.34634107,5564220.216397087,25.8997263264097,44.63486346135393,0.0,0.0,1.0,0.0
350,350,1044.527577584782,1.044527577584782,Sector 2,69.6781761020307,0.0,3,0.75,2883140.6506399387,5564220.522867147,25.899693127361584,44.63486542043298,0.0,0.0,1.0,0.0
350,350,1044.527577584782,1.044527577584782,Sector 2,69.6781761020307,0.0,4,0.9,2883138.4332192596,5564220.706749183,25.89967320793271,44.63486659588038,0.0,0.0,1.0,0.0
351,351,1047.5275775848863,1.0475275775848862,Sector 2,69.67817611038436,0.0,0,0.1,2883148.510156065,5564219.085946775,25.899763730596206,44.63485623506338,0.0,0.0,1.0,0.0
351,351,1047.5275775848863,1.0475275775848862,Sector 2,69.67817611038436,0.0,1,0.25,2883146.302076962,5564219.273005554,25.899743895084136,44.63485743081798,0.0,0.0,1.0,0.0
351,351,1047.5275775848863,1.0475275775848862,Sector 2,69.67817611038436,0.0,2,0.5,2883142.6219451223,5564219.584770186,25.899710835897345,44.63485942374225,0.0,0.0,1.0,0.0
351,351,1047.5275775848863,1.0475275775848862,Sector 2,69.67817611038436,0.0,3,0.75,2883138.9418132827,5564219.896534818,25.89967777671055,44.63486141666646,0.0,0.0,1.0,0.0
351,351,1047.5275775848863,1.0475275775848862,Sector 2,69.67817611038436,0.0,4,0.9,2883136.7337341793,5564220.083593598,25.89965794119848,44.63486261242095,0.0,0.0,1.0,0.0
352,352,1050.5275775846674,1.0505275775846674,Sector 2,69.67817610513009,0.0,0,0.1,2883146.7608492505,5564218.445848558,25.899748016305722,44.63485214329914,0.0,0.0,1.0,0.0
352,352,1050.5275775846674,1.0505275775846674,Sector 2,69.67817610513009,0.0,1,0.25,2883144.5621117223,5564218.636084081,25.89972826471045,44.63485335936085,0.0,0.0,1.0,0.0
352,352,1050.5275775846674,1.0505275775846674,Sector 2,69.67817610513009,0.0,2,0.5,2883140.897549175,5564218.953143286,25.89969534538499,44.6348553861303,0.0,0.0,1.0,0.0
352,352,1050.5275775846674,1.0505275775846674,Sector 2,69.67817610513009,0.0,3,0.75,2883137.232986628,5564219.27020249,25.899662426059535,44.63485741289966,0.0,0.0,1.0,0.0
352,352,1050.5275775846674,1.0505275775846674,Sector 2,69.67817610513009,0.0,4,0.9,2883135.0342491,5564219.460438013,25.899642674464264,44.634858628961254,0.0,0.0,1.0,0.0
353,353,1053.5275775847715,1.0535275775847717,Sector 2,69.67817608440203,0.0,0,0.1,2883145.0115424357,5564217.80575034,25.899732302015238,44.634848051534625,0.0,0.0,1.0,0.0
353,353,1053.5275775847715,1.0535275775847717,Sector 2,69.67817608440203,0.0,1,0.25,2883142.8221464828,5564217.999162606,25.899712634336765,44.63484928790343,0.0,0.0,1.0,0.0
353,353,1053.5275775847715,1.0535275775847717,Sector 2,69.67817608440203,0.0,2,0.5,2883139.173153228,5564218.321516383,25.89967985487264,44.63485134851805,0.0,0.0,1.0,0.0
353,353,1053.5275775847715,1.0535275775847717,Sector 2,69.67817608440203,0.0,3,0.75,2883135.524159973,5564218.64387016,25.899647075408513,44.63485340913259,0.0,0.0,1.0,0.0
353,353,1053.5275775847715,1.0535275775847717,Sector 2,69.67817608440203,0.0,4,0.9,2883133.33476402,5564218.837282426,25.89962740773004,44.63485464550128,0.0,0.0,1.0,0.0
354,354,1056.5275775845528,1.0565275775845528,Sector 2,69.67817609040719,0.0,0,0.1,2883143.2622356215,5564217.165652122,25.89971658772476,44.63484395976981,0.0,0.0,1.0,0.0
354,354,1056.5275775845528,1.0565275775845528,Sector 2,69.67817609040719,0.0,1,0.25,2883141.082181244,5564217.362241131,25.899697003963087,44.63484521644572,0.0,0.0,1.0,0.0
354,354,1056.5275775845528,1.0565275775845528,Sector 2,69.67817609040719,0.0,2,0.5,2883137.448757281,5564217.689889481,25.89966436436029,44.63484731090552,0.0,0.0,1.0,0.0
354,354,1056.5275775845528,1.0565275775845528,Sector 2,69.67817609040719,0.0,3,0.75,2883133.815333318,5564218.01753783,25.89963172475749,44.63484940536523,0.0,0.0,1.0,0.0
354,354,1056.5275775845528,1.0565275775845528,Sector 2,69.67817609040719,0.0,4,0.9,2883131.6352789407,5564218.21412684,25.899612140995817,44.634850662041025,0.0,0.0,1.0,0.0
355,355,1059.5275775846571,1.059527577584657,Sector 2,69.67817612784262,0.0,0,0.1,2883141.5129288067,5564216.5255539045,25.899700873434277,44.63483986800471,0.0,0.0,1.0,0.0
355,355,1059.5275775846571,1.059527577584657,Sector 2,69.67817612784262,0.0,1,0.25,2883139.342216004,5564216.7253196575,25.8996813735894,44.63484114498773,0.0,0.0,1.0,0.0
355,355,1059.5275775846571,1.059527577584657,Sector 2,69.67817612784262,0.0,2,0.5,2883135.7243613335,5564217.058262579,25.899648873847937,44.6348432732927,0.0,0.0,1.0,0.0
355,355,1059.5275775846571,1.059527577584657,Sector 2,69.67817612784262,0.0,3,0.75,2883132.106506663,5564217.391205502,25.899616374106472,44.6348454015976,0.0,0.0,1.0,0.0
355,355,1059.5275775846571,1.059527577584657,Sector 2,69.67817612784262,0.0,4,0.9,2883129.9357938603,5564217.590971255,25.89959687426159,44.63484667858051,0.0,0.0,1.0,0.0
356,356,1062.5275775848747,1.0625275775848748,Sector 2,69.67817604003983,0.0,0,0.1,2883139.7636219915,5564215.885455688,25.899685159143793,44.634835776239335,0.0,0.0,1.0,0.0
356,356,1062.5275775848747,1.0625275775848748,Sector 2,69.67817604003983,0.0,1,0.25,2883137.602250764,5564216.088398185,25.899665743215706,44.63483707352946,0.0,0.0,1.0,0.0
356,356,1062.5275775848747,1.0625275775848748,Sector 2,69.67817604003983,0.0,2,0.5,2883133.9999653855,5564216.426635679,25.899633383335573,44.63483923567963,0.0,0.0,1.0,0.0
356,356,1062.5275775848747,1.0625275775848748,Sector 2,69.67817604003983,0.0,3,0.75,2883130.3976800074,5564216.764873172,25.899601023455446,44.6348413978297,0.0,0.0,1.0,0.0
356,356,1062.5275775848747,1.0625275775848748,Sector 2,69.67817604003983,0.0,4,0.9,2883128.23630878,5564216.967815669,25.899581607527363,44.634842695119715,0.0,0.0,1.0,0.0
357,357,1065.527577584979,1.065527577584979,Sector 2,69.67817613515626,0.0,0,0.1,2883138.0143151768,5564215.24535747,25.89966944485331,44.63483168447365,0.0,0.0,1.0,0.0
357,357,1065.527577584979,1.065527577584979,Sector 2,69.67817613515626,0.0,1,0.25,2883135.862285525,5564215.45147671,25.89965011284203,44.6348330020709,0.0,0.0,1.0,0.0
357,357,1065.527577584979,1.065527577584979,Sector 2,69.67817613515626,0.0,2,0.5,2883132.275569439,5564215.795008777,25.89961789282323,44.634835198066256,0.0,0.0,1.0,0.0
357,357,1065.527577584979,1.065527577584979,Sector 2,69.67817613515626,0.0,3,0.75,2883128.6888533523,5564216.138540843,25.899585672804424,44.63483739406151,0.0,0.0,1.0,0.0
357,357,1065.527577584979,1.065527577584979,Sector 2,69.67817613515626,0.0,4,0.9,2883126.5368237006,5564216.344660083,25.899566340793147,44.63483871165864,0.0,0.0,1.0,0.0
358,358,1068.52757758476,1.0685275775847602,Sector 2,69.67817607222088,0.0,0,0.1,2883136.2650083625,5564214.605259253,25.89965373056283,44.63482759270769,0.0,0.0,1.0,0.0
358,358,1068.52757758476,1.0685275775847602,Sector 2,69.67817607222088,0.0,1,0.25,2883134.122320286,5564214.814555235,25.899634482468347,44.634828930612045,0.0,0.0,1.0,0.0
358,358,1068.52757758476,1.0685275775847602,Sector 2,69.67817607222088,0.0,2,0.5,2883130.5511734914,5564215.163381875,25.899602402310872,44.6348311604526,0.0,0.0,1.0,0.0
358,358,1068.52757758476,1.0685275775847602,Sector 2,69.67817607222088,0.0,3,0.75,2883126.9800266973,5564215.512208514,25.8995703221534,44.63483339029306,0.0,0.0,1.0,0.0
358,358,1068.52757758476,1.0685275775847602,Sector 2,69.67817607222088,0.0,4,0.9,2883124.837338621,5564215.721504496,25.89955107405892,44.63483472819729,0.0,0.0,1.0,0.0
359,359,1071.5275775845412,1.0715275775845412,Sector 2,69.67817611808493,0.0,0,0.1,2883134.5157015477,5564213.965161035,25.899638016272345,44.63482350094143,0.0,0.0,1.0,0.0
359,359,1071.5275775845412,1.0715275775845412,Sector 2,69.67817611808493,0.0,1,0.25,2883132.3823550465,5564214.177633762,25.89961885209466,44.63482485915293,0.0,0.0,1.0,0.0
359,359,1071.5275775845412,1.0715275775845412,Sector 2,69.67817611808493,0.0,2,0.5,2883128.8267775443,5564214.531754973,25.899586911798522,44.63482712283868,0.0,0.0,1.0,0.0
359,359,1071.5275775845412,1.0715275775845412,Sector 2,69.67817611808493,0.0,3,0.75,2883125.271200042,5564214.885876184,25.89955497150238,44.63482938652433,0.0,0.0,1.0,0.0
359,359,1071.5275775845412,1.0715275775845412,Sector 2,69.67817611808493,0.0,4,0.9,2883123.137853541,5564215.098348912,25.899535807324696,44.63483074473569,0.0,0.0,1.0,0.0
360,360,1074.5275775846455,1.0745275775846457,Sector 2,69.6781760818829,0.0,0,0.1,2883132.766394732,5564213.32506282,25.899622301981854,44.63481940917491,0.0,0.0,1.0,0.0
360,360,1074.5275775846455,1.0745275775846457,Sector 2,69.6781760818829,0.0,1,0.25,2883130.6423898065,5564213.5407122895,25.899603221720973,44.63482078769352,0.0,0.0,1.0,0.0
360,360,1074.5275775846455,1.0745275775846457,Sector 2,69.6781760818829,0.0,2,0.5,2883127.1023815963,5564213.900128073,25.89957142128616,44.634823085224475,0.0,0.0,1.0,0.0
360,360,1074.5275775846455,1.0745275775846457,Sector 2,69.6781760818829,0.0,3,0.75,2883123.5623733867,5564214.259543857,25.899539620851353,44.63482538275533,0.0,0.0,1.0,0.0
360,360,1074.5275775846455,1.0745275775846457,Sector 2,69.6781760818829,0.0,4,0.9,2883121.438368461,5564214.475193326,25.899520540590473,44.63482676127379,0.0,0.0,1.0,0.0
361,361,1077.5275775844266,1.0775275775844266,Sector 2,69.67817611040715,0.0,0,0.1,2883131.017087918,5564212.684964601,25.899606587691377,44.634815317408076,0.0,0.0,1.0,0.0
361,361,1077.5275775844266,1.0775275775844266,Sector 2,69.67817611040715,0.0,1,0.25,2883128.9024245674,5564212.903790815,25.89958759134729,44.63481671623381,0.0,0.0,1.0,0.0
361,361,1077.5275775844266,1.0775275775844266,Sector 2,69.67817611040715,0.0,2,0.5,2883125.3779856497,5564213.268501172,25.899555930773815,44.63481904760999,0.0,0.0,1.0,0.0
361,361,1077.5275775844266,1.0775275775844266,Sector 2,69.67817611040715,0.0,3,0.75,2883121.8535467316,5564213.633211528,25.89952427020033,44.63482137898604,0.0,0.0,1.0,0.0
361,361,1077.5275775844266,1.0775275775844266,Sector 2,69.67817611040715,0.0,4,0.9,2883119.7388833812,5564213.852037742,25.899505273856253,44.63482277781164,0.0,0.0,1.0,0.0
362,362,1080.5275775849675,1.0805275775849676,Sector 2,69.67817607841943,0.0,0,0.1,2883129.267781103,5564212.044866383,25.899590873400893,44.63481122564095,0.0,0.0,1.0,0.0
362,362,1080.5275775849675,1.0805275775849676,Sector 2,69.67817607841943,0.0,1,0.25,2883127.162459328,5564212.26686934,25.899571960973606,44.634812644773824,0.0,0.0,1.0,0.0
362,362,1080.5275775849675,1.0805275775849676,Sector 2,69.67817607841943,0.0,2,0.5,2883123.653589702,5564212.63687427,25.899540440261458,44.6348150099952,0.0,0.0,1.0,0.0
362,362,1080.5275775849675,1.0805275775849676,Sector 2,69.67817607841943,0.0,3,0.75,2883120.1447200766,5564213.006879198,25.899508919549312,44.634817375216485,0.0,0.0,1.0,0.0
362,362,1080.5275775849675,1.0805275775849676,Sector 2,69.67817607841943,0.0,4,0.9,2883118.0393983014,5564213.228882155,25.899490007122026,44.6348187943492,0.0,0.0,1.0,0.0
363,363,1083.5275775847488,1.0835275775847488,Sector 2,69.67817609755008,0.0,0,0.1,2883127.5184742888,5564211.404768165,25.899575159110412,44.634807133873544,0.0,0.0,1.0,0.0
363,363,1083.5275775847488,1.0835275775847488,Sector 2,69.67817609755008,0.0,1,0.25,2883125.4224940883,5564211.629947865,25.89955633059992,44.63480857331354,0.0,0.0,1.0,0.0
363,363,1083.5275775847488,1.0835275775847488,Sector 2,69.67817609755008,0.0,2,0.5,2883121.929193755,5564212.005247367,25.89952494974911,44.63481097238014,0.0,0.0,1.0,0.0
363,363,1083.5275775847488,1.0835275775847488,Sector 2,69.67817609755008,0.0,3,0.75,2883118.435893422,5564212.380546868,25.899493568898293,44.63481337144663,0.0,0.0,1.0,0.0
363,363,1083.5275775847488,1.0835275775847488,Sector 2,69.67817609755008,0.0,4,0.9,2883116.3399132215,5564212.605726568,25.899474740387802,44.63481481088648,0.0,0.0,1.0,0.0
364,364,1086.5275775848531,1.086527577584853,Sector 2,69.67817608808139,0.0,0,0.1,2883125.769167474,5564210.764669948,25.89955944481993,44.63480304210586,0.0,0.0,1.0,0.0
364,364,1086.5275775848531,1.086527577584853,Sector 2,69.67817608808139,0.0,1,0.25,2883123.682528849,5564210.993026393,25.89954070022624,44.634804501853,0.0,0.0,1.0,0.0
364,364,1086.5275775848531,1.086527577584853,Sector 2,69.67817608808139,0.0,2,0.5,2883120.204797808,5564211.373620465,25.899509459236757,44.63480693476481,0.0,0.0,1.0,0.0
364,364,1086.5275775848531,1.086527577584853,Sector 2,69.67817608808139,0.0,3,0.75,2883116.7270667665,5564211.754214538,25.899478218247268,44.634809367676525,0.0,0.0,1.0,0.0
364,364,1086.5275775848531,1.086527577584853,Sector 2,69.67817608808139,0.0,4,0.9,2883114.6404281417,5564211.982570983,25.89945947365358,44.6348108274235,0.0,0.0,1.0,0.0
365,365,1089.5275775846342,1.0895275775846345,Sector 2,69.67817607626432,0.0,0,0.1,2883124.019860659,5564210.12457173,25.899543730529444,44.63479895033787,0.0,0.0,1.0,0.0
365,365,1089.5275775846342,1.0895275775846345,Sector 2,69.67817607626432,0.0,1,0.25,2883121.942563609,5564210.356104918,25.89952506985255,44.63480043039215,0.0,0.0,1.0,0.0
365,365,1089.5275775846342,1.0895275775846345,Sector 2,69.67817607626432,0.0,2,0.5,2883118.4804018606,5564210.741993563,25.899493968724403,44.634802897149186,0.0,0.0,1.0,0.0
365,365,1089.5275775846342,1.0895275775846345,Sector 2,69.67817607626432,0.0,3,0.75,2883115.018240112,5564211.12788221,25.899462867596252,44.63480536390613,0.0,0.0,1.0,0.0
365,365,1089.5275775846342,1.0895275775846345,Sector 2,69.67817607626432,0.0,4,0.9,2883112.9409430623,5564211.359415397,25.89944420691936,44.63480684396025,0.0,0.0,1.0,0.0
366,366,1092.5275775847383,1.0925275775847385,Sector 2,69.6781760958774,0.0,0,0.1,2883122.270553844,5564209.484473513,25.89952801623896,44.6347948585696,0.0,0.0,1.0,0.0
366,366,1092.5275775847383,1.0925275775847385,Sector 2,69.6781760958774,0.0,1,0.25,2883120.20259837,5564209.719183444,25.89950943947887,44.63479635893101,0.0,0.0,1.0,0.0
366,366,1092.5275775847383,1.0925275775847385,Sector 2,69.6781760958774,0.0,2,0.5,2883116.756005913,5564210.110366662,25.899478478212046,44.63479885953329,0.0,0.0,1.0,0.0
366,366,1092.5275775847383,1.0925275775847385,Sector 2,69.6781760958774,0.0,3,0.75,2883113.3094134564,5564210.50154988,25.899447516945227,44.63480136013546,0.0,0.0,1.0,0.0
366,366,1092.5275775847383,1.0925275775847385,Sector 2,69.6781760958774,0.0,4,0.9,2883111.2414579825,5564210.736259811,25.899428940185135,44.63480286049671,0.0,0.0,1.0,0.0
367,367,1095.527577584956,1.0955275775849562,Sector 2,69.67817612391917,0.0,0,0.1,2883120.5212470293,5564208.844375296,25.899512301948477,44.63479076680103,0.0,0.0,1.0,0.0
367,367,1095.527577584956,1.0955275775849562,Sector 2,69.67817612391917,0.0,1,0.25,2883118.4626331306,5564209.082261969,25.899493809105188,44.634792287469594,0.0,0.0,1.0,0.0
367,367,1095.527577584956,1.0955275775849562,Sector 2,69.67817612391917,0.0,2,0.5,2883115.0316099655,5564209.478739761,25.899462987699692,44.63479482191712,0.0,0.0,1.0,0.0
367,367,1095.527577584956,1.0955275775849562,Sector 2,69.67817612391917,0.0,3,0.75,2883111.600586801,5564209.875217551,25.8994321662942,44.63479735636452,0.0,0.0,1.0,0.0
367,367,1095.527577584956,1.0955275775849562,Sector 2,69.67817612391917,0.0,4,0.9,2883109.541972902,5564210.113104226,25.89941367345091,44.634798877032914,0.0,0.0,1.0,0.0
368,368,1098.5275775847372,1.0985275775847372,Sector 2,69.67817609427982,0.0,0,0.1,2883118.7719402146,5564208.204277079,25.899496587657993,44.63478667503219,0.0,0.0,1.0,0.0
368,368,1098.5275775847372,1.0985275775847372,Sector 2,69.67817609427982,0.0,1,0.25,2883116.722667891,5564208.4453404965,25.899478178731503,44.6347882160079,0.0,0.0,1.0,0.0
368,368,1098.5275775847372,1.0985275775847372,Sector 2,69.67817609427982,0.0,2,0.5,2883113.307214019,5564208.847112859,25.899447497187346,44.634790784300655,0.0,0.0,1.0,0.0
368,368,1098.5275775847372,1.0985275775847372,Sector 2,69.67817609427982,0.0,3,0.75,2883109.8917601462,5564209.248885222,25.899416815643182,44.6347933525933,0.0,0.0,1.0,0.0
368,368,1098.5275775847372,1.0985275775847372,Sector 2,69.67817609427982,0.0,4,0.9,2883107.8424878228,5564209.48994864,25.89939840671669,44.63479489356883,0.0,0.0,1.0,0.0
369,369,1101.5275775848415,1.1015275775848414,Sector 2,69.6781761091961,0.0,0,0.1,2883117.0226334,5564207.564178861,25.899480873367512,44.63478258326305,0.0,0.0,1.0,0.0
369,369,1101.5275775848415,1.1015275775848414,Sector 2,69.6781761091961,0.0,1,0.25,2883114.982702652,5564207.808419023,25.899462548357818,44.63478414454592,0.0,0.0,1.0,0.0
369,369,1101.5275775848415,1.1015275775848414,Sector 2,69.6781761091961,0.0,2,0.5,2883111.5828180714,5564208.215485957,25.89943200667499,44.63478674668392,0.0,0.0,1.0,0.0
369,369,1101.5275775848415,1.1015275775848414,Sector 2,69.6781761091961,0.0,3,0.75,2883108.1829334907,5564208.622552892,25.899401464992156,44.634789348821805,0.0,0.0,1.0,0.0
369,369,1101.5275775848415,1.1015275775848414,Sector 2,69.6781761091961,0.0,4,0.9,2883106.143002743,5564208.866793054,25.899383139982465,44.63479091010449,0.0,0.0,1.0,0.0
370,370,1104.5275775846226,1.1045275775846226,Sector 2,63.88893297830049,0.0,0,0.1,2883115.273326585,5564206.924080643,25.899465159077028,44.63477849149362,0.0,0.0,1.0,0.0
370,370,1104.5275775846226,1.1045275775846226,Sector 2,63.88893297830049,0.0,1,0.25,2883113.2427374125,5564207.171497548,25.899446917984132,44.63478007308364,0.0,0.0,1.0,0.0
370,370,1104.5275775846226,1.1045275775846226,Sector 2,63.88893297830049,0.0,2,0.5,2883109.858422124,5564207.583859056,25.899416516162635,44.6347827090669,0.0,0.0,1.0,0.0
370,370,1104.5275775846226,1.1045275775846226,Sector 2,63.88893297830049,0.0,3,0.75,2883106.4741068357,5564207.996220564,25.899386114341134,44.634785345050034,0.0,0.0,1.0,0.0
370,370,1104.5275775846226,1.1045275775846226,Sector 2,63.88893297830049,0.0,4,0.9,2883104.4435176626,5564208.243637469,25.899367873248238,44.63478692663986,0.0,0.0,1.0,0.0
371,371,1107.4959737402671,1.1074959737402672,Sector 2,51.93210919489394,0.0,0,0.1,2883113.5424480443,5564206.290725613,25.89944961033055,44.63477444282912,0.0,0.0,1.0,0.0
371,371,1107.4959737402671,1.1074959737402672,Sector 2,51.93210919489394,0.0,1,0.25,2883111.521102037,5564206.541285796,25.899431452270417,44.634776044512364,0.0,0.0,1.0,0.0
371,371,1107.4959737402671,1.1074959737402672,Sector 2,51.93210919489394,0.0,2,0.5,2883108.152192024,5564206.9588861,25.899401188836865,44.63477871398434,0.0,0.0,1.0,0.0
371,371,1107.4959737402671,1.1074959737402672,Sector 2,51.93210919489394,0.0,3,0.75,2883104.7832820113,5564207.376486404,25.89937092540331,44.63478138345618,0.0,0.0,1.0,0.0
371,371,1107.4959737402671,1.1074959737402672,Sector 2,51.93210919489394,0.0,4,0.9,2883102.761936004,5564207.627046587,25.89935276734318,44.63478298513924,0.0,0.0,1.0,0.0
372,372,1110.4959737402362,1.1104959737402362,Sector 2,51.93210917339224,0.0,0,0.1,2883111.7931412295,5564205.650627397,25.899433896040065,44.63477035105914,0.0,0.0,1.0,0.0
372,372,1110.4959737402362,1.1104959737402362,Sector 2,51.93210917339224,0.0,1,0.25,2883109.7811367973,5564205.904364323,25.89941582189673,44.63477197304953,0.0,0.0,1.0,0.0
372,372,1110.4959737402362,1.1104959737402362,Sector 2,51.93210917339224,0.0,2,0.5,2883106.427796077,5564206.327259199,25.89938569832451,44.63477467636676,0.0,0.0,1.0,0.0
372,372,1110.4959737402362,1.1104959737402362,Sector 2,51.93210917339224,0.0,3,0.75,2883103.074455356,5564206.750154074,25.899355574752292,44.63477737968386,0.0,0.0,1.0,0.0
372,372,1110.4959737402362,1.1104959737402362,Sector 2,51.93210917339224,0.0,4,0.9,2883101.062450924,5564207.0038910005,25.899337500608958,44.63477900167406,0.0,0.0,1.0,0.0
373,373,1113.4959737399977,1.1134959737399976,Sector 2,51.93210916759193,0.0,0,0.1,2883110.043834415,5564205.010529179,25.89941818174958,44.634766259288845,0.0,0.0,1.0,0.0
373,373,1113.4959737399977,1.1134959737399976,Sector 2,51.93210916759193,0.0,1,0.25,2883108.0411715577,5564205.2674428485,25.899400191523046,44.63476790158641,0.0,0.0,1.0,0.0
373,373,1113.4959737399977,1.1134959737399976,Sector 2,51.93210916759193,0.0,2,0.5,2883104.7034001295,5564205.695632297,25.899370207812158,44.6347706387489,0.0,0.0,1.0,0.0
373,373,1113.4959737399977,1.1134959737399976,Sector 2,51.93210916759193,0.0,3,0.75,2883101.3656287016,5564206.123821745,25.899340224101273,44.63477337591126,0.0,0.0,1.0,0.0
373,373,1113.4959737399977,1.1134959737399976,Sector 2,51.93210916759193,0.0,4,0.9,2883099.3629658446,5564206.380735414,25.899322233874738,44.634775018208614,0.0,0.0,1.0,0.0
374,374,1116.4959737399668,1.116495973739967,Sector 2,51.93210914940198,0.0,0,0.1,2883108.2945275996,5564204.370430963,25.899402467459094,44.634762167518275,0.0,0.0,1.0,0.0
374,374,1116.4959737399668,1.116495973739967,Sector 2,51.93210914940198,0.0,1,0.25,2883106.3012063177,5564204.630521376,25.899384561149358,44.634763830123006,0.0,0.0,1.0,0.0
374,374,1116.4959737399668,1.116495973739967,Sector 2,51.93210914940198,0.0,2,0.5,2883102.979004182,5564205.064005396,25.8993547172998,44.634766601130764,0.0,0.0,1.0,0.0
374,374,1116.4959737399668,1.116495973739967,Sector 2,51.93210914940198,0.0,3,0.75,2883099.656802046,5564205.497489417,25.899324873450247,44.63476937213839,0.0,0.0,1.0,0.0
374,374,1116.4959737399668,1.116495973739967,Sector 2,51.93210914940198,0.0,4,0.9,2883097.6634807643,5564205.75757983,25.89930696714051,44.63477103474291,0.0,0.0,1.0,0.0
375,375,1119.4959737399358,1.119495973739936,Sector 2,51.93210916027925,0.0,0,0.1,2883106.5452207853,5564203.730332744,25.899386753168613,44.6347580757474,0.0,0.0,1.0,0.0
375,375,1119.4959737399358,1.119495973739936,Sector 2,51.93210916027925,0.0,1,0.25,2883104.561241079,5564203.993599901,25.899368930775683,44.6347597586593,0.0,0.0,1.0,0.0
375,375,1119.4959737399358,1.119495973739936,Sector 2,51.93210916027925,0.0,2,0.5,2883101.254608235,5564204.432378494,25.89933922678745,44.63476256351234,0.0,0.0,1.0,0.0
375,375,1119.4959737399358,1.119495973739936,Sector 2,51.93210916027925,0.0,3,0.75,2883097.9479753906,5564204.871157087,25.89930952279922,44.634765368365244,0.0,0.0,1.0,0.0
375,375,1119.4959737399358,1.119495973739936,Sector 2,51.93210916027925,0.0,4,0.9,2883095.9639956844,5564205.134424244,25.899291700406287,44.634767051276924,0.0,0.0,1.0,0.0
376,376,1122.495973739905,1.122495973739905,Sector 2,51.932109160363495,0.0,0,0.1,2883104.7959139706,5564203.090234527,25.899371038878133,44.63475398397625,0.0,0.0,1.0,0.0
376,376,1122.495973739905,1.122495973739905,Sector 2,51.932109160363495,0.0,1,0.25,2883102.8212758396,5564203.356678426,25.899353300401998,44.63475568719531,0.0,0.0,1.0,0.0
376,376,1122.495973739905,1.122495973739905,Sector 2,51.932109160363495,0.0,2,0.5,2883099.530212288,5564203.800751593,25.8993237362751,44.63475852589364,0.0,0.0,1.0,0.0
376,376,1122.495973739905,1.122495973739905,Sector 2,51.932109160363495,0.0,3,0.75,2883096.2391487355,5564204.244824759,25.8992941721482,44.63476136459182,0.0,0.0,1.0,0.0
376,376,1122.495973739905,1.122495973739905,Sector 2,51.932109160363495,0.0,4,0.9,2883094.2645106046,5564204.511268659,25.899276433672064,44.63476306781067,0.0,0.0,1.0,0.0
377,377,1125.4959737402403,1.1254959737402406,Sector 2,51.93210917455258,0.0,0,0.1,2883103.046607156,5564202.4501363095,25.89935532458765,44.6347498922048,0.0,0.0,1.0,0.0
377,377,1125.4959737402403,1.1254959737402406,Sector 2,51.93210917455258,0.0,1,0.25,2883101.0813106,5564202.7197569525,25.899337670028313,44.63475161573104,0.0,0.0,1.0,0.0
377,377,1125.4959737402403,1.1254959737402406,Sector 2,51.93210917455258,0.0,2,0.5,2883097.8058163403,5564203.169124691,25.899308245762747,44.63475448827465,0.0,0.0,1.0,0.0
377,377,1125.4959737402403,1.1254959737402406,Sector 2,51.93210917455258,0.0,3,0.75,2883094.530322081,5564203.618492429,25.899278821497184,44.634757360818114,0.0,0.0,1.0,0.0
377,377,1125.4959737402403,1.1254959737402406,Sector 2,51.93210917455258,0.0,4,0.9,2883092.565025525,5564203.888113072,25.899261166937844,44.63475908434413,0.0,0.0,1.0,0.0
378,378,1128.4959737402096,1.1284959737402096,Sector 2,24.57230873496951,0.0,0,0.1,2883101.297300341,5564201.810038092,25.899339610297165,44.63474580043307,0.0,0.0,1.0,0.0
378,378,1128.4959737402096,1.1284959737402096,Sector 2,24.57230873496951,0.0,1,0.25,2883099.3413453605,5564202.082835478,25.899322039654628,44.63474754426648,0.0,0.0,1.0,0.0
378,378,1128.4959737402096,1.1284959737402096,Sector 2,24.57230873496951,0.0,2,0.5,2883096.081420393,5564202.537497789,25.899292755250393,44.63475045065538,0.0,0.0,1.0,0.0
378,378,1128.4959737402096,1.1284959737402096,Sector 2,24.57230873496951,0.0,3,0.75,2883092.821495426,5564202.9921601,25.89926347084616,44.63475335704414,0.0,0.0,1.0,0.0
378,378,1128.4959737402096,1.1284959737402096,Sector 2,24.57230873496951,0.0,4,0.9,2883090.8655404453,5564203.264957486,25.89924590020362,44.634755100877314,0.0,0.0,1.0,0.0
379,379,1131.2730463221774,1.1312730463221774,Sector 2,6.555231257566391,0.0,0,0.1,2883099.67798301,5564201.217505022,25.899325063722085,44.63474201271712,0.0,0.0,1.0,0.0
379,379,1131.2730463221774,1.1312730463221774,Sector 2,6.555231257566391,0.0,1,0.25,2883097.7306754403,5564201.493243091,25.899307570760556,44.6347437753487,0.0,0.0,1.0,0.0
379,379,1131.2730463221774,1.1312730463221774,Sector 2,6.555231257566391,0.0,2,0.5,2883094.4851628244,5564201.95280654,25.89927841582468,44.634746713067884,0.0,0.0,1.0,0.0
379,379,1131.2730463221774,1.1312730463221774,Sector 2,6.555231257566391,0.0,3,0.75,2883091.2396502085,5564202.412369988,25.8992492608888,44.634749650786915,0.0,0.0,1.0,0.0
379,379,1131.2730463221774,1.1312730463221774,Sector 2,6.555231257566391,0.0,4,0.9,2883089.2923426386,5564202.688108057,25.899231767927272,44.63475141341826,0.0,0.0,1.0,0.0
380,380,1134.2730463219325,1.1342730463219324,Sector 2,6.55523125931262,0.0,0,0.1,2883097.9286761954,5564200.577406805,25.8993093494316,44.634737920944836,0.0,0.0,1.0,0.0
380,380,1134.2730463219325,1.1342730463219324,Sector 2,6.55523125931262,0.0,1,0.25,2883095.990710201,5564200.856321618,25.899291940386874,44.634739703883604,0.0,0.0,1.0,0.0
380,380,1134.2730463219325,1.1342730463219324,Sector 2,6.55523125931262,0.0,2,0.5,2883092.760766877,5564201.321179638,25.899262925312325,44.634742675448074,0.0,0.0,1.0,0.0
380,380,1134.2730463219325,1.1342730463219324,Sector 2,6.55523125931262,0.0,3,0.75,2883089.530823553,5564201.786037658,25.899233910237776,44.6347456470124,0.0,0.0,1.0,0.0
380,380,1134.2730463219325,1.1342730463219324,Sector 2,6.55523125931262,0.0,4,0.9,2883087.5928575587,5564202.06495247,25.89921650119305,44.63474742995092,0.0,0.0,1.0,0.0
381,381,1137.2730463217404,1.1372730463217404,Sector 2,6.555231251753753,0.0,0,0.1,2883096.1793693807,5564199.937308588,25.89929363514112,44.63473382917227,0.0,0.0,1.0,0.0
381,381,1137.2730463217404,1.1372730463217404,Sector 2,6.555231251753753,0.0,1,0.25,2883094.2507449617,5564200.219400143,25.89927631001319,44.634735632418206,0.0,0.0,1.0,0.0
381,381,1137.2730463217404,1.1372730463217404,Sector 2,6.555231251753753,0.0,2,0.5,2883091.0363709303,5564200.6895527365,25.899247434799978,44.63473863782799,0.0,0.0,1.0,0.0
381,381,1137.2730463217404,1.1372730463217404,Sector 2,6.555231251753753,0.0,3,0.75,2883087.8219968984,5564201.15970533,25.89921855958676,44.63474164323762,0.0,0.0,1.0,0.0
381,381,1137.2730463217404,1.1372730463217404,Sector 2,6.555231251753753,0.0,4,0.9,2883085.8933724794,5564201.441796885,25.89920123445883,44.63474344648332,0.0,0.0,1.0,0.0
382,382,1140.2730463214953,1.1402730463214952,Sector 2,6.555231255878482,0.0,0,0.1,2883094.4300625664,5564199.29721037,25.89927792085064,44.6347297373994,0.0,0.0,1.0,0.0
382,382,1140.2730463214953,1.1402730463214952,Sector 2,6.555231255878482,0.0,1,0.25,2883092.5107797226,5564199.582478669,25.899260679639507,44.63473156095253,0.0,0.0,1.0,0.0
382,382,1140.2730463214953,1.1402730463214952,Sector 2,6.555231255878482,0.0,2,0.5,2883089.3119749827,5564200.057925834,25.89923194428762,44.634734600207615,0.0,0.0,1.0,0.0
382,382,1140.2730463214953,1.1402730463214952,Sector 2,6.555231255878482,0.0,3,0.75,2883086.1131702433,5564200.533373,25.899203208935738,44.63473763946256,0.0,0.0,1.0,0.0
382,382,1140.2730463214953,1.1402730463214952,Sector 2,6.555231255878482,0.0,4,0.9,2883084.1938873995,5564200.818641298,25.89918596772461,44.634739463015435,0.0,0.0,1.0,0.0
383,383,1143.2730463222283,1.1432730463222285,Sector 2,6.555231266094495,0.0,0,0.1,2883092.680755751,5564198.657112152,25.899262206560152,44.63472564562625,0.0,0.0,1.0,0.0
383,383,1143.2730463222283,1.1432730463222285,Sector 2,6.555231266094495,0.0,1,0.25,2883090.770814483,5564198.945557196,25.899245049265822,44.63472748948657,0.0,0.0,1.0,0.0
383,383,1143.2730463222283,1.1432730463222285,Sector 2,6.555231266094495,0.0,2,0.5,2883087.587579035,5564199.426298933,25.899216453775267,44.634730562586974,0.0,0.0,1.0,0.0
383,383,1143.2730463222283,1.1432730463222285,Sector 2,6.555231266094495,0.0,3,0.75,2883084.4043435873,5564199.9070406705,25.89918785828471,44.63473363568721,0.0,0.0,1.0,0.0
383,383,1143.2730463222283,1.1432730463222285,Sector 2,6.555231266094495,0.0,4,0.9,2883082.494402319,5564200.195485714,25.89917070099038,44.63473547954729,0.0,0.0,1.0,0.0
384,384,1146.2730463219834,1.1462730463219837,Sector 2,6.5552312554899,0.0,0,0.1,2883090.9314489365,5564198.017013935,25.899246492269672,44.63472155385281,0.0,0.0,1.0,0.0
384,384,1146.2730463219834,1.1462730463219837,Sector 2,6.5552312554899,0.0,1,0.25,2883089.030849243,5564198.308635721,25.899229418892133,44.634723418020315,0.0,0.0,1.0,0.0
384,384,1146.2730463219834,1.1462730463219837,Sector 2,6.5552312554899,0.0,2,0.5,2883085.8631830877,5564198.794672031,25.89920096326291,44.63472652496604,0.0,0.0,1.0,0.0
384,384,1146.2730463219834,1.1462730463219837,Sector 2,6.5552312554899,0.0,3,0.75,2883082.6955169328,5564199.280708341,25.89917250763369,44.63472963191159,0.0,0.0,1.0,0.0
384,384,1146.2730463219834,1.1462730463219837,Sector 2,6.5552312554899,0.0,4,0.9,2883080.7949172393,5564199.572330127,25.899155434256155,44.63473149607884,0.0,0.0,1.0,0.0
385,385,1149.2730463217915,1.1492730463217915,Sector 2,329.5774335864105,0.0,0,0.1,2883089.182142122,5564197.3769157175,25.89923077797919,44.63471746207908,0.0,0.0,1.0,0.0
385,385,1149.2730463217915,1.1492730463217915,Sector 2,329.5774335864105,0.0,1,0.25,2883087.290884004,5564197.671714247,25.899213788518455,44.634719346553794,0.0,0.0,1.0,0.0
385,385,1149.2730463217915,1.1492730463217915,Sector 2,329.5774335864105,0.0,2,0.5,2883084.138787141,5564198.163045129,25.899185472750563,44.63472248734483,0.0,0.0,1.0,0.0
385,385,1149.2730463217915,1.1492730463217915,Sector 2,329.5774335864105,0.0,3,0.75,2883080.986690278,5564198.654376011,25.899157156982675,44.6347256281357,0.0,0.0,1.0,0.0
385,385,1149.2730463217915,1.1492730463217915,Sector 2,329.5774335864105,0.0,4,0.9,2883079.09543216,5564198.949174541,25.899140167521935,44.63472751261014,0.0,0.0,1.0,0.0
386,386,1151.9894434680016,1.1519894434680016,Sector 2,312.6985502895362,0.0,0,0.1,2883087.5982047752,5564196.797328727,25.899216549227912,44.634713757118,0.0,0.0,1.0,0.0
386,386,1151.9894434680016,1.1519894434680016,Sector 2,312.6985502895362,0.0,1,0.25,2883085.7154051336,5564197.09500369,25.899199635750964,44.63471565998019,0.0,0.0,1.0,0.0
386,386,1151.9894434680016,1.1519894434680016,Sector 2,312.6985502895362,0.0,2,0.5,2883082.5774057307,5564197.591128625,25.899171446622713,44.634718831417004,0.0,0.0,1.0,0.0
386,386,1151.9894434680016,1.1519894434680016,Sector 2,312.6985502895362,0.0,3,0.75,2883079.439406328,5564198.087253561,25.89914325749446,44.634722002853664,0.0,0.0,1.0,0.0
386,386,1151.9894434680016,1.1519894434680016,Sector 2,312.6985502895362,0.0,4,0.9,2883077.556606686,5564198.384928523,25.89912634401751,44.63472390571557,0.0,0.0,1.0,0.0
387,387,1154.9894434683742,1.1549894434683745,Sector 2,312.69855030796066,0.0,0,0.1,2883085.8488979605,5564196.15723051,25.899200834937428,44.63470966534373,0.0,0.0,1.0,0.0
387,387,1154.9894434683742,1.1549894434683745,Sector 2,312.69855030796066,0.0,1,0.25,2883083.975439894,5564196.458082216,25.89918400537728,44.634711588513106,0.0,0.0,1.0,0.0
387,387,1154.9894434683742,1.1549894434683745,Sector 2,312.69855030796066,0.0,2,0.5,2883080.8530097837,5564196.959501724,25.89915595611036,44.63471479379527,0.0,0.0,1.0,0.0
387,387,1154.9894434683742,1.1549894434683745,Sector 2,312.69855030796066,0.0,3,0.75,2883077.730579673,5564197.460921232,25.899127906843436,44.634717999077246,0.0,0.0,1.0,0.0
387,387,1154.9894434683742,1.1549894434683745,Sector 2,312.69855030796066,0.0,4,0.9,2883075.8571216064,5564197.761772937,25.899111077283283,44.63471992224635,0.0,0.0,1.0,0.0
388,388,1157.989443467773,1.157989443467773,Sector 2,312.69855030804285,0.0,0,0.1,2883084.0995911458,5564195.517132293,25.899185120646948,44.634705573569164,0.0,0.0,1.0,0.0
388,388,1157.989443467773,1.157989443467773,Sector 2,312.69855030804285,0.0,1,0.25,2883082.2354746545,5564195.821160741,25.899168375003594,44.63470751704574,0.0,0.0,1.0,0.0
388,388,1157.989443467773,1.157989443467773,Sector 2,312.69855030804285,0.0,2,0.5,2883079.128613836,5564196.327874823,25.899140465598006,44.63471075617324,0.0,0.0,1.0,0.0
388,388,1157.989443467773,1.157989443467773,Sector 2,312.69855030804285,0.0,3,0.75,2883076.021753018,5564196.834588904,25.899112556192414,44.63471399530056,0.0,0.0,1.0,0.0
388,388,1157.989443467773,1.157989443467773,Sector 2,312.69855030804285,0.0,4,0.9,2883074.1576365265,5564197.138617352,25.89909581054906,44.63471593877686,0.0,0.0,1.0,0.0
389,389,1160.9894434681455,1.1609894434681458,Sector 2,312.6985502893611,0.0,0,0.1,2883082.350284331,5564194.877034076,25.899169406356464,44.63470148179431,0.0,0.0,1.0,0.0
389,389,1160.9894434681455,1.1609894434681458,Sector 2,312.6985502893611,0.0,1,0.25,2883080.4955094154,5564195.184239268,25.899152744629912,44.634703445578104,0.0,0.0,1.0,0.0
389,389,1160.9894434681455,1.1609894434681458,Sector 2,312.6985502893611,0.0,2,0.5,2883077.4042178886,5564195.696247921,25.89912497508565,44.63470671855094,0.0,0.0,1.0,0.0
389,389,1160.9894434681455,1.1609894434681458,Sector 2,312.6985502893611,0.0,3,0.75,2883074.3129263623,5564196.208256574,25.89909720554139,44.63470999152358,0.0,0.0,1.0,0.0
389,389,1160.9894434681455,1.1609894434681458,Sector 2,312.6985502893611,0.0,4,0.9,2883072.4581514467,5564196.515461767,25.89908054381484,44.63471195530709,0.0,0.0,1.0,0.0
390,390,1163.9894434678868,1.1639894434678868,Sector 2,312.69855031258214,0.0,0,0.1,2883080.605972196,5564194.22355448,25.89915373693395,44.6346973044798,0.0,0.0,1.0,0.0
390,390,1163.9894434678868,1.1639894434678868,Sector 2,312.69855031258214,0.0,1,0.25,2883078.7597064087,5564194.536166646,25.8991371516462,44.634699302827364,0.0,0.0,1.0,0.0
390,390,1163.9894434678868,1.1639894434678868,Sector 2,312.69855031258214,0.0,2,0.5,2883075.6825967636,5564195.05718692,25.89910950949995,44.634702633406484,0.0,0.0,1.0,0.0
390,390,1163.9894434678868,1.1639894434678868,Sector 2,312.69855031258214,0.0,3,0.75,2883072.6054871185,5564195.578207195,25.899081867353697,44.634705963985404,0.0,0.0,1.0,0.0
390,390,1163.9894434678868,1.1639894434678868,Sector 2,312.69855031258214,0.0,4,0.9,2883070.759221331,5564195.8908193605,25.899065282065944,44.63470796233266,0.0,0.0,1.0,0.0
391,391,1166.9894434682594,1.1669894434682595,Sector 2,312.698550324023,0.0,0,0.1,2883078.86553316,5564193.559776001,25.89913810230408,44.63469306133022,0.0,0.0,1.0,0.0
391,391,1166.9894434682594,1.1669894434682595,Sector 2,312.698550324023,0.0,1,0.25,2883077.027130985,5564193.87951162,25.89912158765636,44.63469510521403,0.0,0.0,1.0,0.0
391,391,1166.9894434682594,1.1669894434682595,Sector 2,312.698550324023,0.0,2,0.5,2883073.96312736,5564194.412404317,25.899094063243492,44.634698511686864,0.0,0.0,1.0,0.0
391,391,1166.9894434682594,1.1669894434682595,Sector 2,312.698550324023,0.0,3,0.75,2883070.8991237353,5564194.945297016,25.899066538830624,44.634701918159514,0.0,0.0,1.0,0.0
391,391,1166.9894434682594,1.1669894434682595,Sector 2,312.698550324023,0.0,4,0.9,2883069.0607215604,5564195.265032635,25.899050024182905,44.63470396204301,0.0,0.0,1.0,0.0
392,392,1169.9894434682897,1.1699894434682896,Sector 2,312.6985502891864,0.0,0,0.1,2883077.126001583,5564192.893626367,25.899122475826054,44.634688803022925,0.0,0.0,1.0,0.0
392,392,1169.9894434682897,1.1699894434682896,Sector 2,312.6985502891864,0.0,1,0.25,2883075.295311777,5564193.220880631,25.89910603045972,44.63469089496921,0.0,0.0,1.0,0.0
392,392,1169.9894434682897,1.1699894434682896,Sector 2,312.6985502891864,0.0,2,0.5,2883072.2441621004,5564193.766304407,25.899078621515834,44.63469438154618,0.0,0.0,1.0,0.0
392,392,1169.9894434682897,1.1699894434682896,Sector 2,312.6985502891864,0.0,3,0.75,2883069.1930124233,5564194.311728183,25.899051212571944,44.634697868122956,0.0,0.0,1.0,0.0
392,392,1169.9894434682897,1.1699894434682896,Sector 2,312.6985502891864,0.0,4,0.9,2883067.3623226173,5564194.638982448,25.899034767205613,44.634699960068914,0.0,0.0,1.0,0.0
393,393,1172.989443468031,1.1729894434680306,Sector 2,312.6985503100093,0.0,0,0.1,2883075.386470006,5564192.227476731,25.899106849348023,44.634684544715284,0.0,0.0,1.0,0.0
393,393,1172.989443468031,1.1729894434680306,Sector 2,312.6985503100093,0.0,1,0.25,2883073.563492569,5564192.562249643,25.899090473263083,44.63468668472407,0.0,0.0,1.0,0.0
393,393,1172.989443468031,1.1729894434680306,Sector 2,312.6985503100093,0.0,2,0.5,2883070.5251968405,5564193.120204495,25.899063179788175,44.634690251405196,0.0,0.0,1.0,0.0
393,393,1172.989443468031,1.1729894434680306,Sector 2,312.6985503100093,0.0,3,0.75,2883067.486901112,5564193.678159349,25.899035886313268,44.634693818086106,0.0,0.0,1.0,0.0
393,393,1172.989443468031,1.1729894434680306,Sector 2,312.6985503100093,0.0,4,0.9,2883065.663923675,5564194.01293226,25.899019510228328,44.63469595809454,0.0,0.0,1.0,0.0
394,394,1175.9894434684034,1.1759894434684033,Sector 2,299.2580125673696,0.0,0,0.1,2883073.6469384287,5564191.561327095,25.899091222869995,44.63468028640736,0.0,0.0,1.0,0.0
394,394,1175.9894434684034,1.1759894434684033,Sector 2,299.2580125673696,0.0,1,0.25,2883071.831673361,5564191.903618653,25.899074916066443,44.63468247447864,0.0,0.0,1.0,0.0
394,394,1175.9894434684034,1.1759894434684033,Sector 2,299.2580125673696,0.0,2,0.5,2883068.8062315807,5564192.474104583,25.899047738060517,44.63468612126392,0.0,0.0,1.0,0.0
394,394,1175.9894434684034,1.1759894434684033,Sector 2,299.2580125673696,0.0,3,0.75,2883065.780789801,5564193.044590514,25.8990205600546,44.63468976804897,0.0,0.0,1.0,0.0
394,394,1175.9894434684034,1.1759894434684033,Sector 2,299.2580125673696,0.0,4,0.9,2883063.965524733,5564193.386882072,25.899004253251046,44.634691956119894,0.0,0.0,1.0,0.0
395,395,1178.797194849241,1.1787971948492406,Sector 2,267.8750605373881,0.0,0,0.1,2883072.018881033,5564190.937866242,25.899076597781576,44.63467630098374,0.0,0.0,1.0,0.0
395,395,1178.797194849241,1.1787971948492406,Sector 2,267.8750605373881,0.0,1,0.25,2883070.2108341036,5564191.28719463,25.899060355819664,44.63467853403754,0.0,0.0,1.0,0.0
395,395,1178.797194849241,1.1787971948492406,Sector 2,267.8750605373881,0.0,2,0.5,2883067.197422554,5564191.86940861,25.89903328588314,44.634682255793685,0.0,0.0,1.0,0.0
395,395,1178.797194849241,1.1787971948492406,Sector 2,267.8750605373881,0.0,3,0.75,2883064.1840110044,5564192.45162259,25.899006215946617,44.634685977549594,0.0,0.0,1.0,0.0
395,395,1178.797194849241,1.1787971948492406,Sector 2,267.8750605373881,0.0,4,0.9,2883062.375964075,5564192.800950979,25.898989973984705,44.634688210603024,0.0,0.0,1.0,0.0
396,396,1181.7971948493291,1.181797194849329,Sector 2,267.87506057264744,0.0,0,0.1,2883070.279349456,5564190.271716607,25.899060971303545,44.6346720426752,0.0,0.0,1.0,0.0
396,396,1181.7971948493291,1.181797194849329,Sector 2,267.87506057264744,0.0,1,0.25,2883068.479014895,5564190.628563642,25.89904479862302,44.634674323791515,0.0,0.0,1.0,0.0
396,396,1181.7971948493291,1.181797194849329,Sector 2,267.87506057264744,0.0,2,0.5,2883065.478457294,5564191.223308699,25.899017844155477,44.63467812565184,0.0,0.0,1.0,0.0
396,396,1181.7971948493291,1.181797194849329,Sector 2,267.87506057264744,0.0,3,0.75,2883062.477899693,5564191.818053757,25.89899088968794,44.63468192751191,0.0,0.0,1.0,0.0
396,396,1181.7971948493291,1.181797194849329,Sector 2,267.87506057264744,0.0,4,0.9,2883060.677565132,5564192.174900792,25.898974717007412,44.634684208627846,0.0,0.0,1.0,0.0
397,397,1184.797194848952,1.1847971948489522,Sector 2,267.875060589416,0.0,0,0.1,2883068.5398372174,5564189.605514818,25.899045344999237,44.634667784032956,0.0,0.0,1.0,0.0
397,397,1184.797194848952,1.1847971948489522,Sector 2,267.875060589416,0.0,1,0.25,2883066.747244033,5564189.969802268,25.89902924186068,44.63467011271171,0.0,0.0,1.0,0.0
397,397,1184.797194848952,1.1847971948489522,Sector 2,267.875060589416,0.0,2,0.5,2883063.759588726,5564190.576948017,25.899002403296418,44.634673993842746,0.0,0.0,1.0,0.0
397,397,1184.797194848952,1.1847971948489522,Sector 2,267.875060589416,0.0,3,0.75,2883060.7719334182,5564191.184093767,25.898975564732154,44.63467787497352,0.0,0.0,1.0,0.0
397,397,1184.797194848952,1.1847971948489522,Sector 2,267.875060589416,0.0,4,0.9,2883058.979340234,5564191.548381217,25.898959461593595,44.63468020365187,0.0,0.0,1.0,0.0
398,398,1187.7971948490406,1.187797194849041,Sector 2,267.87506058694163,0.0,0,0.1,2883066.8007492945,5564188.938168671,25.899029722506622,44.634663518075186,0.0,0.0,1.0,0.0
398,398,1187.7971948490406,1.187797194849041,Sector 2,267.87506058694163,0.0,1,0.25,2883065.0165339606,5564189.308180001,25.899013694627573,44.63466588334355,0.0,0.0,1.0,0.0
398,398,1187.7971948490406,1.187797194849041,Sector 2,267.87506058694163,0.0,2,0.5,2883062.042841737,5564189.924865549,25.898986981495828,44.63466982545729,0.0,0.0,1.0,0.0
398,398,1187.7971948490406,1.187797194849041,Sector 2,267.87506058694163,0.0,3,0.75,2883059.069149514,5564190.541551099,25.898960268364085,44.63467376757076,0.0,0.0,1.0,0.0
398,398,1187.7971948490406,1.187797194849041,Sector 2,267.87506058694163,0.0,4,0.9,2883057.28493418,5564190.911562429,25.898944240485037,44.63467613283871,0.0,0.0,1.0,0.0
399,399,1190.797194849129,1.190797194849129,Sector 2,267.87506056547494,0.0,0,0.1,2883065.062048062,5564188.26980069,25.89901410348771,44.634659245585105,0.0,0.0,1.0,0.0
399,399,1190.797194849129,1.190797194849129,Sector 2,267.87506056547494,0.0,1,0.25,2883063.2867906145,5564188.644003148,25.89899815607872,44.63466163764512,0.0,0.0,1.0,0.0
399,399,1190.797194849129,1.190797194849129,Sector 2,267.87506056547494,0.0,2,0.5,2883060.3280282016,5564189.2676739115,25.898971577063744,44.63466562441157,0.0,0.0,1.0,0.0
399,399,1190.797194849129,1.190797194849129,Sector 2,267.87506056547494,0.0,3,0.75,2883057.3692657887,5564189.891344674,25.89894499804877,44.63466961117775,0.0,0.0,1.0,0.0
399,399,1190.797194849129,1.190797194849129,Sector 2,267.87506056547494,0.0,4,0.9,2883055.594008341,5564190.265547132,25.898929050639783,44.63467200323732,0.0,0.0,1.0,0.0
400,400,1193.7971948492177,1.1937971948492174,Sector 2,267.87506054400825,0.0,0,0.1,2883063.3233635784,5564187.601388452,25.898998484619245,44.6346549728118,0.0,0.0,1.0,0.0
400,400,1193.7971948492177,1.1937971948492174,Sector 2,267.87506054400825,0.0,1,0.25,2883061.5570891397,5564187.97971565,25.898982617906004,44.63465739123906,0.0,0.0,1.0,0.0
400,400,1193.7971948492177,1.1937971948492174,Sector 2,267.87506054400825,0.0,2,0.5,2883058.613298408,5564188.610260982,25.89895617338393,44.63466142195095,0.0,0.0,1.0,0.0
400,400,1193.7971948492177,1.1937971948492174,Sector 2,267.87506054400825,0.0,3,0.75,2883055.6695076767,5564189.240806313,25.898929728861855,44.63466545266255,0.0,0.0,1.0,0.0
400,400,1193.7971948492177,1.1937971948492174,Sector 2,267.87506054400825,0.0,4,0.9,2883053.903233238,5564189.619133512,25.898913862148614,44.634667871089384,0.0,0.0,1.0,0.0
401,401,1196.797194849306,1.196797194849306,Sector 2,267.8750605695208,0.0,0,0.1,2883061.584679094,5564186.932976212,25.89898286575078,44.634650700038165,0.0,0.0,1.0,0.0
401,401,1196.797194849306,1.196797194849306,Sector 2,267.8750605695208,0.0,1,0.25,2883059.8273876645,5564187.315428153,25.898967079733282,44.634653144832704,0.0,0.0,1.0,0.0
401,401,1196.797194849306,1.196797194849306,Sector 2,267.8750605695208,0.0,2,0.5,2883056.898568615,5564187.952848053,25.898940769704115,44.63465721949003,0.0,0.0,1.0,0.0
401,401,1196.797194849306,1.196797194849306,Sector 2,267.8750605695208,0.0,3,0.75,2883053.9697495652,5564188.5902679525,25.898914459674945,44.63466129414707,0.0,0.0,1.0,0.0
401,401,1196.797194849306,1.196797194849306,Sector 2,267.8750605695208,0.0,4,0.9,2883052.2124581356,5564188.972719893,25.89889867365745,44.634663738941164,0.0,0.0,1.0,0.0
402,402,1199.797194848929,1.199797194848929,Sector 2,267.87506054855555,0.0,0,0.1,2883059.8459946113,5564186.264563973,25.89896724688233,44.63464642726422,0.0,0.0,1.0,0.0
402,402,1199.797194848929,1.199797194848929,Sector 2,267.87506054855555,0.0,1,0.25,2883058.09768619,5564186.651140654,25.898951541560567,44.634648898426036,0.0,0.0,1.0,0.0
402,402,1199.797194848929,1.199797194848929,Sector 2,267.87506054855555,0.0,2,0.5,2883055.1838388224,5564187.295435122,25.898925366024308,44.634653017028796,0.0,0.0,1.0,0.0
402,402,1199.797194848929,1.199797194848929,Sector 2,267.87506054855555,0.0,3,0.75,2883052.2699914547,5564187.93972959,25.898899190488045,44.63465713563128,0.0,0.0,1.0,0.0
402,402,1199.797194848929,1.199797194848929,Sector 2,267.87506054855555,0.0,4,0.9,2883050.5216830336,5564188.326306271,25.898883485166287,44.634659606792624,0.0,0.0,1.0,0.0
403,403,1202.797194849052,1.202797194849052,Sector 2,267.87506057456955,0.0,0,0.1,2883058.1073101275,5564185.596151734,25.89895162801387,44.63464215448997,0.0,0.0,1.0,0.0
403,403,1202.797194849052,1.202797194849052,Sector 2,267.87506057456955,0.0,1,0.25,2883056.3679847154,5564185.986853156,25.89893600338785,44.63464465201905,0.0,0.0,1.0,0.0
403,403,1202.797194849052,1.202797194849052,Sector 2,267.87506057456955,0.0,2,0.5,2883053.4691090295,5564186.638022192,25.898909962344494,44.634648814567264,0.0,0.0,1.0,0.0
403,403,1202.797194849052,1.202797194849052,Sector 2,267.87506057456955,0.0,3,0.75,2883050.570233343,5564187.289191227,25.898883921301138,44.63465297711518,0.0,0.0,1.0,0.0
403,403,1202.797194849052,1.202797194849052,Sector 2,267.87506057456955,0.0,4,0.9,2883048.8309079316,5564187.67989265,25.898868296675126,44.6346554746438,0.0,0.0,1.0,0.0
404,404,1205.7971948491404,1.2057971948491404,Sector 2,267.875060562599,0.0,0,0.1,2883056.368625643,5564184.927739495,25.898936009145405,44.634637881715406,0.0,0.0,1.0,0.0
404,404,1205.7971948491404,1.2057971948491404,Sector 2,267.875060562599,0.0,1,0.25,2883054.6382832406,5564185.322565658,25.898920465215134,44.634640405611755,0.0,0.0,1.0,0.0
404,404,1205.7971948491404,1.2057971948491404,Sector 2,267.875060562599,0.0,2,0.5,2883051.754379236,5564185.980609262,25.898894558664683,44.63464461210543,0.0,0.0,1.0,0.0
404,404,1205.7971948491404,1.2057971948491404,Sector 2,267.875060562599,0.0,3,0.75,2883048.8704752317,5564186.638652867,25.898868652114228,44.63464881859881,0.0,0.0,1.0,0.0
404,404,1205.7971948491404,1.2057971948491404,Sector 2,267.875060562599,0.0,4,0.9,2883047.140132829,5564187.033479029,25.89885310818396,44.634651342494685,0.0,0.0,1.0,0.0
405,405,1208.7971948492288,1.2087971948492289,Sector 2,267.8750605696207,0.0,0,0.1,2883054.62994116,5564184.259327256,25.898920390276945,44.63463360894052,0.0,0.0,1.0,0.0
405,405,1208.7971948492288,1.2087971948492289,Sector 2,267.8750605696207,0.0,1,0.25,2883052.908581766,5564184.65827816,25.898904927042416,44.63463615920415,0.0,0.0,1.0,0.0
405,405,1208.7971948492288,1.2087971948492289,Sector 2,267.8750605696207,0.0,2,0.5,2883050.039649443,5564185.323196333,25.89887915498487,44.634640409643296,0.0,0.0,1.0,0.0
405,405,1208.7971948492288,1.2087971948492289,Sector 2,267.8750605696207,0.0,3,0.75,2883047.17071712,5564185.988114505,25.898853382927324,44.634644660082124,0.0,0.0,1.0,0.0
405,405,1208.7971948492288,1.2087971948492289,Sector 2,267.8750605696207,0.0,4,0.9,2883045.449357726,5564186.387065409,25.89883791969279,44.63464721034527,0.0,0.0,1.0,0.0
406,406,1211.7971948493173,1.2117971948493174,Sector 2,267.8750606048801,0.0,0,0.1,2883052.891256676,5564183.590915017,25.898904771408485,44.63462933616531,0.0,0.0,1.0,0.0
406,406,1211.7971948493173,1.2117971948493174,Sector 2,267.8750606048801,0.0,1,0.25,2883051.1788802915,5564183.993990662,25.8988893888697,44.63463191279624,0.0,0.0,1.0,0.0
406,406,1211.7971948493173,1.2117971948493174,Sector 2,267.8750606048801,0.0,2,0.5,2883048.3249196503,5564184.6657834025,25.89886375130506,44.63463620718085,0.0,0.0,1.0,0.0
406,406,1211.7971948493173,1.2117971948493174,Sector 2,267.8750606048801,0.0,3,0.75,2883045.4709590087,5564185.337576143,25.898838113740414,44.634640501565144,0.0,0.0,1.0,0.0
406,406,1211.7971948493173,1.2117971948493174,Sector 2,267.8750606048801,0.0,4,0.9,2883043.758582624,5564185.740651788,25.89882273120163,44.634643078195566,0.0,0.0,1.0,0.0
407,407,1214.7971948489403,1.2147971948489402,Sector 2,267.8750605361835,0.0,0,0.1,2883051.1525721927,5564182.9225027785,25.89888915254003,44.634625063389805,0.0,0.0,1.0,0.0
407,407,1214.7971948489403,1.2147971948489402,Sector 2,267.8750605361835,0.0,1,0.25,2883049.4491788168,5564183.329703163,25.898873850696987,44.63462766638801,0.0,0.0,1.0,0.0
407,407,1214.7971948489403,1.2147971948489402,Sector 2,267.8750605361835,0.0,2,0.5,2883046.6101898574,5564184.008370472,25.898848347625247,44.6346320047181,0.0,0.0,1.0,0.0
407,407,1214.7971948489403,1.2147971948489402,Sector 2,267.8750605361835,0.0,3,0.75,2883043.771200898,5564184.687037782,25.89882284455351,44.63463634304786,0.0,0.0,1.0,0.0
407,407,1214.7971948489403,1.2147971948489402,Sector 2,267.8750605361835,0.0,4,0.9,2883042.067807522,5564185.094238167,25.89880754271047,44.63463894604556,0.0,0.0,1.0,0.0
408,408,1217.7971948490288,1.2177971948490287,Sector 2,267.87506058118976,0.0,0,0.1,2883049.413887709,5564182.254090539,25.89887353367157,44.63462079061397,0.0,0.0,1.0,0.0
408,408,1217.7971948490288,1.2177971948490287,Sector 2,267.87506058118976,0.0,1,0.25,2883047.719477342,5564182.665415666,25.898858312524265,44.634623419979484,0.0,0.0,1.0,0.0
408,408,1217.7971948490288,1.2177971948490287,Sector 2,267.87506058118976,0.0,2,0.5,2883044.895460064,5564183.350957543,25.898832943945433,44.63462780225505,0.0,0.0,1.0,0.0
408,408,1217.7971948490288,1.2177971948490287,Sector 2,267.87506058118976,0.0,3,0.75,2883042.071442786,5564184.03649942,25.8988075753666,44.63463218453028,0.0,0.0,1.0,0.0
408,408,1217.7971948490288,1.2177971948490287,Sector 2,267.87506058118976,0.0,4,0.9,2883040.377032419,5564184.447824547,25.898792354219296,44.63463481389528,0.0,0.0,1.0,0.0
409,409,1220.7971948491172,1.2207971948491172,Sector 2,267.8750605692192,0.0,0,0.1,2883047.675203225,5564181.5856783,25.89885791480311,44.63461651783783,0.0,0.0,1.0,0.0
409,409,1220.7971948491172,1.2207971948491172,Sector 2,267.8750605692192,0.0,1,0.25,2883045.989775867,5564182.001128167,25.89884277435155,44.63461917357062,0.0,0.0,1.0,0.0
409,409,1220.7971948491172,1.2207971948491172,Sector 2,267.8750605692192,0.0,2,0.5,2883043.180730271,5564182.693544613,25.89881754026562,44.634623599791695,0.0,0.0,1.0,0.0
409,409,1220.7971948491172,1.2207971948491172,Sector 2,267.8750605692192,0.0,3,0.75,2883040.371684675,5564183.385961059,25.898792306179697,44.634628026012415,0.0,0.0,1.0,0.0
409,409,1220.7971948491172,1.2207971948491172,Sector 2,267.8750605692192,0.0,4,0.9,2883038.686257317,5564183.801410926,25.898777165728134,44.63463068174469,0.0,0.0,1.0,0.0
410,410,1223.7971948492402,1.2237971948492403,Sector 2,267.8750605477525,0.0,0,0.1,2883045.9365187413,5564180.917266061,25.898842295934646,44.63461224506136,0.0,0.0,1.0,0.0
410,410,1223.7971948492402,1.2237971948492403,Sector 2,267.8750605477525,0.0,1,0.25,2883044.2600743924,5564181.336840669,25.898827236178832,44.634614927161465,0.0,0.0,1.0,0.0
410,410,1223.7971948492402,1.2237971948492403,Sector 2,267.8750605477525,0.0,2,0.5,2883041.466000478,5564182.036131684,25.898802136585807,44.63461939732804,0.0,0.0,1.0,0.0
410,410,1223.7971948492402,1.2237971948492403,Sector 2,267.8750605477525,0.0,3,0.75,2883038.671926563,5564182.735422698,25.898777036992783,44.63462386749425,0.0,0.0,1.0,0.0
410,410,1223.7971948492402,1.2237971948492403,Sector 2,267.8750605477525,0.0,4,0.9,2883036.9954822143,5564183.154997306,25.898761977236965,44.63462654959381,0.0,0.0,1.0,0.0
411,411,1226.797194849329,1.2267971948493286,Sector 2,267.8750605542728,0.0,0,0.1,2883044.197834257,5564180.248853823,25.898826677066182,44.634607972284606,0.0,0.0,1.0,0.0
411,411,1226.797194849329,1.2267971948493286,Sector 2,267.8750605542728,0.0,1,0.25,2883042.530372917,5564180.672553172,25.89881169800611,44.63461068075201,0.0,0.0,1.0,0.0
411,411,1226.797194849329,1.2267971948493286,Sector 2,267.8750605542728,0.0,2,0.5,2883039.7512706844,5564181.378718754,25.898786732905993,44.63461519486407,0.0,0.0,1.0,0.0
411,411,1226.797194849329,1.2267971948493286,Sector 2,267.8750605542728,0.0,3,0.75,2883036.9721684516,5564182.084884336,25.898761767805876,44.63461970897578,0.0,0.0,1.0,0.0
411,411,1226.797194849329,1.2267971948493286,Sector 2,267.8750605542728,0.0,4,0.9,2883035.304707112,5564182.508583685,25.8987467887458,44.634622417442635,0.0,0.0,1.0,0.0
412,412,1229.7971948489517,1.2297971948489517,Sector 2,267.8750605715428,0.0,0,0.1,2883042.4591497737,5564179.580441584,25.898811058197726,44.63460369950752,0.0,0.0,1.0,0.0
412,412,1229.7971948489517,1.2297971948489517,Sector 2,267.8750605715428,0.0,1,0.25,2883040.800671443,5564180.008265674,25.898796159833395,44.63460643434223,0.0,0.0,1.0,0.0
412,412,1229.7971948489517,1.2297971948489517,Sector 2,267.8750605715428,0.0,2,0.5,2883038.036540892,5564180.721305825,25.898771329226186,44.6346109923998,0.0,0.0,1.0,0.0
412,412,1229.7971948489517,1.2297971948489517,Sector 2,267.8750605715428,0.0,3,0.75,2883035.2724103406,5564181.434345975,25.89874649861897,44.634615550457006,0.0,0.0,1.0,0.0
412,412,1229.7971948489517,1.2297971948489517,Sector 2,267.8750605715428,0.0,4,0.9,2883033.61393201,5564181.862170065,25.898731600254642,44.63461828529116,0.0,0.0,1.0,0.0
413,413,1232.79719484904,1.2327971948490402,Sector 2,267.8750605783138,0.0,0,0.1,2883040.7204652904,5564178.912029344,25.89879543932927,44.634599426730105,0.0,0.0,1.0,0.0
413,413,1232.79719484904,1.2327971948490402,Sector 2,267.8750605783138,0.0,1,0.25,2883039.0709699686,5564179.343978175,25.898780621660684,44.63460218793213,0.0,0.0,1.0,0.0
413,413,1232.79719484904,1.2327971948490402,Sector 2,267.8750605783138,0.0,2,0.5,2883036.3218110986,5564180.0638928935,25.89875592554637,44.63460678993522,0.0,0.0,1.0,0.0
413,413,1232.79719484904,1.2327971948490402,Sector 2,267.8750605783138,0.0,3,0.75,2883033.572652229,5564180.783807613,25.89873122943206,44.634611391937945,0.0,0.0,1.0,0.0
413,413,1232.79719484904,1.2327971948490402,Sector 2,267.8750605783138,0.0,4,0.9,2883031.9231569073,5564181.215756444,25.898716411763473,44.634614153139395,0.0,0.0,1.0,0.0
414,414,1235.7971948491286,1.2357971948491286,Sector 2,267.87506054735104,0.0,0,0.1,2883038.981780806,5564178.243617105,25.898779820460806,44.634595153952404,0.0,0.0,1.0,0.0
414,414,1235.7971948491286,1.2357971948491286,Sector 2,267.87506054735104,0.0,1,0.25,2883037.341268494,5564178.679690678,25.898765083487966,44.63459794152174,0.0,0.0,1.0,0.0
414,414,1235.7971948491286,1.2357971948491286,Sector 2,267.87506054735104,0.0,2,0.5,2883034.6070813057,5564179.406479964,25.898740521866557,44.63460258747035,0.0,0.0,1.0,0.0
414,414,1235.7971948491286,1.2357971948491286,Sector 2,267.87506054735104,0.0,3,0.75,2883031.8728941176,5564180.13326925,25.898715960245152,44.63460723341858,0.0,0.0,1.0,0.0
414,414,1235.7971948491286,1.2357971948491286,Sector 2,267.87506054735104,0.0,4,0.9,2883030.2323818053,5564180.569342823,25.89870122327231,44.63461002098734,0.0,0.0,1.0,0.0
415,415,1238.797194849217,1.2387971948492171,Sector 2,267.8750605828611,0.0,0,0.1,2883037.2430963223,5564177.575204866,25.898764201592343,44.63459088117436,0.0,0.0,1.0,0.0
415,415,1238.797194849217,1.2387971948492171,Sector 2,267.8750605828611,0.0,1,0.25,2883035.6115670186,5564178.015403179,25.898749545315244,44.63459369511103,0.0,0.0,1.0,0.0
415,415,1238.797194849217,1.2387971948492171,Sector 2,267.8750605828611,0.0,2,0.5,2883032.892351513,5564178.749067035,25.898725118186746,44.63459838500516,0.0,0.0,1.0,0.0
415,415,1238.797194849217,1.2387971948492171,Sector 2,267.8750605828611,0.0,3,0.75,2883030.1731360066,5564179.482730889,25.89870069105825,44.63460307489891,0.0,0.0,1.0,0.0
415,415,1238.797194849217,1.2387971948492171,Sector 2,267.8750605828611,0.0,4,0.9,2883028.541606703,5564179.922929202,25.898686034781147,44.63460588883499,0.0,0.0,1.0,0.0
416,416,1241.7971948493057,1.2417971948493054,Sector 2,267.8750605606423,0.0,0,0.1,2883035.5044118385,5564176.906792628,25.898748582723886,44.63458660839603,0.0,0.0,1.0,0.0
416,416,1241.7971948493057,1.2417971948493054,Sector 2,267.8750605606423,0.0,1,0.25,2883033.881865544,5564177.351115681,25.898734007142526,44.63458944870001,0.0,0.0,1.0,0.0
416,416,1241.7971948493057,1.2417971948493054,Sector 2,267.8750605606423,0.0,2,0.5,2883031.1776217194,5564178.091654105,25.898709714506932,44.63459418253968,0.0,0.0,1.0,0.0
416,416,1241.7971948493057,1.2417971948493054,Sector 2,267.8750605606423,0.0,3,0.75,2883028.4733778946,5564178.832192529,25.898685421871335,44.63459891637896,0.0,0.0,1.0,0.0
416,416,1241.7971948493057,1.2417971948493054,Sector 2,267.8750605606423,0.0,4,0.9,2883026.8508316,5564179.276515583,25.898670846289978,44.63460175668234,0.0,0.0,1.0,0.0
417,417,1244.797194848963,1.2447971948489631,Sector 2,267.87506056841613,0.0,0,0.1,2883033.765727355,5564176.238380388,25.898732963855426,44.63458233561737,0.0,0.0,1.0,0.0
417,417,1244.797194848963,1.2447971948489631,Sector 2,267.87506056841613,0.0,1,0.25,2883032.1521640695,5564176.686828183,25.898718468969815,44.634585202288676,0.0,0.0,1.0,0.0
417,417,1244.797194848963,1.2447971948489631,Sector 2,267.87506056841613,0.0,2,0.5,2883029.4628919265,5564177.434241175,25.89869431082712,44.63458998007388,0.0,0.0,1.0,0.0
417,417,1244.797194848963,1.2447971948489631,Sector 2,267.87506056841613,0.0,3,0.75,2883026.7736197836,5564178.181654166,25.898670152684428,44.6345947578587,0.0,0.0,1.0,0.0
417,417,1244.797194848963,1.2447971948489631,Sector 2,267.87506056841613,0.0,4,0.9,2883025.160056498,5564178.630101961,25.898655657798816,44.6345976245294,0.0,0.0,1.0,0.0
418,418,1247.7971948490515,1.2477971948490514,Sector 2,267.8750605754379,0.0,0,0.1,2883032.0270428713,5564175.569968149,25.898717344986967,44.634578062838386,0.0,0.0,1.0,0.0
418,418,1247.7971948490515,1.2477971948490514,Sector 2,267.8750605754379,0.0,1,0.25,2883030.4224625947,5564176.022540685,25.898702930797096,44.634580955877034,0.0,0.0,1.0,0.0
418,418,1247.7971948490515,1.2477971948490514,Sector 2,267.8750605754379,0.0,2,0.5,2883027.7481621336,5564176.776828244,25.89867890714731,44.63458577760778,0.0,0.0,1.0,0.0
418,418,1247.7971948490515,1.2477971948490514,Sector 2,267.8750605754379,0.0,3,0.75,2883025.0738616725,5564177.531115805,25.898654883497528,44.634590599338146,0.0,0.0,1.0,0.0
418,418,1247.7971948490515,1.2477971948490514,Sector 2,267.8750605754379,0.0,4,0.9,2883023.469281396,5564177.9836883405,25.898640469307654,44.63459349237616,0.0,0.0,1.0,0.0
419,419,1250.79719484914,1.25079719484914,Sector 2,267.87506056346734,0.0,0,0.1,2883030.2883583875,5564174.901555911,25.898701726118503,44.6345737900591,0.0,0.0,1.0,0.0
419,419,1250.79719484914,1.25079719484914,Sector 2,267.87506056346734,0.0,1,0.25,2883028.6927611195,5564175.3582531875,25.898687392624375,44.63457670946508,0.0,0.0,1.0,0.0
419,419,1250.79719484914,1.25079719484914,Sector 2,267.87506056346734,0.0,2,0.5,2883026.0334323402,5564176.119415315,25.898663503467496,44.63458157514139,0.0,0.0,1.0,0.0
419,419,1250.79719484914,1.25079719484914,Sector 2,267.87506056346734,0.0,3,0.75,2883023.374103561,5564176.880577443,25.898639614310618,44.634586440817294,0.0,0.0,1.0,0.0
419,419,1250.79719484914,1.25079719484914,Sector 2,267.87506056346734,0.0,4,0.9,2883021.778506293,5564177.33727472,25.898625280816486,44.634589360222634,0.0,0.0,1.0,0.0
420,420,1253.7971948492284,1.2537971948492284,Sector 2,267.87506057048904,0.0,0,0.1,2883028.5496739037,5564174.2331436705,25.898686107250047,44.63456951727949,0.0,0.0,1.0,0.0
420,420,1253.7971948492284,1.2537971948492284,Sector 2,267.87506057048904,0.0,1,0.25,2883026.963059645,5564174.693965688,25.898671854451663,44.63457246305281,0.0,0.0,1.0,0.0
420,420,1253.7971948492284,1.2537971948492284,Sector 2,267.87506057048904,0.0,2,0.5,2883024.318702547,5564175.462002385,25.89864809978768,44.634577372674684,0.0,0.0,1.0,0.0
420,420,1253.7971948492284,1.2537971948492284,Sector 2,267.87506057048904,0.0,3,0.75,2883021.674345449,5564176.2300390825,25.898624345123707,44.63458228229614,0.0,0.0,1.0,0.0
420,420,1253.7971948492284,1.2537971948492284,Sector 2,267.87506057048904,0.0,4,0.9,2883020.0877311905,5564176.6908611,25.898610092325317,44.63458522806882,0.0,0.0,1.0,0.0
421,421,1256.7971948493168,1.2567971948493168,Sector 2,267.87506056801465,0.0,0,0.1,2883026.8109894204,5564173.564731431,25.898670488381587,44.63456524449957,0.0,0.0,1.0,0.0
421,421,1256.7971948493168,1.2567971948493168,Sector 2,267.87506056801465,0.0,1,0.25,2883025.2333581704,5564174.02967819,25.89865631627894,44.63456821664023,0.0,0.0,1.0,0.0
421,421,1256.7971948493168,1.2567971948493168,Sector 2,267.87506056801465,0.0,2,0.5,2883022.6039727544,5564174.804589455,25.898632696107875,44.63457317020767,0.0,0.0,1.0,0.0
421,421,1256.7971948493168,1.2567971948493168,Sector 2,267.87506056801465,0.0,3,0.75,2883019.974587338,5564175.57950072,25.8986090759368,44.63457812377469,0.0,0.0,1.0,0.0
421,421,1256.7971948493168,1.2567971948493168,Sector 2,267.87506056801465,0.0,4,0.9,2883018.396956088,5564176.044447479,25.898594903834155,44.6345810959147,0.0,0.0,1.0,0.0
422,422,1259.79719484894,1.25979719484894,Sector 2,267.8750605940286,0.0,0,0.1,2883025.072304936,5564172.896319194,25.898654869513123,44.634560971719345,0.0,0.0,1.0,0.0
422,422,1259.79719484894,1.25979719484894,Sector 2,267.8750605940286,0.0,1,0.25,2883023.5036566956,5564173.365390694,25.898640778106227,44.63456397022736,0.0,0.0,1.0,0.0
422,422,1259.79719484894,1.25979719484894,Sector 2,267.8750605940286,0.0,2,0.5,2883020.889242961,5564174.1471765265,25.898617292428057,44.634568967740364,0.0,0.0,1.0,0.0
422,422,1259.79719484894,1.25979719484894,Sector 2,267.8750605940286,0.0,3,0.75,2883018.2748292265,5564174.928962359,25.89859380674989,44.63457396525294,0.0,0.0,1.0,0.0
422,422,1259.79719484894,1.25979719484894,Sector 2,267.8750605940286,0.0,4,0.9,2883016.706180986,5564175.398033859,25.898579715342994,44.63457696376029,0.0,0.0,1.0,0.0
423,423,1262.7971948490283,1.2627971948490282,Sector 2,267.8750605440736,0.0,0,0.1,2883023.333620453,5564172.2279069545,25.89863925064467,44.634556698938795,0.0,0.0,1.0,0.0
423,423,1262.7971948490283,1.2627971948490282,Sector 2,267.8750605440736,0.0,1,0.25,2883021.7739552213,5564172.701103196,25.898625239933512,44.634559723814164,0.0,0.0,1.0,0.0
423,423,1262.7971948490283,1.2627971948490282,Sector 2,267.8750605440736,0.0,2,0.5,2883019.174513168,5564173.489763596,25.89860188874825,44.63456476527275,0.0,0.0,1.0,0.0
423,423,1262.7971948490283,1.2627971948490282,Sector 2,267.8750605440736,0.0,3,0.75,2883016.575071115,5564174.278423997,25.898578537562983,44.634569806730894,0.0,0.0,1.0,0.0
423,423,1262.7971948490283,1.2627971948490282,Sector 2,267.8750605440736,0.0,4,0.9,2883015.0154058835,5564174.751620238,25.898564526851825,44.63457283160558,0.0,0.0,1.0,0.0
424,424,1265.7971948491513,1.265797194849151,Sector 2,267.8750605700875,0.0,0,0.1,2883021.5949359694,5564171.559494715,25.89862363177621,44.63455242615793,0.0,0.0,1.0,0.0
424,424,1265.7971948491513,1.265797194849151,Sector 2,267.8750605700875,0.0,1,0.25,2883020.0442537465,5564172.036815696,25.898609701760794,44.63455547740065,0.0,0.0,1.0,0.0
424,424,1265.7971948491513,1.265797194849151,Sector 2,267.8750605700875,0.0,2,0.5,2883017.4597833753,5564172.832350666,25.898586485068435,44.63456056280482,0.0,0.0,1.0,0.0
424,424,1265.7971948491513,1.265797194849151,Sector 2,267.8750605700875,0.0,3,0.75,2883014.8753130035,5564173.627885636,25.898563268376073,44.63456564820855,0.0,0.0,1.0,0.0
424,424,1265.7971948491513,1.265797194849151,Sector 2,267.8750605700875,0.0,4,0.9,2883013.324630781,5564174.105206617,25.898549338360663,44.634568699450575,0.0,0.0,1.0,0.0
425,425,1268.7971948492398,1.2687971948492398,Sector 2,267.87506055811696,0.0,0,0.1,2883019.8562514856,5564170.891082475,25.89860801290775,44.63454815337674,0.0,0.0,1.0,0.0
425,425,1268.7971948492398,1.2687971948492398,Sector 2,267.87506055811696,0.0,1,0.25,2883018.3145522717,5564171.372528198,25.898594163588076,44.63455123098682,0.0,0.0,1.0,0.0
425,425,1268.7971948492398,1.2687971948492398,Sector 2,267.87506055811696,0.0,2,0.5,2883015.745053582,5564172.174937736,25.89857108138862,44.634556360336596,0.0,0.0,1.0,0.0
425,425,1268.7971948492398,1.2687971948492398,Sector 2,267.87506055811696,0.0,3,0.75,2883013.1755548925,5564172.977347273,25.89854799918917,44.63456148968591,0.0,0.0,1.0,0.0
425,425,1268.7971948492398,1.2687971948492398,Sector 2,267.87506055811696,0.0,4,0.9,2883011.6338556786,5564173.458792997,25.898534149869494,44.63456456729528,0.0,0.0,1.0,0.0
426,426,1271.7971948493282,1.2717971948493283,Sector 2,267.8750605741334,0.0,0,0.1,2883018.1175670014,5564170.222670237,25.898592394039287,44.63454388059526,0.0,0.0,1.0,0.0
426,426,1271.7971948493282,1.2717971948493283,Sector 2,267.8750605741334,0.0,1,0.25,2883016.5848507965,5564170.7082407,25.898578625415357,44.6345469845727,0.0,0.0,1.0,0.0
426,426,1271.7971948493282,1.2717971948493283,Sector 2,267.8750605741334,0.0,2,0.5,2883014.0303237885,5564171.517524807,25.898555677708806,44.634552157868065,0.0,0.0,1.0,0.0
426,426,1271.7971948493282,1.2717971948493283,Sector 2,267.8750605741334,0.0,3,0.75,2883011.475796781,5564172.326808913,25.89853273000226,44.634557331162966,0.0,0.0,1.0,0.0
426,426,1271.7971948493282,1.2717971948493283,Sector 2,267.8750605741334,0.0,4,0.9,2883009.943080576,5564172.812379376,25.89851896137833,44.6345604351397,0.0,0.0,1.0,0.0
427,427,1274.7971948489512,1.2747971948489512,Sector 2,267.8750605721604,0.0,0,0.1,2883016.378882518,5564169.554257998,25.89857677517083,44.63453960781346,0.0,0.0,1.0,0.0
427,427,1274.7971948489512,1.2747971948489512,Sector 2,267.8750605721604,0.0,1,0.25,2883014.855149322,5564170.043953203,25.898563087242643,44.63454273815826,0.0,0.0,1.0,0.0
427,427,1274.7971948489512,1.2747971948489512,Sector 2,267.8750605721604,0.0,2,0.5,2883012.315593996,5564170.860111877,25.898540274029,44.634547955399235,0.0,0.0,1.0,0.0
427,427,1274.7971948489512,1.2747971948489512,Sector 2,267.8750605721604,0.0,3,0.75,2883009.77603867,5564171.676270551,25.898517460815356,44.63455317263973,0.0,0.0,1.0,0.0
427,427,1274.7971948489512,1.2747971948489512,Sector 2,267.8750605721604,0.0,4,0.9,2883008.252305474,5564172.165965756,25.898503772887167,44.63455630298382,0.0,0.0,1.0,0.0
428,428,1277.7971948490397,1.2777971948490396,Sector 2,267.875060569686,0.0,0,0.1,2883014.6401980342,5564168.885845758,25.89856115630237,44.63453533503133,0.0,0.0,1.0,0.0
428,428,1277.7971948490397,1.2777971948490396,Sector 2,267.875060569686,0.0,1,0.25,2883013.125447848,5564169.3796657035,25.898547549069928,44.634538491743506,0.0,0.0,1.0,0.0
428,428,1277.7971948490397,1.2777971948490396,Sector 2,267.875060569686,0.0,2,0.5,2883010.600864203,5564170.202698946,25.89852487034919,44.634543752930085,0.0,0.0,1.0,0.0
428,428,1277.7971948490397,1.2777971948490396,Sector 2,267.875060569686,0.0,3,0.75,2883008.0762805585,5564171.025732188,25.89850219162845,44.63454901411619,0.0,0.0,1.0,0.0
428,428,1277.7971948490397,1.2777971948490396,Sector 2,267.875060569686,0.0,4,0.9,2883006.561530372,5564171.519552133,25.898488584396006,44.63455217082762,0.0,0.0,1.0,0.0
429,429,1280.797194849128,1.280797194849128,Sector 2,267.87506058620386,0.0,0,0.1,2883012.901513551,5564168.21743352,25.89854553743391,44.634531062248904,0.0,0.0,1.0,0.0
429,429,1280.797194849128,1.280797194849128,Sector 2,267.87506058620386,0.0,1,0.25,2883011.395746373,5564168.715378205,25.898532010897213,44.634534245328446,0.0,0.0,1.0,0.0
429,429,1280.797194849128,1.280797194849128,Sector 2,267.87506058620386,0.0,2,0.5,2883008.8861344103,5564169.545286017,25.898509466669374,44.634539550460644,0.0,0.0,1.0,0.0
429,429,1280.797194849128,1.280797194849128,Sector 2,267.87506058620386,0.0,3,0.75,2883006.3765224474,5564170.375193827,25.898486922441542,44.63454485559236,0.0,0.0,1.0,0.0
429,429,1280.797194849128,1.280797194849128,Sector 2,267.87506058620386,0.0,4,0.9,2883004.8707552697,5564170.873138513,25.89847339590484,44.634548038671156,0.0,0.0,1.0,0.0
430,430,1283.7971948492166,1.2837971948492166,Sector 2,267.8750605742333,0.0,0,0.1,2883011.1628290666,5564167.54902128,25.898529918565448,44.63452678946615,0.0,0.0,1.0,0.0
430,430,1283.7971948492166,1.2837971948492166,Sector 2,267.8750605742333,0.0,1,0.25,2883009.6660448983,5564168.051090708,25.89851647272449,44.63452999891308,0.0,0.0,1.0,0.0
430,430,1283.7971948492166,1.2837971948492166,Sector 2,267.8750605742333,0.0,2,0.5,2883007.171404617,5564168.887873087,25.898494062989563,44.634535347990905,0.0,0.0,1.0,0.0
430,430,1283.7971948492166,1.2837971948492166,Sector 2,267.8750605742333,0.0,3,0.75,2883004.6767643355,5564169.724655465,25.89847165325463,44.634540697068225,0.0,0.0,1.0,0.0
430,430,1283.7971948492166,1.2837971948492166,Sector 2,267.8750605742333,0.0,4,0.9,2883003.179980167,5564170.226724893,25.898458207413675,44.63454390651439,0.0,0.0,1.0,0.0
431,431,1286.797194849305,1.286797194849305,Sector 2,267.87506057150813,0.0,0,0.1,2883009.424144583,5564166.880609042,25.898514299696984,44.63452251668309,0.0,0.0,1.0,0.0
431,431,1286.797194849305,1.286797194849305,Sector 2,267.87506057150813,0.0,1,0.25,2883007.936343423,5564167.38680321,25.898500934551773,44.6345257524974,0.0,0.0,1.0,0.0
431,431,1286.797194849305,1.286797194849305,Sector 2,267.87506057150813,0.0,2,0.5,2883005.4566748235,5564168.230460158,25.89847865930975,44.63453114552085,0.0,0.0,1.0,0.0
431,431,1286.797194849305,1.286797194849305,Sector 2,267.87506057150813,0.0,3,0.75,2883002.977006224,5564169.0741171045,25.89845638406772,44.6345365385438,0.0,0.0,1.0,0.0
431,431,1286.797194849305,1.286797194849305,Sector 2,267.87506057150813,0.0,4,0.9,2883001.4892050643,5564169.580311272,25.898443018922507,44.63453977435733,0.0,0.0,1.0,0.0
432,432,1289.7971948489626,1.2897971948489626,Sector 2,267.87506055029223,0.0,0,0.1,2883007.6854600995,5564166.212196802,25.89849868082853,44.634518243899706,0.0,0.0,1.0,0.0
432,432,1289.7971948489626,1.2897971948489626,Sector 2,267.87506055029223,0.0,1,0.25,2883006.206641949,5564166.722515712,25.89848539637906,44.634521506081406,0.0,0.0,1.0,0.0
432,432,1289.7971948489626,1.2897971948489626,Sector 2,267.87506055029223,0.0,2,0.5,2883003.7419450306,5564167.573047227,25.898463255629935,44.634526943050496,0.0,0.0,1.0,0.0
432,432,1289.7971948489626,1.2897971948489626,Sector 2,267.87506055029223,0.0,3,0.75,2883001.2772481125,5564168.423578743,25.898441114880814,44.63453238001907,0.0,0.0,1.0,0.0
432,432,1289.7971948489626,1.2897971948489626,Sector 2,267.87506055029223,0.0,4,0.9,2882999.798429962,5564168.933897653,25.898427830431338,44.63453564219998,0.0,0.0,1.0,0.0
433,433,1292.797194849051,1.292797194849051,Sector 2,267.87506057630617,0.0,0,0.1,2883005.9467756157,5564165.543784563,25.898483061960068,44.634513971116014,0.0,0.0,1.0,0.0
433,433,1292.797194849051,1.292797194849051,Sector 2,267.87506057630617,0.0,1,0.25,2883004.476940474,5564166.058228213,25.89846985820634,44.63451725966509,0.0,0.0,1.0,0.0
433,433,1292.797194849051,1.292797194849051,Sector 2,267.87506057630617,0.0,2,0.5,2883002.0272152377,5564166.915634297,25.898447851950124,44.63452274057983,0.0,0.0,1.0,0.0
433,433,1292.797194849051,1.292797194849051,Sector 2,267.87506057630617,0.0,3,0.75,2882999.577490002,5564167.77304038,25.898425845693914,44.63452822149404,0.0,0.0,1.0,0.0
433,433,1292.797194849051,1.292797194849051,Sector 2,267.87506057630617,0.0,4,0.9,2882998.1076548602,5564168.28748403,25.898412641940183,44.634531510042315,0.0,0.0,1.0,0.0
434,434,1295.7971948491395,1.2957971948491396,Sector 2,267.87506055483954,0.0,0,0.1,2883004.208091132,5564164.875372325,25.898467443091608,44.63450969833201,0.0,0.0,1.0,0.0
434,434,1295.7971948491395,1.2957971948491396,Sector 2,267.87506055483954,0.0,1,0.25,2883002.747238999,5564165.393940716,25.898454320033622,44.634513013248494,0.0,0.0,1.0,0.0
434,434,1295.7971948491395,1.2957971948491396,Sector 2,267.87506055483954,0.0,2,0.5,2883000.3124854444,5564166.258221367,25.89843244827031,44.634518538108864,0.0,0.0,1.0,0.0
434,434,1295.7971948491395,1.2957971948491396,Sector 2,267.87506055483954,0.0,3,0.75,2882997.87773189,5564167.12250202,25.898410576507,44.63452406296872,0.0,0.0,1.0,0.0
434,434,1295.7971948491395,1.2957971948491396,Sector 2,267.87506055483954,0.0,4,0.9,2882996.4168797573,5564167.641070411,25.898397453449014,44.63452737788438,0.0,0.0,1.0,0.0
435,435,1298.797194849228,1.2987971948492278,Sector 2,267.8750605713574,0.0,0,0.1,2883002.4694066476,5564164.206960087,25.898451824223145,44.63450542554769,0.0,0.0,1.0,0.0
435,435,1298.797194849228,1.2987971948492278,Sector 2,267.8750605713574,0.0,1,0.25,2883001.017537524,5564164.729653219,25.898438781860904,44.63450876683157,0.0,0.0,1.0,0.0
435,435,1298.797194849228,1.2987971948492278,Sector 2,267.8750605713574,0.0,2,0.5,2882998.597755651,5564165.600808438,25.898417044590495,44.6345143356376,0.0,0.0,1.0,0.0
435,435,1298.797194849228,1.2987971948492278,Sector 2,267.8750605713574,0.0,3,0.75,2882996.1779737785,5564166.471963658,25.89839530732009,44.634519904443096,0.0,0.0,1.0,0.0
435,435,1298.797194849228,1.2987971948492278,Sector 2,267.8750605713574,0.0,4,0.9,2882994.726104655,5564166.99465679,25.89838226495785,44.63452324572614,0.0,0.0,1.0,0.0
436,436,1301.7971948493164,1.3017971948493163,Sector 3,267.87506054014386,0.0,0,0.1,2883000.7307221643,5564163.538547846,25.898436205354688,44.63450115276304,0.0,0.0,1.0,0.0
436,436,1301.7971948493164,1.3017971948493163,Sector 3,267.87506054014386,0.0,1,0.25,2882999.2878360497,5564164.065365719,25.898423243688185,44.63450452041432,0.0,0.0,1.0,0.0
436,436,1301.7971948493164,1.3017971948493163,Sector 3,267.87506054014386,0.0,2,0.5,2882996.8830258586,5564164.943395507,25.898401640910688,44.63451013316602,0.0,0.0,1.0,0.0
436,436,1301.7971948493164,1.3017971948493163,Sector 3,267.87506054014386,0.0,3,0.75,2882994.4782156674,5564165.821425295,25.898380038133187,44.63451574591718,0.0,0.0,1.0,0.0
436,436,1301.7971948493164,1.3017971948493163,Sector 3,267.87506054014386,0.0,4,0.9,2882993.035329553,5564166.348243168,25.898367076466688,44.6345191135676,0.0,0.0,1.0,0.0
437,437,1304.7971948489394,1.3047971948489394,Sector 3,267.8750605948969,0.0,0,0.1,2882998.992037681,5564162.870135607,25.898420586486232,44.63449687997809,0.0,0.0,1.0,0.0
437,437,1304.7971948489394,1.3047971948489394,Sector 3,267.8750605948969,0.0,1,0.25,2882997.558134575,5564163.401078222,25.89840770551547,44.634500273996785,0.0,0.0,1.0,0.0
437,437,1304.7971948489394,1.3047971948489394,Sector 3,267.8750605948969,0.0,2,0.5,2882995.168296065,5564164.285982579,25.898386237230874,44.634505930694154,0.0,0.0,1.0,0.0
437,437,1304.7971948489394,1.3047971948489394,Sector 3,267.8750605948969,0.0,3,0.75,2882992.7784575555,5564165.170886936,25.898364768946273,44.63451158739096,0.0,0.0,1.0,0.0
437,437,1304.7971948489394,1.3047971948489394,Sector 3,267.8750605948969,0.0,4,0.9,2882991.3445544494,5564165.701829551,25.898351887975515,44.6345149814088,0.0,0.0,1.0,0.0
438,438,1307.7971948490278,1.307797194849028,Sector 3,267.875060554438,0.0,0,0.1,2882997.2533531967,5564162.201723369,25.898404967617765,44.634492607192826,0.0,0.0,1.0,0.0
438,438,1307.7971948490278,1.307797194849028,Sector 3,267.875060554438,0.0,1,0.25,2882995.8284331,5564162.736790723,25.898392167342752,44.63449602757892,0.0,0.0,1.0,0.0
438,438,1307.7971948490278,1.307797194849028,Sector 3,267.875060554438,0.0,2,0.5,2882993.4535662723,5564163.628569648,25.89837083355106,44.634501728221956,0.0,0.0,1.0,0.0
438,438,1307.7971948490278,1.307797194849028,Sector 3,267.875060554438,0.0,3,0.75,2882991.0786994444,5564164.520348573,25.898349499759366,44.634507428864445,0.0,0.0,1.0,0.0
438,438,1307.7971948490278,1.307797194849028,Sector 3,267.875060554438,0.0,4,0.9,2882989.653779348,5564165.055415927,25.898336699484357,44.634510849249665,0.0,0.0,1.0,0.0
439,439,1310.7971948491509,1.3107971948491508,Sector 3,267.87506057095584,0.0,0,0.1,2882995.5146687133,5564161.53331113,25.898389348749312,44.634488334407244,0.0,0.0,1.0,0.0
439,439,1310.7971948491509,1.3107971948491508,Sector 3,267.87506057095584,0.0,1,0.25,2882994.098731626,5564162.072503226,25.898376629170038,44.634491781160754,0.0,0.0,1.0,0.0
439,439,1310.7971948491509,1.3107971948491508,Sector 3,267.87506057095584,0.0,2,0.5,2882991.7388364794,5564162.971156718,25.898355429871252,44.634497525749474,0.0,0.0,1.0,0.0
439,439,1310.7971948491509,1.3107971948491508,Sector 3,267.87506057095584,0.0,3,0.75,2882989.3789413334,5564163.869810211,25.898334230572466,44.63450327033763,0.0,0.0,1.0,0.0
439,439,1310.7971948491509,1.3107971948491508,Sector 3,267.87506057095584,0.0,4,0.9,2882987.963004246,5564164.409002307,25.898321510993195,44.63450671709025,0.0,0.0,1.0,0.0
440,440,1313.7971948492393,1.3137971948492393,Sector 3,267.87506057797754,0.0,0,0.1,2882993.7759842295,5564160.864898891,25.898373729880852,44.63448406162136,0.0,0.0,1.0,0.0
440,440,1313.7971948492393,1.3137971948492393,Sector 3,267.87506057797754,0.0,1,0.25,2882992.3690301506,5564161.408215728,25.898361090997316,44.63448753474228,0.0,0.0,1.0,0.0
440,440,1313.7971948492393,1.3137971948492393,Sector 3,267.87506057797754,0.0,2,0.5,2882990.024106686,5564162.313743789,25.898340026191434,44.634493323276686,0.0,0.0,1.0,0.0
440,440,1313.7971948492393,1.3137971948492393,Sector 3,267.87506057797754,0.0,3,0.75,2882987.679183222,5564163.21927185,25.898318961385556,44.63449911181052,0.0,0.0,1.0,0.0
440,440,1313.7971948492393,1.3137971948492393,Sector 3,267.87506057797754,0.0,4,0.9,2882986.272229143,5564163.762588686,25.898306322502027,44.63450258493054,0.0,0.0,1.0,0.0
441,441,1316.7971948493278,1.3167971948493278,Sector 3,267.87506055600943,0.0,0,0.1,2882992.0372997453,5564160.196486652,25.898358111012385,44.63447978883514,0.0,0.0,1.0,0.0
441,441,1316.7971948493278,1.3167971948493278,Sector 3,267.87506055600943,0.0,1,0.25,2882990.639328676,5564160.743928229,25.8983455528246,44.63448328832349,0.0,0.0,1.0,0.0
441,441,1316.7971948493278,1.3167971948493278,Sector 3,267.87506055600943,0.0,2,0.5,2882988.3093768926,5564161.656330859,25.89832462251162,44.63448912080359,0.0,0.0,1.0,0.0
441,441,1316.7971948493278,1.3167971948493278,Sector 3,267.87506055600943,0.0,3,0.75,2882985.97942511,5564162.568733489,25.898303692198642,44.63449495328312,0.0,0.0,1.0,0.0
441,441,1316.7971948493278,1.3167971948493278,Sector 3,267.87506055600943,0.0,4,0.9,2882984.5814540405,5564163.116175067,25.898291134010858,44.63449845277054,0.0,0.0,1.0,0.0
442,442,1319.7971948489508,1.3197971948489509,Sector 3,267.87506057302875,0.0,0,0.1,2882990.300718996,5564159.522662373,25.898342511042095,44.63447548145246,0.0,0.0,1.0,0.0
442,442,1319.7971948489508,1.3197971948489509,Sector 3,267.87506057302875,0.0,1,0.25,2882988.9113803133,5564160.075130699,25.89833003040036,44.63447901307427,0.0,0.0,1.0,0.0
442,442,1319.7971948489508,1.3197971948489509,Sector 3,267.87506057302875,0.0,2,0.5,2882986.595815841,5564160.995911241,25.898309229330792,44.63448489911011,0.0,0.0,1.0,0.0
442,442,1319.7971948489508,1.3197971948489509,Sector 3,267.87506057302875,0.0,3,0.75,2882984.2802513693,5564161.916691783,25.89828842826123,44.63449078514537,0.0,0.0,1.0,0.0
442,442,1319.7971948489508,1.3197971948489509,Sector 3,267.87506057302875,0.0,4,0.9,2882982.8909126865,5564162.469160108,25.89827594761949,44.63449431676623,0.0,0.0,1.0,0.0
443,443,1322.7971948490392,1.3227971948490391,Sector 3,267.87506058005044,0.0,0,0.1,2882988.5884501706,5564158.792907253,25.898327129469532,44.634470816534765,0.0,0.0,1.0,0.0
443,443,1322.7971948490392,1.3227971948490391,Sector 3,267.87506058005044,0.0,1,0.25,2882987.2036918867,5564159.359724132,25.898314689974217,44.63447443987915,0.0,0.0,1.0,0.0
443,443,1322.7971948490392,1.3227971948490391,Sector 3,267.87506058005044,0.0,2,0.5,2882984.895761414,5564160.304418933,25.898293957482036,44.63448047878597,0.0,0.0,1.0,0.0
443,443,1322.7971948490392,1.3227971948490391,Sector 3,267.87506058005044,0.0,3,0.75,2882982.587830941,5564161.249113732,25.89827322498985,44.634486517692146,0.0,0.0,1.0,0.0
443,443,1322.7971948490392,1.3227971948490391,Sector 3,267.87506058005044,0.0,4,0.9,2882981.2030726573,5564161.815930611,25.89826078549454,44.634490141035556,0.0,0.0,1.0,0.0
444,444,1325.7971948491277,1.3257971948491276,Sector 3,267.8750605585837,0.0,0,0.1,2882986.9082781384,5564157.99016368,25.898312036227363,44.63446568504214,0.0,0.0,1.0,0.0
444,444,1325.7971948491277,1.3257971948491276,Sector 3,267.8750605585837,0.0,1,0.25,2882985.5227507884,5564158.583493857,25.898299589823413,44.63446947787159,0.0,0.0,1.0,0.0
444,444,1325.7971948491277,1.3257971948491276,Sector 3,267.8750605585837,0.0,2,0.5,2882983.2135385387,5564159.572377483,25.898278845816833,44.63447579925344,0.0,0.0,1.0,0.0
444,444,1325.7971948491277,1.3257971948491276,Sector 3,267.8750605585837,0.0,3,0.75,2882980.9043262885,5564160.56126111,25.898258101810246,44.63448212063461,0.0,0.0,1.0,0.0
444,444,1325.7971948491277,1.3257971948491276,Sector 3,267.8750605585837,0.0,4,0.9,2882979.5187989385,5564161.154591287,25.898245655406296,44.63448591346298,0.0,0.0,1.0,0.0
445,445,1328.797194849216,1.328797194849216,Sector 3,267.8750605656055,0.0,0,0.1,2882985.228106106,5564157.1874201065,25.8982969429852,44.634460553549054,0.0,0.0,1.0,0.0
445,445,1328.797194849216,1.328797194849216,Sector 3,267.8750605656055,0.0,1,0.25,2882983.84180969,5564157.807263579,25.898284489672612,44.63446451586358,0.0,0.0,1.0,0.0
445,445,1328.797194849216,1.328797194849216,Sector 3,267.8750605656055,0.0,2,0.5,2882981.531315663,5564158.840336034,25.898263734151627,44.63447111972053,0.0,0.0,1.0,0.0
445,445,1328.797194849216,1.328797194849216,Sector 3,267.8750605656055,0.0,3,0.75,2882979.220821636,5564159.873408489,25.89824297863064,44.63447772357674,0.0,0.0,1.0,0.0
445,445,1328.797194849216,1.328797194849216,Sector 3,267.8750605656055,0.0,4,0.9,2882977.8345252196,5564160.493251962,25.898230525318056,44.634481685890094,0.0,0.0,1.0,0.0
446,446,1331.7971948493391,1.3317971948493392,Sector 3,267.87506057237647,0.0,0,0.1,2882983.547934074,5564156.384676534,25.898281849743036,44.63445542205552,0.0,0.0,1.0,0.0
446,446,1331.7971948493391,1.3317971948493392,Sector 3,267.87506057237647,0.0,1,0.25,2882982.1608685916,5564157.031033304,25.898269389521804,44.634459553855166,0.0,0.0,1.0,0.0
446,446,1331.7971948493391,1.3317971948493392,Sector 3,267.87506057237647,0.0,2,0.5,2882979.849092787,5564158.108294586,25.89824862248642,44.63446644018727,0.0,0.0,1.0,0.0
446,446,1331.7971948493391,1.3317971948493392,Sector 3,267.87506057237647,0.0,3,0.75,2882977.537316983,5564159.185555868,25.898227855451037,44.63447332651854,0.0,0.0,1.0,0.0
446,446,1331.7971948493391,1.3317971948493392,Sector 3,267.87506057237647,0.0,4,0.9,2882976.150251501,5564159.831912638,25.89821539522981,44.634477458316915,0.0,0.0,1.0,0.0
447,447,1334.797194848962,1.334797194848962,Sector 3,267.87506056065666,0.0,0,0.1,2882981.858246126,5564155.60921805,25.898266671017947,44.63445046497996,0.0,0.0,1.0,0.0
447,447,1334.797194848962,1.334797194848962,Sector 3,267.87506056065666,0.0,1,0.25,2882980.470593014,5564156.282021381,25.898254205517947,44.63445476583814,0.0,0.0,1.0,0.0
447,447,1334.797194848962,1.334797194848962,Sector 3,267.87506056065666,0.0,2,0.5,2882978.157837826,5564157.403360268,25.89823342968461,44.63446193393442,0.0,0.0,1.0,0.0
447,447,1334.797194848962,1.334797194848962,Sector 3,267.87506056065666,0.0,3,0.75,2882975.8450826383,5564158.524699155,25.898212653851274,44.634469102029804,0.0,0.0,1.0,0.0
447,447,1334.797194848962,1.334797194848962,Sector 3,267.87506056065666,0.0,4,0.9,2882974.457429526,5564159.197502486,25.89820018835128,44.63447340288661,0.0,0.0,1.0,0.0
448,448,1337.7971948490506,1.3377971948490506,Sector 3,267.8750605676784,0.0,0,0.1,2882980.0423929556,5564155.1948980745,25.898250358931378,44.634447816462206,0.0,0.0,1.0,0.0
448,448,1337.7971948490506,1.3377971948490506,Sector 3,267.8750605676784,0.0,1,0.25,2882978.6651005484,5564155.868111752,25.898237986503176,44.63445211994371,0.0,0.0,1.0,0.0
448,448,1337.7971948490506,1.3377971948490506,Sector 3,267.8750605676784,0.0,2,0.5,2882976.369613203,5564156.990134548,25.89821736578951,44.63445929241217,0.0,0.0,1.0,0.0
448,448,1337.7971948490506,1.3377971948490506,Sector 3,267.8750605676784,0.0,3,0.75,2882974.0741258576,5564158.112157345,25.89819674507584,44.63446646487973,0.0,0.0,1.0,0.0
448,448,1337.7971948490506,1.3377971948490506,Sector 3,267.8750605676784,0.0,4,0.9,2882972.6968334503,5564158.785371022,25.898184372647638,44.63447076835984,0.0,0.0,1.0,0.0
449,449,1340.797194849139,1.340797194849139,Sector 3,267.875060565204,0.0,0,0.1,2882978.2025277205,5564154.913532585,25.898233831140764,44.63444601784866,0.0,0.0,1.0,0.0
449,449,1340.797194849139,1.340797194849139,Sector 3,267.875060565204,0.0,1,0.25,2882976.8314313632,5564155.624329528,25.898221514372626,44.63445056157925,0.0,0.0,1.0,0.0
449,449,1340.797194849139,1.340797194849139,Sector 3,267.875060565204,0.0,2,0.5,2882974.546270768,5564156.808991098,25.89820098642573,44.63445813446277,0.0,0.0,1.0,0.0
449,449,1340.797194849139,1.340797194849139,Sector 3,267.875060565204,0.0,3,0.75,2882972.261110173,5564157.993652668,25.898180458478844,44.63446570734529,0.0,0.0,1.0,0.0
449,449,1340.797194849139,1.340797194849139,Sector 3,267.875060565204,0.0,4,0.9,2882970.890013816,5564158.704449611,25.898168141710705,44.63447025107433,0.0,0.0,1.0,0.0
450,450,1343.7971948492277,1.3437971948492275,Sector 3,267.87506057222566,0.0,0,0.1,2882976.3624610133,5564154.63319338,25.898217301540296,44.63444422579553,0.0,0.0,1.0,0.0
450,450,1343.7971948492277,1.3437971948492275,Sector 3,267.87506057222566,0.0,1,0.25,2882974.997594285,5564155.381402539,25.898205040733867,44.6344490086818,0.0,0.0,1.0,0.0
450,450,1343.7971948492277,1.3437971948492275,Sector 3,267.87506057222566,0.0,2,0.5,2882972.722816405,5564156.628417806,25.898184606056493,44.63445698015805,0.0,0.0,1.0,0.0
450,450,1343.7971948492277,1.3437971948492275,Sector 3,267.87506057222566,0.0,3,0.75,2882970.4480385245,5564157.875433072,25.89816417137911,44.63446495163321,0.0,0.0,1.0,0.0
450,450,1343.7971948492277,1.3437971948492275,Sector 3,267.87506057222566,0.0,4,0.9,2882969.083171796,5564158.623642231,25.898151910572683,44.63446973451778,0.0,0.0,1.0,0.0
451,451,1346.797194849316,1.346797194849316,Sector 3,267.8750605600044,0.0,0,0.1,2882974.5223943056,5564154.352854175,25.89820077193982,44.634442433742336,0.0,0.0,1.0,0.0
451,451,1346.797194849316,1.346797194849316,Sector 3,267.8750605600044,0.0,1,0.25,2882973.163757206,5564155.138475551,25.8981885670951,44.63444745578431,0.0,0.0,1.0,0.0
451,451,1346.797194849316,1.346797194849316,Sector 3,267.8750605600044,0.0,2,0.5,2882970.8993620407,5564156.447844513,25.898168225687236,44.634455825853316,0.0,0.0,1.0,0.0
451,451,1346.797194849316,1.346797194849316,Sector 3,267.8750605600044,0.0,3,0.75,2882968.6349668754,5564157.757213475,25.898147884279375,44.63446419592111,0.0,0.0,1.0,0.0
451,451,1346.797194849316,1.346797194849316,Sector 3,267.8750605600044,0.0,4,0.9,2882967.276329776,5564158.542834852,25.898135679434652,44.63446921796121,0.0,0.0,1.0,0.0
452,452,1349.797194848939,1.349797194848939,Sector 3,267.8750605672768,0.0,0,0.1,2882972.6823275983,5564154.07251497,25.89818424233935,44.63444064168909,0.0,0.0,1.0,0.0
452,452,1349.797194848939,1.349797194848939,Sector 3,267.8750605672768,0.0,1,0.25,2882971.329920128,5564154.895548564,25.898172093456342,44.63444590288679,0.0,0.0,1.0,0.0
452,452,1349.797194848939,1.349797194848939,Sector 3,267.8750605672768,0.0,2,0.5,2882969.075907677,5564156.267271222,25.89815184531799,44.63445467154857,0.0,0.0,1.0,0.0
452,452,1349.797194848939,1.349797194848939,Sector 3,267.8750605672768,0.0,3,0.75,2882966.821895226,5564157.638993879,25.898131597179635,44.63446344020901,0.0,0.0,1.0,0.0
452,452,1349.797194848939,1.349797194848939,Sector 3,267.8750605672768,0.0,4,0.9,2882965.4694877556,5564158.462027473,25.898119448296626,44.63446870140465,0.0,0.0,1.0,0.0
453,453,1352.797194849062,1.352797194849062,Sector 3,267.8750605742986,0.0,0,0.1,2882970.8422608906,5564153.792175764,25.89816771273888,44.634438849635785,0.0,0.0,1.0,0.0
453,453,1352.797194849062,1.352797194849062,Sector 3,267.8750605742986,0.0,1,0.25,2882969.496083049,5564154.652621577,25.898155619817576,44.63444434998922,0.0,0.0,1.0,0.0
453,453,1352.797194849062,1.352797194849062,Sector 3,267.8750605742986,0.0,2,0.5,2882967.252453313,5564156.086697929,25.89813546494874,44.63445351724378,0.0,0.0,1.0,0.0
453,453,1352.797194849062,1.352797194849062,Sector 3,267.8750605742986,0.0,3,0.75,2882965.0088235773,5564157.520774281,25.898115310079902,44.634462684496896,0.0,0.0,1.0,0.0
453,453,1352.797194849062,1.352797194849062,Sector 3,267.8750605742986,0.0,4,0.9,2882963.662645736,5564158.381220093,25.898103217158603,44.63446818484807,0.0,0.0,1.0,0.0
454,454,1355.7971948491504,1.3557971948491505,Sector 3,267.8750605718242,0.0,0,0.1,2882969.002194183,5564153.5118365595,25.898151183138406,44.63443705758243,0.0,0.0,1.0,0.0
454,454,1355.7971948491504,1.3557971948491505,Sector 3,267.8750605718242,0.0,1,0.25,2882967.66224597,5564154.409694588,25.89813914617881,44.6344427970916,0.0,0.0,1.0,0.0
454,454,1355.7971948491504,1.3557971948491505,Sector 3,267.8750605718242,0.0,2,0.5,2882965.428998949,5564155.9061246365,25.898119084579488,44.63445236293898,0.0,0.0,1.0,0.0
454,454,1355.7971948491504,1.3557971948491505,Sector 3,267.8750605718242,0.0,3,0.75,2882963.1957519283,5564157.402554684,25.89809902298017,44.634461928784766,0.0,0.0,1.0,0.0
454,454,1355.7971948491504,1.3557971948491505,Sector 3,267.8750605718242,0.0,4,0.9,2882961.8558037155,5564158.300412713,25.898086986020576,44.634467668291485,0.0,0.0,1.0,0.0
455,455,1358.7971948492388,1.3587971948492388,Sector 3,267.8750605693497,0.0,0,0.1,2882967.1621274757,5564153.231497354,25.898134653537934,44.634435265529014,0.0,0.0,1.0,0.0
455,455,1358.7971948492388,1.3587971948492388,Sector 3,267.8750605693497,0.0,1,0.25,2882965.828408892,5564154.1667676,25.89812267254005,44.63444124419395,0.0,0.0,1.0,0.0
455,455,1358.7971948492388,1.3587971948492388,Sector 3,267.8750605693497,0.0,2,0.5,2882963.6055445857,5564155.725551343,25.898102704210245,44.63445120863414,0.0,0.0,1.0,0.0
455,455,1358.7971948492388,1.3587971948492388,Sector 3,267.8750605693497,0.0,3,0.75,2882961.382680279,5564157.284335086,25.898082735880433,44.63446117307262,0.0,0.0,1.0,0.0
455,455,1358.7971948492388,1.3587971948492388,Sector 3,267.8750605693497,0.0,4,0.9,2882960.0489616953,5564158.219605332,25.898070754882546,44.63446715173489,0.0,0.0,1.0,0.0
456,456,1361.7971948493273,1.3617971948493273,Sector 3,267.8750605853661,0.0,0,0.1,2882965.322060768,5564152.951158148,25.89811812393746,44.634433473475546,0.0,0.0,1.0,0.0
456,456,1361.7971948493273,1.3617971948493273,Sector 3,267.8750605853661,0.0,1,0.25,2882963.9945718134,5564153.923840612,25.89810619890129,44.63443969129626,0.0,0.0,1.0,0.0
456,456,1361.7971948493273,1.3617971948493273,Sector 3,267.8750605853661,0.0,2,0.5,2882961.7820902215,5564155.5449780505,25.898086323840992,44.634450054329285,0.0,0.0,1.0,0.0
456,456,1361.7971948493273,1.3617971948493273,Sector 3,267.8750605853661,0.0,3,0.75,2882959.5696086297,5564157.166115489,25.898066448780693,44.63446041736048,0.0,0.0,1.0,0.0
456,456,1361.7971948493273,1.3617971948493273,Sector 3,267.8750605853661,0.0,4,0.9,2882958.242119675,5564158.138797953,25.89805452374452,44.634466635178306,0.0,0.0,1.0,0.0
457,457,1364.7971948489503,1.3647971948489503,Sector 3,267.87506057389703,0.0,0,0.1,2882963.475170499,5564152.743999696,25.8981015330399,44.63443214922611,0.0,0.0,1.0,0.0
457,457,1364.7971948489503,1.3647971948489503,Sector 3,267.87506057389703,0.0,1,0.25,2882962.155048433,5564153.741897585,25.89808967418161,44.634438528235215,0.0,0.0,1.0,0.0
457,457,1364.7971948489503,1.3647971948489503,Sector 3,267.87506057389703,0.0,2,0.5,2882959.9548449903,5564155.405060733,25.8980699094178,44.63444915991551,0.0,0.0,1.0,0.0
457,457,1364.7971948489503,1.3647971948489503,Sector 3,267.87506057389703,0.0,3,0.75,2882957.7546415473,5564157.06822388,25.89805014465399,44.63445979159384,0.0,0.0,1.0,0.0
457,457,1364.7971948489503,1.3647971948489503,Sector 3,267.87506057389703,0.0,4,0.9,2882956.4345194814,5564158.066121768,25.898038285795703,44.634466170599914,0.0,0.0,1.0,0.0
458,458,1367.7971948490388,1.3677971948490388,Sector 3,267.87506053343816,0.0,0,0.1,2882961.612845554,5564152.706425334,25.898084803490274,44.63443190903399,0.0,0.0,1.0,0.0
458,458,1367.7971948490388,1.3677971948490388,Sector 3,267.87506053343816,0.0,1,0.25,2882960.3026628233,5564153.701274633,25.898073033918553,44.63443826855517,0.0,0.0,1.0,0.0
458,458,1367.7971948490388,1.3677971948490388,Sector 3,267.87506053343816,0.0,2,0.5,2882958.119024939,5564155.359356797,25.898053417965688,44.6344488677556,0.0,0.0,1.0,0.0
458,458,1367.7971948490388,1.3677971948490388,Sector 3,267.87506053343816,0.0,3,0.75,2882955.9353870545,5564157.017438961,25.898033802012822,44.63445946695409,0.0,0.0,1.0,0.0
458,458,1367.7971948490388,1.3677971948490388,Sector 3,267.87506053343816,0.0,4,0.9,2882954.625204324,5564158.01228826,25.898022032441105,44.63446582647226,0.0,0.0,1.0,0.0
459,459,1370.7971948491272,1.370797194849127,Sector 3,267.8750606069327,0.0,0,0.1,2882959.7502599033,5564152.685735389,25.898068071598697,44.634431776774605,0.0,0.0,1.0,0.0
459,459,1370.7971948491272,1.370797194849127,Sector 3,267.8750606069327,0.0,1,0.25,2882958.4500599587,5564153.674722028,25.89805639170387,44.634438098819075,0.0,0.0,1.0,0.0
459,459,1370.7971948491272,1.370797194849127,Sector 3,267.8750606069327,0.0,2,0.5,2882956.283060051,5564155.323033093,25.89803692521249,44.63444863555831,0.0,0.0,1.0,0.0
459,459,1370.7971948491272,1.370797194849127,Sector 3,267.8750606069327,0.0,3,0.75,2882954.1160601433,5564156.971344158,25.898017458721114,44.634459172295635,0.0,0.0,1.0,0.0
459,459,1370.7971948491272,1.370797194849127,Sector 3,267.8750606069327,0.0,4,0.9,2882952.815860199,5564157.960330797,25.89800577882629,44.63446549433712,0.0,0.0,1.0,0.0
460,460,1373.7971948492157,1.3737971948492156,Sector 3,267.8750605284893,0.0,0,0.1,2882957.8876742525,5564152.665045445,25.898051339707116,44.63443164451523,0.0,0.0,1.0,0.0
460,460,1373.7971948492157,1.3737971948492156,Sector 3,267.8750605284893,0.0,1,0.25,2882956.597457094,5564153.648169424,25.898039749489183,44.63443792908297,0.0,0.0,1.0,0.0
460,460,1373.7971948492157,1.3737971948492156,Sector 3,267.8750605284893,0.0,2,0.5,2882954.447095163,5564155.286709391,25.89802043245929,44.63444840336103,0.0,0.0,1.0,0.0
460,460,1373.7971948492157,1.3737971948492156,Sector 3,267.8750605284893,0.0,3,0.75,2882952.296733232,5564156.925249357,25.898001115429405,44.6344588776372,0.0,0.0,1.0,0.0
460,460,1373.7971948492157,1.3737971948492156,Sector 3,267.8750605284893,0.0,4,0.9,2882951.006516074,5564157.908373336,25.89798952521147,44.634465162201984,0.0,0.0,1.0,0.0
461,461,1376.797194849339,1.3767971948493387,Sector 3,267.8750605729941,0.0,0,0.1,2882956.025088602,5564152.6443555,25.898034607815536,44.63443151225586,0.0,0.0,1.0,0.0
461,461,1376.797194849339,1.3767971948493387,Sector 3,267.8750605729941,0.0,1,0.25,2882954.7448542295,5564153.62161682,25.898023107274494,44.634437759346866,0.0,0.0,1.0,0.0
461,461,1376.797194849339,1.3767971948493387,Sector 3,267.8750605729941,0.0,2,0.5,2882952.6111302758,5564155.250385687,25.898003939706097,44.63444817116374,0.0,0.0,1.0,0.0
461,461,1376.797194849339,1.3767971948493387,Sector 3,267.8750605729941,0.0,3,0.75,2882950.4774063216,5564156.879154554,25.897984772137693,44.634458582978745,0.0,0.0,1.0,0.0
461,461,1376.797194849339,1.3767971948493387,Sector 3,267.8750605729941,0.0,4,0.9,2882949.197171949,5564157.856415873,25.89797327159665,44.63446483006685,0.0,0.0,1.0,0.0
462,462,1379.7971948489617,1.3797971948489616,Sector 3,267.8750605710211,0.0,0,0.1,2882954.1625029515,5564152.623665555,25.89801787592396,44.63443137999648,0.0,0.0,1.0,0.0
462,462,1379.7971948489617,1.3797971948489616,Sector 3,267.8750605710211,0.0,1,0.25,2882952.892251365,5564153.595064215,25.898006465059808,44.63443758961077,0.0,0.0,1.0,0.0
462,462,1379.7971948489617,1.3797971948489616,Sector 3,267.8750605710211,0.0,2,0.5,2882950.7751653874,5564155.214061984,25.897987446952893,44.63444793896645,0.0,0.0,1.0,0.0
462,462,1379.7971948489617,1.3797971948489616,Sector 3,267.8750605710211,0.0,3,0.75,2882948.6580794104,5564156.833059752,25.897968428845985,44.6344582883203,0.0,0.0,1.0,0.0
462,462,1379.7971948489617,1.3797971948489616,Sector 3,267.8750605710211,0.0,4,0.9,2882947.387827824,5564157.804458412,25.897957017981838,44.63446449793171,0.0,0.0,1.0,0.0
463,463,1382.79719484905,1.38279719484905,Sector 3,267.87506058753894,0.0,0,0.1,2882952.2999173007,5564152.602975611,25.898001144032378,44.6344312477371,0.0,0.0,1.0,0.0
463,463,1382.79719484905,1.38279719484905,Sector 3,267.87506058753894,0.0,1,0.25,2882951.0396485003,5564153.568511613,25.897989822845123,44.63443741987468,0.0,0.0,1.0,0.0
463,463,1382.79719484905,1.38279719484905,Sector 3,267.87506058753894,0.0,2,0.5,2882948.9392005,5564155.177738281,25.8979709541997,44.63444770676917,0.0,0.0,1.0,0.0
463,463,1382.79719484905,1.38279719484905,Sector 3,267.87506058753894,0.0,3,0.75,2882946.8387524993,5564156.786964949,25.897952085554277,44.63445799366184,0.0,0.0,1.0,0.0
463,463,1382.79719484905,1.38279719484905,Sector 3,267.87506058753894,0.0,4,0.9,2882945.578483699,5564157.752500951,25.897940764367018,44.634464165796565,0.0,0.0,1.0,0.0
464,464,1385.7971948491386,1.3857971948491383,Sector 3,267.87506055657616,0.0,0,0.1,2882950.43733165,5564152.582285666,25.897984412140797,44.634431115477724,0.0,0.0,1.0,0.0
464,464,1385.7971948491386,1.3857971948491383,Sector 3,267.87506055657616,0.0,1,0.25,2882949.1870456357,5564153.541959008,25.897973180630434,44.63443725013857,0.0,0.0,1.0,0.0
464,464,1385.7971948491386,1.3857971948491383,Sector 3,267.87506055657616,0.0,2,0.5,2882947.103235612,5564155.141414578,25.897954461446503,44.63444747457188,0.0,0.0,1.0,0.0
464,464,1385.7971948491386,1.3857971948491383,Sector 3,267.87506055657616,0.0,3,0.75,2882945.0194255887,5564156.740870148,25.89793574226257,44.63445769900339,0.0,0.0,1.0,0.0
464,464,1385.7971948491386,1.3857971948491383,Sector 3,267.87506055657616,0.0,4,0.9,2882943.7691395744,5564157.70054349,25.897924510752205,44.634463833661435,0.0,0.0,1.0,0.0
465,465,1388.797194849227,1.388797194849227,Sector 3,267.875060573094,0.0,0,0.1,2882948.5747459996,5564152.561595721,25.89796768024922,44.63443098321834,0.0,0.0,1.0,0.0
465,465,1388.797194849227,1.388797194849227,Sector 3,267.875060573094,0.0,1,0.25,2882947.334442771,5564153.515406404,25.897956538415748,44.63443708040246,0.0,0.0,1.0,0.0
465,465,1388.797194849227,1.388797194849227,Sector 3,267.875060573094,0.0,2,0.5,2882945.2672707243,5564155.105090873,25.897937968693302,44.634447242374584,0.0,0.0,1.0,0.0
465,465,1388.797194849227,1.388797194849227,Sector 3,267.875060573094,0.0,3,0.75,2882943.2000986775,5564156.694775344,25.897919398970856,44.63445740434492,0.0,0.0,1.0,0.0
465,465,1388.797194849227,1.388797194849227,Sector 3,267.875060573094,0.0,4,0.9,2882941.959795449,5564157.648586026,25.897908257137384,44.63446350152627,0.0,0.0,1.0,0.0
466,466,1391.7971948493157,1.3917971948493155,Sector 3,267.8750605513766,0.0,0,0.1,2882946.712160349,5564152.540905777,25.89795094835764,44.634430850958964,0.0,0.0,1.0,0.0
466,466,1391.7971948493157,1.3917971948493155,Sector 3,267.8750605513766,0.0,1,0.25,2882945.4818399064,5564153.4888538,25.89793989620106,44.634436910666366,0.0,0.0,1.0,0.0
466,466,1391.7971948493157,1.3917971948493155,Sector 3,267.8750605513766,0.0,2,0.5,2882943.4313058364,5564155.068767171,25.897921475940105,44.6344470101773,0.0,0.0,1.0,0.0
466,466,1391.7971948493157,1.3917971948493155,Sector 3,267.8750605513766,0.0,3,0.75,2882941.3807717664,5564156.648680542,25.897903055679148,44.634457109686466,0.0,0.0,1.0,0.0
466,466,1391.7971948493157,1.3917971948493155,Sector 3,267.8750605513766,0.0,4,0.9,2882940.150451324,5564157.596628564,25.897892003522568,44.634463169391125,0.0,0.0,1.0,0.0
467,467,1394.7971948489385,1.3947971948489384,Sector 3,267.8750605491529,0.0,0,0.1,2882944.8495746986,5564152.520215834,25.897934216466062,44.63443071869958,0.0,0.0,1.0,0.0
467,467,1394.7971948489385,1.3947971948489384,Sector 3,267.8750605491529,0.0,1,0.25,2882943.6292370427,5564153.4623011965,25.89792325398638,44.63443674093026,0.0,0.0,1.0,0.0
467,467,1394.7971948489385,1.3947971948489384,Sector 3,267.8750605491529,0.0,2,0.5,2882941.595340949,5564155.032443468,25.897904983186912,44.63444677798001,0.0,0.0,1.0,0.0
467,467,1394.7971948489385,1.3947971948489384,Sector 3,267.8750605491529,0.0,3,0.75,2882939.5614448553,5564156.60258574,25.897886712387436,44.63445681502801,0.0,0.0,1.0,0.0
467,467,1394.7971948489385,1.3947971948489384,Sector 3,267.8750605491529,0.0,4,0.9,2882938.3411071994,5564157.544671103,25.897875749907758,44.63446283725598,0.0,0.0,1.0,0.0
468,468,1397.7971948490615,1.3977971948490615,Sector 3,267.8750605561746,0.0,0,0.1,2882942.9869890474,5564152.499525889,25.897917484574478,44.63443058644021,0.0,0.0,1.0,0.0
468,468,1397.7971948490615,1.3977971948490615,Sector 3,267.8750605561746,0.0,1,0.25,2882941.7766341777,5564153.435748592,25.897906611771692,44.63443657119416,0.0,0.0,1.0,0.0
468,468,1397.7971948490615,1.3977971948490615,Sector 3,267.8750605561746,0.0,2,0.5,2882939.759376061,5564154.996119766,25.89788849043371,44.634446545782716,0.0,0.0,1.0,0.0
468,468,1397.7971948490615,1.3977971948490615,Sector 3,267.8750605561746,0.0,3,0.75,2882937.742117944,5564156.556490938,25.897870369095727,44.634456520369554,0.0,0.0,1.0,0.0
468,468,1397.7971948490615,1.3977971948490615,Sector 3,267.8750605561746,0.0,4,0.9,2882936.5317630745,5564157.492713641,25.897859496292938,44.63446250512083,0.0,0.0,1.0,0.0
469,469,1400.79719484915,1.40079719484915,Sector 3,267.8750605821886,0.0,0,0.1,2882941.1244033966,5564152.478835944,25.897900752682897,44.63443045418082,0.0,0.0,1.0,0.0
469,469,1400.79719484915,1.40079719484915,Sector 3,267.8750605821886,0.0,1,0.25,2882939.924031313,5564153.409195988,25.897889969557003,44.63443640145806,0.0,0.0,1.0,0.0
469,469,1400.79719484915,1.40079719484915,Sector 3,267.8750605821886,0.0,2,0.5,2882937.923411173,5564154.959796062,25.897871997680507,44.634446313585414,0.0,0.0,1.0,0.0
469,469,1400.79719484915,1.40079719484915,Sector 3,267.8750605821886,0.0,3,0.75,2882935.922791033,5564156.510396136,25.897854025804016,44.63445622571109,0.0,0.0,1.0,0.0
469,469,1400.79719484915,1.40079719484915,Sector 3,267.8750605821886,0.0,4,0.9,2882934.722418949,5564157.440756179,25.897843242678118,44.63446217298568,0.0,0.0,1.0,0.0
470,470,1403.7971948492384,1.4037971948492385,Sector 3,267.87506056996733,0.0,0,0.1,2882939.261796192,5564152.459046659,25.897884020597694,44.634430327678864,0.0,0.0,1.0,0.0
470,470,1403.7971948492384,1.4037971948492385,Sector 3,267.87506056996733,0.0,1,0.25,2882938.071374562,5564153.384895033,25.89787332685825,44.6344362461155,0.0,0.0,1.0,0.0
470,470,1403.7971948492384,1.4037971948492385,Sector 3,267.87506056996733,0.0,2,0.5,2882936.0873385128,5564154.927975656,25.897855503959175,44.63444611017521,0.0,0.0,1.0,0.0
470,470,1403.7971948492384,1.4037971948492385,Sector 3,267.87506056996733,0.0,3,0.75,2882934.1033024634,5564156.471056281,25.8978376810601,44.634455974233255,0.0,0.0,1.0,0.0
470,470,1403.7971948492384,1.4037971948492385,Sector 3,267.87506056996733,0.0,4,0.9,2882932.9128808337,5564157.396904655,25.897826987320656,44.634461892667275,0.0,0.0,1.0,0.0
471,471,1406.7971948493268,1.4067971948493267,Sector 3,267.875060596232,0.0,0,0.1,2882937.3991427743,5564152.441686607,25.897867288097352,44.63443021670565,0.0,0.0,1.0,0.0
471,471,1406.7971948493268,1.4067971948493267,Sector 3,267.875060596232,0.0,1,0.25,2882936.2186022806,5564153.366667161,25.897856683121663,44.634436129594796,0.0,0.0,1.0,0.0
471,471,1406.7971948493268,1.4067971948493267,Sector 3,267.875060596232,0.0,2,0.5,2882934.2510347907,5564154.908301418,25.897839008162176,44.634445984408714,0.0,0.0,1.0,0.0
471,471,1406.7971948493268,1.4067971948493267,Sector 3,267.875060596232,0.0,3,0.75,2882932.283467301,5564156.449935675,25.897821333202693,44.634455839220955,0.0,0.0,1.0,0.0
471,471,1406.7971948493268,1.4067971948493267,Sector 3,267.875060596232,0.0,4,0.9,2882931.1029268075,5564157.3749162285,25.897810728227004,44.634461752107484,0.0,0.0,1.0,0.0
472,472,1409.79719484895,1.4097971948489498,Sector 3,267.875060546277,0.0,0,0.1,2882935.53647062,5564152.42646264,25.897850555428697,44.63443011938724,0.0,0.0,1.0,0.0
472,472,1409.79719484895,1.4097971948489498,Sector 3,267.875060546277,0.0,1,0.25,2882934.3657831564,5564153.353779499,25.897840038964283,44.63443604721111,0.0,0.0,1.0,0.0
472,472,1409.79719484895,1.4097971948489498,Sector 3,267.875060546277,0.0,2,0.5,2882932.414637383,5564154.899307598,25.897822511523586,44.63444592691621,0.0,0.0,1.0,0.0
472,472,1409.79719484895,1.4097971948489498,Sector 3,267.875060546277,0.0,3,0.75,2882930.4634916103,5564156.444835697,25.897804984082892,44.63445580661963,0.0,0.0,1.0,0.0
472,472,1409.79719484895,1.4097971948489498,Sector 3,267.875060546277,0.0,4,0.9,2882929.2928041467,5564157.372152557,25.89779446761848,44.634461734440876,0.0,0.0,1.0,0.0
473,473,1412.7971948490383,1.4127971948490383,Sector 3,267.875060572291,0.0,0,0.1,2882933.673798465,5564152.411238672,25.89783382276004,44.63443002206883,0.0,0.0,1.0,0.0
473,473,1412.7971948490383,1.4127971948490383,Sector 3,267.875060572291,0.0,1,0.25,2882932.512964031,5564153.340891836,25.897823394806895,44.63443596482741,0.0,0.0,1.0,0.0
473,473,1412.7971948490383,1.4127971948490383,Sector 3,267.875060572291,0.0,2,0.5,2882930.5782399755,5564154.890313778,25.897806014884996,44.6344458694237,0.0,0.0,1.0,0.0
473,473,1412.7971948490383,1.4127971948490383,Sector 3,267.875060572291,0.0,3,0.75,2882928.6435159193,5564156.43973572,25.897788634963096,44.63445577401831,0.0,0.0,1.0,0.0
473,473,1412.7971948490383,1.4127971948490383,Sector 3,267.875060572291,0.0,4,0.9,2882927.482681486,5564157.369388884,25.897778207009953,44.63446171677425,0.0,0.0,1.0,0.0
474,474,1415.7971948491268,1.4157971948491268,Sector 3,267.87506054132814,0.0,0,0.1,2882931.8111263104,5564152.396014705,25.89781709009138,44.63442992475043,0.0,0.0,1.0,0.0
474,474,1415.7971948491268,1.4157971948491268,Sector 3,267.87506054132814,0.0,1,0.25,2882930.6601449065,5564153.328004175,25.89780675064951,44.634435882443725,0.0,0.0,1.0,0.0
474,474,1415.7971948491268,1.4157971948491268,Sector 3,267.87506054132814,0.0,2,0.5,2882928.7418425675,5564154.881319959,25.897789518246405,44.6344458119312,0.0,0.0,1.0,0.0
474,474,1415.7971948491268,1.4157971948491268,Sector 3,267.87506054132814,0.0,3,0.75,2882926.8235402284,5564156.434635742,25.897772285843295,44.63445574141698,0.0,0.0,1.0,0.0
474,474,1415.7971948491268,1.4157971948491268,Sector 3,267.87506054132814,0.0,4,0.9,2882925.6725588245,5564157.366625211,25.897761946401427,44.634461699107625,0.0,0.0,1.0,0.0
475,475,1418.7971948492498,1.4187971948492497,Sector 3,267.8750605863344,0.0,0,0.1,2882929.9484541556,5564152.3807907365,25.897800357422717,44.634429827432,0.0,0.0,1.0,0.0
475,475,1418.7971948492498,1.4187971948492497,Sector 3,267.8750605863344,0.0,1,0.25,2882928.8073257823,5564153.315116512,25.89779010649213,44.63443580006002,0.0,0.0,1.0,0.0
475,475,1418.7971948492498,1.4187971948492497,Sector 3,267.8750605863344,0.0,2,0.5,2882926.9054451594,5564154.872326138,25.89777302160781,44.634445754438694,0.0,0.0,1.0,0.0
475,475,1418.7971948492498,1.4187971948492497,Sector 3,267.8750605863344,0.0,3,0.75,2882925.003564537,5564156.429535765,25.897755936723495,44.63445570881566,0.0,0.0,1.0,0.0
475,475,1418.7971948492498,1.4187971948492497,Sector 3,267.8750605863344,0.0,4,0.9,2882923.8624361637,5564157.36386154,25.897745685792906,44.63446168144102,0.0,0.0,1.0,0.0
476,476,1421.7971948493382,1.4217971948493382,Sector 3,267.8750605741131,0.0,0,0.1,2882928.085782001,5564152.365566769,25.897783624754062,44.63442973011359,0.0,0.0,1.0,0.0
476,476,1421.7971948493382,1.4217971948493382,Sector 3,267.8750605741131,0.0,1,0.25,2882926.9545066576,5564153.30222885,25.897773462334747,44.63443571767633,0.0,0.0,1.0,0.0
476,476,1421.7971948493382,1.4217971948493382,Sector 3,267.8750605741131,0.0,2,0.5,2882925.069047752,5564154.863332318,25.897756524969218,44.634445696946194,0.0,0.0,1.0,0.0
476,476,1421.7971948493382,1.4217971948493382,Sector 3,267.8750605741131,0.0,3,0.75,2882923.183588846,5564156.424435787,25.897739587603695,44.63445567621433,0.0,0.0,1.0,0.0
476,476,1421.7971948493382,1.4217971948493382,Sector 3,267.8750605741131,0.0,4,0.9,2882922.052313503,5564157.3610978685,25.89772942518438,44.6344616637744,0.0,0.0,1.0,0.0
477,477,1424.7971948489612,1.4247971948489613,Sector 3,267.8750605623933,0.0,0,0.1,2882926.223109847,5564152.350342801,25.89776689208541,44.63442963279518,0.0,0.0,1.0,0.0
477,477,1424.7971948489612,1.4247971948489613,Sector 3,267.8750605623933,0.0,1,0.25,2882925.1016875333,5564153.289341187,25.897756818177367,44.63443563529263,0.0,0.0,1.0,0.0
477,477,1424.7971948489612,1.4247971948489613,Sector 3,267.8750605623933,0.0,2,0.5,2882923.2326503443,5564154.854338497,25.89774002833063,44.63444563945368,0.0,0.0,1.0,0.0
477,477,1424.7971948489612,1.4247971948489613,Sector 3,267.8750605623933,0.0,3,0.75,2882921.3636131557,5564156.419335808,25.8977232384839,44.634455643612995,0.0,0.0,1.0,0.0
477,477,1424.7971948489612,1.4247971948489613,Sector 3,267.8750605623933,0.0,4,0.9,2882920.242190842,5564157.358334194,25.89771316457586,44.634461646107766,0.0,0.0,1.0,0.0
478,478,1427.7971948490497,1.4277971948490498,Sector 3,267.87506059790337,0.0,0,0.1,2882924.3604376917,5564152.335118832,25.897750159416745,44.634429535476755,0.0,0.0,1.0,0.0
478,478,1427.7971948490497,1.4277971948490498,Sector 3,267.87506059790337,0.0,1,0.25,2882923.2488684086,5564153.276453524,25.89774017401998,44.63443555290893,0.0,0.0,1.0,0.0
478,478,1427.7971948490497,1.4277971948490498,Sector 3,267.87506059790337,0.0,2,0.5,2882921.3962529367,5564154.845344678,25.89772353169204,44.634445581961174,0.0,0.0,1.0,0.0
478,478,1427.7971948490497,1.4277971948490498,Sector 3,267.87506059790337,0.0,3,0.75,2882919.5436374643,5564156.41423583,25.897706889364095,44.634455611011674,0.0,0.0,1.0,0.0
478,478,1427.7971948490497,1.4277971948490498,Sector 3,267.87506059790337,0.0,4,0.9,2882918.432068181,5564157.355570522,25.897696903967336,44.634461628441144,0.0,0.0,1.0,0.0
479,479,1430.797194849138,1.430797194849138,Sector 3,267.8750605384522,0.0,0,0.1,2882922.497765537,5564152.319894865,25.897733426748086,44.63442943815835,0.0,0.0,1.0,0.0
479,479,1430.797194849138,1.430797194849138,Sector 3,267.8750605384522,0.0,1,0.25,2882921.396049284,5564153.263565863,25.8977235298626,44.63443547052525,0.0,0.0,1.0,0.0
479,479,1430.797194849138,1.430797194849138,Sector 3,267.8750605384522,0.0,2,0.5,2882919.5598555286,5564154.836350858,25.89770703505345,44.63444552446867,0.0,0.0,1.0,0.0
479,479,1430.797194849138,1.430797194849138,Sector 3,267.8750605384522,0.0,3,0.75,2882917.7236617734,5564156.409135853,25.897690540244298,44.63445557841035,0.0,0.0,1.0,0.0
479,479,1430.797194849138,1.430797194849138,Sector 3,267.8750605384522,0.0,4,0.9,2882916.6219455204,5564157.35280685,25.89768064335881,44.63446161077453,0.0,0.0,1.0,0.0
480,480,1433.7971948492266,1.4337971948492263,Sector 3,267.87506058345843,0.0,0,0.1,2882920.6350933826,5564152.304670897,25.89771669407943,44.63442934083994,0.0,0.0,1.0,0.0
480,480,1433.7971948492266,1.4337971948492263,Sector 3,267.87506058345843,0.0,1,0.25,2882919.543230159,5564153.2506782,25.89770688570521,44.63443538814155,0.0,0.0,1.0,0.0
480,480,1433.7971948492266,1.4337971948492263,Sector 3,267.87506058345843,0.0,2,0.5,2882917.7234581206,5564154.827357038,25.897690538414857,44.63444546697617,0.0,0.0,1.0,0.0
480,480,1433.7971948492266,1.4337971948492263,Sector 3,267.87506058345843,0.0,3,0.75,2882915.9036860825,5564156.404035876,25.897674191124498,44.63445554580903,0.0,0.0,1.0,0.0
480,480,1433.7971948492266,1.4337971948492263,Sector 3,267.87506058345843,0.0,4,0.9,2882914.811822859,5564157.350043179,25.897664382750282,44.63446159310792,0.0,0.0,1.0,0.0
481,481,1436.797194849315,1.436797194849315,Sector 3,267.8750605709864,0.0,0,0.1,2882918.772421228,5564152.289446929,25.89769996141077,44.634429243521524,0.0,0.0,1.0,0.0
481,481,1436.797194849315,1.436797194849315,Sector 3,267.8750605709864,0.0,1,0.25,2882917.690411035,5564153.237790537,25.89769024154783,44.63443530575785,0.0,0.0,1.0,0.0
481,481,1436.797194849315,1.436797194849315,Sector 3,267.8750605709864,0.0,2,0.5,2882915.887060713,5564154.818363218,25.897674041776263,44.63444540948366,0.0,0.0,1.0,0.0
481,481,1436.797194849315,1.436797194849315,Sector 3,267.8750605709864,0.0,3,0.75,2882914.083710391,5564156.398935897,25.897657842004698,44.634455513207705,0.0,0.0,1.0,0.0
481,481,1436.797194849315,1.436797194849315,Sector 3,267.8750605709864,0.0,4,0.9,2882913.0017001983,5564157.347279506,25.89764812214176,44.63446157544129,0.0,0.0,1.0,0.0
482,482,1439.7971948489726,1.4397971948489725,Sector 3,267.8750605500212,0.0,0,0.1,2882916.9097490734,5564152.274222961,25.897683228742114,44.6344291462031,0.0,0.0,1.0,0.0
482,482,1439.7971948489726,1.4397971948489725,Sector 3,267.8750605500212,0.0,1,0.25,2882915.8375919107,5564153.224902874,25.89767359739045,44.63443522337415,0.0,0.0,1.0,0.0
482,482,1439.7971948489726,1.4397971948489725,Sector 3,267.8750605500212,0.0,2,0.5,2882914.0506633054,5564154.809369396,25.897657545137676,44.634445351991154,0.0,0.0,1.0,0.0
482,482,1439.7971948489726,1.4397971948489725,Sector 3,267.8750605500212,0.0,3,0.75,2882912.2637347,5564156.393835919,25.897641492884897,44.63445548060638,0.0,0.0,1.0,0.0
482,482,1439.7971948489726,1.4397971948489725,Sector 3,267.8750605500212,0.0,4,0.9,2882911.1915775375,5564157.344515832,25.897631861533235,44.63446155777466,0.0,0.0,1.0,0.0
483,483,1442.797194849061,1.442797194849061,Sector 3,267.87506059502743,0.0,0,0.1,2882915.047076919,5564152.258998993,25.89766649607346,44.63442904888469,0.0,0.0,1.0,0.0
483,483,1442.797194849061,1.442797194849061,Sector 3,267.87506059502743,0.0,1,0.25,2882913.984772786,5564153.212015212,25.89765695323307,44.634435140990455,0.0,0.0,1.0,0.0
483,483,1442.797194849061,1.442797194849061,Sector 3,267.87506059502743,0.0,2,0.5,2882912.214265898,5564154.800375577,25.897641048499086,44.63444529449864,0.0,0.0,1.0,0.0
483,483,1442.797194849061,1.442797194849061,Sector 3,267.87506059502743,0.0,3,0.75,2882910.4437590092,5564156.388735942,25.897625143765097,44.634455448005056,0.0,0.0,1.0,0.0
483,483,1442.797194849061,1.442797194849061,Sector 3,267.87506059502743,0.0,4,0.9,2882909.3814548766,5564157.34175216,25.897615600924713,44.63446154010805,0.0,0.0,1.0,0.0
484,484,1445.7971948491495,1.4457971948491497,Sector 3,267.87506053557627,0.0,0,0.1,2882913.184404764,5564152.243775026,25.897649763404797,44.63442895156628,0.0,0.0,1.0,0.0
484,484,1445.7971948491495,1.4457971948491497,Sector 3,267.87506053557627,0.0,1,0.25,2882912.131953661,5564153.199127549,25.89764030907568,44.63443505860676,0.0,0.0,1.0,0.0
484,484,1445.7971948491495,1.4457971948491497,Sector 3,267.87506053557627,0.0,2,0.5,2882910.3778684894,5564154.791381757,25.89762455186049,44.63444523700613,0.0,0.0,1.0,0.0
484,484,1445.7971948491495,1.4457971948491497,Sector 3,267.87506053557627,0.0,3,0.75,2882908.6237833183,5564156.383635964,25.8976087946453,44.63445541540373,0.0,0.0,1.0,0.0
484,484,1445.7971948491495,1.4457971948491497,Sector 3,267.87506053557627,0.0,4,0.9,2882907.5713322153,5564157.338988488,25.897599340316184,44.63446152244142,0.0,0.0,1.0,0.0
485,485,1448.797194849238,1.448797194849238,Sector 3,267.8750605805825,0.0,0,0.1,2882911.321732609,5564152.228551059,25.897633030736134,44.63442885424787,0.0,0.0,1.0,0.0
485,485,1448.797194849238,1.448797194849238,Sector 3,267.8750605805825,0.0,1,0.25,2882910.279134536,5564153.186239889,25.897623664918296,44.63443497622307,0.0,0.0,1.0,0.0
485,485,1448.797194849238,1.448797194849238,Sector 3,267.8750605805825,0.0,2,0.5,2882908.541471082,5564154.782387937,25.897608055221898,44.634445179513634,0.0,0.0,1.0,0.0
485,485,1448.797194849238,1.448797194849238,Sector 3,267.8750605805825,0.0,3,0.75,2882906.8038076274,5564156.378535986,25.897592445525504,44.6344553828024,0.0,0.0,1.0,0.0
485,485,1448.797194849238,1.448797194849238,Sector 3,267.8750605805825,0.0,4,0.9,2882905.7612095545,5564157.336224816,25.897583079707662,44.634461504774805,0.0,0.0,1.0,0.0
486,486,1451.7971948493264,1.4517971948493265,Sector 3,267.8750605588652,0.0,0,0.1,2882909.4590604547,5564152.213327091,25.897616298067483,44.63442875692946,0.0,0.0,1.0,0.0
486,486,1451.7971948493264,1.4517971948493265,Sector 3,267.8750605588652,0.0,1,0.25,2882908.426315412,5564153.173352227,25.897607020760915,44.634434893839384,0.0,0.0,1.0,0.0
486,486,1451.7971948493264,1.4517971948493265,Sector 3,267.8750605588652,0.0,2,0.5,2882906.705073674,5564154.773394117,25.897591558583308,44.63444512202113,0.0,0.0,1.0,0.0
486,486,1451.7971948493264,1.4517971948493265,Sector 3,267.8750605588652,0.0,3,0.75,2882904.983831936,5564156.373436009,25.897576096405697,44.63445535020109,0.0,0.0,1.0,0.0
486,486,1451.7971948493264,1.4517971948493265,Sector 3,267.8750605588652,0.0,4,0.9,2882903.9510868937,5564157.333461143,25.897566819099136,44.63446148710818,0.0,0.0,1.0,0.0
487,487,1454.7971948489494,1.454797194848949,Sector 3,267.8750605566414,0.0,0,0.1,2882907.5963883004,5564152.198103122,25.897599565398828,44.63442865961104,0.0,0.0,1.0,0.0
487,487,1454.7971948489494,1.454797194848949,Sector 3,267.8750605566414,0.0,1,0.25,2882906.5734962877,5564153.160464563,25.897590376603535,44.63443481145568,0.0,0.0,1.0,0.0
487,487,1454.7971948489494,1.454797194848949,Sector 3,267.8750605566414,0.0,2,0.5,2882904.8686762666,5564154.764400298,25.89757506194472,44.63444506452863,0.0,0.0,1.0,0.0
487,487,1454.7971948489494,1.454797194848949,Sector 3,267.8750605566414,0.0,3,0.75,2882903.1638562456,5564156.368336031,25.897559747285904,44.63445531759976,0.0,0.0,1.0,0.0
487,487,1454.7971948489494,1.454797194848949,Sector 3,267.8750605566414,0.0,4,0.9,2882902.140964233,5564157.330697472,25.897550558490614,44.634461469441575,0.0,0.0,1.0,0.0
488,488,1457.797194849038,1.4577971948490378,Sector 3,267.8750605636631,0.0,0,0.1,2882905.7337161456,5564152.182879155,25.897582832730166,44.63442856229261,0.0,0.0,1.0,0.0
488,488,1457.797194849038,1.4577971948490378,Sector 3,267.8750605636631,0.0,1,0.25,2882904.720677163,5564153.1475769,25.89757373244615,44.63443472907198,0.0,0.0,1.0,0.0
488,488,1457.797194849038,1.4577971948490378,Sector 3,267.8750605636631,0.0,2,0.5,2882903.032278859,5564154.755406477,25.89755856530613,44.63444500703611,0.0,0.0,1.0,0.0
488,488,1457.797194849038,1.4577971948490378,Sector 3,267.8750605636631,0.0,3,0.75,2882901.3438805547,5564156.363236053,25.897543398166107,44.63445528499843,0.0,0.0,1.0,0.0
488,488,1457.797194849038,1.4577971948490378,Sector 3,267.8750605636631,0.0,4,0.9,2882900.330841572,5564157.327933799,25.89753429788209,44.634461451774946,0.0,0.0,1.0,0.0
489,489,1460.7971948491609,1.460797194849161,Sector 3,267.8750605611887,0.0,0,0.1,2882903.8710439904,5564152.167655186,25.897566100061503,44.6344284649742,0.0,0.0,1.0,0.0
489,489,1460.7971948491609,1.460797194849161,Sector 3,267.8750605611887,0.0,1,0.25,2882902.8678580383,5564153.134689238,25.897557088288767,44.63443464668828,0.0,0.0,1.0,0.0
489,489,1460.7971948491609,1.460797194849161,Sector 3,267.8750605611887,0.0,2,0.5,2882901.1958814505,5564154.746412656,25.897542068667533,44.63444494954361,0.0,0.0,1.0,0.0
489,489,1460.7971948491609,1.460797194849161,Sector 3,267.8750605611887,0.0,3,0.75,2882899.5239048633,5564156.358136075,25.897527049046303,44.6344552523971,0.0,0.0,1.0,0.0
489,489,1460.7971948491609,1.460797194849161,Sector 3,267.8750605611887,0.0,4,0.9,2882898.5207189107,5564157.325170127,25.897518037273564,44.634461434108324,0.0,0.0,1.0,0.0
490,490,1463.7971948492493,1.4637971948492494,Sector 3,267.87506057770656,0.0,0,0.1,2882902.008371836,5564152.152431218,25.89754936739285,44.63442836765579,0.0,0.0,1.0,0.0
490,490,1463.7971948492493,1.4637971948492494,Sector 3,267.87506057770656,0.0,1,0.25,2882901.0150389136,5564153.121801575,25.897540444131383,44.634434564304584,0.0,0.0,1.0,0.0
490,490,1463.7971948492493,1.4637971948492494,Sector 3,267.87506057770656,0.0,2,0.5,2882899.359484043,5564154.737418836,25.897525572028943,44.6344448920511,0.0,0.0,1.0,0.0
490,490,1463.7971948492493,1.4637971948492494,Sector 3,267.87506057770656,0.0,3,0.75,2882897.7039291724,5564156.353036097,25.897510699926503,44.63445521979578,0.0,0.0,1.0,0.0
490,490,1463.7971948492493,1.4637971948492494,Sector 3,267.87506057770656,0.0,4,0.9,2882896.71059625,5564157.322406454,25.897501776665038,44.63446141644171,0.0,0.0,1.0,0.0
491,491,1466.7971948493378,1.4667971948493377,Sector 3,267.8750605654853,0.0,0,0.1,2882900.1456996812,5564152.13720725,25.897532634724186,44.634428270337374,0.0,0.0,1.0,0.0
491,491,1466.7971948493378,1.4667971948493377,Sector 3,267.8750605654853,0.0,1,0.25,2882899.162219789,5564153.1089139115,25.897523799974,44.634434481920884,0.0,0.0,1.0,0.0
491,491,1466.7971948493378,1.4667971948493377,Sector 3,267.8750605654853,0.0,2,0.5,2882897.5230866354,5564154.728425016,25.897509075390353,44.63444483455859,0.0,0.0,1.0,0.0
491,491,1466.7971948493378,1.4667971948493377,Sector 3,267.8750605654853,0.0,3,0.75,2882895.8839534814,5564156.34793612,25.897494350806706,44.634455187194455,0.0,0.0,1.0,0.0
491,491,1466.7971948493378,1.4667971948493377,Sector 3,267.8750605654853,0.0,4,0.9,2882894.900473589,5564157.319642781,25.897485516056516,44.63446139877509,0.0,0.0,1.0,0.0
492,492,1469.7971948489608,1.4697971948489608,Sector 3,267.8750605822538,0.0,0,0.1,2882898.283027527,5564152.121983282,25.89751590205553,44.634428173018954,0.0,0.0,1.0,0.0
492,492,1469.7971948489608,1.4697971948489608,Sector 3,267.8750605822538,0.0,1,0.25,2882897.3094006646,5564153.09602625,25.89750715581662,44.634434399537184,0.0,0.0,1.0,0.0
492,492,1469.7971948489608,1.4697971948489608,Sector 3,267.8750605822538,0.0,2,0.5,2882895.686689228,5564154.719431195,25.897492578751766,44.63444477706608,0.0,0.0,1.0,0.0
492,492,1469.7971948489608,1.4697971948489608,Sector 3,267.8750605822538,0.0,3,0.75,2882894.063977791,5564156.342836142,25.89747800168691,44.63445515459313,0.0,0.0,1.0,0.0
492,492,1469.7971948489608,1.4697971948489608,Sector 3,267.8750605822538,0.0,4,0.9,2882893.0903509287,5564157.3168791095,25.897469255447994,44.634461381108466,0.0,0.0,1.0,0.0
493,493,1472.7971948490492,1.4727971948490493,Sector 3,267.87506054179494,0.0,0,0.1,2882896.4203553726,5564152.106759314,25.89749916938688,44.63442807570054,0.0,0.0,1.0,0.0
493,493,1472.7971948490492,1.4727971948490493,Sector 3,267.87506054179494,0.0,1,0.25,2882895.4565815404,5564153.083138587,25.89749051165924,44.634434317153485,0.0,0.0,1.0,0.0
493,493,1472.7971948490492,1.4727971948490493,Sector 3,267.87506054179494,0.0,2,0.5,2882893.8502918202,5564154.710437376,25.897476082113176,44.63444471957358,0.0,0.0,1.0,0.0
493,493,1472.7971948490492,1.4727971948490493,Sector 3,267.87506054179494,0.0,3,0.75,2882892.2440020996,5564156.337736164,25.897461652567106,44.6344551219918,0.0,0.0,1.0,0.0
493,493,1472.7971948490492,1.4727971948490493,Sector 3,267.87506054179494,0.0,4,0.9,2882891.2802282674,5564157.314115437,25.89745299483947,44.634461363441844,0.0,0.0,1.0,0.0
494,494,1475.7971948491377,1.4757971948491375,Sector 3,267.87506059629726,0.0,0,0.1,2882894.557683218,5564152.091535347,25.897482436718217,44.63442797838212,0.0,0.0,1.0,0.0
494,494,1475.7971948491377,1.4757971948491375,Sector 3,267.87506059629726,0.0,1,0.25,2882893.6037624157,5564153.070250925,25.897473867501855,44.63443423476979,0.0,0.0,1.0,0.0
494,494,1475.7971948491377,1.4757971948491375,Sector 3,267.87506059629726,0.0,2,0.5,2882892.013894412,5564154.701443555,25.89745958547458,44.634444662081066,0.0,0.0,1.0,0.0
494,494,1475.7971948491377,1.4757971948491375,Sector 3,267.87506059629726,0.0,3,0.75,2882890.4240264087,5564156.332636186,25.89744530344731,44.63445508939048,0.0,0.0,1.0,0.0
494,494,1475.7971948491377,1.4757971948491375,Sector 3,267.87506059629726,0.0,4,0.9,2882889.4701056066,5564157.311351764,25.897436734230947,44.63446134577523,0.0,0.0,1.0,0.0
495,495,1478.797194849226,1.4787971948492262,Sector 3,267.8750605745799,0.0,0,0.1,2882892.6950110625,5564152.07631138,25.89746570404955,44.63442788106371,0.0,0.0,1.0,0.0
495,495,1478.797194849226,1.4787971948492262,Sector 3,267.8750605745799,0.0,1,0.25,2882891.750943291,5564153.057363263,25.897457223344468,44.6344341523861,0.0,0.0,1.0,0.0
495,495,1478.797194849226,1.4787971948492262,Sector 3,267.8750605745799,0.0,2,0.5,2882890.177497004,5564154.6924497355,25.89744308883599,44.634444604588566,0.0,0.0,1.0,0.0
495,495,1478.797194849226,1.4787971948492262,Sector 3,267.8750605745799,0.0,3,0.75,2882888.6040507173,5564156.327536209,25.897428954327506,44.63445505678915,0.0,0.0,1.0,0.0
495,495,1478.797194849226,1.4787971948492262,Sector 3,267.8750605745799,0.0,4,0.9,2882887.659982946,5564157.308588092,25.89742047362242,44.63446132810861,0.0,0.0,1.0,0.0
496,496,1481.7971948493146,1.4817971948493145,Sector 3,267.87506052462487,0.0,0,0.1,2882890.832338908,5564152.06108741,25.8974489713809,44.63442778374528,0.0,0.0,1.0,0.0
496,496,1481.7971948493146,1.4817971948493145,Sector 3,267.87506052462487,0.0,1,0.25,2882889.8981241663,5564153.0444756,25.897440579187087,44.6344340700024,0.0,0.0,1.0,0.0
496,496,1481.7971948493146,1.4817971948493145,Sector 3,267.87506052462487,0.0,2,0.5,2882888.3410995966,5564154.683455915,25.897426592197398,44.63444454709605,0.0,0.0,1.0,0.0
496,496,1481.7971948493146,1.4817971948493145,Sector 3,267.87506052462487,0.0,3,0.75,2882886.7840750264,5564156.32243623,25.897412605207705,44.63445502418782,0.0,0.0,1.0,0.0
496,496,1481.7971948493146,1.4817971948493145,Sector 3,267.87506052462487,0.0,4,0.9,2882885.8498602845,5564157.30582442,25.897404213013893,44.634461310441985,0.0,0.0,1.0,0.0
497,497,1484.797194848972,1.4847971948489722,Sector 3,267.8750605793779,0.0,0,0.1,2882888.969666754,5564152.045863443,25.897432238712245,44.634427686426875,0.0,0.0,1.0,0.0
497,497,1484.797194848972,1.4847971948489722,Sector 3,267.8750605793779,0.0,1,0.25,2882888.045305042,5564153.031587938,25.897423935029707,44.6344339876187,0.0,0.0,1.0,0.0
497,497,1484.797194848972,1.4847971948489722,Sector 3,267.8750605793779,0.0,2,0.5,2882886.504702189,5564154.674462095,25.89741009555881,44.63444448960355,0.0,0.0,1.0,0.0
497,497,1484.797194848972,1.4847971948489722,Sector 3,267.8750605793779,0.0,3,0.75,2882884.9640993355,5564156.317336252,25.89739625608791,44.634454991586495,0.0,0.0,1.0,0.0
497,497,1484.797194848972,1.4847971948489722,Sector 3,267.8750605793779,0.0,4,0.9,2882884.0397376237,5564157.303060747,25.89738795240537,44.634461292775356,0.0,0.0,1.0,0.0
498,498,1487.7971948490606,1.4877971948490605,Sector 3,267.8750605958957,0.0,0,0.1,2882887.106994599,5564152.030639475,25.897415506043583,44.634427589108455,0.0,0.0,1.0,0.0
498,498,1487.7971948490606,1.4877971948490605,Sector 3,267.8750605958957,0.0,1,0.25,2882886.1924859174,5564153.018700276,25.89740729087232,44.634433905235,0.0,0.0,1.0,0.0
498,498,1487.7971948490606,1.4877971948490605,Sector 3,267.8750605958957,0.0,2,0.5,2882884.668304781,5564154.665468276,25.897393598920218,44.634444432111046,0.0,0.0,1.0,0.0
498,498,1487.7971948490606,1.4877971948490605,Sector 3,267.8750605958957,0.0,3,0.75,2882883.1441236446,5564156.312236275,25.89737990696811,44.634454958985174,0.0,0.0,1.0,0.0
498,498,1487.7971948490606,1.4877971948490605,Sector 3,267.8750605958957,0.0,4,0.9,2882882.229614963,5564157.300297075,25.897371691796845,44.63446127510874,0.0,0.0,1.0,0.0
499,499,1490.797194849149,1.490797194849149,Sector 3,267.8750605174524,0.0,0,0.1,2882885.2443224443,5564152.015415507,25.897398773374924,44.634427491790035,0.0,0.0,1.0,0.0
499,499,1490.797194849149,1.490797194849149,Sector 3,267.8750605174524,0.0,1,0.25,2882884.3396667927,5564153.005812613,25.897390646714936,44.6344338228513,0.0,0.0,1.0,0.0
499,499,1490.797194849149,1.490797194849149,Sector 3,267.8750605174524,0.0,2,0.5,2882882.831907373,5564154.656474455,25.89737710228162,44.63444437461853,0.0,0.0,1.0,0.0
499,499,1490.797194849149,1.490797194849149,Sector 3,267.8750605174524,0.0,3,0.75,2882881.3241479537,5564156.307136297,25.89736355784831,44.63445492638385,0.0,0.0,1.0,0.0
499,499,1490.797194849149,1.490797194849149,Sector 3,267.8750605174524,0.0,4,0.9,2882880.4194923015,5564157.297533403,25.897355431188316,44.634461257442126,0.0,0.0,1.0,0.0
500,500,1493.7971948492377,1.4937971948492377,Sector 3,267.8750606099392,0.0,0,0.1,2882883.3816502895,5564152.0001915395,25.897382040706265,44.63442739447162,0.0,0.0,1.0,0.0
500,500,1493.7971948492377,1.4937971948492377,Sector 3,267.8750606099392,0.0,1,0.25,2882882.486847668,5564152.99292495,25.897374002557555,44.6344337404676,0.0,0.0,1.0,0.0
500,500,1493.7971948492377,1.4937971948492377,Sector 3,267.8750606099392,0.0,2,0.5,2882880.9955099653,5564154.647480635,25.897360605643033,44.634444317126025,0.0,0.0,1.0,0.0
500,500,1493.7971948492377,1.4937971948492377,Sector 3,267.8750606099392,0.0,3,0.75,2882879.5041722623,5564156.30203632,25.897347208728508,44.63445489378253,0.0,0.0,1.0,0.0
500,500,1493.7971948492377,1.4937971948492377,Sector 3,267.8750606099392,0.0,4,0.9,2882878.6093696407,5564157.29476973,25.897339170579794,44.6344612397755,0.0,0.0,1.0,0.0
501,501,1496.797194849326,1.496797194849326,Sector 3,267.8750605502373,0.0,0,0.1,2882881.5189781347,5564151.984967571,25.897365308037603,44.6344272971532,0.0,0.0,1.0,0.0
501,501,1496.797194849326,1.496797194849326,Sector 3,267.8750605502373,0.0,1,0.25,2882880.6340285433,5564152.980037287,25.897357358400168,44.6344336580839,0.0,0.0,1.0,0.0
501,501,1496.797194849326,1.496797194849326,Sector 3,267.8750605502373,0.0,2,0.5,2882879.1591125573,5564154.638486815,25.89734410900444,44.634444259633526,0.0,0.0,1.0,0.0
501,501,1496.797194849326,1.496797194849326,Sector 3,267.8750605502373,0.0,3,0.75,2882877.6841965714,5564156.2969363425,25.897330859608708,44.634454861181204,0.0,0.0,1.0,0.0
501,501,1496.797194849326,1.496797194849326,Sector 3,267.8750605502373,0.0,4,0.9,2882876.79924698,5564157.292006059,25.897322909971273,44.63446122210888,0.0,0.0,1.0,0.0
502,502,1499.797194848949,1.499797194848949,Sector 3,267.87506055750976,0.0,0,0.1,2882879.656305981,5564151.969743604,25.89734857536895,44.63442719983479,0.0,0.0,1.0,0.0
502,502,1499.797194848949,1.499797194848949,Sector 3,267.87506055750976,0.0,1,0.25,2882878.781209419,5564152.967149625,25.897340714242787,44.63443357570021,0.0,0.0,1.0,0.0
502,502,1499.797194848949,1.499797194848949,Sector 3,267.87506055750976,0.0,2,0.5,2882877.32271515,5564154.629492994,25.897327612365856,44.63444420214101,0.0,0.0,1.0,0.0
502,502,1499.797194848949,1.499797194848949,Sector 3,267.87506055750976,0.0,3,0.75,2882875.864220881,5564156.291836364,25.897314510488915,44.634454828579884,0.0,0.0,1.0,0.0
502,502,1499.797194848949,1.499797194848949,Sector 3,267.87506055750976,0.0,4,0.9,2882874.9891243195,5564157.289242385,25.897306649362754,44.63446120444225,0.0,0.0,1.0,0.0
503,503,1502.7971948490374,1.5027971948490373,Sector 3,267.87506056453145,0.0,0,0.1,2882877.793633826,5564151.954519635,25.897331842700297,44.63442710251637,0.0,0.0,1.0,0.0
503,503,1502.7971948490374,1.5027971948490373,Sector 3,267.87506056453145,0.0,1,0.25,2882876.9283902943,5564152.954261962,25.897324070085403,44.63443349331651,0.0,0.0,1.0,0.0
503,503,1502.7971948490374,1.5027971948490373,Sector 3,267.87506056453145,0.0,2,0.5,2882875.486317742,5564154.620499175,25.89731111572726,44.63444414464851,0.0,0.0,1.0,0.0
503,503,1502.7971948490374,1.5027971948490373,Sector 3,267.87506056453145,0.0,3,0.75,2882874.04424519,5564156.286736387,25.897298161369118,44.634454795978556,0.0,0.0,1.0,0.0
503,503,1502.7971948490374,1.5027971948490373,Sector 3,267.87506056453145,0.0,4,0.9,2882873.179001658,5564157.286478714,25.897290388754225,44.63446118677564,0.0,0.0,1.0,0.0
504,504,1505.7971948491604,1.5057971948491604,Sector 3,267.8750605905454,0.0,0,0.1,2882875.9309199443,5564151.946997494,25.897315109656798,44.63442705443148,0.0,0.0,1.0,0.0
504,504,1505.7971948491604,1.5057971948491604,Sector 3,267.8750605905454,0.0,1,0.25,2882875.0755363978,5564152.947792489,25.897307425615658,44.63443345196074,0.0,0.0,1.0,0.0
504,504,1505.7971948491604,1.5057971948491604,Sector 3,267.8750605905454,0.0,2,0.5,2882873.6498971526,5564154.615784147,25.897294618880423,44.63444411450795,0.0,0.0,1.0,0.0
504,504,1505.7971948491604,1.5057971948491604,Sector 3,267.8750605905454,0.0,3,0.75,2882872.224257908,5564156.283775805,25.89728181214519,44.6344547770532,0.0,0.0,1.0,0.0
504,504,1505.7971948491604,1.5057971948491604,Sector 3,267.8750605905454,0.0,4,0.9,2882871.368874361,5564157.284570799,25.897274128104048,44.6344611745794,0.0,0.0,1.0,0.0
505,505,1508.7971948492489,1.508797194849249,Sector 3,267.8750605595826,0.0,0,0.1,2882874.069660863,5564151.998180788,25.89729838968199,44.634427381618,0.0,0.0,1.0,0.0
505,505,1508.7971948492489,1.508797194849249,Sector 3,267.8750605595826,0.0,1,0.25,2882873.223894834,5564152.990244212,25.897290792036486,44.63443372333113,0.0,0.0,1.0,0.0
505,505,1508.7971948492489,1.508797194849249,Sector 3,267.8750605595826,0.0,2,0.5,2882871.8142847857,5564154.643683249,25.897278129293973,44.63444429285145,0.0,0.0,1.0,0.0
505,505,1508.7971948492489,1.508797194849249,Sector 3,267.8750605595826,0.0,3,0.75,2882870.4046747372,5564156.297122288,25.89726546655146,44.63445486236985,0.0,0.0,1.0,0.0
505,505,1508.7971948492489,1.508797194849249,Sector 3,267.8750605595826,0.0,4,0.9,2882869.5589087084,5564157.28918571,25.897257868905957,44.63446120407996,0.0,0.0,1.0,0.0
506,506,1511.7971948493373,1.5117971948493374,Sector 3,267.87506057534824,0.0,0,0.1,2882872.20957253,5564152.092479703,25.897281680224197,44.63442798441887,0.0,0.0,1.0,0.0
506,506,1511.7971948493373,1.5117971948493374,Sector 3,267.87506057534824,0.0,1,0.25,2882871.373228894,5564153.068625618,25.897274167221486,44.6344342243801,0.0,0.0,1.0,0.0
506,506,1511.7971948493373,1.5117971948493374,Sector 3,267.87506057534824,0.0,2,0.5,2882869.979322834,5564154.695535475,25.8972616455503,44.634444624313986,0.0,0.0,1.0,0.0
506,506,1511.7971948493373,1.5117971948493374,Sector 3,267.87506057534824,0.0,3,0.75,2882868.5854167743,5564156.322445333,25.897249123879124,44.634455024246016,0.0,0.0,1.0,0.0
506,506,1511.7971948493373,1.5117971948493374,Sector 3,267.87506057534824,0.0,4,0.9,2882867.7490731385,5564157.298591248,25.897241610876414,44.63446126420433,0.0,0.0,1.0,0.0
507,507,1514.7971948489603,1.5147971948489602,Sector 3,267.8750605641299,0.0,0,0.1,2882870.349484197,5564152.186778619,25.897264970766404,44.634428587219745,0.0,0.0,1.0,0.0
507,507,1514.7971948489603,1.5147971948489602,Sector 3,267.8750605641299,0.0,1,0.25,2882869.522562954,5564153.147007025,25.897257542406493,44.63443472542908,0.0,0.0,1.0,0.0
507,507,1514.7971948489603,1.5147971948489602,Sector 3,267.8750605641299,0.0,2,0.5,2882868.144360883,5564154.747387702,25.897245161806644,44.63444495577653,0.0,0.0,1.0,0.0
507,507,1514.7971948489603,1.5147971948489602,Sector 3,267.8750605641299,0.0,3,0.75,2882866.7661588117,5564156.347768379,25.89723278120679,44.63445518612218,0.0,0.0,1.0,0.0
507,507,1514.7971948489603,1.5147971948489602,Sector 3,267.8750605641299,0.0,4,0.9,2882865.9392375695,5564157.307996785,25.89722535284688,44.63446132432871,0.0,0.0,1.0,0.0
508,508,1517.7971948490488,1.5177971948490487,Sector 3,267.8750605711516,0.0,0,0.1,2882868.4893958634,5564152.281077533,25.897248261308604,44.6344291900206,0.0,0.0,1.0,0.0
508,508,1517.7971948490488,1.5177971948490487,Sector 3,267.8750605711516,0.0,1,0.25,2882867.6718970137,5564153.225388431,25.89724091759149,44.63443522647805,0.0,0.0,1.0,0.0
508,508,1517.7971948490488,1.5177971948490487,Sector 3,267.8750605711516,0.0,2,0.5,2882866.3093989315,5564154.799239928,25.897228678062973,44.63444528723907,0.0,0.0,1.0,0.0
508,508,1517.7971948490488,1.5177971948490487,Sector 3,267.8750605711516,0.0,3,0.75,2882864.946900849,5564156.373091424,25.897216438534453,44.63445534799834,0.0,0.0,1.0,0.0
508,508,1517.7971948490488,1.5177971948490487,Sector 3,267.8750605711516,0.0,4,0.9,2882864.1294019995,5564157.317402322,25.89720909481734,44.634461384453076,0.0,0.0,1.0,0.0
509,509,1520.7971948491372,1.5207971948491372,Sector 3,267.87506057842404,0.0,0,0.1,2882866.630148609,5564152.384748166,25.89723155940635,44.63442985272967,0.0,0.0,1.0,0.0
509,509,1520.7971948491372,1.5207971948491372,Sector 3,267.87506057842404,0.0,1,0.25,2882865.8233337714,5564153.327199133,25.89722431166535,44.634435877297534,0.0,0.0,1.0,0.0
509,509,1520.7971948491372,1.5207971948491372,Sector 3,267.87506057842404,0.0,2,0.5,2882864.478642375,5564154.897950743,25.89721223209701,44.63444591824259,0.0,0.0,1.0,0.0
509,509,1520.7971948491372,1.5207971948491372,Sector 3,267.87506057842404,0.0,3,0.75,2882863.1339509794,5564156.468702354,25.89720015252868,44.63445595918591,0.0,0.0,1.0,0.0
509,509,1520.7971948491372,1.5207971948491372,Sector 3,267.87506057842404,0.0,4,0.9,2882862.3271361417,5564157.41115332,25.897192904787676,44.63446198375106,0.0,0.0,1.0,0.0
510,510,1523.7971948492257,1.5237971948492255,Sector 3,267.8750605472106,0.0,0,0.1,2882864.7740251985,5564152.515782399,25.89721488556606,44.63443069035909,0.0,0.0,1.0,0.0
510,510,1523.7971948492257,1.5237971948492255,Sector 3,267.8750605472106,0.0,1,0.25,2882863.9825801384,5564153.497418835,25.89720777589412,44.63443696541789,0.0,0.0,1.0,0.0
510,510,1523.7971948492257,1.5237971948492255,Sector 3,267.8750605472106,0.0,2,0.5,2882862.6635050373,5564155.133479562,25.897195926440876,44.63444742384772,0.0,0.0,1.0,0.0
510,510,1523.7971948492257,1.5237971948492255,Sector 3,267.8750605472106,0.0,3,0.75,2882861.3444299363,5564156.769540289,25.89718407698764,44.63445788227567,0.0,0.0,1.0,0.0
510,510,1523.7971948492257,1.5237971948492255,Sector 3,267.8750605472106,0.0,4,0.9,2882860.552984876,5564157.751176725,25.897176967315694,44.634464157331536,0.0,0.0,1.0,0.0
511,511,1526.797194849349,1.5267971948493486,Sector 3,267.8750605822192,0.0,0,0.1,2882862.9217571234,5564152.662734868,25.89719824635884,44.634431629744995,0.0,0.0,1.0,0.0
511,511,1526.797194849349,1.5267971948493486,Sector 3,267.8750605822192,0.0,1,0.25,2882862.151464843,5564153.707434123,25.897191326705553,44.634438307929386,0.0,0.0,1.0,0.0
511,511,1526.797194849349,1.5267971948493486,Sector 3,267.8750605822192,0.0,2,0.5,2882860.867644376,5564155.448599548,25.897179793950077,44.634449438234995,0.0,0.0,1.0,0.0
511,511,1526.797194849349,1.5267971948493486,Sector 3,267.8750605822192,0.0,3,0.75,2882859.583823909,5564157.189764973,25.8971682611946,44.63446056853848,0.0,0.0,1.0,0.0
511,511,1526.797194849349,1.5267971948493486,Sector 3,267.8750605822192,0.0,4,0.9,2882858.813531629,5564158.234464228,25.897161341541313,44.63446724671954,0.0,0.0,1.0,0.0
512,512,1529.7971948489717,1.5297971948489717,Sector 3,267.8750605517579,0.0,0,0.1,2882861.069489049,5564152.809687334,25.897181607151623,44.63443256913086,0.0,0.0,1.0,0.0
512,512,1529.7971948489717,1.5297971948489717,Sector 3,267.8750605517579,0.0,1,0.25,2882860.3203495485,5564153.917449409,25.89717487751699,44.63443965044083,0.0,0.0,1.0,0.0
512,512,1529.7971948489717,1.5297971948489717,Sector 3,267.8750605517579,0.0,2,0.5,2882859.071783715,5564155.763719533,25.897163661459274,44.634451452622194,0.0,0.0,1.0,0.0
512,512,1529.7971948489717,1.5297971948489717,Sector 3,267.8750605517579,0.0,3,0.75,2882857.823217882,5564157.609989657,25.897152445401566,44.63446325480116,0.0,0.0,1.0,0.0
512,512,1529.7971948489717,1.5297971948489717,Sector 3,267.8750605517579,0.0,4,0.9,2882857.0740783815,5564158.717751732,25.897145715766932,44.63447033610739,0.0,0.0,1.0,0.0
513,513,1532.79719484906,1.5327971948490602,Sector 3,267.8750605872679,0.0,0,0.1,2882859.217220973,5564152.956639802,25.897164967944395,44.63443350851672,0.0,0.0,1.0,0.0
513,513,1532.79719484906,1.5327971948490602,Sector 3,267.8750605872679,0.0,1,0.25,2882858.4892342538,5564154.127464696,25.89715842832843,44.63444099295225,0.0,0.0,1.0,0.0
513,513,1532.79719484906,1.5327971948490602,Sector 3,267.8750605872679,0.0,2,0.5,2882857.2759230537,5564156.078839519,25.897147528968475,44.63445346700933,0.0,0.0,1.0,0.0
513,513,1532.79719484906,1.5327971948490602,Sector 3,267.8750605872679,0.0,3,0.75,2882856.062611854,5564158.030214342,25.897136629608525,44.63446594106373,0.0,0.0,1.0,0.0
513,513,1532.79719484906,1.5327971948490602,Sector 3,267.8750605872679,0.0,4,0.9,2882855.3346251342,5564159.201039236,25.897130089992555,44.634473425495074,0.0,0.0,1.0,0.0
514,514,1535.7971948491486,1.535797194849149,Sector 3,267.8750605847935,0.0,0,0.1,2882857.380362966,5564153.248816041,25.89714846716817,44.6344353762378,0.0,0.0,1.0,0.0
514,514,1535.7971948491486,1.535797194849149,Sector 3,267.8750605847935,0.0,1,0.25,2882856.6709606815,5564154.458499792,25.897142094499024,44.63444310907623,0.0,0.0,1.0,0.0
514,514,1535.7971948491486,1.535797194849149,Sector 3,267.8750605847935,0.0,2,0.5,2882855.4886235413,5564156.474639377,25.89713147338378,44.63445599713799,0.0,0.0,1.0,0.0
514,514,1535.7971948491486,1.535797194849149,Sector 3,267.8750605847935,0.0,3,0.75,2882854.306286401,5564158.490778962,25.897120852268543,44.6344688851969,0.0,0.0,1.0,0.0
514,514,1535.7971948491486,1.535797194849149,Sector 3,267.8750605847935,0.0,4,0.9,2882853.5968841165,5564159.700462713,25.897114479599395,44.634476618030874,0.0,0.0,1.0,0.0
515,515,1538.797194849237,1.538797194849237,Sector 3,267.87506054433464,0.0,0,0.1,2882855.579935577,5564153.718286341,25.89713229365376,44.634438377301606,0.0,0.0,1.0,0.0
515,515,1538.797194849237,1.538797194849237,Sector 3,267.87506054433464,0.0,1,0.25,2882854.883045959,5564154.937279939,25.897126033387803,44.634446169652335,0.0,0.0,1.0,0.0
515,515,1538.797194849237,1.538797194849237,Sector 3,267.87506054433464,0.0,2,0.5,2882853.7215632615,5564156.968935937,25.897115599611208,44.634459156901215,0.0,0.0,1.0,0.0
515,515,1538.797194849237,1.538797194849237,Sector 3,267.87506054433464,0.0,3,0.75,2882852.560080564,5564159.000591934,25.897105165834617,44.634472144147196,0.0,0.0,1.0,0.0
515,515,1538.797194849237,1.538797194849237,Sector 3,267.87506054433464,0.0,4,0.9,2882851.8631909457,5564160.219585532,25.89709890556866,44.63447993649339,0.0,0.0,1.0,0.0
516,516,1541.7971948493257,1.5417971948493254,Sector 3,267.8750605606017,0.0,0,0.1,2882853.788220418,5564154.227627605,25.897116198402635,44.634441633238254,0.0,0.0,1.0,0.0
516,516,1541.7971948493257,1.5417971948493254,Sector 3,267.8750605606017,0.0,1,0.25,2882853.1023914274,5564155.44928589,25.897110037495988,44.634449442622405,0.0,0.0,1.0,0.0
516,516,1541.7971948493257,1.5417971948493254,Sector 3,267.8750605606017,0.0,2,0.5,2882851.9593431093,5564157.48538303,25.897099769318242,44.63446245826031,0.0,0.0,1.0,0.0
516,516,1541.7971948493257,1.5417971948493254,Sector 3,267.8750605606017,0.0,3,0.75,2882850.8162947907,5564159.521480171,25.897089501140492,44.6344754738953,0.0,0.0,1.0,0.0
516,516,1541.7971948493257,1.5417971948493254,Sector 3,267.8750605606017,0.0,4,0.9,2882850.1304658,5564160.743138456,25.897083340233845,44.6344832832749,0.0,0.0,1.0,0.0
517,517,1544.7971948489485,1.5447971948489485,Sector 3,267.87506055837804,0.0,0,0.1,2882851.9965052586,5564154.7369688675,25.89710010315151,44.6344448891747,0.0,0.0,1.0,0.0
517,517,1544.7971948489485,1.5447971948489485,Sector 3,267.87506055837804,0.0,1,0.25,2882851.3217368955,5564155.961291838,25.89709404160417,44.634452715592275,0.0,0.0,1.0,0.0
517,517,1544.7971948489485,1.5447971948489485,Sector 3,267.87506055837804,0.0,2,0.5,2882850.1971229566,5564158.001830124,25.89708393902527,44.634465759619225,0.0,0.0,1.0,0.0
517,517,1544.7971948489485,1.5447971948489485,Sector 3,267.87506055837804,0.0,3,0.75,2882849.072509018,5564160.04236841,25.89707383644637,44.63447880364324,0.0,0.0,1.0,0.0
517,517,1544.7971948489485,1.5447971948489485,Sector 3,267.87506055837804,0.0,4,0.9,2882848.3977406546,5564161.266691381,25.897067774899032,44.63448663005624,0.0,0.0,1.0,0.0
518,518,1547.7971948490715,1.5477971948490714,Sector 3,267.87506056539974,0.0,0,0.1,2882850.2047900995,5564155.246310131,25.89708400790039,44.63444814511097,0.0,0.0,1.0,0.0
518,518,1547.7971948490715,1.5477971948490714,Sector 3,267.87506056539974,0.0,1,0.25,2882849.5410823636,5564156.473297789,25.89707804571235,44.63445598856197,0.0,0.0,1.0,0.0
518,518,1547.7971948490715,1.5477971948490714,Sector 3,267.87506056539974,0.0,2,0.5,2882848.434902804,5564158.518277219,25.8970681087323,44.63446906097794,0.0,0.0,1.0,0.0
518,518,1547.7971948490715,1.5477971948490714,Sector 3,267.87506056539974,0.0,3,0.75,2882847.328723245,5564160.563256648,25.89705817175225,44.634482133390975,0.0,0.0,1.0,0.0
518,518,1547.7971948490715,1.5477971948490714,Sector 3,267.87506056539974,0.0,4,0.9,2882846.665015509,5564161.790244306,25.897052209564215,44.63448997683737,0.0,0.0,1.0,0.0
519,519,1550.79719484916,1.55079719484916,Sector 3,267.87506057242143,0.0,0,0.1,2882848.41307494,5564155.755651394,25.89706791264926,44.634451401047066,0.0,0.0,1.0,0.0
519,519,1550.79719484916,1.55079719484916,Sector 3,267.87506057242143,0.0,1,0.25,2882847.7604278317,5564156.985303739,25.897062049820537,44.63445926153148,0.0,0.0,1.0,0.0
519,519,1550.79719484916,1.55079719484916,Sector 3,267.87506057242143,0.0,2,0.5,2882846.6726826513,5564159.034724313,25.897052278439325,44.634472362336474,0.0,0.0,1.0,0.0
519,519,1550.79719484916,1.55079719484916,Sector 3,267.87506057242143,0.0,3,0.75,2882845.5849374714,5564161.084144887,25.897042507058124,44.63448546313852,0.0,0.0,1.0,0.0
519,519,1550.79719484916,1.55079719484916,Sector 3,267.87506057242143,0.0,4,0.9,2882844.932290363,5564162.313797232,25.8970366442294,44.634493323618315,0.0,0.0,1.0,0.0
520,520,1553.7971948492484,1.5537971948492484,Sector 3,267.8750605889393,0.0,0,0.1,2882846.625866992,5564156.276542577,25.897051857887103,44.63445473081519,0.0,0.0,1.0,0.0
520,520,1553.7971948492484,1.5537971948492484,Sector 3,267.8750605889393,0.0,1,0.25,2882845.9910413288,5564157.52618449,25.897046155151145,44.63446271908135,0.0,0.0,1.0,0.0
520,520,1553.7971948492484,1.5537971948492484,Sector 3,267.8750605889393,0.0,2,0.5,2882844.9329985576,5564159.60892101,25.897036650591218,44.63447603285582,0.0,0.0,1.0,0.0
520,520,1553.7971948492484,1.5537971948492484,Sector 3,267.8750605889393,0.0,3,0.75,2882843.8749557864,5564161.69165753,25.89702714603129,44.63448934662725,0.0,0.0,1.0,0.0
520,520,1553.7971948492484,1.5537971948492484,Sector 3,267.8750605889393,0.0,4,0.9,2882843.240130123,5564162.941299443,25.897021443295333,44.63449733488864,0.0,0.0,1.0,0.0
521,521,1556.7971948493368,1.5567971948493369,Sector 3,267.8750605387336,0.0,0,0.1,2882844.84717245,5564156.817113571,25.897035879602175,44.634458186385224,0.0,0.0,1.0,0.0
521,521,1556.7971948493368,1.5567971948493369,Sector 3,267.8750605387336,0.0,1,0.25,2882844.2429383406,5564158.116264766,25.89703045167482,44.63446649113619,0.0,0.0,1.0,0.0
521,521,1556.7971948493368,1.5567971948493369,Sector 3,267.8750605387336,0.0,2,0.5,2882843.2358814916,5564160.281516757,25.897021405129223,44.63448033238514,0.0,0.0,1.0,0.0
521,521,1556.7971948493368,1.5567971948493369,Sector 3,267.8750605387336,0.0,3,0.75,2882842.2288246425,5564162.446768749,25.89701235858363,44.6344941736308,0.0,0.0,1.0,0.0
521,521,1556.7971948493368,1.5567971948493369,Sector 3,267.8750605387336,0.0,4,0.9,2882841.6245905333,5564163.745919944,25.897006930656275,44.63450247837661,0.0,0.0,1.0,0.0
522,522,1559.79719484896,1.55979719484896,Sector 3,267.8750605555021,0.0,0,0.1,2882843.0735313706,5564157.367034006,25.897019946713275,44.63446170172083,0.0,0.0,1.0,0.0
522,522,1559.79719484896,1.55979719484896,Sector 3,267.8750605555021,0.0,1,0.25,2882842.5074690096,5564158.729718646,25.897014861688568,44.634470412605204,0.0,0.0,1.0,0.0
522,522,1559.79719484896,1.55979719484896,Sector 3,267.8750605555021,0.0,2,0.5,2882841.5640317416,5564161.000859714,25.897006386647394,44.63448493074294,0.0,0.0,1.0,0.0
522,522,1559.79719484896,1.55979719484896,Sector 3,267.8750605555021,0.0,3,0.75,2882840.620594473,5564163.272000782,25.896997911606217,44.63449944887704,0.0,0.0,1.0,0.0
522,522,1559.79719484896,1.55979719484896,Sector 3,267.8750605555021,0.0,4,0.9,2882840.054532112,5564164.634685422,25.89699282658151,44.634508159755754,0.0,0.0,1.0,0.0
523,523,1562.7971948490483,1.5627971948490482,Sector 3,267.87506059101213,0.0,0,0.1,2882841.307516983,5564157.938872429,25.89700408233611,44.63446535716571,0.0,0.0,1.0,0.0
523,523,1562.7971948490483,1.5627971948490482,Sector 3,267.87506059101213,0.0,1,0.25,2882840.778355255,5564159.361437517,25.89699932879543,44.63447445083187,0.0,0.0,1.0,0.0
523,523,1562.7971948490483,1.5627971948490482,Sector 3,267.87506059101213,0.0,2,0.5,2882839.896419042,5564161.732379331,25.89699140622763,44.63448960693894,0.0,0.0,1.0,0.0
523,523,1562.7971948490483,1.5627971948490482,Sector 3,267.87506059101213,0.0,3,0.75,2882839.0144828283,5564164.103321145,25.896983483659827,44.634504763042074,0.0,0.0,1.0,0.0
523,523,1562.7971948490483,1.5627971948490482,Sector 3,267.87506059101213,0.0,4,0.9,2882838.485321101,5564165.525886234,25.89697873011915,44.63451385670204,0.0,0.0,1.0,0.0
524,524,1565.7971948491368,1.5657971948491367,Sector 3,267.8750605980339,0.0,0,0.1,2882839.604433765,5564158.687648207,25.896988783279262,44.63447014367233,0.0,0.0,1.0,0.0
524,524,1565.7971948491368,1.5657971948491367,Sector 3,267.8750605980339,0.0,1,0.25,2882839.101684142,5564160.140604183,25.89698426700256,44.63447943160971,0.0,0.0,1.0,0.0
524,524,1565.7971948491368,1.5657971948491367,Sector 3,267.8750605980339,0.0,2,0.5,2882838.263768103,5564162.5621974785,25.89697673987471,44.63449491150205,0.0,0.0,1.0,0.0
524,524,1565.7971948491368,1.5657971948491367,Sector 3,267.8750605980339,0.0,3,0.75,2882837.4258520645,5564164.983790773,25.89696921274687,44.634510391390265,0.0,0.0,1.0,0.0
524,524,1565.7971948491368,1.5657971948491367,Sector 3,267.8750605980339,0.0,4,0.9,2882836.9231024412,5564166.43674675,25.896964696470164,44.63451967932122,0.0,0.0,1.0,0.0
525,525,1568.7971948492252,1.5687971948492252,Sector 3,267.87506051959053,0.0,0,0.1,2882838.0078449612,5564159.647181318,25.896974440878015,44.63447627743263,0.0,0.0,1.0,0.0
525,525,1568.7971948492252,1.5687971948492252,Sector 3,267.87506051959053,0.0,1,0.25,2882837.5137583734,5564161.095401961,25.896970002422677,44.6344855350987,0.0,0.0,1.0,0.0
525,525,1568.7971948492252,1.5687971948492252,Sector 3,267.87506051959053,0.0,2,0.5,2882836.6902807276,5564163.509103033,25.896962604997125,44.63450096453885,0.0,0.0,1.0,0.0
525,525,1568.7971948492252,1.5687971948492252,Sector 3,267.87506051959053,0.0,3,0.75,2882835.8668030817,5564165.922804104,25.89695520757157,44.63451639397491,0.0,0.0,1.0,0.0
525,525,1568.7971948492252,1.5687971948492252,Sector 3,267.87506051959053,0.0,4,0.9,2882835.372716494,5564167.371024747,25.896950769116238,44.634525651634576,0.0,0.0,1.0,0.0
526,526,1571.7971948493482,1.5717971948493483,Sector 3,267.8750605833382,0.0,0,0.1,2882836.4112561564,5564160.606714428,25.896960098476754,44.63448241119229,0.0,0.0,1.0,0.0
526,526,1571.7971948493482,1.5717971948493483,Sector 3,267.8750605833382,0.0,1,0.25,2882835.925832605,5564162.050199738,25.8969557378428,44.63449163858703,0.0,0.0,1.0,0.0
526,526,1571.7971948493482,1.5717971948493483,Sector 3,267.8750605833382,0.0,2,0.5,2882835.1167933517,5564164.456008586,25.896948470119536,44.63450701757501,0.0,0.0,1.0,0.0
526,526,1571.7971948493482,1.5717971948493483,Sector 3,267.8750605833382,0.0,3,0.75,2882834.3077540984,5564166.861817434,25.89694120239627,44.63452239655892,0.0,0.0,1.0,0.0
526,526,1571.7971948493482,1.5717971948493483,Sector 3,267.8750605833382,0.0,4,0.9,2882833.822330547,5564168.305302744,25.89693684176231,44.634531623947304,0.0,0.0,1.0,0.0
527,527,1574.7971948489712,1.5747971948489712,Sector 3,267.87506056212226,0.0,0,0.1,2882834.8146673525,5564161.566247539,25.896945756075507,44.63448854495129,0.0,0.0,1.0,0.0
527,527,1574.7971948489712,1.5747971948489712,Sector 3,267.87506056212226,0.0,1,0.25,2882834.3379068365,5564163.004997514,25.896941473262924,44.63449774207473,0.0,0.0,1.0,0.0
527,527,1574.7971948489712,1.5747971948489712,Sector 3,267.87506056212226,0.0,2,0.5,2882833.5433059763,5564165.40291414,25.896934335241948,44.634513070610545,0.0,0.0,1.0,0.0
527,527,1574.7971948489712,1.5747971948489712,Sector 3,267.87506056212226,0.0,3,0.75,2882832.748705116,5564167.800830767,25.896927197220972,44.63452839914232,0.0,0.0,1.0,0.0
527,527,1574.7971948489712,1.5747971948489712,Sector 3,267.87506056212226,0.0,4,0.9,2882832.2719446,5564169.239580742,25.89692291440839,44.634537596259435,0.0,0.0,1.0,0.0
528,528,1577.7971948490597,1.5777971948490597,Sector 3,267.8750605881362,0.0,0,0.1,2882833.2180785476,5564162.525780649,25.896931413674245,44.63449467870965,0.0,0.0,1.0,0.0
528,528,1577.7971948490597,1.5777971948490597,Sector 3,267.8750605881362,0.0,1,0.25,2882832.749981067,5564163.959795291,25.896927208683035,44.63450384556178,0.0,0.0,1.0,0.0
528,528,1577.7971948490597,1.5777971948490597,Sector 3,267.8750605881362,0.0,2,0.5,2882831.9698186005,5564166.349819695,25.896920200364356,44.63451912364545,0.0,0.0,1.0,0.0
528,528,1577.7971948490597,1.5777971948490597,Sector 3,267.8750605881362,0.0,3,0.75,2882831.1896561338,5564168.739844099,25.896913192045677,44.6345344017251,0.0,0.0,1.0,0.0
528,528,1577.7971948490597,1.5777971948490597,Sector 3,267.8750605881362,0.0,4,0.9,2882830.7215586533,5564170.17385874,25.896908987054463,44.63454356857095,0.0,0.0,1.0,0.0
529,529,1580.797194849148,1.5807971948491482,Sector 3,267.87506055717347,0.0,0,0.1,2882831.6214897432,5564163.485313759,25.89691707127299,44.63450081246736,0.0,0.0,1.0,0.0
529,529,1580.797194849148,1.5807971948491482,Sector 3,267.87506055717347,0.0,1,0.25,2882831.1620552987,5564164.914593068,25.896912944103157,44.634509949048194,0.0,0.0,1.0,0.0
529,529,1580.797194849148,1.5807971948491482,Sector 3,267.87506055717347,0.0,2,0.5,2882830.396331225,5564167.296725249,25.896906065486768,44.63452517667972,0.0,0.0,1.0,0.0
529,529,1580.797194849148,1.5807971948491482,Sector 3,267.87506055717347,0.0,3,0.75,2882829.6306071514,5564169.67885743,25.89689918687038,44.63454040430725,0.0,0.0,1.0,0.0
529,529,1580.797194849148,1.5807971948491482,Sector 3,267.87506055717347,0.0,4,0.9,2882829.171172707,5564171.108136739,25.896895059700547,44.634549540881856,0.0,0.0,1.0,0.0
530,530,1583.7971948492366,1.5837971948492366,Sector 3,267.8750605926835,0.0,0,0.1,2882830.024900939,5564164.44484687,25.896902728871737,44.63450694622443,0.0,0.0,1.0,0.0
530,530,1583.7971948492366,1.5837971948492366,Sector 3,267.8750605926835,0.0,1,0.25,2882829.57412953,5564165.869390845,25.89689867952328,44.63451605253397,0.0,0.0,1.0,0.0
530,530,1583.7971948492366,1.5837971948492366,Sector 3,267.8750605926835,0.0,2,0.5,2882828.822843849,5564168.243630803,25.89689193060918,44.63453122971336,0.0,0.0,1.0,0.0
530,530,1583.7971948492366,1.5837971948492366,Sector 3,267.8750605926835,0.0,3,0.75,2882828.071558168,5564170.617870761,25.89688518169508,44.63454640688879,0.0,0.0,1.0,0.0
530,530,1583.7971948492366,1.5837971948492366,Sector 3,267.8750605926835,0.0,4,0.9,2882827.6207867595,5564172.042414736,25.896881132346618,44.63455551319213,0.0,0.0,1.0,0.0
531,531,1586.797194849325,1.5867971948493251,Sector 3,267.8750605424778,0.0,0,0.1,2882828.4283121345,5564165.404379981,25.896888386470483,44.63451307998084,0.0,0.0,1.0,0.0
531,531,1586.797194849325,1.5867971948493251,Sector 3,267.8750605424778,0.0,1,0.25,2882827.986203762,5564166.824188622,25.8968844149434,44.634522156019095,0.0,0.0,1.0,0.0
531,531,1586.797194849325,1.5867971948493251,Sector 3,267.8750605424778,0.0,2,0.5,2882827.249356474,5564169.190536357,25.896877795731594,44.63453728274637,0.0,0.0,1.0,0.0
531,531,1586.797194849325,1.5867971948493251,Sector 3,267.8750605424778,0.0,3,0.75,2882826.512509186,5564171.556884093,25.89687117651978,44.634552409469705,0.0,0.0,1.0,0.0
531,531,1586.797194849325,1.5867971948493251,Sector 3,267.8750605424778,0.0,4,0.9,2882826.070400813,5564172.976692734,25.8968672049927,44.63456148550181,0.0,0.0,1.0,0.0
532,532,1589.797194848948,1.589797194848948,Sector 3,267.87506054975023,0.0,0,0.1,2882826.83172333,5564166.363913092,25.89687404406923,44.63451921373661,0.0,0.0,1.0,0.0
532,532,1589.797194848948,1.589797194848948,Sector 3,267.87506054975023,0.0,1,0.25,2882826.3982779933,5564167.778986399,25.896870150363522,44.63452825950359,0.0,0.0,1.0,0.0
532,532,1589.797194848948,1.589797194848948,Sector 3,267.87506054975023,0.0,2,0.5,2882825.6758690984,5564170.137441912,25.896863660854002,44.63454333577875,0.0,0.0,1.0,0.0
532,532,1589.797194848948,1.589797194848948,Sector 3,267.87506054975023,0.0,3,0.75,2882824.9534602035,5564172.495897424,25.896857171344486,44.63455841204999,0.0,0.0,1.0,0.0
532,532,1589.797194848948,1.589797194848948,Sector 3,267.87506054975023,0.0,4,0.9,2882824.5200148667,5564173.910970732,25.89685327763878,44.63456745781085,0.0,0.0,1.0,0.0
533,533,1592.797194849071,1.5927971948490711,Sector 3,267.87506058526026,0.0,0,0.1,2882825.241083187,5564167.331981204,25.89685975510571,44.63452540205119,0.0,0.0,1.0,0.0
533,533,1592.797194849071,1.5927971948490711,Sector 3,267.87506058526026,0.0,1,0.25,2882824.825223878,5564168.755121684,25.896856019377978,44.634534499386085,0.0,0.0,1.0,0.0
533,533,1592.797194849071,1.5927971948490711,Sector 3,267.87506058526026,0.0,2,0.5,2882824.1321250293,5564171.127022483,25.896849793165085,44.634549661607736,0.0,0.0,1.0,0.0
533,533,1592.797194849071,1.5927971948490711,Sector 3,267.87506058526026,0.0,3,0.75,2882823.439026181,5564173.498923283,25.896843566952196,44.63456482382543,0.0,0.0,1.0,0.0
533,533,1592.797194849071,1.5927971948490711,Sector 3,267.87506058526026,0.0,4,0.9,2882823.023166872,5564174.922063762,25.896839831224465,44.634573921154136,0.0,0.0,1.0,0.0
534,534,1595.7971948491595,1.5957971948491596,Sector 3,267.87506055429753,0.0,0,0.1,2882823.6768950145,5564168.339022962,25.896845703764285,44.634531839501655,0.0,0.0,1.0,0.0
534,534,1595.7971948491595,1.5957971948491596,Sector 3,267.87506055429753,0.0,1,0.25,2882823.2919813725,5564169.787883709,25.896842246026207,44.63454110125067,0.0,0.0,1.0,0.0
534,534,1595.7971948491595,1.5957971948491596,Sector 3,267.87506055429753,0.0,2,0.5,2882822.650458636,5564172.20265162,25.896836483129416,44.634556537495754,0.0,0.0,1.0,0.0
534,534,1595.7971948491595,1.5957971948491596,Sector 3,267.87506055429753,0.0,3,0.75,2882822.0089359,5564174.617419532,25.896830720232625,44.63457197373673,0.0,0.0,1.0,0.0
534,534,1595.7971948491595,1.5957971948491596,Sector 3,267.87506055429753,0.0,4,0.9,2882821.624022258,5564176.066280278,25.89682726249455,44.63458123547935,0.0,0.0,1.0,0.0
535,535,1598.797194849248,1.598797194849248,Sector 3,267.87506058006073,0.0,0,0.1,2882822.162760469,5564169.421284977,25.89683210206224,44.63453875779203,0.0,0.0,1.0,0.0
535,535,1598.797194849248,1.598797194849248,Sector 3,267.87506058006073,0.0,1,0.25,2882821.809393172,5564170.893727032,25.896828927709805,44.6345481702819,0.0,0.0,1.0,0.0
535,535,1598.797194849248,1.598797194849248,Sector 3,267.87506058006073,0.0,2,0.5,2882821.220447677,5564173.34779712,25.896823637122406,44.63456385776162,0.0,0.0,1.0,0.0
535,535,1598.797194849248,1.598797194849248,Sector 3,267.87506058006073,0.0,3,0.75,2882820.6315021818,5564175.801867209,25.896818346535007,44.634579545237116,0.0,0.0,1.0,0.0
535,535,1598.797194849248,1.598797194849248,Sector 3,267.87506058006073,0.0,4,0.9,2882820.278134885,5564177.274309263,25.896815172182567,44.63458895772037,0.0,0.0,1.0,0.0
536,536,1601.7971948493364,1.6017971948493364,Sector 3,267.8750605585941,0.0,0,0.1,2882820.6593809733,5564170.518887035,25.89681859697445,44.6345457741418,0.0,0.0,1.0,0.0
536,536,1601.7971948493364,1.6017971948493364,Sector 3,267.8750605585941,0.0,1,0.25,2882820.3357675127,5564172.012353721,25.896815689905274,44.6345553210291,0.0,0.0,1.0,0.0
536,536,1601.7971948493364,1.6017971948493364,Sector 3,267.8750605585941,0.0,2,0.5,2882819.7964117453,5564174.501464866,25.89681084478998,44.63457123250445,0.0,0.0,1.0,0.0
536,536,1601.7971948493364,1.6017971948493364,Sector 3,267.8750605585941,0.0,3,0.75,2882819.2570559774,5564176.99057601,25.89680599967468,44.63458714397543,0.0,0.0,1.0,0.0
536,536,1601.7971948493364,1.6017971948493364,Sector 3,267.8750605585941,0.0,4,0.9,2882818.933442517,5564178.484042697,25.896803092605506,44.634596690855936,0.0,0.0,1.0,0.0
537,537,1604.7971948489594,1.6047971948489594,Sector 3,267.87506056586653,0.0,0,0.1,2882819.1560014775,5564171.616489091,25.896805091886662,44.63455279049071,0.0,0.0,1.0,0.0
537,537,1604.7971948489594,1.6047971948489594,Sector 3,267.87506056586653,0.0,1,0.25,2882818.862141853,5564173.130980411,25.896802452100744,44.63456247177541,0.0,0.0,1.0,0.0
537,537,1604.7971948489594,1.6047971948489594,Sector 3,267.87506056586653,0.0,2,0.5,2882818.3723758133,5564175.65513261,25.896798052457548,44.634578607246326,0.0,0.0,1.0,0.0
537,537,1604.7971948489594,1.6047971948489594,Sector 3,267.87506056586653,0.0,3,0.75,2882817.8826097734,5564178.179284809,25.896793652814356,44.63459474271276,0.0,0.0,1.0,0.0
537,537,1604.7971948489594,1.6047971948489594,Sector 3,267.87506056586653,0.0,4,0.9,2882817.588750149,5564179.693776129,25.89679101302844,44.63460442399045,0.0,0.0,1.0,0.0
538,538,1607.797194849048,1.607797194849048,Sector 3,267.87506056339214,0.0,0,0.1,2882817.6526219826,5564172.714091148,25.896791586798884,44.63455980683877,0.0,0.0,1.0,0.0
538,538,1607.797194849048,1.607797194849048,Sector 3,267.87506056339214,0.0,1,0.25,2882817.3885161947,5564174.249607101,25.896789214296223,44.63456962252084,0.0,0.0,1.0,0.0
538,538,1607.797194849048,1.607797194849048,Sector 3,267.87506056339214,0.0,2,0.5,2882816.9483398823,5564176.808800356,25.89678526012513,44.63458598198728,0.0,0.0,1.0,0.0
538,538,1607.797194849048,1.607797194849048,Sector 3,267.87506056339214,0.0,3,0.75,2882816.5081635695,5564179.367993611,25.896781305954036,44.63460234144909,0.0,0.0,1.0,0.0
538,538,1607.797194849048,1.607797194849048,Sector 3,267.87506056339214,0.0,4,0.9,2882816.244057782,5564180.903509564,25.89677893345138,44.63461215712397,0.0,0.0,1.0,0.0
539,539,1610.7971948491363,1.6107971948491362,Sector 3,267.8750605609177,0.0,0,0.1,2882816.149242487,5564173.8116932055,25.896778081711094,44.634566823186,0.0,0.0,1.0,0.0
539,539,1610.7971948491363,1.6107971948491362,Sector 3,267.8750605609177,0.0,1,0.25,2882815.914890536,5564175.368233792,25.8967759764917,44.6345767732654,0.0,0.0,1.0,0.0
539,539,1610.7971948491363,1.6107971948491362,Sector 3,267.8750605609177,0.0,2,0.5,2882815.524303951,5564177.962468102,25.896772467792704,44.63459335672729,0.0,0.0,1.0,0.0
539,539,1610.7971948491363,1.6107971948491362,Sector 3,267.8750605609177,0.0,3,0.75,2882815.1337173656,5564180.556702412,25.896768959093713,44.634609940184426,0.0,0.0,1.0,0.0
539,539,1610.7971948491363,1.6107971948491362,Sector 3,267.8750605609177,0.0,4,0.9,2882814.899365415,5564182.113242998,25.896766853874322,44.63461989025643,0.0,0.0,1.0,0.0
540,540,1613.7971948492593,1.613797194849259,Sector 3,267.87506057743553,0.0,0,0.1,2882814.656988856,5564174.920267925,25.896764676568647,44.63457390967437,0.0,0.0,1.0,0.0
540,540,1613.7971948492593,1.613797194849259,Sector 3,267.87506057743553,0.0,1,0.25,2882814.4690795382,5564176.514292138,25.896762988550524,44.634584099364034,0.0,0.0,1.0,0.0
540,540,1613.7971948492593,1.613797194849259,Sector 3,267.87506057743553,0.0,2,0.5,2882814.1558973426,5564179.170999158,25.896760175186994,44.63460108217615,0.0,0.0,1.0,0.0
540,540,1613.7971948492593,1.613797194849259,Sector 3,267.87506057743553,0.0,3,0.75,2882813.8427151465,5564181.82770618,25.89675736182346,44.634618064983314,0.0,0.0,1.0,0.0
540,540,1613.7971948492593,1.613797194849259,Sector 3,267.87506057743553,0.0,4,0.9,2882813.654805829,5564183.421730393,25.89675567380534,44.63462825466522,0.0,0.0,1.0,0.0
541,541,1616.7971948493478,1.6167971948493478,Sector 3,267.87506059370264,0.0,0,0.1,2882813.167202468,5564176.031111294,25.896751293589826,44.63458101066406,0.0,0.0,1.0,0.0
541,541,1616.7971948493478,1.6167971948493478,Sector 3,267.87506059370264,0.0,1,0.25,2882813.0294366493,5564177.666022111,25.896750056018416,44.6345914617172,0.0,0.0,1.0,0.0
541,541,1616.7971948493478,1.6167971948493478,Sector 3,267.87506059370264,0.0,2,0.5,2882812.7998269517,5564180.390873469,25.89674799339941,44.63460888013492,0.0,0.0,1.0,0.0
541,541,1616.7971948493478,1.6167971948493478,Sector 3,267.87506059370264,0.0,3,0.75,2882812.5702172536,5564183.115724828,25.896745930780398,44.63462629854742,0.0,0.0,1.0,0.0
541,541,1616.7971948493478,1.6167971948493478,Sector 3,267.87506059370264,0.0,4,0.9,2882812.432451435,5564184.750635644,25.896744693208994,44.63463674959241,0.0,0.0,1.0,0.0
542,542,1619.7971948489708,1.619797194848971,Sector 3,267.87506053450227,0.0,0,0.1,2882811.7800197685,5564177.26639853,25.896738832315616,44.63458890715157,0.0,0.0,1.0,0.0
542,542,1619.7971948489708,1.619797194848971,Sector 3,267.87506053450227,0.0,1,0.25,2882811.675792867,5564178.921894527,25.89673789602943,44.63459948979259,0.0,0.0,1.0,0.0
542,542,1619.7971948489708,1.619797194848971,Sector 3,267.87506053450227,0.0,2,0.5,2882811.5020813635,5564181.681054523,25.896736335552443,44.63461712752335,0.0,0.0,1.0,0.0
542,542,1619.7971948489708,1.619797194848971,Sector 3,267.87506053450227,0.0,3,0.75,2882811.3283698605,5564184.440214518,25.896734775075462,44.63463476524875,0.0,0.0,1.0,0.0
542,542,1619.7971948489708,1.619797194848971,Sector 3,267.87506053450227,0.0,4,0.9,2882811.224142959,5564186.095710516,25.896733838789274,44.63464534788141,0.0,0.0,1.0,0.0
543,543,1622.7971948490592,1.6227971948490592,Sector 3,267.8750605795084,0.0,0,0.1,2882810.4689227114,5564178.588592832,25.896727054530363,44.63459735918524,0.0,0.0,1.0,0.0
543,543,1622.7971948490592,1.6227971948490592,Sector 3,267.8750605795084,0.0,1,0.25,2882810.385553786,5564180.2501895,25.896726305614564,44.63460798082283,0.0,0.0,1.0,0.0
543,543,1622.7971948490592,1.6227971948490592,Sector 3,267.8750605795084,0.0,2,0.5,2882810.246605577,5564183.01951728,25.896725057421563,44.6346256835478,0.0,0.0,1.0,0.0
543,543,1622.7971948490592,1.6227971948490592,Sector 3,267.8750605795084,0.0,3,0.75,2882810.107657368,5564185.788845059,25.896723809228565,44.63464338626739,0.0,0.0,1.0,0.0
543,543,1622.7971948490592,1.6227971948490592,Sector 3,267.8750605795084,0.0,4,0.9,2882810.0242884425,5564187.450441727,25.896723060312766,44.63465400789654,0.0,0.0,1.0,0.0
544,544,1625.7971948491477,1.6257971948491476,Sector 3,265.9022998013701,0.0,0,0.1,2882809.1763388277,5564179.929531872,25.896715443051775,44.63460593104208,0.0,0.0,1.0,0.0
544,544,1625.7971948491477,1.6257971948491476,Sector 3,265.9022998013701,0.0,1,0.25,2882809.1107423496,5564181.594105088,25.896714853788588,44.63461657170546,0.0,0.0,1.0,0.0
544,544,1625.7971948491477,1.6257971948491476,Sector 3,265.9022998013701,0.0,2,0.5,2882809.0014148867,5564184.368393781,25.89671387168328,44.63463430614007,0.0,0.0,1.0,0.0
544,544,1625.7971948491477,1.6257971948491476,Sector 3,265.9022998013701,0.0,3,0.75,2882808.8920874232,5564187.142682473,25.896712889577966,44.63465204056928,0.0,0.0,1.0,0.0
544,544,1625.7971948491477,1.6257971948491476,Sector 3,265.9022998013701,0.0,4,0.9,2882808.826490945,5564188.807255689,25.896712300314775,44.6346626812242,0.0,0.0,1.0,0.0
545,545,1628.7944332859986,1.6287944332859985,Sector 3,262.8383047093432,0.0,0,0.1,2882807.885932982,5564181.27008664,25.896703851138835,44.63461450044121,0.0,0.0,1.0,0.0
545,545,1628.7944332859986,1.6287944332859985,Sector 3,262.8383047093432,0.0,1,0.25,2882807.8395748716,5564182.938908795,25.896703434696846,44.63462516826405,0.0,0.0,1.0,0.0
545,545,1628.7944332859986,1.6287944332859985,Sector 3,262.8383047093432,0.0,2,0.5,2882807.7623113547,5564185.720279055,25.89670274062686,44.634642947964416,0.0,0.0,1.0,0.0
545,545,1628.7944332859986,1.6287944332859985,Sector 3,262.8383047093432,0.0,3,0.75,2882807.685047838,5564188.501649314,25.896702046556882,44.634660727659345,0.0,0.0,1.0,0.0
545,545,1628.7944332859986,1.6287944332859985,Sector 3,262.8383047093432,0.0,4,0.9,2882807.6386897275,5564190.170471469,25.89670163011489,44.63467139547368,0.0,0.0,1.0,0.0
546,546,1631.7944332859531,1.6317944332859533,Sector 3,262.8383047295982,0.0,0,0.1,2882806.60267527,5564182.618224925,25.89669232343867,44.634623118316156,0.0,0.0,1.0,0.0
546,546,1631.7944332859531,1.6317944332859533,Sector 3,262.8383047295982,0.0,1,0.25,2882806.588078864,5564184.300822495,25.896692192316927,44.634633874195714,0.0,0.0,1.0,0.0
546,546,1631.7944332859531,1.6317944332859533,Sector 3,262.8383047295982,0.0,2,0.5,2882806.56375152,5564187.105151777,25.89669197378068,44.6346518006572,0.0,0.0,1.0,0.0
546,546,1631.7944332859531,1.6317944332859533,Sector 3,262.8383047295982,0.0,3,0.75,2882806.5394241763,5564189.90948106,25.896691755244433,44.63466972711315,0.0,0.0,1.0,0.0
546,546,1631.7944332859531,1.6317944332859533,Sector 3,262.8383047295982,0.0,4,0.9,2882806.5248277704,5564191.592078629,25.89669162412269,44.634680482984066,0.0,0.0,1.0,0.0
547,547,1634.794433286254,1.6347944332862538,Sector 3,262.83830467021,0.0,0,0.1,2882805.3564709113,5564183.998022437,25.896681128594448,44.63463193856906,0.0,0.0,1.0,0.0
547,547,1634.794433286254,1.6347944332862538,Sector 3,262.83830467021,0.0,1,0.25,2882805.384396656,5564185.701794805,25.89668137945568,44.634642829805266,0.0,0.0,1.0,0.0
547,547,1634.794433286254,1.6347944332862538,Sector 3,262.83830467021,0.0,2,0.5,2882805.4309395645,5564188.541415417,25.89668179755774,44.63466098186105,0.0,0.0,1.0,0.0
547,547,1634.794433286254,1.6347944332862538,Sector 3,262.83830467021,0.0,3,0.75,2882805.4774824725,5564191.381036028,25.896682215659798,44.63467913391116,0.0,0.0,1.0,0.0
547,547,1634.794433286254,1.6347944332862538,Sector 3,262.83830467021,0.0,4,0.9,2882805.505408217,5564193.084808396,25.896682466521032,44.63469002513851,0.0,0.0,1.0,0.0
548,548,1637.7944332862087,1.6377944332862089,Sector 3,262.8383047187505,0.0,0,0.1,2882804.2265101187,5564185.474746787,25.89667097798394,44.634641378418074,0.0,0.0,1.0,0.0
548,548,1637.7944332862087,1.6377944332862089,Sector 3,262.8383047187505,0.0,1,0.25,2882804.277584087,5564187.183539479,25.89667143678921,44.634652301744545,0.0,0.0,1.0,0.0
548,548,1637.7944332862087,1.6377944332862089,Sector 3,262.8383047187505,0.0,2,0.5,2882804.362707367,5564190.031527299,25.896672201464646,44.634670507284085,0.0,0.0,1.0,0.0
548,548,1637.7944332862087,1.6377944332862089,Sector 3,262.8383047187505,0.0,3,0.75,2882804.4478306477,5564192.87951512,25.896672966140084,44.634688712817926,0.0,0.0,1.0,0.0
548,548,1637.7944332862087,1.6377944332862089,Sector 3,262.8383047187505,0.0,4,0.9,2882804.498904616,5564194.588307812,25.896673424945348,44.63469963613548,0.0,0.0,1.0,0.0
549,549,1640.7944332861634,1.6407944332861637,Sector 3,242.38076599855228,0.0,0,0.1,2882803.269581381,5564187.072690861,25.89666238174684,44.63465159315329,0.0,0.0,1.0,0.0
549,549,1640.7944332861634,1.6407944332861637,Sector 3,242.38076599855228,0.0,1,0.25,2882803.314964897,5564188.766300591,25.896662789433897,44.63466241942195,0.0,0.0,1.0,0.0
549,549,1640.7944332861634,1.6407944332861637,Sector 3,242.38076599855228,0.0,2,0.5,2882803.3906040904,5564191.588983474,25.896663468912333,44.63468046319854,0.0,0.0,1.0,0.0
549,549,1640.7944332861634,1.6407944332861637,Sector 3,242.38076599855228,0.0,3,0.75,2882803.466243284,5564194.411666357,25.896664148390766,44.634698506969514,0.0,0.0,1.0,0.0
549,549,1640.7944332861634,1.6407944332861637,Sector 3,242.38076599855228,0.0,4,0.9,2882803.5116267996,5564196.105276086,25.896664556077827,44.63470933322941,0.0,0.0,1.0,0.0
550,550,1643.6810442364815,1.6436810442364818,Sector 3,230.19458212892064,0.0,0,0.1,2882802.3489522263,5564188.610322831,25.89665411159443,44.63466142234631,0.0,0.0,1.0,0.0
550,550,1643.6810442364815,1.6436810442364818,Sector 3,230.19458212892064,0.0,1,0.25,2882802.3890571212,5564190.289449983,25.89665447186283,44.634672156034405,0.0,0.0,1.0,0.0
550,550,1643.6810442364815,1.6436810442364818,Sector 3,230.19458212892064,0.0,2,0.5,2882802.4558986127,5564193.087995237,25.896655072310164,44.63469004551013,0.0,0.0,1.0,0.0
550,550,1643.6810442364815,1.6436810442364818,Sector 3,230.19458212892064,0.0,3,0.75,2882802.522740104,5564195.88654049,25.896655672757493,44.63470793498035,0.0,0.0,1.0,0.0
550,550,1643.6810442364815,1.6436810442364818,Sector 3,230.19458212892064,0.0,4,0.9,2882802.5628449987,5564197.565667642,25.896656033025895,44.63471866865982,0.0,0.0,1.0,0.0
551,551,1646.68104423593,1.64668104423593,Sector 3,230.1945821144738,0.0,0,0.1,2882801.3951472314,5564190.210275662,25.89664554341838,44.63467164991883,0.0,0.0,1.0,0.0
551,551,1646.68104423593,1.64668104423593,Sector 3,230.1945821144738,0.0,1,0.25,2882801.434247287,5564191.8772329865,25.896645894660157,44.63468230581038,0.0,0.0,1.0,0.0
551,551,1646.68104423593,1.64668104423593,Sector 3,230.1945821144738,0.0,2,0.5,2882801.4994140463,5564194.655495193,25.896646480063115,44.634700065625275,0.0,0.0,1.0,0.0
551,551,1646.68104423593,1.64668104423593,Sector 3,230.1945821144738,0.0,3,0.75,2882801.564580805,5564197.4337574,25.896647065466066,44.634717825434734,0.0,0.0,1.0,0.0
551,551,1646.68104423593,1.64668104423593,Sector 3,230.1945821144738,0.0,4,0.9,2882801.6036808607,5564199.1007147245,25.896647416707843,44.634728481317815,0.0,0.0,1.0,0.0
552,552,1649.681044236332,1.649681044236332,Sector 3,230.194582127614,0.0,0,0.1,2882800.4556055777,5564191.818277552,25.896637103372104,44.634681928942506,0.0,0.0,1.0,0.0
552,552,1649.681044236332,1.649681044236332,Sector 3,230.194582127614,0.0,1,0.25,2882800.5150958067,5564193.485138636,25.89663763778192,44.634692584216964,0.0,0.0,1.0,0.0
552,552,1649.681044236332,1.649681044236332,Sector 3,230.194582127614,0.0,2,0.5,2882800.6142461887,5564196.263240444,25.89663852846496,44.63471034300337,0.0,0.0,1.0,0.0
552,552,1649.681044236332,1.649681044236332,Sector 3,230.194582127614,0.0,3,0.75,2882800.7133965706,5564199.04134225,25.896639419147995,44.63472810178434,0.0,0.0,1.0,0.0
552,552,1649.681044236332,1.649681044236332,Sector 3,230.194582127614,0.0,4,0.9,2882800.7728867996,5564200.708203334,25.896639953557813,44.63473875705032,0.0,0.0,1.0,0.0
553,553,1652.6810442363762,1.6526810442363762,Sector 3,230.1945821234385,0.0,0,0.1,2882799.5166904354,5564193.426632991,25.896628668953873,44.6346922102244,0.0,0.0,1.0,0.0
553,553,1652.6810442363762,1.6526810442363762,Sector 3,230.1945821234385,0.0,1,0.25,2882799.5975106047,5564195.093928163,25.896629394973807,44.63470286827184,0.0,0.0,1.0,0.0
553,553,1652.6810442363762,1.6526810442363762,Sector 3,230.1945821234385,0.0,2,0.5,2882799.7322108867,5564197.872753449,25.89663060500703,44.634720631679876,0.0,0.0,1.0,0.0
553,553,1652.6810442363762,1.6526810442363762,Sector 3,230.1945821234385,0.0,3,0.75,2882799.8669111687,5564200.651578736,25.89663181504025,44.634738395082486,0.0,0.0,1.0,0.0
553,553,1652.6810442363762,1.6526810442363762,Sector 3,230.1945821234385,0.0,4,0.9,2882799.947731338,5564202.3188739065,25.896632541060182,44.63474905312143,0.0,0.0,1.0,0.0
554,554,1655.6810442364206,1.6556810442364205,Sector 3,230.19458209872016,0.0,0,0.1,2882798.577775293,5564195.034988432,25.896620234535646,44.634702491504484,0.0,0.0,1.0,0.0
554,554,1655.6810442364206,1.6556810442364205,Sector 3,230.19458209872016,0.0,1,0.25,2882798.679925402,5564196.702717692,25.89662115216569,44.63471315232489,0.0,0.0,1.0,0.0
554,554,1655.6810442364206,1.6556810442364205,Sector 3,230.19458209872016,0.0,2,0.5,2882798.850175584,5564199.482266456,25.896622681549093,44.63473092035456,0.0,0.0,1.0,0.0
554,554,1655.6810442364206,1.6556810442364205,Sector 3,230.19458209872016,0.0,3,0.75,2882799.0204257662,5564202.26181522,25.8966242109325,44.634748688378785,0.0,0.0,1.0,0.0
554,554,1655.6810442364206,1.6556810442364205,Sector 3,230.19458209872016,0.0,4,0.9,2882799.1225758754,5564203.92954448,25.896625128562544,44.63475934919071,0.0,0.0,1.0,0.0
555,555,1658.681044236465,1.658681044236465,Sector 3,230.19458212510284,0.0,0,0.1,2882797.6388601502,5564196.643343873,25.896611800117412,44.63471277278274,0.0,0.0,1.0,0.0
555,555,1658.681044236465,1.658681044236465,Sector 3,230.19458212510284,0.0,1,0.25,2882797.762340199,5564198.311507219,25.896612909357565,44.634723436376134,0.0,0.0,1.0,0.0
555,555,1658.681044236465,1.658681044236465,Sector 3,230.19458212510284,0.0,2,0.5,2882797.9681402817,5564201.091779462,25.89661475809116,44.63474120902742,0.0,0.0,1.0,0.0
555,555,1658.681044236465,1.658681044236465,Sector 3,230.19458212510284,0.0,3,0.75,2882798.173940364,5564203.872051705,25.896616606824754,44.63475898167326,0.0,0.0,1.0,0.0
555,555,1658.681044236465,1.658681044236465,Sector 3,230.19458212510284,0.0,4,0.9,2882798.2974204132,5564205.540215051,25.896617716064913,44.63476964525816,0.0,0.0,1.0,0.0
556,556,1661.6810442365093,1.6616810442365093,Sector 3,230.19458210038448,0.0,0,0.1,2882796.699945008,5564198.2516993135,25.896603365699185,44.63472305405918,0.0,0.0,1.0,0.0
556,556,1661.6810442365093,1.6616810442365093,Sector 3,230.19458210038448,0.0,1,0.25,2882796.8447549976,5564199.920296746,25.896604666549454,44.63473372042553,0.0,0.0,1.0,0.0
556,556,1661.6810442365093,1.6616810442365093,Sector 3,230.19458210038448,0.0,2,0.5,2882797.0861049797,5564202.701292468,25.896606834633236,44.63475149769845,0.0,0.0,1.0,0.0
556,556,1661.6810442365093,1.6616810442365093,Sector 3,230.19458210038448,0.0,3,0.75,2882797.327454962,5564205.48228819,25.89660900271701,44.634769274965926,0.0,0.0,1.0,0.0
556,556,1661.6810442365093,1.6616810442365093,Sector 3,230.19458210038448,0.0,4,0.9,2882797.4722649516,5564207.150885623,25.896610303567282,44.63477994132379,0.0,0.0,1.0,0.0
557,557,1664.6810442365536,1.6646810442365536,Sector 3,230.1945821340672,0.0,0,0.1,2882795.7596563795,5564199.859349459,25.896594918942718,44.634733330825256,0.0,0.0,1.0,0.0
557,557,1664.6810442365536,1.6646810442365536,Sector 3,230.1945821340672,0.0,1,0.25,2882795.92373608,5564201.527323037,25.89659639289575,44.63474399320178,0.0,0.0,1.0,0.0
557,557,1664.6810442365536,1.6646810442365536,Sector 3,230.1945821340672,0.0,2,0.5,2882796.1972022476,5564204.307279001,25.89659884948413,44.634761763825,0.0,0.0,1.0,0.0
557,557,1664.6810442365536,1.6646810442365536,Sector 3,230.1945821340672,0.0,3,0.75,2882796.4706684146,5564207.087234965,25.896601306072505,44.63477953444276,0.0,0.0,1.0,0.0
557,557,1664.6810442365536,1.6646810442365536,Sector 3,230.1945821340672,0.0,4,0.9,2882796.634748115,5564208.755208543,25.896602780025535,44.634790196810805,0.0,0.0,1.0,0.0
558,558,1667.6810442360018,1.6676810442360015,Sector 3,230.19458211232,0.0,0,0.1,2882794.818136609,5564201.466367152,25.89658646112672,44.6347436035466,0.0,0.0,1.0,0.0
558,558,1667.6810442360018,1.6676810442360015,Sector 3,230.19458211232,0.0,1,0.25,2882794.9996393067,5564203.132768195,25.896588091593195,44.63475425586897,0.0,0.0,1.0,0.0
558,558,1667.6810442360018,1.6676810442360015,Sector 3,230.19458211232,0.0,2,0.5,2882795.302143803,5564205.910103267,25.89659080903732,44.634772009735215,0.0,0.0,1.0,0.0
558,558,1667.6810442360018,1.6676810442360015,Sector 3,230.19458211232,0.0,3,0.75,2882795.6046482986,5564208.687438338,25.896593526481436,44.63478976359603,0.0,0.0,1.0,0.0
558,558,1667.6810442360018,1.6676810442360015,Sector 3,230.19458211232,0.0,4,0.9,2882795.7861509966,5564210.353839382,25.896595156947917,44.634800415909915,0.0,0.0,1.0,0.0
559,559,1670.681044236046,1.670681044236046,Sector 3,225.8901936220892,0.0,0,0.1,2882793.876586814,5564203.073369114,25.896578003041004,44.63475387616558,0.0,0.0,1.0,0.0
559,559,1670.681044236046,1.670681044236046,Sector 3,225.8901936220892,0.0,1,0.25,2882794.075467473,5564204.738174027,25.89657978961636,44.634764518282935,0.0,0.0,1.0,0.0
559,559,1670.681044236046,1.670681044236046,Sector 3,225.8901936220892,0.0,2,0.5,2882794.406935238,5564207.51284888,25.896582767241952,44.63478225514085,0.0,0.0,1.0,0.0
559,559,1670.681044236046,1.670681044236046,Sector 3,225.8901936220892,0.0,3,0.75,2882794.7384030027,5564210.287523734,25.896585744867547,44.63479999199334,0.0,0.0,1.0,0.0
559,559,1670.681044236046,1.670681044236046,Sector 3,225.8901936220892,0.0,4,0.9,2882794.9372836617,5564211.952328647,25.896587531442904,44.63481063410223,0.0,0.0,1.0,0.0
560,560,1673.6598994790136,1.6736598994790135,Sector 3,215.13799997464267,0.0,0,0.1,2882792.9470012384,5564204.671441253,25.896569652431698,44.63476409169965,0.0,0.0,1.0,0.0
560,560,1673.6598994790136,1.6736598994790135,Sector 3,215.13799997464267,0.0,1,0.25,2882793.171129282,5564206.338256385,25.89657166580817,44.63477474666528,0.0,0.0,1.0,0.0
560,560,1673.6598994790136,1.6736598994790135,Sector 3,215.13799997464267,0.0,2,0.5,2882793.5446760217,5564209.116281604,25.896575021435627,44.63479250493696,0.0,0.0,1.0,0.0
560,560,1673.6598994790136,1.6736598994790135,Sector 3,215.13799997464267,0.0,3,0.75,2882793.918222761,5564211.894306825,25.896578377063076,44.63481026320322,0.0,0.0,1.0,0.0
560,560,1673.6598994790136,1.6736598994790135,Sector 3,215.13799997464267,0.0,4,0.9,2882794.1423508045,5564213.5611219555,25.89658039043955,44.63482091816036,0.0,0.0,1.0,0.0
561,561,1676.6598994790363,1.6766598994790365,Sector 3,215.13799998835876,0.0,0,0.1,2882792.0301132733,5564206.288788965,25.89656141588697,44.63477443044928,0.0,0.0,1.0,0.0
561,561,1676.6598994790363,1.6766598994790365,Sector 3,215.13799998835876,0.0,1,0.25,2882792.3086120235,5564207.969526588,25.89656391768381,44.63478517441124,0.0,0.0,1.0,0.0
561,561,1676.6598994790363,1.6766598994790365,Sector 3,215.13799998835876,0.0,2,0.5,2882792.772776608,5564210.770755962,25.896568087345212,44.63480308101012,0.0,0.0,1.0,0.0
561,561,1676.6598994790363,1.6766598994790365,Sector 3,215.13799998835876,0.0,3,0.75,2882793.2369411923,5564213.571985334,25.896572257006618,44.63482098760347,0.0,0.0,1.0,0.0
561,561,1676.6598994790363,1.6766598994790365,Sector 3,215.13799998835876,0.0,4,0.9,2882793.5154399425,5564215.252722958,25.896574758803457,44.63483173155682,0.0,0.0,1.0,0.0
562,562,1679.6598994790595,1.6796598994790597,Sector 3,215.1379999856065,0.0,0,0.1,2882791.1336245215,5564207.912210081,25.89655336259149,44.63478480802073,0.0,0.0,1.0,0.0
562,562,1679.6598994790595,1.6796598994790597,Sector 3,215.1379999856065,0.0,1,0.25,2882791.4970927984,5564209.615980305,25.89655662768258,44.63479569921455,0.0,0.0,1.0,0.0
562,562,1679.6598994790595,1.6796598994790597,Sector 3,215.1379999856065,0.0,2,0.5,2882792.1028732588,5564212.455597346,25.89656206950104,44.63481385119969,0.0,0.0,1.0,0.0
562,562,1679.6598994790595,1.6796598994790597,Sector 3,215.1379999856065,0.0,3,0.75,2882792.708653719,5564215.295214387,25.896567511319503,44.63483200317916,0.0,0.0,1.0,0.0
562,562,1679.6598994790595,1.6796598994790597,Sector 3,215.1379999856065,0.0,4,0.9,2882793.072121996,5564216.998984611,25.896570776410588,44.63484289436411,0.0,0.0,1.0,0.0
563,563,1682.6598994790825,1.6826598994790825,Sector 3,215.1380000049733,0.0,0,0.1,2882790.237094269,5564209.535621874,25.89654530892321,44.63479518553074,0.0,0.0,1.0,0.0
563,563,1682.6598994790825,1.6826598994790825,Sector 3,215.1380000049733,0.0,1,0.25,2882790.68546982,5564211.262410714,25.896549336749313,44.63480622386694,0.0,0.0,1.0,0.0
563,563,1682.6598994790825,1.6826598994790825,Sector 3,215.1380000049733,0.0,2,0.5,2882791.432762405,5564214.140392115,25.89655604979282,44.63482462108928,0.0,0.0,1.0,0.0
563,563,1682.6598994790825,1.6826598994790825,Sector 3,215.1380000049733,0.0,3,0.75,2882792.1800549896,5564217.018373515,25.896562762836325,44.63484301830579,0.0,0.0,1.0,0.0
563,563,1682.6598994790825,1.6826598994790825,Sector 3,215.1380000049733,0.0,4,0.9,2882792.6284305407,5564218.745162356,25.89656679066243,44.63485405663288,0.0,0.0,1.0,0.0
564,564,1685.6598994791054,1.6856598994791054,Sector 3,215.13799996934523,0.0,0,0.1,2882789.379139549,5564211.181723562,25.896537601784825,44.63480570808191,0.0,0.0,1.0,0.0
564,564,1685.6598994791054,1.6856598994791054,Sector 3,215.13799996934523,0.0,1,0.25,2882789.9031826537,5564212.927118,25.89654230934413,44.63481686535062,0.0,0.0,1.0,0.0
564,564,1685.6598994791054,1.6856598994791054,Sector 3,215.13799996934523,0.0,2,0.5,2882790.7765878276,5564215.836108727,25.8965501552763,44.63483546079369,0.0,0.0,1.0,0.0
564,564,1685.6598994791054,1.6856598994791054,Sector 3,215.13799996934523,0.0,3,0.75,2882791.6499930015,5564218.745099456,25.89655800120847,44.63485405623081,0.0,0.0,1.0,0.0
564,564,1685.6598994791054,1.6856598994791054,Sector 3,215.13799996934523,0.0,4,0.9,2882792.174036106,5564220.490493894,25.896562708767775,44.63486521349022,0.0,0.0,1.0,0.0
565,565,1688.6598994791284,1.6886598994791284,Sector 3,215.1379999994687,0.0,0,0.1,2882788.8014915767,5564212.947266855,25.896532412684802,44.634816994150256,0.0,0.0,1.0,0.0
565,565,1688.6598994791284,1.6886598994791284,Sector 3,215.1379999994687,0.0,1,0.25,2882789.3404715853,5564214.68775922,25.896537254424597,44.63482812008077,0.0,0.0,1.0,0.0
565,565,1688.6598994791284,1.6886598994791284,Sector 3,215.1379999994687,0.0,2,0.5,2882790.2387716,5564217.588579828,25.89654532399093,44.634846663293544,0.0,0.0,1.0,0.0
565,565,1688.6598994791284,1.6886598994791284,Sector 3,215.1379999994687,0.0,3,0.75,2882791.137071615,5564220.489400435,25.89655339355726,44.63486520650039,0.0,0.0,1.0,0.0
565,565,1688.6598994791284,1.6886598994791284,Sector 3,215.1379999994687,0.0,4,0.9,2882791.6760516237,5564222.2298928,25.896558235297054,44.634876332421655,0.0,0.0,1.0,0.0
566,566,1691.6598994791514,1.6916598994791514,Sector 3,215.13799998030868,0.0,0,0.1,2882788.2723585223,5564214.733260813,25.896527659401702,44.63482841094532,0.0,0.0,1.0,0.0
566,566,1691.6598994791514,1.6916598994791514,Sector 3,215.13799998030868,0.0,1,0.25,2882788.8172819354,5564216.4652094245,25.89653255453201,44.63483948225852,0.0,0.0,1.0,0.0
566,566,1691.6598994791514,1.6916598994791514,Sector 3,215.13799998030868,0.0,2,0.5,2882789.7254876234,5564219.351790443,25.896540713082516,44.634857934442515,0.0,0.0,1.0,0.0
566,566,1691.6598994791514,1.6916598994791514,Sector 3,215.13799998030868,0.0,3,0.75,2882790.6336933114,5564222.238371461,25.89654887163302,44.63487638662063,0.0,0.0,1.0,0.0
566,566,1691.6598994791514,1.6916598994791514,Sector 3,215.13799998030868,0.0,4,0.9,2882791.1786167244,5564223.970320072,25.896553766763326,44.63488745792469,0.0,0.0,1.0,0.0
567,567,1694.6598994791743,1.6946598994791744,Sector 3,215.13799999414556,0.0,0,0.1,2882787.7432254674,5564216.519254771,25.896522906118598,44.63483982773812,0.0,0.0,1.0,0.0
567,567,1694.6598994791743,1.6946598994791744,Sector 3,215.13799999414556,0.0,1,0.25,2882788.2940922845,5564218.242659628,25.89652785463941,44.63485084443405,0.0,0.0,1.0,0.0
567,567,1694.6598994791743,1.6946598994791744,Sector 3,215.13799999414556,0.0,2,0.5,2882789.212203646,5564221.115001058,25.896536102174096,44.6348692055893,0.0,0.0,1.0,0.0
567,567,1694.6598994791743,1.6946598994791744,Sector 3,215.13799999414556,0.0,3,0.75,2882790.1303150076,5564223.987342487,25.89654434970878,44.634887566738726,0.0,0.0,1.0,0.0
567,567,1694.6598994791743,1.6946598994791744,Sector 3,215.13799999414556,0.0,4,0.9,2882790.6811818248,5564225.710747344,25.896549298229594,44.634898583425596,0.0,0.0,1.0,0.0
568,568,1697.6598994791973,1.6976598994791974,Sector 3,202.6673149427085,0.0,0,0.1,2882787.214092412,5564218.305248729,25.896518152835487,44.634851244528676,0.0,0.0,1.0,0.0
568,568,1697.6598994791973,1.6976598994791974,Sector 3,202.6673149427085,0.0,1,0.25,2882787.7709026337,5564220.020109832,25.896523154746813,44.63486220660735,0.0,0.0,1.0,0.0
568,568,1697.6598994791973,1.6976598994791974,Sector 3,202.6673149427085,0.0,2,0.5,2882788.698919669,5564222.878211672,25.896531491265677,44.63488047673388,0.0,0.0,1.0,0.0
568,568,1697.6598994791973,1.6976598994791974,Sector 3,202.6673149427085,0.0,3,0.75,2882789.6269367044,5564225.736313513,25.896539827784547,44.63489874685466,0.0,0.0,1.0,0.0
568,568,1697.6598994791973,1.6976598994791974,Sector 3,202.6673149427085,0.0,4,0.9,2882790.1837469256,5564227.451174616,25.896544829695866,44.63490970892437,0.0,0.0,1.0,0.0
569,569,1700.6023224257185,1.7006023224257183,Sector 3,192.53177035151205,0.0,0,0.1,2882786.6951146647,5564220.0569652645,25.89651349077906,44.63486244220201,0.0,0.0,1.0,0.0
569,569,1700.6023224257185,1.7006023224257183,Sector 3,192.53177035151205,0.0,1,0.25,2882787.2577542225,5564221.763446589,25.896518545056203,44.63487335071168,0.0,0.0,1.0,0.0
569,569,1700.6023224257185,1.7006023224257183,Sector 3,192.53177035151205,0.0,2,0.5,2882788.1954868184,5564224.6075821305,25.896526968851436,44.63489153155658,0.0,0.0,1.0,0.0
569,569,1700.6023224257185,1.7006023224257183,Sector 3,192.53177035151205,0.0,3,0.75,2882789.1332194144,5564227.451717672,25.89653539264667,44.63490971239579,0.0,0.0,1.0,0.0
569,569,1700.6023224257185,1.7006023224257183,Sector 3,192.53177035151205,0.0,4,0.9,2882789.695858972,5564229.158198996,25.89654044692381,44.63492062089658,0.0,0.0,1.0,0.0
570,570,1703.6023224256758,1.7036023224256758,Sector 3,192.53177033983525,0.0,0,0.1,2882786.16598161,5564221.842959222,25.896508737495957,44.634873858988115,0.0,0.0,1.0,0.0
570,570,1703.6023224256758,1.7036023224256758,Sector 3,192.53177033983525,0.0,1,0.25,2882786.7345645716,5564223.540896794,25.896513845163607,44.63488471288058,0.0,0.0,1.0,0.0
570,570,1703.6023224256758,1.7036023224256758,Sector 3,192.53177033983525,0.0,2,0.5,2882787.682202841,5564226.370792746,25.89652235794302,44.63490280269684,0.0,0.0,1.0,0.0
570,570,1703.6023224256758,1.7036023224256758,Sector 3,192.53177033983525,0.0,3,0.75,2882788.629841111,5564229.200688697,25.896530870722437,44.63492089250746,0.0,0.0,1.0,0.0
570,570,1703.6023224256758,1.7036023224256758,Sector 3,192.53177033983525,0.0,4,0.9,2882789.198424073,5564230.898626269,25.896535978390084,44.634931746391125,0.0,0.0,1.0,0.0
571,571,1706.602322425532,1.706602322425532,Sector 3,192.5317703434221,0.0,0,0.1,2882785.6428122874,5564223.630384715,25.89650403778597,44.634885284922916,0.0,0.0,1.0,0.0
571,571,1706.602322425532,1.706602322425532,Sector 3,192.5317703434221,0.0,1,0.25,2882786.2262842515,5564225.321925836,25.896509279203805,44.634896097924596,0.0,0.0,1.0,0.0
571,571,1706.602322425532,1.706602322425532,Sector 3,192.5317703434221,0.0,2,0.5,2882787.1987375254,5564228.141161038,25.89651801490019,44.634914119589595,0.0,0.0,1.0,0.0
571,571,1706.602322425532,1.706602322425532,Sector 3,192.5317703434221,0.0,3,0.75,2882788.1711907987,5564230.960396239,25.89652675059658,44.63493214124899,0.0,0.0,1.0,0.0
571,571,1706.602322425532,1.706602322425532,Sector 3,192.5317703434221,0.0,4,0.9,2882788.7546627633,5564232.651937359,25.896531992014417,44.634942954241936,0.0,0.0,1.0,0.0
572,572,1709.6023224253884,1.7096023224253885,Sector 3,192.53177034783943,0.0,0,0.1,2882785.1573366756,5564225.426040843,25.89649967668435,44.63489676346895,0.0,0.0,1.0,0.0
572,572,1709.6023224253884,1.7096023224253885,Sector 3,192.53177034783943,0.0,1,0.25,2882785.7812367193,5564227.115115248,25.8965052812738,44.63490756070027,0.0,0.0,1.0,0.0
572,572,1709.6023224253884,1.7096023224253885,Sector 3,192.53177034783943,0.0,2,0.5,2882786.8210701253,5564229.930239255,25.896514622256216,44.634925556081335,0.0,0.0,1.0,0.0
572,572,1709.6023224253884,1.7096023224253885,Sector 3,192.53177034783943,0.0,3,0.75,2882787.860903531,5564232.745363262,25.89652396323863,44.634943551456814,0.0,0.0,1.0,0.0
572,572,1709.6023224253884,1.7096023224253885,Sector 3,192.53177034783943,0.0,4,0.9,2882788.4848035746,5564234.434437666,25.896529567828075,44.63495434867943,0.0,0.0,1.0,0.0
573,573,1712.6023224253458,1.712602322425346,Sector 3,192.5317703444101,0.0,0,0.1,2882784.7803553143,5564227.245383251,25.89649629020316,44.634908393424766,0.0,0.0,1.0,0.0
573,573,1712.6023224253458,1.712602322425346,Sector 3,192.5317703444101,0.0,1,0.25,2882785.4617495835,5564228.9317789525,25.896502411272028,44.63491917353059,0.0,0.0,1.0,0.0
573,573,1712.6023224253458,1.712602322425346,Sector 3,192.5317703444101,0.0,2,0.5,2882786.597406699,5564231.742438453,25.89651261305347,44.63493714036918,0.0,0.0,1.0,0.0
573,573,1712.6023224253458,1.712602322425346,Sector 3,192.5317703444101,0.0,3,0.75,2882787.733063814,5564234.553097954,25.896522814834913,44.63495510720222,0.0,0.0,1.0,0.0
573,573,1712.6023224253458,1.712602322425346,Sector 3,192.5317703444101,0.0,4,0.9,2882788.4144580835,5564236.239493655,25.896528935903778,44.634965887299366,0.0,0.0,1.0,0.0
574,574,1715.602322425202,1.7156023224252022,Sector 3,192.5317703488273,0.0,0,0.1,2882784.554301352,5564229.093269747,25.896494259525866,44.63492020584328,0.0,0.0,1.0,0.0
574,574,1715.602322425202,1.7156023224252022,Sector 3,192.5317703488273,0.0,1,0.25,2882785.26803528,5564230.772229396,25.896500671106832,44.63493093841276,0.0,0.0,1.0,0.0
574,574,1715.602322425202,1.7156023224252022,Sector 3,192.5317703488273,0.0,2,0.5,2882786.457591828,5564233.570495479,25.896511357075113,44.63494882602414,0.0,0.0,1.0,0.0
574,574,1715.602322425202,1.7156023224252022,Sector 3,192.5317703488273,0.0,3,0.75,2882787.6471483754,5564236.368761561,25.896522043043394,44.63496671363001,0.0,0.0,1.0,0.0
574,574,1715.602322425202,1.7156023224252022,Sector 3,192.5317703488273,0.0,4,0.9,2882788.3608823037,5564238.04772121,25.896528454624363,44.63497744619088,0.0,0.0,1.0,0.0
575,575,1718.602322426069,1.7186023224260687,Sector 3,192.53177033921224,0.0,0,0.1,2882784.3282473893,5564230.941156242,25.896492228848572,44.63493201825939,0.0,0.0,1.0,0.0
575,575,1718.602322426069,1.7186023224260687,Sector 3,192.53177033921224,0.0,1,0.25,2882785.0743209776,5564232.61267984,25.896498930941647,44.63494270329253,0.0,0.0,1.0,0.0
575,575,1718.602322426069,1.7186023224260687,Sector 3,192.53177033921224,0.0,2,0.5,2882786.317776957,5564235.398552503,25.896510101096762,44.63496051167674,0.0,0.0,1.0,0.0
575,575,1718.602322426069,1.7186023224260687,Sector 3,192.53177033921224,0.0,3,0.75,2882787.5612329366,5564238.184425167,25.896521271251878,44.634978320055474,0.0,0.0,1.0,0.0
575,575,1718.602322426069,1.7186023224260687,Sector 3,192.53177033921224,0.0,4,0.9,2882788.307306525,5564239.855948765,25.896527973344952,44.634989005080094,0.0,0.0,1.0,0.0
576,576,1721.602322425925,1.721602322425925,Sector 3,192.531770351877,0.0,0,0.1,2882784.1021934263,5564232.789042737,25.89649019817127,44.634943830673095,0.0,0.0,1.0,0.0
576,576,1721.602322425925,1.721602322425925,Sector 3,192.531770351877,0.0,1,0.25,2882784.8806066737,5564234.453130284,25.896497190776447,44.63495446816992,0.0,0.0,1.0,0.0
576,576,1721.602322425925,1.721602322425925,Sector 3,192.531770351877,0.0,2,0.5,2882786.177962085,5564237.226609528,25.896508845118397,44.63497219732698,0.0,0.0,1.0,0.0
576,576,1721.602322425925,1.721602322425925,Sector 3,192.531770351877,0.0,3,0.75,2882787.475317497,5564240.000088773,25.896520499460348,44.63498992647862,0.0,0.0,1.0,0.0
576,576,1721.602322425925,1.721602322425925,Sector 3,192.531770351877,0.0,4,0.9,2882788.253730744,5564241.66417632,25.896527492065523,44.635000563967004,0.0,0.0,1.0,0.0
577,577,1724.6023224258824,1.7246023224258824,Sector 3,192.5317703463856,0.0,0,0.1,2882783.876139464,5564234.636929233,25.896488167493978,44.634955643084396,0.0,0.0,1.0,0.0
577,577,1724.6023224258824,1.7246023224258824,Sector 3,192.5317703463856,0.0,1,0.25,2882784.68689237,5564236.293580728,25.89649545061125,44.634966233044935,0.0,0.0,1.0,0.0
577,577,1724.6023224258824,1.7246023224258824,Sector 3,192.5317703463856,0.0,2,0.5,2882786.0381472143,5564239.054666554,25.896507589140043,44.63498388297488,0.0,0.0,1.0,0.0
577,577,1724.6023224258824,1.7246023224258824,Sector 3,192.5317703463856,0.0,3,0.75,2882787.3894020584,5564241.81575238,25.896519727668835,44.635001532899444,0.0,0.0,1.0,0.0
577,577,1724.6023224258824,1.7246023224258824,Sector 3,192.5317703463856,0.0,4,0.9,2882788.200154965,5564243.472403875,25.89652701078611,44.63501212285161,0.0,0.0,1.0,0.0
578,578,1727.6023224257387,1.7276023224257389,Sector 3,169.28817230593154,0.0,0,0.1,2882783.650085501,5564236.484815727,25.896486136816677,44.63496745549329,0.0,0.0,1.0,0.0
578,578,1727.6023224257387,1.7276023224257389,Sector 3,169.28817230593154,0.0,1,0.25,2882784.493178067,5564238.134031171,25.896493710446055,44.63497799791755,0.0,0.0,1.0,0.0
578,578,1727.6023224257387,1.7276023224257389,Sector 3,169.28817230593154,0.0,2,0.5,2882785.898332343,5564240.882723578,25.896506333161685,44.63499556862041,0.0,0.0,1.0,0.0
578,578,1727.6023224257387,1.7276023224257389,Sector 3,169.28817230593154,0.0,3,0.75,2882787.303486619,5564243.6314159855,25.896518955877312,44.635013139317955,0.0,0.0,1.0,0.0
578,578,1727.6023224257387,1.7276023224257389,Sector 3,169.28817230593154,0.0,4,0.9,2882788.146579185,5564245.2806314295,25.89652652950669,44.63502368173392,0.0,0.0,1.0,0.0
579,579,1730.536624632681,1.730536624632681,Sector 3,163.12576727216538,0.0,0,0.1,2882783.4289819538,5564238.292234869,25.89648415060972,44.6349790092168,0.0,0.0,1.0,0.0
579,579,1730.536624632681,1.730536624632681,Sector 3,163.12576727216538,0.0,1,0.25,2882784.3037059642,5564239.934177105,25.896492008389203,44.63498950514582,0.0,0.0,1.0,0.0
579,579,1730.536624632681,1.730536624632681,Sector 3,163.12576727216538,0.0,2,0.5,2882785.7615793147,5564242.6707475,25.89650510468833,44.63500699835664,0.0,0.0,1.0,0.0
579,579,1730.536624632681,1.730536624632681,Sector 3,163.12576727216538,0.0,3,0.75,2882787.219452665,5564245.407317894,25.89651820098746,44.63502449156218,0.0,0.0,1.0,0.0
579,579,1730.536624632681,1.730536624632681,Sector 3,163.12576727216538,0.0,4,0.9,2882788.0941766757,5564247.04926013,25.896526058766938,44.635034987482975,0.0,0.0,1.0,0.0
580,580,1733.5366246324702,1.7335366246324702,Sector 3,163.12576727765918,0.0,0,0.1,2882783.208020419,5564240.140111103,25.89648216567848,44.63499082155534,0.0,0.0,1.0,0.0
580,580,1733.5366246324702,1.7335366246324702,Sector 3,163.12576727765918,0.0,1,0.25,2882784.122722729,5564241.774601897,25.896490382589135,44.635001269849745,0.0,0.0,1.0,0.0
580,580,1733.5366246324702,1.7335366246324702,Sector 3,163.12576727765918,0.0,2,0.5,2882785.6472265795,5564244.498753221,25.896504077440234,44.63501868366957,0.0,0.0,1.0,0.0
580,580,1733.5366246324702,1.7335366246324702,Sector 3,163.12576727765918,0.0,3,0.75,2882787.1717304294,5564247.222904544,25.896517772291322,44.63503609748416,0.0,0.0,1.0,0.0
580,580,1733.5366246324702,1.7335366246324702,Sector 3,163.12576727765918,0.0,4,0.9,2882788.0864327396,5564248.857395339,25.896525989201976,44.635046545770415,0.0,0.0,1.0,0.0
581,581,1736.5366246332858,1.7365366246332858,Sector 3,163.12576726851137,0.0,0,0.1,2882783.004884108,5564241.988086993,25.896480340873953,44.635002634528526,0.0,0.0,1.0,0.0
581,581,1736.5366246332858,1.7365366246332858,Sector 3,163.12576726851137,0.0,1,0.25,2882783.9765961985,5564243.614010797,25.896489069912178,44.635013028057315,0.0,0.0,1.0,0.0
581,581,1736.5366246332858,1.7365366246332858,Sector 3,163.12576726851137,0.0,2,0.5,2882785.596116349,5564246.323883802,25.896503618309218,44.635030350601156,0.0,0.0,1.0,0.0
581,581,1736.5366246332858,1.7365366246332858,Sector 3,163.12576726851137,0.0,3,0.75,2882787.2156364997,5564249.033756807,25.89651816670626,44.63504767313982,0.0,0.0,1.0,0.0
581,581,1736.5366246332858,1.7365366246332858,Sector 3,163.12576726851137,0.0,4,0.9,2882788.18734859,5564250.6596806105,25.89652689574449,44.63505806666054,0.0,0.0,1.0,0.0
582,582,1739.536624633075,1.739536624633075,Sector 3,163.12576726753423,0.0,0,0.1,2882782.8257256667,5564243.837886061,25.896478731466292,44.63501445915376,0.0,0.0,1.0,0.0
582,582,1739.536624633075,1.739536624633075,Sector 3,163.12576726753423,0.0,1,0.25,2882783.8601627387,5564245.454300355,25.896488023972612,44.63502479189201,0.0,0.0,1.0,0.0
582,582,1739.536624633075,1.739536624633075,Sector 3,163.12576726753423,0.0,2,0.5,2882785.5842245254,5564248.1483241785,25.89650351148315,44.63504201311835,0.0,0.0,1.0,0.0
582,582,1739.536624633075,1.739536624633075,Sector 3,163.12576726753423,0.0,3,0.75,2882787.308286312,5564250.842348002,25.896518998993688,44.635059234339565,0.0,0.0,1.0,0.0
582,582,1739.536624633075,1.739536624633075,Sector 3,163.12576726753423,0.0,4,0.9,2882788.342723384,5564252.4587622965,25.896528291500008,44.635069567069856,0.0,0.0,1.0,0.0
583,583,1742.5366246329993,1.7425366246329992,Sector 3,163.12576727960322,0.0,0,0.1,2882782.662513522,5564245.689569878,25.896477265306647,44.63502629582461,0.0,0.0,1.0,0.0
583,583,1742.5366246329993,1.7425366246329992,Sector 3,163.12576727960322,0.0,1,0.25,2882783.7570178593,5564247.296160538,25.896487097406396,44.63503656576435,0.0,0.0,1.0,0.0
583,583,1742.5366246329993,1.7425366246329992,Sector 3,163.12576727960322,0.0,2,0.5,2882785.5811917554,5564249.973811639,25.896503484239314,44.63505368232655,0.0,0.0,1.0,0.0
583,583,1742.5366246329993,1.7425366246329992,Sector 3,163.12576727960322,0.0,3,0.75,2882787.4053656515,5564252.651462739,25.896519871072233,44.635070798883696,0.0,0.0,1.0,0.0
583,583,1742.5366246329993,1.7425366246329992,Sector 3,163.12576727960322,0.0,4,0.9,2882788.4998699888,5564254.258053399,25.89652970317198,44.63508106881555,0.0,0.0,1.0,0.0
584,584,1745.5366246327883,1.7455366246327886,Sector 3,163.1257672638803,0.0,0,0.1,2882782.499301377,5564247.541253696,25.896475799147005,44.63503813249306,0.0,0.0,1.0,0.0
584,584,1745.5366246327883,1.7455366246327886,Sector 3,163.1257672638803,0.0,1,0.25,2882783.6538729803,5564249.138020722,25.896486170840184,44.63504833963431,0.0,0.0,1.0,0.0
584,584,1745.5366246327883,1.7455366246327886,Sector 3,163.1257672638803,0.0,2,0.5,2882785.578158986,5564251.799299099,25.896503456995482,44.635065351532404,0.0,0.0,1.0,0.0
584,584,1745.5366246327883,1.7455366246327886,Sector 3,163.1257672638803,0.0,3,0.75,2882787.502444991,5564254.460577475,25.896520743150774,44.635082363425504,0.0,0.0,1.0,0.0
584,584,1745.5366246327883,1.7455366246327886,Sector 3,163.1257672638803,0.0,4,0.9,2882788.657016594,5564256.057344501,25.896531114843953,44.635092570558975,0.0,0.0,1.0,0.0
585,585,1748.5366246327128,1.7485366246327128,Sector 3,163.12576728698275,0.0,0,0.1,2882782.3385337046,5564249.392610236,25.89647435494643,44.635049967067005,0.0,0.0,1.0,0.0
585,585,1748.5366246327128,1.7485366246327128,Sector 3,163.12576728698275,0.0,1,0.25,2882783.5568392826,5564250.979062711,25.896485299171644,44.63506010827167,0.0,0.0,1.0,0.0
585,585,1748.5366246327128,1.7485366246327128,Sector 3,163.12576728698275,0.0,2,0.5,2882785.5873485785,5564253.623150169,25.896503539547,44.63507701027549,0.0,0.0,1.0,0.0
585,585,1748.5366246327128,1.7485366246327128,Sector 3,163.12576728698275,0.0,3,0.75,2882787.617857875,5564256.267237627,25.896521779922352,44.6350939122744,0.0,0.0,1.0,0.0
585,585,1748.5366246327128,1.7485366246327128,Sector 3,163.12576728698275,0.0,4,0.9,2882788.836163453,5564257.853690102,25.896532724147566,44.63510405347138,0.0,0.0,1.0,0.0
586,586,1751.536624632502,1.751536624632502,Sector 3,163.12576726022667,0.0,0,0.1,2882782.2465091757,5564251.23911624,25.896473528276022,44.63506177063208,0.0,0.0,1.0,0.0
586,586,1751.536624632502,1.751536624632502,Sector 3,163.12576726022667,0.0,1,0.25,2882783.537762414,5564252.8120578285,25.89648512780122,44.635071825467996,0.0,0.0,1.0,0.0
586,586,1751.536624632502,1.751536624632502,Sector 3,163.12576726022667,0.0,2,0.5,2882785.6898511453,5564255.433627141,25.896504460343223,44.63508858352399,0.0,0.0,1.0,0.0
586,586,1751.536624632502,1.751536624632502,Sector 3,163.12576726022667,0.0,3,0.75,2882787.841939876,5564258.055196453,25.896523792885215,44.635105341575134,0.0,0.0,1.0,0.0
586,586,1751.536624632502,1.751536624632502,Sector 3,163.12576726022667,0.0,4,0.9,2882789.1331931143,5564259.628138041,25.896535392410414,44.635115396403506,0.0,0.0,1.0,0.0
587,587,1754.5366246333176,1.7545366246333176,Sector 3,150.5397552299819,0.0,0,0.1,2882782.637976674,5564253.058556238,25.896477044888393,44.63507340117865,0.0,0.0,1.0,0.0
587,587,1754.5366246333176,1.7545366246333176,Sector 3,150.5397552299819,0.0,1,0.25,2882783.961960924,5564254.612434833,25.89648893844127,44.63508333415475,0.0,0.0,1.0,0.0
587,587,1754.5366246333176,1.7545366246333176,Sector 3,150.5397552299819,0.0,2,0.5,2882786.1686013406,5564257.202232493,25.8965087610294,44.635099889111146,0.0,0.0,1.0,0.0
587,587,1754.5366246333176,1.7545366246333176,Sector 3,150.5397552299819,0.0,3,0.75,2882788.375241758,5564259.792030152,25.89652858361753,44.63511644406282,0.0,0.0,1.0,0.0
587,587,1754.5366246333176,1.7545366246333176,Sector 3,150.5397552299819,0.0,4,0.9,2882789.699226008,5564261.345908747,25.896540477170408,44.63512637703155,0.0,0.0,1.0,0.0
588,588,1757.499407067771,1.757499407067771,Sector 3,144.0608469946688,0.0,0,0.1,2882783.155455469,5564254.823680287,25.896481693479505,44.63508468451497,0.0,0.0,1.0,0.0
588,588,1757.499407067771,1.757499407067771,Sector 3,144.0608469946688,0.0,1,0.25,2882784.489953377,5564256.364023089,25.896493681478173,44.635094530963286,0.0,0.0,1.0,0.0
588,588,1757.499407067771,1.757499407067771,Sector 3,144.0608469946688,0.0,2,0.5,2882786.7141165566,5564258.931261094,25.89651366147596,44.63511094170678,0.0,0.0,1.0,0.0
588,588,1757.499407067771,1.757499407067771,Sector 3,144.0608469946688,0.0,3,0.75,2882788.938279736,5564261.498499099,25.896533641473745,44.63512735244562,0.0,0.0,1.0,0.0
588,588,1757.499407067771,1.757499407067771,Sector 3,144.0608469946688,0.0,4,0.9,2882790.272777644,5564263.038841901,25.89654562947242,44.63513719888669,0.0,0.0,1.0,0.0
589,589,1760.499407067653,1.760499407067653,Sector 3,144.06084702170284,0.0,0,0.1,2882783.6794346753,5564256.610977284,25.8964864004648,44.63509610958687,0.0,0.0,1.0,0.0
589,589,1760.499407067653,1.760499407067653,Sector 3,144.06084702170284,0.0,1,0.25,2882785.0245783096,5564258.137614261,25.896498484095655,44.63510586842051,0.0,0.0,1.0,0.0
589,589,1760.499407067653,1.760499407067653,Sector 3,144.06084702170284,0.0,2,0.5,2882787.2664843677,5564260.682009223,25.896518623480432,44.635122133139575,0.0,0.0,1.0,0.0
589,589,1760.499407067653,1.760499407067653,Sector 3,144.06084702170284,0.0,3,0.75,2882789.5083904257,5564263.2264041845,25.896538762865205,44.63513839785409,0.0,0.0,1.0,0.0
589,589,1760.499407067653,1.760499407067653,Sector 3,144.06084702170284,0.0,4,0.9,2882790.85353406,5564264.753041162,25.89655084649607,44.63514815668061,0.0,0.0,1.0,0.0
590,590,1763.499407067535,1.763499407067535,Sector 3,144.06084700422116,0.0,0,0.1,2882784.203413881,5564258.39827428,25.896491107450085,44.63510753465651,0.0,0.0,1.0,0.0
590,590,1763.499407067535,1.763499407067535,Sector 3,144.06084700422116,0.0,1,0.25,2882785.559203243,5564259.911205432,25.896503286713145,44.6351172058755,0.0,0.0,1.0,0.0
590,590,1763.499407067535,1.763499407067535,Sector 3,144.06084700422116,0.0,2,0.5,2882787.8188521788,5564262.432757352,25.896523585484903,44.63513332457022,0.0,0.0,1.0,0.0
590,590,1763.499407067535,1.763499407067535,Sector 3,144.06084700422116,0.0,3,0.75,2882790.0785011146,5564264.954309272,25.896543884256662,44.63514944326047,0.0,0.0,1.0,0.0
590,590,1763.499407067535,1.763499407067535,Sector 3,144.06084700422116,0.0,4,0.9,2882791.4342904766,5564266.467240424,25.89655606351972,44.635159114472465,0.0,0.0,1.0,0.0
591,591,1766.499407068171,1.766499407068171,Sector 3,144.0608470033689,0.0,0,0.1,2882784.72814973,5564260.185308214,25.896495821232417,44.63511895804232,0.0,0.0,1.0,0.0
591,591,1766.499407068171,1.766499407068171,Sector 3,144.0608470033689,0.0,1,0.25,2882786.0957197826,5564261.684138945,25.896508106323225,44.63512853912429,0.0,0.0,1.0,0.0
591,591,1766.499407068171,1.766499407068171,Sector 3,144.0608470033689,0.0,2,0.5,2882788.3750032047,5564264.182190165,25.896528581474573,44.635144507590724,0.0,0.0,1.0,0.0
591,591,1766.499407068171,1.766499407068171,Sector 3,144.0608470033689,0.0,3,0.75,2882790.6542866267,5564266.680241384,25.896549056625922,44.63516047605276,0.0,0.0,1.0,0.0
591,591,1766.499407068171,1.766499407068171,Sector 3,144.0608470033689,0.0,4,0.9,2882792.0218566796,5564268.179072115,25.89656134171673,44.63517005712787,0.0,0.0,1.0,0.0
592,592,1769.499407068053,1.769499407068053,Sector 3,144.0608469857849,0.0,0,0.1,2882785.274772187,5564261.962503365,25.8965007316255,44.63513031853273,0.0,0.0,1.0,0.0
592,592,1769.499407068053,1.769499407068053,Sector 3,144.0608469857849,0.0,1,0.25,2882786.6869528443,5564263.4324755035,25.89651341746018,44.635139715138045,0.0,0.0,1.0,0.0
592,592,1769.499407068053,1.769499407068053,Sector 3,144.0608469857849,0.0,2,0.5,2882789.040587273,5564265.882429068,25.896534560517985,44.63515537614353,0.0,0.0,1.0,0.0
592,592,1769.499407068053,1.769499407068053,Sector 3,144.0608469857849,0.0,3,0.75,2882791.3942217017,5564268.332382632,25.896555703575793,44.635171037144765,0.0,0.0,1.0,0.0
592,592,1769.499407068053,1.769499407068053,Sector 3,144.0608469857849,0.0,4,0.9,2882792.8064023587,5564269.802354771,25.896568389410476,44.63518043374349,0.0,0.0,1.0,0.0
593,593,1772.4994070682085,1.7724994070682083,Sector 3,144.06084701271664,0.0,0,0.1,2882785.8278108593,5564263.736810414,25.896505699656416,44.635141660559114,0.0,0.0,1.0,0.0
593,593,1772.4994070682085,1.7724994070682083,Sector 3,144.06084701271664,0.0,1,0.25,2882787.2942264415,5564265.173591806,25.896518872691722,44.63515084499512,0.0,0.0,1.0,0.0
593,593,1772.4994070682085,1.7724994070682083,Sector 3,144.06084701271664,0.0,2,0.5,2882789.738252412,5564267.568227459,25.896540827750563,44.635166152385246,0.0,0.0,1.0,0.0
593,593,1772.4994070682085,1.7724994070682083,Sector 3,144.06084701271664,0.0,3,0.75,2882792.1822783826,5564269.962863111,25.896562782809404,44.635181459771324,0.0,0.0,1.0,0.0
593,593,1772.4994070682085,1.7724994070682083,Sector 3,144.06084701271664,0.0,4,0.9,2882793.648693965,5564271.399644502,25.89657595584471,44.63519064420104,0.0,0.0,1.0,0.0
594,594,1775.4994070680902,1.7754994070680905,Sector 3,144.0608470008125,0.0,0,0.1,2882786.3808495305,5564265.511117463,25.896510667687327,44.635153002583266,0.0,0.0,1.0,0.0
594,594,1775.4994070680902,1.7754994070680905,Sector 3,144.0608470008125,0.0,1,0.25,2882787.901500038,5564266.914708108,25.896524327923252,44.63516197485006,0.0,0.0,1.0,0.0
594,594,1775.4994070680902,1.7754994070680905,Sector 3,144.0608470008125,0.0,2,0.5,2882790.4359175507,5564269.254025849,25.896547094983138,44.63517692862496,0.0,0.0,1.0,0.0
594,594,1775.4994070680902,1.7754994070680905,Sector 3,144.0608470008125,0.0,3,0.75,2882792.9703350635,5564271.593343589,25.896569862043016,44.635191882396015,0.0,0.0,1.0,0.0
594,594,1775.4994070680902,1.7754994070680905,Sector 3,144.0608470008125,0.0,4,0.9,2882794.490985571,5564272.996934234,25.89658352227894,44.63520085465679,0.0,0.0,1.0,0.0
595,595,1778.4994070679722,1.7784994070679725,Sector 3,144.06084701658972,0.0,0,0.1,2882786.934886665,5564267.2848596,25.89651564468759,44.63516434099407,0.0,0.0,1.0,0.0
595,595,1778.4994070679722,1.7784994070679725,Sector 3,144.06084701658972,0.0,1,0.25,2882788.5112697934,5564268.654412128,25.896529805578165,44.63517309567504,0.0,0.0,1.0,0.0
595,595,1778.4994070679722,1.7784994070679725,Sector 3,144.06084701658972,0.0,2,0.5,2882791.138575007,5564270.936999677,25.896553407062463,44.63518768680705,0.0,0.0,1.0,0.0
595,595,1778.4994070679722,1.7784994070679725,Sector 3,144.06084701658972,0.0,3,0.75,2882793.7658802206,5564273.2195872255,25.896577008546753,44.635202277935385,0.0,0.0,1.0,0.0
595,595,1778.4994070679722,1.7784994070679725,Sector 3,144.06084701658972,0.0,4,0.9,2882795.342263349,5564274.589139754,25.896591169437333,44.63521103261062,0.0,0.0,1.0,0.0
596,596,1781.4994070678542,1.7814994070678545,Sector 3,144.0608469881588,0.0,0,0.1,2882787.490942265,5564269.057439182,25.89652063982003,44.63517567197121,0.0,0.0,1.0,0.0
596,596,1781.4994070678542,1.7814994070678545,Sector 3,144.0608469881588,0.0,1,0.25,2882789.1260857107,5564270.3912097635,25.89653532856352,44.635184197919216,0.0,0.0,1.0,0.0
596,596,1781.4994070678542,1.7814994070678545,Sector 3,144.0608469881588,0.0,2,0.5,2882791.8513247874,5564272.614160733,25.896559809802675,44.6351984078298,0.0,0.0,1.0,0.0
596,596,1781.4994070678542,1.7814994070678545,Sector 3,144.0608469881588,0.0,3,0.75,2882794.5765638635,5564274.837111702,25.896584291041822,44.63521261773688,0.0,0.0,1.0,0.0
596,596,1781.4994070678542,1.7814994070678545,Sector 3,144.0608469881588,0.0,4,0.9,2882796.21170731,5564276.170882285,25.89659897978532,44.63522114367948,0.0,0.0,1.0,0.0
597,597,1784.4994070680095,1.7844994070680096,Sector 3,144.06084699247418,0.0,0,0.1,2882788.0484255115,5564270.829184003,25.896525647777242,44.63518699761003,0.0,0.0,1.0,0.0
597,597,1784.4994070680095,1.7844994070680096,Sector 3,144.06084699247418,0.0,1,0.25,2882789.744470746,5564272.125920496,25.896540883610804,44.63519528682103,0.0,0.0,1.0,0.0
597,597,1784.4994070680095,1.7844994070680096,Sector 3,144.06084699247418,0.0,2,0.5,2882792.571212803,5564274.287147984,25.89656627666675,44.63520910217009,0.0,0.0,1.0,0.0
597,597,1784.4994070680095,1.7844994070680096,Sector 3,144.06084699247418,0.0,3,0.75,2882795.3979548602,5564276.448375471,25.89659166972269,44.63522291751584,0.0,0.0,1.0,0.0
597,597,1784.4994070680095,1.7844994070680096,Sector 3,144.06084699247418,0.0,4,0.9,2882797.0940000946,5564277.745111964,25.896606905556258,44.63523120672173,0.0,0.0,1.0,0.0
598,598,1787.4994070678915,1.7874994070678916,Sector 3,144.0608469974045,0.0,0,0.1,2882788.6059087585,5564272.600928823,25.896530655734455,44.63519832324663,0.0,0.0,1.0,0.0
598,598,1787.4994070678915,1.7874994070678916,Sector 3,144.0608469974045,0.0,1,0.25,2882790.3628557813,5564273.8606312275,25.896546438658092,44.63520637572073,0.0,0.0,1.0,0.0
598,598,1787.4994070678915,1.7874994070678916,Sector 3,144.0608469974045,0.0,2,0.5,2882793.2911008187,5564275.960135234,25.89657274353082,44.6352197965084,0.0,0.0,1.0,0.0
598,598,1787.4994070678915,1.7874994070678916,Sector 3,144.0608469974045,0.0,3,0.75,2882796.2193458565,5564278.05963924,25.89659904840355,44.63523321729297,0.0,0.0,1.0,0.0
598,598,1787.4994070678915,1.7874994070678916,Sector 3,144.0608469974045,0.0,4,0.9,2882797.9762928793,5564279.319341644,25.896614831327195,44.635241269762226,0.0,0.0,1.0,0.0
599,599,1790.4994070677735,1.7904994070677736,Sector 3,144.0608470132845,0.0,0,0.1,2882789.166308833,5564274.370710404,25.896535689893973,44.63520963633128,0.0,0.0,1.0,0.0
599,599,1790.4994070677735,1.7904994070677736,Sector 3,144.0608470132845,0.0,1,0.25,2882790.988532886,5564275.5904338565,25.896552059211153,44.63521743324394,0.0,0.0,1.0,0.0
599,599,1790.4994070677735,1.7904994070677736,Sector 3,144.0608470132845,0.0,2,0.5,2882794.0255729742,5564277.623306277,25.896579341406454,44.63523042809603,0.0,0.0,1.0,0.0
599,599,1790.4994070677735,1.7904994070677736,Sector 3,144.0608470132845,0.0,3,0.75,2882797.062613063,5564279.656178698,25.896606623601755,44.635243422945216,0.0,0.0,1.0,0.0
599,599,1790.4994070677735,1.7904994070677736,Sector 3,144.0608470132845,0.0,4,0.9,2882798.884837116,5564280.875902151,25.896622992918935,44.63525121985333,0.0,0.0,1.0,0.0
600,600,1793.4994070676555,1.7934994070676555,Sector 3,133.60395031011427,0.0,0,0.1,2882789.741266346,5564276.130560187,25.896540854825194,44.6352208859261,0.0,0.0,1.0,0.0
600,600,1793.4994070676555,1.7934994070676555,Sector 3,133.60395031011427,0.0,1,0.25,2882791.650603587,5564277.295406995,25.89655800669345,44.63522833204602,0.0,0.0,1.0,0.0
600,600,1793.4994070676555,1.7934994070676555,Sector 3,133.60395031011427,0.0,2,0.5,2882794.8328323206,5564279.236818342,25.896586593140544,44.63524074224374,0.0,0.0,1.0,0.0
600,600,1793.4994070676555,1.7934994070676555,Sector 3,133.60395031011427,0.0,3,0.75,2882798.015061055,5564281.178229688,25.896615179587638,44.63525315243881,0.0,0.0,1.0,0.0
600,600,1793.4994070676555,1.7934994070676555,Sector 3,133.60395031011427,0.0,4,0.9,2882799.9243982956,5564282.343076496,25.896632331455898,44.63526059855459,0.0,0.0,1.0,0.0
601,601,1796.4640592936155,1.7964640592936154,Sector 3,126.1931418156048,0.0,0,0.1,2882790.318314867,5564277.862458981,25.896546038540254,44.635231956845985,0.0,0.0,1.0,0.0
601,601,1796.4640592936155,1.7964640592936154,Sector 3,126.1931418156048,0.0,1,0.25,2882792.3270371207,5564278.962252635,25.896564083199273,44.635238987121404,0.0,0.0,1.0,0.0
601,601,1796.4640592936155,1.7964640592936154,Sector 3,126.1931418156048,0.0,2,0.5,2882795.6749075437,5564280.795242058,25.896594157630975,44.63525070424523,0.0,0.0,1.0,0.0
601,601,1796.4640592936155,1.7964640592936154,Sector 3,126.1931418156048,0.0,3,0.75,2882799.022777966,5564282.628231483,25.896624232062674,44.63526242136669,0.0,0.0,1.0,0.0
601,601,1796.4640592936155,1.7964640592936154,Sector 3,126.1931418156048,0.0,4,0.9,2882801.0315002203,5564283.7280251365,25.896642276721696,44.63526945163843,0.0,0.0,1.0,0.0
602,602,1799.4640592936423,1.7994640592936426,Sector 3,126.1931418131132,0.0,0,0.1,2882791.300952569,5564279.435023673,25.89655486572492,44.635242009243164,0.0,0.0,1.0,0.0
602,602,1799.4640592936423,1.7994640592936426,Sector 3,126.1931418131132,0.0,1,0.25,2882793.343793313,5564280.498985816,25.896573216875552,44.63524881046956,0.0,0.0,1.0,0.0
602,602,1799.4640592936423,1.7994640592936426,Sector 3,126.1931418131132,0.0,2,0.5,2882796.748527887,5564282.272256056,25.89660380212661,44.63526014584512,0.0,0.0,1.0,0.0
602,602,1799.4640592936423,1.7994640592936426,Sector 3,126.1931418131132,0.0,3,0.75,2882800.1532624606,5564284.045526296,25.89663438737767,44.635271481218474,0.0,0.0,1.0,0.0
602,602,1799.4640592936423,1.7994640592936426,Sector 3,126.1931418131132,0.0,4,0.9,2882802.1961032045,5564285.109488439,25.896652738528303,44.63527828244141,0.0,0.0,1.0,0.0
603,603,1802.4640592936696,1.8024640592936696,Sector 3,126.19314182196617,0.0,0,0.1,2882792.444877397,5564280.903138239,25.896565141776485,44.635251393956125,0.0,0.0,1.0,0.0
603,603,1802.4640592936696,1.8024640592936696,Sector 3,126.19314182196617,0.0,1,0.25,2882794.4949554433,5564281.948677227,25.89658355794091,44.63525807741405,0.0,0.0,1.0,0.0
603,603,1802.4640592936696,1.8024640592936696,Sector 3,126.19314182196617,0.0,2,0.5,2882797.9117521876,5564283.691242207,25.896614251548296,44.63526921650889,0.0,0.0,1.0,0.0
603,603,1802.4640592936696,1.8024640592936696,Sector 3,126.19314182196617,0.0,3,0.75,2882801.3285489324,5564285.433807186,25.896644945155682,44.63528035560158,0.0,0.0,1.0,0.0
603,603,1802.4640592936696,1.8024640592936696,Sector 3,126.19314182196617,0.0,4,0.9,2882803.378626979,5564286.479346174,25.89666336132011,44.63528703905617,0.0,0.0,1.0,0.0
604,604,1805.4640592940725,1.8054640592940725,Sector 3,126.1931418164333,0.0,0,0.1,2882793.612072332,5564282.354627257,25.89657562686698,44.63526067239115,0.0,0.0,1.0,0.0
604,604,1805.4640592940725,1.8054640592940725,Sector 3,126.1931418164333,0.0,1,0.25,2882795.66550933,5564283.384514013,25.896594073205385,44.63526725579339,0.0,0.0,1.0,0.0
604,604,1805.4640592940725,1.8054640592940725,Sector 3,126.1931418164333,0.0,2,0.5,2882799.0879043275,5564285.10099194,25.89662481710273,44.63527822812878,0.0,0.0,1.0,0.0
604,604,1805.4640592940725,1.8054640592940725,Sector 3,126.1931418164333,0.0,3,0.75,2882802.5102993245,5564286.817469868,25.896655561000074,44.63528920046211,0.0,0.0,1.0,0.0
604,604,1805.4640592940725,1.8054640592940725,Sector 3,126.1931418164333,0.0,4,0.9,2882804.563736323,5564287.847356624,25.896674007338476,44.63529578386112,0.0,0.0,1.0,0.0
605,605,1808.4640592940996,1.8084640592940997,Sector 3,126.19314183295518,0.0,0,0.1,2882794.779267267,5564283.806116276,25.89658611195748,44.63526995082471,0.0,0.0,1.0,0.0
605,605,1808.4640592940996,1.8084640592940997,Sector 3,126.19314183295518,0.0,1,0.25,2882796.8360632164,5564284.820350802,25.896604588469856,44.63527643417128,0.0,0.0,1.0,0.0
605,605,1808.4640592940996,1.8084640592940997,Sector 3,126.19314183295518,0.0,2,0.5,2882800.2640564665,5564286.510741675,25.896635382657163,44.6352872397473,0.0,0.0,1.0,0.0
605,605,1808.4640592940996,1.8084640592940997,Sector 3,126.19314183295518,0.0,3,0.75,2882803.692049716,5564288.20113255,25.89666617684446,44.6352980453213,0.0,0.0,1.0,0.0
605,605,1808.4640592940996,1.8084640592940997,Sector 3,126.19314183295518,0.0,4,0.9,2882805.7488456657,5564289.215367075,25.89668465335684,44.63530452866474,0.0,0.0,1.0,0.0
606,606,1811.4640592941264,1.8114640592941265,Sector 3,126.19314179978836,0.0,0,0.1,2882795.946462201,5564285.257605296,25.896596597047967,44.635279229256774,0.0,0.0,1.0,0.0
606,606,1811.4640592941264,1.8114640592941265,Sector 3,126.19314179978836,0.0,1,0.25,2882798.0066171023,5564286.256187588,25.896615103734323,44.63528561254771,0.0,0.0,1.0,0.0
606,606,1811.4640592941264,1.8114640592941265,Sector 3,126.19314179978836,0.0,2,0.5,2882801.4402086046,5564287.92049141,25.89664594821158,44.63529625136441,0.0,0.0,1.0,0.0
606,606,1811.4640592941264,1.8114640592941265,Sector 3,126.19314179978836,0.0,3,0.75,2882804.873800107,5564289.584795233,25.89667679268884,44.63530689017915,0.0,0.0,1.0,0.0
606,606,1811.4640592941264,1.8114640592941265,Sector 3,126.19314179978836,0.0,4,0.9,2882806.933955008,5564290.583377525,25.896695299375196,44.63531327346705,0.0,0.0,1.0,0.0
607,607,1814.4640592936037,1.8144640592936037,Sector 3,126.19314180927596,0.0,0,0.1,2882797.113657135,5564286.709094314,25.896607082138456,44.63528850768735,0.0,0.0,1.0,0.0
607,607,1814.4640592936037,1.8144640592936037,Sector 3,126.19314180927596,0.0,1,0.25,2882799.177170988,5564287.692024375,25.896625618998787,44.6352947909227,0.0,0.0,1.0,0.0
607,607,1814.4640592936037,1.8144640592936037,Sector 3,126.19314180927596,0.0,2,0.5,2882802.616360743,5564289.330241146,25.896656513766008,44.63530526298012,0.0,0.0,1.0,0.0
607,607,1814.4640592936037,1.8144640592936037,Sector 3,126.19314180927596,0.0,3,0.75,2882806.055550498,5564290.968457915,25.896687408533225,44.63531573503564,0.0,0.0,1.0,0.0
607,607,1814.4640592936037,1.8144640592936037,Sector 3,126.19314180927596,0.0,4,0.9,2882808.119064351,5564291.951387976,25.896705945393556,44.63532201826804,0.0,0.0,1.0,0.0
608,608,1817.4640592936305,1.8174640592936304,Sector 3,126.19314184145276,0.0,0,0.1,2882798.2853314015,5564288.156380923,25.89661760746747,44.63529775925316,0.0,0.0,1.0,0.0
608,608,1817.4640592936305,1.8174640592936304,Sector 3,126.19314184145276,0.0,1,0.25,2882800.3589232042,5564289.11735514,25.896636234859567,44.63530390213805,0.0,0.0,1.0,0.0
608,608,1817.4640592936305,1.8174640592936304,Sector 3,126.19314184145276,0.0,2,0.5,2882803.8149095415,5564290.718978833,25.89666728051305,44.63531414027807,0.0,0.0,1.0,0.0
608,608,1817.4640592936305,1.8174640592936304,Sector 3,126.19314184145276,0.0,3,0.75,2882807.270895879,5564292.320602527,25.896698326166533,44.635324378416286,0.0,0.0,1.0,0.0
608,608,1817.4640592936305,1.8174640592936304,Sector 3,126.19314184145276,0.0,4,0.9,2882809.3444876815,5564293.281576743,25.896716953558627,44.63533052129835,0.0,0.0,1.0,0.0
609,609,1820.4640592936576,1.8204640592936576,Sector 3,126.1931418006173,0.0,0,0.1,2882799.467788422,5564289.592316828,25.896628229659616,44.635306938259816,0.0,0.0,1.0,0.0
609,609,1820.4640592936576,1.8204640592936576,Sector 3,126.1931418006173,0.0,1,0.25,2882801.567632305,5564290.51430914,25.89664709287816,44.635312831957755,0.0,0.0,1.0,0.0
609,609,1820.4640592936576,1.8204640592936576,Sector 3,126.1931418006173,0.0,2,0.5,2882805.0673721097,5564292.050962994,25.896678531575727,44.635322654786314,0.0,0.0,1.0,0.0
609,609,1820.4640592936576,1.8204640592936576,Sector 3,126.1931418006173,0.0,3,0.75,2882808.567111915,5564293.587616848,25.896709970273303,44.63533247761321,0.0,0.0,1.0,0.0
609,609,1820.4640592936576,1.8204640592936576,Sector 3,126.1931418006173,0.0,4,0.9,2882810.666955798,5564294.50960916,25.896728833491846,44.63533837130855,0.0,0.0,1.0,0.0
610,610,1823.4640592936848,1.8234640592936848,Sector 3,126.19314184046289,0.0,0,0.1,2882800.659085952,5564291.018164332,25.896638931267407,44.635316052776446,0.0,0.0,1.0,0.0
610,610,1823.4640592936848,1.8234640592936848,Sector 3,126.19314184046289,0.0,1,0.25,2882802.7984426795,5564291.88604214,25.896658149435872,44.635321600554654,0.0,0.0,1.0,0.0
610,610,1823.4640592936848,1.8234640592936848,Sector 3,126.19314184046289,0.0,2,0.5,2882806.3640372246,5564293.332505155,25.89669017971664,44.635330846850486,0.0,0.0,1.0,0.0
610,610,1823.4640592936848,1.8234640592936848,Sector 3,126.19314184046289,0.0,3,0.75,2882809.9296317697,5564294.77896817,25.896722209997407,44.635340093144855,0.0,0.0,1.0,0.0
610,610,1823.4640592936848,1.8234640592936848,Sector 3,126.19314184046289,0.0,4,0.9,2882812.068988497,5564295.646845979,25.89674142816587,44.63534564092077,0.0,0.0,1.0,0.0
611,611,1826.464059293712,1.826464059293712,Sector 3,126.19314181496507,0.0,0,0.1,2882801.850383482,5564292.444011836,25.8966496328752,44.63532516729163,0.0,0.0,1.0,0.0
611,611,1826.464059293712,1.826464059293712,Sector 3,126.19314181496507,0.0,1,0.25,2882804.0292530535,5564293.257775141,25.89666920599358,44.635330369150225,0.0,0.0,1.0,0.0
611,611,1826.464059293712,1.826464059293712,Sector 3,126.19314181496507,0.0,2,0.5,2882807.6607023394,5564294.614047316,25.896701827857548,44.6353390389135,0.0,0.0,1.0,0.0
611,611,1826.464059293712,1.826464059293712,Sector 3,126.19314181496507,0.0,3,0.75,2882811.292151625,5564295.970319491,25.896734449721514,44.63534770867549,0.0,0.0,1.0,0.0
611,611,1826.464059293712,1.826464059293712,Sector 3,126.19314181496507,0.0,4,0.9,2882813.4710211963,5564296.7840827955,25.896754022839897,44.63535291053205,0.0,0.0,1.0,0.0
612,612,1829.4640592941143,1.8294640592941145,Sector 3,126.19314182445282,0.0,0,0.1,2882803.041681012,5564293.869859341,25.896660334482988,44.63533428180539,0.0,0.0,1.0,0.0
612,612,1829.4640592941143,1.8294640592941145,Sector 3,126.19314182445282,0.0,1,0.25,2882805.260063428,5564294.629508141,25.89668026255129,44.63533913774447,0.0,0.0,1.0,0.0
612,612,1829.4640592941143,1.8294640592941145,Sector 3,126.19314182445282,0.0,2,0.5,2882808.9573674547,5564295.895589477,25.89671347599846,44.63534723097537,0.0,0.0,1.0,0.0
612,612,1829.4640592941143,1.8294640592941145,Sector 3,126.19314182445282,0.0,3,0.75,2882812.654671481,5564297.161670813,25.896746689445628,44.635355324205136,0.0,0.0,1.0,0.0
612,612,1829.4640592941143,1.8294640592941145,Sector 3,126.19314182445282,0.0,4,0.9,2882814.8730538967,5564297.921319614,25.89676661751393,44.635360180142456,0.0,0.0,1.0,0.0
613,613,1832.4640592941412,1.8324640592941412,Sector 3,121.58265038290608,0.0,0,0.1,2882804.233819406,5564295.294463618,25.89667104364439,44.63534338837058,0.0,0.0,1.0,0.0
613,613,1832.4640592941412,1.8324640592941412,Sector 3,121.58265038290608,0.0,1,0.25,2882806.4929759614,5564295.998133076,25.89669133799302,44.63534788646956,0.0,0.0,1.0,0.0
613,613,1832.4640592941412,1.8324640592941412,Sector 3,121.58265038290608,0.0,2,0.5,2882810.2582368865,5564297.170915506,25.896725161907394,44.63535538330041,0.0,0.0,1.0,0.0
613,613,1832.4640592941412,1.8324640592941412,Sector 3,121.58265038290608,0.0,3,0.75,2882814.0234978115,5564298.343697935,25.896758985821773,44.63536288013029,0.0,0.0,1.0,0.0
613,613,1832.4640592941412,1.8324640592941412,Sector 3,121.58265038290608,0.0,4,0.9,2882816.282654367,5564299.047367394,25.896779280170403,44.63536737822775,0.0,0.0,1.0,0.0
614,614,1835.398272167658,1.835398272167658,Sector 3,90.78855945938182,0.0,0,0.1,2882805.411254369,5564296.670914958,25.896681620722624,44.63535218712412,0.0,0.0,1.0,0.0
614,614,1835.398272167658,1.835398272167658,Sector 3,90.78855945938182,0.0,1,0.25,2882807.7274494623,5564297.294463552,25.896702427457154,44.635356173062185,0.0,0.0,1.0,0.0
614,614,1835.398272167658,1.835398272167658,Sector 3,90.78855945938182,0.0,2,0.5,2882811.587774617,5564298.333711207,25.896737105348038,44.635362816291675,0.0,0.0,1.0,0.0
614,614,1835.398272167658,1.835398272167658,Sector 3,90.78855945938182,0.0,3,0.75,2882815.448099772,5564299.372958863,25.896771783238922,44.63536945952041,0.0,0.0,1.0,0.0
614,614,1835.398272167658,1.835398272167658,Sector 3,90.78855945938182,0.0,4,0.9,2882817.764294865,5564299.9965074565,25.89679258997345,44.63537344545729,0.0,0.0,1.0,0.0
615,615,1838.3982721678744,1.8383982721678744,Sector 3,90.78855946529744,0.0,0,0.1,2882806.6232015644,5564298.062735388,25.896692507829513,44.635361084120845,0.0,0.0,1.0,0.0
615,615,1838.3982721678744,1.8383982721678744,Sector 3,90.78855946529744,0.0,1,0.25,2882809.0098840003,5564298.581128865,25.89671394776262,44.635364397870575,0.0,0.0,1.0,0.0
615,615,1838.3982721678744,1.8383982721678744,Sector 3,90.78855946529744,0.0,2,0.5,2882812.987688061,5564299.445117991,25.896749680984467,44.63536992078637,0.0,0.0,1.0,0.0
615,615,1838.3982721678744,1.8383982721678744,Sector 3,90.78855946529744,0.0,3,0.75,2882816.965492121,5564300.309107119,25.896785414206313,44.63537544370165,0.0,0.0,1.0,0.0
615,615,1838.3982721678744,1.8383982721678744,Sector 3,90.78855946529744,0.0,4,0.9,2882819.352174557,5564300.827500596,25.896806854139417,44.63537875745056,0.0,0.0,1.0,0.0
616,616,1841.3982721676248,1.8413982721676248,Sector 3,90.78855949962474,0.0,0,0.1,2882807.835427634,5564299.454023322,25.896703397441573,44.6353699777123,0.0,0.0,1.0,0.0
616,616,1841.3982721676248,1.8413982721676248,Sector 3,90.78855949962474,0.0,1,0.25,2882810.293015724,5564299.86646294,25.896725474331006,44.63537261416808,0.0,0.0,1.0,0.0
616,616,1841.3982721676248,1.8413982721676248,Sector 3,90.78855949962474,0.0,2,0.5,2882814.388995874,5564300.553862303,25.896762269146734,44.635377008260754,0.0,0.0,1.0,0.0
616,616,1841.3982721676248,1.8413982721676248,Sector 3,90.78855949962474,0.0,3,0.75,2882818.4849760244,5564301.241261665,25.896799063962455,44.635381402353104,0.0,0.0,1.0,0.0
616,616,1841.3982721676248,1.8413982721676248,Sector 3,90.78855949962474,0.0,4,0.9,2882820.9425641145,5564301.653701283,25.89682114085189,44.635384038808354,0.0,0.0,1.0,0.0
617,617,1844.3982721678417,1.8443982721678416,Sector 3,90.78855943912232,0.0,0,0.1,2882809.2110252064,5564300.687409099,25.896715754644816,44.635377861937684,0.0,0.0,1.0,0.0
617,617,1844.3982721678417,1.8443982721678416,Sector 3,90.78855943912232,0.0,1,0.25,2882811.7122903666,5564301.020211884,25.896738223892047,44.63537998932716,0.0,0.0,1.0,0.0
617,617,1844.3982721678417,1.8443982721678416,Sector 3,90.78855943912232,0.0,2,0.5,2882815.881065634,5564301.574883193,25.896775672637435,44.63538353497614,0.0,0.0,1.0,0.0
617,617,1844.3982721678417,1.8443982721678416,Sector 3,90.78855943912232,0.0,3,0.75,2882820.049840901,5564302.129554501,25.896813121382817,44.635387080624895,0.0,0.0,1.0,0.0
617,617,1844.3982721678417,1.8443982721678416,Sector 3,90.78855943912232,0.0,4,0.9,2882822.5511060613,5564302.462357285,25.89683559063005,44.63538920801404,0.0,0.0,1.0,0.0
618,618,1847.3982721675925,1.8473982721675928,Sector 3,90.78855949235977,0.0,0,0.1,2882810.7178553557,5564301.773054043,25.896729290730352,44.63538480175204,0.0,0.0,1.0,0.0
618,618,1847.3982721675925,1.8473982721675928,Sector 3,90.78855949235977,0.0,1,0.25,2882813.24092549,5564302.050843467,25.896751955855,44.63538657747706,0.0,0.0,1.0,0.0
618,618,1847.3982721675925,1.8473982721675928,Sector 3,90.78855949235977,0.0,2,0.5,2882817.4460423803,5564302.513825841,25.89678973106274,44.63538953701863,0.0,0.0,1.0,0.0
618,618,1847.3982721675925,1.8473982721675928,Sector 3,90.78855949235977,0.0,3,0.75,2882821.651159271,5564302.9768082155,25.896827506270483,44.635392496560065,0.0,0.0,1.0,0.0
618,618,1847.3982721675925,1.8473982721675928,Sector 3,90.78855949235977,0.0,4,0.9,2882824.1742294054,5564303.25459764,25.89685017139513,44.63539427228485,0.0,0.0,1.0,0.0
619,619,1850.398272167796,1.8503982721677965,Sector 3,90.78855943213648,0.0,0,0.1,2882812.26203839,5564302.810066212,25.896743162362565,44.635391430688266,0.0,0.0,1.0,0.0
619,619,1850.398272167796,1.8503982721677965,Sector 3,90.78855943213648,0.0,1,0.25,2882814.801228838,5564303.039764802,25.896765972298454,44.63539289900005,0.0,0.0,1.0,0.0
619,619,1850.398272167796,1.8503982721677965,Sector 3,90.78855943213648,0.0,2,0.5,2882819.033212919,5564303.422595786,25.896803988858274,44.6353953461863,0.0,0.0,1.0,0.0
619,619,1850.398272167796,1.8503982721677965,Sector 3,90.78855943213648,0.0,3,0.75,2882823.2651969995,5564303.805426769,25.89684200541809,44.635397793372434,0.0,0.0,1.0,0.0
619,619,1850.398272167796,1.8503982721677965,Sector 3,90.78855943213648,0.0,4,0.9,2882825.8043874474,5564304.03512536,25.896864815353975,44.63539926168407,0.0,0.0,1.0,0.0
620,620,1853.398272167547,1.853398272167547,Sector 3,90.78855949478248,0.0,0,0.1,2882813.807890227,5564303.843225534,25.896757048985886,44.63539803499502,0.0,0.0,1.0,0.0
620,620,1853.398272167547,1.853398272167547,Sector 3,90.78855949478248,0.0,1,0.25,2882816.3657041932,5564304.019054023,25.896780026219687,44.63539915895061,0.0,0.0,1.0,0.0
620,620,1853.398272167547,1.853398272167547,Sector 3,90.78855949478248,0.0,2,0.5,2882820.6287274705,5564304.312101502,25.89681832160935,44.63540103220987,0.0,0.0,1.0,0.0
620,620,1853.398272167547,1.853398272167547,Sector 3,90.78855949478248,0.0,3,0.75,2882824.891750748,5564304.605148982,25.896856616999013,44.63540290546908,0.0,0.0,1.0,0.0
620,620,1853.398272167547,1.853398272167547,Sector 3,90.78855949478248,0.0,4,0.9,2882827.449564714,5564304.780977471,25.896879594232814,44.63540402942458,0.0,0.0,1.0,0.0
621,621,1856.3982721677637,1.8563982721677637,Sector 3,90.78855947228637,0.0,0,0.1,2882815.3549922267,5564304.873478613,25.896770946839613,44.63540462072332,0.0,0.0,1.0,0.0
621,621,1856.3982721677637,1.8563982721677637,Sector 3,90.78855947228637,0.0,1,0.25,2882817.933304957,5564304.99107763,25.89679410821694,44.63540537245622,0.0,0.0,1.0,0.0
621,621,1856.3982721677637,1.8563982721677637,Sector 3,90.78855947228637,0.0,2,0.5,2882822.2304928415,5564305.187075991,25.89683271051249,44.635406625344345,0.0,0.0,1.0,0.0
621,621,1856.3982721677637,1.8563982721677637,Sector 3,90.78855947228637,0.0,3,0.75,2882826.527680726,5564305.383074353,25.896871312808045,44.635407878232456,0.0,0.0,1.0,0.0
621,621,1856.3982721677637,1.8563982721677637,Sector 3,90.78855947228637,0.0,4,0.9,2882829.105993456,5564305.50067337,25.896894474185373,44.635408629965305,0.0,0.0,1.0,0.0
622,622,1859.3982721675145,1.8593982721675144,Sector 3,90.78855944960418,0.0,0,0.1,2882816.902094227,5564305.903731692,25.89678484469334,44.63541120645089,0.0,0.0,1.0,0.0
622,622,1859.3982721675145,1.8593982721675144,Sector 3,90.78855944960418,0.0,1,0.25,2882819.5009057214,5564305.963101238,25.896808190214198,44.63541158596117,0.0,0.0,1.0,0.0
622,622,1859.3982721675145,1.8593982721675144,Sector 3,90.78855944960418,0.0,2,0.5,2882823.8322582124,5564306.062050481,25.896847099415638,44.635412218478294,0.0,0.0,1.0,0.0
622,622,1859.3982721675145,1.8593982721675144,Sector 3,90.78855944960418,0.0,3,0.75,2882828.163610703,5564306.160999725,25.896886008617066,44.63541285099541,0.0,0.0,1.0,0.0
622,622,1859.3982721675145,1.8593982721675144,Sector 3,90.78855944960418,0.0,4,0.9,2882830.7624221975,5564306.220369271,25.89690935413793,44.635413230505684,0.0,0.0,1.0,0.0
623,623,1862.3982721677307,1.8623982721677308,Sector 3,90.78855946502136,0.0,0,0.1,2882818.4491962274,5564306.93398477,25.89679874254707,44.635417792177705,0.0,0.0,1.0,0.0
623,623,1862.3982721677307,1.8623982721677308,Sector 3,90.78855946502136,0.0,1,0.25,2882821.068506486,5564306.935124845,25.896822272211462,44.63541779946545,0.0,0.0,1.0,0.0
623,623,1862.3982721677307,1.8623982721677308,Sector 3,90.78855946502136,0.0,2,0.5,2882825.4340235833,5564306.937024971,25.89686148831878,44.635417811611696,0.0,0.0,1.0,0.0
623,623,1862.3982721677307,1.8623982721677308,Sector 3,90.78855946502136,0.0,3,0.75,2882829.799540681,5564306.938925096,25.8969007044261,44.63541782375793,0.0,0.0,1.0,0.0
623,623,1862.3982721677307,1.8623982721677308,Sector 3,90.78855946502136,0.0,4,0.9,2882832.4188509393,5564306.940065171,25.896924234090488,44.63541783104568,0.0,0.0,1.0,0.0
624,624,1865.3982721674813,1.8653982721674816,Sector 3,90.78855948053166,0.0,0,0.1,2882819.9978421484,5564307.959564949,25.896812654270075,44.63542434803302,0.0,0.0,1.0,0.0
624,624,1865.3982721674813,1.8653982721674816,Sector 3,90.78855948053166,0.0,1,0.25,2882822.639967052,5564307.895466205,25.89683638888191,44.63542393829219,0.0,0.0,1.0,0.0
624,624,1865.3982721674813,1.8653982721674816,Sector 3,90.78855948053166,0.0,2,0.5,2882827.0435085576,5564307.788634965,25.8968759465683,44.63542325539081,0.0,0.0,1.0,0.0
624,624,1865.3982721674813,1.8653982721674816,Sector 3,90.78855948053166,0.0,3,0.75,2882831.4470500634,5564307.681803725,25.89691550425469,44.63542257248942,0.0,0.0,1.0,0.0
624,624,1865.3982721674813,1.8653982721674816,Sector 3,90.78855948053166,0.0,4,0.9,2882834.089174967,5564307.61770498,25.89693923886652,44.635422162748576,0.0,0.0,1.0,0.0
625,625,1868.3982721676853,1.8683982721676853,Sector 3,90.78855944834788,0.0,0,0.1,2882821.559997796,5564308.951169237,25.89682668735302,44.63543068670224,0.0,0.0,1.0,0.0
625,625,1868.3982721676853,1.8683982721676853,Sector 3,90.78855944834788,0.0,1,0.25,2882824.233711356,5564308.792579999,25.896850705730582,44.635429672946366,0.0,0.0,1.0,0.0
625,625,1868.3982721676853,1.8683982721676853,Sector 3,90.78855944834788,0.0,2,0.5,2882828.6899006227,5564308.528264603,25.896890736359854,44.635427983353196,0.0,0.0,1.0,0.0
625,625,1868.3982721676853,1.8683982721676853,Sector 3,90.78855944834788,0.0,3,0.75,2882833.146089889,5564308.263949207,25.896930766989126,44.635426293759984,0.0,0.0,1.0,0.0
625,625,1868.3982721676853,1.8683982721676853,Sector 3,90.78855944834788,0.0,4,0.9,2882835.819803449,5564308.10535997,25.896954785366685,44.63542528000403,0.0,0.0,1.0,0.0
626,626,1871.3982721679015,1.8713982721679017,Sector 3,90.78855947335968,0.0,0,0.1,2882823.310244735,5564309.577008784,25.896842410088784,44.63543468727946,0.0,0.0,1.0,0.0
626,626,1871.3982721679015,1.8713982721679017,Sector 3,90.78855947335968,0.0,1,0.25,2882825.989746073,5564309.357149638,25.896866480458836,44.635433281865765,0.0,0.0,1.0,0.0
626,626,1871.3982721679015,1.8713982721679017,Sector 3,90.78855947335968,0.0,2,0.5,2882830.4555816357,5564308.990717728,25.896906597742266,44.63543093950953,0.0,0.0,1.0,0.0
626,626,1871.3982721679015,1.8713982721679017,Sector 3,90.78855947335968,0.0,3,0.75,2882834.9214171986,5564308.624285818,25.89694671502569,44.635428597153194,0.0,0.0,1.0,0.0
626,626,1871.3982721679015,1.8713982721679017,Sector 3,90.78855947335968,0.0,4,0.9,2882837.6009185365,5564308.4044266725,25.896970785395744,44.63542719173936,0.0,0.0,1.0,0.0
627,627,1874.3982721676523,1.8743982721676524,Sector 3,90.78855946977376,0.0,0,0.1,2882825.070066887,5564310.177106414,25.896858218840148,44.63543852330541,0.0,0.0,1.0,0.0
627,627,1874.3982721676523,1.8743982721676524,Sector 3,90.78855946977376,0.0,1,0.25,2882827.753760134,5564309.900267679,25.896882326866763,44.63543675365911,0.0,0.0,1.0,0.0
627,627,1874.3982721676523,1.8743982721676524,Sector 3,90.78855946977376,0.0,2,0.5,2882832.2265822114,5564309.438869788,25.896922506911118,44.63543380424849,0.0,0.0,1.0,0.0
627,627,1874.3982721676523,1.8743982721676524,Sector 3,90.78855946977376,0.0,3,0.75,2882836.6994042895,5564308.977471897,25.896962686955476,44.635430854837715,0.0,0.0,1.0,0.0
627,627,1874.3982721676523,1.8743982721676524,Sector 3,90.78855946977376,0.0,4,0.9,2882839.3830975364,5564308.700633163,25.896986794982094,44.63542908519117,0.0,0.0,1.0,0.0
628,628,1877.398272167869,1.877398272167869,Sector 3,90.78855946618772,0.0,0,0.1,2882826.8303612196,5564310.775934638,25.896874031833182,44.635442351216646,0.0,0.0,1.0,0.0
628,628,1877.398272167869,1.877398272167869,Sector 3,90.78855946618772,0.0,1,0.25,2882829.5181676787,5564310.442327883,25.896898176809415,44.63544021869019,0.0,0.0,1.0,0.0
628,628,1877.398272167869,1.877398272167869,Sector 3,90.78855946618772,0.0,2,0.5,2882833.9978451105,5564309.886316624,25.89693841843646,44.635436664479265,0.0,0.0,1.0,0.0
628,628,1877.398272167869,1.877398272167869,Sector 3,90.78855946618772,0.0,3,0.75,2882838.477522542,5564309.330305364,25.896978660063507,44.63543311026812,0.0,0.0,1.0,0.0
628,628,1877.398272167869,1.877398272167869,Sector 3,90.78855946618772,0.0,4,0.9,2882841.165329001,5564308.996698609,25.897002805039737,44.63543097774133,0.0,0.0,1.0,0.0
629,629,1880.39827216762,1.88039827216762,Sector 3,90.78855945300712,0.0,0,0.1,2882828.590655552,5564311.374762864,25.89688984482622,44.63544617912763,0.0,0.0,1.0,0.0
629,629,1880.39827216762,1.88039827216762,Sector 3,90.78855945300712,0.0,1,0.25,2882831.2825752236,5564310.984388087,25.89691402675206,44.63544368372107,0.0,0.0,1.0,0.0
629,629,1880.39827216762,1.88039827216762,Sector 3,90.78855945300712,0.0,2,0.5,2882835.7691080086,5564310.333763458,25.896954329961797,44.6354395247099,0.0,0.0,1.0,0.0
629,629,1880.39827216762,1.88039827216762,Sector 3,90.78855945300712,0.0,3,0.75,2882840.255640794,5564309.683138829,25.896994633171538,44.63543536569843,0.0,0.0,1.0,0.0
629,629,1880.39827216762,1.88039827216762,Sector 3,90.78855945300712,0.0,4,0.9,2882842.9475604654,5564309.292764052,25.89701881509738,44.6354328702914,0.0,0.0,1.0,0.0
630,630,1883.398272167836,1.883398272167836,Sector 3,90.7885594685174,0.0,0,0.1,2882830.350949885,5564311.973591088,25.896905657819254,44.63545000703835,0.0,0.0,1.0,0.0
630,630,1883.398272167836,1.883398272167836,Sector 3,90.7885594685174,0.0,1,0.25,2882833.0469827685,5564311.526448291,25.896929876694713,44.635447148751744,0.0,0.0,1.0,0.0
630,630,1883.398272167836,1.883398272167836,Sector 3,90.7885594685174,0.0,2,0.5,2882837.5403709076,5564310.781210293,25.89697024148714,44.635442384940404,0.0,0.0,1.0,0.0
630,630,1883.398272167836,1.883398272167836,Sector 3,90.7885594685174,0.0,3,0.75,2882842.0337590463,5564310.035972295,25.89701060627957,44.635437621128666,0.0,0.0,1.0,0.0
630,630,1883.398272167836,1.883398272167836,Sector 3,90.7885594685174,0.0,4,0.9,2882844.72979193,5564309.588829498,25.897034825155025,44.63543476284144,0.0,0.0,1.0,0.0
631,631,1886.3982721675743,1.8863982721675745,Sector 3,90.78855948374849,0.0,0,0.1,2882832.111244217,5564312.572419314,25.896921470812288,44.63545383494884,0.0,0.0,1.0,0.0
631,631,1886.3982721675743,1.8863982721675745,Sector 3,90.78855948374849,0.0,1,0.25,2882834.811390313,5564312.068508494,25.89694572663736,44.635450613782204,0.0,0.0,1.0,0.0
631,631,1886.3982721675743,1.8863982721675745,Sector 3,90.78855948374849,0.0,2,0.5,2882839.3116338057,5564311.228657128,25.896986153012477,44.63544524517076,0.0,0.0,1.0,0.0
631,631,1886.3982721675743,1.8863982721675745,Sector 3,90.78855948374849,0.0,3,0.75,2882843.811877298,5564310.388805762,25.897026579387592,44.63543987655881,0.0,0.0,1.0,0.0
631,631,1886.3982721675743,1.8863982721675745,Sector 3,90.78855948374849,0.0,4,0.9,2882846.512023394,5564309.884894942,25.897050835212664,44.6354366553914,0.0,0.0,1.0,0.0
632,632,1889.3982721677908,1.8893982721677909,Sector 3,90.78855945202996,0.0,0,0.1,2882833.8717819713,5564313.16946228,25.896937285992017,44.6354576514471,0.0,0.0,1.0,0.0
632,632,1889.3982721677908,1.8893982721677909,Sector 3,90.78855945202996,0.0,1,0.25,2882836.576406412,5564312.606105551,25.896961582046742,44.63545405028254,0.0,0.0,1.0,0.0
632,632,1889.3982721677908,1.8893982721677909,Sector 3,90.78855945202996,0.0,2,0.5,2882841.084113813,5564311.66717767,25.897002075471292,44.63544804834112,0.0,0.0,1.0,0.0
632,632,1889.3982721677908,1.8893982721677909,Sector 3,90.78855945202996,0.0,3,0.75,2882845.5918212137,5564310.728249787,25.897042568895834,44.635442046399056,0.0,0.0,1.0,0.0
632,632,1889.3982721677908,1.8893982721677909,Sector 3,90.78855945202996,0.0,4,0.9,2882848.2964456542,5564310.164893059,25.89706686495056,44.63543844523354,0.0,0.0,1.0,0.0
633,633,1892.3982721675416,1.8923982721675416,Sector 3,87.10801028437186,0.0,0,0.1,2882835.6628768323,5564313.649606121,25.896953375670904,44.63546072068687,0.0,0.0,1.0,0.0
633,633,1892.3982721675416,1.8923982721675416,Sector 3,87.10801028437186,0.0,1,0.25,2882838.3683954813,5564313.027542721,25.896977679758443,44.63545674424984,0.0,0.0,1.0,0.0
633,633,1892.3982721675416,1.8923982721675416,Sector 3,87.10801028437186,0.0,2,0.5,2882842.8775932305,5564311.9907703865,25.897018186571014,44.63545011685419,0.0,0.0,1.0,0.0
633,633,1892.3982721675416,1.8923982721675416,Sector 3,87.10801028437186,0.0,3,0.75,2882847.3867909797,5564310.9539980525,25.89705869338359,44.63544348945777,0.0,0.0,1.0,0.0
633,633,1892.3982721675416,1.8923982721675416,Sector 3,87.10801028437186,0.0,4,0.9,2882850.0923096286,5564310.331934652,25.897082997471127,44.63543951301956,0.0,0.0,1.0,0.0
634,634,1895.3968447048287,1.895396844704829,Sector 3,86.25931410926262,0.0,0,0.1,2882837.4952415745,5564313.965324813,25.896969836083443,44.6354627388661,0.0,0.0,1.0,0.0
634,634,1895.3968447048287,1.895396844704829,Sector 3,86.25931410926262,0.0,1,0.25,2882840.1957499105,5564313.296917715,25.896994095162576,44.635458466184815,0.0,0.0,1.0,0.0
634,634,1895.3968447048287,1.895396844704829,Sector 3,86.25931410926262,0.0,2,0.5,2882844.6965971375,5564312.182905886,25.89703452696113,44.635451345048644,0.0,0.0,1.0,0.0
634,634,1895.3968447048287,1.895396844704829,Sector 3,86.25931410926262,0.0,3,0.75,2882849.197444364,5564311.0688940585,25.89707495875968,44.635444223911605,0.0,0.0,1.0,0.0
634,634,1895.3968447048287,1.895396844704829,Sector 3,86.25931410926262,0.0,4,0.9,2882851.8979527,5564310.400486961,25.897099217838814,44.63543995122896,0.0,0.0,1.0,0.0
635,635,1898.396844704852,1.898396844704852,Sector 3,86.2593141430716,0.0,0,0.1,2882839.3355641067,5564314.242581517,25.896986367982027,44.635464511183415,0.0,0.0,1.0,0.0
635,635,1898.396844704852,1.898396844704852,Sector 3,86.2593141430716,0.0,1,0.25,2882842.0298788277,5564313.534244043,25.897010571422967,44.635459983253966,0.0,0.0,1.0,0.0
635,635,1898.396844704852,1.898396844704852,Sector 3,86.2593141430716,0.0,2,0.5,2882846.5204033637,5564312.353681585,25.897050910491213,44.63545243670408,0.0,0.0,1.0,0.0
635,635,1898.396844704852,1.898396844704852,Sector 3,86.2593141430716,0.0,3,0.75,2882851.0109278993,5564311.173119127,25.897091249559452,44.63544489015322,0.0,0.0,1.0,0.0
635,635,1898.396844704852,1.898396844704852,Sector 3,86.2593141430716,0.0,4,0.9,2882853.705242621,5564310.464781652,25.8971154530004,44.63544036222223,0.0,0.0,1.0,0.0
636,636,1901.3968447048744,1.901396844704874,Sector 3,86.25931411006371,0.0,0,0.1,2882841.1758866385,5564314.519838223,25.897002899880608,44.63546628350068,0.0,0.0,1.0,0.0
636,636,1901.3968447048744,1.901396844704874,Sector 3,86.25931411006371,0.0,1,0.25,2882843.8640077454,5564313.771570371,25.897027047683366,44.63546150032307,0.0,0.0,1.0,0.0
636,636,1901.3968447048744,1.901396844704874,Sector 3,86.25931411006371,0.0,2,0.5,2882848.34420959,5564312.524457283,25.897067294021294,44.6354535283595,0.0,0.0,1.0,0.0
636,636,1901.3968447048744,1.901396844704874,Sector 3,86.25931411006371,0.0,3,0.75,2882852.824411434,5564311.277344196,25.897107540359222,44.635445556394835,0.0,0.0,1.0,0.0
636,636,1901.3968447048744,1.901396844704874,Sector 3,86.25931411006371,0.0,4,0.9,2882855.512532541,5564310.529076343,25.89713168816198,44.6354407732155,0.0,0.0,1.0,0.0
637,637,1904.3968447048967,1.904396844704897,Sector 3,86.25931411410244,0.0,0,0.1,2882843.016209171,5564314.797094928,25.897019431779196,44.63546805581789,0.0,0.0,1.0,0.0
637,637,1904.3968447048967,1.904396844704897,Sector 3,86.25931411410244,0.0,1,0.25,2882845.698136663,5564314.008896697,25.897043523943765,44.63546301739212,0.0,0.0,1.0,0.0
637,637,1904.3968447048967,1.904396844704897,Sector 3,86.25931411410244,0.0,2,0.5,2882850.1680158162,5564312.695232981,25.89708367755138,44.635454620014876,0.0,0.0,1.0,0.0
637,637,1904.3968447048967,1.904396844704897,Sector 3,86.25931411410244,0.0,3,0.75,2882854.6378949694,5564311.381569264,25.897123831158996,44.635446222636425,0.0,0.0,1.0,0.0
637,637,1904.3968447048967,1.904396844704897,Sector 3,86.25931411410244,0.0,4,0.9,2882857.3198224613,5564310.593371034,25.897147923323562,44.635441184208766,0.0,0.0,1.0,0.0
638,638,1907.39684470498,1.90739684470498,Sector 3,86.25931410954126,0.0,0,0.1,2882844.8565317034,5564315.074351634,25.89703596367778,44.63546982813505,0.0,0.0,1.0,0.0
638,638,1907.39684470498,1.90739684470498,Sector 3,86.25931410954126,0.0,1,0.25,2882847.5322655807,5564314.246223026,25.89706000020416,44.63546453446115,0.0,0.0,1.0,0.0
638,638,1907.39684470498,1.90739684470498,Sector 3,86.25931410954126,0.0,2,0.5,2882851.9918220425,5564312.866008678,25.897100061081463,44.63545571167025,0.0,0.0,1.0,0.0
638,638,1907.39684470498,1.90739684470498,Sector 3,86.25931410954126,0.0,3,0.75,2882856.4513785047,5564311.485794332,25.897140121958767,44.635446888878015,0.0,0.0,1.0,0.0
638,638,1907.39684470498,1.90739684470498,Sector 3,86.25931410954126,0.0,4,0.9,2882859.127112382,5564310.657665724,25.89716415848515,44.635441595202025,0.0,0.0,1.0,0.0
639,639,1910.396844704538,1.9103968447045376,Sector 3,86.2593140963802,0.0,0,0.1,2882846.696854235,5564315.351608339,25.89705249557636,44.63547160045215,0.0,0.0,1.0,0.0
639,639,1910.396844704538,1.9103968447045376,Sector 3,86.2593140963802,0.0,1,0.25,2882849.3663944975,5564314.483549354,25.897076476464555,44.63546605153014,0.0,0.0,1.0,0.0
639,639,1910.396844704538,1.9103968447045376,Sector 3,86.2593140963802,0.0,2,0.5,2882853.8156282688,5564313.036784377,25.897116444611544,44.6354568033256,0.0,0.0,1.0,0.0
639,639,1910.396844704538,1.9103968447045376,Sector 3,86.2593140963802,0.0,3,0.75,2882858.2648620396,5564311.590019401,25.897156412758534,44.6354475551196,0.0,0.0,1.0,0.0
639,639,1910.396844704538,1.9103968447045376,Sector 3,86.2593140963802,0.0,4,0.9,2882860.934402302,5564310.721960416,25.897180393646728,44.635442006195284,0.0,0.0,1.0,0.0
640,640,1913.3968447045604,1.9133968447045604,Sector 3,86.25931415775358,0.0,0,0.1,2882848.5371767674,5564315.628865045,25.897069027474945,44.6354733727692,0.0,0.0,1.0,0.0
640,640,1913.3968447045604,1.9133968447045604,Sector 3,86.25931415775358,0.0,1,0.25,2882851.200523415,5564314.720875681,25.89709295272495,44.63546756859908,0.0,0.0,1.0,0.0
640,640,1913.3968447045604,1.9133968447045604,Sector 3,86.25931415775358,0.0,2,0.5,2882855.639434495,5564313.207560075,25.89713282814163,44.63545789498094,0.0,0.0,1.0,0.0
640,640,1913.3968447045604,1.9133968447045604,Sector 3,86.25931415775358,0.0,3,0.75,2882860.0783455744,5564311.6942444695,25.897172703558304,44.63544822136117,0.0,0.0,1.0,0.0
640,640,1913.3968447045604,1.9133968447045604,Sector 3,86.25931415775358,0.0,4,0.9,2882862.7416922227,5564310.786255106,25.897196628808313,44.635442417188536,0.0,0.0,1.0,0.0
641,641,1916.396844704583,1.916396844704583,Sector 3,86.25931412474563,0.0,0,0.1,2882850.3935418115,5564315.765557722,25.897085703485864,44.63547424655422,0.0,0.0,1.0,0.0
641,641,1916.396844704583,1.916396844704583,Sector 3,86.25931412474563,0.0,1,0.25,2882853.0480210925,5564314.841065319,25.897109549078962,44.63546833689127,0.0,0.0,1.0,0.0
641,641,1916.396844704583,1.916396844704583,Sector 3,86.25931412474563,0.0,2,0.5,2882857.472153228,5564313.300244646,25.89714929173412,44.63545848745167,0.0,0.0,1.0,0.0
641,641,1916.396844704583,1.916396844704583,Sector 3,86.25931412474563,0.0,3,0.75,2882861.8962853635,5564311.759423973,25.897189034389285,44.6354486380104,0.0,0.0,1.0,0.0
641,641,1916.396844704583,1.916396844704583,Sector 3,86.25931412474563,0.0,4,0.9,2882864.5507646445,5564310.83493157,25.897212879982384,44.63544272834484,0.0,0.0,1.0,0.0
642,642,1919.396844704666,1.919396844704666,Sector 3,86.2593141111434,0.0,0,0.1,2882852.255392668,5564315.804837526,25.897102428776677,44.63547449764378,0.0,0.0,1.0,0.0
642,642,1919.396844704666,1.919396844704666,Sector 3,86.2593141111434,0.0,1,0.25,2882854.90009028,5564314.880077561,25.897126186499545,44.635468586270505,0.0,0.0,1.0,0.0
642,642,1919.396844704666,1.919396844704666,Sector 3,86.2593141111434,0.0,2,0.5,2882859.3079196345,5564313.338810953,25.897165782704334,44.63545873398039,0.0,0.0,1.0,0.0
642,642,1919.396844704666,1.919396844704666,Sector 3,86.2593141111434,0.0,3,0.75,2882863.7157489886,5564311.797544345,25.89720537890912,44.63544888168859,0.0,0.0,1.0,0.0
642,642,1919.396844704666,1.919396844704666,Sector 3,86.2593141111434,0.0,4,0.9,2882866.360446601,5564310.872784381,25.897229136631992,44.63544297031272,0.0,0.0,1.0,0.0
643,643,1922.3968447046889,1.9223968447046889,Sector 3,86.25931412554667,0.0,0,0.1,2882854.1180401314,5564315.821980827,25.89711916122353,44.635474607229455,0.0,0.0,1.0,0.0
643,643,1922.3968447046889,1.9223968447046889,Sector 3,86.25931412554667,0.0,1,0.25,2882856.752823307,5564314.900642718,25.8971428298835,44.63546871772984,0.0,0.0,1.0,0.0
643,643,1922.3968447046889,1.9223968447046889,Sector 3,86.25931412554667,0.0,2,0.5,2882861.1441286,5564313.365079204,25.897182277650117,44.635458901895824,0.0,0.0,1.0,0.0
643,643,1922.3968447046889,1.9223968447046889,Sector 3,86.25931412554667,0.0,3,0.75,2882865.5354338936,5564311.82951569,25.897221725416745,44.63544908606014,0.0,0.0,1.0,0.0
643,643,1922.3968447046889,1.9223968447046889,Sector 3,86.25931412554667,0.0,4,0.9,2882868.1702170693,5564310.908177582,25.897245394076716,44.635443196557944,0.0,0.0,1.0,0.0
644,644,1925.3968447047112,1.9253968447047112,Sector 3,86.25931410202105,0.0,0,0.1,2882855.980687595,5564315.839124128,25.897135893670384,44.63547471681513,0.0,0.0,1.0,0.0
644,644,1925.3968447047112,1.9253968447047112,Sector 3,86.25931410202105,0.0,1,0.25,2882858.6055563344,5564314.921207876,25.897159473267457,44.63546884918918,0.0,0.0,1.0,0.0
644,644,1925.3968447047112,1.9253968447047112,Sector 3,86.25931410202105,0.0,2,0.5,2882862.980337566,5564313.391347456,25.89719877259591,44.63545906981126,0.0,0.0,1.0,0.0
644,644,1925.3968447047112,1.9253968447047112,Sector 3,86.25931410202105,0.0,3,0.75,2882867.355118798,5564311.861487036,25.897238071924363,44.635449290431694,0.0,0.0,1.0,0.0
644,644,1925.3968447047112,1.9253968447047112,Sector 3,86.25931410202105,0.0,4,0.9,2882869.9799875375,5564310.943570783,25.897261651521436,44.63544342280317,0.0,0.0,1.0,0.0
645,645,1928.3968447047337,1.9283968447047335,Sector 3,86.259314115542,0.0,0,0.1,2882857.8433350585,5564315.856267428,25.89715262611724,44.6354748264008,0.0,0.0,1.0,0.0
645,645,1928.3968447047337,1.9283968447047335,Sector 3,86.259314115542,0.0,1,0.25,2882860.458289361,5564314.941773033,25.89717611665141,44.635468980648504,0.0,0.0,1.0,0.0
645,645,1928.3968447047337,1.9283968447047335,Sector 3,86.259314115542,0.0,2,0.5,2882864.8165465323,5564313.417615706,25.897215267541704,44.63545923772669,0.0,0.0,1.0,0.0
645,645,1928.3968447047337,1.9283968447047335,Sector 3,86.259314115542,0.0,3,0.75,2882869.1748037036,5564311.89345838,25.89725441843199,44.63544949480325,0.0,0.0,1.0,0.0
645,645,1928.3968447047337,1.9283968447047335,Sector 3,86.259314115542,0.0,4,0.9,2882871.789758006,5564310.978963985,25.897277908966167,44.63544364904839,0.0,0.0,1.0,0.0
646,646,1931.3968447048169,1.9313968447048169,Sector 3,86.25931412090426,0.0,0,0.1,2882859.705982522,5564315.873410727,25.897169358564096,44.635474935986466,0.0,0.0,1.0,0.0
646,646,1931.3968447048169,1.9313968447048169,Sector 3,86.25931412090426,0.0,1,0.25,2882862.3110223883,5564314.962338189,25.897192760035367,44.63546911210783,0.0,0.0,1.0,0.0
646,646,1931.3968447048169,1.9313968447048169,Sector 3,86.25931412090426,0.0,2,0.5,2882866.6527554984,5564313.443883956,25.89723176248749,44.635459405642116,0.0,0.0,1.0,0.0
646,646,1931.3968447048169,1.9313968447048169,Sector 3,86.25931412090426,0.0,3,0.75,2882870.9944886086,5564311.925429724,25.897270764939616,44.635449699174785,0.0,0.0,1.0,0.0
646,646,1931.3968447048169,1.9313968447048169,Sector 3,86.25931412090426,0.0,4,0.9,2882873.5995284747,5564311.014357186,25.89729416641089,44.63544387529361,0.0,0.0,1.0,0.0
647,647,1934.3968447048396,1.9343968447048396,Sector 3,86.25931412626647,0.0,0,0.1,2882861.5686299857,5564315.890554029,25.897186091010948,44.635475045572136,0.0,0.0,1.0,0.0
647,647,1934.3968447048396,1.9343968447048396,Sector 3,86.25931412626647,0.0,1,0.25,2882864.163755415,5564314.9829033455,25.89720940341932,44.63546924356715,0.0,0.0,1.0,0.0
647,647,1934.3968447048396,1.9343968447048396,Sector 3,86.25931412626647,0.0,2,0.5,2882868.4889644645,5564313.470152208,25.897248257433283,44.63545957355755,0.0,0.0,1.0,0.0
647,647,1934.3968447048396,1.9343968447048396,Sector 3,86.25931412626647,0.0,3,0.75,2882872.8141735136,5564311.95740107,25.89728711144724,44.63544990354634,0.0,0.0,1.0,0.0
647,647,1934.3968447048396,1.9343968447048396,Sector 3,86.25931412626647,0.0,4,0.9,2882875.409298943,5564311.049750387,25.897310423855615,44.63544410153884,0.0,0.0,1.0,0.0
648,648,1937.396844704862,1.937396844704862,Sector 3,86.25931412126414,0.0,0,0.1,2882863.4312774492,5564315.907697329,25.8972028234578,44.63547515515781,0.0,0.0,1.0,0.0
648,648,1937.396844704862,1.937396844704862,Sector 3,86.25931412126414,0.0,1,0.25,2882866.016488442,5564315.003468502,25.897226046803276,44.63546937502648,0.0,0.0,1.0,0.0
648,648,1937.396844704862,1.937396844704862,Sector 3,86.25931412126414,0.0,2,0.5,2882870.32517343,5564313.496420458,25.897264752379073,44.63545974147297,0.0,0.0,1.0,0.0
648,648,1937.396844704862,1.937396844704862,Sector 3,86.25931412126414,0.0,3,0.75,2882874.6338584186,5564311.989372415,25.897303457954866,44.63545010791788,0.0,0.0,1.0,0.0
648,648,1937.396844704862,1.937396844704862,Sector 3,86.25931412126414,0.0,4,0.9,2882877.219069411,5564311.085143588,25.89732668130034,44.63544432778405,0.0,0.0,1.0,0.0
649,649,1940.396844704945,1.940396844704945,Sector 3,86.25931411670297,0.0,0,0.1,2882865.293924913,5564315.92484063,25.897219555904655,44.63547526474349,0.0,0.0,1.0,0.0
649,649,1940.396844704945,1.940396844704945,Sector 3,86.25931411670297,0.0,1,0.25,2882867.8692214694,5564315.02403366,25.897242690187234,44.63546950648581,0.0,0.0,1.0,0.0
649,649,1940.396844704945,1.940396844704945,Sector 3,86.25931411670297,0.0,2,0.5,2882872.1613823962,5564313.522688709,25.89728124732486,44.63545990938841,0.0,0.0,1.0,0.0
649,649,1940.396844704945,1.940396844704945,Sector 3,86.25931411670297,0.0,3,0.75,2882876.453543323,5564312.021343759,25.897319804462484,44.63545031228943,0.0,0.0,1.0,0.0
649,649,1940.396844704945,1.940396844704945,Sector 3,86.25931411670297,0.0,4,0.9,2882879.0288398797,5564311.120536789,25.897342938745066,44.63544455402927,0.0,0.0,1.0,0.0
650,650,1943.396844704968,1.943396844704968,Sector 3,86.2593141311063,0.0,0,0.1,2882867.1565723764,5564315.941983928,25.89723628835151,44.63547537432914,0.0,0.0,1.0,0.0
650,650,1943.396844704968,1.943396844704968,Sector 3,86.2593141311063,0.0,1,0.25,2882869.721954496,5564315.044598815,25.89725933357119,44.63546963794512,0.0,0.0,1.0,0.0
650,650,1943.396844704968,1.943396844704968,Sector 3,86.2593141311063,0.0,2,0.5,2882873.9975913623,5564313.548956959,25.897297742270652,44.63546007730383,0.0,0.0,1.0,0.0
650,650,1943.396844704968,1.943396844704968,Sector 3,86.2593141311063,0.0,3,0.75,2882878.2732282286,5564312.053315103,25.897336150970112,44.63545051666097,0.0,0.0,1.0,0.0
650,650,1943.396844704968,1.943396844704968,Sector 3,86.2593141311063,0.0,4,0.9,2882880.8386103483,5564311.15592999,25.89735919618979,44.63544478027449,0.0,0.0,1.0,0.0
651,651,1946.3968447045256,1.9463968447045257,Sector 3,86.259314117504,0.0,0,0.1,2882869.01921984,5564315.959127229,25.897253020798363,44.63547548391482,0.0,0.0,1.0,0.0
651,651,1946.3968447045256,1.9463968447045257,Sector 3,86.259314117504,0.0,1,0.25,2882871.574687523,5564315.065163972,25.897275976955143,44.63546976940445,0.0,0.0,1.0,0.0
651,651,1946.3968447045256,1.9463968447045257,Sector 3,86.259314117504,0.0,2,0.5,2882875.833800328,5564313.57522521,25.897314237216438,44.635460245219264,0.0,0.0,1.0,0.0
651,651,1946.3968447045256,1.9463968447045257,Sector 3,86.259314117504,0.0,3,0.75,2882880.092913133,5564312.085286448,25.897352497477733,44.635450721032505,0.0,0.0,1.0,0.0
651,651,1946.3968447045256,1.9463968447045257,Sector 3,86.259314117504,0.0,4,0.9,2882882.648380816,5564311.191323191,25.89737545363451,44.6354450065197,0.0,0.0,1.0,0.0
652,652,1949.396844704548,1.949396844704548,Sector 3,86.25931411206057,0.0,0,0.1,2882870.8818673035,5564315.97627053,25.89726975324522,44.635475593500495,0.0,0.0,1.0,0.0
652,652,1949.396844704548,1.949396844704548,Sector 3,86.25931411206057,0.0,1,0.25,2882873.42742055,5564315.08572913,25.8972926203391,44.63546990086379,0.0,0.0,1.0,0.0
652,652,1949.396844704548,1.949396844704548,Sector 3,86.25931411206057,0.0,2,0.5,2882877.670009294,5564313.601493461,25.897330732162228,44.63546041313469,0.0,0.0,1.0,0.0
652,652,1949.396844704548,1.949396844704548,Sector 3,86.25931411206057,0.0,3,0.75,2882881.912598038,5564312.117257793,25.89736884398536,44.63545092540405,0.0,0.0,1.0,0.0
652,652,1949.396844704548,1.949396844704548,Sector 3,86.25931411206057,0.0,4,0.9,2882884.4581512846,5564311.226716392,25.897391711079237,44.63544523276492,0.0,0.0,1.0,0.0
653,653,1952.3968447046316,1.9523968447046316,Sector 3,86.25932280490338,0.0,0,0.1,2882872.7445632396,5564315.981605324,25.897286486127513,44.63547562760227,0.0,0.0,1.0,0.0
653,653,1952.3968447046316,1.9523968447046316,Sector 3,86.25932280490338,0.0,1,0.25,2882875.2801939705,5564315.096453864,25.897309264085916,44.63546996941986,0.0,0.0,1.0,0.0
653,653,1952.3968447046316,1.9523968447046316,Sector 3,86.25932280490338,0.0,2,0.5,2882879.5062451893,5564313.6212014295,25.89734722734993,44.635460539114604,0.0,0.0,1.0,0.0
653,653,1952.3968447046316,1.9523968447046316,Sector 3,86.25932280490338,0.0,3,0.75,2882883.732296408,5564312.145948995,25.897385190613942,44.63545110880782,0.0,0.0,1.0,0.0
653,653,1952.3968447046316,1.9523968447046316,Sector 3,86.25932280490338,0.0,4,0.9,2882886.267927139,5564311.260797535,25.897407968572345,44.63544545062302,0.0,0.0,1.0,0.0
654,654,1952.6646770004013,1.9526646770004012,Sector 3,86.25932280490338,0.0,0,0.1,2882872.910860364,5564315.98198059,25.897287979999994,44.635475630001096,0.0,0.0,1.0,0.0
654,654,1952.6646770004013,1.9526646770004012,Sector 3,86.25932280490338,0.0,1,0.25,2882875.445605169,5564315.097327164,25.897310749999995,44.63546997500228,0.0,0.0,1.0,0.0
654,654,1952.6646770004013,1.9526646770004012,Sector 3,86.25932280490338,0.0,2,0.5,2882879.670179845,5564313.622904789,25.89734869999999,44.635460550003046,0.0,0.0,1.0,0.0
654,654,1952.6646770004013,1.9526646770004012,Sector 3,86.25932280490338,0.0,3,0.75,2882883.8947545206,5564312.148482414,25.897386649999994,44.635451125002284,0.0,0.0,1.0,0.0
654,654,1952.6646770004013,1.9526646770004012,Sector 3,86.25932280490338,0.0,4,0.9,2882886.429499326,5564311.263828988,25.897409419999995,44.63544547000109,0.0,0.0,1.0,0.0
