point_id,lon,lat,elevation_m,distance_m,distance_km,heading_deg,slope,slope_deg,x_m,y_m,segment_length_m,segment_center_lon,segment_center_lat,turn_intensity,speed_kmh,segment_time_s,average_power_w,average_irradiance_wm2,total_power_sum_w,segment_energy_wh,segment_consumption_wh,passes,shadow_frequency,sector
0,25.8981031,44.63448249999999,0.0,0.0,0.0,323.09024786763854,0.0,0.0,2882963.6496037,5564160.620607039,3.0000000002000244,25.898095007665,44.634490166924536,0.0,75.0,0.14400000000960117,257.43140436025055,268.157712875261,207353.7268049142,8.294149072749576,155.61000001037527,798.0,0.0,Sector 1
1,25.898086915329998,44.63449783384908,0.0,3.0000000002000244,0.0030000000002,323.09024786106846,0.0,0.0,2882961.847934476,5564163.019354215,3.0000000002000244,25.898078822994997,44.634505500771596,6.570076038769912e-09,74.9999999980965,0.1440000000132559,257.43140436025055,268.157712875261,207353.79512861738,8.29415180590821,155.61000001037527,798.0,0.0,Sector 1
2,25.89807073065999,44.6345131676941,0.0,6.000000000120393,0.0060000000001203,323.0902478550985,0.0,0.0,2882960.046265253,5564165.418101389,2.999999999920368,25.898062638324987,44.63452083461459,5.969980065856362e-09,74.99999999827037,0.14399999999949856,257.43140436025055,268.157712875261,207353.86344073736,8.29415453760062,155.6099999958695,798.0,0.0,Sector 1
3,25.898054545989982,44.63452850153508,0.0,9.000000000320417,0.0090000000003204,323.0902478710556,0.0,0.0,2882958.2445960287,5564167.816848565,3.000000000200025,25.898046453654985,44.634536168453536,1.5957141386024887e-08,74.99999999537685,0.14400000001847763,257.43140436025055,268.157712875261,207353.93174460437,8.294157270848444,155.6100000103753,798.0,0.0,Sector 1
4,25.898038361319987,44.634543835372,0.0,12.000000000240783,0.0120000000002407,323.09024784285856,0.0,0.0,2882956.442926806,5564170.21559574,2.999999999920366,25.898030268984982,44.63455150228843,2.8197064239066094e-08,74.99999999183068,0.14400000001186267,257.43140436025055,268.157712875261,207354.0000322122,8.294160001971747,155.60999999586937,798.0,0.0,Sector 1
5,25.89802217664998,44.63455916920487,0.0,14.99999999969614,0.0149999999996961,343.9257308064939,0.0,0.0,2882954.641257582,5564172.614342913,2.9999999994553566,25.898018544083182,44.63456814006656,20.835482963635343,68.96349178897118,0.15660459930142992,257.43140436025055,268.157712875261,207354.07429005296,9.020167143809076,155.60999997174935,798.0,0.0,Sector 1
6,25.898014911516384,44.634577110928255,0.0,17.920910291974444,0.0179209102919744,352.236619285732,0.0,0.0,2882953.83250661,5564175.421056081,2.920910292278304,25.898013091318248,44.634586611687446,8.310888479238088,72.59214861333302,0.14485419226550555,257.43140436025055,268.157712875261,207354.14296542195,8.343365803378441,151.50761686047562,798.0,0.0,Sector 1
7,25.898011271120115,44.63459611244664,0.0,20.920910292835693,0.0209209102928356,352.2366192885456,0.0,0.0,2882953.427259551,5564178.393559205,3.000000000861249,25.89800945092198,44.63460561320272,2.813635546772275e-09,74.99999999918482,0.14400000004290509,257.43140436025055,268.157712875261,207354.21122497754,8.294168451470362,155.61000004467297,798.0,0.0,Sector 1
8,25.898007630723843,44.6346151139588,0.0,23.920910292837057,0.023920910292837,352.2366192944904,0.0,0.0,2882953.0220124912,5564181.36606233,3.0000000000013642,25.89800581052571,44.63462461471177,5.944798431301024e-09,74.99999999827766,0.14400000000337237,257.43140436025055,268.157712875261,208777.3112138463,8.351092448749434,155.61000000007078,798.0,0.0,Sector 1
9,25.898003990327577,44.634634115464735,0.0,26.92091029277552,0.0269209102927755,352.2366192877549,0.0,0.0,2882952.616765433,5564184.338565453,2.9999999999384634,25.89800217012944,44.63464361621459,6.735547231073724e-09,74.99999999804857,0.14400000000079302,257.43140436025055,268.157712875261,209617.08760159987,8.384683504110177,155.60999999680809,798.0,0.0,Sector 1
10,25.898000349931305,44.63465311696445,0.0,29.92091029277688,0.0299209102927768,352.2366192908505,0.0,0.0,2882952.211518374,5564187.311068577,3.0000000000013607,25.897998529733172,44.6346626177112,3.0956357477407437e-09,74.99999999910312,0.1440000000017873,257.43140436025055,268.157712875261,209965.7185132836,8.398628740635589,155.61000000007058,798.0,0.0,Sector 1
11,25.89799670953504,44.63467211845794,0.0,32.92091029271534,0.0329209102927153,12.28692417529902,0.0,0.0,2882951.806271315,5564190.2835717,2.99999999993846,25.897999542276402,44.634681373811816,20.050304884448508,69.19097554494668,0.15608972000637195,257.43140436025055,268.157712875261,209980.08671405655,9.10437026169744,155.60999999680791,798.0,0.0,Sector 1
12,25.898002375017768,44.63469062916568,0.0,35.88452219154276,0.0358845221915427,16.240570700248384,0.0,0.0,2882952.4369499674,5564193.179299574,2.9636118988274163,25.898006143509544,44.6346998351664,3.953646524949363,73.85453964503647,0.1444596755603192,257.43140436025055,268.157712875261,209804.86774324317,8.418984201434599,153.7225491921781,798.0,0.0,Sector 1
13,25.89800991200132,44.63470904116713,0.0,38.884522191617535,0.0388845221916175,16.240570698687748,0.0,0.0,2882953.275963139,5564196.059587217,3.0000000000747775,25.898013680493094,44.634718247164926,1.560636064823484e-09,74.99999999954785,0.14400000000445745,257.2473275128893,267.96596615925966,209154.69066971669,8.36618762704764,155.6100000038787,798.0,0.0,Sector 1
14,25.89801744898487,44.63472745316272,0.0,41.88452219156208,0.041884522191562,16.2405707124654,0.0,0.0,2882954.1149763092,5564198.9398748595,2.999999999944542,25.898021217476646,44.634736659157596,1.3777651020063786e-08,74.9999999960083,0.1440000000050021,257.08858591128575,267.800610324256,207878.73014370122,8.315149206036894,155.60999999712342,798.0,0.0,Sector 1
15,25.898024985968423,44.63474586515247,0.0,44.88452219163685,0.0448845221916368,16.240570710601048,0.0,0.0,2882954.9539894806,5564201.820162499,3.0000000000747704,25.8980287544602,44.634755071144426,1.8643504517967813e-09,74.99999999945986,0.14400000000462604,256.9548412370925,267.6612929553047,206002.80940616693,8.240112376511389,155.61000000387835,798.0,0.0,Sector 1
16,25.89803252295198,44.63476427713638,0.0,47.88452219171163,0.0478845221917116,16.240570702244554,0.0,0.0,2882955.793002652,5564204.700450141,3.0000000000747846,25.898036291443752,44.634773483125414,8.356494163308525e-09,74.99999999757894,0.1440000000082381,256.845353168185,267.54724288352605,203877.38691406182,8.155095477029013,155.6100000038791,798.0,0.0,Sector 1
17,25.89804005993553,44.634782689114445,0.0,50.884522191656174,0.0508845221916561,21.02304825124702,0.0,0.0,2882956.6320158234,5564207.580737783,2.999999999944542,25.89804483014604,44.634791521413476,4.782477549002465,73.61440864874595,0.14671040898165708,256.7594268258066,267.45773627688186,201709.05540445444,8.220227226025335,155.60999999712342,798.0,0.0,Sector 1
18,25.898049600356558,44.6348003537125,0.0,53.844951405347615,0.0538449514053476,39.08969827174536,0.0,0.0,2882957.6940506343,5564210.344109491,2.960429213691441,25.898058096663103,44.63480779600428,18.066650020498344,69.7656849910863,0.15276199424761416,256.69623233919134,267.39190868665764,196682.17715544783,8.345989337563545,153.55746331417504,798.0,0.03132832080200501,Sector 1
19,25.89806659296965,44.634815238296056,0.0,56.84495140558053,0.0568449514055805,39.08969827033013,0.0,0.0,2882959.5856596706,5564212.672588661,3.000000000232916,25.89807508927619,44.63482268058593,1.4152305993775371e-09,74.99999999958997,0.14400000001196722,256.64773703598786,267.3413927458207,196582.313567938,7.863292543371009,155.61000001208134,798.0,0.03759398496240601,Sector 1
20,25.898083585582736,44.6348301228758,0.0,59.84495140479697,0.0598449514047969,39.08969825544489,0.0,0.0,2882961.477268707,5564215.001067831,2.999999999216442,25.89809208188928,44.634837565163764,1.488524503656663e-08,74.9999999956874,0.1439999999706694,256.6113007648614,267.3034382967307,198436.86560132506,7.937474622436268,155.60999995935683,798.0,0.02506265664160401,Sector 1
21,25.89810057819583,44.63484500745174,0.0,62.84495140502989,0.0628449514050299,39.089698260021294,0.0,0.0,2882963.3688777434,5564217.329547005,3.000000000232916,25.898109074502376,44.63485244973779,4.5764068090647925e-09,74.99999999867411,0.14400000001372568,256.5152343134905,267.20336907655263,201216.95593084476,8.048678238000958,155.61000001208134,798.0,0.0,Sector 1
22,25.89811757080892,44.63485989202385,0.0,65.84495140496918,0.0658449514049691,39.08969826162439,0.0,0.0,2882965.26048678,5564219.6580261765,2.9999999999392912,25.898126067115466,44.634867334308,1.6030980987125076e-09,74.99999999953555,0.14399999999797772,256.38752261281667,267.0703360550174,201801.01111208816,8.072040444370158,155.60999999685106,798.0,0.0,Sector 1
23,25.898134563422012,44.63487477659214,0.0,68.8449514052021,0.0688449514052021,60.89702814513692,0.0,0.0,2882967.152095817,5564221.986505349,3.000000000232916,25.89814606796509,44.634879333758434,21.80732988351253,68.68192586981583,0.15724660984768418,256.2388532549687,266.91547214059244,202403.84555345323,8.840921814837454,155.61000001208134,798.0,0.0,Sector 1
24,25.89815757250817,44.634883890924726,0.0,71.77641733896458,0.0717764173389645,67.76201299374145,0.0,0.0,2882969.7134555713,5564223.412313444,2.9314659337624818,25.898170044986145,44.63488751977097,6.864984848604529,73.01105942782719,0.14454354510465703,256.0859417980964,266.75618937301715,203033.85811023277,8.152009340980264,152.05513798425991,798.0,0.0,Sector 1
25,25.898182517464125,44.63489114861721,0.0,74.77641733889716,0.0747764173388971,67.76201300791467,0.0,0.0,2882972.4903153665,5564224.5476766825,2.9999999999325837,25.898194989942102,44.63489477746299,1.4173224371916149e-08,74.9999999958937,0.1440000000046481,255.9382660128936,266.6023604300975,203681.3937000571,8.147255748265255,155.60999999650312,798.0,0.0,Sector 1
26,25.89820746242008,44.63489840630877,0.0,77.77641733882975,0.0777764173388297,68.76427324282758,0.0,0.0,2882975.267175161,5564225.6830399195,2.9999999999325837,25.898219968329148,44.634901864458016,1.0022602349129102,74.70962265918199,0.1445596914473233,255.81959466346,266.4787444411042,204186.9001766274,8.199220913088515,155.60999999650312,798.0,0.0,Sector 1
27,25.898232474238217,44.63490532260725,0.0,80.76355206883318,0.0807635520688331,96.3698300434259,0.0,0.0,2882978.05147802,5564226.764997167,2.987134730003433,25.898245865780684,44.6349042587932,27.605556800598322,67.00204907236002,0.16049785307907122,255.76059005038098,266.4172813024802,204685.65719058155,9.125446815324187,154.9426784452781,798.0,0.0,Sector 1
28,25.89825925732315,44.63490319497915,0.0,83.76355206897595,0.0837635520689759,96.36983004070709,0.0,0.0,2882981.0329573965,5564226.432159776,3.0000000001427765,25.898272648865614,44.63490213116506,2.7188207241124474e-09,74.99999999921229,0.1440000000083657,255.78654815137205,266.44432099101255,205169.64476989958,8.206785791272758,155.61000000740583,798.0,0.0,Sector 1
29,25.89828604040808,44.63490106735098,0.0,86.76355206875928,0.0867635520687592,96.36983007126258,0.0,0.0,2882984.0144367726,5564226.099322387,2.999999999783327,25.898299431950548,44.63490000353685,3.055549768760102e-08,74.99999999114739,0.1440000000065967,255.90153032158065,266.56409408497984,205639.7695017631,8.22559078044734,155.60999998876116,798.0,0.0,Sector 1
30,25.89831282349301,44.63489893972272,0.0,89.76355206890206,0.089763552068902,96.3698300402121,0.0,0.0,2882986.995916149,5564225.766484995,3.0000000001427765,25.898326215035475,44.63489787590856,3.1050490179040935e-08,74.99999999100397,0.14400000002412564,256.1070590735333,266.77818653493057,206093.34428207815,8.243733772664282,155.61000000740583,798.0,0.0,Sector 1
31,25.898339606577935,44.6348968120944,0.0,92.76355206858206,0.092763552068582,98.4909120217324,0.0,0.0,2882989.9773955247,5564225.4336476065,2.99999999968,25.898352904995523,44.6348953993529,2.1210819815203052,74.38547482580272,0.14518963580107055,256.5458440062086,267.23525417313397,206386.6616665132,8.323667844877736,155.6099999834016,798.0,0.0,Sector 1
32,25.89836620341311,44.6348939866114,0.0,95.75710978952648,0.0957571097895264,105.13699471166944,0.0,0.0,2882992.9381416733,5564224.991640734,2.9935577209444233,25.898379210625667,44.63489148276089,6.646082689937046,73.07448030847173,0.1474770364415515,256.97041677275644,267.6775174716213,206627.30761600577,8.464661937529263,155.27583898538722,798.0,0.0,Sector 1
33,25.89839221783822,44.634888978910375,0.0,98.75710978947328,0.0987571097894732,105.13699471852529,0.0,0.0,2882995.83405423,5564224.20825675,2.9999999999467946,25.898405225050777,44.634886475059645,6.855842116237909e-09,74.9999999980137,0.14400000000125981,257.2823658599948,268.0024644374946,206860.7855089961,8.274431420432245,155.60999999724024,798.0,0.0,Sector 1
34,25.89841823226333,44.634883971208914,0.0,101.7571097898696,0.1017571097898696,105.13699472327124,0.0,0.0,2882998.729966786,5564223.424872768,3.0000000003963265,25.898431239475887,44.63488146735797,4.7459565166718676e-09,74.99999999862499,0.14400000002166372,257.43481209010224,268.1612625938565,207069.23917315583,8.282769568172306,155.61000002055744,798.0,0.0,Sector 1
35,25.89844424668844,44.63487896350702,0.0,104.7571097898164,0.1047571097898164,105.13699475023856,0.0,0.0,2883001.625879343,5564222.641488785,2.9999999999467946,25.898457253900997,44.63487645965586,2.6967313715431374e-08,74.99999999218696,0.14400000001244717,257.5375897028674,268.26832260715355,206999.76482421768,8.279990593684426,155.60999999724024,798.0,0.0,Sector 1
36,25.89847026111355,44.63487395580469,0.0,107.75710978976322,0.1077571097897632,105.13699470735446,0.0,0.0,2883004.5217918996,5564221.858104802,2.999999999946823,25.89848326832611,44.634871451953316,4.2884096274065087e-08,74.9999999875755,0.14400000002130253,257.58961608693187,268.3225167572207,206929.50314945416,8.277180127202653,155.60999999724172,798.0,0.0,Sector 1
37,25.898496275538665,44.63486894810194,0.0,110.75710978971004,0.11075710978971,105.13699474526038,0.0,0.0,2883007.417704456,5564221.0747208195,2.999999999946823,25.898509282751217,44.63486644425034,3.79059201804921e-08,74.99999998901781,0.14400000001853333,257.5767493518196,268.30911390814543,206858.7358284466,8.274349434202797,155.60999999724172,798.0,0.0,Sector 1
38,25.89852228996377,44.634863940398745,0.0,113.75710978965684,0.1137571097896568,105.13699474294332,0.0,0.0,2883010.313617012,5564220.291336835,2.9999999999467946,25.898535297176323,44.63486143654693,2.3170656504589715e-09,74.9999999993287,0.14399999999873506,257.5048577496827,268.23422682258615,206787.19724851672,8.271487889868002,155.60999999724024,798.0,0.0,Sector 1
39,25.89854830438888,44.63485893269512,0.0,116.75710978960365,0.1167571097896036,105.13699473110938,0.0,0.0,2883013.209529569,5564219.507952851,2.9999999999468088,25.898561311601433,44.634856428843094,1.1833932944682601e-08,74.99999999657145,0.14400000000402965,257.38154365461577,268.10577464022475,206701.58811277553,8.268063524742391,155.60999999724095,798.0,0.0,Sector 1
40,25.89857431881399,44.63485392499107,0.0,119.75710978955046,0.1197571097895504,105.1369947287924,0.0,0.0,2883016.105442125,5564218.724568868,2.9999999999468088,25.898587326026544,44.634851421138826,2.3169803853306803e-09,74.99999999932872,0.14399999999873567,257.2078932170566,267.9248887677673,206520.67352093814,8.260826940764998,155.60999999724095,798.0,0.0,Sector 1
41,25.8986003332391,44.63484891728658,0.0,122.75710978949726,0.1227571097894972,103.17382464922063,0.0,0.0,2883019.001354682,5564217.941184886,2.9999999999468088,25.89861338076425,44.63484674407526,1.9631700795717677,74.43122545680058,0.14510039212073386,256.98567252129055,267.69340887634434,206171.28120972362,8.309870485434717,155.60999999724095,798.0,0.0,Sector 1
42,25.8986264282894,44.63484457086395,0.0,125.74051142531074,0.1257405114253107,84.7801077304689,0.0,0.0,2883021.9062423934,5564217.261249077,2.983401635813479,25.89863984713744,44.634845443217415,18.393716918751736,69.67092635168696,0.1541567831998328,256.71687247453707,267.4134088276428,205809.35400591043,8.813029990551888,154.74904284964518,798.0,0.0,Sector 1
43,25.89865326598548,44.63484631557089,0.0,128.74051142548234,0.1287405114254823,84.78010772519383,0.0,0.0,2883024.8938010554,5564217.5341835795,3.000000000171596,25.898666684833522,44.634847187924336,5.275069270282984e-09,74.9999999984717,0.14400000001117097,256.5114194330254,267.19939524273485,205435.9365623191,8.217437463130246,155.6100000089007,798.0,0.0,Sector 1
44,25.89868010368156,44.634848060277776,0.0,131.74051142527492,0.1317405114252749,84.78010772114914,0.0,0.0,2883027.881359717,5564217.8071180815,2.9999999997925784,25.8986935225296,44.6348489326312,4.044693469040794e-09,74.99999999882816,0.1439999999922937,256.39307000171806,267.076114585123,205052.54026056713,8.202101609983728,155.60999998924103,798.0,0.0,Sector 1
45,25.898706941377643,44.63484980498462,0.0,134.7405114254465,0.1347405114254465,84.78010774303311,0.0,0.0,2883030.868918379,5564218.080052585,3.000000000171582,25.89872036022568,44.63485067733801,2.1883977296965895e-08,74.99999999365971,0.14400000002040927,256.3595572412021,267.0412054595855,204660.2498917313,8.186409996829516,155.61000000889993,798.0,0.0,Sector 1
46,25.89873377907372,44.634851549691405,0.0,137.74051142523908,0.137740511425239,84.78010775914515,0.0,0.0,2883033.85647704,5564218.352987087,2.9999999997925784,25.89874719792176,44.634852422044766,1.611203970242059e-08,74.99999999533198,0.14399999999900637,256.39632806379655,267.0795083997881,204258.25822148746,8.170330328803125,155.60999998924103,798.0,0.0,Sector 1
47,25.898760616769803,44.63485329439813,0.0,140.74051142541066,0.1407405114254106,76.66323641453221,0.0,0.0,2883036.844035702,5564218.625921588,3.000000000171582,25.89877332494151,44.634855438227106,8.116871344612946,72.64835974260174,0.14866130548415485,256.48153199865817,267.16826249860225,203851.42448675318,8.418005246945938,155.61000000889993,798.0,0.0,Sector 1
48,25.89878603311322,44.634857582056085,0.0,143.6482647462946,0.1436482647462946,51.84051161896332,0.0,0.0,2883039.6733701094,5564219.296664602,2.907753320883927,25.898796628212388,44.63486350639607,24.822724795568888,67.808298117683,0.1543750875005713,256.60372274870826,267.2955445299045,203441.77191553928,8.723983705759055,150.8251647542493,798.0,0.0,Sector 1
49,25.89880722331156,44.63486943073607,0.0,146.64826474614844,0.1466482647461484,51.84051165571992,0.0,0.0,2883042.032252198,5564221.150222072,2.9999999998538556,25.898817818410727,44.63487535507485,3.6756603094545426e-08,74.99999998935078,0.14400000001343155,256.74886537189394,267.44673476238955,202777.1667447424,8.111086670546259,155.6099999924195,798.0,0.0,Sector 1
50,25.898828413509897,44.63488127941363,0.0,149.64826474621154,0.1496482647462115,51.84051159775288,0.0,0.0,2883044.391134287,5564223.003779539,3.000000000063096,25.898839008609066,44.634887203751205,5.796704272142961e-08,74.99999998320564,0.1440000000352738,256.905047418764,267.60942439454584,202247.15623742645,8.089886251478733,155.6100000032728,798.0,0.0,Sector 1
51,25.898849603708232,44.634893128088784,0.0,152.64826474627463,0.1526482647462746,51.84051162285971,0.0,0.0,2883046.7500163754,5564224.857337011,3.000000000063096,25.898860198807398,44.63489905242515,2.5106828616117127e-08,74.99999999272599,0.1440000000169947,257.0655247143737,267.77658824413925,201726.78398004133,8.069071360153956,155.6100000032728,798.0,0.0,Sector 1
52,25.898870793906568,44.63490497676151,0.0,155.64826474633773,0.1556482647463377,51.84051164467263,0.0,0.0,2883049.1088984637,5564226.710894479,3.000000000063096,25.898881389005737,44.63491090109666,2.1812923023389885e-08,74.9999999936803,0.14400000001516244,257.2242064712577,267.9418817408934,201221.33096127745,8.048853239298605,155.6100000032728,798.0,0.0,Sector 1
53,25.898891984104903,44.63491682543181,0.0,158.6482647458254,0.1586482647458254,51.84051162912647,0.0,0.0,2883051.4677805523,5564228.564451947,2.9999999994876703,25.898902579204076,44.63492274976575,1.5546163467661245e-08,74.99999999549593,0.143999999984056,257.3712165532689,268.09501724298843,200736.3418893669,8.029453674685637,155.60999997342546,798.0,0.0,Sector 1
54,25.89891317430325,44.6349286740997,0.0,161.64826474625465,0.1616482647462546,51.84051162016806,0.0,0.0,2883053.826662642,5564230.418009417,3.000000000429253,25.898923769402415,44.63493459843244,8.958409125625622e-09,74.99999999740454,0.14400000002558744,257.4970697638797,268.2261143373747,200277.2085690308,8.011088344184733,155.61000002226535,798.0,0.0,Sector 1
55,25.89893436450158,44.63494052276517,0.0,164.64826474631775,0.1646482647463177,51.84051162285937,0.0,0.0,2883056.1855447306,5564232.271566886,3.000000000063096,25.89894495960075,44.634946447096695,2.6913085093838163e-09,74.99999999922026,0.1440000000045257,257.58233209277466,268.31492926330696,201994.55610392042,8.079782244410755,155.6100000032728,798.0,0.0,Sector 1
56,25.89895555469992,44.63495237142822,0.0,167.64826474638085,0.1676482647463808,16.800868835419692,0.0,0.0,2883058.5444268193,5564234.125124356,3.000000000063096,25.8989594166928,44.63496147335353,35.039642787439675,64.84822709571638,0.16654271803431542,257.60859788999335,268.3422894687431,204025.59051193148,9.438604553448142,155.6100000032728,798.0,0.0,Sector 1
57,25.89896327868568,44.63497057527884,0.0,170.62297843807403,0.170622978438074,15.264664874644213,0.0,0.0,2883059.404256981,5564236.972862694,2.9747136916931822,25.898966826287953,44.63497982557348,1.5362039607754792,74.55492714811453,0.1436386527321056,257.5626718809944,268.29444987603586,205958.72804371204,8.21767617072692,154.29839918812536,798.0,0.0,Sector 1
58,25.898970373890226,44.63498907586811,0.0,173.62297843854458,0.1736229784385445,15.264664890083113,0.0,0.0,2883060.194091538,5564239.867022567,3.00000000047055,25.898973921492498,44.6349983261598,1.54388999362709e-08,74.999999995527,0.14400000003117455,257.5563447018354,268.2878590644119,207594.3634197559,8.303774538587925,155.6100000244074,798.0,0.0,Sector 1
59,25.898977469094767,44.635007576451486,0.0,176.62297843811666,0.1766229784381166,15.264664877464211,0.0,0.0,2883060.9839260946,5564242.7611824395,2.9999999995720827,25.898981016697036,44.63501682674023,1.2618901479299893e-08,74.99999999634402,0.14399999998647947,257.58838099044533,268.3212301983806,208769.05767364523,8.350762306161721,155.6099999778039,798.0,0.0,Sector 1
60,25.898984564299308,44.63502607702896,0.0,179.6229784385872,0.1796229784385872,15.264664873870515,0.0,0.0,2883061.7737606512,5564245.655342314,3.00000000047055,25.89898811190158,44.63503532731475,3.593696007442304e-09,74.99999999895883,0.14400000002458543,257.6586867332951,268.3944653471824,209437.4702877165,8.377498812938976,155.6100000244074,798.0,0.0,Sector 1
61,25.89899165950385,44.63504457760054,0.0,182.6229784381593,0.1826229784381593,15.264664882785894,0.0,0.0,2883062.563595208,5564248.549502187,2.9999999995720827,25.89899520710612,44.63505382788338,8.91537865754799e-09,74.99999999741702,0.14399999998441929,257.7670225389611,268.50731514475115,209825.09848200876,8.39300393837223,155.6099999778039,798.0,0.0,Sector 1
62,25.89899875470839,44.63506307816622,0.0,185.62297843862984,0.1856229784386298,321.16244723573976,0.0,0.0,2883063.3534297645,5564251.443662061,3.00000000047055,25.89899059091072,44.63507029382053,54.10221764704613,59.32537025269515,0.18204690431246548,257.9218674687868,268.6686119466529,209974.56766350425,10.618116674302586,155.6100000244074,798.0,0.0,Sector 1
63,25.898982427113047,44.63507750947485,0.0,188.52129997511835,0.1885212999751183,317.2955276080078,0.0,0.0,2883061.535850165,5564253.701243095,2.8983215364885098,25.898973288321024,44.6350845557413,3.8669196277319884,73.87966637850761,0.14122908295094827,258.10328282920324,268.85758628042004,209988.7192959305,8.237920626724547,150.335938097659,798.0,0.0,Sector 1
64,25.898964149529004,44.63509160200775,0.0,191.5212999751048,0.1915212999751048,317.295527569471,0.0,0.0,2883059.501198816,5564255.905827839,2.999999999986443,25.898955010736984,44.63509864827249,3.853676844300935e-08,74.99999998883503,0.144000000020786,258.3107854991966,269.07373489499645,209867.28916261028,8.394691567716157,155.6099999992968,798.0,0.0,Sector 1
65,25.89894587194496,44.63510569453722,0.0,194.5212999750913,0.1945212999750913,317.29552760182725,0.0,0.0,2883057.4665474673,5564258.110412581,2.9999999999864997,25.898936733152937,44.63511274080025,3.2356240353692556e-08,74.99999999062567,0.1440000000173507,258.5436276468063,269.3162787987566,209453.52465706188,8.37814098729197,155.60999999929973,798.0,0.0,Sector 1
66,25.89892759436091,44.63511978706328,0.0,197.52129997507777,0.1975212999750777,306.0831412241138,0.0,0.0,2883055.431896118,5564260.314997325,2.9999999999864713,25.89891741765731,44.635125064534336,11.212386377713472,71.751519388707,0.1505194606603845,258.8007835097527,269.58414948932574,208682.05276140984,8.725197230874796,155.60999999929825,798.0,0.0,Sector 1
67,25.898907240953708,44.63513034200538,0.0,200.32485583901075,0.2003248558390107,268.0312510125151,0.0,0.0,2883053.1661651926,5564261.966175344,2.803555863932985,25.898893774178468,44.63513001259482,38.051890211598675,63.975511241645606,0.1577603822818491,259.0809570599156,269.8759969374121,207510.3374673649,9.093586157301962,145.42044266220393,798.0,0.0,Sector 1
68,25.898880307403232,44.63512968318426,0.0,203.3248558390765,0.2033248558390765,268.0312509868993,0.0,0.0,2883050.167936068,5564261.863111676,3.0000000000657394,25.898866840627996,44.6351293537737,2.5615804588596802e-08,74.99999999257852,0.1440000000174047,259.2750515119798,270.0781786583123,205959.93921683167,8.238397569669013,155.6100000034099,798.0,0.0,Sector 1
69,25.89885337385276,44.63512902436314,0.0,206.32485583911023,0.2063248558391102,268.0312509812068,0.0,0.0,2883047.1697069444,5564261.7600480085,3.0000000000337366,25.898839907077523,44.63512869495257,5.692470494977897e-09,74.99999999835076,0.1440000000047859,259.36734321277106,270.17431584663655,204136.3163810385,8.16545265551292,155.6100000017499,798.0,0.0,Sector 1
70,25.898826440302283,44.635128365542,0.0,209.324855839176,0.2093248558391759,268.0312510225345,0.0,0.0,2883044.1714778203,5564261.656984341,3.000000000065768,25.898812973527043,44.635128036131434,4.13276666222373e-08,74.99999998802645,0.14400000002614607,259.3627392732327,270.1695200762841,204534.0226675097,8.181360908185876,155.6100000034114,798.0,0.0,Sector 1
71,25.898799506751807,44.63512770672086,0.0,212.32485583920976,0.2123248558392097,268.03125101637727,0.0,0.0,2883041.173248696,5564261.553920673,3.000000000033765,25.89878603997657,44.63512737731028,6.157222287583863e-09,74.99999999821611,0.1440000000050458,259.276152081766,270.0793250851729,204897.38217925432,8.195895287457363,155.6100000017514,798.0,0.0,Sector 1
72,25.89877257320133,44.63512704789971,0.0,215.3248558392755,0.2153248558392755,268.0312510099878,0.0,0.0,2883038.1750195716,5564261.450857006,3.0000000000657394,25.898759106426095,44.63512671848913,6.389484497049125e-09,74.99999999814882,0.14400000000670976,259.1306864557404,269.9277983913962,205254.02405660634,8.210160962646817,155.6100000034099,798.0,0.0,Sector 1
73,25.89874563965086,44.63512638907856,0.0,218.3248558393093,0.2183248558393092,268.0312509945659,0.0,0.0,2883035.176790448,5564261.34779334,3.0000000000337934,25.89873217287562,44.63512605966797,1.542190375403152e-08,74.99999999553192,0.1440000000102008,258.9517199207126,269.74137491740896,205603.07123857626,8.224122850125633,155.61000000175287,798.0,0.0,Sector 1
74,25.898718706100382,44.635125730257386,0.0,221.324855839375,0.221324855839375,268.0312510263966,0.0,0.0,2883032.178561324,5564261.24472967,3.000000000065711,25.898705239325142,44.6351254008468,3.1830722946324386e-08,74.99999999077792,0.14400000002086052,258.75332688298005,269.5347155031042,205866.32309476478,8.234652924983502,155.61000000340843,798.0,0.0,Sector 1
75,25.898691772549903,44.63512507143622,0.0,224.3248558394088,0.2243248558394087,268.03125097228985,0.0,0.0,2883029.1803321987,5564261.141666004,3.0000000000337934,25.898678305774673,44.635124742025624,5.4106749303173274e-08,74.99999998432406,0.1440000000317199,258.5474451373512,269.3202553514075,205866.39267773507,8.234655708923317,155.61000000175287,798.0,0.0,Sector 1
76,25.89866483899944,44.63512441261503,0.0,227.32485583900916,0.2273248558390091,268.0312510328439,0.0,0.0,2883026.182103076,5564261.038602334,2.9999999996003623,25.8986513722242,44.63512408320444,6.055404355720384e-08,74.99999998245613,0.14400000001450164,258.3408575175235,269.10505991408695,205866.46224640784,8.234658490685588,155.6099999792708,798.0,0.0,Sector 1
77,25.898637905448965,44.63512375379385,0.0,230.3248558390429,0.2303248558390428,268.03125101742205,0.0,0.0,2883023.183873952,5564260.935538668,3.0000000000337366,25.89862443867373,44.63512342438325,1.5421846910612658e-08,74.99999999553195,0.144000000010198,258.1403601017752,268.89620843934915,205866.53180609163,8.234661272826846,155.6100000017499,798.0,0.0,Sector 1
78,25.89861097189849,44.63512309497266,0.0,233.32485583907663,0.2333248558390766,268.0312509827738,0.0,0.0,2883020.185644828,5564260.832475001,3.0000000000337366,25.89859750512325,44.63512276556206,3.4648223845579196e-08,74.99999998996164,0.144000000020893,257.96060624141217,268.70896483480436,205866.60135514755,8.234664055400675,155.6100000017499,798.0,0.0,Sector 1
79,25.89858403834801,44.63512243615145,0.0,236.3248558391424,0.2363248558391424,268.0312510238693,0.0,0.0,2883017.1874157027,5564260.729411333,3.000000000065768,25.898570571572776,44.63512210674085,4.10954612561909e-08,74.99999998809372,0.14400000002601693,257.8195261309575,268.5620063864141,205866.67089478057,8.234666837279006,155.6100000034114,798.0,0.0,Sector 1
80,25.89855710479754,44.63512177733025,0.0,239.32485583917617,0.2393248558391761,268.0312509989504,0.0,0.0,2883014.1891865795,5564260.626347666,3.000000000033765,25.898543638022304,44.635121447919644,2.4918904273363296e-08,74.99999999278043,0.1440000000154823,257.73718209563845,268.4762313496234,205866.74042260204,8.234669617789434,155.6100000017514,798.0,0.0,Sector 1
81,25.898530171247064,44.63512111850903,0.0,242.3248558392419,0.2423248558392419,268.0312510208196,0.0,0.0,2883011.190957455,5564260.5232839985,3.0000000000657394,25.898516704471827,44.63512078909842,2.1869198008062085e-08,74.999999993664,0.1440000000153206,257.73255573666484,268.4714122256926,205866.8099427161,8.234672398584747,155.6100000034099,798.0,0.0,Sector 1
82,25.89850323769659,44.635120459687805,0.0,245.32485583927567,0.2453248558392756,268.031250996133,0.0,0.0,2883008.192728332,5564260.42022033,3.000000000033765,25.89848977092135,44.63512013027719,2.4686585220479174e-08,74.99999999284775,0.14400000001535304,257.81934252150137,268.56181512656394,205866.87944992195,8.23467517887485,155.6100000017514,798.0,0.0,Sector 1
83,25.898476304146115,44.63511980086657,0.0,248.3248558393414,0.2483248558393414,268.0312509994728,0.0,0.0,2883005.194499207,5564260.317156663,3.0000000000657394,25.89846283737088,44.63511947145595,3.339778231747914e-09,74.9999999990324,0.14400000000501328,257.88619763147864,268.6314558661236,205866.94894999586,8.234677958286527,155.6100000034099,798.0,0.0,Sector 1
84,25.89844937059564,44.63511914204533,0.0,251.3248558393752,0.2513248558393752,268.03125101230955,0.0,0.0,2883002.196270083,5564260.214092995,3.0000000000337934,25.8984359038204,44.63511881263471,1.2836778751079692e-08,74.99999999628089,0.14400000000876279,257.9348427089612,268.68212782183457,205867.01843443327,8.234680737878438,155.61000000175287,798.0,0.0,Sector 1
85,25.898422437045163,44.63511848322408,0.0,254.3248558394409,0.2543248558394409,268.0312510056877,0.0,0.0,2882999.198040959,5564260.111029327,3.0000000000656826,25.898408970269926,44.63511815381345,6.621860393352108e-09,74.99999999808149,0.1440000000068363,257.9656144769205,268.7141817467922,205867.0879139126,8.234683516947438,155.61000000340695,798.0,0.0,Sector 1
86,25.898395503494694,44.635117824402826,0.0,257.3248558390093,0.2573248558390092,268.0312509999951,0.0,0.0,2882996.1998118353,5564260.00796566,2.999999999568388,25.898382036719454,44.635117494992194,5.692584181815619e-09,74.99999999835073,0.14399999998244922,257.98122119418986,268.7304387439478,205867.15737924483,8.234686294166144,155.6099999776123,798.0,0.0,Sector 1
87,25.898368569944218,44.63511716558156,0.0,260.32485583907504,0.260324855839075,268.0312510031026,0.0,0.0,2882993.2015827107,5564259.904901992,3.000000000065768,25.89835510316898,44.63511683617092,3.1075160222826526e-09,74.99999999909969,0.14400000000488547,257.98638249047303,268.73581509424275,205867.2268382077,8.234689073807687,155.6100000034114,798.0,0.0,Sector 1
88,25.898341636393745,44.63511650676029,0.0,263.3248558391088,0.2633248558391088,268.0312509876807,0.0,0.0,2882990.203353587,5564259.801838324,3.000000000033765,25.89832816961851,44.63511617734965,1.542190375403152e-08,74.99999999553192,0.14400000001019944,257.99429316779856,268.7440553831235,205867.29628036876,8.23469185179801,155.6100000017514,798.0,0.0,Sector 1
89,25.89831470284327,44.63511584793901,0.0,266.3248558391746,0.2663248558391746,268.03125101001444,0.0,0.0,2882987.205124463,5564259.698774655,3.000000000065768,25.898301236068033,44.635115518528366,2.2333722426992608e-08,74.99999999352941,0.1440000000155804,258.0049243327915,268.7551295133245,205867.36571843075,8.2346946296282,155.6100000034114,798.0,0.0,Sector 1
90,25.898287769292796,44.63511518911773,0.0,269.32485583920834,0.2693248558392083,268.03125100362496,0.0,0.0,2882984.206895339,5564259.595710988,3.000000000033765,25.898274302517557,44.63511485970709,6.389484497049125e-09,74.99999999814882,0.144000000005175,258.0218995400539,268.7728120208895,205867.43514281977,8.234697406008726,155.6100000017514,798.0,0.0,Sector 1
91,25.89826083574232,44.63511453029644,0.0,272.3248558392741,0.2723248558392741,268.03125099770006,0.0,0.0,2882981.2086662147,5564259.492647321,3.000000000065768,25.898247368967084,44.635114200885795,5.924903234699741e-09,74.99999999828343,0.14400000000645266,258.0552550971633,268.80755739287844,205867.50455784026,8.234700182682605,155.6100000034114,798.0,0.0,Sector 1
92,25.898233902191844,44.63511387147514,0.0,275.3248558393079,0.2753248558393079,268.03125101007225,0.0,0.0,2882978.21043709,5564259.389583654,3.000000000033765,25.898220435416608,44.63511354206449,1.2372197488730308e-08,74.9999999964155,0.14400000000850297,258.1043047417336,268.8586507726392,205867.57396274802,8.234702958996156,155.6100000017514,798.0,0.0,Sector 1
93,25.89820696864137,44.63511321265384,0.0,278.32485583937364,0.2783248558393736,268.03125100437967,0.0,0.0,2882975.212207967,5564259.2865199875,3.000000000065768,25.898193501866132,44.63511288324318,5.692584181815619e-09,74.99999999835073,0.14400000000632346,258.1696570007236,268.9267260424204,205867.64335530883,8.234705734573971,155.6100000034114,798.0,0.0,Sector 1
94,25.898180035090896,44.63511255383252,0.0,281.3248558394074,0.2813248558394074,268.0312509789961,0.0,0.0,2882972.2139788424,5564259.1834563175,3.000000000033765,25.89816656831566,44.63511222442186,2.538354237913154e-08,74.99999999264581,0.14400000001574076,258.2544227587567,269.0150237070382,205867.7127385271,8.234708510441227,155.6100000017514,798.0,0.0,Sector 1
95,25.898153101540423,44.63511189501119,0.0,284.3248558390078,0.2843248558390078,268.0312510300532,0.0,0.0,2882969.2157497187,5564259.08039265,2.9999999996003908,25.898139634765187,44.63511156560053,5.1057099881290924e-08,74.99999998520761,0.14400000000922017,258.35716619166254,269.12204811631517,205867.78211155697,8.234711284989535,155.60999997927226,798.0,0.0,Sector 1
96,25.898126167989947,44.63511123618987,0.0,287.3248558390416,0.2873248558390415,268.03125099517274,0.0,0.0,2882966.217520594,5564258.977328982,3.000000000033822,25.89811270121471,44.635110906779204,3.488048605504446e-08,74.99999998989433,0.1440000000210263,258.4763838181574,269.24623314391397,205867.8514750307,8.234714060203629,155.61000000175434,798.0,0.0,Sector 1
97,25.898099234439474,44.63511057736853,0.0,290.32485583910733,0.2903248558391073,268.0312510272357,0.0,0.0,2882963.2192914705,5564258.874265313,3.000000000065711,25.898085767664238,44.635110247957854,3.206298515578965e-08,74.99999999071063,0.1440000000209897,258.61077854234185,269.3862276482728,205867.92082739418,8.234716834296075,155.61000000340843,798.0,0.0,Sector 1
98,25.898072300889,44.63510991854719,0.0,293.3248558391411,0.2933248558391411,268.03125101134924,0.0,0.0,2882960.2210623464,5564258.771201647,3.000000000033765,25.898058834113765,44.63510958913651,1.5886485016380902e-08,74.99999999539733,0.14400000001045785,258.7616082050138,269.54334188022267,205914.42524810057,8.236577010522193,155.6100000017514,798.0,0.0,Sector 1
99,25.89804536733853,44.63510925972584,0.0,296.32485583920686,0.2963248558392068,268.03125100542434,0.0,0.0,2882957.2228332227,5564258.66813798,3.000000000065768,25.89803190056329,44.635108930315155,5.924903234699741e-09,74.99999999828343,0.14400000000645266,258.9264932229157,269.7150971072039,205969.29095561386,8.238771638593734,155.6100000034114,798.0,0.0,Sector 1
100,25.89801843378805,44.63510860090448,0.0,299.3248558392406,0.2993248558392406,268.0312509897702,0.0,0.0,2882954.224604098,5564258.565074313,3.000000000033765,25.89800496701281,44.63510827149379,1.565416596349678e-08,74.99999999546463,0.14400000001032864,259.1031489130264,269.8991134510692,206024.21069037938,8.240968428206275,155.6100000017514,798.0,0.0,Sector 1
101,25.897991500237573,44.63510794208311,0.0,302.3248558393064,0.3023248558393064,268.03125102136863,0.0,0.0,2882951.2263749735,5564258.462010643,3.000000000065768,25.897978033462337,44.63510761267243,3.1598460736859124e-08,74.99999999084521,0.14400000002073407,259.28862108571,270.09231363094796,206078.55398801813,8.243142160707631,155.6100000034114,798.0,0.0,Sector 1
102,25.8979645666871,44.63510728326174,0.0,305.32485583934016,0.3053248558393401,268.0312510059468,0.0,0.0,2882948.22814585,5564258.358946977,3.000000000033765,25.897951099911865,44.63510695385105,1.5421846910612658e-08,74.99999999553195,0.14400000001019936,259.47497420587564,270.2864314644538,206205.1871909756,8.248207488223224,155.6100000017514,798.0,0.0,Sector 1
103,25.897937633136625,44.635106624440354,0.0,308.3248558394059,0.3083248558394059,268.03125098056324,0.0,0.0,2882945.2299167253,5564258.25588331,3.000000000065768,25.89792416636139,44.63510629502966,2.538354237913154e-08,74.99999999264581,0.1440000000172769,259.6603875013428,270.47957031389876,206532.04471948068,8.261281789770397,155.6100000034114,798.0,0.0,Sector 1
104,25.897910699586152,44.63510596561896,0.0,311.3248558394397,0.3113248558394397,268.0312509931677,0.0,0.0,2882942.2316876017,5564258.152819641,3.000000000033765,25.897897232810916,44.635105636208266,1.260445969819557e-08,74.99999999634821,0.14400000000863217,259.8119333133925,270.63743053478385,206845.2113039569,8.273808452654254,155.6100000017514,798.0,0.0,Sector 1
105,25.89788376603568,44.63510530679756,0.0,314.3248558390401,0.3143248558390401,261.25626474164284,0.0,0.0,2882939.233458478,5564258.049755973,2.9999999996003908,25.897870465890506,44.63510385115616,6.774986251524865,73.03713404636139,0.1478699861320674,259.84556118107196,270.67245956361666,207170.517989452,8.509528228353757,155.60999997927226,798.0,0.03132832080200501,Sector 1
106,25.897857165745336,44.63510239551476,0.0,317.3208052001169,0.3173208052001169,259.94847732665045,0.0,0.0,2882936.272327702,5564257.5943252975,2.995949361076839,25.897843897837333,44.63510072198647,1.30778741499239,74.62110456077932,0.14453575517756959,259.6841056706466,270.5042767402569,207557.88681547763,8.333204420537664,155.39989335905565,798.0,0.02506265664160401,Sector 1
107,25.89783062992933,44.63509904845818,0.0,320.32080520016035,0.3203208052001604,259.9484773132798,0.0,0.0,2882933.3183741765,5564257.070723757,3.0000000000434284,25.897817362021332,44.6350973749298,1.33706521410204e-08,74.99999999612622,0.14400000000952223,259.34781594550054,270.15397494322974,207916.6109363933,8.316664438005693,155.61000000225263,798.0,0.03132832080200501,Sector 1
108,25.897804094113333,44.63509570140141,0.0,323.32080520004126,0.3233208052000412,259.9484773385162,0.0,0.0,2882930.364420652,5564256.547122218,2.999999999880913,25.89779082620533,44.63509402787293,2.523643161111977e-08,74.99999999268844,0.14400000000832203,258.82574656168964,269.61015266842674,208245.340598568,8.329813624424107,155.60999999382295,798.0,0.03759398496240601,Sector 1
109,25.89777755829733,44.63509235434445,0.0,326.3208052000847,0.3263208052000847,249.0780237968435,0.0,0.0,2882927.410467127,5564256.023520679,3.0000000000434284,25.897765624079394,44.63508910770069,10.870453541672731,71.85058502476558,0.15031192851712732,258.22778659911114,268.98727770740743,208548.19318191306,8.707578084982163,155.61000000225263,798.0,0.05639097744360902,Sector 1
110,25.897753689861457,44.63508586105693,0.0,329.1653769890112,0.3291653769890111,217.84701626069773,0.0,0.0,2882924.753444999,5564255.007734247,2.844571788926487,25.8977454223718,44.635078289429586,31.231007536145768,65.95167442196151,0.1552721523735164,257.5949800558012,268.3281042247929,208876.13968421842,9.009068830066619,147.54793869161688,798.0,0.08145363408521303,Sector 1
111,25.89773715488214,44.63507071780225,0.0,332.1653769887231,0.3321653769887231,217.8470162745193,0.0,0.0,2882922.912779521,5564252.638778654,2.9999999997119176,25.89772888739248,44.63506314617294,1.382156256113376e-08,74.99999999599558,0.1439999999938605,257.07273867662445,267.7841027881505,209156.61348638847,8.366264539098847,155.6099999850572,798.0,0.11278195488721804,Sector 1
112,25.897720619902817,44.63505557454362,0.0,335.165376988435,0.335165376988435,213.0571942043136,0.0,0.0,2882921.0721140425,5564250.269823063,2.9999999997119176,25.897713348086654,44.635047623746374,4.789822070205702,73.61228077570232,0.14671464985401905,256.71259272946156,267.4089507598558,209391.5078559159,8.53355604374603,155.6099999850572,798.0,0.13784461152882205,Sector 1
113,25.89770607627049,44.635039672949134,0.0,338.13340880507474,0.3381334088050747,198.4602523023881,0.0,0.0,2882919.453124298,5564247.782236869,2.968031816639723,25.89770180954259,44.635030577771076,14.596941901925476,70.77093750115262,0.15097884692751146,256.5539316862202,267.24367883981273,209567.466125406,8.788959552537262,153.95181032910244,798.0,0.16290726817042606,Sector 1
114,25.897697542814686,44.63502148259302,0.0,341.13340880467814,0.3411334088046781,198.46025231411883,0.0,0.0,2882918.503184343,5564244.936606169,2.9999999996034035,25.897693276086784,44.635012387412104,1.173071950688609e-08,74.99999999660135,0.14399999998748877,256.65321151495255,267.34709532807557,209585.11046573595,8.383404417901064,155.60999997942855,798.0,0.19423558897243107,Sector 1
115,25.89768900935888,44.6350032922312,0.0,344.13340880516495,0.3441334088051649,198.46025229758044,0.0,0.0,2882917.553244388,5564242.090975469,3.000000000486807,25.89768474263098,44.63499419704743,1.653839376558608e-08,74.99999999520846,0.14400000003256652,256.8430471655495,267.54484079744736,209566.43038739063,8.382657217391408,155.61000002525068,798.0,0.18170426065162906,Sector 1
116,25.89768047590308,44.63498510186368,0.0,347.1334088046209,0.3471334088046209,197.35585866595503,0.0,0.0,2882916.6033044336,5564239.245344768,2.9999999994559516,25.89767646719516,44.634975974614164,1.1043936316254133,74.68003231616228,0.14461697006663032,257.0165015863266,267.7255224857569,208890.8435082294,8.39143357300633,155.6099999717802,798.0,0.17543859649122806,Sector 1
117,25.897672458487246,44.63496684736466,0.0,350.125290118259,0.350125290118259,181.35093174218375,0.0,0.0,2882915.7108097854,5564236.389682482,2.991881313638089,25.897672140806783,44.63495726144596,16.00492692377128,70.3630125607895,0.15307435450964818,257.174261039932,267.88985524992916,206538.4499229549,8.782149973161005,155.18888373840767,798.0,0.18796992481203006,Sector 1
118,25.89767182312632,44.63494767552726,0.0,353.12529011838626,0.3531252901183863,181.35093176278733,0.0,0.0,2882915.6400817307,5564233.390516341,3.0000000001272724,25.89767150544585,44.634938089605384,2.0603579287126195e-08,74.99999999403067,0.14400000001757018,257.31571699958545,268.03720520790154,202646.60592232196,8.105864237881905,155.6100000066016,798.0,0.19423558897243107,Sector 1
119,25.89767118776538,44.63492850368352,0.0,356.12529011851353,0.3561252901185135,181.35093174171,0.0,0.0,2882915.569353674,5564230.3913501995,3.0000000001272724,25.897670870084916,44.63491891775848,2.107731233991217e-08,74.99999999389343,0.14400000001783372,257.4377585806288,268.1643318548217,199158.7327218625,7.96634930986109,155.6100000066016,798.0,0.18170426065162906,Sector 1
120,25.89767055240445,44.63490933183345,0.0,359.12529011862983,0.3591252901186298,181.35093174856925,0.0,0.0,2882915.498625619,5564227.392184058,3.0000000001163016,25.897670234723982,44.634899745905244,6.859238510514842e-09,74.99999999801273,0.14400000000939805,257.5418091881431,268.2727179043157,195452.49790453105,7.818099916691486,155.61000000603255,798.0,0.16917293233082706,Sector 1
121,25.897669917043515,44.63489015997704,0.0,362.1252901187571,0.3621252901187571,181.35093174956452,0.0,0.0,2882915.4278975637,5564224.393017916,3.0000000001272724,25.89766959936305,44.634880574045674,9.952714208338875e-10,74.99999999971165,0.14400000000666272,257.6293212853493,268.3638763389055,193938.55022158966,7.757542009222518,155.6100000066016,798.0,0.15664160401002505,Sector 1
122,25.89766928168258,44.63487098811431,0.0,365.1252901188844,0.3651252901188844,181.35093175552768,0.0,0.0,2882915.357169508,5564221.393851776,3.0000000001272724,25.897668964002115,44.63486140217977,5.963158855593065e-09,74.99999999827234,0.14400000000942617,257.70149732410465,268.43905971260904,193243.4302883611,7.729737212040423,155.6100000066016,798.0,0.15664160401002505,Sector 1
123,25.897668646321648,44.63485181624524,0.0,368.1252901180806,0.3681252901180806,181.3509317551788,0.0,0.0,2882915.2864414523,5564218.394685635,2.999999999196234,25.89766832864118,44.634842230307534,3.488764832582092e-10,74.99999999989892,0.1439999999616133,257.75672181774854,268.4965852268214,195495.70973352288,7.819828387256352,155.60999995830866,798.0,0.12531328320802004,Sector 1
124,25.89766801096071,44.63483264436983,0.0,371.1252901182079,0.3711252901182079,181.35093174896585,0.0,0.0,2882915.215713396,5564215.395519494,3.0000000001272724,25.897667693280244,44.634823058428964,6.212957259776886e-09,74.99999999819997,0.14400000000956514,257.7969776963416,268.5385184336892,198784.3793097151,7.951375172916769,155.6100000066016,798.0,0.09398496240601503,Sector 1
125,25.897667375599777,44.63481347248809,0.0,374.1252901183352,0.3741252901183352,181.3509317486169,0.0,0.0,2882915.144985341,5564212.396353353,3.0000000001273293,25.89766705791931,44.63480388654405,3.489617483865004e-10,74.9999999998989,0.14400000000630592,257.8259937750036,268.5687435156288,202858.92287771415,8.114356915463906,155.61000000660457,798.0,0.06265664160401002,Sector 1
126,25.897666740238844,44.634794300600014,0.0,377.1252901184624,0.3771252901184624,181.3509317557002,0.0,0.0,2882915.0742572853,5564209.397187212,3.0000000001271587,25.897666422558377,44.63478471465281,7.0833152676641475e-09,74.99999999794781,0.14400000001004382,257.8472346950538,268.5908694740144,208059.18657122742,8.322367463429577,155.61000000659573,798.0,0.018796992481203006,Sector 1
127,25.89766610487791,44.634775128705606,0.0,380.1252901185897,0.3801252901185897,181.3509317490392,0.0,0.0,2882915.003529229,5564206.398021069,3.0000000001273293,25.897665787197443,44.63476554275523,6.660997087237774e-09,74.99999999807017,0.1440000000098171,257.86767884746905,268.6121654661136,209992.4084203852,8.399696337388043,155.61000000660457,798.0,0.0,Sector 1
128,25.897665469516976,44.63475595680487,0.0,383.125290118717,0.383125290118717,181.3509317554504,0.0,0.0,2882914.932801174,5564203.398854928,3.0000000001272724,25.897665151836506,44.63474637085133,6.4111986830539536e-09,74.99999999814253,0.14400000000967542,257.8888805820307,268.634250606282,209992.46041398455,8.399698417123757,155.6100000066016,798.0,0.0,Sector 1
129,25.89766483415604,44.63473678489779,0.0,386.12529011884425,0.3861252901188442,181.3509317429254,0.0,0.0,2882914.862073118,5564200.399688787,3.0000000001272724,25.897664516475572,44.63472719894109,1.252499259862816e-08,74.99999999637123,0.1440000000130763,257.94332873783577,268.6909674352456,209992.51240338408,8.39970049689812,155.6100000066016,798.0,0.0,Sector 1
130,25.89766419879511,44.63471761298439,0.0,389.1252901180405,0.3891252901180405,181.35093175497653,0.0,0.0,2882914.7913450627,5564197.400522647,2.999999999196234,25.89766388111464,44.634708027024516,1.2051117437295034e-08,74.99999999650852,0.14399999996812288,258.1138837903948,268.86862894832797,209992.5643845391,8.399702573522138,155.60999995830866,798.0,0.0,Sector 1
131,25.897663563434172,44.63469844106464,0.0,392.12529011816775,0.3921252901181677,181.3509317489876,0.0,0.0,2882914.7206170065,5564194.401356505,3.0000000001272724,25.897663245753705,44.6346888551016,5.988937346046441e-09,74.99999999826487,0.14400000000944052,258.47579966902146,269.2456246552307,209992.61635729068,8.39970465484231,155.6100000066016,798.0,0.0,Sector 1
132,25.89766292807324,44.634679269138566,0.0,395.12529011828406,0.395125290118284,181.35093174908675,0.0,0.0,2882914.6498889513,5564191.402190365,3.0000000001163016,25.897662610392775,44.63466968317236,9.916334420267958e-11,74.99999999997127,0.14400000000563765,259.0069692792991,269.79892633260323,209992.42055630387,8.399696822581012,155.61000000603255,798.0,0.0,Sector 1
133,25.897662292712308,44.63466009720616,0.0,398.1252901184113,0.3981252901184113,181.3509317482897,0.0,0.0,2882914.579160896,5564188.403024224,3.0000000001272724,25.897661975031838,44.634650511236785,7.9705841926625e-10,74.99999999976907,0.14400000000655244,259.7163165179292,270.5378297061763,209991.20693783287,8.399648277895526,155.6100000066016,798.0,0.0,Sector 1
134,25.89766165735137,44.634640925267405,0.0,401.1252901185386,0.4011252901185386,181.35093175537293,0.0,0.0,2882914.50843284,5564185.403858081,3.0000000001272724,25.897661339670904,44.63463133929487,7.083230002535856e-09,74.99999999794782,0.14400000001004926,260.491754223563,271.3455773162115,209988.10515508227,8.399524206789467,155.6100000066016,798.0,0.0,Sector 1
135,25.89766102199044,44.63462175332233,0.0,404.1252901186659,0.4041252901186659,181.35093174893595,0.0,0.0,2882914.4377047843,5564182.40469194,3.0000000001272724,25.897660704309974,44.634612167346624,6.43697717350733e-09,74.99999999813507,0.14400000000968974,261.2866310467235,272.1735740070037,209977.86833241364,8.3991147338617,155.6100000066016,798.0,0.0,Sector 1
136,25.897660386629507,44.63460258137092,0.0,407.1252901187932,0.4071252901187931,181.3509317555712,0.0,0.0,2882914.366976729,5564179.4055258,3.0000000001273293,25.897660068949037,44.63459299539204,6.635247018493828e-09,74.99999999807763,0.14400000000980276,261.9461654326271,272.8605889923199,209959.7182643208,8.398388731144562,155.61000000660457,798.0,0.0,Sector 1
137,25.89765975126857,44.63458340941317,0.0,410.1252901189204,0.4101252901189204,181.35093174935812,0.0,0.0,2882914.296248673,5564176.406359658,3.0000000001272156,25.897659433588103,44.63457382343113,6.213070946614607e-09,74.99999999819994,0.14400000000956248,262.4132734007342,273.3471597924315,209970.37862522158,8.398815145566601,155.61000000659865,798.0,0.0,Sector 1
138,25.89765911590764,44.6345642374491,0.0,413.1252901181167,0.4131252901181166,181.35093175554528,0.0,0.0,2882914.225520618,5564173.407193518,2.999999999196291,25.89765879822717,44.63455465146389,6.187150347614079e-09,74.99999999820744,0.14399999996486368,262.6435612587036,273.5870429778162,209991.22248040812,8.399648897166799,155.60999995831162,798.0,0.0,Sector 1
139,25.897658480546703,44.63454506547868,0.0,416.1252901182439,0.4161252901182439,202.27380154982924,0.0,0.0,2882914.1547925617,5564170.408027376,3.0000000001272156,25.89765363794343,44.63453665228259,20.92286979428397,68.93817385793658,0.15666211325402865,262.57599583144344,273.5166623244203,209992.9713064195,9.138317403710083,155.61000000659865,798.0,0.0,Sector 1
140,25.89764879534016,44.63452823908649,0.0,418.9697712642629,0.4189697712642629,218.6750658424091,0.0,0.0,2882913.0766403014,5564167.775792453,2.84448114601895,25.897640374942952,44.63452075319885,16.401264292579867,70.24818470749105,0.1457707721317992,262.38960682114697,273.3225071053614,209989.40499189548,8.50286602921269,147.54323704400292,798.0,0.0,Sector 1
141,25.897631954545744,44.634513267311206,0.0,421.9697712637913,0.4219697712637913,218.67506583849487,0.0,0.0,2882911.2019316424,5564165.433684974,2.999999999528427,25.897623534148536,44.63450578142162,3.91423782275524e-09,74.99999999886596,0.14399999997954185,262.2021434417868,273.12723275186124,209977.08421654132,8.399083367468386,155.6099999755395,798.0,0.0,Sector 1
142,25.897615113751325,44.63449829553205,0.0,424.9697712640468,0.4249697712640468,218.67506583589864,0.0,0.0,2882909.327222983,5564163.091577495,3.000000000255511,25.897606693354117,44.63449080964054,2.596237891339115e-09,74.9999999992478,0.14400000001370875,262.01096931140967,272.92809303271844,209941.023221508,8.397640929659778,155.61000001325337,798.0,0.0,Sector 1
143,25.89759827295691,44.63448332374903,0.0,427.9697712643023,0.4279697712643023,218.67506585639583,0.0,0.0,2882907.452514324,5564160.749470015,3.000000000255511,25.8975898525597,44.6344758378556,2.0497196828728192e-08,74.9999999940615,0.14400000002366645,261.8160526592543,272.7250548533899,209866.82770092314,8.394673109416582,155.61000001325337,798.0,0.0,Sector 1
144,25.897581432162493,44.63446835196216,0.0,430.9697712638308,0.4309697712638307,161.57064441473983,0.0,0.0,2882905.5778056653,5564158.407362537,2.999999999528484,25.897583410260154,44.63446412772325,57.104421441656,58.455564264085496,0.18475572230406048,261.61737922762165,272.5181033621059,209755.566446901,10.764872551720702,155.60999997554245,798.0,0.0,Sector 1
145,25.897585388357815,44.634459903484334,0.0,432.3628516500789,0.4323628516500789,93.75033116501612,0.0,0.0,2882906.018207314,5564157.085727434,1.393080386248073,25.89759883423141,44.634459276298685,67.82031324972371,55.35092930070135,0.09060533316880583,261.41493030332117,272.30721906595954,209603.97531520258,5.275343893594464,72.25907963468755,798.0,0.0,Sector 1
146,25.897612280105005,44.63445864911304,0.0,435.36285165039794,0.4353628516503979,93.7503310841828,0.0,0.0,2882909.0117829177,5564156.889500252,3.000000000319062,25.8976257259786,44.63445802192739,8.083331692887441e-08,74.99999997658077,0.1440000000602799,261.2064824297192,272.0900858642908,209408.53244898305,8.376341301465752,155.61000001654975,798.0,0.0,Sector 1
147,25.89763917185219,44.63445739474173,0.0,438.3628516501913,0.4383628516501913,93.75033113565718,0.0,0.0,2882912.005358521,5564156.693273072,2.999999999793374,25.897652617725786,44.63445676755606,5.14743732082934e-08,74.99999998508672,0.14400000001871546,260.9915671286509,271.86621575901137,209101.2229104135,8.364048917503606,155.60999998928233,798.0,0.0,Sector 1
148,25.89766606359938,44.63445614037038,0.0,441.3628516504494,0.4413628516504493,93.75033110267684,0.0,0.0,2882914.9989341246,5564156.497045889,3.000000000258069,25.897679509472972,44.6344555131847,3.298033846022008e-08,74.99999999044485,0.1440000000307332,260.77048504838257,271.6359219253985,208653.42073229866,8.346136831073212,155.61000001338604,798.0,0.0,Sector 1
149,25.897692955346567,44.63445488599901,0.0,444.3628516502428,0.4443628516502427,93.75033109725835,0.0,0.0,2882917.9925097283,5564156.300818708,2.999999999793431,25.897706401220162,44.63445425881332,5.418485216068802e-09,74.99999999843014,0.14399999999309882,260.5435620798993,271.39954383322845,208103.18327345417,8.324127330539225,155.60999998928528,798.0,0.0,Sector 1
150,25.89771984709376,44.63445363162762,0.0,447.3628516500361,0.4473628516500361,93.75033112117092,0.0,0.0,2882920.986085332,5564156.104591528,2.9999999997932605,25.897733292967352,44.63445300444191,2.3912562596706266e-08,74.999999993072,0.14400000000337826,260.3092847238567,271.15550492068405,207453.16564420145,8.29812662596273,155.60999998927642,798.0,0.0,Sector 1
151,25.897746738840944,44.6344523772562,0.0,450.3628516503552,0.4503628516503551,93.7503310782662,0.0,0.0,2882923.9796609352,5564155.908364347,3.000000000319119,25.897760184714535,44.63445175007048,4.2904716224256845e-08,74.99999998756954,0.1440000000391842,260.0670868934607,270.9032155140216,206711.25629738753,8.26845025414544,155.6100000165527,798.0,0.0,Sector 1
152,25.89777363058813,44.63445112288476,0.0,453.3628516501485,0.4533628516501485,93.75033113922268,0.0,0.0,2882926.9732365385,5564155.712137168,2.9999999997933173,25.897787076461725,44.634450495699014,6.095648075188365e-08,74.99999998233953,0.14400000002398736,259.81787473685114,270.6436195175533,206273.94766497132,8.250957907973277,155.60999998927937,798.0,0.0,Sector 1
153,25.89780052233532,44.63444986851327,0.0,456.3628516504066,0.4563628516504066,93.75033109676023,0.0,0.0,2882929.966812142,5564155.515909984,3.000000000258069,25.89781396820891,44.63444924132752,4.246244600381033e-08,74.99999998769768,0.1440000000360078,259.5618560655729,270.37693340163844,206252.5659957486,8.250102641892921,155.61000001338604,798.0,0.0,Sector 1
154,25.897827414082503,44.634448614141775,0.0,459.3628516502,0.4593628516501999,93.75033110126616,0.0,0.0,2882932.9603877454,5564155.319682803,2.999999999793431,25.897840859956098,44.634447986956005,4.5059209696773905e-09,74.99999999869453,0.1439999999925912,259.2994145766996,270.10355685072875,206178.58850236106,8.24714353967013,155.60999998928528,798.0,0.0,Sector 1
155,25.897854305829693,44.63444735977024,0.0,462.3628516499933,0.4623628516499933,93.75033108636558,0.0,0.0,2882935.953963349,5564155.123455623,2.9999999997932605,25.897867751703288,44.634446732584465,1.4900578548804333e-08,74.99999999568297,0.1439999999983652,259.031635702568,269.8246205235083,206103.97717403926,8.244159086867986,155.60999998927642,798.0,0.0,Sector 1
156,25.897881197576883,44.63444610539869,0.0,465.36285165031234,0.4653628516503123,93.7503311391668,0.0,0.0,2882938.947538953,5564154.927228443,3.000000000319062,25.897894643450474,44.634445478212896,5.2801226502197096e-08,74.9999999847023,0.14400000004468658,258.7616153002812,269.54334927112626,206029.0813962191,8.24116325840619,155.61000001654975,798.0,0.0,Sector 1
157,25.897908089324066,44.6344448510271,0.0,468.3628516501057,0.4683628516501057,93.75033112382393,0.0,0.0,2882941.9411145556,5564154.73100126,2.999999999793374,25.89792153519766,44.634444223841285,1.534287719096028e-08,74.99999999555482,0.14399999999861673,258.4941749644719,269.2647655879916,205953.56451650924,8.238142580581249,155.60999998928233,798.0,0.0,Sector 1
158,25.897934981071256,44.63444359665548,0.0,471.3628516503638,0.4713628516503638,93.7503310908436,0.0,0.0,2882944.9346901593,5564154.534774079,3.000000000258069,25.897948426944847,44.63444296946966,3.298032424936537e-08,74.99999999044486,0.14400000003073318,258.23132734362633,268.9909659829441,205832.67185947346,8.233306876136115,155.61000001338604,798.0,0.0,Sector 1
159,25.89796187281844,44.63444234228385,0.0,474.3628516501572,0.4743628516501572,93.75033110438936,0.0,0.0,2882947.928265762,5564154.338546899,2.999999999793431,25.897975318692033,44.63444171509802,1.354575829282112e-08,74.99999999607549,0.14399999999761975,257.97527101901505,268.72424064480737,205700.5448987699,8.228021795814783,155.60999998928528,798.0,0.0,Sector 1
160,25.897988764565632,44.63444108791219,0.0,477.3628516504152,0.4773628516504152,90.5074072860118,0.0,0.0,2882950.921841366,5564154.142319718,3.0000000002580123,25.898002186341543,44.63444100332555,3.2429238183775624,74.06045200432631,0.14582681726406357,257.73159713898474,268.47041368644244,205567.2808310602,8.327006193672629,155.6100000133831,798.0,0.0,Sector 1
161,25.89801560811745,44.63444091873891,0.0,480.3511793577159,0.4803511793577159,82.62936758137852,0.0,0.0,2882953.910051886,5564154.115855157,2.988327707300698,25.898028971505955,44.6344421488417,7.878039704633281,72.71755464239394,0.14794199006261233,257.5098324918929,268.23940884572175,205432.6050430799,8.442252337172189,155.00455817768722,798.0,0.0,Sector 1
162,25.89804233489446,44.63444337894448,0.0,483.3511793579292,0.4833511793579292,82.62936754390216,0.0,0.0,2882956.885263093,5564154.500716536,3.0000000002132765,25.898055698282956,44.63444460904721,3.747635446416098e-08,74.99999998914225,0.14400000003108415,257.31410958659825,268.0355308193732,205296.54537217217,8.211861816659521,155.61000001106265,798.0,0.0,Sector 1
163,25.898069061671453,44.63444583914993,0.0,486.3511793578001,0.4863511793578001,82.62936756730699,0.0,0.0,2882959.8604742987,5564154.8855779115,2.9999999998709086,25.898082425059954,44.634447069252616,2.3404822968586814e-08,74.99999999321909,0.14400000000682295,257.1486638573663,267.8631915180899,205159.37576400797,8.206375030949147,155.60999999330403,798.0,0.0,Sector 1
164,25.898095788448455,44.63444829935529,0.0,489.3511793580134,0.4893511793580133,82.62936755636758,0.0,0.0,2882962.8356855046,5564155.270439288,3.0000000002132765,25.89810915183695,44.63444952945792,1.0939402272924781e-08,74.99999999683061,0.1440000000163225,257.01810030297634,267.72718781560036,205021.18878205813,8.2008475522119,155.61000001106265,798.0,0.0,Sector 1
165,25.89812251522545,44.63445075956054,0.0,492.3511793578843,0.4923511793578843,76.12061727659835,0.0,0.0,2882965.8108967105,5564155.655300665,2.9999999998709086,25.898135578155724,44.634453056445224,6.508750279769231,73.11426859766404,0.1477139853366505,256.9071506475489,267.6116152578635,204881.83249989487,8.406642222676538,155.60999999330403,798.0,0.0,Sector 1
166,25.898148641086003,44.6344553533299,0.0,495.34696510480507,0.4953469651048051,74.70419553700162,0.0,0.0,2882968.719214204,5564156.373925463,2.995785746920774,25.898161638496966,44.634457882841815,1.4164217395967285,74.58963075267906,0.14458884673493874,256.794956133534,267.4947459724313,204741.37651351796,8.223144308059283,155.39140669278055,798.0,0.0,Sector 1
167,25.89817463590793,44.634460412353725,0.0,498.34696510516346,0.4983469651051634,74.70419550519341,0.0,0.0,2882971.6129445443,5564157.165332259,3.0000000003583978,25.898187633318898,44.63446294186542,3.1808212952455506e-08,74.99999999078445,0.14400000003489696,256.6841626798535,267.3793361248474,204598.8346825835,8.183953389286623,155.61000001859009,798.0,0.0,Sector 1
168,25.898200630729868,44.63446547137711,0.0,501.3469651050727,0.5013469651050727,74.70419550469717,0.0,0.0,2882974.5066748853,5564157.956739055,2.999999999909221,25.898213628140834,44.63446800088859,4.96243046654854e-10,74.99999999985623,0.14399999999591867,256.5747870903505,267.2654032191151,204479.92067530204,8.179196826780263,155.6099999952913,798.0,0.0,Sector 1
169,25.8982266255518,44.63447053040006,0.0,504.3469651049819,0.5043469651049819,74.70419553705011,0.0,0.0,2882977.400405226,5564158.74814585,2.999999999909221,25.898239622962762,44.63447305991131,3.235294343539863e-08,74.99999999062662,0.1440000000136395,256.46685424325284,267.1529731700551,204420.13174750473,8.176805270674695,155.6099999952913,798.0,0.0,Sector 1
170,25.89825262037373,44.63447558942256,0.0,507.3469651048911,0.5073469651048911,74.70419553833773,0.0,0.0,2882980.2941355663,5564159.539552645,2.999999999909221,25.898265617784688,44.634478118933586,1.2876171240350232e-09,74.99999999962695,0.14399999999635887,256.3603845609149,267.04206725095304,204360.1652793336,8.174406610966647,155.6099999952913,798.0,0.0,Sector 1
171,25.89827861519565,44.63448064844462,0.0,510.3469651048004,0.5103469651048004,74.70419553581098,0.0,0.0,2882983.1878659064,5564160.33095944,2.999999999909278,25.89829161260662,44.63448317795543,2.526746811781777e-09,74.99999999926794,0.1439999999970509,256.2576548047441,266.93505708827513,204300.2087729881,8.17200835075215,155.60999999529423,798.0,0.0,Sector 1
172,25.89830461001759,44.63448570746624,0.0,513.3469651051588,0.5133469651051588,74.70419550960094,0.0,0.0,2882986.0815962474,5564161.122366236,3.0000000003583978,25.898317607428552,44.634488236976836,2.621004568936769e-08,74.99999999240636,0.1440000000317829,256.1592261141448,266.8325272022342,204239.92900380975,8.16959716195554,155.61000001859009,798.0,0.0,Sector 1
173,25.89833060483952,44.634490766487424,0.0,516.3469651050681,0.5163469651050681,74.70419554017008,0.0,0.0,2882988.975326588,5564161.913773032,2.999999999909278,25.898343602250485,44.63449329599779,3.056914010812761e-08,74.99999999114343,0.14400000001264995,256.06514998731365,266.7345312367851,204229.21602281553,8.16916864163026,155.60999999529423,798.0,0.0,Sector 1
174,25.89835659966145,44.63449582550816,0.0,519.3469651049774,0.5193469651049774,74.7041955083618,0.0,0.0,2882991.8690569284,5564162.705179827,2.999999999909278,25.898369597072417,44.63449835501831,3.1808269795874367e-08,74.99999999078443,0.14400000001333924,255.97550341966016,266.6411493954793,204198.51131282502,8.16794045326962,155.60999999529423,798.0,0.0,Sector 1
175,25.898382594483383,44.634500884528464,0.0,522.3469651048866,0.5223469651048867,74.70419552619734,0.0,0.0,2882994.7627872694,5564163.496586623,2.999999999909278,25.89839559189435,44.63450341403839,1.7835532162280288e-08,74.99999999483265,0.14400000000556665,255.8903429863543,266.55244061078577,204152.52334602491,8.166100934156667,155.60999999529423,798.0,0.0,Sector 1
176,25.898408589305312,44.63450594354832,0.0,525.3469651047959,0.525346965104796,74.7041955254544,0.0,0.0,2882997.65651761,5564164.287993418,2.999999999909278,25.89842158671628,44.63450847305802,7.429434845107608e-10,74.99999999978475,0.14399999999605864,255.80973826457813,266.46847735893556,204106.51338730738,8.164260535268836,155.60999999529423,798.0,0.0,Sector 1
177,25.898434584127248,44.63451100256773,0.0,528.3469651051544,0.5283469651051543,74.70419554150612,0.0,0.0,2883000.550247951,5564165.0794002125,3.0000000003584546,25.898447581538214,44.63451353207722,1.605172883500927e-08,74.99999999534946,0.14400000002613486,255.7352969798037,266.3909343539622,204060.5020391945,8.162420083049197,155.61000001859304,798.0,0.0,Sector 1
178,25.898460578949177,44.63451606158671,0.0,531.3469651050636,0.5313469651050636,74.70419548958222,0.0,0.0,2883003.4439782915,5564165.870807009,2.999999999909278,25.89847357636014,44.634518591095976,5.1923905175499385e-08,74.99999998495647,0.1440000000245289,255.66784298574217,266.3206697768148,204014.28544115156,8.160571419036126,155.60999999529423,798.0,0.0,Sector 1
179,25.898486573771105,44.63452112060524,0.0,534.3469651049729,0.5343469651049729,74.70419553110105,0.0,0.0,2883006.3377086315,5564166.662213804,2.999999999909278,25.89849957118207,44.63452365011429,4.15188310398662e-08,74.99999998797107,0.1440000000187409,255.60743140472096,266.25774104658433,203968.25910143444,8.15873036511919,155.60999999529423,798.0,0.0,Sector 1
180,25.898512568593038,44.634526179623336,0.0,537.3469651048822,0.5373469651048822,74.70419552500653,0.0,0.0,2883009.2314389725,5564167.4536206,2.999999999909278,25.898525566004004,44.63452870913216,6.094523996580392e-09,74.99999999823427,0.14399999999903554,255.55416678999296,266.20225707290933,203921.9341634543,8.15687736648355,155.60999999529423,798.0,0.0,Sector 1
181,25.898538563414967,44.63453123864099,0.0,540.3469651047915,0.5403469651047915,70.64647546228616,0.0,0.0,2883012.125169313,5564168.245027394,2.999999999909278,25.898551261133903,44.634534412386714,4.057720062720364,73.82438719949911,0.14629312086923324,255.50686478888176,266.15298415508516,203875.82109662052,8.284897260556127,155.60999999529423,798.0,0.0,Sector 1
182,25.89856395885284,44.63453758613243,0.0,543.3432890978456,0.5433432890978456,68.66362728582078,0.0,0.0,2883014.9521765253,5564169.237996524,2.9963239930541476,25.89857651003083,44.63454107489153,1.9828481764653816,74.42552426937512,0.14493369688540453,255.46256173783578,266.10683514357896,203829.49435386749,8.206045041941293,155.41932551971865,798.0,0.0,Sector 1
183,25.89858906120882,44.63454456365062,0.0,546.3432890976723,0.5463432890976723,68.66362725239344,0.0,0.0,2883017.746558011,5564170.329523945,2.9999999998266276,25.898601612386813,44.6345480524093,3.342734089528676e-08,74.99999999031535,0.14400000001027266,255.42126653544727,266.06381930775757,203783.21322386686,8.151328529536162,155.6099999910072,798.0,0.0,Sector 1
184,25.898614163564805,44.63455154116799,0.0,549.3432890978378,0.5493432890978378,68.66362728092452,0.0,0.0,2883020.540939497,5564171.421051367,3.000000000165528,25.898626714742797,44.63455502992625,2.8531076168292202e-08,74.9999999917339,0.14400000002381624,255.38297868220087,266.0239361272926,203736.89252131386,8.149475702200393,155.61000000858593,798.0,0.0,Sector 1
185,25.89863926592079,44.6345585186845,0.0,552.3432890976644,0.5523432890976644,68.66362724110627,0.0,0.0,2883023.3353209826,5564172.512578788,2.9999999998266276,25.89865181709878,44.63456200744234,3.9818246477807406e-08,74.99999998846376,0.14400000001382773,255.3477143809024,265.9872024801067,203690.46210077804,8.147618484813506,155.6099999910072,798.0,0.0,Sector 1
186,25.898664368276776,44.63456549620019,0.0,555.3432890982637,0.5553432890982637,68.66362727356795,0.0,0.0,2883026.129702469,5564173.60410621,3.0000000005992433,25.89867691945477,44.63456898495761,3.2461684895679355e-08,74.99999999059511,0.14400000004682106,255.31298908044405,265.95103029212925,203644.1560183929,8.145766243384275,155.61000003108276,798.0,0.0,Sector 1
187,25.89868947063276,44.63457247371503,0.0,558.3432890980903,0.5583432890980903,68.66362728439663,0.0,0.0,2883028.9240839547,5564174.695633633,2.9999999998266276,25.89870202181075,44.63457596247203,1.0828671292983927e-08,74.99999999686268,0.14399999999770177,255.2798048719684,265.91646340830044,203597.59472772013,8.143903788978829,155.6099999910072,798.0,0.0,Sector 1
188,25.89871457298874,44.63457945122902,0.0,561.3432890979169,0.5613432890979169,68.66362725342952,0.0,0.0,2883031.71846544,5564175.787161053,2.9999999998266276,25.898727124166733,44.63458293998561,3.096710088357213e-08,74.99999999102813,0.14400000000890412,255.24892783287928,265.88429982591595,203551.31156457393,8.142052463086424,155.6099999910072,798.0,0.0,Sector 1
189,25.898739675344725,44.6345864287422,0.0,564.3432890980824,0.5643432890980824,68.66362726425814,0.0,0.0,2883034.512846926,5564176.878688476,3.000000000165528,25.898752226522717,44.63458991749836,1.0828614449565066e-08,74.99999999686271,0.14400000001396893,255.22035906524673,265.8545406929654,203536.08515080824,8.141443406822098,155.61000000858593,798.0,0.0,Sector 1
190,25.89876477770071,44.63459340625452,0.0,567.3432890979091,0.5673432890979091,68.66362726377531,0.0,0.0,2883037.307228412,5564177.970215896,2.9999999998266276,25.8987773288787,44.63459689501026,4.828279998037033e-10,74.99999999986011,0.14399999999194674,255.19409863798654,265.827186081236,203536.12531836686,8.14144501227936,155.6099999910072,798.0,0.0,Sector 1
191,25.89878988005669,44.634600383766006,0.0,570.3432890980746,0.5703432890980746,68.66362727706428,0.0,0.0,2883040.1016098973,5564179.061743318,3.000000000165528,25.898802431234685,44.634603872521325,1.328896814811742e-08,74.99999999614988,0.14400000001533758,255.17015683899726,265.8022467072888,203536.1654721452,8.14144661975296,155.61000000858593,798.0,0.0,Sector 1
192,25.898814982412677,44.63460736127665,0.0,573.3432890979012,0.5733432890979012,68.66362725494832,0.0,0.0,2883042.8959913836,5564180.153270739,2.9999999998266276,25.89882753359067,44.63461085003156,2.2115955289336853e-08,74.99999999359251,0.1440000000039805,255.14852413096432,265.77971263642115,203536.20561875927,8.141448224975418,155.6099999910072,798.0,0.0,Sector 1
193,25.89884008476866,44.63461433878646,0.0,576.3432890980667,0.5763432890980668,68.66362727609845,0.0,0.0,2883045.69037287,5564181.244798161,3.000000000165528,25.89885263594665,44.63461782754094,2.1150128759472864e-08,74.99999999387234,0.14400000001971044,255.12921548068655,265.7595994590485,203536.2457531345,8.141449831239756,155.61000000858593,798.0,0.0,Sector 1
194,25.89886518712464,44.63462131629542,0.0,579.3432890978934,0.5793432890978933,68.66362728299646,0.0,0.0,2883048.4847543547,5564182.336325582,2.9999999998266276,25.89887773830263,44.634624805049484,6.898005722177913e-09,74.9999999980015,0.14399999999551527,255.11222026746134,265.7418961119389,203536.28587913676,8.141451434911913,155.6099999910072,798.0,0.0,Sector 1
195,25.898890289480622,44.63462829380355,0.0,582.34328909772,0.58234328909772,68.6636272407178,0.0,0.0,2883051.2791358405,5564183.427853002,2.9999999998266276,25.898902840658614,44.6346317825572,4.227865701977862e-08,74.99999998775093,0.14400000001519633,255.09754920163215,265.72661375170014,203536.3259916831,8.141453040526489,155.6099999910072,798.0,0.0,Sector 1
196,25.89891539183661,44.63463527131085,0.0,585.3432890978855,0.5853432890978856,68.66362728449099,0.0,0.0,2883054.0735173267,5564184.519380425,3.000000000165528,25.8989279430146,44.63463876006407,4.3773184188466985e-08,74.99999998731792,0.14400000003229493,255.08519999607842,265.713749995915,203536.36610072304,8.141454645854816,155.61000000858593,798.0,0.0,Sector 1
197,25.89894049419259,44.63464224881729,0.0,588.3432890977122,0.5883432890977122,68.66362725352377,0.0,0.0,2883056.867898812,5564185.610907845,2.9999999998266276,25.898953045370583,44.634645737570104,3.096721457040985e-08,74.9999999910281,0.14400000000890417,255.07517463403394,265.70330691045206,203536.40619290387,8.141456248219582,155.6099999910072,798.0,0.0,Sector 1
198,25.89896559654857,44.634649226322914,0.0,591.3432890978777,0.5913432890978777,68.66362727320359,0.0,0.0,2883059.662280298,5564186.702435268,3.000000000165528,25.898978147726567,44.6346527150753,1.9679816887219204e-08,74.99999999429832,0.14400000001889257,255.06747861463336,265.6952902235764,203536.44627867246,8.141457852215048,155.61000000858593,798.0,0.0,Sector 1
199,25.89899069890456,44.63465620382768,0.0,594.3432890977043,0.5943432890977043,68.66362723977608,0.0,0.0,2883062.456661784,5564187.793962689,2.9999999998266276,25.89900325008255,44.63465969257965,3.3427511425543344e-08,74.9999999903153,0.14400000001027274,255.06210570486124,265.6896934425638,203536.48635373582,8.141459454730226,155.6099999910072,798.0,0.0,Sector 1
200,25.899015801260543,44.634663181331625,0.0,597.3432890978698,0.5973432890978698,68.66362731010292,0.0,0.0,2883065.25104327,5564188.885490112,3.000000000165528,25.899028352438535,44.63466667008318,7.032684834484826e-08,74.99999997962473,0.14400000004706587,255.05906869654825,265.6865298922378,203536.52641619655,8.141461059308861,155.61000000858593,798.0,0.0,Sector 1
201,25.899040903616527,44.63467015883472,0.0,600.3432890976965,0.6003432890976965,68.66362726143325,0.0,0.0,2883068.045424755,5564189.977017533,2.9999999998266276,25.89905345479452,44.63467364758585,4.866967628913699e-08,74.9999999858993,0.1440000000187515,255.05835364809684,265.6857850501009,203536.56647303872,8.141462659981727,155.6099999910072,798.0,0.0,Sector 1
202,25.89906600597251,44.634677136336975,0.0,603.343289097862,0.603343289097862,68.6636272835733,0.0,0.0,2883070.8398062414,5564191.068544954,3.000000000165528,25.899078557150503,44.63468062508768,2.2140056898933835e-08,74.99999999358553,0.14400000002026112,255.05840382950856,265.6858373224048,203536.60651535328,8.141464261759646,155.61000000858593,798.0,0.0,Sector 1
203,25.8990911083285,44.63468411383839,0.0,606.3432890981225,0.6063432890981224,68.66362727177881,0.0,0.0,2883073.6341877277,5564192.160072374,3.0000000002604565,25.899103659506487,44.63468760258868,1.1794497822847916e-08,74.99999999658287,0.1440000000190628,255.0584539984353,265.68588958170346,203536.64655131428,8.14146586313033,155.6100000135099,798.0,0.0,Sector 1
204,25.89911621068448,44.634691091338965,0.0,609.3432890979491,0.6093432890979491,68.66362728506772,0.0,0.0,2883076.428569213,5564193.251599796,2.9999999998266276,25.89912876186247,44.63469458008883,1.3288911304698559e-08,74.99999999614991,0.14399999999907032,255.05850415467054,265.68594182778185,203536.68657617865,8.141467462994585,155.6099999910072,798.0,0.0,Sector 1
205,25.899141313040463,44.6346980688387,0.0,612.3432890981146,0.6123432890981146,68.66362727819381,0.0,0.0,2883079.222950699,5564194.343127217,3.000000000165528,25.899153864218455,44.63470155758815,6.873904112580931e-09,74.99999999800848,0.14400000001176907,255.05855429833935,265.68599406077016,203536.72659041264,8.141469064281896,155.61000000858593,798.0,0.0,Sector 1
206,25.899166415396447,44.6347050463376,0.0,615.3432890979412,0.6153432890979412,68.66362725361739,0.0,0.0,2883082.017332185,5564195.434654638,2.9999999998266276,25.89917896657444,44.63470853508663,2.4576422674726928e-08,74.99999999287965,0.14400000000534918,255.05860442942404,265.68604628065003,203536.76659277733,8.141470664013529,155.6099999910072,798.0,0.0,Sector 1
207,25.89919151775243,44.63471202383567,0.0,618.3432890981068,0.6183432890981068,68.66362727329721,0.0,0.0,2883084.811713671,5564196.526182061,3.000000000165528,25.899204068930423,44.63471551258428,1.9679816887219204e-08,74.99999999429832,0.14400000001889257,255.05865454796606,265.6860984874647,203536.80659057482,8.14147226469114,155.61000000858593,798.0,0.0,Sector 1
208,25.89921662010841,44.63471900133289,0.0,621.3432890979334,0.6213432890979333,68.66362724872079,0.0,0.0,2883087.606095156,5564197.617709482,2.9999999998266276,25.899229171286407,44.63472249008109,2.4576422674726928e-08,74.99999999287965,0.14400000000534918,255.05870465394207,265.68615068118964,203536.8465730705,8.14147386322524,155.6099999910072,798.0,0.0,Sector 1
209,25.8992417224644,44.63472597882928,0.0,624.3432890980989,0.6243432890980989,68.66362727479151,0.0,0.0,2883090.4004766424,5564198.709236905,3.000000000165528,25.89925427364239,44.63472946757705,2.607072246973985e-08,74.99999999244673,0.14400000002244762,255.05875474719704,265.6862028616636,203536.88654852667,8.141475463210215,155.61000000858593,798.0,0.0,Sector 1
210,25.899266824820383,44.634732956324825,0.0,627.3432890979255,0.6273432890979256,68.66362728562001,0.0,0.0,2883093.194858128,5564199.800764325,2.9999999998266276,25.899279375998375,44.63473644507218,1.0828500762727344e-08,74.99999999686274,0.14399999999770166,255.0588048280272,265.686255029195,203536.9265137355,8.141477060419465,155.6099999910072,798.0,0.0,Sector 1
211,25.899291927176364,44.634739933819525,0.0,630.3432890977522,0.6303432890977522,68.66362726350394,0.0,0.0,2883095.9892396135,5564200.892291746,2.9999999998266276,25.899304478354356,44.63474342256646,2.2116068976174574e-08,74.99999999359248,0.14400000000398058,255.05885489628454,265.68630718362976,203536.96646844028,8.141478658962663,155.6099999910072,798.0,0.0,Sector 1
212,25.899317029532348,44.63474691131339,0.0,633.3432890979177,0.6333432890979177,68.66362726548118,0.0,0.0,2883098.7836211,5564201.983819168,3.000000000165528,25.899329580710337,44.63475040005991,1.977241481654346e-09,74.99999999942715,0.14400000000904523,255.05890495183664,265.6863593248298,203537.00641187542,8.14148025698642,155.61000000858593,798.0,0.0,Sector 1
213,25.89934213188833,44.63475388880642,0.0,636.3432890977443,0.6363432890977443,68.66362726499813,0.0,0.0,2883101.578002585,5564203.075346589,2.9999999998266276,25.89935468306632,44.63475737755252,4.830553734791465e-10,74.99999999986005,0.14399999999194682,255.05895499506147,265.68641145318907,203537.0463479684,8.141481853463416,155.6099999910072,798.0,0.0,Sector 1
214,25.899367234244316,44.63476086629861,0.0,639.3432890979099,0.6393432890979098,68.66362728074728,0.0,0.0,2883104.3723840714,5564204.166874011,3.000000000165528,25.89937978542231,44.63476435504428,1.574915131641319e-08,74.99999999543712,0.14400000001670607,255.0590050256179,265.686463568352,203537.08626997197,8.14148345174341,155.61000000858593,798.0,0.0,Sector 1
215,25.8993923366003,44.63476784378996,0.0,642.3432890977365,0.6423432890977365,68.6636272625617,0.0,0.0,2883107.166765557,5564205.258401431,2.9999999998266276,25.899404887778292,44.634771332535216,1.8185573935625143e-08,74.99999999473123,0.14400000000179417,255.05905504378137,265.6865156706056,203537.12618845573,8.14148504763967,155.6099999910072,798.0,0.0,Sector 1
216,25.899417438956284,44.63477482128047,0.0,645.343289097902,0.6453432890979021,68.66362726846961,0.0,0.0,2883109.9611470434,5564206.349928853,3.000000000165528,25.899429990134273,44.63477831002531,5.907907052460359e-09,74.99999999828835,0.14400000001123173,255.05910504938365,265.6865677597746,203537.1660890379,8.141486644196531,155.61000000858593,798.0,0.0,Sector 1
217,25.899442541312265,44.63478179877015,0.0,648.3432890977286,0.6483432890977286,68.66362725766498,0.0,0.0,2883112.7555285282,5564207.441456275,2.9999999998266276,25.899455092490257,44.63478528751457,1.0804626526805805e-08,74.99999999686966,0.14399999999768837,255.05915504243274,265.6866198358674,203537.20598495155,8.141488239267366,155.6099999910072,798.0,0.0,Sector 1
218,25.89946764366825,44.634788776258986,0.0,651.3432890978942,0.6513432890978942,68.66362728619595,0.0,0.0,2883115.5499100145,5564208.532983697,3.000000000165528,25.89948019484624,44.63479226500298,2.853096248145448e-08,74.99999999173394,0.1440000000238162,255.05920502282297,265.6866718987739,203537.24586827427,8.141489836077499,155.61000000858593,798.0,0.0,Sector 2
219,25.899492746024237,44.63479575374697,0.0,654.3432890977208,0.6543432890977208,68.66362724637725,0.0,0.0,2883118.3442915007,5564209.624511117,2.9999999998266276,25.89950529720223,44.63479924249055,3.981870122515829e-08,74.99999998846363,0.14400000001382796,255.0592549909881,265.68672394894594,203537.28574405052,8.141491430543825,155.6099999910072,798.0,0.0,Sector 2
220,25.89951784838022,44.63480273123413,0.0,657.3432890979813,0.6573432890979812,68.66362726998761,0.0,0.0,2883121.1386729865,5564210.71603854,3.0000000002604565,25.89953039955821,44.63480621997729,2.3610368771187495e-08,74.99999999315955,0.1440000000256356,255.05930494622885,265.68677598565506,203537.3256059041,8.14149302568556,155.6100000135099,798.0,0.0,Sector 2
221,25.8995429507362,44.63480970872045,0.0,660.3432890981468,0.6603432890981468,68.66362726557384,0.0,0.0,2883123.933054472,5564211.80756596,3.000000000165528,25.899555501914193,44.63481319746319,4.413777787704021e-09,74.99999999872124,0.14400000001040056,255.05935488916938,265.68682800955145,203537.36546115958,8.141494619034408,155.61000000858593,798.0,0.0,Sector 2
222,25.899568053092185,44.63481668620592,0.0,663.3432890979734,0.6633432890979735,68.66362727640234,0.0,0.0,2883126.727435958,5564212.899093383,2.9999999998266276,25.899580604270177,44.634820174948246,1.0828500762727344e-08,74.99999999686274,0.14399999999770166,255.05940481959186,265.6868800204082,203537.40530546516,8.141496212088667,155.6099999910072,798.0,0.0,Sector 2
223,25.89959315544817,44.63482366369057,0.0,666.3432890981389,0.6663432890981389,68.66362726952826,0.0,0.0,2883129.521817444,5564213.990620804,3.000000000165528,25.89960570662616,44.634827152432464,6.874074642837513e-09,74.99999999800842,0.14400000001176916,255.05945473729193,265.68693201801244,203537.4451404063,8.14149780628166,155.61000000858593,798.0,0.0,Sector 2
224,25.899618257804157,44.63483064117437,0.0,669.3432890979656,0.6693432890979656,68.66362726019389,0.0,0.0,2883132.31619893,5564215.082148226,2.9999999998266276,25.899630808982145,44.634834129915845,9.334371497971006e-09,74.99999999729562,0.14399999999687055,255.05950464255574,265.68698400266226,203537.48496200048,8.14149939830308,155.6099999910072,798.0,0.0,Sector 2
225,25.899643360160137,44.63483761865733,0.0,672.3432890981311,0.6723432890981311,68.66362728233389,0.0,0.0,2883135.1105804155,5564216.173675648,3.000000000165528,25.89965591133813,44.63484110739839,2.2140000055514975e-08,74.99999999358555,0.14400000002026112,255.05955453517842,265.6870359741442,203537.52477853233,8.141500992286815,155.61000000858593,798.0,0.0,Sector 2
226,25.89966846251612,44.634844596139445,0.0,675.3432890979577,0.6753432890979577,68.66362728185078,0.0,0.0,2883137.9049619013,5564217.265203068,2.9999999998266276,25.899681013694114,44.63484808488009,4.831122168980073e-10,74.99999999986004,0.14399999999194685,255.05960441523425,265.6870879325357,203537.56458263897,8.141502582850242,155.6099999910072,798.0,0.0,Sector 2
227,25.899693564872106,44.63485157362073,0.0,678.3432890977843,0.6783432890977843,68.66362726858574,0.0,0.0,2883140.699343387,5564218.356730488,2.9999999998266276,25.899706116050098,44.63485506236095,1.3265037068777019e-08,74.99999999615682,0.14399999999905705,255.059654282852,265.6871398779708,203537.60437771503,8.14150417505528,155.6099999910072,798.0,0.0,Sector 2
228,25.89971866722809,44.63485855110117,0.0,681.3432890979499,0.6813432890979498,68.66362727056293,0.0,0.0,2883143.493724873,5564219.44825791,3.000000000165528,25.89973121840608,44.63486203984097,1.977184638235485e-09,74.99999999942716,0.1440000000090452,255.03740688460937,265.6639655048014,203537.64416307982,8.141505767034586,155.61000000858593,798.0,0.0,Sector 2
229,25.89974376958407,44.634865528580775,0.0,684.3432890977765,0.6843432890977765,68.66362724352598,0.0,0.0,2883146.2881063586,5564220.539785332,2.9999999998266276,25.89975632076206,44.63486901732016,2.7036946903535863e-08,74.99999999216679,0.1440000000067179,255.09504535853478,265.7240055818071,203537.68393750733,8.14150735788012,155.6099999910072,798.0,0.0,Sector 2
230,25.89976887194005,44.63487250605955,0.0,687.343289097942,0.6873432890979421,68.66362730353131,0.0,0.0,2883149.082487844,5564221.631312754,3.000000000165528,25.899781423118043,44.634875994798506,6.000533403494046e-08,74.99999998261511,0.14400000004132435,255.22684812247513,265.86130012757826,203537.72369919796,8.141508950304331,155.61000000858593,798.0,0.0,Sector 2
231,25.89979397429604,44.63487948353747,0.0,690.3432890977687,0.6903432890977687,68.66362725879185,0.0,0.0,2883151.87686933,5564222.722840174,2.9999999998266276,25.89980652547403,44.63488297227602,4.473946546568186e-08,74.99999998703797,0.14400000001656524,255.42311853787666,266.06574847695487,203537.7634576724,8.141510539243473,155.6099999910072,798.0,0.0,Sector 2
232,25.899819076652022,44.63488646101456,0.0,693.3432890979342,0.6933432890979342,68.66362724945742,0.0,0.0,2883154.671250816,5564223.814367596,3.000000000165528,25.899831627830014,44.63488994975269,9.334428341389867e-09,74.9999999972956,0.14400000001313779,255.67108716554424,266.3240491307753,203537.80319762707,8.141512128647872,155.61000000858593,798.0,0.0,Sector 2
233,25.899844179008007,44.63489343849081,0.0,696.3432890977608,0.6963432890977608,68.6636273045421,0.0,0.0,2883157.4656323018,5564224.905895019,2.9999999998266276,25.899856730185995,44.63489692722851,5.5084683481254615e-08,74.99999998404073,0.1440000000223199,255.95657911098144,266.621436573939,203537.8429347342,8.141513718651302,155.6099999910072,798.0,0.0,Sector 2
234,25.899869281363987,44.63490041596621,0.0,699.3432890975874,0.6993432890975875,68.66362725587197,0.0,0.0,2883160.260013787,5564225.997422437,2.9999999998266276,25.89988183254198,44.6349039047035,4.8670131036487874e-08,74.99999998589917,0.14400000001875174,256.26587622565194,266.9436210683875,203537.88266045545,8.141515307478404,155.6099999910072,798.0,0.0,Sector 2
235,25.89989438371997,44.63490739344079,0.0,702.343289097753,0.702343289097753,68.66362726670036,0.0,0.0,2883163.0543952733,5564227.08894986,3.000000000165528,25.899906934897963,44.63491088217766,1.0828387075889623e-08,74.99999999686277,0.14400000001396884,256.5871338304392,267.27826440670754,203537.92237185186,8.141516895663852,155.61000000858593,798.0,0.0,Sector 2
236,25.899919486075955,44.63491437091452,0.0,705.3432890975796,0.7053432890975796,68.6636272888403,0.0,0.0,2883165.848776759,5564228.180477283,2.9999999998266276,25.899932037253947,44.63491785965097,2.2139943212096114e-08,74.99999999358556,0.14400000000399385,256.9109256428995,267.615547544687,203537.96207845243,8.141518483363901,155.6099999910072,798.0,0.0,Sector 2
237,25.899944588431943,44.634921348387415,0.0,708.3432890981788,0.7083432890981789,68.66362725049174,0.0,0.0,2883168.6431582454,5564229.272004703,3.0000000005992433,25.89995713960993,44.63492483712344,3.8348559883161215e-08,74.99999998888956,0.14400000005009575,257.23410826158243,267.95219610581506,203538.00176969872,8.141520073620269,155.61000003108276,798.0,0.0,Sector 2
238,25.899969690787923,44.63492832585947,0.0,711.3432890980055,0.7113432890980055,68.66362728394324,0.0,0.0,2883171.4375397307,5564230.363532125,2.9999999998266276,25.899982241965915,44.63493181459508,3.3451499348302605e-08,74.99999999030835,0.14400000001028607,257.5481873864527,268.27936186088823,203538.0414550815,8.141521658784816,155.6099999910072,798.0,0.0,Sector 2
239,25.89999479314391,44.63493530333069,0.0,714.343289098171,0.714343289098171,68.66362730116253,0.0,0.0,2883174.231921217,5564231.455059547,3.000000000165528,25.9000073443219,44.634938792065874,1.7219292658410268e-08,74.99999999501118,0.1440000000175239,257.8430352719516,268.5864950749496,203538.08112894656,8.141523246148639,155.61000000858593,798.0,0.0,Sector 2
240,25.90001989549989,44.634942280801056,0.0,717.3432890979976,0.7173432890979976,68.66362724511146,0.0,0.0,2883177.0263027023,5564232.546586966,2.9999999998266276,25.900032446677884,44.63494576953583,5.605107844530721e-08,74.99999998376074,0.14400000002285748,258.10619091021573,268.8606155314747,203093.29059351518,8.12373162503011,155.6099999910072,798.0,0.0,Sector 2
241,25.90004499785588,44.6349492582706,0.0,720.3432890981632,0.7203432890981631,68.66362726086038,0.0,0.0,2883179.8206841885,5564233.638114389,3.000000000165528,25.900057549033868,44.634952747004945,1.5748923942737747e-08,74.99999999543718,0.14400000001670596,258.3239447101784,269.08744240643585,204687.05364384994,8.187482146703868,155.61000000858593,798.0,0.0,Sector 2
242,25.90007010021186,44.634956235739295,0.0,723.3432890979898,0.7233432890979897,68.66362729824255,0.0,0.0,2883182.6150656743,5564234.72964181,2.9999999998266276,25.90008265138985,44.63495972447322,3.738216491910862e-08,74.99999998916955,0.14400000001247257,258.48302992608404,269.25315617300424,206166.6711255616,8.246666845736753,155.6099999910072,798.0,0.0,Sector 2
243,25.900095202567844,44.63496321320715,0.0,726.3432890978164,0.7263432890978164,68.66362722694913,0.0,0.0,2883185.40944716,5564235.821169231,2.9999999998266276,25.900107753745836,44.63496670194067,7.129341383915744e-08,74.9999999793447,0.1440000000313363,258.55073401350495,269.32368126406766,207452.84065553444,8.298113628027158,155.6099999910072,798.0,0.0,Sector 2
244,25.900120304923824,44.63497019067418,0.0,729.3432890979819,0.729343289097982,68.66362728449411,0.0,0.0,2883188.2038286454,5564236.912696654,3.000000000165528,25.900132856101816,44.63497367940727,5.754498033638811e-08,74.99999998332792,0.14400000003995575,258.61843954950257,269.3942078640652,208484.2598660184,8.339370396954656,155.61000000858593,798.0,0.0,Sector 2
245,25.90014540727981,44.63497716814036,0.0,732.3432890978086,0.7323432890978085,68.66362725991735,0.0,0.0,2883190.9982101317,5564238.004224076,2.9999999998266276,25.9001579584578,44.63498065687303,2.4576763735240093e-08,74.99999999287955,0.1440000000053494,258.6861465341893,269.4647359731138,209232.8899173772,8.36931559700599,155.6099999910072,798.0,0.0,Sector 2
246,25.900170509635792,44.634984145605706,0.0,735.3432890979741,0.7353432890979741,68.66362729729946,0.0,0.0,2883193.7925916174,5564239.095751498,3.000000000165528,25.900183060813784,44.63498763433795,3.738210807568976e-08,74.99999998916957,0.14400000002873978,258.75385496734333,269.53526559098265,209707.842898836,8.388313717627598,155.61000000858593,798.0,0.0,Sector 2
247,25.900195611991776,44.6349911230702,0.0,738.3432890978007,0.7383432890978007,10.912385185391088,0.0,0.0,2883196.586973103,5564240.187278917,2.9999999998266276,25.90019627577646,44.63499357308223,57.75124211190837,58.26816576250739,0.1853499223468797,258.82156484893846,269.60579671764424,209946.49452097077,10.809324015683758,155.6099999910072,798.0,0.0,Sector 2
248,25.90019693956114,44.63499602309426,0.0,739.123945872472,0.739123945872472,277.3352915745316,0.0,0.0,2883196.734757449,5564240.95381971,0.780656774671229,25.900183575108933,44.63499724731954,93.57709361085949,47.888610504874705,0.05868544439246885,258.88927617906296,269.67632935319057,209997.09179898936,3.423270181486052,40.492666902196646,798.0,0.0,Sector 2
249,25.90017021065673,44.63499847154482,0.0,742.1239458723619,0.7421239458723619,277.3352915593483,0.0,0.0,2883193.7593094204,5564241.336845861,2.999999999889951,25.900156846204524,44.63499969577005,1.5183275081653846e-08,74.99999999560106,0.14400000000316363,258.9569889576979,269.74686349760196,209984.9782047257,8.399399128373549,155.60999999429177,798.0,0.0,Sector 2
250,25.90014348175232,44.63500091999527,0.0,745.1239458728326,0.7451239458728326,277.3352915458918,0.0,0.0,2883190.7838613917,5564241.71987201,3.0000000004706635,25.900130117300115,44.63500214422044,1.3456542546919081e-08,74.99999999610134,0.14400000003007726,259.02470318488645,269.8173991509234,209803.40331969314,8.392136134540594,155.6100000244133,798.0,0.0,Sector 2
251,25.90011675284791,44.63500336844561,0.0,748.1239458727225,0.7481239458727225,277.3352915701344,0.0,0.0,2883187.8084133635,5564242.102898158,2.999999999889951,25.900103388395706,44.63500459267073,2.4242638119176263e-08,74.99999999297636,0.14400000000820307,259.0924188604669,269.88793631298637,209419.77989834105,8.376791196410826,155.60999999429177,798.0,0.0,Sector 2
252,25.900090023943505,44.635005816895855,0.0,751.1239458726125,0.7511239458726124,277.3352915361016,0.0,0.0,2883184.832965336,5564242.485924308,2.999999999889951,25.9000766594913,44.63500704112092,3.403283699299209e-08,74.99999999013993,0.144000000013649,259.1601359845978,269.958474983956,208787.55936108646,8.351502375235047,155.60999999429177,798.0,0.0,Sector 2
253,25.900063295039097,44.63500826534599,0.0,754.1239458725024,0.7541239458725024,277.3352915689057,0.0,0.0,2883181.8575173076,5564242.868950456,2.999999999889951,25.900049930586892,44.635009489571004,3.280410965089686e-08,74.99999999049591,0.1440000000129655,259.25015181034695,270.05224146911144,207881.8324723344,8.315273299642067,155.60999999429177,798.0,0.0,Sector 2
254,25.900036566134688,44.63501071379603,0.0,757.1239458723924,0.7571239458723924,277.3352915348728,0.0,0.0,2883178.8820692794,5564243.251976606,2.999999999889951,25.90002320168248,44.635011938020995,3.403289383641095e-08,74.9999999901399,0.14400000001364904,259.2602831999776,270.0627949999767,206711.43399482488,8.268457360576715,155.60999999429177,798.0,0.0,Sector 2
255,25.900009837230275,44.635013162245954,0.0,760.1239458727441,0.7601239458727441,277.3352915685403,0.0,0.0,2883175.906621251,5564243.635002755,3.000000000351747,25.89999647277807,44.63501438647087,3.3667504339973675e-08,74.99999999024577,0.144000000035612,259.1981605114775,269.99808386612244,204888.4202432453,8.195536811756607,155.6100000182451,798.0,0.0,Sector 2
256,25.899983108325863,44.63501561069579,0.0,763.1239458726341,0.7631239458726341,277.3352915542204,0.0,0.0,2883172.931173222,5564244.018028905,2.999999999889951,25.899969743873662,44.63501683492065,1.4319880392577033e-08,74.99999999585121,0.14400000000268331,259.07535938179285,269.8701660227009,204888.48890082442,8.195539556185702,155.60999999429177,798.0,0.0,Sector 2
257,25.899956379421457,44.63501805914551,0.0,766.123945872524,0.766123945872524,277.33529156903825,0.0,0.0,2883169.955725194,5564244.401055053,2.999999999889951,25.899943014969253,44.635019283370326,1.4817828741797712e-08,74.99999999570694,0.14400000000296032,258.9046381040139,269.6923313583478,204888.55754212744,8.195542301853575,155.60999999429177,798.0,0.0,Sector 2
258,25.89992965051705,44.63502050759514,0.0,769.123945872414,0.769123945872414,277.3352915247172,0.0,0.0,2883166.980277166,5564244.784081202,2.999999999889951,25.899916286064844,44.63502173181989,4.432104105944745e-08,74.9999999871592,0.144000000019372,258.70014928234593,269.47932216911033,204888.62617615677,8.19554504814881,155.60999999429177,798.0,0.0,Sector 2
259,25.89990292161264,44.63502295604465,0.0,772.1239458727657,0.7721239458727657,277.3352915583847,0.0,0.0,2883164.0048291376,5564245.167107351,3.000000000351747,25.899889557160435,44.63502418026936,3.3667504339973675e-08,74.99999999024577,0.144000000035612,258.4755906335016,269.2454069098975,204888.69479827903,8.195547793957973,155.6100000182451,798.0,0.0,Sector 2
260,25.89987619270823,44.63502540449407,0.0,775.1239458727746,0.7751239458727746,277.335291581764,0.0,0.0,2883161.0293811094,5564245.550133501,3.0000000000088676,25.899862828256026,44.635026628718734,2.337930027351831e-08,74.9999999932265,0.14400000001343077,258.25197410368565,269.01247302467254,204888.7634078353,8.195550537077791,155.61000000045996,798.0,0.0,Sector 2
261,25.89984946380382,44.63502785294339,0.0,778.1239458726645,0.7781239458726645,277.3352915580193,0.0,0.0,2883158.053933081,5564245.933159652,2.999999999889951,25.899836099351617,44.63502907716799,2.3744689769955585e-08,74.99999999312062,0.14400000000792607,258.04867354132625,268.80070160554817,204888.83201221874,8.19555328093985,155.60999999429177,798.0,0.0,Sector 2
262,25.899822734899413,44.6350303013926,0.0,781.1239458725545,0.7811239458725545,277.33529156254906,0.0,0.0,2883155.0784850526,5564246.3161858,2.999999999889951,25.89980937044721,44.63503152561715,4.529738362180069e-09,74.99999999868763,0.14399999999723742,257.86793830262417,268.6124357319002,204888.90060211084,8.195556023927207,155.60999999429177,798.0,0.0,Sector 2
263,25.899796005995004,44.635032749841706,0.0,784.1239458724444,0.7841239458724444,277.3352915096665,0.0,0.0,2883152.1030370244,5564246.69921195,2.999999999889951,25.8997826415428,44.6350339740662,5.288256943458691e-08,74.99999998467872,0.14400000002413452,257.7171853618602,268.45540141860437,204888.96918291267,8.19555876869009,155.60999999429177,798.0,0.0,Sector 2
264,25.89976927709059,44.63503519829069,0.0,787.1239458727962,0.7871239458727962,277.33529154419733,0.0,0.0,2883149.1275889957,5564247.082238097,3.000000000351747,25.899755912638387,44.63503642251514,3.453084218563163e-08,74.99999998999564,0.14400000003609223,257.60754601936327,268.3411937701701,204889.0377553559,8.195561512268377,155.6100000182451,798.0,0.0,Sector 2
265,25.899742548186182,44.6350376467396,0.0,790.1239458726861,0.7901239458726861,277.3352915667133,0.0,0.0,2883146.1521409675,5564247.465264247,2.999999999889951,25.89972918373398,44.635038870963996,2.251596242786036e-08,74.99999999347662,0.14400000000724253,257.55279473159476,268.28416117874457,204889.10631721176,8.19556425310067,155.60999999429177,798.0,0.0,Sector 2
266,25.899715819281777,44.6350400951884,0.0,793.1239458725761,0.7931239458725761,277.3352915429686,0.0,0.0,2883143.17669294,5564247.848290398,2.999999999889951,25.899702454829573,44.63504131941275,2.3744689769955585e-08,74.99999999312062,0.14400000000792607,257.5644804737079,268.29633382677906,204889.17486698137,8.195566995130354,155.60999999429177,798.0,0.0,Sector 2
267,25.899689090377368,44.63504254363709,0.0,796.123945872466,0.796123945872466,277.335291566348,0.0,0.0,2883140.2012449116,5564248.231316546,2.999999999889951,25.899675725925164,44.63504376786139,2.3379413960356032e-08,74.99999999322645,0.14400000000772287,257.65362911678375,268.38919699664973,204927.32348998485,8.197092940039019,155.60999999429177,798.0,0.0,Sector 2
268,25.89966236147296,44.63504499208568,0.0,799.123945872356,0.799123945872356,277.3352915511647,0.0,0.0,2883137.225796883,5564248.614342696,2.999999999889951,25.899648997020755,44.63504621630992,1.5183331925072707e-08,74.99999999560104,0.14400000000316365,257.85066331295474,268.5944409509945,205002.95811832653,8.200118324913227,155.60999999429177,798.0,0.0,Sector 2
269,25.899635632568547,44.63504744053416,0.0,802.1239458727077,0.8021239458727077,277.3352915659826,0.0,0.0,2883134.2503488543,5564248.997368844,3.000000000351747,25.89962226811634,44.63504866475835,1.4817885585216573e-08,74.99999999570693,0.14400000002512656,258.06193785734007,268.8145186013959,205078.3703743277,8.203134816404473,155.6100000182451,798.0,0.0,Sector 2
270,25.899608903664134,44.63504988898254,0.0,805.1239458727166,0.8051239458727166,277.335291552526,0.0,0.0,2883131.274900826,5564249.380394993,3.0000000000088676,25.899595539211933,44.635051113206686,1.3456599390337942e-08,74.99999999610132,0.1440000000079111,258.2845681868721,269.04642519465847,205153.33792510166,8.206133517454905,155.61000000045996,798.0,0.0,Sector 2
271,25.899582174759733,44.63505233743083,0.0,808.1239458726066,0.8081239458726066,277.3352915467676,0.0,0.0,2883128.2994527984,5564249.763421143,2.999999999889951,25.899568810307528,44.635053561654914,5.7583520174375735e-09,74.99999999833167,0.14399999999792085,258.51612628027596,269.2876315419541,205227.89785439186,8.20911591405715,155.60999999429177,798.0,0.0,Sector 2
272,25.899555445855324,44.635054785879,0.0,811.1239458724965,0.8111239458724965,277.3352915607221,0.0,0.0,2883125.3240047703,5564250.1464472925,2.999999999889951,25.89954208140312,44.635056010103035,1.395449089613976e-08,74.99999999595707,0.1440000000024801,258.75508104065574,269.53654275068305,205485.34475114208,8.219413790187252,155.60999999429177,798.0,0.0,Sector 2
273,25.899528716950915,44.63505723432707,0.0,814.1239458723865,0.8141239458723865,277.33529154553884,0.0,0.0,2883122.348556742,5564250.529473442,2.999999999889951,25.89951535249871,44.63505845855106,1.5183275081653846e-08,74.99999999560106,0.14400000000316363,258.9999845880522,269.7916506125544,205941.24557991888,8.23764982337774,155.60999999429177,798.0,0.0,Sector 2
274,25.899501988046502,44.63505968277504,0.0,817.1239458727382,0.8171239458727382,272.1240877437036,0.0,0.0,2883119.3731087134,5564250.91249959,3.000000000351747,25.899488577598994,44.63506003671031,5.211203801835211,73.49019700699877,0.14695837596186825,259.2495393030749,270.05160344070305,206379.31019261855,8.424768960566068,155.6100000182451,798.0,0.0,Sector 2
275,25.899475167151486,44.63506039064558,0.0,820.1116871070814,0.8201116871070814,266.9722920555816,0.0,0.0,2883116.387420337,5564251.023236244,2.9877412343431615,25.899461711231602,44.63505988418661,5.151795688122036,73.50740887421861,0.14632359660561792,259.5015231140641,270.31408657715014,206795.8821514524,8.405310344342233,154.97413782537978,798.0,0.0,Sector 2
276,25.899448255311714,44.63505937772764,0.0,823.1116871071077,0.8231116871071077,266.97229207986385,0.0,0.0,2883113.3916080375,5564250.864779103,3.0000000000263753,25.899434799391827,44.63505887126867,2.4282257982122246e-08,74.99999999296489,0.14400000001477345,259.7543399598364,270.57743745816293,207232.47501552798,8.289299001471543,155.6100000013681,798.0,0.0,Sector 2
277,25.899421343471943,44.6350583648097,0.0,826.1116871070849,0.8261116871070849,266.97229209429963,0.0,0.0,2883110.395795738,5564250.706321962,2.999999999977149,25.89940788755206,44.63505785835072,1.4435784123634221e-08,74.99999999581763,0.1440000000069333,260.00790230055526,270.84156489641174,207695.2711701043,8.307810847204173,155.60999999881471,798.0,0.0,Sector 2
278,25.89939443163217,44.63505735189174,0.0,829.1116871071113,0.8291116871071113,266.9722920904711,0.0,0.0,2883107.399983438,5564250.547864823,3.0000000000263753,25.899380975712287,44.63505684543275,3.8285179471131414e-09,74.99999999889079,0.1440000000033957,260.26219446125776,271.1064525638102,208114.96302749135,8.324598521295961,155.6100000013681,798.0,0.0,Sector 2
279,25.899367519792403,44.63505633897376,0.0,832.1116871070884,0.8321116871070884,241.22378413129644,0.0,0.0,2883104.404171139,5564250.389407683,2.999999999977149,25.899357054563392,44.635052248964016,25.748507959174674,67.54007790514977,0.15990505689206885,260.51837055919145,271.37330266582444,208489.94942418818,9.260721451138716,155.60999999881471,798.0,0.0,Sector 2
280,25.89934658933438,44.63504815895428,0.0,834.7699307877916,0.8347699307877916,211.6180766092294,0.0,0.0,2883102.07420321,5564249.109755811,2.658243680703208,25.899339525146623,44.635039993695884,29.605707522067036,66.422560405142,0.14407269446046117,260.7726116816593,271.63813716839513,208819.2524568558,8.356986765744029,137.8830997180754,798.0,0.0,Sector 2
281,25.89933246095886,44.63503182843749,0.0,837.7699307876705,0.8377699307876706,211.6180766337003,0.0,0.0,2883100.5014396408,5564246.555070946,2.9999999998789235,25.899325396771097,44.635023663176796,2.4470892867611838e-08,74.99999999291023,0.1440000000078007,261.0223313233786,271.89826179518604,209103.41606131245,8.364136642905589,155.60999999371975,798.0,0.0,Sector 2
282,25.89931833258333,44.63501549791611,0.0,840.7699307877936,0.8407699307877936,211.6180766075769,0.0,0.0,2883098.9286760716,5564244.000386082,3.000000000123009,25.89931126839557,44.63500733265312,2.6123387897314387e-08,74.99999999243147,0.144000000020436,261.26515889823503,272.1512071856615,209330.03261629114,8.373201305839952,155.6100000063805,798.0,0.0,Sector 2
283,25.89930420420781,44.63499916739013,0.0,843.7699307876725,0.8437699307876725,203.5891839975345,0.0,0.0,2883097.355912503,5564241.445701215,2.9999999998789235,25.899298883216204,44.63499049619479,8.02889261004242,72.67384916152031,0.14860916442668018,261.4973928554528,272.39311755776333,209508.2101395636,8.648566680380528,155.60999999371975,798.0,0.0,Sector 2
284,25.8992935622246,44.63498182499944,0.0,846.7302787677362,0.8467302787677362,192.75899183489076,0.0,0.0,2883096.171252351,5564238.732724903,2.960347980063716,25.899290586324387,44.63497247318239,10.830192162643726,71.86224965214764,0.14830112861504163,261.7151378004271,272.61993520877826,209655.84226785589,8.636721674738935,153.55324972590495,798.0,0.0,Sector 2
285,25.899287610424174,44.63496312136533,0.0,849.7302787677397,0.8497302787677398,192.75899182246383,0.0,0.0,2883095.5087009585,5564235.80680186,3.0000000000035243,25.89928463452397,44.63495376954526,1.2426937701093266e-08,74.99999999639964,0.14400000000708185,261.9048292821472,272.8175305022367,209774.58917839412,8.390983567548439,155.6100000001828,798.0,0.0,Sector 2
286,25.899281658623764,44.6349444177252,0.0,852.7302787677432,0.8527302787677432,192.7589918235261,0.0,0.0,2883094.846149567,5564232.880878817,3.0000000000035243,25.899278682723555,44.63493506590211,1.0622613899613498e-09,74.99999999969224,0.14400000000076008,262.0517422352149,272.9705648283488,209867.44857692352,8.39469794312126,155.6100000001828,798.0,0.0,Sector 2
287,25.899275706823342,44.634925714079024,0.0,855.7302787677468,0.8557302787677468,192.75899182399013,0.0,0.0,2883094.183598175,5564229.954955773,3.0000000000035243,25.899272730923137,44.63491636225294,4.6404124987020623e-10,74.99999999986555,0.14400000000042731,262.15180629249096,273.07479822134474,209915.97763134475,8.396639105278707,155.6100000001828,798.0,0.0,Sector 2
288,25.899269755022928,44.63490701042684,0.0,858.7302787676474,0.8587302787676474,192.75899181396088,0.0,0.0,2883093.5210467833,5564227.0290327305,2.9999999999006377,25.899266779122723,44.63489765859774,1.0029253871834953e-08,74.9999999970943,0.14400000000080956,262.20114948340904,273.12619737855107,209932.66525606913,8.397306610289968,155.60999999484608,798.0,0.0,Sector 2
289,25.899263803222517,44.63488830676862,0.0,861.7302787676509,0.861730278767651,192.7589918324104,0.0,0.0,2883092.8584953924,5564224.1031096885,3.0000000000035243,25.8992608273223,44.6348789549365,1.8449526351105305e-08,74.99999999465476,0.14400000001043203,262.19409302037576,273.11884689622474,209947.60645269734,8.397904258716277,155.6100000001828,798.0,0.0,Sector 2
290,25.89925785142209,44.63486960310438,0.0,864.7302787676545,0.8647302787676544,192.7589918178847,0.0,0.0,2883092.1959439996,5564221.177186645,3.0000000000035243,25.899254875521883,44.63486025126924,1.452571041227202e-08,74.99999999579157,0.14400000000824933,262.12510722277466,273.04698669039027,209962.2349232272,8.398489397410215,155.6100000001828,798.0,0.0,Sector 2
291,25.89925189962168,44.6348508994341,0.0,867.7302787675551,0.867730278767555,192.7589918249436,0.0,0.0,2883091.533392609,5564218.251263602,2.9999999999006377,25.899248923721473,44.634841547595954,7.0589010192634305e-09,74.99999999795487,0.14399999999915725,261.9928359895893,272.9092041558222,209999.8880207584,8.399995520781165,155.60999999484608,798.0,0.0,Sector 2
292,25.89924594782126,44.6348321957578,0.0,870.7302787675586,0.8707302787675586,192.75899182390705,0.0,0.0,2883090.8708412168,5564215.32534056,3.0000000000035243,25.899242971921048,44.63482284391663,1.0365397429268342e-09,74.9999999996997,0.14400000000074575,261.7967423477092,272.70493994553044,209999.43388321897,8.39997735537226,155.6100000001828,798.0,0.0,Sector 2
293,25.89923999602084,44.63481349207546,0.0,873.7302787675621,0.8737302787675622,192.75899182017355,0.0,0.0,2883090.2082898244,5564212.399417515,3.0000000000035243,25.89923702012063,44.63480414023128,3.733504172487301e-09,74.99999999891833,0.14400000000224597,261.5380227260633,272.43544033964923,209984.86497062494,8.399394598956004,155.6100000001828,798.0,0.0,Sector 2
294,25.899234044220425,44.6347947883871,0.0,876.7302787675657,0.8767302787675657,192.75899182303507,0.0,0.0,2883089.545738433,5564209.473494472,3.0000000000035243,25.89923106832022,44.63478543653991,2.861526127162506e-09,74.99999999917095,0.14400000000176094,261.2650612790999,272.1511054990624,209922.7804927147,8.396911219811281,155.6100000001828,798.0,0.0,Sector 2
295,25.89922809242001,44.63477608469272,0.0,879.7302787674663,0.8797302787674663,192.75899181540336,0.0,0.0,2883088.8831870416,5564206.54757143,2.9999999999006377,25.8992251165198,44.63476673284251,7.631712151123793e-09,74.99999999778892,0.1439999999994759,260.9807425702276,271.85494017732043,209786.4053715949,8.391456214833253,155.60999999484608,798.0,0.0,Sector 2
296,25.899222140619592,44.63475738099229,0.0,882.7302787674698,0.8827302787674698,192.75899183355355,0.0,0.0,2883088.2206356497,5564203.621648386,3.0000000000035243,25.899219164719383,44.63474802913907,1.815018890738429e-08,74.99999999474149,0.14400000001026553,260.68749462071605,271.5494735632459,209571.90950662966,8.382876380862777,155.6100000001828,798.0,0.0,Sector 2
297,25.89921618881917,44.634738677285846,0.0,885.7302787674734,0.8857302787674733,190.4834294602734,0.0,0.0,2883087.5580842574,5564200.695725343,3.0000000000035243,25.899213902734065,44.63472988578211,2.275562373280138,74.34071838051518,0.14527704648659118,260.38684852742745,271.2363005494036,209269.68981145823,8.44502290415938,155.6100000001828,798.0,0.0,Sector 2
298,25.89921161664896,44.63472109427836,0.0,888.5275775848044,0.8885275775848044,69.67817611945986,0.0,0.0,2883087.0491125975,5564197.945120225,2.7972988173310114,25.899224252667587,44.634724424337115,120.80525334081355,40.0,0.25175689355979103,260.08025217052784,270.91692934429983,208872.15899361906,14.606946083155648,145.09588965495956,798.0,0.0,Sector 2
299,25.89923688868621,44.63472775439587,0.0,891.5275775845853,0.8915275775845853,69.6781761189028,0.0,0.0,2883089.862382916,5564198.98699839,2.9999999997809255,25.899249524704842,44.63473108445424,5.570655048359185e-10,74.99999999983861,0.14399999998979432,259.7690031692619,270.59271163464786,208375.58813527707,8.335023524820357,155.6099999886366,798.0,0.0,Sector 2
300,25.899262160723477,44.63473441451261,0.0,894.5275775846897,0.8945275775846897,69.67817608691564,0.0,0.0,2883092.675653236,5564200.028876555,3.0000000001043645,25.899274796742105,44.6347377445706,3.198715603502933e-08,74.9999999907326,0.1440000000228029,259.4553235953279,270.2659620784666,207780.27881026795,8.311211153726838,155.61000000541338,798.0,0.0,Sector 2
301,25.899287432760733,44.6347410746286,0.0,897.5275775844706,0.8975275775844705,69.67817608635858,0.0,0.0,2883095.4889235543,5564201.070754723,2.9999999997809255,25.899300068779365,44.63474440468621,5.570655048359185e-10,74.99999999983861,0.14399999998979432,259.1408095099387,269.9383432395195,207091.69857801413,8.283667942533478,155.6099999886366,798.0,0.0,Sector 2
302,25.899312704797996,44.63474773474382,0.0,900.5275775850116,0.9005275775850116,69.67817610783777,0.0,0.0,2883098.3021938736,5564202.112632888,3.0000000005410357,25.899325340816624,44.634751064801044,2.147919531125808e-08,74.999999993777,0.14400000003791788,258.8255484527258,269.60994630492274,206319.00450796224,8.252760182491583,155.61000002806352,798.0,0.0,Sector 2
303,25.89933797683525,44.63475439485827,0.0,903.5275775847924,0.9035275775847924,69.67817609836959,0.0,0.0,2883101.115464192,5564203.154511054,2.9999999997808118,25.89935061285388,44.63475772491512,9.468180905969348e-09,74.99999999725685,0.14399999999474583,258.50955609880344,269.28078760292027,205476.15192544347,8.219046076717852,155.6099999886307,798.0,0.0,Sector 2
304,25.899363248872508,44.63476105497196,0.0,906.5275775848968,0.9065275775848968,69.67817609546404,0.0,0.0,2883103.928734511,5564204.196389221,3.0000000001043645,25.899375884891136,44.634764385028426,2.9055513550702017e-09,74.99999999915819,0.14400000000662577,258.1916783308844,268.94966492800455,204577.88126868018,8.183115251123727,155.61000000541338,798.0,0.0,Sector 2
305,25.899388520909767,44.63476771508489,0.0,909.5275775846778,0.9095275775846778,69.67817607003957,0.0,0.0,2883106.7420048304,5564205.238267387,2.999999999781039,25.899401156928395,44.63477104514098,2.5424469640711322e-08,74.99999999263396,0.14400000000363267,257.87382528579013,268.6185680060314,203657.79600501966,8.146311840406284,155.6099999886425,798.0,0.0,Sector 2
306,25.899413792947023,44.63477437519706,0.0,912.5275775847822,0.9125275775847822,69.67817611403774,0.0,0.0,2883109.5552751487,5564206.280145554,3.0000000001043645,25.89942642896565,44.63477770525276,4.399817044031806e-08,74.99999998725274,0.14400000002948424,257.5567044703055,268.28823382323486,203657.83519439283,8.146313409443675,155.61000000541338,798.0,0.0,Sector 2
307,25.89943906498428,44.63478103530845,0.0,915.5275775845632,0.9155275775845632,69.67817611582899,0.0,0.0,2883112.3685454675,5564207.32202372,2.999999999781039,25.89945170100291,44.634784365363764,1.7912498151417822e-09,74.99999999948103,0.1439999999904863,257.2426976167392,267.96114335077,203657.8743742894,8.14631497443338,155.6099999886425,798.0,0.0,Sector 2
308,25.89946433702154,44.63478769541908,0.0,918.5275775847808,0.9185275775847808,69.67817609275284,0.0,0.0,2883115.1818157868,5564208.363901884,3.0000000002175966,25.899476973040173,44.634791025474016,2.3076154320733622e-08,74.99999999331432,0.14400000002328114,256.93552856611626,267.64117558970446,203657.9135468073,8.146316543189348,155.61000001128673,798.0,0.0,Sector 2
309,25.8994896090588,44.63479435552895,0.0,921.5275775848852,0.9215275775848852,69.67817607623942,0.0,0.0,2883117.995086106,5564209.405780052,3.0000000001043645,25.89950224507743,44.6347976855835,1.6513411082996754e-08,74.99999999521569,0.14400000001419538,256.63911314482704,267.3324095258615,203657.95270674827,8.146318109072999,155.61000000541338,798.0,0.0,Sector 2
310,25.899514881096056,44.63480101563805,0.0,924.527577584666,0.924527577584666,69.67817609350436,0.0,0.0,2883120.8083564243,5564210.447658216,2.9999999997808118,25.899527517114684,44.634804345692224,1.7264937923755497e-08,74.99999999499796,0.14399999999908286,256.3578485367936,267.03942555916,203657.9918582479,8.146319674278034,155.6099999886307,798.0,0.0,Sector 2
311,25.899540153133312,44.6348076757464,0.0,927.5275775847704,0.9275275775847704,69.67817610842093,0.0,0.0,2883123.621626743,5564211.489536385,3.0000000001043645,25.89955278915194,44.63481100580019,1.4916565760358935e-08,74.99999999567834,0.1440000000133071,256.09651224147103,266.76720025153236,203658.03100166665,8.146321240819482,155.61000000541338,798.0,0.0,Sector 2
312,25.899565425170568,44.63481433585397,0.0,930.5275775845512,0.9305275775845512,69.67817609895263,0.0,0.0,2883126.4348970614,5564212.531414549,2.9999999997808118,25.899578061189196,44.63481766590738,9.46829459280707e-09,74.99999999725682,0.14399999999474586,255.86006867135035,266.52090486598996,203658.07013136218,8.146322804957236,155.6099999886307,798.0,0.0,Sector 2
313,25.899590697207827,44.63482099596078,0.0,933.5275775846555,0.9335275775846557,69.67817609604703,0.0,0.0,2883129.2481673807,5564213.5732927155,3.0000000001043645,25.89960333322646,44.6348243260138,2.9056081984890625e-09,74.99999999915818,0.1440000000066258,255.65346712255868,266.305694919332,203658.10925255538,8.146324370477059,155.61000000541338,798.0,0.0,Sector 2
314,25.89961596924509,44.634827656066825,0.0,936.5275775848733,0.9365275775848731,69.67817608188193,0.0,0.0,2883132.0614377,5564214.615170881,3.0000000002177103,25.899628605263715,44.63483098611947,1.4165095763019053e-08,74.99999999589605,0.1440000000183297,255.4813828280333,266.126440445868,203658.14836129898,8.146325935488889,155.6100000112926,798.0,0.0,Sector 2
315,25.899641241282342,44.63483431617211,0.0,939.5275775849776,0.9395275775849776,69.67817610570955,0.0,0.0,2883134.8747080183,5564215.657049049,3.0000000001043645,25.89965387730097,44.63483764622437,2.3827624318073504e-08,74.9999999930966,0.14400000001826405,255.34803201983314,265.9875333539929,203658.18746247597,8.146327499532259,155.61000000541338,798.0,0.0,Sector 2
316,25.8996665133196,44.63484097627663,0.0,942.5275775847584,0.9425275775847586,69.67817607841909,0.0,0.0,2883137.687978337,5564216.698927214,2.9999999997808118,25.89967914933823,44.63484430632851,2.7290468551655067e-08,74.99999999209334,0.14400000000465976,255.25693141461238,265.89263689022124,203658.22655077378,8.146329062294546,155.6099999886307,798.0,0.0,Sector 2
317,25.89969178535686,44.63484763638039,0.0,945.5275775848628,0.9455275775848628,69.67817612428314,0.0,0.0,2883140.5012486563,5564217.740805383,3.0000000001043645,25.89970442137549,44.634850966431884,4.5864055664424086e-08,74.99999998671215,0.14400000003052216,255.21085886056235,265.8446446464191,203658.2656335881,8.146330627070206,155.61000000541338,798.0,0.0,Sector 2
318,25.89971705739412,44.63485429648337,0.0,948.5275775846438,0.9485275775846438,69.67817609042999,0.0,0.0,2883143.314518975,5564218.782683547,2.999999999781039,25.89972969341275,44.63485762653448,3.3853154945973074e-08,74.99999999019198,0.14400000000832128,255.21090782084374,265.84469564671224,203658.30470170686,8.146332188539018,155.6099999886425,798.0,0.0,Sector 2
319,25.899742329431376,44.63486095658559,0.0,951.5275775844248,0.9515275775844249,69.6781761053465,0.0,0.0,2883146.127789294,5564219.824561713,2.9999999997809255,25.899754965450008,44.63486428663632,1.4916508916940074e-08,74.99999999567835,0.14399999999778199,255.21095676876433,265.84474663412954,203658.34376406687,8.14633375043719,155.6099999886366,798.0,0.0,Sector 2
320,25.89976760146864,44.63486761668705,0.0,954.5275775849658,0.9545275775849658,69.6781761000924,0.0,0.0,2883148.941059613,5564220.866439878,3.0000000005410357,25.899780237487263,44.6348709467374,5.254094048723346e-09,74.99999999847778,0.1440000000288924,255.21100570408703,265.844797608424,203658.3828116671,8.146335314101172,155.61000002806352,798.0,0.0,Sector 2
321,25.89979287350589,44.63487427678775,0.0,957.5275775847468,0.9575275775847468,69.67817607936462,0.0,0.0,2883151.7543299315,5564221.908318044,2.999999999781039,25.89980550952452,44.63487760683772,2.072778215733706e-08,74.99999999399469,0.1440000000010201,255.21105462659918,265.84484856937416,203658.42185191027,8.146336874134132,155.6099999886425,798.0,0.0,Sector 2
322,25.89981814554315,44.63488093688768,0.0,960.5275775848512,0.9605275775848512,69.67817610554062,0.0,0.0,2883154.5676002502,5564222.950196211,3.0000000001043645,25.899830781561782,44.63488426693726,2.6175996481470065e-08,74.99999999241622,0.14400000001957033,255.21110353667336,265.8448995173681,203658.46088119055,8.146338436354755,155.61000000541338,798.0,0.0,Sector 2
323,25.89984341758041,44.63488759698684,0.0,963.527577584632,0.963527577584632,69.67817609137546,0.0,0.0,2883157.3808705695,5564223.992074378,2.9999999997808118,25.899856053599038,44.63489092703605,1.4165152606437914e-08,74.99999999589603,0.1439999999973586,255.21115243411,265.8449504521979,203658.4999019345,8.14633999592795,155.6099999886307,798.0,0.0,Sector 2
324,25.899868689617666,44.63489425708525,0.0,966.5275775847364,0.9665275775847364,69.67817608846974,0.0,0.0,2883160.1941408883,5564225.033952543,3.0000000001043645,25.899881325636294,44.63489758713407,2.905721885326784e-09,74.99999999915815,0.14400000000662586,255.21120131878826,265.8450013737378,203658.53891136858,8.146341556829578,155.61000000541338,798.0,0.0,Sector 2
325,25.89989396165492,44.63490091718289,0.0,969.5275775845172,0.9695275775845174,69.67817609026088,0.0,0.0,2883163.007411207,5564226.075830709,2.9999999997808118,25.899906597673553,44.63490424723133,1.7911361283040605e-09,74.99999999948106,0.14399999999047533,255.21125019087617,265.84505228216267,203658.57791187504,8.146343115936164,155.6099999886307,798.0,0.0,Sector 2
326,25.899919233692184,44.63490757727977,0.0,972.5275775850585,0.9725275775850584,69.67817609813216,0.0,0.0,2883165.8206815263,5564227.117708876,3.000000000541263,25.899931869710812,44.63491090732782,7.871278739912668e-09,74.99999999771951,0.14400000003035915,255.21129905032936,265.84510317742644,203658.61690223223,8.146344677806754,155.6100000280753,798.0,0.0,Sector 2
327,25.89994450572944,44.634914237375874,0.0,975.5275775848392,0.9755275775848392,69.67817609101212,0.0,0.0,2883168.6339518446,5564228.1595870415,2.999999999780698,25.899957141748068,44.63491756742354,7.1200361162482295e-09,74.99999999793717,0.14399999999343416,255.21134789720244,265.84515405958587,203658.6558843696,8.146346235003346,155.60999998862482,798.0,0.0,Sector 2
328,25.8999697777667,44.63492089747122,0.0,978.5275775846202,0.9785275775846202,69.6781761035802,0.0,0.0,2883171.447222164,5564229.201465208,2.999999999781039,25.899982413785327,44.63492422751851,1.2568079910124652e-08,74.99999999635874,0.1439999999964811,255.21139673157194,265.84520492872076,203658.69485128924,8.1463477938525,155.6099999886425,798.0,0.0,Sector 2
329,25.899995049803955,44.6349275575658,0.0,981.5275775847246,0.9815275775847244,69.67817610067453,0.0,0.0,2883174.2604924827,5564230.243343374,3.0000000001043645,25.900007685822583,44.63493088761271,2.9056650419079233e-09,74.99999999915816,0.14400000000662583,255.211445553326,265.8452557847146,203658.73381538238,8.146349352990123,155.61000000541338,798.0,0.0,Sector 2
330,25.90002032184121,44.63493421765961,0.0,984.5275775845056,0.9845275775845056,69.67817607994664,0.0,0.0,2883177.073762801,5564231.285221539,2.999999999781039,25.900032957859842,44.634937547706144,2.0727895844174782e-08,74.99999999399466,0.14400000000102012,255.17799328518313,265.81040967206576,203658.77276263264,8.146350910563012,155.6099999886425,798.0,0.0,Sector 2
331,25.90004559387847,44.63494087775267,0.0,987.5275775846098,0.98752757758461,69.67817609955983,0.0,0.0,2883179.8870331203,5564232.327099706,3.000000000104251,25.900058229897102,44.63494420779881,1.9613196400314337e-08,74.99999999431762,0.1440000000159142,255.02934085045771,265.65556338589346,203658.8117054093,8.146352469116673,155.6100000054075,798.0,0.0,Sector 2
332,25.900070865915733,44.63494753784496,0.0,990.5275775848274,0.9905275775848276,69.67817610086843,0.0,0.0,2883182.7003034395,5564233.368977873,3.0000000002175966,25.90008350193436,44.63495086789072,1.3085923455946613e-09,74.99999999962087,0.14400000001117258,254.80877041496024,265.4258025155836,203658.8506339774,8.146354025991155,155.61000001128673,798.0,0.0,Sector 2
333,25.90009613795299,44.63495419793648,0.0,993.5275775849318,0.9935275775849318,69.67817609140002,0.0,0.0,2883185.5135737583,5564234.410856038,3.0000000001043645,25.900108773971617,44.63495752798186,9.468408279644791e-09,74.9999999972568,0.14400000001027646,254.5400992423309,265.14593671076136,203658.88955092352,8.1463555826183,155.61000000541338,798.0,0.0,Sector 2
334,25.90012140999025,44.63496085802724,0.0,996.5275775847128,0.9965275775847128,69.67817611053073,0.0,0.0,2883188.326844077,5564235.452734204,2.999999999781039,25.900134046008876,44.634964188072246,1.9130709461023798e-08,74.9999999944574,0.1440000000001317,254.26943404473516,264.8639937965991,203658.92846272892,8.146357138516613,155.6099999886425,798.0,0.0,Sector 2
335,25.900146682027504,44.63496751811724,0.0,999.5275775848172,0.9995275775848173,69.67817610997338,0.0,0.0,2883191.140114396,5564236.494612372,3.0000000001043645,25.900159318046132,44.634970848161856,5.573497219302226e-10,74.99999999983852,0.14400000000531954,253.96489903659997,264.54676982979163,203658.9673621086,8.146358694785283,155.61000000541338,798.0,0.0,Sector 2
336,25.90017195406476,44.63497417820646,0.0,1002.527577584598,1.002527577584598,69.67817608924543,0.0,0.0,2883193.953384714,5564237.536490536,2.9999999997808118,25.900184590083388,44.6349775082507,2.0727952687593643e-08,74.99999999399465,0.14400000000100924,253.69711214020768,264.2678251460497,203659.0062509979,8.146360250097015,155.6099999886307,798.0,0.0,Sector 2
337,25.900197226102016,44.63498083829493,0.0,1005.5275775847024,1.0055275775847023,69.67817611120705,0.0,0.0,2883196.766655033,5564238.578368702,3.0000000001043645,25.900209862120647,44.634984168338775,2.196162540712976e-08,74.99999999363722,0.14400000001722604,253.48419857265083,264.0460401798446,203659.04512951587,8.146361806155138,155.61000000541338,798.0,0.0,Sector 2
338,25.90022249813928,44.63498749838263,0.0,1008.52757758492,1.00852757758492,69.67817607217438,0.0,0.0,2883199.5799253527,5564239.620246869,3.0000000002175966,25.900235134157906,44.6349908284261,3.903267042915104e-08,74.99999998869136,0.14400000003215724,253.4842472813102,264.04609091803144,203659.0839986471,8.146363361765081,155.61000001128673,798.0,0.0,Sector 2
339,25.900247770176534,44.63499415846957,0.0,1011.5275775847008,1.0115275775847008,69.67817608052809,0.0,0.0,2883202.393195671,5564240.662125035,2.9999999997808118,25.900260406195166,44.63499748851266,8.353708835784346e-09,74.99999999757975,0.14399999999412585,253.48429597717984,264.0461416428957,203659.12285641604,8.14636491392434,155.6099999886307,798.0,0.0,Sector 2
340,25.900273042213797,44.63500081855575,0.0,1014.5275775848052,1.0145275775848053,69.67817611326672,0.0,0.0,2883205.2064659903,5564241.704003203,3.0000000001043645,25.90028567823242,44.635004148598455,3.273862603236921e-08,74.99999999051488,0.14400000002322094,253.48434466036863,264.04619235455067,203659.16170814837,8.146366469639597,155.61000000541338,798.0,0.0,Sector 2
341,25.90029831425105,44.63500747864115,0.0,1017.5275775845862,1.0175275775845862,69.67817610379825,0.0,0.0,2883208.0197363086,5564242.745881367,2.999999999781039,25.900310950269677,44.635010808683475,9.468465123063652e-09,74.99999999725678,0.14399999999475685,253.48439333102237,264.0462430531483,203659.20054476676,8.146368021494045,155.6099999886425,798.0,0.0,Sector 2
342,25.90032358628831,44.63501413872579,0.0,1020.5275775846906,1.0205275775846905,69.6781761074551,0.0,0.0,2883210.833006628,5564243.787759533,3.0000000001043645,25.90033622230694,44.63501746876773,3.6568508221535012e-09,74.99999999894052,0.14400000000704372,253.48444198896553,264.04629373850577,202990.8928841383,8.119635715762703,155.61000000541338,798.0,0.006265664160401002,Sector 2
343,25.900348858325568,44.63502079880967,0.0,1023.5275775844716,1.0235275775844714,69.6781761068977,0.0,0.0,2883213.6462769466,5564244.829637699,2.999999999781039,25.900361494344196,44.63502412885123,5.574065653490834e-10,74.99999999983851,0.14399999998979993,253.48449063438474,264.0463444108174,200692.68862893395,8.027707544588731,155.6099999886425,798.0,0.02506265664160401,Sector 2
344,25.900374130362827,44.63502745889279,0.0,1026.5275775850123,1.0265275775850125,69.6781760749102,0.0,0.0,2883216.459547266,5564245.871515865,3.0000000005406946,25.900386766381455,44.63503078893397,3.1987497095542494e-08,74.9999999907325,0.14400000004374694,253.48453926702862,264.0463950698215,199257.96357589212,7.97031854545704,155.61000002804582,798.0,0.03508771929824561,Sector 2
345,25.900399402400083,44.63503411897514,0.0,1029.5275775847936,1.0295275775847936,69.67817607435273,0.0,0.0,2883219.272817584,5564246.913394031,2.9999999997812665,25.900412038418715,44.63503744901594,5.574634087679442e-10,74.9999999998385,0.1439999999898109,253.48458788707896,264.04644571570725,198298.3929177127,7.931935716147254,155.6099999886543,798.0,0.041353383458646614,Sector 2
346,25.900424674437343,44.63504077905673,0.0,1032.527577584898,1.032527577584898,69.67817610474299,0.0,0.0,2883222.0860879035,5564247.955272198,3.0000000001043645,25.90043731045597,44.63504410909714,3.039025386897265e-08,74.99999999119525,0.14400000002191463,253.48463649470898,264.0464963486552,198258.6511598751,7.930346047601881,155.61000000541338,798.0,0.041353383458646614,Sector 2
347,25.9004499464746,44.63504743913755,0.0,1035.527577584679,1.035527577584679,69.67817613748161,0.0,0.0,2883224.899358222,5564248.997150363,2.999999999781039,25.900462582493226,44.635050769177575,3.273862603236921e-08,74.99999999051488,0.14400000000770133,253.48468508951515,264.04654696824497,197582.98746889314,7.903319499178422,155.6099999886425,798.0,0.047619047619047616,Sector 2
348,25.900475218511858,44.6350540992176,0.0,1038.52757758446,1.03852757758446,69.67817607219797,0.0,0.0,2883227.712628541,5564250.039028528,2.999999999781039,25.90048785453049,44.635057429257245,6.528364338009851e-08,74.99999998108586,0.14400000002580504,253.48473367176857,264.04659757475895,198316.15131890847,7.93264605417788,155.6099999886425,798.0,0.043859649122807015,Sector 2
349,25.900500490549117,44.6350607592969,0.0,1041.5275775845644,1.0415275775845645,69.67817608946274,0.0,0.0,2883230.52589886,5564251.080906695,3.0000000001043645,25.900513126567745,44.63506408933617,1.7264767393498914e-08,74.999999994998,0.14400000001461333,253.48478224157105,264.0466481683032,199410.91323860912,7.976436530353817,155.61000000541338,798.0,0.03759398496240601,Sector 2
350,25.900525762586373,44.63506741937543,0.0,1044.527577584782,1.044527577584782,69.6781761020307,0.0,0.0,2883233.3391691786,5564252.122784862,3.0000000002175966,25.900538398605,44.63507074941431,1.256796622328693e-08,74.99999999635878,0.1440000000174358,253.48483079897716,264.04669874893455,203659.54964962992,8.146381986971571,155.61000001128673,798.0,0.0,Sector 2
351,25.900551034623632,44.63507407945319,0.0,1047.5275775848863,1.0475275775848862,69.67817611038436,0.0,0.0,2883236.1524394974,5564253.164663027,3.0000000001043645,25.900563670642264,44.635077409491686,8.353651992365485e-09,74.99999999757976,0.14400000000965635,253.48264704837783,264.04442400872693,203659.58838483147,8.146383535939542,155.61000000541338,798.0,0.0,Sector 2
352,25.90057630666089,44.63508073953019,0.0,1050.5275775846674,1.0505275775846674,69.67817610513009,0.0,0.0,2883238.9657098167,5564254.206541194,2.999999999781039,25.90058894267952,44.63508406956831,5.254264578979928e-09,74.99999999847772,0.14399999999241267,253.47362156701928,264.0350224656451,203659.62711398563,8.146385084130195,155.6099999886425,798.0,0.0,Sector 2
353,25.900601578698147,44.63508739960643,0.0,1053.5275775847715,1.0535275775847717,69.67817608440203,0.0,0.0,2883241.7789801355,5564255.248419359,3.000000000104137,25.900614214716775,44.63509072964416,2.0728066374431364e-08,74.9999999939946,0.14400000001652893,253.4577428977431,264.0184821851491,203659.6658308313,8.146386634168321,155.61000000540162,798.0,0.0,Sector 2
354,25.900626850735403,44.6350940596819,0.0,1056.5275775845528,1.0565275775845528,69.67817609040719,0.0,0.0,2883244.5922504542,5564256.290297526,2.9999999997812665,25.90063948675403,44.635097389719256,6.005166142131202e-09,74.99999999826017,0.14399999999284127,253.43501288281564,263.9948050862663,203659.70454134792,8.146388181248936,155.6099999886543,798.0,0.0,Sector 2
355,25.900652122772662,44.635100719756615,0.0,1059.5275775846571,1.059527577584657,69.67817612784262,0.0,0.0,2883247.4055207726,5564257.3321756935,3.0000000001043645,25.900664758791294,44.63510404979358,3.7435427202581195e-08,74.99999998915412,0.1440000000258336,253.4389396364283,263.9988954546128,203659.7432387467,8.146389731011336,155.61000000541338,798.0,0.0,Sector 2
356,25.900677394809925,44.63510737983055,0.0,1062.5275775848747,1.0625275775848748,69.67817604003983,0.0,0.0,2883250.2187910923,5564258.374053857,3.0000000002175966,25.900690030828553,44.63511070986715,8.780278903941507e-08,74.99999997456156,0.14400000005928645,253.5512209251425,264.1158551303568,203659.7819266545,8.146391280420147,155.61000001128673,798.0,0.0,Sector 2
357,25.90070266684718,44.63511403990374,0.0,1065.527577584979,1.065527577584979,69.67817613515626,0.0,0.0,2883253.032061411,5564259.415932026,3.0000000001043645,25.900715302865812,44.63511736993994,9.511643384030322e-08,74.99999997244262,0.14400000005791966,253.72859292389904,264.3006176290615,203659.8206039812,8.146392827435896,155.61000000541338,798.0,0.0,Sector 2
358,25.90072793888444,44.63512069997614,0.0,1068.52757758476,1.0685275775847602,69.67817607222088,0.0,0.0,2883255.84533173,5564260.4578101905,2.9999999997808118,25.900740574903068,44.635124030011966,6.293538490353967e-08,74.99999998176621,0.14400000002448785,253.94725124719952,264.5283867158328,203659.85927314297,8.146394372311043,155.6099999886307,798.0,0.0,Sector 2
359,25.900753210921696,44.6351273600478,0.0,1071.5275775845412,1.0715275775845412,69.67817611808493,0.0,0.0,2883258.6586020486,5564261.499688357,2.9999999997812665,25.900765846940324,44.63513069008324,4.5864055664424086e-08,74.99999998671215,0.14400000001501345,254.15067754486842,264.74028910923795,203659.89792911214,8.146395918013836,155.6099999886543,798.0,0.0,Sector 2
360,25.900778482958952,44.63513402011868,0.0,1074.5275775846455,1.0745275775846457,69.6781760818829,0.0,0.0,2883261.471872367,5564262.541566523,3.0000000001043645,25.90079111897758,44.63513735015374,3.620203870013938e-08,74.99999998951145,0.1440000000251475,254.36420688409748,264.9627155042682,203659.93657806382,8.146397464545203,155.61000000541338,798.0,0.0,Sector 2
361,25.900803754996208,44.635140680188805,0.0,1077.5275775844266,1.0775275775844266,69.67817611040715,0.0,0.0,2883264.2851426858,5564263.583444689,2.999999999781039,25.90081639101484,44.635144010223485,2.8524254958028905e-08,74.99999999173588,0.144000000005357,254.5177982283939,265.1227064879103,203659.97521855764,8.146399009045357,155.6099999886425,798.0,0.0,Sector 2
362,25.90082902703347,44.63514734025816,0.0,1080.5275775849675,1.0805275775849676,69.67817607841943,0.0,0.0,2883267.0984130055,5564264.625322854,3.000000000540922,25.9008416630521,44.635150670292454,3.198772446921794e-08,74.99999999073243,0.144000000043758,254.59410312209332,265.20219075218057,203660.01384976812,8.146400556466219,155.61000002805764,798.0,0.0,Sector 2
363,25.90085429907073,44.63515400032675,0.0,1083.5275775847488,1.0835275775847488,69.67817609755008,0.0,0.0,2883269.9116833243,5564265.667201022,2.9999999997812665,25.900866935089358,44.63515733036066,1.9130652617604937e-08,74.99999999445743,0.14400000000014254,254.43601227786178,265.03751278943935,203615.51817418987,8.144620726975651,155.6099999886543,798.0,0.0,Sector 2
364,25.900879571107986,44.635160660394575,0.0,1086.5275775848531,1.086527577584853,69.67817608808139,0.0,0.0,2883272.7249536426,5564266.709079187,3.0000000001043645,25.900892207126613,44.63516399042811,9.468692496739095e-09,74.99999999725671,0.14400000001027663,254.25768333091773,264.85175346970595,203479.06450331394,8.139162580713407,155.61000000541338,798.0,0.0,Sector 2
365,25.90090484314524,44.63516732046164,0.0,1089.5275775846342,1.0895275775846345,69.67817607626432,0.0,0.0,2883275.5382239614,5564267.750957353,2.999999999781039,25.90091747916387,44.63517065049479,1.1817064660135657e-08,74.99999999657634,0.14399999999606333,254.06050694214917,264.6463613980721,203342.38225608756,8.133695290021144,155.6099999886425,798.0,0.0,Sector 2
366,25.900930115182497,44.635173980527945,0.0,1092.5275775847383,1.0925275775847385,69.6781760958774,0.0,0.0,2883278.35149428,5564268.792835521,3.000000000104137,25.90094275120113,44.635177310560714,1.9613082713476615e-08,74.99999999431765,0.1440000000159087,253.95105210579996,264.53234594354166,203205.73674696445,8.128229470776558,155.61000000540162,798.0,0.0,Sector 2
367,25.90095538721976,44.63518064059348,0.0,1095.527577584956,1.0955275775849562,69.67817612391917,0.0,0.0,2883281.1647646,5564269.834713686,3.0000000002175966,25.90096802323839,44.63518397062586,2.8041768018738367e-08,74.99999999187567,0.14400000002604335,253.94053261349603,264.5213881390584,203069.23161871097,8.122769266217496,155.61000001128673,798.0,0.0,Sector 2
368,25.90098065925702,44.63518730065824,0.0,1098.5275775847372,1.0985275775847372,69.67817609427982,0.0,0.0,2883283.9780349187,5564270.87659185,2.9999999997812665,25.900993295275647,44.635190630690246,2.9639352305821376e-08,74.9999999914128,0.1440000000059882,254.02798755489056,264.61248703634436,202932.70033878207,8.117308013888831,155.6099999886543,798.0,0.0,Sector 2
369,25.901005931294275,44.63519396072225,0.0,1101.5275775848415,1.1015275775848414,69.6781761091961,0.0,0.0,2883286.791305237,5564271.918470017,3.0000000001043645,25.901018567312903,44.635197290753865,1.491628154326463e-08,74.99999999567842,0.14400000001330693,254.20139787532017,264.79312278679186,202796.5349510857,8.111861398793037,155.61000000541338,798.0,0.0,Sector 2
370,25.90103120333153,44.63520062078549,0.0,1104.5275775846226,1.1045275775846226,63.88893297830049,0.0,0.0,2883289.604575556,5564272.960348182,2.999999999781039,25.901043175401668,44.63520479636654,5.789243130895613,73.32272600753787,0.1472940326591439,254.4420550496616,265.04380734339753,202660.6264675567,8.291861370454122,155.6099999886425,798.0,0.0,Sector 2
371,25.9010551474718,44.63520897194758,0.0,1107.4959737402671,1.1074959737402672,51.93210919489394,0.0,0.0,2883292.270025058,5564274.266776403,2.968396155644541,25.901065755867055,44.63521488419103,11.956823783406549,71.53583912250409,0.14938283091948276,254.72800372031713,265.341670541997,202317.0057983694,8.395190852587172,153.97070859328232,798.0,0.0,Sector 2
372,25.90107636426231,44.63522079643448,0.0,1110.4959737402362,1.1104959737402362,51.93210917339224,0.0,0.0,2883294.631867374,5564276.116560408,2.999999999969077,25.901086972657566,44.635226708676726,2.1501698199699604e-08,74.99999999377047,0.14400000001047641,255.03841040075957,265.6650108341246,201842.89778651338,8.073715912047932,155.60999999839603,798.0,0.0,Sector 2
373,25.901097581052827,44.63523262091898,0.0,1113.4959737399977,1.1134959737399976,51.93210916759193,0.0,0.0,2883296.993709691,5564277.966344415,2.999999999761485,25.90110818944808,44.63523853316002,5.8003095659842074e-09,74.99999999831952,0.1439999999917778,255.35619079523568,265.9960320783705,201380.29863762218,8.05521194504495,155.6099999876282,798.0,0.0,Sector 2
374,25.90111879784333,44.63524444540107,0.0,1116.4959737399668,1.116495973739967,51.93210914940198,0.0,0.0,2883299.355552006,5564279.8161284225,2.999999999969077,25.90112940623859,44.63525035764091,1.8189950878877426e-08,74.99999999472996,0.1440000000086342,255.67316985094266,266.3262185947319,200933.19586791273,8.037327835198424,155.60999999839603,798.0,0.0,Sector 2
375,25.90114001463385,44.63525626988076,0.0,1119.4959737399358,1.119495973739936,51.93210916027925,0.0,0.0,2883301.717394322,5564281.665912432,2.999999999969077,25.901150623029103,44.63526218211939,1.0877272416109918e-08,74.99999999684862,0.14400000000456636,255.97333633709158,266.63889201780376,200505.63730720963,8.020225492542712,155.60999999839603,798.0,0.0,Sector 2
376,25.90116123142436,44.635268094358025,0.0,1122.495973739905,1.122495973739905,51.932109160363495,0.0,0.0,2883304.0792366387,5564283.515696437,2.999999999969077,25.901171839819618,44.63527400659546,8.424194675171748e-11,74.9999999999756,0.14399999999856256,256.24213032308757,266.9188857532162,200101.92589329742,8.004077035652,155.60999999839603,798.0,0.0,Sector 2
377,25.90118244821488,44.63527991883289,0.0,1125.4959737402403,1.1254959737402406,51.93210917455258,0.0,0.0,2883306.4410789553,5564285.365480445,3.000000000335376,25.901193056610133,44.63528583106911,1.4189083685778314e-08,74.9999999958891,0.144000000023991,256.46304728050325,267.14900758385755,199725.9581580539,7.989038327653161,155.61000001739598,798.0,0.0,Sector 2
378,25.90120366500539,44.63529174330534,0.0,1128.4959737402096,1.1284959737402096,24.57230873496951,0.0,0.0,2883308.8029212714,5564287.215264452,2.9999999999693046,25.901208851975092,44.63529981548061,27.35980043958307,67.07325021964182,0.16101799099526581,256.6152407179783,267.3075424145607,201476.04184566467,9.011463192129716,155.60999999840783,798.0,0.0,Sector 2
379,25.90121403894479,44.63530788765587,0.0,1131.2730463221774,1.1312730463221774,6.555231257566391,0.0,0.0,2883309.957742923,5564289.7408374725,2.7770725819677864,25.90121557723269,44.63531741349303,18.01707747740312,69.78004727219869,0.14327105936294135,256.6821343645271,267.3772232963824,203449.84066988464,8.096798388887773,144.0467548266691,798.0,0.0,Sector 2
380,25.90121711552059,44.63532693933018,0.0,1134.2730463219325,1.1342730463219324,6.55523125931262,0.0,0.0,2883310.3002257743,5564292.721224274,2.9999999997551186,25.901218653808492,44.635336465164215,1.7462289392256025e-09,74.99999999949408,0.14399999998921706,256.65662350280746,267.3506494820911,205404.46931956723,8.216178772167455,155.609999987298,798.0,0.0,Sector 2
381,25.901220192096392,44.63534599099826,0.0,1137.2730463217404,1.1372730463217404,6.555231251753753,0.0,0.0,2883310.642708626,5564295.701611078,2.9999999998078692,25.901221730384293,44.635355516829165,7.558867309853667e-09,74.99999999781002,0.1439999999949825,256.66145522390093,267.3556825248968,207119.31781922549,8.284772712480343,155.60999999003417,798.0,0.0,Sector 2
382,25.90122326867219,44.63536504266006,0.0,1140.2730463214953,1.1402730463214952,6.555231255878482,0.0,0.0,2883310.985191477,5564298.68199788,2.999999999754891,25.901224806960094,44.63537456848785,4.124729002796812e-09,74.99999999880497,0.14399999999052923,256.6902441237364,267.38567096222545,208460.9312320929,8.33843724873531,155.6099999872862,798.0,0.0,Sector 2
383,25.901226345247995,44.63538409431563,0.0,1143.2730463222283,1.1432730463222285,6.555231266094495,0.0,0.0,2883311.327674329,5564301.662384685,3.0000000007330527,25.901227883535896,44.63539362014028,1.0216012924502138e-08,74.99999999704019,0.14400000004086938,256.74295192131876,267.4405749180404,209364.5352527202,8.374581412485643,155.61000003802343,798.0,0.0,Sector 2
384,25.9012294218238,44.63540314596493,0.0,1146.2730463219834,1.1462730463219837,6.5552312554899,0.0,0.0,2883311.670157181,5564304.642771487,2.9999999997551186,25.9012309601117,44.635412671786455,1.0604594535834622e-08,74.99999999692761,0.14399999999414467,256.82991704188373,267.5311635852956,209852.51120393834,8.394100447816202,155.609999987298,798.0,0.0,Sector 2
385,25.9012324983996,44.63542219760797,0.0,1149.2730463217915,1.1492730463217915,329.5774335864105,0.0,0.0,2883312.0126400325,5564307.62315829,2.9999999998080966,25.90122632018446,44.63542968427494,36.97779766907939,64.28670001819755,0.16799742398119683,256.95754455832207,267.6641089149188,209999.6554478628,9.799833653383281,155.609999990046,798.0,0.0,Sector 2
386,25.90122014196932,44.6354371709419,0.0,1151.9894434680016,1.1519894434680016,312.6985502895362,0.0,0.0,2883310.6371285054,5564309.965546282,2.7163971462100562,25.901210238961802,44.635443673299115,16.878883296874335,70.10980773556297,0.13948162236074457,257.1250639525886,267.8386082839465,209983.707379912,8.135796715187222,140.89951997391563,798.0,0.0,Sector 2
387,25.90120033595429,44.63545017565633,0.0,1154.9894434683742,1.1549894434683745,312.69855030796066,0.0,0.0,2883308.4323329977,5564311.999969238,3.0000000003726655,25.901190432946773,44.63545667801209,1.842448682509712e-08,74.999999994662,0.1440000000281369,257.33145338183874,268.0535972727487,209648.33524843835,8.385933411576108,155.61000001933016,798.0,0.0,Sector 2
388,25.901180529939257,44.63546318036784,0.0,1157.989443467773,1.157989443467773,312.69855030804285,0.0,0.0,2883306.22753749,5564314.034392194,2.999999999398824,25.90117062693174,44.635469682722146,8.219558367272839e-11,74.99999999997618,0.14399999997118929,257.575438891503,268.30774884531564,208977.95819481058,8.359118326119985,155.60999996881702,798.0,0.0,Sector 2
389,25.901160723924225,44.635476185076456,0.0,1160.9894434681455,1.1609894434681458,312.6985502893611,0.0,0.0,2883304.022741982,5564316.068815151,3.000000000372438,25.901150820916705,44.6354826874293,1.8681760138861137e-08,74.99999999458747,0.1440000000282691,257.85548416095764,268.5994626676642,207886.35780375672,8.31545431378269,155.61000001931836,798.0,0.0,Sector 2
390,25.90114091790919,44.63548918978214,0.0,1163.9894434678868,1.1639894434678868,312.69855031258214,0.0,0.0,2883301.8179464736,5564318.103238108,2.9999999997412488,25.901131014901672,44.63549569213353,2.322104819540982e-08,74.99999999327234,0.14400000000049706,258.165227851186,268.9221123449854,206378.64133371424,8.255145653377062,155.60999998657857,798.0,0.0,Sector 2
391,25.90112111189416,44.635502194484914,0.0,1166.9894434682594,1.1669894434682595,312.698550324023,0.0,0.0,2883299.6131509654,5564320.137661065,3.0000000003726655,25.901111208886643,44.63550869683485,1.1440874914114829e-08,74.99999999668532,0.14400000002425212,258.3872514581484,269.15338693557123,204540.26499561314,8.18161060120246,155.61000001933016,798.0,0.0,Sector 2
392,25.901101305879127,44.63551519918479,0.0,1169.9894434682897,1.1699894434682896,312.6985502891864,0.0,0.0,2883297.4083554577,5564322.172084022,3.0000000000302407,25.901091402871607,44.63552170153326,3.4836602935683914e-08,74.99999998990705,0.14400000002083002,258.51034119016543,269.28160540642233,202560.2899274045,8.102411598268215,155.6100000015686,798.0,0.0,Sector 2
393,25.90108149986409,44.63552820388173,0.0,1172.989443468031,1.1729894434680306,312.6985503100093,0.0,0.0,2883295.203559949,5564324.206506979,2.9999999997412488,25.90107159685658,44.635534706228746,2.0822881197091192e-08,74.99999999396714,0.14399999999916305,258.53545795748465,269.3077687057132,203029.09317459716,8.121163726936686,155.60999998657857,798.0,0.0,Sector 2
394,25.901061693849066,44.635541208575766,0.0,1175.9894434684034,1.1759894434684033,299.2580125673696,0.0,0.0,2883292.998764442,5564326.240929936,3.000000000372438,25.901050691462352,44.63554559457077,13.44053774263972,71.10597380508567,0.15188597277277338,258.47462081512265,269.24439668241945,203370.87350280306,8.580328598783854,155.61000001931836,798.0,0.0,Sector 2
395,25.90103968907564,44.63554998056578,0.0,1178.797194849241,1.1787971948492406,267.8750605373881,0.0,0.0,2883290.549204269,5564327.6131991455,2.8077513808375443,25.90102622361237,44.63554962503571,31.38295202998148,65.90765268336008,0.15336466342651486,258.34653828779153,269.11097738311616,203712.1470293248,8.678401351401432,145.6380641240434,798.0,0.0,Sector 2
396,25.901012758149104,44.63554926950564,0.0,1181.7971948493291,1.181797194849329,267.87506057264744,0.0,0.0,2883287.5512672407,5564327.501962585,3.000000000088221,25.90099929268584,44.63554891397557,3.525934744175174e-08,74.99999998978457,0.14400000002384825,258.17316573331124,268.9303809721992,204051.95995364105,8.162078399497391,155.61000000457602,798.0,0.0,Sector 2
397,25.90098582722257,44.63554855844551,0.0,1184.797194848952,1.1847971948489522,267.875060589416,0.0,0.0,2883284.553330212,5564327.390726027,2.999999999622787,25.9009723617593,44.63554820291544,1.676858119026292e-08,74.99999999514176,0.1439999999912216,257.97533663808827,268.7243089980086,204389.06673945644,8.175562669079861,155.60999998043397,798.0,0.0,Sector 2
398,25.900958896296032,44.63554784738537,0.0,1187.7971948490406,1.187797194849041,267.87506058694163,0.0,0.0,2883281.555393183,5564327.279489468,3.0000000000886757,25.900945430832763,44.63554749185529,2.474394023010973e-09,74.99999999928312,0.14400000000563284,257.7701352978833,268.5105576019618,204722.31055324024,8.18889242244993,155.6100000045996,798.0,0.0,Sector 2
399,25.90093196536949,44.635547136325215,0.0,1190.797194849129,1.190797194849129,267.87506056547494,0.0,0.0,2883278.5574561544,5564327.168252909,3.0000000000884484,25.900918499906226,44.63554678079514,2.1466689759108704e-08,74.99999999378062,0.14400000001618674,257.56573676521214,268.29764246376266,205050.66498145394,8.202026600180133,155.61000000458782,798.0,0.0,Sector 2
400,25.90090503444296,44.635546425265055,0.0,1193.7971948492177,1.1937971948492174,267.87506054400825,0.0,0.0,2883275.559519126,5564327.057016351,3.0000000000886757,25.900891568979688,44.63554606973497,2.1466689759108704e-08,74.99999999378062,0.14400000001619767,257.37815227087196,268.102241948825,205373.14822501046,8.214925929924476,155.6100000045996,798.0,0.0,Sector 2
401,25.90087810351642,44.63554571420488,0.0,1196.797194849306,1.196797194849306,267.8750605695208,0.0,0.0,2883272.561582097,5564326.945779789,3.000000000088221,25.900864638053154,44.63554535867479,2.5512576939945575e-08,74.99999999260844,0.14400000001842642,257.22417404111417,267.94184795949394,205688.82901891842,8.22755316180955,155.61000000457602,798.0,0.0,Sector 2
402,25.90085117258989,44.6355450031447,0.0,1199.797194848929,1.199797194848929,267.87506054855555,0.0,0.0,2883269.563645069,5564326.83454323,2.9999999996230144,25.90083770712662,44.635544647614594,2.0965273961337516e-08,74.99999999392588,0.143999999993567,257.12491602715886,267.83845419495714,205905.3447781091,8.236213790756429,155.60999998044576,798.0,0.0,Sector 2
403,25.90082424166335,44.6355442920845,0.0,1202.797194849052,1.202797194849052,267.87506057456955,0.0,0.0,2883266.5657080403,5564326.723306669,3.000000000123009,25.900810776200082,44.6355439365544,2.6013992737716762e-08,74.99999999246316,0.14400000002037516,257.1012361772545,267.81378768464015,205905.41280456417,8.23621651334795,155.6100000063805,798.0,0.0,Sector 2
404,25.900797310736813,44.63554358102431,0.0,1205.7971948491404,1.2057971948491404,267.875060562599,0.0,0.0,2883263.5677710115,5564326.612070112,3.0000000000884484,25.900783845273544,44.6355432254942,1.1970541891059838e-08,74.99999999653187,0.14400000001090432,257.1697089204523,267.8851134588045,205905.4808236254,8.236219233568692,155.61000000458782,798.0,0.0,Sector 2
405,25.900770379810275,44.635542869964105,0.0,1208.7971948492288,1.2087971948492289,267.8750605696207,0.0,0.0,2883260.5698339827,5564326.500833552,3.0000000000884484,25.900756914347006,44.63554251443399,7.021697001619032e-09,74.99999999796566,0.14400000000815147,257.33743193685297,268.05982493422187,205905.54882758565,8.236221953569652,155.61000000458782,798.0,0.0,Sector 2
406,25.900743448883738,44.63554215890389,0.0,1211.7971948493173,1.2117971948493174,267.8750606048801,0.0,0.0,2883257.571896954,5564326.389596992,3.0000000000884484,25.90072998342047,44.63554180337378,3.5259404285170604e-08,74.99999998978456,0.14400000002385918,257.48165944575555,268.210061922662,205905.61682910344,8.236224674528778,155.61000000458782,798.0,0.0,Sector 2
407,25.900716517957203,44.63554144784367,0.0,1214.7971948489403,1.2147971948489402,267.8750605361835,0.0,0.0,2883254.5739599257,5564326.278360435,2.9999999996230144,25.900703052493935,44.63554109231355,6.869657909192028e-08,74.99999998009706,0.14400000002011834,257.6087585102635,268.3424567815245,205905.68481183733,8.23622739362419,155.60999998044576,798.0,0.0,Sector 2
408,25.900689587030666,44.63554073678343,0.0,1217.7971948490288,1.2177971948490287,267.87506058118976,0.0,0.0,2883251.576022897,5564326.167123875,3.0000000000884484,25.900676121567397,44.63554038125332,4.500623163039563e-08,74.99999998696069,0.144000000029281,257.7187545334366,268.4570359723298,205905.7527908386,8.236230113308299,155.61000000458782,798.0,0.0,Sector 2
409,25.900662656104128,44.6355400257232,0.0,1220.7971948491172,1.2207971948491172,267.8750605692192,0.0,0.0,2883248.5780858677,5564326.055887316,3.0000000000884484,25.90064919064086,44.63553967019307,1.1970541891059838e-08,74.99999999653187,0.14400000001090432,257.8117207278426,268.5538757581694,205905.82075423995,8.236232830793286,155.61000000458782,798.0,0.0,Sector 2
410,25.90063572517759,44.63553931466294,0.0,1223.7971948492402,1.2237971948492403,267.8750605477525,0.0,0.0,2883245.580148839,5564325.944650756,3.000000000123009,25.90062225971432,44.635538959132816,2.1466689759108704e-08,74.99999999378062,0.14400000001784566,257.8877927392177,268.6331174366851,205905.88871077346,8.236235549451631,155.6100000063805,798.0,0.0,Sector 2
411,25.900608794251053,44.63553860360268,0.0,1226.797194849329,1.2267971948493286,267.8750605542728,0.0,0.0,2883242.58221181,5564325.833414196,3.0000000000886757,25.900595328787787,44.63553824807255,6.520281203847844e-09,74.99999999811092,0.14400000000788346,257.947164199327,268.6949627076323,205905.9566531214,8.23623826657576,155.6100000045996,798.0,0.0,Sector 2
412,25.90058186332452,44.635537892542416,0.0,1229.7971948489517,1.2297971948489517,267.8750605715428,0.0,0.0,2883239.5842747823,5564325.722177637,2.999999999622787,25.90056839786125,44.63553753701228,1.726999698803411e-08,74.9999999949965,0.1439999999915005,257.99008018999467,268.73966686457777,205906.0245863519,8.236240982967928,155.60999998043397,798.0,0.0,Sector 2
413,25.90055493239798,44.63553718148214,0.0,1232.79719484904,1.2327971948490402,267.8750605783138,0.0,0.0,2883236.586337753,5564325.610941077,3.000000000088221,25.900541466934712,44.635536825952,6.771017524442868e-09,74.99999999803828,0.14400000000800112,258.01683500552946,268.7675364640932,205906.09251114307,8.236243700903351,155.61000000457602,798.0,0.0,Sector 2
414,25.900528001471443,44.63553647042186,0.0,1235.7971948491286,1.2357971948491286,267.87506054735104,0.0,0.0,2883233.5884007243,5564325.499704519,3.0000000000886757,25.900514536008174,44.63553611489171,3.096278078373871e-08,74.99999999102938,0.14400000002148003,258.0277696202348,268.77892668774456,205906.1604253481,8.2362464182425,155.6100000045996,798.0,0.0,Sector 2
415,25.900501070544905,44.63553575936156,0.0,1238.797194849217,1.2387971948492171,267.8750605828611,0.0,0.0,2883230.5904636956,5564325.388467958,3.0000000000884484,25.900487605081636,44.63553540383141,3.551008376234677e-08,74.99999998971192,0.14400000002399863,258.02785471233085,268.77901532534463,205906.22832812203,8.236249134497509,155.61000000458782,798.0,0.0,Sector 2
416,25.900474139618368,44.63553504830126,0.0,1241.7971948493057,1.2417971948493054,267.8750605606423,0.0,0.0,2883227.592526667,5564325.277231399,3.0000000000886757,25.900460674155106,44.6355346927711,2.2218841877474915e-08,74.9999999935627,0.14400000001661606,258.0279397912197,268.7791039491872,205906.2962224105,8.236251849846784,155.6100000045996,798.0,0.0,Sector 2
417,25.90044720869184,44.63553433724095,0.0,1244.797194848963,1.2447971948489631,267.87506056841613,0.0,0.0,2883224.5945896395,5564325.16599484,2.999999999657348,25.900433743228568,44.635533981710786,7.773849119985243e-09,74.99999999774774,0.14399999998787705,258.0280248572202,268.7791925596044,205906.3641045967,8.23625456349048,155.6099999822266,798.0,0.0,Sector 2
418,25.9004202777653,44.635533626180624,0.0,1247.7971948490515,1.2477971948490514,267.8750605754379,0.0,0.0,2883221.59665261,5564325.05475828,3.0000000000884484,25.90040681230203,44.63553327065046,7.0217538450378925e-09,74.99999999796565,0.1440000000081515,258.02810991028815,268.77928115655016,205906.4319772032,8.236257279554357,155.61000000458782,798.0,0.0,Sector 2
419,25.90039334683876,44.6355329151203,0.0,1250.79719484914,1.25079719484914,267.87506056346734,0.0,0.0,2883218.5987155815,5564324.943521721,3.0000000000884484,25.900379881375493,44.63553255959013,1.1970541891059838e-08,74.99999999653187,0.14400000001090432,258.02819495005895,268.7793697396447,205906.49983973728,8.236259994213167,155.61000000458782,798.0,0.0,Sector 2
420,25.900366415912224,44.63553220405996,0.0,1253.7971948492284,1.2537971948492284,267.87506057048904,0.0,0.0,2883215.6007785527,5564324.83228516,3.0000000000884484,25.900352950448955,44.635531848529794,7.021697001619032e-09,74.99999999796566,0.14400000000815147,258.02827997706277,268.7794583094404,205906.56769162827,8.236262708131353,155.61000000458782,798.0,0.0,Sector 2
421,25.90033948498569,44.63553149299962,0.0,1256.7971948493168,1.2567971948493168,267.87506056801465,0.0,0.0,2883212.6028415244,5564324.721048603,3.0000000000884484,25.900326019522417,44.63553113746944,2.474394023010973e-09,74.99999999928312,0.14400000000562194,258.0283649909355,268.7795468655578,205906.6355320409,8.23626542160319,155.61000000458782,798.0,0.0,Sector 2
422,25.90031255405915,44.63553078193926,0.0,1259.79719484894,1.25979719484894,267.8750605940286,0.0,0.0,2883209.604904495,5564324.609812042,2.999999999623242,25.90029908859588,44.635530426409076,2.60139358942979e-08,74.99999999246317,0.1439999999963863,258.02844999178484,268.77963540810924,205906.70336638877,8.23626813444886,155.60999998045753,798.0,0.0,Sector 2
423,25.90028562313261,44.6355300708789,0.0,1262.7971948490283,1.2627971948490282,267.8750605440736,0.0,0.0,2883206.6069674664,5564324.498575484,3.000000000088221,25.90027215766934,44.63552971534871,4.995496283299872e-08,74.99999998552693,0.1440000000320229,258.02853497971296,268.779723937201,205906.77118242148,8.23627084912845,155.61000000457602,798.0,0.0,Sector 2
424,25.900258692206076,44.63552935981853,0.0,1265.7971948491513,1.265797194849151,267.8750605700875,0.0,0.0,2883203.609030438,5564324.387338923,3.000000000123009,25.900245226742804,44.63552900428834,2.601387905087904e-08,74.99999999246319,0.1440000000203751,258.0286199548025,268.77981245291926,205906.8389952738,8.236273560976334,155.6100000063805,798.0,0.0,Sector 2
425,25.90023176127953,44.63552864875815,0.0,1268.7971948492398,1.2687971948492398,267.87506055811696,0.0,0.0,2883200.6110934084,5564324.276102365,3.0000000000884484,25.900218295816266,44.63552829322795,1.1970541891059838e-08,74.99999999653187,0.14400000001090432,258.0287049170288,268.77990095523836,205906.90679492994,8.23627627242089,155.61000000458782,798.0,0.0,Sector 2
426,25.900204830353,44.63552793769775,0.0,1271.7971948493282,1.2717971948493283,267.8750605741334,0.0,0.0,2883197.6131563806,5564324.164865805,3.0000000000884484,25.900191364889736,44.635527582167555,1.601642907189671e-08,74.99999999535969,0.1440000000131549,258.02878986617173,268.7799894439289,205906.97458228914,8.236278984043997,155.61000000458782,798.0,0.0,Sector 2
427,25.900177899426467,44.63552722663736,0.0,1274.7971948489512,1.2747971948489512,267.8750605721604,0.0,0.0,2883194.6152193523,5564324.053629246,2.9999999996230144,25.900164433963198,44.63552687110716,1.9729782252397854e-09,74.99999999942838,0.1439999999830022,258.02887480227224,268.7800779190336,205907.04236542567,8.236281693644829,155.60999998044576,798.0,0.0,Sector 2
428,25.90015096849993,44.63552651557696,0.0,1277.7971948490397,1.2777971948490396,267.875060569686,0.0,0.0,2883191.6172823235,5564323.942392687,3.0000000000884484,25.90013750303666,44.63552616004675,2.474394023010973e-09,74.99999999928312,0.14400000000562194,258.02895972539164,268.7801663806163,205907.11012839671,8.236284405457411,155.61000000458782,798.0,0.0,Sector 2
429,25.90012403757339,44.63552580451654,0.0,1280.797194849128,1.280797194849128,267.87506058620386,0.0,0.0,2883188.619345295,5564323.831156128,3.000000000088221,25.900110572110123,44.63552544898633,1.6517844869667897e-08,74.99999999521441,0.14400000001342295,258.0290446355919,268.7802548287416,205907.1778903356,8.236287116381172,155.61000000457602,798.0,0.0,Sector 2
430,25.900097106646854,44.63552509345612,0.0,1283.7971948492166,1.2837971948492166,267.8750605742333,0.0,0.0,2883185.621408266,5564323.719919569,3.0000000000886757,25.900083641183585,44.635524737925905,1.1970541891059838e-08,74.99999999653187,0.14400000001091523,258.02912953266423,268.7803432631919,205907.24563629105,8.236289826075957,155.6100000045996,798.0,0.0,Sector 2
431,25.90007017572032,44.63552438239569,0.0,1286.797194849305,1.286797194849305,267.87506057150813,0.0,0.0,2883182.6234712377,5564323.60868301,3.0000000000884484,25.900056710257054,44.63552402686547,2.725187187024858e-09,74.99999999921044,0.14400000000576146,258.02921441694804,268.7804316843209,205907.31337253077,8.236292535230778,155.61000000458782,798.0,0.0,Sector 2
432,25.900043244793785,44.63552367133524,0.0,1289.7971948489626,1.2897971948489626,267.87506055029223,0.0,0.0,2883179.625534209,5564323.49744645,2.9999999996575752,25.900029779330517,44.63552331580502,2.121589659509482e-08,74.99999999385328,0.1439999999953653,258.0292992879669,268.78052009163224,205907.3811005638,8.23629524375746,155.60999998223843,798.0,0.0,Sector 2
433,25.900016313867244,44.635522960274784,0.0,1292.797194849051,1.292797194849051,267.87506057630617,0.0,0.0,2883176.62759718,5564323.386209889,3.0000000000884484,25.90000284840397,44.63552260474456,2.60139358942979e-08,74.99999999246317,0.1440000000187162,258.0293841461042,268.7806084855252,205907.44881759895,8.23629795377446,155.61000000458782,798.0,0.0,Sector 2
434,25.899989382940703,44.63552224921433,0.0,1295.7971948491395,1.2957971948491396,267.87506055483954,0.0,0.0,2883173.629660151,5564323.274973331,3.0000000000884484,25.899975917477434,44.6355218936841,2.1466632915689843e-08,74.99999999378063,0.1440000000161867,258.02946899117575,268.78069686580807,205907.51652118572,8.236300661773269,155.61000000458782,798.0,0.0,Sector 2
435,25.89996245201417,44.63552153815386,0.0,1298.797194849228,1.2987971948492278,267.8750605713574,0.0,0.0,2883170.6317231227,5564323.163736771,3.0000000000884484,25.8999489865509,44.63552118262362,1.6517844869667897e-08,74.99999999521441,0.14400000001343385,258.0295538230339,268.780785232327,205907.58421993823,8.236303369565896,155.61000000458782,798.0,0.0,Sector 2
436,25.89993552108763,44.63552082709339,0.0,1301.7971948493164,1.3017971948493163,267.87506054014386,0.0,0.0,2883167.633786094,5564323.052500213,3.0000000000884484,25.899922055624366,44.63552047156314,3.121351710433373e-08,74.99999999095674,0.1440000000216086,258.0296386421278,268.7808735855498,205907.65190615744,8.236306077482237,155.61000000458782,798.0,0.0,Sector 3
437,25.899908590161097,44.6355201160329,0.0,1304.7971948489394,1.3047971948489394,267.8750605948969,0.0,0.0,2883164.635849065,5564322.941263652,2.9999999996230144,25.899895124697828,44.63551976050266,5.475305897562066e-08,74.9999999841368,0.14400000001236202,258.0297234480477,268.7809619250497,205907.71958276813,8.236308784017783,155.60999998044576,798.0,0.0,Sector 3
438,25.89988165923456,44.63551940497241,0.0,1307.7971948490278,1.307797194849028,267.875060554438,0.0,0.0,2883161.6379120364,5564322.830027094,3.0000000000884484,25.89986819377129,44.635519049442166,4.0458928651787573e-08,74.99999998827813,0.1440000000267515,258.0298082410151,268.78105025105737,205907.7872465437,8.236311491391833,155.61000000458782,798.0,0.0,Sector 3
439,25.89985472830802,44.63551869391191,0.0,1310.7971948491509,1.3107971948491508,267.87506057095584,0.0,0.0,2883158.6399750076,5564322.718790535,3.000000000123009,25.899841262844753,44.63551833838166,1.6517844869667897e-08,74.99999999521441,0.14400000001509278,258.0298930211486,268.78113856369646,205907.85490055333,8.236314196885399,155.6100000063805,798.0,0.0,Sector 3
440,25.899827797381484,44.6355179828514,0.0,1313.7971948492393,1.3137971948492393,267.87506057797754,0.0,0.0,2883155.642037979,5564322.607553976,3.0000000000884484,25.899814331918215,44.635517627321136,7.021697001619032e-09,74.99999999796566,0.14400000000815147,258.0299777879722,268.78122686247104,205907.9225443548,8.236316902240416,155.61000000458782,798.0,0.0,Sector 3
441,25.899800866454942,44.63551727179088,0.0,1316.7971948493278,1.3167971948493278,267.87506055600943,0.0,0.0,2883152.64410095,5564322.496317416,3.0000000000884484,25.899787400991677,44.63551691626061,2.196810555687989e-08,74.99999999363534,0.14400000001646565,258.03006254225687,268.78131514818426,205907.9901809054,8.236319608177999,155.61000000458782,798.0,0.0,Sector 3
442,25.899773935528412,44.635516560730345,0.0,1319.7971948489508,1.3197971948489509,267.87506057302875,0.0,0.0,2883149.646163922,5564322.385080855,2.9999999996230144,25.899760470065146,44.63551620520008,1.7019317510857945e-08,74.99999999506912,0.14399999999137197,258.03014728326804,268.7814034200709,205908.05780118995,8.236322311554101,155.60999998044576,798.0,0.0,Sector 3
443,25.89974700460188,44.63551584966981,0.0,1322.7971948490392,1.3227971948490391,267.87506058005044,0.0,0.0,2883146.648226894,5564322.273844296,3.0000000000884484,25.89973353913861,44.63551549413954,7.021697001619032e-09,74.99999999796566,0.14400000000815147,258.0302320114216,268.7814916785642,205908.1254186643,8.236325017212808,155.61000000458782,798.0,0.0,Sector 3
444,25.89972007367534,44.635515138609264,0.0,1325.7971948491277,1.3257971948491276,267.8750605585837,0.0,0.0,2883143.6502898647,5564322.162607737,3.0000000000884484,25.89970660821207,44.63551478307899,2.1466746602527564e-08,74.9999999937806,0.14400000001618676,258.03031672670187,268.78157992364777,205908.1930165649,8.23632772158842,155.61000000458782,798.0,0.0,Sector 3
445,25.8996931427488,44.63551442754871,0.0,1328.797194849216,1.328797194849216,267.8750605656055,0.0,0.0,2883140.6523528355,5564322.051371179,3.0000000000884484,25.899679677285533,44.635514072018424,7.021810688456753e-09,74.99999999796562,0.14400000000815152,258.03040142892297,268.7816681551281,205908.26061146634,8.236330424924896,155.61000000458782,798.0,0.0,Sector 3
446,25.899666211822264,44.63551371648814,0.0,1331.7971948493391,1.3317971948493392,267.87506057237647,0.0,0.0,2883137.654415807,5564321.940134618,3.000000000123009,25.899652746358996,44.63551336095786,6.7709606810240075e-09,74.9999999980383,0.1440000000096709,258.0304861181921,268.78175637311676,205908.32819121852,8.236333128201887,155.6100000063805,798.0,0.0,Sector 3
447,25.89963928089573,44.635513005427576,0.0,1334.797194848962,1.334797194848962,267.87506056065666,0.0,0.0,2883134.656478779,5564321.82889806,2.999999999622787,25.899625815432465,44.63551264989728,1.1719805570464814e-08,74.99999999660452,0.14399999998841312,258.0305707945763,268.78184457768367,205908.39576195859,8.236335829815623,155.60999998043397,798.0,0.0,Sector 3
448,25.899612349969196,44.63551229436699,0.0,1337.7971948490506,1.3377971948490506,267.8750605676784,0.0,0.0,2883131.65854175,5564321.717661499,3.0000000000886757,25.899598884505924,44.6355119388367,7.0217538450378925e-09,74.99999999796565,0.1440000000081624,258.0306554578701,268.78193276861475,205908.4633233445,8.236338533400652,155.6100000045996,798.0,0.0,Sector 3
449,25.89958541904265,44.6355115833064,0.0,1340.797194849139,1.340797194849139,267.875060565204,0.0,0.0,2883128.660604721,5564321.606424941,3.0000000000884484,25.899571953579386,44.63551122777611,2.474394023010973e-09,74.99999999928312,0.14400000000562194,258.03074010805847,268.78202094589426,205908.53087337647,8.23634123525662,155.61000000458782,798.0,0.0,Sector 3
450,25.89955848811612,44.6355108722458,0.0,1343.7971948492277,1.3437971948492275,267.87506057222566,0.0,0.0,2883125.6626676926,5564321.495188381,3.0000000000886757,25.899545022652852,44.6355105167155,7.021640158200171e-09,74.99999999796567,0.14400000000816235,258.0308247453028,268.78210910969045,205908.59841462827,8.236343937052004,155.6100000045996,798.0,0.0,Sector 3
451,25.89953155718958,44.6355101611852,0.0,1346.797194849316,1.346797194849316,267.8750605600044,0.0,0.0,2883122.6647306634,5564321.383951822,3.000000000088221,25.899518091726314,44.63550980565489,1.2221278211654862e-08,74.99999999645922,0.14400000001103289,258.0309093694834,268.78219725987856,205908.66594595398,8.23634663846921,155.61000000457602,798.0,0.0,Sector 3
452,25.899504626263045,44.63550945012458,0.0,1349.797194848939,1.349797194848939,267.8750605672768,0.0,0.0,2883119.666793635,5564321.272715262,2.9999999996230144,25.899491160799776,44.63550909459427,7.272433322214056e-09,74.99999999789301,0.14399999998595012,258.03099398080286,268.78228539666964,205908.73346355621,8.236349337738638,155.60999998044576,798.0,0.0,Sector 3
453,25.899477695336508,44.63550873906395,0.0,1352.797194849062,1.352797194849062,267.8750605742986,0.0,0.0,2883116.6688566064,5564321.161478703,3.000000000123009,25.89946422987324,44.63550838353363,7.0217538450378925e-09,74.99999999796565,0.14400000000981042,258.0310785789915,268.7823735197828,205908.80097637532,8.23635203961615,155.6100000063805,798.0,0.0,Sector 3
454,25.89945076440997,44.63550802800332,0.0,1355.7971948491504,1.3557971948491505,267.8750605718242,0.0,0.0,2883113.6709195776,5564321.050242144,3.0000000000884484,25.8994372989467,44.635507672473,2.474394023010973e-09,74.99999999928312,0.14400000000562194,258.0311631640966,268.7824616292673,205908.8684735082,8.236354739261898,155.61000000458782,798.0,0.0,Sector 3
455,25.899423833483432,44.63550731694268,0.0,1358.7971948492388,1.3587971948492388,267.8750605693497,0.0,0.0,2883110.672982549,5564320.939005584,3.0000000000884484,25.899410368020163,44.635506961412354,2.4744508664298337e-09,74.99999999928309,0.144000000005622,258.0312477363917,268.78254972540805,205908.93596295535,8.236357438839768,155.61000000458782,798.0,0.0,Sector 3
456,25.89939690255689,44.63550660588203,0.0,1361.7971948493273,1.3617971948493273,267.8750605853661,0.0,0.0,2883107.6750455196,5564320.827769025,3.0000000000884484,25.899383437093626,44.635506250351696,1.601637222847785e-08,74.9999999953597,0.14400000001315488,258.031332295361,268.7826378076677,205909.00344237202,8.236360138447315,155.61000000458782,798.0,0.0,Sector 3
457,25.899369971630364,44.63550589482137,0.0,1364.7971948489503,1.3647971948489503,267.87506057389703,0.0,0.0,2883104.6771084922,5564320.716532466,2.9999999996230144,25.899356506167095,44.635505539291046,1.146906924986979e-08,74.99999999667715,0.14399999998828455,258.03141684160016,268.78272587666686,205909.07090987545,8.236362835724938,155.60999998044576,798.0,0.0,Sector 3
458,25.899343040703823,44.63550518376071,0.0,1367.7971948490388,1.3677971948490388,267.87506053343816,0.0,0.0,2883101.679171463,5564320.605295908,3.0000000000884484,25.899329575240557,44.63550482823037,4.045887180836871e-08,74.99999998827815,0.14400000002675148,258.03150137486466,268.7828139321507,205909.13836851687,8.236365536270783,155.61000000458782,798.0,0.0,Sector 3
459,25.89931610977729,44.63550447270003,0.0,1370.7971948491272,1.370797194849127,267.8750606069327,0.0,0.0,2883098.6812344347,5564320.494059347,3.0000000000884484,25.89930264431402,44.63550411716969,7.349456154770451e-08,74.99999997870697,0.14400000004512817,258.0315858950998,268.78290197406227,205909.2058150508,8.236368235183228,155.61000000458782,798.0,0.0,Sector 3
460,25.89928917885075,44.63550376163935,0.0,1373.7971948492157,1.3737971948492156,267.8750605284893,0.0,0.0,2883095.683297406,5564320.382822789,3.0000000000884484,25.899275713387482,44.635503406108995,7.844340643714531e-08,74.99999997727318,0.14400000004788102,258.0316704025005,268.78299000260466,205909.27325264981,8.236370932844643,155.61000000458782,798.0,0.0,Sector 3
461,25.899262247924213,44.63550305057864,0.0,1376.797194849339,1.3767971948493387,267.8750605729941,0.0,0.0,2883092.685360377,5564320.271586228,3.0000000001232365,25.899248782460944,44.63550269504829,4.4504758989205584e-08,74.99999998710597,0.1440000000306719,258.03175489685,268.78307801755204,205909.34067741488,8.23637362885095,155.61000000639228,798.0,0.0,Sector 3
462,25.89923531699768,44.63550233951794,0.0,1379.7971948489617,1.3797971948489616,267.8750605710211,0.0,0.0,2883089.687423349,5564320.160349669,2.999999999622787,25.89922185153441,44.63550198398758,1.9729782252397854e-09,74.99999999942838,0.1439999999829913,258.0318393783476,268.7831660191121,205909.40809579278,8.236376322858858,155.60999998043397,798.0,0.0,Sector 3
463,25.89920838607114,44.63550162845723,0.0,1382.79719484905,1.38279719484905,267.87506058753894,0.0,0.0,2883086.68948632,5564320.049113109,3.000000000088221,25.899194920607872,44.635501272926874,1.6517844869667897e-08,74.99999999521441,0.14400000001342295,258.03192384672815,268.7832540070085,205909.47549894752,8.236379020725655,155.61000000457602,798.0,0.0,Sector 3
464,25.899181455144603,44.63550091739651,0.0,1385.7971948491386,1.3857971948491383,267.87506055657616,0.0,0.0,2883083.6915492914,5564319.9378765505,3.0000000000886757,25.899167989681334,44.635500561866145,3.096278078373871e-08,74.99999999102938,0.14400000002148003,258.03200830212285,268.783341981378,205909.54289637704,8.236381717083686,155.6100000045996,798.0,0.0,Sector 3
465,25.899154524218066,44.63550020633578,0.0,1388.797194849227,1.388797194849227,267.875060573094,0.0,0.0,2883080.6936122626,5564319.82663999,3.0000000000884484,25.899141058754797,44.63549985080541,1.6517844869667897e-08,74.99999999521441,0.14400000001343385,258.03209274449176,268.78342994217894,205909.610278217,8.236384411897049,155.61000000458782,798.0,0.0,Sector 3
466,25.899127593291528,44.63549949527504,0.0,1391.7971948493157,1.3917971948493155,267.8750605513766,0.0,0.0,2883077.695675234,5564319.715403431,3.0000000000886757,25.899114127828263,44.63549913974467,2.1717426079703728e-08,74.99999999370797,0.14400000001633714,258.03217717385337,268.7835178894306,205909.67765375212,8.23638710708452,155.6100000045996,798.0,0.0,Sector 3
467,25.899100662364997,44.6354987842143,0.0,1394.7971948489385,1.3947971948489384,267.8750605491529,0.0,0.0,2883074.697738206,5564319.604166872,2.999999999622787,25.899087196901725,44.63549842868392,2.2236577024159487e-09,74.99999999935575,0.14399999998313073,258.0322615901457,268.78360582306846,205909.74501847706,8.23638979977421,155.60999998043397,798.0,0.0,Sector 3
468,25.899073731438456,44.63549807315354,0.0,1397.7971948490615,1.3977971948490615,267.8750605561746,0.0,0.0,2883071.699801177,5564319.492930313,3.000000000123009,25.899060265975187,44.63549771762316,7.021697001619032e-09,74.99999999796566,0.1440000000098104,258.0323459935474,268.78369374327855,205909.8123701015,8.236392495365184,155.6100000063805,798.0,0.0,Sector 3
469,25.89904680051192,44.63549736209278,0.0,1400.79719484915,1.40079719484915,267.8750605821886,0.0,0.0,2883068.701864148,5564319.3816937525,3.0000000000884484,25.89903333504865,44.63549700656239,2.6013992737716762e-08,74.99999999246316,0.14400000001871624,258.0324303837771,268.78378164976783,205909.87971403621,8.236395189631963,155.61000000458782,798.0,0.0,Sector 3
470,25.89901986958538,44.63549665103201,0.0,1403.7971948492384,1.4037971948492385,267.87506056996733,0.0,0.0,2883065.7039271193,5564319.270457194,3.0000000000884484,25.89900640412211,44.63549629550161,1.2221278211654862e-08,74.99999999645922,0.14400000001104382,258.0325147609659,268.78386954267285,205909.94705009382,8.236397882635426,155.61000000458782,798.0,0.0,Sector 3
471,25.898992938658846,44.63549593997122,0.0,1406.7971948493268,1.4067971948493267,267.875060596232,0.0,0.0,2883062.705990091,5564319.159220635,3.0000000000884484,25.898979473195578,44.63549558444083,2.6264672214892926e-08,74.99999999239053,0.1440000000188557,258.03259912514625,268.78395742202736,205910.01436990855,8.236400575874834,155.61000000458782,798.0,0.0,Sector 3
472,25.89896600773231,44.63549522891044,0.0,1409.79719484895,1.4097971948489498,267.875060546277,0.0,0.0,2883059.708053062,5564319.047984078,2.999999999623242,25.89895254226904,44.63549487338004,4.995501967641758e-08,74.99999998552691,0.14400000000970392,258.03268347627267,268.784045287784,205910.08168460344,8.236403267939178,155.60999998045753,798.0,0.0,Sector 3
473,25.89893907680577,44.63549451784964,0.0,1412.7971948490383,1.4127971948490383,267.875060572291,0.0,0.0,2883056.7101160334,5564318.936747516,3.000000000088221,25.898925611342506,44.63549416231923,2.6013992737716762e-08,74.99999999246316,0.14400000001870533,258.03276781429963,268.78413313989546,205910.14898561672,8.236405960494555,155.61000000457602,798.0,0.0,Sector 3
474,25.898912145879237,44.63549380678883,0.0,1415.7971948491268,1.4157971948491268,267.87506054132814,0.0,0.0,2883053.7121790047,5564318.825510956,3.0000000000884484,25.898898680415968,44.63549345125842,3.096283762715757e-08,74.99999999102937,0.14400000002146915,258.0328521396553,268.7842209788076,205910.2162792541,8.236408652398143,155.61000000458782,798.0,0.0,Sector 3
475,25.898885214952696,44.63549309572801,0.0,1418.7971948492498,1.4187971948492497,267.8750605863344,0.0,0.0,2883050.714241976,5564318.714274396,3.000000000123009,25.89887174948943,44.6354927401976,4.500628847381449e-08,74.99999998696066,0.14400000003093996,258.0329364517415,268.7843088038974,205910.28355882037,8.236411344122507,155.6100000063805,798.0,0.0,Sector 3
476,25.89885828402616,44.63549238466719,0.0,1421.7971948493382,1.4217971948493382,267.8750605741131,0.0,0.0,2883047.716304947,5564318.603037838,3.0000000000884484,25.898844818562893,44.63549202913677,1.2221335055073723e-08,74.99999999645921,0.14400000001104382,258.03302075103204,268.7843966156584,205910.35083107784,8.23641403387479,155.61000000458782,798.0,0.0,Sector 3
477,25.898831353099624,44.63549167360635,0.0,1424.7971948489612,1.4247971948489613,267.8750605623933,0.0,0.0,2883044.7183679184,5564318.491801279,2.9999999996230144,25.898817887636355,44.635491318075935,1.1719805570464814e-08,74.99999999660452,0.14399999998842403,258.03310503718154,268.7844844137308,205910.41808881544,8.236416722890493,155.60999998044576,798.0,0.0,Sector 3
478,25.89880442217309,44.63549096254551,0.0,1427.7971948490497,1.4277971948490498,267.87506059790337,0.0,0.0,2883041.72043089,5564318.3805647185,3.0000000000884484,25.898790956709817,44.635490607015086,3.551008376234677e-08,74.99999998971192,0.14400000002399863,258.0331893105272,268.7845721984658,205910.4853421392,8.236419415058236,155.61000000458782,798.0,0.0,Sector 3
479,25.89877749124655,44.63549025148467,0.0,1430.797194849138,1.430797194849138,267.8750605384522,0.0,0.0,2883038.722493861,5564318.269328161,3.000000000088221,25.89876402578328,44.63548989595424,5.9451167544466443e-08,74.99999998277566,0.14400000003730534,258.0332735708246,268.7846599696089,205910.55257854116,8.236422105275405,155.61000000457602,798.0,0.0,Sector 3
480,25.89875056032001,44.6354895404238,0.0,1433.7971948492266,1.4337971948492263,267.87506058345843,0.0,0.0,2883035.724556832,5564318.1580916,3.0000000000886757,25.89873709485674,44.63548918489337,4.500623163039563e-08,74.99999998696069,0.14400000002929192,258.0333578180716,268.7847477271579,205910.61981081875,8.236424794108174,155.6100000045996,798.0,0.0,Sector 3
481,25.898723629393476,44.63548882936294,0.0,1436.797194849315,1.436797194849315,267.8750605709864,0.0,0.0,2883032.726619804,5564318.046855043,3.0000000000884484,25.89871016393021,44.635488473832496,1.2472014532249887e-08,74.99999999638658,0.1440000000111833,258.03344205250954,268.7848354713641,205910.6870274548,8.236427481737843,155.61000000458782,798.0,0.0,Sector 3
482,25.898696698466946,44.63548811830206,0.0,1439.7971948489726,1.4397971948489725,267.8750605500212,0.0,0.0,2883029.728682776,5564317.9356184825,2.9999999996575752,25.898683233003673,44.63548776277161,2.0965217117918655e-08,74.99999999392591,0.14399999999522586,258.0335262740066,268.7849232020902,205910.7542347926,8.23643016911863,155.60999998223843,798.0,0.0,Sector 3
483,25.898669767540405,44.635487407241165,0.0,1442.797194849061,1.442797194849061,267.87506059502743,0.0,0.0,2883026.7307457468,5564317.824381922,3.0000000000884484,25.898656302077136,44.635487051710726,4.500623163039563e-08,74.99999998696069,0.144000000029281,258.03361048221063,268.7850109189694,205910.821433914,8.236432859031352,155.61000000458782,798.0,0.0,Sector 3
484,25.898642836613867,44.63548669618028,0.0,1445.7971948491495,1.4457971948491497,267.87506053557627,0.0,0.0,2883023.732808718,5564317.713145364,3.0000000000884484,25.898629371150598,44.63548634064983,5.9451167544466443e-08,74.99999998277566,0.14400000003731625,258.0336946775589,268.7850986224572,205910.88862002286,8.236435546935304,155.61000000458782,798.0,0.0,Sector 3
485,25.89861590568733,44.635485985119374,0.0,1448.797194849238,1.448797194849238,267.8750605805825,0.0,0.0,2883020.734871689,5564317.601908804,3.0000000000884484,25.89860244022406,44.63548562958891,4.500623163039563e-08,74.99999998696069,0.144000000029281,258.0337788598214,268.78518631231395,205910.95579628876,8.236438233526346,155.61000000458782,798.0,0.0,Sector 3
486,25.89858897476079,44.63548527405846,0.0,1451.7971948493264,1.4517971948493265,267.8750605588652,0.0,0.0,2883017.7369346605,5564317.490672245,3.0000000000884484,25.898575509297523,44.635484918528,2.1717312392866006e-08,74.999999993708,0.14400000001632615,258.0338630289915,268.7852739885328,205911.02296825987,8.236440919664204,155.61000000458782,798.0,0.0,Sector 3
487,25.898562043834257,44.63548456299754,0.0,1454.7971948489494,1.454797194848949,267.8750605566414,0.0,0.0,2883014.738997632,5564317.379435685,2.9999999996230144,25.89854857837099,44.63548420746707,2.2237713892536703e-09,74.99999999935572,0.1439999999831417,258.03394718525175,268.7853616513039,205911.09012191236,8.236443603912234,155.60999998044576,798.0,0.0,Sector 3
488,25.89853511290772,44.635483851936606,0.0,1457.797194849038,1.4577971948490378,267.8750605636631,0.0,0.0,2883011.741060603,5564317.268199124,3.0000000000886757,25.89852164744445,44.63548349640614,7.021697001619032e-09,74.99999999796566,0.14400000000816238,258.0340313283907,268.785449300407,205911.15726979412,8.236446291258625,155.6100000045996,798.0,0.0,Sector 3
489,25.89850818198118,44.63548314087567,0.0,1460.7971948491609,1.460797194849161,267.8750605611887,0.0,0.0,2883008.743123574,5564317.156962566,3.000000000122782,25.898494716517913,44.6354827853452,2.474394023010973e-09,74.99999999928312,0.14400000000726995,258.0341154586115,268.78553693605363,205911.22440505886,8.236448976618172,155.6100000063687,798.0,0.0,Sector 3
490,25.898481251054644,44.63548242981472,0.0,1463.7971948492493,1.4637971948492494,267.87506057770656,0.0,0.0,2883005.7451865454,5564317.045726006,3.0000000000884484,25.89846778559137,44.63548207428424,1.6517844869667897e-08,74.99999999521441,0.14400000001343385,258.0341995759129,268.7856245582426,205911.29153146225,8.236451662026878,155.61000000458782,798.0,0.0,Sector 3
491,25.898454320128103,44.635481718753766,0.0,1466.7971948493378,1.4667971948493377,267.8750605654853,0.0,0.0,2883002.7472495167,5564316.934489448,3.0000000000884484,25.898440854664834,44.635481363223285,1.2221278211654862e-08,74.99999999645922,0.14400000001104382,258.03428367996923,268.78571216663465,205911.35864668599,8.236454346499112,155.61000000458782,798.0,0.0,Sector 3
492,25.89842738920157,44.6354810076928,0.0,1469.7971948489608,1.4697971948489608,267.8750605822538,0.0,0.0,2882999.749312488,5564316.823252888,2.9999999996230144,25.898413923738303,44.635480652162315,1.676852434684406e-08,74.99999999514178,0.14399999999123247,258.03436777126916,268.7857997617387,205911.4257510542,8.236457029540686,155.60999998044576,798.0,0.0,Sector 3
493,25.898400458275034,44.63548029663183,0.0,1472.7971948490492,1.4727971948490493,267.87506054179494,0.0,0.0,2882996.7513754596,5564316.71201633,3.0000000000884484,25.898386992811766,44.63547994110134,4.045887180836871e-08,74.99999998827815,0.14400000002675148,258.0344518495233,268.7858873432534,205911.49284714015,8.236459715415723,155.61000000458782,798.0,0.0,Sector 3
494,25.898373527348497,44.63547958557085,0.0,1475.7971948491377,1.4757971948491375,267.87506059629726,0.0,0.0,2882993.753438431,5564316.600779769,3.0000000000884484,25.898360061885228,44.63547923004036,5.450232265502564e-08,74.99999998420945,0.14400000003456337,258.03453591469673,268.78597491114243,205911.5599329009,8.236462399292977,155.61000000458782,798.0,0.0,Sector 3
495,25.89834659642196,44.635478874509865,0.0,1478.797194849226,1.4787971948492262,267.8750605745799,0.0,0.0,2882990.755501402,5564316.489543212,3.000000000088221,25.89833313095869,44.63547851897937,2.1717369236284867e-08,74.99999999370799,0.14400000001631527,258.03461996719,268.7860624658229,205911.62700376476,8.236465081083795,155.61000000457602,798.0,0.0,Sector 3
496,25.898319665495425,44.63547816344887,0.0,1481.7971948493146,1.4817971948493145,267.87506052462487,0.0,0.0,2882987.757564374,5564316.378306652,3.0000000000886757,25.89830620003216,44.63547780791836,4.995501967641758e-08,74.99999998552691,0.14400000003204477,258.0347040065189,268.78615000679054,205911.69406710714,8.236467764517178,155.6100000045996,798.0,0.0,Sector 3
497,25.89829273456889,44.635477452387846,0.0,1484.797194848972,1.4847971948489722,267.8750605793779,0.0,0.0,2882984.7596273455,5564316.267070091,2.999999999657348,25.898279269105622,44.63547709685734,5.47530021322018e-08,74.99999998413682,0.14400000001401,258.03478803309423,268.7862375344732,205911.76112073901,8.23647044563091,155.6099999822266,798.0,0.0,Sector 3
498,25.898265803642357,44.63547674132683,0.0,1487.7971948490606,1.4877971948490605,267.8750605958957,0.0,0.0,2882981.7616903167,5564316.155833531,3.0000000000886757,25.898252338179084,44.63547638579632,1.6517844869667897e-08,74.99999999521441,0.14400000001344476,258.0348720466746,268.7863250486194,205911.82816056107,8.236473127191452,155.6100000045996,798.0,0.0,Sector 3
499,25.89823887271581,44.63547603026581,0.0,1490.797194849149,1.490797194849149,267.8750605174524,0.0,0.0,2882978.7637532875,5564316.044596971,3.0000000000884484,25.898225407252546,44.63547567473529,7.844329275030759e-08,74.99999997727322,0.14400000004788094,258.03495604700294,268.7864125489614,205911.89519664584,8.23647581060452,155.61000000458782,798.0,0.0,Sector 3
500,25.89821194178928,44.63547531920477,0.0,1493.7971948492377,1.4937971948492377,267.8750606099392,0.0,0.0,2882975.765816259,5564315.933360413,3.0000000000886757,25.89819847632601,44.635474963674255,9.248680044038338e-08,74.9999999732045,0.1440000000557038,258.0350400344583,268.78650003589405,205911.9622144423,8.236478491763815,155.6100000045996,798.0,0.0,Sector 3
501,25.89818501086274,44.63547460814374,0.0,1496.797194849326,1.496797194849326,267.8750605502373,0.0,0.0,2882972.7678792304,5564315.822123855,3.000000000088221,25.898171545399475,44.63547425261321,5.970190386506147e-08,74.99999998270302,0.14400000003744484,258.0351240089512,268.78658750932414,205912.0292289831,8.236481171301092,155.61000000457602,798.0,0.0,Sector 3
502,25.89815807993621,44.63547389708268,0.0,1499.797194848949,1.499797194848949,267.87506055750976,0.0,0.0,2882969.769942202,5564315.710887294,2.9999999996230144,25.89814461447294,44.63547354155215,7.272433322214056e-09,74.99999999789301,0.14399999998595012,258.0352079702862,268.78667496904814,205912.09622897912,8.236483848355533,155.60999998044576,798.0,0.0,Sector 3
503,25.898131149009668,44.63547318602162,0.0,1502.7971948490374,1.5027971948490373,267.87506056453145,0.0,0.0,2882966.772005173,5564315.599650735,3.0000000000884484,25.8981176835464,44.63547283049108,7.021697001619032e-09,74.99999999796566,0.14400000000815147,258.035291918732,268.78676241534583,205912.16321806287,8.236486529188761,155.61000000458782,798.0,0.0,Sector 3
504,25.89810421808313,44.63547247496055,0.0,1505.7971948491604,1.5057971948491604,267.8750605905454,0.0,0.0,2882963.774068144,5564315.488414176,3.000000000123009,25.898090752619865,44.63547211943001,2.60139358942979e-08,74.99999999246317,0.14400000002037514,258.0353758540089,268.78684984792596,205912.23019997345,8.23648920916435,155.6100000063805,798.0,0.0,Sector 3
505,25.898077287156596,44.635471763899474,0.0,1508.7971948492489,1.508797194849249,267.8750605595826,0.0,0.0,2882960.776131116,5564315.377177617,3.0000000000884484,25.898063821693324,44.63547140836893,3.096278078373871e-08,74.99999999102938,0.14400000002146912,258.03545977641585,268.78693726709986,205912.2971719902,8.236491888107603,155.61000000458782,798.0,0.0,Sector 3
506,25.89805035623005,44.63547105283839,0.0,1511.7971948493373,1.5117971948493374,267.87506057534824,0.0,0.0,2882957.7781940866,5564315.265941057,3.0000000000884484,25.89803689076679,44.63547069730784,1.5765635907882825e-08,74.99999999543235,0.1440000000130154,258.03554368570025,268.78702467260445,205912.364127665,8.236494565851046,155.61000000458782,798.0,0.0,Sector 3
507,25.898023425303524,44.63547034177729,0.0,1514.7971948489603,1.5147971948489602,267.8750605641299,0.0,0.0,2882954.7802570593,5564315.154704497,2.9999999996230144,25.898009959840252,44.63546998624674,1.1218332929274766e-08,74.99999999674979,0.14399999998814508,258.03562758177895,268.7871120643531,205912.43108203213,8.236497242603209,155.60999998044576,798.0,0.0,Sector 3
508,25.897996494376983,44.63546963071619,0.0,1517.7971948490488,1.5177971948490487,267.8750605711516,0.0,0.0,2882951.7823200296,5564315.043467938,3.0000000000884484,25.897983028913714,44.635469275185635,7.021697001619032e-09,74.99999999796566,0.14400000000815147,258.03571146509285,268.78719944280505,205912.4980185256,8.236499921207274,155.61000000458782,798.0,0.0,Sector 3
509,25.89796956345045,44.63546891965508,0.0,1520.7971948491372,1.5207971948491372,267.87506057842404,0.0,0.0,2882948.7843830017,5564314.932231379,3.0000000000884484,25.89795609798718,44.63546856412452,7.272433322214056e-09,74.99999999789301,0.14400000000829094,258.03579533547,268.7872868077813,205912.5649502008,8.236502598482272,155.61000000458782,798.0,0.0,Sector 3
510,25.89794263252391,44.63546820859396,0.0,1523.7971948492257,1.5237971948492255,267.8750605472106,0.0,0.0,2882945.7864459725,5564314.82099482,3.0000000000884484,25.897929167060642,44.63546785306339,3.121346026091487e-08,74.99999999095675,0.14400000002160857,258.03587919269773,268.78737415906016,205912.63186721707,8.236505275924642,155.61000000458782,798.0,0.0,Sector 3
511,25.897915701597373,44.63546749753282,0.0,1526.797194849349,1.5267971948493486,267.8750605822192,0.0,0.0,2882942.7885089437,5564314.709758259,3.0000000001232365,25.897902236134108,44.635467142002256,3.500861112115672e-08,74.99999998985722,0.1440000000253895,258.0359630373161,268.7874614972043,205912.69877481117,8.236507952444668,155.61000000639228,798.0,0.0,Sector 3
512,25.89788877067084,44.63546678647169,0.0,1529.7971948489717,1.5297971948489717,267.8750605517579,0.0,0.0,2882939.7905719155,5564314.598521701,2.999999999622787,25.89787530520757,44.635466430941115,3.046130814254866e-08,74.99999999117468,0.14399999999883842,258.0360468685996,268.78754882145796,205912.7656716453,8.236510626799369,155.60999998043397,798.0,0.0,Sector 3
513,25.8978618397443,44.63546607541054,0.0,1532.79719484906,1.5327971948490602,267.8750605872679,0.0,0.0,2882936.7926348867,5564314.487285141,3.000000000088221,25.897848374281033,44.63546571987996,3.5510026918927906e-08,74.99999998971195,0.14400000002398766,258.0361306871235,268.7876361324203,205912.8325609276,8.236513303809158,155.61000000457602,798.0,0.0,Sector 3
514,25.897834908817764,44.635465364349386,0.0,1535.7971948491486,1.535797194849149,267.8750605847935,0.0,0.0,2882933.794697858,5564314.376048583,3.0000000000886757,25.897821443354495,44.635465008818805,2.474394023010973e-09,74.99999999928312,0.14400000000563284,258.0362144925029,268.7877234296905,205912.89943369277,8.236515977669901,155.6100000045996,798.0,0.0,Sector 3
515,25.897807977891222,44.635464653288224,0.0,1538.797194849237,1.538797194849237,267.87506054433464,0.0,0.0,2882930.7967608287,5564314.264812023,3.0000000000884484,25.897794512427957,44.635464297757636,4.045887180836871e-08,74.99999998827815,0.14400000002675148,258.0362982848935,268.78781071343076,205912.96630295567,8.236518653648362,155.61000000458782,798.0,0.0,Sector 3
516,25.89778104696469,44.63546394222705,0.0,1541.7971948493257,1.5417971948493254,267.8750605606017,0.0,0.0,2882927.7988238004,5564314.153575464,3.0000000000886757,25.897767581501423,44.63546358669646,1.6267051705654012e-08,74.99999999528707,0.14400000001330526,258.03638206452126,268.78789798387635,205913.0331554604,8.236521326979442,155.6100000045996,798.0,0.0,Sector 3
517,25.897754116038158,44.635463231165865,0.0,1544.7971948489485,1.5447971948489485,267.87506055837804,0.0,0.0,2882924.8008867726,5564314.042338904,2.999999999622787,25.89774065057489,44.63546287563527,2.2236577024159487e-09,74.99999999935575,0.14399999998313073,258.03646583109776,268.78798524072687,205913.1000030728,8.236523999158036,155.60999998043397,798.0,0.0,Sector 3
518,25.897727185111616,44.63546252010467,0.0,1547.7971948490715,1.5477971948490714,267.87506056539974,0.0,0.0,2882921.8029497433,5564313.931102344,3.000000000123009,25.897713719648348,44.635462164574065,7.021697001619032e-09,74.99999999796566,0.1440000000098104,258.0365495844577,268.78807248381014,205913.16683736365,8.236526674055687,155.6100000063805,798.0,0.0,Sector 3
519,25.89770025418508,44.63546180904347,0.0,1550.79719484916,1.55079719484916,267.87506057242143,0.0,0.0,2882918.8050127146,5564313.819865786,3.0000000000884484,25.89768678872181,44.63546145351286,7.021697001619032e-09,74.99999999796566,0.14400000000815147,258.0366333250682,268.7881597136127,205913.23365967188,8.236529346853128,155.61000000458782,798.0,0.0,Sector 3
520,25.89767332325854,44.63546109798226,0.0,1553.7971948492484,1.5537971948492484,267.8750605889393,0.0,0.0,2882915.807075686,5564313.708629225,3.0000000000884484,25.897659857795272,44.635460742451656,1.6517844869667897e-08,74.99999999521441,0.14400000001343385,258.03671705245347,268.78824692963906,205913.30047587617,8.236532019803446,155.61000000458782,798.0,0.0,Sector 3
521,25.897646392332003,44.635460386921054,0.0,1556.7971948493368,1.5567971948493369,267.8750605387336,0.0,0.0,2882912.809138657,5564313.597392668,3.0000000000884484,25.897632926868738,44.63546003139044,5.020569915359374e-08,74.99999998545428,0.1440000000321733,258.0368007667831,268.7883341320657,205913.3672811323,8.236534693085533,155.61000000458782,798.0,0.0,Sector 3
522,25.89761946140547,44.63545967585982,0.0,1559.79719484896,1.55979719484896,267.8750605555021,0.0,0.0,2882909.8112016288,5564313.486156107,2.999999999623242,25.8976059959422,44.635459320329204,1.676852434684406e-08,74.99999999514178,0.1439999999912434,258.03688446798054,268.7884213208131,205913.43407243112,8.236537362396387,155.60999998045753,798.0,0.0,Sector 3
523,25.89759253047893,44.63545896479859,0.0,1562.7971948490483,1.5627971948490482,267.87506059101213,0.0,0.0,2882906.8132646,5564313.374919548,3.000000000088221,25.897579065015663,44.63545860926797,3.5510026918927906e-08,74.99999998971195,0.14400000002398766,258.03696815617405,268.78850849601463,205913.50086069742,8.236540035799948,155.61000000457602,798.0,0.0,Sector 3
524,25.897565599552397,44.63545825373735,0.0,1565.7971948491368,1.5657971948491367,267.8750605980339,0.0,0.0,2882903.8153275717,5564313.263682989,3.0000000000884484,25.897552134089125,44.635457898206724,7.0217538450378925e-09,74.99999999796565,0.1440000000081515,258.0370518314679,268.78859565777907,205913.567630753,8.236542705696367,155.61000000458782,798.0,0.0,Sector 3
525,25.897538668625856,44.6354575426761,0.0,1568.7971948492252,1.5687971948492252,267.87506051959053,0.0,0.0,2882900.8173905425,5564313.15244643,3.0000000000884484,25.897525203162587,44.63545718714546,7.844334959372645e-08,74.99999997727319,0.144000000047881,258.0378072875069,268.789382591153,205913.63439399342,8.23654537849844,155.61000000458782,798.0,0.0,Sector 3
526,25.89751173769932,44.63545683161483,0.0,1571.7971948493482,1.5717971948493483,267.8750605833382,0.0,0.0,2882897.8194535137,5564313.04120987,3.000000000123009,25.89749827223605,44.6354564760842,6.374767735906062e-08,74.99999998153086,0.14400000004136518,258.04028852871767,268.79196721741425,205913.70114630082,8.236548048218046,155.6100000063805,798.0,0.0,Sector 3
527,25.897484806772784,44.63545612055356,0.0,1574.7971948489712,1.5747971948489712,267.87506056212226,0.0,0.0,2882894.8215164854,5564312.92997331,2.9999999996230144,25.897471341309515,44.635455765022925,2.121595343851368e-08,74.99999999385327,0.14399999999370644,258.04448644123727,268.7963400429555,205913.7678871735,8.236550715126953,155.60999998044576,798.0,0.0,Sector 3
528,25.897457875846246,44.63545540949228,0.0,1577.7971948490597,1.5777971948490597,267.8750605881362,0.0,0.0,2882891.823579456,5564312.818736751,3.0000000000884484,25.897444410382978,44.63545505396164,2.60139358942979e-08,74.99999999246317,0.1440000000187162,258.0503871436015,268.80248660791824,205913.83462163582,8.23655338593597,155.61000000458782,798.0,0.0,Sector 3
529,25.89743094491971,44.635454698431005,0.0,1580.797194849148,1.5807971948491482,267.87506055717347,0.0,0.0,2882888.8256424274,5564312.707500193,3.000000000088221,25.89741747945644,44.63545434290035,3.096272394031985e-08,74.9999999910294,0.14400000002145819,258.0579987442637,268.81041535860805,205913.90134317402,8.236556054954331,155.61000000457602,798.0,0.0,Sector 3
530,25.89740401399317,44.6354539873697,0.0,1583.7971948492366,1.5837971948492366,267.8750605926835,0.0,0.0,2882885.8277053987,5564312.596263632,3.0000000000886757,25.897390548529906,44.63545363183905,3.5510026918927906e-08,74.99999998971195,0.14400000002400948,258.07414650951426,268.8272359474107,205913.96805152166,8.236558723434161,155.6100000045996,798.0,0.0,Sector 3
531,25.897377083066637,44.6354532763084,0.0,1586.797194849325,1.5867971948493251,267.8750605424778,0.0,0.0,2882882.8297683704,5564312.485027073,3.0000000000884484,25.897363617603368,44.63545292077774,5.020569915359374e-08,74.99999998545428,0.1440000000321733,258.1026562163741,268.85693355872303,205914.03475284402,8.236561391954027,155.61000000458782,798.0,0.0,Sector 3
532,25.8973501521401,44.635452565247085,0.0,1589.797194848948,1.589797194848948,267.87506054975023,0.0,0.0,2882879.8318313416,5564312.373790514,2.9999999996230144,25.89733668667683,44.63545220971642,7.272433322214056e-09,74.99999999789301,0.14399999998595012,258.1431610115832,268.89912605373246,205914.10144336824,8.236564056931105,155.60999998044576,798.0,0.0,Sector 3
533,25.89732322121356,44.63545185418576,0.0,1592.797194849071,1.5927971948490711,267.87506058526026,0.0,0.0,2882876.833894313,5564312.262553954,3.000000000123009,25.897309755750292,44.6354514986551,3.5510026918927906e-08,74.99999998971195,0.1440000000256575,258.19516912580156,268.95330117271,205914.16811940196,8.23656672624363,155.6100000063805,798.0,0.0,Sector 3
534,25.897296290287024,44.63545114312444,0.0,1595.7971948491595,1.5957971948491596,267.87506055429753,0.0,0.0,2882873.835957284,5564312.151317396,3.0000000000884484,25.897282824823755,44.63545078759377,3.096272394031985e-08,74.9999999910294,0.1440000000214691,258.2583129113367,269.01907594930907,205914.2347890893,8.236569392791557,155.61000000458782,798.0,0.0,Sector 3
535,25.89726935936049,44.635450432063095,0.0,1598.797194849248,1.598797194849248,267.87506058006073,0.0,0.0,2882870.838020256,5564312.040080835,3.0000000000884484,25.89725589389722,44.63545007653242,2.5763199573702877e-08,74.99999999253582,0.14400000001857674,258.3321901213744,269.0960313764317,205914.30144667876,8.236572058929704,155.61000000458782,798.0,0.0,Sector 3
536,25.89724242843395,44.63544972100175,0.0,1601.7971948493364,1.6017971948493364,267.8750605585941,0.0,0.0,2882867.840083227,5564311.928844277,3.0000000000884484,25.897228962970686,44.63544936547107,2.1466632915689843e-08,74.99999999378063,0.1440000000161867,258.41638476135745,269.18373412641404,205914.36809692252,8.236574724802752,155.61000000458782,798.0,0.0,Sector 3
537,25.897215497507418,44.63544900994039,0.0,1604.7971948489594,1.6047971948489594,267.87506056586653,0.0,0.0,2882864.8421461987,5564311.817607717,2.9999999996230144,25.89720203204415,44.63544865440971,7.272433322214056e-09,74.99999999789301,0.14399999998595012,258.5104795739719,269.28174955622075,205927.83701962358,8.237113479981273,155.60999998044576,798.0,0.0,Sector 3
538,25.89718856658088,44.63544829887903,0.0,1607.797194849048,1.607797194849048,267.87506056339214,0.0,0.0,2882861.84420917,5564311.706371158,3.0000000000886757,25.89717510111761,44.63544794334834,2.474394023010973e-09,74.99999999928312,0.14400000000563284,258.61404383646124,269.3896289963138,205962.33332308213,8.238493333245549,155.6100000045996,798.0,0.0,Sector 3
539,25.897161635654346,44.63544758781765,0.0,1610.7971948491363,1.6107971948491362,267.8750605609177,0.0,0.0,2882858.846272141,5564311.595134598,3.000000000088221,25.897148170191073,44.635447232286964,2.4744508664298337e-09,74.99999999928309,0.14400000000561108,258.7266341965726,269.5069106214298,205996.6477884583,8.239865911859413,155.61000000457602,798.0,0.0,Sector 3
540,25.897134704727804,44.63544687675627,0.0,1613.7971948492593,1.613797194849259,267.87506057743553,0.0,0.0,2882855.8483351124,5564311.483898038,3.000000000123009,25.897121239264536,44.635446521225575,1.6517844869667897e-08,74.99999999521441,0.14400000001509278,258.8483150588933,269.6336615196806,206030.68531512312,8.241227413468689,155.6100000063805,798.0,0.0,Sector 3
541,25.897107773801267,44.63544616569488,0.0,1616.7971948493478,1.6167971948493478,267.87506059370264,0.0,0.0,2882852.8503980837,5564311.37266148,3.0000000000884484,25.897094308337998,44.635445810164185,1.6267108549072873e-08,74.99999999528706,0.14400000001329438,258.9801717385487,269.77101222765486,206064.88458867162,8.24259538430784,155.61000000458782,798.0,0.0,Sector 3
542,25.897080842874733,44.63544545463349,0.0,1619.7971948489708,1.619797194848971,267.87506053450227,0.0,0.0,2882849.852461055,5564311.261424922,2.9999999996230144,25.897067377411464,44.63544509910278,5.920037438045256e-08,74.99999998284832,0.1440000000148359,259.1214728347925,269.9182008695755,206235.24791982048,8.24940991764272,155.60999998044576,798.0,0.0,Sector 3
543,25.897053911948195,44.63544474357207,0.0,1622.7971948490592,1.6227971948490592,267.8750605795084,0.0,0.0,2882846.854524026,5564311.150188361,3.0000000000884484,25.897040446484926,44.635444388041364,4.500611794355791e-08,74.99999998696072,0.14400000002928096,259.2714983650339,270.07447746357695,206481.93548921897,8.259277421248203,155.61000000458782,798.0,0.0,Sector 3
544,25.897026981021657,44.635444032510655,0.0,1625.7971948491477,1.6257971948491476,265.9022998013701,0.0,0.0,2882843.8565869974,5564311.038951801,3.0000000000884484,25.897013553110714,44.63544334797018,1.9727607781383085,74.42844681563601,0.14510580916824317,259.42952321725164,270.23908668463713,206721.30432409226,8.332350593406114,155.61000000458782,798.0,0.0,Sector 3
545,25.89700012519977,44.635442663429714,0.0,1628.7944332859986,1.6287944332859985,262.8383047093432,0.0,0.0,2882840.8670105804,5564310.82477642,2.997238436850921,25.896986755596984,44.63544146803001,3.0639950920268575,74.11229168223011,0.1455906723128688,259.59180079921146,270.4081258325119,206950.86235453282,8.369476440534566,155.4667577194573,798.0,0.0,Sector 3
546,25.896973385994198,44.6354402726303,0.0,1631.7944332859531,1.6317944332859533,262.8383047295982,0.0,0.0,2882837.8904158315,5564310.4507661285,2.9999999999545253,25.896960016391404,44.63543907723055,2.025495859925286e-08,74.99999999413168,0.1440000000090844,259.75632518588185,270.57950540196026,207173.08580255893,8.286923432625153,155.60999999764124,798.0,0.0,Sector 3
547,25.896946646788606,44.6354378818308,0.0,1634.794433286254,1.6347944332862538,262.83830467021,0.0,0.0,2882834.913821081,5564310.07675584,3.0000000003008154,25.896933277185816,44.63543668643099,5.938818503636867e-08,74.99999998279391,0.14400000004747485,259.9230346896173,270.753161135018,207387.28441268308,8.295491379242243,155.6100000156033,798.0,0.0,Sector 3
548,25.89691990758303,44.63543549103118,0.0,1637.7944332862087,1.6377944332862089,262.8383047187505,0.0,0.0,2882831.9372263323,5564309.7027455475,2.9999999999547526,25.89690653798024,44.63543429563133,4.854052804148523e-08,74.99999998593671,0.14400000002482966,260.0918559784433,270.92901664421174,207593.1839283598,8.303727358566194,155.609999997653,798.0,0.0,Sector 3
549,25.89689316837745,44.635433100231474,0.0,1640.7944332861634,1.6407944332861637,242.38076599855228,0.0,0.0,2882828.9606315824,5564309.3287352575,2.9999999999547526,25.896881680381682,44.63542882307242,20.457538720198244,69.07299074000588,0.15635633963626736,260.264364755926,271.1087132874229,207790.7591424108,9.024834030485728,155.609999997653,798.0,0.0,Sector 3
550,25.89687019238592,44.63542454591335,0.0,1643.6810442364815,1.6436810442364818,230.19458212892064,0.0,0.0,2882826.402955905,5564307.990520812,2.8866109503180724,25.896859840790192,44.63541840751908,12.186183869631634,71.46938834494368,0.14540210377888677,260.4408875213547,271.2925911680778,207979.74143065565,8.40019220761284,149.7285099929984,798.0,0.0,Sector 3
551,25.896849489194462,44.63541226912481,0.0,1646.68104423593,1.64668104423593,230.1945821144738,0.0,0.0,2882824.0982871745,5564306.069973483,2.9999999994483915,25.896839137598736,44.63540613072924,1.4446840168602648e-08,74.99999999581442,0.1439999999815591,260.61995794312156,271.4791228574183,208159.87883052326,8.326395152154639,155.60999997138805,798.0,0.0,Sector 3
552,25.89682878600301,44.63539999233367,0.0,1649.681044236332,1.649681044236332,230.194582127614,0.0,0.0,2882821.793618444,5564304.149426154,3.0000000004019967,25.896818434407276,44.635393853936804,1.3140208920958685e-08,74.99999999619298,0.14400000002660532,260.80119678829516,271.6679133211408,208341.30109047028,8.333652045158528,155.61000002085154,798.0,0.0,Sector 3
553,25.896808082811543,44.635387715539935,0.0,1652.6810442363762,1.6526810442363762,230.1945821234385,0.0,0.0,2882819.488949712,5564302.228878825,3.000000000044338,25.896797731215816,44.63538157714177,4.175518597548944e-09,74.99999999879026,0.1440000000044509,260.98423198177505,271.8585749810157,208544.37538076015,8.341775015488233,155.61000000229978,798.0,0.0,Sector 3
554,25.89678737962009,44.6353754387436,0.0,1655.6810442364206,1.6556810442364205,230.19458209872016,0.0,0.0,2882817.184280982,5564300.308331496,3.000000000044338,25.896777028024367,44.63536930034414,2.4718332269912935e-08,74.99999999283854,0.1440000000158782,261.16868356900017,272.05071205104184,208732.8582132392,8.349314329450204,155.61000000229978,798.0,0.0,Sector 3
555,25.89676667642864,44.63536316194467,0.0,1658.681044236465,1.658681044236465,230.19458212510284,0.0,0.0,2882814.8796122517,5564298.387784166,3.000000000044338,25.89675632483291,44.635357023543904,2.6382679152447963e-08,74.99999999235635,0.14400000001680405,261.3470755492107,272.23653703042777,208906.97737983704,8.356279096168626,155.61000000229978,798.0,0.0,Sector 3
556,25.89674597323718,44.63535088514315,0.0,1661.6810442365093,1.6616810442365093,230.19458210038448,0.0,0.0,2882812.5749435206,5564296.467236839,3.000000000044338,25.896735621641454,44.63534474674108,2.4718360691622365e-08,74.99999999283854,0.1440000000158782,261.5146328951356,272.41107593243294,209066.63055458822,8.362665223105648,155.61000000229978,798.0,0.0,Sector 3
557,25.896725270045728,44.63533860833902,0.0,1664.6810442365536,1.6646810442365536,230.1945821340672,0.0,0.0,2882810.2702747905,5564294.5466895085,3.000000000044338,25.89671491845,44.63533246993566,3.368270995451894e-08,74.99999999024136,0.1440000000208648,261.67160562133785,272.5745891888936,209151.53920346615,8.36606156935084,155.61000000229978,798.0,0.0,Sector 3
558,25.89670456685427,44.6353263315323,0.0,1667.6810442360018,1.6676810442360015,230.19458211232,0.0,0.0,2882807.96560606,5564292.6261421805,2.999999999448164,25.896694215258545,44.63532019312764,2.174718360947736e-08,74.99999999369935,0.14399999998560914,261.81837739350163,272.7274764515642,209196.4296334763,8.367857184502801,155.60999997137628,798.0,0.0,Sector 3
559,25.89668386366282,44.63531405472298,0.0,1670.681044236046,1.670681044236046,225.8901936220892,0.0,0.0,2882805.6609373298,5564290.705594852,3.000000000044338,25.896674256903076,44.63530742780552,4.304388490230792,73.75292180603225,0.14643487655395215,261.95634412756755,272.87119179954954,209240.0893886109,8.51112407215532,155.61000000229978,798.0,0.0,Sector 3
560,25.89666465014333,44.63530080088806,0.0,1673.6598994790136,1.6736598994790135,215.13799997464267,0.0,0.0,2882803.522098123,5564288.632205017,2.9788552429674837,25.896656894794365,44.63529295969411,10.752193647446546,71.88484757695973,0.14918135373664088,262.0857211738166,273.00595955605894,209282.2861587576,8.672504100628469,154.51322145272337,798.0,0.0,Sector 3
561,25.8966491394454,44.63528511850016,0.0,1676.6598994790363,1.6766598994790365,215.13799998835876,0.0,0.0,2882801.7954551284,5564286.178900311,3.0000000000227374,25.89664138409644,44.6352772773041,1.371608959743753e-08,74.99999999602613,0.1440000000087212,262.20623676794816,273.1314966332793,209355.91820770424,8.374236728815362,155.6100000011794,798.0,0.0,Sector 3
562,25.896633628747477,44.63526943610803,0.0,1679.6598994790595,1.6796598994790597,215.1379999856065,0.0,0.0,2882800.0688121333,5564283.725595609,3.000000000023192,25.896625873398513,44.63526159490985,2.7522446544026025e-09,74.99999999920261,0.1440000000026442,262.3175475653617,273.2474453805851,209449.4661899244,8.377978647750824,155.610000001203,798.0,0.0,Sector 3
563,25.89661811804955,44.63525375371167,0.0,1682.6598994790825,1.6826598994790825,215.1380000049733,0.0,0.0,2882798.3421691386,5564281.272290908,3.0000000000229647,25.896610362700585,44.635245912511365,1.9366780179552734e-08,74.99999999438901,0.1440000000118754,262.41953925833286,273.3536867274301,209534.7882373315,8.381391530184455,155.61000000119117,798.0,0.0,Sector 3
564,25.896602607351618,44.63523807131106,0.0,1685.6598994791054,1.6856598994791054,215.13799996934523,0.0,0.0,2882796.6155261425,5564278.8189862035,3.0000000000229647,25.896594852002654,44.63523023010863,3.5628062278192374e-08,74.99999998967775,0.14400000002092103,262.5125381465767,273.4505605693507,209612.36274967162,8.384494511204991,155.61000000119117,798.0,0.0,Sector 3
565,25.89658709665369,44.63522238890621,0.0,1688.6598994791284,1.6886598994791284,215.1379999994687,0.0,0.0,2882794.8888831474,5564276.365681499,3.0000000000229647,25.896579341304722,44.635214547701665,3.012345928254945e-08,74.99999999127256,0.14400000001785898,262.5964385445104,273.5379568171984,209682.2374250464,8.38728949804206,155.61000000119117,798.0,0.0,Sector 3
566,25.89657158595576,44.63520670649712,0.0,1691.6598994791514,1.6916598994791514,215.13799998030868,0.0,0.0,2882793.1622401522,5564273.912376796,3.0000000000229647,25.8965638306068,44.63519886529046,1.9160012243446545e-08,74.99999999444891,0.1440000000117604,262.67012807569165,273.61471674551217,209744.69375381325,8.389787750837721,155.61000000119117,798.0,0.0,Sector 3
567,25.89655607525784,44.6351910240838,0.0,1694.6598994791743,1.6946598994791744,215.13799999414556,0.0,0.0,2882791.435597158,5564271.4590720935,3.0000000000229647,25.896548319908874,44.635183182875025,1.3836881862516748e-08,74.99999999599115,0.1440000000087993,262.7343065629539,273.68156933641035,209794.16792502074,8.391766717513622,155.61000000119117,798.0,0.0,Sector 3
568,25.89654056455991,44.63517534166624,0.0,1697.6598994791973,1.6976598994791974,202.6673149427085,0.0,0.0,2882789.7089541624,5564269.005767389,3.0000000000229647,25.896535471337174,44.63516666356688,12.470685051437073,71.38696195132404,0.15128813028136381,262.789595019268,273.7391614784042,209824.70454041992,8.817774232433255,155.61000000119117,798.0,0.0,Sector 3
569,25.89653037811444,44.63515798546752,0.0,1700.6023224257185,1.7006023224257183,192.53177035151205,0.0,0.0,2882788.5750042396,5564266.290622759,2.9424229465212193,25.89652745435557,44.635148625354375,10.135544591196435,72.06350468310283,0.146991499428977,262.83654577537834,273.7880685160191,209852.91021182772,8.568498314325288,152.62347823605563,798.0,0.0,Sector 3
570,25.8965245305967,44.63513926524122,0.0,1703.6023224256758,1.7036023224256758,192.53177033983525,0.0,0.0,2882787.9240615424,5564263.36209521,2.9999999999572537,25.896521606837837,44.635129905125055,1.1676803524096613e-08,74.99999999661696,0.1440000000044436,262.8786491287581,273.8319261757897,209878.9592092004,8.395158368627083,155.60999999778275,798.0,0.0,Sector 3
571,25.89651868307897,44.635120545008895,0.0,1706.602322425532,1.706602322425532,192.5317703434221,0.0,0.0,2882787.273118846,5564260.433567661,2.9999999998563,25.896515759320103,44.63511118488971,3.586848151826416e-09,74.9999999989608,0.14399999999509766,262.9173652235584,273.8722554412067,209925.52214717344,8.397020885601076,155.60999999254625,798.0,0.0,Sector 3
572,25.896512835561232,44.63510182477053,0.0,1709.6023224253884,1.7096023224253885,192.53177034783943,0.0,0.0,2882786.6221761494,5564257.505040112,2.9999999998563,25.89650991180236,44.635092464648324,4.417330501382821e-09,74.9999999987202,0.1439999999955596,262.95216590891573,273.90850615512056,209968.35648535157,8.398734259155082,155.60999999254625,798.0,0.0,Sector 3
573,25.89650698804349,44.63508310452611,0.0,1712.6023224253458,1.712602322425346,192.5317703444101,0.0,0.0,2882785.9712334517,5564254.576512562,2.999999999957481,25.896504064284628,44.63507374440089,3.429335038163117e-09,74.99999999900645,0.1439999999998667,262.9825444774476,273.9401504973413,209997.47003128502,8.399898801243621,155.60999999779455,798.0,0.0,Sector 3
574,25.89650114052576,44.63506438427567,0.0,1715.602322425202,1.7156023224252022,192.5317703488273,0.0,0.0,2882785.320290756,5564251.647985014,2.9999999998560725,25.896498216766886,44.63505502414742,4.4172168145451e-09,74.99999999872023,0.14399999999554863,263.0078158605951,273.96647485478655,210011.40955081055,8.400456381772743,155.60999999253448,798.0,0.0,Sector 3
575,25.896495293008016,44.63504566401917,0.0,1718.602322426069,1.7186023224260687,192.53177033921224,0.0,0.0,2882784.6693480583,5564248.719457463,3.000000000866976,25.896492369249145,44.63503630388791,9.615064300305676e-09,74.9999999972143,0.14400000004696337,263.0272280927801,273.98669592997925,210014.47570543026,8.400579030956942,155.61000004497004,798.0,0.0,Sector 3
576,25.89648944549028,44.63502694375665,0.0,1721.602322425925,1.721602322425925,192.531770351877,0.0,0.0,2882784.018405361,5564245.790929915,2.9999999998560725,25.89648652173141,44.63501758362237,1.2664742143897456e-08,74.99999999633074,0.14400000000013646,263.04110193294343,274.0011478468161,210015.2066509879,8.400608266047472,155.60999999253448,798.0,0.0,Sector 3
577,25.89648359797254,44.635008223488086,0.0,1724.6023224258824,1.7246023224258824,192.5317703463856,0.0,0.0,2882783.3674626644,5564242.862402366,2.999999999957481,25.896480674213674,44.63499886335079,5.491386900757789e-09,74.99999999840902,0.14400000000101376,263.04972999463337,274.0101354110764,210015.11402924822,8.400604561229068,155.60999999779455,798.0,0.0,Sector 3
578,25.896477750454807,44.63498950321348,0.0,1727.6023224257387,1.7276023224257389,169.28817230593154,0.0,0.0,2882782.7165199677,5564239.933874818,2.9999999998563,25.896480200147398,44.63498028804344,23.24359804045406,68.26580666884752,0.1582051180010616,263.0534046304035,274.01396315667034,210014.48152782588,9.229268286678188,155.60999999254625,798.0,0.0,Sector 3
579,25.89648264983999,44.6349710728734,0.0,1730.536624632681,1.730536624632681,163.12576727216538,0.0,0.0,2882783.2619170314,5564237.05070443,2.9343022069422204,25.89648656117413,44.634961897134055,6.162405033766163,73.21461260816753,0.1442811423660196,263.05240019525934,274.0129168700618,210013.2190341212,8.416929765057803,152.20225547409296,798.0,0.0,Sector 3
580,25.896490472508265,44.63495272139471,0.0,1733.5366246324702,1.7335366246324702,163.12576727765918,0.0,0.0,2882784.1327324808,5564234.17987172,2.9999999997892246,25.89649438384241,44.63494354565246,5.493802746059373e-09,74.99999999840833,0.1439999999929388,263.0472670725943,274.0075698672857,210009.98208330237,8.400399282920178,155.6099999890671,798.0,0.0,Sector 3
581,25.89649829517655,44.634934369910205,0.0,1736.5366246332858,1.7365366246332858,163.12576726851137,0.0,0.0,2882785.0035479306,5564231.309039008,3.0000000008155894,25.896502206510686,44.634925194165056,9.147811397269834e-09,74.99999999734968,0.1440000000442369,263.03785099488954,273.99776145300996,210003.29813899045,8.400131928140148,155.61000004230462,798.0,0.0,Sector 3
582,25.896506117844822,44.63491601841991,0.0,1739.536624633075,1.739536624633075,163.12576726753423,0.0,0.0,2882785.8743633796,5564228.438206298,2.9999999997892246,25.896510029178966,44.63490684267185,9.771383702172898e-10,74.9999999997169,0.14399999999042631,263.02322313394814,273.98252409786267,209991.50110339295,8.399660043577276,155.6099999890671,798.0,0.0,Sector 3
583,25.89651394051311,44.6348976669238,0.0,1742.5366246329993,1.7425366246329992,163.12576727960322,0.0,0.0,2882786.74517883,5564225.567373587,2.9999999999242846,25.896517851847246,44.634888491172845,1.2068994692526758e-08,74.99999999650333,0.14400000000307925,263.0045718909294,273.9630957197181,209968.8157247423,8.398752629169293,155.60999999607264,798.0,0.0,Sector 3
584,25.896521763181383,44.63487931542189,0.0,1745.5366246327883,1.7455366246327886,163.1257672638803,0.0,0.0,2882787.615994279,5564222.696540877,2.9999999997889972,25.896525674515527,44.63487013966804,1.5722918078608927e-08,74.99999999544471,0.143999999998618,262.98147873582576,273.9390403498185,209934.3630614894,8.397374522379,155.60999998905527,798.0,0.0,Sector 3
585,25.89652958584967,44.63486096391418,0.0,1748.5366246327128,1.7485366246327128,163.12576728698275,0.0,0.0,2882788.486809729,5564219.825708166,2.999999999924512,25.89653349718381,44.63485178815742,2.3102444401956745e-08,74.9999999933067,0.14400000000922772,262.9540340630582,273.91045214901897,209888.3386009688,8.395533544576752,155.6099999960844,798.0,0.0,Sector 3
586,25.896537408517947,44.63484261240066,0.0,1751.536624632502,1.751536624632502,163.12576726022667,0.0,0.0,2882789.357625178,5564216.954875454,2.9999999997892246,25.89654131985209,44.634833436641,2.675608357094461e-08,74.99999999224816,0.1440000000047663,262.9228276960046,273.8779455166715,209860.0823014953,8.394403292337657,155.6099999890671,798.0,0.0,Sector 3
587,25.89654523118623,44.63482426088134,0.0,1754.5366246333176,1.7545366246333176,150.5397552299819,0.0,0.0,2882790.2284406284,5564214.084042743,3.0000000008155894,25.896551776105127,44.63481601568157,12.586012030244774,71.35354913071696,0.15135897421375547,262.88852068482714,273.84220904669496,209836.74022201568,8.822409375656271,155.61000004230462,798.0,0.0,Sector 3
588,25.896558321024028,44.63480777048181,0.0,1757.499407067771,1.757499407067771,144.0608469946688,0.0,0.0,2882791.6855947063,5564211.504356378,2.962782434453402,25.89656622968869,44.634800007151945,6.478908235313099,73.12291450938626,0.1458642182904666,262.8515568049217,273.8037050051268,209811.57134859034,8.50111134529349,153.67952487509797,798.0,0.0,Sector 3
589,25.896574138353355,44.63479224382208,0.0,1760.499407067653,1.760499407067653,144.06084702170284,0.0,0.0,2882793.446371753,5564209.075433946,2.999999999881993,25.896582047018015,44.634784480490126,2.7034047889173962e-08,74.99999999216763,0.14400000000937382,262.8119502900866,273.76244821884023,209784.49258038533,8.391379703761661,155.609999993879,798.0,0.0,Sector 3
590,25.89658995568268,44.634776717158175,0.0,1763.499407067535,1.763499407067535,144.06084700422116,0.0,0.0,2882795.2071487987,5564206.646511508,2.999999999881993,25.896597864347342,44.63476895382415,1.7481681879871758e-08,74.99999999493517,0.14400000000406013,262.7696480013267,273.7183833347153,209755.5464086613,8.390221856583016,155.609999993879,798.0,0.0,Sector 3
591,25.89660577301201,44.63476119049013,0.0,1766.499407068171,1.766499407068171,144.0608470033689,0.0,0.0,2882796.9679258456,5564204.217589073,3.000000000635964,25.896613681676673,44.63475342715403,8.522533789800946e-10,74.99999999975309,0.14400000003100036,262.7245716041726,273.67142875434644,209724.65527268685,8.388986212713464,155.61000003298744,798.0,0.0,Sector 3
592,25.896621590341336,44.63474566381793,0.0,1769.499407068053,1.769499407068053,144.0608469857849,0.0,0.0,2882798.728702892,5564201.788666639,2.999999999881993,25.896629499006004,44.63473790047976,1.7584000033821212e-08,74.99999999490552,0.14400000000411706,262.67664493333695,273.62150513889264,209691.76212785376,8.387670485353958,155.609999993879,798.0,0.0,Sector 3
593,25.896637407670667,44.63473013714159,0.0,1772.4994070682085,1.7724994070682083,144.06084701271664,0.0,0.0,2882800.489479939,5564199.359744206,3.0000000001555236,25.89664531633533,44.63472237380133,2.6931729735224508e-08,74.99999999219727,0.14400000002244637,262.6258671425927,273.5686116068674,209636.85379020945,8.385474152915485,155.610000008067,798.0,0.0,Sector 3
594,25.896653224999994,44.634714610461074,0.0,1775.4994070680902,1.7754994070680905,144.0608470008125,0.0,0.0,2882802.250256985,5564196.930821771,2.9999999998817657,25.896661133664658,44.63470684711875,1.1904148777830414e-08,74.9999999965511,0.14400000000094665,262.57148264981976,273.51196109356226,209561.0843860464,8.382443375496962,155.60999999386718,798.0,0.0,Sector 3
595,25.89666904232932,44.63469908377642,0.0,1778.4994070679722,1.7784994070679725,144.06084701658972,0.0,0.0,2882804.011034032,5564194.501899336,2.999999999881993,25.896676950993985,44.63469132043201,1.577723196533043e-08,74.99999999542898,0.14400000000311203,262.50768527457575,273.44550549434973,209506.8669109771,8.380274676620186,155.609999993879,798.0,0.0,Sector 3
596,25.89668485965865,44.6346835570876,0.0,1781.4994070678542,1.7814994070678545,144.0608469881588,0.0,0.0,2882805.771811078,5564192.072976901,2.999999999881993,25.896692768323316,44.63467579374111,2.8430918064259458e-08,74.99999999176292,0.14400000001015084,262.4362981177691,273.37114387267616,209464.81370285564,8.378592548704844,155.609999993879,798.0,0.0,Sector 3
597,25.896700676987983,44.63466803039463,0.0,1784.4994070680095,1.7844994070680096,144.06084699247418,0.0,0.0,2882807.532588125,5564189.644054468,3.000000000155296,25.896708585652647,44.63466026704607,4.315381829655962e-09,74.99999999874974,0.14400000000985472,262.35897121215277,273.29059501265914,209420.83526363896,8.376833411118842,155.61000000805524,798.0,0.0,Sector 3
598,25.896716494317307,44.63465250369751,0.0,1787.4994070678915,1.7874994070678916,144.0608469974045,0.0,0.0,2882809.293365171,5564187.215132034,2.999999999881993,25.896724402981974,44.63464474034687,4.930313934892183e-09,74.99999999857158,0.14399999999707822,262.27587761839936,273.2040391858327,209374.9030085665,8.374996120172733,155.609999993879,798.0,0.0,Sector 3
599,25.89673231164664,44.63463697699624,0.0,1790.4994070677735,1.7904994070677736,144.0608470132845,0.0,0.0,2882811.054142218,5564184.786209601,2.999999999881993,25.8967402203113,44.63462921364352,1.588000486663077e-08,74.99999999539921,0.14400000000316918,262.18571777639346,273.1101226837432,209326.9846778192,8.373079387297043,155.609999993879,798.0,0.0,Sector 3
600,25.896748128975965,44.6346214502908,0.0,1793.4994070676555,1.7934994070676555,133.60395031011427,0.0,0.0,2882812.8149192645,5564182.357287166,2.999999999881993,25.896757771386746,44.63461491521559,10.45689670317023,71.97040174587086,0.15006168838281914,262.08783829734745,273.0081648930703,209277.0463013165,8.723463029929166,155.609999993879,798.0,0.0,Sector 3
601,25.896767413797523,44.63460838014039,0.0,1796.4640592936155,1.7964640592936154,126.1931418156048,0.0,0.0,2882814.9616957805,5564180.312656779,2.9646522259599806,25.896778288320704,44.634602717959,7.410808494509467,72.85292203662635,0.1464971852205224,261.98194860483693,272.8978631300385,209225.05668002763,8.51413385589674,153.77651096054421,798.0,0.0,Sector 3
602,25.89678916284388,44.63459705577761,0.0,1799.4640592936423,1.7994640592936426,126.1931418131132,0.0,0.0,2882817.382788546,5564178.54112924,3.00000000002683,25.896800037367058,44.634591393595116,2.4916033680710825e-09,74.99999999927813,0.14400000000267385,261.8677539152821,272.7789103284189,209171.1833684881,8.366847334894867,155.61000000139165,798.0,0.0,Sector 3
603,25.89681091189023,44.63458573141261,0.0,1802.4640592936696,1.8024640592936696,126.19314182196617,0.0,0.0,2882819.8038813113,5564176.769601702,3.000000000027285,25.896821786413412,44.63458006922901,8.852964583638823e-09,74.9999999974351,0.14400000000623428,261.7449759416189,272.65101660585304,209115.20740460168,8.364608296546205,155.61000000141524,798.0,0.0,Sector 3
604,25.896832660936592,44.634574407045406,0.0,1805.4640592940725,1.8054640592940725,126.1931418164333,0.0,0.0,2882822.224974077,5564174.998074162,3.000000000402906,25.896843535459766,44.6345687448607,5.532868385671463e-09,74.999999998397,0.14400000002241725,261.6133487825437,272.5139049818164,209057.08195095,8.362283279339799,155.61000002089872,798.0,0.0,Sector 3
605,25.896854409982943,44.634563082676,0.0,1808.4640592940996,1.8084640592940997,126.19314183295518,0.0,0.0,2882824.646066842,5564173.226546625,3.0000000000270575,25.89686528450612,44.63455742049018,1.6521880752407014e-08,74.99999999521324,0.14400000001048932,261.47262662826245,272.3673194044401,208996.96515795556,8.359878606927184,155.61000000140348,798.0,0.0,Sector 3
606,25.896876159029297,44.63455175830437,0.0,1811.4640592941264,1.8114640592941265,126.19314179978836,0.0,0.0,2882827.0671596075,5564171.455019084,3.00000000002683,25.896887033552474,44.63454609611746,3.316681329579296e-08,74.99999999039083,0.14400000001973742,261.3235720896031,272.21205426000324,208918.32750816987,8.356733101472212,155.61000000139165,798.0,0.0,Sector 3
607,25.89689790807565,44.63454043393055,0.0,1814.4640592936037,1.8144640592936037,126.19314180927596,0.0,0.0,2882829.488252373,5564169.683491548,2.999999999477268,25.89690878259883,44.63453477174253,9.487592933510314e-09,74.99999999725124,0.1439999999801865,261.1669234669275,272.04887861138286,208718.74346727447,8.348749737542242,155.60999997288587,798.0,0.0,Sector 3
608,25.89691965712201,44.63452910955451,0.0,1817.4640592936305,1.8174640592936304,126.19314184145276,0.0,0.0,2882831.909345139,5564167.911964009,3.00000000002683,25.896930531645182,44.63452344736538,3.21767998912037e-08,74.99999999067765,0.14400000001918675,261.001287725411,271.87634138063646,208544.64194645,8.341785678969476,155.61000000139165,798.0,0.0,Sector 3
609,25.89694140616836,44.63451778517625,0.0,1820.4640592936576,1.8204640592936576,126.1931418006173,0.0,0.0,2882834.3304379038,5564166.14043647,3.0000000000270575,25.89695228069154,44.634512122986024,4.0835459458321566e-08,74.99999998816905,0.1440000000240142,260.82735182396243,271.6951581499609,208391.6912944435,8.335667653167844,155.61000000140348,798.0,0.0,Sector 3
610,25.89696315521472,44.63450646079579,0.0,1823.4640592936848,1.8234640592936848,126.19314184046289,0.0,0.0,2882836.7515306696,5564164.368908931,3.000000000027285,25.896974029737898,44.63450079860445,3.9845588162279455e-08,74.99999998845584,0.14400000002347446,260.6556222547124,271.5162731819921,208230.62140558803,8.329224857581341,155.61000000141524,798.0,0.0,Sector 3
611,25.89698490426107,44.63449513641311,0.0,1826.464059293712,1.826464059293712,126.19314181496507,0.0,0.0,2882839.172623435,5564162.59738139,3.0000000000270575,25.89699577878425,44.63448947422067,2.549781186189648e-08,74.99999999261271,0.14400000001548235,260.4861969527293,271.33978849242635,208061.3934534777,8.322455739033908,155.61000000140348,798.0,0.0,Sector 3
612,25.89700665330743,44.63448381202823,0.0,1829.4640592941143,1.8294640592941145,126.19314182445282,0.0,0.0,2882841.593716201,5564160.825853851,3.0000000004024514,25.897017527830606,44.634478149834685,9.487749252912181e-09,74.99999999725118,0.1440000000245954,260.31917547011454,271.1658077813693,207884.04461504766,8.315361786022184,155.61000002087513,798.0,0.0,Sector 3
613,25.897028402353783,44.63447248764114,0.0,1832.4640592941412,1.8324640592941412,121.58265038290608,0.0,0.0,2882844.014808966,5564159.054326314,3.00000000002683,25.897039629558265,44.634467575912474,4.610491441546742,73.66423689374757,0.14661117056943632,260.1546590617019,270.9944365226062,207699.07198300533,8.458612241559447,155.61000000139165,798.0,0.0,Sector 3
614,25.897050856762743,44.63446266418381,0.0,1835.398272167658,1.835398272167658,90.78855945938182,0.0,0.0,2882846.5144223375,5564157.517596611,2.934212873516799,25.897064330215812,44.63446253221798,30.794090923524266,66.07825899522184,0.15985842401544365,259.99149918827817,270.8244783211231,207506.30852376734,9.21434207051998,152.19762174931634,798.0,0.0,Sector 3
615,25.89707780366888,44.63446240025215,0.0,1838.3982721678744,1.8383982721678744,90.78855946529744,0.0,0.0,2882849.514138207,5564157.47630854,3.0000000002164597,25.897091277121945,44.63446226828631,5.915623546570714e-09,74.99999999828611,0.1440000000136807,259.82949262138567,270.65572148061005,207306.1258340805,8.292245034151017,155.61000001122778,798.0,0.0,Sector 3
616,25.89710475057501,44.63446213632049,0.0,1841.3982721676248,1.8413982721676248,90.78855949962474,0.0,0.0,2882852.513854076,5564157.435020472,2.9999999997503437,25.897118224028077,44.63446200435465,3.432730011354579e-08,74.9999999900546,0.14400000000711166,259.66873361115285,270.4882641782842,207098.6934491351,8.283947738374518,155.60999998705034,798.0,0.0,Sector 3
617,25.897131697481143,44.63446187238882,0.0,1844.3982721678417,1.8443982721678416,90.78855943912232,0.0,0.0,2882855.5135699455,5564157.393732401,3.0000000002169145,25.89714517093421,44.63446174042299,6.050241552202351e-08,74.9999999824711,0.1440000000440674,259.5093304120053,270.3222191791722,206884.35514994292,8.275374208530181,155.61000001125137,798.0,0.0,Sector 3
618,25.897158644387275,44.63446160845716,0.0,1847.3982721675925,1.8473982721675928,90.78855949235977,0.0,0.0,2882858.5132858143,5564157.352444332,2.9999999997507985,25.89717211784034,44.634461476491325,5.323744289853494e-08,74.99999998457592,0.14400000001765256,259.35138257458385,270.1576901818582,206663.21574395685,8.266528630771647,155.60999998707393,798.0,0.0,Sector 3
619,25.89718559129341,44.63446134452549,0.0,1850.398272167796,1.8503982721677965,90.78855943213648,0.0,0.0,2882861.513001684,5564157.311156263,3.0000000002034994,25.897199064746474,44.63446121255966,6.022328591370751e-08,74.99999998255196,0.14400000004326824,259.19580744630775,269.9956327565706,206435.94436366757,8.25743777702785,155.6100000105555,798.0,0.0,Sector 3
620,25.897212538199536,44.63446108059383,0.0,1853.398272167547,1.853398272167547,90.78855949478248,0.0,0.0,2882864.512717552,5564157.269868195,2.999999999751026,25.897226011652606,44.634460948627996,6.26459950581193e-08,74.99999998185005,0.14400000002289715,259.0486624006116,269.84235666730376,206202.43386772225,8.248097356020402,155.6099999870857,798.0,0.0,Sector 3
621,25.897239485105672,44.63446081666216,0.0,1856.3982721677637,1.8563982721677637,90.78855947228637,0.0,0.0,2882867.5124334213,5564157.228580125,3.000000000216687,25.897252958558738,44.63446068469632,2.249610986382322e-08,74.99999999348238,0.1440000000229148,258.90867575355037,269.6965372432816,205994.79246895664,8.239791700069459,155.61000001123955,798.0,0.0,Sector 3
622,25.8972664320118,44.63446055273049,0.0,1859.3982721675145,1.8593982721675144,90.78855944960418,0.0,0.0,2882870.5121492906,5564157.187292054,2.9999999997507985,25.89727990546487,44.634460420764654,2.2682186795464077e-08,74.99999999342846,0.1440000000006557,258.77477640278045,269.5570587528963,205994.83035710178,8.239793214321598,155.60999998707393,798.0,0.0,Sector 3
623,25.897293378917936,44.63446028879882,0.0,1862.3982721677307,1.8623982721677308,90.78855946502136,0.0,0.0,2882873.51186516,5564157.146003986,3.0000000002162324,25.897306852371003,44.634460156832986,1.541718575026607e-08,74.9999999955333,0.14400000001895522,258.64736064482645,269.42433400502756,205994.86823400282,8.239794730444737,155.61000001121596,798.0,0.0,Sector 3
624,25.89732032582407,44.634460024867145,0.0,1865.3982721674813,1.8653982721674816,90.78855948053166,0.0,0.0,2882876.5115810293,5564157.104715916,2.999999999750571,25.897333799277135,44.63445989290131,1.5510295270360075e-08,74.99999999550631,0.1439999999966553,258.52684884765137,269.29880088297017,205994.90609965517,8.239796243794824,155.6099999870621,798.0,0.0,Sector 3
625,25.8973472727302,44.63445976093548,0.0,1868.3982721676853,1.8683982721676853,90.78855944834788,0.0,0.0,2882879.511296898,5564157.063427847,3.000000000203954,25.897360746183267,44.63445962896964,3.2183777420868864e-08,74.99999999067563,0.1440000000276926,258.41363732060466,269.1808722089632,205994.94395348424,8.23979775972396,155.61000001057909,798.0,0.0,Sector 3
626,25.897374219636337,44.6344594970038,0.0,1871.3982721679015,1.8713982721679017,90.78855947335968,0.0,0.0,2882882.5110127674,5564157.022139777,3.0000000002162324,25.8973876930894,44.63445936503796,2.501180063063657e-08,74.99999999275352,0.1440000000242924,258.3080975003379,269.07093489618535,205970.0172052246,8.238800689598845,155.61000001121596,798.0,0.0,Sector 3
627,25.897401166542465,44.63445923307212,0.0,1874.3982721676523,1.8743982721676524,90.78855946977376,0.0,0.0,2882885.5107286363,5564156.980851709,2.9999999997507985,25.89741463999553,44.63445910110629,3.585924446269928e-09,74.99999999896107,0.14399999999003307,258.21062615803277,268.9694022479508,205939.15235898265,8.237566093789159,155.60999998707393,798.0,0.0,Sector 3
628,25.8974281134486,44.63445896914045,0.0,1877.398272167869,1.877398272167869,90.78855946618772,0.0,0.0,2882888.5104445056,5564156.939563639,3.000000000216687,25.897441586901664,44.634458837174606,3.5860381331076496e-09,74.99999999896104,0.14400000001239577,258.12159004619923,268.8766562981242,205908.06515045656,8.23632260672725,155.61000001123955,798.0,0.0,Sector 3
629,25.89745506035473,44.63445870520877,0.0,1880.39827216762,1.88039827216762,90.78855945300712,0.0,0.0,2882891.5101603745,5564156.89827557,2.999999999751026,25.897468533807796,44.63445857324294,1.3180596170059289e-08,74.99999999618129,0.14399999999538116,258.0426523164543,268.7944294963066,205876.98812795655,8.235079524854125,155.6099999870857,798.0,0.0,Sector 3
630,25.897482007260862,44.6344584412771,0.0,1883.398272167836,1.883398272167836,90.7885594685174,0.0,0.0,2882894.509876244,5564156.856987501,3.000000000216005,25.89749548071393,44.634458309311256,1.551028105950536e-08,74.99999999550633,0.1440000000189961,257.97446028908695,268.7233961344656,205845.90580139798,8.233836233142105,155.6100000112042,798.0,0.0,Sector 3
631,25.897508954166994,44.634458177345415,0.0,1886.3982721675743,1.8863982721675745,90.78855948374849,0.0,0.0,2882897.5095921126,5564156.815699432,2.999999999738293,25.89752242762006,44.634458045379574,1.5231080396915786e-08,74.99999999558722,0.1439999999959106,257.917354871646,268.6639113246313,205814.6036990613,8.232584147728657,155.60999998642524,798.0,0.0,Sector 3
632,25.89753590107313,44.63445791341373,0.0,1889.3982721677908,1.8893982721677909,90.78855945202996,0.0,0.0,2882900.5093079824,5564156.774411362,3.0000000002164597,25.897549374526193,44.63445778144789,3.1718528248347866e-08,74.99999999081042,0.14400000002803406,257.8716434303557,268.61629523995384,205783.19980563622,8.23132799382794,155.61000001122778,798.0,0.0,Sector 3
633,25.897562847979252,44.63445764948205,0.0,1892.3982721675416,1.8923982721675416,87.10801028437186,0.0,0.0,2882903.5090238503,5564156.733123292,2.9999999997507985,25.8975762991441,44.634458133030265,3.6805491676581,73.93366209410934,0.14607689776485944,257.83763870263874,268.58087364858204,205751.90833757812,8.34877791087588,155.60999998707393,798.0,0.0,Sector 3
634,25.897589750308946,44.63445861657848,0.0,1895.3968447048287,1.895396844704829,86.25931410926262,0.0,0.0,2882906.503777493,5564156.8844107175,2.9985725372871457,25.89760319633101,44.63445924215025,0.8486961751092394,74.75411362248443,0.1444049111296915,257.8140439941849,268.55629582727596,205720.39924658433,8.251954436324345,155.53595750908426,798.0,0.0,Sector 3
635,25.89761664235307,44.63445986772202,0.0,1898.396844704852,1.898396844704852,86.2593141430716,0.0,0.0,2882909.4973861515,5564157.080132967,3.000000000023192,25.897630088375138,44.63446049329377,3.3808987609518226e-08,74.99999999020477,0.14400000001992005,257.79044931536583,268.53171803683944,205688.677034405,8.227547082514336,155.610000001203,798.0,0.0,Sector 3
636,25.8976435343972,44.63446111886553,0.0,1901.3968447048744,1.901396844704874,86.25931411006371,0.0,0.0,2882912.49099481,5564157.275855216,3.00000000002251,25.897656980419264,44.634461744437274,3.300789330751286e-08,74.99999999043688,0.14400000001944166,257.7668546629556,268.5071402739121,205657.18309983518,8.226287325104039,155.61000000116758,798.0,0.0,Sector 3
637,25.89767042644133,44.63446237000902,0.0,1904.3968447048967,1.904396844704897,86.25931411410244,0.0,0.0,2882915.4846034693,5564157.471577466,3.0000000000222826,25.897683872463393,44.63446299558075,4.0387249100604095e-09,74.99999999882989,0.1440000000033162,257.7432600371465,268.4825625386943,205625.47465046638,8.22501898620808,155.6100000011558,798.0,0.0,Sector 3
638,25.897697318485456,44.63446362115248,0.0,1907.39684470498,1.90739684470498,86.25931410954126,0.0,0.0,2882918.478212127,5564157.667299715,3.0000000000832188,25.897710764507515,44.6344642467242,4.561172772810096e-09,74.99999999867853,0.1440000000065317,257.71966543788716,268.4579848311325,205593.55256868355,8.223742103120351,155.61000000431656,798.0,0.0,Sector 3
639,25.897724210529574,44.63446487229592,0.0,1910.396844704538,1.9103968447045376,86.2593140963802,0.0,0.0,2882921.471820785,5564157.863021966,2.9999999995579856,25.89773765655164,44.63446549786762,1.3161070455680601e-08,74.99999999618694,0.14399999998610438,257.6973222233312,268.4347106493033,205561.75524477902,8.22247020899772,155.60999997707273,798.0,0.0,Sector 3
640,25.897751102573707,44.63446612343933,0.0,1913.3968447045604,1.9133968447045604,86.25931415775358,0.0,0.0,2882924.4654294443,5564158.058744217,3.00000000002251,25.897764548595774,44.634466749011025,6.137338459666353e-08,74.99999998221875,0.14400000003522048,257.6765280417757,268.41305004351636,205529.85540300197,8.221194218130865,155.61000000116758,798.0,0.0,Sector 3
641,25.897777994617837,44.63446737458271,0.0,1916.396844704583,1.916396844704583,86.25931412474563,0.0,0.0,2882927.459038103,5564158.254466466,3.00000000002251,25.8977914406399,44.634468000154385,3.300795015093172e-08,74.99999999043685,0.14400000001944174,257.6572940388169,268.3930146237676,205523.8857407227,8.22095543073883,155.61000000116758,798.0,0.0,Sector 3
642,25.89780488666196,44.63446862572606,0.0,1919.396844704666,1.919396844704666,86.2593141111434,0.0,0.0,2882930.452646761,5564158.450188714,3.0000000000829914,25.897818332684025,44.63446925129772,1.3602232229459332e-08,74.99999999605913,0.14400000001155006,257.63961795303925,268.3746020344159,205523.9242039648,8.220956968817989,155.61000000430477,798.0,0.0,Sector 3
643,25.897831778706088,44.63446987686939,0.0,1922.3968447046889,1.9223968447046889,86.25931412554667,0.0,0.0,2882933.4462554203,5564158.645910963,3.0000000000229647,25.89784522472815,44.63447050244103,1.4403269688045839e-08,74.99999999582705,0.14400000000911437,257.63961795303925,268.3746020344159,205523.96266601048,8.220958507160763,155.61000000119117,798.0,0.0,Sector 3
644,25.897858670750217,44.63447112801268,0.0,1925.3968447047112,1.9253968447047112,86.25931410202105,0.0,0.0,2882936.439864079,5564158.841633214,3.0000000000222826,25.897872116772284,44.634471753584315,2.352561523366603e-08,74.9999999931841,0.1440000000141561,257.63961795303925,268.3746020344159,205524.00110992504,8.220960045205171,155.6100000011558,798.0,0.0,Sector 3
645,25.897885562794347,44.63447237915595,0.0,1928.3968447047337,1.9283968447047335,86.259314115542,0.0,0.0,2882939.433472738,5564159.037355463,3.00000000002251,25.89789900881641,44.63447300472758,1.3520946140488377e-08,74.99999999608268,0.14400000000860172,257.63961795303925,268.3746020344159,205524.03954976937,8.220961582481848,155.61000000116758,798.0,0.0,Sector 3
646,25.897912454838472,44.634473630299205,0.0,1931.3968447048169,1.9313968447048169,86.25931412090426,0.0,0.0,2882942.4270813963,5564159.233077714,3.0000000000832188,25.897925900860535,44.63447425587081,5.362267074815463e-09,74.99999999844643,0.14400000000697738,257.63961795303925,268.3746020344159,205524.07803530258,8.220963121810438,155.61000000431656,798.0,0.0,Sector 3
647,25.8979393468826,44.63447488144242,0.0,1934.3968447048396,1.9343968447048396,86.25931412626647,0.0,0.0,2882945.4206900545,5564159.428799964,3.0000000000227374,25.89795279290466,44.63447550701401,5.3622102313966025e-09,74.99999999844644,0.14400000000407423,257.63961795303925,268.3746020344159,205524.11651466184,8.220964660819066,155.6100000011794,798.0,0.0,Sector 3
648,25.897966238926728,44.6344761325856,0.0,1937.396844704862,1.937396844704862,86.25931412126414,0.0,0.0,2882948.4142987137,5564159.624522211,3.0000000000222826,25.89797968494879,44.634476758157184,5.002334546588827e-09,74.9999999985507,0.1440000000038522,257.63961795303925,268.3746020344159,205524.1549184196,8.220966196956708,155.6100000011558,798.0,0.0,Sector 3
649,25.897993130970853,44.63447738372877,0.0,1940.396844704945,1.940396844704945,86.25931411670297,0.0,0.0,2882951.407907372,5564159.820244462,3.0000000000829914,25.898006576992916,44.63447800930034,4.561172772810096e-09,74.99999999867853,0.1440000000065208,257.63961795303925,268.3746020344159,205524.19331476325,8.220967732962798,155.61000000430477,798.0,0.0,Sector 3
650,25.89802002301498,44.634478634871904,0.0,1943.396844704968,1.943396844704968,86.2593141311063,0.0,0.0,2882954.4015160305,5564160.015966711,3.000000000023192,25.898033469037042,44.634479260443456,1.44033265314647e-08,74.99999999582703,0.14400000000912533,257.63961795303925,268.3746020344159,205524.23169825983,8.220969268451352,155.610000001203,798.0,0.0,Sector 3
651,25.898046915059105,44.634479886015015,0.0,1946.3968447045256,1.9463968447045257,86.259314117504,0.0,0.0,2882957.395124689,5564160.211688961,2.999999999557531,25.89806036108117,44.63448051158656,1.3602289072878193e-08,74.99999999605912,0.14399999998632798,257.63961795303925,268.3746020344159,205524.27007483254,8.220970802212772,155.60999997704914,798.0,0.0,Sector 3
652,25.898073807103238,44.6344811371581,0.0,1949.396844704548,1.949396844704548,86.25931411206057,0.0,0.0,2882960.3887333483,5564160.40741121,3.0000000000222826,25.898087253125297,44.63448176272963,5.443439476948697e-09,74.99999999842291,0.1440000000040976,257.63961795303925,268.3746020344159,205524.30843695186,8.220972337712006,155.6100000011558,798.0,0.0,Sector 3
653,25.89810069914736,44.63448238830116,0.0,1952.3968447046316,1.9523968447046316,86.25932280490338,0.0,0.0,2882963.382342006,5564160.60313346,3.0000000000836735,25.898101899573682,44.63448244415058,8.692842811797163e-06,74.99999748148785,0.14400000483955983,257.63961795303925,268.3746020344159,205524.34679142732,8.220974147948038,155.61000000434012,798.0,0.0,Sector 3
654,25.8981031,44.63448249999999,0.0,1952.6646770004013,1.9526646770004012,86.25932280490338,0.0,0.0,2882963.6496037,5564160.620607039,0.2678322957697219,25.8981031,44.63448249999999,0.0,75.0,0.012855950196946651,257.63961795303925,268.3746020344159,205524.3502166922,0.7339474474015604,13.892461181575475,798.0,0.0,Sector 3
