center_index,point_id,distance_m,distance_km,sector,heading_deg,slope_deg,lane_index,lane_alpha,x_m,y_m,geometry,lon,lat,candidate_irradiance_wm2,candidate_power_w,candidate_shadow_factor,solar_score
0,0,0.0,0.0,Sector 1,214.0528955107059,0.0,0,0.1,2719303.922780618,5850875.005356022,POINT (2719303.922780618 5850875.005356022),24.42792276,46.43834665000013,0.0,0.0,1.0,0.0
1,1,2.99999999975489,0.0029999999997548,Sector 1,214.05289548961613,0.0,0,0.1,2719305.736870078,5850873.258935436,POINT (2719305.736870078 5850873.258935436),24.427939056242884,46.438335838603386,0.0,0.0,1.0,0.0
2,2,6.0000000002814,0.0060000000002814,Sector 1,214.0528955235742,0.0,0,0.1,2719307.5509595377,5850871.512514848,POINT (2719307.5509595377 5850871.512514848),24.42795535248577,46.4383250272045,0.0,0.0,1.0,0.0
3,3,8.99999999977554,0.0089999999997755,Sector 1,214.05289546973844,0.0,0,0.1,2719309.365048997,5850869.766094262,POINT (2719309.365048997 5850869.766094262),24.42797164872865,46.43831421580347,0.0,0.0,1.0,0.0
4,4,12.00000000030205,0.012000000000302,Sector 1,214.052895525564,0.0,0,0.1,2719311.179138457,5850868.019673674,POINT (2719311.179138457 5850868.019673674),24.427987944971537,46.438303404400294,0.0,0.0,1.0,0.0
5,5,15.00000000005694,0.0150000000000569,Sector 1,214.05289549919823,0.0,0,0.1,2719312.993227917,5850866.273253088,POINT (2719312.993227917 5850866.273253088),24.42800424121442,46.438292592994976,0.0,0.0,1.0,0.0
6,6,17.99999999981183,0.0179999999998118,Sector 1,214.05289550019364,33.63798365126975,0,0.1,2719314.807317376,5850864.526832501,POINT (2719314.807317376 5850864.526832501),24.428020537457304,46.43828178158752,0.0,0.0,1.0,0.0
7,7,21.00000000033834,0.0210000000003383,Sector 1,214.05289550097217,0.0,0,0.1,2719316.621406836,5850862.780411914,POINT (2719316.621406836 5850862.780411914),24.428036833700187,46.438270970177896,0.0,0.0,1.0,0.0
8,8,23.99999999983248,0.0239999999998324,Sector 1,214.0528955186668,0.0,0,0.1,2719318.4354962953,5850861.033991327,POINT (2719318.4354962953 5850861.033991327),24.42805312994307,46.43826015876614,0.0,0.0,1.0,0.0
9,9,26.99999999958737,0.0269999999995873,Sector 1,214.05289548659084,-12.111394072099973,0,0.1,2719320.2495857547,5850859.287570741,POINT (2719320.2495857547 5850859.287570741),24.428069426185953,46.438249347352254,0.0,0.0,1.0,0.0
10,10,30.00000000011388,0.0300000000001138,Sector 1,214.05289551516512,0.0,0,0.1,2719322.063675215,5850857.541150154,POINT (2719322.063675215 5850857.541150154),24.428085722428843,46.4382385359362,0.0,0.0,1.0,0.0
11,11,32.99999999986877,0.0329999999998687,Sector 1,214.0528954886921,0.0,0,0.1,2719323.8777646744,5850855.794729566,POINT (2719323.8777646744 5850855.794729566),24.428102018671723,46.43822772451801,0.0,0.0,1.0,0.0
12,12,36.00000000039528,0.0360000000003952,Sector 1,214.05289550045933,0.0,0,0.1,2719325.6918541347,5850854.04830898,POINT (2719325.6918541347 5850854.04830898),24.428118314914613,46.438216913097676,0.0,0.0,1.0,0.0
13,13,38.99999999988942,0.0389999999998894,Sector 1,214.05289552364889,0.0,0,0.1,2719327.5059435936,5850852.301888392,POINT (2719327.5059435936 5850852.301888392),24.42813461115749,46.43820610167519,0.0,0.0,1.0,0.0
14,14,41.99999999964431,0.0419999999996443,Sector 1,214.05289549717645,0.0,0,0.1,2719329.320033053,5850850.555467806,POINT (2719329.320033053 5850850.555467806),24.42815090740037,46.43819529025057,0.0,0.0,1.0,0.0
15,15,45.00000000017082,0.0450000000001708,Sector 1,214.0528955090529,0.0,0,0.1,2719331.1341225132,5850848.809047218,POINT (2719331.1341225132 5850848.809047218),24.42816720364326,46.43818447882379,0.0,0.0,1.0,0.0
16,16,47.99999999992571,0.0479999999999257,Sector 1,214.052895504665,0.0,0,0.1,2719332.9482119726,5850847.062626632,POINT (2719332.9482119726 5850847.062626632),24.42818349988614,46.43817366739488,0.0,0.0,1.0,0.0
17,17,51.00000000045223,0.0510000000004522,Sector 1,214.05289549434912,0.0,0,0.1,2719334.762301433,5850845.3162060445,POINT (2719334.762301433 5850845.3162060445),24.42819979612903,46.438162855963824,0.0,0.0,1.0,0.0
18,18,53.99999999994636,0.0539999999999463,Sector 1,214.05289550127512,0.0,0,0.1,2719336.576390892,5850843.569785458,POINT (2719336.576390892 5850843.569785458),24.428216092371905,46.43815204453062,0.0,0.0,1.0,0.0
19,19,56.99999999970125,0.0569999999997012,Sector 1,214.0528955021646,0.0,0,0.1,2719338.3904803516,5850841.823364872,POINT (2719338.3904803516 5850841.823364872),24.42823238861479,46.438141233095266,0.0,0.0,1.0,0.0
20,20,60.00000000022776,0.0600000000002277,Sector 1,214.0528954976689,0.0,0,0.1,2719340.2045698115,5850840.076944284,POINT (2719340.2045698115 5850840.076944284),24.428248684857678,46.43813042165777,0.0,0.0,1.0,0.0
21,21,62.999999999982656,0.0629999999999826,Sector 1,214.05289551504043,0.0,0,0.1,2719342.0155337425,5850838.327280622,POINT (2719342.0155337425 5850838.327280622),24.428264953023458,46.43811959014145,0.0,0.0,1.0,0.0
22,22,65.99999999973754,0.0659999999997375,Sector 1,214.0528954829672,0.0,0,0.1,2719343.8211155,5850836.572032371,POINT (2719343.8211155 5850836.572032371),24.428281172840354,46.43810872405086,0.0,0.0,1.0,0.0
23,23,69.0000000000033,0.0690000000000033,Sector 1,214.05289550066487,0.0,0,0.1,2719345.6266972567,5850834.816784118,POINT (2719345.6266972567 5850834.816784118),24.428297392657242,46.4380978579581,0.0,0.0,1.0,0.0
24,24,71.99999999975819,0.0719999999997581,Sector 1,214.05289550166395,35.11669118080598,0,0.1,2719347.432279014,5850833.061535867,POINT (2719347.432279014 5850833.061535867),24.428313612474135,46.438086991863166,0.0,0.0,1.0,0.0
25,25,75.0000000002847,0.0750000000002847,Sector 1,214.0528955191448,0.0,0,0.1,2719349.2378607714,5850831.306287615,POINT (2719349.2378607714 5850831.306287615),24.428329832291027,46.438076125766074,0.0,0.0,1.0,0.0
26,26,78.00000000003959,0.0780000000000396,Sector 1,214.052895503554,0.0,0,0.1,2719351.0434425287,5850829.551039362,POINT (2719351.0434425287 5850829.551039362),24.428346052107923,46.4380652596668,0.0,0.0,1.0,0.0
27,27,80.99999999979448,0.0809999999997944,Sector 1,214.0528954935659,-11.464078290794737,0,0.1,2719352.8490242856,5850827.795791111,POINT (2719352.8490242856 5850827.795791111),24.42836227192481,46.43805439356538,0.0,0.0,1.0,0.0
28,28,84.00000000006024,0.0840000000000602,Sector 1,214.0528955276376,0.0,0,0.1,2719354.654606043,5850826.040542859,POINT (2719354.654606043 5850826.040542859),24.428378491741704,46.43804352746178,0.0,0.0,1.0,0.0
29,29,86.99999999981513,0.0869999999998151,Sector 1,214.05289547908416,0.0,0,0.1,2719356.4601878,5850824.285294607,POINT (2719356.4601878 5850824.285294607),24.428394711558596,46.43803266135602,0.0,0.0,1.0,0.0
30,30,90.00000000034164,0.0900000000003416,Sector 1,214.0528955076624,0.0,0,0.1,2719358.23276171,5850822.496669968,POINT (2719358.23276171 5850822.496669968),24.428410634860953,46.43802158862691,0.0,0.0,1.0,0.0
31,31,93.00000000009652,0.0930000000000965,Sector 1,214.0528955030604,0.0,0,0.1,2719360.0038786414,5850820.706572082,POINT (2719360.0038786414 5850820.706572082),24.428426545075048,46.43801050677521,0.0,0.0,1.0,0.0
32,32,95.99999999985144,0.0959999999998514,Sector 1,214.05289549856715,0.0,0,0.1,2719361.7749955724,5850818.916474196,POINT (2719361.7749955724 5850818.916474196),24.428442455289137,46.43799942492125,0.0,0.0,1.0,0.0
33,33,99.00000000011718,0.0990000000001171,Sector 1,214.05289550517048,0.0,0,0.1,2719363.5461125043,5850817.126376311,POINT (2719363.5461125043 5850817.126376311),24.428458365503236,46.43798834306506,0.0,0.0,1.0,0.0
34,34,101.99999999987207,0.101999999999872,Sector 1,214.05289550617152,0.0,0,0.1,2719365.3172294353,5850815.3362784255,POINT (2719365.3172294353 5850815.3362784255),24.428474275717328,46.4379772612066,0.0,0.0,1.0,0.0
35,35,104.99999999962697,0.1049999999996269,Sector 1,216.48402433193849,0.0,0,0.1,2719367.0883463663,5850813.54618054,POINT (2719367.0883463663 5850813.54618054),24.428490185931416,46.43796617934588,0.0,0.0,1.0,0.0
36,36,107.99929335868774,0.1079992933586877,Sector 1,217.1201264536309,0.0,0,0.1,2719368.859046117,5850811.756504307,POINT (2719368.859046117 5850811.756504307),24.428506092397914,46.43795510009322,0.0,0.0,1.0,0.0
37,37,110.99929335855356,0.1109992933585535,Sector 1,217.12012647855195,0.0,0,0.1,2719370.630163048,5850809.966406421,POINT (2719370.630163048 5850809.966406421),24.428522002612006,46.437944018227995,0.0,0.0,1.0,0.0
38,38,113.9992933587004,0.1139992933587004,Sector 1,217.1201264533594,0.0,0,0.1,2719372.40127998,5850808.176308536,POINT (2719372.40127998 5850808.176308536),24.428537912826105,46.43793293636053,0.0,0.0,1.0,0.0
39,39,116.99929335856623,0.1169992933585662,Sector 1,217.1201264826145,0.0,0,0.1,2719374.172396911,5850806.38621065,POINT (2719374.172396911 5850806.38621065),24.428553823040193,46.437921854490796,0.0,0.0,1.0,0.0
40,40,119.99929335871308,0.1199992933587131,Sector 1,217.3257769183477,0.0,0,0.1,2719375.9435138423,5850804.596112764,POINT (2719375.9435138423 5850804.596112764),24.42856973325429,46.437910772618814,0.0,0.0,1.0,0.0
41,41,122.99777570051975,0.1229977757005197,Sector 1,233.3750369781236,0.0,0,0.1,2719377.71373479,5850802.806920464,POINT (2719377.71373479 5850802.806920464),24.428585635419626,46.43789969635074,0.0,0.0,1.0,0.0
42,42,125.997775700395,0.125997775700395,Sector 1,233.37503699641417,0.0,0,0.1,2719379.4848517217,5850801.016822578,POINT (2719379.4848517217 5850801.016822578),24.428601545633718,46.43788861447425,0.0,0.0,1.0,0.0
43,43,128.99777570027024,0.1289977757002702,Sector 1,233.3750369951168,28.668659690250408,0,0.1,2719381.2559686527,5850799.226724694,POINT (2719381.2559686527 5850799.226724694),24.42861745584781,46.437877532595515,0.0,0.0,1.0,0.0
44,44,131.99777570051918,0.1319977757005191,Sector 1,240.2106551542846,-10.958230757565904,0,0.1,2719383.0270855846,5850797.436626808,POINT (2719383.0270855846 5850797.436626808),24.42863336606191,46.437866450714516,0.0,0.0,1.0,0.0
45,45,134.97148133663694,0.1349714813366369,Sector 1,248.6410189693649,0.0,0,0.1,2719384.7826790516,5850795.66221875,POINT (2719384.7826790516 5850795.66221875),24.42864913682635,46.43785546596163,0.0,0.0,1.0,0.0
46,46,137.97148133641156,0.1379714813364115,Sector 1,248.64101895602712,0.0,0,0.1,2719386.5537959826,5850793.872120865,POINT (2719386.5537959826 5850793.872120865),24.428665047040443,46.43784438407615,0.0,0.0,1.0,0.0
47,47,140.97148133661986,0.1409714813366198,Sector 1,248.64101897431303,0.0,0,0.1,2719388.324912914,5850792.082022979,POINT (2719388.324912914 5850792.082022979),24.42868095725454,46.43783330218841,0.0,0.0,1.0,0.0
48,48,143.97148133682816,0.1439714813368281,Sector 1,254.31223284091948,0.0,0,0.1,2719390.09182028,5850790.287904508,POINT (2719390.09182028 5850790.287904508),24.42869682965346,46.43782219540834,0.0,0.0,1.0,0.0
49,49,146.9462020999118,0.1469462020999118,Sector 1,264.0771333385335,0.0,0,0.1,2719391.8419097103,5850788.507061383,POINT (2719391.8419097103 5850788.507061383),24.4287125509743,46.4378111708092,0.0,0.0,1.0,0.0
50,50,149.94620210031613,0.1499462021003161,Sector 1,264.0771334080218,0.0,0,0.1,2719393.6068714354,5850786.711084615,POINT (2719393.6068714354 5850786.711084615),24.428728405895235,46.437800052520515,0.0,0.0,1.0,0.0
51,51,152.94620210016117,0.1529462021001611,Sector 1,264.0771334001374,0.0,0,0.1,2719395.37183316,5850784.91510785,POINT (2719395.37183316 5850784.91510785),24.428744260816167,46.43778893422958,0.0,0.0,1.0,0.0
52,52,155.9462021001023,0.1559462021001023,Sector 1,273.3456872247124,0.0,0,0.1,2719397.136794885,5850783.119131084,POINT (2719397.136794885 5850783.119131084),24.428760115737102,46.43777781593638,0.0,0.0,1.0,0.0
53,53,158.93068496914182,0.1589306849691418,Sector 1,277.009906887774,0.0,0,0.1,2719398.8926275624,5850781.332443786,POINT (2719398.8926275624 5850781.332443786),24.428775888650403,46.437766755148914,0.0,0.0,1.0,0.0
54,54,161.93068496919196,0.1619306849691919,Sector 1,277.009906904592,0.0,0,0.1,2719400.657589288,5850779.5364670195,POINT (2719400.657589288 5850779.5364670195),24.428791743571345,46.43775563685118,0.0,0.0,1.0,0.0
55,55,164.9306849692421,0.1649306849692421,Sector 1,277.00990683046854,1.862691952573002,0,0.1,2719402.4225510126,5850777.740490254,POINT (2719402.4225510126 5850777.740490254),24.428807598492277,46.437744518551185,0.0,0.0,1.0,0.0
56,56,167.93068496917857,0.1679306849691785,Sector 1,297.0742689462461,0.0,0,0.1,2719404.1875127377,5850775.944513487,POINT (2719404.1875127377 5850775.944513487),24.428823453413212,46.43773340024891,0.0,0.0,1.0,0.0
57,57,170.92430490593182,0.1709243049059318,Sector 1,297.76377831071505,0.0,0,0.1,2719405.9487209404,5850774.152356202,POINT (2719405.9487209404 5850774.152356202),24.42883927461568,46.43772230558953,0.0,0.0,1.0,0.0
58,58,173.92430490635664,0.1739243049063566,Sector 1,297.7637782488022,0.0,0,0.1,2719407.7136826655,5850772.356379435,POINT (2719407.7136826655 5850772.356379435),24.42885512953662,46.43771118728272,0.0,0.0,1.0,0.0
59,59,176.92430490593557,0.1769243049059355,Sector 1,297.7637782823877,0.0,0,0.1,2719409.328400796,5850770.425198288,POINT (2719409.328400796 5850770.425198288),24.428869634796378,46.43769923196714,0.0,0.0,1.0,0.0
60,60,179.9243049063604,0.1799243049063603,Sector 1,297.7637782638831,0.0,0,0.1,2719410.9337096307,5850768.485549702,POINT (2719410.9337096307 5850768.485549702),24.428884055531,46.43768722422974,0.0,0.0,1.0,0.0
61,61,182.92430490593927,0.1829243049059393,Sector 1,302.9844517381981,0.0,0,0.1,2719412.5390184647,5850766.545901118,POINT (2719412.5390184647 5850766.545901118),24.428898476265612,46.437675216489716,0.0,0.0,1.0,0.0
62,62,185.92119147184664,0.1859211914718466,Sector 1,304.289339231956,-19.34632238764842,0,0.1,2719414.142661291,5850764.608265522,POINT (2719414.142661291 5850764.608265522),24.428912882034226,46.43766322120881,0.0,0.0,1.0,0.0
63,63,188.9211914723364,0.1889211914723364,Sector 1,304.289339261734,0.0,0,0.1,2719415.747970126,5850762.668616937,POINT (2719415.747970126 5850762.668616937),24.428927302768844,46.43765121346348,0.0,0.0,1.0,0.0
64,64,191.9211914723015,0.1919211914723015,Sector 1,304.28933922236706,0.0,0,0.1,2719417.35327896,5850760.728968351,POINT (2719417.35327896 5850760.728968351),24.42894172350346,46.437639205715506,0.0,0.0,1.0,0.0
65,65,194.9211914722666,0.1949211914722666,Sector 1,304.28933923593286,0.0,0,0.1,2719418.881170646,5850758.733178334,POINT (2719418.881170646 5850758.733178334),24.428955448787995,46.437626850411014,0.0,0.0,1.0,0.0
66,66,197.9211914722317,0.1979211914722317,Sector 1,304.2893392695201,-1.7276051781324728,0,0.1,2719420.2623892175,5850756.630014041,POINT (2719420.2623892175 5850756.630014041),24.428967856485535,46.43761383038331,0.0,0.0,1.0,0.0
67,67,200.92119147181205,0.200921191471812,Sector 1,304.2893392754666,0.0,0,0.1,2719421.630693393,5850754.516346437,POINT (2719421.630693393 5850754.516346437),24.428980148171075,46.43760074532979,0.0,0.0,1.0,0.0
68,68,203.9211914723018,0.2039211914723018,Sector 1,304.2893392117812,0.0,0,0.1,2719422.9989975695,5850752.402678832,POINT (2719422.9989975695 5850752.402678832),24.428992439856625,46.437587660273124,0.0,0.0,1.0,0.0
69,69,206.9211914722669,0.2069211914722669,Sector 1,304.28933925777073,0.0,0,0.1,2719424.3673017453,5850750.289011229,POINT (2719424.3673017453 5850750.289011229),24.42900473154217,46.437574575213326,0.0,0.0,1.0,0.0
70,70,209.921191472232,0.209921191472232,Sector 1,304.2893392470179,0.0,0,0.1,2719425.714640177,5850748.163065716,POINT (2719425.714640177 5850748.163065716),24.42901683488923,46.437561414141626,0.0,0.0,1.0,0.0
71,71,212.9211914721971,0.2129211914721971,Sector 1,304.2893392324554,0.0,0,0.1,2719426.909910311,5850745.96363375,POINT (2719426.909910311 5850745.96363375),24.429027572183532,46.437547798134666,0.0,0.0,1.0,0.0
72,72,215.9211914721622,0.2159211914721622,Sector 1,304.28933928176724,0.0,0,0.1,2719427.6950563365,5850743.572280773,POINT (2719427.6950563365 5850743.572280773),24.42903462527028,46.437532993999874,0.0,0.0,1.0,0.0
73,73,218.92119147226725,0.2189211914722672,Sector 1,304.28933924718297,0.0,0,0.1,2719428.4650713084,5850741.174774727,POINT (2719428.4650713084 5850741.174774727),24.42904154243246,46.43751815176929,0.0,0.0,1.0,0.0
74,74,221.92119147223235,0.2219211914722323,Sector 1,304.2893392164081,0.0,0,0.1,2719429.2350862804,5850738.77726868,POINT (2719429.2350862804 5850738.77726868),24.429048459594647,46.43750330953465,0.0,0.0,1.0,0.0
75,75,224.92119147219745,0.2249211914721974,Sector 1,296.2448747495225,0.0,0,0.1,2719430.0051012523,5850736.379762634,POINT (2719430.0051012523 5850736.379762634),24.42905537675683,46.43748846729597,0.0,0.0,1.0,0.0
76,76,227.91773174395487,0.2279177317439548,Sector 1,295.3046637961627,0.0,0,0.1,2719430.7307923865,5850733.974752662,POINT (2719430.7307923865 5850733.974752662),24.429061895751204,46.437473578598684,0.0,0.0,1.0,0.0
77,77,230.9177317437132,0.2309177317437132,Sector 1,295.3046637840224,0.0,0,0.1,2719431.451646505,5850731.565624306,POINT (2719431.451646505 5850731.565624306),24.429068371293926,46.43745866440163,0.0,0.0,1.0,0.0
78,78,233.9177317438925,0.2339177317438925,Sector 1,284.80127476332933,0.0,0,0.1,2719432.170955537,5850729.156339001,POINT (2719432.170955537 5850729.156339001),24.4290748329569,46.43744374922888,0.0,0.0,1.0,0.0
79,79,236.90389353149757,0.2369038935314975,Sector 1,281.91991735462864,1.2183329249321713,0,0.1,2719432.297101112,5850726.655465942,POINT (2719432.297101112 5850726.655465942),24.429075966141884,46.43742826705911,0.0,0.0,1.0,0.0
80,80,239.90389353155135,0.2399038935315513,Sector 1,281.91991735510305,0.0,0,0.1,2719432.405018179,5850724.139696227,POINT (2719432.405018179 5850724.139696227),24.429076935577392,46.43741269266408,0.0,0.0,1.0,0.0
81,81,242.9038935316052,0.2429038935316052,Sector 1,281.91991734597786,0.0,0,0.1,2719432.512935247,5850721.623926514,POINT (2719432.512935247 5850721.623926514),24.429077905012903,46.43739711826461,0.0,0.0,1.0,0.0
82,82,245.90389353120344,0.2459038935312034,Sector 1,271.496481897629,0.0,0,0.1,2719432.6208523144,5850719.108156799,POINT (2719432.6208523144 5850719.108156799),24.429078874448415,46.43738154386068,0.0,0.0,1.0,0.0
83,83,248.8967545989303,0.2488967545989303,Sector 1,270.0000097621603,0.0,0,0.1,2719432.7285125777,5850716.598373722,POINT (2719432.7285125777 5850716.598373722),24.429079841577014,46.43736600651388,0.0,0.0,1.0,0.0
84,84,251.8967545989303,0.2518967545989303,Sector 1,270.0000097621603,0.0,0,0.1,2719432.8364296453,5850714.082604008,POINT (2719432.8364296453 5850714.082604008),24.42908081101253,46.437350432101056,0.0,0.0,1.0,0.0
85,85,254.8967545989303,0.2548967545989303,Sector 1,259.9236991149954,0.0,0,0.1,2719432.944346713,5850711.566834294,POINT (2719432.944346713 5850711.566834294),24.42908178044804,46.43733485768379,0.0,0.0,1.0,0.0
86,86,257.85992991328465,0.2578599299132846,Sector 1,251.90996297463408,0.0,0,0.1,2719433.046391971,5850709.081670169,POINT (2719433.046391971 5850709.081670169),24.42908269713619,46.437319472732675,0.0,0.0,1.0,0.0
87,87,260.85992991310053,0.2608599299131005,Sector 1,251.90996292489308,0.0,0,0.1,2719433.1489320137,5850706.565575004,POINT (2719433.1489320137 5850706.565575004),24.429083618269065,46.43730389629178,0.0,0.0,1.0,0.0
88,88,263.85992991320563,0.2638599299132056,Sector 1,251.90996297051424,0.0,0,0.1,2719433.251472057,5850704.049479839,POINT (2719433.251472057 5850704.049479839),24.429084539401945,46.43728831984644,0.0,0.0,1.0,0.0
89,89,266.8599299130215,0.2668599299130215,Sector 1,240.49487869300168,6.377228030637723,0,0.1,2719433.3540121,5850701.533384675,POINT (2719433.3540121 5850701.533384675),24.429085460534825,46.43727274339665,0.0,0.0,1.0,0.0
90,90,269.85901048907834,0.2698590104890783,Sector 1,240.3191602908265,0.0,0,0.1,2719433.343104237,5850699.021614143,POINT (2719433.343104237 5850699.021614143),24.429085362547827,46.43725719371501,0.0,0.0,1.0,0.0
91,91,272.8590104891244,0.2728590104891243,Sector 1,240.31916030105623,0.0,0,0.1,2719433.080649178,5850696.517133759,POINT (2719433.080649178 5850696.517133759),24.429083004873917,46.43724168916028,0.0,0.0,1.0,0.0
92,92,275.85901048922705,0.275859010489227,Sector 1,234.24104728942973,0.0,0,0.1,2719432.818194119,5850694.012653377,POINT (2719432.818194119 5850694.012653377),24.429080647200006,46.43722618460114,0.0,0.0,1.0,0.0
93,93,278.8355353882436,0.2788355353882436,Sector 1,225.7785751499972,0.0,0,0.1,2719432.5577927795,5850691.527770638,POINT (2719432.5577927795 5850691.527770638),24.429078307974976,46.437210801361324,0.0,0.0,1.0,0.0
94,94,281.8355353885155,0.2818355353885154,Sector 1,225.77857517629977,0.0,0,0.1,2719432.295337721,5850689.023290254,POINT (2719432.295337721 5850689.023290254),24.42907595030107,46.43719529679338,0.0,0.0,1.0,0.0
95,95,284.8355353884716,0.2848355353884715,Sector 1,218.98444785008832,0.0,0,0.1,2719432.000412966,5850686.52550474,POINT (2719432.000412966 5850686.52550474),24.42907330094692,46.43717983366719,0.0,0.0,1.0,0.0
96,96,287.80938129649445,0.2878093812964944,Sector 1,210.54794710157927,0.0,0,0.1,2719431.442994405,5850684.127396904,POINT (2719431.442994405 5850684.127396904),24.42906829357079,46.43716498761488,0.0,0.0,1.0,0.0
97,97,290.80938129682846,0.2908093812968285,Sector 1,210.5479470978956,0.0,0,0.1,2719430.3270977205,5850681.873858093,POINT (2719430.3270977205 5850681.873858093),24.429058269300317,46.43715103654754,0.0,0.0,1.0,0.0
98,98,293.8093812971625,0.2938093812971625,Sector 1,205.5252393835684,0.0,0,0.1,2719429.1811457467,5850679.634441632,POINT (2719429.1811457467 5850679.634441632),24.42904797503859,46.43713717290442,0.0,0.0,1.0,0.0
99,99,296.7780480955197,0.2967780480955197,Sector 1,191.8745204650281,0.0,0,0.1,2719428.014948247,5850677.43355136,POINT (2719428.014948247 5850677.43355136),24.429037498908208,46.43712354776345,0.0,0.0,1.0,0.0
100,100,299.77804809532495,0.2997780480953249,Sector 1,191.8745204882657,0.0,0,0.1,2719426.836441956,5850675.209431488,POINT (2719426.836441956 5850675.209431488),24.42902691220607,46.4371097788106,0.0,0.0,1.0,0.0
101,101,302.77804809522604,0.302778048095226,Sector 1,188.8604964937219,13.170166746727476,0,0.1,2719425.6579356645,5850672.985311618,POINT (2719425.6579356645 5850672.985311618),24.42901632550393,46.43709600985427,0.0,0.0,1.0,0.0
102,102,305.7703063654111,0.3057703063654111,Sector 1,183.23763648472996,0.0,0,0.1,2719424.482470599,5850670.766931258,POINT (2719424.482470599 5850670.766931258),24.429005766121588,46.437082276426324,0.0,0.0,1.0,0.0
103,103,308.77030636573846,0.3087703063657385,Sector 1,183.2376364829981,0.0,0,0.1,2719423.3039643075,5850668.542811387,POINT (2719423.3039643075 5850668.542811387),24.428995179419445,46.43706850746304,0.0,0.0,1.0,0.0
104,104,311.770306365136,0.311770306365136,Sector 1,183.2376364818205,0.0,0,0.1,2719422.125458016,5850666.318691517,POINT (2719422.125458016 5850666.318691517),24.428984592717306,46.437054738496286,0.0,0.0,1.0,0.0
105,105,314.77030636546334,0.3147703063654633,Sector 1,183.2376364974699,0.0,0,0.1,2719420.735233638,5850664.220640954,POINT (2719420.735233638 5850664.220640954),24.428972104119232,46.43704174998972,0.0,0.0,1.0,0.0
106,106,317.770306365817,0.317770306365817,Sector 1,183.2376364838981,0.0,0,0.1,2719419.3238941776,5850662.135163542,POINT (2719419.3238941776 5850662.135163542),24.42895942584115,46.437028839317314,0.0,0.0,1.0,0.0
107,107,320.77030636521454,0.3207703063652145,Sector 1,178.600745034002,0.0,0,0.1,2719417.912554718,5850660.049686132,POINT (2719417.912554718 5850660.049686132),24.428946747563074,46.43701592864187,0.0,0.0,1.0,0.0
108,108,323.7646206248883,0.3237646206248883,Sector 1,175.91657857980147,0.0,0,0.1,2719416.5038900943,5850657.968161215,POINT (2719416.5038900943 5850657.968161215),24.428934093313458,46.43700304243227,0.0,0.0,1.0,0.0
109,109,326.7646206246365,0.3267646206246365,Sector 1,175.91657858110693,0.0,0,0.1,2719415.0925506344,5850655.882683805,POINT (2719415.0925506344 5850655.882683805),24.428921415035376,46.436990131750726,0.0,0.0,1.0,0.0
110,110,329.7646206253137,0.3297646206253137,Sector 1,175.91657857496898,0.0,0,0.1,2719413.6812111735,5850653.7972063925,POINT (2719413.6812111735 5850653.7972063925),24.42890873675729,46.43697722106607,0.0,0.0,1.0,0.0
111,111,332.76462062506187,0.3327646206250618,Sector 1,175.91657857812868,0.0,0,0.1,2719412.2698717136,5850651.711728983,POINT (2719412.2698717136 5850651.711728983),24.42889605847921,46.4369643103784,0.0,0.0,1.0,0.0
112,112,335.76462062481005,0.33576462062481,Sector 1,175.91657858222857,0.0,0,0.1,2719410.8585322537,5850649.626251572,POINT (2719410.8585322537 5850649.626251572),24.42888338020113,46.43695139968766,0.0,0.0,1.0,0.0
113,113,338.76462062455823,0.3387646206245582,Sector 1,175.91657858073938,0.0,0,0.1,2719409.4471927937,5850647.540774161,POINT (2719409.4471927937 5850647.540774161),24.428870701923053,46.43693848899386,0.0,0.0,1.0,0.0
114,114,341.7646206252354,0.3417646206252354,Sector 1,175.91657856576046,0.0,0,0.1,2719408.0358533333,5850645.45529675,POINT (2719408.0358533333 5850645.45529675),24.428858023644967,46.43692557829701,0.0,0.0,1.0,0.0
115,115,344.7646206249836,0.3447646206249836,Sector 1,175.91657858660153,0.0,0,0.1,2719406.6245138734,5850643.369819338,POINT (2719406.6245138734 5850643.369819338),24.428845345366888,46.43691266759708,0.0,0.0,1.0,0.0
116,116,347.7646206247318,0.3477646206247318,Sector 1,175.91657857511564,11.712417792585574,0,0.1,2719405.2131744134,5850641.284341929,POINT (2719405.2131744134 5850641.284341929),24.42883266708881,46.43689975689411,0.0,0.0,1.0,0.0
117,117,350.7646206254089,0.350764620625409,Sector 1,175.91657858432143,0.0,0,0.1,2719403.801565009,5850639.199045119,POINT (2719403.801565009 5850639.199045119),24.42881998638578,46.43688684730613,0.0,0.0,1.0,0.0
118,118,353.76462062515714,0.3537646206251571,Sector 1,175.91657856888514,0.0,0,0.1,2719402.3852106156,5850637.116922875,POINT (2719402.3852106156 5850637.116922875),24.428807263057784,46.4368739573681,0.0,0.0,1.0,0.0
119,119,356.7646206249053,0.3567646206249053,Sector 1,175.91657858623284,0.0,0,0.1,2719400.9688562215,5850635.034800631,POINT (2719400.9688562215 5850635.034800631),24.428794539729783,46.43686106742702,0.0,0.0,1.0,0.0
120,120,359.7646206246535,0.3597646206246535,Sector 1,175.91657857334965,0.0,0,0.1,2719399.552501828,5850632.952678387,POINT (2719399.552501828 5850632.952678387),24.428781816401788,46.436848177482894,0.0,0.0,1.0,0.0
121,121,362.7646206253307,0.3627646206253306,Sector 1,175.91657858604833,0.0,0,0.1,2719398.1361474344,5850630.870556143,POINT (2719398.1361474344 5850630.870556143),24.428769093073797,46.436835287535715,0.0,0.0,1.0,0.0
122,122,365.76462062507886,0.3657646206250788,Sector 1,175.91657857595942,0.0,0,0.1,2719396.719793041,5850628.788433899,POINT (2719396.719793041 5850628.788433899),24.428756369745802,46.43682239758549,0.0,0.0,1.0,0.0
123,123,368.7646206248271,0.368764620624827,Sector 1,175.91657857981738,0.0,0,0.1,2719395.3034386467,5850626.706311655,POINT (2719395.3034386467 5850626.706311655),24.4287436464178,46.43680950763221,0.0,0.0,1.0,0.0
124,124,371.7646206245752,0.3717646206245752,Sector 1,175.91657858182077,0.0,0,0.1,2719393.887084253,5850624.624189411,POINT (2719393.887084253 5850624.624189411),24.428730923089805,46.43679661767588,0.0,0.0,1.0,0.0
125,125,374.7646206252524,0.3747646206252524,Sector 1,175.91657858498002,0.0,0,0.1,2719392.470729859,5850622.542067167,POINT (2719392.470729859 5850622.542067167),24.428718199761807,46.43678372771651,0.0,0.0,1.0,0.0
126,126,377.76462062496745,0.3777646206249674,Sector 1,175.9383549897982,0.0,0,0.1,2719391.0543754655,5850620.459944923,POINT (2719391.0543754655 5850620.459944923),24.42870547643381,46.43677083775409,0.0,0.0,1.0,0.0
127,127,380.764615432326,0.380764615432326,Sector 1,176.4602349890713,0.0,0,0.1,2719389.6380235236,5850618.377826283,POINT (2719389.6380235236 5850618.377826283),24.42869275312784,46.43675794781093,0.0,0.0,1.0,0.0
128,128,383.7646154322767,0.3837646154322767,Sector 1,176.46023497276383,0.0,0,0.1,2719388.2216691296,5850616.29570404,POINT (2719388.2216691296 5850616.29570404),24.428680029799843,46.43674505784241,0.0,0.0,1.0,0.0
129,129,386.7646154322561,0.3867646154322561,Sector 1,176.4602349827611,0.0,0,0.1,2719386.8053147355,5850614.213581795,POINT (2719386.8053147355 5850614.213581795),24.428667306471844,46.43673216787084,0.0,0.0,1.0,0.0
130,130,389.7646154322068,0.3897646154322067,Sector 1,176.46023497380838,0.0,0,0.1,2719385.3894998888,5850612.131091383,POINT (2719385.3894998888 5850612.131091383),24.42865458799068,46.43671927561697,0.0,0.0,1.0,0.0
131,131,392.7646154321574,0.3927646154321574,Sector 1,176.46023497895953,9.71732186742432,0,0.1,2719383.974337891,5850610.048155491,POINT (2719383.974337891 5850610.048155491),24.42864187537416,46.436706380602175,0.0,0.0,1.0,0.0
132,132,395.7646154321369,0.3957646154321368,Sector 1,176.4602349828133,0.0,0,0.1,2719382.5591758937,5850607.965219598,POINT (2719382.5591758937 5850607.965219598),24.42862916275764,46.43669348558433,0.0,0.0,1.0,0.0
133,133,398.7646154320875,0.3987646154320875,Sector 1,176.46023497325473,0.0,0,0.1,2719381.1440138957,5850605.882283705,POINT (2719381.1440138957 5850605.882283705),24.428616450141117,46.43668059056343,0.0,0.0,1.0,0.0
134,134,401.7646154320669,0.4017646154320669,Sector 1,176.46023498204033,0.0,0,0.1,2719379.728851898,5850603.799347812,POINT (2719379.728851898 5850603.799347812),24.4286037375246,46.436667695539484,0.0,0.0,1.0,0.0
135,135,404.7646154320176,0.4047646154320176,Sector 1,176.46023497187593,0.0,0,0.1,2719378.3136899006,5850601.716411919,POINT (2719378.3136899006 5850601.716411919),24.42859102490808,46.43665480051247,0.0,0.0,1.0,0.0
136,136,407.764615431997,0.407764615431997,Sector 1,176.46023498308443,0.0,0,0.1,2719376.898527903,5850599.633476027,POINT (2719376.898527903 5850599.633476027),24.42857831229156,46.436641905482425,0.0,0.0,1.0,0.0
137,137,410.7646154319477,0.4107646154319477,Sector 1,176.46023497352564,0.0,0,0.1,2719375.4830626557,5850597.550746561,POINT (2719375.4830626557 5850597.550746561),24.4285655969509,46.436629011727256,0.0,0.0,1.0,0.0
138,138,413.76461543189833,0.4137646154318983,Sector 1,176.46023497867657,0.0,0,0.1,2719374.06489825,5850595.46985446,POINT (2719374.06489825 5850595.46985446),24.428552857363293,46.436616129343804,0.0,0.0,1.0,0.0
139,139,416.76461543187776,0.4167646154318777,Sector 1,176.46023497456952,0.0,0,0.1,2719372.646733844,5850593.388962359,POINT (2719372.646733844 5850593.388962359),24.428540117775682,46.43660324695731,0.0,0.0,1.0,0.0
140,140,419.7646154318284,0.4197646154318284,Sector 1,176.4602349815376,0.0,0,0.1,2719371.2285694377,5850591.308070257,POINT (2719371.2285694377 5850591.308070257),24.428527378188065,46.43659036456776,0.0,0.0,1.0,0.0
141,141,422.76461543180784,0.4227646154318078,Sector 1,176.46023497561328,0.0,0,0.1,2719369.8104050322,5850589.227178156,POINT (2719369.8104050322 5850589.227178156),24.428514638600454,46.436577482175174,0.0,0.0,1.0,0.0
142,142,425.7646154317585,0.4257646154317585,Sector 1,176.46023498630166,0.0,0,0.1,2719368.3922406263,5850587.146286055,POINT (2719368.3922406263 5850587.146286055),24.428501899012844,46.436564599779544,0.0,0.0,1.0,0.0
143,143,428.7646154317092,0.4287646154317092,Sector 1,176.4602349742338,0.0,0,0.1,2719366.9740762208,5850585.065393954,POINT (2719366.9740762208 5850585.065393954),24.428489159425236,46.43655171738085,0.0,0.0,1.0,0.0
144,144,431.7646154316886,0.4317646154316886,Sector 1,176.46023498301895,0.0,0,0.1,2719365.555911815,5850582.984501853,POINT (2719365.555911815 5850582.984501853),24.428476419837622,46.436538834979125,0.0,0.0,1.0,0.0
145,145,434.7646154325688,0.4347646154325688,Sector 1,176.46023497467138,0.0,0,0.1,2719364.1377474084,5850580.903609751,POINT (2719364.1377474084 5850580.903609751),24.428463680250005,46.43652595257435,0.0,0.0,1.0,0.0
146,146,437.7646154325482,0.4377646154325482,Sector 1,176.46023498103352,9.269404033665452,0,0.1,2719362.7195830024,5850578.822717649,POINT (2719362.7195830024 5850578.822717649),24.42845094066239,46.436513070166534,0.0,0.0,1.0,0.0
147,147,440.7646154324989,0.4407646154324989,Sector 1,176.46023497943497,0.0,0,0.1,2719361.3014185964,5850576.741825548,POINT (2719361.3014185964 5850576.741825548),24.42843820107478,46.43650018775567,0.0,0.0,1.0,0.0
148,148,443.7646154324496,0.4437646154324495,Sector 1,176.4602349673669,0.0,0,0.1,2719359.883254191,5850574.660933447,POINT (2719359.883254191 5850574.660933447),24.428425461487173,46.43648730534177,0.0,0.0,1.0,0.0
149,149,446.76461543242897,0.4467646154324289,Sector 1,176.46023498722718,0.0,0,0.1,2719358.465089785,5850572.580041345,POINT (2719358.465089785 5850572.580041345),24.42841272189956,46.43647442292481,0.0,0.0,1.0,0.0
150,150,449.7646154323796,0.4497646154323796,Sector 1,176.4602349690157,0.0,0,0.1,2719357.046925379,5850570.499149244,POINT (2719357.046925379 5850570.499149244),24.428399982311944,46.43646154050481,0.0,0.0,1.0,0.0
151,151,452.7646154323591,0.4527646154323591,Sector 1,176.46023498645286,0.0,0,0.1,2719355.6287609735,5850568.418257143,POINT (2719355.6287609735 5850568.418257143),24.428387242724337,46.43644865808177,0.0,0.0,1.0,0.0
152,152,455.7646154323097,0.4557646154323097,Sector 1,176.46023496763553,0.0,0,0.1,2719354.210596567,5850566.3373650415,POINT (2719354.210596567 5850566.3373650415),24.42837450313672,46.436435775655674,0.0,0.0,1.0,0.0
153,153,458.76461543228913,0.4587646154322891,Sector 1,176.46023498810132,0.0,0,0.1,2719352.7924321615,5850564.256472941,POINT (2719352.7924321615 5850564.256472941),24.42836176354911,46.436422893226535,0.0,0.0,1.0,0.0
154,154,461.7646154322398,0.4617646154322398,Sector 1,176.46023498892555,0.0,0,0.1,2719351.3742677555,5850562.17558084,POINT (2719351.3742677555 5850562.17558084),24.428349023961495,46.43641001079436,0.0,0.0,1.0,0.0
155,155,464.76461543219045,0.4647646154321904,Sector 1,176.46023496707937,0.0,0,0.1,2719349.9561033496,5850560.094688738,POINT (2719349.9561033496 5850560.094688738),24.428336284373884,46.436397128359125,0.0,0.0,1.0,0.0
156,156,467.7646154321699,0.4677646154321698,Sector 1,176.46023498754505,0.0,0,0.1,2719348.537938944,5850558.013796637,POINT (2719348.537938944 5850558.013796637),24.428323544786277,46.43638424592085,0.0,0.0,1.0,0.0
157,157,470.7646154321205,0.4707646154321205,Sector 1,176.4602349663046,0.0,0,0.1,2719347.119774538,5850555.932904535,POINT (2719347.119774538 5850555.932904535),24.428310805198663,46.43637136347953,0.0,0.0,1.0,0.0
158,158,473.7646154321,0.4737646154320999,Sector 1,176.46023498616444,0.0,0,0.1,2719345.701610132,5850553.852012434,POINT (2719345.701610132 5850553.852012434),24.42829806561105,46.43635848103517,0.0,0.0,1.0,0.0
159,159,476.7646154320506,0.4767646154320506,Sector 1,177.89639647476326,0.0,0,0.1,2719344.283445726,5850551.771120333,POINT (2719344.283445726 5850551.771120333),24.42828532602344,46.436345598587764,0.0,0.0,1.0,0.0
160,160,479.7632350971231,0.4797632350971231,Sector 1,180.0,0.0,0,0.1,2719342.8659338346,5850549.691185674,POINT (2719342.8659338346 5850549.691185674),24.428272592297464,46.43633272206467,0.0,0.0,1.0,0.0
161,161,482.7632350971231,0.482763235097123,Sector 1,180.0,16.144112346524135,0,0.1,2719341.4477694286,5850547.610293573,POINT (2719341.4477694286 5850547.610293573),24.42825985270985,46.43631983961117,0.0,0.0,1.0,0.0
162,162,485.7632350971231,0.485763235097123,Sector 1,180.0,0.0,0,0.1,2719340.0296050226,5850545.529401471,POINT (2719340.0296050226 5850545.529401471),24.42824711312224,46.43630695715462,0.0,0.0,1.0,0.0
163,163,488.7632350971231,0.488763235097123,Sector 1,180.0,0.0,0,0.1,2719338.6114406167,5850543.44850937,POINT (2719338.6114406167 5850543.44850937),24.428234373534625,46.436294074695034,0.0,0.0,1.0,0.0
164,164,491.7632350971231,0.491763235097123,Sector 1,180.0,0.0,0,0.1,2719337.1932762107,5850541.367617269,POINT (2719337.1932762107 5850541.367617269),24.42822163394701,46.4362811922324,0.0,0.0,1.0,0.0
165,165,494.7632350971231,0.494763235097123,Sector 1,180.0,0.0,0,0.1,2719335.7751118047,5850539.286725167,POINT (2719335.7751118047 5850539.286725167),24.4282088943594,46.43626830976672,0.0,0.0,1.0,0.0
166,166,497.7632350971231,0.497763235097123,Sector 1,180.0,0.0,0,0.1,2719334.356947399,5850537.205833066,POINT (2719334.356947399 5850537.205833066),24.42819615477179,46.43625542729799,0.0,0.0,1.0,0.0
167,167,500.7632350971231,0.5007632350971231,Sector 1,180.0,0.0,0,0.1,2719332.9387829932,5850535.124940964,POINT (2719332.9387829932 5850535.124940964),24.428183415184176,46.436242544826214,0.0,0.0,1.0,0.0
168,168,503.7632350971231,0.5037632350971231,Sector 1,180.0,0.0,0,0.1,2719331.5206185873,5850533.044048863,POINT (2719331.5206185873 5850533.044048863),24.42817067559656,46.4362296623514,0.0,0.0,1.0,0.0
169,169,506.7632350971231,0.5067632350971231,Sector 1,182.5228109880221,0.0,0,0.1,2719330.1024541813,5850530.9631567625,POINT (2719330.1024541813 5850530.9631567625),24.42815793600895,46.43621677987354,0.0,0.0,1.0,0.0
170,170,509.7624638159606,0.5097624638159606,Sector 1,183.1918674886145,0.0,0,0.1,2719328.6846543765,5850528.882799645,POINT (2719328.6846543765 5850528.882799645),24.428145199696605,46.43620390070463,0.0,0.0,1.0,0.0
171,171,512.7624638161851,0.5127624638161851,Sector 1,183.1918674870068,0.0,0,0.1,2719327.266463627,5850526.801925413,POINT (2719327.266463627 5850526.801925413),24.428132459872344,46.43619101833131,0.0,0.0,1.0,0.0
172,172,515.7624638154797,0.5157624638154797,Sector 1,183.1918674853992,0.0,0,0.1,2719325.8482478005,5850524.721068193,POINT (2719325.8482478005 5850524.721068193),24.428119719822813,46.436178136060256,0.0,0.0,1.0,0.0
173,173,518.7624638157042,0.5187624638157042,Sector 1,183.19186749382072,0.0,0,0.1,2719324.430031973,5850522.640210973,POINT (2719324.430031973 5850522.640210973),24.428106979773275,46.43616525378615,0.0,0.0,1.0,0.0
174,174,521.7624638159288,0.5217624638159287,Sector 1,183.1918674860079,0.0,0,0.1,2719323.0118161463,5850520.559353752,POINT (2719323.0118161463 5850520.559353752),24.42809423972374,46.436152371508996,0.0,0.0,1.0,0.0
175,175,524.7624638161533,0.5247624638161533,Sector 1,183.19186748713173,0.0,0,0.1,2719321.5936003188,5850518.478496531,POINT (2719321.5936003188 5850518.478496531),24.4280814996742,46.43613948922881,0.0,0.0,1.0,0.0
176,176,527.7624638154479,0.5277624638154479,Sector 1,183.19186749391451,-8.500210237202843,0,0.1,2719320.175384492,5850516.397639312,POINT (2719320.175384492 5850516.397639312),24.42806875962467,46.43612660694557,0.0,0.0,1.0,0.0
177,177,530.7624638156724,0.5307624638156724,Sector 1,183.1918674923071,0.0,0,0.1,2719318.757168665,5850514.316782091,POINT (2719318.757168665 5850514.316782091),24.428056019575134,46.436113724659286,0.0,0.0,1.0,0.0
178,178,533.7624638159228,0.5337624638159228,Sector 1,183.19186749343103,0.0,0,0.1,2719317.338952838,5850512.23592487,POINT (2719317.338952838 5850512.23592487),24.428043279525596,46.43610084236995,0.0,0.0,1.0,0.0
179,179,536.7624638161474,0.5367624638161473,Sector 1,183.1918674872572,0.0,0,0.1,2719315.9207370104,5850510.15506765,POINT (2719315.9207370104 5850510.15506765),24.428030539476055,46.43608796007759,0.0,0.0,1.0,0.0
180,180,539.762463815442,0.5397624638154419,Sector 1,188.2648497533494,0.0,0,0.1,2719314.502521184,5850508.07421043,POINT (2719314.502521184 5850508.07421043),24.428017799426524,46.436075077782164,0.0,0.0,1.0,0.0
181,181,542.7564402176685,0.5427564402176684,Sector 1,190.86395985218851,0.0,0,0.1,2719313.087152944,5850505.997531292,POINT (2719313.087152944 5850505.997531292),24.4280050849573,46.43606222134964,0.0,0.0,1.0,0.0
182,182,545.7564402176058,0.5457564402176058,Sector 1,190.86395985610625,0.0,0,0.1,2719311.6689371173,5850503.916674071,POINT (2719311.6689371173 5850503.916674071),24.427992344907764,46.436049339048125,0.0,0.0,1.0,0.0
183,183,548.7564402175432,0.5487564402175432,Sector 1,190.8639598541389,0.0,0,0.1,2719310.2507212902,5850501.835816851,POINT (2719310.2507212902 5850501.835816851),24.42797960485823,46.43603645674358,0.0,0.0,1.0,0.0
184,184,551.7564402174805,0.5517564402174805,Sector 1,190.8639598599059,0.0,0,0.1,2719308.8431372833,5850499.747768269,POINT (2719308.8431372833 5850499.747768269),24.427966960315956,46.436023529915225,0.0,0.0,1.0,0.0
185,185,554.7564402174179,0.5547564402174179,Sector 1,190.86395986567305,0.0,0,0.1,2719307.4390345416,5850497.65736496,POINT (2719307.4390345416 5850497.65736496),24.427954347046423,46.436010588506,0.0,0.0,1.0,0.0
186,186,557.756440217443,0.557756440217443,Sector 1,190.8639598478196,0.0,0,0.1,2719306.0349317994,5850495.566961652,POINT (2719306.0349317994 5850495.566961652),24.427941733776887,46.43599764709371,0.0,0.0,1.0,0.0
187,187,560.7564402173804,0.5607564402173804,Sector 1,190.8639598554361,0.0,0,0.1,2719304.6308290577,5850493.4765583435,POINT (2719304.6308290577 5850493.4765583435),24.42792912050735,46.435984705678344,0.0,0.0,1.0,0.0
188,188,563.7564402182325,0.5637564402182325,Sector 1,190.8639598431302,0.0,0,0.1,2719303.2267263154,5850491.3861550335,POINT (2719303.2267263154 5850491.3861550335),24.427916507237814,46.43597176425989,0.0,0.0,1.0,0.0
189,189,566.7564402181698,0.5667564402181698,Sector 1,194.23780868183275,0.0,0,0.1,2719301.8226235737,5850489.295751725,POINT (2719301.8226235737 5850489.295751725),24.427903893968278,46.43595882283838,0.0,0.0,1.0,0.0
190,190,569.7530428501856,0.5697530428501856,Sector 1,196.4419428212061,0.0,0,0.1,2719300.420110916,5850487.207715707,POINT (2719300.420110916 5850487.207715707),24.42789129498271,46.43594589606939,0.0,0.0,1.0,0.0
191,191,572.7530428497362,0.5727530428497362,Sector 1,196.44194281227536,18.082252271695538,0,0.1,2719299.016008174,5850485.117312399,POINT (2719299.016008174 5850485.117312399),24.427878681713178,46.43593295464173,0.0,0.0,1.0,0.0
192,192,575.75304285018,0.57575304285018,Sector 1,196.4419428200062,0.0,0,0.1,2719297.6119054323,5850483.026909089,POINT (2719297.6119054323 5850483.026909089),24.427866068443645,46.43592001321099,0.0,0.0,1.0,0.0
193,193,578.7530428497306,0.5787530428497306,Sector 1,196.4419428268237,0.0,0,0.1,2719296.2078026906,5850480.936505781,POINT (2719296.2078026906 5850480.936505781),24.427853455174112,46.435907071777194,0.0,0.0,1.0,0.0
194,194,581.753042849413,0.581753042849413,Sector 1,196.44194282158384,0.0,0,0.1,2719294.803699949,5850478.846102472,POINT (2719294.803699949 5850478.846102472),24.427840841904576,46.43589413034031,0.0,0.0,1.0,0.0
195,195,584.7530428498568,0.5847530428498569,Sector 1,196.44194281265376,0.0,0,0.1,2719293.3995972066,5850476.755699163,POINT (2719293.3995972066 5850476.755699163),24.42782822863504,46.43588118890035,0.0,0.0,1.0,0.0
196,196,587.7530428494074,0.5877530428494074,Sector 1,196.44194281483144,0.0,0,0.1,2719291.995494465,5850474.665295855,POINT (2719291.995494465 5850474.665295855),24.427815615365503,46.43586824745733,0.0,0.0,1.0,0.0
197,197,590.7530428498512,0.5907530428498512,Sector 1,196.44194282998023,0.0,0,0.1,2719290.5913917227,5850472.574892546,POINT (2719290.5913917227 5850472.574892546),24.427803002095967,46.43585530601123,0.0,0.0,1.0,0.0
198,198,593.7530428495336,0.5937530428495336,Sector 1,196.44194281363343,0.0,0,0.1,2719289.187288981,5850470.484489237,POINT (2719289.187288981 5850470.484489237),24.427790388826434,46.43584236456205,0.0,0.0,1.0,0.0
199,199,596.7530428499774,0.5967530428499774,Sector 1,199.75112343741708,0.0,0,0.1,2719287.7831862387,5850468.394085929,POINT (2719287.7831862387 5850468.394085929),24.427777775556894,46.43582942310981,0.0,0.0,1.0,0.0
200,200,599.7491551694488,0.5997491551694488,Sector 1,202.32277473824087,0.0,0,0.1,2719286.3809030647,5850466.3063915605,POINT (2719286.3809030647 5850466.3063915605),24.427765178632818,46.43581649842523,0.0,0.0,1.0,0.0
201,201,602.7491551694641,0.602749155169464,Sector 1,202.32277474356124,-5.473666169282205,0,0.1,2719284.9768003225,5850464.215988251,POINT (2719284.9768003225 5850464.215988251),24.427752565363278,46.43580355696685,0.0,0.0,1.0,0.0
202,202,605.7491551694793,0.6057491551694794,Sector 1,202.32277471907057,0.0,0,0.1,2719283.572697581,5850462.125584942,POINT (2719283.572697581 5850462.125584942),24.427739952093745,46.43579061550538,0.0,0.0,1.0,0.0
203,203,608.7491551694945,0.6087491551694946,Sector 1,202.32277476178896,0.0,0,0.1,2719282.168594839,5850460.035181634,POINT (2719282.168594839 5850460.035181634),24.427727338824212,46.43577767404085,0.0,0.0,1.0,0.0
204,204,611.7491551695098,0.6117491551695098,Sector 1,202.32277471494032,0.0,0,0.1,2719280.764492097,5850457.944778325,POINT (2719280.764492097 5850457.944778325),24.427714725554676,46.43576473257324,0.0,0.0,1.0,0.0
205,205,614.749155169525,0.614749155169525,Sector 1,202.32277474767744,0.0,0,0.1,2719279.3603893546,5850455.854375017,POINT (2719279.3603893546 5850455.854375017),24.427702112285136,46.43575179110256,0.0,0.0,1.0,0.0
206,206,617.7491551695402,0.6177491551695402,Sector 1,202.32277473556425,0.0,0,0.1,2719277.956286613,5850453.763971709,POINT (2719277.956286613 5850453.763971709),24.427689499015603,46.435738849628805,0.0,0.0,1.0,0.0
207,207,620.7491551695555,0.6207491551695555,Sector 1,202.32277472731144,7.347571003764802,0,0.1,2719276.552183871,5850451.673568399,POINT (2719276.552183871 5850451.673568399),24.427676885746067,46.435725908151966,0.0,0.0,1.0,0.0
208,208,623.7491551693938,0.6237491551693938,Sector 1,202.3227747426147,0.0,0,0.1,2719275.148081129,5850449.5831650905,POINT (2719275.148081129 5850449.5831650905),24.42766427247653,46.43571296667206,0.0,0.0,1.0,0.0
209,209,626.749155169409,0.6267491551694091,Sector 1,202.32277473436227,0.0,0,0.1,2719273.743978387,5850447.492761782,POINT (2719273.743978387 5850447.492761782),24.427651659206994,46.43570002518909,0.0,0.0,1.0,0.0
210,210,629.7491551694243,0.6297491551694243,Sector 1,203.7792919769692,0.0,0,0.1,2719272.3398756455,5850445.402358473,POINT (2719272.3398756455 5850445.402358473),24.42763904593746,46.43568708370304,0.0,0.0,1.0,0.0
211,211,632.7486980946992,0.6327486980946992,Sector 1,204.46609106663223,0.0,0,0.1,2719270.93598683,5850443.312273655,POINT (2719270.93598683 5850443.312273655),24.42762643458966,46.43567414418566,0.0,0.0,1.0,0.0
212,212,635.7486980951504,0.6357486980951504,Sector 1,204.46609109264412,0.0,0,0.1,2719269.5318840877,5850441.221870346,POINT (2719269.5318840877 5850441.221870346),24.427613821320122,46.43566120269345,0.0,0.0,1.0,0.0
213,213,638.7486980949468,0.6387486980949468,Sector 1,204.46609106953773,0.0,0,0.1,2719268.127781346,5850439.131467038,POINT (2719268.127781346 5850439.131467038),24.42760120805059,46.43564826119819,0.0,0.0,1.0,0.0
214,214,641.748698095398,0.641748698095398,Sector 1,204.4660910873036,0.0,0,0.1,2719266.723678604,5850437.041063729,POINT (2719266.723678604 5850437.041063729),24.42758859478105,46.43563531969984,0.0,0.0,1.0,0.0
215,215,644.7486980950016,0.6447486980950016,Sector 1,204.46609107650724,0.0,0,0.1,2719265.319575862,5850434.95066042,POINT (2719265.319575862 5850434.95066042),24.427575981511517,46.43562237819843,0.0,0.0,1.0,0.0
216,216,647.7486980946052,0.6477486980946052,Sector 1,204.4660910781408,0.0,0,0.1,2719263.9154731203,5850432.8602571115,POINT (2719263.9154731203 5850432.8602571115),24.427563368241984,46.43560943669394,0.0,0.0,1.0,0.0
217,217,650.7486980952493,0.6507486980952494,Sector 1,204.46609109566705,0.0,0,0.1,2719262.511370378,5850430.769853802,POINT (2719262.511370378 5850430.769853802),24.427550754972444,46.435596495186374,0.0,0.0,1.0,0.0
218,218,653.7486980948529,0.6537486980948529,Sector 1,204.4660910687386,0.0,0,0.1,2719261.1072676363,5850428.679450494,POINT (2719261.1072676363 5850428.679450494),24.42753814170291,46.43558355367574,0.0,0.0,1.0,0.0
219,219,656.7486980944565,0.6567486980944565,Sector 1,204.46609108244223,0.0,0,0.1,2719259.7031648946,5850426.589047186,POINT (2719259.7031648946 5850426.589047186),24.427525528433378,46.43557061216204,0.0,0.0,1.0,0.0
220,220,659.7486980951006,0.6597486980951006,Sector 1,204.4660910838364,0.0,0,0.1,2719258.2990621524,5850424.498643877,POINT (2719258.2990621524 5850424.498643877),24.427512915163838,46.435557670645245,0.0,0.0,1.0,0.0
221,221,662.7486980947042,0.6627486980947042,Sector 1,204.46609107106968,0.0,0,0.1,2719256.8895276734,5850422.411914273,POINT (2719256.8895276734 5850422.411914273),24.42750025310018,46.435544751869,0.0,0.0,1.0,0.0
222,222,665.7486980951554,0.6657486980951555,Sector 1,204.46609108883712,0.0,0,0.1,2719255.4714640058,5850420.330953306,POINT (2719255.4714640058 5850420.330953306),24.427487514417514,46.43553186880289,0.0,0.0,1.0,0.0
223,223,668.7486980949518,0.6687486980949519,Sector 1,204.46609108407705,0.0,0,0.1,2719254.0534003377,5850418.249992338,POINT (2719254.0534003377 5850418.249992338),24.427474775734847,46.43551898573371,0.0,0.0,1.0,0.0
224,224,671.7486980945554,0.6717486980945554,Sector 1,204.46609106527623,36.05030866168836,0,0.1,2719252.634587411,5850416.16954294,POINT (2719252.634587411 5850416.16954294),24.427462030321472,46.43550610582859,0.0,0.0,1.0,0.0
225,225,674.7486980950066,0.6747486980950066,Sector 1,204.4660910952337,0.0,0,0.1,2719251.215320782,5850414.089403314,POINT (2719251.215320782 5850414.089403314),24.42744928083242,46.43549322783818,0.0,0.0,1.0,0.0
226,226,677.748698094803,0.677748698094803,Sector 1,204.46609107225,0.0,0,0.1,2719249.7960541532,5850412.009263687,POINT (2719249.7960541532 5850412.009263687),24.42743653134337,46.43548034984474,0.0,0.0,1.0,0.0
227,227,680.7486980952542,0.6807486980952542,Sector 1,204.46609107770877,-5.416484301953561,0,0.1,2719248.3767875237,5850409.92912406,POINT (2719248.3767875237 5850409.92912406),24.42742378185432,46.435467471848256,0.0,0.0,1.0,0.0
228,228,683.7486980948578,0.6837486980948578,Sector 1,204.46609107516144,0.0,0,0.1,2719246.9575208956,5850407.848984433,POINT (2719246.9575208956 5850407.848984433),24.427411032365274,46.435454593848725,0.0,0.0,1.0,0.0
229,229,686.7486980946542,0.6867486980946542,Sector 1,204.46609108480385,0.0,0,0.1,2719245.5382542666,5850405.7688448075,POINT (2719245.5382542666 5850405.7688448075),24.427398282876222,46.43544171584616,0.0,0.0,1.0,0.0
230,230,689.7486980951054,0.6897486980951054,Sector 1,204.46609109432632,0.0,0,0.1,2719244.1189876376,5850403.688705181,POINT (2719244.1189876376 5850403.688705181),24.427385533387174,46.43542883784054,0.0,0.0,1.0,0.0
231,231,692.748698094709,0.692748698094709,Sector 1,204.46609106321725,0.0,0,0.1,2719242.699721009,5850401.608565554,POINT (2719242.699721009 5850401.608565554),24.427372783898125,46.43541595983187,0.0,0.0,1.0,0.0
232,232,695.7486980951602,0.6957486980951602,Sector 1,204.46609109723929,0.0,0,0.1,2719241.28045438,5850399.528425927,POINT (2719241.28045438 5850399.528425927),24.427360034409077,46.43540308182017,0.0,0.0,1.0,0.0
233,233,698.7486980949566,0.6987486980949565,Sector 1,204.46609108656665,0.0,0,0.1,2719239.861187751,5850397.4482863005,POINT (2719239.861187751 5850397.4482863005),24.427347284920025,46.43539020380543,0.0,0.0,1.0,0.0
234,234,701.7486980945602,0.7017486980945602,Sector 1,204.46609105952135,0.0,0,0.1,2719238.4419211224,5850395.368146675,POINT (2719238.4419211224 5850395.368146675),24.427334535430976,46.43537732578764,0.0,0.0,1.0,0.0
235,235,704.7486980950114,0.7047486980950114,Sector 1,204.4660910894808,0.0,0,0.1,2719237.0226544933,5850393.288007048,POINT (2719237.0226544933 5850393.288007048),24.427321785941928,46.43536444776681,0.0,0.0,1.0,0.0
236,236,707.7486980948078,0.7077486980948078,Sector 1,204.46609105825263,0.0,0,0.1,2719235.6033878643,5850391.207867422,POINT (2719235.6033878643 5850391.207867422),24.427309036452876,46.43535156974294,0.0,0.0,1.0,0.0
237,237,710.748698095259,0.710748698095259,Sector 1,204.4660910964589,0.0,0,0.1,2719234.1841212357,5850389.127727794,POINT (2719234.1841212357 5850389.127727794),24.427296286963827,46.435338691716005,0.0,0.0,1.0,0.0
238,238,713.7486980948626,0.7137486980948625,Sector 1,204.4660910958851,0.0,0,0.1,2719232.764854607,5850387.047588168,POINT (2719232.764854607 5850387.047588168),24.427283537474782,46.43532581368605,0.0,0.0,1.0,0.0
239,239,716.748698094659,0.7167486980946589,Sector 1,204.46609105665135,0.0,0,0.1,2719231.345587978,5850384.967448542,POINT (2719231.345587978 5850384.967448542),24.42727078798573,46.435312935653045,0.0,0.0,1.0,0.0
240,240,719.7486980951102,0.7197486980951102,Sector 1,204.46609108858323,22.01583443877657,0,0.1,2719229.926321349,5850382.887308915,POINT (2719229.926321349 5850382.887308915),24.427258038496678,46.435300057617,0.0,0.0,1.0,0.0
241,241,722.7486980947137,0.7227486980947138,Sector 1,204.46609107582051,0.0,0,0.1,2719228.5070547205,5850380.807169289,POINT (2719228.5070547205 5850380.807169289),24.427245289007633,46.43528717957791,0.0,0.0,1.0,0.0
242,242,725.7486980953579,0.7257486980953579,Sector 1,204.46609107524756,0.0,0,0.1,2719227.087788091,5850378.727029662,POINT (2719227.087788091 5850378.727029662),24.427232539518577,46.43527430153576,0.0,0.0,1.0,0.0
243,243,728.7486980949615,0.7287486980949615,Sector 1,204.46609108686417,0.0,0,0.1,2719225.668521463,5850376.646890036,POINT (2719225.668521463 5850376.646890036),24.427219790029536,46.435261423490594,0.0,0.0,1.0,0.0
244,244,731.748698094565,0.731748698094565,Sector 1,204.46609107619375,0.0,0,0.1,2719224.249254834,5850374.566750409,POINT (2719224.249254834 5850374.566750409),24.427207040540484,46.43524854544237,0.0,0.0,1.0,0.0
245,245,734.7486980952092,0.7347486980952092,Sector 1,204.4660910876906,0.0,0,0.1,2719222.829988205,5850372.486610782,POINT (2719222.829988205 5850372.486610782),24.427194291051432,46.4352356673911,0.0,0.0,1.0,0.0
246,246,737.7486980948128,0.7377486980948128,Sector 1,204.46609107295745,0.0,0,0.1,2719221.4107215763,5850370.4064711565,POINT (2719221.4107215763 5850370.4064711565),24.427181541562387,46.435222789336805,0.0,0.0,1.0,0.0
247,247,740.748698095264,0.740748698095264,Sector 1,204.46609107644855,0.0,0,0.1,2719219.9914549473,5850368.326331529,POINT (2719219.9914549473 5850368.326331529),24.427168792073335,46.435209911279436,0.0,0.0,1.0,0.0
248,248,743.7486980948676,0.7437486980948675,Sector 1,204.4660910860947,0.0,0,0.1,2719218.5721883182,5850366.246191903,POINT (2719218.5721883182 5850366.246191903),24.427156042584283,46.435197033219055,0.0,0.0,1.0,0.0
249,249,746.748698094664,0.7467486980946639,Sector 1,204.46609108749453,0.0,0,0.1,2719217.15292169,5850364.166052276,POINT (2719217.15292169 5850364.166052276),24.42714329309524,46.43518415515561,0.0,0.0,1.0,0.0
250,250,749.7486980951152,0.7497486980951151,Sector 1,203.68300474867868,0.0,0,0.1,2719215.7336550606,5850362.08591265,POINT (2719215.7336550606 5850362.08591265),24.427130543606186,46.43517127708913,0.0,0.0,1.0,0.0
251,251,752.7486922769795,0.7527486922769795,Sector 1,203.666745965204,0.0,0,0.1,2719214.314391184,5850360.005777057,POINT (2719214.314391184 5850360.005777057),24.427117794141864,46.43515839904458,0.0,0.0,1.0,0.0
252,252,755.7486922773958,0.7557486922773958,Sector 1,203.6667459673151,-32.43712424292673,0,0.1,2719212.8951245556,5850357.9256374305,POINT (2719212.8951245556 5850357.9256374305),24.427105044652816,46.435145520972014,0.0,0.0,1.0,0.0
253,253,758.7486922769591,0.7587486922769591,Sector 1,203.6667459452253,0.0,0,0.1,2719211.4758579265,5850355.845497805,POINT (2719211.4758579265 5850355.845497805),24.427092295163764,46.4351326428964,0.0,0.0,1.0,0.0
254,254,761.7486922771884,0.7617486922771884,Sector 1,203.66674597604813,0.0,0,0.1,2719210.056591298,5850353.765358178,POINT (2719210.056591298 5850353.765358178),24.427079545674715,46.43511976481774,0.0,0.0,1.0,0.0
255,255,764.7486922776047,0.7647486922776048,Sector 1,203.6667459635181,0.0,0,0.1,2719208.637324669,5850351.685218551,POINT (2719208.637324669 5850351.685218551),24.427066796185667,46.435106886736044,0.0,0.0,1.0,0.0
256,256,767.7486922771681,0.767748692277168,Sector 1,203.66674595832572,0.0,0,0.1,2719207.2180580404,5850349.605078924,POINT (2719207.2180580404 5850349.605078924),24.42705404669662,46.435094008651305,0.0,0.0,1.0,0.0
257,257,770.7486922775844,0.7707486922775844,Sector 1,203.6667459677421,39.11246105850967,0,0.1,2719205.798791411,5850347.524939299,POINT (2719205.798791411 5850347.524939299),24.427041297207563,46.43508113056352,0.0,0.0,1.0,0.0
258,258,773.7486922769607,0.7737486922769607,Sector 1,203.66674596423312,0.0,0,0.1,2719204.3795247828,5850345.444799672,POINT (2719204.3795247828 5850345.444799672),24.42702854771852,46.43506825247269,0.0,0.0,1.0,0.0
259,259,776.748692277377,0.776748692277377,Sector 1,203.66674597028376,0.0,0,0.1,2719202.9602581537,5850343.364660045,POINT (2719202.9602581537 5850343.364660045),24.42701579822947,46.43505537437882,0.0,0.0,1.0,0.0
260,260,779.7486922769403,0.7797486922769403,Sector 1,203.6667459527056,0.0,0,0.1,2719201.540991525,5850341.284520419,POINT (2719201.540991525 5850341.284520419),24.427003048740424,46.435042496281916,0.0,0.0,1.0,0.0
261,261,782.7486922773567,0.7827486922773567,Sector 1,203.66674595256333,0.0,0,0.1,2719200.1217248957,5850339.204380792,POINT (2719200.1217248957 5850339.204380792),24.42699029925137,46.43502961818194,0.0,0.0,1.0,0.0
262,262,785.748692277586,0.7857486922775859,Sector 1,203.666745968746,0.0,0,0.1,2719198.702458267,5850337.124241166,POINT (2719198.702458267 5850337.124241166),24.42697754976232,46.43501674007895,0.0,0.0,1.0,0.0
263,263,788.7486922771493,0.7887486922771493,Sector 1,203.66674596129988,0.0,0,0.1,2719197.2831916385,5850335.044101539,POINT (2719197.2831916385 5850335.044101539),24.426964800273275,46.4350038619729,0.0,0.0,1.0,0.0
264,264,791.7486922775656,0.7917486922775656,Sector 1,203.6667459690345,0.0,0,0.1,2719195.8639250095,5850332.963961912,POINT (2719195.8639250095 5850332.963961912),24.426952050784227,46.43499098386381,0.0,0.0,1.0,0.0
265,265,794.748692277129,0.794748692277129,Sector 1,203.66674597114812,0.0,0,0.1,2719194.4446583805,5850330.8838222865,POINT (2719194.4446583805 5850330.8838222865),24.42693930129517,46.43497810575169,0.0,0.0,1.0,0.0
266,266,797.7486922775453,0.7977486922775453,Sector 1,203.66674595525416,0.0,0,0.1,2719193.025391752,5850328.803682659,POINT (2719193.025391752 5850328.803682659),24.426926551806126,46.434965227636496,0.0,0.0,1.0,0.0
267,267,800.7486922769216,0.8007486922769216,Sector 1,203.66674595343005,0.0,0,0.1,2719191.606125123,5850326.723543033,POINT (2719191.606125123 5850326.723543033),24.426913802317078,46.434952349518284,0.0,0.0,1.0,0.0
268,268,803.7486922773379,0.8037486922773379,Sector 1,203.66674597412413,0.0,0,0.1,2719190.1868584943,5850324.643403406,POINT (2719190.1868584943 5850324.643403406),24.42690105282803,46.43493947139703,0.0,0.0,1.0,0.0
269,269,806.7486922769012,0.8067486922769013,Sector 1,203.66674597341128,0.0,0,0.1,2719188.7675918653,5850322.56326378,POINT (2719188.7675918653 5850322.56326378),24.426888303338977,46.434926593272735,0.0,0.0,1.0,0.0
270,270,809.7486922773176,0.8097486922773176,Sector 1,203.66674595809027,0.0,0,0.1,2719187.3483252367,5850320.483124153,POINT (2719187.3483252367 5850320.483124153),24.42687555384993,46.43491371514537,0.0,0.0,1.0,0.0
271,271,812.7486922775469,0.8127486922775469,Sector 1,203.6667459720195,0.0,0,0.1,2719185.9290586077,5850318.402984527,POINT (2719185.9290586077 5850318.402984527),24.42686280436088,46.43490083701499,0.0,0.0,1.0,0.0
272,272,815.7486922771102,0.8157486922771102,Sector 1,203.6667459583819,0.0,0,0.1,2719184.509791979,5850316.3228449,POINT (2719184.509791979 5850316.3228449),24.426850054871835,46.434887958881546,0.0,0.0,1.0,0.0
273,273,818.7486922775265,0.8187486922775266,Sector 1,203.66674596443525,41.94545229067537,0,0.1,2719183.0905253496,5850314.242705273,POINT (2719183.0905253496 5850314.242705273),24.426837305382776,46.434875080745066,0.0,0.0,1.0,0.0
274,274,821.7486922770898,0.8217486922770898,Sector 1,203.6667459423496,0.0,0,0.1,2719181.6712587215,5850312.162565648,POINT (2719181.6712587215 5850312.162565648),24.426824555893734,46.43486220260555,0.0,0.0,1.0,0.0
275,275,824.7486922773192,0.8247486922773192,Sector 1,203.66674597485948,0.0,0,0.1,2719180.2519920925,5850310.08242602,POINT (2719180.2519920925 5850310.08242602),24.426811806404682,46.43484932446298,0.0,0.0,1.0,0.0
276,276,827.7486922768825,0.8277486922768825,Sector 1,203.66674596290565,0.0,0,0.1,2719178.832725464,5850308.002286395,POINT (2719178.832725464 5850308.002286395),24.426799056915637,46.434836446317384,0.0,0.0,1.0,0.0
277,277,830.7486922772988,0.8307486922772988,Sector 1,203.66674596333863,0.0,0,0.1,2719177.4134588344,5850305.922146767,POINT (2719177.4134588344 5850305.922146767),24.426786307426582,46.43482356816873,0.0,0.0,1.0,0.0
278,278,833.7486922777151,0.8337486922777151,Sector 1,203.66674597501407,-27.10521990129832,0,0.1,2719175.994192206,5850303.842007142,POINT (2719175.994192206 5850303.842007142),24.426773557937533,46.434810690017045,0.0,0.0,1.0,0.0
279,279,836.7486922772785,0.8367486922772784,Sector 1,203.66674595124644,0.0,0,0.1,2719174.574925577,5850301.761867515,POINT (2719174.574925577 5850301.761867515),24.426760808448485,46.434797811862296,0.0,0.0,1.0,0.0
280,280,839.7486922775078,0.8397486922775077,Sector 1,203.66674598318508,0.0,0,0.1,2719173.1556589482,5850299.681727888,POINT (2719173.1556589482 5850299.681727888),24.42674805895944,46.43478493370452,0.0,0.0,1.0,0.0
281,281,842.7486922770711,0.842748692277071,Sector 1,203.66674593578904,0.0,0,0.1,2719171.736392319,5850297.601588262,POINT (2719171.736392319 5850297.601588262),24.426735309470384,46.434772055543704,0.0,0.0,1.0,0.0
282,282,845.7486922774874,0.8457486922774874,Sector 1,203.66674598011463,0.0,0,0.1,2719170.317946449,5850295.520887619,POINT (2719170.317946449 5850295.520887619),24.426722567354336,46.43475917390657,0.0,0.0,1.0,0.0
283,283,848.7486922770507,0.8487486922770507,Sector 1,203.66674594958235,0.0,0,0.1,2719168.8996657333,5850293.440074089,POINT (2719168.8996657333 5850293.440074089),24.426709826721897,46.434746291567514,0.0,0.0,1.0,0.0
284,284,851.74869227728,0.85174869227728,Sector 1,203.66674596634144,0.0,0,0.1,2719167.4813850173,5850291.359260558,POINT (2719167.4813850173 5850291.359260558),24.42669708608945,46.434733409225416,0.0,0.0,1.0,0.0
285,285,854.7486922768434,0.8547486922768434,Sector 1,203.66674597014187,0.0,0,0.1,2719166.0626747236,5850289.2787405765,POINT (2719166.0626747236 5850289.2787405765),24.426684341598047,46.434720528697625,0.0,0.0,1.0,0.0
286,286,857.7486922772597,0.8577486922772597,Sector 1,203.66674595650707,0.0,0,0.1,2719164.640383332,5850287.200667705,POINT (2719164.640383332 5850287.200667705),24.42667156493709,46.4347076633169,0.0,0.0,1.0,0.0
287,287,860.748692277676,0.860748692277676,Sector 1,203.66674595636985,0.0,0,0.1,2719163.218091941,5850285.122594834,POINT (2719163.218091941 5850285.122594834),24.426658788276143,46.434694797933126,0.0,0.0,1.0,0.0
288,288,863.7486922770523,0.8637486922770523,Sector 1,203.66674596636415,0.0,0,0.1,2719161.7958005504,5850283.044521964,POINT (2719161.7958005504 5850283.044521964),24.426646011615194,46.43468193254633,0.0,0.0,1.0,0.0
289,289,866.7486922774686,0.8667486922774686,Sector 1,203.66674598312423,41.13471878545179,0,0.1,2719160.373509159,5850280.966449094,POINT (2719160.373509159 5850280.966449094),24.426633234954238,46.434669067156506,0.0,0.0,1.0,0.0
290,290,869.748692277032,0.869748692277032,Sector 1,203.66674595484844,0.0,0,0.1,2719158.951217768,5850278.888376224,POINT (2719158.951217768 5850278.888376224),24.426620458293286,46.43465620176363,0.0,0.0,1.0,0.0
291,291,872.7486922774483,0.8727486922774483,Sector 1,203.6667459536012,0.0,0,0.1,2719157.5289263767,5850276.810303354,POINT (2719157.5289263767 5850276.810303354),24.42660768163234,46.43464333636772,0.0,0.0,1.0,0.0
292,292,875.7486922770116,0.8757486922770116,Sector 1,204.46174108766425,0.0,0,0.1,2719156.106634986,5850274.732230484,POINT (2719156.106634986 5850274.732230484),24.42659490497139,46.43463047096878,0.0,0.0,1.0,0.0
293,293,878.7483746602527,0.8787483746602527,Sector 1,205.33612159952548,0.0,0,0.1,2719154.684494176,5850272.6543776225,POINT (2719154.684494176 5850272.6543776225),24.42658212966313,46.434617606928875,0.0,0.0,1.0,0.0
294,294,881.7483746606138,0.8817483746606137,Sector 1,205.3361215905709,0.0,0,0.1,2719153.262202785,5850270.576304751,POINT (2719153.262202785 5850270.576304751),24.426569353002183,46.43460474152385,0.0,0.0,1.0,0.0
295,295,884.7483746607757,0.8847483746607756,Sector 1,205.3361215789604,0.0,0,0.1,2719151.839911394,5850268.498231881,POINT (2719151.839911394 5850268.498231881),24.42655657634123,46.434591876115796,0.0,0.0,1.0,0.0
296,296,887.7483746609375,0.8877483746609376,Sector 1,205.3361215822294,0.0,0,0.1,2719150.4176200023,5850266.420159011,POINT (2719150.4176200023 5850266.420159011),24.426543799680275,46.434579010704695,0.0,0.0,1.0,0.0
297,297,890.7483746610994,0.8907483746610995,Sector 1,205.3361216003781,0.0,0,0.1,2719148.995328611,5850264.342086141,POINT (2719148.995328611 5850264.342086141),24.426531023019326,46.43456614529057,0.0,0.0,1.0,0.0
298,298,893.7483746604196,0.8937483746604196,Sector 1,205.33612159296632,0.0,0,0.1,2719147.5730372206,5850262.264013271,POINT (2719147.5730372206 5850262.264013271),24.426518246358377,46.43455327987339,0.0,0.0,1.0,0.0
299,299,896.7483746605815,0.8967483746605814,Sector 1,205.33612159432255,0.0,0,0.1,2719146.1507458296,5850260.185940401,POINT (2719146.1507458296 5850260.185940401),24.426505469697428,46.434540414453195,0.0,0.0,1.0,0.0
300,300,899.7483746607434,0.8997483746607433,Sector 1,205.3361215869112,0.0,0,0.1,2719144.7284544385,5850258.10786753,POINT (2719144.7284544385 5850258.10786753),24.42649269303648,46.43452754902994,0.0,0.0,1.0,0.0
301,301,902.7483746609053,0.9027483746609052,Sector 1,205.33612159437945,0.0,0,0.1,2719143.3061630474,5850256.029794659,POINT (2719143.3061630474 5850256.029794659),24.426479916375527,46.43451468360366,0.0,0.0,1.0,0.0
302,302,905.7483746602254,0.9057483746602254,Sector 1,205.3361215789435,0.0,0,0.1,2719141.883871657,5850253.951721788,POINT (2719141.883871657 5850253.951721788),24.42646713971458,46.43450181817433,0.0,0.0,1.0,0.0
303,303,908.7483746603872,0.9087483746603872,Sector 1,205.3361215925237,-18.98552268099736,0,0.1,2719140.4615802653,5850251.873648918,POINT (2719140.4615802653 5850251.873648918),24.426454363053626,46.43448895274199,0.0,0.0,1.0,0.0
304,304,911.7483746607484,0.9117483746607484,Sector 1,205.33612161030237,0.0,0,0.1,2719139.0392888742,5850249.795576048,POINT (2719139.0392888742 5850249.795576048),24.426441586392677,46.43447608730659,0.0,0.0,1.0,0.0
305,305,914.7483746609104,0.9147483746609104,Sector 1,205.336121573876,0.0,0,0.1,2719137.616997483,5850247.717503177,POINT (2719137.616997483 5850247.717503177),24.426428809731725,46.43446322186816,0.0,0.0,1.0,0.0
306,306,917.748374661072,0.9177483746610722,Sector 1,205.33612159622464,42.634983797412815,0,0.1,2719136.194706092,5850245.639430307,POINT (2719136.194706092 5850245.639430307),24.426416033070772,46.43445035642669,0.0,0.0,1.0,0.0
307,307,920.7483746603924,0.9207483746603924,Sector 1,205.33612160140927,0.0,0,0.1,2719134.772414701,5850243.561357437,POINT (2719134.772414701 5850243.561357437),24.426403256409824,46.434437490982184,0.0,0.0,1.0,0.0
308,308,923.7483746605542,0.9237483746605542,Sector 1,205.33612158368973,0.0,0,0.1,2719133.35012331,5850241.483284567,POINT (2719133.35012331 5850241.483284567),24.426390479748875,46.434424625534646,0.0,0.0,1.0,0.0
309,309,926.748374660716,0.926748374660716,Sector 1,205.33612158924615,0.0,0,0.1,2719131.927831919,5850239.4052116955,POINT (2719131.927831919 5850239.4052116955),24.426377703087923,46.43441176008406,0.0,0.0,1.0,0.0
310,310,929.748374660878,0.929748374660878,Sector 1,205.33612160511257,0.0,0,0.1,2719130.505540528,5850237.327138824,POINT (2719130.505540528 5850237.327138824),24.42636492642697,46.434398894630434,0.0,0.0,1.0,0.0
311,311,932.748374660198,0.932748374660198,Sector 1,205.33612159122043,0.0,0,0.1,2719129.0832491373,5850235.249065955,POINT (2719129.0832491373 5850235.249065955),24.426352149766025,46.43438602917378,0.0,0.0,1.0,0.0
312,312,935.74837466036,0.93574837466036,Sector 1,205.3361215864677,0.0,0,0.1,2719127.660957746,5850233.170993084,POINT (2719127.660957746 5850233.170993084),24.426339373105076,46.434373163714085,0.0,0.0,1.0,0.0
313,313,938.748374660522,0.938748374660522,Sector 1,205.3361215977651,0.0,0,0.1,2719126.238666355,5850231.092920214,POINT (2719126.238666355 5850231.092920214),24.426326596444124,46.43436029825136,0.0,0.0,1.0,0.0
314,314,941.748374660883,0.941748374660883,Sector 1,205.33612159721093,0.0,0,0.1,2719124.8163749636,5850229.014847344,POINT (2719124.8163749636 5850229.014847344),24.426313819783168,46.43434743278559,0.0,0.0,1.0,0.0
315,315,944.7483746610447,0.9447483746610448,Sector 1,205.33612159591416,0.0,0,0.1,2719123.3940835726,5850226.936774473,POINT (2719123.3940835726 5850226.936774473),24.426301043122216,46.43433456731678,0.0,0.0,1.0,0.0
316,316,947.748374660365,0.947748374660365,Sector 1,205.33612159116225,0.0,0,0.1,2719121.971792182,5850224.8587016035,POINT (2719121.971792182 5850224.8587016035),24.42628826646127,46.43432170184495,0.0,0.0,1.0,0.0
317,317,950.7483746605268,0.9507483746605268,Sector 1,205.33612158795248,0.0,0,0.1,2719120.5495007904,5850222.7806287315,POINT (2719120.5495007904 5850222.7806287315),24.426275489800318,46.43430883637007,0.0,0.0,1.0,0.0
318,318,953.7483746606888,0.9537483746606888,Sector 1,205.3361215809161,0.0,0,0.1,2719119.1272093994,5850220.702555861,POINT (2719119.1272093994 5850220.702555861),24.426262713139366,46.43429597089215,0.0,0.0,1.0,0.0
319,319,956.7483746608508,0.9567483746608508,Sector 1,205.33612159449956,0.0,0,0.1,2719117.7049180083,5850218.624482991,POINT (2719117.7049180083 5850218.624482991),24.426249936478413,46.434283105411204,0.0,0.0,1.0,0.0
320,320,959.7483746610126,0.9597483746610126,Sector 1,205.3361215977733,0.0,0,0.1,2719116.2826266172,5850216.546410121,POINT (2719116.2826266172 5850216.546410121),24.426237159817465,46.434270239927216,0.0,0.0,1.0,0.0
321,321,962.7483746603328,0.9627483746603328,Sector 1,205.3361215865394,0.0,0,0.1,2719114.860335226,5850214.468337251,POINT (2719114.860335226 5850214.468337251),24.426224383156516,46.434257374440186,0.0,0.0,1.0,0.0
322,322,965.7483746604946,0.9657483746604946,Sector 1,205.33612158944229,32.54617932414585,0,0.1,2719113.4380438356,5850212.390264381,POINT (2719113.4380438356 5850212.390264381),24.426211606495567,46.43424450895013,0.0,0.0,1.0,0.0
323,323,968.7483746608556,0.9687483746608556,Sector 1,205.33612159500143,0.0,0,0.1,2719112.0157524445,5850210.31219151,POINT (2719112.0157524445 5850210.31219151),24.426198829834618,46.43423164345702,0.0,0.0,1.0,0.0
324,324,971.7483746610176,0.9717483746610176,Sector 1,202.86736430143736,0.0,0,0.1,2719110.593461053,5850208.2341186395,POINT (2719110.593461053 5850208.2341186395),24.426186053173662,46.43421877796088,0.0,0.0,1.0,0.0
325,325,974.747753721578,0.9747477537215778,Sector 1,202.3169378705224,0.0,0,0.1,2719109.171464048,5850206.156475888,POINT (2719109.171464048 5850206.156475888),24.426173279157226,46.4342059151246,0.0,0.0,1.0,0.0
326,326,977.74775372124,0.97774775372124,Sector 1,202.3169378914345,0.0,0,0.1,2719107.7491726563,5850204.0784030175,POINT (2719107.7491726563 5850204.0784030175),24.42616050249627,46.43419304962239,0.0,0.0,1.0,0.0
327,327,980.7477537210788,0.9807477537210788,Sector 1,202.31693787495357,-23.652366365571844,0,0.1,2719106.3268812657,5850202.000330147,POINT (2719106.3268812657 5850202.000330147),24.426147725835325,46.43418018411714,0.0,0.0,1.0,0.0
328,328,983.7477537217792,0.9837477537217793,Sector 1,202.31693786592345,0.0,0,0.1,2719104.904589874,5850199.922257276,POINT (2719104.904589874 5850199.922257276),24.42613494917437,46.43416731860884,0.0,0.0,1.0,0.0
329,329,986.7477537214412,0.9867477537214412,Sector 1,202.3169378694046,0.0,0,0.1,2719103.4823621516,5850197.844141165,POINT (2719103.4823621516 5850197.844141165),24.426122173085364,46.434154452829816,0.0,0.0,1.0,0.0
330,330,989.74775372128,0.98974775372128,Sector 1,198.52739753116776,0.0,0,0.1,2719102.0603216374,5850195.765897909,POINT (2719102.0603216374 5850195.765897909),24.426109398678076,46.43414158626058,0.0,0.0,1.0,0.0
331,331,992.7428757468437,0.9927428757468436,Sector 1,195.70956981097527,0.0,0,0.1,2719100.644819975,5850193.688146314,POINT (2719100.644819975 5850193.688146314),24.426096683010293,46.434128722732225,0.0,0.0,1.0,0.0
332,332,995.7428757472552,0.9957428757472552,Sector 1,195.70956981862196,0.0,0,0.1,2719099.2272032853,5850191.60688079,POINT (2719099.2272032853 5850191.60688079),24.426083948342903,46.4341158374458,0.0,0.0,1.0,0.0
333,333,998.7428757475406,0.9987428757475404,Sector 1,195.70956981418416,0.0,0,0.1,2719097.8095865967,5850189.525615266,POINT (2719097.8095865967 5850189.525615266),24.426071213675517,46.43410295215633,0.0,0.0,1.0,0.0
334,334,1001.7428757469296,1.0017428757469296,Sector 1,195.7095698005808,0.0,0,0.1,2719096.3919699076,5850187.4443497425,POINT (2719096.3919699076 5850187.4443497425),24.42605847900813,46.434090066863824,0.0,0.0,1.0,0.0
335,335,1004.742875747215,1.004742875747215,Sector 1,195.70956982244363,0.0,0,0.1,2719094.974353218,5850185.363084218,POINT (2719094.974353218 5850185.363084218),24.426045744340737,46.43407718156826,0.0,0.0,1.0,0.0
336,336,1007.74287574673,1.00774287574673,Sector 1,195.7095698061843,0.0,0,0.1,2719093.5567365293,5850183.281818695,POINT (2719093.5567365293 5850183.281818695),24.426033009673354,46.43406429626967,0.0,0.0,1.0,0.0
337,337,1010.7428757470154,1.0107428757470154,Sector 1,191.80415993492468,0.0,0,0.1,2719092.1391198398,5850181.200553172,POINT (2719092.1391198398 5850181.200553172),24.42602027500596,46.43405141096802,0.0,0.0,1.0,0.0
338,338,1013.7307314947376,1.0137307314947377,Sector 1,184.99554834093516,11.247902697235984,0,0.1,2719090.727241782,5850179.127712786,POINT (2719090.727241782 5850179.127712786),24.426007591889572,46.43403857782412,0.0,0.0,1.0,0.0
339,339,1016.7307314946288,1.0167307314946288,Sector 1,184.99554834533123,0.0,0,0.1,2719089.309625093,5850177.046447263,POINT (2719089.309625093 5850177.046447263),24.425994857222186,46.434025692516386,0.0,0.0,1.0,0.0
340,340,1019.73073149452,1.01973073149452,Sector 1,184.9955483327397,0.0,0,0.1,2719087.892008404,5850174.965181739,POINT (2719087.892008404 5850174.965181739),24.425982122554796,46.434012807205605,0.0,0.0,1.0,0.0
341,341,1022.730731494411,1.022730731494411,Sector 1,183.99035469770035,0.0,0,0.1,2719086.4743917147,5850172.883916216,POINT (2719086.4743917147 5850172.883916216),24.42596938788741,46.43399992189179,0.0,0.0,1.0,0.0
342,342,1025.7295081455202,1.0257295081455202,Sector 1,181.32684580604808,0.0,0,0.1,2719085.0573531054,5850170.803499397,POINT (2719085.0573531054 5850170.803499397),24.425956658413,46.433987041829326,0.0,0.0,1.0,0.0
343,343,1028.7295081451057,1.0287295081451058,Sector 1,181.3268457997809,0.0,0,0.1,2719083.639736416,5850168.722233874,POINT (2719083.639736416 5850168.722233874),24.425943923745606,46.43397415650941,0.0,0.0,1.0,0.0
344,344,1031.7295081456116,1.0317295081456117,Sector 1,181.32684579959243,0.0,0,0.1,2719082.2221197267,5850166.64096835,POINT (2719082.2221197267 5850166.64096835),24.425931189078216,46.433961271186455,0.0,0.0,1.0,0.0
345,345,1034.7295081451864,1.0347295081451864,Sector 1,181.3268458133787,0.0,0,0.1,2719080.8045030376,5850164.559702827,POINT (2719080.8045030376 5850164.559702827),24.42591845441083,46.43394838586044,0.0,0.0,1.0,0.0
346,346,1037.729508144772,1.037729508144772,Sector 1,180.65582895155933,0.0,0,0.1,2719079.3868863485,5850162.478437304,POINT (2719079.3868863485 5850162.478437304),24.42590571974344,46.43393550053138,0.0,0.0,1.0,0.0
347,347,1040.7293856913805,1.0407293856913804,Sector 1,180.25644123128245,0.0,0,0.1,2719077.969327524,5850160.397256732,POINT (2719077.969327524 5850160.397256732),24.42589298559586,46.43392261572523,0.0,0.0,1.0,0.0
348,348,1043.729385691553,1.043729385691553,Sector 1,180.2564412447711,0.0,0,0.1,2719076.5517108343,5850158.315991208,POINT (2719076.5517108343 5850158.315991208),24.425880250928465,46.43390973039008,0.0,0.0,1.0,0.0
349,349,1046.7293856917277,1.0467293856917277,Sector 1,178.57073783411306,0.0,0,0.1,2719075.1340941447,5850156.234725684,POINT (2719075.1340941447 5850156.234725684),24.425867516261075,46.43389684505188,0.0,0.0,1.0,0.0
350,350,1049.7265027983822,1.0497265027983822,Sector 1,174.8276977740851,0.0,0,0.1,2719073.717839735,5850154.1554601835,POINT (2719073.717839735 5850154.1554601835),24.42585479383125,46.433883972093,0.0,0.0,1.0,0.0
351,351,1052.7265027980736,1.0527265027980737,Sector 1,174.82769778164834,0.0,0,0.1,2719072.300223046,5850152.0741946595,POINT (2719072.300223046 5850152.0741946595),24.425842059163863,46.43387108674871,0.0,0.0,1.0,0.0
352,352,1055.726502797765,1.0557265027977651,Sector 1,174.8276977775115,0.0,0,0.1,2719070.882606357,5850149.992929136,POINT (2719070.882606357 5850149.992929136),24.425829324496473,46.43385820140138,0.0,0.0,1.0,0.0
353,353,1058.726502798384,1.058726502798384,Sector 1,171.57539891962892,-8.416386026034683,0,0.1,2719069.4649896673,5850147.911663612,POINT (2719069.4649896673 5850147.911663612),24.425816589829083,46.43384531605099,0.0,0.0,1.0,0.0
354,354,1061.717874938732,1.061717874938732,Sector 1,165.76771426733967,0.0,0,0.1,2719068.0514499773,5850145.836383712,POINT (2719068.0514499773 5850145.836383712),24.425803891786,46.43383246775525,0.0,0.0,1.0,0.0
355,355,1064.717874938857,1.064717874938857,Sector 1,165.7677142502322,0.0,0,0.1,2719066.633833288,5850143.7551181875,POINT (2719066.633833288 5850143.7551181875),24.42579115711861,46.43381958239878,0.0,0.0,1.0,0.0
356,356,1067.7178749381935,1.0677178749381937,Sector 1,165.76771426107302,0.0,0,0.1,2719065.216216599,5850141.673852664,POINT (2719065.216216599 5850141.673852664),24.42577842245122,46.43380669703927,0.0,0.0,1.0,0.0
357,357,1070.7178749383188,1.0707178749383188,Sector 1,165.767714256393,0.0,0,0.1,2719063.79859991,5850139.592587141,POINT (2719063.79859991 5850139.592587141),24.42576568778383,46.433793811676715,0.0,0.0,1.0,0.0
358,358,1073.717874938444,1.073717874938444,Sector 1,160.9312821902314,0.0,0,0.1,2719062.380983221,5850137.511321617,POINT (2719062.380983221 5850137.511321617),24.425752953116444,46.43378092631111,0.0,0.0,1.0,0.0
359,359,1076.7135270884237,1.0767135270884234,Sector 1,158.96376852523065,0.0,0,0.1,2719060.96542106,5850135.433072437,POINT (2719060.96542106 5850135.433072437),24.4257402369052,46.43376805961701,0.0,0.0,1.0,0.0
360,360,1079.7135270885155,1.0797135270885156,Sector 1,158.96376851612197,0.0,0,0.1,2719059.5478043705,5850133.3518069135,POINT (2719059.5478043705 5850133.3518069135),24.425727502237805,46.43375517424533,0.0,0.0,1.0,0.0
361,361,1082.7135270887748,1.0827135270887749,Sector 1,158.96376851684602,0.0,0,0.1,2719058.130187681,5850131.2705413895,POINT (2719058.130187681 5850131.2705413895),24.425714767570412,46.433742288870576,0.0,0.0,1.0,0.0
362,362,1085.7135270888668,1.085713527088867,Sector 1,158.9637685224178,0.0,0,0.1,2719056.7125709914,5850129.189275866,POINT (2719056.7125709914 5850129.189275866),24.42570203290302,46.43372940349279,0.0,0.0,1.0,0.0
363,363,1088.713527088959,1.088713527088959,Sector 1,158.96376853516938,0.0,0,0.1,2719055.2949543027,5850127.108010342,POINT (2719055.2949543027 5850127.108010342),24.425689298235636,46.43371651811196,0.0,0.0,1.0,0.0
364,364,1091.7135270881818,1.0917135270881817,Sector 1,158.96376851476384,0.0,0,0.1,2719053.8773376136,5850125.02674482,POINT (2719053.8773376136 5850125.02674482),24.425676563568246,46.43370363272809,0.0,0.0,1.0,0.0
365,365,1094.7135270882738,1.0947135270882735,Sector 1,158.96376851269724,0.0,0,0.1,2719052.4597209245,5850122.945479296,POINT (2719052.4597209245 5850122.945479296),24.42566382890086,46.43369074734117,0.0,0.0,1.0,0.0
366,366,1097.713527088533,1.097713527088533,Sector 1,158.96376852677463,41.61258636149654,0,0.1,2719051.0421042354,5850120.864213772,POINT (2719051.0421042354 5850120.864213772),24.42565109423347,46.43367786195119,0.0,0.0,1.0,0.0
367,367,1100.7135270886251,1.1007135270886252,Sector 1,158.96376852324445,0.0,0,0.1,2719049.624487546,5850118.782948248,POINT (2719049.624487546 5850118.782948248),24.42563835956608,46.43366497655816,0.0,0.0,1.0,0.0
368,368,1103.7135270887172,1.1037135270887173,Sector 1,158.96376852469882,0.0,0,0.1,2719048.2068708567,5850116.701682725,POINT (2719048.2068708567 5850116.701682725),24.425625624898686,46.4336520911621,0.0,0.0,1.0,0.0
369,369,1106.713527088809,1.106713527088809,Sector 1,158.9637685183784,-27.20304591731892,0,0.1,2719046.7892541676,5850114.620417202,POINT (2719046.7892541676 5850114.620417202),24.4256128902313,46.433639205762994,0.0,0.0,1.0,0.0
370,370,1109.7135270889014,1.1097135270889014,Sector 1,158.96376850926788,0.0,0,0.1,2719045.371637478,5850112.539151678,POINT (2719045.371637478 5850112.539151678),24.425600155563906,46.43362632036083,0.0,0.0,1.0,0.0
371,371,1112.7135270882914,1.1127135270882913,Sector 1,158.9637685366988,0.0,0,0.1,2719043.954020789,5850110.457886155,POINT (2719043.954020789 5850110.457886155),24.42558742089652,46.43361343495563,0.0,0.0,1.0,0.0
372,372,1115.7135270883834,1.1157135270883831,Sector 1,158.96376850998047,0.0,0,0.1,2719042.5364041,5850108.376620631,POINT (2719042.5364041 5850108.376620631),24.42557468622913,46.43360054954737,0.0,0.0,1.0,0.0
373,373,1118.7135270884755,1.1187135270884756,Sector 1,158.96376852551987,0.0,0,0.1,2719041.119061807,5850106.295169517,POINT (2719041.119061807 5850106.295169517),24.425561954026687,46.43358766298706,0.0,0.0,1.0,0.0
374,374,1121.7135270885676,1.1217135270885676,Sector 1,158.9637685310895,0.0,0,0.1,2719039.701992755,5850104.213533596,POINT (2719039.701992755 5850104.213533596),24.425549224278804,46.433574775279524,0.0,0.0,1.0,0.0
375,375,1124.7135270886597,1.1247135270886597,Sector 1,158.96376851992,0.0,0,0.1,2719038.2849237025,5850102.131897675,POINT (2719038.2849237025 5850102.131897675),24.42553649453092,46.43356188756895,0.0,0.0,1.0,0.0
376,376,1127.713527088919,1.127713527088919,Sector 1,158.96376851286664,0.0,0,0.1,2719036.86785465,5850100.050261754,POINT (2719036.86785465 5850100.050261754),24.425523764783033,46.433548999855326,0.0,0.0,1.0,0.0
377,377,1130.713527089011,1.130713527089011,Sector 1,158.9637685171092,0.0,0,0.1,2719035.4507855973,5850097.968625832,POINT (2719035.4507855973 5850097.968625832),24.425511035035147,46.43353611213865,0.0,0.0,1.0,0.0
378,378,1133.7135270882338,1.133713527088234,Sector 1,158.96376852135154,0.0,0,0.1,2719034.0337165454,5850095.886989912,POINT (2719034.0337165454 5850095.886989912),24.42549830528727,46.433523224418934,0.0,0.0,1.0,0.0
379,379,1136.713527088326,1.136713527088326,Sector 1,158.96376852838353,0.0,0,0.1,2719032.616647493,5850093.805353991,POINT (2719032.616647493 5850093.805353991),24.425485575539383,46.43351033669616,0.0,0.0,1.0,0.0
380,380,1139.713527088418,1.139713527088418,Sector 1,158.96376850664865,0.0,0,0.1,2719031.1995784407,5850091.7237180695,POINT (2719031.1995784407 5850091.7237180695),24.4254728457915,46.43349744897035,0.0,0.0,1.0,0.0
381,381,1142.7135270886772,1.1427135270886772,Sector 1,158.96376853334596,0.0,0,0.1,2719029.7825093884,5850089.642082149,POINT (2719029.7825093884 5850089.642082149),24.425460116043617,46.43348456124149,0.0,0.0,1.0,0.0
382,382,1145.7135270887693,1.1457135270887693,Sector 1,158.96376851645869,0.0,0,0.1,2719028.365440336,5850087.560446227,POINT (2719028.365440336 5850087.560446227),24.425447386295733,46.433471673509565,0.0,0.0,1.0,0.0
383,383,1148.7135270888614,1.148713527088861,Sector 1,158.9637685355176,0.0,0,0.1,2719026.9483712837,5850085.478810306,POINT (2719026.9483712837 5850085.478810306),24.42543465654785,46.433458785774604,0.0,0.0,1.0,0.0
384,384,1151.7135270889537,1.1517135270889534,Sector 1,158.9637685115871,0.0,0,0.1,2719025.531302231,5850083.397174385,POINT (2719025.531302231 5850083.397174385),24.425421926799963,46.4334458980366,0.0,0.0,1.0,0.0
385,385,1154.7135270881763,1.1547135270881763,Sector 1,158.96376851376988,-29.903807448092007,0,0.1,2719024.1142331795,5850081.315538464,POINT (2719024.1142331795 5850081.315538464),24.425409197052087,46.433433010295545,0.0,0.0,1.0,0.0
386,386,1157.7135270884355,1.1577135270884356,Sector 1,158.9637685158159,0.0,0,0.1,2719022.6971641267,5850079.233902543,POINT (2719022.6971641267 5850079.233902543),24.425396467304196,46.43342012255144,0.0,0.0,1.0,0.0
387,387,1160.7135270885276,1.1607135270885276,Sector 1,158.96376852709955,0.0,0,0.1,2719021.2800950743,5850077.1522666225,POINT (2719021.2800950743 5850077.1522666225),24.425383737556313,46.43340723480429,0.0,0.0,1.0,0.0
388,388,1163.7135270886197,1.1637135270886196,Sector 1,158.9637685285502,0.0,0,0.1,2719019.863026022,5850075.0706307,POINT (2719019.863026022 5850075.0706307),24.425371007808433,46.43339434705409,0.0,0.0,1.0,0.0
389,389,1166.7135270887118,1.1667135270887117,Sector 1,158.96376852222613,0.0,0,0.1,2719018.4459569696,5850072.988994779,POINT (2719018.4459569696 5850072.988994779),24.425358278060546,46.43338145930085,0.0,0.0,1.0,0.0
390,390,1169.713527088804,1.169713527088804,Sector 1,158.963768520155,0.0,0,0.1,2719017.0288879173,5850070.907358859,POINT (2719017.0288879173 5850070.907358859),24.425345548312663,46.433368571544555,0.0,0.0,1.0,0.0
391,391,1172.713527089063,1.172713527089063,Sector 1,158.96376851588877,0.0,0,0.1,2719015.6160207097,5850068.8228957085,POINT (2719015.6160207097 5850068.8228957085),24.425332856310593,46.43335566628136,0.0,0.0,1.0,0.0
392,392,1175.713527088286,1.175713527088286,Sector 1,158.96376851381729,0.0,0,0.1,2719014.2211202974,5850066.7263435265,POINT (2719014.2211202974 5850066.7263435265),24.42532032570699,46.433342686169844,0.0,0.0,1.0,0.0
393,393,1178.713527088378,1.178713527088378,Sector 1,158.96376851805678,0.0,0,0.1,2719012.8262198847,5850064.629791344,POINT (2719012.8262198847 5850064.629791344),24.425307795103386,46.43332970605523,0.0,0.0,1.0,0.0
394,394,1181.71352708847,1.18171352708847,Sector 1,158.9637685426934,33.99163276147652,0,0.1,2719011.431319472,5850062.533239161,POINT (2719011.431319472 5850062.533239161),24.42529526449978,46.43331672593754,0.0,0.0,1.0,0.0
395,395,1184.7135270885622,1.1847135270885625,Sector 1,158.96376850965976,0.0,0,0.1,2719010.036419059,5850060.436686978,POINT (2719010.036419059 5850060.436686978),24.425282733896175,46.433303745816744,0.0,0.0,1.0,0.0
396,396,1187.7135270888214,1.1877135270888213,Sector 1,158.96376852373157,0.0,0,0.1,2719008.6415186464,5850058.340134795,POINT (2719008.6415186464 5850058.340134795),24.425270203292566,46.43329076569285,0.0,0.0,1.0,0.0
397,397,1190.7135270889137,1.1907135270889135,Sector 1,158.96376852165906,0.0,0,0.1,2719007.2466182336,5850056.243582613,POINT (2719007.2466182336 5850056.243582613),24.42525767268896,46.43327778556588,0.0,0.0,1.0,0.0
398,398,1193.7135270890055,1.1937135270890056,Sector 1,158.96376852370292,0.0,0,0.1,2719005.8517178213,5850054.14703043,POINT (2719005.8517178213 5850054.14703043),24.42524514208536,46.43326480543581,0.0,0.0,1.0,0.0
399,399,1196.7135270882284,1.1967135270882283,Sector 1,158.96376852236165,0.0,0,0.1,2719004.4568174086,5850052.050478248,POINT (2719004.4568174086 5850052.050478248),24.425232611481754,46.43325182530266,0.0,0.0,1.0,0.0
400,400,1199.7135270883205,1.1997135270883204,Sector 1,158.96376851324567,0.0,0,0.1,2719003.061916996,5850049.953926065,POINT (2719003.061916996 5850049.953926065),24.425220080878145,46.4332388451664,0.0,0.0,1.0,0.0
401,401,1202.7135270885797,1.2027135270885796,Sector 1,158.9637685273167,-26.13259602201732,0,0.1,2719001.667016583,5850047.857373882,POINT (2719001.667016583 5850047.857373882),24.425207550274543,46.43322586502706,0.0,0.0,1.0,0.0
402,402,1205.7135270886718,1.205713527088672,Sector 1,158.96376852451158,0.0,0,0.1,2719000.2721161703,5850045.760821699,POINT (2719000.2721161703 5850045.760821699),24.425195019670934,46.43321288488462,0.0,0.0,1.0,0.0
403,403,1208.7135270887638,1.208713527088764,Sector 1,158.96376852449634,0.0,0,0.1,2718998.8772157575,5850043.664269517,POINT (2718998.8772157575 5850043.664269517),24.42518248906733,46.433199904739105,0.0,0.0,1.0,0.0
404,404,1211.713527088856,1.211713527088856,Sector 1,158.96376852242247,0.0,0,0.1,2718997.4823153447,5850041.567717334,POINT (2718997.4823153447 5850041.567717334),24.425169958463723,46.43318692459048,0.0,0.0,1.0,0.0
405,405,1214.713527088948,1.214713527088948,Sector 1,158.96376850978413,0.0,0,0.1,2718996.087414932,5850039.471165151,POINT (2718996.087414932 5850039.471165151),24.425157427860118,46.43317394443878,0.0,0.0,1.0,0.0
406,406,1217.713527088338,1.217713527088338,Sector 1,158.96376852033268,0.0,0,0.1,2718994.69251452,5850037.374612969,POINT (2718994.69251452 5850037.374612969),24.42514489725652,46.43316096428397,0.0,0.0,1.0,0.0
407,407,1220.71352708843,1.22071352708843,Sector 1,158.96376852809112,0.0,0,0.1,2718993.2976141074,5850035.278060786,POINT (2718993.2976141074 5850035.278060786),24.425132366652914,46.43314798412609,0.0,0.0,1.0,0.0
408,408,1223.713527088522,1.2237135270885222,Sector 1,158.96376852103208,0.0,0,0.1,2718991.902713694,5850033.1815086035,POINT (2718991.902713694 5850033.1815086035),24.425119836049305,46.4331350039651,0.0,0.0,1.0,0.0
409,409,1226.7135270886142,1.2267135270886145,Sector 1,158.96376851616742,0.0,0,0.1,2718990.5078132814,5850031.0849564215,POINT (2718990.5078132814 5850031.0849564215),24.425107305445696,46.433122023801026,0.0,0.0,1.0,0.0
410,410,1229.7135270887063,1.2297135270887063,Sector 1,158.96376852319372,0.0,0,0.1,2718989.1129128686,5850028.988404239,POINT (2718989.1129128686 5850028.988404239),24.42509477484209,46.43310904363386,0.0,0.0,1.0,0.0
411,411,1232.7135270889655,1.2327135270889655,Sector 1,158.96376852669846,0.0,0,0.1,2718987.718012456,5850026.891852056,POINT (2718987.718012456 5850026.891852056),24.425082244238485,46.43309606346361,0.0,0.0,1.0,0.0
412,412,1235.7135270890576,1.2357135270890576,Sector 1,158.96376852110166,0.0,0,0.1,2718986.323112043,5850024.795299873,POINT (2718986.323112043 5850024.795299873),24.425069713634876,46.43308308329025,0.0,0.0,1.0,0.0
413,413,1238.7135270882804,1.2387135270882803,Sector 1,158.96376850773038,0.0,0,0.1,2718984.928211631,5850022.698747691,POINT (2718984.928211631 5850022.698747691),24.425057183031274,46.43307010311381,0.0,0.0,1.0,0.0
414,414,1241.7135270883723,1.2417135270883726,Sector 1,158.96376853030483,0.0,0,0.1,2718983.533311218,5850020.602195508,POINT (2718983.533311218 5850020.602195508),24.42504465242767,46.43305712293429,0.0,0.0,1.0,0.0
415,415,1244.7135270886315,1.2447135270886318,Sector 1,158.9637685260344,0.0,0,0.1,2718982.1384108057,5850018.505643325,POINT (2718982.1384108057 5850018.505643325),24.425032121824067,46.43304414275166,0.0,0.0,1.0,0.0
416,416,1247.7135270887238,1.247713527088724,Sector 1,158.96376852395838,0.0,0,0.1,2718980.743510393,5850016.409091143,POINT (2718980.743510393 5850016.409091143),24.42501959122046,46.433031162565946,0.0,0.0,1.0,0.0
417,417,1250.713527088816,1.250713527088816,Sector 1,158.9637685246721,-20.493679569316637,0,0.1,2718979.34860998,5850014.31253896,POINT (2718979.34860998 5850014.31253896),24.425007060616856,46.43301818237714,0.0,0.0,1.0,0.0
418,418,1253.713527088908,1.253713527088908,Sector 1,158.96376852465403,0.0,0,0.1,2718977.9537095674,5850012.215986777,POINT (2718977.9537095674 5850012.215986777),24.424994530013247,46.43300520218524,0.0,0.0,1.0,0.0
419,419,1256.713527089,1.256713527089,Sector 1,158.9637685021803,0.0,0,0.1,2718976.5588091547,5850010.119434594,POINT (2718976.5588091547 5850010.119434594),24.424981999409646,46.43299222199025,0.0,0.0,1.0,0.0
420,420,1259.71352708839,1.25971352708839,Sector 1,158.96376853033348,0.0,0,0.1,2718975.163908742,5850008.022882412,POINT (2718975.163908742 5850008.022882412),24.424969468806037,46.43297924179216,0.0,0.0,1.0,0.0
421,421,1262.713527088482,1.2627135270884822,Sector 1,158.9637685106493,0.0,0,0.1,2718973.769008329,5850005.926330229,POINT (2718973.769008329 5850005.926330229),24.42495693820243,46.432966261591,0.0,0.0,1.0,0.0
422,422,1265.7135270885742,1.2657135270885742,Sector 1,158.96376853733898,0.0,0,0.1,2718972.3741079164,5850003.829778047,POINT (2718972.3741079164 5850003.829778047),24.424944407598826,46.43295328138673,0.0,0.0,1.0,0.0
423,423,1268.7135270886663,1.2687135270886662,Sector 1,158.96376852190747,33.857598566767976,0,0.1,2718970.9792075036,5850001.733225864,POINT (2718970.9792075036 5850001.733225864),24.424931876995217,46.43294030117938,0.0,0.0,1.0,0.0
424,424,1271.7135270887584,1.2717135270887585,Sector 1,158.96376850926572,0.0,0,0.1,2718969.584307091,5849999.636673681,POINT (2718969.584307091 5849999.636673681),24.424919346391615,46.43292732096893,0.0,0.0,1.0,0.0
425,425,1274.7135270890176,1.2747135270890175,Sector 1,158.96376853037498,0.0,0,0.1,2718968.189406678,5849997.5401214985,POINT (2718968.189406678 5849997.5401214985),24.424906815788006,46.43291434075539,0.0,0.0,1.0,0.0
426,426,1277.7135270891097,1.2777135270891096,Sector 1,159.26141865046736,0.0,0,0.1,2718966.794506266,5849995.443569316,POINT (2718966.794506266 5849995.443569316),24.424894285184404,46.43290136053876,0.0,0.0,1.0,0.0
427,427,1280.713360128203,1.280713360128203,Sector 1,160.48901894293056,0.0,0,0.1,2718965.399683484,5849993.347133813,POINT (2718965.399683484 5849993.347133813),24.424881755278168,46.43288838104143,0.0,0.0,1.0,0.0
428,428,1283.7133601280675,1.2837133601280677,Sector 1,160.48901890975185,0.0,0,0.1,2718964.004783071,5849991.250581631,POINT (2718964.004783071 5849991.250581631),24.424869224674563,46.43287540081862,0.0,0.0,1.0,0.0
429,429,1286.713360127932,1.286713360127932,Sector 1,160.48901893173525,0.0,0,0.1,2718962.609882659,5849989.1540294485,POINT (2718962.609882659 5849989.1540294485),24.42485669407096,46.43286242059271,0.0,0.0,1.0,0.0
430,430,1289.7133601277965,1.2897133601277966,Sector 1,160.48901892113292,0.0,0,0.1,2718961.214982246,5849987.057477266,POINT (2718961.214982246 5849987.057477266),24.424844163467355,46.43284944036371,0.0,0.0,1.0,0.0
431,431,1292.713360127661,1.292713360127661,Sector 1,160.4890189141654,0.0,0,0.1,2718959.8200818338,5849984.960925084,POINT (2718959.8200818338 5849984.960925084),24.424831632863754,46.432836460131625,0.0,0.0,1.0,0.0
432,432,1295.7133601275254,1.2957133601275257,Sector 1,160.4890189259604,0.0,0,0.1,2718958.425181421,5849982.864372901,POINT (2718958.425181421 5849982.864372901),24.424819102260145,46.43282347989645,0.0,0.0,1.0,0.0
433,433,1298.7133601282678,1.298713360128268,Sector 1,160.48901892536628,-15.27942939642273,0,0.1,2718957.0302810078,5849980.767820718,POINT (2718957.0302810078 5849980.767820718),24.424806571656536,46.432810499658174,0.0,0.0,1.0,0.0
434,434,1301.7133601281323,1.3017133601281323,Sector 1,160.48901891821902,0.0,0,0.1,2718955.6353805955,5849978.671268535,POINT (2718955.6353805955 5849978.671268535),24.424794041052934,46.43279751941681,0.0,0.0,1.0,0.0
435,435,1304.7133601279968,1.3047133601279968,Sector 1,160.48901892709546,0.0,0,0.1,2718954.2404801827,5849976.574716353,POINT (2718954.2404801827 5849976.574716353),24.42478151044933,46.43278453917236,0.0,0.0,1.0,0.0
436,436,1307.7133601278613,1.3077133601278612,Sector 1,164.35353029925068,0.0,0,0.1,2718952.84557977,5849974.47816417,POINT (2718952.84557977 5849974.47816417),24.424768979845723,46.43277155892482,0.0,0.0,1.0,0.0
437,437,1310.7121709399532,1.3107121709399532,Sector 1,165.02685812623054,0.0,0,0.1,2718951.4512322904,5849972.382443053,POINT (2718951.4512322904 5849972.382443053),24.4247564542092,46.4327585838195,0.0,0.0,1.0,0.0
438,438,1313.71217093929,1.31371217093929,Sector 1,165.02685812524624,0.0,0,0.1,2718950.056331878,5849970.285890871,POINT (2718950.056331878 5849970.285890871),24.4247439236056,46.43274560356578,0.0,0.0,1.0,0.0
439,439,1316.7121709395265,1.3167121709395264,Sector 1,165.0268581253332,0.0,0,0.1,2718948.6614314653,5849968.189338688,POINT (2718948.6614314653 5849968.189338688),24.42473139300199,46.43273262330896,0.0,0.0,1.0,0.0
440,440,1319.712170939763,1.319712170939763,Sector 1,165.02685811381832,0.0,0,0.1,2718947.266531052,5849966.092786505,POINT (2718947.266531052 5849966.092786505),24.424718862398382,46.43271964304905,0.0,0.0,1.0,0.0
441,441,1322.7121709401197,1.3227121709401195,Sector 1,165.02685812229242,0.0,0,0.1,2718945.8716306393,5849963.996234322,POINT (2718945.8716306393 5849963.996234322),24.424706331794773,46.432706662786046,0.0,0.0,1.0,0.0
442,442,1325.7121709394564,1.3257121709394564,Sector 1,169.33433012684645,0.0,0,0.1,2718944.476730227,5849961.89968214,POINT (2718944.476730227 5849961.89968214),24.42469380119117,46.432693682519954,0.0,0.0,1.0,0.0
443,443,1328.7112884209855,1.3287112884209855,Sector 1,169.78257203063424,0.0,0,0.1,2718943.082240156,5849959.803746706,POINT (2718943.082240156 5849959.803746706),24.42468127427373,46.432680706069206,0.0,0.0,1.0,0.0
444,444,1331.7112884212445,1.3317112884212443,Sector 1,169.78257204491024,0.0,0,0.1,2718941.687339743,5849957.707194523,POINT (2718941.687339743 5849957.707194523),24.42466874367012,46.43266772579693,0.0,0.0,1.0,0.0
445,445,1334.7112884214207,1.3347112884214207,Sector 1,169.78257205222553,0.0,0,0.1,2718940.281458615,5849955.61813831,POINT (2718940.281458615 5849955.61813831),24.424656114425073,46.43265479193098,0.0,0.0,1.0,0.0
446,446,1337.711288421597,1.337711288421597,Sector 1,169.7825720326157,0.0,0,0.1,2718938.8393546613,5849953.553809556,POINT (2718938.8393546613 5849953.553809556),24.424643159784843,46.432642011155856,0.0,0.0,1.0,0.0
447,447,1340.7112884208566,1.3407112884208563,Sector 1,169.78257205006582,0.0,0,0.1,2718937.3972507077,5849951.489480803,POINT (2718937.3972507077 5849951.489480803),24.424630205144613,46.432629230377735,0.0,0.0,1.0,0.0
448,448,1343.7112884210328,1.3437112884210327,Sector 1,169.8032985607199,1.6519015063912,0,0.1,2718935.9551467537,5849949.42515205,POINT (2718935.9551467537 5849949.42515205),24.424617250504383,46.43261644959663,0.0,0.0,1.0,0.0
449,449,1346.7112092336708,1.3467112092336708,Sector 1,178.15017477753713,0.0,0,0.1,2718934.5130808656,5849947.360877786,POINT (2718934.5130808656 5849947.360877786),24.424604296206105,46.43260366914987,0.0,0.0,1.0,0.0
450,450,1349.7112092333853,1.3497112092333852,Sector 1,178.15017476459957,0.0,0,0.1,2718933.070976912,5849945.296549032,POINT (2718933.070976912 5849945.296549032),24.424591341565876,46.43259088836275,0.0,0.0,1.0,0.0
451,451,1352.7112092330997,1.3527112092330995,Sector 1,178.15017477098752,0.0,0,0.1,2718931.628872958,5849943.232220279,POINT (2718931.628872958 5849943.232220279),24.424578386925642,46.432578107572645,0.0,0.0,1.0,0.0
452,452,1355.711209233745,1.3557112092337449,Sector 1,178.15017477156687,0.0,0,0.1,2718930.186769004,5849941.167891525,POINT (2718930.186769004 5849941.167891525),24.424565432285412,46.43256532677954,0.0,0.0,1.0,0.0
453,453,1358.7112092334594,1.3587112092334594,Sector 1,178.15017475736272,0.0,0,0.1,2718928.744664864,5849939.103562897,POINT (2718928.744664864 5849939.103562897),24.424552477643513,46.432552545984215,0.0,0.0,1.0,0.0
454,454,1361.7112092331738,1.3617112092331738,Sector 1,178.15017477145898,0.0,0,0.1,2718927.302490626,5849937.039281564,POINT (2718927.302490626 5849937.039281564),24.424539522371905,46.43253976547871,0.0,0.0,1.0,0.0
455,455,1364.7112092329037,1.3647112092329037,Sector 1,178.15017477140498,0.0,0,0.1,2718925.860316388,5849934.975000231,POINT (2718925.860316388 5849934.975000231),24.4245265671003,46.4325269849702,0.0,0.0,1.0,0.0
456,456,1367.7112092335487,1.3677112092335488,Sector 1,178.15017476395917,0.0,0,0.1,2718924.418142149,5849932.910718896,POINT (2718924.418142149 5849932.910718896),24.424513611828694,46.43251420445869,0.0,0.0,1.0,0.0
457,457,1370.7112092332632,1.3707112092332632,Sector 1,178.2792802740147,0.0,0,0.1,2718922.975967911,5849930.846437563,POINT (2718922.975967911 5849930.846437563),24.424500656557086,46.432501423944196,0.0,0.0,1.0,0.0
458,458,1373.7112043840618,1.3737112043840618,Sector 1,178.36148613513137,0.0,0,0.1,2718921.533796004,5849928.782159566,POINT (2718921.533796004 5849928.782159566),24.424487701306422,46.43248864344735,0.0,0.0,1.0,0.0
459,459,1376.7112043838138,1.3767112043838137,Sector 1,178.36148614931813,0.0,0,0.1,2718920.091621766,5849926.717878232,POINT (2718920.091621766 5849926.717878232),24.424474746034818,46.43247586292684,0.0,0.0,1.0,0.0
460,460,1379.7112043835791,1.379711204383579,Sector 1,178.36148613590694,0.0,0,0.1,2718918.6494475277,5849924.653596899,POINT (2718918.6494475277 5849924.653596899),24.424461790763214,46.43246308240336,0.0,0.0,1.0,0.0
461,461,1382.711204384275,1.3827112043842753,Sector 1,178.3614861348923,0.0,0,0.1,2718917.207273289,5849922.589315565,POINT (2718917.207273289 5849922.589315565),24.424448835491607,46.43245030187687,0.0,0.0,1.0,0.0
462,462,1385.711204384041,1.3857112043840407,Sector 1,178.36148613556054,0.0,0,0.1,2718915.765099051,5849920.525034231,POINT (2718915.765099051 5849920.525034231),24.42443588022,46.432437521347374,0.0,0.0,1.0,0.0
463,463,1388.711204383806,1.388711204383806,Sector 1,178.36148614214653,10.913843371821132,0,0.1,2718914.322924813,5849918.460752897,POINT (2718914.322924813 5849918.460752897),24.424422924948395,46.43242474081489,0.0,0.0,1.0,0.0
464,464,1391.7112043835714,1.391711204383571,Sector 1,178.36148614309536,0.0,0,0.1,2718912.8807505746,5849916.396471564,POINT (2718912.8807505746 5849916.396471564),24.424409969676788,46.43241196027941,0.0,0.0,1.0,0.0
465,465,1394.7112043842544,1.3947112043842544,Sector 1,181.3770315967789,0.0,0,0.1,2718911.438576336,5849914.33219023,POINT (2718911.438576336 5849914.33219023),24.42439701440518,46.432399179740926,0.0,0.0,1.0,0.0
466,466,1397.708007719601,1.3977080077196011,Sector 1,183.697400856412,0.0,0,0.1,2718909.9979388136,5849912.2701085005,POINT (2718909.9979388136 5849912.2701085005),24.424384072938125,46.43238641281783,0.0,0.0,1.0,0.0
467,467,1400.7080077192752,1.4007080077192753,Sector 1,183.69740084036573,0.0,0,0.1,2718908.5557645755,5849910.205827167,POINT (2718908.5557645755 5849910.205827167),24.424371117666524,46.43237363227335,0.0,0.0,1.0,0.0
468,468,1403.7080077198789,1.4037080077198787,Sector 1,183.69740086185485,0.0,0,0.1,2718907.1135903373,5849908.141545834,POINT (2718907.1135903373 5849908.141545834),24.424358162394917,46.43236085172588,0.0,0.0,1.0,0.0
469,469,1406.7080077195528,1.4067080077195528,Sector 1,183.6974008550871,0.0,0,0.1,2718905.671416099,5849906.0772645,POINT (2718905.671416099 5849906.0772645),24.424345207123313,46.432348071175426,0.0,0.0,1.0,0.0
470,470,1409.708007719227,1.409708007719227,Sector 1,183.6974008415714,0.0,0,0.1,2718904.229241861,5849904.012983167,POINT (2718904.229241861 5849904.012983167),24.424332251851705,46.43233529062196,0.0,0.0,1.0,0.0
471,471,1412.7080077198304,1.4127080077198304,Sector 1,183.6974008611628,0.0,0,0.1,2718902.7870676224,5849901.948701832,POINT (2718902.7870676224 5849901.948701832),24.424319296580098,46.4323225100655,0.0,0.0,1.0,0.0
472,472,1415.7080077195046,1.4157080077195046,Sector 1,183.69740084891245,0.0,0,0.1,2718901.3448933843,5849899.884420498,POINT (2718901.3448933843 5849899.884420498),24.424306341308494,46.43230972950604,0.0,0.0,1.0,0.0
473,473,1418.708007720108,1.418708007720108,Sector 1,183.6974008347643,0.0,0,0.1,2718899.9027191456,5849897.820139164,POINT (2718899.9027191456 5849897.820139164),24.424293386036883,46.43229694894359,0.0,0.0,1.0,0.0
474,474,1421.7080077197522,1.421708007719752,Sector 1,188.33888452519395,0.0,0,0.1,2718898.4605449075,5849895.755857831,POINT (2718898.4605449075 5849895.755857831),24.42428043076528,46.43228416837814,0.0,0.0,1.0,0.0
475,475,1424.7011363184508,1.4247011363184507,Sector 1,191.57994316332432,0.0,0,0.1,2718897.021673922,5849893.696304666,POINT (2718897.021673922 5849893.696304666),24.424267505167297,46.432271417083165,0.0,0.0,1.0,0.0
476,476,1427.701136318423,1.427701136318423,Sector 1,191.57994317595404,0.0,0,0.1,2718895.579499684,5849891.632023332,POINT (2718895.579499684 5849891.632023332),24.424254549895693,46.43225863651172,0.0,0.0,1.0,0.0
477,477,1430.7011363183954,1.4307011363183957,Sector 1,191.579943148302,0.0,0,0.1,2718894.137325445,5849889.5677419985,POINT (2718894.137325445 5849889.5677419985),24.424241594624082,46.43224585593729,0.0,0.0,1.0,0.0
478,478,1433.7011363182742,1.433701136318274,Sector 1,191.57994316361797,3.505498795731748,0,0.1,2718892.695151207,5849887.503460664,POINT (2718892.695151207 5849887.503460664),24.42422863935248,46.43223307535986,0.0,0.0,1.0,0.0
479,479,1436.7011363182464,1.4367011363182465,Sector 1,191.57994317624804,0.0,0,0.1,2718891.252976969,5849885.439179331,POINT (2718891.252976969 5849885.439179331),24.424215684080874,46.432220294779434,0.0,0.0,1.0,0.0
480,480,1439.7011363182187,1.4397011363182186,Sector 1,191.57994315522072,0.0,0,0.1,2718889.8108027307,5849883.374897997,POINT (2718889.8108027307 5849883.374897997),24.42420272880927,46.432207514196,0.0,0.0,1.0,0.0
481,481,1442.701136318191,1.442701136318191,Sector 1,191.57994315531909,0.0,0,0.1,2718888.3686284926,5849881.310616664,POINT (2718888.3686284926 5849881.310616664),24.424189773537663,46.43219473360958,0.0,0.0,1.0,0.0
482,482,1445.7011363180698,1.4457011363180698,Sector 1,191.57994316598032,0.0,0,0.1,2718886.9264542544,5849879.2463353295,POINT (2718886.9264542544 5849879.2463353295),24.42417681826606,46.432181953020155,0.0,0.0,1.0,0.0
483,483,1448.701136318042,1.448701136318042,Sector 1,191.5799431667957,0.0,0,0.1,2718885.484280016,5849877.182053996,POINT (2718885.484280016 5849877.182053996),24.424163862994448,46.43216917242774,0.0,0.0,1.0,0.0
484,484,1451.7011363180145,1.4517011363180143,Sector 1,191.57994316617763,0.0,0,0.1,2718884.0421057777,5849875.117772663,POINT (2718884.0421057777 5849875.117772663),24.424150907722844,46.432156391832336,0.0,0.0,1.0,0.0
485,485,1454.7011363179863,1.4547011363179865,Sector 1,191.5799431510585,0.0,0,0.1,2718882.5999315395,5849873.053491329,POINT (2718882.5999315395 5849873.053491329),24.42413795245124,46.43214361123392,0.0,0.0,1.0,0.0
486,486,1457.7011363178651,1.4577011363178654,Sector 1,191.57994317693817,0.0,0,0.1,2718881.1577573013,5849870.989209995,POINT (2718881.1577573013 5849870.989209995),24.424124997179636,46.43213083063251,0.0,0.0,1.0,0.0
487,487,1460.7011363178376,1.4607011363178375,Sector 1,191.5799431539425,0.0,0,0.1,2718879.690464811,5849868.945986827,POINT (2718879.690464811 5849868.945986827),24.42411181626693,46.43211818040573,0.0,0.0,1.0,0.0
488,488,1463.70113631781,1.4637011363178098,Sector 1,191.5799431646045,0.0,0,0.1,2718878.208386221,5849866.915159751,POINT (2718878.208386221 5849866.915159751),24.424098502528434,46.4321056069241,0.0,0.0,1.0,0.0
489,489,1466.701136317782,1.4667011363177822,Sector 1,191.57994316273457,0.0,0,0.1,2718876.7263076315,5849864.884332674,POINT (2718876.7263076315 5849864.884332674),24.42408518878994,46.43209303343954,0.0,0.0,1.0,0.0
490,490,1469.701136317661,1.4697011363176609,Sector 1,191.579943162834,0.0,0,0.1,2718875.179036178,5849862.926793863,POINT (2718875.179036178 5849862.926793863),24.42407128941399,46.4320809137028,0.0,0.0,1.0,0.0
491,491,1472.7011363176332,1.4727011363176332,Sector 1,191.57994316096432,0.0,0,0.1,2718873.003381799,5849861.675668193,POINT (2718873.003381799 5849861.675668193),24.424051745178172,46.432073167589955,0.0,0.0,1.0,0.0
492,492,1475.701136318518,1.475701136318518,Sector 1,191.5799431689408,0.0,0,0.1,2718870.793870949,5849860.468876416,POINT (2718870.793870949 5849860.468876416),24.424031896804504,46.43206569596115,0.0,0.0,1.0,0.0
493,493,1478.7011363184902,1.47870113631849,Sector 1,191.9913400039252,0.0,0,0.1,2718868.5827056062,5849859.264251143,POINT (2718868.5827056062 5849859.264251143),24.42401203356827,46.43205823774483,0.0,0.0,1.0,0.0
494,494,1481.7009469974298,1.4817009469974298,Sector 1,192.99848311174128,-89.59895990191421,0,0.1,2718866.371679803,5849858.05970189,POINT (2718866.371679803 5849858.05970189),24.423992171585546,46.432050779998164,0.0,0.0,1.0,0.0
495,495,1484.7009469977445,1.4847009469977444,Sector 1,192.9984830865858,0.0,0,0.1,2718864.1601729533,5849856.855689322,POINT (2718864.1601729533 5849856.855689322),24.423972305281506,46.432043325573254,0.0,0.0,1.0,0.0
496,496,1487.700946997954,1.487700946997954,Sector 1,192.99848310534517,0.0,0,0.1,2718861.9424640974,5849855.662803936,POINT (2718861.9424640974 5849855.662803936),24.423952383263895,46.43203594003928,0.0,0.0,1.0,0.0
497,497,1490.7009469973611,1.490700946997361,Sector 1,192.99848309342897,0.0,0,0.1,2718859.7247552425,5849854.46991855,POINT (2718859.7247552425 5849854.46991855),24.423932461246295,46.432028554504285,0.0,0.0,1.0,0.0
498,498,1493.700946997571,1.493700946997571,Sector 1,192.99848309901108,0.0,0,0.1,2718857.271593248,5849854.108522576,POINT (2718857.271593248 5849854.108522576),24.423910424117153,46.43202631698602,0.0,0.0,1.0,0.0
499,499,1496.7009469978857,1.4967009469978854,Sector 1,192.9984831024791,0.0,0,0.1,2718854.758096215,5849853.957544719,POINT (2718854.758096215 5849853.957544719),24.42388784498914,46.432025382233704,0.0,0.0,1.0,0.0
500,500,1499.700946998095,1.4997009469980953,Sector 1,192.99848309488405,0.0,0,0.1,2718852.2445991817,5849853.806566861,POINT (2718852.2445991817 5849853.806566861),24.423865265861124,46.432024447481375,0.0,0.0,1.0,0.0
501,501,1502.7009469975023,1.5027009469975023,Sector 1,192.9984831071476,0.0,0,0.1,2718849.731102149,5849853.655589005,POINT (2718849.731102149 5849853.655589005),24.423842686733114,46.43202351272904,0.0,0.0,1.0,0.0
502,502,1505.7009469977122,1.5057009469977125,Sector 1,192.9984830841381,0.0,0,0.1,2718847.217605116,5849853.504611148,POINT (2718847.217605116 5849853.504611148),24.4238201076051,46.43202257797666,0.0,0.0,1.0,0.0
503,503,1508.700946998027,1.5087009469980266,Sector 1,192.9984831051663,0.0,0,0.1,2718844.704158461,5849853.396862148,POINT (2718844.704158461 5849853.396862148),24.423797528929644,46.43202191086802,0.0,0.0,1.0,0.0
504,504,1511.700946997329,1.511700946997329,Sector 1,192.99848310419125,0.0,0,0.1,2718842.190717378,5849853.293893514,POINT (2718842.190717378 5849853.293893514),24.423774950304235,46.43202127335614,0.0,0.0,1.0,0.0
505,505,1514.7009469976435,1.5147009469976436,Sector 1,192.99848309224527,0.0,0,0.1,2718839.6905025006,5849853.486480478,POINT (2718839.6905025006 5849853.486480478),24.423752490491854,46.43202246572387,0.0,0.0,1.0,0.0
506,506,1517.7009469978534,1.5177009469978535,Sector 1,192.99848310665453,0.0,0,0.1,2718837.197477743,5849853.839739374,POINT (2718837.197477743 5849853.839739374),24.42373009526942,46.43202465286304,0.0,0.0,1.0,0.0
507,507,1520.700946998168,1.5207009469981678,Sector 1,192.9984830836764,0.0,0,0.1,2718834.7248405693,5849854.254279331,POINT (2718834.7248405693 5849854.254279331),24.423707883191767,46.4320272194128,0.0,0.0,1.0,0.0
508,508,1523.7009469974705,1.5237009469974705,Sector 1,192.9984831047053,0.0,0,0.1,2718832.2670130227,5849854.713334111,POINT (2718832.2670130227 5849854.713334111),24.423685804151262,46.432030061567964,0.0,0.0,1.0,0.0
509,509,1526.7009469977847,1.5267009469977848,Sector 1,192.99848307734524,0.0,0,0.1,2718829.96367164,5849855.581059483,POINT (2718829.96367164 5849855.581059483),24.423665112883576,46.43203543393325,0.0,0.0,1.0,0.0
510,510,1529.7009469979946,1.5297009469979943,Sector 1,192.99848311596483,0.0,0,0.1,2718827.849227635,5849856.948485282,POINT (2718827.849227635 5849856.948485282),24.423646118509904,46.43204390010261,0.0,0.0,1.0,0.0
511,511,1532.7009469974016,1.5327009469974016,Sector 1,192.99848308201632,0.0,0,0.1,2718825.734783631,5849858.315911081,POINT (2718825.734783631 5849858.315911081),24.42362712413624,46.43205236627065,0.0,0.0,1.0,0.0
512,512,1535.7009469976117,1.5357009469976115,Sector 1,192.99848311184093,0.0,0,0.1,2718823.6203396255,5849859.68333688,POINT (2718823.6203396255 5849859.68333688),24.423608129762567,46.43206083243739,0.0,0.0,1.0,0.0
513,513,1538.7009469978211,1.5387009469978217,Sector 1,194.71900490746785,0.0,0,0.1,2718821.505895621,5849861.050762679,POINT (2718821.505895621 5849861.050762679),24.423589135388898,46.432069298602805,0.0,0.0,1.0,0.0
514,514,1541.6939872899295,1.5416939872899296,Sector 1,203.5639000621628,0.0,0,0.1,2718819.3963569202,5849862.415016185,POINT (2718819.3963569202 5849862.415016185),24.423570185080322,46.43207774512622,0.0,0.0,1.0,0.0
515,515,1544.6939872901266,1.5446939872901266,Sector 1,203.56390005663937,0.0,0,0.1,2718817.2827911414,5849863.78385753,POINT (2718817.2827911414 5849863.78385753),24.423551198595895,46.43208622005311,0.0,0.0,1.0,0.0
516,516,1547.6939872901376,1.5476939872901376,Sector 1,203.56390006351245,0.0,0,0.1,2718815.1709848666,5849865.155534889,POINT (2718815.1709848666 5849865.155534889),24.423532227917356,46.43209471253731,0.0,0.0,1.0,0.0
517,517,1550.6939872903347,1.5506939872903347,Sector 1,216.0832692874608,0.0,0,0.1,2718813.0591785912,5849866.527212246,POINT (2718813.0591785912 5849866.527212246),24.423513257238813,46.432103205020184,0.0,0.0,1.0,0.0
518,518,1553.6549319130804,1.5536549319130804,Sector 1,222.91987029899835,0.0,0,0.1,2718810.97486478,5849867.881032479,POINT (2718810.97486478 5849867.881032479),24.42349453352928,46.432111586942725,0.0,0.0,1.0,0.0
519,519,1556.6549319133042,1.556654931913304,Sector 1,222.9198702743952,0.0,0,0.1,2718808.8630585056,5849869.252709838,POINT (2718808.8630585056 5849869.252709838),24.423475562850744,46.43212007942298,0.0,0.0,1.0,0.0
520,520,1559.654931913211,1.559654931913211,Sector 1,222.91987028987373,0.0,0,0.1,2718806.7512522303,5849870.624387195,POINT (2718806.7512522303 5849870.624387195),24.4234565921722,46.432128571901906,0.0,0.0,1.0,0.0
521,521,1562.654931913435,1.5626549319134346,Sector 1,227.88995467655263,0.0,0,0.1,2718804.6394459554,5849871.996064553,POINT (2718804.6394459554 5849871.996064553),24.423437621493665,46.4321370643795,0.0,0.0,1.0,0.0
522,522,1565.640175374254,1.565640175374254,Sector 1,234.392828014485,0.0,0,0.1,2718802.539053768,5849873.362534135,POINT (2718802.539053768 5849873.362534135),24.423418753349615,46.432145524612835,0.0,0.0,1.0,0.0
523,523,1568.6401753739392,1.5686401753739392,Sector 1,234.3928279720433,0.0,0,0.1,2718800.4336033477,5849874.743743038,POINT (2718800.4336033477 5849874.743743038),24.42339983976669,46.43215407610051,0.0,0.0,1.0,0.0
524,524,1571.6401753741668,1.571640175374167,Sector 1,234.3928280171308,0.0,0,0.1,2718798.3281529276,5849876.124951941,POINT (2718798.3281529276 5849876.124951941),24.423380926183768,46.43216262758684,0.0,0.0,1.0,0.0
525,525,1574.640175373852,1.574640175373852,Sector 1,241.90537143286824,0.0,0,0.1,2718796.2227025074,5849877.506160843,POINT (2718796.2227025074 5849877.506160843),24.423362012600844,46.43217117907183,0.0,0.0,1.0,0.0
526,526,1577.6138695895856,1.5776138695895856,Sector 1,249.57993633929408,0.0,0,0.1,2718794.135713929,5849878.875258485,POINT (2718794.135713929 5849878.875258485),24.423343264863465,46.43217965557098,0.0,0.0,1.0,0.0
527,527,1580.6138695895816,1.5806138695895815,Sector 1,249.5799363189683,0.0,0,0.1,2718792.0302635087,5849880.256467388,POINT (2718792.0302635087 5849880.256467388),24.423324351280545,46.4321882070533,0.0,0.0,1.0,0.0
528,528,1583.6138695891411,1.583613869589141,Sector 1,252.97382583740196,0.0,0,0.1,2718789.9248130885,5849881.63767629,POINT (2718789.9248130885 5849881.63767629),24.423305437697618,46.43219675853427,0.0,0.0,1.0,0.0
529,529,1586.5936854137612,1.5865936854137612,Sector 1,265.97357913959974,0.0,0,0.1,2718787.833528262,5849883.009592338,POINT (2718787.833528262 5849883.009592338),24.42328665136639,46.43220525247905,0.0,0.0,1.0,0.0
530,530,1589.5936854134852,1.5895936854134851,Sector 1,265.9735791079348,0.0,0,0.1,2718785.69771875,5849884.330995981,POINT (2718785.69771875 5849884.330995981),24.423267465063102,46.432213433685085,0.0,0.0,1.0,0.0
531,531,1592.5936854137392,1.5925936854137392,Sector 1,266.478946890948,0.0,0,0.1,2718783.4374296903,5849885.400019649,POINT (2718783.4374296903 5849885.400019649),24.423247160541013,46.43222005233016,0.0,0.0,1.0,0.0
532,532,1595.592002825092,1.5955920028250918,Sector 1,273.75773037093643,0.0,0,0.1,2718781.062942656,5849886.234252759,POINT (2718781.062942656 5849886.234252759),24.423225830161066,46.43222521731613,0.0,0.0,1.0,0.0
533,533,1598.592002824715,1.5985920028247154,Sector 1,273.7577303571711,0.0,0,0.1,2718778.687123113,5849887.068954023,POINT (2718778.687123113 5849887.068954023),24.423204487810985,46.4322303852001,0.0,0.0,1.0,0.0
534,534,1601.5920028248036,1.6015920028248036,Sector 1,276.34530823783507,0.0,0,0.1,2718776.31130357,5849887.903655285,POINT (2718776.31130357 5849887.903655285),24.423183145460907,46.43223555308357,0.0,0.0,1.0,0.0
535,535,1604.583812984839,1.6045838129848389,Sector 1,283.2720015546019,0.0,0,0.1,2718773.9419698874,5849888.736077859,POINT (2718773.9419698874 5849888.736077859),24.423161861374304,46.43224070685852,0.0,0.0,1.0,0.0
536,536,1607.58381298468,1.60758381298468,Sector 1,283.2720015600385,0.0,0,0.1,2718771.561178003,5849889.549189522,POINT (2718771.561178003 5849889.549189522),24.423140474356927,46.43224574107343,0.0,0.0,1.0,0.0
537,537,1610.5838129849744,1.6105838129849743,Sector 1,293.2563732170749,0.0,0,0.1,2718769.0685144695,5849889.898603141,POINT (2718769.0685144695 5849889.898603141),24.42311808237942,46.43224790439639,0.0,0.0,1.0,0.0
538,538,1613.5563351336111,1.613556335133611,Sector 1,299.28623560097685,0.0,0,0.1,2718766.5986819486,5849890.2448163815,POINT (2718766.5986819486 5849890.2448163815),24.423095895496395,46.43225004790477,0.0,0.0,1.0,0.0
539,539,1616.5563351337296,1.6165563351337295,Sector 1,299.2862356715373,0.0,0,0.1,2718764.106018415,5849890.59423,POINT (2718764.106018415 5849890.59423),24.423073503518893,46.43225221122757,0.0,0.0,1.0,0.0
540,540,1619.556335133848,1.619556335133848,Sector 1,299.3161466309208,0.0,0,0.1,2718761.6133548813,5849890.943643619,POINT (2718761.6133548813 5849890.943643619),24.423051111541387,46.432254374550276,0.0,0.0,1.0,0.0
541,541,1622.5561471172557,1.6225561471172554,Sector 1,313.0078968993271,0.0,0,0.1,2718759.1047937246,5849890.800306672,POINT (2718759.1047937246 5849890.800306672),24.4230285767531,46.432253487108994,0.0,0.0,1.0,0.0
542,542,1625.5561471173403,1.6255561471173403,Sector 1,313.0078968515417,0.0,0,0.1,2718756.5952555486,5849890.618350479,POINT (2718756.5952555486 5849890.618350479),24.423006033188106,46.43225236056456,0.0,0.0,1.0,0.0
543,543,1628.5561471171304,1.6285561471171304,Sector 1,313.007896880104,0.0,0,0.1,2718754.1065507,5849890.262081449,POINT (2718754.1065507 5849890.262081449),24.422983676772077,46.432250154797906,0.0,0.0,1.0,0.0
544,544,1631.5561471169206,1.6315561471169209,Sector 1,325.6551646313413,0.0,0,0.1,2718751.631692037,5849889.80038304,POINT (2718751.631692037 5849889.80038304),24.422961444738444,46.432247296286725,0.0,0.0,1.0,0.0
545,545,1634.5277972908773,1.6345277972908774,Sector 1,330.5611988970712,0.0,0,0.1,2718749.180220644,5849889.343047655,POINT (2718749.180220644 5849889.343047655),24.422939422796237,46.43224446478818,0.0,0.0,1.0,0.0
546,546,1637.5277972911322,1.6375277972911322,Sector 1,330.5611988977293,0.0,0,0.1,2718746.915550266,5849888.359263282,POINT (2718746.915550266 5849888.359263282),24.422919078916095,46.43223837388781,0.0,0.0,1.0,0.0
547,547,1640.527797290347,1.6405277972903471,Sector 1,330.56119892197904,0.0,0,0.1,2718744.7914529657,5849887.027656548,POINT (2718744.7914529657 5849887.027656548),24.4228999978254,46.432230129515155,0.0,0.0,1.0,0.0
548,548,1643.527797290602,1.643527797290602,Sector 1,337.7551755978346,0.0,0,0.1,2718742.698832482,5849885.626892165,POINT (2718742.698832482 5849885.626892165),24.422881199495755,46.43222145696561,0.0,0.0,1.0,0.0
549,549,1646.517448258203,1.646517448258203,Sector 1,340.9040396435534,0.0,0,0.1,2718740.5815342204,5849884.28078877,POINT (2718740.5815342204 5849884.28078877),24.42286217948186,46.43221312283721,0.0,0.0,1.0,0.0
550,550,1649.5174482586217,1.6495174482586217,Sector 1,340.90403962829413,0.0,0,0.1,2718738.4421508624,5849882.953077152,POINT (2718738.4421508624 5849882.953077152),24.42284296107417,46.432204902576565,0.0,0.0,1.0,0.0
551,551,1652.5174482583125,1.6525174482583125,Sector 1,340.9040396418897,0.0,0,0.1,2718736.3027675054,5849881.625365535,POINT (2718736.3027675054 5849881.625365535),24.422823742666488,46.432196682314675,0.0,0.0,1.0,0.0
552,552,1655.5174482588834,1.6555174482588837,Sector 1,340.9040396265726,0.0,0,0.1,2718734.524079578,5849879.909521183,POINT (2718734.524079578 5849879.909521183),24.42280776444098,46.43218605900447,0.0,0.0,1.0,0.0
553,553,1658.5174482584218,1.6585174482584215,Sector 1,344.7443698108748,0.0,0,0.1,2718733.020476926,5849877.899948237,POINT (2718733.020476926 5849877.899948237),24.422794257348546,46.43217361712927,0.0,0.0,1.0,0.0
554,554,1661.5134091504704,1.6615134091504704,Sector 1,347.0465652495948,0.0,0,0.1,2718731.558221087,5849875.854087813,POINT (2718731.558221087 5849875.854087813),24.42278112168085,46.432160950584375,0.0,0.0,1.0,0.0
555,555,1664.513409150389,1.664513409150389,Sector 1,347.0465652611186,0.0,0,0.1,2718730.0939938566,5849873.805469193,POINT (2718730.0939938566 5849873.805469193),24.422767968303845,46.432148266959686,0.0,0.0,1.0,0.0
556,556,1667.5134091503076,1.6675134091503077,Sector 1,347.0465652660453,0.0,0,0.1,2718728.699580333,5849871.7098289225,POINT (2718728.699580333 5849871.7098289225),24.42275544207404,46.43213529220653,0.0,0.0,1.0,0.0
557,557,1670.5134091501218,1.6705134091501217,Sector 1,347.04656525120214,0.0,0,0.1,2718727.351111084,5849869.58324379,POINT (2718727.351111084 5849869.58324379),24.422743328568675,46.43212212586107,0.0,0.0,1.0,0.0
558,558,1673.5134091500404,1.6735134091500403,Sector 1,347.0465652605266,0.0,0,0.1,2718726.26723752,5849867.354948686,POINT (2718726.26723752 5849867.354948686),24.422733591966782,46.43210832979433,0.0,0.0,1.0,0.0
559,559,1676.513409149959,1.676513409149959,Sector 1,347.04656526765194,0.0,0,0.1,2718725.7388374372,5849864.913130861,POINT (2718725.7388374372 5849864.913130861),24.422728845268082,46.432093211738135,0.0,0.0,1.0,0.0
560,560,1679.5134091497732,1.6795134091497732,Sector 1,347.0465652594053,0.0,0,0.1,2718725.24747877,5849862.458721647,POINT (2718725.24747877 5849862.458721647),24.422724431318077,46.43207801572049,0.0,0.0,1.0,0.0
561,561,1682.5134091505995,1.6825134091505995,Sector 1,347.04656526212545,0.0,0,0.1,2718724.843927994,5849859.974464136,POINT (2718724.843927994 5849859.974464136),24.422720806159774,46.43206263489837,0.0,0.0,1.0,0.0
562,562,1685.513409150518,1.6855134091505182,Sector 1,347.04656525388555,0.0,0,0.1,2718724.4403772177,5849857.490206625,POINT (2718724.4403772177 5849857.490206625),24.42271718100147,46.432047254071904,0.0,0.0,1.0,0.0
563,563,1688.5134091504367,1.6885134091504368,Sector 1,347.3264401424201,0.0,0,0.1,2718724.3305771137,5849854.987318027,POINT (2718724.3305771137 5849854.987318027),24.422716194650356,46.43203175789007,0.0,0.0,1.0,0.0
564,564,1691.513288918975,1.691513288918975,Sector 1,348.2666071531592,0.0,0,0.1,2718724.417864704,5849852.472029763,POINT (2718724.417864704 5849852.472029763),24.422716978768122,46.43201618493352,0.0,0.0,1.0,0.0
565,565,1694.5132889186152,1.6945132889186152,Sector 1,348.2666071477819,0.0,0,0.1,2718724.5051557934,5849849.956640689,POINT (2718724.5051557934 5849849.956640689),24.42271776291732,46.432000611348364,0.0,0.0,1.0,0.0
566,566,1697.513288919262,1.697513288919262,Sector 1,348.26660715229195,0.0,0,0.1,2718724.5924468823,5849847.441251614,POINT (2718724.5924468823 5849847.441251614),24.42271854706651,46.43198503775876,0.0,0.0,1.0,0.0
567,567,1700.513288918997,1.700513288918997,Sector 1,348.2666071441965,0.0,0,0.1,2718724.6797379716,5849844.925862541,POINT (2718724.6797379716 5849844.925862541),24.42271933121571,46.43196946416471,0.0,0.0,1.0,0.0
568,568,1703.513288918732,1.703513288918732,Sector 1,348.266607158045,0.0,0,0.1,2718724.7670290605,5849842.410473468,POINT (2718724.7670290605 5849842.410473468),24.4227201153649,46.431953890566206,0.0,0.0,1.0,0.0
569,569,1706.513288919284,1.706513288919284,Sector 1,348.26660714795435,0.0,0,0.1,2718724.85432015,5849839.895084392,POINT (2718724.85432015 5849839.895084392),24.4227208995141,46.43193831696325,0.0,0.0,1.0,0.0
570,570,1709.5132889190188,1.7095132889190188,Sector 1,348.2666071558179,0.0,0,0.1,2718724.9416112388,5849837.37969532,POINT (2718724.9416112388 5849837.37969532),24.42272168366329,46.43192274335585,0.0,0.0,1.0,0.0
571,571,1712.5132889187537,1.7125132889187538,Sector 1,348.2666071450911,89.58738294759482,0,0.1,2718725.028902328,5849834.864306245,POINT (2718725.028902328 5849834.864306245),24.422722467812488,46.431907169743994,0.0,0.0,1.0,0.0
572,572,1715.5132889194006,1.7155132889194005,Sector 1,348.2666071542262,0.0,0,0.1,2718725.1275243424,5849832.348969987,POINT (2718725.1275243424 5849832.348969987),24.422723353749117,46.43189159645469,0.0,0.0,1.0,0.0
573,573,1718.5132889190409,1.7185132889190409,Sector 1,348.26660714549405,0.0,0,0.1,2718725.2480605943,5849829.833735877,POINT (2718725.2480605943 5849829.833735877),24.42272443654469,46.43187602379337,0.0,0.0,1.0,0.0
574,574,1721.5132889187755,1.7215132889187756,Sector 1,348.2666071453774,0.0,0,0.1,2718725.3685968462,5849827.318501765,POINT (2718725.3685968462 5849827.318501765),24.422725519340265,46.43186045112759,0.0,0.0,1.0,0.0
575,575,1724.5132889194226,1.7245132889194226,Sector 1,348.26660714661966,0.0,0,0.1,2718725.4891330986,5849824.803267653,POINT (2718725.4891330986 5849824.803267653),24.422726602135842,46.43184487845736,0.0,0.0,1.0,0.0
576,576,1727.5132889191575,1.7275132889191576,Sector 1,348.2666071471387,0.0,0,0.1,2718725.609669351,5849822.288033543,POINT (2718725.609669351 5849822.288033543),24.422727684931424,46.43182930578269,0.0,0.0,1.0,0.0
577,577,1730.5132889188924,1.7305132889188923,Sector 1,348.2666071596272,0.0,0,0.1,2718725.730205603,5849819.772799432,POINT (2718725.730205603 5849819.772799432),24.422728767726994,46.43181373310357,0.0,0.0,1.0,0.0
578,578,1733.5132889194444,1.7335132889194445,Sector 1,348.26660714690456,0.0,0,0.1,2718725.8507418553,5849817.2575653205,POINT (2718725.8507418553 5849817.2575653205),24.422729850522572,46.43179816041999,0.0,0.0,1.0,0.0
579,579,1736.513288919179,1.7365132889191792,Sector 1,348.26660714216155,0.0,0,0.1,2718726.004295613,5849814.744070981,POINT (2718726.004295613 5849814.744070981),24.42273122991945,46.431782598503496,0.0,0.0,1.0,0.0
580,580,1739.5132889189142,1.7395132889189142,Sector 1,348.2666071546497,0.0,0,0.1,2718726.1579481745,5849812.230581846,POINT (2718726.1579481745 5849812.230581846),24.422732610203894,46.43176703661478,0.0,0.0,1.0,0.0
581,581,1742.513288919561,1.7425132889195611,Sector 1,348.26660716115293,0.0,0,0.1,2718726.311600736,5849809.717092711,POINT (2718726.311600736 5849809.717092711),24.422733990488336,46.43175147472162,0.0,0.0,1.0,0.0
582,582,1745.5132889192014,1.745513288919201,Sector 1,348.266607142445,0.0,0,0.1,2718726.4652532963,5849807.203603577,POINT (2718726.4652532963 5849807.203603577),24.42273537077277,46.43173591282404,0.0,0.0,1.0,0.0
583,583,1748.5132889189365,1.7485132889189363,Sector 1,348.2666071436863,0.0,0,0.1,2718726.6189058577,5849804.690114442,POINT (2718726.6189058577 5849804.690114442),24.42273675105721,46.43172035092199,0.0,0.0,1.0,0.0
584,584,1751.5132889186712,1.751513288918671,Sector 1,348.2666071501892,0.0,0,0.1,2718726.7725584186,5849802.176625308,POINT (2718726.7725584186 5849802.176625308),24.422738131341653,46.43170478901551,0.0,0.0,1.0,0.0
585,585,1754.513288919318,1.754513288919318,Sector 1,348.2666071520662,0.0,0,0.1,2718726.92621098,5849799.663136173,POINT (2718726.92621098 5849799.663136173),24.422739511626094,46.43168922710458,0.0,0.0,1.0,0.0
586,586,1757.513288919053,1.757513288919053,Sector 1,348.2666071479582,0.0,0,0.1,2718727.079863541,5849797.149647038,POINT (2718727.079863541 5849797.149647038),24.422740891910536,46.431673665189216,0.0,0.0,1.0,0.0
587,587,1760.5132889186932,1.7605132889186932,Sector 1,348.2666071498349,-36.72788707201944,0,0.1,2718727.2335161017,5849794.636157905,POINT (2718727.2335161017 5849794.636157905),24.422742272194974,46.4316581032694,0.0,0.0,1.0,0.0
588,588,1763.51328891934,1.76351328891934,Sector 1,348.2666071477217,0.0,0,0.1,2718727.3871686626,5849792.122668769,POINT (2718727.3871686626 5849792.122668769),24.42274365247941,46.43164254134514,0.0,0.0,1.0,0.0
589,589,1766.513288919075,1.7665132889190749,Sector 1,348.2666071449724,0.0,0,0.1,2718727.540821224,5849789.609179635,POINT (2718727.540821224 5849789.609179635),24.422745032763853,46.431626979416436,0.0,0.0,1.0,0.0
590,590,1769.5132889188098,1.76951328891881,Sector 1,348.0645485507931,0.0,0,0.1,2718727.694473785,5849787.095690501,POINT (2718727.694473785 5849787.095690501),24.422746413048294,46.4316114174833,0.0,0.0,1.0,0.0
591,591,1772.513113791042,1.772513113791042,Sector 1,346.16781866382803,0.0,0,0.1,2718727.8481173767,5849784.582348093,POINT (2718727.8481173767 5849784.582348093),24.422747793252164,46.43159585645416,0.0,0.0,1.0,0.0
592,592,1775.5131137903634,1.7755131137903637,Sector 1,346.16781867809993,0.0,0,0.1,2718728.0017699376,5849782.06885896,POINT (2718728.0017699376 5849782.06885896),24.4227491735366,46.43158029451212,0.0,0.0,1.0,0.0
593,593,1778.5131137904775,1.7785131137904775,Sector 1,346.16781865063086,0.0,0,0.1,2718728.1554224985,5849779.555369825,POINT (2718728.1554224985 5849779.555369825),24.42275055382104,46.43156473256566,0.0,0.0,1.0,0.0
594,594,1781.513113790703,1.781513113790703,Sector 1,346.1678186695932,0.0,0,0.1,2718728.3090750594,5849777.04188069,POINT (2718728.3090750594 5849777.04188069),24.42275193410548,46.43154917061473,0.0,0.0,1.0,0.0
595,595,1784.5131137909286,1.7845131137909287,Sector 1,346.1678186749534,0.0,0,0.1,2718728.4627276207,5849774.528391555,POINT (2718728.4627276207 5849774.528391555),24.422753314389922,46.43153360865937,0.0,0.0,1.0,0.0
596,596,1787.5131137910428,1.7875131137910427,Sector 1,346.1678186512343,0.0,0,0.1,2718728.6163801816,5849772.01490242,POINT (2718728.6163801816 5849772.01490242),24.422754694674364,46.431518046699566,0.0,0.0,1.0,0.0
597,597,1790.513113790364,1.790513113790364,Sector 1,346.1678186659757,0.0,0,0.1,2718728.7700327425,5849769.501413287,POINT (2718728.7700327425 5849769.501413287),24.422756074958798,46.431502484735326,0.0,0.0,1.0,0.0
598,598,1793.5131137905896,1.7935131137905895,Sector 1,346.1678186802468,0.0,0,0.1,2718728.923685304,5849766.987924152,POINT (2718728.923685304 5849766.987924152),24.422757455243243,46.43148692276663,0.0,0.0,1.0,0.0
599,599,1796.5131137907038,1.7965131137907038,Sector 1,346.1678186640335,0.0,0,0.1,2718729.077337865,5849764.474435017,POINT (2718729.077337865 5849764.474435017),24.42275883552768,46.4314713607935,0.0,0.0,1.0,0.0
600,600,1799.5131137909293,1.7995131137909293,Sector 1,346.16781866892285,0.0,0,0.1,2718729.2309904257,5849761.960945883,POINT (2718729.2309904257 5849761.960945883),24.422760215812122,46.431455798815925,0.0,0.0,1.0,0.0
601,601,1802.5131137910437,1.8025131137910435,Sector 1,346.1678186545845,0.0,0,0.1,2718729.384642987,5849759.447456748,POINT (2718729.384642987 5849759.447456748),24.422761596096564,46.4314402368339,0.0,0.0,1.0,0.0
602,602,1805.5131137903647,1.8055131137903648,Sector 1,346.16781865994375,-23.99476557753364,0,0.1,2718729.538295548,5849756.933967614,POINT (2718729.538295548 5849756.933967614),24.422762976381005,46.43142467484744,0.0,0.0,1.0,0.0
603,603,1808.5131137905903,1.8085131137905903,Sector 1,346.16781868172046,0.0,0,0.1,2718729.689235826,5849754.420379828,POINT (2718729.689235826 5849754.420379828),24.42276433230059,46.43140911224574,0.0,0.0,1.0,0.0
604,604,1811.5131137907044,1.8115131137907043,Sector 1,346.16781865518465,0.0,0,0.1,2718729.840223771,5849751.906715473,POINT (2718729.840223771 5849751.906715473),24.42276568864838,46.43139354916553,0.0,0.0,1.0,0.0
605,605,1814.51311379093,1.81451311379093,Sector 1,346.16781865679314,0.0,0,0.1,2718729.991211716,5849749.3930511195,POINT (2718729.991211716 5849749.3930511195),24.422767044996167,46.43137798608089,0.0,0.0,1.0,0.0
606,606,1817.5131137911555,1.8175131137911555,Sector 1,346.1678186710631,0.0,0,0.1,2718730.1421996607,5849746.879386765,POINT (2718730.1421996607 5849746.879386765),24.422768401343948,46.43136242299179,0.0,0.0,1.0,0.0
607,607,1820.5131137903652,1.8205131137903652,Sector 1,346.167818670326,0.0,0,0.1,2718730.2931876057,5849744.365722411,POINT (2718730.2931876057 5849744.365722411),24.42276975769174,46.43134685989826,0.0,0.0,1.0,0.0
608,608,1823.513113790591,1.823513113790591,Sector 1,346.167818673339,-25.10001982905712,0,0.1,2718730.4441755502,5849741.852058057,POINT (2718730.4441755502 5849741.852058057),24.42277111403952,46.43133129680027,0.0,0.0,1.0,0.0
609,609,1826.513113790705,1.8265131137907047,Sector 1,346.16781866556545,0.0,0,0.1,2718730.5951634953,5849739.338393703,POINT (2718730.5951634953 5849739.338393703),24.422772470387308,46.43131573369785,0.0,0.0,1.0,0.0
610,610,1829.513113790931,1.8295131137909304,Sector 1,346.1678186643577,0.0,0,0.1,2718730.7461514403,5849736.8247293485,POINT (2718730.7461514403 5849736.8247293485),24.422773826735096,46.43130017059098,0.0,0.0,1.0,0.0
611,611,1832.513113791156,1.8325131137911563,Sector 1,346.16781867206106,0.0,0,0.1,2718730.897139385,5849734.311064994,POINT (2718730.897139385 5849734.311064994),24.422775183082877,46.43128460747966,0.0,0.0,1.0,0.0
612,612,1835.513113790366,1.8355131137903664,Sector 1,346.1678186577212,0.0,0,0.1,2718731.04812733,5849731.797400639,POINT (2718731.04812733 5849731.797400639),24.422776539430668,46.4312690443639,0.0,0.0,1.0,0.0
613,613,1838.513113790592,1.838513113790592,Sector 1,346.1678186607336,0.0,0,0.1,2718731.199115275,5849729.283736285,POINT (2718731.199115275 5849729.283736285),24.422777895778452,46.4312534812437,0.0,0.0,1.0,0.0
614,614,1841.5131137908168,1.8415131137908167,Sector 1,346.1678186731273,0.0,0,0.1,2718731.3501032195,5849726.770071931,POINT (2718731.3501032195 5849726.770071931),24.422779252126237,46.43123791811906,0.0,0.0,1.0,0.0
615,615,1844.5131137909316,1.8445131137909316,Sector 1,346.1678186658231,0.0,0,0.1,2718731.5010911645,5849724.256407577,POINT (2718731.5010911645 5849724.256407577),24.422780608474024,46.43122235498997,0.0,0.0,1.0,0.0
616,616,1847.513113791157,1.847513113791157,Sector 1,344.136426764046,0.0,0,0.1,2718731.652079109,5849721.742743222,POINT (2718731.652079109 5849721.742743222),24.422781964821805,46.431206791856425,0.0,0.0,1.0,0.0
617,617,1850.511567398988,1.850511567398988,Sector 1,342.4702710111598,-10.159571477427445,0,0.1,2718731.8029892254,5849719.230374572,POINT (2718731.8029892254 5849719.230374572),24.422783320470447,46.431191236740695,0.0,0.0,1.0,0.0
618,618,1853.5115673991932,1.853511567399193,Sector 1,342.47027099008614,0.0,0,0.1,2718731.95397717,5849716.716710217,POINT (2718731.95397717 5849716.716710217),24.42278467681823,46.431175673598275,0.0,0.0,1.0,0.0
619,619,1856.5115673983703,1.8565115673983703,Sector 1,342.4702710192439,0.0,0,0.1,2718732.104965115,5849714.203045864,POINT (2718732.104965115 5849714.203045864),24.422786033166016,46.431160110451415,0.0,0.0,1.0,0.0
620,620,1859.5115673984355,1.8595115673984357,Sector 1,342.4702710207316,0.0,0,0.1,2718732.25595306,5849711.689381509,POINT (2718732.25595306 5849711.689381509),24.422787389513804,46.43114454730011,0.0,0.0,1.0,0.0
621,621,1862.5115673985003,1.8625115673985004,Sector 1,342.47027100852176,0.0,0,0.1,2718732.4069410046,5849709.175717155,POINT (2718732.4069410046 5849709.175717155),24.422788745861588,46.43112898414436,0.0,0.0,1.0,0.0
622,622,1865.5115673985651,1.8655115673985652,Sector 1,342.470271012964,0.0,0,0.1,2718732.5579289496,5849706.662052801,POINT (2718732.5579289496 5849706.662052801),24.422790102209376,46.43111342098416,0.0,0.0,1.0,0.0
623,623,1868.5115673986304,1.8685115673986303,Sector 1,342.4702710120347,0.0,0,0.1,2718732.708916894,5849704.148388446,POINT (2718732.708916894 5849704.148388446),24.42279145855716,46.431097857819516,0.0,0.0,1.0,0.0
624,624,1871.5115673986957,1.8715115673986955,Sector 1,342.4702710116436,0.0,0,0.1,2718732.859904839,5849701.634724092,POINT (2718732.859904839 5849701.634724092),24.42279281490495,46.43108229465043,0.0,0.0,1.0,0.0
625,625,1874.5115673987605,1.8745115673987605,Sector 1,342.4702710160853,0.0,0,0.1,2718733.010892784,5849699.121059738,POINT (2718733.010892784 5849699.121059738),24.422794171252733,46.4310667314769,0.0,0.0,1.0,0.0
626,626,1877.5115673988253,1.8775115673988252,Sector 1,342.47027100978426,0.0,0,0.1,2718733.161880729,5849696.6073953835,POINT (2718733.161880729 5849696.6073953835),24.422795527600517,46.43105116829893,0.0,0.0,1.0,0.0
627,627,1880.5115673990308,1.880511567399031,Sector 1,342.4702710048228,0.0,0,0.1,2718733.3128686734,5849694.093731029,POINT (2718733.3128686734 5849694.093731029),24.4227968839483,46.43103560511651,0.0,0.0,1.0,0.0
628,628,1883.511567399096,1.883511567399096,Sector 1,342.47027101383384,0.0,0,0.1,2718733.463856619,5849691.580066674,POINT (2718733.463856619 5849691.580066674),24.42279824029609,46.431020041929656,0.0,0.0,1.0,0.0
629,629,1886.5115673991609,1.8865115673991608,Sector 1,342.4702710035008,0.0,0,0.1,2718733.6148445634,5849689.066402321,POINT (2718733.6148445634 5849689.066402321),24.422799596643877,46.43100447873835,0.0,0.0,1.0,0.0
630,630,1889.5115673983375,1.8895115673983376,Sector 1,342.4702710143896,0.0,0,0.1,2718733.765832508,5849686.552737967,POINT (2718733.765832508 5849686.552737967),24.422800952991658,46.430988915542606,0.0,0.0,1.0,0.0
631,631,1892.5115673984028,1.8925115673984028,Sector 1,342.4702710169522,0.0,0,0.1,2718733.916820453,5849684.039073613,POINT (2718733.916820453 5849684.039073613),24.422802309339442,46.43097335234242,0.0,0.0,1.0,0.0
632,632,1895.511567398468,1.895511567398468,Sector 1,342.4702710154831,0.0,0,0.1,2718734.0678083976,5849681.525409258,POINT (2718734.0678083976 5849681.525409258),24.42280366568723,46.43095778913777,0.0,0.0,1.0,0.0
633,633,1898.5115673985329,1.8985115673985329,Sector 1,342.470271023955,7.564175584921103,0,0.1,2718734.0415046876,5849679.007998938,POINT (2718734.0415046876 5849679.007998938),24.422803429396982,46.43094220273576,0.0,0.0,1.0,0.0
634,634,1901.511567398598,1.9015115673985976,Sector 1,342.4702709953538,0.0,0,0.1,2718734.0010215645,5849676.490234774,POINT (2718734.0010215645 5849676.490234774),24.4228030657309,46.43092661413848,0.0,0.0,1.0,0.0
635,635,1904.5115673988032,1.9045115673988031,Sector 1,342.47027101322817,0.0,0,0.1,2718733.9605384413,5849673.97247061,POINT (2718733.9605384413 5849673.97247061),24.422802702064818,46.430911025536744,0.0,0.0,1.0,0.0
636,636,1907.511567398868,1.9075115673988683,Sector 1,342.4702710117584,0.0,0,0.1,2718733.920055318,5849671.454706447,POINT (2718733.920055318 5849671.454706447),24.422802338398736,46.430895436930555,0.0,0.0,1.0,0.0
637,637,1910.5115673989333,1.9105115673989328,Sector 1,342.4702710202297,0.0,0,0.1,2718733.879572195,5849668.936942284,POINT (2718733.879572195 5849668.936942284),24.42280197473265,46.430879848319904,0.0,0.0,1.0,0.0
638,638,1913.5115673989983,1.9135115673989984,Sector 1,342.47027100694027,0.0,0,0.1,2718733.8390890723,5849666.41917812,POINT (2718733.8390890723 5849666.41917812),24.42280161106657,46.43086425970479,0.0,0.0,1.0,0.0
639,639,1916.5115673990636,1.9165115673990636,Sector 1,342.4702710154112,0.0,0,0.1,2718733.7986059487,5849663.901413957,POINT (2718733.7986059487 5849663.901413957),24.422801247400486,46.43084867108522,0.0,0.0,1.0,0.0
640,640,1919.5115673991284,1.9195115673991283,Sector 1,342.4702710139408,0.0,0,0.1,2718733.758122826,5849661.383649793,POINT (2718733.758122826 5849661.383649793),24.422800883734407,46.4308330824612,0.0,0.0,1.0,0.0
641,641,1922.5115673983053,1.9225115673983053,Sector 1,342.4702710100537,0.0,0,0.1,2718733.7176397024,5849658.86588563,POINT (2718733.7176397024 5849658.86588563),24.42280052006832,46.43081749383271,0.0,0.0,1.0,0.0
642,642,1925.5115673983703,1.9255115673983705,Sector 1,342.47027101503096,0.0,0,0.1,2718733.6771565797,5849656.348121468,POINT (2718733.6771565797 5849656.348121468),24.422800156402243,46.43080190519977,0.0,0.0,1.0,0.0
643,643,1928.511567398576,1.9285115673985755,Sector 1,342.4702710022791,0.0,0,0.1,2718733.6366734565,5849653.830357304,POINT (2718733.6366734565 5849653.830357304),24.42279979273616,46.43078631656237,0.0,0.0,1.0,0.0
644,644,1931.5115673986409,1.9315115673986407,Sector 1,342.4702710196136,-41.985731202765336,0,0.1,2718733.5961903334,5849651.312593141,POINT (2718733.5961903334 5849651.312593141),24.422799429070075,46.43077072792051,0.0,0.0,1.0,0.0
645,645,1934.5115673987057,1.9345115673987057,Sector 1,342.4702710063231,0.0,0,0.1,2718733.55570721,5849648.794828977,POINT (2718733.55570721 5849648.794828977),24.422799065403993,46.43075513927419,0.0,0.0,1.0,0.0
646,646,1937.5115673987707,1.9375115673987704,Sector 1,342.26002124600325,0.0,0,0.1,2718733.4945953735,5849646.277834137,POINT (2718733.4945953735 5849646.277834137),24.422798516427022,46.43073955538665,0.0,0.0,1.0,0.0
647,647,1940.5115570954435,1.940511557095444,Sector 1,342.15276897510046,0.0,0,0.1,2718733.429707806,5849643.76098876,POINT (2718733.429707806 5849643.76098876),24.422797933532088,46.43072397242005,0.0,0.0,1.0,0.0
648,648,1943.5115570950388,1.9435115570950388,Sector 1,342.1527689953091,0.0,0,0.1,2718733.364820016,5849641.244134739,POINT (2718733.364820016 5849641.244134739),24.42279735063515,46.430708389395484,0.0,0.0,1.0,0.0
649,649,1946.5115570953776,1.946511557095378,Sector 1,342.1527689807513,17.200972662972664,0,0.1,2718733.299932226,5849638.727280718,POINT (2718733.299932226 5849638.727280718),24.422796767738216,46.43069280636645,0.0,0.0,1.0,0.0
650,650,1949.511557094973,1.949511557094973,Sector 1,342.15276898423315,0.0,0,0.1,2718733.235044436,5849636.2104266975,POINT (2718733.235044436 5849636.2104266975),24.422796184841282,46.43067722333297,0.0,0.0,1.0,0.0
651,651,1952.511557095455,1.952511557095455,Sector 1,342.152769004018,0.0,0,0.1,2718733.170156646,5849633.693572677,POINT (2718733.170156646 5849633.693572677),24.422795601944348,46.43066164029503,0.0,0.0,1.0,0.0
652,652,1955.5115570949076,1.9555115570949075,Sector 1,342.15276897099653,0.0,0,0.1,2718733.105268856,5849631.176718656,POINT (2718733.105268856 5849631.176718656),24.42279501904741,46.43064605725263,0.0,0.0,1.0,0.0
653,653,1958.5115570953888,1.9585115570953893,Sector 1,342.1527689972176,0.0,0,0.1,2718733.040381066,5849628.659864634,POINT (2718733.040381066 5849628.659864634),24.422794436150475,46.430630474205785,0.0,0.0,1.0,0.0
654,654,1961.5115570948417,1.9615115570948416,Sector 1,342.1527689818123,0.0,0,0.1,2718732.645013332,5849626.185259592,POINT (2718732.645013332 5849626.185259592),24.42279088450169,46.43061515273822,0.0,0.0,1.0,0.0
655,655,1964.5115570953235,1.9645115570953235,Sector 1,342.1527689887233,0.0,0,0.1,2718732.095125421,5849623.730408606,POINT (2718732.095125421 5849623.730408606),24.422785944774542,46.43059995357325,0.0,0.0,1.0,0.0
656,656,1967.5115570949188,1.9675115570949189,Sector 1,342.1527689904675,0.0,0,0.1,2718731.54523751,5849621.2755576195,POINT (2718731.54523751 5849621.2755576195),24.422781005047394,46.43058475440404,0.0,0.0,1.0,0.0
657,657,1970.5115570952576,1.9705115570952576,Sector 1,342.1527689784916,0.0,0,0.1,2718730.995349599,5849618.820706634,POINT (2718730.995349599 5849618.820706634),24.422776065320242,46.43056955523058,0.0,0.0,1.0,0.0
658,658,1973.511557094853,1.9735115570948527,Sector 1,342.1527689862488,0.0,0,0.1,2718730.445461688,5849616.365855647,POINT (2718730.445461688 5849616.365855647),24.42277112559309,46.430554356052895,0.0,0.0,1.0,0.0
659,659,1976.511557095192,1.976511557095192,Sector 1,342.1527689802859,0.0,0,0.1,2718729.8925162917,5849613.911465004,POINT (2718729.8925162917 5849613.911465004),24.422766158400083,46.43053915972118,0.0,0.0,1.0,0.0
660,660,1979.5115570947876,1.9795115570947877,Sector 1,342.1527690004925,0.0,0,0.1,2718729.3111727894,5849611.461350057,POINT (2718729.3111727894 5849611.461350057),24.422760936102552,46.43052398985816,0.0,0.0,1.0,0.0
661,661,1982.5115570951264,1.9825115570951264,Sector 1,342.1527689850861,0.0,0,0.1,2718728.729829287,5849609.011235109,POINT (2718728.729829287 5849609.011235109),24.422755713805014,46.430508819990905,0.0,0.0,1.0,0.0
662,662,1985.5115570947216,1.9855115570947215,Sector 1,342.1527689799693,0.0,0,0.1,2718728.148485785,5849606.561120161,POINT (2718728.148485785 5849606.561120161),24.422750491507482,46.43049365011943,0.0,0.0,1.0,0.0
663,663,1988.5115570952037,1.9885115570952037,Sector 1,342.1527689907322,0.0,0,0.1,2718727.5671422826,5849604.111005212,POINT (2718727.5671422826 5849604.111005212),24.422745269209948,46.430478480243735,0.0,0.0,1.0,0.0
664,664,1991.5115570955425,1.9915115570955424,Sector 1,342.1527689877752,24.033670598151108,0,0.1,2718726.9857987803,5849601.6608902635,POINT (2718726.9857987803 5849601.6608902635),24.422740046912413,46.43046331036382,0.0,0.0,1.0,0.0
665,665,1994.5115570951375,1.9945115570951375,Sector 1,342.1527690015444,0.0,0,0.1,2718726.404455278,5849599.210775315,POINT (2718726.404455278 5849599.210775315),24.422734824614878,46.430448140479676,0.0,0.0,1.0,0.0
666,666,1997.5115570954767,1.997511557095477,Sector 1,342.1527689749572,0.0,0,0.1,2718725.8231117763,5849596.760660367,POINT (2718725.8231117763 5849596.760660367),24.42272960231735,46.43043297059131,0.0,0.0,1.0,0.0
667,667,2000.511557095072,2.000511557095072,Sector 1,342.1527689878794,0.0,0,0.1,2718725.241768274,5849594.310545418,POINT (2718725.241768274 5849594.310545418),24.422724380019815,46.43041780069873,0.0,0.0,1.0,0.0
668,668,2003.5115570955536,2.0035115570955537,Sector 1,342.15276898877494,0.0,0,0.1,2718724.6604247717,5849591.86043047,POINT (2718724.6604247717 5849591.86043047),24.42271915772228,46.430402630801915,0.0,0.0,1.0,0.0
669,669,2006.5115570950063,2.0065115570950063,Sector 1,342.1527689832337,0.0,0,0.1,2718724.0790812694,5849589.410315522,POINT (2718724.0790812694 5849589.410315522),24.42271393542475,46.430387460900896,0.0,0.0,1.0,0.0
670,670,2009.511557095488,2.009511557095488,Sector 1,342.1527689909888,0.0,0,0.1,2718723.497737767,5849586.960200573,POINT (2718723.497737767 5849586.960200573),24.42270871312721,46.43037229099564,0.0,0.0,1.0,0.0
671,671,2012.5115570949408,2.012511557094941,Sector 1,342.1527690039104,0.0,0,0.1,2718722.9023737065,5849584.513567936,POINT (2718722.9023737065 5849584.513567936),24.42270336488086,46.430357142646926,0.0,0.0,1.0,0.0
672,672,2015.5115570954224,2.0155115570954223,Sector 1,342.15276896444897,0.0,0,0.1,2718722.306161491,5849582.067145955,POINT (2718722.306161491 5849582.067145955),24.422698009015406,46.4303419955983,0.0,0.0,1.0,0.0
673,673,2018.5115570950177,2.018511557095018,Sector 1,342.1527689996867,0.0,0,0.1,2718721.7099492764,5849579.620723973,POINT (2718721.7099492764 5849579.620723973),24.422692653149955,46.430326848545434,0.0,0.0,1.0,0.0
674,674,2021.5115570953567,2.021511557095357,Sector 1,342.1527689730981,0.0,0,0.1,2718721.0589199825,5849577.190092465,POINT (2718721.0589199825 5849577.190092465),24.422686804854305,46.430311799255335,0.0,0.0,1.0,0.0
675,675,2024.511557094952,2.024511557094952,Sector 1,342.1527690010523,0.0,0,0.1,2718720.2654573405,5849574.8004899565,POINT (2718720.2654573405 5849574.8004899565),24.422679677058117,46.43029700399283,0.0,0.0,1.0,0.0
676,676,2027.511557095291,2.027511557095291,Sector 1,342.1527689778933,0.0,0,0.1,2718719.471994699,5849572.410887447,POINT (2718719.471994699 5849572.410887447),24.422672549261932,46.430282208726304,0.0,0.0,1.0,0.0
677,677,2030.5115570948865,2.0305115570948864,Sector 1,342.1527689813707,0.0,0,0.1,2718718.678532057,5849570.021284938,POINT (2718718.678532057 5849570.021284938),24.422665421465744,46.430267413455745,0.0,0.0,1.0,0.0
678,678,2033.511557095368,2.033511557095368,Sector 1,342.1527689985677,-40.16621196390942,0,0.1,2718717.885069415,5849567.631682428,POINT (2718717.885069415 5849567.631682428),24.42265829366956,46.43025261818118,0.0,0.0,1.0,0.0
679,679,2036.5115570948203,2.0365115570948205,Sector 1,342.152768982735,0.0,0,0.1,2718717.0916067734,5849565.242079919,POINT (2718717.0916067734 5849565.242079919),24.422651165873376,46.430237822902605,0.0,0.0,1.0,0.0
680,680,2039.5115570953024,2.0395115570953024,Sector 1,342.152768987905,39.82826579813842,0,0.1,2718716.2928489903,5849562.854404086,POINT (2718716.2928489903 5849562.854404086),24.422643990510124,46.43022303954908,0.0,0.0,1.0,0.0
681,681,2042.5115570947548,2.042511557094755,Sector 1,342.1527689853684,0.0,0,0.1,2718715.464078473,5849560.47764861,POINT (2718715.464078473 5849560.47764861),24.4226365455379,46.43020832380522,0.0,0.0,1.0,0.0
682,682,2045.5115570952369,2.0455115570952365,Sector 1,342.1527689892683,0.0,0,0.1,2718714.635307955,5849558.100893133,POINT (2718714.635307955 5849558.100893133),24.42262910056567,46.43019360805739,0.0,0.0,1.0,0.0
683,683,2048.511557094689,2.048511557094689,Sector 1,342.15276899617464,0.0,0,0.1,2718713.7152572465,5849555.760400989,POINT (2718713.7152572465 5849555.760400989),24.42262083560953,46.430179116831106,0.0,0.0,1.0,0.0
684,684,2051.5115570951707,2.0515115570951705,Sector 1,342.15276896958426,0.0,0,0.1,2718712.6657169578,5849553.471351806,POINT (2718712.6657169578 5849553.471351806),24.422611407428704,46.43016494411172,0.0,0.0,1.0,0.0
685,685,2054.511557094766,2.054511557094766,Sector 1,342.15276900782675,0.0,0,0.1,2718711.6161766695,5849551.182302624,POINT (2718711.6161766695 5849551.182302624),24.42260197924788,46.43015077138865,0.0,0.0,1.0,0.0
686,686,2057.511557095105,2.057511557095105,Sector 1,342.1527689803895,0.0,0,0.1,2718710.566636381,5849548.893253441,POINT (2718710.566636381 5849548.893253441),24.42259255106706,46.43013659866188,0.0,0.0,1.0,0.0
687,687,2060.511557095587,2.060511557095587,Sector 1,342.1527689786985,0.0,0,0.1,2718709.517096093,5849546.604204258,POINT (2718709.517096093 5849546.604204258),24.422583122886234,46.43012242593144,0.0,0.0,1.0,0.0
688,688,2063.5115570950397,2.063511557095039,Sector 1,342.15276899763063,0.0,0,0.1,2718708.4675558046,5849544.315155076,POINT (2718708.4675558046 5849544.315155076),24.422573694705413,46.430108253197304,0.0,0.0,1.0,0.0
689,689,2066.511557095521,2.066511557095521,Sector 1,342.15276897404607,0.0,0,0.1,2718707.4180155164,5849542.026105893,POINT (2718707.4180155164 5849542.026105893),24.422564266524592,46.43009408045949,0.0,0.0,1.0,0.0
690,690,2069.511557095116,2.069511557095116,Sector 1,342.15276899382445,0.0,0,0.1,2718706.3684752276,5849539.737056712,POINT (2718706.3684752276 5849539.737056712),24.422554838343764,46.430079907717996,0.0,0.0,1.0,0.0
691,691,2072.5115570954554,2.0725115570954555,Sector 1,342.15276899086297,0.0,0,0.1,2718705.3189349393,5849537.448007529,POINT (2718705.3189349393 5849537.448007529),24.42254541016294,46.43006573497281,0.0,0.0,1.0,0.0
692,692,2075.51155709505,2.07551155709505,Sector 1,342.15276900805765,0.0,0,0.1,2718704.269394651,5849535.158958346,POINT (2718704.269394651 5849535.158958346),24.422535981982115,46.43005156222393,0.0,0.0,1.0,0.0
693,693,2078.51155709539,2.07851155709539,Sector 1,342.1527689625792,0.0,0,0.1,2718703.219854363,5849532.869909163,POINT (2718703.219854363 5849532.869909163),24.422526553801298,46.43003738947137,0.0,0.0,1.0,0.0
694,694,2081.511557094985,2.081511557094985,Sector 1,342.15276898752376,0.0,0,0.1,2718702.1703140745,5849530.580859981,POINT (2718702.1703140745 5849530.580859981),24.422517125620473,46.430023216715135,0.0,0.0,1.0,0.0
695,695,2084.5115570954667,2.084511557095466,Sector 1,342.15276898324794,0.0,0,0.1,2718701.120773786,5849528.291810798,POINT (2718701.120773786 5849528.291810798),24.422507697439652,46.43000904395521,0.0,0.0,1.0,0.0
696,696,2087.511557094919,2.087511557094919,Sector 1,342.15276899832566,39.65768970314788,0,0.1,2718700.071233498,5849526.002761616,POINT (2718700.071233498 5849526.002761616),24.422498269258828,46.429994871191596,0.0,0.0,1.0,0.0
697,697,2090.511557095401,2.0905115570954007,Sector 1,342.1527689850295,0.0,0,0.1,2718699.021693209,5849523.713712433,POINT (2718699.021693209 5849523.713712433),24.422488841078003,46.4299806984243,0.0,0.0,1.0,0.0
698,698,2093.5115570948533,2.0935115570948533,Sector 1,342.1877148602072,0.0,0,0.1,2718697.9721529214,5849521.42466325,POINT (2718697.9721529214 5849521.42466325),24.422479412897182,46.42996652565332,0.0,0.0,1.0,0.0
699,699,2096.5115400630084,2.0965115400630085,Sector 1,343.2543307603755,0.0,0,0.1,2718696.922618591,5849519.135627064,POINT (2718696.922618591 5849519.135627064),24.422469984769883,46.42995235295911,0.0,0.0,1.0,0.0
700,700,2099.5115400636946,2.099511540063695,Sector 1,343.254330750305,0.0,0,0.1,2718695.8730783025,5849516.846577881,POINT (2718695.8730783025 5849516.846577881),24.422460556589055,46.42993818018076,0.0,0.0,1.0,0.0
701,701,2102.511540063623,2.1025115400636234,Sector 1,343.2543307511802,0.0,0,0.1,2718694.8235380147,5849514.557528699,POINT (2718694.8235380147 5849514.557528699),24.422451128408238,46.42992400739872,0.0,0.0,1.0,0.0
702,702,2105.511540063552,2.105511540063552,Sector 1,343.2543307633616,0.0,0,0.1,2718693.773997726,5849512.268479516,POINT (2718693.773997726 5849512.268479516),24.42244170022741,46.42990983461299,0.0,0.0,1.0,0.0
703,703,2108.5115400633463,2.108511540063346,Sector 1,343.2543307634145,0.0,0,0.1,2718692.724457438,5849509.979430334,POINT (2718692.724457438 5849509.979430334),24.422432272046592,46.429895661823586,0.0,0.0,1.0,0.0
704,704,2111.511540063275,2.1115115400632747,Sector 1,345.2937886265201,0.0,0,0.1,2718691.6749171494,5849507.690381151,POINT (2718691.6749171494 5849507.690381151),24.422422843865764,46.429881489030485,0.0,0.0,1.0,0.0
705,705,2114.506522346625,2.114506522346625,Sector 1,350.6782589260368,0.0,0,0.1,2718690.627132293,5849505.405160569,POINT (2718690.627132293 5849505.405160569),24.422413431454256,46.42986733993874,0.0,0.0,1.0,0.0
706,706,2117.506522346223,2.117506522346223,Sector 1,350.6782589244813,0.0,0,0.1,2718689.577592005,5849503.116111387,POINT (2718689.577592005 5849503.116111387),24.422404003273435,46.42985316713828,0.0,0.0,1.0,0.0
707,707,2120.5065223466645,2.1205065223466644,Sector 1,350.6782589165695,0.0,0,0.1,2718688.5280517163,5849500.827062204,POINT (2718688.5280517163 5849500.827062204),24.42239457509261,46.42983899433414,0.0,0.0,1.0,0.0
708,708,2123.5065223462625,2.1235065223462626,Sector 1,350.6782589146975,0.0,0,0.1,2718687.478511428,5849498.538013021,POINT (2718687.478511428 5849498.538013021),24.422385146911786,46.42982482152631,0.0,0.0,1.0,0.0
709,709,2126.5065223458605,2.1265065223458604,Sector 1,350.6782589395161,0.0,0,0.1,2718686.4289711397,5849496.248963839,POINT (2718686.4289711397 5849496.248963839),24.422375718730965,46.42981064871479,0.0,0.0,1.0,0.0
710,710,2129.506522346302,2.129506522346302,Sector 1,0.1740499043916088,0.0,0,0.1,2718685.3794308514,5849493.959914656,POINT (2718685.3794308514 5849493.959914656),24.42236629055014,46.42979647589959,0.0,0.0,1.0,0.0
711,711,2132.505817698382,2.132505817698382,Sector 1,0.336100230610441,35.060966078801194,0,0.1,2718684.330137082,5849491.671403131,POINT (2718684.330137082 5849491.671403131),24.422356864583833,46.429782306409656,0.0,0.0,1.0,0.0
712,712,2135.505817698406,2.1355058176984065,Sector 1,0.3361002378229614,0.0,0,0.1,2718683.2805967936,5849489.382353948,POINT (2718683.2805967936 5849489.382353948),24.42234743640301,46.42976813358708,0.0,0.0,1.0,0.0
713,713,2138.505817698431,2.138505817698431,Sector 1,0.3361002236563308,0.0,0,0.1,2718682.231056505,5849487.093304767,POINT (2718682.231056505 5849487.093304767),24.422338008222184,46.42975396076083,0.0,0.0,1.0,0.0
714,714,2141.505817698453,2.141505817698453,Sector 1,0.3361002378033504,0.0,0,0.1,2718681.181516217,5849484.804255584,POINT (2718681.181516217 5849484.804255584),24.422328580041366,46.42973978793089,0.0,0.0,1.0,0.0
715,715,2144.5058176984776,2.144505817698477,Sector 2,0.3361002376785222,0.0,0,0.1,2718680.1319759283,5849482.515206401,POINT (2718680.1319759283 5849482.515206401),24.42231915186054,46.42972561509726,0.0,0.0,1.0,0.0
716,716,2147.505817698502,2.147505817698502,Sector 2,0.8888819605174945,0.0,0,0.1,2718679.08243564,5849480.226157219,POINT (2718679.08243564 5849480.226157219),24.422309723679717,46.42971144225995,0.0,0.0,1.0,0.0
717,717,2150.5057449620563,2.1505057449620564,Sector 2,1.1768551628194928,0.0,0,0.1,2718678.0329207983,5849477.9371635355,POINT (2718678.0329207983 5849477.9371635355),24.422300295727485,46.429697269762585,0.0,0.0,1.0,0.0
718,718,2153.5057449622027,2.1535057449622026,Sector 2,1.1768551561800678,0.0,0,0.1,2718676.98338051,5849475.6481143525,POINT (2718676.98338051 5849475.6481143525),24.42229086754666,46.4296830969179,0.0,0.0,1.0,0.0
719,719,2156.50574496234,2.1565057449623395,Sector 2,1.1768551636662892,0.0,0,0.1,2718675.9338402213,5849473.35906517,POINT (2718675.9338402213 5849473.35906517),24.422281439365836,46.42966892406954,0.0,0.0,1.0,0.0
720,720,2159.5057449624765,2.1595057449624764,Sector 2,1.176855156422448,0.0,0,0.1,2718674.884299933,5849471.070015987,POINT (2718674.884299933 5849471.070015987),24.42227201118501,46.429654751217484,0.0,0.0,1.0,0.0
721,721,2162.505744961692,2.162505744961692,Sector 2,1.1768551569466013,0.0,0,0.1,2718673.834759645,5849468.780966806,POINT (2718673.834759645 5849468.780966806),24.422262583004194,46.42964057836175,0.0,0.0,1.0,0.0
722,722,2165.505744961829,2.1655057449618287,Sector 2,1.1768551560603555,0.0,0,0.1,2718672.7852193564,5849466.491917623,POINT (2718672.7852193564 5849466.491917623),24.422253154823366,46.429626405502326,0.0,0.0,1.0,0.0
723,723,2168.505744961966,2.1685057449619656,Sector 2,6.003796281186112,0.0,0,0.1,2718671.7356790686,5849464.20286844,POINT (2718671.7356790686 5849464.20286844),24.42224372664255,46.42961223263921,0.0,0.0,1.0,0.0
724,724,2171.502953581371,2.171502953581371,Sector 2,7.269197770893186,0.0,0,0.1,2718670.6871153354,5849461.915949127,POINT (2718670.6871153354 5849461.915949127),24.42223430723427,46.42959807295971,0.0,0.0,1.0,0.0
725,725,2174.5029535820045,2.1745029535820044,Sector 2,7.269197779619617,0.0,0,0.1,2718669.637575047,5849459.626899945,POINT (2718669.637575047 5849459.626899945),24.422224879053445,46.42958390008923,0.0,0.0,1.0,0.0
726,726,2177.502953581773,2.177502953581773,Sector 2,7.269197768223137,28.934955356730036,0,0.1,2718668.615991165,5849457.325245732,POINT (2718668.615991165 5849457.325245732),24.422215702009293,46.42956964916977,0.0,0.0,1.0,0.0
727,727,2180.502953581483,2.180502953581483,Sector 2,7.269197782416029,0.0,0,0.1,2718667.59529348,5849455.023191953,POINT (2718667.59529348 5849455.023191953),24.422206532925983,46.42955539577263,0.0,0.0,1.0,0.0
728,728,2183.5029535821755,2.1835029535821757,Sector 2,12.215553984802682,0.0,0,0.1,2718666.5745957955,5849452.721138171,POINT (2718666.5745957955 5849452.721138171),24.42219736384268,46.42954114237174,0.0,0.0,1.0,0.0
729,729,2186.502034913015,2.186502034913015,Sector 2,12.621830988663078,0.0,0,0.1,2718665.5542106717,5849450.419789331,POINT (2718665.5542106717 5849450.419789331),24.422188197567156,46.42952689333185,0.0,0.0,1.0,0.0
730,730,2189.502034912644,2.189502034912644,Sector 2,12.62183099267645,0.0,0,0.1,2718664.533512987,5849448.11773555,POINT (2718664.533512987 5849448.11773555),24.422179028483853,46.429512639923516,0.0,0.0,1.0,0.0
731,731,2192.502034913182,2.192502034913182,Sector 2,12.62183100724127,0.0,0,0.1,2718663.5128153022,5849445.8156817695,POINT (2718663.5128153022 5849445.8156817695),24.422169859400544,46.429498386511455,0.0,0.0,1.0,0.0
732,732,2195.5020349129127,2.195502034912913,Sector 2,12.621830998392568,0.0,0,0.1,2718662.4921176177,5849443.513627988,POINT (2718662.4921176177 5849443.513627988),24.42216069031724,46.42948413309566,0.0,0.0,1.0,0.0
733,733,2198.50203491345,2.1985020349134508,Sector 2,12.62183098458695,0.0,0,0.1,2718661.471419933,5849441.211574206,POINT (2718661.471419933 5849441.211574206),24.422151521233932,46.42946987967614,0.0,0.0,1.0,0.0
734,734,2201.50203491308,2.20150203491308,Sector 2,14.099789850592572,0.0,0,0.1,2718660.450722248,5849438.909520425,POINT (2718660.450722248 5849438.909520425),24.422142352150622,46.42945562625289,0.0,0.0,1.0,0.0
735,735,2204.497551769382,2.204497551769382,Sector 2,20.73552293152494,0.0,0,0.1,2718659.4315498746,5849436.610906791,POINT (2718659.4315498746 5849436.610906791),24.42213319676942,46.42944139412598,0.0,0.0,1.0,0.0
736,736,2207.4975517690764,2.207497551769076,Sector 2,20.73552289952289,0.0,0,0.1,2718658.41085219,5849434.30885301,POINT (2718658.41085219 5849434.30885301),24.422124027686117,46.42942714069529,0.0,0.0,1.0,0.0
737,737,2210.497551769477,2.2104975517694765,Sector 2,20.735522915885326,0.0,0,0.1,2718657.390154505,5849432.0067992285,POINT (2718657.390154505 5849432.0067992285),24.422114858602807,46.42941288726087,0.0,0.0,1.0,0.0
738,738,2213.497551769171,2.213497551769171,Sector 2,20.73552291327593,0.0,0,0.1,2718656.3694568207,5849429.704745447,POINT (2718656.3694568207 5849429.704745447),24.422105689519505,46.429398633822714,0.0,0.0,1.0,0.0
739,739,2216.4975517688654,2.216497551768865,Sector 2,20.735522907816176,0.0,0,0.1,2718655.3487591357,5849427.402691667,POINT (2718655.3487591357 5849427.402691667),24.422096520436195,46.429384380380846,0.0,0.0,1.0,0.0
740,740,2219.49755176943,2.21949755176943,Sector 2,20.73552292604785,0.0,0,0.1,2718654.3280614507,5849425.100637885,POINT (2718654.3280614507 5849425.100637885),24.422087351352886,46.42937012693523,0.0,0.0,1.0,0.0
741,741,2222.497551769125,2.222497551769125,Sector 2,22.749915601045075,0.0,0,0.1,2718653.3073637662,5849422.798584104,POINT (2718653.3073637662 5849422.798584104),24.422078182269583,46.4293558734859,0.0,0.0,1.0,0.0
742,742,2225.492925928171,2.225492925928171,Sector 2,27.77579520408352,19.98579297379499,0,0.1,2718652.2882399433,5849420.500079968,POINT (2718652.2882399433 5849420.500079968),24.422069027324515,46.429341642010925,0.0,0.0,1.0,0.0
743,743,2228.4929259278515,2.2284929259278514,Sector 2,27.775795191683983,0.0,0,0.1,2718651.2675646506,5849418.198016093,POINT (2718651.2675646506 5849418.198016093),24.42205985844236,46.42932738849165,0.0,0.0,1.0,0.0
744,744,2231.4929259277487,2.231492925927749,Sector 2,27.77579519158905,0.0,0,0.1,2718650.247071663,5849415.895870041,POINT (2718650.247071663 5849415.895870041),24.422050691197878,46.42931313445983,0.0,0.0,1.0,0.0
745,745,2234.492925928253,2.234492925928253,Sector 2,27.775795194655075,0.0,0,0.1,2718649.2265786747,5849413.59372399,POINT (2718649.2265786747 5849413.59372399),24.422041523953396,46.42929888042429,0.0,0.0,1.0,0.0
746,746,2237.4929259279334,2.237492925927933,Sector 2,27.77579520652631,0.0,0,0.1,2718648.2060856866,5849411.291577938,POINT (2718648.2060856866 5849411.291577938),24.422032356708907,46.42928462638502,0.0,0.0,1.0,0.0
747,747,2240.4929259278306,2.2404929259278306,Sector 2,31.5753054387215,0.0,0,0.1,2718647.185592699,5849408.989431886,POINT (2718647.185592699 5849408.989431886),24.422023189464426,46.42927037234203,0.0,0.0,1.0,0.0
748,748,2243.48582890929,2.24348582890929,Sector 2,35.66482789538816,0.0,0,0.1,2718646.167513863,5849406.692731959,POINT (2718646.167513863 5849406.692731959),24.42201404390664,46.42925615201572,0.0,0.0,1.0,0.0
749,749,2246.485828909189,2.246485828909189,Sector 2,35.66482787984427,0.0,0,0.1,2718645.1470208755,5849404.390585907,POINT (2718645.1470208755 5849404.390585907),24.422004876662157,46.42924189796528,0.0,0.0,1.0,0.0
750,750,2249.4858289088165,2.2494858289088167,Sector 2,35.66482789907275,0.0,0,0.1,2718644.1265278873,5849402.088439855,POINT (2718644.1265278873 5849402.088439855),24.421995709417672,46.429227643911105,0.0,0.0,1.0,0.0
751,751,2252.4858289094723,2.252485828909472,Sector 2,35.664827895195344,24.163345611242494,0,0.1,2718643.106034899,5849399.786293804,POINT (2718643.106034899 5849399.786293804),24.421986542173187,46.42921338985321,0.0,0.0,1.0,0.0
752,752,2255.4858289091,2.2554858289091,Sector 2,35.66482787415839,0.0,0,0.1,2718642.085541911,5849397.484147752,POINT (2718642.085541911 5849397.484147752),24.4219773749287,46.42919913579159,0.0,0.0,1.0,0.0
753,753,2258.4858289087274,2.2584858289087277,Sector 2,36.97411633443289,0.0,0,0.1,2718641.0650489233,5849395.182001701,POINT (2718641.0650489233 5849395.182001701),24.42196820768422,46.42918488172624,0.0,0.0,1.0,0.0
754,754,2261.4856898849403,2.2614856898849403,Sector 2,37.206496894688655,0.0,0,0.1,2718640.044603226,5849392.879962333,POINT (2718640.044603226 5849392.879962333),24.42195904086455,46.42917062831771,0.0,0.0,1.0,0.0
755,755,2264.485689884988,2.2644856898849874,Sector 2,37.206496898157184,0.0,0,0.1,2718639.0241102376,5849390.577816281,POINT (2718639.0241102376 5849390.577816281),24.421949873620065,46.4291563742449,0.0,0.0,1.0,0.0
756,756,2267.485689885035,2.267485689885034,Sector 2,37.20649687680333,0.0,0,0.1,2718638.00361725,5849388.275670229,POINT (2718638.00361725 5849388.275670229),24.421940706375583,46.42914212016838,0.0,0.0,1.0,0.0
757,757,2270.485689885082,2.2704856898850823,Sector 2,37.20649690938717,0.0,0,0.1,2718636.9831242617,5849385.973524177,POINT (2718636.9831242617 5849385.973524177),24.421931539131098,46.4291278660881,0.0,0.0,1.0,0.0
758,758,2273.485689885129,2.273485689885129,Sector 2,37.20649688319469,0.0,0,0.1,2718635.9626312735,5849383.671378125,POINT (2718635.9626312735 5849383.671378125),24.42192237188661,46.42911361200411,0.0,0.0,1.0,0.0
759,759,2276.485689884435,2.276485689884435,Sector 2,37.20649692061801,0.0,0,0.1,2718634.942138286,5849381.369232074,POINT (2718634.942138286 5849381.369232074),24.421913204642127,46.4290993579164,0.0,0.0,1.0,0.0
760,760,2279.485689884764,2.279485689884764,Sector 2,38.86674410483255,-13.02087795550701,0,0.1,2718633.921645298,5849379.067086021,POINT (2718633.921645298 5849379.067086021),24.421904037397645,46.429085103824946,0.0,0.0,1.0,0.0
761,761,2282.480338772245,2.282480338772245,Sector 2,45.917469764609336,0.0,0,0.1,2718632.9029725674,5849376.769046318,POINT (2718632.9029725674 5849376.769046318),24.42189488650481,46.42907087515487,0.0,0.0,1.0,0.0
762,762,2285.48033877184,2.285480338771839,Sector 2,45.91746978162007,0.0,0,0.1,2718631.882479579,5849374.466900266,POINT (2718631.882479579 5849374.466900266),24.421885719260327,46.42905662105597,0.0,0.0,1.0,0.0
763,763,2288.480338771768,2.288480338771768,Sector 2,45.9174697563289,0.0,0,0.1,2718630.8619865915,5849372.164754214,POINT (2718630.8619865915 5849372.164754214),24.421876552015842,46.429042366953354,0.0,0.0,1.0,0.0
764,764,2291.48033877201,2.29148033877201,Sector 2,45.91746974751203,0.0,0,0.1,2718629.8414936033,5849369.862608163,POINT (2718629.8414936033 5849369.862608163),24.421867384771357,46.42902811284701,0.0,0.0,1.0,0.0
765,765,2294.4803387719385,2.2944803387719386,Sector 2,45.91746975980061,0.0,0,0.1,2718628.8210006156,5849367.560462111,POINT (2718628.8210006156 5849367.560462111),24.421858217526875,46.42901385873693,0.0,0.0,1.0,0.0
766,766,2297.4803387721804,2.2974803387721803,Sector 2,45.91746975567003,0.0,0,0.1,2718627.8005076274,5849365.25831606,POINT (2718627.8005076274 5849365.25831606),24.421849050282386,46.42899960462312,0.0,0.0,1.0,0.0
767,767,2300.480338772109,2.300480338772109,Sector 2,45.91746974917834,3.1633667899315747,0,0.1,2718626.7800146393,5849362.956170007,POINT (2718626.7800146393 5849362.956170007),24.421839883037904,46.428985350505585,0.0,0.0,1.0,0.0
768,768,2303.480338771703,2.303480338771703,Sector 2,45.91746976384695,0.0,0,0.1,2718625.7595216515,5849360.654023956,POINT (2718625.7595216515 5849360.654023956),24.421830715793423,46.42897109638434,0.0,0.0,1.0,0.0
769,769,2306.480338772279,2.306480338772279,Sector 2,45.91746976674591,0.0,0,0.1,2718624.7390286634,5849358.351877904,POINT (2718624.7390286634 5849358.351877904),24.421821548548934,46.428956842259346,0.0,0.0,1.0,0.0
770,770,2309.480338771873,2.309480338771873,Sector 2,45.91746976027292,0.0,0,0.1,2718623.718535675,5849356.049731852,POINT (2718623.718535675 5849356.049731852),24.42181238130445,46.42894258813063,0.0,0.0,1.0,0.0
771,771,2312.4803387718016,2.3124803387718016,Sector 2,45.917469749077554,0.0,0,0.1,2718622.698042687,5849353.7475858005,POINT (2718622.698042687 5849353.7475858005),24.421803214059963,46.428928333998186,0.0,0.0,1.0,0.0
772,772,2315.4803387720435,2.315480338772044,Sector 2,45.47858249057896,0.0,0,0.1,2718621.677549699,5849351.4454397485,POINT (2718621.677549699 5849351.4454397485),24.421794046815478,46.42891407986202,0.0,0.0,1.0,0.0
773,773,2318.480039758856,2.3184800397588554,Sector 2,43.98755416048351,0.0,0,0.1,2718620.6571584246,5849349.143523154,POINT (2718620.6571584246 5849349.143523154),24.4217848804847,46.42889982714285,0.0,0.0,1.0,0.0
774,774,2321.480039759412,2.3214800397594115,Sector 2,43.98755416248207,0.0,0,0.1,2718619.6366654364,5849346.841377101,POINT (2718619.6366654364 5849346.841377101),24.421775713240216,46.428885572999214,0.0,0.0,1.0,0.0
775,775,2324.4800397589747,2.3244800397589747,Sector 2,43.98755413333038,0.0,0,0.1,2718618.6161724483,5849344.539231051,POINT (2718618.6161724483 5849344.539231051),24.42176654599573,46.42887131885187,0.0,0.0,1.0,0.0
776,776,2327.480039759208,2.3274800397592075,Sector 2,43.98755415187316,0.0,0,0.1,2718617.5956794606,5849342.237084998,POINT (2718617.5956794606 5849342.237084998),24.42175737875125,46.428857064700786,0.0,0.0,1.0,0.0
777,777,2330.4800397587705,2.3304800397587706,Sector 2,43.98755414121388,0.0,0,0.1,2718616.5751864724,5849339.934938946,POINT (2718616.5751864724 5849339.934938946),24.42174821150676,46.42884281054598,0.0,0.0,1.0,0.0
778,778,2333.4800397593267,2.3334800397593267,Sector 2,43.98755417143565,0.0,0,0.1,2718615.554693484,5849337.632792895,POINT (2718615.554693484 5849337.632792895),24.421739044262274,46.42882855638745,0.0,0.0,1.0,0.0
779,779,2336.4800397588897,2.33648003975889,Sector 2,43.98755411406205,0.0,0,0.1,2718614.5342004965,5849335.330646843,POINT (2718614.5342004965 5849335.330646843),24.421729877017796,46.42881430222518,0.0,0.0,1.0,0.0
780,780,2339.4800397591225,2.3394800397591227,Sector 2,43.98755417153802,0.0,0,0.1,2718613.5137075083,5849333.028500792,POINT (2718613.5137075083 5849333.028500792),24.421720709773307,46.428800048059195,0.0,0.0,1.0,0.0
781,781,2342.480039758685,2.3424800397586854,Sector 2,43.987554119998606,-26.418921546690264,0,0.1,2718612.4932145206,5849330.72635474,POINT (2718612.4932145206 5849330.72635474),24.421711542528826,46.428785793889475,0.0,0.0,1.0,0.0
782,782,2345.4800397592417,2.345480039759241,Sector 2,43.98755418623665,12.357441463789792,0,0.1,2718611.4672900136,5849328.426662482,POINT (2718611.4672900136 5849328.426662482),24.421702326492174,46.42877155490916,0.0,0.0,1.0,0.0
783,783,2348.4800397588047,2.3484800397588046,Sector 2,43.98755412983235,0.0,0,0.1,2718610.4149148883,5849326.138919815,POINT (2718610.4149148883 5849326.138919815),24.42169287284558,46.42875738991332,0.0,0.0,1.0,0.0
784,784,2351.480039759037,2.3514800397590374,Sector 2,43.98755415908647,0.0,0,0.1,2718609.3625397636,5849323.851177148,POINT (2718609.3625397636 5849323.851177148),24.421683419198985,46.42874322491378,0.0,0.0,1.0,0.0
785,785,2354.4800397586005,2.3544800397586005,Sector 2,43.98755413966671,0.0,0,0.1,2718608.3101646383,5849321.56343448,POINT (2718608.3101646383 5849321.56343448),24.42167396555239,46.428729059910566,0.0,0.0,1.0,0.0
786,786,2357.4800397591566,2.3574800397591567,Sector 2,43.98755413971901,0.0,0,0.1,2718607.2577895126,5849319.275691812,POINT (2718607.2577895126 5849319.275691812),24.421664511905792,46.42871489490367,0.0,0.0,1.0,0.0
787,787,2360.48003975872,2.36048003975872,Sector 2,43.98755416312878,0.0,0,0.1,2718606.2054143874,5849316.987949144,POINT (2718606.2054143874 5849316.987949144),24.421655058259194,46.42870072989309,0.0,0.0,1.0,0.0
788,788,2363.4800397589524,2.3634800397589526,Sector 2,43.9875541592848,0.0,0,0.1,2718605.153039262,5849314.700206477,POINT (2718605.153039262 5849314.700206477),24.421645604612596,46.42868656487884,0.0,0.0,1.0,0.0
789,789,2366.4800397588388,2.3664800397588386,Sector 2,43.98755414960715,0.0,0,0.1,2718604.100664137,5849312.412463808,POINT (2718604.100664137 5849312.412463808),24.421636150966002,46.42867239986089,0.0,0.0,1.0,0.0
790,790,2369.480039759072,2.3694800397590714,Sector 2,43.98755413894997,0.0,0,0.1,2718603.0482890117,5849310.124721141,POINT (2718603.0482890117 5849310.124721141),24.421626697319407,46.42865823483927,0.0,0.0,1.0,0.0
791,791,2372.4800397593044,2.372480039759304,Sector 2,43.98755415068172,0.0,0,0.1,2718601.995913886,5849307.836978473,POINT (2718601.995913886 5849307.836978473),24.421617243672806,46.428644069813956,0.0,0.0,1.0,0.0
792,792,2375.4800397588674,2.375480039758868,Sector 2,43.98755414489011,0.0,0,0.1,2718600.943538761,5849305.549235806,POINT (2718600.943538761 5849305.549235806),24.42160779002621,46.428629904784984,0.0,0.0,1.0,0.0
793,793,2378.480039759424,2.3784800397594235,Sector 2,43.98755416051881,0.0,0,0.1,2718599.8911636355,5849303.261493137,POINT (2718599.8911636355 5849303.261493137),24.42159833637961,46.42861573975232,0.0,0.0,1.0,0.0
794,794,2381.4800397589865,2.3814800397589866,Sector 2,43.98755414499709,0.0,0,0.1,2718598.8387885103,5849300.973750469,POINT (2718598.8387885103 5849300.973750469),24.421588882733015,46.42860157471597,0.0,0.0,1.0,0.0
795,795,2384.4800397592194,2.3844800397592194,Sector 2,43.98755414991604,0.0,0,0.1,2718597.7864133846,5849298.686007802,POINT (2718597.7864133846 5849298.686007802),24.421579429086417,46.42858740967595,0.0,0.0,1.0,0.0
796,796,2387.4800397587824,2.3874800397587825,Sector 2,43.98755413244629,4.984101531126872,0,0.1,2718596.73403826,5849296.398265135,POINT (2718596.73403826 5849296.398265135),24.421569975439823,46.42857324463224,0.0,0.0,1.0,0.0
797,797,2390.4800397593385,2.390480039759338,Sector 2,43.98755417629826,0.0,0,0.1,2718595.6816631346,5849294.110522466,POINT (2718595.6816631346 5849294.110522466),24.42156052179323,46.428559079584836,0.0,0.0,1.0,0.0
798,798,2393.480039758901,2.3934800397589013,Sector 2,43.9875541053006,0.0,0,0.1,2718594.6292880094,5849291.822779799,POINT (2718594.6292880094 5849291.822779799),24.42155106814663,46.42854491453378,0.0,0.0,1.0,0.0
799,799,2396.4800397591343,2.396480039759134,Sector 2,43.98755416959341,0.0,0,0.1,2718593.5769128837,5849289.535037131,POINT (2718593.5769128837 5849289.535037131),24.421541614500033,46.42853074947903,0.0,0.0,1.0,0.0
800,800,2399.4800397586973,2.3994800397586973,Sector 2,43.987554152124346,0.0,0,0.1,2718592.5245377584,5849287.247294463,POINT (2718592.5245377584 5849287.247294463),24.42153216085343,46.4285165844206,0.0,0.0,1.0,0.0
801,801,2402.480039759253,2.4024800397592534,Sector 2,43.98755415704426,0.0,0,0.1,2718591.472162633,5849284.959551794,POINT (2718591.472162633 5849284.959551794),24.421522707206837,46.42850241935847,0.0,0.0,1.0,0.0
802,802,2405.4800397588165,2.4054800397588165,Sector 2,43.98755413665867,-30.524449798684877,0,0.1,2718590.4197875084,5849282.671809128,POINT (2718590.4197875084 5849282.671809128),24.421513253560246,46.42848825429269,0.0,0.0,1.0,0.0
803,803,2408.4800397590493,2.4084800397590493,Sector 2,43.987554148392405,0.0,0,0.1,2718589.3674123827,5849280.38406646,POINT (2718589.3674123827 5849280.38406646),24.421503799913648,46.428474089223215,0.0,0.0,1.0,0.0
804,804,2411.4800397586123,2.4114800397586125,Sector 2,43.98755413773745,0.0,0,0.1,2718588.3150372575,5849278.096323792,POINT (2718588.3150372575 5849278.096323792),24.42149434626705,46.428459924150054,0.0,0.0,1.0,0.0
805,805,2414.4800397591684,2.4144800397591686,Sector 2,43.9875541650469,0.0,0,0.1,2718587.2626621323,5849275.808581124,POINT (2718587.2626621323 5849275.808581124),24.42148489262045,46.42844575907321,0.0,0.0,1.0,0.0
806,806,2417.4800397594013,2.4174800397594014,Sector 2,43.98755412713825,0.0,0,0.1,2718586.2102870066,5849273.520838456,POINT (2718586.2102870066 5849273.520838456),24.421475438973854,46.42843159399269,0.0,0.0,1.0,0.0
807,807,2420.4800397589643,2.420480039758964,Sector 2,43.98755414958282,0.0,0,0.1,2718585.157911882,5849271.233095788,POINT (2718585.157911882 5849271.233095788),24.421465985327263,46.42841742890849,0.0,0.0,1.0,0.0
808,808,2423.480039759197,2.423480039759197,Sector 2,43.987554148658944,0.0,0,0.1,2718584.1055367566,5849268.945353121,POINT (2718584.1055367566 5849268.945353121),24.421456531680665,46.42840326382061,0.0,0.0,1.0,0.0
809,809,2426.4800397590834,2.4264800397590838,Sector 2,43.98755412340921,0.0,0,0.1,2718583.0531616313,5849266.657610453,POINT (2718583.0531616313 5849266.657610453),24.421447078034067,46.42838909872905,0.0,0.0,1.0,0.0
810,810,2429.480039759316,2.429480039759316,Sector 2,43.9875541760253,0.0,0,0.1,2718582.0007865056,5849264.369867785,POINT (2718582.0007865056 5849264.369867785),24.42143762438747,46.4283749336338,0.0,0.0,1.0,0.0
811,811,2432.4800397588792,2.4324800397588797,Sector 2,43.98755413325216,9.661821347670006,0,0.1,2718580.9484113804,5849262.082125118,POINT (2718580.9484113804 5849262.082125118),24.42142817074087,46.42836076853489,0.0,0.0,1.0,0.0
812,812,2435.480039759112,2.435480039759112,Sector 2,43.9875541683449,0.0,0,0.1,2718579.896036255,5849259.794382449,POINT (2718579.896036255 5849259.794382449),24.421418717094273,46.428346603432274,0.0,0.0,1.0,0.0
813,813,2438.4800397589984,2.4384800397589985,Sector 2,43.98755414309585,0.0,0,0.1,2718578.8436611304,5849257.506639781,POINT (2718578.8436611304 5849257.506639781),24.421409263447682,46.42833243832599,0.0,0.0,1.0,0.0
814,814,2441.480039759231,2.441480039759232,Sector 2,43.987554141204384,0.0,0,0.1,2718577.7912860047,5849255.218897114,POINT (2718577.7912860047 5849255.218897114),24.421399809801084,46.428318273216014,0.0,0.0,1.0,0.0
815,815,2444.480039758794,2.444480039758794,Sector 2,35.16935512000305,0.0,0,0.1,2718576.7389108795,5849252.931154447,POINT (2718576.7389108795 5849252.931154447),24.42139035615449,46.428304108102374,0.0,0.0,1.0,0.0
816,816,2447.4489131275554,2.4474489131275554,Sector 2,27.43105298777345,0.0,0,0.1,2718575.6974547184,5849250.667148353,POINT (2718575.6974547184 5849250.667148353),24.421381000594614,46.42829008995586,0.0,0.0,1.0,0.0
817,817,2450.4489131274413,2.4504489131274414,Sector 2,27.43105299140637,0.0,0,0.1,2718574.645079593,5849248.379405685,POINT (2718574.645079593 5849248.379405685),24.42137154694802,46.42827592483488,0.0,0.0,1.0,0.0
818,818,2453.448913127542,2.453448913127542,Sector 2,27.431052998150108,0.0,0,0.1,2718573.592704468,5849246.091663018,POINT (2718573.592704468 5849246.091663018),24.421362093301422,46.42826175971023,0.0,0.0,1.0,0.0
819,819,2456.448913127428,2.456448913127428,Sector 2,17.113620241758213,0.0,0,0.1,2718572.5403293427,5849243.803920349,POINT (2718572.5403293427 5849243.803920349),24.421352639654824,46.42824759458189,0.0,0.0,1.0,0.0
820,820,2459.4098101200884,2.4594098101200883,Sector 2,8.801847453522328,0.0,0,0.1,2718571.501671228,5849241.545996889,POINT (2718571.501671228 5849241.545996889),24.421343309230235,46.42823361408299,0.0,0.0,1.0,0.0
821,821,2462.40981012011,2.4624098101201097,Sector 2,8.801847454751226,-19.59147523956578,0,0.1,2718570.4490113147,5849239.258383372,POINT (2718570.4490113147 5849239.258383372),24.42133385302534,46.42821944974701,0.0,0.0,1.0,0.0
822,822,2465.409810120131,2.465409810120131,Sector 2,348.8395079586494,0.0,0,0.1,2718569.3953949227,5849236.97120362,POINT (2718569.3953949227 5849236.97120362),24.421324388228253,46.42820528809312,0.0,0.0,1.0,0.0
823,823,2468.3686081845717,2.468368608184571,Sector 2,344.3395885797411,0.0,0,0.1,2718568.3562488756,5849234.715435946,POINT (2718568.3562488756 5849234.715435946),24.42131505342049,46.428191320931475,0.0,0.0,1.0,0.0
824,824,2471.368608184744,2.471368608184744,Sector 2,339.8604133737198,0.0,0,0.1,2718567.302632483,5849232.428256194,POINT (2718567.302632483 5849232.428256194),24.4213055886234,46.42817715927028,0.0,0.0,1.0,0.0
825,825,2474.363782659076,2.474363782659076,Sector 2,337.5022859818166,0.0,0,0.1,2718566.250710842,5849230.1447553905,POINT (2718566.250710842 5849230.1447553905),24.421296139050522,46.42816302038456,0.0,0.0,1.0,0.0
826,826,2477.363782659457,2.477363782659457,Sector 2,336.4869035446876,0.0,0,0.1,2718565.2171964883,5849227.8491444355,POINT (2718565.2171964883 5849227.8491444355),24.421286854833117,46.428148806512006,0.0,0.0,1.0,0.0
827,827,2480.355676431288,2.480355676431288,Sector 2,319.1257717181138,0.0,0,0.1,2718564.3119678707,5849225.507102043,POINT (2718564.3119678707 5849225.507102043),24.421278723026088,46.42813430514332,0.0,0.0,1.0,0.0
828,828,2483.3556764318064,2.4833556764318065,Sector 2,319.1257717420665,0.0,0,0.1,2718563.40428663,5849223.158714129,POINT (2718563.40428663 5849223.158714129),24.421270569186774,46.42811976448078,0.0,0.0,1.0,0.0
829,829,2486.355676431316,2.4863556764313164,Sector 2,319.1257717249992,0.0,0,0.1,2718562.496605389,5849220.810326215,POINT (2718562.496605389 5849220.810326215),24.421262415347453,46.42810522381438,0.0,0.0,1.0,0.0
830,830,2489.3556764318346,2.4893556764318348,Sector 2,319.1257717168508,0.0,0,0.1,2718561.588924148,5849218.461938299,POINT (2718561.588924148 5849218.461938299),24.421254261508135,46.42809068314408,0.0,0.0,1.0,0.0
831,831,2492.355676431649,2.492355676431649,Sector 2,319.1257717215425,0.0,0,0.1,2718560.6812429074,5849216.1135503845,POINT (2718560.6812429074 5849216.1135503845),24.421246107668818,46.42807614246992,0.0,0.0,1.0,0.0
832,832,2495.355676431159,2.495355676431158,Sector 2,319.1257717352683,0.0,0,0.1,2718559.7735616663,5849213.765162471,POINT (2718559.7735616663 5849213.765162471),24.421237953829497,46.428061601791875,0.0,0.0,1.0,0.0
833,833,2498.355676431677,2.498355676431677,Sector 2,319.12577172842646,-12.310160306263215,0,0.1,2718558.8658804256,5849211.416774555,POINT (2718558.8658804256 5849211.416774555),24.421229799990183,46.42804706110994,0.0,0.0,1.0,0.0
834,834,2501.355676431492,2.5013556764314915,Sector 2,321.0866237381755,0.0,0,0.1,2718557.9609040273,5849209.067348431,POINT (2718557.9609040273 5849209.067348431),24.42122167044888,46.428032513995774,0.0,0.0,1.0,0.0
835,835,2504.355200257941,2.504355200257941,Sector 2,321.61807510791067,0.0,0,0.1,2718557.082371822,5849206.708200181,POINT (2718557.082371822 5849206.708200181),24.421213778459805,46.428017906680516,0.0,0.0,1.0,0.0
836,836,2507.3552002578435,2.507355200257844,Sector 2,321.6180750909909,0.0,0,0.1,2718556.2037001494,5849204.348677416,POINT (2718556.2037001494 5849204.348677416),24.421205885217873,46.428003297042416,0.0,0.0,1.0,0.0
837,837,2510.3552002580354,2.510355200258036,Sector 2,321.6180751005742,0.0,0,0.1,2718555.3250284772,5849201.989154652,POINT (2718555.3250284772 5849201.989154652),24.421197991975944,46.42798868740041,0.0,0.0,1.0,0.0
838,838,2513.355200257938,2.513355200257938,Sector 2,321.61807509583696,0.0,0,0.1,2718554.55907663,5849199.59213106,POINT (2718554.55907663 5849199.59213106),24.42119111131343,46.42797384555757,0.0,0.0,1.0,0.0
839,839,2516.355200257841,2.516355200257841,Sector 2,336.0093688514607,-20.411811590777912,0,0.1,2718553.8570267623,5849197.173847877,POINT (2718553.8570267623 5849197.173847877),24.421184804692167,46.42795887207593,0.0,0.0,1.0,0.0
840,840,2519.310474058902,2.519310474058902,Sector 2,342.8180396700725,0.0,0,0.1,2718553.1654435685,5849194.791618234,POINT (2718553.1654435685 5849194.791618234),24.421178592094634,46.42794412182592,0.0,0.0,1.0,0.0
841,841,2522.310474058706,2.522310474058706,Sector 2,342.8180396868308,0.0,0,0.1,2718552.463393701,5849192.373335053,POINT (2718552.463393701 5849192.373335053),24.42117228547337,46.42792914833613,0.0,0.0,1.0,0.0
842,842,2525.31047405851,2.52531047405851,Sector 2,358.9410911377977,0.0,0,0.1,2718551.761343833,5849189.955051871,POINT (2718551.761343833 5849189.955051871),24.421165978852105,46.42791417484222,0.0,0.0,1.0,0.0
843,843,2528.285642556049,2.528285642556049,Sector 2,2.302388860620852,0.0,0,0.1,2718551.5294498466,5849187.482737479,POINT (2718551.5294498466 5849187.482737479),24.421163895712986,46.42789886679432,0.0,0.0,1.0,0.0
844,844,2531.28564255562,2.53128564255562,Sector 2,2.302388866975548,0.0,0,0.1,2718551.372285982,5849184.977562895,POINT (2718551.372285982 5849184.977562895),24.42116248388597,46.42788335527868,0.0,0.0,1.0,0.0
845,845,2534.285642556121,2.534285642556121,Sector 2,2.3023888689385217,0.0,0,0.1,2718551.2335156137,5849182.469365732,POINT (2718551.2335156137 5849182.469365732),24.421161237290537,46.42786782504344,0.0,0.0,1.0,0.0
846,846,2537.2856425556915,2.537285642555692,Sector 2,22.43765121832064,0.0,0,0.1,2718551.1462226794,5849179.952709359,POINT (2718551.1462226794 5849179.952709359),24.42116045312477,46.427852242426084,0.0,0.0,1.0,0.0
847,847,2540.275257534682,2.5402752575346823,Sector 2,23.5566777337246,0.0,0,0.1,2718551.0592319244,5849177.444764827,POINT (2718551.0592319244 5849177.444764827),24.42115967167352,46.427836713746224,0.0,0.0,1.0,0.0
848,848,2543.2752575345944,2.5432752575345945,Sector 2,23.55667772125622,0.0,0,0.1,2718550.9719389896,5849174.928108455,POINT (2718550.9719389896 5849174.928108455),24.421158887507744,46.42782113111998,0.0,0.0,1.0,0.0
849,849,2546.2752575346926,2.5462752575346927,Sector 2,23.55667773724377,0.0,0,0.1,2718550.8846460553,5849172.41145208,POINT (2718550.8846460553 5849172.41145208),24.421158103341977,46.42780554848927,0.0,0.0,1.0,0.0
850,850,2549.275257534605,2.549275257534605,Sector 2,23.556677717943103,0.0,0,0.1,2718550.797353121,5849169.894795707,POINT (2718550.797353121 5849169.894795707),24.421157319176203,46.42778996585411,0.0,0.0,1.0,0.0
851,851,2552.275257534517,2.552275257534517,Sector 2,23.5566777351994,0.0,0,0.1,2718550.710060186,5849167.378139334,POINT (2718550.710060186 5849167.378139334),24.421156535010425,46.4277743832145,0.0,0.0,1.0,0.0
852,852,2555.275257534616,2.555275257534616,Sector 2,24.594046601585436,0.0,0,0.1,2718550.622767252,5849164.861482959,POINT (2718550.622767252 5849164.861482959),24.421155750844658,46.427758800570416,0.0,0.0,1.0,0.0
853,853,2558.2743237116483,2.5582743237116485,Sector 2,26.56419061216945,0.0,0,0.1,2718550.535501489,5849162.3456099555,POINT (2718550.535501489 5849162.3456099555),24.42115496692297,46.42774322277237,0.0,0.0,1.0,0.0
854,854,2561.274323712297,2.561274323712297,Sector 2,26.56419061564145,0.0,0,0.1,2718550.681722436,5849159.840501168,POINT (2718550.681722436 5849159.840501168),24.421156280448088,46.42772771161984,0.0,0.0,1.0,0.0
855,855,2564.2743237119053,2.564274323711905,Sector 2,26.564190597176665,-28.21985031295357,0,0.1,2718550.98152015,5849157.342986966,POINT (2718550.98152015 5849157.342986966),24.421158973576773,46.42771224748712,0.0,0.0,1.0,0.0
856,856,2567.2743237115133,2.567274323711513,Sector 2,26.564190625907543,0.0,0,0.1,2718551.281317863,5849154.845472764,POINT (2718551.281317863 5849154.845472764),24.42116166670545,46.42769678335002,0.0,0.0,1.0,0.0
857,857,2570.274323712162,2.5702743237121624,Sector 2,26.56419060412168,0.0,0,0.1,2718551.581115577,5849152.34795856,POINT (2718551.581115577 5849152.34795856),24.421164359834137,46.427681319208524,0.0,0.0,1.0,0.0
858,858,2573.27432371177,2.5732743237117703,Sector 2,26.564190622417414,12.376349148553327,0,0.1,2718551.88091329,5849149.850444358,POINT (2718551.88091329 5849149.850444358),24.421167052962815,46.42766585506265,0.0,0.0,1.0,0.0
859,859,2576.274323712419,2.5762743237124197,Sector 2,26.56419061106743,0.0,0,0.1,2718552.1910849237,5849147.3535474,POINT (2718552.1910849237 5849147.3535474),24.42116983928201,46.42765039473425,0.0,0.0,1.0,0.0
860,860,2579.274323712027,2.5792743237120277,Sector 2,26.56419061454062,0.0,0,0.1,2718552.531231941,5849144.858433968,POINT (2718552.531231941 5849144.858433968),24.421172894874655,46.42763494544474,0.0,0.0,1.0,0.0
861,861,2582.274323711635,2.5822743237116352,Sector 2,26.564190610900027,0.0,0,0.1,2718552.8713789587,5849142.363320537,POINT (2718552.8713789587 5849142.363320537),24.421175950467298,46.427619496150854,0.0,0.0,1.0,0.0
862,862,2585.274323712284,2.585274323712284,Sector 2,26.56419061710028,0.0,0,0.1,2718553.2964298697,5849139.884802507,POINT (2718553.2964298697 5849139.884802507),24.4211797687646,46.42760414960838,0.0,0.0,1.0,0.0
863,863,2588.274323711892,2.588274323711892,Sector 2,26.56419061179929,0.0,0,0.1,2718553.894773682,5849137.440156487,POINT (2718553.894773682 5849137.440156487),24.42118514377852,46.42758901279112,0.0,0.0,1.0,0.0
864,864,2591.2743237123327,2.591274323712333,Sector 2,26.5641906202556,0.0,0,0.1,2718554.493117495,5849134.995510467,POINT (2718554.493117495 5849134.995510467),24.42119051879244,46.427573875969664,0.0,0.0,1.0,0.0
865,865,2594.274323712149,2.594274323712149,Sector 2,26.564190621474157,0.0,0,0.1,2718555.091461308,5849132.550864448,POINT (2718555.091461308 5849132.550864448),24.421195893806363,46.427558739144004,0.0,0.0,1.0,0.0
866,866,2597.274323711757,2.597274323711757,Sector 2,26.564190604672376,0.0,0,0.1,2718555.68980512,5849130.106218427,POINT (2718555.68980512 5849130.106218427),24.42120126882028,46.42754360231414,0.0,0.0,1.0,0.0
867,867,2600.2743237121977,2.6002743237121977,Sector 2,26.56419061858253,0.0,0,0.1,2718556.288148933,5849127.661572407,POINT (2718556.288148933 5849127.661572407),24.421206643834203,46.42752846548006,0.0,0.0,1.0,0.0
868,868,2603.274323712014,2.603274323712014,Sector 2,26.564190607234423,0.0,0,0.1,2718556.886492746,5849125.2169263875,POINT (2718556.886492746 5849125.2169263875),24.421212018848127,46.427513328641794,0.0,0.0,1.0,0.0
869,869,2606.274323711622,2.606274323711622,Sector 2,26.564190601934627,0.0,0,0.1,2718557.4848365583,5849122.772280369,POINT (2718557.4848365583 5849122.772280369),24.421217393862044,46.42749819179932,0.0,0.0,1.0,0.0
870,870,2609.2743237120626,2.6092743237120626,Sector 2,26.56419063505581,0.0,0,0.1,2718558.2323678243,5849120.375328055,POINT (2718558.2323678243 5849120.375328055),24.42122410904966,46.42748335026428,0.0,0.0,1.0,0.0
871,871,2612.274323711879,2.612274323711879,Sector 2,26.564190604497924,0.0,0,0.1,2718559.126174167,5849118.0236605415,POINT (2718559.126174167 5849118.0236605415),24.421232138248644,46.42746878912136,0.0,0.0,1.0,0.0
872,872,2615.2743237123195,2.6152743237123195,Sector 2,26.56419062718396,-25.787237919349824,0,0.1,2718560.0428720363,5849115.678534937,POINT (2718560.0428720363 5849115.678534937),24.421240373085716,46.427454268481,0.0,0.0,1.0,0.0
873,873,2618.274323712136,2.618274323712136,Sector 2,26.564190607062017,0.0,0,0.1,2718560.959569906,5849113.333409334,POINT (2718560.959569906 5849113.333409334),24.421248607922788,46.42743974783677,0.0,0.0,1.0,0.0
874,874,2621.274323711744,2.621274323711744,Sector 2,26.56419060615065,0.0,0,0.1,2718561.876267775,5849110.988283729,POINT (2718561.876267775 5849110.988283729),24.421256842759856,46.42742522718868,0.0,0.0,1.0,0.0
875,875,2624.2743237121845,2.6242743237121844,Sector 2,26.56419062883731,0.0,0,0.1,2718562.792965645,5849108.643158125,POINT (2718562.792965645 5849108.643158125),24.42126507759693,46.42741070653671,0.0,0.0,1.0,0.0
876,876,2627.2743237120008,2.6272743237120006,Sector 2,26.564190601601865,0.0,0,0.1,2718563.7096635145,5849106.29803252,POINT (2718563.7096635145 5849106.29803252),24.421273312434,46.42739618588088,0.0,0.0,1.0,0.0
877,877,2630.2743237124414,2.6302743237124413,Sector 2,26.803956700088804,0.0,0,0.1,2718564.626361384,5849103.952906917,POINT (2718564.626361384 5849103.952906917),24.42128154727107,46.42738166522118,0.0,0.0,1.0,0.0
878,878,2633.274280441109,2.633274280441109,Sector 2,27.198928391527147,0.0,0,0.1,2718565.543046032,5849101.607815138,POINT (2718565.543046032 5849101.607815138),24.421289781989373,46.42736714476706,0.0,0.0,1.0,0.0
879,879,2636.274280440701,2.636274280440701,Sector 2,27.19892837912647,0.0,0,0.1,2718566.456365251,5849099.261299814,POINT (2718566.456365251 5849099.261299814),24.42129798647551,46.42735261549469,0.0,0.0,1.0,0.0
880,880,2639.274280440909,2.639274280440909,Sector 2,27.19892839220768,0.0,0,0.1,2718567.3608223526,5849096.911139286,POINT (2718567.3608223526 5849096.911139286),24.42130611135189,46.427338063647866,0.0,0.0,1.0,0.0
881,881,2642.274280440501,2.642274280440501,Sector 2,27.198928387351657,33.344903390732625,0,0.1,2718568.2652794537,5849094.560978758,POINT (2718568.2652794537 5849094.560978758),24.42131423622827,46.42732351179717,0.0,0.0,1.0,0.0
882,882,2645.2742804409218,2.6452742804409217,Sector 2,27.19892838239042,0.0,0,0.1,2718569.169736555,5849092.21081823,POINT (2718569.169736555 5849092.21081823),24.421322361104647,46.427308959942586,0.0,0.0,1.0,0.0
883,883,2648.274280440514,2.6482742804405137,Sector 2,27.19892837753474,0.0,0,0.1,2718570.0741936555,5849089.860657702,POINT (2718570.0741936555 5849089.860657702),24.42133048598102,46.42729440808412,0.0,0.0,1.0,0.0
884,884,2651.2742804409345,2.6512742804409344,Sector 2,27.198928399585498,0.0,0,0.1,2718570.978650757,5849087.510497174,POINT (2718570.978650757 5849087.510497174),24.4213386108574,46.427279856221766,0.0,0.0,1.0,0.0
885,885,2654.2742804405266,2.6542742804405264,Sector 2,27.198928372203056,0.0,0,0.1,2718571.8831078582,5849085.160336646,POINT (2718571.8831078582 5849085.160336646),24.42134673573378,46.42726530435553,0.0,0.0,1.0,0.0
886,886,2657.274280440947,2.657274280440947,Sector 2,27.198928398738587,0.0,0,0.1,2718572.7875649594,5849082.810176118,POINT (2718572.7875649594 5849082.810176118),24.42135486061016,46.427250752485406,0.0,0.0,1.0,0.0
887,887,2660.2742804405398,2.6602742804405395,Sector 2,27.198928363917677,0.0,0,0.1,2718573.69202206,5849080.46001559,POINT (2718573.69202206 5849080.46001559),24.42136298548653,46.4272362006114,0.0,0.0,1.0,0.0
888,888,2663.274280440747,2.663274280440747,Sector 2,27.19892838596928,-36.311557124689294,0,0.1,2718574.5964791616,5849078.109855061,POINT (2718574.5964791616 5849078.109855061),24.421371110362912,46.4272216487335,0.0,0.0,1.0,0.0
889,889,2666.274280441168,2.666274280441168,Sector 2,27.198928410975554,0.0,0,0.1,2718575.500936263,5849075.759694533,POINT (2718575.500936263 5849075.759694533),24.42137923523929,46.427207096851724,0.0,0.0,1.0,0.0
890,890,2669.27428044076,2.66927428044076,Sector 2,27.198928368716395,0.0,0,0.1,2718576.405393364,5849073.409534006,POINT (2718576.405393364 5849073.409534006),24.42138736011567,46.42719254496606,0.0,0.0,1.0,0.0
891,891,2672.2742804411805,2.6722742804411803,Sector 2,27.198928393723065,0.0,0,0.1,2718577.309850465,5849071.0593734775,POINT (2718577.309850465 5849071.0593734775),24.421395484992047,46.42717799307652,0.0,0.0,1.0,0.0
892,892,2675.2742804407726,2.6752742804407728,Sector 2,27.198928378370567,0.0,0,0.1,2718578.2143075666,5849068.7092129495,POINT (2718578.2143075666 5849068.7092129495),24.42140360986843,46.42716344118308,0.0,0.0,1.0,0.0
893,893,2678.274280441193,2.678274280441193,Sector 2,27.19892839889326,0.0,0,0.1,2718579.118764668,5849066.3590524215,POINT (2718579.118764668 5849066.3590524215),24.421411734744805,46.42714888928577,0.0,0.0,1.0,0.0
894,894,2681.2742804407853,2.6812742804407854,Sector 2,27.198928392509917,0.0,0,0.1,2718580.0232217684,5849064.008891894,POINT (2718580.0232217684 5849064.008891894),24.42141985962118,46.42713433738457,0.0,0.0,1.0,0.0
895,895,2684.274280440993,2.6842742804409934,Sector 2,27.19892838011248,0.0,0,0.1,2718580.9276788696,5849061.658731366,POINT (2718580.9276788696 5849061.658731366),24.42142798449756,46.427119785479476,0.0,0.0,1.0,0.0
896,896,2687.274280440585,2.6872742804405854,Sector 2,27.198928379743847,0.0,0,0.1,2718581.832135971,5849059.3085708385,POINT (2718581.832135971 5849059.3085708385),24.42143610937394,46.427105233570515,0.0,0.0,1.0,0.0
897,897,2690.274280441006,2.690274280441006,Sector 2,27.198928410766086,0.0,0,0.1,2718582.7365930723,5849056.95841031,POINT (2718582.7365930723 5849056.95841031),24.42144423425032,46.42709068165766,0.0,0.0,1.0,0.0
898,898,2693.274280440598,2.693274280440598,Sector 2,27.19892836096426,0.0,0,0.1,2718583.641050173,5849054.608249782,POINT (2718583.641050173 5849054.608249782),24.42145235912669,46.427076129740925,0.0,0.0,1.0,0.0
899,899,2696.2742804410186,2.6962742804410187,Sector 2,27.198928396471278,0.0,0,0.1,2718584.545507274,5849052.258089254,POINT (2718584.545507274 5849052.258089254),24.42146048400307,46.4270615778203,0.0,0.0,1.0,0.0
900,900,2699.2742804406107,2.6992742804406107,Sector 2,27.19892840507225,0.0,0,0.1,2718585.4499643757,5849049.907928726,POINT (2718585.4499643757 5849049.907928726),24.42146860887945,46.42704702589579,0.0,0.0,1.0,0.0
901,901,2702.274280441032,2.702274280441032,Sector 2,27.198928376163053,0.0,0,0.1,2718586.354421477,5849047.557768198,POINT (2718586.354421477 5849047.557768198),24.42147673375583,46.427032473967394,0.0,0.0,1.0,0.0
902,902,2705.2742804404106,2.70527428044041,Sector 2,27.198928386294256,0.0,0,0.1,2718587.2588785775,5849045.20760767,POINT (2718587.2588785775 5849045.20760767),24.4214848586322,46.42701792203511,0.0,0.0,1.0,0.0
903,903,2708.2742804408317,2.7082742804408317,Sector 2,27.198928375428352,39.68738577877069,0,0.1,2718588.1633356786,5849042.857447142,POINT (2718588.1633356786 5849042.857447142),24.421492983508582,46.42700337009895,0.0,0.0,1.0,0.0
904,904,2711.274280440424,2.7112742804404237,Sector 2,27.198928395953374,0.0,0,0.1,2718589.0677927798,5849040.507286614,POINT (2718589.0677927798 5849040.507286614),24.42150110838496,46.4269888181589,0.0,0.0,1.0,0.0
905,905,2714.274280440844,2.714274280440844,Sector 2,24.31437237485073,-36.0731613393663,0,0.1,2718589.9722498814,5849038.157126085,POINT (2718589.9722498814 5849038.157126085),24.42150923326134,46.426974266214955,0.0,0.0,1.0,0.0
906,906,2717.2684436860022,2.7172684436860024,Sector 2,19.884809091978013,0.0,0,0.1,2718590.8749472843,5849035.811537994,POINT (2718590.8749472843 5849035.811537994),24.42151734233008,46.4269597425792,0.0,0.0,1.0,0.0
907,907,2720.2684436855748,2.720268443685575,Sector 2,19.884809082344702,0.0,0,0.1,2718591.7794043855,5849033.461377467,POINT (2718591.7794043855 5849033.461377467),24.421525467206457,46.426945190627514,0.0,0.0,1.0,0.0
908,908,2723.2684436861814,2.7232684436861816,Sector 2,19.884809095440232,0.0,0,0.1,2718592.6838614866,5849031.111216938,POINT (2718592.6838614866 5849031.111216938),24.421533592082838,46.42693063867193,0.0,0.0,1.0,0.0
909,909,2726.268443685912,2.726268443685912,Sector 2,19.884809072459237,0.0,0,0.1,2718593.5883185877,5849028.76105641,POINT (2718593.5883185877 5849028.76105641),24.421541716959215,46.42691608671246,0.0,0.0,1.0,0.0
910,910,2729.268443685643,2.729268443685643,Sector 2,19.88480908253325,0.0,0,0.1,2718594.492775689,5849026.410895882,POINT (2718594.492775689 5849026.410895882),24.421549841835592,46.42690153474912,0.0,0.0,1.0,0.0
911,911,2732.268443686091,2.732268443686091,Sector 2,19.88480909229236,0.0,0,0.1,2718595.3972327905,5849024.060735353,POINT (2718595.3972327905 5849024.060735353),24.421557966711973,46.42688698278187,0.0,0.0,1.0,0.0
912,912,2735.2684436858217,2.735268443685822,Sector 2,19.88480909204054,0.0,0,0.1,2718596.301689891,5849021.710574826,POINT (2718596.301689891 5849021.710574826),24.421566091588346,46.42687243081076,0.0,0.0,1.0,0.0
913,913,2738.2684436855525,2.7382684436855524,Sector 2,19.88480908272345,0.0,0,0.1,2718597.2061469923,5849019.360414298,POINT (2718597.2061469923 5849019.360414298),24.421574216464727,46.42685787883576,0.0,0.0,1.0,0.0
914,914,2741.268443686159,2.741268443686159,Sector 2,19.884809079765372,0.0,0,0.1,2718598.1106040934,5849017.01025377,POINT (2718598.1106040934 5849017.01025377),24.4215823413411,46.42684332685687,0.0,0.0,1.0,0.0
915,915,2744.268443685732,2.744268443685732,Sector 2,12.287926103717211,0.0,0,0.1,2718599.0150611945,5849014.660093242,POINT (2718599.0150611945 5849014.660093242),24.42159046621748,46.426828774874096,0.0,0.0,1.0,0.0
916,916,2747.249075050392,2.747249075050392,Sector 2,6.702701330116497,0.0,0,0.1,2718599.905500616,5849012.322006502,POINT (2718599.905500616 5849012.322006502),24.4215984651709,46.42681429764728,0.0,0.0,1.0,0.0
917,917,2750.249075051031,2.750249075051031,Sector 2,6.7027013378462925,0.0,0,0.1,2718600.786547078,5849009.962974012,POINT (2718600.786547078 5849009.962974012),24.421606379745928,46.426799690722326,0.0,0.0,1.0,0.0
918,918,2753.249075050745,2.753249075050745,Sector 2,6.702701314132526,0.0,0,0.1,2718601.6675935388,5849007.603941524,POINT (2718601.6675935388 5849007.603941524),24.421614294320943,46.42678508379348,0.0,0.0,1.0,0.0
919,919,2756.2490750504057,2.756249075050406,Sector 2,6.702701339874466,0.0,0,0.1,2718602.54864,5849005.244909035,POINT (2718602.54864 5849005.244909035),24.42162220889597,46.42677047686071,0.0,0.0,1.0,0.0
920,920,2759.249075051045,2.759249075051045,Sector 2,6.702701339743555,0.0,0,0.1,2718603.4296864616,5849002.885876546,POINT (2718603.4296864616 5849002.885876546),24.42163012347099,46.426755869924015,0.0,0.0,1.0,0.0
921,921,2762.2490750507595,2.76224907505076,Sector 2,6.70270133617737,-22.412959633843183,0,0.1,2718604.310732923,5849000.526844057,POINT (2718604.310732923 5849000.526844057),24.421638038046012,46.42674126298342,0.0,0.0,1.0,0.0
922,922,2765.249075050474,2.765249075050474,Sector 2,1.8100510837454635,0.0,0,0.1,2718605.1917793844,5848998.167811568,POINT (2718605.1917793844 5848998.167811568),24.421645952621038,46.4267266560389,0.0,0.0,1.0,0.0
923,923,2768.2490211447616,2.768249021144761,Sector 2,1.7859527883339863,0.0,0,0.1,2718606.0728100142,5848995.808821468,POINT (2718606.0728100142 5848995.808821468),24.421653867053845,46.42671204935294,0.0,0.0,1.0,0.0
924,924,2771.2490211447766,2.7712490211447767,Sector 2,1.785952773809413,0.0,0,0.1,2718606.953856476,5848993.449788978,POINT (2718606.953856476 5848993.449788978),24.42166178162887,46.426697442400595,0.0,0.0,1.0,0.0
925,925,2774.249021144777,2.774249021144777,Sector 2,1.7859527746368826,0.0,0,0.1,2718607.834902937,5848991.09075649,POINT (2718607.834902937 5848991.09075649),24.42166969620389,46.426682835444346,0.0,0.0,1.0,0.0
926,926,2777.249021144777,2.7772490211447773,Sector 2,1.785952767176866,0.0,0,0.1,2718608.7159493985,5848988.731724001,POINT (2718608.7159493985 5848988.731724001),24.42167761077891,46.42666822848417,0.0,0.0,1.0,0.0
927,927,2780.249021144778,2.780249021144778,Sector 2,0.4681378885297249,0.0,0,0.1,2718609.59699586,5848986.372691511,POINT (2718609.59699586 5848986.372691511),24.421685525353933,46.42665362152008,0.0,0.0,1.0,0.0
928,928,2783.246980900469,2.7832469809004694,Sector 2,357.0798235885229,0.0,0,0.1,2718610.4774431377,5848984.015263356,POINT (2718610.4774431377 5848984.015263356),24.421693434546402,46.426639024486015,0.0,0.0,1.0,0.0
929,929,2786.246980900122,2.786246980900122,Sector 2,357.07982360255977,0.0,0,0.1,2718611.3584895995,5848981.656230869,POINT (2718611.3584895995 5848981.656230869),24.421701349121427,46.42662441751411,0.0,0.0,1.0,0.0
930,930,2789.2469808997744,2.789246980899774,Sector 2,357.07982358433,0.0,0,0.1,2718612.2395360605,5848979.297198379,POINT (2718612.2395360605 5848979.297198379),24.421709263696446,46.42660981053829,0.0,0.0,1.0,0.0
931,931,2792.246980900357,2.792246980900357,Sector 2,357.0798235973671,0.0,0,0.1,2718613.1205825224,5848976.93816589,POINT (2718613.1205825224 5848976.93816589),24.421717178271475,46.42659520355854,0.0,0.0,1.0,0.0
932,932,2795.246980900009,2.7952469809000093,Sector 2,357.0798235948985,0.0,0,0.1,2718614.0016289833,5848974.579133402,POINT (2718614.0016289833 5848974.579133402),24.42172509284649,46.426580596574894,0.0,0.0,1.0,0.0
933,933,2798.246980899662,2.798246980899662,Sector 2,357.07982358967524,0.0,0,0.1,2718614.8826754447,5848972.220100912,POINT (2718614.8826754447 5848972.220100912),24.421733007421516,46.426565989587324,0.0,0.0,1.0,0.0
934,934,2801.2469809002446,2.8012469809002445,Sector 2,357.07982359020554,0.0,0,0.1,2718615.763721906,5848969.861068423,POINT (2718615.763721906 5848969.861068423),24.421740921996538,46.42655138259585,0.0,0.0,1.0,0.0
935,935,2804.246980899897,2.8042469808998973,Sector 2,357.07982360274275,0.0,0,0.1,2718616.6447683675,5848967.5020359345,POINT (2718616.6447683675 5848967.5020359345),24.42174883657156,46.42653677560045,0.0,0.0,1.0,0.0
936,936,2807.24698090048,2.80724698090048,Sector 2,357.07982358301325,-18.27586088815794,0,0.1,2718617.525814829,5848965.143003445,POINT (2718617.525814829 5848965.143003445),24.421756751146585,46.42652216860113,0.0,0.0,1.0,0.0
937,937,2810.2469809001323,2.8102469809001325,Sector 2,357.07982358979683,0.0,0,0.1,2718618.4068612903,5848962.783970956,POINT (2718618.4068612903 5848962.783970956),24.421764665721607,46.42650756159791,0.0,0.0,1.0,0.0
938,938,2813.246980899785,2.813246980899785,Sector 2,357.07982360483305,0.0,0,0.1,2718619.2879077513,5848960.424938468,POINT (2718619.2879077513 5848960.424938468),24.421772580296626,46.42649295459079,0.0,0.0,1.0,0.0
939,939,2816.246980900368,2.816246980900367,Sector 2,357.07982358110496,0.0,0,0.1,2718620.1689542127,5848958.065905978,POINT (2718620.1689542127 5848958.065905978),24.421780494871648,46.426478347579724,0.0,0.0,1.0,0.0
940,940,2819.24698090002,2.81924698090002,Sector 2,357.0798235971408,0.0,0,0.1,2718621.050000674,5848955.70687349,POINT (2718621.050000674 5848955.70687349),24.421788409446673,46.426463740564756,0.0,0.0,1.0,0.0
941,941,2822.2469808996725,2.8222469808996724,Sector 2,357.07982359667113,0.0,0,0.1,2718621.9310471355,5848953.347841001,POINT (2718621.9310471355 5848953.347841001),24.42179632402169,46.42644913354589,0.0,0.0,1.0,0.0
942,942,2825.246980900255,2.825246980900255,Sector 2,357.07982358994815,0.0,0,0.1,2718622.810908892,5848950.988367286,POINT (2718622.810908892 5848950.988367286),24.421804227954333,46.42643452379104,0.0,0.0,1.0,0.0
943,943,2828.246980899908,2.828246980899908,Sector 2,357.0798235889786,0.0,0,0.1,2718623.6885145074,5848948.628053301,POINT (2718623.6885145074 5848948.628053301),24.421812111619708,46.42641990882936,0.0,0.0,1.0,0.0
944,944,2831.24698089956,2.8312469808995604,Sector 2,357.079823595762,0.0,0,0.1,2718624.566120122,5848946.267739317,POINT (2718624.566120122 5848946.267739317),24.421819995285084,46.42640529386378,0.0,0.0,1.0,0.0
945,945,2834.2469809001427,2.8342469809001427,Sector 2,357.07982359053835,0.0,0,0.1,2718625.4437257373,5848943.907425334,POINT (2718625.4437257373 5848943.907425334),24.421827878950456,46.42639067889427,0.0,0.0,1.0,0.0
946,946,2837.2469808997957,2.837246980899795,Sector 2,357.0798235973216,0.0,0,0.1,2718626.321331352,5848941.547111349,POINT (2718626.321331352 5848941.547111349),24.421835762615828,46.426376063920834,0.0,0.0,1.0,0.0
947,947,2840.246980900378,2.840246980900378,Sector 2,357.07982358909896,0.0,0,0.1,2718627.198936967,5848939.186797366,POINT (2718627.198936967 5848939.186797366),24.421843646281204,46.426361448943496,0.0,0.0,1.0,0.0
948,948,2843.2469809000304,2.8432469809000303,Sector 2,357.07982358962875,0.0,0,0.1,2718628.076542582,5848936.826483382,POINT (2718628.076542582 5848936.826483382),24.421851529946572,46.426346833962235,0.0,0.0,1.0,0.0
949,949,2846.246980899683,2.846246980899683,Sector 2,357.07982359741163,0.0,0,0.1,2718628.9541481966,5848934.466169399,POINT (2718628.9541481966 5848934.466169399),24.421859413611948,46.42633221897706,0.0,0.0,1.0,0.0
950,950,2849.246980900265,2.8492469809002654,Sector 2,357.079823588689,0.0,0,0.1,2718629.831753812,5848932.105855414,POINT (2718629.831753812 5848932.105855414),24.421867297277323,46.426317603987954,0.0,0.0,1.0,0.0
951,951,2852.246980899918,2.8522469808999182,Sector 2,357.0798235964718,-9.918214875064107,0,0.1,2718630.7093594265,5848929.745541431,POINT (2718630.7093594265 5848929.745541431),24.421875180942692,46.426302988994934,0.0,0.0,1.0,0.0
952,952,2855.24698089957,2.85524698089957,Sector 2,357.0798235922476,0.0,0,0.1,2718631.5869650412,5848927.385227447,POINT (2718631.5869650412 5848927.385227447),24.421883064608064,46.426288373998005,0.0,0.0,1.0,0.0
953,953,2858.246980900153,2.8582469809001534,Sector 2,356.3154900978661,0.0,0,0.1,2718632.4645706564,5848925.024913463,POINT (2718632.4645706564 5848925.024913463),24.421890948273436,46.42627375899715,0.0,0.0,1.0,0.0
954,954,2861.246709505072,2.861246709505072,Sector 2,355.5383850908977,0.0,0,0.1,2718633.342096879,5848922.664813004,POINT (2718633.342096879 5848922.664813004),24.42189883122562,46.426259145314525,0.0,0.0,1.0,0.0
955,955,2864.2467095047205,2.8642467095047204,Sector 2,355.538385081369,0.0,0,0.1,2718634.219702494,5848920.304499022,POINT (2718634.219702494 5848920.304499022),24.42190671489099,46.42624453030584,0.0,0.0,1.0,0.0
956,956,2867.2467095044053,2.867246709504405,Sector 2,355.53838509117406,0.0,0,0.1,2718635.0973081086,5848917.944185038,POINT (2718635.0973081086 5848917.944185038),24.421914598556363,46.426229915293234,0.0,0.0,1.0,0.0
957,957,2870.2467095049824,2.870246709504982,Sector 2,355.53838507935563,0.0,0,0.1,2718635.9749137238,5848915.5838710535,POINT (2718635.9749137238 5848915.5838710535),24.42192248222174,46.426215300276695,0.0,0.0,1.0,0.0
958,958,2873.2467095046677,2.8732467095046674,Sector 2,355.5383850847088,0.0,0,0.1,2718636.8525193385,5848913.22355707,POINT (2718636.8525193385 5848913.22355707),24.42193036588711,46.42620068525625,0.0,0.0,1.0,0.0
959,959,2876.246709504352,2.876246709504352,Sector 2,355.5383850863733,0.0,0,0.1,2718637.7301249537,5848910.863243086,POINT (2718637.7301249537 5848910.863243086),24.421938249552486,46.42618607023189,0.0,0.0,1.0,0.0
960,960,2879.246709504929,2.879246709504929,Sector 2,355.53838508498484,0.0,0,0.1,2718638.5140631045,5848908.471803678,POINT (2718638.5140631045 5848908.471803678),24.421945291788713,46.42617126247543,0.0,0.0,1.0,0.0
961,961,2882.246709504614,2.882246709504614,Sector 2,355.5383850799077,0.0,0,0.1,2718639.237169245,5848906.060149972,POINT (2718639.237169245 5848906.060149972),24.421951787561692,46.42615632954827,0.0,0.0,1.0,0.0
962,962,2885.246709505191,2.885246709505191,Sector 2,355.5383850860239,0.0,0,0.1,2718639.960275386,5848903.648496266,POINT (2718639.960275386 5848903.648496266),24.42195828333468,46.42614139661701,0.0,0.0,1.0,0.0
963,963,2888.246709504876,2.888246709504876,Sector 2,355.53838508310884,0.0,0,0.1,2718640.6833815267,5848901.2368425615,POINT (2718640.6833815267 5848901.2368425615),24.42196477910766,46.42612646368168,0.0,0.0,1.0,0.0
964,964,2891.2467095045245,2.8912467095045247,Sector 2,355.53838508553633,0.0,0,0.1,2718641.400041415,5848898.823189017,POINT (2718641.400041415 5848898.823189017),24.42197121697297,46.42611151835927,0.0,0.0,1.0,0.0
965,965,2894.246709505137,2.8942467095051376,Sector 2,355.5383850864373,0.0,0,0.1,2718642.09997687,5848896.404347009,POINT (2718642.09997687 5848896.404347009),24.421977504600143,46.42609654090581,0.0,0.0,1.0,0.0
966,966,2897.246709504786,2.897246709504786,Sector 2,355.5383850835221,-18.08119887783145,0,0.1,2718642.7999123246,5848893.985505002,POINT (2718642.7999123246 5848893.985505002),24.42198379222731,46.42608156344825,0.0,0.0,1.0,0.0
967,967,2900.246709504471,2.900246709504471,Sector 2,355.5383850890023,0.0,0,0.1,2718643.4998477795,5848891.566662993,POINT (2718643.4998477795 5848891.566662993),24.42199007985448,46.42606658598656,0.0,0.0,1.0,0.0
968,968,2903.246709505048,2.903246709505048,Sector 2,355.53838508150767,0.0,0,0.1,2718644.199783235,5848889.147820985,POINT (2718644.199783235 5848889.147820985),24.421996367481658,46.426051608520766,0.0,0.0,1.0,0.0
969,969,2906.2467095047327,2.9062467095047326,Sector 2,355.53838508546136,0.0,0,0.1,2718644.8997186893,5848886.728978977,POINT (2718644.8997186893 5848886.728978977),24.422002655108823,46.42603663105085,0.0,0.0,1.0,0.0
970,970,2909.246709504381,2.909246709504381,Sector 2,355.5383850886517,0.0,0,0.1,2718645.5996541437,5848884.310136969,POINT (2718645.5996541437 5848884.310136969),24.422008942735985,46.42602165357684,0.0,0.0,1.0,0.0
971,971,2912.246709504994,2.9122467095049944,Sector 2,355.5383850767051,0.0,0,0.1,2718646.055204791,5848881.851416145,POINT (2718646.055204791 5848881.851416145),24.42201303501708,46.42600642916889,0.0,0.0,1.0,0.0
972,972,2915.246709504679,2.9152467095046792,Sector 2,355.5383850858737,0.0,0,0.1,2718646.2053491934,5848879.342859006,POINT (2718646.2053491934 5848879.342859006),24.422014383787193,46.42599089616992,0.0,0.0,1.0,0.0
973,973,2918.246709504328,2.918246709504328,Sector 2,355.53838508524785,0.0,0,0.1,2718646.3554935954,5848876.834301866,POINT (2718646.3554935954 5848876.834301866),24.422015732557306,46.42597536316653,0.0,0.0,1.0,0.0
974,974,2921.246709504941,2.9212467095049406,Sector 2,355.5383850869116,0.0,0,0.1,2718646.4772380674,5848874.320459893,POINT (2718646.4772380674 5848874.320459893),24.422016826206505,46.42595979743497,0.0,0.0,1.0,0.0
975,975,2924.246709504589,2.924246709504589,Sector 2,355.53838507801765,0.0,0,0.1,2718646.5936513287,5848871.805625858,POINT (2718646.5936513287 5848871.805625858),24.422017871964623,46.42594422555611,0.0,0.0,1.0,0.0
976,976,2927.246709505202,2.927246709505202,Sector 2,358.0478556145292,0.0,0,0.1,2718646.702939277,5848869.290579764,POINT (2718646.702939277 5848869.290579764),24.42201885371497,46.42592865235973,0.0,0.0,1.0,0.0
977,977,2930.241620298476,2.930241620298476,Sector 2,2.487044052316776,0.0,0,0.1,2718646.7791131036,5848866.778820208,POINT (2718646.7791131036 5848866.778820208),24.422019537996096,46.42591309950919,0.0,0.0,1.0,0.0
978,978,2933.2416202984764,2.9332416202984763,Sector 2,2.4870440533914007,0.0,0,0.1,2718646.8554163715,5848864.262792457,POINT (2718646.8554163715 5848864.262792457),24.42202022344001,46.425897520225476,0.0,0.0,1.0,0.0
979,979,2936.241620298477,2.936241620298477,Sector 2,2.4870440514858387,0.0,0,0.1,2718646.9317196393,5848861.7467647055,POINT (2718646.9317196393 5848861.7467647055),24.42202090888393,46.42588194093731,0.0,0.0,1.0,0.0
980,980,2939.2416202984773,2.939241620298477,Sector 2,2.487044060167648,0.0,0,0.1,2718647.0080229077,5848859.230736954,POINT (2718647.0080229077 5848859.230736954),24.422021594327852,46.425866361644694,0.0,0.0,1.0,0.0
981,981,2942.2416202984778,2.9422416202984776,Sector 2,2.487044059113657,-18.82433026602568,0,0.1,2718647.0843261755,5848856.714709203,POINT (2718647.0843261755 5848856.714709203),24.422022279771767,46.425850782347624,0.0,0.0,1.0,0.0
982,982,2945.241620298498,2.945241620298498,Sector 2,2.487044053007025,0.0,0,0.1,2718647.1606294434,5848854.198681451,POINT (2718647.1606294434 5848854.198681451),24.422022965215685,46.4258352030461,0.0,0.0,1.0,0.0
983,983,2948.2416202984987,2.9482416202984987,Sector 2,2.487044053656064,0.0,0,0.1,2718647.236932711,5848851.6826537,POINT (2718647.236932711 5848851.6826537),24.422023650659604,46.425819623740125,0.0,0.0,1.0,0.0
984,984,2951.241620298499,2.9512416202984992,Sector 2,2.487044052176429,0.0,0,0.1,2718647.297377885,5848849.165632843,POINT (2718647.297377885 5848849.165632843),24.422024193647836,46.42580403828036,0.0,0.0,1.0,0.0
985,985,2954.2416202985,2.9542416202985,Sector 2,3.651961757656636,0.0,0,0.1,2718647.3471672037,5848846.647944668,POINT (2718647.3471672037 5848846.647944668),24.4220246409129,46.42578844868409,0.0,0.0,1.0,0.0
986,986,2957.2401526136227,2.9572401526136227,Sector 2,6.409356697511953,0.0,0,0.1,2718647.3969321647,5848844.131488218,POINT (2718647.3969321647 5848844.131488218),24.42202508795915,46.42577286671023,0.0,0.0,1.0,0.0
987,987,2960.2401526131766,2.9602401526131765,Sector 2,6.4093567126801645,0.0,0,0.1,2718647.4467214835,5848841.613800043,POINT (2718647.4467214835 5848841.613800043),24.422025535224208,46.42575727710505,0.0,0.0,1.0,0.0
988,988,2963.240152613708,2.963240152613708,Sector 2,6.409356717842911,0.0,0,0.1,2718647.4965108023,5848839.0961118685,POINT (2718647.4965108023 5848839.0961118685),24.42202598248927,46.42574168749541,0.0,0.0,1.0,0.0
989,989,2966.240152613313,2.966240152613313,Sector 2,6.409356707227516,0.0,0,0.1,2718647.5463001216,5848836.578423694,POINT (2718647.5463001216 5848836.578423694),24.422026429754336,46.4257260978813,0.0,0.0,1.0,0.0
990,990,2969.2401526129192,2.9692401526129197,Sector 2,6.409356708009511,0.0,0,0.1,2718647.5960894404,5848834.060735519,POINT (2718647.5960894404 5848834.060735519),24.422026877019395,46.42571050826274,0.0,0.0,1.0,0.0
991,991,2972.2401526134504,2.9722401526134505,Sector 2,6.40935669410851,0.0,0,0.1,2718647.5697722305,5848831.543052704,POINT (2718647.5697722305 5848831.543052704),24.422026640607875,46.42569491867291,0.0,0.0,1.0,0.0
992,992,2975.2401526130043,2.9752401526130043,Sector 2,20.627705770448244,0.0,0,0.1,2718647.5244575627,5848829.0253712265,POINT (2718647.5244575627 5848829.0253712265),24.422026233539288,46.4256793290869,0.0,0.0,1.0,0.0
993,993,2978.2316195753374,2.9782316195753373,Sector 2,21.936197008890247,0.0,0,0.1,2718647.479271786,5848826.514850905,POINT (2718647.479271786 5848826.514850905),24.42202582762855,46.42566378383862,0.0,0.0,1.0,0.0
994,994,2981.23161957538,2.98123161957538,Sector 2,21.936197007160217,0.0,0,0.1,2718647.433957118,5848823.997169428,POINT (2718647.433957118 5848823.997169428),24.422025420559965,46.42564819424371,0.0,0.0,1.0,0.0
995,995,2984.231619575423,2.984231619575423,Sector 2,21.93619700909568,0.0,0,0.1,2718647.38864245,5848821.479487951,POINT (2718647.38864245 5848821.479487951),24.42202501349137,46.42563260464435,0.0,0.0,1.0,0.0
996,996,2987.2316195754656,2.9872316195754656,Sector 2,21.932526203191003,-12.433055748167426,0,0.1,2718647.343327782,5848818.961806473,POINT (2718647.343327782 5848818.961806473),24.422024606422784,46.425617015040515,0.0,0.0,1.0,0.0
997,997,2990.2316195184453,2.990231619518445,Sector 2,21.89855151242637,0.0,0,0.1,2718647.2980131153,5848816.444125044,POINT (2718647.2980131153 5848816.444125044),24.422024199354208,46.425601425432525,0.0,0.0,1.0,0.0
998,998,2993.231619517637,2.9932316195176374,Sector 2,21.898551508956416,0.0,0,0.1,2718647.252698448,5848813.926443567,POINT (2718647.252698448 5848813.926443567),24.422023792285625,46.42558583581978,0.0,0.0,1.0,0.0
999,999,2996.231619517693,2.996231619517693,Sector 2,21.89855151332347,0.0,0,0.1,2718647.2002779176,5848811.409069208,POINT (2718647.2002779176 5848811.409069208),24.42202332138399,46.42557024810428,0.0,0.0,1.0,0.0
1000,1000,2999.231619517749,2.999231619517749,Sector 2,21.89855153808344,0.0,0,0.1,2718647.1285396623,5848808.892529774,POINT (2718647.1285396623 5848808.892529774),24.42202267694828,46.42555466555421,0.0,0.0,1.0,0.0
1001,1001,3002.2316195179787,3.002231619517979,Sector 2,25.48386162818417,0.0,0,0.1,2718647.0568014067,5848806.37599034,POINT (2718647.0568014067 5848806.37599034),24.42202203251256,46.425539082999684,0.0,0.0,1.0,0.0
1002,1002,3005.222489451644,3.005222489451644,Sector 2,31.05928421684081,0.0,0,0.1,2718646.9852814763,5848803.867109629,POINT (2718646.9852814763 5848803.867109629),24.422021390038097,46.42552354786399,0.0,0.0,1.0,0.0
1003,1003,3008.222489451608,3.008222489451608,Sector 2,31.059284220265116,0.0,0,0.1,2718646.913543221,5848801.350570194,POINT (2718646.913543221 5848801.350570194),24.422020745602385,46.42550796530057,0.0,0.0,1.0,0.0
1004,1004,3011.222489451572,3.011222489451572,Sector 2,31.059284191126267,0.0,0,0.1,2718646.841804966,5848798.83403076,POINT (2718646.841804966 5848798.83403076),24.422020101166677,46.4254923827327,0.0,0.0,1.0,0.0
1005,1005,3014.2224894523342,3.0142224894523344,Sector 2,31.059284219860277,0.0,0,0.1,2718646.533200522,5848796.346859299,POINT (2718646.533200522 5848796.346859299),24.422017328925786,46.42547698200876,0.0,0.0,1.0,0.0
1006,1006,3017.2224894522983,3.017222489452298,Sector 2,31.05928422255448,0.0,0,0.1,2718646.001829106,5848793.887307712,POINT (2718646.001829106 5848793.887307712),24.42201255553514,46.425461752304564,0.0,0.0,1.0,0.0
1007,1007,3020.2224894522624,3.0202224894522622,Sector 2,31.05928423104143,0.0,0,0.1,2718645.470457691,5848791.427756125,POINT (2718645.470457691 5848791.427756125),24.422007782144505,46.42544652259611,0.0,0.0,1.0,0.0
1008,1008,3023.2224894522265,3.0232224894522264,Sector 2,34.39116648752292,4.815731818001046,0,0.1,2718644.9390862747,5848788.968204539,POINT (2718644.9390862747 5848788.968204539),24.422003008753858,46.4254312928834,0.0,0.0,1.0,0.0
1009,1009,3026.217729763715,3.0262177297637147,Sector 2,37.51837718140109,0.0,0,0.1,2718644.4085579133,5848786.512555186,POINT (2718644.4085579133 5848786.512555186),24.421998242936503,46.425416087329346,0.0,0.0,1.0,0.0
1010,1010,3029.2177297635376,3.0292177297635376,Sector 2,37.518377198430585,0.0,0,0.1,2718643.877186498,5848784.0530036,POINT (2718643.877186498 5848784.0530036),24.421993469545864,46.42540085760814,0.0,0.0,1.0,0.0
1011,1011,3032.2177297640987,3.032217729764098,Sector 2,37.51837718619606,0.0,0,0.1,2718643.345815082,5848781.593452013,POINT (2718643.345815082 5848781.593452013),24.421988696155218,46.42538562788267,0.0,0.0,1.0,0.0
1012,1012,3035.2177297639214,3.0352177297639216,Sector 2,37.51837718591224,0.0,0,0.1,2718642.7890560348,5848779.13768143,POINT (2718642.7890560348 5848779.13768143),24.4219836947036,46.42537042156522,0.0,0.0,1.0,0.0
1013,1013,3038.217729763744,3.038217729763744,Sector 2,37.51837721672848,-22.968596885563795,0,0.1,2718642.231946611,5848776.68196303,POINT (2718642.231946611 5848776.68196303),24.421978690104496,46.42535521556664,0.0,0.0,1.0,0.0
1014,1014,3041.2177297635667,3.0412177297635665,Sector 2,37.5183771740065,0.0,0,0.1,2718641.6748371874,5848774.226244629,POINT (2718641.6748371874 5848774.226244629),24.421973685505396,46.425340009563826,0.0,0.0,1.0,0.0
1015,1015,3044.217729764128,3.044217729764128,Sector 2,44.55052599407014,0.0,0,0.1,2718641.117727763,5848771.770526229,POINT (2718641.117727763 5848771.770526229),24.42196868090629,46.42532480355676,0.0,0.0,1.0,0.0
1016,1016,3047.2068020957327,3.0472068020957326,Sector 2,47.95234951414176,0.0,0,0.1,2718640.5626476416,5848769.323752921,POINT (2718640.5626476416 5848769.323752921),24.421963694536718,46.42530965293422,0.0,0.0,1.0,0.0
1017,1017,3050.206802095767,3.0502068020957678,Sector 2,47.95234954242733,0.0,0,0.1,2718640.0055382177,5848766.868034521,POINT (2718640.0055382177 5848766.868034521),24.42195868993761,46.425294446918684,0.0,0.0,1.0,0.0
1018,1018,3053.206802095456,3.053206802095456,Sector 2,47.95234950336942,0.0,0,0.1,2718639.448428794,5848764.41231612,POINT (2718639.448428794 5848764.41231612),24.42195368533851,46.42527924089891,0.0,0.0,1.0,0.0
1019,1019,3056.2068020954907,3.056206802095491,Sector 2,47.95234955351259,0.0,0,0.1,2718638.89131937,5848761.956597719,POINT (2718638.89131937 5848761.956597719),24.421948680739405,46.42526403487491,0.0,0.0,1.0,0.0
1020,1020,3059.2068020955253,3.059206802095525,Sector 2,47.95234952174064,0.0,0,0.1,2718638.3342099464,5848759.500879319,POINT (2718638.3342099464 5848759.500879319),24.4219436761403,46.42524882884664,0.0,0.0,1.0,0.0
1021,1021,3062.206802095838,3.062206802095838,Sector 2,47.95234952816958,0.0,0,0.1,2718637.777100522,5848757.0451609185,POINT (2718637.777100522 5848757.0451609185),24.421938671541195,46.42523362281415,0.0,0.0,1.0,0.0
1022,1022,3065.2068020958727,3.0652068020958727,Sector 2,47.95234950368365,0.0,0,0.1,2718637.2199910986,5848754.589442519,POINT (2718637.2199910986 5848754.589442519),24.421933666942095,46.42521841677741,0.0,0.0,1.0,0.0
1023,1023,3068.2068020955617,3.068206802095561,Sector 2,47.95234953925592,0.0,0,0.1,2718636.6622607866,5848752.133857648,POINT (2718636.6622607866 5848752.133857648),24.42192865676546,46.42520321156326,0.0,0.0,1.0,0.0
1024,1024,3071.206802095596,3.0712068020955963,Sector 2,47.95234952934186,-3.996470457534013,0,0.1,2718636.0992212766,5848749.679414592,POINT (2718636.0992212766 5848749.679414592),24.421923598895486,46.4251880134151,0.0,0.0,1.0,0.0
1025,1025,3074.206802095285,3.074206802095285,Sector 2,47.952349492056726,0.0,0,0.1,2718635.5361817665,5848747.224971535,POINT (2718635.5361817665 5848747.224971535),24.42191854102551,46.4251728152627,0.0,0.0,1.0,0.0
1026,1026,3077.206802095944,3.077206802095944,Sector 2,47.952349540429054,0.0,0,0.1,2718634.973142256,5848744.770528477,POINT (2718634.973142256 5848744.770528477),24.42191348315553,46.425157617106045,0.0,0.0,1.0,0.0
1027,1027,3080.2068020956326,3.0802068020956326,Sector 2,47.95234952500152,0.0,0,0.1,2718634.4101027464,5848742.316085421,POINT (2718634.4101027464 5848742.316085421),24.42190842528556,46.42514241894517,0.0,0.0,1.0,0.0
1028,1028,3083.206802095667,3.0832068020956678,Sector 2,47.9523495296595,0.0,0,0.1,2718633.847063236,5848739.8616423635,POINT (2718633.847063236 5848739.8616423635),24.42190336741558,46.42512722078005,0.0,0.0,1.0,0.0
1029,1029,3086.206802095356,3.086206802095356,Sector 2,47.95234952880378,0.0,0,0.1,2718633.284023726,5848737.407199306,POINT (2718633.284023726 5848737.407199306),24.421898309545607,46.42511202261069,0.0,0.0,1.0,0.0
1030,1030,3089.2068020953907,3.089206802095391,Sector 2,47.95234950156208,0.0,0,0.1,2718632.7209842154,5848734.95275625,POINT (2718632.7209842154 5848734.95275625),24.42189325167563,46.425096824437105,0.0,0.0,1.0,0.0
1031,1031,3092.206802096049,3.092206802096049,Sector 2,47.95234952079204,0.0,0,0.1,2718632.1579447053,5848732.498313192,POINT (2718632.1579447053 5848732.498313192),24.421888193805653,46.42508162625927,0.0,0.0,1.0,0.0
1032,1032,3095.206802095738,3.095206802095738,Sector 2,47.95234951265098,0.0,0,0.1,2718631.594905195,5848730.043870136,POINT (2718631.594905195 5848730.043870136),24.421883135935676,46.4250664280772,0.0,0.0,1.0,0.0
1033,1033,3098.2068020957727,3.0982068020957727,Sector 2,47.95234953916702,0.0,0,0.1,2718631.031865685,5848727.589427079,POINT (2718631.031865685 5848727.589427079),24.421878078065703,46.425051229890904,0.0,0.0,1.0,0.0
1034,1034,3101.2068020954616,3.101206802095461,Sector 2,47.95234954559783,0.0,0,0.1,2718630.4688261743,5848725.134984023,POINT (2718630.4688261743 5848725.134984023),24.421873020195722,46.425036031700365,0.0,0.0,1.0,0.0
1035,1035,3104.206802095496,3.1042068020954963,Sector 2,47.95234950654213,-18.90939928066193,0,0.1,2718629.905786664,5848722.680540966,POINT (2718629.905786664 5848722.680540966),24.42186796232575,46.42502083350559,0.0,0.0,1.0,0.0
1036,1036,3107.206802095809,3.107206802095809,Sector 2,47.952349527544754,0.0,0,0.1,2718629.3427471537,5848720.226097908,POINT (2718629.3427471537 5848720.226097908),24.42186290445577,46.42500563530657,0.0,0.0,1.0,0.0
1037,1037,3110.206802095844,3.110206802095844,Sector 2,47.95234953220404,-7.817750049705772,0,0.1,2718628.7797076437,5848717.771654852,POINT (2718628.7797076437 5848717.771654852),24.421857846585795,46.42499043710332,0.0,0.0,1.0,0.0
1038,1038,3113.206802095533,3.113206802095533,Sector 2,47.95234953863536,0.0,0,0.1,2718628.2166681336,5848715.317211795,POINT (2718628.2166681336 5848715.317211795),24.42185278871582,46.42497523889583,0.0,0.0,1.0,0.0
1039,1039,3116.206802095567,3.1162068020955678,Sector 2,47.95234951139486,0.0,0,0.1,2718627.6536286236,5848712.862768738,POINT (2718627.6536286236 5848712.862768738),24.421847730845847,46.424960040684105,0.0,0.0,1.0,0.0
1040,1040,3119.2068020956017,3.1192068020956016,Sector 2,47.95234950148301,0.0,0,0.1,2718627.0905891135,5848710.4083256805,POINT (2718627.0905891135 5848710.4083256805),24.421842672975874,46.424944842468136,0.0,0.0,1.0,0.0
1041,1041,3122.2068020959146,3.1222068020959144,Sector 2,47.95234951520053,0.0,0,0.1,2718626.527549603,5848707.953882623,POINT (2718626.527549603 5848707.953882623),24.421837615105897,46.42492964424793,0.0,0.0,1.0,0.0
1042,1042,3125.206802095949,3.125206802095949,Sector 2,47.95234954171792,0.0,0,0.1,2718625.964510093,5848705.499439566,POINT (2718625.964510093 5848705.499439566),24.42183255723592,46.42491444602349,0.0,0.0,1.0,0.0
1043,1043,3128.206802095638,3.128206802095638,Sector 2,47.9523495335784,0.0,0,0.1,2718625.4014705825,5848703.044996509,POINT (2718625.4014705825 5848703.044996509),24.421827499365943,46.42489924779482,0.0,0.0,1.0,0.0
1044,1044,3131.2068020956726,3.1312068020956727,Sector 2,47.95234953095292,0.0,0,0.1,2718624.8384310724,5848700.590553452,POINT (2718624.8384310724 5848700.590553452),24.42182244149597,46.42488404956191,0.0,0.0,1.0,0.0
1045,1045,3134.2068020953616,3.134206802095361,Sector 2,47.95234952281362,0.0,0,0.1,2718624.275391562,5848698.136110396,POINT (2718624.275391562 5848698.136110396),24.42181738362599,46.42486885132477,0.0,0.0,1.0,0.0
1046,1046,3137.206802095396,3.1372068020953963,Sector 2,47.95234950561678,0.0,0,0.1,2718623.712352052,5848695.681667339,POINT (2718623.712352052 5848695.681667339),24.421812325756015,46.424853653083375,0.0,0.0,1.0,0.0
1047,1047,3140.206802095709,3.140206802095709,Sector 2,47.95234954119263,0.0,0,0.1,2718623.1493125414,5848693.227224282,POINT (2718623.1493125414 5848693.227224282),24.421807267886038,46.424838454837754,0.0,0.0,1.0,0.0
1048,1048,3143.206802095744,3.143206802095744,Sector 2,47.95234953305373,0.0,0,0.1,2718622.5862730313,5848690.772781225,POINT (2718622.5862730313 5848690.772781225),24.42180221001606,46.4248232565879,0.0,0.0,1.0,0.0
1049,1049,3146.206802095778,3.146206802095778,Sector 2,47.95234951408548,0.0,0,0.1,2718622.0232335217,5848688.318338168,POINT (2718622.0232335217 5848688.318338168),24.421797152146095,46.42480805833379,0.0,0.0,1.0,0.0
1050,1050,3149.206802095467,3.149206802095467,Sector 2,47.95234954414781,0.0,0,0.1,2718621.460194011,5848685.863895111,POINT (2718621.460194011 5848685.863895111),24.421792094276114,46.424792860075456,0.0,0.0,1.0,0.0
1051,1051,3152.2068020955016,3.1522068020955016,Sector 2,47.95234949603662,-3.775427529298012,0,0.1,2718620.897154501,5848683.409452055,POINT (2718620.897154501 5848683.409452055),24.42178703640614,46.42477766181289,0.0,0.0,1.0,0.0
1052,1052,3155.2068020958145,3.1552068020958144,Sector 2,47.952349526099226,0.0,0,0.1,2718620.3341149907,5848680.955008997,POINT (2718620.3341149907 5848680.955008997),24.42178197853616,46.424762463546074,0.0,0.0,1.0,0.0
1053,1053,3158.206802095849,3.158206802095849,Sector 2,47.95234953627471,0.0,0,0.1,2718619.6814137767,5848678.52473954,POINT (2718619.6814137767 5848678.52473954),24.421776115221395,46.42474741496152,0.0,0.0,1.0,0.0
1054,1054,3161.206802095538,3.161206802095538,Sector 2,47.95234952990859,0.0,0,0.1,2718618.953436116,5848676.114765288,POINT (2718618.953436116 5848676.114765288),24.42176957568681,46.42473249204375,0.0,0.0,1.0,0.0
1055,1055,3164.2068020955726,3.1642068020955727,Sector 2,47.95234952551277,0.0,0,0.1,2718618.225458456,5848673.7047910355,POINT (2718618.225458456 5848673.7047910355),24.42176303615222,46.42471756912189,0.0,0.0,1.0,0.0
1056,1056,3167.206802095261,3.167206802095261,Sector 2,47.95234949728945,0.0,0,0.1,2718617.3668538965,5848671.367468797,POINT (2718617.3668538965 5848671.367468797),24.42175532317623,46.42470309606829,0.0,0.0,1.0,0.0
1057,1057,3170.20680209592,3.17020680209592,Sector 2,47.9523495220372,0.0,0,0.1,2718615.811181914,5848669.4147231765,POINT (2718615.811181914 5848669.4147231765),24.421741348337044,46.42469100436846,0.0,0.0,1.0,0.0
1058,1058,3173.206802095609,3.173206802095609,Sector 2,47.952349537529074,-26.323480635245613,0,0.1,2718614.218206361,5848667.4749390725,POINT (2718614.218206361 5848667.4749390725),24.421727038394174,46.424678992925664,0.0,0.0,1.0,0.0
1059,1059,3176.2068020956435,3.1762068020956438,Sector 2,47.952349527619845,0.0,0,0.1,2718612.625230808,5848665.535154969,POINT (2718612.625230808 5848665.535154969),24.42171272845131,46.424666981480236,0.0,0.0,1.0,0.0
1060,1060,3179.206802095678,3.179206802095678,Sector 2,47.952349510425,0.0,0,0.1,2718610.9851969113,5848663.646163041,POINT (2718610.9851969113 5848663.646163041),24.421697995776153,46.42465528454532,0.0,0.0,1.0,0.0
1061,1061,3182.206802095367,3.182206802095367,Sector 2,47.95234953871704,0.0,0,0.1,2718608.9958388833,5848662.111911526,POINT (2718608.9958388833 5848662.111911526),24.42168012506893,46.42464578421694,0.0,0.0,1.0,0.0
1062,1062,3185.206802096025,3.1852068020960256,Sector 2,47.95234951423663,0.0,0,0.1,2718606.9968940844,5848660.5844348585,POINT (2718606.9968940844 5848660.5844348585),24.421662168242282,46.42463632583786,0.0,0.0,1.0,0.0
1063,1063,3188.2068020957145,3.1882068020957144,Sector 2,48.07567457439825,0.0,0,0.1,2718604.997949286,5848659.056958192,POINT (2718604.997949286 5848659.056958192),24.421644211415636,46.42462686745714,0.0,0.0,1.0,0.0
1064,1064,3191.206771169644,3.191206771169644,Sector 2,48.62448831146207,0.0,0,0.1,2718602.999025094,5848657.5294972705,POINT (2718602.999025094 5848657.5294972705),24.4216262547741,46.42461740917227,0.0,0.0,1.0,0.0
1065,1065,3194.206771170047,3.194206771170047,Sector 2,48.62448834426016,2.0938045020341414,0,0.1,2718601.000080295,5848656.002020604,POINT (2718601.000080295 5848656.002020604),24.421608297947454,46.42460795078827,0.0,0.0,1.0,0.0
1066,1066,3197.206771169834,3.197206771169834,Sector 2,48.62448830343425,0.0,0,0.1,2718598.9758549184,5848654.507198142,POINT (2718598.9758549184 5848654.507198142),24.42159011402151,46.42459869460283,0.0,0.0,1.0,0.0
1067,1067,3200.2067711696213,3.200206771169621,Sector 2,48.624488305206114,0.0,0,0.1,2718596.812747863,5848653.292092852,POINT (2718596.812747863 5848653.292092852),24.42157068250022,46.424591170470755,0.0,0.0,1.0,0.0
1068,1068,3203.206771170024,3.203206771170024,Sector 2,48.62448830276935,0.0,0,0.1,2718594.402075091,5848652.594788208,POINT (2718594.402075091 5848652.594788208),24.42154902705826,46.42458685264509,0.0,0.0,1.0,0.0
1069,1069,3206.2067711698114,3.2062067711698115,Sector 2,48.62448832820559,0.0,0,0.1,2718591.9914023187,5848651.897483564,POINT (2718591.9914023187 5848651.897483564),24.421527371616296,46.42458253481908,0.0,0.0,1.0,0.0
1070,1070,3209.2067711695986,3.2092067711695984,Sector 2,48.624488300528185,0.0,0,0.1,2718589.580729547,5848651.200178919,POINT (2718589.580729547 5848651.200178919),24.421505716174334,46.42457821699273,0.0,0.0,1.0,0.0
1071,1071,3212.2067711696523,3.2122067711696523,Sector 2,48.624488286259805,0.0,0,0.1,2718587.170056775,5848650.502874275,POINT (2718587.170056775 5848650.502874275),24.42148406073238,46.42457389916604,0.0,0.0,1.0,0.0
1072,1072,3215.2067711694394,3.21520677116944,Sector 2,48.624488316166094,0.0,0,0.1,2718584.7228624914,5848649.9584641,POINT (2718584.7228624914 5848649.9584641),24.421462077212094,46.424570528087166,0.0,0.0,1.0,0.0
1073,1073,3218.2067711692266,3.2182067711692266,Sector 2,48.62448829742834,0.0,0,0.1,2718582.205430291,5848649.938918368,POINT (2718582.205430291 5848649.938918368),24.42143946273387,46.42457040705673,0.0,0.0,1.0,0.0
1074,1074,3221.206771169629,3.221206771169629,Sector 2,48.624488325758136,0.0,0,0.1,2718579.687998091,5848649.919372636,POINT (2718579.687998091 5848649.919372636),24.421416848255646,46.424570286026274,0.0,0.0,1.0,0.0
1075,1075,3224.2067711694167,3.224206771169417,Sector 2,48.62448831149027,0.0,0,0.1,2718577.17056589,5848649.899826903,POINT (2718577.17056589 5848649.899826903),24.42139423377742,46.42457016499583,0.0,0.0,1.0,0.0
1076,1076,3227.206771169204,3.227206771169204,Sector 2,48.6244882853905,0.0,0,0.1,2718574.65313369,5848649.880281171,POINT (2718574.65313369 5848649.880281171),24.4213716192992,46.42457004396538,0.0,0.0,1.0,0.0
1077,1077,3230.206771169607,3.2302067711696067,Sector 2,48.62448831819029,0.0,0,0.1,2718572.1367801195,5848649.876877806,POINT (2718572.1367801195 5848649.876877806),24.421349014510476,46.424570022891174,0.0,0.0,1.0,0.0
1078,1078,3233.206771169394,3.233206771169394,Sector 2,48.6244882920908,0.0,0,0.1,2718569.6988959247,5848650.351343494,POINT (2718569.6988959247 5848650.351343494),24.421327114624145,46.424572960862115,0.0,0.0,1.0,0.0
1079,1079,3236.206771169797,3.236206771169797,Sector 2,48.62448830122679,-0.4703435814211714,0,0.1,2718567.324260948,5848651.182856099,POINT (2718567.324260948 5848651.182856099),24.421305782915205,46.42457810972694,0.0,0.0,1.0,0.0
1080,1080,3239.206771169584,3.239206771169584,Sector 2,48.62448832087898,-28.11793548205111,0,0.1,2718564.9496259717,5848652.014368704,POINT (2718564.9496259717 5848652.014368704),24.421284451206272,46.42458325859128,0.0,0.0,1.0,0.0
1081,1081,3242.206771169371,3.2422067711693714,Sector 2,48.624488282947766,0.0,0,0.1,2718562.574990995,5848652.845881308,POINT (2718562.574990995 5848652.845881308),24.421263119497336,46.42458840745513,0.0,0.0,1.0,0.0
1082,1082,3245.206771169774,3.2452067711697743,Sector 2,48.624488342305256,0.0,0,0.1,2718560.230139195,5848653.735691081,POINT (2718560.230139195 5848653.735691081),24.421242055335224,46.424593917304165,0.0,0.0,1.0,0.0
1083,1083,3248.2067711695613,3.248206771169561,Sector 2,48.62448829701191,0.0,0,0.1,2718558.1175555796,5848655.091882778,POINT (2718558.1175555796 5848655.091882778),24.42122307767372,46.42460231506602,0.0,0.0,1.0,0.0
1084,1084,3251.2067711693485,3.2512067711693486,Sector 2,48.624488290107706,0.0,0,0.1,2718556.0115334913,5848656.467524874,POINT (2718556.0115334913 5848656.467524874),24.421204158955412,46.42461083326662,0.0,0.0,1.0,0.0
1085,1085,3254.2067711697514,3.2542067711697515,Sector 2,48.62448833763358,0.0,0,0.1,2718553.905511402,5848657.84316697,POINT (2718553.905511402 5848657.84316697),24.421185240237097,46.42461935146587,0.0,0.0,1.0,0.0
1086,1086,3257.2067711695386,3.2572067711695385,Sector 2,48.62448832179041,0.0,0,0.1,2718551.820226733,5848659.253959358,POINT (2718551.820226733 5848659.253959358),24.4211665078062,46.42462808732008,0.0,0.0,1.0,0.0
1087,1087,3260.2067711693257,3.260206771169326,Sector 2,48.62448827071188,0.0,0,0.1,2718549.738063187,5848660.670042101,POINT (2718549.738063187 5848660.670042101),24.421147803412822,46.4246368559316,0.0,0.0,1.0,0.0
1088,1088,3263.2067711697287,3.263206771169729,Sector 2,46.63354175921359,0.0,0,0.1,2718547.976153033,5848662.452171677,POINT (2718547.976153033 5848662.452171677),24.421131975904615,46.424647891161825,0.0,0.0,1.0,0.0
1089,1089,3266.205647247243,3.266205647247243,Sector 2,45.39801661227125,0.0,0,0.1,2718546.2816673014,5848664.310404745,POINT (2718546.2816673014 5848664.310404745),24.421116754080305,46.424659397634635,0.0,0.0,1.0,0.0
1090,1090,3269.205647246603,3.269205647246603,Sector 2,45.39801658709348,0.0,0,0.1,2718544.5969170053,5848666.181497723,POINT (2718544.5969170053 5848666.181497723),24.421101619710893,46.42467098373557,0.0,0.0,1.0,0.0
1091,1091,3272.205647246948,3.272205647246948,Sector 2,45.39801664798284,0.0,0,0.1,2718543.013841679,5848668.121444083,POINT (2718543.013841679 5848668.121444083),24.42108739870328,46.42468299618484,0.0,0.0,1.0,0.0
1092,1092,3275.2056472469617,3.275205647246961,Sector 2,45.39801660408574,0.0,0,0.1,2718541.883970785,5848670.370364545,POINT (2718541.883970785 5848670.370364545),24.421077248900346,46.42469692184645,0.0,0.0,1.0,0.0
1093,1093,3278.205647247307,3.2782056472473067,Sector 2,45.39801661132685,10.830089320718557,0,0.1,2718540.761431535,5848672.624499535,POINT (2718540.761431535 5848672.624499535),24.421067164958693,46.42471087979365,0.0,0.0,1.0,0.0
1094,1094,3281.2056472466666,3.2812056472466664,Sector 2,45.3980166140928,0.0,0,0.1,2718539.638892286,5848674.878634525,POINT (2718539.638892286 5848674.878634525),24.42105708101705,46.424724837737266,0.0,0.0,1.0,0.0
1095,1095,3284.205647247012,3.284205647247012,Sector 2,45.39801659339111,0.0,0,0.1,2718538.516353036,5848677.132769515,POINT (2718538.516353036 5848677.132769515),24.421046997075393,46.424738795677314,0.0,0.0,1.0,0.0
1096,1096,3287.2056472470254,3.287205647247025,Sector 2,45.398016628848666,0.0,0,0.1,2718537.576778026,5848679.463953382,POINT (2718537.576778026 5848679.463953382),24.421038556729474,46.42475323071174,0.0,0.0,1.0,0.0
1097,1097,3290.2056472467166,3.2902056472467165,Sector 2,45.398016598651,0.0,0,0.1,2718536.759960657,5848681.845185166,POINT (2718536.759960657 5848681.845185166),24.421031219134207,46.424767975646304,0.0,0.0,1.0,0.0
1098,1098,3293.20564724673,3.2932056472467304,Sector 2,45.398016613151526,0.0,0,0.1,2718535.9509360567,5848684.2293372825,POINT (2718535.9509360567 5848684.2293372825),24.421023951542573,46.42478273866,0.0,0.0,1.0,0.0
1099,1099,3296.2056472470754,3.2962056472470755,Sector 2,45.39801658546463,0.0,0,0.1,2718535.141911457,5848686.613489399,POINT (2718535.141911457 5848686.613489399),24.421016683950935,46.42479750166969,0.0,0.0,1.0,0.0
1100,1100,3299.205647247089,3.299205647247089,Sector 2,45.39801664188019,0.0,0,0.1,2718534.332886857,5848688.997641516,POINT (2718534.332886857 5848688.997641516),24.421009416359304,46.4248122646754,0.0,0.0,1.0,0.0
1101,1101,3302.20564724678,3.3022056472467805,Sector 2,44.11276743997036,0.0,0,0.1,2718533.5238622567,5848691.381793632,POINT (2718533.5238622567 5848691.381793632),24.42100214876767,46.42482702767709,0.0,0.0,1.0,0.0
1102,1102,3305.204541532752,3.305204541532752,Sector 2,42.22984583011123,-24.27984977584616,0,0.1,2718532.71513584,5848693.765067019,POINT (2718532.71513584 5848693.765067019),24.420994883854657,46.424841785233575,0.0,0.0,1.0,0.0
1103,1103,3308.204541532839,3.308204541532839,Sector 2,42.2298457909302,0.0,0,0.1,2718531.9761247644,5848696.169002094,POINT (2718531.9761247644 5848696.169002094),24.42098824520522,46.42485667072604,0.0,0.0,1.0,0.0
1104,1104,3311.2045415322364,3.3112045415322364,Sector 2,42.22984582269993,0.0,0,0.1,2718531.4222369087,5848698.625245424,POINT (2718531.4222369087 5848698.625245424),24.420983269545953,46.42487188011412,0.0,0.0,1.0,0.0
1105,1105,3314.204541532323,3.314204541532323,Sector 2,42.22984582491756,0.0,0,0.1,2718530.8683490525,5848701.081488755,POINT (2718530.8683490525 5848701.081488755),24.420978293886684,46.42488708949794,0.0,0.0,1.0,0.0
1106,1106,3317.2045415327234,3.317204541532724,Sector 2,42.2298457939188,0.0,0,0.1,2718530.3144611963,5848703.537732085,POINT (2718530.3144611963 5848703.537732085),24.420973318227414,46.42490229887755,0.0,0.0,1.0,0.0
1107,1107,3320.2045415328103,3.32020454153281,Sector 2,42.2298458256891,0.0,0,0.1,2718529.76057334,5848705.993975415,POINT (2718529.76057334 5848705.993975415),24.420968342568145,46.42491750825289,0.0,0.0,1.0,0.0
1108,1108,3323.204541532897,3.323204541532897,Sector 2,42.22984580812414,28.74712320930211,0,0.1,2718529.207531006,5848708.450423212,POINT (2718529.207531006 5848708.450423212),24.42096337450433,46.424932718890076,0.0,0.0,1.0,0.0
1109,1109,3326.2045415322946,3.3262045415322947,Sector 2,42.2298457984964,0.0,0,0.1,2718528.6677469485,5848710.910077167,POINT (2718528.6677469485 5848710.910077167),24.420958525541643,46.42494794937594,0.0,0.0,1.0,0.0
1110,1110,3329.2045415323814,3.329204541532381,Sector 2,42.22984582550498,0.0,0,0.1,2718528.1279628915,5848713.369731121,POINT (2718528.1279628915 5848713.369731121),24.420953676578957,46.424963179857556,0.0,0.0,1.0,0.0
1111,1111,3332.2045415327816,3.3322045415327817,Sector 2,42.22984579291966,0.0,0,0.1,2718527.588178834,5848715.829385076,POINT (2718527.588178834 5848715.829385076),24.420948827616265,46.42497841033492,0.0,0.0,1.0,0.0
1112,1112,3335.2045415328685,3.3352045415328684,Sector 2,41.95572044706472,0.0,0,0.1,2718527.048394777,5848718.289039031,POINT (2718527.048394777 5848718.289039031),24.42094397865358,46.424993640808026,0.0,0.0,1.0,0.0
1113,1113,3338.2042283622727,3.338204228362273,Sector 2,39.45573351886185,0.0,0,0.1,2718526.5086670676,5848720.748436222,POINT (2718526.5086670676 5848720.748436222),24.420939130197073,46.42500886968697,0.0,0.0,1.0,0.0
1114,1114,3341.2042283628944,3.341204228362894,Sector 2,39.45573354072758,0.0,0,0.1,2718525.9688830106,5848723.208090178,POINT (2718525.9688830106 5848723.208090178),24.420934281234388,46.425024100151575,0.0,0.0,1.0,0.0
1115,1115,3344.2042283627966,3.3442042283627966,Sector 2,39.45573352721124,0.0,0,0.1,2718525.4290989535,5848725.667744133,POINT (2718525.4290989535 5848725.667744133),24.420929432271702,46.42503933061192,0.0,0.0,1.0,0.0
1116,1116,3347.2042283624032,3.3472042283624037,Sector 2,39.45573353457928,0.0,0,0.1,2718524.8893148964,5848728.127398088,POINT (2718524.8893148964 5848728.127398088),24.420924583309016,46.425054561068,0.0,0.0,1.0,0.0
1117,1117,3350.204228362305,3.350204228362305,Sector 2,39.455733505551166,0.0,0,0.1,2718524.349530839,5848730.587052043,POINT (2718524.349530839 5848730.587052043),24.420919734346327,46.42506979151983,0.0,0.0,1.0,0.0
1118,1118,3353.204228362927,3.353204228362927,Sector 2,39.45573353045967,0.0,0,0.1,2718523.809746782,5848733.046705998,POINT (2718523.809746782 5848733.046705998),24.42091488538364,46.42508502196742,0.0,0.0,1.0,0.0
1119,1119,3356.2042283628293,3.356204228362829,Sector 2,39.45573353884225,0.0,0,0.1,2718523.2699627243,5848735.5063599525,POINT (2718523.2699627243 5848735.5063599525),24.42091003642095,46.425100252410736,0.0,0.0,1.0,0.0
1120,1120,3359.204228362436,3.359204228362436,Sector 2,39.45573353374096,0.0,0,0.1,2718522.730178667,5848737.9660139065,POINT (2718522.730178667 5848737.9660139065),24.420905187458267,46.4251154828498,0.0,0.0,1.0,0.0
1121,1121,3362.204228362338,3.362204228362338,Sector 2,39.45573352646079,0.0,0,0.1,2718522.19039461,5848740.4256678615,POINT (2718522.19039461 5848740.4256678615),24.42090033849558,46.42513071328461,0.0,0.0,1.0,0.0
1122,1122,3365.20422836296,3.36520422836296,Sector 2,39.45573351816677,-21.29639358355712,0,0.1,2718521.650610553,5848742.885321817,POINT (2718521.650610553 5848742.885321817),24.420895489532892,46.42514594371517,0.0,0.0,1.0,0.0
1123,1123,3368.2042283625665,3.3682042283625666,Sector 2,39.45573355149031,0.0,0,0.1,2718521.110826496,5848745.344975772,POINT (2718521.110826496 5848745.344975772),24.420890640570207,46.42516117414147,0.0,0.0,1.0,0.0
1124,1124,3371.2042283624687,3.3712042283624686,Sector 2,39.45573352768457,26.96556822396746,0,0.1,2718520.5710424385,5848747.804629727,POINT (2718520.5710424385 5848747.804629727),24.420885791607514,46.425176404563516,0.0,0.0,1.0,0.0
1125,1125,3374.204228362371,3.374204228362371,Sector 2,39.45573352562616,0.0,0,0.1,2718520.0312583814,5848750.264283681,POINT (2718520.0312583814 5848750.264283681),24.420880942644832,46.4251916349813,0.0,0.0,1.0,0.0
1126,1126,3377.2042283629926,3.3772042283629924,Sector 2,39.455733531831015,0.0,0,0.1,2718519.491474324,5848752.723937636,POINT (2718519.491474324 5848752.723937636),24.420876093682143,46.42520686539484,0.0,0.0,1.0,0.0
1127,1127,3380.204228362599,3.380204228362599,Sector 2,39.45573354964324,0.0,0,0.1,2718518.951690267,5848755.183591591,POINT (2718518.951690267 5848755.183591591),24.420871244719454,46.42522209580412,0.0,0.0,1.0,0.0
1128,1128,3383.204228362501,3.383204228362501,Sector 2,39.45573351017498,0.0,0,0.1,2718518.4119062093,5848757.643245546,POINT (2718518.4119062093 5848757.643245546),24.420866395756764,46.42523732620915,0.0,0.0,1.0,0.0
1129,1129,3386.204228362404,3.386204228362404,Sector 2,39.45573351638046,0.0,0,0.1,2718517.8721221522,5848760.102899501,POINT (2718517.8721221522 5848760.102899501),24.420861546794082,46.42525255660992,0.0,0.0,1.0,0.0
1130,1130,3389.2042283627293,3.389204228362729,Sector 2,39.4557335341932,0.0,0,0.1,2718517.3323380947,5848762.562553456,POINT (2718517.3323380947 5848762.562553456),24.42085669783139,46.42526778700644,0.0,0.0,1.0,0.0
1131,1131,3392.2042283626315,3.3922042283626315,Sector 2,39.45573354460606,0.0,0,0.1,2718516.7925540376,5848765.022207411,POINT (2718516.7925540376 5848765.022207411),24.420851848868704,46.4252830173987,0.0,0.0,1.0,0.0
1132,1132,3395.2042283625337,3.395204228362534,Sector 2,39.45573353007882,0.0,0,0.1,2718516.252769981,5848767.481861366,POINT (2718516.252769981 5848767.481861366),24.420846999906022,46.4252982477867,0.0,0.0,1.0,0.0
1133,1133,3398.204228362436,3.398204228362436,Sector 2,35.67096969788588,0.0,0,0.1,2718515.7129859235,5848769.941515321,POINT (2718515.7129859235 5848769.941515321),24.42084215094333,46.42531347817045,0.0,0.0,1.0,0.0
1134,1134,3401.203063108371,3.401203063108371,Sector 2,34.99728436720483,0.0,0,0.1,2718515.173411528,5848772.400213902,POINT (2718515.173411528 5848772.400213902),24.42083730386407,46.42532870263419,0.0,0.0,1.0,0.0
1135,1135,3404.203063108945,3.404203063108945,Sector 2,34.99728435851978,0.0,0,0.1,2718514.630098949,5848774.859084293,POINT (2718514.630098949 5848774.859084293),24.420832423204132,46.425343928157545,0.0,0.0,1.0,0.0
1136,1136,3407.2030631087564,3.4072030631087564,Sector 2,34.99728438905004,0.0,0,0.1,2718514.0853283852,5848777.317630914,POINT (2718514.0853283852 5848777.317630914),24.420827529446893,46.425359151671834,0.0,0.0,1.0,0.0
1137,1137,3410.203063108568,3.410203063108568,Sector 2,34.9972843412383,0.0,0,0.1,2718513.540557821,5848779.776177535,POINT (2718513.540557821 5848779.776177535),24.420822635689646,46.42537437518187,0.0,0.0,1.0,0.0
1138,1138,3413.203063108379,3.413203063108379,Sector 2,34.99728434925976,0.0,0,0.1,2718512.995787257,5848782.234724157,POINT (2718512.995787257 5848782.234724157),24.42081774193241,46.425389598687666,0.0,0.0,1.0,0.0
1139,1139,3416.203063108953,3.416203063108953,Sector 2,34.99728436308476,0.0,0,0.1,2718512.438905685,5848784.6905544605,POINT (2718512.438905685 5848784.6905544605),24.420812739380136,46.42540480536956,0.0,0.0,1.0,0.0
1140,1140,3419.203063108764,3.419203063108764,Sector 2,34.99728435457672,31.5458377127186,0,0.1,2718511.877532413,5848787.145377342,POINT (2718511.877532413 5848787.145377342),24.420807696478235,46.42542000580919,0.0,0.0,1.0,0.0
1141,1141,3422.2030631085754,3.422203063108576,Sector 2,34.99728436259875,-25.10479927449275,0,0.1,2718511.3161591412,5848789.600200223,POINT (2718511.3161591412 5848789.600200223),24.42080265357633,46.42543520624458,0.0,0.0,1.0,0.0
1142,1142,3425.2030631083867,3.4252030631083867,Sector 2,34.99728434828779,0.0,0,0.1,2718510.7547858697,5848792.055023104,POINT (2718510.7547858697 5848792.055023104),24.42079761067443,46.42545040667573,0.0,0.0,1.0,0.0
1143,1143,3428.2030631089606,3.4282030631089606,Sector 2,34.997284350946984,0.0,0,0.1,2718510.1934125978,5848794.509845985,POINT (2718510.1934125978 5848794.509845985),24.420792567772526,46.425465607102645,0.0,0.0,1.0,0.0
1144,1144,3431.203063108772,3.431203063108772,Sector 2,34.99728435914568,0.0,0,0.1,2718509.632039326,5848796.964668866,POINT (2718509.632039326 5848796.964668866),24.420787524870626,46.42548080752532,0.0,0.0,1.0,0.0
1145,1145,3434.203063108583,3.434203063108583,Sector 2,33.49867871957139,0.0,0,0.1,2718509.070666054,5848799.419491747,POINT (2718509.070666054 5848799.419491747),24.420782481968722,46.42549600794375,0.0,0.0,1.0,0.0
1146,1146,3437.201756068515,3.437201756068515,Sector 2,31.589770703870784,0.0,0,0.1,2718508.5095373616,5848801.873245112,POINT (2718508.5095373616 5848801.873245112),24.42077744126392,46.42551120173544,0.0,0.0,1.0,0.0
1147,1147,3440.201756068432,3.440201756068432,Sector 2,31.5897707251753,0.0,0,0.1,2718507.9481640896,5848804.328067994,POINT (2718507.9481640896 5848804.328067994),24.42077239836201,46.4255264021454,0.0,0.0,1.0,0.0
1148,1148,3443.201756068593,3.443201756068593,Sector 2,31.589770698362088,0.0,0,0.1,2718507.3867908176,5848806.782890875,POINT (2718507.3867908176 5848806.782890875),24.42076735546011,46.42554160255113,0.0,0.0,1.0,0.0
1149,1149,3446.201756068754,3.446201756068754,Sector 2,31.58977070752661,0.0,0,0.1,2718506.8254175456,5848809.237713757,POINT (2718506.8254175456 5848809.237713757),24.420762312558207,46.42555680295261,0.0,0.0,1.0,0.0
1150,1150,3449.201756068672,3.449201756068671,Sector 2,31.589770723692084,0.0,0,0.1,2718506.264044274,5848811.692536638,POINT (2718506.264044274 5848811.692536638),24.420757269656306,46.425572003349856,0.0,0.0,1.0,0.0
1151,1151,3452.2017560688323,3.4522017560688325,Sector 2,31.58977069111944,0.0,0,0.1,2718505.7026710017,5848814.147359519,POINT (2718505.7026710017 5848814.147359519),24.4207522267544,46.42558720374286,0.0,0.0,1.0,0.0
1152,1152,3455.201756068749,3.4552017560687496,Sector 2,31.589770716944315,0.0,0,0.1,2718505.14129773,5848816.6021824,POINT (2718505.14129773 5848816.6021824),24.4207471838525,46.42560240413163,0.0,0.0,1.0,0.0
1153,1153,3458.2017560689105,3.4582017560689104,Sector 2,31.589770706171407,0.0,0,0.1,2718504.579924458,5848819.057005282,POINT (2718504.579924458 5848819.057005282),24.4207421409506,46.425617604516155,0.0,0.0,1.0,0.0
1154,1154,3461.201756068828,3.461201756068828,Sector 2,31.589770705678063,0.0,0,0.1,2718504.018551186,5848821.511828164,POINT (2718504.018551186 5848821.511828164),24.420737098048694,46.42563280489645,0.0,0.0,1.0,0.0
1155,1155,3464.2017560689887,3.464201756068989,Sector 2,31.589770705805226,0.0,0,0.1,2718503.457177914,5848823.966651045,POINT (2718503.457177914 5848823.966651045),24.420732055146793,46.425648005272514,0.0,0.0,1.0,0.0
1156,1156,3467.2017560691497,3.4672017560691497,Sector 2,31.589770704071555,0.0,0,0.1,2718502.8958046427,5848826.421473927,POINT (2718502.8958046427 5848826.421473927),24.420727012244896,46.42566320564433,0.0,0.0,1.0,0.0
1157,1157,3470.201756069067,3.470201756069067,Sector 2,28.785389318223796,0.0,0,0.1,2718502.3344313707,5848828.876296808,POINT (2718502.3344313707 5848828.876296808),24.42072196934299,46.4256784060119,0.0,0.0,1.0,0.0
1158,1158,3473.200232774731,3.473200232774731,Sector 2,27.596589803266227,0.0,0,0.1,2718501.7733431445,5848831.329873217,POINT (2718501.7733431445 5848831.329873217),24.420716929001696,46.425693598657034,0.0,0.0,1.0,0.0
1159,1159,3476.20023277414,3.47620023277414,Sector 2,27.596589816330663,-7.216818041450245,0,0.1,2718501.2085264903,5848833.783872846,POINT (2718501.2085264903 5848833.783872846),24.42071185516736,46.425708793918524,0.0,0.0,1.0,0.0
1160,1160,3479.2002327741584,3.4792002327741582,Sector 2,27.596589817207303,9.758086036204018,0,0.1,2718500.601765025,5848836.227844207,POINT (2718500.601765025 5848836.227844207),24.420706404536382,46.42572392708038,0.0,0.0,1.0,0.0
1161,1161,3482.2002327743926,3.4822002327743924,Sector 2,27.596589821181794,0.0,0,0.1,2718499.99500356,5848838.671815567,POINT (2718499.99500356 5848838.671815567),24.420700953905406,46.42573906023803,0.0,0.0,1.0,0.0
1162,1162,3485.200232774627,3.485200232774627,Sector 2,27.59658980697577,0.0,0,0.1,2718499.3882420952,5848841.115786927,POINT (2718499.3882420952 5848841.115786927),24.42069550327443,46.42575419339148,0.0,0.0,1.0,0.0
1163,1163,3488.200232774861,3.488200232774861,Sector 2,27.596589833676543,0.0,0,0.1,2718498.78148063,5848843.559758289,POINT (2718498.78148063 5848843.559758289),24.420690052643447,46.42576932654074,0.0,0.0,1.0,0.0
1164,1164,3491.20023277427,3.4912002327742697,Sector 2,27.59658981492572,0.0,0,0.1,2718498.1747191655,5848846.003729649,POINT (2718498.1747191655 5848846.003729649),24.420684602012475,46.42578445968578,0.0,0.0,1.0,0.0
1165,1165,3494.200232774504,3.494200232774504,Sector 2,27.596589835431644,0.0,0,0.1,2718497.5679577,5848848.447701009,POINT (2718497.5679577 5848848.447701009),24.420679151381496,46.42579959282663,0.0,0.0,1.0,0.0
1166,1166,3497.200232774738,3.497200232774738,Sector 2,27.596589801800803,0.0,0,0.1,2718496.9611962354,5848850.89167237,POINT (2718496.9611962354 5848850.89167237),24.420673700750516,46.42581472596328,0.0,0.0,1.0,0.0
1167,1167,3500.200232774757,3.500200232774757,Sector 2,27.59658982085961,0.0,0,0.1,2718496.35443477,5848853.335643731,POINT (2718496.35443477 5848853.335643731),24.420668250119537,46.42582985909572,0.0,0.0,1.0,0.0
1168,1168,3503.2002327741657,3.503200232774166,Sector 2,27.596589823185354,0.0,0,0.1,2718495.7476733057,5848855.779615091,POINT (2718495.7476733057 5848855.779615091),24.420662799488564,46.425844992223965,0.0,0.0,1.0,0.0
1169,1169,3506.2002327744,3.5062002327744,Sector 2,27.596589825713977,0.0,0,0.1,2718495.1409118404,5848858.223586451,POINT (2718495.1409118404 5848858.223586451),24.42065734885758,46.425860125348,0.0,0.0,1.0,0.0
1170,1170,3509.200232774634,3.509200232774634,Sector 2,27.596589806964342,0.0,0,0.1,2718494.534150375,5848860.667557812,POINT (2718494.534150375 5848860.667557812),24.420651898226602,46.42587525846785,0.0,0.0,1.0,0.0
1171,1171,3512.2002327748683,3.5122002327748683,Sector 2,27.596589824576483,0.0,0,0.1,2718493.9273889107,5848863.111529173,POINT (2718493.9273889107 5848863.111529173),24.42064644759563,46.42589039158349,0.0,0.0,1.0,0.0
1172,1172,3515.200232774277,3.5152002327742773,Sector 2,27.59658981347013,0.0,0,0.1,2718493.3206274454,5848865.555500533,POINT (2718493.3206274454 5848865.555500533),24.420640996964647,46.42590552469493,0.0,0.0,1.0,0.0
1173,1173,3518.200232774296,3.518200232774296,Sector 2,27.596589805258983,0.0,0,0.1,2718492.713865981,5848867.999471894,POINT (2718492.713865981 5848867.999471894),24.420635546333678,46.42592065780218,0.0,0.0,1.0,0.0
1174,1174,3521.20023277453,3.5212002327745298,Sector 2,27.596589842500062,0.0,0,0.1,2718492.1071045157,5848870.4434432555,POINT (2718492.1071045157 5848870.4434432555),24.420630095702695,46.425935790905214,0.0,0.0,1.0,0.0
1175,1175,3524.200232774764,3.524200232774764,Sector 2,27.596589820856423,-23.233893417853444,0,0.1,2718491.500343051,5848872.887414616,POINT (2718491.500343051 5848872.887414616),24.42062464507172,46.42595092400404,0.0,0.0,1.0,0.0
1176,1176,3527.200232774173,3.527200232774173,Sector 2,27.596589808100703,0.0,0,0.1,2718490.893581586,5848875.331385977,POINT (2718490.893581586 5848875.331385977),24.42061919444074,46.42596605709869,0.0,0.0,1.0,0.0
1177,1177,3530.200232774407,3.530200232774407,Sector 2,27.59658981207849,0.0,0,0.1,2718490.22743295,5848877.759038362,POINT (2718490.22743295 5848877.759038362),24.42061321032573,46.42598108914191,0.0,0.0,1.0,0.0
1178,1178,3533.2002327746413,3.533200232774641,Sector 2,27.59658982369939,0.0,0,0.1,2718489.519224657,5848880.17513319,POINT (2718489.519224657 5848880.17513319),24.42060684838239,46.425996049616536,0.0,0.0,1.0,0.0
1179,1179,3536.20023277466,3.53620023277466,Sector 2,27.59658981548944,0.0,0,0.1,2718488.811016364,5848882.591228019,POINT (2718488.811016364 5848882.591228019),24.42060048643905,46.42601101008706,0.0,0.0,1.0,0.0
1180,1180,3539.200232774069,3.5392002327740686,Sector 2,27.59658982401305,0.0,0,0.1,2718488.1028080718,5848885.007322848,POINT (2718488.1028080718 5848885.007322848),24.420594124495718,46.42602597055346,0.0,0.0,1.0,0.0
1181,1181,3542.200232774303,3.542200232774303,Sector 2,27.59658980981084,0.0,0,0.1,2718487.3790777824,5848887.4191395445,POINT (2718487.3790777824 5848887.4191395445),24.420587623115914,46.426040904525564,0.0,0.0,1.0,0.0
1182,1182,3545.200232774537,3.5452002327745373,Sector 2,27.59658982288005,21.95770152320708,0,0.1,2718486.651416955,5848889.829872916,POINT (2718486.651416955 5848889.829872916),24.420581086427482,46.426055831785646,0.0,0.0,1.0,0.0
1183,1183,3548.2002327747714,3.5482002327747715,Sector 2,27.59658981467089,0.0,0,0.1,2718485.923756128,5848892.240606288,POINT (2718485.923756128 5848892.240606288),24.420574549739058,46.42607075904162,0.0,0.0,1.0,0.0
1184,1184,3551.20023277418,3.55120023277418,Sector 2,27.59658982629304,0.0,0,0.1,2718485.1960953013,5848894.6513396595,POINT (2718485.1960953013 5848894.6513396595),24.420568013050634,46.42608568629351,0.0,0.0,1.0,0.0
1185,1185,3554.2002327744144,3.554200232774414,Sector 2,27.596589795561044,0.0,0,0.1,2718484.468434474,5848897.062073031,POINT (2718484.468434474 5848897.062073031),24.420561476362206,46.42610061354133,0.0,0.0,1.0,0.0
1186,1186,3557.200232774433,3.557200232774433,Sector 2,27.596589840244803,0.0,0,0.1,2718483.7407736466,5848899.472806404,POINT (2718483.7407736466 5848899.472806404),24.420554939673778,46.426115540785055,0.0,0.0,1.0,0.0
1187,1187,3560.2002327746677,3.560200232774667,Sector 2,27.59658982459632,0.0,0,0.1,2718483.0131128198,5848901.883539776,POINT (2718483.0131128198 5848901.883539776),24.420548402985354,46.426130468024695,0.0,0.0,1.0,0.0
1188,1188,3563.200232774076,3.563200232774076,Sector 2,27.596589819485928,0.0,0,0.1,2718482.285451993,5848904.294273148,POINT (2718482.285451993 5848904.294273148),24.42054186629693,46.426145395260235,0.0,0.0,1.0,0.0
1189,1189,3566.2002327743103,3.5662002327743103,Sector 2,27.596589800740105,0.0,0,0.1,2718481.5577911655,5848906.70500652,POINT (2718481.5577911655 5848906.70500652),24.4205353296085,46.4261603224917,0.0,0.0,1.0,0.0
1190,1190,3569.2002327745445,3.5692002327745445,Sector 2,27.596589813810965,0.0,0,0.1,2718480.8301303387,5848909.115739892,POINT (2718480.8301303387 5848909.115739892),24.420528792920077,46.42617524971908,0.0,0.0,1.0,0.0
1191,1191,3572.2002327747787,3.5722002327747786,Sector 2,27.59658982688211,0.0,0,0.1,2718480.1024695113,5848911.526473264,POINT (2718480.1024695113 5848911.526473264),24.420522256231646,46.426190176942356,0.0,0.0,1.0,0.0
1192,1192,3575.200232773972,3.575200232773972,Sector 2,27.596589833960707,-34.574565272595365,0,0.1,2718479.3748086845,5848913.937206635,POINT (2718479.3748086845 5848913.937206635),24.420515719543225,46.42620510416155,0.0,0.0,1.0,0.0
1193,1193,3578.200232774206,3.578200232774206,Sector 2,27.596589803027484,0.0,0,0.1,2718478.6471478576,5848916.347940007,POINT (2718478.6471478576 5848916.347940007),24.4205091828548,46.426220031376666,0.0,0.0,1.0,0.0
1194,1194,3581.2002327744403,3.581200232774441,Sector 2,27.596589825189653,0.0,0,0.1,2718477.9194870302,5848918.758673379,POINT (2718477.9194870302 5848918.758673379),24.42050264616637,46.426234958587685,0.0,0.0,1.0,0.0
1195,1195,3584.2002327746745,3.5842002327746747,Sector 2,27.59658982152814,0.0,0,0.1,2718477.185004915,5848921.1672687065,POINT (2718477.185004915 5848921.1672687065),24.420496048201272,46.4262498725559,0.0,0.0,1.0,0.0
1196,1196,3587.2002327749087,3.587200232774909,Sector 2,27.28252030932657,0.0,0,0.1,2718476.4038367444,5848923.561230889,POINT (2718476.4038367444 5848923.561230889),24.4204890308482,46.42626469591196,0.0,0.0,1.0,0.0
1197,1197,3590.200038269647,3.590200038269647,Sector 2,25.927170952732865,0.0,0,0.1,2718475.6227192213,5848925.955037858,POINT (2718475.6227192213 5848925.955037858),24.420482013950103,46.42627951830292,0.0,0.0,1.0,0.0
1198,1198,3593.200038269309,3.593200038269309,Sector 2,25.927170959526336,0.0,0,0.1,2718474.8415510505,5848928.34900004,POINT (2718474.8415510505 5848928.34900004),24.42047499659703,46.426294341650916,0.0,0.0,1.0,0.0
1199,1199,3596.200038269606,3.596200038269606,Sector 2,25.92717097886009,0.0,0,0.1,2718474.0603828803,5848930.742962223,POINT (2718474.0603828803 5848930.742962223),24.420467979243963,46.42630916499488,0.0,0.0,1.0,0.0
1200,1200,3599.2000382692686,3.5992000382692684,Sector 2,25.927170937049997,0.0,0,0.1,2718473.27921471,5848933.136924405,POINT (2718473.27921471 5848933.136924405),24.420460961890893,46.42632398833483,0.0,0.0,1.0,0.0
1201,1201,3602.200038269769,3.602200038269769,Sector 2,25.92717098462259,0.0,0,0.1,2718472.4980465393,5848935.530886588,POINT (2718472.4980465393 5848935.530886588),24.420453944537822,46.42633881167074,0.0,0.0,1.0,0.0
1202,1202,3605.200038269432,3.605200038269432,Sector 2,25.927170941728605,0.0,0,0.1,2718471.7168783685,5848937.92484877,POINT (2718471.7168783685 5848937.92484877),24.42044692718475,46.42635363500261,0.0,0.0,1.0,0.0
1203,1203,3608.200038269932,3.608200038269932,Sector 2,25.92717096177023,0.0,0,0.1,2718470.9357101982,5848940.318810952,POINT (2718470.9357101982 5848940.318810952),24.42043990983168,46.426368458330465,0.0,0.0,1.0,0.0
1204,1204,3611.200038269594,3.6112000382695935,Sector 2,25.92717096286077,0.0,0,0.1,2718470.154542028,5848942.712773134,POINT (2718470.154542028 5848942.712773134),24.42043289247861,46.42638328165428,0.0,0.0,1.0,0.0
1205,1205,3614.2000382700944,3.6142000382700954,Sector 2,25.92717095607867,22.70324703555016,0,0.1,2718469.3733738577,5848945.106735317,POINT (2718469.3733738577 5848945.106735317),24.42042587512554,46.42639810497407,0.0,0.0,1.0,0.0
1206,1206,3617.200038269553,3.617200038269553,Sector 2,25.92717096683384,0.0,0,0.1,2718468.592205687,5848947.500697499,POINT (2718468.592205687 5848947.500697499),24.42041885777247,46.426412928289814,0.0,0.0,1.0,0.0
1207,1207,3620.200038269216,3.620200038269216,Sector 2,25.927170960052138,0.0,0,0.1,2718467.8110375167,5848949.89465968,POINT (2718467.8110375167 5848949.89465968),24.4204118404194,46.42642775160154,0.0,0.0,1.0,0.0
1208,1208,3623.200038269716,3.623200038269716,Sector 2,25.92717095435489,0.0,0,0.1,2718467.029869346,5848952.288621863,POINT (2718467.029869346 5848952.288621863),24.42040482306633,46.42644257490923,0.0,0.0,1.0,0.0
1209,1209,3626.200038269378,3.626200038269378,Sector 2,25.92717096831643,-20.000653668237653,0,0.1,2718466.2487011757,5848954.682584045,POINT (2718466.2487011757 5848954.682584045),24.42039780571326,46.4264573982129,0.0,0.0,1.0,0.0
1210,1210,3629.200038269879,3.629200038269879,Sector 2,25.92717097548956,0.0,0,0.1,2718465.467533005,5848957.0765462285,POINT (2718465.467533005 5848957.0765462285),24.42039078836019,46.42647222151253,0.0,0.0,1.0,0.0
1211,1211,3632.200038269541,3.632200038269541,Sector 2,25.927170957630096,0.0,0,0.1,2718464.6863648347,5848959.470508411,POINT (2718464.6863648347 5848959.470508411),24.42038377100712,46.42648704480813,0.0,0.0,1.0,0.0
1212,1212,3635.2000382700417,3.6352000382700416,Sector 2,25.92717096730223,0.0,0,0.1,2718463.9051966644,5848961.864470593,POINT (2718463.9051966644 5848961.864470593),24.420376753654054,46.4265018680997,0.0,0.0,1.0,0.0
1213,1213,3638.200038269704,3.638200038269704,Sector 2,25.927170947651742,0.0,0,0.1,2718463.124028494,5848964.258432775,POINT (2718463.124028494 5848964.258432775),24.420369736300984,46.42651669138723,0.0,0.0,1.0,0.0
1214,1214,3641.200038269163,3.641200038269163,Sector 2,25.927170966988516,0.0,0,0.1,2718462.3428603234,5848966.652394957,POINT (2718462.3428603234 5848966.652394957),24.420362718947914,46.42653151467075,0.0,0.0,1.0,0.0
1215,1215,3644.2000382696633,3.644200038269663,Sector 2,25.92717096449843,0.0,0,0.1,2718461.5616921526,5848969.04635714,POINT (2718461.5616921526 5848969.04635714),24.42035570159484,46.42654633795022,0.0,0.0,1.0,0.0
1216,1216,3647.200038269326,3.6472000382693257,Sector 2,25.915844231462813,0.0,0,0.1,2718460.780523983,5848971.440319321,POINT (2718460.780523983 5848971.440319321),24.420348684241773,46.426561161225656,0.0,0.0,1.0,0.0
1217,1217,3650.200037787926,3.650200037787926,Sector 2,25.822763012972302,0.0,0,0.1,2718459.9993559374,5848973.8342811195,POINT (2718459.9993559374 5848973.8342811195),24.42034166688983,46.426575984494704,0.0,0.0,1.0,0.0
1218,1218,3653.2000377877225,3.6532000377877223,Sector 2,25.822763024423352,0.0,0,0.1,2718459.218187767,5848976.228243302,POINT (2718459.218187767 5848976.228243302),24.42033464953676,46.42659080776208,0.0,0.0,1.0,0.0
1219,1219,3656.200037787722,3.656200037787722,Sector 2,25.822763028623054,0.0,0,0.1,2718458.437019597,5848978.622205484,POINT (2718458.437019597 5848978.622205484),24.420327632183692,46.42660563102544,0.0,0.0,1.0,0.0
1220,1220,3659.2000377877216,3.6592000377877216,Sector 2,25.82276302246231,0.0,0,0.1,2718457.655851426,5848981.016167667,POINT (2718457.655851426 5848981.016167667),24.42032061483062,46.42662045428476,0.0,0.0,1.0,0.0
1221,1221,3662.2000377875183,3.6622000377875183,Sector 2,25.822763040000723,0.0,0,0.1,2718456.874683256,5848983.410129849,POINT (2718456.874683256 5848983.410129849),24.420313597477552,46.42663527754005,0.0,0.0,1.0,0.0
1222,1222,3665.200037787518,3.665200037787518,Sector 2,25.822763021018545,0.0,0,0.1,2718456.0935150855,5848985.804092031,POINT (2718456.0935150855 5848985.804092031),24.420306580124485,46.42665010079131,0.0,0.0,1.0,0.0
1223,1223,3668.200037788356,3.668200037788356,Sector 2,25.82276301058448,0.0,0,0.1,2718455.312346915,5848988.198054213,POINT (2718455.312346915 5848988.198054213),24.42029956277141,46.42666492403854,0.0,0.0,1.0,0.0
1224,1224,3671.2000377881527,3.671200037788153,Sector 2,25.82276303304559,0.0,0,0.1,2718454.5310604125,5848990.591978303,POINT (2718454.5310604125 5848990.591978303),24.42029254435535,46.42667974704587,0.0,0.0,1.0,0.0
1225,1225,3674.200037788152,3.674200037788152,Sector 2,25.822763024424773,0.0,0,0.1,2718453.748814209,5848992.985593456,POINT (2718453.748814209 5848992.985593456),24.420285517318142,46.42669456813626,0.0,0.0,1.0,0.0
1226,1226,3677.200037787949,3.677200037787949,Sector 2,25.822763026164864,-33.615758167787355,0,0.1,2718452.9665680053,5848995.379208608,POINT (2718452.9665680053 5848995.379208608),24.420278490280936,46.42670938922261,0.0,0.0,1.0,0.0
1227,1227,3680.200037787949,3.680200037787949,Sector 2,25.82276302298305,0.0,0,0.1,2718452.184321802,5848997.77282376,POINT (2718452.184321802 5848997.77282376),24.420271463243733,46.42672421030493,0.0,0.0,1.0,0.0
1228,1228,3683.200037787948,3.683200037787948,Sector 2,25.82276301501105,36.532325939518046,0,0.1,2718451.4020755985,5849000.166438913,POINT (2718451.4020755985 5849000.166438913),24.420264436206523,46.426739031383235,0.0,0.0,1.0,0.0
1229,1229,3686.200037787745,3.686200037787745,Sector 2,25.822763020377465,0.0,0,0.1,2718450.619829395,5849002.560054065,POINT (2718450.619829395 5849002.560054065),24.42025740916932,46.426753852457495,0.0,0.0,1.0,0.0
1230,1230,3689.200037787744,3.689200037787745,Sector 2,25.822763032479088,0.0,0,0.1,2718449.837583191,5849004.953669218,POINT (2718449.837583191 5849004.953669218),24.420250382132114,46.42676867352773,0.0,0.0,1.0,0.0
1231,1231,3692.200037787744,3.692200037787744,Sector 2,25.822763020233765,0.0,0,0.1,2718449.055336987,5849007.34728437,POINT (2718449.055336987 5849007.34728437),24.420243355094904,46.42678349459394,0.0,0.0,1.0,0.0
1232,1232,3695.2000377875406,3.695200037787541,Sector 2,25.822763012778974,0.0,0,0.1,2718448.2730907835,5849009.740899523,POINT (2718448.2730907835 5849009.740899523),24.420236328057694,46.426798315656114,0.0,0.0,1.0,0.0
1233,1233,3698.20003778754,3.69820003778754,Sector 2,25.822763033429112,0.0,0,0.1,2718447.4908445803,5849012.134514675,POINT (2718447.4908445803 5849012.134514675),24.420229301020495,46.426813136714266,0.0,0.0,1.0,0.0
1234,1234,3701.200037788378,3.701200037788378,Sector 2,25.8166371852206,0.0,0,0.1,2718446.7085983767,5849014.528129828,POINT (2718446.7085983767 5849014.528129828),24.420222273983285,46.42682795776839,0.0,0.0,1.0,0.0
1235,1235,3704.200037780591,3.704200037780591,Sector 2,25.813964914992027,0.0,0,0.1,2718445.926352175,5849016.921744975,POINT (2718445.926352175 5849016.921744975),24.420215246946096,46.42684277881844,0.0,0.0,1.0,0.0
1236,1236,3707.20003778066,3.70720003778066,Sector 2,25.81396490962254,0.0,0,0.1,2718445.1441059713,5849019.315360127,POINT (2718445.1441059713 5849019.315360127),24.42020821990889,46.42685759986449,0.0,0.0,1.0,0.0
1237,1237,3710.200037780526,3.710200037780526,Sector 2,25.81396490542465,0.0,0,0.1,2718444.3618597677,5849021.70897528,POINT (2718444.3618597677 5849021.70897528),24.420201192871684,46.42687242090652,0.0,0.0,1.0,0.0
1238,1238,3713.2000377805953,3.713200037780595,Sector 2,25.813964908600724,0.0,0,0.1,2718443.579613564,5849024.102590431,POINT (2718443.579613564 5849024.102590431),24.420194165834477,46.42688724194451,0.0,0.0,1.0,0.0
1239,1239,3716.2000377804616,3.7162000377804616,Sector 2,25.81396490931911,0.0,0,0.1,2718442.7973673604,5849026.496205584,POINT (2718442.7973673604 5849026.496205584),24.420187138797267,46.426902062978485,0.0,0.0,1.0,0.0
1240,1240,3719.2000377805302,3.7192000377805305,Sector 2,25.81396489967784,0.0,0,0.1,2718442.015121157,5849028.889820738,POINT (2718442.015121157 5849028.889820738),24.420180111760065,46.426916884008435,0.0,0.0,1.0,0.0
1241,1241,3722.200037780397,3.722200037780397,Sector 2,25.8139649107564,0.0,0,0.1,2718441.232874953,5849031.2834358895,POINT (2718441.232874953 5849031.2834358895),24.420173084722858,46.426931705034335,0.0,0.0,1.0,0.0
1242,1242,3725.200037780466,3.725200037780466,Sector 2,25.81396490538816,-10.10869419481804,0,0.1,2718440.4506287496,5849033.677051042,POINT (2718440.4506287496 5849033.677051042),24.42016605768565,46.42694652605622,0.0,0.0,1.0,0.0
1243,1243,3728.200037780333,3.728200037780333,Sector 2,25.81396492436903,0.0,0,0.1,2718439.668382546,5849036.070666194,POINT (2718439.668382546 5849036.070666194),24.420159030648442,46.42696134707406,0.0,0.0,1.0,0.0
1244,1244,3731.2000377804015,3.731200037780401,Sector 2,25.81396488364902,0.0,0,0.1,2718438.8861363423,5849038.464281347,POINT (2718438.8861363423 5849038.464281347),24.420152003611236,46.42697616808788,0.0,0.0,1.0,0.0
1245,1245,3734.200037780268,3.734200037780268,Sector 2,25.81396491972072,0.0,0,0.1,2718438.1141138403,5849040.861199092,POINT (2718438.1141138403 5849040.861199092),24.420145068415103,46.42699100954697,0.0,0.0,1.0,0.0
1246,1246,3737.200037780337,3.737200037780337,Sector 2,25.813964922898435,0.0,0,0.1,2718437.347628177,5849043.259905419,POINT (2718437.347628177 5849043.259905419),24.420138182957242,46.42700586207672,0.0,0.0,1.0,0.0
1247,1247,3740.200037780406,3.740200037780406,Sector 2,25.81396489189558,0.0,0,0.1,2718436.581142514,5849045.658611746,POINT (2718436.581142514 5849045.658611746),24.420131297499378,46.42702071460243,0.0,0.0,1.0,0.0
1248,1248,3743.200037780272,3.743200037780273,Sector 2,25.813964919422688,0.0,0,0.1,2718435.814656851,5849048.057318072,POINT (2718435.814656851 5849048.057318072),24.420124412041517,46.42703556712408,0.0,0.0,1.0,0.0
1249,1249,3746.2000377803415,3.7462000377803415,Sector 2,25.813964908611865,0.0,0,0.1,2718435.0481711878,5849050.456024399,POINT (2718435.0481711878 5849050.456024399),24.420117526583653,46.4270504196417,0.0,0.0,1.0,0.0
1250,1250,3749.200037780208,3.749200037780208,Sector 2,25.813964910503785,0.0,0,0.1,2718434.2816855246,5849052.854730726,POINT (2718434.2816855246 5849052.854730726),24.42011064112579,46.427065272155254,0.0,0.0,1.0,0.0
1251,1251,3752.200037780277,3.752200037780277,Sector 2,25.813964894777484,0.0,0,0.1,2718433.5151998615,5849055.253437053,POINT (2718433.5151998615 5849055.253437053),24.420103755667927,46.427080124664776,0.0,0.0,1.0,0.0
1252,1252,3755.2000377801432,3.7552000377801433,Sector 2,25.813964918676103,28.01400952186697,0,0.1,2718432.7487141984,5849057.65214338,POINT (2718432.7487141984 5849057.65214338),24.420096870210067,46.42709497717024,0.0,0.0,1.0,0.0
1253,1253,3758.200037780213,3.758200037780212,Sector 2,25.813964921211948,0.0,0,0.1,2718431.982228535,5849060.050849706,POINT (2718431.982228535 5849060.050849706),24.420089984752202,46.427109829671664,0.0,0.0,1.0,0.0
1254,1254,3761.200037780079,3.761200037780079,Sector 2,25.813964892668423,0.0,0,0.1,2718431.215742872,5849062.449556033,POINT (2718431.215742872 5849062.449556033),24.42008309929434,46.42712468216904,0.0,0.0,1.0,0.0
1255,1255,3764.200037780148,3.764200037780148,Sector 2,25.813964906207843,0.0,0,0.1,2718430.449257209,5849064.84826236,POINT (2718430.449257209 5849064.84826236),24.42007621383648,46.42713953466238,0.0,0.0,1.0,0.0
1256,1256,3767.200037780014,3.767200037780014,Sector 2,25.8139649148315,0.0,0,0.1,2718429.682771546,5849067.246968687,POINT (2718429.682771546 5849067.246968687),24.420069328378617,46.42715438715165,0.0,0.0,1.0,0.0
1257,1257,3770.200037780083,3.770200037780083,Sector 2,25.813964899106395,0.0,0,0.1,2718428.9162858827,5849069.645675014,POINT (2718428.9162858827 5849069.645675014),24.420062442920756,46.42716923963688,0.0,0.0,1.0,0.0
1258,1258,3773.2000377799495,3.7732000377799495,Sector 2,25.81396490773045,0.0,0,0.1,2718428.14980022,5849072.04438134,POINT (2718428.14980022 5849072.04438134),24.420055557462895,46.42718409211807,0.0,0.0,1.0,0.0
1259,1259,3776.200037780857,3.776200037780857,Sector 2,25.813964913368807,17.140319455790227,0,0.1,2718427.383314556,5849074.443087667,POINT (2718427.383314556 5849074.443087667),24.420048672005027,46.42719894459522,0.0,0.0,1.0,0.0
1260,1260,3779.200037780724,3.7792000377807233,Sector 2,25.81396490308822,0.0,0,0.1,2718426.6168288933,5849076.841793994,POINT (2718426.6168288933 5849076.841793994),24.420041786547166,46.42721379706832,0.0,0.0,1.0,0.0
1261,1261,3782.2000377807926,3.7822000377807927,Sector 2,25.81396488917852,0.0,0,0.1,2718425.85034323,5849079.240500322,POINT (2718425.85034323 5849079.240500322),24.420034901089302,46.42722864953737,0.0,0.0,1.0,0.0
1262,1262,3785.200037780659,3.7852000377806583,Sector 2,32.03019402814584,0.0,0,0.1,2718425.083857567,5849081.639206648,POINT (2718425.083857567 5849081.639206648),24.42002801563144,46.42724350200236,0.0,0.0,1.0,0.0
1263,1263,3788.198250473724,3.788198250473725,Sector 2,32.659011769425376,0.0,0,0.1,2718424.317828552,5849084.036483901,POINT (2718424.317828552 5849084.036483901),24.420021134275718,46.42725834561469,0.0,0.0,1.0,0.0
1264,1264,3791.198250473394,3.7911982504733945,Sector 2,32.65901177212231,0.0,0,0.1,2718423.551342889,5849086.435190227,POINT (2718423.551342889 5849086.435190227),24.420014248817857,46.427273198071596,0.0,0.0,1.0,0.0
1265,1265,3794.198250473316,3.794198250473316,Sector 2,32.65901177852237,0.0,0,0.1,2718422.784857226,5849088.833896553,POINT (2718422.784857226 5849088.833896553),24.420007363359996,46.427288050524446,0.0,0.0,1.0,0.0
1266,1266,3797.198250472986,3.797198250472986,Sector 2,32.65901177023193,0.0,0,0.1,2718422.018371563,5849091.232602879,POINT (2718422.018371563 5849091.232602879),24.420000477902132,46.42730290297327,0.0,0.0,1.0,0.0
1267,1267,3800.198250473441,3.8001982504734406,Sector 2,38.62376676451652,0.0,0,0.1,2718421.2518859,5849093.631309207,POINT (2718421.2518859 5849093.631309207),24.41999359244427,46.42731775541803,0.0,0.0,1.0,0.0
1268,1268,3803.193810199499,3.803193810199499,Sector 2,40.252578146191695,0.0,0,0.1,2718420.4865347054,5849096.02646523,POINT (2718420.4865347054 5849096.02646523),24.419986717177515,46.427332585875796,0.0,0.0,1.0,0.0
1269,1269,3806.1938101998985,3.806193810199898,Sector 2,40.252578161971314,0.0,0,0.1,2718419.7200490423,5849098.425171557,POINT (2718419.7200490423 5849098.425171557),24.41997983171965,46.42734743831248,0.0,0.0,1.0,0.0
1270,1270,3809.1938101999976,3.809193810199998,Sector 2,45.525838616652834,0.0,0,0.1,2718418.9535633787,5849100.823877884,POINT (2718418.9535633787 5849100.823877884),24.419972946261787,46.427362290745116,0.0,0.0,1.0,0.0
1271,1271,3812.176259384388,3.812176259384388,Sector 2,52.81623250746321,0.0,0,0.1,2718418.1915618656,5849103.2085511265,POINT (2718418.1915618656 5849103.2085511265),24.419966101085727,46.42737705628297,0.0,0.0,1.0,0.0
1272,1272,3815.176259384233,3.815176259384233,Sector 2,52.81623248025608,17.997940882935477,0,0.1,2718417.425076202,5849105.607257453,POINT (2718417.425076202 5849105.607257453),24.419959215627863,46.42739190870753,0.0,0.0,1.0,0.0
1273,1273,3818.1762593846415,3.8181762593846416,Sector 2,54.90854894643656,0.0,0,0.1,2718416.658590539,5849108.00596378,POINT (2718416.658590539 5849108.00596378),24.41995233017,46.42740676112805,0.0,0.0,1.0,0.0
1274,1274,3821.164865324504,3.821164865324503,Sector 2,66.80501926111305,0.0,0,0.1,2718415.895016004,5849110.395559773,POINT (2718415.895016004 5849110.395559773),24.419945470863247,46.42742155713476,0.0,0.0,1.0,0.0
1275,1275,3824.164865324424,3.824164865324424,Sector 2,66.80501928790147,0.0,0,0.1,2718415.1285303407,5849112.794266098,POINT (2718415.1285303407 5849112.794266098),24.419938585405383,46.42743640954719,0.0,0.0,1.0,0.0
1276,1276,3827.1648653244056,3.8271648653244057,Sector 2,82.47651124795613,0.0,0,0.1,2718414.3620446776,5849115.192972425,POINT (2718414.3620446776 5849115.192972425),24.419931699947522,46.427451261955575,0.0,0.0,1.0,0.0
1277,1277,3830.1267408672593,3.83012674086726,Sector 2,87.79739684941154,0.0,0,0.1,2718413.605299631,5849117.561195627,POINT (2718413.605299631 5849117.561195627),24.419924901991106,46.42746592561333,0.0,0.0,1.0,0.0
1278,1278,3833.1267408671033,3.8331267408671033,Sector 2,87.79739683143237,0.0,0,0.1,2718412.838813968,5849119.959901954,POINT (2718412.838813968 5849119.959901954),24.419918016533245,46.42748077801368,0.0,0.0,1.0,0.0
1279,1279,3836.126740867413,3.836126740867413,Sector 2,89.25625170297803,0.0,0,0.1,2718412.072328305,5849122.358608281,POINT (2718412.072328305 5849122.358608281),24.41991113107538,46.427495630409986,0.0,0.0,1.0,0.0
1280,1280,3839.1262451064417,3.8391262451064416,Sector 2,89.99999023708142,0.0,0,0.1,2718411.3059693063,5849124.756918212,POINT (2718411.3059693063 5849124.756918212),24.419904246755365,46.427510480347834,0.0,0.0,1.0,0.0
1281,1281,3842.1262451064417,3.8421262451064417,Sector 2,89.99999023708142,0.0,0,0.1,2718410.539483643,5849127.15562454,POINT (2718410.539483643 5849127.15562454),24.4198973612975,46.427525332736046,0.0,0.0,1.0,0.0
1282,1282,3845.1262451064417,3.845126245106442,Sector 2,89.99999023708142,0.0,0,0.1,2718409.7842602464,5849129.5571025815,POINT (2718409.7842602464 5849129.5571025815),24.4198905770103,46.427540202282195,0.0,0.0,1.0,0.0
1283,1283,3848.1262451064417,3.8481262451064415,Sector 2,89.99999023708142,16.083862585773936,0,0.1,2718409.5259164246,5849132.049219832,POINT (2718409.5259164246 5849132.049219832),24.419888256268266,46.427555633046715,0.0,0.0,1.0,0.0
1284,1284,3851.1262451064417,3.8511262451064416,Sector 2,89.99999023708142,0.0,0,0.1,2718409.3799016406,5849134.561465292,POINT (2718409.3799016406 5849134.561465292),24.41988694459514,46.427571188437256,0.0,0.0,1.0,0.0
1285,1285,3854.1262451064417,3.8541262451064418,Sector 2,89.99999023708142,0.0,0,0.1,2718409.2338868566,5849137.073710753,POINT (2718409.2338868566 5849137.073710753),24.41988563292202,46.42758674382336,0.0,0.0,1.0,0.0
1286,1286,3857.1262451064417,3.857126245106442,Sector 2,87.99936915922189,0.0,0,0.1,2718409.0878720726,5849139.585956212,POINT (2718409.0878720726 5849139.585956212),24.419884321248897,46.42760229920501,0.0,0.0,1.0,0.0
1287,1287,3860.1260536540217,3.860126053654022,Sector 2,87.7899485547598,0.0,0,0.1,2718408.9418666065,5849142.098041348,POINT (2718408.9418666065 5849142.098041348),24.419883009659483,46.427617853589545,0.0,0.0,1.0,0.0
1288,1288,3863.1260536543055,3.863126053654305,Sector 2,78.87945871649617,0.0,0,0.1,2718408.795851823,5849144.610286808,POINT (2718408.795851823 5849144.610286808),24.419881697986366,46.42763340896232,0.0,0.0,1.0,0.0
1289,1289,3866.117617540897,3.8661176175408967,Sector 2,76.8089261638072,0.0,0,0.1,2718408.665099149,5849147.11647948,POINT (2718408.665099149 5849147.11647948),24.41988052341511,46.42764892685291,0.0,0.0,1.0,0.0
1290,1290,3869.117617540872,3.869117617540872,Sector 2,72.43897400095454,0.0,0,0.1,2718408.56949961,5849149.632159416,POINT (2718408.56949961 5849149.632159416),24.41987966462984,46.42766450348247,0.0,0.0,1.0,0.0
1291,1291,3872.085391987963,3.8720853919879623,Sector 2,56.32766066803436,0.0,0,0.1,2718408.4749269867,5849152.120816292,POINT (2718408.4749269867 5849152.120816292),24.41987881506951,46.427679912785806,0.0,0.0,1.0,0.0
1292,1292,3875.085391988053,3.875085391988053,Sector 2,56.327660713552575,0.0,0,0.1,2718408.3793274476,5849154.636496227,POINT (2718408.3793274476 5849154.636496227),24.41987795628424,46.4276954894065,0.0,0.0,1.0,0.0
1293,1293,3878.085391988013,3.878085391988013,Sector 2,47.21023430590742,5.705168608603067,0,0.1,2718408.2837279085,5849157.152176163,POINT (2718408.2837279085 5849157.152176163),24.41987709749897,46.42771106602276,0.0,0.0,1.0,0.0
1294,1294,3881.0651629970857,3.8810651629970856,Sector 2,42.35126250754576,3.332778583246761,0,0.1,2718408.2509014155,5849159.650966803,POINT (2718408.2509014155 5849159.650966803),24.41987680261356,46.42772653805927,0.0,0.0,1.0,0.0
1295,1295,3884.065162996987,3.884065162996987,Sector 2,42.35126254734939,0.0,0,0.1,2718408.3576063733,5849162.166887458,POINT (2718408.3576063733 5849162.166887458),24.419877761160507,46.427742116157134,0.0,0.0,1.0,0.0
1296,1296,3887.065162996888,3.887065162996888,Sector 2,42.351262529275175,0.0,0,0.1,2718408.464311331,5849164.682808113,POINT (2718408.464311331 5849164.682808113),24.41987871970745,46.42775769425055,0.0,0.0,1.0,0.0
1297,1297,3890.065162997165,3.890065162997165,Sector 2,42.35126252119579,0.0,0,0.1,2718408.571016289,5849167.19872877,POINT (2718408.571016289 5849167.19872877),24.419879678254397,46.42777327233952,0.0,0.0,1.0,0.0
1298,1298,3893.0651629970657,3.8930651629970656,Sector 2,35.858866741028464,0.0,0,0.1,2718408.6777212466,5849169.714649426,POINT (2718408.6777212466 5849169.714649426),24.41988063680134,46.42778885042404,0.0,0.0,1.0,0.0
1299,1299,3896.061584458348,3.896061584458348,Sector 2,34.65318503006068,0.0,0,0.1,2718408.784298922,5849172.227568974,POINT (2718408.784298922 5849172.227568974),24.419881594204888,46.42780440992184,0.0,0.0,1.0,0.0
1300,1300,3899.0615844579374,3.899061584457938,Sector 2,34.653185037066805,0.0,0,0.1,2718408.8910038793,5849174.74348963,POINT (2718408.8910038793 5849174.74348963),24.41988255275183,46.42781998799746,0.0,0.0,1.0,0.0
1301,1301,3902.0615844582953,3.9020615844582953,Sector 2,34.65318502733561,0.0,0,0.1,2718408.997708837,5849177.259410286,POINT (2718408.997708837 5849177.259410286),24.419883511298774,46.42783556606862,0.0,0.0,1.0,0.0
1302,1302,3905.061584457886,3.905061584457886,Sector 2,34.653185006479646,0.0,0,0.1,2718409.104413795,5849179.775330941,POINT (2718409.104413795 5849179.775330941),24.419884469845716,46.42785114413533,0.0,0.0,1.0,0.0
1303,1303,3908.061584458243,3.908061584458243,Sector 2,34.653185041348934,0.0,0,0.1,2718409.211118753,5849182.291251597,POINT (2718409.211118753 5849182.291251597),24.419885428392668,46.42786672219759,0.0,0.0,1.0,0.0
1304,1304,3911.0615844578338,3.911061584457834,Sector 2,34.653185020476656,0.0,0,0.1,2718409.317823711,5849184.807172252,POINT (2718409.317823711 5849184.807172252),24.419886386939613,46.4278823002554,0.0,0.0,1.0,0.0
1305,1305,3914.061584458191,3.9140615844581914,Sector 2,34.653185021871195,0.0,0,0.1,2718409.424528668,5849187.323092909,POINT (2718409.424528668 5849187.323092909),24.419887345486554,46.427897878308755,0.0,0.0,1.0,0.0
1306,1306,3917.061584458046,3.9170615844580463,Sector 2,34.65318503447446,0.0,0,0.1,2718409.5736246044,5849189.832908865,POINT (2718409.5736246044 5849189.832908865),24.419888684838135,46.42791341855866,0.0,0.0,1.0,0.0
1307,1307,3920.061584458403,3.920061584458403,Sector 2,34.653185024761115,0.0,0,0.1,2718410.129317521,5849192.284202425,POINT (2718410.129317521 5849192.284202425),24.41989367671254,46.42792859644597,0.0,0.0,1.0,0.0
1308,1308,3923.061584457994,3.9230615844579937,Sector 2,34.65318504291059,0.0,0,0.1,2718410.7313504852,5849194.729356681,POINT (2718410.7313504852 5849194.729356681),24.41989908486667,46.42794373631582,0.0,0.0,1.0,0.0
1309,1309,3926.061584458351,3.926061584458351,Sector 2,34.65318502203928,0.0,0,0.1,2718411.3333834503,5849197.174510938,POINT (2718411.3333834503 5849197.174510938),24.419904493020812,46.42795887618146,0.0,0.0,1.0,0.0
1310,1310,3929.0615844579415,3.9290615844579415,Sector 2,34.65318502345156,0.0,0,0.1,2718411.935416415,5849199.619665196,POINT (2718411.935416415 5849199.619665196),24.419909901174947,46.42797401604291,0.0,0.0,1.0,0.0
1311,1311,3932.0615844582985,3.9320615844582982,Sector 2,34.65318503047661,23.22158874589265,0,0.1,2718412.5374493795,5849202.064819453,POINT (2718412.5374493795 5849202.064819453),24.419915309329085,46.42798915590014,0.0,0.0,1.0,0.0
1312,1312,3935.061584457889,3.935061584457889,Sector 2,34.65318503746852,-9.288137811609149,0,0.1,2718413.139482344,5849204.5099737095,POINT (2718413.139482344 5849204.5099737095),24.41992071748322,46.42800429575317,0.0,0.0,1.0,0.0
1313,1313,3938.061584458246,3.938061584458246,Sector 2,34.65318502216047,0.0,0,0.1,2718413.741515309,5849206.955127967,POINT (2718413.741515309 5849206.955127967),24.41992612563736,46.42801943560199,0.0,0.0,1.0,0.0
1314,1314,3941.061584457837,3.941061584457837,Sector 2,34.653185034765386,0.0,0,0.1,2718414.3435482737,5849209.400282223,POINT (2718414.3435482737 5849209.400282223),24.419931533791498,46.42803457544661,0.0,0.0,1.0,0.0
1315,1315,3944.061584458194,3.944061584458194,Sector 2,34.65318504174115,0.0,0,0.1,2718414.945581238,5849211.845436481,POINT (2718414.945581238 5849211.845436481),24.41993694194563,46.42804971528703,0.0,0.0,1.0,0.0
1316,1316,3947.061584458049,3.947061584458049,Sector 2,34.6531850097295,0.0,0,0.1,2718415.5476142024,5849214.290590738,POINT (2718415.5476142024 5849214.290590738),24.419942350099763,46.42806485512324,0.0,0.0,1.0,0.0
1317,1317,3950.0615844584063,3.9500615844584064,Sector 2,34.653185039039215,0.0,0,0.1,2718416.1496471674,5849216.735744995,POINT (2718416.1496471674 5849216.735744995),24.419947758253908,46.42807999495524,0.0,0.0,1.0,0.0
1318,1318,3953.061584457997,3.953061584457997,Sector 2,34.65318500699453,0.0,0,0.1,2718416.751680132,5849219.180899251,POINT (2718416.751680132 5849219.180899251),24.419953166408042,46.42809513478304,0.0,0.0,1.0,0.0
1319,1319,3956.061584458354,3.956061584458354,Sector 2,34.65318504191731,0.0,0,0.1,2718417.3537130966,5849221.626053509,POINT (2718417.3537130966 5849221.626053509),24.41995857456218,46.42811027460663,0.0,0.0,1.0,0.0
1320,1320,3959.0615844579447,3.959061584457945,Sector 2,34.653185032173155,0.0,0,0.1,2718417.9936449314,5849224.058197385,POINT (2718417.9936449314 5849224.058197385),24.419964323167658,46.42812533386882,0.0,0.0,1.0,0.0
1321,1321,3962.0615844583017,3.9620615844583016,Sector 2,34.65318503360436,0.0,0,0.1,2718418.6431107903,5849226.487068306,POINT (2718418.6431107903 5849226.487068306),24.41997015741873,46.428140372861485,0.0,0.0,1.0,0.0
1322,1322,3965.061584457893,3.965061584457892,Sector 2,34.65318504061497,0.0,0,0.1,2718419.2925766483,5849228.915939227,POINT (2718419.2925766483 5849228.915939227),24.4199759916698,46.42815541185,0.0,0.0,1.0,0.0
1323,1323,3968.0615844582494,3.9680615844582494,Sector 2,34.653185008588025,0.0,0,0.1,2718420.0273188865,5849231.311463657,POINT (2718420.0273188865 5849231.311463657),24.41998259197163,46.42817024436095,0.0,0.0,1.0,0.0
1324,1324,3971.06158445784,3.97106158445784,Sector 2,33.1499390341873,0.0,0,0.1,2718421.224875782,5849233.526008957,POINT (2718421.224875782 5849233.526008957),24.419993349808255,46.42818395628907,0.0,0.0,1.0,0.0
1325,1325,3974.061143124321,3.9740611431243207,Sector 2,32.507408384478424,0.0,0,0.1,2718422.4222565047,5849235.740228474,POINT (2718422.4222565047 5849235.740228474),24.420004106062294,46.428197666196574,0.0,0.0,1.0,0.0
1326,1326,3977.0611431243296,3.9770611431243297,Sector 2,32.50740839281838,0.0,0,0.1,2718423.619813401,5849237.954773775,POINT (2718423.619813401 5849237.954773775),24.420014863898928,46.42821137811781,0.0,0.0,1.0,0.0
1327,1327,3980.0611431235534,3.9800611431235535,Sector 2,32.507408369949474,0.0,0,0.1,2718424.8173702974,5849240.169319076,POINT (2718424.8173702974 5849240.169319076),24.42002562173557,46.42822509003559,0.0,0.0,1.0,0.0
1328,1328,3983.061143123813,3.983061143123813,Sector 2,32.50740839895286,0.0,0,0.1,2718426.0149271935,5849242.383864378,POINT (2718426.0149271935 5849242.383864378),24.420036379572203,46.428238801949924,0.0,0.0,1.0,0.0
1329,1329,3986.061143123822,3.986061143123822,Sector 2,32.50740837565485,8.794727274156266,0,0.1,2718427.2124840897,5849244.598409679,POINT (2718427.2124840897 5849244.598409679),24.420047137408837,46.428252513860805,0.0,0.0,1.0,0.0
1330,1330,3989.0611431238312,3.989061143123832,Sector 2,32.50740837344949,-33.65090956248484,0,0.1,2718428.410040986,5849246.81295498,POINT (2718428.410040986 5849246.81295498),24.42005789524547,46.42826622576825,0.0,0.0,1.0,0.0
1331,1331,3992.06114312384,3.99206114312384,Sector 2,32.50740838749306,0.0,0,0.1,2718429.6075978824,5849249.027500281,POINT (2718429.6075978824 5849249.027500281),24.420068653082108,46.42827993767223,0.0,0.0,1.0,0.0
1332,1332,3995.0611431241,3.9950611431241,Sector 2,32.50740837431243,0.0,0,0.1,2718430.8051547785,5849251.242045582,POINT (2718430.8051547785 5849251.242045582),24.420079410918742,46.428293649572765,0.0,0.0,1.0,0.0
1333,1333,3998.061143124109,3.998061143124109,Sector 2,32.50740837781024,0.0,0,0.1,2718432.007602084,5849253.453621996,POINT (2718432.007602084 5849253.453621996),24.42009021268667,46.428307343087255,0.0,0.0,1.0,0.0
1334,1334,4001.061143124118,4.001061143124118,Sector 2,32.50740840724433,0.0,0,0.1,2718433.2542671035,5849255.638354544,POINT (2718433.2542671035 5849255.638354544),24.420101411669084,46.42832087038804,0.0,0.0,1.0,0.0
1335,1335,4004.061143124378,4.004061143124378,Sector 2,32.50740838394751,0.0,0,0.1,2718434.5140622663,5849257.814733085,POINT (2718434.5140622663 5849257.814733085),24.42011272860158,46.428334345959634,0.0,0.0,1.0,0.0
1336,1336,4007.061143124387,4.007061143124387,Sector 2,32.507408376040814,0.0,0,0.1,2718436.0044475077,5849259.844399532,POINT (2718436.0044475077 5849259.844399532),24.420126116959995,46.428346913124976,0.0,0.0,1.0,0.0
1337,1337,4010.0611431236102,4.010061143123611,Sector 2,32.507408378680566,0.0,0,0.1,2718437.4948327485,5849261.874065978,POINT (2718437.4948327485 5849261.874065978),24.420139505318406,46.42835948028741,0.0,0.0,1.0,0.0
1338,1338,4013.06114312362,4.01306114312362,Sector 2,32.507408387881924,0.0,0,0.1,2718438.9852179904,5849263.9037324255,POINT (2718438.9852179904 5849263.9037324255),24.420152893676825,46.428372047446956,0.0,0.0,1.0,0.0
1339,1339,4016.06114312388,4.01606114312388,Sector 2,32.50740837470272,0.0,0,0.1,2718440.475603232,5849265.933398872,POINT (2718440.475603232 5849265.933398872),24.420166282035243,46.428384614603594,0.0,0.0,1.0,0.0
1340,1340,4019.061143123889,4.0190611431238885,Sector 2,21.538426063572278,0.0,0,0.1,2718441.965988474,5849267.963065318,POINT (2718441.965988474 5849267.963065318),24.420179670393665,46.42839718175735,0.0,0.0,1.0,0.0
1341,1341,4022.0234219754857,4.022023421975486,Sector 2,13.998713816115584,0.0,0,0.1,2718443.4376340345,5849269.967211315,POINT (2718443.4376340345 5849269.967211315),24.420192890410664,46.428409590892436,0.0,0.0,1.0,0.0
1342,1342,4025.023421974996,4.025023421974996,Sector 2,13.99871381797078,0.0,0,0.1,2718444.928019276,5849271.996877762,POINT (2718444.928019276 5849271.996877762),24.420206278769076,46.428422158040426,0.0,0.0,1.0,0.0
1343,1343,4028.0234219755225,4.028023421975522,Sector 2,13.998713807822696,0.0,0,0.1,2718446.4184045177,5849274.026544209,POINT (2718446.4184045177 5849274.026544209),24.420219667127498,46.428434725185525,0.0,0.0,1.0,0.0
1344,1344,4031.0234219750328,4.031023421975033,Sector 2,10.981158361730593,0.0,0,0.1,2718447.9087897586,5849276.056210655,POINT (2718447.9087897586 5849276.056210655),24.42023305548591,46.42844729232772,0.0,0.0,1.0,0.0
1345,1345,4034.013543069172,4.034013543069172,Sector 2,3.8154993911853694,0.0,0,0.1,2718449.394267209,5849278.079193474,POINT (2718449.394267209 5849278.079193474),24.420246399756888,46.42845981808382,0.0,0.0,1.0,0.0
1346,1346,4037.0135430690384,4.037013543069039,Sector 2,3.815499378741208,0.0,0,0.1,2718450.88465245,5849280.10885992,POINT (2718450.88465245 5849280.10885992),24.420259788115303,46.42847238522023,0.0,0.0,1.0,0.0
1347,1347,4040.013543068874,4.0400135430688735,Sector 2,3.815499393285109,-44.11946984252432,0,0.1,2718452.3750376916,5849282.138526366,POINT (2718452.3750376916 5849282.138526366),24.420273176473714,46.42848495235374,0.0,0.0,1.0,0.0
1348,1348,4043.01354306874,4.04301354306874,Sector 2,3.4815236744873346,0.0,0,0.1,2718453.865422933,5849284.168192813,POINT (2718453.865422933 5849284.168192813),24.420286564832132,46.42849751948436,0.0,0.0,1.0,0.0
1349,1349,4046.0131490873337,4.046013149087334,Sector 2,0.900043581380487,0.0,0,0.1,2718455.4166108994,5849286.14596911,POINT (2718455.4166108994 5849286.14596911),24.42030049939072,46.428509765322794,0.0,0.0,1.0,0.0
1350,1350,4049.013149087532,4.049013149087532,Sector 2,0.9000435878775193,0.0,0,0.1,2718457.155866343,5849287.965014217,POINT (2718457.155866343 5849287.965014217),24.4203161233882,46.42852102833962,0.0,0.0,1.0,0.0
1351,1351,4052.013149086806,4.052013149086807,Sector 2,0.9000435747075812,0.0,0,0.1,2718458.8951217863,5849289.784059324,POINT (2718458.8951217863 5849289.784059324),24.420331747385674,46.4285322913541,0.0,0.0,1.0,0.0
1352,1352,4055.013149087005,4.055013149087005,Sector 2,353.1049042948626,0.0,0,0.1,2718460.6343772304,5849291.603104433,POINT (2718460.6343772304 5849291.603104433),24.42034737138316,46.42854355436628,0.0,0.0,1.0,0.0
1353,1353,4057.992356659197,4.057992356659198,Sector 2,347.2611024315278,0.0,0,0.1,2718462.380374274,5849293.393128195,POINT (2718462.380374274 5849293.393128195),24.420363055941465,46.428554637684215,0.0,0.0,1.0,0.0
1354,1354,4060.992356659102,4.060992356659102,Sector 2,347.2611024391642,0.0,0,0.1,2718464.141324945,5849295.1932276655,POINT (2718464.141324945 5849295.1932276655),24.420378874830483,46.42856578338581,0.0,0.0,1.0,0.0
1355,1355,4063.992356658904,4.063992356658904,Sector 2,347.26110242917747,0.0,0,0.1,2718465.9022756154,5849296.993327136,POINT (2718465.9022756154 5849296.993327136),24.420394693719505,46.428576929085125,0.0,0.0,1.0,0.0
1356,1356,4066.992356658808,4.066992356658808,Sector 2,346.8994147798315,0.0,0,0.1,2718467.663226286,5849298.793426607,POINT (2718467.663226286 5849298.793426607),24.420410512608527,46.428588074782155,0.0,0.0,1.0,0.0
1357,1357,4069.9910691704754,4.069991069170476,Sector 2,339.1192789209702,0.0,0,0.1,2718469.4234212223,5849300.592753543,POINT (2718469.4234212223 5849300.592753543),24.420426324708668,46.428599215693595,0.0,0.0,1.0,0.0
1358,1358,4072.991069170806,4.072991069170806,Sector 2,339.1192789244183,0.0,0,0.1,2718471.184371893,5849302.392853013,POINT (2718471.184371893 5849302.392853013),24.420442143597686,46.42861036138607,0.0,0.0,1.0,0.0
1359,1359,4075.9910691709706,4.07599106917097,Sector 2,339.1192789187278,0.0,0,0.1,2718472.9453225634,5849304.192952485,POINT (2718472.9453225634 5849304.192952485),24.420457962486708,46.42862150707628,0.0,0.0,1.0,0.0
1360,1360,4078.991069170265,4.078991069170264,Sector 2,339.11927890389853,0.0,0,0.1,2718474.7062732335,5849305.993051955,POINT (2718474.7062732335 5849305.993051955),24.420473781375723,46.428632652764186,0.0,0.0,1.0,0.0
1361,1361,4081.991069170595,4.081991069170596,Sector 2,339.119278917838,0.0,0,0.1,2718476.4672239046,5849307.793151426,POINT (2718476.4672239046 5849307.793151426),24.420489600264748,46.42864379844983,0.0,0.0,1.0,0.0
1362,1362,4084.99106917076,4.08499106917076,Sector 2,337.92469473047214,-25.790545601355227,0,0.1,2718478.2281745756,5849309.593250897,POINT (2718478.2281745756 5849309.593250897),24.42050541915377,46.428654944133186,0.0,0.0,1.0,0.0
1363,1363,4087.9906525317897,4.08799065253179,Sector 2,337.1613787260035,0.0,0,0.1,2718479.9888806855,5849311.393100371,POINT (2718479.9888806855 5849311.393100371),24.420521235845865,46.42866608826636,0.0,0.0,1.0,0.0
1364,1364,4090.9906525321057,4.090990652532105,Sector 2,337.16137874371924,0.0,0,0.1,2718481.749831356,5849313.193199842,POINT (2718481.749831356 5849313.193199842),24.420537054734883,46.42867723394517,0.0,0.0,1.0,0.0
1365,1365,4093.990652532241,4.0939906525322405,Sector 2,337.1613787236968,0.0,0,0.1,2718483.510782027,5849314.993299313,POINT (2718483.510782027 5849314.993299313),24.420552873623908,46.42868837962169,0.0,0.0,1.0,0.0
1366,1366,4096.990652531698,4.096990652531698,Sector 2,337.1613787327568,0.0,0,0.1,2718485.2717326977,5849316.793398784,POINT (2718485.2717326977 5849316.793398784),24.420568692512926,46.42869952529593,0.0,0.0,1.0,0.0
1367,1367,4099.990652532014,4.099990652532014,Sector 2,337.1613787393933,0.0,0,0.1,2718487.0326833683,5849318.593498255,POINT (2718487.0326833683 5849318.593498255),24.420584511401945,46.4287106709679,0.0,0.0,1.0,0.0
1368,1368,4102.9906525323295,4.10299065253233,Sector 2,337.1613787394509,0.0,0,0.1,2718488.7936340393,5849320.393597726,POINT (2718488.7936340393 5849320.393597726),24.42060033029097,46.428721816637584,0.0,0.0,1.0,0.0
1369,1369,4105.990652532645,4.105990652532645,Sector 2,337.161378737085,0.0,0,0.1,2718490.5545847095,5849322.193697196,POINT (2718490.5545847095 5849322.193697196),24.42061614917999,46.428732962305,0.0,0.0,1.0,0.0
1370,1370,4108.990652531922,4.108990652531922,Sector 2,337.1613787347189,0.0,0,0.1,2718492.31553538,5849323.993796667,POINT (2718492.31553538 5849323.993796667),24.420631968069006,46.428744107970125,0.0,0.0,1.0,0.0
1371,1371,4111.990652532238,4.111990652532238,Sector 2,337.1613787233505,0.0,0,0.1,2718494.076486051,5849325.793896139,POINT (2718494.076486051 5849325.793896139),24.42064778695803,46.42875525363298,0.0,0.0,1.0,0.0
1372,1372,4114.990652532553,4.114990652532553,Sector 2,337.1613787313711,0.0,0,0.1,2718495.8374367217,5849327.593995609,POINT (2718495.8374367217 5849327.593995609),24.420663605847047,46.42876639929354,0.0,0.0,1.0,0.0
1373,1373,4117.990652532011,4.117990652532011,Sector 2,337.1613787251959,0.0,0,0.1,2718497.5983873922,5849329.39409508,POINT (2718497.5983873922 5849329.39409508),24.42067942473607,46.42877754495184,0.0,0.0,1.0,0.0
1374,1374,4120.990652532327,4.120990652532327,Sector 2,337.1613787391012,0.0,0,0.1,2718499.359338063,5849331.194194552,POINT (2718499.359338063 5849331.194194552),24.42069524362509,46.42878869060785,0.0,0.0,1.0,0.0
1375,1375,4123.990652532462,4.123990652532462,Sector 2,337.16137873188734,-37.19304832044386,0,0.1,2718501.1202887334,5849332.994294022,POINT (2718501.1202887334 5849332.994294022),24.42071106251411,46.42879983626158,0.0,0.0,1.0,0.0
1376,1376,4126.99065253192,4.12699065253192,Sector 2,337.1613787381753,0.0,0,0.1,2718502.881239404,5849334.794393493,POINT (2718502.881239404 5849334.794393493),24.420726881403127,46.42881098191303,0.0,0.0,1.0,0.0
1377,1377,4129.990652532236,4.129990652532236,Sector 2,337.16137872334406,0.0,0,0.1,2718504.6421900745,5849336.594492964,POINT (2718504.6421900745 5849336.594492964),24.42074270029215,46.42882212756221,0.0,0.0,1.0,0.0
1378,1378,4132.990652532551,4.132990652532551,Sector 2,337.16137873240183,31.73762405080952,0,0.1,2718506.4031407456,5849338.394592435,POINT (2718506.4031407456 5849338.394592435),24.42075851918117,46.42883327320911,0.0,0.0,1.0,0.0
1379,1379,4135.990652532009,4.135990652532009,Sector 2,337.16137875011464,0.0,0,0.1,2718508.1640914157,5849340.194691906,POINT (2718508.1640914157 5849340.194691906),24.420774338070185,46.42884441885372,0.0,0.0,1.0,0.0
1380,1380,4138.990652532145,4.1389906525321445,Sector 2,338.90157345487376,0.0,0,0.1,2718509.9250420863,5849341.994791376,POINT (2718509.9250420863 5849341.994791376),24.420790156959203,46.42885556449606,0.0,0.0,1.0,0.0
1381,1381,4141.990612146046,4.141990612146047,Sector 2,338.9523613950072,0.0,0,0.1,2718511.685969051,5849343.794866615,POINT (2718511.685969051 5849343.794866615),24.420805975635272,46.42886670998608,0.0,0.0,1.0,0.0
1382,1382,4144.990612145847,4.144990612145847,Sector 2,338.95236135594644,0.0,0,0.1,2718513.4469197216,5849345.594966086,POINT (2718513.4469197216 5849345.594966086),24.420821794524294,46.42887785562386,0.0,0.0,1.0,0.0
1383,1383,4147.990612145648,4.147990612145648,Sector 2,338.95236137810616,0.0,0,0.1,2718515.2059730706,5849347.3969152225,POINT (2718515.2059730706 5849347.3969152225),24.42083759636938,46.4288890127119,0.0,0.0,1.0,0.0
1384,1384,4150.990612145449,4.150990612145448,Sector 2,338.95236137354794,0.0,0,0.1,2718516.9616452726,5849349.202160583,POINT (2718516.9616452726 5849349.202160583),24.42085336784111,46.42890019020679,0.0,0.0,1.0,0.0
1385,1385,4153.990612146119,4.153990612146119,Sector 2,338.9523613738261,0.0,0,0.1,2718518.7173174745,5849351.007405943,POINT (2718518.7173174745 5849351.007405943),24.42086913931284,46.42891136769939,0.0,0.0,1.0,0.0
1386,1386,4156.99061214592,4.15699061214592,Sector 2,350.27916062179787,0.0,0,0.1,2718520.4729896765,5849352.8126513045,POINT (2718520.4729896765 5849352.8126513045),24.42088491078457,46.428922545189714,0.0,0.0,1.0,0.0
1387,1387,4159.983870612048,4.159983870612048,Sector 2,351.57890325173554,0.0,0,0.1,2718522.22471657,5849354.613839957,POINT (2718522.22471657 5849354.613839957),24.420900646814992,46.428933697559934,0.0,0.0,1.0,0.0
1388,1388,4162.983870612308,4.162983870612308,Sector 2,351.5789032481701,0.0,0,0.1,2718523.9803887727,5849356.419085316,POINT (2718523.9803887727 5849356.419085316),24.420916418286726,46.42894487504566,0.0,0.0,1.0,0.0
1389,1389,4165.983870611647,4.165983870611647,Sector 2,351.5789032599157,0.0,0,0.1,2718525.736060974,5849358.224330677,POINT (2718525.736060974 5849358.224330677),24.42093218975845,46.42895605252911,0.0,0.0,1.0,0.0
1390,1390,4168.983870611907,4.168983870611907,Sector 2,358.57389821004386,0.0,0,0.1,2718527.491733176,5849360.029576037,POINT (2718527.491733176 5849360.029576037),24.42094796123018,46.42896723001025,0.0,0.0,1.0,0.0
1391,1391,4171.966599369333,4.171966599369333,Sector 2,3.9824305330553775,0.0,0,0.1,2718529.237297831,5849361.824428454,POINT (2718529.237297831 5849361.824428454),24.420963641904272,46.42897834313947,0.0,0.0,1.0,0.0
1392,1392,4174.966599368872,4.174966599368872,Sector 2,3.982430519153354,0.0,0,0.1,2718530.992970033,5849363.629673814,POINT (2718530.992970033 5849363.629673814),24.420979413376,46.42898952061605,0.0,0.0,1.0,0.0
1393,1393,4177.96659936934,4.17796659936934,Sector 2,3.9824305133600433,0.0,0,0.1,2718532.748642235,5849365.434919175,POINT (2718532.748642235 5849365.434919175),24.42099518484773,46.429000698090334,0.0,0.0,1.0,0.0
1394,1394,4180.966599368846,4.180966599368846,Sector 2,7.837999502053947,45.82485517963506,0,0.1,2718534.5043144366,5849367.240164535,POINT (2718534.5043144366 5849367.240164535),24.421010956319453,46.429011875562324,0.0,0.0,1.0,0.0
1395,1395,4183.953558677543,4.183953558677543,Sector 2,15.24328598210775,0.0,0,0.1,2718536.252354912,5849369.0375626795,POINT (2718536.252354912 5849369.0375626795),24.42102665923422,46.42902300444473,0.0,0.0,1.0,0.0
1396,1396,4186.953558678042,4.186953558678042,Sector 2,15.24328597002136,0.0,0,0.1,2718538.0080271144,5849370.84280804,POINT (2718538.0080271144 5849370.84280804),24.42104243070595,46.429034181912144,0.0,0.0,1.0,0.0
1397,1397,4189.95355867752,4.18995355867752,Sector 2,18.57778163646992,0.0,0,0.1,2718539.7636993155,5849372.6480534,POINT (2718539.7636993155 5849372.6480534),24.421058202177672,46.42904535937728,0.0,0.0,1.0,0.0
1398,1398,4192.927845243308,4.192927845243308,Sector 2,35.400288718771094,0.0,0,0.1,2718541.5043233973,5849374.437825741,POINT (2718541.5043233973 5849374.437825741),24.42107383846984,46.429056441036465,0.0,0.0,1.0,0.0
1399,1399,4195.92784524298,4.19592784524298,Sector 2,35.40028876761306,0.0,0,0.1,2718543.259995599,5849376.243071102,POINT (2718543.259995599 5849376.243071102),24.42108960994156,46.42906761849703,0.0,0.0,1.0,0.0
1400,1400,4198.927845243681,4.198927845243681,Sector 2,35.400288759786235,0.0,0,0.1,2718545.015667801,5849378.048316462,POINT (2718545.015667801 5849378.048316462),24.42110538141329,46.429078795955306,0.0,0.0,1.0,0.0
1401,1401,4201.927845243623,4.201927845243623,Sector 2,37.70794458449768,0.0,0,0.1,2718546.7713400032,5849379.853561822,POINT (2718546.7713400032 5849379.853561822),24.42112115288503,46.42908997341128,0.0,0.0,1.0,0.0
1402,1402,4204.914024433148,4.204914024433148,Sector 2,50.78673725936875,0.0,0,0.1,2718548.518923934,5849381.650490531,POINT (2718548.518923934 5849381.650490531),24.421136851698577,46.429101099371145,0.0,0.0,1.0,0.0
1403,1403,4207.914024432498,4.207914024432498,Sector 2,50.78673726537608,0.0,0,0.1,2718550.2745961356,5849383.455735891,POINT (2718550.2745961356 5849383.455735891),24.421152623170304,46.42911227682255,0.0,0.0,1.0,0.0
1404,1404,4210.914024432798,4.210914024432798,Sector 2,50.78673725238866,32.82404112349752,0,0.1,2718552.0302683376,5849385.2609812515,POINT (2718552.0302683376 5849385.2609812515),24.421168394642034,46.42912345427167,0.0,0.0,1.0,0.0
1405,1405,4213.914024432738,4.213914024432738,Sector 2,66.20057926981923,0.0,0,0.1,2718553.785940539,5849387.066226613,POINT (2718553.785940539 5849387.066226613),24.42118416611376,46.42913463171849,0.0,0.0,1.0,0.0
1406,1406,4216.914000244626,4.216914000244626,Sector 2,66.20399287224228,0.0,0,0.1,2718555.541598586,5849388.8714574175,POINT (2718555.541598586 5849388.8714574175),24.42119993745833,46.4291458090729,0.0,0.0,1.0,0.0
1407,1407,4219.914000244648,4.219914000244648,Sector 2,66.20399292338868,0.0,0,0.1,2718557.2972707874,5849390.676702778,POINT (2718557.2972707874 5849390.676702778),24.421215708930056,46.42915698651514,0.0,0.0,1.0,0.0
1408,1408,4222.914000244671,4.222914000244671,Sector 2,69.0100430889189,0.0,0,0.1,2718559.05294299,5849392.481948137,POINT (2718559.05294299 5849392.481948137),24.42123148040179,46.429168163955076,0.0,0.0,1.0,0.0
1409,1409,4225.911136563531,4.225911136563531,Sector 2,71.24386573112673,0.0,0,0.1,2718560.6759632896,5849394.393615256,POINT (2718560.6759632896 5849394.393615256),24.421246060241206,46.42918000031836,0.0,0.0,1.0,0.0
1410,1410,4228.911136563263,4.228911136563262,Sector 2,71.24386570821576,0.0,0,0.1,2718562.149234174,5849396.432035256,POINT (2718562.149234174 5849396.432035256),24.421259294858736,46.4291926214876,0.0,0.0,1.0,0.0
1411,1411,4231.911136563294,4.231911136563294,Sector 2,85.6676465480736,0.0,0,0.1,2718563.622505058,5849398.470455254,POINT (2718563.622505058 5849398.470455254),24.421272529476266,46.42920524265391,0.0,0.0,1.0,0.0
1412,1412,4234.895856591622,4.2348958565916215,Sector 2,87.9794121043031,0.0,0,0.1,2718565.088272096,5849400.498492921,POINT (2718565.088272096 5849400.498492921),24.421285696685597,46.42921779953363,0.0,0.0,1.0,0.0
1413,1413,4237.89585659177,4.23789585659177,Sector 2,87.97941213911685,0.0,0,0.1,2718566.5615429804,5849402.53691292,POINT (2718566.5615429804 5849402.53691292),24.421298931303127,46.42923042069411,0.0,0.0,1.0,0.0
1414,1414,4240.895856591886,4.2408958565918855,Sector 2,92.0229226209118,0.0,0,0.1,2718568.0348138646,5849404.575332919,POINT (2718568.0348138646 5849404.575332919),24.421312165920657,46.42924304185167,0.0,0.0,1.0,0.0
1415,1415,4243.881847572989,4.243881847572989,Sector 2,99.60875080840076,18.80307566125501,0,0.1,2718569.4458924923,5849406.644664571,POINT (2718569.4458924923 5849406.644664571),24.421324841855643,46.42925585439998,0.0,0.0,1.0,0.0
1416,1416,4246.881847572784,4.246881847572784,Sector 2,99.60875080516462,0.0,0,0.1,2718570.861008033,5849408.725592891,POINT (2718570.861008033 5849408.725592891),24.42133755405483,46.429268738747616,0.0,0.0,1.0,0.0
1417,1417,4249.881847572735,4.249881847572735,Sector 2,99.60875081789167,0.0,0,0.1,2718572.2761235735,5849410.806521212,POINT (2718572.2761235735 5849410.806521212),24.421350266254017,46.4292816230922,0.0,0.0,1.0,0.0
1418,1418,4252.88184757253,4.25288184757253,Sector 2,99.60875084367956,0.0,0,0.1,2718573.455039033,5849412.961727791,POINT (2718573.455039033 5849412.961727791),24.42136085663178,46.42929496733729,0.0,0.0,1.0,0.0
1419,1419,4255.88184757294,4.25588184757294,Sector 2,113.9224942893403,0.0,0,0.1,2718573.5724304626,5849415.450753711,POINT (2718573.5724304626 5849415.450753711),24.42136191117693,46.4293103784647,0.0,0.0,1.0,0.0
1420,1420,4258.863094172358,4.258863094172358,Sector 2,116.783265759875,0.0,0,0.1,2718573.5929522105,5849417.95050224,POINT (2718573.5929522105 5849417.95050224),24.42136209552693,46.429325855978135,0.0,0.0,1.0,0.0
1421,1421,4261.86309417248,4.26186309417248,Sector 2,116.78326574395784,0.0,0,0.1,2718573.6046441016,5849420.468424546,POINT (2718573.6046441016 5849420.468424546),24.421362200556977,46.4293414460124,0.0,0.0,1.0,0.0
1422,1422,4264.863094172598,4.264863094172598,Sector 2,116.78326575165391,0.0,0,0.1,2718573.6163359927,5849422.98634685,POINT (2718573.6163359927 5849422.98634685),24.42136230558702,46.4293570360422,0.0,0.0,1.0,0.0
1423,1423,4267.8630941723,4.2678630941723,Sector 2,116.78326576849122,0.0,0,0.1,2718572.9426182145,5849425.393565906,POINT (2718572.9426182145 5849425.393565906),24.42135625347725,46.429371940634866,0.0,0.0,1.0,0.0
1424,1424,4270.863094172422,4.270863094172422,Sector 2,116.78326577009308,0.0,0,0.1,2718572.1480505913,5849427.783115733,POINT (2718572.1480505913 5849427.783115733),24.421349115754847,46.4293867358223,0.0,0.0,1.0,0.0
1425,1425,4273.863094172125,4.273863094172125,Sector 2,123.7046444613884,0.0,0,0.1,2718571.3534829677,5849430.172665561,POINT (2718571.3534829677 5849430.172665561),24.42134197803244,46.429401531005716,0.0,0.0,1.0,0.0
1426,1426,4276.83514412803,4.276835144128031,Sector 2,132.55536046420065,0.0,0,0.1,2718570.5663180775,5849432.539952713,POINT (2718570.5663180775 5849432.539952713),24.42133490680992,46.42941618834317,0.0,0.0,1.0,0.0
1427,1427,4279.835144128134,4.279835144128134,Sector 2,132.55536043851873,15.022577586525234,0,0.1,2718569.339422219,5849434.647639797,POINT (2718569.339422219 5849434.647639797),24.421323885416903,46.42942923833287,0.0,0.0,1.0,0.0
1428,1428,4282.83514412795,4.28283514412795,Sector 2,132.5553604600412,0.0,0,0.1,2718567.582411208,5849436.40971052,POINT (2718567.582411208 5849436.40971052),24.42130810191845,46.42944014839628,0.0,0.0,1.0,0.0
1429,1429,4285.835144128054,4.285835144128054,Sector 3,132.5553604724172,0.0,0,0.1,2718565.7622182895,5849438.136264121,POINT (2718565.7622182895 5849438.136264121),24.42129175084726,46.429450838549236,0.0,0.0,1.0,0.0
1430,1430,4288.8351441281575,4.288835144128157,Sector 3,132.55536044408,0.0,0,0.1,2718563.919872178,5849439.850364513,POINT (2718563.919872178 5849439.850364513),24.421275200770555,46.429461451594655,0.0,0.0,1.0,0.0
1431,1431,4291.835144127974,4.291835144127973,Sector 3,132.5553604636837,0.0,0,0.1,2718562.0775260674,5849441.564464904,POINT (2718562.0775260674 5849441.564464904),24.421258650693858,46.429472064638006,0.0,0.0,1.0,0.0
1432,1432,4294.835144128077,4.294835144128077,Sector 3,132.55536045894848,0.0,0,0.1,2718560.2906208187,5849443.329932294,POINT (2718560.2906208187 5849443.329932294),24.421242598650895,46.42948299572368,0.0,0.0,1.0,0.0
1433,1433,4297.835144128181,4.2978351441281815,Sector 3,132.55536043326572,0.0,0,0.1,2718558.7360886564,5849445.310697705,POINT (2718558.7360886564 5849445.310697705),24.421228634050884,46.42949525984814,0.0,0.0,1.0,0.0
1434,1434,4300.835144127997,4.300835144127998,Sector 3,132.55536047647126,0.0,0,0.1,2718557.181556494,5849447.291463116,POINT (2718557.181556494 5849447.291463116),24.42121466945087,46.429507523969846,0.0,0.0,1.0,0.0
1435,1435,4303.835144128101,4.303835144128101,Sector 3,132.72059101184857,0.0,0,0.1,2718555.6270243316,5849449.272228527,POINT (2718555.6270243316 5849449.272228527),24.42120070485086,46.42951978808879,0.0,0.0,1.0,0.0
1436,1436,4306.8349383856885,4.3068349383856885,Sector 3,135.44530281362643,0.0,0,0.1,2718554.0725987805,5849451.252858096,POINT (2718554.0725987805 5849451.252858096),24.421186741208555,46.429532051363886,0.0,0.0,1.0,0.0
1437,1437,4309.834938385871,4.309834938385872,Sector 3,135.44530278424477,0.0,0,0.1,2718552.518066618,5849453.2336235065,POINT (2718552.518066618 5849453.2336235065),24.421172776608543,46.429544315477315,0.0,0.0,1.0,0.0
1438,1438,4312.834938385717,4.312834938385716,Sector 3,135.4453027941023,-10.948680165213917,0,0.1,2718551.013152272,5849455.246203187,POINT (2718551.013152272 5849455.246203187),24.42115925773296,46.42955677656924,0.0,0.0,1.0,0.0
1439,1439,4315.834938385562,4.315834938385562,Sector 3,135.44530281566244,0.0,0,0.1,2718549.8035876965,5849457.448157119,POINT (2718549.8035876965 5849457.448157119),24.421148392029508,46.42957041018786,0.0,0.0,1.0,0.0
1440,1440,4318.834938385745,4.318834938385745,Sector 3,135.44530279316444,0.0,0,0.1,2718548.5940231206,5849459.650111051,POINT (2718548.5940231206 5849459.650111051),24.42113752632605,46.429584043803075,0.0,0.0,1.0,0.0
1441,1441,4321.83493838559,4.321834938385591,Sector 3,135.44530278236903,18.943298412624525,0,0.1,2718547.3844585447,5849461.852064984,POINT (2718547.3844585447 5849461.852064984),24.421126660622594,46.429597677414876,0.0,0.0,1.0,0.0
1442,1442,4324.834938385436,4.324834938385435,Sector 3,135.4453028039286,0.0,0,0.1,2718546.1748939687,5849464.054018916,POINT (2718546.1748939687 5849464.054018916),24.42111579491914,46.42961131102327,0.0,0.0,1.0,0.0
1443,1443,4327.834938385618,4.327834938385618,Sector 3,135.44530279519853,0.0,0,0.1,2718545.1254165554,5849466.297959212,POINT (2718545.1254165554 5849466.297959212),24.421106367303132,46.42962520459073,0.0,0.0,1.0,0.0
1444,1444,4330.834938385464,4.330834938385464,Sector 3,135.4453027912868,0.0,0,0.1,2718544.963703598,5849468.793425876,POINT (2718544.963703598 5849468.793425876),24.421104914610915,46.42964065550322,0.0,0.0,1.0,0.0
1445,1445,4333.834938385973,4.333834938385973,Sector 3,135.44530279425908,0.0,0,0.1,2718544.8318188726,5849471.303952406,POINT (2718544.8318188726 5849471.303952406),24.42110372987027,46.42965619965584,0.0,0.0,1.0,0.0
1446,1446,4336.8349383858185,4.3368349383858185,Sector 3,135.44530280204964,0.0,0,0.1,2718544.6999341478,5849473.814478937,POINT (2718544.6999341478 5849473.814478937),24.42110254512963,46.42967174380402,0.0,0.0,1.0,0.0
1447,1447,4339.834938385337,4.339834938385337,Sector 3,135.44530280708727,0.0,0,0.1,2718544.5680494225,5849476.325005466,POINT (2718544.5680494225 5849476.325005466),24.421101360388985,46.429687287947765,0.0,0.0,1.0,0.0
1448,1448,4342.834938385847,4.342834938385847,Sector 3,135.44530279629072,0.0,0,0.1,2718544.5192657695,5849478.836774332,POINT (2718544.5192657695 5849478.836774332),24.421100922157976,46.42970283977912,0.0,0.0,1.0,0.0
1449,1449,4345.834938385692,4.345834938385692,Sector 3,135.44530279031244,0.0,0,0.1,2718545.2531551407,5849481.221760052,POINT (2718545.2531551407 5849481.221760052),24.421107514798365,46.42971760661768,0.0,0.0,1.0,0.0
1450,1450,4348.834938385211,4.348834938385211,Sector 3,135.4453027974153,0.0,0,0.1,2718546.110634164,5849483.586086106,POINT (2718546.110634164 5849483.586086106),24.421115217663488,46.42973224553625,0.0,0.0,1.0,0.0
1451,1451,4351.83493838572,4.35183493838572,Sector 3,135.4453027914367,0.0,0,0.1,2718546.9681131877,5849485.950412159,POINT (2718546.9681131877 5849485.950412159),24.421122920528617,46.42974688445088,0.0,0.0,1.0,0.0
1452,1452,4354.834938385566,4.354834938385566,Sector 3,135.44530279922634,0.0,0,0.1,2718547.8255922114,5849488.314738211,POINT (2718547.8255922114 5849488.314738211),24.421130623393747,46.42976152336157,0.0,0.0,1.0,0.0
1453,1453,4357.8349383857485,4.357834938385748,Sector 3,135.44530279049468,0.0,0,0.1,2718548.6955285333,5849490.674831869,POINT (2718548.6955285333 5849490.674831869),24.421138438164686,46.42977613606314,0.0,0.0,1.0,0.0
1454,1454,4360.834938385594,4.360834938385594,Sector 3,135.4453027845156,0.0,0,0.1,2718549.614977916,5849493.018103352,POINT (2718549.614977916 5849493.018103352),24.421146697719017,46.42979064460504,0.0,0.0,1.0,0.0
1455,1455,4363.834938385439,4.363834938385439,Sector 3,135.4453027985018,1.8067964036137367,0,0.1,2718550.5344272987,5849495.361374834,POINT (2718550.5344272987 5849495.361374834),24.421154957273355,46.429805153143086,0.0,0.0,1.0,0.0
1456,1456,4366.834938385949,4.366834938385948,Sector 3,135.4453028090436,0.0,0,0.1,2718551.4538766816,5849497.704646317,POINT (2718551.4538766816 5849497.704646317),24.42116321682769,46.429819661677264,0.0,0.0,1.0,0.0
1457,1457,4369.834938385468,4.369834938385467,Sector 3,135.4453027837901,0.0,0,0.1,2718552.373326065,5849500.0479178,POINT (2718552.373326065 5849500.0479178),24.421171476382035,46.42983417020758,0.0,0.0,1.0,0.0
1458,1458,4372.834938385977,4.372834938385977,Sector 3,135.44530281223126,0.0,0,0.1,2718553.292775448,5849502.391189283,POINT (2718553.292775448 5849502.391189283),24.42117973593637,46.42984867873404,0.0,0.0,1.0,0.0
1459,1459,4375.834938385822,4.375834938385823,Sector 3,135.44530280418576,-5.936484302531804,0,0.1,2718554.313442054,5849504.689403086,POINT (2718554.313442054 5849504.689403086),24.421188904740493,46.42986290827902,0.0,0.0,1.0,0.0
1460,1460,4378.834938385341,4.378834938385341,Sector 3,135.4453027927001,0.0,0,0.1,2718555.4574536495,5849506.932708855,POINT (2718555.4574536495 5849506.932708855),24.421199181571506,46.42987679785364,0.0,0.0,1.0,0.0
1461,1461,4381.83493838585,4.38183493838585,Sector 3,135.4453028142566,0.0,0,0.1,2718556.601465245,5849509.176014625,POINT (2718556.601465245 5849509.176014625),24.42120945840252,46.429890687424724,0.0,0.0,1.0,0.0
1462,1462,4384.834938385696,4.384834938385696,Sector 3,135.44530276697128,0.0,0,0.1,2718557.74547684,5849511.419320394,POINT (2718557.74547684 5849511.419320394),24.42121973523353,46.42990457699227,0.0,0.0,1.0,0.0
1463,1463,4387.834938385215,4.387834938385215,Sector 3,135.44530280642715,0.0,0,0.1,2718558.889488435,5849513.662626164,POINT (2718558.889488435 5849513.662626164),24.421230012064537,46.42991846655628,0.0,0.0,1.0,0.0
1464,1464,4390.834938385724,4.390834938385724,Sector 3,135.44530282316464,0.0,0,0.1,2718560.03350003,5849515.905931933,POINT (2718560.03350003 5849515.905931933),24.42124028889555,46.429932356116744,0.0,0.0,1.0,0.0
1465,1465,4393.834938385569,4.393834938385569,Sector 3,135.44530277794456,0.0,0,0.1,2718561.1775116255,5849518.149237703,POINT (2718561.1775116255 5849518.149237703),24.421250565726563,46.429946245673676,0.0,0.0,1.0,0.0
1466,1466,4396.834938386079,4.396834938386078,Sector 3,135.4453028063844,0.0,0,0.1,2718562.3215232207,5849520.392543472,POINT (2718562.3215232207 5849520.392543472),24.42126084255758,46.429960135227056,0.0,0.0,1.0,0.0
1467,1467,4399.8349383855975,4.399834938385598,Sector 3,135.44530279765047,0.0,0,0.1,2718563.4655348156,5849522.635849242,POINT (2718563.4655348156 5849522.635849242),24.421271119388585,46.42997402477691,0.0,0.0,1.0,0.0
1468,1468,4402.834938385443,4.402834938385443,Sector 3,135.445302800619,0.0,0,0.1,2718564.6095464113,5849524.879155011,POINT (2718564.6095464113 5849524.879155011),24.4212813962196,46.42998791432321,0.0,0.0,1.0,0.0
1469,1469,4405.834938385952,4.4058349383859525,Sector 3,135.44530279463754,0.0,0,0.1,2718565.7535580066,5849527.122460781,POINT (2718565.7535580066 5849527.122460781),24.421291673050614,46.430001803865984,0.0,0.0,1.0,0.0
1470,1470,4408.834938385471,4.408834938385471,Sector 3,135.4453027927873,7.467360359390825,0,0.1,2718566.8975696014,5849529.3657665495,POINT (2718566.8975696014 5849529.3657665495),24.421301949881624,46.43001569340521,0.0,0.0,1.0,0.0
1471,1471,4411.8349383853165,4.411834938385317,Sector 3,135.4453028026395,0.0,0,0.1,2718568.0415811967,5849531.609072319,POINT (2718568.0415811967 5849531.609072319),24.421312226712637,46.430029582940904,0.0,0.0,1.0,0.0
1472,1472,4414.834938385826,4.414834938385826,Sector 3,135.4453027622369,0.0,0,0.1,2718569.185592792,5849533.852378089,POINT (2718569.185592792 5849533.852378089),24.42132250354365,46.43004347247306,0.0,0.0,1.0,0.0
1473,1473,4417.834938385345,4.417834938385345,Sector 3,135.44530283611164,0.0,0,0.1,2718570.329604387,5849536.095683859,POINT (2718570.329604387 5849536.095683859),24.42133278037466,46.43005736200167,0.0,0.0,1.0,0.0
1474,1474,4420.834938385854,4.420834938385854,Sector 3,135.4453027860718,0.0,0,0.1,2718571.4736159826,5849538.3389896285,POINT (2718571.4736159826 5849538.3389896285),24.42134305720567,46.43007125152675,0.0,0.0,1.0,0.0
1475,1475,4423.834938385699,4.423834938385699,Sector 3,135.44530279179202,0.0,0,0.1,2718572.617627578,5849540.582295397,POINT (2718572.617627578 5849540.582295397),24.421353334036684,46.43008514104827,0.0,0.0,1.0,0.0
1476,1476,4426.834938385218,4.426834938385218,Sector 3,135.4453027899408,0.0,0,0.1,2718573.761639173,5849542.825601166,POINT (2718573.761639173 5849542.825601166),24.4213636108677,46.43009903056626,0.0,0.0,1.0,0.0
1477,1477,4429.834938385728,4.429834938385728,Sector 3,140.5626361349502,0.0,0,0.1,2718574.9056507684,5849545.068906937,POINT (2718574.9056507684 5849545.068906937),24.421373887698714,46.430112920080724,0.0,0.0,1.0,0.0
1478,1478,4432.829089547509,4.432829089547509,Sector 3,143.0643966571589,0.0,0,0.1,2718576.047431984,5849547.307839128,POINT (2718576.047431984 5849547.307839128),24.42138414449388,46.43012678251247,0.0,0.0,1.0,0.0
1479,1479,4435.829089547368,4.435829089547369,Sector 3,143.0643966485789,0.0,0,0.1,2718577.191443579,5849549.551144898,POINT (2718577.191443579 5849549.551144898),24.42139442132489,46.43014067201985,0.0,0.0,1.0,0.0
1480,1480,4438.829089547227,4.438829089547228,Sector 3,143.0643966508086,4.248116679696549,0,0.1,2718578.335455174,5849551.794450667,POINT (2718578.335455174 5849551.794450667),24.421404698155904,46.430154561523686,0.0,0.0,1.0,0.0
1481,1481,4441.82908954755,4.44182908954755,Sector 3,143.06439666581343,0.0,0,0.1,2718579.4794667694,5849554.0377564365,POINT (2718579.4794667694 5849554.0377564365),24.421414974986913,46.430168451023995,0.0,0.0,1.0,0.0
1482,1482,4444.829089547409,4.444829089547409,Sector 3,145.4086826953348,0.0,0,0.1,2718580.623478365,5849556.281062206,POINT (2718580.623478365 5849556.281062206),24.421425251817933,46.43018234052076,0.0,0.0,1.0,0.0
1483,1483,4447.82200717459,4.44782200717459,Sector 3,152.02006694874115,0.0,0,0.1,2718581.7647891873,5849558.519072,POINT (2718581.7647891873 5849558.519072),24.421435504387485,46.43019619722379,0.0,0.0,1.0,0.0
1484,1484,4450.82200717443,4.4508220071744296,Sector 3,152.02006694489137,0.0,0,0.1,2718582.9088007826,5849560.762377769,POINT (2718582.9088007826 5849560.762377769),24.4214457812185,46.43021008671348,0.0,0.0,1.0,0.0
1485,1485,4453.822007174488,4.453822007174488,Sector 3,152.02006694290867,0.0,0,0.1,2718584.052812378,5849563.0056835385,POINT (2718584.052812378 5849563.0056835385),24.421456058049515,46.43022397619963,0.0,0.0,1.0,0.0
1486,1486,4456.822007174546,4.456822007174546,Sector 3,156.47082004837944,0.0,0,0.1,2718585.1968239737,5849565.248989308,POINT (2718585.1968239737 5849565.248989308),24.421466334880527,46.43023786568226,0.0,0.0,1.0,0.0
1487,1487,4459.803014798633,4.4598030147986325,Sector 3,165.81399516508236,7.8715407045879004,0,0.1,2718586.333593069,5849567.478093175,POINT (2718586.333593069 5849567.478093175),24.42147654665106,46.43025166722993,0.0,0.0,1.0,0.0
1488,1488,4462.803014798781,4.462803014798781,Sector 3,165.81399515275712,0.0,0,0.1,2718587.4776046644,5849569.721398945,POINT (2718587.4776046644 5849569.721398945),24.42148682348207,46.43026555670549,0.0,0.0,1.0,0.0
1489,1489,4465.803014799044,4.465803014799044,Sector 3,165.81399515528972,0.0,0,0.1,2718588.6216162597,5849571.964704715,POINT (2718588.6216162597 5849571.964704715),24.421497100313083,46.43027944617751,0.0,0.0,1.0,0.0
1490,1490,4468.803014799192,4.468803014799192,Sector 3,167.70650300469867,0.0,0,0.1,2718589.765627855,5849574.2080104835,POINT (2718589.765627855 5849574.2080104835),24.421507377144096,46.430293335645985,0.0,0.0,1.0,0.0
1491,1491,4471.795248799963,4.471795248799963,Sector 3,176.67971289358104,0.0,0,0.1,2718590.9066779856,5849576.445509084,POINT (2718590.9066779856 5849576.445509084),24.42151762737182,46.430307189155734,0.0,0.0,1.0,0.0
1492,1492,4474.79524880055,4.47479524880055,Sector 3,176.67971287246075,0.0,0,0.1,2718592.0506895813,5849578.688814854,POINT (2718592.0506895813 5849578.688814854),24.421527904202836,46.430321078617155,0.0,0.0,1.0,0.0
1493,1493,4477.795248800236,4.477795248800236,Sector 3,176.67971288623016,0.0,0,0.1,2718593.1947011766,5849580.932120623,POINT (2718593.1947011766 5849580.932120623),24.421538181033846,46.430334968075016,0.0,0.0,1.0,0.0
1494,1494,4480.795248799894,4.480795248799894,Sector 3,176.67971287413366,0.0,0,0.1,2718594.3387127714,5849583.175426392,POINT (2718594.3387127714 5849583.175426392),24.421548457864855,46.430348857529346,0.0,0.0,1.0,0.0
1495,1495,4483.7952488005085,4.483795248800509,Sector 3,176.76747960027706,0.0,0,0.1,2718595.482724367,5849585.418732162,POINT (2718595.482724367 5849585.418732162),24.421558734695875,46.43036274698014,0.0,0.0,1.0,0.0
1496,1496,4486.795248600419,4.486795248600418,Sector 3,176.77246429647732,2.5947894876708504,0,0.1,2718596.626735886,5849587.662037781,POINT (2718596.626735886 5849587.662037781),24.4215690115262,46.43037663642646,0.0,0.0,1.0,0.0
1497,1497,4489.795248600656,4.4897952486006565,Sector 3,176.77246428812623,0.0,0,0.1,2718597.7707474814,5849589.905343551,POINT (2718597.7707474814 5849589.905343551),24.42157928835721,46.43039052587017,0.0,0.0,1.0,0.0
1498,1498,4492.795248600867,4.492795248600867,Sector 3,176.77246429383024,0.0,0,0.1,2718598.9147590767,5849592.148649321,POINT (2718598.9147590767 5849592.148649321),24.421589565188224,46.43040441531034,0.0,0.0,1.0,0.0
1499,1499,4495.795248600148,4.495795248600148,Sector 3,176.7724642803853,0.0,0,0.1,2718600.0587706715,5849594.39195509,POINT (2718600.0587706715 5849594.39195509),24.421599842019234,46.43041830474697,0.0,0.0,1.0,0.0
1500,1500,4498.795248600385,4.498795248600385,Sector 3,179.33990971458968,0.0,0,0.1,2718601.202782267,5849596.6352608595,POINT (2718601.202782267 5849596.6352608595),24.421610118850246,46.43043219418007,0.0,0.0,1.0,0.0
1501,1501,4501.787421245476,4.501787421245476,Sector 3,186.0121399406501,0.0,0,0.1,2718602.343809,5849598.872713579,POINT (2718602.343809 5849598.872713579),24.42162036886779,46.43044604737046,0.0,0.0,1.0,0.0
1502,1502,4504.787421245344,4.504787421245345,Sector 3,186.0121399477568,0.0,0,0.1,2718603.4878205955,5849601.116019349,POINT (2718603.4878205955 5849601.116019349),24.4216306456988,46.43045993679648,0.0,0.0,1.0,0.0
1503,1503,4507.787421246089,4.507787421246089,Sector 3,186.01213995122183,0.0,0,0.1,2718604.631832191,5849603.359325118,POINT (2718604.631832191 5849603.359325118),24.421640922529814,46.430473826218964,0.0,0.0,1.0,0.0
1504,1504,4510.787421245908,4.510787421245908,Sector 3,186.01213994590677,0.0,0,0.1,2718605.775843786,5849605.602630887,POINT (2718605.775843786 5849605.602630887),24.421651199360824,46.4304877156379,0.0,0.0,1.0,0.0
1505,1505,4513.787421245727,4.513787421245727,Sector 3,193.20123242207197,0.0,0,0.1,2718606.9198553814,5849607.845936657,POINT (2718606.9198553814 5849607.845936657),24.42166147619184,46.430501605053315,0.0,0.0,1.0,0.0
1506,1506,4516.750285457099,4.5167502854571,Sector 3,204.52476537708463,0.0,0,0.1,2718608.049705719,5849610.061473451,POINT (2718608.049705719 5849610.061473451),24.421671625810113,46.43051532253378,0.0,0.0,1.0,0.0
1507,1507,4519.750285456545,4.519750285456545,Sector 3,204.52476537838808,0.0,0,0.1,2718609.193717314,5849612.304779219,POINT (2718609.193717314 5849612.304779219),24.42168190264112,46.430529211942144,0.0,0.0,1.0,0.0
1508,1508,4522.750285457031,4.522750285457031,Sector 3,204.52476537544825,0.0,0,0.1,2718610.337728909,5849614.548084989,POINT (2718610.337728909 5849614.548084989),24.42169217947213,46.43054310134697,0.0,0.0,1.0,0.0
1509,1509,4525.750285456476,4.525750285456477,Sector 3,211.17371083113,-7.345277752507623,0,0.1,2718611.4817405045,5849616.791390758,POINT (2718611.4817405045 5849616.791390758),24.421702456303144,46.43055699074826,0.0,0.0,1.0,0.0
1510,1510,4528.749755075721,4.5287497550757205,Sector 3,211.3481081348397,0.0,0,0.1,2718612.5361518185,5849619.077564148,POINT (2718612.5361518185 5849619.077564148),24.421711928241134,46.43057114556028,0.0,0.0,1.0,0.0
1511,1511,4531.749755075229,4.531749755075229,Sector 3,211.3481081383916,0.0,0,0.1,2718613.589038724,5849621.364969759,POINT (2718613.589038724 5849621.364969759),24.421721386485135,46.430585307997895,0.0,0.0,1.0,0.0
1512,1512,4534.749755075774,4.534749755075774,Sector 3,211.34810810930512,3.1976486605452483,0,0.1,2718614.6419256297,5849623.652375371,POINT (2718614.6419256297 5849623.652375371),24.42173084472913,46.430599470431844,0.0,0.0,1.0,0.0
1513,1513,4537.749755076078,4.537749755076078,Sector 3,211.4383228591784,0.0,0,0.1,2718615.6948125353,5849625.939780983,POINT (2718615.6948125353 5849625.939780983),24.421740302973127,46.430613632862105,0.0,0.0,1.0,0.0
1514,1514,4540.749640586009,4.540749640586009,Sector 3,214.2152503710774,0.0,0,0.1,2718616.743405016,5849628.229147215,POINT (2718616.743405016 5849628.229147215),24.42174972263965,46.430627807427825,0.0,0.0,1.0,0.0
1515,1515,4543.749640586784,4.5437496405867845,Sector 3,214.21525038166268,0.0,0,0.1,2718617.7918966766,5849630.51866862,POINT (2718617.7918966766 5849630.51866862),24.42175914140049,46.43064198295061,0.0,0.0,1.0,0.0
1516,1516,4546.749640586527,4.546749640586527,Sector 3,214.21525037032745,0.0,0,0.1,2718618.840388336,5849632.808190023,POINT (2718618.840388336 5849632.808190023),24.421768560161322,46.43065615846969,0.0,0.0,1.0,0.0
1517,1517,4549.749640586531,4.549749640586532,Sector 3,214.21525039761391,0.0,0,0.1,2718619.8888799963,5849635.097711426,POINT (2718619.8888799963 5849635.097711426),24.421777978922155,46.43067033398509,0.0,0.0,1.0,0.0
1518,1518,4552.749640586536,4.552749640586536,Sector 3,214.21525035832053,0.0,0,0.1,2718620.937371656,5849637.38723283,POINT (2718620.937371656 5849637.38723283),24.421787397682987,46.430684509496814,0.0,0.0,1.0,0.0
1519,1519,4555.749640586279,4.555749640586279,Sector 3,214.2152503802388,0.0,0,0.1,2718621.985863316,5849639.676754233,POINT (2718621.985863316 5849639.676754233),24.42179681644382,46.43069868500485,0.0,0.0,1.0,0.0
1520,1520,4558.749640586283,4.558749640586283,Sector 3,214.2152503744217,0.0,0,0.1,2718623.0343549754,5849641.966275637,POINT (2718623.0343549754 5849641.966275637),24.421806235204652,46.43071286050918,0.0,0.0,1.0,0.0
1521,1521,4561.749640586288,4.561749640586288,Sector 3,214.21525037389912,0.0,0,0.1,2718624.082846635,5849644.255797041,POINT (2718624.082846635 5849644.255797041),24.42181565396548,46.43072703600985,0.0,0.0,1.0,0.0
1522,1522,4564.74964058603,4.56474964058603,Sector 3,214.2152503956692,0.0,0,0.1,2718625.131338295,5849646.545318444,POINT (2718625.131338295 5849646.545318444),24.421825072726318,46.43074121150681,0.0,0.0,1.0,0.0
1523,1523,4567.749640586035,4.567749640586035,Sector 3,214.215250367709,0.0,0,0.1,2718626.179829955,5849648.834839848,POINT (2718626.179829955 5849648.834839848),24.421834491487154,46.43075538700009,0.0,0.0,1.0,0.0
1524,1524,4570.74964058681,4.5707496405868095,Sector 3,214.21525036718705,0.0,0,0.1,2718627.2283216147,5849651.1243612515,POINT (2718627.2283216147 5849651.1243612515),24.421843910247983,46.43076956248969,0.0,0.0,1.0,0.0
1525,1525,4573.749640586552,4.573749640586552,Sector 3,214.21525037248009,0.0,0,0.1,2718628.2768132747,5849653.413882655,POINT (2718628.2768132747 5849653.413882655),24.42185332900882,46.43078373797559,0.0,0.0,1.0,0.0
1526,1526,4576.749640586557,4.576749640586557,Sector 3,214.21525038858485,0.0,0,0.1,2718629.3253049348,5849655.703404059,POINT (2718629.3253049348 5849655.703404059),24.42186274776965,46.430797913457816,0.0,0.0,1.0,0.0
1527,1527,4579.749640586299,4.579749640586299,Sector 3,214.21525039380396,0.0,0,0.1,2718630.3737965943,5849657.992925462,POINT (2718630.3737965943 5849657.992925462),24.421872166530484,46.43081208893636,0.0,0.0,1.0,0.0
1528,1528,4582.749640586304,4.582749640586304,Sector 3,214.21525037687945,-4.609640602967204,0,0.1,2718631.422288254,5849660.282446865,POINT (2718631.422288254 5849660.282446865),24.421881585291313,46.4308262644112,0.0,0.0,1.0,0.0
1529,1529,4585.7496405863085,4.585749640586308,Sector 3,214.21525037084112,0.0,0,0.1,2718632.470779914,5849662.57196827,POINT (2718632.470779914 5849662.57196827),24.42189100405215,46.43084043988236,0.0,0.0,1.0,0.0
1530,1530,4588.749640586051,4.588749640586051,Sector 3,214.2152503816525,7.831479014077406,0,0.1,2718633.5192715735,5849664.861489672,POINT (2718633.5192715735 5849664.861489672),24.42190042281298,46.43085461534983,0.0,0.0,1.0,0.0
1531,1531,4591.749640586056,4.591749640586055,Sector 3,214.2152503757633,0.0,0,0.1,2718634.567763233,5849667.151011076,POINT (2718634.567763233 5849667.151011076),24.42190984157381,46.43086879081361,0.0,0.0,1.0,0.0
1532,1532,4594.74964058606,4.59474964058606,Sector 3,214.2152503698,0.0,0,0.1,2718635.1748447306,5849669.530773759,POINT (2718635.1748447306 5849669.530773759),24.42191529507969,46.43088352499812,0.0,0.0,1.0,0.0
1533,1533,4597.749640586573,4.597749640586573,Sector 3,214.21525036398555,0.0,0,0.1,2718635.2245668233,5849672.024482223,POINT (2718635.2245668233 5849672.024482223),24.421915741740847,46.4308989646681,0.0,0.0,1.0,0.0
1534,1534,4600.749640586578,4.600749640586578,Sector 3,214.1416664006485,0.0,0,0.1,2718635.260471655,5849674.521733186,POINT (2718635.260471655 5849674.521733186),24.421916064279436,46.430914426266895,0.0,0.0,1.0,0.0
1535,1535,4603.749640476085,4.603749640476085,Sector 3,214.138381605291,0.0,0,0.1,2718635.2194100358,5849677.03871688,POINT (2718635.2194100358 5849677.03871688),24.421915695416637,46.43093001003541,0.0,0.0,1.0,0.0
1536,1536,4606.749640475656,4.606749640475655,Sector 3,214.1383816241835,0.0,0,0.1,2718635.178348415,5849679.555700665,POINT (2718635.178348415 5849679.555700665),24.421915326553822,46.43094559380006,0.0,0.0,1.0,0.0
1537,1537,4609.749640476259,4.609749640476259,Sector 3,214.13838163197292,0.0,0,0.1,2718635.1372867944,5849682.072684452,POINT (2718635.1372867944 5849682.072684452),24.42191495769101,46.43096117756025,0.0,0.0,1.0,0.0
1538,1538,4612.7496404760905,4.612749640476091,Sector 3,214.13838162315292,0.0,0,0.1,2718635.096225173,5849684.589668238,POINT (2718635.096225173 5849684.589668238),24.42191458882819,46.430976761315975,0.0,0.0,1.0,0.0
1539,1539,4615.749640475661,4.615749640475661,Sector 3,214.1383816255268,0.0,0,0.1,2718635.055163553,5849687.106652023,POINT (2718635.055163553 5849687.106652023),24.421914219965377,46.430992345067246,0.0,0.0,1.0,0.0
1540,1540,4618.749640476264,4.618749640476264,Sector 3,214.13838162772,0.0,0,0.1,2718635.014101932,5849689.62363581,POINT (2718635.014101932 5849689.62363581),24.421913851102563,46.43100792881407,0.0,0.0,1.0,0.0
1541,1541,4621.749640475835,4.6217496404758345,Sector 3,214.13838160806853,0.0,0,0.1,2718634.9730403116,5849692.140619596,POINT (2718634.9730403116 5849692.140619596),24.42191348223975,46.43102351255643,0.0,0.0,1.0,0.0
1542,1542,4624.749640475667,4.624749640475667,Sector 3,214.13838162136545,0.0,0,0.1,2718634.9319786904,5849694.657603381,POINT (2718634.9319786904 5849694.657603381),24.42191311337693,46.43103909629434,0.0,0.0,1.0,0.0
1543,1543,4627.74964047627,4.62774964047627,Sector 3,214.13838163998815,0.0,0,0.1,2718634.8909170697,5849697.174587168,POINT (2718634.8909170697 5849697.174587168),24.421912744514117,46.43105468002779,0.0,0.0,1.0,0.0
1544,1544,4630.74964047584,4.63074964047584,Sector 3,214.1383816316213,0.0,0,0.1,2718634.849855449,5849699.6915709535,POINT (2718634.849855449 5849699.6915709535),24.4219123756513,46.431070263756794,0.0,0.0,1.0,0.0
1545,1545,4633.749640475672,4.633749640475672,Sector 3,214.13838162821872,0.0,0,0.1,2718634.8087938284,5849702.208554739,POINT (2718634.8087938284 5849702.208554739),24.42191200678849,46.43108584748132,0.0,0.0,1.0,0.0
1546,1546,4636.749640476275,4.636749640476275,Sector 3,214.13838161940035,-6.833878917295363,0,0.1,2718634.7677322077,5849704.725538526,POINT (2718634.7677322077 5849704.725538526),24.42191163792567,46.431101431201405,0.0,0.0,1.0,0.0
1547,1547,4639.749640475846,4.639749640475846,Sector 3,214.1383816272822,0.0,0,0.1,2718634.7266705865,5849707.242522311,POINT (2718634.7266705865 5849707.242522311),24.421911269062853,46.43111701491704,0.0,0.0,1.0,0.0
1548,1548,4642.749640475678,4.642749640475677,Sector 3,214.13838161846425,13.065683584898911,0,0.1,2718634.68176996,5849709.759523264,POINT (2718634.68176996 5849709.759523264),24.421910865713663,46.4311325987345,0.0,0.0,1.0,0.0
1549,1549,4645.74964047602,4.645749640476019,Sector 3,214.13838163185287,0.0,0,0.1,2718634.61134932,5849712.276638331,POINT (2718634.61134932 5849712.276638331),24.42191023311429,46.43114818325403,0.0,0.0,1.0,0.0
1550,1550,4648.749640475851,4.648749640475852,Sector 3,214.13838162312567,0.0,0,0.1,2718634.5409286804,5849714.793753399,POINT (2718634.5409286804 5849714.793753399),24.421909600514923,46.431163767769114,0.0,0.0,1.0,0.0
1551,1551,4651.749640475683,4.651749640475683,Sector 3,214.13838161430837,0.0,0,0.1,2718634.4705080404,5849717.310868466,POINT (2718634.4705080404 5849717.310868466),24.42190896791555,46.431179352279734,0.0,0.0,1.0,0.0
1552,1552,4654.749640476025,4.654749640476025,Sector 3,214.13838163320403,0.0,0,0.1,2718634.4000874,5849719.827983533,POINT (2718634.4000874 5849719.827983533),24.42190833531617,46.43119493678589,0.0,0.0,1.0,0.0
1553,1553,4657.749640475857,4.657749640475857,Sector 3,214.13838160786784,0.0,0,0.1,2718634.32966676,5849722.3450986,POINT (2718634.32966676 5849722.3450986),24.421907702716798,46.4312105212876,0.0,0.0,1.0,0.0
1554,1554,4660.749640475427,4.660749640475427,Sector 3,214.1383816102447,0.0,0,0.1,2718634.2592461198,5849724.8622136675,POINT (2718634.2592461198 5849724.8622136675),24.421907070117427,46.43122610578485,0.0,0.0,1.0,0.0
1555,1555,4663.74964047603,4.663749640476031,Sector 3,214.1383816401538,0.0,0,0.1,2718634.18882548,5849727.379328735,POINT (2718634.18882548 5849727.379328735),24.42190643751806,46.43124169027765,0.0,0.0,1.0,0.0
1556,1556,4666.749640475862,4.666749640475862,Sector 3,214.1383816202342,0.0,0,0.1,2718634.11840484,5849729.896443802,POINT (2718634.11840484 5849729.896443802),24.421905804918683,46.431257274766,0.0,0.0,1.0,0.0
1557,1557,4669.749640476204,4.669749640476204,Sector 3,214.13838162252128,0.0,0,0.1,2718634.0479841996,5849732.413558869,POINT (2718634.0479841996 5849732.413558869),24.42190517231931,46.43127285924988,0.0,0.0,1.0,0.0
1558,1558,4672.749640476036,4.672749640476036,Sector 3,214.13838162480852,0.0,0,0.1,2718633.9775635595,5849734.930673936,POINT (2718633.9775635595 5849734.930673936),24.421904539719936,46.4312884437293,0.0,0.0,1.0,0.0
1559,1559,4675.749640475607,4.675749640475607,Sector 3,214.13838162168,0.0,0,0.1,2718633.9071429195,5849737.447789003,POINT (2718633.9071429195 5849737.447789003),24.421903907120562,46.43130402820427,0.0,0.0,1.0,0.0
1560,1560,4678.74964047621,4.67874964047621,Sector 3,214.13838163507089,0.0,0,0.1,2718633.83672228,5849739.964904071,POINT (2718633.83672228 5849739.964904071),24.421903274521195,46.43131961267479,0.0,0.0,1.0,0.0
1561,1561,4681.749640476041,4.681749640476041,Sector 3,214.13838162616517,0.0,0,0.1,2718633.76630164,5849742.482019138,POINT (2718633.76630164 5849742.482019138),24.42190264192182,46.43133519714085,0.0,0.0,1.0,0.0
1562,1562,4684.749640475612,4.684749640475612,Sector 3,214.1383816120244,0.0,0,0.1,2718633.695881,5849744.999134204,POINT (2718633.695881 5849744.999134204),24.421902009322448,46.431350781602454,0.0,0.0,1.0,0.0
1563,1563,4687.749640476215,4.687749640476215,Sector 3,214.13838162532548,0.0,0,0.1,2718633.6254603593,5849747.516249272,POINT (2718633.6254603593 5849747.516249272),24.421901376723074,46.4313663660596,0.0,0.0,1.0,0.0
1564,1564,4690.749640476047,4.690749640476047,Sector 3,214.138381605498,0.0,0,0.1,2718633.5550397197,5849750.033364339,POINT (2718633.5550397197 5849750.033364339),24.421900744123704,46.43138195051229,0.0,0.0,1.0,0.0
1565,1565,4693.7496404756175,4.693749640475618,Sector 3,214.1383816409154,-11.2652035249891,0,0.1,2718633.4846190796,5849752.550479406,POINT (2718633.4846190796 5849752.550479406),24.42190011152433,46.43139753496052,0.0,0.0,1.0,0.0
1566,1566,4696.7496404762205,4.69674964047622,Sector 3,214.1383816155819,8.381591153208927,0,0.1,2718633.4141984396,5849755.067594473,POINT (2718633.4141984396 5849755.067594473),24.421899478924956,46.4314131194043,0.0,0.0,1.0,0.0
1567,1567,4699.749640475791,4.699749640475791,Sector 3,214.13838163457095,0.0,0,0.1,2718633.3437777995,5849757.58470954,POINT (2718633.3437777995 5849757.58470954),24.421898846325586,46.431428703843615,0.0,0.0,1.0,0.0
1568,1568,4702.749640475623,4.702749640475623,Sector 3,214.13838162025067,0.0,0,0.1,2718633.273357159,5849760.101824607,POINT (2718633.273357159 5849760.101824607),24.42189821372621,46.43144428827848,0.0,0.0,1.0,0.0
1569,1569,4705.749640476226,4.705749640476226,Sector 3,214.1383816279561,0.0,0,0.1,2718633.2029365194,5849762.618939674,POINT (2718633.2029365194 5849762.618939674),24.42189758112684,46.43145987270889,0.0,0.0,1.0,0.0
1570,1570,4708.749640475797,4.708749640475797,Sector 3,214.13838162482983,0.0,0,0.1,2718633.1325158793,5849765.136054741,POINT (2718633.1325158793 5849765.136054741),24.42189694852747,46.43147545713484,0.0,0.0,1.0,0.0
1571,1571,4711.749640475628,4.711749640475628,Sector 3,214.1383816160165,0.0,0,0.1,2718633.0620952393,5849767.653169808,POINT (2718633.0620952393 5849767.653169808),24.42189631592809,46.43149104155633,0.0,0.0,1.0,0.0
1572,1572,4714.74964047597,4.71474964047597,Sector 3,214.13838164592892,0.0,0,0.1,2718632.9916745992,5849770.170284876,POINT (2718632.9916745992 5849770.170284876),24.42189568332872,46.43150662597338,0.0,0.0,1.0,0.0
1573,1573,4717.749640475802,4.717749640475803,Sector 3,214.13838160958412,0.0,0,0.1,2718632.9212539587,5849772.687399942,POINT (2718632.9212539587 5849772.687399942),24.421895050729344,46.43152221038596,0.0,0.0,1.0,0.0
1574,1574,4720.749640475634,4.720749640475634,Sector 3,214.138381617381,0.0,0,0.1,2718632.850833319,5849775.204515009,POINT (2718632.850833319 5849775.204515009),24.421894418129973,46.43153779479408,0.0,0.0,1.0,0.0
1575,1575,4723.749640475976,4.723749640475976,Sector 3,214.1383816307749,0.0,0,0.1,2718632.780412679,5849777.721630077,POINT (2718632.780412679 5849777.721630077),24.421893785530603,46.43155337919776,0.0,0.0,1.0,0.0
1576,1576,4726.749640475808,4.726749640475807,Sector 3,214.13838160544344,0.0,0,0.1,2718632.709992039,5849780.238745144,POINT (2718632.709992039 5849780.238745144),24.42189315293123,46.431568963596966,0.0,0.0,1.0,0.0
1577,1577,4729.74964047615,4.729749640476149,Sector 3,214.13838162443452,0.0,0,0.1,2718632.639571399,5849782.755860211,POINT (2718632.639571399 5849782.755860211),24.421892520331856,46.43158454799173,0.0,0.0,1.0,0.0
1578,1578,4732.749640475981,4.732749640475982,Sector 3,214.1383816487513,0.0,0,0.1,2718632.569150759,5849785.272975278,POINT (2718632.569150759 5849785.272975278),24.42189188773248,46.43160013238204,0.0,0.0,1.0,0.0
1579,1579,4735.749640475813,4.735749640475813,Sector 3,214.1383816067205,0.0,0,0.1,2718632.498730119,5849787.790090345,POINT (2718632.498730119 5849787.790090345),24.42189125513311,46.43161571676787,0.0,0.0,1.0,0.0
1580,1580,4738.749640476155,4.738749640476155,Sector 3,214.13838163130904,0.0,0,0.1,2718632.428309479,5849790.307205413,POINT (2718632.428309479 5849790.307205413),24.42189062253374,46.431631301149274,0.0,0.0,1.0,0.0
1581,1581,4741.749640475987,4.7417496404759865,Sector 3,214.13838163342004,0.0,0,0.1,2718632.349209116,5849792.823928769,POINT (2718632.349209116 5849792.823928769),24.42188991196309,46.431646883100974,0.0,0.0,1.0,0.0
1582,1582,4744.7496404755575,4.744749640475558,Sector 3,214.13838161928348,0.0,0,0.1,2718632.211248805,5849795.338277683,POINT (2718632.211248805 5849795.338277683),24.421888672644528,46.4316624503472,0.0,0.0,1.0,0.0
1583,1583,4747.7496404761605,4.747749640476161,Sector 3,214.13838163809487,0.7570687464014203,0,0.1,2718632.0732884933,5849797.8526265975,POINT (2718632.0732884933 5849797.8526265975),24.421887433325963,46.431678017588986,0.0,0.0,1.0,0.0
1584,1584,4750.749640475992,4.750749640475992,Sector 3,214.13838160725876,4.860291486189932,0,0.1,2718631.9353281823,5849800.366975512,POINT (2718631.9353281823 5849800.366975512),24.421886194007406,46.43169358482632,0.0,0.0,1.0,0.0
1585,1585,4753.749640475563,4.753749640475563,Sector 3,214.138381626161,0.0,0,0.1,2718631.797367871,5849802.881324427,POINT (2718631.797367871 5849802.881324427),24.421884954688842,46.43170915205921,0.0,0.0,1.0,0.0
1586,1586,4756.749640476166,4.7567496404761656,Sector 3,214.13838161744115,0.0,0,0.1,2718631.65940756,5849805.395673341,POINT (2718631.65940756 5849805.395673341),24.42188371537028,46.43172471928765,0.0,0.0,1.0,0.0
1587,1587,4759.749640475998,4.759749640475998,Sector 3,214.1383816306565,0.0,0,0.1,2718631.5214472488,5849807.910022257,POINT (2718631.5214472488 5849807.910022257),24.42188247605172,46.43174028651165,0.0,0.0,1.0,0.0
1588,1588,4762.749640475568,4.762749640475568,Sector 3,214.1383816110149,0.0,0,0.1,2718631.3834869373,5849810.424371171,POINT (2718631.3834869373 5849810.424371171),24.421881236733157,46.43175585373119,0.0,0.0,1.0,0.0
1589,1589,4765.749640476171,4.765749640476171,Sector 3,214.13838161872428,0.0,0,0.1,2718631.2455266262,5849812.938720086,POINT (2718631.2455266262 5849812.938720086),24.421879997414596,46.43177142094629,0.0,0.0,1.0,0.0
1590,1590,4768.749640475742,4.768749640475742,Sector 3,214.13838162652436,0.0,0,0.1,2718631.1075663147,5849815.453069,POINT (2718631.1075663147 5849815.453069),24.42187875809603,46.431786988156944,0.0,0.0,1.0,0.0
1591,1591,4771.749640475574,4.771749640475574,Sector 3,214.13838162358329,0.0,0,0.1,2718630.9696060033,5849817.967417914,POINT (2718630.9696060033 5849817.967417914),24.421877518777467,46.431802555363156,0.0,0.0,1.0,0.0
1592,1592,4774.749640476177,4.774749640476177,Sector 3,214.13838162560603,0.0,0,0.1,2718630.8316456922,5849820.48176683,POINT (2718630.8316456922 5849820.48176683),24.421876279458907,46.43181812256493,0.0,0.0,1.0,0.0
1593,1593,4777.749640475748,4.777749640475748,Sector 3,214.13838163900348,0.0,0,0.1,2718630.6936853807,5849822.996115744,POINT (2718630.6936853807 5849822.996115744),24.421875040140343,46.43183368976224,0.0,0.0,1.0,0.0
1594,1594,4780.749640475579,4.780749640475579,Sector 3,214.13838161918213,0.0,0,0.1,2718630.5557250697,5849825.510464659,POINT (2718630.5557250697 5849825.510464659),24.421873800821785,46.431849256955104,0.0,0.0,1.0,0.0
1595,1595,4783.749640475921,4.783749640475921,Sector 3,214.13838162707367,0.0,0,0.1,2718630.4177647587,5849828.024813573,POINT (2718630.4177647587 5849828.024813573),24.421872561503225,46.431864824143524,0.0,0.0,1.0,0.0
1596,1596,4786.749640475753,4.786749640475753,Sector 3,214.13838161284957,0.0,0,0.1,2718630.279804447,5849830.539162488,POINT (2718630.279804447 5849830.539162488),24.42187132218466,46.4318803913275,0.0,0.0,1.0,0.0
1597,1597,4789.749640476356,4.789749640476356,Sector 3,214.1383816315732,0.0,0,0.1,2718630.141844136,5849833.053511403,POINT (2718630.141844136 5849833.053511403),24.4218700828661,46.431895958507035,0.0,0.0,1.0,0.0
1598,1598,4792.749640475927,4.792749640475927,Sector 3,214.13838163946536,0.0,0,0.1,2718630.0038838247,5849835.567860317,POINT (2718630.0038838247 5849835.567860317),24.421868843547536,46.43191152568212,0.0,0.0,1.0,0.0
1599,1599,4795.749640475759,4.795749640475759,Sector 3,214.13838162515137,0.0,0,0.1,2718629.8659235137,5849838.082209232,POINT (2718629.8659235137 5849838.082209232),24.421867604228975,46.43192709285276,0.0,0.0,1.0,0.0
1600,1600,4798.7496404761005,4.7987496404761005,Sector 3,214.1383816165249,0.0,0,0.1,2718629.727963202,5849840.596558147,POINT (2718629.727963202 5849840.596558147),24.42186636491041,46.43194266001895,0.0,0.0,1.0,0.0
1601,1601,4801.749640475932,4.801749640475932,Sector 3,214.13838164093664,-10.485591270792344,0,0.1,2718629.5900028907,5849843.110907061,POINT (2718629.5900028907 5849843.110907061),24.421865125591847,46.431958227180694,0.0,0.0,1.0,0.0
1602,1602,4804.749640475764,4.804749640475764,Sector 3,214.138381587898,3.234833183827201,0,0.1,2718629.4520425797,5849845.625255977,POINT (2718629.4520425797 5849845.625255977),24.421863886273286,46.431973794338,0.0,0.0,1.0,0.0
1603,1603,4807.749640476106,4.807749640476106,Sector 3,214.13838162891963,0.0,0,0.1,2718629.314082268,5849848.139604891,POINT (2718629.314082268 5849848.139604891),24.42186264695472,46.43198936149084,0.0,0.0,1.0,0.0
1604,1604,4810.749640475938,4.810749640475938,Sector 3,214.13838163672247,0.0,0,0.1,2718629.176121957,5849850.653953806,POINT (2718629.176121957 5849850.653953806),24.42186140763616,46.432004928639245,0.0,0.0,1.0,0.0
1605,1605,4813.749640475769,4.81374964047577,Sector 3,214.13838160038443,0.0,0,0.1,2718629.038161646,5849853.16830272,POINT (2718629.038161646 5849853.16830272),24.421860168317604,46.432020495783206,0.0,0.0,1.0,0.0
1606,1606,4816.749640476111,4.816749640476111,Sector 3,214.1383816359003,0.0,0,0.1,2718628.9073681342,5849855.682809997,POINT (2718628.9073681342 5849855.682809997),24.421858993379495,46.43203606390318,0.0,0.0,1.0,0.0
1607,1607,4819.749640475943,4.819749640475943,Sector 3,214.13838163251012,0.0,0,0.1,2718628.796555887,5849858.197758795,POINT (2718628.796555887 5849858.197758795),24.421857997936144,46.43205163475233,0.0,0.0,1.0,0.0
1608,1608,4822.749640475514,4.8227496404755135,Sector 3,214.1383816073663,0.0,0,0.1,2718628.6857436397,5849860.712707592,POINT (2718628.6857436397 5849860.712707592),24.42185700249279,46.43206720559701,0.0,0.0,1.0,0.0
1609,1609,4825.749640476117,4.825749640476117,Sector 3,214.1383816316892,0.0,0,0.1,2718628.5749313924,5849863.2276563905,POINT (2718628.5749313924 5849863.2276563905),24.421856007049435,46.43208277643724,0.0,0.0,1.0,0.0
1610,1610,4828.749640475949,4.828749640475949,Sector 3,214.1383816228837,0.0,0,0.1,2718628.4641191456,5849865.742605188,POINT (2718628.4641191456 5849865.742605188),24.421855011606084,46.43209834727303,0.0,0.0,1.0,0.0
1611,1611,4831.749640475519,4.831749640475519,Sector 3,214.13838161425957,0.0,0,0.1,2718628.3533068984,5849868.257553984,POINT (2718628.3533068984 5849868.257553984),24.42185401616273,46.432113918104356,0.0,0.0,1.0,0.0
1612,1612,4834.749640476122,4.834749640476122,Sector 3,214.13838162747984,0.0,0,0.1,2718628.4544911375,5849870.768946207,POINT (2718628.4544911375 5849870.768946207),24.421854925116214,46.4321294669114,0.0,0.0,1.0,0.0
1613,1613,4837.749640475693,4.837749640475693,Sector 3,214.13838162986863,0.0,0,0.1,2718628.6572715864,5849873.278633992,POINT (2718628.6572715864 5849873.278633992),24.42185674672398,46.432145005161296,0.0,0.0,1.0,0.0
1614,1614,4840.749640475525,4.840749640475525,Sector 3,214.13838162124503,0.0,0,0.1,2718628.8600520343,5849875.788321776,POINT (2718628.8600520343 5849875.788321776),24.421858568331736,46.432160543406766,0.0,0.0,1.0,0.0
1615,1615,4843.749640476128,4.843749640476128,Sector 3,214.13838161235017,0.0,0,0.1,2718629.065345564,5849878.297829667,POINT (2718629.065345564 5849878.297829667),24.421860412514892,46.43217608053403,0.0,0.0,1.0,0.0
1616,1616,4846.7496404756985,4.846749640475698,Sector 3,214.13838162024595,0.0,0,0.1,2718629.2878308618,5849880.806106906,POINT (2718629.2878308618 5849880.806106906),24.421862411134327,46.43219161003753,0.0,0.0,1.0,0.0
1617,1617,4849.7496404763015,4.849749640476301,Sector 3,214.1383816224546,0.0,0,0.1,2718629.5103161596,5849883.3143841475,POINT (2718629.5103161596 5849883.3143841475),24.421864409753763,46.43220713953661,0.0,0.0,1.0,0.0
1618,1618,4852.749640475872,4.8527496404758725,Sector 3,214.13838162484444,0.0,0,0.1,2718629.7328014574,5849885.822661387,POINT (2718629.7328014574 5849885.822661387),24.421866408373198,46.432222669031255,0.0,0.0,1.0,0.0
1619,1619,4855.749640475704,4.855749640475704,Sector 3,214.13838161053457,0.0,0,0.1,2718629.9552867548,5849888.330938627,POINT (2718629.9552867548 5849888.330938627),24.421868406992626,46.43223819852148,0.0,0.0,1.0,0.0
1620,1620,4858.749640476307,4.858749640476307,Sector 3,214.13838164596265,2.537203535751128,0,0.1,2718630.1777720526,5849890.839215868,POINT (2718630.1777720526 5849890.839215868),24.421870405612065,46.43225372800729,0.0,0.0,1.0,0.0
1621,1621,4861.749640475878,4.861749640475877,Sector 3,214.1383816206406,0.0,0,0.1,2718630.4002573504,5849893.347493107,POINT (2718630.4002573504 5849893.347493107),24.4218724042315,46.43226925748866,0.0,0.0,1.0,0.0
1622,1622,4864.749640475709,4.86474964047571,Sector 3,214.13838162312172,0.0,0,0.1,2718630.873028068,5849895.796306214,POINT (2718630.873028068 5849895.796306214),24.421876651203114,46.43228441880586,0.0,0.0,1.0,0.0
1623,1623,4867.749640476312,4.867749640476313,Sector 3,214.1383816362537,0.0,0,0.1,2718631.7429073476,5849898.150772167,POINT (2718631.7429073476 5849898.150772167),24.421884465461634,46.43229899598828,0.0,0.0,1.0,0.0
1624,1624,4870.749640475883,4.870749640475883,Sector 3,214.1383816166196,0.0,0,0.1,2718632.612786628,5849900.5052381195,POINT (2718632.612786628 5849900.5052381195),24.421892279720165,46.4323135731668,0.0,0.0,1.0,0.0
1625,1625,4873.749640475715,4.873749640475715,Sector 3,214.1383816188298,0.0,0,0.1,2718633.482665908,5849902.8597040735,POINT (2718633.482665908 5849902.8597040735),24.421900093978692,46.432328150341434,0.0,0.0,1.0,0.0
1626,1626,4876.749640476057,4.876749640476056,Sector 3,214.13718083522355,0.0,0,0.1,2718634.3799956376,5849905.207606541,POINT (2718634.3799956376 5849905.207606541),24.421908154828802,46.43234268687576,0.0,0.0,1.0,0.0
1627,1627,4879.749640475887,4.879749640475887,Sector 3,214.13681232669217,0.0,0,0.1,2718635.310137974,5849907.547663416,POINT (2718635.310137974 5849907.547663416),24.421916510439573,46.432357174831914,0.0,0.0,1.0,0.0
1628,1628,4882.74964047582,4.88274964047582,Sector 3,214.1368123624904,0.0,0,0.1,2718636.240280311,5849909.88772029,POINT (2718636.240280311 5849909.88772029),24.42192486605035,46.43237166278423,0.0,0.0,1.0,0.0
1629,1629,4885.749640475754,4.885749640475754,Sector 3,214.13681234277385,0.0,0,0.1,2718637.170422648,5849912.227777164,POINT (2718637.170422648 5849912.227777164),24.42193322166113,46.432386150732675,0.0,0.0,1.0,0.0
1630,1630,4888.749640475426,4.888749640475425,Sector 3,214.13681236205423,0.0,0,0.1,2718638.100564985,5849914.567834039,POINT (2718638.100564985 5849914.567834039),24.421941577271905,46.43240063867729,0.0,0.0,1.0,0.0
1631,1631,4891.749640475359,4.891749640475359,Sector 3,214.13681234261065,0.0,0,0.1,2718639.0307073216,5849916.907890914,POINT (2718639.0307073216 5849916.907890914),24.42194993288268,46.43241512661803,0.0,0.0,1.0,0.0
1632,1632,4894.749640476063,4.894749640476063,Sector 3,214.1368123561128,0.0,0,0.1,2718639.960849659,5849919.247947789,POINT (2718639.960849659 5849919.247947789),24.42195828849346,46.43242961455494,0.0,0.0,1.0,0.0
1633,1633,4897.749640475735,4.897749640475735,Sector 3,214.1368123477726,0.0,0,0.1,2718640.8909919956,5849921.588004663,POINT (2718640.8909919956 5849921.588004663),24.421966644104234,46.43244410248799,0.0,0.0,1.0,0.0
1634,1634,4900.7496404756685,4.900749640475668,Sector 3,214.13681235586,0.0,0,0.1,2718642.1654410516,5849923.7536927005,POINT (2718642.1654410516 5849923.7536927005),24.42197809267489,46.43245751085238,0.0,0.0,1.0,0.0
1635,1635,4903.749640475602,4.903749640475602,Sector 3,214.13681236394757,0.0,0,0.1,2718643.4521562643,5849925.91316873,POINT (2718643.4521562643 5849925.91316873),24.421989651434313,46.43247088075325,0.0,0.0,1.0,0.0
1636,1636,4906.749640475536,4.906749640475535,Sector 3,214.13681233890807,0.0,0,0.1,2718644.7547425246,5849928.064990364,POINT (2718644.7547425246 5849928.064990364),24.422001352765776,46.43248420326043,0.0,0.0,1.0,0.0
1637,1637,4909.749640475979,4.909749640475979,Sector 3,214.13681234699604,0.0,0,0.1,2718646.082443456,5849930.204699524,POINT (2718646.082443456 5849930.204699524),24.42201327970617,46.432497450772786,0.0,0.0,1.0,0.0
1638,1638,4912.749640475912,4.912749640475912,Sector 3,214.13681236627804,3.839837775657514,0,0.1,2718647.4101443873,5849932.344408683,POINT (2718647.4101443873 5849932.344408683),24.422025206646563,46.43251069828192,0.0,0.0,1.0,0.0
1639,1639,4915.749640475846,4.915749640475846,Sector 3,214.1368123522513,0.0,0,0.1,2718648.7378453184,5849934.484117841,POINT (2718648.7378453184 5849934.484117841),24.422037133586954,46.432523945787814,0.0,0.0,1.0,0.0
1640,1640,4918.749640475779,4.918749640475779,Sector 3,214.13681236015813,0.0,0,0.1,2718650.0655462495,5849936.623827001,POINT (2718650.0655462495 5849936.623827001),24.422049060527346,46.432537193290514,0.0,0.0,1.0,0.0
1641,1641,4921.749640475451,4.921749640475452,Sector 3,214.1368123464044,0.0,0,0.1,2718651.3932471806,5849938.76353616,POINT (2718651.3932471806 5849938.76353616),24.422060987467738,46.43255044078998,0.0,0.0,1.0,0.0
1642,1642,4924.749640475385,4.924749640475385,Sector 3,214.13681234889648,0.0,0,0.1,2718652.720948112,5849940.903245319,POINT (2718652.720948112 5849940.903245319),24.422072914408133,46.43256368828623,0.0,0.0,1.0,0.0
1643,1643,4927.749640476089,4.9277496404760885,Sector 3,214.13681236817945,0.0,0,0.1,2718654.0486490433,5849943.042954478,POINT (2718654.0486490433 5849943.042954478),24.422084841348525,46.43257693577926,0.0,0.0,1.0,0.0
1644,1644,4930.749640476022,4.930749640476022,Sector 3,214.13681234305076,0.0,0,0.1,2718655.3763499744,5849945.182663637,POINT (2718655.3763499744 5849945.182663637),24.422096768288917,46.43259018326908,0.0,0.0,1.0,0.0
1645,1645,4933.749640475694,4.9337496404756935,Sector 3,214.1368123622433,0.0,0,0.1,2718656.7040509055,5849947.322372797,POINT (2718656.7040509055 5849947.322372797),24.42210869522931,46.43260343075566,0.0,0.0,1.0,0.0
1646,1646,4936.749640475628,4.936749640475628,Sector 3,214.13681234830884,0.0,0,0.1,2718658.1245447085,5849949.3906654725,POINT (2718658.1245447085 5849949.3906654725),24.42212145574225,46.43261623608148,0.0,0.0,1.0,0.0
1647,1647,4939.749640475561,4.939749640475561,Sector 3,214.13681234529585,0.0,0,0.1,2718659.8071259987,5849951.257246898,POINT (2718659.8071259987 5849951.257246898),24.42213657062715,46.43262779255908,0.0,0.0,1.0,0.0
1648,1648,4942.749640475233,4.942749640475233,Sector 3,214.1368123589829,0.0,0,0.1,2718661.506097346,5849953.111216874,POINT (2718661.506097346 5849953.111216874),24.422151832746433,46.43263927095358,0.0,0.0,1.0,0.0
1649,1649,4945.749640475937,4.9457496404759365,Sector 3,214.1368123725793,0.0,0,0.1,2718663.234541477,5849954.9425088065,POINT (2718663.234541477 5849954.9425088065),24.42216735962424,46.432650608940236,0.0,0.0,1.0,0.0
1650,1650,4948.74964047587,4.94874964047587,Sector 3,214.1368123311155,0.0,0,0.1,2718664.962985607,5849956.773800738,POINT (2718664.962985607 5849956.773800738),24.422182886502036,46.43266194692453,0.0,0.0,1.0,0.0
1651,1651,4951.749640475804,4.951749640475804,Sector 3,214.30196413550587,0.0,0,0.1,2718666.6914297375,5849958.60509267,POINT (2718666.6914297375 5849958.60509267),24.42219841337984,46.43267328490646,0.0,0.0,1.0,0.0
1652,1652,4954.749628939723,4.954749628939723,Sector 3,214.4548375092789,0.0,0,0.1,2718668.419867221,5849960.43637756,POINT (2718668.419867221 5849960.43637756),24.422213940197928,46.43268462284244,0.0,0.0,1.0,0.0
1653,1653,4957.749628939631,4.957749628939632,Sector 3,214.45483751028056,0.0,0,0.1,2718670.148311351,5849962.267669492,POINT (2718670.148311351 5849962.267669492),24.422229467075724,46.43269596081966,0.0,0.0,1.0,0.0
1654,1654,4960.749628939277,4.9607496289392765,Sector 3,214.4548375280098,0.0,0,0.1,2718671.876755481,5849964.098961424,POINT (2718671.876755481 5849964.098961424),24.422244993953527,46.43270729879452,0.0,0.0,1.0,0.0
1655,1655,4963.749628939185,4.963749628939185,Sector 3,214.45483752901197,0.0,0,0.1,2718673.6051996113,5849965.930253356,POINT (2718673.6051996113 5849965.930253356),24.422260520831326,46.432718636767014,0.0,0.0,1.0,0.0
1656,1656,4966.749628939861,4.966749628939861,Sector 3,214.45483750783487,-0.1183169220555413,0,0.1,2718675.333643742,5849967.761545288,POINT (2718675.333643742 5849967.761545288),24.42227604770913,46.43272997473716,0.0,0.0,1.0,0.0
1657,1657,4969.7496289397695,4.96974962893977,Sector 3,214.45483751998896,0.0,0,0.1,2718677.077596137,5849969.576986158,POINT (2718677.077596137 5849969.576986158),24.422291713900037,46.43274121456722,0.0,0.0,1.0,0.0
1658,1658,4972.749628939678,4.9727496289396775,Sector 3,214.45483753206904,0.0,0,0.1,2718678.9375109635,5849971.27390135,POINT (2718678.9375109635 5849971.27390135),24.422308421799197,46.432751720574274,0.0,0.0,1.0,0.0
1659,1659,4975.749628939323,4.975749628939323,Sector 3,214.45483751091737,0.0,0,0.1,2718680.7974257907,5849972.970816541,POINT (2718680.7974257907 5849972.970816541),24.42232512969836,46.4327622265793,0.0,0.0,1.0,0.0
1660,1660,4978.749628939231,4.978749628939231,Sector 3,214.45483751194524,0.0,0,0.1,2718682.6573406174,5849974.667731733,POINT (2718682.6573406174 5849974.667731733),24.42234183759752,46.4327727325823,0.0,0.0,1.0,0.0
1661,1661,4981.749628939908,4.981749628939908,Sector 3,214.45483752965112,0.0,0,0.1,2718684.5172554445,5849976.364646925,POINT (2718684.5172554445 5849976.364646925),24.422358545496685,46.432783238583276,0.0,0.0,1.0,0.0
1662,1662,4984.749628939816,4.984749628939816,Sector 3,214.45483751397688,0.0,0,0.1,2718686.3771702712,5849978.061562116,POINT (2718686.3771702712 5849978.061562116),24.422375253395845,46.43279374458223,0.0,0.0,1.0,0.0
1663,1663,4987.749628939461,4.987749628939461,Sector 3,214.45483752060585,0.0,0,0.1,2718688.244114318,5849979.7511298675,POINT (2718688.244114318 5849979.7511298675),24.422392024439564,46.43280420508944,0.0,0.0,1.0,0.0
1664,1664,4990.749628939369,4.990749628939369,Sector 3,214.45483752713605,0.0,0,0.1,2718690.11653373,5849981.434974377,POINT (2718690.11653373 5849981.434974377),24.422408844669324,46.432814630160735,0.0,0.0,1.0,0.0
1665,1665,4993.7496289392775,4.993749628939278,Sector 3,214.45483752268817,0.0,0,0.1,2718691.9889531424,5849983.1188188875,POINT (2718691.9889531424 5849983.1188188875),24.422425664899087,46.43282505523005,0.0,0.0,1.0,0.0
1666,1666,4996.749628939954,4.996749628939954,Sector 3,214.45483751811676,0.0,0,0.1,2718693.8613725547,5849984.802663398,POINT (2718693.8613725547 5849984.802663398),24.42244248512885,46.432835480297356,0.0,0.0,1.0,0.0
1667,1667,4999.749628939862,4.999749628939862,Sector 3,214.45483752467229,0.0,0,0.1,2718695.733791967,5849986.486507908,POINT (2718695.733791967 5849986.486507908),24.422459305358615,46.432845905362676,0.0,0.0,1.0,0.0
1668,1668,5002.749628939508,5.002749628939507,Sector 3,214.45483753127752,0.0,0,0.1,2718697.6062113787,5849988.170352418,POINT (2718697.6062113787 5849988.170352418),24.42247612558837,46.432856330426,0.0,0.0,1.0,0.0
1669,1669,5005.749628939416,5.005749628939416,Sector 3,214.45483751567895,0.0,0,0.1,2718699.478630791,5849989.8541969275,POINT (2718699.478630791 5849989.8541969275),24.422492945818135,46.432866755487325,0.0,0.0,1.0,0.0
1670,1670,5008.749628939324,5.008749628939324,Sector 3,214.4548375111331,0.0,0,0.1,2718701.3510502027,5849991.538041438,POINT (2718701.3510502027 5849991.538041438),24.422509766047895,46.43287718054667,0.0,0.0,1.0,0.0
1671,1671,5011.749628940001,5.0117496289400005,Sector 3,214.45483753994293,0.0,0,0.1,2718703.2234696154,5849993.221885948,POINT (2718703.2234696154 5849993.221885948),24.422526586277666,46.43288760560401,0.0,0.0,1.0,0.0
1672,1672,5014.749628939909,5.014749628939908,Sector 3,214.4548375131687,0.0,0,0.1,2718705.0958890277,5849994.905730459,POINT (2718705.0958890277 5849994.905730459),24.422543406507426,46.43289803065936,0.0,0.0,1.0,0.0
1673,1673,5017.749628939554,5.017749628939554,Sector 3,214.454837508673,0.0,0,0.1,2718706.968308439,5849996.589574969,POINT (2718706.968308439 5849996.589574969),24.422560226737183,46.432908455712706,0.0,0.0,1.0,0.0
1674,1674,5020.749628939462,5.020749628939462,Sector 3,214.45483752635664,39.08472970137249,0,0.1,2718708.8407278513,5849998.273419479,POINT (2718708.8407278513 5849998.273419479),24.422577046966943,46.43291888076407,0.0,0.0,1.0,0.0
1675,1675,5023.74962893937,5.02374962893937,Sector 3,214.4548375274123,-35.64938829786218,0,0.1,2718710.7131472635,5849999.957263989,POINT (2718710.7131472635 5849999.957263989),24.422593867196706,46.43292930581343,0.0,0.0,1.0,0.0
1676,1676,5026.749628939278,5.026749628939278,Sector 3,214.4548375061899,0.0,0,0.1,2718712.5855666753,5850001.6411085,POINT (2718712.5855666753 5850001.6411085),24.422610687426467,46.4329397308608,0.0,0.0,1.0,0.0
1677,1677,5029.749628939691,5.029749628939691,Sector 3,214.45483754057668,0.0,0,0.1,2718714.457986088,5850003.324953009,POINT (2718714.457986088 5850003.324953009),24.422627507656234,46.43295015590618,0.0,0.0,1.0,0.0
1678,1678,5032.7496289396,5.0327496289396,Sector 3,214.4548375082527,0.0,0,0.1,2718716.3304055,5850005.00879752,POINT (2718716.3304055 5850005.00879752),24.42264432788599,46.43296058094956,0.0,0.0,1.0,0.0
1679,1679,5035.749628939508,5.035749628939508,Sector 3,214.45483752043592,0.0,0,0.1,2718718.202824912,5850006.692642029,POINT (2718718.202824912 5850006.692642029),24.422661148115754,46.43297100599095,0.0,0.0,1.0,0.0
1680,1680,5038.749628939416,5.038749628939415,Sector 3,214.4548375603247,0.0,0,0.1,2718720.075244324,5850008.37648654,POINT (2718720.075244324 5850008.37648654),24.422677968345514,46.43298143103034,0.0,0.0,1.0,0.0
1681,1681,5041.749628939324,5.041749628939324,Sector 3,214.45483748359348,0.0,0,0.1,2718721.947663736,5850010.06033105,POINT (2718721.947663736 5850010.06033105),24.422694788575278,46.432991856067744,0.0,0.0,1.0,0.0
1682,1682,5044.749628939737,5.044749628939737,Sector 3,214.45483752350745,0.0,0,0.1,2718723.820083149,5850011.74417556,POINT (2718723.820083149 5850011.74417556),24.42271160880504,46.43300228110315,0.0,0.0,1.0,0.0
1683,1683,5047.749628939645,5.047749628939645,Sector 3,214.45483753566668,0.0,0,0.1,2718725.6925025606,5850013.42802007,POINT (2718725.6925025606 5850013.42802007),24.422728429034805,46.43301270613656,0.0,0.0,1.0,0.0
1684,1684,5050.749628939553,5.0507496289395535,Sector 3,214.4548375311236,0.0,0,0.1,2718727.5649219723,5850015.111864581,POINT (2718727.5649219723 5850015.111864581),24.422745249264562,46.43302313116798,0.0,0.0,1.0,0.0
1685,1685,5053.749628939461,5.053749628939461,Sector 3,214.4548375155284,0.0,0,0.1,2718729.4373413846,5850016.79570909,POINT (2718729.4373413846 5850016.79570909),24.422762069494325,46.433033556197394,0.0,0.0,1.0,0.0
1686,1686,5056.749628939369,5.056749628939369,Sector 3,214.4548375220629,0.0,0,0.1,2718731.309760797,5850018.479553601,POINT (2718731.309760797 5850018.479553601),24.42277888972409,46.43304398122483,0.0,0.0,1.0,0.0
1687,1687,5059.749628939782,5.059749628939782,Sector 3,214.45483750646807,0.0,0,0.1,2718733.182180209,5850020.163398111,POINT (2718733.182180209 5850020.163398111),24.42279570995385,46.433054406250264,0.0,0.0,1.0,0.0
1688,1688,5062.74962893969,5.062749628939691,Sector 3,214.4548375241297,0.0,0,0.1,2718735.0545996213,5850021.847242621,POINT (2718735.0545996213 5850021.847242621),24.422812530183613,46.4330648312737,0.0,0.0,1.0,0.0
1689,1689,5065.749628939599,5.065749628939599,Sector 3,214.45483753078875,0.0,0,0.1,2718736.9270190336,5850023.531087131,POINT (2718736.9270190336 5850023.531087131),24.422829350413377,46.43307525629515,0.0,0.0,1.0,0.0
1690,1690,5068.749628939507,5.068749628939507,Sector 3,214.45483752064632,0.0,0,0.1,2718738.7994384454,5850025.214931641,POINT (2718738.7994384454 5850025.214931641),24.422846170643133,46.4330856813146,0.0,0.0,1.0,0.0
1691,1691,5071.749628939152,5.071749628939152,Sector 3,214.4548374939504,0.0,0,0.1,2718740.671857857,5850026.898776151,POINT (2718740.671857857 5850026.898776151),24.422862990872893,46.43309610633205,0.0,0.0,1.0,0.0
1692,1692,5074.749628939829,5.074749628939829,Sector 3,214.4548375560701,0.0,0,0.1,2718742.54427727,5850028.582620663,POINT (2718742.54427727 5850028.582620663),24.42287981110266,46.433106531347526,0.0,0.0,1.0,0.0
1693,1693,5077.749628939737,5.077749628939737,Sector 3,214.4548375071212,1.1078460983822658,0,0.1,2718744.4166966816,5850030.266465172,POINT (2718744.4166966816 5850030.266465172),24.42289663133242,46.43311695636099,0.0,0.0,1.0,0.0
1694,1694,5080.749628939645,5.080749628939645,Sector 3,214.4548375359355,0.0,0,0.1,2718746.289116094,5850031.950309683,POINT (2718746.289116094 5850031.950309683),24.422913451562184,46.43312738137247,0.0,0.0,1.0,0.0
1695,1695,5083.749628939553,5.083749628939553,Sector 3,214.45483750359023,0.0,0,0.1,2718748.161535506,5850033.634154192,POINT (2718748.161535506 5850033.634154192),24.422930271791948,46.43313780638195,0.0,0.0,1.0,0.0
1696,1696,5086.749628939198,5.086749628939199,Sector 3,214.45483753245452,0.0,0,0.1,2718750.033954918,5850035.317998702,POINT (2718750.033954918 5850035.317998702),24.422947092021708,46.43314823138943,0.0,0.0,1.0,0.0
1697,1697,5089.749628939875,5.089749628939875,Sector 3,214.45483752238795,0.0,0,0.1,2718751.90637433,5850037.001843213,POINT (2718751.90637433 5850037.001843213),24.42296391225147,46.43315865639492,0.0,0.0,1.0,0.0
1698,1698,5092.749628939783,5.092749628939783,Sector 3,214.4548375289496,0.0,0,0.1,2718753.7787937424,5850038.685687723,POINT (2718753.7787937424 5850038.685687723),24.422980732481232,46.43316908139842,0.0,0.0,1.0,0.0
1699,1699,5095.749628939691,5.095749628939691,Sector 3,214.45483750773187,0.0,0,0.1,2718755.6512131547,5850040.369532233,POINT (2718755.6512131547 5850040.369532233),24.422997552710996,46.43317950639993,0.0,0.0,1.0,0.0
1700,1700,5098.749628939337,5.098749628939337,Sector 3,214.45483753662185,0.0,0,0.1,2718757.5236325664,5850042.053376744,POINT (2718757.5236325664 5850042.053376744),24.423014372940752,46.43318993139944,0.0,0.0,1.0,0.0
1701,1701,5101.749628939245,5.1017496289392446,Sector 3,214.4548375265064,0.0,0,0.1,2718759.396051978,5850043.737221253,POINT (2718759.396051978 5850043.737221253),24.423031193170512,46.43320035639695,0.0,0.0,1.0,0.0
1702,1702,5104.749628939921,5.1047496289399215,Sector 3,214.454837516416,0.0,0,0.1,2718761.268471391,5850045.421065764,POINT (2718761.268471391 5850045.421065764),24.42304801340028,46.43321078139248,0.0,0.0,1.0,0.0
1703,1703,5107.74962893983,5.107749628939829,Sector 3,214.45483752862887,0.0,0,0.1,2718763.140890803,5850047.104910273,POINT (2718763.140890803 5850047.104910273),24.423064833630043,46.433221206386,0.0,0.0,1.0,0.0
1704,1704,5110.749628939738,5.110749628939738,Sector 3,214.45483750738737,0.0,0,0.1,2718765.013310215,5850048.788754784,POINT (2718765.013310215 5850048.788754784),24.4230816538598,46.43323163137754,0.0,0.0,1.0,0.0
1705,1705,5113.749628939383,5.113749628939383,Sector 3,214.45483753620385,0.0,0,0.1,2718766.885729627,5850050.472599294,POINT (2718766.885729627 5850050.472599294),24.423098474089564,46.433242056367085,0.0,0.0,1.0,0.0
1706,1706,5116.749628939291,5.116749628939291,Sector 3,214.454837515062,0.0,0,0.1,2718768.7581490395,5850052.156443804,POINT (2718768.7581490395 5850052.156443804),24.423115294319327,46.43325248135462,0.0,0.0,1.0,0.0
1707,1707,5119.749628939199,5.119749628939199,Sector 3,214.4548375438292,0.0,0,0.1,2718770.630568451,5850053.840288314,POINT (2718770.630568451 5850053.840288314),24.423132114549084,46.433262906340175,0.0,0.0,1.0,0.0
1708,1708,5122.749628939876,5.122749628939876,Sector 3,214.4548375004592,0.0,0,0.1,2718772.5029878635,5850055.5241328245,POINT (2718772.5029878635 5850055.5241328245),24.42314893477885,46.43327333132373,0.0,0.0,1.0,0.0
1709,1709,5125.749628939784,5.125749628939784,Sector 3,214.45483750702303,0.0,0,0.1,2718774.3754072757,5850057.207977334,POINT (2718774.3754072757 5850057.207977334),24.423165755008615,46.43328375630529,0.0,0.0,1.0,0.0
1710,1710,5128.749628939429,5.128749628939429,Sector 3,214.45483754141625,0.0,0,0.1,2718776.2478266875,5850058.8918218445,POINT (2718776.2478266875 5850058.8918218445),24.42318257523837,46.433294181284865,0.0,0.0,1.0,0.0
1711,1711,5131.7496289393375,5.131749628939337,Sector 3,214.4548375202258,-3.3033849734816823,0,0.1,2718778.1202461,5850060.575666355,POINT (2718778.1202461 5850060.575666355),24.423199395468135,46.43330460626243,0.0,0.0,1.0,0.0
1712,1712,5134.749628939246,5.134749628939246,Sector 3,214.4548375157132,0.0,0,0.1,2718779.992665512,5850062.2595108645,POINT (2718779.992665512 5850062.2595108645),24.4232162156979,46.43331503123801,0.0,0.0,1.0,0.0
1713,1713,5137.749628939922,5.137749628939923,Sector 3,214.4548375278536,0.0,0,0.1,2718781.8650849247,5850063.943355376,POINT (2718781.8650849247 5850063.943355376),24.423233035927666,46.433325456211605,0.0,0.0,1.0,0.0
1714,1714,5140.749628939568,5.140749628939568,Sector 3,214.45483752334135,0.0,0,0.1,2718783.737504336,5850065.6271998845,POINT (2718783.737504336 5850065.6271998845),24.42324985615742,46.43333588118319,0.0,0.0,1.0,0.0
1715,1715,5143.749628939476,5.143749628939476,Sector 3,214.45483752995608,0.0,0,0.1,2718785.6099237483,5850067.311044395,POINT (2718785.6099237483 5850067.311044395),24.423266676387183,46.433346306152785,0.0,0.0,1.0,0.0
1716,1716,5146.749628939384,5.146749628939384,Sector 3,214.18948186838563,0.0,0,0.1,2718787.4823431605,5850068.994888905,POINT (2718787.4823431605 5850068.994888905),24.423283496616946,46.43335673112039,0.0,0.0,1.0,0.0
1717,1717,5149.749624672458,5.149749624672458,Sector 3,214.1542906518469,0.0,0,0.1,2718789.354759909,5850070.678731021,POINT (2718789.354759909 5850070.678731021),24.42330031682278,46.43336715607117,0.0,0.0,1.0,0.0
1718,1718,5152.749624672381,5.152749624672381,Sector 3,214.1542905961677,0.0,0,0.1,2718791.2271793215,5850072.362575531,POINT (2718791.2271793215 5850072.362575531),24.423317137052543,46.43337758103479,0.0,0.0,1.0,0.0
1719,1719,5155.749624672305,5.155749624672305,Sector 3,214.1542906508316,0.0,0,0.1,2718793.097592214,5850074.048546466,POINT (2718793.097592214 5850074.048546466),24.423333939257436,46.43338801916146,0.0,0.0,1.0,0.0
1720,1720,5158.7496246722285,5.158749624672229,Sector 3,214.1542905897317,0.0,0,0.1,2718794.897208705,5850075.809544462,POINT (2718794.897208705 5850075.809544462),24.42335010548743,46.43339892179101,0.0,0.0,1.0,0.0
1721,1721,5161.749624672922,5.161749624672923,Sector 3,214.1542906388876,0.0,0,0.1,2718796.6968251956,5850077.570542459,POINT (2718796.6968251956 5850077.570542459),24.42336627171742,46.4334098244184,0.0,0.0,1.0,0.0
1722,1722,5164.749624673107,5.164749624673108,Sector 3,214.15429062168067,0.0,0,0.1,2718798.4964416865,5850079.331540456,POINT (2718798.4964416865 5850079.331540456),24.42338243794741,46.4334207270436,0.0,0.0,1.0,0.0
1723,1723,5167.749624673031,5.16774962467303,Sector 3,214.15429062126125,0.0,0,0.1,2718800.2960581766,5850081.092538454,POINT (2718800.2960581766 5850081.092538454),24.423398604177397,46.43343162966662,0.0,0.0,1.0,0.0
1724,1724,5170.749624672954,5.170749624672954,Sector 3,214.1542906152463,0.0,0,0.1,2718802.0956746675,5850082.85353645,POINT (2718802.0956746675 5850082.85353645),24.42341477040739,46.43344253228746,0.0,0.0,1.0,0.0
1725,1725,5173.749624672878,5.173749624672878,Sector 3,214.1542906312652,0.0,0,0.1,2718803.8952911575,5850084.614534447,POINT (2718803.8952911575 5850084.614534447),24.423430936637377,46.43345343490612,0.0,0.0,1.0,0.0
1726,1726,5176.7496246728015,5.1767496246728015,Sector 3,214.1542906306716,0.0,0,0.1,2718805.694907648,5850086.375532444,POINT (2718805.694907648 5850086.375532444),24.423447102867364,46.43346433752259,0.0,0.0,1.0,0.0
1727,1727,5179.749624672725,5.179749624672725,Sector 3,214.15429062474465,0.0,0,0.1,2718807.4945241385,5850088.13653044,POINT (2718807.4945241385 5850088.13653044),24.423463269097358,46.433475240136886,0.0,0.0,1.0,0.0
1728,1728,5182.749624672649,5.182749624672649,Sector 3,214.1542906132221,0.0,0,0.1,2718809.2941406285,5850089.897528437,POINT (2718809.2941406285 5850089.897528437),24.42347943532734,46.43348614274899,0.0,0.0,1.0,0.0
1729,1729,5185.749624672572,5.185749624672573,Sector 3,214.1542906181376,0.5682531062495753,0,0.1,2718811.0937571195,5850091.658526434,POINT (2718811.0937571195 5850091.658526434),24.423495601557335,46.433497045358926,0.0,0.0,1.0,0.0
1730,1730,5188.749624672496,5.188749624672496,Sector 3,214.15429062322795,0.0,0,0.1,2718812.8933736095,5850093.41952443,POINT (2718812.8933736095 5850093.41952443),24.423511767787318,46.433507947966675,0.0,0.0,1.0,0.0
1731,1731,5191.74962467242,5.191749624672419,Sector 3,214.15429063382695,0.0,0,0.1,2718814.689470973,5850095.184324357,POINT (2718814.689470973 5850095.184324357),24.423527902404455,46.43351887411057,0.0,0.0,1.0,0.0
1732,1732,5194.749624672604,5.194749624672604,Sector 3,214.1542906167095,0.0,0,0.1,2718816.4824125823,5850096.952533638,POINT (2718816.4824125823 5850096.952533638),24.423544008672966,46.43352982136009,0.0,0.0,1.0,0.0
1733,1733,5197.749624672528,5.197749624672528,Sector 3,214.1542906272215,0.0,0,0.1,2718818.2753541917,5850098.7207429195,POINT (2718818.2753541917 5850098.7207429195),24.423560114941477,46.43354076860742,0.0,0.0,1.0,0.0
1734,1734,5200.749624672451,5.200749624672452,Sector 3,214.1542906266296,0.0,0,0.1,2718820.068295801,5850100.488952201,POINT (2718820.068295801 5850100.488952201),24.42357622120999,46.433551715852545,0.0,0.0,1.0,0.0
1735,1735,5203.749624672375,5.203749624672375,Sector 3,214.154290631721,0.0,0,0.1,2718821.8612374105,5850102.257161482,POINT (2718821.8612374105 5850102.257161482),24.423592327478502,46.43356266309547,0.0,0.0,1.0,0.0
1736,1736,5206.7496246722985,5.206749624672298,Sector 3,214.1542906146917,0.0,0,0.1,2718823.6541790203,5850104.025370763,POINT (2718823.6541790203 5850104.025370763),24.42360843374702,46.4335736103362,0.0,0.0,1.0,0.0
1737,1737,5209.7496246729925,5.209749624672993,Sector 3,214.15429060850468,0.0,0,0.1,2718825.4471206297,5850105.793580044,POINT (2718825.4471206297 5850105.793580044),24.42362454001553,46.43358455757473,0.0,0.0,1.0,0.0
1738,1738,5212.749624672916,5.212749624672916,Sector 3,214.15429061919244,0.0,0,0.1,2718827.240062239,5850107.561789325,POINT (2718827.240062239 5850107.561789325),24.423640646284046,46.433595504811066,0.0,0.0,1.0,0.0
1739,1739,5215.74962467284,5.215749624672839,Sector 3,214.15429062419727,0.0,0,0.1,2718829.033003849,5850109.329998607,POINT (2718829.033003849 5850109.329998607),24.423656752552564,46.43360645204519,0.0,0.0,1.0,0.0
1740,1740,5218.749624672763,5.218749624672763,Sector 3,214.15429063488543,0.0,0,0.1,2718830.825945458,5850111.098207888,POINT (2718830.825945458 5850111.098207888),24.42367285882107,46.43361739927713,0.0,0.0,1.0,0.0
1741,1741,5221.749624672948,5.221749624672948,Sector 3,214.1542906342076,0.0,0,0.1,2718832.618887068,5850112.86641717,POINT (2718832.618887068 5850112.86641717),24.42368896508959,46.433628346506865,0.0,0.0,1.0,0.0
1742,1742,5224.749624672872,5.224749624672872,Sector 3,214.1542906114964,0.0,0,0.1,2718834.4118286767,5850114.63462645,POINT (2718834.4118286767 5850114.63462645),24.423705071358096,46.4336392937344,0.0,0.0,1.0,0.0
1743,1743,5227.749624672795,5.227749624672796,Sector 3,214.1542906166768,0.0,0,0.1,2718836.204770286,5850116.402835731,POINT (2718836.204770286 5850116.402835731),24.423721177626607,46.43365024095973,0.0,0.0,1.0,0.0
1744,1744,5230.749624672719,5.230749624672718,Sector 3,214.15429062719105,0.0,0,0.1,2718837.997711896,5850118.171045013,POINT (2718837.997711896 5850118.171045013),24.423737283895125,46.433661188182874,0.0,0.0,1.0,0.0
1745,1745,5233.749624672642,5.233749624672642,Sector 3,214.15429062118037,0.0,0,0.1,2718839.790653505,5850119.939254294,POINT (2718839.790653505 5850119.939254294),24.423753390163633,46.43367213540381,0.0,0.0,1.0,0.0
1746,1746,5236.749624672566,5.236749624672566,Sector 3,214.1542906316949,0.0,0,0.1,2718841.5835951148,5850121.7074635755,POINT (2718841.5835951148 5850121.7074635755),24.42376949643215,46.43368308262255,0.0,0.0,1.0,0.0
1747,1747,5239.7496246724895,5.2397496246724895,Sector 3,214.15429064220973,39.16015004907239,0,0.1,2718843.376536724,5850123.475672856,POINT (2718843.376536724 5850123.475672856),24.42378560270066,46.43369402983909,0.0,0.0,1.0,0.0
1748,1748,5242.749624672413,5.242749624672413,Sector 3,214.15429060857045,-33.7041879356322,0,0.1,2718845.169478333,5850125.243882137,POINT (2718845.169478333 5850125.243882137),24.423801708969172,46.43370497705343,0.0,0.0,1.0,0.0
1749,1749,5245.749624672337,5.245749624672337,Sector 3,214.15429063578557,0.0,0,0.1,2718846.962419943,5850127.012091419,POINT (2718846.962419943 5850127.012091419),24.423817815237687,46.43371592426557,0.0,0.0,1.0,0.0
1750,1750,5248.749624672521,5.248749624672521,Sector 3,214.15429061316337,0.0,0,0.1,2718848.7553615524,5850128.7803007,POINT (2718848.7553615524 5850128.7803007),24.4238339215062,46.433726871475514,0.0,0.0,1.0,0.0
1751,1751,5251.749624672445,5.251749624672445,Sector 3,214.15429062918733,0.0,0,0.1,2718850.5483031617,5850130.5485099815,POINT (2718850.5483031617 5850130.5485099815),24.423850027774716,46.43373781868326,0.0,0.0,1.0,0.0
1752,1752,5254.749624672369,5.254749624672368,Sector 3,214.1542906176697,0.0,0,0.1,2718852.341244771,5850132.316719262,POINT (2718852.341244771 5850132.316719262),24.423866134043227,46.4337487658888,0.0,0.0,1.0,0.0
1753,1753,5257.749624673063,5.257749624673062,Sector 3,214.15429062809832,0.0,0,0.1,2718854.134186381,5850134.084928543,POINT (2718854.134186381 5850134.084928543),24.423882240311745,46.43375971309215,0.0,0.0,1.0,0.0
1754,1754,5260.749624672986,5.260749624672986,Sector 3,214.1542906056518,0.0,0,0.1,2718855.9271279904,5850135.853137825,POINT (2718855.9271279904 5850135.853137825),24.423898346580255,46.4337706602933,0.0,0.0,1.0,0.0
1755,1755,5263.74962467291,5.26374962467291,Sector 3,214.1542906326933,0.0,0,0.1,2718857.7200696,5850137.621347106,POINT (2718857.7200696 5850137.621347106),24.423914452848766,46.43378160749224,0.0,0.0,1.0,0.0
1756,1756,5266.749624672833,5.266749624672833,Sector 3,214.15429061007237,0.0,0,0.1,2718859.513011209,5850139.389556387,POINT (2718859.513011209 5850139.389556387),24.42393055911728,46.43379255468899,0.0,0.0,1.0,0.0
1757,1757,5269.749624672757,5.269749624672757,Sector 3,214.1542906372016,0.0,0,0.1,2718861.3059528186,5850141.157765668,POINT (2718861.3059528186 5850141.157765668),24.42394666538579,46.43380350188354,0.0,0.0,1.0,0.0
1758,1758,5272.7496246726805,5.272749624672681,Sector 3,214.15429061475592,0.0,0,0.1,2718863.0988944275,5850142.925974949,POINT (2718863.0988944275 5850142.925974949),24.4239627716543,46.43381444907589,0.0,0.0,1.0,0.0
1759,1759,5275.749624672865,5.275749624672865,Sector 3,214.1542906362024,0.0,0,0.1,2718864.8918360374,5850144.694184231,POINT (2718864.8918360374 5850144.694184231),24.423978877922817,46.433825396266045,0.0,0.0,1.0,0.0
1760,1760,5278.749624672789,5.2787496246727885,Sector 3,214.1542906136697,0.0,0,0.1,2718866.6847776473,5850146.462393512,POINT (2718866.6847776473 5850146.462393512),24.423994984191335,46.433836343454,0.0,0.0,1.0,0.0
1761,1761,5281.749624672712,5.281749624672712,Sector 3,214.1542906461333,0.0,0,0.1,2718868.477719256,5850148.230602793,POINT (2718868.477719256 5850148.230602793),24.424011090459842,46.433847290639754,0.0,0.0,1.0,0.0
1762,1762,5284.749624672636,5.284749624672636,Sector 3,214.15429059614672,0.0,0,0.1,2718870.2706608656,5850149.998812075,POINT (2718870.2706608656 5850149.998812075),24.424027196728357,46.43385823782331,0.0,0.0,1.0,0.0
1763,1763,5287.74962467256,5.28774962467256,Sector 3,214.15429062869808,0.0,0,0.1,2718872.054681086,5850151.77534541,POINT (2718872.054681086 5850151.77534541),24.424043222854667,46.43386923653981,0.0,0.0,1.0,0.0
1764,1764,5290.749624672483,5.290749624672483,Sector 3,214.15429062811216,0.0,0,0.1,2718873.7290808777,5850153.654486886,POINT (2718873.7290808777 5850153.654486886),24.42405826424391,46.43388087051237,0.0,0.0,1.0,0.0
1765,1765,5293.749624672407,5.293749624672407,Sector 3,214.15429062219297,36.08991154390446,0,0.1,2718875.3750612936,5850155.560239007,POINT (2718875.3750612936 5850155.560239007),24.424073050337565,46.43389266923183,0.0,0.0,1.0,0.0
1766,1766,5296.74962467233,5.29674962467233,Sector 3,214.15429064372825,-25.944855743098323,0,0.1,2718877.02104171,5850157.465991127,POINT (2718877.02104171 5850157.465991127),24.424087836431216,46.43390446794873,0.0,0.0,1.0,0.0
1767,1767,5299.749624672254,5.299749624672254,Sector 3,214.1542906102677,0.0,0,0.1,2718878.6670221263,5850159.371743247,POINT (2718878.6670221263 5850159.371743247),24.42410262252487,46.43391626666308,0.0,0.0,1.0,0.0
1768,1768,5302.749624672439,5.302749624672439,Sector 3,214.1542906372243,0.0,0,0.1,2718880.3130025426,5850161.277495368,POINT (2718880.3130025426 5850161.277495368),24.424117408618525,46.43392806537488,0.0,0.0,1.0,0.0
1769,1769,5305.7496246731325,5.305749624673132,Sector 3,214.0846401372528,0.0,0,0.1,2718881.958982959,5850163.183247489,POINT (2718881.958982959 5850163.183247489),24.42413219471218,46.433939864084124,0.0,0.0,1.0,0.0
1770,1770,5308.749610540015,5.308749610540015,Sector 3,213.64055756529345,0.0,0,0.1,2718883.6049556206,5850165.0889906315,POINT (2718883.6049556206 5850165.0889906315),24.424146980736168,46.433951662735225,0.0,0.0,1.0,0.0
1771,1771,5311.749610539745,5.311749610539745,Sector 3,213.6405575781185,0.0,0,0.1,2718885.250936037,5850166.994742751,POINT (2718885.250936037 5850166.994742751),24.424161766829823,46.43396346143935,0.0,0.0,1.0,0.0
1772,1772,5314.749610539475,5.314749610539475,Sector 3,213.6405575536736,0.0,0,0.1,2718886.896916453,5850168.900494872,POINT (2718886.896916453 5850168.900494872),24.42417655292347,46.43397526014093,0.0,0.0,1.0,0.0
1773,1773,5317.749610539463,5.317749610539463,Sector 3,213.6405575719344,0.0,0,0.1,2718888.542896869,5850170.806246992,POINT (2718888.542896869 5850170.806246992),24.424191339017124,46.43398705883996,0.0,0.0,1.0,0.0
1774,1774,5320.749610539969,5.320749610539969,Sector 3,213.6405575634073,0.0,0,0.1,2718890.1888772855,5850172.711999112,POINT (2718890.1888772855 5850172.711999112),24.42420612511078,46.43399885753642,0.0,0.0,1.0,0.0
1775,1775,5323.749610539699,5.323749610539698,Sector 3,213.6405575715749,0.0,0,0.1,2718891.834857701,5850174.617751233,POINT (2718891.834857701 5850174.617751233),24.424220911204426,46.43401065623034,0.0,0.0,1.0,0.0
1776,1776,5326.749610539687,5.326749610539687,Sector 3,213.64055756265967,0.0,0,0.1,2718893.480838117,5850176.523503353,POINT (2718893.480838117 5850176.523503353),24.42423569729808,46.4340224549217,0.0,0.0,1.0,0.0
1777,1777,5329.749610539417,5.329749610539417,Sector 3,213.64055755976284,0.0,0,0.1,2718895.1268185335,5850178.4292554725,POINT (2718895.1268185335 5850178.4292554725),24.42425048339173,46.434034253610506,0.0,0.0,1.0,0.0
1778,1778,5332.749610539922,5.332749610539922,Sector 3,213.6405575675425,0.0,0,0.1,2718896.77279895,5850180.335007594,POINT (2718896.77279895 5850180.335007594),24.424265269485385,46.43404605229676,0.0,0.0,1.0,0.0
1779,1779,5335.749610539911,5.33574961053991,Sector 3,213.6405575642575,0.0,0,0.1,2718898.418779366,5850182.240759714,POINT (2718898.418779366 5850182.240759714),24.42428005557904,46.43405785098046,0.0,0.0,1.0,0.0
1780,1780,5338.74961053964,5.33874961053964,Sector 3,213.64055756660227,0.0,0,0.1,2718900.064759782,5850184.146511834,POINT (2718900.064759782 5850184.146511834),24.424294841672687,46.434069649661595,0.0,0.0,1.0,0.0
1781,1781,5341.74961053937,5.34174961053937,Sector 3,213.64055758040067,0.0,0,0.1,2718901.710740198,5850186.052263955,POINT (2718901.710740198 5850186.052263955),24.424309627766334,46.43408144834019,0.0,0.0,1.0,0.0
1782,1782,5344.749610539358,5.344749610539359,Sector 3,213.64055754955123,0.0,0,0.1,2718903.3567206142,5850187.958016075,POINT (2718903.3567206142 5850187.958016075),24.42432441385999,46.434093247016214,0.0,0.0,1.0,0.0
1783,1783,5347.749610539864,5.347749610539864,Sector 3,213.6405575627672,35.45456033730579,0,0.1,2718905.00270103,5850189.863768196,POINT (2718905.00270103 5850189.863768196),24.42433919995364,46.434105045689705,0.0,0.0,1.0,0.0
1784,1784,5350.749610539594,5.3507496105395935,Sector 3,213.64055755987172,0.0,0,0.1,2718906.6486814464,5850191.769520315,POINT (2718906.6486814464 5850191.769520315),24.424353986047294,46.43411684436062,0.0,0.0,1.0,0.0
1785,1785,5353.749610539582,5.353749610539582,Sector 3,213.64055757289384,-20.233448069644183,0,0.1,2718908.2946618623,5850193.675272436,POINT (2718908.2946618623 5850193.675272436),24.424368772140944,46.43412864302899,0.0,0.0,1.0,0.0
1786,1786,5356.749610539312,5.356749610539312,Sector 3,213.6405575810637,0.0,0,0.1,2718909.9406422786,5850195.581024556,POINT (2718909.9406422786 5850195.581024556),24.424383558234595,46.43414044169481,0.0,0.0,1.0,0.0
1787,1787,5359.749610539818,5.359749610539818,Sector 3,213.64055755603917,0.0,0,0.1,2718911.586622695,5850197.486776676,POINT (2718911.586622695 5850197.486776676),24.42439834432825,46.43415224035807,0.0,0.0,1.0,0.0
1788,1788,5362.749610539806,5.362749610539806,Sector 3,213.6405575692561,0.0,0,0.1,2718913.2326031113,5850199.3925287975,POINT (2718913.2326031113 5850199.3925287975),24.424413130421904,46.43416403901878,0.0,0.0,1.0,0.0
1789,1789,5365.749610539536,5.365749610539536,Sector 3,213.64055759314948,0.0,0,0.1,2718914.878583527,5850201.298280917,POINT (2718914.878583527 5850201.298280917),24.42442791651555,46.43417583767693,0.0,0.0,1.0,0.0
1790,1790,5368.749610539266,5.368749610539266,Sector 3,213.6405575524026,0.0,0,0.1,2718916.524563943,5850203.204033038,POINT (2718916.524563943 5850203.204033038),24.424442702609202,46.43418763633253,0.0,0.0,1.0,0.0
1791,1791,5371.749610540029,5.371749610540029,Sector 3,213.640557554361,0.0,0,0.1,2718918.17054436,5850205.109785158,POINT (2718918.17054436 5850205.109785158),24.42445748870286,46.43419943498557,0.0,0.0,1.0,0.0
1792,1792,5374.749610539759,5.374749610539759,Sector 3,213.64055757320835,0.0,0,0.1,2718919.63252587,5850207.153096367,POINT (2718919.63252587 5850207.153096367),24.424470621906217,46.43421208527432,0.0,0.0,1.0,0.0
1793,1793,5377.7496105394885,5.377749610539489,Sector 3,213.64055755924988,0.0,0,0.1,2718921.016839233,5850209.254472918,POINT (2718921.016839233 5850209.254472918),24.42448305740474,46.43422509504677,0.0,0.0,1.0,0.0
1794,1794,5380.749610539477,5.3807496105394765,Sector 3,238.8787613566473,0.0,0,0.1,2718922.401152597,5850211.355849469,POINT (2718922.401152597 5850211.355849469),24.424495492903265,46.434238104816124,0.0,0.0,1.0,0.0
1795,1795,5381.460734088462,5.381460734088463,Sector 3,18.97822121612529,0.0,0,0.1,2718922.729291874,5850211.853962253,POINT (2718922.729291874 5850211.853962253),24.424498440628543,46.43424118866679,0.0,0.0,1.0,0.0
1796,1796,5384.46073408891,5.3844607340889095,Sector 3,18.97822122972491,0.0,0,0.1,2718924.113605237,5850213.955338805,POINT (2718924.113605237 5850213.955338805),24.424510876127066,46.4342541984323,0.0,0.0,1.0,0.0
1797,1797,5387.460734088477,5.387460734088477,Sector 3,18.97822122740996,0.0,0,0.1,2718925.4979186,5850216.056715356,POINT (2718925.4979186 5850216.056715356),24.424523311625588,46.434267208194704,0.0,0.0,1.0,0.0
1798,1798,5390.460734088924,5.390460734088924,Sector 3,18.97822122183959,0.0,0,0.1,2718926.858375213,5850218.1754503725,POINT (2718926.858375213 5850218.1754503725),24.424535532815273,46.434280325421376,0.0,0.0,1.0,0.0
1799,1799,5393.460734088491,5.393460734088492,Sector 3,18.97822122591947,0.0,0,0.1,2718928.2150822952,5850220.296913594,POINT (2718928.2150822952 5850220.296913594),24.42454772032235,46.43429345953538,0.0,0.0,1.0,0.0
1800,1800,5396.460734088209,5.396460734088209,Sector 3,18.978221229947565,0.0,0,0.1,2718929.571789378,5850222.4183768155,POINT (2718929.571789378 5850222.4183768155),24.424559907829433,46.43430659364623,0.0,0.0,1.0,0.0
1801,1801,5399.460734088657,5.399460734088657,Sector 3,18.978221218022213,0.0,0,0.1,2718930.9284964604,5850224.539840037,POINT (2718930.9284964604 5850224.539840037),24.42457209533652,46.434319727753895,0.0,0.0,1.0,0.0
1802,1802,5402.460734088224,5.402460734088224,Sector 3,18.97822121250448,0.0,0,0.1,2718932.2852035426,5850226.661303258,POINT (2718932.2852035426 5850226.661303258),24.4245842828436,46.43433286185841,0.0,0.0,1.0,0.0
1803,1803,5405.460734088671,5.405460734088671,Sector 3,18.978221229296025,0.0,0,0.1,2718933.6419106256,5850228.782766479,POINT (2718933.6419106256 5850228.782766479),24.424596470350686,46.43434599595975,0.0,0.0,1.0,0.0
1804,1804,5408.460734088239,5.408460734088239,Sector 3,18.978221223791596,0.0,0,0.1,2718934.9986177078,5850230.9042297,POINT (2718934.9986177078 5850230.9042297),24.424608657857767,46.43435913005793,0.0,0.0,1.0,0.0
1805,1805,5411.460734088686,5.411460734088686,Sector 3,18.978221211840943,0.0,0,0.1,2718936.3553247903,5850233.025692921,POINT (2718936.3553247903 5850233.025692921),24.42462084536485,46.434372264152934,0.0,0.0,1.0,0.0
1806,1806,5414.460734088253,5.414460734088253,Sector 3,18.978221238257163,-29.88015098034085,0,0.1,2718937.712031873,5850235.147156142,POINT (2718937.712031873 5850235.147156142),24.424633032871935,46.43438539824478,0.0,0.0,1.0,0.0
1807,1807,5417.4607340887005,5.4174607340887,Sector 3,18.97822121673471,0.0,0,0.1,2718939.0687389555,5850237.268619363,POINT (2718939.0687389555 5850237.268619363),24.42464522037902,46.43439853233346,0.0,0.0,1.0,0.0
1808,1808,5420.460734088268,5.420460734088268,Sector 3,21.8103671834549,0.0,0,0.1,2718940.4254460377,5850239.390082585,POINT (2718940.4254460377 5850239.390082585),24.424657407886098,46.43441166641898,0.0,0.0,1.0,0.0
1809,1809,5423.454657652662,5.423454657652662,Sector 3,26.507095901135187,0.0,0,0.1,2718941.779405139,5850241.507248828,POINT (2718941.779405139 5850241.507248828),24.424669570707643,46.434424773898535,0.0,0.0,1.0,0.0
1810,1810,5426.454657652255,5.426454657652255,Sector 3,26.50709591250552,0.0,0,0.1,2718943.1361122215,5850243.628712049,POINT (2718943.1361122215 5850243.628712049),24.424681758214728,46.43443790797773,0.0,0.0,1.0,0.0
1811,1811,5429.45465765289,5.42945465765289,Sector 3,26.50709590906712,0.0,0,0.1,2718944.492819304,5850245.75017527,POINT (2718944.492819304 5850245.75017527),24.42469394572181,46.43445104205375,0.0,0.0,1.0,0.0
1812,1812,5432.454657652692,5.432454657652692,Sector 3,26.50709589081993,13.010365646754288,0,0.1,2718945.8495263862,5850247.871638491,POINT (2718945.8495263862 5850247.871638491),24.42470613322889,46.43446417612661,0.0,0.0,1.0,0.0
1813,1813,5435.454657652494,5.435454657652493,Sector 3,26.50709590656976,0.0,0,0.1,2718947.206233469,5850249.993101712,POINT (2718947.206233469 5850249.993101712),24.424718320735977,46.43447731019631,0.0,0.0,1.0,0.0
1814,1814,5438.454657653128,5.4384546576531285,Sector 3,26.507095889357288,0.0,0,0.1,2718948.562940552,5850252.114564935,POINT (2718948.562940552 5850252.114564935),24.424730508243062,46.43449044426285,0.0,0.0,1.0,0.0
1815,1815,5441.454657652722,5.441454657652722,Sector 3,26.50709591720988,0.0,0,0.1,2718949.919647634,5850254.236028155,POINT (2718949.919647634 5850254.236028155),24.424742695750144,46.43450357832621,0.0,0.0,1.0,0.0
1816,1816,5444.454657652524,5.444454657652524,Sector 3,26.50709590939357,0.0,0,0.1,2718951.276354716,5850256.357491377,POINT (2718951.276354716 5850256.357491377),24.424754883257222,46.434516712386404,0.0,0.0,1.0,0.0
1817,1817,5447.454657652325,5.447454657652325,Sector 3,26.50709591033529,0.0,0,0.1,2718952.6330617983,5850258.478954597,POINT (2718952.6330617983 5850258.478954597),24.4247670707643,46.43452984644343,0.0,0.0,1.0,0.0
1818,1818,5450.45465765296,5.45045465765296,Sector 3,26.507095909604917,0.0,0,0.1,2718953.9897688814,5850260.600417819,POINT (2718953.9897688814 5850260.600417819),24.42477925827139,46.434542980497305,0.0,0.0,1.0,0.0
1819,1819,5453.454657652762,5.453454657652762,Sector 3,26.507095903461448,0.0,0,0.1,2718955.3464759635,5850262.72188104,POINT (2718955.3464759635 5850262.72188104),24.42479144577847,46.43455611454801,0.0,0.0,1.0,0.0
1820,1820,5456.454657652564,5.456454657652563,Sector 3,30.46568591181392,0.0,0,0.1,2718956.703183046,5850264.843344261,POINT (2718956.703183046 5850264.843344261),24.424803633285553,46.434569248595544,0.0,0.0,1.0,0.0
1821,1821,5459.450276182985,5.459450276182985,Sector 3,32.88846005787184,0.0,0,0.1,2718957.9918623874,5850267.000436934,POINT (2718957.9918623874 5850267.000436934),24.424815209689037,46.43458260322292,0.0,0.0,1.0,0.0
1822,1822,5462.450276182905,5.4624502761829055,Sector 3,32.88846005149924,-23.736426096500225,0,0.1,2718959.1940099685,5850269.212529835,POINT (2718959.1940099685 5850269.212529835),24.424826008764498,46.43459629835502,0.0,0.0,1.0,0.0
1823,1823,5465.450276183078,5.465450276183078,Sector 3,32.88846005865548,0.0,0,0.1,2718960.385756529,5850271.43058103,POINT (2718960.385756529 5850271.43058103),24.424836714406,46.43461003037163,0.0,0.0,1.0,0.0
1824,1824,5468.450276182998,5.468450276182998,Sector 3,32.88846007892147,0.0,0,0.1,2718961.5702019585,5850273.652814727,POINT (2718961.5702019585 5850273.652814727),24.424847354460322,46.434623788278756,0.0,0.0,1.0,0.0
1825,1825,5471.450276183171,5.4714502761831705,Sector 3,32.88846008145174,0.0,0,0.1,2718962.7546473886,5850275.875048425,POINT (2718962.7546473886 5850275.875048425),24.424857994514657,46.43463754618242,0.0,0.0,1.0,0.0
1826,1826,5474.450276182309,5.474450276182309,Sector 3,32.88846005271756,0.0,0,0.1,2718963.939092818,5850278.097282121,POINT (2718963.939092818 5850278.097282121),24.42486863456898,46.4346513040826,0.0,0.0,1.0,0.0
1827,1827,5477.450276182229,5.477450276182228,Sector 3,32.88846006695536,0.0,0,0.1,2718965.1235382482,5850280.319515818,POINT (2718965.1235382482 5850280.319515818),24.42487927462331,46.4346650619793,0.0,0.0,1.0,0.0
1828,1828,5480.4502761824015,5.480450276182402,Sector 3,32.88846007018742,0.0,0,0.1,2718966.307983678,5850282.541749515,POINT (2718966.307983678 5850282.541749515),24.42488991467764,46.43467881987254,0.0,0.0,1.0,0.0
1829,1829,5483.450276182321,5.483450276182322,Sector 3,32.88846006844267,0.0,0,0.1,2718967.492429108,5850284.7639832115,POINT (2718967.492429108 5850284.7639832115),24.424900554731966,46.43469257776229,0.0,0.0,1.0,0.0
1830,1830,5486.450276182494,5.486450276182494,Sector 3,32.888460049312755,0.0,0,0.1,2718968.676874538,5850286.986216909,POINT (2718968.676874538 5850286.986216909),24.424911194786297,46.434706335648585,0.0,0.0,1.0,0.0
1831,1831,5489.450276182414,5.489450276182414,Sector 3,32.88846006958022,0.0,0,0.1,2718969.8613199675,5850289.208450605,POINT (2718969.8613199675 5850289.208450605),24.42492183484062,46.43472009353139,0.0,0.0,1.0,0.0
1832,1832,5492.450276182587,5.492450276182587,Sector 3,32.88846006678426,11.162577147705798,0,0.1,2718971.045765398,5850291.430684302,POINT (2718971.045765398 5850291.430684302),24.42493247489496,46.43473385141073,0.0,0.0,1.0,0.0
1833,1833,5495.450276182507,5.495450276182507,Sector 3,32.888460059712656,0.0,0,0.1,2718972.2302108277,5850293.652918,POINT (2718972.2302108277 5850293.652918),24.424943114949283,46.43474760928661,0.0,0.0,1.0,0.0
1834,1834,5498.450276182427,5.498450276182427,Sector 3,32.888460078928915,0.0,0,0.1,2718973.4146562573,5850295.875151696,POINT (2718973.4146562573 5850295.875151696),24.42495375500361,46.43476136715899,0.0,0.0,1.0,0.0
1835,1835,5501.4502761826,5.5014502761826,Sector 3,32.88846004451824,0.0,0,0.1,2718974.5991016873,5850298.097385393,POINT (2718974.5991016873 5850298.097385393),24.424964395057938,46.434775125027926,0.0,0.0,1.0,0.0
1836,1836,5504.45027618252,5.50445027618252,Sector 3,32.88846005945908,0.0,0,0.1,2718975.7835471174,5850300.31961909,POINT (2718975.7835471174 5850300.31961909),24.424975035112272,46.43478888289337,0.0,0.0,1.0,0.0
1837,1837,5507.4502761826925,5.507450276182692,Sector 3,32.88846007194593,0.0,0,0.1,2718976.967992547,5850302.541852786,POINT (2718976.967992547 5850302.541852786),24.4249856751666,46.434802640755336,0.0,0.0,1.0,0.0
1838,1838,5510.4502761826125,5.510450276182612,Sector 3,32.88846006024886,0.0,0,0.1,2718978.1524379766,5850304.764086484,POINT (2718978.1524379766 5850304.764086484),24.424996315220923,46.43481639861385,0.0,0.0,1.0,0.0
1839,1839,5513.450276182785,5.513450276182786,Sector 3,32.88846007876498,0.0,0,0.1,2718979.336883407,5850306.986320181,POINT (2718979.336883407 5850306.986320181),24.425006955275258,46.43483015646887,0.0,0.0,1.0,0.0
1840,1840,5516.450276182705,5.516450276182705,Sector 3,32.88846005536124,-15.452842652108458,0,0.1,2718980.5213288367,5850309.208553877,POINT (2718980.5213288367 5850309.208553877),24.42501759532958,46.434843914320425,0.0,0.0,1.0,0.0
1841,1841,5519.450276182625,5.519450276182625,Sector 3,32.88846006995249,0.0,0,0.1,2718981.7057742663,5850311.4307875745,POINT (2718981.7057742663 5850311.4307875745),24.42502823538391,46.43485767216851,0.0,0.0,1.0,0.0
1842,1842,5522.450276182798,5.522450276182798,Sector 3,32.888460061830926,0.0,0,0.1,2718982.890219697,5850313.653021271,POINT (2718982.890219697 5850313.653021271),24.425038875438243,46.43487143001312,0.0,0.0,1.0,0.0
1843,1843,5525.450276182718,5.525450276182718,Sector 3,32.888460044807175,0.0,0,0.1,2718984.0746651264,5850315.875254968,POINT (2718984.0746651264 5850315.875254968),24.42504951549257,46.43488518785425,0.0,0.0,1.0,0.0
1844,1844,5528.450276182891,5.528450276182891,Sector 3,32.88846006795086,0.0,0,0.1,2718985.2591105564,5850318.097488665,POINT (2718985.2591105564 5850318.097488665),24.4250601555469,46.434898945691906,0.0,0.0,1.0,0.0
1845,1845,5531.450276182811,5.53145027618281,Sector 3,32.8884600665599,0.0,0,0.1,2718986.4435559865,5850320.319722362,POINT (2718986.4435559865 5850320.319722362),24.42507079560123,46.434912703526095,0.0,0.0,1.0,0.0
1846,1846,5534.450276182984,5.534450276182984,Sector 3,32.88846005914036,0.0,0,0.1,2718987.628001416,5850322.54195606,POINT (2718987.628001416 5850322.54195606),24.425081435655557,46.434926461356824,0.0,0.0,1.0,0.0
1847,1847,5537.450276182904,5.537450276182904,Sector 3,32.88846006770399,0.0,0,0.1,2718988.8124468457,5850324.764189756,POINT (2718988.8124468457 5850324.764189756),24.42509207570988,46.43494021918406,0.0,0.0,1.0,0.0
1848,1848,5540.450276183076,5.540450276183076,Sector 3,32.88846007094014,0.0,0,0.1,2718989.996892276,5850326.986423452,POINT (2718989.996892276 5850326.986423452),24.42510271576422,46.434953977007815,0.0,0.0,1.0,0.0
1849,1849,5543.450276182996,5.5434502761829965,Sector 3,32.88846005784296,0.0,0,0.1,2718991.181337706,5850329.20865715,POINT (2718991.181337706 5850329.20865715),24.425113355818542,46.43496773482813,0.0,0.0,1.0,0.0
1850,1850,5546.450276182916,5.546450276182917,Sector 3,32.888460067108326,0.0,0,0.1,2718992.3657831354,5850331.430890846,POINT (2718992.3657831354 5850331.430890846),24.42512399587287,46.43498149264494,0.0,0.0,1.0,0.0
1851,1851,5549.450276182308,5.549450276182308,Sector 3,32.69121607707211,7.352730737153328,0,0.1,2718993.5502285655,5850333.653124543,POINT (2718993.5502285655 5850333.653124543),24.425134635927197,46.434995250458286,0.0,0.0,1.0,0.0
1852,1852,5552.450273826115,5.552450273826115,Sector 3,32.66506845845328,0.0,0,0.1,2718994.734673065,5850335.8753564935,POINT (2718994.734673065 5850335.8753564935),24.425145275973172,46.43500900825735,0.0,0.0,1.0,0.0
1853,1853,5555.450273825672,5.555450273825672,Sector 3,32.66506849350208,0.0,0,0.1,2718995.9191184947,5850338.097590191,POINT (2718995.9191184947 5850338.097590191),24.4251559160275,46.43502276606375,0.0,0.0,1.0,0.0
1854,1854,5558.450273826012,5.558450273826011,Sector 3,32.66506849148243,0.0,0,0.1,2718997.103563925,5850340.319823888,POINT (2718997.103563925 5850340.319823888),24.425166556081827,46.435036523866685,0.0,0.0,1.0,0.0
1855,1855,5561.45027382582,5.56145027382582,Sector 3,32.665068493964554,0.0,0,0.1,2718998.2880093544,5850342.542057585,POINT (2718998.2880093544 5850342.542057585),24.425177196136154,46.435050281666136,0.0,0.0,1.0,0.0
1856,1856,5564.45027382616,5.56445027382616,Sector 3,32.66506848056031,0.0,0,0.1,2718999.4724547844,5850344.764291282,POINT (2718999.4724547844 5850344.764291282),24.425187836190485,46.43506403946213,0.0,0.0,1.0,0.0
1857,1857,5567.450273825716,5.567450273825716,Sector 3,32.665068484233814,0.0,0,0.1,2719000.6569002145,5850346.986524978,POINT (2719000.6569002145 5850346.986524978),24.425198476244816,46.43507779725463,0.0,0.0,1.0,0.0
1858,1858,5570.450273826308,5.570450273826308,Sector 3,32.66506849201204,-2.7308800944097973,0,0.1,2719001.8413456446,5850349.208758676,POINT (2719001.8413456446 5850349.208758676),24.425209116299147,46.43509155504368,0.0,0.0,1.0,0.0
1859,1859,5573.450273825864,5.573450273825864,Sector 3,32.66506848430089,0.0,0,0.1,2719002.9923412143,5850351.448220089,POINT (2719002.9923412143 5850351.448220089),24.42521945586827,46.43510541948552,0.0,0.0,1.0,0.0
1860,1860,5576.4502738262045,5.576450273826205,Sector 3,32.665068481488504,0.0,0,0.1,2719004.1154323136,5850353.702053173,POINT (2719004.1154323136 5850353.702053173),24.425229544767266,46.43511937289842,0.0,0.0,1.0,0.0
1861,1861,5579.450273825761,5.579450273825761,Sector 3,32.6650685014464,0.0,0,0.1,2719005.238523413,5850355.955886258,POINT (2719005.238523413 5850355.955886258),24.42523963366627,46.43513332630774,0.0,0.0,1.0,0.0
1862,1862,5582.450273826353,5.582450273826352,Sector 3,32.66506849294194,0.0,0,0.1,2719006.3616145127,5850358.209719341,POINT (2719006.3616145127 5850358.209719341),24.425249722565272,46.43514727971348,0.0,0.0,1.0,0.0
1863,1863,5585.450273825909,5.585450273825909,Sector 3,32.665068474243526,0.0,0,0.1,2719007.484705612,5850360.463552425,POINT (2719007.484705612 5850360.463552425),24.425259811464272,46.43516123311566,0.0,0.0,1.0,0.0
1864,1864,5588.450273826249,5.588450273826249,Sector 3,32.66506848242,0.0,0,0.1,2719008.607796712,5850362.717385509,POINT (2719008.607796712 5850362.717385509),24.425269900363276,46.43517518651426,0.0,0.0,1.0,0.0
1865,1865,5591.450273825805,5.591450273825806,Sector 3,32.66506848609515,0.0,0,0.1,2719009.7308878107,5850364.9712185925,POINT (2719009.7308878107 5850364.9712185925),24.425279989262272,46.43518913990928,0.0,0.0,1.0,0.0
1866,1866,5594.450273826397,5.594450273826397,Sector 3,32.665068493875026,0.0,0,0.1,2719010.8552528424,5850367.224365759,POINT (2719010.8552528424 5850367.224365759),24.425290089605202,46.435203089054255,0.0,0.0,1.0,0.0
1867,1867,5597.450273825953,5.597450273825953,Sector 3,32.665068480473,0.0,0,0.1,2719011.9846922155,5850369.4747807635,POINT (2719011.9846922155 5850369.4747807635),24.42530023553171,46.43521702128095,0.0,0.0,1.0,0.0
1868,1868,5600.450273826294,5.600450273826294,Sector 3,32.665068500035375,0.0,0,0.1,2719013.1141315894,5850371.72519577,POINT (2719013.1141315894 5850371.72519577),24.425310381458235,46.4352309535041,0.0,0.0,1.0,0.0
1869,1869,5603.450273826102,5.603450273826102,Sector 3,32.66506847604262,0.0,0,0.1,2719014.243570963,5850373.975610777,POINT (2719014.243570963 5850373.975610777),24.42532052738475,46.43524488572369,0.0,0.0,1.0,0.0
1870,1870,5606.450273826442,5.606450273826442,Sector 3,32.665068478527814,0.0,0,0.1,2719015.3730103364,5850376.2260257825,POINT (2719015.3730103364 5850376.2260257825),24.42533067331127,46.43525881793971,0.0,0.0,1.0,0.0
1871,1871,5609.450273825998,5.609450273825998,Sector 3,32.665068497693824,2.1636491310207955,0,0.1,2719016.5024497104,5850378.476440788,POINT (2719016.5024497104 5850378.476440788),24.42534081923779,46.43527275015217,0.0,0.0,1.0,0.0
1872,1872,5612.450273826338,5.612450273826338,Sector 3,32.66506849567787,0.0,0,0.1,2719017.631889084,5850380.726855795,POINT (2719017.631889084 5850380.726855795),24.425350965164306,46.435286682361074,0.0,0.0,1.0,0.0
1873,1873,5615.450273826146,5.615450273826147,Sector 3,32.66506848796956,0.0,0,0.1,2719018.761328458,5850382.9772708,POINT (2719018.761328458 5850382.9772708),24.425361111090826,46.435300614566394,0.0,0.0,1.0,0.0
1874,1874,5618.450273825702,5.618450273825703,Sector 3,32.665068479070555,0.0,0,0.1,2719019.890767831,5850385.227685806,POINT (2719019.890767831 5850385.227685806),24.42537125701734,46.43531454676818,0.0,0.0,1.0,0.0
1875,1875,5621.450273826043,5.621450273826043,Sector 3,32.66506849373576,0.0,0,0.1,2719021.0090646734,5850387.483920284,POINT (2719021.0090646734 5850387.483920284),24.425381302848802,46.43532851499442,0.0,0.0,1.0,0.0
1876,1876,5624.450273825851,5.62445027382585,Sector 3,32.665068496222204,-7.648924866893522,0,0.1,2719022.12650983,5850389.740599575,POINT (2719022.12650983 5850389.740599575),24.42539134102943,46.43534248597091,0.0,0.0,1.0,0.0
1877,1877,5627.450273826191,5.627450273826191,Sector 3,32.66506847752663,0.0,0,0.1,2719023.2439549863,5850391.997278868,POINT (2719023.2439549863 5850391.997278868),24.42540137921006,46.43535645694381,0.0,0.0,1.0,0.0
1878,1878,5630.450273825747,5.630450273825747,Sector 3,32.665068480807406,0.0,0,0.1,2719024.361400143,5850394.25395816,POINT (2719024.361400143 5850394.25395816),24.425411417390695,46.43537042791313,0.0,0.0,1.0,0.0
1879,1879,5633.450273826087,5.633450273826087,Sector 3,32.66506848408841,0.0,0,0.1,2719025.478845299,5850396.510637453,POINT (2719025.478845299 5850396.510637453),24.425421455571325,46.43538439887887,0.0,0.0,1.0,0.0
1880,1880,5636.450273825895,5.636450273825895,Sector 3,32.66506849716677,0.0,0,0.1,2719026.5962904557,5850398.767316745,POINT (2719026.5962904557 5850398.767316745),24.425431493751958,46.435398369841025,0.0,0.0,1.0,0.0
1881,1881,5639.450273826235,5.639450273826236,Sector 3,32.66506846258534,0.0,0,0.1,2719027.713735612,5850401.023996037,POINT (2719027.713735612 5850401.023996037),24.42544153193259,46.43541234079961,0.0,0.0,1.0,0.0
1882,1882,5642.450273825792,5.642450273825792,Sector 3,32.66506849274168,0.0,0,0.1,2719028.831180769,5850403.280675329,POINT (2719028.831180769 5850403.280675329),24.42545157011323,46.435426311754604,0.0,0.0,1.0,0.0
1883,1883,5645.450273826384,5.645450273826383,Sector 3,32.66506848463848,0.0,0,0.1,2719029.9486259255,5850405.537354622,POINT (2719029.9486259255 5850405.537354622),24.425461608293862,46.43544028270602,0.0,0.0,1.0,0.0
1884,1884,5648.45027382594,5.64845027382594,Sector 3,32.66506848752351,0.0,0,0.1,2719031.066071082,5850407.794033914,POINT (2719031.066071082 5850407.794033914),24.42547164647449,46.435454253653845,0.0,0.0,1.0,0.0
1885,1885,5651.45027382628,5.65145027382628,Sector 3,32.66506849001178,0.0,0,0.1,2719032.1835162384,5850410.050713206,POINT (2719032.1835162384 5850410.050713206),24.42548168465512,46.43546822459809,0.0,0.0,1.0,0.0
1886,1886,5654.450273825836,5.654450273825836,Sector 3,32.66506848879254,0.0,0,0.1,2719033.300961395,5850412.307392498,POINT (2719033.300961395 5850412.307392498),24.425491722835755,46.435482195538754,0.0,0.0,1.0,0.0
1887,1887,5657.450273826428,5.657450273826428,Sector 3,32.66506848558873,0.0,0,0.1,2719034.4184065512,5850414.564071791,POINT (2719034.4184065512 5850414.564071791),24.425501761016385,46.43549616647585,0.0,0.0,1.0,0.0
1888,1888,5660.450273825984,5.660450273825984,Sector 3,32.66506848807768,0.0,0,0.1,2719035.5358517077,5850416.820751083,POINT (2719035.5358517077 5850416.820751083),24.425511799197018,46.43551013740935,0.0,0.0,1.0,0.0
1889,1889,5663.4502738263245,5.663450273826324,Sector 3,32.66506849136067,0.0,0,0.1,2719036.653296864,5850419.077430375,POINT (2719036.653296864 5850419.077430375),24.42552183737765,46.43552410833927,0.0,0.0,1.0,0.0
1890,1890,5666.450273826133,5.666450273826133,Sector 3,32.66506847306465,10.869442719153897,0,0.1,2719037.7707420206,5850421.334109667,POINT (2719037.7707420206 5850421.334109667),24.425531875558285,46.435538079265605,0.0,0.0,1.0,0.0
1891,1891,5669.450273826473,5.669450273826473,Sector 3,32.66506849183787,0.0,0,0.1,2719038.888187177,5850423.5907889595,POINT (2719038.888187177 5850423.5907889595),24.425541913738915,46.43555205018838,0.0,0.0,1.0,0.0
1892,1892,5672.450273826029,5.672450273826029,Sector 3,32.66506848373649,0.0,0,0.1,2719040.0056323335,5850425.847468251,POINT (2719040.0056323335 5850425.847468251),24.425551951919548,46.43556602110754,0.0,0.0,1.0,0.0
1893,1893,5675.450273826369,5.675450273826369,Sector 3,32.66506848741727,0.0,0,0.1,2719041.12307749,5850428.104147544,POINT (2719041.12307749 5850428.104147544),24.42556199010018,46.43557999202314,0.0,0.0,1.0,0.0
1894,1894,5678.450273826177,5.6784502738261775,Sector 3,32.66506847931623,-10.768227383445735,0,0.1,2719042.2405226463,5850430.360826836,POINT (2719042.2405226463 5850430.360826836),24.42557202828081,46.43559396293516,0.0,0.0,1.0,0.0
1895,1895,5681.450273825733,5.6814502738257335,Sector 3,32.66506849239778,0.0,0,0.1,2719043.357967803,5850432.617506128,POINT (2719043.357967803 5850432.617506128),24.42558206646144,46.435607933843585,0.0,0.0,1.0,0.0
1896,1896,5684.4502738260735,5.684450273826074,Sector 3,32.66506849568225,0.0,0,0.1,2719044.4754129592,5850434.874185421,POINT (2719044.4754129592 5850434.874185421),24.425592104642075,46.43562190474844,0.0,0.0,1.0,0.0
1897,1897,5687.45027382563,5.68745027382563,Sector 3,32.66506848837571,0.0,0,0.1,2719045.5928581157,5850437.130864712,POINT (2719045.5928581157 5850437.130864712),24.425602142822708,46.4356358756497,0.0,0.0,1.0,0.0
1898,1898,5690.450273826222,5.6904502738262215,Sector 3,32.66506847497993,0.0,0,0.1,2719046.710303272,5850439.387544005,POINT (2719046.710303272 5850439.387544005),24.425612181003338,46.43564984654739,0.0,0.0,1.0,0.0
1899,1899,5693.450273825778,5.6934502738257775,Sector 3,32.665068498653454,0.0,0,0.1,2719047.8277484286,5850441.644223296,POINT (2719047.8277484286 5850441.644223296),24.42562221918397,46.43566381744149,0.0,0.0,1.0,0.0
1900,1900,5696.450273826118,5.696450273826118,Sector 3,32.665068497437005,0.0,0,0.1,2719048.945193585,5850443.900902589,POINT (2719048.945193585 5850443.900902589),24.425632257364605,46.43567778833201,0.0,0.0,1.0,0.0
1901,1901,5699.450273825926,5.699450273825926,Sector 3,32.66506846736121,0.0,0,0.1,2719050.0626387415,5850446.157581882,POINT (2719050.0626387415 5850446.157581882),24.425642295545234,46.435691759218955,0.0,0.0,1.0,0.0
1902,1902,5702.450273826266,5.702450273826266,Sector 3,32.665068486136704,0.0,0,0.1,2719051.180083898,5850448.414261173,POINT (2719051.180083898 5850448.414261173),24.425652333725868,46.435705730102306,0.0,0.0,1.0,0.0
1903,1903,5705.450273825823,5.705450273825822,Sector 3,32.665068494718184,0.0,0,0.1,2719052.2975290543,5850450.670940465,POINT (2719052.2975290543 5850450.670940465),24.4256623719065,46.43571970098209,0.0,0.0,1.0,0.0
1904,1904,5708.450273826163,5.708450273826163,Sector 3,32.66506848211748,0.0,0,0.1,2719053.414156988,5850452.928012936,POINT (2719053.414156988 5850452.928012936),24.425672402745892,46.435733674292415,0.0,0.0,1.0,0.0
1905,1905,5711.450273825971,5.711450273825971,Sector 3,32.66506848460995,0.0,0,0.1,2719054.528933392,5850455.1859762035,POINT (2719054.528933392 5850455.1859762035),24.425682416952714,46.435747653113985,0.0,0.0,1.0,0.0
1906,1906,5714.450273826311,5.714450273826311,Sector 3,33.96023954177144,0.0,0,0.1,2719055.643709796,5850457.443939472,POINT (2719055.643709796 5850457.443939472),24.425692431159536,46.435761631931975,0.0,0.0,1.0,0.0
1907,1907,5717.450143933694,5.717450143933694,Sector 3,34.17972230555648,0.0,0,0.1,2719056.758400325,5850459.701823369,POINT (2719056.758400325 5850459.701823369),24.42570244459493,46.435775610255,0.0,0.0,1.0,0.0
1908,1908,5720.450143934056,5.720450143934055,Sector 3,34.17972236579999,0.0,0,0.1,2719057.850725934,5850461.9707667595,POINT (2719057.850725934 5850461.9707667595),24.425712257122825,46.435789657042584,0.0,0.0,1.0,0.0
1909,1909,5723.450143933909,5.723450143933909,Sector 3,34.179722326662386,9.695237125405097,0,0.1,2719058.9430515426,5850464.23971015,POINT (2719058.9430515426 5850464.23971015),24.42572206965072,46.43580370382655,0.0,0.0,1.0,0.0
1910,1910,5726.450143933501,5.7264501439335005,Sector 3,34.17972231516728,0.0,0,0.1,2719060.0353771513,5850466.508653541,POINT (2719060.0353771513 5850466.508653541),24.425731882178617,46.43581775060689,0.0,0.0,1.0,0.0
1911,1911,5729.450143933863,5.729450143933863,Sector 3,34.17972234225698,-8.53270365831844,0,0.1,2719061.1277027596,5850468.777596933,POINT (2719061.1277027596 5850468.777596933),24.425741694706506,46.435831797383614,0.0,0.0,1.0,0.0
1912,1912,5732.450143933455,5.732450143933455,Sector 3,34.17972230871396,0.0,0,0.1,2719062.2200283683,5850471.046540323,POINT (2719062.2200283683 5850471.046540323),24.425751507234402,46.43584584415671,0.0,0.0,1.0,0.0
1913,1913,5735.450143933816,5.735450143933816,Sector 3,34.1797223414801,0.0,0,0.1,2719063.312353977,5850473.315483714,POINT (2719063.312353977 5850473.315483714),24.425761319762298,46.435859890926196,0.0,0.0,1.0,0.0
1914,1914,5738.45014393367,5.73845014393367,Sector 3,34.17972231871573,0.0,0,0.1,2719064.4046795857,5850475.584427104,POINT (2719064.4046795857 5850475.584427104),24.425771132290194,46.43587393769205,0.0,0.0,1.0,0.0
1915,1915,5741.450143934032,5.741450143934032,Sector 3,34.17972233478213,0.0,0,0.1,2719065.4970051944,5850477.853370497,POINT (2719065.4970051944 5850477.853370497),24.42578094481809,46.435887984454304,0.0,0.0,1.0,0.0
1916,1916,5744.450143933624,5.744450143933624,Sector 3,34.17972233990645,0.0,0,0.1,2719066.589330803,5850480.122313887,POINT (2719066.589330803 5850480.122313887),24.425790757345986,46.43590203121291,0.0,0.0,1.0,0.0
1917,1917,5747.450143933986,5.747450143933985,Sector 3,34.179722328412765,0.0,0,0.1,2719067.681656412,5850482.391257278,POINT (2719067.681656412 5850482.391257278),24.425800569873882,46.4359160779679,0.0,0.0,1.0,0.0
1918,1918,5750.450143933577,5.750450143933577,Sector 3,34.17972233361951,0.0,0,0.1,2719068.77398202,5850484.6602006685,POINT (2719068.77398202 5850484.6602006685),24.42581038240177,46.435930124719285,0.0,0.0,1.0,0.0
1919,1919,5753.450143934201,5.753450143934201,Sector 3,34.179722327474394,0.0,0,0.1,2719069.8663076293,5850486.92914406,POINT (2719069.8663076293 5850486.92914406),24.42582019492967,46.43594417146704,0.0,0.0,1.0,0.0
1920,1920,5756.450143933793,5.756450143933793,Sector 3,34.17972231598128,0.0,0,0.1,2719070.9586332375,5850489.19808745,POINT (2719070.9586332375 5850489.19808745),24.425830007457563,46.43595821821117,0.0,0.0,1.0,0.0
1921,1921,5759.450143934155,5.7594501439341546,Sector 3,34.17972232645485,0.0,0,0.1,2719072.0509588467,5850491.467030842,POINT (2719072.0509588467 5850491.467030842),24.42583981998546,46.435972264951694,0.0,0.0,1.0,0.0
1922,1922,5762.450143933746,5.762450143933746,Sector 3,34.179722342604634,0.0,0,0.1,2719073.143284455,5850493.735974233,POINT (2719073.143284455 5850493.735974233),24.42584963251335,46.43598631168858,0.0,0.0,1.0,0.0
1923,1923,5765.450143933338,5.765450143933338,Sector 3,34.179722331194114,0.0,0,0.1,2719074.2356100637,5850496.0049176235,POINT (2719074.2356100637 5850496.0049176235),24.425859445041247,46.43600035842186,0.0,0.0,1.0,0.0
1924,1924,5768.450143933962,5.768450143933962,Sector 3,34.17972233064404,0.0,0,0.1,2719075.3273493866,5850498.274137152,POINT (2719075.3273493866 5850498.274137152),24.425869252302448,46.43601440686104,0.0,0.0,1.0,0.0
1925,1925,5771.450143933554,5.771450143933554,Sector 3,34.17972231363984,0.0,0,0.1,2719076.4186102455,5850500.543582033,POINT (2719076.4186102455 5850500.543582033),24.425879055265536,46.43602845669172,0.0,0.0,1.0,0.0
1926,1926,5774.450143933916,5.774450143933915,Sector 3,34.17972233522056,0.0,0,0.1,2719077.509871105,5850502.813026915,POINT (2719077.509871105 5850502.813026915),24.425888858228628,46.436042506518795,0.0,0.0,1.0,0.0
1927,1927,5777.450143933507,5.777450143933507,Sector 3,34.17972232932294,3.150002055391313,0,0.1,2719078.6011319645,5850505.082471796,POINT (2719078.6011319645 5850505.082471796),24.425898661191713,46.43605655634224,0.0,0.0,1.0,0.0
1928,1928,5780.450143933869,5.780450143933869,Sector 3,34.1797223398799,0.0,0,0.1,2719079.692392824,5850507.351916679,POINT (2719079.692392824 5850507.351916679),24.42590846415481,46.436070606162076,0.0,0.0,1.0,0.0
1929,1929,5783.450143933723,5.783450143933723,Sector 3,34.17972231720046,0.0,0,0.1,2719080.7836536835,5850509.621361561,POINT (2719080.7836536835 5850509.621361561),24.425918267117897,46.436084655978284,0.0,0.0,1.0,0.0
1930,1930,5786.450143934085,5.7864501439340845,Sector 3,34.17972233335183,-1.6198712776745698,0,0.1,2719081.874914543,5850511.890806443,POINT (2719081.874914543 5850511.890806443),24.425928070080985,46.43609870579086,0.0,0.0,1.0,0.0
1931,1931,5789.450143933676,5.789450143933676,Sector 3,34.17972231634883,0.0,0,0.1,2719082.966175402,5850514.160251324,POINT (2719082.966175402 5850514.160251324),24.425937873044074,46.43611275559981,0.0,0.0,1.0,0.0
1932,1932,5792.450143934038,5.792450143934039,Sector 3,34.17972234344296,0.0,0,0.1,2719084.0574362613,5850516.429696207,POINT (2719084.0574362613 5850516.429696207),24.425947676007162,46.43612680540516,0.0,0.0,1.0,0.0
1933,1933,5795.45014393363,5.79545014393363,Sector 3,34.17972232652227,0.0,0,0.1,2719085.1486971206,5850518.699141088,POINT (2719085.1486971206 5850518.699141088),24.42595747897025,46.43614085520686,0.0,0.0,1.0,0.0
1934,1934,5798.450143934254,5.798450143934254,Sector 3,34.179722342510615,0.0,0,0.1,2719086.23995798,5850520.968585971,POINT (2719086.23995798 5850520.968585971),24.42596728193334,46.43615490500496,0.0,0.0,1.0,0.0
1935,1935,5801.4501439338455,5.801450143933845,Sector 3,34.17972233661459,0.0,0,0.1,2719087.331218839,5850523.238030852,POINT (2719087.331218839 5850523.238030852),24.425977084896427,46.43616895479943,0.0,0.0,1.0,0.0
1936,1936,5804.450143933437,5.804450143933437,Sector 3,34.17972231393651,0.0,0,0.1,2719088.4224796984,5850525.507475734,POINT (2719088.4224796984 5850525.507475734),24.425986887859516,46.436183004590276,0.0,0.0,1.0,0.0
1937,1937,5807.450143933799,5.807450143933799,Sector 3,34.179722313552986,0.0,0,0.1,2719089.513740558,5850527.776920616,POINT (2719089.513740558 5850527.776920616),24.425996690822608,46.436197054377494,0.0,0.0,1.0,0.0
1938,1938,5810.450143933391,5.810450143933391,Sector 3,34.17972234624244,0.0,0,0.1,2719090.6050014175,5850530.046365498,POINT (2719090.6050014175 5850530.046365498),24.426006493785696,46.4362111041611,0.0,0.0,1.0,0.0
1939,1939,5813.450143934015,5.813450143934015,Sector 3,34.17972233467117,0.0,0,0.1,2719091.6962622767,5850532.315810379,POINT (2719091.6962622767 5850532.315810379),24.426016296748784,46.43622515394107,0.0,0.0,1.0,0.0
1940,1940,5816.450143933606,5.816450143933606,Sector 3,34.1797223342063,0.0,0,0.1,2719092.787523136,5850534.585255261,POINT (2719092.787523136 5850534.585255261),24.426026099711873,46.436239203717435,0.0,0.0,1.0,0.0
1941,1941,5819.450143933968,5.8194501439339685,Sector 3,34.17972232822956,0.0,0,0.1,2719093.8787839953,5850536.8547001425,POINT (2719093.8787839953 5850536.8547001425),24.42603590267496,46.43625325349017,0.0,0.0,1.0,0.0
1942,1942,5822.45014393356,5.82245014393356,Sector 3,34.17972231674082,0.0,0,0.1,2719094.9700448546,5850539.124145024,POINT (2719094.9700448546 5850539.124145024),24.42604570563805,46.436267303259285,0.0,0.0,1.0,0.0
1943,1943,5825.450143933922,5.825450143933922,Sector 3,34.17972234951321,0.0,0,0.1,2719096.061305714,5850541.393589906,POINT (2719096.061305714 5850541.393589906),24.42605550860114,46.43628135302477,0.0,0.0,1.0,0.0
1944,1944,5828.450143933776,5.828450143933775,Sector 3,34.179722304706274,0.0,0,0.1,2719097.152566573,5850543.663034788,POINT (2719097.152566573 5850543.663034788),24.426065311564226,46.43629540278664,0.0,0.0,1.0,0.0
1945,1945,5831.4501439341375,5.831450143934138,Sector 3,34.17972233731524,1.7380867551793218,0,0.1,2719098.2438274333,5850545.93247967,POINT (2719098.2438274333 5850545.93247967),24.426075114527325,46.43630945254488,0.0,0.0,1.0,0.0
1946,1946,5834.450143933729,5.834450143933729,Sector 3,34.17972233693354,0.0,0,0.1,2719099.335088292,5850548.201924552,POINT (2719099.335088292 5850548.201924552),24.42608491749041,46.43632350229951,0.0,0.0,1.0,0.0
1947,1947,5837.450143934091,5.837450143934091,Sector 3,34.17972232544582,0.0,0,0.1,2719100.8443450746,5850550.210052624,POINT (2719100.8443450746 5850550.210052624),24.42609847537476,46.43633593428234,0.0,0.0,1.0,0.0
1948,1948,5840.450143933683,5.840450143933682,Sector 3,34.179722358137326,-1.4806738716304406,0,0.1,2719102.392840432,5850552.194789795,POINT (2719102.392840432 5850552.194789795),24.42611238574523,46.43634822145326,0.0,0.0,1.0,0.0
1949,1949,5843.450143933536,5.843450143933536,Sector 3,34.17972232460147,0.0,0,0.1,2719103.94133579,5850554.179526965,POINT (2719103.94133579 5850554.179526965),24.426126296115708,46.436360508621384,0.0,0.0,1.0,0.0
1950,1950,5846.450143933898,5.8464501439338985,Sector 3,34.17972231303236,0.0,0,0.1,2719105.4898311477,5850556.164264137,POINT (2719105.4898311477 5850556.164264137),24.426140206486178,46.43637279578677,0.0,0.0,1.0,0.0
1951,1951,5849.45014393349,5.84945014393349,Sector 3,34.17972234004856,0.0,0,0.1,2719107.0383265046,5850558.149001307,POINT (2719107.0383265046 5850558.149001307),24.426154116856644,46.436385082949364,0.0,0.0,1.0,0.0
1952,1952,5852.450143933852,5.852450143933852,Sector 3,34.17972233415588,0.0,0,0.1,2719108.5868218625,5850560.133738479,POINT (2719108.5868218625 5850560.133738479),24.426168027227117,46.436397370109205,0.0,0.0,1.0,0.0
1953,1953,5855.450143933444,5.855450143933443,Sector 3,34.17972231723911,0.0,0,0.1,2719110.1353172204,5850562.1184756495,POINT (2719110.1353172204 5850562.1184756495),24.42618193759759,46.43640965726625,0.0,0.0,1.0,0.0
1954,1954,5858.450143934068,5.858450143934068,Sector 3,34.1797223497681,0.0,0,0.1,2719111.683812578,5850564.10321282,POINT (2719111.683812578 5850564.10321282),24.426195847968064,46.436421944420545,0.0,0.0,1.0,0.0
1955,1955,5861.450143933659,5.861450143933659,Sector 3,34.179722316233324,0.0,0,0.1,2719113.299856112,5850566.025877866,POINT (2719113.299856112 5850566.025877866),24.426210365134125,46.43643384729472,0.0,0.0,1.0,0.0
1956,1956,5864.450143934021,5.864450143934021,Sector 3,34.17972234884462,0.0,0,0.1,2719115.215810146,5850567.654926711,POINT (2719115.215810146 5850567.654926711),24.426227576442052,46.43644393244168,0.0,0.0,1.0,0.0
1957,1957,5867.450143933613,5.867450143933612,Sector 3,34.179722315392155,0.0,0,0.1,2719117.1317641805,5850569.283975554,POINT (2719117.1317641805 5850569.283975554),24.42624478774998,46.43645401758673,0.0,0.0,1.0,0.0
1958,1958,5870.450143933975,5.870450143933975,Sector 3,34.17972234800391,0.0,0,0.1,2719119.047718215,5850570.9130243985,POINT (2719119.047718215 5850570.9130243985),24.426261999057903,46.43646410272996,0.0,0.0,1.0,0.0
1959,1959,5873.450143933828,5.8734501439338285,Sector 3,34.17972231981827,0.0,0,0.1,2719120.963672249,5850572.542073241,POINT (2719120.963672249 5850572.542073241),24.42627921036583,46.43647418787129,0.0,0.0,1.0,0.0
1960,1960,5876.45014393419,5.87645014393419,Sector 3,34.17972231943935,0.0,0,0.1,2719122.879626284,5850574.171122086,POINT (2719122.879626284 5850574.171122086),24.426296421673765,46.43648427301077,0.0,0.0,1.0,0.0
1961,1961,5879.450143933782,5.879450143933782,Sector 3,34.17972233551518,0.0,0,0.1,2719124.795580318,5850575.800170929,POINT (2719124.795580318 5850575.800170929),24.426313632981692,46.43649435814837,0.0,0.0,1.0,0.0
1962,1962,5882.4501439333735,5.882450143933373,Sector 3,34.17972232403042,0.0,0,0.1,2719127.129615695,5850576.522493633,POINT (2719127.129615695 5850576.522493633),24.42633459997822,46.43649882991294,0.0,0.0,1.0,0.0
1963,1963,5885.450143933736,5.885450143933736,Sector 3,34.179722334676455,0.0,0,0.1,2719129.6066211564,5850576.929597598,POINT (2719129.6066211564 5850576.929597598),24.426356851296866,46.43650135021717,0.0,0.0,1.0,0.0
1964,1964,5888.450143933589,5.888450143933589,Sector 3,34.17972231208586,-2.3632521825996826,0,0.1,2719132.083626617,5850577.336701562,POINT (2719132.083626617 5850577.336701562),24.42637910261551,46.436503870521285,0.0,0.0,1.0,0.0
1965,1965,5891.450143933951,5.891450143933951,Sector 3,34.179722350293105,0.0,0,0.1,2719134.560632078,5850577.743805525,POINT (2719134.560632078 5850577.743805525),24.42640135393415,46.436506390825265,0.0,0.0,1.0,0.0
1966,1966,5894.450143933543,5.894450143933542,Sector 3,34.17972232210889,-14.451836637489553,0,0.1,2719137.0440773144,5850578.119358007,POINT (2719137.0440773144 5850578.119358007),24.426423663102284,46.43650871579987,0.0,0.0,1.0,0.0
1967,1967,5897.450143933905,5.897450143933905,Sector 3,34.17972232724355,0.0,0,0.1,2719139.5507680057,5850578.1815468455,POINT (2719139.5507680057 5850578.1815468455),24.42644618108789,46.436509100799235,0.0,0.0,1.0,0.0
1968,1968,5900.450143933496,5.900450143933496,Sector 3,34.17972233237839,0.0,0,0.1,2719142.0650690687,5850578.048720432,POINT (2719142.0650690687 5850578.048720432),24.426468767438624,46.43650827849598,0.0,0.0,1.0,0.0
1969,1969,5903.45014393412,5.90345014393412,Sector 3,34.17972234286185,0.0,0,0.1,2719144.579370132,5850577.9158940185,POINT (2719144.579370132 5850577.9158940185),24.42649135378937,46.43650745619269,0.0,0.0,1.0,0.0
1970,1970,5906.450143933712,5.906450143933712,Sector 3,34.179722309329975,0.0,0,0.1,2719147.0936711947,5850577.783067605,POINT (2719147.0936711947 5850577.783067605),24.4265139401401,46.436506633889415,0.0,0.0,1.0,0.0
1971,1971,5909.450143934074,5.909450143934074,Sector 3,34.17972233092007,0.0,0,0.1,2719149.6079722582,5850577.6502411915,POINT (2719149.6079722582 5850577.6502411915),24.426536526490846,46.4365058115861,0.0,0.0,1.0,0.0
1972,1972,5912.4501439336655,5.912450143933666,Sector 3,34.17972234148601,0.0,0,0.1,2719152.122273321,5850577.517414778,POINT (2719152.122273321 5850577.517414778),24.426559112841577,46.436504989282795,0.0,0.0,1.0,0.0
1973,1973,5915.450143934027,5.915450143934027,Sector 3,34.17972233016724,0.0,0,0.1,2719154.6097355005,5850577.720458224,POINT (2719154.6097355005 5850577.720458224),24.426581458094525,46.436506246286534,0.0,0.0,1.0,0.0
1974,1974,5918.450143933881,5.918450143933881,Sector 3,34.179722318357335,0.0,0,0.1,2719157.0742201703,5850578.211049138,POINT (2719157.0742201703 5850578.211049138),24.42660359693699,46.43650928344236,0.0,0.0,1.0,0.0
1975,1975,5921.450143933473,5.921450143933472,Sector 3,34.179722323575504,0.0,0,0.1,2719159.53870484,5850578.701640051,POINT (2719159.53870484 5850578.701640051),24.426625735779453,46.43651232059803,0.0,0.0,1.0,0.0
1976,1976,5924.450143933835,5.924450143933835,Sector 3,34.17972233414224,0.0,0,0.1,2719162.0031877947,5850579.192267987,POINT (2719162.0031877947 5850579.192267987),24.42664787460651,46.43651535798272,0.0,0.0,1.0,0.0
1977,1977,5927.450143933426,5.927450143933426,Sector 3,34.17972231714833,0.0,0,0.1,2719164.4665978984,5850579.706050743,POINT (2719164.4665978984 5850579.706050743),24.42667000379598,46.43651853871434,0.0,0.0,1.0,0.0
1978,1978,5930.450143933788,5.930450143933788,Sector 3,34.179722349846145,0.0,0,0.1,2719166.9300080026,5850580.219833501,POINT (2719166.9300080026 5850580.219833501),24.42669213298546,46.436521719445786,0.0,0.0,1.0,0.0
1979,1979,5933.450143933642,5.933450143933642,Sector 3,34.17972232734036,0.0,0,0.1,2719169.3934181067,5850580.733616259,POINT (2719169.3934181067 5850580.733616259),24.426714262174933,46.43652490017704,0.0,0.0,1.0,0.0
1980,1980,5936.450143934004,5.936450143934004,Sector 3,34.17972233231393,0.0,0,0.1,2719171.7547834297,5850581.5819156775,POINT (2719171.7547834297 5850581.5819156775),24.42673547468054,46.43653015183688,0.0,0.0,1.0,0.0
1981,1981,5939.450143933595,5.939450143933596,Sector 3,34.17972232075107,0.0,0,0.1,2719174.105954255,5850582.471636154,POINT (2719174.105954255 5850582.471636154),24.426756595607422,46.43653565992602,0.0,0.0,1.0,0.0
1982,1982,5942.450143933957,5.942450143933957,Sector 3,34.17972234242535,12.046744964703276,0,0.1,2719176.4494567136,5850583.393201188,POINT (2719176.4494567136 5850583.393201188),24.42677764764819,46.43654136515815,0.0,0.0,1.0,0.0
1983,1983,5945.450143933549,5.945450143933549,Sector 3,34.17972232000221,0.0,0,0.1,2719178.792959172,5850584.314766223,POINT (2719178.792959172 5850584.314766223),24.426798699688955,46.43654707038967,0.0,0.0,1.0,0.0
1984,1984,5948.450143934173,5.948450143934173,Sector 3,34.179722330488744,-3.234833182974836,0,0.1,2719181.136461631,5850585.236331257,POINT (2719181.136461631 5850585.236331257),24.42681975172973,46.436552775620605,0.0,0.0,1.0,0.0
1985,1985,5951.450143933765,5.951450143933765,Sector 3,34.17972234105741,0.0,0,0.1,2719182.9191811937,5850586.8658114355,POINT (2719182.9191811937 5850586.8658114355),24.426835766172037,46.43656286341584,0.0,0.0,1.0,0.0
1986,1986,5954.450143934127,5.954450143934126,Sector 3,34.17972232957743,0.0,0,0.1,2719184.382416638,5850588.910669527,POINT (2719184.382416638 5850588.910669527),24.426848910639677,46.436575522732404,0.0,0.0,1.0,0.0
1987,1987,5957.450143933718,5.957450143933718,Sector 3,34.17972232920391,0.0,0,0.1,2719185.845652082,5850590.9555276185,POINT (2719185.845652082 5850590.9555276185),24.42686205510731,46.43658818204602,0.0,0.0,1.0,0.0
1988,1988,5960.45014393408,5.9604501439340805,Sector 3,34.17972232874871,0.0,0,0.1,2719187.308887527,5850593.00038571,POINT (2719187.308887527 5850593.00038571),24.426875199574955,46.436600841356714,0.0,0.0,1.0,0.0
1989,1989,5963.450143933934,5.963450143933934,Sector 3,34.179722328130026,0.0,0,0.1,2719188.7721229712,5850595.045243802,POINT (2719188.7721229712 5850595.045243802),24.426888344042595,46.43661350066446,0.0,0.0,1.0,0.0
1990,1990,5966.450143933525,5.966450143933526,Sector 3,34.17972233326935,0.0,0,0.1,2719190.235358415,5850597.090101892,POINT (2719190.235358415 5850597.090101892),24.426901488510232,46.43662615996925,0.0,0.0,1.0,0.0
1991,1991,5969.450143933887,5.969450143933887,Sector 3,34.179722338327,0.0,0,0.1,2719191.672699713,5850599.156302975,POINT (2719191.672699713 5850599.156302975),24.426914400366794,46.43663895140122,0.0,0.0,1.0,0.0
1992,1992,5972.450143933479,5.972450143933479,Sector 3,34.17972233236037,0.0,0,0.1,2719193.0989189767,5850601.231671281,POINT (2719193.0989189767 5850601.231671281),24.426927212312425,46.436651799582606,0.0,0.0,1.0,0.0
1993,1993,5975.450143933841,5.975450143933841,Sector 3,34.17972232096366,0.0,0,0.1,2719194.5251382403,5850603.307039587,POINT (2719194.5251382403 5850603.307039587),24.42694002425805,46.43666464776095,0.0,0.0,1.0,0.0
1994,1994,5978.450143933695,5.978450143933695,Sector 3,34.17972234247668,0.0,0,0.1,2719195.9508248297,5850605.382765856,POINT (2719195.9508248297 5850605.382765856),24.42695283141859,46.436677498152335,0.0,0.0,1.0,0.0
1995,1995,5981.4501439340565,5.981450143934056,Sector 3,34.17972232556815,0.0,0,0.1,2719197.3343518116,5850607.486823746,POINT (2719197.3343518116 5850607.486823746),24.426965259852928,46.43669052393584,0.0,0.0,1.0,0.0
1996,1996,5984.450143933648,5.984450143933648,Sector 3,34.17972233597533,0.0,0,0.1,2719198.717878794,5850609.590881635,POINT (2719198.717878794 5850609.590881635),24.42697768828727,46.436703549716206,0.0,0.0,1.0,0.0
1997,1997,5987.45014393401,5.98745014393401,Sector 3,32.10258721504175,0.0,0,0.1,2719200.101405776,5850611.694939525,POINT (2719200.101405776 5850611.694939525),24.426990116721612,46.43671657549347,0.0,0.0,1.0,0.0
1998,1998,5990.449469891342,5.990449469891343,Sector 3,31.39240130418159,0.0,0,0.1,2719201.484621906,5850613.798524674,POINT (2719201.484621906 5850613.798524674),24.42700254236352,46.43672959834099,0.0,0.0,1.0,0.0
1999,1999,5993.449469891205,5.993449469891205,Sector 3,31.39240131404273,0.0,0,0.1,2719202.868148888,5850615.902582563,POINT (2719202.868148888 5850615.902582563),24.42701497079786,46.43674262411203,0.0,0.0,1.0,0.0
2000,2000,5996.449469891068,5.996449469891068,Sector 3,31.392401297687968,0.0,0,0.1,2719204.25167587,5850618.006640453,POINT (2719204.25167587 5850618.006640453),24.4270273992322,46.43675564987995,0.0,0.0,1.0,0.0
2001,2001,5999.44946989093,5.99944946989093,Sector 3,31.39240132288245,10.48559127068666,0,0.1,2719205.635202852,5850620.110698342,POINT (2719205.635202852 5850620.110698342),24.427039827666537,46.43676867564476,0.0,0.0,1.0,0.0
2002,2002,6002.449469891036,6.002449469891036,Sector 3,31.392401300755974,-4.860291485748542,0,0.1,2719207.0187298344,5850622.214756232,POINT (2719207.0187298344 5850622.214756232),24.42705225610088,46.43678170140646,0.0,0.0,1.0,0.0
2003,2003,6005.449469891693,6.005449469891693,Sector 3,31.392401304845748,0.0,0,0.1,2719208.4022568166,5850624.318814122,POINT (2719208.4022568166 5850624.318814122),24.427064684535218,46.43679472716505,0.0,0.0,1.0,0.0
2004,2004,6008.449469891556,6.008449469891556,Sector 3,31.392401314046708,0.0,0,0.1,2719209.7857837984,5850626.4228720125,POINT (2719209.7857837984 5850626.4228720125),24.427077112969556,46.43680775292052,0.0,0.0,1.0,0.0
2005,2005,6011.449469891419,6.011449469891419,Sector 3,31.39240130280399,0.0,0,0.1,2719211.1693107807,5850628.526929902,POINT (2719211.1693107807 5850628.526929902),24.4270895414039,46.436820778672875,0.0,0.0,1.0,0.0
2006,2006,6014.449469891281,6.014449469891281,Sector 3,31.39240132354973,0.0,0,0.1,2719212.5528377625,5850630.630987791,POINT (2719212.5528377625 5850630.630987791),24.427101969838237,46.43683380442212,0.0,0.0,1.0,0.0
2007,2007,6017.449469891387,6.017449469891387,Sector 3,31.39240130587405,0.0,0,0.1,2719213.936364745,5850632.735045682,POINT (2719213.936364745 5850632.735045682),24.42711439827258,46.43684683016825,0.0,0.0,1.0,0.0
2008,2008,6020.4494698912495,6.02044946989125,Sector 3,31.39240129463189,0.0,0,0.1,2719215.319891727,5850634.839103571,POINT (2719215.319891727 5850634.839103571),24.42712682670692,46.436859855911266,0.0,0.0,1.0,0.0
2009,2009,6023.449469891112,6.023449469891112,Sector 3,31.39240131916688,0.0,0,0.1,2719216.703418709,5850636.943161461,POINT (2719216.703418709 5850636.943161461),24.42713925514126,46.43687288165116,0.0,0.0,1.0,0.0
2010,2010,6026.449469890975,6.026449469890975,Sector 3,31.39240131880831,0.0,0,0.1,2719218.0869456907,5850639.047219351,POINT (2719218.0869456907 5850639.047219351),24.427151683575595,46.43688590738795,0.0,0.0,1.0,0.0
2011,2011,6029.449469891632,6.029449469891633,Sector 3,31.392401295361253,0.0,0,0.1,2719219.4704726734,5850641.151277241,POINT (2719219.4704726734 5850641.151277241),24.427164112009944,46.43689893312163,0.0,0.0,1.0,0.0
2012,2012,6032.449469891495,6.032449469891495,Sector 3,31.3924013174306,0.0,0,0.1,2719220.853999655,5850643.255335131,POINT (2719220.853999655 5850643.255335131),24.42717654044428,46.43691195885219,0.0,0.0,1.0,0.0
2013,2013,6035.4494698916005,6.0354494698916,Sector 3,31.39240129530629,0.0,0,0.1,2719222.2375266375,5850645.35939302,POINT (2719222.2375266375 5850645.35939302),24.42718896887862,46.43692498457964,0.0,0.0,1.0,0.0
2014,2014,6038.449469891463,6.038449469891464,Sector 3,31.392401308297963,0.0,0,0.1,2719223.6210536193,5850647.46345091,POINT (2719223.6210536193 5850647.46345091),24.42720139731296,46.436938010303976,0.0,0.0,1.0,0.0
2015,2015,6041.449469891326,6.041449469891326,Sector 3,31.392401307940418,0.0,0,0.1,2719225.0045806016,5850649.5675088,POINT (2719225.0045806016 5850649.5675088),24.427213825747298,46.4369510360252,0.0,0.0,1.0,0.0
2016,2016,6044.4494698911885,6.044449469891188,Sector 3,31.392401306921897,0.0,0,0.1,2719226.3881075834,5850651.671566689,POINT (2719226.3881075834 5850651.671566689),24.427226254181637,46.4369640617433,0.0,0.0,1.0,0.0
2017,2017,6047.449469891051,6.047449469891051,Sector 3,31.392401321236605,0.0,0,0.1,2719227.771634565,5850653.775624579,POINT (2719227.771634565 5850653.775624579),24.427238682615975,46.436977087458295,0.0,0.0,1.0,0.0
2018,2018,6050.449469890914,6.050449469890914,Sector 3,31.392401305546684,0.0,0,0.1,2719229.155161548,5850655.879682468,POINT (2719229.155161548 5850655.879682468),24.42725111105032,46.43699011317017,0.0,0.0,1.0,0.0
2019,2019,6053.449469891019,6.053449469891019,Sector 3,31.39240130897861,-5.575295749792161,0,0.1,2719230.5386885297,5850657.983740359,POINT (2719230.5386885297 5850657.983740359),24.42726353948466,46.437003138878936,0.0,0.0,1.0,0.0
2020,2020,6056.449469891677,6.056449469891677,Sector 3,31.392401318844065,-3.6012984151501963,0,0.1,2719231.922215512,5850660.087798248,POINT (2719231.922215512 5850660.087798248),24.427275967919,46.43701616458459,0.0,0.0,1.0,0.0
2021,2021,6059.44946989154,6.05944946989154,Sector 3,31.39240129094924,0.0,0,0.1,2719233.305742494,5850662.191856138,POINT (2719233.305742494 5850662.191856138),24.427288396353337,46.437029190287134,0.0,0.0,1.0,0.0
2022,2022,6062.449469891402,6.062449469891402,Sector 3,31.392401316148156,0.0,0,0.1,2719234.689269476,5850664.295914029,POINT (2719234.689269476 5850664.295914029),24.42730082478768,46.43704221598656,0.0,0.0,1.0,0.0
2023,2023,6065.449469891265,6.065449469891265,Sector 3,31.39240132156442,0.0,0,0.1,2719236.072796458,5850666.399971918,POINT (2719236.072796458 5850666.399971918),24.427313253222017,46.43705524168286,0.0,0.0,1.0,0.0
2024,2024,6068.44946989137,6.0684494698913705,Sector 3,31.392401308342016,0.0,0,0.1,2719237.45632344,5850668.504029808,POINT (2719237.45632344 5850668.504029808),24.427325681656356,46.43706826737607,0.0,0.0,1.0,0.0
2025,2025,6071.449469891233,6.071449469891233,Sector 3,31.392401313097537,0.0,0,0.1,2719238.8398504225,5850670.608087697,POINT (2719238.8398504225 5850670.608087697),24.4273381100907,46.43708129306615,0.0,0.0,1.0,0.0
2026,2026,6074.449469891096,6.074449469891095,Sector 3,31.392401291636983,0.0,0,0.1,2719240.2233774043,5850672.7121455865,POINT (2719240.2233774043 5850672.7121455865),24.427350538525037,46.43709431875311,0.0,0.0,1.0,0.0
2027,2027,6077.449469890958,6.077449469890959,Sector 3,31.3924013059538,0.0,0,0.1,2719241.606904386,5850674.816203477,POINT (2719241.606904386 5850674.816203477),24.427362966959375,46.437107344436974,0.0,0.0,1.0,0.0
2028,2028,6080.449469891616,6.080449469891616,Sector 3,31.39240130493772,0.0,0,0.1,2719242.990431369,5850676.920261367,POINT (2719242.990431369 5850676.920261367),24.42737539539372,46.43712037011772,0.0,0.0,1.0,0.0
2029,2029,6083.449469891479,6.083449469891479,Sector 3,31.392401319916075,0.0,0,0.1,2719244.373958351,5850679.024319257,POINT (2719244.373958351 5850679.024319257),24.427387823828063,46.43713339579535,0.0,0.0,1.0,0.0
2030,2030,6086.449469891584,6.086449469891584,Sector 3,31.392401308678416,0.0,0,0.1,2719245.757485333,5850681.128377146,POINT (2719245.757485333 5850681.128377146),24.427400252262398,46.437146421469855,0.0,0.0,1.0,0.0
2031,2031,6089.449469891447,6.089449469891447,Sector 3,31.392401296118575,0.0,0,0.1,2719247.1410123147,5850683.2324350355,POINT (2719247.1410123147 5850683.2324350355),24.427412680696737,46.437159447141255,0.0,0.0,1.0,0.0
2032,2032,6092.4494698913095,6.092449469891309,Sector 3,31.392401316208637,0.0,0,0.1,2719248.524539297,5850685.336492926,POINT (2719248.524539297 5850685.336492926),24.42742510913108,46.43717247280955,0.0,0.0,1.0,0.0
2033,2033,6095.449469891172,6.0954494698911725,Sector 3,31.392401315854727,0.0,0,0.1,2719249.908066279,5850687.440550816,POINT (2719249.908066279 5850687.440550816),24.427437537565414,46.43718549847473,0.0,0.0,1.0,0.0
2034,2034,6098.449469891035,6.098449469891035,Sector 3,31.392401298184552,0.0,0,0.1,2719251.291593261,5850689.544608706,POINT (2719251.291593261 5850689.544608706),24.42744996599976,46.4371985241368,0.0,0.0,1.0,0.0
2035,2035,6101.4494698908975,6.101449469890897,Sector 3,31.392401293381223,0.0,0,0.1,2719252.6751202433,5850691.648666595,POINT (2719252.6751202433 5850691.648666595),24.4274623944341,46.43721154979573,0.0,0.0,1.0,0.0
2036,2036,6104.449469891798,6.104449469891798,Sector 3,31.392401332593863,0.0,0,0.1,2719254.0586472256,5850693.7527244855,POINT (2719254.0586472256 5850693.7527244855),24.42747482286844,46.437224575451566,0.0,0.0,1.0,0.0
2037,2037,6107.449469891661,6.107449469891661,Sector 3,31.39240130091349,-3.1430290136379444,0,0.1,2719255.4421742074,5850695.856782375,POINT (2719255.4421742074 5850695.856782375),24.42748725130278,46.43723760110429,0.0,0.0,1.0,0.0
2038,2038,6110.449469891523,6.110449469891523,Sector 3,31.39240131012156,0.0,0,0.1,2719256.825701189,5850697.960840264,POINT (2719256.825701189 5850697.960840264),24.427499679737117,46.43725062675389,0.0,0.0,1.0,0.0
2039,2039,6113.449469891386,6.1134494698913855,Sector 3,31.39240129888572,0.0,0,0.1,2719258.000732334,5850700.136993738,POINT (2719258.000732334 5850700.136993738),24.427510235221483,46.437264098724356,0.0,0.0,1.0,0.0
2040,2040,6116.449469891249,6.116449469891249,Sector 3,31.6324179323355,1.261650726549079,0,0.1,2719258.3346135505,5850702.604007665,POINT (2719258.3346135505 5850702.604007665),24.42751323452748,46.43727937132824,0.0,0.0,1.0,0.0
2041,2041,6119.449156851082,6.119449156851082,Sector 3,34.48635763680426,0.0,0,0.1,2719258.668459928,5850705.070764168,POINT (2719258.668459928 5850705.070764168),24.427516233520517,46.4372946423342,0.0,0.0,1.0,0.0
2042,2042,6122.449156851263,6.122449156851263,Sector 3,34.48635764701271,0.0,0,0.1,2719259.0023411447,5850707.537778096,POINT (2719259.0023411447 5850707.537778096),24.427519232826516,46.43730991492953,0.0,0.0,1.0,0.0
2043,2043,6125.449156851181,6.1254491568511815,Sector 3,34.48635765727539,0.0,0,0.1,2719259.2865448664,5850710.02786443,POINT (2719259.2865448664 5850710.02786443),24.42752178587199,46.43732533035535,0.0,0.0,1.0,0.0
2044,2044,6128.449156851362,6.128449156851362,Sector 3,34.486357623003016,0.0,0,0.1,2719259.54849806,5850712.528284886,POINT (2719259.54849806 5850712.528284886),24.427524139037562,46.43734080975243,0.0,0.0,1.0,0.0
2045,2045,6131.44915685128,6.13144915685128,Sector 3,34.486357638839706,0.0,0,0.1,2719259.810451254,5850715.028705341,POINT (2719259.810451254 5850715.028705341),24.42752649220314,46.43735628914511,0.0,0.0,1.0,0.0
2046,2046,6134.449156851461,6.134449156851462,Sector 3,34.486357643475344,0.0,0,0.1,2719260.0724044475,5850717.529125796,POINT (2719260.0724044475 5850717.529125796),24.427528845368716,46.43737176853339,0.0,0.0,1.0,0.0
2047,2047,6137.44915685138,6.137449156851379,Sector 3,34.48635763149821,0.0,0,0.1,2719260.334357641,5850720.02954625,POINT (2719260.334357641 5850720.02954625),24.42753119853429,46.437387247917265,0.0,0.0,1.0,0.0
2048,2048,6140.4491568515605,6.1404491568515605,Sector 3,34.486357636152206,0.0,0,0.1,2719260.596310835,5850722.529966705,POINT (2719260.596310835 5850722.529966705),24.427533551699867,46.43740272729674,0.0,0.0,1.0,0.0
2049,2049,6143.449156851479,6.143449156851479,Sector 3,34.486357657509416,0.0,0,0.1,2719260.842219822,5850725.032815678,POINT (2719260.842219822 5850725.032815678),24.427535760737886,46.43741822170608,0.0,0.0,1.0,0.0
2050,2050,6146.449156850892,6.146449156850892,Sector 3,34.48635763438557,0.0,0,0.1,2719261.0419422975,5850727.542655632,POINT (2719261.0419422975 5850727.542655632),24.427537554875407,46.437433759390125,0.0,0.0,1.0,0.0
2051,2051,6149.44915685081,6.14944915685081,Sector 3,34.48635763909414,0.0,0,0.1,2719261.241664773,5850730.052495587,POINT (2719261.241664773 5850730.052495587),24.42753934901293,46.43744929706973,0.0,0.0,1.0,0.0
2052,2052,6152.449156850991,6.152449156850991,Sector 3,34.48635762152634,0.0,0,0.1,2719260.9271833654,5850732.530952874,POINT (2719260.9271833654 5850732.530952874),24.427536523978382,46.43746464046414,0.0,0.0,1.0,0.0
2053,2053,6155.449156850909,6.155449156850909,Sector 3,34.48635766507107,0.0,0,0.1,2719260.4664144358,5850735.000482004,POINT (2719260.4664144358 5850735.000482004),24.427532384820662,46.4374799285827,0.0,0.0,1.0,0.0
2054,2054,6158.44915685109,6.15844915685109,Sector 3,34.48635762529898,0.0,0,0.1,2719260.005645506,5850737.470011134,POINT (2719260.005645506 5850737.470011134),24.42752824566294,46.43749521669695,0.0,0.0,1.0,0.0
2055,2055,6161.449156851008,6.161449156851009,Sector 3,34.48635764110173,-14.646234520917268,0,0.1,2719259.544876577,5850739.939540264,POINT (2719259.544876577 5850739.939540264),24.427524106505224,46.43751050480692,0.0,0.0,1.0,0.0
2056,2056,6164.449156851189,6.164449156851189,Sector 3,34.48635762909038,0.0,0,0.1,2719259.084107647,5850742.409069395,POINT (2719259.084107647 5850742.409069395),24.427519967347507,46.4375257929126,0.0,0.0,1.0,0.0
2057,2057,6167.449156851108,6.167449156851108,Sector 3,34.486357656040866,0.0,0,0.1,2719258.623338717,5850744.878598524,POINT (2719258.623338717 5850744.878598524),24.427515828189783,46.43754108101399,0.0,0.0,1.0,0.0
2058,2058,6170.4491568512885,6.170449156851289,Sector 3,34.48635762730896,13.692885209966148,0,0.1,2719258.096368832,5850747.339832211,POINT (2719258.096368832 5850747.339832211),24.42751109433876,46.437556317756545,0.0,0.0,1.0,0.0
2059,2059,6173.449156851207,6.173449156851206,Sector 3,34.48635765425985,0.0,0,0.1,2719257.5616766023,5850749.800098234,POINT (2719257.5616766023 5850749.800098234),24.427506291116742,46.43757154850434,0.0,0.0,1.0,0.0
2060,2060,6176.449156851388,6.176449156851388,Sector 3,34.486357625546304,0.0,0,0.1,2719257.026984372,5850752.260364257,POINT (2719257.026984372 5850752.260364257),24.427501487894713,46.43758677924789,0.0,0.0,1.0,0.0
2061,2061,6179.449156851306,6.179449156851306,Sector 3,34.48635764136827,0.0,0,0.1,2719256.4922921425,5850754.720630281,POINT (2719256.4922921425 5850754.720630281),24.427496684672693,46.43760200998717,0.0,0.0,1.0,0.0
2062,2062,6182.449156851487,6.182449156851487,Sector 3,34.486357634913816,0.0,0,0.1,2719255.780124499,5850757.1273677675,POINT (2719255.780124499 5850757.1273677675),24.427490287161902,46.43761690934386,0.0,0.0,1.0,0.0
2063,2063,6185.449156851405,6.185449156851405,Sector 3,34.48635763962477,0.0,0,0.1,2719254.874530572,5850759.475765763,POINT (2719254.874530572 5850759.475765763),24.427482152073246,46.437631447535146,0.0,0.0,1.0,0.0
2064,2064,6188.449156851586,6.188449156851586,Sector 3,34.486357627597044,0.0,0,0.1,2719253.9689366445,5850761.824163757,POINT (2719253.9689366445 5850761.824163757),24.427474016984583,46.43764598572254,0.0,0.0,1.0,0.0
2065,2065,6191.449156851504,6.191449156851504,Sector 3,34.486357654513256,0.0,0,0.1,2719253.063342717,5850764.172561752,POINT (2719253.063342717 5850764.172561752),24.42746588189592,46.437660523906054,0.0,0.0,1.0,0.0
2066,2066,6194.449156851685,6.194449156851685,Sector 3,34.48635764250389,0.0,0,0.1,2719252.15774879,5850766.520959746,POINT (2719252.15774879 5850766.520959746),24.42745774680726,46.43767506208569,0.0,0.0,1.0,0.0
2067,2067,6197.449156850835,6.197449156850834,Sector 3,34.48635764164209,0.0,0,0.1,2719251.2429441526,5850768.866221143,POINT (2719251.2429441526 5850768.866221143),24.42744952897738,46.43768958084379,0.0,0.0,1.0,0.0
2068,2068,6200.449156851016,6.200449156851016,Sector 3,34.48635761853967,0.0,0,0.1,2719250.311490055,5850771.205812766,POINT (2719250.311490055 5850771.205812766),24.427441161582863,46.437704064498284,0.0,0.0,1.0,0.0
2069,2069,6203.449156850934,6.203449156850934,Sector 3,34.48635765099442,0.0,0,0.1,2719249.3800359573,5850773.54540439,POINT (2719249.3800359573 5850773.54540439),24.427432794188334,46.437718548148936,0.0,0.0,1.0,0.0
2070,2070,6206.449156851115,6.206449156851114,Sector 3,34.48635763898585,0.0,0,0.1,2719248.44858186,5850775.884996014,POINT (2719248.44858186 5850775.884996014),24.427424426793813,46.437733031795744,0.0,0.0,1.0,0.0
2071,2071,6209.449156851033,6.209449156851033,Sector 3,34.4863576547919,0.0,0,0.1,2719247.517127762,5850778.224587638,POINT (2719247.517127762 5850778.224587638),24.427416059399288,46.437747515438694,0.0,0.0,1.0,0.0
2072,2072,6212.449156851214,6.212449156851214,Sector 3,34.48635761500526,0.0,0,0.1,2719246.585673664,5850780.564179261,POINT (2719246.585673664 5850780.564179261),24.427407692004763,46.4377619990778,0.0,0.0,1.0,0.0
2073,2073,6215.449156851132,6.2154491568511325,Sector 3,34.48635764190516,-18.466940934727265,0,0.1,2719245.654219567,5850782.903770885,POINT (2719245.654219567 5850782.903770885),24.427399324610242,46.437776482713055,0.0,0.0,1.0,0.0
2074,2074,6218.44915685105,6.21844915685105,Sector 3,34.48635762993331,0.0,0,0.1,2719244.722765469,5850785.243362509,POINT (2719244.722765469 5850785.243362509),24.427390957215714,46.43779096634446,0.0,0.0,1.0,0.0
2075,2075,6221.449156851231,6.221449156851231,Sector 3,34.48635764570429,0.0,0,0.1,2719243.791311371,5850787.582954133,POINT (2719243.791311371 5850787.582954133),24.42738258982119,46.43780544997202,0.0,0.0,1.0,0.0
2076,2076,6224.449156851149,6.22444915685115,Sector 3,34.48635765041786,0.0,0,0.1,2719242.8598572738,5850789.922545756,POINT (2719242.8598572738 5850789.922545756),24.427374222426668,46.43781993359572,0.0,0.0,1.0,0.0
2077,2077,6227.44915685133,6.22744915685133,Sector 3,27.27033998229018,19.733610034689832,0,0.1,2719241.928403176,5850792.2621373795,POINT (2719241.928403176 5850792.2621373795),24.427365855032143,46.43783441721557,0.0,0.0,1.0,0.0
2078,2078,6230.43464209262,6.230434642092621,Sector 3,22.865507216235528,0.0,0,0.1,2719241.001455689,5850794.590409467,POINT (2719241.001455689 5850794.590409467),24.42735752812119,46.437848830756174,0.0,0.0,1.0,0.0
2079,2079,6233.434642093106,6.233434642093106,Sector 3,22.8655072173334,0.0,0,0.1,2719240.070001591,5850796.930001091,POINT (2719240.070001591 5850796.930001091),24.427349160726664,46.43786331436836,0.0,0.0,1.0,0.0
2080,2080,6236.434642092553,6.236434642092553,Sector 3,22.865507228474826,0.0,0,0.1,2719239.1385474936,5850799.269592715,POINT (2719239.1385474936 5850799.269592715),24.427340793332142,46.43787779797668,0.0,0.0,1.0,0.0
2081,2081,6239.434642093039,6.239434642093038,Sector 3,22.865507230967808,0.0,0,0.1,2719238.2070933958,5850801.609184339,POINT (2719238.2070933958 5850801.609184339),24.427332425937617,46.437892281581156,0.0,0.0,1.0,0.0
2082,2082,6242.434642092667,6.242434642092666,Sector 3,22.25660577742957,0.0,0,0.1,2719237.2756392984,5850803.948775962,POINT (2719237.2756392984 5850803.948775962),24.427324058543096,46.43790676518178,0.0,0.0,1.0,0.0
2083,2083,6245.429733034218,6.245429733034218,Sector 3,4.735817925763854,0.0,0,0.1,2719236.345709388,5850806.284539188,POINT (2719236.345709388 5850806.284539188),24.42731570484058,46.43792122507828,0.0,0.0,1.0,0.0
2084,2084,6248.429733033689,6.2484297330336895,Sector 3,4.735817929554685,0.0,0,0.1,2719235.4142552908,5850808.624130812,POINT (2719235.4142552908 5850808.624130812),24.42730733744606,46.437935708671205,0.0,0.0,1.0,0.0
2085,2085,6251.42973303409,6.251429733034089,Sector 3,4.735817922298054,0.0,0,0.1,2719234.482801193,5850810.963722436,POINT (2719234.482801193 5850810.963722436),24.427298970051535,46.43795019226029,0.0,0.0,1.0,0.0
2086,2086,6254.42973303449,6.25442973303449,Sector 3,4.735817925020797,0.0,0,0.1,2719233.551347095,5850813.303314059,POINT (2719233.551347095 5850813.303314059),24.42729060265701,46.43796467584552,0.0,0.0,1.0,0.0
2087,2087,6257.429733033961,6.257429733033962,Sector 3,4.73581792207284,0.0,0,0.1,2719232.6198929977,5850815.642905682,POINT (2719232.6198929977 5850815.642905682),24.42728223526249,46.43797915942689,0.0,0.0,1.0,0.0
2088,2088,6260.429733034362,6.2604297330343615,Sector 3,357.3032098425316,0.0,0,0.1,2719231.6884389,5850817.982497307,POINT (2719231.6884389 5850817.982497307),24.427273867867964,46.437993643004425,0.0,0.0,1.0,0.0
2089,2089,6263.42855708323,6.2634285570832295,Sector 3,356.9573691205101,-3.080310257358993,0,0.1,2719230.7573499167,5850820.321171848,POINT (2719230.7573499167 5850820.321171848),24.42726550375332,46.43800812090078,0.0,0.0,1.0,0.0
2090,2090,6266.428557082977,6.266428557082977,Sector 3,356.95736911977974,0.0,0,0.1,2719229.8258958193,5850822.660763472,POINT (2719229.8258958193 5850822.660763472),24.427257136358797,46.438022604470625,0.0,0.0,1.0,0.0
2091,2091,6269.428557082724,6.269428557082724,Sector 3,356.9573691325543,0.0,0,0.1,2719228.894441722,5850825.000355096,POINT (2719228.894441722 5850825.000355096),24.427248768964276,46.4380370880366,0.0,0.0,1.0,0.0
2092,2092,6272.428557082471,6.272428557082471,Sector 3,356.9573691089805,0.0,0,0.1,2719227.962987624,5850827.339946719,POINT (2719227.962987624 5850827.339946719),24.42724040156975,46.438051571598734,0.0,0.0,1.0,0.0
2093,2093,6275.4285570831735,6.275428557083173,Sector 3,356.95736912538257,0.0,0,0.1,2719227.0315335263,5850829.679538343,POINT (2719227.0315335263 5850829.679538343),24.427232034175226,46.438066055157016,0.0,0.0,1.0,0.0
2094,2094,6278.428557082921,6.278428557082921,Sector 3,343.5777850271246,0.0,0,0.1,2719226.1000794284,5850832.019129966,POINT (2719226.1000794284 5850832.019129966),24.427223666780698,46.43808053871145,0.0,0.0,1.0,0.0
2095,2095,6281.4236687739285,6.281423668773929,Sector 3,342.7811910323688,0.0,0,0.1,2719225.73640306,5850834.494471612,POINT (2719225.73640306 5850834.494471612),24.427220399820296,46.438095862640346,0.0,0.0,1.0,0.0
2096,2096,6284.423668773999,6.284423668773998,Sector 3,342.7811910275988,0.0,0,0.1,2719225.4054966215,5850836.982076124,POINT (2719225.4054966215 5850836.982076124),24.427217427237185,46.43811126247977,0.0,0.0,1.0,0.0
2097,2097,6287.423668774069,6.2874236687740686,Sector 3,342.78119103123674,0.0,0,0.1,2719225.0745901824,5850839.469680635,POINT (2719225.0745901824 5850839.469680635),24.427214454654063,46.43812666231484,0.0,0.0,1.0,0.0
2098,2098,6290.423668774139,6.290423668774139,Sector 3,341.0879375638623,0.0,0,0.1,2719224.7436837433,5850841.957285147,POINT (2719224.7436837433 5850841.957285147),24.427211482070945,46.43814206214557,0.0,0.0,1.0,0.0
2099,2099,6293.417679933107,6.293417679933107,Sector 3,333.351940919853,0.0,0,0.1,2719224.426920118,5850844.443345208,POINT (2719224.426920118 5850844.443345208),24.427208636534882,46.438157452410834,0.0,0.0,1.0,0.0
2100,2100,6296.417679933375,6.296417679933375,Sector 3,333.3519408939209,0.0,0,0.1,2719224.1610550308,5850846.947455837,POINT (2719224.1610550308 5850846.947455837),24.42720624822817,46.438172954416004,0.0,0.0,1.0,0.0
2101,2101,6299.417679933021,6.299417679933021,Sector 3,333.35194091856863,0.0,0,0.1,2719224.0522909444,5850849.438173005,POINT (2719224.0522909444 5850849.438173005),24.42720527118376,46.438188373502925,0.0,0.0,1.0,0.0
2102,2102,6302.417679933289,6.302417679933289,Sector 3,333.35194092508493,0.0,0,0.1,2719224.639205652,5850851.86958089,POINT (2719224.639205652 5850851.86958089),24.42721054352828,46.43820342542432,0.0,0.0,1.0,0.0
2103,2103,6305.417679933557,6.305417679933558,Sector 3,329.1092117237296,-22.037872392650968,0,0.1,2719225.2261203597,5850854.300988777,POINT (2719225.2261203597 5850854.300988777),24.42721581587281,46.438218477341564,0.0,0.0,1.0,0.0
2104,2104,6308.396654722196,6.308396654722197,Sector 3,318.26306856459433,0.0,0,0.1,2719225.8089217325,5850856.715356373,POINT (2719225.8089217325 5850856.715356373),24.427221051266613,46.43823342376477,0.0,0.0,1.0,0.0
2105,2105,6311.396654721638,6.311396654721638,Sector 3,318.263068542755,11.279217853677798,0,0.1,2719226.3958364404,5850859.146764258,POINT (2719226.3958364404 5850859.146764258),24.42722632361114,46.43824847567372,0.0,0.0,1.0,0.0
2106,2106,6314.396654722084,6.314396654722084,Sector 3,318.26306854407136,0.0,0,0.1,2719227.052566236,5850861.574790574,POINT (2719227.052566236 5850861.574790574),24.42723222311527,46.43826350664453,0.0,0.0,1.0,0.0
2107,2107,6317.396654721836,6.317396654721836,Sector 3,318.26306856349765,0.0,0,0.1,2719227.720665085,5850864.002266215,POINT (2719227.720665085 5850864.002266215),24.427238224749345,46.43827853420219,0.0,0.0,1.0,0.0
2108,2108,6320.3966547219725,6.320396654721972,Sector 3,318.2630685467036,0.0,0,0.1,2719228.4031664906,5850866.421655464,POINT (2719228.4031664906 5850866.421655464),24.427244355763783,46.438293511696,0.0,0.0,1.0,0.0
2109,2109,6323.396654721724,6.323396654721725,Sector 3,318.2630685545516,0.0,0,0.1,2719229.998397578,5850868.328587578,POINT (2719229.998397578 5850868.328587578),24.42725868596846,46.43830531676497,0.0,0.0,1.0,0.0
2110,2110,6326.396654722171,6.326396654722171,Sector 3,318.26306855438105,0.0,0,0.1,2719231.5936286654,5850870.235519692,POINT (2719231.5936286654 5850870.235519692),24.427273016173135,46.43831712183137,0.0,0.0,1.0,0.0
2111,2111,6329.396654721612,6.329396654721612,Sector 3,318.2630685441186,0.0,0,0.1,2719233.188859752,5850872.142451808,POINT (2719233.188859752 5850872.142451808),24.427287346377803,46.43832892689523,0.0,0.0,1.0,0.0
2112,2112,6332.396654722059,6.332396654722059,Sector 3,318.26306852583764,0.0,0,0.1,2719234.8633934087,5850874.016608193,POINT (2719234.8633934087 5850874.016608193),24.42730238896958,46.43834052905498,0.0,0.0,1.0,0.0
2113,2113,6335.396654721811,6.33539665472181,Sector 3,318.2630685663454,0.0,0,0.1,2719236.541968843,5850875.889094112,POINT (2719236.541968843 5850875.889094112),24.427317467869262,46.438352120871095,0.0,0.0,1.0,0.0
2114,2114,6338.396654722257,6.338396654722257,Sector 3,318.2630685581558,0.0,0,0.1,2719238.220544278,5850877.761580031,POINT (2719238.220544278 5850877.761580031),24.427332546768948,46.43836371268472,0.0,0.0,1.0,0.0
2115,2115,6341.396654721699,6.341396654721699,Sector 3,318.2630685740211,0.0,0,0.1,2719240.054331697,5850879.411587385,POINT (2719240.054331697 5850879.411587385),24.42734901996161,46.438373927220226,0.0,0.0,1.0,0.0
2116,2116,6344.396654722145,6.3443966547221455,Sector 3,318.2630685129871,0.0,0,0.1,2719242.3505508816,5850880.4123194255,POINT (2719242.3505508816 5850880.4123194255),24.427369647249503,46.438380122351056,0.0,0.0,1.0,0.0
2117,2117,6347.396654721897,6.347396654721897,Sector 3,318.2630685751639,0.0,0,0.1,2719244.646770065,5850881.4130514655,POINT (2719244.646770065 5850881.4130514655),24.427390274537387,46.438386317481175,0.0,0.0,1.0,0.0
2118,2118,6350.396654722033,6.350396654722034,Sector 3,318.26306852868004,0.0,0,0.1,2719246.942989249,5850882.413783506,POINT (2719246.942989249 5850882.413783506),24.42741090182527,46.438392512610584,0.0,0.0,1.0,0.0
2119,2119,6353.396654721785,6.353396654721785,Sector 3,318.2630685662143,-18.92400367112832,0,0.1,2719249.2392084324,5850883.414515545,POINT (2719249.2392084324 5850883.414515545),24.427431529113154,46.438398707739296,0.0,0.0,1.0,0.0
2120,2120,6356.396654722232,6.356396654722231,Sector 3,318.26306854288606,0.0,0,0.1,2719251.5571973943,5850884.379086273,POINT (2719251.5571973943 5850884.379086273),24.42745235196228,46.43840467900723,0.0,0.0,1.0,0.0
2121,2121,6359.396654721673,6.359396654721674,Sector 3,318.2630685492457,0.0,0,0.1,2719253.8999117655,5850885.302586152,POINT (2719253.8999117655 5850885.302586152),24.427473396923542,46.43841039602151,0.0,0.0,1.0,0.0
2122,2122,6362.39665472212,6.36239665472212,Sector 3,318.2630685274033,0.0,0,0.1,2719256.2426261376,5850886.226086032,POINT (2719256.2426261376 5850886.226086032),24.42749444188481,46.43841611303519,0.0,0.0,1.0,0.0
2123,2123,6365.396654721872,6.365396654721872,Sector 3,318.26306856493693,0.0,0,0.1,2719258.585340509,5850887.14958591,POINT (2719258.585340509 5850887.14958591),24.427515486846072,46.43842183004827,0.0,0.0,1.0,0.0
2124,2124,6368.396654722008,6.368396654722008,Sector 3,318.26306854160794,0.0,0,0.1,2719260.948685929,5850887.932987746,POINT (2719260.948685929 5850887.932987746),24.427536717139198,46.43842667977073,0.0,0.0,1.0,0.0
2125,2125,6371.39665472176,6.371396654721759,Sector 3,318.2630685675632,22.55229100032189,0,0.1,2719263.442576714,5850887.829902891,POINT (2719263.442576714 5850887.829902891),24.427559120141286,46.438426041614306,0.0,0.0,1.0,0.0
2126,2126,6374.396654722206,6.374396654722206,Sector 3,323.8307026817096,0.0,0,0.1,2719265.9463159707,5850887.678960785,POINT (2719265.9463159707 5850887.678960785),24.427581611613707,46.43842510719308,0.0,0.0,1.0,0.0
2127,2127,6377.375485430737,6.377375485430737,Sector 3,332.16016100737625,0.0,0,0.1,2719268.438429906,5850887.499722868,POINT (2719268.438429906 5850887.499722868),24.42760399865408,46.43842399760397,0.0,0.0,1.0,0.0
2128,2128,6380.375485430335,6.380375485430335,Sector 3,332.1601610158697,0.0,0,0.1,2719270.948254242,5850887.319211183,POINT (2719270.948254242 5850887.319211183),24.4276265447897,46.43842288012945,0.0,0.0,1.0,0.0
2129,2129,6383.375485430151,6.38337548543015,Sector 3,332.1601610349246,0.0,0,0.1,2719273.4580785786,5850887.138699497,POINT (2719273.4580785786 5850887.138699497),24.427649090925318,46.43842176265491,0.0,0.0,1.0,0.0
2130,2130,6386.37548543079,6.38637548543079,Sector 3,332.1601610278824,0.0,0,0.1,2719275.9679029156,5850886.958187812,POINT (2719275.9679029156 5850886.958187812),24.427671637060943,46.43842064518035,0.0,0.0,1.0,0.0
2131,2131,6389.375485430605,6.389375485430605,Sector 3,332.1601609891548,0.0,0,0.1,2719278.4777272516,5850886.777676126,POINT (2719278.4777272516 5850886.777676126),24.427694183196557,46.438419527705754,0.0,0.0,1.0,0.0
2132,2132,6392.375485430421,6.392375485430421,Sector 3,332.16016103251786,0.0,0,0.1,2719280.9875515876,5850886.597164441,POINT (2719280.9875515876 5850886.597164441),24.42771672933217,46.438418410231144,0.0,0.0,1.0,0.0
2133,2133,6395.375485430236,6.395375485430236,Sector 3,332.1601610194956,0.0,0,0.1,2719283.2633369546,5850885.632217793,POINT (2719283.2633369546 5850885.632217793),24.427737173059956,46.43841243663755,0.0,0.0,1.0,0.0
2134,2134,6398.375485430875,6.398375485430876,Sector 3,332.16016101563787,0.0,0,0.1,2719285.4753946606,5850884.447986989,POINT (2719285.4753946606 5850884.447986989),24.427757044312422,46.43840510554372,0.0,0.0,1.0,0.0
2135,2135,6401.375485430691,6.401375485430691,Sector 3,332.1601610346916,0.0,0,0.1,2719287.687452366,5850883.263756187,POINT (2719287.687452366 5850883.263756187),24.427776915564884,46.438397774448916,0.0,0.0,1.0,0.0
2136,2136,6404.375485430506,6.404375485430506,Sector 3,332.1601610047363,0.0,0,0.1,2719289.8995100716,5850882.079525384,POINT (2719289.8995100716 5850882.079525384),24.427796786817346,46.43839044335313,0.0,0.0,1.0,0.0
2137,2137,6407.3754854303215,6.407375485430322,Sector 3,332.16016102418104,-18.94329841280053,0,0.1,2719292.1115677767,5850880.895294581,POINT (2719292.1115677767 5850880.895294581),24.427816658069805,46.43838311225634,0.0,0.0,1.0,0.0
2138,2138,6410.375485430961,6.4103754854309605,Sector 3,332.16016101674575,0.0,0,0.1,2719294.3109605755,5850879.681353444,POINT (2719294.3109605755 5850879.681353444),24.427836415551475,46.438375597233815,0.0,0.0,1.0,0.0
2139,2139,6413.375485430559,6.413375485430559,Sector 3,332.1601610100929,0.0,0,0.1,2719296.4901619717,5850878.420045735,POINT (2719296.4901619717 5850878.420045735),24.42785599165069,46.438367788982724,0.0,0.0,1.0,0.0
2140,2140,6416.375485430374,6.416375485430375,Sector 3,332.1601610245633,0.0,0,0.1,2719298.6693633683,5850877.158738025,POINT (2719298.6693633683 5850877.158738025),24.427875567749908,46.438359980730525,0.0,0.0,1.0,0.0
2141,2141,6419.37548543019,6.41937548543019,Sector 3,332.16016103584815,0.0,0,0.1,2719300.848564765,5850875.897430317,POINT (2719300.848564765 5850875.897430317),24.427895143849128,46.43835217247722,0.0,0.0,1.0,0.0
2142,2142,6422.375485430829,6.422375485430829,Sector 3,332.1601610017006,10.948680162386234,0,0.1,2719303.027766162,5850874.636122607,POINT (2719303.027766162 5850874.636122607),24.427914719948348,46.43834436422277,0.0,0.0,1.0,0.0
2143,2143,6425.375485430644,6.425375485430644,Sector 3,332.16015764483126,0.0,0,0.1,2719305.2069675582,5850873.374814898,POINT (2719305.2069675582 5850873.374814898),24.42793429604756,46.43833655596721,0.0,0.0,1.0,0.0
2144,2144,6426.134669226523,6.426134669226523,Sector 3,332.16015764483126,0.0,0,0.1,2719305.758439021,5850873.055626772,POINT (2719305.758439021 5850873.055626772),24.42793925,46.43833458,0.0,0.0,1.0,0.0
