point_id,lon,lat,elevation_m,distance_m,distance_km,heading_deg,slope,slope_deg,segment_length_m,segment_center_lon,segment_center_lat,sector,x_m,y_m,live_avg_irradiance_wm2,live_power_w,live_shadow_factor,solar_score
0,5.249282699999999,50.9868116,28.98534202575684,0.0,0.0,150.26834854360243,0.0,0.0,9.9999999996696,5.249304975442431,50.98678704765544,Sector 1,584347.4771939401,6618961.17895414,46.49698539742475,44.63710598152776,1.0,0.9300234115927408
1,5.249327250884862,50.98676249531087,28.21550178527832,9.9999999996696,0.0099999999996696,150.26834854362596,-0.0769840240503951,-4.4021768107268455,9.9999999996696,5.249349526327293,50.98673794294034,Sector 1,584352.4365757575,6618952.495375846,46.49698539742475,44.63710598152776,1.0,0.9300234115927408
2,5.249371801769724,50.9867133905698,28.21550178527832,20.00000000014792,0.0200000000001479,150.2683485532291,0.0,0.0,10.000000000478321,5.2493940772121555,50.98668883817328,Sector 1,584357.3959575747,6618943.811797553,46.49698539742475,44.63710598152776,1.0,0.9300234115927408
3,5.249416352654586,50.98666428577677,28.21550178527832,29.999999999759787,0.0299999999997597,150.2683485411656,0.0,0.0,9.999999999611866,5.249438628097017,50.98663973335428,Sector 1,584362.3553393919,6618935.128219257,46.49698539742475,44.63710598152776,1.0,0.9300234115927408
4,5.249460903539448,50.9866151809318,28.21550178527832,40.0000000002381,0.0400000000002381,150.2683485482708,0.0,0.0,10.000000000478316,5.249483178981879,50.98659062848334,Sector 1,584367.3147212091,6618926.444640963,46.49698539742475,44.63710598152776,1.0,0.9300234115927408
5,5.24950545442431,50.98656607603488,28.21550178527832,49.9999999999077,0.0499999999999077,150.2683485430215,0.0,0.0,9.999999999669598,5.249527729866742,50.98654152356046,Sector 1,584372.2741030264,6618917.761062668,46.49698539742475,44.63710598152776,1.0,0.9300234115927408
6,5.249550005309173,50.98651697108603,28.163131713867188,60.00000000038602,0.060000000000386,150.2683485482325,-0.0052370071408627,-0.3000556633381157,10.000000000478316,5.249572280751604,50.98649241858563,Sector 1,584377.2334848437,6618909.077484375,46.49698539742475,44.63710598152776,1.0,0.9300234115927408
7,5.249594556194034,50.98646786608523,28.163131713867188,70.00000000005562,0.0700000000000556,150.2683485409256,0.0,0.0,9.999999999669605,5.249616831636465,50.98644331355885,Sector 1,584382.1928666609,6618900.39390608,46.49698539742475,44.63710598152776,1.0,0.9300234115927408
8,5.249639107078896,50.98641876103248,28.163131713867188,79.99999999966748,0.0799999999996674,150.26834854727542,0.0,0.0,9.999999999611859,5.249661382521326,50.986394208480135,Sector 1,584387.1522484781,6618891.710327787,46.49698539742475,44.63710598152776,1.0,0.9300234115927408
9,5.249683657963757,50.98636965592778,28.163131713867188,90.0000000001458,0.0900000000001458,150.26834854474407,0.0,0.0,10.000000000478323,5.249705933406188,50.986345103349464,Sector 1,584392.1116302953,6618883.026749492,46.49778969136695,44.63787810371227,1.0,0.9300343095898702
10,5.24972820884862,50.98632055077114,28.163131713867188,99.9999999998154,0.0999999999998154,150.26834854699786,0.0,0.0,9.999999999669598,5.249750484291051,50.98629599816684,Sector 1,584397.0710121125,6618874.343171199,46.49778969136695,44.63787810371227,1.0,0.9300343095898702
11,5.2497727597334825,50.986271445562544,28.163131713867188,110.00000000029372,0.1100000000002937,150.26834854461094,0.0,0.0,10.000000000478323,5.249795035175913,50.98624689293228,Sector 1,584402.0303939298,6618865.659592903,46.49774710942342,44.63783722504648,1.0,0.9300337326143717
12,5.249817310618343,50.986222340302014,28.30014038085937,119.99999999990558,0.1199999999999055,150.26834854916126,0.0137008666997505,0.7849527245526423,9.999999999611859,5.249839586060775,50.98619778764577,Sector 1,584406.9897757468,6618856.97601461,46.49774710942342,44.63783722504648,1.0,0.9300337326143717
13,5.249861861503206,50.98617323498953,28.093093872070312,130.0000000003839,0.1300000000003839,150.26834854108006,-0.0207046508779159,-1.1861196413627362,10.000000000478309,5.249884136945637,50.98614868230732,Sector 1,584411.9491575642,6618848.292436315,46.49772303284647,44.63781411153261,1.0,0.9300334063823157
14,5.249906412388068,50.98612412962511,28.093093872070312,140.0000000000535,0.1400000000000535,150.26834854373624,0.0,0.0,9.999999999669598,5.249928687830499,50.98609957691693,Sector 1,584416.9085393815,6618839.608858022,46.497750711958574,44.63784068348023,1.0,0.9300337814278907
15,5.24995096327293,50.98607502420874,28.093093872070312,149.9999999997231,0.149999999999723,150.2683485459425,0.0,0.0,9.999999999669598,5.249973238715361,50.98605047147458,Sector 1,584421.8679211986,6618830.925279727,46.497750711958574,44.63784068348023,1.0,0.9300337814278907
16,5.249995514157793,50.98602591874042,28.093093872070312,160.0000000002014,0.1600000000002014,150.2683485483027,0.0,0.0,10.000000000478309,5.250017789600223,50.986001365980286,Sector 1,584426.827303016,6618822.241701432,46.49759529977665,44.63769148778558,1.0,0.930031675628725
17,5.250040065042653,50.98597681322016,28.093093872070312,169.99999999981327,0.1699999999998132,150.26834854641288,0.0,0.0,9.999999999611873,5.250062340485085,50.985952260434054,Sector 1,584431.786684833,6618813.558123139,46.49759529977665,44.63769148778558,1.0,0.930031675628725
18,5.250084615927516,50.985927707647946,28.45267677307129,180.00000000029158,0.1800000000002915,150.2683485430788,0.0359582900983777,2.059370979027682,10.000000000478309,5.250106891369947,50.985903154835874,Sector 1,584436.7460666504,6618804.874544845,46.49759529977665,44.63769148778558,1.0,0.930031675628725
19,5.250129166812378,50.9858786020238,28.45267677307129,189.9999999999612,0.1899999999999611,150.26834854888375,0.0,0.0,9.999999999669626,5.2501514422548095,50.98585404918574,Sector 1,584441.7054484676,6618796.190966552,46.49759529977665,44.63769148778558,1.0,0.930031675628725
20,5.2501737176972405,50.98582949634768,27.933229446411133,199.9999999996308,0.1999999999996307,150.26834854305184,-0.0519447326677318,-2.97354141353468,9.999999999669598,5.2501959931396724,50.98580494348366,Sector 1,584446.6648302848,6618787.507388255,46.49744831102153,44.63755037858066,1.0,0.9300296839650468
21,5.250218268582104,50.98578039061964,27.933229446411133,210.00000000010908,0.210000000000109,150.26834854536455,0.0,0.0,10.00000000047828,5.250240544024534,50.98575583772964,Sector 1,584451.6242121023,6618778.823809962,46.497655444486895,44.63774922670742,1.0,0.9300324905756558
22,5.250262819466964,50.98573128483965,27.933229446411133,219.99999999972096,0.2199999999997209,150.26834854502545,0.0,0.0,9.999999999611873,5.250285094909396,50.985706731923685,Sector 1,584456.5835939192,6618770.140231668,46.49770874770518,44.63780039779697,1.0,0.9300332128219508
23,5.250307370351827,50.98568217900771,27.712087631225582,230.0000000001993,0.2300000000001992,150.26834854643846,-0.0221141815174969,-1.266842784254521,10.000000000478337,5.250329645794258,50.98565762606577,Sector 1,584461.5429757365,6618761.456653375,46.49770874770518,44.63780039779697,1.0,0.9300332128219508
24,5.250351921236689,50.98563307312383,27.712087631225582,239.9999999998689,0.2399999999998688,150.2683485442052,0.0,0.0,9.999999999669598,5.25037419667912,50.98560852015591,Sector 1,584466.5023575538,6618752.7730750805,46.49770874770518,44.63780039779697,1.0,0.9300332128219508
25,5.250396472121551,50.98558396718799,27.712087631225582,250.0000000003472,0.2500000000003471,150.26834854196255,0.0,0.0,10.000000000478309,5.250418747563982,50.98555941419411,Sector 1,584471.461739371,6618744.089496787,46.497352005263956,44.6374579250534,1.0,0.9300283790442778
26,5.250441023006413,50.98553486120022,27.712087631225582,260.0000000000168,0.2600000000000168,150.2683485513378,0.0,0.0,9.999999999669626,5.250463298448844,50.98551030818035,Sector 1,584476.4211211882,6618735.405918494,46.49771041913743,44.63780200237193,1.0,0.9300332354694716
27,5.250485573891274,50.98548575516049,27.712087631225582,269.99999999962864,0.2699999999996286,150.26834854296055,0.0,0.0,9.999999999611816,5.250507849333706,50.98546120211465,Sector 1,584481.3805030053,6618726.722340198,46.49771041913743,44.63780200237193,1.0,0.9300332354694716
28,5.250530124776137,50.98543664906882,27.712087631225582,280.000000000107,0.280000000000107,150.26834854157016,0.0,0.0,10.000000000478337,5.250552400218568,50.98541209599701,Sector 1,584486.3398848228,6618718.0387619035,46.36028149887659,44.505870238921524,1.0,0.9281711053452457
29,5.250574675661,50.98538754292521,28.39929962158203,289.9999999997766,0.2899999999997766,150.26834855047656,0.0687211990379149,3.9312538583772394,9.999999999669626,5.2505969511034305,50.98536298982742,Sector 1,584491.2992666401,6618709.355183611,46.36028149887659,44.505870238921524,1.0,0.9281711053452457
30,5.2506192265458616,50.98533843672964,28.39929962158203,300.00000000025494,0.3000000000002549,150.2683485481864,0.0,0.0,10.000000000478337,5.250641501988293,50.98531388360588,Sector 1,584496.2586484572,6618700.671605315,46.36028149887659,44.505870238921524,1.0,0.9281711053452457
31,5.250663777430724,50.98528933048213,28.39929962158203,309.99999999992457,0.3099999999999245,150.26834854632727,0.0,0.0,9.999999999669626,5.250686052873155,50.985264777332404,Sector 1,584501.2180302745,6618691.988027021,46.36549866631435,44.510878719661775,1.0,0.928241796758891
32,5.250708328315585,50.98524022418268,28.7562198638916,320.00000000034515,0.3200000000003452,150.26834854677406,0.0356920242294558,2.0441346235764057,10.000000000420584,5.250730603758016,50.985215671006976,Sector 1,584506.1774120916,6618683.304448728,46.36549866631435,44.510878719661775,1.0,0.928241796758891
33,5.250752879200447,50.98519111783127,28.7562198638916,330.0000000000148,0.3300000000000148,150.26834854125923,0.0,0.0,9.999999999669626,5.250775154642878,50.985166564629594,Sector 1,584511.1367939089,6618674.620870431,46.36549866631435,44.510878719661775,1.0,0.928241796758891
34,5.250797430085309,50.985142011427925,28.7562198638916,339.9999999996844,0.3399999999996844,150.26834854851995,0.0,0.0,9.999999999669626,5.25081970552774,50.98511745820028,Sector 1,584516.0961757262,6618665.937292138,46.36549866631435,44.510878719661775,1.0,0.928241796758891
35,5.250841980970171,50.98509290497263,0.0,350.00000000016274,0.3500000000001627,150.26834854822096,-2.8756219862516086,-70.8248374040055,10.000000000478337,5.250864256412601,50.98506835171901,Sector 1,584521.0555575433,6618657.253713844,46.36549866631435,44.510878719661775,1.0,0.928241796758891
36,5.250886531855032,50.98504379846539,0.0,359.9999999997746,0.3599999999997746,150.26834854862983,0.0,0.0,9.999999999611873,5.2509088072974635,50.985019245185796,Sector 1,584526.0149393606,6618648.57013555,46.36549866631435,44.510878719661775,1.0,0.928241796758891
37,5.250931082739895,50.9849946919062,0.0,370.00000000025295,0.3700000000002529,150.26834853944047,0.0,0.0,10.000000000478337,5.2509533581823264,50.98497013860064,Sector 1,584530.9743211778,6618639.886557255,46.34898010261121,44.49502089850676,1.0,0.928017974036409
38,5.2509756336247575,50.98494558529507,0.0,379.9999999999226,0.3799999999999225,150.26834854870174,0.0,0.0,9.999999999669626,5.2509979090671886,50.98492103196353,Sector 1,584535.9337029951,6618631.202978961,46.34898010261121,44.49502089850676,1.0,0.928017974036409
39,5.25102018450962,50.98489647863199,0.0,390.0000000004009,0.3900000000004009,150.26834854153196,0.0,0.0,10.000000000478337,5.251042459952051,50.984871925274476,Sector 1,584540.8930848123,6618622.5194006665,46.34898010261121,44.49502089850676,1.0,0.928017974036409
40,5.251064735394482,50.98484737191697,0.0,400.00000000007054,0.4000000000000705,150.26834854917615,0.0,0.0,9.999999999669626,5.251087010836912,50.98482281853349,Sector 1,584545.8524666296,6618613.835822374,46.34000769200124,44.48640738432118,1.0,0.9278963999452201
41,5.251109286279343,50.98479826515,0.0,409.9999999996824,0.4099999999996824,150.26834855273376,0.0,0.0,9.999999999611873,5.251131561721774,50.98477371174053,Sector 1,584550.8118484467,6618605.15224408,46.34000769200124,44.48640738432118,1.0,0.9278963999452201
42,5.251153837164205,50.98474915833107,0.0,420.0000000001608,0.4200000000001607,150.26834853710454,0.0,0.0,10.000000000478394,5.251176112606636,50.984724604895646,Sector 1,584555.7712302639,6618596.468665784,46.34000769200124,44.48640738432118,1.0,0.9278963999452201
43,5.251198388049068,50.984700051460216,0.0,429.9999999998304,0.4299999999998304,150.26834855271085,0.0,0.0,9.99999999966957,5.251220663491499,50.98467549799881,Sector 1,584560.7306120812,6618587.785087492,46.497805168354574,44.63789296162039,1.0,0.9300345192994774
44,5.25124293893393,50.98465094453739,0.0,440.0000000003087,0.4400000000003087,116.1194957492516,0.0,0.0,10.000000000478337,5.251281844378079,50.98463893563245,Sector 1,584565.6899938985,6618579.101509197,46.497805168354574,44.63789296162039,1.0,0.9300345192994774
45,5.251320749822228,50.98462692672749,0.0,449.6470482236935,0.4496470482236934,109.42491010670904,0.0,0.0,9.647048223384786,5.251363108889791,50.98461752300379,Sector 1,584574.351862362,6618574.854442662,46.497805168354574,44.63789296162039,1.0,0.9300345192994774
46,5.251405467957354,50.98460811928008,0.0,459.6470482238065,0.4596470482238065,109.42491009270437,0.0,0.0,10.000000000113005,5.251447827024917,50.984598715552565,Sector 1,584583.7826420252,6618571.528725456,46.497805168354574,44.63789296162039,1.0,0.9300345192994774
47,5.25149018609248,50.98458931182504,0.0,469.6470482236097,0.4696470482236097,109.42491009659524,0.0,0.0,9.999999999803208,5.2515325451600425,50.984579908093714,Sector 1,584593.2134216883,6618568.203008248,46.497805168354574,44.63789296162039,1.0,0.9300345192994774
48,5.251574904227605,50.98457050436239,0.0,479.6470482237227,0.4796470482237227,109.42491010673166,0.0,0.0,10.000000000113005,5.251617263295168,50.984561100627246,Sector 1,584602.6442013514,6618564.87729104,46.497805168354574,44.63789296162039,1.0,0.9300345192994774
49,5.251659622362731,50.984551696892105,0.0,489.6470482238357,0.4896470482238357,109.42491009880194,0.0,0.0,10.000000000113005,5.251701981430294,50.984542293153154,Sector 1,584612.0749810146,6618561.551573832,46.497805168354574,44.63789296162039,1.0,0.9300345192994774
50,5.251744340497856,50.98453288941421,0.0,499.647048223639,0.499647048223639,92.90513891430813,0.0,0.0,9.999999999803265,5.251789027902648,50.98453146175825,Sector 1,584621.5057606776,6618558.225856624,46.497805168354574,44.63789296162039,1.0,0.9300345192994774
51,5.25183371530744,50.9845300341023,0.0,509.60900978137545,0.5096090097813755,91.40105313587992,0.0,0.0,9.961961557736458,5.251878617642984,50.98452934272538,Sector 1,584631.4549189704,6618557.720953318,46.497805168354574,44.63789296162039,1.0,0.9300345192994774
52,5.251923519978528,50.98452865134847,0.0,519.6090097813424,0.5196090097813424,91.40105313601862,0.0,0.0,9.999999999966917,5.251968422314072,50.984527959971544,Sector 1,584641.4519292266,6618557.476441698,46.497805168354574,44.63789296162039,1.0,0.9300345192994774
53,5.252013324649616,50.98452726859461,0.0,529.609009781403,0.5296090097814029,91.40105313941592,0.0,0.0,10.000000000060595,5.25205822698516,50.98452657721765,Sector 1,584651.448939483,6618557.231930078,46.497805168354574,44.63789296162039,1.0,0.9300345192994774
54,5.252103129320704,50.984525885840696,0.0,539.6090097813699,0.5396090097813698,91.40105313635804,0.0,0.0,9.999999999966917,5.252148031656248,50.98452519446373,Sector 1,584661.4459497394,6618556.987418455,46.497805168354574,44.63789296162039,1.0,0.9300345192994774
55,5.252192933991792,50.98452450308675,0.0,549.6090097813141,0.5496090097813141,91.40105314616108,0.0,0.0,9.99999999994418,5.252237836327337,50.98452381170975,Sector 1,584671.4429599958,6618556.742906835,46.497805168354574,44.63789296162039,1.0,0.9300345192994774
56,5.252282738662882,50.98452312033275,0.0,559.6090097813974,0.5596090097813974,91.40105312700832,0.0,0.0,10.000000000083332,5.252327640998427,50.98452242895574,Sector 1,584681.4399702525,6618556.498395214,46.497805168354574,44.63789296162039,1.0,0.9300345192994774
57,5.252372543333971,50.98452173757874,0.0,569.6090097813416,0.5696090097813415,91.40105314006996,0.0,0.0,9.99999999994418,5.252417445669515,50.984521046201706,Sector 1,584691.436980509,6618556.253883595,46.497805168354574,44.63789296162039,1.0,0.9300345192994774
58,5.25246234800506,50.98452035482467,0.0,579.6090097814249,0.5796090097814249,91.40105314023344,0.0,0.0,10.000000000083332,5.252507250340604,50.984519663447614,Sector 1,584701.4339907654,6618556.009371974,46.497805168354574,44.63789296162039,1.0,0.9300345192994774
59,5.252552152676148,50.98451897207055,0.0,589.6090097813691,0.5896090097813691,91.40105313073263,0.0,0.0,9.99999999994418,5.252597055011692,50.98451828069348,Sector 1,584711.4310010218,6618555.7648603525,46.497805168354574,44.63789296162039,1.0,0.9300345192994774
60,5.252641957347236,50.9845175893164,0.0,599.609009781336,0.599609009781336,91.40105312442849,0.0,0.0,9.999999999966917,5.252686859682781,50.9845168979393,Sector 1,584721.4280112782,6618555.520348731,46.497805168354574,44.63789296162039,1.0,0.9300345192994774
61,5.252731762018326,50.98451620656221,0.0,609.6090097813966,0.6096090097813966,91.40105314071155,0.0,0.0,10.000000000060595,5.2527766643538705,50.984515515185095,Sector 1,584731.4250215347,6618555.275837113,46.497805168354574,44.63789296162039,1.0,0.9300345192994774
62,5.252821566689415,50.98451482380798,0.0,619.6090097813635,0.6196090097813635,91.40105313443216,0.0,0.0,9.999999999966917,5.252866469024959,50.98451413243084,Sector 1,584741.4220317913,6618555.031325491,46.497805168354574,44.63789296162039,1.0,0.9300345192994774
63,5.252911371360503,50.9845134410537,0.0,629.6090097814241,0.6296090097814241,86.69330816337566,0.0,0.0,10.000000000060595,5.252956037590179,50.984515065648566,Sector 1,584751.4190420477,6618554.78681387,46.497805168354574,44.63789296162039,1.0,0.9300345192994774
64,5.253000703819855,50.98451669024343,0.0,639.5700375681789,0.6395700375681789,81.2546249054318,0.0,0.0,9.961027786754812,5.253045097387914,50.98452098938658,Sector 1,584761.363485934,6618555.361366182,46.497805168354574,44.63789296162039,1.0,0.9300345192994774
65,5.253089490955973,50.98452528852973,0.0,649.5700375681533,0.6495700375681533,81.25462490633834,0.0,0.0,9.99999999997442,5.253133884524032,50.98452958767207,Sector 1,584771.2472247155,6618556.8817962855,46.497805168354574,44.63789296162039,1.0,0.9300345192994774
66,5.253178278092091,50.98453388681442,0.0,659.5700375681544,0.6595700375681544,81.25462490079798,0.0,0.0,10.000000000001023,5.253222671660149,50.98453818595597,Sector 1,584781.1309634972,6618558.402226387,46.497805168354574,44.63789296162039,1.0,0.9300345192994774
67,5.253267065228208,50.98454248509753,0.0,669.5700375681554,0.6695700375681554,80.28596065079296,0.0,0.0,10.000000000001023,5.253311300870997,50.984547252191746,Sector 1,584791.0147022788,6618559.9226564905,46.497805168354574,44.63789296162039,1.0,0.9300345192994774
68,5.253355536513785,50.98455201928597,0.0,679.5618764635923,0.6795618764635922,74.75652916018475,0.0,0.0,9.9918388954369,5.253398872026686,50.98455945358235,Sector 1,584800.863280739,6618561.6085825935,46.497805168354574,44.63789296162039,1.0,0.9300345192994774
69,5.253442207539588,50.984566887878735,0.0,689.5618764634897,0.6895618764634898,74.75652916211726,0.0,0.0,9.999999999897454,5.253485543052489,50.98457432217275,Sector 1,584810.5114551979,6618564.237789623,46.497805168354574,44.63789296162039,1.0,0.9300345192994774
70,5.2535288785653895,50.98458175646675,0.0,699.5618764636321,0.6995618764636321,74.75652916431693,0.0,0.0,10.000000000142336,5.2535722140782894,50.98458919075838,Sector 1,584820.1596296567,6618566.866996655,46.497805168354574,44.63789296162039,1.0,0.9300345192994774
71,5.25361554959119,50.98459662505,0.0,709.5618764635295,0.7095618764635295,63.54503571910402,0.0,0.0,9.999999999897454,5.253654649962863,50.98460887338386,Sector 1,584829.8078041153,6618569.496203687,46.497805168354574,44.63789296162039,1.0,0.9300345192994774
72,5.253693750334535,50.98462112171772,0.0,719.2853349327438,0.7192853349327438,47.2857402991948,0.0,0.0,9.723458469214279,5.253726752016952,50.98464030236157,Sector 1,584838.5130710441,6618573.827943789,46.497805168354574,44.63789296162039,1.0,0.9300345192994774
73,5.253759753699368,50.98465948300541,0.0,729.2853349322972,0.7292853349322972,47.28574028724353,0.0,0.0,9.999999999553438,5.2537927553817845,50.98467866363342,Sector 1,584845.8605320081,6618580.611366033,46.497805168354574,44.63789296162039,1.0,0.9300345192994774
74,5.253825757064201,50.98469784426142,0.0,739.285334932397,0.7392853349323969,47.2857403000076,0.0,0.0,10.000000000099703,5.253858758746617,50.984717024873575,Sector 1,584853.2079929719,6618587.39478828,46.497805168354574,44.63789296162039,1.0,0.9300345192994774
75,5.253891760429034,50.98473620548573,0.0,749.2853349325821,0.7492853349325821,47.28574028875772,0.0,0.0,10.000000000185196,5.253924762111451,50.98475538608203,Sector 1,584860.5554539358,6618594.1782105295,46.497805168354574,44.63789296162039,1.0,0.9300345192994774
76,5.253957763793867,50.98477456667833,0.0,759.2853349327673,0.7592853349327673,47.2857402937442,0.0,0.0,10.000000000185196,5.253990765476283,50.98479374725879,Sector 1,584867.9029148995,6618600.961632776,46.497805168354574,44.63789296162039,1.0,0.9300345192994774
77,5.254023767158699,50.98481292783924,0.0,769.285334932867,0.769285334932867,47.941838399138646,0.0,0.0,10.000000000099703,5.254057114149187,50.984831868446975,Sector 1,584875.2503758633,6618607.745055024,46.497805168354574,44.63789296162039,1.0,0.9300345192994774
78,5.254090461139676,50.98485080905471,0.0,779.2849106258298,0.7792849106258297,48.36644656090397,0.0,0.0,9.999575692962708,5.254124031606642,50.984869594351835,Sector 1,584882.6747158647,6618614.443613794,46.3420789794809,44.48839582030166,1.0,0.9279244654121139
79,5.254157602073606,50.98488837964896,0.0,789.284910626158,0.789284910626158,48.36644656315519,0.0,0.0,10.000000000328214,5.254191172540572,50.984907164930874,Sector 1,584890.1488104411,6618621.087250617,46.3420789794809,44.48839582030166,1.0,0.9279244654121139
80,5.254224743007537,50.9849259502128,0.0,799.2849106259545,0.7992849106259544,48.36644655717657,0.0,0.0,9.9999999997965,5.254258313474502,50.984944735479516,Sector 1,584897.6229050177,6618627.730887443,46.3420789794809,44.48839582030166,1.0,0.9279244654121139
81,5.254291883941466,50.98496352074623,0.0,809.2849106262827,0.8092849106262827,10.52619979846719,0.0,0.0,10.000000000328214,5.254299214377641,50.9849883559625,Sector 1,584905.096999594,6618634.374524269,46.3420789794809,44.48839582030166,1.0,0.9279244654121139
82,5.254306544813815,50.985013191178766,0.0,818.2185334234329,0.8182185334234329,351.86394038715304,0.0,0.0,8.933622797150178,5.2543001881386004,50.98504118209786,Sector 1,584906.7290404385,6618643.157807196,47.3559626290292,45.46172412386803,1.0,0.9416623546620673
83,5.254293831463387,50.98506917301696,0.0,828.218533423209,0.8282185334232091,349.2333234781992,0.0,0.0,9.99999999977615,5.254285458174221,50.98509689304251,Sector 1,584905.3137967426,6618653.057154915,48.97277094735751,47.01386010946321,1.0,0.963569733901779
84,5.254277084885055,50.98512461306805,0.0,838.1977618131682,0.8381977618131682,344.0481206987083,0.0,0.0,9.97922838995919,5.25426474068154,50.985151799711105,Sector 1,584903.4495761702,6618662.8607094195,50.274112672454976,48.26314816555678,1.0,0.9812026136742233
85,5.254252396478025,50.98517898635416,28.01857566833496,848.1977618126662,0.8481977618126662,344.048120704818,2.801857566974161,70.35820853950567,9.999999999497959,5.254240052274511,50.98520617296538,Sector 1,584900.7012752711,6618672.475637508,51.13502631838535,49.089625265649936,1.0,0.992867794710365
86,5.254227708070997,50.9852333595766,28.01857566833496,858.1977618130276,0.8581977618130275,344.0481207013973,0.0,0.0,10.00000000036141,5.254215363867482,50.98526054615597,Sector 1,584897.9529743722,6618682.090565598,51.480915525039556,49.421678904037975,1.0,0.9975545135620663
87,5.254203019663967,50.98528773273534,28.01857566833496,868.1977618125255,0.8681977618125255,344.0481206994324,0.0,0.0,9.999999999497959,5.2541906754604515,50.985314919282864,Sector 1,584895.2046734731,6618691.705493689,51.242609335723586,49.19290496229464,1.0,0.9943255197442256
88,5.254178331256936,50.98534210583039,28.01857566833496,878.1977618129189,0.8781977618129189,344.0481207014904,0.0,0.0,10.000000000393356,5.254165987053421,50.98536929234608,Sector 1,584892.456372574,6618701.320421776,50.339552362643644,48.325970268137894,1.0,0.9820893063600789
89,5.254153642849906,50.98539647886176,28.01857566833496,888.1977618133122,0.8881977618133122,344.0481207021681,0.0,0.0,10.000000000393356,5.254141298646392,50.9854236653456,Sector 1,584889.7080716749,6618710.935349866,48.96833825380876,47.00960472365641,1.0,0.9635096719281206
90,5.254128954442877,50.98545085182944,28.884483337402344,898.1977618128102,0.8981977618128102,342.49763695833263,0.0865907669110855,4.948941134332292,9.999999999497959,5.254115470212239,50.985477770204675,Sector 1,584886.959770776,6618720.550277956,49.11816484520907,47.15343825140071,1.0,0.9655397876324943
91,5.2541019859816,50.98550468857991,28.884483337402344,908.1800135741038,0.9081800135741038,334.9866102460745,0.0,0.0,9.982251761293583,5.254082994236287,50.98553031183627,Sector 1,584883.9576553991,6618730.07039631,49.251783076676226,47.28171175360917,1.0,0.9673502838038135
92,5.254064002490975,50.98555593509264,28.884483337402344,918.180013574021,0.918180013574021,334.9866102423832,0.0,0.0,9.999999999917236,5.254045010745663,50.9855815583207,Sector 1,584879.7293525642,6618739.132485207,49.35785103339072,47.38353699205509,1.0,0.9687874801161929
93,5.25402601900035,50.98560718154877,28.29842185974121,928.1800135739384,0.9281800135739382,334.9866102386828,-0.0586061477665983,-3.354048403093199,9.99999999991735,5.254007027255038,50.985632804748555,Sector 1,584875.5010497293,6618748.1945741,49.73938999128611,47.749814391634665,1.0,0.9739572448623199
94,5.2539880355097255,50.98565842794834,28.29842185974121,938.1800135738556,0.9381800135738556,334.9866102472362,0.0,0.0,9.999999999917236,5.253969043764413,50.98568405111984,Sector 1,584871.2727468944,6618757.256662994,49.77019470597634,47.779386917737284,1.0,0.9743746416306565
95,5.253950052019101,50.98570967429134,32.30818176269531,948.1800135737728,0.9481800135737728,334.9866102435173,0.4009759902987287,21.849600260735485,9.999999999917236,5.253931060273788,50.98573529743456,Sector 1,584867.0444440595,6618766.318751889,49.872259990415536,47.877369590798914,1.0,0.9757576026583004
96,5.253912068528476,50.98576092057777,32.30818176269531,958.18001357369,0.95818001357369,325.21493891544435,0.0,0.0,9.999999999917122,5.253886572595826,50.985784026374525,Sector 1,584862.8161412246,6618775.380840785,49.97213722571182,47.973251736683345,1.0,0.977110916125485
97,5.253861076663178,50.98580713217128,32.30818176269531,968.1298666026448,0.9681298666026448,321.84624645864585,0.0,0.0,9.949853028954863,5.253833328863634,50.98582936640491,Sector 1,584857.139752745,6618783.5526330685,50.153766667708325,48.14761600099999,1.0,0.9795719531091569
98,5.253805581064091,50.98585160063853,32.30818176269531,978.1298666022132,0.9781298666022132,321.8462464558198,0.0,0.0,9.999999999568331,5.2537778332645475,50.985873834850864,Sector 1,584850.9620109134,6618791.416188615,50.24616345139472,48.23631691333893,1.0,0.9808239081849699
99,5.253750085465004,50.9858960690632,32.30818176269531,988.1298666025136,0.9881298666025138,321.84624645417824,0.0,0.0,10.000000000300474,5.253722337665461,50.98591830325423,Sector 1,584844.7842690818,6618799.279744165,50.302120530704,48.29003570947584,1.0,0.9815821136838396
100,5.253694589865917,50.98594053744526,32.30818176269531,998.129866602082,0.998129866602082,321.8462464600922,0.0,0.0,9.999999999568331,5.253666842066373,50.98596277161499,Sector 1,584838.6065272501,6618807.143299712,50.348381245432456,48.334445995615155,1.0,0.982208935682445
101,5.253639094266829,50.98598500578473,37.67884063720703,1008.1298666024544,1.0081298666024543,321.8462464540559,0.5370658874311633,28.238728505164424,10.000000000372438,5.253611346467285,50.98600723993316,Sector 1,584832.4287854183,6618815.00685526,50.39782605577822,48.381913013547084,1.0,0.9828789014411567
102,5.253583598667742,50.98602947408159,37.67884063720703,1018.1298666020228,1.0181298666020226,321.3815601104824,0.0,0.0,9.999999999568445,5.2535555654290444,50.986051565733916,Sector 1,584826.2510435868,6618822.870410808,50.464066350353086,48.44550369633896,1.0,0.9837764421315103
103,5.253527532190348,50.98607365738624,37.67884063720703,1028.1298311604105,1.0281298311604106,321.33148399360726,0.0,0.0,9.99996455838766,5.253499468191462,50.98609573366383,Sector 1,584820.0097518727,6618830.683577189,50.50191254221297,48.48183604052445,1.0,0.9842892492889541
104,5.253471404192576,50.98611780994142,29.888851165771484,1038.1298311601197,1.0381298311601197,321.33148399621206,-0.7789989471662265,-37.918553212295215,9.999999999709189,5.253443340193689,50.98613988619802,Sector 1,584813.7616117414,6618838.491313411,50.494092732920876,48.47432902360404,1.0,0.9841832926793783
105,5.253415276194802,50.98616196245461,29.888851165771484,1048.1298311606283,1.0481298311606284,321.33148398388835,0.0,0.0,10.000000000508635,5.253387212195914,50.9861840386902,Sector 1,584807.5134716099,6618846.2990496345,50.47337890125206,48.45444374520198,1.0,0.9839026250450447
106,5.253359148197027,50.98620611492579,29.888851165771484,1058.12983116041,1.0581298311604102,321.33148399410004,0.0,0.0,9.999999999781721,5.253331084198139,50.98622819114039,Sector 1,584801.2653314784,6618854.106785853,50.45250620627731,48.43440595802622,1.0,0.9836198048496121
107,5.253303020199253,50.98625026735499,31.55496597290039,1068.1298311601918,1.0681298311601917,321.33148399143033,0.1666114807165274,9.45924571581762,9.999999999781721,5.253274956200365,50.98627234354859,Sector 1,584795.017191347,6618861.914522075,50.43666653352784,48.419199872186724,1.0,0.983405180942732
108,5.253246892201478,50.98629441974219,31.55496597290039,1078.1298311607006,1.0781298311607006,321.3314839859128,0.0,0.0,10.000000000508862,5.253218828202591,50.98631649591478,Sector 1,584788.7690512155,6618869.722258296,50.41497289002246,48.39837397442156,1.0,0.9831112370843438
109,5.253190764203705,50.98633857208738,29.312042236328125,1088.1298311604824,1.0881298311604823,321.33148399088367,-0.2242923736621224,-12.64178728324768,9.999999999781721,5.253162700204818,50.986360648238986,Sector 1,584782.5209110841,6618877.529994515,50.34765887771385,48.333752522605295,1.0,0.9821991477667209
110,5.253134636205931,50.98638272439059,29.312042236328125,1098.129831160191,1.0981298311601912,324.31705083938306,0.0,0.0,9.999999999708734,5.253108472087671,50.98640565981211,Sector 1,584776.2727709525,6618885.3377307365,50.31237832645226,48.299883193394166,1.0,0.9817211044467353
111,5.253082307969411,50.986428595233626,29.312042236328125,1108.116381151046,1.108116381151046,327.2755264419402,0.0,0.0,9.986549990854883,5.253058026507521,50.986452382132214,Sector 1,584770.4476183092,6618893.449375292,50.277293514477606,48.2662017738985,1.0,0.9812457133488732
112,5.25303374504563,50.9864761690308,29.312042236328125,1118.116381150846,1.118116381150846,327.2755264334405,0.0,0.0,9.999999999800139,5.253009463583739,50.986499955905,Sector 1,584765.0416183624,6618901.862172959,50.24819535208928,48.23826753800571,1.0,0.9808514399700234
113,5.252985182121848,50.986523742779205,29.312042236328125,1128.1163811507088,1.128116381150709,327.27552643666405,0.0,0.0,9.999999999862666,5.252960900659957,50.986547529629036,Sector 1,584759.6356184155,6618910.274970625,50.21358151561257,48.20503825498806,1.0,0.9803824304813658
114,5.252936619198066,50.98657131647886,30.932111740112305,1138.1163811505087,1.1381163811505086,327.2755264459933,0.1620069503816595,9.202361211247323,9.999999999799911,5.252912337736175,50.98659510330432,Sector 1,584754.2296184688,6618918.687768291,50.20396121178758,48.195802763316074,1.0,0.9802520775867734
115,5.252888056274284,50.986618890129776,30.932111740112305,1148.116381151155,1.1481163811511552,327.4040576575998,0.0,0.0,10.000000000646423,5.252863860983551,50.98664270983765,Sector 1,584748.8236185219,6618927.10056596,50.172620419815736,48.1657156030231,1.0,0.9798274170951016
116,5.252839665692818,50.98666652954552,30.932111740112305,1158.115825952682,1.1581158259526825,330.2396100002118,0.0,0.0,9.999444801526806,5.252817370666433,50.98669107489589,Sector 1,584743.4368036339,6618935.525001947,50.11596763903599,48.11132893347455,1.0,0.9790597850020102
117,5.252795075640049,50.98671562024625,30.932111740112305,1168.1158259527615,1.1681158259527618,330.2396100085096,0.0,0.0,10.00000000007958,5.252772780613665,50.98674016557066,Sector 1,584738.4730616651,6618944.206088609,50.0477440853864,48.04583432197094,1.0,0.9781353716093157
118,5.25275048558728,50.986764710895066,30.932111740112305,1178.1158259520328,1.1781158259520328,330.0403660043792,0.0,0.0,9.999999999271267,5.25272805530749,50.98678920701718,Sector 1,584733.5093196966,6618952.887175274,49.988106694310595,47.98858242653817,1.0,0.9773272987361408
119,5.2527056250277,50.9868137031393,35.2617073059082,1188.115734988539,1.1881157349885392,329.7406164190694,0.4329634949668035,23.41085021501407,9.999909036506324,5.2526829912685145,50.98683812525324,Sector 1,584728.5154650474,6618961.550869432,49.95141200927485,47.95335552890385,1.0,0.9768300942301724
120,5.252660357509329,50.98686254736719,35.2617073059082,1198.1157349888058,1.198115734988806,329.7406164215077,0.0,0.0,10.00000000026671,5.252637723750144,50.98688696945543,Sector 1,584723.4763079529,6618970.188397769,51.12375743691536,49.078807139438744,1.0,0.992715103969495
121,5.252615089990958,50.98691139154368,31.921762466430664,1208.115734988268,1.208115734988268,329.7406164276225,-0.3339944839657141,-18.46903508482582,9.999999999462261,5.252592456231773,50.98693581360624,Sector 1,584718.4371508583,6618978.8259261055,51.630743703432486,49.56551395529519,1.0,0.9995846507698232
122,5.252569822472588,50.98696023566879,31.921762466430664,1218.115734988476,1.218115734988476,329.74061642797994,0.0,0.0,10.000000000208047,5.252547188713402,50.98698465770565,Sector 1,584713.3979937639,6618987.463454442,51.42739233712415,49.37029664363918,1.0,0.9968292867293682
123,5.252524554954217,50.9870090797425,31.921762466430664,1228.1157349887428,1.2281157349887428,334.6383023039815,0.0,0.0,10.00000000026671,5.252505329306146,50.98703461151009,Sector 1,584708.3588366692,6618996.100982781,50.51868067480493,48.497933447812734,1.0,0.9845164536122308
124,5.252486103658075,50.98706014327768,31.921762466430664,1238.1088823101427,1.2381088823101427,335.5566754768364,0.0,0.0,9.993147321399874,5.252467517822085,50.98708588335393,Sector 1,584704.0784579625,6619005.131007783,49.03161260431601,47.07034810014337,1.0,0.9643670247614744
125,5.252448931986095,50.98711162343017,33.388309478759766,1248.1088823103537,1.2481088823103534,335.5566754708357,0.146654701229819,8.343220450648737,10.000000000211003,5.2524303461501045,50.987137363477856,Sector 1,584699.9405263657,6619014.234717033,47.327454193283536,45.43435602555219,1.0,0.941276071943002
126,5.252411760314114,50.98716310352555,33.388309478759766,1258.1088823105165,1.2581088823105162,335.5566754777508,0.0,0.0,10.0000000001628,5.252393174478124,50.9871888435447,Sector 1,584695.8025947689,6619023.33842628,46.490842293503285,44.63120860176315,1.0,0.9299401739536275
127,5.252374588642135,50.987214583563855,33.388309478759766,1268.1088823098312,1.2681088823098312,0.2864828349243566,0.0,0.0,9.999999999314696,5.2523748104099806,50.98724250321034,Sector 1,584691.6646631721,6619032.442135532,46.49551102745012,44.63569058635211,1.0,0.9300034342201557
128,5.2523750321778255,50.98727042285683,33.388309478759766,1277.983615253966,1.277983615253966,3.58017903122726,0.0,0.0,9.874732944134848,5.252377836955981,50.987298641820274,Sector 1,584691.7140373394,6619042.316745039,46.49551102745012,44.63569058635211,1.0,0.9300034342201557
129,5.252380641734136,50.987326860783725,33.388309478759766,1287.9836152535756,1.2879836152535755,3.580179030521492,0.0,0.0,9.9999999996096,5.25238344651229,50.98735507971286,Sector 1,584692.3384902915,6619052.2972289175,46.49674134749402,44.63687169359426,1.0,0.9300201047725536
130,5.252386251290445,50.987383298642,33.66561508178711,1297.9836152541077,1.2979836152541075,3.5801790305310988,0.0277305603012595,1.5884369913912777,10.000000000532054,5.2523890560686,50.987411517536835,Sector 1,584692.9629432434,6619062.2777128,46.48515483541069,44.625748641994264,1.0,0.9298631102102437
131,5.252391860846756,50.98743973643167,33.66561508178711,1307.983615253717,1.307983615253717,3.580179031438888,0.0,0.0,9.999999999609372,5.2523946656249105,50.98746795529219,Sector 1,584693.5873961955,6619072.258196683,46.48515483541069,44.625748641994264,1.0,0.9298631102102437
132,5.252397470403066,50.9874961741527,33.66561508178711,1317.983615253327,1.3179836152533266,28.07101138013365,0.0,0.0,9.999999999609827,5.2524174553525125,50.987519763698366,Sector 1,584694.2118491476,6619082.238680563,46.48515483541069,44.625748641994264,1.0,0.9298631102102437
133,5.25243744030196,50.98754335324403,33.66561508178711,1327.4391032145522,1.3274391032145525,42.76679027701186,0.0,0.0,9.455487961225344,5.252467938833937,50.98756410983229,Sector 1,584698.6612779394,6619090.581871561,46.49349292982533,44.633753212632314,1.0,0.9299760894635092
134,5.252498437365914,50.98758486642056,33.66561508178711,1337.439103214644,1.3374391032146438,42.766790268127465,0.0,0.0,10.000000000091859,5.2525289358978915,50.98760562299026,Sector 1,584705.4514400387,6619097.923104337,46.49349292982533,44.633753212632314,1.0,0.9299760894635092
135,5.252559434429869,50.98762637955995,33.66561508178711,1347.4391032147355,1.3474391032147357,42.76679026981958,0.0,0.0,10.000000000091404,5.252589932961846,50.987647136111086,Sector 1,584712.241602138,6619105.264337109,46.49349292982533,44.633753212632314,1.0,0.9299760894635092
136,5.252620431493823,50.98766789266222,32.94564437866211,1357.4391032148271,1.3574391032148272,42.76679027445243,-0.0719970703118402,-4.118022710878999,10.000000000091632,5.2526509300258,50.987688649194794,Sector 1,584719.0317642373,6619112.605569886,46.49349292982533,44.633753212632314,1.0,0.9299760894635092
137,5.252681428557778,50.98770940572737,35.48243713378906,1367.4391032149188,1.367439103214919,42.76679026996794,0.2536792755103708,14.23447761168943,10.000000000091632,5.252711927089755,50.98773016224138,Sector 1,584725.8219263366,6619119.946802661,46.44531609841674,44.58750345448007,1.0,0.9293233045265001
138,5.252742425621732,50.98775091875539,35.48243713378906,1377.4391032150104,1.3774391032150104,42.76679026074254,0.0,0.0,10.000000000091632,5.252772924153709,50.98777167525084,Sector 1,584732.6120884359,6619127.288035439,46.494677840260096,44.63489072664969,1.0,0.9299921447261925
139,5.252803422685687,50.98779243174629,35.48243713378906,1387.439103215102,1.387439103215102,57.98757914238013,0.0,0.0,10.000000000091632,5.252840841015204,50.98780715719425,Sector 1,584739.4022505352,6619134.629268214,46.494677840260096,44.63489072664969,1.0,0.9299921447261925
140,5.252878259344722,50.9878218826422,35.48243713378906,1397.263905636445,1.397263905636445,65.55573887922066,0.0,0.0,9.824802421343065,5.252919149061697,50.987833582554586,Sector 1,584747.7330293116,6619139.837422168,46.494677840260096,44.63489072664969,1.0,0.9299921447261925
141,5.252960038778673,50.98784528246697,35.48243713378906,1407.2639056363862,1.4072639056363865,65.55573888838074,0.0,0.0,9.99999999994111,5.2530009284956485,50.987856982373444,Sector 1,584756.8366742564,6619143.975495235,46.477089169247215,44.618005602477325,1.0,0.9297538222968522
142,5.253041818212624,50.98786868227992,35.48243713378906,1417.263905636221,1.4172639056362208,65.55573888014993,0.0,0.0,9.9999999998347,5.253082707929599,50.987880382180506,Sector 1,584765.9403192013,6619148.113568301,46.477089169247215,44.618005602477325,1.0,0.9297538222968522
143,5.253123597646574,50.9878920820811,35.48243713378906,1427.2639056361618,1.4272639056361618,65.55573888030261,0.0,0.0,9.999999999940883,5.25316448736355,50.98790378197579,Sector 1,584775.043964146,6619152.251641373,46.477089169247215,44.618005602477325,1.0,0.9297538222968522
144,5.253205377080525,50.98791548187048,41.05644226074219,1437.263905636382,1.4372639056363818,65.5557388896782,0.5574005126830442,29.13531789180246,10.000000000220325,5.253246266797501,50.98792718175926,Sector 1,584784.1476090908,6619156.389714441,46.46990583459022,44.611109601206614,1.0,0.9296564897715598
145,5.253287156514477,50.98793888164805,35.448394775390625,1447.2639056363228,1.4472639056363228,65.5557388812432,-0.5608047485384716,-29.283915310276505,9.999999999940655,5.253328046231452,50.987950581530946,Sector 1,584793.2512540356,6619160.5277875075,46.49020513295766,44.63059692763935,1.0,0.9299315405754149
146,5.253368935948428,50.98796228141384,35.448394775390625,1457.2639056362636,1.4572639056362635,65.555738889993,0.0,0.0,9.999999999940883,5.253409825665403,50.98797398129082,Sector 1,584802.3548989805,6619164.6658605775,46.49547311650353,44.635654191843386,1.0,0.9300029205355869
147,5.253450715382378,50.98798568116781,35.448394775390625,1467.2639056360983,1.4672639056360983,51.91330556432968,0.0,0.0,9.9999999998347,5.253485715599427,50.98800294822051,Sector 1,584811.4585439251,6619168.803933643,46.49547311650353,44.635654191843386,1.0,0.9300029205355869
148,5.253520715816476,50.98802021527322,38.22898864746094,1477.164330860187,1.477164330860187,47.12272277593166,0.2808560045789627,15.68771617260428,9.900425224088622,5.253553630677338,50.98803945354089,Sector 1,584819.2509566043,6619174.911038052,46.49547311650353,44.635654191843386,1.0,0.9300029205355869
149,5.253586545538199,50.988058691808575,38.22898864746094,1487.1643308600392,1.487164330860039,47.122722781120615,0.0,0.0,9.999999999852207,5.253619460399061,50.9880779300603,Sector 1,584826.5790877055,6619181.7153377645,46.49579177827663,44.635960107145564,1.0,0.9300072383290032
150,5.2536523752599225,50.98809716831203,38.22898864746094,1497.1643308599766,1.497164330859977,47.12272277381811,0.0,0.0,9.999999999937472,5.253685290120783,50.98811640654782,Sector 1,584833.9072188068,6619188.519637475,46.49579177827663,44.635960107145564,1.0,0.9300072383290032
151,5.253718204981645,50.9881356447836,38.22898864746094,1507.1643308604623,1.5071643308604623,47.12272276922903,0.0,0.0,10.00000000048567,5.253751119842507,50.98815488300344,Sector 1,584841.235349908,6619195.323937187,46.49579177827663,44.635960107145564,1.0,0.9300072383290032
152,5.253784034703368,50.98817412122328,38.22898864746094,1517.1643308603147,1.5171643308603149,47.12272277443816,0.0,0.0,9.999999999852434,5.2538169495642295,50.988193359427164,Sector 1,584848.5634810092,6619202.1282369,46.483742913362335,44.62439319682784,1.0,0.9298439789926345
153,5.253849864425091,50.98821259763105,37.01327896118164,1527.1643308602522,1.5271643308602525,52.25444829956911,-0.1215709686286898,-6.931488984312303,9.999999999937472,5.253885221924162,50.98822982793658,Sector 1,584855.8916121105,6619208.932536611,46.44581883234304,44.58798607904932,1.0,0.9293301164550729
154,5.253920579423233,50.98824705824211,37.01327896118164,1537.119541812796,1.537119541812796,57.98905715360496,0.0,0.0,9.955210952543666,5.25395866561729,50.988262045511256,Sector 1,584863.7635696952,6619215.026673867,46.44581883234304,44.58798607904932,1.0,0.9293301164550729
155,5.253996751811346,50.9882770327804,37.01327896118164,1547.1195418124664,1.5471195418124664,57.98905712120302,0.0,0.0,9.999999999670536,5.254034838005404,50.988292020039886,Sector 1,584872.2430411525,6619220.327481708,46.496224361621906,44.63637538715703,1.0,0.9300130997334073
156,5.254072924199461,50.98830700729937,36.906864166259766,1557.1195418127293,1.5571195418127293,57.9890571429201,-0.0106414794919077,-0.6096888494138303,10.000000000262844,5.254111010393517,50.98832199454916,Sector 1,584880.7225126098,6619225.628289557,46.49547678029604,44.63565770908419,1.0,0.930002970179129
157,5.254149096587574,50.98833698179895,36.906864166259766,1567.1195418123998,1.5671195418123998,57.989057143586194,0.0,0.0,9.999999999670536,5.2541871827816315,50.98835196903907,Sector 1,584889.2019840671,6619230.9290974,46.49547678029604,44.63565770908419,1.0,0.930002970179129
158,5.25422526897569,50.98836695627919,36.906864166259766,1577.1195418126626,1.577119541812663,57.98905713525153,0.0,0.0,10.000000000262844,5.254263355169747,50.98838194350963,Sector 1,584897.6814555246,6619236.229905243,46.49547678029604,44.63565770908419,1.0,0.930002970179129
159,5.254301441363804,50.98839693074007,36.906864166259766,1587.119541812432,1.5871195418124318,57.98902793184749,0.0,0.0,9.999999999769443,5.254339527545726,50.98841191797305,Sector 1,584906.1609269821,6619241.530713088,46.49547678029604,44.63565770908419,1.0,0.930002970179129
160,5.254377613727647,50.988426905206026,43.276973724365234,1597.1195418122995,1.5971195418122994,57.98895421067039,0.6370109558189765,32.49758295957825,9.999999999867441,5.254415699878937,50.98844189246018,Sector 1,584914.6403957376,6619246.831525253,46.49656235459857,44.63669986041462,1.0,0.9300176794601667
161,5.2544537860302265,50.988456879714334,43.276973724365234,1607.119541812733,1.6071195418127329,57.98895421891592,0.0,0.0,10.000000000433374,5.254491872181516,50.988471866958804,Sector 1,584923.1198576732,6619252.132348331,46.492308316559075,44.63261598389671,1.0,0.9299600382273905
162,5.254529958332805,50.98848685420327,36.64373397827149,1617.1195418125735,1.6171195418125737,57.98895421076924,-0.6633239746199325,-33.55727063162514,9.999999999840611,5.2545680444840945,50.988501841438065,Sector 1,584931.5993196089,6619257.433171405,46.492308316559075,44.63261598389671,1.0,0.9299600382273905
163,5.254606130635384,50.98851682867286,36.64373397827149,1627.1195418125133,1.6271195418125133,57.98895421929103,0.0,0.0,9.999999999939746,5.254644216786675,50.98853181589797,Sector 1,584940.0787815445,6619262.733994483,46.492308316559075,44.63261598389671,1.0,0.9299600382273905
164,5.254682302937964,50.98854680312308,36.64373397827149,1637.119541812354,1.637119541812354,57.98895422181352,0.0,0.0,9.999999999840838,5.254720389089254,50.988561790338515,Sector 1,584948.5582434803,6619268.034817558,46.49599179345687,44.63615212171859,1.0,0.9300099484884929
165,5.254758475240543,50.98857677755395,36.64373397827149,1647.1195418127877,1.6471195418127875,57.74450271273179,0.0,0.0,10.000000000433602,5.254796456175583,50.98859186560233,Sector 1,584957.0377054159,6619273.335640634,46.49599179345687,44.63615212171859,1.0,0.9300099484884929
166,5.254834437110624,50.98860695365072,36.64373397827149,1657.1186759390546,1.6571186759390546,55.419116514455766,0.0,0.0,9.999134126266881,5.254871417430081,50.98862300071078,Sector 1,584965.493742113,6619278.672130738,46.49599179345687,44.63615212171859,1.0,0.9300099484884929
167,5.254908397749539,50.988639047770846,39.3016471862793,1667.1186759393108,1.6671186759393108,55.41911652192295,0.2657913207939703,14.884583059146662,10.00000000025625,5.254945378068997,50.98865509481981,Sector 1,584973.7270027758,6619284.347817383,46.49599179345687,44.63615212171859,1.0,0.9300099484884929
168,5.254982358388454,50.98867114186878,39.3016471862793,1677.118675939567,1.677118675939567,55.419116526453365,0.0,0.0,10.00000000025625,5.255019338707911,50.98868718890664,Sector 1,584981.9602634386,6619290.023504023,46.478279871852926,44.61914867697881,1.0,0.929769956042114
169,5.255056319027369,50.988703235944506,39.3016471862793,1687.118675939199,1.687118675939199,55.419116515356,0.0,0.0,9.999999999631882,5.255093299346826,50.98871928297129,Sector 1,584990.1935241013,6619295.699190666,46.478279871852926,44.61914867697881,1.0,0.929769956042114
170,5.255130279666283,50.98873532999807,39.3016471862793,1697.1186759394552,1.6971186759394552,55.41911652843089,0.0,0.0,10.00000000025625,5.255167259985741,50.98875137701374,Sector 1,584998.4267847639,6619301.374877309,46.49545011846215,44.635632113723666,1.0,0.9300026089174385
171,5.255204240305198,50.98876742402941,38.20918655395508,1707.118675939183,1.707118675939183,55.419116512035714,-0.1092460632353951,-6.23461404478873,9.999999999727834,5.255241220624656,50.988783471034,Sector 1,585006.6600454267,6619307.05056395,46.48291975021775,44.623602960209034,1.0,0.9298328253221715
172,5.2552782009441135,50.98879951803858,38.20918655395508,1717.1186759394393,1.7171186759394392,55.4191165274849,0.0,0.0,10.00000000025625,5.255315181263571,50.98881556503207,Sector 1,585014.8933060896,6619312.726250594,46.48291975021775,44.623602960209034,1.0,0.9298328253221715
173,5.255352161583028,50.98883161202556,38.20918655395508,1727.1186759391671,1.7271186759391672,55.41911651848278,0.0,0.0,9.999999999727834,5.255389141902485,50.988847659007945,Sector 1,585023.1265667523,6619318.401937234,46.49767903124214,44.637771869992456,1.0,0.9300328101707411
174,5.255426122221942,50.98886370599033,38.20918655395508,1737.1186759393277,1.7371186759393276,55.41911651859647,0.0,0.0,10.000000000160526,5.2554631025414,50.98887975296163,Sector 1,585031.3598274149,6619324.077623877,46.49767903124214,44.637771869992456,1.0,0.9300328101707411
175,5.255500082860857,50.988895799932926,38.20918655395508,1747.1186759390555,1.7471186759390556,55.41911651283215,0.0,0.0,9.999999999727834,5.255537063180315,50.98891184689313,Sector 1,585039.5930880776,6619329.753310519,46.49780074014897,44.63788871054301,1.0,0.9300344592983145
176,5.255574043499772,50.98892789385333,38.20918655395508,1757.1186759393115,1.7571186759393118,55.41911651768567,0.0,0.0,10.000000000256023,5.25561102381923,50.988943940802436,Sector 1,585047.8263487405,6619335.428997161,46.49780074014897,44.63788871054301,1.0,0.9300344592983145
177,5.255648004138688,50.98895998775154,38.20918655395508,1767.118675939568,1.767118675939568,54.20126860050351,0.0,0.0,10.000000000256478,5.255684427052499,50.98897652252879,Sector 1,585056.0596094034,6619341.104683804,46.49780074014897,44.63788871054301,1.0,0.9300344592983145
178,5.255720849966308,50.98899305730603,40.535301208496094,1777.1166907316062,1.7771166907316065,53.13097738468525,0.2326576528365789,13.097302093272685,9.998014792038248,5.255756783002375,50.98901002081027,Sector 1,585064.1687698404,6619346.95291574,46.49780074014897,44.63788871054301,1.0,0.9300344592983145
179,5.2557927160384414,50.98902698431451,40.535301208496094,1787.116690731451,1.7871166907314509,53.13097736896253,0.0,0.0,9.999999999844704,5.255828649074507,50.989043947806366,Sector 1,585072.1688643956,6619352.952789664,46.496430064344445,44.63657286177067,1.0,0.9300158869577815
180,5.255864582110574,50.98906091129821,36.945838928222656,1797.1166907317613,1.7971166907317613,53.130977374479016,-0.3589462280162033,-19.74540879693306,10.000000000310365,5.2559005151466405,50.98907787477765,Sector 1,585080.1689589507,6619358.952663591,46.496430064344445,44.63657286177067,1.0,0.9300158869577815
181,5.255936448182707,50.989094838257095,36.945838928222656,1807.116690731606,1.807116690731606,53.1309773874309,0.0,0.0,9.999999999844704,5.255972381218774,50.989111801724135,Sector 1,585088.1690535059,6619364.952537515,46.49775260202312,44.637842497942195,1.0,0.9300338070378289
182,5.25600831425484,50.989128765191175,39.30196380615234,1817.1166907314507,1.8171166907314509,53.13097737687968,0.2356124877966277,13.257803034918531,9.999999999844704,5.256044247290907,50.98914572864582,Sector 1,585096.1691480611,6619370.952411438,46.49436534663168,44.63459073276641,1.0,0.929987910509712
183,5.256080180326973,50.989162692100464,39.30196380615234,1827.116690731761,1.827116690731761,53.13097737755919,0.0,0.0,10.000000000310365,5.25611611336304,50.989179655542706,Sector 1,585104.1692426162,6619376.952285362,46.49436534663168,44.63459073276641,1.0,0.929987910509712
184,5.256152046399107,50.98919661898495,39.30196380615234,1837.1166907316056,1.8371166907316057,53.13097738673093,0.0,0.0,9.999999999844476,5.256187979435173,50.98921358241479,Sector 1,585112.1693371715,6619382.9521592865,46.49436534663168,44.63459073276641,1.0,0.929987910509712
185,5.256223912471238,50.98923054584464,39.30196380615234,1847.1166907313573,1.8471166907313572,56.54867256529178,0.0,0.0,9.999999999751708,5.2562612539583835,50.989246074884655,Sector 1,585120.1694317263,6619388.952033212,46.49436534663168,44.63459073276641,1.0,0.929987910509712
186,5.2562985954455295,50.98926160392467,39.30196380615234,1857.0808833935664,1.8570808833935664,63.42950107133271,0.0,0.0,9.964192662209143,5.256338767427215,50.989274250358505,Sector 1,585128.4831023954,6619394.44457501,46.49775904440438,44.6378486826282,1.0,0.9300338943306068
187,5.256378939408901,50.989286896792336,39.30196380615234,1867.08088339338,1.86708088339338,63.42950107908098,0.0,0.0,9.999999999813554,5.256419111390587,50.989299543219275,Sector 1,585137.4269514862,6619398.917556504,46.49775904440438,44.6378486826282,1.0,0.9300338943306068
188,5.256459283372273,50.98931218964622,38.37123107910156,1877.0808833936096,1.8770808833936097,63.42950107151228,-0.0930732727029386,-5.317386827900119,10.000000000229647,5.256499455353959,50.989324836066274,Sector 1,585146.3708005771,6619403.390537997,46.48699239021439,44.62751269460581,1.0,0.929888008653369
189,5.256539627335644,50.98933748248632,39.9840202331543,1887.080883393423,1.887080883393423,63.42950107592912,0.1612789154082841,9.161710033319798,9.999999999813326,5.256579799317329,50.98935012889948,Sector 1,585155.3146496679,6619407.863519493,46.48699239021439,44.62751269460581,1.0,0.929888008653369
190,5.256619971299015,50.98936277531264,39.9840202331543,1897.0808833936528,1.8970808833936528,63.429501077692805,0.0,0.0,10.000000000229875,5.256660143280701,50.989375421718904,Sector 1,585164.2584987588,6619412.336500986,46.49479504828114,44.635003246349896,1.0,0.9299937328678034
191,5.256700315262387,50.98938806812517,39.9840202331543,1907.080883393466,1.907080883393466,55.80306676698871,0.0,0.0,9.999999999813099,5.256737087189924,50.98940379671609,Sector 1,585173.2023478496,6619416.809482478,46.49479504828114,44.635003246349896,1.0,0.9299937328678034
192,5.25677385911746,50.989419525307,39.9840202331543,1916.9790289888765,1.916979028988876,47.01977939119854,0.0,0.0,9.898145595410597,5.2568067190143655,50.98943880018896,Sector 1,585181.3892123472,6619422.372623311,46.49479504828114,44.635003246349896,1.0,0.9299937328678034
193,5.25683957891127,50.989458075070914,40.234134674072266,1926.9790289889943,1.9269790289889943,47.019779389300766,0.0250114440915017,1.4327514725652983,10.00000000011778,5.256872438808175,50.98947734993686,Sector 1,585188.7051063293,6619429.190078499,46.49479504828114,44.635003246349896,1.0,0.9299937328678034
194,5.256905298705081,50.98949662480281,40.234134674072266,1936.9790289891123,1.936979028989112,47.01977939281676,0.0,0.0,10.000000000118007,5.2569381586019865,50.98951589965275,Sector 1,585196.0210003112,6619436.007533687,46.49761599720841,44.63771135732007,1.0,0.9300319560741446
195,5.256971018498891,50.98953517450269,40.234134674072266,1946.9790289892303,1.9469790289892304,47.01977938018115,0.0,0.0,10.000000000118007,5.257003878395798,50.98955444933662,Sector 1,585203.3368942933,6619442.824988873,46.49761599720841,44.63771135732007,1.0,0.9300319560741446
196,5.257036738292705,50.98957372417056,40.234134674072266,1956.9790289887983,1.9569790289887985,47.01977939210434,0.0,0.0,9.99999999956799,5.257069598189609,50.989592998988485,Sector 1,585210.6527882756,6619449.642444065,46.49754665794081,44.637644791623174,1.0,0.9300310165430854
197,5.257102458086515,50.98961227380641,37.54409790039063,1966.9790289889163,1.9669790289889169,47.01977938822171,-0.2690036773649896,-15.056355454084873,10.000000000118007,5.257135317983421,50.989631548608315,Sector 1,585217.9686822577,6619456.459899251,46.496557542715514,44.63669524100689,1.0,0.9300176142602627
198,5.257168177880327,50.98965082341023,37.54409790039063,1976.9790289890343,1.9769790289890343,51.72945120752064,0.0,0.0,10.000000000118007,5.257203432855116,50.98966833076018,Sector 1,585225.28457624,6619463.277354439,46.494290533441315,44.63451891210366,1.0,0.9299868968082639
199,5.257238687829904,50.98968583811013,37.54409790039063,1986.9767111313447,1.9869767111313448,52.05243119790475,0.0,0.0,9.997682142310396,5.2572741072386435,50.989703224103735,Sector 1,585233.1337079227,6619469.469670649,46.494290533441315,44.63451891210366,1.0,0.9299868968082639
200,5.257309526647382,50.98972061009735,37.54409790039063,1996.976711131207,1.996976711131207,52.05243120389139,0.0,0.0,9.999999999862212,5.25734494605612,50.98973799607793,Sector 1,585241.0194490127,6619475.619067977,46.494290533441315,44.63451891210366,1.0,0.9299868968082639
201,5.257380365464859,50.989755382058505,38.83004760742188,2006.9767111309773,2.006976711130977,52.05243121336037,0.1285949707060781,7.327733586209215,9.999999999770353,5.257415784873597,50.98977276802606,Sector 1,585248.9051901026,6619481.768465301,46.49327286661781,44.63354195195309,1.0,0.9299731076578805
202,5.2574512042823365,50.9897901539936,38.83004760742188,2016.976711131412,2.016976711131412,52.05243120219177,0.0,0.0,10.000000000434738,5.257486623691076,50.98980753994813,Sector 1,585256.7909311926,6619487.917862623,46.49327286661781,44.63354195195309,1.0,0.9299731076578805
203,5.257522043099814,50.98982492590266,38.83004760742188,2026.9767111311824,2.0269767111311827,52.05243119865264,0.0,0.0,9.999999999770353,5.257557462508553,50.989842311844164,Sector 1,585264.6766722826,6619494.067259949,46.49327286661781,44.63354195195309,1.0,0.9299731076578805
204,5.257592881917292,50.98985969778567,38.83004760742188,2036.9767111310448,2.036976711131045,52.05243120020168,0.0,0.0,9.999999999862439,5.257628301326031,50.98987708371415,Sector 1,585272.5624133726,6619500.2166572735,46.49327286661781,44.63354195195309,1.0,0.9299731076578805
205,5.25766372073477,50.98989446964263,38.083194732666016,2046.976711131388,2.046976711131388,52.052431199526495,-0.0746852874730234,-4.271222069943849,10.000000000343107,5.257699140143508,50.989911855558084,Sector 1,585280.4481544626,6619506.3660546,46.49649617392379,44.63663632696684,1.0,0.9300167827273107
206,5.257734559552247,50.98992924147354,38.083194732666016,2056.97671113125,2.05697671113125,52.05243120331579,0.0,0.0,9.999999999861984,5.257769978960987,50.98994662737597,Sector 1,585288.3338955527,6619512.515451925,46.49649617392379,44.63663632696684,1.0,0.9300167827273107
207,5.257805398369725,50.9899640132784,38.083194732666016,2066.976711131112,2.066976711131112,51.14499256855163,0.0,0.0,9.999999999862212,5.257840346211671,50.989981735017494,Sector 1,585296.2196366427,6619518.664849251,46.49737912814032,44.6374839630147,1.0,0.9300287465529873
208,5.257875294053616,50.989999456756586,38.083194732666016,2076.9682213323576,2.0769682213323577,45.005753085290735,0.0,0.0,9.991510201245546,5.257907057497642,50.990019446407274,Sector 1,585304.0003885821,6619524.933036815,46.49737912814032,44.6374839630147,1.0,0.9300287465529873
209,5.257938820941666,50.99003943605796,38.083194732666016,2086.9682213323263,2.0869682213323264,45.00575308034541,0.0,0.0,9.999999999968622,5.257970584385691,50.99005942569144,Sector 1,585311.0721694115,6619532.003391537,46.49399195300302,44.6342322748829,1.0,0.9299828511122952
210,5.258002347829716,50.990079415324914,38.083194732666016,2096.968221332377,2.0969682213323773,45.00575308572712,0.0,0.0,10.000000000050932,5.258034111273741,50.99009940494116,Sector 1,585318.1439502409,6619539.07374626,46.49399195300302,44.6342322748829,1.0,0.9299828511122952
211,5.258065874717765,50.99011939455742,38.083194732666016,2106.968221332346,2.106968221332346,45.00575308343406,0.0,0.0,9.999999999968622,5.258097638161791,50.99013938415645,Sector 1,585325.2157310703,6619546.144100982,46.48620615533493,44.62675790912154,1.0,0.9298773553523683
212,5.258129401605816,50.99015937375549,36.40880584716797,2116.9682213323968,2.116968221332397,35.94529699436322,-0.1674388885489519,-9.505366052167435,10.000000000050932,5.258155427412307,50.9901819670078,Sector 2,585332.2875118997,6619553.214455705,46.48620615533493,44.62675790912154,1.0,0.9298773553523683
213,5.258181453218798,50.9902045602601,36.40880584716797,2126.839144807416,2.126839144807416,26.57167449805513,0.0,0.0,9.870923475019026,5.258201544814067,50.990229846360734,Sector 2,585338.0818709519,6619561.20573429,46.49079328411942,44.63116155275464,1.0,0.929939509887797
214,5.2582216364093375,50.99025513246137,36.8926010131836,2136.839144807444,2.136839144807444,26.571674501668724,0.0483795166014283,2.769782499618299,10.000000000028194,5.258241728004607,50.990280418534454,Sector 2,585342.5550432611,6619570.14948795,46.49079328411942,44.63116155275464,1.0,0.929939509887797
215,5.258261819599876,50.990305704607536,36.8926010131836,2146.839144807472,2.146839144807472,19.049807553432345,0.0,0.0,10.000000000028194,5.258276159799937,50.990331845493095,Sector 2,585347.0282155703,6619579.093241607,46.49079328411942,44.63116155275464,1.0,0.929939509887797
216,5.258290499999999,50.990357986378655,36.8926010131836,2156.620957894449,2.1566209578944484,0.0,0.0,0.0,9.781813086976854,5.258290499999999,50.9903862586415,Sector 2,585350.2209031079,6619588.339355036,46.48708188007189,44.627598604869014,1.0,0.9298892212202665
217,5.258290499999999,50.990414530904346,36.8926010131836,2166.620957894449,2.1666209578944486,353.5022949773701,0.0,0.0,10.0,5.258285434849872,50.990442523844756,Sector 2,585350.2209031079,6619598.339355037,46.48708188007189,44.627598604869014,1.0,0.9298892212202665
218,5.2582803696997455,50.990470516785166,35.45833969116211,2176.586185379354,2.176586185379354,349.9874631882629,-0.1439266011933992,-8.190143282649226,9.965227484904972,5.258272560475996,50.99049835838615,Sector 2,585349.0932032419,6619608.2405697,46.48708188007189,44.627598604869014,1.0,0.9298892212202665
219,5.258264751252246,50.99052619998714,35.45833969116211,2186.586185379124,2.186586185379124,349.9874631877641,0.0,0.0,9.999999999769898,5.258256942028496,50.99055404155472,Sector 2,585347.3545656194,6619618.088266852,46.483855066632664,44.624500863967356,1.0,0.9298454986435407
220,5.258249132804747,50.990581883122296,35.45833969116211,2196.5861853788733,2.196586185378873,354.53890058797657,0.0,0.0,9.999999999749434,5.258244973359158,50.99060926854669,Sector 2,585345.6159279968,6619627.935964006,46.493608084363856,44.6338637609893,1.0,0.929977649780906
221,5.258240813913568,50.99063665397109,35.45833969116211,2206.31672054238,2.20631672054238,32.471246839815535,0.0,0.0,9.73053516350683,5.258264928135054,50.99066050603007,Sector 2,585344.6898732668,6619637.622332633,46.493608084363856,44.6338637609893,1.0,0.929977649780906
222,5.258289042356538,50.99068435808905,35.45833969116211,2216.316720542228,2.216316720542227,32.471246836309035,0.0,0.0,9.99999999984766,5.258313156578023,50.99070821012351,Sector 2,585350.05863898,6619646.058940644,46.49104062952541,44.63139900434439,1.0,0.9299428613609129
223,5.258337270799508,50.99073206215797,34.84105682373047,2226.316720542075,2.226316720542075,32.47124684665408,-0.0617282867441044,-3.532288401306234,9.999999999847205,5.258361385020994,50.99075591416791,Sector 2,585355.4274046932,6619654.495548654,46.49104062952541,44.63139900434439,1.0,0.9299428613609129
224,5.258385499242478,50.99077976617786,34.84105682373047,2236.31672054186,2.23631672054186,32.47124683927808,0.0,0.0,9.999999999784905,5.258409613463963,50.99080361816329,Sector 2,585360.7961704064,6619662.932156664,46.49104062952541,44.63139900434439,1.0,0.9299428613609129
225,5.258433727685448,50.99082747014872,34.84105682373047,2246.316720541708,2.2463167205417074,32.47124683968826,0.0,0.0,9.999999999848114,5.258457841906933,50.990851322109634,Sector 2,585366.1649361195,6619671.368764674,46.49104062952541,44.63139900434439,1.0,0.9299428613609129
226,5.258481956128418,50.99087517407055,34.38785171508789,2256.3167205423406,2.2563167205423404,45.9087988397041,-0.0453205108613889,-2.5948983737142477,10.000000000632554,5.258513960685793,50.99089468998942,Sector 2,585371.5337018326,6619679.805372684,46.49648759200116,44.63662808832111,1.0,0.9300166664442415
227,5.258545965243169,50.99091420590829,34.38785171508789,2266.2375365998846,2.266237536599885,49.773828981968336,0.0,0.0,9.920816057544016,5.25858025849307,50.990932464094485,Sector 2,585378.6591638929,6619686.708298272,46.49443518845418,44.634657780916015,1.0,0.9299888568502737
228,5.258614551742971,50.99095072228069,34.38785171508789,2276.237536599313,2.276237536599313,49.77382898465919,0.0,0.0,9.999999999428383,5.258648844992873,50.99096898045252,Sector 2,585386.2941781261,6619693.16635972,46.49443518845418,44.634657780916015,1.0,0.9299888568502737
229,5.258683138242775,50.99098723862435,34.328025817871094,2286.237536599432,2.286237536599432,51.123649465649976,-0.0059825897216086,-0.342773052205391,10.000000000119144,5.258718081402668,50.991004971113156,Sector 2,585393.9291923596,6619699.624421166,46.49443518845418,44.634657780916015,1.0,0.9299888568502737
230,5.258753024562561,50.99102270360196,34.328025817871094,2296.230707783165,2.296230707783165,54.44527697577507,0.0,0.0,9.993171183733011,5.258789566267965,50.99103914312178,Sector 2,585401.7089018916,6619705.896549187,46.49443518845418,44.634657780916015,1.0,0.9299888568502737
231,5.258826107973369,50.99105558264159,34.328025817871094,2306.230707783006,2.3062307077830058,54.44527697536347,0.0,0.0,9.999999999840838,5.258862649678774,50.99107202214975,Sector 2,585409.8445099681,6619711.711347656,46.496874573017884,44.63699959009717,1.0,0.9300219099476277
232,5.258899191384177,50.99108846165792,34.328025817871094,2316.2307077833884,2.3162307077833884,54.44527697931585,0.0,0.0,10.000000000382443,5.258935733089581,50.99110490115443,Sector 2,585417.9801180448,6619717.526146123,46.496874573017884,44.63699959009717,1.0,0.9300219099476277
233,5.258972274794984,50.99112134065095,34.328025817871094,2326.2307077831347,2.3262307077831346,58.50545162199597,0.0,0.0,9.999999999746251,5.259010544839491,50.99113609906795,Sector 2,585426.1157261211,6619723.340944592,46.496874573017884,44.63699959009717,1.0,0.9300219099476277
234,5.2590488148839984,50.99115085748495,33.65077590942383,2336.2230875091896,2.3362230875091896,59.73761360042028,-0.0677766384999715,-3.87738544447774,9.992379726054878,5.259087609835202,50.99116510534273,Sector 2,585434.6361298555,6619728.561133552,46.497550845470414,44.637648811651594,1.0,0.9300310732831443
235,5.2591264047864055,50.9911793532005,33.65077590942383,2346.223087509424,2.3462230875094243,59.73761361482201,0.0,0.0,10.00000000023465,5.259165199737609,50.991193601049524,Sector 2,585443.2733982821,6619733.600736131,46.497550845470414,44.637648811651594,1.0,0.9300310732831443
236,5.259203994688812,50.99120784889855,33.65077590942383,2356.2230875091896,2.3562230875091896,59.737613601390194,0.0,0.0,9.99999999976535,5.259242789640015,50.991222096738824,Sector 2,585451.9106667087,6619738.640338706,46.497550845470414,44.637648811651594,1.0,0.9300310732831443
237,5.259281584591219,50.9912363445791,33.65077590942383,2366.223087509424,2.3662230875094243,59.08997744477728,0.0,0.0,10.00000000023465,5.259320111857953,50.991250863988576,Sector 2,585460.5479351353,6619743.679941284,46.49760848340542,44.637704144069204,1.0,0.9300318542638497
238,5.259358639124687,50.99126538339805,33.891204833984375,2376.220661029241,2.3762206610292416,56.630165368104656,0.0240487278322052,1.3776250692279577,9.997573519816797,5.259396149979317,50.99128093399365,Sector 2,585469.1256065645,6619748.815603766,46.49533194275152,44.63551866504146,1.0,0.9300010076638574
239,5.259433660833946,50.99129648458924,33.891204833984375,2386.220661029642,2.386220661029642,56.6301653797824,0.0,0.0,10.000000000401087,5.259471171688576,50.9913120351744,Sector 2,585477.4769850376,6619754.316010808,46.49533194275152,44.63551866504146,1.0,0.9300010076638574
240,5.259508682543205,50.99132758575957,33.891204833984375,2396.220661029628,2.396220661029628,56.63016537744852,0.0,0.0,9.999999999985903,5.259546193397835,50.99134313633432,Sector 2,585485.8283635108,6619759.816417843,46.496917662127366,44.63704095564227,1.0,0.9300224937951078
241,5.259583704252464,50.99135868690907,33.891204833984375,2406.2206610295166,2.4062206610295167,56.63016538403031,0.0,0.0,9.999999999888587,5.259621215107094,50.991374237473394,Sector 2,585494.1797419838,6619765.316824884,46.496917662127366,44.63704095564227,1.0,0.9300224937951078
242,5.259658725961724,50.99138978803772,33.891204833984375,2416.2206610295025,2.4162206610295023,56.63016537873409,0.0,0.0,9.999999999985903,5.259696236816353,50.991405338591626,Sector 2,585502.5311204571,6619770.817231924,46.49444596076419,44.63466812233362,1.0,0.9299890028125859
243,5.259733747670982,50.99142088914553,33.891204833984375,2426.220661029391,2.426220661029391,56.630165376691366,0.0,0.0,9.999999999888587,5.2597712585256104,50.99143643968902,Sector 2,585510.8824989302,6619776.317638962,46.49444596076419,44.63466812233362,1.0,0.9299890028125859
244,5.25980876938024,50.991451990232505,33.891204833984375,2436.22066102928,2.43622066102928,56.630165388668445,0.0,0.0,9.999999999889042,5.2598462802348696,50.99146754076557,Sector 2,585519.2338774032,6619781.818046002,46.49444596076419,44.63466812233362,1.0,0.9299890028125859
245,5.2598837910895,50.99148309129863,35.90103912353516,2446.2206610292656,2.4462206610292654,56.63016536992666,0.2009834289553614,11.364101375512444,9.999999999985448,5.2599213019441295,50.99149864182128,Sector 2,585527.5852558765,6619787.31845304,46.49444596076419,44.63466812233362,1.0,0.9299890028125859
246,5.259958812798759,50.99151419234392,35.90103912353516,2456.220661029666,2.456220661029666,56.63016537894134,0.0,0.0,10.000000000400632,5.259996323653389,50.991529742856144,Sector 2,585535.9366343496,6619792.818860081,46.495282127410256,44.63547084231384,1.0,0.9300003326774904
247,5.260033834508018,50.99154529336837,33.37540435791016,2466.220661029652,2.466220661029652,56.63016537960647,-0.252563476562856,-14.174396470551876,9.999999999985903,5.260071345362648,50.991560843870175,Sector 2,585544.2880128227,6619798.319267121,46.495282127410256,44.63547084231384,1.0,0.9300003326774904
248,5.260108856217277,50.991576394371975,33.37540435791016,2476.2206610295407,2.4762206610295405,56.63016537461357,0.0,0.0,9.999999999888587,5.260146367071907,50.99159194486336,Sector 2,585552.639391296,6619803.819674159,46.495282127410256,44.63547084231384,1.0,0.9300003326774904
249,5.260183877926536,50.99160749535474,35.45785903930664,2486.2206610294293,2.4862206610294293,56.63016538633201,0.2082454681419685,11.763463956422529,9.999999999888587,5.260221388781165,50.9916230458357,Sector 2,585560.9907697692,6619809.3200811995,46.496870223734774,44.63699541478538,1.0,0.9300218510158462
250,5.260258899635795,50.99163859631666,35.45785903930664,2496.220661029415,2.4962206610294158,56.63016538162617,0.0,0.0,9.999999999985903,5.260296410490424,50.9916541467872,Sector 2,585569.3421482422,6619814.820488239,46.496870223734774,44.63699541478538,1.0,0.9300218510158462
251,5.260333921345054,50.99166969725773,35.45785903930664,2506.220661029304,2.506220661029304,56.630165371541295,0.0,0.0,9.999999999889042,5.260371432199683,50.991685247717854,Sector 2,585577.6935267154,6619820.320895274,46.496870223734774,44.63699541478538,1.0,0.9300218510158462
252,5.260408943054313,50.99170079817798,35.45785903930664,2516.2206610292897,2.5162206610292897,56.63016537491831,0.0,0.0,9.999999999985448,5.260446453908942,50.99171634862768,Sector 2,585586.0449051886,6619825.821302316,46.496870223734774,44.63699541478538,1.0,0.9300218510158462
253,5.260483964763572,50.99173189907739,35.45785903930664,2526.2206610296903,2.5262206610296905,56.63016538312462,0.0,0.0,10.000000000400632,5.2605214756182015,50.991747449516666,Sector 2,585594.3962836617,6619831.321709356,46.480286257348226,44.62107480705429,1.0,0.9297971421021116
254,5.26055898647283,50.991762999955945,35.45785903930664,2536.220661029579,2.5362206610295788,56.63016538465507,0.0,0.0,9.999999999888587,5.260596497327461,50.991778550384794,Sector 2,585602.7476621347,6619836.822116396,46.480286257348226,44.62107480705429,1.0,0.9297971421021116
255,5.26063400818209,50.99179410081365,35.45785903930664,2546.220661029565,2.546220661029565,56.63016537941167,0.0,0.0,9.999999999985903,5.26067151903672,50.99180965123209,Sector 2,585611.099040608,6619842.322523433,46.45291670506336,44.594800036860825,1.0,0.9294262909908644
256,5.260709029891348,50.99182520165052,34.845699310302734,2556.2206610294534,2.5562206610294536,56.63016537528813,-0.0612159729010726,-3.5030454847425974,9.999999999888587,5.260746540745979,50.99184075205854,Sector 2,585619.4504190811,6619847.822930473,46.45291670506336,44.594800036860825,1.0,0.9294262909908644
257,5.260784051600608,50.991856302466566,34.845699310302734,2566.2206610294397,2.566220661029439,56.63016537543598,0.0,0.0,9.999999999986358,5.260821562455238,50.991871852864165,Sector 2,585627.8017975544,6619853.323337513,46.476523112069536,44.61746218758675,1.0,0.9297461523528507
258,5.260859073309867,50.99188740326176,34.845699310302734,2576.220661029328,2.576220661029328,56.630165378837376,0.0,0.0,9.999999999888132,5.260896584164495,50.99190295364893,Sector 2,585636.1531760275,6619858.823744552,46.49775170446637,44.63784163628771,1.0,0.9300337948761421
259,5.260934095019125,50.99191850403611,34.845699310302734,2586.2206610292164,2.5862206610292167,56.63016536934288,0.0,0.0,9.999999999888587,5.260971605873754,50.991934054412866,Sector 2,585644.5045545006,6619864.324151592,46.49775170446637,44.63784163628771,1.0,0.9300337948761421
260,5.261009116728385,50.991949604789625,40.5049934387207,2596.2206610297144,2.5962206610297143,56.630165391035575,0.5659294128136165,29.506797900482027,10.000000000497948,5.261046627583014,50.99196515515595,Sector 2,585652.8559329738,6619869.824558632,46.49001897040478,44.63041821158859,1.0,0.9299290181158257
261,5.261084138437644,50.99198070552228,40.5049934387207,2606.220661029603,2.606220661029603,56.63016536512072,0.0,0.0,9.999999999888587,5.261121649292273,50.9919962558782,Sector 2,585661.2073114469,6619875.32496567,46.49001897040478,44.63041821158859,1.0,0.9299290181158257
262,5.261159160146903,50.99201180623412,40.5049934387207,2616.220661029589,2.616220661029589,56.63016538710053,0.0,0.0,9.999999999985903,5.261196671001532,50.992027356579605,Sector 2,585669.55868992,6619880.825372712,46.49001897040478,44.63041821158859,1.0,0.9299290181158257
263,5.261234181856161,50.99204290692509,40.5049934387207,2626.220661029477,2.6262206610294774,56.63016538569701,0.0,0.0,9.999999999888132,5.261271692710791,50.99205845726017,Sector 2,585677.9100683931,6619886.325779747,46.49001897040478,44.63041821158859,1.0,0.9299290181158257
264,5.261309203565421,50.99207400759524,40.5049934387207,2636.220661029464,2.6362206610294634,56.63016537510697,0.0,0.0,9.999999999986812,5.26134671442005,50.9920895579199,Sector 2,585686.2614468664,6619891.826186789,46.495400295788876,44.63558428395732,1.0,0.9300019338317245
265,5.261384225274679,50.992105108244544,35.90541076660156,2646.220661029352,2.646220661029352,56.63016538122844,-0.4599582672170386,-24.70045668021731,9.999999999888132,5.261421736129309,50.992120658558775,Sector 2,585694.6128253394,6619897.326593827,46.495400295788876,44.63558428395732,1.0,0.9300019338317245
266,5.261459246983938,50.992136208873006,35.90541076660156,2656.2206610292405,2.6562206610292405,56.6301653717623,0.0,0.0,9.999999999888587,5.261496757838568,50.99215175917682,Sector 2,585702.9642038125,6619902.827000867,46.495400295788876,44.63558428395732,1.0,0.9300019338317245
267,5.261534268693198,50.99216730948063,32.84207534790039,2666.2206610297385,2.6662206610297385,56.63016538568775,-0.3063335418548633,-17.03158339245341,10.000000000497948,5.261571779547827,50.99218285977402,Sector 2,585711.3155822859,6619908.327407907,46.49582959611233,44.635996412267836,1.0,0.9300077507519413
268,5.261609290402457,50.9921984100674,32.84207534790039,2676.220661029627,2.6762206610296277,56.63016537595081,0.0,0.0,9.999999999888587,5.261646801257086,50.99221396035037,Sector 2,585719.666960759,6619913.827814946,46.45371632365052,44.5955676707045,1.0,0.929437125638013
269,5.261684312111717,50.992229510633344,32.84207534790039,2686.220661029613,2.686220661029613,56.63016537317691,0.0,0.0,9.999999999985903,5.261721822966345,50.992245060905894,Sector 2,585728.0183392323,6619919.328221984,46.45371632365052,44.5955676707045,1.0,0.929437125638013
270,5.261759333820975,50.992260611178445,32.84207534790039,2696.2206610295016,2.6962206610295016,56.630165379597656,0.0,0.0,9.999999999888587,5.2617968446756045,50.99227616144057,Sector 2,585736.3697177053,6619924.828629024,46.45371632365052,44.5955676707045,1.0,0.929437125638013
271,5.261834355530233,50.9922917117027,33.45094299316406,2706.22066102939,2.70622066102939,56.63016538360984,0.0608867645270455,3.4842532781185582,9.999999999888587,5.261871866384864,50.99230726195441,Sector 2,585744.7210961784,6619930.3290360635,46.45371632365052,44.5955676707045,1.0,0.929437125638013
272,5.261909377239493,50.99232281220611,33.45094299316406,2716.220661029376,2.716220661029376,56.63016537305225,0.0,0.0,9.999999999985903,5.261946888094123,50.9923383624474,Sector 2,585753.0724746516,6619935.829443102,46.46260011053683,44.60409610611536,1.0,0.9295574988982176
273,5.261984398948751,50.992353912688685,33.45094299316406,2726.2206610292646,2.7262206610292647,56.63016538217681,0.0,0.0,9.999999999888587,5.262021909803381,50.992369462919555,Sector 2,585761.4238531247,6619941.329850143,46.49539785634001,44.63558194208641,1.0,0.9300019007777558
274,5.2620594206580105,50.99238501315042,33.59381103515625,2736.2206610297626,2.736220661029763,56.63016537756852,0.0142868041985073,0.8185178963489543,10.000000000497948,5.26209693151264,50.99240056337086,Sector 2,585769.7752315978,6619946.830257181,46.49539785634001,44.63558194208641,1.0,0.9300019007777558
275,5.26213444236727,50.9924161135913,33.59381103515625,2746.220661029651,2.746220661029651,56.63016536999362,0.0,0.0,9.999999999888587,5.262171953221899,50.99243166380133,Sector 2,585778.126610071,6619952.330664218,46.49706492629466,44.637182329242876,1.0,0.9300244891905574
276,5.262209464076529,50.99244721401136,33.59381103515625,2756.22066102954,2.75622066102954,56.63016538182205,0.0,0.0,9.999999999889042,5.262246974931158,50.992462764210956,Sector 2,585786.4779885442,6619957.8310712585,46.4977116860839,44.63780321864054,1.0,0.9300332526363038
277,5.262284485785788,50.99247831441056,33.59381103515625,2766.2206610295257,2.766220661029525,56.630165382330176,0.0,0.0,9.999999999985448,5.262321996640416,50.992493864599744,Sector 2,585794.8293670174,6619963.331478299,46.4977116860839,44.63780321864054,1.0,0.9300332526363038
278,5.262359507495046,50.99250941478893,33.59381103515625,2776.2206610294143,2.7762206610294142,56.70166782625273,0.0,0.0,9.999999999888587,5.262397049082345,50.99252493546253,Sector 2,585803.1807454904,6619968.831885338,46.4977116860839,44.63780321864054,1.0,0.9300332526363038
279,5.2624345906696455,50.992540456136126,34.290164947509766,2786.220642536006,2.786220642536006,56.87148036682356,0.0696355200151621,3.983391077685682,9.999981506591666,5.262472205244471,50.99255590672709,Sector 2,585811.538966254,6619974.321855811,46.49770757102262,44.637799268181716,1.0,0.9300331968781741
280,5.262509819819296,50.99257135731806,34.290164947509766,2796.220642536381,2.7962206425363814,56.87148037423219,0.0,0.0,10.000000000375167,5.26254743439412,50.992586807898746,Sector 2,585819.9134368859,6619979.787040314,46.49770757102262,44.637799268181716,1.0,0.9300331968781741
281,5.262585048968945,50.99260225847942,34.290164947509766,2806.2206425362483,2.8062206425362484,56.87148036655907,0.0,0.0,9.999999999867214,5.26262266354377,50.99261770904981,Sector 2,585828.2879075176,6619985.252224816,46.49770757102262,44.637799268181716,1.0,0.9300331968781741
282,5.262660278118595,50.992633159620205,33.689640045166016,2816.220642536115,2.816220642536115,56.87148036857758,-0.0600524902351751,-3.4366270339338656,9.999999999866759,5.26269789269342,50.99264861018031,Sector 2,585836.6623781495,6619990.717409318,46.49759575050559,44.637691920485366,1.0,0.9300316817359982
283,5.2627355072682445,50.99266406074042,33.14347839355469,2826.220642535982,2.826220642535982,56.87148038222784,-0.0546161651618605,-3.126169848407344,9.999999999866759,5.262773121843069,50.99267951129023,Sector 2,585845.0368487813,6619996.182593821,46.497514872361954,44.63761427746748,1.0,0.9300305858558342
284,5.262810736417894,50.99269496184004,33.14347839355469,2836.2206425358486,2.8362206425358485,56.87148036619237,0.0,0.0,9.999999999866759,5.262848350992719,50.992710412379566,Sector 2,585853.4113194131,6620001.64777832,46.497514872361954,44.63761427746748,1.0,0.9300305858558342
285,5.262885965567545,50.99272586291909,33.14347839355469,2846.220642536322,2.846220642536322,56.87148037417535,0.0,0.0,10.000000000473392,5.26292358014237,50.992741313448334,Sector 2,585861.7857900449,6620007.112962821,46.49673772060622,44.636868211781966,1.0,0.9300200556290616
286,5.262961194717195,50.992756763977575,33.14347839355469,2856.2206425361887,2.8562206425361887,56.87148037136603,0.0,0.0,9.999999999866759,5.26299880929202,50.99277221449653,Sector 2,585870.1602606769,6620012.578147323,46.49780190549743,44.63788982927753,1.0,0.930034475088517
287,5.263036423866845,50.99278766501549,33.14347839355469,2866.2206425360555,2.866220642536056,56.87148037340455,0.0,0.0,9.999999999866759,5.263074038441671,50.992803115524154,Sector 2,585878.5347313088,6620018.043331825,46.49738320569055,44.637487877462924,1.0,0.9300288018028511
288,5.263111653016495,50.99281856603282,33.14347839355469,2876.2206425359223,2.8762206425359222,56.87148036845849,0.0,0.0,9.999999999866759,5.26314926759132,50.99283401653119,Sector 2,585886.9092019406,6620023.508516326,46.49738320569055,44.637487877462924,1.0,0.9300288018028511
289,5.263186882166145,50.99284946702957,33.14347839355469,2886.220642536298,2.8862206425362977,56.87148037050497,0.0,0.0,10.000000000375621,5.263224496740969,50.992864917517664,Sector 2,585895.2836725725,6620028.973700828,46.49738320569055,44.637487877462924,1.0,0.9300288018028511
290,5.263262111315794,50.99288036800576,33.06362533569336,2896.2206425361646,2.8962206425361647,56.87148037068789,-0.0079853057862392,-0.4575145953489812,9.999999999866759,5.263299725890619,50.99289581848356,Sector 2,585903.6581432042,6620034.43888533,46.4978035777768,44.637891434665725,1.0,0.9300344977475161
291,5.263337340465443,50.99291126896136,33.06362533569336,2906.2206425360314,2.9062206425360317,56.87148037329672,0.0,0.0,9.999999999866759,5.263374955040268,50.99292671942887,Sector 2,585912.032613836,6620039.904069832,46.497540207687585,44.63763859938008,1.0,0.9300309291436442
292,5.2634125696150935,50.99294216989639,32.57688522338867,2916.220642535898,2.9162206425358983,56.871480368089465,-0.0486740112311172,-2.7866161581809576,9.999999999866759,5.263450184189919,50.99295762035362,Sector 2,585920.4070844678,6620045.369254334,46.497540207687585,44.63763859938008,1.0,0.9300309291436442
293,5.263487798764744,50.99297307081085,33.65361022949219,2926.2206425363715,2.9262206425363715,56.87148036828438,0.1076725006052544,6.145503805612739,10.000000000473392,5.263525413339569,50.992988521257786,Sector 2,585928.7815550996,6620050.834438836,46.497540207687585,44.63763859938008,1.0,0.9300309291436442
294,5.263563027914395,50.99300397170473,33.65361022949219,2936.2206425362383,2.9362206425362385,56.87148038087008,0.0,0.0,9.999999999866759,5.263600642489219,50.99301942214139,Sector 2,585937.1560257317,6620056.299623338,46.4975907537779,44.63768712362678,1.0,0.9300316140314921
295,5.263638257064044,50.99303487257804,33.65361022949219,2946.220642536105,2.946220642536105,56.87148038135018,0.0,0.0,9.999999999866759,5.263675871638869,50.9930503230044,Sector 2,585945.5304963634,6620061.764807839,46.4975907537779,44.63768712362678,1.0,0.9300316140314921
296,5.263713486213694,50.99306577343075,33.65361022949219,2956.220642535972,2.956220642535972,56.87148035913288,0.0,0.0,9.999999999866759,5.263751100788519,50.993081223846836,Sector 2,585953.9049669954,6620067.229992337,46.4975907537779,44.63768712362678,1.0,0.9300316140314921
297,5.263788715363344,50.99309667426292,33.65361022949219,2966.2206425363474,2.9662206425363475,56.87148037823738,0.0,0.0,10.000000000375621,5.263826329938168,50.99311212466871,Sector 2,585962.2794376271,6620072.695176842,46.4975907537779,44.63768712362678,1.0,0.9300316140314921
298,5.263863944512993,50.993127575074496,33.65361022949219,2976.220642536214,2.976220642536214,56.87148036737875,0.0,0.0,9.999999999866759,5.263901559087818,50.993143025470005,Sector 2,585970.6539082589,6620078.160361343,46.489236635147876,44.62966716974196,1.0,0.9299184176538098
299,5.263939173662643,50.99315847586551,33.65361022949219,2986.220642536081,2.986220642536081,56.87148037811687,0.0,0.0,9.999999999866759,5.263976788237468,50.99317392625072,Sector 2,585979.0283788907,6620083.625545846,46.489236635147876,44.62966716974196,1.0,0.9299184176538098
300,5.264014402812292,50.99318937663593,33.65361022949219,2996.220642535948,2.996220642535948,56.87148036809776,0.0,0.0,9.999999999867214,5.264052017387119,50.99320482701087,Sector 2,585987.4028495225,6620089.090730346,46.49745526745042,44.6375570567524,1.0,0.9300297782230513
301,5.264089631961944,50.9932202773858,32.688716888427734,3006.220642536421,3.0062206425364213,56.87148036963788,-0.0964893341018775,-5.511369900639067,10.000000000472937,5.264127246536769,50.99323572775044,Sector 2,585995.7773201546,6620094.555914851,46.49497667306074,44.635177606138306,1.0,0.9299961938416126
302,5.264164861111594,50.993251178115074,32.688716888427734,3016.220642536288,3.016220642536288,51.55042127200295,0.0,0.0,9.999999999866759,5.264199507740209,50.993268492853105,Sector 2,586004.1517907863,6620100.021099351,46.49497667306074,44.635177606138306,1.0,0.9299961938416126
303,5.2642341543688245,50.99328580759114,32.688716888427734,3026.070136649442,3.026070136649442,33.0156208107947,0.0,0.0,9.849494113153924,5.264258627528909,50.99330951300864,Sector 2,586011.8654808966,6620106.145764169,46.49497667306074,44.635177606138306,1.0,0.9299961938416126
304,5.264283100688993,50.99333321842613,32.688716888427734,3036.070136649412,3.0360701366494123,33.01562081737586,0.0,0.0,9.999999999969987,5.264307573849078,50.993356923819405,Sector 2,586017.3141603341,6620114.530982856,46.49497667306074,44.635177606138306,1.0,0.9299961938416126
305,5.264332047009163,50.99338062921268,36.06420516967773,3046.0701366494463,3.0460701366494463,33.01562081300449,0.3375488281238487,18.652050279619758,10.00000000003456,5.2643565201692475,50.99340433458174,Sector 2,586022.7628397716,6620122.916201538,46.49497667306074,44.635177606138306,1.0,0.9299961938416126
306,5.264380993329333,50.99342803995079,36.06420516967773,3056.0701366494804,3.05607013664948,33.01562081917922,0.0,0.0,10.000000000034106,5.264405466489418,50.99345174529563,Sector 2,586028.2115192091,6620131.301420225,46.49497667306074,44.635177606138306,1.0,0.9299961938416126
307,5.264429939649503,50.99347545064047,31.897441864013672,3066.0701366487338,3.066070136648734,33.01562081264518,-0.4166763305975193,-22.620336740226417,9.999999999253305,5.264454412809587,50.99349915596109,Sector 2,586033.6601986465,6620139.686638907,46.493359558405174,44.63362517606897,1.0,0.929974282311574
308,5.264478885969671,50.99352286128171,31.897441864013672,3076.070136648704,3.076070136648704,33.01562081926397,0.0,0.0,9.999999999970441,5.2645033591297565,50.99354656657812,Sector 2,586039.108878084,6620148.071857592,46.49039274409909,44.630777034335125,1.0,0.929934082663044
309,5.264527832289842,50.99357027187452,31.897441864013672,3086.0701366487383,3.0860701366487384,33.01562081317405,0.0,0.0,10.000000000034106,5.264552305449927,50.9935939771467,Sector 2,586044.5575575215,6620156.457076276,46.49476080475604,44.634970372565796,1.0,0.9299932688759482
310,5.264576778610011,50.99361768241889,31.897441864013672,3096.0701366487724,3.0960701366487724,49.36112743714119,0.0,0.0,10.000000000034106,5.26461085861065,50.99363609268893,Sector 2,586050.006236959,6620164.84229496,46.49476080475604,44.634970372565796,1.0,0.9299932688759482
311,5.264644938611289,50.993654502958975,31.897441864013672,3106.0691318161143,3.106069131816114,49.401217122037,0.0,0.0,9.998995167341945,5.264679042496739,50.99367290004989,Sector 2,586057.5937735937,6620171.354529001,46.49476080475604,44.634970372565796,1.0,0.9299932688759482
312,5.264713146382189,50.993691297140806,31.897441864013672,3116.0691318160048,3.1160691318160048,49.401217131404,0.0,0.0,9.999999999890406,5.2647472502676385,50.99370969421713,Sector 2,586065.1866279184,6620177.862106368,46.49691475076112,44.637038160730675,1.0,0.9300224543467677
313,5.264781354153088,50.99372809129345,31.897441864013672,3126.069131815895,3.1260691318158957,49.4012171319784,0.0,0.0,9.999999999890406,5.264815458038539,50.993746488355185,Sector 2,586072.7794822431,6620184.369683736,46.47972044483989,44.6205316270463,1.0,0.9297894754733231
314,5.26484956192399,50.99376488541692,31.477466583251957,3136.069131815874,3.1360691318158738,49.40121712634436,-0.0419975280762616,-2.404867877290052,9.999999999978627,5.264883665809439,50.99378328246408,Sector 2,586080.372336568,6620190.877261103,46.47972044483989,44.6205316270463,1.0,0.9297894754733231
315,5.264917769694889,50.99380167951123,30.872568130493164,3146.069131815764,3.1460691318157643,49.401217133942566,-0.0604898452765418,-3.4615949328300637,9.999999999890406,5.264951873580339,50.99382007654379,Sector 2,586087.9651908927,6620197.384838471,46.49638683146349,44.63653135820495,1.0,0.9300153011622312
316,5.264985977465789,50.99383847357635,30.872568130493164,3156.0691318156546,3.1560691318156544,49.401217119522016,0.0,0.0,9.999999999890406,5.26502008135124,50.993856870594335,Sector 2,586095.5580452173,6620203.89241584,46.49638683146349,44.63653135820495,1.0,0.9300153011622312
317,5.265054185236691,50.99387526761232,30.872568130493164,3166.0691318162394,3.1660691318162395,49.98331066938823,0.0,0.0,10.000000000584805,5.265088575814335,50.99389344110676,Sector 2,586103.1508995423,6620210.399993206,46.49638683146349,44.63653135820495,1.0,0.9300153011622312
318,5.26512296639198,50.9939116146012,30.872568130493164,3176.0666619234144,3.1760666619234144,52.76894821260004,0.0,0.0,9.997530107174953,5.265158728432515,50.99392871887194,Sector 2,586110.8075827252,6620216.828508658,46.49638683146349,44.63653135820495,1.0,0.9300153011622312
319,5.26519449047305,50.993945823142674,31.66239356994629,3186.0666619230183,3.1860666619230185,52.76894821180366,0.0789825439484408,4.515991378125613,9.999999999603915,5.265230252513586,50.9939629274008,Sector 2,586118.7696070095,6620222.878811897,46.49638683146349,44.63653135820495,1.0,0.9300153011622312
320,5.265266014554121,50.993980031658936,31.66239356994629,3196.0666619231856,3.1960666619231857,52.76894820680048,0.0,0.0,10.000000000167347,5.265301776594658,50.993997135904465,Sector 2,586126.7316312937,6620228.929115137,46.49638683146349,44.63653135820495,1.0,0.9300153011622312
321,5.265337538635194,50.99401424014999,31.66239356994629,3206.0666619228823,3.206066661922882,52.76894820991947,0.0,0.0,9.999999999696684,5.265373300675729,50.9940313443829,Sector 2,586134.6936555782,6620234.979418377,46.49347215236603,44.63373326627139,1.0,0.929975807933735
322,5.265409062716264,50.99404844861581,30.7237491607666,3216.0666619230497,3.21606666192305,52.76894821231844,-0.0938644409163979,-5.362324827590872,10.000000000167347,5.2654448247568,50.99406555283612,Sector 2,586142.6556798624,6620241.029721616,46.49151392881552,44.6318533716629,1.0,0.9299492744569644
323,5.265480586797336,50.99408265705643,30.7237491607666,3226.066661923217,3.226066661923217,52.76894820897644,0.0,0.0,10.000000000167347,5.265516348837872,50.994099761264124,Sector 2,586150.6177041468,6620247.080024859,46.488056144436705,44.628533898659235,1.0,0.9299024222773602
324,5.265552110878407,50.994116865471824,30.7237491607666,3236.066661922821,3.236066661922821,35.212109618952184,0.0,0.0,9.999999999603915,5.26557685532061,50.99413893331641,Sector 2,586158.5797284311,6620253.130328097,46.488056144436705,44.628533898659235,1.0,0.9299024222773602
325,5.265601599762813,50.99416100116099,30.7237491607666,3245.620992367225,3.245620992367225,18.420685148197837,0.0,0.0,9.554330444404059,5.265615792774462,50.9941878226106,Sector 2,586164.088805843,6620260.936434444,46.488056144436705,44.628533898659235,1.0,0.9299024222773602
326,5.265629985786111,50.99421464406021,30.7237491607666,3255.6209923667643,3.2556209923667643,18.420685143422816,0.0,0.0,9.999999999539341,5.26564417879776,50.99424146547882,Sector 2,586167.2487235023,6620270.424053765,46.488056144436705,44.628533898659235,1.0,0.9299024222773602
327,5.265658371809408,50.99426828689744,30.7237491607666,3265.6209923671504,3.2656209923671504,321.09122956306703,0.0,0.0,10.00000000038608,5.265632782385179,50.99428824092895,Sector 2,586170.4086411613,6620279.911673087,46.49241731144364,44.63272061898589,1.0,0.929961515082899
328,5.26560719296095,50.99430819496047,33.749263763427734,3274.691781345229,3.274691781345229,310.90495739792897,0.3335448118099585,18.44585327272505,9.070788978078781,5.265573245755821,50.99432670623213,Sector 2,586164.7114378115,6620286.970078479,46.837295953661304,44.96380411551485,1.0,0.9346345410199199
329,5.265539298550691,50.9943452175038,33.749263763427734,3284.6917813451623,3.2846917813451624,310.9049573990474,0.0,0.0,9.999999999933152,5.265505351345562,50.994363728760696,Sector 2,586157.1534666339,6620293.518137098,48.241580343108566,46.31191712938422,1.0,0.9536622701151269
330,5.265471404140433,50.99438224001759,33.749263763427734,3294.691781345008,3.294691781345008,310.9049573980557,0.0,0.0,9.99999999984584,5.265437456935304,50.99440075125972,Sector 2,586149.5954954561,6620300.066195718,49.49767129226787,47.51776444057715,1.0,0.970682012326284
331,5.265403509730176,50.99441926250185,33.749263763427734,3304.691781344853,3.3046917813448533,299.60503979386425,0.0,0.0,9.999999999844931,5.265364929597091,50.99443305950702,Sector 2,586142.0375242787,6620306.614254336,50.382560564430264,48.36725814185305,1.0,0.9826720575596348
332,5.265326349464005,50.99444685651218,33.749263763427734,3314.570928368185,3.314570928368185,292.57216887581546,0.0,0.0,9.879147023331825,5.265284874382376,50.99445770776404,Sector 2,586133.4480827391,6620311.494729716,51.221413984899364,49.172557425503385,1.0,0.9940383276365643
333,5.265243399300745,50.9944685590159,33.749263763427734,3324.570928368121,3.3245709283681206,292.5721688788789,0.0,0.0,9.99999999993588,5.265201924219115,50.994479410262684,Sector 2,586124.2141128037,6620315.333192851,51.55304426608091,49.49092249543767,1.0,0.9985318413418427
334,5.265160449137484,50.99449026150947,33.749263763427734,3334.570928368164,3.334570928368164,292.5721688735962,0.0,0.0,10.000000000043201,5.265118974055854,50.99450111275118,Sector 2,586114.9801428682,6620319.171655985,51.3650400294305,49.31043842825328,1.0,0.995984427363152
335,5.265077498974224,50.99451196399289,36.553260803222656,3344.5709283681,3.3445709283681,292.5721688855852,0.2803997039812901,15.66348066869085,9.99999999993588,5.265036023892595,50.99452281522953,Sector 2,586105.746172933,6620323.010119121,51.40868103384684,49.35233379249296,1.0,0.9965757528921666
336,5.264994548810964,50.99453366646617,36.553260803222656,3354.570928368393,3.354570928368393,292.5721688769339,0.0,0.0,10.000000000293312,5.264953073729334,50.99454451769772,Sector 2,586096.5122029977,6620326.848582255,51.49266270716733,49.43295619888063,1.0,0.9977136851663646
337,5.264911598647704,50.99455536892928,36.553260803222656,3364.5709283684364,3.3645709283684364,292.5721688799912,0.0,0.0,10.000000000043201,5.264870123566073,50.99456622015577,Sector 2,586087.2782330624,6620330.687045386,51.51554572892787,49.454923899770755,1.0,0.9980237448253704
338,5.264828648484443,50.99457707138226,44.90137481689453,3374.5709283683723,3.374570928368372,292.5721688745077,0.8348114013725403,39.85551402396335,9.99999999993588,5.264787173402812,50.99458792260367,Sector 2,586078.0442631269,6620334.525508522,51.51833180831674,49.45759853598407,1.0,0.9980614955575209
339,5.264745698321183,50.99459877382508,41.45668411254883,3384.570928368308,3.384570928368308,292.5721688837091,-0.344469070436779,-19.007245506410623,9.99999999993588,5.264704223239552,50.99460962504142,Sector 2,586068.8102931915,6620338.363971657,51.52561158164553,49.464587118379704,1.0,0.9981601348045392
340,5.264662748157922,50.99462047625776,41.45668411254883,3394.570928368352,3.3945709283683514,292.57216886612304,0.0,0.0,10.000000000043656,5.264621273076292,50.99463132746902,Sector 2,586059.5763232561,6620342.202434791,51.52561158164442,49.46458711837864,1.0,0.9981601348045241
341,5.264579797994662,50.99464217868028,41.45668411254883,3404.5709283682872,3.4045709283682872,292.57216888722616,0.0,0.0,9.999999999935426,5.264538322913031,50.994653029886464,Sector 2,586050.3423533208,6620346.040897924,51.54597658520636,49.484137521798104,1.0,0.9984360758985871
342,5.264496847831402,50.994663881092656,41.45668411254883,3414.570928368223,3.414570928368223,292.5721688753948,0.0,0.0,9.99999999993588,5.2644553727497705,50.994674732293774,Sector 2,586041.1083833855,6620349.879361059,51.545976585205494,49.48413752179727,1.0,0.9984360758985755
343,5.26441389766814,50.994685583494885,41.45668411254883,3424.5709283682663,3.4245709283682664,292.5721688877609,0.0,0.0,10.000000000043201,5.26437242258651,50.99469643469092,Sector 2,586031.87441345,6620353.717824194,51.57622997624642,49.51318077719656,1.0,0.9988460023588166
344,5.26433094750488,50.99470728588697,41.45668411254883,3434.570928368202,3.434570928368202,292.5721688759265,0.0,0.0,9.99999999993588,5.26428947242325,50.994718137077925,Sector 2,586022.6404435146,6620357.55628733,51.57622997624241,49.51318077719271,1.0,0.9988460023587622
345,5.264247997341619,50.99472898826889,42.58143615722656,3444.5709283682454,3.444570928368245,292.5721688795556,0.1124752044672875,6.417383802751416,10.000000000043201,5.26420652225999,50.99473983945477,Sector 2,586013.4064735791,6620361.394750463,51.5893923481716,49.525816654244736,1.0,0.9990243494579689
346,5.264165047178359,50.99475069064066,42.58143615722656,3454.5709283681813,3.4545709283681814,292.57216887664674,0.0,0.0,9.99999999993588,5.264123572096729,50.994761541821475,Sector 2,586004.1725036439,6620365.233213594,51.54512436505363,49.483319390451484,1.0,0.9984245285123758
347,5.264082097015099,50.9947723930023,42.58143615722656,3464.570928368117,3.464570928368117,292.57216887690726,0.0,0.0,9.99999999993588,5.264040621933469,50.99478324417804,Sector 2,585994.9385337086,6620369.071676731,51.580071592075136,49.516868728392126,1.0,0.9988980553659041
348,5.263999146851838,50.994794095353775,41.2757682800293,3474.5709283681604,3.4745709283681605,292.5721688799477,-0.1305667877191625,-7.438844656728167,10.000000000043201,5.263957671770208,50.99480494652444,Sector 2,585985.7045637732,6620372.910139863,51.585964154412,49.52252558823552,1.0,0.9989778982244197
349,5.2639161966885775,50.994815797695104,41.2757682800293,3484.5709283684537,3.484570928368454,292.57216887444747,0.0,0.0,10.000000000293312,5.263874721606948,50.994826648860695,Sector 2,585976.4705938378,6620376.748602999,51.58596415441169,49.52252558823522,1.0,0.9989778982244155
350,5.2638332465253175,50.994837500026286,41.2757682800293,3494.5709283683896,3.4945709283683897,292.5721688806558,0.0,0.0,9.99999999993588,5.263791771443687,50.9948483511868,Sector 2,585967.2366239023,6620380.587066133,51.58596415441343,49.522525588236896,1.0,0.9989778982244393
351,5.263750296362057,50.99485920234732,41.2757682800293,3504.5709283684328,3.504570928368433,292.5721688809102,0.0,0.0,10.000000000043201,5.263708821280426,50.994870053502765,Sector 2,585958.002653967,6620384.425529268,51.565206216515485,49.50259796785486,1.0,0.9986966329608891
352,5.263667346198797,50.9948809046582,38.44533157348633,3514.5709283683686,3.514570928368369,292.5721688692582,-0.2830436706561117,-15.803829649728243,9.99999999993588,5.263625871117167,50.99489175580857,Sector 2,585948.7686840317,6620388.263992403,51.565206216508635,49.50259796784829,1.0,0.9986966329607962
353,5.263584396035537,50.99490260695893,38.44533157348633,3524.5709283683045,3.5245709283683047,292.57216888419595,0.0,0.0,9.99999999993588,5.263542920953906,50.99491345810422,Sector 2,585939.5347140963,6620392.102455534,51.55183747946713,49.489763980288444,1.0,0.998515489661987
354,5.263501445872275,50.99492430924952,38.44533157348633,3534.570928368348,3.5345709283683475,292.5721688727355,0.0,0.0,10.000000000043656,5.263459970790645,50.99493516038973,Sector 2,585930.3007441609,6620395.94091867,51.55183747946918,49.48976398029041,1.0,0.9985154896620148
355,5.263418495709015,50.99494601152994,39.51963424682617,3544.570928368284,3.544570928368284,292.5721688823018,0.1074302673346732,6.131783567725181,9.99999999993588,5.263377020627385,50.994956862665084,Sector 2,585921.0667742254,6620399.779381803,51.5518374794626,49.489763980284096,1.0,0.9985154896619255
356,5.263335545545756,50.99496771380023,39.51963424682617,3554.5709283682195,3.55457092836822,292.5721688875277,0.0,0.0,9.999999999935426,5.2632940704641245,50.9949785649303,Sector 2,585911.8328042903,6620403.617844937,51.56706891671899,49.504386160050224,1.0,0.9987218721183733
357,5.263252595382493,50.99498941606037,39.51963424682617,3564.5709283682627,3.5645709283682625,292.5721688736704,0.0,0.0,10.000000000043201,5.263211120300864,50.99500026718536,Sector 2,585902.5988343547,6620407.456308073,51.238707310647136,49.18915901822125,1.0,0.9942726482057855
358,5.263169645219234,50.99501111831035,36.66542434692383,3574.5709283681986,3.574570928368199,292.5721688707432,-0.2854209899920645,-15.929858362739507,9.99999999993588,5.263128170137604,50.99502196943027,Sector 2,585893.3648644194,6620411.294771207,51.23870731064665,49.189159018220785,1.0,0.9942726482057791
359,5.263086695055973,50.995032820550186,36.66542434692383,3584.5709283681344,3.584570928368134,292.5721688826957,0.0,0.0,9.99999999993588,5.263045219974343,50.99504367166503,Sector 2,585884.1308944841,6620415.13323434,51.23870731065177,49.189159018225695,1.0,0.9942726482058484
360,5.263003744892712,50.995054522779874,36.66542434692383,3594.5709283681776,3.594570928368177,292.5721688801548,0.0,0.0,10.000000000043201,5.262962269811082,50.995065373889645,Sector 2,585874.8969245487,6620418.971697475,51.340551516531576,49.286929455870315,1.0,0.9956526136700805
361,5.262920794729452,50.995076224999416,36.66542434692383,3604.5709283681135,3.604570928368113,292.5721688746361,0.0,0.0,9.99999999993588,5.262879319647823,50.99508707610411,Sector 2,585865.6629546132,6620422.81016061,51.34055151654294,49.28692945588122,1.0,0.9956526136702344
362,5.262837844566192,50.9950979272088,36.66542434692383,3614.570928368407,3.614570928368407,292.57216888341304,0.0,0.0,10.000000000293312,5.262796369484562,50.99510877830842,Sector 2,585856.428984678,6620426.648623743,51.332083612124976,49.27880026763997,1.0,0.9955378755214093
363,5.262754894402931,50.99511962940804,36.66542434692383,3624.57092836845,3.62457092836845,292.57216887491506,0.0,0.0,10.000000000043201,5.262713419321301,50.99513048050258,Sector 2,585847.1950147426,6620430.487086879,51.27518816538021,49.224180638765,1.0,0.9947669553605463
364,5.262671944239671,50.995141331597125,0.0,3634.570928368386,3.634570928368386,292.5721688781258,-3.666542434715893,-74.74438849910808,9.99999999993588,5.262630469158041,50.995152182686596,Sector 2,585837.9610448072,6620434.325550011,51.253693504397155,49.20354576422127,1.0,0.9944757076693718
365,5.262588994076411,50.99516303377607,0.0,3644.570928368322,3.6445709283683216,292.5721688811404,0.0,0.0,9.99999999993588,5.26254751899478,50.99517388486046,Sector 2,585828.7270748718,6620438.164013147,51.23015898066578,49.18095262143915,1.0,0.9941568203091544
366,5.26250604391315,50.99518473594485,0.0,3654.570928368365,3.654570928368365,292.5721688758087,0.0,0.0,10.000000000043201,5.26246456883152,50.99519558702417,Sector 2,585819.4931049364,6620442.002476279,51.29629901726186,49.24444705657138,1.0,0.9950530025270545
367,5.26242309374989,50.99520643810349,0.0,3664.570928368301,3.664570928368301,292.57216888477274,0.0,0.0,9.99999999993588,5.262381618668259,50.99521728917774,Sector 2,585810.2591350011,6620445.840939413,51.26866491260539,49.21791831610117,1.0,0.9946785667922822
368,5.26234014358663,50.99522814025199,0.0,3674.5709283682368,3.6745709283682366,292.5721688729015,0.0,0.0,9.99999999993588,5.262298668504999,50.99523899132116,Sector 2,585801.0251650658,6620449.679402549,51.23901854271124,49.18945780100279,1.0,0.9942768653283613
369,5.262257193423369,50.99524984239033,0.0,3684.57092836828,3.68457092836828,300.751214291701,0.0,0.0,10.000000000043201,5.262219032425905,50.995264132238454,Sector 2,585791.7911951303,6620453.517865682,51.20737196767933,49.159077088972154,1.0,0.9938480615468599
370,5.26218087142844,50.99527842208658,0.0,3694.457089339608,3.694457089339608,309.9066442056036,0.0,0.0,9.886160971328081,5.26214641694718,50.995296557905135,Sector 2,585783.2950695185,6620458.572767099,51.173738061271465,49.126788538820605,1.0,0.9933923298842768
371,5.26211196246592,50.995314693723685,0.0,3704.457089339473,3.704457089339473,309.90664420219514,0.0,0.0,9.99999999986494,5.26207750798466,50.99533282952807,Sector 2,585775.6241588998,6620464.988149418,51.13813050570064,49.09260528547261,1.0,0.9929098557314373
372,5.262043053503399,50.99535096533244,0.0,3714.457089339428,3.7144570893394273,309.9066442078249,0.0,0.0,9.99999999995498,5.26200859902214,50.99536910112265,Sector 2,585767.9532482808,6620471.403531735,51.2944271920337,49.24265010435235,1.0,0.9950276397275939
373,5.261974144540881,50.99538723691285,0.0,3724.4570893398895,3.7244570893398894,309.90664419484017,0.0,0.0,10.000000000461569,5.261939690059622,50.99540537268887,Sector 2,585760.2823376622,6620477.818914053,51.25476669653634,49.204576028674886,1.0,0.9944902491749565
374,5.261905235578362,50.995423508464896,0.0,3734.457089339756,3.734457089339756,309.90664420410155,0.0,0.0,9.999999999866304,5.261870781097102,50.995441644226744,Sector 2,585752.6114270434,6620484.234296369,51.21317107818492,49.16464423505752,1.0,0.9939266381546488
375,5.2618363266158426,50.9954597799886,0.0,3744.457089339621,3.744457089339621,309.90664420841216,0.0,0.0,9.99999999986494,5.261801872134582,50.995477915736274,Sector 2,585744.9405164247,6620490.649678687,51.16965725808045,49.12287096775723,1.0,0.9933370359436811
376,5.261767417653322,50.995496051483954,0.0,3754.457089339576,3.754457089339576,309.9066442013305,0.0,0.0,9.999999999955435,5.2617329631720615,50.99551418721745,Sector 2,585737.2696058057,6620497.065061004,51.12424293744195,49.07927321994427,1.0,0.9927216823894822
377,5.261698508690802,50.99553232295095,0.0,3764.457089339441,3.764457089339441,309.9066442108996,0.0,0.0,9.99999999986494,5.261664054209543,50.99555045867028,Sector 2,585729.598695187,6620503.480443321,51.09949605673147,49.05551621446221,1.0,0.9923863678722458
378,5.261629599728283,50.99556859438961,0.0,3774.457089339904,3.774457089339904,309.9066442010083,0.0,0.0,10.000000000462933,5.261595145247024,50.99558673009476,Sector 2,585721.9277845684,6620509.89582564,51.09949605674486,49.05551621447506,1.0,0.9923863678724272
379,5.261560690765765,50.99560486579991,0.0,3784.4570893397695,3.7844570893397695,309.9066441969017,0.0,0.0,9.999999999865395,5.261526236284505,50.995623001490884,Sector 2,585714.2568739497,6620516.311207959,51.09949605674996,49.055516214479965,1.0,0.9923863678724962
380,5.261491781803244,50.99564113718185,0.0,3794.457089339724,3.794457089339724,309.90664420495654,0.0,0.0,9.999999999954525,5.261457327321985,50.995659272858646,Sector 2,585706.5859633307,6620522.726590274,51.0994960567665,49.05551621449584,1.0,0.9923863678727203
381,5.261422872840725,50.99567740853545,0.0,3804.457089339589,3.804457089339589,309.90664421202945,0.0,0.0,9.99999999986494,5.261388418359465,50.99569554419807,Sector 2,585698.915052712,6620529.141972591,51.09949605671895,49.055516214450186,1.0,0.9923863678720761
382,5.261353963878205,50.9957136798607,0.0,3814.457089339455,3.814457089339455,309.9066441993166,0.0,0.0,9.99999999986585,5.261319509396946,50.995731815509146,Sector 2,585691.2441420933,6620535.55735491,51.099496056726544,49.055516214457484,1.0,0.9923863678721789
383,5.261285054915686,50.99574995115759,0.0,3824.45708933932,3.82445708933932,309.9066442131443,0.0,0.0,9.999999999865395,5.261250600434426,50.99576808679187,Sector 2,585683.5732314746,6620541.972737226,51.09949605675288,49.055516214482765,1.0,0.9923863678725358
384,5.261216145953166,50.99578622242614,0.0,3834.457089339872,3.834457089339872,309.9066442010703,0.0,0.0,10.000000000551609,5.261181691471906,50.99580435804624,Sector 2,585675.9023208556,6620548.388119545,51.09949605674249,49.05551621447279,1.0,0.992386367872395
385,5.261147236990647,50.99582249366634,0.0,3844.4570893397376,3.8444570893397376,309.9066442007021,0.0,0.0,9.99999999986585,5.261112782509388,50.99584062927226,Sector 2,585668.231410237,6620554.803501862,51.09949605676434,49.055516214493764,1.0,0.992386367872691
386,5.261078328028128,50.99585876487818,0.0,3854.457089339603,3.854457089339603,309.9066442003279,0.0,0.0,9.999999999865395,5.261043873546868,50.99587690046992,Sector 2,585660.5604996183,6620561.218884181,51.099496056759406,49.05551621448903,1.0,0.9923863678726244
387,5.2610094190656085,50.99589503606166,0.0,3864.457089339469,3.864457089339469,309.9066442017695,0.0,0.0,9.99999999986585,5.260974964584348,50.99591317163923,Sector 2,585652.8895889996,6620567.634266496,51.09949605673854,49.055516214468994,1.0,0.9923863678723415
388,5.260940510103088,50.9959313072168,0.0,3874.457089339423,3.874457089339423,309.9066442122495,0.0,0.0,9.99999999995407,5.260906055621829,50.9959494427802,Sector 2,585645.2186783807,6620574.049648813,51.1132836887226,49.0687523411737,1.0,0.9925731871008601
389,5.260871601140569,50.9959675783436,0.0,3884.457089339886,3.884457089339886,309.90664420131685,0.0,0.0,10.000000000462933,5.260837146659309,50.99598571389282,Sector 2,585637.547767762,6620580.465031132,51.15828273818182,49.11195142865454,1.0,0.9931829138265049
390,5.26080269217805,50.99600384944203,0.0,3894.4570893397513,3.894457089339751,309.90664419877186,0.0,0.0,9.999999999865395,5.260768237696791,50.99602198497708,Sector 2,585629.8768571432,6620586.880413449,51.20145777210544,49.15339946122122,1.0,0.9937679255629797
391,5.260733783215531,50.99604012051212,0.0,3904.4570893396167,3.904457089339617,309.90664420513474,0.0,0.0,9.999999999865395,5.260699328734271,50.99605825603299,Sector 2,585622.2059465245,6620593.295795767,51.24279189286707,49.193080217152385,1.0,0.9943279933513502
392,5.26066487425301,50.996076391553856,0.0,3914.457089339571,3.9144570893395714,309.90664420290324,0.0,0.0,9.999999999954525,5.260630419771751,50.99609452706055,Sector 2,585614.5350359055,6620599.711178084,51.292911173782464,49.24119472683116,1.0,0.9950070980304815
393,5.260595965290491,50.99611266256724,0.0,3924.4570893394366,3.9244570893394366,309.9066442028129,0.0,0.0,9.999999999865395,5.260561510809231,50.99613079805976,Sector 2,585606.8641252869,6620606.126560401,51.36595925145459,49.311320881396405,1.0,0.9959968826092434
394,5.260527056327972,50.99614893355228,0.0,3934.4570893399,3.9344570893399,309.90664420453845,0.0,0.0,10.000000000463388,5.260492601846712,50.99616706903062,Sector 2,585599.1932146683,6620612.541942718,51.43121295956991,49.37396444118711,1.0,0.9968810552809659
395,5.260458147365453,50.99618520450896,0.0,3944.457089339765,3.944457089339765,304.8296601070789,0.0,0.0,9.99999999986494,5.260421617968919,50.99620120101562,Sector 2,585591.5223040496,6620618.957325036,51.48856782094556,49.42902510810774,1.0,0.9976582004039554
396,5.260385088572384,50.99621719752229,0.0,3954.364902676769,3.954364902676768,292.9038609774783,0.0,0.0,9.907813337003972,5.2603437139939775,50.99622819929226,Sector 2,585583.3894364071,6620624.616055373,51.53793200504519,49.47641472484338,1.0,0.9983270736956562
397,5.26030233941557,50.99623920106223,0.0,3964.364902676698,3.964364902676698,292.9038610029425,0.0,0.0,9.99999999992906,5.260260964837164,50.996250202827,Sector 2,585574.1778424069,6620628.507910455,51.57922647516302,49.5160574161565,1.0,0.9988866042269622
398,5.260219590258757,50.99626120459177,0.0,3974.3649026768826,3.9743649026768826,292.90386097714094,0.0,0.0,10.000000000184627,5.26017821568035,50.99627220635131,Sector 2,585564.966248407,6620632.39976554,51.630439511563246,49.565221931100716,1.0,0.9995805290402615
399,5.260136841101943,50.996283208110846,0.0,3984.364902676705,3.9843649026767047,288.17725020013404,0.0,0.0,9.999999999822194,5.260094555835515,50.99629194633062,Sector 2,585555.7546544069,6620636.2916206205,51.65921773851148,49.59284902897102,1.0,0.9999704673678014
400,5.260052270569087,50.9963006845504,0.0,3994.273740267691,3.9942737402676913,275.5151372502854,0.0,0.0,9.908837590986423,5.260007562724448,50.99630340139812,Sector 2,585546.3403057532,6620639.382753395,51.661397305719326,49.59494141349055,1.0,1.0
401,5.259962854879809,50.99630611824584,0.0,4004.273740267647,4.004273740267647,275.51513727606755,0.0,0.0,9.99999999995589,5.259918147035171,50.99630883509326,Sector 2,585536.3865967538,6620640.343834637,51.635648635925754,49.57022269048872,1.0,0.9996511114720952
402,5.259873439190531,50.99631155194067,0.0,4014.273740267718,4.014273740267718,275.5151372506144,0.0,0.0,10.00000000007094,5.259828731345892,50.996314268787756,Sector 2,585526.4328877545,6620641.304915882,51.56601027013551,49.503369859330085,1.0,0.9987075277017083
403,5.259784023501253,50.99631698563485,0.0,4024.2737402676735,4.024273740267674,275.5151372539871,0.0,0.0,9.999999999955435,5.259739315656615,50.99631970248162,Sector 2,585516.4791787552,6620642.265997123,51.46339080947453,49.40485517709555,1.0,0.9973170577142711
404,5.259694607811976,50.99632241932839,0.0,4034.273740267629,4.034273740267629,275.515137263679,0.0,0.0,9.999999999955435,5.259649899967336,50.996325136174846,Sector 2,585506.525469756,6620643.227078368,51.35031211098596,49.29629962654652,1.0,0.9957848674702949
405,5.259605192122696,50.9963278530213,0.0,4044.2737402677,4.0442737402677,251.863095801034,0.0,0.0,10.00000000007094,5.259563076232757,50.99631917044714,Sector 2,585496.5717607563,6620644.18815961,51.21297546413291,49.164456445567595,1.0,0.9939239876294297
406,5.259520960342817,50.996310487872975,0.0,4054.1406121759146,4.054140612175915,248.19703754532304,0.0,0.0,9.866871908214762,5.259479257564285,50.996299988429826,Sector 2,585487.1951219116,6620641.11670959,51.05206742244206,49.00998472554437,1.0,0.9917437208333721
407,5.259437554785753,50.99628948898668,0.0,4064.140612175976,4.064140612175976,248.19703755046905,0.0,0.0,10.000000000061391,5.25939585200722,50.996278989538794,Sector 2,585477.9104577699,6620637.402545918,50.88347245221394,48.848133554125376,1.0,0.989459297931272
408,5.259354149228688,50.996268490090905,0.0,4074.140612176037,4.074140612176037,246.06523440758315,0.0,0.0,10.000000000060936,5.259313282203831,50.99625707362898,Sector 2,585468.6257936282,6620633.6883822465,50.740118397242355,48.71051366135266,1.0,0.9875168836003883
409,5.259272415178972,50.99624565716705,0.0,4084.095224669483,4.084095224669483,232.12558954566532,0.0,0.0,9.954612493445893,5.259236960558294,50.996228302074044,Sector 2,585459.5272008333,6620629.649828169,50.585953663814735,48.56251551726214,1.0,0.9854279870736311
410,5.259201505937615,50.99621094698104,0.0,4094.095224669388,4.094095224669387,232.1255895436282,0.0,0.0,9.999999999904958,5.259166051316935,50.996193591875056,Sector 2,585451.6336201929,6620623.510497205,50.421371109788446,48.40451626539691,1.0,0.9831979314842201
411,5.259130596696256,50.99617623676907,0.0,4104.095224669292,4.104095224669292,232.12558954097364,0.0,0.0,9.999999999904503,5.259095142075577,50.996158881650096,Sector 2,585443.7400395522,6620617.371166244,50.24679014045572,48.23691853483749,1.0,0.9808323996769848
412,5.259059687454899,50.996141526531126,0.0,4114.095224669105,4.114095224669105,232.12558954751404,0.0,0.0,9.999999999812644,5.25902423283422,50.996124171399174,Sector 2,585435.8464589119,6620611.231835281,50.06265564005662,48.06014941445435,1.0,0.9783374197306118
413,5.25898877821354,50.99610681626723,0.0,4124.095224669009,4.124095224669009,232.12558954487017,0.0,0.0,9.999999999904503,5.258953323592862,50.996089461122295,Sector 2,585427.9528782712,6620605.092504318,49.97585939746849,47.97682502156975,1.0,0.977161350692987
414,5.258917868972183,50.99607210597736,0.0,4134.095224669486,4.134095224669486,232.1255895336114,0.0,0.0,10.000000000476575,5.258882414351503,50.99605475081944,Sector 2,585420.0592976309,6620598.953173355,49.90382772854589,47.907674619404055,1.0,0.9761853382179966
415,5.258846959730823,50.99603739566152,0.0,4144.095224669391,4.144095224669391,232.1255895405326,0.0,0.0,9.999999999905413,5.2588115051101445,50.99602004049062,Sector 2,585412.16571699,6620592.813842389,49.83060504493322,47.83738084313589,1.0,0.9751931877690734
416,5.258776050489466,50.99600268531973,0.0,4154.095224669203,4.154095224669203,232.12558954423872,0.0,0.0,9.999999999811735,5.258740595868787,50.99598533013585,Sector 2,585404.2721363497,6620586.674511428,49.766150300505124,47.77550428848492,1.0,0.9743198408707565
417,5.258705141248108,50.99596797495197,0.0,4164.095224669108,4.164095224669108,232.12558954509456,0.0,0.0,9.999999999904503,5.258669686627428,50.99595061975511,Sector 2,585396.3785557091,6620580.535180464,49.701169486667354,47.71312270720066,1.0,0.9734393658534577
418,5.258634232006749,50.99593326455825,0.0,4174.095224669584,4.174095224669585,232.12558954533307,0.0,0.0,10.000000000476575,5.258598777386069,50.99591590934841,Sector 2,585388.4849750685,6620574.395849503,49.50516808070562,47.524961357477395,1.0,0.9707835920778995
419,5.258563322765391,50.99589855413857,0.0,4184.095224669489,4.1840952246694885,232.12558953000007,0.0,0.0,9.999999999904503,5.2585278681447125,50.99588119891575,Sector 2,585380.5913944279,6620568.25651854,49.30238580621332,47.330290373964786,1.0,0.968035939100095
420,5.258492413524034,50.99586384369292,0.0,4194.095224669301,4.194095224669302,232.1255895566258,0.0,0.0,9.999999999812644,5.258456958903355,50.99584648845712,Sector 2,585372.6978137876,6620562.117187578,49.093279887636314,47.12954869213086,1.0,0.9652026022056688
421,5.258421504282675,50.995829133221314,0.0,4204.095224669206,4.204095224669206,232.12558954223755,0.0,0.0,9.999999999904503,5.258386049661996,50.99581177797253,Sector 2,585364.8042331471,6620555.977856616,48.677916475310965,46.73079981629853,1.0,0.9595745239152746
422,5.258350595041317,50.99579442272374,0.0,4214.09522466911,4.21409522466911,232.1255895345533,0.0,0.0,9.999999999904503,5.258315140420638,50.995777067461965,Sector 2,585356.9106525064,6620549.838525652,48.20026888527693,46.27225812986585,1.0,0.9531025094042227
423,5.258279685799959,50.99575971220019,0.0,4224.095224669495,4.224095224669495,232.125589543074,0.0,0.0,10.000000000384716,5.25824423117928,50.99574235692544,Sector 3,585349.017071866,6620543.6991946865,47.739313221178485,45.82974069233134,1.0,0.9468566666338571
424,5.258208776558601,50.99572500165069,0.0,4234.0952246694,4.2340952246694,218.2567118432771,0.0,0.0,9.999999999904503,5.258182540148095,50.99570406050151,Sector 3,585341.1234912254,6620537.559863725,47.34118794429505,45.44754042652325,1.0,0.9414621610967886
425,5.258156303737589,50.99568311935232,0.0,4243.528982727367,4.243528982727368,191.31203280148068,0.0,0.0,9.43375805796768,5.2581474934222445,50.995655399467765,Sector 3,585335.28224351,6620530.152055936,46.9378404834843,45.060326864144926,1.0,0.9359968961738001
426,5.258138683106901,50.9956276795832,0.0,4253.528982727674,4.253528982727674,191.3120327994531,0.0,0.0,10.0000000003065,5.258129872791557,50.99559995966552,Sector 3,585333.3207238743,6620520.346320844,46.552022965337386,44.689942046723885,1.0,0.9307691579245883
427,5.258121062476212,50.99557223974784,0.0,4263.52898272798,4.26352898272798,191.3120327999599,0.0,0.0,10.0000000003065,5.258112252160867,50.995544519797036,Sector 3,585331.3592042385,6620510.540585751,46.497805168354574,44.63789296162039,1.0,0.9300345192994774
428,5.258103441845523,50.99551679984624,0.0,4273.528982728287,4.273528982728287,154.15040941488462,0.0,0.0,10.0000000003065,5.258122145016733,50.99549250314655,Sector 3,585329.3976846028,6620500.734850656,46.497805168354574,44.63789296162039,1.0,0.9300345192994774
429,5.258140848187943,50.99546820644685,0.0,4283.079349599225,4.283079349599225,146.3228094517176,0.0,0.0,9.550366870937978,5.25816575455867,50.99544468153721,Sector 3,585333.5617395934,6620492.140075887,46.3329560055582,44.47963776533587,1.0,0.9278008512228171
430,5.258190660929396,50.99542115662756,0.0,4293.079349599163,4.293079349599163,152.08476836776754,0.0,0.0,9.999999999938154,5.258211460312857,50.995396448325266,Sector 3,585339.106868607,6620483.818324613,46.3329560055582,44.47963776533587,1.0,0.9278008512228171
431,5.25823225969632,50.99537174002297,0.0,4302.970645593729,4.30297064559373,164.479963559128,0.0,0.0,9.891295994566462,5.258244278040282,50.99534450156236,Sector 3,585343.7376221586,6620475.07796661,46.3329560055582,44.47963776533587,1.0,0.9278008512228171
432,5.2582562963842445,50.99531726310174,0.0,4312.970645593233,4.312970645593233,164.4799635585789,0.0,0.0,9.999999999503416,5.258268314728207,50.99529002460915,Sector 3,585346.4133740186,6620465.442596769,46.396852048018026,44.5409779660973,1.0,0.9286666278385207
433,5.25828033307217,50.99526278611655,0.0,4322.970645593633,4.322970645593633,165.3676457158075,0.0,0.0,10.000000000400178,5.258291664953903,50.9952354687303,Sector 3,585349.089125879,6620455.807226928,46.396852048018026,44.5409779660973,1.0,0.9286666278385207
434,5.258302996835638,50.99520815134406,0.0,4332.9578291662565,4.332957829166256,174.8314556405444,0.0,0.0,9.987183572623508,5.2583070431067025,50.995179996944216,Sector 3,585351.6120444875,6620446.143960534,46.396852048018026,44.5409779660973,1.0,0.9286666278385207
435,5.258311089377767,50.99515184254438,0.0,4342.9578291668495,4.342957829166849,174.8314556404248,0.0,0.0,10.00000000059299,5.258315135648831,50.99512368811038,Sector 3,585352.5129021567,6620436.184620421,46.38181189842717,44.52653942249008,1.0,0.9284628372857548
436,5.258319181919895,50.995095533676384,31.50677490234375,4352.957829166525,4.352957829166525,215.6144511135276,3.1506774903366743,72.39097535039748,9.99999999967531,5.258295353455954,50.99507459677167,Sector 3,585353.4137598255,6620426.225280309,46.38181189842717,44.52653942249008,1.0,0.9284628372857548
437,5.258271524992012,50.99505365986697,31.50677490234375,4362.0680678159,4.362068067815899,229.89285930908184,0.0,0.0,9.110238649374878,5.258237171582147,50.99503544815376,Sector 3,585348.1086148809,6620418.819074442,46.38181189842717,44.52653942249008,1.0,0.9284628372857548
438,5.258202818172282,50.99501723644054,31.50677490234375,4372.068067815412,4.3720680678154125,229.8928593122502,0.0,0.0,9.99999999951251,5.258168464762417,50.994999024713024,Sector 3,585340.4602066944,6620412.376881321,46.38181189842717,44.52653942249008,1.0,0.9284628372857548
439,5.258134111352553,50.99498081298552,28.68698501586914,4382.068067815436,4.382068067815436,229.89285931114765,-0.2819789886467941,-15.747336718458495,10.000000000023647,5.258099757942689,50.994962601243714,Sector 3,585332.8117985083,6620405.9346882,46.38181189842717,44.52653942249008,1.0,0.9284628372857548
440,5.258065404532824,50.9949443895019,28.68698501586914,4392.06806781546,4.392068067815459,213.13025185491057,0.0,0.0,10.000000000024556,5.258042273809495,50.99492208296218,Sector 3,585325.163390322,6620399.492495078,46.254438613864295,44.40426106930972,1.0,0.9267369587024408
441,5.258019143086165,50.99489977642245,28.68698501586914,4401.490550390343,4.401490550390343,190.31020909304027,0.0,0.0,9.422482574882451,5.258011104178755,50.99487196335508,Sector 3,585320.0135896365,6620391.601821418,46.254438613864295,44.40426106930972,1.0,0.9267369587024408
442,5.258003065271345,50.99484415028771,29.399343490600582,4411.490550390689,4.411490550390689,179.29149991032364,0.071235847470676,4.074630412369391,10.000000000346517,5.258003610100735,50.99481642080987,Sector 3,585318.2238154778,6620381.763289595,46.254438613864295,44.40426106930972,1.0,0.9267369587024408
443,5.258004154930124,50.994788691332026,29.399343490600582,4421.300251691323,4.421300251691323,167.9162292192102,0.0,0.0,9.809701300633606,5.258013557662203,50.99476104811495,Sector 3,585318.3451157381,6620371.954338281,46.32921215201305,44.47604366593252,1.0,0.9277501228720895
444,5.258022960394281,50.99473340489788,29.399343490600582,4431.3002516907845,4.431300251690785,167.79813505508764,0.0,0.0,9.99999999946158,5.258032452218892,50.994705778018286,Sector 3,585320.4385304322,6620362.17591229,46.49778411214932,44.637872747663344,1.0,0.9300342339927601
445,5.258041944043502,50.9946781511387,29.399343490600582,4441.298762812365,4.441298762812365,159.53423577520107,0.0,0.0,9.998511121580123,5.258057648725129,50.9946516658171,Sector 3,585322.5517805968,6620352.4032771075,46.49778411214932,44.637872747663344,1.0,0.9300342339927601
446,5.258073353406756,50.994625180495504,29.399343490600582,4451.298762812172,4.451298762812172,159.5342357715925,0.0,0.0,9.999999999807187,5.258089058088382,50.99459869514368,Sector 3,585326.0482549205,6620343.034463558,46.49763663877336,44.63773117322242,1.0,0.9300322357625814
447,5.258104762770008,50.99457220979186,34.54998016357422,4461.298762811979,4.461298762811979,159.53423577621754,0.5150636673072944,27.25135052922712,9.999999999807187,5.258120467451635,50.994545724409804,Sector 3,585329.5447292438,6620333.665650012,46.48753789158046,44.62803637591724,1.0,0.9298954000708715
448,5.258136172133261,50.99451923902774,34.54998016357422,4471.298762812658,4.471298762812658,159.53423577164187,0.0,0.0,10.000000000679393,5.258151876814887,50.99449275361545,Sector 3,585333.0412035673,6620324.296836462,46.48753789158046,44.62803637591724,1.0,0.9298954000708715
449,5.2581675814965125,50.99446626820316,34.54998016357422,4481.298762812425,4.481298762812425,159.53423577399622,0.0,0.0,9.99999999976626,5.258183286178139,50.99443978276064,Sector 3,585336.5376778906,6620314.928022914,46.48753789158046,44.62803637591724,1.0,0.9298954000708715
450,5.258198990859765,50.99441329731811,31.91519546508789,4491.298762812232,4.491298762812232,159.5342357729612,-0.263478469853713,-14.76073947048974,9.999999999807187,5.258214695541392,50.99438681184536,Sector 3,585340.0341522141,6620305.5592093645,46.491647846322245,44.63198193246935,1.0,0.9299510890082463
451,5.2582304002230185,50.99436032637261,31.91519546508789,4501.298762812039,4.501298762812039,159.5342357783262,0.0,0.0,9.999999999807187,5.258246104904645,50.994333840869615,Sector 3,585343.5306265375,6620296.190395817,46.45156091541747,44.59349847880077,1.0,0.9294079203543424
452,5.25826180958627,50.99430735536663,31.91519546508789,4511.298762811805,4.511298762811806,159.53423577229148,0.0,0.0,9.99999999976626,5.258277514267896,50.99428086983341,Sector 3,585347.0271008608,6620286.821582268,46.48043405595125,44.6212166937132,1.0,0.9297991447390419
453,5.258293218949523,50.99425438430019,32.176361083984375,4521.298762812485,4.521298762812485,159.53423577283343,0.026116561887874,1.496028698916937,10.000000000679393,5.258308923631149,50.99422789873674,Sector 3,585350.5235751843,6620277.452768719,46.48043405595125,44.6212166937132,1.0,0.9297991447390419
454,5.258324628312775,50.99420141317329,32.176361083984375,4531.298762812292,4.531298762812292,159.53423576998603,0.0,0.0,9.999999999807187,5.258340332994401,50.994174927579614,Sector 3,585354.0200495076,6620268.083955171,46.48043405595125,44.6212166937132,1.0,0.9297991447390419
455,5.258356037676028,50.994148441985935,32.176361083984375,4541.298762812099,4.541298762812099,159.5342357766209,0.0,0.0,9.999999999807187,5.258371742357654,50.99412195636202,Sector 3,585357.5165238311,6620258.715141625,46.49736058874889,44.63746616519893,1.0,0.9300284953485158
456,5.25838744703928,50.9940954707381,32.176361083984375,4551.298762811865,4.551298762811865,159.53423577553554,0.0,0.0,9.99999999976626,5.258403151720906,50.994068985083956,Sector 3,585361.0129981544,6620249.346328074,46.49509747737862,44.63529357828347,1.0,0.9299978307122148
457,5.258418856402533,50.9940424994298,32.176361083984375,4561.298762812545,4.5612987628125445,161.47274085890558,0.0,0.0,10.000000000679393,5.258433123957549,50.99401570333159,Sector 3,585364.5094724778,6620239.977514525,46.49509747737862,44.63529357828347,1.0,0.9299978307122148
458,5.258447391512566,50.99398890723338,36.69988250732422,4571.295482894907,4.571295482894907,162.58367394737172,0.4525005587903772,24.34677842964365,9.996720082362117,5.258460835362717,50.99396193318691,Sector 3,585367.6859863965,6620230.498897975,46.49685796723657,44.63698364854711,1.0,0.9300216849431266
459,5.258474279212868,50.99393495914045,34.050235748291016,4581.295482895245,4.5812954828952455,162.58367394829838,-0.2649646758943557,-14.840335922990445,10.000000000338332,5.258487723063018,50.993907985062634,Sector 3,585370.6791115027,6620220.957346626,46.49685796723657,44.63698364854711,1.0,0.9300216849431266
460,5.2585011669131685,50.993881010984815,34.050235748291016,4591.29548289466,4.591295482894659,162.58367394487152,0.0,0.0,9.999999999415195,5.258514610763319,50.99385403687564,Sector 3,585373.6722366088,6620211.415795281,46.49685796723657,44.63698364854711,1.0,0.9300216849431266
461,5.258528054613469,50.993827062766464,34.050235748291016,4601.295482894962,4.601295482894963,162.58367394915774,0.0,0.0,10.000000000301952,5.25854149846362,50.99380008862593,Sector 3,585376.6653617149,6620201.874243936,46.495075361806435,44.63527234733418,1.0,0.9299975310513202
462,5.25855494231377,50.99377311448539,34.050235748291016,4611.295482895265,4.611295482895265,162.5836739466804,0.0,0.0,10.000000000302862,5.258568386163921,50.993746140313505,Sector 3,585379.658486821,6620192.332692586,46.495075361806435,44.63527234733418,1.0,0.9299975310513202
463,5.258581830014071,50.99371916614161,33.08439636230469,4621.29548289468,4.62129548289468,162.58367394564402,-0.0965839386042898,-5.516740290948955,9.999999999415195,5.258595273864222,50.993692191938365,Sector 3,585382.6516119271,6620182.791141241,46.495075361806435,44.63527234733418,1.0,0.9299975310513202
464,5.258608717714372,50.99366521773512,33.08439636230469,4631.295482894982,4.631295482894982,162.58367394894276,0.0,0.0,10.000000000301952,5.258622161564523,50.99363824350051,Sector 3,585385.6447370332,6620173.249589896,46.495075361806435,44.63527234733418,1.0,0.9299975310513202
465,5.258635605414673,50.99361126926591,33.08439636230469,4641.295482895285,4.641295482895285,162.58367394499714,0.0,0.0,10.000000000302862,5.2586490492648235,50.99358429499995,Sector 3,585388.6378621393,6620163.708038549,46.495075361806435,44.63527234733418,1.0,0.9299975310513202
466,5.258662493114973,50.993557320733984,33.08439636230469,4651.2954828947,4.6512954828947,171.56484116905483,0.0,0.0,9.999999999415195,5.258668950500679,50.99352991350659,Sector 3,585391.6309872454,6620154.166487201,46.49618750678526,44.63634000651385,1.0,0.930012600358884
467,5.258675407886386,50.9935025062792,33.08439636230469,4661.0961924357525,4.661096192435752,186.1707103761489,0.0,0.0,9.800709541052129,5.258670579843004,50.99347439969469,Sector 3,585393.0686530228,6620144.4717966635,46.49595285126363,44.636114737213084,1.0,0.9300094208307701
468,5.258665751799623,50.99344629311018,34.016136169433594,4671.096192435637,4.671096192435637,186.1707103753376,0.0931739807139668,5.323107363350742,9.999999999884494,5.258660923756242,50.993418186491624,Sector 3,585391.9937423612,6620134.529736161,46.49595285126363,44.636114737213084,1.0,0.9300094208307701
469,5.25865609571286,50.993390079873066,34.016136169433594,4681.0961924355215,4.681096192435522,186.1707103750645,0.0,0.0,9.999999999884494,5.258651267669478,50.99336197322046,Sector 3,585390.9188316996,6620124.587675657,46.49595285126363,44.636114737213084,1.0,0.9300094208307701
470,5.258646439626096,50.99333386656786,34.016136169433594,4691.096192435406,4.691096192435406,186.17071037394385,0.0,0.0,9.999999999884494,5.258641611582714,50.99330575988121,Sector 3,585389.8439210381,6620114.645615152,46.49595285126363,44.636114737213084,1.0,0.9300094208307701
471,5.258636783539333,50.99327765319455,34.016136169433594,4701.0961924352905,4.7010961924352905,186.1707103753783,0.0,0.0,9.999999999884494,5.258631955495951,50.99324954647386,Sector 3,585388.7690103765,6620104.703554647,46.4090221550781,44.55266126887497,1.0,0.9288315299779586
472,5.258627127452569,50.99322143975317,34.016136169433594,4711.096192436101,4.711096192436101,186.1707103756496,0.0,0.0,10.00000000081036,5.258622299409187,50.99319333299843,Sector 3,585387.6940997149,6620094.761494144,46.4090221550781,44.55266126887497,1.0,0.9288315299779586
473,5.258617471365805,50.99316522624369,35.39752197265625,4721.096192435997,4.721096192435997,193.5763399898124,0.1381385803236978,7.864982463059212,9.999999999896318,5.2586069333429375,50.99313776000561,Sector 3,585386.6191890533,6620084.819433638,46.45704679277217,44.59876492106128,1.0,0.9294822527252917
474,5.258596395320069,50.99311029376752,35.39752197265625,4731.0909475096405,4.7310909475096405,194.04081194015436,0.0,0.0,9.994755073643319,5.258585498179178,50.99308286778316,Sector 3,585384.273014374,6620075.103951492,46.45704679277217,44.59876492106128,1.0,0.9294822527252917
475,5.258574601038286,50.9930554417988,35.39752197265625,4741.090947509275,4.741090947509275,194.04081193265876,0.0,0.0,9.999999999634383,5.258563703897395,50.99302801578201,Sector 3,585381.8468860236,6620065.40271955,46.459167740852806,44.600801031218694,1.0,0.9295109910818573
476,5.258552806756504,50.99300058976522,35.39752197265625,4751.090947509784,4.751090947509784,194.04081194092257,0.0,0.0,10.000000000509317,5.258541909615612,50.99297316371603,Sector 3,585379.4207576736,6620055.7014876,46.44768196587665,44.58977468724158,1.0,0.9293553614840797
477,5.25853101247472,50.99294573766685,35.39752197265625,4761.090947509419,4.761090947509419,194.04081193422184,0.0,0.0,9.999999999634383,5.258520115333829,50.99291831158523,Sector 3,585376.9946293231,6620046.000255661,46.542453776005225,44.680755624965016,1.0,0.9306394976195664
478,5.258509218192938,50.992890885503606,43.76787567138672,4771.090947509956,4.771090947509956,194.04081194122475,0.8370353698280553,39.93052369757963,10.000000000537511,5.258498321052046,50.99286345938958,Sector 3,585374.5685009729,6620036.299023715,46.657125753562035,44.79084072341955,1.0,0.9321932764268785
479,5.258487423911154,50.992836033275566,43.76787567138672,4781.090947509591,4.781090947509591,194.04081193531897,0.0,0.0,9.999999999635293,5.258476526770263,50.99280860712912,Sector 3,585372.1423726225,6620026.597791773,46.77167147398185,44.90080461502257,1.0,0.9337453444791493
480,5.258465629629372,50.99278118098268,40.685546875,4791.090947509197,4.791090947509197,194.04081193715115,-0.3082328796508104,-17.13101845807603,9.99999999960528,5.25845473248848,50.99275375480382,Sector 3,585369.7162442723,6620016.89655983,46.886034180032276,45.010592812830986,1.0,0.9352949327289901
481,5.258443835347588,50.99272632862496,40.685546875,4801.090947509734,4.801090947509734,194.04081193693392,0.0,0.0,10.000000000537511,5.258432938206697,50.992698902413686,Sector 3,585367.290115922,6620007.1953278845,46.98162763336126,45.10236252802681,1.0,0.9365902019400474
482,5.258422041065805,50.99267147620241,40.685546875,4811.090947509369,4.811090947509369,201.5141420236563,0.0,0.0,9.999999999634383,5.258405640070941,50.99264528838457,Sector 3,585364.8639875717,6619997.49409594,47.07207610915782,45.1891930647915,1.0,0.937815757894001
483,5.2583892390760765,50.992619100566735,45.207218170166016,4821.047848319434,4.8210478483194334,205.3019943920121,0.4541243687589161,24.42395640999018,9.956900810065235,5.25837004256814,50.99259354174029,Sector 3,585361.212486778,6619988.230920692,47.13914903932603,45.253583077752985,1.0,0.9387245806043101
484,5.258350846060203,50.99256798291384,45.207218170166016,4831.047848319738,4.831047848319738,205.3019943902688,0.0,0.0,10.000000000303771,5.258331649552266,50.99254242405924,Sector 3,585356.9385958011,6619979.190242846,47.20610375973406,45.3178596093447,1.0,0.9396318015996747
485,5.25831245304433,50.99251686520464,45.207218170166016,4841.047848320041,4.841047848320041,205.3019943922086,0.0,0.0,10.000000000303771,5.258293256536394,50.99249130632189,Sector 3,585352.6647048241,6619970.149565001,47.27532069228256,45.38430786459126,1.0,0.9405696750469845
486,5.258274060028457,50.992465747439134,45.207218170166016,4851.047848319503,4.851047848319503,205.30199439186123,0.0,0.0,9.99999999946158,5.25825486352052,50.99244018852823,Sector 3,585348.3908138471,6619961.108887153,47.40805342691965,45.511731289842864,1.0,0.9423681729408011
487,5.258235667012583,50.99241462961732,45.207218170166016,4861.047848319856,4.861047848319855,205.30199439427997,0.0,0.0,10.000000000352884,5.258216470504646,50.99238907067827,Sector 3,585344.1169228699,6619952.068209306,47.48858300631108,45.58903968605863,1.0,0.9434593301396748
488,5.25819727399671,50.99236351173922,45.207218170166016,4871.047848319317,4.871047848319318,205.30199439165463,0.0,0.0,9.99999999946158,5.258178077488773,50.99233795277201,Sector 3,585339.8430318929,6619943.027531461,47.57570832829067,45.672679995159044,1.0,0.9446398581270383
489,5.258158880980836,50.9923123938048,43.71200180053711,4881.047848319621,4.881047848319621,205.3019943931729,-0.1495216369583485,-8.503958661410449,10.000000000303771,5.2581396844729,50.99228683480945,Sector 3,585335.5691409159,6619933.986853614,47.6596414424664,45.753255784767745,1.0,0.9457771324360418
490,5.258120487964963,50.99226127581409,43.71200180053711,4891.047848319925,4.891047848319925,205.301994391485,0.0,0.0,10.000000000303771,5.2581012914570255,50.992235716790574,Sector 3,585331.2952499387,6619924.946175768,47.69961348036505,45.79162894115045,1.0,0.9463187443162522
491,5.2580820949490885,50.99221015776707,43.71200180053711,4901.0478483194365,4.901047848319436,205.3019943930217,0.0,0.0,9.999999999511601,5.2580628984411515,50.99218459871541,Sector 3,585327.0213589617,6619915.9054979235,47.707500699984685,45.7992006719853,1.0,0.9464256143201948
492,5.258043701933215,50.99215903966375,43.71200180053711,4911.04784831974,4.911047848319741,205.7055041791816,0.0,0.0,10.000000000303771,5.258024223088453,50.992133570445105,Sector 3,585322.7474679846,6619906.864820076,47.72526689978881,45.816256223797254,1.0,0.9466663422236485
493,5.258004744243691,50.992108101226464,43.71200180053711,4921.0462254440845,4.921046225444084,208.34586640427497,0.0,0.0,9.998377124344188,5.2579834185693395,50.992083219782955,Sector 3,585318.4107178244,6619897.855927627,47.71899586787097,45.81023603315613,1.0,0.9465813711897348
494,5.257962092894988,50.992058338339454,41.952110290527344,4931.046225443844,4.931046225443843,208.34586639999023,-0.1759891510052182,-9.98122636122064,9.999999999759893,5.257940767220636,50.992033456869265,Sector 3,585313.662791405,6619889.054950709,47.73672185820513,45.827252983876924,1.0,0.9468215542641585
495,5.257919441546284,50.99200857539908,41.952110290527344,4941.046225443658,4.941046225443658,208.3458663876176,0.0,0.0,9.999999999813554,5.257898115871933,50.99198369390221,Sector 3,585308.9148649857,6619880.253973792,47.730133752233044,45.82092840214372,1.0,0.9467322869500523
496,5.257876790197582,50.991958812405336,41.952110290527344,4951.046225444237,4.951046225444237,208.3458664030535,0.0,0.0,10.000000000579348,5.25785546452323,50.9919339308818,Sector 3,585304.1669385665,6619871.452996871,47.747818579826315,45.83790583663326,1.0,0.9469719122788454
497,5.257834138848877,50.991909049358256,41.952110290527344,4961.046225444052,4.961046225444052,208.3458663943977,0.0,0.0,9.999999999814463,5.257812813174526,50.99188416780803,Sector 3,585299.419012147,6619862.652019954,47.78673338815964,45.875264052633256,1.0,0.9474991989426598
498,5.257791487500175,50.99185928625781,41.952110290527344,4971.046225443811,4.971046225443811,208.34586640022488,0.0,0.0,9.999999999758984,5.257770161825823,50.9918344046809,Sector 3,585294.6710857279,6619853.851043036,47.780485850891246,45.869266416855595,1.0,0.947414546255819
499,5.25774883615147,50.991809523104,41.952110290527344,4981.046225443625,4.981046225443626,208.34586639617876,0.0,0.0,9.999999999814463,5.257727510477119,50.991784641500416,Sector 3,585289.9231593085,6619845.050066117,47.79811982091041,45.88619502807399,1.0,0.9476534824762308
500,5.257706184802768,50.99175975989684,39.37467193603516,4991.0462254442045,4.9910462254442045,208.34586639526643,-0.2577438354342864,-14.453066346323348,10.000000000579348,5.257684859128416,50.99173487826658,Sector 3,585285.1752328894,6619836.249089199,47.81820180988241,45.905473737487114,1.0,0.9479255887879747
501,5.257663533454064,50.99170999663632,39.37467193603516,5001.046225444019,5.001046225444019,208.3458663962762,0.0,0.0,9.999999999814463,5.257642207779712,50.991685114979376,Sector 3,585280.4273064699,6619827.44811228,47.84401993480199,45.93025913740991,1.0,0.9482754184167932
502,5.2576208821053605,50.99166023332244,37.62695693969727,5011.046225443778,5.011046225443778,208.3458664012485,-0.1747714996380013,-9.913541939272775,9.999999999758984,5.257599556431009,50.99163535163882,Sector 3,585275.6793800505,6619818.647135362,47.89088726806154,45.975251777339075,1.0,0.9489104599563696
503,5.257578230756657,50.991610469955205,37.62695693969727,5021.046225443592,5.021046225443593,208.34586639507245,0.0,0.0,9.999999999814463,5.257556905082305,50.9915855882449,Sector 3,585270.9314536313,6619809.846158445,47.916640041250396,45.99997443960038,1.0,0.9492594040843325
504,5.257535579407954,50.99156070653461,37.62695693969727,5031.046225444172,5.031046225444172,208.3458664029329,0.0,0.0,10.000000000579348,5.257514253733602,50.99153582479764,Sector 3,585266.183527212,6619801.045181527,47.92862477050781,46.0114797796875,1.0,0.9494217943973655
505,5.25749292805925,50.99151094306066,35.962547302246094,5041.046225443986,5.041046225443986,208.34586639588315,-0.1664409637482052,-9.449739431815075,9.999999999814463,5.257471602384898,50.99148606129701,Sector 3,585261.4356007925,6619792.244204608,47.954290684242984,46.03611905687326,1.0,0.9497695615997952
506,5.257450276710547,50.99146117953335,35.962547302246094,5051.046225443745,5.051046225443745,208.34586639719532,0.0,0.0,9.999999999758984,5.257428951036195,50.99143629774302,Sector 3,585256.6876743734,6619783.44322769,47.979915815000794,46.06071918240076,1.0,0.9501167762023022
507,5.257407625361843,50.99141141595268,35.962547302246094,5061.04622544356,5.06104622544356,209.1755347166364,0.0,0.0,9.999999999814463,5.257385739592964,50.99138674245816,Sector 3,585251.939747954,6619774.642250772,48.00549947043951,46.085279491621925,1.0,0.9504634288238163
508,5.257363853824084,50.99136206896363,35.962547302246094,5071.041628630034,5.071041628630034,212.81279600700103,0.0,0.0,9.995403186474505,5.257339514167064,50.99133830814703,Sector 3,585247.0671226593,6619765.914959808,48.06292367753849,46.14040673043695,1.0,0.9512415135653383
509,5.257315174510043,50.991314547330425,35.649356842041016,5081.041628629859,5.081041628629858,212.81279600684667,-0.0313190460210575,-1.793862785762642,9.999999999824468,5.2572908348530225,50.9912907864895,Sector 3,585241.6481662082,6619757.510502002,48.08843923615336,46.16490166670722,1.0,0.9515872434906192
510,5.257266495196002,50.99126702564857,35.649356842041016,5091.04162862962,5.09104162862962,212.8127959988634,0.0,0.0,9.999999999761712,5.257242155538982,50.99124326478331,Sector 3,585236.229209757,6619749.1060442,48.123926525329765,46.19896946431657,1.0,0.9520680880615948
511,5.257217815881962,50.991219503918046,34.68466567993164,5101.041628630164,5.101041628630164,212.81279601095304,-0.0964691162056907,-5.510222183742311,10.000000000543878,5.257193476224941,50.991195743028456,Sector 3,585230.8102533058,6619740.701586394,48.149359540712744,46.22338515908423,1.0,0.9524126995451507
512,5.257169136567921,50.99117198213887,34.68466567993164,5111.041628629989,5.111041628629989,212.81279599906944,0.0,0.0,9.999999999824468,5.257144796910901,50.99114822122495,Sector 3,585225.3912968546,6619732.297128591,48.174747597581444,46.24775769367818,1.0,0.9527567018512231
513,5.257120457253881,50.99112446031103,34.68466567993164,5121.04162862975,5.121041628629751,212.8127960111779,0.0,0.0,9.999999999761712,5.257096117596861,50.991100699372794,Sector 3,585219.9723404036,6619723.892670785,48.20990612606178,46.28150988101931,1.0,0.953233091790709
514,5.257071777939841,50.99107693843455,34.68466567993164,5131.041628629512,5.131041628629512,212.81279599535247,0.0,0.0,9.999999999761712,5.257047438282821,50.99105317747197,Sector 3,585214.5533839525,6619715.488212984,48.235207361430845,46.30579906697361,1.0,0.9535759176855167
515,5.2570230986258,50.99102941650938,34.68466567993164,5141.04162863012,5.14104162863012,212.81279600445453,0.0,0.0,10.000000000607542,5.2569987589687805,50.99100565552247,Sector 3,585209.1344275012,6619707.083755175,48.255774552820995,46.325543570708156,1.0,0.9538545983779476
516,5.25697441931176,50.99098189453557,34.68466567993164,5151.041628629881,5.151041628629882,212.8127960047923,0.0,0.0,9.999999999761712,5.2569500796547395,50.99095813352434,Sector 3,585203.7154710502,6619698.679297373,48.21389043048479,46.28533481326539,1.0,0.9532870781952889
517,5.256925739997719,50.9909343725131,34.10110092163086,5161.041628629643,5.161041628629643,212.81279600428692,-0.0583564758314686,-3.3397920127852885,9.999999999761712,5.256901400340698,50.99091061147753,Sector 3,585198.296514599,6619690.274839569,48.15679474066833,46.2305229510416,1.0,0.9525134447870593
518,5.256877060683678,50.99088685044197,34.10110092163086,5171.041628630251,5.171041628630251,212.8127960086041,0.0,0.0,10.000000000607542,5.256852721026657,50.99086308938209,Sector 3,585192.8775581478,6619681.870381762,48.05586808100732,46.133633357767025,1.0,0.9511459118621439
519,5.256828381369638,50.9908393283222,34.10110092163086,5181.041628630012,5.1810416286300125,212.81279600287823,0.0,0.0,9.999999999761712,5.256804041712618,50.99081556723797,Sector 3,585187.4586016966,6619673.465923961,47.72224814457816,45.81335821879503,1.0,0.9466254387878597
520,5.2567797020555975,50.99079180615375,34.18776321411133,5191.041628629774,5.191041628629774,212.81279600806667,0.0086662292482533,0.4965259301834275,9.999999999761712,5.256755362398577,50.9907680450452,Sector 3,585182.0396452455,6619665.061466157,47.380967146576495,45.48572846071343,1.0,0.94200116009893
521,5.2567310227415565,50.99074428393665,34.18776321411133,5201.041628629599,5.201041628629598,212.8127959984405,0.0,0.0,9.999999999824468,5.256706683084536,50.99072052280377,Sector 3,585176.6206887943,6619656.657008354,47.040208842343375,45.15860048864964,1.0,0.9373839637898249
522,5.256682343427516,50.99069676167088,34.18776321411133,5211.041628630142,5.211041628630142,212.8127960032215,0.0,0.0,10.000000000543878,5.256658003770497,50.99067300051368,Sector 3,585171.2017323431,6619648.252550548,46.884133905599455,45.008768549375475,1.0,0.9352691844493781
523,5.256633664113476,50.99064923935647,34.15071487426758,5221.041628629904,5.221041628629904,205.4365561827685,-0.0037048339844632,-0.2122703799167078,9.999999999761712,5.256614434530636,50.990623790263186,Sector 3,585165.782775892,6619639.848092746,46.92745820471313,45.05035987652461,1.0,0.9358562186946988
524,5.256595204947797,50.99059834116989,34.15071487426758,5231.00936665767,5.231009366657671,202.5648407838913,0.0,0.0,9.967738027766245,5.2565779694884345,50.990572233367786,Sector 3,585161.5015211523,6619630.846611799,47.02668983288615,45.1456222395707,1.0,0.9372007843344945
525,5.2565607340290725,50.990546125565686,34.15071487426758,5241.009366657496,5.241009366657496,195.1394853089206,0.0,0.0,9.999999999825377,5.2565495495625045,50.990520105271415,Sector 3,585157.6642360328,6619621.6121522635,47.145307385750336,45.25949509032032,1.0,0.9388080247758162
526,5.2565383650959365,50.99049408497714,34.15071487426758,5250.543775435512,5.250543775435512,154.8019721366427,0.0,0.0,9.534408778015859,5.256557487888775,50.99046850309677,Sector 3,585155.1741377864,6619612.408655021,47.28646927011885,45.3950104993141,1.0,0.9407207357014074
527,5.256576610681613,50.9904429212164,34.15071487426758,5260.543775435884,5.260543775435884,154.80197213572103,0.0,0.0,10.000000000371983,5.25659573347445,50.990417339307825,Sector 3,585159.431616909,6619603.360236843,47.42703066095048,45.52994943451246,1.0,0.9426253100782844
528,5.256614856267288,50.99039175739926,34.877532958984375,5270.543775435363,5.270543775435363,155.51922282832152,0.0726818084754608,4.157051080987024,9.999999999479769,5.256633403819077,50.990366116630874,Sector 3,585163.6890960315,6619594.311818666,47.566753390983756,45.6640832553444,1.0,0.9445185207950699
529,5.256651951370865,50.99034047586249,34.877532958984375,5280.508859033604,5.280508859033604,186.7405285928366,0.0,0.0,9.965083598240199,5.256646679465532,50.9903123989762,Sector 3,585167.8185040726,6619585.242591557,47.70579287820382,45.79756116307567,1.0,0.9464024737295613
530,5.256641407560198,50.99028432208991,34.877532958984375,5290.508859033246,5.290508859033246,220.0431295779359,0.0,0.0,9.999999999642569,5.256613890220677,50.99026371140933,Sector 3,585166.6447724381,6619575.311712744,47.84391249968084,45.9301559996936,1.0,0.9482739626957186
531,5.256586372881157,50.99024310072874,34.877532958984375,5300.031360295537,5.300031360295536,229.3934249428029,0.0,0.0,9.522501262290461,5.256552272998225,50.99022469933176,Sector 3,585160.5183399912,6619568.021660906,48.02339237901668,46.102456683856005,1.0,0.9507058736018754
532,5.2565181731152935,50.99020629793478,34.15217971801758,5310.031360295388,5.310031360295389,232.67042986152188,-0.072535324097755,-4.148702159938809,9.999999999851752,5.256482526632997,50.990189186585994,Sector 3,585152.9263767832,6619561.513043953,48.217191652945594,46.28850398682777,1.0,0.953331808997069
533,5.2564468801507,50.9901720752372,34.15217971801758,5320.012110317057,5.320012110317057,236.5284491241399,0.0,0.0,9.980750021668428,5.256409413239609,50.99015648234855,Sector 3,585144.9900802675,6619555.460724677,48.446183349545585,46.508336015563756,1.0,0.9564345935902037
534,5.256371946328519,50.99014088945991,34.15217971801758,5330.012110317242,5.330012110317242,236.5284491318517,0.0,0.0,10.000000000185537,5.25633447941743,50.99012529656079,Sector 3,585136.6484853391,6619549.945491767,48.89146621301365,46.9358075644931,1.0,0.9624680735323565
535,5.256297012506341,50.99010970366167,34.54388427734375,5340.012110317331,5.34001211031733,236.52844913021272,0.0391704559322716,2.2431550328805714,10.000000000088221,5.256259545595251,50.990094110752075,Sector 3,585128.306890411,6619544.430258856,49.31508829185994,47.342484760185535,1.0,0.9682080548464036
536,5.25622207868416,50.99007851784248,34.54388427734375,5350.012110317516,5.3500121103175164,236.5284491333951,0.0,0.0,10.000000000185537,5.25618461177307,50.99006292492241,Sector 3,585119.9652954827,6619538.915025945,49.71344634454807,47.72490849076614,1.0,0.973605714441856
537,5.25614714486198,50.99004733200234,34.54388427734375,5360.012110317188,5.360012110317188,236.5284491249892,0.0,0.0,9.999999999671672,5.2561096779508905,50.990031739071796,Sector 3,585111.6237005544,6619533.399793038,49.941605692705295,47.94394146499708,1.0,0.9766972209058591
538,5.256072211039801,50.99001614614125,34.54388427734375,5370.012110317276,5.370012110317276,236.52844912661024,0.0,0.0,10.000000000088221,5.25603474412871,50.99000055320022,Sector 3,585103.2821056263,6619527.884560129,50.01481439051325,48.01422181489272,1.0,0.977689181850359
539,5.25599727721762,50.98998496025919,34.54388427734375,5380.0121103174615,5.380012110317462,236.5284491295252,0.0,0.0,10.000000000185537,5.25595981030653,50.98996936730768,Sector 3,585094.9405106979,6619522.369327217,50.046100170407975,48.044256163591655,1.0,0.9781130969410932
540,5.25592234339544,50.989953774356174,36.01117706298828,5390.012110317133,5.390012110317133,236.5284491240996,0.1467292785692706,8.347403406345782,9.999999999671672,5.25588487648435,50.989938181394194,Sector 3,585086.5989157695,6619516.854094306,50.061044927276384,48.058603130185325,1.0,0.9783155949445053
541,5.255847409573261,50.989922588432215,36.01117706298828,5400.012110317319,5.400012110317319,236.52844912517352,0.0,0.0,10.000000000185537,5.255809942662171,50.989906995459755,Sector 3,585078.2573208414,6619511.338861396,50.061044927340156,48.058603130246546,1.0,0.9783155949453692
542,5.255772475751081,50.989891402487295,36.01117706298828,5410.012110317407,5.410012110317407,236.52844913644535,0.0,0.0,10.000000000088221,5.255735008839991,50.98987580950437,Sector 3,585069.9157259131,6619505.823628485,50.06104492733087,48.058603130237636,1.0,0.9783155949452436
543,5.2556975419289005,50.98986021652144,35.29277801513672,5420.012110317079,5.420012110317079,236.52844912296712,-0.0718399047875149,-4.109064125878408,9.999999999671672,5.255660075017811,50.98984462352802,Sector 3,585061.5741309847,6619500.308395579,50.06106040466825,48.058617988481515,1.0,0.9783158046595899
544,5.255622608106721,50.9898290305346,35.68460464477539,5430.012110317264,5.430012110317264,236.52844912702136,0.0391826629631402,2.2438533724162366,10.000000000185537,5.255585141195631,50.989813437530714,Sector 3,585053.2325360567,6619494.793162665,50.024972537458744,48.023973635960395,1.0,0.9778268223949955
545,5.25554767428454,50.98979784452682,35.68460464477539,5440.01211031745,5.44001211031745,236.5284491320897,0.0,0.0,10.000000000185537,5.255510207373451,50.98978225151246,Sector 3,585044.8909411283,6619489.277929755,50.05561859277243,48.053393849061536,1.0,0.9782420693654295
546,5.255472740462362,50.9897666584981,35.68460464477539,5450.012110317025,5.450012110317025,236.5284491304958,0.0,0.0,9.999999999575266,5.255435273551271,50.98975106547326,Sector 3,585036.5493462001,6619483.762696846,50.052849937510274,48.05073594000986,1.0,0.9782045547261711
547,5.255397806640181,50.989735472448416,35.68460464477539,5460.0121103172105,5.46001211031721,236.5284491122168,0.0,0.0,10.000000000185537,5.255360339729091,50.98971987941309,Sector 3,585028.2077512718,6619478.247463938,50.050079339043236,48.048076165481504,1.0,0.9781670137569354
548,5.255322872818001,50.98970428637776,35.68460464477539,5470.012110317396,5.470012110317396,236.52844913880375,0.0,0.0,10.000000000185537,5.255285405906911,50.98968869333196,Sector 3,585019.8661563435,6619472.732231023,50.04555372100993,48.043731572169534,1.0,0.9781056926779763
549,5.255247938995822,50.98967310028617,35.68460464477539,5480.012110317484,5.480012110317484,236.52844912971665,0.0,0.0,10.000000000088221,5.255210472084732,50.98965750722989,Sector 3,585011.5245614154,6619467.216998116,50.04277933778064,48.04106816426941,1.0,0.9780681004260865
550,5.255173005173641,50.989641914173625,35.68460464477539,5490.012110317156,5.490012110317156,236.2662312182229,0.0,0.0,9.999999999671672,5.255135652582156,50.98962621357093,Sector 3,585003.182966487,6619461.701765206,50.0400030158543,48.03840289522013,1.0,0.9780304819052994
551,5.255098299990672,50.98961051296824,40.463134765625,5500.011961315297,5.500011961315297,235.89314718007176,0.4778601322897431,25.54127589831348,9.999850998141483,5.255061110052724,50.98959465935308,Sector 3,584994.8668235592,6619456.148497088,50.03399563362983,48.03263580828463,1.0,0.9779490832638293
552,5.255023920114775,50.98957880573792,35.639991760253906,5510.011961315157,5.510011961315158,235.89314718300665,-0.4823143005438647,-25.7486780352808,9.999999999859938,5.254986730176826,50.989562952111925,Sector 3,584986.5868936491,6619450.541112611,50.033120610284264,48.031795785872895,1.0,0.9779372268996223
553,5.254949540238878,50.98954709848592,35.639991760253906,5520.011961315017,5.520011961315017,235.89314716545164,0.0,0.0,9.999999999859938,5.25491235030093,50.98953124484909,Sector 3,584978.3069637391,6619444.933728133,50.03033855519129,48.02912501298364,1.0,0.9778995306957516
554,5.254875160362981,50.98951539121226,35.639991760253906,5530.011961315399,5.530011961315399,235.8931471790687,0.0,0.0,10.000000000381988,5.254837970425033,50.989499537564605,Sector 3,584970.0270338289,6619439.326343653,50.031681301208806,48.030414049160456,1.0,0.9779177245941222
555,5.254800780487084,50.98948368391695,37.69601058959961,5540.011961315259,5.540011961315259,235.8931471742956,0.20560188293745,11.618216856386786,9.999999999859938,5.254763590549135,50.98946783025846,Sector 3,584961.7471039188,6619433.718959176,50.02786227729817,48.02674778620624,1.0,0.9778659777023062
556,5.254726400611188,50.98945197659997,37.69601058959961,5550.011961315119,5.55001196131512,235.8931471775319,0.0,0.0,9.999999999859938,5.25468921067324,50.989436122930655,Sector 3,584953.4671740087,6619428.111574699,50.02507425676853,48.02407128649779,1.0,0.9778282006681465
557,5.254652020735291,50.98942026926134,37.69601058959961,5560.011961314979,5.560011961314979,235.89314717543567,0.0,0.0,9.999999999859938,5.254614830797342,50.98940441558119,Sector 3,584945.1872440986,6619422.504190219,50.02228430825249,48.021392935922385,1.0,0.9777903975102167
558,5.254577640859394,50.989388561901045,37.69601058959961,5570.011961315361,5.570011961315361,235.89314717601215,0.0,0.0,10.000000000381988,5.254540450921446,50.98937270821007,Sector 3,584936.9073141885,6619416.896805742,50.02064499993399,48.019819199936634,1.0,0.9777681852611722
559,5.254503260983498,50.98935685451909,37.69601058959961,5580.011961315221,5.580011961315221,235.8931471712561,0.0,0.0,9.999999999859938,5.254466071045549,50.98934100081728,Sector 3,584928.6273842783,6619411.289421265,50.02020305709116,48.01939493480751,1.0,0.9777621970377379
560,5.254428881107601,50.989325147115466,37.69601058959961,5590.011961315081,5.590011961315081,235.8931471768935,0.0,0.0,9.999999999859938,5.254391691169653,50.989309293402826,Sector 3,584920.3474543683,6619405.682036786,50.0103170103563,48.009904329942046,1.0,0.9776282433881018
561,5.254354501231704,50.989293439690194,35.146724700927734,5600.011961314941,5.600011961314941,235.8931471644252,-0.2549285888707581,-14.301710034205838,9.999999999859938,5.254317311293756,50.98927758596672,Sector 3,584912.0675244583,6619400.074652308,50.01031701035747,48.00990432994317,1.0,0.9776282433881176
562,5.254280121355808,50.98926173224324,34.56267166137695,5610.011961315323,5.6100119613153225,235.89314718665025,-0.0584053039528471,-3.3425801551567167,10.000000000381988,5.254242931417859,50.98924587850895,Sector 3,584903.7875945482,6619394.467267829,50.010317010339215,48.00990432992565,1.0,0.9776282433878705
563,5.25420574147991,50.98923002477466,34.56267166137695,5620.011961315183,5.620011961315183,235.8931471706689,0.0,0.0,9.999999999859938,5.254168551541962,50.98921417102953,Sector 3,584895.507664638,6619388.859883354,50.01412465293618,48.013559666818736,1.0,0.9776798360655152
564,5.254131361604014,50.9891983172844,34.56267166137695,5630.011961315043,5.630011961315042,235.8931471795605,0.0,0.0,9.999999999859938,5.2540941716660665,50.98918246352844,Sector 3,584887.227734728,6619383.252498874,50.014124652940694,48.01355966682306,1.0,0.9776798360655763
565,5.254056981728118,50.98916660977248,34.56267166137695,5640.011961314903,5.640011961314903,235.8931471721617,0.0,0.0,9.999999999859938,5.254019791790169,50.98915075600569,Sector 3,584878.9478048179,6619377.645114397,50.014124652910304,48.01355966679389,1.0,0.9776798360651646
566,5.253982601852221,50.9891349022389,39.13470458984375,5650.011961315285,5.650011961315284,235.89314717544067,0.457203292829215,24.57003541413304,10.000000000381988,5.253945411914273,50.98911904846129,Sector 3,584870.6678749078,6619372.037729917,50.021905651977974,48.02102942589885,1.0,0.9777852668051645
567,5.2539082219763245,50.98910319468367,39.13470458984375,5660.011961315145,5.660011961315145,235.89314717872392,0.0,0.0,9.999999999859938,5.253871032038376,50.989087340895225,Sector 3,584862.3879449978,6619366.430345442,50.02190565199506,48.02102942591526,1.0,0.9777852668053961
568,5.253833842100428,50.98907148710677,39.13470458984375,5670.011961315005,5.670011961315004,235.89314716571675,0.0,0.0,9.999999999859938,5.25379665216248,50.98905563330749,Sector 3,584854.1080150877,6619360.822960963,50.02190565204885,48.021029425966894,1.0,0.9777852668061249
569,5.253759462224531,50.98903977950821,39.13470458984375,5680.0119613153865,5.680011961315387,235.89314717491408,0.0,0.0,10.000000000381988,5.253722272286582,50.98902392569809,Sector 3,584845.8280851777,6619355.215576485,50.01621490115926,48.015566305112884,1.0,0.9777081584461023
570,5.253685082348634,50.98900807188798,35.06632995605469,5690.011961315247,5.690011961315246,235.8931471779257,-0.4068374633846045,-22.13833344911452,9.999999999860847,5.253647892410685,50.98899221806704,Sector 3,584837.5481552675,6619349.608192005,49.97217917065971,47.973292003833315,1.0,0.9771114844698396
571,5.253610702472737,50.988976364246106,35.06632995605469,5700.011961315106,5.700011961315107,235.89314717855763,0.0,0.0,9.999999999859028,5.253573512534789,50.98896051041434,Sector 3,584829.2682253574,6619344.000807528,49.972179170667424,47.973292003840726,1.0,0.9771114844699444
572,5.25353632259684,50.98894465658257,35.06632995605469,5710.011961314966,5.710011961314966,235.89314716852036,0.0,0.0,9.999999999859938,5.253499132658892,50.98892880273996,Sector 3,584820.9882954473,6619338.393423051,50.02192103208267,48.021044190799365,1.0,0.9777854752020305
573,5.253461942720944,50.988912948897365,37.54800796508789,5720.011961315348,5.720011961315349,235.8931471798343,0.2481678008938406,13.937398811324876,10.000000000381988,5.253424752782996,50.98889709504394,Sector 3,584812.7083655372,6619332.786038571,50.02192103208969,48.0210441908061,1.0,0.9777854752021256
574,5.253387562845047,50.988881241190505,37.54800796508789,5730.011961315208,5.730011961315208,235.89314717514225,0.0,0.0,9.999999999859938,5.253350372907098,50.98886538732624,Sector 3,584804.4284356271,6619327.178654093,49.999679813970175,47.99969262141137,1.0,0.9774841118342026
575,5.25331318296915,50.98884953346198,37.54800796508789,5740.011961315068,5.740011961315068,235.89314718913317,0.0,0.0,9.999999999859938,5.2532759930312025,50.9888336795869,Sector 3,584796.1485057169,6619321.571269616,49.999679813966054,47.99969262140741,1.0,0.9774841118341466
576,5.253238803093254,50.98881782571181,37.54800796508789,5750.011961314928,5.750011961314928,235.8931471601499,0.0,0.0,9.999999999859938,5.253201613155305,50.988801971825886,Sector 3,584787.8685758068,6619315.963885141,49.9996798139869,47.99969262142742,1.0,0.9774841118344291
577,5.253164423217357,50.98878611793996,41.58355712890625,5760.01196131531,5.760011961315311,235.89314718005485,0.4035549163664206,21.976781637139027,10.000000000381988,5.253127233279408,50.98877026404321,Sector 3,584779.5886458969,6619310.356500661,49.99967981400554,47.99969262144531,1.0,0.9774841118346815
578,5.25309004334146,50.988754410146456,41.58355712890625,5770.01196131517,5.77001196131517,235.89314717242712,0.0,0.0,9.999999999859938,5.253052853403512,50.98873855623887,Sector 3,584771.3087159867,6619304.749116181,50.021930536666865,48.02105331520019,1.0,0.9777856039869508
579,5.253015663465563,50.988722702331295,33.36115264892578,5780.01196131503,5.78001196131503,235.8931471781456,-0.8222404480095633,-39.42842523934684,9.999999999859938,5.252978473527615,50.98870684841288,Sector 3,584763.0287860766,6619299.141731704,50.02193053662994,48.021053315164735,1.0,0.9777856039864503
580,5.252941283589667,50.98869099449447,33.36115264892578,5790.01196131489,5.79001196131489,235.89314717376357,0.0,0.0,9.999999999859938,5.252904093651718,50.988675140565235,Sector 3,584754.7488561666,6619293.534347226,50.02195762920704,48.02107932403875,1.0,0.977785971084612
581,5.2528669037137705,50.98865928663599,33.36115264892578,5800.011961315272,5.800011961315272,235.89314717176973,0.0,0.0,10.000000000381988,5.252829713775823,50.988643432695916,Sector 3,584746.4689262565,6619287.926962748,50.00833311880728,48.00799979405499,1.0,0.9776013621158806
582,5.252792523837874,50.98862757875584,33.36115264892578,5810.011961315132,5.810011961315132,235.89314717778532,0.0,0.0,9.999999999859938,5.252755333899925,50.98861172480494,Sector 3,584738.1889963464,6619282.3195782695,50.008333118793395,48.00799979404166,1.0,0.9776013621156923
583,5.252718143961977,50.98859587085404,33.36115264892578,5820.011961314992,5.820011961314992,235.8931471704634,0.0,0.0,9.999999999859938,5.252680954024029,50.98858001689231,Sector 3,584729.9090664363,6619276.712193791,50.00833311873291,48.007999793983586,1.0,0.9776013621148727
584,5.252643764086081,50.98856416293057,33.36115264892578,5830.011961314852,5.830011961314852,235.89314717915587,0.0,0.0,9.999999999859938,5.252606574148132,50.988548308958016,Sector 3,584721.6291365263,6619271.104809314,50.008333118791185,48.007999794039534,1.0,0.9776013621156625
585,5.252569384210183,50.98853245498545,33.81003952026367,5840.01196131533,5.84001196131533,235.8931471771792,0.0448886871316416,2.570206929773847,10.000000000478394,5.252532194272234,50.98851660100206,Sector 3,584713.3492066162,6619265.497424836,49.962131865286175,47.96364659067473,1.0,0.9769753458028994
586,5.252495004334286,50.98850074701866,33.81003952026367,5850.01196131519,5.85001196131519,235.8931471701544,0.0,0.0,9.999999999859938,5.252457814396338,50.988484893024435,Sector 3,584705.0692767061,6619259.890040358,49.9621318652956,47.96364659068378,1.0,0.9769753458030273
587,5.252420624458389,50.98846903903021,34.02751922607422,5860.01196131505,5.86001196131505,235.8931471785753,0.0217479705813592,1.245870530505089,9.999999999859938,5.252383434520441,50.988453185025165,Sector 3,584696.7893467959,6619254.282655879,50.0217300358131,48.02086083438057,1.0,0.9777828872466967
588,5.252346244582492,50.98843733102012,32.90121841430664,5870.011961315432,5.8700119613154325,235.89314717661145,-0.1126300811724554,-6.426146576612969,10.000000000381988,5.2523090546445435,50.98842147700424,Sector 3,584688.5094168858,6619248.675271404,50.02173003577744,48.02086083434634,1.0,0.9777828872462135
589,5.252271864706596,50.988405622988346,32.90121841430664,5880.011961315292,5.880011961315292,235.8931471719834,0.0,0.0,9.999999999859938,5.252234674768648,50.98838976896163,Sector 3,584680.2294869757,6619243.067886925,50.01916892710787,48.018402170023556,1.0,0.9777481848153426
590,5.252197484830699,50.98837391493492,32.90121841430664,5890.011961315152,5.890011961315152,235.8931471753648,0.0,0.0,9.999999999859938,5.25216029489275,50.988358060897376,Sector 3,584671.9495570656,6619237.460502447,50.01719768551051,48.01650977809009,1.0,0.9777214749470442
591,5.252123104954802,50.98834220685983,32.90121841430664,5900.011961315012,5.900011961315012,235.8931471734137,0.0,0.0,9.999999999859938,5.252085915016854,50.988326352811455,Sector 3,584663.6696271555,6619231.853117968,50.006115796678856,48.0058711648117,1.0,0.9775713179132293
592,5.252048725078906,50.98831049876308,32.90121841430664,5910.011961315394,5.910011961315393,235.89314718214024,0.0,0.0,10.000000000381988,5.252011535140957,50.98829464470387,Sector 3,584655.3896972454,6619226.24573349,49.99500379480716,47.995203643014875,1.0,0.9774207528546779
593,5.251974345203009,50.98827879064467,32.90121841430664,5920.011961315254,5.920011961315254,235.8931471745766,0.0,0.0,9.999999999859938,5.251937155265061,50.98826293657464,Sector 3,584647.1097673354,6619220.6383490125,49.979806118614924,47.980613873870325,1.0,0.9772148278528507
594,5.251899965327112,50.98824708250461,32.90121841430664,5930.011961315114,5.930011961315114,235.89314717587547,0.0,0.0,9.999999999859938,5.251862775389164,50.98823122842374,Sector 3,584638.8298374253,6619215.030964536,49.96863508335899,47.96988968002463,1.0,0.9770634629055792
595,5.251825585451215,50.98821537434288,32.90121841430664,5940.011961314974,5.9400119613149736,235.893147165652,0.0,0.0,9.999999999859938,5.251788395513266,50.98819952025118,Sector 3,584630.5499075152,6619209.423580058,49.956183080263926,47.95793575705337,1.0,0.976894741139984
596,5.251751205575318,50.98818366615948,31.76715660095215,5950.011961315356,5.950011961315355,235.89314718240064,-0.1134061813311172,-6.470053016827722,10.000000000381988,5.25171401563737,50.98816781205696,Sector 3,584622.269977605,6619203.816195577,49.95027913757897,47.95226797207581,1.0,0.9768147440803803
597,5.2516768256994215,50.98815195795444,31.76715660095215,5960.011961315216,5.960011961315216,235.44470644624693,0.0,0.0,9.999999999859938,5.2516398392499966,50.9881359233669,Sector 3,584613.9900476949,6619198.208811102,49.93901800028254,47.94145728027124,1.0,0.9766621582712731
598,5.2516028528005725,50.98811988877935,31.76715660095215,5970.010548406051,5.970010548406052,233.37615626352064,0.0,0.0,9.998587090835827,5.251566804800875,50.988103021868056,Sector 3,584605.7554222626,6619192.537595377,49.92472817137232,47.92773904451743,1.0,0.9764685343904098
599,5.251530756801178,50.988086154956754,31.76715660095215,5980.01054840605,5.9800105484060495,233.3761562685468,0.0,0.0,9.999999999998181,5.251494708801482,50.9880692880332,Sector 3,584597.7297323217,6619186.5720022805,49.913408736163255,47.916872386716726,1.0,0.976315158658053
600,5.251458660801785,50.98805242110966,31.317739486694336,5990.010548405954,5.990010548405954,233.37615627418307,-0.0449417114262104,-2.573238881479639,9.999999999904503,5.251422612802089,50.98803555417385,Sector 3,584589.7040423811,6619180.6064091865,49.89881060289422,47.90285817877845,1.0,0.9761173573243442
601,5.2513865648023925,50.988018687238046,31.317739486694336,6000.010548405859,6.000010548405859,233.37615625943567,0.0,0.0,9.999999999904503,5.251350516802695,50.98800182028998,Sector 3,584581.6783524405,6619174.640816093,49.887433322629356,47.89193598972418,1.0,0.9759631978048431
602,5.251314468802999,50.98798495334191,31.317739486694336,6010.010548405763,6.010010548405763,233.3761562676683,0.0,0.0,9.999999999904503,5.2512784208033025,50.987968086381585,Sector 3,584573.6526624997,6619168.675222996,49.87602689754593,47.88098582164409,1.0,0.9758086433797828
603,5.251242372803605,50.98795121942126,31.317739486694336,6020.010548405761,6.020010548405761,233.37615626267137,0.0,0.0,9.999999999998181,5.251206324803909,50.987934352448676,Sector 3,584565.626972559,6619162.709629901,49.864591425533405,47.87000776851207,1.0,0.975653695375543
604,5.2511702768042126,50.98791748547609,31.317739486694336,6030.0105484062215,6.030010548406222,233.37615626863004,0.0,0.0,10.000000000460204,5.251134228804515,50.98790061849125,Sector 3,584557.6012826184,6619156.744036805,49.86189480071751,47.867419008688806,1.0,0.9756171567321927
605,5.251098180804819,50.98788375150641,30.61584854125977,6040.010548406126,6.040010548406126,233.37615626881583,-0.0701890945441273,-4.01495428857583,9.999999999904503,5.251062132805123,50.987866884509316,Sector 3,584549.5755926776,6619150.77844371,49.85244967962122,47.85835169243637,1.0,0.975489177523108
606,5.251026084805426,50.987850017512216,30.61584854125977,6050.010548406031,6.05001054840603,233.37615625698237,0.0,0.0,9.999999999905413,5.250990036805729,50.98783315050285,Sector 3,584541.549902737,6619144.812850615,49.84929062169861,47.85531899683066,1.0,0.9754463730179812
607,5.250953988806032,50.98781628349349,30.04401588439941,6060.010548406029,6.060010548406028,233.37615627239387,-0.0571832656860455,-3.272795621493249,9.999999999997272,5.250917940806335,50.98779941647187,Sector 3,584533.5242127961,6619138.847257517,49.84929062168549,47.85531899681807,1.0,0.9754463730178033
608,5.250881892806639,50.987782549450266,30.04401588439941,6070.010548405933,6.070010548405933,233.37615626513804,0.0,0.0,9.999999999904503,5.250845844806943,50.987765682416395,Sector 3,584525.4985228556,6619132.881664424,49.85080862091431,47.85677627607773,1.0,0.9754669415567045
609,5.250809796807246,50.98774881538252,30.04401588439941,6080.010548405838,6.080010548405838,233.37615626793013,0.0,0.0,9.999999999904503,5.25077374880755,50.98773194833639,Sector 3,584517.4728329149,6619126.916071329,49.850808620971414,47.85677627613256,1.0,0.9754669415574784
610,5.2507377008078535,50.987715081290254,30.04401588439941,6090.010548405742,6.090010548405743,233.37615627163484,0.0,0.0,9.999999999904503,5.250701652808157,50.98769821423187,Sector 3,584509.4471429744,6619120.950478234,49.850808620934295,47.85677627609692,1.0,0.9754669415569754
611,5.25066560480846,50.98768134717348,31.312301635742188,6100.010548405647,6.100010548405646,233.3761562618076,0.1268285751354885,7.228150823720989,9.999999999904503,5.250629556808763,50.98766448010282,Sector 3,584501.4214530336,6619114.98488514,49.85080862100666,47.856776276166386,1.0,0.975466941557956
612,5.250593508809066,50.98764761303217,31.312301635742188,6110.0105484062,6.1100105484062,233.3761562700899,0.0,0.0,10.000000000552973,5.25055746080937,50.98763074594927,Sector 3,584493.3957630929,6619109.0192920435,49.85123672050938,47.857187251689,1.0,0.9754727422073293
613,5.250521412809673,50.98761387886636,30.014535903930664,6120.010548406104,6.120010548406104,233.37615627061808,-0.1297765731823916,-7.394323103883827,9.999999999904503,5.250485364809975,50.9875970117712,Sector 3,584485.3700731521,6619103.053698949,49.85246709185597,47.85836840818173,1.0,0.9754894134548666
614,5.250449316810279,50.98758014467604,30.014535903930664,6130.010548406009,6.130010548406009,233.37615626567597,0.0,0.0,9.999999999904503,5.250413268810583,50.98756327756861,Sector 3,584477.3443832115,6619097.0881058555,49.84974949997276,47.855759519973844,1.0,0.9754525907125977
615,5.250377220810886,50.98754641046119,30.014535903930664,6140.010548405913,6.140010548405913,233.3761562668192,0.0,0.0,9.999999999904503,5.250341172811189,50.98752954334151,Sector 3,584469.3186932708,6619091.122512758,49.85144771081877,47.85738980238602,1.0,0.9754756010772838
616,5.250305124811492,50.98751267622183,30.014535903930664,6150.010548405911,6.150010548405911,233.37615627192997,0.0,0.0,9.999999999998181,5.250269076811795,50.98749580908989,Sector 3,584461.2930033299,6619085.156919665,49.85089472111292,47.8568589322684,1.0,0.9754681081945071
617,5.250233028812099,50.98747894195796,30.014535903930664,6160.010548405816,6.160010548405816,233.37615625954624,0.0,0.0,9.999999999904503,5.250196980812403,50.987462074813756,Sector 3,584453.2673133893,6619079.191326572,49.8481922796448,47.854264588459,1.0,0.9754314907368629
618,5.250160932812706,50.98744520766955,30.014535903930664,6170.01054840572,6.17001054840572,233.3761562785064,0.0,0.0,9.999999999904503,5.25012488481301,50.987428340513105,Sector 3,584445.2416234487,6619073.225733474,49.65896345697131,47.67260491869245,1.0,0.9728674839004319
619,5.250088836813313,50.98741147335665,30.17267799377441,6180.0105484061805,6.18001054840618,233.376156268719,0.0158142089836472,0.90601190820434,10.000000000460204,5.2500527888136155,50.987394606187934,Sector 3,584437.2159335079,6619067.260140381,49.457412742624946,47.47911623291995,1.0,0.9701365182781212
620,5.250016740813919,50.98737773901922,30.17267799377441,6190.010548406179,6.190010548406179,233.3761562534613,0.0,0.0,9.999999999998181,5.249980692814223,50.98736087183825,Sector 3,584429.1902435672,6619061.294547286,49.254546214920985,47.28436436632414,1.0,0.9673877236887605
621,5.249944644814526,50.98734400465727,28.98175048828125,6200.010548406083,6.200010548406083,233.3761562672637,-0.1190927505504537,-6.791524270229171,9.999999999904503,5.24990859681483,50.987327137464035,Sector 3,584421.1645536266,6619055.328954188,49.049875549798024,47.0878805278061,1.0,0.9646144834541179
622,5.249872548815133,50.98731027027081,28.98175048828125,6210.010548405988,6.210010548405988,233.37615626236143,0.0,0.0,9.999999999904503,5.249836500815436,50.98729340306532,Sector 3,584413.1388636858,6619049.363361093,48.83513942814509,46.881733851019284,1.0,0.9617048586085584
623,5.24980045281574,50.98727653585984,28.767202377319336,6220.010548405892,6.2200105484058925,233.3761562706985,-0.0214548110963962,-1.2290815634817356,9.999999999904503,5.249764404816044,50.98725966864209,Sector 3,584405.1131737452,6619043.397767998,48.61518898124696,46.67058142199708,1.0,0.9587245808604059
624,5.249728356816347,50.98724280142434,28.767202377319336,6230.010548405797,6.230010548405796,232.78506590760747,0.0,0.0,9.999999999904503,5.24969272116169,50.98722576505769,Sector 3,584397.0874838046,6619037.432174903,48.390514369419634,46.45489379464285,1.0,0.9556802917687186
625,5.249657085507032,50.98720872869104,28.767202377319336,6239.97308570783,6.23997308570783,192.8009367743129,0.0,0.0,9.962537302033525,5.249647133776749,50.987181157209946,Sector 3,584389.1535979434,6619031.40676167,48.16161628091469,46.2351516296781,1.0,0.952578775543649
626,5.249637182046468,50.98715358572886,28.767202377319336,6249.973085708389,6.249973085708389,192.8009367770794,0.0,0.0,10.00000000055843,5.249627230316186,50.98712601421502,Sector 3,584386.9379548484,6619021.655304051,47.92815499620656,46.011028796358296,1.0,0.9494154290640986
627,5.249617278585903,50.98709844270119,28.767202377319336,6259.973085708065,6.259973085708065,192.80093677721527,0.0,0.0,9.99999999967622,5.24960732685562,50.98707087115459,Sector 3,584384.7223117534,6619011.903846434,47.69172508538307,45.78405608196775,1.0,0.9462118583864214
628,5.249597375125337,50.987043299608,28.45383644104004,6269.973085707715,6.269973085707715,192.8009367754346,-0.0313365936290269,-1.7948672038714433,9.999999999649845,5.249587423395054,50.98701572802865,Sector 3,584382.506668658,6619002.152388816,47.453256455373165,45.55512619715824,1.0,0.9429806635347007
629,5.2495774716647725,50.98698815644931,28.45383644104004,6279.973085708273,6.279973085708273,192.8009367772856,0.0,0.0,10.00000000055843,5.249567519934489,50.986960584837206,Sector 3,584380.291025563,6618992.400931198,47.453256455373165,45.55512619715824,1.0,0.9429806635347007
630,5.249557568204207,50.98693301322511,28.45383644104004,6289.973085707949,6.289973085707949,192.8009367743084,0.0,0.0,9.99999999967622,5.249547616473924,50.98690544158025,Sector 3,584378.0753824677,6618982.649473582,47.453256455373165,45.55512619715824,1.0,0.9429806635347007
631,5.249537664743642,50.98687786993539,28.45383644104004,6299.973085707599,6.299973085707599,192.8009367744683,0.0,0.0,9.999999999649845,5.249527713013359,50.98685029825778,Sector 3,584375.8597393727,6618972.898015962,47.453256455373165,45.55512619715824,1.0,0.9429806635347007
632,5.2495177612830775,50.98682272658017,28.45383644104004,6309.973085708158,6.309973085708157,192.8009367770513,0.0,0.0,10.00000000055843,5.249507809552795,50.98679515486981,Sector 3,584373.6440962777,6618963.146558343,47.453256455373165,45.55512619715824,1.0,0.9429806635347007
633,5.249497857822512,50.98676758315945,28.21550178527832,6319.973085707834,6.319973085707834,192.8009367750256,-0.0238334655769435,-1.3652985158464213,9.99999999967622,5.24948790609223,50.98674001141633,Sector 3,584371.4284531825,6618953.395100727,47.453256455373165,45.55512619715824,1.0,0.9429806635347007
634,5.249477954361947,50.98671243967322,28.21550178527832,6329.973085708392,6.329973085708392,192.8009326385125,0.0,0.0,10.00000000055843,5.249473327180974,50.986699619836614,Sector 3,584369.2128100874,6618943.643643109,47.453256455373165,45.55512619715824,1.0,0.9429806635347007
635,5.2494687,50.98668680000001,28.21550178527832,6334.622710288168,6.334622710288167,192.8009326385125,0.0,0.0,4.6496245797752636,5.2494687,50.98668680000001,Sector 3,584368.1826192278,6618939.109581405,47.453256455373165,45.55512619715824,1.0,0.9429806635347007
