center_index,point_id,distance_m,distance_km,sector,heading_deg,slope_deg,lane_index,lane_alpha,x_m,y_m,geometry,lon,lat,candidate_irradiance_wm2,candidate_power_w,candidate_shadow_factor,solar_score
0,0,0.0,0.0,Sector 1,150.26834854360243,0.0,4,0.9,584459.130643206,6619086.328494265,POINT (584459.130643206 6619086.328494265),5.2502857,50.98751930124451,41.17672767979925,39.529658572607275,1.0,0.9301378041889283
1,1,9.9999999996696,0.0099999999996696,Sector 1,150.26834854362596,-4.4021768107268455,4,0.9,584467.2106826799,6619092.167915432,POINT (584467.2106826799 6619092.167915432),5.2503582842295575,50.987552322002315,41.05524961139525,39.41303962693944,1.0,0.9282787948019642
2,2,20.00000000014792,0.0200000000001479,Sector 1,150.2683485532291,0.0,4,0.9,584475.3928856612,6619097.862374002,POINT (584475.3928856612 6619097.862374002),5.250431786209516,50.98758452300304,41.17672767979925,39.529658572607275,1.0,0.9301378041889283
3,3,29.999999999759787,0.0299999999997597,Sector 1,150.2683485411656,0.0,4,0.9,584483.6157679339,6619103.499037195,POINT (584483.6157679339 6619103.499037195),5.250505653617767,50.98761639716069,41.17672767979925,39.529658572607275,1.0,0.9301378041889283
4,4,40.0000000002381,0.0400000000002381,Sector 1,150.2683485482708,0.0,4,0.9,584491.8418490796,6619109.131080293,POINT (584491.8418490796 6619109.131080293),5.250579549761983,50.987648245170824,41.17672767979925,39.529658572607275,1.0,0.9301378041889283
5,5,49.9999999999077,0.0499999999999077,Sector 1,150.2683485430215,0.0,4,0.9,584500.0679302248,6619114.76312339,POINT (584500.0679302248 6619114.76312339),5.250653445906194,50.987680093159085,41.17672767979925,39.529658572607275,1.0,0.9301378041889283
6,6,60.00000000038602,0.060000000000386,Sector 1,150.2683485482325,-0.3000556633381157,4,0.9,584508.2915482017,6619120.398747596,POINT (584508.2915482017 6619120.398747596),5.250727319923389,50.98771196137587,41.176163029927906,39.52911650873079,1.0,0.9301291632101494
7,7,70.00000000005562,0.0700000000000556,Sector 1,150.2683485409256,0.0,4,0.9,584516.515032738,6619126.0345658045,POINT (584516.515032738 6619126.0345658045),5.250801192741865,50.98774383066783,41.17672767979925,39.529658572607275,1.0,0.9301378041889283
8,8,79.99999999966748,0.0799999999996674,Sector 1,150.26834854727542,0.0,4,0.9,584524.734185799,6619131.676693896,POINT (584524.734185799 6619131.676693896),5.2508750266500375,50.98777573561884,41.17672767979925,39.529658572607275,1.0,0.9301378041889283
9,9,90.0000000001458,0.0900000000001458,Sector 1,150.26834854474407,0.0,4,0.9,584532.9453788981,6619137.330417675,POINT (584532.9453788981 6619137.330417675),5.2509487890526545,50.987807706118836,41.17672767979925,39.529658572607275,1.0,0.9301378041889283
10,10,99.9999999998154,0.0999999999998154,Sector 1,150.26834854699786,0.0,4,0.9,584541.1565719963,6619142.984141453,POINT (584541.1565719963 6619142.984141453),5.251022551455264,50.987839676596806,41.17672767979925,39.529658572607275,1.0,0.9301378041889283
11,11,110.00000000029372,0.1100000000002937,Sector 1,150.26834854461094,0.0,4,0.9,584549.3677650953,6619148.637865232,POINT (584549.3677650953 6619148.637865232),5.251096313857882,50.987871647052756,41.17672767979925,39.529658572607275,1.0,0.9301378041889283
12,12,119.99999999990558,0.1199999999999055,Sector 1,150.26834854916126,0.7849527245526423,4,0.9,584557.5789581935,6619154.2915890105,POINT (584557.5789581935 6619154.2915890105),5.251170076260492,50.98790361748668,41.17286350486156,39.525948964667094,1.0,0.9300786697494661
13,13,130.0000000003839,0.1300000000003839,Sector 1,150.26834854108006,-1.1861196413627362,4,0.9,584565.7900416007,6619159.94547136,POINT (584565.7900416007 6619159.94547136),5.25124383767773,50.987935588795274,41.16790464372793,39.52118845797881,1.0,0.9300027830522442
14,14,140.0000000000535,0.1400000000000535,Sector 1,150.26834854373624,0.0,4,0.9,584574.0008033635,6619165.599818678,POINT (584574.0008033635 6619165.599818678),5.251317596205588,50.98796756271112,41.17672767979925,39.529658572607275,1.0,0.9301378041889283
15,15,149.9999999997231,0.149999999999723,Sector 1,150.2683485459425,0.0,4,0.9,584582.2115651263,6619171.254165996,POINT (584582.2115651263 6619171.254165996),5.251391354733446,50.98799953660494,41.17672767979925,39.529658572607275,1.0,0.9301378041889283
16,16,160.0000000002014,0.1600000000002014,Sector 1,150.2683485483027,0.0,4,0.9,584590.4223268898,6619176.908513314,POINT (584590.4223268898 6619176.908513314),5.25146511326131,50.98803151047674,41.17672767979925,39.529658572607275,1.0,0.9301378041889283
17,17,169.99999999981327,0.1699999999998132,Sector 1,150.26834854641288,0.0,4,0.9,584598.6330886525,6619182.562860631,POINT (584598.6330886525 6619182.562860631),5.251538871789167,50.98806348432651,41.17672767979925,39.529658572607275,1.0,0.9301378041889283
18,18,180.00000000029158,0.1800000000002915,Sector 1,150.2683485430788,2.059370979027682,4,0.9,584606.8850864514,6619188.156635821,POINT (584606.8850864514 6619188.156635821),5.25161300074664,50.98809511563512,41.150132741263356,39.50412743161282,1.0,0.9297308151658601
19,19,189.9999999999612,0.1899999999999611,Sector 1,150.26834854888375,0.0,4,0.9,584615.147158477,6619193.735612852,POINT (584615.147158477 6619193.735612852),5.251687220202431,50.98812666324262,41.17672767979925,39.529658572607275,1.0,0.9301378041889283
20,20,199.9999999996308,0.1999999999996307,Sector 1,150.26834854305184,-2.97354141353468,4,0.9,584623.4073265617,6619199.3173283795,POINT (584623.4073265617 6619199.3173283795),5.25176142255483,50.98815822631412,41.12128718819453,39.47643570066675,1.0,0.9292893844234089
21,21,210.00000000010908,0.210000000000109,Sector 1,150.26834854536455,0.0,4,0.9,584631.6671293791,6619204.899569285,POINT (584631.6671293791 6619204.899569285),5.251835621625976,50.98818979233502,41.17672767979925,39.529658572607275,1.0,0.9301378041889283
22,22,219.99999999972096,0.2199999999997209,Sector 1,150.26834854502545,0.0,4,0.9,584639.9269321958,6619210.481810192,POINT (584639.9269321958 6619210.481810192),5.251909820697117,50.98822135833447,41.17672767979925,39.529658572607275,1.0,0.9301378041889283
23,23,230.0000000001993,0.2300000000001992,Sector 1,150.26834854643846,-1.266842784254521,4,0.9,584648.1867350132,6619216.064051097,POINT (584648.1867350132 6619216.064051097),5.251984019768263,50.98825292431244,41.1666628990015,39.51999638304144,1.0,0.9299837803208626
24,24,239.9999999998689,0.2399999999998688,Sector 1,150.2683485442052,0.0,4,0.9,584656.4487130094,6619221.643154921,POINT (584656.4487130094 6619221.643154921),5.252058238379374,50.98828447252966,41.17672767979925,39.529658572607275,1.0,0.9301378041889283
25,25,250.0000000003472,0.2500000000003471,Sector 1,150.26834854196255,0.0,4,0.9,584664.7122246288,6619227.220046931,POINT (584664.7122246288 6619227.220046931),5.252132470767256,50.98831600821828,41.17672767979925,39.529658572607275,1.0,0.9301378041889283
26,26,260.0000000000168,0.2600000000000168,Sector 1,150.2683485513378,0.0,4,0.9,584672.9757362474,6619232.79693894,POINT (584672.9757362474 6619232.79693894),5.252206703155131,50.98834754388546,41.17672767979925,39.529658572607275,1.0,0.9301378041889283
27,27,269.99999999962864,0.2699999999996286,Sector 1,150.26834854296055,0.0,4,0.9,584681.2392478662,6619238.373830949,POINT (584681.2392478662 6619238.373830949),5.252280935543007,50.988379079531235,41.17672767979925,39.529658572607275,1.0,0.9301378041889283
28,28,280.000000000107,0.280000000000107,Sector 1,150.26834854157016,0.0,4,0.9,584689.4756328487,6619243.990771028,POINT (584689.4756328487 6619243.990771028),5.252354924248165,50.98841084161513,41.17672767979925,39.529658572607275,1.0,0.9301378041889283
29,29,289.9999999997766,0.2899999999997766,Sector 1,150.26834855047656,3.9312538583772394,4,0.9,584697.7115780443,6619249.60836038,POINT (584697.7115780443 6619249.60836038),5.252428909002649,50.98844260734872,41.079840043561916,39.43664644181944,1.0,0.9286551083606827
30,30,300.00000000025494,0.3000000000002549,Sector 1,150.2683485481864,0.0,4,0.9,584705.9475232406,6619255.225949731,POINT (584705.9475232406 6619255.225949731),5.252502893757138,50.98847437306056,41.17672767979925,39.529658572607275,1.0,0.9301378041889283
31,31,309.99999999992457,0.3099999999999245,Sector 1,150.26834854632727,0.0,4,0.9,584714.1834684362,6619260.843539082,POINT (584714.1834684362 6619260.843539082),5.252576878511623,50.98850613875069,41.17672767979925,39.529658572607275,1.0,0.9301378041889283
32,32,320.00000000034515,0.3200000000003452,Sector 1,150.26834854677406,2.0441346235764057,4,0.9,584722.4194136325,6619266.461128433,POINT (584722.4194136325 6619266.461128433),5.252650863266112,50.98853790441905,41.1505247717772,39.50450378090611,1.0,0.9297368145072622
33,33,330.0000000000148,0.3300000000000148,Sector 1,150.26834854125923,0.0,4,0.9,584730.6677032511,6619272.060297334,POINT (584730.6677032511 6619272.060297334),5.2527249589124345,50.988569565904044,41.17672767979925,39.529658572607275,1.0,0.9301378041889283
34,34,339.9999999996844,0.3399999999996844,Sector 1,150.26834854851995,0.0,4,0.9,584738.917725309,6619277.6568810735,POINT (584738.917725309 6619277.6568810735),5.252799070121524,50.9886012127492,41.17672767979925,39.529658572607275,1.0,0.9301378041889283
35,35,350.00000000016274,0.3500000000001627,Sector 1,150.26834854822096,-70.8248374040055,4,0.9,584747.1677473676,6619283.253464814,POINT (584747.1677473676 6619283.253464814),5.25287318133062,50.9886328595728,35.00021852782936,33.600209786716185,1.0,0.8356171335605891
36,36,359.9999999997746,0.3599999999997746,Sector 1,150.26834854862983,0.0,4,0.9,584755.4177694253,6619288.850048553,POINT (584755.4177694253 6619288.850048553),5.252947292539708,50.9886645063748,41.17672767979925,39.529658572607275,1.0,0.9301378041889283
37,37,370.00000000025295,0.3700000000002529,Sector 1,150.26834853944047,0.0,4,0.9,584763.6666696967,6619294.448348011,POINT (584763.6666696967 6619294.448348011),5.2530213936716175,50.98869616285703,41.17672767979925,39.529658572607275,1.0,0.9301378041889283
38,38,379.9999999999226,0.3799999999999225,Sector 1,150.26834854870174,0.0,4,0.9,584771.9153021141,6619300.047057135,POINT (584771.9153021141 6619300.047057135),5.253095492397353,50.9887278216342,41.17672767979925,39.529658572607275,1.0,0.9301378041889283
39,39,390.0000000004009,0.3900000000004009,Sector 1,150.26834854153196,0.0,4,0.9,584780.1606390473,6619305.650585551,POINT (584780.1606390473 6619305.650585551),5.253169561519251,50.98875950764118,41.17672767979925,39.529658572607275,1.0,0.9301378041889283
40,40,400.00000000007054,0.4000000000000705,Sector 1,150.26834854917615,0.0,4,0.9,584788.3923307414,6619311.274068658,POINT (584788.3923307414 6619311.274068658),5.253243508063881,50.98879130646326,41.17672767979925,39.529658572607275,1.0,0.9301378041889283
41,41,409.9999999996824,0.4099999999996824,Sector 1,150.26834855273376,0.0,4,0.9,584796.6257293522,6619316.894934105,POINT (584796.6257293522 6619316.894934105),5.253317469942004,50.98882309046163,41.17672767979925,39.529658572607275,1.0,0.9301378041889283
42,42,420.0000000001608,0.4200000000001607,Sector 1,150.26834853710454,0.0,4,0.9,584804.8601538711,6619322.514226262,POINT (584804.8601538711 6619322.514226262),5.253391441036017,50.98885486554184,41.17672767979925,39.529658572607275,1.0,0.9301378041889283
43,43,429.9999999998304,0.4299999999998304,Sector 1,150.26834855271085,0.0,4,0.9,584813.0945783893,6619328.133518419,POINT (584813.0945783893 6619328.133518419),5.253465412130024,50.988886640600306,41.17672767979925,39.529658572607275,1.0,0.9301378041889283
44,44,440.0000000003087,0.4400000000003087,Sector 1,116.1194957492516,0.0,4,0.9,584821.3290029082,6619333.752810576,POINT (584821.3290029082 6619333.752810576),5.253539383224036,50.988918415637,41.17672767979925,39.529658572607275,1.0,0.9301378041889283
45,45,449.6470482236935,0.4496470482236934,Sector 1,109.42491010670904,0.0,4,0.9,584829.2727919504,6619339.173768817,POINT (584829.2727919504 6619339.173768817),5.25361074349514,50.98894906914754,41.17672767979925,39.529658572607275,1.0,0.9301378041889283
46,46,459.6470482238065,0.4596470482238065,Sector 1,109.42491009270437,0.0,4,0.9,584837.5072164688,6619344.793060975,POINT (584837.5072164688 6619344.793060975),5.2536847145891485,50.98898084414151,41.17672767979925,39.529658572607275,1.0,0.9301378041889283
47,47,469.6470482236097,0.4696470482236097,Sector 1,109.42491009659524,0.0,4,0.9,584845.7416409872,6619350.412353131,POINT (584845.7416409872 6619350.412353131),5.253758685683157,50.98901261911372,41.17672767979925,39.529658572607275,1.0,0.9301378041889283
48,48,479.6470482237227,0.4796470482237227,Sector 1,109.42491010673166,0.0,4,0.9,584853.9725673456,6619356.036702815,POINT (584853.9725673456 6619356.036702815),5.253832625352659,50.98904442266256,41.17672767979925,39.529658572607275,1.0,0.9301378041889283
49,49,489.6470482238357,0.4896470482238357,Sector 1,109.42491009880194,0.0,4,0.9,584862.1696070778,6619361.710044697,POINT (584862.1696070778 6619361.710044697),5.253906260613419,50.98907650322148,41.17672767979925,39.529658572607275,1.0,0.9301378041889283
50,50,499.647048223639,0.499647048223639,Sector 1,92.90513891430813,0.0,4,0.9,584870.3666468099,6619367.383386578,POINT (584870.3666468099 6619367.383386578),5.253979895874177,50.989108583758245,41.17672767979925,39.529658572607275,1.0,0.9301378041889283
51,51,509.60900978137545,0.5096090097813755,Sector 1,91.40105313587992,0.0,4,0.9,584878.5418092594,6619373.020504537,POINT (584878.5418092594 6619373.020504537),5.2540533346079625,50.98914045944086,41.17672767979925,39.529658572607275,1.0,0.9301378041889283
52,52,519.6090097813424,0.5196090097813424,Sector 1,91.40105313601862,0.0,4,0.9,584886.7479373894,6619378.679564097,POINT (584886.7479373894 6619378.679564097),5.254127051511189,50.989172459172586,41.17672767979925,39.529658572607275,1.0,0.9301378041889283
53,53,529.609009781403,0.5296090097814029,Sector 1,91.40105313941592,0.0,4,0.9,584894.8939384741,6619384.420461356,POINT (584894.8939384741 6619384.420461356),5.2542002282839775,50.98920492164142,41.17672767979925,39.529658572607275,1.0,0.9301378041889283
54,54,539.6090097813699,0.5396090097813698,Sector 1,91.40105313635804,0.0,4,0.9,584902.9802316832,6619390.234976323,POINT (584902.9802316832 6619390.234976323),5.254272868691793,50.98923780036569,41.17672767979925,39.529658572607275,1.0,0.9301378041889283
55,55,549.6090097813141,0.5496090097813141,Sector 1,91.40105314616108,0.0,4,0.9,584910.7761900546,6619396.228760503,POINT (584910.7761900546 6619396.228760503),5.254342900977387,50.98927169276028,41.17672767979925,39.529658572607275,1.0,0.9301378041889283
56,56,559.6090097813974,0.5596090097813974,Sector 1,91.40105312700832,0.0,4,0.9,584917.8275086815,6619402.302735695,POINT (584917.8275086815 6619402.302735695),5.254406244050344,50.98930603857695,41.17672767979925,39.529658572607275,1.0,0.9301378041889283
57,57,569.6090097813416,0.5696090097813415,Sector 1,91.40105314006996,0.0,4,0.9,584924.7486349584,6619408.33381789,POINT (584924.7486349584 6619408.33381789),5.254468417585523,50.989340141826325,41.17672767979925,39.529658572607275,1.0,0.9301378041889283
58,58,579.6090097814249,0.5796090097814249,Sector 1,91.40105314023344,0.0,4,0.9,584931.754451387,6619414.300572875,POINT (584931.754451387 6619414.300572875),5.254531351905278,50.98937388130755,41.17672767979925,39.529658572607275,1.0,0.9301378041889283
59,59,589.6090097813691,0.5896090097813691,Sector 1,91.40105313073263,0.0,4,0.9,584939.051397547,6619420.327468846,POINT (584939.051397547 6619420.327468846),5.254596901487908,50.98940796083577,41.17672767979925,39.529658572607275,1.0,0.9301378041889283
60,60,599.609009781336,0.599609009781336,Sector 1,91.40105312442849,0.0,4,0.9,584946.7391362475,6619426.32599975,POINT (584946.7391362475 6619426.32599975),5.254665961619658,50.98944187994679,41.17672767979925,39.529658572607275,1.0,0.9301378041889283
61,61,609.6090097813966,0.6096090097813966,Sector 1,91.40105314071155,0.0,4,0.9,584954.6472181058,6619432.24132253,POINT (584954.6472181058 6619432.24132253),5.254737001127672,50.98947532852739,41.17672767979925,39.529658572607275,1.0,0.9301378041889283
62,62,619.6090097813635,0.6196090097813635,Sector 1,91.40105313443216,0.0,4,0.9,584962.6188790528,6619438.119533396,POINT (584962.6188790528 6619438.119533396),5.254808611776356,50.989508567232356,41.17672767979925,39.529658572607275,1.0,0.9301378041889283
63,63,629.6090097814241,0.6296090097814241,Sector 1,86.69330816337566,0.0,4,0.9,584970.5905399999,6619443.997744262,POINT (584970.5905399999 6619443.997744262),5.254880222425042,50.989541805913525,41.17672767979925,39.529658572607275,1.0,0.9301378041889283
64,64,639.5700375681789,0.6395700375681789,Sector 1,81.2546249054318,0.0,4,0.9,584978.5210352606,6619449.8595838845,POINT (584978.5210352606 6619449.8595838845),5.254951463276075,50.98957495199886,41.17672767979925,39.529658572607275,1.0,0.9301378041889283
65,65,649.5700375681533,0.6495700375681533,Sector 1,81.25462490633834,0.0,4,0.9,584986.374093836,6619455.884957479,POINT (584986.374093836 6619455.884957479),5.25502200850153,50.98960902277109,41.17672767979925,39.529658572607275,1.0,0.9301378041889283
66,66,659.5700375681544,0.6595700375681544,Sector 1,81.25462490079798,0.0,4,0.9,584994.2233357751,6619461.915829138,POINT (584994.2233357751 6619461.915829138),5.255092519441556,50.98964312460737,41.17672767979925,39.529658572607275,1.0,0.9301378041889283
67,67,669.5700375681554,0.6695700375681554,Sector 1,80.28596065079296,0.0,4,0.9,585002.0725777141,6619467.946700798,POINT (585002.0725777141 6619467.946700798),5.255163030381581,50.98967722641859,41.17672767979925,39.529658572607275,1.0,0.9301378041889283
68,68,679.5618764635923,0.6795618764635922,Sector 1,74.75652916018475,0.0,4,0.9,585009.9154138047,6619473.9726506,POINT (585009.9154138047 6619473.9726506),5.255233483776892,50.98971130037393,41.17672767979925,39.529658572607275,1.0,0.9301378041889283
69,69,689.5618764634897,0.6895618764634898,Sector 1,74.75652916211726,0.0,4,0.9,585017.8622810026,6619479.85890565,POINT (585017.8622810026 6619479.85890565),5.255304871699538,50.98974458439601,41.17672767979925,39.529658572607275,1.0,0.9301378041889283
70,70,699.5618764636321,0.6995618764636321,Sector 1,74.75652916431693,0.0,4,0.9,585025.9513995349,6619485.549914047,POINT (585025.9513995349 6619485.549914047),5.255377537487666,50.989776764366795,41.17672767979925,39.529658572607275,1.0,0.9301378041889283
71,71,709.5618764635295,0.7095618764635295,Sector 1,63.54503571910402,0.0,4,0.9,585034.0482225559,6619491.2359588165,POINT (585034.0482225559 6619491.2359588165),5.255450272486391,50.989808916248315,41.17672767979925,39.529658572607275,1.0,0.9301378041889283
72,72,719.2853349327438,0.7192853349327438,Sector 1,47.2857402991948,0.0,4,0.9,585041.9211347935,6619496.764760834,POINT (585041.9211347935 6619496.764760834),5.255520996060327,50.989840178975435,41.17672767979925,39.529658572607275,1.0,0.9301378041889283
73,73,729.2853349322972,0.7292853349322972,Sector 1,47.28574028724353,0.0,4,0.9,585050.007747143,6619502.45740675,POINT (585050.007747143 6619502.45740675),5.25559363933503,50.98987236813931,41.17672767979925,39.529658572607275,1.0,0.9301378041889283
74,74,739.285334932397,0.7392853349323969,Sector 1,47.2857403000076,0.0,4,0.9,585058.0809279829,6619508.158865338,POINT (585058.0809279829 6619508.158865338),5.25566616195243,50.98990460711223,41.17672767979925,39.529658572607275,1.0,0.9301378041889283
75,75,749.2853349325821,0.7492853349325821,Sector 1,47.28574028875772,0.0,4,0.9,585066.1528110242,6619513.862340338,POINT (585066.1528110242 6619513.862340338),5.255738672911505,50.98993685746455,41.17672767979925,39.529658572607275,1.0,0.9301378041889283
76,76,759.2853349327673,0.7592853349327673,Sector 1,47.2857402937442,0.0,4,0.9,585074.2246940656,6619519.565815337,POINT (585074.2246940656 6619519.565815337),5.255811183870583,50.98996910779447,41.17672767979925,39.529658572607275,1.0,0.9301378041889283
77,77,769.285334932867,0.769285334932867,Sector 1,47.941838399138646,0.0,4,0.9,585082.3708057946,6619525.150476245,POINT (585082.3708057946 6619525.150476245),5.255884361637306,50.990000686267756,41.17672767979925,39.529658572607275,1.0,0.9301378041889283
78,78,779.2849106258298,0.7792849106258297,Sector 1,48.36644656090397,0.0,4,0.9,585090.5185977456,6619530.719214866,POINT (585090.5185977456 6619530.719214866),5.255957554497719,50.99003217468706,41.17672767979925,39.529658572607275,1.0,0.9301378041889283
79,79,789.284910626158,0.789284910626158,Sector 1,48.36644656315519,0.0,4,0.9,585098.5476337431,6619536.451436019,POINT (585098.5476337431 6619536.451436019),5.256029680555253,50.99006458749563,41.17672767979925,39.529658572607275,1.0,0.9301378041889283
80,80,799.2849106259545,0.7992849106259544,Sector 1,48.36644655717657,0.0,4,0.9,585106.5684478716,6619542.195927928,POINT (585106.5684478716 6619542.195927928),5.2561017327544794,50.99009706966642,41.17672767979925,39.529658572607275,1.0,0.9301378041889283
81,81,809.2849106262827,0.8092849106262827,Sector 1,10.52619979846719,0.0,4,0.9,585114.4216747907,6619548.190535964,POINT (585114.4216747907 6619548.190535964),5.256172279492191,50.990130966092046,41.48481384153041,39.82542128786919,1.0,0.9348525240900318
82,82,818.2185334234329,0.8182185334234329,Sector 1,351.86394038715304,0.0,4,0.9,585121.4842445318,6619553.463282391,POINT (585121.4842445318 6619553.463282391),5.256235723635627,50.99016078074104,42.92930311988048,41.21213099508526,1.0,0.9569579062639657
83,83,828.218533423209,0.8282185334232091,Sector 1,349.2333234781992,0.0,4,0.9,585129.5129245174,6619559.167427594,POINT (585129.5129245174 6619559.167427594),5.256307846495051,50.990193034705015,43.12142579039832,41.39656875878239,1.0,0.9598980077377022
84,84,838.1977618131682,0.8381977618131682,Sector 1,344.0481206987083,0.0,4,0.9,585137.5249276422,6619564.859724368,POINT (585137.5249276422 6619564.859724368),5.256379819543684,50.99022522164997,43.48774100457508,41.748231364392076,1.0,0.9655038214511504
85,85,848.1977618126662,0.8481977618126662,Sector 1,344.048120704818,70.35820853950567,4,0.9,585145.5536076275,6619570.563869569,POINT (585145.5536076275 6619570.563869569),5.256451942403106,50.99025747556916,36.96457985353092,35.485996659389684,1.0,0.8656782482280008
86,86,858.1977618130276,0.8581977618130275,Sector 1,344.0481207013973,0.0,4,0.9,585153.4476067827,6619576.472522766,POINT (585153.4476067827 6619576.472522766),5.256522855404044,50.99029088584908,43.48774100438977,41.74823136421418,1.0,0.9655038214483145
87,87,868.1977618125255,0.8681977618125255,Sector 1,344.0481206994324,0.0,4,0.9,585161.3241910646,6619582.407383927,POINT (585161.3241910646 6619582.407383927),5.256593611964515,50.99032444429683,43.48774100452518,41.74823136434417,1.0,0.9655038214503868
88,88,878.1977618129189,0.8781977618129189,Sector 1,344.0481207014904,0.0,4,0.9,585169.1392023539,6619588.424214604,POINT (585169.1392023539 6619588.424214604),5.256663815405383,50.99035846621336,43.48774100438335,41.74823136420802,1.0,0.9655038214482163
89,89,888.1977618133122,0.8881977618133122,Sector 1,344.0481207021681,0.0,4,0.9,585176.5938172591,6619594.92794788,POINT (585176.5938172591 6619594.92794788),5.2567307813504485,50.99039524127213,43.48774100433665,41.74823136416318,1.0,0.9655038214475016
90,90,898.1977618128102,0.8981977618128102,Sector 1,342.49763695833263,4.948941134332292,4,0.9,585182.7636788401,6619602.6885726005,POINT (585182.7636788401 6619602.6885726005),5.25678620616004,50.99043912332728,43.431216909948766,41.69396823355081,1.0,0.9646388190364719
91,91,908.1800135741038,0.9081800135741038,Sector 1,334.9866102460745,0.0,4,0.9,585184.9812372463,6619612.097676604,POINT (585184.9812372463 6619612.097676604),5.256806126826137,50.990492326568486,44.08078593578372,42.31755449835237,1.0,0.9745793369618334
92,92,918.180013574021,0.918180013574021,Sector 1,334.9866102423832,0.0,4,0.9,585182.613962372,6619621.419396072,POINT (585182.613962372 6619621.419396072),5.256784861234124,50.99054503563868,44.080785936011495,42.317554498571035,1.0,0.9745793369653191
93,93,928.1800135739384,0.9281800135739382,Sector 1,334.9866102386828,-3.354048403093199,4,0.9,585179.3806993495,6619630.482496142,POINT (585179.3806993495 6619630.482496142),5.2567558163382175,50.99059628230456,44.00527867896884,42.245067531810086,1.0,0.9734238304490368
94,94,938.1800135738556,0.9381800135738556,Sector 1,334.9866102472362,0.0,4,0.9,585176.159965052,6619639.55120103,POINT (585176.159965052 6619639.55120103),5.256726883989763,50.99064756060582,44.08078593571205,42.31755449828357,1.0,0.9745793369607365
95,95,948.1800135737728,0.9481800135737728,Sector 1,334.9866102435173,21.849600260735485,4,0.9,585175.6777916462,6619649.135814347,POINT (585175.6777916462 6619649.135814347),5.256722552552362,50.990701756010466,40.914198173546836,39.277630246604964,1.0,0.9261202492270304
96,96,958.18001357369,0.95818001357369,Sector 1,325.21493891544435,0.0,4,0.9,585179.9014032978,6619658.102875892,POINT (585179.9014032978 6619658.102875892),5.2567604939013695,50.990752459462286,44.63868433766875,42.853136964162,1.0,0.9831169963081057
97,97,968.1298666026448,0.9681298666026448,Sector 1,321.84624645864585,0.0,4,0.9,585185.0101288571,6619666.600229842,POINT (585185.0101288571 6619666.600229842),5.256806386363892,50.990800506943174,44.80846760436795,43.01612890019323,1.0,0.9857152322752232
98,98,978.1298666022132,0.9781298666022132,Sector 1,321.8462464558198,0.0,4,0.9,585190.2716130344,6619675.063088023,POINT (585190.2716130344 6619675.063088023),5.256853651080429,50.99084835932159,44.80846760450519,43.01612890032498,1.0,0.9857152322773233
99,99,988.1298666025136,0.9881298666025138,Sector 1,321.84624645417824,0.0,4,0.9,585195.533097212,6619683.525946204,POINT (585195.533097212 6619683.525946204),5.256900915796967,50.99089621165066,44.80846760458491,43.01612890040151,1.0,0.9857152322785434
100,100,998.129866602082,0.998129866602082,Sector 1,321.8462464600922,0.0,4,0.9,585200.7945813893,6619691.988804384,POINT (585200.7945813893 6619691.988804384),5.256948180513504,50.990944063930385,44.808467604297704,43.01612890012579,1.0,0.985715232274148
101,101,1008.1298666024544,1.0081298666024543,Sector 1,321.8462464540559,28.238728505164424,4,0.9,585206.0611810334,6619700.448257979,POINT (585206.0611810334 6619700.448257979),5.25699549118306,50.99099189690997,39.47553562302092,37.89651419810008,1.0,0.9041040349322265
102,102,1018.1298666020228,1.0181298666020226,Sector 1,321.3815601104824,0.0,4,0.9,585211.3112117661,6619708.906595555,POINT (585211.3112117661 6619708.906595555),5.2570426530115535,50.991039723529866,44.83091563109953,43.037679005855544,1.0,0.9860587600655568
103,103,1028.1298311604105,1.0281298311604106,Sector 1,321.33148399360726,0.0,4,0.9,585216.5612238921,6619717.364903153,POINT (585216.5612238921 6619717.364903153),5.2570898146728995,50.991087549930974,44.83332038310066,43.039987567776635,1.0,0.9860955605893233
104,104,1038.1298311601197,1.0381298311601197,Sector 1,321.33148399621206,-37.918553212295215,4,0.9,585221.7968527649,6619725.829029135,POINT (585221.7968527649 6619725.829029135),5.257136847127284,50.99113540918204,38.1083223255293,36.583989432508126,1.0,0.8831812264992986
105,105,1048.1298311606283,1.0481298311606284,Sector 1,321.33148398388835,0.0,4,0.9,585227.0086504576,6619734.301874509,POINT (585227.0086504576 6619734.301874509),5.257183665502534,50.991183317686286,44.83332038356711,43.039987568224426,1.0,0.9860955605964616
106,106,1058.12983116041,1.0581298311604102,Sector 1,321.33148399410004,0.0,4,0.9,585232.145735151,6619742.799682437,POINT (585232.145735151 6619742.799682437),5.257229812719493,50.9912313672881,44.83332038307701,43.039987567753926,1.0,0.9860955605889614
107,107,1068.1298311601918,1.0681298311601917,Sector 1,321.33148399143033,9.45924571581762,4,0.9,585237.2828198444,6619751.297490364,POINT (585237.2828198444 6619751.297490364),5.257275959936453,50.99127941684016,44.22371050867573,42.4547620883287,1.0,0.9767665475927305
108,108,1078.1298311607006,1.0781298311607006,Sector 1,321.3314839859128,0.0,4,0.9,585242.3527237246,6619759.812879009,POINT (585242.3527237246 6619759.812879009),5.257321503657898,50.99132756574979,44.833320383469946,43.039987568131146,1.0,0.9860955605949746
109,109,1088.1298311604824,1.0881298311604823,Sector 1,321.33148399088367,-12.64178728324768,4,0.9,585247.4134019674,6619768.331597384,POINT (585247.4134019674 6619768.331597384),5.257366964504033,50.991375733436875,43.7464443516518,41.99658657758573,1.0,0.9694628237383387
110,110,1098.129831160191,1.0981298311601912,Sector 1,324.31705083938306,0.0,4,0.9,585252.4169873274,6619776.859280201,POINT (585252.4169873274 6619776.859280201),5.257411912476076,50.991423951761846,44.68513262776376,42.8977273226532,1.0,0.9838278061557555
111,111,1108.116381151046,1.108116381151046,Sector 1,327.2755264419402,0.0,4,0.9,585257.1412112585,6619785.527017968,POINT (585257.1412112585 6619785.527017968),5.257454350901705,50.99147296195226,44.52889351168163,42.74773777121436,1.0,0.9814368397268056
112,112,1118.116381150846,1.118116381150846,Sector 1,327.2755264334405,0.0,4,0.9,585261.8380331324,6619794.227358493,POINT (585261.8380331324 6619794.227358493),5.2574965431704666,50.99152215643715,44.52889351214355,42.7477377716578,1.0,0.9814368397338744
113,113,1128.1163811507088,1.128116381150709,Sector 1,327.27552643666405,0.0,4,0.9,585266.4755294606,6619802.931941371,POINT (585266.4755294606 6619802.931941371),5.2575382025087825,50.99157137485748,44.52889351196836,42.747737771489625,1.0,0.9814368397311937
114,114,1138.1163811505087,1.1381163811505086,Sector 1,327.2755264459933,9.202361211247323,4,0.9,585271.099502269,6619811.637491314,POINT (585271.099502269 6619811.637491314),5.257579740363254,50.99162059869367,43.95579219724039,42.19756050935077,1.0,0.9726665263918546
115,115,1148.116381151155,1.1481163811511552,Sector 1,327.4040576575998,0.0,4,0.9,585275.7234750779,6619820.343041255,POINT (585275.7234750779 6619820.343041255),5.257621278217731,50.991669822477654,44.52190005601354,42.741024053772996,1.0,0.9813298171184854
116,116,1158.115825952682,1.1581158259526825,Sector 1,330.2396100002118,0.0,4,0.9,585280.34462171,6619829.048194258,POINT (585280.34462171 6619829.048194258),5.257662790684228,50.991719043965034,44.36339757054067,42.588861667719044,1.0,0.9789042137793604
117,117,1168.1158259527615,1.1681158259527618,Sector 1,330.2396100085096,0.0,4,0.9,585284.7026638399,6619837.837997049,POINT (585284.7026638399 6619837.837997049),5.25770193964277,50.99176874403416,44.363397570065224,42.58886166726261,1.0,0.9789042137720845
118,118,1178.1158259520328,1.1781158259520328,Sector 1,330.0403660043792,0.0,4,0.9,585288.6476288302,6619846.811371111,POINT (585288.6476288302 6619846.811371111),5.25773737786623,50.99181948201308,44.37479449000918,42.59980271040881,1.0,0.9790786237000382
119,119,1188.115734988539,1.1881157349885392,Sector 1,329.7406164190694,23.41085021501407,4,0.9,585292.5925579362,6619855.784663549,POINT (585292.5925579362 6619855.784663549),5.257772815767337,50.99187021947498,40.73750236743387,39.10800227273651,1.0,0.9234162289333527
120,120,1198.1157349888058,1.198115734988806,Sector 1,329.7406164215077,0.0,4,0.9,585296.468793954,6619864.745498872,POINT (585296.468793954 6619864.745498872),5.257807636587934,50.9919208864456,44.391867511696226,42.61619281122837,1.0,0.9793398964383773
121,121,1208.115734988268,1.208115734988268,Sector 1,329.7406164276225,-18.46903508482582,4,0.9,585300.3377574654,6619873.704903333,POINT (585300.3377574654 6619873.704903333),5.257842392078494,50.991971545270445,42.105464408355985,40.42124583202175,1.0,0.9443504955750255
122,122,1218.115734988476,1.218115734988476,Sector 1,329.74061642797994,0.0,4,0.9,585304.1487500579,6619882.649576843,POINT (585304.1487500579 6619882.649576843),5.257876626807429,50.99202212074744,44.39186751132853,42.61619281087538,1.0,0.9793398964327502
123,123,1228.1157349887428,1.2281157349887428,Sector 1,334.6383023039815,0.0,4,0.9,585307.9597426505,6619891.594250351,POINT (585307.9597426505 6619891.594250351),5.257910861536365,50.99207269616933,44.10222407077111,42.33813510794026,1.0,0.9749074101251967
124,124,1238.1088823101427,1.2381088823101427,Sector 1,335.5566754768364,0.0,4,0.9,585311.9399469323,6619900.442171742,POINT (585311.9399469323 6619900.442171742),5.257946616319766,50.99212272447632,44.045467578688424,42.283648875540884,1.0,0.9740388512738822
125,125,1248.1088823103537,1.2481088823103534,Sector 1,335.5566754708357,8.343220450648737,4,0.9,585315.8986500315,6619909.3090779055,POINT (585315.8986500315 6619909.3090779055),5.25798217795476,50.99217286007374,43.57931739451913,41.836144698738366,1.0,0.9669052379435834
126,126,1258.1088823105165,1.2581088823105162,Sector 1,335.5566754777508,0.0,4,0.9,585319.7485779976,6619918.232880369,POINT (585319.7485779976 6619918.232880369),5.258016762446107,50.99222331732168,44.045467578631545,42.28364887548628,1.0,0.9740388512730118
127,127,1268.1088823098312,1.2681088823098312,Sector 1,0.2864828349243566,0.0,4,0.9,585323.568051911,6619927.147401582,POINT (585323.568051911 6619927.147401582),5.258051073364044,50.992273722036536,42.29137860914457,40.59972346477879,1.0,0.9471955872773934
128,128,1277.983615253966,1.277983615253966,Sector 1,3.58017903122726,0.0,4,0.9,585327.3396803995,6619935.950253215,POINT (585327.3396803995 6619935.950253215),5.258084954479218,50.99232349529265,42.03459393755468,40.35321018005249,1.0,0.9432659469630076
129,129,1287.9836152535756,1.2879836152535755,Sector 1,3.580179030521492,0.0,4,0.9,585331.159154313,6619944.86477443,POINT (585331.159154313 6619944.86477443),5.258119265397155,50.9923738998987,42.03459393761004,40.353210180105634,1.0,0.9432659469638547
130,130,1297.9836152541077,1.2979836152541075,Sector 1,3.5801790305310988,1.5884369913912777,4,0.9,585334.9786282269,6619953.779295646,POINT (585334.9786282269 6619953.779295646),5.258153576315096,50.992424304450026,42.018441288300004,40.337703636768005,1.0,0.9430187589151293
131,131,1307.983615253717,1.307983615253717,Sector 1,3.580179031438888,0.0,4,0.9,585338.763950034,6619962.711394423,POINT (585338.763950034 6619962.711394423),5.258187580439443,50.992474808333604,42.034593937538084,40.35321018003656,1.0,0.9432659469627536
132,132,1317.983615253327,1.3179836152533266,Sector 1,28.07101138013365,0.0,4,0.9,585342.519234665,6619971.645096494,POINT (585342.519234665 6619971.645096494),5.258221314735245,50.99252532122756,41.17672767979925,39.529658572607275,1.0,0.9301378041889283
133,133,1327.4391032145522,1.3274391032145525,Sector 1,42.76679027701186,0.0,4,0.9,585346.069355422,6619980.092120127,POINT (585346.069355422 6619980.092120127),5.25825320601261,50.992573082296154,41.17672767979925,39.529658572607275,1.0,0.9301378041889283
134,134,1337.439103214644,1.3374391032146438,Sector 1,42.766790268127465,0.0,4,0.9,585349.8239165528,6619989.025581483,POINT (585349.8239165528 6619989.025581483),5.258286933809099,50.9926235937221,41.17672767979925,39.529658572607275,1.0,0.9301378041889283
135,135,1347.4391032147355,1.3474391032147357,Sector 1,42.76679026981958,0.0,4,0.9,585353.5786646183,6619997.959106844,POINT (585353.5786646183 6619997.959106844),5.258320663284852,50.992674105454974,41.17672767979925,39.529658572607275,1.0,0.9301378041889283
136,136,1357.4391032148271,1.3574391032148272,Sector 1,42.76679027445243,-4.118022710878999,4,0.9,585357.3337739538,6620006.892755899,POINT (585357.3337739538 6620006.892755899),5.258354396005949,50.992724617832245,41.0704194020755,39.42760262599248,1.0,0.9285109419182576
137,137,1367.4391032149188,1.367439103214919,Sector 1,42.76679026996794,14.23447761168943,4,0.9,585360.8359730445,6620015.922454155,POINT (585360.8359730445 6620015.922454155),5.25838585679566,50.992775673232245,39.91250171804547,38.316001649323645,1.0,0.9107910368174894
138,138,1377.4391032150104,1.3774391032150104,Sector 1,42.76679026074254,0.0,4,0.9,585364.1140944234,6620025.044374841,POINT (585364.1140944234 6620025.044374841),5.258415304661039,50.992827250016006,41.17672767979925,39.529658572607275,1.0,0.9301378041889283
139,139,1387.439103215102,1.387439103215102,Sector 1,57.98757914238013,0.0,4,0.9,585367.1713780463,6620034.2695263745,POINT (585367.1713780463 6620034.2695263745),5.258442768707102,50.992879410425026,41.17672767979925,39.529658572607275,1.0,0.9301378041889283
140,140,1397.263905636445,1.397263905636445,Sector 1,65.55573887922066,0.0,4,0.9,585370.1155282422,6620043.359190232,POINT (585370.1155282422 6620043.359190232),5.258469216458299,50.992930804708784,41.17672767979925,39.529658572607275,1.0,0.9301378041889283
141,141,1407.2639056363862,1.4072639056363865,Sector 1,65.55573888838074,0.0,4,0.9,585372.4804389491,6620052.772399366,POINT (585372.4804389491 6620052.772399366),5.258490460812635,50.9929840283047,41.17672767979925,39.529658572607275,1.0,0.9301378041889283
142,142,1417.263905636221,1.4172639056362208,Sector 1,65.55573888014993,0.0,4,0.9,585374.4916961675,6620062.385028558,POINT (585374.4916961675 6620062.385028558),5.258508528243632,50.993038379386405,41.17672767979925,39.529658572607275,1.0,0.9301378041889283
143,143,1427.2639056361618,1.4272639056361618,Sector 1,65.55573888030261,0.0,4,0.9,585376.7370767042,6620072.054063159,POINT (585376.7370767042 6620072.054063159),5.258528698840179,50.99309304932758,41.17672767979925,39.529658572607275,1.0,0.9301378041889283
144,144,1437.263905636382,1.4372639056363818,Sector 1,65.5557388896782,29.13531789180246,4,0.9,585379.2764973107,6620081.68651317,POINT (585379.2764973107 6620081.68651317),5.258551510843616,50.993147512350816,35.966729936011824,34.52806073857135,1.0,0.8504079003551643
145,145,1447.2639056363228,1.4472639056363228,Sector 1,65.5557388812432,-29.283915310276505,4,0.9,585381.9655422599,6620091.097325234,POINT (585381.9655422599 6620091.097325234),5.258575666945391,50.9932007221449,35.91461458718987,34.47803000370227,1.0,0.8496103660846759
146,146,1457.2639056362636,1.4572639056362635,Sector 1,65.555738889993,0.0,4,0.9,585384.2486479328,6620100.4900549315,POINT (585384.2486479328 6620100.4900549315),5.258596176432603,50.99325382963841,41.17672767979925,39.529658572607275,1.0,0.9301378041889283
147,147,1467.2639056360983,1.4672639056360983,Sector 1,51.91330556432968,0.0,4,0.9,585385.8726818913,6620109.9466714915,POINT (585385.8726818913 6620109.9466714915),5.258610765377871,50.993307298293644,41.17672767979925,39.529658572607275,1.0,0.9301378041889283
148,148,1477.164330860187,1.477164330860187,Sector 1,47.12272277593166,15.68771617260428,4,0.9,585387.4167042387,6620119.389750445,POINT (585387.4167042387 6620119.389750445),5.258624635566609,50.99336069034443,39.64288383506849,38.05716848166575,1.0,0.906665006646507
149,149,1487.1643308600392,1.487164330860039,Sector 1,47.122722781120615,0.0,4,0.9,585388.2941778733,6620129.206792645,POINT (585388.2941778733 6620129.206792645),5.258632518046382,50.99341619675322,41.17672767979925,39.529658572607275,1.0,0.9301378041889283
150,150,1497.1643308599766,1.497164330859977,Sector 1,47.12272277381811,0.0,4,0.9,585388.5922547192,6620139.154649164,POINT (585388.5922547192 6620139.154649164),5.258635195716248,50.99347244272982,41.17672767979925,39.529658572607275,1.0,0.9301378041889283
151,151,1507.1643308604623,1.5071643308604623,Sector 1,47.12272276922903,0.0,4,0.9,585388.5775945006,6620149.042089747,POINT (585388.5775945006 6620149.042089747),5.258635064021263,50.99352834704232,41.17672767979925,39.529658572607275,1.0,0.9301378041889283
152,152,1517.1643308603147,1.5171643308603149,Sector 1,47.12272277443816,0.0,4,0.9,585388.3166748688,6620158.882077084,POINT (585388.3166748688 6620158.882077084),5.258632720140331,50.99358398298385,41.17672767979925,39.529658572607275,1.0,0.9301378041889283
153,153,1527.1643308602522,1.5271643308602525,Sector 1,52.25444829956911,-6.931488984312303,4,0.9,585387.5918097158,6620168.72986328,POINT (585387.5918097158 6620168.72986328),5.258626208565873,50.99363966295387,40.87577383001009,39.24074287680968,1.0,0.925532231848575
154,154,1537.119541812796,1.537119541812796,Sector 1,57.98905715360496,0.0,4,0.9,585386.0442823077,6620178.48604212,POINT (585386.0442823077 6620178.48604212),5.25861230689064,50.993694824904544,41.17672767979925,39.529658572607275,1.0,0.9301378041889283
155,155,1547.1195418124664,1.5471195418124664,Sector 1,57.98905712120302,0.0,4,0.9,585384.2070938117,6620188.242377236,POINT (585384.2070938117 6620188.242377236),5.258595803145583,50.993749987673255,41.17672767979925,39.529658572607275,1.0,0.9301378041889283
156,156,1557.1195418127293,1.5571195418127293,Sector 1,57.9890571429201,-0.6096888494138303,4,0.9,585382.1733927905,6620197.999403575,POINT (585382.1733927905 6620197.999403575),5.2585775340984755,50.993805154284594,41.174396429116804,39.52742057195213,1.0,0.9301021284742996
157,157,1567.1195418123998,1.5671195418123998,Sector 1,57.989057143586194,0.0,4,0.9,585380.3002662604,6620207.781320654,POINT (585380.3002662604 6620207.781320654),5.258560707516565,50.99386046156333,41.17672767979925,39.529658572607275,1.0,0.9301378041889283
158,158,1577.1195418126626,1.577119541812663,Sector 1,57.98905713525153,0.0,4,0.9,585378.5050761744,6620217.5753187025,POINT (585378.5050761744 6620217.5753187025),5.258544581049643,50.99391583708222,41.17672767979925,39.529658572607275,1.0,0.9301378041889283
159,159,1587.119541812432,1.5871195418124318,Sector 1,57.98902793184749,0.0,4,0.9,585376.27248012,6620227.183059667,POINT (585376.27248012 6620227.183059667),5.2585245252980535,50.99397015943453,41.17672767979925,39.529658572607275,1.0,0.9301378041889283
160,160,1597.1195418122995,1.5971195418122994,Sector 1,57.98895421067039,32.49758295957825,4,0.9,585374.013560776,6620236.711655287,POINT (585374.013560776 6620236.711655287),5.25850423308033,50.99402403423474,35.00021852782936,33.600209786716185,1.0,0.8356171335605891
161,161,1607.119541812733,1.6071195418127329,Sector 1,57.98895421891592,0.0,4,0.9,585371.8840793932,6620246.195569192,POINT (585371.8840793932 6620246.195569192),5.258485103623596,50.99407765634186,41.17672767979925,39.529658572607275,1.0,0.9301378041889283
162,162,1617.1195418125735,1.6171195418125737,Sector 1,57.98895421076924,-33.55727063162514,4,0.9,585369.9463269238,6620255.5851903595,POINT (585369.9463269238 6620255.5851903595),5.258467696496996,50.99413074525622,35.00021852782936,33.600209786716185,1.0,0.8356171335605891
163,163,1627.1195418125133,1.6271195418125133,Sector 1,57.98895421929103,0.0,4,0.9,585368.2675363058,6620264.860569557,POINT (585368.2675363058 6620264.860569557),5.258452615664286,50.99418318818691,41.17672767979925,39.529658572607275,1.0,0.9301378041889283
164,164,1637.119541812354,1.637119541812354,Sector 1,57.98895422181352,0.0,4,0.9,585366.1856664359,6620273.9453875525,POINT (585366.1856664359 6620273.9453875525),5.258433913909048,50.994234553628395,41.17672767979925,39.529658572607275,1.0,0.9301378041889283
165,165,1647.1195418127877,1.6471195418127875,Sector 1,57.74450271273179,0.0,4,0.9,585364.1037965657,6620283.030205549,POINT (585364.1037965657 6620283.030205549),5.2584152121538095,50.99428591901305,41.17672767979925,39.529658572607275,1.0,0.9301378041889283
166,166,1657.1186759390546,1.6571186759390546,Sector 1,55.419116514455766,0.0,4,0.9,585362.0221069594,6620292.114236915,POINT (585362.0221069594 6620292.114236915),5.2583965120179075,50.99433727989326,41.17672767979925,39.529658572607275,1.0,0.9301378041889283
167,167,1667.1186759393108,1.6671186759393108,Sector 1,55.41911652192295,14.884583059146662,4,0.9,585359.9402370892,6620301.199054911,POINT (585359.9402370892 6620301.199054911),5.258377810262668,50.99438864516421,39.79505216422257,38.203250077653664,1.0,0.9089936768008207
168,168,1677.118675939567,1.677118675939567,Sector 1,55.419116526453365,0.0,4,0.9,585358.1127899399,6620310.3658419,POINT (585358.1127899399 6620310.3658419),5.258361394025617,50.994440473827595,41.17672767979925,39.529658572607275,1.0,0.9301378041889283
169,169,1687.118675939199,1.687118675939199,Sector 1,55.419116515356,0.0,4,0.9,585356.2407251608,6620319.518170768,POINT (585356.2407251608 6620319.518170768),5.258344576981578,50.994492220687576,41.17672767979925,39.529658572607275,1.0,0.9301378041889283
170,170,1697.1186759394552,1.6971186759394552,Sector 1,55.41911652843089,0.0,4,0.9,585354.1399203372,6620328.596523204,POINT (585354.1399203372 6620328.596523204),5.258325705130758,50.99454354923109,41.17672767979925,39.529658572607275,1.0,0.9301378041889283
171,171,1707.118675939183,1.707118675939183,Sector 1,55.419116512035714,-6.23461404478873,4,0.9,585352.0392843909,6620337.67464489,POINT (585352.0392843909 6620337.67464489),5.258306834796988,50.99459487641319,40.93318944787327,39.29586186995834,1.0,0.926410877467231
172,172,1717.1186759394393,1.7171186759394392,Sector 1,55.4191165274849,0.0,4,0.9,585349.9439262872,6620346.745555092,POINT (585349.9439262872 6620346.745555092),5.258288011874886,50.994646162765264,41.17672767979925,39.529658572607275,1.0,0.9301378041889283
173,173,1727.1186759391671,1.7271186759391672,Sector 1,55.41911651848278,0.0,4,0.9,585347.591730541,6620355.721584296,POINT (585347.591730541 6620355.721584296),5.258266881740985,50.994696912610394,41.17672767979925,39.529658572607275,1.0,0.9301378041889283
174,174,1737.1186759393277,1.7371186759393276,Sector 1,55.41911651859647,0.0,4,0.9,585345.0976145859,6620364.645185321,POINT (585345.0976145859 6620364.645185321),5.258244476716157,50.99474736597523,41.17672767979925,39.529658572607275,1.0,0.9301378041889283
175,175,1747.1186759390555,1.7471186759390556,Sector 1,55.41911651283215,0.0,4,0.9,585342.6034986309,6620373.568786344,POINT (585342.6034986309 6620373.568786344),5.25822207169133,50.994797819285196,41.17672767979925,39.529658572607275,1.0,0.9301378041889283
176,176,1757.1186759393115,1.7571186759393118,Sector 1,55.41911651768567,0.0,4,0.9,585340.0885635435,6620382.48409521,POINT (585340.0885635435 6620382.48409521),5.258199479645055,50.994848225657215,41.17672767979925,39.529658572607275,1.0,0.9301378041889283
177,177,1767.118675939568,1.767118675939568,Sector 1,54.20126860050351,0.0,4,0.9,585337.6299772942,6620391.299528214,POINT (585337.6299772942 6620391.299528214),5.258177393789004,50.99489806728605,41.17672767979925,39.529658572607275,1.0,0.9301378041889283
178,178,1777.1166907316062,1.7771166907316065,Sector 1,53.13097738468525,13.097302093272685,4,0.9,585334.9780228707,6620399.910049048,POINT (585334.9780228707 6620399.910049048),5.25815357087709,50.99494675030909,40.10558258180421,38.501359278532036,1.0,0.9137458017630178
179,179,1787.116690731451,1.7871166907314509,Sector 1,53.13097736896253,0.0,4,0.9,585335.2365357451,6620409.114870515,POINT (585335.2365357451 6620409.114870515),5.258155893137751,50.994998793391936,41.17672767979925,39.529658572607275,1.0,0.9301378041889283
180,180,1797.1166907317613,1.7971166907317613,Sector 1,53.130977374479016,-19.74540879693306,4,0.9,585338.5457219027,6620417.779935898,POINT (585338.5457219027 6620417.779935898),5.258185620062785,50.99504778469789,38.75566333018376,37.20543679697641,1.0,0.8930876484570234
181,181,1807.116690731606,1.807116690731606,Sector 1,53.1309773874309,0.0,4,0.9,585346.5775070284,6620423.49955067,POINT (585346.5775070284 6620423.49955067),5.258257770816156,50.99508012272874,41.17672767979925,39.529658572607275,1.0,0.9301378041889283
182,182,1817.1166907314507,1.8171166907314509,Sector 1,53.13097737687968,13.257803034918531,4,0.9,585355.123223637,6620428.400167595,POINT (585355.123223637 6620428.400167595),5.25833453829459,50.995107830223915,40.07928697246209,38.476115493563604,1.0,0.913343393449771
183,183,1827.116690731761,1.827116690731761,Sector 1,53.13097737755919,0.0,4,0.9,585363.7416509626,6620433.14340728,POINT (585363.7416509626 6620433.14340728),5.258411958944507,50.99513464791148,41.17672767979925,39.529658572607275,1.0,0.9301378041889283
184,184,1837.1166907316056,1.8371166907316057,Sector 1,53.13097738673093,0.0,4,0.9,585371.2774837265,6620439.207646274,POINT (585371.2774837265 6620439.207646274),5.258479654482009,50.99516893434235,30.750556376530554,29.520534121469332,0.7467945635616005,0.6946218555314161
185,185,1847.1166907313573,1.8471166907313572,Sector 1,56.54867256529178,0.0,0,0.1,585522.8861510092,6620624.305556604,POINT (585522.8861510092 6620624.305556604),5.25984157831226,50.99621544204226,27.206688269308085,26.11842073853576,0.6607297326022175,0.6145697026449644
186,186,1857.0808833935664,1.8570808833935664,Sector 1,63.42950107133271,0.0,0,0.1,585531.7395430107,6620623.493917697,POINT (585531.7395430107 6620623.493917697),5.259921109685773,50.99621085324476,26.764872991869513,25.69427807219473,0.65,0.6045895727228034
187,187,1867.08088339338,1.86708088339338,Sector 1,63.42950107908098,0.0,0,0.1,585540.2236824753,6620622.027523132,POINT (585540.2236824753 6620622.027523132),5.259997324007309,50.9962025626261,26.764872991869513,25.69427807219473,0.65,0.6045895727228034
188,188,1877.0808833936096,1.8770808833936097,Sector 1,63.42950107151228,-5.317386827900119,0,0.1,585548.347616006,6620620.144181274,POINT (585548.347616006 6620620.144181274),5.2600703025438875,50.996191914692254,26.649693620936738,25.583705876099266,0.65,0.6028269538850018
189,189,1887.080883393423,1.887080883393423,Sector 1,63.42950107592912,9.161710033319798,0,0.1,585556.1007247188,6620617.327352288,POINT (585556.1007247188 6620617.327352288),5.260139949904448,50.99617598905604,26.42343058953017,25.366493365948962,0.65,0.5993643938950877
190,190,1897.0808833936528,1.8970808833936528,Sector 1,63.429501077692805,0.0,0,0.1,585563.7808016496,6620614.326678462,POINT (585563.7808016496 6620614.326678462),5.260208941209349,50.99615902400174,26.764872991869513,25.69427807219473,0.65,0.6045895727228034
191,191,1907.080883393466,1.907080883393466,Sector 1,55.80306676698871,0.0,0,0.1,585570.6201803124,6620609.911094058,POINT (585570.6201803124 6620609.911094058),5.260270380393218,50.99613405938801,26.764872991869513,25.69427807219473,0.65,0.6045895727228034
192,192,1916.9790289888765,1.916979028988876,Sector 1,47.01977939119854,0.0,0,0.1,585577.3431939522,6620605.361233713,POINT (585577.3431939522 6620605.361233713),5.260330774252297,50.996108335597526,26.764872991869513,25.69427807219473,0.65,0.6045895727228034
193,193,1926.9790289889943,1.9269790289889943,Sector 1,47.019779389300766,1.4327514725652983,0,0.1,585584.011315858,6620600.507681491,POINT (585584.011315858 6620600.507681491),5.26039067501054,50.99608089479219,26.75650523558853,25.68624502616499,0.65,0.604461518847083
194,194,1936.9790289891123,1.936979028989112,Sector 1,47.01977939281676,0.0,0,0.1,585590.9223915208,6620595.66857578,POINT (585590.9223915208 6620595.66857578),5.260452758259516,50.996053535647775,26.764872991869513,25.69427807219473,0.65,0.6045895727228034
195,195,1946.9790289892303,1.9469790289892304,Sector 1,47.01977938018115,0.0,0,0.1,585597.9187280516,6620590.816725786,POINT (585597.9187280516 6620590.816725786),5.2605156074199,50.996026104434044,27.319492273917213,26.226712582960523,0.6634692413238993,0.6171178232719059
196,196,1956.9790289887983,1.9569790289887985,Sector 1,47.01977939210434,0.0,0,0.1,585604.9468702577,6620585.7800965635,POINT (585604.9468702577 6620585.7800965635),5.260578742295528,50.995997628505044,28.281373981276484,27.150119022025425,0.6868290797947731,0.6388456921334126
197,197,1966.9790289889163,1.9669790289889169,Sector 1,47.01977938822171,-15.056355454084873,0,0.1,585612.1366034432,6620580.651853604,POINT (585612.1366034432 6620580.651853604),5.260643328767621,50.99596863459534,28.272717715859184,27.141809007224815,0.7110278847065243,0.6459728646034525
198,198,1976.9790289890343,1.9769790289890343,Sector 1,51.72945120752064,0.0,0,0.1,585619.5071006166,6620575.413474537,POINT (585619.5071006166 6620575.413474537),5.260709539070245,50.995939017982664,30.308941527177335,29.096583866090242,0.7360696984682077,0.6846462530632252
199,199,1986.9767111313447,1.9869767111313448,Sector 1,52.05243119790475,0.0,0,0.1,585627.0449288351,6620570.099598272,POINT (585627.0449288351 6620570.099598272),5.260777252533223,50.99590897450654,41.17672767979925,39.529658572607275,1.0,0.9301378041889283
200,200,1996.976711131207,1.996976711131207,Sector 1,52.05243120389139,0.0,0,0.1,585634.6236197036,6620564.735631147,POINT (585634.6236197036 6620564.735631147),5.26084533307163,50.9958786478081,41.17672767979925,39.529658572607275,1.0,0.9301378041889283
201,201,2006.9767111309773,2.006976711130977,Sector 1,52.05243121336037,7.327733586209215,0,0.1,585642.2023105721,6620559.371664023,POINT (585642.2023105721 6620559.371664023),5.260913413610038,50.99584832108984,40.840430004522055,39.20681280434117,1.0,0.9249913564114141
202,202,2016.976711131412,2.016976711131412,Sector 1,52.05243120219177,0.0,0,0.1,585649.7810014411,6620554.007696897,POINT (585649.7810014411 6620554.007696897),5.26098149414845,50.99581799435176,41.17672767979925,39.529658572607275,1.0,0.9301378041889283
203,203,2026.9767111311824,2.0269767111311827,Sector 1,52.05243119865264,0.0,0,0.1,585657.3596923096,6620548.643729772,POINT (585657.3596923096 6620548.643729772),5.261049574686859,50.995787667593866,41.17672767979925,39.529658572607275,1.0,0.9301378041889283
204,204,2036.9767111310448,2.036976711131045,Sector 1,52.05243120020168,0.0,0,0.1,585664.9383831783,6620543.279762648,POINT (585664.9383831783 6620543.279762648),5.261117655225268,50.99575734081614,41.17672767979925,39.529658572607275,1.0,0.9301378041889283
205,205,2046.976711131388,2.046976711131388,Sector 1,52.052431199526495,-4.271222069943849,0,0.1,585672.5092505579,6620537.907775722,POINT (585672.5092505579 6620537.907775722),5.26118566548408,50.99572696867624,41.062366206657614,39.41987155839131,1.0,0.9283877018464191
206,206,2056.97671113125,2.05697671113125,Sector 1,52.05243120331579,0.0,0,0.1,585680.073587439,6620532.530622723,POINT (585680.073587439 6620532.530622723),5.261253617078425,50.99569656730847,41.17672767979925,39.529658572607275,1.0,0.9301378041889283
207,207,2066.976711131112,2.066976711131112,Sector 1,51.14499256855163,0.0,0,0.1,585687.6379243203,6620527.153469723,POINT (585687.6379243203 6620527.153469723),5.261321568672772,50.995666165920795,41.17672767979925,39.529658572607275,1.0,0.9301378041889283
208,208,2076.9682213323576,2.0769682213323577,Sector 1,45.005753085290735,0.0,0,0.1,585695.1958392318,6620521.7808818165,POINT (585695.1958392318 6620521.7808818165),5.261389462577583,50.995635790323384,41.17672767979925,39.529658572607275,1.0,0.9301378041889283
209,209,2086.9682213323263,2.0869682213323264,Sector 1,45.00575308034541,0.0,0,0.1,585702.7601761131,6620516.403728816,POINT (585702.7601761131 6620516.403728816),5.26145741417193,50.99560538889588,41.17672767979925,39.529658572607275,1.0,0.9301378041889283
210,210,2096.968221332377,2.0969682213323773,Sector 1,45.00575308572712,0.0,0,0.1,585710.4347602574,6620511.153904672,POINT (585710.4347602574 6620511.153904672),5.26152635613429,50.99557570734295,41.17672767979925,39.529658572607275,1.0,0.9301378041889283
211,211,2106.968221332346,2.106968221332346,Sector 1,45.00575308343406,0.0,0,0.1,585718.187419262,6620505.95513124,POINT (585718.187419262 6620505.95513124),5.2615959994550545,50.99554631440277,41.17672767979925,39.529658572607275,1.0,0.9301378041889283
212,212,2116.9682213323968,2.116968221332397,Sector 2,35.94529699436322,-9.505366052167435,0,0.1,585725.9400782668,6620500.756357809,POINT (585725.9400782668 6620500.756357809),5.26166564277582,50.995516921443965,40.61137695835718,38.98692188002289,1.0,0.921486100125011
213,213,2126.839144807416,2.126839144807416,Sector 2,26.57167449805513,0.0,0,0.1,585733.6673388013,6620495.494866431,POINT (585733.6673388013 6620495.494866431),5.261735057938245,50.995487173869876,41.17672767979925,39.529658572607275,1.0,0.9301378041889283
214,214,2136.839144807444,2.136839144807444,Sector 2,26.571674501668724,2.769782499618299,0,0.1,585741.5222542261,6620490.105202845,POINT (585741.5222542261 6620490.105202845),5.261805619844061,50.99545670161223,41.12862344335086,39.48347850561682,1.0,0.9294016529783833
215,215,2146.839144807472,2.146839144807472,Sector 2,19.049807553432345,0.0,0,0.1,585749.6314952485,6620484.910811769,POINT (585749.6314952485 6620484.910811769),5.261878466395592,50.9954273333738,41.17672767979925,39.529658572607275,1.0,0.9301378041889283
216,216,2156.620957894449,2.1566209578944484,Sector 2,0.0,0.0,0,0.1,585757.8920909617,6620480.143647166,POINT (585757.8920909617 6620480.143647166),5.261952672589442,50.99540038058768,42.31355155914708,40.62100949678119,1.0,0.9475349054994633
217,217,2166.620957894449,2.1666209578944486,Sector 2,353.5022949773701,0.0,0,0.1,585766.3460229386,6620475.224286678,POINT (585766.3460229386 6620475.224286678),5.2620286155525,50.99537256729397,42.80775597076758,41.09544573193688,1.0,0.9550978397175653
218,218,2176.586185379354,2.176586185379354,Sector 2,349.9874631882629,-8.190143282649226,0,0.1,585774.9545522409,6620470.507832401,POINT (585774.9545522409 6620470.507832401),5.26210594728696,50.99534590118454,42.62750152597899,40.92240146493983,1.0,0.9523393606825716
219,219,2186.586185379124,2.186586185379124,Sector 2,349.9874631877641,0.0,0,0.1,585783.7949775787,6620466.060339883,POINT (585783.7949775787 6620466.060339883),5.2621853621789505,50.99532075572963,43.06674994504768,41.344079947245774,1.0,0.9590612895458308
220,220,2196.5861853788733,2.196586185378873,Sector 2,354.53890058797657,0.0,0,0.1,585792.6296975525,6620461.476793506,POINT (585792.6296975525 6620461.476793506),5.262264725818785,50.99529484103236,42.73015658336026,41.020950320025854,1.0,0.9539103168049266
221,221,2206.31672054238,2.20631672054238,Sector 2,32.471246839815535,0.0,0,0.1,585801.2319561703,6620457.005131342,POINT (585801.2319561703 6620457.005131342),5.262342001222727,50.995269558898045,41.17672767979925,39.529658572607275,1.0,0.9301378041889283
222,222,2216.316720542228,2.216316720542227,Sector 2,32.471246836309035,0.0,0,0.1,585810.3272614337,6620452.859572156,POINT (585810.3272614337 6620452.859572156),5.262423705740046,50.99524612049073,41.17672767979925,39.529658572607275,1.0,0.9301378041889283
223,223,2226.316720542075,2.226316720542075,Sector 2,32.47124684665408,-3.532288401306234,0,0.1,585819.4310088381,6620448.698690592,POINT (585819.4310088381 6620448.698690592),5.262505486094408,50.995222595440936,41.09850164391206,39.45456157815558,1.0,0.9289406915172349
224,224,2236.31672054186,2.23631672054186,Sector 2,32.47124683927808,0.0,0,0.1,585828.710870582,6620444.925027077,POINT (585828.710870582 6620444.925027077),5.262588848510799,50.99520125965822,41.17672767979925,39.529658572607275,1.0,0.9301378041889283
225,225,2246.316720541708,2.2463167205417074,Sector 2,32.47124683968826,0.0,0,0.1,585837.9404205638,6620441.037620165,POINT (585837.9404205638 6620441.037620165),5.26267175896894,50.99517928077546,41.17672767979925,39.529658572607275,1.0,0.9301378041889283
226,226,2256.3167205423406,2.2563167205423404,Sector 2,45.9087988397041,-2.5948983737142477,0,0.1,585847.1069871505,6620437.04723652,POINT (585847.1069871505 6620437.04723652),5.262754103637618,50.9951567196651,41.134505267438186,39.489125056740654,1.0,0.9294916640094644
227,227,2266.2375365998846,2.266237536599885,Sector 2,49.773828981968336,0.0,0,0.1,585856.1768283157,6620433.053730083,POINT (585856.1768283157 6620433.053730083),5.26283557940705,50.9951341408879,41.17672767979925,39.529658572607275,1.0,0.9301378041889283
228,228,2276.237536599313,2.276237536599313,Sector 2,49.77382898465919,0.0,0,0.1,585865.2983343819,6620429.001940231,POINT (585865.2983343819 6620429.001940231),5.262917519290185,50.99511123257246,41.17672767979925,39.529658572607275,1.0,0.9301378041889283
229,229,2286.237536599432,2.286237536599432,Sector 2,51.123649465649976,-0.342773052205391,0,0.1,585874.4089395183,6620424.937054602,POINT (585874.4089395183 6620424.937054602),5.262999361248601,50.995088250203764,41.1759908136301,39.52895118108489,1.0,0.9301265277408963
230,230,2296.230707783165,2.296230707783165,Sector 2,54.44527697577507,0.0,0,0.1,585883.5002718804,6620420.866170108,POINT (585883.5002718804 6620420.866170108),5.263081030076739,50.99506523390681,41.17672767979925,39.529658572607275,1.0,0.9301378041889283
231,231,2306.230707783006,2.3062307077830058,Sector 2,54.44527697536347,0.0,0,0.1,585892.613969811,6620416.832218051,POINT (585892.613969811 6620416.832218051),5.263162899818199,50.995042426410194,41.17672767979925,39.529658572607275,1.0,0.9301378041889283
232,232,2316.2307077833884,2.3162307077833884,Sector 2,54.44527697931585,0.0,0,0.1,585901.7276677421,6620412.7982659945,POINT (585901.7276677421 6620412.7982659945),5.263244769559662,50.99501961890238,41.17672767979925,39.529658572607275,1.0,0.9301378041889283
233,233,2326.2307077831347,2.3262307077831346,Sector 2,58.50545162199597,0.0,0,0.1,585910.8446798268,6620408.768080491,POINT (585910.8446798268 6620408.768080491),5.263326669072673,50.99499683267903,41.17672767979925,39.529658572607275,1.0,0.9301378041889283
234,234,2336.2230875091896,2.3362230875091896,Sector 2,59.73761360042028,-3.87738544447774,0,0.1,585919.9562125527,6620404.74263455,POINT (585919.9562125527 6620404.74263455),5.263408519363769,50.99497407324148,41.082476071110406,39.43917702826599,1.0,0.9286954481522296
235,235,2346.223087509424,2.3462230875094243,Sector 2,59.73761361482201,0.0,0,0.1,585929.0746938112,6620400.714118768,POINT (585929.0746938112 6620400.714118768),5.263490432074594,50.994951296436206,41.17672767979925,39.529658572607275,1.0,0.9301378041889283
236,236,2356.2230875091896,2.3562230875091896,Sector 2,59.737613601390194,0.0,0,0.1,585938.2183483286,6620396.749258139,POINT (585938.2183483286 6620396.749258139),5.263572570920649,50.99492887951956,41.17672767979925,39.529658572607275,1.0,0.9301378041889283
237,237,2366.223087509424,2.3662230875094243,Sector 2,59.08997744477728,0.0,0,0.1,585947.3804744906,6620392.831106412,POINT (585947.3804744906 6620392.831106412),5.263654875700313,50.99490672667964,41.17672767979925,39.529658572607275,1.0,0.9301378041889283
238,238,2376.220661029241,2.3762206610292416,Sector 2,56.630165368104656,1.3776250692279577,0,0.1,585956.5403774806,6620388.913905418,POINT (585956.5403774806 6620388.913905418),5.2637371605088825,50.99488457920449,41.164825740766695,39.51823271113602,1.0,0.9299556658270389
239,239,2386.220661029642,2.386220661029642,Sector 2,56.6301653797824,0.0,0,0.1,585965.7025036426,6620384.995753689,POINT (585965.7025036426 6620384.995753689),5.263819465288547,50.9948624263434,41.17672767979925,39.529658572607275,1.0,0.9301378041889283
240,240,2396.220661029628,2.396220661029628,Sector 2,56.63016537744852,0.0,0,0.1,585974.8646298044,6620381.077601962,POINT (585974.8646298044 6620381.077601962),5.263901770068208,50.99484027347176,41.17672767979925,39.529658572607275,1.0,0.9301378041889283
241,241,2406.2206610295166,2.4062206610295167,Sector 2,56.63016538403031,0.0,0,0.1,585984.0271285672,6620377.1598780975,POINT (585984.0271285672 6620377.1598780975),5.263984078195002,50.994818123008635,41.17672767979925,39.529658572607275,1.0,0.9301378041889283
242,242,2416.2206610295025,2.4162206610295023,Sector 2,56.63016537873409,0.0,0,0.1,585993.1912021203,6620373.243962582,POINT (585993.1912021203 6620373.243962582),5.264066400468377,50.994795982759186,41.17672767979925,39.529658572607275,1.0,0.9301378041889283
243,243,2426.220661029391,2.426220661029391,Sector 2,56.630165376691366,0.0,0,0.1,586002.3552756732,6620369.328047068,POINT (586002.3552756732 6620369.328047068),5.264148722741751,50.994773842499185,41.17672767979925,39.529658572607275,1.0,0.9301378041889283
244,244,2436.22066102928,2.43622066102928,Sector 2,56.630165388668445,0.0,0,0.1,586011.5193492261,6620365.412131553,POINT (586011.5193492261 6620365.412131553),5.2642310450151255,50.99475170222862,41.17672767979925,39.529658572607275,1.0,0.9301378041889283
245,245,2446.2206610292656,2.4462206610292654,Sector 2,56.63016536992666,11.364101375512444,0,0.1,586020.6834227792,6620361.496216038,POINT (586020.6834227792 6620361.496216038),5.2643133672885,50.99472956194749,40.36945069688629,38.75467266901084,1.0,0.9177838417919941
246,246,2456.220661029666,2.456220661029666,Sector 2,56.63016537894134,0.0,0,0.1,586029.8474963325,6620357.580300523,POINT (586029.8474963325 6620357.580300523),5.264395689561877,50.9947074216558,41.17672767979925,39.529658572607275,1.0,0.9301378041889283
247,247,2466.220661029652,2.466220661029652,Sector 2,56.63016537960647,-14.174396470551876,0,0.1,586039.0115698855,6620353.664385008,POINT (586039.0115698855 6620353.664385008),5.264478011835252,50.99468528135353,39.92309695970213,38.32617308131404,1.0,0.9109531784612912
248,248,2476.2206610295407,2.4762206610295405,Sector 2,56.63016537461357,0.0,0,0.1,586048.1437632497,6620349.667543379,POINT (586048.1437632497 6620349.667543379),5.264560047724018,50.99466268349,41.17672767979925,39.529658572607275,1.0,0.9301378041889283
249,249,2486.2206610294293,2.4862206610294293,Sector 2,56.63016538633201,11.763463956422529,0,0.1,586057.2770797891,6620345.668433414,POINT (586057.2770797891 6620345.668433414),5.264642093702438,50.99464007279045,40.31191722861258,38.69944053946807,1.0,0.9169033926789105
250,250,2496.220661029415,2.4962206610294158,Sector 2,56.63016538162617,0.0,0,0.1,586066.4657971862,6620341.739723407,POINT (586066.4657971862 6620341.739723407),5.264724637355231,50.994617860116804,41.17672767979925,39.529658572607275,1.0,0.9301378041889283
251,251,2506.220661029304,2.506220661029304,Sector 2,56.630165371541295,0.0,0,0.1,586075.6545145833,6620337.811013401,POINT (586075.6545145833 6620337.811013401),5.264807181008024,50.99459564743254,41.17672767979925,39.529658572607275,1.0,0.9301378041889283
252,252,2516.2206610292897,2.5162206610292897,Sector 2,56.63016537491831,0.0,0,0.1,586084.8432319806,6620333.882303394,POINT (586084.8432319806 6620333.882303394),5.264889724660818,50.99457343473763,41.17672767979925,39.529658572607275,1.0,0.9301378041889283
253,253,2526.2206610296903,2.5262206610296905,Sector 2,56.63016538312462,0.0,0,0.1,586094.0538541551,6620329.987057656,POINT (586094.0538541551 6620329.987057656),5.264972465087574,50.99455141123724,41.17672767979925,39.529658572607275,1.0,0.9301378041889283
254,254,2536.220661029579,2.5362206610295788,Sector 2,56.63016538465507,0.0,0,0.1,586103.2850056987,6620326.123174954,POINT (586103.2850056987 6620326.123174954),5.26505538993279,50.99452956505135,41.17672767979925,39.529658572607275,1.0,0.9301378041889283
255,255,2546.220661029565,2.546220661029565,Sector 2,56.63016537941167,0.0,0,0.1,586112.5161572422,6620322.259292252,POINT (586112.5161572422 6620322.259292252),5.265138314778007,50.99450771885519,41.17672767979925,39.529658572607275,1.0,0.9301378041889283
256,256,2556.2206610294534,2.5562206610294536,Sector 2,56.63016537528813,-3.5030454847425974,0,0.1,586121.4260161328,6620317.747495351,POINT (586121.4260161328 6620317.747495351),5.265218353402214,50.994482209372094,41.0997911075382,39.45579946323667,1.0,0.9289604245029224
257,257,2566.2206610294397,2.566220661029439,Sector 2,56.63016537543598,0.0,0,0.1,586129.0247114481,6620311.536799269,POINT (586129.0247114481 6620311.536799269),5.2652866136436245,50.994447094371644,41.17672767979925,39.529658572607275,1.0,0.9301378041889283
258,258,2576.220661029328,2.576220661029328,Sector 2,56.630165378837376,0.0,0,0.1,586134.7806214328,6620303.544173938,POINT (586134.7806214328 6620303.544173938),5.2653383198627575,50.99440190438309,41.17672767979925,39.529658572607275,1.0,0.9301378041889283
259,259,2586.2206610292164,2.5862206610292167,Sector 2,56.63016536934288,0.0,0,0.1,586139.8557537526,6620295.156773233,POINT (586139.8557537526 6620295.156773233),5.265383910552075,50.99435448230281,41.17672767979925,39.529658572607275,1.0,0.9301378041889283
260,260,2596.2206610297144,2.5962206610297143,Sector 2,56.630165391035575,29.506797900482027,0,0.1,586142.6292304711,6620285.946456554,POINT (586142.6292304711 6620285.946456554),5.265408825117339,50.99430240742759,35.83599351653014,34.40255377586893,1.0,0.8484072080966554
261,261,2606.220661029603,2.606220661029603,Sector 2,56.63016536512072,0.0,0,0.1,586141.1508141732,6620276.956197359,POINT (586141.1508141732 6620276.956197359),5.265395544277772,50.99425157669492,41.17672767979925,39.529658572607275,1.0,0.9301378041889283
262,262,2616.220661029589,2.616220661029589,Sector 2,56.63016538710053,0.0,0,0.1,586138.2219197579,6620268.420981694,POINT (586138.2219197579 6620268.420981694),5.265369233571584,50.99420331871709,41.17672767979925,39.529658572607275,1.0,0.9301378041889283
263,263,2626.220661029477,2.6262206610294774,Sector 2,56.63016538569701,0.0,0,0.1,586132.664095798,6620261.842708219,POINT (586132.664095798 6620261.842708219),5.265319306789488,50.99416612522601,41.17672767979925,39.529658572607275,1.0,0.9301378041889283
264,264,2636.220661029464,2.6362206610294634,Sector 2,56.63016537510697,0.0,0,0.1,586126.7990129578,6620255.5345869865,POINT (586126.7990129578 6620255.5345869865),5.265266619853908,50.994130459144934,41.17672767979925,39.529658572607275,1.0,0.9301378041889283
265,265,2646.220661029352,2.646220661029352,Sector 2,56.63016538122844,-24.70045668021731,0,0.1,586120.2284395149,6620250.132810255,POINT (586120.2284395149 6620250.132810255),5.265207595388416,50.99409991750866,37.409256674836044,35.9128864078426,1.0,0.8724832492938914
266,266,2656.2206610292405,2.6562206610292405,Sector 2,56.6301653717623,0.0,0,0.1,586113.6578660718,6620244.731033524,POINT (586113.6578660718 6620244.731033524),5.265148570922922,50.99406937585229,41.17672767979925,39.529658572607275,1.0,0.9301378041889283
267,267,2666.2206610297385,2.6662206610297385,Sector 2,56.63016538568775,-17.03158339245341,0,0.1,586107.0872926284,6620239.329256792,POINT (586107.0872926284 6620239.329256792),5.265089546457426,50.99403883417582,39.37085827411041,37.79602394314599,1.0,0.9025021311747516
268,268,2676.220661029627,2.6762206610296277,Sector 2,56.63016537595081,0.0,0,0.1,586100.4066455136,6620234.096442797,POINT (586100.4066455136 6620234.096442797),5.265029533183316,50.994009247796455,41.17672767979925,39.529658572607275,1.0,0.9301378041889283
269,269,2686.220661029613,2.686220661029613,Sector 2,56.63016537317691,0.0,0,0.1,586093.7043429683,6620228.896869819,POINT (586093.7043429683 6620228.896869819),5.264969325375163,50.99397984934343,41.17672767979925,39.529658572607275,1.0,0.9301378041889283
270,270,2696.2206610295016,2.6962206610295016,Sector 2,56.630165379597656,0.0,0,0.1,586087.002040423,6620223.697296841,POINT (586087.002040423 6620223.697296841),5.2649091175670115,50.993950450871786,41.17672767979925,39.529658572607275,1.0,0.9301378041889283
271,271,2706.22066102939,2.70622066102939,Sector 2,56.63016538360984,3.4842532781185582,0,0.1,586080.3015006623,6620218.502164199,POINT (586080.3015006623 6620218.502164199),5.264848925594222,50.99392107748727,41.10061409743982,39.45658953354223,1.0,0.9289730189240601
272,272,2716.220661029376,2.716220661029376,Sector 2,56.63016537305225,0.0,0,0.1,586074.0168291469,6620212.7574397735,POINT (586074.0168291469 6620212.7574397735),5.264792469429443,50.99388859667811,41.17672767979925,39.529658572607275,1.0,0.9301378041889283
273,273,2726.2206610292646,2.7262206610292647,Sector 2,56.63016538217681,0.0,0,0.1,586068.0316057373,6620206.602715756,POINT (586068.0316057373 6620206.602715756),5.264738703252766,50.993853797696225,41.17672767979925,39.529658572607275,1.0,0.9301378041889283
274,274,2736.2206610297626,2.736220661029763,Sector 2,56.63016537756852,0.8185178963489543,0,0.1,586062.3884921864,6620200.070193665,POINT (586062.3884921864 6620200.070193665),5.264688010301239,50.99381686260492,41.1725259749448,39.525624935947,1.0,0.9300735044443877
275,275,2746.220661029651,2.746220661029651,Sector 2,56.63016536999362,0.0,0,0.1,586056.8666793003,6620193.403717069,POINT (586056.8666793003 6620193.403717069),5.2646384070121215,50.993779170100204,41.17672767979925,39.529658572607275,1.0,0.9301378041889283
276,276,2756.22066102954,2.75622066102954,Sector 2,56.63016538182205,0.0,0,0.1,586052.5022959418,6620185.752206271,POINT (586052.5022959418 6620185.752206271),5.264599201089354,50.993735908138,41.17672767979925,39.529658572607275,1.0,0.9301378041889283
277,277,2766.2206610295257,2.766220661029525,Sector 2,56.630165382330176,0.0,0,0.1,586048.2368768234,6620178.01647163,POINT (586048.2368768234 6620178.01647163),5.264560884177482,50.993692169929695,41.17672767979925,39.529658572607275,1.0,0.9301378041889283
278,278,2776.2206610294143,2.7762206610294142,Sector 2,56.70166782625273,0.0,0,0.1,586043.9713684444,6620170.280505999,POINT (586043.9713684444 6620170.280505999),5.264522566463768,50.993648430374115,41.17672767979925,39.529658572607275,1.0,0.9301378041889283
279,279,2786.220642536006,2.786220642536006,Sector 2,56.87148036682356,3.983391077685682,0,0.1,586039.7058387196,6620162.544479022,POINT (586039.7058387196 6620162.544479022),5.264484248558301,50.993604690430466,41.07725415082862,39.434163984795475,1.0,0.9286155357948027
280,280,2796.220642536381,2.7962206425363814,Sector 2,56.87148037423219,0.0,0,0.1,586035.4403011061,6620154.808437737,POINT (586035.4403011061 6620154.808437737),5.264445930581969,50.99356095036469,41.17672767979925,39.529658572607275,1.0,0.9301378041889283
281,281,2806.2206425362483,2.8062206425362484,Sector 2,56.87148036655907,0.0,0,0.1,586031.0899458886,6620147.133251961,POINT (586031.0899458886 6620147.133251961),5.264406850676138,50.993517554339064,41.17672767979925,39.529658572607275,1.0,0.9301378041889283
282,282,2816.220642536115,2.816220642536115,Sector 2,56.87148036857758,-3.4366270339338656,0,0.1,586026.6951414905,6620139.489957882,POINT (586026.6951414905 6620139.489957882),5.2643673714765225,50.99347433859095,41.1026800491681,39.458572847201374,1.0,0.9290046347021701
283,283,2826.220642535982,2.826220642535982,Sector 2,56.87148038222784,-3.126169848407344,0,0.1,586021.3796441514,6620132.691423277,POINT (586021.3796441514 6620132.691423277),5.264319621551498,50.993435899141346,41.1154511777641,39.47083313065354,1.0,0.929200074490224
284,284,2836.2206425358486,2.8362206425358485,Sector 2,56.87148036619237,0.0,0,0.1,586015.5089551872,6620126.402291277,POINT (586015.5089551872 6620126.402291277),5.26426688425525,50.99340033986581,41.17672767979925,39.529658572607275,1.0,0.9301378041889283
285,285,2846.220642536322,2.846220642536322,Sector 2,56.87148037417535,0.0,0,0.1,586009.1082218827,6620120.816750349,POINT (586009.1082218827 6620120.816750349),5.264209385489679,50.99336875872987,41.17672767979925,39.529658572607275,1.0,0.9301378041889283
286,286,2856.2206425361887,2.8562206425361887,Sector 2,56.87148037136603,0.0,0,0.1,586002.4393838325,6620115.586275582,POINT (586002.4393838325 6620115.586275582),5.264149478298202,50.99333918514954,41.17672767979925,39.529658572607275,1.0,0.9301378041889283
287,287,2866.2206425360555,2.866220642536056,Sector 2,56.87148037340455,0.0,0,0.1,585995.770545782,6620110.355800817,POINT (585995.770545782 6620110.355800817),5.26408957110672,50.99330961155035,41.17672767979925,39.529658572607275,1.0,0.9301378041889283
288,288,2876.2206425359223,2.8762206425359222,Sector 2,56.87148036845849,0.0,0,0.1,585989.1784522042,6620105.00984956,POINT (585989.1784522042 6620105.00984956),5.264030353322568,50.99327938501669,41.17672767979925,39.529658572607275,1.0,0.9301378041889283
289,289,2886.220642536298,2.8862206425362977,Sector 2,56.87148037050497,0.0,0,0.1,585982.6766270561,6620099.528072475,POINT (585982.6766270561 6620099.528072475),5.263971946433515,50.993248390489995,41.17672767979925,39.529658572607275,1.0,0.9301378041889283
290,290,2896.2206425361646,2.8962206425361647,Sector 2,56.87148037068789,-0.4575145953489812,0,0.1,585976.1738849679,6620094.044084736,POINT (585976.1738849679 6620094.044084736),5.263913531307451,50.99321738344333,41.17541492332588,39.528398326392846,1.0,0.9301177147469506
291,291,2906.2206425360314,2.9062206425360317,Sector 2,56.87148037329672,0.0,0,0.1,585969.6565388301,6620088.524888067,POINT (585969.6565388301 6620088.524888067),5.263854984990975,50.99318617730073,41.17672767979925,39.529658572607275,1.0,0.9301378041889283
292,292,2916.220642535898,2.9162206425358983,Sector 2,56.871480368089465,-2.7866161581809576,0,0.1,585963.0560000195,6620082.86285008,POINT (585963.0560000195 6620082.86285008),5.263795691342006,50.99315416349588,41.128037064518566,39.482915581937824,1.0,0.9293926794758582
293,293,2926.2206425363715,2.9262206425363715,Sector 2,56.87148036828438,6.145503805612739,0,0.1,585956.2258162748,6620076.952743491,POINT (585956.2258162748 6620076.952743491),5.263734334757493,50.99312074705945,40.940094766769114,39.30249097609835,1.0,0.9265165512963924
294,294,2936.2206425362383,2.9362206425362385,Sector 2,56.87148038087008,0.0,0,0.1,585949.2442655694,6620070.947475726,POINT (585949.2442655694 6620070.947475726),5.263671618420438,50.99308679254592,41.17672767979925,39.529658572607275,1.0,0.9301378041889283
295,295,2946.220642536105,2.946220642536105,Sector 2,56.87148038135018,0.0,0,0.1,585941.9994240911,6620064.859018942,POINT (585941.9994240911 6620064.859018942),5.263606536902128,50.99305236764621,41.17672767979925,39.529658572607275,1.0,0.9301378041889283
296,296,2956.220642535972,2.956220642535972,Sector 2,56.87148035913288,0.0,0,0.1,585934.272397399,6620058.8006331995,POINT (585934.272397399 6620058.8006331995),5.263537123840345,50.9930181127466,41.17672767979925,39.529658572607275,1.0,0.9301378041889283
297,297,2966.2206425363474,2.9662206425363475,Sector 2,56.87148037823738,0.0,0,0.1,585926.3066889712,6620052.848921066,POINT (585926.3066889712 6620052.848921066),5.263465566664051,50.9929844609688,41.17672767979925,39.529658572607275,1.0,0.9301378041889283
298,298,2976.220642536214,2.976220642536214,Sector 2,56.87148036737875,0.0,0,0.1,585918.1102602781,6620047.099705294,POINT (585918.1102602781 6620047.099705294),5.263391936892347,50.992951954109394,41.17672767979925,39.529658572607275,1.0,0.9301378041889283
299,299,2986.220642536081,2.986220642536081,Sector 2,56.87148037811687,0.0,0,0.1,585909.8557444954,6620041.422774036,POINT (585909.8557444954 6620041.422774036),5.263317785315442,50.99291985593426,41.17672767979925,39.529658572607275,1.0,0.9301378041889283
300,300,2996.220642535948,2.996220642535948,Sector 2,56.87148036809776,0.0,0,0.1,585901.5322791792,6620035.846607304,POINT (585901.5322791792 6620035.846607304),5.263243014354338,50.992888327474446,41.17672767979925,39.529658572607275,1.0,0.9301378041889283
301,301,3006.220642536421,3.0062206425364213,Sector 2,56.87148036963788,-5.511369900639067,0,0.1,585893.2088138624,6620030.270440571,POINT (585893.2088138624 6620030.270440571),5.2631682433932285,50.99285679899322,40.986374211793766,39.34691924332201,1.0,0.9272247772655293
302,302,3016.220642536288,3.016220642536288,Sector 2,51.55042127200295,0.0,0,0.1,585884.8853485463,6620024.694273838,POINT (585884.8853485463 6620024.694273838),5.263093472432126,50.99282527049056,41.17672767979925,39.529658572607275,1.0,0.9301378041889283
303,303,3026.070136649442,3.026070136649442,Sector 2,33.0156208107947,0.0,0,0.1,585876.687156283,6620019.202031696,POINT (585876.687156283 6620019.202031696),5.263019826818002,50.992794216489486,41.17672767979925,39.529658572607275,1.0,0.9301378041889283
304,304,3036.070136649412,3.0360701366494123,Sector 2,33.01562081737586,0.0,0,0.1,585868.3591316752,6620013.632948107,POINT (585868.3591316752 6620013.632948107),5.262945014900086,50.992762727993565,41.17672767979925,39.529658572607275,1.0,0.9301378041889283
305,305,3046.0701366494463,3.0460701366494463,Sector 2,33.01562081300449,18.652050279619758,0,0.1,585860.0193697198,6620008.082099218,POINT (585860.0193697198 6620008.082099218),5.262870097543781,50.992731342578324,39.01405432646148,37.453492153403026,1.0,0.8970418707614956
306,306,3056.0701366494804,3.05607013664948,Sector 2,33.01562081917922,0.0,0,0.1,585851.6822480458,6620002.527655533,POINT (585851.6822480458 6620002.527655533),5.262795203905529,50.99269993681625,41.17672767979925,39.529658572607275,1.0,0.9301378041889283
307,307,3066.0701366487338,3.066070136648734,Sector 2,33.01562081264518,-22.620336740226417,0,0.1,585843.432846054,6619996.853779716,POINT (585843.432846054 6619996.853779716),5.262721098266587,50.992667855742816,38.009156679048495,36.488790411886555,1.0,0.8816636697082318
308,308,3076.070136648704,3.076070136648704,Sector 2,33.01562081926397,0.0,0,0.1,585835.1834440615,6619991.1799039,POINT (585835.1834440615 6619991.1799039),5.262646992627641,50.992635774647205,41.17672767979925,39.529658572607275,1.0,0.9301378041889283
309,309,3086.0701366487383,3.0860701366487384,Sector 2,33.01562081317405,0.0,0,0.1,585826.9975849952,6619985.44374977,POINT (585826.9975849952 6619985.44374977),5.262573457804512,50.99260334139647,41.17672767979925,39.529658572607275,1.0,0.9301378041889283
310,310,3096.0701366487724,3.0960701366487724,Sector 2,49.36112743714119,0.0,0,0.1,585818.8866264701,6619979.625529294,POINT (585818.8866264701 6619979.625529294),5.262500595824392,50.99257044410465,41.17672767979925,39.529658572607275,1.0,0.9301378041889283
311,311,3106.0691318161143,3.106069131816114,Sector 2,49.401217122037,0.0,0,0.1,585810.7875593344,6619973.791472427,POINT (585810.7875593344 6619973.791472427),5.262427840666441,50.992537457247536,41.17672767979925,39.529658572607275,1.0,0.9301378041889283
312,312,3116.0691318160048,3.1160691318160048,Sector 2,49.401217131404,0.0,0,0.1,585802.7339855309,6619967.921677321,POINT (585802.7339855309 6619967.921677321),5.262355494182047,50.99250426829602,41.17672767979925,39.529658572607275,1.0,0.9301378041889283
313,313,3126.069131815895,3.1260691318158957,Sector 2,49.4012171319784,0.0,0,0.1,585794.6987892713,6619962.037931768,POINT (585794.6987892713 6619962.037931768),5.262283312785938,50.99247100044217,41.17672767979925,39.529658572607275,1.0,0.9301378041889283
314,314,3136.069131815874,3.1360691318158738,Sector 2,49.40121712634436,-2.404867877290052,1,0.25,585827.6646193219,6619987.303599791,POINT (585827.6646193219 6619987.303599791),5.262579449875818,50.99261385732664,41.14046204759932,39.49484356569535,1.0,0.9295828221121667
315,315,3146.069131815764,3.1460691318157643,Sector 2,49.401217133942566,-3.4615949328300637,1,0.25,585820.0193513285,6619981.038032664,POINT (585820.0193513285 6619981.038032664),5.262510771264922,50.9925784306614,41.10160052245366,39.45753650155551,1.0,0.9289881144337628
316,316,3156.0691318156546,3.1560691318156544,Sector 2,49.401217119522016,0.0,1,0.25,585812.380321898,6619974.768332157,POINT (585812.380321898 6619974.768332157),5.26244214869599,50.9925429805982,41.17672767979925,39.529658572607275,1.0,0.9301378041889283
317,317,3166.0691318162394,3.1660691318162395,Sector 2,49.98331066938823,0.0,1,0.25,585804.644490893,6619968.578080627,POINT (585804.644490893 6619968.578080627),5.262372656543718,50.992507979727854,41.17672767979925,39.529658572607275,1.0,0.9301378041889283
318,318,3176.0666619234144,3.1760666619234144,Sector 2,52.76894821260004,0.0,1,0.25,585796.6263150084,6619962.631845184,POINT (585796.6263150084 6619962.631845184),5.262300628044239,50.99247435854645,41.17672767979925,39.529658572607275,1.0,0.9301378041889283
319,319,3186.0666619230183,3.1860666619230185,Sector 2,52.76894821180366,4.515991378125613,1,0.25,585788.4778115961,6619956.838486834,POINT (585788.4778115961 6619956.838486834),5.262227428792659,50.99244160173868,41.04889027920552,39.4069346680373,1.0,0.9281814763444778
320,320,3196.0666619231856,3.1960666619231857,Sector 2,52.76894820680048,0.0,1,0.25,585780.2075288419,6619951.20037809,POINT (585780.2075288419 6619951.20037809),5.262153135578638,50.99240972272107,41.17672767979925,39.529658572607275,1.0,0.9301378041889283
321,321,3206.0666619228823,3.206066661922882,Sector 2,52.76894820991947,0.0,1,0.25,585771.9347263159,6619945.56604927,POINT (585771.9347263159 6619945.56604927),5.262078819729123,50.99237786505404,41.17672767979925,39.529658572607275,1.0,0.9301378041889283
322,322,3216.0666619230497,3.21606666192305,Sector 2,52.76894821231844,-5.362324827590872,1,0.25,585763.6612348766,6619939.932753891,POINT (585763.6612348766 6619939.932753891),5.2620044976909925,50.99234601320843,40.996523118505735,39.3566621937655,1.0,0.9273800885335868
323,323,3226.066661923217,3.226066661923217,Sector 2,52.76894820897644,0.0,1,0.25,585755.3877434372,6619934.299458512,POINT (585755.3877434372 6619934.299458512),5.2619301756528625,50.99231416134098,41.17672767979925,39.529658572607275,1.0,0.9301378041889283
324,324,3236.066661922821,3.236066661922821,Sector 2,35.212109618952184,0.0,1,0.25,585747.1142519985,6619928.666163133,POINT (585747.1142519985 6619928.666163133),5.261855853614738,50.99228230945166,41.17672767979925,39.529658572607275,1.0,0.9301378041889283
325,325,3245.620992367225,3.245620992367225,Sector 2,18.420685148197837,0.0,1,0.25,585739.2094848846,6619923.283926579,POINT (585739.2094848846 6619923.283926579),5.26178484388358,50.992251877083646,41.17672767979925,39.529658572607275,1.0,0.9301378041889283
326,326,3255.6209923667643,3.2556209923667643,Sector 2,18.420685143422816,0.0,1,0.25,585730.9359934459,6619917.6506312005,POINT (585730.9359934459 6619917.6506312005),5.261710521845456,50.99222002515158,41.17672767979925,39.529658572607275,1.0,0.9301378041889283
327,327,3265.6209923671504,3.2656209923671504,Sector 2,321.09122956306703,0.0,1,0.25,585722.579484507,6619912.141071352,POINT (585722.579484507 6619912.141071352),5.261635454048439,50.99218887282717,44.8448189856212,43.051026226196356,1.0,0.9862715265912816
328,328,3274.691781345229,3.274691781345229,Sector 2,310.90495739792897,18.44585327272505,1,0.25,585714.9952083499,6619907.14982013,POINT (585714.9952083499 6619907.14982013),5.261567323336529,50.99216065112145,42.94473284778495,41.22694353387355,1.0,0.9571940312648779
329,329,3284.6917813451623,3.2846917813451624,Sector 2,310.9049573990474,0.0,1,0.25,585706.6506844299,6619901.622563483,POINT (585706.6506844299 6619901.622563483),5.261492363202769,50.992129398695226,45.2705958667231,43.459772032054175,1.0,0.992787297125995
330,330,3294.691781345008,3.294691781345008,Sector 2,310.9049573980557,0.0,1,0.25,585698.3200922229,6619896.074567618,POINT (585698.3200922229 6619896.074567618),5.261417528219716,50.99209802898337,45.270595866758455,43.45977203208812,1.0,0.9927872971265361
331,331,3304.691781344853,3.3046917813448533,Sector 2,299.60503979386425,0.0,1,0.25,585690.0614904354,6619890.419128797,POINT (585690.0614904354 6619890.419128797),5.261343339937604,50.9920660517412,45.59149236732761,43.767832672634505,1.0,0.9976980568598737
332,332,3314.570928368185,3.314570928368185,Sector 2,292.57216887581546,0.0,1,0.25,585681.8990702464,6619884.837349521,POINT (585681.8990702464 6619884.837349521),5.261270015669492,50.99203449096662,45.70531643468899,43.87710377730143,1.0,0.9994399351467715
333,333,3324.570928368121,3.3245709283681206,Sector 2,292.5721688788789,0.0,1,0.25,585673.6367980386,6619879.187287565,POINT (585673.6367980386 6619879.187287565),5.261195794415435,50.992002544082844,45.70531643465417,43.877103777268005,1.0,0.9994399351462386
334,334,3334.570928368164,3.334570928368164,Sector 2,292.5721688735962,0.0,1,0.25,585665.3745258306,6619873.537225609,POINT (585665.3745258306 6619873.537225609),5.2611215731613745,50.99197059717707,45.70531643471422,43.87710377732565,1.0,0.9994399351471577
335,335,3344.5709283681,3.3445709283681,Sector 2,292.5721688855852,15.66348066869085,1,0.25,585657.1122536229,6619867.887163652,POINT (585657.1122536229 6619867.887163652),5.261047351907316,50.99193865024932,44.00800503170832,42.24768483043999,1.0,0.9734655525096643
336,336,3354.570928368393,3.354570928368393,Sector 2,292.5721688769339,0.0,1,0.25,585648.8499814147,6619862.2371016955,POINT (585648.8499814147 6619862.2371016955),5.260973130653255,50.991906703299556,45.70531643467628,43.87710377728922,1.0,0.999439935146577
337,337,3364.5709283684364,3.3645709283684364,Sector 2,292.5721688799912,0.0,1,0.25,585640.5877092069,6619856.587039739,POINT (585640.5877092069 6619856.587039739),5.260898909399196,50.99187475632781,45.705316434641524,43.87710377725586,1.0,0.9994399351460452
338,338,3374.5709283683723,3.374570928368372,Sector 2,292.5721688745077,39.85551402396335,1,0.25,585632.3254369989,6619850.936977783,POINT (585632.3254369989 6619850.936977783),5.260824688145136,50.99184280933409,38.84951896949828,37.29553821071834,1.0,0.8945239448749491
339,339,3384.570928368308,3.384570928368308,Sector 2,292.5721688837091,-19.007245506410623,1,0.25,585624.0631647911,6619845.286915828,POINT (585624.0631647911 6619845.286915828),5.2607504668910785,50.99181086231836,43.21334362810823,41.484809882983896,1.0,0.9613046494910422
340,340,3394.570928368352,3.3945709283683514,Sector 2,292.57216886612304,0.0,1,0.25,585615.8008925832,6619839.636853871,POINT (585615.8008925832 6619839.636853871),5.260676245637019,50.991778915280655,45.70531643479918,43.877103777407214,1.0,0.9994399351484577
341,341,3404.5709283682872,3.4045709283682872,Sector 2,292.57216888722616,0.0,1,0.25,585607.4798661645,6619834.073952737,POINT (585607.4798661645 6619834.073952737),5.260601496584904,50.99174746105323,45.70531643455927,43.8771037771769,1.0,0.9994399351447865
342,342,3414.570928368223,3.414570928368223,Sector 2,292.5721688753948,0.0,1,0.25,585599.3590263444,6619828.3593479395,POINT (585599.3590263444 6619828.3593479395),5.260528545839602,50.99171514902789,45.70531643469378,43.877103777306026,1.0,0.9994399351468448
343,343,3424.5709283682663,3.4245709283682664,Sector 2,292.5721688877609,0.0,1,0.25,585594.8486797138,6619819.848339411,POINT (585594.8486797138 6619819.848339411),5.260488028706453,50.991667025286816,45.70531643455319,43.87710377717106,1.0,0.9994399351446934
344,344,3434.570928368202,3.434570928368202,Sector 2,292.5721688759265,0.0,1,0.25,585590.3383330831,6619811.337330884,POINT (585590.3383330831 6619811.337330884),5.260447511573302,50.99161890149587,45.70531643468773,43.87710377730022,1.0,0.9994399351467522
345,345,3444.5709283682454,3.444570928368245,Sector 2,292.5721688795556,6.417383802751416,2,0.5,585652.8095505105,6619855.777499603,POINT (585652.8095505105 6619855.777499603),5.261008700067628,50.991870178968085,45.41892935497158,43.60217218077272,1.0,0.9950572817469061
346,346,3454.5709283681813,3.4545709283681814,Sector 2,292.57216887664674,0.0,3,0.75,585712.8007381035,6619902.148464922,POINT (585712.8007381035 6619902.148464922),5.2615476100749,50.9921323722682,45.705316434679546,43.87710377729236,1.0,0.999439935146627
347,347,3464.570928368117,3.464570928368117,Sector 2,292.57216887690726,0.0,3,0.75,585705.8118520414,6619895.566069305,POINT (585705.8118520414 6619895.566069305),5.261484827843216,50.99209515380974,45.70531643467658,43.87710377728952,1.0,0.9994399351465817
348,348,3474.5709283681604,3.4745709283681605,Sector 2,292.5721688799477,-7.438844656728167,3,0.75,585698.8232598312,6619888.983243145,POINT (585698.8232598312 6619888.983243145),5.261422048251246,50.992057932887036,45.32064290868269,43.50781719233538,1.0,0.9935531795771653
349,349,3484.5709283684537,3.484570928368454,Sector 2,292.57216887444747,0.0,3,0.75,585691.8346676208,6619882.400416983,POINT (585691.8346676208 6619882.400416983),5.261359268659276,50.99202071193447,45.70531643470455,43.877103777316364,1.0,0.9994399351470096
350,350,3494.5709283683896,3.4945709283683897,Sector 2,292.5721688806558,0.0,4,0.9,585721.3163377274,6619910.482486794,POINT (585721.3163377274 6619910.482486794),5.261624107007856,50.992179494802755,45.705316434633964,43.87710377724861,1.0,0.9994399351459295
351,351,3504.5709283684328,3.504570928368433,Sector 2,292.5721688809102,0.0,4,0.9,585713.5840934179,6619904.478376767,POINT (585713.5840934179 6619904.478376767),5.261554647075418,50.9921455461467,45.70531643463107,43.87710377724583,1.0,0.9994399351458851
352,352,3514.5709283683686,3.514570928368369,Sector 2,292.5721688692582,-15.803829649728243,4,0.9,585705.8518491085,6619898.4742667405,POINT (585705.8518491085 6619898.4742667405),5.2614851871429815,50.99211159746581,43.97764597454877,42.21854013556682,1.0,0.9730009602340342
353,353,3524.5709283683045,3.5245709283683047,Sector 2,292.57216888419595,0.0,4,0.9,585698.3022404691,6619892.527078781,POINT (585698.3022404691 6619892.527078781),5.261417367854683,50.99207797061148,45.70531643459372,43.87710377720997,1.0,0.9994399351453136
354,354,3534.570928368348,3.5345709283683475,Sector 2,292.5721688727355,0.0,4,0.9,585690.569371396,6619886.523883844,POINT (585690.569371396 6619886.523883844),5.261347902309898,50.992044027055314,45.705316434724004,43.877103777335044,1.0,0.9994399351473073
355,355,3544.570928368284,3.544570928368284,Sector 2,292.5721688823018,6.131783567725181,4,0.9,585682.836502323,6619880.520688905,POINT (585682.836502323 6619880.520688905),5.2612784367651155,50.99201008347429,45.443829166421246,43.626075999764396,1.0,0.9954383298144849
356,356,3554.5709283682195,3.55457092836822,Sector 2,292.5721688875277,0.0,4,0.9,585675.1036332501,6619874.517493969,POINT (585675.1036332501 6619874.517493969),5.2612089712203325,50.99197613986848,45.70531643455584,43.8771037771736,1.0,0.9994399351447338
357,357,3564.5709283682627,3.5645709283682625,Sector 2,292.5721688736704,0.0,4,0.9,585667.3707641771,6619868.51429903,POINT (585667.3707641771 6619868.51429903),5.261139505675548,50.991942196237815,45.70531643471338,43.87710377732485,1.0,0.9994399351471448
358,358,3574.5709283681986,3.574570928368199,Sector 2,292.5721688707432,-15.929858362739507,4,0.9,585659.5304751818,6619862.555490577,POINT (585659.5304751818 6619862.555490577),5.261069075161185,50.99190850355537,43.95015968029469,42.1921532930829,1.0,0.9725803305705687
359,359,3584.5709283681344,3.584570928368134,Sector 2,292.5721688826957,0.0,4,0.9,585651.6319970025,6619856.633651988,POINT (585651.6319970025 6619856.633651988),5.260998121924487,50.99187501988611,45.70531643461078,43.877103777226345,1.0,0.9994399351455747
360,360,3594.5709283681776,3.594570928368177,Sector 2,292.5721688801548,0.0,4,0.9,585643.5828571797,6619850.809245586,POINT (585643.5828571797 6619850.809245586),5.260925815271218,50.9918420871011,45.70531643463966,43.87710377725408,1.0,0.9994399351460166
361,361,3604.5709283681135,3.604570928368113,Sector 2,292.5721688746361,0.0,4,0.9,585635.4567156245,6619845.072372983,POINT (585635.4567156245 6619845.072372983),5.26085281689962,50.99180964923324,45.705316434702404,43.877103777314304,1.0,0.9994399351469767
362,362,3614.570928368407,3.614570928368407,Sector 2,292.57216888341304,0.0,4,0.9,585627.1789015922,6619839.51723294,POINT (585627.1789015922 6619839.51723294),5.260778456030976,50.99177823891006,45.705316434602615,43.87710377721851,1.0,0.9994399351454497
363,363,3624.57092836845,3.62457092836845,Sector 2,292.57216887491506,0.0,4,0.9,585618.8900455604,6619833.978401715,POINT (585618.8900455604 6619833.978401715),5.260703995970364,50.99174692078035,45.70531643469923,43.877103777311255,1.0,0.9994399351469283
364,364,3634.570928368386,3.634570928368386,Sector 2,292.5721688781258,-74.74438849910808,4,0.9,585610.6011895287,6619828.439570489,POINT (585610.6011895287 6619828.439570489),5.260629535909752,50.9917156026295,38.84951896946332,37.29553821068478,1.0,0.8945239448744142
365,365,3644.570928368322,3.6445709283683216,Sector 2,292.5721688811404,0.0,4,0.9,585602.312333497,6619822.900739264,POINT (585602.312333497 6619822.900739264),5.26055507584914,50.99168428445751,45.70531643462846,43.87710377724332,1.0,0.9994399351458452
366,366,3654.570928368365,3.654570928368365,Sector 2,292.5721688758087,0.0,4,0.9,585594.0234774653,6619817.361908038,POINT (585594.0234774653 6619817.361908038),5.260480615788529,50.9916529662644,45.70531643468907,43.8771037773015,1.0,0.9994399351467727
367,367,3664.570928368301,3.664570928368301,Sector 2,292.57216888477274,0.0,4,0.9,585585.7346214335,6619811.823076813,POINT (585585.7346214335 6619811.823076813),5.260406155727917,50.991621648050156,45.70531643458716,43.87710377720367,1.0,0.9994399351452132
368,368,3674.5709283682368,3.6745709283682366,Sector 2,292.5721688729015,0.0,4,0.9,585577.4457654019,6619806.284245588,POINT (585577.4457654019 6619806.284245588),5.260331695667307,50.99159032981477,45.70531643472212,43.87710377733323,1.0,0.9994399351472785
369,369,3684.57092836828,3.68457092836828,Sector 2,300.751214291701,0.0,4,0.9,585569.1728709441,6619800.721993971,POINT (585569.1728709441 6619800.721993971),5.260257378991954,50.99155887913212,45.56658660869777,43.74392314434986,1.0,0.997316917781103
370,370,3694.457089339608,3.694457089339608,Sector 2,309.9066442056036,0.0,4,0.9,585561.0470537764,6619795.145443191,POINT (585561.0470537764 6619795.145443191),5.2601843835343765,50.99152734757619,45.305564360810074,43.49334178637767,1.0,0.9933224287724705
371,371,3704.457089339473,3.704457089339473,Sector 2,309.90664420219514,0.0,4,0.9,585552.8276679186,6619789.504678493,POINT (585552.8276679186 6619789.504678493),5.260110547534954,50.991495452912964,45.305564360927335,43.49334178649024,1.0,0.993322428774265
372,372,3714.457089339428,3.7144570893394273,Sector 2,309.9066442078249,0.0,4,0.9,585544.6037696956,6619783.870532304,POINT (585544.6037696956 6619783.870532304),5.260036671000266,50.991463595651005,45.305564360733655,43.493341786304306,1.0,0.9933224287713012
373,373,3724.4570893398895,3.7244570893398894,Sector 2,309.90664419484017,0.0,4,0.9,585536.3166556164,6619778.329107925,POINT (585536.3166556164 6619778.329107925),5.259962226587882,50.991432262646434,45.30556436118035,43.49334178673313,1.0,0.993322428778137
374,374,3734.457089339756,3.734457089339756,Sector 2,309.90664420410155,0.0,4,0.9,585528.0301529628,6619772.786729509,POINT (585528.0301529628 6619772.786729509),5.259887787668024,50.99140092422627,45.305564360861744,43.49334178642727,1.0,0.9933224287732612
375,375,3744.457089339621,3.744457089339621,Sector 2,309.90664420841216,0.0,4,0.9,585519.7441846014,6619767.243517407,POINT (585519.7441846014 6619767.243517407),5.259813353547797,50.99136958107101,45.305564360713454,43.493341786284915,1.0,0.9933224287709919
376,376,3754.457089339576,3.754457089339576,Sector 2,309.9066442013305,0.0,4,0.9,585511.4582162399,6619761.700305305,POINT (585511.4582162399 6619761.700305305),5.259738919427568,50.99133823789459,45.30556436095708,43.49334178651879,1.0,0.9933224287747202
377,377,3764.457089339441,3.764457089339441,Sector 2,309.9066442108996,0.0,4,0.9,585503.1722478785,6619756.157093203,POINT (585503.1722478785 6619756.157093203),5.25966448530734,50.99130689469698,45.30556436062788,43.49334178620277,1.0,0.9933224287696825
378,378,3774.457089339904,3.774457089339904,Sector 2,309.9066442010083,0.0,4,0.9,585498.4444991659,6619748.427649978,POINT (585498.4444991659 6619748.427649978),5.25962201521806,50.991263189773264,45.305564360968155,43.49334178652943,1.0,0.9933224287748896
379,379,3784.4570893397695,3.7844570893397695,Sector 2,309.9066441969017,0.0,4,0.9,585495.3971980774,6619739.234070831,POINT (585495.3971980774 6619739.234070831),5.259594640846629,50.99121120606913,45.305564361109425,43.49334178666505,1.0,0.9933224287770515
380,380,3794.457089339724,3.794457089339724,Sector 2,309.90664420495654,0.0,4,0.9,585491.6803496315,6619730.198291686,POINT (585491.6803496315 6619730.198291686),5.259561251828952,50.991160114564536,45.305564360832335,43.49334178639904,1.0,0.9933224287728111
381,381,3804.457089339589,3.804457089339589,Sector 2,309.90664421202945,0.0,4,0.9,585487.9486205247,6619721.167491933,POINT (585487.9486205247 6619721.167491933),5.259527729136024,50.99110905115901,45.30556436058901,43.493341786165445,1.0,0.9933224287690874
382,382,3814.457089339455,3.814457089339455,Sector 2,309.9066441993166,0.0,4,0.9,585484.216891418,6619712.136692179,POINT (585484.216891418 6619712.136692179),5.259494206443096,50.991057987697275,45.305564361026356,43.4933417865853,1.0,0.9933224287757803
383,383,3824.45708933932,3.82445708933932,Sector 2,309.9066442131443,0.0,4,0.9,585480.4854492232,6619703.105446393,POINT (585480.4854492232 6619703.105446393),5.259460686327542,50.99100692165733,45.30556436055066,43.49334178612863,1.0,0.9933224287685007
384,384,3834.457089339872,3.834457089339872,Sector 2,309.9066442010703,0.0,4,0.9,585476.7543920588,6619694.073602034,POINT (585476.7543920588 6619694.073602034),5.259427169670776,50.99095585217665,45.305564360966024,43.49334178652738,1.0,0.993322428774857
385,385,3844.4570893397376,3.8444570893397376,Sector 2,309.9066442007021,0.0,4,0.9,585473.0233348948,6619685.041757677,POINT (585473.0233348948 6619685.041757677),5.259393653014012,50.990904782639774,45.30556436097869,43.493341786539546,1.0,0.9933224287750508
386,386,3854.457089339603,3.854457089339603,Sector 2,309.9066442003279,0.0,4,0.9,585469.2922777307,6619676.009913319,POINT (585469.2922777307 6619676.009913319),5.259360136357247,50.990853713046704,45.30556436099157,43.4933417865519,1.0,0.993322428775248
387,387,3864.457089339469,3.864457089339469,Sector 2,309.9066442017695,0.0,4,0.9,585465.549366657,6619666.98214954,POINT (585465.549366657 6619666.98214954),5.259326513215003,50.99080266647067,45.30556436094197,43.49334178650429,1.0,0.9933224287744891
388,388,3874.457089339423,3.874457089339423,Sector 2,309.9066442122495,0.0,4,0.9,585461.757579054,6619657.971210969,POINT (585461.757579054 6619657.971210969),5.259292451007422,50.99075171497508,45.30556436058144,43.49334178615818,1.0,0.9933224287689717
389,389,3884.457089339886,3.884457089339886,Sector 2,309.90664420131685,0.0,4,0.9,585457.9657914508,6619648.960272396,POINT (585457.9657914508 6619648.960272396),5.259258388799842,50.990700763423554,45.30556436095755,43.493341786519245,1.0,0.9933224287747273
390,390,3894.4570893397513,3.894457089339751,Sector 2,309.90664419877186,0.0,4,0.9,585454.1740038478,6619639.949333823,POINT (585454.1740038478 6619639.949333823),5.259224326592262,50.99064981181609,45.30556436104509,43.49334178660329,1.0,0.9933224287760671
391,391,3904.4570893396167,3.904457089339617,Sector 2,309.90664420513474,0.0,4,0.9,585450.3822162447,6619630.9383952515,POINT (585450.3822162447 6619630.9383952515),5.259190264384682,50.9905988601527,45.3055643608262,43.49334178639315,1.0,0.9933224287727174
392,392,3914.457089339571,3.9144570893395714,Sector 2,309.90664420290324,0.0,4,0.9,585446.5904286416,6619621.92745668,POINT (585446.5904286416 6619621.92745668),5.2591562021771034,50.99054790843338,45.30556436090297,43.49334178646685,1.0,0.9933224287738922
393,393,3924.4570893394366,3.9244570893394366,Sector 2,309.9066442028129,0.0,4,0.9,585442.0507492134,6619613.230519073,POINT (585442.0507492134 6619613.230519073),5.259115421542949,50.99049873215741,45.305564360906075,43.49334178646983,1.0,0.9933224287739395
394,394,3934.4570893399,3.9344570893399,Sector 2,309.90664420453845,0.0,4,0.9,585436.9248952521,6619604.816877414,POINT (585436.9248952521 6619604.816877414),5.259069375213373,50.99045115771062,45.30556436084671,43.49334178641284,1.0,0.9933224287730311
395,395,3944.457089339765,3.944457089339765,Sector 2,304.8296601070789,0.0,4,0.9,585430.9829199588,6619596.928515082,POINT (585430.9829199588 6619596.928515082),5.259015997541134,50.990406553380915,45.46379326536348,43.64524153474893,1.0,0.9957438454340819
396,396,3954.364902676769,3.954364902676768,Sector 2,292.9038609774783,0.0,4,0.9,585424.4041064645,6619589.625863301,POINT (585424.4041064645 6619589.625863301),5.258956899054001,50.990365260882484,45.70146978966283,43.87341099807632,1.0,0.9993810689719476
397,397,3964.364902676698,3.964364902676698,Sector 2,292.9038610029425,0.0,4,0.9,585416.013250374,6619584.242386835,POINT (585416.013250374 6619584.242386835),5.258881522711272,50.990334820246396,45.701469789361695,43.873410997787225,1.0,0.9993810689673392
398,398,3974.3649026768826,3.9743649026768826,Sector 2,292.90386097714094,0.0,4,0.9,585407.6223942834,6619578.858910367,POINT (585407.6223942834 6619578.858910367),5.258806146368542,50.99030437959034,45.70146978966682,43.87341099808014,1.0,0.9993810689720086
399,399,3984.364902676705,3.9843649026767047,Sector 2,288.17725020013404,0.0,4,0.9,585399.2315381932,6619573.475433901,POINT (585399.2315381932 6619573.475433901),5.2587307700258155,50.99027393891432,45.741914203924715,43.912237635767724,1.0,1.0
400,400,3994.273740267691,3.9942737402676913,Sector 2,275.5151372502854,0.0,4,0.9,585390.9171751683,6619568.141034503,POINT (585390.9171751683 6619568.141034503),5.258656080831985,50.99024377572316,45.69717673595337,43.869289666515236,1.0,0.9993153712929386
401,401,4004.273740267647,4.004273740267647,Sector 2,275.51513727606755,0.0,4,0.9,585382.5431204204,6619562.731506546,POINT (585382.5431204204 6619562.731506546),5.258580855418284,50.99021318769992,45.6971767362709,43.86928966682006,1.0,0.9993153712977978
402,402,4014.273740267718,4.014273740267718,Sector 2,275.5151372506144,0.0,4,0.9,585374.1771780286,6619557.309399894,POINT (585374.1771780286 6619557.309399894),5.258505702879119,50.99018252853059,45.69717673595742,43.86928966651912,1.0,0.9993153712930007
403,403,4024.2737402676735,4.024273740267674,Sector 2,275.5151372539871,0.0,4,0.9,585365.8112356369,6619551.887293243,POINT (585365.8112356369 6619551.887293243),5.258430550339953,50.990151869341005,45.697176735998966,43.869289666559006,1.0,0.9993153712936365
404,404,4034.273740267629,4.034273740267629,Sector 2,275.515137263679,0.0,4,0.9,585357.4387850162,6619546.475347135,POINT (585357.4387850162 6619546.475347135),5.258355339336371,50.99012126758381,45.69717673611832,43.86928966667359,1.0,0.999315371295463
405,405,4044.2737402677,4.0442737402677,Sector 2,251.863095801034,0.0,4,0.9,585349.018580159,6619541.137960834,POINT (585349.018580159 6619541.137960834),5.258279699349186,50.990091087404004,45.0343654124958,43.23299079599597,1.0,0.9891722031615864
406,406,4054.1406121759146,4.054140612175915,Sector 2,248.19703754532304,0.0,4,0.9,585340.7108267201,6619535.871080295,POINT (585340.7108267201 6619535.871080295),5.258205069530277,50.990061305878854,44.86918385738312,43.0744165030878,1.0,0.986644388342482
407,407,4064.140612175976,4.064140612175976,Sector 2,248.19703755046905,0.0,4,0.9,585332.2909814882,6619530.533136731,POINT (585332.2909814882 6619530.533136731),5.258129432773659,50.99003112250904,44.86918385762576,43.07441650332073,1.0,0.9866443883461953
408,408,4074.140612176037,4.074140612176037,Sector 2,246.06523440758315,0.0,4,0.9,585323.8711362564,6619525.195193167,POINT (585323.8711362564 6619525.195193167),5.258053796017043,50.990000939119575,44.76613651065698,42.975491050230694,1.0,0.985067428917769
409,409,4084.095224669483,4.084095224669483,Sector 2,232.12558954566532,0.0,4,0.9,585315.4895066026,6619519.881477199,POINT (585315.4895066026 6619519.881477199),5.2579785025568055,50.98997089270551,43.97699803078795,42.21791810955643,1.0,0.9729910445879473
410,410,4094.095224669388,4.094095224669387,Sector 2,232.1255895436282,0.0,4,0.9,585307.0696613708,6619514.543533634,POINT (585307.0696613708 6619514.543533634),5.2579028658001885,50.989940709276866,43.97699803065931,42.21791810943294,1.0,0.9729910445859788
411,411,4104.095224669292,4.104095224669292,Sector 2,232.12558954097364,0.0,4,0.9,585298.6498161391,6619509.205590071,POINT (585298.6498161391 6619509.205590071),5.257827229043572,50.98991052582862,43.97699803049168,42.21791810927201,1.0,0.9729910445834136
412,412,4114.095224669105,4.114095224669105,Sector 2,232.12558954751404,0.0,4,0.9,585290.2299709074,6619503.867646508,POINT (585290.2299709074 6619503.867646508),5.257751592286957,50.989880342360735,43.97699803090469,42.2179181096685,1.0,0.9729910445897338
413,413,4124.095224669009,4.124095224669009,Sector 2,232.12558954487017,0.0,4,0.9,585281.8145727214,6619498.522690769,POINT (585281.8145727214 6619498.522690769),5.257675995478833,50.98985011922275,43.97699803073774,42.217918109508226,1.0,0.972991044587179
414,414,4134.095224669486,4.134095224669486,Sector 2,232.1255895336114,0.0,4,0.9,585273.4058030816,6619493.167283028,POINT (585273.4058030816 6619493.167283028),5.2576004582159515,50.98981983696402,43.97699803002676,42.21791810882569,1.0,0.9729910445762988
415,415,4144.095224669391,4.144095224669391,Sector 2,232.1255895405326,0.0,4,0.9,585264.9970334421,6619487.811875289,POINT (585264.9970334421 6619487.811875289),5.257524920953074,50.989789554685544,43.97699803046383,42.217918109245275,1.0,0.9729910445829875
416,416,4154.095224669203,4.154095224669203,Sector 2,232.12558954423872,0.0,4,0.9,585256.5882638029,6619482.456467549,POINT (585256.5882638029 6619482.456467549),5.257449383690198,50.9897592723873,43.97699803069786,42.21791810946994,1.0,0.9729910445865686
417,417,4164.095224669108,4.164095224669108,Sector 2,232.12558954509456,0.0,4,0.9,585248.1794941635,6619477.101059809,POINT (585248.1794941635 6619477.101059809),5.257373846427321,50.9897289900693,43.97699803075191,42.21791810952183,1.0,0.9729910445873959
418,418,4174.095224669584,4.174095224669585,Sector 2,232.12558954533307,0.0,4,0.9,585239.7707245238,6619471.745652068,POINT (585239.7707245238 6619471.745652068),5.257298309164441,50.98969870773154,43.97699803076697,42.21791810953629,1.0,0.9729910445876264
419,419,4184.095224669489,4.1840952246694885,Sector 2,232.12558953000007,0.0,4,0.9,585231.3619548845,6619466.390244328,POINT (585231.3619548845 6619466.390244328),5.257222771901565,50.98966842537403,43.976998029798715,42.21791810860677,1.0,0.9729910445728089
420,420,4194.095224669301,4.194095224669302,Sector 2,232.1255895566258,0.0,4,0.9,585222.9531852452,6619461.034836588,POINT (585222.9531852452 6619461.034836588),5.257147234638689,50.98963814299675,43.976998031480086,42.21791811022088,1.0,0.9729910445985395
421,421,4204.095224669206,4.204095224669206,Sector 2,232.12558954223755,0.0,4,0.9,585214.5444156058,6619455.679428848,POINT (585214.5444156058 6619455.679428848),5.257071697375812,50.989607860599726,43.97699803057149,42.21791810934862,1.0,0.9729910445846348
422,422,4214.09522466911,4.21409522466911,Sector 2,232.1255895345533,0.0,4,0.9,585206.1356459665,6619450.324021109,POINT (585206.1356459665 6619450.324021109),5.256996160112935,50.989577578182946,43.97699803008624,42.21791810888279,1.0,0.972991044577209
423,423,4224.095224669495,4.224095224669495,Sector 3,232.125589543074,0.0,4,0.9,585197.7268763267,6619444.968613368,POINT (585197.7268763267 6619444.968613368),5.256920622850055,50.98954729574639,43.97699803062431,42.217918109399335,1.0,0.9729910445854433
424,424,4234.0952246694,4.2340952246694,Sector 3,218.2567118432771,0.0,4,0.9,585189.3181066874,6619439.6132056285,POINT (585189.3181066874 6619439.6132056285),5.2568450855871784,50.9895170132901,43.02809278181618,41.30696907054353,1.0,0.9584697092691197
425,425,4243.528982727367,4.243528982727368,Sector 3,191.31203280148068,0.0,4,0.9,585181.3854467194,6619434.5610909965,POINT (585181.3854467194 6619434.5610909965),5.2567738252902485,50.98948844580373,41.17672767979925,39.529658572607275,1.0,0.9301378041889283
426,426,4253.528982727674,4.253528982727674,Sector 3,191.3120327994531,0.0,4,0.9,585172.9706854754,6619429.215119858,POINT (585172.9706854754 6619429.215119858),5.256698234203872,50.98945821666892,41.17672767979925,39.529658572607275,1.0,0.9301378041889283
427,427,4263.52898272798,4.26352898272798,Sector 3,191.3120327999599,0.0,4,0.9,585164.5571434755,6619423.867283781,POINT (585164.5571434755 6619423.867283781),5.256622654070151,50.989427976969,41.17672767979925,39.529658572607275,1.0,0.9301378041889283
428,428,4273.528982728287,4.273528982728287,Sector 3,154.15040941488462,0.0,4,0.9,585156.1479452294,6619418.51280356,POINT (585156.1479452294 6619418.51280356),5.256547112957035,50.989397699679564,41.17672767979925,39.529658572607275,1.0,0.9301378041889283
429,429,4283.079349599225,4.283079349599225,Sector 3,146.3228094517176,0.0,4,0.9,585148.1168523956,6619413.39907851,POINT (585148.1168523956 6619413.39907851),5.256474968422626,50.98936878373895,41.17672767979925,39.529658572607275,1.0,0.9301378041889283
430,430,4293.079349599163,4.293079349599163,Sector 3,152.08476836776754,0.0,4,0.9,585139.7076541499,6619408.04459829,POINT (585139.7076541499 6619408.04459829),5.256399427309513,50.98933850641092,41.17672767979925,39.529658572607275,1.0,0.9301378041889283
431,431,4302.970645593729,4.30297064559373,Sector 3,164.479963559128,0.0,4,0.9,585131.3898672572,6619402.7483234145,POINT (585131.3898672572 6619402.7483234145),5.256324707358556,50.989308558190146,41.17672767979925,39.529658572607275,1.0,0.9301378041889283
432,432,4312.970645593233,4.312970645593233,Sector 3,164.4799635585789,0.0,4,0.9,585122.9806690118,6619397.3938431945,POINT (585122.9806690118 6619397.3938431945),5.256249166245446,50.98927828082282,41.17672767979925,39.529658572607275,1.0,0.9301378041889283
433,433,4322.970645593633,4.322970645593633,Sector 3,165.3676457158075,0.0,4,0.9,585114.5714707656,6619392.039362974,POINT (585114.5714707656 6619392.039362974),5.2561736251323286,50.989248003435755,41.17672767979925,39.529658572607275,1.0,0.9301378041889283
434,434,4332.9578291662565,4.332957829166256,Sector 3,174.8314556405444,0.0,4,0.9,585106.1730501077,6619386.691745285,POINT (585106.1730501077 6619386.691745285),5.2560981808359335,50.98921776483377,41.17672767979925,39.529658572607275,1.0,0.9301378041889283
435,435,4342.9578291668495,4.342957829166849,Sector 3,174.8314556404248,0.0,4,0.9,585097.8671276243,6619381.178263734,POINT (585097.8671276243 6619381.178263734),5.256023567464778,50.98918658831851,41.17672767979925,39.529658572607275,1.0,0.9301378041889283
436,436,4352.957829166525,4.352957829166525,Sector 3,215.6144511135276,72.39097535039748,4,0.9,585089.5649583593,6619375.659003803,POINT (585089.5649583593 6619375.659003803),5.255948987809358,50.98915537910786,36.4082612726548,34.951930821748604,1.0,0.8571647652793604
437,437,4362.0680678159,4.362068067815899,Sector 3,229.89285930908184,0.0,4,0.9,585082.001484028,6619370.630826289,POINT (585082.001484028 6619370.630826289),5.255881043963428,50.9891269467539,43.83391472303107,42.08055813410983,1.0,0.9708014047975508
438,438,4372.068067815412,4.3720680678154125,Sector 3,229.8928593122502,0.0,4,0.9,585073.6993147631,6619365.111566358,POINT (585073.6993147631 6619365.111566358),5.255806464308008,50.989095737503156,43.83391472323703,42.080558134307545,1.0,0.9708014048007028
439,439,4382.068067815436,4.382068067815436,Sector 3,229.89285931114765,-15.747336718458495,4,0.9,585065.3964750431,6619359.59332659,POINT (585065.3964750431 6619359.59332659),5.255731878629788,50.98906453400005,42.18873378293813,40.5011844316206,1.0,0.9456247877252761
440,440,4392.06806781546,4.392068067815459,Sector 3,213.13025185491057,0.0,4,0.9,585057.0285047258,6619354.174373484,POINT (585057.0285047258 6619354.174373484),5.255656707873457,50.98903389190406,42.64683983923951,40.94096624566993,1.0,0.9526352997467309
441,441,4401.490550390343,4.401490550390343,Sector 3,190.31020909304027,0.0,4,0.9,585049.1437992756,6619349.068374362,POINT (585049.1437992756 6619349.068374362),5.25558587835929,50.989005019423985,41.17672767979925,39.529658572607275,1.0,0.9301378041889283
442,442,4411.490550390689,4.411490550390689,Sector 3,179.29149991032364,4.074630412369391,4,0.9,585040.775828958,6619343.649421255,POINT (585040.775828958 6619343.649421255),5.255510707602956,50.98897437728869,41.07264703557446,39.42974115415148,1.0,0.9285450319531066
443,443,4421.300251691323,4.421300251691323,Sector 3,167.9162292192102,0.0,4,0.9,585032.5968613833,6619338.287901646,POINT (585032.5968613833 6619338.287901646),5.255437234687149,50.98894405989826,41.17672767979925,39.529658572607275,1.0,0.9301378041889283
444,444,4431.3002516907845,4.431300251690785,Sector 3,167.79813505508764,0.0,4,0.9,585024.2559555324,6619332.827536996,POINT (585024.2559555324 6619332.827536996),5.255362307055057,50.98891318355569,41.17672767979925,39.529658572607275,1.0,0.9301378041889283
445,445,4441.298762812365,4.441298762812365,Sector 3,159.53423577520107,0.0,4,0.9,585015.9101793263,6619327.37752759,POINT (585015.9101793263 6619327.37752759),5.255287335671819,50.988882365747706,41.17672767979925,39.529658572607275,1.0,0.9301378041889283
446,446,4451.298762812172,4.451298762812172,Sector 3,159.5342357715925,0.0,4,0.9,585007.5893128383,6619321.891033253,POINT (585007.5893128383 6619321.891033253),5.255212588056386,50.98885134161013,41.17672767979925,39.529658572607275,1.0,0.9301378041889283
447,447,4461.298762811979,4.461298762811979,Sector 3,159.53423577621754,27.25135052922712,4,0.9,584999.3292498573,6619316.321599731,POINT (584999.3292498573 6619316.321599731),5.2551383866481505,50.9888198484603,36.60637232230765,35.14211742941534,1.0,0.8601965084228316
448,448,4471.298762812658,4.471298762812658,Sector 3,159.53423577164187,0.0,4,0.9,584991.0691868756,6619310.752166211,POINT (584991.0691868756 6619310.752166211),5.255064185239908,50.988788355289124,41.17672767979925,39.529658572607275,1.0,0.9301378041889283
449,449,4481.298762812425,4.481298762812425,Sector 3,159.53423577399622,0.0,4,0.9,584982.862667695,6619305.126403086,POINT (584982.862667695 6619305.126403086),5.254990464823814,50.988756543572315,41.17672767979925,39.529658572607275,1.0,0.9301378041889283
450,450,4491.298762812232,4.491298762812232,Sector 3,159.5342357729612,-14.76073947048974,4,0.9,584974.7829092204,6619299.321292002,POINT (584974.7829092204 6619299.321292002),5.254917883118518,50.98872371768286,39.81782153019149,38.22510866898383,1.0,0.9093421221261997
451,451,4501.298762812039,4.501298762812039,Sector 3,159.5342357783262,0.0,4,0.9,584966.7109056147,6619293.504648702,POINT (584966.7109056147 6619293.504648702),5.254845371076391,50.98869082655945,41.17672767979925,39.529658572607275,1.0,0.9301378041889283
452,452,4511.298762811805,4.511298762811806,Sector 3,159.53423577229148,0.0,4,0.9,584958.5639714828,6619287.824463043,POINT (584958.5639714828 6619287.824463043),5.254772185921897,50.9886587070347,41.17672767979925,39.529658572607275,1.0,0.9301378041889283
453,453,4521.298762812485,4.521298762812485,Sector 3,159.53423577283343,1.496028698916937,4,0.9,584950.3876803127,6619282.203466899,POINT (584950.3876803127 6619282.203466899),5.254698737048643,50.98862692218472,41.1626920551526,39.51618437294649,1.0,0.9299230135002647
454,454,4531.298762812292,4.531298762812292,Sector 3,159.53423576998603,0.0,4,0.9,584942.247014663,6619276.556577389,POINT (584942.247014663 6619276.556577389),5.254625608204883,50.988594990894526,41.17672767979925,39.529658572607275,1.0,0.9301378041889283
455,455,4541.298762812099,4.541298762812099,Sector 3,159.5342357766209,0.0,4,0.9,584934.361075144,6619270.802001076,POINT (584934.361075144 6619270.802001076),5.254554767604888,50.9885624506485,41.17672767979925,39.529658572607275,1.0,0.9301378041889283
456,456,4551.298762811865,4.551298762811865,Sector 3,159.53423577553554,0.0,4,0.9,584926.6943673169,6619264.96756439,POINT (584926.6943673169 6619264.96756439),5.254485896396687,50.98852945879492,41.17672767979925,39.529658572607275,1.0,0.9301378041889283
457,457,4561.298762812545,4.5612987628125445,Sector 3,161.47274085890558,0.0,4,0.9,584919.1743830055,6619259.137274056,POINT (584919.1743830055 6619259.137274056),5.254418343228254,50.9884964903642,41.17672767979925,39.529658572607275,1.0,0.9301378041889283
458,458,4571.295482894907,4.571295482894907,Sector 3,162.58367394737172,24.34677842964365,4,0.9,584911.8011449925,6619253.312973303,POINT (584911.8011449925 6619253.312973303),5.254352108304249,50.98846355577926,37.5147576381993,36.01416733267133,1.0,0.8740977570301669
459,459,4581.295482895245,4.5812954828952455,Sector 3,162.58367394829838,-14.840335922990445,4,0.9,584904.427510823,6619247.483635363,POINT (584904.427510823 6619247.483635363),5.254285869821509,50.98843059268723,39.803208610564205,38.211080266141636,1.0,0.9091184969474742
460,460,4591.29548289466,4.591295482894659,Sector 3,162.58367394487152,0.0,4,0.9,584897.2102946528,6619241.62245734,POINT (584897.2102946528 6619241.62245734),5.254221036465565,50.98839744952583,41.17672767979925,39.529658572607275,1.0,0.9301378041889283
461,461,4601.295482894962,4.601295482894963,Sector 3,162.58367394915774,0.0,4,0.9,584890.0327525449,6619235.771597317,POINT (584890.0327525449 6619235.771597317),5.254156559507785,50.98836436468594,41.17672767979925,39.529658572607275,1.0,0.9301378041889283
462,462,4611.295482895265,4.611295482895265,Sector 3,162.5836739466804,0.0,4,0.9,584882.8552104367,6619229.920737295,POINT (584882.8552104367 6619229.920737295),5.254092082550003,50.988331279822475,41.17672767979925,39.529658572607275,1.0,0.9301378041889283
463,463,4621.29548289468,4.62129548289468,Sector 3,162.58367394564402,-5.516740290948955,4,0.9,584875.8130390523,6619224.132932192,POINT (584875.8130390523 6619224.132932192),5.254028821648124,50.98829855149252,40.98600334929846,39.34656321532652,1.0,0.9272191018636309
464,464,4631.295482894982,4.631295482894982,Sector 3,162.58367394894276,0.0,4,0.9,584868.8188133113,6619218.367459896,POINT (584868.8188133113 6619218.367459896),5.253965991449286,50.988265949425056,41.17672767979925,39.529658572607275,1.0,0.9301378041889283
465,465,4641.295482895285,4.641295482895285,Sector 3,162.58367394499714,0.0,4,0.9,584861.8245875702,6619212.601987602,POINT (584861.8245875702 6619212.601987602),5.253903161250448,50.9882333473347,41.17672767979925,39.529658572607275,1.0,0.9301378041889283
466,466,4651.2954828947,4.6512954828947,Sector 3,171.56484116905483,0.0,4,0.9,584854.8303618296,6619206.836515307,POINT (584854.8303618296 6619206.836515307),5.253840331051614,50.98820074522145,41.17672767979925,39.529658572607275,1.0,0.9301378041889283
467,467,4661.0961924357525,4.661096192435752,Sector 3,186.1707103761489,0.0,4,0.9,584848.0313904096,6619201.240728086,POINT (584848.0313904096 6619201.240728086),5.253779254852185,50.98816910260733,41.17672767979925,39.529658572607275,1.0,0.9301378041889283
468,468,4671.096192435637,4.671096192435637,Sector 3,186.1707103753376,5.323107363350742,4,0.9,584841.0959865176,6619195.534284744,POINT (584841.0959865176 6619195.534284744),5.253716953059008,50.988136834241544,40.9991474494537,39.35918155147555,1.0,0.9274202493291184
469,469,4681.0961924355215,4.681096192435522,Sector 3,186.1707103750645,0.0,4,0.9,584834.1605826259,6619189.827841404,POINT (584834.1605826259 6619189.827841404),5.253654651265834,50.98810456585333,41.17672767979925,39.529658572607275,1.0,0.9301378041889283
470,470,4691.096192435406,4.691096192435406,Sector 3,186.17071037394385,0.0,4,0.9,584827.225178734,6619184.1213980615,POINT (584827.225178734 6619184.1213980615),5.253592349472658,50.98807229744267,41.17672767979925,39.529658572607275,1.0,0.9301378041889283
471,471,4701.0961924352905,4.7010961924352905,Sector 3,186.1707103753783,0.0,4,0.9,584820.2897748422,6619178.414954721,POINT (584820.2897748422 6619178.414954721),5.253530047679482,50.988040029009596,41.17672767979925,39.529658572607275,1.0,0.9301378041889283
472,472,4711.096192436101,4.711096192436101,Sector 3,186.1707103756496,0.0,4,0.9,584813.3543709498,6619172.708511379,POINT (584813.3543709498 6619172.708511379),5.253467745886301,50.988007760554076,41.17672767979925,39.529658572607275,1.0,0.9301378041889283
473,473,4721.096192435997,4.721096192435997,Sector 3,193.5763399898124,7.864982463059212,4,0.9,584806.385022664,6619167.069097953,POINT (584806.385022664 6619167.069097953),5.253405139165446,50.987975871113285,40.78938974865165,39.157814158705584,1.0,0.924210274558346
474,474,4731.0909475096405,4.7310909475096405,Sector 3,194.04081194015436,0.0,4,0.9,584799.4027539445,6619161.459281685,POINT (584799.4027539445 6619161.459281685),5.253342416378361,50.987944149015114,41.17672767979925,39.529658572607275,1.0,0.9301378041889283
475,475,4741.090947509275,4.741090947509275,Sector 3,194.04081193265876,0.0,4,0.9,584792.416821155,6619155.846521566,POINT (584792.416821155 6619155.846521566),5.253279660676374,50.987912410248526,41.17672767979925,39.529658572607275,1.0,0.9301378041889283
476,476,4751.090947509784,4.751090947509784,Sector 3,194.04081194092257,0.0,4,0.9,584785.4308883649,6619150.233761446,POINT (584785.4308883649 6619150.233761446),5.253216904974383,50.98788067146022,41.17672767979925,39.529658572607275,1.0,0.9301378041889283
477,477,4761.090947509419,4.761090947509419,Sector 3,194.04081193422184,0.0,4,0.9,584778.4449555753,6619144.6210013265,POINT (584778.4449555753 6619144.6210013265),5.253154149272395,50.987848932650216,41.17672767979925,39.529658572607275,1.0,0.9301378041889283
478,478,4771.090947509956,4.771090947509956,Sector 3,194.04081194122475,39.93052369757963,4,0.9,584771.5643444227,6619138.851417316,POINT (584771.5643444227 6619138.851417316),5.25309233969077,50.98781630701616,35.00021852782936,33.600209786716185,1.0,0.8356171335605891
479,479,4781.090947509591,4.781090947509591,Sector 3,194.04081193531897,0.0,4,0.9,584764.8429484675,6619132.844761922,POINT (584764.8429484675 6619132.844761922),5.253031960363598,50.987782340775105,41.17672767979925,39.529658572607275,1.0,0.9301378041889283
480,480,4791.090947509197,4.791090947509197,Sector 3,194.04081193715115,-17.13101845807603,4,0.9,584758.1215525123,6619126.838106527,POINT (584758.1215525123 6619126.838106527),5.252971581036427,50.98774837450919,39.34986816902054,37.775873442259716,1.0,0.9021809143254216
481,481,4801.090947509734,4.801090947509734,Sector 3,194.04081193693392,0.0,4,0.9,584751.211107614,6619121.111288796,POINT (584751.211107614 6619121.111288796),5.252909503453705,50.98771599063827,41.17672767979925,39.529658572607275,1.0,0.9301378041889283
482,482,4811.090947509369,4.811090947509369,Sector 3,201.5141420236563,0.0,4,0.9,584744.5246437548,6619115.084791807,POINT (584744.5246437548 6619115.084791807),5.252849437926891,50.987681912123904,41.74435280939088,40.07457869701525,1.0,0.938824314091919
483,483,4821.047848319434,4.8210478483194334,Sector 3,205.3019943920121,24.42395640999018,4,0.9,584738.3465830549,6619108.452702476,POINT (584738.3465830549 6619108.452702476),5.252793939463361,50.987644409089185,38.28063116141031,36.7494059149539,1.0,0.885818111885839
484,484,4831.047848319738,4.831047848319738,Sector 3,205.3019943902688,0.0,4,0.9,584732.445522724,6619101.451995227,POINT (584732.445522724 6619101.451995227),5.2527409293364835,50.98760482156678,42.043025586257784,40.36130456280747,1.0,0.9433949786005087
485,485,4841.047848320041,4.841047848320041,Sector 3,205.3019943922086,0.0,4,0.9,584726.6481849989,6619094.344049239,POINT (584726.6481849989 6619094.344049239),5.252688850965627,50.987564627597386,42.04302558640989,40.36130456295349,1.0,0.9433949786028364
486,486,4851.047848319503,4.851047848319503,Sector 3,205.30199439186123,0.0,4,0.9,584720.916035801,6619087.172089499,POINT (584720.916035801 6619087.172089499),5.252637358193274,50.98752407160814,42.043025586382655,40.361304562927344,1.0,0.9433949786024196
487,487,4861.047848319856,4.861047848319855,Sector 3,205.30199439427997,0.0,4,0.9,584715.3250699368,6619079.861490721,POINT (584715.3250699368 6619079.861490721),5.252587133692386,50.98748273160656,42.0430255865723,40.36130456310941,1.0,0.9433949786053217
488,488,4871.047848319317,4.871047848319318,Sector 3,205.30199439165463,0.0,4,0.9,584709.734104073,6619072.550891943,POINT (584709.734104073 6619072.550891943),5.252536909191502,50.98744139156818,42.04302558636645,40.36130456291179,1.0,0.9433949786021716
489,489,4881.047848319621,4.881047848319621,Sector 3,205.3019943931729,-8.503958661410449,4,0.9,584705.1353036128,6619064.428083134,POINT (584705.1353036128 6619064.428083134),5.252495597464081,50.98739545859416,41.58078978932861,39.91755819775547,1.0,0.9363212681211457
490,490,4891.047848319925,4.891047848319925,Sector 3,205.301994391485,0.0,4,0.9,584700.5728299369,6619056.27553636,POINT (584700.5728299369 6619056.27553636),5.2524546120657165,50.98734935741178,42.043025586353146,40.361304562899015,1.0,0.943394978601968
491,491,4901.0478483194365,4.901047848319436,Sector 3,205.3019943930217,0.0,4,0.9,584697.2396434688,6619047.4156402815,POINT (584697.2396434688 6619047.4156402815),5.252424669542226,50.987299256244675,42.04302558647363,40.361304563014684,1.0,0.9433949786038118
492,492,4911.04784831974,4.911047848319741,Sector 3,205.7055041791816,0.0,4,0.9,584696.8628927837,6619037.849894834,POINT (584696.8628927837 6619037.849894834),5.252421285133238,50.98724516356178,42.074642099985276,40.391656415985864,1.0,0.9438788140497769
493,493,4921.0462254440845,4.921046225444084,Sector 3,208.34586640427497,0.0,4,0.9,584697.6425710088,6619028.047298193,POINT (584697.6425710088 6619028.047298193),5.252428289101901,50.98718973145981,42.28035401959367,40.58913985880992,1.0,0.9470268752149462
494,494,4931.046225443844,4.931046225443843,Sector 3,208.34586639999023,-9.98122636122064,4,0.9,584699.1747598292,6619018.319480295,POINT (584699.1747598292 6619018.319480295),5.252442052988256,50.9871347221541,41.64042386539397,39.97480691077821,1.0,0.9372338633627801
495,495,4941.046225443658,4.941046225443658,Sector 3,208.3458663876176,0.0,4,0.9,584701.2743300014,6619008.639855746,POINT (584701.2743300014 6619008.639855746),5.252460913748015,50.98707998530962,42.28035401830282,40.58913985757071,1.0,0.9470268751951918
496,496,4951.046225444237,4.951046225444237,Sector 3,208.3458664030535,0.0,4,0.9,584704.1578569001,6618999.138635929,POINT (584704.1578569001 6618999.138635929),5.252486816910867,50.98702625725473,42.280354019499015,40.58913985871905,1.0,0.9470268752134976
497,497,4961.046225444052,4.961046225444052,Sector 3,208.3458663943977,0.0,4,0.9,584707.4367331774,6618989.728687365,POINT (584707.4367331774 6618989.728687365),5.252516271557614,50.986973045264584,42.28035401882824,40.58913985807511,1.0,0.9470268752032325
498,498,4971.046225443811,4.971046225443811,Sector 3,208.34586640022488,0.0,4,0.9,584710.6522969442,6618980.292137874,POINT (584710.6522969442 6618980.292137874),5.252545157458401,50.98691968278853,42.28035401927982,40.589139858508624,1.0,0.9470268752101432
499,499,4981.046225443625,4.981046225443626,Sector 3,208.34586639617876,0.0,4,0.9,584714.1282540455,6618970.968151312,POINT (584714.1282540455 6618970.968151312),5.252576382512312,50.986866956781135,42.280354018966264,40.58913985820761,1.0,0.9470268752053448
500,500,4991.0462254442045,4.9910462254442045,Sector 3,208.34586639526643,-14.453066346323348,4,0.9,584718.4480371557,6618961.998851417,POINT (584718.4480371557 6618961.998851417),5.252615187784231,50.98681623642708,40.94228285853854,39.304591544196995,1.0,0.9265500362142243
501,501,5001.046225444019,5.001046225444019,Sector 3,208.3458663962762,0.0,4,0.9,584722.7678202654,6618953.029551522,POINT (584722.7678202654 6618953.029551522),5.252653993056146,50.98676551601761,42.28035401897382,40.589139858214864,1.0,0.9470268752054603
502,502,5011.046225443778,5.011046225443778,Sector 3,208.3458664012485,-9.913541939272775,4,0.9,584727.934949592,6618944.6146294745,POINT (584727.934949592 6618944.6146294745),5.252700410168638,50.98671793050382,41.64905180297887,39.98308973085971,1.0,0.9373658988583324
503,503,5021.046225443592,5.021046225443593,Sector 3,208.34586639507245,0.0,4,0.9,584733.0729973527,6618936.205776898,POINT (584733.0729973527 6618936.205776898),5.252746566036977,50.98667037926354,42.28035401888054,40.589139858125314,1.0,0.9470268752040327
504,504,5031.046225444172,5.031046225444172,Sector 3,208.3458664029329,0.0,4,0.9,584738.134179769,6618927.7965646675,POINT (584738.134179769 6618927.7965646675),5.25279203141218,50.98662282594073,42.28035401948967,40.589139858710084,1.0,0.9470268752133546
505,505,5041.046225443986,5.041046225443986,Sector 3,208.34586639588315,-9.449739431815075,4,0.9,584743.1314959298,6618919.435653229,POINT (584743.1314959298 6618919.435653229),5.252836923067048,50.98657554570617,41.70660977771787,40.03834538660916,1.0,0.9382467230000089
506,506,5051.046225443745,5.051046225443745,Sector 3,208.34586639719532,0.0,4,0.9,584748.1248161675,6618911.188904206,POINT (584748.1248161675 6618911.188904206),5.2528817788259285,50.98652891100306,42.28035401904504,40.58913985828324,1.0,0.9470268752065503
507,507,5061.04622544356,5.06104622544356,Sector 3,209.1755347166364,0.0,4,0.9,584753.1591088529,6618902.9721777905,POINT (584753.1591088529 6618902.9721777905),5.252927002646569,50.986482446028795,42.344530527897305,40.650749306781414,1.0,0.948008984437841
508,508,5071.041628630034,5.071041628630034,Sector 3,212.81279600700103,0.0,4,0.9,584758.0253134768,6618894.930076953,POINT (584758.0253134768 6618894.930076953),5.252970716506462,50.98643696850408,42.622812150849434,40.91789966481546,1.0,0.9522675979973447
509,509,5081.041628629859,5.081041628629858,Sector 3,212.81279600684667,-1.793862785762642,4,0.9,584762.7833782019,6618886.937040055,POINT (584762.7833782019 6618886.937040055),5.253013458929115,50.986391768388415,42.60192352821623,40.897846587087585,1.0,0.951947934159534
510,510,5091.04162862962,5.09104162862962,Sector 3,212.8127959988634,0.0,4,0.9,584767.4835848161,6618878.999326062,POINT (584767.4835848161 6618878.999326062),5.2530556816035165,50.98634688107673,42.622812150232946,40.917899664223626,1.0,0.9522675979879105
511,511,5101.041628630164,5.101041628630164,Sector 3,212.81279601095304,-5.510222183742311,4,0.9,584772.0663036621,6618871.173951801,POINT (584772.0663036621 6618871.173951801),5.253096848867338,50.98630262899719,42.42585565733274,40.72882143103943,1.0,0.949253523316363
512,512,5111.041628629989,5.111041628629989,Sector 3,212.81279599906944,0.0,4,0.9,584776.6024208035,6618863.415487314,POINT (584776.6024208035 6618863.415487314),5.253137597500925,50.98625875524725,42.622812150248556,40.91789966423861,1.0,0.9522675979881494
513,513,5121.04162862975,5.121041628629751,Sector 3,212.8127960111779,0.0,4,0.9,584781.022379603,6618855.665611059,POINT (584781.022379603 6618855.665611059),5.253177302666373,50.98621493002197,42.622812151165874,40.917899665119236,1.0,0.9522675980021873
514,514,5131.041628629512,5.131041628629512,Sector 3,212.81279599535247,0.0,4,0.9,584785.2715839888,6618847.852030906,POINT (584785.2715839888 6618847.852030906),5.253215473918823,50.986170744511924,42.62281214996696,40.91789966396828,1.0,0.9522675979838402
515,515,5141.04162863012,5.14104162863012,Sector 3,212.81279600445453,0.0,4,0.9,584789.4817718193,6618840.116780182,POINT (584789.4817718193 6618840.116780182),5.253253294679595,50.98612700191052,42.62281215065652,40.91789966463026,1.0,0.9522675979943926
516,516,5151.041628629881,5.151041628629882,Sector 3,212.8127960047923,0.0,4,0.9,584793.6714108124,6618832.439668605,POINT (584793.6714108124 6618832.439668605),5.25329093084702,50.986083588043414,42.62281215068211,40.917899664654826,1.0,0.9522675979947841
517,517,5161.041628629643,5.161041628629643,Sector 3,212.81279600428692,-3.3397920127852885,4,0.9,584797.8696137761,6618824.824279278,POINT (584797.8696137761 6618824.824279278),5.253328643945901,50.986040523173905,42.55042146162695,40.84840460316187,1.0,0.9511597851010627
518,518,5171.041628630251,5.171041628630251,Sector 3,212.8127960086041,0.0,4,0.9,584802.1684792379,6618817.280513333,POINT (584802.1684792379 6618817.280513333),5.253367261311388,50.985997863293775,42.62281215097089,40.91789966493205,1.0,0.9522675979992035
519,519,5181.041628630012,5.1810416286300125,Sector 3,212.81279600287823,0.0,4,0.9,584806.4505781367,6618809.807580524,POINT (584806.4505781367 6618809.807580524),5.253405728060277,50.98595560393527,42.6228121505371,40.917899664515616,1.0,0.952267597992565
520,520,5191.041628629774,5.191041628629774,Sector 3,212.81279600806667,0.4965259301834275,4,0.9,584810.7249715661,6618802.367200751,POINT (584810.7249715661 6618802.367200751),5.253444125589756,50.98591352862563,42.62121167926802,40.9163632120973,1.0,0.9522431055788161
521,521,5201.041628629599,5.201041628629598,Sector 3,212.8127959984405,0.0,4,0.9,584814.9993649956,6618794.926820978,POINT (584814.9993649956 6618794.926820978),5.253482523119238,50.98587145327786,42.62281215020091,40.917899664192866,1.0,0.9522675979874202
522,522,5211.041628630142,5.211041628630142,Sector 3,212.8127960032215,0.0,4,0.9,584819.2781300292,6618787.486223601,POINT (584819.2781300292 6618787.486223601),5.253520959919506,50.9858293766614,42.62281215056311,40.91789966454058,1.0,0.9522675979929631
523,523,5221.041628629904,5.221041628629904,Sector 3,205.4365561827685,-0.2122703799167078,4,0.9,584823.5880999215,6618780.067594661,POINT (584823.5880999215 6618780.067594661),5.2535596770377895,50.985787424238595,42.05328525636658,40.371153846111916,1.0,0.9435519849086431
524,524,5231.00936665767,5.231009366657671,Sector 3,202.5648407838913,0.0,4,0.9,584827.8841650011,6618772.672899681,POINT (584827.8841650011 6618772.672899681),5.253598269247015,50.98574560712484,41.82750505567151,40.154404853444646,1.0,0.9400968137983579
525,525,5241.009366657496,5.241009366657496,Sector 3,195.1394853089206,0.0,4,0.9,584832.1941348936,6618765.254270742,POINT (584832.1941348936 6618765.254270742),5.2536369863653,50.985703654626334,41.23678731216888,39.587315819682125,1.0,0.9310569118255547
526,526,5250.543775435512,5.250543775435512,Sector 3,154.8019721366427,0.0,4,0.9,584836.3034363711,6618758.181046654,POINT (584836.3034363711 6618758.181046654),5.253673900848544,50.985663655364014,41.17672767979925,39.529658572607275,1.0,0.9301378041889283
527,527,5260.543775435884,5.260543775435884,Sector 3,154.80197213572103,0.0,4,0.9,584840.4545856424,6618750.729146049,POINT (584840.4545856424 6618750.729146049),5.253711191256914,50.98562151463908,41.17672767979925,39.529658572607275,1.0,0.9301378041889283
528,528,5270.543775435363,5.270543775435363,Sector 3,155.51922282832152,4.157051080987024,4,0.9,584844.5006301436,6618743.231909212,POINT (584844.5006301436 6618743.231909212),5.25374753749307,50.98557911749775,41.068395677875095,39.42565985076009,1.0,0.928479972358611
529,529,5280.508859033604,5.280508859033604,Sector 3,186.7405285928366,0.0,4,0.9,584848.5564588979,6618735.777396938,POINT (584848.5564588979 6618735.777396938),5.253783971622668,50.985536961926975,41.17672767979925,39.529658572607275,1.0,0.9301378041889283
530,530,5290.508859033246,5.290508859033246,Sector 3,220.0431295779359,0.0,4,0.9,584852.7148552655,6618728.396378326,POINT (584852.7148552655 6618728.396378326),5.253821327132813,50.985495221928126,43.157620414015135,41.43131559745453,1.0,0.9604519031522845
531,531,5300.031360295537,5.300031360295536,Sector 3,229.3934249428029,0.0,4,0.9,584856.6746965697,6618721.3759562485,POINT (584856.6746965697 6618721.3759562485),5.253856898992475,50.98545552108439,43.80134874955884,42.04929479957649,1.0,0.970303039527376
532,532,5310.031360295388,5.310031360295389,Sector 3,232.67042986152188,-4.148702159938809,4,0.9,584860.1647160399,6618713.667400815,POINT (584860.1647160399 6618713.667400815),5.253888250370795,50.98541192877244,43.89595163805678,42.14011357253451,1.0,0.9717507712872084
533,533,5320.012110317057,5.320012110317057,Sector 3,236.5284491241399,0.0,4,0.9,584863.0830177303,6618705.675663659,POINT (584863.0830177303 6618705.675663659),5.253914465920916,50.9853667350088,44.24649370618877,42.47663395794122,1.0,0.9771152045857026
534,534,5330.012110317242,5.330012110317242,Sector 3,236.5284491318517,0.0,4,0.9,584865.4269764991,6618697.5211458765,POINT (584865.4269764991 6618697.5211458765),5.25393552206079,50.98532062066539,44.24649370664538,42.476633958379566,1.0,0.9771152045926901
535,535,5340.012110317331,5.34001211031733,Sector 3,236.52844913021272,2.2431550328805714,4,0.9,584867.4081458162,6618689.233532055,POINT (584867.4081458162 6618689.233532055),5.25395331920757,50.985273753608034,44.21258847551074,42.44408493649031,1.0,0.9765963443261862
536,536,5350.012110317516,5.3500121103175164,Sector 3,236.5284491333951,0.0,4,0.9,584869.3239621673,6618681.075766445,POINT (584869.3239621673 6618681.075766445),5.253970529278667,50.985227620805524,44.24649370673677,42.476633958467296,1.0,0.9771152045940887
537,537,5360.012110317188,5.360012110317188,Sector 3,236.5284491249892,0.0,4,0.9,584871.2397785182,6618672.918000836,POINT (584871.2397785182 6618672.918000836),5.253987739349763,50.98518148795718,44.246493706239065,42.4766339579895,1.0,0.9771152045864722
538,538,5370.012110317276,5.370012110317276,Sector 3,236.52844912661024,0.0,4,0.9,584871.9031776987,6618664.461661817,POINT (584871.9031776987 6618664.461661817),5.253993698765996,50.98513366660276,44.246493706335045,42.47663395808164,1.0,0.977115204587941
539,539,5380.0121103174615,5.380012110317462,Sector 3,236.5284491295252,0.0,4,0.9,584872.4041897004,6618655.977926834,POINT (584872.4041897004 6618655.977926834),5.253998199433383,50.98508569027223,44.246493706507636,42.47663395824733,1.0,0.9771152045905822
540,540,5390.012110317133,5.390012110317133,Sector 3,236.5284491240996,8.347403406345782,4,0.9,584872.3535682815,6618647.601164645,POINT (584872.3535682815 6618647.601164645),5.25399774469344,50.98503831883439,43.777747146587906,42.026637260724385,1.0,0.9699418582701596
541,541,5400.012110317319,5.400012110317319,Sector 3,236.52844912517352,0.0,4,0.9,584870.8050843094,6618639.168048061,POINT (584870.8050843094 6618639.168048061),5.253983834425246,50.984990628657926,44.24649370624997,42.47663395799997,1.0,0.9771152045866391
542,542,5410.012110317407,5.410012110317407,Sector 3,236.52844913644535,0.0,4,0.9,584868.7105539676,6618630.789906327,POINT (584868.7105539676 6618630.789906327),5.253965018939056,50.9849432493216,44.24649370691738,42.47663395864068,1.0,0.9771152045968525
543,543,5420.012110317079,5.420012110317079,Sector 3,236.52844912296712,-4.109064125878408,4,0.9,584865.7414025245,6618622.6348650195,POINT (584865.7414025245 6618622.6348650195),5.253938346597834,50.9848971315969,44.13275630811744,42.36744605579274,1.0,0.975374652620715
544,544,5430.012110317264,5.430012110317264,Sector 3,236.52844912702136,2.2438533724162366,4,0.9,584861.2186352806,6618615.164070445,POINT (584861.2186352806 6618615.164070445),5.253897717888416,50.98485488332834,44.21256736396597,42.444064669407325,1.0,0.9765960212509148
545,545,5440.01211031745,5.44001211031745,Sector 3,236.5284491320897,0.0,4,0.9,584855.3443071655,6618608.47564254,POINT (584855.3443071655 6618608.47564254),5.2538449479011184,50.984817059407554,44.24649370665948,42.476633958393094,1.0,0.9771152045929059
546,546,5450.012110317025,5.450012110317025,Sector 3,236.5284491304958,0.0,4,0.9,584848.8907133444,6618602.209563169,POINT (584848.8907133444 6618602.209563169),5.25378697428145,50.98478162389414,44.24649370656511,42.47663395830251,1.0,0.9771152045914617
547,547,5460.0121103172105,5.46001211031721,Sector 3,236.5284491122168,0.0,4,0.9,584841.711619079,6618596.787637213,POINT (584841.711619079 6618596.787637213),5.253722483380401,50.9847509621589,44.246493705482806,42.476633957263495,1.0,0.977115204574899
548,548,5470.012110317396,5.470012110317396,Sector 3,236.52844913880375,0.0,4,0.9,584833.9688763046,6618592.126181499,POINT (584833.9688763046 6618592.126181499),5.2536529291386485,50.98472460097102,44.24649370705702,42.47663395877474,1.0,0.9771152045989897
549,549,5480.012110317484,5.480012110317484,Sector 3,236.52844912971665,0.0,4,0.9,584825.4187005013,6618588.675738256,POINT (584825.4187005013 6618588.675738256),5.253576121602589,50.984705088219414,44.246493706518976,42.47663395825821,1.0,0.9771152045907558
550,550,5490.012110317156,5.490012110317156,Sector 3,236.2662312182229,0.0,4,0.9,584816.7524229313,6618585.516526954,POINT (584816.7524229313 6618585.516526954),5.253498271106612,50.98468722241901,44.23093570607218,42.46169827782929,1.0,0.976877116602916
551,551,5500.011961315297,5.500011961315297,Sector 3,235.89314718007176,25.54127589831348,4,0.9,584807.9437522995,6618582.69507363,POINT (584807.9437522995 6618582.69507363),5.253419141472,50.98467126668341,39.88839140570987,38.29285574948147,1.0,0.9104220706531161
552,552,5510.011961315157,5.510011961315158,Sector 3,235.89314718300665,-25.7486780352808,4,0.9,584798.9668247174,6618580.5256887935,POINT (584798.9668247174 6618580.5256887935),5.253338500359485,50.984658998487745,39.81913199713757,38.22636671725206,1.0,0.9093621765309665
553,553,5520.011961315017,5.520011961315017,Sector 3,235.89314716545164,0.0,4,0.9,584789.882687361,6618578.717767426,POINT (584789.882687361 6618578.717767426),5.253256896165183,50.98464877441959,44.20868958040535,42.44034199718913,1.0,0.9765366785552785
554,554,5530.011961315399,5.530011961315399,Sector 3,235.8931471790687,0.0,4,0.9,584780.7906865602,6618577.304291266,POINT (584780.7906865602 6618577.304291266),5.2531752213323575,50.984640780997026,44.20868958121965,42.44034199797086,1.0,0.9765366785677401
555,555,5540.011961315259,5.540011961315259,Sector 3,235.8931471742956,11.618216856386786,4,0.9,584771.5278756453,6618576.503463254,POINT (584771.5278756453 6618576.503463254),5.25309201208617,50.98463625219227,43.30290961214122,41.57079322765557,1.0,0.962675300236955
556,556,5550.011961315119,5.55001196131512,Sector 3,235.8931471775319,0.0,4,0.9,584762.2437389555,6618575.691612229,POINT (584762.2437389555 6618575.691612229),5.253008611267286,50.98463166105023,44.20868958112774,42.44034199788263,1.0,0.9765366785663334
557,557,5560.011961314979,5.560011961314979,Sector 3,235.89314717543567,0.0,4,0.9,584752.9596022655,6618574.879761204,POINT (584752.9596022655 6618574.879761204),5.252925210448401,50.98462706990775,44.208689581002396,42.440341997762296,1.0,0.9765366785644152
558,558,5570.011961315361,5.570011961315361,Sector 3,235.89314717601215,0.0,4,0.9,584743.6422571924,6618574.254065563,POINT (584743.6422571924 6618574.254065563),5.252841511313536,50.984623531502294,44.20868958103687,42.44034199779539,1.0,0.9765366785649428
559,559,5580.011961315221,5.580011961315221,Sector 3,235.8931471712561,0.0,4,0.9,584734.3159601693,6618573.678551642,POINT (584734.3159601693 6618573.678551642),5.252757731761935,50.984620276881984,44.208689580752456,42.44034199752235,1.0,0.9765366785605905
560,560,5590.011961315081,5.590011961315081,Sector 3,235.8931471768935,0.0,4,0.9,584724.9896631463,6618573.103037721,POINT (584724.9896631463 6618573.103037721),5.252673952210335,50.98461702226144,44.20868958108958,42.440341997846,1.0,0.9765366785657494
561,561,5600.011961314941,5.600011961314941,Sector 3,235.8931471644252,-14.301710034205838,4,0.9,584715.6633661233,6618572.5275238,POINT (584715.6633661233 6618572.5275238),5.252590172658735,50.98461376764067,42.83858974865825,41.12504615871192,1.0,0.9555696967637584
562,562,5610.011961315323,5.6100119613153225,Sector 3,235.89314718665025,-3.3425801551567167,4,0.9,584706.3253837947,6618572.027846968,POINT (584706.3253837947 6618572.027846968),5.2525062881362485,50.984610941890246,44.13348005350084,42.368140851360806,1.0,0.9753857282780678
563,563,5620.011961315183,5.620011961315183,Sector 3,235.8931471706689,0.0,4,0.9,584696.9710528807,6618571.634271703,POINT (584696.9710528807 6618571.634271703),5.252422256751921,50.98460871616062,44.20868958071735,42.44034199748865,1.0,0.9765366785600531
564,564,5630.011961315043,5.630011961315042,Sector 3,235.8931471795605,0.0,4,0.9,584687.5849347597,6618571.556288011,POINT (584687.5849347597 6618571.556288011),5.252337939818254,50.98460827515065,44.20868958124906,42.4403419979991,1.0,0.9765366785681899
565,565,5640.011961314903,5.640011961314903,Sector 3,235.8931471721617,0.0,4,0.9,584678.1547235112,6618571.916072242,POINT (584678.1547235112 6618571.916072242),5.252253226789285,50.98461030978672,44.208689580806606,42.44034199757434,1.0,0.9765366785614191
566,566,5650.011961315285,5.650011961315284,Sector 3,235.89314717544067,24.57003541413304,4,0.9,584668.7208630517,6618572.366799322,POINT (584668.7208630517 6618572.366799322),5.252168480978894,50.9846128587187,40.205755936170064,38.59752569872326,1.0,0.9152787797609101
567,567,5660.011961315145,5.660011961315145,Sector 3,235.89314717872392,0.0,4,0.9,584659.2776765896,6618573.049941978,POINT (584659.2776765896 6618573.049941978),5.2520836513915965,50.984616721996765,44.20868958119904,42.44034199795107,1.0,0.9765366785674245
568,568,5670.011961315005,5.670011961315004,Sector 3,235.89314716571675,0.0,4,0.9,584649.858903649,6618574.423819169,POINT (584649.858903649 6618574.423819169),5.251999041114695,50.98462449148518,44.2086895804212,42.44034199720435,1.0,0.976536678555521
569,569,5680.0119613153865,5.680011961315387,Sector 3,235.89314717491408,0.0,4,0.9,584640.4520504719,6618576.134943589,POINT (584640.4520504719 6618576.134943589),5.2519145379148515,50.98463416815711,44.2086895809712,42.440341997732354,1.0,0.9765366785639378
570,570,5690.011961315247,5.690011961315246,Sector 3,235.8931471779257,-22.13833344911452,4,0.9,584631.140402324,6618578.384813432,POINT (584631.140402324 6618578.384813432),5.251830889956335,50.98464689151426,40.94947965353761,39.3115004673961,1.0,0.9266601705753901
571,571,5700.011961315106,5.700011961315107,Sector 3,235.89314717855763,0.0,4,0.9,584621.9926078548,6618581.547368722,POINT (584621.9926078548 6618581.547368722),5.251748713920458,50.984664776240926,44.208689581189084,42.440341997941516,1.0,0.9765366785672722
572,572,5710.011961314966,5.710011961314966,Sector 3,235.89314716852036,0.0,4,0.9,584612.9750655119,6618585.139215833,POINT (584612.9750655119 6618585.139215833),5.2516677079593395,50.98468508866917,44.20868958058885,42.440341997365294,1.0,0.9765366785580867
573,573,5720.011961315348,5.720011961315349,Sector 3,235.8931471798343,13.937398811324876,4,0.9,584604.0304686956,6618588.962692489,POINT (584604.0304686956 6618588.962692489),5.251587357279036,50.98470671098709,42.9071623370155,41.190875843534876,1.0,0.9566190803036791
574,574,5730.011961315208,5.730011961315208,Sector 3,235.89314717514225,0.0,4,0.9,584595.2306231448,6618593.17695662,POINT (584595.2306231448 6618593.17695662),5.251508306921474,50.98473054325348,44.208689580984846,42.44034199774545,1.0,0.9765366785641467
575,575,5740.011961315068,5.740011961315068,Sector 3,235.89314718913317,0.0,4,0.9,584586.7273805698,6618598.001208003,POINT (584586.7273805698 6618598.001208003),5.251431920993777,50.98475782506999,44.20868958182151,42.44034199854865,1.0,0.9765366785769503
576,576,5750.011961314928,5.750011961314928,Sector 3,235.8931471601499,0.0,4,0.9,584578.491253724,6618603.374803804,POINT (584578.491253724 6618603.374803804),5.251357934607502,50.98478821348717,44.208689580088304,42.44034199688477,1.0,0.9765366785504266
577,577,5760.01196131531,5.760011961315311,Sector 3,235.89314718005485,21.976781637139027,4,0.9,584570.316211309,6618608.851214508,POINT (584570.316211309 6618608.851214508),5.251284496952006,50.9848191833162,40.9962909194345,39.35643928265712,1.0,0.9273765351328884
578,578,5770.01196131517,5.77001196131517,Sector 3,235.89314717242712,0.0,4,0.9,584562.2456471307,6618614.490143945,POINT (584562.2456471307 6618614.490143945),5.2512119978404765,50.984851072188626,44.20868958082249,42.440341997589584,1.0,0.976536678561662
579,579,5780.01196131503,5.78001196131503,Sector 3,235.8931471781456,-39.42842523934684,4,0.9,584554.6520256447,6618620.825299219,POINT (584554.6520256447 6618620.825299219),5.25114378317805,50.98488689828172,37.577386143989784,36.07429069823019,1.0,0.875056176781861
580,580,5790.01196131489,5.79001196131489,Sector 3,235.89314717376357,0.0,4,0.9,584547.1275156287,6618627.248543622,POINT (584547.1275156287 6618627.248543622),5.251076189354521,50.98492322250161,44.2086895809024,42.4403419976663,1.0,0.9765366785628851
581,581,5800.011961315272,5.800011961315272,Sector 3,235.89314717176973,0.0,4,0.9,584539.8691955965,6618633.941457088,POINT (584539.8691955965 6618633.941457088),5.251010986756302,50.98496107170224,44.20868958078317,42.44034199755184,1.0,0.9765366785610603
582,582,5810.011961315132,5.810011961315132,Sector 3,235.89314717778532,0.0,4,0.9,584533.0513079942,6618641.04928379,POINT (584533.0513079942 6618641.04928379),5.250949740629916,50.985001267251484,44.208689581142906,42.440341997897185,1.0,0.9765366785665655
583,583,5820.011961314992,5.820011961314992,Sector 3,235.8931471704634,0.0,4,0.9,584526.8580027415,6618648.758766919,POINT (584526.8580027415 6618648.758766919),5.250894105222239,50.98504486519528,44.208689580705055,42.44034199747685,1.0,0.976536678559865
584,584,5830.011961314852,5.830011961314852,Sector 3,235.89314717915587,0.0,4,0.9,584520.8857432316,6618656.603439764,POINT (584520.8857432316 6618656.603439764),5.250840455502254,50.9850892276092,44.20868958122486,42.440341997975864,1.0,0.9765366785678198
585,585,5840.01196131533,5.84001196131533,Sector 3,235.8931471771792,2.570206929773847,4,0.9,584515.1231419477,6618664.6103984825,POINT (584515.1231419477 6618664.6103984825),5.250788689174158,50.98513450772236,44.164216652090055,42.39764798600645,1.0,0.9758560981650062
586,586,5850.01196131519,5.85001196131519,Sector 3,235.8931471701544,0.0,4,0.9,584509.8911380981,6618672.948802582,POINT (584509.8911380981 6618672.948802582),5.2507416892839105,50.98518166214371,44.20868958068658,42.440341997459115,1.0,0.9765366785595821
587,587,5860.01196131505,5.86001196131505,Sector 3,235.8931471785753,1.245870530505089,4,0.9,584504.7945791265,6618681.3155364655,POINT (584504.7945791265 6618681.3155364655),5.2506959061157055,50.98522897672439,44.198238503028634,42.43030896290749,1.0,0.9763767430936561
588,588,5870.011961315432,5.8700119613154325,Sector 3,235.89314717661145,-6.426146576612969,4,0.9,584500.1507870393,6618689.923467365,POINT (584500.1507870393 6618689.923467365),5.250654190221623,50.98527765524407,43.93092406457247,42.17368710198957,1.0,0.9722859631126282
589,589,5880.011961315292,5.880011961315292,Sector 3,235.8931471719834,0.0,4,0.9,584496.0737786968,6618698.840602995,POINT (584496.0737786968 6618698.840602995),5.250617565832548,50.985328082286735,44.208689580795955,42.44034199756412,1.0,0.9765366785612559
590,590,5890.011961315152,5.890011961315152,Sector 3,235.8931471753648,0.0,4,0.9,584492.1728616512,6618707.729431137,POINT (584492.1728616512 6618707.729431137),5.250582523298506,50.98537834919402,44.20868958099816,42.44034199775823,1.0,0.9765366785643506
591,591,5900.011961315012,5.900011961315012,Sector 3,235.8931471734137,0.0,4,0.9,584488.2719446056,6618716.618259279,POINT (584488.2719446056 6618716.618259279),5.250547480764465,50.98542861604687,44.20868958088148,42.44034199764622,1.0,0.9765366785625649
592,592,5910.011961315394,5.910011961315393,Sector 3,235.89314718214024,0.0,4,0.9,584484.4584628576,6618725.475663652,POINT (584484.4584628576 6618725.475663652),5.250513223675066,50.98547870514229,44.208689581403334,42.4403419981472,1.0,0.9765366785705509
593,593,5920.011961315254,5.920011961315254,Sector 3,235.8931471745766,0.0,4,0.9,584480.6377180443,6618734.316310466,POINT (584480.6377180443 6618734.316310466),5.250478901340441,50.98552869941892,44.208689580951024,42.440341997712984,1.0,0.9765366785636291
594,594,5930.011961315114,5.930011961315114,Sector 3,235.89314717587547,0.0,4,0.9,584476.9196145957,6618743.044696779,POINT (584476.9196145957 6618743.044696779),5.250445501048882,50.985578058804286,44.2086895810287,42.44034199778755,1.0,0.9765366785648177
595,595,5940.011961314974,5.9400119613149736,Sector 3,235.893147165652,0.0,4,0.9,584473.233172097,6618751.755585732,POINT (584473.233172097 6618751.755585732),5.250412385172476,50.98562731918902,44.208689580417335,42.44034199720064,1.0,0.9765366785554619
596,596,5950.011961315356,5.950011961315355,Sector 3,235.89314718240064,-6.470053016827722,4,0.9,584469.5634922914,6618760.45265337,POINT (584469.5634922914 6618760.45265337),5.250379419877904,50.985676501361596,43.92711949818376,42.1700347182564,1.0,0.97222774087776
597,597,5960.011961315216,5.960011961315216,Sector 3,235.44470644624693,0.0,4,0.9,584465.9988151477,6618769.063143334,POINT (584465.9988151477 6618769.063143334),5.250347397838293,50.985725193883546,44.181780071401526,42.41450886854546,1.0,0.976124875581343
598,598,5970.010548406051,5.970010548406052,Sector 3,233.37615626352064,0.0,4,0.9,584462.4687017119,6618777.635016586,POINT (584462.4687017119 6618777.635016586),5.250315686289752,50.98577366797635,44.05529591501588,42.29308407841525,1.0,0.9741892567728421
599,599,5980.01054840605,5.9800105484060495,Sector 3,233.3761562685468,0.0,4,0.9,584458.990081619,6618786.15101037,POINT (584458.990081619 6618786.15101037),5.250284437313781,50.985821826019674,44.05529591532784,42.29308407871473,1.0,0.974189256777616
600,600,5990.010548405954,5.990010548405954,Sector 3,233.37615627418307,-2.573238881479639,4,0.9,584455.5176814244,6618794.62973605,POINT (584455.5176814244 6618794.62973605),5.250253244212107,50.98586977326179,44.01087269192649,42.25043778424943,1.0,0.9735094370341242
601,601,6000.010548405859,6.000010548405859,Sector 3,233.37615625943567,0.0,4,0.9,584452.0498354712,6618803.070968384,POINT (584452.0498354712 6618803.070968384),5.25022209202188,50.98591750842964,44.05529591476235,42.29308407817185,1.0,0.9741892567689623
602,602,6010.010548405763,6.010010548405763,Sector 3,233.3761562676683,0.0,4,0.9,584448.5819895178,6618811.512200717,POINT (584448.5819895178 6618811.512200717),5.250190939831651,50.985965243548385,44.05529591527332,42.29308407866238,1.0,0.9741892567767818
603,603,6020.010548405761,6.020010548405761,Sector 3,233.37615626267137,0.0,4,0.9,584445.1141435645,6618819.95343305,POINT (584445.1141435645 6618819.95343305),5.250159787641422,50.98601297861805,44.055295914963175,42.29308407836464,1.0,0.9741892567720356
604,604,6030.0105484062215,6.030010548406222,Sector 3,233.37615626863004,0.0,4,0.9,584441.646297611,6618828.394665385,POINT (584441.646297611 6618828.394665385),5.250128635451192,50.986060713638636,44.055295915333005,42.29308407871968,1.0,0.9741892567776953
605,605,6040.010548406126,6.040010548406126,Sector 3,233.37615626881583,-4.01495428857583,4,0.9,584438.1784516576,6618836.835897718,POINT (584438.1784516576 6618836.835897718),5.250097483260964,50.986108448610125,43.94717583688701,42.18928880341153,1.0,0.9725346680655835
606,606,6050.010548406031,6.05001054840603,Sector 3,233.37615625698237,0.0,4,0.9,584434.7106057042,6618845.2771300515,POINT (584434.7106057042 6618845.2771300515),5.250066331070735,50.98615618353254,44.05529591461007,42.293084078025664,1.0,0.9741892567666319
607,607,6060.010548406029,6.060010548406028,Sector 3,233.37615627239387,-3.272795621493249,4,0.9,584431.2427597509,6618853.718362385,POINT (584431.2427597509 6618853.718362385),5.250035178880506,50.986203918405856,43.98344330614563,42.224105573899806,1.0,0.9730896782553156
608,608,6070.010548405933,6.070010548405933,Sector 3,233.37615626513804,0.0,4,0.9,584427.7515411836,6618862.146774842,POINT (584427.7515411836 6618862.146774842),5.250003816730514,50.986251580734255,44.05529591511627,42.29308407851162,1.0,0.9741892567743784
609,609,6080.010548405838,6.080010548405838,Sector 3,233.37615626793013,0.0,4,0.9,584424.2457083669,6618870.567171384,POINT (584424.2457083669 6618870.567171384),5.249972323298485,50.9862991976841,44.05529591528956,42.29308407867798,1.0,0.9741892567770303
610,610,6090.010548405742,6.090010548405743,Sector 3,233.37615627163484,0.0,4,0.9,584420.7398755501,6618878.987567926,POINT (584420.7398755501 6618878.987567926),5.249940829866458,50.98634681458511,44.05529591551951,42.29308407889873,1.0,0.9741892567805492
611,611,6100.010548405647,6.100010548405646,Sector 3,233.3761562618076,7.228150823720989,4,0.9,584417.2340427334,6618887.407964468,POINT (584417.2340427334 6618887.407964468),5.249909336434429,50.98639443143727,43.705188578404005,41.956981035267845,1.0,0.9688314762799723
612,612,6110.0105484062,6.1100105484062,Sector 3,233.3761562700899,0.0,4,0.9,584413.7282099165,6618895.82836101,POINT (584413.7282099165 6618895.82836101),5.249877843002399,50.98644204824059,44.05529591542361,42.293084078806665,1.0,0.9741892567790817
613,613,6120.010548406104,6.120010548406104,Sector 3,233.37615627061808,-7.394323103883827,4,0.9,584410.2223770998,6618904.248757553,POINT (584410.2223770998 6618904.248757553),5.249846349570371,50.98648966499507,43.68892849078047,41.94137135114925,1.0,0.9685826440757552
614,614,6130.010548406009,6.130010548406009,Sector 3,233.37615626567597,0.0,4,0.9,584406.7165442831,6618912.6691540945,POINT (584406.7165442831 6618912.6691540945),5.249814856138343,50.98653728170069,44.05529591514966,42.29308407854367,1.0,0.9741892567748893
615,615,6140.010548405913,6.140010548405913,Sector 3,233.3761562668192,0.0,4,0.9,584403.2118697867,6618921.087858032,POINT (584403.2118697867 6618921.087858032),5.249783373111684,50.986584888785934,44.05529591522062,42.29308407861179,1.0,0.9741892567759753
616,616,6150.010548405911,6.150010548405911,Sector 3,233.37615627192997,0.0,4,0.9,584400.5147737374,6618929.891000067,POINT (584400.5147737374 6618929.891000067),5.249759144685645,50.9866346697851,44.05529591553782,42.2930840789163,1.0,0.9741892567808295
617,617,6160.010548405816,6.160010548405816,Sector 3,233.37615625954624,0.0,4,0.9,584398.3091521539,6618938.882546227,POINT (584398.3091521539 6618938.882546227),5.24973933124985,50.986685516138024,44.055295914769204,42.29308407817843,1.0,0.9741892567690671
618,618,6170.01054840572,6.17001054840572,Sector 3,233.3761562785064,0.0,4,0.9,584396.4462199643,6618947.999138314,POINT (584396.4462199643 6618947.999138314),5.249722596245259,50.9867370695571,44.055295915946004,42.293084079308166,1.0,0.974189256787076
619,619,6180.0105484061805,6.18001054840618,Sector 3,233.376156268719,0.90601190820434,4,0.9,584395.39928081,6618957.305537598,POINT (584395.39928081 6618957.305537598),5.24971319143082,50.98678969625791,44.04978807142333,42.28779654856639,1.0,0.9741049688591881
620,620,6190.010548406179,6.190010548406179,Sector 3,233.3761562534613,0.0,4,0.9,584394.8882435379,6618966.735000666,POINT (584394.8882435379 6618966.735000666),5.2497086007048965,50.9868430188105,44.055295914391536,42.29308407781587,1.0,0.9741892567632877
621,621,6200.010548406083,6.200010548406083,Sector 3,233.3761562672637,-6.791524270229171,4,0.9,584394.862546694,6618976.211125715,POINT (584394.862546694 6618976.211125715),5.24970836986622,50.98689660516962,43.74616046193925,41.99631404346167,1.0,0.9694584793027756
622,622,6210.010548405988,6.210010548405988,Sector 3,233.37615626236143,0.0,4,0.9,584395.4039053689,6618985.736769515,POINT (584395.4039053689 6618985.736769515),5.2497132329739395,50.98695047148905,44.05529591494394,42.29308407834618,1.0,0.9741892567717412
623,623,6220.010548405892,6.2200105484058925,Sector 3,233.3761562706985,-1.2290815634817356,4,0.9,584396.8430836285,6618995.225225279,POINT (584396.8430836285 6618995.225225279),5.249726161332211,50.987004127452664,44.04515989178023,42.28335349610902,1.0,0.9740341426638583
624,624,6230.010548405797,6.230010548405796,Sector 3,232.78506590760747,0.0,4,0.9,584399.3154632942,6619004.5895177275,POINT (584399.3154632942 6619004.5895177275),5.249748371096629,50.98705708122833,44.018456425386105,42.25771816837066,1.0,0.9736254928117216
625,625,6239.97308570783,6.23997308570783,Sector 3,192.8009367743129,0.0,4,0.9,584402.511613729,6619013.759587067,POINT (584402.511613729 6619013.759587067),5.249777082604488,50.98710893664069,41.17672767979925,39.529658572607275,1.0,0.9301378041889283
626,626,6249.973085708389,6.249973085708389,Sector 3,192.8009367770794,0.0,4,0.9,584406.1529797218,6619022.8309865715,POINT (584406.1529797218 6619022.8309865715),5.249809793551753,50.98716023403244,41.17672767979925,39.529658572607275,1.0,0.9301378041889283
627,627,6259.973085708065,6.259973085708065,Sector 3,192.80093677721527,0.0,4,0.9,584410.3099382517,6619031.720329257,POINT (584410.3099382517 6619031.720329257),5.249847136145582,50.987210501865434,41.17672767979925,39.529658572607275,1.0,0.9301378041889283
628,628,6269.973085707715,6.269973085707715,Sector 3,192.8009367754346,-1.7948672038714433,4,0.9,584414.9420602047,6619040.401156449,POINT (584414.9420602047 6619040.401156449),5.2498887472050635,50.987259590523614,41.15652515270762,39.51026414659932,1.0,0.9298286398434861
629,629,6279.973085708273,6.279973085708273,Sector 3,192.8009367772856,0.0,4,0.9,584420.2658124742,6619048.712194994,POINT (584420.2658124742 6619048.712194994),5.24993657128539,50.98730658803882,41.17672767979925,39.529658572607275,1.0,0.9301378041889283
630,630,6289.973085707949,6.289973085707949,Sector 3,192.8009367743084,0.0,4,0.9,584426.138363769,6619056.689835694,POINT (584426.138363769 6619056.689835694),5.2499893253112395,50.98735170020093,41.17672767979925,39.529658572607275,1.0,0.9301378041889283
631,631,6299.973085707599,6.299973085707599,Sector 3,192.8009367744683,0.0,4,0.9,584433.068248196,6619063.821018947,POINT (584433.068248196 6619063.821018947),5.2500515775222185,50.987392025757195,41.17672767979925,39.529658572607275,1.0,0.9301378041889283
632,632,6309.973085708158,6.309973085708157,Sector 3,192.8009367770513,0.0,4,0.9,584440.030573237,6619070.926217997,POINT (584440.030573237 6619070.926217997),5.250114121152192,50.987432204342625,41.17672767979925,39.529658572607275,1.0,0.9301378041889283
633,633,6319.973085707834,6.319973085707834,Sector 3,192.8009367750256,-1.3652985158464213,4,0.9,584447.5781856884,6619077.382901092,POINT (584447.5781856884 6619077.382901092),5.250181922508428,50.98746871566021,41.16503776742358,39.51843625672663,1.0,0.9299589105242143
634,634,6329.973085708392,6.329973085708392,Sector 3,192.8009326385125,0.0,4,0.9,584455.5400122493,6619083.380622566,POINT (584455.5400122493 6619083.380622566),5.25025344481332,50.98750263161121,41.17672767979925,39.529658572607275,1.0,0.9301378041889283
635,635,6334.622710288168,6.334622710288167,Sector 3,192.8009326385125,0.0,4,0.9,584459.2419626968,6619086.1693378845,POINT (584459.2419626968 6619086.1693378845),5.2502867,50.98751840124671,41.17672767979925,39.529658572607275,1.0,0.9301378041889283
