center_index,point_id,distance_m,distance_km,sector,heading_deg,slope_deg,lane_index,lane_alpha,x_m,y_m,lon,lat,candidate_irradiance_wm2,candidate_power_w,candidate_shadow_factor,solar_score
0,0,0.0,0.0,Sector 1,150.26834854360243,0.0,0,0.1,584685.0646817199,6619246.618611504,5.252315299999999,50.988425701244495,41.17672767979925,39.529658572607275,1.0,0.9301378041889283
0,0,0.0,0.0,Sector 1,150.26834854360243,0.0,1,0.25,584642.7020494986,6619216.564214522,5.25193475,50.98825575259271,41.17672767979925,39.529658572607275,1.0,0.9301378041889283
0,0,0.0,0.0,Sector 1,150.26834854360243,0.0,2,0.5,584572.0976624629,6619166.4735528845,5.251300499999999,50.98797250345694,41.17672767979925,39.529658572607275,1.0,0.9301378041889283
0,0,0.0,0.0,Sector 1,150.26834854360243,0.0,3,0.75,584501.4932754273,6619116.382891247,5.250666249999999,50.98768925259271,41.17672767979925,39.529658572607275,1.0,0.9301378041889283
0,0,0.0,0.0,Sector 1,150.26834854360243,0.0,4,0.9,584459.130643206,6619086.328494265,5.2502857,50.98751930124451,41.17672767979925,39.529658572607275,1.0,0.9301378041889283
1,1,9.9999999996696,0.0099999999996696,Sector 1,150.26834854362596,-4.4021768107268455,0,0.1,584693.2613721995,6619252.379310061,5.25238893212337,50.988458276205755,41.05524961139525,39.41303962693944,1.0,0.9282787948019642
1,1,9.9999999996696,0.0099999999996696,Sector 1,150.26834854362596,-4.4021768107268455,1,0.25,584650.8768679146,6619222.3396735685,5.25200818564328,50.988288411139486,41.05524961139525,39.41303962693944,1.0,0.9282787948019642
1,1,9.9999999996696,0.0099999999996696,Sector 1,150.26834854362596,-4.4021768107268455,2,0.5,584580.2360274397,6619172.273612747,5.251373608176464,50.9880053013143,41.05524961139525,39.41303962693944,1.0,0.9282787948019642
1,1,9.9999999996696,0.0099999999996696,Sector 1,150.26834854362596,-4.4021768107268455,3,0.75,584509.5951869648,6619122.2075519245,5.2507390307096475,50.98772218976234,41.05524961139525,39.41303962693944,1.0,0.9282787948019642
1,1,9.9999999996696,0.0099999999996696,Sector 1,150.26834854362596,-4.4021768107268455,4,0.9,584467.2106826799,6619092.167915432,5.2503582842295575,50.987552322002315,41.05524961139525,39.41303962693944,1.0,0.9282787948019642
2,2,20.00000000014792,0.0200000000001479,Sector 1,150.2683485532291,0.0,0,0.1,584701.4694141804,6619258.123901663,5.252462666219011,50.988490760064415,41.17672767979925,39.529658572607275,1.0,0.9301378041889283
2,2,20.00000000014792,0.0200000000001479,Sector 1,150.2683485532291,0.0,1,0.25,584659.080065083,6619228.074865228,5.252081876217231,50.98832084196314,41.17672767979925,39.529658572607275,1.0,0.9301378041889283
2,2,20.00000000014792,0.0200000000001479,Sector 1,150.2683485532291,0.0,2,0.5,584588.4311499208,6619177.993137833,5.251447226214264,50.98803764374537,41.17672767979925,39.529658572607275,1.0,0.9301378041889283
2,2,20.00000000014792,0.0200000000001479,Sector 1,150.2683485532291,0.0,3,0.75,584517.7822347586,6619127.911410438,5.250812576211297,50.98775444379976,41.17672767979925,39.529658572607275,1.0,0.9301378041889283
2,2,20.00000000014792,0.0200000000001479,Sector 1,150.2683485532291,0.0,4,0.9,584475.3928856612,6619097.862374002,5.250431786209516,50.98758452300304,41.17672767979925,39.529658572607275,1.0,0.9301378041889283
3,3,29.999999999759787,0.0299999999997597,Sector 1,150.2683485411656,0.0,0,0.1,584709.7080570051,6619263.824403159,5.252536675206709,50.988522994584926,41.17672767979925,39.529658572607275,1.0,0.9301378041889283
3,3,29.999999999759787,0.0299999999997597,Sector 1,150.2683485411656,0.0,1,0.25,584667.3157528043,6619233.763397042,5.252155858658783,50.988353008916675,41.17672767979925,39.529658572607275,1.0,0.9301378041889283
3,3,29.999999999759787,0.0299999999997597,Sector 1,150.2683485411656,0.0,2,0.5,584596.6619124694,6619183.661720177,5.251521164412238,50.98806969808622,41.17672767979925,39.529658572607275,1.0,0.9301378041889283
3,3,29.999999999759787,0.0299999999997597,Sector 1,150.2683485411656,0.0,3,0.75,584526.0080721347,6619133.560043314,5.250886470165693,50.98778638552653,41.17672767979925,39.529658572607275,1.0,0.9301378041889283
3,3,29.999999999759787,0.0299999999997597,Sector 1,150.2683485411656,0.0,4,0.9,584483.6157679339,6619103.499037195,5.250505653617767,50.98761639716069,41.17672767979925,39.529658572607275,1.0,0.9301378041889283
4,4,40.0000000002381,0.0400000000002381,Sector 1,150.2683485482708,0.0,0,0.1,584717.9754896824,6619269.483323783,5.2526109428180545,50.9885549939567,41.17672767979925,39.529658572607275,1.0,0.9301378041889283
4,4,40.0000000002381,0.0400000000002381,Sector 1,150.2683485482708,0.0,1,0.25,584675.5754320694,6619239.417278129,5.252230056620041,50.9883849799086,41.17672767979925,39.529658572607275,1.0,0.9301378041889283
4,4,40.0000000002381,0.0400000000002381,Sector 1,150.2683485482708,0.0,2,0.5,584604.9086693809,6619189.307202037,5.251595246290018,50.98810162177791,41.17672767979925,39.529658572607275,1.0,0.9301378041889283
4,4,40.0000000002381,0.0400000000002381,Sector 1,150.2683485482708,0.0,3,0.75,584534.2419066926,6619139.197125947,5.250960435959996,50.98781826191742,41.17672767979925,39.529658572607275,1.0,0.9301378041889283
4,4,40.0000000002381,0.0400000000002381,Sector 1,150.2683485482708,0.0,4,0.9,584491.8418490796,6619109.131080293,5.250579549761983,50.987648245170824,41.17672767979925,39.529658572607275,1.0,0.9301378041889283
5,5,49.9999999999077,0.0499999999999077,Sector 1,150.2683485430215,0.0,0,0.1,584726.2429223591,6619275.142244405,5.2526852104293935,50.98858699330641,41.17672767979925,39.529658572607275,1.0,0.9301378041889283
5,5,49.9999999999077,0.0499999999999077,Sector 1,150.2683485430215,0.0,1,0.25,584683.8351113339,6619245.071159215,5.252304254581293,50.988416950878495,41.17672767979925,39.529658572607275,1.0,0.9301378041889283
5,5,49.9999999999077,0.0499999999999077,Sector 1,150.2683485430215,0.0,2,0.5,584613.155426292,6619194.952683898,5.251669328167794,50.98813354544764,41.17672767979925,39.529658572607275,1.0,0.9301378041889283
5,5,49.9999999999077,0.0499999999999077,Sector 1,150.2683485430215,0.0,3,0.75,584542.47574125,6619144.834208581,5.251034401754294,50.98785013828641,41.17672767979925,39.529658572607275,1.0,0.9301378041889283
5,5,49.9999999999077,0.0499999999999077,Sector 1,150.2683485430215,0.0,4,0.9,584500.0679302248,6619114.76312339,5.250653445906194,50.987680093159085,41.17672767979925,39.529658572607275,1.0,0.9301378041889283
6,6,60.00000000038602,0.060000000000386,Sector 1,150.2683485482325,-0.3000556633381157,0,0.1,584734.4881865171,6619280.833395003,5.252759278897541,50.988619174883866,41.176163029927906,39.52911650873079,1.0,0.9301291632101494
6,6,60.00000000038602,0.060000000000386,Sector 1,150.2683485482325,-0.3000556633381157,1,0.25,584692.076316833,6619250.751898615,5.252378286589887,50.98844907370176,41.176163029927906,39.52911650873079,1.0,0.9301291632101494
6,6,60.00000000038602,0.060000000000386,Sector 1,150.2683485482325,-0.3000556633381157,2,0.5,584621.3898673594,6619200.6160713,5.251743299410465,50.988165570346304,41.176163029927906,39.52911650873079,1.0,0.9301291632101494
6,6,60.00000000038602,0.060000000000386,Sector 1,150.2683485482325,-0.3000556633381157,3,0.75,584550.7034178858,6619150.480243985,5.251108312231041,50.987882065259264,41.176163029927906,39.52911650873079,1.0,0.9301291632101494
6,6,60.00000000038602,0.060000000000386,Sector 1,150.2683485482325,-0.3000556633381157,4,0.9,584508.2915482017,6619120.398747596,5.250727319923389,50.98771196137587,41.176163029927906,39.52911650873079,1.0,0.9301291632101494
7,7,70.00000000005562,0.0700000000000556,Sector 1,150.2683485409256,0.0,0,0.1,584742.7322497151,6619286.52629163,5.252833336577281,50.98865136631222,41.17672767979925,39.529658572607275,1.0,0.9301378041889283
7,7,70.00000000005562,0.0700000000000556,Sector 1,150.2683485409256,0.0,1,0.25,584700.3165215319,6619256.434093038,5.25245230960814,50.9884812047305,41.17672767979925,39.529658572607275,1.0,0.9301378041889283
7,7,70.00000000005562,0.0700000000000556,Sector 1,150.2683485409256,0.0,2,0.5,584629.6236412266,6619206.280428717,5.251817264659573,50.98819760070803,41.17672767979925,39.529658572607275,1.0,0.9301378041889283
7,7,70.00000000005562,0.0700000000000556,Sector 1,150.2683485409256,0.0,3,0.75,584558.9307609212,6619156.126764397,5.251182219711006,50.98791399495275,41.17672767979925,39.529658572607275,1.0,0.9301378041889283
7,7,70.00000000005562,0.0700000000000556,Sector 1,150.2683485409256,0.0,4,0.9,584516.515032738,6619126.0345658045,5.250801192741865,50.98774383066783,41.17672767979925,39.529658572607275,1.0,0.9301378041889283
8,8,79.99999999966748,0.0799999999996674,Sector 1,150.26834854727542,0.0,0,0.1,584750.9758316379,6619292.219889356,5.252907389933652,50.98868356168272,41.17672767979925,39.529658572607275,1.0,0.9301378041889283
8,8,79.99999999966748,0.0799999999996674,Sector 1,150.26834854727542,0.0,1,0.25,584708.555523043,6619262.118040207,5.252526321817974,50.98851334564821,41.17672767979925,39.529658572607275,1.0,0.9301378041889283
8,8,79.99999999966748,0.0799999999996674,Sector 1,150.26834854727542,0.0,2,0.5,584637.8550087184,6619211.948291626,5.251891208291845,50.98822965087022,41.17672767979925,39.529658572607275,1.0,0.9301378041889283
8,8,79.99999999966748,0.0799999999996674,Sector 1,150.26834854727542,0.0,3,0.75,584567.1544943938,6619161.778543045,5.251256094765716,50.98794595435829,41.17672767979925,39.529658572607275,1.0,0.9301378041889283
8,8,79.99999999966748,0.0799999999996674,Sector 1,150.26834854727542,0.0,4,0.9,584524.734185799,6619131.676693896,5.2508750266500375,50.98777573561884,41.17672767979925,39.529658572607275,1.0,0.9301378041889283
9,9,90.0000000001458,0.0900000000001458,Sector 1,150.26834854474407,0.0,0,0.1,584759.2185291211,6619297.914775492,5.252981435344967,50.98871576431641,41.17672767979925,39.529658572607275,1.0,0.9301378041889283
9,9,90.0000000001458,0.0900000000001458,Sector 1,150.26834854474407,0.0,1,0.25,584716.7923134543,6619267.805208401,5.25260031416516,50.98854550475751,41.17672767979925,39.529658572607275,1.0,0.9301378041889283
9,9,90.0000000001458,0.0900000000001458,Sector 1,150.26834854474407,0.0,2,0.5,584646.0819540096,6619217.622596583,5.251965112198811,50.98826173743819,41.17672767979925,39.529658572607275,1.0,0.9301378041889283
9,9,90.0000000001458,0.0900000000001458,Sector 1,150.26834854474407,0.0,3,0.75,584575.3715945649,6619167.439984766,5.251329910232464,50.98797796838404,41.17672767979925,39.529658572607275,1.0,0.9301378041889283
9,9,90.0000000001458,0.0900000000001458,Sector 1,150.26834854474407,0.0,4,0.9,584532.9453788981,6619137.330417675,5.2509487890526545,50.987807706118836,41.17672767979925,39.529658572607275,1.0,0.9301378041889283
10,10,99.9999999998154,0.0999999999998154,Sector 1,150.26834854699786,0.0,0,0.1,584767.4612266036,6619303.609661627,5.253055480756276,50.98874796692775,41.17672767979925,39.529658572607275,1.0,0.9301378041889283
10,10,99.9999999998154,0.0999999999998154,Sector 1,150.26834854699786,0.0,1,0.25,584725.0291038647,6619273.492376594,5.252674306512336,50.98857766384454,41.17672767979925,39.529658572607275,1.0,0.9301378041889283
10,10,99.9999999998154,0.0999999999998154,Sector 1,150.26834854699786,0.0,2,0.5,584654.3088992999,6619223.29690154,5.252039016105771,50.98829382398397,41.17672767979925,39.529658572607275,1.0,0.9301378041889283
10,10,99.9999999998154,0.0999999999998154,Sector 1,150.26834854699786,0.0,3,0.75,584583.5886947352,6619173.101426486,5.2514037256992045,50.988009982387716,41.17672767979925,39.529658572607275,1.0,0.9301378041889283
10,10,99.9999999998154,0.0999999999998154,Sector 1,150.26834854699786,0.0,4,0.9,584541.1565719963,6619142.984141453,5.251022551455264,50.987839676596806,41.17672767979925,39.529658572607275,1.0,0.9301378041889283
11,11,110.00000000029372,0.1100000000002937,Sector 1,150.26834854461094,0.0,0,0.1,584775.7039240869,6619309.304547762,5.2531295261675925,50.98878016951674,41.17672767979925,39.529658572607275,1.0,0.9301378041889283
11,11,110.00000000029372,0.1100000000002937,Sector 1,150.26834854461094,0.0,1,0.25,584733.265894276,6619279.179544787,5.2527482988595215,50.98860982290928,41.17672767979925,39.529658572607275,1.0,0.9301378041889283
11,11,110.00000000029372,0.1100000000002937,Sector 1,150.26834854461094,0.0,2,0.5,584662.5358445911,6619228.971206497,5.252112920012737,50.98832591050759,41.17672767979925,39.529658572607275,1.0,0.9301378041889283
11,11,110.00000000029372,0.1100000000002937,Sector 1,150.26834854461094,0.0,3,0.75,584591.8057949062,6619178.762868207,5.2514775411659524,50.988041996369304,41.17672767979925,39.529658572607275,1.0,0.9301378041889283
11,11,110.00000000029372,0.1100000000002937,Sector 1,150.26834854461094,0.0,4,0.9,584549.3677650953,6619148.637865232,5.251096313857882,50.987871647052756,41.17672767979925,39.529658572607275,1.0,0.9301378041889283
12,12,119.99999999990558,0.1199999999999055,Sector 1,150.26834854916126,0.7849527245526423,0,0.1,584783.9466215693,6619314.999433897,5.253203571578901,50.9888123720834,41.17286350486156,39.525948964667094,1.0,0.9300786697494661
12,12,119.99999999990558,0.1199999999999055,Sector 1,150.26834854916126,0.7849527245526423,1,0.25,584741.5026846863,6619284.866712981,5.252822291206699,50.98864198195175,41.17286350486156,39.525948964667094,1.0,0.9300786697494661
12,12,119.99999999990558,0.1199999999999055,Sector 1,150.26834854916126,0.7849527245526423,2,0.5,584670.7627898814,6619234.645511454,5.252186823919696,50.988357997009025,41.17286350486156,39.525948964667094,1.0,0.9300786697494661
12,12,119.99999999990558,0.1199999999999055,Sector 1,150.26834854916126,0.7849527245526423,3,0.75,584600.0228950765,6619184.424309927,5.251551356632694,50.98807401032881,41.17286350486156,39.525948964667094,1.0,0.9300786697494661
12,12,119.99999999990558,0.1199999999999055,Sector 1,150.26834854916126,0.7849527245526423,4,0.9,584557.5789581935,6619154.2915890105,5.251170076260492,50.98790361748668,41.17286350486156,39.525948964667094,1.0,0.9300786697494661
13,13,130.0000000003839,0.1300000000003839,Sector 1,150.26834854108006,-1.1861196413627362,0,0.1,584792.1883318269,6619320.695747167,5.253277608121818,50.988844582697645,41.16790464372793,39.52118845797881,1.0,0.9300027830522442
13,13,130.0000000003839,0.1300000000003839,Sector 1,150.26834854108006,-1.1861196413627362,1,0.25,584749.7386524095,6619290.555070453,5.252896276163551,50.9886741476969,41.16790464372793,39.52118845797881,1.0,0.9300027830522442
13,13,130.0000000003839,0.1300000000003839,Sector 1,150.26834854108006,-1.1861196413627362,2,0.5,584678.9891867138,6619240.320609264,5.252260722899774,50.988390087971624,41.16790464372793,39.52118845797881,1.0,0.9300027830522442
13,13,130.0000000003839,0.1300000000003839,Sector 1,150.26834854108006,-1.1861196413627362,3,0.75,584608.2397210181,6619190.086148074,5.2516251696359975,50.98810602650792,41.16790464372793,39.52118845797881,1.0,0.9300027830522442
13,13,130.0000000003839,0.1300000000003839,Sector 1,150.26834854108006,-1.1861196413627362,4,0.9,584565.7900416007,6619159.94547136,5.25124383767773,50.987935588795274,41.16790464372793,39.52118845797881,1.0,0.9300027830522442
14,14,140.0000000000535,0.1400000000000535,Sector 1,150.26834854373624,0.0,0,0.1,584800.4271472901,6619326.396245154,5.2533516186603535,50.98887681695259,41.17672767979925,39.529658572607275,1.0,0.9301378041889283
14,14,140.0000000000535,0.1400000000000535,Sector 1,150.26834854373624,0.0,1,0.25,584757.9722078039,6619296.24691519,5.252970239450085,50.98870633313905,41.17672767979925,39.529658572607275,1.0,0.9301378041889283
14,14,140.0000000000535,0.1400000000000535,Sector 1,150.26834854373624,0.0,2,0.5,584687.2139753269,6619245.998031916,5.252334607432972,50.98842219205828,41.17672767979925,39.529658572607275,1.0,0.9301378041889283
14,14,140.0000000000535,0.1400000000000535,Sector 1,150.26834854373624,0.0,3,0.75,584616.4557428497,6619195.749148642,5.251698975415857,50.988138049238124,41.17672767979925,39.529658572607275,1.0,0.9301378041889283
14,14,140.0000000000535,0.1400000000000535,Sector 1,150.26834854373624,0.0,4,0.9,584574.0008033635,6619165.599818678,5.251317596205588,50.98796756271112,41.17672767979925,39.529658572607275,1.0,0.9301378041889283
15,15,149.9999999997231,0.149999999999723,Sector 1,150.2683485459425,0.0,0,0.1,584808.6659627531,6619332.09674314,5.253425629198889,50.98890905118516,41.17672767979925,39.529658572607275,1.0,0.9301378041889283
15,15,149.9999999997231,0.149999999999723,Sector 1,150.2683485459425,0.0,1,0.25,584766.2057631981,6619301.938759926,5.253044202736619,50.988738518558876,41.17672767979925,39.529658572607275,1.0,0.9301378041889283
15,15,149.9999999997231,0.149999999999723,Sector 1,150.2683485459425,0.0,2,0.5,584695.4387639398,6619251.675454568,5.252408491966168,50.988454296122754,41.17672767979925,39.529658572607275,1.0,0.9301378041889283
15,15,149.9999999997231,0.149999999999723,Sector 1,150.2683485459425,0.0,3,0.75,584624.6717646813,6619201.41214921,5.251772781195717,50.988170071946236,41.17672767979925,39.529658572607275,1.0,0.9301378041889283
15,15,149.9999999997231,0.149999999999723,Sector 1,150.2683485459425,0.0,4,0.9,584582.2115651263,6619171.254165996,5.251391354733446,50.98799953660494,41.17672767979925,39.529658572607275,1.0,0.9301378041889283
16,16,160.0000000002014,0.1600000000002014,Sector 1,150.2683485483027,0.0,0,0.1,584816.9047782168,6619337.797241127,5.253499639737429,50.988941285395335,41.17672767979925,39.529658572607275,1.0,0.9301378041889283
16,16,160.0000000002014,0.1600000000002014,Sector 1,150.2683485483027,0.0,1,0.25,584774.439318593,6619307.630604662,5.253118166023157,50.988770703956384,41.17672767979925,39.529658572607275,1.0,0.9301378041889283
16,16,160.0000000002014,0.1600000000002014,Sector 1,150.2683485483027,0.0,2,0.5,584703.6635525534,6619257.35287722,5.25248237649937,50.98848640016502,41.17672767979925,39.529658572607275,1.0,0.9301378041889283
16,16,160.0000000002014,0.1600000000002014,Sector 1,150.2683485483027,0.0,3,0.75,584632.8877865137,6619207.075149779,5.251846586975583,50.988202094632264,41.17672767979925,39.529658572607275,1.0,0.9301378041889283
16,16,160.0000000002014,0.1600000000002014,Sector 1,150.2683485483027,0.0,4,0.9,584590.4223268898,6619176.908513314,5.25146511326131,50.98803151047674,41.17672767979925,39.529658572607275,1.0,0.9301378041889283
17,17,169.99999999981327,0.1699999999998132,Sector 1,150.26834854641288,0.0,0,0.1,584825.14359368,6619343.497739114,5.253573650275966,50.98897351958312,41.17672767979925,39.529658572607275,1.0,0.9301378041889283
17,17,169.99999999981327,0.1699999999998132,Sector 1,150.26834854641288,0.0,1,0.25,584782.6728739874,6619313.322449398,5.253192129309691,50.98880288933158,41.17672767979925,39.529658572607275,1.0,0.9301378041889283
17,17,169.99999999981327,0.1699999999998132,Sector 1,150.26834854641288,0.0,2,0.5,584711.8883411663,6619263.030299872,5.252556261032567,50.98851850418509,41.17672767979925,39.529658572607275,1.0,0.9301378041889283
17,17,169.99999999981327,0.1699999999998132,Sector 1,150.26834854641288,0.0,3,0.75,584641.1038083452,6619212.738150347,5.251920392755442,50.98823411729619,41.17672767979925,39.529658572607275,1.0,0.9301378041889283
17,17,169.99999999981327,0.1699999999998132,Sector 1,150.26834854641288,0.0,4,0.9,584598.6330886525,6619182.562860631,5.251538871789167,50.98806348432651,41.17672767979925,39.529658572607275,1.0,0.9301378041889283
18,18,180.00000000029158,0.1800000000002915,Sector 1,150.2683485430788,2.059370979027682,0,0.1,584833.3869909255,6619349.191506865,5.253647701973353,50.9890057156916,41.150132741263356,39.50412743161282,1.0,0.9297308151658601
18,18,180.00000000029158,0.1800000000002915,Sector 1,150.2683485430788,2.059370979027682,1,0.25,584790.9178838367,6619318.997468544,5.253266195493345,50.988834979541764,41.150132741263356,39.50412743161282,1.0,0.9297308151658601
18,18,180.00000000029158,0.1800000000002915,Sector 1,150.2683485430788,2.059370979027682,2,0.5,584720.1360386885,6619268.674071344,5.252630351359996,50.9885504178964,41.150132741263356,39.50412743161282,1.0,0.9297308151658601
18,18,180.00000000029158,0.1800000000002915,Sector 1,150.2683485430788,2.059370979027682,3,0.75,584649.3541935403,6619218.350674142,5.251994507226648,50.98826585450647,41.150132741263356,39.50412743161282,1.0,0.9297308151658601
18,18,180.00000000029158,0.1800000000002915,Sector 1,150.2683485430788,2.059370979027682,4,0.9,584606.8850864514,6619188.156635821,5.25161300074664,50.98809511563512,41.150132741263356,39.50412743161282,1.0,0.9297308151658601
19,19,189.9999999999612,0.1899999999999611,Sector 1,150.26834854888375,0.0,0,0.1,584841.631507529,6619354.883630375,5.253721763726103,50.98903790248019,41.17672767979925,39.529658572607275,1.0,0.9301378041889283
19,19,189.9999999999612,0.1899999999999611,Sector 1,150.26834854888375,0.0,1,0.25,584799.1656920817,6619324.66837709,5.253340286815415,50.98886704648581,41.17672767979925,39.529658572607275,1.0,0.9301378041889283
19,19,189.9999999999612,0.1899999999999611,Sector 1,150.26834854888375,0.0,2,0.5,584728.389333003,6619274.3096216135,5.252704491964266,50.98858228509758,41.17672767979925,39.529658572607275,1.0,0.9301378041889283
19,19,189.9999999999612,0.1899999999999611,Sector 1,150.26834854888375,0.0,3,0.75,584657.6129739243,6619223.950866137,5.25206869711312,50.98829752196233,41.17672767979925,39.529658572607275,1.0,0.9301378041889283
19,19,189.9999999999612,0.1899999999999611,Sector 1,150.26834854888375,0.0,4,0.9,584615.147158477,6619193.735612852,5.251687220202431,50.98812666324262,41.17672767979925,39.529658572607275,1.0,0.9301378041889283
20,20,199.9999999996308,0.1999999999996307,Sector 1,150.26834854305184,-2.97354141353468,0,0.1,584849.8588886647,6619360.60040037,5.253795671548329,50.98907022861279,41.12128718819453,39.47643570066675,1.0,0.9292893844234089
20,20,199.9999999996308,0.1999999999996307,Sector 1,150.26834854305184,-2.97354141353468,1,0.25,584807.3992207705,6619330.3598243715,5.253414249862048,50.98889922954673,41.12128718819453,39.47643570066675,1.0,0.9292893844234089
20,20,199.9999999996308,0.1999999999996307,Sector 1,150.26834854305184,-2.97354141353468,2,0.5,584736.6331076133,6619279.958864374,5.25277854705158,50.98861422970337,41.12128718819453,39.47643570066675,1.0,0.9292893844234089
20,20,199.9999999996308,0.1999999999996307,Sector 1,150.26834854305184,-2.97354141353468,3,0.75,584665.866994456,6619229.557904378,5.252142844241111,50.98832922811008,41.12128718819453,39.47643570066675,1.0,0.9292893844234089
20,20,199.9999999996308,0.1999999999996307,Sector 1,150.26834854305184,-2.97354141353468,4,0.9,584623.4073265617,6619199.3173283795,5.25176142255483,50.98815822631412,41.12128718819453,39.47643570066675,1.0,0.9292893844234089
21,21,210.00000000010908,0.210000000000109,Sector 1,150.26834854536455,0.0,0,0.1,584858.0829823891,6619366.321898752,5.253869549839235,50.98910258146005,41.17672767979925,39.529658572607275,1.0,0.9301378041889283
21,21,210.00000000010908,0.210000000000109,Sector 1,150.26834854536455,0.0,1,0.25,584815.6300099498,6619336.055211976,5.25348818829925,50.988931434866416,41.17672767979925,39.529658572607275,1.0,0.9301378041889283
21,21,210.00000000010908,0.210000000000109,Sector 1,150.26834854536455,0.0,2,0.5,584744.8750558841,6619285.6107340185,5.252852585732606,50.988646189141335,41.17672767979925,39.529658572607275,1.0,0.9301378041889283
21,21,210.00000000010908,0.210000000000109,Sector 1,150.26834854536455,0.0,3,0.75,584674.1201018185,6619235.166256061,5.252216983165963,50.98836094166328,41.17672767979925,39.529658572607275,1.0,0.9301378041889283
21,21,210.00000000010908,0.210000000000109,Sector 1,150.26834854536455,0.0,4,0.9,584631.6671293791,6619204.899569285,5.251835621625976,50.98818979233502,41.17672767979925,39.529658572607275,1.0,0.9301378041889283
22,22,219.99999999972096,0.2199999999997209,Sector 1,150.26834854502545,0.0,0,0.1,584866.3070761131,6619372.043397134,5.253943428130137,50.98913493428477,41.17672767979925,39.529658572607275,1.0,0.9301378041889283
22,22,219.99999999972096,0.2199999999997209,Sector 1,150.26834854502545,0.0,1,0.25,584823.8607991285,6619341.750599582,5.253562126736446,50.98896364016375,41.17672767979925,39.529658572607275,1.0,0.9301378041889283
22,22,219.99999999972096,0.2199999999997209,Sector 1,150.26834854502545,0.0,2,0.5,584753.1170041545,6619291.262603663,5.252926624413628,50.98867814855729,41.17672767979925,39.529658572607275,1.0,0.9301378041889283
22,22,219.99999999972096,0.2199999999997209,Sector 1,150.26834854502545,0.0,3,0.75,584682.3732091803,6619240.774607743,5.252291122090808,50.98839265519482,41.17672767979925,39.529658572607275,1.0,0.9301378041889283
22,22,219.99999999972096,0.2199999999997209,Sector 1,150.26834854502545,0.0,4,0.9,584639.9269321958,6619210.481810192,5.251909820697117,50.98822135833447,41.17672767979925,39.529658572607275,1.0,0.9301378041889283
23,23,230.0000000001993,0.2300000000001992,Sector 1,150.26834854643846,-1.266842784254521,0,0.1,584874.5311698376,6619377.7648955155,5.254017306421045,50.98916728708693,41.1666628990015,39.51999638304144,1.0,0.9299837803208626
23,23,230.0000000001993,0.2300000000001992,Sector 1,150.26834854643846,-1.266842784254521,1,0.25,584832.091588308,6619347.445987187,5.253636065173649,50.98899584543875,41.1666628990015,39.51999638304144,1.0,0.9299837803208626
23,23,230.0000000001993,0.2300000000001992,Sector 1,150.26834854643846,-1.266842784254521,2,0.5,584761.3589524254,6619296.914473306,5.253000663094655,50.98871010795122,41.1666628990015,39.51999638304144,1.0,0.9299837803208626
23,23,230.0000000001993,0.2300000000001992,Sector 1,150.26834854643846,-1.266842784254521,3,0.75,584690.6263165427,6619246.382959425,5.25236526101566,50.988424368704685,41.1666628990015,39.51999638304144,1.0,0.9299837803208626
23,23,230.0000000001993,0.2300000000001992,Sector 1,150.26834854643846,-1.266842784254521,4,0.9,584648.1867350132,6619216.064051097,5.251984019768263,50.98825292431244,41.1666628990015,39.51999638304144,1.0,0.9299837803208626
24,24,239.9999999998689,0.2399999999998688,Sector 1,150.2683485442052,0.0,0,0.1,584882.774840177,6619383.458160175,5.254091360571677,50.989199480216215,41.17672767979925,39.529658572607275,1.0,0.9301378041889283
24,24,239.9999999998689,0.2399999999998688,Sector 1,150.2683485442052,0.0,1,0.25,584840.3386913331,6619353.11784669,5.25371015016062,50.98902791764896,41.17672767979925,39.529658572607275,1.0,0.9301378041889283
24,24,239.9999999998689,0.2399999999998688,Sector 1,150.2683485442052,0.0,2,0.5,584769.6117765931,6619302.550657548,5.253074799475525,50.98874197862766,41.17672767979925,39.529658572607275,1.0,0.9301378041889283
24,24,239.9999999998689,0.2399999999998688,Sector 1,150.2683485442052,0.0,3,0.75,584698.8848618533,6619251.983468407,5.2524394487904305,50.988456037844855,41.17672767979925,39.529658572607275,1.0,0.9301378041889283
24,24,239.9999999998689,0.2399999999998688,Sector 1,150.2683485442052,0.0,4,0.9,584656.4487130094,6619221.643154921,5.252058238379374,50.98828447252966,41.17672767979925,39.529658572607275,1.0,0.9301378041889283
25,25,250.0000000003472,0.2500000000003471,Sector 1,150.26834854196255,0.0,0,0.1,584891.0323131196,6619389.1315184925,5.2541655387132025,50.989231560760906,41.17672767979925,39.529658572607275,1.0,0.9301378041889283
25,25,250.0000000003472,0.2500000000003471,Sector 1,150.26834854196255,0.0,1,0.25,584848.5972965276,6619358.773117575,5.253784338473337,50.98905989603478,41.17672767979925,39.529658572607275,1.0,0.9301378041889283
25,25,250.0000000003472,0.2500000000003471,Sector 1,150.26834854196255,0.0,2,0.5,584777.8722688742,6619308.175782712,5.253149004740229,50.988773786747004,41.17672767979925,39.529658572607275,1.0,0.9301378041889283
25,25,250.0000000003472,0.2500000000003471,Sector 1,150.26834854196255,0.0,3,0.75,584707.1472412208,6619257.578447849,5.2525136710071205,50.98848767569563,41.17672767979925,39.529658572607275,1.0,0.9301378041889283
25,25,250.0000000003472,0.2500000000003471,Sector 1,150.26834854196255,0.0,4,0.9,584664.7122246288,6619227.220046931,5.252132470767256,50.98831600821828,41.17672767979925,39.529658572607275,1.0,0.9301378041889283
26,26,260.0000000000168,0.2600000000000168,Sector 1,150.2683485513378,0.0,0,0.1,584899.2897860616,6619394.804876808,5.254239716854722,50.989263641283415,41.17672767979925,39.529658572607275,1.0,0.9301378041889283
26,26,260.0000000000168,0.2600000000000168,Sector 1,150.2683485513378,0.0,1,0.25,584856.8559017214,6619364.428388458,5.253858526786049,50.98909187439855,41.17672767979925,39.529658572607275,1.0,0.9301378041889283
26,26,260.0000000000168,0.2600000000000168,Sector 1,150.2683485513378,0.0,2,0.5,584786.1327611546,6619313.8009078745,5.2532232100049265,50.98880559484456,41.17672767979925,39.529658572607275,1.0,0.9301378041889283
26,26,260.0000000000168,0.2600000000000168,Sector 1,150.2683485513378,0.0,3,0.75,584715.4096205876,6619263.17342729,5.252587893223804,50.98851931352483,41.17672767979925,39.529658572607275,1.0,0.9301378041889283
26,26,260.0000000000168,0.2600000000000168,Sector 1,150.2683485513378,0.0,4,0.9,584672.9757362474,6619232.79693894,5.252206703155131,50.98834754388546,41.17672767979925,39.529658572607275,1.0,0.9301378041889283
27,27,269.99999999962864,0.2699999999996286,Sector 1,150.26834854296055,0.0,0,0.1,584907.5472590036,6619400.478235126,5.254313894996243,50.98929572178376,41.17672767979925,39.529658572607275,1.0,0.9301378041889283
27,27,269.99999999962864,0.2699999999996286,Sector 1,150.26834854296055,0.0,1,0.25,584865.1145069153,6619370.0836593425,5.2539327150987605,50.9891238527403,41.17672767979925,39.529658572607275,1.0,0.9301378041889283
27,27,269.99999999962864,0.2699999999996286,Sector 1,150.26834854296055,0.0,2,0.5,584794.3932534349,6619319.426033037,5.253297415269625,50.98883740292029,41.17672767979925,39.529658572607275,1.0,0.9301378041889283
27,27,269.99999999962864,0.2699999999996286,Sector 1,150.26834854296055,0.0,3,0.75,584723.6719999544,6619268.768406732,5.252662115440488,50.98855095133247,41.17672767979925,39.529658572607275,1.0,0.9301378041889283
27,27,269.99999999962864,0.2699999999996286,Sector 1,150.26834854296055,0.0,4,0.9,584681.2392478662,6619238.373830949,5.252280935543007,50.988379079531235,41.17672767979925,39.529658572607275,1.0,0.9301378041889283
28,28,280.000000000107,0.280000000000107,Sector 1,150.26834854157016,0.0,0,0.1,584915.8017178755,6619406.156043227,5.2543880460619095,50.989327827423594,41.17672767979925,39.529658572607275,1.0,0.9301378041889283
28,28,280.000000000107,0.280000000000107,Sector 1,150.26834854157016,0.0,1,0.25,584873.3655769329,6619375.750054689,5.254006835721832,50.98915589396444,41.17672767979925,39.529658572607275,1.0,0.9301378041889283
28,28,280.000000000107,0.280000000000107,Sector 1,150.26834854157016,0.0,2,0.5,584802.6386753621,6619325.0734071275,5.2533714851550375,50.98886933678386,41.17672767979925,39.529658572607275,1.0,0.9301378041889283
28,28,280.000000000107,0.280000000000107,Sector 1,150.26834854157016,0.0,3,0.75,584731.9117737912,6619274.396759566,5.2527361345882415,50.988582777834154,41.17672767979925,39.529658572607275,1.0,0.9301378041889283
28,28,280.000000000107,0.280000000000107,Sector 1,150.26834854157016,0.0,4,0.9,584689.4756328487,6619243.990771028,5.252354924248165,50.98841084161513,41.17672767979925,39.529658572607275,1.0,0.9301378041889283
29,29,289.9999999997766,0.2899999999997766,Sector 1,150.26834855047656,3.9312538583772394,0,0.1,584924.0561278815,6619411.83392347,5.254462196688608,50.98935993344916,41.079840043561916,39.43664644181944,1.0,0.9286551083606827
29,29,289.9999999997766,0.2899999999997766,Sector 1,150.26834855047656,3.9312538583772394,1,0.25,584881.616524787,6619381.416630391,5.25408095524749,50.98918793618628,41.079840043561916,39.43664644181944,1.0,0.9286551083606827
29,29,289.9999999997766,0.2899999999997766,Sector 1,150.26834855047656,3.9312538583772394,2,0.5,584810.8838529629,6619330.721141925,5.253445552845627,50.98890127266511,41.079840043561916,39.43664644181944,1.0,0.9286551083606827
29,29,289.9999999997766,0.2899999999997766,Sector 1,150.26834855047656,3.9312538583772394,3,0.75,584740.1511811388,6619280.025653459,5.252810150443766,50.98861460737351,41.079840043561916,39.43664644181944,1.0,0.9286551083606827
29,29,289.9999999997766,0.2899999999997766,Sector 1,150.26834855047656,3.9312538583772394,4,0.9,584697.7115780443,6619249.60836038,5.252428909002649,50.98844260734872,41.079840043561916,39.43664644181944,1.0,0.9286551083606827
30,30,300.00000000025494,0.3000000000002549,Sector 1,150.2683485481864,0.0,0,0.1,584932.3105378882,6619417.511803714,5.2545363473153115,50.989392039452525,41.17672767979925,39.529658572607275,1.0,0.9301378041889283
30,30,300.00000000025494,0.3000000000002549,Sector 1,150.2683485481864,0.0,1,0.25,584889.8674726418,6619387.083206092,5.254155074773154,50.989219978386004,41.17672767979925,39.529658572607275,1.0,0.9301378041889283
30,30,300.00000000025494,0.3000000000002549,Sector 1,150.2683485481864,0.0,2,0.5,584819.1290305643,6619336.368876722,5.253519620536225,50.9889332085244,41.17672767979925,39.529658572607275,1.0,0.9301378041889283
30,30,300.00000000025494,0.3000000000002549,Sector 1,150.2683485481864,0.0,3,0.75,584748.390588487,6619285.654547352,5.252884166299296,50.98864643689104,41.17672767979925,39.529658572607275,1.0,0.9301378041889283
30,30,300.00000000025494,0.3000000000002549,Sector 1,150.2683485481864,0.0,4,0.9,584705.9475232406,6619255.225949731,5.252502893757138,50.98847437306056,41.17672767979925,39.529658572607275,1.0,0.9301378041889283
31,31,309.99999999992457,0.3099999999999245,Sector 1,150.26834854632727,0.0,0,0.1,584940.5649478943,6619423.189683957,5.25461049794201,50.989424145433674,41.17672767979925,39.529658572607275,1.0,0.9301378041889283
31,31,309.99999999992457,0.3099999999999245,Sector 1,150.26834854632727,0.0,1,0.25,584898.1184204959,6619392.749781793,5.254229194298812,50.98925202056361,41.17672767979925,39.529658572607275,1.0,0.9301378041889283
31,31,309.99999999992457,0.3099999999999245,Sector 1,150.26834854632727,0.0,2,0.5,584827.3742081653,6619342.01661152,5.253593688226817,50.98896514436173,41.17672767979925,39.529658572607275,1.0,0.9301378041889283
31,31,309.99999999992457,0.3099999999999245,Sector 1,150.26834854632727,0.0,3,0.75,584756.6299958347,6619291.2834412465,5.252958182154821,50.98867826638674,41.17672767979925,39.529658572607275,1.0,0.9301378041889283
31,31,309.99999999992457,0.3099999999999245,Sector 1,150.26834854632727,0.0,4,0.9,584714.1834684362,6619260.843539082,5.252576878511623,50.98850613875069,41.17672767979925,39.529658572607275,1.0,0.9301378041889283
32,32,320.00000000034515,0.3200000000003452,Sector 1,150.26834854677406,2.0441346235764057,0,0.1,584948.8193579011,6619428.8675642,5.254684648568715,50.98945625139261,41.1505247717772,39.50450378090611,1.0,0.9297368145072622
32,32,320.00000000034515,0.3200000000003452,Sector 1,150.26834854677406,2.0441346235764057,1,0.25,584906.3693683507,6619398.416357494,5.254303313824477,50.98928406271909,41.1505247717772,39.50450378090611,1.0,0.9297368145072622
32,32,320.00000000034515,0.3200000000003452,Sector 1,150.26834854677406,2.0441346235764057,2,0.5,584835.6193857668,6619347.664346317,5.253667755917414,50.98899708017706,41.1505247717772,39.50450378090611,1.0,0.9297368145072622
32,32,320.00000000034515,0.3200000000003452,Sector 1,150.26834854677406,2.0441346235764057,3,0.75,584764.8694031829,6619296.91233514,5.2530321980103505,50.988710095860625,41.1505247717772,39.50450378090611,1.0,0.9297368145072622
32,32,320.00000000034515,0.3200000000003452,Sector 1,150.26834854677406,2.0441346235764057,4,0.9,584722.4194136325,6619266.461128433,5.252650863266112,50.98853790441905,41.1505247717772,39.50450378090611,1.0,0.9297368145072622
33,33,330.0000000000148,0.3300000000000148,Sector 1,150.26834854125923,0.0,0,0.1,584957.1848677136,6619434.379660385,5.254759797221956,50.989487419893095,41.17672767979925,39.529658572607275,1.0,0.9301378041889283
33,33,330.0000000000148,0.3300000000000148,Sector 1,150.26834854125923,0.0,1,0.25,584914.7128993769,6619403.944779812,5.254378265038921,50.9893153236527,41.17672767979925,39.529658572607275,1.0,0.9301378041889283
33,33,330.0000000000148,0.3300000000000148,Sector 1,150.26834854125923,0.0,2,0.5,584843.9262854824,6619353.21997886,5.253742378067195,50.98902849516737,41.17672767979925,39.529658572607275,1.0,0.9301378041889283
33,33,330.0000000000148,0.3300000000000148,Sector 1,150.26834854125923,0.0,3,0.75,584773.1396715879,6619302.495177906,5.25310649109547,50.98874166490954,41.17672767979925,39.529658572607275,1.0,0.9301378041889283
33,33,330.0000000000148,0.3300000000000148,Sector 1,150.26834854125923,0.0,4,0.9,584730.6677032511,6619272.060297334,5.2527249589124345,50.988569565904044,41.17672767979925,39.529658572607275,1.0,0.9301378041889283
34,34,339.9999999996844,0.3399999999996844,Sector 1,150.26834854851995,0.0,0,0.1,584965.5659694794,6619439.868490125,5.254835085940095,50.98951845681118,41.17672767979925,39.529658572607275,1.0,0.9301378041889283
34,34,339.9999999996844,0.3399999999996844,Sector 1,150.26834854851995,0.0,1,0.25,584923.0694236974,6619409.453813428,5.254453332974113,50.98934647493028,41.17672767979925,39.529658572607275,1.0,0.9301378041889283
34,34,339.9999999996844,0.3399999999996844,Sector 1,150.26834854851995,0.0,2,0.5,584852.2418473943,6619358.762685599,5.25381707803081,50.98905983704598,41.17672767979925,39.529658572607275,1.0,0.9301378041889283
34,34,339.9999999996844,0.3399999999996844,Sector 1,150.26834854851995,0.0,3,0.75,584781.414271091,6619308.0715577705,5.253180823087506,50.988773197391545,41.17672767979925,39.529658572607275,1.0,0.9301378041889283
34,34,339.9999999996844,0.3399999999996844,Sector 1,150.26834854851995,0.0,4,0.9,584738.917725309,6619277.6568810735,5.252799070121524,50.9886012127492,41.17672767979925,39.529658572607275,1.0,0.9301378041889283
35,35,350.00000000016274,0.3500000000001627,Sector 1,150.26834854822096,-70.8248374040055,0,0.1,584973.9470712459,6619445.357319866,5.254910374658241,50.98954949370853,35.00021852782936,33.600209786716185,1.0,0.8356171335605891
35,35,350.00000000016274,0.3500000000001627,Sector 1,150.26834854822096,-70.8248374040055,1,0.25,584931.4259480187,6619414.962847044,5.254528400909312,50.98937762618696,35.00021852782936,33.600209786716185,1.0,0.8356171335605891
35,35,350.00000000016274,0.3500000000001627,Sector 1,150.26834854822096,-70.8248374040055,2,0.5,584860.5574093068,6619364.30539234,5.25389177799443,50.989091178903436,35.00021852782936,33.600209786716185,1.0,0.8356171335605891
35,35,350.00000000016274,0.3500000000001627,Sector 1,150.26834854822096,-70.8248374040055,3,0.75,584789.6888705948,6619313.647937637,5.2532551550795485,50.98880472985213,35.00021852782936,33.600209786716185,1.0,0.8356171335605891
35,35,350.00000000016274,0.3500000000001627,Sector 1,150.26834854822096,-70.8248374040055,4,0.9,584747.1677473676,6619283.253464814,5.25287318133062,50.9886328595728,35.00021852782936,33.600209786716185,1.0,0.8356171335605891
36,36,359.9999999997746,0.3599999999997746,Sector 1,150.26834854862983,0.0,0,0.1,584982.3281730117,6619450.846149607,5.254985663376381,50.989580530585116,41.17672767979925,39.529658572607275,1.0,0.9301378041889283
36,36,359.9999999997746,0.3599999999997746,Sector 1,150.26834854862983,0.0,1,0.25,584939.7824723392,6619420.471880659,5.254603468844505,50.98940877742273,41.17672767979925,39.529658572607275,1.0,0.9301378041889283
36,36,359.9999999997746,0.3599999999997746,Sector 1,150.26834854862983,0.0,2,0.5,584868.8729712185,6619369.84809908,5.253966477958045,50.98912252073973,41.17672767979925,39.529658572607275,1.0,0.9301378041889283
36,36,359.9999999997746,0.3599999999997746,Sector 1,150.26834854862983,0.0,3,0.75,584797.9634700977,6619319.2243175,5.253329487071584,50.98883626229127,41.17672767979925,39.529658572607275,1.0,0.9301378041889283
36,36,359.9999999997746,0.3599999999997746,Sector 1,150.26834854862983,0.0,4,0.9,584755.4177694253,6619288.850048553,5.252947292539708,50.9886645063748,41.17672767979925,39.529658572607275,1.0,0.9301378041889283
37,37,370.00000000025295,0.3700000000002529,Sector 1,150.26834853944047,0.0,0,0.1,584990.6991786925,6619456.350420796,5.255060861399847,50.98961165475534,41.17672767979925,39.529658572607275,1.0,0.9301378041889283
37,37,370.00000000025295,0.3700000000002529,Sector 1,150.26834853944047,0.0,1,0.25,584948.1305832558,6619425.99378215,5.254678461200803,50.989440001399856,41.17672767979925,39.529658572607275,1.0,0.9301378041889283
37,37,370.00000000025295,0.3700000000002529,Sector 1,150.26834853944047,0.0,2,0.5,584877.1829241946,6619375.399384404,5.254041127535732,50.98915391106333,41.17672767979925,39.529658572607275,1.0,0.9301378041889283
37,37,370.00000000025295,0.3700000000002529,Sector 1,150.26834853944047,0.0,3,0.75,584806.2352651334,6619324.804986658,5.25340379387066,50.98886781896342,41.17672767979925,39.529658572607275,1.0,0.9301378041889283
37,37,370.00000000025295,0.3700000000002529,Sector 1,150.26834853944047,0.0,4,0.9,584763.6666696967,6619294.448348011,5.2530213936716175,50.98869616285703,41.17672767979925,39.529658572607275,1.0,0.9301378041889283
38,38,379.9999999999226,0.3799999999999225,Sector 1,150.26834854870174,0.0,0,0.1,584999.0677736944,6619461.858378996,5.255136037767815,50.989642799753064,41.17672767979925,39.529658572607275,1.0,0.9301378041889283
38,38,379.9999999999226,0.3799999999999225,Sector 1,150.26834854870174,0.0,1,0.25,584956.4766852731,6619431.5187561475,5.254753435510853,50.989471242729685,41.17672767979925,39.529658572607275,1.0,0.9301378041889283
38,38,379.9999999999226,0.3799999999999225,Sector 1,150.26834854870174,0.0,2,0.5,584885.4915379043,6619380.952718066,5.254115765082584,50.989185312948244,41.17672767979925,39.529658572607275,1.0,0.9301378041889283
38,38,379.9999999999226,0.3799999999999225,Sector 1,150.26834854870174,0.0,3,0.75,584814.5063905354,6619330.386679984,5.253478094654314,50.98889938140539,41.17672767979925,39.529658572607275,1.0,0.9301378041889283
38,38,379.9999999999226,0.3799999999999225,Sector 1,150.26834854870174,0.0,4,0.9,584771.9153021141,6619300.047057135,5.253095492397353,50.9887278216342,41.17672767979925,39.529658572607275,1.0,0.9301378041889283
39,39,390.0000000004009,0.3900000000004009,Sector 1,150.26834854153196,0.0,0,0.1,585007.436002532,6619467.366872673,5.255211210846473,50.98967394775775,41.17672767979925,39.529658572607275,1.0,0.9301378041889283
39,39,390.0000000004009,0.3900000000004009,Sector 1,150.26834854153196,0.0,1,0.25,584964.8218718786,6619437.045068838,5.254828401597619,50.98950249160819,41.17672767979925,39.529658572607275,1.0,0.9301378041889283
39,39,390.0000000004009,0.3900000000004009,Sector 1,150.26834854153196,0.0,2,0.5,584893.7983207896,6619386.508729111,5.254190386182861,50.98921672995143,41.17672767979925,39.529658572607275,1.0,0.9301378041889283
39,39,390.0000000004009,0.3900000000004009,Sector 1,150.26834854153196,0.0,3,0.75,584822.7747697007,6619335.972389386,5.253552370768106,50.98893096653533,41.17672767979925,39.529658572607275,1.0,0.9301378041889283
39,39,390.0000000004009,0.3900000000004009,Sector 1,150.26834854153196,0.0,4,0.9,584780.1606390473,6619305.650585551,5.253169561519251,50.98875950764118,41.17672767979925,39.529658572607275,1.0,0.9301378041889283
40,40,400.00000000007054,0.4000000000000705,Sector 1,150.26834854917615,0.0,0,0.1,585015.8027152312,6619472.877583537,5.255286370305428,50.98970510827871,41.17672767979925,39.529658572607275,1.0,0.9301378041889283
40,40,400.00000000007054,0.4000000000000705,Sector 1,150.26834854917615,0.0,1,0.25,584973.1632681394,6619442.576924497,5.254903333635138,50.989533771808695,41.17672767979925,39.529658572607275,1.0,0.9301378041889283
40,40,400.00000000007054,0.4000000000000705,Sector 1,150.26834854917615,0.0,2,0.5,584902.0975229864,6619392.075826097,5.254264939184655,50.98924820961981,41.17672767979925,39.529658572607275,1.0,0.9301378041889283
40,40,400.00000000007054,0.4000000000000705,Sector 1,150.26834854917615,0.0,3,0.75,584831.0317778332,6619341.574727698,5.253626544734171,50.988962645674036,41.17672767979925,39.529658572607275,1.0,0.9301378041889283
40,40,400.00000000007054,0.4000000000000705,Sector 1,150.26834854917615,0.0,4,0.9,584788.3923307414,6619311.274068658,5.253243508063881,50.98879130646326,41.17672767979925,39.529658572607275,1.0,0.9301378041889283
41,41,409.9999999996824,0.4099999999996824,Sector 1,150.26834855273376,0.0,0,0.1,585024.1847901833,6619478.36473546,5.255361667765849,50.98973613556397,41.17672767979925,39.529658572607275,1.0,0.9301378041889283
41,41,409.9999999996824,0.4099999999996824,Sector 1,150.26834855273376,0.0,1,0.25,584981.5174662776,6619448.089147706,5.2549783806738795,50.989564940975384,41.17672767979925,39.529658572607275,1.0,0.9301378041889283
41,41,409.9999999996824,0.4099999999996824,Sector 1,150.26834855273376,0.0,2,0.5,584910.4052597678,6619397.629834782,5.2543395688539265,50.98927961525791,41.17672767979925,39.529658572607275,1.0,0.9301378041889283
41,41,409.9999999996824,0.4099999999996824,Sector 1,150.26834855273376,0.0,3,0.75,584839.2930532581,6619347.170521859,5.253700757033975,50.988994287786426,41.17672767979925,39.529658572607275,1.0,0.9301378041889283
41,41,409.9999999996824,0.4099999999996824,Sector 1,150.26834855273376,0.0,4,0.9,584796.6257293522,6619316.894934105,5.253317469942004,50.98882309046163,41.17672767979925,39.529658572607275,1.0,0.9301378041889283
42,42,420.0000000001608,0.4200000000001607,Sector 1,150.26834853710454,0.0,0,0.1,585032.5760983009,6619483.837727767,5.255437048169206,50.98976708276254,41.17672767979925,39.529658572607275,1.0,0.9301378041889283
42,42,420.0000000001608,0.4200000000001607,Sector 1,150.26834853710454,0.0,1,0.25,584989.8793587203,6619453.589571236,5.255053496831733,50.98959604339929,41.17672767979925,39.529658572607275,1.0,0.9301378041889283
42,42,420.0000000001608,0.4200000000001607,Sector 1,150.26834853710454,0.0,2,0.5,584918.718126086,6619403.175977015,5.2544142446026125,50.98931097639323,41.17672767979925,39.529658572607275,1.0,0.9301378041889283
42,42,420.0000000001608,0.4200000000001607,Sector 1,150.26834853710454,0.0,3,0.75,584847.5568934517,6619352.762382794,5.253774992373491,50.98902590763636,41.17672767979925,39.529658572607275,1.0,0.9301378041889283
42,42,420.0000000001608,0.4200000000001607,Sector 1,150.26834853710454,0.0,4,0.9,584804.8601538711,6619322.514226262,5.253391441036017,50.98885486554184,41.17672767979925,39.529658572607275,1.0,0.9301378041889283
43,43,429.9999999998304,0.4299999999998304,Sector 1,150.26834855271085,0.0,0,0.1,585040.9674064178,6619489.310720074,5.255512428572559,50.989798029940474,41.17672767979925,39.529658572607275,1.0,0.9301378041889283
43,43,429.9999999998304,0.4299999999998304,Sector 1,150.26834855271085,0.0,1,0.25,584998.2412511625,6619459.089994764,5.255128612989584,50.98962714580235,41.17672767979925,39.529658572607275,1.0,0.9301378041889283
43,43,429.9999999998304,0.4299999999998304,Sector 1,150.26834855271085,0.0,2,0.5,584927.0309924036,6619408.722119247,5.2544889203512914,50.98934233750736,41.17672767979925,39.529658572607275,1.0,0.9301378041889283
43,43,429.9999999998304,0.4299999999998304,Sector 1,150.26834855271085,0.0,3,0.75,584855.8207336447,6619358.354243729,5.253849227712999,50.98905752746474,41.17672767979925,39.529658572607275,1.0,0.9301378041889283
43,43,429.9999999998304,0.4299999999998304,Sector 1,150.26834855271085,0.0,4,0.9,584813.0945783893,6619328.133518419,5.253465412130024,50.988886640600306,41.17672767979925,39.529658572607275,1.0,0.9301378041889283
44,44,440.0000000003087,0.4400000000003087,Sector 1,116.1194957492516,0.0,0,0.1,585049.3587145353,6619494.783712382,5.255587808975915,50.98982897709777,41.17672767979925,39.529658572607275,1.0,0.9301378041889283
44,44,440.0000000003087,0.4400000000003087,Sector 1,116.1194957492516,0.0,1,0.25,585006.6031436052,6619464.590418294,5.255203729147437,50.98965824818457,41.17672767979925,39.529658572607275,1.0,0.9301378041889283
44,44,440.0000000003087,0.4400000000003087,Sector 1,116.1194957492516,0.0,2,0.5,584935.3438587217,6619414.268261479,5.254563596099975,50.9893736986003,41.17672767979925,39.529658572607275,1.0,0.9301378041889283
44,44,440.0000000003087,0.4400000000003087,Sector 1,116.1194957492516,0.0,3,0.75,584864.0845738383,6619363.946104664,5.253923463052513,50.989089147271585,41.17672767979925,39.529658572607275,1.0,0.9301378041889283
44,44,440.0000000003087,0.4400000000003087,Sector 1,116.1194957492516,0.0,4,0.9,584821.3290029082,6619333.752810576,5.253539383224036,50.988918415637,41.17672767979925,39.529658572607275,1.0,0.9301378041889283
45,45,449.6470482236935,0.4496470482236934,Sector 1,109.42491010670904,0.0,0,0.1,585057.4538499416,6619500.0635344535,5.25566052881454,50.98985883195011,41.17672767979925,39.529658572607275,1.0,0.9301378041889283
45,45,449.6470482236935,0.4496470482236934,Sector 1,109.42491010670904,0.0,1,0.25,585014.6699015682,6619469.896703397,5.255276194067153,50.989688252782926,41.17672767979925,39.529658572607275,1.0,0.9301378041889283
45,45,449.6470482236935,0.4496470482236934,Sector 1,109.42491010670904,0.0,2,0.5,584943.363320946,6619419.618651636,5.25463563615484,50.98940395277783,41.17672767979925,39.529658572607275,1.0,0.9301378041889283
45,45,449.6470482236935,0.4496470482236934,Sector 1,109.42491010670904,0.0,3,0.75,584872.0567403238,6619369.340599874,5.253995078242528,50.98911965103131,41.17672767979925,39.529658572607275,1.0,0.9301378041889283
45,45,449.6470482236935,0.4496470482236934,Sector 1,109.42491010670904,0.0,4,0.9,584829.2727919504,6619339.173768817,5.25361074349514,50.98894906914754,41.17672767979925,39.529658572607275,1.0,0.9301378041889283
46,46,459.6470482238065,0.4596470482238065,Sector 1,109.42491009270437,0.0,0,0.1,585065.8451580588,6619505.536526761,5.255735909217895,50.98988977906688,41.17672767979925,39.529658572607275,1.0,0.9301378041889283
46,46,459.6470482238065,0.4596470482238065,Sector 1,109.42491009270437,0.0,1,0.25,585023.0317940107,6619475.397126926,5.255351310225005,50.9897193551242,41.17672767979925,39.529658572607275,1.0,0.9301378041889283
46,46,459.6470482238065,0.4596470482238065,Sector 1,109.42491009270437,0.0,2,0.5,584951.6761872638,6619425.164793868,5.254710311903522,50.989435313829134,41.17672767979925,39.529658572607275,1.0,0.9301378041889283
46,46,459.6470482238065,0.4596470482238065,Sector 1,109.42491009270437,0.0,3,0.75,584880.320580517,6619374.93246081,5.254069313582038,50.98915127079584,41.17672767979925,39.529658572607275,1.0,0.9301378041889283
46,46,459.6470482238065,0.4596470482238065,Sector 1,109.42491009270437,0.0,4,0.9,584837.5072164688,6619344.793060975,5.2536847145891485,50.98898084414151,41.17672767979925,39.529658572607275,1.0,0.9301378041889283
47,47,469.6470482236097,0.4696470482236097,Sector 1,109.42491009659524,0.0,0,0.1,585074.2364661758,6619511.0095190685,5.255811289621247,50.989920726163,41.17672767979925,39.529658572607275,1.0,0.9301378041889283
47,47,469.6470482236097,0.4696470482236097,Sector 1,109.42491009659524,0.0,1,0.25,585031.3936864529,6619480.897550455,5.255426426382855,50.98975045744462,41.17672767979925,39.529658572607275,1.0,0.9301378041889283
47,47,469.6470482236097,0.4696470482236097,Sector 1,109.42491009659524,0.0,2,0.5,584959.9890535815,6619430.710936099,5.254784987652202,50.98946667485926,41.17672767979925,39.529658572607275,1.0,0.9301378041889283
47,47,469.6470482236097,0.4696470482236097,Sector 1,109.42491009659524,0.0,3,0.75,584888.5844207101,6619380.524321744,5.254143548921549,50.98918289053882,41.17672767979925,39.529658572607275,1.0,0.9301378041889283
47,47,469.6470482236097,0.4696470482236097,Sector 1,109.42491009659524,0.0,4,0.9,584845.7416409872,6619350.412353131,5.253758685683157,50.98901261911372,41.17672767979925,39.529658572607275,1.0,0.9301378041889283
48,48,479.6470482237227,0.4796470482237227,Sector 1,109.42491010673166,0.0,0,0.1,585082.6273856085,6619516.483073323,5.25588666653299,50.989951676416034,41.17672767979925,39.529658572607275,1.0,0.9301378041889283
48,48,479.6470482237227,0.4796470482237227,Sector 1,109.42491010673166,0.0,1,0.25,585039.7546071842,6619486.399378853,5.255501533811677,50.98978156768807,41.17672767979925,39.529658572607275,1.0,0.9301378041889283
48,48,479.6470482237227,0.4796470482237227,Sector 1,109.42491010673166,0.0,2,0.5,584968.299976477,6619436.25988807,5.254859645942824,50.98949805175603,41.17672767979925,39.529658572607275,1.0,0.9301378041889283
48,48,479.6470482237227,0.4796470482237227,Sector 1,109.42491010673166,0.0,3,0.75,584896.8453457699,6619386.120397286,5.254217758073971,50.989214534092156,41.17672767979925,39.529658572607275,1.0,0.9301378041889283
48,48,479.6470482237227,0.4796470482237227,Sector 1,109.42491010673166,0.0,4,0.9,584853.9725673456,6619356.036702815,5.253832625352659,50.98904442266256,41.17672767979925,39.529658572607275,1.0,0.9301378041889283
49,49,489.6470482238357,0.4896470482238357,Sector 1,109.42491009880194,0.0,0,0.1,585091.0145398607,6619521.962071155,5.255962009621539,50.98998265742913,41.17672767979925,39.529658572607275,1.0,0.9301378041889283
49,49,489.6470482238357,0.4896470482238357,Sector 1,109.42491009880194,0.0,1,0.25,585048.1061149639,6619491.914816194,5.2555765566825166,50.98981275486275,41.17672767979925,39.529658572607275,1.0,0.9301378041889283
49,49,489.6470482238357,0.4896470482238357,Sector 1,109.42491009880194,0.0,2,0.5,584976.5920734692,6619441.836057926,5.2549341351174785,50.98952958253667,41.17672767979925,39.529658572607275,1.0,0.9301378041889283
49,49,489.6470482238357,0.4896470482238357,Sector 1,109.42491009880194,0.0,3,0.75,584905.0780319746,6619391.757299658,5.2542917135524405,50.98924640848298,41.17672767979925,39.529658572607275,1.0,0.9301378041889283
49,49,489.6470482238357,0.4896470482238357,Sector 1,109.42491009880194,0.0,4,0.9,584862.1696070778,6619361.710044697,5.253906260613419,50.98907650322148,41.17672767979925,39.529658572607275,1.0,0.9301378041889283
50,50,499.647048223639,0.499647048223639,Sector 1,92.90513891430813,0.0,0,0.1,585099.4016941123,6619527.441068987,5.256037352710085,50.990013638421566,41.17672767979925,39.529658572607275,1.0,0.9301378041889283
50,50,499.647048223639,0.499647048223639,Sector 1,92.90513891430813,0.0,1,0.25,585056.4576227432,6619497.4302535355,5.255651579553353,50.98984394201647,41.17672767979925,39.529658572607275,1.0,0.9301378041889283
50,50,499.647048223639,0.499647048223639,Sector 1,92.90513891430813,0.0,2,0.5,584984.8841704611,6619447.412227783,5.255008624292131,50.989561113295906,41.17672767979925,39.529658572607275,1.0,0.9301378041889283
50,50,499.647048223639,0.499647048223639,Sector 1,92.90513891430813,0.0,3,0.75,584913.310718179,6619397.39420203,5.254365669030908,50.9892782828519,41.17672767979925,39.529658572607275,1.0,0.9301378041889283
50,50,499.647048223639,0.499647048223639,Sector 1,92.90513891430813,0.0,4,0.9,584870.3666468099,6619367.383386578,5.253979895874177,50.989108583758245,41.17672767979925,39.529658572607275,1.0,0.9301378041889283
51,51,509.60900978137545,0.5096090097813755,Sector 1,91.40105313587992,0.0,0,0.1,585107.8406717535,6619532.767434845,5.256113161336059,50.99004375633669,41.17672767979925,39.529658572607275,1.0,0.9301378041889283
51,51,509.60900978137545,0.5096090097813755,Sector 1,91.40105313587992,0.0,1,0.25,585064.8471350358,6619502.814885412,5.2557269438245395,50.9898743895078,41.17672767979925,39.529658572607275,1.0,0.9301378041889283
51,51,509.60900978137545,0.5096090097813755,Sector 1,91.40105313587992,0.0,2,0.5,584993.1912405065,6619452.89396969,5.255083247972011,50.98959211008622,41.17672767979925,39.529658572607275,1.0,0.9301378041889283
51,51,509.60900978137545,0.5096090097813755,Sector 1,91.40105313587992,0.0,3,0.75,584921.535345977,6619402.973053969,5.25443955211948,50.989309828947896,41.17672767979925,39.529658572607275,1.0,0.9301378041889283
51,51,509.60900978137545,0.5096090097813755,Sector 1,91.40105313587992,0.0,4,0.9,584878.5418092594,6619373.020504537,5.2540533346079625,50.98914045944086,41.17672767979925,39.529658572607275,1.0,0.9301378041889283
52,52,519.6090097813424,0.5196090097813424,Sector 1,91.40105313601862,0.0,0,0.1,585116.3096215859,6619538.117891786,5.256189239206808,50.99007401045507,41.17672767979925,39.529658572607275,1.0,0.9301378041889283
52,52,519.6090097813424,0.5196090097813424,Sector 1,91.40105313601862,0.0,1,0.25,585073.2668057991,6619508.223205344,5.25580257901388,50.989904970923504,41.17672767979925,39.529658572607275,1.0,0.9301378041889283
52,52,519.6090097813424,0.5196090097813424,Sector 1,91.40105313601862,0.0,2,0.5,585001.5287794876,6619458.398727941,5.2551581453589975,50.98962323700279,41.17672767979925,39.529658572607275,1.0,0.9301378041889283
52,52,519.6090097813424,0.5196090097813424,Sector 1,91.40105313601862,0.0,3,0.75,584929.7907531762,6619408.574250539,5.254513711704117,50.98934150137195,41.17672767979925,39.529658572607275,1.0,0.9301378041889283
52,52,519.6090097813424,0.5196090097813424,Sector 1,91.40105313601862,0.0,4,0.9,584886.7479373894,6619378.679564097,5.254127051511189,50.989172459172586,41.17672767979925,39.529658572607275,1.0,0.9301378041889283
53,53,529.609009781403,0.5296090097814029,Sector 1,91.40105313941592,0.0,0,0.1,585124.2374280109,6619544.204888008,5.25626045590362,50.99010842930529,41.17672767979925,39.529658572607275,1.0,0.9301378041889283
53,53,529.609009781403,0.5296090097814029,Sector 1,91.40105313941592,0.0,1,0.25,585081.2355237228,6619514.24530801,5.255874163224937,50.98993902295801,41.17672767979925,39.529658572607275,1.0,0.9301378041889283
53,53,529.609009781403,0.5296090097814029,Sector 1,91.40105313941592,0.0,2,0.5,585009.5656832425,6619464.312674682,5.255230342093798,50.989656677671825,41.17672767979925,39.529658572607275,1.0,0.9301378041889283
53,53,529.609009781403,0.5296090097814029,Sector 1,91.40105313941592,0.0,3,0.75,584937.8958427622,6619414.380041353,5.254586520962659,50.9893743306681,41.17672767979925,39.529658572607275,1.0,0.9301378041889283
53,53,529.609009781403,0.5296090097814029,Sector 1,91.40105313941592,0.0,4,0.9,584894.8939384741,6619384.420461356,5.2542002282839775,50.98920492164142,41.17672767979925,39.529658572607275,1.0,0.9301378041889283
54,54,539.6090097813699,0.5396090097813698,Sector 1,91.40105313635804,0.0,0,0.1,585131.6278635561,6619550.9544436205,5.2563268453156855,50.99014659456012,41.17672767979925,39.529658572607275,1.0,0.9301378041889283
54,54,539.6090097813699,0.5396090097813698,Sector 1,91.40105313635804,0.0,1,0.25,585088.7564325801,6619520.819543502,5.2559417246987055,50.98997619700408,41.17672767979925,39.529658572607275,1.0,0.9301378041889283
54,54,539.6090097813699,0.5396090097813698,Sector 1,91.40105313635804,0.0,2,0.5,585017.3040476197,6619470.594709972,5.255299857003739,50.989692199687184,41.17672767979925,39.529658572607275,1.0,0.9301378041889283
54,54,539.6090097813699,0.5396090097813698,Sector 1,91.40105313635804,0.0,3,0.75,584945.8516626594,6619420.369876442,5.2546579893087735,50.98940820063257,41.17672767979925,39.529658572607275,1.0,0.9301378041889283
54,54,539.6090097813699,0.5396090097813698,Sector 1,91.40105313635804,0.0,4,0.9,584902.9802316832,6619390.234976323,5.254272868691793,50.98923780036569,41.17672767979925,39.529658572607275,1.0,0.9301378041889283
55,55,549.6090097813141,0.5496090097813141,Sector 1,91.40105314616108,0.0,0,0.1,585136.4052855601,6619559.317422133,5.256369761627733,50.990193882845546,41.17672767979925,39.529658572607275,1.0,0.9301378041889283
55,55,549.6090097813141,0.5496090097813141,Sector 1,91.40105314616108,0.0,1,0.25,585094.0998301527,6619528.738298077,5.255989725255793,50.99002097360024,41.17672767979925,39.529658572607275,1.0,0.9301378041889283
55,55,549.6090097813141,0.5496090097813141,Sector 1,91.40105314616108,0.0,2,0.5,585023.5907378073,6619477.773091318,5.2553563313025595,50.98973279009325,41.17672767979925,39.529658572607275,1.0,0.9301378041889283
55,55,549.6090097813141,0.5496090097813141,Sector 1,91.40105314616108,0.0,3,0.75,584953.0816454618,6619426.807884558,5.254722937349327,50.98944460479693,41.17672767979925,39.529658572607275,1.0,0.9301378041889283
55,55,549.6090097813141,0.5496090097813141,Sector 1,91.40105314616108,0.0,4,0.9,584910.7761900546,6619396.228760503,5.254342900977387,50.98927169276028,41.17672767979925,39.529658572607275,1.0,0.9301378041889283
56,56,559.6090097813974,0.5596090097813974,Sector 1,91.40105312700832,0.0,0,0.1,585134.4809498652,6619568.402119767,5.256352475026068,50.99024525202191,41.17672767979925,39.529658572607275,1.0,0.9301378041889283
56,56,559.6090097813974,0.5596090097813974,Sector 1,91.40105312700832,0.0,1,0.25,585093.8584296433,6619537.258485253,5.255987556718122,50.99006915094865,41.17672767979925,39.529658572607275,1.0,0.9301378041889283
56,56,559.6090097813974,0.5596090097813974,Sector 1,91.40105312700832,0.0,2,0.5,585026.1542292733,6619485.35242773,5.255379359538206,50.9897756476751,41.17672767979925,39.529658572607275,1.0,0.9301378041889283
56,56,559.6090097813974,0.5596090097813974,Sector 1,91.40105312700832,0.0,3,0.75,584958.4500289034,6619433.446370209,5.254771162358293,50.98948214254556,41.17672767979925,39.529658572607275,1.0,0.9301378041889283
56,56,559.6090097813974,0.5596090097813974,Sector 1,91.40105312700832,0.0,4,0.9,584917.8275086815,6619402.302735695,5.254406244050344,50.98930603857695,41.17672767979925,39.529658572607275,1.0,0.9301378041889283
57,57,569.6090097813416,0.5696090097813415,Sector 1,91.40105314006996,0.0,0,0.1,585131.3848830196,6619577.100780415,5.256324662584388,50.99029443830931,41.17672767979925,39.529658572607275,1.0,0.9301378041889283
57,57,569.6090097813416,0.5696090097813415,Sector 1,91.40105314006996,0.0,1,0.25,585092.6405865082,6619545.456974942,5.255976616647101,50.99011550921332,41.17672767979925,39.529658572607275,1.0,0.9301378041889283
57,57,569.6090097813416,0.5696090097813415,Sector 1,91.40105314006996,0.0,2,0.5,585028.066758989,6619492.717299152,5.255396540084956,50.98981729252042,41.17672767979925,39.529658572607275,1.0,0.9301378041889283
57,57,569.6090097813416,0.5696090097813415,Sector 1,91.40105314006996,0.0,3,0.75,584963.4929314698,6619439.977623363,5.254816463522809,50.98951907391143,41.17672767979925,39.529658572607275,1.0,0.9301378041889283
57,57,569.6090097813416,0.5696090097813415,Sector 1,91.40105314006996,0.0,4,0.9,584924.7486349584,6619408.33381789,5.254468417585523,50.989340141826325,41.17672767979925,39.529658572607275,1.0,0.9301378041889283
58,58,579.6090097814249,0.5796090097814249,Sector 1,91.40105314023344,0.0,0,0.1,585128.5703157996,6619585.918244714,5.256299378896868,50.990344296314824,41.17672767979925,39.529658572607275,1.0,0.9301378041889283
58,58,579.6090097814249,0.5796090097814249,Sector 1,91.40105314023344,0.0,1,0.25,585091.6673412222,6619553.739931244,5.255967873835945,50.99016234504643,41.17672767979925,39.529658572607275,1.0,0.9301378041889283
58,58,579.6090097814249,0.5796090097814249,Sector 1,91.40105314023344,0.0,2,0.5,585030.1623835933,6619500.109408794,5.255415365401074,50.98985909134734,41.17672767979925,39.529658572607275,1.0,0.9301378041889283
58,58,579.6090097814249,0.5796090097814249,Sector 1,91.40105314023344,0.0,3,0.75,584968.6574259644,6619446.4788863445,5.254862856966202,50.98955583566688,41.17672767979925,39.529658572607275,1.0,0.9301378041889283
58,58,579.6090097814249,0.5796090097814249,Sector 1,91.40105314023344,0.0,4,0.9,584931.754451387,6619414.300572875,5.254531351905278,50.98937388130755,41.17672767979925,39.529658572607275,1.0,0.9301378041889283
59,59,589.6090097813691,0.5896090097813691,Sector 1,91.40105313073263,0.0,0,0.1,585128.358176564,6619595.302726742,5.256297473217692,50.990397360440966,41.17672767979925,39.529658572607275,1.0,0.9301378041889283
59,59,589.6090097813691,0.5896090097813691,Sector 1,91.40105313073263,0.0,1,0.25,585092.8631554983,6619562.494865887,5.255978616018357,50.99021184962154,41.17672767979925,39.529658572607275,1.0,0.9301378041889283
59,59,589.6090097813691,0.5896090097813691,Sector 1,91.40105313073263,0.0,2,0.5,585033.7047870555,6619507.815097794,5.255447187352799,50.989902663274734,41.17672767979925,39.529658572607275,1.0,0.9301378041889283
59,59,589.6090097813691,0.5896090097813691,Sector 1,91.40105313073263,0.0,3,0.75,584974.5464186127,6619453.135329701,5.254915758687242,50.98959347486828,41.17672767979925,39.529658572607275,1.0,0.9301378041889283
59,59,589.6090097813691,0.5896090097813691,Sector 1,91.40105313073263,0.0,4,0.9,584939.051397547,6619420.327468846,5.254596901487908,50.98940796083577,41.17672767979925,39.529658572607275,1.0,0.9301378041889283
60,60,599.609009781336,0.599609009781336,Sector 1,91.40105312442849,0.0,0,0.1,585131.6631701932,6619604.431923166,5.256327162480602,50.99044898100809,41.17672767979925,39.529658572607275,1.0,0.9301378041889283
60,60,599.609009781336,0.599609009781336,Sector 1,91.40105312442849,0.0,1,0.25,585096.9899138284,6619571.037062526,5.2560156873191755,50.99026015122362,41.17672767979925,39.529658572607275,1.0,0.9301378041889283
60,60,599.609009781336,0.599609009781336,Sector 1,91.40105312442849,0.0,2,0.5,585039.2011532204,6619515.378961458,5.25549656205013,50.98994543320898,41.17672767979925,39.529658572607275,1.0,0.9301378041889283
60,60,599.609009781336,0.599609009781336,Sector 1,91.40105312442849,0.0,3,0.75,584981.4123926123,6619459.72086039,5.254977436781084,50.989630713060315,41.17672767979925,39.529658572607275,1.0,0.9301378041889283
60,60,599.609009781336,0.599609009781336,Sector 1,91.40105312442849,0.0,4,0.9,584946.7391362475,6619426.32599975,5.254665961619658,50.98944187994679,41.17672767979925,39.529658572607275,1.0,0.9301378041889283
61,61,609.6090097813966,0.6096090097813966,Sector 1,91.40105314071155,0.0,0,0.1,585136.9512522407,6619612.812246479,5.256374666129871,50.990496367060544,41.17672767979925,39.529658572607275,1.0,0.9301378041889283
61,61,609.6090097813966,0.6096090097813966,Sector 1,91.40105314071155,0.0,1,0.25,585102.7692458404,6619578.955198239,5.2560676039419585,50.9903049240465,41.17672767979925,39.529658572607275,1.0,0.9301378041889283
61,61,609.6090097813966,0.6096090097813966,Sector 1,91.40105314071155,0.0,2,0.5,585045.7992351733,6619522.526784505,5.2555558336287715,50.98998585060164,41.17672767979925,39.529658572607275,1.0,0.9301378041889283
61,61,609.6090097813966,0.6096090097813966,Sector 1,91.40105314071155,0.0,3,0.75,584988.8292245062,6619466.098370771,5.255044063315584,50.989666774963275,41.17672767979925,39.529658572607275,1.0,0.9301378041889283
61,61,609.6090097813966,0.6096090097813966,Sector 1,91.40105314071155,0.0,4,0.9,584954.6472181058,6619432.24132253,5.254737001127672,50.98947532852739,41.17672767979925,39.529658572607275,1.0,0.9301378041889283
62,62,619.6090097813635,0.6196090097813635,Sector 1,91.40105313443216,0.0,0,0.1,585142.8115460881,6619620.858562561,5.256427310045197,50.99054186444294,41.17672767979925,39.529658572607275,1.0,0.9301378041889283
62,62,619.6090097813635,0.6196090097813635,Sector 1,91.40105313443216,0.0,1,0.25,585109.025421019,6619586.5949945925,5.256123804119789,50.990348122968214,41.17672767979925,39.529658572607275,1.0,0.9301378041889283
62,62,619.6090097813635,0.6196090097813635,Sector 1,91.40105313443216,0.0,2,0.5,585052.7152125705,6619529.489047978,5.255617960910777,50.99002521871315,41.17672767979925,39.529658572607275,1.0,0.9301378041889283
62,62,619.6090097813635,0.6196090097813635,Sector 1,91.40105313443216,0.0,3,0.75,584996.405004122,6619472.383101365,5.255112117701764,50.989702312211605,41.17672767979925,39.529658572607275,1.0,0.9301378041889283
62,62,619.6090097813635,0.6196090097813635,Sector 1,91.40105313443216,0.0,4,0.9,584962.6188790528,6619438.119533396,5.254808611776356,50.989508567232356,41.17672767979925,39.529658572607275,1.0,0.9301378041889283
63,63,629.6090097814241,0.6296090097814241,Sector 1,86.69330816337566,0.0,0,0.1,585148.6718399354,6619628.904878642,5.256479953960521,50.99058736178074,41.17672767979925,39.529658572607275,1.0,0.9301378041889283
63,63,629.6090097814241,0.6296090097814241,Sector 1,86.69330816337566,0.0,1,0.25,585115.2815961975,6619594.234790945,5.25618000429762,50.99039132184972,41.17672767979925,39.529658572607275,1.0,0.9301378041889283
63,63,629.6090097814241,0.6296090097814241,Sector 1,86.69330816337566,0.0,2,0.5,585059.6311899676,6619536.451311452,5.255680088192782,50.99006458679128,41.17672767979925,39.529658572607275,1.0,0.9301378041889283
63,63,629.6090097814241,0.6296090097814241,Sector 1,86.69330816337566,0.0,3,0.75,585003.9807837377,6619478.667831958,5.255180172087944,50.989737849432714,41.17672767979925,39.529658572607275,1.0,0.9301378041889283
63,63,629.6090097814241,0.6296090097814241,Sector 1,86.69330816337566,0.0,4,0.9,584970.5905399999,6619443.997744262,5.254880222425042,50.989541805913525,41.17672767979925,39.529658572607275,1.0,0.9301378041889283
64,64,639.5700375681789,0.6395700375681789,Sector 1,81.2546249054318,0.0,0,0.1,585154.4184096875,6619636.978673462,5.256531576274917,50.990633014450324,41.17672767979925,39.529658572607275,1.0,0.9301378041889283
64,64,639.5700375681789,0.6395700375681789,Sector 1,81.2546249054318,0.0,1,0.25,585121.4376519824,6619601.893844167,5.2562353050876345,50.99043462957795,41.17672767979925,39.529658572607275,1.0,0.9301378041889283
64,64,639.5700375681789,0.6395700375681789,Sector 1,81.2546249054318,0.0,2,0.5,585066.469722474,6619543.419128673,5.255741519775496,50.99010398623959,41.17672767979925,39.529658572607275,1.0,0.9301378041889283
64,64,639.5700375681789,0.6395700375681789,Sector 1,81.2546249054318,0.0,3,0.75,585011.5017929657,6619484.94441318,5.255247734463358,50.98977334054577,41.17672767979925,39.529658572607275,1.0,0.9301378041889283
64,64,639.5700375681789,0.6395700375681789,Sector 1,81.2546249054318,0.0,4,0.9,584978.5210352606,6619449.8595838845,5.254951463276075,50.98957495199886,41.17672767979925,39.529658572607275,1.0,0.9301378041889283
65,65,649.5700375681533,0.6495700375681533,Sector 1,81.25462490633834,0.0,0,0.1,585160.0000359727,6619645.21321278,5.25658171687694,50.99067957599142,41.17672767979925,39.529658572607275,1.0,0.9301378041889283
65,65,649.5700375681533,0.6495700375681533,Sector 1,81.25462490633834,0.0,1,0.25,585127.4451718221,6619609.714164911,5.25628927155655,50.990478849143514,41.17672767979925,39.529658572607275,1.0,0.9301378041889283
65,65,649.5700375681533,0.6495700375681533,Sector 1,81.25462490633834,0.0,2,0.5,585073.1870649044,6619550.549085129,5.255801862689235,50.99014430246787,41.17672767979925,39.529658572607275,1.0,0.9301378041889283
65,65,649.5700375681533,0.6495700375681533,Sector 1,81.25462490633834,0.0,3,0.75,585018.9289579866,6619491.384005348,5.255314453821918,50.98980975338082,41.17672767979925,39.529658572607275,1.0,0.9301378041889283
65,65,649.5700375681533,0.6495700375681533,Sector 1,81.25462490633834,0.0,4,0.9,584986.374093836,6619455.884957479,5.25502200850153,50.98960902277109,41.17672767979925,39.529658572607275,1.0,0.9301378041889283
66,66,659.5700375681544,0.6595700375681544,Sector 1,81.25462490079798,0.0,0,0.1,585165.5812381873,6619653.448362994,5.256631853669471,50.99072614094006,41.17672767979925,39.529658572607275,1.0,0.9301378041889283
66,66,659.5700375681544,0.6595700375681544,Sector 1,81.25462490079798,0.0,1,0.25,585133.451631485,6619617.536012895,5.256343228501737,50.99052307730263,41.17672767979925,39.529658572607275,1.0,0.9301378041889283
66,66,659.5700375681544,0.6595700375681544,Sector 1,81.25462490079798,0.0,2,0.5,585079.9022869812,6619557.682096066,5.255862186555514,50.99018463593262,41.17672767979925,39.529658572607275,1.0,0.9301378041889283
66,66,659.5700375681544,0.6595700375681544,Sector 1,81.25462490079798,0.0,3,0.75,585026.3529424773,6619497.8281792365,5.25538114460929,50.98984619209471,41.17672767979925,39.529658572607275,1.0,0.9301378041889283
66,66,659.5700375681544,0.6595700375681544,Sector 1,81.25462490079798,0.0,4,0.9,584994.2233357751,6619461.915829138,5.255092519441556,50.98964312460737,41.17672767979925,39.529658572607275,1.0,0.9301378041889283
67,67,669.5700375681554,0.6695700375681554,Sector 1,80.28596065079296,0.0,0,0.1,585171.1624404019,6619661.683513208,5.256681990462003,50.990772705841984,41.17672767979925,39.529658572607275,1.0,0.9301378041889283
67,67,669.5700375681554,0.6695700375681554,Sector 1,80.28596065079296,0.0,1,0.25,585139.458091148,6619625.357860882,5.256397185446923,50.99056730541962,41.17672767979925,39.529658572607275,1.0,0.9301378041889283
67,67,669.5700375681554,0.6695700375681554,Sector 1,80.28596065079296,0.0,2,0.5,585086.617509058,6619564.815107003,5.255922510421791,50.990224969362316,41.17672767979925,39.529658572607275,1.0,0.9301378041889283
67,67,669.5700375681554,0.6695700375681554,Sector 1,80.28596065079296,0.0,3,0.75,585033.776926968,6619504.272353125,5.25544783539666,50.989882630779995,41.17672767979925,39.529658572607275,1.0,0.9301378041889283
67,67,669.5700375681554,0.6695700375681554,Sector 1,80.28596065079296,0.0,4,0.9,585002.0725777141,6619467.946700798,5.255163030381581,50.98967722641859,41.17672767979925,39.529658572607275,1.0,0.9301378041889283
68,68,679.5618764635923,0.6795618764635922,Sector 1,74.75652916018475,0.0,0,0.1,585176.7390877389,6619669.91194263,5.256732086337372,50.99081923269514,41.17672767979925,39.529658572607275,1.0,0.9301378041889283
68,68,679.5618764635923,0.6795618764635922,Sector 1,74.75652916018475,0.0,1,0.25,585145.4596488762,6619633.173325375,5.2564510983572825,50.99061149739947,41.17672767979925,39.529658572607275,1.0,0.9301378041889283
68,68,679.5618764635923,0.6795618764635922,Sector 1,74.75652916018475,0.0,2,0.5,585093.3272507718,6619571.942296615,5.255982785057132,50.99026526984047,41.17672767979925,39.529658572607275,1.0,0.9301378041889283
68,68,679.5618764635923,0.6795618764635922,Sector 1,74.75652916018475,0.0,3,0.75,585041.1948526674,6619510.711267855,5.255514471756982,50.98991903969872,41.17672767979925,39.529658572607275,1.0,0.9301378041889283
68,68,679.5618764635923,0.6795618764635922,Sector 1,74.75652916018475,0.0,4,0.9,585009.9154138047,6619473.9726506,5.255233483776892,50.98971130037393,41.17672767979925,39.529658572607275,1.0,0.9301378041889283
69,69,689.5618764634897,0.6895618764634898,Sector 1,74.75652916211726,0.0,0,0.1,585182.3311372044,6619678.131024332,5.256782320572416,50.99086570664597,41.17672767979925,39.529658572607275,1.0,0.9301378041889283
69,69,689.5618764634897,0.6895618764634898,Sector 1,74.75652916211726,0.0,1,0.25,585151.4932266666,6619640.955002079,5.256505298908753,50.9906554982869,41.17672767979925,39.529658572607275,1.0,0.9301378041889283
69,69,689.5618764634897,0.6895618764634898,Sector 1,74.75652916211726,0.0,2,0.5,585100.0967091036,6619578.994964991,5.256043596135979,50.99030514890611,41.17672767979925,39.529658572607275,1.0,0.9301378041889283
69,69,689.5618764634897,0.6895618764634898,Sector 1,74.75652916211726,0.0,3,0.75,585048.7001915404,6619517.034927903,5.255581893363203,50.98995479688069,41.17672767979925,39.529658572607275,1.0,0.9301378041889283
69,69,689.5618764634897,0.6895618764634898,Sector 1,74.75652916211726,0.0,4,0.9,585017.8622810026,6619479.85890565,5.255304871699538,50.98974458439601,41.17672767979925,39.529658572607275,1.0,0.9301378041889283
70,70,699.5618764636321,0.6995618764636321,Sector 1,74.75652916431693,0.0,0,0.1,585188.1033339642,6619686.222534676,5.25683417309814,50.99091145921224,41.17672767979925,39.529658572607275,1.0,0.9301378041889283
70,70,699.5618764636321,0.6995618764636321,Sector 1,74.75652916431693,0.0,1,0.25,585157.6998462587,6619648.596418308,5.256561053921176,50.99069870604177,41.17672767979925,39.529658572607275,1.0,0.9301378041889283
70,70,699.5618764636321,0.6995618764636321,Sector 1,74.75652916431693,0.0,2,0.5,585107.0273667496,6619585.886224361,5.256105855292902,50.990344115257095,41.17672767979925,39.529658572607275,1.0,0.9301378041889283
70,70,699.5618764636321,0.6995618764636321,Sector 1,74.75652916431693,0.0,3,0.75,585056.3548872404,6619523.176030415,5.2556506566646295,50.98998952176337,41.17672767979925,39.529658572607275,1.0,0.9301378041889283
70,70,699.5618764636321,0.6995618764636321,Sector 1,74.75652916431693,0.0,4,0.9,585025.9513995349,6619485.549914047,5.255377537487666,50.989776764366795,41.17672767979925,39.529658572607275,1.0,0.9301378041889283
71,71,709.5618764635295,0.7095618764635295,Sector 1,63.54503571910402,0.0,0,0.1,585193.9448711224,6619694.269372379,5.2568866485192585,50.99095695913718,41.17672767979925,39.529658572607275,1.0,0.9301378041889283
71,71,709.5618764635295,0.7095618764635295,Sector 1,63.54503571910402,0.0,1,0.25,585163.9642495161,6619656.200607336,5.256617328013095,50.990741703258585,41.17672767979925,39.529658572607275,1.0,0.9301378041889283
71,71,709.5618764635295,0.7095618764635295,Sector 1,63.54503571910402,0.0,2,0.5,585113.9965468391,6619592.752665598,5.256168460502824,50.990382941242395,41.17672767979925,39.529658572607275,1.0,0.9301378041889283
71,71,709.5618764635295,0.7095618764635295,Sector 1,63.54503571910402,0.0,3,0.75,585064.0288441621,6619529.30472386,5.255719592992554,50.99002417645305,41.17672767979925,39.529658572607275,1.0,0.9301378041889283
71,71,709.5618764635295,0.7095618764635295,Sector 1,63.54503571910402,0.0,4,0.9,585034.0482225559,6619491.2359588165,5.255450272486391,50.989808916248315,41.17672767979925,39.529658572607275,1.0,0.9301378041889283
72,72,719.2853349327438,0.7192853349327438,Sector 1,47.2857402991948,0.0,0,0.1,585199.6248655176,6619702.0936816,5.256937672777048,50.99100120075745,41.17672767979925,39.529658572607275,1.0,0.9301378041889283
72,72,719.2853349327438,0.7192853349327438,Sector 1,47.2857402991948,0.0,1,0.25,585170.0554160068,6619663.594508956,5.256672045892663,50.99078351138557,41.17672767979925,39.529658572607275,1.0,0.9301378041889283
72,72,719.2853349327438,0.7192853349327438,Sector 1,47.2857402991948,0.0,2,0.5,585120.7730001556,6619599.429221217,5.256229334418688,50.9904206934968,41.17672767979925,39.529658572607275,1.0,0.9301378041889283
72,72,719.2853349327438,0.7192853349327438,Sector 1,47.2857402991948,0.0,3,0.75,585071.4905843043,6619535.263933478,5.255786622944712,50.990057872771814,41.17672767979925,39.529658572607275,1.0,0.9301378041889283
72,72,719.2853349327438,0.7192853349327438,Sector 1,47.2857402991948,0.0,4,0.9,585041.9211347935,6619496.764760834,5.255520996060327,50.989840178975435,41.17672767979925,39.529658572607275,1.0,0.9301378041889283
73,73,729.2853349322972,0.7292853349322972,Sector 1,47.28574028724353,0.0,0,0.1,585205.3745066345,6619710.1999296155,5.256989322681983,50.991047036522424,41.17672767979925,39.529658572607275,1.0,0.9301378041889283
73,73,729.2853349322972,0.7292853349322972,Sector 1,47.28574028724353,0.0,1,0.25,585176.2432392299,6619671.248206578,5.25672763205443,50.99082678846516,41.17672767979925,39.529658572607275,1.0,0.9301378041889283
73,73,729.2853349322972,0.7292853349322972,Sector 1,47.28574028724353,0.0,2,0.5,585127.6911268889,6619606.328668183,5.256291481008508,50.99045970604708,41.17672767979925,39.529658572607275,1.0,0.9301378041889283
73,73,729.2853349322972,0.7292853349322972,Sector 1,47.28574028724353,0.0,3,0.75,585079.1390145477,6619541.409129787,5.255855329962584,50.99009262072571,41.17672767979925,39.529658572607275,1.0,0.9301378041889283
73,73,729.2853349322972,0.7292853349322972,Sector 1,47.28574028724353,0.0,4,0.9,585050.007747143,6619502.45740675,5.25559363933503,50.98987236813931,41.17672767979925,39.529658572607275,1.0,0.9301378041889283
74,74,739.285334932397,0.7392853349323969,Sector 1,47.2857403000076,0.0,0,0.1,585211.004530746,6619718.383523768,5.257039898049077,50.991093309585544,41.17672767979925,39.529658572607275,1.0,0.9301378041889283
74,74,739.285334932397,0.7392853349323969,Sector 1,47.2857403000076,0.0,1,0.25,585182.3313552279,6619678.966400312,5.256782322530954,50.99087043019079,41.17672767979925,39.529658572607275,1.0,0.9301378041889283
74,74,739.285334932397,0.7392853349323969,Sector 1,47.2857403000076,0.0,2,0.5,585134.5427293645,6619613.271194553,5.256353030000753,50.99049896215443,41.17672767979925,39.529658572607275,1.0,0.9301378041889283
74,74,739.285334932397,0.7392853349323969,Sector 1,47.2857403000076,0.0,3,0.75,585086.754103501,6619547.575988794,5.2559237374705505,50.990127491144975,41.17672767979925,39.529658572607275,1.0,0.9301378041889283
74,74,739.285334932397,0.7392853349323969,Sector 1,47.2857403000076,0.0,4,0.9,585058.0809279829,6619508.158865338,5.25566616195243,50.98990460711223,41.17672767979925,39.529658572607275,1.0,0.9301378041889283
75,75,749.2853349325821,0.7492853349325821,Sector 1,47.28574028875772,0.0,0,0.1,585216.6344106577,6619726.567341966,5.257090472120801,50.99113958386934,41.17672767979925,39.529658572607275,1.0,0.9301378041889283
75,75,749.2853349325821,0.7492853349325821,Sector 1,47.28574028875772,0.0,1,0.25,585188.4191107264,6619686.6851541605,5.2568370097690575,50.9909140750425,41.17672767979925,39.529658572607275,1.0,0.9301378041889283
75,75,749.2853349325821,0.7492853349325821,Sector 1,47.28574028875772,0.0,2,0.5,585141.3936108409,6619620.214841152,5.256414572516153,50.990538224562826,41.17672767979925,39.529658572607275,1.0,0.9301378041889283
75,75,749.2853349325821,0.7492853349325821,Sector 1,47.28574028875772,0.0,3,0.75,585094.3681109555,6619553.744528143,5.255992135263248,50.990162371039496,41.17672767979925,39.529658572607275,1.0,0.9301378041889283
75,75,749.2853349325821,0.7492853349325821,Sector 1,47.28574028875772,0.0,4,0.9,585066.1528110242,6619513.862340338,5.255738672911505,50.98993685746455,41.17672767979925,39.529658572607275,1.0,0.9301378041889283
76,76,759.2853349327673,0.7592853349327673,Sector 1,47.2857402937442,0.0,0,0.1,585222.2642905695,6619734.751160163,5.257141046192525,50.991185858107016,41.17672767979925,39.529658572607275,1.0,0.9301378041889283
76,76,759.2853349327673,0.7592853349327673,Sector 1,47.2857402937442,0.0,1,0.25,585194.506866225,6619694.403908009,5.256891697007162,50.99095771985315,41.17672767979925,39.529658572607275,1.0,0.9301378041889283
76,76,759.2853349327673,0.7592853349327673,Sector 1,47.2857402937442,0.0,2,0.5,585148.2444923175,6619627.15848775,5.256476115031554,50.99057748693801,41.17672767979925,39.529658572607275,1.0,0.9301378041889283
76,76,759.2853349327673,0.7592853349327673,Sector 1,47.2857402937442,0.0,3,0.75,585101.9821184101,6619559.913067492,5.256060533055947,50.99019725090781,41.17672767979925,39.529658572607275,1.0,0.9301378041889283
76,76,759.2853349327673,0.7592853349327673,Sector 1,47.2857402937442,0.0,4,0.9,585074.2246940656,6619519.565815337,5.255811183870583,50.98996910779447,41.17672767979925,39.529658572607275,1.0,0.9301378041889283
77,77,769.285334932867,0.769285334932867,Sector 1,47.941838399138646,0.0,0,0.1,585227.9024181131,6619742.921776796,5.257191694353987,50.99123205765229,41.17672767979925,39.529658572607275,1.0,0.9301378041889283
77,77,769.285334932867,0.769285334932867,Sector 1,47.941838399138646,0.0,1,0.25,585200.6152408033,6619702.089657943,5.256946569469609,50.99100117800617,41.17672767979925,39.529658572607275,1.0,0.9301378041889283
77,77,769.285334932867,0.769285334932867,Sector 1,47.941838399138646,0.0,2,0.5,585155.1366119538,6619634.0361265205,5.256538027995647,50.99061637604369,41.17672767979925,39.529658572607275,1.0,0.9301378041889283
77,77,769.285334932867,0.769285334932867,Sector 1,47.941838399138646,0.0,3,0.75,585109.6579831042,6619565.982595099,5.256129486521683,50.99023157089085,41.17672767979925,39.529658572607275,1.0,0.9301378041889283
77,77,769.285334932867,0.769285334932867,Sector 1,47.941838399138646,0.0,4,0.9,585082.3708057946,6619525.150476245,5.255884361637306,50.990000686267756,41.17672767979925,39.529658572607275,1.0,0.9301378041889283
78,78,779.2849106258298,0.7792849106258297,Sector 1,48.36644656090397,0.0,0,0.1,585233.4309527602,6619751.155548408,5.25724135802571,50.991278614251534,41.17672767979925,39.529658572607275,1.0,0.9301378041889283
78,78,779.2849106258298,0.7792849106258297,Sector 1,48.36644656090397,0.0,1,0.25,585206.634886195,6619709.823735869,5.257000644864212,50.991044909382964,41.17672767979925,39.529658572607275,1.0,0.9301378041889283
78,78,779.2849106258298,0.7792849106258297,Sector 1,48.36644656090397,0.0,2,0.5,585161.9747752529,6619640.937381636,5.256599456261715,50.99065539865352,41.17672767979925,39.529658572607275,1.0,0.9301378041889283
78,78,779.2849106258298,0.7792849106258297,Sector 1,48.36644656090397,0.0,3,0.75,585117.3146643109,6619572.051027405,5.256198267659219,50.990265884655166,41.17672767979925,39.529658572607275,1.0,0.9301378041889283
78,78,779.2849106258298,0.7792849106258297,Sector 1,48.36644656090397,0.0,4,0.9,585090.5185977456,6619530.719214866,5.255957554497719,50.99003217468706,41.17672767979925,39.529658572607275,1.0,0.9301378041889283
79,79,789.284910626158,0.789284910626158,Sector 1,48.36644656315519,0.0,0,0.1,585238.7052646468,6619759.551435361,5.257288737975521,50.99132608745904,41.17672767979925,39.529658572607275,1.0,0.9301378041889283
79,79,789.284910626158,0.789284910626158,Sector 1,48.36644656315519,0.0,1,0.25,585212.4257088524,6619717.720185485,5.257052664709221,50.99108955882767,41.17672767979925,39.529658572607275,1.0,0.9301378041889283
79,79,789.284910626158,0.789284910626158,Sector 1,48.36644656315519,0.0,2,0.5,585168.626449195,6619648.00143569,5.256659209265387,50.990695341763306,41.17672767979925,39.529658572607275,1.0,0.9301378041889283
79,79,789.284910626158,0.789284910626158,Sector 1,48.36644656315519,0.0,3,0.75,585124.8271895376,6619578.282685895,5.256265753821554,50.990301121350534,41.17672767979925,39.529658572607275,1.0,0.9301378041889283
79,79,789.284910626158,0.789284910626158,Sector 1,48.36644656315519,0.0,4,0.9,585098.5476337431,6619536.451436019,5.256029680555253,50.99006458749563,41.17672767979925,39.529658572607275,1.0,0.9301378041889283
80,80,799.2849106259545,0.7992849106259544,Sector 1,48.36644655717657,0.0,0,0.1,585243.9786629921,6619767.948685732,5.25733610971885,50.991373568327205,41.17672767979925,39.529658572607275,1.0,0.9301378041889283
80,80,799.2849106259545,0.7992849106259544,Sector 1,48.36644655717657,0.0,1,0.25,585218.214247657,6619725.620043644,5.257104664038029,50.99113422750254,41.17672767979925,39.529658572607275,1.0,0.9301378041889283
80,80,799.2849106259545,0.7992849106259544,Sector 1,48.36644655717657,0.0,2,0.5,585175.2735554319,6619655.07230683,5.256718921236664,50.99073532338531,41.17672767979925,39.529658572607275,1.0,0.9301378041889283
80,80,799.2849106259545,0.7992849106259544,Sector 1,48.36644655717657,0.0,3,0.75,585132.3328632067,6619584.524570016,5.256333178435299,50.99033641583956,41.17672767979925,39.529658572607275,1.0,0.9301378041889283
80,80,799.2849106259545,0.7992849106259544,Sector 1,48.36644655717657,0.0,4,0.9,585106.5684478716,6619542.195927928,5.2561017327544794,50.99009706966642,41.17672767979925,39.529658572607275,1.0,0.9301378041889283
81,81,809.2849106262827,0.8092849106262827,Sector 1,10.52619979846719,0.0,0,0.1,585249.2334405368,6619776.373726783,5.257383314188679,50.99142120628438,41.48481384153041,39.82542128786919,1.0,0.9348525240900318
81,81,809.2849106262827,0.8092849106262827,Sector 1,10.52619979846719,0.0,1,0.25,585223.9562344594,6619733.589378504,5.257156245183087,50.99117928898043,41.48481384153041,39.82542128786919,1.0,0.9348525240900318
81,81,809.2849106262827,0.8092849106262827,Sector 1,10.52619979846719,0.0,2,0.5,585181.8275576637,6619662.282131374,5.256777796840434,50.99077609067171,41.48481384153041,39.82542128786919,1.0,0.9348525240900318
81,81,809.2849106262827,0.8092849106262827,Sector 1,10.52619979846719,0.0,3,0.75,585139.698880868,6619590.974884243,5.256399348497781,50.990372888860236,41.48481384153041,39.82542128786919,1.0,0.9348525240900318
81,81,809.2849106262827,0.8092849106262827,Sector 1,10.52619979846719,0.0,4,0.9,585114.4216747907,6619548.190535964,5.256172279492191,50.990130966092046,41.48481384153041,39.82542128786919,1.0,0.9348525240900318
82,82,818.2185334234329,0.8182185334234329,Sector 1,351.86394038715304,0.0,0,0.1,585253.8185661308,6619783.9534336375,5.257424503072686,50.99146406440178,42.92930311988048,41.21213099508526,1.0,0.9569579062639657
82,82,818.2185334234329,0.8182185334234329,Sector 1,351.86394038715304,0.0,1,0.25,585229.005880831,6619740.736530279,5.257201606928238,50.991219701503034,42.92930311988048,41.21213099508526,1.0,0.9569579062639657
82,82,818.2185334234329,0.8182185334234329,Sector 1,351.86394038715304,0.0,2,0.5,585187.6514053313,6619668.708358014,5.256830113354157,50.99081242714601,42.92930311988048,41.21213099508526,1.0,0.9569579062639657
82,82,818.2185334234329,0.8182185334234329,Sector 1,351.86394038715304,0.0,3,0.75,585146.2969298316,6619596.68018575,5.256458619780076,50.99040514921508,42.92930311988048,41.21213099508526,1.0,0.9569579062639657
82,82,818.2185334234329,0.8182185334234329,Sector 1,351.86394038715304,0.0,4,0.9,585121.4842445318,6619553.463282391,5.256235723635627,50.99016078074104,42.92930311988048,41.21213099508526,1.0,0.9569579062639657
83,83,828.218533423209,0.8282185334232091,Sector 1,349.2333234781992,0.0,0,0.1,585258.8425348488,6619792.482338511,5.257469634151549,50.99151228954487,43.12142579039832,41.39656875878239,1.0,0.9598980077377022
83,83,828.218533423209,0.8282185334232091,Sector 1,349.2333234781992,0.0,1,0.25,585234.5932329117,6619748.735792714,5.257251798965956,50.99126493211879,43.12142579039832,41.39656875878239,1.0,0.9598980077377022
83,83,828.218533423209,0.8282185334232091,Sector 1,349.2333234781992,0.0,2,0.5,585194.1777296831,6619675.824883053,5.2568887403233004,50.990852666812366,43.12142579039832,41.39656875878239,1.0,0.9598980077377022
83,83,828.218533423209,0.8282185334232091,Sector 1,349.2333234781992,0.0,3,0.75,585153.7622264546,6619602.913973391,5.256525681680644,50.990440397843884,43.12142579039832,41.39656875878239,1.0,0.9598980077377022
83,83,828.218533423209,0.8282185334232091,Sector 1,349.2333234781992,0.0,4,0.9,585129.5129245174,6619559.167427594,5.256307846495051,50.990193034705015,43.12142579039832,41.39656875878239,1.0,0.9598980077377022
84,84,838.1977618131682,0.8381977618131682,Sector 1,344.0481206987083,0.0,0,0.1,585263.8560679748,6619800.993527477,5.257514671485895,50.99156041446663,43.48774100457508,41.748231364392076,1.0,0.9655038214511504
84,84,838.1977618131682,0.8381977618131682,Sector 1,344.0481206987083,0.0,1,0.25,585240.1689791625,6619756.718439394,5.25730188674673,50.99131006873933,43.48774100457508,41.748231364392076,1.0,0.9655038214511504
84,84,838.1977618131682,0.8381977618131682,Sector 1,344.0481206987083,0.0,2,0.5,585200.6904978085,6619682.926625922,5.25694724551479,50.990892822859664,43.48774100457508,41.748231364392076,1.0,0.9655038214511504
84,84,838.1977618131682,0.8381977618131682,Sector 1,344.0481206987083,0.0,3,0.75,585161.2120164545,6619609.134812451,5.256592604282848,50.99047557322893,43.48774100457508,41.748231364392076,1.0,0.9655038214511504
84,84,838.1977618131682,0.8381977618131682,Sector 1,344.0481206987083,0.0,4,0.9,585137.5249276422,6619564.859724368,5.256379819543684,50.99022522164997,43.48774100457508,41.748231364392076,1.0,0.9655038214511504
85,85,848.1977618126662,0.8481977618126662,Sector 1,344.048120704818,70.35820853950567,0,0.1,585268.8800366926,6619809.52243235,5.257559802564756,50.9916086395096,36.96457985353092,35.485996659389684,1.0,0.8656782482280008
85,85,848.1977618126662,0.8481977618126662,Sector 1,344.048120704818,70.35820853950567,1,0.25,585245.7563312429,6619764.717701828,5.2573520787844465,50.99135529926701,36.96457985353092,35.485996659389684,1.0,0.8656782482280008
85,85,848.1977618126662,0.8481977618126662,Sector 1,344.048120704818,70.35820853950567,2,0.5,585207.2168221601,6619690.04315096,5.257005872483931,50.9909330624563,36.96457985353092,35.485996659389684,1.0,0.8656782482280008
85,85,848.1977618126662,0.8481977618126662,Sector 1,344.048120704818,70.35820853950567,3,0.75,585168.6773130773,6619615.368600091,5.256659666183415,50.99051082180424,36.96457985353092,35.485996659389684,1.0,0.8656782482280008
85,85,848.1977618126662,0.8481977618126662,Sector 1,344.048120704818,70.35820853950567,4,0.9,585145.5536076275,6619570.563869569,5.256451942403106,50.99025747556916,36.96457985353092,35.485996659389684,1.0,0.8656782482280008
86,86,858.1977618130276,0.8581977618130275,Sector 1,344.0481207013973,0.0,0,0.1,585273.8890408741,6619818.074060333,5.2576047992149,50.9916569929857,43.48774100438977,41.74823136421418,1.0,0.9655038214483145
86,86,858.1977618130276,0.8581977618130275,Sector 1,344.0481207013973,0.0,1,0.25,585251.3062719819,6619772.773772039,5.257401934750364,50.991400850960474,43.48774100438977,41.74823136421418,1.0,0.9655038214483145
86,86,858.1977618130276,0.8581977618130275,Sector 1,344.0481207013973,0.0,2,0.5,585213.6683238284,6619697.27329155,5.257063827309473,50.99097394444368,43.48774100438977,41.74823136421418,1.0,0.9655038214483145
86,86,858.1977618130276,0.8581977618130275,Sector 1,344.0481207013973,0.0,3,0.75,585176.0303756748,6619621.77281106,5.25672571986858,50.99054703400009,43.48774100438977,41.74823136421418,1.0,0.9655038214483145
86,86,858.1977618130276,0.8581977618130275,Sector 1,344.0481207013973,0.0,4,0.9,585153.4476067827,6619576.472522766,5.256522855404044,50.99029088584908,43.48774100438977,41.74823136421418,1.0,0.9655038214483145
87,87,868.1977618125255,0.8681977618125255,Sector 1,344.0481206994324,0.0,0,0.1,585278.8940055462,6619826.629699142,5.2576497595775145,50.99170536908981,43.48774100452518,41.74823136434417,1.0,0.9655038214503868
87,87,868.1977618125255,0.8681977618125255,Sector 1,344.0481206994324,0.0,1,0.25,585256.849665331,6619780.8380150385,5.257451731900078,50.99144644882082,43.48774100452518,41.74823136434417,1.0,0.9655038214503868
87,87,868.1977618125255,0.8681977618125255,Sector 1,344.0481206994324,0.0,2,0.5,585220.1090983055,6619704.518541534,5.257121685771016,50.991014911829254,43.48774100452518,41.74823136434417,1.0,0.9655038214503868
87,87,868.1977618125255,0.8681977618125255,Sector 1,344.0481206994324,0.0,3,0.75,585183.3685312798,6619628.19906803,5.2567916396419525,50.990583370825235,43.48774100452518,41.74823136434417,1.0,0.9655038214503868
87,87,868.1977618125255,0.8681977618125255,Sector 1,344.0481206994324,0.0,4,0.9,585161.3241910646,6619582.407383927,5.256593611964515,50.99032444429683,43.48774100452518,41.74823136434417,1.0,0.9655038214503868
88,88,878.1977618129189,0.8781977618129189,Sector 1,344.0481207014904,0.0,0,0.1,585283.8790799476,6619835.2012588205,5.257694541262787,50.99175383516462,43.48774100438335,41.74823136420802,1.0,0.9655038214482163
88,88,878.1977618129189,0.8781977618129189,Sector 1,344.0481207014904,0.0,1,0.25,585262.3653528988,6619788.93056303,5.257501280164525,50.99149220668178,43.48774100438335,41.74823136420802,1.0,0.9655038214482163
88,88,878.1977618129189,0.8781977618129189,Sector 1,344.0481207014904,0.0,2,0.5,585226.5091411507,6619711.812736712,5.257179178334085,50.99105615593293,43.48774100438335,41.74823136420802,1.0,0.9655038214482163
88,88,878.1977618129189,0.8781977618129189,Sector 1,344.0481207014904,0.0,3,0.75,585190.6529294027,6619634.694910395,5.256857076503645,50.99062010108725,43.48774100438335,41.74823136420802,1.0,0.9655038214482163
88,88,878.1977618129189,0.8781977618129189,Sector 1,344.0481207014904,0.0,4,0.9,585169.1392023539,6619588.424214604,5.256663815405383,50.99035846621336,43.48774100438335,41.74823136420802,1.0,0.9655038214482163
89,89,888.1977618133122,0.8881977618133122,Sector 1,344.0481207021681,0.0,0,0.1,585288.8241103063,6619843.826918787,5.257738963226305,50.99180260708702,43.48774100433665,41.74823136416318,1.0,0.9655038214475016
89,89,888.1977618133122,0.8881977618133122,Sector 1,344.0481207021681,0.0,1,0.25,585267.78093036,6619797.158361742,5.257549929124581,50.99153872924743,43.48774100433665,41.74823136416318,1.0,0.9655038214475016
89,89,888.1977618133122,0.8881977618133122,Sector 1,344.0481207021681,0.0,2,0.5,585232.7089637828,6619719.377433334,5.257234872288377,50.99109892951408,43.48774100433665,41.74823136416318,1.0,0.9655038214475016
89,89,888.1977618133122,0.8881977618133122,Sector 1,344.0481207021681,0.0,3,0.75,585197.6369972054,6619641.596504925,5.2569198154521715,50.990659125613135,43.48774100433665,41.74823136416318,1.0,0.9655038214475016
89,89,888.1977618133122,0.8881977618133122,Sector 1,344.0481207021681,0.0,4,0.9,585176.5938172591,6619594.92794788,5.2567307813504485,50.99039524127213,43.48774100433665,41.74823136416318,1.0,0.9655038214475016
90,90,898.1977618128102,0.8981977618128102,Sector 1,342.49763695833263,4.948941134332292,0,0.1,585293.6263902953,6619852.59223336,5.257782102841431,50.99185216860356,43.431216909948766,41.69396823355081,1.0,0.9646388190364719
90,90,898.1977618128102,0.8981977618128102,Sector 1,342.49763695833263,4.948941134332292,1,0.25,585272.8396318975,6619805.735296967,5.257595372213671,50.99158722589126,43.431216909948766,41.69396823355081,1.0,0.9646388190364719
90,90,898.1977618128102,0.8981977618128102,Sector 1,342.49763695833263,4.948941134332292,2,0.5,585238.1950345677,6619727.64040298,5.257284154500736,50.991145651343075,43.431216909948766,41.69396823355081,1.0,0.9646388190364719
90,90,898.1977618128102,0.8981977618128102,Sector 1,342.49763695833263,4.948941134332292,3,0.75,585203.550437238,6619649.545508993,5.2569729367878,50.990704072593594,43.431216909948766,41.69396823355081,1.0,0.9646388190364719
90,90,898.1977618128102,0.8981977618128102,Sector 1,342.49763695833263,4.948941134332292,4,0.9,585182.7636788401,6619602.6885726005,5.25678620616004,50.99043912332728,43.431216909948766,41.69396823355081,1.0,0.9646388190364719
91,91,908.1800135741038,0.9081800135741038,Sector 1,334.9866102460745,0.0,0,0.1,585297.9781784393,6619861.528777353,5.257821195619462,50.99190269824419,44.08078593578372,42.31755449835237,1.0,0.9745793369618334
91,91,908.1800135741038,0.9081800135741038,Sector 1,334.9866102460745,0.0,1,0.25,585276.7912519656,6619814.760445963,5.257630870220713,50.99163825681962,44.08078593578372,42.31755449835237,1.0,0.9745793369618334
91,91,908.1800135741038,0.9081800135741038,Sector 1,334.9866102460745,0.0,2,0.5,585241.4797078428,6619736.813226979,5.2573136612228,50.99119751776367,44.08078593578372,42.31755449835237,1.0,0.9745793369618334
91,91,908.1800135741038,0.9081800135741038,Sector 1,334.9866102460745,0.0,3,0.75,585206.16816372,6619658.866007995,5.256996452224886,50.99075677452231,44.08078593578372,42.31755449835237,1.0,0.9745793369618334
91,91,908.1800135741038,0.9081800135741038,Sector 1,334.9866102460745,0.0,4,0.9,585184.9812372463,6619612.097676604,5.256806126826137,50.990492326568486,44.08078593578372,42.31755449835237,1.0,0.9745793369618334
92,92,918.180013574021,0.918180013574021,Sector 1,334.9866102423832,0.0,0,0.1,585301.7910864578,6619870.488667011,5.257855447554961,50.99195335983231,44.080785936011495,42.317554498571035,1.0,0.9745793369653191
92,92,918.180013574021,0.918180013574021,Sector 1,334.9866102423832,0.0,1,0.25,585279.4453756916,6619823.78817871,5.257654712619804,50.99168930230117,44.080785936011495,42.317554498571035,1.0,0.9745793369653191
92,92,918.180013574021,0.918180013574021,Sector 1,334.9866102423832,0.0,2,0.5,585242.2025244149,6619745.954031542,5.2573201543945425,50.9912492030773,44.080785936011495,42.317554498571035,1.0,0.9745793369653191
92,92,918.180013574021,0.918180013574021,Sector 1,334.9866102423832,0.0,3,0.75,585204.9596731381,6619668.119884373,5.256985596169281,50.990809099680156,44.080785936011495,42.317554498571035,1.0,0.9745793369653191
92,92,918.180013574021,0.918180013574021,Sector 1,334.9866102423832,0.0,4,0.9,585182.613962372,6619621.419396072,5.256784861234124,50.99054503563868,44.080785936011495,42.317554498571035,1.0,0.9745793369653191
93,93,928.1800135739384,0.9281800135739382,Sector 1,334.9866102386828,-3.354048403093199,0,0.1,585305.5077735708,6619879.41982118,5.25788883512336,50.99200385888733,44.00527867896884,42.245067531810086,1.0,0.9734238304490368
93,93,928.1800135739384,0.9281800135739382,Sector 1,334.9866102386828,-3.354048403093199,1,0.25,585281.8589471544,6619832.744072735,5.257676394101146,50.99173994152977,44.00527867896884,42.245067531810086,1.0,0.9734238304490368
93,93,928.1800135739384,0.9281800135739382,Sector 1,334.9866102386828,-3.354048403093199,2,0.5,585242.4442364601,6619754.951158661,5.257322325730788,50.99130007593209,44.00527867896884,42.245067531810086,1.0,0.9734238304490368
93,93,928.1800135739384,0.9281800135739382,Sector 1,334.9866102386828,-3.354048403093199,3,0.75,585203.0295257659,6619677.1582445875,5.25696825736043,50.990860206165536,44.00527867896884,42.245067531810086,1.0,0.9734238304490368
93,93,928.1800135739384,0.9281800135739382,Sector 1,334.9866102386828,-3.354048403093199,4,0.9,585179.3806993495,6619630.482496142,5.2567558163382175,50.99059628230456,44.00527867896884,42.245067531810086,1.0,0.9734238304490368
94,94,938.1800135738556,0.9381800135738556,Sector 1,334.9866102472362,0.0,0,0.1,585309.2258527644,6619888.351598107,5.257922235197031,50.99205436140863,44.08078593571205,42.31755449828357,1.0,0.9745793369607365
94,94,938.1800135738556,0.9381800135738556,Sector 1,334.9866102472362,0.0,1,0.25,585284.2759988183,6619841.701523655,5.257698106845669,50.99179058950624,44.08078593571205,42.31755449828357,1.0,0.9745793369607365
94,94,938.1800135738556,0.9381800135738556,Sector 1,334.9866102472362,0.0,2,0.5,585242.6929089082,6619763.9513995685,5.257324559593397,50.9913509663375,44.08078593571205,42.31755449828357,1.0,0.9745793369607365
94,94,938.1800135738556,0.9381800135738556,Sector 1,334.9866102472362,0.0,3,0.75,585201.1098189981,6619686.201275482,5.256951012341126,50.99091133900449,44.08078593571205,42.31755449828357,1.0,0.9745793369607365
94,94,938.1800135738556,0.9381800135738556,Sector 1,334.9866102472362,0.0,4,0.9,585176.159965052,6619639.55120103,5.256726883989763,50.99064756060582,44.08078593571205,42.31755449828357,1.0,0.9745793369607365
95,95,948.1800135737728,0.9481800135737728,Sector 1,334.9866102435173,21.849600260735485,0,0.1,585313.2482165014,6619897.340698193,5.257958368705264,50.99210518799405,40.914198173546836,39.277630246604964,1.0,0.9261202492270304
95,95,948.1800135737728,0.9481800135737728,Sector 1,334.9866102435173,21.849600260735485,1,0.25,585287.4537618412,6619850.802282471,5.257726653176595,50.991842047729726,40.914198173546836,39.277630246604964,1.0,0.9261202492270304
95,95,948.1800135737728,0.9481800135737728,Sector 1,334.9866102435173,21.849600260735485,2,0.5,585244.4630040738,6619773.23825627,5.257340460628813,50.991403477307045,40.914198173546836,39.277630246604964,1.0,0.9261202492270304
95,95,948.1800135737728,0.9481800135737728,Sector 1,334.9866102435173,21.849600260735485,3,0.75,585201.4722463066,6619695.674230069,5.256954268081031,50.99096490274,40.914198173546836,39.277630246604964,1.0,0.9261202492270304
95,95,948.1800135737728,0.9481800135737728,Sector 1,334.9866102435173,21.849600260735485,4,0.9,585175.6777916462,6619649.135814347,5.256722552552362,50.990701756010466,40.914198173546836,39.277630246604964,1.0,0.9261202492270304
96,96,958.18001357369,0.95818001357369,Sector 1,325.21493891544435,0.0,0,0.1,585317.793445245,6619906.261181414,5.257999199189766,50.9921556265478,44.63868433766875,42.853136964162,1.0,0.9831169963081057
96,96,958.18001357369,0.95818001357369,Sector 1,325.21493891544435,0.0,1,0.25,585291.9386873799,6619859.731499129,5.257766941948192,50.991892535950655,44.63868433766875,42.853136964162,1.0,0.9831169963081057
96,96,958.18001357369,0.95818001357369,Sector 1,325.21493891544435,0.0,2,0.5,585248.8474242714,6619782.182028653,5.257379846545568,50.99145404830783,44.63868433766875,42.853136964162,1.0,0.9831169963081057
96,96,958.18001357369,0.95818001357369,Sector 1,325.21493891544435,0.0,3,0.75,585205.7561611629,6619704.632558177,5.256992751142944,50.9910155565222,44.63868433766875,42.853136964162,1.0,0.9831169963081057
96,96,958.18001357369,0.95818001357369,Sector 1,325.21493891544435,0.0,4,0.9,585179.9014032978,6619658.102875892,5.2567604939013695,50.990752459462286,44.63868433766875,42.853136964162,1.0,0.9831169963081057
97,97,968.1298666026448,0.9681298666026448,Sector 1,321.84624645864585,0.0,0,0.1,585322.3880895615,6619915.104277033,5.258040473581912,50.992205627479365,44.80846760436795,43.01612890019323,1.0,0.9857152322752232
97,97,968.1298666026448,0.9681298666026448,Sector 1,321.84624645864585,0.0,1,0.25,585296.6297219294,6619868.509768185,5.257809082228533,50.99194217061922,44.80846760436795,43.01612890019323,1.0,0.9857152322752232
97,97,968.1298666026448,0.9681298666026448,Sector 1,321.84624645864585,0.0,2,0.5,585253.6991092092,6619790.852253437,5.257423429972902,50.991503072528836,44.80846760436795,43.01612890019323,1.0,0.9857152322752232
97,97,968.1298666026448,0.9681298666026448,Sector 1,321.84624645864585,0.0,3,0.75,585210.7684964892,6619713.19473869,5.257037777717271,50.99106397028411,44.80846760436795,43.01612890019323,1.0,0.9857152322752232
97,97,968.1298666026448,0.9681298666026448,Sector 1,321.84624645864585,0.0,4,0.9,585185.0101288571,6619666.600229842,5.256806386363892,50.990800506943174,44.80846760436795,43.01612890019323,1.0,0.9857152322752232
98,98,978.1298666022132,0.9781298666022132,Sector 1,321.8462464558198,0.0,0,0.1,585326.9976617943,6619923.994751339,5.258081882073812,50.992255896246796,44.80846760450519,43.01612890032498,1.0,0.9857152322773233
98,98,978.1298666022132,0.9781298666022132,Sector 1,321.8462464558198,0.0,1,0.25,585301.3615276518,6619877.320064467,5.257851588762552,50.99199198632488,44.80846760450519,43.01612890032498,1.0,0.9857152322773233
98,98,978.1298666022132,0.9781298666022132,Sector 1,321.8462464558198,0.0,2,0.5,585258.6346374144,6619799.528919681,5.25746776657712,50.99155213312009,44.80846760450519,43.01612890032498,1.0,0.9857152322773233
98,98,978.1298666022132,0.9781298666022132,Sector 1,321.8462464558198,0.0,3,0.75,585215.9077471769,6619721.737774895,5.257083944391688,50.99111227574663,44.80846760450519,43.01612890032498,1.0,0.9857152322773233
98,98,978.1298666022132,0.9781298666022132,Sector 1,321.8462464558198,0.0,4,0.9,585190.2716130344,6619675.063088023,5.256853651080429,50.99084835932159,44.80846760450519,43.01612890032498,1.0,0.9857152322773233
99,99,988.1298666025136,0.9881298666025138,Sector 1,321.84624645417824,0.0,0,0.1,585331.6072340275,6619932.885225646,5.258123290565715,50.99230616495979,44.80846760458491,43.01612890040151,1.0,0.9857152322785434
99,99,988.1298666025136,0.9881298666025138,Sector 1,321.84624645417824,0.0,1,0.25,585306.0933333746,6619886.1303607505,5.257894095296575,50.99204180197707,44.80846760458491,43.01612890040151,1.0,0.9857152322785434
99,99,988.1298666025136,0.9881298666025138,Sector 1,321.84624645417824,0.0,2,0.5,585263.5701656197,6619808.205585925,5.257512103181342,50.99160119365946,44.80846760458491,43.01612890040151,1.0,0.9857152322785434
99,99,988.1298666025136,0.9881298666025138,Sector 1,321.84624645417824,0.0,3,0.75,585221.046997865,6619730.280811099,5.257130111066108,50.99116058115886,44.80846760458491,43.01612890040151,1.0,0.9857152322785434
99,99,988.1298666025136,0.9881298666025138,Sector 1,321.84624645417824,0.0,4,0.9,585195.533097212,6619683.525946204,5.256900915796967,50.99089621165066,44.80846760458491,43.01612890040151,1.0,0.9857152322785434
100,100,998.129866602082,0.998129866602082,Sector 1,321.8462464600922,0.0,0,0.1,585336.2168062604,6619941.775699952,5.258164699057616,50.99235643361834,44.808467604297704,43.01612890012579,1.0,0.985715232274148
100,100,998.129866602082,0.998129866602082,Sector 1,321.8462464600922,0.0,1,0.25,585310.825139097,6619894.940657033,5.257936601830595,50.99209161757578,44.808467604297704,43.01612890012579,1.0,0.985715232274148
100,100,998.129866602082,0.998129866602082,Sector 1,321.8462464600922,0.0,2,0.5,585268.5056938248,6619816.882252168,5.257556439785559,50.991650254146975,44.808467604297704,43.01612890012579,1.0,0.985715232274148
100,100,998.129866602082,0.998129866602082,Sector 1,321.8462464600922,0.0,3,0.75,585226.1862485526,6619738.823847303,5.257176277740525,50.991208886520816,44.808467604297704,43.01612890012579,1.0,0.985715232274148
100,100,998.129866602082,0.998129866602082,Sector 1,321.8462464600922,0.0,4,0.9,585200.7945813893,6619691.988804384,5.256948180513504,50.990944063930385,44.808467604297704,43.01612890012579,1.0,0.985715232274148
101,101,1008.1298666024544,1.0081298666024543,Sector 1,321.8462464540559,28.238728505164424,0,0.1,585340.8205760185,6619950.668735378,5.258206055424999,50.992406716703535,39.47553562302092,37.89651419810008,1.0,0.9041040349322265
101,101,1008.1298666024544,1.0081298666024543,Sector 1,321.8462464540559,28.238728505164424,1,0.25,585315.5531894588,6619903.752395866,5.2579790746296355,50.992141441277546,39.47553562302092,37.89651419810008,1.0,0.9041040349322265
101,101,1008.1298666024544,1.0081298666024543,Sector 1,321.8462464540559,28.238728505164424,2,0.5,585273.440878526,6619825.558496678,5.25760077330403,50.99169931219803,39.47553562302092,37.89651419810008,1.0,0.9041040349322265
101,101,1008.1298666024544,1.0081298666024543,Sector 1,321.8462464540559,28.238728505164424,3,0.75,585231.3285675931,6619747.364597491,5.257222471978424,50.99125717890658,39.47553562302092,37.89651419810008,1.0,0.9041040349322265
101,101,1008.1298666024544,1.0081298666024543,Sector 1,321.8462464540559,28.238728505164424,4,0.9,585206.0611810334,6619700.448257979,5.25699549118306,50.99099189690997,39.47553562302092,37.89651419810008,1.0,0.9041040349322265
102,102,1018.1298666020228,1.0181298666020226,Sector 1,321.3815601104824,0.0,0,0.1,585344.8403658874,6619959.830235903,5.25824216581178,50.99245851768966,44.83091563109953,43.037679005855544,1.0,0.9860587600655568
102,102,1018.1298666020228,1.0181298666020226,Sector 1,321.3815601104824,0.0,1,0.25,585319.8036494897,6619912.782053338,5.258017257161738,50.99219249708851,44.83091563109953,43.037679005855544,1.0,0.9860587600655568
102,102,1018.1298666020228,1.0181298666020226,Sector 1,321.3815601104824,0.0,2,0.5,585278.0757888267,6619834.368415729,5.257642409411666,50.99174912603139,44.83091563109953,43.037679005855544,1.0,0.9860587600655568
102,102,1018.1298666020228,1.0181298666020226,Sector 1,321.3815601104824,0.0,3,0.75,585236.3479281638,6619755.95477812,5.257267561661595,50.99130575073863,44.83091563109953,43.037679005855544,1.0,0.9860587600655568
102,102,1018.1298666020228,1.0181298666020226,Sector 1,321.3815601104824,0.0,4,0.9,585211.3112117661,6619708.906595555,5.2570426530115535,50.991039723529866,44.83091563109953,43.037679005855544,1.0,0.9860587600655568
103,103,1028.1298311604105,1.0281298311604106,Sector 1,321.33148399360726,0.0,0,0.1,585348.8601415096,6619968.991703959,5.258278276070582,50.99251031843439,44.83332038310066,43.039987567776635,1.0,0.9860955605893233
103,103,1028.1298311604105,1.0281298311604106,Sector 1,321.33148399360726,0.0,1,0.25,585324.0540944564,6619921.811678808,5.258055439558516,50.99224355266234,44.83332038310066,43.039987567776635,1.0,0.9860955605893233
103,103,1028.1298311604105,1.0281298311604106,Sector 1,321.33148399360726,0.0,2,0.5,585282.7106827009,6619843.1783035565,5.25768404537174,50.99179893963473,44.83332038310066,43.039987567776635,1.0,0.9860955605893233
103,103,1028.1298311604105,1.0281298311604106,Sector 1,321.33148399360726,0.0,3,0.75,585241.3672709453,6619764.544928304,5.257312651184964,50.99135432234771,44.83332038310066,43.039987567776635,1.0,0.9860955605893233
103,103,1028.1298311604105,1.0281298311604106,Sector 1,321.33148399360726,0.0,4,0.9,585216.5612238921,6619717.364903153,5.2570898146728995,50.991087549930974,44.83332038310066,43.039987567776635,1.0,0.9860955605893233
104,104,1038.1298311601197,1.0381298311601197,Sector 1,321.33148399621206,-37.918553212295215,0,0.1,585352.7503146385,6619978.205300136,5.258313222090377,50.99256241386346,38.1083223255293,36.583989432508126,1.0,0.8831812264992986
104,104,1038.1298311601197,1.0381298311601197,Sector 1,321.33148399621206,-37.918553212295215,1,0.25,585328.1965405372,6619930.884749323,5.258092651784797,50.99229485382785,38.1083223255293,36.583989432508126,1.0,0.8831812264992986
104,104,1038.1298311601197,1.0381298311601197,Sector 1,321.33148399621206,-37.918553212295215,2,0.5,585287.2735837017,6619852.0171646355,5.25772503460883,50.99184891700732,38.1083223255293,36.583989432508126,1.0,0.8831812264992986
104,104,1038.1298311601197,1.0381298311601197,Sector 1,321.33148399621206,-37.918553212295215,3,0.75,585246.3506268662,6619773.149579948,5.257357417432863,50.99140297590197,38.1083223255293,36.583989432508126,1.0,0.8831812264992986
104,104,1038.1298311601197,1.0381298311601197,Sector 1,321.33148399621206,-37.918553212295215,4,0.9,585221.7968527649,6619725.829029135,5.257136847127284,50.99113540918204,38.1083223255293,36.583989432508126,1.0,0.8831812264992986
105,105,1048.1298311606283,1.0481298311606284,Sector 1,321.33148398388835,0.0,0,0.1,585356.4260071423,6619987.497370835,5.258346241397936,50.99261495294322,44.83332038356711,43.039987568224426,1.0,0.9860955605964616
105,105,1048.1298311606283,1.0481298311606284,Sector 1,321.33148398388835,0.0,1,0.25,585332.1602527639,6619940.023215274,5.258128258417549,50.992346524696444,44.83332038356711,43.039987568224426,1.0,0.9860955605964616
105,105,1048.1298311606283,1.0481298311606284,Sector 1,321.33148398388835,0.0,2,0.5,585291.7173287999,6619860.899622672,5.257764953450234,50.991899140834995,44.83332038356711,43.039987568224426,1.0,0.9860955605964616
105,105,1048.1298311606283,1.0481298311606284,Sector 1,321.33148398388835,0.0,3,0.75,585251.274404836,6619781.77603007,5.257401648482922,50.991451752660865,44.83332038356711,43.039987568224426,1.0,0.9860955605964616
105,105,1048.1298311606283,1.0481298311606284,Sector 1,321.33148398388835,0.0,4,0.9,585227.0086504576,6619734.301874509,5.257183665502534,50.991183317686286,44.83332038356711,43.039987568224426,1.0,0.9860955605964616
106,106,1058.12983116041,1.0581298311604102,Sector 1,321.33148399410004,0.0,0,0.1,585359.4292826566,6619997.014104526,5.258373220280906,50.99266876224727,44.83332038307701,43.039987567753926,1.0,0.9860955605889614
106,106,1058.12983116041,1.0581298311604102,Sector 1,321.33148399410004,0.0,1,0.25,585335.5636174993,6619949.348900384,5.258158831363141,50.99239925408345,44.83332038307701,43.039987567753926,1.0,0.9860955605889614
106,106,1058.12983116041,1.0581298311604102,Sector 1,321.33148399410004,0.0,2,0.5,585295.7875089038,6619869.9068934815,5.2578015165002,50.99195007033244,44.83332038307701,43.039987567753926,1.0,0.9860955605889614
106,106,1058.12983116041,1.0581298311604102,Sector 1,321.33148399410004,0.0,3,0.75,585256.0114003083,6619790.464886579,5.2574442016372585,50.991500882233964,44.83332038307701,43.039987567753926,1.0,0.9860955605889614
106,106,1058.12983116041,1.0581298311604102,Sector 1,321.33148399410004,0.0,4,0.9,585232.145735151,6619742.799682437,5.257229812719493,50.9912313672881,44.83332038307701,43.039987567753926,1.0,0.9860955605889614
107,107,1068.1298311601918,1.0681298311601917,Sector 1,321.33148399143033,9.45924571581762,0,0.1,585362.4325581711,6620006.530838216,5.2584001991638765,50.99272257148893,44.22371050867573,42.4547620883287,1.0,0.9767665475927305
107,107,1068.1298311601918,1.0681298311601917,Sector 1,321.33148399143033,9.45924571581762,1,0.25,585338.9669822349,6619958.674585494,5.258189404308735,50.99245198341055,44.22371050867573,42.4547620883287,1.0,0.9767665475927305
107,107,1068.1298311601918,1.0681298311601917,Sector 1,321.33148399143033,9.45924571581762,2,0.5,585299.8576890078,6619878.91416429,5.257838079550165,50.99200099977399,44.22371050867573,42.4547620883287,1.0,0.9767665475927305
107,107,1068.1298311601918,1.0681298311601917,Sector 1,321.33148399143033,9.45924571581762,3,0.75,585260.7483957807,6619799.153743086,5.257486754791595,50.99155001175506,44.22371050867573,42.4547620883287,1.0,0.9767665475927305
107,107,1068.1298311601918,1.0681298311601917,Sector 1,321.33148399143033,9.45924571581762,4,0.9,585237.2828198444,6619751.297490364,5.257275959936453,50.99127941684016,44.22371050867573,42.4547620883287,1.0,0.9767665475927305
108,108,1078.1298311607006,1.0781298311607006,Sector 1,321.3314839859128,0.0,0,0.1,585364.8564142827,6620016.18953762,5.258421973033792,50.992777183365256,44.833320383469946,43.039987568131146,1.0,0.9860955605949746
108,108,1078.1298311607006,1.0781298311607006,Sector 1,321.3314839859128,0.0,1,0.25,585341.886972303,6619968.118914131,5.258215635025811,50.99250538351131,44.833320383469946,43.039987568131146,1.0,0.9860955605949746
108,108,1078.1298311607006,1.0781298311607006,Sector 1,321.3314839859128,0.0,2,0.5,585303.6045690037,6619888.001208315,5.2578717383458455,50.99205238021733,44.833320383469946,43.039987568131146,1.0,0.9860955605949746
108,108,1078.1298311607006,1.0781298311607006,Sector 1,321.3314839859128,0.0,3,0.75,585265.3221657042,6619807.883502498,5.257527841665878,50.991599372501646,44.833320383469946,43.039987568131146,1.0,0.9860955605949746
108,108,1078.1298311607006,1.0781298311607006,Sector 1,321.3314839859128,0.0,4,0.9,585242.3527237246,6619759.812879009,5.257321503657898,50.99132756574979,44.833320383469946,43.039987568131146,1.0,0.9860955605949746
109,109,1088.1298311604824,1.0881298311604823,Sector 1,321.33148399088367,-12.64178728324768,0,0.1,585367.2210310741,6620025.862857613,5.25844321474784,50.99283187784438,43.7464443516518,41.99658657758573,1.0,0.9694628237383387
109,109,1088.1298311604824,1.0881298311604823,Sector 1,321.33148399088367,-12.64178728324768,1,0.25,585344.7571006166,6619977.57574632,5.258241417827127,50.992558854248045,43.7464443516518,41.99658657758573,1.0,0.9694628237383387
109,109,1088.1298311604824,1.0881298311604823,Sector 1,321.33148399088367,-12.64178728324768,2,0.5,585307.3172165207,6619897.097227499,5.257905089625936,50.99210381135153,43.7464443516518,41.99658657758573,1.0,0.9694628237383387
109,109,1088.1298311604824,1.0881298311604823,Sector 1,321.33148399088367,-12.64178728324768,3,0.75,585269.8773324249,6619816.618708677,5.257568761424747,50.99164876399336,43.7464443516518,41.99658657758573,1.0,0.9694628237383387
109,109,1088.1298311604824,1.0881298311604823,Sector 1,321.33148399088367,-12.64178728324768,4,0.9,585247.4134019674,6619768.331597384,5.257366964504033,50.991375733436875,43.7464443516518,41.99658657758573,1.0,0.9694628237383387
110,110,1098.129831160191,1.0981298311601912,Sector 1,324.31705083938306,0.0,0,0.1,585369.0718119193,6620035.61685758,5.258459840595049,50.992887028435554,44.68513262776376,42.8977273226532,1.0,0.9838278061557555
110,110,1098.129831160191,1.0981298311601912,Sector 1,324.31705083938306,0.0,1,0.25,585347.1990323083,6619987.099811821,5.25826335407274,50.99261270507253,44.68513262776376,42.8977273226532,1.0,0.9838278061557555
110,110,1098.129831160191,1.0981298311601912,Sector 1,324.31705083938306,0.0,2,0.5,585310.7443996234,6619906.23806889,5.257935876535562,50.99215549586412,44.68513262776376,42.8977273226532,1.0,0.9838278061557555
110,110,1098.129831160191,1.0981298311601912,Sector 1,324.31705083938306,0.0,3,0.75,585274.2897669384,6619825.376325959,5.257608398998384,50.99169828215147,44.68513262776376,42.8977273226532,1.0,0.9838278061557555
110,110,1098.129831160191,1.0981298311601912,Sector 1,324.31705083938306,0.0,4,0.9,585252.4169873274,6619776.859280201,5.257411912476076,50.991423951761846,44.68513262776376,42.8977273226532,1.0,0.9838278061557555
111,111,1108.116381151046,1.108116381151046,Sector 1,327.2755264419402,0.0,0,0.1,585370.5543853658,6620045.427241367,5.258473158778917,50.99294249776327,44.52889351168163,42.74773777121436,1.0,0.9814368397268056
111,111,1108.116381151046,1.108116381151046,Sector 1,327.2755264419402,0.0,1,0.25,585349.2894152207,6619996.69594948,5.2582821323019395,50.9926669633431,36.40375377515514,34.94760362414893,0.8175310658820895,0.8023551056778047
111,111,1108.116381151046,1.108116381151046,Sector 1,327.2755264419402,0.0,2,0.5,585313.8477983121,6619915.477129668,5.25796375484031,50.99220773567421,44.52889351168163,42.74773777121436,1.0,0.9814368397268056
111,111,1108.116381151046,1.108116381151046,Sector 1,327.2755264419402,0.0,3,0.75,585278.4061814036,6619834.258309855,5.257645377378681,50.991748503461224,44.52889351168163,42.74773777121436,1.0,0.9814368397268056
111,111,1108.116381151046,1.108116381151046,Sector 1,327.2755264419402,0.0,4,0.9,585257.1412112585,6619785.527017968,5.257454350901705,50.99147296195226,44.52889351168163,42.74773777121436,1.0,0.9814368397268056
112,112,1118.116381150846,1.118116381150846,Sector 1,327.2755264334405,0.0,0,0.1,585372.0352039273,6620055.253163338,5.258486461198385,50.99299805487966,44.52889351214355,42.7477377716578,1.0,0.9814368397338744
112,112,1118.116381150846,1.118116381150846,Sector 1,327.2755264334405,0.0,1,0.25,585351.3732344033,6620006.31082493,5.25830085156815,50.992721327496845,35.23780902156928,33.828296660706506,0.7913470612504556,0.7766571589263359
112,112,1118.116381150846,1.118116381150846,Sector 1,327.2755264334405,0.0,2,0.5,585316.9366185298,6619924.740260916,5.257991502184425,50.99226011152534,44.52889351214355,42.7477377716578,1.0,0.9814368397338744
112,112,1118.116381150846,1.118116381150846,Sector 1,327.2755264334405,0.0,3,0.75,585282.5000026564,6619843.169696901,5.2576821528007,50.99179889097029,44.52889351214355,42.7477377716578,1.0,0.9814368397338744
112,112,1118.116381150846,1.118116381150846,Sector 1,327.2755264334405,0.0,4,0.9,585261.8380331324,6619794.227358493,5.2574965431704666,50.99152215643715,44.52889351214355,42.7477377716578,1.0,0.9814368397338744
113,113,1128.1163811507088,1.128116381150709,Sector 1,327.27552643666405,0.0,0,0.1,585372.9820925752,6620065.117266489,5.258494967243832,50.99305382781081,44.52889351196836,42.747737771489625,1.0,0.9814368397311937
113,113,1128.1163811507088,1.128116381150709,Sector 1,327.27552643666405,0.0,1,0.25,585353.0121119912,6620015.95751803,5.25831557385601,50.99277587148905,35.51910380830499,34.09833965597279,0.7976641907519721,0.7828570225383555
113,113,1128.1163811507088,1.128116381150709,Sector 1,327.27552643666405,0.0,2,0.5,585319.7288110179,6619934.02460393,5.258016584876308,50.99231260725331,44.52889351196836,42.747737771489625,1.0,0.9814368397311937
113,113,1128.1163811507088,1.128116381150709,Sector 1,327.27552643666405,0.0,3,0.75,585286.4455100446,6619852.091689831,5.2577175958966045,50.99184933839322,44.52889351196836,42.747737771489625,1.0,0.9814368397311937
113,113,1128.1163811507088,1.128116381150709,Sector 1,327.27552643666405,0.0,4,0.9,585266.4755294606,6619802.931941371,5.2575382025087825,50.99157137485748,44.52889351196836,42.747737771489625,1.0,0.9814368397311937
114,114,1138.1163811505087,1.1381163811505086,Sector 1,327.2755264459933,9.202361211247323,0,0.1,585373.807269547,6620074.990073207,5.258502379934691,50.99310964988596,43.95579219724039,42.19756050935077,1.0,0.9726665263918546
114,114,1138.1163811505087,1.1381163811505086,Sector 1,327.2755264459933,9.202361211247323,1,0.25,585354.5495631824,6620025.611464102,5.258329385015046,50.992830456426574,35.26526657709077,33.85465591400714,0.8022894097516635,0.7803600533441218
114,114,1138.1163811505087,1.1381163811505086,Sector 1,327.2755264459933,9.202361211247323,2,0.5,585322.4533859079,6619943.31378226,5.258041060148972,50.992365130261796,33.67853756023989,32.33139605783029,0.7661911178648778,0.7452484531659227
114,114,1138.1163811505087,1.1381163811505086,Sector 1,327.2755264459933,9.202361211247323,3,0.75,585290.3572086336,6619861.016100419,5.257752735282898,50.991899799431415,43.95579219724039,42.19756050935077,1.0,0.9726665263918546
114,114,1138.1163811505087,1.1381163811505086,Sector 1,327.2755264459933,9.202361211247323,4,0.9,585271.099502269,6619811.637491314,5.257579740363254,50.99162059869367,43.95579219724039,42.19756050935077,1.0,0.9726665263918546
115,115,1148.116381151155,1.1481163811511552,Sector 1,327.4040576575998,0.0,0,0.1,585374.6324465189,6620084.862879927,5.25850979262555,50.99316547189396,44.52190005601354,42.741024053772996,1.0,0.9813298171184854
115,115,1148.116381151155,1.1481163811511552,Sector 1,327.4040576575998,0.0,1,0.25,585356.0870143736,6620035.265410176,5.258343196174083,50.99288504129991,35.92537245499354,34.4883575567938,0.8069146287511404,0.7918493850625872
115,115,1148.116381151155,1.1481163811511552,Sector 1,327.4040576575998,0.0,2,0.5,585325.1779607984,6619952.602960591,5.258065535421641,50.99241765321085,33.00140609858192,31.68134985463864,0.7412398405517834,0.727400757169617
115,115,1148.116381151155,1.1481163811511552,Sector 1,327.4040576575998,0.0,3,0.75,585294.2689072231,6619869.940511007,5.257787874669197,50.99195026041473,44.52190005601354,42.741024053772996,1.0,0.9813298171184854
115,115,1148.116381151155,1.1481163811511552,Sector 1,327.4040576575998,0.0,4,0.9,585275.7234750779,6619820.343041255,5.257621278217731,50.991669822477654,44.52190005601354,42.741024053772996,1.0,0.9813298171184854
116,116,1158.115825952682,1.1581158259526825,Sector 1,330.2396100002118,0.0,0,0.1,585375.4344525889,6620094.735916028,5.258516997168656,50.99322129513176,44.36339757054067,42.588861667719044,1.0,0.9789042137793604
116,116,1158.115825952682,1.1581158259526825,Sector 1,330.2396100002118,0.0,1,0.25,585357.6051092991,6620044.919468196,5.258356833452826,50.992939626742,35.98775468966812,34.548244502081396,0.8112037549073032,0.7940907739123987
116,116,1158.115825952682,1.1581158259526825,Sector 1,330.2396100002118,0.0,2,0.5,585327.8895371495,6619961.892055143,5.258089893926442,50.992470175626764,31.767861940841915,30.497147463208236,0.71608270963307,0.7009763818743543
116,116,1158.115825952682,1.1581158259526825,Sector 1,330.2396100002118,0.0,3,0.75,585298.1739649998,6619878.86464209,5.257822954400059,50.9920007197628,44.36339757054067,42.588861667719044,1.0,0.9789042137793604
116,116,1158.115825952682,1.1581158259526825,Sector 1,330.2396100002118,0.0,4,0.9,585280.34462171,6619829.048194258,5.257662790684228,50.991719043965034,44.36339757054067,42.588861667719044,1.0,0.9789042137793604
117,117,1168.1158259527615,1.1681158259527618,Sector 1,330.2396100085096,0.0,0,0.1,585375.3083135296,6620104.569285833,5.258515864042208,50.99327689402521,44.363397570065224,42.58886166726261,1.0,0.9789042137720845
117,117,1168.1158259527615,1.1681158259527618,Sector 1,330.2396100085096,0.0,1,0.25,585358.3197542129,6620054.557169186,5.258363253217314,50.99299411963503,35.561261937131746,34.138811459646476,0.8015901370260958,0.7846799628529878
117,117,1168.1158259527615,1.1681158259527618,Sector 1,330.2396100085096,0.0,2,0.5,585330.0054886848,6619971.203641441,5.258108901842489,50.99252282515588,30.224759080961014,29.015768717722572,0.6812994661471907,0.6669269182521567
117,117,1168.1158259527615,1.1681158259527618,Sector 1,330.2396100085096,0.0,3,0.75,585301.6912231566,6619887.850113696,5.2578545504676635,50.99205152589064,44.363397570065224,42.58886166726261,1.0,0.9789042137720845
117,117,1168.1158259527615,1.1681158259527618,Sector 1,330.2396100085096,0.0,4,0.9,585284.7026638399,6619837.837997049,5.25770193964277,50.99176874403416,44.363397570065224,42.58886166726261,1.0,0.9789042137720845
118,118,1178.1158259520328,1.1781158259520328,Sector 1,330.0403660043792,0.0,0,0.1,585374.4798188022,6620114.386785136,5.258508421547443,50.99333240311873,44.37479449000918,42.59980271040881,1.0,0.9790786237000382
118,118,1178.1158259520328,1.1781158259520328,Sector 1,330.0403660043792,0.0,1,0.25,585358.3862831824,6620064.216395006,5.258363850857216,50.993048734168234,35.02526306965785,33.62425254687154,0.7893053584179114,0.772792003998874
118,118,1178.1158259520328,1.1781158259520328,Sector 1,330.0403660043792,0.0,2,0.5,585331.5637238162,6619980.599078123,5.258122899706836,50.99257594873094,28.843616418505967,27.689871761765726,0.65,0.6364011054050248
118,118,1178.1158259520328,1.1781158259520328,Sector 1,330.0403660043792,0.0,3,0.75,585304.74116445,6619896.981761241,5.257881948556458,50.992103158477214,44.37479449000918,42.59980271040881,1.0,0.9790786237000382
118,118,1178.1158259520328,1.1781158259520328,Sector 1,330.0403660043792,0.0,4,0.9,585288.6476288302,6619846.811371111,5.25773737786623,50.99181948201308,44.37479449000918,42.59980271040881,1.0,0.9790786237000382
119,119,1188.115734988539,1.1881157349885392,Sector 1,329.7406164190694,23.41085021501407,0,0.1,585373.6513316109,6620124.204195134,5.2585009791203765,50.99338791164093,40.73750236743387,39.10800227273651,1.0,0.9234162289333527
119,119,1188.115734988539,1.1881157349885392,Sector 1,329.7406164190694,23.41085021501407,1,0.25,585358.4528115469,6620073.875532962,5.258364448491681,50.993103348140366,31.878666072103346,30.60351942921921,0.7825385509541596,0.7226087977170603
119,119,1188.115734988539,1.1881157349885392,Sector 1,329.7406164190694,23.41085021501407,2,0.5,585333.1219447735,6619989.9944293415,5.2581368974438565,50.992629071761954,26.479376538832017,25.420201477278734,0.65,0.6002205488066793
119,119,1188.115734988539,1.1881157349885392,Sector 1,329.7406164190694,23.41085021501407,3,0.75,585307.7910780002,6619906.113325721,5.2579093463960325,50.99215479053667,40.73750236743387,39.10800227273651,1.0,0.9234162289333527
119,119,1188.115734988539,1.1881157349885392,Sector 1,329.7406164190694,23.41085021501407,4,0.9,585292.5925579362,6619855.784663549,5.257772815767337,50.99187021947498,40.73750236743387,39.10800227273651,1.0,0.9234162289333527
120,120,1198.1157349888058,1.198115734988806,Sector 1,329.7406164215077,0.0,0,0.1,585372.2042761256,6620133.90884577,5.258487979999783,50.99344278254625,44.391867511696226,42.61619281122837,1.0,0.9793398964383773
120,120,1198.1157349888058,1.198115734988806,Sector 1,329.7406164215077,0.0,1,0.25,585358.0038732184,6620083.440718227,5.258360415610061,50.993157430828916,34.04137708529666,32.67972200188479,0.7668381393580151,0.7509951839838765
120,120,1198.1157349888058,1.198115734988806,Sector 1,329.7406164215077,0.0,2,0.5,585334.3365350398,6619999.327172321,5.258147808293859,50.99268184073435,28.85471388260255,27.700525327298447,0.65,0.6365709326849454
120,120,1198.1157349888058,1.198115734988806,Sector 1,329.7406164215077,0.0,3,0.75,585310.6691968611,6619915.2136264155,5.257935200977655,50.99220624576602,44.391867511696226,42.61619281122837,1.0,0.9793398964383773
120,120,1198.1157349888058,1.198115734988806,Sector 1,329.7406164215077,0.0,4,0.9,585296.468793954,6619864.745498872,5.257807636587934,50.9919208864456,44.391867511696226,42.61619281122837,1.0,0.9793398964383773
121,121,1208.115734988268,1.208115734988268,Sector 1,329.7406164276225,-18.46903508482582,0,0.1,585370.6917680873,6620143.600618669,5.2584743929089015,50.99349758057504,42.105464408355985,40.42124583202175,1.0,0.9443504955750255
121,121,1208.115734988268,1.208115734988268,Sector 1,329.7406164276225,-18.46903508482582,1,0.25,585357.5003910958,6620092.995172043,5.258355892753201,50.99321145277767,31.587227707673343,30.323738599366408,0.7501930723605732,0.7084451996606582
121,121,1208.115734988268,1.208115734988268,Sector 1,329.7406164276225,-18.46903508482582,2,0.5,585335.5147627764,6620008.652761001,5.258158392493699,50.99273456919516,27.368551865431392,26.273809790814134,0.65,0.6138278221237665
121,121,1208.115734988268,1.208115734988268,Sector 1,329.7406164276225,-18.46903508482582,3,0.75,585313.529134457,6619924.310349959,5.257960892234196,50.99225768071231,42.105464408355985,40.42124583202175,1.0,0.9443504955750255
121,121,1208.115734988268,1.208115734988268,Sector 1,329.7406164276225,-18.46903508482582,4,0.9,585300.3377574654,6619873.704903333,5.257842392078494,50.991971545270445,42.105464408355985,40.42124583202175,1.0,0.9443504955750255
122,122,1218.115734988476,1.218115734988476,Sector 1,329.74061642797994,0.0,0,0.1,585368.6575217756,6620153.159812979,5.258456118963366,50.99355162893091,44.39186751132853,42.61619281087538,1.0,0.9793398964327502
122,122,1218.115734988476,1.218115734988476,Sector 1,329.74061642797994,0.0,1,0.25,585356.5621270785,6620102.439143704,5.258347464184128,50.99326484998618,32.230200491292116,30.94099247164043,0.7260384006838003,0.7110383721318726
122,122,1218.115734988476,1.218115734988476,Sector 1,329.74061642797994,0.0,2,0.5,585336.4031359167,6620017.904694911,5.258166372885397,50.992786881140184,28.854713882363544,27.700525327069002,0.65,0.6365709326812878
122,122,1218.115734988476,1.218115734988476,Sector 1,329.74061642797994,0.0,3,0.75,585316.244144755,6619933.370246118,5.2579852815866674,50.992308907371516,44.39186751132853,42.61619281087538,1.0,0.9793398964327502
122,122,1218.115734988476,1.218115734988476,Sector 1,329.74061642797994,0.0,4,0.9,585304.1487500579,6619882.649576843,5.257876626807429,50.99202212074744,44.39186751132853,42.61619281087538,1.0,0.9793398964327502
123,123,1228.1157349887428,1.2281157349887428,Sector 1,334.6383023039815,0.0,0,0.1,585366.6232754637,6620162.719007291,5.258437845017831,50.99360567722384,44.10222407077111,42.33813510794026,1.0,0.9749074101251967
123,123,1228.1157349887428,1.2281157349887428,Sector 1,334.6383023039815,0.0,1,0.25,585355.6238630612,6620111.883115364,5.258339035615055,50.993318247133246,31.240360156612248,29.990745750347756,0.7083624650421405,0.6905878162241332
123,123,1228.1157349887428,1.2281157349887428,Sector 1,334.6383023039815,0.0,2,0.5,585337.2915090572,6620027.156628821,5.258174353277098,50.99283919302625,28.666445646001222,27.519787820161174,0.65,0.6336898165813778
123,123,1228.1157349887428,1.2281157349887428,Sector 1,334.6383023039815,0.0,3,0.75,585318.959155053,6619942.430142278,5.25800967093914,50.9923601339742,31.62918869134947,30.36402114369549,0.7171789939798482,0.6991831156170878
123,123,1228.1157349887428,1.2281157349887428,Sector 1,334.6383023039815,0.0,4,0.9,585307.9597426505,6619891.594250351,5.257910861536365,50.99207269616933,44.10222407077111,42.33813510794026,1.0,0.9749074101251967
124,124,1238.1088823101427,1.2381088823101427,Sector 1,335.5566754768364,0.0,0,0.1,585364.6095146267,6620172.261581813,5.258419755096446,50.99365963148463,44.045467578688424,42.283648875540884,1.0,0.9740388512738822
124,124,1238.1088823101427,1.2381088823101427,Sector 1,335.5566754768364,0.0,1,0.25,585354.7339706839,6620121.295442425,5.2583310415758175,50.9933714652975,30.50507419309525,29.28487122537144,0.6925814588889789,0.6746012486298105
124,124,1238.1088823101427,1.2381088823101427,Sector 1,335.5566754768364,0.0,2,0.5,585338.2747307795,6620036.351876778,5.2581831857081065,50.99289118434262,28.629553926147477,27.484371769101575,0.65,0.6331252533280235
124,124,1238.1088823101427,1.2381088823101427,Sector 1,335.5566754768364,0.0,3,0.75,585321.8154908749,6619951.4083111305,5.258035329840395,50.992410898417305,30.68229095911795,29.45499932075323,0.6966049549662109,0.6785202901269826
124,124,1238.1088823101427,1.2381088823101427,Sector 1,335.5566754768364,0.0,4,0.9,585311.9399469323,6619900.442171742,5.257946616319766,50.99212272447632,44.045467578688424,42.283648875540884,1.0,0.9740388512738822
125,125,1248.1088823103537,1.2481088823103534,Sector 1,335.5566754708357,8.343220450648737,0,0.1,585362.5916805933,6620181.812135308,5.258401628584916,50.9937136307962,43.57931739451913,41.836144698738366,1.0,0.9669052379435834
125,125,1248.1088823103537,1.2481088823103534,Sector 1,335.5566754708357,8.343220450648737,1,0.25,585353.836737363,6620130.7178120455,5.258322981591762,50.99342474018219,29.52757084721313,28.346468013324603,0.6775592784050065,0.6551356153070755
125,125,1248.1088823103537,1.2481088823103534,Sector 1,335.5566754708357,8.343220450648737,2,0.5,585339.2451653124,6620045.560606606,5.258191903269838,50.99294325182914,28.326556306437435,27.193494054179936,0.65,0.6284884046633292
125,125,1248.1088823103537,1.2481088823103534,Sector 1,335.5566754708357,8.343220450648737,3,0.75,585324.6535932618,6619960.403401168,5.258060824947915,50.99246175848066,29.44292814852214,28.26521102258125,0.6756170107479725,0.653257626536001
125,125,1248.1088823103537,1.2481088823103534,Sector 1,335.5566754708357,8.343220450648737,4,0.9,585315.8986500315,6619909.3090779055,5.25798217795476,50.99217286007374,43.57931739451913,41.836144698738366,1.0,0.9669052379435834
126,126,1258.1088823105165,1.2581088823105162,Sector 1,335.5566754777508,0.0,0,0.1,585360.5530113261,6620191.366344215,5.258383314907296,50.993767650712776,44.045467578631545,42.28364887548628,1.0,0.9740388512730118
126,126,1258.1088823105165,1.2581088823105162,Sector 1,335.5566754777508,0.0,1,0.25,585352.902180077,6620140.153819744,5.258314586320823,50.99347809211644,30.589226344629136,29.36565729084397,0.6944920334883528,0.6764622225172532
126,126,1258.1088823105165,1.2581088823105162,Sector 1,335.5566754777508,0.0,2,0.5,585340.1507946618,6620054.799612292,5.258200038676701,50.99299549044103,28.629553926110503,27.484371769066083,0.65,0.6331252533274577
126,126,1258.1088823105165,1.2581088823105162,Sector 1,335.5566754777508,0.0,3,0.75,585327.3994092467,6619969.445404841,5.25808549103258,50.992512883747025,28.753700935755347,27.603552898325134,0.6528186103240523,0.6358706892896839
126,126,1258.1088823105165,1.2581088823105162,Sector 1,335.5566754777508,0.0,4,0.9,585319.7485779976,6619918.232880369,5.258016762446107,50.99222331732168,44.045467578631545,42.28364887548628,1.0,0.9740388512730118
127,127,1268.1088823098312,1.2681088823098312,Sector 1,0.2864828349243566,0.0,0,0.1,585358.2402555882,6620200.837021887,5.258362539069018,50.99382119827803,42.29137860914457,40.59972346477879,1.0,0.9471955872773934
127,127,1268.1088823098312,1.2681088823098312,Sector 1,0.2864828349243566,0.0,1,0.25,585351.7392173987,6620149.520218081,5.2583041392493355,50.993531050413196,29.911211221537343,28.714762772675847,0.7072649841466674,0.6699182720195389
127,127,1268.1088823098312,1.2681088823098312,Sector 1,0.2864828349243566,0.0,2,0.5,585340.9041537496,6620063.992211735,5.25820680621653,50.993047466607266,27.489396095943974,26.389820252106215,0.65,0.6156771317303058
127,127,1268.1088823098312,1.2681088823098312,Sector 1,0.2864828349243566,0.0,3,0.75,585330.0690901005,6619978.46420539,5.258109473183727,50.99256387776228,27.489396095943974,26.389820252106215,0.65,0.6156771317303058
127,127,1268.1088823098312,1.2681088823098312,Sector 1,0.2864828349243566,0.0,4,0.9,585323.568051911,6619927.147401582,5.258051073364044,50.992273722036536,42.29137860914457,40.59972346477879,1.0,0.9471955872773934
128,128,1277.983615253966,1.277983615253966,Sector 1,3.58017903122726,0.0,0,0.1,585355.9564710603,6620210.189063169,5.258342023483547,50.99387407500806,42.03459393755468,40.35321018005249,1.0,0.9432659469630076
128,128,1277.983615253966,1.277983615253966,Sector 1,3.58017903122726,0.0,1,0.25,585350.5908228114,6620158.769286303,5.258293823045235,50.99358334525767,30.259776548089757,29.049385486166166,0.719877931806425,0.6790363390431589
128,128,1277.983615253966,1.277983615253966,Sector 1,3.58017903122726,0.0,2,0.5,585341.6480757298,6620073.069658192,5.258213488981381,50.993098791626245,27.322486059410544,26.22958661703412,0.65,0.6131228655259549
128,128,1277.983615253966,1.277983615253966,Sector 1,3.58017903122726,0.0,3,0.75,585332.7053286484,6619987.370030082,5.258133154917529,50.992614232935544,27.322486059410544,26.22958661703412,0.65,0.6131228655259549
128,128,1277.983615253966,1.277983615253966,Sector 1,3.58017903122726,0.0,4,0.9,585327.3396803995,6619935.950253215,5.258084954479218,50.99232349529265,42.03459393755468,40.35321018005249,1.0,0.9432659469630076
129,129,1287.9836152535756,1.2879836152535755,Sector 1,3.580179030521492,0.0,0,0.1,585353.6437153223,6620219.659740842,5.258321247645268,50.99392762245052,42.03459393761004,40.353210180105634,1.0,0.9432659469638547
129,129,1287.9836152535756,1.2879836152535755,Sector 1,3.580179030521492,0.0,1,0.25,585349.427860133,6620168.13568464,5.258283375973747,50.993636303434315,30.79668234243699,29.56481504873951,0.7326508824647396,0.6910846284420065
129,129,1287.9836152535756,1.2879836152535755,Sector 1,3.580179030521492,0.0,2,0.5,585342.4014348176,6620082.262257636,5.258220256521211,50.993150767676795,27.322486059446526,26.229586617068662,0.65,0.6131228655265055
129,129,1287.9836152535756,1.2879836152535755,Sector 1,3.580179030521492,0.0,3,0.75,585335.3750095023,6619996.388830632,5.258157137068676,50.992665226839435,27.322486059446526,26.229586617068662,0.65,0.6131228655265055
129,129,1287.9836152535756,1.2879836152535755,Sector 1,3.580179030521492,0.0,4,0.9,585331.159154313,6619944.86477443,5.258119265397155,50.9923738998987,42.03459393761004,40.353210180105634,1.0,0.9432659469638547
130,130,1297.9836152541077,1.2979836152541075,Sector 1,3.5801790305310988,1.5884369913912777,0,0.1,585351.330959584,6620229.130418515,5.2583004718069875,50.99398116983119,42.018441288300004,40.337703636768005,1.0,0.9430187589151293
130,130,1297.9836152541077,1.2979836152541075,Sector 1,3.5801790305310988,1.5884369913912777,1,0.25,585348.2648974545,6620177.502082977,5.258272928902257,50.993689261550536,31.3215475669806,30.068685664301373,0.7454238331230544,0.7029486579774612
130,130,1297.9836152541077,1.2979836152541075,Sector 1,3.5801790305310988,1.5884369913912777,2,0.5,585343.1547939054,6620091.45485708,5.258227024061042,50.99320274366913,27.311986837395004,26.219507363899204,0.65,0.6129621932948341
130,130,1297.9836152541077,1.2979836152541075,Sector 1,3.5801790305310988,1.5884369913912777,3,0.75,585338.0446903564,6620005.407631183,5.258181119219826,50.99271622068731,27.311986837395004,26.219507363899204,0.65,0.6129621932948341
130,130,1297.9836152541077,1.2979836152541075,Sector 1,3.5801790305310988,1.5884369913912777,4,0.9,585334.9786282269,6619953.779295646,5.258153576315096,50.992424304450026,42.018441288300004,40.337703636768005,1.0,0.9430187589151293
131,131,1307.983615253717,1.307983615253717,Sector 1,3.580179031438888,0.0,0,0.1,585349.0144091675,6620238.60304925,5.258279661880531,50.9940347281927,42.034593937538084,40.35321018003656,1.0,0.9432659469627536
131,131,1307.983615253717,1.307983615253717,Sector 1,3.580179031438888,0.0,1,0.25,585347.09244808,6620186.87336397,5.258262396610327,50.99374224721306,32.11469316259495,30.830105436091156,0.7640062661320399,0.7206610941085161
131,131,1307.983615253717,1.307983615253717,Sector 1,3.580179031438888,0.0,2,0.5,585343.8891796008,6620100.657221837,5.258233621159987,50.99325477481733,27.322486059399754,26.229586617023763,0.65,0.6131228655257898
131,131,1307.983615253717,1.307983615253717,Sector 1,3.580179031438888,0.0,3,0.75,585340.6859111215,6620014.441079703,5.258204845709646,50.99276729730114,27.322486059399754,26.229586617023763,0.65,0.6131228655257898
131,131,1307.983615253717,1.307983615253717,Sector 1,3.580179031438888,0.0,4,0.9,585338.763950034,6619962.711394423,5.258187580439443,50.992474808333604,42.034593937538084,40.35321018003656,1.0,0.9432659469627536
132,132,1317.983615253327,1.3179836152533266,Sector 1,28.07101138013365,0.0,0,0.1,585346.5491723354,6620248.027499193,5.258257516281279,50.99408801407812,41.17672767979925,39.529658572607275,1.0,0.9301378041889283
132,132,1317.983615253327,1.3179836152533266,Sector 1,28.07101138013365,0.0,1,0.25,585345.7935590222,6620196.205798687,5.258250728491398,50.993795013176815,32.53851885187274,31.236978097797827,0.7902162382815013,0.7350099967095907
132,132,1317.983615253327,1.3179836152533266,Sector 1,28.07101138013365,0.0,2,0.5,585344.5342035003,6620109.836297844,5.258239415508263,50.993306674230354,26.764872991869513,25.69427807219473,0.65,0.6045895727228034
132,132,1317.983615253327,1.3179836152533266,Sector 1,28.07101138013365,0.0,3,0.75,585343.2748479781,6620023.466797001,5.258228102525126,50.99281833014523,26.764872991869513,25.69427807219473,0.65,0.6045895727228034
132,132,1317.983615253327,1.3179836152533266,Sector 1,28.07101138013365,0.0,4,0.9,585342.519234665,6619971.645096494,5.258221314735245,50.99252532122756,41.17672767979925,39.529658572607275,1.0,0.9301378041889283
133,133,1327.4391032145522,1.3274391032145525,Sector 1,42.76679027701186,0.0,0,0.1,585344.2120136725,6620256.936728021,5.258236521227795,50.994138386844625,41.17672767979925,39.529658572607275,1.0,0.9301378041889283
133,133,1327.4391032145522,1.3274391032145525,Sector 1,42.76679027701186,0.0,1,0.25,585344.5602652505,6620205.028364041,5.258239649624948,50.99384489626337,41.17672767979925,39.529658572607275,1.0,0.9301378041889283
133,133,1327.4391032145522,1.3274391032145525,Sector 1,42.76679027701186,0.0,2,0.5,585345.1406845473,6620118.514424074,5.258244863620202,50.99335574116992,26.764872991869513,25.69427807219473,0.65,0.6045895727228034
133,133,1327.4391032145522,1.3274391032145525,Sector 1,42.76679027701186,0.0,3,0.75,585345.721103844,6620032.000484107,5.2582500776154575,50.992866580920584,26.764872991869513,25.69427807219473,0.65,0.6045895727228034
133,133,1327.4391032145522,1.3274391032145525,Sector 1,42.76679027701186,0.0,4,0.9,585346.069355422,6619980.092120127,5.25825320601261,50.992573082296154,41.17672767979925,39.529658572607275,1.0,0.9301378041889283
134,134,1337.439103214644,1.3374391032146438,Sector 1,42.766790268127465,0.0,0,0.1,585341.740265337,6620266.359011528,5.258214317134714,50.99419166036202,41.17672767979925,39.529658572607275,1.0,0.9301378041889283
134,134,1337.439103214644,1.3374391032146438,Sector 1,42.766790268127465,0.0,1,0.25,585343.2559499401,6620214.358993394,5.258227932761161,50.993897651902834,41.17672767979925,39.529658572607275,1.0,0.9301378041889283
134,134,1337.439103214644,1.3374391032146438,Sector 1,42.766790268127465,0.0,2,0.5,585345.7820909449,6620127.692296505,5.258250625471907,50.99340763366491,26.764872991869513,25.69427807219473,0.65,0.6045895727228034
134,134,1337.439103214644,1.3374391032146438,Sector 1,42.766790268127465,0.0,3,0.75,585348.3082319498,6620041.025599617,5.258273318182652,50.99291761025289,27.12697475373944,26.04189576358986,0.6587938450254164,0.612769060425122
134,134,1337.439103214644,1.3374391032146438,Sector 1,42.766790268127465,0.0,4,0.9,585349.8239165528,6619989.025581483,5.258286933809099,50.9926235937221,41.17672767979925,39.529658572607275,1.0,0.9301378041889283
135,135,1347.4391032147355,1.3474391032147357,Sector 1,42.76679026981958,0.0,0,0.1,585339.2701994146,6620275.781871069,5.258192128155004,50.99424493707516,41.17672767979925,39.529658572607275,1.0,0.9301378041889283
135,135,1347.4391032147355,1.3474391032147357,Sector 1,42.76679026981958,0.0,1,0.25,585341.9530366403,6620223.6901027765,5.25821622849185,50.99395041019641,41.17672767979925,39.529658572607275,1.0,0.9301378041889283
135,135,1347.4391032147355,1.3474391032147357,Sector 1,42.76679026981958,0.0,2,0.5,585346.4244320164,6620136.870488957,5.258256395719928,50.9934595279113,26.764872991869513,25.69427807219473,0.65,0.6045895727228034
135,135,1347.4391032147355,1.3474391032147357,Sector 1,42.76679026981958,0.0,3,0.75,585350.8958273927,6620050.050875137,5.258296562948006,50.992968640433816,28.126805602316928,27.001733378224248,0.6830752997430527,0.6353541593986971
135,135,1347.4391032147355,1.3474391032147357,Sector 1,42.76679026981958,0.0,4,0.9,585353.5786646183,6619997.959106844,5.258320663284852,50.992674105454974,41.17672767979925,39.529658572607275,1.0,0.9301378041889283
136,136,1357.4391032148271,1.3574391032148272,Sector 1,42.76679027445243,-4.118022710878999,0,0.1,585336.8033849229,6620285.205843854,5.2581699683833945,50.99429822002137,41.0704194020755,39.42760262599248,1.0,0.9285109419182576
136,136,1357.4391032148271,1.3574391032148272,Sector 1,42.76679027445243,-4.118022710878999,1,0.25,585340.6528328662,6620233.022139862,5.258204548562624,50.99400317367527,41.0704194020755,39.42760262599248,1.0,0.9285109419182576
136,136,1357.4391032148271,1.3574391032148272,Sector 1,42.76679027445243,-4.118022710878999,2,0.5,585347.0685794384,6620146.049299876,5.258262182194672,50.99351142559652,26.695772611349078,25.627941706895115,0.65,0.6035321122468675
136,136,1357.4391032148271,1.3574391032148272,Sector 1,42.76679027445243,-4.118022710878999,3,0.75,585353.4843260106,6620059.07645989,5.25831981582672,50.99301967230707,29.071090120268696,27.908246515457947,0.7078352386827484,0.6572327641922535
136,136,1357.4391032148271,1.3574391032148272,Sector 1,42.76679027445243,-4.118022710878999,4,0.9,585357.3337739538,6620006.892755899,5.258354396005949,50.992724617832245,41.0704194020755,39.42760262599248,1.0,0.9285109419182576
137,137,1367.4391032149188,1.367439103214919,Sector 1,42.76679026996794,14.23447761168943,0,0.1,585334.0485532631,6620294.544299235,5.258145221309543,50.99435101939361,39.91250171804547,38.316001649323645,1.0,0.9107910368174894
137,137,1367.4391032149188,1.367439103214919,Sector 1,42.76679026996794,14.23447761168943,1,0.25,585339.0711944721,6620242.302703282,5.25819034046319,50.99405564606173,39.91250171804547,38.316001649323645,1.0,0.9107910368174894
137,137,1367.4391032149188,1.367439103214919,Sector 1,42.76679026996794,14.23447761168943,2,0.5,585347.4422631538,6620155.233376695,5.258265539052602,50.99356335299745,26.084273656442427,25.040902710184728,0.6535364242690168,0.5952351174579725
137,137,1367.4391032149188,1.367439103214919,Sector 1,42.76679026996794,14.23447761168943,3,0.75,585355.8133318354,6620068.164050108,5.258340737642013,50.99307105471089,29.578652670505967,28.39550656368573,0.7410874136494605,0.6749757738501838
137,137,1367.4391032149188,1.367439103214919,Sector 1,42.76679026996794,14.23447761168943,4,0.9,585360.8359730445,6620015.922454155,5.25838585679566,50.992775673232245,39.91250171804547,38.316001649323645,1.0,0.9107910368174894
138,138,1377.4391032150104,1.3774391032150104,Sector 1,42.76679026074254,0.0,0,0.1,585331.1132153493,6620303.835413986,5.258118852720422,50.99440355104362,41.17672767979925,39.529658572607275,1.0,0.9301378041889283
138,138,1377.4391032150104,1.3774391032150104,Sector 1,42.76679026074254,0.0,1,0.25,585337.3008801757,6620251.562094146,5.258174437459288,50.99410799867926,41.17672767979925,39.529658572607275,1.0,0.9301378041889283
138,138,1377.4391032150104,1.3774391032150104,Sector 1,42.76679026074254,0.0,2,0.5,585347.6136548864,6620164.439894414,5.258267078690731,50.99361540722245,28.355624643395178,27.22139965765937,0.6886322989018399,0.6405229343941311
138,138,1377.4391032150104,1.3774391032150104,Sector 1,42.76679026074254,0.0,3,0.75,585357.926429597,6620077.317694681,5.258359719922173,50.99312281053702,31.727126949505784,30.458041871525552,0.7705111293987231,0.7166815300020596
138,138,1377.4391032150104,1.3774391032150104,Sector 1,42.76679026074254,0.0,4,0.9,585364.1140944234,6620025.044374841,5.258415304661039,50.992827250016006,41.17672767979925,39.529658572607275,1.0,0.9301378041889283
139,139,1387.439103215102,1.387439103215102,Sector 1,57.98757914238013,0.0,0,0.1,585328.2571419037,6620313.178557123,5.2580931961761355,50.9944563768004,41.17672767979925,39.529658572607275,1.0,0.9301378041889283
139,139,1387.439103215102,1.387439103215102,Sector 1,57.98757914238013,0.0,1,0.25,585335.5535611805,6620260.883113857,5.258158741025691,50.99416069968679,41.17672767979925,39.529658572607275,1.0,0.9301378041889283
139,139,1387.439103215102,1.387439103215102,Sector 1,57.98757914238013,0.0,2,0.5,585347.714259975,6620173.724041749,5.258267982441619,50.99366790031101,29.761940866797747,28.571463232125836,0.7227854796581749,0.6722900989488961
139,139,1387.439103215102,1.387439103215102,Sector 1,57.98757914238013,0.0,3,0.75,585359.8749587695,6620086.56496964,5.258377223857546,50.99317509570219,32.81707778614105,31.504394674695405,0.7969811987328139,0.7413023421691995
139,139,1387.439103215102,1.387439103215102,Sector 1,57.98757914238013,0.0,4,0.9,585367.1713780463,6620034.2695263745,5.258442768707102,50.992879410425026,41.17672767979925,39.529658572607275,1.0,0.9301378041889283
140,140,1397.263905636445,1.397263905636445,Sector 1,65.55573887922066,0.0,0,0.1,585325.4538218965,6620322.364561829,5.258068013524047,50.99450831404415,41.17672767979925,39.529658572607275,1.0,0.9301378041889283
140,140,1397.263905636445,1.397263905636445,Sector 1,65.55573887922066,0.0,1,0.25,585333.8278918363,6620270.051054655,5.2581432390742195,50.99421253512836,41.17672767979925,39.529658572607275,1.0,0.9301378041889283
140,140,1397.263905636445,1.397263905636445,Sector 1,65.55573887922066,0.0,2,0.5,585347.7846750694,6620182.86187603,5.258268614991174,50.9937195660794,31.12589684678016,29.880860972908955,0.7559099180688442,0.7031003913571875
140,140,1397.263905636445,1.397263905636445,Sector 1,65.55573887922066,0.0,3,0.75,585361.7414583024,6620095.672697406,5.258393990908127,50.99322659179377,41.17672767979925,39.529658572607275,1.0,0.9301378041889283
140,140,1397.263905636445,1.397263905636445,Sector 1,65.55573887922066,0.0,4,0.9,585370.1155282422,6620043.359190232,5.258469216458299,50.992930804708784,41.17672767979925,39.529658572607275,1.0,0.9301378041889283
141,141,1407.2639056363862,1.4072639056363865,Sector 1,65.55573888838074,0.0,0,0.1,585321.9776213719,6620331.485857192,5.258036786283428,50.994559885366776,41.17672767979925,39.529658572607275,1.0,0.9301378041889283
141,141,1407.2639056363862,1.4072639056363865,Sector 1,65.55573888838074,0.0,1,0.25,585331.4468996676,6620279.22708385,5.2581218502576546,50.994264416243695,41.17672767979925,39.529658572607275,1.0,0.9301378041889283
141,141,1407.2639056363862,1.4072639056363865,Sector 1,65.55573888838074,0.0,2,0.5,585347.2290301605,6620192.129128279,5.258263623548031,50.99377196352466,32.66505254684589,31.358450444972057,0.7932891802587541,0.7378682562127125
141,141,1407.2639056363862,1.4072639056363865,Sector 1,65.55573888838074,0.0,3,0.75,585363.0111606534,6620105.031172708,5.25840539683841,50.99327950557989,41.17672767979925,39.529658572607275,1.0,0.9301378041889283
141,141,1407.2639056363862,1.4072639056363865,Sector 1,65.55573888838074,0.0,4,0.9,585372.4804389491,6620052.772399366,5.258490460812635,50.9929840283047,41.17672767979925,39.529658572607275,1.0,0.9301378041889283
142,142,1417.263905636221,1.4172639056362208,Sector 1,65.55573888014993,0.0,0,0.1,585319.7512918711,6620340.929569697,5.258016786825248,50.99461327955852,41.17672767979925,39.529658572607275,1.0,0.9301378041889283
142,142,1417.263905636221,1.4172639056362208,Sector 1,65.55573888014993,0.0,1,0.25,585330.0151176767,6620288.702468233,5.258108988341195,50.99431798984736,41.17672767979925,39.529658572607275,1.0,0.9301378041889283
142,142,1417.263905636221,1.4172639056362208,Sector 1,65.55573888014993,0.0,2,0.5,585347.1214940193,6620201.657299127,5.2582626575344396,50.99382583615326,41.17672767979925,39.529658572607275,1.0,0.9301378041889283
142,142,1417.263905636221,1.4172639056362208,Sector 1,65.55573888014993,0.0,3,0.75,585364.2278703619,6620114.612130022,5.2584163267276836,50.99333367723979,41.17672767979925,39.529658572607275,1.0,0.9301378041889283
142,142,1417.263905636221,1.4172639056362208,Sector 1,65.55573888014993,0.0,4,0.9,585374.4916961675,6620062.385028558,5.258508528243632,50.993038379386405,41.17672767979925,39.529658572607275,1.0,0.9301378041889283
143,143,1427.2639056361618,1.4272639056361618,Sector 1,65.55573888030261,0.0,0,0.1,585319.6320722338,6620350.880930866,5.258015715857025,50.994669543899306,41.17672767979925,39.529658572607275,1.0,0.9301378041889283
143,143,1427.2639056361618,1.4272639056361618,Sector 1,65.55573888030261,0.0,1,0.25,585330.339260572,6620298.6008931715,5.258111900166366,50.99437395524648,41.17672767979925,39.529658572607275,1.0,0.9301378041889283
143,143,1427.2639056361618,1.4272639056361618,Sector 1,65.55573888030261,0.0,2,0.5,585348.184574469,6620211.467497013,5.258272207348602,50.99388130330779,41.17672767979925,39.529658572607275,1.0,0.9301378041889283
143,143,1427.2639056361618,1.4272639056361618,Sector 1,65.55573888030261,0.0,3,0.75,585366.0298883659,6620124.334100854,5.258432514530837,50.993388646139145,41.17672767979925,39.529658572607275,1.0,0.9301378041889283
143,143,1427.2639056361618,1.4272639056361618,Sector 1,65.55573888030261,0.0,4,0.9,585376.7370767042,6620072.054063159,5.258528698840179,50.99309304932758,41.17672767979925,39.529658572607275,1.0,0.9301378041889283
144,144,1437.263905636382,1.4372639056363818,Sector 1,65.5557388896782,29.13531789180246,0,0.1,585322.1592132259,6620360.503030733,5.258038417550808,50.9947239465535,35.966729936011824,34.52806073857135,1.0,0.8504079003551643
144,144,1437.263905636382,1.4372639056363818,Sector 1,65.5557388896782,29.13531789180246,1,0.25,585332.8687039919,6620308.224933689,5.25813462254321,50.994428369219555,35.966729936011824,34.52806073857135,1.0,0.8504079003551643
144,144,1437.263905636382,1.4372639056363818,Sector 1,65.5557388896782,29.13531789180246,2,0.5,585350.7178552684,6620221.094771951,5.258294964197212,50.993935736146014,35.966729936011824,34.52806073857135,1.0,0.8504079003551643
144,144,1437.263905636382,1.4372639056363818,Sector 1,65.5557388896782,29.13531789180246,3,0.75,585368.5670065448,6620133.964610213,5.258455305851213,50.993443097842885,35.966729936011824,34.52806073857135,1.0,0.8504079003551643
144,144,1437.263905636382,1.4372639056363818,Sector 1,65.5557388896782,29.13531789180246,4,0.9,585379.2764973107,6620081.68651317,5.258551510843616,50.993147512350816,35.966729936011824,34.52806073857135,1.0,0.8504079003551643
145,145,1447.2639056363228,1.4472639056363228,Sector 1,65.5557388812432,-29.283915310276505,0,0.1,585329.1444342765,6620367.407378506,5.258101166859134,50.99476298319533,35.91461458718987,34.47803000370227,1.0,0.8496103660846759
145,145,1447.2639056363228,1.4472639056363228,Sector 1,65.5557388812432,-29.283915310276505,1,0.25,585339.0483920234,6620315.599243518,5.258190135625308,50.994470063254425,35.91461458718987,34.47803000370227,1.0,0.8496103660846759
145,145,1447.2639056363228,1.4472639056363228,Sector 1,65.5557388812432,-29.283915310276505,2,0.5,585355.5549882682,6620229.25235187,5.258338416902263,50.99398185924415,35.91461458718987,34.47803000370227,1.0,0.8496103660846759
145,145,1447.2639056363228,1.4472639056363228,Sector 1,65.5557388812432,-29.283915310276505,3,0.75,585372.0615845129,6620142.905460222,5.258486698179217,50.9934936500979,35.91461458718987,34.47803000370227,1.0,0.8496103660846759
145,145,1447.2639056363228,1.4472639056363228,Sector 1,65.5557388812432,-29.283915310276505,4,0.9,585381.9655422599,6620091.097325234,5.258575666945391,50.9932007221449,35.91461458718987,34.47803000370227,1.0,0.8496103660846759
146,146,1457.2639056362636,1.4572639056362635,Sector 1,65.555738889993,0.0,0,0.1,585336.8025494149,6620373.3974538185,5.258169960877899,50.99479685058564,41.17672767979925,39.529658572607275,1.0,0.9301378041889283
146,146,1457.2639056362636,1.4572639056362635,Sector 1,65.555738889993,0.0,1,0.25,585345.6986928871,6620322.227316527,5.258249876294406,50.99450753806602,41.17672767979925,39.529658572607275,1.0,0.9301378041889283
146,146,1457.2639056362636,1.4572639056362635,Sector 1,65.555738889993,0.0,2,0.5,585360.5255986738,6620236.943754375,5.2583830686552515,50.994025346525135,41.17672767979925,39.529658572607275,1.0,0.9301378041889283
146,146,1457.2639056362636,1.4572639056362635,Sector 1,65.555738889993,0.0,3,0.75,585375.3525044606,6620151.660192223,5.258516261016095,50.993543149974016,41.17672767979925,39.529658572607275,1.0,0.9301378041889283
146,146,1457.2639056362636,1.4572639056362635,Sector 1,65.555738889993,0.0,4,0.9,585384.2486479328,6620100.4900549315,5.258596176432603,50.99325382963841,41.17672767979925,39.529658572607275,1.0,0.9301378041889283
147,147,1467.2639056360983,1.4672639056360983,Sector 1,51.91330556432968,0.0,0,0.1,585344.5866206673,6620379.094718339,5.258239886379685,50.994829062425005,41.17672767979925,39.529658572607275,1.0,0.9301378041889283
147,147,1467.2639056360983,1.4672639056360983,Sector 1,51.91330556432968,0.0,1,0.25,585352.3277571467,6620328.629459554,5.258309426191845,50.99454373545144,41.17672767979925,39.529658572607275,1.0,0.9301378041889283
147,147,1467.2639056360983,1.4672639056360983,Sector 1,51.91330556432968,0.0,2,0.5,585365.2296512793,6620244.520694915,5.258425325878778,50.99406818659698,41.17672767979925,39.529658572607275,1.0,0.9301378041889283
147,147,1467.2639056360983,1.4672639056360983,Sector 1,51.91330556432968,0.0,3,0.75,585378.1315454118,6620160.411930275,5.258541225565711,50.993592632869344,41.17672767979925,39.529658572607275,1.0,0.9301378041889283
147,147,1467.2639056360983,1.4672639056360983,Sector 1,51.91330556432968,0.0,4,0.9,585385.8726818913,6620109.9466714915,5.258610765377871,50.993307298293644,41.17672767979925,39.529658572607275,1.0,0.9301378041889283
148,148,1477.164330860187,1.477164330860187,Sector 1,47.12272277593166,15.68771617260428,0,0.1,585351.7186192422,6620385.460890448,5.258303954212947,50.99486505618342,39.64288383506849,38.05716848166575,1.0,0.906665006646507
148,148,1477.164330860187,1.477164330860187,Sector 1,47.12272277593166,15.68771617260428,1,0.25,585358.412010179,6620335.5725516975,5.258364081966759,50.99458299130326,39.64288383506849,38.05716848166575,1.0,0.906665006646507
148,148,1477.164330860187,1.477164330860187,Sector 1,47.12272277593166,15.68771617260428,2,0.5,585369.5676617405,6620252.4253204465,5.2584642948897775,50.99411287935977,39.64288383506849,38.05716848166575,1.0,0.906665006646507
148,148,1477.164330860187,1.477164330860187,Sector 1,47.12272277593166,15.68771617260428,3,0.75,585380.7233133019,6620169.2780891955,5.258564507812797,50.99364276265389,39.64288383506849,38.05716848166575,1.0,0.906665006646507
148,148,1477.164330860187,1.477164330860187,Sector 1,47.12272277593166,15.68771617260428,4,0.9,585387.4167042387,6620119.389750445,5.258624635566609,50.99336069034443,39.64288383506849,38.05716848166575,1.0,0.906665006646507
149,149,1487.1643308600392,1.487164330860039,Sector 1,47.122722781120615,0.0,0,0.1,585355.9191971205,6620394.206797106,5.258341688646048,50.99491450469911,41.17672767979925,39.529658572607275,1.0,0.9301378041889283
149,149,1487.1643308600392,1.487164330860039,Sector 1,47.122722781120615,0.0,1,0.25,585361.9895060117,6620344.51929627,5.258396219158612,50.99463357564406,31.7055614490151,30.437338991054496,0.769987399085368,0.7161943886384081
149,149,1487.1643308600392,1.487164330860039,Sector 1,47.122722781120615,0.0,2,0.5,585372.1066874969,6620261.706794876,5.258487103346216,50.994165356773024,41.17672767979925,39.529658572607275,1.0,0.9301378041889283
149,149,1487.1643308600392,1.487164330860039,Sector 1,47.122722781120615,0.0,3,0.75,585382.2238689822,6620178.8942934815,5.25857798753382,50.99369713317789,41.17672767979925,39.529658572607275,1.0,0.9301378041889283
149,149,1487.1643308600392,1.487164330860039,Sector 1,47.122722781120615,0.0,4,0.9,585388.2941778733,6620129.206792645,5.258632518046382,50.99341619675322,41.17672767979925,39.529658572607275,1.0,0.9301378041889283
150,150,1497.1643308599766,1.497164330859977,Sector 1,47.12272277381811,0.0,0,0.1,585355.5326776961,6620404.0909722475,5.258338216482984,50.99497038881199,41.17672767979925,39.529658572607275,1.0,0.9301378041889283
150,150,1497.1643308599766,1.497164330859977,Sector 1,47.12272277381811,0.0,1,0.25,585361.7313483879,6620354.41541167,5.25839390008922,50.99468952760462,29.319455328664812,28.14667711551822,0.7120394693978692,0.6622948285615837
150,150,1497.1643308599766,1.497164330859977,Sector 1,47.12272277381811,0.0,2,0.5,585372.0624662077,6620271.622810706,5.258486706099616,50.994221421814856,41.17672767979925,39.529658572607275,1.0,0.9301378041889283
150,150,1497.1643308599766,1.497164330859977,Sector 1,47.12272277381811,0.0,3,0.75,585382.3935840273,6620188.830209741,5.2585795121100105,50.99375331130326,41.17672767979925,39.529658572607275,1.0,0.9301378041889283
150,150,1497.1643308599766,1.497164330859977,Sector 1,47.12272277381811,0.0,4,0.9,585388.5922547192,6620139.154649164,5.258635195716248,50.99347244272982,41.17672767979925,39.529658572607275,1.0,0.9301378041889283
151,151,1507.1643308604623,1.5071643308604623,Sector 1,47.12272276922903,0.0,0,0.1,585352.3315246919,6620413.431403978,5.258309460036279,50.995023198593536,41.17672767979925,39.529658572607275,1.0,0.9301378041889283
151,151,1507.1643308604623,1.5071643308604623,Sector 1,47.12272276922903,0.0,1,0.25,585359.127662781,6620363.858407559,5.258370510783464,50.99474291759551,31.014314216911043,29.7737416482346,0.7532000711199363,0.7005798602664421
151,151,1507.1643308604623,1.5071643308604623,Sector 1,47.12272276922903,0.0,2,0.5,585370.4545595963,6620281.2367468625,5.2584722620287705,50.99427577883695,41.17672767979925,39.529658572607275,1.0,0.9301378041889283
151,151,1507.1643308604623,1.5071643308604623,Sector 1,47.12272276922903,0.0,3,0.75,585381.7814564115,6620198.615086166,5.258574013274079,50.99380863537603,41.17672767979925,39.529658572607275,1.0,0.9301378041889283
151,151,1507.1643308604623,1.5071643308604623,Sector 1,47.12272276922903,0.0,4,0.9,585388.5775945006,6620149.042089747,5.258635064021263,50.99352834704232,41.17672767979925,39.529658572607275,1.0,0.9301378041889283
152,152,1517.1643308603147,1.5171643308603149,Sector 1,47.12272277443816,0.0,0,0.1,585347.9924274979,6620422.323986087,5.258270481262993,50.99507347622634,41.17672767979925,39.529658572607275,1.0,0.9301378041889283
152,152,1517.1643308603147,1.5171643308603149,Sector 1,47.12272277443816,0.0,1,0.25,585355.5532238799,6620372.9286281485,5.258338401052494,50.99479419988498,33.59002891862566,32.24642776188063,0.8157527518901042,0.7587624734041373
152,152,1517.1643308603147,1.5171643308603149,Sector 1,47.12272277443816,0.0,2,0.5,585368.1545511833,6620290.603031585,5.258451600701662,50.99432873558105,41.17672767979925,39.529658572607275,1.0,0.9301378041889283
152,152,1517.1643308603147,1.5171643308603149,Sector 1,47.12272277443816,0.0,3,0.75,585380.7558784868,6620208.277435022,5.258564800350831,50.99386326660843,41.17672767979925,39.529658572607275,1.0,0.9301378041889283
152,152,1517.1643308603147,1.5171643308603149,Sector 1,47.12272277443816,0.0,4,0.9,585388.3166748688,6620158.882077084,5.258632720140331,50.99358398298385,41.17672767979925,39.529658572607275,1.0,0.9301378041889283
153,153,1527.1643308602522,1.5271643308602525,Sector 1,52.25444829956911,-6.931488984312303,0,0.1,585343.9648931224,6620431.404912352,5.258234301306125,50.99512481867906,40.87577383001009,39.24074287680968,1.0,0.925532231848575
153,153,1527.1643308602522,1.5271643308602525,Sector 1,52.25444829956911,-6.931488984312303,1,0.25,585352.1449399837,6620382.153340651,5.258307783917327,50.99484635560101,40.87577383001009,39.24074287680968,1.0,0.925532231848575
153,153,1527.1643308602522,1.5271643308602525,Sector 1,52.25444829956911,-6.931488984312303,2,0.5,585365.7783514191,6620300.067387816,5.258430254935999,50.994382246757674,40.87577383001009,39.24074287680968,1.0,0.925532231848575
153,153,1527.1643308602522,1.5271643308602525,Sector 1,52.25444829956911,-6.931488984312303,3,0.75,585379.4117628547,6620217.981434981,5.2585527259546705,50.99391813327277,40.87577383001009,39.24074287680968,1.0,0.925532231848575
153,153,1527.1643308602522,1.5271643308602525,Sector 1,52.25444829956911,-6.931488984312303,4,0.9,585387.5918097158,6620168.72986328,5.258626208565873,50.99363966295387,40.87577383001009,39.24074287680968,1.0,0.925532231848575
154,154,1537.119541812796,1.537119541812796,Sector 1,57.98905715360496,0.0,0,0.1,585339.9474808975,6620440.483181056,5.258198212278082,50.99517614604947,41.17672767979925,39.529658572607275,1.0,0.9301378041889283
154,154,1537.119541812796,1.537119541812796,Sector 1,57.98905715360496,0.0,1,0.25,585348.5906311619,6620391.358717505,5.258275855017937,50.99489840193655,41.17672767979925,39.529658572607275,1.0,0.9301378041889283
154,154,1537.119541812796,1.537119541812796,Sector 1,57.98905715360496,0.0,2,0.5,585362.9958816026,6620309.484611588,5.258405259584361,50.99443549138759,41.17672767979925,39.529658572607275,1.0,0.9301378041889283
154,154,1537.119541812796,1.537119541812796,Sector 1,57.98905715360496,0.0,3,0.75,585377.4011320433,6620227.610505669,5.258534664150785,50.99397257622098,41.17672767979925,39.529658572607275,1.0,0.9301378041889283
154,154,1537.119541812796,1.537119541812796,Sector 1,57.98905715360496,0.0,4,0.9,585386.0442823077,6620178.48604212,5.25861230689064,50.993694824904544,41.17672767979925,39.529658572607275,1.0,0.9301378041889283
155,155,1547.1195418124664,1.5471195418124664,Sector 1,57.98905712120302,0.0,0,0.1,585335.9765130449,6620449.63369626,5.258162540466935,50.99522788183491,41.17672767979925,39.529658572607275,1.0,0.9301378041889283
155,155,1547.1195418124664,1.5471195418124664,Sector 1,57.98905712120302,0.0,1,0.25,585345.0197469387,6620400.622823942,5.258243777219182,50.994950780264716,41.17672767979925,39.529658572607275,1.0,0.9301378041889283
155,155,1547.1195418124664,1.5471195418124664,Sector 1,57.98905712120302,0.0,2,0.5,585360.0918034283,6620318.938036747,5.258379171806258,50.99448894063735,41.17672767979925,39.529658572607275,1.0,0.9301378041889283
155,155,1547.1195418124664,1.5471195418124664,Sector 1,57.98905712120302,0.0,3,0.75,585375.1638599179,6620237.253249553,5.258514566393335,50.99402709641369,41.17672767979925,39.529658572607275,1.0,0.9301378041889283
155,155,1547.1195418124664,1.5471195418124664,Sector 1,57.98905712120302,0.0,4,0.9,585384.2070938117,6620188.242377236,5.258595803145583,50.993749987673255,41.17672767979925,39.529658572607275,1.0,0.9301378041889283
156,156,1557.1195418127293,1.5571195418127293,Sector 1,57.9890571429201,-0.6096888494138303,0,0.1,585333.3354323163,6620459.295254138,5.258138815235084,50.99528250692446,41.174396429116804,39.52742057195213,1.0,0.9301021284742996
156,156,1557.1195418127293,1.5571195418127293,Sector 1,57.9890571429201,-0.6096888494138303,1,0.25,585342.4925499052,6620410.302282157,5.25822107502197,50.99500550688698,41.174396429116804,39.52742057195213,1.0,0.9301021284742996
156,156,1557.1195418127293,1.5571195418127293,Sector 1,57.9890571429201,-0.6096888494138303,2,0.5,585357.7544125534,6620328.647328857,5.258358174666779,50.994543836483516,41.174396429116804,39.52742057195213,1.0,0.9301021284742996
156,156,1557.1195418127293,1.5571195418127293,Sector 1,57.9890571429201,-0.6096888494138303,3,0.75,585373.0162752016,6620246.992375556,5.258495274311589,50.994082161487086,41.174396429116804,39.52742057195213,1.0,0.9301021284742996
156,156,1557.1195418127293,1.5571195418127293,Sector 1,57.9890571429201,-0.6096888494138303,4,0.9,585382.1733927905,6620197.999403575,5.2585775340984755,50.993805154284594,41.174396429116804,39.52742057195213,1.0,0.9301021284742996
157,157,1567.1195418123998,1.5671195418123998,Sector 1,57.989057143586194,0.0,0,0.1,585332.1395220057,6620469.180828665,5.258128072189979,50.99533839850609,41.17672767979925,39.529658572607275,1.0,0.9301378041889283
157,157,1567.1195418123998,1.5671195418123998,Sector 1,57.989057143586194,0.0,1,0.25,585341.1696615535,6620420.168420914,5.258209191313713,50.99506128891467,41.17672767979925,39.529658572607275,1.0,0.9301378041889283
157,157,1567.1195418123998,1.5671195418123998,Sector 1,57.989057143586194,0.0,2,0.5,585356.219894133,6620338.481074659,5.258344389853272,50.99459943591835,41.17672767979925,39.529658572607275,1.0,0.9301378041889283
157,157,1567.1195418123998,1.5671195418123998,Sector 1,57.989057143586194,0.0,3,0.75,585371.2701267126,6620256.793728406,5.25847958839283,50.99413757832545,41.17672767979925,39.529658572607275,1.0,0.9301378041889283
157,157,1567.1195418123998,1.5671195418123998,Sector 1,57.989057143586194,0.0,4,0.9,585380.3002662604,6620207.781320654,5.258560707516565,50.99386046156333,41.17672767979925,39.529658572607275,1.0,0.9301378041889283
158,158,1577.1195418126626,1.577119541812663,Sector 1,57.98905713525153,0.0,0,0.1,585331.6450396935,6620479.175131928,5.2581236301797905,50.99539490475554,41.17672767979925,39.529658572607275,1.0,0.9301378041889283
158,158,1577.1195418126626,1.577119541812663,Sector 1,57.98905713525153,0.0,1,0.25,585340.4312965337,6620430.125166948,5.258202558467889,50.99511758315762,41.17672767979925,39.529658572607275,1.0,0.9301378041889283
158,158,1577.1195418126626,1.577119541812663,Sector 1,57.98905713525153,0.0,2,0.5,585355.0750579339,6620348.375225315,5.258334105614717,50.994655376811544,41.17672767979925,39.529658572607275,1.0,0.9301378041889283
158,158,1577.1195418126626,1.577119541812663,Sector 1,57.98905713525153,0.0,3,0.75,585369.7188193342,6620266.625283683,5.258465652761545,50.994193165861816,41.17672767979925,39.529658572607275,1.0,0.9301378041889283
158,158,1577.1195418126626,1.577119541812663,Sector 1,57.98905713525153,0.0,4,0.9,585378.5050761744,6620217.5753187025,5.258544581049643,50.99391583708222,41.17672767979925,39.529658572607275,1.0,0.9301378041889283
159,159,1587.119541812432,1.5871195418124318,Sector 1,57.98902793184749,0.0,0,0.1,585333.1560450423,6620488.977347653,5.258137203771783,50.99545032490484,41.17672767979925,39.529658572607275,1.0,0.9301378041889283
159,159,1587.119541812432,1.5871195418124318,Sector 1,57.98902793184749,0.0,1,0.25,585341.2403766194,6620439.890918656,5.258209826557959,50.99517279747533,41.17672767979925,39.529658572607275,1.0,0.9301378041889283
159,159,1587.119541812432,1.5871195418124318,Sector 1,57.98902793184749,0.0,2,0.5,585354.7142625812,6620358.08020366,5.258330864534918,50.99471024807111,41.17672767979925,39.529658572607275,1.0,0.9301378041889283
159,159,1587.119541812432,1.5871195418124318,Sector 1,57.98902793184749,0.0,3,0.75,585368.1881485429,6620276.269488664,5.258451902511878,50.994247694056405,41.17672767979925,39.529658572607275,1.0,0.9301378041889283
159,159,1587.119541812432,1.5871195418124318,Sector 1,57.98902793184749,0.0,4,0.9,585376.27248012,6620227.183059667,5.2585245252980535,50.99397015943453,41.17672767979925,39.529658572607275,1.0,0.9301378041889283
160,160,1597.1195418122995,1.5971195418122994,Sector 1,57.98895421067039,32.49758295957825,0,0.1,585335.751761355,6620498.397369258,5.258160521488152,50.995503584127746,35.00021852782936,33.600209786716185,1.0,0.8356171335605891
160,160,1597.1195418122995,1.5971195418122994,Sector 1,57.98895421067039,32.49758295957825,1,0.25,585342.9258487464,6620449.331297888,5.258224967411686,50.995226172116,35.00021852782936,33.600209786716185,1.0,0.8356171335605891
160,160,1597.1195418122995,1.5971195418122994,Sector 1,57.98895421067039,32.49758295957825,2,0.5,585354.8826610656,6620367.554512273,5.258332377284242,50.994763815077775,35.00021852782936,33.600209786716185,1.0,0.8356171335605891
160,160,1597.1195418122995,1.5971195418122994,Sector 1,57.98895421067039,32.49758295957825,3,0.75,585366.8394733845,6620285.777726657,5.258439787156798,50.99430145343288,35.00021852782936,33.600209786716185,1.0,0.8356171335605891
160,160,1597.1195418122995,1.5971195418122994,Sector 1,57.98895421067039,32.49758295957825,4,0.9,585374.013560776,6620236.711655287,5.25850423308033,50.99402403423474,35.00021852782936,33.600209786716185,1.0,0.8356171335605891
161,161,1607.119541812733,1.6071195418127329,Sector 1,57.98895421891592,0.0,0,0.1,585339.5124193201,6620507.415255418,5.258194304053436,50.99555456968701,41.17672767979925,39.529658572607275,1.0,0.9301378041889283
161,161,1607.119541812733,1.6071195418127329,Sector 1,57.98895421891592,0.0,1,0.25,585345.5821055837,6620458.436564251,5.2582488289728415,50.9952776520152,41.17672767979925,39.529658572607275,1.0,0.9301378041889283
161,161,1607.119541812733,1.6071195418127329,Sector 1,57.98895421891592,0.0,2,0.5,585355.6982493566,6620376.8054123055,5.258339703838516,50.99481611888997,33.494136109721275,32.15437066533242,0.8134239410712826,0.7565963584227471
161,161,1607.119541812733,1.6071195418127329,Sector 1,57.98895421891592,0.0,3,0.75,585365.8143931295,6620295.174260359,5.258430578704193,50.99435458117448,41.17672767979925,39.529658572607275,1.0,0.9301378041889283
161,161,1607.119541812733,1.6071195418127329,Sector 1,57.98895421891592,0.0,4,0.9,585371.8840793932,6620246.195569192,5.258485103623596,50.99407765634186,41.17672767979925,39.529658572607275,1.0,0.9301378041889283
162,162,1617.1195418125735,1.6171195418125737,Sector 1,57.98895421076924,-33.55727063162514,0,0.1,585344.7282156765,6620515.506406665,5.2582411583492945,50.99560031560064,35.00021852782936,33.600209786716185,1.0,0.8356171335605891
162,162,1617.1195418125735,1.6171195418125737,Sector 1,57.98895421076924,-33.55727063162514,1,0.25,585349.4566115354,6620466.771178607,5.258283634251989,50.995324774705956,35.00021852782936,33.600209786716185,1.0,0.8356171335605891
162,162,1617.1195418125735,1.6171195418125737,Sector 1,57.98895421076924,-33.55727063162514,2,0.5,585357.3372713001,6620385.545798512,5.2583544274231455,50.994865536245705,28.828825158134066,27.6756721518087,0.8236755760599523,0.6882774238510844
162,162,1617.1195418125735,1.6171195418125737,Sector 1,57.98895421076924,-33.55727063162514,3,0.75,585365.2179310649,6620304.3204184165,5.258425220594302,50.99440629324071,35.00021852782936,33.600209786716185,1.0,0.8356171335605891
162,162,1617.1195418125735,1.6171195418125737,Sector 1,57.98895421076924,-33.55727063162514,4,0.9,585369.9463269238,6620255.5851903595,5.258467696496996,50.99413074525622,35.00021852782936,33.600209786716185,1.0,0.8356171335605891
163,163,1627.1195418125133,1.6271195418125133,Sector 1,57.98895421929103,0.0,0,0.1,585351.2706745742,6620522.286281532,5.25829993025753,50.99563864775878,33.8480563516063,32.49413409754205,0.8220190932804917,0.7645910344252904
163,163,1627.1195418125133,1.6271195418125133,Sector 1,57.98895421929103,0.0,1,0.25,585354.4575861489,6620474.018960536,5.2583285587712965,50.9953657525662,41.17672767979925,39.529658572607275,1.0,0.9301378041889283
163,163,1627.1195418125133,1.6271195418125133,Sector 1,57.98895421929103,0.0,2,0.5,585359.76910544,6620393.573425544,5.258376272960907,50.99491092367894,33.82197021674769,32.46909140807778,0.8213855768179532,0.7640017768139074
163,163,1627.1195418125133,1.6271195418125133,Sector 1,57.98895421929103,0.0,3,0.75,585365.0806247311,6620313.127890552,5.258423987150519,50.99445609033379,41.17672767979925,39.529658572607275,1.0,0.9301378041889283
163,163,1627.1195418125133,1.6271195418125133,Sector 1,57.98895421929103,0.0,4,0.9,585368.2675363058,6620264.860569557,5.258452615664286,50.99418318818691,41.17672767979925,39.529658572607275,1.0,0.9301378041889283
164,164,1637.119541812354,1.637119541812354,Sector 1,57.98895422181352,0.0,0,0.1,585358.2059471105,6620528.59148575,5.25836223087072,50.99567429618847,30.261287779328693,29.050836268155546,0.7349124003890789,0.6835698063691124
164,164,1637.119541812354,1.637119541812354,Sector 1,57.98895422181352,0.0,1,0.25,585359.702144484,6620480.845342338,5.258375671440406,50.99540434786093,29.958111486003926,28.759787026563767,0.7275495935219974,0.676721381357098
164,164,1637.119541812354,1.637119541812354,Sector 1,57.98895422181352,0.0,2,0.5,585362.1958067731,6620401.268436652,5.258398072389883,50.99495443049198,33.49528562887899,32.15547420372383,0.8134518577908105,0.7566223248189489
164,164,1637.119541812354,1.637119541812354,Sector 1,57.98895422181352,0.0,3,0.75,585364.6894690624,6620321.691530964,5.258420473339362,50.99450450876088,41.17672767979925,39.529658572607275,1.0,0.9301378041889283
164,164,1637.119541812354,1.637119541812354,Sector 1,57.98895422181352,0.0,4,0.9,585366.1856664359,6620273.9453875525,5.258433913909048,50.994234553628395,41.17672767979925,39.529658572607275,1.0,0.9301378041889283
165,165,1647.1195418127877,1.6471195418127875,Sector 1,57.74450271273179,0.0,0,0.1,585365.1412196474,6620534.896689969,5.2584245314839135,50.995709944590786,28.044294794064207,26.922523002301638,0.6810714783395079,0.6334903293584171
165,165,1647.1195418127877,1.6471195418127875,Sector 1,57.74450271273179,0.0,1,0.25,585364.9467028196,6620487.671724141,5.258422784109519,50.99544294312356,26.764872991869513,25.69427807219473,0.65,0.6045895727228034
165,165,1647.1195418127877,1.6471195418127875,Sector 1,57.74450271273179,0.0,2,0.5,585364.6225081065,6620408.963447759,5.258419871818861,50.99499793726423,32.98988080740961,31.670285575113226,0.8011778173328232,0.7452057757788306
165,165,1647.1195418127877,1.6471195418127875,Sector 1,57.74450271273179,0.0,3,0.75,585364.2983133935,6620330.255171377,5.258416959528203,50.99455292713747,41.17672767979925,39.529658572607275,1.0,0.9301378041889283
165,165,1647.1195418127877,1.6471195418127875,Sector 1,57.74450271273179,0.0,4,0.9,585364.1037965657,6620283.030205549,5.2584152121538095,50.99428591901305,41.17672767979925,39.529658572607275,1.0,0.9301378041889283
166,166,1657.1186759390546,1.6571186759390546,Sector 1,55.419116514455766,0.0,0,0.1,585372.0758916767,6620541.201348236,5.258486826702656,50.995745589879014,26.764872991869513,25.69427807219473,0.65,0.6045895727228034
166,166,1657.1186759390546,1.6571186759390546,Sector 1,55.419116514455766,0.0,1,0.25,585370.1908070422,6620494.4975148635,5.2584698926992655,50.99548153501222,26.764872991869513,25.69427807219473,0.65,0.6045895727228034
166,166,1657.1186759390546,1.6571186759390546,Sector 1,55.419116514455766,0.0,2,0.5,585367.048999318,6620416.657792576,5.258441669360281,50.995041440228555,32.48451974785527,31.18513895794106,0.7889048396575657,0.7337902152731068
166,166,1657.1186759390546,1.6571186759390546,Sector 1,55.419116514455766,0.0,3,0.75,585363.9071915939,6620338.818070287,5.258413446021298,50.99460134127112,31.890468592556868,30.614849848854593,0.7744779731052281,0.7203712412967889
166,166,1657.1186759390546,1.6571186759390546,Sector 1,55.419116514455766,0.0,4,0.9,585362.0221069594,6620292.114236915,5.2583965120179075,50.99433727989326,41.17672767979925,39.529658572607275,1.0,0.9301378041889283
167,167,1667.1186759393108,1.6671186759393108,Sector 1,55.41911652192295,14.884583059146662,0,0.1,585379.0111642134,6620547.506552455,5.258549127315848,50.99578123822656,25.86678390674467,24.832112550474882,0.65,0.5908458899205334
167,167,1667.1186759393108,1.6671186759393108,Sector 1,55.41911652192295,14.884583059146662,1,0.25,585375.4353653777,6620501.323896665,5.258517005368378,50.99552013021064,25.86678390674467,24.832112550474882,0.65,0.5908458899205334
167,167,1667.1186759393108,1.6671186759393108,Sector 1,55.41911652192295,14.884583059146662,2,0.5,585369.4757006513,6620424.352803683,5.258463468789258,50.99508494691923,30.906063166489087,29.669820639829524,0.7766307991995784,0.7059524856811846
167,167,1667.1186759393108,1.6671186759393108,Sector 1,55.41911652192295,14.884583059146662,3,0.75,585363.5160359249,6620347.381710701,5.25840993221014,50.99464975954668,28.93389308237095,27.776537359076112,0.7270726260885202,0.6609044196894323
167,167,1667.1186759393108,1.6671186759393108,Sector 1,55.41911652192295,14.884583059146662,4,0.9,585359.9402370892,6620301.199054911,5.258377810262668,50.99438864516421,39.79505216422257,38.203250077653664,1.0,0.9089936768008207
168,168,1677.118675939567,1.677118675939567,Sector 1,55.419116526453365,0.0,0,0.1,585385.9747059413,6620553.82086434,5.258611681875506,50.99581693803956,26.997104001132197,25.917219841086908,0.6556398607259074,0.6098354203943304
168,168,1677.118675939567,1.677118675939567,Sector 1,55.419116526453365,0.0,1,0.25,585380.750596691,6620508.173047633,5.258564752903652,50.99555885410979,26.764872991869513,25.69427807219473,0.65,0.6045895727228034
168,168,1677.118675939567,1.677118675939567,Sector 1,55.419116526453365,0.0,2,0.5,585372.0437479406,6620432.093353121,5.258486537950562,50.995128711037125,30.5195069933465,29.298726713612638,0.7411833992898605,0.6894026995167566
168,168,1677.118675939567,1.677118675939567,Sector 1,55.419116526453365,0.0,3,0.75,585363.3368991902,6620356.013658607,5.258408322997472,50.99469856397732,27.981169043025048,26.861922281304047,0.6795384339574957,0.6320643868232081
168,168,1677.118675939567,1.677118675939567,Sector 1,55.419116526453365,0.0,4,0.9,585358.1127899399,6620310.3658419,5.258361394025617,50.994440473827595,41.17672767979925,39.529658572607275,1.0,0.9301378041889283
169,169,1687.118675939199,1.687118675939199,Sector 1,55.419116515356,0.0,0,0.1,585392.9332901543,6620560.133569767,5.25867419190105,50.99585262874251,28.049918512288837,26.927921771797283,0.6812080535008067,0.6336173630790544
169,169,1687.118675939199,1.687118675939199,Sector 1,55.419116515356,0.0,1,0.25,585386.053434218,6620515.018182455,5.258612389103649,50.995597555270066,26.764872991869513,25.69427807219473,0.65,0.6045895727228034
169,169,1687.118675939199,1.687118675939199,Sector 1,55.419116515356,0.0,2,0.5,585374.5870076576,6620439.825870268,5.258509384441314,50.99517242970023,28.342578208192567,27.208875079864864,0.6883154588823011,0.6402282295140781
169,169,1687.118675939199,1.687118675939199,Sector 1,55.419116515356,0.0,3,0.75,585363.1205810971,6620364.6335580805,5.258406379778979,50.99474730023573,28.13704628933248,27.01156443775918,0.6833240005892003,0.6355854854576327
169,169,1687.118675939199,1.687118675939199,Sector 1,55.419116515356,0.0,4,0.9,585356.2407251608,6620319.518170768,5.258344576981578,50.994492220687576,41.17672767979925,39.529658572607275,1.0,0.9301378041889283
170,170,1697.1186759394552,1.6971186759394552,Sector 1,55.41911652843089,0.0,0,0.1,585399.8664588073,6620566.438055589,5.258736473614733,50.995888272946175,29.10782698858418,27.94351390904081,0.7068999560852449,0.6575143729343795
170,170,1697.1186759394552,1.6971186759394552,Sector 1,55.41911652843089,0.0,1,0.25,585391.2927328441,6620521.842768267,5.258659454523988,50.995636140217805,26.764872991869513,25.69427807219473,0.65,0.6045895727228034
170,170,1697.1186759394552,1.6971186759394552,Sector 1,55.41911652843089,0.0,2,0.5,585377.0031895722,6620447.517289396,5.258531089372746,50.99521591595954,26.764872991869513,25.69427807219473,0.65,0.6045895727228034
170,170,1697.1186759394552,1.6971186759394552,Sector 1,55.41911652843089,0.0,3,0.75,585362.7136463004,6620373.191810526,5.258402724221504,50.99479568789588,28.430280547135318,27.293069325249906,0.6904453595296945,0.6422093306253852
170,170,1697.1186759394552,1.6971186759394552,Sector 1,55.41911652843089,0.0,4,0.9,585354.1399203372,6620328.596523204,5.258325705130758,50.99454354923109,41.17672767979925,39.529658572607275,1.0,0.9301378041889283
171,171,1707.118675939183,1.707118675939183,Sector 1,55.419116512035714,-6.23461404478873,0,0.1,585406.8011473529,6620572.740464676,5.258798768981845,50.995923905381055,29.985480274177142,28.786061063210056,0.7325468813604769,0.678639399147043
171,171,1707.118675939183,1.707118675939183,Sector 1,55.419116512035714,-6.23461404478873,1,0.25,585396.5332980475,6620528.6656234665,5.258706531322184,50.99567471534891,26.606573141117625,25.54231021547292,0.65,0.6021670703537003
171,171,1707.118675939183,1.707118675939183,Sector 1,55.419116512035714,-6.23461404478873,2,0.5,585379.4202158719,6620455.207554784,5.258552801889417,50.995259395655005,26.606573141117625,25.54231021547292,0.65,0.6021670703537003
171,171,1707.118675939183,1.707118675939183,Sector 1,55.419116512035714,-6.23461404478873,3,0.75,585362.3071336962,6620381.7494861,5.2583990724566485,50.99484407224401,29.545099048450442,28.363295086512423,0.7217883445431221,0.6686725736138139
171,171,1707.118675939183,1.707118675939183,Sector 1,55.419116512035714,-6.23461404478873,4,0.9,585352.0392843909,6620337.67464489,5.258306834796988,50.99459487641319,40.93318944787327,39.29586186995834,1.0,0.926410877467231
172,172,1717.1186759394393,1.7171186759394392,Sector 1,55.4191165274849,0.0,0,0.1,585413.7833364863,6620578.977970394,5.258861491053997,50.99595917083961,31.162059515151565,29.9155771345455,0.7567881488173538,0.7039172669771774
172,172,1717.1186759394393,1.7171186759394392,Sector 1,55.4191165274849,0.0,1,0.25,585401.813447074,6620535.434392525,5.258753963707914,50.99571298465553,26.764872991869513,25.69427807219473,0.65,0.6045895727228034
172,172,1717.1186759394393,1.7171186759394392,Sector 1,55.4191165274849,0.0,2,0.5,585381.8636313868,6620462.861762743,5.258574751464441,50.99530267144631,26.764872991869513,25.69427807219473,0.65,0.6045895727228034
172,172,1717.1186759394393,1.7171186759394392,Sector 1,55.4191165274849,0.0,3,0.75,585361.9138156995,6620390.289132961,5.258395539220969,50.99489235460908,31.68535301968091,30.417938898893674,0.7694966260086111,0.7157379020464386
172,172,1717.1186759394393,1.7171186759394392,Sector 1,55.4191165274849,0.0,4,0.9,585349.9439262872,6620346.745555092,5.258288011874886,50.994646162765264,41.17672767979925,39.529658572607275,1.0,0.9301378041889283
173,173,1727.1186759391671,1.7271186759391672,Sector 1,55.41911651848278,0.0,0,0.1,585420.7369881036,6620585.204933779,5.258923956769279,50.995994376667454,41.17672767979925,39.529658572607275,1.0,0.9301378041889283
173,173,1727.1186759391671,1.7271186759391672,Sector 1,55.41911651848278,0.0,1,0.25,585407.0222523105,6620542.176805751,5.258800755201474,50.99575110492001,26.764872991869513,25.69427807219473,0.65,0.6045895727228034
173,173,1727.1186759391671,1.7271186759391672,Sector 1,55.41911651848278,0.0,2,0.5,585384.1643593223,6620470.463259038,5.2585954192551325,50.9953456491735,26.764872991869513,25.69427807219473,0.65,0.6045895727228034
173,173,1727.1186759391671,1.7271186759391672,Sector 1,55.41911651848278,0.0,3,0.75,585361.306466334,6620398.749712325,5.25839008330879,50.99494018988435,33.72756806641457,32.37846534375799,0.8190929674812615,0.7618693341996139
173,173,1727.1186759391671,1.7271186759391672,Sector 1,55.41911651848278,0.0,4,0.9,585347.591730541,6620355.721584296,5.258266881740985,50.994696912610394,41.17672767979925,39.529658572607275,1.0,0.9301378041889283
174,174,1737.1186759393277,1.7371186759393276,Sector 1,55.41911651859647,0.0,0,0.1,585427.6748708091,6620591.426071811,5.258986280830016,50.99602954953341,41.17672767979925,39.529658572607275,1.0,0.9301378041889283
174,174,1737.1186759393277,1.7371186759393276,Sector 1,55.41911651859647,0.0,1,0.25,585412.1916352672,6620548.904655594,5.258847192558668,50.995789142814814,26.764872991869513,25.69427807219473,0.65,0.6045895727228034
174,174,1737.1186759393277,1.7371186759393276,Sector 1,55.41911651859647,0.0,2,0.5,585386.3862426975,6620478.035628566,5.2586153787730865,50.99538846218272,26.764872991869513,25.69427807219473,0.65,0.6045895727228034
174,174,1737.1186759393277,1.7371186759393276,Sector 1,55.41911651859647,0.0,3,0.75,585360.5808501277,6620407.166601537,5.258383564987506,50.994987778090945,41.17672767979925,39.529658572607275,1.0,0.9301378041889283
174,174,1737.1186759393277,1.7371186759393276,Sector 1,55.41911651859647,0.0,4,0.9,585345.0976145859,6620364.645185321,5.258244476716157,50.99474736597523,41.17672767979925,39.529658572607275,1.0,0.9301378041889283
175,175,1747.1186759390555,1.7471186759390556,Sector 1,55.41911651283215,0.0,0,0.1,585434.6127535143,6620597.647209843,5.259048604890752,50.99606472237271,41.17672767979925,39.529658572607275,1.0,0.9301378041889283
175,175,1747.1186759390555,1.7471186759390556,Sector 1,55.41911651283215,0.0,1,0.25,585417.3610182237,6620555.632505436,5.25889362991586,50.99582718067842,26.764872991869513,25.69427807219473,0.65,0.6045895727228034
175,175,1747.1186759390555,1.7471186759390556,Sector 1,55.41911651283215,0.0,2,0.5,585388.6081260727,6620485.607998094,5.258635338291042,50.99543127515244,26.764872991869513,25.69427807219473,0.65,0.6045895727228034
175,175,1747.1186759390555,1.7471186759390556,Sector 1,55.41911651283215,0.0,3,0.75,585359.8552339216,6620415.58349075,5.258377046666221,50.99503536624873,41.17672767979925,39.529658572607275,1.0,0.9301378041889283
175,175,1747.1186759390555,1.7471186759390556,Sector 1,55.41911651283215,0.0,4,0.9,585342.6034986309,6620373.568786344,5.25822207169133,50.994797819285196,41.17672767979925,39.529658572607275,1.0,0.9301378041889283
176,176,1757.1186759393115,1.7571186759393118,Sector 1,55.41911651768567,0.0,0,0.1,585441.548322983,6620603.867426524,5.25911090817133,50.99609988997626,41.17672767979925,39.529658572607275,1.0,0.9301378041889283
176,176,1757.1186759393115,1.7571186759393118,Sector 1,55.41911651768567,0.0,1,0.25,585422.524618088,6620562.358051903,5.258940015322652,50.995865205488066,26.764872991869513,25.69427807219473,0.65,0.6045895727228034
176,176,1757.1186759393115,1.7571186759393118,Sector 1,55.41911651768567,0.0,2,0.5,585390.8184432632,6620493.175760867,5.258655193908191,50.99547406203684,26.764872991869513,25.69427807219473,0.65,0.6045895727228034
176,176,1757.1186759393115,1.7571186759393118,Sector 1,55.41911651768567,0.0,3,0.75,585359.1122684384,6620423.9934698315,5.258370372493731,50.99508291528867,41.17672767979925,39.529658572607275,1.0,0.9301378041889283
176,176,1757.1186759393115,1.7571186759393118,Sector 1,55.41911651768567,0.0,4,0.9,585340.0885635435,6620382.48409521,5.258199479645055,50.994848225657215,41.17672767979925,39.529658572607275,1.0,0.9301378041889283
177,177,1767.118675939568,1.767118675939568,Sector 1,54.20126860050351,0.0,0,0.1,585449.0221909218,6620609.201170889,5.25917804706934,50.99613004565809,41.17672767979925,39.529658572607275,1.0,0.9301378041889283
177,177,1767.118675939568,1.767118675939568,Sector 1,54.20126860050351,0.0,1,0.25,585428.1361508666,6620568.344612887,5.258990424579276,50.99589905220471,26.764872991869513,25.69427807219473,0.65,0.6045895727228034
177,177,1767.118675939568,1.767118675939568,Sector 1,54.20126860050351,0.0,2,0.5,585393.3260841081,6620500.250349551,5.258677720429172,50.99551406056048,26.764872991869513,25.69427807219473,0.65,0.6045895727228034
177,177,1767.118675939568,1.767118675939568,Sector 1,54.20126860050351,0.0,3,0.75,585358.5160173494,6620432.156086216,5.2583650162790665,50.99512906572219,41.17672767979925,39.529658572607275,1.0,0.9301378041889283
177,177,1767.118675939568,1.767118675939568,Sector 1,54.20126860050351,0.0,4,0.9,585337.6299772942,6620391.299528214,5.258177393789004,50.99489806728605,41.17672767979925,39.529658572607275,1.0,0.9301378041889283
178,178,1777.1166907316062,1.7771166907316065,Sector 1,53.13097738468525,13.097302093272685,0,0.1,585456.8624248632,6620613.717009989,5.2592484770891454,50.99615557708894,40.10558258180421,38.501359278532036,1.0,0.9137458017630178
178,178,1777.1166907316062,1.7771166907316065,Sector 1,53.13097738468525,13.097302093272685,1,0.25,585434.0090994895,6620573.628204812,5.259043182174384,50.99592892446634,26.068628678172736,25.025883531045825,0.65,0.5939347711459615
178,178,1777.1166907316062,1.7771166907316065,Sector 1,53.13097738468525,13.097302093272685,2,0.5,585395.9202238669,6620506.813529518,5.258701023983117,50.99555116763521,26.068628678172736,25.025883531045825,0.65,0.5939347711459615
178,178,1777.1166907316062,1.7771166907316065,Sector 1,53.13097738468525,13.097302093272685,3,0.75,585357.8313482443,6620439.998854225,5.25835886579185,50.995173407728934,40.10558258180421,38.501359278532036,1.0,0.9137458017630178
178,178,1777.1166907316062,1.7771166907316065,Sector 1,53.13097738468525,13.097302093272685,4,0.9,585334.9780228707,6620399.910049048,5.25815357087709,50.99494675030909,40.10558258180421,38.501359278532036,1.0,0.9137458017630178
179,179,1787.116690731451,1.7871166907314509,Sector 1,53.13097736896253,0.0,0,0.1,585465.4418349942,6620617.247970268,5.25932554724164,50.996175540250164,41.17672767979925,39.529658572607275,1.0,0.9301378041889283
179,179,1787.116690731451,1.7871166907314509,Sector 1,53.13097736896253,0.0,1,0.25,585441.0283413851,6620578.223014065,5.259106237097161,50.995954902487256,26.764872991869513,25.69427807219473,0.65,0.6045895727228034
179,179,1787.116690731451,1.7871166907314509,Sector 1,53.13097736896253,0.0,2,0.5,585400.3391853697,6620513.181420391,5.258740720189695,50.995587170551104,26.764872991869513,25.69427807219473,0.65,0.6045895727228034
179,179,1787.116690731451,1.7871166907314509,Sector 1,53.13097736896253,0.0,3,0.75,585359.6500293543,6620448.139826719,5.25837520328223,50.99521943570086,41.17672767979925,39.529658572607275,1.0,0.9301378041889283
179,179,1787.116690731451,1.7871166907314509,Sector 1,53.13097736896253,0.0,4,0.9,585335.2365357451,6620409.114870515,5.258155893137751,50.994998793391936,41.17672767979925,39.529658572607275,1.0,0.9301378041889283
180,180,1797.1166907317613,1.7971166907317613,Sector 1,53.130977374479016,-19.74540879693306,0,0.1,585474.5363026279,6620619.968472118,5.259407244234402,50.99619092127744,38.75566333018376,37.20543679697641,1.0,0.8930876484570234
180,180,1797.1166907317613,1.7971166907317613,Sector 1,53.130977374479016,-19.74540879693306,1,0.25,585449.0380687419,6620582.058121577,5.259178189702224,50.99597658531379,25.191181164619444,24.183533918034666,0.65,0.5805069714970652
180,180,1797.1166907317613,1.7971166907317613,Sector 1,53.130977374479016,-19.74540879693306,2,0.5,585406.5410122653,6620518.874204008,5.258796432148593,50.995619356507696,25.191181164619444,24.183533918034666,0.65,0.5805069714970652
180,180,1797.1166907317613,1.7971166907317613,Sector 1,53.130977374479016,-19.74540879693306,3,0.75,585364.0439557887,6620455.690286439,5.258414674594963,50.995262124951566,38.75566333018376,37.20543679697641,1.0,0.8930876484570234
180,180,1797.1166907317613,1.7971166907317613,Sector 1,53.130977374479016,-19.74540879693306,4,0.9,585338.5457219027,6620417.779935898,5.258185620062785,50.99504778469789,38.75566333018376,37.20543679697641,1.0,0.8930876484570234
181,181,1807.116690731606,1.807116690731606,Sector 1,53.1309773874309,0.0,0,0.1,585484.2026373777,6620622.160824034,5.259494078396873,50.99620331627527,41.17672767979925,39.529658572607275,1.0,0.9301378041889283
181,181,1807.116690731606,1.807116690731606,Sector 1,53.1309773874309,0.0,1,0.25,585458.3979254372,6620584.911835279,5.25926227072549,50.99599271955613,26.764872991869513,25.69427807219473,0.65,0.6045895727228034
181,181,1807.116690731606,1.807116690731606,Sector 1,53.1309773874309,0.0,2,0.5,585415.390072203,6620522.830187352,5.258875924606515,50.99564172290029,26.764872991869513,25.69427807219473,0.65,0.6045895727228034
181,181,1807.116690731606,1.807116690731606,Sector 1,53.1309773874309,0.0,3,0.75,585372.3822189688,6620460.748539426,5.2584895784875405,50.99529072358954,27.492218247368026,26.392529517473303,0.6676639887743032,0.6210195164545517
181,181,1807.116690731606,1.807116690731606,Sector 1,53.1309773874309,0.0,4,0.9,585346.5775070284,6620423.49955067,5.258257770816156,50.99508012272874,41.17672767979925,39.529658572607275,1.0,0.9301378041889283
182,182,1817.1166907314507,1.8171166907314509,Sector 1,53.13097737687968,13.257803034918531,0,0.1,585494.0015525906,6620623.529983071,5.259582103549909,50.99621105714911,28.402541203785283,27.26643955563387,0.7086588447369402,0.6472488740502313
182,182,1817.1166907314507,1.8171166907314509,Sector 1,53.13097737687968,13.257803034918531,1,0.25,585467.9618659118,6620586.943142669,5.259348185064537,50.99600420409849,26.05153653210036,25.009475070816347,0.65,0.593673205742351
182,182,1817.1166907314507,1.8171166907314509,Sector 1,53.13097737687968,13.257803034918531,2,0.5,585424.5623881138,6620525.965075333,5.2589583209222495,50.99565944696506,26.05153653210036,25.009475070816347,0.65,0.593673205742351
182,182,1817.1166907314507,1.8171166907314509,Sector 1,53.13097737687968,13.257803034918531,3,0.75,585381.1629103158,6620464.987007996,5.258568456779962,50.99531468727026,26.05153653210036,25.009475070816347,0.65,0.593673205742351
182,182,1817.1166907314507,1.8171166907314509,Sector 1,53.13097737687968,13.257803034918531,4,0.9,585355.123223637,6620428.400167595,5.25833453829459,50.995107830223915,40.07928697246209,38.476115493563604,1.0,0.913343393449771
183,183,1827.116690731761,1.827116690731761,Sector 1,53.13097737755919,0.0,0,0.1,585503.8661576215,6620624.322779711,5.25967071880462,50.99621553941728,27.869461938046673,26.754683460524806,0.6768255640605229,0.6295410439741876
183,183,1827.116690731761,1.827116690731761,Sector 1,53.13097737755919,0.0,1,0.25,585477.5928126229,6620588.476647381,5.259434701330848,50.99601287417773,26.764872991869513,25.69427807219473,0.65,0.6045895727228034
183,183,1827.116690731761,1.827116690731761,Sector 1,53.13097737755919,0.0,2,0.5,585433.803904292,6620528.7330934955,5.259041338874563,50.99567509681152,26.764872991869513,25.69427807219473,0.65,0.6045895727228034
183,183,1827.116690731761,1.827116690731761,Sector 1,53.13097737755919,0.0,3,0.75,585390.0149959612,6620468.98953961,5.258647976418278,50.9953373169866,26.764872991869513,25.69427807219473,0.65,0.6045895727228034
183,183,1827.116690731761,1.827116690731761,Sector 1,53.13097737755919,0.0,4,0.9,585363.7416509626,6620433.14340728,5.258411958944507,50.99513464791148,41.17672767979925,39.529658572607275,1.0,0.9301378041889283
184,184,1837.1166907316056,1.8371166907316057,Sector 1,53.13097738673093,0.0,0,0.1,585513.5867525142,6620624.913753968,5.2597580403942485,50.99621888063335,27.96244428108523,26.843946509841818,0.6790836925782043,0.6316414146752002
184,184,1837.1166907316056,1.8371166907316057,Sector 1,53.13097738673093,0.0,1,0.25,585486.9037646165,6620590.093858775,5.259518343035704,50.99602201751333,26.764872991869513,25.69427807219473,0.65,0.6045895727228034
184,184,1837.1166907316056,1.8371166907316057,Sector 1,53.13097738673093,0.0,2,0.5,585442.4321181204,6620532.06070012,5.2591188474381285,50.99569391045736,26.764872991869513,25.69427807219473,0.65,0.6045895727228034
184,184,1837.1166907316056,1.8371166907316057,Sector 1,53.13097738673093,0.0,3,0.75,585397.9604716243,6620474.027541467,5.258719351840555,50.99536580108146,26.764872991869513,25.69427807219473,0.65,0.6045895727228034
184,184,1837.1166907316056,1.8371166907316057,Sector 1,53.13097738673093,0.0,4,0.9,585371.2774837265,6620439.207646274,5.258479654482009,50.99516893434235,30.750556376530554,29.520534121469332,0.7467945635616005,0.6946218555314161
185,185,1847.1166907313573,1.8471166907313572,Sector 1,56.54867256529178,0.0,0,0.1,585522.8861510092,6620624.305556604,5.25984157831226,50.99621544204226,27.206688269308085,26.11842073853576,0.6607297326022175,0.6145697026449644
185,185,1847.1166907313573,1.8471166907313572,Sector 1,56.54867256529178,0.0,1,0.25,585495.3210127705,6620591.05391591,5.259593956462373,50.996027445451354,26.764872991869513,25.69427807219473,0.65,0.6045895727228034
185,185,1847.1166907313573,1.8471166907313572,Sector 1,56.54867256529178,0.0,2,0.5,585449.379115706,6620535.634514756,5.259181253379228,50.995714116107294,26.764872991869513,25.69427807219473,0.65,0.6045895727228034
185,185,1847.1166907313573,1.8471166907313572,Sector 1,56.54867256529178,0.0,3,0.75,585403.4372186414,6620480.215113601,5.258768550296083,50.995400784647586,26.764872991869513,25.69427807219473,0.65,0.6045895727228034
185,185,1847.1166907313573,1.8471166907313572,Sector 1,56.54867256529178,0.0,4,0.9,585375.8720804027,6620446.963472907,5.258520928446195,50.99521278475624,27.097283738783084,26.013392389231758,0.6580727820214001,0.6120983724658844
186,186,1857.0808833935664,1.8570808833935664,Sector 1,63.42950107133271,0.0,0,0.1,585531.7395430107,6620623.493917697,5.259921109685773,50.99621085324476,26.764872991869513,25.69427807219473,0.65,0.6045895727228034
186,186,1857.0808833935664,1.8570808833935664,Sector 1,63.42950107133271,0.0,1,0.25,585502.7724471589,6620591.996405719,5.2596608938363705,50.99603277406721,26.764872991869513,25.69427807219473,0.65,0.6045895727228034
186,186,1857.0808833935664,1.8570808833935664,Sector 1,63.42950107133271,0.0,2,0.5,585454.4939540726,6620539.500552421,5.259227200754033,50.99573597391929,26.764872991869513,25.69427807219473,0.65,0.6045895727228034
186,186,1857.0808833935664,1.8570808833935664,Sector 1,63.42950107133271,0.0,3,0.75,585406.2154609862,6620487.004699125,5.2587935076716965,50.995439171873024,26.764872991869513,25.69427807219473,0.65,0.6045895727228034
186,186,1857.0808833935664,1.8570808833935664,Sector 1,63.42950107133271,0.0,4,0.9,585377.2483651345,6620455.507187147,5.258533291822294,50.995261089734065,26.764872991869513,25.69427807219473,0.65,0.6045895727228034
187,187,1867.08088339338,1.86708088339338,Sector 1,63.42950107908098,0.0,0,0.1,585540.2236824753,6620622.027523132,5.259997324007309,50.9962025626261,26.764872991869513,25.69427807219473,0.65,0.6045895727228034
187,187,1867.08088339338,1.86708088339338,Sector 1,63.42950107908098,0.0,1,0.25,585509.5246581995,6620592.401891536,5.2597215499801635,50.99603506658852,26.764872991869513,25.69427807219473,0.65,0.6045895727228034
187,187,1867.08088339338,1.86708088339338,Sector 1,63.42950107908098,0.0,2,0.5,585458.3596177401,6620543.025838876,5.259261926601592,50.99575590518236,26.764872991869513,25.69427807219473,0.65,0.6045895727228034
187,187,1867.08088339338,1.86708088339338,Sector 1,63.42950107908098,0.0,3,0.75,585407.1945772807,6620493.649786216,5.2588023032230184,50.99547674209679,26.764872991869513,25.69427807219473,0.65,0.6045895727228034
187,187,1867.08088339338,1.86708088339338,Sector 1,63.42950107908098,0.0,4,0.9,585376.495553005,6620464.02415462,5.2585265291958745,50.99530924343933,26.764872991869513,25.69427807219473,0.65,0.6045895727228034
188,188,1877.0808833936096,1.8770808833936097,Sector 1,63.42950107151228,-5.317386827900119,0,0.1,585548.347616006,6620620.144181274,5.2600703025438875,50.996191914692254,26.649693620936738,25.583705876099266,0.65,0.6028269538850018
188,188,1877.0808833936096,1.8770808833936097,Sector 1,63.42950107151228,-5.317386827900119,1,0.25,585515.5206954665,6620592.3016035985,5.2597754132993755,50.99603449958415,26.649693620936738,25.583705876099266,0.65,0.6028269538850018
188,188,1877.0808833936096,1.8770808833936097,Sector 1,63.42950107151228,-5.317386827900119,2,0.5,585460.8091612343,6620545.897307471,5.259283931225191,50.99577213988396,26.649693620936738,25.583705876099266,0.65,0.6028269538850018
188,188,1877.0808833936096,1.8770808833936097,Sector 1,63.42950107151228,-5.317386827900119,3,0.75,585406.097627002,6620499.493011344,5.258792449151006,50.99550977870045,26.649693620936738,25.583705876099266,0.65,0.6028269538850018
188,188,1877.0808833936096,1.8770808833936097,Sector 1,63.42950107151228,-5.317386827900119,4,0.9,585373.2707064626,6620471.650433669,5.258497559906494,50.99535236127835,26.649693620936738,25.583705876099266,0.65,0.6028269538850018
189,189,1887.080883393423,1.887080883393423,Sector 1,63.42950107592912,9.161710033319798,0,0.1,585556.1007247188,6620617.327352288,5.260139949904448,50.99617598905604,26.42343058953017,25.366493365948962,0.65,0.5993643938950877
189,189,1887.080883393423,1.887080883393423,Sector 1,63.42950107592912,9.161710033319798,1,0.25,585521.207712052,6620591.42340972,5.259826500638574,50.996029534482574,26.42343058953017,25.366493365948962,0.65,0.5993643938950877
189,189,1887.080883393423,1.887080883393423,Sector 1,63.42950107592912,9.161710033319798,2,0.5,585463.0526909408,6620548.250172107,5.259304085195448,50.99578544249963,26.42343058953017,25.366493365948962,0.65,0.5993643938950877
189,189,1887.080883393423,1.887080883393423,Sector 1,63.42950107592912,9.161710033319798,3,0.75,585404.8976698295,6620505.076934493,5.258781669752323,50.99554134923274,26.42343058953017,25.366493365948962,0.65,0.5993643938950877
189,189,1887.080883393423,1.887080883393423,Sector 1,63.42950107592912,9.161710033319798,4,0.9,585370.0046571628,6620479.172991925,5.258468220486448,50.9953948926563,26.42343058953017,25.366493365948962,0.65,0.5993643938950877
190,190,1897.0808833936528,1.8970808833936528,Sector 1,63.429501077692805,0.0,0,0.1,585563.7808016496,6620614.326678462,5.260208941209349,50.99615902400174,26.764872991869513,25.69427807219473,0.65,0.6045895727228034
190,190,1897.0808833936528,1.8970808833936528,Sector 1,63.429501077692805,0.0,1,0.25,585526.833868819,6620590.392011809,5.25987704126472,50.99602370320077,26.764872991869513,25.69427807219473,0.65,0.6045895727228034
190,190,1897.0808833936528,1.8970808833936528,Sector 1,63.429501077692805,0.0,2,0.5,585465.255647435,6620550.500900719,5.259323874690337,50.99579816765555,26.764872991869513,25.69427807219473,0.65,0.6045895727228034
190,190,1897.0808833936528,1.8970808833936528,Sector 1,63.429501077692805,0.0,3,0.75,585403.6774260509,6620510.60978963,5.258770708115956,50.99557263101416,26.764872991869513,25.69427807219473,0.65,0.6045895727228034
190,190,1897.0808833936528,1.8970808833936528,Sector 1,63.429501077692805,0.0,4,0.9,585366.7304932204,6620486.675122977,5.258438808171325,50.995437308503185,26.764872991869513,25.69427807219473,0.65,0.6045895727228034
191,191,1907.080883393466,1.907080883393466,Sector 1,55.80306676698871,0.0,0,0.1,585570.6201803124,6620609.911094058,5.260270380393218,50.99613405938801,26.764872991869513,25.69427807219473,0.65,0.6045895727228034
191,191,1907.080883393466,1.907080883393466,Sector 1,55.80306676698871,0.0,1,0.25,585531.8327100538,6620588.213701348,5.25992194661956,50.99601138754209,26.764872991869513,25.69427807219473,0.65,0.6045895727228034
191,191,1907.080883393466,1.907080883393466,Sector 1,55.80306676698871,0.0,2,0.5,585467.1869262895,6620552.051380163,5.2593412236634665,50.99580693374489,26.764872991869513,25.69427807219473,0.65,0.6045895727228034
191,191,1907.080883393466,1.907080883393466,Sector 1,55.80306676698871,0.0,3,0.75,585402.541142525,6620515.889058979,5.258760500707372,50.99560247904687,26.764872991869513,25.69427807219473,0.65,0.6045895727228034
191,191,1907.080883393466,1.907080883393466,Sector 1,55.80306676698871,0.0,4,0.9,585363.7536722664,6620494.191666268,5.258412066933714,50.995479805795675,26.764872991869513,25.69427807219473,0.65,0.6045895727228034
192,192,1916.9790289888765,1.916979028988876,Sector 1,47.01977939119854,0.0,0,0.1,585577.3431939522,6620605.361233713,5.260330774252297,50.996108335597526,26.764872991869513,25.69427807219473,0.65,0.6045895727228034
192,192,1916.9790289888765,1.916979028988876,Sector 1,47.01977939119854,0.0,1,0.25,585536.8872871051,6620585.971644059,5.2599673526577595,50.99599871147031,26.764872991869513,25.69427807219473,0.65,0.6045895727228034
192,192,1916.9790289888765,1.916979028988876,Sector 1,47.01977939119854,0.0,2,0.5,585469.4607756932,6620553.655661302,5.259361650000199,50.995816004016106,26.764872991869513,25.69427807219473,0.65,0.6045895727228034
192,192,1916.9790289888765,1.916979028988876,Sector 1,47.01977939119854,0.0,3,0.75,585402.0342642814,6620521.339678544,5.258755947342638,50.99563329584252,26.764872991869513,25.69427807219473,0.65,0.6045895727228034
192,192,1916.9790289888765,1.916979028988876,Sector 1,47.01977939119854,0.0,4,0.9,585361.5783574342,6620501.950088889,5.2583925257481,50.995523670593066,26.764872991869513,25.69427807219473,0.65,0.6045895727228034
193,193,1926.9790289889943,1.9269790289889943,Sector 1,47.019779389300766,1.4327514725652983,0,0.1,585584.011315858,6620600.507681491,5.26039067501054,50.99608089479219,26.75650523558853,25.68624502616499,0.65,0.604461518847083
193,193,1926.9790289889943,1.9269790289889943,Sector 1,47.019779389300766,1.4327514725652983,1,0.25,585542.0601795857,6620583.528062679,5.260013821541544,50.99598489602412,26.75650523558853,25.68624502616499,0.65,0.604461518847083
193,193,1926.9790289889943,1.9269790289889943,Sector 1,47.019779389300766,1.4327514725652983,2,0.5,585472.1416191319,6620555.228697992,5.259385732426551,50.995824897636,26.75650523558853,25.68624502616499,0.65,0.604461518847083
193,193,1926.9790289889943,1.9269790289889943,Sector 1,47.019779389300766,1.4327514725652983,3,0.75,585402.223058678,6620526.929333305,5.258757643311557,50.99566489869622,26.75650523558853,25.68624502616499,0.65,0.604461518847083
193,193,1926.9790289889943,1.9269790289889943,Sector 1,47.019779389300766,1.4327514725652983,4,0.9,585360.2719224057,6620509.949714493,5.258380789842562,50.99556889906755,26.75650523558853,25.68624502616499,0.65,0.604461518847083
194,194,1936.9790289891123,1.936979028989112,Sector 1,47.01977939281676,0.0,0,0.1,585590.9223915208,6620595.66857578,5.260452758259516,50.996053535647775,26.764872991869513,25.69427807219473,0.65,0.6045895727228034
194,194,1936.9790289891123,1.936979028989112,Sector 1,47.01977939281676,0.0,1,0.25,585547.8685920774,6620581.155253079,5.260065999398722,50.99597148070135,26.764872991869513,25.69427807219473,0.65,0.6045895727228034
194,194,1936.9790289891123,1.936979028989112,Sector 1,47.01977939281676,0.0,2,0.5,585476.1122596716,6620556.96638191,5.259421401297397,50.99583472213485,26.764872991869513,25.69427807219473,0.65,0.6045895727228034
194,194,1936.9790289891123,1.936979028989112,Sector 1,47.01977939281676,0.0,3,0.75,585404.3559272658,6620532.777510742,5.258776803196072,50.99569796316533,26.764872991869513,25.69427807219473,0.65,0.6045895727228034
194,194,1936.9790289891123,1.936979028989112,Sector 1,47.01977939281676,0.0,4,0.9,585361.3021278224,6620518.264188041,5.258390044335278,50.99561590759014,26.764872991869513,25.69427807219473,0.65,0.6045895727228034
195,195,1946.9790289892303,1.9469790289892304,Sector 1,47.01977938018115,0.0,0,0.1,585597.9187280516,6620590.816725786,5.2605156074199,50.996026104434044,27.319492273917213,26.226712582960523,0.6634692413238993,0.6171178232719059
195,195,1946.9790289892303,1.9469790289892304,Sector 1,47.01977938018115,0.0,1,0.25,585553.8901567389,6620578.750582773,5.26012009203442,50.995957885241474,26.764872991869513,25.69427807219473,0.65,0.6045895727228034
195,195,1946.9790289892303,1.9469790289892304,Sector 1,47.01977938018115,0.0,2,0.5,585480.5092045511,6620558.6403444195,5.259460899725284,50.995844186364316,26.764872991869513,25.69427807219473,0.65,0.6045895727228034
195,195,1946.9790289892303,1.9469790289892304,Sector 1,47.01977938018115,0.0,3,0.75,585407.1282523634,6620538.530106066,5.25880170741615,50.995730487208576,26.764872991869513,25.69427807219473,0.65,0.6045895727228034
195,195,1946.9790289892303,1.9469790289892304,Sector 1,47.01977938018115,0.0,4,0.9,585363.0996810507,6620526.463963053,5.258406192030669,50.995662267581416,26.764872991869513,25.69427807219473,0.65,0.6045895727228034
196,196,1956.9790289887983,1.9569790289887985,Sector 1,47.01977939210434,0.0,0,0.1,585604.9468702577,6620585.7800965635,5.260578742295528,50.995997628505044,28.281373981276484,27.150119022025425,0.6868290797947731,0.6388456921334126
196,196,1956.9790289887983,1.9569790289887985,Sector 1,47.01977939210434,0.0,1,0.25,585560.2178295203,6620576.144410098,5.260176934486144,50.995943150528454,26.764872991869513,25.69427807219473,0.65,0.6045895727228034
196,196,1956.9790289887983,1.9569790289887985,Sector 1,47.01977939210434,0.0,2,0.5,585485.6694282911,6620560.084932657,5.259507254803835,50.99585235375868,26.764872991869513,25.69427807219473,0.65,0.6045895727228034
196,196,1956.9790289887983,1.9569790289887985,Sector 1,47.01977939210434,0.0,3,0.75,585411.121027062,6620544.025455215,5.258837575121527,50.99576155681124,26.764872991869513,25.69427807219473,0.65,0.6045895727228034
196,196,1956.9790289887983,1.9569790289887985,Sector 1,47.01977939210434,0.0,4,0.9,585366.3919863246,6620534.3897687495,5.258435767312143,50.995707078557494,27.08717300051432,26.003686080493747,0.6578272370536846,0.6118699818087839
197,197,1966.9790289889163,1.9669790289889169,Sector 1,47.01977938822171,-15.056355454084873,0,0.1,585612.1366034432,6620580.651853604,5.260643328767621,50.99596863459534,28.272717715859184,27.141809007224815,0.7110278847065243,0.6459728646034525
197,197,1966.9790289889163,1.9669790289889169,Sector 1,47.01977938822171,-15.056355454084873,1,0.25,585566.9740351443,6620573.337426906,5.260237626513891,50.99592728047279,25.84605598540437,24.812213745988196,0.65,0.5905286853349639
197,197,1966.9790289889163,1.9669790289889169,Sector 1,47.01977938822171,-15.056355454084873,2,0.5,585491.7030879795,6620561.1467157435,5.259561456091007,50.99585835685329,25.84605598540437,24.812213745988196,0.65,0.5905286853349639
197,197,1966.9790289889163,1.9669790289889169,Sector 1,47.01977938822171,-15.056355454084873,3,0.75,585416.4321408145,6620548.9560045805,5.258885285668123,50.995789433131414,25.84605598540437,24.812213745988196,0.65,0.5905286853349639
197,197,1966.9790289889163,1.9669790289889169,Sector 1,47.01977938822171,-15.056355454084873,4,0.9,585371.2695725156,6620541.641577883,5.258479583414394,50.99574807884915,25.981230652936578,24.941981426819115,0.6533994948376477,0.5936171456692395
198,198,1976.9790289890343,1.9769790289890343,Sector 1,51.72945120752064,0.0,0,0.1,585619.5071006166,6620575.413474537,5.260709539070245,50.995939017982664,30.308941527177335,29.096583866090242,0.7360696984682077,0.6846462530632252
198,198,1976.9790289890343,1.9769790289890343,Sector 1,51.72945120752064,0.0,1,0.25,585574.1626256417,6620570.2330584135,5.260302202721042,50.99590972906078,26.764872991869513,25.69427807219473,0.65,0.6045895727228034
198,198,1976.9790289890343,1.9769790289890343,Sector 1,51.72945120752064,0.0,2,0.5,585498.5885006834,6620561.59903154,5.259623308805701,50.99586091414988,26.764872991869513,25.69427807219473,0.65,0.6045895727228034
198,198,1976.9790289890343,1.9769790289890343,Sector 1,51.72945120752064,0.0,3,0.75,585423.0143757253,6620552.965004667,5.2589444148903635,50.99581209918764,26.764872991869513,25.69427807219473,0.65,0.6045895727228034
198,198,1976.9790289890343,1.9769790289890343,Sector 1,51.72945120752064,0.0,4,0.9,585377.6699007503,6620547.784588543,5.258537078541159,50.995782810185645,26.764872991869513,25.69427807219473,0.65,0.6045895727228034
199,199,1986.9767111313447,1.9869767111313448,Sector 1,52.05243119790475,0.0,0,0.1,585627.0449288351,6620570.099598272,5.260777252533223,50.99590897450654,41.17672767979925,39.529658572607275,1.0,0.9301378041889283
199,199,1986.9767111313447,1.9869767111313448,Sector 1,52.05243119790475,0.0,1,0.25,585581.7144329629,6620566.872466666,5.260370041760435,50.995890729011734,26.764872991869513,25.69427807219473,0.65,0.6045895727228034
199,199,1986.9767111313447,1.9869767111313448,Sector 1,52.05243119790475,0.0,2,0.5,585506.1636065092,6620561.493913989,5.259691357139123,50.99586031983778,26.764872991869513,25.69427807219473,0.65,0.6045895727228034
199,199,1986.9767111313447,1.9869767111313448,Sector 1,52.05243119790475,0.0,3,0.75,585430.6127800555,6620556.1153613115,5.2590126725178115,50.995829910643906,26.764872991869513,25.69427807219473,0.65,0.6045895727228034
199,199,1986.9767111313447,1.9869767111313448,Sector 1,52.05243119790475,0.0,4,0.9,585385.2822841833,6620552.888229705,5.258605461745024,50.99581166511802,26.764872991869513,25.69427807219473,0.65,0.6045895727228034
200,200,1996.976711131207,1.996976711131207,Sector 1,52.05243120389139,0.0,0,0.1,585634.6236197036,6620564.735631147,5.26084533307163,50.9958786478081,41.17672767979925,39.529658572607275,1.0,0.9301378041889283
200,200,1996.976711131207,1.996976711131207,Sector 1,52.05243120389139,0.0,1,0.25,585589.3657788008,6620563.388948566,5.260438774969538,50.995871033955844,26.764872991869513,25.69427807219473,0.65,0.6045895727228034
200,200,1996.976711131207,1.996976711131207,Sector 1,52.05243120389139,0.0,2,0.5,585513.936043963,6620561.144477598,5.2597611781327185,50.9958583441993,26.764872991869513,25.69427807219473,0.65,0.6045895727228034
200,200,1996.976711131207,1.996976711131207,Sector 1,52.05243120389139,0.0,3,0.75,585438.5063091251,6620558.9000066295,5.259083581295899,50.99584565443927,26.764872991869513,25.69427807219473,0.65,0.6045895727228034
200,200,1996.976711131207,1.996976711131207,Sector 1,52.05243120389139,0.0,4,0.9,585393.2484682223,6620557.553324049,5.258677023193807,50.99583804058161,26.764872991869513,25.69427807219473,0.65,0.6045895727228034
201,201,2006.9767111309773,2.006976711130977,Sector 1,52.05243121336037,7.327733586209215,0,0.1,585642.2023105721,6620559.371664023,5.260913413610038,50.99584832108984,40.840430004522055,39.20681280434117,1.0,0.9249913564114141
201,201,2006.9767111309773,2.006976711130977,Sector 1,52.05243121336037,7.327733586209215,1,0.25,585597.0171246389,6620559.905430467,5.260507508178642,50.99585133889159,26.54627950293934,25.484428322821763,0.65,0.6012443816674192
201,201,2006.9767111309773,2.006976711130977,Sector 1,52.05243121336037,7.327733586209215,2,0.5,585521.7084814167,6620560.795041207,5.259830999126314,50.99585636856072,26.54627950293934,25.484428322821763,0.65,0.6012443816674192
201,201,2006.9767111309773,2.006976711130977,Sector 1,52.05243121336037,7.327733586209215,3,0.75,585446.3998381945,6620561.6846519485,5.2591544900739855,50.995861398229316,26.54627950293934,25.484428322821763,0.65,0.6012443816674192
201,201,2006.9767111309773,2.006976711130977,Sector 1,52.05243121336037,7.327733586209215,4,0.9,585401.2146522612,6620562.218418392,5.258748584642589,50.99586441603021,26.54627950293934,25.484428322821763,0.65,0.6012443816674192
202,202,2016.976711131412,2.016976711131412,Sector 1,52.05243120219177,0.0,0,0.1,585649.7810014411,6620554.007696897,5.26098149414845,50.99581799435176,41.17672767979925,39.529658572607275,1.0,0.9301378041889283
202,202,2016.976711131412,2.016976711131412,Sector 1,52.05243120219177,0.0,1,0.25,585604.6684704772,6620556.4219123665,5.260576241387749,50.99583164381897,26.764872991869513,25.69427807219473,0.65,0.6045895727228034
202,202,2016.976711131412,2.016976711131412,Sector 1,52.05243120219177,0.0,2,0.5,585529.4809188709,6620560.445604816,5.259900820119913,50.995854392922055,26.764872991869513,25.69427807219473,0.65,0.6045895727228034
202,202,2016.976711131412,2.016976711131412,Sector 1,52.05243120219177,0.0,3,0.75,585454.2933672646,6620564.469297267,5.259225398852079,50.995877142013995,26.764872991869513,25.69427807219473,0.65,0.6045895727228034
202,202,2016.976711131412,2.016976711131412,Sector 1,52.05243120219177,0.0,4,0.9,585409.1808363007,6620566.883512736,5.258820146091378,50.99589079146381,26.764872991869513,25.69427807219473,0.65,0.6045895727228034
203,203,2026.9767111311824,2.0269767111311827,Sector 1,52.05243119865264,0.0,0,0.1,585657.3596923096,6620548.643729772,5.261049574686859,50.995787667593866,41.17672767979925,39.529658572607275,1.0,0.9301378041889283
203,203,2026.9767111311824,2.0269767111311827,Sector 1,52.05243119865264,0.0,1,0.25,585612.3198163153,6620552.938394268,5.260644974596853,50.995811948737995,26.764872991869513,25.69427807219473,0.65,0.6045895727228034
203,203,2026.9767111311824,2.0269767111311827,Sector 1,52.05243119865264,0.0,2,0.5,585537.2533563246,6620560.096168427,5.259970641113509,50.995852417283324,26.764872991869513,25.69427807219473,0.65,0.6045895727228034
203,203,2026.9767111311824,2.0269767111311827,Sector 1,52.05243119865264,0.0,3,0.75,585462.1868963339,6620567.253942585,5.259296307630166,50.99589288579335,26.764872991869513,25.69427807219473,0.65,0.6045895727228034
203,203,2026.9767111311824,2.0269767111311827,Sector 1,52.05243119865264,0.0,4,0.9,585417.1470203396,6620571.54860708,5.25889170754016,50.99591716688243,26.764872991869513,25.69427807219473,0.65,0.6045895727228034
204,204,2036.9767111310448,2.036976711131045,Sector 1,52.05243120020168,0.0,0,0.1,585664.9383831783,6620543.279762648,5.261117655225268,50.99575734081614,41.17672767979925,39.529658572607275,1.0,0.9301378041889283
204,204,2036.9767111310448,2.036976711131045,Sector 1,52.05243120020168,0.0,1,0.25,585619.9711621533,6620549.454876169,5.260713707805957,50.99579225364866,29.930751524489864,28.733521463510268,0.7268851414624065,0.6761033493774012
204,204,2036.9767111310448,2.036976711131045,Sector 1,52.05243120020168,0.0,2,0.5,585545.0257937785,6620559.746732036,5.260040462107106,50.995850441644485,26.764872991869513,25.69427807219473,0.65,0.6045895727228034
204,204,2036.9767111310448,2.036976711131045,Sector 1,52.05243120020168,0.0,3,0.75,585470.0804254035,6620570.038587904,5.259367216408254,50.99590862956736,26.764872991869513,25.69427807219473,0.65,0.6045895727228034
204,204,2036.9767111310448,2.036976711131045,Sector 1,52.05243120020168,0.0,4,0.9,585425.1132043786,6620576.213701424,5.258963268988944,50.99594354228606,26.764872991869513,25.69427807219473,0.65,0.6045895727228034
205,205,2046.976711131388,2.046976711131388,Sector 1,52.052431199526495,-4.271222069943849,0,0.1,585672.5092505579,6620537.907775722,5.26118566548408,50.99572696867624,41.062366206657614,39.41987155839131,1.0,0.9283877018464191
205,205,2046.976711131388,2.046976711131388,Sector 1,52.052431199526495,-4.271222069943849,1,0.25,585627.6154099967,6620545.965456421,5.26078237725269,50.99577252518424,41.062366206657614,39.41987155839131,1.0,0.9283877018464191
205,205,2046.976711131388,2.046976711131388,Sector 1,52.052431199526495,-4.271222069943849,2,0.5,585552.7923423948,6620559.39492425,5.260110230200375,50.99584845259822,26.69053803432745,25.62291651295435,0.65,0.6034520062001725
205,205,2046.976711131388,2.046976711131388,Sector 1,52.052431199526495,-4.271222069943849,3,0.75,585477.969274793,6620572.82439208,5.259438083148062,50.995924379887946,26.69053803432745,25.62291651295435,0.65,0.6034520062001725
205,205,2046.976711131388,2.046976711131388,Sector 1,52.052431199526495,-4.271222069943849,4,0.9,585433.0754342319,6620580.882072778,5.259034794916673,50.99596993620216,26.69053803432745,25.62291651295435,0.65,0.6034520062001725
206,206,2056.97671113125,2.05697671113125,Sector 1,52.05243120331579,0.0,0,0.1,585680.073587439,6620532.530622723,5.261253617078425,50.99569656730847,41.17672767979925,39.529658572607275,1.0,0.9301378041889283
206,206,2056.97671113125,2.05697671113125,Sector 1,52.05243120331579,0.0,1,0.25,585635.2527085512,6620542.473768035,5.260850984272899,50.995752783885024,41.17672767979925,39.529658572607275,1.0,0.9301378041889283
206,206,2056.97671113125,2.05697671113125,Sector 1,52.05243120331579,0.0,2,0.5,585560.5512437383,6620559.045676891,5.260179929597023,50.995846478027964,26.764872991869513,25.69427807219473,0.65,0.6045895727228034
206,206,2056.97671113125,2.05697671113125,Sector 1,52.05243120331579,0.0,3,0.75,585485.8497789254,6620575.617585746,5.259508874921148,50.99594017198171,26.764872991869513,25.69427807219473,0.65,0.6045895727228034
206,206,2056.97671113125,2.05697671113125,Sector 1,52.05243120331579,0.0,4,0.9,585441.0289000376,6620585.560731059,5.259106242115622,50.995996388263165,26.764872991869513,25.69427807219473,0.65,0.6045895727228034
207,207,2066.976711131112,2.066976711131112,Sector 1,51.14499256855163,0.0,0,0.1,585687.6379243203,6620527.153469723,5.261321568672772,50.995666165920795,41.17672767979925,39.529658572607275,1.0,0.9301378041889283
207,207,2066.976711131112,2.066976711131112,Sector 1,51.14499256855163,0.0,1,0.25,585642.8900071059,6620538.98207965,5.260919591293109,50.99573304257742,41.17672767979925,39.529658572607275,1.0,0.9301378041889283
207,207,2066.976711131112,2.066976711131112,Sector 1,51.14499256855163,0.0,2,0.5,585568.3101450818,6620558.69642953,5.260249628993672,50.99584450345762,26.764872991869513,25.69427807219473,0.65,0.6045895727228034
207,207,2066.976711131112,2.066976711131112,Sector 1,51.14499256855163,0.0,3,0.75,585493.7302830578,6620578.41077941,5.2595796666942345,50.99595596407009,26.764872991869513,25.69427807219473,0.65,0.6045895727228034
207,207,2066.976711131112,2.066976711131112,Sector 1,51.14499256855163,0.0,4,0.9,585448.9823658434,6620590.239389338,5.259177689314573,50.99602284030907,26.764872991869513,25.69427807219473,0.65,0.6045895727228034
208,208,2076.9682213323576,2.0769682213323577,Sector 1,45.005753085290735,0.0,0,0.1,585695.1958392318,6620521.7808818165,5.261389462577583,50.995635790323384,41.17672767979925,39.529658572607275,1.0,0.9301378041889283
208,208,2076.9682213323576,2.0769682213323577,Sector 1,45.005753085290735,0.0,1,0.25,585650.5208217478,6620535.493355637,5.260988140067341,50.99571331802139,41.17672767979925,39.529658572607275,1.0,0.9301378041889283
208,208,2076.9682213323576,2.0769682213323577,Sector 1,45.005753085290735,0.0,2,0.5,585576.0624592743,6620558.347478674,5.260319269216936,50.99584253056356,26.764872991869513,25.69427807219473,0.65,0.6045895727228034
208,208,2076.9682213323576,2.0769682213323577,Sector 1,45.005753085290735,0.0,3,0.75,585501.6040968008,6620581.20160171,5.2596503983665315,50.99597174274594,26.764872991869513,25.69427807219473,0.65,0.6045895727228034
208,208,2076.9682213323576,2.0769682213323577,Sector 1,45.005753085290735,0.0,4,0.9,585456.9290793168,6620594.914075531,5.25924907585629,50.996049269882676,26.764872991869513,25.69427807219473,0.65,0.6045895727228034
209,209,2086.9682213323263,2.0869682213323264,Sector 1,45.00575308034541,0.0,0,0.1,585702.7601761131,6620516.403728816,5.26145741417193,50.99560538889588,41.17672767979925,39.529658572607275,1.0,0.9301378041889283
209,209,2086.9682213323263,2.0869682213323264,Sector 1,45.00575308034541,0.0,1,0.25,585658.1581203024,6620532.001667253,5.26105674708755,50.99569357669698,41.17672767979925,39.529658572607275,1.0,0.9301378041889283
209,209,2086.9682213323263,2.0869682213323264,Sector 1,45.00575308034541,0.0,2,0.5,585583.8213606179,6620557.998231314,5.260388968613585,50.995840555993055,26.764872991869513,25.69427807219473,0.65,0.6045895727228034
209,209,2086.9682213323263,2.0869682213323264,Sector 1,45.00575308034541,0.0,3,0.75,585509.4846009333,6620583.994795375,5.259721190139619,50.995987534823584,26.764872991869513,25.69427807219473,0.65,0.6045895727228034
209,209,2086.9682213323263,2.0869682213323264,Sector 1,45.00575308034541,0.0,4,0.9,585464.8825451225,6620599.592733812,5.25932052305524,50.996075721898436,26.764872991869513,25.69427807219473,0.65,0.6045895727228034
210,210,2096.968221332377,2.0969682213323773,Sector 1,45.00575308572712,0.0,0,0.1,585710.4347602574,6620511.153904672,5.26152635613429,50.99557570734295,41.17672767979925,39.529658572607275,1.0,0.9301378041889283
210,210,2096.968221332377,2.0969682213323773,Sector 1,45.00575308572712,0.0,1,0.25,585665.8881536317,6620528.614889651,5.261126187158415,50.99567442850964,41.17672767979925,39.529658572607275,1.0,0.9301378041889283
210,210,2096.968221332377,2.0969682213323773,Sector 1,45.00575308572712,0.0,2,0.5,585591.6438092557,6620557.716531281,5.260459238865291,50.99583896332074,26.764872991869513,25.69427807219473,0.65,0.6045895727228034
210,210,2096.968221332377,2.0969682213323773,Sector 1,45.00575308572712,0.0,3,0.75,585517.3994648798,6620586.818172912,5.259792290572168,50.996003497548465,26.764872991869513,25.69427807219473,0.65,0.6045895727228034
210,210,2096.968221332377,2.0969682213323773,Sector 1,45.00575308572712,0.0,4,0.9,585472.8528582541,6620604.279157891,5.259392121596292,50.996102217805074,26.764872991869513,25.69427807219473,0.65,0.6045895727228034
211,211,2106.968221332346,2.106968221332346,Sector 1,45.00575308343406,0.0,0,0.1,585718.187419262,6620505.95513124,5.2615959994550545,50.99554631440277,41.17672767979925,39.529658572607275,1.0,0.9301378041889283
211,211,2106.968221332346,2.106968221332346,Sector 1,45.00575308343406,0.0,1,0.25,585673.7093790674,6620525.234384315,5.261196446421909,50.9956553157766,41.17672767979925,39.529658572607275,1.0,0.9301378041889283
211,211,2106.968221332346,2.106968221332346,Sector 1,45.00575308343406,0.0,2,0.5,585599.5793120764,6620557.366472771,5.260530524700001,50.995836984164015,26.764872991869513,25.69427807219473,0.65,0.6045895727228034
211,211,2106.968221332346,2.106968221332346,Sector 1,45.00575308343406,0.0,3,0.75,585525.4492450855,6620589.498561228,5.2598646029780936,50.9960186518402,26.764872991869513,25.69427807219473,0.65,0.6045895727228034
211,211,2106.968221332346,2.106968221332346,Sector 1,45.00575308343406,0.0,4,0.9,585480.9712048909,6620608.777814303,5.259465049944948,50.99612765210455,26.764872991869513,25.69427807219473,0.65,0.6045895727228034
212,212,2116.9682213323968,2.116968221332397,Sector 2,35.94529699436322,-9.505366052167435,0,0.1,585725.9400782668,6620500.756357809,5.26166564277582,50.995516921443965,40.61137695835718,38.98692188002289,1.0,0.921486100125011
212,212,2116.9682213323968,2.116968221332397,Sector 2,35.94529699436322,-9.505366052167435,1,0.25,585681.5306045032,6620521.853878979,5.261266705685404,50.99563620303569,40.61137695835718,38.98692188002289,1.0,0.921486100125011
212,212,2116.9682213323968,2.116968221332397,Sector 2,35.94529699436322,-9.505366052167435,2,0.5,585607.5148148972,6620557.0164142605,5.2606018105347125,50.995835005007194,26.397395022932166,25.34149922201488,0.65,0.5989659650812572
212,212,2116.9682213323968,2.116968221332397,Sector 2,35.94529699436322,-9.505366052167435,3,0.75,585533.4990252913,6620592.178949543,5.259936915384021,50.99603380612701,26.397395022932166,25.34149922201488,0.65,0.5989659650812572
212,212,2116.9682213323968,2.116968221332397,Sector 2,35.94529699436322,-9.505366052167435,4,0.9,585489.0895515278,6620613.276470713,5.259537978293606,50.996153086390095,26.397395022932166,25.34149922201488,0.65,0.5989659650812572
213,213,2126.839144807416,2.126839144807416,Sector 2,26.57167449805513,0.0,0,0.1,585733.6673388013,6620495.494866431,5.261735057938245,50.995487173869876,41.17672767979925,39.529658572607275,1.0,0.9301378041889283
213,213,2126.839144807416,2.126839144807416,Sector 2,26.57167449805513,0.0,1,0.25,585689.4375516742,6620518.192453263,5.261337735000349,50.99561550201494,41.17672767979925,39.529658572607275,1.0,0.9301378041889283
213,213,2126.839144807416,2.126839144807416,Sector 2,26.57167449805513,0.0,2,0.5,585615.7212397959,6620556.021764649,5.260675530103857,50.995829381468084,26.764872991869513,25.69427807219473,0.65,0.6045895727228034
213,213,2126.839144807416,2.126839144807416,Sector 2,26.57167449805513,0.0,3,0.75,585542.0049279176,6620593.851076036,5.260013325207366,50.99604325993547,26.764872991869513,25.69427807219473,0.65,0.6045895727228034
213,213,2126.839144807416,2.126839144807416,Sector 2,26.57167449805513,0.0,4,0.9,585497.7751407905,6620616.548662867,5.2596160022694685,50.996171586542715,26.764872991869513,25.69427807219473,0.65,0.6045895727228034
214,214,2136.839144807444,2.136839144807444,Sector 2,26.571674501668724,2.769782499618299,0,0.1,585741.5222542261,6620490.105202845,5.261805619844061,50.99545670161223,41.12862344335086,39.48347850561682,1.0,0.9294016529783833
214,214,2136.839144807444,2.136839144807444,Sector 2,26.571674501668724,2.769782499618299,1,0.25,585697.5144181603,6620514.33472254,5.261410290726472,50.99559369111217,41.12862344335086,39.48347850561682,1.0,0.9294016529783833
214,214,2136.839144807444,2.136839144807444,Sector 2,26.571674501668724,2.769782499618299,2,0.5,585624.1680247172,6620554.717255366,5.260751408863822,50.99582200604672,28.302698417033813,27.17059048035246,0.6881508800316881,0.63956856539998
214,214,2136.839144807444,2.136839144807444,Sector 2,26.571674501668724,2.769782499618299,3,0.75,585550.8216312742,6620595.099788192,5.260092527001173,50.99605031985796,26.73360523817806,25.664261028650937,0.65,0.6041110744359491
214,214,2136.839144807444,2.136839144807444,Sector 2,26.571674501668724,2.769782499618299,4,0.9,585506.8137952083,6620619.329307887,5.2596971978835825,50.99618730760549,26.73360523817806,25.664261028650937,0.65,0.6041110744359491
215,215,2146.839144807472,2.146839144807472,Sector 2,19.049807553432345,0.0,0,0.1,585749.6314952485,6620484.910811769,5.261878466395592,50.9954273333738,41.17672767979925,39.529658572607275,1.0,0.9301378041889283
215,215,2146.839144807472,2.146839144807472,Sector 2,19.049807553432345,0.0,1,0.25,585705.8632066274,6620510.48126273,5.26148528916931,50.995571904346114,41.17672767979925,39.529658572607275,1.0,0.9301378041889283
215,215,2146.839144807472,2.146839144807472,Sector 2,19.049807553432345,0.0,2,0.5,585632.9160589257,6620553.098680999,5.260829993792177,50.995812854965756,41.17672767979925,39.529658572607275,1.0,0.9301378041889283
215,215,2146.839144807472,2.146839144807472,Sector 2,19.049807553432345,0.0,3,0.75,585559.9689112238,6620595.716099268,5.2601746984150415,50.99605380433427,26.764872991869513,25.69427807219473,0.65,0.6045895727228034
215,215,2146.839144807472,2.146839144807472,Sector 2,19.049807553432345,0.0,4,0.9,585516.2006226027,6620621.286550229,5.259781521188761,50.99619837335486,26.764872991869513,25.69427807219473,0.65,0.6045895727228034
216,216,2156.620957894449,2.1566209578944484,Sector 2,0.0,0.0,0,0.1,585757.8920909617,6620480.143647166,5.261952672589442,50.99540038058768,42.31355155914708,40.62100949678119,1.0,0.9475349054994633
216,216,2156.620957894449,2.1566209578944484,Sector 2,0.0,0.0,1,0.25,585714.3389381501,6620506.816252248,5.26156142796102,50.99555118302905,42.31355155914708,40.62100949678119,1.0,0.9475349054994633
216,216,2156.620957894449,2.1566209578944484,Sector 2,0.0,0.0,2,0.5,585641.750350131,6620551.270594051,5.260909353580317,50.995802519342284,42.31355155914708,40.62100949678119,1.0,0.9475349054994633
216,216,2156.620957894449,2.1566209578944484,Sector 2,0.0,0.0,3,0.75,585569.1617621117,6620595.724935854,5.260257279199614,50.99605385429423,27.503808513445602,26.403656172907777,0.65,0.6158976885746512
216,216,2156.620957894449,2.1566209578944484,Sector 2,0.0,0.0,4,0.9,585525.6086093001,6620622.397540936,5.259866034571191,50.99620465461198,27.503808513445602,26.403656172907777,0.65,0.6158976885746512
217,217,2166.620957894449,2.1666209578944486,Sector 2,353.5022949773701,0.0,0,0.1,585766.3460229386,6620475.224286678,5.2620286155525,50.99537256729397,42.80775597076758,41.09544573193688,1.0,0.9550978397175653
217,217,2166.620957894449,2.1666209578944486,Sector 2,353.5022949773701,0.0,1,0.25,585723.0264256092,6620502.954836026,5.261639468988672,50.99552935125887,42.80775597076758,41.09544573193688,1.0,0.9550978397175653
217,217,2166.620957894449,2.1666209578944486,Sector 2,353.5022949773701,0.0,2,0.5,585650.827096727,6620549.17241827,5.260990891382289,50.995790656689884,42.80775597076758,41.09544573193688,1.0,0.9550978397175653
217,217,2166.620957894449,2.1666209578944486,Sector 2,353.5022949773701,0.0,3,0.75,585578.6277678447,6620595.390000515,5.260342313775909,50.99605196064947,27.82504138099893,26.71203972575897,0.65,0.6208135958164176
217,217,2166.620957894449,2.1666209578944486,Sector 2,353.5022949773701,0.0,4,0.9,585535.3081705153,6620623.120549862,5.25995316721208,50.99620874231895,27.82504138099893,26.71203972575897,0.65,0.6208135958164176
218,218,2176.586185379354,2.176586185379354,Sector 2,349.9874631882629,-8.190143282649226,0,0.1,585774.9545522409,6620470.507832401,5.26210594728696,50.99534590118454,42.62750152597899,40.92240146493983,1.0,0.9523393606825716
218,218,2176.586185379354,2.176586185379354,Sector 2,349.9874631882629,-8.190143282649226,1,0.25,585731.8530684883,6620499.103560637,5.261718760070728,50.995507576812955,42.62750152597899,40.92240146493983,1.0,0.9523393606825716
218,218,2176.586185379354,2.176586185379354,Sector 2,349.9874631882629,-8.190143282649226,2,0.5,585660.0172622339,6620546.763107697,5.261073448043675,50.9957770349419,42.62750152597899,40.92240146493983,1.0,0.9523393606825716
218,218,2176.586185379354,2.176586185379354,Sector 2,349.9874631882629,-8.190143282649226,3,0.75,585588.1814559796,6620594.422654755,5.260428136016621,50.99604649150617,27.707875991886347,26.599560952210894,0.65,0.6190205844436716
218,218,2176.586185379354,2.176586185379354,Sector 2,349.9874631882629,-8.190143282649226,4,0.9,585545.0799722269,6620623.018382991,5.2600409488003885,50.9962081646937,42.62750152597899,40.92240146493983,1.0,0.9523393606825716
219,219,2186.586185379124,2.186586185379124,Sector 2,349.9874631877641,0.0,0,0.1,585783.7949775787,6620466.060339883,5.2621853621789505,50.99532075572963,43.06674994504768,41.344079947245774,1.0,0.9590612895458308
219,219,2186.586185379124,2.186586185379124,Sector 2,349.9874631877641,0.0,1,0.25,585740.8757654977,6620495.406108525,5.261799812337003,50.995486672047655,43.06674994504768,41.344079947245774,1.0,0.9590612895458308
219,219,2186.586185379124,2.186586185379124,Sector 2,349.9874631877641,0.0,2,0.5,585669.3437453627,6620544.315722927,5.261157229267091,50.995763197926124,43.06674994504768,41.344079947245774,1.0,0.9590612895458308
219,219,2186.586185379124,2.186586185379124,Sector 2,349.9874631877641,0.0,3,0.75,585597.8117252276,6620593.225337329,5.260514646197178,50.99603972215675,29.811521581844875,28.61906071857108,0.6922166548412356,0.6638781976371367
219,219,2186.586185379124,2.186586185379124,Sector 2,349.9874631877641,0.0,4,0.9,585554.8925131466,6620622.571105971,5.2601290963552305,50.99620563590419,43.06674994504768,41.344079947245774,1.0,0.9590612895458308
220,220,2196.5861853788733,2.196586185378873,Sector 2,354.53890058797657,0.0,0,0.1,585792.6296975525,6620461.476793506,5.262264725818785,50.99529484103236,42.73015658336026,41.020950320025854,1.0,0.9539103168049266
220,220,2196.5861853788733,2.196586185378873,Sector 2,354.53890058797657,0.0,1,0.25,585749.8841990976,6620491.368521768,5.261880736472892,50.995463844208196,42.73015658336026,41.020950320025854,1.0,0.9539103168049266
220,220,2196.5861853788733,2.196586185378873,Sector 2,354.53890058797657,0.0,2,0.5,585678.6417016727,6620541.18806887,5.261240754229735,50.99574551480014,42.73015658336026,41.020950320025854,1.0,0.9539103168049266
220,220,2196.5861853788733,2.196586185378873,Sector 2,354.53890058797657,0.0,3,0.75,585607.3992042479,6620591.007615973,5.260600771986579,50.99602718368237,42.73015658336026,41.020950320025854,1.0,0.9539103168049266
220,220,2196.5861853788733,2.196586185378873,Sector 2,354.53890058797657,0.0,4,0.9,585564.653705793,6620620.899344235,5.260216782640686,50.99619618419106,42.73015658336026,41.020950320025854,1.0,0.9539103168049266
221,221,2206.31672054238,2.20631672054238,Sector 2,32.471246839815535,0.0,0,0.1,585801.2319561703,6620457.005131342,5.262342001222727,50.995269558898045,41.17672767979925,39.529658572607275,1.0,0.9301378041889283
221,221,2206.31672054238,2.20631672054238,Sector 2,32.471246839815535,0.0,1,0.25,585758.6463548441,6620487.377185055,5.26195944825718,50.995441277847696,41.17672767979925,39.529658572607275,1.0,0.9301378041889283
221,221,2206.31672054238,2.20631672054238,Sector 2,32.471246839815535,0.0,2,0.5,585687.6703526337,6620537.997274576,5.261321859981267,50.99572747468502,41.17672767979925,39.529658572607275,1.0,0.9301378041889283
221,221,2206.31672054238,2.20631672054238,Sector 2,32.471246839815535,0.0,3,0.75,585616.6943504233,6620588.617364097,5.260684271705355,50.996013669757254,41.17672767979925,39.529658572607275,1.0,0.9301378041889283
221,221,2206.31672054238,2.20631672054238,Sector 2,32.471246839815535,0.0,4,0.9,585574.1087490971,6620618.98941781,5.260301718739807,50.99618538595335,41.17672767979925,39.529658572607275,1.0,0.9301378041889283
222,222,2216.316720542228,2.216316720542227,Sector 2,32.471246836309035,0.0,0,0.1,585810.3272614337,6620452.859572156,5.262423705740046,50.99524612049073,41.17672767979925,39.529658572607275,1.0,0.9301378041889283
222,222,2216.316720542228,2.216316720542227,Sector 2,32.471246836309035,0.0,1,0.25,585767.837607022,6620483.539966507,5.262042014680297,50.99541958283556,41.17672767979925,39.529658572607275,1.0,0.9301378041889283
222,222,2216.316720542228,2.216316720542227,Sector 2,32.471246836309035,0.0,2,0.5,585697.0215163357,6620534.673957092,5.261405862914045,50.995708685302745,41.17672767979925,39.529658572607275,1.0,0.9301378041889283
222,222,2216.316720542228,2.216316720542227,Sector 2,32.471246836309035,0.0,3,0.75,585626.2054256494,6620585.807947677,5.260769711147795,50.995997785968804,41.17672767979925,39.529658572607275,1.0,0.9301378041889283
222,222,2216.316720542228,2.216316720542227,Sector 2,32.471246836309035,0.0,4,0.9,585583.7157712376,6620616.488342027,5.260388020088044,50.996171245503895,41.17672767979925,39.529658572607275,1.0,0.9301378041889283
223,223,2226.316720542075,2.226316720542075,Sector 2,32.47124684665408,-3.532288401306234,0,0.1,585819.4310088381,6620448.698690592,5.262505486094408,50.995222595440936,41.09850164391206,39.45456157815558,1.0,0.9289406915172349
223,223,2226.316720542075,2.226316720542075,Sector 2,32.47124684665408,-3.532288401306234,1,0.25,585777.0037216407,6620479.560667039,5.262124355288876,50.99539708451022,41.09850164391206,39.45456157815558,1.0,0.9289406915172349
223,223,2226.316720542075,2.226316720542075,Sector 2,32.47124684665408,-3.532288401306234,2,0.5,585706.2915763115,6620530.997294449,5.261489137279654,50.995687898167695,41.09850164391206,39.45456157815558,1.0,0.9289406915172349
223,223,2226.316720542075,2.226316720542075,Sector 2,32.47124684665408,-3.532288401306234,3,0.75,585635.5794309824,6620582.43392186,5.260853919270435,50.99597871000266,41.09850164391206,39.45456157815558,1.0,0.9289406915172349
223,223,2226.316720542075,2.226316720542075,Sector 2,32.47124684665408,-3.532288401306234,4,0.9,585593.1521437849,6620613.295898306,5.260472788464902,50.996153196228846,41.09850164391206,39.45456157815558,1.0,0.9289406915172349
224,224,2236.31672054186,2.23631672054186,Sector 2,32.47124683927808,0.0,0,0.1,585828.710870582,6620444.925027077,5.262588848510799,50.99520125965822,41.17672767979925,39.529658572607275,1.0,0.9301378041889283
224,224,2236.31672054186,2.23631672054186,Sector 2,32.47124683927808,0.0,1,0.25,585786.2919951465,6620475.8354953285,5.26220779326941,50.995376022972856,41.17672767979925,39.529658572607275,1.0,0.9301378041889283
224,224,2236.31672054186,2.23631672054186,Sector 2,32.47124683927808,0.0,2,0.5,585715.5938694207,6620527.352942413,5.2615727012004285,50.995667293701324,41.17672767979925,39.529658572607275,1.0,0.9301378041889283
224,224,2236.31672054186,2.23631672054186,Sector 2,32.47124683927808,0.0,3,0.75,585644.8957436947,6620578.870389498,5.260937609131446,50.99595856260157,41.17672767979925,39.529658572607275,1.0,0.9301378041889283
224,224,2236.31672054186,2.23631672054186,Sector 2,32.47124683927808,0.0,4,0.9,585602.4768682593,6620609.780857749,5.2605565538900585,50.99613332306418,41.17672767979925,39.529658572607275,1.0,0.9301378041889283
225,225,2246.316720541708,2.2463167205417074,Sector 2,32.47124683968826,0.0,0,0.1,585837.9404205638,6620441.037620165,5.26267175896894,50.99517928077546,41.17672767979925,39.529658572607275,1.0,0.9301378041889283
225,225,2246.316720541708,2.2463167205417074,Sector 2,32.47124683968826,0.0,1,0.25,585795.454489247,6620471.825965126,5.262290101354321,50.995353353706435,41.17672767979925,39.529658572607275,1.0,0.9301378041889283
225,225,2246.316720541708,2.2463167205417074,Sector 2,32.47124683968826,0.0,2,0.5,585724.6446037188,6620523.139873393,5.261654005329953,50.99564347380699,41.17672767979925,39.529658572607275,1.0,0.9301378041889283
225,225,2246.316720541708,2.2463167205417074,Sector 2,32.47124683968826,0.0,3,0.75,585653.8347181906,6620574.453781661,5.261017909305586,50.995933592093735,41.17672767979925,39.529658572607275,1.0,0.9301378041889283
225,225,2246.316720541708,2.2463167205417074,Sector 2,32.47124683968826,0.0,4,0.9,585611.3487868737,6620605.242126621,5.260636251690966,50.99610766219516,41.17672767979925,39.529658572607275,1.0,0.9301378041889283
226,226,2256.3167205423406,2.2563167205423404,Sector 2,45.9087988397041,-2.5948983737142477,0,0.1,585847.1069871505,6620437.04723652,5.262754103637618,50.9951567196651,41.134505267438186,39.489125056740654,1.0,0.9294916640094644
226,226,2256.3167205423406,2.2563167205423404,Sector 2,45.9087988397041,-2.5948983737142477,1,0.25,585804.4595248585,6620467.558993091,5.2623709949655595,50.995329228891364,41.134505267438186,39.489125056740654,1.0,0.9294916640094644
226,226,2256.3167205423406,2.2563167205423404,Sector 2,45.9087988397041,-2.5948983737142477,2,0.5,585733.3804210387,6620518.41192071,5.261732480512132,50.995616742843374,41.134505267438186,39.489125056740654,1.0,0.9294916640094644
226,226,2256.3167205423406,2.2563167205423404,Sector 2,45.9087988397041,-2.5948983737142477,3,0.75,585662.3013172189,6620569.264848329,5.261093966058702,50.995904255014004,41.134505267438186,39.489125056740654,1.0,0.9294916640094644
226,226,2256.3167205423406,2.2563167205423404,Sector 2,45.9087988397041,-2.5948983737142477,4,0.9,585619.6538549269,6620599.7766049,5.260710857386645,50.996076761461325,41.134505267438186,39.489125056740654,1.0,0.9294916640094644
227,227,2266.2375365998846,2.266237536599885,Sector 2,49.773828981968336,0.0,0,0.1,585856.1768283157,6620433.053730083,5.26283557940705,50.9951341408879,41.17672767979925,39.529658572607275,1.0,0.9301378041889283
227,227,2266.2375365998846,2.266237536599885,Sector 2,49.773828981968336,0.0,1,0.25,585813.3329027155,6620463.239008067,5.262450705875067,50.995304804336094,41.17672767979925,39.529658572607275,1.0,0.9301378041889283
227,227,2266.2375365998846,2.266237536599885,Sector 2,49.773828981968336,0.0,2,0.5,585741.9263600488,6620513.547804708,5.26180924998843,50.995589242021644,41.17672767979925,39.529658572607275,1.0,0.9301378041889283
227,227,2266.2375365998846,2.266237536599885,Sector 2,49.773828981968336,0.0,3,0.75,585670.5198173821,6620563.856601347,5.2611677941017945,50.995873677963736,41.17672767979925,39.529658572607275,1.0,0.9301378041889283
227,227,2266.2375365998846,2.266237536599885,Sector 2,49.773828981968336,0.0,4,0.9,585627.6758917819,6620594.041879332,5.260782920569811,50.99604433869213,41.17672767979925,39.529658572607275,1.0,0.9301378041889283
228,228,2276.237536599313,2.276237536599313,Sector 2,49.77382898465919,0.0,0,0.1,585865.2983343819,6620429.001940231,5.262917519290185,50.99511123257246,41.17672767979925,39.529658572607275,1.0,0.9301378041889283
228,228,2276.237536599313,2.276237536599313,Sector 2,49.77382898465919,0.0,1,0.25,585822.2252870279,6620458.818520516,5.262530587522467,50.99527981154112,41.17672767979925,39.529658572607275,1.0,0.9301378041889283
228,228,2276.237536599313,2.276237536599313,Sector 2,49.77382898465919,0.0,2,0.5,585750.436874771,6620508.51282099,5.261885701242937,50.995560775127956,41.17672767979925,39.529658572607275,1.0,0.9301378041889283
228,228,2276.237536599313,2.276237536599313,Sector 2,49.77382898465919,0.0,3,0.75,585678.6484625142,6620558.2071214635,5.261240814963407,50.99584173701366,41.17672767979925,39.529658572607275,1.0,0.9301378041889283
228,228,2276.237536599313,2.276237536599313,Sector 2,49.77382898465919,0.0,4,0.9,585635.5754151602,6620588.023701749,5.26085388319569,50.99601031332857,41.17672767979925,39.529658572607275,1.0,0.9301378041889283
229,229,2286.237536599432,2.286237536599432,Sector 2,51.123649465649976,-0.342773052205391,0,0.1,585874.4089395183,6620424.937054602,5.262999361248601,50.995088250203764,41.1759908136301,39.52895118108489,1.0,0.9301265277408963
229,229,2286.237536599432,2.286237536599432,Sector 2,51.123649465649976,-0.342773052205391,1,0.25,585831.0904190142,6620454.365293522,5.262610224358058,50.99525463362846,41.1759908136301,39.52895118108489,1.0,0.9301265277408963
229,229,2286.237536599432,2.286237536599432,Sector 2,51.123649465649976,-0.342773052205391,2,0.5,585758.8928848407,6620503.412358388,5.26196166287382,50.99553193801061,41.1759908136301,39.52895118108489,1.0,0.9301265277408963
229,229,2286.237536599432,2.286237536599432,Sector 2,51.123649465649976,-0.342773052205391,3,0.75,585686.6953506673,6620552.459423255,5.261313101389582,50.99580924073566,41.1759908136301,39.52895118108489,1.0,0.9301265277408963
229,229,2286.237536599432,2.286237536599432,Sector 2,51.123649465649976,-0.342773052205391,4,0.9,585643.3768301633,6620581.887662174,5.260923964499041,50.99597562157527,41.1759908136301,39.52895118108489,1.0,0.9301265277408963
230,230,2296.230707783165,2.296230707783165,Sector 2,54.44527697577507,0.0,0,0.1,585883.5002718804,6620420.866170108,5.263081030076739,50.99506523390681,41.17672767979925,39.529658572607275,1.0,0.9301378041889283
230,230,2296.230707783165,2.296230707783165,Sector 2,54.44527697577507,0.0,1,0.25,585839.908339645,6620449.872200556,5.262689437086825,50.99522923030543,29.970010108794007,28.771209704442246,0.7278385582712754,0.6769901583944795
230,230,2296.230707783165,2.296230707783165,Sector 2,54.44527697577507,0.0,2,0.5,585767.2551192526,6620498.215584638,5.262036782103636,50.99550255634856,41.17672767979925,39.529658572607275,1.0,0.9301378041889283
230,230,2296.230707783165,2.296230707783165,Sector 2,54.44527697577507,0.0,3,0.75,585694.6018988602,6620546.558968718,5.261384127120446,50.995775880781785,41.17672767979925,39.529658572607275,1.0,0.9301378041889283
230,230,2296.230707783165,2.296230707783165,Sector 2,54.44527697577507,0.0,4,0.9,585651.0099666248,6620575.564999167,5.260992534130533,50.995939874668984,41.17672767979925,39.529658572607275,1.0,0.9301378041889283
231,231,2306.230707783006,2.3062307077830058,Sector 2,54.44527697536347,0.0,0,0.1,585892.613969811,6620416.832218051,5.263162899818199,50.995042426410194,41.17672767979925,39.529658572607275,1.0,0.9301378041889283
231,231,2306.230707783006,2.3062307077830058,Sector 2,54.44527697536347,0.0,1,0.25,585848.7457468384,6620445.409132468,5.262768824866364,50.99520399672511,26.764872991869513,25.69427807219473,0.65,0.6045895727228034
231,231,2306.230707783006,2.3062307077830058,Sector 2,54.44527697536347,0.0,2,0.5,585775.6320418839,6620493.037323162,5.262112033279972,50.99547327933322,31.702317967290654,30.434225248599027,0.7699086293067282,0.7161211218894677
231,231,2306.230707783006,2.3062307077830058,Sector 2,54.44527697536347,0.0,3,0.75,585702.5183369295,6620540.665513857,5.26145524169358,50.9957425603787,41.17672767979925,39.529658572607275,1.0,0.9301378041889283
231,231,2306.230707783006,2.3062307077830058,Sector 2,54.44527697536347,0.0,4,0.9,585658.6501139569,6620569.242428274,5.2610611667417455,50.99590412825594,41.17672767979925,39.529658572607275,1.0,0.9301378041889283
232,232,2316.2307077833884,2.3162307077833884,Sector 2,54.44527697931585,0.0,0,0.1,585901.7276677421,6620412.7982659945,5.263244769559662,50.99501961890238,41.17672767979925,39.529658572607275,1.0,0.9301378041889283
232,232,2316.2307077833884,2.3162307077833884,Sector 2,54.44527697931585,0.0,1,0.25,585857.5831540322,6620440.946064379,5.262848212645906,50.99517876313107,26.764872991869513,25.69427807219473,0.65,0.6045895727228034
232,232,2316.2307077833884,2.3162307077833884,Sector 2,54.44527697931585,0.0,2,0.5,585784.0089645158,6620487.859061688,5.262187284456313,50.9954440022994,26.764872991869513,25.69427807219473,0.65,0.6045895727228034
232,232,2316.2307077833884,2.3162307077833884,Sector 2,54.44527697931585,0.0,3,0.75,585710.4347749993,6620534.772058996,5.261526356266719,50.995709239951694,41.17672767979925,39.529658572607275,1.0,0.9301378041889283
232,232,2316.2307077833884,2.3162307077833884,Sector 2,54.44527697931585,0.0,4,0.9,585666.2902612895,6620562.919857381,5.261129799352963,50.99586838181536,41.17672767979925,39.529658572607275,1.0,0.9301378041889283
233,233,2326.2307077831347,2.3262307077831346,Sector 2,58.50545162199597,0.0,0,0.1,585910.8446798268,6620408.768080491,5.263326669072673,50.99499683267903,41.17672767979925,39.529658572607275,1.0,0.9301378041889283
233,233,2326.2307077831347,2.3262307077831346,Sector 2,58.50545162199597,0.0,1,0.25,585866.4288466112,6620436.492412673,5.262927674854328,50.99515358276233,26.769800799325793,25.699008767352762,0.6501196745767318,0.604700886570822
233,233,2326.2307077831347,2.3262307077831346,Sector 2,58.50545162199597,0.0,2,0.5,585792.4024579186,6620482.699632978,5.2622626844904214,50.99541483172456,26.764872991869513,25.69427807219473,0.65,0.6045895727228034
233,233,2326.2307077831347,2.3262307077831346,Sector 2,58.50545162199597,0.0,3,0.75,585718.3760692261,6620528.906853284,5.2615976941265155,50.995676079216025,41.17672767979925,39.529658572607275,1.0,0.9301378041889283
233,233,2326.2307077831347,2.3262307077831346,Sector 2,58.50545162199597,0.0,4,0.9,585673.9602360105,6620556.631185466,5.26119869990817,50.99583282700493,41.17672767979925,39.529658572607275,1.0,0.9301378041889283
234,234,2336.2230875091896,2.3362230875091896,Sector 2,59.73761360042028,-3.87738544447774,0,0.1,585919.9562125527,6620404.74263455,5.263408519363769,50.99497407324148,41.082476071110406,39.43917702826599,1.0,0.9286954481522296
234,234,2336.2230875091896,2.3362230875091896,Sector 2,59.73761360042028,-3.87738544447774,1,0.25,585875.271468665,6620432.046325899,5.263007109479755,50.99512844515111,27.2327865802593,26.14347511704893,0.6628808481047144,0.6156144263021377
234,234,2336.2230875091896,2.3362230875091896,Sector 2,59.73761360042028,-3.87738544447774,2,0.5,585800.7968955189,6620477.552478148,5.2623380930064005,50.99538573052597,41.082476071110406,39.43917702826599,1.0,0.9286954481522296
234,234,2336.2230875091896,2.3362230875091896,Sector 2,59.73761360042028,-3.87738544447774,3,0.75,585726.3223223727,6620523.058630397,5.261669076533046,50.99564301447435,41.082476071110406,39.43917702826599,1.0,0.9286954481522296
234,234,2336.2230875091896,2.3362230875091896,Sector 2,59.73761360042028,-3.87738544447774,4,0.9,585681.637578485,6620550.362321746,5.261267666649033,50.995797384158685,41.082476071110406,39.43917702826599,1.0,0.9286954481522296
235,235,2346.223087509424,2.3462230875094243,Sector 2,59.73761361482201,0.0,0,0.1,585929.0746938112,6620400.714118768,5.263490432074594,50.994951296436206,41.17672767979925,39.529658572607275,1.0,0.9301378041889283
235,235,2346.223087509424,2.3462230875094243,Sector 2,59.73761361482201,0.0,1,0.25,585884.1208341778,6620427.5968485,5.263086604682704,50.995103288356084,41.17672767979925,39.529658572607275,1.0,0.9301378041889283
235,235,2346.223087509424,2.3462230875094243,Sector 2,59.73761361482201,0.0,2,0.5,585809.1977347888,6620472.401398053,5.262413559029556,50.995356607116285,41.17672767979925,39.529658572607275,1.0,0.9301378041889283
235,235,2346.223087509424,2.3462230875094243,Sector 2,59.73761361482201,0.0,3,0.75,585734.2746353998,6620517.205947606,5.26174051337641,50.995609924493664,41.17672767979925,39.529658572607275,1.0,0.9301378041889283
235,235,2346.223087509424,2.3462230875094243,Sector 2,59.73761361482201,0.0,4,0.9,585689.3207757664,6620544.088677337,5.261336685984521,50.99576191425633,41.17672767979925,39.529658572607275,1.0,0.9301378041889283
236,236,2356.2230875091896,2.3562230875091896,Sector 2,59.737613601390194,0.0,0,0.1,585938.2183483286,6620396.749258139,5.263572570920649,50.99492887951956,41.17672767979925,39.529658572607275,1.0,0.9301378041889283
236,236,2356.2230875091896,2.3562230875091896,Sector 2,59.737613601390194,0.0,1,0.25,585892.9911774063,6620423.200417061,5.263166288331679,50.99507843146297,41.17672767979925,39.529658572607275,1.0,0.9301378041889283
236,236,2356.2230875091896,2.3562230875091896,Sector 2,59.737613601390194,0.0,2,0.5,585817.6125592024,6620467.285681931,5.262489150683396,50.99532768363095,41.17672767979925,39.529658572607275,1.0,0.9301378041889283
236,236,2356.2230875091896,2.3562230875091896,Sector 2,59.737613601390194,0.0,3,0.75,585742.2339409986,6620511.3709468,5.261812013035113,50.99557693446013,41.17672767979925,39.529658572607275,1.0,0.9301378041889283
236,236,2356.2230875091896,2.3562230875091896,Sector 2,59.737613601390194,0.0,4,0.9,585697.0067700762,6620537.8221057225,5.261405730446143,50.99572648431503,41.17672767979925,39.529658572607275,1.0,0.9301378041889283
237,237,2366.223087509424,2.3662230875094243,Sector 2,59.08997744477728,0.0,0,0.1,585947.3804744906,6620392.831106412,5.263654875700313,50.99490672667964,41.17672767979925,39.529658572607275,1.0,0.9301378041889283
237,237,2366.223087509424,2.3662230875094243,Sector 2,59.08997744477728,0.0,1,0.25,585901.8769136721,6620418.842909708,5.263246110258662,50.99505379462879,41.17672767979925,39.529658572607275,1.0,0.9301378041889283
237,237,2366.223087509424,2.3662230875094243,Sector 2,59.08997744477728,0.0,2,0.5,585826.037645641,6620462.1959152,5.262564834522575,50.99529890684164,41.17672767979925,39.529658572607275,1.0,0.9301378041889283
237,237,2366.223087509424,2.3662230875094243,Sector 2,59.08997744477728,0.0,3,0.75,585750.19837761,6620505.548920691,5.2618835587864865,50.99554401775979,41.17672767979925,39.529658572607275,1.0,0.9301378041889283
237,237,2366.223087509424,2.3662230875094243,Sector 2,59.08997744477728,0.0,4,0.9,585704.6948167915,6620531.5607239865,5.261474793344836,50.995691083689245,41.17672767979925,39.529658572607275,1.0,0.9301378041889283
238,238,2376.220661029241,2.3762206610292416,Sector 2,56.630165368104656,1.3776250692279577,0,0.1,585956.5403774806,6620388.913905418,5.2637371605088825,50.99488457920449,41.164825740766695,39.51823271113602,1.0,0.9299556658270389
238,238,2376.220661029241,2.3762206610292416,Sector 2,56.630165368104656,1.3776250692279577,1,0.25,585910.7604938311,6620414.486459694,5.263325912817008,50.99502916375962,41.164825740766695,39.51823271113602,1.0,0.9299556658270389
238,238,2376.220661029241,2.3762206610292416,Sector 2,56.630165368104656,1.3776250692279577,2,0.5,585834.4606877489,6620457.10738349,5.262640499997217,50.99527013701712,31.05296310528385,29.810844581072494,0.754356724375277,0.7015183098875148
238,238,2376.220661029241,2.3762206610292416,Sector 2,56.630165368104656,1.3776250692279577,3,0.75,585758.1608816665,6620499.728307284,5.261955087177426,50.9955111090233,41.164825740766695,39.51823271113602,1.0,0.9299556658270389
238,238,2376.220661029241,2.3762206610292416,Sector 2,56.630165368104656,1.3776250692279577,4,0.9,585712.380998017,6620525.300861562,5.26154383948555,50.99565569162636,41.164825740766695,39.51823271113602,1.0,0.9299556658270389
239,239,2386.220661029642,2.386220661029642,Sector 2,56.6301653797824,0.0,0,0.1,585965.7025036426,6620384.995753689,5.263819465288547,50.9948624263434,41.17672767979925,39.529658572607275,1.0,0.9301378041889283
239,239,2386.220661029642,2.386220661029642,Sector 2,56.6301653797824,0.0,1,0.25,585919.6462300969,6620410.128952339,5.263405734743991,50.99500452689929,41.17672767979925,39.529658572607275,1.0,0.9301378041889283
239,239,2386.220661029642,2.386220661029642,Sector 2,56.6301653797824,0.0,2,0.5,585842.8857741875,6620452.017616756,5.262716183836396,50.99524136019212,28.334502268584643,27.201122177841256,0.688119330144954,0.6400458027609837
239,239,2386.220661029642,2.386220661029642,Sector 2,56.6301653797824,0.0,3,0.75,585766.125318278,6620493.906281174,5.262026632928801,50.995478192276266,41.17672767979925,39.529658572607275,1.0,0.9301378041889283
239,239,2386.220661029642,2.386220661029642,Sector 2,56.6301653797824,0.0,4,0.9,585720.0690447323,6620519.039479824,5.261612902384243,50.99562029094657,41.17672767979925,39.529658572607275,1.0,0.9301378041889283
240,240,2396.220661029628,2.396220661029628,Sector 2,56.63016537744852,0.0,0,0.1,585974.8646298044,6620381.077601962,5.263901770068208,50.99484027347176,41.17672767979925,39.529658572607275,1.0,0.9301378041889283
240,240,2396.220661029628,2.396220661029628,Sector 2,56.63016537744852,0.0,1,0.25,585928.5319663624,6620405.771444986,5.263485556670969,50.994979890025874,41.17672767979925,39.529658572607275,1.0,0.9301378041889283
240,240,2396.220661029628,2.396220661029628,Sector 2,56.63016537744852,0.0,2,0.5,585851.3108606258,6620446.927850025,5.262791867675571,50.995212583349286,26.764872991869513,25.69427807219473,0.65,0.6045895727228034
240,240,2396.220661029628,2.396220661029628,Sector 2,56.63016537744852,0.0,3,0.75,585774.0897548893,6620488.084255065,5.262098178680174,50.99544527550589,31.782090172983374,30.510806566064037,0.7718459422062147,0.7179230898558231
240,240,2396.220661029628,2.396220661029628,Sector 2,56.63016537744852,0.0,4,0.9,585727.7570914472,6620512.778098088,5.261681965282934,50.99558489023978,41.17672767979925,39.529658572607275,1.0,0.9301378041889283
241,241,2406.2206610295166,2.4062206610295167,Sector 2,56.63016538403031,0.0,0,0.1,585984.0271285672,6620377.1598780975,5.263984078195002,50.994818123008635,41.17672767979925,39.529658572607275,1.0,0.9301378041889283
241,241,2406.2206610295166,2.4062206610295167,Sector 2,56.63016538403031,0.0,1,0.25,585937.418634131,6620401.415007288,5.263565386965784,50.99495525918711,41.17672767979925,39.529658572607275,1.0,0.9301378041889283
241,241,2406.2206610295166,2.4062206610295167,Sector 2,56.63016538403031,0.0,2,0.5,585859.7378100706,6620441.8402226055,5.262867568250419,50.995183818583996,26.764872991869513,25.69427807219473,0.65,0.6045895727228034
241,241,2406.2206610295166,2.4062206610295167,Sector 2,56.63016538403031,0.0,3,0.75,585782.0569860102,6620482.265437923,5.262169749535054,50.995412376855164,41.17672767979925,39.529658572607275,1.0,0.9301378041889283
241,241,2406.2206610295166,2.4062206610295167,Sector 2,56.63016538403031,0.0,4,0.9,585735.4484915739,6620506.5205671135,5.261751058305835,50.99554951127752,41.17672767979925,39.529658572607275,1.0,0.9301378041889283
242,242,2416.2206610295025,2.4162206610295023,Sector 2,56.63016537873409,0.0,0,0.1,585993.1912021203,6620373.243962582,5.264066400468377,50.994795982759186,41.17672767979925,39.529658572607275,1.0,0.9301378041889283
242,242,2416.2206610295025,2.4162206610295023,Sector 2,56.63016537873409,0.0,1,0.25,585946.3092388747,6620397.063090464,5.263645252627047,50.99493065389584,41.17672767979925,39.529658572607275,1.0,0.9301378041889283
242,242,2416.2206610295025,2.4162206610295023,Sector 2,56.63016537873409,0.0,2,0.5,585868.1726334654,6620436.761636935,5.262943339558163,50.99515510492176,26.764872991869513,25.69427807219473,0.65,0.6045895727228034
242,242,2416.2206610295025,2.4162206610295023,Sector 2,56.63016537873409,0.0,3,0.75,585790.0360280559,6620476.460183406,5.262241426489277,50.99537955486206,41.17672767979925,39.529658572607275,1.0,0.9301378041889283
242,242,2416.2206610295025,2.4162206610295023,Sector 2,56.63016537873409,0.0,4,0.9,585743.1540648104,6620500.279311288,5.261820278647947,50.99551422430516,41.17672767979925,39.529658572607275,1.0,0.9301378041889283
243,243,2426.220661029391,2.426220661029391,Sector 2,56.630165376691366,0.0,0,0.1,586002.3552756732,6620369.328047068,5.264148722741751,50.994773842499185,41.17672767979925,39.529658572607275,1.0,0.9301378041889283
243,243,2426.220661029391,2.426220661029391,Sector 2,56.630165376691366,0.0,1,0.25,585955.1998436183,6620392.7111736415,5.26372511828831,50.994906048591524,41.17672767979925,39.529658572607275,1.0,0.9301378041889283
243,243,2426.220661029391,2.426220661029391,Sector 2,56.630165376691366,0.0,2,0.5,585876.60745686,6620431.683051265,5.263019110865905,50.99512639124176,27.169250355969908,26.08248034173111,0.6598205318121667,0.6137240206185397
243,243,2426.220661029391,2.426220661029391,Sector 2,56.630165376691366,0.0,3,0.75,585798.0150701017,6620470.654928888,5.262313103443502,50.99534673284576,41.17672767979925,39.529658572607275,1.0,0.9301378041889283
243,243,2426.220661029391,2.426220661029391,Sector 2,56.630165376691366,0.0,4,0.9,585750.8596380468,6620494.038055462,5.261889498990059,50.995478937305975,41.17672767979925,39.529658572607275,1.0,0.9301378041889283
244,244,2436.22066102928,2.43622066102928,Sector 2,56.630165388668445,0.0,0,0.1,586011.5193492261,6620365.412131553,5.2642310450151255,50.99475170222862,41.17672767979925,39.529658572607275,1.0,0.9301378041889283
244,244,2436.22066102928,2.43622066102928,Sector 2,56.630165388668445,0.0,1,0.25,585964.0904483618,6620388.359256819,5.263804983949571,50.99488144327416,41.17672767979925,39.529658572607275,1.0,0.9301378041889283
244,244,2436.22066102928,2.43622066102928,Sector 2,56.630165388668445,0.0,2,0.5,585885.0422802547,6620426.6044655945,5.263094882173648,50.99509767754399,41.17672767979925,39.529658572607275,1.0,0.9301378041889283
244,244,2436.22066102928,2.43622066102928,Sector 2,56.630165388668445,0.0,3,0.75,585805.9941121475,6620464.84967437,5.262384780397724,50.99531391080623,41.17672767979925,39.529658572607275,1.0,0.9301378041889283
244,244,2436.22066102928,2.43622066102928,Sector 2,56.630165388668445,0.0,4,0.9,585758.5652112832,6620487.796799636,5.26195871933217,50.99544365027995,41.17672767979925,39.529658572607275,1.0,0.9301378041889283
245,245,2446.2206610292656,2.4462206610292654,Sector 2,56.63016536992666,11.364101375512444,0,0.1,586020.6834227792,6620361.496216038,5.2643133672885,50.99472956194749,40.36945069688629,38.75467266901084,1.0,0.9177838417919941
245,245,2446.2206610292656,2.4462206610292654,Sector 2,56.63016536992666,11.364101375512444,1,0.25,585972.9810531056,6620384.007339995,5.263884849610834,50.99485683794375,40.36945069688629,38.75467266901084,1.0,0.9177838417919941
245,245,2446.2206610292656,2.4462206610292654,Sector 2,56.63016536992666,11.364101375512444,2,0.5,585893.4771036494,6620421.525879924,5.263170653481391,50.99506896382846,40.36945069688629,38.75467266901084,1.0,0.9177838417919941
245,245,2446.2206610292656,2.4462206610292654,Sector 2,56.63016536992666,11.364101375512444,3,0.75,585813.9731541933,6620459.044419853,5.262456457351948,50.9952810887435,40.36945069688629,38.75467266901084,1.0,0.9177838417919941
245,245,2446.2206610292656,2.4462206610292654,Sector 2,56.63016536992666,11.364101375512444,4,0.9,585766.2707845196,6620481.55554381,5.262027939674283,50.9954083632271,40.36945069688629,38.75467266901084,1.0,0.9177838417919941
246,246,2456.220661029666,2.456220661029666,Sector 2,56.63016537894134,0.0,0,0.1,586029.8474963325,6620357.580300523,5.264395689561877,50.9947074216558,41.17672767979925,39.529658572607275,1.0,0.9301378041889283
246,246,2456.220661029666,2.456220661029666,Sector 2,56.63016537894134,0.0,1,0.25,585981.8716578495,6620379.655423172,5.2639647152721,50.99483223260029,41.17672767979925,39.529658572607275,1.0,0.9301378041889283
246,246,2456.220661029666,2.456220661029666,Sector 2,56.63016537894134,0.0,2,0.5,585901.9119270445,6620416.447294254,5.263246424789138,50.99504025009515,41.17672767979925,39.529658572607275,1.0,0.9301378041889283
246,246,2456.220661029666,2.456220661029666,Sector 2,56.63016537894134,0.0,3,0.75,585821.9521962395,6620453.239165335,5.262528134306176,50.99524826665755,41.17672767979925,39.529658572607275,1.0,0.9301378041889283
246,246,2456.220661029666,2.456220661029666,Sector 2,56.63016537894134,0.0,4,0.9,585773.9763577565,6620475.314287985,5.262097160016399,50.995373076147416,41.17672767979925,39.529658572607275,1.0,0.9301378041889283
247,247,2466.220661029652,2.466220661029652,Sector 2,56.63016537960647,-14.174396470551876,0,0.1,586039.0115698855,6620353.664385008,5.264478011835252,50.99468528135353,39.92309695970213,38.32617308131404,1.0,0.9109531784612912
247,247,2466.220661029652,2.466220661029652,Sector 2,56.63016537960647,-14.174396470551876,1,0.25,585990.7622625933,6620375.303506348,5.264044580933364,50.99480762724378,39.92309695970213,38.32617308131404,1.0,0.9109531784612912
247,247,2466.220661029652,2.466220661029652,Sector 2,56.63016537960647,-14.174396470551876,2,0.5,585910.3467504393,6620411.368708583,5.2633221960968815,50.99501153634407,39.92309695970213,38.32617308131404,1.0,0.9109531784612912
247,247,2466.220661029652,2.466220661029652,Sector 2,56.63016537960647,-14.174396470551876,3,0.75,585829.9312382853,6620447.433910818,5.262599811260399,50.99521544454838,39.92309695970213,38.32617308131404,1.0,0.9109531784612912
247,247,2466.220661029652,2.466220661029652,Sector 2,56.63016537960647,-14.174396470551876,4,0.9,585781.681930993,6620469.073032158,5.262166380358511,50.99533778904089,39.92309695970213,38.32617308131404,1.0,0.9109531784612912
248,248,2476.2206610295407,2.4762206610295405,Sector 2,56.63016537461357,0.0,0,0.1,586048.1437632497,6620349.667543379,5.264560047724018,50.99466268349,41.17672767979925,39.529658572607275,1.0,0.9301378041889283
248,248,2476.2206610295407,2.4762206610295405,Sector 2,56.63016537461357,0.0,1,0.25,585999.6263005128,6620370.884151097,5.264124207940785,50.99478264058297,41.17672767979925,39.529658572607275,1.0,0.9301378041889283
248,248,2476.2206610295407,2.4762206610295405,Sector 2,56.63016537461357,0.0,2,0.5,585918.763862618,6620406.24516396,5.263397808302065,50.994982568382156,41.17672767979925,39.529658572607275,1.0,0.9301378041889283
248,248,2476.2206610295407,2.4762206610295405,Sector 2,56.63016537461357,0.0,3,0.75,585837.9014247231,6620441.606176824,5.262671408663342,50.99518249532001,41.17672767979925,39.529658572607275,1.0,0.9301378041889283
248,248,2476.2206610295407,2.4762206610295405,Sector 2,56.63016537461357,0.0,4,0.9,585789.3839619862,6620462.822784543,5.262235568880111,50.99530245106927,41.17672767979925,39.529658572607275,1.0,0.9301378041889283
249,249,2486.2206610294293,2.4862206610294293,Sector 2,56.63016538633201,11.763463956422529,0,0.1,586057.2770797891,6620345.668433414,5.264642093702438,50.99464007279045,40.31191722861258,38.69944053946807,1.0,0.9169033926789105
249,249,2486.2206610294293,2.4862206610294293,Sector 2,56.63016538633201,11.763463956422529,1,0.25,586008.4980050051,6620366.471458384,5.264203903818202,50.994757691578144,40.31191722861258,38.69944053946807,1.0,0.9169033926789105
249,249,2486.2206610294293,2.4862206610294293,Sector 2,56.63016538633201,11.763463956422529,2,0.5,585927.1995470317,6620401.143166668,5.263473587344472,50.99495372222852,40.31191722861258,38.69944053946807,1.0,0.9169033926789105
249,249,2486.2206610294293,2.4862206610294293,Sector 2,56.63016538633201,11.763463956422529,3,0.75,585845.9010890581,6620435.814874952,5.262743270870743,50.99514975205079,40.31191722861258,38.69944053946807,1.0,0.9169033926789105
249,249,2486.2206610294293,2.4862206610294293,Sector 2,56.63016538633201,11.763463956422529,4,0.9,585797.1220142741,6620456.617899922,5.262305080986506,50.99526736954668,40.31191722861258,38.69944053946807,1.0,0.9169033926789105
250,250,2496.220661029415,2.4962206610294158,Sector 2,56.63016538162617,0.0,0,0.1,586066.4657971862,6620341.739723407,5.264724637355231,50.994617860116804,41.17672767979925,39.529658572607275,1.0,0.9301378041889283
250,250,2496.220661029415,2.4962206610294158,Sector 2,56.63016538162617,0.0,1,0.25,586017.5082116417,6620362.234765569,5.264284843881549,50.99473373764978,41.17672767979925,39.529658572607275,1.0,0.9301378041889283
250,250,2496.220661029415,2.4962206610294158,Sector 2,56.63016538162617,0.0,2,0.5,585935.912235734,6620396.39316917,5.263551854758744,50.99492686622841,41.17672767979925,39.529658572607275,1.0,0.9301378041889283
250,250,2496.220661029415,2.4962206610294158,Sector 2,56.63016538162617,0.0,3,0.75,585854.3162598265,6620430.551572773,5.262818865635941,50.99511999400329,41.17672767979925,39.529658572607275,1.0,0.9301378041889283
250,250,2496.220661029415,2.4962206610294158,Sector 2,56.63016538162617,0.0,4,0.9,585805.358674282,6620451.046614934,5.262379072162258,50.99523587028241,41.17672767979925,39.529658572607275,1.0,0.9301378041889283
251,251,2506.220661029304,2.506220661029304,Sector 2,56.630165371541295,0.0,0,0.1,586075.6545145833,6620337.811013401,5.264807181008024,50.99459564743254,41.17672767979925,39.529658572607275,1.0,0.9301378041889283
251,251,2506.220661029304,2.506220661029304,Sector 2,56.630165371541295,0.0,1,0.25,586026.5184182783,6620357.998072753,5.264365783944896,50.99470978370905,41.17672767979925,39.529658572607275,1.0,0.9301378041889283
251,251,2506.220661029304,2.506220661029304,Sector 2,56.630165371541295,0.0,2,0.5,585944.6249244364,6620391.643171674,5.263630122173015,50.99490001021275,41.17672767979925,39.529658572607275,1.0,0.9301378041889283
251,251,2506.220661029304,2.506220661029304,Sector 2,56.630165371541295,0.0,3,0.75,585862.7314305947,6620425.288270595,5.262894460401135,50.99509023593669,41.17672767979925,39.529658572607275,1.0,0.9301378041889283
251,251,2506.220661029304,2.506220661029304,Sector 2,56.630165371541295,0.0,4,0.9,585813.5953342896,6620445.475329947,5.262453063338007,50.99520437099676,41.17672767979925,39.529658572607275,1.0,0.9301378041889283
252,252,2516.2206610292897,2.5162206610292897,Sector 2,56.63016537491831,0.0,0,0.1,586084.8432319806,6620333.882303394,5.264889724660818,50.99457343473763,41.17672767979925,39.529658572607275,1.0,0.9301378041889283
252,252,2516.2206610292897,2.5162206610292897,Sector 2,56.63016537491831,0.0,1,0.25,586035.5286249149,6620353.761379938,5.264446724008244,50.994685829755966,41.17672767979925,39.529658572607275,1.0,0.9301378041889283
252,252,2516.2206610292897,2.5162206610292897,Sector 2,56.63016537491831,0.0,2,0.5,585953.337613139,6620386.893174177,5.263708389587287,50.994873154181576,41.17672767979925,39.529658572607275,1.0,0.9301378041889283
252,252,2516.2206610292897,2.5162206610292897,Sector 2,56.63016537491831,0.0,3,0.75,585871.146601363,6620420.0249684155,5.262970055166332,50.99506047785102,41.17672767979925,39.529658572607275,1.0,0.9301378041889283
252,252,2516.2206610292897,2.5162206610292897,Sector 2,56.63016537491831,0.0,4,0.9,585821.8319942973,6620439.904044959,5.2625270545137575,50.99517287168974,41.17672767979925,39.529658572607275,1.0,0.9301378041889283
253,253,2526.2206610296903,2.5262206610296905,Sector 2,56.63016538312462,0.0,0,0.1,586094.0538541551,6620329.987057656,5.264972465087574,50.99455141123724,41.17672767979925,39.529658572607275,1.0,0.9301378041889283
253,253,2526.2206610296903,2.5262206610296905,Sector 2,56.63016538312462,0.0,1,0.25,586044.5935934946,6620349.608347792,5.264528156006496,50.99466234880221,41.17672767979925,39.529658572607275,1.0,0.9301378041889283
253,253,2526.2206610296903,2.5262206610296905,Sector 2,56.63016538312462,0.0,2,0.5,585962.1598257271,6620382.31049802,5.263787640871365,50.9948472441545,41.17672767979925,39.529658572607275,1.0,0.9301378041889283
253,253,2526.2206610296903,2.5262206610296905,Sector 2,56.63016538312462,0.0,3,0.75,585879.7260579597,6620415.012648246,5.263047125736235,50.99503213877009,41.17672767979925,39.529658572607275,1.0,0.9301378041889283
253,253,2526.2206610296903,2.5262206610296905,Sector 2,56.63016538312462,0.0,4,0.9,585830.2657972992,6620434.633938382,5.262602816655156,50.995143075185844,41.17672767979925,39.529658572607275,1.0,0.9301378041889283
254,254,2536.220661029579,2.5362206610295788,Sector 2,56.63016538465507,0.0,0,0.1,586103.2850056987,6620326.123174954,5.26505538993279,50.99452956505135,41.17672767979925,39.529658572607275,1.0,0.9301378041889283
254,254,2536.220661029579,2.5362206610295788,Sector 2,56.63016538465507,0.0,1,0.25,586053.7098854973,6620345.533723237,5.264610049050901,50.99463931114795,41.17672767979925,39.529658572607275,1.0,0.9301378041889283
254,254,2536.220661029579,2.5362206610295788,Sector 2,56.63016538465507,0.0,2,0.5,585971.0846851618,6620377.884637043,5.263867814247753,50.9948222207322,41.17672767979925,39.529658572607275,1.0,0.9301378041889283
254,254,2536.220661029579,2.5362206610295788,Sector 2,56.63016538465507,0.0,3,0.75,585888.4594848263,6620410.235550849,5.263125579444605,50.99500512959552,41.17672767979925,39.529658572607275,1.0,0.9301378041889283
254,254,2536.220661029579,2.5362206610295788,Sector 2,56.63016538465507,0.0,4,0.9,585838.884364625,6620429.646099132,5.262680238562716,50.995114874567456,41.17672767979925,39.529658572607275,1.0,0.9301378041889283
255,255,2546.220661029565,2.546220661029565,Sector 2,56.63016537941167,0.0,0,0.1,586112.5161572422,6620322.259292252,5.265138314778007,50.99450771885519,41.17672767979925,39.529658572607275,1.0,0.9301378041889283
255,255,2546.220661029565,2.546220661029565,Sector 2,56.63016537941167,0.0,1,0.25,586062.8261775001,6620341.459098683,5.264691942095307,50.99461627348226,41.17672767979925,39.529658572607275,1.0,0.9301378041889283
255,255,2546.220661029565,2.546220661029565,Sector 2,56.63016537941167,0.0,2,0.5,585980.0095445965,6620373.458776067,5.2639479876241415,50.99479719729643,41.17672767979925,39.529658572607275,1.0,0.9301378041889283
255,255,2546.220661029565,2.546220661029565,Sector 2,56.63016537941167,0.0,3,0.75,585897.192911693,6620405.458453451,5.2632040331529755,50.99497812040523,41.17672767979925,39.529658572607275,1.0,0.9301378041889283
255,255,2546.220661029565,2.546220661029565,Sector 2,56.63016537941167,0.0,4,0.9,585847.5029319508,6620424.658259882,5.262757660470276,50.99508667393192,41.17672767979925,39.529658572607275,1.0,0.9301378041889283
256,256,2556.2206610294534,2.5562206610294536,Sector 2,56.63016537528813,-3.5030454847425974,0,0.1,586121.4260161328,6620317.747495351,5.265218353402214,50.994482209372094,41.0997911075382,39.45579946323667,1.0,0.9289604245029224
256,256,2556.2206610294534,2.5562206610294536,Sector 2,56.63016537528813,-3.5030454847425974,1,0.25,586071.6837224937,6620336.861683878,5.264771510775782,50.99459027998032,41.0997911075382,39.45579946323667,1.0,0.9289604245029224
256,256,2556.2206610294534,2.5562206610294536,Sector 2,56.63016537528813,-3.5030454847425974,2,0.5,585988.779899762,6620368.718664756,5.264026773065064,50.994770397101426,41.0997911075382,39.45579946323667,1.0,0.9289604245029224
256,256,2556.2206610294534,2.5562206610294536,Sector 2,56.63016537528813,-3.5030454847425974,3,0.75,585905.8760770302,6620400.575645634,5.263282035354345,50.994950513523435,41.0997911075382,39.45579946323667,1.0,0.9289604245029224
256,256,2556.2206610294534,2.5562206610294536,Sector 2,56.63016537528813,-3.5030454847425974,4,0.9,585856.1337833911,6620419.689834161,5.262835192727913,50.99505858304108,41.0997911075382,39.45579946323667,1.0,0.9289604245029224
257,257,2566.2206610294397,2.566220661029439,Sector 2,56.63016537543598,0.0,0,0.1,586129.0247114481,6620311.536799269,5.2652866136436245,50.994447094371644,41.17672767979925,39.529658572607275,1.0,0.9301378041889283
257,257,2566.2206610294397,2.566220661029439,Sector 2,56.63016537543598,0.0,1,0.25,586079.5279986495,6620330.999707869,5.264841977107418,50.9945571367056,41.17672767979925,39.529658572607275,1.0,0.9301378041889283
257,257,2566.2206610294397,2.566220661029439,Sector 2,56.63016537543598,0.0,2,0.5,585997.0334773185,6620363.43788887,5.26410091621374,50.99474054001568,41.17672767979925,39.529658572607275,1.0,0.9301378041889283
257,257,2566.2206610294397,2.566220661029439,Sector 2,56.63016537543598,0.0,3,0.75,585914.5389559875,6620395.876069872,5.263359855320064,50.99492394260091,41.17672767979925,39.529658572607275,1.0,0.9301378041889283
257,257,2566.2206610294397,2.566220661029439,Sector 2,56.63016537543598,0.0,4,0.9,585865.042243189,6620415.338978472,5.262915218783857,50.995033983804134,41.17672767979925,39.529658572607275,1.0,0.9301378041889283
258,258,2576.220661029328,2.576220661029328,Sector 2,56.630165378837376,0.0,0,0.1,586134.7806214328,6620303.544173938,5.2653383198627575,50.99440190438309,41.17672767979925,39.529658572607275,1.0,0.9301378041889283
258,258,2576.220661029328,2.576220661029328,Sector 2,56.630165378837376,0.0,1,0.25,586085.8366203632,6620323.652790821,5.264898648420489,50.99451559762637,41.17672767979925,39.529658572607275,1.0,0.9301378041889283
258,258,2576.220661029328,2.576220661029328,Sector 2,56.630165378837376,0.0,2,0.5,586004.2632852469,6620357.167152292,5.264165862683374,50.99470508574616,41.17672767979925,39.529658572607275,1.0,0.9301378041889283
258,258,2576.220661029328,2.576220661029328,Sector 2,56.630165378837376,0.0,3,0.75,585922.6899501306,6620390.681513763,5.263433076946258,50.99489457309224,41.17672767979925,39.529658572607275,1.0,0.9301378041889283
258,258,2576.220661029328,2.576220661029328,Sector 2,56.630165378837376,0.0,4,0.9,585873.745949061,6620410.790130646,5.26299340550399,50.9950082651285,41.17672767979925,39.529658572607275,1.0,0.9301378041889283
259,259,2586.2206610292164,2.5862206610292167,Sector 2,56.63016536934288,0.0,0,0.1,586139.8557537526,6620295.156773233,5.265383910552075,50.99435448230281,41.17672767979925,39.529658572607275,1.0,0.9301378041889283
259,259,2586.2206610292164,2.5862206610292167,Sector 2,56.63016536934288,0.0,1,0.25,586091.5820722671,6620315.986461333,5.264950260693085,50.994472252566496,41.17672767979925,39.529658572607275,1.0,0.9301378041889283
259,259,2586.2206610292164,2.5862206610292167,Sector 2,56.63016536934288,0.0,2,0.5,586011.1259364579,6620350.702608166,5.264227510928098,50.99466853567511,41.17672767979925,39.529658572607275,1.0,0.9301378041889283
259,259,2586.2206610292164,2.5862206610292167,Sector 2,56.63016536934288,0.0,3,0.75,585930.6698006487,6620385.4187549995,5.263504761163112,50.99486481795351,41.17672767979925,39.529658572607275,1.0,0.9301378041889283
259,259,2586.2206610292164,2.5862206610292167,Sector 2,56.63016536934288,0.0,4,0.9,585882.3961191631,6620406.2484431,5.26307111130412,50.99498258692205,41.17672767979925,39.529658572607275,1.0,0.9301378041889283
260,260,2596.2206610297144,2.5962206610297143,Sector 2,56.630165391035575,29.506797900482027,0,0.1,586142.6292304711,6620285.946456554,5.265408825117339,50.99430240742759,35.83599351653014,34.40255377586893,1.0,0.8484072080966554
260,260,2596.2206610297144,2.5962206610297143,Sector 2,56.630165391035575,29.506797900482027,1,0.25,586095.4281755757,6620307.677525553,5.264984810826949,50.994425274195684,35.83599351653014,34.40255377586893,1.0,0.8484072080966554
260,260,2596.2206610297144,2.5962206610297143,Sector 2,56.630165391035575,29.506797900482027,2,0.5,586016.75975075,6620343.895973885,5.264278120342963,50.99463005141962,23.445633617842635,22.50780827312893,0.6542481822647898,0.555068873717582
260,260,2596.2206610297144,2.5962206610297143,Sector 2,56.630165391035575,29.506797900482027,3,0.75,585938.0913259244,6620380.114422217,5.263571429858978,50.99483482773993,35.83599351653014,34.40255377586893,1.0,0.8484072080966554
260,260,2596.2206610297144,2.5962206610297143,Sector 2,56.630165391035575,29.506797900482027,4,0.9,585890.890271029,6620401.845491216,5.263147415568588,50.99495769309837,35.83599351653014,34.40255377586893,1.0,0.8484072080966554
261,261,2606.220661029603,2.606220661029603,Sector 2,56.63016536512072,0.0,0,0.1,586141.1508141732,6620276.956197359,5.265395544277772,50.99425157669492,41.17672767979925,39.529658572607275,1.0,0.9301378041889283
261,261,2606.220661029603,2.606220661029603,Sector 2,56.63016536512072,0.0,1,0.25,586095.7327943507,6620299.556259438,5.264987547263963,50.994379356855255,41.17672767979925,39.529658572607275,1.0,0.9301378041889283
261,261,2606.220661029603,2.606220661029603,Sector 2,56.63016536512072,0.0,2,0.5,586020.0360946464,6620337.223029572,5.264307552240945,50.99459232300729,26.764872991869513,25.69427807219473,0.65,0.6045895727228034
261,261,2606.220661029603,2.606220661029603,Sector 2,56.63016536512072,0.0,3,0.75,585944.3393949423,6620374.889799705,5.263627557217928,50.99480528818198,41.17672767979925,39.529658572607275,1.0,0.9301378041889283
261,261,2606.220661029603,2.606220661029603,Sector 2,56.63016536512072,0.0,4,0.9,585898.9213751198,6620397.4898617845,5.263219560204119,50.99493306681767,41.17672767979925,39.529658572607275,1.0,0.9301378041889283
262,262,2616.220661029589,2.616220661029589,Sector 2,56.63016538710053,0.0,0,0.1,586138.2219197579,6620268.420981694,5.265369233571584,50.99420331871709,41.17672767979925,39.529658572607275,1.0,0.9301378041889283
262,262,2616.220661029589,2.616220661029589,Sector 2,56.63016538710053,0.0,1,0.25,586094.8296443481,6620291.816543158,5.264979434129451,50.99433559674131,41.17672767979925,39.529658572607275,1.0,0.9301378041889283
262,262,2616.220661029589,2.616220661029589,Sector 2,56.63016538710053,0.0,2,0.5,586022.5091853319,6620330.809145599,5.264329768392563,50.994556059277116,26.764872991869513,25.69427807219473,0.65,0.6045895727228034
262,262,2616.220661029589,2.616220661029589,Sector 2,56.63016538710053,0.0,3,0.75,585950.1887263157,6620369.801748039,5.263680102655675,50.99477652076556,26.88927780785712,25.813706695542834,0.653021240953264,0.607399743148998
262,262,2616.220661029589,2.616220661029589,Sector 2,56.63016538710053,0.0,4,0.9,585906.796450906,6620393.197309503,5.263290303213542,50.99490879715592,41.17672767979925,39.529658572607275,1.0,0.9301378041889283
263,263,2626.220661029477,2.6262206610294774,Sector 2,56.63016538569701,0.0,0,0.1,586132.664095798,6620261.842708219,5.265319306789488,50.99416612522601,41.17672767979925,39.529658572607275,1.0,0.9301378041889283
263,263,2626.220661029477,2.6262206610294774,Sector 2,56.63016538569701,0.0,1,0.25,586091.7357197253,6620285.707612036,5.2649516409316846,50.994301057006524,41.17672767979925,39.529658572607275,1.0,0.9301378041889283
263,263,2626.220661029477,2.6262206610294774,Sector 2,56.63016538569701,0.0,2,0.5,586023.5217596038,6620325.482451731,5.26433886450201,50.994525942435565,26.764872991869513,25.69427807219473,0.65,0.6045895727228034
263,263,2626.220661029477,2.6262206610294774,Sector 2,56.63016538569701,0.0,3,0.75,585955.3077994823,6620365.257291427,5.263726088072334,50.99475082677481,26.764872991869513,25.69427807219473,0.65,0.6045895727228034
263,263,2626.220661029477,2.6262206610294774,Sector 2,56.63016538569701,0.0,4,0.9,585914.3794234095,6620389.122195244,5.263358422214532,50.99488575685527,41.17672767979925,39.529658572607275,1.0,0.9301378041889283
264,264,2636.220661029464,2.6362206610294634,Sector 2,56.63016537510697,0.0,0,0.1,586126.7990129578,6620255.5345869865,5.265266619853908,50.994130459144934,41.17672767979925,39.529658572607275,1.0,0.9301378041889283
264,264,2636.220661029464,2.6362206610294634,Sector 2,56.63016537510697,0.0,1,0.25,586088.3857456474,6620279.823806832,5.264921547602529,50.994267790103414,41.17672767979925,39.529658572607275,1.0,0.9301378041889283
264,264,2636.220661029464,2.6362206610294634,Sector 2,56.63016537510697,0.0,2,0.5,586024.3636334632,6620320.305839907,5.264346427183562,50.99449667413112,26.764872991869513,25.69427807219473,0.65,0.6045895727228034
264,264,2636.220661029464,2.6362206610294634,Sector 2,56.63016537510697,0.0,3,0.75,585960.341521279,6620360.787872982,5.263771306764595,50.99472555702993,26.764872991869513,25.69427807219473,0.65,0.6045895727228034
264,264,2636.220661029464,2.6362206610294634,Sector 2,56.63016537510697,0.0,4,0.9,585921.9282539685,6620385.077092828,5.263426234513216,50.99486288622735,41.17672767979925,39.529658572607275,1.0,0.9301378041889283
265,265,2646.220661029352,2.646220661029352,Sector 2,56.63016538122844,-24.70045668021731,0,0.1,586120.2284395149,6620250.132810255,5.265207595388416,50.99409991750866,37.409256674836044,35.9128864078426,1.0,0.8724832492938914
265,265,2646.220661029352,2.646220661029352,Sector 2,56.63016538122844,-24.70045668021731,1,0.25,586084.4478484171,6620274.695253605,5.264886172869836,50.99423879335866,37.409256674836044,35.9128864078426,1.0,0.8724832492938914
265,265,2646.220661029352,2.646220661029352,Sector 2,56.63016538122844,-24.70045668021731,2,0.5,586024.8135299208,6620315.632659189,5.264350468672203,50.99447025218513,24.316016838643428,23.34337616509769,0.65,0.5671141120410295
265,265,2646.220661029352,2.646220661029352,Sector 2,56.63016538122844,-24.70045668021731,3,0.75,585965.1792114244,6620356.570064774,5.26381476447457,50.99470170985716,24.316016838643428,23.34337616509769,0.65,0.5671141120410295
265,265,2646.220661029352,2.646220661029352,Sector 2,56.63016538122844,-24.70045668021731,4,0.9,585929.3986203267,6620381.132508124,5.26349334195599,50.99484058390626,37.409256674836044,35.9128864078426,1.0,0.8724832492938914
266,266,2656.2206610292405,2.6562206610292405,Sector 2,56.6301653717623,0.0,0,0.1,586113.6578660718,6620244.731033524,5.265148570922922,50.99406937585229,41.17672767979925,39.529658572607275,1.0,0.9301378041889283
266,266,2656.2206610292405,2.6562206610292405,Sector 2,56.6301653717623,0.0,1,0.25,586080.5099511867,6620269.566700379,5.264850798137143,50.9942097965958,41.17672767979925,39.529658572607275,1.0,0.9301378041889283
266,266,2656.2206610292405,2.6562206610292405,Sector 2,56.6301653717623,0.0,2,0.5,586025.2634263783,6620310.959478472,5.264354510160843,50.99444383022409,26.764872991869513,25.69427807219473,0.65,0.6045895727228034
266,266,2656.2206610292405,2.6562206610292405,Sector 2,56.6301653717623,0.0,3,0.75,585970.0169015698,6620352.352256565,5.2638582221845445,50.99467786267214,26.764872991869513,25.69427807219473,0.65,0.6045895727228034
266,266,2656.2206610292405,2.6562206610292405,Sector 2,56.6301653717623,0.0,4,0.9,585936.8689866847,6620377.187923421,5.263560449398764,50.99481828157444,41.17672767979925,39.529658572607275,1.0,0.9301378041889283
267,267,2666.2206610297385,2.6662206610297385,Sector 2,56.63016538568775,-17.03158339245341,0,0.1,586107.0872926284,6620239.329256792,5.265089546457426,50.99403883417582,39.37085827411041,37.79602394314599,1.0,0.9025021311747516
267,267,2666.2206610297385,2.6662206610297385,Sector 2,56.63016538568775,-17.03158339245341,1,0.25,586076.5720539561,6620264.438147153,5.264815423404447,50.9941807998148,25.591057878171767,24.567415563044896,0.65,0.5866263852635887
267,267,2666.2206610297385,2.6662206610297385,Sector 2,56.63016538568775,-17.03158339245341,2,0.5,586025.7133228359,6620306.286297754,5.264358551649485,50.99441740824802,25.591057878171767,24.567415563044896,0.65,0.5866263852635887
267,267,2666.2206610297385,2.6662206610297385,Sector 2,56.63016538568775,-17.03158339245341,3,0.75,585974.8545917156,6620348.134448356,5.263901679894523,50.994654015474865,25.591057878171767,24.567415563044896,0.65,0.5866263852635887
267,267,2666.2206610297385,2.6662206610297385,Sector 2,56.63016538568775,-17.03158339245341,4,0.9,585944.3393530434,6620373.243338717,5.263627556841544,50.99479597923192,39.37085827411041,37.79602394314599,1.0,0.9025021311747516
268,268,2676.220661029627,2.6762206610296277,Sector 2,56.63016537595081,0.0,0,0.1,586100.4066455136,6620234.096442797,5.265029533183316,50.994009247796455,41.17672767979925,39.529658572607275,1.0,0.9301378041889283
268,268,2676.220661029627,2.6762206610296277,Sector 2,56.63016537595081,0.0,1,0.25,586072.542428666,6620259.450396207,5.264779224664574,50.99415259911091,26.764872991869513,25.69427807219473,0.65,0.6045895727228034
268,268,2676.220661029627,2.6762206610296277,Sector 2,56.63016537595081,0.0,2,0.5,586026.1020672536,6620301.706985224,5.264362043800005,50.99439151698431,26.764872991869513,25.69427807219473,0.65,0.6045895727228034
268,268,2676.220661029627,2.6762206610296277,Sector 2,56.63016537595081,0.0,3,0.75,585979.6617058411,6620343.963574241,5.263944862935436,50.99463043362766,26.764872991869513,25.69427807219473,0.65,0.6045895727228034
268,268,2676.220661029627,2.6762206610296277,Sector 2,56.63016537595081,0.0,4,0.9,585951.7974889935,6620369.317527651,5.263694554416695,50.99477378302327,26.985700704684145,25.90627267649678,0.6553629252555435,0.609577832244024
269,269,2686.220661029613,2.686220661029613,Sector 2,56.63016537317691,0.0,0,0.1,586093.7043429683,6620228.896869819,5.264969325375163,50.99397984934343,41.17672767979925,39.529658572607275,1.0,0.9301378041889283
269,269,2686.220661029613,2.686220661029613,Sector 2,56.63016537317691,0.0,1,0.25,586068.4947571838,6620254.490346109,5.264742863812998,50.994124555010394,26.764872991869513,25.69427807219473,0.65,0.6045895727228034
269,269,2686.220661029613,2.686220661029613,Sector 2,56.63016537317691,0.0,2,0.5,586026.4787808766,6620297.146139925,5.264365427876059,50.994365730119284,26.764872991869513,25.69427807219473,0.65,0.6045895727228034
269,269,2686.220661029613,2.686220661029613,Sector 2,56.63016537317691,0.0,3,0.75,585984.4628045693,6620339.801933741,5.263987991939118,50.994606903974784,26.764872991869513,25.69427807219473,0.65,0.6045895727228034
269,269,2686.220661029613,2.686220661029613,Sector 2,56.63016537317691,0.0,4,0.9,585959.2532187849,6620365.395410031,5.263761530376954,50.99475160768646,26.764872991869513,25.69427807219473,0.65,0.6045895727228034
270,270,2696.2206610295016,2.6962206610295016,Sector 2,56.630165379597656,0.0,0,0.1,586087.002040423,6620223.697296841,5.2649091175670115,50.993950450871786,41.17672767979925,39.529658572607275,1.0,0.9301378041889283
270,270,2696.2206610295016,2.6962206610295016,Sector 2,56.630165379597656,0.0,1,0.25,586064.4470857016,6620249.53029601,5.264706502961423,50.994096510892916,26.764872991869513,25.69427807219473,0.65,0.6045895727228034
270,270,2696.2206610295016,2.6962206610295016,Sector 2,56.630165379597656,0.0,2,0.5,586026.8554944994,6620292.585294627,5.26436881195211,50.99433994323992,26.764872991869513,25.69427807219473,0.65,0.6045895727228034
270,270,2696.2206610295016,2.6962206610295016,Sector 2,56.630165379597656,0.0,3,0.75,585989.2639032974,6620335.640293242,5.264031120942798,50.99458337430997,26.764872991869513,25.69427807219473,0.65,0.6045895727228034
270,270,2696.2206610295016,2.6962206610295016,Sector 2,56.630165379597656,0.0,4,0.9,585966.708948576,6620361.473292412,5.26382850633721,50.994729432339064,26.764872991869513,25.69427807219473,0.65,0.6045895727228034
271,271,2706.22066102939,2.70622066102939,Sector 2,56.63016538360984,3.4842532781185582,0,0.1,586080.3015006623,6620218.502164199,5.264848925594222,50.99392107748727,41.10061409743982,39.45658953354223,1.0,0.9289730189240601
271,271,2706.22066102939,2.70622066102939,Sector 2,56.63016538360984,3.4842532781185582,1,0.25,586060.4038211812,6620244.581346752,5.264670181698258,50.9940685295227,26.715399163335885,25.64678319680245,0.65,0.603832462300639
271,271,2706.22066102939,2.70622066102939,Sector 2,56.63016538360984,3.4842532781185582,2,0.5,586027.2410220457,6620288.046651008,5.264372275204983,50.99431428187396,26.715399163335885,25.64678319680245,0.65,0.603832462300639
271,271,2706.22066102939,2.70622066102939,Sector 2,56.63016538360984,3.4842532781185582,3,0.75,585994.0782229104,6620331.511955262,5.264074368711708,50.99456003292381,26.715399163335885,25.64678319680245,0.65,0.603832462300639
271,271,2706.22066102939,2.70622066102939,Sector 2,56.63016538360984,3.4842532781185582,4,0.9,585974.1805434292,6620357.591137815,5.263895624815744,50.994707482929044,26.715399163335885,25.64678319680245,0.65,0.603832462300639
272,272,2716.220661029376,2.716220661029376,Sector 2,56.63016537305225,0.0,0,0.1,586074.0168291469,6620212.7574397735,5.264792469429443,50.99388859667811,41.17672767979925,39.529658572607275,1.0,0.9301378041889283
272,272,2716.220661029376,2.716220661029376,Sector 2,56.63016537305225,0.0,1,0.25,586056.7156045394,6620239.195792617,5.2646370498844535,50.994038079568355,26.764872991869513,25.69427807219473,0.65,0.6045895727228034
272,272,2716.220661029376,2.716220661029376,Sector 2,56.63016537305225,0.0,2,0.5,586027.8802301935,6620283.259714024,5.264378017309472,50.99428721664878,26.764872991869513,25.69427807219473,0.65,0.6045895727228034
272,272,2716.220661029376,2.716220661029376,Sector 2,56.63016537305225,0.0,3,0.75,585999.0448558476,6620327.323635431,5.264118984734489,50.994536352391705,26.764872991869513,25.69427807219473,0.65,0.6045895727228034
272,272,2716.220661029376,2.716220661029376,Sector 2,56.63016537305225,0.0,4,0.9,585981.7436312401,6620353.761988275,5.2639635651895,50.994685833195454,26.764872991869513,25.69427807219473,0.65,0.6045895727228034
273,273,2726.2206610292646,2.7262206610292647,Sector 2,56.63016538217681,0.0,0,0.1,586068.0316057373,6620206.602715756,5.264738703252766,50.993853797696225,41.17672767979925,39.529658572607275,1.0,0.9301378041889283
273,273,2726.2206610292646,2.7262206610292647,Sector 2,56.63016538217681,0.0,1,0.25,586053.2769279858,6620233.4685721565,5.264606159727401,50.9940056978087,27.88350930458555,26.76816893240213,0.6771667122607421,0.6298583588120426
273,273,2726.2206610292646,2.7262206610292647,Sector 2,56.63016538217681,0.0,2,0.5,586028.6857983998,6620278.24499949,5.264385253851794,50.99425886355795,26.764872991869513,25.69427807219473,0.65,0.6045895727228034
273,273,2726.2206610292646,2.7262206610292647,Sector 2,56.63016538217681,0.0,3,0.75,586004.094668814,6620323.021426823,5.264164347976186,50.99451202792607,26.764872991869513,25.69427807219473,0.65,0.6045895727228034
273,273,2726.2206610292646,2.7262206610292647,Sector 2,56.63016538217681,0.0,4,0.9,585989.3399910624,6620349.887283224,5.264031804450821,50.99466392588403,26.764872991869513,25.69427807219473,0.65,0.6045895727228034
274,274,2736.2206610297626,2.736220661029763,Sector 2,56.63016537756852,0.8185178963489543,0,0.1,586062.3884921864,6620200.070193665,5.264688010301239,50.99381686260492,41.1725259749448,39.525624935947,1.0,0.9300735044443877
274,274,2736.2206610297626,2.736220661029763,Sector 2,56.63016537756852,0.8185178963489543,1,0.25,586050.1233429812,6620227.426519968,5.264577830591307,50.99397153596294,41.1725259749448,39.525624935947,1.0,0.9300735044443877
274,274,2736.2206610297626,2.736220661029763,Sector 2,56.63016537756852,0.8185178963489543,2,0.5,586029.6814276392,6620273.020397138,5.2643941977414235,50.99422932374736,26.76214188371412,25.691656208365554,0.65,0.604547777888852
274,274,2736.2206610297626,2.736220661029763,Sector 2,56.63016537756852,0.8185178963489543,3,0.75,586009.2395122971,6620318.614274307,5.264210564891538,50.99448711009979,26.76214188371412,25.691656208365554,0.65,0.604547777888852
274,274,2736.2206610297626,2.736220661029763,Sector 2,56.63016537756852,0.8185178963489543,4,0.9,585996.9743630919,6620345.97060061,5.264100385181608,50.9946417812239,26.76214188371412,25.691656208365554,0.65,0.604547777888852
275,275,2746.220661029651,2.746220661029651,Sector 2,56.63016536999362,0.0,0,0.1,586056.8666793003,6620193.403717069,5.2646384070121215,50.993779170100204,41.17672767979925,39.529658572607275,1.0,0.9301378041889283
275,275,2746.220661029651,2.746220661029651,Sector 2,56.63016536999362,0.0,1,0.25,586047.0708418639,6620221.272839024,5.264550409507223,50.993936742940804,41.17672767979925,39.529658572607275,1.0,0.9301378041889283
275,275,2746.220661029651,2.746220661029651,Sector 2,56.63016536999362,0.0,2,0.5,586030.7444461365,6620267.721375614,5.264403746999058,50.994199363152866,26.764872991869513,25.69427807219473,0.65,0.6045895727228034
275,275,2746.220661029651,2.746220661029651,Sector 2,56.63016536999362,0.0,3,0.75,586014.4180504091,6620314.169912206,5.264257084490892,50.994461981878764,26.764872991869513,25.69427807219473,0.65,0.6045895727228034
275,275,2746.220661029651,2.746220661029651,Sector 2,56.63016536999362,0.0,4,0.9,586004.6222129726,6620342.03903416,5.264169086985993,50.99461955240092,26.764872991869513,25.69427807219473,0.65,0.6045895727228034
276,276,2756.22066102954,2.75622066102954,Sector 2,56.63016538182205,0.0,0,0.1,586052.5022959418,6620185.752206271,5.264599201089354,50.993735908138,41.17672767979925,39.529658572607275,1.0,0.9301378041889283
276,276,2756.22066102954,2.75622066102954,Sector 2,56.63016538182205,0.0,1,0.25,586044.9828653529,6620214.298296245,5.264531652895095,50.99389730871964,41.17672767979925,39.529658572607275,1.0,0.9301378041889283
276,276,2756.22066102954,2.75622066102954,Sector 2,56.63016538182205,0.0,2,0.5,586032.4504810378,6620261.875112869,5.264419072571329,50.99416630844163,26.764872991869513,25.69427807219473,0.65,0.6045895727228034
276,276,2756.22066102954,2.75622066102954,Sector 2,56.63016538182205,0.0,3,0.75,586019.9180967229,6620309.451929493,5.264306492247563,50.99443530660436,26.764872991869513,25.69427807219473,0.65,0.6045895727228034
276,276,2756.22066102954,2.75622066102954,Sector 2,56.63016538182205,0.0,4,0.9,586012.398666134,6620337.998019467,5.264238944053305,50.99459670475355,26.764872991869513,25.69427807219473,0.65,0.6045895727228034
277,277,2766.2206610295257,2.766220661029525,Sector 2,56.630165382330176,0.0,0,0.1,586048.2368768234,6620178.01647163,5.264560884177482,50.993692169929695,41.17672767979925,39.529658572607275,1.0,0.9301378041889283
277,277,2766.2206610295257,2.766220661029525,Sector 2,56.630165382330176,0.0,1,0.25,586042.9773590419,6620207.253566931,5.26451363712538,50.99385747762822,41.17672767979925,39.529658572607275,1.0,0.9301378041889283
277,277,2766.2206610295257,2.766220661029525,Sector 2,56.630165382330176,0.0,2,0.5,586034.2114960728,6620255.9820591,5.264434892038544,50.994132989150586,26.764872991869513,25.69427807219473,0.65,0.6045895727228034
277,277,2766.2206610295257,2.766220661029525,Sector 2,56.630165382330176,0.0,3,0.75,586025.4456331036,6620304.710551268,5.264356146951706,50.994408499037284,26.764872991869513,25.69427807219473,0.65,0.6045895727228034
277,277,2766.2206610295257,2.766220661029525,Sector 2,56.630165382330176,0.0,4,0.9,586020.1861153222,6620333.947646569,5.264308899899604,50.99457380418418,26.764872991869513,25.69427807219473,0.65,0.6045895727228034
278,278,2776.2206610294143,2.7762206610294142,Sector 2,56.70166782625273,0.0,0,0.1,586043.9713684444,6620170.280505999,5.264522566463768,50.993648430374115,41.17672767979925,39.529658572607275,1.0,0.9301378041889283
278,278,2776.2206610294143,2.7762206610294142,Sector 2,56.70166782625273,0.0,1,0.25,586040.9716295797,6620200.208260142,5.264495619351062,50.99381764323755,41.17672767979925,39.529658572607275,1.0,0.9301378041889283
278,278,2776.2206610294143,2.7762206610294142,Sector 2,56.70166782625273,0.0,2,0.5,586035.972064805,6620250.087850381,5.264450707496552,50.994099663305526,26.764872991869513,25.69427807219473,0.65,0.6045895727228034
278,278,2776.2206610294143,2.7762206610294142,Sector 2,56.70166782625273,0.0,3,0.75,586030.9725000304,6620299.967440619,5.264405795642043,50.99438168165965,26.764872991869513,25.69427807219473,0.65,0.6045895727228034
278,278,2776.2206610294143,2.7762206610294142,Sector 2,56.70166782625273,0.0,4,0.9,586027.9727611657,6620329.895194762,5.264378848529337,50.994550891849464,26.764872991869513,25.69427807219473,0.65,0.6045895727228034
279,279,2786.220642536006,2.786220642536006,Sector 2,56.87148036682356,3.983391077685682,0,0.1,586039.7058387196,6620162.544479022,5.264484248558301,50.993604690430466,41.07725415082862,39.434163984795475,1.0,0.9286155357948027
279,279,2786.220642536006,2.786220642536006,Sector 2,56.87148036682356,3.983391077685682,1,0.25,586038.965830741,6620193.16277725,5.2644776009535255,50.99377780781699,41.07725415082862,39.434163984795475,1.0,0.9286155357948027
279,279,2786.220642536006,2.786220642536006,Sector 2,56.87148036682356,3.983391077685682,2,0.5,586037.7324841102,6620244.193274297,5.264466521612235,50.994066335359456,28.247324048236777,27.117431086307306,0.687663395038954,0.6385749120305715
279,279,2786.220642536006,2.786220642536006,Sector 2,56.87148036682356,3.983391077685682,3,0.75,586036.4991374793,6620295.223771343,5.264455442270944,50.99435486110805,26.700215198038606,25.63220659011706,0.65,0.6036000982666219
279,279,2786.220642536006,2.786220642536006,Sector 2,56.87148036682356,3.983391077685682,4,0.9,586035.7591295007,6620325.842069572,5.264448794666168,50.99452797569617,26.700215198038606,25.63220659011706,0.65,0.6036000982666219
280,280,2796.220642536381,2.7962206425363814,Sector 2,56.87148037423219,0.0,0,0.1,586035.4403011061,6620154.808437737,5.264445930581969,50.99356095036469,41.17672767979925,39.529658572607275,1.0,0.9301378041889283
280,280,2796.220642536381,2.7962206425363814,Sector 2,56.87148037423219,0.0,1,0.25,586036.960028193,6620186.117281327,5.264459582522667,50.993737972288564,41.17672767979925,39.529658572607275,1.0,0.9301378041889283
280,280,2796.220642536381,2.7962206425363814,Sector 2,56.87148037423219,0.0,2,0.5,586039.4929066709,6620238.298687311,5.2644823357571635,50.9940330073278,28.49286271623589,27.353148207586454,0.6919652027184789,0.6436229942317127
280,280,2796.220642536381,2.7962206425363814,Sector 2,56.87148037423219,0.0,3,0.75,586042.0257851488,6620290.480093296,5.264505088991659,50.99432804049137,26.764872991869513,25.69427807219473,0.65,0.6045895727228034
280,280,2796.220642536381,2.7962206425363814,Sector 2,56.87148037423219,0.0,4,0.9,586043.5455122357,6620321.788936886,5.264518740932357,50.99450505948918,26.764872991869513,25.69427807219473,0.65,0.6045895727228034
281,281,2806.2206425362483,2.8062206425362484,Sector 2,56.87148036655907,0.0,0,0.1,586031.0899458886,6620147.133251961,5.264406850676138,50.993517554339064,41.17672767979925,39.529658572607275,1.0,0.9301378041889283
281,281,2806.2206425362483,2.8062206425362484,Sector 2,56.87148036655907,0.0,1,0.25,586034.883544308,6620179.122498329,5.264440929150557,50.99369842345931,41.17672767979925,39.529658572607275,1.0,0.9301378041889283
281,281,2806.2206425362483,2.8062206425362484,Sector 2,56.87148036655907,0.0,2,0.5,586041.2062083404,6620232.437908942,5.264497726607924,50.993999870426556,31.209110582948288,29.960746159630354,0.7579308104723207,0.7049800997798592
281,281,2806.2206425362483,2.8062206425362484,Sector 2,56.87148036655907,0.0,3,0.75,586047.5288723726,6620285.753319555,5.2645545240652885,50.99430131543572,26.764872991869513,25.69427807219473,0.65,0.6045895727228034
281,281,2806.2206425362483,2.8062206425362484,Sector 2,56.87148036655907,0.0,4,0.9,586051.322470792,6620317.742565922,5.264588602539707,50.99448218150134,26.764872991869513,25.69427807219473,0.65,0.6045895727228034
282,282,2816.220642536115,2.816220642536115,Sector 2,56.87148036857758,-3.4366270339338656,0,0.1,586026.6951414905,6620139.489957882,5.2643673714765225,50.99347433859095,41.1026800491681,39.458572847201374,1.0,0.9290046347021701
282,282,2816.220642536115,2.816220642536115,Sector 2,56.87148036857758,-3.4366270339338656,1,0.25,586032.7700194393,6620172.154291745,5.264421943033628,50.99365902486082,41.1026800491681,39.458572847201374,1.0,0.9290046347021701
282,282,2816.220642536115,2.816220642536115,Sector 2,56.87148036857758,-3.4366270339338656,2,0.5,586042.8948160205,6620226.594848182,5.264512895628802,50.993966833677305,41.1026800491681,39.458572847201374,1.0,0.9290046347021701
282,282,2816.220642536115,2.816220642536115,Sector 2,56.87148036857758,-3.4366270339338656,3,0.75,586053.0196126017,6620281.03540462,5.264603848223977,50.99427464045218,26.716742031959267,25.648072350680895,0.65,0.6038530125564106
282,282,2816.220642536115,2.816220642536115,Sector 2,56.87148036857758,-3.4366270339338656,4,0.9,586059.0944905505,6620313.699738482,5.264658419781083,50.99445932353713,26.716742031959267,25.648072350680895,0.65,0.6038530125564106
283,283,2826.220642535982,2.826220642535982,Sector 2,56.87148038222784,-3.126169848407344,0,0.1,586021.3796441514,6620132.691423277,5.264319621551498,50.993435899141346,41.1154511777641,39.47083313065354,1.0,0.929200074490224
283,283,2826.220642535982,2.826220642535982,Sector 2,56.87148038222784,-3.126169848407344,1,0.25,586029.889250453,6620165.890051389,5.264396064645523,50.99362360649505,41.1154511777641,39.47083313065354,1.0,0.929200074490224
283,283,2826.220642535982,2.826220642535982,Sector 2,56.87148038222784,-3.126169848407344,2,0.5,586044.0719276223,6620221.221098241,5.264523469802233,50.993936450397385,41.1154511777641,39.47083313065354,1.0,0.929200074490224
283,283,2826.220642535982,2.826220642535982,Sector 2,56.87148038222784,-3.126169848407344,3,0.75,586058.2546047916,6620276.552145094,5.264650874958942,50.994249292190766,26.725043265546667,25.6560415349248,0.65,0.6039800484186457
283,283,2826.220642535982,2.826220642535982,Sector 2,56.87148038222784,-3.126169848407344,4,0.9,586066.7642110932,6620309.750773205,5.264727318052967,50.9944369962545,26.725043265546667,25.6560415349248,0.65,0.6039800484186457
284,284,2836.2206425358486,2.8362206425358485,Sector 2,56.87148036619237,0.0,0,0.1,586015.5089551872,6620126.402291277,5.26426688425525,50.99340033986581,41.17672767979925,39.529658572607275,1.0,0.9301378041889283
284,284,2836.2206425358486,2.8362206425358485,Sector 2,56.87148036619237,0.0,1,0.25,586026.5458217791,6620160.0503132045,5.264366030114732,50.993590588263984,41.17672767979925,39.529658572607275,1.0,0.9301378041889283
284,284,2836.2206425358486,2.8362206425358485,Sector 2,56.87148036619237,0.0,2,0.5,586044.9405994324,6620216.130349748,5.264531273213872,50.99390766719445,41.17672767979925,39.529658572607275,1.0,0.9301378041889283
284,284,2836.2206425358486,2.8362206425358485,Sector 2,56.87148036619237,0.0,3,0.75,586063.3353770857,6620272.210386291,5.264696516313011,50.994224743958476,26.764872991869513,25.69427807219473,0.65,0.6045895727228034
284,284,2836.2206425358486,2.8362206425358485,Sector 2,56.87148036619237,0.0,4,0.9,586074.3722436777,6620305.858408218,5.264795662172495,50.99441498897701,26.764872991869513,25.69427807219473,0.65,0.6045895727228034
285,285,2846.220642536322,2.846220642536322,Sector 2,56.87148037417535,0.0,0,0.1,586009.1082218827,6620120.816750349,5.264209385489679,50.99336875872987,41.17672767979925,39.529658572607275,1.0,0.9301378041889283
285,285,2846.220642536322,2.846220642536322,Sector 2,56.87148037417535,0.0,1,0.25,586022.7593483552,6620154.793452209,5.264332015645236,50.99356086563553,41.17672767979925,39.529658572607275,1.0,0.9301378041889283
285,285,2846.220642536322,2.846220642536322,Sector 2,56.87148037417535,0.0,2,0.5,586045.5112258096,6620211.421288643,5.264536399237834,50.99388104204443,41.17672767979925,39.529658572607275,1.0,0.9301378041889283
285,285,2846.220642536322,2.846220642536322,Sector 2,56.87148037417535,0.0,3,0.75,586068.2631032638,6620268.049125076,5.264740782830429,50.99420121624436,27.196743006714215,26.108873286445647,0.6604882063043725,0.614345049904633
285,285,2846.220642536322,2.846220642536322,Sector 2,56.87148037417535,0.0,4,0.9,586081.9142297363,6620302.025826937,5.264863412985985,50.994393319704024,27.05416510059635,25.971998496572496,0.6570256216321133,0.6111243690007596
286,286,2856.2206425361887,2.8562206425361887,Sector 2,56.87148037136603,0.0,0,0.1,586002.4393838325,6620115.586275582,5.264149478298202,50.99333918514954,41.17672767979925,39.529658572607275,1.0,0.9301378041889283
286,286,2856.2206425361887,2.8562206425361887,Sector 2,56.87148037136603,0.0,1,0.25,586018.7484254193,6620149.829833908,5.2642959849114686,50.99353280100256,41.17672767979925,39.529658572607275,1.0,0.9301378041889283
286,286,2856.2206425361887,2.8562206425361887,Sector 2,56.87148037136603,0.0,2,0.5,586045.9301613974,6620206.902431117,5.26454016260025,50.99385549229588,41.17672767979925,39.529658572607275,1.0,0.9301378041889283
286,286,2856.2206425361887,2.8562206425361887,Sector 2,56.87148037136603,0.0,3,0.75,586073.1118973754,6620263.975028326,5.2647843402890295,50.99417818134538,26.764872991869513,25.69427807219473,0.65,0.6045895727228034
286,286,2856.2206425361887,2.8562206425361887,Sector 2,56.87148037136603,0.0,4,0.9,586089.4209389624,6620298.218586652,5.264930846902297,50.99437179369807,32.584531910935766,31.281150634498335,0.7913336913103296,0.7360493820161093
287,287,2866.2206425360555,2.866220642536056,Sector 2,56.87148037340455,0.0,0,0.1,585995.770545782,6620110.355800817,5.26408957110672,50.99330961155035,41.17672767979925,39.529658572607275,1.0,0.9301378041889283
287,287,2866.2206425360555,2.866220642536056,Sector 2,56.87148037340455,0.0,1,0.25,586014.7375024832,6620144.866215607,5.2642599541776995,50.993504736352605,41.17672767979925,39.529658572607275,1.0,0.9301378041889283
287,287,2866.2206425360555,2.866220642536056,Sector 2,56.87148037340455,0.0,2,0.5,586046.3490969851,6620202.383573592,5.264543925962664,50.99382994253325,41.17672767979925,39.529658572607275,1.0,0.9301378041889283
287,287,2866.2206425360555,2.866220642536056,Sector 2,56.87148037340455,0.0,3,0.75,586077.9606914871,6620259.900931575,5.2648278977476295,50.99415514643497,26.764872991869513,25.69427807219473,0.65,0.6045895727228034
287,287,2866.2206425360555,2.866220642536056,Sector 2,56.87148037340455,0.0,4,0.9,586096.9276481882,6620294.411346366,5.264998280818608,50.99435026768213,41.17672767979925,39.529658572607275,1.0,0.9301378041889283
288,288,2876.2206425359223,2.8762206425359222,Sector 2,56.87148036845849,0.0,0,0.1,585989.1784522042,6620105.00984956,5.264030353322568,50.99327938501669,41.17672767979925,39.529658572607275,1.0,0.9301378041889283
288,288,2876.2206425359223,2.8762206425359222,Sector 2,56.87148036845849,0.0,1,0.25,586010.7905332743,6620139.806366897,5.264224497950036,50.99347612759164,41.17672767979925,39.529658572607275,1.0,0.9301378041889283
288,288,2876.2206425359223,2.8762206425359222,Sector 2,56.87148036845849,0.0,2,0.5,586046.810668391,6620197.80056246,5.264548072329149,50.99380403002975,41.17672767979925,39.529658572607275,1.0,0.9301378041889283
288,288,2876.2206425359223,2.8762206425359222,Sector 2,56.87148036845849,0.0,3,0.75,586082.8308035077,6620255.794758022,5.264871646708264,50.994131930151006,28.438961522101973,27.301403061217894,0.6906561818911546,0.6424054244737476
288,288,2876.2206425359223,2.8762206425359222,Sector 2,56.87148036845849,0.0,4,0.9,586104.4428845778,6620290.591275359,5.265065791335733,50.99432866911167,41.17672767979925,39.529658572607275,1.0,0.9301378041889283
289,289,2886.220642536298,2.8862206425362977,Sector 2,56.87148037050497,0.0,0,0.1,585982.6766270561,6620099.528072475,5.263971946433515,50.993248390489995,41.17672767979925,39.529658572607275,1.0,0.9301378041889283
289,289,2886.220642536298,2.8862206425362977,Sector 2,56.87148037050497,0.0,1,0.25,586006.9187877568,6620134.633329997,5.26418971746829,50.99344687883799,41.17672767979925,39.529658572607275,1.0,0.9301378041889283
289,289,2886.220642536298,2.8862206425362977,Sector 2,56.87148037050497,0.0,2,0.5,586047.3223889247,6620193.142092534,5.264552669192916,50.993777690864796,41.17672767979925,39.529658572607275,1.0,0.9301378041889283
289,289,2886.220642536298,2.8862206425362977,Sector 2,56.87148037050497,0.0,3,0.75,586087.7259900925,6620251.650855072,5.264915620917542,50.99410850053346,32.920675915843994,31.603848879210233,0.7994971376026667,0.7436425120250779
289,289,2886.220642536298,2.8862206425362977,Sector 2,56.87148037050497,0.0,4,0.9,586111.9681507932,6620286.756112593,5.265133391952317,50.99430698520273,41.17672767979925,39.529658572607275,1.0,0.9301378041889283
290,290,2896.2206425361646,2.8962206425361647,Sector 2,56.87148037068789,-0.4575145953489812,0,0.1,585976.1738849679,6620094.044084736,5.263913531307451,50.99321738344333,41.17541492332588,39.528398326392846,1.0,0.9301177147469506
290,290,2896.2206425361646,2.8962206425361647,Sector 2,56.87148037068789,-0.4575145953489812,1,0.25,586003.0447498886,6620129.4547664635,5.264154916394007,50.99341759881786,41.17541492332588,39.528398326392846,1.0,0.9301177147469506
290,290,2896.2206425361646,2.8962206425361647,Sector 2,56.87148037068789,-0.4575145953489812,2,0.5,586047.8295247562,6620188.472569342,5.264557224871602,50.99375128918924,41.17541492332588,39.528398326392846,1.0,0.9301177147469506
290,290,2896.2206425361646,2.8962206425361647,Sector 2,56.87148037068789,-0.4575145953489812,3,0.75,586092.6142996238,6620247.49037222,5.264959533349196,50.994084977161265,41.17541492332588,39.528398326392846,1.0,0.9301177147469506
290,290,2896.2206425361646,2.8962206425361647,Sector 2,56.87148037068789,-0.4575145953489812,4,0.9,586119.4851645444,6620282.901053947,5.265200918435753,50.9942851887928,41.17541492332588,39.528398326392846,1.0,0.9301177147469506
291,291,2906.2206425360314,2.9062206425360317,Sector 2,56.87148037329672,0.0,0,0.1,585969.6565388301,6620088.524888067,5.263854984990975,50.99318617730073,41.17672767979925,39.529658572607275,1.0,0.9301378041889283
291,291,2906.2206425360314,2.9062206425360317,Sector 2,56.87148037329672,0.0,1,0.25,585999.1342018963,6620124.188180602,5.2641197873437005,50.99338782109338,41.17672767979925,39.529658572607275,1.0,0.9301378041889283
291,291,2906.2206425360314,2.9062206425360317,Sector 2,56.87148037329672,0.0,2,0.5,586048.26364034,6620183.627001496,5.2645611245982415,50.993723892134135,41.17672767979925,39.529658572607275,1.0,0.9301378041889283
291,291,2906.2206425360314,2.9062206425360317,Sector 2,56.87148037329672,0.0,3,0.75,586097.3930787835,6620243.065822389,5.265002461852783,50.994059960741176,41.17672767979925,39.529658572607275,1.0,0.9301378041889283
291,291,2906.2206425360314,2.9062206425360317,Sector 2,56.87148037329672,0.0,4,0.9,586126.8707418496,6620278.729114925,5.265267264205506,50.99426160073722,41.17672767979925,39.529658572607275,1.0,0.9301378041889283
292,292,2916.220642535898,2.9162206425358983,Sector 2,56.871480368089465,-2.7866161581809576,0,0.1,585963.0560000195,6620082.86285008,5.263795691342006,50.99315416349588,41.128037064518566,39.482915581937824,1.0,0.9293926794758582
292,292,2916.220642535898,2.9162206425358983,Sector 2,56.871480368089465,-2.7866161581809576,1,0.25,585995.015672222,6620118.56449145,5.2640827899621545,50.993356024255405,41.128037064518566,39.482915581937824,1.0,0.9293926794758582
292,292,2916.220642535898,2.9162206425358983,Sector 2,56.871480368089465,-2.7866161581809576,2,0.5,586048.2817925595,6620178.067227066,5.264561287662405,50.99369245690345,41.128037064518566,39.482915581937824,1.0,0.9293926794758582
292,292,2916.220642535898,2.9162206425358983,Sector 2,56.871480368089465,-2.7866161581809576,3,0.75,586101.5479128971,6620237.569962681,5.265039785362655,50.99402888711254,41.128037064518566,39.482915581937824,1.0,0.9293926794758582
292,292,2916.220642535898,2.9162206425358983,Sector 2,56.871480368089465,-2.7866161581809576,4,0.9,586133.5075850995,6620273.271604051,5.265326883982803,50.994230744067295,41.128037064518566,39.482915581937824,1.0,0.9293926794758582
293,293,2926.2206425363715,2.9262206425363715,Sector 2,56.87148036828438,6.145503805612739,0,0.1,585956.2258162748,6620076.952743491,5.263734334757493,50.99312074705945,40.940094766769114,39.30249097609835,1.0,0.9265165512963924
293,293,2926.2206425363715,2.9262206425363715,Sector 2,56.87148036828438,6.145503805612739,1,0.25,585990.3230302129,6620112.32063079,5.264040635241758,50.99332072088712,40.940094766769114,39.30249097609835,1.0,0.9265165512963924
293,293,2926.2206425363715,2.9262206425363715,Sector 2,56.87148036828438,6.145503805612739,2,0.5,586047.15172011,6620171.267109621,5.264551136048868,50.993654008685056,40.940094766769114,39.30249097609835,1.0,0.9265165512963924
293,293,2926.2206425363715,2.9262206425363715,Sector 2,56.87148036828438,6.145503805612739,3,0.75,586103.9804100071,6620230.213588454,5.265061636855979,50.99398729408943,40.940094766769114,39.30249097609835,1.0,0.9265165512963924
293,293,2926.2206425363715,2.9262206425363715,Sector 2,56.87148036828438,6.145503805612739,4,0.9,586138.0776239452,6620265.581475752,5.265367937340245,50.99418726418313,40.940094766769114,39.30249097609835,1.0,0.9265165512963924
294,294,2936.2206425362383,2.9362206425362385,Sector 2,56.87148038087008,0.0,0,0.1,585949.2442655694,6620070.947475726,5.263671618420438,50.99308679254592,41.17672767979925,39.529658572607275,1.0,0.9301378041889283
294,294,2936.2206425362383,2.9362206425362385,Sector 2,56.87148038087008,0.0,1,0.25,585985.2519708017,6620105.83886719,5.263995081140001,50.993284072365114,41.17672767979925,39.529658572607275,1.0,0.9301378041889283
294,294,2936.2206425362383,2.9362206425362385,Sector 2,56.87148038087008,0.0,2,0.5,586045.2648128557,6620163.991186298,5.2645341856726064,50.993612870200145,41.17672767979925,39.529658572607275,1.0,0.9301378041889283
294,294,2936.2206425362383,2.9362206425362385,Sector 2,56.87148038087008,0.0,3,0.75,586105.2776549096,6620222.143505406,5.265073290205212,50.993941665705684,41.17672767979925,39.529658572607275,1.0,0.9301378041889283
294,294,2936.2206425362383,2.9362206425362385,Sector 2,56.87148038087008,0.0,4,0.9,586141.285360142,6620257.03489687,5.265396752924775,50.99413894189085,41.17672767979925,39.529658572607275,1.0,0.9301378041889283
295,295,2946.220642536105,2.946220642536105,Sector 2,56.87148038135018,0.0,0,0.1,585941.9994240911,6620064.859018942,5.263606536902128,50.99305236764621,41.17672767979925,39.529658572607275,1.0,0.9301378041889283
295,295,2946.220642536105,2.946220642536105,Sector 2,56.87148038135018,0.0,1,0.25,585979.5226844583,6620099.149131045,5.263943614085107,50.993246247915735,41.17672767979925,39.529658572607275,1.0,0.9301378041889283
295,295,2946.220642536105,2.946220642536105,Sector 2,56.87148038135018,0.0,2,0.5,586042.061451737,6620156.299317881,5.264505409390071,50.993569379898354,41.17672767979925,39.529658572607275,1.0,0.9301378041889283
295,295,2946.220642536105,2.946220642536105,Sector 2,56.87148038135018,0.0,3,0.75,586104.6002190156,6620213.449504719,5.265067204695035,50.99389250963105,41.17672767979925,39.529658572607275,1.0,0.9301378041889283
295,295,2946.220642536105,2.946220642536105,Sector 2,56.87148038135018,0.0,4,0.9,586142.1234793828,6620247.739616821,5.265404281878014,50.99408638639071,41.17672767979925,39.529658572607275,1.0,0.9301378041889283
296,296,2956.220642535972,2.956220642535972,Sector 2,56.87148035913288,0.0,0,0.1,585934.272397399,6620058.8006331995,5.263537123840345,50.9930181127466,41.17672767979925,39.529658572607275,1.0,0.9301378041889283
296,296,2956.220642535972,2.956220642535972,Sector 2,56.87148035913288,0.0,1,0.25,585972.5879350799,6620092.534572499,5.263881318171525,50.99320884849786,41.17672767979925,39.529658572607275,1.0,0.9301378041889283
296,296,2956.220642535972,2.956220642535972,Sector 2,56.87148035913288,0.0,2,0.5,586036.4471645483,6620148.757804666,5.264454975390161,50.99352673967462,41.17672767979925,39.529658572607275,1.0,0.9301378041889283
296,296,2956.220642535972,2.956220642535972,Sector 2,56.87148035913288,0.0,3,0.75,586100.3063940167,6620204.981036833,5.2650286326087965,50.993844628673855,41.17672767979925,39.529658572607275,1.0,0.9301378041889283
296,296,2956.220642535972,2.956220642535972,Sector 2,56.87148035913288,0.0,4,0.9,586138.6219316977,6620238.714976132,5.265372826939977,50.99403536102819,41.17672767979925,39.529658572607275,1.0,0.9301378041889283
297,297,2966.2206425363474,2.9662206425363475,Sector 2,56.87148037823738,0.0,0,0.1,585926.3066889712,6620052.848921066,5.263465566664051,50.9929844609688,41.17672767979925,39.529658572607275,1.0,0.9301378041889283
297,297,2966.2206425363474,2.9662206425363475,Sector 2,56.87148037823738,0.0,1,0.25,585965.0564813636,6620086.186697979,5.2638136619716756,50.9931729569115,41.17672767979925,39.529658572607275,1.0,0.9301378041889283
297,297,2966.2206425363474,2.9662206425363475,Sector 2,56.87148037823738,0.0,2,0.5,586029.6394686843,6620141.749659501,5.264393820817719,50.99348711511466,41.17672767979925,39.529658572607275,1.0,0.9301378041889283
297,297,2966.2206425363474,2.9662206425363475,Sector 2,56.87148037823738,0.0,3,0.75,586094.2224560049,6620197.3126210235,5.26497397966376,50.99380127119114,41.17672767979925,39.529658572607275,1.0,0.9301378041889283
297,297,2966.2206425363474,2.9662206425363475,Sector 2,56.87148037823738,0.0,4,0.9,586132.9722483973,6620230.650397937,5.265322074971386,50.99398976381623,41.17672767979925,39.529658572607275,1.0,0.9301378041889283
298,298,2976.220642536214,2.976220642536214,Sector 2,56.87148036737875,0.0,0,0.1,585918.1102602781,6620047.099705294,5.263391936892347,50.992951954109394,41.17672767979925,39.529658572607275,1.0,0.9301378041889283
298,298,2976.220642536214,2.976220642536214,Sector 2,56.87148036737875,0.0,1,0.25,585956.9482269828,6620080.3450643625,5.263740824283298,50.993139927642815,41.17672767979925,39.529658572607275,1.0,0.9301378041889283
298,298,2976.220642536214,2.976220642536214,Sector 2,56.87148036737875,0.0,2,0.5,586021.6781714908,6620135.753996142,5.264322303268215,50.99345321517325,41.17672767979925,39.529658572607275,1.0,0.9301378041889283
298,298,2976.220642536214,2.976220642536214,Sector 2,56.87148036737875,0.0,3,0.75,586086.4081159987,6620191.162927922,5.264903782253132,50.993766500588784,41.17672767979925,39.529658572607275,1.0,0.9301378041889283
298,298,2976.220642536214,2.976220642536214,Sector 2,56.87148036737875,0.0,4,0.9,586125.2460827035,6620224.408286991,5.265252669644082,50.993954470822956,41.17672767979925,39.529658572607275,1.0,0.9301378041889283
299,299,2986.220642536081,2.986220642536081,Sector 2,56.87148037811687,0.0,0,0.1,585909.8557444954,6620041.422774036,5.263317785315442,50.99291985593426,41.17672767979925,39.529658572607275,1.0,0.9301378041889283
299,299,2986.220642536081,2.986220642536081,Sector 2,56.87148037811687,0.0,1,0.25,585948.7031481094,6620074.671793067,5.26366675747959,50.993107850291565,41.17672767979925,39.529658572607275,1.0,0.9301378041889283
299,299,2986.220642536081,2.986220642536081,Sector 2,56.87148037811687,0.0,2,0.5,586013.4488207995,6620130.086824784,5.264248377753171,50.993421172528095,41.17672767979925,39.529658572607275,1.0,0.9301378041889283
299,299,2986.220642536081,2.986220642536081,Sector 2,56.87148037811687,0.0,3,0.75,586078.1944934896,6620185.5018565,5.264829998026752,50.993734492649246,41.17672767979925,39.529658572607275,1.0,0.9301378041889283
299,299,2986.220642536081,2.986220642536081,Sector 2,56.87148037811687,0.0,4,0.9,586117.0418971035,6620218.750875531,5.265178970190901,50.99392248370657,41.17672767979925,39.529658572607275,1.0,0.9301378041889283
300,300,2996.220642535948,2.996220642535948,Sector 2,56.87148036809776,0.0,0,0.1,585901.5322791792,6620035.846607304,5.263243014354338,50.992888327474446,41.17672767979925,39.529658572607275,1.0,0.9301378041889283
300,300,2996.220642535948,2.996220642535948,Sector 2,56.87148036809776,0.0,1,0.25,585940.3843852994,6620069.105230587,5.263592028761819,50.993076376263105,41.17672767979925,39.529658572607275,1.0,0.9301378041889283
300,300,2996.220642535948,2.996220642535948,Sector 2,56.87148036809776,0.0,2,0.5,586005.1378954998,6620124.536269391,5.264173719440953,50.99338978921759,41.17672767979925,39.529658572607275,1.0,0.9301378041889283
300,300,2996.220642535948,2.996220642535948,Sector 2,56.87148036809776,0.0,3,0.75,586069.8914057004,6620179.967308196,5.264755410120087,50.993703200055485,41.17672767979925,39.529658572607275,1.0,0.9301378041889283
300,300,2996.220642535948,2.996220642535948,Sector 2,56.87148036809776,0.0,4,0.9,586108.7435118206,6620213.225931479,5.265104424527568,50.99389124554226,41.17672767979925,39.529658572607275,1.0,0.9301378041889283
301,301,3006.220642536421,3.0062206425364213,Sector 2,56.87148036963788,-5.511369900639067,0,0.1,585893.2088138624,6620030.270440571,5.2631682433932285,50.99285679899322,40.986374211793766,39.34691924332201,1.0,0.9272247772655293
301,301,3006.220642536421,3.0062206425364213,Sector 2,56.87148036963788,-5.511369900639067,1,0.25,585932.065622489,6620063.538668106,5.263517300044042,50.993044902213306,40.986374211793766,39.34691924332201,1.0,0.9272247772655293
301,301,3006.220642536421,3.0062206425364213,Sector 2,56.87148036963788,-5.511369900639067,2,0.5,585996.8269701998,6620118.985713998,5.264099061128731,50.99335840588586,40.986374211793766,39.34691924332201,1.0,0.9272247772655293
301,301,3006.220642536421,3.0062206425364213,Sector 2,56.87148036963788,-5.511369900639067,3,0.75,586061.5883179107,6620174.43275989,5.264680822213419,50.9936719074406,40.986374211793766,39.34691924332201,1.0,0.9272247772655293
301,301,3006.220642536421,3.0062206425364213,Sector 2,56.87148036963788,-5.511369900639067,4,0.9,586100.4451265372,6620207.700987426,5.265029878864233,50.9938600073569,40.986374211793766,39.34691924332201,1.0,0.9272247772655293
302,302,3016.220642536288,3.016220642536288,Sector 2,51.55042127200295,0.0,0,0.1,585884.8853485463,6620024.694273838,5.263093472432126,50.99282527049056,41.17672767979925,39.529658572607275,1.0,0.9301378041889283
302,302,3016.220642536288,3.016220642536288,Sector 2,51.55042127200295,0.0,1,0.25,585923.7468596791,6620057.972105626,5.263442571326272,50.993013428142156,41.17672767979925,39.529658572607275,1.0,0.9301378041889283
302,302,3016.220642536288,3.016220642536288,Sector 2,51.55042127200295,0.0,2,0.5,585988.5160449003,6620113.435158606,5.2640244028165135,50.99332702253291,41.17672767979925,39.529658572607275,1.0,0.9301378041889283
302,302,3016.220642536288,3.016220642536288,Sector 2,51.55042127200295,0.0,3,0.75,586053.2852301216,6620168.898211585,5.264606234306756,50.993640614804626,41.17672767979925,39.529658572607275,1.0,0.9301378041889283
302,302,3016.220642536288,3.016220642536288,Sector 2,51.55042127200295,0.0,4,0.9,586092.1467412544,6620202.1760433735,5.264955333200902,50.99382876915053,41.17672767979925,39.529658572607275,1.0,0.9301378041889283
303,303,3026.070136649442,3.026070136649442,Sector 2,33.0156208107947,0.0,0,0.1,585876.687156283,6620019.202031696,5.263019826818002,50.992794216489486,41.17672767979925,39.529658572607275,1.0,0.9301378041889283
303,303,3026.070136649442,3.026070136649442,Sector 2,33.0156208107947,0.0,1,0.25,585915.5532991465,6620052.489323187,5.2633689673196935,50.99298242775343,41.17672767979925,39.529658572607275,1.0,0.9301378041889283
303,303,3026.070136649442,3.026070136649442,Sector 2,33.0156208107947,0.0,2,0.5,585980.330203919,6620107.968142338,5.2639508681558445,50.99329611149715,41.17672767979925,39.529658572607275,1.0,0.9301378041889283
303,303,3026.070136649442,3.026070136649442,Sector 2,33.0156208107947,0.0,3,0.75,586045.1071086915,6620163.44696149,5.264532768991995,50.993609793120626,41.17672767979925,39.529658572607275,1.0,0.9301378041889283
303,303,3026.070136649442,3.026070136649442,Sector 2,33.0156208107947,0.0,4,0.9,586083.973251555,6620196.734252981,5.2648819094936865,50.993798001076996,41.17672767979925,39.529658572607275,1.0,0.9301378041889283
304,304,3036.070136649412,3.0360701366494123,Sector 2,33.01562081737586,0.0,0,0.1,585868.3591316752,6620013.632948107,5.262945014900086,50.992762727993565,41.17672767979925,39.529658572607275,1.0,0.9301378041889283
304,304,3036.070136649412,3.0360701366494123,Sector 2,33.01562081737586,0.0,1,0.25,585907.2231381078,6620046.940468566,5.2632941362098915,50.992951053762624,41.17672767979925,39.529658572607275,1.0,0.9301378041889283
304,304,3036.070136649412,3.0360701366494123,Sector 2,33.01562081737586,0.0,2,0.5,585971.9964821623,6620102.453002663,5.2638760050595685,50.99326492834615,41.17672767979925,39.529658572607275,1.0,0.9301378041889283
304,304,3036.070136649412,3.0360701366494123,Sector 2,33.01562081737586,0.0,3,0.75,586036.7698262166,6620157.965536761,5.264457873909243,50.99357880080685,41.17672767979925,39.529658572607275,1.0,0.9301378041889283
304,304,3036.070136649412,3.0360701366494123,Sector 2,33.01562081737586,0.0,4,0.9,586075.6338326492,6620191.27305722,5.264806995219049,50.99376712326432,41.17672767979925,39.529658572607275,1.0,0.9301378041889283
305,305,3046.0701366494463,3.0460701366494463,Sector 2,33.01562081300449,18.652050279619758,0,0.1,585860.0193697198,6620008.082099218,5.262870097543781,50.992731342578324,39.01405432646148,37.453492153403026,1.0,0.8970418707614956
305,305,3046.0701366494463,3.0460701366494463,Sector 2,33.01562081300449,18.652050279619758,1,0.25,585898.8636337,6620041.437200696,5.26321904150412,50.992919937504674,39.01405432646148,37.453492153403026,1.0,0.8970418707614956
305,305,3046.0701366494463,3.0460701366494463,Sector 2,33.01562081300449,18.652050279619758,2,0.5,585963.6040736667,6620097.029036494,5.2638006147713465,50.993234260678825,39.01405432646148,37.453492153403026,1.0,0.8970418707614956
305,305,3046.0701366494463,3.0460701366494463,Sector 2,33.01562081300449,18.652050279619758,3,0.75,586028.3445136336,6620152.620872291,5.264382188038576,50.99354858172408,39.01405432646148,37.453492153403026,1.0,0.8970418707614956
305,305,3046.0701366494463,3.0460701366494463,Sector 2,33.01562081300449,18.652050279619758,4,0.9,586067.1887776138,6620185.975973769,5.264731131998913,50.99373717332937,39.01405432646148,37.453492153403026,1.0,0.8970418707614956
306,306,3056.0701366494804,3.05607013664948,Sector 2,33.01562081917922,0.0,0,0.1,585851.6822480458,6620002.527655533,5.262795203905529,50.99269993681625,41.17672767979925,39.529658572607275,1.0,0.9301378041889283
306,306,3056.0701366494804,3.05607013664948,Sector 2,33.01562081917922,0.0,1,0.25,585890.5107299958,6620035.924945835,5.263144006093476,50.99288877041207,41.17672767979925,39.529658572607275,1.0,0.9301378041889283
306,306,3056.0701366494804,3.05607013664948,Sector 2,33.01562081917922,0.0,2,0.5,585955.224866579,6620091.587096338,5.26372534307339,50.99320349136436,41.17672767979925,39.529658572607275,1.0,0.9301378041889283
306,306,3056.0701366494804,3.05607013664948,Sector 2,33.01562081917922,0.0,3,0.75,586019.9390031624,6620147.249246841,5.264306680053305,50.99351821018236,41.17672767979925,39.529658572607275,1.0,0.9301378041889283
306,306,3056.0701366494804,3.05607013664948,Sector 2,33.01562081917922,0.0,4,0.9,586058.7674851124,6620180.646537144,5.264655482241253,50.99370704044871,41.17672767979925,39.529658572607275,1.0,0.9301378041889283
307,307,3066.0701366487338,3.066070136648734,Sector 2,33.01562081264518,-22.620336740226417,0,0.1,585843.432846054,6619996.853779716,5.262721098266587,50.992667855742816,38.009156679048495,36.488790411886555,1.0,0.8816636697082318
307,307,3066.0701366487338,3.066070136648734,Sector 2,33.01562081264518,-22.620336740226417,1,0.25,585882.377125496,6620030.114110647,5.263070940681106,50.99285591508012,38.009156679048495,36.488790411886555,1.0,0.8816636697082318
307,307,3066.0701366487338,3.066070136648734,Sector 2,33.01562081264518,-22.620336740226417,2,0.5,585947.2842578993,6620085.54799553,5.263654011371967,50.993169345615506,38.009156679048495,36.488790411886555,1.0,0.8816636697082318
307,307,3066.0701366487338,3.066070136648734,Sector 2,33.01562081264518,-22.620336740226417,3,0.75,586012.1913903025,6620140.981880413,5.26423708206283,50.99348277403407,38.009156679048495,36.488790411886555,1.0,0.8816636697082318
307,307,3066.0701366487338,3.066070136648734,Sector 2,33.01562081264518,-22.620336740226417,4,0.9,586051.1356697446,6620174.242211344,5.2645869244773476,50.993670830069156,38.009156679048495,36.488790411886555,1.0,0.8816636697082318
308,308,3076.070136648704,3.076070136648704,Sector 2,33.01562081926397,0.0,0,0.1,585835.1834440615,6619991.1799039,5.262646992627641,50.992635774647205,41.17672767979925,39.529658572607275,1.0,0.9301378041889283
308,308,3076.070136648704,3.076070136648704,Sector 2,33.01562081926397,0.0,1,0.25,585874.2435209956,6620024.303275458,5.262997875268728,50.9928230597249,41.17672767979925,39.529658572607275,1.0,0.9301378041889283
308,308,3076.070136648704,3.076070136648704,Sector 2,33.01562081926397,0.0,2,0.5,585939.3436492188,6620079.508894721,5.263582679670538,50.99313519984152,41.17672767979925,39.529658572607275,1.0,0.9301378041889283
308,308,3076.070136648704,3.076070136648704,Sector 2,33.01562081926397,0.0,3,0.75,586004.4437774421,6620134.714513984,5.26416748407235,50.99344733785872,41.17672767979925,39.529658572607275,1.0,0.9301378041889283
308,308,3076.070136648704,3.076070136648704,Sector 2,33.01562081926397,0.0,4,0.9,586043.503854376,6620167.837885541,5.264518366713436,50.99363461966132,41.17672767979925,39.529658572607275,1.0,0.9301378041889283
309,309,3086.0701366487383,3.0860701366487384,Sector 2,33.01562081317405,0.0,0,0.1,585826.9975849952,6619985.44374977,5.262573457804512,50.99260334139647,41.17672767979925,39.529658572607275,1.0,0.9301378041889283
309,309,3086.0701366487383,3.0860701366487384,Sector 2,33.01562081317405,0.0,1,0.25,585866.2687738102,6620018.336744482,5.2629262368958925,50.992789324017565,41.17672767979925,39.529658572607275,1.0,0.9301378041889283
309,309,3086.0701366487383,3.0860701366487384,Sector 2,33.01562081317405,0.0,2,0.5,585931.7207551688,6620073.158402336,5.263514202048196,50.993099293396476,41.17672767979925,39.529658572607275,1.0,0.9301378041889283
309,309,3086.0701366487383,3.0860701366487384,Sector 2,33.01562081317405,0.0,3,0.75,585997.1727365274,6620127.98006019,5.264102167200499,50.993409260705064,41.17672767979925,39.529658572607275,1.0,0.9301378041889283
309,309,3086.0701366487383,3.0860701366487384,Sector 2,33.01562081317405,0.0,4,0.9,586036.4439253424,6620160.873054902,5.264454946291879,50.99359524009647,41.17672767979925,39.529658572607275,1.0,0.9301378041889283
310,310,3096.0701366487724,3.0960701366487724,Sector 2,49.36112743714119,0.0,0,0.1,585818.8866264701,6619979.625529294,5.262500595824392,50.99257044410465,41.17672767979925,39.529658572607275,1.0,0.9301378041889283
310,310,3096.0701366487724,3.0960701366487724,Sector 2,49.36112743714119,0.0,1,0.25,585858.4525626316,6620012.207618924,5.262856022676235,50.99275466894928,41.17672767979925,39.529658572607275,1.0,0.9301378041889283
310,310,3096.0701366487724,3.0960701366487724,Sector 2,49.36112743714119,0.0,2,0.5,585924.3957895674,6620066.511101641,5.263448400762641,50.99306170873191,41.17672767979925,39.529658572607275,1.0,0.9301378041889283
310,310,3096.0701366487724,3.0960701366487724,Sector 2,49.36112743714119,0.0,3,0.75,585990.3390165031,6620120.814584357,5.264040778849046,50.99336874648317,41.17672767979925,39.529658572607275,1.0,0.9301378041889283
310,310,3096.0701366487724,3.0960701366487724,Sector 2,49.36112743714119,0.0,4,0.9,586029.9049526646,6620153.396673987,5.264396205700891,50.99355296815888,41.17672767979925,39.529658572607275,1.0,0.9301378041889283
311,311,3106.0691318161143,3.106069131816114,Sector 2,49.401217122037,0.0,0,0.1,585810.7875593344,6619973.791472427,5.262427840666441,50.992537457247536,41.17672767979925,39.529658572607275,1.0,0.9301378041889283
311,311,3106.0691318161143,3.106069131816114,Sector 2,49.401217122037,0.0,1,0.25,585850.6463671628,6620006.065425052,5.2627858984292315,50.99271993996467,41.17672767979925,39.529658572607275,1.0,0.9301378041889283
311,311,3106.0691318161143,3.106069131816114,Sector 2,49.401217122037,0.0,2,0.5,585917.0777135433,6620059.855346095,5.263382661367214,50.99302407623207,41.17672767979925,39.529658572607275,1.0,0.9301378041889283
311,311,3106.0691318161143,3.106069131816114,Sector 2,49.401217122037,0.0,3,0.75,585983.5090599239,6620113.645267138,5.263979424305197,50.99332821050635,41.17672767979925,39.529658572607275,1.0,0.9301378041889283
311,311,3106.0691318161143,3.106069131816114,Sector 2,49.401217122037,0.0,4,0.9,586023.3678677523,6620145.919219764,5.264337482067988,50.99351069011423,41.17672767979925,39.529658572607275,1.0,0.9301378041889283
312,312,3116.0691318160048,3.1160691318160048,Sector 2,49.401217131404,0.0,0,0.1,585802.7339855309,6619967.921677321,5.262355494182047,50.99250426829602,41.17672767979925,39.529658572607275,1.0,0.9301378041889283
312,312,3116.0691318160048,3.1160691318160048,Sector 2,49.401217131404,0.0,1,0.25,585842.9551553093,6619999.834734043,5.2627168070976165,50.99268471057599,41.17672767979925,39.529658572607275,1.0,0.9301378041889283
312,312,3116.0691318160048,3.1160691318160048,Sector 2,49.401217131404,0.0,2,0.5,585909.9904382734,6620053.023161913,5.263318995290236,50.99298544615024,41.17672767979925,39.529658572607275,1.0,0.9301378041889283
312,312,3116.0691318160048,3.1160691318160048,Sector 2,49.401217131404,0.0,3,0.75,585977.0257212375,6620106.211589783,5.263921183482855,50.9932861797757,41.17672767979925,39.529658572607275,1.0,0.9301378041889283
312,312,3116.0691318160048,3.1160691318160048,Sector 2,49.401217131404,0.0,4,0.9,586017.2468910159,6620138.124646505,5.264282496398427,50.99346661901554,41.17672767979925,39.529658572607275,1.0,0.9301378041889283
313,313,3126.069131815895,3.1260691318158957,Sector 2,49.4012171319784,0.0,0,0.1,585794.6987892713,6619962.037931768,5.262283312785938,50.99247100044217,41.17672767979925,39.529658572607275,1.0,0.9301378041889283
313,313,3126.069131815895,3.1260691318158957,Sector 2,49.4012171319784,0.0,1,0.25,585835.3098873157,6619993.569166917,5.262648128486719,50.992649283964845,41.17672767979925,39.529658572607275,1.0,0.9301378041889283
313,313,3126.069131815895,3.1260691318158957,Sector 2,49.4012171319784,0.0,2,0.5,585902.9950507232,6620046.121225498,5.26325615465469,50.99294642164732,41.17672767979925,39.529658572607275,1.0,0.9301378041889283
313,313,3126.069131815895,3.1260691318158957,Sector 2,49.4012171319784,0.0,3,0.75,585970.6802141307,6620098.673284078,5.26386418082266,50.993243557427355,41.17672767979925,39.529658572607275,1.0,0.9301378041889283
313,313,3126.069131815895,3.1260691318158957,Sector 2,49.4012171319784,0.0,4,0.9,586011.2913121751,6620130.204519227,5.264228996523443,50.99342183798222,41.17672767979925,39.529658572607275,1.0,0.9301378041889283
314,314,3136.069131815874,3.1360691318158738,Sector 2,49.40121712634436,-2.404867877290052,0,0.1,585786.6635930114,6619956.154186216,5.262211131389826,50.99243773256449,41.14046204759932,39.49484356569535,1.0,0.9295828221121667
314,314,3136.069131815874,3.1360691318158738,Sector 2,49.40121712634436,-2.404867877290052,1,0.25,585827.6646193219,6619987.303599791,5.262579449875818,50.99261385732664,41.14046204759932,39.49484356569535,1.0,0.9295828221121667
314,314,3136.069131815874,3.1360691318158738,Sector 2,49.40121712634436,-2.404867877290052,2,0.5,585895.9996631729,6620039.219289082,5.263193314019142,50.99290739711159,41.14046204759932,39.49484356569535,1.0,0.9295828221121667
314,314,3136.069131815874,3.1360691318158738,Sector 2,49.40121712634436,-2.404867877290052,3,0.75,585964.3347070238,6620091.134978374,5.263807178162464,50.99320093503988,41.14046204759932,39.49484356569535,1.0,0.9295828221121667
314,314,3136.069131815874,3.1360691318158738,Sector 2,49.40121712634436,-2.404867877290052,4,0.9,586005.3357333343,6620122.284391948,5.264175496648457,50.99337705690566,41.14046204759932,39.49484356569535,1.0,0.9295828221121667
315,315,3146.069131815764,3.1460691318157643,Sector 2,49.401217133942566,-3.4615949328300637,0,0.1,585778.6283967519,6619950.270440663,5.262138949993718,50.99240446466295,41.10160052245366,39.45753650155551,1.0,0.9289881144337628
315,315,3146.069131815764,3.1460691318157643,Sector 2,49.401217133942566,-3.4615949328300637,1,0.25,585820.0193513285,6619981.038032664,5.262510771264922,50.9925784306614,41.10160052245366,39.45753650155551,1.0,0.9289881144337628
315,315,3146.069131815764,3.1460691318157643,Sector 2,49.401217133942566,-3.4615949328300637,2,0.5,585889.0042756228,6620032.3173526665,5.263130473383596,50.992868372543036,41.10160052245366,39.45753650155551,1.0,0.9289881144337628
315,315,3146.069131815764,3.1460691318157643,Sector 2,49.401217133942566,-3.4615949328300637,3,0.75,585957.989199917,6620083.596672669,5.263750175502269,50.99315831261325,41.10160052245366,39.45753650155551,1.0,0.9289881144337628
315,315,3146.069131815764,3.1460691318157643,Sector 2,49.401217133942566,-3.4615949328300637,4,0.9,585999.3801544935,6620114.36426467,5.264121996773473,50.99333227578591,41.10160052245366,39.45753650155551,1.0,0.9289881144337628
316,316,3156.0691318156546,3.1560691318156544,Sector 2,49.401217119522016,0.0,0,0.1,585770.5956959175,6619944.385041758,5.262066791014394,50.99237118738916,41.17672767979925,39.529658572607275,1.0,0.9301378041889283
316,316,3156.0691318156546,3.1560691318156544,Sector 2,49.401217119522016,0.0,1,0.25,585812.380321898,6619974.768332157,5.26244214869599,50.9925429805982,41.17672767979925,39.529658572607275,1.0,0.9301378041889283
316,316,3156.0691318156546,3.1560691318156544,Sector 2,49.401217119522016,0.0,2,0.5,585882.0213651988,6620025.407149487,5.2630677448319805,50.9928293012001,41.17672767979925,39.529658572607275,1.0,0.9301378041889283
316,316,3156.0691318156546,3.1560691318156544,Sector 2,49.401217119522016,0.0,3,0.75,585951.6624084995,6620076.045966817,5.263693340967972,50.99311562003556,41.17672767979925,39.529658572607275,1.0,0.9301378041889283
316,316,3156.0691318156546,3.1560691318156544,Sector 2,49.401217119522016,0.0,4,0.9,585993.44703448,6620106.429257216,5.264068698649567,50.99328741048895,41.17672767979925,39.529658572607275,1.0,0.9301378041889283
317,317,3166.0691318162394,3.1660691318162395,Sector 2,49.98331066938823,0.0,0,0.1,585762.5242744529,6619938.531422444,5.261994284201733,50.99233808978014,41.17672767979925,39.529658572607275,1.0,0.9301378041889283
317,317,3166.0691318162394,3.1660691318162395,Sector 2,49.98331066938823,0.0,1,0.25,585804.644490893,6619968.578080627,5.262372656543718,50.992507979727854,41.17672767979925,39.529658572607275,1.0,0.9301378041889283
317,317,3166.0691318162394,3.1660691318162395,Sector 2,49.98331066938823,0.0,2,0.5,585874.8448516263,6620018.655844266,5.263003277113691,50.99279112825871,41.17672767979925,39.529658572607275,1.0,0.9301378041889283
317,317,3166.0691318162394,3.1660691318162395,Sector 2,49.98331066938823,0.0,3,0.75,585945.0452123596,6620068.733607904,5.2636338976836665,50.99307427506202,41.17672767979925,39.529658572607275,1.0,0.9301378041889283
317,317,3166.0691318162394,3.1660691318162395,Sector 2,49.98331066938823,0.0,4,0.9,585987.1654287997,6620098.7802660875,5.264012270025652,50.99324416231482,41.17672767979925,39.529658572607275,1.0,0.9301378041889283
318,318,3176.0666619234144,3.1760666619234144,Sector 2,52.76894821260004,0.0,0,0.1,585754.3516408278,6619932.760862233,5.261920868184763,50.99230546178186,41.17672767979925,39.529658572607275,1.0,0.9301378041889283
318,318,3176.0666619234144,3.1760666619234144,Sector 2,52.76894821260004,0.0,1,0.25,585796.6263150084,6619962.631845184,5.262300628044239,50.99247435854645,41.17672767979925,39.529658572607275,1.0,0.9301378041889283
318,318,3176.0666619234144,3.1760666619234144,Sector 2,52.76894821260004,0.0,2,0.5,585867.0841053093,6620012.416816767,5.262933561143365,50.99275585178818,41.17672767979925,39.529658572607275,1.0,0.9301378041889283
318,318,3176.0666619234144,3.1760666619234144,Sector 2,52.76894821260004,0.0,3,0.75,585937.5418956104,6620062.201788352,5.263566494242492,50.993037343322555,41.17672767979925,39.529658572607275,1.0,0.9301378041889283
318,318,3176.0666619234144,3.1760666619234144,Sector 2,52.76894821260004,0.0,4,0.9,585979.816569791,6620092.072771302,5.263946254101968,50.99320623742363,41.17672767979925,39.529658572607275,1.0,0.9301378041889283
319,319,3186.0666619230183,3.1860666619230185,Sector 2,52.76894821180366,4.515991378125613,0,0.1,585746.1327420508,6619927.040221443,5.261847036560862,50.992273116016165,41.04889027920552,39.4069346680373,1.0,0.9281814763444778
319,319,3186.0666619230183,3.1860666619230185,Sector 2,52.76894821180366,4.515991378125613,1,0.25,585788.4778115961,6619956.838486834,5.262227428792659,50.99244160173868,41.04889027920552,39.4069346680373,1.0,0.9281814763444778
319,319,3186.0666619230183,3.1860666619230185,Sector 2,52.76894821180366,4.515991378125613,2,0.5,585859.052927505,6620006.502262486,5.262861415845654,50.99272240991696,41.04889027920552,39.4069346680373,1.0,0.9281814763444778
319,319,3186.0666619230183,3.1860666619230185,Sector 2,52.76894821180366,4.515991378125613,3,0.75,585929.6280434139,6620056.166038137,5.2634954028986485,50.99300321639615,41.04889027920552,39.4069346680373,1.0,0.9281814763444778
319,319,3186.0666619230183,3.1860666619230185,Sector 2,52.76894821180366,4.515991378125613,4,0.9,585971.9731129592,6620085.964303528,5.263875795130445,50.99317169946811,41.04889027920552,39.4069346680373,1.0,0.9281814763444778
320,320,3196.0666619231856,3.1960666619231857,Sector 2,52.76894820680048,0.0,0,0.1,585737.8651315367,6619921.381680495,5.261772767351983,50.9922411213545,41.17672767979925,39.529658572607275,1.0,0.9301378041889283
320,320,3196.0666619231856,3.1960666619231857,Sector 2,52.76894820680048,0.0,1,0.25,585780.2075288419,6619951.20037809,5.262153135578638,50.99240972272107,41.17672767979925,39.529658572607275,1.0,0.9301378041889283
320,320,3196.0666619231856,3.1960666619231857,Sector 2,52.76894820680048,0.0,2,0.5,585850.7781910172,6620000.898207416,5.262787082623063,50.99269072363755,41.17672767979925,39.529658572607275,1.0,0.9301378041889283
320,320,3196.0666619231856,3.1960666619231857,Sector 2,52.76894820680048,0.0,3,0.75,585921.3488531926,6620050.5960367415,5.26342102966749,50.99297172285264,41.17672767979925,39.529658572607275,1.0,0.9301378041889283
320,320,3196.0666619231856,3.1960666619231857,Sector 2,52.76894820680048,0.0,4,0.9,585963.6912504978,6620080.414734337,5.263801397894144,50.993140321565,41.17672767979925,39.529658572607275,1.0,0.9301378041889283
321,321,3206.0666619228823,3.206066661922882,Sector 2,52.76894820991947,0.0,0,0.1,585729.5965131142,6619915.724651517,5.261698489088908,50.99220913521982,41.17672767979925,39.529658572607275,1.0,0.9301378041889283
321,321,3206.0666619228823,3.206066661922882,Sector 2,52.76894820991947,0.0,1,0.25,585771.9347263159,6619945.56604927,5.262078819729123,50.99237786505404,41.17672767979925,39.529658572607275,1.0,0.9301378041889283
321,321,3206.0666619228823,3.206066661922882,Sector 2,52.76894820991947,0.0,2,0.5,585842.4984149855,6619995.301712192,5.26271270412948,50.99265908008121,41.17672767979925,39.529658572607275,1.0,0.9301378041889283
321,321,3206.0666619228823,3.206066661922882,Sector 2,52.76894820991947,0.0,3,0.75,585913.0621036551,6620045.037375113,5.263346588529837,50.99294029340439,41.17672767979925,39.529658572607275,1.0,0.9301378041889283
321,321,3206.0666619228823,3.206066661922882,Sector 2,52.76894820991947,0.0,4,0.9,585955.4003168568,6620074.878772866,5.263726919170051,50.993109020580384,41.17672767979925,39.529658572607275,1.0,0.9301378041889283
322,322,3216.0666619230497,3.21606666192305,Sector 2,52.76894821231844,-5.362324827590872,0,0.1,585721.3276191261,6619910.0680359155,5.261624208350384,50.99217715140041,40.996523118505735,39.3566621937655,1.0,0.9273800885335868
322,322,3216.0666619230497,3.21606666192305,Sector 2,52.76894821231844,-5.362324827590872,1,0.25,585763.6612348766,6619939.932753891,5.2620044976909925,50.99234601320843,40.996523118505735,39.3566621937655,1.0,0.9273800885335868
322,322,3216.0666619230497,3.21606666192305,Sector 2,52.76894821231844,-5.362324827590872,2,0.5,585834.2172611277,6619989.707283851,5.262638313258673,50.99262744818983,40.996523118505735,39.3566621937655,1.0,0.9273800885335868
322,322,3216.0666619230497,3.21606666192305,Sector 2,52.76894821231844,-5.362324827590872,3,0.75,585904.7732873786,6620039.48181381,5.263272128826353,50.992908881464544,40.996523118505735,39.3566621937655,1.0,0.9273800885335868
322,322,3216.0666619230497,3.21606666192305,Sector 2,52.76894821231844,-5.362324827590872,4,0.9,585947.1069031291,6620069.346531785,5.26365241816696,50.99307774061018,40.996523118505735,39.3566621937655,1.0,0.9273800885335868
323,323,3226.066661923217,3.226066661923217,Sector 2,52.76894820897644,0.0,0,0.1,585713.0587251378,6619904.411420314,5.261549927611862,50.99214516755897,41.17672767979925,39.529658572607275,1.0,0.9301378041889283
323,323,3226.066661923217,3.226066661923217,Sector 2,52.76894820897644,0.0,1,0.25,585755.3877434372,6619934.299458512,5.2619301756528625,50.99231416134098,41.17672767979925,39.529658572607275,1.0,0.9301378041889283
323,323,3226.066661923217,3.226066661923217,Sector 2,52.76894820897644,0.0,2,0.5,585825.9361072696,6619984.112855509,5.262563922387865,50.992595816276875,41.17672767979925,39.529658572607275,1.0,0.9301378041889283
323,323,3226.066661923217,3.226066661923217,Sector 2,52.76894820897644,0.0,3,0.75,585896.484471102,6620033.926252506,5.263197669122868,50.99287746950344,41.17672767979925,39.529658572607275,1.0,0.9301378041889283
323,323,3226.066661923217,3.226066661923217,Sector 2,52.76894820897644,0.0,4,0.9,585938.8134894014,6620063.814290704,5.263577917163869,50.993046460618906,41.17672767979925,39.529658572607275,1.0,0.9301378041889283
324,324,3236.066661922821,3.236066661922821,Sector 2,35.212109618952184,0.0,0,0.1,585704.7898311502,6619898.754804713,5.261475646873342,50.992113183695466,41.17672767979925,39.529658572607275,1.0,0.9301378041889283
324,324,3236.066661922821,3.236066661922821,Sector 2,35.212109618952184,0.0,1,0.25,585747.1142519985,6619928.666163133,5.261855853614738,50.99228230945166,41.17672767979925,39.529658572607275,1.0,0.9301378041889283
324,324,3236.066661922821,3.236066661922821,Sector 2,35.212109618952184,0.0,2,0.5,585817.6549534122,6619978.518427169,5.262489531517063,50.99256418434238,41.17672767979925,39.529658572607275,1.0,0.9301378041889283
324,324,3236.066661922821,3.236066661922821,Sector 2,35.212109618952184,0.0,3,0.75,585888.1956548259,6620028.3706912035,5.263123209419387,50.992846057521085,41.17672767979925,39.529658572607275,1.0,0.9301378041889283
324,324,3236.066661922821,3.236066661922821,Sector 2,35.212109618952184,0.0,4,0.9,585930.5200756742,6620058.282049624,5.263503416160781,50.993015180606555,41.17672767979925,39.529658572607275,1.0,0.9301378041889283
325,325,3245.620992367225,3.245620992367225,Sector 2,18.420685148197837,0.0,0,0.1,585696.8894565931,6619893.350287247,5.261404676601193,50.99208262523481,41.17672767979925,39.529658572607275,1.0,0.9301378041889283
325,325,3245.620992367225,3.245620992367225,Sector 2,18.420685148197837,0.0,1,0.25,585739.2094848846,6619923.283926579,5.26178484388358,50.992251877083646,41.17672767979925,39.529658572607275,1.0,0.9301378041889283
325,325,3245.620992367225,3.245620992367225,Sector 2,18.420685148197837,0.0,2,0.5,585809.7428653704,6619973.173325466,5.26241845602089,50.99253396212674,41.17672767979925,39.529658572607275,1.0,0.9301378041889283
325,325,3245.620992367225,3.245620992367225,Sector 2,18.420685148197837,0.0,3,0.75,585880.2762458562,6620023.062724354,5.2630520681582,50.99281604545528,41.17672767979925,39.529658572607275,1.0,0.9301378041889283
325,325,3245.620992367225,3.245620992367225,Sector 2,18.420685148197837,0.0,4,0.9,585922.5962741477,6620052.9963636855,5.263432235440586,50.99298529462941,41.17672767979925,39.529658572607275,1.0,0.9301378041889283
326,326,3255.6209923667643,3.2556209923667643,Sector 2,18.420685143422816,0.0,0,0.1,585688.6205626056,6619887.693671645,5.261330395862676,50.99205064132821,41.17672767979925,39.529658572607275,1.0,0.9301378041889283
326,326,3255.6209923667643,3.2556209923667643,Sector 2,18.420685143422816,0.0,1,0.25,585730.9359934459,6619917.6506312005,5.261710521845456,50.99222002515158,41.17672767979925,39.529658572607275,1.0,0.9301378041889283
326,326,3255.6209923667643,3.2556209923667643,Sector 2,18.420685143422816,0.0,2,0.5,585801.4617115131,6619967.578897125,5.262344065150089,50.992502330150074,41.17672767979925,39.529658572607275,1.0,0.9301378041889283
326,326,3255.6209923667643,3.2556209923667643,Sector 2,18.420685143422816,0.0,3,0.75,585871.9874295802,6620017.50716305,5.26297760845472,50.99278463343134,41.17672767979925,39.529658572607275,1.0,0.9301378041889283
326,326,3255.6209923667643,3.2556209923667643,Sector 2,18.420685143422816,0.0,4,0.9,585914.3028604205,6620047.4641226055,5.263357734437499,50.992954014575844,41.17672767979925,39.529658572607275,1.0,0.9301378041889283
327,327,3265.6209923671504,3.2656209923671504,Sector 2,321.09122956306703,0.0,0,0.1,585680.252047618,6619882.18553868,5.261255220213489,50.99201949695807,44.8448189856212,43.051026226196356,1.0,0.9862715265912816
327,327,3265.6209923671504,3.2656209923671504,Sector 2,321.09122956306703,0.0,1,0.25,585722.579484507,6619912.141071352,5.261635454048439,50.99218887282717,44.8448189856212,43.051026226196356,1.0,0.9862715265912816
327,327,3265.6209923671504,3.2656209923671504,Sector 2,321.09122956306703,0.0,2,0.5,585793.1252126554,6619962.066959138,5.262269177106689,50.99247116456869,44.8448189856212,43.051026226196356,1.0,0.9862715265912816
327,327,3265.6209923671504,3.2656209923671504,Sector 2,321.09122956306703,0.0,3,0.75,585863.6709408037,6620011.992846924,5.262902900164939,50.99275345459315,44.8448189856212,43.051026226196356,1.0,0.9862715265912816
327,327,3265.6209923671504,3.2656209923671504,Sector 2,321.09122956306703,0.0,4,0.9,585905.9983776927,6620041.948379596,5.263283133999888,50.99292282778364,44.8448189856212,43.051026226196356,1.0,0.9862715265912816
328,328,3274.691781345229,3.274691781345229,Sector 2,310.90495739792897,18.44585327272505,0,0.1,585672.6560283795,6619877.196852606,5.261186984011684,50.99199128965335,42.94473284778495,41.22694353387355,1.0,0.9571940312648779
328,328,3274.691781345229,3.274691781345229,Sector 2,310.90495739792897,18.44585327272505,1,0.25,585714.9952083499,6619907.14982013,5.261567323336529,50.99216065112145,42.94473284778495,41.22694353387355,1.0,0.9571940312648779
328,328,3274.691781345229,3.274691781345229,Sector 2,310.90495739792897,18.44585327272505,2,0.5,585785.5605083006,6619957.071432672,5.262201222211271,50.99244291886153,42.94473284778495,41.22694353387355,1.0,0.9571940312648779
328,328,3274.691781345229,3.274691781345229,Sector 2,310.90495739792897,18.44585327272505,3,0.75,585856.1258082511,6620006.993045215,5.262835121086011,50.99272518488485,42.94473284778495,41.22694353387355,1.0,0.9571940312648779
328,328,3274.691781345229,3.274691781345229,Sector 2,310.90495739792897,18.44585327272505,4,0.9,585898.4649882215,6620036.946012739,5.263215460410857,50.99289454367479,42.94473284778495,41.22694353387355,1.0,0.9571940312648779
329,329,3284.6917813451623,3.2846917813451624,Sector 2,310.9049573990474,0.0,0,0.1,585664.2885474273,6619871.687245067,5.261111817651395,50.99196013690575,45.2705958667231,43.459772032054175,1.0,0.992787297125995
329,329,3284.6917813451623,3.2846917813451624,Sector 2,310.9049573990474,0.0,1,0.25,585706.6506844299,6619901.622563483,5.261492363202769,50.992129398695226,45.2705958667231,43.459772032054175,1.0,0.992787297125995
329,329,3284.6917813451623,3.2846917813451624,Sector 2,310.9049573990474,0.0,2,0.5,585777.254246101,6619951.5147608435,5.262126605788393,50.992411500305906,45.2705958667231,43.459772032054175,1.0,0.992787297125995
329,329,3284.6917813451623,3.2846917813451624,Sector 2,310.9049573990474,0.0,3,0.75,585847.8578077721,6620001.406958204,5.262760848374018,50.99269360020183,45.2705958667231,43.459772032054175,1.0,0.992787297125995
329,329,3284.6917813451623,3.2846917813451624,Sector 2,310.9049573990474,0.0,4,0.9,585890.2199447748,6620031.34227662,5.263141393925392,50.99286285931631,45.2705958667231,43.459772032054175,1.0,0.992787297125995
330,330,3294.691781345008,3.294691781345008,Sector 2,310.9049573980557,0.0,0,0.1,585655.9349590664,6619866.156933543,5.261036776090377,50.99192886707143,45.270595866758455,43.45977203208812,1.0,0.9927872971265361
330,330,3294.691781345008,3.294691781345008,Sector 2,310.9049573980557,0.0,1,0.25,585698.3200922229,6619896.074567618,5.261417528219716,50.99209802898337,45.270595866758455,43.45977203208812,1.0,0.9927872971265361
330,330,3294.691781345008,3.294691781345008,Sector 2,310.9049573980557,0.0,2,0.5,585768.961980817,6619945.937291076,5.262052115101948,50.9923799641331,45.270595866758455,43.45977203208812,1.0,0.9927872971265361
330,330,3294.691781345008,3.294691781345008,Sector 2,310.9049573980557,0.0,3,0.75,585839.6038694112,6619995.800014534,5.26268670198418,50.99266189757011,45.270595866758455,43.45977203208812,1.0,0.9927872971265361
330,330,3294.691781345008,3.294691781345008,Sector 2,310.9049573980557,0.0,4,0.9,585881.9890025676,6620025.717648609,5.263067454113519,50.9928310568102,45.270595866758455,43.45977203208812,1.0,0.9927872971265361
331,331,3304.691781344853,3.3046917813448533,Sector 2,299.60503979386425,0.0,0,0.1,585647.6700714488,6619860.49430323,5.260962531341693,50.991896849050086,45.59149236732761,43.767832672634505,1.0,0.9976980568598737
331,331,3304.691781344853,3.3046917813448533,Sector 2,299.60503979386425,0.0,1,0.25,585690.0614904354,6619890.419128797,5.261343339937604,50.9920660517412,45.59149236732761,43.767832672634505,1.0,0.9976980568598737
331,331,3304.691781344853,3.3046917813448533,Sector 2,299.60503979386425,0.0,2,0.5,585760.7138554129,6619940.293838074,5.26197802093079,50.992348054855576,45.59149236732761,43.767832672634505,1.0,0.9976980568598737
331,331,3304.691781344853,3.3046917813448533,Sector 2,299.60503979386425,0.0,3,0.75,585831.3662203904,6619990.168547353,5.262612701923974,50.9926300562564,45.59149236732761,43.767832672634505,1.0,0.9976980568598737
331,331,3304.691781344853,3.3046917813448533,Sector 2,299.60503979386425,0.0,4,0.9,585873.757639377,6620020.09337292,5.262993510519886,50.9927992562744,45.59149236732761,43.767832672634505,1.0,0.9976980568598737
332,332,3314.570928368185,3.314570928368185,Sector 2,292.57216887581546,0.0,0,0.1,585639.503617033,6619854.902232243,5.260889170833504,50.99186522996829,45.70531643468899,43.87710377730143,1.0,0.9994399351467715
332,332,3314.570928368185,3.314570928368185,Sector 2,292.57216887581546,0.0,1,0.25,585681.8990702464,6619884.837349521,5.261270015669492,50.99203449096662,45.70531643468899,43.87710377730143,1.0,0.9994399351467715
332,332,3314.570928368185,3.314570928368185,Sector 2,292.57216887581546,0.0,2,0.5,585752.5581589353,6619934.729211653,5.261904757062805,50.99231659125872,45.70531643468899,43.87710377730143,1.0,0.9994399351467715
332,332,3314.570928368185,3.314570928368185,Sector 2,292.57216887581546,0.0,3,0.75,585823.2172476243,6619984.621073783,5.262539498456118,50.9925986898361,45.70531643468899,43.87710377730143,1.0,0.9994399351467715
332,332,3314.570928368185,3.314570928368185,Sector 2,292.57216887581546,0.0,4,0.9,585865.6127008377,6620014.556191062,5.262920343292104,50.99276794815947,45.70531643468899,43.87710377730143,1.0,0.9994399351467715
333,333,3324.570928368121,3.3245709283681206,Sector 2,292.5721688788789,0.0,0,0.1,585631.2372612471,6619849.241752675,5.26081491289604,50.99183322406394,45.70531643465417,43.877103777268005,1.0,0.9994399351462386
333,333,3324.570928368121,3.3245709283681206,Sector 2,292.5721688788789,0.0,1,0.25,585673.6367980386,6619879.187287565,5.261195794415435,50.992002544082844,45.70531643465417,43.877103777268005,1.0,0.9994399351462386
333,333,3324.570928368121,3.3245709283681206,Sector 2,292.5721688788789,0.0,2,0.5,585744.3026926909,6619929.096512382,5.261830596947756,50.992284742741596,45.70531643465417,43.877103777268005,1.0,0.9994399351462386
333,333,3324.570928368121,3.3245709283681206,Sector 2,292.5721688788789,0.0,3,0.75,585814.9685873432,6619979.0057371985,5.262465399480077,50.99256693968443,45.70531643465417,43.877103777268005,1.0,0.9994399351462386
333,333,3324.570928368121,3.3245709283681206,Sector 2,292.5721688788789,0.0,4,0.9,585857.3681241346,6620008.951272089,5.2628462809994705,50.9927362570265,45.70531643465417,43.877103777268005,1.0,0.9994399351462386
334,334,3334.570928368164,3.334570928368164,Sector 2,292.5721688735962,0.0,0,0.1,585622.9709054612,6619843.581273107,5.260740654958576,50.99180121813753,45.70531643471422,43.87710377732565,1.0,0.9994399351471577
334,334,3334.570928368164,3.334570928368164,Sector 2,292.5721688735962,0.0,1,0.25,585665.3745258306,6619873.537225609,5.2611215731613745,50.99197059717707,45.70531643471422,43.87710377732565,1.0,0.9994399351471577
334,334,3334.570928368164,3.334570928368164,Sector 2,292.5721688735962,0.0,2,0.5,585736.0472264464,6619923.463813111,5.261756436832707,50.99225289420262,45.70531643471422,43.87710377732565,1.0,0.9994399351471577
334,334,3334.570928368164,3.334570928368164,Sector 2,292.5721688735962,0.0,3,0.75,585806.7199270623,6619973.390400615,5.262391300504039,50.99253518951105,45.70531643471422,43.87710377732565,1.0,0.9994399351471577
334,334,3334.570928368164,3.334570928368164,Sector 2,292.5721688735962,0.0,4,0.9,585849.1235474317,6620003.346353116,5.262772218706837,50.992704565871904,45.70531643471422,43.87710377732565,1.0,0.9994399351471577
335,335,3344.5709283681,3.3445709283681,Sector 2,292.5721688855852,15.66348066869085,0,0.1,585614.7045496753,6619837.920793539,5.260666397021112,50.99176921218905,44.00800503170832,42.24768483043999,1.0,0.9734655525096643
335,335,3344.5709283681,3.3445709283681,Sector 2,292.5721688855852,15.66348066869085,1,0.25,585657.1122536229,6619867.887163652,5.261047351907316,50.99193865024932,44.00800503170832,42.24768483043999,1.0,0.9734655525096643
335,335,3344.5709283681,3.3445709283681,Sector 2,292.5721688855852,15.66348066869085,2,0.5,585727.791760202,6619917.831113841,5.261682276717658,50.992221045641784,44.00800503170832,42.24768483043999,1.0,0.9734655525096643
335,335,3344.5709283681,3.3445709283681,Sector 2,292.5721688855852,15.66348066869085,3,0.75,585798.4712667813,6619967.775064031,5.262317201528,50.99250343931595,44.00800503170832,42.24768483043999,1.0,0.9734655525096643
335,335,3344.5709283681,3.3445709283681,Sector 2,292.5721688855852,15.66348066869085,4,0.9,585840.8789707288,6619997.741434144,5.262698156414205,50.992672874695664,44.00800503170832,42.24768483043999,1.0,0.9734655525096643
336,336,3354.570928368393,3.354570928368393,Sector 2,292.5721688769339,0.0,0,0.1,585606.4381938891,6619832.260313971,5.260592139083644,50.991737206218474,45.70531643467628,43.87710377728922,1.0,0.999439935146577
336,336,3354.570928368393,3.354570928368393,Sector 2,292.5721688769339,0.0,1,0.25,585648.8499814147,6619862.2371016955,5.260973130653255,50.991906703299556,45.70531643467628,43.87710377728922,1.0,0.999439935146577
336,336,3354.570928368393,3.354570928368393,Sector 2,292.5721688769339,0.0,2,0.5,585719.5362939574,6619912.198414572,5.2616081166026065,50.9921891970591,45.70531643467628,43.87710377728922,1.0,0.999439935146577
336,336,3354.570928368393,3.354570928368393,Sector 2,292.5721688769339,0.0,3,0.75,585790.2226065,6619962.159727447,5.262243102551958,50.99247168909912,45.70531643467628,43.87710377728922,1.0,0.999439935146577
336,336,3354.570928368393,3.354570928368393,Sector 2,292.5721688769339,0.0,4,0.9,585832.6343940257,6619992.136515172,5.262624094121569,50.99264118349778,45.70531643467628,43.87710377728922,1.0,0.999439935146577
337,337,3364.5709283684364,3.3645709283684364,Sector 2,292.5721688799912,0.0,0,0.1,585598.1718381032,6619826.599834402,5.26051788114618,50.99170520022584,45.705316434641524,43.87710377725586,1.0,0.9994399351460452
337,337,3364.5709283684364,3.3645709283684364,Sector 2,292.5721688799912,0.0,1,0.25,585640.5877092069,6619856.587039739,5.260898909399196,50.99187475632781,45.705316434641524,43.87710377725586,1.0,0.9994399351460452
337,337,3364.5709283684364,3.3645709283684364,Sector 2,292.5721688799912,0.0,2,0.5,585711.280827713,6619906.565715301,5.261533956487558,50.99215734845455,45.705316434641524,43.87710377725586,1.0,0.9994399351460452
337,337,3364.5709283684364,3.3645709283684364,Sector 2,292.5721688799912,0.0,3,0.75,585781.973946219,6619956.544390863,5.262169003575917,50.99243993886058,45.705316434641524,43.87710377725586,1.0,0.9994399351460452
337,337,3364.5709283684364,3.3645709283684364,Sector 2,292.5721688799912,0.0,4,0.9,585824.3898173226,6619986.5315962,5.262550031828934,50.99260949227826,45.705316434641524,43.87710377725586,1.0,0.9994399351460452
338,338,3374.5709283683723,3.374570928368372,Sector 2,292.5721688745077,39.85551402396335,0,0.1,585589.9054823172,6619820.939354835,5.260443623208714,50.99167319421114,38.84951896949828,37.29553821071834,1.0,0.8945239448749491
338,338,3374.5709283683723,3.374570928368372,Sector 2,292.5721688745077,39.85551402396335,1,0.25,585632.3254369989,6619850.936977783,5.260824688145136,50.99184280933409,38.84951896949828,37.29553821071834,1.0,0.8945239448749491
338,338,3374.5709283683723,3.374570928368372,Sector 2,292.5721688745077,39.85551402396335,2,0.5,585703.0253614684,6619900.933016031,5.261459796372508,50.99212549982814,38.84951896949828,37.29553821071834,1.0,0.8945239448749491
338,338,3374.5709283683723,3.374570928368372,Sector 2,292.5721688745077,39.85551402396335,3,0.75,585773.725285938,6619950.929054279,5.262094904599879,50.99240818860031,38.84951896949828,37.29553821071834,1.0,0.8945239448749491
338,338,3374.5709283683723,3.374570928368372,Sector 2,292.5721688745077,39.85551402396335,4,0.9,585816.1452406197,6619980.926677227,5.2624759695363,50.99257780103711,38.84951896949828,37.29553821071834,1.0,0.8945239448749491
339,339,3384.570928368308,3.384570928368308,Sector 2,292.5721688837091,-19.007245506410623,0,0.1,585581.6391265313,6619815.278875267,5.26036936527125,50.991641188174356,43.21334362810823,41.484809882983896,1.0,0.9613046494910422
339,339,3384.570928368308,3.384570928368308,Sector 2,292.5721688837091,-19.007245506410623,1,0.25,585624.0631647911,6619845.286915828,5.2607504668910785,50.99181086231836,43.21334362810823,41.484809882983896,1.0,0.9613046494910422
339,339,3384.570928368308,3.384570928368308,Sector 2,292.5721688837091,-19.007245506410623,2,0.5,585694.7698952241,6619895.30031676,5.26138563625746,50.99209365117988,43.21334362810823,41.484809882983896,1.0,0.9613046494910422
339,339,3384.570928368308,3.384570928368308,Sector 2,292.5721688837091,-19.007245506410623,3,0.75,585765.4766256571,6619945.313717694,5.26202080562384,50.99237643831831,43.21334362810823,41.484809882983896,1.0,0.9613046494910422
339,339,3384.570928368308,3.384570928368308,Sector 2,292.5721688837091,-19.007245506410623,4,0.9,585807.9006639168,6619975.321758254,5.262401907243668,50.9925461097743,43.21334362810823,41.484809882983896,1.0,0.9613046494910422
340,340,3394.570928368352,3.3945709283683514,Sector 2,292.57216886612304,0.0,0,0.1,585573.3727707454,6619809.618395699,5.260295107333786,50.99160918211552,45.70531643479918,43.877103777407214,1.0,0.9994399351484577
340,340,3394.570928368352,3.3945709283683514,Sector 2,292.57216886612304,0.0,1,0.25,585615.8008925832,6619839.636853871,5.260676245637019,50.991778915280655,45.70531643479918,43.877103777407214,1.0,0.9994399351484577
340,340,3394.570928368352,3.3945709283683514,Sector 2,292.57216886612304,0.0,2,0.5,585686.5144289796,6619889.6676174905,5.26131147614241,50.99206180250976,45.70531643479918,43.877103777407214,1.0,0.9994399351484577
340,340,3394.570928368352,3.3945709283683514,Sector 2,292.57216886612304,0.0,3,0.75,585757.227965376,6619939.69838111,5.2619467066478,50.992344688014605,45.70531643479918,43.877103777407214,1.0,0.9994399351484577
340,340,3394.570928368352,3.3945709283683514,Sector 2,292.57216886612304,0.0,4,0.9,585799.6560872138,6619969.716839282,5.2623278449510345,50.992514418489854,45.70531643479918,43.877103777407214,1.0,0.9994399351484577
341,341,3404.5709283682872,3.4045709283682872,Sector 2,292.57216888722616,0.0,0,0.1,585565.0359099065,6619804.062509118,5.260220216038654,50.991577767435494,45.70531643455927,43.8771037771769,1.0,0.9994399351447865
341,341,3404.5709283682872,3.4045709283682872,Sector 2,292.57216888722616,0.0,1,0.25,585607.4798661645,6619834.073952737,5.260601496584904,50.99174746105323,45.70531643455927,43.8771037771769,1.0,0.9994399351447865
341,341,3404.5709283682872,3.4045709283682872,Sector 2,292.57216888722616,0.0,2,0.5,585678.2197932613,6619884.093025435,5.26123696416199,50.99203028237065,45.70531643455927,43.8771037771769,1.0,0.9994399351447865
341,341,3404.5709283682872,3.4045709283682872,Sector 2,292.57216888722616,0.0,3,0.75,585748.959720358,6619934.112098133,5.261872431739075,50.9923131019646,45.70531643455927,43.8771037771769,1.0,0.9994399351447865
341,341,3404.5709283682872,3.4045709283682872,Sector 2,292.57216888722616,0.0,4,0.9,585791.403676616,6619964.123541752,5.262253712285326,50.992482792893696,45.70531643455927,43.8771037771769,1.0,0.9994399351447865
342,342,3414.570928368223,3.414570928368223,Sector 2,292.5721688753948,0.0,0,0.1,585556.9380610585,6619798.3263585325,5.260147471824768,50.99154533346542,45.70531643469378,43.877103777306026,1.0,0.9994399351468448
342,342,3414.570928368223,3.414570928368223,Sector 2,292.5721688753948,0.0,1,0.25,585599.3590263444,6619828.3593479395,5.260528545839602,50.99171514902789,45.70531643469378,43.877103777306026,1.0,0.9994399351468448
342,342,3414.570928368223,3.414570928368223,Sector 2,292.5721688753948,0.0,2,0.5,585670.0606351539,6619878.414330283,5.261163669197655,50.991998173584555,45.70531643469378,43.877103777306026,1.0,0.9994399351468448
342,342,3414.570928368223,3.414570928368223,Sector 2,292.5721688753948,0.0,3,0.75,585740.7622439635,6619928.469312627,5.2617987925557115,50.99228119641526,45.70531643469378,43.877103777306026,1.0,0.9994399351468448
342,342,3414.570928368223,3.414570928368223,Sector 2,292.5721688753948,0.0,4,0.9,585783.1832092493,6619958.502302034,5.262179866570545,50.99245100928524,45.70531643469378,43.877103777306026,1.0,0.9994399351468448
343,343,3424.5709283682663,3.4245709283682664,Sector 2,292.5721688877609,0.0,0,0.1,585553.1717233784,6619789.236111024,5.260113638237735,50.991493934347226,45.70531643455319,43.87710377717106,1.0,0.9994399351446934
343,343,3424.5709283682663,3.4245709283682664,Sector 2,292.5721688877609,0.0,1,0.25,585594.8486797138,6619819.848339411,5.260488028706453,50.991667025286816,45.70531643455319,43.87710377717106,1.0,0.9994399351446934
343,343,3424.5709283682663,3.4245709283682664,Sector 2,292.5721688877609,0.0,2,0.5,585664.3102736061,6619870.8687200565,5.26111201282098,50.99195550875162,45.70531643455319,43.87710377717106,1.0,0.9994399351446934
343,343,3424.5709283682663,3.4245709283682664,Sector 2,292.5721688877609,0.0,3,0.75,585733.7718674985,6619921.889100701,5.261735996935509,50.99224399042323,45.70531643455319,43.87710377717106,1.0,0.9994399351446934
343,343,3424.5709283682663,3.4245709283682664,Sector 2,292.5721688877609,0.0,4,0.9,585775.448823834,6619952.501329088,5.262110387404226,50.99241707856549,45.70531643455319,43.87710377717106,1.0,0.9994399351446934
344,344,3434.570928368202,3.434570928368202,Sector 2,292.5721688759265,0.0,0,0.1,585549.405385698,6619780.145863517,5.260079804650701,50.9914425351721,45.70531643468773,43.87710377730022,1.0,0.9994399351467522
344,344,3434.570928368202,3.434570928368202,Sector 2,292.5721688759265,0.0,1,0.25,585590.3383330831,6619811.337330884,5.260447511573302,50.99161890149587,45.70531643468773,43.87710377730022,1.0,0.9994399351467522
344,344,3434.570928368202,3.434570928368202,Sector 2,292.5721688759265,0.0,2,0.5,585658.5599120583,6619863.32310983,5.261060356444304,50.99191284387947,45.70531643468773,43.87710377730022,1.0,0.9994399351467522
344,344,3434.570928368202,3.434570928368202,Sector 2,292.5721688759265,0.0,3,0.75,585726.7814910335,6619915.308888774,5.261673201315306,50.99220678440139,45.70531643468773,43.87710377730022,1.0,0.9994399351467522
344,344,3434.570928368202,3.434570928368202,Sector 2,292.5721688759265,0.0,4,0.9,585767.7144384186,6619946.5003561415,5.262040908237908,50.992383147820924,45.70531643468773,43.87710377730022,1.0,0.9994399351467522
345,345,3444.5709283682454,3.444570928368245,Sector 2,292.5721688795556,6.417383802751416,0,0.1,585545.6390480176,6619771.05561601,5.260045971063666,50.99139113594006,45.41892935497158,43.60217218077272,1.0,0.9950572817469061
345,345,3444.5709283682454,3.444570928368245,Sector 2,292.5721688795556,6.417383802751416,1,0.25,585585.8279864524,6619802.826322357,5.260406994440151,50.991570777655014,34.691752486264896,33.3040823868143,0.7638170467456762,0.7600417142867021
345,345,3444.5709283682454,3.444570928368245,Sector 2,292.5721688795556,6.417383802751416,2,0.5,585652.8095505105,6619855.777499603,5.261008700067628,50.991870178968085,45.41892935497158,43.60217218077272,1.0,0.9950572817469061
345,345,3444.5709283682454,3.444570928368245,Sector 2,292.5721688795556,6.417383802751416,3,0.75,585719.7911145685,6619908.728676848,5.261610405695103,50.9921695783497,45.41892935497158,43.60217218077272,1.0,0.9950572817469061
345,345,3444.5709283682454,3.444570928368245,Sector 2,292.5721688795556,6.417383802751416,4,0.9,585759.9800530033,6619940.499383196,5.261971429071588,50.992349217051576,45.41892935497158,43.60217218077272,1.0,0.9950572817469061
346,346,3454.5709283681813,3.4545709283681814,Sector 2,292.57216887664674,0.0,0,0.1,585541.8727103374,6619761.965368502,5.260012137476633,50.9913397366511,35.94991674182247,34.51192007214957,0.7865587539077833,0.7861182299946066
346,346,3454.5709283681813,3.4545709283681814,Sector 2,292.57216887664674,0.0,1,0.25,585581.3176398219,6619794.31531383,5.260366477307003,50.99152265376426,31.868353392804142,30.593619257091976,0.6972570343835008,0.6968665252247755
346,346,3454.5709283681813,3.4545709283681814,Sector 2,292.57216887664674,0.0,2,0.5,585647.0591889627,6619848.231889376,5.260957043690952,50.991827514017494,33.615802992285104,32.2711708725937,0.735489995793545,0.7350780736968936
346,346,3454.5709283681813,3.4545709283681814,Sector 2,292.57216887664674,0.0,3,0.75,585712.8007381035,6619902.148464922,5.2615476100749,50.9921323722682,45.705316434679546,43.87710377729236,1.0,0.999439935146627
346,346,3454.5709283681813,3.4545709283681814,Sector 2,292.57216887664674,0.0,4,0.9,585752.245667588,6619934.49841025,5.26190194990527,50.9923152862574,45.705316434679546,43.87710377729236,1.0,0.999439935146627
347,347,3464.570928368117,3.464570928368117,Sector 2,292.57216887690726,0.0,0,0.1,585538.1065713775,6619752.874829836,5.259978305674736,50.99128833565889,32.99313125866803,31.673406008321308,0.7218663786262766,0.7214620866387437
347,347,3464.570928368117,3.464570928368117,Sector 2,292.57216887690726,0.0,1,0.25,585576.8077899922,6619785.803577405,5.260325964636692,50.99147452570784,29.70845568253978,28.520117455238186,0.65,0.6496359578452782
347,347,3464.570928368117,3.464570928368117,Sector 2,292.57216887690726,0.0,2,0.5,585641.3098210169,6619840.684823355,5.260905396239954,50.9917848407962,31.183640601767596,29.936294977696893,0.6822760027564013,0.6818938839469267
347,347,3464.570928368117,3.464570928368117,Sector 2,292.57216887690726,0.0,3,0.75,585705.8118520414,6619895.566069305,5.261484827843216,50.99209515380974,45.70531643467658,43.87710377728952,1.0,0.9994399351465817
347,347,3464.570928368117,3.464570928368117,Sector 2,292.57216887690726,0.0,4,0.9,585744.5130706561,6619928.494816874,5.261832486805171,50.992281340621936,45.70531643467658,43.87710377728952,1.0,0.9994399351465817
348,348,3474.5709283681604,3.4745709283681605,Sector 2,292.5721688799477,-7.438844656728167,0,0.1,585534.3404715977,6619743.784233764,5.259944474224799,50.991236934285176,31.236690930019925,29.987223292819127,0.6892375951717906,0.6847942041670516
348,348,3474.5709283681604,3.4745709283681605,Sector 2,292.5721688799477,-7.438844656728167,1,0.25,585572.2980381132,6619777.291697467,5.260285452846287,50.99142639679003,29.45841789064375,28.280081175018,0.65,0.6458095667251574
348,348,3474.5709283681604,3.4745709283681605,Sector 2,292.5721688799477,-7.438844656728167,2,0.5,585635.5606489722,6619833.137470306,5.260853750548766,50.99174216591274,29.45841789064375,28.280081175018,0.65,0.6458095667251574
348,348,3474.5709283681604,3.4745709283681605,Sector 2,292.5721688799477,-7.438844656728167,3,0.75,585698.8232598312,6619888.983243145,5.261422048251246,50.992057932887036,45.32064290868269,43.50781719233538,1.0,0.9935531795771653
348,348,3474.5709283681604,3.4745709283681605,Sector 2,292.5721688799477,-7.438844656728167,4,0.9,585736.7808263466,6619922.490706848,5.261763026872734,50.99224739204038,45.32064290868269,43.50781719233538,1.0,0.9935531795771653
349,349,3484.5709283684537,3.484570928368454,Sector 2,292.57216887444747,0.0,0,0.1,585530.574371818,6619734.693637692,5.259910642774862,50.99118553285454,31.022133196293453,29.781247868441714,0.6787423349450439,0.6783621952190045
349,349,3484.5709283684537,3.484570928368454,Sector 2,292.57216887444747,0.0,1,0.25,585567.788286234,6619768.779817529,5.2602449410558805,50.99137826782232,29.708455682557958,28.520117455255637,0.65,0.6496359578455563
349,349,3484.5709283684537,3.484570928368454,Sector 2,292.57216887444747,0.0,2,0.5,585629.8114769275,6619825.590117256,5.260802104857579,50.99169949099003,29.708455682557958,28.520117455255637,0.65,0.6496359578455563
349,349,3484.5709283684537,3.484570928368454,Sector 2,292.57216887444747,0.0,3,0.75,585691.8346676208,6619882.400416983,5.261359268659276,50.99202071193447,45.70531643470455,43.877103777316364,1.0,0.9994399351470096
349,349,3484.5709283684537,3.484570928368454,Sector 2,292.57216887444747,0.0,4,0.9,585729.048582037,6619916.48659682,5.261693566940296,50.992213443433975,45.70531643470455,43.877103777316364,1.0,0.9994399351470096
350,350,3494.5709283683896,3.4945709283683897,Sector 2,292.5721688806558,0.0,0,0.1,585526.8082720384,6619725.603041619,5.259876811324927,50.99113413136695,30.54244400586521,29.320746245630602,0.6682470747040089,0.6678728130036318
350,350,3494.5709283683896,3.4945709283683897,Sector 2,292.5721688806558,0.0,1,0.25,585563.278534355,6619760.267937589,5.2602044292654755,50.99133013880469,29.708455682512078,28.520117455211594,0.65,0.6496359578448542
350,350,3494.5709283683896,3.4945709283683897,Sector 2,292.5721688806558,0.0,2,0.5,585624.0623048828,6619818.042764206,5.260750459166391,50.991656816028076,29.708455682512078,28.520117455211594,0.65,0.6496359578448542
350,350,3494.5709283683896,3.4945709283683897,Sector 2,292.5721688806558,0.0,3,0.75,585684.8460754107,6619875.817590823,5.261296489067307,50.991983490952066,35.00292521010565,33.60280820170142,0.7658392489233835,0.7654103292761938
350,350,3494.5709283683896,3.4945709283683897,Sector 2,292.5721688806558,0.0,4,0.9,585721.3163377274,6619910.482486794,5.261624107007856,50.992179494802755,45.705316434633964,43.87710377724861,1.0,0.9994399351459295
351,351,3504.5709283684328,3.504570928368433,Sector 2,292.5721688809102,0.0,0,0.1,585523.0421722586,6619716.512445548,5.25984297987499,50.99108272982246,30.0627548163034,28.860244623651262,0.6577518144809243,0.6573834308069033
351,351,3504.5709283684328,3.504570928368433,Sector 2,292.5721688809102,0.0,1,0.25,585558.768782476,6619751.756057651,5.2601639174750705,50.99128200973717,29.7084556825102,28.52011745520979,0.65,0.6496359578448254
351,351,3504.5709283684328,3.504570928368433,Sector 2,292.5721688809102,0.0,2,0.5,585618.3131328382,6619810.495411158,5.260698813475204,50.9916141410269,29.7084556825102,28.52011745520979,0.65,0.6496359578448254
351,351,3504.5709283684328,3.504570928368433,Sector 2,292.5721688809102,0.0,3,0.75,585677.8574832005,6619869.2347646635,5.261233709475339,50.99194626993982,33.76445703050218,32.41387874928209,0.7387424410198096,0.7383286973423514
351,351,3504.5709283684328,3.504570928368433,Sector 2,292.5721688809102,0.0,4,0.9,585713.5840934179,6619904.478376767,5.261554647075418,50.9921455461467,45.70531643463107,43.87710377724583,1.0,0.9994399351458851
352,352,3514.5709283683686,3.514570928368369,Sector 2,292.5721688692582,-15.803829649728243,0,0.1,585519.276072479,6619707.421849475,5.259809148425054,50.99103132822103,28.585469883456703,27.442051088118433,0.65,0.6324506241521222
352,352,3514.5709283683686,3.514570928368369,Sector 2,292.5721688692582,-15.803829649728243,1,0.25,585554.259030597,6619743.244177712,5.260123405684666,50.991233880619724,28.585469883456703,27.442051088118433,0.65,0.6324506241521222
352,352,3514.5709283683686,3.514570928368369,Sector 2,292.5721688692582,-15.803829649728243,2,0.5,585612.5639607937,6619802.948058108,5.260647167784017,50.99157146598647,28.585469883456703,27.442051088118433,0.65,0.6324506241521222
352,352,3514.5709283683686,3.514570928368369,Sector 2,292.5721688692582,-15.803829649728243,3,0.75,585670.8688909904,6619862.651938504,5.26117092988337,50.99190904889771,31.29649971251942,30.04463972401864,0.7116456331162354,0.6924318843684542
352,352,3514.5709283683686,3.514570928368369,Sector 2,292.5721688692582,-15.803829649728243,4,0.9,585705.8518491085,6619898.4742667405,5.2614851871429815,50.99211159746581,43.97764597454877,42.21854013556682,1.0,0.9730009602340342
353,353,3524.5709283683045,3.5245709283683047,Sector 2,292.57216888419595,0.0,0,0.1,585515.5302655515,6619698.337578078,5.259775499268912,50.99097996232478,29.70845568248592,28.520117455186483,0.65,0.6496359578444539
353,353,3524.5709283683045,3.5245709283683047,Sector 2,292.57216888419595,0.0,1,0.25,585549.8000108486,6619734.74810946,5.260083349628744,50.991185840857256,29.70845568248592,28.520117455186483,0.65,0.6496359578444539
353,353,3524.5709283683045,3.5245709283683047,Sector 2,292.57216888419595,0.0,2,0.5,585606.9162530103,6619795.432328429,5.260596433561797,50.991528969715255,29.70845568248592,28.520117455186483,0.65,0.6496359578444539
353,353,3524.5709283683045,3.5245709283683047,Sector 2,292.57216888419595,0.0,3,0.75,585664.0324951721,6619856.116547399,5.261109517494852,50.99187209603644,31.250888962812706,30.000853404300198,0.6837473493381033,0.683364406478254
353,353,3524.5709283683045,3.5245709283683047,Sector 2,292.57216888419595,0.0,4,0.9,585698.3022404691,6619892.527078781,5.261417367854683,50.99207797061148,45.70531643459372,43.87710377720997,1.0,0.9994399351453136
354,354,3534.570928368348,3.5345709283683475,Sector 2,292.5721688727355,0.0,0,0.1,585511.7640963537,6619689.247083683,5.259741667195381,50.99092856118446,45.705316434724004,43.877103777335044,1.0,0.9994399351473073
354,354,3534.570928368348,3.5345709283683475,Sector 2,292.5721688727355,0.0,1,0.25,585545.2900854241,6619726.236483713,5.260042836279353,50.99113771307738,29.708455682570605,28.52011745526778,0.65,0.6496359578457498
354,354,3534.570928368348,3.5345709283683475,Sector 2,292.5721688727355,0.0,2,0.5,585601.1667338748,6619787.885483763,5.260544784752639,50.99148629747106,29.708455682570605,28.52011745526778,0.65,0.6496359578457498
354,354,3534.570928368348,3.5345709283683475,Sector 2,292.5721688727355,0.0,3,0.75,585657.0433823256,6619849.534483814,5.2610467332259265,50.991834879246646,30.013159309983497,28.812632937584155,0.6566666998761089,0.6562989239375746
354,354,3534.570928368348,3.5345709283683475,Sector 2,292.5721688727355,0.0,4,0.9,585690.569371396,6619886.523883844,5.261347902309898,50.992044027055314,45.705316434724004,43.877103777335044,1.0,0.9994399351473073
355,355,3544.570928368284,3.544570928368284,Sector 2,292.5721688823018,6.131783567725181,0,0.1,585507.9979271559,6619680.156589287,5.259707835121852,50.99087715998721,45.443829166421246,43.626075999764396,1.0,0.9954383298144849
355,355,3544.570928368284,3.544570928368284,Sector 2,292.5721688823018,6.131783567725181,1,0.25,585540.7801599997,6619717.7248579655,5.260002322929964,50.991089585247586,29.53848895817381,28.356949399846858,0.65,0.6470349143794152
355,355,3544.570928368284,3.544570928368284,Sector 2,292.5721688823018,6.131783567725181,2,0.5,585595.4172147395,6619780.338639096,5.2604931359434834,50.99144362518765,29.53848895817381,28.356949399846858,0.65,0.6470349143794152
355,355,3544.570928368284,3.544570928368284,Sector 2,292.5721688823018,6.131783567725181,3,0.75,585650.0542694792,6619842.952420227,5.260983948957004,50.99179766242701,29.53848895817381,28.356949399846858,0.65,0.6470349143794152
355,355,3544.570928368284,3.544570928368284,Sector 2,292.5721688823018,6.131783567725181,4,0.9,585682.836502323,6619880.520688905,5.2612784367651155,50.99201008347429,45.443829166421246,43.626075999764396,1.0,0.9954383298144849
356,356,3554.5709283682195,3.55457092836822,Sector 2,292.5721688875277,0.0,0,0.1,585504.2317579581,6619671.066094892,5.259674003048322,50.990825758733024,45.70531643455584,43.8771037771736,1.0,0.9994399351447338
356,356,3554.5709283682195,3.55457092836822,Sector 2,292.5721688875277,0.0,1,0.25,585536.2702345754,6619709.213232218,5.259961809580574,50.991041457367885,30.38287466889399,29.16755968213823,0.6647558104624082,0.6643835040956343
356,356,3554.5709283682195,3.55457092836822,Sector 2,292.5721688875277,0.0,2,0.5,585589.667695604,6619772.79179443,5.260441487134326,50.991400952865,29.708455682461295,28.520117455162843,0.65,0.649635957844077
356,356,3554.5709283682195,3.55457092836822,Sector 2,292.5721688875277,0.0,3,0.75,585643.0651566328,6619836.370356642,5.26092116468808,50.99176044557755,29.708455682461295,28.520117455162843,0.65,0.649635957844077
356,356,3554.5709283682195,3.55457092836822,Sector 2,292.5721688875277,0.0,4,0.9,585675.1036332501,6619874.517493969,5.2612089712203325,50.99197613986848,45.70531643455584,43.8771037771736,1.0,0.9994399351447338
357,357,3564.5709283682627,3.5645709283682625,Sector 2,292.5721688736704,0.0,0,0.1,585500.4655887602,6619661.975600496,5.259640170974793,50.99077435742192,45.70531643471338,43.87710377732485,1.0,0.9994399351471448
357,357,3564.5709283682627,3.5645709283682625,Sector 2,292.5721688736704,0.0,1,0.25,585531.7603091509,6619700.701606471,5.259921296231184,50.99099332943829,32.4962456287577,31.196395803607388,0.7109948724493823,0.7105966692107631
357,357,3564.5709283682627,3.5645709283682625,Sector 2,292.5721688736704,0.0,2,0.5,585583.9181764687,6619765.244949764,5.26038983832517,50.99135828050312,29.7084556825637,28.52011745526115,0.65,0.6496359578456441
357,357,3564.5709283682627,3.5645709283682625,Sector 2,292.5721688736704,0.0,3,0.75,585636.0760437864,6619829.788293055,5.260858380419156,50.99172322869823,29.7084556825637,28.52011745526115,0.65,0.6496359578456441
357,357,3564.5709283682627,3.5645709283682625,Sector 2,292.5721688736704,0.0,4,0.9,585667.3707641771,6619868.51429903,5.261139505675548,50.991942196237815,45.70531643471338,43.87710377732485,1.0,0.9994399351471448
358,358,3574.5709283681986,3.574570928368199,Sector 2,292.5721688707432,-15.929858362739507,0,0.1,585495.7326402615,6619653.284584458,5.259597654175039,50.990725214868874,43.95015968029469,42.1921532930829,1.0,0.9725803305705687
358,358,3574.5709283681986,3.574570928368199,Sector 2,292.5721688707432,-15.929858362739507,1,0.25,585526.444734309,6619692.522879355,5.25987354560994,50.99094708379558,32.656257697581744,31.350007389678474,0.7430293299303612,0.7226557113272989
358,358,3574.5709283681986,3.574570928368199,Sector 2,292.5721688707432,-15.929858362739507,2,0.5,585577.6315577216,6619757.920037517,5.260333364668112,50.99131686298319,28.567603792191548,27.424899640503885,0.65,0.6321772148708698
358,358,3574.5709283681986,3.574570928368199,Sector 2,292.5721688707432,-15.929858362739507,3,0.75,585628.8183811342,6619823.31719568,5.260793183726281,50.99168663922466,28.567603792191548,27.424899640503885,0.65,0.6321772148708698
358,358,3574.5709283681986,3.574570928368199,Sector 2,292.5721688707432,-15.929858362739507,4,0.9,585659.5304751818,6619862.555490577,5.261069075161185,50.99190850355537,43.95015968029469,42.1921532930829,1.0,0.9725803305705687
359,359,3584.5709283681344,3.584570928368134,Sector 2,292.5721688826957,0.0,0,0.1,585490.4759891077,6619644.926297205,5.259550432874291,50.99067795365114,45.70531643461078,43.877103777226345,1.0,0.9994399351455747
359,359,3584.5709283681344,3.584570928368134,Sector 2,292.5721688826957,0.0,1,0.25,585520.692740588,6619684.621426227,5.259821874571203,50.99090240592202,45.70531643461078,43.877103777226345,1.0,0.9994399351455747
359,359,3584.5709283681344,3.584570928368134,Sector 2,292.5721688826957,0.0,2,0.5,585571.0539930551,6619750.779974597,5.26027427739939,50.99127649062802,29.708455682497007,28.520117455197127,0.65,0.6496359578446236
359,359,3584.5709283681344,3.584570928368134,Sector 2,292.5721688826957,0.0,3,0.75,585621.4152455223,6619816.938522966,5.260726680227576,50.99165057231887,29.708455682497007,28.520117455197127,0.65,0.6496359578446236
359,359,3584.5709283681344,3.584570928368134,Sector 2,292.5721688826957,0.0,4,0.9,585651.6319970025,6619856.633651988,5.260998121924487,50.99187501988611,45.70531643461078,43.877103777226345,1.0,0.9994399351455747
360,360,3594.5709283681776,3.594570928368177,Sector 2,292.5721688801548,0.0,0,0.1,585483.8633831623,6619637.444899631,5.259491030824405,50.990635650689995,45.70531643463966,43.87710377725408,1.0,0.9994399351460166
360,360,3594.5709283681776,3.594570928368177,Sector 2,292.5721688801548,0.0,1,0.25,585513.8107845406,6619677.450714498,5.259760052908183,50.99086185990586,45.70531643463966,43.87710377725408,1.0,0.9994399351460166
360,360,3594.5709283681776,3.594570928368177,Sector 2,292.5721688801548,0.0,2,0.5,585563.723120171,6619744.127072608,5.260208423047811,50.991238872815586,29.708455682515783,28.52011745521515,0.65,0.6496359578449109
360,360,3594.5709283681776,3.594570928368177,Sector 2,292.5721688801548,0.0,3,0.75,585613.6354558014,6619810.803430719,5.26065679318744,50.99161588266279,29.708455682515783,28.52011745521515,0.65,0.6496359578449109
360,360,3594.5709283681776,3.594570928368177,Sector 2,292.5721688801548,0.0,4,0.9,585643.5828571797,6619850.809245586,5.260925815271218,50.9918420871011,45.70531643463966,43.87710377725408,1.0,0.9994399351460166
361,361,3604.5709283681135,3.604570928368113,Sector 2,292.5721688746361,0.0,0,0.1,585476.5577616243,6619630.7513062535,5.25942540330953,50.99059780227167,45.705316434702404,43.877103777314304,1.0,0.9994399351469767
361,361,3604.5709283681135,3.604570928368113,Sector 2,292.5721688746361,0.0,1,0.25,585506.3513154994,6619670.936506266,5.259693043357672,50.99082502598722,45.705316434702404,43.877103777314304,1.0,0.9994399351469767
361,361,3604.5709283681135,3.604570928368113,Sector 2,292.5721688746361,0.0,2,0.5,585556.0072386244,6619737.911839618,5.260139110104574,50.99120372970774,29.708455682556565,28.5201174552543,0.65,0.649635957845535
361,361,3604.5709283681135,3.604570928368113,Sector 2,292.5721688746361,0.0,3,0.75,585605.6631617495,6619804.887172971,5.260585176851477,50.9915824303382,29.708455682556565,28.5201174552543,0.65,0.649635957845535
361,361,3604.5709283681135,3.604570928368113,Sector 2,292.5721688746361,0.0,4,0.9,585635.4567156245,6619845.072372983,5.26085281689962,50.99180964923324,45.705316434702404,43.877103777314304,1.0,0.9994399351469767
362,362,3614.570928368407,3.614570928368407,Sector 2,292.57216888341304,0.0,0,0.1,585468.130465607,6619625.333841616,5.259349699621368,50.990567169604354,45.705316434602615,43.87710377721851,1.0,0.9994399351454497
362,362,3614.570928368407,3.614570928368407,Sector 2,292.57216888341304,0.0,1,0.25,585497.9520473543,6619665.493227489,5.25961759144817,50.99079424750632,45.705316434602615,43.87710377721851,1.0,0.9994399351454497
362,362,3614.570928368407,3.614570928368407,Sector 2,292.57216888341304,0.0,2,0.5,585547.6546835996,6619732.425537278,5.260064077826171,50.99117270820741,29.7084556824917,28.52011745519203,0.65,0.6496359578445423
362,362,3614.570928368407,3.614570928368407,Sector 2,292.57216888341304,0.0,3,0.75,585597.3573198449,6619799.357847067,5.260510564204173,50.991551165822386,29.7084556824917,28.52011745519203,0.65,0.6496359578445423
362,362,3614.570928368407,3.614570928368407,Sector 2,292.57216888341304,0.0,4,0.9,585627.1789015922,6619839.51723294,5.260778456030976,50.99177823891006,45.705316434602615,43.87710377721851,1.0,0.9994399351454497
363,363,3624.57092836845,3.62457092836845,Sector 2,292.57216887491506,0.0,0,0.1,585459.7019427011,6619619.918189069,5.259273984911879,50.99053654716316,45.70531643469923,43.877103777311255,1.0,0.9994399351469283
363,363,3624.57092836845,3.62457092836845,Sector 2,292.57216887491506,0.0,1,0.25,585489.5497119873,6619660.054478941,5.259542111985345,50.99076349462077,45.70531643469923,43.877103777311255,1.0,0.9994399351469283
363,363,3624.57092836845,3.62457092836845,Sector 2,292.57216887491506,0.0,2,0.5,585539.2959941308,6619726.948295392,5.259988990441121,50.99114173791741,29.708455682554497,28.520117455252315,0.65,0.6496359578455033
363,363,3624.57092836845,3.62457092836845,Sector 2,292.57216887491506,0.0,3,0.75,585589.0422762743,6619793.842111844,5.260435868896898,50.991519978131514,29.708455682554497,28.520117455252315,0.65,0.6496359578455033
363,363,3624.57092836845,3.62457092836845,Sector 2,292.57216887491506,0.0,4,0.9,585618.8900455604,6619833.978401715,5.260703995970364,50.99174692078035,45.70531643469923,43.877103777311255,1.0,0.9994399351469283
364,364,3634.570928368386,3.634570928368386,Sector 2,292.5721688781258,-74.74438849910808,0,0.1,585451.2734197953,6619614.502536524,5.25919827020239,50.99050592470177,38.84951896946332,37.29553821068478,1.0,0.8945239448744142
364,364,3634.570928368386,3.634570928368386,Sector 2,292.5721688781258,-74.74438849910808,1,0.25,585481.1473766203,6619654.615730393,5.259466632522521,50.99073274171485,38.84951896946332,37.29553821068478,1.0,0.8945239448744142
364,364,3634.570928368386,3.634570928368386,Sector 2,292.5721688781258,-74.74438849910808,2,0.5,585530.9373046621,6619721.471053507,5.259913903056072,50.99111076760676,25.25218733015116,24.242099836945112,0.65,0.5814405641683693
364,364,3634.570928368386,3.634570928368386,Sector 2,292.5721688781258,-74.74438849910808,3,0.75,585580.7272327037,6619788.326376621,5.260361173589622,50.99148879041967,25.25218733015116,24.242099836945112,0.65,0.5814405641683693
364,364,3634.570928368386,3.634570928368386,Sector 2,292.5721688781258,-74.74438849910808,4,0.9,585610.6011895287,6619828.439570489,5.260629535909752,50.9917156026295,38.84951896946332,37.29553821068478,1.0,0.8945239448744142
365,365,3644.570928368322,3.6445709283683216,Sector 2,292.5721688811404,0.0,0,0.1,585442.8448968895,6619609.086883977,5.259122555492902,50.99047530222016,45.70531643462846,43.87710377724332,1.0,0.9994399351458452
365,365,3644.570928368322,3.6445709283683216,Sector 2,292.5721688811404,0.0,1,0.25,585472.7450412534,6619649.176981844,5.259391153059697,50.99070198878853,45.70531643462846,43.87710377724332,1.0,0.9994399351458452
365,365,3644.570928368322,3.6445709283683216,Sector 2,292.5721688811404,0.0,2,0.5,585522.5786151933,6619715.99381162,5.259838815671022,50.99107979727543,30.214176244455263,29.005609194677053,0.6610648082410738,0.6606945690756594
365,365,3644.570928368322,3.6445709283683216,Sector 2,292.5721688811404,0.0,3,0.75,585572.4121891331,6619782.810641397,5.260286478282346,50.99145760268687,30.249555866763036,29.039573632092512,0.6618388893560876,0.6614682166550464
365,365,3644.570928368322,3.6445709283683216,Sector 2,292.5721688811404,0.0,4,0.9,585602.312333497,6619822.900739264,5.26055507584914,50.99168428445751,45.70531643462846,43.87710377724332,1.0,0.9994399351458452
366,366,3654.570928368365,3.654570928368365,Sector 2,292.5721688758087,0.0,0,0.1,585434.4163739836,6619603.671231431,5.259046840783413,50.99044467971836,45.70531643468907,43.8771037773015,1.0,0.9994399351467727
366,366,3654.570928368365,3.654570928368365,Sector 2,292.5721688758087,0.0,1,0.25,585464.3427058863,6619643.738233294,5.259315673596872,50.99067123584184,45.70531643468907,43.8771037773015,1.0,0.9994399351467727
366,366,3654.570928368365,3.654570928368365,Sector 2,292.5721688758087,0.0,2,0.5,585514.2199257244,6619710.516569735,5.259763728285971,50.99104882692344,34.302978526614226,32.93085938554965,0.7505249105020793,0.7501045678782354
366,366,3654.570928368365,3.654570928368365,Sector 2,292.5721688758087,0.0,3,0.75,585564.0971455625,6619777.294906175,5.2602117829750705,50.99142641493311,31.891330362995774,30.615677148475942,0.6977597542414374,0.6973689635270903
366,366,3654.570928368365,3.654570928368365,Sector 2,292.5721688758087,0.0,4,0.9,585594.0234774653,6619817.361908038,5.260480615788529,50.9916529662644,45.70531643468907,43.8771037773015,1.0,0.9994399351467727
367,367,3664.570928368301,3.664570928368301,Sector 2,292.57216888477274,0.0,0,0.1,585425.9878510778,6619598.255578885,5.2589711260739245,50.99041405719636,45.70531643458716,43.87710377720367,1.0,0.9994399351452132
367,367,3664.570928368301,3.664570928368301,Sector 2,292.57216888477274,0.0,1,0.25,585455.9403705195,6619638.2994847465,5.259240194134048,50.99064048287478,45.70531643458716,43.87710377720367,1.0,0.9994399351452132
367,367,3664.570928368301,3.664570928368301,Sector 2,292.57216888477274,0.0,2,0.5,585505.8612362556,6619705.039327849,5.2596886409009205,50.99101785655078,45.70531643458716,43.87710377720367,1.0,0.9994399351452132
367,367,3664.570928368301,3.664570928368301,Sector 2,292.57216888477274,0.0,3,0.75,585555.7821019918,6619771.779170951,5.260137087667793,50.9913952271584,33.53310485820076,32.19178066387273,0.7336806191068141,0.7332697103774143
367,367,3664.570928368301,3.664570928368301,Sector 2,292.57216888477274,0.0,4,0.9,585585.7346214335,6619811.823076813,5.260406155727917,50.991621648050156,45.70531643458716,43.87710377720367,1.0,0.9994399351452132
368,368,3674.5709283682368,3.6745709283682366,Sector 2,292.5721688729015,0.0,0,0.1,585417.559328172,6619592.839926339,5.258895411364436,50.990383434654156,45.70531643472212,43.87710377733323,1.0,0.9994399351472785
368,368,3674.5709283682368,3.6745709283682366,Sector 2,292.5721688729015,0.0,1,0.25,585447.5380351526,6619632.860736198,5.259164714671224,50.99060972988734,45.70531643472212,43.87710377733323,1.0,0.9994399351472785
368,368,3674.5709283682368,3.6745709283682366,Sector 2,292.5721688729015,0.0,2,0.5,585497.502546787,6619699.562085964,5.259613553515872,50.99098688615746,45.70531643472212,43.87710377733323,1.0,0.9994399351472785
368,368,3674.5709283682368,3.6745709283682366,Sector 2,292.5721688729015,0.0,3,0.75,585547.4670584213,6619766.263435729,5.260062392360519,50.991364039362736,35.174879354493584,33.76788418031384,0.769601483992164,0.7691704572503777
368,368,3674.5709283682368,3.6745709283682366,Sector 2,292.5721688729015,0.0,4,0.9,585577.4457654019,6619806.284245588,5.260331695667307,50.99159032981477,45.70531643472212,43.87710377733323,1.0,0.9994399351472785
369,369,3684.57092836828,3.68457092836828,Sector 2,300.751214291701,0.0,0,0.1,585409.1325787744,6619587.4216715265,5.258819712586643,50.990352797377334,45.56658660869777,43.74392314434986,1.0,0.997316917781103
369,369,3684.57092836828,3.68457092836828,Sector 2,300.751214291701,0.0,1,0.25,585439.1401335562,6619627.415481985,5.259089275037638,50.9905789400937,45.56658660869777,43.74392314434986,1.0,0.997316917781103
369,369,3684.57092836828,3.68457092836828,Sector 2,300.751214291701,0.0,2,0.5,585489.1527248593,6619694.071832748,5.259538545789299,50.99095584217242,45.56658660869777,43.74392314434986,1.0,0.997316917781103
369,369,3684.57092836828,3.68457092836828,Sector 2,300.751214291701,0.0,3,0.75,585539.1653161623,6619760.728183513,5.259987816540957,50.99133274119044,45.56658660869777,43.74392314434986,1.0,0.997316917781103
369,369,3684.57092836828,3.68457092836828,Sector 2,300.751214291701,0.0,4,0.9,585569.1728709441,6619800.721993971,5.260257378991954,50.99155887913212,45.56658660869777,43.74392314434986,1.0,0.997316917781103
370,370,3694.457089339608,3.694457089339608,Sector 2,309.9066442056036,0.0,0,0.1,585400.8076363915,6619582.056473235,5.2587449283568235,50.99032246008628,45.305564360810074,43.49334178637767,1.0,0.9933224287724705
370,370,3694.457089339608,3.694457089339608,Sector 2,309.9066442056036,0.0,1,0.25,585430.8525271511,6619622.010655101,5.2590148262026135,50.99054837887327,45.305564360810074,43.49334178637767,1.0,0.9933224287724705
370,370,3694.457089339608,3.694457089339608,Sector 2,309.9066442056036,0.0,2,0.5,585480.927345084,6619688.600958213,5.2594646559456,50.99092490774118,45.305564360810074,43.49334178637767,1.0,0.9933224287724705
370,370,3694.457089339608,3.694457089339608,Sector 2,309.9066442056036,0.0,3,0.75,585531.0021630168,6619755.191261324,5.2599144856885856,50.99130143355445,45.305564360810074,43.49334178637767,1.0,0.9933224287724705
370,370,3694.457089339608,3.694457089339608,Sector 2,309.9066442056036,0.0,4,0.9,585561.0470537764,6619795.145443191,5.2601843835343765,50.99152734757619,45.305564360810074,43.49334178637767,1.0,0.9933224287724705
371,371,3704.457089339473,3.704457089339473,Sector 2,309.90664420219514,0.0,0,0.1,585392.3868323938,6619576.629494747,5.258669282987467,50.99029177344151,45.305564360927335,43.49334178649024,1.0,0.993322428774265
371,371,3704.457089339473,3.704457089339473,Sector 2,309.90664420219514,0.0,1,0.25,585422.4694890548,6619616.5435917,5.258939520090121,50.99051746572025,45.305564360927335,43.49334178649024,1.0,0.993322428774265
371,371,3704.457089339473,3.704457089339473,Sector 2,309.90664420219514,0.0,2,0.5,585472.6072501562,6619683.06708662,5.2593899152612105,50.99089361707934,45.305564360927335,43.49334178649024,1.0,0.993322428774265
371,371,3704.457089339473,3.704457089339473,Sector 2,309.90664420219514,0.0,3,0.75,585522.7450112577,6619749.590581541,5.2598403104323,50.991269765389916,45.305564360927335,43.49334178649024,1.0,0.993322428774265
371,371,3704.457089339473,3.704457089339473,Sector 2,309.90664420219514,0.0,4,0.9,585552.8276679186,6619789.504678493,5.260110547534954,50.991495452912964,45.305564360927335,43.49334178649024,1.0,0.993322428774265
372,372,3714.457089339428,3.7144570893394273,Sector 2,309.9066442078249,0.0,0,0.1,585383.9655270223,6619571.203251649,5.258593633114192,50.99026109093468,45.305564360733655,43.493341786304306,1.0,0.9933224287713012
372,372,3714.457089339428,3.7144570893394273,Sector 2,309.9066442078249,0.0,1,0.25,585414.0851975235,6619611.078366772,5.25886420271783,50.9904865629422,45.305564360733655,43.493341786304306,1.0,0.9933224287713012
372,372,3714.457089339428,3.7144570893394273,Sector 2,309.9066442078249,0.0,2,0.5,585464.2846483589,6619677.536891976,5.259315152057229,50.990862347187324,45.305564360733655,43.493341786304306,1.0,0.9933224287713012
372,372,3714.457089339428,3.7144570893394273,Sector 2,309.9066442078249,0.0,3,0.75,585514.4840991944,6619743.995417181,5.259766101396628,50.991238128389895,45.305564360733655,43.493341786304306,1.0,0.9933224287713012
372,372,3714.457089339428,3.7144570893394273,Sector 2,309.9066442078249,0.0,4,0.9,585544.6037696956,6619783.870532304,5.260036671000266,50.991463595651005,45.305564360733655,43.493341786304306,1.0,0.9933224287713012
373,373,3724.4570893398895,3.7244570893398894,Sector 2,309.90664419484017,0.0,0,0.1,585375.5371976664,6619565.787310975,5.258517920143391,50.99023046666235,45.30556436118035,43.49334178673313,1.0,0.993322428778137
373,373,3724.4570893398895,3.7244570893398894,Sector 2,309.90664419484017,0.0,1,0.25,585405.6833460319,6619605.638897903,5.258788727601733,50.99045580577976,45.30556436118035,43.49334178673313,1.0,0.993322428778137
373,373,3724.4570893398895,3.7244570893398894,Sector 2,309.90664419484017,0.0,2,0.5,585455.9269266414,6619672.05820945,5.259240073365636,50.99083136854427,45.30556436118035,43.49334178673313,1.0,0.993322428778137
373,373,3724.4570893398895,3.7244570893398894,Sector 2,309.90664419484017,0.0,3,0.75,585506.1705072508,6619738.477520997,5.259691419129539,50.99120692826981,45.30556436118035,43.49334178673313,1.0,0.993322428778137
373,373,3724.4570893398895,3.7244570893398894,Sector 2,309.90664419484017,0.0,4,0.9,585536.3166556164,6619778.329107925,5.259962226587882,50.991432262646434,45.30556436118035,43.49334178673313,1.0,0.993322428778137
374,374,3734.457089339756,3.734457089339756,Sector 2,309.90664420410155,0.0,0,0.1,585367.1143711352,6619560.362783952,5.258442256605308,50.99019979381848,45.305564360861744,43.49334178642727,1.0,0.9933224287732612
374,374,3734.457089339756,3.734457089339756,Sector 2,309.90664420410155,0.0,1,0.25,585397.2860802279,6619600.192273743,5.258713293679567,50.99042500813773,45.305564360861744,43.49334178642727,1.0,0.9933224287732612
374,374,3734.457089339756,3.734457089339756,Sector 2,309.90664420410155,0.0,2,0.5,585447.572262049,6619666.57475673,5.259165022136665,50.99080036290796,45.305564360861744,43.49334178642727,1.0,0.9933224287732612
374,374,3734.457089339756,3.734457089339756,Sector 2,309.90664420410155,0.0,3,0.75,585497.8584438701,6619732.957239716,5.259616750593765,50.99117571464258,45.305564360861744,43.49334178642727,1.0,0.9933224287732612
374,374,3734.457089339756,3.734457089339756,Sector 2,309.90664420410155,0.0,4,0.9,585528.0301529628,6619772.786729509,5.259887787668024,50.99140092422627,45.305564360861744,43.49334178642727,1.0,0.9933224287732612
375,375,3744.457089339621,3.744457089339621,Sector 2,309.90664420841216,0.0,0,0.1,585358.696353235,6619554.930753765,5.25836663626389,50.990169078527884,45.305564360713454,43.493341786284915,1.0,0.9933224287709919
375,375,3744.457089339621,3.744457089339621,Sector 2,309.90664420841216,0.0,1,0.25,585388.8928216163,6619594.739396948,5.258637895754623,50.990394175120024,45.305564360713454,43.493341786284915,1.0,0.9933224287709919
375,375,3744.457089339621,3.744457089339621,Sector 2,309.90664420841216,0.0,2,0.5,585439.2202689182,6619661.087135586,5.259089994905843,50.99076933368097,45.305564360713454,43.493341786284915,1.0,0.9933224287709919
375,375,3744.457089339621,3.744457089339621,Sector 2,309.90664420841216,0.0,3,0.75,585489.5477162201,6619727.434874224,5.259542094057064,50.99114448920947,45.305564360713454,43.493341786284915,1.0,0.9933224287709919
375,375,3744.457089339621,3.744457089339621,Sector 2,309.90664420841216,0.0,4,0.9,585519.7441846014,6619767.243517407,5.259813353547797,50.99136958107101,45.305564360713454,43.493341786284915,1.0,0.9933224287709919
376,376,3754.457089339576,3.754457089339576,Sector 2,309.9066442013305,0.0,0,0.1,585350.2783353346,6619549.498723579,5.25829101592247,50.99013836321696,45.30556436095708,43.49334178651879,1.0,0.9933224287747202
376,376,3754.457089339576,3.754457089339576,Sector 2,309.9066442013305,0.0,1,0.25,585380.4995630044,6619589.286520152,5.2585624978296766,50.99036334208184,45.30556436095708,43.49334178651879,1.0,0.9933224287747202
376,376,3754.457089339576,3.754457089339576,Sector 2,309.9066442013305,0.0,2,0.5,585430.8682757872,6619655.599514442,5.259014967675019,50.99073830443322,45.30556436095708,43.49334178651879,1.0,0.9933224287747202
376,376,3754.457089339576,3.754457089339576,Sector 2,309.9066442013305,0.0,3,0.75,585481.2369885702,6619721.912508732,5.259467437520363,50.99111326375535,45.30556436095708,43.49334178651879,1.0,0.9933224287747202
376,376,3754.457089339576,3.754457089339576,Sector 2,309.9066442013305,0.0,4,0.9,585511.4582162399,6619761.700305305,5.259738919427568,50.99133823789459,45.30556436095708,43.49334178651879,1.0,0.9933224287747202
377,377,3764.457089339441,3.764457089339441,Sector 2,309.9066442108996,0.0,0,0.1,585341.8603174343,6619544.0666933935,5.258215395581052,50.990107647885715,45.30556436062788,43.49334178620277,1.0,0.9933224287696825
377,377,3764.457089339441,3.764457089339441,Sector 2,309.9066442108996,0.0,1,0.25,585372.1063043926,6619583.833643358,5.258487099904731,50.990332509023176,45.30556436062788,43.49334178620277,1.0,0.9933224287696825
377,377,3764.457089339441,3.764457089339441,Sector 2,309.9066442108996,0.0,2,0.5,585422.5162826565,6619650.111893298,5.258939940444197,50.990707275164745,45.30556436062788,43.49334178620277,1.0,0.9933224287696825
377,377,3764.457089339441,3.764457089339441,Sector 2,309.9066442108996,0.0,3,0.75,585472.9262609202,6619716.390143238,5.259392780983662,50.99108203828021,45.30556436062788,43.49334178620277,1.0,0.9933224287696825
377,377,3764.457089339441,3.764457089339441,Sector 2,309.9066442108996,0.0,4,0.9,585503.1722478785,6619756.157093203,5.25966448530734,50.99130689469698,45.30556436062788,43.49334178620277,1.0,0.9933224287696825
378,378,3774.457089339904,3.774457089339904,Sector 2,309.9066442010083,0.0,0,0.1,585333.8376572725,6619538.391748638,5.258143326798625,50.990075558976045,45.305564360968155,43.49334178652943,1.0,0.9933224287748896
378,378,3774.457089339904,3.774457089339904,Sector 2,309.9066442010083,0.0,1,0.25,585364.7014401275,6619577.77348014,5.258420580877269,50.99029824206537,45.305564360968155,43.49334178652943,1.0,0.9933224287748896
378,378,3774.457089339904,3.774457089339904,Sector 2,309.9066442010083,0.0,2,0.5,585416.1410782192,6619643.409699308,5.258882671008342,50.990669378173365,45.305564360968155,43.49334178652943,1.0,0.9933224287748896
378,378,3774.457089339904,3.774457089339904,Sector 2,309.9066442010083,0.0,3,0.75,585467.5807163109,6619709.045918476,5.259344761139417,50.991040511313614,45.305564360968155,43.49334178652943,1.0,0.9933224287748896
378,378,3774.457089339904,3.774457089339904,Sector 2,309.9066442010083,0.0,4,0.9,585498.4444991659,6619748.427649978,5.25962201521806,50.991263189773264,45.305564360968155,43.49334178652943,1.0,0.9933224287748896
379,379,3784.4570893397695,3.7844570893397695,Sector 2,309.9066441969017,0.0,0,0.1,585326.0017135135,6619532.554122114,5.258072935318184,50.99004255016105,45.305564361109425,43.49334178666505,1.0,0.9933224287770515
379,379,3784.4570893397695,3.7844570893397695,Sector 2,309.9066441969017,0.0,1,0.25,585357.7633668692,6619571.306612498,5.258358255104767,50.990261675385284,45.305564361109425,43.49334178666505,1.0,0.9933224287770515
379,379,3784.4570893397695,3.7844570893397695,Sector 2,309.9066441969017,0.0,2,0.5,585410.6994557955,6619635.894096472,5.2588337880824065,50.99062688179338,45.305564361109425,43.49334178666505,1.0,0.9933224287770515
379,379,3784.4570893397695,3.7844570893397695,Sector 2,309.9066441969017,0.0,3,0.75,585463.6355447217,6619700.4815804465,5.259309321060046,50.99099208532782,45.305564361109425,43.49334178666505,1.0,0.9933224287770515
379,379,3784.4570893397695,3.7844570893397695,Sector 2,309.9066441969017,0.0,4,0.9,585495.3971980774,6619739.234070831,5.259594640846629,50.99121120606913,45.305564361109425,43.49334178666505,1.0,0.9933224287770515
380,380,3794.457089339724,3.794457089339724,Sector 2,309.90664420495654,0.0,0,0.1,585318.0913756038,6619526.734028922,5.258001875543715,50.99000964046478,45.305564360832335,43.49334178639904,1.0,0.9933224287728111
380,380,3794.457089339724,3.794457089339724,Sector 2,309.90664420495654,0.0,1,0.25,585350.639308234,6619564.883578191,5.258294258597197,50.99022535653074,45.305564360832335,43.49334178639904,1.0,0.9933224287728111
380,380,3794.457089339724,3.794457089339724,Sector 2,309.90664420495654,0.0,2,0.5,585404.8858626176,6619628.466160305,5.258781563686334,50.990584881079386,45.305564360832335,43.49334178639904,1.0,0.9933224287728111
380,380,3794.457089339724,3.794457089339724,Sector 2,309.90664420495654,0.0,3,0.75,585459.1324170013,6619692.048742418,5.25926886877547,50.99094440284309,45.305564360832335,43.49334178639904,1.0,0.9933224287728111
380,380,3794.457089339724,3.794457089339724,Sector 2,309.90664420495654,0.0,4,0.9,585491.6803496315,6619730.198291686,5.259561251828952,50.991160114564536,45.305564360832335,43.49334178639904,1.0,0.9933224287728111
381,381,3804.457089339589,3.804457089339589,Sector 2,309.90664421202945,0.0,0,0.1,585310.1793842874,6619520.914488997,5.2579308009164425,50.989976733873625,45.30556436058901,43.493341786165445,1.0,0.9933224287690874
381,381,3804.457089339589,3.804457089339589,Sector 2,309.90664421202945,0.0,1,0.25,585343.5111160818,6619558.461927048,5.258230224957614,50.99018904546886,45.30556436058901,43.493341786165445,1.0,0.9933224287690874
381,381,3804.457089339589,3.804457089339589,Sector 2,309.90664421202945,0.0,2,0.5,585399.0640024061,6619621.040990465,5.258729265026234,50.9905428959694,45.30556436058901,43.493341786165445,1.0,0.9933224287690874
381,381,3804.457089339589,3.804457089339589,Sector 2,309.90664421202945,0.0,3,0.75,585454.6168887303,6619683.620053883,5.259228305094853,50.99089674377221,45.30556436058901,43.493341786165445,1.0,0.9933224287690874
381,381,3804.457089339589,3.804457089339589,Sector 2,309.90664421202945,0.0,4,0.9,585487.9486205247,6619721.167491933,5.259527729136024,50.99110905115901,45.30556436058901,43.493341786165445,1.0,0.9933224287690874
382,382,3814.457089339455,3.814457089339455,Sector 2,309.9066441993166,0.0,0,0.1,585302.267392971,6619515.094949072,5.257859726289168,50.98994382725914,45.305564361026356,43.4933417865853,1.0,0.9933224287757803
382,382,3814.457089339455,3.814457089339455,Sector 2,309.9066441993166,0.0,1,0.25,585336.3829239298,6619552.040275905,5.258166191318031,50.990152734378576,45.305564361026356,43.4933417865853,1.0,0.9933224287757803
382,382,3814.457089339455,3.814457089339455,Sector 2,309.9066441993166,0.0,2,0.5,585393.2421421944,6619613.615820626,5.2586769663661315,50.99050091082144,45.305564361026356,43.4933417865853,1.0,0.9933224287757803
382,382,3814.457089339455,3.814457089339455,Sector 2,309.9066441993166,0.0,3,0.75,585450.1013604591,6619675.191365346,5.259187741414235,50.990849084652396,45.305564361026356,43.4933417865853,1.0,0.9933224287757803
382,382,3814.457089339455,3.814457089339455,Sector 2,309.9066441993166,0.0,4,0.9,585484.216891418,6619712.136692179,5.259494206443096,50.991057987697275,45.305564361026356,43.4933417865853,1.0,0.9933224287757803
383,383,3824.45708933932,3.82445708933932,Sector 2,309.9066442131443,0.0,0,0.1,585294.3579838619,6619509.2713948395,5.257788674858258,50.98991089792238,45.30556436055066,43.49334178612863,1.0,0.9933224287685007
383,383,3824.45708933932,3.82445708933932,Sector 2,309.9066442131443,0.0,1,0.25,585329.2568836173,6619545.615279506,5.25810217700875,50.99011640434417,45.30556436055066,43.49334178612863,1.0,0.9933224287685007
383,383,3824.45708933932,3.82445708933932,Sector 2,309.9066442131443,0.0,2,0.5,585387.4217165426,6619606.188420616,5.2586246805929004,50.990458913025115,45.30556436055066,43.49334178612863,1.0,0.9933224287685007
383,383,3824.45708933932,3.82445708933932,Sector 2,309.9066442131443,0.0,3,0.75,585445.5865494679,6619666.761561726,5.259147184177051,50.99080141917852,45.30556436055066,43.49334178612863,1.0,0.9933224287685007
383,383,3824.45708933932,3.82445708933932,Sector 2,309.9066442131443,0.0,4,0.9,585480.4854492232,6619703.105446393,5.259460686327542,50.99100692165733,45.30556436055066,43.49334178612863,1.0,0.9933224287685007
384,384,3834.457089339872,3.834457089339872,Sector 2,309.9066442010703,0.0,0,0.1,585286.4520400285,6619503.442453479,5.257717654556449,50.98987793810066,45.305564360966024,43.49334178652738,1.0,0.993322428774857
384,384,3834.457089339872,3.834457089339872,Sector 2,309.9066442010703,0.0,1,0.25,585322.1337310341,6619539.185793834,5.258038188640384,50.99008004889678,45.305564360966024,43.49334178652738,1.0,0.993322428774857
384,384,3834.457089339872,3.834457089339872,Sector 2,309.9066442010703,0.0,2,0.5,585381.6032160437,6619598.758027757,5.258572412113613,50.99041689826788,45.305564360966024,43.49334178652738,1.0,0.993322428774857
384,384,3834.457089339872,3.834457089339872,Sector 2,309.9066442010703,0.0,3,0.75,585441.0727010532,6619658.330261679,5.25910663558684,50.99075374519426,45.305564360966024,43.49334178652738,1.0,0.993322428774857
384,384,3834.457089339872,3.834457089339872,Sector 2,309.9066442010703,0.0,4,0.9,585476.7543920588,6619694.073602034,5.259427169670776,50.99095585217665,45.305564360966024,43.49334178652738,1.0,0.993322428774857
385,385,3844.4570893397376,3.8444570893397376,Sector 2,309.9066442007021,0.0,0,0.1,585278.5460961955,6619497.613512119,5.257646634254643,50.98984497825553,45.30556436097869,43.493341786539546,1.0,0.9933224287750508
385,385,3844.4570893397376,3.8444570893397376,Sector 2,309.9066442007021,0.0,1,0.25,585315.0105784516,6619532.756308161,5.257974200272024,50.990043693420915,45.30556436097869,43.493341786539546,1.0,0.9933224287750508
385,385,3844.4570893397376,3.8444570893397376,Sector 2,309.9066442007021,0.0,2,0.5,585375.7847155451,6619591.327634898,5.258520143634327,50.99037488347262,45.30556436097869,43.493341786539546,1.0,0.9933224287750508
385,385,3844.4570893397376,3.8444570893397376,Sector 2,309.9066442007021,0.0,3,0.75,585436.5588526386,6619649.898961635,5.259066086996629,50.99070607116107,45.30556436097869,43.493341786539546,1.0,0.9933224287750508
385,385,3844.4570893397376,3.8444570893397376,Sector 2,309.9066442007021,0.0,4,0.9,585473.0233348948,6619685.041757677,5.259393653014012,50.990904782639774,45.30556436097869,43.493341786539546,1.0,0.9933224287750508
386,386,3854.457089339603,3.854457089339603,Sector 2,309.9066442003279,0.0,0,0.1,585270.6401523624,6619491.784570758,5.257575613952836,50.989812018387006,45.30556436099157,43.4933417865519,1.0,0.993322428775248
386,386,3854.457089339603,3.854457089339603,Sector 2,309.9066442003279,0.0,1,0.25,585307.887425869,6619526.326822488,5.257910211903663,50.990007337916566,45.30556436099157,43.4933417865519,1.0,0.993322428775248
386,386,3854.457089339603,3.854457089339603,Sector 2,309.9066442003279,0.0,2,0.5,585369.9662150466,6619583.8972420385,5.258467875155042,50.990332868639314,45.30556436099157,43.4933417865519,1.0,0.993322428775248
386,386,3854.457089339603,3.854457089339603,Sector 2,309.9066442003279,0.0,3,0.75,585432.045004224,6619641.467661589,5.259025538406419,50.99065839707888,45.30556436099157,43.4933417865519,1.0,0.993322428775248
386,386,3854.457089339603,3.854457089339603,Sector 2,309.9066442003279,0.0,4,0.9,585469.2922777307,6619676.009913319,5.259360136357247,50.990853713046704,45.30556436099157,43.4933417865519,1.0,0.993322428775248
387,387,3864.457089339469,3.864457089339469,Sector 2,309.9066442017695,0.0,0,0.1,585262.7328914283,6619485.956082795,5.25750458181931,50.98977906105881,45.30556436094197,43.49334178650429,1.0,0.9933224287744891
387,387,3864.457089339469,3.864457089339469,Sector 2,309.9066442017695,0.0,1,0.25,585300.7609805337,6619519.89847031,5.257846193956002,50.989970988793104,45.30556436094197,43.49334178650429,1.0,0.9933224287744891
387,387,3864.457089339469,3.864457089339469,Sector 2,309.9066442017695,0.0,2,0.5,585364.1411290427,6619576.469116168,5.258415547517156,50.99029086658659,45.30556436094197,43.49334178650429,1.0,0.9933224287744891
387,387,3864.457089339469,3.864457089339469,Sector 2,309.9066442017695,0.0,3,0.75,585427.5212775517,6619633.039762026,5.25898490107831,50.99061074217551,45.30556436094197,43.49334178650429,1.0,0.9933224287744891
387,387,3864.457089339469,3.864457089339469,Sector 2,309.9066442017695,0.0,4,0.9,585465.549366657,6619666.98214954,5.259326513215003,50.99080266647067,45.30556436094197,43.49334178650429,1.0,0.9933224287744891
388,388,3874.457089339423,3.874457089339423,Sector 2,309.9066442122495,0.0,0,0.1,585254.8201997688,6619480.129464299,5.2574335009007465,50.989746114278184,45.30556436058144,43.49334178615818,1.0,0.9933224287689717
388,388,3874.457089339423,3.874457089339423,Sector 2,309.9066442122495,0.0,1,0.25,585293.6209583847,6619513.474791801,5.257782054045748,50.989934666068464,45.30556436058144,43.49334178615818,1.0,0.9933224287689717
388,388,3874.457089339423,3.874457089339423,Sector 2,309.9066442122495,0.0,2,0.5,585358.2888894114,6619569.050337634,5.258362975954085,50.99024891735008,45.30556436058144,43.49334178615818,1.0,0.9933224287689717
388,388,3874.457089339423,3.874457089339423,Sector 2,309.9066442122495,0.0,3,0.75,585422.956820438,6619624.6258834675,5.258943897862421,50.990563166504,45.30556436058144,43.49334178615818,1.0,0.9933224287689717
388,388,3874.457089339423,3.874457089339423,Sector 2,309.9066442122495,0.0,4,0.9,585461.757579054,6619657.971210969,5.259292451007422,50.99075171497508,45.30556436058144,43.49334178615818,1.0,0.9933224287689717
389,389,3884.457089339886,3.884457089339886,Sector 2,309.90664420131685,0.0,0,0.1,585246.9075081086,6619474.302845804,5.2573624199821785,50.989713167474164,45.30556436095755,43.493341786519245,1.0,0.9933224287747273
389,389,3884.457089339886,3.884457089339886,Sector 2,309.90664420131685,0.0,1,0.25,585286.4809362353,6619507.05111329,5.25771791413549,50.98989834331538,45.30556436095755,43.493341786519245,1.0,0.9933224287747273
389,389,3884.457089339886,3.884457089339886,Sector 2,309.90664420131685,0.0,2,0.5,585352.4366497798,6619561.6315591,5.258310404391011,50.990206968075654,45.30556436095755,43.493341786519245,1.0,0.9933224287747273
389,389,3884.457089339886,3.884457089339886,Sector 2,309.90664420131685,0.0,3,0.75,585418.3923633242,6619616.212004909,5.25890289464653,50.990515590783744,45.30556436095755,43.493341786519245,1.0,0.9933224287747273
389,389,3884.457089339886,3.884457089339886,Sector 2,309.90664420131685,0.0,4,0.9,585457.9657914508,6619648.960272396,5.259258388799842,50.990700763423554,45.30556436095755,43.493341786519245,1.0,0.9933224287747273
390,390,3894.4570893397513,3.894457089339751,Sector 2,309.90664419877186,0.0,0,0.1,585238.994816449,6619468.476227309,5.257291339063615,50.98968022064677,45.30556436104509,43.49334178660329,1.0,0.9933224287760671
390,390,3894.4570893397513,3.894457089339751,Sector 2,309.90664419877186,0.0,1,0.25,585279.3409140863,6619500.62743478,5.257653774225236,50.989862020533884,45.30556436104509,43.49334178660329,1.0,0.9933224287760671
390,390,3894.4570893397513,3.894457089339751,Sector 2,309.90664419877186,0.0,2,0.5,585346.5844101484,6619554.212780566,5.258257832827939,50.990165018763314,45.30556436104509,43.49334178660329,1.0,0.9933224287760671
390,390,3894.4570893397513,3.894457089339751,Sector 2,309.90664419877186,0.0,3,0.75,585413.8279062104,6619607.798126352,5.258861891430641,50.990468015014706,45.30556436104509,43.49334178660329,1.0,0.9933224287760671
390,390,3894.4570893397513,3.894457089339751,Sector 2,309.90664419877186,0.0,4,0.9,585454.1740038478,6619639.949333823,5.259224326592262,50.99064981181609,45.30556436104509,43.49334178660329,1.0,0.9933224287760671
391,391,3904.4570893396167,3.904457089339617,Sector 2,309.90664420513474,0.0,0,0.1,585231.0821247895,6619462.649608813,5.257220258145052,50.98964727379599,45.3055643608262,43.49334178639315,1.0,0.9933224287727174
391,391,3904.4570893396167,3.904457089339617,Sector 2,309.90664420513474,0.0,1,0.25,585272.2008919374,6619494.20375627,5.257589634314983,50.989825697723965,45.3055643608262,43.49334178639315,1.0,0.9933224287727174
391,391,3904.4570893396167,3.904457089339617,Sector 2,309.90664420513474,0.0,2,0.5,585340.7321705171,6619546.794002032,5.258205261264868,50.99012306941306,45.3055643608262,43.49334178639315,1.0,0.9933224287727174
391,391,3904.4570893396167,3.904457089339617,Sector 2,309.90664420513474,0.0,3,0.75,585409.2634490969,6619599.384247795,5.2588208882147525,50.99042043919692,45.3055643608262,43.49334178639315,1.0,0.9933224287727174
391,391,3904.4570893396167,3.904457089339617,Sector 2,309.90664420513474,0.0,4,0.9,585450.3822162447,6619630.9383952515,5.259190264384682,50.9905988601527,45.3055643608262,43.49334178639315,1.0,0.9933224287727174
392,392,3914.457089339571,3.9144570893395714,Sector 2,309.90664420290324,0.0,0,0.1,585223.1694331298,6619456.822990318,5.257149177226488,50.98961432692181,45.30556436090297,43.49334178646685,1.0,0.9933224287738922
392,392,3914.457089339571,3.9144570893395714,Sector 2,309.90664420290324,0.0,1,0.25,585265.0608697883,6619487.780077761,5.257525494404729,50.98978937488562,45.30556436090297,43.49334178646685,1.0,0.9933224287738922
392,392,3914.457089339571,3.9144570893395714,Sector 2,309.90664420290324,0.0,2,0.5,585334.8799308857,6619539.375223499,5.258152689701796,50.990081120024904,45.30556436090297,43.49334178646685,1.0,0.9933224287738922
392,392,3914.457089339571,3.9144570893395714,Sector 2,309.90664420290324,0.0,3,0.75,585404.6989919832,6619590.970369237,5.258779884998862,50.990372863330336,45.30556436090297,43.49334178646685,1.0,0.9933224287738922
392,392,3914.457089339571,3.9144570893395714,Sector 2,309.90664420290324,0.0,4,0.9,585446.5904286416,6619621.92745668,5.2591562021771034,50.99054790843338,45.30556436090297,43.49334178646685,1.0,0.9933224287738922
393,393,3924.4570893394366,3.9244570893394366,Sector 2,309.9066442028129,0.0,0,0.1,585215.1736423786,6619451.031260818,5.257077349816084,50.98958157730584,45.305564360906075,43.49334178646983,1.0,0.9933224287739395
393,393,3924.4570893394366,3.9244570893394366,Sector 2,309.9066442028129,0.0,1,0.25,585257.7130999102,6619481.443621742,5.257459488264871,50.98975354522101,45.305564360906075,43.49334178646983,1.0,0.9933224287739395
393,393,3924.4570893394366,3.9244570893394366,Sector 2,309.9066442028129,0.0,2,0.5,585328.6121957961,6619532.130889946,5.258096385679517,50.99004015699705,45.305564360906075,43.49334178646983,1.0,0.9933224287739395
393,393,3924.4570893394366,3.9244570893394366,Sector 2,309.9066442028129,0.0,3,0.75,585399.5112916819,6619582.81815815,5.258733283094163,50.99032676700323,45.305564360906075,43.49334178646983,1.0,0.9933224287739395
393,393,3924.4570893394366,3.9244570893394366,Sector 2,309.9066442028129,0.0,4,0.9,585442.0507492134,6619613.230519073,5.259115421542949,50.99049873215741,45.305564360906075,43.49334178646983,1.0,0.9933224287739395
394,394,3934.4570893399,3.9344570893399,Sector 2,309.90664420453845,0.0,0,0.1,585207.1127211233,6619445.271008646,5.257004937328406,50.98954900565703,45.30556436084671,43.49334178641284,1.0,0.9933224287730311
394,394,3934.4570893399,3.9344570893399,Sector 2,309.90664420453845,0.0,1,0.25,585250.2025037723,6619475.185859039,5.257392019431837,50.98971816050277,45.30556436084671,43.49334178641284,1.0,0.9933224287730311
394,394,3934.4570893399,3.9344570893399,Sector 2,309.90664420453845,0.0,2,0.5,585322.0188081877,6619525.04394303,5.258037156270889,50.990000083875735,45.30556436084671,43.49334178641284,1.0,0.9933224287730311
394,394,3934.4570893399,3.9344570893399,Sector 2,309.90664420453845,0.0,3,0.75,585393.8351126029,6619574.90202702,5.258682293109942,50.99028200553627,45.30556436084671,43.49334178641284,1.0,0.9933224287730311
394,394,3934.4570893399,3.9344570893399,Sector 2,309.90664420453845,0.0,4,0.9,585436.9248952521,6619604.816877414,5.259069375213373,50.99045115771062,45.30556436084671,43.49334178641284,1.0,0.9933224287730311
395,395,3944.457089339765,3.944457089339765,Sector 2,304.8296601070789,0.0,0,0.1,585198.9611197202,6619439.569120844,5.256931710247103,50.989516764010105,45.46379326536348,43.64524153474893,1.0,0.9957438454340819
395,395,3944.457089339765,3.944457089339765,Sector 2,304.8296601070789,0.0,1,0.25,585242.465207265,6619469.074007263,5.257322514114734,50.98968360081647,45.46379326536348,43.64524153474893,1.0,0.9957438454340819
395,395,3944.457089339765,3.944457089339765,Sector 2,304.8296601070789,0.0,2,0.5,585314.9720198396,6619518.2488179635,5.257973853894119,50.98996166082776,45.46379326536348,43.64524153474893,1.0,0.9957438454340819
395,395,3944.457089339765,3.944457089339765,Sector 2,304.8296601070789,0.0,3,0.75,585387.478832414,6619567.423628663,5.258625193673503,50.990239719173225,45.46379326536348,43.64524153474893,1.0,0.9957438454340819
395,395,3944.457089339765,3.944457089339765,Sector 2,304.8296601070789,0.0,4,0.9,585430.9829199588,6619596.928515082,5.259015997541134,50.990406553380915,45.46379326536348,43.64524153474893,1.0,0.9957438454340819
396,396,3954.364902676769,3.954364902676768,Sector 2,292.9038609774783,0.0,0,0.1,585190.8078190673,6619433.976795773,5.256858467901177,50.98948514187008,45.70146978966283,43.87341099807632,1.0,0.9993810689719476
396,396,3954.364902676769,3.954364902676768,Sector 2,292.9038609774783,0.0,1,0.25,585234.6071229542,6619463.160995934,5.257251923742331,50.989650165456155,45.70146978966283,43.87341099807632,1.0,0.9993810689719476
396,396,3954.364902676769,3.954364902676768,Sector 2,292.9038609774783,0.0,2,0.5,585307.6059627659,6619511.801329536,5.2579076834775895,50.98992520346243,45.70146978966283,43.87341099807632,1.0,0.9993810689719476
396,396,3954.364902676769,3.954364902676768,Sector 2,292.9038609774783,0.0,3,0.75,585380.6048025774,6619560.4416631395,5.2585634432128465,50.99020023983891,45.70146978966283,43.87341099807632,1.0,0.9993810689719476
396,396,3954.364902676769,3.954364902676768,Sector 2,292.9038609774783,0.0,4,0.9,585424.4041064645,6619589.625863301,5.258956899054001,50.990365260882484,45.70146978966283,43.87341099807632,1.0,0.9993810689719476
397,397,3964.364902676698,3.964364902676698,Sector 2,292.9038610029425,0.0,0,0.1,585182.3841197978,6619428.553228622,5.256782796523151,50.98945447396134,45.701469789361695,43.873410997787225,1.0,0.9993810689673392
397,397,3964.364902676698,3.964364902676698,Sector 2,292.9038610029425,0.0,1,0.25,585226.1895817809,6619457.744945787,5.257176307683425,50.989619540161684,45.701469789361695,43.873410997787225,1.0,0.9993810689673392
397,397,3964.364902676698,3.964364902676698,Sector 2,292.9038610029425,0.0,2,0.5,585299.1986850859,6619506.3978077285,5.2578321596172115,50.989894649191086,45.701469789361695,43.873410997787225,1.0,0.9993810689673392
397,397,3964.364902676698,3.964364902676698,Sector 2,292.9038610029425,0.0,3,0.75,585372.2077883909,6619555.050669669,5.258488011550999,50.99016975658985,45.701469789361695,43.873410997787225,1.0,0.9993810689673392
397,397,3964.364902676698,3.964364902676698,Sector 2,292.9038610029425,0.0,4,0.9,585416.013250374,6619584.242386835,5.258881522711272,50.990334820246396,45.701469789361695,43.873410997787225,1.0,0.9993810689673392
398,398,3974.3649026768826,3.9743649026768826,Sector 2,292.90386097714094,0.0,0,0.1,585173.9604205283,6619423.129661472,5.256707125145125,50.98942380603233,45.70146978966682,43.87341099808014,1.0,0.9993810689720086
398,398,3974.3649026768826,3.9743649026768826,Sector 2,292.90386097714094,0.0,1,0.25,585217.7720406074,6619452.32889564,5.257100691624515,50.98958891484701,45.70146978966682,43.87341099808014,1.0,0.9993810689720086
398,398,3974.3649026768826,3.9743649026768826,Sector 2,292.90386097714094,0.0,2,0.5,585290.7914074059,6619500.994285919,5.257756635756833,50.98986409489963,45.70146978966682,43.87341099808014,1.0,0.9993810689720086
398,398,3974.3649026768826,3.9743649026768826,Sector 2,292.90386097714094,0.0,3,0.75,585363.8107742043,6619549.659676199,5.258412579889152,50.99013927332077,45.70146978966682,43.87341099808014,1.0,0.9993810689720086
398,398,3974.3649026768826,3.9743649026768826,Sector 2,292.90386097714094,0.0,4,0.9,585407.6223942834,6619578.858910367,5.258806146368542,50.99030437959034,45.70146978966682,43.87341099808014,1.0,0.9993810689720086
399,399,3984.364902676705,3.9843649026767047,Sector 2,288.17725020013404,0.0,0,0.1,585165.536721259,6619417.706094321,5.2566314537671,50.98939313808307,45.741914203924715,43.912237635767724,1.0,1.0
399,399,3984.364902676705,3.9843649026767047,Sector 2,288.17725020013404,0.0,1,0.25,585209.3544994341,6619446.912845492,5.2570250755656085,50.989558289512146,45.741914203924715,43.912237635767724,1.0,1.0
399,399,3984.364902676705,3.9843649026767047,Sector 2,288.17725020013404,0.0,2,0.5,585282.3841297261,6619495.590764111,5.257681111896458,50.989833540588066,45.741914203924715,43.912237635767724,1.0,1.0
399,399,3984.364902676705,3.9843649026767047,Sector 2,288.17725020013404,0.0,3,0.75,585355.4137600181,6619544.268682729,5.258337148227307,50.99010879003168,45.741914203924715,43.912237635767724,1.0,1.0
399,399,3984.364902676705,3.9843649026767047,Sector 2,288.17725020013404,0.0,4,0.9,585399.2315381932,6619573.475433901,5.2587307700258155,50.99027393891432,45.741914203924715,43.912237635767724,1.0,1.0
400,400,3994.273740267691,3.9942737402676913,Sector 2,275.5151372502854,0.0,0,0.1,585157.1898144615,6619412.331969716,5.2565564722275875,50.98936274969023,45.69717673595337,43.869289666515236,1.0,0.9993153712929386
400,400,3994.273740267691,3.9942737402676913,Sector 2,275.5151372502854,0.0,1,0.25,585201.013694594,6619441.546169363,5.256950148840912,50.98952794334526,45.69717673595337,43.869289666515236,1.0,0.9993153712929386
400,400,3994.273740267691,3.9942737402676913,Sector 2,275.5151372502854,0.0,2,0.5,585274.0534948149,6619490.236502109,5.257606276529786,50.98980326479713,45.69717673595337,43.869289666515236,1.0,0.9993153712929386
400,400,3994.273740267691,3.9942737402676913,Sector 2,275.5151372502854,0.0,3,0.75,585347.0932950358,6619538.926834854,5.2582624042186605,50.99007858461584,45.69717673595337,43.869289666515236,1.0,0.9993153712929386
400,400,3994.273740267691,3.9942737402676913,Sector 2,275.5151372502854,0.0,4,0.9,585390.9171751683,6619568.141034503,5.258656080831985,50.99024377572316,45.69717673595337,43.869289666515236,1.0,0.9993153712929386
401,401,4004.273740267647,4.004273740267647,Sector 2,275.51513727606755,0.0,0,0.1,585148.767982008,6619406.905507955,5.256480817619455,50.9893320653328,45.6971767362709,43.86928966682006,1.0,0.9993153712977978
401,401,4004.273740267647,4.004273740267647,Sector 2,275.51513727606755,0.0,1,0.25,585192.6008204604,6619436.12288269,5.256874574706735,50.98949727705077,45.6971767362709,43.86928966682006,1.0,0.9993153712977978
401,401,4004.273740267647,4.004273740267647,Sector 2,275.51513727606755,0.0,2,0.5,585265.6555512142,6619484.81850725,5.25753083651887,50.98977262860726,45.6971767362709,43.86928966682006,1.0,0.9993153712977978
401,401,4004.273740267647,4.004273740267647,Sector 2,275.51513727606755,0.0,3,0.75,585338.7102819681,6619533.5141318105,5.258187098331004,50.99004797853023,45.6971767362709,43.86928966682006,1.0,0.9993153712977978
401,401,4004.273740267647,4.004273740267647,Sector 2,275.51513727606755,0.0,4,0.9,585382.5431204204,6619562.731506546,5.258580855418284,50.99021318769992,45.6971767362709,43.86928966682006,1.0,0.9993153712977978
402,402,4014.273740267718,4.014273740267718,Sector 2,275.5151372506144,0.0,0,0.1,585140.3470509273,6619401.477648562,5.256405171108492,50.98930137305207,45.69717673595742,43.86928966651912,1.0,0.9993153712930007
402,402,4014.273740267718,4.014273740267718,Sector 2,275.5151372506144,0.0,1,0.25,585184.1901997589,6619430.6961019365,5.2567990208154844,50.98946659097852,45.69717673595742,43.86928966651912,1.0,0.9993153712930007
402,402,4014.273740267718,4.014273740267718,Sector 2,275.5151372506144,0.0,2,0.5,585257.262114478,6619479.393524228,5.257455436993805,50.989741952882376,45.69717673595742,43.86928966651912,1.0,0.9993153712930007
402,402,4014.273740267718,4.014273740267718,Sector 2,275.5151372506144,0.0,3,0.75,585330.3340291971,6619528.09094652,5.258111853172125,50.9900173131526,45.69717673595742,43.86928966651912,1.0,0.9993153712930007
402,402,4014.273740267718,4.014273740267718,Sector 2,275.5151372506144,0.0,4,0.9,585374.1771780286,6619557.309399894,5.258505702879119,50.99018252853059,45.69717673595742,43.86928966651912,1.0,0.9993153712930007
403,403,4024.2737402676735,4.024273740267674,Sector 2,275.5151372539871,0.0,0,0.1,585131.9261198466,6619396.049789168,5.256329524597528,50.989270680751034,45.697176735998966,43.869289666559006,1.0,0.9993153712936365
403,403,4024.2737402676735,4.024273740267674,Sector 2,275.5151372539871,0.0,1,0.25,585175.7795790574,6619425.269321182,5.2567234669242335,50.98943590488598,45.697176735998966,43.869289666559006,1.0,0.9993153712936365
403,403,4024.2737402676735,4.024273740267674,Sector 2,275.5151372539871,0.0,2,0.5,585248.8686777418,6619473.968541205,5.257380037468741,50.98971127713722,45.697176735998966,43.869289666559006,1.0,0.9993153712936365
403,403,4024.2737402676735,4.024273740267674,Sector 2,275.5151372539871,0.0,3,0.75,585321.9577764262,6619522.667761229,5.258036608013248,50.98998664775472,45.697176735998966,43.869289666559006,1.0,0.9993153712936365
403,403,4024.2737402676735,4.024273740267674,Sector 2,275.5151372539871,0.0,4,0.9,585365.8112356369,6619551.887293243,5.258430550339953,50.990151869341005,45.697176735998966,43.869289666559006,1.0,0.9993153712936365
404,404,4034.273740267629,4.034273740267629,Sector 2,275.515137263679,0.0,0,0.1,585123.5044656295,6619390.623058724,5.25625387159052,50.98923999481346,45.69717673611832,43.86928966667359,1.0,0.999315371295463
404,404,4034.273740267629,4.034273740267629,Sector 2,275.515137263679,0.0,1,0.25,585167.3671505145,6619419.845362801,5.256647896792868,50.98940523473248,45.69717673611832,43.86928966667359,1.0,0.999315371295463
404,404,4034.273740267629,4.034273740267629,Sector 2,275.515137263679,0.0,2,0.5,585240.4716253228,6619468.54920293,5.257304605463445,50.98968063329024,45.69717673611832,43.86928966667359,1.0,0.999315371295463
404,404,4034.273740267629,4.034273740267629,Sector 2,275.515137263679,0.0,3,0.75,585313.5761001311,6619517.253043058,5.2579613141340245,50.98995603021394,45.69717673611832,43.86928966667359,1.0,0.999315371295463
404,404,4034.273740267629,4.034273740267629,Sector 2,275.515137263679,0.0,4,0.9,585357.4387850162,6619546.475347135,5.258355339336371,50.99012126758381,45.69717673611832,43.86928966667359,1.0,0.999315371295463
405,405,4044.2737402677,4.0442737402677,Sector 2,251.863095801034,0.0,0,0.1,585115.0826002484,6619385.196717876,5.256178216686593,50.9892093110586,45.0343654124958,43.23299079599597,1.0,0.9891722031615864
405,405,4044.2737402677,4.0442737402677,Sector 2,251.863095801034,0.0,1,0.25,585158.9455964817,6619414.435700931,5.25657224468583,50.989374645399394,45.0343654124958,43.23299079599597,1.0,0.9891722031615864
405,405,4044.2737402677,4.0442737402677,Sector 2,251.863095801034,0.0,2,0.5,585232.0505902037,6619463.167339355,5.25722895801789,50.9896502013253,45.0343654124958,43.23299079599597,1.0,0.9891722031615864
405,405,4044.2737402677,4.0442737402677,Sector 2,251.863095801034,0.0,3,0.75,585305.1555839258,6619511.89897778,5.257885671349949,50.98992575561527,45.0343654124958,43.23299079599597,1.0,0.9891722031615864
405,405,4044.2737402677,4.0442737402677,Sector 2,251.863095801034,0.0,4,0.9,585349.018580159,6619541.137960834,5.258279699349186,50.990091087404004,45.0343654124958,43.23299079599597,1.0,0.9891722031615864
406,406,4054.1406121759146,4.054140612175915,Sector 2,248.19703754532304,0.0,0,0.1,585106.7760470929,6619379.83766827,5.256103597650014,50.98917900778849,44.86918385738312,43.0744165030878,1.0,0.986644388342482
406,406,4054.1406121759146,4.054140612175915,Sector 2,248.19703754532304,0.0,1,0.25,585150.638818273,6619409.093933024,5.256497623627563,50.989344439957975,44.86918385738312,43.0744165030878,1.0,0.986644388342482
406,406,4054.1406121759146,4.054140612175915,Sector 2,248.19703754532304,0.0,2,0.5,585223.7434369065,6619457.854374282,5.257154333590146,50.989620158930144,44.86918385738312,43.0744165030878,1.0,0.986644388342482
406,406,4054.1406121759146,4.054140612175915,Sector 2,248.19703754532304,0.0,3,0.75,585296.84805554,6619506.614815541,5.257811043552728,50.989895876264455,44.86918385738312,43.0744165030878,1.0,0.986644388342482
406,406,4054.1406121759146,4.054140612175915,Sector 2,248.19703754532304,0.0,4,0.9,585340.7108267201,6619535.871080295,5.258205069530277,50.990061305878854,44.86918385738312,43.0744165030878,1.0,0.986644388342482
407,407,4064.140612175976,4.064140612175976,Sector 2,248.19703755046905,0.0,0,0.1,585098.3574183391,6619374.406312054,5.256027971821206,50.989148295633406,44.86918385762576,43.07441650332073,1.0,0.9866443883461953
407,407,4064.140612175976,4.064140612175976,Sector 2,248.19703755046905,0.0,1,0.25,585142.2199614295,6619403.680091681,5.25642199574979,50.98931382695165,44.86918385762576,43.07441650332073,1.0,0.9866443883461953
407,407,4064.140612175976,4.064140612175976,Sector 2,248.19703755046905,0.0,2,0.5,585215.3241999137,6619452.4697243925,5.257078702297433,50.9895897111702,44.86918385762576,43.07441650332073,1.0,0.9866443883461953
407,407,4064.140612175976,4.064140612175976,Sector 2,248.19703755046905,0.0,3,0.75,585288.4284383978,6619501.259357104,5.257735408845075,50.98986559374892,44.86918385762576,43.07441650332073,1.0,0.9866443883461953
407,407,4064.140612175976,4.064140612175976,Sector 2,248.19703755046905,0.0,4,0.9,585332.2909814882,6619530.533136731,5.258129432773659,50.99003112250904,44.86918385762576,43.07441650332073,1.0,0.9866443883461953
408,408,4074.140612176037,4.074140612176037,Sector 2,246.06523440758315,0.0,0,0.1,585089.9387895853,6619368.974955838,5.255952345992396,50.98911758345799,44.76613651065698,42.975491050230694,1.0,0.985067428917769
408,408,4074.140612176037,4.074140612176037,Sector 2,246.06523440758315,0.0,1,0.25,585133.8011045861,6619398.2662503375,5.256346367872018,50.989283213925134,44.76613651065698,42.975491050230694,1.0,0.985067428917769
408,408,4074.140612176037,4.074140612176037,Sector 2,246.06523440758315,0.0,2,0.5,585206.9049629208,6619447.085074503,5.2570030710047195,50.98955926339027,44.76613651065698,42.975491050230694,1.0,0.985067428917769
408,408,4074.140612176037,4.074140612176037,Sector 2,246.06523440758315,0.0,3,0.75,585280.0088212555,6619495.903898668,5.257659774137421,50.98983531121362,44.76613651065698,42.975491050230694,1.0,0.985067428917769
408,408,4074.140612176037,4.074140612176037,Sector 2,246.06523440758315,0.0,4,0.9,585323.8711362564,6619525.195193167,5.258053796017043,50.990000939119575,44.76613651065698,42.975491050230694,1.0,0.985067428917769
409,409,4084.095224669483,4.084095224669483,Sector 2,232.12558954566532,0.0,0,0.1,585081.5583708882,6619363.568251194,5.255877063410368,50.98908701065731,43.97699803078795,42.21791810955643,1.0,0.9729910445879473
409,409,4084.095224669483,4.084095224669483,Sector 2,232.12558954566532,0.0,1,0.25,585125.4204588347,6619392.87698107,5.256271083250326,50.98925273982346,43.97699803078795,42.21791810955643,1.0,0.9729910445879473
409,409,4084.095224669483,4.084095224669483,Sector 2,232.12558954566532,0.0,2,0.5,585198.5239387455,6619441.724864196,5.2569277829835865,50.989528953785396,43.97699803078795,42.21791810955643,1.0,0.9729910445879473
409,409,4084.095224669483,4.084095224669483,Sector 2,232.12558954566532,0.0,3,0.75,585271.6274186561,6619490.572747323,5.257584482716847,50.98980516610359,43.97699803078795,42.21791810955643,1.0,0.9729910445879473
409,409,4084.095224669483,4.084095224669483,Sector 2,232.12558954566532,0.0,4,0.9,585315.4895066026,6619519.881477199,5.2579785025568055,50.98997089270551,43.97699803078795,42.21791810955643,1.0,0.9729910445879473
410,410,4094.095224669388,4.094095224669387,Sector 2,232.1255895436282,0.0,0,0.1,585073.1397421346,6619358.136894979,5.255801437581561,50.989056298441334,43.97699803065931,42.21791810943294,1.0,0.9729910445859788
410,410,4094.095224669388,4.094095224669387,Sector 2,232.1255895436282,0.0,1,0.25,585117.0016019914,6619387.463139726,5.256195455372553,50.98922212675665,43.97699803065931,42.21791810943294,1.0,0.9729910445859788
410,410,4094.095224669388,4.094095224669387,Sector 2,232.1255895436282,0.0,2,0.5,585190.1047017528,6619436.3402143065,5.256852151690875,50.989498505965614,43.97699803065931,42.21791810943294,1.0,0.9729910445859788
410,410,4094.095224669388,4.094095224669387,Sector 2,232.1255895436282,0.0,3,0.75,585263.2078015141,6619485.217288887,5.257508848009196,50.98977488352886,43.97699803065931,42.21791810943294,1.0,0.9729910445859788
410,410,4094.095224669388,4.094095224669387,Sector 2,232.1255895436282,0.0,4,0.9,585307.0696613708,6619514.543533634,5.2579028658001885,50.989940709276866,43.97699803065931,42.21791810943294,1.0,0.9729910445859788
411,411,4104.095224669292,4.104095224669292,Sector 2,232.12558954097364,0.0,0,0.1,585064.721113381,6619352.705538763,5.255725811752754,50.98902558620505,43.97699803049168,42.21791810927201,1.0,0.9729910445834136
411,411,4104.095224669292,4.104095224669292,Sector 2,232.12558954097364,0.0,1,0.25,585108.5827451481,6619382.049298383,5.256119827494782,50.98919151366967,43.97699803049168,42.21791810927201,1.0,0.9729910445834136
411,411,4104.095224669292,4.104095224669292,Sector 2,232.12558954097364,0.0,2,0.5,585181.68546476,6619430.955564417,5.256776520398163,50.989468058125865,43.97699803049168,42.21791810927201,1.0,0.9729910445834136
411,411,4104.095224669292,4.104095224669292,Sector 2,232.12558954097364,0.0,3,0.75,585254.7881843719,6619479.861830451,5.257433213301543,50.98974460093439,43.97699803049168,42.21791810927201,1.0,0.9729910445834136
411,411,4104.095224669292,4.104095224669292,Sector 2,232.12558954097364,0.0,4,0.9,585298.6498161391,6619509.205590071,5.257827229043572,50.98991052582862,43.97699803049168,42.21791810927201,1.0,0.9729910445834136
412,412,4114.095224669105,4.114095224669105,Sector 2,232.12558954751404,0.0,0,0.1,585056.3024846273,6619347.274182547,5.255650185923947,50.98899487394844,43.97699803090469,42.2179181096685,1.0,0.9729910445897338
412,412,4114.095224669105,4.114095224669105,Sector 2,232.12558954751404,0.0,1,0.25,585100.1638883048,6619376.63545704,5.256044199617011,50.989160900562474,43.97699803090469,42.2179181096685,1.0,0.9729910445897338
412,412,4114.095224669105,4.114095224669105,Sector 2,232.12558954751404,0.0,2,0.5,585173.2662277673,6619425.570914527,5.256700889105451,50.98943761026614,43.97699803090469,42.2179181096685,1.0,0.9729910445897338
412,412,4114.095224669105,4.114095224669105,Sector 2,232.12558954751404,0.0,3,0.75,585246.36856723,6619474.506372015,5.2573575785938935,50.98971431832016,43.97699803090469,42.2179181096685,1.0,0.9729910445897338
412,412,4114.095224669105,4.114095224669105,Sector 2,232.12558954751404,0.0,4,0.9,585290.2299709074,6619503.867646508,5.257751592286957,50.989880342360735,43.97699803090469,42.2179181096685,1.0,0.9729910445897338
413,413,4124.095224669009,4.124095224669009,Sector 2,232.12558954487017,0.0,0,0.1,585047.8843499898,6619341.842047201,5.25557456453386,50.988964157265826,43.97699803073774,42.217918109508226,1.0,0.972991044587179
413,413,4124.095224669009,4.124095224669009,Sector 2,232.12558954487017,0.0,1,0.25,585091.746266752,6619371.21966787,5.255968582836042,50.9891302764209,43.97699803073774,42.217918109508226,1.0,0.972991044587179
413,413,4124.095224669009,4.124095224669009,Sector 2,232.12558954487017,0.0,2,0.5,585164.8494613556,6619420.182368984,5.256625280006346,50.98940714035819,43.97699803073774,42.217918109508226,1.0,0.972991044587179
413,413,4124.095224669009,4.124095224669009,Sector 2,232.12558954487017,0.0,3,0.75,585237.9526559592,6619469.1450701,5.25728197717665,50.989684002644,43.97699803073774,42.217918109508226,1.0,0.972991044587179
413,413,4124.095224669009,4.124095224669009,Sector 2,232.12558954487017,0.0,4,0.9,585281.8145727214,6619498.522690769,5.257675995478833,50.98985011922275,43.97699803073774,42.217918109508226,1.0,0.972991044587179
414,414,4134.095224669486,4.134095224669486,Sector 2,232.1255895336114,0.0,0,0.1,585039.4669518571,6619336.408750521,5.255498949759908,50.98893343399597,43.97699803002676,42.21791810882569,1.0,0.9729910445762988
414,414,4134.095224669486,4.134095224669486,Sector 2,232.1255895336114,0.0,1,0.25,585083.3304864618,6619365.800975366,5.255892982595418,50.98909963584192,43.97699803002676,42.21791810882569,1.0,0.9729910445762988
414,414,4134.095224669486,4.134095224669486,Sector 2,232.1255895336114,0.0,2,0.5,585156.4363774693,6619414.788016775,5.256549703987931,50.98937663759599,43.97699803002676,42.21791810882569,1.0,0.9729910445762988
414,414,4134.095224669486,4.134095224669486,Sector 2,232.1255895336114,0.0,3,0.75,585229.5422684769,6619463.775058184,5.257206425380443,50.989653637696954,43.97699803002676,42.21791810882569,1.0,0.9729910445762988
414,414,4134.095224669486,4.134095224669486,Sector 2,232.1255895336114,0.0,4,0.9,585273.4058030816,6619493.167283028,5.2576004582159515,50.98981983696402,43.97699803002676,42.21791810882569,1.0,0.9729910445762988
415,415,4144.095224669391,4.144095224669391,Sector 2,232.1255895405326,0.0,0,0.1,585031.0495537248,6619330.975453841,5.255423334985961,50.98890271070577,43.97699803046383,42.217918109245275,1.0,0.9729910445829875
415,415,4144.095224669391,4.144095224669391,Sector 2,232.1255895405326,0.0,1,0.25,585074.9147061718,6619360.382282862,5.255817382354795,50.9890689952427,43.97699803046383,42.217918109245275,1.0,0.9729910445829875
415,415,4144.095224669391,4.144095224669391,Sector 2,232.1255895405326,0.0,2,0.5,585148.0232935834,6619409.393664565,5.2564741279695175,50.989346134813765,43.97699803046383,42.217918109245275,1.0,0.9729910445829875
415,415,4144.095224669391,4.144095224669391,Sector 2,232.1255895405326,0.0,3,0.75,585221.1318809951,6619458.405046267,5.257130873584241,50.98962327273006,43.97699803046383,42.217918109245275,1.0,0.9729910445829875
415,415,4144.095224669391,4.144095224669391,Sector 2,232.1255895405326,0.0,4,0.9,585264.9970334421,6619487.811875289,5.257524920953074,50.989789554685544,43.97699803046383,42.217918109245275,1.0,0.9729910445829875
416,416,4154.095224669203,4.154095224669203,Sector 2,232.12558954423872,0.0,0,0.1,585022.6321555926,6619325.542157161,5.255347720212013,50.98887198739524,43.97699803069786,42.21791810946994,1.0,0.9729910445865686
416,416,4154.095224669203,4.154095224669203,Sector 2,232.12558954423872,0.0,1,0.25,585066.4989258819,6619354.963590359,5.255741782114173,50.98903835462326,43.97699803069786,42.21791810946994,1.0,0.9729910445865686
416,416,4154.095224669203,4.154095224669203,Sector 2,232.12558954423872,0.0,2,0.5,585139.6102096977,6619403.999312355,5.256398551951106,50.989315632011476,43.97699803069786,42.21791810946994,1.0,0.9729910445865686
416,416,4154.095224669203,4.154095224669203,Sector 2,232.12558954423872,0.0,3,0.75,585212.7214935136,6619453.035034351,5.25705532178804,50.98959290774329,43.97699803069786,42.21791810946994,1.0,0.9729910445865686
416,416,4154.095224669203,4.154095224669203,Sector 2,232.12558954423872,0.0,4,0.9,585256.5882638029,6619482.456467549,5.257449383690198,50.9897592723873,43.97699803069786,42.21791810946994,1.0,0.9729910445865686
417,417,4164.095224669108,4.164095224669108,Sector 2,232.12558954509456,0.0,0,0.1,585014.2147574602,6619320.1088604815,5.255272105438065,50.98884126406437,43.97699803075191,42.21791810952183,1.0,0.9729910445873959
417,417,4164.095224669108,4.164095224669108,Sector 2,232.12558954509456,0.0,1,0.25,585058.0831455921,6619349.544897855,5.2556661818735515,50.98900771398358,43.97699803075191,42.21791810952183,1.0,0.9729910445873959
417,417,4164.095224669108,4.164095224669108,Sector 2,232.12558954509456,0.0,2,0.5,585131.1971258118,6619398.604960145,5.256322975932694,50.989285129189156,43.97699803075191,42.21791810952183,1.0,0.9729910445873959
417,417,4164.095224669108,4.164095224669108,Sector 2,232.12558954509456,0.0,3,0.75,585204.3111060316,6619447.665022435,5.256979769991836,50.989562542736664,43.97699803075191,42.21791810952183,1.0,0.9729910445873959
417,417,4164.095224669108,4.164095224669108,Sector 2,232.12558954509456,0.0,4,0.9,585248.1794941635,6619477.101059809,5.257373846427321,50.9897289900693,43.97699803075191,42.21791810952183,1.0,0.9729910445873959
418,418,4174.095224669584,4.174095224669585,Sector 2,232.12558954533307,0.0,0,0.1,585005.7973593274,6619314.675563801,5.2551964906641135,50.98881054071316,43.97699803076697,42.21791810953629,1.0,0.9729910445876264
418,418,4174.095224669584,4.174095224669585,Sector 2,232.12558954533307,0.0,1,0.25,585049.6673653017,6619344.126205351,5.255590581632926,50.98897707332368,43.97699803076697,42.21791810953629,1.0,0.9729910445876264
418,418,4174.095224669584,4.174095224669585,Sector 2,232.12558954533307,0.0,2,0.5,585122.7840419256,6619393.210607935,5.256247399914277,50.989254626346785,43.97699803076697,42.21791810953629,1.0,0.9729910445876264
418,418,4174.095224669584,4.174095224669585,Sector 2,232.12558954533307,0.0,3,0.75,585195.9007185495,6619442.295010518,5.25690421819563,50.98953217771016,43.97699803076697,42.21791810953629,1.0,0.9729910445876264
418,418,4174.095224669584,4.174095224669585,Sector 2,232.12558954533307,0.0,4,0.9,585239.7707245238,6619471.745652068,5.257298309164441,50.98969870773154,43.97699803076697,42.21791810953629,1.0,0.9729910445876264
419,419,4184.095224669489,4.1840952246694885,Sector 2,232.12558953000007,0.0,0,0.1,584997.3799611952,6619309.242267122,5.255120875890166,50.98877981734164,43.976998029798715,42.21791810860677,1.0,0.9729910445728089
419,419,4184.095224669489,4.1840952246694885,Sector 2,232.12558953000007,0.0,1,0.25,585041.251585012,6619338.707512848,5.255514981392304,50.98894643264356,43.976998029798715,42.21791810860677,1.0,0.9729910445728089
419,419,4184.095224669489,4.1840952246694885,Sector 2,232.12558953000007,0.0,2,0.5,585114.3709580398,6619387.816255725,5.2561718238958655,50.989224123484355,43.976998029798715,42.21791810860677,1.0,0.9729910445728089
419,419,4184.095224669489,4.1840952246694885,Sector 2,232.12558953000007,0.0,3,0.75,585187.4903310677,6619436.924998602,5.256828666399428,50.98950181266381,43.976998029798715,42.21791810860677,1.0,0.9729910445728089
419,419,4184.095224669489,4.1840952246694885,Sector 2,232.12558953000007,0.0,4,0.9,585231.3619548845,6619466.390244328,5.257222771901565,50.98966842537403,43.976998029798715,42.21791810860677,1.0,0.9729910445728089
420,420,4194.095224669301,4.194095224669302,Sector 2,232.1255895566258,0.0,0,0.1,584988.962563063,6619303.808970442,5.255045261116221,50.98874909394976,43.976998031480086,42.21791811022088,1.0,0.9729910445985395
420,420,4194.095224669301,4.194095224669302,Sector 2,232.1255895566258,0.0,1,0.25,585032.8358047222,6619333.288820345,5.2554393811516835,50.988915791943214,43.976998031480086,42.21791811022088,1.0,0.9729910445985395
420,420,4194.095224669301,4.194095224669302,Sector 2,232.1255895566258,0.0,2,0.5,585105.9578741541,6619382.421903515,5.256096247877455,50.98919362060189,43.976998031480086,42.21791811022088,1.0,0.9729910445985395
420,420,4194.095224669301,4.194095224669302,Sector 2,232.1255895566258,0.0,3,0.75,585179.079943586,6619431.5549866855,5.256753114603226,50.98947144759758,43.976998031480086,42.21791811022088,1.0,0.9729910445985395
420,420,4194.095224669301,4.194095224669302,Sector 2,232.1255895566258,0.0,4,0.9,585222.9531852452,6619461.034836588,5.257147234638689,50.98963814299675,43.976998031480086,42.21791811022088,1.0,0.9729910445985395
421,421,4204.095224669206,4.204095224669206,Sector 2,232.12558954223755,0.0,0,0.1,584980.5451649308,6619298.3756737625,5.254969646342273,50.98871837053754,43.97699803057149,42.21791810934862,1.0,0.9729910445846348
421,421,4204.095224669206,4.204095224669206,Sector 2,232.12558954223755,0.0,1,0.25,585024.4200244322,6619327.870127841,5.255363780911061,50.988885151222625,43.97699803057149,42.21791810934862,1.0,0.9729910445846348
421,421,4204.095224669206,4.204095224669206,Sector 2,232.12558954223755,0.0,2,0.5,585097.5447902683,6619377.0275513055,5.2560206718590425,50.989163117699384,43.97699803057149,42.21791810934862,1.0,0.9729910445846348
421,421,4204.095224669206,4.204095224669206,Sector 2,232.12558954223755,0.0,3,0.75,585170.6695561043,6619426.18497477,5.256677562807025,50.9894410825115,43.97699803057149,42.21791810934862,1.0,0.9729910445846348
421,421,4204.095224669206,4.204095224669206,Sector 2,232.12558954223755,0.0,4,0.9,585214.5444156058,6619455.679428848,5.257071697375812,50.989607860599726,43.97699803057149,42.21791810934862,1.0,0.9729910445846348
422,422,4214.09522466911,4.21409522466911,Sector 2,232.1255895345533,0.0,0,0.1,584972.1277667984,6619292.942377082,5.254894031568324,50.98868764710499,43.97699803008624,42.21791810888279,1.0,0.972991044577209
422,422,4214.09522466911,4.21409522466911,Sector 2,232.1255895345533,0.0,1,0.25,585016.0042441424,6619322.451435337,5.25528818067044,50.988854510481815,43.97699803008624,42.21791810888279,1.0,0.972991044577209
422,422,4214.09522466911,4.21409522466911,Sector 2,232.1255895345533,0.0,2,0.5,585089.1317063824,6619371.633199096,5.25594509584063,50.98913261477682,43.97699803008624,42.21791810888279,1.0,0.972991044577209
422,422,4214.09522466911,4.21409522466911,Sector 2,232.1255895345533,0.0,3,0.75,585162.2591686224,6619420.814962855,5.256602011010821,50.98941071740553,43.97699803008624,42.21791810888279,1.0,0.972991044577209
422,422,4214.09522466911,4.21409522466911,Sector 2,232.1255895345533,0.0,4,0.9,585206.1356459665,6619450.324021109,5.256996160112935,50.989577578182946,43.97699803008624,42.21791810888279,1.0,0.972991044577209
423,423,4224.095224669495,4.224095224669495,Sector 3,232.125589543074,0.0,0,0.1,584963.7103686656,6619287.509080403,5.254818416794373,50.9886569236521,43.97699803062431,42.217918109399335,1.0,0.9729910445854433
423,423,4224.095224669495,4.224095224669495,Sector 3,232.125589543074,0.0,1,0.25,585007.5884638521,6619317.032742834,5.255212580429813,50.98882386972079,43.97699803062431,42.217918109399335,1.0,0.9729910445854433
423,423,4224.095224669495,4.224095224669495,Sector 3,232.125589543074,0.0,2,0.5,585080.7186224961,6619366.238846885,5.255869519822213,50.98910211183422,43.97699803062431,42.217918109399335,1.0,0.9729910445854433
423,423,4224.095224669495,4.224095224669495,Sector 3,232.125589543074,0.0,3,0.75,585153.8487811403,6619415.444950937,5.256526459214615,50.98938035227971,43.97699803062431,42.217918109399335,1.0,0.9729910445854433
423,423,4224.095224669495,4.224095224669495,Sector 3,232.125589543074,0.0,4,0.9,585197.7268763267,6619444.968613368,5.256920622850055,50.98954729574639,43.97699803062431,42.217918109399335,1.0,0.9729910445854433
424,424,4234.0952246694,4.2340952246694,Sector 3,218.2567118432771,0.0,0,0.1,584955.2929705334,6619282.075783722,5.254742802020425,50.988626200178885,43.02809278181618,41.30696907054353,1.0,0.9584697092691197
424,424,4234.0952246694,4.2340952246694,Sector 3,218.2567118432771,0.0,1,0.25,584999.1726835623,6619311.61405033,5.255136980189191,50.98879322893952,43.02809278181618,41.30696907054353,1.0,0.9584697092691197
424,424,4234.0952246694,4.2340952246694,Sector 3,218.2567118432771,0.0,2,0.5,585072.3055386103,6619360.844494675,5.255793943803801,50.98907160887157,43.02809278181618,41.30696907054353,1.0,0.9584697092691197
424,424,4234.0952246694,4.2340952246694,Sector 3,218.2567118432771,0.0,3,0.75,585145.4383936585,6619410.074939021,5.2564509074184125,50.98934998713403,43.02809278181618,41.30696907054353,1.0,0.9584697092691197
424,424,4234.0952246694,4.2340952246694,Sector 3,218.2567118432771,0.0,4,0.9,585189.3181066874,6619439.6132056285,5.2568450855871784,50.9895170132901,43.02809278181618,41.30696907054353,1.0,0.9584697092691197
425,425,4243.528982727367,4.243528982727368,Sector 3,191.31203280148068,0.0,0,0.1,584947.3521974394,6619276.950148363,5.254671468842045,50.988597216408756,41.17672767979925,39.529658572607275,1.0,0.9301378041889283
425,425,4243.528982727367,4.243528982727368,Sector 3,191.31203280148068,0.0,1,0.25,584991.2334316793,6619306.502200106,5.255065660676083,50.98876432322381,41.17672767979925,39.529658572607275,1.0,0.9301378041889283
425,425,4243.528982727367,4.243528982727368,Sector 3,191.31203280148068,0.0,2,0.5,585064.3688220794,6619355.75561968,5.255722647066147,50.98904283324532,41.17672767979925,39.529658572607275,1.0,0.9301378041889283
425,425,4243.528982727367,4.243528982727368,Sector 3,191.31203280148068,0.0,3,0.75,585137.5042124793,6619405.009039253,5.25637963345621,50.98932134159568,41.17672767979925,39.529658572607275,1.0,0.9301378041889283
425,425,4243.528982727367,4.243528982727368,Sector 3,191.31203280148068,0.0,4,0.9,585181.3854467194,6619434.5610909965,5.2567738252902485,50.98948844580373,41.17672767979925,39.529658572607275,1.0,0.9301378041889283
426,426,4253.528982727674,4.253528982727674,Sector 3,191.3120327994531,0.0,0,0.1,584938.9341335729,6619271.517900194,5.254595848087705,50.988566498825,41.17672767979925,39.529658572607275,1.0,0.9301378041889283
426,426,4253.528982727674,4.253528982727674,Sector 3,191.3120327994531,0.0,1,0.25,584982.8159870546,6619301.086128881,5.254990045484487,50.98873369722566,41.17672767979925,39.529658572607275,1.0,0.9301378041889283
426,426,4253.528982727674,4.253528982727674,Sector 3,191.3120327994531,0.0,2,0.5,585055.9524095241,6619350.366510026,5.255647041145789,50.989012359888385,41.17672767979925,39.529658572607275,1.0,0.9301378041889283
426,426,4253.528982727674,4.253528982727674,Sector 3,191.3120327994531,0.0,3,0.75,585129.0888319936,6619399.646891171,5.25630403680709,50.98929102087812,41.17672767979925,39.529658572607275,1.0,0.9301378041889283
426,426,4253.528982727674,4.253528982727674,Sector 3,191.3120327994531,0.0,4,0.9,585172.9706854754,6619429.215119858,5.256698234203872,50.98945821666892,41.17672767979925,39.529658572607275,1.0,0.9301378041889283
427,427,4263.52898272798,4.26352898272798,Sector 3,191.3120327999599,0.0,0,0.1,584930.527042904,6619266.06886758,5.2545203259072775,50.988535686310286,41.17672767979925,39.529658572607275,1.0,0.9301378041889283
427,427,4263.52898272798,4.26352898272798,Sector 3,191.3120327999599,0.0,1,0.25,584974.4076867612,6619295.656070618,5.254914512437817,50.9887029921154,41.17672767979925,39.529658572607275,1.0,0.9301378041889283
427,427,4263.52898272798,4.26352898272798,Sector 3,191.3120327999599,0.0,2,0.5,585047.5420931898,6619344.968075681,5.255571489988714,50.98898183378382,41.17672767979925,39.529658572607275,1.0,0.9301378041889283
427,427,4263.52898272798,4.26352898272798,Sector 3,191.3120327999599,0.0,3,0.75,585120.6764996183,6619394.280080743,5.256228467539612,50.98926067377709,41.17672767979925,39.529658572607275,1.0,0.9301378041889283
427,427,4263.52898272798,4.26352898272798,Sector 3,191.3120327999599,0.0,4,0.9,585164.5571434755,6619423.867283781,5.256622654070151,50.989427976969,41.17672767979925,39.529658572607275,1.0,0.9301378041889283
428,428,4273.528982728287,4.273528982728287,Sector 3,154.15040941488462,0.0,0,0.1,584922.1590460192,6619260.560037674,5.254445154912286,50.98850453564045,41.17672767979925,39.529658572607275,1.0,0.9301378041889283
428,428,4273.528982728287,4.273528982728287,Sector 3,154.15040941488462,0.0,1,0.25,584966.031964621,6619290.176181277,5.254839272045675,50.98867200520695,41.17672767979925,39.529658572607275,1.0,0.9301378041889283
428,428,4273.528982728287,4.273528982728287,Sector 3,154.15040941488462,0.0,2,0.5,585039.1534956243,6619339.536420617,5.255496133934661,50.988951119808384,41.17672767979925,39.529658572607275,1.0,0.9301378041889283
428,428,4273.528982728287,4.273528982728287,Sector 3,154.15040941488462,0.0,3,0.75,585112.2750266276,6619388.896659957,5.256152995823645,50.98923023273141,41.17672767979925,39.529658572607275,1.0,0.9301378041889283
428,428,4273.528982728287,4.273528982728287,Sector 3,154.15040941488462,0.0,4,0.9,585156.1479452294,6619418.51280356,5.256547112957035,50.989397699679564,41.17672767979925,39.529658572607275,1.0,0.9301378041889283
429,429,4283.079349599225,4.283079349599225,Sector 3,146.3228094517176,0.0,0,0.1,584914.1673019968,6619255.298903013,5.254373363854266,50.98847478558844,41.17672767979925,39.529658572607275,1.0,0.9301378041889283
429,429,4283.079349599225,4.283079349599225,Sector 3,146.3228094517176,0.0,1,0.25,584958.0328426966,6619284.942685918,5.254767414710834,50.988642411553265,41.17672767979925,39.529658572607275,1.0,0.9301378041889283
429,429,4283.079349599225,4.283079349599225,Sector 3,146.3228094517176,0.0,2,0.5,585031.1420771962,6619334.348990761,5.255424166138446,50.98892178681608,41.17672767979925,39.529658572607275,1.0,0.9301378041889283
429,429,4283.079349599225,4.283079349599225,Sector 3,146.3228094517176,0.0,3,0.75,585104.2513116958,6619383.7552956045,5.2560809175660586,50.98920116039734,41.17672767979925,39.529658572607275,1.0,0.9301378041889283
429,429,4283.079349599225,4.283079349599225,Sector 3,146.3228094517176,0.0,4,0.9,585148.1168523956,6619413.39907851,5.256474968422626,50.98936878373895,41.17672767979925,39.529658572607275,1.0,0.9301378041889283
430,430,4293.079349599163,4.293079349599163,Sector 3,152.08476836776754,0.0,0,0.1,584905.7993051122,6619249.790073108,5.2542981928592765,50.98844363487774,41.17672767979925,39.529658572607275,1.0,0.9301378041889283
430,430,4293.079349599163,4.293079349599163,Sector 3,152.08476836776754,0.0,1,0.25,584949.6571205568,6619279.462796579,5.254692174318696,50.988611424604386,41.17672767979925,39.529658572607275,1.0,0.9301378041889283
430,430,4293.079349599163,4.293079349599163,Sector 3,152.08476836776754,0.0,2,0.5,585022.753479631,6619328.917335698,5.255348810084395,50.98889107280092,41.17672767979925,39.529658572607275,1.0,0.9301378041889283
430,430,4293.079349599163,4.293079349599163,Sector 3,152.08476836776754,0.0,3,0.75,585095.8498387053,6619378.371874819,5.256005445850094,50.98917071931262,41.17672767979925,39.529658572607275,1.0,0.9301378041889283
430,430,4293.079349599163,4.293079349599163,Sector 3,152.08476836776754,0.0,4,0.9,585139.7076541499,6619408.04459829,5.256399427309513,50.98933850641092,41.17672767979925,39.529658572607275,1.0,0.9301378041889283
431,431,4302.970645593729,4.30297064559373,Sector 3,164.479963559128,0.0,0,0.1,584897.5222717053,6619244.34112639,5.254223839003111,50.98841282276718,41.17672767979925,39.529658572607275,1.0,0.9301378041889283
431,431,4302.970645593729,4.30297064559373,Sector 3,164.479963559128,0.0,1,0.25,584941.3724458714,6619274.042475833,5.254617751819757,50.9885807744757,41.17672767979925,39.529658572607275,1.0,0.9301378041889283
431,431,4302.970645593729,4.30297064559373,Sector 3,164.479963559128,0.0,2,0.5,585014.4560694813,6619323.544724902,5.255274273180834,50.98886069263941,41.17672767979925,39.529658572607275,1.0,0.9301378041889283
431,431,4302.970645593729,4.30297064559373,Sector 3,164.479963559128,0.0,3,0.75,585087.5396930912,6619373.046973973,5.25593079454191,50.98914060911504,41.17672767979925,39.529658572607275,1.0,0.9301378041889283
431,431,4302.970645593729,4.30297064559373,Sector 3,164.479963559128,0.0,4,0.9,585131.3898672572,6619402.7483234145,5.256324707358556,50.989308558190146,41.17672767979925,39.529658572607275,1.0,0.9301378041889283
432,432,4312.970645593233,4.312970645593233,Sector 3,164.4799635585789,0.0,0,0.1,584889.1542748212,6619238.832296485,5.254148668008125,50.988381672014896,41.17672767979925,39.529658572607275,1.0,0.9301378041889283
432,432,4312.970645593233,4.312970645593233,Sector 3,164.4799635585789,0.0,1,0.25,584932.9967237319,6619268.562586494,5.254542511427623,50.98854978748567,41.17672767979925,39.529658572607275,1.0,0.9301378041889283
432,432,4312.970645593233,4.312970645593233,Sector 3,164.4799635585789,0.0,2,0.5,585006.0674719166,6619318.11306984,5.255198917126786,50.98882997858383,41.17672767979925,39.529658572607275,1.0,0.9301378041889283
432,432,4312.970645593233,4.312970645593233,Sector 3,164.4799635585789,0.0,3,0.75,585079.1382201011,6619367.663553187,5.2558553228259495,50.98911016799062,41.17672767979925,39.529658572607275,1.0,0.9301378041889283
432,432,4312.970645593233,4.312970645593233,Sector 3,164.4799635585789,0.0,4,0.9,585122.9806690118,6619397.3938431945,5.256249166245446,50.98927828082282,41.17672767979925,39.529658572607275,1.0,0.9301378041889283
433,433,4322.970645593633,4.322970645593633,Sector 3,165.3676457158075,0.0,0,0.1,584880.7862779361,6619233.32346658,5.254073497013132,50.98835052124171,41.17672767979925,39.529658572607275,1.0,0.9301378041889283
433,433,4322.970645593633,4.322970645593633,Sector 3,165.3676457158075,0.0,1,0.25,584924.6210015917,6619263.082697154,5.254467271035482,50.98851880047495,41.17672767979925,39.529658572607275,1.0,0.9301378041889283
433,433,4322.970645593633,4.322970645593633,Sector 3,165.3676457158075,0.0,2,0.5,584997.6788743509,6619312.681414777,5.255123561072731,50.98879926450792,41.17672767979925,39.529658572607275,1.0,0.9301378041889283
433,433,4322.970645593633,4.322970645593633,Sector 3,165.3676457158075,0.0,3,0.75,585070.73674711,6619362.280132401,5.2557798511099785,50.98907972684622,41.17672767979925,39.529658572607275,1.0,0.9301378041889283
433,433,4322.970645593633,4.322970645593633,Sector 3,165.3676457158075,0.0,4,0.9,585114.5714707656,6619392.039362974,5.2561736251323286,50.989248003435755,41.17672767979925,39.529658572607275,1.0,0.9301378041889283
434,434,4332.9578291662565,4.332957829166256,Sector 3,174.8314556405444,0.0,0,0.1,584872.4290058339,6619227.8216970265,5.253998422360503,50.98831941037182,41.17672767979925,39.529658572607275,1.0,0.9301378041889283
434,434,4332.9578291662565,4.332957829166256,Sector 3,174.8314556405444,0.0,1,0.25,584916.2560141352,6619257.609831075,5.254392127074646,50.98848785315786,41.17672767979925,39.529658572607275,1.0,0.9301378041889283
434,434,4332.9578291662565,4.332957829166256,Sector 3,174.8314556405444,0.0,2,0.5,584989.3010279709,6619307.256721156,5.255048301598219,50.98876858977619,41.17672767979925,39.529658572607275,1.0,0.9301378041889283
434,434,4332.9578291662565,4.332957829166256,Sector 3,174.8314556405444,0.0,3,0.75,585062.3460418064,6619356.903611237,5.255704476121791,50.98904932469657,41.17672767979925,39.529658572607275,1.0,0.9301378041889283
434,434,4332.9578291662565,4.332957829166256,Sector 3,174.8314556405444,0.0,4,0.9,585106.1730501077,6619386.691745285,5.2560981808359335,50.98921776483377,41.17672767979925,39.529658572607275,1.0,0.9301378041889283
435,435,4342.9578291668495,4.342957829166849,Sector 3,174.8314556404248,0.0,0,0.1,584864.0724840335,6619222.295200308,5.25392335444795,50.98828815965618,41.17672767979925,39.529658572607275,1.0,0.9301378041889283
435,435,4342.9578291668495,4.342957829166849,Sector 3,174.8314556404248,0.0,1,0.25,584907.9089797068,6619252.0857747,5.254317144388605,50.988456616354995,41.17672767979925,39.529658572607275,1.0,0.9301378041889283
435,435,4342.9578291668495,4.342957829166849,Sector 3,174.8314556404248,0.0,2,0.5,584980.969805829,6619301.736732021,5.254973460956365,50.9887373761611,41.17672767979925,39.529658572607275,1.0,0.9301378041889283
435,435,4342.9578291668495,4.342957829166849,Sector 3,174.8314556404248,0.0,3,0.75,585054.030631951,6619351.387689342,5.255629777524123,50.98901813426895,41.17672767979925,39.529658572607275,1.0,0.9301378041889283
435,435,4342.9578291668495,4.342957829166849,Sector 3,174.8314556404248,0.0,4,0.9,585097.8671276243,6619381.178263734,5.256023567464778,50.98918658831851,41.17672767979925,39.529658572607275,1.0,0.9301378041889283
436,436,4352.957829166525,4.352957829166525,Sector 3,215.6144511135276,72.39097535039748,0,0.1,584855.716379258,6619216.768061546,5.253848290281594,50.98825690528892,36.4082612726548,34.951930821748604,1.0,0.8571647652793604
436,436,4352.957829166525,4.352957829166525,Sector 3,215.6144511135276,72.39097535039748,1,0.25,584899.5629878395,6619246.560113219,5.254242171068049,50.98842537045474,36.4082612726548,34.951930821748604,1.0,0.8571647652793604
436,436,4352.957829166525,4.352957829166525,Sector 3,215.6144511135276,72.39097535039748,2,0.5,584972.6406688087,6619296.213532674,5.254898639045476,50.988706144372365,36.4082612726548,34.951930821748604,1.0,0.8571647652793604
436,436,4352.957829166525,4.352957829166525,Sector 3,215.6144511135276,72.39097535039748,3,0.75,585045.7183497779,6619345.86695213,5.255555107022902,50.98898691659157,36.4082612726548,34.951930821748604,1.0,0.8571647652793604
436,436,4352.957829166525,4.352957829166525,Sector 3,215.6144511135276,72.39097535039748,4,0.9,585089.5649583593,6619375.659003803,5.255948987809358,50.98915537910786,36.4082612726548,34.951930821748604,1.0,0.8571647652793604
437,437,4362.0680678159,4.362068067815899,Sector 3,229.89285930908184,0.0,0,0.1,584848.1037683893,6619211.732706229,5.25377990503464,50.98822843179615,43.83391472303107,42.08055813410983,1.0,0.9708014047975508
437,437,4362.0680678159,4.362068067815899,Sector 3,229.89285930908184,0.0,1,0.25,584891.9595900716,6619241.526103741,5.254173868583788,50.98839690467562,43.83391472303107,42.08055813410983,1.0,0.9708014047975508
437,437,4362.0680678159,4.362068067815899,Sector 3,229.89285930908184,0.0,2,0.5,584965.0526262086,6619291.181766259,5.254830474499034,50.9886776914492,43.83391472303107,42.08055813410983,1.0,0.9708014047975508
437,437,4362.0680678159,4.362068067815899,Sector 3,229.89285930908184,0.0,3,0.75,585038.1456623457,6619340.8374287775,5.25548708041428,50.9889584765242,43.83391472303107,42.08055813410983,1.0,0.9708014047975508
437,437,4362.0680678159,4.362068067815899,Sector 3,229.89285930908184,0.0,4,0.9,585082.001484028,6619370.630826289,5.255881043963428,50.9891269467539,43.83391472303107,42.08055813410983,1.0,0.9708014047975508
438,438,4372.068067815412,4.3720680678154125,Sector 3,229.8928593122502,0.0,0,0.1,584839.7476636141,6619206.205567468,5.253704840868288,50.988197177388685,43.83391472323703,42.080558134307545,1.0,0.9708014048007028
438,438,4372.068067815412,4.3720680678154125,Sector 3,229.8928593122502,0.0,1,0.25,584883.6135982045,6619236.00044226,5.254098895263234,50.98836565873516,43.83391472323703,42.080558134307545,1.0,0.9708014048007028
438,438,4372.068067815412,4.3720680678154125,Sector 3,229.8928593122502,0.0,2,0.5,584956.7234891886,6619285.658566913,5.254755652588147,50.9886464596203,43.83391472323703,42.080558134307545,1.0,0.9708014048007028
438,438,4372.068067815412,4.3720680678154125,Sector 3,229.8928593122502,0.0,3,0.75,585029.8333801726,6619335.316691566,5.255412409913061,50.988927258806704,43.83391472323703,42.080558134307545,1.0,0.9708014048007028
438,438,4372.068067815412,4.3720680678154125,Sector 3,229.8928593122502,0.0,4,0.9,585073.6993147631,6619365.111566358,5.255806464308008,50.989095737503156,43.83391472323703,42.080558134307545,1.0,0.9708014048007028
439,439,4382.068067815436,4.382068067815436,Sector 3,229.89285931114765,-15.747336718458495,0,0.1,584831.3881966383,6619200.683536685,5.253629746498772,50.98816595184437,42.18873378293813,40.5011844316206,1.0,0.9456247877252761
439,439,4382.068067815436,4.382068067815436,Sector 3,229.89285931114765,-15.747336718458495,1,0.25,584875.2647488392,6619230.479122292,5.254023896273338,50.988334437323644,42.18873378293813,40.5011844316206,1.0,0.9456247877252761
439,439,4382.068067815436,4.382068067815436,Sector 3,229.89285931114765,-15.747336718458495,2,0.5,584948.3923358407,6619280.138431638,5.25468081256428,50.9886152450967,42.18873378293813,40.5011844316206,1.0,0.9456247877252761
439,439,4382.068067815436,4.382068067815436,Sector 3,229.89285931114765,-15.747336718458495,3,0.75,585021.5199228423,6619329.797740983,5.255337728855223,50.98889605117095,42.18873378293813,40.5011844316206,1.0,0.9456247877252761
439,439,4382.068067815436,4.382068067815436,Sector 3,229.89285931114765,-15.747336718458495,4,0.9,585065.3964750431,6619359.59332659,5.255731878629788,50.98906453400005,42.18873378293813,40.5011844316206,1.0,0.9456247877252761
440,440,4392.06806781546,4.392068067815459,Sector 3,213.13025185491057,0.0,0,0.1,584823.0057622377,6619195.1964355605,5.25355444580937,50.988134923796736,42.64683983923951,40.94096624566993,1.0,0.9526352997467309
440,440,4392.06806781546,4.392068067815459,Sector 3,213.13025185491057,0.0,1,0.25,584866.8850264542,6619225.004798921,5.253948619946387,50.98830348164307,42.64683983923951,40.94096624566993,1.0,0.9526352997467309
440,440,4392.06806781546,4.392068067815459,Sector 3,213.13025185491057,0.0,2,0.5,584940.0171334818,6619274.685404522,5.254605576841414,50.98858441002675,42.64683983923951,40.94096624566993,1.0,0.9526352997467309
440,440,4392.06806781546,4.392068067815459,Sector 3,213.13025185491057,0.0,3,0.75,585013.1492405093,6619324.366010124,5.25526253373644,50.98886533671015,42.64683983923951,40.94096624566993,1.0,0.9526352997467309
440,440,4392.06806781546,4.392068067815459,Sector 3,213.13025185491057,0.0,4,0.9,585057.0285047258,6619354.174373484,5.255656707873457,50.98903389190406,42.64683983923951,40.94096624566993,1.0,0.9526352997467309
441,441,4401.490550390343,4.401490550390343,Sector 3,190.31020909304027,0.0,0,0.1,584815.1074280303,6619190.026224088,5.2534834938659944,50.98810568765394,41.17672767979925,39.529658572607275,1.0,0.9301378041889283
441,441,4401.490550390343,4.401490550390343,Sector 3,190.31020909304027,0.0,1,0.25,584858.9892476388,6619219.846627264,5.253877690958488,50.98827431368811,41.17672767979925,39.529658572607275,1.0,0.9301378041889283
441,441,4401.490550390343,4.401490550390343,Sector 3,190.31020909304027,0.0,2,0.5,584932.125613653,6619269.547299225,5.254534686112643,50.988555355717075,41.17672767979925,39.529658572607275,1.0,0.9301378041889283
441,441,4401.490550390343,4.401490550390343,Sector 3,190.31020909304027,0.0,3,0.75,585005.2619796671,6619319.2479711855,5.255191681266798,50.98883639604439,41.17672767979925,39.529658572607275,1.0,0.9301378041889283
441,441,4401.490550390343,4.401490550390343,Sector 3,190.31020909304027,0.0,4,0.9,585049.1437992756,6619349.068374362,5.25558587835929,50.989005019423985,41.17672767979925,39.529658572607275,1.0,0.9301378041889283
442,442,4411.490550390689,4.411490550390689,Sector 3,179.29149991032364,4.074630412369391,0,0.1,584806.7249936295,6619184.539122964,5.2534081931765915,50.988074659566024,41.07264703557446,39.42974115415148,1.0,0.9285450319531066
442,442,4411.490550390689,4.411490550390689,Sector 3,179.29149991032364,4.074630412369391,1,0.25,584850.6095252536,6619214.372303894,5.253802414631535,50.98824335796745,41.07264703557446,39.42974115415148,1.0,0.9285450319531066
442,442,4411.490550390689,4.411490550390689,Sector 3,179.29149991032364,4.074630412369391,2,0.5,584923.7504112937,6619264.09427211,5.254459450389773,50.988524520607335,41.07264703557446,39.42974115415148,1.0,0.9285450319531066
442,442,4411.490550390689,4.411490550390689,Sector 3,179.29149991032364,4.074630412369391,3,0.75,584996.8912973339,6619313.816240326,5.255116486148013,50.988805681544115,41.07264703557446,39.42974115415148,1.0,0.9285450319531066
442,442,4411.490550390689,4.411490550390689,Sector 3,179.29149991032364,4.074630412369391,4,0.9,585040.775828958,6619343.649421255,5.255510707602956,50.98897437728869,41.07264703557446,39.42974115415148,1.0,0.9285450319531066
443,443,4421.300251691323,4.421300251691323,Sector 3,167.9162292192102,0.0,0,0.1,584798.5053826828,6619179.1513641635,5.253334355155161,50.98804419321216,41.17672767979925,39.529658572607275,1.0,0.9301378041889283
443,443,4421.300251691323,4.421300251691323,Sector 3,167.9162292192102,0.0,1,0.25,584842.3975349391,6619208.989464941,5.253728645067409,50.988212919544665,41.17672767979925,39.529658572607275,1.0,0.9301378041889283
443,443,4421.300251691323,4.421300251691323,Sector 3,167.9162292192102,0.0,2,0.5,584915.551122033,6619258.719632905,5.254385794921155,50.98849412873591,41.17672767979925,39.529658572607275,1.0,0.9301378041889283
443,443,4421.300251691323,4.421300251691323,Sector 3,167.9162292192102,0.0,3,0.75,584988.704709127,6619308.4498008685,5.255042944774902,50.98877533622348,41.17672767979925,39.529658572607275,1.0,0.9301378041889283
443,443,4421.300251691323,4.421300251691323,Sector 3,167.9162292192102,0.0,4,0.9,585032.5968613833,6619338.287901646,5.255437234687149,50.98894405989826,41.17672767979925,39.529658572607275,1.0,0.9301378041889283
444,444,4431.3002516907845,4.431300251690785,Sector 3,167.79813505508764,0.0,0,0.1,584790.0792295958,6619173.732609191,5.253258661734118,50.988013551562965,41.17672767979925,39.529658572607275,1.0,0.9301378041889283
444,444,4431.3002516907845,4.431300251690785,Sector 3,167.79813505508764,0.0,1,0.25,584833.9873657089,6619203.562908155,5.253653095231794,50.988182233889766,41.17672767979925,39.529658572607275,1.0,0.9301378041889283
444,444,4431.3002516907845,4.431300251690785,Sector 3,167.79813505508764,0.0,2,0.5,584907.1675925641,6619253.280073093,5.254310484394588,50.98846336973888,41.17672767979925,39.529658572607275,1.0,0.9301378041889283
444,444,4431.3002516907845,4.431300251690785,Sector 3,167.79813505508764,0.0,3,0.75,584980.3478194193,6619302.9972380325,5.254967873557382,50.988744503885215,41.17672767979925,39.529658572607275,1.0,0.9301378041889283
444,444,4431.3002516907845,4.431300251690785,Sector 3,167.79813505508764,0.0,4,0.9,585024.2559555324,6619332.827536996,5.255362307055057,50.98891318355569,41.17672767979925,39.529658572607275,1.0,0.9301378041889283
445,445,4441.298762812365,4.441298762812365,Sector 3,159.53423577520107,0.0,0,0.1,584781.5993211315,6619168.400541372,5.253182485420303,50.987983400087316,41.17672767979925,39.529658572607275,1.0,0.9301378041889283
445,445,4441.298762812365,4.441298762812365,Sector 3,159.53423577520107,0.0,1,0.25,584825.532607043,6619198.208726288,5.253577144842463,50.988151957474834,41.17672767979925,39.529658572607275,1.0,0.9301378041889283
445,445,4441.298762812365,4.441298762812365,Sector 3,159.53423577520107,0.0,2,0.5,584898.754750229,6619247.889034481,5.254234910546062,50.988432885093836,41.17672767979925,39.529658572607275,1.0,0.9301378041889283
445,445,4441.298762812365,4.441298762812365,Sector 3,159.53423577520107,0.0,3,0.75,584971.9768934147,6619297.569342674,5.25489267624966,50.98871381101259,41.17672767979925,39.529658572607275,1.0,0.9301378041889283
445,445,4441.298762812365,4.441298762812365,Sector 3,159.53423577520107,0.0,4,0.9,585015.9101793263,6619327.37752759,5.255287335671819,50.988882365747706,41.17672767979925,39.529658572607275,1.0,0.9301378041889283
446,446,4451.298762812172,4.451298762812172,Sector 3,159.5342357715925,0.0,0,0.1,584773.3535223127,6619162.746619226,5.253108412149217,50.98795142858661,41.17672767979925,39.529658572607275,1.0,0.9301378041889283
446,446,4451.298762812172,4.451298762812172,Sector 3,159.5342357715925,0.0,1,0.25,584817.2727330362,6619192.586196857,5.25350294513181,50.988120163607526,41.17672767979925,39.529658572607275,1.0,0.9301378041889283
446,446,4451.298762812172,4.451298762812172,Sector 3,159.5342357715925,0.0,2,0.5,584890.4714175755,6619242.31882624,5.254160500102802,50.988401387279296,41.17672767979925,39.529658572607275,1.0,0.9301378041889283
446,446,4451.298762812172,4.451298762812172,Sector 3,159.5342357715925,0.0,3,0.75,584963.6701021148,6619292.051455623,5.254818055073792,50.98868260924721,41.17672767979925,39.529658572607275,1.0,0.9301378041889283
446,446,4451.298762812172,4.451298762812172,Sector 3,159.5342357715925,0.0,4,0.9,585007.5893128383,6619321.891033253,5.255212588056386,50.98885134161013,41.17672767979925,39.529658572607275,1.0,0.9301378041889283
447,447,4461.298762811979,4.461298762811979,Sector 3,159.53423577621754,27.25135052922712,0,0.1,584765.6549550565,6619156.346244423,5.253039254742896,50.987915236058235,36.60637232230765,35.14211742941534,1.0,0.8601965084228316
447,447,4461.298762811979,4.461298762811979,Sector 3,159.53423577621754,27.25135052922712,1,0.25,584809.4688853316,6619186.341623544,5.2534328419751315,50.988084852226535,36.60637232230765,35.14211742941534,1.0,0.8601965084228316
447,447,4461.298762811979,4.461298762811979,Sector 3,159.53423577621754,27.25135052922712,2,0.5,584882.492102457,6619236.333922077,5.254088820695523,50.988367544463024,36.60637232230765,35.14211742941534,1.0,0.8601965084228316
447,447,4461.298762811979,4.461298762811979,Sector 3,159.53423577621754,27.25135052922712,3,0.75,584955.5153195822,6619286.326220611,5.254744799415915,50.98865023497783,36.60637232230765,35.14211742941534,1.0,0.8601965084228316
447,447,4461.298762811979,4.461298762811979,Sector 3,159.53423577621754,27.25135052922712,4,0.9,584999.3292498573,6619316.321599731,5.2551383866481505,50.9888198484603,36.60637232230765,35.14211742941534,1.0,0.8601965084228316
448,448,4471.298762812658,4.471298762812658,Sector 3,159.53423577164187,0.0,0,0.1,584757.9563877997,6619149.94586962,5.252970097336569,50.987879043501636,41.17672767979925,39.529658572607275,1.0,0.9301378041889283
448,448,4471.298762812658,4.471298762812658,Sector 3,159.53423577164187,0.0,1,0.25,584801.6650376264,6619180.097050231,5.253362738818446,50.98804954081869,41.17672767979925,39.529658572607275,1.0,0.9301378041889283
448,448,4471.298762812658,4.471298762812658,Sector 3,159.53423577164187,0.0,2,0.5,584874.5127873376,6619230.349017915,5.254017141288239,50.98833370162209,41.17672767979925,39.529658572607275,1.0,0.9301378041889283
448,448,4471.298762812658,4.471298762812658,Sector 3,159.53423577164187,0.0,3,0.75,584947.3605370488,6619280.6009856,5.254671543758031,50.98861786068587,41.17672767979925,39.529658572607275,1.0,0.9301378041889283
448,448,4471.298762812658,4.471298762812658,Sector 3,159.53423577164187,0.0,4,0.9,584991.0691868756,6619310.752166211,5.255064185239908,50.988788355289124,41.17672767979925,39.529658572607275,1.0,0.9301378041889283
449,449,4481.298762812425,4.481298762812425,Sector 3,159.53423577399622,0.0,0,0.1,584750.7397147475,6619143.038528393,5.2529052688595375,50.98783998414205,41.17672767979925,39.529658572607275,1.0,0.9301378041889283
449,449,4481.298762812425,4.481298762812425,Sector 3,159.53423577399622,0.0,1,0.25,584794.2627684252,6619173.4300048975,5.253296243102839,50.98801184041383,41.17672767979925,39.529658572607275,1.0,0.9301378041889283
449,449,4481.298762812425,4.481298762812425,Sector 3,159.53423577399622,0.0,2,0.5,584866.8011912212,6619224.08246574,5.253947866841675,50.98829826611953,41.17672767979925,39.529658572607275,1.0,0.9301378041889283
449,449,4481.298762812425,4.481298762812425,Sector 3,159.53423577399622,0.0,3,0.75,584939.3396140174,6619274.734926581,5.254599490580513,50.988584690057756,41.17672767979925,39.529658572607275,1.0,0.9301378041889283
449,449,4481.298762812425,4.481298762812425,Sector 3,159.53423577399622,0.0,4,0.9,584982.862667695,6619305.126403086,5.254990464823814,50.988756543572315,41.17672767979925,39.529658572607275,1.0,0.9301378041889283
450,450,4491.298762812232,4.491298762812232,Sector 3,159.5342357729612,-14.76073947048974,0,0.1,584743.7242157102,6619135.914436142,5.252842247559427,50.98779969907292,39.81782153019149,38.22510866898383,1.0,0.9093421221261997
450,450,4491.298762812232,4.491298762812232,Sector 3,159.5342357729612,-14.76073947048974,1,0.25,584787.0477207433,6619166.553221616,5.253231429226757,50.98797295396343,39.81782153019149,38.22510866898383,1.0,0.9093421221261997
450,450,4491.298762812232,4.491298762812232,Sector 3,159.5342357729612,-14.76073947048974,2,0.5,584859.2535624653,6619217.617864072,5.253880065338972,50.9882617106772,39.81782153019149,38.22510866898383,1.0,0.9093421221261997
450,450,4491.298762812232,4.491298762812232,Sector 3,159.5342357729612,-14.76073947048974,3,0.75,584931.4594041873,6619268.682506528,5.2545287014511874,50.98855046559464,39.81782153019149,38.22510866898383,1.0,0.9093421221261997
450,450,4491.298762812232,4.491298762812232,Sector 3,159.5342357729612,-14.76073947048974,4,0.9,584974.7829092204,6619299.321292002,5.254917883118518,50.98872371768286,39.81782153019149,38.22510866898383,1.0,0.9093421221261997
451,451,4501.298762812039,4.501298762812039,Sector 3,159.5342357783262,0.0,0,0.1,584736.7095783249,6619128.7890625335,5.25277923399967,50.98775940672304,41.17672767979925,39.529658572607275,1.0,0.9301378041889283
451,451,4501.298762812039,4.501298762812039,Sector 3,159.5342357783262,0.0,1,0.25,584779.8348271917,6619159.67323494,5.253166634701555,50.98793404936604,41.17672767979925,39.529658572607275,1.0,0.9301378041889283
451,451,4501.298762812039,4.501298762812039,Sector 3,159.5342357783262,0.0,2,0.5,584851.7102419698,6619211.146855618,5.253812302538031,50.98822511897753,41.17672767979925,39.529658572607275,1.0,0.9301378041889283
451,451,4501.298762812039,4.501298762812039,Sector 3,159.5342357783262,0.0,3,0.75,584923.5856567479,6619262.620476296,5.2544579703745065,50.988516186763796,41.17672767979925,39.529658572607275,1.0,0.9301378041889283
451,451,4501.298762812039,4.501298762812039,Sector 3,159.5342357783262,0.0,4,0.9,584966.7109056147,6619293.504648702,5.254845371076391,50.98869082655945,41.17672767979925,39.529658572607275,1.0,0.9301378041889283
452,452,4511.298762811805,4.511298762811806,Sector 3,159.53423577229148,0.0,0,0.1,584730.0194965337,6619121.389080811,5.25271913597242,50.987717561490385,41.17672767979925,39.529658572607275,1.0,0.9301378041889283
452,452,4511.298762811805,4.511298762811806,Sector 3,159.53423577229148,0.0,1,0.25,584772.8715855866,6619152.59571498,5.253104082837947,50.9878940277335,41.17672767979925,39.529658572607275,1.0,0.9301378041889283
452,452,4511.298762811805,4.511298762811806,Sector 3,159.53423577229148,0.0,2,0.5,584844.2917340082,6619204.606771927,5.253745660947159,50.98818813664787,41.17672767979925,39.529658572607275,1.0,0.9301378041889283
452,452,4511.298762811805,4.511298762811806,Sector 3,159.53423577229148,0.0,3,0.75,584915.7118824299,6619256.617828875,5.2543872390563715,50.98848224369869,41.17672767979925,39.529658572607275,1.0,0.9301378041889283
452,452,4511.298762811805,4.511298762811806,Sector 3,159.53423577229148,0.0,4,0.9,584958.5639714828,6619287.824463043,5.254772185921897,50.9886587070347,41.17672767979925,39.529658572607275,1.0,0.9301378041889283
453,453,4521.298762812485,4.521298762812485,Sector 3,159.53423577283343,1.496028698916937,0,0.1,584723.5368831374,6619113.812236895,5.252660901665471,50.98767471610269,41.1626920551526,39.51618437294649,1.0,0.9299230135002647
453,453,4521.298762812485,4.521298762812485,Sector 3,159.53423577283343,1.496028698916937,1,0.25,584766.0714076078,6619145.38559252,5.253042995799816,50.987853256231006,41.1626920551526,39.51618437294649,1.0,0.9299230135002647
453,453,4521.298762812485,4.521298762812485,Sector 3,159.53423577283343,1.496028698916937,2,0.5,584836.9622817251,6619198.007851897,5.253679819357057,50.988150821585435,41.1626920551526,39.51618437294649,1.0,0.9299230135002647
453,453,4521.298762812485,4.521298762812485,Sector 3,159.53423577283343,1.496028698916937,3,0.75,584907.8531558424,6619250.630111273,5.254316642914299,50.988448385032264,41.1626920551526,39.51618437294649,1.0,0.9299230135002647
453,453,4521.298762812485,4.521298762812485,Sector 3,159.53423577283343,1.496028698916937,4,0.9,584950.3876803127,6619282.203466899,5.254698737048643,50.98862692218472,41.1626920551526,39.51618437294649,1.0,0.9299230135002647
454,454,4531.298762812292,4.531298762812292,Sector 3,159.53423576998603,0.0,0,0.1,584717.374899416,6619106.002352697,5.252605547623896,50.987630552882024,41.17672767979925,39.529658572607275,1.0,0.9301378041889283
454,454,4531.298762812292,4.531298762812292,Sector 3,159.53423576998603,0.0,1,0.25,584759.5384210248,6619137.981269827,5.252984308982831,50.98781138653577,41.17672767979925,39.529658572607275,1.0,0.9301378041889283
454,454,4531.298762812292,4.531298762812292,Sector 3,159.53423576998603,0.0,2,0.5,584829.8109570395,6619191.279465043,5.253615577914389,50.98811277439312,41.17672767979925,39.529658572607275,1.0,0.9301378041889283
454,454,4531.298762812292,4.531298762812292,Sector 3,159.53423576998603,0.0,3,0.75,584900.0834930541,6619244.577660259,5.254246846845947,50.988414160293566,41.17672767979925,39.529658572607275,1.0,0.9301378041889283
454,454,4531.298762812292,4.531298762812292,Sector 3,159.53423576998603,0.0,4,0.9,584942.247014663,6619276.556577389,5.254625608204883,50.988594990894526,41.17672767979925,39.529658572607275,1.0,0.9301378041889283
455,455,4541.298762812099,4.541298762812099,Sector 3,159.5342357766209,0.0,0,0.1,584713.5054508739,6619097.223287257,5.252570787776231,50.98758090909907,41.17672767979925,39.529658572607275,1.0,0.9301378041889283
455,455,4541.298762812099,4.541298762812099,Sector 3,159.5342357766209,0.0,1,0.25,584754.9158804246,6619129.7692960985,5.252942783994103,50.98776494972061,41.17672767979925,39.529658572607275,1.0,0.9301378041889283
455,455,4541.298762812099,4.541298762812099,Sector 3,159.5342357766209,0.0,2,0.5,584823.933263009,6619184.012644166,5.25356277769056,50.98807168246826,41.17672767979925,39.529658572607275,1.0,0.9301378041889283
455,455,4541.298762812099,4.541298762812099,Sector 3,159.5342357766209,0.0,3,0.75,584892.9506455935,6619238.255992235,5.254182771387015,50.988378413189004,41.17672767979925,39.529658572607275,1.0,0.9301378041889283
455,455,4541.298762812099,4.541298762812099,Sector 3,159.5342357766209,0.0,4,0.9,584934.361075144,6619270.802001076,5.254554767604888,50.9885624506485,41.17672767979925,39.529658572607275,1.0,0.9301378041889283
456,456,4551.298762811865,4.551298762811865,Sector 3,159.53423577553554,0.0,0,0.1,584711.6090875568,6619087.725478472,5.252553752454712,50.98752720091269,41.17672767979925,39.529658572607275,1.0,0.9301378041889283
456,456,4551.298762811865,4.551298762811865,Sector 3,159.53423577553554,0.0,1,0.25,584751.9375775119,6619120.958369582,5.252916029443832,50.987715125914065,41.17672767979925,39.529658572607275,1.0,0.9301378041889283
456,456,4551.298762811865,4.551298762811865,Sector 3,159.53423577553554,0.0,2,0.5,584819.1517274368,6619176.346521432,5.253519824425699,50.98802833255897,41.17672767979925,39.529658572607275,1.0,0.9301378041889283
456,456,4551.298762811865,4.551298762811865,Sector 3,159.53423577553554,0.0,3,0.75,584886.3658773619,6619231.73467328,5.254123619407566,50.988341537090456,41.17672767979925,39.529658572607275,1.0,0.9301378041889283
456,456,4551.298762811865,4.551298762811865,Sector 3,159.53423577553554,0.0,4,0.9,584926.6943673169,6619264.96756439,5.254485896396687,50.98852945879492,41.17672767979925,39.529658572607275,1.0,0.9301378041889283
457,457,4561.298762812545,4.5612987628125445,Sector 3,161.47274085890558,0.0,0,0.1,584711.0332358876,6619078.264986851,5.252548579491154,50.98747370368556,41.17672767979925,39.529658572607275,1.0,0.9301378041889283
457,457,4561.298762812545,4.5612987628125445,Sector 3,161.47274085890558,0.0,1,0.25,584750.0597009722,6619112.178540702,5.252899160191859,50.98766547790447,41.17672767979925,39.529658572607275,1.0,0.9301378041889283
457,457,4561.298762812545,4.5612987628125445,Sector 3,161.47274085890558,0.0,2,0.5,584815.1038094466,6619168.7011304535,5.253483461359704,50.98798509984198,41.17672767979925,39.529658572607275,1.0,0.9301378041889283
457,457,4561.298762812545,4.5612987628125445,Sector 3,161.47274085890558,0.0,3,0.75,584880.147917921,6619225.223720205,5.254067762527549,50.98830471957862,41.17672767979925,39.529658572607275,1.0,0.9301378041889283
457,457,4561.298762812545,4.5612987628125445,Sector 3,161.47274085890558,0.0,4,0.9,584919.1743830055,6619259.137274056,5.254418343228254,50.9884964903642,41.17672767979925,39.529658572607275,1.0,0.9301378041889283
458,458,4571.295482894907,4.571295482894907,Sector 3,162.58367394737172,24.34677842964365,0,0.1,584711.7560913377,6619068.844293834,5.252555073012143,50.98742043145046,37.5147576381993,36.01416733267133,1.0,0.8740977570301669
458,458,4571.295482894907,4.571295482894907,Sector 3,162.58367394737172,24.34677842964365,1,0.25,584749.2645388979,6619103.432171235,5.252892017129413,50.98761601904773,37.5147576381993,36.01416733267133,1.0,0.8740977570301669
458,458,4571.295482894907,4.571295482894907,Sector 3,162.58367394737172,24.34677842964365,2,0.5,584811.7786181651,6619161.078633568,5.2534535906581965,50.9879419965451,37.5147576381993,36.01416733267133,1.0,0.8740977570301669
458,458,4571.295482894907,4.571295482894907,Sector 3,162.58367394737172,24.34677842964365,3,0.75,584874.2926974321,6619218.725095902,5.254015164186979,50.988267971753224,37.5147576381993,36.01416733267133,1.0,0.8740977570301669
458,458,4571.295482894907,4.571295482894907,Sector 3,162.58367394737172,24.34677842964365,4,0.9,584911.8011449925,6619253.312973303,5.254352108304249,50.98846355577926,37.5147576381993,36.01416733267133,1.0,0.8740977570301669
459,459,4581.295482895245,4.5812954828952455,Sector 3,162.58367394829838,-14.840335922990445,0,0.1,584712.4794087335,6619059.420162534,5.252561570682863,50.987367139711345,39.803208610564205,38.211080266141636,1.0,0.9091184969474742
459,459,4581.295482895245,4.5812954828952455,Sector 3,162.58367394829838,-14.840335922990445,1,0.25,584748.4696778753,6619094.682063689,5.252884876771359,50.98756653900021,39.803208610564205,38.211080266141636,1.0,0.9091184969474742
459,459,4581.295482895245,4.5812954828952455,Sector 3,162.58367394829838,-14.840335922990445,2,0.5,584808.4534597783,6619153.451898949,5.2534237202521865,50.98789886924485,39.803208610564205,38.211080266141636,1.0,0.9091184969474742
459,459,4581.295482895245,4.5812954828952455,Sector 3,162.58367394829838,-14.840335922990445,3,0.75,584868.4372416813,6619212.221734208,5.253962563733014,50.98823119711014,39.803208610564205,38.211080266141636,1.0,0.9091184969474742
459,459,4581.295482895245,4.5812954828952455,Sector 3,162.58367394829838,-14.840335922990445,4,0.9,584904.427510823,6619247.483635363,5.254285869821509,50.98843059268723,39.803208610564205,38.211080266141636,1.0,0.9091184969474742
460,460,4591.29548289466,4.591295482894659,Sector 3,162.58367394487152,0.0,0,0.1,584714.2534412108,6619050.261232141,5.252577507087751,50.98731534757625,41.17672767979925,39.529658572607275,1.0,0.9301378041889283
460,460,4591.29548289466,4.591295482894659,Sector 3,162.58367394487152,0.0,1,0.25,584748.5578512312,6619086.141461866,5.252885668846091,50.98751824361334,27.892700821416312,26.77699278855966,0.677389933418631,0.6300659852496897
460,460,4591.29548289466,4.591295482894659,Sector 3,162.58367394487152,0.0,2,0.5,584805.7318679318,6619145.941844741,5.253399271776658,50.98785640170434,41.17672767979925,39.529658572607275,1.0,0.9301378041889283
460,460,4591.29548289466,4.591295482894659,Sector 3,162.58367394487152,0.0,3,0.75,584862.9058846325,6619205.742227615,5.2539128747072255,50.988194557331816,41.17672767979925,39.529658572607275,1.0,0.9301378041889283
460,460,4591.29548289466,4.591295482894659,Sector 3,162.58367394487152,0.0,4,0.9,584897.2102946528,6619241.62245734,5.254221036465565,50.98839744952583,41.17672767979925,39.529658572607275,1.0,0.9301378041889283
461,461,4601.295482894962,4.601295482894963,Sector 3,162.58367394915774,0.0,0,0.1,584716.3845402532,6619041.195163765,5.2525966510761695,50.987264080502555,41.17672767979925,39.529658572607275,1.0,0.9301378041889283
461,461,4601.295482894962,4.601295482894963,Sector 3,162.58367394915774,0.0,1,0.25,584748.9435800579,6619077.678245056,5.2528891339070976,50.9874703857736,26.764872991869513,25.69427807219473,0.65,0.6045895727228034
461,461,4601.295482894962,4.601295482894963,Sector 3,162.58367394915774,0.0,2,0.5,584803.208646399,6619138.483380541,5.253376605291976,50.98781422585441,41.17672767979925,39.529658572607275,1.0,0.9301378041889283
461,461,4601.295482894962,4.601295482894963,Sector 3,162.58367394915774,0.0,3,0.75,584857.4737127401,6619199.288516026,5.253864076676857,50.98815806338821,41.17672767979925,39.529658572607275,1.0,0.9301378041889283
461,461,4601.295482894962,4.601295482894963,Sector 3,162.58367394915774,0.0,4,0.9,584890.0327525449,6619235.771597317,5.254156559507785,50.98836436468594,41.17672767979925,39.529658572607275,1.0,0.9301378041889283
462,462,4611.295482895265,4.611295482895265,Sector 3,162.5836739466804,0.0,0,0.1,584718.5156392956,6619032.129095389,5.252615795064586,50.987212813372224,41.17672767979925,39.529658572607275,1.0,0.9301378041889283
462,462,4611.295482895265,4.611295482895265,Sector 3,162.5836739466804,0.0,1,0.25,584749.3293088846,6619069.215028246,5.252892598968103,50.98742252788451,26.764872991869513,25.69427807219473,0.65,0.6045895727228034
462,462,4611.295482895265,4.611295482895265,Sector 3,162.5836739466804,0.0,2,0.5,584800.6854248662,6619131.0249163415,5.253353938807295,50.987772049966146,41.17672767979925,39.529658572607275,1.0,0.9301378041889283
462,462,4611.295482895265,4.611295482895265,Sector 3,162.5836739466804,0.0,3,0.75,584852.0415408479,6619192.834804438,5.253815278646489,50.98812156941592,41.17672767979925,39.529658572607275,1.0,0.9301378041889283
462,462,4611.295482895265,4.611295482895265,Sector 3,162.5836739466804,0.0,4,0.9,584882.8552104367,6619229.920737295,5.254092082550003,50.988331279822475,41.17672767979925,39.529658572607275,1.0,0.9301378041889283
463,463,4621.29548289468,4.62129548289468,Sector 3,162.58367394564402,-5.516740290948955,0,0.1,584721.8650748446,6619023.6305212695,5.252645883556054,50.987164755277476,40.98600334929846,39.34656321532652,1.0,0.9272191018636309
463,463,4621.29548289468,4.62129548289468,Sector 3,162.58367394564402,-5.516740290948955,1,0.25,584750.7303181336,6619061.224723318,5.252905184448318,50.98737734417732,26.640902177043998,25.575266089962238,0.65,0.60269241621136
463,463,4621.29548289468,4.62129548289468,Sector 3,162.58367394564402,-5.516740290948955,2,0.5,584798.8390569484,6619123.881726731,5.253337352602089,50.98773165684677,31.33389153423092,30.08053587286168,0.7645022440268563,0.708861084079312
463,463,4621.29548289468,4.62129548289468,Sector 3,162.58367394564402,-5.516740290948955,3,0.75,584846.9477957634,6619186.538730144,5.253769520755861,50.98808596681171,40.98600334929846,39.34656321532652,1.0,0.9272191018636309
463,463,4621.29548289468,4.62129548289468,Sector 3,162.58367394564402,-5.516740290948955,4,0.9,584875.8130390523,6619224.132932192,5.254028821648124,50.98829855149252,40.98600334929846,39.34656321532652,1.0,0.9272191018636309
464,464,4631.295482894982,4.631295482894982,Sector 3,162.58367394894276,0.0,0,0.1,584725.646021189,6619015.332942438,5.252679848374951,50.98711783373134,41.17672767979925,39.529658572607275,1.0,0.9301378041889283
464,464,4631.295482894982,4.631295482894982,Sector 3,162.58367394894276,0.0,1,0.25,584752.490919712,6619053.4019144615,5.252921000201389,50.98733310758704,27.050754181114296,25.968724013869725,0.6569427855333204,0.6110473200137208
464,464,4631.295482894982,4.631295482894982,Sector 3,162.58367394894276,0.0,2,0.5,584797.2324172502,6619116.850201167,5.253322919912119,50.98769189512795,27.81872683526508,26.705977761854474,0.6755934335431072,0.6283949928002445
464,464,4631.295482894982,4.631295482894982,Sector 3,162.58367394894276,0.0,3,0.75,584841.9739147883,6619180.298487873,5.253724839622848,50.988050679895615,41.17672767979925,39.529658572607275,1.0,0.9301378041889283
464,464,4631.295482894982,4.631295482894982,Sector 3,162.58367394894276,0.0,4,0.9,584868.8188133113,6619218.367459896,5.253965991449286,50.988265949425056,41.17672767979925,39.529658572607275,1.0,0.9301378041889283
465,465,4641.295482895285,4.641295482895285,Sector 3,162.58367394499714,0.0,0,0.1,584729.4269675335,6619007.035363607,5.252713813193848,50.98707091213777,41.17672767979925,39.529658572607275,1.0,0.9301378041889283
465,465,4641.295482895285,4.641295482895285,Sector 3,162.58367394499714,0.0,1,0.25,584754.2515212904,6619045.579105606,5.2529368159544605,50.98728887095462,28.03546950916023,26.914050728793818,0.6808571513300231,0.6332909757044366
465,465,4641.295482895285,4.641295482895285,Sector 3,162.58367394499714,0.0,2,0.5,584795.6257775519,6619109.818675605,5.2533084872221485,50.987652133375086,26.764872991869513,25.69427807219473,0.65,0.6045895727228034
465,465,4641.295482895285,4.641295482895285,Sector 3,162.58367394499714,0.0,3,0.75,584837.0000338133,6619174.058245603,5.253680158489836,50.9880153929527,41.17672767979925,39.529658572607275,1.0,0.9301378041889283
465,465,4641.295482895285,4.641295482895285,Sector 3,162.58367394499714,0.0,4,0.9,584861.8245875702,6619212.601987602,5.253903161250448,50.9882333473347,41.17672767979925,39.529658572607275,1.0,0.9301378041889283
466,466,4651.2954828947,4.6512954828947,Sector 3,171.56484116905483,0.0,0,0.1,584733.2079138777,6618998.737784777,5.252747778012742,50.98702399049677,41.17672767979925,39.529658572607275,1.0,0.9301378041889283
466,466,4651.2954828947,4.6512954828947,Sector 3,171.56484116905483,0.0,1,0.25,584756.0121228687,6619037.756296751,5.25295263170753,50.98724463428004,29.020184837206163,27.859377443717914,0.7047715171267258,0.6555346313951524
466,466,4651.2954828947,4.6512954828947,Sector 3,171.56484116905483,0.0,2,0.5,584794.0191378536,6619102.787150042,5.253294054532178,50.98761237158816,26.764872991869513,25.69427807219473,0.65,0.6045895727228034
466,466,4651.2954828947,4.6512954828947,Sector 3,171.56484116905483,0.0,3,0.75,584832.0261528386,6619167.818003332,5.253635477356825,50.98798010598295,41.17672767979925,39.529658572607275,1.0,0.9301378041889283
466,466,4651.2954828947,4.6512954828947,Sector 3,171.56484116905483,0.0,4,0.9,584854.8303618296,6619206.836515307,5.253840331051614,50.98820074522145,41.17672767979925,39.529658572607275,1.0,0.9301378041889283
467,467,4661.0961924357525,4.661096192435752,Sector 3,186.1707103761489,0.0,0,0.1,584737.4910235344,6618990.984011051,5.252786253841425,50.98698014395428,41.17672767979925,39.529658572607275,1.0,0.9301378041889283
467,467,4661.0961924357525,4.661096192435752,Sector 3,186.1707103761489,0.0,1,0.25,584758.2173423235,6619030.4071454955,5.252972441530941,50.987203076021494,28.879671380881206,27.724484525645956,0.7013590687792606,0.652360584182333
467,467,4661.0961924357525,4.661096192435752,Sector 3,186.1707103761489,0.0,2,0.5,584792.761206972,6619096.112369569,5.253282754346804,50.9875746270876,26.764872991869513,25.69427807219473,0.65,0.6045895727228034
467,467,4661.0961924357525,4.661096192435752,Sector 3,186.1707103761489,0.0,3,0.75,584827.3050716205,6619161.817593642,5.253593067162668,50.987946175179644,41.17672767979925,39.529658572607275,1.0,0.9301378041889283
467,467,4661.0961924357525,4.661096192435752,Sector 3,186.1707103761489,0.0,4,0.9,584848.0313904096,6619201.240728086,5.253779254852185,50.98816910260733,41.17672767979925,39.529658572607275,1.0,0.9301378041889283
468,468,4671.096192435637,4.671096192435637,Sector 3,186.1707103753376,5.323107363350742,0,0.1,584741.8855115632,6618983.088613472,5.252825730199045,50.98693549650547,40.9991474494537,39.35918155147555,1.0,0.9274202493291184
468,468,4671.096192435637,4.671096192435637,Sector 3,186.1707103753376,5.323107363350742,1,0.25,584760.4874756172,6619022.922176835,5.252992834485289,50.9871607496993,29.86055713726756,28.666134851776857,0.7283214162948513,0.6754600294919076
468,468,4671.096192435637,4.671096192435637,Sector 3,186.1707103753376,5.323107363350742,2,0.5,584791.4907490404,6619089.311449109,5.253271341629027,50.987536169259975,26.649445842144907,25.58346800845911,0.65,0.602823162063927
468,468,4671.096192435637,4.671096192435637,Sector 3,186.1707103753376,5.323107363350742,3,0.75,584822.4940224637,6619155.700721381,5.253549848772766,50.98791158578435,40.9991474494537,39.35918155147555,1.0,0.9274202493291184
468,468,4671.096192435637,4.671096192435637,Sector 3,186.1707103753376,5.323107363350742,4,0.9,584841.0959865176,6619195.534284744,5.253716953059008,50.988136834241544,40.9991474494537,39.35918155147555,1.0,0.9274202493291184
469,469,4681.0961924355215,4.681096192435522,Sector 3,186.1707103750645,0.0,0,0.1,584746.279999592,6618975.193215893,5.252865206556667,50.98689084901372,41.17672767979925,39.529658572607275,1.0,0.9301378041889283
469,469,4681.0961924355215,4.681096192435522,Sector 3,186.1707103750645,0.0,1,0.25,584762.7576089108,6619015.437208176,5.253013227439635,50.987118423338515,30.68298289095691,29.455663575318635,0.7451535034438779,0.6930954434769756
469,469,4681.0961924355215,4.681096192435522,Sector 3,186.1707103750645,0.0,2,0.5,584790.2202911089,6619082.510528648,5.25325992891125,50.98749771140049,26.764872991869513,25.69427807219473,0.65,0.6045895727228034
469,469,4681.0961924355215,4.681096192435522,Sector 3,186.1707103750645,0.0,3,0.75,584817.6829733071,6619149.583849121,5.253506630382865,50.987876996363276,41.17672767979925,39.529658572607275,1.0,0.9301378041889283
469,469,4681.0961924355215,4.681096192435522,Sector 3,186.1707103750645,0.0,4,0.9,584834.1605826259,6619189.827841404,5.253654651265834,50.98810456585333,41.17672767979925,39.529658572607275,1.0,0.9301378041889283
470,470,4691.096192435406,4.691096192435406,Sector 3,186.17071037394385,0.0,0,0.1,584750.6744876207,6618967.297818313,5.252904682914288,50.98684620147901,41.17672767979925,39.529658572607275,1.0,0.9301378041889283
470,470,4691.096192435406,4.691096192435406,Sector 3,186.17071037394385,0.0,1,0.25,584765.0277422045,6619007.952239516,5.253033620393983,50.98707609693914,31.23532545994593,29.98591244154809,0.7585674535101429,0.7055722655371113
470,470,4691.096192435406,4.691096192435406,Sector 3,186.17071037394385,0.0,2,0.5,584788.9498331774,6619075.709608188,5.253248516193473,50.98745925350915,26.764872991869513,25.69427807219473,0.65,0.6045895727228034
470,470,4691.096192435406,4.691096192435406,Sector 3,186.17071037394385,0.0,3,0.75,584812.8719241503,6619143.466976859,5.253463411992963,50.98784240691642,41.17672767979925,39.529658572607275,1.0,0.9301378041889283
470,470,4691.096192435406,4.691096192435406,Sector 3,186.17071037394385,0.0,4,0.9,584827.225178734,6619184.1213980615,5.253592349472658,50.98807229744267,41.17672767979925,39.529658572607275,1.0,0.9301378041889283
471,471,4701.0961924352905,4.7010961924352905,Sector 3,186.1707103753783,0.0,0,0.1,584755.0689756495,6618959.402420734,5.252944159271909,50.98680155390139,41.17672767979925,39.529658572607275,1.0,0.9301378041889283
471,471,4701.0961924352905,4.7010961924352905,Sector 3,186.1707103753783,0.0,1,0.25,584767.2978754982,6619000.467270857,5.25305401334833,50.987033770501164,31.787668028934956,30.516161307777555,0.771981403576408,0.7180490875972472
471,471,4701.0961924352905,4.7010961924352905,Sector 3,186.1707103753783,0.0,2,0.5,584787.6793752459,6619068.9086877275,5.253237103475696,50.98742079558594,26.764872991869513,25.69427807219473,0.65,0.6045895727228034
471,471,4701.0961924352905,4.7010961924352905,Sector 3,186.1707103753783,0.0,3,0.75,584808.0608749936,6619137.350104598,5.253420193603062,50.987807817443795,41.17672767979925,39.529658572607275,1.0,0.9301378041889283
471,471,4701.0961924352905,4.7010961924352905,Sector 3,186.1707103753783,0.0,4,0.9,584820.2897748422,6619178.414954721,5.253530047679482,50.988040029009596,41.17672767979925,39.529658572607275,1.0,0.9301378041889283
472,472,4711.096192436101,4.711096192436101,Sector 3,186.1707103756496,0.0,0,0.1,584759.4634636787,6618951.507023154,5.252983635629534,50.986756906280796,41.17672767979925,39.529658572607275,1.0,0.9301378041889283
472,472,4711.096192436101,4.711096192436101,Sector 3,186.1707103756496,0.0,1,0.25,584769.5680087921,6618992.982302196,5.253074406302679,50.98699144402459,41.17672767979925,39.529658572607275,1.0,0.9301378041889283
472,472,4711.096192436101,4.711096192436101,Sector 3,186.1707103756496,0.0,2,0.5,584786.4089173143,6619062.107767266,5.253225690757917,50.98738233763086,26.764872991869513,25.69427807219473,0.65,0.6045895727228034
472,472,4711.096192436101,4.711096192436101,Sector 3,186.1707103756496,0.0,3,0.75,584803.2498258364,6619131.233232336,5.253376975213157,50.98777322794539,41.17672767979925,39.529658572607275,1.0,0.9301378041889283
472,472,4711.096192436101,4.711096192436101,Sector 3,186.1707103756496,0.0,4,0.9,584813.3543709498,6619172.708511379,5.253467745886301,50.988007760554076,41.17672767979925,39.529658572607275,1.0,0.9301378041889283
473,473,4721.096192435997,4.721096192435997,Sector 3,193.5763399898124,7.864982463059212,0,0.1,584763.9095512005,6618943.658797934,5.2530235755132875,50.98671252537224,40.78938974865165,39.157814158705584,1.0,0.924210274558346
473,473,4721.096192435997,4.721096192435997,Sector 3,193.5763399898124,7.864982463059212,1,0.25,584771.8737020999,6618985.548229188,5.2530951186980674,50.98694940531778,40.78938974865165,39.157814158705584,1.0,0.924210274558346
473,473,4721.096192435997,4.721096192435997,Sector 3,193.5763399898124,7.864982463059212,2,0.5,584785.1472869322,6619055.363947943,5.253214357339367,50.98734420254076,26.513103336623573,25.452579203158628,0.65,0.6007366784629249
473,473,4721.096192435997,4.721096192435997,Sector 3,193.5763399898124,7.864982463059212,3,0.75,584798.4208717647,6619125.179666699,5.253333595980667,50.98773899640593,40.78938974865165,39.157814158705584,1.0,0.924210274558346
473,473,4721.096192435997,4.721096192435997,Sector 3,193.5763399898124,7.864982463059212,4,0.9,584806.385022664,6619167.069097953,5.253405139165446,50.987975871113285,40.78938974865165,39.157814158705584,1.0,0.924210274558346
474,474,4731.0909475096405,4.7310909475096405,Sector 3,194.04081194015436,0.0,0,0.1,584768.3546945745,6618935.819965934,5.253063506915618,50.98666819753904,41.17672767979925,39.529658572607275,1.0,0.9301378041889283
474,474,4731.0909475096405,4.7310909475096405,Sector 3,194.04081194015436,0.0,1,0.25,584774.1762057063,6618978.127337637,5.253115802439881,50.98690744111243,41.17672767979925,39.529658572607275,1.0,0.9301378041889283
474,474,4731.0909475096405,4.7310909475096405,Sector 3,194.04081194015436,0.0,2,0.5,584783.8787242596,6619048.63962381,5.2532029616469895,50.98730617766128,26.764872991869513,25.69427807219473,0.65,0.6045895727228034
474,474,4731.0909475096405,4.7310909475096405,Sector 3,194.04081194015436,0.0,3,0.75,584793.5812428127,6619119.151909981,5.253290120854097,50.98770491078496,30.62772583384974,29.40261680049575,0.743811554721365,0.6918472462388834
474,474,4731.0909475096405,4.7310909475096405,Sector 3,194.04081194015436,0.0,4,0.9,584799.4027539445,6619161.459281685,5.253342416378361,50.987944149015114,41.17672767979925,39.529658572607275,1.0,0.9301378041889283
475,475,4741.090947509275,4.741090947509275,Sector 3,194.04081193265876,0.0,0,0.1,584772.8021706168,6618927.977020366,5.253103459272664,50.986623846401635,41.17672767979925,39.529658572607275,1.0,0.9301378041889283
475,475,4741.090947509275,4.741090947509275,Sector 3,194.04081193265876,0.0,1,0.25,584776.4799175927,6618970.702551842,5.253136497035859,50.986865454847624,41.17672767979925,39.529658572607275,1.0,0.9301378041889283
475,475,4741.090947509275,4.741090947509275,Sector 3,194.04081193265876,0.0,2,0.5,584782.6094958859,6619041.911770966,5.2531915599745185,50.98726813279637,26.764872991869513,25.69427807219473,0.65,0.6045895727228034
475,475,4741.090947509275,4.741090947509275,Sector 3,194.04081193265876,0.0,3,0.75,584788.7390741791,6619113.12099009,5.253246622913179,50.987670807251924,28.823434759231358,27.6704973688621,0.6999933307806717,0.6510902596392282
475,475,4741.090947509275,4.741090947509275,Sector 3,194.04081193265876,0.0,4,0.9,584792.416821155,6619155.846521566,5.253279660676374,50.987912410248526,41.17672767979925,39.529658572607275,1.0,0.9301378041889283
476,476,4751.090947509784,4.751090947509784,Sector 3,194.04081194092257,0.0,0,0.1,584777.2496466594,6618920.134074799,5.25314341162971,50.986579495221875,41.17672767979925,39.529658572607275,1.0,0.9301378041889283
476,476,4751.090947509784,4.751090947509784,Sector 3,194.04081194092257,0.0,1,0.25,584778.7836294791,6618963.277766045,5.2531571916318365,50.986823468544856,41.17672767979925,39.529658572607275,1.0,0.9301378041889283
476,476,4751.090947509784,4.751090947509784,Sector 3,194.04081194092257,0.0,2,0.5,584781.3402675121,6619035.183918122,5.2531801583020465,50.98723008790028,26.764872991869513,25.69427807219473,0.65,0.6045895727228034
476,476,4751.090947509784,4.751090947509784,Sector 3,194.04081194092257,0.0,3,0.75,584783.8969055451,6619107.090070199,5.2532031249722575,50.98763670369381,27.019143684702748,25.938377937314637,0.6561751068421587,0.6103332730416009
476,476,4751.090947509784,4.751090947509784,Sector 3,194.04081194092257,0.0,4,0.9,584785.4308883649,6619150.233761446,5.253216904974383,50.98788067146022,41.17672767979925,39.529658572607275,1.0,0.9301378041889283
477,477,4761.090947509419,4.761090947509419,Sector 3,194.04081193422184,0.0,0,0.1,584781.6971227017,6618912.291129231,5.253183363986756,50.986535143999724,41.17672767979925,39.529658572607275,1.0,0.9301378041889283
477,477,4761.090947509419,4.761090947509419,Sector 3,194.04081193422184,0.0,1,0.25,584781.0873413654,6618955.85298025,5.253177886227814,50.9867814822041,41.17672767979925,39.529658572607275,1.0,0.9301378041889283
477,477,4761.090947509419,4.761090947509419,Sector 3,194.04081193422184,0.0,2,0.5,584780.0710391385,6619028.4560652785,5.2531687566295755,50.987192042973014,26.764872991869513,25.69427807219473,0.65,0.6045895727228034
477,477,4761.090947509419,4.761090947509419,Sector 3,194.04081193422184,0.0,3,0.75,584779.0547369116,6619101.059150308,5.253159627031339,50.98760260011065,26.764872991869513,25.69427807219473,0.65,0.6045895727228034
477,477,4761.090947509419,4.761090947509419,Sector 3,194.04081193422184,0.0,4,0.9,584778.4449555753,6619144.6210013265,5.253154149272395,50.987848932650216,41.17672767979925,39.529658572607275,1.0,0.9301378041889283
478,478,4771.090947509956,4.771090947509956,Sector 3,194.04081194122475,39.93052369757963,0,0.1,584786.1563011485,6618904.430758787,5.253223421468291,50.9864906941988,35.00021852782936,33.600209786716185,1.0,0.8356171335605891
478,478,4771.090947509956,4.771090947509956,Sector 3,194.04081194122475,39.93052369757963,1,0.25,584783.4203092625,6618948.3846322615,5.2531988436350066,50.98673924948567,35.00021852782936,33.600209786716185,1.0,0.8356171335605891
478,478,4771.090947509956,4.771090947509956,Sector 3,194.04081194122475,39.93052369757963,2,0.5,584778.8603227856,6619021.641088052,5.253157880579531,50.98715350533956,22.750142043089085,21.84013636136552,0.65,0.5431511368143829
478,478,4771.090947509956,4.771090947509956,Sector 3,194.04081194122475,39.93052369757963,3,0.75,584774.3003363088,6619094.897543842,5.253116917524055,50.98756775749652,22.750142043089085,21.84013636136552,0.65,0.5431511368143829
478,478,4771.090947509956,4.771090947509956,Sector 3,194.04081194122475,39.93052369757963,4,0.9,584771.5643444227,6619138.851417316,5.25309233969077,50.98781630701616,35.00021852782936,33.600209786716185,1.0,0.8356171335605891
479,479,4781.090947509591,4.781090947509591,Sector 3,194.04081193531897,0.0,0,0.1,584790.6331701723,6618896.544047078,5.253263637866982,50.986446095397234,41.17672767979925,39.529658572607275,1.0,0.9301378041889283
479,479,4781.090947509591,4.781090947509591,Sector 3,194.04081193531897,0.0,1,0.25,584785.7975036027,6618940.850431112,5.2532201983350975,50.98669664433564,41.17672767979925,39.529658572607275,1.0,0.9301378041889283
479,479,4781.090947509591,4.781090947509591,Sector 3,194.04081193531897,0.0,2,0.5,584777.7380593199,6619014.6944045,5.253147799115291,50.987114222894455,26.764872991869513,25.69427807219473,0.65,0.6045895727228034
479,479,4781.090947509591,4.781090947509591,Sector 3,194.04081193531897,0.0,3,0.75,584769.6786150371,6619088.5383778885,5.253075399895483,50.98753179769681,26.764872991869513,25.69427807219473,0.65,0.6045895727228034
479,479,4781.090947509591,4.781090947509591,Sector 3,194.04081193531897,0.0,4,0.9,584764.8429484675,6619132.844761922,5.253031960363598,50.987782340775105,41.17672767979925,39.529658572607275,1.0,0.9301378041889283
480,480,4791.090947509197,4.791090947509197,Sector 3,194.04081193715115,-17.13101845807603,0,0.1,584795.1100391962,6618888.65733537,5.253303854265673,50.986401496552816,39.34986816902054,37.775873442259716,1.0,0.9021809143254216
480,480,4791.090947509197,4.791090947509197,Sector 3,194.04081193715115,-17.13101845807603,1,0.25,584788.174697943,6618933.316229962,5.25324155303519,50.986654039146494,39.34986816902054,37.775873442259716,1.0,0.9021809143254216
480,480,4791.090947509197,4.791090947509197,Sector 3,194.04081193715115,-17.13101845807603,2,0.5,584776.6157958542,6619007.747720948,5.25313771765105,50.9870749404161,25.57741430986335,24.554317737468814,0.65,0.5864175943115242
480,480,4791.090947509197,4.791090947509197,Sector 3,194.04081193715115,-17.13101845807603,3,0.75,584765.0568937655,6619082.179211935,5.25303388226691,50.987495837869226,25.57741430986335,24.554317737468814,0.65,0.5864175943115242
480,480,4791.090947509197,4.791090947509197,Sector 3,194.04081193715115,-17.13101845807603,4,0.9,584758.1215525123,6619126.838106527,5.252971581036427,50.98774837450919,39.34986816902054,37.775873442259716,1.0,0.9021809143254216
481,481,4801.090947509734,4.801090947509734,Sector 3,194.04081193693392,0.0,0,0.1,584799.5659027825,6618880.801716734,5.253343881969308,50.98635707349512,41.17672767979925,39.529658572607275,1.0,0.9301378041889283
481,481,4801.090947509734,4.801090947509734,Sector 3,194.04081193693392,0.0,1,0.25,584790.4993786884,6618925.859761495,5.253262435997633,50.98661187348977,41.17672767979925,39.529658572607275,1.0,0.9301378041889283
481,481,4801.090947509734,4.801090947509734,Sector 3,194.04081193693392,0.0,2,0.5,584775.3885051983,6619000.956502765,5.253126692711507,50.98703653703952,26.764872991869513,25.69427807219473,0.65,0.6045895727228034
481,481,4801.090947509734,4.801090947509734,Sector 3,194.04081193693392,0.0,3,0.75,584760.2776317081,6619076.053244035,5.252990949425381,50.98746119670424,26.764872991869513,25.69427807219473,0.65,0.6045895727228034
481,481,4801.090947509734,4.801090947509734,Sector 3,194.04081193693392,0.0,4,0.9,584751.211107614,6619121.111288796,5.252909503453705,50.98771599063827,41.17672767979925,39.529658572607275,1.0,0.9301378041889283
482,482,4811.090947509369,4.811090947509369,Sector 3,201.5141420236563,0.0,0,0.1,584804.0466531503,6618872.912800403,5.253384133234706,50.98631246209815,41.74435280939088,40.07457869701525,1.0,0.938824314091919
482,482,4811.090947509369,4.811090947509369,Sector 3,201.5141420236563,0.0,1,0.25,584792.8862763887,6618918.320048791,5.25328387786449,50.98656923705545,41.74435280939088,40.07457869701525,1.0,0.938824314091919
482,482,4811.090947509369,4.811090947509369,Sector 3,201.5141420236563,0.0,2,0.5,584774.2856484526,6618993.998796105,5.253116785580798,50.98699719216123,41.74435280939088,40.07457869701525,1.0,0.938824314091919
482,482,4811.090947509369,4.811090947509369,Sector 3,201.5141420236563,0.0,3,0.75,584755.6850205164,6619069.6775434185,5.252949693297106,50.98742514332154,27.133829326104074,26.04847615305991,0.65,0.6102358041597473
482,482,4811.090947509369,4.811090947509369,Sector 3,201.5141420236563,0.0,4,0.9,584744.5246437548,6619115.084791807,5.252849437926891,50.987681912123904,41.74435280939088,40.07457869701525,1.0,0.938824314091919
483,483,4821.047848319434,4.8210478483194334,Sector 3,205.3019943920121,24.42395640999018,0,0.1,584808.5613790741,6618864.987710657,5.253424689707716,50.98626764609929,38.28063116141031,36.7494059149539,1.0,0.885818111885839
483,483,4821.047848319434,4.8210478483194334,Sector 3,205.3019943920121,24.42395640999018,1,0.25,584795.3961048205,6618910.637396622,5.253306424036899,50.986525792270314,38.28063116141031,36.7494059149539,1.0,0.885818111885839
483,483,4821.047848319434,4.8210478483194334,Sector 3,205.3019943920121,24.42395640999018,2,0.5,584773.4539810645,6618986.720206566,5.253109314585538,50.986956032698515,38.28063116141031,36.7494059149539,1.0,0.885818111885839
483,483,4821.047848319434,4.8210478483194334,Sector 3,205.3019943920121,24.42395640999018,3,0.75,584751.5118573084,6619062.80301651,5.2529122051341774,50.987386269139,24.882410254916703,23.887113844720034,0.65,0.5757817727257954
483,483,4821.047848319434,4.8210478483194334,Sector 3,205.3019943920121,24.42395640999018,4,0.9,584738.3465830549,6619108.452702476,5.252793939463361,50.987644409089185,38.28063116141031,36.7494059149539,1.0,0.885818111885839
484,484,4831.047848319738,4.831047848319738,Sector 3,205.3019943902688,0.0,0,0.1,584813.129396501,6618856.990548741,5.253465724906443,50.98622242249195,42.043025586257784,40.36130456280747,1.0,0.9433949786005087
484,484,4831.047848319738,4.831047848319738,Sector 3,205.3019943902688,0.0,1,0.25,584798.0011701678,6618902.827069957,5.253329825737075,50.9864816254544,42.043025586257784,40.36130456280747,1.0,0.9433949786005087
484,484,4831.047848319738,4.831047848319738,Sector 3,205.3019943902688,0.0,2,0.5,584772.7874596125,6618979.221271984,5.253103327121463,50.98691362717551,42.043025586257784,40.36130456280747,1.0,0.9433949786005087
484,484,4831.047848319738,4.831047848319738,Sector 3,205.3019943902688,0.0,3,0.75,584747.5737490571,6619055.615474011,5.25287682850585,50.987345624876184,30.339241523560403,29.125671862617985,0.7216236486433344,0.6807761265694994
484,484,4831.047848319738,4.831047848319738,Sector 3,205.3019943902688,0.0,4,0.9,584732.445522724,6619101.451995227,5.2527409293364835,50.98760482156678,42.043025586257784,40.36130456280747,1.0,0.9433949786005087
485,485,4841.047848320041,4.841047848320041,Sector 3,205.3019943922086,0.0,0,0.1,584817.708938662,6618848.98147141,5.253506863633617,50.98617713145928,42.04302558640989,40.36130456295349,1.0,0.9433949786028364
485,485,4841.047848320041,4.841047848320041,Sector 3,205.3019943922086,0.0,1,0.25,584800.6350473501,6618894.986954753,5.253353486258368,50.98643729014427,42.04302558640989,40.36130456295349,1.0,0.9433949786028364
485,485,4841.047848320041,4.841047848320041,Sector 3,205.3019943922086,0.0,2,0.5,584772.1785618304,6618971.662760325,5.253097857299622,50.98687088471249,42.04302558640989,40.36130456295349,1.0,0.9433949786028364
485,485,4841.047848320041,4.841047848320041,Sector 3,205.3019943922086,0.0,3,0.75,584743.7220763108,6619048.338565895,5.252842228340876,50.98730447523059,42.04302558640989,40.36130456295349,1.0,0.9433949786028364
485,485,4841.047848320041,4.841047848320041,Sector 3,205.3019943922086,0.0,4,0.9,584726.6481849989,6619094.344049239,5.252688850965627,50.987564627597386,42.04302558640989,40.36130456295349,1.0,0.9433949786028364
486,486,4851.047848319503,4.851047848319503,Sector 3,205.30199439186123,0.0,0,0.1,584822.295723992,6618840.965281441,5.253548067427286,50.98613180016066,42.043025586382655,40.361304562927344,1.0,0.9433949786024196
486,486,4851.047848319503,4.851047848319503,Sector 3,205.30199439186123,0.0,1,0.25,584803.2870324563,6618887.129057951,5.253377309445909,50.986392854237934,42.043025586382655,40.361304562927344,1.0,0.9433949786024196
486,486,4851.047848319503,4.851047848319503,Sector 3,205.30199439186123,0.0,2,0.5,584771.6058798966,6618964.06868547,5.253092712810281,50.986827941104295,42.043025586382655,40.361304562927344,1.0,0.9433949786024196
486,486,4851.047848319503,4.851047848319503,Sector 3,205.30199439186123,0.0,3,0.75,584739.9247273369,6619041.008312989,5.252808116174652,50.98726302389262,29.0756062294817,27.91258198030243,0.6915678837086126,0.652421668853407
486,486,4851.047848319503,4.851047848319503,Sector 3,205.30199439186123,0.0,4,0.9,584720.916035801,6619087.172089499,5.252637358193274,50.98752407160814,42.043025586382655,40.361304562927344,1.0,0.9433949786024196
487,487,4861.047848319856,4.861047848319855,Sector 3,205.30199439427997,0.0,0,0.1,584826.8981963597,6618832.933687134,5.2535894121400135,50.986086381706606,42.0430255865723,40.36130456310941,1.0,0.9433949786053217
487,487,4861.047848319856,4.861047848319855,Sector 3,205.30199439427997,0.0,1,0.25,584805.9782351555,6618879.232650306,5.253401484931083,50.98634820051239,42.0430255865723,40.36130456310941,1.0,0.9433949786053217
487,487,4861.047848319856,4.861047848319855,Sector 3,205.30199439427997,0.0,2,0.5,584771.1116331483,6618956.397588927,5.2530882729162,50.98678456190709,42.0430255865723,40.36130456310941,1.0,0.9433949786053217
487,487,4861.047848319856,4.861047848319855,Sector 3,205.30199439427997,0.0,3,0.75,584736.2450311411,6619033.562527548,5.252775060901316,50.987220919199856,42.0430255865723,40.36130456310941,1.0,0.9433949786053217
487,487,4861.047848319856,4.861047848319855,Sector 3,205.30199439427997,0.0,4,0.9,584715.3250699368,6619079.861490721,5.252587133692386,50.98748273160656,42.0430255865723,40.36130456310941,1.0,0.9433949786053217
488,488,4871.047848319317,4.871047848319318,Sector 3,205.30199439165463,0.0,0,0.1,584831.500668727,6618824.902092827,5.253630756852735,50.986040963208126,42.04302558636645,40.36130456291179,1.0,0.9433949786021716
488,488,4871.047848319317,4.871047848319318,Sector 3,205.30199439165463,0.0,1,0.25,584808.6694378543,6618871.336242661,5.253425660416254,50.98630354674388,42.04302558636645,40.36130456291179,1.0,0.9433949786021716
488,488,4871.047848319317,4.871047848319318,Sector 3,205.30199439165463,0.0,2,0.5,584770.6173864,6618948.726492384,5.253083833022119,50.98674118266937,42.04302558636645,40.36130456291179,1.0,0.9433949786021716
488,488,4871.047848319317,4.871047848319318,Sector 3,205.30199439165463,0.0,3,0.75,584732.5653349457,6619026.116742109,5.252742005627983,50.987178814468905,42.04302558636645,40.36130456291179,1.0,0.9433949786021716
488,488,4871.047848319317,4.871047848319318,Sector 3,205.30199439165463,0.0,4,0.9,584709.734104073,6619072.550891943,5.252536909191502,50.98744139156818,42.04302558636645,40.36130456291179,1.0,0.9433949786021716
489,489,4881.047848319621,4.881047848319621,Sector 3,205.3019943931729,-8.503958661410449,0,0.1,584836.2133816951,6618816.78025296,5.253673091873625,50.985995034327686,41.58078978932861,39.91755819775547,1.0,0.9363212681211457
489,489,4881.047848319621,4.881047848319621,Sector 3,205.3019943931729,-8.503958661410449,1,0.25,584811.6362420546,6618863.214221117,5.253452311671835,50.98625761709587,41.58078978932861,39.91755819775547,1.0,0.9363212681211457
489,489,4881.047848319621,4.881047848319621,Sector 3,205.3019943931729,-8.503958661410449,2,0.5,584770.674342654,6618940.604168046,5.253084344668854,50.986695251742105,41.58078978932861,39.91755819775547,1.0,0.9363212681211457
489,489,4881.047848319621,4.881047848319621,Sector 3,205.3019943931729,-8.503958661410449,3,0.75,584729.7124432533,6619017.994114976,5.252716377665871,50.987132882262415,41.58078978932861,39.91755819775547,1.0,0.9363212681211457
489,489,4881.047848319621,4.881047848319621,Sector 3,205.3019943931729,-8.503958661410449,4,0.9,584705.1353036128,6619064.428083134,5.252495597464081,50.98739545859416,41.58078978932861,39.91755819775547,1.0,0.9363212681211457
490,490,4891.047848319925,4.891047848319925,Sector 3,205.301994391485,0.0,0,0.1,584840.9301309725,6618808.655108875,5.253715463153298,50.985949086716474,42.043025586353146,40.361304562899015,1.0,0.943394978601968
490,490,4891.047848319925,4.891047848319925,Sector 3,205.301994391485,0.0,1,0.25,584814.6131370284,6618855.083939029,5.2534790535743765,50.986211640689355,42.043025586353146,40.361304562899015,1.0,0.943394978601968
490,490,4891.047848319925,4.891047848319925,Sector 3,205.301994391485,0.0,2,0.5,584770.7514804547,6618932.465322617,5.253085037609507,50.986649227344145,42.043025586353146,40.361304562899015,1.0,0.943394978601968
490,490,4891.047848319925,4.891047848319925,Sector 3,205.301994391485,0.0,3,0.75,584726.889823881,6619009.846706207,5.252691021644638,50.987086809873915,42.043025586353146,40.361304562899015,1.0,0.943394978601968
490,490,4891.047848319925,4.891047848319925,Sector 3,205.301994391485,0.0,4,0.9,584700.5728299369,6619056.27553636,5.2524546120657165,50.98734935741178,42.043025586353146,40.361304562899015,1.0,0.943394978601968
491,491,4901.0478483194365,4.901047848319436,Sector 3,205.3019943930217,0.0,0,0.1,584845.7834677172,6618800.451370424,5.253759061419065,50.98590269460874,42.04302558647363,40.361304563014684,1.0,0.9433949786038118
491,491,4901.0478483194365,4.901047848319436,Sector 3,205.3019943930217,0.0,1,0.25,584817.9315006706,6618846.757171022,5.253508862942157,50.986164553115955,42.04302558647363,40.361304563014684,1.0,0.9433949786038118
491,491,4901.0478483194365,4.901047848319436,Sector 3,205.3019943930217,0.0,2,0.5,584771.511555593,6618923.933505353,5.253091865480646,50.98660098067878,42.04302558647363,40.361304563014684,1.0,0.9433949786038118
491,491,4901.0478483194365,4.901047848319436,Sector 3,205.3019943930217,0.0,3,0.75,584725.0916105154,6619001.109839683,5.252674868019133,50.98703740413841,42.04302558647363,40.361304563014684,1.0,0.9433949786038118
491,491,4901.0478483194365,4.901047848319436,Sector 3,205.3019943930217,0.0,4,0.9,584697.2396434688,6619047.4156402815,5.252424669542226,50.987299256244675,42.04302558647363,40.361304563014684,1.0,0.9433949786038118
492,492,4911.04784831974,4.911047848319741,Sector 3,205.7055041791816,0.0,0,0.1,584850.6015637214,6618791.919532762,5.253802343111874,50.985854447052105,42.074642099985276,40.391656415985864,1.0,0.9438788140497769
492,492,4911.04784831974,4.911047848319741,Sector 3,205.7055041791816,0.0,1,0.25,584821.7755629206,6618838.03147565,5.2535433947408805,50.98611520957142,42.074642099985276,40.391656415985864,1.0,0.9438788140497769
492,492,4911.04784831974,4.911047848319741,Sector 3,205.7055041791816,0.0,2,0.5,584773.7322282526,6618914.884713798,5.253111814122557,50.986549810515136,42.074642099985276,40.391656415985864,1.0,0.9438788140497769
492,492,4911.04784831974,4.911047848319741,Sector 3,205.7055041791816,0.0,3,0.75,584725.6888935845,6618991.7379519455,5.252680233504233,50.986984407389954,42.074642099985276,40.391656415985864,1.0,0.9438788140497769
492,492,4911.04784831974,4.911047848319741,Sector 3,205.7055041791816,0.0,4,0.9,584696.8628927837,6619037.849894834,5.252421285133238,50.98724516356178,42.074642099985276,40.391656415985864,1.0,0.9438788140497769
493,493,4921.0462254440845,4.921046225444084,Sector 3,208.34586640427497,0.0,0,0.1,584855.5463988916,6618783.361928566,5.253846763321983,50.985806053735324,42.28035401959367,40.58913985880992,1.0,0.9470268752149462
493,493,4921.0462254440845,4.921046225444084,Sector 3,208.34586640427497,0.0,1,0.25,584825.9394311636,6618829.240435371,5.253580799405717,50.98606549645036,42.28035401959367,40.58913985880992,1.0,0.9470268752149462
493,493,4921.0462254440845,4.921046225444084,Sector 3,208.34586640427497,0.0,2,0.5,584776.5944849502,6618905.70461338,5.253137526211942,50.98649789775316,42.28035401959367,40.58913985880992,1.0,0.9470268752149462
493,493,4921.0462254440845,4.921046225444084,Sector 3,208.34586640427497,0.0,3,0.75,584727.2495387369,6618982.168791388,5.252694253018167,50.986930295028145,42.28035401959367,40.58913985880992,1.0,0.9470268752149462
493,493,4921.0462254440845,4.921046225444084,Sector 3,208.34586640427497,0.0,4,0.9,584697.6425710088,6619028.047298193,5.252428289101901,50.98718973145981,42.28035401959367,40.58913985880992,1.0,0.9470268752149462
494,494,4931.046225443844,4.931046225443843,Sector 3,208.34586639999023,-9.98122636122064,0,0.1,584860.5756349043,6618774.8114208905,5.253891941717759,50.98575770049902,41.64042386539397,39.97480691077821,1.0,0.9372338633627801
494,494,4931.046225443844,4.931046225443843,Sector 3,208.34586639999023,-9.98122636122064,1,0.25,584830.3129708277,6618820.469182029,5.253620087580977,50.98601589517088,41.64042386539397,39.97480691077821,1.0,0.9372338633627801
494,494,4931.046225443844,4.931046225443843,Sector 3,208.34586639999023,-9.98122636122064,2,0.5,584779.8751973668,6618896.565450593,5.2531669973530075,50.98644621643266,41.64042386539397,39.97480691077821,1.0,0.9372338633627801
494,494,4931.046225443844,4.931046225443843,Sector 3,208.34586639999023,-9.98122636122064,3,0.75,584729.4374239058,6618972.661719156,5.252713907125039,50.9868765337053,41.64042386539397,39.97480691077821,1.0,0.9372338633627801
494,494,4931.046225443844,4.931046225443843,Sector 3,208.34586639999023,-9.98122636122064,4,0.9,584699.1747598292,6619018.319480295,5.252442052988256,50.9871347221541,41.64042386539397,39.97480691077821,1.0,0.9372338633627801
495,495,4941.046225443658,4.941046225443658,Sector 3,208.3458663876176,0.0,0,0.1,584865.4916733573,6618766.164841079,5.253936103242556,50.98570880392227,42.28035401830282,40.58913985757071,1.0,0.9470268751951918
495,495,4941.046225443658,4.941046225443658,Sector 3,208.3458663876176,0.0,1,0.25,584834.7009214781,6618811.628906329,5.25365950521233,50.985965903517595,42.28035401830282,40.58913985757071,1.0,0.9470268751951918
495,495,4941.046225443658,4.941046225443658,Sector 3,208.3458663876176,0.0,2,0.5,584783.3830016793,6618887.402348412,5.253198508495284,50.986394399678815,42.28035401830282,40.58913985757071,1.0,0.9470268751951918
495,495,4941.046225443658,4.941046225443658,Sector 3,208.3458663876176,0.0,3,0.75,584732.0650818807,6618963.175790496,5.252737511778242,50.98682289188468,42.28035401830282,40.58913985757071,1.0,0.9470268751951918
495,495,4941.046225443658,4.941046225443658,Sector 3,208.3458663876176,0.0,4,0.9,584701.2743300014,6619008.639855746,5.252460913748015,50.98707998530962,42.28035401830282,40.58913985757071,1.0,0.9470268751951918
496,496,4951.046225444237,4.951046225444237,Sector 3,208.3458664030535,0.0,0,0.1,584869.8294473003,6618757.155159822,5.2539750701288765,50.985657853945,42.280354019499015,40.58913985871905,1.0,0.9470268752134976
496,496,4951.046225444237,4.951046225444237,Sector 3,208.3458664030535,0.0,1,0.25,584838.7660241002,6618802.527061592,5.2536960226505,50.985914432638275,42.280354019499015,40.58913985871905,1.0,0.9470268752134976
496,496,4951.046225444237,4.951046225444237,Sector 3,208.3458664030535,0.0,2,0.5,584786.9936521002,6618878.146897875,5.253230943519871,50.98634206064224,42.280354019499015,40.58913985871905,1.0,0.9470268752134976
496,496,4951.046225444237,4.951046225444237,Sector 3,208.3458664030535,0.0,3,0.75,584735.2212801002,6618953.766734159,5.252765864389245,50.98676968470686,42.280354019499015,40.58913985871905,1.0,0.9470268752134976
496,496,4951.046225444237,4.951046225444237,Sector 3,208.3458664030535,0.0,4,0.9,584704.1578569001,6618999.138635929,5.252486816910867,50.98702625725473,42.280354019499015,40.58913985871905,1.0,0.9470268752134976
497,497,4961.046225444052,4.961046225444052,Sector 3,208.3458663943977,0.0,0,0.1,584873.6256482633,6618747.909620084,5.254009171982342,50.98560557012387,42.28035401882824,40.58913985807511,1.0,0.9470268752032325
497,497,4961.046225444052,4.961046225444052,Sector 3,208.3458663943977,0.0,1,0.25,584842.4652266847,6618793.250695199,5.253729253152706,50.98586197478128,42.28035401882824,40.58913985807511,1.0,0.9470268752032325
497,497,4961.046225444052,4.961046225444052,Sector 3,208.3458663943977,0.0,2,0.5,584790.5311907204,6618868.819153724,5.253262721769978,50.98628931272976,42.28035401882824,40.58913985807511,1.0,0.9470268752032325
497,497,4961.046225444052,4.961046225444052,Sector 3,208.3458663943977,0.0,3,0.75,584738.597154756,6618944.387612249,5.252796190387249,50.98671664674422,42.28035401882824,40.58913985807511,1.0,0.9470268752032325
497,497,4961.046225444052,4.961046225444052,Sector 3,208.3458663943977,0.0,4,0.9,584707.4367331774,6618989.728687365,5.252516271557614,50.986973045264584,42.28035401882824,40.58913985807511,1.0,0.9470268752032325
498,498,4971.046225443811,4.971046225443811,Sector 3,208.34586640022488,0.0,0,0.1,584876.8520366333,6618738.424672011,5.2540381551221955,50.985551932379806,42.28035401927982,40.589139858508624,1.0,0.9470268752101432
498,498,4971.046225443811,4.971046225443811,Sector 3,208.34586640022488,0.0,1,0.25,584845.6895854416,6618783.774821861,5.253758218060234,50.98580838865121,42.28035401927982,40.589139858508624,1.0,0.9470268752101432
498,498,4971.046225443811,4.971046225443811,Sector 3,208.34586640022488,0.0,2,0.5,584793.7521667888,6618859.358404943,5.2532916562902985,50.98623581262171,42.28035401927982,40.589139858508624,1.0,0.9470268752101432
498,498,4971.046225443811,4.971046225443811,Sector 3,208.34586640022488,0.0,3,0.75,584741.8147481359,6618934.941988025,5.252825094520362,50.98666323265664,42.28035401927982,40.589139858508624,1.0,0.9470268752101432
498,498,4971.046225443811,4.971046225443811,Sector 3,208.34586640022488,0.0,4,0.9,584710.6522969442,6618980.292137874,5.252545157458401,50.98691968278853,42.28035401927982,40.589139858508624,1.0,0.9470268752101432
499,499,4981.046225443625,4.981046225443626,Sector 3,208.34586639617876,0.0,0,0.1,584879.8218210927,6618728.86111368,5.2540648331499,50.98549785002898,42.280354018966264,40.58913985820761,1.0,0.9470268752053448
499,499,4981.046225443625,4.981046225443626,Sector 3,208.34586639617876,0.0,1,0.25,584848.7542772713,6618774.256183236,5.253785748655352,50.98575456062084,42.280354018966264,40.58913985820761,1.0,0.9470268752053448
499,499,4981.046225443625,4.981046225443626,Sector 3,208.34586639617876,0.0,2,0.5,584796.9750375692,6618849.9146324955,5.253320607831107,50.98618240845258,42.280354018966264,40.58913985820761,1.0,0.9470268752053448
499,499,4981.046225443625,4.981046225443626,Sector 3,208.34586639617876,0.0,3,0.75,584745.1957978669,6618925.573081756,5.25285546700686,50.98661025234094,42.280354018966264,40.58913985820761,1.0,0.9470268752053448
499,499,4981.046225443625,4.981046225443626,Sector 3,208.34586639617876,0.0,4,0.9,584714.1282540455,6618970.968151312,5.252576382512312,50.986866956781135,42.280354018966264,40.58913985820761,1.0,0.9470268752053448
500,500,4991.0462254442045,4.9910462254442045,Sector 3,208.34586639526643,-14.453066346323348,0,0.1,584882.8496909975,6618719.325581403,5.254092032968038,50.985443926104004,40.94228285853854,39.304591544196995,1.0,0.9265500362142243
500,500,4991.0462254442045,4.9910462254442045,Sector 3,208.34586639526643,-14.453066346323348,1,0.25,584852.0243809022,6618764.826819531,5.253815124496073,50.98570123737982,40.94228285853854,39.304591544196995,1.0,0.9265500362142243
500,500,4991.0462254442045,4.9910462254442045,Sector 3,208.34586639526643,-14.453066346323348,2,0.5,584800.6488640766,6618840.66221641,5.253353610376134,50.98613008633671,40.94228285853854,39.304591544196995,1.0,0.9265500362142243
500,500,4991.0462254442045,4.9910462254442045,Sector 3,208.34586639526643,-14.453066346323348,3,0.75,584749.273347251,6618916.497613289,5.252892096256194,50.98655893133174,40.94228285853854,39.304591544196995,1.0,0.9265500362142243
500,500,4991.0462254442045,4.9910462254442045,Sector 3,208.34586639526643,-14.453066346323348,4,0.9,584718.4480371557,6618961.998851417,5.252615187784231,50.98681623642708,40.94228285853854,39.304591544196995,1.0,0.9265500362142243
501,501,5001.046225444019,5.001046225444019,Sector 3,208.3458663962762,0.0,0,0.1,584885.8775609022,6618709.790049126,5.2541192327861745,50.9853900021164,42.28035401897382,40.589139858214864,1.0,0.9470268752054603
501,501,5001.046225444019,5.001046225444019,Sector 3,208.3458663962762,0.0,1,0.25,584855.2944845328,6618755.3974558255,5.253844500336794,50.98564791407756,42.28035401897382,40.589139858214864,1.0,0.9470268752054603
501,501,5001.046225444019,5.001046225444019,Sector 3,208.3458663962762,0.0,2,0.5,584804.3226905838,6618831.409800325,5.253386612921161,50.98607776416187,42.28035401897382,40.589139858214864,1.0,0.9470268752054603
501,501,5001.046225444019,5.001046225444019,Sector 3,208.3458663962762,0.0,3,0.75,584753.3508966349,6618907.422144823,5.2529287255055275,50.98650761026581,42.28035401897382,40.589139858214864,1.0,0.9470268752054603
501,501,5001.046225444019,5.001046225444019,Sector 3,208.3458663962762,0.0,4,0.9,584722.7678202654,6618953.029551522,5.252653993056146,50.98676551601761,42.28035401897382,40.589139858214864,1.0,0.9470268752054603
502,502,5011.046225443778,5.011046225443778,Sector 3,208.3458664012485,-9.913541939272775,0,0.1,584887.7627287348,6618700.078908513,5.254136167536946,50.98533508498909,41.64905180297887,39.98308973085971,1.0,0.9373658988583324
502,502,5011.046225443778,5.011046225443778,Sector 3,208.3458664012485,-9.913541939272775,1,0.25,584857.7950201455,6618745.929356193,5.253866963030388,50.98559437166096,41.64905180297887,39.98308973085971,1.0,0.9373658988583324
502,502,5011.046225443778,5.011046225443778,Sector 3,208.3458664012485,-9.913541939272775,2,0.5,584807.8488391633,6618822.346768994,5.253418288852791,50.98602651289577,41.64905180297887,39.98308973085971,1.0,0.9373658988583324
502,502,5011.046225443778,5.011046225443778,Sector 3,208.3458664012485,-9.913541939272775,3,0.75,584757.9026581813,6618898.764181795,5.252969614675195,50.98645865010767,41.64905180297887,39.98308973085971,1.0,0.9373658988583324
502,502,5011.046225443778,5.011046225443778,Sector 3,208.3458664012485,-9.913541939272775,4,0.9,584727.934949592,6618944.6146294745,5.252700410168638,50.98671793050382,41.64905180297887,39.98308973085971,1.0,0.9373658988583324
503,503,5021.046225443592,5.021046225443593,Sector 3,208.34586639507245,0.0,0,0.1,584889.1255453237,6618690.268884426,5.254148409926659,50.98527960860338,42.28035401888054,40.589139858125314,1.0,0.9470268752040327
503,503,5021.046225443592,5.021046225443593,Sector 3,208.34586639507245,0.0,1,0.25,584859.8656925792,6618736.382051764,5.253885564197343,50.98554038127609,42.28035401888054,40.589139858125314,1.0,0.9470268752040327
503,503,5021.046225443592,5.021046225443593,Sector 3,208.34586639507245,0.0,2,0.5,584811.0992713382,6618813.237330662,5.253447487981818,50.985974999141945,42.28035401888054,40.589139858125314,1.0,0.9470268752040327
503,503,5021.046225443592,5.021046225443593,Sector 3,208.34586639507245,0.0,3,0.75,584762.3328500972,6618890.09260956,5.253009411766292,50.98640961293868,42.28035401888054,40.589139858125314,1.0,0.9470268752040327
503,503,5021.046225443592,5.021046225443593,Sector 3,208.34586639507245,0.0,4,0.9,584733.0729973527,6618936.205776898,5.252746566036977,50.98667037926354,42.28035401888054,40.589139858125314,1.0,0.9470268752040327
504,504,5031.046225444172,5.031046225444172,Sector 3,208.3458664029329,0.0,0,0.1,584889.7965738083,6618680.455623453,5.254154437878096,50.985224113846535,42.28035401948967,40.589139858710084,1.0,0.9470268752133546
504,504,5031.046225444172,5.031046225444172,Sector 3,208.3458664029329,0.0,1,0.25,584861.3598749259,6618726.8320499305,5.253898986665738,50.98548637557446,42.28035401948967,40.589139858710084,1.0,0.9470268752133546
504,504,5031.046225444172,5.031046225444172,Sector 3,208.3458664029329,0.0,2,0.5,584813.9653767886,6618804.12609406,5.2534732346451385,50.98592347516176,42.28035401948967,40.589139858710084,1.0,0.9470268752133546
504,504,5031.046225444172,5.031046225444172,Sector 3,208.3458664029329,0.0,3,0.75,584766.5708786513,6618881.42013819,5.25304748262454,50.98636057063332,42.28035401948967,40.589139858710084,1.0,0.9470268752133546
504,504,5031.046225444172,5.031046225444172,Sector 3,208.3458664029329,0.0,4,0.9,584738.134179769,6618927.7965646675,5.25279203141218,50.98662282594073,42.28035401948967,40.589139858710084,1.0,0.9470268752133546
505,505,5041.046225443986,5.041046225443986,Sector 3,208.34586639588315,-9.449739431815075,0,0.1,584889.3453069285,6618670.693434511,5.254150384078743,50.985168907840176,41.70660977771787,40.03834538660916,1.0,0.9382467230000089
505,505,5041.046225443986,5.041046225443986,Sector 3,208.34586639588315,-9.449739431815075,1,0.25,584861.9302173662,6618717.332600521,5.25390411013905,50.98543265568679,41.70660977771787,40.03834538660916,1.0,0.9382467230000089
505,505,5041.046225443986,5.041046225443986,Sector 3,208.34586639588315,-9.449739431815075,2,0.5,584816.2384014291,6618795.06454387,5.253493653572895,50.985872232101165,41.70660977771787,40.03834538660916,1.0,0.9382467230000089
505,505,5041.046225443986,5.041046225443986,Sector 3,208.34586639588315,-9.449739431815075,3,0.75,584770.5465854921,6618872.79648722,5.253083197006742,50.986311804353036,41.70660977771787,40.03834538660916,1.0,0.9382467230000089
505,505,5041.046225443986,5.041046225443986,Sector 3,208.34586639588315,-9.449739431815075,4,0.9,584743.1314959298,6618919.435653229,5.252836923067048,50.98657554570617,41.70660977771787,40.03834538660916,1.0,0.9382467230000089
506,506,5051.046225443745,5.051046225443745,Sector 3,208.34586639719532,0.0,0,0.1,584887.6945605928,6618661.143426229,5.254135555172107,50.98511490166992,42.28035401904504,40.58913985828324,1.0,0.9470268752065503
506,506,5051.046225443745,5.051046225443745,Sector 3,208.34586639719532,0.0,1,0.25,584861.525233513,6618708.02695335,5.2539004721071985,50.98538003170074,42.28035401904504,40.58913985828324,1.0,0.9470268752065503
506,506,5051.046225443745,5.051046225443745,Sector 3,208.34586639719532,0.0,2,0.5,584817.9096883801,6618786.166165218,5.253508666999018,50.985821911720464,42.28035401904504,40.58913985828324,1.0,0.9470268752065503
506,506,5051.046225443745,5.051046225443745,Sector 3,208.34586639719532,0.0,3,0.75,584774.2941432473,6618864.305377086,5.253116861890838,50.98626378753395,42.28035401904504,40.58913985828324,1.0,0.9470268752065503
506,506,5051.046225443745,5.051046225443745,Sector 3,208.34586639719532,0.0,4,0.9,584748.1248161675,6618911.188904206,5.2528817788259285,50.98652891100306,42.28035401904504,40.58913985828324,1.0,0.9470268752065503
507,507,5061.04622544356,5.06104622544356,Sector 3,209.1755347166364,0.0,0,0.1,584886.048366751,6618651.596753792,5.254120767161221,50.98506091430137,42.344530527897305,40.650749306781414,1.0,0.948008984437841
507,507,5061.04622544356,5.06104622544356,Sector 3,209.1755347166364,0.0,1,0.25,584861.1316308952,6618698.729645791,5.253896936314724,50.985327454816115,42.344530527897305,40.650749306781414,1.0,0.948008984437841
507,507,5061.04622544356,5.06104622544356,Sector 3,209.1755347166364,0.0,2,0.5,584819.603737802,6618777.284465792,5.253523884903895,50.98577168560649,42.344530527897305,40.650749306781414,1.0,0.948008984437841
507,507,5061.04622544356,5.06104622544356,Sector 3,209.1755347166364,0.0,3,0.75,584778.0758447087,6618855.839285791,5.253150833493065,50.98621591214575,42.344530527897305,40.650749306781414,1.0,0.948008984437841
507,507,5061.04622544356,5.06104622544356,Sector 3,209.1755347166364,0.0,4,0.9,584753.1591088529,6618902.9721777905,5.252927002646569,50.986482446028795,42.344530527897305,40.650749306781414,1.0,0.948008984437841
508,508,5071.041628630034,5.071041628630034,Sector 3,212.81279600700103,0.0,0,0.1,584882.2384376782,6618643.099311452,5.254086541986045,50.98501286037907,42.622812150849434,40.91789966481546,1.0,0.9522675979973447
508,508,5071.041628630034,5.071041628630034,Sector 3,212.81279600700103,0.0,1,0.25,584858.9484768905,6618690.317579984,5.253877324708624,50.9852798839804,42.622812150849434,40.91789966481546,1.0,0.9522675979973447
508,508,5071.041628630034,5.071041628630034,Sector 3,212.81279600700103,0.0,2,0.5,584820.1318755775,6618769.014694203,5.2535286292462535,50.985724919902715,42.622812150849434,40.91789966481546,1.0,0.9522675979973447
508,508,5071.041628630034,5.071041628630034,Sector 3,212.81279600700103,0.0,3,0.75,584781.3152742645,6618847.711808422,5.253179933783884,50.98616995155852,42.622812150849434,40.91789966481546,1.0,0.9522675979973447
508,508,5071.041628630034,5.071041628630034,Sector 3,212.81279600700103,0.0,4,0.9,584758.0253134768,6618894.930076953,5.252970716506462,50.98643696850408,42.622812150849434,40.91789966481546,1.0,0.9522675979973447
509,509,5081.041628629859,5.081041628629858,Sector 3,212.81279600684667,-1.793862785762642,0,0.1,584877.4333559682,6618635.072823195,5.25404337720263,50.984967469705516,42.60192352821623,40.897846587087585,1.0,0.951947934159534
509,509,5081.041628629859,5.081041628629858,Sector 3,212.81279600684667,-1.793862785762642,1,0.25,584855.936485137,6618682.297363856,5.253850267526346,50.98523452903734,42.60192352821623,40.897846587087585,1.0,0.951947934159534
509,509,5081.041628629859,5.081041628629858,Sector 3,212.81279600684667,-1.793862785762642,2,0.5,584820.108367085,6618761.004931625,5.253528418065873,50.985679624509565,42.60192352821623,40.897846587087585,1.0,0.951947934159534
509,509,5081.041628629859,5.081041628629858,Sector 3,212.81279600684667,-1.793862785762642,3,0.75,584784.2802490331,6618839.712499393,5.253206568605401,50.98612471571414,42.60192352821623,40.897846587087585,1.0,0.951947934159534
509,509,5081.041628629859,5.081041628629858,Sector 3,212.81279600684667,-1.793862785762642,4,0.9,584762.7833782019,6618886.937040055,5.253013458929115,50.986391768388415,42.60192352821623,40.897846587087585,1.0,0.951947934159534
510,510,5091.04162862962,5.09104162862962,Sector 3,212.8127959988634,0.0,0,0.1,584872.1075512584,6618627.544241085,5.253995534684919,50.98492489470564,42.622812150232946,40.917899664223626,1.0,0.9522675979879105
510,510,5091.04162862962,5.09104162862962,Sector 3,212.8127959988634,0.0,1,0.25,584852.4905575505,6618674.692069517,5.253819312232157,50.98519152046818,42.622812150232946,40.917899664223626,1.0,0.9522675979879105
510,510,5091.04162862962,5.09104162862962,Sector 3,212.8127959988634,0.0,2,0.5,584819.7955680373,6618753.271783574,5.253525608144219,50.98563589333603,42.622812150232946,40.917899664223626,1.0,0.9522675979879105
510,510,5091.04162862962,5.09104162862962,Sector 3,212.8127959988634,0.0,3,0.75,584787.100578524,6618831.85149763,5.25323190405628,50.9860802619501,42.622812150232946,40.917899664223626,1.0,0.9522675979879105
510,510,5091.04162862962,5.09104162862962,Sector 3,212.8127959988634,0.0,4,0.9,584767.4835848161,6618878.999326062,5.2530556816035165,50.98634688107673,42.622812150232946,40.917899664223626,1.0,0.9522675979879105
511,511,5101.041628630164,5.101041628630164,Sector 3,212.81279601095304,-5.510222183742311,0,0.1,584865.7243566323,6618621.026716559,5.253938193471979,50.98488803732145,42.42585565733274,40.72882143103943,1.0,0.949253523316363
511,511,5101.041628630164,5.101041628630164,Sector 3,212.81279601095304,-5.510222183742311,1,0.25,584848.1634717004,6618667.929323167,5.253780441358609,50.98515327654419,42.42585565733274,40.72882143103943,1.0,0.949253523316363
511,511,5101.041628630164,5.101041628630164,Sector 3,212.81279601095304,-5.510222183742311,2,0.5,584818.8953301472,6618746.1003341805,5.253517521169659,50.98559533854768,42.42585565733274,40.72882143103943,1.0,0.949253523316363
511,511,5101.041628630164,5.101041628630164,Sector 3,212.81279601095304,-5.510222183742311,3,0.75,584789.6271885941,6618824.2713451935,5.253254600980709,50.986037396341516,42.42585565733274,40.72882143103943,1.0,0.949253523316363
511,511,5101.041628630164,5.101041628630164,Sector 3,212.81279601095304,-5.510222183742311,4,0.9,584772.0663036621,6618871.173951801,5.253096848867338,50.98630262899719,42.42585565733274,40.72882143103943,1.0,0.949253523316363
512,512,5111.041628629989,5.111041628629989,Sector 3,212.81279599906944,0.0,0,0.1,584858.9217466691,6618615.111379987,5.25387708458696,50.984854585357134,42.622812150248556,40.91789966423861,1.0,0.9522675979881494
512,512,5111.041628629989,5.111041628629989,Sector 3,212.81279599906944,0.0,1,0.25,584843.4868730693,6618661.668400111,5.253738430758328,50.985117870446864,42.622812150248556,40.91789966423861,1.0,0.9522675979881494
512,512,5111.041628629989,5.111041628629989,Sector 3,212.81279599906944,0.0,2,0.5,584817.7620837362,6618739.26343365,5.253507341043942,50.98555667561145,42.622812150248556,40.91789966423861,1.0,0.9522675979881494
512,512,5111.041628629989,5.111041628629989,Sector 3,212.81279599906944,0.0,3,0.75,584792.0372944033,6618816.85846719,5.253276251329556,50.985995476628176,42.622812150248556,40.91789966423861,1.0,0.9522675979881494
512,512,5111.041628629989,5.111041628629989,Sector 3,212.81279599906944,0.0,4,0.9,584776.6024208035,6618863.415487314,5.253137597500925,50.98625875524725,42.622812150248556,40.91789966423861,1.0,0.9522675979881494
513,513,5121.04162862975,5.121041628629751,Sector 3,212.8127960111779,0.0,0,0.1,584851.7254539282,6618609.74370847,5.253812439189379,50.98482423048599,42.622812151165874,40.917899665119236,1.0,0.9522675980021873
513,513,5121.04162862975,5.121041628629751,Sector 3,212.8127960111779,0.0,1,0.25,584838.4686274922,6618655.854065206,5.253693351091314,50.985084989822546,42.622812151165874,40.917899665119236,1.0,0.9522675980021873
513,513,5121.04162862975,5.121041628629751,Sector 3,212.8127960111779,0.0,2,0.5,584816.3739167657,6618732.704659765,5.253494870927876,50.98551958546186,42.622812151165874,40.917899665119236,1.0,0.9522675980021873
513,513,5121.04162862975,5.121041628629751,Sector 3,212.8127960111779,0.0,3,0.75,584794.279206039,6618809.555254323,5.2532963907644366,50.98595417703251,42.622812151165874,40.917899665119236,1.0,0.9522675980021873
513,513,5121.04162862975,5.121041628629751,Sector 3,212.8127960111779,0.0,4,0.9,584781.022379603,6618855.665611059,5.253177302666373,50.98621493002197,42.622812151165874,40.917899665119236,1.0,0.9522675980021873
514,514,5131.041628629512,5.131041628629512,Sector 3,212.81279599535247,0.0,0,0.1,584844.3163035959,6618604.758201003,5.25374588165952,50.98479603678381,42.62281214996696,40.91789966396828,1.0,0.9522675979838402
514,514,5131.041628629512,5.131041628629512,Sector 3,212.81279599535247,0.0,1,0.25,584833.2454186695,6618650.33829411,5.253646430208139,50.98505379758382,42.62281214996696,40.91789966396828,1.0,0.9522675979838402
514,514,5131.041628629512,5.131041628629512,Sector 3,212.81279599535247,0.0,2,0.5,584814.7939437923,6618726.305115955,5.253480677789172,50.98548339573665,42.62281214996696,40.91789966396828,1.0,0.9522675979838402
514,514,5131.041628629512,5.131041628629512,Sector 3,212.81279599535247,0.0,3,0.75,584796.342468915,6618802.271937799,5.253314925370204,50.98591298991388,42.62281214996696,40.91789966396828,1.0,0.9522675979838402
514,514,5131.041628629512,5.131041628629512,Sector 3,212.81279599535247,0.0,4,0.9,584785.2715839888,6618847.852030906,5.253215473918823,50.986170744511924,42.62281214996696,40.91789966396828,1.0,0.9522675979838402
515,515,5141.04162863012,5.14104162863012,Sector 3,212.81279600445453,0.0,0,0.1,584836.5560042643,6618600.477658419,5.25367616970453,50.98477182973734,42.62281215065652,40.91789966463026,1.0,0.9522675979943926
515,515,5141.04162863012,5.14104162863012,Sector 3,212.81279600445453,0.0,1,0.25,584827.7295856809,6618645.409993749,5.253596880637356,50.98502592753327,42.62281215065652,40.91789966463026,1.0,0.9522675979943926
515,515,5141.04162863012,5.14104162863012,Sector 3,212.81279600445453,0.0,2,0.5,584813.0188880418,6618720.297219301,5.253464732192064,50.98544942076911,42.62281215065652,40.91789966463026,1.0,0.9522675979943926
515,515,5141.04162863012,5.14104162863012,Sector 3,212.81279600445453,0.0,3,0.75,584798.3081904027,6618795.184444852,5.25333258374677,50.98587291014151,42.62281215065652,40.91789966463026,1.0,0.9522675979943926
515,515,5141.04162863012,5.14104162863012,Sector 3,212.81279600445453,0.0,4,0.9,584789.4817718193,6618840.116780182,5.253253294679595,50.98612700191052,42.62281215065652,40.91789966463026,1.0,0.9522675979943926
516,516,5151.041628629881,5.151041628629882,Sector 3,212.8127960047923,0.0,0,0.1,584828.6107653999,6618596.720368132,5.253604796409452,50.98475058174289,42.62281215068211,40.917899664654826,1.0,0.9522675979947841
516,516,5151.041628629881,5.151041628629882,Sector 3,212.8127960047923,0.0,1,0.25,584822.0596364147,6618640.917736971,5.253545946616496,50.985000523339934,42.62281215068211,40.917899664654826,1.0,0.9522675979947841
516,516,5151.041628629881,5.151041628629882,Sector 3,212.8127960047923,0.0,2,0.5,584811.1410881062,6618714.580018369,5.253447863628237,50.98541708967787,42.62281215068211,40.917899664654826,1.0,0.9522675979947841
516,516,5151.041628629881,5.151041628629882,Sector 3,212.8127960047923,0.0,3,0.75,584800.2225397975,6618788.242299766,5.253349780639976,50.98583365227775,42.62281215068211,40.917899664654826,1.0,0.9522675979947841
516,516,5151.041628629881,5.151041628629882,Sector 3,212.8127960047923,0.0,4,0.9,584793.6714108124,6618832.439668605,5.25329093084702,50.986083588043414,42.62281215068211,40.917899664654826,1.0,0.9522675979947841
517,517,5161.041628629643,5.161041628629643,Sector 3,212.81279600428692,-3.3397920127852885,0,0.1,584820.5268278988,6618593.365050324,5.253532177163321,50.98473160694999,42.55042146162695,40.84840460316187,1.0,0.9511597851010627
517,517,5161.041628629643,5.161041628629643,Sector 3,212.81279600428692,-3.3397920127852885,1,0.25,584816.2786002508,6618636.763655753,5.253494014685055,50.98497703155323,42.55042146162695,40.84840460316187,1.0,0.9511597851010627
517,517,5161.041628629643,5.161041628629643,Sector 3,212.81279600428692,-3.3397920127852885,2,0.5,584809.1982208374,6618709.094664801,5.253430410554611,50.985386069675286,42.55042146162695,40.84840460316187,1.0,0.9511597851010627
517,517,5161.041628629643,5.161041628629643,Sector 3,212.81279600428692,-3.3397920127852885,3,0.75,584802.1178414241,6618781.425673849,5.253366806424167,50.98579510419317,42.55042146162695,40.84840460316187,1.0,0.9511597851010627
517,517,5161.041628629643,5.161041628629643,Sector 3,212.81279600428692,-3.3397920127852885,4,0.9,584797.8696137761,6618824.824279278,5.253328643945901,50.986040523173905,42.55042146162695,40.84840460316187,1.0,0.9511597851010627
518,518,5171.041628630251,5.171041628630251,Sector 3,212.8127960086041,0.0,0,0.1,584812.4540751191,6618590.01769067,5.253459658391252,50.98471267715383,42.62281215097089,40.91789966493205,1.0,0.9522675979992035
518,518,5171.041628630251,5.171041628630251,Sector 3,212.8127960086041,0.0,1,0.25,584810.5255258913,6618632.629469919,5.253442333938777,50.98495365226531,42.62281215097089,40.91789966493205,1.0,0.9522675979992035
518,518,5171.041628630251,5.171041628630251,Sector 3,212.8127960086041,0.0,2,0.5,584807.3112771786,6618703.649102001,5.253413459851321,50.98535527467137,42.62281215097089,40.91789966493205,1.0,0.9522675979992035
518,518,5171.041628630251,5.171041628630251,Sector 3,212.8127960086041,0.0,3,0.75,584804.0970284657,6618774.668734084,5.253384585763864,50.98575689360277,42.62281215097089,40.91789966493205,1.0,0.9522675979992035
518,518,5171.041628630251,5.171041628630251,Sector 3,212.8127960086041,0.0,4,0.9,584802.1684792379,6618817.280513333,5.253367261311388,50.985997863293775,42.62281215097089,40.91789966493205,1.0,0.9522675979992035
519,519,5181.041628630012,5.1810416286300125,Sector 3,212.81279600287823,0.0,0,0.1,584804.2304232753,6618587.307829214,5.253385784069826,50.98469735249523,42.6228121505371,40.917899664515616,1.0,0.952267597992565
519,519,5181.041628630012,5.1810416286300125,Sector 3,212.81279600287823,0.0,1,0.25,584804.6467023117,6618629.026532585,5.253389523568035,50.98493327723807,42.6228121505371,40.917899664515616,1.0,0.952267597992565
519,519,5181.041628630012,5.1810416286300125,Sector 3,212.81279600287823,0.0,2,0.5,584805.340500706,6618698.55770487,5.253395756065052,50.98532648247836,42.6228121505371,40.917899664515616,1.0,0.952267597992565
519,519,5181.041628630012,5.1810416286300125,Sector 3,212.81279600287823,0.0,3,0.75,584806.0342991003,6618768.088877154,5.253401988562068,50.985719684388094,42.6228121505371,40.917899664515616,1.0,0.952267597992565
519,519,5181.041628630012,5.1810416286300125,Sector 3,212.81279600287823,0.0,4,0.9,584806.4505781367,6618809.807580524,5.253405728060277,50.98595560393527,42.6228121505371,40.917899664515616,1.0,0.952267597992565
520,520,5191.041628629774,5.191041628629774,Sector 3,212.81279600806667,0.4965259301834275,0,0.1,584795.9374222067,6618584.890945093,5.253311286773715,50.98468368466159,42.62121167926802,40.9163632120973,1.0,0.9522431055788161
520,520,5191.041628629774,5.191041628629774,Sector 3,212.81279600806667,0.4965259301834275,1,0.25,584798.7100877116,6618625.667743029,5.253336194051722,50.9849142828867,42.62121167926802,40.9163632120973,1.0,0.9522431055788161
520,520,5191.041628629774,5.191041628629774,Sector 3,212.81279600806667,0.4965259301834275,2,0.5,584803.3311968865,6618693.629072921,5.253377706181737,50.985298610716384,42.62121167926802,40.9163632120973,1.0,0.9522431055788161
520,520,5191.041628629774,5.191041628629774,Sector 3,212.81279600806667,0.4965259301834275,3,0.75,584807.9523060613,6618761.590402815,5.25341921831175,50.985682935364224,42.62121167926802,40.9163632120973,1.0,0.9522431055788161
520,520,5191.041628629774,5.191041628629774,Sector 3,212.81279600806667,0.4965259301834275,4,0.9,584810.7249715661,6618802.367200751,5.253444125589756,50.98591352862563,42.62121167926802,40.9163632120973,1.0,0.9522431055788161
521,521,5201.041628629599,5.201041628629598,Sector 3,212.8127959984405,0.0,0,0.1,584787.6444211382,6618582.474060971,5.253236789477604,50.98467001682392,42.62281215020091,40.917899664192866,1.0,0.9522675979874202
521,521,5201.041628629599,5.201041628629598,Sector 3,212.8127959984405,0.0,1,0.25,584792.7734731114,6618622.308953472,5.253282864535411,50.98489528852755,42.62281215020091,40.917899664192866,1.0,0.9522675979874202
521,521,5201.041628629599,5.201041628629598,Sector 3,212.8127959984405,0.0,2,0.5,584801.3218930669,6618688.700440975,5.253359656298421,50.98527073893769,42.62281215020091,40.917899664192866,1.0,0.9522675979874202
521,521,5201.041628629599,5.201041628629598,Sector 3,212.8127959984405,0.0,3,0.75,584809.8703130224,6618755.0919284765,5.253436448061431,50.98564618631126,42.62281215020091,40.917899664192866,1.0,0.9522675979874202
521,521,5201.041628629599,5.201041628629598,Sector 3,212.8127959984405,0.0,4,0.9,584814.9993649956,6618794.926820978,5.253482523119238,50.98587145327786,42.62281215020091,40.917899664192866,1.0,0.9522675979874202
522,522,5211.041628630142,5.211041628630142,Sector 3,212.8127960032215,0.0,0,0.1,584779.356793973,6618580.030482588,5.253162340456089,50.98465619802215,42.62281215056311,40.91789966454058,1.0,0.9522675979929631
522,522,5211.041628630142,5.211041628630142,Sector 3,212.8127960032215,0.0,1,0.25,584786.8420444836,6618618.928434028,5.2532295816054795,50.984876171275424,42.62281215056311,40.91789966454058,1.0,0.9522675979929631
522,522,5211.041628630142,5.211041628630142,Sector 3,212.8127960032215,0.0,2,0.5,584799.3174620011,6618683.758353095,5.253341650187797,50.98524279104788,42.62281215056311,40.91789966454058,1.0,0.9522675979929631
522,522,5211.041628630142,5.211041628630142,Sector 3,212.8127960032215,0.0,3,0.75,584811.7928795186,6618748.588272161,5.253453718770114,50.98560940792494,42.62281215056311,40.91789966454058,1.0,0.9522675979929631
522,522,5211.041628630142,5.211041628630142,Sector 3,212.8127960032215,0.0,4,0.9,584819.2781300292,6618787.486223601,5.253520959919506,50.9858293766614,42.62281215056311,40.91789966454058,1.0,0.9522675979929631
523,523,5221.041628629904,5.221041628629904,Sector 3,205.4365561827685,-0.2122703799167078,0,0.1,584771.0737171469,6618577.583435527,5.253087932310963,50.98464235960038,42.05328525636658,40.371153846111916,1.0,0.9435519849086431
523,523,5221.041628629904,5.221041628629904,Sector 3,205.4365561827685,-0.2122703799167078,1,0.25,584780.9201639171,6618615.549215365,5.253176384447244,50.9848570613715,42.05328525636658,40.371153846111916,1.0,0.9435519849086431
523,523,5221.041628629904,5.221041628629904,Sector 3,205.4365561827685,-0.2122703799167078,2,0.5,584797.3309085341,6618678.825515094,5.253323804674376,50.985214895450085,42.05328525636658,40.371153846111916,1.0,0.9435519849086431
523,523,5221.041628629904,5.221041628629904,Sector 3,205.4365561827685,-0.2122703799167078,3,0.75,584813.7416531512,6618742.101814823,5.253471224901509,50.985572726770386,42.05328525636658,40.371153846111916,1.0,0.9435519849086431
523,523,5221.041628629904,5.221041628629904,Sector 3,205.4365561827685,-0.2122703799167078,4,0.9,584823.5880999215,6618780.067594661,5.2535596770377895,50.985787424238595,42.05328525636658,40.371153846111916,1.0,0.9435519849086431
524,524,5231.00936665767,5.231009366657671,Sector 3,202.5648407838913,0.0,0,0.1,584762.8173631598,6618575.144283121,5.253013764221188,50.984628565819946,41.82750505567151,40.154404853444646,1.0,0.9400968137983579
524,524,5231.00936665767,5.231009366657671,Sector 3,202.5648407838913,0.0,1,0.25,584775.017388505,6618612.180898726,5.2531233589135296,50.98483801311206,41.82750505567151,40.154404853444646,1.0,0.9400968137983579
524,524,5231.00936665767,5.231009366657671,Sector 3,202.5648407838913,0.0,2,0.5,584795.3507640804,6618673.908591401,5.253306016734101,50.985187089832294,41.82750505567151,40.154404853444646,1.0,0.9400968137983579
524,524,5231.00936665767,5.231009366657671,Sector 3,202.5648407838913,0.0,3,0.75,584815.6841396559,6618735.636284077,5.253488674554673,50.98553616392762,41.82750505567151,40.154404853444646,1.0,0.9400968137983579
524,524,5231.00936665767,5.231009366657671,Sector 3,202.5648407838913,0.0,4,0.9,584827.8841650011,6618772.672899681,5.253598269247015,50.98574560712484,41.82750505567151,40.154404853444646,1.0,0.9400968137983579
525,525,5241.009366657496,5.241009366657496,Sector 3,195.1394853089206,0.0,0,0.1,584754.5342863336,6618572.697236059,5.252939356076062,50.984614727389925,41.23678731216888,39.587315819682125,1.0,0.9310569118255547
525,525,5241.009366657496,5.241009366657496,Sector 3,195.1394853089206,0.0,1,0.25,584769.0955079386,6618608.801680063,5.253070161755295,50.98481890319243,41.23678731216888,39.587315819682125,1.0,0.9310569118255547
525,525,5241.009366657496,5.241009366657496,Sector 3,195.1394853089206,0.0,2,0.5,584793.3642106135,6618668.9757534005,5.253288171220681,50.98515919420103,41.23678731216888,39.587315819682125,1.0,0.9310569118255547
525,525,5241.009366657496,5.241009366657496,Sector 3,195.1394853089206,0.0,3,0.75,584817.6329132885,6618729.149826739,5.253506180686068,50.98549948271517,41.23678731216888,39.587315819682125,1.0,0.9310569118255547
525,525,5241.009366657496,5.241009366657496,Sector 3,195.1394853089206,0.0,4,0.9,584832.1941348936,6618765.254270742,5.2536369863653,50.985703654626334,41.23678731216888,39.587315819682125,1.0,0.9310569118255547
526,526,5250.543775435512,5.250543775435512,Sector 3,154.8019721366427,0.0,0,0.1,584746.6368622934,6618570.364121361,5.252868412308857,50.98460153326122,41.17672767979925,39.529658572607275,1.0,0.9301378041889283
526,526,5250.543775435512,5.250543775435512,Sector 3,154.8019721366427,0.0,1,0.25,584763.4493449329,6618605.579794853,5.253019441410047,50.98480068300656,41.17672767979925,39.529658572607275,1.0,0.9301378041889283
526,526,5250.543775435512,5.250543775435512,Sector 3,154.8019721366427,0.0,2,0.5,584791.4701493322,6618664.272584007,5.2532711565787,50.98513259735026,41.17672767979925,39.529658572607275,1.0,0.9301378041889283
526,526,5250.543775435512,5.250543775435512,Sector 3,154.8019721366427,0.0,3,0.75,584819.4909537316,6618722.965373161,5.253522871747353,50.9854645093208,41.17672767979925,39.529658572607275,1.0,0.9301378041889283
526,526,5250.543775435512,5.250543775435512,Sector 3,154.8019721366427,0.0,4,0.9,584836.3034363711,6618758.181046654,5.253673900848544,50.985663655364014,41.17672767979925,39.529658572607275,1.0,0.9301378041889283
527,527,5260.543775435884,5.260543775435884,Sector 3,154.80197213572103,0.0,0,0.1,584738.2501087907,6618568.553435593,5.2527930728203005,50.98459129354728,41.17672767979925,39.529658572607275,1.0,0.9301378041889283
527,527,5260.543775435884,5.260543775435884,Sector 3,154.80197213572103,0.0,1,0.25,584757.4134482003,6618602.711381303,5.252965220027165,50.98478446174353,41.17672767979925,39.529658572607275,1.0,0.9301378041889283
527,527,5260.543775435884,5.260543775435884,Sector 3,154.80197213572103,0.0,2,0.5,584789.3523472166,6618659.641290821,5.253252132038607,50.98510640695109,41.17672767979925,39.529658572607275,1.0,0.9301378041889283
527,527,5260.543775435884,5.260543775435884,Sector 3,154.80197213572103,0.0,3,0.75,584821.2912462328,6618716.571200339,5.25353904405005,50.98542834992591,41.17672767979925,39.529658572607275,1.0,0.9301378041889283
527,527,5260.543775435884,5.260543775435884,Sector 3,154.80197213572103,0.0,4,0.9,584840.4545856424,6618750.729146049,5.253711191256914,50.98562151463908,41.17672767979925,39.529658572607275,1.0,0.9301378041889283
528,528,5270.543775435363,5.270543775435363,Sector 3,155.51922282832152,4.157051080987024,0,0.1,584729.8201884518,6618566.971985436,5.252717345557458,50.98458235019507,41.068395677875095,39.42565985076009,1.0,0.928479972358611
528,528,5270.543775435363,5.270543775435363,Sector 3,155.51922282832152,4.157051080987024,1,0.25,584751.322771269,6618600.020721144,5.252910506545384,50.984769245694594,41.068395677875095,39.42565985076009,1.0,0.928479972358611
528,528,5270.543775435363,5.270543775435363,Sector 3,155.51922282832152,4.157051080987024,2,0.5,584787.1604092977,6618655.101947324,5.253232441525264,50.985080736521724,41.068395677875095,39.42565985076009,1.0,0.928479972358611
528,528,5270.543775435363,5.270543775435363,Sector 3,155.51922282832152,4.157051080987024,3,0.75,584822.9980473263,6618710.183173504,5.253554376505143,50.98539222525876,41.068395677875095,39.42565985076009,1.0,0.928479972358611
528,528,5270.543775435363,5.270543775435363,Sector 3,155.51922282832152,4.157051080987024,4,0.9,584844.5006301436,6618743.231909212,5.25374753749307,50.98557911749775,41.068395677875095,39.42565985076009,1.0,0.928479972358611
529,529,5280.508859033604,5.280508859033604,Sector 3,186.7405285928366,0.0,0,0.1,584721.4223592037,6618565.39789568,5.252641906573787,50.98457344846538,41.17672767979925,39.529658572607275,1.0,0.9301378041889283
529,529,5280.508859033604,5.280508859033604,Sector 3,186.7405285928366,0.0,1,0.25,584745.2600028964,6618597.344052166,5.2528560437704535,50.984754108762736,41.17672767979925,39.529658572607275,1.0,0.9301378041889283
529,529,5280.508859033604,5.280508859033604,Sector 3,186.7405285928366,0.0,2,0.5,584784.9894090508,6618650.587646309,5.253212939098227,50.98505520769596,41.17672767979925,39.529658572607275,1.0,0.9301378041889283
529,529,5280.508859033604,5.280508859033604,Sector 3,186.7405285928366,0.0,3,0.75,584824.7188152052,6618703.831240452,5.253569834426002,50.98535630467622,41.17672767979925,39.529658572607275,1.0,0.9301378041889283
529,529,5280.508859033604,5.280508859033604,Sector 3,186.7405285928366,0.0,4,0.9,584848.5564588979,6618735.777396938,5.253783971622668,50.985536961926975,41.17672767979925,39.529658572607275,1.0,0.9301378041889283
530,530,5290.508859033246,5.290508859033246,Sector 3,220.0431295779359,0.0,0,0.1,584712.9834142608,6618564.156433112,5.252566098241546,50.98456642779452,43.157620414015135,41.43131559745453,1.0,0.9604519031522845
530,530,5290.508859033246,5.290508859033246,Sector 3,220.0431295779359,0.0,1,0.25,584739.1830594491,6618594.951422839,5.252801453658659,50.98474057811006,43.157620414015135,41.43131559745453,1.0,0.9604519031522845
530,530,5290.508859033246,5.290508859033246,Sector 3,220.0431295779359,0.0,2,0.5,584782.8491347631,6618646.276405719,5.25319371268718,50.98503082718419,43.157620414015135,41.43131559745453,1.0,0.9604519031522845
530,530,5290.508859033246,5.290508859033246,Sector 3,220.0431295779359,0.0,3,0.75,584826.5152100772,6618697.601388599,5.253585971715701,50.98532107444357,43.157620414015135,41.43131559745453,1.0,0.9604519031522845
530,530,5290.508859033246,5.290508859033246,Sector 3,220.0431295779359,0.0,4,0.9,584852.7148552655,6618728.396378326,5.253821327132813,50.985495221928126,43.157620414015135,41.43131559745453,1.0,0.9604519031522845
531,531,5300.031360295537,5.300031360295536,Sector 3,229.3934249428029,0.0,0,0.1,584704.9474984161,6618563.0476346575,5.252493910381295,50.984560157359695,43.80134874955884,42.04929479957649,1.0,0.970303039527376
531,531,5300.031360295537,5.300031360295536,Sector 3,229.3934249428029,0.0,1,0.25,584733.3963480699,6618592.734194956,5.252749470745891,50.984728039373515,43.80134874955884,42.04929479957649,1.0,0.970303039527376
531,531,5300.031360295537,5.300031360295536,Sector 3,229.3934249428029,0.0,2,0.5,584780.8110974929,6618642.211795453,5.2531754046868855,50.98500784138071,43.80134874955884,42.04929479957649,1.0,0.970303039527376
531,531,5300.031360295537,5.300031360295536,Sector 3,229.3934249428029,0.0,3,0.75,584828.2258469159,6618691.68939595,5.253601338627878,50.98528764170145,43.80134874955884,42.04929479957649,1.0,0.970303039527376
531,531,5300.031360295537,5.300031360295536,Sector 3,229.3934249428029,0.0,4,0.9,584856.6746965697,6618721.3759562485,5.253856898992475,50.98545552108439,43.80134874955884,42.04929479957649,1.0,0.970303039527376
532,532,5310.031360295388,5.310031360295389,Sector 3,232.67042986152188,-4.148702159938809,0,0.1,584696.4355023528,6618562.637564714,5.252417445819675,50.98455783834755,43.89595163805678,42.14011357253451,1.0,0.9717507712872084
532,532,5310.031360295388,5.310031360295389,Sector 3,232.67042986152188,-4.148702159938809,1,0.25,584727.1347299191,6618590.9556589825,5.2526932216730104,50.984717981499166,43.89595163805678,42.14011357253451,1.0,0.9717507712872084
532,532,5310.031360295388,5.310031360295389,Sector 3,232.67042986152188,-4.148702159938809,2,0.5,584778.3001091963,6618638.152482765,5.253152848095234,50.98498488552423,43.89595163805678,42.14011357253451,1.0,0.9717507712872084
532,532,5310.031360295388,5.310031360295389,Sector 3,232.67042986152188,-4.148702159938809,3,0.75,584829.4654884735,6618685.349306546,5.2536124745174595,50.985251788014736,43.89595163805678,42.14011357253451,1.0,0.9717507712872084
532,532,5310.031360295388,5.310031360295389,Sector 3,232.67042986152188,-4.148702159938809,4,0.9,584860.1647160399,6618713.667400815,5.253888250370795,50.98541192877244,43.89595163805678,42.14011357253451,1.0,0.9717507712872084
533,533,5320.012110317057,5.320012110317057,Sector 3,236.5284491241399,0.0,0,0.1,584687.8771141411,6618562.195170745,5.252340564510296,50.984555336537646,44.24649370618877,42.47663395794122,1.0,0.9771152045857026
533,533,5320.012110317057,5.320012110317057,Sector 3,236.5284491241399,0.0,1,0.25,584720.7282210641,6618589.097763167,5.252635671024787,50.984707474831275,44.24649370618877,42.47663395794122,1.0,0.9771152045857026
533,533,5320.012110317057,5.320012110317057,Sector 3,236.5284491241399,0.0,2,0.5,584775.4800659358,6618633.935417202,5.253127515215606,50.984961037546,44.24649370618877,42.47663395794122,1.0,0.9771152045857026
533,533,5320.012110317057,5.320012110317057,Sector 3,236.5284491241399,0.0,3,0.75,584830.2319108073,6618678.773071238,5.253619359406424,50.98521459887575,44.24649370618877,42.47663395794122,1.0,0.9771152045857026
533,533,5320.012110317057,5.320012110317057,Sector 3,236.5284491241399,0.0,4,0.9,584863.0830177303,6618705.675663659,5.253914465920916,50.9853667350088,44.24649370618877,42.47663395794122,1.0,0.9771152045857026
534,534,5330.012110317242,5.330012110317242,Sector 3,236.5284491318517,0.0,0,0.1,584679.3451217808,6618562.726545669,5.252263920318882,50.98455834154931,44.24649370664538,42.476633958379566,1.0,0.9771152045926901
534,534,5330.012110317242,5.330012110317242,Sector 3,236.5284491318517,0.0,1,0.25,584714.2354695405,6618588.000533208,5.25257734564549,50.984701269837025,44.24649370664538,42.476633958379566,1.0,0.9771152045926901
534,534,5330.012110317242,5.330012110317242,Sector 3,236.5284491318517,0.0,2,0.5,584772.38604914,6618630.123845773,5.2530997211898365,50.98493948267198,44.24649370664538,42.476633958379566,1.0,0.9771152045926901
534,534,5330.012110317242,5.330012110317242,Sector 3,236.5284491318517,0.0,3,0.75,584830.5366287394,6618672.247158338,5.2536220967341825,50.985177694284566,44.24649370664538,42.476633958379566,1.0,0.9771152045926901
534,534,5330.012110317242,5.330012110317242,Sector 3,236.5284491318517,0.0,4,0.9,584865.4269764991,6618697.5211458765,5.25393552206079,50.98532062066539,44.24649370664538,42.476633958379566,1.0,0.9771152045926901
535,535,5340.012110317331,5.34001211031733,Sector 3,236.52844913021272,2.2431550328805714,0,0.1,584670.794098272,6618563.343125173,5.252187105167754,50.9845618284065,44.21258847551074,42.44408493649031,1.0,0.9765963443261862
535,535,5340.012110317331,5.34001211031733,Sector 3,236.52844913021272,2.2431550328805714,1,0.25,584707.6592321865,6618586.947576463,5.252518270300219,50.98469531521343,44.21258847551074,42.44408493649031,1.0,0.9765963443261862
535,535,5340.012110317331,5.34001211031733,Sector 3,236.52844913021272,2.2431550328805714,2,0.5,584769.101122044,6618626.288328614,5.253070212187661,50.984917792372016,44.21258847551074,42.44408493649031,1.0,0.9765963443261862
535,535,5340.012110317331,5.34001211031733,Sector 3,236.52844913021272,2.2431550328805714,3,0.75,584830.5430119017,6618665.629080765,5.253622154075105,50.98514026846439,44.21258847551074,42.44408493649031,1.0,0.9765963443261862
535,535,5340.012110317331,5.34001211031733,Sector 3,236.52844913021272,2.2431550328805714,4,0.9,584867.4081458162,6618689.233532055,5.25395331920757,50.985273753608034,44.21258847551074,42.44408493649031,1.0,0.9765963443261862
536,536,5350.012110317516,5.3500121103175164,Sector 3,236.5284491333951,0.0,0,0.1,584662.6284177144,6618565.470719658,5.252113751611253,50.98457386029668,44.24649370673677,42.476633958467296,1.0,0.9771152045940887
536,536,5350.012110317516,5.3500121103175164,Sector 3,236.5284491333951,0.0,1,0.25,584701.3838322994,6618587.146665931,5.252461897423894,50.9846964410934,44.24649370673677,42.476633958467296,1.0,0.9771152045940887
536,536,5350.012110317516,5.3500121103175164,Sector 3,236.5284491333951,0.0,2,0.5,584765.9761899408,6618623.273243051,5.253042140444959,50.984900741701956,44.24649370673677,42.476633958467296,1.0,0.9771152045940887
536,536,5350.012110317516,5.3500121103175164,Sector 3,236.5284491333951,0.0,3,0.75,584830.5685475823,6618659.399820172,5.253622383466026,50.985105041411416,44.24649370673677,42.476633958467296,1.0,0.9771152045940887
536,536,5350.012110317516,5.3500121103175164,Sector 3,236.5284491333951,0.0,4,0.9,584869.3239621673,6618681.075766445,5.253970529278667,50.985227620805524,44.24649370673677,42.476633958467296,1.0,0.9771152045940887
537,537,5360.012110317188,5.360012110317188,Sector 3,236.5284491249892,0.0,0,0.1,584654.4627371572,6618567.598314144,5.252040398054755,50.98458589218375,44.246493706239065,42.4766339579895,1.0,0.9771152045864722
537,537,5360.012110317188,5.360012110317188,Sector 3,236.5284491249892,0.0,1,0.25,584695.1084324124,6618587.345755398,5.2524055245475685,50.98469756697333,44.246493706239065,42.4766339579895,1.0,0.9771152045864722
537,537,5360.012110317188,5.360012110317188,Sector 3,236.5284491249892,0.0,2,0.5,584762.8512578377,6618620.25815749,5.253014068702259,50.984883691025644,44.246493706239065,42.4766339579895,1.0,0.9771152045864722
537,537,5360.012110317188,5.360012110317188,Sector 3,236.5284491249892,0.0,3,0.75,584830.5940832631,6618653.17055958,5.253622612856949,50.985069814331716,44.246493706239065,42.4766339579895,1.0,0.9771152045864722
537,537,5360.012110317188,5.360012110317188,Sector 3,236.5284491249892,0.0,4,0.9,584871.2397785182,6618672.918000836,5.253987739349763,50.98518148795718,44.246493706239065,42.4766339579895,1.0,0.9771152045864722
538,538,5370.012110317276,5.370012110317276,Sector 3,236.52844912661024,0.0,0,0.1,584646.1578991363,6618569.692733806,5.251965794425492,50.98459773645884,44.246493706335045,42.47663395808164,1.0,0.977115204587941
538,538,5370.012110317276,5.370012110317276,Sector 3,236.52844912661024,0.0,1,0.25,584688.4851388668,6618587.461907808,5.252346026489337,50.98469822383211,44.246493706335045,42.47663395808164,1.0,0.977115204587941
538,538,5370.012110317276,5.370012110317276,Sector 3,236.52844912661024,0.0,2,0.5,584759.0305384175,6618617.077197811,5.252979746595744,50.98486570230419,44.246493706335045,42.47663395808164,1.0,0.977115204587941
538,538,5370.012110317276,5.370012110317276,Sector 3,236.52844912661024,0.0,3,0.75,584829.5759379682,6618646.692487814,5.253613466702151,50.98503318017206,44.246493706335045,42.47663395808164,1.0,0.977115204587941
538,538,5370.012110317276,5.370012110317276,Sector 3,236.52844912661024,0.0,4,0.9,584871.9031776987,6618664.461661817,5.253993698765996,50.98513366660276,44.246493706335045,42.47663395808164,1.0,0.977115204587941
539,539,5380.0121103174615,5.380012110317462,Sector 3,236.5284491295252,0.0,0,0.1,584637.9398284169,6618572.009194242,5.25189197024016,50.984610836406176,44.246493706507636,42.47663395824733,1.0,0.9771152045905822
539,539,5380.0121103174615,5.380012110317462,Sector 3,236.5284491295252,0.0,1,0.25,584681.9018961575,6618587.753331603,5.252286888213889,50.984699871876046,44.246493706507636,42.47663395824733,1.0,0.9771152045905822
539,539,5380.0121103174615,5.380012110317462,Sector 3,236.5284491295252,0.0,2,0.5,584755.1720090586,6618613.993560538,5.252945084836771,50.98484826394636,44.246493706507636,42.47663395824733,1.0,0.9771152045905822
539,539,5380.0121103174615,5.380012110317462,Sector 3,236.5284491295252,0.0,3,0.75,584828.4421219598,6618640.233789473,5.253603281459654,50.98499665554233,44.246493706507636,42.47663395824733,1.0,0.9771152045905822
539,539,5380.0121103174615,5.380012110317462,Sector 3,236.5284491295252,0.0,4,0.9,584872.4041897004,6618655.977926834,5.253998199433383,50.98508569027223,44.246493706507636,42.47663395824733,1.0,0.9771152045905822
540,540,5390.012110317133,5.390012110317133,Sector 3,236.5284491240996,8.347403406345782,0,0.1,584630.2195504815,6618575.538200971,5.25182261780349,50.984630793486,43.777747146587906,42.026637260724385,1.0,0.9699418582701596
540,540,5390.012110317133,5.390012110317133,Sector 3,236.5284491240996,8.347403406345782,1,0.25,584675.6196788191,6618589.05000666,5.252230454095357,50.984707204761335,43.777747146587906,42.026637260724385,1.0,0.9699418582701596
540,540,5390.012110317133,5.390012110317133,Sector 3,236.5284491240996,8.347403406345782,2,0.5,584751.2865593815,6618611.569682808,5.252910181248464,50.98483455660739,43.777747146587906,42.026637260724385,1.0,0.9699418582701596
540,540,5390.012110317133,5.390012110317133,Sector 3,236.5284491240996,8.347403406345782,3,0.75,584826.953439944,6618634.089358956,5.253589908401573,50.98496190810408,43.777747146587906,42.026637260724385,1.0,0.9699418582701596
540,540,5390.012110317133,5.390012110317133,Sector 3,236.5284491240996,8.347403406345782,4,0.9,584872.3535682815,6618647.601164645,5.25399774469344,50.98503831883439,43.777747146587906,42.026637260724385,1.0,0.9699418582701596
541,541,5400.012110317319,5.400012110317319,Sector 3,236.52844912517352,0.0,0,0.1,584622.3328433733,6618579.060946102,5.251751770308123,50.984650715146955,44.24649370624997,42.47663395799997,1.0,0.9771152045866391
541,541,5400.012110317319,5.400012110317319,Sector 3,236.52844912517352,0.0,1,0.25,584668.9213885488,6618590.331027719,5.252170282330083,50.98471444911985,44.24649370624997,42.47663395799997,1.0,0.9771152045866391
541,541,5400.012110317319,5.400012110317319,Sector 3,236.52844912517352,0.0,2,0.5,584746.5689638413,6618609.114497082,5.252867802366684,50.984820672213566,44.24649370624997,42.47663395799997,1.0,0.9771152045866391
541,541,5400.012110317319,5.400012110317319,Sector 3,236.52844912517352,0.0,3,0.75,584824.2165391339,6618627.8979664445,5.253565322403285,50.98492689506421,44.24649370624997,42.47663395799997,1.0,0.9771152045866391
541,541,5400.012110317319,5.400012110317319,Sector 3,236.52844912517352,0.0,4,0.9,584870.8050843094,6618639.168048061,5.253983834425246,50.984990628657926,44.24649370624997,42.47663395799997,1.0,0.9771152045866391
542,542,5410.012110317407,5.410012110317407,Sector 3,236.52844913644535,0.0,0,0.1,584614.3854644463,6618582.589799549,5.251680377788535,50.984670671342805,44.24649370691738,42.47663395864068,1.0,0.9771152045968525
542,542,5410.012110317407,5.410012110317407,Sector 3,236.52844913644535,0.0,1,0.25,584662.0714187315,6618591.627319571,5.2521087480042565,50.98472177983575,44.24649370691738,42.47663395864068,1.0,0.9771152045968525
542,542,5410.012110317407,5.410012110317407,Sector 3,236.52844913644535,0.0,2,0.5,584741.548009207,6618606.689852938,5.252822698363795,50.98480696053227,44.24649370691738,42.47663395864068,1.0,0.9771152045968525
542,542,5410.012110317407,5.410012110317407,Sector 3,236.52844913644535,0.0,3,0.75,584821.0245996824,6618621.7523863055,5.253536648723333,50.98489214107249,44.24649370691738,42.47663395864068,1.0,0.9771152045968525
542,542,5410.012110317407,5.410012110317407,Sector 3,236.52844913644535,0.0,4,0.9,584868.7105539676,6618630.789906327,5.253965018939056,50.9849432493216,44.24649370691738,42.47663395864068,1.0,0.9771152045968525
543,543,5420.012110317079,5.420012110317079,Sector 3,236.52844912296712,-4.109064125878408,0,0.1,584606.4409645601,6618586.284513049,5.25160901113181,50.98469156549295,44.13275630811744,42.36744605579274,1.0,0.975374652620715
543,543,5420.012110317079,5.420012110317079,Sector 3,236.52844912296712,-4.109064125878408,1,0.25,584655.0597966785,6618593.100204043,5.25204576153169,50.98473010920678,44.13275630811744,42.36744605579274,1.0,0.975374652620715
543,543,5420.012110317079,5.420012110317079,Sector 3,236.52844912296712,-4.109064125878408,2,0.5,584736.0911835423,6618604.459689034,5.252773678864821,50.98479434865872,44.13275630811744,42.36744605579274,1.0,0.975374652620715
543,543,5420.012110317079,5.420012110317079,Sector 3,236.52844912296712,-4.109064125878408,3,0.75,584817.1225704062,6618615.819174025,5.253501596197954,50.98485858802175,44.13275630811744,42.36744605579274,1.0,0.975374652620715
543,543,5420.012110317079,5.420012110317079,Sector 3,236.52844912296712,-4.109064125878408,4,0.9,584865.7414025245,6618622.6348650195,5.253938346597834,50.9848971315969,44.13275630811744,42.36744605579274,1.0,0.975374652620715
544,544,5430.012110317264,5.430012110317264,Sector 3,236.52844912702136,2.2438533724162366,0,0.1,584599.178976052,6618591.260889675,5.251543775579111,50.98471970762237,44.21256736396597,42.444064669407325,1.0,0.9765960212509148
544,544,5430.012110317264,5.430012110317264,Sector 3,236.52844912702136,2.2438533724162366,1,0.25,584648.3114121573,6618595.7427360695,5.2519851397621045,50.98474505309723,44.21256736396597,42.444064669407325,1.0,0.9765960212509148
544,544,5430.012110317264,5.430012110317264,Sector 3,236.52844912702136,2.2438533724162366,2,0.5,584730.1988056663,6618603.21248006,5.252720746733764,50.98478729552456,44.21256736396597,42.444064669407325,1.0,0.9765960212509148
544,544,5430.012110317264,5.430012110317264,Sector 3,236.52844912702136,2.2438533724162366,3,0.75,584812.0861991753,6618610.68222405,5.253456353705422,50.98482953791345,44.21256736396597,42.444064669407325,1.0,0.9765960212509148
544,544,5430.012110317264,5.430012110317264,Sector 3,236.52844912702136,2.2438533724162366,4,0.9,584861.2186352806,6618615.164070445,5.253897717888416,50.98485488332834,44.21256736396597,42.444064669407325,1.0,0.9765960212509148
545,545,5440.01211031745,5.44001211031745,Sector 3,236.5284491320897,0.0,0,0.1,584591.7668141137,6618596.32419593,5.251477190995535,50.98474834133391,44.24649370665948,42.476633958393094,1.0,0.9771152045929059
545,545,5440.01211031745,5.44001211031745,Sector 3,236.5284491320897,0.0,1,0.25,584641.1875940609,6618598.602592169,5.2519211454153325,50.98476122598047,44.24649370665948,42.476633958393094,1.0,0.9771152045929059
545,545,5440.01211031745,5.44001211031745,Sector 3,236.5284491320897,0.0,2,0.5,584723.5555606396,6618602.399919234,5.252661069448327,50.98478270038345,44.24649370665948,42.476633958393094,1.0,0.9771152045929059
545,545,5440.01211031745,5.44001211031745,Sector 3,236.5284491320897,0.0,3,0.75,584805.9235272183,6618606.1972463,5.253400993481321,50.9848041747765,44.24649370665948,42.476633958393094,1.0,0.9771152045929059
545,545,5440.01211031745,5.44001211031745,Sector 3,236.5284491320897,0.0,4,0.9,584855.3443071655,6618608.47564254,5.2538449479011184,50.984817059407554,44.24649370665948,42.476633958393094,1.0,0.9771152045929059
546,546,5450.012110317025,5.450012110317025,Sector 3,236.5284491304958,0.0,0,0.1,584584.2902893197,6618601.4344298,5.251410028230589,50.98477724040983,44.24649370656511,42.47663395830251,1.0,0.9771152045914617
546,546,5450.012110317025,5.450012110317025,Sector 3,236.5284491304958,0.0,1,0.25,584633.9028688243,6618601.579767306,5.251855705615126,50.98477806231317,44.24649370656511,42.47663395830251,1.0,0.9771152045914617
546,546,5450.012110317025,5.450012110317025,Sector 3,236.5284491304958,0.0,2,0.5,584716.5905013321,6618601.821996484,5.25259850125602,50.98477943215204,44.24649370656511,42.47663395830251,1.0,0.9771152045914617
546,546,5450.012110317025,5.450012110317025,Sector 3,236.5284491304958,0.0,3,0.75,584799.2781338398,6618602.0642256625,5.253341296896913,50.98478080199086,44.24649370656511,42.47663395830251,1.0,0.9771152045914617
546,546,5450.012110317025,5.450012110317025,Sector 3,236.5284491304958,0.0,4,0.9,584848.8907133444,6618602.209563169,5.25378697428145,50.98478162389414,44.24649370656511,42.47663395830251,1.0,0.9771152045914617
547,547,5460.0121103172105,5.46001211031721,Sector 3,236.5284491122168,0.0,0,0.1,584577.4082591512,6618607.3115803655,5.251348205901729,50.98481047648296,44.246493705482806,42.476633957263495,1.0,0.977115204574899
547,547,5460.0121103172105,5.46001211031721,Sector 3,236.5284491122168,0.0,1,0.25,584626.9651391376,6618605.338341025,5.251793382928979,50.98479931755302,44.246493705482806,42.476633957263495,1.0,0.977115204574899
547,547,5460.0121103172105,5.46001211031721,Sector 3,236.5284491122168,0.0,2,0.5,584709.5599391151,6618602.049608789,5.252535344641065,50.98478071933047,44.246493705482806,42.476633957263495,1.0,0.977115204574899
547,547,5460.0121103172105,5.46001211031721,Sector 3,236.5284491122168,0.0,3,0.75,584792.1547390926,6618598.760876555,5.253277306353151,50.98476212110048,44.246493705482806,42.476633957263495,1.0,0.977115204574899
547,547,5460.0121103172105,5.46001211031721,Sector 3,236.5284491122168,0.0,4,0.9,584841.711619079,6618596.787637213,5.253722483380401,50.9847509621589,44.246493705482806,42.476633957263495,1.0,0.977115204574899
548,548,5470.012110317396,5.470012110317396,Sector 3,236.52844913880375,0.0,0,0.1,584570.7614076486,6618613.570158749,5.251288496218768,50.98484586955531,44.24649370705702,42.47663395877474,1.0,0.9771152045989897
548,548,5470.012110317396,5.470012110317396,Sector 3,236.52844913880375,0.0,1,0.25,584620.1128080216,6618609.549413014,5.251731827391246,50.984823131719885,44.24649370705702,42.47663395877474,1.0,0.9771152045989897
548,548,5470.012110317396,5.470012110317396,Sector 3,236.52844913880375,0.0,2,0.5,584702.3651419766,6618602.848170124,5.252470712678709,50.984785235302766,44.24649370705702,42.47663395877474,1.0,0.9771152045989897
548,548,5470.012110317396,5.470012110317396,Sector 3,236.52844913880375,0.0,3,0.75,584784.6174759315,6618596.146927234,5.253209597966171,50.98474733885471,44.24649370705702,42.47663395877474,1.0,0.9771152045989897
548,548,5470.012110317396,5.470012110317396,Sector 3,236.52844913880375,0.0,4,0.9,584833.9688763046,6618592.126181499,5.2536529291386485,50.98472460097102,44.24649370705702,42.47663395877474,1.0,0.9771152045989897
549,549,5480.012110317484,5.480012110317484,Sector 3,236.52844912971665,0.0,0,0.1,584564.1266588991,6618620.046601059,5.251228895256689,50.98488249464801,44.246493706518976,42.47663395825821,1.0,0.9771152045907558
549,549,5480.012110317484,5.480012110317484,Sector 3,236.52844912971665,0.0,1,0.25,584613.1189166995,6618614.164564284,5.251669000196546,50.984849230994286,44.246493706518976,42.47663395825821,1.0,0.9771152045907558
549,549,5480.012110317484,5.480012110317484,Sector 3,236.52844912971665,0.0,2,0.5,584694.7726797003,6618604.361169658,5.25240250842964,50.98479379151846,44.246493706518976,42.47663395825821,1.0,0.9771152045907558
549,549,5480.012110317484,5.480012110317484,Sector 3,236.52844912971665,0.0,3,0.75,584776.4264427009,6618594.557775032,5.253136016662733,50.98473835197642,44.246493706518976,42.47663395825821,1.0,0.9771152045907558
549,549,5480.012110317484,5.480012110317484,Sector 3,236.52844912971665,0.0,4,0.9,584825.4187005013,6618588.675738256,5.253576121602589,50.984705088219414,44.246493706518976,42.47663395825821,1.0,0.9771152045907558
550,550,5490.012110317156,5.490012110317156,Sector 3,236.2662312182229,0.0,0,0.1,584557.6671177434,6618626.709312044,5.251170868211203,50.98492017308325,44.23093570607218,42.46169827782929,1.0,0.976877116602916
550,550,5490.012110317156,5.490012110317156,Sector 3,236.2662312182229,0.0,1,0.25,584606.2456124661,6618618.98566484,5.2516072562540925,50.98487649492275,44.23093570607218,42.46169827782929,1.0,0.976877116602916
550,550,5490.012110317156,5.490012110317156,Sector 3,236.2662312182229,0.0,2,0.5,584687.2097703373,6618606.112919499,5.252334569658908,50.98480369789725,44.23093570607218,42.46169827782929,1.0,0.976877116602916
550,550,5490.012110317156,5.490012110317156,Sector 3,236.2662312182229,0.0,3,0.75,584768.1739282085,6618593.2401741585,5.253061883063723,50.9847309007576,44.23093570607218,42.46169827782929,1.0,0.976877116602916
550,550,5490.012110317156,5.490012110317156,Sector 3,236.2662312182229,0.0,4,0.9,584816.7524229313,6618585.516526954,5.253498271106612,50.98468722241901,44.23093570607218,42.46169827782929,1.0,0.976877116602916
551,551,5500.011961315297,5.500011961315297,Sector 3,235.89314718007176,25.54127589831348,0,0.1,584551.2966941491,6618633.484005337,5.251113641722392,50.9849584847606,39.88839140570987,38.29285574948147,1.0,0.9104220706531161
551,551,5500.011961315297,5.500011961315297,Sector 3,235.89314718007176,25.54127589831348,1,0.25,584599.4180175524,6618623.9610806415,5.251545922925445,50.98490463150648,39.88839140570987,38.29285574948147,1.0,0.9104220706531161
551,551,5500.011961315297,5.500011961315297,Sector 3,235.89314718007176,25.54127589831348,2,0.5,584679.6202232244,6618608.089539483,5.252266391597197,50.98481487594413,39.88839140570987,38.29285574948147,1.0,0.9104220706531161
551,551,5500.011961315297,5.500011961315297,Sector 3,235.89314718007176,25.54127589831348,3,0.75,584759.8224288963,6618592.217998325,5.2529868602689485,50.98472512020823,39.88839140570987,38.29285574948147,1.0,0.9104220706531161
551,551,5500.011961315297,5.500011961315297,Sector 3,235.89314718007176,25.54127589831348,4,0.9,584807.9437522995,6618582.69507363,5.253419141472,50.98467126668341,39.88839140570987,38.29285574948147,1.0,0.9104220706531161
552,552,5510.011961315157,5.510011961315158,Sector 3,235.89314718300665,-25.7486780352808,0,0.1,584545.4795013757,6618640.7379787015,5.251061384990602,50.98499950678737,39.81913199713757,38.22636671725206,1.0,0.9093621765309665
552,552,5510.011961315157,5.510011961315158,Sector 3,235.89314718300665,-25.7486780352808,1,0.25,584593.0083745022,6618629.448174343,5.251488344122267,50.984935661671436,39.81913199713757,38.22636671725206,1.0,0.9093621765309665
552,552,5510.011961315157,5.510011961315158,Sector 3,235.89314718300665,-25.7486780352808,2,0.5,584672.2231630465,6618610.631833747,5.252199942675044,50.98482925294976,39.81913199713757,38.22636671725206,1.0,0.9093621765309665
552,552,5510.011961315157,5.510011961315158,Sector 3,235.89314718300665,-25.7486780352808,3,0.75,584751.4379515909,6618591.815493152,5.25291154122782,50.98472284398418,39.81913199713757,38.22636671725206,1.0,0.9093621765309665
552,552,5510.011961315157,5.510011961315158,Sector 3,235.89314718300665,-25.7486780352808,4,0.9,584798.9668247174,6618580.5256887935,5.253338500359485,50.984658998487745,39.81913199713757,38.22636671725206,1.0,0.9093621765309665
553,553,5520.011961315017,5.520011961315017,Sector 3,235.89314716545164,0.0,0,0.1,584539.8327030644,6618648.135053509,5.251010658938308,50.985041338031394,44.20868958040535,42.44034199718913,1.0,0.9765366785552785
553,553,5520.011961315017,5.520011961315017,Sector 3,235.89314716545164,0.0,1,0.25,584586.71707512,6618635.119312368,5.2514318284183465,50.984967732607046,44.20868958040535,42.44034199718913,1.0,0.9765366785552785
553,553,5520.011961315017,5.520011961315017,Sector 3,235.89314716545164,0.0,2,0.5,584664.8576952127,6618613.426410467,5.252133777551745,50.984845056640445,44.20868958040535,42.44034199718913,1.0,0.9765366785552785
553,553,5520.011961315017,5.520011961315017,Sector 3,235.89314716545164,0.0,3,0.75,584742.9983153054,6618591.733508566,5.252835726685144,50.98472238034966,44.20868958040535,42.44034199718913,1.0,0.9765366785552785
553,553,5520.011961315017,5.520011961315017,Sector 3,235.89314716545164,0.0,4,0.9,584789.882687361,6618578.717767426,5.253256896165183,50.98464877441959,44.20868958040535,42.44034199718913,1.0,0.9765366785552785
554,554,5530.011961315399,5.530011961315399,Sector 3,235.8931471790687,0.0,0,0.1,584534.8940036364,6618655.976274527,5.25096629384651,50.985085680928265,44.20868958121965,42.44034199797086,1.0,0.9765366785677401
554,554,5530.011961315399,5.530011961315399,Sector 3,235.8931471790687,0.0,1,0.25,584580.9996316846,6618641.225277666,5.251380467750106,50.985002262515955,44.20868958121965,42.44034199797086,1.0,0.9765366785677401
554,554,5530.011961315399,5.530011961315399,Sector 3,235.8931471790687,0.0,2,0.5,584657.8423450983,6618616.640282896,5.252070757589433,50.98486323149563,44.20868958121965,42.44034199797086,1.0,0.9765366785677401
554,554,5530.011961315399,5.530011961315399,Sector 3,235.8931471790687,0.0,3,0.75,584734.685058512,6618592.055288127,5.252761047428761,50.98472420005891,44.20868958121965,42.44034199797086,1.0,0.9765366785677401
554,554,5530.011961315399,5.530011961315399,Sector 3,235.8931471790687,0.0,4,0.9,584780.7906865602,6618577.304291266,5.2531752213323575,50.984640780997026,44.20868958121965,42.44034199797086,1.0,0.9765366785677401
555,555,5540.011961315259,5.540011961315259,Sector 3,235.8931471742956,11.618216856386786,0,0.1,584529.8011868063,6618663.815716239,5.250920544294533,50.98513001372065,43.30290961214122,41.57079322765557,1.0,0.962675300236955
555,555,5540.011961315259,5.540011961315259,Sector 3,235.8931471742956,11.618216856386786,1,0.25,584575.1249409637,6618647.444668804,5.251327694505465,50.98503743383412,43.30290961214122,41.57079322765557,1.0,0.962675300236955
555,555,5540.011961315259,5.540011961315259,Sector 3,235.8931471742956,11.618216856386786,2,0.5,584650.6645312258,6618620.159589747,5.2520062781903505,50.98488313361294,43.30290961214122,41.57079322765557,1.0,0.962675300236955
555,555,5540.011961315259,5.540011961315259,Sector 3,235.8931471742956,11.618216856386786,3,0.75,584726.2041214879,6618592.874510689,5.252684861875237,50.984728832878886,43.30290961214122,41.57079322765557,1.0,0.962675300236955
555,555,5540.011961315259,5.540011961315259,Sector 3,235.8931471742956,11.618216856386786,4,0.9,584771.5278756453,6618576.503463254,5.25309201208617,50.98463625219227,43.30290961214122,41.57079322765557,1.0,0.962675300236955
556,556,5550.011961315119,5.55001196131512,Sector 3,235.8931471775319,0.0,0,0.1,584524.516438001,6618671.555950824,5.250873070588288,50.98517378544572,44.20868958112774,42.44034199788263,1.0,0.9765366785663334
556,556,5550.011961315119,5.55001196131512,Sector 3,235.8931471775319,0.0,1,0.25,584569.09030693,6618653.581387338,5.2512734844656,50.98507213760381,44.20868958112774,42.44034199788263,1.0,0.9765366785663334
556,556,5550.011961315119,5.55001196131512,Sector 3,235.8931471775319,0.0,2,0.5,584643.3800884782,6618623.623781526,5.251940840927786,50.98490272403935,44.20868958112774,42.44034199788263,1.0,0.9765366785663334
556,556,5550.011961315119,5.55001196131512,Sector 3,235.8931471775319,0.0,3,0.75,584717.6698700264,6618593.666175716,5.252608197389973,50.98473330985663,44.20868958112774,42.44034199788263,1.0,0.9765366785663334
556,556,5550.011961315119,5.55001196131512,Sector 3,235.8931471775319,0.0,4,0.9,584762.2437389555,6618575.691612229,5.253008611267286,50.98463166105023,44.20868958112774,42.44034199788263,1.0,0.9765366785663334
557,557,5560.011961314979,5.560011961314979,Sector 3,235.89314717543567,0.0,0,0.1,584519.2316891956,6618679.296185411,5.250825596882041,50.98521755712951,44.208689581002396,42.440341997762296,1.0,0.9765366785644152
557,557,5560.011961314979,5.560011961314979,Sector 3,235.89314717543567,0.0,1,0.25,584563.0556728962,6618659.718105872,5.2512192744257336,50.98510684134755,44.208689581002396,42.440341997762296,1.0,0.9765366785644152
557,557,5560.011961314979,5.560011961314979,Sector 3,235.89314717543567,0.0,2,0.5,584636.0956457306,6618627.087973308,5.251875403665222,50.984922314457506,44.208689581002396,42.440341997762296,1.0,0.9765366785644152
557,557,5560.011961314979,5.560011961314979,Sector 3,235.89314717543567,0.0,3,0.75,584709.1356185649,6618594.457840743,5.252531532904709,50.98473778683395,44.208689581002396,42.440341997762296,1.0,0.9765366785644152
557,557,5560.011961314979,5.560011961314979,Sector 3,235.89314717543567,0.0,4,0.9,584752.9596022655,6618574.879761204,5.252925210448401,50.98462706990775,44.208689581002396,42.440341997762296,1.0,0.9765366785644152
558,558,5570.011961315361,5.570011961315361,Sector 3,235.89314717601215,0.0,0,0.1,584513.9432505696,6618687.057103929,5.250778090029573,50.98526144574126,44.20868958103687,42.44034199779539,1.0,0.9765366785649428
558,558,5570.011961315361,5.570011961315361,Sector 3,235.89314717601215,0.0,1,0.25,584557.0118143114,6618665.906534236,5.251164981520315,50.985141837489174,44.20868958103687,42.44034199779539,1.0,0.9765366785649428
558,558,5570.011961315361,5.570011961315361,Sector 3,235.89314717601215,0.0,2,0.5,584628.7927538811,6618630.655584746,5.251809800671555,50.984942489717525,44.20868958103687,42.44034199779539,1.0,0.9765366785649428
558,558,5570.011961315361,5.570011961315361,Sector 3,235.89314717601215,0.0,3,0.75,584700.5736934507,6618595.404635256,5.252454619822793,50.98474314108982,44.20868958103687,42.44034199779539,1.0,0.9765366785649428
558,558,5570.011961315361,5.570011961315361,Sector 3,235.89314717601215,0.0,4,0.9,584743.6422571924,6618574.254065563,5.252841511313536,50.984623531502294,44.20868958103687,42.44034199779539,1.0,0.9765366785649428
559,559,5580.011961315221,5.580011961315221,Sector 3,235.8931471712561,0.0,0,0.1,584508.6538172829,6618694.823598193,5.250730574241914,50.98530536584274,44.208689580752456,42.44034199752235,1.0,0.9765366785605905
559,559,5580.011961315221,5.580011961315221,Sector 3,235.8931471712561,0.0,1,0.25,584550.9654690741,6618672.1089019645,5.251110666276919,50.98517691243273,44.208689580752456,42.44034199752235,1.0,0.9765366785605905
559,559,5580.011961315221,5.580011961315221,Sector 3,235.8931471712561,0.0,2,0.5,584621.4848887261,6618634.251074918,5.251744153001925,50.98496282262617,44.208689580752456,42.44034199752235,1.0,0.9765366785605905
559,559,5580.011961315221,5.580011961315221,Sector 3,235.8931471712561,0.0,3,0.75,584692.0043083781,6618596.393247871,5.252377639726931,50.98474873183226,44.208689580752456,42.44034199752235,1.0,0.9765366785605905
559,559,5580.011961315221,5.580011961315221,Sector 3,235.8931471712561,0.0,4,0.9,584734.3159601693,6618573.678551642,5.252757731761935,50.984620276881984,44.208689580752456,42.44034199752235,1.0,0.9765366785605905
560,560,5590.011961315081,5.590011961315081,Sector 3,235.8931471768935,0.0,0,0.1,584503.364383996,6618702.590092458,5.250683058454255,50.98534928590269,44.20868958108958,42.440341997846,1.0,0.9765366785657494
560,560,5590.011961315081,5.590011961315081,Sector 3,235.8931471768935,0.0,1,0.25,584544.9191238367,6618678.311269695,5.25105635103352,50.9852119873498,44.20868958108958,42.440341997846,1.0,0.9765366785657494
560,560,5590.011961315081,5.590011961315081,Sector 3,235.8931471768935,0.0,2,0.5,584614.1770235712,6618637.846565089,5.251678505332295,50.9849831555259,44.20868958108958,42.440341997846,1.0,0.9765366785657494
560,560,5590.011961315081,5.590011961315081,Sector 3,235.8931471768935,0.0,3,0.75,584683.4349233056,6618597.381860483,5.252300659631071,50.98475432257401,44.20868958108958,42.440341997846,1.0,0.9765366785657494
560,560,5590.011961315081,5.590011961315081,Sector 3,235.8931471768935,0.0,4,0.9,584724.9896631463,6618573.103037721,5.252673952210335,50.98461702226144,44.20868958108958,42.440341997846,1.0,0.9765366785657494
561,561,5600.011961314941,5.600011961314941,Sector 3,235.8931471644252,-14.301710034205838,0,0.1,584498.0749507092,6618710.356586722,5.250635542666597,50.98539320592108,42.83858974865825,41.12504615871192,1.0,0.9555696967637584
561,561,5600.011961314941,5.600011961314941,Sector 3,235.8931471644252,-14.301710034205838,1,0.25,584538.8727785994,6618684.5136374235,5.251002035790123,50.985247062240354,42.83858974865825,41.12504615871192,1.0,0.9555696967637584
561,561,5600.011961314941,5.600011961314941,Sector 3,235.8931471644252,-14.301710034205838,2,0.5,584606.8691584163,6618641.442055261,5.251612857662666,50.98500348841675,42.83858974865825,41.12504615871192,1.0,0.9555696967637584
561,561,5600.011961314941,5.600011961314941,Sector 3,235.8931471644252,-14.301710034205838,3,0.75,584674.8655382332,6618598.370473098,5.252223679535209,50.98475991331511,42.83858974865825,41.12504615871192,1.0,0.9555696967637584
561,561,5600.011961314941,5.600011961314941,Sector 3,235.8931471644252,-14.301710034205838,4,0.9,584715.6633661233,6618572.5275238,5.252590172658735,50.98461376764067,42.83858974865825,41.12504615871192,1.0,0.9555696967637584
562,562,5610.011961315323,5.6100119613153225,Sector 3,235.89314718665025,-3.3425801551567167,0,0.1,584492.7842190549,6618718.131507331,5.250588015215503,50.98543717354935,44.13348005350084,42.368140851360806,1.0,0.9753857282780678
562,562,5610.011961315323,5.6100119613153225,Sector 3,235.89314718665025,-3.3425801551567167,1,0.25,584532.8231874435,6618690.737071012,5.250947691388143,50.98528225623342,44.13348005350084,42.368140851360806,1.0,0.9753857282780678
562,562,5610.011961315323,5.6100119613153225,Sector 3,235.89314718665025,-3.3425801551567167,2,0.5,584599.5548014247,6618645.07967715,5.251547151675876,50.98502405955799,44.13348005350084,42.368140851360806,1.0,0.9753857282780678
562,562,5610.011961315323,5.6100119613153225,Sector 3,235.89314718665025,-3.3425801551567167,3,0.75,584666.286415406,6618599.422283286,5.252146611963609,50.98476586144648,44.13348005350084,42.368140851360806,1.0,0.9753857282780678
562,562,5610.011961315323,5.6100119613153225,Sector 3,235.89314718665025,-3.3425801551567167,4,0.9,584706.3253837947,6618572.027846968,5.2525062881362485,50.984610941890246,44.13348005350084,42.368140851360806,1.0,0.9753857282780678
563,563,5620.011961315183,5.620011961315183,Sector 3,235.8931471706689,0.0,0,0.1,584487.4916708913,6618725.918217001,5.250540471446431,50.98548120780373,44.20868958071735,42.44034199748865,1.0,0.9765366785600531
563,563,5620.011961315183,5.620011961315183,Sector 3,235.8931471706689,0.0,1,0.25,584526.7690550142,6618696.989977257,5.25089330619121,50.985317616869736,44.20868958071735,42.44034199748865,1.0,0.9765366785600531
563,563,5620.011961315183,5.620011961315183,Sector 3,235.8931471706689,0.0,2,0.5,584592.231361886,6618648.776244352,5.251481364099177,50.98504496403197,44.20868958071735,42.44034199748865,1.0,0.9765366785600531
563,563,5620.011961315183,5.620011961315183,Sector 3,235.8931471706689,0.0,3,0.75,584657.6936687578,6618600.562511446,5.252069422007143,50.98477230959279,44.20868958071735,42.44034199748865,1.0,0.9765366785600531
563,563,5620.011961315183,5.620011961315183,Sector 3,235.8931471706689,0.0,4,0.9,584696.9710528807,6618571.634271703,5.252422256751921,50.98460871616062,44.20868958071735,42.44034199748865,1.0,0.9765366785600531
564,564,5630.011961315043,5.630011961315042,Sector 3,235.8931471795605,0.0,0,0.1,584482.1955908157,6618733.739992402,5.2504928959496535,50.98552544031461,44.20868958124906,42.4403419979991,1.0,0.9765366785681899
564,564,5630.011961315043,5.630011961315042,Sector 3,235.8931471795605,0.0,1,0.25,584520.7060928053,6618703.330547828,5.250838841675016,50.98535347322664,44.20868958124906,42.4403419979991,1.0,0.9765366785681899
564,564,5630.011961315043,5.630011961315042,Sector 3,235.8931471795605,0.0,2,0.5,584584.8902627877,6618652.648140207,5.251415417883954,50.9850668599977,44.20868958124906,42.4403419979991,1.0,0.9765366785681899
564,564,5630.011961315043,5.630011961315042,Sector 3,235.8931471795605,0.0,3,0.75,584649.0744327703,6618601.965732585,5.251991994092893,50.98478024499917,44.20868958124906,42.4403419979991,1.0,0.9765366785681899
564,564,5630.011961315043,5.630011961315042,Sector 3,235.8931471795605,0.0,4,0.9,584687.5849347597,6618571.556288011,5.252337939818254,50.98460827515065,44.20868958124906,42.4403419979991,1.0,0.9765366785681899
565,565,5640.011961314903,5.640011961314903,Sector 3,235.8931471721617,0.0,0,0.1,584476.8946115038,6618741.610408682,5.250445276442286,50.98556994784942,44.208689580806606,42.44034199757434,1.0,0.9765366785614191
565,565,5640.011961314903,5.640011961314903,Sector 3,235.8931471721617,0.0,1,0.25,584514.6308825052,6618709.7927206,5.250784267132349,50.98539001722374,44.208689580806606,42.44034199757434,1.0,0.9765366785614191
565,565,5640.011961314903,5.640011961314903,Sector 3,235.8931471721617,0.0,2,0.5,584577.5246675075,6618656.763240462,5.251349251615785,50.98509013129778,44.208689580806606,42.44034199757434,1.0,0.9765366785614191
565,565,5640.011961314903,5.640011961314903,Sector 3,235.8931471721617,0.0,3,0.75,584640.4184525098,6618603.733760324,5.251914236099222,50.98479024343456,44.208689580806606,42.44034199757434,1.0,0.9765366785614191
565,565,5640.011961314903,5.640011961314903,Sector 3,235.8931471721617,0.0,4,0.9,584678.1547235112,6618571.916072242,5.252253226789285,50.98461030978672,44.208689580806606,42.44034199757434,1.0,0.9765366785614191
566,566,5650.011961315285,5.650011961315284,Sector 3,235.89314717544067,24.57003541413304,0,0.1,584471.5932267238,6618749.490929726,5.250397653292538,50.98561451248434,40.205755936170064,38.59752569872326,1.0,0.9152787797609101
566,566,5650.011961315285,5.650011961315284,Sector 3,235.89314717544067,24.57003541413304,1,0.25,584508.5546585354,6618716.280155275,5.250729683483731,50.98542670404957,40.205755936170064,38.59752569872326,1.0,0.9152787797609101
566,566,5650.011961315285,5.650011961315284,Sector 3,235.89314717544067,24.57003541413304,2,0.5,584570.1570448878,6618660.928864524,5.2512830671357165,50.98511368830313,40.205755936170064,38.59752569872326,1.0,0.9152787797609101
566,566,5650.011961315285,5.650011961315284,Sector 3,235.89314717544067,24.57003541413304,3,0.75,584631.7594312403,6618605.5775737725,5.251836450787702,50.984800670446056,40.205755936170064,38.59752569872326,1.0,0.9152787797609101
566,566,5650.011961315285,5.650011961315284,Sector 3,235.89314717544067,24.57003541413304,4,0.9,584668.7208630517,6618572.366799322,5.252168480978894,50.9846128587187,40.205755936170064,38.59752569872326,1.0,0.9152787797609101
567,567,5660.011961315145,5.660011961315145,Sector 3,235.89314717872392,0.0,0,0.1,584466.2908057217,6618757.3972747205,5.250350020834246,50.985659223111654,44.20868958119904,42.44034199795107,1.0,0.9765366785674245
567,567,5660.011961315145,5.660011961315145,Sector 3,235.89314717872392,0.0,1,0.25,584502.4758440093,6618722.832149832,5.250675076563749,50.98546375593592,44.20868958119904,42.44034199795107,1.0,0.9765366785674245
567,567,5660.011961315145,5.660011961315145,Sector 3,235.89314717872392,0.0,2,0.5,584562.7842411556,6618665.223608349,5.2512168361129214,50.98513797548066,44.20868958119904,42.44034199795107,1.0,0.9765366785674245
567,567,5660.011961315145,5.660011961315145,Sector 3,235.89314717872392,0.0,3,0.75,584623.0926383019,6618607.615066867,5.2517585956620945,50.98481219273912,44.20868958119904,42.44034199795107,1.0,0.9765366785674245
567,567,5660.011961315145,5.660011961315145,Sector 3,235.89314717872392,0.0,4,0.9,584659.2776765896,6618573.049941978,5.2520836513915965,50.984616721996765,44.20868958119904,42.44034199795107,1.0,0.9765366785674245
568,568,5670.011961315005,5.670011961315004,Sector 3,235.89314716571675,0.0,0,0.1,584460.9910973328,6618765.380367998,5.250302412743776,50.98570436770921,44.2086895804212,42.44034199720435,1.0,0.976536678555521
568,568,5670.011961315005,5.670011961315004,Sector 3,235.89314716571675,0.0,1,0.25,584496.403811017,6618729.576015092,5.250620530563323,50.98550189283067,44.2086895804212,42.44034199720435,1.0,0.976536678555521
568,568,5670.011961315005,5.670011961315004,Sector 3,235.89314716571675,0.0,2,0.5,584555.4250004909,6618669.902093584,5.251150726929235,50.98516443273724,44.2086895804212,42.44034199720435,1.0,0.976536678555521
568,568,5670.011961315005,5.670011961315004,Sector 3,235.89314716571675,0.0,3,0.75,584614.4461899648,6618610.228172074,5.251680923295148,50.98482697019065,44.2086895804212,42.44034199720435,1.0,0.976536678555521
568,568,5670.011961315005,5.670011961315004,Sector 3,235.89314716571675,0.0,4,0.9,584649.858903649,6618574.423819169,5.251999041114695,50.98462449148518,44.2086895804212,42.44034199720435,1.0,0.976536678555521
569,569,5680.0119613153865,5.680011961315387,Sector 3,235.89314717491408,0.0,0,0.1,584455.6927133619,6618773.400933188,5.250254816550754,50.985749724167185,44.2086895809712,42.440341997732354,1.0,0.9765366785639378
569,569,5680.0119613153865,5.680011961315387,Sector 3,235.89314717491408,0.0,1,0.25,584490.3350890701,6618736.413560139,5.250566014306523,50.9855405594573,44.2086895809712,42.440341997732354,1.0,0.9765366785639378
569,569,5680.0119613153865,5.680011961315387,Sector 3,235.89314717491408,0.0,2,0.5,584548.0723819169,6618674.7679383885,5.251084677232802,50.98519194951312,44.2086895809712,42.440341997732354,1.0,0.9765366785639378
569,569,5680.0119613153865,5.680011961315387,Sector 3,235.89314717491408,0.0,3,0.75,584605.8096747638,6618613.122316638,5.251603340159083,50.984843336951,44.2086895809712,42.440341997732354,1.0,0.9765366785639378
569,569,5680.0119613153865,5.680011961315387,Sector 3,235.89314717491408,0.0,4,0.9,584640.4520504719,6618576.134943589,5.2519145379148515,50.98463416815711,44.2086895809712,42.440341997732354,1.0,0.9765366785639378
570,570,5690.011961315247,5.690011961315246,Sector 3,235.8931471779257,-22.13833344911452,0,0.1,584450.404907728,6618781.481358983,5.250207315384549,50.985795419093265,40.94947965353761,39.3115004673961,1.0,0.9266601705753901
570,570,5690.011961315247,5.690011961315246,Sector 3,235.8931471779257,-22.13833344911452,1,0.25,584484.2928129648,6618743.400756692,5.25051173561676,50.985580072336695,40.94947965353761,39.3115004673961,1.0,0.9266601705753901
570,570,5690.011961315247,5.690011961315246,Sector 3,235.8931471779257,-22.13833344911452,2,0.5,584540.772655026,6618679.933086207,5.251019102670443,50.98522115885575,40.94947965353761,39.3115004673961,1.0,0.9266601705753901
570,570,5690.011961315247,5.690011961315246,Sector 3,235.8931471779257,-22.13833344911452,3,0.75,584597.2524970872,6618616.465415723,5.2515264697241255,50.98486224259982,40.94947965353761,39.3115004673961,1.0,0.9266601705753901
570,570,5690.011961315247,5.690011961315246,Sector 3,235.8931471779257,-22.13833344911452,4,0.9,584631.140402324,6618578.384813432,5.251830889956335,50.98464689151426,40.94947965353761,39.3115004673961,1.0,0.9266601705753901
571,571,5700.011961315106,5.700011961315107,Sector 3,235.89314717855763,0.0,0,0.1,584445.1605389593,6618789.676829456,5.2501602044183455,50.985841764552745,44.208689581189084,42.440341997941516,1.0,0.9765366785672722
571,571,5700.011961315106,5.700011961315107,Sector 3,235.89314717855763,0.0,1,0.25,584478.3165518773,6618750.652555569,5.250458049949993,50.98562108151737,44.208689581189084,42.440341997941516,1.0,0.9765366785672722
571,571,5700.011961315106,5.700011961315107,Sector 3,235.89314717855763,0.0,2,0.5,584533.576573407,6618685.612099089,5.250954459169401,50.985253274127054,44.208689581189084,42.440341997941516,1.0,0.9765366785672722
571,571,5700.011961315106,5.700011961315107,Sector 3,235.89314717855763,0.0,3,0.75,584588.8365949369,6618620.571642609,5.251450868388813,50.984885463822486,44.208689581189084,42.440341997941516,1.0,0.9765366785672722
571,571,5700.011961315106,5.700011961315107,Sector 3,235.89314717855763,0.0,4,0.9,584621.9926078548,6618581.547368722,5.251748713920458,50.984664776240926,44.208689581189084,42.440341997941516,1.0,0.9765366785672722
572,572,5710.011961314966,5.710011961314966,Sector 3,235.89314716852036,0.0,0,0.1,584439.9386639331,6618797.924333853,5.250113295516867,50.98588840421782,44.20868958058885,42.440341997365294,1.0,0.9765366785580867
572,572,5710.011961314966,5.710011961314966,Sector 3,235.89314716852036,0.0,1,0.25,584472.382989229,6618758.027124224,5.250404747849831,50.98566278492837,44.20868958058885,42.440341997365294,1.0,0.9765366785580867
572,572,5710.011961314966,5.710011961314966,Sector 3,235.89314716852036,0.0,2,0.5,584526.4568647225,6618691.531774843,5.2508905017381045,50.98528675034245,44.20868958058885,42.440341997365294,1.0,0.9765366785580867
572,572,5710.011961314966,5.710011961314966,Sector 3,235.89314716852036,0.0,3,0.75,584580.5307402159,6618625.036425461,5.2513762556263766,50.98491071271047,44.20868958058885,42.440341997365294,1.0,0.9765366785580867
572,572,5710.011961314966,5.710011961314966,Sector 3,235.89314716852036,0.0,4,0.9,584612.9750655119,6618585.139215833,5.2516677079593395,50.98468508866917,44.20868958058885,42.440341997365294,1.0,0.9765366785580867
573,573,5720.011961315348,5.720011961315349,Sector 3,235.8931471798343,13.937398811324876,0,0.1,584434.7248939651,6618806.197574866,5.250066459424366,50.985935189376455,42.9071623370155,41.190875843534876,1.0,0.9566190803036791
573,573,5720.011961315348,5.720011961315349,Sector 3,235.8931471798343,13.937398811324876,1,0.25,584466.469689227,6618765.46603442,5.250351627772115,50.98570485215479,42.9071623370155,41.190875843534876,1.0,0.9566190803036791
573,573,5720.011961315348,5.720011961315349,Sector 3,235.8931471798343,13.937398811324876,2,0.5,584519.3776813303,6618697.580133677,5.2508269083517005,50.985320954245516,42.9071623370155,41.190875843534876,1.0,0.9566190803036791
573,573,5720.011961315348,5.720011961315349,Sector 3,235.8931471798343,13.937398811324876,3,0.75,584572.2856734337,6618629.694232935,5.251302188931286,50.98493705316144,42.9071623370155,41.190875843534876,1.0,0.9566190803036791
573,573,5720.011961315348,5.720011961315349,Sector 3,235.8931471798343,13.937398811324876,4,0.9,584604.0304686956,6618588.962692489,5.251587357279036,50.98470671098709,42.9071623370155,41.190875843534876,1.0,0.9566190803036791
574,574,5730.011961315208,5.730011961315208,Sector 3,235.89314717514225,0.0,0,0.1,584429.5272074711,6618814.51423671,5.250019767812169,50.98598222003228,44.208689580984846,42.44034199774545,1.0,0.9765366785641467
574,574,5730.011961315208,5.730011961315208,Sector 3,235.89314717514225,0.0,1,0.25,584460.5965979099,6618773.013496693,5.250298868895165,50.98574753320701,44.208689580984846,42.44034199774545,1.0,0.9765366785641467
574,574,5730.011961315208,5.730011961315208,Sector 3,235.89314717514225,0.0,2,0.5,584512.3789153079,6618703.8455966655,5.250764037366822,50.98535638586155,44.208689580984846,42.44034199774545,1.0,0.9765366785641467
574,574,5730.011961315208,5.730011961315208,Sector 3,235.89314717514225,0.0,3,0.75,584564.1612327059,6618634.677696637,5.251229205838479,50.98496523522025,44.208689580984846,42.44034199774545,1.0,0.9765366785641467
574,574,5730.011961315208,5.730011961315208,Sector 3,235.89314717514225,0.0,4,0.9,584595.2306231448,6618593.17695662,5.251508306921474,50.98473054325348,44.208689580984846,42.44034199774545,1.0,0.9765366785641467
575,575,5740.011961315068,5.740011961315068,Sector 3,235.89314718913317,0.0,0,0.1,584424.3624768635,6618822.898674914,5.249973372247739,50.98602963391463,44.20868958182151,42.44034199854865,1.0,0.9765366785769503
575,575,5740.011961315068,5.740011961315068,Sector 3,235.89314718913317,0.0,1,0.25,584454.8058963085,6618780.7303998675,5.2502468501376205,50.98579117241038,44.20868958182151,42.44034199854865,1.0,0.9765366785769503
575,575,5740.011961315068,5.740011961315068,Sector 3,235.89314718913317,0.0,2,0.5,584505.5449287167,6618710.449941458,5.250702646620758,50.985393733847786,44.20868958182151,42.44034199854865,1.0,0.9765366785769503
575,575,5740.011961315068,5.740011961315068,Sector 3,235.89314718913317,0.0,3,0.75,584556.2839611248,6618640.169483049,5.251158443103895,50.98499629188248,44.20868958182151,42.44034199854865,1.0,0.9765366785769503
575,575,5740.011961315068,5.740011961315068,Sector 3,235.89314718913317,0.0,4,0.9,584586.7273805698,6618598.001208003,5.251431920993777,50.98475782506999,44.20868958182151,42.44034199854865,1.0,0.9765366785769503
576,576,5750.011961314928,5.750011961314928,Sector 3,235.8931471601499,0.0,0,0.1,584419.2274257813,6618831.344151388,5.24992724329902,50.98607739291861,44.208689580088304,42.44034199688477,1.0,0.9765366785504266
576,576,5750.011961314928,5.750011961314928,Sector 3,235.8931471601499,0.0,1,0.25,584449.0893935206,6618788.5998987155,5.250195497919361,50.985835674502326,44.208689580088304,42.44034199688477,1.0,0.9765366785504266
576,576,5750.011961314928,5.750011961314928,Sector 3,235.8931471601499,0.0,2,0.5,584498.8593397527,6618717.359477596,5.250642588953261,50.985432807678166,44.208689580088304,42.44034199688477,1.0,0.9765366785504266
576,576,5750.011961314928,5.750011961314928,Sector 3,235.8931471601499,0.0,3,0.75,584548.6292859847,6618646.119056476,5.251089679987161,50.985029937357695,44.208689580088304,42.44034199688477,1.0,0.9765366785504266
576,576,5750.011961314928,5.750011961314928,Sector 3,235.8931471601499,0.0,4,0.9,584578.491253724,6618603.374803804,5.251357934607502,50.98478821348717,44.208689580088304,42.44034199688477,1.0,0.9765366785504266
577,577,5760.01196131531,5.760011961315311,Sector 3,235.89314718005485,21.976781637139027,0,0.1,584414.099161858,6618839.80105174,5.249881175320386,50.986125216475145,40.9962909194345,39.35643928265712,1.0,0.9273765351328884
577,577,5760.01196131531,5.760011961315311,Sector 3,235.89314718005485,21.976781637139027,1,0.25,584443.38985863,6618796.4979572585,5.2501442981263144,50.98588033805674,40.9962909194345,39.35643928265712,1.0,0.9273765351328884
577,577,5760.01196131531,5.760011961315311,Sector 3,235.89314718005485,21.976781637139027,2,0.5,584492.2076865835,6618724.326133124,5.2505828361361955,50.98547220448873,40.9962909194345,39.35643928265712,1.0,0.9273765351328884
577,577,5760.01196131531,5.760011961315311,Sector 3,235.89314718005485,21.976781637139027,3,0.75,584541.025514537,6618652.154308989,5.251021374146077,50.9850640673324,40.9962909194345,39.35643928265712,1.0,0.9273765351328884
577,577,5760.01196131531,5.760011961315311,Sector 3,235.89314718005485,21.976781637139027,4,0.9,584570.316211309,6618608.851214508,5.251284496952006,50.9848191833162,40.9962909194345,39.35643928265712,1.0,0.9273765351328884
578,578,5770.01196131517,5.77001196131517,Sector 3,235.89314717242712,0.0,0,0.1,584408.9825066278,6618848.276009727,5.249835211624418,50.98617314209774,44.20868958082249,42.440341997589584,1.0,0.976536678561662
578,578,5770.01196131517,5.77001196131517,Sector 3,235.89314717242712,0.0,1,0.25,584437.719345472,6618804.441159893,5.250093359039929,50.98592525685783,44.20868958082249,42.440341997589584,1.0,0.976536678561662
578,578,5770.01196131517,5.77001196131517,Sector 3,235.89314717242712,0.0,2,0.5,584485.6140768792,6618731.383076836,5.2505236047324475,50.98551211184973,44.20868958082249,42.440341997589584,1.0,0.976536678561662
578,578,5770.01196131517,5.77001196131517,Sector 3,235.89314717242712,0.0,3,0.75,584533.5088082864,6618658.32499378,5.250953850424965,50.98509896316464,44.20868958082249,42.440341997589584,1.0,0.976536678561662
578,578,5770.01196131517,5.77001196131517,Sector 3,235.89314717242712,0.0,4,0.9,584562.2456471307,6618614.490143945,5.2512119978404765,50.984851072188626,44.20868958082249,42.440341997589584,1.0,0.976536678561662
579,579,5780.01196131503,5.78001196131503,Sector 3,235.8931471781456,-39.42842523934684,0,0.1,584403.91884503,6618856.828326142,5.249789723978349,50.986221505129656,37.577386143989784,36.07429069823019,1.0,0.875056176781861
579,579,5780.01196131503,5.78001196131503,Sector 3,235.8931471781456,-39.42842523934684,1,0.25,584432.1813163953,6618812.577758594,5.250043610078293,50.98597126926838,37.577386143989784,36.07429069823019,1.0,0.875056176781861
579,579,5780.01196131503,5.78001196131503,Sector 3,235.8931471781456,-39.42842523934684,2,0.5,584479.2854353373,6618738.826812681,5.250466753578199,50.985554206501924,37.577386143989784,36.07429069823019,1.0,0.875056176781861
579,579,5780.01196131503,5.78001196131503,Sector 3,235.8931471781456,-39.42842523934684,3,0.75,584526.3895542794,6618665.075866767,5.250889897078105,50.985137139988424,37.577386143989784,36.07429069823019,1.0,0.875056176781861
579,579,5780.01196131503,5.78001196131503,Sector 3,235.8931471781456,-39.42842523934684,4,0.9,584554.6520256447,6618620.825299219,5.25114378317805,50.98488689828172,37.577386143989784,36.07429069823019,1.0,0.875056176781861
580,580,5790.01196131489,5.79001196131489,Sector 3,235.89314717376357,0.0,0,0.1,584398.8628624844,6618865.390430238,5.24974430531438,50.986269923460064,44.2086895809024,42.4403419976663,1.0,0.9765366785628851
580,580,5790.01196131489,5.79001196131489,Sector 3,235.89314717376357,0.0,1,0.25,584426.662484949,6618820.738826497,5.249994033571905,50.986017420006284,44.2086895809024,42.4403419976663,1.0,0.9765366785628851
580,580,5790.01196131489,5.79001196131489,Sector 3,235.89314717376357,0.0,2,0.5,584472.9951890565,6618746.31948693,5.250410247334449,50.9855965778644,44.2086895809024,42.4403419976663,1.0,0.9765366785628851
580,580,5790.01196131489,5.79001196131489,Sector 3,235.89314717376357,0.0,3,0.75,584519.3278931641,6618671.900147363,5.250826461096994,50.98517573190725,44.2086895809024,42.4403419976663,1.0,0.9765366785628851
580,580,5790.01196131489,5.79001196131489,Sector 3,235.89314717376357,0.0,4,0.9,584547.1275156287,6618627.248543622,5.251076189354521,50.98492322250161,44.2086895809024,42.4403419976663,1.0,0.9765366785628851
581,581,5800.011961315272,5.800011961315272,Sector 3,235.89314717176973,0.0,0,0.1,584394.3661853978,6618874.20265892,5.249703910976833,50.986319756181516,44.20868958078317,42.44034199755184,1.0,0.9765366785610603
581,581,5800.011961315272,5.800011961315272,Sector 3,235.89314717176973,0.0,1,0.25,584421.64799981,6618829.153683576,5.249948987685483,50.98606500587078,44.20868958078317,42.44034199755184,1.0,0.9765366785610603
581,581,5800.011961315272,5.800011961315272,Sector 3,235.89314717176973,0.0,2,0.5,584467.1176904972,6618754.072058003,5.250357448866567,50.985640418912745,44.20868958078317,42.44034199755184,1.0,0.9765366785610603
581,581,5800.011961315272,5.800011961315272,Sector 3,235.89314717176973,0.0,3,0.75,584512.5873811843,6618678.990432432,5.250765910047652,50.98521582807123,44.20868958078317,42.44034199755184,1.0,0.9765366785610603
581,581,5800.011961315272,5.800011961315272,Sector 3,235.89314717176973,0.0,4,0.9,584539.8691955965,6618633.941457088,5.251010986756302,50.98496107170224,44.20868958078317,42.44034199755184,1.0,0.9765366785610603
582,582,5810.011961315132,5.810011961315132,Sector 3,235.89314717778532,0.0,0,0.1,584391.022569599,6618883.519875799,5.24967387476507,50.98637244452831,44.208689581142906,42.440341997897185,1.0,0.9765366785665655
582,582,5810.011961315132,5.810011961315132,Sector 3,235.89314717778532,0.0,1,0.25,584417.652958048,6618838.056639798,5.249913099614727,50.98611535187399,44.208689581142906,42.440341997897185,1.0,0.9765366785665655
582,582,5810.011961315132,5.810011961315132,Sector 3,235.89314717778532,0.0,2,0.5,584462.0369387965,6618762.284579795,5.250311807697492,50.98568686095261,44.208689581142906,42.440341997897185,1.0,0.9765366785665655
582,582,5810.011961315132,5.810011961315132,Sector 3,235.89314717778532,0.0,3,0.75,584506.4209195451,6618686.512519792,5.250710515780257,50.98525836607598,44.208689581142906,42.440341997897185,1.0,0.9765366785665655
582,582,5810.011961315132,5.810011961315132,Sector 3,235.89314717778532,0.0,4,0.9,584533.0513079942,6618641.04928379,5.250949740629916,50.985001267251484,44.208689581142906,42.440341997897185,1.0,0.9765366785665655
583,583,5820.011961314992,5.820011961314992,Sector 3,235.8931471704634,0.0,0,0.1,584387.7483518388,6618892.903943393,5.249644461966494,50.986425510851745,44.208689580705055,42.44034199747685,1.0,0.976536678559865
583,583,5820.011961314992,5.820011961314992,Sector 3,235.8931471704634,0.0,1,0.25,584413.8314113831,6618847.126722805,5.249878770076947,50.98616664291901,44.208689580705055,42.44034199747685,1.0,0.976536678559865
583,583,5820.011961314992,5.820011961314992,Sector 3,235.8931471704634,0.0,2,0.5,584457.3031772901,6618770.831355156,5.250269283594366,50.9857351931564,44.208689580705055,42.44034199747685,1.0,0.976536678559865
583,583,5820.011961314992,5.820011961314992,Sector 3,235.8931471704634,0.0,3,0.75,584500.7749431971,6618694.535987508,5.250659797111786,50.98530373938371,44.208689580705055,42.44034199747685,1.0,0.976536678559865
583,583,5820.011961314992,5.820011961314992,Sector 3,235.8931471704634,0.0,4,0.9,584526.8580027415,6618648.758766919,5.250894105222239,50.98504486519528,44.208689580705055,42.44034199747685,1.0,0.976536678559865
584,584,5830.011961314852,5.830011961314852,Sector 3,235.89314717915587,0.0,0,0.1,584385.2436102543,6618902.485759985,5.249621961490013,50.98647969537097,44.20868958122486,42.440341997975864,1.0,0.9765366785678198
584,584,5830.011961314852,5.830011961314852,Sector 3,235.89314717915587,0.0,1,0.25,584410.6765101876,6618856.382824943,5.249850429117308,50.98621898583815,44.20868958122486,42.440341997975864,1.0,0.9765366785678198
584,584,5830.011961314852,5.830011961314852,Sector 3,235.89314717915587,0.0,2,0.5,584453.064676743,6618779.544599874,5.2502312084961344,50.98578446669627,44.20868958122486,42.440341997975864,1.0,0.9765366785678198
584,584,5830.011961314852,5.830011961314852,Sector 3,235.89314717915587,0.0,3,0.75,584495.4528432983,6618702.706374805,5.250611987874959,50.985349943487066,44.20868958122486,42.440341997975864,1.0,0.9765366785678198
584,584,5830.011961314852,5.830011961314852,Sector 3,235.89314717915587,0.0,4,0.9,584520.8857432316,6618656.603439764,5.250840455502254,50.9850892276092,44.20868958122486,42.440341997975864,1.0,0.9765366785678198
585,585,5840.01196131533,5.84001196131533,Sector 3,235.8931471771792,2.570206929773847,0,0.1,584382.9497114668,6618912.13161376,5.249601355046603,50.98653424195221,44.164216652090055,42.39764798600645,1.0,0.9758560981650062
585,585,5840.01196131533,5.84001196131533,Sector 3,235.8931471771792,2.570206929773847,1,0.25,584407.7322296819,6618865.721385895,5.249823980195519,50.98627179499906,44.164216652090055,42.39764798600645,1.0,0.9758560981650062
585,585,5840.01196131533,5.84001196131533,Sector 3,235.8931471771792,2.570206929773847,2,0.5,584449.0364267072,6618788.371006122,5.25019502211038,50.98583438011311,44.164216652090055,42.39764798600645,1.0,0.9758560981650062
585,585,5840.01196131533,5.84001196131533,Sector 3,235.8931471771792,2.570206929773847,3,0.75,584490.3406237325,6618711.0206263475,5.250566064025241,50.985396961105415,44.164216652090055,42.39764798600645,1.0,0.9758560981650062
585,585,5840.01196131533,5.84001196131533,Sector 3,235.8931471771792,2.570206929773847,4,0.9,584515.1231419477,6618664.6103984825,5.250788689174158,50.98513450772236,44.164216652090055,42.39764798600645,1.0,0.9758560981650062
586,586,5850.01196131519,5.85001196131519,Sector 3,235.8931471701544,0.0,0,0.1,584381.5629807048,6618921.885532775,5.2495888978322185,50.98658939956912,44.20868958068658,42.440341997459115,1.0,0.9765366785595821
586,586,5850.01196131519,5.85001196131519,Sector 3,235.8931471701544,0.0,1,0.25,584405.6245102161,6618875.209895864,5.249805046229411,50.986325452053684,44.20868958068658,42.440341997459115,1.0,0.9765366785595821
586,586,5850.01196131519,5.85001196131519,Sector 3,235.8931471701544,0.0,2,0.5,584445.7270594015,6618797.4171676785,5.250165293558065,50.985885536192754,44.20868958068658,42.440341997459115,1.0,0.9765366785595821
586,586,5850.01196131519,5.85001196131519,Sector 3,235.8931471701544,0.0,3,0.75,584485.8296085868,6618719.624439493,5.250525540886718,50.98544561616281,44.20868958068658,42.440341997459115,1.0,0.9765366785595821
586,586,5850.01196131519,5.85001196131519,Sector 3,235.8931471701544,0.0,4,0.9,584509.8911380981,6618672.948802582,5.2507416892839105,50.98518166214371,44.20868958068658,42.440341997459115,1.0,0.9765366785595821
587,587,5860.01196131505,5.86001196131505,Sector 3,235.8931471785753,1.245870530505089,0,0.1,584381.1666487709,6618931.724515215,5.24958533752188,50.986645038146364,44.198238503028634,42.43030896290749,1.0,0.9763767430936561
587,587,5860.01196131505,5.86001196131505,Sector 3,235.8931471785753,1.245870530505089,1,0.25,584404.3468857126,6618884.772831699,5.249793569133223,50.98637952992014,44.198238503028634,42.43030896290749,1.0,0.9763767430936561
587,587,5860.01196131505,5.86001196131505,Sector 3,235.8931471785753,1.245870530505089,2,0.5,584442.9806139488,6618806.52002584,5.250140621818793,50.985937012835016,44.198238503028634,42.43030896290749,1.0,0.9763767430936561
587,587,5860.01196131505,5.86001196131505,Sector 3,235.8931471785753,1.245870530505089,3,0.75,584481.6143421849,6618728.267219981,5.250487674504363,50.98549449153142,44.198238503028634,42.43030896290749,1.0,0.9763767430936561
587,587,5860.01196131505,5.86001196131505,Sector 3,235.8931471785753,1.245870530505089,4,0.9,584504.7945791265,6618681.3155364655,5.2506959061157055,50.98522897672439,44.198238503028634,42.43030896290749,1.0,0.9763767430936561
588,588,5870.011961315432,5.8700119613154325,Sector 3,235.89314717661145,-6.426146576612969,0,0.1,584381.2847241993,6618941.564568044,5.249586398211501,50.986700682709866,43.93092406457247,42.17368710198957,1.0,0.9722859631126282
588,588,5870.011961315432,5.8700119613154325,Sector 3,235.89314717661145,-6.426146576612969,1,0.25,584403.5721109818,6618894.381861666,5.249786609213398,50.98643386838288,43.93092406457247,42.17368710198957,1.0,0.9722859631126282
588,588,5870.011961315432,5.8700119613154325,Sector 3,235.89314717661145,-6.426146576612969,2,0.5,584440.7177556193,6618815.744017704,5.250120294216562,50.98598917442986,43.93092406457247,42.17368710198957,1.0,0.9722859631126282
588,588,5870.011961315432,5.8700119613154325,Sector 3,235.89314717661145,-6.426146576612969,3,0.75,584477.8634002568,6618737.106173743,5.250453979219726,50.98554447621677,43.93092406457247,42.17368710198957,1.0,0.9722859631126282
588,588,5870.011961315432,5.8700119613154325,Sector 3,235.89314717661145,-6.426146576612969,4,0.9,584500.1507870393,6618689.923467365,5.250654190221623,50.98527765524407,43.93092406457247,42.17368710198957,1.0,0.9722859631126282
589,589,5880.011961315292,5.880011961315292,Sector 3,235.8931471719834,0.0,0,0.1,584381.8946275023,6618951.381046928,5.24959187706609,50.986756193898486,44.208689580795955,42.44034199756412,1.0,0.9765366785612559
589,589,5880.011961315292,5.880011961315292,Sector 3,235.8931471719834,0.0,1,0.25,584403.3032183513,6618904.029713691,5.249784193709801,50.98648842631794,44.208689580795955,42.44034199756412,1.0,0.9765366785612559
589,589,5880.011961315292,5.880011961315292,Sector 3,235.8931471719834,0.0,2,0.5,584438.9842030995,6618825.110824961,5.250104721449318,50.986042143584555,44.208689580795955,42.44034199756412,1.0,0.9765366785612559
589,589,5880.011961315292,5.880011961315292,Sector 3,235.8931471719834,0.0,3,0.75,584474.6651878478,6618746.191936232,5.250425249188836,50.9855958565606,44.208689580795955,42.44034199756412,1.0,0.9765366785612559
589,589,5880.011961315292,5.880011961315292,Sector 3,235.8931471719834,0.0,4,0.9,584496.0737786968,6618698.840602995,5.250617565832548,50.985328082286735,44.208689580795955,42.44034199756412,1.0,0.9765366785612559
590,590,5890.011961315152,5.890011961315152,Sector 3,235.8931471753648,0.0,0,0.1,584384.0179697517,6618960.904982168,5.24961095137405,50.98681005071914,44.20868958099816,42.44034199775823,1.0,0.9765366785643506
590,590,5890.011961315152,5.890011961315152,Sector 3,235.8931471753648,0.0,1,0.25,584404.2970119829,6618913.434566351,5.249793121109885,50.986541610046686,44.20868958099816,42.44034199775823,1.0,0.9765366785643506
590,590,5890.011961315152,5.890011961315152,Sector 3,235.8931471753648,0.0,2,0.5,584438.0954157014,6618834.317206653,5.2500967373362775,50.986094205476185,44.20868958099816,42.44034199775823,1.0,0.9765366785643506
590,590,5890.011961315152,5.890011961315152,Sector 3,235.8931471753648,0.0,3,0.75,584471.89381942,6618755.199846955,5.250400353562671,50.98564679659349,44.20868958099816,42.44034199775823,1.0,0.9765366785643506
590,590,5890.011961315152,5.890011961315152,Sector 3,235.8931471753648,0.0,4,0.9,584492.1728616512,6618707.729431137,5.250582523298506,50.98537834919402,44.20868958099816,42.44034199775823,1.0,0.9765366785643506
591,591,5900.011961315012,5.900011961315012,Sector 3,235.8931471734137,0.0,0,0.1,584386.1413120009,6618970.428917409,5.249630025682009,50.986863907477314,44.20868958088148,42.44034199764622,1.0,0.9765366785625649
591,591,5900.011961315012,5.900011961315012,Sector 3,235.8931471734137,0.0,1,0.25,584405.2908056143,6618922.839419009,5.249802048509969,50.9865947937145,44.20868958088148,42.44034199764622,1.0,0.9765366785625649
591,591,5900.011961315012,5.900011961315012,Sector 3,235.8931471734137,0.0,2,0.5,584437.2066283033,6618843.523588344,5.2500887532232365,50.986146267309415,44.20868958088148,42.44034199764622,1.0,0.9765366785625649
591,591,5900.011961315012,5.900011961315012,Sector 3,235.8931471734137,0.0,3,0.75,584469.1224509922,6618764.207757679,5.250375457936504,50.98569773657049,44.20868958088148,42.44034199764622,1.0,0.9765366785625649
591,591,5900.011961315012,5.900011961315012,Sector 3,235.8931471734137,0.0,4,0.9,584488.2719446056,6618716.618259279,5.250547480764465,50.98542861604687,44.20868958088148,42.44034199764622,1.0,0.9765366785625649
592,592,5910.011961315394,5.910011961315393,Sector 3,235.89314718214024,0.0,0,0.1,584389.0515719306,6618979.67003871,5.249656168991765,50.98691616489546,44.208689581403334,42.4403419981472,1.0,0.9765366785705509
592,592,5910.011961315394,5.910011961315393,Sector 3,235.89314718214024,0.0,1,0.25,584406.9403639794,6618932.008593387,5.249816866744884,50.986646644582365,44.208689581403334,42.4403419981472,1.0,0.9765366785705509
592,592,5910.011961315394,5.910011961315393,Sector 3,235.89314718214024,0.0,2,0.5,584436.7550173942,6618852.572851181,5.250084696333416,50.986197440582984,44.208689581403334,42.4403419981472,1.0,0.9765366785705509
592,592,5910.011961315394,5.910011961315393,Sector 3,235.89314718214024,0.0,3,0.75,584466.5696708089,6618773.137108975,5.250352525921947,50.985748232236645,44.208689581403334,42.4403419981472,1.0,0.9765366785705509
592,592,5910.011961315394,5.910011961315393,Sector 3,235.89314718214024,0.0,4,0.9,584484.4584628576,6618725.475663652,5.250513223675066,50.98547870514229,44.208689581403334,42.4403419981472,1.0,0.9765366785705509
593,593,5920.011961315254,5.920011961315254,Sector 3,235.8931471745766,0.0,0,0.1,584392.0891251116,6618988.863259523,5.249683455796253,50.98696815138379,44.208689580951024,42.440341997712984,1.0,0.9765366785636291
593,593,5920.011961315254,5.920011961315254,Sector 3,235.8931471745766,0.0,1,0.25,584408.6919862865,6618941.135706576,5.249832601835789,50.98669825754042,44.208689580951024,42.440341997712984,1.0,0.9765366785636291
593,593,5920.011961315254,5.920011961315254,Sector 3,235.8931471745766,0.0,2,0.5,584436.363421578,6618861.589784995,5.2500811785683466,50.98624843098091,44.208689580951024,42.440341997712984,1.0,0.9765366785636291
593,593,5920.011961315254,5.920011961315254,Sector 3,235.8931471745766,0.0,3,0.75,584464.0348568694,6618782.043863414,5.250329755300905,50.98579860006238,44.208689580951024,42.440341997712984,1.0,0.9765366785636291
593,593,5920.011961315254,5.920011961315254,Sector 3,235.8931471745766,0.0,4,0.9,584480.6377180443,6618734.316310466,5.250478901340441,50.98552869941892,44.208689580951024,42.440341997712984,1.0,0.9765366785636291
594,594,5930.011961315114,5.930011961315114,Sector 3,235.89314717587547,0.0,0,0.1,584396.5046608153,6618997.288770449,5.249723121228356,50.98701579651973,44.2086895810287,42.44034199778755,1.0,0.9765366785648177
594,594,5930.011961315114,5.930011961315114,Sector 3,235.89314717587547,0.0,1,0.25,584411.5824646491,6618949.618006635,5.249858567444703,50.986746224090034,44.2086895810287,42.44034199778755,1.0,0.9765366785648177
594,594,5930.011961315114,5.930011961315114,Sector 3,235.89314717587547,0.0,2,0.5,584436.7121377055,6618870.166733614,5.250084311138619,50.98629693322829,44.2086895810287,42.44034199778755,1.0,0.9765366785648177
594,594,5930.011961315114,5.930011961315114,Sector 3,235.89314717587547,0.0,3,0.75,584461.841810762,6618790.715460593,5.250310054832534,50.985847638017894,44.2086895810287,42.44034199778755,1.0,0.9765366785648177
594,594,5930.011961315114,5.930011961315114,Sector 3,235.89314717587547,0.0,4,0.9,584476.9196145957,6618743.044696779,5.250445501048882,50.985578058804286,44.2086895810287,42.44034199778755,1.0,0.9765366785648177
595,595,5940.011961314974,5.9400119613149736,Sector 3,235.893147165652,0.0,0,0.1,584401.2051450693,6619005.556805139,5.249765346396837,50.98706255110111,44.208689580417335,42.44034199720064,1.0,0.9765366785554619
595,595,5940.011961314974,5.9400119613149736,Sector 3,235.893147165652,0.0,1,0.25,584414.710400137,6618957.969076501,5.249886666167269,50.986793448497735,44.208689580417335,42.44034199720064,1.0,0.9765366785554619
595,595,5940.011961314974,5.9400119613149736,Sector 3,235.893147165652,0.0,2,0.5,584437.2191585831,6618878.656195436,5.250088865784655,50.98634494069197,44.208689580417335,42.44034199720064,1.0,0.9765366785554619
595,595,5940.011961314974,5.9400119613149736,Sector 3,235.893147165652,0.0,3,0.75,584459.7279170293,6618799.343314371,5.250291065402044,50.985896428552685,44.208689580417335,42.44034199720064,1.0,0.9765366785554619
595,595,5940.011961314974,5.9400119613149736,Sector 3,235.893147165652,0.0,4,0.9,584473.233172097,6618751.755585732,5.250412385172476,50.98562731918902,44.208689580417335,42.44034199720064,1.0,0.9765366785554619
596,596,5950.011961315356,5.950011961315355,Sector 3,235.89314718240064,-6.470053016827722,0,0.1,584406.0564935629,6619013.700447986,5.24980892680184,50.98710860221794,43.92711949818376,42.1700347182564,1.0,0.97222774087776
596,596,5950.011961315356,5.950011961315355,Sector 3,235.89314718240064,-6.470053016827722,1,0.25,584417.9640558244,6618966.216486495,5.2499158942536015,50.986840086672785,43.92711949818376,42.1700347182564,1.0,0.97222774087776
596,596,5950.011961315356,5.950011961315355,Sector 3,235.89314718240064,-6.470053016827722,2,0.5,584437.8099929271,6618887.076550677,5.250094173339872,50.986392557312506,43.92711949818376,42.1700347182564,1.0,0.97222774087776
596,596,5950.011961315356,5.950011961315355,Sector 3,235.89314718240064,-6.470053016827722,3,0.75,584457.6559300298,6618807.936614861,5.250272452426142,50.98594502363758,43.92711949818376,42.1700347182564,1.0,0.97222774087776
596,596,5950.011961315356,5.950011961315355,Sector 3,235.89314718240064,-6.470053016827722,4,0.9,584469.5634922914,6618760.45265337,5.250379419877904,50.985676501361596,43.92711949818376,42.1700347182564,1.0,0.97222774087776
597,597,5960.011961315216,5.960011961315216,Sector 3,235.44470644624693,0.0,0,0.1,584411.8528660105,6619021.064891768,5.249860996501462,50.987150247037974,44.181780071401526,42.41450886854546,1.0,0.976124875581343
597,597,5960.011961315216,5.960011961315216,Sector 3,235.44470644624693,0.0,1,0.25,584422.0052314737,6618973.814563937,5.249952196752117,50.98688305290389,44.181780071401526,42.41450886854546,1.0,0.976124875581343
597,597,5960.011961315216,5.960011961315216,Sector 3,235.44470644624693,0.0,2,0.5,584438.9258405791,6618895.064017551,5.250104197169877,50.986437725929285,44.181780071401526,42.41450886854546,1.0,0.976124875581343
597,597,5960.011961315216,5.960011961315216,Sector 3,235.44470644624693,0.0,3,0.75,584455.8464496845,6618816.3134711655,5.250256197587636,50.985992394682384,44.181780071401526,42.41450886854546,1.0,0.976124875581343
597,597,5960.011961315216,5.960011961315216,Sector 3,235.44470644624693,0.0,4,0.9,584465.9988151477,6618769.063143334,5.250347397838293,50.985725193883546,44.181780071401526,42.41450886854546,1.0,0.976124875581343
598,598,5970.010548406051,5.970010548406052,Sector 3,233.37615626352064,0.0,0,0.1,584417.954959947,6619028.091693865,5.249915812543945,50.9871899825103,44.05529591501588,42.29308407841525,1.0,0.9741892567728421
598,598,5970.010548406051,5.970010548406052,Sector 3,233.37615626352064,0.0,1,0.25,584426.3012865279,6618981.1310668755,5.2499907888712825,50.986924426826825,44.05529591501588,42.29308407841525,1.0,0.9741892567728421
598,598,5970.010548406051,5.970010548406052,Sector 3,233.37615626352064,0.0,2,0.5,584440.2118308295,6618902.863355225,5.250115749416849,50.986481830645,44.05529591501588,42.29308407841525,1.0,0.9741892567728421
598,598,5970.010548406051,5.970010548406052,Sector 3,233.37615626352064,0.0,3,0.75,584454.122375131,6618824.595643575,5.250240709962413,50.986039230243115,44.05529591501588,42.29308407841525,1.0,0.9741892567728421
598,598,5970.010548406051,5.970010548406052,Sector 3,233.37615626352064,0.0,4,0.9,584462.4687017119,6618777.635016586,5.250315686289752,50.98577366797635,44.05529591501588,42.29308407841525,1.0,0.9741892567728421
599,599,5980.01054840605,5.9800105484060495,Sector 3,233.3761562685468,0.0,0,0.1,584424.5258458545,6619034.605672026,5.249974839816354,50.98722681801271,44.05529591532784,42.29308407871473,1.0,0.974189256777616
599,599,5980.01054840605,5.9800105484060495,Sector 3,233.3761562685468,0.0,1,0.25,584430.9878900603,6618988.020422965,5.250032889347121,50.98696338525324,44.05529591532784,42.29308407871473,1.0,0.974189256777616
599,599,5980.01054840605,5.9800105484060495,Sector 3,233.3761562685468,0.0,2,0.5,584441.7579637368,6618910.378341198,5.250129638565067,50.98652432733185,44.05529591532784,42.29308407871473,1.0,0.974189256777616
599,599,5980.01054840605,5.9800105484060495,Sector 3,233.3761562685468,0.0,3,0.75,584452.5280374133,6618832.736259431,5.250226387783014,50.9860852652576,44.05529591532784,42.29308407871473,1.0,0.974189256777616
599,599,5980.01054840605,5.9800105484060495,Sector 3,233.3761562685468,0.0,4,0.9,584458.990081619,6618786.15101037,5.250284437313781,50.985821826019674,44.05529591532784,42.29308407871473,1.0,0.974189256777616
600,600,5990.010548405954,5.990010548405954,Sector 3,233.37615627418307,-2.573238881479639,0,0.1,584431.2887692784,6619040.858081189,5.250035592191124,50.987262174356864,44.01087269192649,42.25043778424943,1.0,0.9735094370341242
600,600,5990.010548405954,5.990010548405954,Sector 3,233.37615627418307,-2.573238881479639,1,0.25,584435.8316903058,6618994.690266475,5.250076401945059,50.98700110233296,44.01087269192649,42.25043778424943,1.0,0.9735094370341242
600,600,5990.010548405954,5.990010548405954,Sector 3,233.37615627418307,-2.573238881479639,2,0.5,584443.4032253514,6618917.7439086195,5.250144418201615,50.986565979030146,44.01087269192649,42.25043778424943,1.0,0.9735094370341242
600,600,5990.010548405954,5.990010548405954,Sector 3,233.37615627418307,-2.573238881479639,3,0.75,584450.974760397,6618840.797550764,5.250212434458173,50.98613085164856,44.01087269192649,42.25043778424943,1.0,0.9735094370341242
600,600,5990.010548405954,5.990010548405954,Sector 3,233.37615627418307,-2.573238881479639,4,0.9,584455.5176814244,6618794.62973605,5.250253244212107,50.98586977326179,44.01087269192649,42.25043778424943,1.0,0.9735094370341242
601,601,6000.010548405859,6.000010548405859,Sector 3,233.37615625943567,0.0,0,0.1,584438.2403495826,6619046.853195479,5.250098039299484,50.987296075715584,44.05529591476235,42.29308407817185,1.0,0.9741892567689623
601,601,6000.010548405859,6.000010548405859,Sector 3,233.37615625943567,0.0,1,0.25,584440.8296281866,6619001.144027899,5.250121299184933,50.987037597468,44.05529591476235,42.29308407817185,1.0,0.9741892567689623
601,601,6000.010548405859,6.000010548405859,Sector 3,233.37615625943567,0.0,2,0.5,584445.1450925269,6618924.9620819315,5.250160065660682,50.98660679719021,44.05529591476235,42.29308407817185,1.0,0.9741892567689623
601,601,6000.010548405859,6.000010548405859,Sector 3,233.37615625943567,0.0,3,0.75,584449.4605568671,6618848.780135964,5.25019883213643,50.9861759929143,44.05529591476235,42.29308407817185,1.0,0.9741892567689623
601,601,6000.010548405859,6.000010548405859,Sector 3,233.37615625943567,0.0,4,0.9,584452.0498354712,6618803.070968384,5.25022209202188,50.98591750842964,44.05529591476235,42.29308407817185,1.0,0.9741892567689623
602,602,6010.010548405763,6.010010548405763,Sector 3,233.3761562676683,0.0,0,0.1,584445.1919298866,6619052.84830977,5.250160486407843,50.987329977049555,44.05529591527332,42.29308407866238,1.0,0.9741892567767818
602,602,6010.010548405763,6.010010548405763,Sector 3,233.3761562676683,0.0,1,0.25,584445.8275660675,6619007.597789323,5.250166196424807,50.98707409257435,44.05529591527332,42.29308407866238,1.0,0.9741892567767818
602,602,6010.010548405763,6.010010548405763,Sector 3,233.3761562676683,0.0,2,0.5,584446.8869597022,6618932.180255244,5.250175713119747,50.98664761531438,44.05529591527332,42.29308407866238,1.0,0.9741892567767818
602,602,6010.010548405763,6.010010548405763,Sector 3,233.3761562676683,0.0,3,0.75,584447.9463533369,6618856.762721165,5.2501852298146865,50.98622113413613,44.05529591527332,42.29308407866238,1.0,0.9741892567767818
602,602,6010.010548405763,6.010010548405763,Sector 3,233.3761562676683,0.0,4,0.9,584448.5819895178,6618811.512200717,5.250190939831651,50.985965243548385,44.05529591527332,42.29308407866238,1.0,0.9741892567767818
603,603,6020.010548405761,6.020010548405761,Sector 3,233.37615626267137,0.0,0,0.1,584452.1435101907,6619058.843424061,5.250222933516203,50.98736387835877,44.055295914963175,42.29308407836464,1.0,0.9741892567720356
603,603,6020.010548405761,6.020010548405761,Sector 3,233.37615626267137,0.0,1,0.25,584450.8255039483,6619014.051550746,5.250211093664681,50.987110587652,44.055295914963175,42.29308407836464,1.0,0.9741892567720356
603,603,6020.010548405761,6.020010548405761,Sector 3,233.37615626267137,0.0,2,0.5,584448.6288268776,6618939.398428556,5.250191360578812,50.98668843340266,44.055295914963175,42.29308407836464,1.0,0.9741892567720356
603,603,6020.010548405761,6.020010548405761,Sector 3,233.37615626267137,0.0,3,0.75,584446.4321498069,6618864.745306365,5.250171627492943,50.98626627531407,44.055295914963175,42.29308407836464,1.0,0.9741892567720356
603,603,6020.010548405761,6.020010548405761,Sector 3,233.37615626267137,0.0,4,0.9,584445.1141435645,6618819.95343305,5.250159787641422,50.98601297861805,44.055295914963175,42.29308407836464,1.0,0.9741892567720356
604,604,6030.0105484062215,6.030010548406222,Sector 3,233.37615626863004,0.0,0,0.1,584459.0950904951,6619064.838538352,5.250285380624565,50.98739777964322,44.055295915333005,42.29308407871968,1.0,0.9741892567776953
604,604,6030.0105484062215,6.030010548406222,Sector 3,233.37615626863004,0.0,1,0.25,584455.8234418293,6619020.505312171,5.250255990904557,50.987147082700965,44.055295915333005,42.29308407871968,1.0,0.9741892567776953
604,604,6030.0105484062215,6.030010548406222,Sector 3,233.37615626863004,0.0,2,0.5,584450.370694053,6618946.6166018685,5.250207008037878,50.98672925145506,44.055295915333005,42.29308407871968,1.0,0.9741892567776953
604,604,6030.0105484062215,6.030010548406222,Sector 3,233.37615626863004,0.0,3,0.75,584444.9179462767,6618872.727891566,5.250158025171199,50.98631141644812,44.055295915333005,42.29308407871968,1.0,0.9741892567776953
604,604,6030.0105484062215,6.030010548406222,Sector 3,233.37615626863004,0.0,4,0.9,584441.646297611,6618828.394665385,5.250128635451192,50.986060713638636,44.055295915333005,42.29308407871968,1.0,0.9741892567776953
605,605,6040.010548406126,6.040010548406126,Sector 3,233.37615626881583,-4.01495428857583,0,0.1,584466.046670799,6619070.8336526435,5.250347827732923,50.98743168090291,43.94717583688701,42.18928880341153,1.0,0.9725346680655835
605,605,6040.010548406126,6.040010548406126,Sector 3,233.37615626881583,-4.01495428857583,1,0.25,584460.82137971,6619026.959073595,5.25030088814443,50.98718357772124,43.94717583688701,42.18928880341153,1.0,0.9725346680655835
605,605,6040.010548406126,6.040010548406126,Sector 3,233.37615626881583,-4.01495428857583,2,0.5,584452.1125612283,6618953.834775181,5.250222655496944,50.986770069471554,43.94717583688701,42.18928880341153,1.0,0.9725346680655835
605,605,6040.010548406126,6.040010548406126,Sector 3,233.37615626881583,-4.01495428857583,3,0.75,584443.4037427467,6618880.710476766,5.2501444228494565,50.98635655753826,43.94717583688701,42.18928880341153,1.0,0.9725346680655835
605,605,6040.010548406126,6.040010548406126,Sector 3,233.37615626881583,-4.01495428857583,4,0.9,584438.1784516576,6618836.835897718,5.250097483260964,50.986108448610125,43.94717583688701,42.18928880341153,1.0,0.9725346680655835
606,606,6050.010548406031,6.05001054840603,Sector 3,233.37615625698237,0.0,0,0.1,584472.9982511031,6619076.828766934,5.250410274841282,50.98746558213784,44.05529591461007,42.293084078025664,1.0,0.9741892567666319
606,606,6050.010548406031,6.05001054840603,Sector 3,233.37615625698237,0.0,1,0.25,584465.8193175908,6619033.412835019,5.2503457853843045,50.987220072712816,44.05529591461007,42.293084078025664,1.0,0.9741892567666319
606,606,6050.010548406031,6.05001054840603,Sector 3,233.37615625698237,0.0,2,0.5,584453.8544284037,6618961.052948493,5.250238302956008,50.98681088745216,44.05529591461007,42.293084078025664,1.0,0.9741892567666319
606,606,6050.010548406031,6.05001054840603,Sector 3,233.37615625698237,0.0,3,0.75,584441.8895392165,6618888.693061966,5.250130820527713,50.9864016985845,44.05529591461007,42.293084078025664,1.0,0.9741892567666319
606,606,6050.010548406031,6.05001054840603,Sector 3,233.37615625698237,0.0,4,0.9,584434.7106057042,6618845.2771300515,5.250066331070735,50.98615618353254,44.05529591461007,42.293084078025664,1.0,0.9741892567666319
607,607,6060.010548406029,6.060010548406028,Sector 3,233.37615627239387,-3.272795621493249,0,0.1,584479.9498314072,6619082.823881225,5.250472721949641,50.98749948334801,43.98344330614563,42.224105573899806,1.0,0.9730896782553156
607,607,6060.010548406029,6.060010548406028,Sector 3,233.37615627239387,-3.272795621493249,1,0.25,584470.8172554716,6619039.866596443,5.250390682624179,50.98725656767569,43.98344330614563,42.224105573899806,1.0,0.9730896782553156
607,607,6060.010548406029,6.060010548406028,Sector 3,233.37615627239387,-3.272795621493249,2,0.5,584455.5962955791,6618968.2711218055,5.2502539504150745,50.98685170539688,43.98344330614563,42.224105573899806,1.0,0.9730896782553156
607,607,6060.010548406029,6.060010548406028,Sector 3,233.37615627239387,-3.272795621493249,3,0.75,584440.3753356865,6618896.6756471675,5.250117218205969,50.986446839586854,43.98344330614563,42.224105573899806,1.0,0.9730896782553156
607,607,6060.010548406029,6.060010548406028,Sector 3,233.37615627239387,-3.272795621493249,4,0.9,584431.2427597509,6618853.718362385,5.250035178880506,50.986203918405856,43.98344330614563,42.224105573899806,1.0,0.9730896782553156
608,608,6070.010548405933,6.070010548405933,Sector 3,233.37615626513804,0.0,0,0.1,584486.8988147541,6619088.817571085,5.250535145729138,50.98753337647855,44.05529591511627,42.29308407851162,1.0,0.9741892567743784
608,608,6070.010548405933,6.070010548405933,Sector 3,233.37615626513804,0.0,1,0.25,584475.8087009597,6619046.31679679,5.250435521541896,50.9872930424726,44.05529591511627,42.29308407851162,1.0,0.9741892567743784
608,608,6070.010548405933,6.070010548405933,Sector 3,233.37615626513804,0.0,2,0.5,584457.3251779688,6618975.482172964,5.250269481229826,50.986892483030786,44.05529591511627,42.29308407851162,1.0,0.9741892567743784
608,608,6070.010548405933,6.070010548405933,Sector 3,233.37615626513804,0.0,3,0.75,584438.841654978,6618904.6475491375,5.250103440917756,50.986491920132416,44.05529591511627,42.29308407851162,1.0,0.9741892567743784
608,608,6070.010548405933,6.070010548405933,Sector 3,233.37615626513804,0.0,4,0.9,584427.7515411836,6618862.146774842,5.250003816730514,50.986251580734255,44.05529591511627,42.29308407851162,1.0,0.9741892567743784
609,609,6080.010548405838,6.080010548405838,Sector 3,233.37615626793013,0.0,0,0.1,584493.8461742955,6619094.810370288,5.250597554921741,50.987567264547856,44.05529591528956,42.29308407867798,1.0,0.9741892567770303
609,609,6080.010548405838,6.080010548405838,Sector 3,233.37615626793013,0.0,1,0.25,584480.7960869338,6619052.764770493,5.25048032399238,50.98732950464957,44.05529591528956,42.29308407867798,1.0,0.9741892567770303
609,609,6080.010548405838,6.080010548405838,Sector 3,233.37615626793013,0.0,2,0.5,584459.0459413312,6618982.688770836,5.250284939110113,50.98693323544611,44.05529591528956,42.29308407867798,1.0,0.9741892567770303
609,609,6080.010548405838,6.080010548405838,Sector 3,233.37615626793013,0.0,3,0.75,584437.2957957285,6618912.612771179,5.250089554227846,50.986536962859724,44.05529591528956,42.29308407867798,1.0,0.9741892567770303
609,609,6080.010548405838,6.080010548405838,Sector 3,233.37615626793013,0.0,4,0.9,584424.2457083669,6618870.567171384,5.249972323298485,50.9862991976841,44.05529591528956,42.29308407867798,1.0,0.9741892567770303
610,610,6090.010548405742,6.090010548405743,Sector 3,233.37615627163484,0.0,0,0.1,584500.7935338368,6619100.803169491,5.250659964114344,50.987601152592426,44.05529591551951,42.29308407889873,1.0,0.9741892567805492
610,610,6090.010548405742,6.090010548405743,Sector 3,233.37615627163484,0.0,1,0.25,584485.7834729081,6619059.212744197,5.250525126442865,50.98736596679789,44.05529591551951,42.29308407889873,1.0,0.9741892567805492
610,610,6090.010548405742,6.090010548405743,Sector 3,233.37615627163484,0.0,2,0.5,584460.7667046934,6618989.895368708,5.250300396990401,50.98697398782564,44.05529591551951,42.29308407889873,1.0,0.9741892567805492
610,610,6090.010548405742,6.090010548405743,Sector 3,233.37615627163484,0.0,3,0.75,584435.7499364789,6618920.57799322,5.250075667537936,50.98658200554333,44.05529591551951,42.29308407889873,1.0,0.9741892567805492
610,610,6090.010548405742,6.090010548405743,Sector 3,233.37615627163484,0.0,4,0.9,584420.7398755501,6618878.987567926,5.249940829866458,50.98634681458511,44.05529591551951,42.29308407889873,1.0,0.9741892567805492
611,611,6100.010548405647,6.100010548405646,Sector 3,233.3761562618076,7.228150823720989,0,0.1,584507.7408933784,6619106.795968693,5.250722373306949,50.98763504061225,43.705188578404005,41.956981035267845,1.0,0.9688314762799723
611,611,6100.010548405647,6.100010548405646,Sector 3,233.3761562618076,7.228150823720989,1,0.25,584490.7708588825,6619065.660717901,5.250569928893351,50.98740242891758,43.705188578404005,41.956981035267845,1.0,0.9688314762799723
611,611,6100.010548405647,6.100010548405646,Sector 3,233.3761562618076,7.228150823720989,2,0.5,584462.4874680559,6618997.10196658,5.2503158548706885,50.9870147401694,43.705188578404005,41.956981035267845,1.0,0.9688314762799723
611,611,6100.010548405647,6.100010548405646,Sector 3,233.3761562618076,7.228150823720989,3,0.75,584434.2040772294,6618928.54321526,5.250061780848027,50.98662704818322,43.705188578404005,41.956981035267845,1.0,0.9688314762799723
611,611,6100.010548405647,6.100010548405646,Sector 3,233.3761562618076,7.228150823720989,4,0.9,584417.2340427334,6618887.407964468,5.249909336434429,50.98639443143727,43.705188578404005,41.956981035267845,1.0,0.9688314762799723
612,612,6110.0105484062,6.1100105484062,Sector 3,233.3761562700899,0.0,0,0.1,584514.6882529202,6619112.788767897,5.250784782499554,50.98766892860735,44.05529591542361,42.293084078806665,1.0,0.9741892567790817
612,612,6110.0105484062,6.1100105484062,Sector 3,233.3761562700899,0.0,1,0.25,584495.758244857,6619072.108691605,5.2506147313438385,50.98743889100862,44.05529591542361,42.293084078806665,1.0,0.9741892567790817
612,612,6110.0105484062,6.1100105484062,Sector 3,233.3761562700899,0.0,2,0.5,584464.2082314184,6619004.308564453,5.250331312750977,50.98705549247739,44.05529591542361,42.293084078806665,1.0,0.9741892567790817
612,612,6110.0105484062,6.1100105484062,Sector 3,233.3761562700899,0.0,3,0.75,584432.6582179797,6618936.508437302,5.250047894158116,50.986672090779415,44.05529591542361,42.293084078806665,1.0,0.9741892567790817
612,612,6110.0105484062,6.1100105484062,Sector 3,233.3761562700899,0.0,4,0.9,584413.7282099165,6618895.82836101,5.249877843002399,50.98644204824059,44.05529591542361,42.293084078806665,1.0,0.9741892567790817
613,613,6120.010548406104,6.120010548406104,Sector 3,233.37615627061808,-7.394323103883827,0,0.1,584521.6356124617,6619118.7815670995,5.250847191692158,50.98770281657769,43.68892849078047,41.94137135114925,1.0,0.9685826440757552
613,613,6120.010548406104,6.120010548406104,Sector 3,233.37615627061808,-7.394323103883827,1,0.25,584500.7456308313,6619078.55666531,5.250659533794324,50.987475353071034,43.68892849078047,41.94137135114925,1.0,0.9685826440757552
613,613,6120.010548406104,6.120010548406104,Sector 3,233.37615627061808,-7.394323103883827,2,0.5,584465.9289947808,6619011.515162326,5.250346770631265,50.9870962447496,43.68892849078047,41.94137135114925,1.0,0.9685826440757552
613,613,6120.010548406104,6.120010548406104,Sector 3,233.37615627061808,-7.394323103883827,3,0.75,584431.1123587302,6618944.473659343,5.250034007468207,50.9867171333319,43.68892849078047,41.94137135114925,1.0,0.9685826440757552
613,613,6120.010548406104,6.120010548406104,Sector 3,233.37615627061808,-7.394323103883827,4,0.9,584410.2223770998,6618904.248757553,5.249846349570371,50.98648966499507,43.68892849078047,41.94137135114925,1.0,0.9685826440757552
614,614,6130.010548406009,6.130010548406009,Sector 3,233.37615626567597,0.0,0,0.1,584528.5829720031,6619124.774366302,5.250909600884762,50.98773670452329,44.05529591514966,42.29308407854367,1.0,0.9741892567748893
614,614,6130.010548406009,6.130010548406009,Sector 3,233.37615626567597,0.0,1,0.25,584505.7330168056,6619085.004639014,5.250704336244809,50.98751181510479,44.05529591514966,42.29308407854367,1.0,0.9741892567748893
614,614,6130.010548406009,6.130010548406009,Sector 3,233.37615626567597,0.0,2,0.5,584467.6497581431,6619018.7217601985,5.250362228511553,50.98713699698603,44.05529591514966,42.29308407854367,1.0,0.9741892567748893
614,614,6130.010548406009,6.130010548406009,Sector 3,233.37615626567597,0.0,3,0.75,584429.5664994806,6618952.438881384,5.250020120778297,50.986762175840674,44.05529591514966,42.29308407854367,1.0,0.9741892567748893
614,614,6130.010548406009,6.130010548406009,Sector 3,233.37615626567597,0.0,4,0.9,584406.7165442831,6618912.6691540945,5.249814856138343,50.98653728170069,44.05529591514966,42.29308407854367,1.0,0.9741892567748893
615,615,6140.010548405913,6.140010548405913,Sector 3,233.3761562668192,0.0,0,0.1,584535.5407564266,6619130.751932064,5.250972103725675,50.987770506302525,44.05529591522062,42.29308407861179,1.0,0.9741892567759753
615,615,6140.010548405913,6.140010548405913,Sector 3,233.3761562668192,0.0,1,0.25,584510.7290901816,6619091.439918183,5.250749216735551,50.98754820532488,44.05529591522062,42.29308407861179,1.0,0.9741892567759753
615,615,6140.010548405913,6.140010548405913,Sector 3,233.3761562668192,0.0,2,0.5,584469.3763131066,6619025.919895048,5.2503777384186785,50.98717770132961,44.05529591522062,42.29308407861179,1.0,0.9741892567759753
615,615,6140.010548405913,6.140010548405913,Sector 3,233.3761562668192,0.0,3,0.75,584428.0235360317,6618960.399871914,5.250006260101807,50.98680719437702,44.05529591522062,42.29308407861179,1.0,0.9741892567759753
615,615,6140.010548405913,6.140010548405913,Sector 3,233.3761562668192,0.0,4,0.9,584403.2118697867,6618921.087858032,5.249783373111684,50.986584888785934,44.05529591522062,42.29308407861179,1.0,0.9741892567759753
616,616,6150.010548405911,6.150010548405911,Sector 3,233.37615627192997,0.0,0,0.1,584542.611769204,6619136.7378773885,5.251035623714197,50.98780435544163,44.05529591553782,42.2930840789163,1.0,0.9741892567808295
616,616,6150.010548405911,6.150010548405911,Sector 3,233.37615627192997,0.0,1,0.25,584515.968582554,6619097.954087891,5.250796283896342,50.987585041626176,44.05529591553782,42.2930840789163,1.0,0.9741892567808295
616,616,6150.010548405911,6.150010548405911,Sector 3,233.37615627192997,0.0,2,0.5,584471.5632714707,6619033.314438728,5.250397384199921,50.98721951629769,44.05529591553782,42.2930840789163,1.0,0.9741892567808295
616,616,6150.010548405911,6.150010548405911,Sector 3,233.37615627192997,0.0,3,0.75,584427.1579603874,6618968.674789565,5.249998484503498,50.986853988090836,44.05529591553782,42.2930840789163,1.0,0.9741892567808295
616,616,6150.010548405911,6.150010548405911,Sector 3,233.37615627192997,0.0,4,0.9,584400.5147737374,6618929.891000067,5.249759144685645,50.9866346697851,44.05529591553782,42.2930840789163,1.0,0.9741892567808295
617,617,6160.010548405816,6.160010548405816,Sector 3,233.37615625954624,0.0,0,0.1,584549.7373902553,6619142.744756504,5.251099634257188,50.98783832293168,44.055295914769204,42.29308407817843,1.0,0.9741892567690671
617,617,6160.010548405816,6.160010548405816,Sector 3,233.37615625954624,0.0,1,0.25,584521.3445956113,6619104.520592077,5.2508445774433135,50.98762217383867,44.055295914769204,42.29308407817843,1.0,0.9741892567690671
617,617,6160.010548405816,6.160010548405816,Sector 3,233.37615625954624,0.0,2,0.5,584474.0232712047,6619040.813651366,5.25041948275352,50.98726192311362,44.055295914769204,42.29308407817843,1.0,0.9741892567690671
617,617,6160.010548405816,6.160010548405816,Sector 3,233.37615625954624,0.0,3,0.75,584426.7019467979,6618977.106710655,5.249994388063726,50.986901669592655,44.055295914769204,42.29308407817843,1.0,0.9741892567690671
617,617,6160.010548405816,6.160010548405816,Sector 3,233.37615625954624,0.0,4,0.9,584398.3091521539,6618938.882546227,5.24973933124985,50.986685516138024,44.055295914769204,42.29308407817843,1.0,0.9741892567690671
618,618,6170.01054840572,6.17001054840572,Sector 3,233.3761562785064,0.0,0,0.1,584556.901087906,6619148.76552961,5.251163986848092,50.98787236896403,44.055295915946004,42.293084079308166,1.0,0.974189256787076
618,618,6170.01054840572,6.17001054840572,Sector 3,233.3761562785064,0.0,1,0.25,584526.8158001669,6619111.121831242,5.2508937261100606,50.98765950244031,44.055295915946004,42.293084079308166,1.0,0.974189256787076
618,618,6170.01054840572,6.17001054840572,Sector 3,233.3761562785064,0.0,2,0.5,584476.6736539351,6619048.382333962,5.2504432915466746,50.98730472273147,44.055295915946004,42.293084079308166,1.0,0.974189256787076
618,618,6170.01054840572,6.17001054840572,Sector 3,233.3761562785064,0.0,3,0.75,584426.5315077034,6618985.6428366825,5.24999285698329,50.986949940310986,44.055295915946004,42.293084079308166,1.0,0.974189256787076
618,618,6170.01054840572,6.17001054840572,Sector 3,233.3761562785064,0.0,4,0.9,584396.4462199643,6618947.999138314,5.249722596245259,50.9867370695571,44.055295915946004,42.293084079308166,1.0,0.974189256787076
619,619,6180.0105484061805,6.18001054840618,Sector 3,233.376156268719,0.90601190820434,0,0.1,584564.1554514498,6619154.807392407,5.251229153904572,50.98790653422844,44.04978807142333,42.28779654856639,1.0,0.9741049688591881
619,619,6180.0105484061805,6.18001054840618,Sector 3,233.376156268719,0.90601190820434,1,0.25,584532.5136694548,6619117.775794631,5.250944910940743,50.987697129155826,44.04978807142333,42.28779654856639,1.0,0.9741049688591881
619,619,6180.0105484061805,6.18001054840618,Sector 3,233.376156268719,0.90601190820434,2,0.5,584479.7773661299,6619056.056465003,5.250471172667696,50.987348118602114,44.04978807142333,42.28779654856639,1.0,0.9741049688591881
619,619,6180.0105484061805,6.18001054840618,Sector 3,233.376156268719,0.90601190820434,3,0.75,584427.041062805,6618994.337135375,5.249997434394649,50.98699910542424,44.04978807142333,42.28779654856639,1.0,0.9741049688591881
619,619,6180.0105484061805,6.18001054840618,Sector 3,233.376156268719,0.90601190820434,4,0.9,584395.39928081,6618957.305537598,5.24971319143082,50.98678969625791,44.04978807142333,42.28779654856639,1.0,0.9741049688591881
620,620,6190.010548406179,6.190010548406179,Sector 3,233.3761562534613,0.0,0,0.1,584571.4693596469,6619160.862928957,5.251294855859773,50.98794077678936,44.055295914391536,42.29308407781587,1.0,0.9741892567632877
620,620,6190.010548406179,6.190010548406179,Sector 3,233.3761562534613,0.0,1,0.25,584538.3604003765,6619124.463942402,5.250997433018234,50.98773494914583,44.055295914391536,42.29308407781587,1.0,0.9741892567632877
620,620,6190.010548406179,6.190010548406179,Sector 3,233.3761562534613,0.0,2,0.5,584483.1788015924,6619063.7989648115,5.250501728282336,50.987391901045086,44.055295914391536,42.29308407781587,1.0,0.9741892567632877
620,620,6190.010548406179,6.190010548406179,Sector 3,233.3761562534613,0.0,3,0.75,584427.9972028083,6619003.13398722,5.250006023546436,50.987048850409046,44.055295914391536,42.29308407781587,1.0,0.9741892567632877
620,620,6190.010548406179,6.190010548406179,Sector 3,233.3761562534613,0.0,4,0.9,584394.8882435379,6618966.735000666,5.2497086007048965,50.9868430188105,44.055295914391536,42.29308407781587,1.0,0.9741892567632877
621,621,6200.010548406083,6.200010548406083,Sector 3,233.3761562672637,-6.791524270229171,0,0.1,584578.8371945582,6619166.92365017,5.251361042246891,50.98797504864297,43.74616046193925,41.99631404346167,1.0,0.9694584793027756
621,621,6200.010548406083,6.200010548406083,Sector 3,233.3761562672637,-6.791524270229171,1,0.25,584544.3419480836,6619131.165051835,5.251051166175514,50.98777284240027,43.74616046193925,41.99631404346167,1.0,0.9694584793027756
621,621,6200.010548406083,6.200010548406083,Sector 3,233.3761562672637,-6.791524270229171,2,0.5,584486.8498706261,6619071.567387942,5.2505347060565555,50.98743583003827,43.74616046193925,41.99631404346167,1.0,0.9694584793027756
621,621,6200.010548406083,6.200010548406083,Sector 3,233.3761562672637,-6.791524270229171,3,0.75,584429.3577931686,6619011.969724051,5.250018245937597,50.98709881522943,43.74616046193925,41.99631404346167,1.0,0.9694584793027756
621,621,6200.010548406083,6.200010548406083,Sector 3,233.3761562672637,-6.791524270229171,4,0.9,584394.862546694,6618976.211125715,5.24970836986622,50.98689660516962,43.74616046193925,41.99631404346167,1.0,0.9694584793027756
622,622,6210.010548405988,6.210010548405988,Sector 3,233.37615626236143,0.0,0,0.1,584586.2680356381,6619172.989873468,5.25142779462805,50.98800935158416,44.05529591494394,42.29308407834618,1.0,0.9741892567717412
622,622,6210.010548405988,6.210010548405988,Sector 3,233.37615626236143,0.0,1,0.25,584550.4810112127,6619137.879916476,5.251106314317904,50.98781081340625,44.05529591494394,42.29308407834618,1.0,0.9741892567717412
622,622,6210.010548405988,6.210010548405988,Sector 3,233.37615626236143,0.0,2,0.5,584490.8359705035,6619079.3633214915,5.250570513800994,50.98747991455598,44.05529591494394,42.29308407834618,1.0,0.9741892567717412
622,622,6210.010548405988,6.210010548405988,Sector 3,233.37615626236143,0.0,3,0.75,584431.1909297945,6619020.846726507,5.250034713284085,50.98714901334682,44.05529591494394,42.29308407834618,1.0,0.9741892567717412
622,622,6210.010548405988,6.210010548405988,Sector 3,233.37615626236143,0.0,4,0.9,584395.4039053689,6618985.736769515,5.2497132329739395,50.98695047148905,44.05529591494394,42.29308407834618,1.0,0.9741892567717412
623,623,6220.010548405892,6.2200105484058925,Sector 3,233.3761562706985,-1.2290815634817356,0,0.1,584593.7986344498,6619179.051964761,5.251495443148161,50.98804363113458,44.04515989178023,42.28335349610902,1.0,0.9740341426638583
623,623,6220.010548405892,6.2200105484058925,Sector 3,233.3761562706985,-1.2290815634817356,1,0.25,584556.8694686708,6619144.584451108,5.25116370280767,50.987848725967446,44.04515989178023,42.28335349610902,1.0,0.9740341426638583
623,623,6220.010548405892,6.2200105484058925,Sector 3,233.3761562706985,-1.2290815634817356,2,0.5,584495.3208590392,6619087.13859502,5.250610802240186,50.987523882203526,44.04515989178023,42.28335349610902,1.0,0.9740341426638583
623,623,6220.010548405892,6.2200105484058925,Sector 3,233.3761562706985,-1.2290815634817356,3,0.75,584433.7722494075,6619029.692738932,5.250057901672702,50.987199036166245,44.04515989178023,42.28335349610902,1.0,0.9740341426638583
623,623,6220.010548405892,6.2200105484058925,Sector 3,233.3761562706985,-1.2290815634817356,4,0.9,584396.8430836285,6618995.225225279,5.249726161332211,50.987004127452664,44.04515989178023,42.28335349610902,1.0,0.9740341426638583
624,624,6230.010548405797,6.230010548405796,Sector 3,232.78506590760747,0.0,0,0.1,584601.4440334177,6619185.100260131,5.251564122935622,50.98807783264742,44.018456425386105,42.25771816837066,1.0,0.9736254928117216
624,624,6230.010548405797,6.230010548405796,Sector 3,232.78506590760747,0.0,1,0.25,584563.5449265195,6619151.25449593,5.25122366946581,50.98788644346616,44.018456425386105,42.25771816837066,1.0,0.9736254928117216
624,624,6230.010548405797,6.230010548405796,Sector 3,232.78506590760747,0.0,2,0.5,584500.379748356,6619094.844888929,5.250656247016125,50.98756745974374,44.018456425386105,42.25771816837066,1.0,0.9736254928117216
624,624,6230.010548405797,6.230010548405796,Sector 3,232.78506590760747,0.0,3,0.75,584437.2145701924,6619038.435281929,5.250088824566441,50.98724847382923,44.018456425386105,42.25771816837066,1.0,0.9736254928117216
624,624,6230.010548405797,6.230010548405796,Sector 3,232.78506590760747,0.0,4,0.9,584399.3154632942,6619004.5895177275,5.249748371096629,50.98705708122833,44.018456425386105,42.25771816837066,1.0,0.9736254928117216
625,625,6239.97308570783,6.23997308570783,Sector 3,192.8009367743129,0.0,0,0.1,584609.1422387662,6619191.108214516,5.25163327709087,50.9881118060177,41.17672767979925,39.529658572607275,1.0,0.9301378041889283
625,625,6239.97308570783,6.23997308570783,Sector 3,192.8009367743129,0.0,1,0.25,584570.3989965718,6619157.85534687,5.251285240624674,50.98792376965996,41.17672767979925,39.529658572607275,1.0,0.9301378041889283
625,625,6239.97308570783,6.23997308570783,Sector 3,192.8009367743129,0.0,2,0.5,584505.8269262476,6619102.433900792,5.250705179847678,50.987610374037615,41.17672767979925,39.529658572607275,1.0,0.9301378041889283
625,625,6239.97308570783,6.23997308570783,Sector 3,192.8009367743129,0.0,3,0.75,584441.2548559234,6619047.012454714,5.250125119070684,50.98729697629932,41.17672767979925,39.529658572607275,1.0,0.9301378041889283
625,625,6239.97308570783,6.23997308570783,Sector 3,192.8009367743129,0.0,4,0.9,584402.511613729,6619013.759587067,5.249777082604488,50.98710893664069,41.17672767979925,39.529658572607275,1.0,0.9301378041889283
626,626,6249.973085708389,6.249973085708389,Sector 3,192.8009367770794,0.0,0,0.1,584616.9175251042,6619197.123966225,5.251703123676428,50.98814582345484,41.17672767979925,39.529658572607275,1.0,0.9301378041889283
626,626,6249.973085708389,6.249973085708389,Sector 3,192.8009367770794,0.0,1,0.25,584577.3991728451,6619164.444032541,5.251348124278052,50.9879610270322,41.17672767979925,39.529658572607275,1.0,0.9301378041889283
626,626,6249.973085708389,6.249973085708389,Sector 3,192.8009367770794,0.0,2,0.5,584511.535252413,6619109.977476398,5.250756458614091,50.987653031359535,41.17672767979925,39.529658572607275,1.0,0.9301378041889283
626,626,6249.973085708389,6.249973085708389,Sector 3,192.8009367770794,0.0,3,0.75,584445.671331981,6619055.510920256,5.250164792950129,50.9873450336432,41.17672767979925,39.529658572607275,1.0,0.9301378041889283
626,626,6249.973085708389,6.249973085708389,Sector 3,192.8009367770794,0.0,4,0.9,584406.1529797218,6619022.8309865715,5.249809793551753,50.98716023403244,41.17672767979925,39.529658572607275,1.0,0.9301378041889283
627,627,6259.973085708065,6.259973085708065,Sector 3,192.80093677721527,0.0,0,0.1,584624.7500995013,6619203.1194894,5.251773484889378,50.98817972648032,41.17672767979925,39.529658572607275,1.0,0.9301378041889283
627,627,6259.973085708065,6.259973085708065,Sector 3,192.80093677721527,0.0,1,0.25,584584.5425692671,6619170.982146872,5.251412294499916,50.987997998406584,41.17672767979925,39.529658572607275,1.0,0.9301378041889283
627,627,6259.973085708065,6.259973085708065,Sector 3,192.80093677721527,0.0,2,0.5,584517.5300188765,6619117.419909328,5.25081031051748,50.98769511670262,41.17672767979925,39.529658572607275,1.0,0.9301378041889283
627,627,6259.973085708065,6.259973085708065,Sector 3,192.80093677721527,0.0,3,0.75,584450.517468486,6619063.857671784,5.250208326535043,50.987392233022284,41.17672767979925,39.529658572607275,1.0,0.9301378041889283
627,627,6259.973085708065,6.259973085708065,Sector 3,192.80093677721527,0.0,4,0.9,584410.3099382517,6619031.720329257,5.249847136145582,50.987210501865434,41.17672767979925,39.529658572607275,1.0,0.9301378041889283
628,628,6269.973085707715,6.269973085707715,Sector 3,192.8009367754346,-1.7948672038714433,0,0.1,584632.6354698343,6619209.091844184,5.2518443203762875,50.988213498470344,41.15652515270762,39.51026414659932,1.0,0.9298286398434861
628,628,6269.973085707715,6.269973085707715,Sector 3,192.8009367754346,-1.7948672038714433,1,0.25,584591.8179555287,6619177.462340234,5.251477650406684,50.98803464222356,41.15652515270762,39.51026414659932,1.0,0.9298286398434861
628,628,6269.973085707715,6.269973085707715,Sector 3,192.8009367754346,-1.7948672038714433,2,0.5,584523.7887650195,6619124.746500317,5.250866533790676,50.9877365469474,41.15652515270762,39.51026414659932,1.0,0.9298286398434861
628,628,6269.973085707715,6.269973085707715,Sector 3,192.8009367754346,-1.7948672038714433,3,0.75,584455.7595745103,6619072.030660399,5.250255417174669,50.98743844975686,41.15652515270762,39.51026414659932,1.0,0.9298286398434861
628,628,6269.973085707715,6.269973085707715,Sector 3,192.8009367754346,-1.7948672038714433,4,0.9,584414.9420602047,6619040.401156449,5.2498887472050635,50.987259590523614,41.15652515270762,39.51026414659932,1.0,0.9298286398434861
629,629,6279.973085708273,6.279973085708273,Sector 3,192.8009367772856,0.0,0,0.1,584640.5976879809,6619215.023111342,5.2519158461988535,50.98824703809705,41.17672767979925,39.529658572607275,1.0,0.9301378041889283
629,629,6279.973085708273,6.279973085708273,Sector 3,192.8009367772856,0.0,1,0.25,584599.2854613233,6619183.839814527,5.2515447321525786,50.98807070516253,41.17672767979925,39.529658572607275,1.0,0.9301378041889283
629,629,6279.973085708273,6.279973085708273,Sector 3,192.8009367772856,0.0,2,0.5,584530.4317502275,6619131.867653169,5.250926208742121,50.98777681544971,41.17672767979925,39.529658572607275,1.0,0.9301378041889283
629,629,6279.973085708273,6.279973085708273,Sector 3,192.8009367772856,0.0,3,0.75,584461.5780391317,6619079.89549181,5.250307685331665,50.98748292387613,41.17672767979925,39.529658572607275,1.0,0.9301378041889283
629,629,6279.973085708273,6.279973085708273,Sector 3,192.8009367772856,0.0,4,0.9,584420.2658124742,6619048.712194994,5.24993657128539,50.98730658803882,41.17672767979925,39.529658572607275,1.0,0.9301378041889283
630,630,6289.973085707949,6.289973085707949,Sector 3,192.8009367743084,0.0,0,0.1,584648.6196691097,6619220.919119395,5.251987908881423,50.988280378319544,41.17672767979925,39.529658572607275,1.0,0.9301378041889283
630,630,6289.973085707949,6.289973085707949,Sector 3,192.8009367743084,0.0,1,0.25,584606.9044243583,6619190.126128701,5.251613174462013,50.988106252587585,41.17672767979925,39.529658572607275,1.0,0.9301378041889283
630,630,6289.973085707949,6.289973085707949,Sector 3,192.8009367743084,0.0,2,0.5,584537.3790164394,6619138.8044775445,5.250988617096332,50.987816041582754,41.17672767979925,39.529658572607275,1.0,0.9301378041889283
630,630,6289.973085707949,6.289973085707949,Sector 3,192.8009367743084,0.0,3,0.75,584467.8536085205,6619087.4828263875,5.250364059730649,50.98752582876346,41.17672767979925,39.529658572607275,1.0,0.9301378041889283
630,630,6289.973085707949,6.289973085707949,Sector 3,192.8009367743084,0.0,4,0.9,584426.138363769,6619056.689835694,5.2499893253112395,50.98735170020093,41.17672767979925,39.529658572607275,1.0,0.9301378041889283
631,631,6299.973085707599,6.299973085707599,Sector 3,192.8009367744683,0.0,0,0.1,584656.7532466119,6619226.729725323,5.252060974051271,50.98831323559425,41.17672767979925,39.529658572607275,1.0,0.9301378041889283
631,631,6299.973085707599,6.299973085707599,Sector 3,192.8009367744683,0.0,1,0.25,584614.812309409,6619196.184342877,5.251684212202075,50.988140510142415,41.17672767979925,39.529658572607275,1.0,0.9301378041889283
631,631,6299.973085707599,6.299973085707599,Sector 3,192.8009367744683,0.0,2,0.5,584544.910747404,6619145.2753721345,5.251056275786746,50.987852632961044,41.17672767979925,39.529658572607275,1.0,0.9301378041889283
631,631,6299.973085707599,6.299973085707599,Sector 3,192.8009367744683,0.0,3,0.75,584475.0091853989,6619094.366401393,5.250428339371415,50.98756475399426,41.17672767979925,39.529658572607275,1.0,0.9301378041889283
631,631,6299.973085707599,6.299973085707599,Sector 3,192.8009367744683,0.0,4,0.9,584433.068248196,6619063.821018947,5.2500515775222185,50.987392025757195,41.17672767979925,39.529658572607275,1.0,0.9301378041889283
632,632,6309.973085708158,6.309973085708157,Sector 3,192.8009367770513,0.0,0,0.1,584664.8904286276,6619232.537444117,5.252134071601015,50.988346076519825,41.17672767979925,39.529658572607275,1.0,0.9301378041889283
632,632,6309.973085708158,6.309973085708157,Sector 3,192.8009367770513,0.0,1,0.25,584622.7292057419,6619202.235339219,5.251755330891861,50.98817472685712,41.17672767979925,39.529658572607275,1.0,0.9301378041889283
632,632,6309.973085708158,6.309973085708157,Sector 3,192.8009367770513,0.0,2,0.5,584552.4605009323,6619151.731831057,5.2511240963766035,50.98788914268029,41.17672767979925,39.529658572607275,1.0,0.9301378041889283
632,632,6309.973085708158,6.309973085708157,Sector 3,192.8009367770513,0.0,3,0.75,584482.1917961228,6619101.228322895,5.250492861861346,50.98760355674637,41.17672767979925,39.529658572607275,1.0,0.9301378041889283
632,632,6309.973085708158,6.309973085708157,Sector 3,192.8009367770513,0.0,4,0.9,584440.030573237,6619070.926217997,5.250114121152192,50.987432204342625,41.17672767979925,39.529658572607275,1.0,0.9301378041889283
633,633,6319.973085707834,6.319973085707834,Sector 3,192.8009367750256,-1.3652985158464213,0,0.1,584673.0926425772,6619238.273105582,5.25220775334256,50.98837850995979,41.16503776742358,39.51843625672663,1.0,0.9299589105242143
633,633,6319.973085707834,6.319973085707834,Sector 3,192.8009367750256,-1.3652985158464213,1,0.25,584630.8086819106,6619208.1061922405,5.251827910061161,50.988207924886936,41.16503776742358,39.51843625672663,1.0,0.9299589105242143
633,633,6319.973085707834,6.319973085707834,Sector 3,192.8009367750256,-1.3652985158464213,2,0.5,584560.3354141328,6619157.828003338,5.251194837925494,50.987923615039044,41.16503776742358,39.51843625672663,1.0,0.9299589105242143
633,633,6319.973085707834,6.319973085707834,Sector 3,192.8009367750256,-1.3652985158464213,3,0.75,584489.862146355,6619107.549814434,5.250561765789827,50.987639303449704,41.16503776742358,39.51843625672663,1.0,0.9299589105242143
633,633,6319.973085707834,6.319973085707834,Sector 3,192.8009367750256,-1.3652985158464213,4,0.9,584447.5781856884,6619077.382901092,5.250181922508428,50.98746871566021,41.16503776742358,39.51843625672663,1.0,0.9299589105242143
634,634,6329.973085708392,6.329973085708392,Sector 3,192.8009326385125,0.0,0,0.1,584681.3408803174,6619243.957771312,5.25228184852285,50.988410655011855,41.17672767979925,39.529658572607275,1.0,0.9301378041889283
634,634,6329.973085708392,6.329973085708392,Sector 3,192.8009326385125,0.0,1,0.25,584639.0032175547,6619213.849555922,5.251901522827314,50.98824040197727,41.17672767979925,39.529658572607275,1.0,0.9301378041889283
634,634,6329.973085708392,6.329973085708392,Sector 3,192.8009326385125,0.0,2,0.5,584568.4404462833,6619163.669196939,5.251267646668086,50.9879566455319,41.17672767979925,39.529658572607275,1.0,0.9301378041889283
634,634,6329.973085708392,6.329973085708392,Sector 3,192.8009326385125,0.0,3,0.75,584497.877675012,6619113.4888379555,5.250633770508856,50.98767288735187,41.17672767979925,39.529658572607275,1.0,0.9301378041889283
634,634,6329.973085708392,6.329973085708392,Sector 3,192.8009326385125,0.0,4,0.9,584455.5400122493,6619083.380622566,5.25025344481332,50.98750263161121,41.17672767979925,39.529658572607275,1.0,0.9301378041889283
635,635,6334.622710288168,6.334622710288167,Sector 3,192.8009326385125,0.0,0,0.1,584685.1760012107,6619246.600927462,5.2523163,50.98842560124669,41.17672767979925,39.529658572607275,1.0,0.9301378041889283
635,635,6334.622710288168,6.334622710288167,Sector 3,192.8009326385125,0.0,1,0.25,584642.8133689894,6619216.520004416,5.25193575,50.988255502597276,41.17672767979925,39.529658572607275,1.0,0.9301378041889283
635,635,6334.622710288168,6.334622710288167,Sector 3,192.8009326385125,0.0,2,0.5,584572.2089819538,6619166.385132673,5.251301500000001,50.98797200346304,41.17672767979925,39.529658572607275,1.0,0.9301378041889283
635,635,6334.622710288168,6.334622710288167,Sector 3,192.8009326385125,0.0,3,0.75,584501.6045949181,6619116.2502609305,5.25066725,50.98768850259729,41.17672767979925,39.529658572607275,1.0,0.9301378041889283
635,635,6334.622710288168,6.334622710288167,Sector 3,192.8009326385125,0.0,4,0.9,584459.2419626968,6619086.1693378845,5.2502867,50.98751840124671,41.17672767979925,39.529658572607275,1.0,0.9301378041889283
