_time,VCU_GPS_Active,VCU_GPS_Altitude,VCU_GPS_FixQuality,VCU_GPS_Latitude,VCU_GPS_Longitude,VCU_GPS_Satellites,VCU_GPS_Speed
2026-06-09 12:54:57+00:00,1.0,468.6000061035156,1.0,46.772762298583984,23.586225509643555,7.0,0.3166920244693756
2026-06-09 12:54:58+00:00,1.0,468.6000061035156,1.0,46.77275466918945,23.58606719970703,7.0,0.06852400302886963
2026-06-09 12:54:59+00:00,1.0,459.3999938964844,1.0,46.77277755737305,23.586156845092773,7.0,0.23520401120185852
2026-06-09 12:55:00+00:00,1.0,459.3999938964844,1.0,46.77278518676758,23.586023330688477,7.0,0.26853999495506287
2026-06-09 12:55:01+00:00,1.0,459.3999938964844,1.0,46.77278518676758,23.585803985595703,7.0,0.10000801086425781
2026-06-09 12:55:02+00:00,1.0,459.3999938964844,1.0,46.772762298583984,23.58551025390625,7.0,0.22594399750232697
2026-06-09 12:55:03+00:00,1.0,459.3999938964844,1.0,46.77275466918945,23.585460662841797,7.0,0.22594399750232697
2026-06-09 12:55:04+00:00,1.0,459.3999938964844,1.0,46.77275466918945,23.585437774658203,7.0,0.029632002115249634
2026-06-09 12:55:05+00:00,1.0,459.3999938964844,1.0,46.77275466918945,23.585424423217773,7.0,0.20186801254749298
2026-06-09 12:55:06+00:00,1.0,459.3999938964844,1.0,46.77275466918945,23.585412979125977,7.0,0.3203960359096527
2026-06-09 12:55:07+00:00,1.0,459.3999938964844,1.0,46.77274703979492,23.585405349731445,7.0,0.30372798442840576
2026-06-09 12:55:08+00:00,1.0,459.3999938964844,1.0,46.77274703979492,23.58539581298828,7.0,0.4815199673175812
2026-06-09 12:55:09+00:00,1.0,459.3999938964844,1.0,46.77274703979492,23.585391998291016,7.0,0.2833560109138489
2026-06-09 12:55:10+00:00,1.0,459.3999938964844,1.0,46.77274703979492,23.585391998291016,7.0,0.2833560109138489
2026-06-09 12:55:11+00:00,1.0,459.3999938964844,1.0,46.77274703979492,23.585391998291016,7.0,0.2833560109138489
2026-06-09 12:55:12+00:00,1.0,459.3999938964844,1.0,46.77274703979492,23.585391998291016,7.0,0.2833560109138489
2026-06-09 12:55:13+00:00,1.0,377.3999938964844,1.0,46.77274703979492,23.58539581298828,8.0,0.2833560109138489
2026-06-09 12:55:14+00:00,1.0,377.3999938964844,1.0,46.77274703979492,23.58539581298828,8.0,0.2833560109138489
2026-06-09 12:55:15+00:00,1.0,377.5,1.0,46.77274703979492,23.58539581298828,8.0,0.2833560109138489
2026-06-09 12:55:16+00:00,1.0,377.6000061035156,1.0,46.77274703979492,23.585399627685547,8.0,0.17223601043224335
2026-06-09 12:55:17+00:00,1.0,377.79998779296875,1.0,46.77274703979492,23.585399627685547,8.0,0.07222799956798553
2026-06-09 12:55:18+00:00,1.0,378.1000061035156,1.0,46.77274703979492,23.585399627685547,8.0,0.11297199875116348
2026-06-09 12:55:19+00:00,1.0,378.6000061035156,1.0,46.77274703979492,23.58540916442871,8.0,0.1240840032696724
2026-06-09 12:55:20+00:00,1.0,379.1000061035156,1.0,46.77274703979492,23.585412979125977,8.0,0.2592799961566925
2026-06-09 12:55:21+00:00,1.0,379.1000061035156,1.0,46.77274703979492,23.585420608520508,8.0,0.1277880072593689
2026-06-09 12:55:22+00:00,1.0,379.1000061035156,1.0,46.77274703979492,23.585424423217773,8.0,0.08704400062561035
2026-06-09 12:55:23+00:00,1.0,379.1000061035156,1.0,46.77274703979492,23.585432052612305,8.0,0.25372397899627686
2026-06-09 12:55:24+00:00,1.0,379.1000061035156,1.0,46.77274703979492,23.585437774658203,8.0,0.4055880308151245
2026-06-09 12:55:25+00:00,1.0,379.1000061035156,1.0,46.77274703979492,23.58544158935547,8.0,0.32224801182746887
2026-06-09 12:55:26+00:00,1.0,379.1000061035156,1.0,46.77274703979492,23.585445404052734,8.0,0.32224801182746887
2026-06-09 12:55:27+00:00,1.0,379.1000061035156,1.0,46.77274703979492,23.58544921875,8.0,0.04444800317287445
2026-06-09 12:55:28+00:00,1.0,379.1000061035156,1.0,46.77274703979492,23.58544921875,8.0,0.04444800317287445
2026-06-09 12:55:29+00:00,1.0,379.1000061035156,1.0,46.77274703979492,23.58544921875,8.0,0.04444800317287445
2026-06-09 12:55:30+00:00,1.0,379.1000061035156,1.0,46.77274703979492,23.58544921875,8.0,0.04444800317287445
2026-06-09 12:55:31+00:00,1.0,379.1000061035156,1.0,46.77275466918945,23.585460662841797,8.0,0.26483601331710815
2026-06-09 12:55:32+00:00,1.0,379.1000061035156,1.0,46.77275466918945,23.585460662841797,8.0,0.26483601331710815
2026-06-09 12:55:33+00:00,1.0,384.1000061035156,1.0,46.77275466918945,23.58547019958496,8.0,0.45003601908683777
2026-06-09 12:55:34+00:00,1.0,384.20001220703125,1.0,46.77275466918945,23.58547019958496,8.0,0.085192009806633
2026-06-09 12:55:35+00:00,1.0,384.20001220703125,1.0,46.77275466918945,23.585474014282227,8.0,0.15742000937461853
2026-06-09 12:55:36+00:00,1.0,384.29998779296875,1.0,46.77275466918945,23.585477828979492,8.0,0.19816400110721588
2026-06-09 12:55:37+00:00,1.0,384.70001220703125,1.0,46.77275466918945,23.585477828979492,8.0,0.3370640277862549
2026-06-09 12:55:38+00:00,1.0,384.79998779296875,1.0,46.772762298583984,23.585481643676758,8.0,0.21112799644470215
2026-06-09 12:55:39+00:00,1.0,384.79998779296875,1.0,46.772762298583984,23.585485458374023,8.0,0.2833560109138489
2026-06-09 12:55:40+00:00,1.0,385.29998779296875,1.0,46.772762298583984,23.585485458374023,8.0,0.572268009185791
2026-06-09 12:55:41+00:00,1.0,385.29998779296875,1.0,46.772769927978516,23.58548927307129,8.0,0.37040001153945923
2026-06-09 12:55:42+00:00,1.0,385.29998779296875,1.0,46.772769927978516,23.585493087768555,8.0,0.38892000913619995
2026-06-09 12:55:43+00:00,1.0,385.29998779296875,1.0,46.772769927978516,23.585493087768555,8.0,0.3370640277862549
2026-06-09 12:55:44+00:00,1.0,0.0,1.0,46.772769927978516,23.585493087768555,8.0,0.22964800894260406
2026-06-09 12:55:45+00:00,1.0,385.29998779296875,1.0,46.772769927978516,23.585493087768555,8.0,0.22964800894260406
2026-06-09 12:55:46+00:00,1.0,385.29998779296875,1.0,46.772769927978516,23.585493087768555,8.0,0.22964800894260406
2026-06-09 12:55:47+00:00,1.0,385.29998779296875,1.0,46.772769927978516,23.585493087768555,8.0,0.22964800894260406
2026-06-09 12:55:48+00:00,1.0,385.29998779296875,1.0,46.772769927978516,23.585493087768555,8.0,0.22964800894260406
2026-06-09 12:55:49+00:00,1.0,387.3999938964844,1.0,46.77277755737305,23.58551025390625,8.0,0.22964800894260406
2026-06-09 12:55:50+00:00,1.0,388.29998779296875,1.0,46.77277755737305,23.58551788330078,8.0,0.131492018699646
2026-06-09 12:55:51+00:00,1.0,389.0,1.0,46.772769927978516,23.585521697998047,8.0,0.29631999135017395
2026-06-09 12:55:52+00:00,1.0,389.70001220703125,1.0,46.772769927978516,23.585527420043945,8.0,0.12593600153923035
2026-06-09 12:55:53+00:00,1.0,390.29998779296875,1.0,46.772769927978516,23.58553123474121,8.0,0.20742398500442505
2026-06-09 12:55:54+00:00,1.0,390.79998779296875,1.0,46.772762298583984,23.585535049438477,7.0,0.19260799884796143
2026-06-09 12:55:55+00:00,1.0,391.20001220703125,1.0,46.772762298583984,23.585538864135742,8.0,0.30002400279045105
2026-06-09 12:55:56+00:00,1.0,391.8999938964844,1.0,46.772762298583984,23.585546493530273,8.0,0.06481999903917313
2026-06-09 12:55:57+00:00,1.0,392.20001220703125,1.0,46.772762298583984,23.58555030822754,7.0,0.05370800569653511
2026-06-09 12:55:58+00:00,1.0,392.6000061035156,1.0,46.772762298583984,23.585554122924805,8.0,0.12038000673055649
2026-06-09 12:55:59+00:00,1.0,393.0,1.0,46.772762298583984,23.585559844970703,8.0,0.3833639919757843
2026-06-09 12:56:00+00:00,1.0,393.0,1.0,46.77275466918945,23.58556365966797,8.0,0.23149999976158142
2026-06-09 12:56:01+00:00,1.0,393.0,1.0,46.77275466918945,23.585567474365234,8.0,0.20001600682735443
2026-06-09 12:56:02+00:00,1.0,393.0,1.0,46.77275466918945,23.585567474365234,8.0,0.057412002235651016
2026-06-09 12:56:03+00:00,1.0,393.0,1.0,46.77275466918945,23.5855712890625,8.0,0.2092759907245636
2026-06-09 12:56:04+00:00,1.0,393.0,1.0,46.77275466918945,23.585575103759766,8.0,0.10186000913381577
2026-06-09 12:56:05+00:00,1.0,393.0,1.0,46.77275466918945,23.585575103759766,8.0,0.10186000913381577
2026-06-09 12:56:06+00:00,1.0,393.0,1.0,46.77275466918945,23.585575103759766,8.0,0.10186000913381577
2026-06-09 12:56:07+00:00,1.0,393.0,1.0,46.77275466918945,23.585575103759766,8.0,0.10186000913381577
2026-06-09 12:56:08+00:00,1.0,393.0,1.0,46.77275466918945,23.585575103759766,8.0,0.10186000913381577
2026-06-09 12:56:09+00:00,1.0,393.0,1.0,46.77275466918945,23.585575103759766,8.0,0.10186000913381577
2026-06-09 12:56:10+00:00,1.0,394.20001220703125,1.0,46.77273941040039,23.585588455200195,8.0,0.11297199875116348
2026-06-09 12:56:11+00:00,1.0,394.29998779296875,1.0,46.77273941040039,23.58559226989746,8.0,0.1426040083169937
2026-06-09 12:56:12+00:00,1.0,394.3999938964844,1.0,46.77273941040039,23.58559226989746,8.0,0.04444800317287445
2026-06-09 12:56:13+00:00,1.0,394.6000061035156,1.0,46.772727966308594,23.585596084594727,8.0,0.06852400302886963
2026-06-09 12:56:14+00:00,1.0,394.5,1.0,46.772727966308594,23.585596084594727,8.0,0.06852400302886963
2026-06-09 12:56:15+00:00,1.0,394.70001220703125,1.0,46.772727966308594,23.585596084594727,7.0,0.07593200355768204
2026-06-09 12:56:16+00:00,1.0,394.79998779296875,1.0,46.772727966308594,23.585603713989258,8.0,0.1777919977903366
2026-06-09 12:56:17+00:00,1.0,395.0,1.0,46.77272033691406,23.585603713989258,8.0,0.18705201148986816
2026-06-09 12:56:18+00:00,1.0,395.20001220703125,1.0,46.77272033691406,23.585603713989258,8.0,0.1426040083169937
2026-06-09 12:56:19+00:00,1.0,395.20001220703125,1.0,46.77272033691406,23.585603713989258,8.0,0.1426040083169937
2026-06-09 12:56:20+00:00,1.0,395.3999938964844,1.0,46.77272033691406,23.585607528686523,8.0,0.1240840032696724
2026-06-09 12:56:21+00:00,1.0,395.3999938964844,1.0,46.77271270751953,23.585607528686523,8.0,0.23335200548171997
2026-06-09 12:56:22+00:00,1.0,395.3999938964844,1.0,46.77271270751953,23.585607528686523,8.0,0.2092759907245636
2026-06-09 12:56:23+00:00,1.0,395.3999938964844,1.0,46.77271270751953,23.58561134338379,8.0,0.18890400230884552
2026-06-09 12:56:24+00:00,1.0,395.3999938964844,1.0,46.77271270751953,23.58561134338379,8.0,0.06111599877476692
2026-06-09 12:56:25+00:00,1.0,395.3999938964844,1.0,46.77271270751953,23.58561134338379,8.0,0.07778400927782059
2026-06-09 12:56:26+00:00,1.0,395.3999938964844,1.0,46.77271270751953,23.58561134338379,8.0,0.07778400927782059
2026-06-09 12:56:27+00:00,1.0,395.3999938964844,1.0,46.77271270751953,23.58561134338379,8.0,0.07778400927782059
2026-06-09 12:56:28+00:00,1.0,395.3999938964844,1.0,46.772705078125,23.585615158081055,8.0,0.23890800774097443
2026-06-09 12:56:29+00:00,1.0,395.3999938964844,1.0,46.772705078125,23.585615158081055,8.0,0.2666879892349243
2026-06-09 12:56:30+00:00,1.0,396.5,1.0,46.772705078125,23.585620880126953,7.0,0.28520798683166504
2026-06-09 12:56:31+00:00,1.0,396.5,1.0,46.772705078125,23.585620880126953,7.0,0.22594399750232697
2026-06-09 12:56:32+00:00,1.0,396.3999938964844,1.0,46.772705078125,23.585620880126953,7.0,0.32595202326774597
2026-06-09 12:56:33+00:00,1.0,396.29998779296875,1.0,46.772705078125,23.585620880126953,7.0,0.20186801254749298
2026-06-09 12:56:34+00:00,1.0,396.20001220703125,1.0,46.772705078125,23.585620880126953,7.0,0.4722599983215332
2026-06-09 12:56:35+00:00,1.0,396.20001220703125,1.0,46.772705078125,23.585620880126953,8.0,0.10371200740337372
2026-06-09 12:56:36+00:00,1.0,395.70001220703125,1.0,46.772705078125,23.58562469482422,8.0,0.10556400567293167
2026-06-09 12:56:37+00:00,1.0,395.3999938964844,1.0,46.772705078125,23.58562469482422,8.0,0.20186801254749298
2026-06-09 12:56:38+00:00,1.0,394.70001220703125,1.0,46.772705078125,23.58562469482422,8.0,0.07963600009679794
2026-06-09 12:56:39+00:00,1.0,394.70001220703125,1.0,46.772705078125,23.585628509521484,8.0,0.39262402057647705
2026-06-09 12:56:40+00:00,1.0,393.79998779296875,1.0,46.77271270751953,23.58562469482422,8.0,0.42040398716926575
2026-06-09 12:56:41+00:00,1.0,393.79998779296875,1.0,46.77271270751953,23.58562469482422,8.0,0.1740880012512207
2026-06-09 12:56:42+00:00,1.0,393.79998779296875,1.0,46.77271270751953,23.58562469482422,8.0,0.1426040083169937
2026-06-09 12:56:43+00:00,1.0,393.79998779296875,1.0,46.77271270751953,23.58562469482422,8.0,0.1426040083169937
2026-06-09 12:56:44+00:00,1.0,393.79998779296875,1.0,46.77271270751953,23.58562469482422,8.0,0.1426040083169937
2026-06-09 12:56:45+00:00,1.0,393.79998779296875,1.0,46.77271270751953,23.58562469482422,8.0,0.1426040083169937
2026-06-09 12:56:46+00:00,1.0,393.79998779296875,1.0,46.77271270751953,23.58562469482422,8.0,0.1426040083169937
2026-06-09 12:56:47+00:00,1.0,393.79998779296875,1.0,46.77271270751953,23.58562469482422,8.0,0.1426040083169937
2026-06-09 12:56:48+00:00,1.0,393.79998779296875,1.0,46.77271270751953,23.58562469482422,8.0,0.1426040083169937
2026-06-09 12:56:50+00:00,1.0,393.79998779296875,1.0,46.77271270751953,23.58562469482422,8.0,0.1426040083169937
2026-06-09 12:56:51+00:00,1.0,393.79998779296875,1.0,46.77271270751953,23.58562469482422,8.0,0.1426040083169937
2026-06-09 12:56:52+00:00,1.0,393.79998779296875,1.0,46.77271270751953,23.58562469482422,8.0,0.1426040083169937
2026-06-09 12:56:55+00:00,1.0,393.79998779296875,1.0,46.77271270751953,23.58562469482422,8.0,0.1426040083169937
2026-06-09 12:56:56+00:00,1.0,393.79998779296875,1.0,46.77271270751953,23.58562469482422,8.0,0.1426040083169937
2026-06-09 12:56:57+00:00,1.0,393.79998779296875,1.0,46.77271270751953,23.58562469482422,8.0,0.1426040083169937
2026-06-09 12:56:58+00:00,1.0,393.79998779296875,1.0,46.77272033691406,23.585620880126953,8.0,0.38151198625564575
2026-06-09 12:56:59+00:00,1.0,393.3999938964844,1.0,46.77272033691406,23.585620880126953,8.0,0.38151198625564575
2026-06-09 12:57:00+00:00,1.0,393.29998779296875,1.0,46.77272033691406,23.585620880126953,8.0,0.4222559928894043
2026-06-09 12:57:01+00:00,1.0,393.5,1.0,46.772727966308594,23.585615158081055,8.0,0.6519040465354919
2026-06-09 12:57:02+00:00,1.0,392.6000061035156,1.0,46.772727966308594,23.585596084594727,8.0,0.9685959815979004
2026-06-09 12:57:03+00:00,1.0,392.6000061035156,1.0,46.77272033691406,23.585588455200195,8.0,3.726224184036255
2026-06-09 12:57:04+00:00,1.0,392.6000061035156,1.0,46.77272033691406,23.585588455200195,8.0,3.726224184036255
2026-06-09 12:57:05+00:00,1.0,392.6000061035156,1.0,46.77272033691406,23.585588455200195,8.0,3.726224184036255
2026-06-09 12:57:06+00:00,1.0,392.6000061035156,1.0,46.77272033691406,23.585588455200195,8.0,3.726224184036255
2026-06-09 12:57:07+00:00,1.0,392.6000061035156,1.0,46.77272033691406,23.585588455200195,8.0,3.726224184036255
2026-06-09 12:57:08+00:00,1.0,392.6000061035156,1.0,46.77272033691406,23.585599899291992,8.0,0.4889279901981354
2026-06-09 12:57:09+00:00,1.0,400.6000061035156,1.0,46.77272033691406,23.585599899291992,8.0,1.477895975112915
2026-06-09 12:57:10+00:00,1.0,2.755092910709023e-41,1.0,-5.971589088439941,-0.15702961385250092,8.0,1.751992106437683
2026-06-09 12:57:11+00:00,1.0,400.6000061035156,1.0,46.77271270751953,23.585596084594727,8.0,1.751992106437683
2026-06-09 12:57:12+00:00,1.0,401.3999938964844,1.0,46.77272033691406,23.585596084594727,8.0,0.8315479755401611
2026-06-09 12:57:13+00:00,1.0,400.79998779296875,1.0,46.77271270751953,23.58559226989746,8.0,0.26113200187683105
2026-06-09 12:57:14+00:00,1.0,400.70001220703125,1.0,46.77271270751953,23.585582733154297,8.0,0.15001201629638672
2026-06-09 12:57:15+00:00,1.0,400.79998779296875,1.0,46.77272033691406,23.585588455200195,8.0,2.3501877784729004
2026-06-09 12:57:16+00:00,1.0,400.79998779296875,1.0,46.77272033691406,23.585588455200195,8.0,2.3501877784729004
2026-06-09 12:57:17+00:00,1.0,400.79998779296875,1.0,46.77271270751953,23.58557891845703,8.0,2.907639980316162
2026-06-09 12:57:18+00:00,1.0,400.79998779296875,1.0,46.77271270751953,23.58557891845703,8.0,2.907639980316162
2026-06-09 12:57:19+00:00,1.0,400.79998779296875,1.0,46.77271270751953,23.58557891845703,8.0,2.907639980316162
2026-06-09 12:57:20+00:00,1.0,400.79998779296875,1.0,46.77271270751953,23.5855712890625,8.0,0.7537640333175659
2026-06-09 12:57:21+00:00,1.0,400.79998779296875,1.0,46.77271270751953,23.5855712890625,8.0,0.7537640333175659
2026-06-09 12:57:22+00:00,1.0,400.79998779296875,1.0,46.77271270751953,23.585567474365234,8.0,0.18334801495075226
2026-06-09 12:57:23+00:00,1.0,400.79998779296875,1.0,46.77271270751953,23.58556365966797,8.0,0.038892004638910294
2026-06-09 12:57:25+00:00,1.0,400.79998779296875,1.0,46.77271270751953,23.58556365966797,8.0,0.038892004638910294
2026-06-09 12:57:26+00:00,1.0,400.79998779296875,1.0,46.77271270751953,23.58556365966797,8.0,0.038892004638910294
2026-06-09 12:57:27+00:00,1.0,400.79998779296875,1.0,46.77271270751953,23.585559844970703,8.0,0.21483199298381805
2026-06-09 12:57:28+00:00,1.0,400.79998779296875,1.0,46.77271270751953,23.585559844970703,8.0,0.21483199298381805
2026-06-09 12:57:30+00:00,1.0,400.79998779296875,1.0,46.77271270751953,23.585559844970703,8.0,0.21483199298381805
2026-06-09 12:57:31+00:00,1.0,400.79998779296875,1.0,46.77271270751953,23.585542678833008,8.0,0.5296720266342163
2026-06-09 12:57:32+00:00,1.0,400.79998779296875,1.0,46.77271270751953,23.585542678833008,8.0,0.5296720266342163
2026-06-09 12:57:33+00:00,1.0,400.79998779296875,1.0,46.77271270751953,23.585535049438477,8.0,0.11297199875116348
2026-06-09 12:57:34+00:00,1.0,400.79998779296875,1.0,46.77271270751953,23.585535049438477,8.0,0.11297199875116348
2026-06-09 12:57:35+00:00,1.0,400.79998779296875,1.0,46.77271270751953,23.585527420043945,8.0,0.1740880012512207
2026-06-09 12:57:36+00:00,1.0,406.1000061035156,1.0,46.77271270751953,23.585521697998047,8.0,0.5092999935150146
2026-06-09 12:57:37+00:00,1.0,406.0,1.0,46.77271270751953,23.58551788330078,8.0,0.4407760202884674
2026-06-09 12:57:38+00:00,1.0,0.0,1.0,46.77271270751953,23.58551788330078,8.0,0.4407760202884674
2026-06-09 12:57:39+00:00,1.0,406.70001220703125,1.0,46.77271270751953,23.58551788330078,8.0,0.2240920066833496
2026-06-09 12:57:40+00:00,1.0,406.5,1.0,46.77271270751953,23.585514068603516,8.0,0.21483199298381805
2026-06-09 12:57:41+00:00,1.0,406.5,1.0,46.77271270751953,23.585514068603516,8.0,0.21483199298381805
2026-06-09 12:57:42+00:00,1.0,406.29998779296875,1.0,46.77271270751953,23.585514068603516,8.0,0.1389000117778778
2026-06-09 12:57:43+00:00,1.0,406.20001220703125,1.0,46.772705078125,23.58551025390625,8.0,0.15742000937461853
2026-06-09 12:57:44+00:00,1.0,405.70001220703125,1.0,46.772705078125,23.58551025390625,8.0,0.2944680154323578
2026-06-09 12:57:45+00:00,1.0,405.70001220703125,1.0,46.772705078125,23.58551025390625,8.0,0.2944680154323578
2026-06-09 12:57:46+00:00,1.0,405.70001220703125,1.0,46.772705078125,23.58551025390625,8.0,0.2944680154323578
2026-06-09 12:57:47+00:00,1.0,405.6000061035156,1.0,46.772705078125,23.58551025390625,8.0,0.11297199875116348
2026-06-09 12:57:48+00:00,1.0,405.8999938964844,1.0,46.772705078125,23.58551025390625,8.0,0.3907720148563385
2026-06-09 12:57:50+00:00,1.0,405.8999938964844,1.0,46.772705078125,23.58551025390625,8.0,0.3907720148563385
2026-06-09 12:57:52+00:00,1.0,405.8999938964844,1.0,46.772705078125,23.585506439208984,8.0,0.8426600098609924
2026-06-09 12:57:53+00:00,1.0,405.8999938964844,1.0,46.77269744873047,23.58550262451172,8.0,0.8426600098609924
2026-06-09 12:57:54+00:00,1.0,405.8999938964844,1.0,46.77269744873047,23.58550262451172,8.0,0.14816001057624817
2026-06-09 12:57:56+00:00,1.0,405.8999938964844,1.0,46.77269744873047,23.58550262451172,8.0,0.14816001057624817
2026-06-09 12:57:57+00:00,1.0,405.8999938964844,1.0,46.77269744873047,23.58550262451172,8.0,0.14816001057624817
2026-06-09 12:57:59+00:00,1.0,405.8999938964844,1.0,46.77269744873047,23.58550262451172,8.0,0.14816001057624817
2026-06-09 12:58:00+00:00,1.0,405.8999938964844,1.0,46.77269744873047,23.58550262451172,8.0,0.14816001057624817
2026-06-09 12:58:01+00:00,1.0,402.5,1.0,46.77268981933594,23.585493087768555,8.0,0.20001600682735443
2026-06-09 12:58:02+00:00,1.0,401.3999938964844,1.0,46.77268981933594,23.585498809814453,9.0,0.5407840609550476
2026-06-09 12:58:03+00:00,1.0,402.6000061035156,1.0,46.772682189941406,23.585493087768555,9.0,0.48337194323539734
2026-06-09 12:58:04+00:00,1.0,402.6000061035156,1.0,46.772682189941406,23.585477828979492,9.0,1.7501400709152222
2026-06-09 12:58:05+00:00,1.0,402.6000061035156,1.0,46.772682189941406,23.585466384887695,9.0,1.7501400709152222
2026-06-09 12:58:06+00:00,1.0,402.6000061035156,1.0,46.772682189941406,23.585466384887695,9.0,1.7501400709152222
2026-06-09 12:58:07+00:00,1.0,402.6000061035156,1.0,46.772682189941406,23.585466384887695,9.0,1.7501400709152222
2026-06-09 12:58:08+00:00,1.0,402.6000061035156,1.0,46.772682189941406,23.585466384887695,9.0,1.7501400709152222
2026-06-09 12:58:09+00:00,1.0,387.8999938964844,1.0,46.77263259887695,23.585371017456055,9.0,2.698363780975342
2026-06-09 12:58:10+00:00,1.0,387.8999938964844,1.0,46.77262496948242,23.585351943969727,9.0,2.476123809814453
2026-06-09 12:58:11+00:00,1.0,381.79998779296875,1.0,46.77262496948242,23.585338592529297,9.0,1.776068091392517
2026-06-09 12:58:12+00:00,1.0,381.79998779296875,1.0,46.77261734008789,23.5853271484375,9.0,0.7241320013999939
2026-06-09 12:58:13+00:00,1.0,381.79998779296875,1.0,46.77262496948242,23.585323333740234,9.0,1.4908599853515625
2026-06-09 12:58:14+00:00,1.0,375.8999938964844,1.0,46.77262496948242,23.585315704345703,9.0,2.4890878200531006
2026-06-09 12:58:15+00:00,1.0,375.79998779296875,1.0,46.77262496948242,23.585309982299805,9.0,1.2889920473098755
2026-06-09 12:58:16+00:00,1.0,375.79998779296875,1.0,46.77263259887695,23.58530616760254,9.0,1.2926961183547974
2026-06-09 12:58:17+00:00,1.0,375.79998779296875,1.0,46.77263259887695,23.585302352905273,9.0,1.4871560335159302
2026-06-09 12:58:18+00:00,1.0,376.6000061035156,1.0,46.772640228271484,23.585298538208008,9.0,1.1778719425201416
2026-06-09 12:58:19+00:00,1.0,376.6000061035156,1.0,46.772647857666016,23.585298538208008,9.0,1.374184012413025
2026-06-09 12:58:20+00:00,1.0,378.3999938964844,1.0,46.77265548706055,23.585298538208008,9.0,2.05757212638855
2026-06-09 12:58:21+00:00,1.0,378.3999938964844,1.0,46.77266311645508,23.585294723510742,9.0,0.5833799839019775
2026-06-09 12:58:22+00:00,1.0,378.3999938964844,1.0,46.77266311645508,23.585294723510742,9.0,0.5833799839019775
2026-06-09 12:58:23+00:00,1.0,378.3999938964844,1.0,46.77266311645508,23.585294723510742,9.0,0.5833799839019775
2026-06-09 12:58:24+00:00,1.0,378.3999938964844,1.0,46.772682189941406,23.585294723510742,9.0,0.40003201365470886
2026-06-09 12:58:25+00:00,1.0,378.3999938964844,1.0,46.77268981933594,23.585302352905273,9.0,0.40003201365470886
2026-06-09 12:58:26+00:00,1.0,378.3999938964844,1.0,46.77269744873047,23.585302352905273,9.0,0.5963440537452698
2026-06-09 12:58:27+00:00,1.0,378.3999938964844,1.0,46.77269744873047,23.585302352905273,9.0,0.5963440537452698
2026-06-09 12:58:28+00:00,1.0,378.3999938964844,1.0,46.772705078125,23.585302352905273,9.0,0.21112799644470215
2026-06-09 12:58:29+00:00,1.0,381.0,1.0,46.77271270751953,23.58530616760254,8.0,1.585312008857727
2026-06-09 12:58:30+00:00,1.0,381.0,1.0,46.77271270751953,23.585309982299805,8.0,1.0574920177459717
2026-06-09 12:58:32+00:00,1.0,380.3999938964844,1.0,46.77271270751953,23.58530616760254,9.0,1.4149279594421387
2026-06-09 12:58:33+00:00,1.0,380.5,1.0,46.77271270751953,23.585315704345703,9.0,1.5538281202316284
2026-06-09 12:58:34+00:00,1.0,381.3999938964844,1.0,46.77272033691406,23.58531951904297,9.0,1.0667519569396973
2026-06-09 12:58:35+00:00,1.0,381.6000061035156,1.0,46.772727966308594,23.585323333740234,9.0,0.7130200266838074
2026-06-09 12:58:36+00:00,1.0,382.0,1.0,46.772727966308594,23.5853271484375,9.0,0.7130200266838074
2026-06-09 12:58:37+00:00,1.0,382.0,1.0,46.77272033691406,23.5853271484375,9.0,0.5926400423049927
2026-06-09 12:58:38+00:00,1.0,381.8999938964844,1.0,46.77272033691406,23.5853271484375,9.0,0.5926400423049927
2026-06-09 12:58:39+00:00,1.0,381.8999938964844,1.0,46.77272033691406,23.585330963134766,9.0,0.48707595467567444
2026-06-09 12:58:40+00:00,1.0,382.5,1.0,46.772727966308594,23.58533477783203,9.0,0.48707595467567444
2026-06-09 12:58:41+00:00,1.0,382.5,1.0,46.772727966308594,23.58533477783203,9.0,0.48707595467567444
2026-06-09 12:58:42+00:00,1.0,382.79998779296875,1.0,46.77273941040039,23.585338592529297,9.0,0.48707595467567444
2026-06-09 12:58:43+00:00,1.0,382.79998779296875,1.0,46.77273941040039,23.585338592529297,9.0,0.48707595467567444
2026-06-09 12:58:44+00:00,1.0,382.79998779296875,1.0,46.77274703979492,23.585351943969727,9.0,0.2815040051937103
2026-06-09 12:58:45+00:00,1.0,382.79998779296875,1.0,46.77274703979492,23.585351943969727,9.0,0.2815040051937103
2026-06-09 12:58:46+00:00,1.0,382.79998779296875,1.0,46.77275466918945,23.585359573364258,9.0,0.3241000175476074
2026-06-09 12:58:47+00:00,1.0,382.79998779296875,1.0,46.772762298583984,23.58536720275879,9.0,0.44262802600860596
2026-06-09 12:58:48+00:00,1.0,382.79998779296875,1.0,46.772769927978516,23.585371017456055,9.0,0.3055799901485443
2026-06-09 12:58:49+00:00,1.0,385.29998779296875,1.0,46.772769927978516,23.58536720275879,11.0,0.3759560286998749
2026-06-09 12:58:50+00:00,1.0,385.29998779296875,1.0,46.772769927978516,23.58536720275879,11.0,0.3759560286998749
2026-06-09 12:58:51+00:00,1.0,384.20001220703125,1.0,46.772769927978516,23.585363388061523,11.0,0.18520000576972961
2026-06-09 12:58:52+00:00,1.0,384.0,1.0,46.772769927978516,23.585363388061523,11.0,0.10371200740337372
2026-06-09 12:58:53+00:00,1.0,384.0,1.0,46.772769927978516,23.585363388061523,11.0,0.12223199754953384
2026-06-09 12:58:54+00:00,1.0,383.70001220703125,1.0,46.772769927978516,23.585363388061523,11.0,0.19446000456809998
2026-06-09 12:58:55+00:00,1.0,383.70001220703125,1.0,46.772769927978516,23.585363388061523,11.0,0.038892004638910294
2026-06-09 12:58:56+00:00,1.0,383.3999938964844,1.0,46.772769927978516,23.585359573364258,11.0,0.2407599836587906
2026-06-09 12:58:57+00:00,1.0,383.3999938964844,1.0,46.772769927978516,23.585359573364258,11.0,0.03148400038480759
2026-06-09 12:58:58+00:00,1.0,383.5,1.0,46.77277755737305,23.585363388061523,11.0,0.03148400038480759
2026-06-09 12:58:59+00:00,1.0,383.5,1.0,46.77277755737305,23.585363388061523,11.0,0.03148400038480759
2026-06-09 12:59:00+00:00,1.0,383.70001220703125,1.0,46.77277755737305,23.585363388061523,11.0,0.19260799884796143
2026-06-09 12:59:01+00:00,1.0,383.70001220703125,1.0,46.77277755737305,23.585363388061523,11.0,0.19260799884796143
2026-06-09 12:59:02+00:00,1.0,383.8999938964844,1.0,46.77277755737305,23.58536720275879,11.0,0.10186000913381577
2026-06-09 12:59:03+00:00,1.0,383.8999938964844,1.0,46.77277755737305,23.58536720275879,11.0,0.10186000913381577
2026-06-09 12:59:04+00:00,1.0,383.8999938964844,1.0,46.77278518676758,23.585371017456055,11.0,0.10186000913381577
2026-06-09 12:59:05+00:00,1.0,383.8999938964844,1.0,46.77277755737305,23.585363388061523,11.0,0.35928797721862793
2026-06-09 12:59:06+00:00,1.0,383.8999938964844,1.0,46.77277755737305,23.585359573364258,11.0,0.10741601139307022
2026-06-09 12:59:07+00:00,1.0,383.8999938964844,1.0,46.772769927978516,23.585359573364258,11.0,0.15371601283550262
2026-06-09 12:59:08+00:00,1.0,383.8999938964844,1.0,46.77277755737305,23.585359573364258,11.0,0.0926000103354454
2026-06-09 12:59:09+00:00,1.0,383.8999938964844,1.0,46.77277755737305,23.585359573364258,11.0,0.9222959876060486
2026-06-09 12:59:10+00:00,1.0,383.8999938964844,1.0,46.772769927978516,23.585359573364258,11.0,1.1149040460586548
2026-06-09 12:59:11+00:00,1.0,383.8999938964844,1.0,46.772769927978516,23.585359573364258,11.0,0.7482080459594727
2026-06-09 12:59:12+00:00,1.0,383.8999938964844,1.0,46.772769927978516,23.585363388061523,11.0,0.9871159791946411
2026-06-09 12:59:13+00:00,1.0,383.8999938964844,1.0,46.772762298583984,23.585363388061523,11.0,1.4167799949645996
2026-06-09 12:59:14+00:00,1.0,383.8999938964844,1.0,46.772762298583984,23.585359573364258,11.0,0.4574440121650696
2026-06-09 12:59:15+00:00,1.0,381.29998779296875,1.0,46.772769927978516,23.58538055419922,11.0,7.026487827301025
2026-06-09 12:59:16+00:00,1.0,381.20001220703125,1.0,46.772769927978516,23.58538818359375,12.0,0.8704400658607483
2026-06-09 12:59:17+00:00,1.0,380.20001220703125,1.0,46.772762298583984,23.58538818359375,12.0,0.8704400658607483
2026-06-09 12:59:18+00:00,1.0,378.5,1.0,46.77275466918945,23.585384368896484,12.0,0.8704400658607483
2026-06-09 12:59:19+00:00,1.0,377.5,1.0,46.77274703979492,23.585376739501953,12.0,0.8704400658607483
2026-06-09 12:59:20+00:00,1.0,376.5,1.0,46.77273941040039,23.585376739501953,12.0,0.8704400658607483
2026-06-09 12:59:21+00:00,1.0,376.79998779296875,1.0,46.77273941040039,23.585384368896484,12.0,0.9982279539108276
2026-06-09 12:59:22+00:00,1.0,376.79998779296875,1.0,46.77273941040039,23.585384368896484,12.0,0.9982279539108276
2026-06-09 12:59:23+00:00,1.0,376.79998779296875,1.0,46.77273941040039,23.585384368896484,12.0,0.9982279539108276
2026-06-09 12:59:24+00:00,1.0,376.79998779296875,1.0,46.772727966308594,23.58538818359375,12.0,0.35373198986053467
2026-06-09 12:59:25+00:00,1.0,376.79998779296875,1.0,46.77272033691406,23.585391998291016,12.0,0.17594000697135925
2026-06-09 12:59:26+00:00,1.0,376.79998779296875,1.0,46.77271270751953,23.585391998291016,12.0,0.5426360368728638
2026-06-09 12:59:27+00:00,1.0,376.79998779296875,1.0,46.77271270751953,23.58539581298828,12.0,0.0926000103354454
2026-06-09 12:59:28+00:00,1.0,376.79998779296875,1.0,46.77271270751953,23.58539581298828,12.0,0.4148479700088501
2026-06-09 12:59:29+00:00,1.0,376.79998779296875,1.0,46.77271270751953,23.585399627685547,12.0,0.45559200644493103
2026-06-09 12:59:30+00:00,1.0,376.79998779296875,1.0,46.772705078125,23.585399627685547,12.0,1.4797478914260864
2026-06-09 12:59:31+00:00,1.0,376.79998779296875,1.0,46.772705078125,23.585399627685547,12.0,0.05370800569653511
2026-06-09 12:59:32+00:00,1.0,376.79998779296875,1.0,46.772705078125,23.585399627685547,12.0,0.32224801182746887
2026-06-09 12:59:33+00:00,1.0,376.79998779296875,1.0,46.77269744873047,23.585399627685547,12.0,0.05185599997639656
2026-06-09 12:59:34+00:00,1.0,376.79998779296875,1.0,46.77269744873047,23.58539581298828,12.0,0.26113200187683105
2026-06-09 12:59:35+00:00,1.0,377.5,1.0,46.77268981933594,23.585391998291016,12.0,0.31113600730895996
2026-06-09 12:59:36+00:00,1.0,377.5,1.0,46.77268981933594,23.585391998291016,12.0,0.1389000117778778
2026-06-09 12:59:37+00:00,1.0,377.8999938964844,1.0,46.772682189941406,23.58538818359375,12.0,0.15556801855564117
2026-06-09 12:59:38+00:00,1.0,378.0,1.0,46.772682189941406,23.58538818359375,12.0,0.15556801855564117
2026-06-09 12:59:39+00:00,1.0,378.1000061035156,1.0,46.772682189941406,23.585384368896484,12.0,0.15556801855564117
2026-06-09 12:59:40+00:00,1.0,378.29998779296875,1.0,46.77267074584961,23.585384368896484,12.0,0.15556801855564117
2026-06-09 12:59:41+00:00,1.0,378.3999938964844,1.0,46.77267074584961,23.58538055419922,12.0,0.15556801855564117
2026-06-09 12:59:42+00:00,1.0,378.6000061035156,1.0,46.77267074584961,23.58538055419922,12.0,0.15556801855564117
2026-06-09 12:59:43+00:00,1.0,378.8999938964844,1.0,46.77267074584961,23.585384368896484,12.0,0.17964400351047516
2026-06-09 12:59:44+00:00,1.0,378.79998779296875,1.0,46.77267074584961,23.585384368896484,12.0,0.5889359712600708
2026-06-09 12:59:45+00:00,1.0,378.79998779296875,1.0,46.77267074584961,23.58538818359375,12.0,0.7871000170707703
2026-06-09 12:59:46+00:00,1.0,378.79998779296875,1.0,46.77267074584961,23.58538818359375,12.0,0.31113600730895996
2026-06-09 12:59:47+00:00,1.0,378.79998779296875,1.0,46.77267074584961,23.58538818359375,12.0,0.05926400423049927
2026-06-09 12:59:48+00:00,1.0,378.79998779296875,1.0,46.77267074584961,23.58538818359375,12.0,0.14816001057624817
2026-06-09 12:59:49+00:00,1.0,378.79998779296875,1.0,46.77267074584961,23.585391998291016,12.0,0.32224801182746887
2026-06-09 12:59:50+00:00,1.0,378.79998779296875,1.0,46.77267074584961,23.585391998291016,12.0,0.6519040465354919
2026-06-09 12:59:51+00:00,1.0,378.79998779296875,1.0,46.77266311645508,23.58538818359375,12.0,2.500199794769287
2026-06-09 12:59:52+00:00,1.0,378.79998779296875,1.0,46.77266311645508,23.58538818359375,12.0,0.3166920244693756
2026-06-09 12:59:53+00:00,1.0,378.79998779296875,1.0,46.77266311645508,23.58539581298828,12.0,2.620579957962036
2026-06-09 12:59:54+00:00,1.0,378.79998779296875,1.0,46.77266311645508,23.58539581298828,12.0,2.620579957962036
2026-06-09 12:59:55+00:00,1.0,378.79998779296875,1.0,46.77266311645508,23.585391998291016,12.0,1.0760118961334229
2026-06-09 12:59:56+00:00,1.0,378.79998779296875,1.0,46.77266311645508,23.585399627685547,12.0,3.1428439617156982
2026-06-09 12:59:57+00:00,1.0,378.79998779296875,1.0,46.77265548706055,23.58540916442871,12.0,3.0465400218963623
2026-06-09 12:59:58+00:00,1.0,378.79998779296875,1.0,46.77266311645508,23.585416793823242,12.0,2.0427560806274414
2026-06-09 12:59:59+00:00,1.0,378.79998779296875,1.0,46.77266311645508,23.58544921875,12.0,5.920843601226807
2026-06-09 13:00:00+00:00,1.0,378.79998779296875,1.0,46.77266311645508,23.585474014282227,12.0,6.065299987792969
2026-06-09 13:00:01+00:00,1.0,378.79998779296875,1.0,46.77267074584961,23.585493087768555,12.0,5.96343994140625
2026-06-09 13:00:02+00:00,1.0,373.8999938964844,1.0,46.77267074584961,23.585493087768555,6.0,4.528140544891357
2026-06-09 13:00:04+00:00,1.0,376.1000061035156,1.0,46.77265548706055,23.585514068603516,3.0,2.7742960453033447
2026-06-09 13:00:05+00:00,1.0,376.70001220703125,1.0,46.77267074584961,23.585546493530273,7.0,2.7742960453033447
2026-06-09 13:00:06+00:00,1.0,376.70001220703125,1.0,46.77267074584961,23.585546493530273,7.0,2.7742960453033447
2026-06-09 13:00:07+00:00,1.0,376.70001220703125,1.0,46.77267074584961,23.585546493530273,7.0,2.7742960453033447
2026-06-09 13:00:08+00:00,1.0,376.70001220703125,1.0,46.77266311645508,23.58555030822754,7.0,0.23520401120185852
2026-06-09 13:00:09+00:00,1.0,376.70001220703125,1.0,46.77266311645508,23.58555030822754,7.0,0.2592799961566925
2026-06-09 13:00:10+00:00,1.0,376.70001220703125,1.0,46.77266311645508,23.585546493530273,7.0,0.07408000528812408
2026-06-09 13:00:11+00:00,1.0,376.70001220703125,1.0,46.77266311645508,23.585542678833008,7.0,0.13334400951862335
2026-06-09 13:00:12+00:00,1.0,376.70001220703125,1.0,46.77266311645508,23.585538864135742,7.0,0.12038000673055649
2026-06-09 13:00:13+00:00,1.0,376.70001220703125,1.0,46.77266311645508,23.585535049438477,7.0,0.06296800076961517
2026-06-09 13:00:14+00:00,1.0,376.70001220703125,1.0,46.77266311645508,23.585535049438477,7.0,0.03518800064921379
2026-06-09 13:00:15+00:00,1.0,376.70001220703125,1.0,46.77265548706055,23.58553123474121,7.0,0.08148800581693649
2026-06-09 13:00:16+00:00,1.0,376.70001220703125,1.0,46.77265548706055,23.585527420043945,7.0,0.029632002115249634
2026-06-09 13:00:17+00:00,1.0,384.20001220703125,1.0,46.77265548706055,23.585527420043945,12.0,0.040744002908468246
2026-06-09 13:00:18+00:00,1.0,384.20001220703125,1.0,46.77265548706055,23.585527420043945,12.0,0.03333600237965584
2026-06-09 13:00:19+00:00,1.0,384.70001220703125,1.0,46.77265548706055,2.0186405027831152e-39,12.0,0.057412002235651016
2026-06-09 13:00:20+00:00,1.0,384.79998779296875,1.0,46.77265548706055,23.585521697998047,12.0,0.06296800076961517
2026-06-09 13:00:21+00:00,1.0,385.3999938964844,1.0,46.77265548706055,23.58551788330078,12.0,0.06296800076961517
2026-06-09 13:00:22+00:00,1.0,385.8999938964844,1.0,46.77266311645508,23.58551788330078,12.0,0.029632002115249634
2026-06-09 13:00:23+00:00,1.0,386.29998779296875,1.0,46.77266311645508,23.58551788330078,12.0,0.029632002115249634
2026-06-09 13:00:24+00:00,1.0,386.6000061035156,1.0,46.77266311645508,23.58551788330078,12.0,0.029632002115249634
2026-06-09 13:00:25+00:00,1.0,386.6000061035156,1.0,46.77266311645508,23.585514068603516,12.0,0.029632002115249634
2026-06-09 13:00:26+00:00,1.0,386.8999938964844,1.0,46.77266311645508,23.585514068603516,12.0,0.029632002115249634
2026-06-09 13:00:27+00:00,1.0,387.29998779296875,1.0,46.77266311645508,23.585514068603516,12.0,0.029632002115249634
2026-06-09 13:00:28+00:00,1.0,387.29998779296875,1.0,46.77266311645508,23.585514068603516,12.0,0.029632002115249634
2026-06-09 13:00:29+00:00,1.0,387.29998779296875,1.0,46.77266311645508,23.58551025390625,12.0,0.085192009806633
2026-06-09 13:00:30+00:00,1.0,387.29998779296875,1.0,46.77265548706055,23.585506439208984,12.0,0.07037600129842758
2026-06-09 13:00:31+00:00,1.0,387.29998779296875,1.0,46.77265548706055,23.585506439208984,12.0,0.3796600103378296
2026-06-09 13:00:32+00:00,1.0,387.29998779296875,1.0,46.77265548706055,23.585506439208984,12.0,0.13704802095890045
2026-06-09 13:00:33+00:00,1.0,387.29998779296875,1.0,46.77266311645508,23.585506439208984,12.0,0.18520000576972961
2026-06-09 13:00:34+00:00,1.0,387.29998779296875,1.0,46.77266311645508,23.585506439208984,12.0,0.6241240501403809
2026-06-09 13:00:35+00:00,1.0,387.29998779296875,1.0,46.77266311645508,23.585506439208984,12.0,0.01666800118982792
2026-06-09 13:00:36+00:00,1.0,387.20001220703125,1.0,46.77266311645508,23.585506439208984,12.0,0.011111999861896038
2026-06-09 13:00:37+00:00,1.0,387.20001220703125,1.0,46.77266311645508,23.585506439208984,12.0,0.0425960049033165
2026-06-09 13:00:38+00:00,1.0,387.20001220703125,1.0,46.77266311645508,23.585506439208984,12.0,0.0425960049033165
2026-06-09 13:00:39+00:00,1.0,387.3999938964844,1.0,46.77266311645508,23.585506439208984,12.0,0.06111599877476692
2026-06-09 13:00:40+00:00,1.0,387.0,1.0,46.77266311645508,23.58550262451172,12.0,0.06111599877476692
2026-06-09 13:00:41+00:00,1.0,387.0,1.0,46.77266311645508,23.58550262451172,12.0,0.06111599877476692
2026-06-09 13:00:42+00:00,1.0,387.0,1.0,46.77266311645508,23.58550262451172,12.0,0.06111599877476692
2026-06-09 13:00:43+00:00,1.0,386.6000061035156,1.0,46.77266311645508,23.585506439208984,12.0,0.06111599877476692
2026-06-09 13:00:44+00:00,1.0,386.29998779296875,1.0,46.77266311645508,23.585506439208984,12.0,0.06111599877476692
2026-06-09 13:00:45+00:00,1.0,386.29998779296875,1.0,46.77266311645508,23.585506439208984,12.0,0.06111599877476692
2026-06-09 13:00:46+00:00,1.0,386.20001220703125,1.0,46.77266311645508,23.58550262451172,12.0,0.06111599877476692
2026-06-09 13:00:47+00:00,1.0,386.20001220703125,1.0,46.77265548706055,23.58550262451172,12.0,0.7537640333175659
2026-06-09 13:00:48+00:00,1.0,386.20001220703125,1.0,46.77265548706055,23.58550262451172,12.0,0.4963359534740448
2026-06-09 13:00:49+00:00,1.0,386.20001220703125,1.0,46.77265548706055,23.585506439208984,12.0,0.33891603350639343
2026-06-09 13:00:50+00:00,1.0,386.20001220703125,1.0,46.77265548706055,23.585506439208984,12.0,0.2481679767370224
2026-06-09 13:00:51+00:00,1.0,386.20001220703125,1.0,46.77266311645508,23.58550262451172,12.0,0.12593600153923035
2026-06-09 13:00:52+00:00,1.0,386.20001220703125,1.0,46.77266311645508,23.585506439208984,12.0,0.2815040051937103
2026-06-09 13:00:53+00:00,1.0,386.20001220703125,1.0,46.77266311645508,23.585506439208984,12.0,0.11667600274085999
2026-06-09 13:00:54+00:00,1.0,383.8999938964844,1.0,46.77267074584961,23.585506439208984,12.0,0.10741601139307022
2026-06-09 13:00:55+00:00,1.0,383.8999938964844,1.0,46.77267074584961,23.585506439208984,12.0,0.15742000937461853
2026-06-09 13:00:56+00:00,1.0,383.6000061035156,1.0,46.77267074584961,23.585506439208984,12.0,0.07222799956798553
2026-06-09 13:00:57+00:00,1.0,383.5,1.0,46.77267074584961,23.58551025390625,12.0,0.2518719732761383
2026-06-09 13:00:58+00:00,1.0,383.5,1.0,46.77267074584961,23.58551025390625,12.0,0.2518719732761383
2026-06-09 13:00:59+00:00,1.0,383.3999938964844,1.0,46.77267074584961,23.585514068603516,12.0,0.8222880363464355
2026-06-09 13:01:00+00:00,1.0,383.3999938964844,1.0,46.77267074584961,23.585514068603516,12.0,0.8222880363464355
2026-06-09 13:01:01+00:00,1.0,383.29998779296875,1.0,46.772682189941406,23.585514068603516,12.0,0.8222880363464355
2026-06-09 13:01:02+00:00,1.0,383.29998779296875,1.0,46.772682189941406,23.585514068603516,12.0,0.8222880363464355
2026-06-09 13:01:03+00:00,1.0,383.79998779296875,1.0,46.772682189941406,23.58551788330078,12.0,0.06667200475931168
2026-06-09 13:01:04+00:00,1.0,383.79998779296875,1.0,46.772682189941406,23.58551788330078,12.0,0.06667200475931168
2026-06-09 13:01:05+00:00,1.0,384.1000061035156,1.0,46.772682189941406,23.585521697998047,12.0,0.05370800569653511
2026-06-09 13:01:06+00:00,1.0,384.1000061035156,1.0,46.772682189941406,23.585521697998047,12.0,0.05370800569653511
2026-06-09 13:01:07+00:00,1.0,384.1000061035156,1.0,46.77268981933594,23.585527420043945,12.0,0.12038000673055649
2026-06-09 13:01:08+00:00,1.0,384.1000061035156,1.0,46.77268981933594,23.585521697998047,12.0,0.13704802095890045
2026-06-09 13:01:09+00:00,1.0,384.1000061035156,1.0,46.77268981933594,23.585527420043945,12.0,0.19075599312782288
2026-06-09 13:01:10+00:00,1.0,384.1000061035156,1.0,46.77268981933594,23.585527420043945,12.0,0.1666800081729889
2026-06-09 13:01:11+00:00,1.0,384.1000061035156,1.0,46.77268981933594,23.58553123474121,12.0,0.11297199875116348
2026-06-09 13:01:12+00:00,1.0,384.1000061035156,1.0,46.77268981933594,23.58553123474121,12.0,0.12593600153923035
2026-06-09 13:01:13+00:00,1.0,384.1000061035156,1.0,46.77269744873047,23.585535049438477,12.0,0.0425960049033165
2026-06-09 13:01:14+00:00,1.0,384.1000061035156,1.0,46.77269744873047,23.585535049438477,12.0,0.10186000913381577
2026-06-09 13:01:15+00:00,1.0,384.1000061035156,1.0,46.77269744873047,23.585535049438477,12.0,0.07593200355768204
2026-06-09 13:01:16+00:00,1.0,384.1000061035156,1.0,46.77269744873047,23.585535049438477,12.0,0.15371601283550262
2026-06-09 13:01:17+00:00,1.0,384.1000061035156,1.0,46.77269744873047,23.585535049438477,12.0,0.11112000793218613
2026-06-09 13:01:18+00:00,1.0,384.8999938964844,1.0,46.77269744873047,23.585538864135742,12.0,0.03148400038480759
2026-06-09 13:01:19+00:00,1.0,385.1000061035156,1.0,46.77269744873047,23.585538864135742,12.0,0.03148400038480759
2026-06-09 13:01:20+00:00,1.0,385.1000061035156,1.0,46.77269744873047,23.585538864135742,12.0,0.03148400038480759
2026-06-09 13:01:21+00:00,1.0,385.0,1.0,46.772705078125,23.585542678833008,12.0,0.03148400038480759
2026-06-09 13:01:22+00:00,1.0,385.20001220703125,1.0,46.772705078125,23.585542678833008,12.0,0.03148400038480759
2026-06-09 13:01:23+00:00,1.0,385.3999938964844,1.0,46.772705078125,23.585542678833008,12.0,0.03148400038480759
2026-06-09 13:01:24+00:00,1.0,385.5,1.0,46.772705078125,23.585542678833008,12.0,0.03148400038480759
2026-06-09 13:01:25+00:00,1.0,385.6000061035156,1.0,46.772705078125,23.585546493530273,12.0,0.19075599312782288
2026-06-09 13:01:26+00:00,1.0,385.6000061035156,1.0,46.772705078125,23.585546493530273,12.0,0.19075599312782288
2026-06-09 13:01:27+00:00,1.0,385.6000061035156,1.0,46.77271270751953,23.585546493530273,12.0,0.1666800081729889
2026-06-09 13:01:28+00:00,1.0,385.6000061035156,1.0,46.77271270751953,23.585546493530273,12.0,0.06296800076961517
2026-06-09 13:01:29+00:00,1.0,385.6000061035156,1.0,46.77271270751953,23.585546493530273,12.0,0.24631600081920624
2026-06-09 13:01:30+00:00,1.0,385.6000061035156,1.0,46.77271270751953,23.585546493530273,12.0,0.10556400567293167
2026-06-09 13:01:31+00:00,1.0,385.6000061035156,1.0,46.77271270751953,23.585546493530273,12.0,0.0425960049033165
2026-06-09 13:01:32+00:00,1.0,385.6000061035156,1.0,46.77271270751953,23.585546493530273,12.0,0.27224400639533997
2026-06-09 13:01:33+00:00,1.0,385.6000061035156,1.0,46.77271270751953,23.585546493530273,12.0,0.038892004638910294
2026-06-09 13:01:34+00:00,1.0,385.6000061035156,1.0,46.77271270751953,23.585546493530273,12.0,0.1777919977903366
2026-06-09 13:01:35+00:00,1.0,385.6000061035156,1.0,46.77272033691406,23.585546493530273,12.0,0.02778000198304653
2026-06-09 13:01:36+00:00,1.0,385.6000061035156,1.0,46.77272033691406,23.585542678833008,12.0,0.1389000117778778
2026-06-09 13:01:37+00:00,1.0,385.6000061035156,1.0,46.77272033691406,23.585542678833008,12.0,0.05370800569653511
2026-06-09 13:01:38+00:00,1.0,385.6000061035156,1.0,46.77272033691406,23.585542678833008,12.0,0.12593600153923035
2026-06-09 13:01:39+00:00,1.0,385.70001220703125,1.0,46.77272033691406,23.585542678833008,12.0,0.12593600153923035
2026-06-09 13:01:40+00:00,1.0,385.70001220703125,1.0,46.77272033691406,23.585542678833008,12.0,0.12593600153923035
2026-06-09 13:01:41+00:00,1.0,385.3999938964844,1.0,46.77272033691406,23.585538864135742,12.0,0.12593600153923035
2026-06-09 13:01:42+00:00,1.0,385.5,1.0,46.77272033691406,23.585538864135742,12.0,0.12593600153923035
2026-06-09 13:01:43+00:00,1.0,385.5,1.0,46.77271270751953,23.585538864135742,12.0,0.21853600442409515
2026-06-09 13:01:44+00:00,1.0,385.3999938964844,1.0,46.77271270751953,23.585538864135742,12.0,0.10000801086425781
2026-06-09 13:01:45+00:00,1.0,385.29998779296875,1.0,46.77271270751953,23.585535049438477,12.0,0.09630400687456131
2026-06-09 13:01:46+00:00,1.0,385.29998779296875,1.0,46.77271270751953,23.585535049438477,12.0,0.12223199754953384
2026-06-09 13:01:47+00:00,1.0,385.29998779296875,1.0,46.77271270751953,23.585527420043945,12.0,0.1389000117778778
2026-06-09 13:01:48+00:00,1.0,385.29998779296875,1.0,46.77271270751953,23.585527420043945,12.0,0.10556400567293167
2026-06-09 13:01:49+00:00,1.0,385.29998779296875,1.0,46.77271270751953,23.585521697998047,12.0,0.1740880012512207
2026-06-09 13:01:50+00:00,1.0,385.29998779296875,1.0,46.77271270751953,23.585521697998047,12.0,0.2629840075969696
2026-06-09 13:01:51+00:00,1.0,385.29998779296875,1.0,46.77271270751953,23.585521697998047,12.0,0.09815600514411926
2026-06-09 13:01:52+00:00,1.0,385.29998779296875,1.0,46.77271270751953,23.585521697998047,12.0,0.07593200355768204
2026-06-09 13:01:53+00:00,1.0,385.29998779296875,1.0,46.77271270751953,23.585521697998047,12.0,0.11667600274085999
2026-06-09 13:01:54+00:00,1.0,385.29998779296875,1.0,46.77271270751953,23.585521697998047,12.0,0.05185599997639656
2026-06-09 13:01:55+00:00,1.0,385.29998779296875,1.0,46.77271270751953,23.585521697998047,12.0,0.1666800081729889
2026-06-09 13:01:56+00:00,1.0,385.29998779296875,1.0,46.77271270751953,23.585521697998047,12.0,0.1240840032696724
2026-06-09 13:01:57+00:00,1.0,384.29998779296875,1.0,46.77271270751953,23.585521697998047,12.0,0.16297601163387299
2026-06-09 13:01:58+00:00,1.0,384.6000061035156,1.0,46.77271270751953,23.585521697998047,12.0,0.16297601163387299
2026-06-09 13:01:59+00:00,1.0,384.6000061035156,1.0,46.77271270751953,23.585521697998047,12.0,0.16297601163387299
2026-06-09 13:02:00+00:00,1.0,384.70001220703125,1.0,46.77271270751953,23.585521697998047,12.0,0.22224001586437225
2026-06-09 13:02:01+00:00,1.0,384.79998779296875,1.0,46.77271270751953,23.58551788330078,12.0,0.22224001586437225
2026-06-09 13:02:02+00:00,1.0,384.8999938964844,1.0,46.77271270751953,23.58551788330078,12.0,0.22224001586437225
2026-06-09 13:02:03+00:00,1.0,385.20001220703125,1.0,46.77271270751953,23.585521697998047,12.0,0.22224001586437225
2026-06-09 13:02:04+00:00,1.0,385.6000061035156,1.0,46.77271270751953,23.585521697998047,12.0,0.22224001586437225
2026-06-09 13:02:05+00:00,1.0,386.3999938964844,1.0,46.77271270751953,23.585527420043945,12.0,0.22224001586437225
2026-06-09 13:02:06+00:00,1.0,386.8999938964844,1.0,46.77271270751953,23.585527420043945,12.0,0.22224001586437225
2026-06-09 13:02:07+00:00,1.0,386.8999938964844,1.0,46.77271270751953,23.585527420043945,12.0,0.22224001586437225
2026-06-09 13:02:08+00:00,1.0,387.79998779296875,1.0,46.77271270751953,23.585527420043945,12.0,0.06667200475931168
2026-06-09 13:02:09+00:00,1.0,387.79998779296875,1.0,46.77271270751953,23.585527420043945,12.0,0.05185599997639656
2026-06-09 13:02:10+00:00,1.0,387.79998779296875,1.0,46.77271270751953,23.585521697998047,12.0,0.10556400567293167
2026-06-09 13:02:11+00:00,1.0,387.79998779296875,1.0,46.77271270751953,23.585521697998047,12.0,0.14816001057624817
2026-06-09 13:02:12+00:00,1.0,387.79998779296875,1.0,46.77271270751953,23.585521697998047,12.0,0.0926000103354454
2026-06-09 13:02:13+00:00,1.0,387.79998779296875,1.0,46.77271270751953,23.585521697998047,12.0,0.25001996755599976
2026-06-09 13:02:14+00:00,1.0,387.79998779296875,1.0,46.77271270751953,23.585521697998047,12.0,0.13334400951862335
2026-06-09 13:02:15+00:00,1.0,387.79998779296875,1.0,46.77271270751953,23.585521697998047,12.0,0.085192009806633
2026-06-09 13:02:16+00:00,1.0,387.79998779296875,1.0,46.77271270751953,23.58551788330078,12.0,0.07408000528812408
2026-06-09 13:02:17+00:00,1.0,387.79998779296875,1.0,46.77271270751953,23.585521697998047,12.0,0.06296800076961517
2026-06-09 13:02:18+00:00,1.0,389.20001220703125,1.0,46.77271270751953,23.58551788330078,12.0,0.1703840047121048
2026-06-09 13:02:19+00:00,1.0,2.0186194833061504e-39,1.0,46.77271270751953,23.585521697998047,12.0,-5.797867240890335e+37
2026-06-09 13:02:20+00:00,1.0,390.1000061035156,1.0,46.77271270751953,23.585527420043945,12.0,0.1703840047121048
2026-06-09 13:02:21+00:00,1.0,391.29998779296875,1.0,46.77271270751953,23.585527420043945,12.0,0.04444800317287445
2026-06-09 13:02:22+00:00,1.0,391.79998779296875,1.0,46.77271270751953,23.58553123474121,12.0,0.04444800317287445
2026-06-09 13:02:23+00:00,1.0,391.79998779296875,1.0,46.77271270751953,23.58553123474121,12.0,0.04444800317287445
2026-06-09 13:02:24+00:00,1.0,392.3999938964844,1.0,46.77271270751953,23.58553123474121,12.0,0.04444800317287445
2026-06-09 13:02:25+00:00,1.0,392.5,1.0,46.77271270751953,23.585535049438477,12.0,0.04444800317287445
2026-06-09 13:02:26+00:00,1.0,392.6000061035156,1.0,46.77271270751953,23.585535049438477,12.0,0.12964001297950745
2026-06-09 13:02:27+00:00,1.0,392.6000061035156,1.0,46.77271270751953,23.585535049438477,12.0,0.05556000396609306
2026-06-09 13:02:28+00:00,1.0,392.5,1.0,46.77271270751953,23.585535049438477,12.0,0.05556000396609306
2026-06-09 13:02:29+00:00,1.0,392.5,1.0,46.77271270751953,23.585535049438477,12.0,0.08148800581693649
2026-06-09 13:02:30+00:00,1.0,392.5,1.0,46.77271270751953,23.585535049438477,12.0,0.19075599312782288
2026-06-09 13:02:31+00:00,1.0,392.5,1.0,46.77271270751953,23.585535049438477,12.0,0.08334000408649445
2026-06-09 13:02:32+00:00,1.0,392.5,1.0,46.77271270751953,23.585535049438477,12.0,0.1351960152387619
2026-06-09 13:02:33+00:00,1.0,392.5,1.0,46.77271270751953,23.585535049438477,12.0,0.07593200355768204
2026-06-09 13:02:34+00:00,1.0,392.5,1.0,46.77271270751953,23.585535049438477,12.0,0.07778400927782059
2026-06-09 13:02:35+00:00,1.0,392.5,1.0,46.77271270751953,23.585535049438477,12.0,0.04444800317287445
2026-06-09 13:02:36+00:00,1.0,392.5,1.0,46.77271270751953,23.585535049438477,12.0,0.10000801086425781
2026-06-09 13:02:37+00:00,1.0,392.5,1.0,46.77271270751953,23.585538864135742,12.0,0.05926400423049927
2026-06-09 13:02:38+00:00,1.0,392.5,1.0,46.77271270751953,23.585538864135742,12.0,0.0463000051677227
2026-06-09 13:02:39+00:00,1.0,392.5,1.0,46.77271270751953,23.585538864135742,12.0,0.05370800569653511
2026-06-09 13:02:40+00:00,1.0,392.5,1.0,46.77271270751953,23.585538864135742,12.0,0.15001201629638672
2026-06-09 13:02:42+00:00,1.0,392.20001220703125,1.0,46.77271270751953,23.585538864135742,12.0,0.02592799998819828
2026-06-09 13:02:43+00:00,1.0,392.1000061035156,1.0,46.77271270751953,23.585538864135742,12.0,0.02592799998819828
2026-06-09 13:02:44+00:00,1.0,392.1000061035156,1.0,46.77271270751953,23.585542678833008,12.0,0.02592799998819828
2026-06-09 13:02:45+00:00,1.0,392.0,1.0,9.224291121524045e-30,2.0220642421940938e-29,12.0,0.02592799998819828
2026-06-09 13:02:46+00:00,1.0,392.0,1.0,46.77271270751953,23.585542678833008,12.0,0.02592799998819828
2026-06-09 13:02:47+00:00,1.0,391.79998779296875,1.0,46.77271270751953,23.585542678833008,12.0,0.085192009806633
2026-06-09 13:02:48+00:00,1.0,391.70001220703125,1.0,46.77271270751953,23.585542678833008,12.0,0.085192009806633
2026-06-09 13:02:49+00:00,1.0,391.6000061035156,1.0,46.77271270751953,23.585542678833008,12.0,0.07222799956798553
2026-06-09 13:02:51+00:00,1.0,391.3999938964844,1.0,46.77271270751953,23.585542678833008,12.0,0.00926000066101551
2026-06-09 13:02:52+00:00,1.0,391.3999938964844,1.0,46.77271270751953,23.585542678833008,12.0,0.029632002115249634
2026-06-09 13:02:53+00:00,1.0,391.3999938964844,1.0,46.77271270751953,23.585542678833008,12.0,0.02778000198304653
2026-06-09 13:02:54+00:00,1.0,391.3999938964844,1.0,46.77271270751953,23.585538864135742,12.0,0.07408000528812408
2026-06-09 13:02:55+00:00,1.0,391.3999938964844,1.0,46.77271270751953,23.585538864135742,12.0,0.07408000528812408
2026-06-09 13:02:56+00:00,1.0,391.3999938964844,1.0,46.77271270751953,23.585538864135742,12.0,0.32224801182746887
2026-06-09 13:02:57+00:00,1.0,391.3999938964844,1.0,46.772705078125,23.585538864135742,12.0,0.04444800317287445
2026-06-09 13:02:58+00:00,1.0,391.3999938964844,1.0,46.772705078125,23.585538864135742,12.0,0.10926800966262817
2026-06-09 13:02:59+00:00,1.0,391.3999938964844,1.0,46.772705078125,23.585538864135742,12.0,0.011111999861896038
2026-06-09 13:03:00+00:00,1.0,391.3999938964844,1.0,46.772705078125,23.585535049438477,12.0,0.11482400447130203
2026-06-09 13:03:01+00:00,1.0,391.3999938964844,1.0,46.772705078125,23.585535049438477,12.0,0.05370800569653511
2026-06-09 13:03:02+00:00,1.0,391.29998779296875,1.0,46.772705078125,23.585535049438477,12.0,0.16297601163387299
2026-06-09 13:03:03+00:00,1.0,391.29998779296875,1.0,46.772705078125,23.585535049438477,12.0,0.08334000408649445
2026-06-09 13:03:04+00:00,1.0,391.20001220703125,1.0,46.772705078125,23.585535049438477,12.0,0.19816400110721588
2026-06-09 13:03:05+00:00,1.0,391.1000061035156,1.0,46.772705078125,23.585535049438477,12.0,0.19816400110721588
2026-06-09 13:03:06+00:00,1.0,391.0,1.0,46.772705078125,23.585535049438477,12.0,0.19816400110721588
2026-06-09 13:03:07+00:00,1.0,391.0,1.0,46.772705078125,23.585535049438477,12.0,0.19816400110721588
2026-06-09 13:03:08+00:00,1.0,391.0,1.0,46.77269744873047,23.585535049438477,12.0,0.03704000264406204
2026-06-09 13:03:09+00:00,1.0,391.0,1.0,46.77269744873047,23.585535049438477,12.0,0.03704000264406204
2026-06-09 13:03:10+00:00,1.0,391.0,1.0,46.77269744873047,23.585535049438477,12.0,0.03704000264406204
2026-06-09 13:03:11+00:00,1.0,390.79998779296875,1.0,46.77269744873047,23.585535049438477,12.0,0.085192009806633
2026-06-09 13:03:12+00:00,1.0,390.79998779296875,1.0,46.77269744873047,23.585535049438477,12.0,0.1277880072593689
2026-06-09 13:03:13+00:00,1.0,390.79998779296875,1.0,46.77269744873047,23.585535049438477,12.0,0.029632002115249634
2026-06-09 13:03:14+00:00,1.0,390.79998779296875,1.0,46.77269744873047,23.585535049438477,12.0,0.1277880072593689
2026-06-09 13:03:15+00:00,1.0,390.79998779296875,1.0,46.77269744873047,23.585535049438477,12.0,0.02592799998819828
2026-06-09 13:03:16+00:00,1.0,390.79998779296875,1.0,46.77269744873047,23.585535049438477,12.0,0.057412002235651016
2026-06-09 13:03:17+00:00,1.0,390.79998779296875,1.0,46.77269744873047,23.585535049438477,12.0,0.10926800966262817
2026-06-09 13:03:18+00:00,1.0,390.79998779296875,1.0,46.77268981933594,23.585535049438477,12.0,0.15371601283550262
2026-06-09 13:03:19+00:00,1.0,390.79998779296875,1.0,46.77268981933594,23.585535049438477,12.0,0.2703920006752014
2026-06-09 13:03:20+00:00,1.0,390.79998779296875,1.0,46.77268981933594,23.585535049438477,12.0,0.1240840032696724
2026-06-09 13:03:21+00:00,1.0,390.79998779296875,1.0,46.77268981933594,23.585535049438477,12.0,0.06852400302886963
2026-06-09 13:03:22+00:00,1.0,390.79998779296875,1.0,46.77268981933594,23.58553123474121,12.0,0.11112000793218613
2026-06-09 13:03:23+00:00,1.0,391.3999938964844,1.0,46.77268981933594,23.585535049438477,12.0,0.10926800966262817
2026-06-09 13:03:24+00:00,1.0,391.3999938964844,1.0,46.77268981933594,23.58553123474121,12.0,0.10926800966262817
2026-06-09 13:03:25+00:00,1.0,391.0,1.0,46.77268981933594,23.58553123474121,12.0,0.05556000396609306
2026-06-09 13:03:26+00:00,1.0,390.8999938964844,1.0,46.77268981933594,23.58553123474121,12.0,0.05556000396609306
2026-06-09 13:03:27+00:00,1.0,391.0,1.0,46.77268981933594,23.585527420043945,12.0,0.07222799956798553
2026-06-09 13:03:28+00:00,1.0,391.1000061035156,1.0,46.77268981933594,23.585527420043945,12.0,0.07222799956798553
2026-06-09 13:03:29+00:00,1.0,391.0,1.0,46.77268981933594,23.585527420043945,12.0,0.07222799956798553
2026-06-09 13:03:30+00:00,1.0,390.8999938964844,1.0,46.77268981933594,23.585521697998047,12.0,0.07222799956798553
2026-06-09 13:03:31+00:00,1.0,390.8999938964844,1.0,46.77268981933594,23.585521697998047,12.0,0.07222799956798553
2026-06-09 13:03:32+00:00,1.0,390.8999938964844,1.0,46.77268981933594,23.58551788330078,12.0,0.3018760085105896
2026-06-09 13:03:33+00:00,1.0,390.8999938964844,1.0,46.77268981933594,23.58551788330078,12.0,0.3481760025024414
2026-06-09 13:03:34+00:00,1.0,390.8999938964844,1.0,46.772682189941406,23.58551788330078,12.0,0.2907640039920807
2026-06-09 13:03:35+00:00,1.0,390.8999938964844,1.0,46.772682189941406,23.585514068603516,12.0,0.2629840075969696
2026-06-09 13:03:36+00:00,1.0,390.8999938964844,1.0,46.772682189941406,23.58551025390625,12.0,0.5037440061569214
2026-06-09 13:03:37+00:00,1.0,390.8999938964844,1.0,46.772682189941406,23.58551025390625,12.0,0.32965603470802307
2026-06-09 13:03:38+00:00,1.0,390.8999938964844,1.0,46.772682189941406,23.58551025390625,12.0,0.11297199875116348
2026-06-09 13:03:39+00:00,1.0,390.8999938964844,1.0,46.772682189941406,23.58551025390625,12.0,0.10371200740337372
2026-06-09 13:03:40+00:00,1.0,390.8999938964844,1.0,46.772682189941406,23.58551025390625,12.0,0.08704400062561035
2026-06-09 13:03:41+00:00,1.0,390.8999938964844,1.0,46.772682189941406,23.58551025390625,12.0,0.048151999711990356
2026-06-09 13:03:42+00:00,1.0,390.8999938964844,1.0,46.772682189941406,23.585521697998047,12.0,6.20419979095459
2026-06-09 13:03:43+00:00,1.0,390.8999938964844,1.0,46.77267074584961,23.585521697998047,12.0,0.050004005432128906
2026-06-09 13:03:44+00:00,1.0,389.5,1.0,46.77267074584961,23.58551788330078,12.0,0.08704400062561035
2026-06-09 13:03:45+00:00,1.0,389.20001220703125,1.0,46.772682189941406,23.585527420043945,12.0,3.0872840881347656
2026-06-09 13:03:46+00:00,1.0,389.20001220703125,1.0,46.772682189941406,23.585527420043945,12.0,3.0872840881347656
2026-06-09 13:03:47+00:00,1.0,388.70001220703125,1.0,46.772682189941406,23.585527420043945,12.0,0.085192009806633
2026-06-09 13:03:48+00:00,1.0,388.70001220703125,1.0,46.772682189941406,23.585527420043945,12.0,0.050004005432128906
2026-06-09 13:03:49+00:00,1.0,388.6000061035156,1.0,46.772682189941406,23.585521697998047,12.0,0.050004005432128906
2026-06-09 13:03:50+00:00,1.0,388.29998779296875,1.0,46.772682189941406,23.58551788330078,12.0,0.15001201629638672
2026-06-09 13:03:51+00:00,1.0,388.20001220703125,1.0,46.77267074584961,23.58551788330078,12.0,0.15001201629638672
2026-06-09 13:03:52+00:00,1.0,388.1000061035156,1.0,46.77267074584961,23.585514068603516,12.0,0.15001201629638672
2026-06-09 13:03:53+00:00,1.0,387.79998779296875,1.0,46.77267074584961,23.585514068603516,12.0,0.15001201629638672
2026-06-09 13:03:54+00:00,1.0,387.79998779296875,1.0,46.77267074584961,23.585514068603516,12.0,0.15001201629638672
2026-06-09 13:03:55+00:00,1.0,387.79998779296875,1.0,46.77267074584961,23.58551025390625,12.0,0.1240840032696724
2026-06-09 13:03:56+00:00,1.0,387.79998779296875,1.0,46.77267074584961,23.58551025390625,12.0,0.05556000396609306
2026-06-09 13:03:57+00:00,1.0,387.79998779296875,1.0,46.77267074584961,23.585506439208984,12.0,0.01666800118982792
2026-06-09 13:03:58+00:00,1.0,387.79998779296875,1.0,46.77267074584961,23.585506439208984,12.0,0.07222799956798553
2026-06-09 13:03:59+00:00,1.0,387.79998779296875,1.0,46.77267074584961,23.585506439208984,12.0,0.07593200355768204
2026-06-09 13:04:00+00:00,1.0,387.79998779296875,1.0,46.77267074584961,23.585506439208984,12.0,0.13704802095890045
2026-06-09 13:04:05+00:00,1.0,385.79998779296875,1.0,46.77267074584961,23.585498809814453,12.0,0.16297601163387299
2026-06-09 13:04:06+00:00,1.0,385.79998779296875,1.0,46.77267074584961,23.585498809814453,12.0,0.06296800076961517
2026-06-09 13:04:07+00:00,1.0,385.6000061035156,1.0,46.77267074584961,23.585498809814453,12.0,0.07593200355768204
2026-06-09 13:04:08+00:00,1.0,385.5,1.0,46.77267074584961,23.585493087768555,12.0,0.16297601163387299
2026-06-09 13:04:09+00:00,1.0,385.5,1.0,46.77267074584961,23.585493087768555,12.0,0.07963600009679794
2026-06-09 13:04:10+00:00,1.0,385.3999938964844,1.0,46.77267074584961,23.58548927307129,12.0,0.07963600009679794
2026-06-09 13:04:11+00:00,1.0,385.20001220703125,1.0,46.77267074584961,23.58548927307129,12.0,0.07963600009679794
2026-06-09 13:04:12+00:00,1.0,385.1000061035156,1.0,46.77267074584961,23.585485458374023,12.0,0.07963600009679794
2026-06-09 13:04:13+00:00,1.0,385.1000061035156,1.0,46.77267074584961,23.585485458374023,12.0,0.07963600009679794
2026-06-09 13:04:14+00:00,1.0,385.1000061035156,1.0,46.77267074584961,23.585481643676758,12.0,0.05556000396609306
2026-06-09 13:04:15+00:00,1.0,385.1000061035156,1.0,46.77267074584961,23.585481643676758,12.0,0.08334000408649445
2026-06-09 13:04:16+00:00,1.0,385.1000061035156,1.0,46.77267074584961,23.585477828979492,12.0,0.05185599997639656
2026-06-09 13:04:17+00:00,1.0,385.1000061035156,1.0,46.77267074584961,23.585477828979492,12.0,0.46670401096343994
2026-06-09 13:04:18+00:00,1.0,385.1000061035156,1.0,46.77267074584961,23.585481643676758,12.0,1.2093560695648193
2026-06-09 13:04:19+00:00,1.0,385.1000061035156,1.0,46.77267074584961,23.585481643676758,12.0,0.005555999930948019
2026-06-09 13:04:20+00:00,1.0,385.1000061035156,1.0,46.77267074584961,23.585485458374023,12.0,0.04444800317287445
2026-06-09 13:04:21+00:00,1.0,385.1000061035156,1.0,46.77267074584961,23.585485458374023,12.0,0.07778400927782059
2026-06-09 13:04:22+00:00,1.0,385.1000061035156,1.0,46.77267074584961,23.585485458374023,12.0,0.0888960063457489
2026-06-09 13:04:23+00:00,1.0,384.1000061035156,1.0,46.77267074584961,23.58548927307129,12.0,0.06852400302886963
2026-06-09 13:04:24+00:00,1.0,384.1000061035156,1.0,46.77267074584961,23.58548927307129,12.0,0.011111999861896038
2026-06-09 13:04:25+00:00,1.0,384.0,1.0,46.77267074584961,23.58548927307129,12.0,0.011111999861896038
2026-06-09 13:04:26+00:00,1.0,383.8999938964844,1.0,46.77267074584961,23.585493087768555,12.0,0.0074080005288124084
2026-06-09 13:04:27+00:00,1.0,383.6000061035156,1.0,46.77267074584961,23.585493087768555,12.0,0.0074080005288124084
2026-06-09 13:04:28+00:00,1.0,383.29998779296875,1.0,46.77267074584961,23.585493087768555,12.0,0.0074080005288124084
2026-06-09 13:04:29+00:00,1.0,383.1000061035156,1.0,46.77267074584961,23.585493087768555,12.0,0.0074080005288124084
2026-06-09 13:04:30+00:00,1.0,382.8999938964844,1.0,46.77267074584961,23.58548927307129,12.0,0.0074080005288124084
2026-06-09 13:04:31+00:00,1.0,382.6000061035156,1.0,46.77267074584961,23.585493087768555,12.0,0.0074080005288124084
2026-06-09 13:04:32+00:00,1.0,382.3999938964844,1.0,46.77267074584961,23.585493087768555,12.0,0.0074080005288124084
2026-06-09 13:04:33+00:00,1.0,382.0,1.0,46.77267074584961,23.585493087768555,12.0,0.0074080005288124084
2026-06-09 13:04:34+00:00,1.0,382.0,1.0,46.77267074584961,23.585493087768555,12.0,0.0074080005288124084
2026-06-09 13:04:35+00:00,1.0,382.0,1.0,46.77267074584961,23.58548927307129,12.0,0.07593200355768204
2026-06-09 13:04:36+00:00,1.0,382.0,1.0,46.77267074584961,23.58548927307129,12.0,0.03148400038480759
2026-06-09 13:04:37+00:00,1.0,382.0,1.0,46.77267074584961,23.58548927307129,12.0,0.07963600009679794
2026-06-09 13:04:38+00:00,1.0,382.0,1.0,46.77267074584961,23.58548927307129,12.0,0.02592799998819828
2026-06-09 13:04:39+00:00,1.0,382.0,1.0,46.77267074584961,23.585485458374023,12.0,0.1426040083169937
2026-06-09 13:04:40+00:00,1.0,382.0,1.0,46.77267074584961,23.585485458374023,12.0,0.0888960063457489
2026-06-09 13:04:41+00:00,1.0,382.0,1.0,46.77267074584961,23.585485458374023,12.0,0.06296800076961517
2026-06-09 13:04:42+00:00,1.0,382.0,1.0,46.77267074584961,23.585485458374023,12.0,0.03333600237965584
2026-06-09 13:04:43+00:00,1.0,378.29998779296875,1.0,46.77267074584961,23.585485458374023,12.0,0.029632002115249634
2026-06-09 13:04:44+00:00,1.0,378.1000061035156,1.0,46.77267074584961,23.585485458374023,12.0,0.029632002115249634
2026-06-09 13:04:45+00:00,1.0,377.70001220703125,1.0,46.772682189941406,23.585485458374023,12.0,0.029632002115249634
2026-06-09 13:04:46+00:00,1.0,377.29998779296875,1.0,46.772682189941406,23.585485458374023,12.0,0.029632002115249634
2026-06-09 13:04:47+00:00,1.0,377.0,1.0,46.772682189941406,23.585485458374023,12.0,0.05926400423049927
2026-06-09 13:04:48+00:00,1.0,377.0,1.0,46.772682189941406,23.58548927307129,12.0,0.05926400423049927
2026-06-09 13:04:49+00:00,1.0,376.8999938964844,1.0,46.772682189941406,23.58548927307129,12.0,0.05926400423049927
2026-06-09 13:04:50+00:00,1.0,376.6000061035156,1.0,46.772682189941406,23.58548927307129,12.0,0.10371200740337372
2026-06-09 13:04:51+00:00,1.0,376.3999938964844,1.0,46.772682189941406,23.58548927307129,12.0,0.10371200740337372
2026-06-09 13:04:52+00:00,1.0,376.20001220703125,1.0,46.772682189941406,23.585485458374023,12.0,0.10371200740337372
2026-06-09 13:04:53+00:00,1.0,376.1000061035156,1.0,46.772682189941406,23.585485458374023,12.0,0.10371200740337372
2026-06-09 13:04:54+00:00,1.0,376.0,1.0,46.77267074584961,23.585485458374023,12.0,0.10371200740337372
2026-06-09 13:04:55+00:00,1.0,375.8999938964844,1.0,46.77267074584961,23.585485458374023,12.0,0.10371200740337372
2026-06-09 13:04:56+00:00,1.0,375.79998779296875,1.0,46.77267074584961,23.585485458374023,12.0,0.10371200740337372
2026-06-09 13:04:57+00:00,1.0,375.79998779296875,1.0,46.77267074584961,23.585485458374023,12.0,0.10371200740337372
2026-06-09 13:04:58+00:00,1.0,375.79998779296875,1.0,46.77267074584961,23.585485458374023,12.0,0.09074800461530685
2026-06-09 13:04:59+00:00,1.0,375.79998779296875,1.0,46.77267074584961,23.585485458374023,12.0,0.09630400687456131
2026-06-09 13:05:00+00:00,1.0,375.79998779296875,1.0,46.77267074584961,23.585485458374023,12.0,0.15001201629638672
2026-06-09 13:05:01+00:00,1.0,375.79998779296875,1.0,46.77267074584961,23.585485458374023,12.0,0.06852400302886963
2026-06-09 13:05:02+00:00,1.0,375.79998779296875,1.0,46.77267074584961,23.585485458374023,12.0,0.03148400038480759
2026-06-09 13:05:03+00:00,1.0,375.79998779296875,1.0,46.77267074584961,23.585485458374023,12.0,0.09815600514411926
2026-06-09 13:05:04+00:00,1.0,375.79998779296875,1.0,46.77267074584961,23.585485458374023,12.0,0.12964001297950745
2026-06-09 13:05:05+00:00,1.0,374.6000061035156,1.0,46.77267074584961,23.585485458374023,12.0,0.07778400927782059
2026-06-09 13:05:06+00:00,1.0,374.6000061035156,1.0,46.77267074584961,23.585485458374023,12.0,0.024075999855995178
2026-06-09 13:05:08+00:00,1.0,374.5,1.0,46.77267074584961,23.58548927307129,12.0,0.022224001586437225
2026-06-09 13:05:09+00:00,1.0,374.3999938964844,1.0,46.77267074584961,23.58548927307129,12.0,0.022224001586437225
2026-06-09 13:05:10+00:00,1.0,374.20001220703125,1.0,46.77267074584961,23.58548927307129,12.0,0.057412002235651016
2026-06-09 13:05:11+00:00,1.0,374.20001220703125,1.0,46.77267074584961,23.58548927307129,12.0,0.057412002235651016
2026-06-09 13:05:12+00:00,1.0,374.1000061035156,1.0,46.77267074584961,23.585493087768555,12.0,0.057412002235651016
2026-06-09 13:05:13+00:00,1.0,374.1000061035156,1.0,46.77267074584961,23.585493087768555,12.0,0.14816001057624817
2026-06-09 13:05:14+00:00,1.0,374.20001220703125,1.0,46.77267074584961,23.585493087768555,12.0,0.14816001057624817
2026-06-09 13:05:15+00:00,1.0,374.29998779296875,1.0,46.77267074584961,23.585493087768555,12.0,0.14816001057624817
2026-06-09 13:05:16+00:00,1.0,374.3999938964844,1.0,46.77267074584961,23.585493087768555,12.0,0.14816001057624817
2026-06-09 13:05:17+00:00,1.0,374.3999938964844,1.0,46.77267074584961,23.585493087768555,12.0,0.12038000673055649
2026-06-09 13:05:18+00:00,1.0,374.3999938964844,1.0,46.77267074584961,23.585493087768555,12.0,0.11667600274085999
2026-06-09 13:05:19+00:00,1.0,374.29998779296875,1.0,46.77267074584961,23.585493087768555,12.0,0.040744002908468246
2026-06-09 13:05:20+00:00,1.0,374.29998779296875,1.0,46.77267074584961,23.585493087768555,12.0,0.10926800966262817
2026-06-09 13:05:21+00:00,1.0,374.29998779296875,1.0,46.77266311645508,23.585498809814453,12.0,0.1426040083169937
2026-06-09 13:05:22+00:00,1.0,374.29998779296875,1.0,46.77266311645508,23.585493087768555,12.0,0.08334000408649445
2026-06-09 13:05:23+00:00,1.0,374.29998779296875,1.0,46.77266311645508,23.585493087768555,12.0,0.01852000132203102
2026-06-09 13:05:24+00:00,1.0,374.29998779296875,1.0,46.77266311645508,23.585493087768555,12.0,0.02592799998819828
2026-06-09 13:05:25+00:00,1.0,374.29998779296875,1.0,46.77266311645508,23.585493087768555,12.0,0.15371601283550262
2026-06-09 13:05:26+00:00,1.0,374.3999938964844,1.0,46.77266311645508,23.585493087768555,12.0,0.12223199754953384
2026-06-09 13:05:27+00:00,1.0,374.3999938964844,1.0,46.77266311645508,23.585493087768555,12.0,0.12223199754953384
2026-06-09 13:05:28+00:00,1.0,374.3999938964844,1.0,46.77266311645508,23.585493087768555,12.0,0.3129880130290985
2026-06-09 13:05:29+00:00,1.0,374.29998779296875,1.0,46.77266311645508,23.585493087768555,12.0,0.10000801086425781
2026-06-09 13:05:30+00:00,1.0,374.1000061035156,1.0,46.77266311645508,23.58548927307129,12.0,0.10000801086425781
2026-06-09 13:05:31+00:00,1.0,374.1000061035156,1.0,46.77266311645508,23.585493087768555,12.0,0.10000801086425781
2026-06-09 13:05:32+00:00,1.0,374.0,1.0,46.77266311645508,23.585493087768555,12.0,0.10000801086425781
2026-06-09 13:05:33+00:00,1.0,374.0,1.0,46.77266311645508,23.585493087768555,12.0,0.057412002235651016
2026-06-09 13:05:34+00:00,1.0,374.0,1.0,46.77266311645508,23.585493087768555,12.0,0.12964001297950745
2026-06-09 13:05:35+00:00,1.0,373.8999938964844,1.0,46.77266311645508,23.585493087768555,12.0,0.12964001297950745
2026-06-09 13:05:36+00:00,1.0,373.8999938964844,1.0,46.77266311645508,23.585493087768555,12.0,0.12964001297950745
2026-06-09 13:05:37+00:00,1.0,374.0,1.0,46.77266311645508,23.585498809814453,12.0,0.07593200355768204
2026-06-09 13:05:38+00:00,1.0,373.79998779296875,1.0,46.77266311645508,23.585498809814453,12.0,0.057412002235651016
2026-06-09 13:05:39+00:00,1.0,373.79998779296875,1.0,46.77266311645508,23.585493087768555,12.0,0.37780800461769104
2026-06-09 13:05:40+00:00,1.0,373.79998779296875,1.0,46.77266311645508,23.585493087768555,12.0,0.02778000198304653
2026-06-09 13:05:41+00:00,1.0,373.79998779296875,1.0,46.77266311645508,23.585493087768555,12.0,0.2055720090866089
2026-06-09 13:05:42+00:00,1.0,373.79998779296875,1.0,46.77266311645508,23.585493087768555,12.0,0.19446000456809998
2026-06-09 13:05:43+00:00,1.0,373.79998779296875,1.0,46.77266311645508,23.585493087768555,12.0,0.22594399750232697
2026-06-09 13:05:44+00:00,1.0,373.79998779296875,1.0,46.77266311645508,23.585493087768555,12.0,0.05370800569653511
2026-06-09 13:05:45+00:00,1.0,373.79998779296875,1.0,46.77266311645508,23.585498809814453,12.0,0.022224001586437225
2026-06-09 13:05:46+00:00,1.0,373.79998779296875,1.0,46.77266311645508,23.585498809814453,12.0,0.06667200475931168
2026-06-09 13:05:47+00:00,1.0,373.79998779296875,1.0,46.77266311645508,23.585498809814453,12.0,0.05370800569653511
2026-06-09 13:05:48+00:00,1.0,373.79998779296875,1.0,46.77266311645508,23.585498809814453,12.0,0.020372001454234123
2026-06-09 13:05:49+00:00,1.0,373.79998779296875,1.0,46.77266311645508,23.585498809814453,12.0,0.06296800076961517
2026-06-09 13:05:50+00:00,1.0,374.1000061035156,1.0,46.77266311645508,23.585498809814453,12.0,0.09630400687456131
2026-06-09 13:05:51+00:00,1.0,374.29998779296875,1.0,46.77266311645508,23.58550262451172,12.0,0.09630400687456131
2026-06-09 13:05:52+00:00,1.0,374.29998779296875,1.0,46.77266311645508,23.58550262451172,12.0,0.16853201389312744
2026-06-09 13:05:53+00:00,1.0,374.29998779296875,1.0,46.77266311645508,23.58550262451172,12.0,0.21853600442409515
2026-06-09 13:05:54+00:00,1.0,374.3999938964844,1.0,46.77266311645508,23.58550262451172,12.0,0.28891199827194214
2026-06-09 13:05:55+00:00,1.0,374.3999938964844,1.0,46.77266311645508,23.58550262451172,12.0,0.28520798683166504
2026-06-09 13:05:56+00:00,1.0,374.70001220703125,1.0,46.77266311645508,23.58550262451172,12.0,0.2407599836587906
2026-06-09 13:05:57+00:00,1.0,374.70001220703125,1.0,46.77266311645508,23.58550262451172,12.0,0.18705201148986816
2026-06-09 13:05:58+00:00,1.0,374.70001220703125,1.0,46.77266311645508,23.58550262451172,12.0,0.0425960049033165
2026-06-09 13:05:59+00:00,1.0,374.70001220703125,1.0,46.77266311645508,23.58550262451172,12.0,0.19631199538707733
2026-06-09 13:06:00+00:00,1.0,374.70001220703125,1.0,46.77266311645508,23.58550262451172,12.0,0.0888960063457489
2026-06-09 13:06:01+00:00,1.0,374.70001220703125,1.0,46.77266311645508,23.585506439208984,12.0,0.26853999495506287
2026-06-09 13:06:02+00:00,1.0,374.70001220703125,1.0,46.77266311645508,23.585506439208984,12.0,0.07222799956798553
2026-06-09 13:06:03+00:00,1.0,374.70001220703125,1.0,46.77266311645508,23.585506439208984,12.0,0.20372000336647034
2026-06-09 13:06:04+00:00,1.0,376.29998779296875,1.0,46.77266311645508,23.585506439208984,12.0,0.0888960063457489
2026-06-09 13:06:05+00:00,1.0,376.29998779296875,1.0,46.77266311645508,23.58551025390625,12.0,0.0888960063457489
2026-06-09 13:06:06+00:00,1.0,376.29998779296875,1.0,46.77266311645508,23.58551025390625,12.0,0.08148800581693649
2026-06-09 13:06:07+00:00,1.0,376.29998779296875,1.0,46.77266311645508,23.58551025390625,12.0,0.24261198937892914
2026-06-09 13:06:08+00:00,1.0,376.29998779296875,1.0,46.77266311645508,23.58551025390625,12.0,0.08704400062561035
2026-06-09 13:06:09+00:00,1.0,376.29998779296875,1.0,46.77266311645508,23.585506439208984,12.0,0.06111599877476692
2026-06-09 13:06:10+00:00,1.0,376.29998779296875,1.0,46.77266311645508,23.585506439208984,12.0,0.09074800461530685
2026-06-09 13:06:11+00:00,1.0,376.29998779296875,1.0,46.77265548706055,23.58550262451172,12.0,0.131492018699646
2026-06-09 13:06:12+00:00,1.0,376.5,1.0,46.77265548706055,23.58550262451172,12.0,0.131492018699646
2026-06-09 13:06:14+00:00,1.0,376.3999938964844,1.0,46.77265548706055,23.585498809814453,12.0,0.11297199875116348
2026-06-09 13:06:15+00:00,1.0,376.29998779296875,1.0,46.77265548706055,23.585493087768555,12.0,0.14445601403713226
2026-06-09 13:06:16+00:00,1.0,376.29998779296875,1.0,46.77265548706055,23.585493087768555,12.0,0.07778400927782059
2026-06-09 13:06:17+00:00,1.0,376.1000061035156,1.0,46.77265548706055,23.585493087768555,12.0,0.06481999903917313
2026-06-09 13:06:18+00:00,1.0,376.1000061035156,1.0,46.77265548706055,23.58548927307129,12.0,0.09445200860500336
2026-06-09 13:06:19+00:00,1.0,375.8999938964844,1.0,46.772647857666016,23.58548927307129,12.0,0.19446000456809998
2026-06-09 13:06:20+00:00,1.0,375.8999938964844,1.0,46.772647857666016,23.58548927307129,12.0,0.1351960152387619
2026-06-09 13:06:21+00:00,1.0,375.8999938964844,1.0,46.772647857666016,23.585485458374023,12.0,0.16482801735401154
2026-06-09 13:06:22+00:00,1.0,375.8999938964844,1.0,46.772647857666016,23.585485458374023,12.0,0.14075200259685516
2026-06-09 13:06:23+00:00,1.0,375.8999938964844,1.0,46.772647857666016,23.585481643676758,12.0,0.22779600322246552
2026-06-09 13:06:24+00:00,1.0,375.8999938964844,1.0,46.772647857666016,2.0186110755153644e-39,12.0,0.15556801855564117
2026-06-09 13:06:25+00:00,1.0,375.8999938964844,1.0,46.772647857666016,23.585477828979492,12.0,0.09445200860500336
2026-06-09 13:06:26+00:00,1.0,373.1000061035156,1.0,46.772647857666016,23.585477828979492,12.0,0.09445200860500336
2026-06-09 13:06:27+00:00,1.0,373.1000061035156,1.0,46.772647857666016,23.585477828979492,12.0,0.09445200860500336
2026-06-09 13:06:28+00:00,1.0,373.1000061035156,1.0,46.772647857666016,23.585477828979492,12.0,0.09445200860500336
2026-06-09 13:06:29+00:00,1.0,373.1000061035156,1.0,46.77265548706055,23.585474014282227,12.0,0.09445200860500336
2026-06-09 13:06:30+00:00,1.0,373.1000061035156,1.0,46.77265548706055,23.58547019958496,12.0,0.0926000103354454
2026-06-09 13:06:31+00:00,1.0,373.1000061035156,1.0,46.77265548706055,23.58547019958496,12.0,0.0926000103354454
2026-06-09 13:06:32+00:00,1.0,373.1000061035156,1.0,46.77265548706055,23.58547019958496,12.0,0.16853201389312744
2026-06-09 13:06:33+00:00,1.0,373.1000061035156,1.0,46.77265548706055,23.585466384887695,12.0,0.16853201389312744
2026-06-09 13:06:34+00:00,1.0,373.1000061035156,1.0,46.77265548706055,23.585466384887695,12.0,0.022224001586437225
2026-06-09 13:06:35+00:00,1.0,370.5,1.0,46.77265548706055,23.585466384887695,12.0,0.022224001586437225
2026-06-09 13:06:36+00:00,1.0,370.5,1.0,46.77265548706055,23.585466384887695,12.0,0.022224001586437225
2026-06-09 13:06:37+00:00,1.0,370.5,1.0,46.77266311645508,23.585466384887695,12.0,0.022224001586437225
2026-06-09 13:06:38+00:00,1.0,370.3999938964844,1.0,46.77266311645508,23.585466384887695,12.0,0.05556000396609306
2026-06-09 13:06:39+00:00,1.0,370.5,1.0,46.77266311645508,23.585466384887695,11.0,0.15186400711536407
2026-06-09 13:06:40+00:00,1.0,370.5,1.0,46.77266311645508,23.585466384887695,11.0,0.02778000198304653
2026-06-09 13:06:41+00:00,1.0,370.5,1.0,46.77266311645508,23.585466384887695,11.0,0.02778000198304653
2026-06-09 13:06:42+00:00,1.0,370.5,1.0,46.77266311645508,23.585466384887695,12.0,0.005555999930948019
2026-06-09 13:06:43+00:00,1.0,370.5,1.0,46.77266311645508,23.585466384887695,12.0,0.005555999930948019
2026-06-09 13:06:44+00:00,1.0,370.5,1.0,46.77266311645508,23.585466384887695,12.0,0.06111599877476692
2026-06-09 13:06:45+00:00,1.0,370.5,1.0,46.77266311645508,23.585466384887695,12.0,0.05926400423049927
2026-06-09 13:06:46+00:00,1.0,370.5,1.0,46.77266311645508,23.585466384887695,12.0,0.06111599877476692
2026-06-09 13:06:47+00:00,1.0,370.5,1.0,46.77267074584961,23.585466384887695,12.0,0.024075999855995178
2026-06-09 13:06:48+00:00,1.0,370.5,1.0,46.77267074584961,23.58547019958496,12.0,0.038892004638910294
2026-06-09 13:06:49+00:00,1.0,370.5,1.0,46.77267074584961,23.58547019958496,12.0,0.048151999711990356
2026-06-09 13:06:50+00:00,1.0,370.5,1.0,46.77267074584961,23.58547019958496,12.0,0.06852400302886963
2026-06-09 13:06:51+00:00,1.0,370.5,1.0,46.77267074584961,23.58547019958496,12.0,0.022224001586437225
2026-06-09 13:06:52+00:00,1.0,370.5,1.0,46.77267074584961,23.58547019958496,12.0,0.048151999711990356
2026-06-09 13:06:53+00:00,1.0,371.20001220703125,1.0,46.77267074584961,23.585474014282227,12.0,0.1351960152387619
2026-06-09 13:06:54+00:00,1.0,371.3999938964844,1.0,46.77267074584961,23.585474014282227,12.0,0.1351960152387619
2026-06-09 13:06:55+00:00,1.0,371.3999938964844,1.0,46.77267074584961,23.585474014282227,12.0,0.1351960152387619
2026-06-09 13:06:56+00:00,1.0,371.70001220703125,1.0,46.77267074584961,23.585477828979492,12.0,0.1351960152387619
2026-06-09 13:06:57+00:00,1.0,371.79998779296875,1.0,46.77267074584961,23.585477828979492,12.0,0.038892004638910294
2026-06-09 13:06:58+00:00,1.0,371.79998779296875,1.0,46.77267074584961,23.585477828979492,12.0,0.08334000408649445
2026-06-09 13:06:59+00:00,1.0,371.8999938964844,1.0,46.77267074584961,23.585481643676758,12.0,0.0425960049033165
2026-06-09 13:07:00+00:00,1.0,372.0,1.0,46.77267074584961,23.585481643676758,12.0,0.17594000697135925
2026-06-09 13:07:01+00:00,1.0,372.0,1.0,46.77267074584961,23.585481643676758,12.0,0.18520000576972961
2026-06-09 13:07:02+00:00,1.0,372.0,1.0,46.77267074584961,23.585485458374023,12.0,0.11667600274085999
2026-06-09 13:07:03+00:00,1.0,372.0,1.0,46.77267074584961,23.585485458374023,12.0,0.14445601403713226
2026-06-09 13:07:04+00:00,1.0,372.0,1.0,46.77267074584961,23.58548927307129,12.0,0.0926000103354454
2026-06-09 13:07:05+00:00,1.0,372.0,1.0,46.77267074584961,23.58548927307129,12.0,0.11112000793218613
2026-06-09 13:07:06+00:00,1.0,372.0,1.0,46.772682189941406,23.585493087768555,12.0,0.05926400423049927
2026-06-09 13:07:07+00:00,1.0,372.0,1.0,46.77267074584961,23.585493087768555,12.0,0.05926400423049927
2026-06-09 13:07:08+00:00,1.0,372.0,1.0,46.772682189941406,23.585493087768555,12.0,0.10000801086425781
2026-06-09 13:07:09+00:00,1.0,372.0,1.0,46.772682189941406,23.585493087768555,12.0,0.10000801086425781
2026-06-09 13:07:10+00:00,1.0,372.0,1.0,46.772682189941406,23.585493087768555,12.0,0.07593200355768204
2026-06-09 13:07:11+00:00,1.0,372.0,1.0,46.772682189941406,23.585493087768555,12.0,0.07593200355768204
2026-06-09 13:07:12+00:00,1.0,372.0,1.0,46.772682189941406,23.585493087768555,12.0,0.07593200355768204
2026-06-09 13:07:13+00:00,1.0,372.0,1.0,46.772682189941406,23.585493087768555,12.0,0.06481999903917313
2026-06-09 13:07:14+00:00,1.0,372.0,1.0,46.772682189941406,23.585498809814453,12.0,0.06481999903917313
2026-06-09 13:07:15+00:00,1.0,372.0,1.0,46.772682189941406,23.585498809814453,12.0,0.05370800569653511
2026-06-09 13:07:16+00:00,1.0,372.0,1.0,46.772682189941406,23.585498809814453,12.0,0.05370800569653511
2026-06-09 13:07:17+00:00,1.0,372.0,1.0,46.772682189941406,23.585498809814453,12.0,0.10000801086425781
2026-06-09 13:07:18+00:00,1.0,375.79998779296875,1.0,46.772682189941406,23.585498809814453,12.0,0.10000801086425781
2026-06-09 13:07:19+00:00,1.0,376.1000061035156,1.0,46.772682189941406,23.585498809814453,12.0,0.10000801086425781
2026-06-09 13:07:20+00:00,1.0,376.3999938964844,1.0,46.77267074584961,23.585498809814453,12.0,0.10000801086425781
2026-06-09 13:07:21+00:00,1.0,376.70001220703125,1.0,46.77267074584961,23.58550262451172,12.0,0.10000801086425781
2026-06-09 13:07:22+00:00,1.0,377.0,1.0,-4.008728669496225e-31,-0.12587448954582214,12.0,0.10000801086425781
2026-06-09 13:07:23+00:00,1.0,377.29998779296875,1.0,46.77267074584961,23.58550262451172,12.0,0.07593200355768204
2026-06-09 13:07:24+00:00,1.0,377.70001220703125,1.0,46.77267074584961,23.58550262451172,12.0,0.07593200355768204
2026-06-09 13:07:25+00:00,1.0,377.70001220703125,1.0,46.77267074584961,23.585506439208984,12.0,0.18705201148986816
2026-06-09 13:07:26+00:00,1.0,378.3999938964844,1.0,46.77267074584961,23.585506439208984,12.0,0.03518800064921379
2026-06-09 13:07:27+00:00,1.0,378.3999938964844,1.0,46.77267074584961,23.585506439208984,12.0,0.05370800569653511
2026-06-09 13:07:28+00:00,1.0,378.3999938964844,1.0,46.77267074584961,23.585506439208984,12.0,0.07222799956798553
2026-06-09 13:07:29+00:00,1.0,378.3999938964844,1.0,46.77267074584961,23.58551025390625,12.0,0.09074800461530685
2026-06-09 13:07:30+00:00,1.0,378.3999938964844,1.0,46.772682189941406,23.58551025390625,12.0,0.09630400687456131
2026-06-09 13:07:31+00:00,1.0,379.70001220703125,1.0,46.772682189941406,23.58551025390625,12.0,0.09630400687456131
2026-06-09 13:07:32+00:00,1.0,379.70001220703125,1.0,46.772682189941406,23.58551025390625,12.0,0.09630400687456131
2026-06-09 13:07:33+00:00,1.0,379.70001220703125,1.0,46.772682189941406,23.58551025390625,12.0,0.09630400687456131
2026-06-09 13:07:34+00:00,1.0,379.70001220703125,1.0,46.772682189941406,23.58551025390625,12.0,0.09630400687456131
2026-06-09 13:07:35+00:00,1.0,380.6000061035156,1.0,46.772682189941406,23.58551025390625,12.0,0.07222799956798553
2026-06-09 13:07:36+00:00,1.0,380.79998779296875,1.0,46.772682189941406,23.585514068603516,12.0,0.15556801855564117
2026-06-09 13:07:37+00:00,1.0,381.0,1.0,46.772682189941406,23.585514068603516,12.0,0.11482400447130203
2026-06-09 13:07:38+00:00,1.0,381.1000061035156,1.0,46.772682189941406,23.585514068603516,12.0,0.11482400447130203
2026-06-09 13:07:39+00:00,1.0,381.29998779296875,1.0,46.772682189941406,23.585514068603516,12.0,0.10000801086425781
2026-06-09 13:07:40+00:00,1.0,381.5,1.0,46.772682189941406,23.585514068603516,12.0,0.05370800569653511
2026-06-09 13:07:41+00:00,1.0,381.5,1.0,46.772682189941406,23.58551788330078,12.0,0.09630400687456131
2026-06-09 13:07:42+00:00,1.0,381.8999938964844,1.0,46.772682189941406,23.58551788330078,12.0,0.10556400567293167
2026-06-09 13:07:43+00:00,1.0,381.8999938964844,1.0,46.772682189941406,23.58551788330078,12.0,0.15186400711536407
2026-06-09 13:07:44+00:00,1.0,382.20001220703125,1.0,46.772682189941406,23.58551788330078,12.0,0.12223199754953384
2026-06-09 13:07:45+00:00,1.0,382.29998779296875,1.0,46.772682189941406,23.58551788330078,12.0,0.12223199754953384
2026-06-09 13:07:46+00:00,1.0,382.5,1.0,46.772682189941406,23.58551788330078,12.0,0.11297199875116348
2026-06-09 13:07:47+00:00,1.0,382.70001220703125,1.0,46.772682189941406,23.58551788330078,12.0,0.11852800846099854
2026-06-09 13:07:48+00:00,1.0,382.79998779296875,1.0,46.772682189941406,23.58551788330078,12.0,0.07593200355768204
2026-06-09 13:07:49+00:00,1.0,382.8999938964844,1.0,46.772682189941406,23.58551788330078,12.0,0.12038000673055649
2026-06-09 13:07:50+00:00,1.0,7.146622168056567e-44,1.0,46.772682189941406,23.585521697998047,12.0,0.1277880072593689
2026-06-09 13:07:51+00:00,1.0,382.8999938964844,1.0,46.772682189941406,23.585521697998047,12.0,0.10186000913381577
2026-06-09 13:07:52+00:00,1.0,382.8999938964844,1.0,46.77268981933594,23.585521697998047,12.0,0.06111599877476692
2026-06-09 13:07:53+00:00,1.0,382.8999938964844,1.0,46.77268981933594,23.585521697998047,12.0,0.15001201629638672
2026-06-09 13:07:54+00:00,1.0,382.8999938964844,1.0,46.77268981933594,23.585521697998047,12.0,0.11482400447130203
2026-06-09 13:07:55+00:00,1.0,382.8999938964844,1.0,46.77268981933594,23.585521697998047,12.0,0.11482400447130203
2026-06-09 13:07:56+00:00,1.0,382.8999938964844,1.0,46.77268981933594,23.585527420043945,12.0,0.17594000697135925
2026-06-09 13:07:57+00:00,1.0,382.8999938964844,1.0,46.77268981933594,23.585527420043945,12.0,0.17594000697135925
2026-06-09 13:07:58+00:00,1.0,384.8999938964844,1.0,46.77268981933594,23.585527420043945,12.0,0.17594000697135925
2026-06-09 13:07:59+00:00,1.0,385.29998779296875,1.0,46.77268981933594,23.585527420043945,12.0,0.12038000673055649
2026-06-09 13:08:00+00:00,1.0,385.6000061035156,1.0,46.77268981933594,23.585527420043945,12.0,0.085192009806633
2026-06-09 13:08:01+00:00,1.0,385.6000061035156,1.0,46.77268981933594,23.585527420043945,12.0,0.17223601043224335
2026-06-09 13:08:02+00:00,1.0,385.70001220703125,1.0,46.77268981933594,23.585527420043945,12.0,0.2166839987039566
2026-06-09 13:08:03+00:00,1.0,385.70001220703125,1.0,46.77268981933594,23.585527420043945,12.0,0.1240840032696724
2026-06-09 13:08:04+00:00,1.0,385.3999938964844,1.0,46.77268981933594,23.585527420043945,12.0,0.3685480058193207
2026-06-09 13:08:05+00:00,1.0,385.3999938964844,1.0,46.77268981933594,23.585521697998047,12.0,0.37410402297973633
2026-06-09 13:08:06+00:00,1.0,385.3999938964844,1.0,46.77268981933594,23.585521697998047,12.0,0.0888960063457489
2026-06-09 13:08:07+00:00,1.0,385.3999938964844,1.0,46.77269744873047,23.585521697998047,12.0,0.10371200740337372
2026-06-09 13:08:08+00:00,1.0,385.3999938964844,1.0,46.77269744873047,23.585521697998047,12.0,0.09630400687456131
2026-06-09 13:08:09+00:00,1.0,385.3999938964844,1.0,46.77269744873047,23.585521697998047,12.0,0.09630400687456131
2026-06-09 13:08:10+00:00,1.0,385.3999938964844,1.0,46.77269744873047,23.58551788330078,12.0,0.3055799901485443
2026-06-09 13:08:11+00:00,1.0,385.3999938964844,1.0,46.77269744873047,23.58551788330078,12.0,0.15371601283550262
2026-06-09 13:08:12+00:00,1.0,385.3999938964844,1.0,46.77269744873047,23.58551788330078,12.0,0.1592720001935959
2026-06-09 13:08:13+00:00,1.0,385.3999938964844,1.0,46.77269744873047,23.58551788330078,12.0,0.07408000528812408
2026-06-09 13:08:14+00:00,1.0,385.3999938964844,1.0,46.77269744873047,23.58551788330078,12.0,0.1389000117778778
2026-06-09 13:08:15+00:00,1.0,385.3999938964844,1.0,46.77269744873047,23.58551788330078,12.0,0.050004005432128906
2026-06-09 13:08:16+00:00,1.0,385.3999938964844,1.0,46.77269744873047,23.58551788330078,12.0,0.048151999711990356
2026-06-09 13:08:17+00:00,1.0,385.3999938964844,1.0,46.77269744873047,23.58551788330078,12.0,0.05926400423049927
2026-06-09 13:08:18+00:00,1.0,385.3999938964844,1.0,46.77269744873047,23.585514068603516,12.0,0.12223199754953384
2026-06-09 13:08:19+00:00,1.0,384.20001220703125,1.0,46.77269744873047,23.585514068603516,12.0,0.12223199754953384
2026-06-09 13:08:20+00:00,1.0,384.20001220703125,1.0,46.772705078125,23.585514068603516,12.0,0.18705201148986816
2026-06-09 13:08:21+00:00,1.0,384.6000061035156,1.0,46.772705078125,23.585514068603516,12.0,0.18705201148986816
2026-06-09 13:08:22+00:00,1.0,384.3999938964844,1.0,46.772705078125,23.585514068603516,12.0,0.085192009806633
2026-06-09 13:08:23+00:00,1.0,384.3999938964844,1.0,46.772705078125,23.585514068603516,12.0,0.16853201389312744
2026-06-09 13:08:24+00:00,1.0,384.3999938964844,1.0,46.772705078125,23.585514068603516,12.0,0.1463080197572708
2026-06-09 13:08:25+00:00,1.0,384.6000061035156,1.0,46.77269744873047,23.58551025390625,12.0,1.9557119607925415
2026-06-09 13:08:26+00:00,1.0,384.6000061035156,1.0,46.77269744873047,23.58551025390625,12.0,1.9557119607925415
2026-06-09 13:08:27+00:00,1.0,384.6000061035156,1.0,46.77269744873047,23.58551025390625,12.0,1.9557119607925415
2026-06-09 13:08:28+00:00,1.0,384.6000061035156,1.0,46.77269744873047,23.58551025390625,12.0,1.9557119607925415
2026-06-09 13:08:29+00:00,1.0,384.6000061035156,1.0,46.77269744873047,23.58551025390625,12.0,0.5333759784698486
2026-06-09 13:08:30+00:00,1.0,384.8999938964844,1.0,46.77269744873047,23.585514068603516,12.0,0.2703920006752014
2026-06-09 13:08:31+00:00,1.0,384.8999938964844,1.0,46.77269744873047,23.585514068603516,12.0,0.2703920006752014
2026-06-09 13:08:32+00:00,1.0,384.8999938964844,1.0,46.77269744873047,23.58551788330078,12.0,0.03518800064921379
2026-06-09 13:08:40+00:00,1.0,391.6000061035156,1.0,46.77268981933594,23.585538864135742,12.0,0.5648599863052368
2026-06-09 13:08:42+00:00,1.0,392.3999938964844,1.0,46.77268981933594,23.585542678833008,12.0,0.5648599863052368
2026-06-09 13:08:43+00:00,1.0,393.3999938964844,1.0,46.77268981933594,23.585546493530273,12.0,0.5648599863052368
2026-06-09 13:08:44+00:00,1.0,393.79998779296875,1.0,46.77268981933594,23.585546493530273,12.0,0.5648599863052368
2026-06-09 13:08:45+00:00,1.0,393.79998779296875,1.0,46.77268981933594,23.585546493530273,12.0,0.5648599863052368
2026-06-09 13:08:46+00:00,1.0,395.20001220703125,1.0,46.77268981933594,23.58555030822754,12.0,0.5648599863052368
2026-06-09 13:08:47+00:00,1.0,395.3999938964844,1.0,46.77268981933594,23.58555030822754,12.0,0.12038000673055649
2026-06-09 13:08:48+00:00,1.0,395.3999938964844,1.0,46.77268981933594,23.58555030822754,12.0,0.29631999135017395
2026-06-09 13:08:49+00:00,1.0,395.70001220703125,1.0,46.77268981933594,23.58555030822754,12.0,0.29631999135017395
2026-06-09 13:08:50+00:00,1.0,395.79998779296875,1.0,46.77268981933594,23.58555030822754,12.0,0.0926000103354454
2026-06-09 13:08:51+00:00,1.0,395.8999938964844,1.0,46.77268981933594,23.58555030822754,12.0,0.2815040051937103
2026-06-09 13:08:52+00:00,1.0,395.8999938964844,1.0,46.77268981933594,23.58555030822754,12.0,0.18705201148986816
2026-06-09 13:08:53+00:00,1.0,395.8999938964844,1.0,46.77268981933594,23.58555030822754,12.0,0.10371200740337372
2026-06-09 13:08:54+00:00,1.0,395.8999938964844,1.0,46.77268981933594,23.58555030822754,12.0,0.10371200740337372
2026-06-09 13:08:55+00:00,1.0,395.8999938964844,1.0,46.77268981933594,23.585546493530273,12.0,0.01296399999409914
2026-06-09 13:08:56+00:00,1.0,395.8999938964844,1.0,46.77268981933594,23.585546493530273,12.0,0.10741601139307022
2026-06-09 13:08:57+00:00,1.0,395.8999938964844,1.0,46.77268981933594,23.585546493530273,12.0,0.10741601139307022
2026-06-09 13:08:58+00:00,1.0,395.8999938964844,1.0,46.77268981933594,23.585546493530273,12.0,0.7667279839515686
2026-06-09 13:08:59+00:00,1.0,395.8999938964844,1.0,46.77268981933594,23.585546493530273,12.0,0.10371200740337372
2026-06-09 13:09:00+00:00,1.0,395.8999938964844,1.0,46.772682189941406,23.585546493530273,12.0,0.20372000336647034
2026-06-09 13:09:01+00:00,1.0,395.8999938964844,1.0,46.772682189941406,23.585546493530273,12.0,0.20372000336647034
2026-06-09 13:09:02+00:00,1.0,396.20001220703125,1.0,46.772682189941406,23.585546493530273,12.0,0.20372000336647034
2026-06-09 13:09:03+00:00,1.0,396.20001220703125,1.0,46.772682189941406,23.585546493530273,12.0,0.20372000336647034
2026-06-09 13:09:04+00:00,1.0,395.5,1.0,46.772682189941406,23.585542678833008,12.0,0.20372000336647034
2026-06-09 13:09:05+00:00,1.0,395.3999938964844,1.0,46.772682189941406,23.585542678833008,12.0,0.20372000336647034
2026-06-09 13:09:06+00:00,1.0,395.0,1.0,46.772682189941406,23.585542678833008,12.0,0.14816001057624817
2026-06-09 13:09:07+00:00,1.0,395.0,1.0,46.772682189941406,23.585542678833008,12.0,0.12593600153923035
2026-06-09 13:09:08+00:00,1.0,394.29998779296875,1.0,46.772682189941406,23.585542678833008,12.0,0.08704400062561035
2026-06-09 13:09:09+00:00,1.0,394.29998779296875,1.0,46.772682189941406,23.585542678833008,12.0,0.2703920006752014
2026-06-09 13:09:10+00:00,1.0,394.29998779296875,1.0,46.772682189941406,23.585538864135742,12.0,0.35002800822257996
2026-06-09 13:09:11+00:00,1.0,394.29998779296875,1.0,46.772682189941406,23.585542678833008,12.0,0.2981719970703125
2026-06-09 13:09:12+00:00,1.0,394.29998779296875,1.0,46.772682189941406,23.585542678833008,12.0,0.13334400951862335
2026-06-09 13:09:13+00:00,1.0,394.29998779296875,1.0,46.772682189941406,23.585542678833008,12.0,0.2203880101442337
2026-06-09 13:09:14+00:00,1.0,394.29998779296875,1.0,46.772682189941406,23.585542678833008,12.0,0.048151999711990356
2026-06-09 13:09:15+00:00,1.0,394.29998779296875,1.0,46.772682189941406,23.585542678833008,12.0,0.13334400951862335
2026-06-09 13:09:16+00:00,1.0,394.29998779296875,1.0,46.772682189941406,23.585542678833008,12.0,0.13334400951862335
2026-06-09 13:09:17+00:00,1.0,394.29998779296875,1.0,46.772682189941406,23.585542678833008,12.0,0.06296800076961517
2026-06-09 13:09:18+00:00,1.0,394.29998779296875,1.0,46.772682189941406,23.585546493530273,12.0,0.15371601283550262
2026-06-09 13:09:19+00:00,1.0,394.29998779296875,1.0,46.772682189941406,23.585546493530273,12.0,0.22964800894260406
2026-06-09 13:09:20+00:00,1.0,394.29998779296875,1.0,46.772682189941406,23.585546493530273,12.0,0.1240840032696724
2026-06-09 13:09:21+00:00,1.0,394.29998779296875,1.0,46.772682189941406,23.585546493530273,12.0,0.07593200355768204
2026-06-09 13:09:22+00:00,1.0,394.29998779296875,1.0,46.772682189941406,23.585546493530273,12.0,0.11482400447130203
2026-06-09 13:09:23+00:00,1.0,394.29998779296875,1.0,46.772682189941406,23.585546493530273,12.0,0.11482400447130203
2026-06-09 13:09:24+00:00,1.0,394.29998779296875,1.0,46.772682189941406,23.585546493530273,12.0,0.11482400447130203
2026-06-09 13:09:25+00:00,1.0,394.29998779296875,1.0,46.772682189941406,23.58555030822754,12.0,0.11482400447130203
2026-06-09 13:09:26+00:00,1.0,394.29998779296875,1.0,46.772682189941406,23.58555030822754,12.0,0.11482400447130203
2026-06-09 13:09:27+00:00,1.0,394.29998779296875,1.0,46.772682189941406,23.58555030822754,12.0,0.1426040083169937
2026-06-09 13:09:28+00:00,1.0,399.20001220703125,1.0,46.772682189941406,23.585554122924805,12.0,0.1426040083169937
2026-06-09 13:09:29+00:00,1.0,400.3999938964844,1.0,46.772682189941406,23.585559844970703,12.0,0.1426040083169937
2026-06-09 13:09:30+00:00,1.0,400.70001220703125,1.0,46.772682189941406,23.585559844970703,12.0,0.020372001454234123
2026-06-09 13:09:31+00:00,1.0,400.70001220703125,1.0,46.772682189941406,23.585559844970703,12.0,0.020372001454234123
2026-06-09 13:09:32+00:00,1.0,400.70001220703125,1.0,46.772682189941406,23.585559844970703,12.0,0.1703840047121048
2026-06-09 13:09:33+00:00,1.0,-1.1828411905149268e-36,1.0,46.772682189941406,23.585559844970703,12.0,0.3166920244693756
2026-06-09 13:09:34+00:00,1.0,402.5,1.0,46.772682189941406,23.58556365966797,12.0,0.15371601283550262
2026-06-09 13:09:35+00:00,1.0,402.5,1.0,46.772682189941406,23.58556365966797,12.0,0.07222799956798553
2026-06-09 13:09:36+00:00,1.0,402.5,1.0,46.772682189941406,23.58556365966797,12.0,0.11482400447130203
2026-06-09 13:09:37+00:00,1.0,402.5,1.0,46.772682189941406,23.58556365966797,12.0,0.2740960121154785
2026-06-09 13:09:38+00:00,1.0,402.5,1.0,46.772682189941406,23.58556365966797,12.0,0.05370800569653511
2026-06-09 13:09:39+00:00,1.0,402.5,1.0,46.772682189941406,23.58556365966797,12.0,0.14445601403713226
2026-06-09 13:09:40+00:00,1.0,402.5,1.0,46.77267074584961,23.58556365966797,12.0,0.2092759907245636
2026-06-09 13:09:41+00:00,1.0,402.5,1.0,46.77267074584961,23.58556365966797,12.0,0.19631199538707733
2026-06-09 13:09:42+00:00,1.0,402.5,1.0,46.77267074584961,23.58556365966797,12.0,0.19631199538707733
2026-06-09 13:09:43+00:00,1.0,402.5,1.0,46.77267074584961,23.58556365966797,12.0,0.05370800569653511
2026-06-09 13:09:44+00:00,1.0,403.79998779296875,1.0,46.77267074584961,23.58556365966797,12.0,0.05370800569653511
2026-06-09 13:09:45+00:00,1.0,403.79998779296875,1.0,46.77267074584961,23.585567474365234,12.0,0.05370800569653511
2026-06-09 13:09:46+00:00,1.0,405.70001220703125,1.0,46.77267074584961,23.585567474365234,12.0,0.38892000913619995
2026-06-09 13:09:47+00:00,1.0,405.70001220703125,1.0,46.77267074584961,23.585567474365234,12.0,0.38892000913619995
2026-06-09 13:09:48+00:00,1.0,406.5,1.0,46.77266311645508,23.585567474365234,12.0,0.38892000913619995
2026-06-09 13:09:49+00:00,1.0,406.70001220703125,1.0,46.77266311645508,23.585567474365234,12.0,0.38892000913619995
2026-06-09 13:09:50+00:00,1.0,406.8999938964844,1.0,46.77266311645508,23.585567474365234,12.0,0.38892000913619995
2026-06-09 13:09:51+00:00,1.0,406.8999938964844,1.0,46.77266311645508,23.585567474365234,12.0,0.38892000913619995
2026-06-09 13:09:52+00:00,1.0,406.70001220703125,1.0,46.77266311645508,23.585567474365234,12.0,0.38892000913619995
2026-06-09 13:09:53+00:00,1.0,407.3999938964844,1.0,46.77266311645508,23.585567474365234,12.0,0.35373198986053467
2026-06-09 13:09:54+00:00,1.0,407.3999938964844,1.0,46.77266311645508,23.585567474365234,12.0,0.28520798683166504
2026-06-09 13:09:55+00:00,1.0,407.3999938964844,1.0,46.77266311645508,23.585567474365234,12.0,0.18705201148986816
2026-06-09 13:09:56+00:00,1.0,407.3999938964844,1.0,46.77266311645508,23.5855712890625,12.0,0.17964400351047516
2026-06-09 13:09:57+00:00,1.0,408.5,1.0,46.77266311645508,23.5855712890625,12.0,0.2981719970703125
2026-06-09 13:09:58+00:00,1.0,408.5,1.0,46.77266311645508,23.585575103759766,12.0,0.3481760025024414
2026-06-09 13:09:59+00:00,1.0,408.5,1.0,46.77266311645508,23.5855712890625,12.0,0.05926400423049927
2026-06-09 13:10:00+00:00,1.0,408.5,1.0,46.77266311645508,23.5855712890625,12.0,0.1777919977903366
2026-06-09 13:10:01+00:00,1.0,408.5,1.0,46.77266311645508,23.585575103759766,12.0,0.2907640039920807
2026-06-09 13:10:02+00:00,1.0,408.5,1.0,46.77266311645508,23.585575103759766,12.0,0.2907640039920807
2026-06-09 13:10:03+00:00,1.0,408.5,1.0,46.77266311645508,23.585575103759766,12.0,0.3241000175476074
2026-06-09 13:10:04+00:00,1.0,410.29998779296875,1.0,46.77266311645508,23.58557891845703,12.0,0.3241000175476074
2026-06-09 13:10:05+00:00,1.0,409.8999938964844,1.0,46.77266311645508,23.58557891845703,12.0,0.3241000175476074
2026-06-09 13:10:06+00:00,1.0,410.20001220703125,1.0,46.77266311645508,23.58557891845703,12.0,0.3241000175476074
2026-06-09 13:10:07+00:00,1.0,410.6000061035156,1.0,46.77266311645508,23.585582733154297,12.0,0.3241000175476074
2026-06-09 13:10:08+00:00,1.0,412.1000061035156,1.0,46.77266311645508,23.585582733154297,12.0,0.3241000175476074
2026-06-09 13:10:09+00:00,1.0,412.1000061035156,1.0,46.77266311645508,23.585588455200195,12.0,0.23705601692199707
2026-06-09 13:10:10+00:00,1.0,412.1000061035156,1.0,46.77265548706055,23.585588455200195,12.0,0.2629840075969696
2026-06-09 13:10:11+00:00,1.0,415.0,1.0,46.77265548706055,23.58559226989746,12.0,0.35373198986053467
2026-06-09 13:10:12+00:00,1.0,415.29998779296875,1.0,46.77265548706055,23.58559226989746,12.0,0.3685480058193207
2026-06-09 13:10:13+00:00,1.0,415.29998779296875,1.0,46.77265548706055,23.585596084594727,12.0,0.14445601403713226
2026-06-09 13:10:14+00:00,1.0,2.0186236872015433e-39,1.0,46.77266311645508,23.585596084594727,12.0,0.42781201004981995
2026-06-09 13:10:15+00:00,1.0,415.70001220703125,1.0,46.77266311645508,23.585596084594727,12.0,0.1277880072593689
2026-06-09 13:10:16+00:00,1.0,415.70001220703125,1.0,46.77266311645508,23.585596084594727,12.0,0.19446000456809998
2026-06-09 13:10:17+00:00,1.0,415.70001220703125,1.0,46.77266311645508,23.585596084594727,12.0,0.20001600682735443
2026-06-09 13:10:18+00:00,1.0,415.70001220703125,1.0,46.77266311645508,23.585596084594727,12.0,0.15001201629638672
2026-06-09 13:10:19+00:00,1.0,415.70001220703125,1.0,46.77266311645508,23.58559226989746,12.0,0.07593200355768204
2026-06-09 13:10:20+00:00,1.0,415.70001220703125,1.0,46.77267074584961,23.58559226989746,12.0,0.07593200355768204
2026-06-09 13:10:21+00:00,1.0,415.70001220703125,1.0,46.77267074584961,23.58559226989746,12.0,0.18890400230884552
2026-06-09 13:10:22+00:00,1.0,415.70001220703125,1.0,46.77266311645508,23.585596084594727,12.0,0.18890400230884552
2026-06-09 13:10:23+00:00,1.0,415.3999938964844,1.0,46.77267074584961,23.585596084594727,12.0,0.18890400230884552
2026-06-09 13:10:24+00:00,1.0,415.5,1.0,46.77267074584961,23.585596084594727,12.0,0.18890400230884552
2026-06-09 13:10:25+00:00,1.0,415.5,1.0,46.77267074584961,23.585603713989258,12.0,0.8222880363464355
2026-06-09 13:10:26+00:00,1.0,415.5,1.0,46.77267074584961,23.585599899291992,12.0,0.06667200475931168
2026-06-09 13:10:27+00:00,1.0,414.3999938964844,1.0,46.77267074584961,23.585596084594727,12.0,0.06667200475931168
2026-06-09 13:10:28+00:00,1.0,414.3999938964844,1.0,46.77267074584961,23.585596084594727,12.0,0.603752076625824
2026-06-09 13:10:29+00:00,1.0,413.6000061035156,1.0,46.77267074584961,23.585596084594727,12.0,0.603752076625824
2026-06-09 13:10:30+00:00,1.0,413.20001220703125,1.0,46.77267074584961,23.585596084594727,12.0,0.2092759907245636
2026-06-09 13:10:31+00:00,1.0,412.5,1.0,46.77267074584961,23.585596084594727,12.0,0.2092759907245636
2026-06-09 13:10:32+00:00,1.0,412.0,1.0,46.77267074584961,23.585596084594727,12.0,0.5167080163955688
2026-06-09 13:10:33+00:00,1.0,411.70001220703125,1.0,46.77267074584961,23.585596084594727,12.0,0.15371601283550262
2026-06-09 13:10:34+00:00,1.0,411.70001220703125,1.0,46.77267074584961,23.585596084594727,12.0,0.2518719732761383
2026-06-09 13:10:35+00:00,1.0,411.70001220703125,1.0,46.77267074584961,23.585596084594727,12.0,0.05370800569653511
2026-06-09 13:10:36+00:00,1.0,409.79998779296875,1.0,46.77267074584961,23.585596084594727,12.0,0.06852400302886963
2026-06-09 13:10:37+00:00,1.0,409.79998779296875,1.0,46.77267074584961,23.585596084594727,12.0,0.2518719732761383
2026-06-09 13:10:38+00:00,1.0,409.79998779296875,1.0,46.77267074584961,23.58559226989746,12.0,0.1777919977903366
2026-06-09 13:10:39+00:00,1.0,409.79998779296875,1.0,46.77267074584961,23.58559226989746,12.0,0.15556801855564117
2026-06-09 13:10:40+00:00,1.0,409.79998779296875,1.0,46.77267074584961,23.58559226989746,12.0,0.16482801735401154
2026-06-09 13:10:41+00:00,1.0,409.79998779296875,1.0,46.77267074584961,23.58559226989746,12.0,0.16482801735401154
2026-06-09 13:10:42+00:00,1.0,409.79998779296875,1.0,46.77267074584961,23.585588455200195,12.0,0.16482801735401154
2026-06-09 13:10:43+00:00,1.0,403.8999938964844,1.0,46.77267074584961,23.585588455200195,12.0,0.21112799644470215
2026-06-09 13:10:44+00:00,1.0,403.8999938964844,1.0,46.77267074584961,23.585588455200195,12.0,0.21112799644470215
2026-06-09 13:10:45+00:00,1.0,402.1000061035156,1.0,46.772682189941406,23.585582733154297,12.0,0.21112799644470215
2026-06-09 13:10:46+00:00,1.0,401.6000061035156,1.0,46.772682189941406,23.585582733154297,12.0,0.23149999976158142
2026-06-09 13:10:47+00:00,1.0,400.79998779296875,1.0,46.772682189941406,23.585582733154297,12.0,0.21112799644470215
2026-06-09 13:10:48+00:00,1.0,400.5,1.0,46.772682189941406,23.58557891845703,12.0,0.21112799644470215
2026-06-09 13:10:49+00:00,1.0,400.5,1.0,46.772682189941406,23.58557891845703,12.0,0.06296800076961517
2026-06-09 13:10:50+00:00,1.0,400.5,1.0,46.772682189941406,23.58557891845703,12.0,0.6241240501403809
2026-06-09 13:10:51+00:00,1.0,400.0,1.0,46.772682189941406,23.585575103759766,12.0,0.46670401096343994
2026-06-09 13:10:52+00:00,1.0,399.8999938964844,1.0,46.772682189941406,23.58557891845703,12.0,0.46670401096343994
2026-06-09 13:10:53+00:00,1.0,399.8999938964844,1.0,46.772682189941406,23.58557891845703,12.0,0.07408000528812408
2026-06-09 13:10:54+00:00,1.0,399.6000061035156,1.0,46.77268981933594,23.58557891845703,12.0,0.17964400351047516
2026-06-09 13:10:55+00:00,1.0,399.6000061035156,1.0,46.77268981933594,23.58557891845703,12.0,0.23520401120185852
2026-06-09 13:10:56+00:00,1.0,399.3999938964844,1.0,46.77268981933594,23.58557891845703,12.0,0.038892004638910294
2026-06-09 13:10:57+00:00,1.0,399.3999938964844,1.0,46.77268981933594,23.585575103759766,12.0,0.05185599997639656
2026-06-09 13:10:58+00:00,1.0,398.5,1.0,46.77268981933594,23.585575103759766,12.0,0.907480001449585
2026-06-09 13:10:59+00:00,1.0,398.5,1.0,46.77268981933594,23.585575103759766,12.0,0.5204119682312012
2026-06-09 13:11:00+00:00,1.0,398.5,1.0,46.77268981933594,23.585575103759766,12.0,0.44633200764656067
2026-06-09 13:11:01+00:00,1.0,398.5,1.0,46.77268981933594,23.5855712890625,12.0,0.49077996611595154
2026-06-09 13:11:02+00:00,1.0,398.5,1.0,46.77268981933594,23.585567474365234,12.0,0.43522000312805176
2026-06-09 13:11:03+00:00,1.0,398.5,1.0,46.77268981933594,23.58556365966797,12.0,0.20742398500442505
2026-06-09 13:11:04+00:00,1.0,398.5,1.0,46.77268981933594,23.585559844970703,12.0,0.0463000051677227
2026-06-09 13:11:05+00:00,1.0,398.5,1.0,46.77268981933594,23.585559844970703,12.0,0.02778000198304653
2026-06-09 13:11:06+00:00,1.0,398.5,1.0,46.77268981933594,23.585559844970703,12.0,0.17223601043224335
2026-06-09 13:11:07+00:00,1.0,395.6000061035156,1.0,46.77268981933594,23.585559844970703,12.0,0.17223601043224335
2026-06-09 13:11:08+00:00,1.0,395.6000061035156,1.0,46.77268981933594,23.585559844970703,12.0,0.17223601043224335
2026-06-09 13:11:09+00:00,1.0,396.0,1.0,46.77268981933594,23.585554122924805,12.0,0.17223601043224335
2026-06-09 13:11:10+00:00,1.0,396.6000061035156,1.0,46.77268981933594,23.585559844970703,12.0,0.17223601043224335
2026-06-09 13:11:11+00:00,1.0,396.79998779296875,1.0,46.77269744873047,23.585559844970703,12.0,0.17223601043224335
2026-06-09 13:11:12+00:00,1.0,397.1000061035156,1.0,46.77269744873047,23.58556365966797,12.0,0.17223601043224335
2026-06-09 13:11:13+00:00,1.0,397.5,1.0,46.77269744873047,23.58556365966797,12.0,0.16297601163387299
2026-06-09 13:11:14+00:00,1.0,397.79998779296875,1.0,46.77269744873047,23.58556365966797,12.0,0.38521599769592285
2026-06-09 13:11:15+00:00,1.0,398.20001220703125,1.0,46.77269744873047,23.58556365966797,12.0,0.06296800076961517
2026-06-09 13:11:16+00:00,1.0,398.29998779296875,1.0,46.77269744873047,23.58556365966797,12.0,0.131492018699646
2026-06-09 13:11:17+00:00,1.0,398.70001220703125,1.0,46.77269744873047,23.585567474365234,12.0,0.3315080404281616
2026-06-09 13:11:18+00:00,1.0,398.79998779296875,1.0,46.77269744873047,23.585567474365234,12.0,0.2981719970703125
2026-06-09 13:11:19+00:00,1.0,398.79998779296875,1.0,46.77269744873047,23.585567474365234,12.0,0.3611399829387665
2026-06-09 13:11:20+00:00,1.0,398.79998779296875,1.0,46.77269744873047,23.585567474365234,12.0,0.022224001586437225
2026-06-09 13:11:21+00:00,1.0,398.79998779296875,1.0,46.77269744873047,23.5855712890625,12.0,0.15186400711536407
2026-06-09 13:11:22+00:00,1.0,398.79998779296875,1.0,46.772705078125,23.585575103759766,12.0,0.5130040049552917
2026-06-09 13:11:23+00:00,1.0,398.79998779296875,1.0,46.772705078125,23.58557891845703,12.0,0.26483601331710815
2026-06-09 13:11:24+00:00,1.0,398.79998779296875,1.0,46.772705078125,23.58557891845703,12.0,0.10000801086425781
2026-06-09 13:11:25+00:00,1.0,398.79998779296875,1.0,46.772705078125,23.58557891845703,12.0,0.3241000175476074
2026-06-09 13:11:26+00:00,1.0,398.79998779296875,1.0,46.772705078125,23.58557891845703,12.0,0.3241000175476074
2026-06-09 13:11:27+00:00,1.0,398.79998779296875,1.0,46.772705078125,23.585575103759766,12.0,0.12593600153923035
2026-06-09 13:11:28+00:00,1.0,398.79998779296875,1.0,46.772705078125,23.585575103759766,12.0,0.01852000132203102
2026-06-09 13:11:29+00:00,1.0,398.79998779296875,1.0,46.77269744873047,23.585575103759766,12.0,0.01852000132203102
2026-06-09 13:11:30+00:00,1.0,398.79998779296875,1.0,46.77269744873047,23.585575103759766,12.0,0.03518800064921379
2026-06-09 13:11:31+00:00,1.0,401.79998779296875,1.0,46.77269744873047,23.5855712890625,12.0,0.03518800064921379
2026-06-09 13:11:32+00:00,1.0,401.79998779296875,1.0,46.77269744873047,23.5855712890625,12.0,0.3333600163459778
2026-06-09 13:11:33+00:00,1.0,401.70001220703125,1.0,46.77269744873047,23.5855712890625,12.0,0.29631999135017395
2026-06-09 13:11:34+00:00,1.0,401.29998779296875,1.0,46.77269744873047,23.585567474365234,12.0,0.10000801086425781
2026-06-09 13:11:35+00:00,1.0,401.20001220703125,1.0,46.77269744873047,23.585567474365234,12.0,0.09445200860500336
2026-06-09 13:11:36+00:00,1.0,401.20001220703125,1.0,46.77269744873047,23.585567474365234,12.0,0.23705601692199707
2026-06-09 13:11:37+00:00,1.0,401.20001220703125,1.0,46.77269744873047,23.5855712890625,12.0,0.10741601139307022
2026-06-09 13:11:38+00:00,1.0,401.20001220703125,1.0,46.77269744873047,23.585575103759766,12.0,0.12964001297950745
2026-06-09 13:11:39+00:00,1.0,402.6000061035156,1.0,46.772705078125,23.58557891845703,12.0,0.03704000264406204
2026-06-09 13:11:40+00:00,1.0,402.6000061035156,1.0,46.772705078125,23.585582733154297,12.0,0.022224001586437225
2026-06-09 13:11:41+00:00,1.0,402.6000061035156,1.0,46.772705078125,23.585588455200195,12.0,0.0888960063457489
2026-06-09 13:11:42+00:00,1.0,402.6000061035156,1.0,46.772705078125,23.585588455200195,12.0,0.1666800081729889
2026-06-09 13:11:43+00:00,1.0,402.6000061035156,1.0,46.772705078125,23.58559226989746,12.0,0.040744002908468246
2026-06-09 13:11:44+00:00,1.0,402.6000061035156,1.0,46.772705078125,23.58559226989746,12.0,0.05370800569653511
2026-06-09 13:11:45+00:00,1.0,402.6000061035156,1.0,46.772705078125,23.58559226989746,12.0,0.10556400567293167
2026-06-09 13:11:46+00:00,1.0,402.6000061035156,1.0,46.772705078125,23.58559226989746,12.0,0.1426040083169937
2026-06-09 13:11:47+00:00,1.0,402.6000061035156,1.0,46.77271270751953,23.585596084594727,12.0,0.36299198865890503
2026-06-09 13:11:48+00:00,1.0,402.6000061035156,1.0,46.77271270751953,23.585596084594727,12.0,0.36299198865890503
2026-06-09 13:11:49+00:00,1.0,402.6000061035156,1.0,46.77271270751953,23.585599899291992,12.0,0.06667200475931168
2026-06-09 13:11:50+00:00,1.0,402.6000061035156,1.0,46.77271270751953,23.585599899291992,12.0,0.06667200475931168
2026-06-09 13:11:51+00:00,1.0,402.6000061035156,1.0,46.77271270751953,23.585599899291992,12.0,0.06667200475931168
2026-06-09 13:11:52+00:00,1.0,402.6000061035156,1.0,46.77271270751953,23.585599899291992,12.0,0.06667200475931168
2026-06-09 13:11:53+00:00,1.0,406.79998779296875,1.0,46.77271270751953,23.58561134338379,12.0,0.06667200475931168
2026-06-09 13:11:54+00:00,1.0,407.20001220703125,1.0,46.77271270751953,23.58561134338379,12.0,0.06667200475931168
2026-06-09 13:11:55+00:00,1.0,407.29998779296875,1.0,46.77271270751953,23.58561134338379,12.0,0.06667200475931168
2026-06-09 13:11:56+00:00,1.0,407.5,1.0,46.77271270751953,23.58561134338379,12.0,0.14445601403713226
2026-06-09 13:11:57+00:00,1.0,407.5,1.0,46.77271270751953,23.58561134338379,12.0,0.050004005432128906
2026-06-09 13:11:58+00:00,1.0,407.5,1.0,46.77271270751953,23.58561134338379,12.0,0.03518800064921379
2026-06-09 13:12:00+00:00,1.0,408.1000061035156,1.0,46.77271270751953,23.585615158081055,12.0,0.05556000396609306
2026-06-09 13:12:01+00:00,1.0,408.1000061035156,1.0,46.77271270751953,23.585615158081055,12.0,0.085192009806633
2026-06-09 13:12:02+00:00,1.0,408.1000061035156,1.0,46.77271270751953,23.585620880126953,12.0,0.1463080197572708
2026-06-09 13:12:03+00:00,1.0,408.1000061035156,1.0,46.77271270751953,23.585620880126953,12.0,0.1463080197572708
2026-06-09 13:12:04+00:00,1.0,408.1000061035156,1.0,46.77271270751953,23.58562469482422,12.0,0.07222799956798553
2026-06-09 13:12:05+00:00,1.0,408.1000061035156,1.0,46.77271270751953,23.58562469482422,12.0,0.07222799956798553
2026-06-09 13:12:06+00:00,1.0,408.1000061035156,1.0,46.77271270751953,23.58562469482422,12.0,0.07222799956798553
2026-06-09 13:12:07+00:00,1.0,408.1000061035156,1.0,46.77271270751953,23.58562469482422,12.0,0.07222799956798553
2026-06-09 13:12:08+00:00,1.0,409.79998779296875,1.0,46.77271270751953,23.585628509521484,12.0,0.07222799956798553
2026-06-09 13:12:09+00:00,1.0,409.79998779296875,1.0,46.77271270751953,23.585628509521484,12.0,0.07222799956798553
2026-06-09 13:12:10+00:00,1.0,409.79998779296875,1.0,46.77271270751953,23.585628509521484,12.0,0.07222799956798553
2026-06-09 13:12:11+00:00,1.0,409.0,1.0,46.77271270751953,23.58562469482422,12.0,0.07222799956798553
2026-06-09 13:12:12+00:00,1.0,409.0,1.0,46.77271270751953,23.585620880126953,12.0,0.15371601283550262
2026-06-09 13:12:13+00:00,1.0,409.1000061035156,1.0,46.77271270751953,23.58562469482422,12.0,0.06852400302886963
2026-06-09 13:12:14+00:00,1.0,408.79998779296875,1.0,46.77271270751953,23.58562469482422,12.0,0.06852400302886963
2026-06-09 13:12:15+00:00,1.0,408.8999938964844,1.0,46.77271270751953,23.58562469482422,12.0,0.08334000408649445
2026-06-09 13:12:16+00:00,1.0,408.6000061035156,1.0,46.77271270751953,23.58562469482422,12.0,0.08334000408649445
2026-06-09 13:12:17+00:00,1.0,408.6000061035156,1.0,46.77271270751953,23.58562469482422,12.0,0.30372798442840576
2026-06-09 13:12:18+00:00,1.0,409.1000061035156,1.0,46.77271270751953,23.585628509521484,12.0,0.2203880101442337
2026-06-09 13:12:19+00:00,1.0,409.3999938964844,1.0,46.77271270751953,23.585628509521484,12.0,0.16853201389312744
2026-06-09 13:12:20+00:00,1.0,409.3999938964844,1.0,46.77271270751953,23.585628509521484,12.0,0.10556400567293167
2026-06-09 13:12:21+00:00,1.0,409.5,1.0,46.77271270751953,23.585628509521484,12.0,0.08334000408649445
2026-06-09 13:12:22+00:00,1.0,409.5,1.0,46.77271270751953,23.585628509521484,12.0,0.10371200740337372
2026-06-09 13:12:23+00:00,1.0,409.5,1.0,46.77271270751953,23.585628509521484,12.0,0.12038000673055649
2026-06-09 13:12:24+00:00,1.0,409.5,1.0,46.77271270751953,23.585628509521484,12.0,0.18705201148986816
2026-06-09 13:12:25+00:00,1.0,409.5,1.0,46.77271270751953,23.585628509521484,12.0,0.18705201148986816
2026-06-09 13:12:26+00:00,1.0,409.5,1.0,46.77271270751953,23.585628509521484,12.0,0.18705201148986816
2026-06-09 13:12:27+00:00,1.0,409.5,1.0,46.77271270751953,23.585628509521484,12.0,0.18705201148986816
2026-06-09 13:15:20+00:00,1.0,393.6000061035156,1.0,46.77265548706055,23.585546493530273,12.0,0.07408000528812408
2026-06-09 13:15:21+00:00,1.0,393.8999938964844,1.0,46.772647857666016,23.585542678833008,12.0,0.10186000913381577
2026-06-09 13:15:22+00:00,1.0,394.3999938964844,1.0,46.772647857666016,23.585542678833008,12.0,0.1351960152387619
2026-06-09 13:15:23+00:00,1.0,395.1000061035156,1.0,46.772647857666016,23.585542678833008,12.0,0.1351960152387619
2026-06-09 13:15:24+00:00,1.0,395.5,1.0,46.772647857666016,23.585542678833008,12.0,0.06667200475931168
2026-06-09 13:15:25+00:00,1.0,395.79998779296875,1.0,46.772647857666016,23.585542678833008,12.0,0.024075999855995178
2026-06-09 13:15:26+00:00,1.0,395.79998779296875,1.0,46.772647857666016,23.585542678833008,12.0,0.07963600009679794
2026-06-09 13:15:27+00:00,1.0,395.79998779296875,1.0,46.772640228271484,23.585546493530273,12.0,0.08704400062561035
2026-06-09 13:15:28+00:00,1.0,395.79998779296875,1.0,46.772640228271484,23.585546493530273,12.0,0.20742398500442505
2026-06-09 13:15:29+00:00,1.0,395.79998779296875,1.0,46.772640228271484,23.585546493530273,12.0,0.23149999976158142
2026-06-09 13:15:30+00:00,1.0,395.79998779296875,1.0,46.772640228271484,23.58555030822754,12.0,0.2481679767370224
2026-06-09 13:15:31+00:00,1.0,395.79998779296875,1.0,46.772640228271484,23.58555030822754,12.0,0.10741601139307022
2026-06-09 13:15:32+00:00,1.0,395.79998779296875,1.0,46.772640228271484,23.58555030822754,12.0,0.1277880072593689
2026-06-09 13:15:33+00:00,1.0,395.79998779296875,1.0,46.772640228271484,23.585554122924805,12.0,0.1277880072593689
2026-06-09 13:15:34+00:00,1.0,395.79998779296875,1.0,46.772640228271484,23.585559844970703,12.0,0.18705201148986816
2026-06-09 13:15:35+00:00,1.0,395.79998779296875,1.0,46.772640228271484,23.585559844970703,12.0,0.18705201148986816
2026-06-09 13:15:36+00:00,1.0,395.79998779296875,1.0,46.772640228271484,23.585559844970703,12.0,0.0926000103354454
2026-06-09 13:15:37+00:00,1.0,395.79998779296875,1.0,46.772640228271484,23.585559844970703,12.0,0.0926000103354454
2026-06-09 13:15:38+00:00,1.0,395.79998779296875,1.0,46.772640228271484,23.585559844970703,12.0,0.0926000103354454
2026-06-09 13:15:39+00:00,1.0,395.79998779296875,1.0,46.772640228271484,23.585567474365234,12.0,0.011111999861896038
2026-06-09 13:15:40+00:00,1.0,395.79998779296875,1.0,46.772640228271484,23.585567474365234,12.0,0.011111999861896038
2026-06-09 13:15:41+00:00,1.0,398.6000061035156,1.0,46.772640228271484,23.585567474365234,12.0,0.011111999861896038
2026-06-09 13:15:42+00:00,1.0,398.79998779296875,1.0,46.772640228271484,23.5855712890625,12.0,0.10000801086425781
2026-06-09 13:15:43+00:00,1.0,399.1000061035156,1.0,46.772640228271484,23.5855712890625,12.0,0.05370800569653511
2026-06-09 13:15:44+00:00,1.0,399.1000061035156,1.0,46.772640228271484,23.5855712890625,12.0,0.05370800569653511
2026-06-09 13:15:45+00:00,1.0,399.29998779296875,1.0,46.772640228271484,23.5855712890625,12.0,0.0463000051677227
2026-06-09 13:15:46+00:00,1.0,400.0,1.0,46.772640228271484,23.585575103759766,12.0,0.05926400423049927
2026-06-09 13:15:47+00:00,1.0,400.1000061035156,1.0,46.772640228271484,23.585575103759766,12.0,0.06111599877476692
2026-06-09 13:15:48+00:00,1.0,400.1000061035156,1.0,46.772640228271484,23.58557891845703,12.0,0.07037600129842758
2026-06-09 13:15:49+00:00,1.0,400.1000061035156,1.0,46.772640228271484,23.58557891845703,12.0,0.1351960152387619
2026-06-09 13:15:50+00:00,1.0,400.1000061035156,1.0,46.772640228271484,23.58557891845703,12.0,0.2203880101442337
2026-06-09 13:15:51+00:00,1.0,400.1000061035156,1.0,46.772640228271484,23.58557891845703,12.0,0.2203880101442337
2026-06-09 13:15:52+00:00,1.0,400.1000061035156,1.0,46.772640228271484,23.58557891845703,12.0,0.33891603350639343
2026-06-09 13:15:53+00:00,1.0,400.1000061035156,1.0,46.772640228271484,23.585582733154297,12.0,0.14445601403713226
2026-06-09 13:15:54+00:00,1.0,400.1000061035156,1.0,46.772640228271484,23.585582733154297,12.0,0.14445601403713226
2026-06-09 13:15:55+00:00,1.0,400.1000061035156,1.0,46.772640228271484,23.585582733154297,12.0,0.14445601403713226
2026-06-09 13:15:56+00:00,1.0,400.1000061035156,1.0,46.772640228271484,23.585582733154297,12.0,0.14445601403713226
2026-06-09 13:15:57+00:00,1.0,401.6000061035156,1.0,46.772640228271484,23.58559226989746,12.0,0.14445601403713226
2026-06-09 13:15:58+00:00,1.0,401.6000061035156,1.0,46.772640228271484,23.58559226989746,12.0,0.14445601403713226
2026-06-09 13:15:59+00:00,1.0,402.3999938964844,1.0,46.772640228271484,23.58559226989746,12.0,0.14445601403713226
2026-06-09 13:16:00+00:00,1.0,402.3999938964844,1.0,46.772640228271484,23.585596084594727,12.0,0.05185599997639656
2026-06-09 13:16:01+00:00,1.0,403.0,1.0,46.77263259887695,23.585596084594727,12.0,0.05185599997639656
2026-06-09 13:16:02+00:00,1.0,403.20001220703125,1.0,46.77263259887695,23.585596084594727,12.0,0.16297601163387299
2026-06-09 13:16:03+00:00,1.0,403.20001220703125,1.0,46.77263259887695,23.585599899291992,12.0,0.22594399750232697
2026-06-09 13:16:04+00:00,1.0,403.20001220703125,1.0,46.77263259887695,23.585599899291992,12.0,0.08148800581693649
2026-06-09 13:16:05+00:00,1.0,403.1000061035156,1.0,46.77263259887695,23.585603713989258,12.0,0.15556801855564117
2026-06-09 13:16:06+00:00,1.0,403.5,1.0,46.77263259887695,23.585603713989258,12.0,0.12593600153923035
2026-06-09 13:16:07+00:00,1.0,403.5,1.0,46.77263259887695,23.585607528686523,12.0,0.22594399750232697
2026-06-09 13:16:08+00:00,1.0,404.1000061035156,1.0,46.77263259887695,23.585607528686523,12.0,0.07963600009679794
2026-06-09 13:16:09+00:00,1.0,404.1000061035156,1.0,46.77263259887695,23.58561134338379,12.0,0.022224001586437225
2026-06-09 13:16:10+00:00,1.0,404.1000061035156,1.0,46.77263259887695,23.58561134338379,12.0,0.10741601139307022
2026-06-09 13:16:11+00:00,1.0,404.1000061035156,1.0,46.77263259887695,23.58561134338379,12.0,0.050004005432128906
2026-06-09 13:16:12+00:00,1.0,404.1000061035156,1.0,46.77263259887695,23.58561134338379,12.0,0.050004005432128906
2026-06-09 13:16:13+00:00,1.0,404.1000061035156,1.0,46.77263259887695,23.58561134338379,12.0,0.050004005432128906
2026-06-09 13:16:14+00:00,1.0,404.1000061035156,1.0,46.77263259887695,23.585620880126953,12.0,0.050004005432128906
2026-06-09 13:16:15+00:00,1.0,404.1000061035156,1.0,46.77263259887695,23.585620880126953,12.0,0.050004005432128906
2026-06-09 13:16:16+00:00,1.0,404.1000061035156,1.0,46.77263259887695,23.585620880126953,12.0,1.563088059425354
2026-06-09 13:16:17+00:00,1.0,404.1000061035156,1.0,46.772640228271484,23.58561134338379,12.0,1.563088059425354
2026-06-09 13:16:18+00:00,1.0,404.1000061035156,1.0,46.772640228271484,23.585603713989258,12.0,2.574280023574829
2026-06-09 13:16:19+00:00,1.0,404.1000061035156,1.0,46.772640228271484,23.585603713989258,12.0,2.574280023574829
2026-06-09 13:16:20+00:00,1.0,408.1000061035156,1.0,46.772640228271484,23.58561134338379,11.0,2.574280023574829
2026-06-09 13:16:21+00:00,1.0,408.3999938964844,1.0,46.772640228271484,23.585620880126953,11.0,0.10186000913381577
2026-06-09 13:16:22+00:00,1.0,408.3999938964844,1.0,46.772640228271484,23.585620880126953,11.0,0.2444639950990677
2026-06-09 13:16:23+00:00,1.0,408.5,1.0,46.772640228271484,23.585620880126953,11.0,0.6407920122146606
2026-06-09 13:16:24+00:00,1.0,408.6000061035156,1.0,46.772640228271484,23.585615158081055,11.0,0.28520798683166504
2026-06-09 13:16:25+00:00,1.0,409.0,1.0,46.772640228271484,23.58561134338379,11.0,0.6574600338935852
2026-06-09 13:16:26+00:00,1.0,409.0,1.0,46.772640228271484,23.585603713989258,11.0,0.11667600274085999
2026-06-09 13:16:27+00:00,1.0,409.0,1.0,46.772640228271484,23.585607528686523,11.0,0.15371601283550262
2026-06-09 13:16:28+00:00,1.0,409.0,1.0,46.772640228271484,23.585607528686523,11.0,0.16482801735401154
2026-06-09 13:16:29+00:00,1.0,409.0,1.0,46.772640228271484,23.585607528686523,11.0,0.16482801735401154
2026-06-09 13:16:30+00:00,1.0,409.0,1.0,46.772647857666016,23.585607528686523,11.0,0.16482801735401154
2026-06-09 13:16:31+00:00,1.0,409.0,1.0,46.772647857666016,23.585596084594727,11.0,0.10741601139307022
2026-06-09 13:16:32+00:00,1.0,409.0,1.0,46.772647857666016,23.585596084594727,11.0,0.10741601139307022
2026-06-09 13:16:33+00:00,1.0,0.0,1.0,46.77266311645508,23.5855712890625,12.0,2.0202706332866643e-38
2026-06-09 13:16:34+00:00,1.0,403.1000061035156,1.0,46.77266311645508,23.58556365966797,12.0,0.10556400567293167
2026-06-09 13:16:35+00:00,1.0,400.1000061035156,1.0,46.77266311645508,23.585559844970703,12.0,0.10556400567293167
2026-06-09 13:16:36+00:00,1.0,399.0,1.0,46.77266311645508,23.585554122924805,12.0,0.0926000103354454
2026-06-09 13:16:37+00:00,1.0,399.0,1.0,46.77266311645508,23.58555030822754,12.0,0.14816001057624817
2026-06-09 13:16:38+00:00,1.0,399.0,1.0,46.77266311645508,23.58555030822754,12.0,0.14816001057624817
2026-06-09 13:16:39+00:00,1.0,396.0,1.0,46.77266311645508,23.585546493530273,12.0,0.14816001057624817
2026-06-09 13:16:40+00:00,1.0,396.0,1.0,46.77266311645508,23.585546493530273,12.0,0.07408000528812408
2026-06-09 13:16:41+00:00,1.0,394.8999938964844,1.0,46.77265548706055,23.585542678833008,12.0,0.07408000528812408
2026-06-09 13:16:42+00:00,1.0,394.5,1.0,46.77265548706055,23.585542678833008,12.0,0.10371200740337372
2026-06-09 13:16:43+00:00,1.0,393.8999938964844,1.0,46.77266311645508,23.585542678833008,12.0,0.10371200740337372
2026-06-09 13:16:44+00:00,1.0,393.8999938964844,1.0,46.77265548706055,23.585542678833008,12.0,0.05370800569653511
2026-06-09 13:16:45+00:00,1.0,393.1000061035156,1.0,46.77265548706055,23.585542678833008,12.0,0.06111599877476692
2026-06-09 13:16:46+00:00,1.0,392.70001220703125,1.0,46.77265548706055,23.585542678833008,12.0,0.07222799956798553
2026-06-09 13:16:47+00:00,1.0,392.3999938964844,1.0,46.77265548706055,23.585542678833008,12.0,0.05926400423049927
2026-06-09 13:16:48+00:00,1.0,392.20001220703125,1.0,46.77265548706055,23.585538864135742,12.0,0.15556801855564117
2026-06-09 13:16:49+00:00,1.0,391.8999938964844,1.0,46.77265548706055,23.585538864135742,12.0,0.04444800317287445
2026-06-09 13:16:50+00:00,1.0,391.8999938964844,1.0,46.77265548706055,23.585538864135742,12.0,0.20186801254749298
2026-06-09 13:16:51+00:00,1.0,391.8999938964844,1.0,46.77265548706055,23.585538864135742,12.0,0.10371200740337372
2026-06-09 13:16:52+00:00,1.0,391.8999938964844,1.0,46.77265548706055,23.585535049438477,12.0,0.09445200860500336
2026-06-09 13:16:53+00:00,1.0,391.8999938964844,1.0,46.77265548706055,23.585535049438477,12.0,0.1389000117778778
2026-06-09 13:16:54+00:00,1.0,391.8999938964844,1.0,46.77265548706055,23.585535049438477,12.0,0.1389000117778778
2026-06-09 13:16:55+00:00,1.0,391.8999938964844,1.0,46.77265548706055,23.585535049438477,12.0,0.1389000117778778
2026-06-09 13:16:56+00:00,1.0,391.8999938964844,1.0,46.77265548706055,23.585535049438477,12.0,0.1389000117778778
2026-06-09 13:16:57+00:00,1.0,391.8999938964844,1.0,46.77265548706055,23.585535049438477,12.0,0.1389000117778778
2026-06-09 13:16:58+00:00,1.0,391.8999938964844,1.0,46.77265548706055,23.585535049438477,12.0,0.1389000117778778
2026-06-09 13:16:59+00:00,1.0,392.20001220703125,1.0,46.77266311645508,23.585535049438477,12.0,0.1389000117778778
2026-06-09 13:17:00+00:00,1.0,392.0,1.0,46.77266311645508,23.58553123474121,12.0,0.11667600274085999
2026-06-09 13:17:01+00:00,1.0,391.8999938964844,1.0,46.77266311645508,23.58553123474121,12.0,0.1426040083169937
2026-06-09 13:17:02+00:00,1.0,392.0,1.0,46.77265548706055,23.58553123474121,12.0,0.09630400687456131
2026-06-09 13:17:03+00:00,1.0,391.79998779296875,1.0,46.77265548706055,23.58553123474121,12.0,0.085192009806633
2026-06-09 13:17:04+00:00,1.0,391.70001220703125,1.0,46.77265548706055,23.58553123474121,12.0,0.0463000051677227
2026-06-09 13:17:05+00:00,1.0,391.70001220703125,1.0,46.77265548706055,23.58553123474121,12.0,0.057412002235651016
2026-06-09 13:17:06+00:00,1.0,391.5,1.0,46.77265548706055,23.58553123474121,12.0,0.01666800118982792
2026-06-09 13:17:07+00:00,1.0,391.5,1.0,46.77265548706055,23.58553123474121,12.0,0.0463000051677227
2026-06-09 13:17:08+00:00,1.0,391.5,1.0,46.77265548706055,23.58553123474121,12.0,0.02592799998819828
2026-06-09 13:17:09+00:00,1.0,1.0286256600748678e-38,1.0,46.77265548706055,6.283842703571777e-41,12.0,1.317220556465328e-43
2026-06-09 13:17:11+00:00,1.0,391.29998779296875,1.0,46.77265548706055,23.585535049438477,12.0,0.05556000396609306
2026-06-09 13:17:12+00:00,1.0,391.29998779296875,1.0,46.77265548706055,23.585535049438477,12.0,0.00926000066101551
2026-06-09 13:17:13+00:00,1.0,391.5,1.0,46.77265548706055,23.585535049438477,12.0,0.057412002235651016
2026-06-09 13:17:14+00:00,1.0,391.5,1.0,46.77265548706055,23.585535049438477,12.0,0.06111599877476692
2026-06-09 13:17:15+00:00,1.0,391.5,1.0,46.77265548706055,23.585535049438477,12.0,0.06111599877476692
2026-06-09 13:17:16+00:00,1.0,391.5,1.0,46.77265548706055,23.585535049438477,12.0,0.06111599877476692
2026-06-09 13:17:17+00:00,1.0,391.5,1.0,46.77265548706055,23.585535049438477,12.0,0.06111599877476692
2026-06-09 13:17:18+00:00,1.0,391.5,1.0,46.77265548706055,23.585535049438477,12.0,0.10186000913381577
2026-06-09 13:17:19+00:00,1.0,391.5,1.0,46.77265548706055,23.585535049438477,12.0,0.10186000913381577
2026-06-09 13:17:20+00:00,1.0,391.5,1.0,46.77265548706055,23.585535049438477,12.0,0.10186000913381577
2026-06-09 13:17:21+00:00,1.0,391.5,1.0,46.77265548706055,23.585535049438477,12.0,0.10186000913381577
2026-06-09 13:17:22+00:00,1.0,391.5,1.0,46.77265548706055,23.585535049438477,12.0,0.10186000913381577
2026-06-09 13:17:23+00:00,1.0,391.79998779296875,1.0,46.77266311645508,23.585538864135742,12.0,0.06667200475931168
2026-06-09 13:17:24+00:00,1.0,392.0,1.0,46.77266311645508,23.585538864135742,12.0,0.08148800581693649
2026-06-09 13:17:25+00:00,1.0,392.1000061035156,1.0,46.77266311645508,23.585538864135742,12.0,0.03704000264406204
2026-06-09 13:17:26+00:00,1.0,392.5,1.0,46.77266311645508,23.585538864135742,12.0,0.3018760085105896
2026-06-09 13:17:27+00:00,1.0,392.3999938964844,1.0,46.77266311645508,23.585542678833008,12.0,0.30372798442840576
2026-06-09 13:17:28+00:00,1.0,392.29998779296875,1.0,46.77266311645508,23.585542678833008,12.0,0.12038000673055649
2026-06-09 13:17:29+00:00,1.0,392.29998779296875,1.0,46.77266311645508,23.585542678833008,12.0,0.1703840047121048
2026-06-09 13:17:30+00:00,1.0,392.1000061035156,1.0,46.77266311645508,23.585542678833008,12.0,0.06296800076961517
2026-06-09 13:17:31+00:00,1.0,392.1000061035156,1.0,46.77266311645508,23.585542678833008,12.0,0.2240920066833496
2026-06-09 13:17:32+00:00,1.0,392.1000061035156,1.0,46.77266311645508,1.7327920112528851e-38,12.0,0.2240920066833496
2026-06-09 13:17:33+00:00,1.0,392.1000061035156,1.0,46.77266311645508,23.585542678833008,12.0,0.2240920066833496
2026-06-09 13:17:34+00:00,1.0,392.1000061035156,1.0,46.77266311645508,23.585542678833008,12.0,0.2240920066833496
2026-06-09 13:17:35+00:00,1.0,392.1000061035156,1.0,46.77266311645508,23.585542678833008,12.0,0.2240920066833496
2026-06-09 13:17:36+00:00,1.0,392.1000061035156,1.0,46.77266311645508,23.585542678833008,12.0,0.2240920066833496
2026-06-09 13:17:37+00:00,1.0,392.1000061035156,1.0,46.77266311645508,23.585542678833008,12.0,0.2240920066833496
2026-06-09 13:17:38+00:00,1.0,392.1000061035156,1.0,46.77266311645508,23.585542678833008,12.0,0.2240920066833496
2026-06-09 13:17:39+00:00,1.0,392.1000061035156,1.0,46.77267074584961,23.585542678833008,12.0,0.040744002908468246
2026-06-09 13:17:40+00:00,1.0,392.70001220703125,1.0,46.77266311645508,23.585542678833008,12.0,0.040744002908468246
2026-06-09 13:17:41+00:00,1.0,393.1000061035156,1.0,46.77267074584961,23.585546493530273,12.0,0.35373198986053467
2026-06-09 13:17:42+00:00,1.0,393.29998779296875,1.0,46.77267074584961,23.585546493530273,12.0,0.13334400951862335
2026-06-09 13:17:43+00:00,1.0,393.3999938964844,1.0,46.77267074584961,23.585546493530273,12.0,0.1703840047121048
2026-06-09 13:17:44+00:00,1.0,393.29998779296875,1.0,46.77267074584961,23.585546493530273,12.0,0.14075200259685516
2026-06-09 13:17:45+00:00,1.0,393.20001220703125,1.0,46.77267074584961,23.585546493530273,12.0,0.10000801086425781
2026-06-09 13:17:46+00:00,1.0,393.0,1.0,46.77266311645508,23.585546493530273,12.0,0.18334801495075226
2026-06-09 13:17:47+00:00,1.0,392.79998779296875,1.0,46.77266311645508,23.585546493530273,12.0,0.11297199875116348
2026-06-09 13:17:48+00:00,1.0,392.6000061035156,1.0,46.77266311645508,23.585546493530273,12.0,0.08704400062561035
2026-06-09 13:17:49+00:00,1.0,392.70001220703125,1.0,46.77266311645508,23.585546493530273,12.0,0.0888960063457489
2026-06-09 13:17:50+00:00,1.0,392.3999938964844,1.0,46.77266311645508,23.585542678833008,12.0,0.07963600009679794
2026-06-09 13:17:51+00:00,1.0,392.3999938964844,1.0,46.77266311645508,23.585542678833008,12.0,0.18890400230884552
2026-06-09 13:17:52+00:00,1.0,392.3999938964844,1.0,46.77266311645508,23.585542678833008,12.0,0.16297601163387299
2026-06-09 13:17:53+00:00,1.0,392.3999938964844,1.0,46.77266311645508,23.585542678833008,12.0,0.1814960092306137
2026-06-09 13:17:54+00:00,1.0,392.3999938964844,1.0,46.77266311645508,23.585542678833008,12.0,0.01666800118982792
2026-06-09 13:17:55+00:00,1.0,392.3999938964844,1.0,46.77266311645508,23.585542678833008,12.0,0.05370800569653511
2026-06-09 13:17:56+00:00,1.0,392.3999938964844,1.0,46.77266311645508,23.585542678833008,12.0,0.05370800569653511
2026-06-09 13:17:57+00:00,1.0,392.3999938964844,1.0,46.77266311645508,23.585542678833008,12.0,0.05370800569653511
2026-06-09 13:17:58+00:00,1.0,392.3999938964844,1.0,46.77266311645508,23.585542678833008,12.0,0.05370800569653511
2026-06-09 13:17:59+00:00,1.0,392.3999938964844,1.0,46.77267074584961,23.585538864135742,12.0,0.10000801086425781
2026-06-09 13:18:00+00:00,1.0,392.3999938964844,1.0,46.77267074584961,23.585538864135742,12.0,0.10000801086425781
2026-06-09 13:18:01+00:00,1.0,392.3999938964844,1.0,46.77267074584961,23.585538864135742,12.0,0.10000801086425781
2026-06-09 13:18:02+00:00,1.0,392.3999938964844,1.0,46.77267074584961,23.585538864135742,12.0,0.10000801086425781
2026-06-09 13:18:03+00:00,1.0,392.3999938964844,1.0,46.77267074584961,23.585538864135742,12.0,0.10000801086425781
2026-06-09 13:18:04+00:00,1.0,391.29998779296875,1.0,46.77267074584961,23.585538864135742,12.0,0.05926400423049927
2026-06-09 13:18:05+00:00,1.0,391.20001220703125,1.0,46.77267074584961,23.585538864135742,12.0,0.00926000066101551
2026-06-09 13:18:06+00:00,1.0,391.1000061035156,1.0,46.77267074584961,23.585538864135742,12.0,0.10000801086425781
2026-06-09 13:18:07+00:00,1.0,391.1000061035156,1.0,46.77267074584961,23.585538864135742,12.0,0.03704000264406204
2026-06-09 13:18:08+00:00,1.0,390.8999938964844,1.0,46.77267074584961,23.585538864135742,12.0,0.08148800581693649
2026-06-09 13:18:09+00:00,1.0,390.8999938964844,1.0,46.77267074584961,23.585538864135742,12.0,0.10556400567293167
2026-06-09 13:18:10+00:00,1.0,390.8999938964844,1.0,46.77267074584961,23.585538864135742,12.0,0.12038000673055649
2026-06-09 13:18:11+00:00,1.0,390.8999938964844,1.0,46.77267074584961,23.585538864135742,12.0,0.06481999903917313
2026-06-09 13:18:12+00:00,1.0,390.8999938964844,1.0,46.77267074584961,23.585538864135742,12.0,0.048151999711990356
2026-06-09 13:18:13+00:00,1.0,390.8999938964844,1.0,46.77267074584961,23.585538864135742,12.0,0.048151999711990356
2026-06-09 13:18:14+00:00,1.0,390.8999938964844,1.0,46.77267074584961,23.585538864135742,12.0,0.048151999711990356
2026-06-09 13:18:15+00:00,1.0,390.8999938964844,1.0,46.77267074584961,23.585538864135742,12.0,0.048151999711990356
2026-06-09 13:18:16+00:00,1.0,390.8999938964844,1.0,46.77267074584961,23.585538864135742,12.0,0.048151999711990356
2026-06-09 13:18:17+00:00,1.0,390.8999938964844,1.0,46.77267074584961,23.585538864135742,12.0,0.048151999711990356
2026-06-09 13:18:18+00:00,1.0,390.8999938964844,1.0,46.77267074584961,23.585538864135742,12.0,0.048151999711990356
2026-06-09 13:18:19+00:00,1.0,390.8999938964844,1.0,46.77267074584961,23.585538864135742,12.0,0.048151999711990356
2026-06-09 13:18:20+00:00,1.0,390.8999938964844,1.0,46.77267074584961,23.585538864135742,12.0,0.048151999711990356
2026-06-09 13:18:21+00:00,1.0,390.8999938964844,1.0,46.77267074584961,23.585538864135742,12.0,0.048151999711990356
2026-06-09 13:18:22+00:00,1.0,390.8999938964844,1.0,46.77267074584961,23.585538864135742,12.0,0.048151999711990356
2026-06-09 13:18:23+00:00,1.0,390.8999938964844,1.0,46.77267074584961,23.585535049438477,12.0,0.06111599877476692
2026-06-09 13:18:24+00:00,1.0,390.8999938964844,1.0,46.77267074584961,23.585535049438477,12.0,0.14445601403713226
2026-06-09 13:18:25+00:00,1.0,390.0,1.0,46.77267074584961,23.585535049438477,12.0,0.14445601403713226
2026-06-09 13:18:26+00:00,1.0,390.0,1.0,46.77267074584961,23.585535049438477,12.0,0.07037600129842758
2026-06-09 13:18:27+00:00,1.0,389.8999938964844,1.0,46.77267074584961,23.585535049438477,12.0,0.02592799998819828
2026-06-09 13:18:28+00:00,1.0,389.8999938964844,1.0,46.77267074584961,23.585535049438477,12.0,0.038892004638910294
2026-06-09 13:18:29+00:00,1.0,389.79998779296875,1.0,46.77267074584961,23.585535049438477,12.0,0.01296399999409914
2026-06-09 13:18:30+00:00,1.0,389.70001220703125,1.0,46.77267074584961,23.585535049438477,12.0,0.05370800569653511
2026-06-09 13:18:31+00:00,1.0,389.70001220703125,1.0,46.77267074584961,23.585535049438477,12.0,0.05370800569653511
2026-06-09 13:18:32+00:00,1.0,389.70001220703125,1.0,46.77267074584961,23.585535049438477,12.0,0.014816001057624817
2026-06-09 13:18:33+00:00,1.0,389.6000061035156,1.0,46.77267074584961,23.585535049438477,12.0,0.06296800076961517
2026-06-09 13:18:34+00:00,1.0,389.6000061035156,1.0,46.77267074584961,23.585535049438477,12.0,0.12964001297950745
2026-06-09 13:18:35+00:00,1.0,389.70001220703125,1.0,46.77267074584961,23.585535049438477,12.0,0.085192009806633
2026-06-09 13:18:36+00:00,1.0,389.70001220703125,1.0,46.77267074584961,23.585535049438477,12.0,0.01296399999409914
2026-06-09 13:18:37+00:00,1.0,389.70001220703125,1.0,46.77267074584961,23.585535049438477,12.0,0.01296399999409914
2026-06-09 13:18:38+00:00,1.0,389.70001220703125,1.0,46.77267074584961,23.585535049438477,12.0,0.01296399999409914
2026-06-09 13:18:39+00:00,1.0,389.70001220703125,1.0,46.77267074584961,23.585535049438477,12.0,0.01296399999409914
2026-06-09 13:18:40+00:00,1.0,389.70001220703125,1.0,46.77267074584961,23.585535049438477,12.0,0.01296399999409914
2026-06-09 13:18:41+00:00,1.0,389.70001220703125,1.0,46.77267074584961,23.585535049438477,12.0,0.01296399999409914
2026-06-09 13:18:42+00:00,1.0,389.70001220703125,1.0,46.77267074584961,23.585535049438477,12.0,0.01296399999409914
2026-06-09 13:18:43+00:00,1.0,389.8999938964844,1.0,46.77267074584961,23.585535049438477,12.0,0.038892004638910294
2026-06-09 13:18:44+00:00,1.0,390.0,1.0,46.77267074584961,23.585535049438477,12.0,0.17223601043224335
2026-06-09 13:18:45+00:00,1.0,390.0,1.0,46.77267074584961,23.585535049438477,12.0,0.1351960152387619
2026-06-09 13:18:46+00:00,1.0,390.0,1.0,46.77267074584961,23.585538864135742,12.0,0.2518719732761383
2026-06-09 13:18:47+00:00,1.0,390.5,1.0,46.77267074584961,23.585538864135742,12.0,0.038892004638910294
2026-06-09 13:18:48+00:00,1.0,390.5,1.0,46.77267074584961,23.585538864135742,12.0,0.16482801735401154
2026-06-09 13:18:49+00:00,1.0,390.6000061035156,1.0,46.77267074584961,23.585538864135742,12.0,0.12964001297950745
2026-06-09 13:18:50+00:00,1.0,390.70001220703125,1.0,46.77267074584961,23.585538864135742,12.0,0.2055720090866089
2026-06-09 13:18:51+00:00,1.0,390.70001220703125,1.0,46.77267074584961,23.585538864135742,12.0,0.08704400062561035
2026-06-09 13:18:52+00:00,1.0,390.79998779296875,1.0,46.77267074584961,23.585538864135742,12.0,0.18705201148986816
2026-06-09 13:18:53+00:00,1.0,390.79998779296875,1.0,46.77267074584961,23.585538864135742,12.0,0.16297601163387299
2026-06-09 13:18:54+00:00,1.0,390.79998779296875,1.0,46.77267074584961,23.585538864135742,12.0,0.09074800461530685
2026-06-09 13:18:55+00:00,1.0,390.8999938964844,1.0,46.77267074584961,23.585538864135742,12.0,0.11482400447130203
2026-06-09 13:18:56+00:00,1.0,390.8999938964844,1.0,46.77267074584961,23.585538864135742,12.0,0.1777919977903366
2026-06-09 13:18:57+00:00,1.0,390.8999938964844,1.0,46.77267074584961,23.585538864135742,12.0,0.1777919977903366
2026-06-09 13:18:58+00:00,1.0,390.8999938964844,1.0,46.77267074584961,23.585538864135742,12.0,0.1777919977903366
2026-06-09 13:18:59+00:00,1.0,390.8999938964844,1.0,46.77267074584961,23.585542678833008,12.0,0.1777919977903366
2026-06-09 13:19:00+00:00,1.0,390.8999938964844,1.0,46.77267074584961,23.585542678833008,12.0,0.13334400951862335
2026-06-09 13:19:01+00:00,1.0,390.8999938964844,1.0,46.77267074584961,23.585542678833008,12.0,0.13334400951862335
2026-06-09 13:19:02+00:00,1.0,390.8999938964844,1.0,46.77267074584961,23.585542678833008,12.0,0.13334400951862335
2026-06-09 13:19:03+00:00,1.0,392.20001220703125,1.0,46.77267074584961,23.585546493530273,12.0,0.13334400951862335
2026-06-09 13:19:04+00:00,1.0,392.3999938964844,1.0,46.77267074584961,23.58555030822754,12.0,0.07593200355768204
2026-06-09 13:19:05+00:00,1.0,392.8999938964844,1.0,46.77267074584961,23.58555030822754,12.0,0.11297199875116348
2026-06-09 13:19:06+00:00,1.0,392.8999938964844,1.0,46.77267074584961,23.58555030822754,12.0,0.08334000408649445
2026-06-09 13:19:07+00:00,1.0,393.29998779296875,1.0,46.77267074584961,23.58555030822754,12.0,0.08334000408649445
2026-06-09 13:19:08+00:00,1.0,393.5,1.0,46.77267074584961,23.58555030822754,12.0,0.07963600009679794
2026-06-09 13:19:09+00:00,1.0,393.70001220703125,1.0,46.77267074584961,23.58555030822754,12.0,0.0425960049033165
2026-06-09 13:19:10+00:00,1.0,393.79998779296875,1.0,46.77267074584961,23.58555030822754,12.0,0.09815600514411926
2026-06-09 13:19:11+00:00,1.0,393.8999938964844,1.0,46.77267074584961,23.585554122924805,12.0,0.17964400351047516
2026-06-09 13:19:12+00:00,1.0,394.0,1.0,46.77267074584961,23.585554122924805,12.0,0.11297199875116348
2026-06-09 13:19:13+00:00,1.0,394.0,1.0,46.77267074584961,23.585554122924805,12.0,0.11297199875116348
2026-06-09 14:03:33+00:00,1.0,366.1000061035156,1.0,46.77229690551758,23.585933685302734,6.0,0.36669600009918213
2026-06-09 14:03:34+00:00,1.0,366.1000061035156,1.0,46.772281646728516,23.585954666137695,6.0,0.7148720622062683
2026-06-09 14:03:35+00:00,1.0,366.0,1.0,46.772281646728516,23.58594512939453,6.0,0.7148720622062683
2026-06-09 14:03:36+00:00,1.0,365.8999938964844,1.0,46.772274017333984,23.585954666137695,6.0,0.6852400302886963
2026-06-09 14:03:37+00:00,1.0,365.3999938964844,1.0,46.772281646728516,23.585941314697266,6.0,0.44262802600860596
2026-06-09 14:03:38+00:00,1.0,365.79998779296875,1.0,46.77230453491211,23.585908889770508,6.0,0.18334801495075226
2026-06-09 14:03:39+00:00,1.0,366.70001220703125,1.0,46.7723388671875,23.58587646484375,6.0,0.18334801495075226
2026-06-09 14:03:40+00:00,1.0,366.70001220703125,1.0,46.77238082885742,23.58582305908203,6.0,0.3241000175476074
2026-06-09 14:03:41+00:00,1.0,366.70001220703125,1.0,46.77238082885742,23.58582305908203,6.0,0.3241000175476074
2026-06-09 14:03:42+00:00,1.0,366.70001220703125,1.0,46.77238082885742,23.58582305908203,6.0,0.3241000175476074
2026-06-09 14:03:43+00:00,1.0,366.70001220703125,1.0,46.77245330810547,23.585718154907227,6.0,0.20186801254749298
2026-06-09 14:03:44+00:00,1.0,366.70001220703125,1.0,46.77245330810547,23.585718154907227,6.0,0.20186801254749298
2026-06-09 14:03:45+00:00,1.0,366.70001220703125,1.0,46.772483825683594,23.58567237854004,6.0,0.10000801086425781
2026-06-09 14:03:46+00:00,1.0,366.70001220703125,1.0,46.772483825683594,23.58567237854004,6.0,0.10000801086425781
2026-06-09 14:03:47+00:00,1.0,366.70001220703125,1.0,46.77250289916992,23.585643768310547,6.0,0.22964800894260406
2026-06-09 14:03:48+00:00,1.0,366.70001220703125,1.0,46.77251052856445,23.585636138916016,6.0,0.5648599863052368
2026-06-09 14:03:49+00:00,1.0,366.70001220703125,1.0,46.772518157958984,23.585628509521484,6.0,0.22964800894260406
2026-06-09 14:03:50+00:00,1.0,370.5,1.0,46.772518157958984,23.585620880126953,7.0,0.1240840032696724
2026-06-09 14:03:51+00:00,1.0,370.5,1.0,46.772525787353516,23.58561134338379,7.0,0.3129880130290985
2026-06-09 14:03:52+00:00,1.0,370.20001220703125,1.0,46.77253341674805,23.585603713989258,7.0,0.41299599409103394
2026-06-09 14:03:53+00:00,1.0,370.20001220703125,1.0,46.77253341674805,23.585596084594727,7.0,0.13334400951862335
2026-06-09 14:03:54+00:00,1.0,369.8999938964844,1.0,46.77254104614258,23.585588455200195,7.0,0.09445200860500336
2026-06-09 14:03:55+00:00,1.0,369.5,1.0,46.77254867553711,23.585582733154297,7.0,0.22224001586437225
2026-06-09 14:03:56+00:00,1.0,369.29998779296875,1.0,46.77254867553711,23.585575103759766,7.0,0.22224001586437225
2026-06-09 14:03:57+00:00,1.0,369.0,1.0,46.772560119628906,23.585567474365234,7.0,0.22224001586437225
2026-06-09 14:03:58+00:00,1.0,369.0,1.0,46.77256774902344,23.58556365966797,7.0,0.30002400279045105
2026-06-09 14:03:59+00:00,1.0,369.0,1.0,46.77256774902344,23.58556365966797,7.0,0.30002400279045105
2026-06-09 14:04:00+00:00,1.0,369.0,1.0,46.77256774902344,23.58556365966797,7.0,0.30002400279045105
2026-06-09 14:04:01+00:00,1.0,369.0,1.0,46.77257537841797,23.58555030822754,7.0,0.32595202326774597
2026-06-09 14:04:02+00:00,1.0,369.0,1.0,46.77257537841797,23.58555030822754,7.0,0.32595202326774597
2026-06-09 14:04:03+00:00,1.0,368.6000061035156,1.0,46.77257537841797,23.58555030822754,7.0,0.32595202326774597
2026-06-09 14:04:04+00:00,1.0,368.6000061035156,1.0,46.77257537841797,23.58555030822754,7.0,0.32595202326774597
2026-06-09 14:04:05+00:00,1.0,368.6000061035156,1.0,46.77257537841797,23.58555030822754,7.0,0.20742398500442505
2026-06-09 14:04:06+00:00,1.0,368.6000061035156,1.0,46.77256774902344,23.58555030822754,7.0,0.07037600129842758
2026-06-09 14:04:07+00:00,1.0,368.6000061035156,1.0,46.77256774902344,23.58555030822754,7.0,0.18705201148986816
2026-06-09 14:04:08+00:00,1.0,368.6000061035156,1.0,46.77256774902344,23.585554122924805,7.0,0.3203960359096527
2026-06-09 14:04:09+00:00,1.0,368.6000061035156,1.0,46.772560119628906,23.585559844970703,7.0,0.05926400423049927
2026-06-09 14:04:10+00:00,1.0,368.6000061035156,1.0,46.772560119628906,23.585559844970703,7.0,0.1351960152387619
2026-06-09 14:04:11+00:00,1.0,368.6000061035156,1.0,46.772560119628906,23.585559844970703,7.0,0.21483199298381805
2026-06-09 14:04:12+00:00,1.0,373.70001220703125,1.0,46.772560119628906,23.58556365966797,7.0,0.16482801735401154
2026-06-09 14:04:13+00:00,1.0,373.70001220703125,1.0,46.77254867553711,23.585567474365234,7.0,0.5704159736633301
2026-06-09 14:04:14+00:00,1.0,375.0,1.0,46.77254867553711,23.5855712890625,7.0,0.3722520172595978
2026-06-09 14:04:15+00:00,1.0,375.6000061035156,1.0,46.77254104614258,23.5855712890625,7.0,0.3407680094242096
2026-06-09 14:04:16+00:00,1.0,376.0,1.0,46.77254104614258,23.585575103759766,7.0,0.15556801855564117
2026-06-09 14:04:17+00:00,1.0,376.5,1.0,46.77253341674805,23.585575103759766,7.0,0.15556801855564117
2026-06-09 14:04:18+00:00,1.0,376.5,1.0,46.77253341674805,23.585575103759766,7.0,0.15556801855564117
2026-06-09 14:04:19+00:00,1.0,377.20001220703125,1.0,46.77253341674805,23.58557891845703,7.0,0.15556801855564117
2026-06-09 14:04:20+00:00,1.0,377.20001220703125,1.0,46.77253341674805,23.58557891845703,7.0,0.15556801855564117
2026-06-09 14:04:21+00:00,1.0,377.20001220703125,1.0,46.77253341674805,23.58557891845703,7.0,0.15556801855564117
2026-06-09 14:04:22+00:00,1.0,378.20001220703125,1.0,46.772525787353516,23.585588455200195,7.0,0.15556801855564117
2026-06-09 14:04:23+00:00,1.0,378.20001220703125,1.0,46.772525787353516,23.585588455200195,7.0,0.15556801855564117
2026-06-09 14:04:24+00:00,1.0,378.20001220703125,1.0,46.772525787353516,23.585588455200195,7.0,0.15556801855564117
2026-06-09 14:04:25+00:00,1.0,378.20001220703125,1.0,46.772525787353516,23.585588455200195,7.0,0.15556801855564117
2026-06-09 14:04:26+00:00,1.0,378.20001220703125,1.0,46.77251052856445,23.585603713989258,7.0,0.6296799778938293
2026-06-09 14:04:27+00:00,1.0,378.20001220703125,1.0,46.77251052856445,23.585607528686523,7.0,0.35743600130081177
2026-06-09 14:04:28+00:00,1.0,378.20001220703125,1.0,46.77250289916992,23.585607528686523,7.0,0.3518799841403961
2026-06-09 14:04:29+00:00,1.0,378.20001220703125,1.0,46.77250289916992,23.58561134338379,7.0,0.21853600442409515
2026-06-09 14:04:30+00:00,1.0,378.20001220703125,1.0,46.77250289916992,23.58561134338379,7.0,0.7093160152435303
2026-06-09 14:04:31+00:00,1.0,382.20001220703125,1.0,46.77250289916992,23.585615158081055,7.0,1.7501400709152222
2026-06-09 14:04:32+00:00,1.0,382.20001220703125,1.0,46.77250289916992,23.585620880126953,7.0,0.6907960176467896
2026-06-09 14:04:33+00:00,1.0,382.20001220703125,1.0,46.77250289916992,23.585620880126953,7.0,0.6944999694824219
2026-06-09 14:04:34+00:00,1.0,382.20001220703125,1.0,46.77249526977539,23.585620880126953,7.0,1.4093719720840454
2026-06-09 14:04:35+00:00,1.0,382.20001220703125,1.0,46.77249526977539,23.58562469482422,7.0,0.4222559928894043
2026-06-09 14:04:36+00:00,1.0,384.29998779296875,1.0,46.77249526977539,23.58562469482422,7.0,1.0223039388656616
2026-06-09 14:04:37+00:00,1.0,384.3999938964844,1.0,46.77249526977539,23.58562469482422,7.0,0.15742000937461853
2026-06-09 14:04:38+00:00,1.0,384.6000061035156,1.0,2.870559904169388e-41,6.949039084586768e-42,7.0,0.47040802240371704
2026-06-09 14:04:39+00:00,1.0,384.8999938964844,1.0,46.77249526977539,23.585628509521484,7.0,0.47040802240371704
2026-06-09 14:04:40+00:00,1.0,384.8999938964844,1.0,46.77249526977539,23.58562469482422,7.0,0.47040802240371704
2026-06-09 14:04:41+00:00,1.0,384.8999938964844,1.0,46.77250289916992,23.585620880126953,7.0,0.6685720086097717
2026-06-09 14:04:42+00:00,1.0,385.20001220703125,1.0,46.77250289916992,23.585620880126953,7.0,0.2592799961566925
2026-06-09 14:04:43+00:00,1.0,385.20001220703125,1.0,46.77250289916992,23.585620880126953,7.0,2.0390520095825195
2026-06-09 14:04:44+00:00,1.0,385.20001220703125,1.0,46.77250289916992,23.58562469482422,7.0,1.0574920177459717
2026-06-09 14:04:45+00:00,1.0,385.20001220703125,1.0,46.77250289916992,23.58562469482422,7.0,1.9075599908828735
2026-06-09 14:04:46+00:00,1.0,385.20001220703125,1.0,46.77250289916992,23.58562469482422,7.0,0.05185599997639656
2026-06-09 14:04:47+00:00,1.0,385.20001220703125,1.0,46.77249526977539,23.585628509521484,7.0,0.4296640157699585
2026-06-09 14:04:48+00:00,1.0,385.20001220703125,1.0,46.77249526977539,23.585628509521484,7.0,0.4722599983215332
2026-06-09 14:04:49+00:00,1.0,385.20001220703125,1.0,46.77249526977539,23.58563232421875,7.0,1.707543969154358
2026-06-09 14:04:50+00:00,1.0,385.20001220703125,1.0,46.772483825683594,23.585636138916016,7.0,0.20001600682735443
2026-06-09 14:04:51+00:00,1.0,387.70001220703125,1.0,46.772483825683594,23.585636138916016,7.0,0.9908199310302734
2026-06-09 14:04:52+00:00,1.0,387.79998779296875,1.0,46.77247619628906,23.585636138916016,7.0,0.9908199310302734
2026-06-09 14:04:53+00:00,1.0,387.79998779296875,1.0,46.77247619628906,23.585636138916016,7.0,0.9908199310302734
2026-06-09 14:04:54+00:00,1.0,388.0,1.0,46.77247619628906,23.58563995361328,7.0,1.1037920713424683
2026-06-09 14:04:55+00:00,1.0,388.3999938964844,1.0,46.77246856689453,23.585643768310547,7.0,1.1037920713424683
2026-06-09 14:04:56+00:00,1.0,388.5,1.0,46.7724609375,23.585643768310547,7.0,1.1037920713424683
2026-06-09 14:04:57+00:00,1.0,388.8999938964844,1.0,46.7724609375,23.585649490356445,7.0,1.1037920713424683
2026-06-09 14:04:58+00:00,1.0,389.20001220703125,1.0,46.7724609375,23.58565330505371,7.0,1.1037920713424683
2026-06-09 14:04:59+00:00,1.0,389.6000061035156,1.0,46.7724609375,23.58565330505371,7.0,1.1037920713424683
2026-06-09 14:05:00+00:00,1.0,389.8999938964844,1.0,46.77245330810547,23.585657119750977,7.0,1.1037920713424683
2026-06-09 14:05:01+00:00,1.0,389.8999938964844,1.0,46.77245330810547,23.585657119750977,7.0,1.1037920713424683
2026-06-09 14:05:02+00:00,1.0,389.8999938964844,1.0,46.77245330810547,23.585657119750977,7.0,0.42781201004981995
2026-06-09 14:05:03+00:00,1.0,389.8999938964844,1.0,46.77245330810547,23.585660934448242,7.0,1.1482399702072144
2026-06-09 14:05:04+00:00,1.0,389.8999938964844,1.0,46.77245330810547,23.585660934448242,7.0,0.29631999135017395
2026-06-09 14:05:05+00:00,1.0,389.8999938964844,1.0,46.77245330810547,23.585660934448242,7.0,0.5815280079841614
2026-06-09 14:05:06+00:00,1.0,389.8999938964844,1.0,46.77244567871094,23.585660934448242,7.0,0.085192009806633
2026-06-09 14:05:07+00:00,1.0,389.8999938964844,1.0,46.77244567871094,23.585660934448242,7.0,0.05556000396609306
2026-06-09 14:05:08+00:00,1.0,389.8999938964844,1.0,46.77244567871094,23.585660934448242,7.0,0.6185680627822876
2026-06-09 14:05:09+00:00,1.0,389.8999938964844,1.0,46.77244567871094,23.585660934448242,7.0,0.6407920122146606
2026-06-09 14:05:10+00:00,1.0,389.8999938964844,1.0,46.77244567871094,23.585660934448242,7.0,0.9648919105529785
2026-06-09 14:05:11+00:00,1.0,390.79998779296875,1.0,46.772438049316406,23.585660934448242,7.0,0.7185760140419006
2026-06-09 14:05:12+00:00,1.0,390.70001220703125,1.0,46.772438049316406,23.585660934448242,7.0,0.48707595467567444
2026-06-09 14:05:13+00:00,1.0,390.79998779296875,1.0,46.772438049316406,23.585660934448242,7.0,0.48707595467567444
2026-06-09 14:05:14+00:00,1.0,390.79998779296875,1.0,46.772438049316406,23.585660934448242,7.0,0.48707595467567444
2026-06-09 14:05:15+00:00,1.0,391.20001220703125,1.0,46.772438049316406,23.585660934448242,8.0,0.48707595467567444
2026-06-09 14:05:16+00:00,1.0,391.20001220703125,1.0,46.772438049316406,23.585660934448242,8.0,0.48707595467567444
2026-06-09 14:05:17+00:00,1.0,391.3999938964844,1.0,46.772438049316406,23.585660934448242,8.0,0.32595202326774597
2026-06-09 14:05:18+00:00,1.0,391.3999938964844,1.0,46.772438049316406,23.585660934448242,8.0,0.2444639950990677
2026-06-09 14:05:19+00:00,1.0,391.3999938964844,1.0,46.772438049316406,23.585660934448242,8.0,0.2444639950990677
2026-06-09 14:05:20+00:00,1.0,390.6000061035156,1.0,46.772438049316406,23.58565330505371,8.0,0.5222640037536621
2026-06-09 14:05:21+00:00,1.0,390.3999938964844,1.0,46.772438049316406,23.58565330505371,8.0,0.2778000235557556
2026-06-09 14:05:22+00:00,1.0,390.5,1.0,46.772438049316406,23.58565330505371,8.0,0.10926800966262817
2026-06-09 14:05:23+00:00,1.0,390.5,1.0,46.77244567871094,23.58565330505371,8.0,0.8815521001815796
2026-06-09 14:05:24+00:00,1.0,390.79998779296875,1.0,46.77244567871094,2.0775167305811402e-29,8.0,0.775987982749939
2026-06-09 14:05:25+00:00,1.0,390.79998779296875,1.0,46.77244567871094,23.585649490356445,8.0,0.05185599997639656
2026-06-09 14:05:26+00:00,1.0,390.79998779296875,1.0,46.77244567871094,23.585643768310547,8.0,0.03704000264406204
2026-06-09 14:05:27+00:00,1.0,390.79998779296875,1.0,46.77244567871094,23.585643768310547,8.0,0.7408000230789185
2026-06-09 14:05:28+00:00,1.0,390.79998779296875,1.0,46.77244567871094,23.585643768310547,8.0,0.8722920417785645
2026-06-09 14:05:29+00:00,1.0,390.79998779296875,1.0,46.77244567871094,23.585643768310547,8.0,0.5741199851036072
2026-06-09 14:05:30+00:00,1.0,390.79998779296875,1.0,46.77244567871094,23.585643768310547,8.0,0.24631600081920624
2026-06-09 14:05:31+00:00,1.0,388.70001220703125,1.0,46.77244567871094,23.58563995361328,8.0,0.45929601788520813
2026-06-09 14:05:32+00:00,1.0,388.70001220703125,1.0,46.77244567871094,23.58563995361328,8.0,0.45929601788520813
2026-06-09 14:05:33+00:00,1.0,387.70001220703125,1.0,46.77244567871094,23.585636138916016,8.0,0.45929601788520813
2026-06-09 14:05:34+00:00,1.0,387.29998779296875,1.0,46.77244567871094,23.58563232421875,8.0,0.6482000350952148
2026-06-09 14:05:35+00:00,1.0,387.29998779296875,1.0,46.77244567871094,23.58563232421875,8.0,0.6482000350952148
2026-06-09 14:05:36+00:00,1.0,386.79998779296875,1.0,46.77244567871094,23.585628509521484,8.0,0.7222800254821777
2026-06-09 14:05:37+00:00,1.0,386.79998779296875,1.0,46.77244567871094,23.585628509521484,8.0,0.7222800254821777
2026-06-09 14:05:38+00:00,1.0,386.6000061035156,1.0,46.77244567871094,23.585628509521484,8.0,0.2092759907245636
2026-06-09 14:05:39+00:00,1.0,386.1000061035156,1.0,46.772438049316406,23.58562469482422,8.0,0.7296880483627319
2026-06-09 14:05:40+00:00,1.0,385.79998779296875,1.0,46.772438049316406,23.58562469482422,7.0,0.5074480175971985
2026-06-09 14:05:41+00:00,1.0,385.79998779296875,1.0,46.772438049316406,23.585620880126953,7.0,0.2629840075969696
2026-06-09 14:05:42+00:00,1.0,385.3999938964844,1.0,46.772438049316406,23.585620880126953,7.0,0.21853600442409515
2026-06-09 14:05:43+00:00,1.0,385.3999938964844,1.0,46.772438049316406,23.585615158081055,7.0,0.8556240200996399
2026-06-09 14:05:44+00:00,1.0,385.3999938964844,1.0,46.772438049316406,23.585615158081055,7.0,0.5704159736633301
2026-06-09 14:05:45+00:00,1.0,384.5,1.0,46.772438049316406,23.585615158081055,8.0,0.5704159736633301
2026-06-09 14:05:46+00:00,1.0,384.5,1.0,46.77242660522461,23.58561134338379,8.0,0.827843964099884
2026-06-09 14:05:47+00:00,1.0,384.5,1.0,46.77242660522461,23.58561134338379,8.0,0.827843964099884
2026-06-09 14:05:48+00:00,1.0,384.5,1.0,46.77242660522461,23.58561134338379,8.0,0.827843964099884
2026-06-09 14:05:49+00:00,1.0,384.5,1.0,46.77242660522461,23.585607528686523,8.0,0.4481840133666992
2026-06-09 14:05:50+00:00,1.0,384.5,1.0,46.77242660522461,23.58561134338379,8.0,0.2129800021648407
2026-06-09 14:05:51+00:00,1.0,384.0,1.0,46.77242660522461,23.58561134338379,10.0,0.2129800021648407
2026-06-09 14:05:52+00:00,1.0,384.0,1.0,46.77242660522461,23.58561134338379,10.0,0.0425960049033165
2026-06-09 14:05:53+00:00,1.0,385.29998779296875,1.0,46.772438049316406,23.58561134338379,10.0,0.0425960049033165
2026-06-09 14:05:54+00:00,1.0,385.29998779296875,1.0,46.77244567871094,23.585615158081055,10.0,0.03148400038480759
2026-06-09 14:05:55+00:00,1.0,385.29998779296875,1.0,46.77245330810547,23.585620880126953,10.0,0.085192009806633
2026-06-09 14:05:56+00:00,1.0,387.8999938964844,1.0,46.77245330810547,23.585620880126953,9.0,0.06481999903917313
2026-06-09 14:05:57+00:00,1.0,387.8999938964844,1.0,46.7724609375,23.58562469482422,9.0,0.020372001454234123
2026-06-09 14:05:58+00:00,1.0,389.6000061035156,1.0,46.77246856689453,23.585628509521484,10.0,0.020372001454234123
2026-06-09 14:05:59+00:00,1.0,389.6000061035156,1.0,46.77246856689453,23.585628509521484,10.0,0.12593600153923035
2026-06-09 14:06:00+00:00,1.0,390.8999938964844,1.0,46.77246856689453,23.58563232421875,10.0,0.1240840032696724
2026-06-09 14:06:01+00:00,1.0,391.3999938964844,1.0,46.77247619628906,23.58563232421875,10.0,0.2203880101442337
2026-06-09 14:06:02+00:00,1.0,391.3999938964844,1.0,46.77247619628906,23.58563232421875,10.0,0.2870599925518036
2026-06-09 14:06:03+00:00,1.0,392.5,1.0,46.772483825683594,23.58563232421875,9.0,0.1351960152387619
2026-06-09 14:06:04+00:00,1.0,392.5,1.0,9.224245982540973e-30,2.0812289605489466e-29,9.0,0.05556000396609306
2026-06-09 14:06:05+00:00,1.0,392.5,1.0,46.772483825683594,23.585636138916016,9.0,0.07778400927782059
2026-06-09 14:06:06+00:00,1.0,392.5,1.0,46.772483825683594,23.58563995361328,9.0,0.09445200860500336
2026-06-09 14:06:07+00:00,1.0,392.5,1.0,46.772483825683594,23.58563995361328,9.0,0.09445200860500336
2026-06-09 14:06:08+00:00,1.0,392.5,1.0,46.77247619628906,23.585643768310547,9.0,0.1814960092306137
2026-06-09 14:06:09+00:00,1.0,394.79998779296875,1.0,46.77247619628906,23.585643768310547,9.0,0.1814960092306137
2026-06-09 14:06:10+00:00,1.0,394.79998779296875,1.0,46.77247619628906,23.585643768310547,9.0,0.06667200475931168
2026-06-09 14:06:11+00:00,1.0,394.79998779296875,1.0,46.77247619628906,23.585649490356445,9.0,0.2240920066833496
2026-06-09 14:06:12+00:00,1.0,394.79998779296875,1.0,46.77247619628906,23.585643768310547,9.0,0.2740960121154785
2026-06-09 14:06:13+00:00,1.0,394.79998779296875,1.0,46.77247619628906,23.585649490356445,9.0,0.1351960152387619
2026-06-09 14:06:14+00:00,1.0,395.1000061035156,1.0,46.77247619628906,23.585649490356445,10.0,0.1666800081729889
2026-06-09 14:06:15+00:00,1.0,395.20001220703125,1.0,46.77247619628906,23.585649490356445,10.0,0.03333600237965584
2026-06-09 14:06:16+00:00,1.0,395.20001220703125,1.0,46.77247619628906,23.585649490356445,10.0,0.10000801086425781
2026-06-09 14:06:17+00:00,1.0,395.20001220703125,1.0,46.77247619628906,23.585649490356445,10.0,0.1351960152387619
2026-06-09 14:06:18+00:00,1.0,395.20001220703125,1.0,46.77247619628906,23.585649490356445,10.0,0.15556801855564117
2026-06-09 14:06:20+00:00,1.0,395.1000061035156,1.0,46.77247619628906,23.585649490356445,9.0,0.11297199875116348
2026-06-09 14:06:21+00:00,1.0,395.1000061035156,1.0,46.77247619628906,23.585649490356445,9.0,0.11297199875116348
2026-06-09 14:06:22+00:00,1.0,395.1000061035156,1.0,46.77247619628906,23.585649490356445,9.0,0.3481760025024414
2026-06-09 14:06:23+00:00,1.0,395.1000061035156,1.0,46.77247619628906,23.585649490356445,9.0,0.09445200860500336
2026-06-09 14:06:24+00:00,1.0,395.1000061035156,1.0,46.77247619628906,23.585643768310547,9.0,0.14445601403713226
2026-06-09 14:06:25+00:00,1.0,395.1000061035156,1.0,46.77247619628906,23.585649490356445,9.0,0.11667600274085999
2026-06-09 14:06:26+00:00,1.0,395.1000061035156,1.0,46.77247619628906,23.585649490356445,9.0,0.11667600274085999
2026-06-09 14:06:27+00:00,1.0,395.1000061035156,1.0,46.77247619628906,23.585649490356445,9.0,0.11667600274085999
2026-06-09 14:06:28+00:00,1.0,395.1000061035156,1.0,46.77247619628906,23.585649490356445,9.0,0.11667600274085999
2026-06-09 14:06:29+00:00,1.0,395.1000061035156,1.0,46.772483825683594,23.585643768310547,9.0,0.2092759907245636
2026-06-09 14:06:30+00:00,1.0,395.1000061035156,1.0,46.772483825683594,23.585643768310547,9.0,0.2092759907245636
2026-06-09 14:06:31+00:00,1.0,395.1000061035156,1.0,46.772483825683594,23.585643768310547,9.0,0.03704000264406204
2026-06-09 14:06:32+00:00,1.0,395.1000061035156,1.0,46.77249526977539,23.58562469482422,9.0,0.2666879892349243
2026-06-09 14:06:33+00:00,1.0,395.1000061035156,1.0,46.77250289916992,23.58561134338379,9.0,0.17964400351047516
2026-06-09 14:06:34+00:00,1.0,390.0,1.0,46.77250289916992,23.585599899291992,11.0,0.12223199754953384
2026-06-09 14:06:35+00:00,1.0,389.3999938964844,1.0,46.77251052856445,23.58559226989746,11.0,0.17223601043224335
2026-06-09 14:06:36+00:00,1.0,389.3999938964844,1.0,46.77251052856445,23.585588455200195,11.0,0.15001201629638672
2026-06-09 14:06:37+00:00,1.0,388.0,1.0,46.77251052856445,23.585582733154297,11.0,0.0926000103354454
2026-06-09 14:06:38+00:00,1.0,387.5,1.0,46.77251052856445,23.58557891845703,11.0,0.09074800461530685
2026-06-09 14:06:39+00:00,1.0,387.5,1.0,46.772518157958984,23.58557891845703,11.0,0.07222799956798553
2026-06-09 14:06:40+00:00,1.0,387.5,1.0,46.772518157958984,23.58557891845703,11.0,0.07222799956798553
2026-06-09 14:06:41+00:00,1.0,385.8999938964844,1.0,46.772518157958984,23.5855712890625,10.0,0.07222799956798553
2026-06-09 14:06:42+00:00,1.0,385.8999938964844,1.0,46.772518157958984,23.585567474365234,10.0,0.085192009806633
2026-06-09 14:06:43+00:00,1.0,385.8999938964844,1.0,46.772518157958984,23.585567474365234,10.0,0.085192009806633
2026-06-09 14:06:44+00:00,1.0,385.8999938964844,1.0,46.772518157958984,2.0186208846046147e-39,10.0,0.085192009806633
2026-06-09 14:06:45+00:00,1.0,385.8999938964844,1.0,46.772525787353516,23.585559844970703,10.0,0.07037600129842758
2026-06-09 14:06:46+00:00,1.0,385.8999938964844,1.0,46.772525787353516,23.585559844970703,10.0,0.1592720001935959
2026-06-09 14:06:47+00:00,1.0,9.183970005338419e-41,1.0,46.772525787353516,2.0186643248570088e-39,10.0,2.4979966814593487e-38
2026-06-09 14:06:48+00:00,1.0,384.3999938964844,1.0,46.772525787353516,23.585554122924805,12.0,0.07222799956798553
2026-06-09 14:06:49+00:00,1.0,384.3999938964844,1.0,46.772525787353516,23.585554122924805,12.0,0.06296800076961517
2026-06-09 14:06:50+00:00,1.0,384.0,1.0,46.772525787353516,23.58555030822754,12.0,0.17223601043224335
2026-06-09 14:06:51+00:00,1.0,384.0,1.0,46.772525787353516,23.58555030822754,12.0,0.1777919977903366
2026-06-09 14:06:52+00:00,1.0,384.3999938964844,1.0,46.772525787353516,23.58555030822754,12.0,0.08148800581693649
2026-06-09 14:06:53+00:00,1.0,384.70001220703125,1.0,46.772525787353516,23.585554122924805,12.0,0.16112400591373444
2026-06-09 14:06:54+00:00,1.0,385.0,1.0,46.772525787353516,23.585554122924805,12.0,0.25001996755599976
2026-06-09 14:06:55+00:00,1.0,385.0,1.0,46.772525787353516,23.585554122924805,12.0,0.25001996755599976
2026-06-09 14:06:56+00:00,1.0,385.70001220703125,1.0,46.772525787353516,23.585559844970703,11.0,0.2240920066833496
2026-06-09 14:06:57+00:00,1.0,386.1000061035156,1.0,46.772525787353516,23.585559844970703,11.0,0.1592720001935959
2026-06-09 14:06:58+00:00,1.0,386.5,1.0,46.772525787353516,23.585559844970703,12.0,0.18520000576972961
2026-06-09 14:06:59+00:00,1.0,386.6000061035156,1.0,46.772525787353516,23.58556365966797,12.0,0.34262001514434814
2026-06-09 14:07:00+00:00,1.0,386.3999938964844,1.0,46.77253341674805,23.585559844970703,12.0,0.1777919977903366
2026-06-09 14:07:01+00:00,1.0,386.6000061035156,1.0,46.77253341674805,23.585559844970703,12.0,0.1777919977903366
2026-06-09 14:07:02+00:00,1.0,386.70001220703125,1.0,46.77253341674805,23.585559844970703,12.0,0.08704400062561035
2026-06-09 14:07:03+00:00,1.0,386.5,1.0,46.77253341674805,23.585559844970703,11.0,0.08704400062561035
2026-06-09 14:07:04+00:00,1.0,386.5,1.0,46.77253341674805,23.585546493530273,11.0,0.2518719732761383
2026-06-09 14:07:05+00:00,1.0,386.5,1.0,46.77253341674805,23.585542678833008,11.0,0.05926400423049927
2026-06-09 14:07:06+00:00,1.0,386.5,1.0,46.77253341674805,23.585538864135742,11.0,0.1389000117778778
2026-06-09 14:07:07+00:00,1.0,386.5,1.0,46.77254104614258,23.585535049438477,11.0,0.024075999855995178
2026-06-09 14:07:08+00:00,1.0,386.5,1.0,46.77254104614258,23.58553123474121,11.0,0.1351960152387619
2026-06-09 14:07:09+00:00,1.0,386.5,1.0,46.77254104614258,23.585527420043945,11.0,0.21853600442409515
2026-06-09 14:07:10+00:00,1.0,386.5,1.0,46.77254104614258,23.585527420043945,11.0,0.07963600009679794
2026-06-09 14:07:11+00:00,1.0,386.5,1.0,46.77254104614258,23.585521697998047,11.0,0.10186000913381577
2026-06-09 14:07:12+00:00,1.0,382.5,1.0,46.77254104614258,23.58551788330078,11.0,0.06481999903917313
2026-06-09 14:07:13+00:00,1.0,382.5,1.0,46.77254104614258,23.58551788330078,11.0,0.05370800569653511
2026-06-09 14:07:14+00:00,1.0,382.3999938964844,1.0,46.77254104614258,23.585514068603516,11.0,0.06111599877476692
2026-06-09 14:07:15+00:00,1.0,382.3999938964844,1.0,46.77254867553711,23.585514068603516,11.0,0.07408000528812408
2026-06-09 14:07:16+00:00,1.0,382.5,1.0,46.77254867553711,23.585514068603516,11.0,0.11667600274085999
2026-06-09 14:07:17+00:00,1.0,382.6000061035156,1.0,46.77254867553711,23.585514068603516,11.0,0.03518800064921379
2026-06-09 14:07:18+00:00,1.0,382.6000061035156,1.0,46.77254867553711,23.58551788330078,12.0,0.19075599312782288
2026-06-09 14:07:19+00:00,1.0,382.70001220703125,1.0,46.77254867553711,23.58551788330078,12.0,0.14816001057624817
2026-06-09 14:07:20+00:00,1.0,382.8999938964844,1.0,46.77254867553711,23.58551788330078,12.0,0.14816001057624817
2026-06-09 14:07:21+00:00,1.0,382.8999938964844,1.0,46.77254867553711,23.58551788330078,12.0,0.09630400687456131
2026-06-09 14:07:22+00:00,1.0,382.8999938964844,1.0,46.77254867553711,23.585521697998047,12.0,0.014816001057624817
2026-06-09 14:07:23+00:00,1.0,382.8999938964844,1.0,46.77254867553711,23.585521697998047,12.0,0.014816001057624817
2026-06-09 14:07:24+00:00,1.0,382.8999938964844,1.0,46.77254867553711,23.585521697998047,12.0,0.10926800966262817
2026-06-09 14:07:25+00:00,1.0,382.8999938964844,1.0,46.77254867553711,23.585521697998047,12.0,0.10926800966262817
2026-06-09 14:07:26+00:00,1.0,382.8999938964844,1.0,46.77254867553711,23.585521697998047,12.0,0.21853600442409515
2026-06-09 14:07:27+00:00,1.0,382.8999938964844,1.0,46.77254867553711,23.585527420043945,12.0,0.10741601139307022
2026-06-09 14:07:28+00:00,1.0,382.8999938964844,1.0,46.77254867553711,23.585527420043945,12.0,0.11297199875116348
2026-06-09 14:07:29+00:00,1.0,382.8999938964844,1.0,46.77254104614258,23.585527420043945,12.0,0.085192009806633
2026-06-09 14:07:30+00:00,1.0,382.8999938964844,1.0,46.77254104614258,23.585527420043945,12.0,0.2240920066833496
2026-06-09 14:07:31+00:00,1.0,382.8999938964844,1.0,46.77254104614258,23.585527420043945,12.0,0.3444720208644867
2026-06-09 14:07:32+00:00,1.0,382.8999938964844,1.0,46.77254104614258,23.585527420043945,12.0,0.3555839955806732
2026-06-09 14:07:33+00:00,1.0,382.8999938964844,1.0,46.77254104614258,23.585527420043945,12.0,0.28891199827194214
2026-06-09 14:07:34+00:00,1.0,386.1000061035156,1.0,46.77254104614258,23.585527420043945,12.0,0.06111599877476692
2026-06-09 14:07:35+00:00,1.0,386.1000061035156,1.0,46.77254104614258,23.58553123474121,12.0,0.3759560286998749
2026-06-09 14:07:36+00:00,1.0,386.1000061035156,1.0,46.77254104614258,23.58553123474121,12.0,0.40373602509498596
2026-06-09 14:07:37+00:00,1.0,386.0,1.0,46.77253341674805,23.58553123474121,12.0,0.24631600081920624
2026-06-09 14:07:38+00:00,1.0,385.79998779296875,1.0,46.77253341674805,23.58553123474121,12.0,0.23520401120185852
2026-06-09 14:07:39+00:00,1.0,385.79998779296875,1.0,46.77253341674805,23.585535049438477,12.0,0.16112400591373444
2026-06-09 14:07:40+00:00,1.0,385.6000061035156,1.0,46.77253341674805,23.585535049438477,12.0,0.16112400591373444
2026-06-09 14:07:41+00:00,1.0,385.3999938964844,1.0,46.77253341674805,23.585535049438477,12.0,0.16112400591373444
2026-06-09 14:07:42+00:00,1.0,385.3999938964844,1.0,46.77253341674805,23.585535049438477,12.0,0.16112400591373444
2026-06-09 14:07:43+00:00,1.0,385.3999938964844,1.0,46.77253341674805,23.585535049438477,12.0,0.16112400591373444
2026-06-09 14:07:44+00:00,1.0,385.3999938964844,1.0,46.77253341674805,23.585535049438477,12.0,0.16112400591373444
2026-06-09 14:07:45+00:00,1.0,385.3999938964844,1.0,46.772525787353516,23.585538864135742,12.0,0.44262802600860596
2026-06-09 14:07:46+00:00,1.0,385.3999938964844,1.0,46.772525787353516,23.585542678833008,12.0,0.37410402297973633
2026-06-09 14:07:47+00:00,1.0,385.3999938964844,1.0,46.772525787353516,23.585542678833008,12.0,0.2444639950990677
2026-06-09 14:07:48+00:00,1.0,385.3999938964844,1.0,46.772518157958984,23.585546493530273,12.0,0.35373198986053467
2026-06-09 14:07:49+00:00,1.0,385.3999938964844,1.0,46.772518157958984,23.585546493530273,12.0,0.3055799901485443
2026-06-09 14:07:50+00:00,1.0,385.3999938964844,1.0,46.772518157958984,23.585546493530273,12.0,0.3481760025024414
2026-06-09 14:07:51+00:00,1.0,385.3999938964844,1.0,46.772518157958984,23.58555030822754,12.0,0.34262001514434814
2026-06-09 14:07:52+00:00,1.0,385.3999938964844,1.0,46.772518157958984,23.58555030822754,12.0,0.3555839955806732
2026-06-09 14:07:53+00:00,1.0,385.3999938964844,1.0,46.772518157958984,23.58555030822754,12.0,0.5667120218276978
2026-06-09 14:07:54+00:00,1.0,386.20001220703125,1.0,46.772518157958984,23.585554122924805,12.0,0.3870680034160614
2026-06-09 14:07:55+00:00,1.0,386.20001220703125,1.0,46.772518157958984,23.585559844970703,12.0,0.3833639919757843
2026-06-09 14:07:56+00:00,1.0,385.70001220703125,1.0,46.77251052856445,23.585559844970703,12.0,0.4092920124530792
2026-06-09 14:07:57+00:00,1.0,385.3999938964844,1.0,46.77251052856445,23.585554122924805,12.0,0.4092920124530792
2026-06-09 14:07:58+00:00,1.0,385.5,1.0,46.77251052856445,23.585559844970703,12.0,0.4092920124530792
2026-06-09 14:07:59+00:00,1.0,385.5,1.0,46.77251052856445,23.585559844970703,12.0,0.4092920124530792
2026-06-09 14:08:00+00:00,1.0,385.70001220703125,1.0,46.77251052856445,23.585559844970703,12.0,0.4092920124530792
2026-06-09 14:08:01+00:00,1.0,385.70001220703125,1.0,46.77251052856445,23.585559844970703,12.0,0.4092920124530792
2026-06-09 14:08:03+00:00,1.0,385.70001220703125,1.0,46.77251052856445,23.585559844970703,12.0,0.4092920124530792
2026-06-09 14:08:04+00:00,1.0,385.70001220703125,1.0,46.77250289916992,23.585567474365234,12.0,0.33521202206611633
2026-06-09 14:08:05+00:00,1.0,385.70001220703125,1.0,46.77250289916992,23.585567474365234,12.0,0.35002800822257996
2026-06-09 14:08:06+00:00,1.0,385.70001220703125,1.0,46.77250289916992,23.585567474365234,12.0,0.17223601043224335
2026-06-09 14:08:07+00:00,1.0,385.70001220703125,1.0,46.77250289916992,23.5855712890625,12.0,0.23705601692199707
2026-06-09 14:08:08+00:00,1.0,385.70001220703125,1.0,46.77250289916992,23.5855712890625,12.0,0.2092759907245636
2026-06-09 14:08:09+00:00,1.0,385.70001220703125,1.0,46.77250289916992,23.5855712890625,12.0,0.06481999903917313
2026-06-09 14:08:10+00:00,1.0,385.70001220703125,1.0,46.77250289916992,23.585575103759766,12.0,0.4111440181732178
2026-06-09 14:08:11+00:00,1.0,385.70001220703125,1.0,46.77251052856445,23.585575103759766,12.0,0.17223601043224335
2026-06-09 14:08:12+00:00,1.0,385.70001220703125,1.0,46.77251052856445,23.58557891845703,12.0,0.10371200740337372
2026-06-09 14:08:13+00:00,1.0,385.70001220703125,1.0,46.77251052856445,23.585582733154297,12.0,0.31484001874923706
2026-06-09 14:08:14+00:00,1.0,385.70001220703125,1.0,46.772518157958984,23.585582733154297,12.0,0.07963600009679794
2026-06-09 14:08:15+00:00,1.0,385.70001220703125,1.0,46.772518157958984,23.585588455200195,12.0,0.6222720742225647
2026-06-09 14:08:16+00:00,1.0,390.20001220703125,1.0,46.772518157958984,23.58559226989746,12.0,0.23890800774097443
2026-06-09 14:08:17+00:00,1.0,390.70001220703125,1.0,46.772525787353516,23.58559226989746,12.0,0.23890800774097443
2026-06-09 14:08:18+00:00,1.0,391.20001220703125,1.0,46.772525787353516,23.585596084594727,12.0,0.23890800774097443
2026-06-09 14:08:19+00:00,1.0,391.79998779296875,1.0,46.772525787353516,23.585596084594727,12.0,0.23890800774097443
2026-06-09 14:08:20+00:00,1.0,392.0,1.0,46.772525787353516,23.585599899291992,12.0,0.23890800774097443
2026-06-09 14:08:21+00:00,1.0,392.0,1.0,46.77253341674805,23.585599899291992,12.0,0.06852400302886963
2026-06-09 14:08:22+00:00,1.0,392.0,1.0,46.77253341674805,23.585603713989258,12.0,0.20372000336647034
2026-06-09 14:08:23+00:00,1.0,392.0,1.0,46.77254104614258,23.585603713989258,12.0,0.27224400639533997
2026-06-09 14:08:24+00:00,1.0,392.0,1.0,46.77254104614258,23.585607528686523,12.0,0.19816400110721588
2026-06-09 14:08:25+00:00,1.0,392.0,1.0,46.77254104614258,23.585607528686523,12.0,0.17223601043224335
2026-06-09 14:08:26+00:00,1.0,392.0,1.0,46.77254104614258,23.58561134338379,12.0,0.11667600274085999
2026-06-09 14:08:27+00:00,1.0,392.0,1.0,46.77254104614258,23.58561134338379,12.0,0.10000801086425781
2026-06-09 14:08:28+00:00,1.0,392.0,1.0,46.77254104614258,23.58561134338379,12.0,0.15556801855564117
2026-06-09 14:08:29+00:00,1.0,392.0,1.0,46.77254104614258,23.58561134338379,12.0,0.09815600514411926
2026-06-09 14:08:30+00:00,1.0,392.0,1.0,46.77254104614258,23.58561134338379,12.0,0.21483199298381805
2026-06-09 14:08:31+00:00,1.0,393.70001220703125,1.0,46.77254104614258,23.58561134338379,12.0,0.11297199875116348
2026-06-09 14:08:32+00:00,1.0,393.70001220703125,1.0,46.77253341674805,23.58561134338379,12.0,0.11297199875116348
2026-06-09 14:08:33+00:00,1.0,393.6000061035156,1.0,46.77253341674805,23.58561134338379,12.0,0.09445200860500336
2026-06-09 14:08:34+00:00,1.0,393.6000061035156,1.0,46.77254104614258,23.58561134338379,12.0,0.09445200860500336
2026-06-09 14:08:35+00:00,1.0,393.79998779296875,1.0,46.77254104614258,23.58561134338379,12.0,0.09445200860500336
2026-06-09 14:08:36+00:00,1.0,393.79998779296875,1.0,46.77254104614258,23.58561134338379,12.0,0.09445200860500336
2026-06-09 14:08:37+00:00,1.0,393.79998779296875,1.0,46.77254104614258,23.58561134338379,12.0,0.09445200860500336
2026-06-09 14:08:38+00:00,1.0,393.6000061035156,1.0,46.77254104614258,23.585607528686523,12.0,0.09445200860500336
2026-06-09 14:08:39+00:00,1.0,393.0,1.0,46.77254104614258,23.585603713989258,12.0,0.09445200860500336
2026-06-09 14:08:40+00:00,1.0,393.1000061035156,1.0,46.77254104614258,23.585603713989258,12.0,0.09445200860500336
2026-06-09 14:08:41+00:00,1.0,393.1000061035156,1.0,46.77254104614258,23.585603713989258,12.0,0.1703840047121048
2026-06-09 14:08:42+00:00,1.0,393.1000061035156,1.0,46.77254104614258,23.585599899291992,12.0,0.43151602149009705
2026-06-09 14:08:43+00:00,1.0,393.1000061035156,1.0,46.77254104614258,23.585596084594727,12.0,0.38151198625564575
2026-06-09 14:08:44+00:00,1.0,393.1000061035156,1.0,46.77254104614258,23.585596084594727,12.0,0.2518719732761383
2026-06-09 14:08:45+00:00,1.0,393.1000061035156,1.0,46.77254104614258,23.58559226989746,12.0,0.7370960116386414
2026-06-09 14:08:46+00:00,1.0,393.1000061035156,1.0,46.77254104614258,23.58559226989746,12.0,0.4574440121650696
2026-06-09 14:08:47+00:00,1.0,393.1000061035156,1.0,46.77254104614258,23.58559226989746,12.0,0.20001600682735443
2026-06-09 14:08:48+00:00,1.0,393.1000061035156,1.0,46.77254104614258,23.58559226989746,12.0,0.38521599769592285
2026-06-09 14:08:49+00:00,1.0,393.1000061035156,1.0,46.77254104614258,23.58559226989746,12.0,0.20001600682735443
2026-06-09 14:08:50+00:00,1.0,393.1000061035156,1.0,46.77254104614258,23.58559226989746,12.0,0.20001600682735443
2026-06-09 14:08:51+00:00,1.0,393.70001220703125,1.0,46.77254104614258,23.585596084594727,12.0,0.20001600682735443
2026-06-09 14:08:52+00:00,1.0,393.79998779296875,1.0,46.77254104614258,23.585596084594727,12.0,0.20001600682735443
2026-06-09 14:08:53+00:00,1.0,393.79998779296875,1.0,46.77254104614258,23.585596084594727,12.0,0.20001600682735443
2026-06-09 14:08:54+00:00,1.0,394.3999938964844,1.0,46.77254104614258,23.585596084594727,12.0,0.20001600682735443
2026-06-09 14:08:55+00:00,1.0,394.5,1.0,46.77254104614258,23.585599899291992,12.0,0.20001600682735443
2026-06-09 14:08:56+00:00,1.0,394.8999938964844,1.0,46.77254104614258,23.585603713989258,12.0,0.3833639919757843
2026-06-09 14:08:57+00:00,1.0,394.8999938964844,1.0,46.77254104614258,23.585603713989258,12.0,0.03148400038480759
2026-06-09 14:08:58+00:00,1.0,394.8999938964844,1.0,46.77254104614258,23.585603713989258,12.0,0.03148400038480759
2026-06-09 14:08:59+00:00,1.0,395.1000061035156,1.0,46.77254104614258,23.585607528686523,12.0,0.03518800064921379
2026-06-09 14:09:00+00:00,1.0,395.1000061035156,1.0,46.77254104614258,23.58561134338379,12.0,0.1814960092306137
2026-06-09 14:09:01+00:00,1.0,395.1000061035156,1.0,46.77254867553711,23.585615158081055,12.0,0.07037600129842758
2026-06-09 14:09:02+00:00,1.0,395.1000061035156,1.0,46.77254104614258,23.585615158081055,12.0,0.1426040083169937
2026-06-09 14:09:03+00:00,1.0,395.1000061035156,1.0,46.77254104614258,23.585620880126953,12.0,0.05185599997639656
2026-06-09 14:09:04+00:00,1.0,395.1000061035156,1.0,46.77254104614258,23.585620880126953,12.0,0.1463080197572708
2026-06-09 14:09:05+00:00,1.0,395.1000061035156,1.0,46.77254104614258,23.585620880126953,12.0,0.11482400447130203
2026-06-09 14:09:06+00:00,1.0,395.1000061035156,1.0,46.77254104614258,23.585620880126953,12.0,0.10186000913381577
2026-06-09 14:09:07+00:00,1.0,395.1000061035156,1.0,46.77254104614258,23.585620880126953,12.0,0.10371200740337372
2026-06-09 14:09:08+00:00,1.0,395.1000061035156,1.0,46.77254104614258,23.58562469482422,12.0,0.21483199298381805
2026-06-09 14:09:09+00:00,1.0,395.1000061035156,1.0,46.77254104614258,23.58562469482422,12.0,0.2944680154323578
2026-06-09 14:09:10+00:00,1.0,396.20001220703125,1.0,46.77254104614258,23.58562469482422,12.0,0.20742398500442505
2026-06-09 14:09:11+00:00,1.0,396.20001220703125,1.0,46.77254104614258,23.58562469482422,12.0,0.20742398500442505
2026-06-09 14:09:12+00:00,1.0,396.20001220703125,1.0,46.77254104614258,23.58562469482422,12.0,0.2129800021648407
2026-06-09 14:09:13+00:00,1.0,395.8999938964844,1.0,46.77254104614258,23.58562469482422,11.0,0.16297601163387299
2026-06-09 14:09:14+00:00,1.0,395.70001220703125,1.0,46.77254867553711,23.58562469482422,12.0,0.16297601163387299
2026-06-09 14:09:16+00:00,1.0,395.6000061035156,1.0,46.77254867553711,23.585628509521484,11.0,0.16297601163387299
2026-06-09 14:09:17+00:00,1.0,395.3999938964844,1.0,46.77254867553711,23.58562469482422,11.0,0.16297601163387299
2026-06-09 14:09:18+00:00,1.0,395.20001220703125,1.0,46.77254867553711,23.58562469482422,11.0,0.16297601163387299
2026-06-09 14:09:19+00:00,1.0,394.8999938964844,1.0,46.77254867553711,23.58562469482422,12.0,0.16297601163387299
2026-06-09 14:09:20+00:00,1.0,394.79998779296875,1.0,46.77254867553711,23.58562469482422,12.0,0.06481999903917313
2026-06-09 14:09:21+00:00,1.0,394.79998779296875,1.0,46.77254867553711,23.585628509521484,12.0,0.09445200860500336
2026-06-09 14:09:22+00:00,1.0,394.79998779296875,1.0,46.77254867553711,23.585628509521484,12.0,0.07593200355768204
2026-06-09 14:09:23+00:00,1.0,394.79998779296875,1.0,46.77254867553711,23.585628509521484,12.0,0.1240840032696724
2026-06-09 14:09:24+00:00,1.0,394.79998779296875,1.0,46.77254867553711,23.585628509521484,12.0,0.1389000117778778
2026-06-09 14:09:25+00:00,1.0,394.79998779296875,1.0,46.77254867553711,23.585628509521484,12.0,0.12038000673055649
2026-06-09 14:09:26+00:00,1.0,394.79998779296875,1.0,46.77254867553711,23.585628509521484,12.0,0.06667200475931168
2026-06-09 14:09:27+00:00,1.0,394.79998779296875,1.0,46.77254867553711,23.585628509521484,12.0,0.16112400591373444
2026-06-09 14:09:28+00:00,1.0,394.79998779296875,1.0,46.77254867553711,23.585628509521484,12.0,0.23520401120185852
2026-06-09 14:09:29+00:00,1.0,394.79998779296875,1.0,46.77254867553711,23.58563232421875,12.0,0.03333600237965584
2026-06-09 14:09:30+00:00,1.0,394.79998779296875,1.0,46.77254867553711,23.58563232421875,12.0,0.09815600514411926
2026-06-09 14:09:32+00:00,1.0,394.79998779296875,1.0,46.77254867553711,23.58563232421875,12.0,0.15371601283550262
2026-06-09 14:09:33+00:00,1.0,394.79998779296875,1.0,46.77254867553711,23.585636138916016,12.0,0.15371601283550262
2026-06-09 14:09:34+00:00,1.0,393.79998779296875,1.0,46.77254867553711,23.585636138916016,12.0,0.14816001057624817
2026-06-09 14:09:35+00:00,1.0,393.70001220703125,1.0,46.77254867553711,23.585636138916016,12.0,0.14816001057624817
2026-06-09 14:09:36+00:00,1.0,393.6000061035156,1.0,46.77254867553711,23.585636138916016,12.0,0.14816001057624817
2026-06-09 14:09:37+00:00,1.0,393.1000061035156,1.0,46.77254867553711,23.585636138916016,12.0,0.14816001057624817
2026-06-09 14:09:38+00:00,1.0,392.8999938964844,1.0,46.77254867553711,23.585636138916016,11.0,0.14816001057624817
2026-06-09 14:09:39+00:00,1.0,392.70001220703125,1.0,46.77254867553711,23.58563995361328,11.0,0.14816001057624817
2026-06-09 14:09:40+00:00,1.0,392.70001220703125,1.0,46.77254867553711,23.58563995361328,11.0,0.1777919977903366
2026-06-09 14:09:41+00:00,1.0,392.3999938964844,1.0,46.77254867553711,23.58563995361328,11.0,0.10186000913381577
2026-06-09 14:09:42+00:00,1.0,392.3999938964844,1.0,46.77254104614258,23.58563995361328,11.0,0.14075200259685516
2026-06-09 14:09:43+00:00,1.0,392.3999938964844,1.0,46.77254104614258,23.58563995361328,11.0,0.24261198937892914
2026-06-09 14:09:44+00:00,1.0,392.3999938964844,1.0,46.77254104614258,23.58563995361328,11.0,0.2592799961566925
2026-06-09 14:09:45+00:00,1.0,392.3999938964844,1.0,46.77254104614258,23.58563995361328,11.0,0.23149999976158142
2026-06-09 14:09:46+00:00,1.0,392.3999938964844,1.0,46.77254104614258,23.58563995361328,11.0,0.32224801182746887
2026-06-09 14:09:47+00:00,1.0,392.3999938964844,1.0,46.77254104614258,23.58563995361328,11.0,0.43151602149009705
2026-06-09 14:09:48+00:00,1.0,392.3999938964844,1.0,46.77254104614258,23.58563995361328,11.0,0.2129800021648407
2026-06-09 14:09:49+00:00,1.0,392.3999938964844,1.0,46.77253341674805,23.585643768310547,11.0,0.022224001586437225
2026-06-09 14:09:50+00:00,1.0,392.3999938964844,1.0,46.77253341674805,23.58563995361328,11.0,0.2129800021648407
2026-06-09 14:09:51+00:00,1.0,392.3999938964844,1.0,46.77253341674805,23.58563995361328,11.0,0.3611399829387665
2026-06-09 14:09:52+00:00,1.0,392.3999938964844,1.0,46.77253341674805,23.58563995361328,11.0,0.3129880130290985
2026-06-09 14:09:53+00:00,1.0,392.3999938964844,1.0,46.77253341674805,23.585636138916016,11.0,0.518559992313385
2026-06-09 14:09:54+00:00,1.0,392.3999938964844,1.0,46.77253341674805,23.585636138916016,11.0,0.38151198625564575
2026-06-09 14:09:55+00:00,1.0,391.5,1.0,46.77253341674805,23.585636138916016,12.0,0.2944680154323578
2026-06-09 14:09:56+00:00,1.0,391.5,1.0,46.77253341674805,23.585636138916016,12.0,0.2944680154323578
2026-06-09 14:09:57+00:00,1.0,390.3999938964844,1.0,46.772525787353516,23.58563232421875,12.0,0.2944680154323578
2026-06-09 14:09:58+00:00,1.0,389.79998779296875,1.0,46.772525787353516,23.585628509521484,12.0,0.2944680154323578
2026-06-09 14:09:59+00:00,1.0,389.3999938964844,1.0,46.772525787353516,23.585628509521484,12.0,0.2944680154323578
2026-06-09 14:10:00+00:00,1.0,389.0,1.0,46.772525787353516,23.585628509521484,12.0,0.27594801783561707
2026-06-09 14:10:01+00:00,1.0,389.20001220703125,1.0,46.772525787353516,23.585628509521484,12.0,0.27594801783561707
2026-06-09 14:10:02+00:00,1.0,389.0,1.0,46.772525787353516,23.58562469482422,12.0,0.6056040525436401
2026-06-09 14:10:03+00:00,1.0,389.0,1.0,46.772525787353516,23.58562469482422,12.0,0.18705201148986816
2026-06-09 14:10:04+00:00,1.0,389.29998779296875,1.0,46.772525787353516,23.585628509521484,11.0,0.2629840075969696
2026-06-09 14:10:05+00:00,1.0,389.29998779296875,1.0,46.772525787353516,23.58562469482422,11.0,1.3945560455322266
2026-06-09 14:10:06+00:00,1.0,389.29998779296875,1.0,46.772525787353516,23.58562469482422,11.0,0.27594801783561707
2026-06-09 14:10:07+00:00,1.0,389.29998779296875,1.0,46.772525787353516,23.58562469482422,11.0,0.27594801783561707
2026-06-09 14:10:08+00:00,1.0,389.29998779296875,1.0,46.77253341674805,23.585603713989258,11.0,0.644495964050293
2026-06-09 14:10:09+00:00,1.0,389.29998779296875,1.0,46.77253341674805,23.585603713989258,11.0,0.5907880067825317
2026-06-09 14:10:10+00:00,1.0,389.29998779296875,1.0,46.772525787353516,23.585599899291992,11.0,0.5963440537452698
2026-06-09 14:10:11+00:00,1.0,389.29998779296875,1.0,46.772525787353516,23.585596084594727,11.0,0.3796600103378296
2026-06-09 14:10:12+00:00,1.0,389.29998779296875,1.0,46.77253341674805,23.585596084594727,11.0,0.2944680154323578
2026-06-09 14:10:13+00:00,1.0,389.29998779296875,1.0,46.772525787353516,23.585596084594727,11.0,0.2481679767370224
2026-06-09 14:10:14+00:00,1.0,389.29998779296875,1.0,46.772525787353516,23.58559226989746,11.0,0.15001201629638672
2026-06-09 14:10:15+00:00,1.0,385.20001220703125,1.0,46.77253341674805,23.58559226989746,12.0,0.15001201629638672
2026-06-09 14:10:16+00:00,1.0,385.5,1.0,46.77253341674805,23.58559226989746,12.0,0.15001201629638672
2026-06-09 14:10:17+00:00,1.0,385.70001220703125,1.0,46.77253341674805,23.58559226989746,12.0,0.15001201629638672
2026-06-09 14:10:18+00:00,1.0,385.8999938964844,1.0,46.77253341674805,23.58559226989746,12.0,0.15001201629638672
2026-06-09 14:10:19+00:00,1.0,386.1000061035156,1.0,46.77253341674805,23.58559226989746,12.0,0.20001600682735443
2026-06-09 14:10:20+00:00,1.0,386.6000061035156,1.0,46.77253341674805,23.58559226989746,12.0,0.20001600682735443
2026-06-09 14:10:21+00:00,1.0,386.6000061035156,1.0,46.77254104614258,23.58559226989746,12.0,0.17964400351047516
2026-06-09 14:10:22+00:00,1.0,386.6000061035156,1.0,46.77254104614258,23.58559226989746,12.0,0.09815600514411926
2026-06-09 14:10:23+00:00,1.0,386.6000061035156,1.0,46.77254867553711,23.58559226989746,12.0,0.02778000198304653
2026-06-09 14:10:24+00:00,1.0,386.6000061035156,1.0,46.77254867553711,23.58559226989746,12.0,0.23705601692199707
2026-06-09 14:10:25+00:00,1.0,386.6000061035156,1.0,46.77254867553711,23.585596084594727,12.0,0.14816001057624817
2026-06-09 14:10:26+00:00,1.0,386.6000061035156,1.0,46.77254867553711,23.585596084594727,12.0,0.22224001586437225
2026-06-09 14:10:27+00:00,1.0,386.6000061035156,1.0,46.77254867553711,23.585603713989258,12.0,0.14445601403713226
2026-06-09 14:10:28+00:00,1.0,386.6000061035156,1.0,46.77254867553711,23.585603713989258,12.0,0.10926800966262817
2026-06-09 14:10:29+00:00,1.0,386.6000061035156,1.0,46.77254867553711,23.585607528686523,12.0,0.06667200475931168
2026-06-09 14:10:30+00:00,1.0,386.6000061035156,1.0,46.77254867553711,23.58561134338379,12.0,0.2740960121154785
2026-06-09 14:10:31+00:00,1.0,386.6000061035156,1.0,46.77254867553711,23.585615158081055,12.0,0.2666879892349243
2026-06-09 14:10:32+00:00,1.0,386.6000061035156,1.0,46.77254867553711,23.58562469482422,12.0,0.2518719732761383
2026-06-09 14:10:33+00:00,1.0,386.6000061035156,1.0,46.77254867553711,23.58562469482422,12.0,0.2518719732761383
2026-06-09 14:10:34+00:00,1.0,396.79998779296875,1.0,46.772560119628906,23.585643768310547,12.0,0.2518719732761383
2026-06-09 14:10:35+00:00,1.0,396.79998779296875,1.0,46.772560119628906,23.585643768310547,12.0,0.2518719732761383
2026-06-09 14:10:36+00:00,1.0,399.8999938964844,1.0,46.77256774902344,23.585660934448242,12.0,0.2518719732761383
2026-06-09 14:10:37+00:00,1.0,401.6000061035156,1.0,46.77257537841797,23.585668563842773,12.0,0.2518719732761383
2026-06-09 14:10:38+00:00,1.0,402.5,1.0,46.77257537841797,23.585676193237305,12.0,0.19075599312782288
2026-06-09 14:10:39+00:00,1.0,402.5,1.0,46.77257537841797,23.585681915283203,12.0,0.131492018699646
2026-06-09 14:10:40+00:00,1.0,404.6000061035156,1.0,46.77257537841797,23.585689544677734,12.0,0.3203960359096527
2026-06-09 14:10:41+00:00,1.0,405.79998779296875,1.0,46.77257537841797,23.585697174072266,12.0,0.11667600274085999
2026-06-09 14:10:42+00:00,1.0,406.8999938964844,1.0,46.7725830078125,23.585704803466797,12.0,0.1463080197572708
2026-06-09 14:10:43+00:00,1.0,1.1697431528753933e-36,1.0,46.7725830078125,7.003689724695436e-42,12.0,2.6044823092638073e-29
2026-06-09 14:10:44+00:00,1.0,408.8999938964844,1.0,46.77259063720703,23.58571434020996,12.0,0.10000801086425781
2026-06-09 14:10:45+00:00,1.0,408.8999938964844,1.0,46.77259063720703,23.585718154907227,12.0,0.3333600163459778
2026-06-09 14:10:46+00:00,1.0,408.8999938964844,1.0,46.77259826660156,23.58571434020996,12.0,0.10926800966262817
2026-06-09 14:10:47+00:00,1.0,408.8999938964844,1.0,46.77259826660156,23.585718154907227,12.0,0.10556400567293167
2026-06-09 14:10:48+00:00,1.0,408.8999938964844,1.0,46.772605895996094,23.585718154907227,12.0,0.07037600129842758
2026-06-09 14:10:49+00:00,1.0,408.8999938964844,1.0,46.772605895996094,23.58571434020996,12.0,0.131492018699646
2026-06-09 14:10:50+00:00,1.0,408.8999938964844,1.0,46.77261734008789,23.585718154907227,12.0,0.1426040083169937
2026-06-09 14:10:51+00:00,1.0,408.8999938964844,1.0,46.77261734008789,23.585718154907227,12.0,0.1277880072593689
2026-06-09 14:10:52+00:00,1.0,408.8999938964844,1.0,46.77261734008789,23.58571434020996,12.0,0.1463080197572708
2026-06-09 14:10:53+00:00,1.0,410.5,1.0,46.77261734008789,23.58571434020996,12.0,0.2092759907245636
2026-06-09 14:10:54+00:00,1.0,410.5,1.0,46.77261734008789,23.58571434020996,12.0,0.2092759907245636
2026-06-09 14:10:55+00:00,1.0,410.5,1.0,46.77261734008789,23.585718154907227,12.0,0.2092759907245636
2026-06-09 14:10:56+00:00,1.0,410.79998779296875,1.0,46.77262496948242,23.585718154907227,12.0,0.050004005432128906
2026-06-09 14:10:57+00:00,1.0,410.79998779296875,1.0,46.77262496948242,23.585718154907227,12.0,0.050004005432128906
2026-06-09 14:10:58+00:00,1.0,410.0,1.0,46.77262496948242,23.585710525512695,12.0,0.050004005432128906
2026-06-09 14:10:59+00:00,1.0,410.1000061035156,1.0,46.77262496948242,23.58571434020996,12.0,0.050004005432128906
2026-06-09 14:11:00+00:00,1.0,409.29998779296875,1.0,46.77262496948242,23.585710525512695,12.0,0.15742000937461853
2026-06-09 14:11:01+00:00,1.0,409.5,1.0,46.77262496948242,23.585710525512695,12.0,0.06111599877476692
2026-06-09 14:11:02+00:00,1.0,409.5,1.0,46.77262496948242,23.585710525512695,12.0,0.1666800081729889
2026-06-09 14:11:03+00:00,1.0,408.8999938964844,1.0,46.77262496948242,23.585704803466797,12.0,0.09815600514411926
2026-06-09 14:11:04+00:00,1.0,409.5,1.0,46.77262496948242,23.585710525512695,12.0,0.08704400062561035
2026-06-09 14:11:05+00:00,1.0,409.5,1.0,46.77262496948242,23.58571434020996,12.0,0.2055720090866089
2026-06-09 14:11:06+00:00,1.0,408.8999938964844,1.0,46.77262496948242,23.585710525512695,12.0,0.12593600153923035
2026-06-09 14:11:07+00:00,1.0,408.8999938964844,1.0,46.77262496948242,23.585718154907227,12.0,0.10741601139307022
2026-06-09 14:11:08+00:00,1.0,408.8999938964844,1.0,46.77262496948242,23.585718154907227,12.0,0.15371601283550262
2026-06-09 14:11:09+00:00,1.0,408.8999938964844,1.0,46.77262496948242,23.585718154907227,12.0,0.10371200740337372
2026-06-09 14:11:10+00:00,1.0,408.8999938964844,1.0,46.77262496948242,23.585721969604492,12.0,0.05926400423049927
2026-06-09 14:11:11+00:00,1.0,408.8999938964844,1.0,46.77262496948242,23.585725784301758,12.0,0.16297601163387299
2026-06-09 14:11:12+00:00,1.0,408.8999938964844,1.0,46.77262496948242,23.585721969604492,12.0,0.08334000408649445
2026-06-09 14:11:13+00:00,1.0,408.8999938964844,1.0,46.77262496948242,23.585725784301758,12.0,0.16297601163387299
2026-06-09 14:11:14+00:00,1.0,408.8999938964844,1.0,46.77262496948242,23.585725784301758,12.0,0.10371200740337372
2026-06-09 14:11:15+00:00,1.0,408.8999938964844,1.0,46.77262496948242,23.585725784301758,12.0,0.10371200740337372
2026-06-09 14:11:16+00:00,1.0,410.6000061035156,1.0,46.77262496948242,23.58573341369629,12.0,0.10371200740337372
2026-06-09 14:11:17+00:00,1.0,410.6000061035156,1.0,46.77262496948242,23.58573341369629,12.0,0.10371200740337372
2026-06-09 14:11:18+00:00,1.0,410.6000061035156,1.0,46.77262496948242,23.58573341369629,12.0,0.10371200740337372
2026-06-09 14:11:19+00:00,1.0,410.5,1.0,46.77262496948242,23.585737228393555,12.0,0.10371200740337372
2026-06-09 14:11:20+00:00,1.0,410.0,1.0,46.77262496948242,23.58573341369629,12.0,0.057412002235651016
2026-06-09 14:11:21+00:00,1.0,410.3999938964844,1.0,46.77262496948242,23.585737228393555,12.0,0.22224001586437225
2026-06-09 14:11:22+00:00,1.0,411.0,1.0,46.77261734008789,23.58574676513672,12.0,0.09815600514411926
2026-06-09 14:11:23+00:00,1.0,411.0,1.0,46.77261734008789,23.585750579833984,12.0,0.09445200860500336
2026-06-09 14:11:24+00:00,1.0,411.0,1.0,46.77261734008789,23.58575439453125,12.0,0.21483199298381805
2026-06-09 14:11:25+00:00,1.0,411.0,1.0,46.77261734008789,23.585758209228516,12.0,0.2055720090866089
2026-06-09 14:11:26+00:00,1.0,411.0,1.0,46.77261734008789,23.58576202392578,12.0,0.14445601403713226
2026-06-09 14:11:27+00:00,1.0,411.0,1.0,46.77261734008789,23.585771560668945,12.0,0.46299999952316284
2026-06-09 14:11:28+00:00,1.0,411.0,1.0,46.77261734008789,23.585771560668945,12.0,0.46299999952316284
2026-06-09 14:11:29+00:00,1.0,411.0,1.0,46.772605895996094,23.585779190063477,12.0,0.2703920006752014
2026-06-09 14:11:30+00:00,1.0,411.0,1.0,46.772605895996094,23.585779190063477,12.0,0.07408000528812408
2026-06-09 14:11:31+00:00,1.0,411.0,1.0,46.772605895996094,23.585779190063477,12.0,0.5741199851036072
2026-06-09 14:11:32+00:00,1.0,411.0,1.0,46.77259826660156,23.585783004760742,12.0,0.5074480175971985
2026-06-09 14:11:33+00:00,1.0,411.0,1.0,46.77259826660156,23.585783004760742,12.0,0.5074480175971985
2026-06-09 14:11:34+00:00,1.0,411.0,1.0,46.77259826660156,23.585779190063477,12.0,0.9482239484786987
2026-06-09 14:11:35+00:00,1.0,418.79998779296875,1.0,46.77259063720703,23.58577537536621,12.0,0.9482239484786987
2026-06-09 14:11:36+00:00,1.0,418.79998779296875,1.0,46.77259063720703,23.58577537536621,12.0,0.9482239484786987
2026-06-09 14:11:37+00:00,1.0,420.20001220703125,1.0,46.7725830078125,23.585779190063477,12.0,0.8389559984207153
2026-06-09 14:11:38+00:00,1.0,421.1000061035156,1.0,46.7725830078125,23.585779190063477,12.0,1.003783941268921
2026-06-09 14:11:39+00:00,1.0,424.79998779296875,1.0,46.77257537841797,23.585790634155273,12.0,1.2612119913101196
2026-06-09 14:11:40+00:00,1.0,424.79998779296875,1.0,46.77257537841797,23.585790634155273,12.0,1.2612119913101196
2026-06-09 14:11:41+00:00,1.0,425.79998779296875,1.0,46.77257537841797,23.585790634155273,12.0,1.7242120504379272
2026-06-09 14:11:42+00:00,1.0,426.6000061035156,1.0,46.7725830078125,23.585790634155273,12.0,1.8057000637054443
2026-06-09 14:11:43+00:00,1.0,427.29998779296875,1.0,46.7725830078125,23.585790634155273,12.0,1.1760200262069702
2026-06-09 14:11:44+00:00,1.0,427.29998779296875,1.0,46.7725830078125,23.585790634155273,12.0,1.1500920057296753
2026-06-09 14:11:45+00:00,1.0,427.29998779296875,1.0,46.7725830078125,23.585786819458008,12.0,0.37410402297973633
2026-06-09 14:11:46+00:00,1.0,427.29998779296875,1.0,46.7725830078125,23.585786819458008,12.0,0.37410402297973633
2026-06-09 14:11:47+00:00,1.0,427.29998779296875,1.0,46.7725830078125,23.585786819458008,12.0,0.8037680387496948
2026-06-09 14:11:48+00:00,1.0,429.1000061035156,1.0,46.7725830078125,23.585786819458008,12.0,0.7667279839515686
2026-06-09 14:11:49+00:00,1.0,429.1000061035156,1.0,46.7725830078125,23.585779190063477,12.0,0.5055959820747375
2026-06-09 14:11:50+00:00,1.0,429.1000061035156,1.0,46.7725830078125,23.585742950439453,12.0,0.3203960359096527
2026-06-09 14:11:51+00:00,1.0,429.1000061035156,1.0,46.7725830078125,23.585742950439453,12.0,0.3203960359096527
2026-06-09 14:11:52+00:00,1.0,429.1000061035156,1.0,46.7725830078125,23.585742950439453,12.0,0.3203960359096527
2026-06-09 14:11:53+00:00,1.0,429.1000061035156,1.0,46.7725830078125,23.585742950439453,12.0,0.3203960359096527
2026-06-09 14:11:54+00:00,1.0,429.1000061035156,1.0,46.7725830078125,23.585729598999023,12.0,0.131492018699646
2026-06-09 14:11:55+00:00,1.0,429.1000061035156,1.0,46.7725830078125,23.585729598999023,12.0,0.131492018699646
2026-06-09 14:11:56+00:00,1.0,429.1000061035156,1.0,46.7725830078125,23.585729598999023,12.0,0.131492018699646
2026-06-09 14:11:57+00:00,1.0,429.1000061035156,1.0,46.7725830078125,23.585729598999023,12.0,0.131492018699646
2026-06-09 14:11:58+00:00,1.0,422.5,1.0,46.7725830078125,23.585721969604492,12.0,0.131492018699646
2026-06-09 14:11:59+00:00,1.0,421.3999938964844,1.0,46.7725830078125,23.58571434020996,12.0,0.11667600274085999
2026-06-09 14:12:00+00:00,1.0,420.29998779296875,1.0,46.7725830078125,23.585704803466797,12.0,0.4537400007247925
2026-06-09 14:12:01+00:00,1.0,419.8999938964844,1.0,46.7725830078125,23.58570098876953,12.0,0.4537400007247925
2026-06-09 14:12:02+00:00,1.0,419.6000061035156,1.0,46.7725830078125,23.58570098876953,12.0,0.08334000408649445
2026-06-09 14:12:03+00:00,1.0,418.1000061035156,1.0,46.7725830078125,23.585689544677734,12.0,0.22224001586437225
2026-06-09 14:12:04+00:00,1.0,418.3999938964844,1.0,46.77257537841797,23.585693359375,12.0,0.1463080197572708
2026-06-09 14:12:05+00:00,1.0,418.3999938964844,1.0,46.77257537841797,23.585693359375,12.0,0.1463080197572708
2026-06-09 14:12:06+00:00,1.0,417.70001220703125,1.0,46.7725830078125,23.58567237854004,12.0,1.1575000286102295
2026-06-09 14:12:07+00:00,1.0,417.70001220703125,1.0,46.7725830078125,23.585660934448242,12.0,1.9094120264053345
2026-06-09 14:12:08+00:00,1.0,417.70001220703125,1.0,46.77259063720703,23.58565330505371,12.0,0.6648680567741394
2026-06-09 14:12:09+00:00,1.0,417.70001220703125,1.0,46.77259063720703,23.58565330505371,12.0,0.6648680567741394
2026-06-09 14:12:10+00:00,1.0,417.70001220703125,1.0,46.7725830078125,23.585636138916016,12.0,0.09445200860500336
2026-06-09 14:12:11+00:00,1.0,417.70001220703125,1.0,46.7725830078125,23.585636138916016,12.0,0.09445200860500336
2026-06-09 14:12:12+00:00,1.0,417.70001220703125,1.0,46.77257537841797,23.585615158081055,12.0,0.5389320254325867
2026-06-09 14:12:13+00:00,1.0,406.29998779296875,1.0,46.77257537841797,23.58559226989746,12.0,0.5741199851036072
2026-06-09 14:12:14+00:00,1.0,406.29998779296875,1.0,46.77257537841797,23.58559226989746,12.0,0.5741199851036072
2026-06-09 14:12:15+00:00,1.0,406.29998779296875,1.0,46.77259063720703,23.58555030822754,12.0,0.5741199851036072
2026-06-09 14:12:16+00:00,1.0,406.29998779296875,1.0,46.77259826660156,23.58553123474121,12.0,0.5741199851036072
2026-06-09 14:12:17+00:00,1.0,398.6000061035156,1.0,46.772605895996094,23.585514068603516,12.0,0.12964001297950745
2026-06-09 14:12:18+00:00,1.0,398.6000061035156,1.0,46.772605895996094,23.585514068603516,12.0,0.12964001297950745
2026-06-09 14:12:19+00:00,1.0,398.6000061035156,1.0,46.772605895996094,23.585514068603516,12.0,0.12964001297950745
2026-06-09 14:12:20+00:00,1.0,394.5,1.0,46.77261734008789,23.585493087768555,12.0,0.12964001297950745
2026-06-09 14:12:21+00:00,1.0,392.70001220703125,1.0,46.77261734008789,23.585485458374023,12.0,0.12964001297950745
2026-06-09 14:12:22+00:00,1.0,392.70001220703125,1.0,46.77261734008789,23.585485458374023,12.0,0.12964001297950745
2026-06-09 14:12:23+00:00,1.0,391.5,1.0,46.77261734008789,23.585477828979492,12.0,0.1277880072593689
2026-06-09 14:12:24+00:00,1.0,390.79998779296875,1.0,46.77261734008789,23.585477828979492,12.0,0.1277880072593689
2026-06-09 14:12:25+00:00,1.0,388.79998779296875,1.0,46.77261734008789,23.58547019958496,12.0,0.40373602509498596
2026-06-09 14:12:26+00:00,1.0,387.70001220703125,1.0,46.77261734008789,23.58547019958496,12.0,0.2129800021648407
2026-06-09 14:12:27+00:00,1.0,387.70001220703125,1.0,46.77261734008789,23.585466384887695,12.0,0.10371200740337372
2026-06-09 14:12:28+00:00,1.0,386.79998779296875,1.0,46.77261734008789,23.585466384887695,12.0,0.1666800081729889
2026-06-09 14:12:29+00:00,1.0,386.79998779296875,1.0,46.77261734008789,23.585460662841797,12.0,0.1740880012512207
2026-06-09 14:12:30+00:00,1.0,386.79998779296875,1.0,46.77261734008789,23.585460662841797,12.0,0.22779600322246552
2026-06-09 14:12:31+00:00,1.0,386.79998779296875,1.0,46.77261734008789,23.585460662841797,12.0,0.05926400423049927
2026-06-09 14:12:32+00:00,1.0,386.79998779296875,1.0,46.77261734008789,23.585460662841797,12.0,0.2815040051937103
2026-06-09 14:12:33+00:00,1.0,386.79998779296875,1.0,46.77261734008789,23.585466384887695,12.0,0.1703840047121048
2026-06-09 14:12:34+00:00,1.0,386.79998779296875,1.0,46.77261734008789,23.585466384887695,12.0,0.07408000528812408
2026-06-09 14:12:35+00:00,1.0,386.79998779296875,1.0,46.77261734008789,23.585466384887695,12.0,0.07408000528812408
2026-06-09 14:12:36+00:00,1.0,386.79998779296875,1.0,46.77261734008789,23.585466384887695,12.0,0.5111520290374756
2026-06-09 14:12:37+00:00,1.0,386.79998779296875,1.0,46.77261734008789,23.585466384887695,12.0,0.5111520290374756
2026-06-09 14:12:38+00:00,1.0,386.79998779296875,1.0,46.77261734008789,23.585466384887695,12.0,0.5111520290374756
2026-06-09 14:12:39+00:00,1.0,386.79998779296875,1.0,46.77261734008789,23.585466384887695,12.0,0.5111520290374756
2026-06-09 14:12:40+00:00,1.0,386.79998779296875,1.0,46.77261734008789,23.585466384887695,12.0,0.5111520290374756
2026-06-09 14:12:41+00:00,1.0,386.79998779296875,1.0,46.77261734008789,23.585466384887695,12.0,0.5111520290374756
2026-06-09 14:12:42+00:00,1.0,386.79998779296875,1.0,46.77261734008789,23.585466384887695,12.0,0.5111520290374756
2026-06-09 14:12:43+00:00,1.0,379.5,1.0,46.77259826660156,23.585460662841797,12.0,0.057412002235651016
2026-06-09 14:12:44+00:00,1.0,379.1000061035156,1.0,46.77259826660156,23.585460662841797,12.0,0.057412002235651016
2026-06-09 14:12:45+00:00,1.0,379.29998779296875,1.0,46.77259826660156,23.58545684814453,12.0,0.14816001057624817
2026-06-09 14:12:46+00:00,1.0,379.29998779296875,1.0,46.77259826660156,23.58545684814453,12.0,0.14816001057624817
2026-06-09 14:12:47+00:00,1.0,379.6000061035156,1.0,46.77259063720703,23.585453033447266,12.0,0.22594399750232697
2026-06-09 14:12:48+00:00,1.0,379.6000061035156,1.0,46.77259063720703,23.58544921875,12.0,0.16297601163387299
2026-06-09 14:12:49+00:00,1.0,379.6000061035156,1.0,46.77259063720703,23.58544921875,12.0,0.16297601163387299
2026-06-09 14:12:50+00:00,1.0,379.6000061035156,1.0,46.77259063720703,23.585445404052734,12.0,0.06481999903917313
2026-06-09 14:12:51+00:00,1.0,379.6000061035156,1.0,46.77259063720703,23.585445404052734,12.0,0.0425960049033165
2026-06-09 14:12:52+00:00,1.0,379.6000061035156,1.0,46.77259063720703,23.58544158935547,12.0,0.5907880067825317
2026-06-09 14:12:53+00:00,1.0,379.6000061035156,1.0,46.77259063720703,23.58544158935547,12.0,0.5907880067825317
2026-06-09 14:12:54+00:00,1.0,381.0,1.0,46.77259063720703,23.58544158935547,12.0,0.0037040002644062042
2026-06-09 14:12:55+00:00,1.0,381.0,1.0,46.77259826660156,23.58544158935547,12.0,0.5630080103874207
2026-06-09 14:12:56+00:00,1.0,381.0,1.0,46.77259826660156,23.58544158935547,12.0,0.5630080103874207
2026-06-09 14:12:57+00:00,1.0,381.0,1.0,46.77259826660156,23.585437774658203,12.0,2.150172233581543
2026-06-09 14:12:58+00:00,1.0,381.0,1.0,46.77259826660156,23.585432052612305,12.0,1.5779039859771729
2026-06-09 14:12:59+00:00,1.0,381.0,1.0,46.772605895996094,23.58542823791504,12.0,3.3058202266693115
2026-06-09 14:13:00+00:00,1.0,381.0,1.0,46.772605895996094,23.58540916442871,12.0,3.655848264694214
2026-06-09 14:13:01+00:00,1.0,381.0,1.0,46.77262496948242,23.58539581298828,12.0,6.900552272796631
2026-06-09 14:13:02+00:00,1.0,381.0,1.0,46.77263259887695,23.585384368896484,12.0,6.954260349273682
2026-06-09 14:13:03+00:00,1.0,378.29998779296875,1.0,46.772640228271484,23.585376739501953,12.0,3.605844020843506
2026-06-09 14:13:04+00:00,1.0,378.29998779296875,1.0,46.772640228271484,23.585376739501953,12.0,3.605844020843506
2026-06-09 14:13:05+00:00,1.0,377.79998779296875,1.0,46.772640228271484,23.585376739501953,12.0,2.409451961517334
2026-06-09 14:13:06+00:00,1.0,377.70001220703125,1.0,46.772640228271484,23.585376739501953,12.0,1.4556719064712524
2026-06-09 14:13:07+00:00,1.0,377.70001220703125,1.0,46.772647857666016,23.585376739501953,12.0,0.9037759900093079
2026-06-09 14:13:08+00:00,1.0,377.70001220703125,1.0,46.772647857666016,23.585376739501953,12.0,0.9037759900093079
2026-06-09 14:13:09+00:00,1.0,377.3999938964844,1.0,46.772647857666016,23.585376739501953,12.0,0.7482080459594727
2026-06-09 14:13:10+00:00,1.0,377.3999938964844,1.0,46.772647857666016,23.585376739501953,12.0,0.7482080459594727
2026-06-09 14:13:11+00:00,1.0,377.3999938964844,1.0,46.772647857666016,23.585376739501953,12.0,0.8389559984207153
2026-06-09 14:13:12+00:00,1.0,377.3999938964844,1.0,46.772647857666016,23.585376739501953,12.0,0.8389559984207153
2026-06-09 14:13:13+00:00,1.0,377.3999938964844,1.0,46.772647857666016,23.58538055419922,12.0,0.3611399829387665
2026-06-09 14:13:14+00:00,1.0,377.1000061035156,1.0,46.772647857666016,23.58538055419922,12.0,0.4222559928894043
2026-06-09 14:13:15+00:00,1.0,377.1000061035156,1.0,46.772640228271484,23.585391998291016,12.0,2.905787706375122
2026-06-09 14:13:16+00:00,1.0,377.1000061035156,1.0,46.77263259887695,23.585399627685547,12.0,3.5132439136505127
2026-06-09 14:13:17+00:00,1.0,377.1000061035156,1.0,46.772605895996094,23.585416793823242,12.0,1.9538599252700806
2026-06-09 14:13:18+00:00,1.0,377.1000061035156,1.0,46.77259826660156,23.585420608520508,12.0,0.5426360368728638
2026-06-09 14:13:19+00:00,1.0,377.6000061035156,1.0,46.77259826660156,23.585420608520508,12.0,0.21853600442409515
2026-06-09 14:13:20+00:00,1.0,377.79998779296875,1.0,46.77259826660156,23.585420608520508,12.0,0.8296959400177002
2026-06-09 14:13:21+00:00,1.0,377.8999938964844,1.0,46.772605895996094,23.585416793823242,12.0,2.366856098175049
2026-06-09 14:13:22+00:00,1.0,377.8999938964844,1.0,46.772605895996094,23.585416793823242,12.0,2.366856098175049
2026-06-09 14:13:23+00:00,1.0,377.5,1.0,46.77261734008789,23.585412979125977,12.0,4.311455726623535
2026-06-09 14:13:24+00:00,1.0,377.3999938964844,1.0,46.77262496948242,23.585399627685547,12.0,6.187531471252441
2026-06-09 14:13:25+00:00,1.0,377.3999938964844,1.0,46.77263259887695,23.58538818359375,12.0,6.417180061340332
2026-06-09 14:13:26+00:00,1.0,377.3999938964844,1.0,46.772647857666016,23.585376739501953,12.0,5.205971717834473
2026-06-09 14:13:27+00:00,1.0,377.3999938964844,1.0,46.772647857666016,23.585376739501953,12.0,5.205971717834473
2026-06-09 14:13:28+00:00,1.0,377.3999938964844,1.0,46.772647857666016,23.585376739501953,12.0,5.205971717834473
2026-06-09 14:13:29+00:00,1.0,377.3999938964844,1.0,46.772647857666016,23.585376739501953,12.0,5.205971717834473
2026-06-09 14:13:30+00:00,1.0,377.3999938964844,1.0,46.772647857666016,23.585376739501953,12.0,5.205971717834473
2026-06-09 14:13:31+00:00,1.0,377.3999938964844,1.0,46.772647857666016,23.585376739501953,12.0,5.205971717834473
2026-06-09 14:13:32+00:00,1.0,377.3999938964844,1.0,46.77266311645508,23.58538055419922,12.0,0.0926000103354454
2026-06-09 14:13:33+00:00,1.0,377.3999938964844,1.0,46.77266311645508,23.58538055419922,12.0,0.0926000103354454
2026-06-09 14:13:34+00:00,1.0,377.3999938964844,1.0,46.77266311645508,23.58538055419922,12.0,0.0926000103354454
2026-06-09 14:13:35+00:00,1.0,377.3999938964844,1.0,46.77267074584961,23.585399627685547,12.0,0.020372001454234123
2026-06-09 14:13:36+00:00,1.0,377.3999938964844,1.0,46.77267074584961,23.585399627685547,12.0,0.020372001454234123
2026-06-09 14:13:37+00:00,1.0,377.3999938964844,1.0,46.77267074584961,23.585412979125977,12.0,0.085192009806633
2026-06-09 14:13:38+00:00,1.0,377.3999938964844,1.0,46.77267074584961,23.585412979125977,12.0,0.085192009806633
2026-06-09 14:13:39+00:00,1.0,377.3999938964844,1.0,46.77267074584961,23.585412979125977,12.0,0.085192009806633
2026-06-09 14:13:40+00:00,1.0,377.3999938964844,1.0,46.77267074584961,23.585416793823242,12.0,0.0463000051677227
2026-06-09 14:13:41+00:00,1.0,382.5,1.0,46.77267074584961,23.585416793823242,12.0,0.048151999711990356
2026-06-09 14:13:42+00:00,1.0,382.79998779296875,1.0,46.77267074584961,23.585416793823242,12.0,0.03518800064921379
2026-06-09 14:13:43+00:00,1.0,382.79998779296875,1.0,46.77267074584961,23.585416793823242,12.0,0.03518800064921379
2026-06-09 14:13:44+00:00,1.0,383.0,1.0,46.77266311645508,23.585416793823242,12.0,0.0425960049033165
2026-06-09 14:13:45+00:00,1.0,383.1000061035156,1.0,46.77266311645508,23.585420608520508,12.0,0.12038000673055649
2026-06-09 14:13:46+00:00,1.0,383.29998779296875,1.0,46.77266311645508,23.585420608520508,12.0,0.11112000793218613
2026-06-09 14:13:47+00:00,1.0,383.29998779296875,1.0,46.77266311645508,23.585420608520508,12.0,0.11112000793218613
2026-06-09 14:13:48+00:00,1.0,383.5,1.0,46.77266311645508,23.585420608520508,12.0,0.09445200860500336
2026-06-09 14:13:49+00:00,1.0,383.5,1.0,46.77266311645508,23.585424423217773,12.0,0.10741601139307022
2026-06-09 14:13:50+00:00,1.0,383.5,1.0,46.77266311645508,23.585424423217773,12.0,0.10741601139307022
2026-06-09 14:13:51+00:00,1.0,383.5,1.0,46.77266311645508,23.585424423217773,12.0,0.10741601139307022
2026-06-09 14:13:52+00:00,1.0,383.5,1.0,46.772647857666016,23.585432052612305,12.0,2.2372162342071533
2026-06-09 14:13:53+00:00,1.0,383.5,1.0,46.772647857666016,23.585432052612305,12.0,2.2372162342071533
2026-06-09 14:13:54+00:00,1.0,383.5,1.0,46.772647857666016,23.585432052612305,12.0,2.2372162342071533
2026-06-09 14:13:55+00:00,1.0,383.5,1.0,46.772647857666016,23.585432052612305,12.0,2.2372162342071533
2026-06-09 14:13:56+00:00,1.0,383.5,1.0,46.77262496948242,23.585460662841797,12.0,3.8743839263916016
2026-06-09 14:13:57+00:00,1.0,383.5,1.0,46.77262496948242,23.58547019958496,12.0,2.3742640018463135
2026-06-09 14:13:58+00:00,1.0,383.5,1.0,46.77261734008789,23.58547019958496,12.0,1.2556560039520264
2026-06-09 14:13:59+00:00,1.0,383.5,1.0,46.77261734008789,23.58547019958496,12.0,1.2556560039520264
2026-06-09 14:14:00+00:00,1.0,383.5,1.0,46.77261734008789,23.585474014282227,12.0,0.16853201389312744
2026-06-09 14:14:01+00:00,1.0,384.1000061035156,1.0,46.77261734008789,23.585474014282227,12.0,0.048151999711990356
2026-06-09 14:14:02+00:00,1.0,384.1000061035156,1.0,46.77262496948242,23.585474014282227,12.0,0.050004005432128906
2026-06-09 14:14:03+00:00,1.0,384.1000061035156,1.0,46.77262496948242,23.585474014282227,12.0,0.050004005432128906
2026-06-09 14:14:04+00:00,1.0,384.0,1.0,46.77262496948242,23.585474014282227,12.0,0.03518800064921379
2026-06-09 14:14:05+00:00,1.0,383.79998779296875,1.0,46.77262496948242,23.585474014282227,12.0,0.06852400302886963
2026-06-09 14:14:06+00:00,1.0,383.70001220703125,1.0,46.77262496948242,23.58547019958496,12.0,1.9316359758377075
2026-06-09 14:14:07+00:00,1.0,383.70001220703125,1.0,46.77263259887695,23.585466384887695,12.0,2.4724197387695312
2026-06-09 14:14:08+00:00,1.0,383.70001220703125,1.0,46.77263259887695,23.585466384887695,12.0,2.4724197387695312
2026-06-09 14:14:09+00:00,1.0,383.6000061035156,1.0,46.772647857666016,23.58544921875,12.0,4.752232074737549
2026-06-09 14:14:10+00:00,1.0,383.6000061035156,1.0,46.772647857666016,23.58544921875,12.0,4.752232074737549
2026-06-09 14:14:11+00:00,1.0,383.6000061035156,1.0,46.77267074584961,23.58542823791504,12.0,3.600287914276123
2026-06-09 14:14:12+00:00,1.0,383.6000061035156,1.0,46.77267074584961,23.58542823791504,12.0,3.600287914276123
2026-06-09 14:14:13+00:00,1.0,383.6000061035156,1.0,46.77267074584961,23.58542823791504,12.0,3.600287914276123
2026-06-09 14:14:14+00:00,1.0,383.6000061035156,1.0,46.77267074584961,23.58542823791504,12.0,3.600287914276123
2026-06-09 14:14:15+00:00,1.0,383.6000061035156,1.0,46.77267074584961,23.58542823791504,12.0,3.600287914276123
2026-06-09 14:14:16+00:00,1.0,383.6000061035156,1.0,46.772682189941406,23.585424423217773,12.0,0.08148800581693649
2026-06-09 14:14:17+00:00,1.0,383.6000061035156,1.0,46.772682189941406,23.585424423217773,12.0,0.13334400951862335
2026-06-09 14:14:18+00:00,1.0,383.6000061035156,1.0,46.772682189941406,23.585424423217773,12.0,0.15742000937461853
2026-06-09 14:14:19+00:00,1.0,384.3999938964844,1.0,46.77267074584961,23.58542823791504,12.0,0.15186400711536407
2026-06-09 14:14:20+00:00,1.0,384.3999938964844,1.0,46.77267074584961,23.58542823791504,12.0,0.07778400927782059
2026-06-09 14:14:21+00:00,1.0,384.6000061035156,1.0,46.77267074584961,23.58542823791504,12.0,0.04444800317287445
2026-06-09 14:14:22+00:00,1.0,384.6000061035156,1.0,46.77267074584961,23.58542823791504,12.0,0.03148400038480759
2026-06-09 14:14:23+00:00,1.0,384.6000061035156,1.0,46.77267074584961,23.58542823791504,12.0,0.03148400038480759
2026-06-09 14:14:24+00:00,1.0,384.8999938964844,1.0,46.77267074584961,23.58542823791504,12.0,0.05370800569653511
2026-06-09 14:14:25+00:00,1.0,385.1000061035156,1.0,46.77267074584961,23.585432052612305,12.0,0.02778000198304653
2026-06-09 14:14:26+00:00,1.0,385.1000061035156,1.0,46.77267074584961,23.585432052612305,12.0,0.04444800317287445
2026-06-09 14:14:27+00:00,1.0,385.3999938964844,1.0,46.77267074584961,23.585437774658203,12.0,0.04444800317287445
2026-06-09 14:14:28+00:00,1.0,385.3999938964844,1.0,46.77267074584961,23.585437774658203,12.0,0.04444800317287445
2026-06-09 14:14:29+00:00,1.0,385.5,1.0,46.77267074584961,23.585437774658203,12.0,0.07593200355768204
2026-06-09 14:14:30+00:00,1.0,385.70001220703125,1.0,46.77267074584961,23.585437774658203,12.0,0.07593200355768204
2026-06-09 14:14:31+00:00,1.0,385.70001220703125,1.0,46.77266311645508,23.585437774658203,12.0,0.07222799956798553
2026-06-09 14:14:32+00:00,1.0,385.70001220703125,1.0,46.77266311645508,23.585437774658203,12.0,0.07222799956798553
2026-06-09 14:14:33+00:00,1.0,385.70001220703125,1.0,46.77266311645508,23.585437774658203,12.0,0.07222799956798553
2026-06-09 14:14:34+00:00,1.0,385.70001220703125,1.0,46.77266311645508,23.585437774658203,12.0,0.07222799956798553
2026-06-09 14:14:35+00:00,1.0,385.70001220703125,1.0,46.772647857666016,23.585453033447266,12.0,2.0205321311950684
2026-06-09 14:14:36+00:00,1.0,385.70001220703125,1.0,46.772647857666016,23.585453033447266,12.0,2.0205321311950684
2026-06-09 14:14:37+00:00,1.0,385.70001220703125,1.0,46.772640228271484,23.585460662841797,12.0,1.505676031112671
2026-06-09 14:14:38+00:00,1.0,385.70001220703125,1.0,46.772640228271484,23.585460662841797,12.0,1.1649080514907837
2026-06-09 14:14:39+00:00,1.0,385.70001220703125,1.0,46.772640228271484,23.585460662841797,12.0,0.40003201365470886
2026-06-09 14:14:40+00:00,1.0,385.70001220703125,1.0,46.772640228271484,23.585460662841797,12.0,0.18520000576972961
2026-06-09 14:14:41+00:00,1.0,385.70001220703125,1.0,46.772640228271484,23.585460662841797,12.0,0.33891603350639343
2026-06-09 14:14:42+00:00,1.0,385.70001220703125,1.0,46.772640228271484,23.585460662841797,12.0,0.03148400038480759
2026-06-09 14:14:43+00:00,1.0,385.70001220703125,1.0,46.772640228271484,23.585460662841797,12.0,0.03148400038480759
2026-06-09 14:14:44+00:00,1.0,385.1000061035156,1.0,46.772640228271484,23.585460662841797,12.0,0.04444800317287445
2026-06-09 14:14:45+00:00,1.0,385.1000061035156,1.0,46.772640228271484,23.585460662841797,12.0,0.04444800317287445
2026-06-09 14:14:46+00:00,1.0,384.8999938964844,1.0,46.772640228271484,23.585460662841797,12.0,0.06852400302886963
2026-06-09 14:14:47+00:00,1.0,384.70001220703125,1.0,46.772640228271484,23.585460662841797,12.0,0.02592799998819828
2026-06-09 14:14:48+00:00,1.0,384.6000061035156,1.0,46.772647857666016,23.58545684814453,12.0,0.0018520001322031021
2026-06-09 14:14:49+00:00,1.0,384.3999938964844,1.0,46.772647857666016,23.58545684814453,12.0,0.02592799998819828
2026-06-09 14:14:50+00:00,1.0,384.3999938964844,1.0,46.772647857666016,23.58545684814453,12.0,0.3315080404281616
2026-06-09 14:14:51+00:00,1.0,384.3999938964844,1.0,46.772647857666016,23.58545684814453,12.0,0.3315080404281616
2026-06-09 14:14:52+00:00,1.0,384.3999938964844,1.0,46.772640228271484,23.585460662841797,12.0,1.168612003326416
2026-06-09 14:14:53+00:00,1.0,384.3999938964844,1.0,46.772640228271484,23.585460662841797,12.0,1.168612003326416
2026-06-09 14:14:54+00:00,1.0,384.3999938964844,1.0,46.772640228271484,23.585460662841797,12.0,1.168612003326416
2026-06-09 14:14:55+00:00,1.0,384.3999938964844,1.0,46.772640228271484,23.585466384887695,12.0,1.4260399341583252
2026-06-09 14:14:56+00:00,1.0,384.3999938964844,1.0,46.77263259887695,23.58547019958496,12.0,1.4038159847259521
2026-06-09 14:14:57+00:00,1.0,384.3999938964844,1.0,46.77263259887695,23.585474014282227,12.0,1.8334800004959106
2026-06-09 14:14:58+00:00,1.0,384.3999938964844,1.0,46.77263259887695,23.585474014282227,12.0,1.8334800004959106
2026-06-09 14:14:59+00:00,1.0,384.3999938964844,1.0,46.77262496948242,23.585481643676758,12.0,3.057651996612549
2026-06-09 14:15:00+00:00,1.0,384.3999938964844,1.0,46.77262496948242,23.585481643676758,12.0,3.057651996612549
2026-06-09 14:15:01+00:00,1.0,384.20001220703125,1.0,46.77261734008789,23.58548927307129,12.0,1.7945880889892578
2026-06-09 14:15:02+00:00,1.0,384.3999938964844,1.0,46.772605895996094,23.585493087768555,12.0,2.0186800956726074
2026-06-09 14:15:03+00:00,1.0,384.3999938964844,1.0,46.77259826660156,23.58550262451172,12.0,2.268700122833252
2026-06-09 14:15:04+00:00,1.0,384.3999938964844,1.0,46.77259826660156,23.58550262451172,12.0,2.1353559494018555
2026-06-09 14:15:05+00:00,1.0,384.5,1.0,46.77259826660156,23.58550262451172,12.0,2.1353559494018555
2026-06-09 14:15:06+00:00,1.0,384.5,1.0,46.77259826660156,23.58550262451172,12.0,0.022224001586437225
2026-06-09 14:15:07+00:00,1.0,384.5,1.0,46.77259826660156,23.58550262451172,12.0,0.022224001586437225
2026-06-09 14:15:08+00:00,1.0,384.70001220703125,1.0,46.77259826660156,23.58550262451172,12.0,0.022224001586437225
2026-06-09 14:15:09+00:00,1.0,384.70001220703125,1.0,46.77259826660156,23.585498809814453,12.0,0.13704802095890045
2026-06-09 14:15:10+00:00,1.0,384.70001220703125,1.0,46.77259826660156,23.585498809814453,12.0,0.02778000198304653
2026-06-09 14:15:11+00:00,1.0,384.70001220703125,1.0,46.77259826660156,23.585493087768555,12.0,0.10186000913381577
2026-06-09 14:15:12+00:00,1.0,384.70001220703125,1.0,46.77259826660156,23.585493087768555,12.0,0.0888960063457489
2026-06-09 14:15:13+00:00,1.0,384.70001220703125,1.0,46.77259826660156,23.585493087768555,12.0,0.038892004638910294
2026-06-09 14:15:14+00:00,1.0,384.70001220703125,1.0,46.77259826660156,23.585493087768555,12.0,0.038892004638910294
2026-06-09 14:15:15+00:00,1.0,384.70001220703125,1.0,46.77259826660156,23.585493087768555,12.0,0.038892004638910294
2026-06-09 14:15:16+00:00,1.0,384.70001220703125,1.0,46.77259826660156,23.585493087768555,12.0,0.038892004638910294
2026-06-09 14:15:17+00:00,1.0,384.70001220703125,1.0,46.77259826660156,23.585493087768555,12.0,0.038892004638910294
2026-06-09 14:15:18+00:00,1.0,384.70001220703125,1.0,46.77259826660156,23.585493087768555,12.0,0.06111599877476692
2026-06-09 14:15:19+00:00,1.0,385.3999938964844,1.0,46.77259826660156,23.585493087768555,12.0,0.14816001057624817
2026-06-09 14:15:20+00:00,1.0,385.3999938964844,1.0,46.77259063720703,23.58548927307129,12.0,0.1426040083169937
2026-06-09 14:15:21+00:00,1.0,385.3999938964844,1.0,46.77259063720703,23.58548927307129,12.0,0.1426040083169937
2026-06-09 14:15:22+00:00,1.0,385.3999938964844,1.0,46.77259063720703,23.58548927307129,12.0,0.19075599312782288
2026-06-09 14:15:23+00:00,1.0,386.20001220703125,1.0,46.77259063720703,23.585485458374023,12.0,0.02592799998819828
2026-06-09 14:15:24+00:00,1.0,386.3999938964844,1.0,46.77259063720703,23.585485458374023,12.0,0.11297199875116348
2026-06-09 14:15:25+00:00,1.0,386.3999938964844,1.0,46.77259063720703,23.585485458374023,12.0,0.11297199875116348
2026-06-09 14:15:26+00:00,1.0,386.3999938964844,1.0,46.77259826660156,23.585485458374023,12.0,0.10556400567293167
2026-06-09 14:15:27+00:00,1.0,386.6000061035156,1.0,46.77259826660156,23.585481643676758,12.0,0.029632002115249634
2026-06-09 14:15:28+00:00,1.0,386.5,1.0,46.77259826660156,23.585481643676758,12.0,0.1351960152387619
2026-06-09 14:15:29+00:00,1.0,386.3999938964844,1.0,46.77259826660156,23.585481643676758,12.0,0.08334000408649445
2026-06-09 14:15:30+00:00,1.0,386.5,1.0,46.77259826660156,23.585481643676758,12.0,0.05185599997639656
2026-06-09 14:15:31+00:00,1.0,386.6000061035156,1.0,46.77259826660156,23.585477828979492,12.0,0.10556400567293167
2026-06-09 14:15:32+00:00,1.0,386.6000061035156,1.0,46.77259826660156,23.585477828979492,12.0,0.10556400567293167
2026-06-09 14:15:33+00:00,1.0,386.6000061035156,1.0,46.77259826660156,23.585477828979492,12.0,0.3444720208644867
2026-06-09 14:15:34+00:00,1.0,386.6000061035156,1.0,46.77259826660156,23.585477828979492,12.0,0.3444720208644867
2026-06-09 14:15:35+00:00,1.0,386.6000061035156,1.0,46.77259826660156,23.585477828979492,12.0,0.3444720208644867
2026-06-09 14:15:36+00:00,1.0,386.6000061035156,1.0,46.77259826660156,23.585477828979492,12.0,0.3444720208644867
2026-06-09 14:15:37+00:00,1.0,386.6000061035156,1.0,46.77259826660156,23.585477828979492,12.0,0.6204200387001038
2026-06-09 14:15:38+00:00,1.0,386.6000061035156,1.0,46.77259063720703,23.585481643676758,12.0,1.4334479570388794
2026-06-09 14:15:39+00:00,1.0,386.6000061035156,1.0,46.77259063720703,23.585481643676758,12.0,1.277880072593689
2026-06-09 14:15:40+00:00,1.0,386.6000061035156,1.0,46.77259063720703,23.585481643676758,12.0,1.277880072593689
2026-06-09 14:15:41+00:00,1.0,388.8999938964844,1.0,46.77259063720703,23.585481643676758,12.0,0.32224801182746887
2026-06-09 14:15:42+00:00,1.0,389.0,1.0,46.7725830078125,23.585485458374023,12.0,1.203800082206726
2026-06-09 14:15:43+00:00,1.0,389.0,1.0,46.7725830078125,23.585485458374023,12.0,1.203800082206726
2026-06-09 14:15:44+00:00,1.0,389.0,1.0,46.7725830078125,23.58548927307129,12.0,1.6834681034088135
2026-06-09 14:15:45+00:00,1.0,389.0,1.0,46.7725830078125,23.58548927307129,12.0,1.2704719305038452
2026-06-09 14:15:46+00:00,1.0,388.6000061035156,1.0,46.7725830078125,23.58548927307129,12.0,0.20742398500442505
2026-06-09 14:15:47+00:00,1.0,388.3999938964844,1.0,46.7725830078125,23.58548927307129,12.0,0.05926400423049927
2026-06-09 14:15:48+00:00,1.0,388.3999938964844,1.0,46.7725830078125,23.58548927307129,12.0,0.05926400423049927
2026-06-09 14:15:49+00:00,1.0,388.3999938964844,1.0,46.7725830078125,23.58548927307129,12.0,0.27224400639533997
2026-06-09 14:15:50+00:00,1.0,388.3999938964844,1.0,46.7725830078125,23.58548927307129,12.0,0.06667200475931168
2026-06-09 14:15:51+00:00,1.0,388.29998779296875,1.0,46.7725830078125,23.585485458374023,12.0,0.06667200475931168
2026-06-09 14:15:52+00:00,1.0,388.29998779296875,1.0,46.7725830078125,23.585485458374023,12.0,0.06667200475931168
2026-06-09 14:15:53+00:00,1.0,388.29998779296875,1.0,46.7725830078125,23.585485458374023,12.0,0.06667200475931168
2026-06-09 14:15:54+00:00,1.0,388.29998779296875,1.0,46.7725830078125,23.585485458374023,12.0,0.06667200475931168
2026-06-09 14:15:55+00:00,1.0,388.29998779296875,1.0,46.772605895996094,23.58547019958496,12.0,2.0205321311950684
2026-06-09 14:15:56+00:00,1.0,388.29998779296875,1.0,46.772605895996094,23.58547019958496,12.0,2.0205321311950684
2026-06-09 14:15:57+00:00,1.0,0.0,1.0,46.77261734008789,23.585460662841797,12.0,-6.607935905456543
2026-06-09 14:15:58+00:00,1.0,388.29998779296875,1.0,46.77261734008789,23.585460662841797,12.0,0.3166920244693756
2026-06-09 14:15:59+00:00,1.0,388.29998779296875,1.0,46.77261734008789,23.585460662841797,12.0,0.06667200475931168
2026-06-09 14:16:00+00:00,1.0,388.29998779296875,1.0,46.77261734008789,23.585460662841797,12.0,0.06667200475931168
2026-06-09 14:16:01+00:00,1.0,388.29998779296875,1.0,46.77261734008789,23.585460662841797,12.0,0.07408000528812408
2026-06-09 14:16:02+00:00,1.0,390.3999938964844,1.0,46.77261734008789,23.585460662841797,12.0,0.06667200475931168
2026-06-09 14:16:03+00:00,1.0,390.3999938964844,1.0,46.77261734008789,23.58545684814453,12.0,0.49448397755622864
2026-06-09 14:16:04+00:00,1.0,390.5,1.0,46.77261734008789,23.585460662841797,12.0,0.11112000793218613
2026-06-10 05:19:33+00:00,1.0,121.80000305175781,1.0,44.63584899902344,25.9019775390625,6.0,0.3407680094242096
2026-06-10 05:19:34+00:00,1.0,121.80000305175781,1.0,44.63584899902344,25.901973724365234,6.0,0.03704000264406204
2026-06-10 05:19:35+00:00,1.0,122.5,1.0,44.63584899902344,25.901973724365234,6.0,0.03704000264406204
2026-06-10 05:19:36+00:00,1.0,122.5,1.0,44.635841369628906,25.901973724365234,6.0,0.23149999976158142
2026-06-10 05:19:37+00:00,1.0,122.5,1.0,44.635841369628906,25.901973724365234,6.0,0.23149999976158142
2026-06-10 05:19:38+00:00,1.0,122.5,1.0,44.635841369628906,25.901973724365234,6.0,0.23149999976158142
2026-06-10 05:19:39+00:00,1.0,122.5,1.0,44.63582229614258,25.90196990966797,6.0,0.1703840047121048
2026-06-10 05:19:40+00:00,1.0,122.5,1.0,44.63582992553711,25.90196990966797,6.0,0.6407920122146606
2026-06-10 05:19:41+00:00,1.0,124.0999984741211,1.0,44.635841369628906,25.9019775390625,7.0,0.19631199538707733
2026-06-10 05:19:42+00:00,1.0,124.0999984741211,1.0,44.635841369628906,25.901981353759766,7.0,0.1426040083169937
2026-06-10 05:19:43+00:00,1.0,123.19999694824219,1.0,44.63584899902344,25.90198516845703,7.0,0.19446000456809998
2026-06-10 05:19:44+00:00,1.0,122.4000015258789,1.0,44.63585662841797,25.901981353759766,7.0,0.4185519814491272
2026-06-10 05:19:45+00:00,1.0,121.0999984741211,1.0,44.63587188720703,25.901994705200195,7.0,0.3407680094242096
2026-06-10 05:19:46+00:00,1.0,122.30000305175781,1.0,44.635841369628906,25.901966094970703,8.0,0.3407680094242096
2026-06-10 05:19:47+00:00,1.0,122.30000305175781,1.0,44.63582992553711,25.901960372924805,8.0,0.2944680154323578
2026-06-10 05:19:48+00:00,1.0,122.0,1.0,44.63582992553711,25.901960372924805,8.0,0.2944680154323578
2026-06-10 05:19:49+00:00,1.0,122.0,1.0,44.63582992553711,25.901960372924805,8.0,0.2944680154323578
2026-06-10 05:19:50+00:00,1.0,121.80000305175781,1.0,44.63582992553711,25.901960372924805,8.0,0.2166839987039566
2026-06-10 05:19:51+00:00,1.0,121.80000305175781,1.0,44.63582992553711,25.901960372924805,8.0,0.07222799956798553
2026-06-10 05:19:52+00:00,1.0,121.9000015258789,1.0,44.63582992553711,25.901960372924805,8.0,0.21853600442409515
2026-06-10 05:19:53+00:00,1.0,121.9000015258789,1.0,44.63582992553711,25.901960372924805,8.0,0.06481999903917313
2026-06-10 05:19:54+00:00,1.0,121.9000015258789,1.0,44.63582229614258,25.901960372924805,8.0,0.3129880130290985
2026-06-10 05:19:55+00:00,1.0,121.9000015258789,1.0,44.63582992553711,25.901960372924805,8.0,1.0556399822235107
2026-06-10 05:19:56+00:00,1.0,121.9000015258789,1.0,44.63582992553711,25.901960372924805,8.0,1.0556399822235107
2026-06-10 05:19:58+00:00,1.0,121.9000015258789,1.0,44.63582229614258,25.901960372924805,8.0,0.131492018699646
2026-06-10 05:19:59+00:00,1.0,121.9000015258789,1.0,44.63582229614258,25.901960372924805,8.0,0.12964001297950745
2026-06-10 05:20:00+00:00,1.0,121.9000015258789,1.0,0.0003752330376300961,1.7868240320240147e-05,8.0,0.3444720208644867
2026-06-10 05:20:01+00:00,1.0,121.19999694824219,1.0,44.63582229614258,25.901960372924805,8.0,0.06111599877476692
2026-06-10 05:20:02+00:00,1.0,121.19999694824219,1.0,44.63582229614258,25.90195655822754,8.0,0.06111599877476692
2026-06-10 05:20:03+00:00,1.0,121.0999984741211,1.0,44.63582229614258,25.90195655822754,8.0,0.06111599877476692
2026-06-10 05:20:04+00:00,1.0,121.0,1.0,44.63582229614258,25.901960372924805,8.0,0.06111599877476692
2026-06-10 05:20:05+00:00,1.0,120.80000305175781,1.0,44.63582229614258,25.901960372924805,8.0,0.06111599877476692
2026-06-10 05:20:06+00:00,1.0,120.80000305175781,1.0,44.63582229614258,25.901960372924805,8.0,0.06481999903917313
2026-06-10 05:20:07+00:00,1.0,120.80000305175781,1.0,44.63582229614258,25.901960372924805,8.0,0.06852400302886963
2026-06-10 05:20:08+00:00,1.0,120.80000305175781,1.0,44.63582229614258,25.901960372924805,8.0,0.1351960152387619
2026-06-10 05:20:09+00:00,1.0,120.80000305175781,1.0,44.63582229614258,25.901966094970703,8.0,0.12038000673055649
2026-06-10 05:20:10+00:00,1.0,120.80000305175781,1.0,44.63582229614258,25.901966094970703,8.0,0.12964001297950745
2026-06-10 05:20:11+00:00,1.0,120.80000305175781,1.0,44.63582229614258,25.901966094970703,11.0,0.06667200475931168
2026-06-10 05:20:12+00:00,1.0,120.80000305175781,1.0,44.63582229614258,25.90196990966797,11.0,0.06667200475931168
2026-06-10 05:20:13+00:00,1.0,120.9000015258789,1.0,44.63582229614258,25.90196990966797,11.0,0.08704400062561035
2026-06-10 05:20:14+00:00,1.0,120.9000015258789,1.0,44.63582229614258,25.90196990966797,11.0,0.07963600009679794
2026-06-10 05:20:15+00:00,1.0,121.0,1.0,44.63582229614258,25.90196990966797,11.0,0.11667600274085999
2026-06-10 05:20:16+00:00,1.0,121.0,1.0,44.63582229614258,25.90196990966797,11.0,0.11667600274085999
2026-06-10 05:20:17+00:00,1.0,121.0,1.0,44.63582229614258,25.90196990966797,11.0,0.11667600274085999
2026-06-10 05:20:18+00:00,1.0,121.0999984741211,1.0,44.63582229614258,25.90196990966797,11.0,0.05556000396609306
2026-06-10 05:20:19+00:00,1.0,121.0999984741211,1.0,44.63582229614258,25.90196990966797,11.0,0.05556000396609306
2026-06-10 05:20:20+00:00,1.0,121.30000305175781,1.0,44.63582229614258,25.90196990966797,12.0,0.06852400302886963
2026-06-10 05:20:21+00:00,1.0,121.30000305175781,1.0,44.63582229614258,25.90196990966797,12.0,0.06852400302886963
2026-06-10 05:20:22+00:00,1.0,121.30000305175781,1.0,44.63582229614258,25.90196990966797,12.0,0.10741601139307022
2026-06-10 05:20:23+00:00,1.0,121.30000305175781,1.0,44.63582229614258,25.90196990966797,12.0,0.11482400447130203
2026-06-10 05:20:24+00:00,1.0,121.80000305175781,1.0,44.63582229614258,25.90196990966797,12.0,0.03704000264406204
2026-06-10 05:20:25+00:00,1.0,121.80000305175781,1.0,44.63582229614258,25.90196990966797,12.0,0.040744002908468246
2026-06-10 05:20:26+00:00,1.0,121.80000305175781,1.0,44.63582229614258,25.90196990966797,12.0,0.03148400038480759
2026-06-10 05:20:27+00:00,1.0,121.80000305175781,1.0,44.63582992553711,25.90196990966797,12.0,0.02778000198304653
2026-06-10 05:20:28+00:00,1.0,121.80000305175781,1.0,44.63582992553711,25.90196990966797,12.0,0.024075999855995178
2026-06-10 05:20:29+00:00,1.0,122.0,1.0,44.63582992553711,25.90196990966797,12.0,0.048151999711990356
2026-06-10 05:20:30+00:00,1.0,122.0,1.0,44.63582992553711,25.90196990966797,12.0,0.048151999711990356
2026-06-10 05:20:31+00:00,1.0,122.0,1.0,44.63582992553711,25.90196990966797,12.0,0.03704000264406204
2026-06-10 05:20:32+00:00,1.0,122.0,1.0,44.63582992553711,25.90196990966797,12.0,0.03704000264406204
2026-06-10 05:20:33+00:00,1.0,122.0,1.0,44.63582992553711,25.90196990966797,12.0,0.03704000264406204
2026-06-10 05:20:34+00:00,1.0,122.0,1.0,44.63582992553711,25.90196990966797,12.0,0.03704000264406204
2026-06-10 05:20:35+00:00,1.0,122.0,1.0,44.63582992553711,25.901973724365234,12.0,0.11297199875116348
2026-06-10 05:20:36+00:00,1.0,122.0,1.0,44.63582992553711,25.90196990966797,12.0,0.19816400110721588
2026-06-10 05:20:37+00:00,1.0,122.0,1.0,44.63582992553711,25.90196990966797,12.0,0.10000801086425781
2026-06-10 05:20:38+00:00,1.0,122.0,1.0,44.635841369628906,25.90196990966797,12.0,0.03518800064921379
2026-06-10 05:20:39+00:00,1.0,122.0,1.0,44.635841369628906,25.90196990966797,12.0,0.038892004638910294
2026-06-10 05:20:40+00:00,1.0,122.0,1.0,44.635841369628906,25.90196990966797,12.0,0.10000801086425781
2026-06-10 05:20:41+00:00,1.0,122.0,1.0,44.635841369628906,25.90196990966797,12.0,0.10000801086425781
2026-06-10 05:20:42+00:00,1.0,122.0,1.0,44.635841369628906,25.90196990966797,12.0,0.048151999711990356
2026-06-10 05:20:43+00:00,1.0,122.0,1.0,44.635841369628906,25.90196990966797,12.0,0.038892004638910294
2026-06-10 05:20:44+00:00,1.0,122.19999694824219,1.0,44.635841369628906,25.90196990966797,12.0,0.038892004638910294
2026-06-10 05:20:45+00:00,1.0,122.19999694824219,1.0,44.635841369628906,25.90196990966797,12.0,0.038892004638910294
2026-06-10 05:20:46+00:00,1.0,122.19999694824219,1.0,44.635841369628906,25.90196990966797,12.0,0.038892004638910294
2026-06-10 05:20:47+00:00,1.0,122.19999694824219,1.0,44.635841369628906,25.90196990966797,12.0,0.038892004638910294
2026-06-10 05:20:48+00:00,1.0,122.19999694824219,1.0,44.635841369628906,25.90196990966797,12.0,0.038892004638910294
2026-06-10 05:20:49+00:00,1.0,122.19999694824219,1.0,44.635841369628906,25.90196990966797,12.0,0.038892004638910294
2026-06-10 05:20:50+00:00,1.0,122.30000305175781,1.0,44.635841369628906,25.901966094970703,12.0,0.038892004638910294
2026-06-10 05:20:51+00:00,1.0,122.30000305175781,1.0,44.635841369628906,25.901966094970703,12.0,0.0463000051677227
2026-06-10 05:20:52+00:00,1.0,122.30000305175781,1.0,44.635841369628906,25.901966094970703,12.0,0.17594000697135925
2026-06-10 05:20:53+00:00,1.0,122.30000305175781,1.0,44.635841369628906,25.901966094970703,12.0,0.07037600129842758
2026-06-10 05:20:54+00:00,1.0,122.30000305175781,1.0,44.635841369628906,25.901966094970703,12.0,0.01666800118982792
2026-06-10 05:20:55+00:00,1.0,122.30000305175781,1.0,44.635841369628906,25.901966094970703,12.0,0.07778400927782059
2026-06-10 05:20:56+00:00,1.0,122.30000305175781,1.0,44.635841369628906,25.901966094970703,12.0,0.022224001586437225
2026-06-10 05:20:57+00:00,1.0,122.30000305175781,1.0,44.635841369628906,25.901966094970703,12.0,0.0888960063457489
2026-06-10 05:20:58+00:00,1.0,122.30000305175781,1.0,44.635841369628906,25.901966094970703,12.0,0.0888960063457489
2026-06-10 05:20:59+00:00,1.0,122.30000305175781,1.0,44.635841369628906,25.901966094970703,12.0,0.0888960063457489
2026-06-10 05:21:00+00:00,1.0,122.30000305175781,1.0,44.635841369628906,25.901966094970703,12.0,0.01666800118982792
2026-06-10 05:21:01+00:00,1.0,122.30000305175781,1.0,44.635841369628906,25.901966094970703,12.0,0.01666800118982792
2026-06-10 05:21:02+00:00,1.0,122.5999984741211,1.0,44.635841369628906,25.901966094970703,12.0,0.01666800118982792
2026-06-10 05:21:03+00:00,1.0,122.5999984741211,1.0,44.635841369628906,25.901966094970703,12.0,0.12223199754953384
2026-06-10 05:21:04+00:00,1.0,122.80000305175781,1.0,44.635841369628906,25.901966094970703,12.0,0.12223199754953384
2026-06-10 05:21:05+00:00,1.0,122.80000305175781,1.0,44.635841369628906,25.901966094970703,12.0,0.04444800317287445
2026-06-10 05:23:39+00:00,1.0,127.9000015258789,1.0,44.63582992553711,25.9019775390625,12.0,0.06111599877476692
2026-06-10 05:23:40+00:00,1.0,127.5,1.0,44.63582992553711,25.9019775390625,12.0,0.050004005432128906
2026-06-10 05:26:03+00:00,1.0,126.5999984741211,1.0,44.63584899902344,25.901960372924805,12.0,0.10371200740337372
2026-06-10 05:26:04+00:00,1.0,127.0,1.0,44.635841369628906,25.90195655822754,12.0,0.05185599997639656
2026-06-10 05:26:05+00:00,1.0,126.0,1.0,44.635841369628906,25.90195655822754,12.0,0.03518800064921379
2026-06-10 05:26:06+00:00,1.0,125.5,1.0,44.635841369628906,25.90195655822754,12.0,0.0888960063457489
2026-06-10 05:26:07+00:00,1.0,125.4000015258789,1.0,44.63584899902344,25.901960372924805,12.0,0.07222799956798553
2026-06-10 05:26:08+00:00,1.0,125.30000305175781,1.0,44.63584899902344,25.901960372924805,12.0,0.09630400687456131
2026-06-10 05:26:09+00:00,1.0,125.19999694824219,1.0,44.63584899902344,25.901966094970703,12.0,0.0463000051677227
2026-06-10 05:26:10+00:00,1.0,125.19999694824219,1.0,44.63584899902344,25.90196990966797,12.0,0.10000801086425781
2026-06-10 05:26:11+00:00,1.0,125.19999694824219,1.0,44.63584899902344,25.901973724365234,12.0,0.0888960063457489
2026-06-10 05:26:12+00:00,1.0,124.9000015258789,1.0,44.63584899902344,25.901973724365234,12.0,0.0888960063457489
2026-06-10 05:26:13+00:00,1.0,124.80000305175781,1.0,44.63584899902344,25.901973724365234,12.0,0.06667200475931168
2026-06-10 05:26:14+00:00,1.0,124.80000305175781,1.0,44.63584899902344,25.901973724365234,12.0,0.06296800076961517
2026-06-10 05:26:15+00:00,1.0,124.80000305175781,1.0,44.63584899902344,25.901973724365234,12.0,0.06296800076961517
2026-06-10 05:26:16+00:00,1.0,124.80000305175781,1.0,44.63584899902344,25.901973724365234,12.0,0.06296800076961517
2026-06-10 05:26:17+00:00,1.0,124.80000305175781,1.0,44.63584899902344,25.901973724365234,12.0,0.06296800076961517
2026-06-10 05:26:18+00:00,1.0,124.80000305175781,1.0,44.63584899902344,25.901973724365234,12.0,0.06296800076961517
2026-06-10 05:26:19+00:00,1.0,124.80000305175781,1.0,44.63584899902344,25.901973724365234,12.0,0.06296800076961517
2026-06-10 05:26:20+00:00,1.0,124.80000305175781,1.0,44.63584899902344,25.9019775390625,12.0,0.06111599877476692
2026-06-10 05:26:21+00:00,1.0,124.80000305175781,1.0,44.63584899902344,25.9019775390625,12.0,0.10556400567293167
2026-06-10 05:26:22+00:00,1.0,124.80000305175781,1.0,44.63584899902344,25.9019775390625,12.0,0.10556400567293167
2026-06-10 05:26:23+00:00,1.0,124.80000305175781,1.0,44.63584899902344,25.9019775390625,12.0,0.1389000117778778
2026-06-10 05:26:24+00:00,1.0,123.80000305175781,1.0,44.63584899902344,25.9019775390625,12.0,0.14075200259685516
2026-06-10 05:26:25+00:00,1.0,123.80000305175781,1.0,44.63584899902344,25.9019775390625,12.0,0.06111599877476692
2026-06-10 05:26:26+00:00,1.0,123.80000305175781,1.0,44.63584899902344,25.9019775390625,12.0,0.07778400927782059
2026-06-10 05:26:27+00:00,1.0,6.653491560124278e+35,1.0,44.63584899902344,25.9019775390625,12.0,2.659491627276324e+26
2026-06-10 05:26:28+00:00,1.0,123.69999694824219,1.0,44.635841369628906,25.901981353759766,12.0,0.11482400447130203
2026-06-10 05:26:29+00:00,1.0,123.5999984741211,1.0,44.635841369628906,25.901981353759766,12.0,0.04444800317287445
2026-06-10 05:26:31+00:00,1.0,123.5999984741211,1.0,44.635841369628906,25.901981353759766,12.0,0.11482400447130203
2026-06-10 05:26:32+00:00,1.0,123.5999984741211,1.0,44.635841369628906,25.901981353759766,12.0,0.11482400447130203
2026-06-10 05:26:33+00:00,1.0,123.4000015258789,1.0,44.635841369628906,25.901981353759766,12.0,0.11482400447130203
2026-06-10 05:26:34+00:00,1.0,123.4000015258789,1.0,44.635841369628906,25.901981353759766,12.0,0.05370800569653511
2026-06-10 05:26:35+00:00,1.0,123.4000015258789,1.0,44.635841369628906,25.90198516845703,12.0,0.05926400423049927
2026-06-10 05:26:36+00:00,1.0,123.4000015258789,1.0,44.635841369628906,25.90198516845703,12.0,0.01852000132203102
2026-06-10 05:26:37+00:00,1.0,123.4000015258789,1.0,44.635841369628906,25.90198516845703,12.0,0.01852000132203102
2026-06-10 05:26:38+00:00,1.0,123.4000015258789,1.0,44.635841369628906,25.90198516845703,12.0,0.11667600274085999
2026-06-10 05:26:39+00:00,1.0,123.4000015258789,1.0,44.635841369628906,25.90198516845703,12.0,0.07222799956798553
2026-06-10 05:26:40+00:00,1.0,123.4000015258789,1.0,44.635841369628906,25.90198516845703,12.0,0.1389000117778778
2026-06-10 05:26:41+00:00,1.0,123.4000015258789,1.0,44.635841369628906,25.90198516845703,12.0,0.085192009806633
2026-06-10 05:26:42+00:00,1.0,123.4000015258789,1.0,44.635841369628906,25.90198516845703,12.0,0.03333600237965584
2026-06-10 05:26:43+00:00,1.0,122.5,1.0,44.635841369628906,25.90198516845703,12.0,0.1777919977903366
2026-06-10 05:26:44+00:00,1.0,122.4000015258789,1.0,44.635841369628906,25.90198516845703,12.0,0.08334000408649445
2026-06-10 05:26:46+00:00,1.0,122.30000305175781,1.0,44.635841369628906,25.901988983154297,12.0,0.14445601403713226
2026-06-10 05:26:47+00:00,1.0,122.30000305175781,1.0,44.635841369628906,25.901988983154297,12.0,0.1740880012512207
2026-06-10 05:26:48+00:00,1.0,122.30000305175781,1.0,44.635841369628906,25.901988983154297,12.0,0.1740880012512207
2026-06-10 05:26:49+00:00,1.0,122.4000015258789,1.0,44.635841369628906,25.901988983154297,12.0,0.1740880012512207
2026-06-10 05:26:50+00:00,1.0,122.30000305175781,1.0,44.635841369628906,25.901988983154297,12.0,0.07408000528812408
2026-06-10 05:26:51+00:00,1.0,122.30000305175781,1.0,44.635841369628906,25.901988983154297,12.0,0.07408000528812408
2026-06-10 05:26:52+00:00,1.0,122.30000305175781,1.0,44.635841369628906,25.901988983154297,12.0,0.050004005432128906
2026-06-10 05:26:53+00:00,1.0,122.30000305175781,1.0,44.635841369628906,25.901988983154297,12.0,0.050004005432128906
2026-06-10 05:26:54+00:00,1.0,122.30000305175781,1.0,44.635841369628906,25.901988983154297,12.0,0.050004005432128906
2026-06-10 05:26:55+00:00,1.0,122.30000305175781,1.0,44.635841369628906,25.901994705200195,12.0,0.03704000264406204
2026-06-10 05:26:56+00:00,1.0,122.30000305175781,1.0,44.635841369628906,25.901994705200195,12.0,0.03333600237965584
2026-06-10 05:26:57+00:00,1.0,122.5,1.0,44.635841369628906,25.901994705200195,12.0,0.020372001454234123
2026-06-10 05:26:58+00:00,1.0,122.5,1.0,44.635841369628906,25.901994705200195,12.0,0.08704400062561035
2026-06-10 05:26:59+00:00,1.0,122.5,1.0,44.635841369628906,25.901994705200195,12.0,0.014816001057624817
2026-06-10 05:27:00+00:00,1.0,122.4000015258789,1.0,44.635841369628906,25.901994705200195,12.0,0.014816001057624817
2026-06-10 05:27:01+00:00,1.0,122.4000015258789,1.0,44.635841369628906,25.901994705200195,12.0,0.014816001057624817
2026-06-10 05:27:02+00:00,1.0,122.69999694824219,1.0,44.635841369628906,25.901994705200195,12.0,0.16297601163387299
2026-06-10 05:27:03+00:00,1.0,122.80000305175781,1.0,44.635841369628906,25.901994705200195,12.0,0.16297601163387299
2026-06-10 05:27:04+00:00,1.0,122.80000305175781,1.0,44.635841369628906,25.901994705200195,12.0,0.03333600237965584
2026-06-10 05:27:05+00:00,1.0,122.9000015258789,1.0,44.635841369628906,25.901994705200195,12.0,0.03333600237965584
2026-06-10 05:27:06+00:00,1.0,123.0,1.0,44.635841369628906,25.901994705200195,12.0,0.08334000408649445
2026-06-10 05:27:07+00:00,1.0,123.0999984741211,1.0,44.635841369628906,25.901994705200195,12.0,0.08334000408649445
2026-06-10 05:27:08+00:00,1.0,1.7952629703611303e-29,1.0,44.635841369628906,2.018613878112293e-39,12.0,1.7163761275226446e-29
2026-06-10 05:27:09+00:00,1.0,123.0999984741211,1.0,44.635841369628906,25.901994705200195,12.0,0.09445200860500336
2026-06-10 05:27:10+00:00,1.0,123.0999984741211,1.0,44.635841369628906,25.901994705200195,12.0,0.038892004638910294
2026-06-10 05:27:11+00:00,1.0,123.0999984741211,1.0,44.635841369628906,25.901994705200195,12.0,0.038892004638910294
2026-06-10 05:27:12+00:00,1.0,123.0999984741211,1.0,44.635841369628906,25.901994705200195,12.0,0.15742000937461853
2026-06-10 05:27:21+00:00,1.0,124.19999694824219,1.0,44.63582992553711,25.901988983154297,12.0,0.06296800076961517
2026-06-10 05:27:22+00:00,1.0,124.19999694824219,1.0,44.63582992553711,25.901988983154297,12.0,0.03704000264406204
2026-06-10 05:27:23+00:00,1.0,124.19999694824219,1.0,44.63582992553711,25.901988983154297,12.0,0.03704000264406204
2026-06-10 05:27:24+00:00,1.0,124.30000305175781,1.0,44.63582992553711,25.901988983154297,12.0,0.14075200259685516
2026-06-10 05:27:25+00:00,1.0,124.30000305175781,1.0,44.63582992553711,25.901988983154297,12.0,0.11852800846099854
2026-06-10 05:27:26+00:00,1.0,124.30000305175781,1.0,44.63582992553711,25.901988983154297,12.0,0.11112000793218613
2026-06-10 05:27:27+00:00,1.0,124.30000305175781,1.0,44.63582992553711,25.901988983154297,12.0,0.11112000793218613
2026-06-10 05:27:28+00:00,1.0,124.30000305175781,1.0,44.63582992553711,25.901988983154297,12.0,0.11112000793218613
2026-06-10 05:27:29+00:00,1.0,124.30000305175781,1.0,44.63582992553711,25.901988983154297,12.0,0.050004005432128906
2026-06-10 05:27:30+00:00,1.0,124.30000305175781,1.0,44.63582992553711,25.901994705200195,12.0,0.06852400302886963
2026-06-10 05:27:31+00:00,1.0,124.19999694824219,1.0,44.63582992553711,25.901994705200195,12.0,0.04444800317287445
2026-06-10 05:27:32+00:00,1.0,124.19999694824219,1.0,44.63582992553711,25.901994705200195,12.0,0.085192009806633
2026-06-10 05:27:33+00:00,1.0,124.19999694824219,1.0,44.63582992553711,25.901994705200195,12.0,0.0888960063457489
2026-06-10 05:27:34+00:00,1.0,124.30000305175781,1.0,44.63582992553711,25.901994705200195,12.0,0.10926800966262817
2026-06-10 05:27:35+00:00,1.0,124.4000015258789,1.0,44.63582992553711,25.901994705200195,12.0,0.02778000198304653
2026-06-10 05:27:36+00:00,1.0,124.4000015258789,1.0,44.63582992553711,25.901988983154297,12.0,0.02778000198304653
2026-06-10 05:27:37+00:00,1.0,124.5,1.0,44.63582992553711,25.901988983154297,12.0,0.050004005432128906
2026-06-10 05:27:38+00:00,1.0,124.5,1.0,44.63582992553711,25.901988983154297,12.0,0.050004005432128906
2026-06-10 05:27:39+00:00,1.0,124.5,1.0,44.63582992553711,25.901994705200195,12.0,0.011111999861896038
2026-06-10 05:27:40+00:00,1.0,124.5,1.0,44.63582992553711,25.901994705200195,12.0,0.06481999903917313
2026-06-10 05:27:41+00:00,1.0,124.4000015258789,1.0,44.63582992553711,25.901994705200195,12.0,0.048151999711990356
2026-06-10 05:27:42+00:00,1.0,124.5,1.0,44.63582992553711,25.901994705200195,12.0,0.20186801254749298
2026-06-10 05:27:43+00:00,1.0,124.5,1.0,44.63582992553711,25.901994705200195,12.0,0.20186801254749298
2026-06-10 05:27:44+00:00,1.0,124.5,1.0,44.63582992553711,25.901988983154297,12.0,0.10371200740337372
2026-06-10 05:27:45+00:00,1.0,124.5,1.0,44.63582992553711,25.901988983154297,12.0,0.038892004638910294
2026-06-10 05:27:52+00:00,1.0,2.1579996350602183e-43,1.0,44.63582992553711,25.90198516845703,12.0,0.014816001057624817
2026-06-10 05:27:53+00:00,1.0,124.80000305175781,1.0,0.03333577141165733,124.80000305175781,12.0,0.03333600237965584
2026-06-10 05:27:54+00:00,1.0,124.80000305175781,1.0,44.63582992553711,25.90198516845703,12.0,0.020372001454234123
2026-06-10 05:27:55+00:00,1.0,124.80000305175781,1.0,44.63582992553711,25.90198516845703,12.0,0.022224001586437225
2026-06-10 05:27:56+00:00,1.0,124.80000305175781,1.0,44.63582992553711,25.90198516845703,12.0,0.022224001586437225
2026-06-10 05:27:58+00:00,1.0,124.69999694824219,1.0,44.63582992553711,25.90198516845703,12.0,0.022224001586437225
2026-06-10 05:28:01+00:00,1.0,124.69999694824219,1.0,44.63582992553711,25.90198516845703,12.0,0.13704802095890045
2026-06-10 05:28:02+00:00,1.0,124.69999694824219,1.0,44.63582992553711,25.90198516845703,12.0,0.020372001454234123
2026-06-10 05:28:03+00:00,1.0,124.80000305175781,1.0,44.63582992553711,25.90198516845703,12.0,0.020372001454234123
2026-06-10 05:28:04+00:00,1.0,124.80000305175781,1.0,44.63582992553711,25.90198516845703,12.0,0.020372001454234123
2026-06-10 05:28:05+00:00,1.0,124.80000305175781,1.0,44.63582992553711,25.90198516845703,12.0,0.020372001454234123
2026-06-10 05:28:06+00:00,1.0,124.80000305175781,1.0,44.63582992553711,25.90198516845703,12.0,0.07593200355768204
2026-06-10 05:28:07+00:00,1.0,124.80000305175781,1.0,44.63582992553711,25.90198516845703,12.0,0.07593200355768204
2026-06-10 05:28:08+00:00,1.0,124.80000305175781,1.0,44.63582992553711,25.90198516845703,12.0,0.048151999711990356
2026-06-10 05:28:09+00:00,1.0,124.80000305175781,1.0,44.63582992553711,25.90198516845703,12.0,0.1463080197572708
2026-06-10 05:28:10+00:00,1.0,124.80000305175781,1.0,44.63582992553711,25.90198516845703,12.0,0.0463000051677227
2026-06-10 05:28:11+00:00,1.0,124.80000305175781,1.0,44.63582992553711,25.90198516845703,12.0,0.19631199538707733
2026-06-10 05:28:12+00:00,1.0,124.80000305175781,1.0,44.63582992553711,25.90198516845703,12.0,0.03704000264406204
2026-06-10 05:28:13+00:00,1.0,1.8642904060538455e-29,1.0,44.63582992553711,25.90198516845703,12.0,1.6670592306412406e-29
2026-06-10 05:28:14+00:00,1.0,124.30000305175781,1.0,44.63582992553711,25.90198516845703,12.0,0.09445200860500336
2026-06-10 05:28:15+00:00,1.0,124.30000305175781,1.0,44.63582992553711,25.90198516845703,12.0,0.06852400302886963
2026-06-10 05:28:16+00:00,1.0,124.19999694824219,1.0,44.63582992553711,25.90198516845703,12.0,0.04444800317287445
2026-06-10 05:28:17+00:00,1.0,124.19999694824219,1.0,44.63582992553711,25.90198516845703,12.0,0.04444800317287445
2026-06-10 05:28:18+00:00,1.0,124.19999694824219,1.0,44.635841369628906,25.90198516845703,12.0,0.04444800317287445
2026-06-10 05:28:19+00:00,1.0,124.19999694824219,1.0,44.635841369628906,25.90198516845703,12.0,0.0074080005288124084
2026-06-10 05:28:20+00:00,1.0,124.19999694824219,1.0,44.635841369628906,25.90198516845703,12.0,0.0074080005288124084
2026-06-10 05:28:21+00:00,1.0,124.30000305175781,1.0,44.635841369628906,25.90198516845703,12.0,0.0074080005288124084
2026-06-10 05:28:25+00:00,1.0,123.80000305175781,1.0,44.635841369628906,25.90199851989746,12.0,0.05926400423049927
2026-06-10 05:28:26+00:00,1.0,125.0,1.0,44.63582992553711,25.902002334594727,12.0,0.09630400687456131
2026-06-10 05:28:27+00:00,1.0,125.5,1.0,44.63582992553711,25.901994705200195,12.0,0.06296800076961517
2026-06-10 05:28:28+00:00,1.0,125.5,1.0,44.63582992553711,25.901988983154297,12.0,0.11297199875116348
2026-06-10 05:28:30+00:00,1.0,125.5,1.0,44.635841369628906,25.901973724365234,12.0,0.03333600237965584
2026-06-10 05:28:31+00:00,1.0,125.5,1.0,44.635841369628906,25.90196990966797,12.0,0.07778400927782059
2026-06-10 05:28:32+00:00,1.0,126.0,1.0,44.635841369628906,25.901966094970703,12.0,0.02592799998819828
2026-06-10 05:28:33+00:00,1.0,126.0,1.0,44.635841369628906,25.901966094970703,12.0,0.23890800774097443
2026-06-10 05:28:34+00:00,1.0,126.0999984741211,1.0,44.635841369628906,25.901966094970703,12.0,0.15556801855564117
2026-06-10 05:28:35+00:00,1.0,126.0999984741211,1.0,44.635841369628906,25.901966094970703,12.0,0.06852400302886963
2026-06-10 05:28:36+00:00,1.0,125.80000305175781,1.0,44.635841369628906,25.901966094970703,12.0,0.057412002235651016
2026-06-10 05:28:37+00:00,1.0,125.80000305175781,1.0,44.635841369628906,25.901966094970703,12.0,0.057412002235651016
2026-06-10 05:28:38+00:00,1.0,125.80000305175781,1.0,44.635841369628906,25.901966094970703,12.0,0.03333600237965584
2026-06-10 05:28:39+00:00,1.0,125.80000305175781,1.0,44.635841369628906,25.901966094970703,12.0,0.05556000396609306
2026-06-10 05:28:40+00:00,1.0,125.5,1.0,44.635841369628906,25.901966094970703,12.0,0.11667600274085999
2026-06-10 05:28:41+00:00,1.0,125.5,1.0,44.635841369628906,25.901966094970703,12.0,0.11667600274085999
2026-06-10 05:28:42+00:00,1.0,125.5,1.0,44.635841369628906,25.901966094970703,12.0,0.03704000264406204
2026-06-10 05:28:43+00:00,1.0,125.5,1.0,44.635841369628906,25.90196990966797,12.0,0.085192009806633
2026-06-10 05:28:44+00:00,1.0,125.9000015258789,1.0,44.635841369628906,25.90196990966797,12.0,0.10371200740337372
2026-06-10 05:28:45+00:00,1.0,125.9000015258789,1.0,44.635841369628906,25.90196990966797,12.0,0.10371200740337372
2026-06-10 05:28:46+00:00,1.0,125.9000015258789,1.0,44.635841369628906,25.90196990966797,12.0,0.05926400423049927
2026-06-10 05:28:47+00:00,1.0,125.9000015258789,1.0,44.635841369628906,25.90196990966797,12.0,0.050004005432128906
2026-06-10 05:28:48+00:00,1.0,126.0,1.0,44.635841369628906,25.90196990966797,12.0,0.15556801855564117
2026-06-10 05:28:49+00:00,1.0,126.0,1.0,44.635841369628906,25.90196990966797,12.0,0.19075599312782288
2026-06-10 05:28:50+00:00,1.0,126.0,1.0,44.635841369628906,25.90196990966797,12.0,0.06296800076961517
2026-06-10 05:28:51+00:00,1.0,126.0,1.0,44.635841369628906,25.90196990966797,12.0,0.022224001586437225
2026-06-10 05:28:52+00:00,1.0,125.69999694824219,1.0,44.635841369628906,25.90196990966797,12.0,0.12223199754953384
2026-06-10 05:28:53+00:00,1.0,125.5999984741211,1.0,44.635841369628906,25.901966094970703,12.0,0.12223199754953384
2026-06-10 05:28:54+00:00,1.0,125.5999984741211,1.0,44.635841369628906,25.901966094970703,12.0,0.3796600103378296
2026-06-10 05:28:55+00:00,1.0,125.5999984741211,1.0,44.635841369628906,25.901966094970703,12.0,0.3796600103378296
2026-06-10 05:28:56+00:00,1.0,9.21676038940362e-41,1.0,44.635841369628906,1.1697368750582731e-36,12.0,1.563849086186496e-42
2026-06-10 05:28:57+00:00,1.0,125.4000015258789,1.0,44.635841369628906,25.901966094970703,12.0,0.0463000051677227
2026-06-10 05:28:58+00:00,1.0,125.4000015258789,1.0,44.635841369628906,25.901966094970703,12.0,0.0463000051677227
2026-06-10 05:28:59+00:00,1.0,125.30000305175781,1.0,44.635841369628906,25.901966094970703,12.0,0.10556400567293167
2026-06-10 05:29:00+00:00,1.0,125.30000305175781,1.0,44.635841369628906,25.901966094970703,12.0,0.10556400567293167
2026-06-10 05:29:01+00:00,1.0,125.30000305175781,1.0,44.635841369628906,25.901966094970703,12.0,0.0018520001322031021
2026-06-10 05:29:02+00:00,1.0,125.30000305175781,1.0,44.635841369628906,25.901966094970703,12.0,0.06111599877476692
2026-06-10 05:33:49+00:00,1.0,129.6999969482422,1.0,44.63582229614258,25.9019775390625,12.0,0.131492018699646
2026-06-10 05:33:50+00:00,1.0,128.89999389648438,1.0,44.63582229614258,25.9019775390625,12.0,0.10926800966262817
2026-06-10 05:33:51+00:00,1.0,128.1999969482422,1.0,44.63582229614258,25.901981353759766,12.0,0.15556801855564117
2026-06-10 05:33:52+00:00,1.0,126.9000015258789,1.0,44.63582229614258,25.901981353759766,12.0,0.17223601043224335
2026-06-10 05:33:53+00:00,1.0,126.9000015258789,1.0,44.63582229614258,25.9019775390625,12.0,0.17223601043224335
2026-06-10 05:33:54+00:00,1.0,126.9000015258789,1.0,44.63582229614258,25.901981353759766,12.0,0.17223601043224335
2026-06-10 05:33:55+00:00,1.0,126.9000015258789,1.0,44.63582229614258,25.901981353759766,12.0,0.17223601043224335
2026-06-10 05:33:56+00:00,1.0,126.9000015258789,1.0,44.63582229614258,25.9019775390625,12.0,0.050004005432128906
2026-06-10 05:33:57+00:00,1.0,126.9000015258789,1.0,44.63582229614258,25.9019775390625,12.0,0.06111599877476692
2026-06-10 05:33:58+00:00,1.0,126.9000015258789,1.0,44.63582229614258,25.9019775390625,12.0,0.16853201389312744
2026-06-10 05:33:59+00:00,1.0,126.9000015258789,1.0,44.63582229614258,25.9019775390625,12.0,0.12593600153923035
2026-06-10 05:34:00+00:00,1.0,126.9000015258789,1.0,44.63582229614258,25.9019775390625,12.0,0.09630400687456131
2026-06-10 05:34:01+00:00,1.0,126.9000015258789,1.0,44.63582229614258,25.9019775390625,12.0,0.024075999855995178
2026-06-10 05:34:02+00:00,1.0,126.30000305175781,1.0,44.63582229614258,25.9019775390625,12.0,0.029632002115249634
2026-06-10 05:34:03+00:00,1.0,126.30000305175781,1.0,44.63582229614258,25.9019775390625,12.0,0.029632002115249634
2026-06-10 05:34:04+00:00,1.0,126.30000305175781,1.0,44.63582229614258,25.9019775390625,12.0,0.029632002115249634
2026-06-10 05:34:05+00:00,1.0,126.4000015258789,1.0,44.63582229614258,25.9019775390625,12.0,0.01852000132203102
2026-06-10 05:34:06+00:00,1.0,126.30000305175781,1.0,44.63582229614258,25.9019775390625,12.0,0.01852000132203102
2026-06-10 05:34:07+00:00,1.0,126.30000305175781,1.0,44.63582229614258,25.9019775390625,12.0,0.01852000132203102
2026-06-10 05:34:08+00:00,1.0,126.19999694824219,1.0,44.63582229614258,25.9019775390625,12.0,0.01852000132203102
2026-06-10 05:34:09+00:00,1.0,126.19999694824219,1.0,44.63582229614258,25.9019775390625,12.0,0.01852000132203102
2026-06-10 05:34:10+00:00,1.0,126.0999984741211,1.0,44.63582229614258,25.9019775390625,12.0,0.01852000132203102
2026-06-10 05:34:11+00:00,1.0,126.0999984741211,1.0,44.63582229614258,25.9019775390625,12.0,0.2203880101442337
2026-06-10 05:34:12+00:00,1.0,126.0999984741211,1.0,44.63582229614258,25.9019775390625,12.0,0.2203880101442337
2026-06-10 05:34:13+00:00,1.0,126.0999984741211,1.0,44.63582229614258,25.9019775390625,12.0,0.2203880101442337
2026-06-10 05:34:14+00:00,1.0,126.0999984741211,1.0,44.63582229614258,25.9019775390625,12.0,0.22964800894260406
2026-06-10 05:34:15+00:00,1.0,126.0999984741211,1.0,44.63582229614258,25.9019775390625,12.0,0.020372001454234123
2026-06-10 05:34:16+00:00,1.0,126.0999984741211,1.0,44.63582229614258,25.9019775390625,12.0,0.05185599997639656
2026-06-10 05:34:17+00:00,1.0,126.0999984741211,1.0,44.63582229614258,25.9019775390625,12.0,0.0888960063457489
2026-06-10 05:34:18+00:00,1.0,126.0999984741211,1.0,44.63582229614258,25.9019775390625,12.0,0.16853201389312744
2026-06-10 05:34:19+00:00,1.0,126.0999984741211,1.0,44.63582229614258,25.9019775390625,12.0,0.14445601403713226
2026-06-10 05:34:20+00:00,1.0,126.0999984741211,1.0,44.63582229614258,25.9019775390625,12.0,0.04444800317287445
2026-06-10 05:34:21+00:00,1.0,126.0999984741211,1.0,44.63582229614258,25.9019775390625,12.0,0.05926400423049927
2026-06-10 05:34:22+00:00,1.0,125.69999694824219,1.0,44.63582229614258,25.9019775390625,12.0,0.20001600682735443
2026-06-10 05:34:23+00:00,1.0,125.69999694824219,1.0,44.63582992553711,25.9019775390625,12.0,0.20001600682735443
2026-06-10 05:34:24+00:00,1.0,125.5,1.0,44.63582992553711,25.9019775390625,12.0,0.07037600129842758
2026-06-10 05:34:25+00:00,1.0,125.5,1.0,44.63582992553711,25.9019775390625,12.0,0.07037600129842758
2026-06-10 05:34:26+00:00,1.0,125.30000305175781,1.0,44.63582992553711,25.9019775390625,12.0,0.11667600274085999
2026-06-10 05:34:27+00:00,1.0,125.30000305175781,1.0,44.63582992553711,25.9019775390625,12.0,0.11667600274085999
2026-06-10 05:34:28+00:00,1.0,125.30000305175781,1.0,44.63582992553711,25.9019775390625,12.0,0.06296800076961517
2026-06-10 05:34:29+00:00,1.0,125.19999694824219,1.0,44.63582992553711,25.9019775390625,12.0,0.0463000051677227
2026-06-10 05:34:30+00:00,1.0,125.19999694824219,1.0,44.63582992553711,25.9019775390625,12.0,0.02778000198304653
2026-06-10 05:34:31+00:00,1.0,125.19999694824219,1.0,44.63582992553711,25.9019775390625,12.0,0.03333600237965584
2026-06-10 05:34:32+00:00,1.0,125.19999694824219,1.0,44.63582992553711,25.9019775390625,12.0,0.024075999855995178
2026-06-10 05:34:33+00:00,1.0,125.19999694824219,1.0,44.63582992553711,25.9019775390625,12.0,0.19446000456809998
2026-06-10 05:34:34+00:00,1.0,125.19999694824219,1.0,44.63582992553711,25.9019775390625,12.0,0.050004005432128906
2026-06-10 05:34:35+00:00,1.0,125.30000305175781,1.0,44.63582992553711,25.9019775390625,12.0,0.050004005432128906
2026-06-10 05:34:36+00:00,1.0,125.30000305175781,1.0,44.63582992553711,25.9019775390625,12.0,0.050004005432128906
2026-06-10 05:34:37+00:00,1.0,125.30000305175781,1.0,44.63582992553711,25.9019775390625,12.0,0.057412002235651016
2026-06-10 05:34:38+00:00,1.0,125.30000305175781,1.0,44.63582992553711,25.9019775390625,12.0,0.057412002235651016
2026-06-10 05:34:39+00:00,1.0,125.30000305175781,1.0,44.63582992553711,25.9019775390625,12.0,0.057412002235651016
2026-06-10 05:34:40+00:00,1.0,125.30000305175781,1.0,44.63582992553711,25.9019775390625,12.0,0.057412002235651016
2026-06-10 05:34:41+00:00,1.0,125.30000305175781,1.0,44.63582992553711,25.9019775390625,12.0,0.057412002235651016
2026-06-10 05:34:42+00:00,1.0,125.30000305175781,1.0,44.63582992553711,25.901981353759766,12.0,0.057412002235651016
2026-06-10 05:34:43+00:00,1.0,125.19999694824219,1.0,44.63582992553711,25.901981353759766,12.0,0.024075999855995178
2026-06-10 05:34:44+00:00,1.0,125.0,1.0,44.63582992553711,25.901981353759766,12.0,0.024075999855995178
2026-06-10 05:34:45+00:00,1.0,125.0999984741211,1.0,44.63582992553711,25.901981353759766,12.0,0.024075999855995178
2026-06-10 05:34:46+00:00,1.0,125.0999984741211,1.0,44.63582992553711,25.901981353759766,12.0,0.024075999855995178
2026-06-10 05:34:47+00:00,1.0,125.0999984741211,1.0,44.63582229614258,25.901981353759766,12.0,0.11667600274085999
2026-06-10 05:34:48+00:00,1.0,125.0999984741211,1.0,44.63582229614258,25.901981353759766,12.0,0.07408000528812408
2026-06-10 05:34:49+00:00,1.0,125.0999984741211,1.0,44.63582229614258,25.901981353759766,12.0,0.07778400927782059
2026-06-10 05:34:50+00:00,1.0,125.0999984741211,1.0,44.63582229614258,25.901981353759766,12.0,0.048151999711990356
2026-06-10 05:34:51+00:00,1.0,125.5,1.0,44.63582229614258,25.901981353759766,12.0,0.01296399999409914
2026-06-10 05:34:52+00:00,1.0,125.5,1.0,44.63582229614258,25.901981353759766,12.0,0.029632002115249634
2026-06-10 05:34:53+00:00,1.0,125.5,1.0,44.63582229614258,25.901981353759766,12.0,0.12964001297950745
2026-06-10 05:34:54+00:00,1.0,125.5,1.0,44.63582229614258,25.901981353759766,12.0,0.03333600237965584
2026-06-10 05:34:55+00:00,1.0,125.5,1.0,44.63582229614258,25.901981353759766,12.0,0.10741601139307022
2026-06-10 05:34:56+00:00,1.0,125.80000305175781,1.0,44.63582229614258,25.901981353759766,12.0,0.13334400951862335
2026-06-10 05:34:57+00:00,1.0,125.80000305175781,1.0,44.63582229614258,25.901981353759766,12.0,0.13334400951862335
2026-06-10 05:34:58+00:00,1.0,125.9000015258789,1.0,44.63582229614258,25.901981353759766,12.0,0.13334400951862335
2026-06-10 05:34:59+00:00,1.0,125.9000015258789,1.0,44.63582229614258,25.90198516845703,12.0,0.01852000132203102
2026-06-10 05:35:00+00:00,1.0,125.9000015258789,1.0,44.63582229614258,25.90198516845703,12.0,0.01852000132203102
2026-06-10 05:35:01+00:00,1.0,126.0999984741211,1.0,44.63582229614258,25.901981353759766,12.0,0.14816001057624817
2026-06-10 05:35:02+00:00,1.0,126.0999984741211,1.0,44.63581466674805,25.901981353759766,12.0,0.040744002908468246
2026-06-10 05:35:03+00:00,1.0,126.0999984741211,1.0,44.63581466674805,25.901981353759766,12.0,0.05556000396609306
2026-06-10 05:35:04+00:00,1.0,126.4000015258789,1.0,44.63581466674805,25.901981353759766,12.0,0.06481999903917313
2026-06-10 05:35:05+00:00,1.0,126.4000015258789,1.0,44.63581466674805,25.901981353759766,12.0,0.1777919977903366
2026-06-10 05:35:06+00:00,1.0,126.4000015258789,1.0,44.63581466674805,25.901981353759766,12.0,0.06667200475931168
2026-06-10 05:35:07+00:00,1.0,126.69999694824219,1.0,44.63581466674805,25.901981353759766,12.0,0.057412002235651016
2026-06-10 05:35:08+00:00,1.0,126.69999694824219,1.0,44.63581466674805,25.901981353759766,12.0,0.5055959820747375
2026-06-10 05:35:09+00:00,1.0,126.69999694824219,1.0,44.63581466674805,25.901981353759766,12.0,0.5055959820747375
2026-06-10 05:35:10+00:00,1.0,126.69999694824219,1.0,44.63581466674805,25.901981353759766,12.0,0.08704400062561035
2026-06-10 05:35:11+00:00,1.0,126.69999694824219,1.0,44.63581466674805,25.901981353759766,12.0,0.07963600009679794
2026-06-10 05:35:12+00:00,1.0,126.69999694824219,1.0,44.63581466674805,25.901981353759766,12.0,0.07963600009679794
2026-06-10 05:35:13+00:00,1.0,126.69999694824219,1.0,44.63581466674805,25.901981353759766,12.0,0.07963600009679794
2026-06-10 05:35:14+00:00,1.0,125.5,1.0,44.63581466674805,25.901981353759766,12.0,0.07963600009679794
2026-06-10 05:35:15+00:00,1.0,125.5,1.0,44.63582229614258,25.9019775390625,12.0,0.10556400567293167
2026-06-10 05:35:16+00:00,1.0,125.0999984741211,1.0,44.63582229614258,25.9019775390625,12.0,0.1351960152387619
2026-06-10 05:35:17+00:00,1.0,125.0999984741211,1.0,44.63582229614258,25.9019775390625,12.0,0.057412002235651016
2026-06-10 05:35:18+00:00,1.0,125.0999984741211,1.0,44.63582229614258,25.9019775390625,12.0,0.00926000066101551
2026-06-10 05:35:19+00:00,1.0,124.5999984741211,1.0,44.63582229614258,25.9019775390625,12.0,0.01852000132203102
2026-06-10 05:35:20+00:00,1.0,124.4000015258789,1.0,44.63582229614258,25.9019775390625,12.0,0.038892004638910294
2026-06-10 05:35:21+00:00,1.0,124.30000305175781,1.0,44.63582229614258,25.9019775390625,12.0,0.03148400038480759
2026-06-10 05:35:22+00:00,1.0,124.30000305175781,1.0,44.63582229614258,25.9019775390625,12.0,0.08148800581693649
2026-06-10 05:35:23+00:00,1.0,124.30000305175781,1.0,44.63582229614258,25.9019775390625,12.0,0.08148800581693649
2026-06-10 05:35:28+00:00,1.0,124.30000305175781,1.0,44.63582229614258,25.901973724365234,12.0,0.08148800581693649
2026-06-10 05:35:29+00:00,1.0,124.30000305175781,1.0,44.63582229614258,8.688050478813866e-44,12.0,0.06111599877476692
2026-06-10 05:35:31+00:00,1.0,124.5,1.0,44.635841369628906,25.9019775390625,12.0,0.01296399999409914
2026-06-10 05:35:32+00:00,1.0,124.5,1.0,44.635841369628906,25.9019775390625,12.0,0.050004005432128906
2026-06-10 05:35:33+00:00,1.0,123.80000305175781,1.0,44.635841369628906,25.9019775390625,12.0,0.3166920244693756
2026-06-10 05:35:34+00:00,1.0,123.80000305175781,1.0,44.635841369628906,25.9019775390625,12.0,1.0704560279846191
2026-06-10 05:35:35+00:00,1.0,123.9000015258789,1.0,44.635841369628906,25.901981353759766,12.0,0.601900041103363
2026-06-10 05:35:36+00:00,1.0,123.9000015258789,1.0,44.635841369628906,25.901981353759766,12.0,0.24261198937892914
2026-06-10 05:35:37+00:00,1.0,123.9000015258789,1.0,44.635841369628906,25.901981353759766,12.0,0.06296800076961517
2026-06-10 05:35:38+00:00,1.0,123.9000015258789,1.0,44.635841369628906,25.901981353759766,12.0,0.05185599997639656
2026-06-10 05:35:39+00:00,1.0,123.9000015258789,1.0,44.635841369628906,25.901981353759766,12.0,0.02592799998819828
2026-06-10 05:35:40+00:00,1.0,124.0,1.0,44.635841369628906,25.901981353759766,12.0,0.05370800569653511
2026-06-10 05:35:41+00:00,1.0,124.0,1.0,44.635841369628906,25.901981353759766,12.0,0.06111599877476692
2026-06-10 05:35:42+00:00,1.0,123.9000015258789,1.0,44.635841369628906,25.901981353759766,12.0,0.085192009806633
2026-06-10 05:35:43+00:00,1.0,123.9000015258789,1.0,44.635841369628906,25.9019775390625,12.0,0.17223601043224335
2026-06-10 05:35:44+00:00,1.0,123.9000015258789,1.0,44.635841369628906,25.9019775390625,12.0,0.024075999855995178
2026-06-10 05:35:45+00:00,1.0,123.9000015258789,1.0,44.635841369628906,25.9019775390625,12.0,0.01666800118982792
2026-06-10 05:35:46+00:00,1.0,123.9000015258789,1.0,44.635841369628906,25.901981353759766,12.0,0.01666800118982792
2026-06-10 05:35:47+00:00,1.0,124.0,1.0,44.635841369628906,25.901981353759766,12.0,0.014816001057624817
2026-06-10 05:35:48+00:00,1.0,124.0,1.0,44.63582992553711,25.901981353759766,12.0,0.06852400302886963
2026-06-10 05:35:49+00:00,1.0,124.0999984741211,1.0,44.635841369628906,25.901981353759766,12.0,0.38892000913619995
2026-06-10 05:35:50+00:00,1.0,124.0,1.0,44.635841369628906,25.9019775390625,12.0,0.888960063457489
2026-06-10 05:35:51+00:00,1.0,124.0,1.0,44.635841369628906,25.9019775390625,12.0,1.3871480226516724
2026-06-10 05:35:52+00:00,1.0,124.0,1.0,44.635841369628906,25.901973724365234,12.0,2.0853521823883057
2026-06-10 05:35:53+00:00,1.0,124.0,1.0,44.63584899902344,25.901966094970703,12.0,2.6613237857818604
2026-06-10 05:35:54+00:00,1.0,124.0,1.0,44.63584899902344,25.90195655822754,12.0,3.2595200538635254
2026-06-10 05:35:55+00:00,1.0,0.0,1.0,44.63585662841797,25.901945114135742,12.0,2.87126055340155e-42
2026-06-10 05:35:56+00:00,1.0,124.0,1.0,44.63585662841797,25.901927947998047,12.0,4.492952346801758
2026-06-10 05:35:57+00:00,1.0,124.0,1.0,44.63585662841797,25.90190887451172,12.0,5.283755779266357
2026-06-10 05:35:58+00:00,1.0,124.0,1.0,44.63585662841797,25.901891708374023,12.0,6.157899856567383
2026-06-10 05:35:59+00:00,1.0,124.0,1.0,44.63585662841797,25.901866912841797,12.0,7.05241584777832
2026-06-10 05:36:00+00:00,1.0,124.0,1.0,44.63585662841797,25.901866912841797,12.0,7.05241584777832
2026-06-10 05:36:01+00:00,1.0,124.0,1.0,44.63585662841797,25.901866912841797,12.0,7.05241584777832
2026-06-10 05:36:02+00:00,1.0,123.9000015258789,1.0,44.63585662841797,25.901777267456055,12.0,9.552616119384766
2026-06-10 05:36:03+00:00,1.0,123.9000015258789,1.0,44.63585662841797,25.90174102783203,12.0,10.297120094299316
2026-06-10 05:36:04+00:00,1.0,123.9000015258789,1.0,44.63585662841797,25.90174102783203,12.0,10.297120094299316
2026-06-10 05:36:05+00:00,1.0,123.9000015258789,1.0,44.63584899902344,25.90166473388672,12.0,10.297120094299316
2026-06-10 05:36:06+00:00,1.0,123.9000015258789,1.0,44.63584899902344,25.901622772216797,12.0,12.147268295288086
2026-06-10 05:36:07+00:00,1.0,123.9000015258789,1.0,44.63584899902344,25.901575088500977,12.0,12.20097541809082
2026-06-10 05:36:08+00:00,1.0,123.9000015258789,1.0,44.635841369628906,25.901533126831055,12.0,12.20097541809082
2026-06-10 05:36:09+00:00,1.0,123.9000015258789,1.0,44.635841369628906,25.901493072509766,12.0,11.736124992370605
2026-06-10 05:36:10+00:00,1.0,123.9000015258789,1.0,44.635841369628906,25.901453018188477,12.0,11.773164749145508
2026-06-10 05:36:11+00:00,1.0,123.9000015258789,1.0,44.635841369628906,25.90140724182129,12.0,11.773164749145508
2026-06-10 05:36:12+00:00,1.0,123.9000015258789,1.0,44.635841369628906,25.9013671875,12.0,12.086152076721191
2026-06-10 05:36:13+00:00,1.0,123.9000015258789,1.0,44.635841369628906,25.901323318481445,12.0,13.08067512512207
2026-06-10 05:36:14+00:00,1.0,123.9000015258789,1.0,44.635841369628906,25.901323318481445,12.0,13.08067512512207
2026-06-10 05:36:15+00:00,1.0,123.9000015258789,1.0,44.635841369628906,25.901323318481445,12.0,13.08067512512207
2026-06-10 05:36:16+00:00,1.0,123.9000015258789,1.0,44.635841369628906,25.901323318481445,12.0,13.08067512512207
2026-06-10 05:36:17+00:00,1.0,123.9000015258789,1.0,44.63582992553711,25.901123046875,12.0,13.08067512512207
2026-06-10 05:36:18+00:00,1.0,123.9000015258789,1.0,44.63582992553711,25.901065826416016,12.0,14.866004943847656
2026-06-10 05:36:19+00:00,1.0,123.9000015258789,1.0,44.63582992553711,25.901065826416016,12.0,14.866004943847656
2026-06-10 05:36:20+00:00,1.0,123.9000015258789,1.0,44.63582229614258,25.900968551635742,12.0,14.352999687194824
2026-06-10 05:36:21+00:00,1.0,123.69999694824219,1.0,44.63582229614258,25.900915145874023,12.0,14.352999687194824
2026-06-10 05:36:22+00:00,1.0,123.69999694824219,1.0,44.63582229614258,25.900867462158203,12.0,14.149279594421387
2026-06-10 05:36:23+00:00,1.0,123.69999694824219,1.0,44.63582229614258,25.90081787109375,12.0,13.936300277709961
2026-06-10 05:36:24+00:00,1.0,123.69999694824219,1.0,44.63582229614258,25.900768280029297,12.0,13.810364723205566
2026-06-10 05:36:26+00:00,1.0,123.69999694824219,1.0,44.63581466674805,25.900691986083984,12.0,13.810364723205566
2026-06-10 05:36:27+00:00,1.0,123.69999694824219,1.0,44.63581466674805,25.900667190551758,12.0,5.9560322761535645
2026-06-10 05:36:28+00:00,1.0,123.69999694824219,1.0,44.63581466674805,25.90065574645996,12.0,1.957563877105713
2026-06-10 05:36:29+00:00,1.0,123.69999694824219,1.0,44.63581466674805,25.90065574645996,12.0,0.0463000051677227
2026-06-10 05:36:30+00:00,1.0,123.69999694824219,1.0,44.63581466674805,25.90065574645996,12.0,0.029632002115249634
2026-06-10 05:36:31+00:00,1.0,123.69999694824219,1.0,44.63581466674805,25.90065574645996,12.0,0.038892004638910294
2026-06-10 05:36:32+00:00,1.0,123.69999694824219,1.0,44.63581466674805,25.90065574645996,12.0,0.02592799998819828
2026-06-10 05:36:33+00:00,1.0,123.69999694824219,1.0,44.63581466674805,25.90065574645996,12.0,0.02592799998819828
2026-06-10 05:36:34+00:00,1.0,123.69999694824219,1.0,44.63581466674805,25.90065574645996,12.0,0.02592799998819828
2026-06-10 05:36:35+00:00,1.0,1.4293244336113134e-43,1.0,44.63581466674805,25.90065574645996,12.0,0.03148400038480759
2026-06-10 05:36:36+00:00,1.0,123.80000305175781,1.0,44.63581466674805,25.90065574645996,12.0,0.03148400038480759
2026-06-10 05:36:37+00:00,1.0,123.80000305175781,1.0,44.63581466674805,25.90065574645996,12.0,0.029632002115249634
2026-06-10 05:36:38+00:00,1.0,123.80000305175781,1.0,44.63581466674805,25.90065574645996,12.0,0.029632002115249634
2026-06-10 05:36:39+00:00,1.0,123.80000305175781,1.0,44.63581466674805,25.90065574645996,12.0,0.040744002908468246
2026-06-10 05:36:40+00:00,1.0,123.80000305175781,1.0,44.63581466674805,25.90065574645996,12.0,0.03148400038480759
2026-06-10 05:36:41+00:00,1.0,123.80000305175781,1.0,44.63581466674805,25.90065574645996,12.0,0.03148400038480759
2026-06-10 05:36:42+00:00,1.0,123.80000305175781,1.0,44.63581466674805,25.90065574645996,12.0,0.03148400038480759
2026-06-10 05:36:43+00:00,1.0,123.80000305175781,1.0,44.63581466674805,25.90065574645996,12.0,0.03148400038480759
2026-06-10 05:36:44+00:00,1.0,123.80000305175781,1.0,44.63581466674805,25.90065574645996,12.0,0.03148400038480759
2026-06-10 05:36:45+00:00,1.0,123.9000015258789,1.0,44.63581466674805,25.900659561157227,12.0,0.03148400038480759
2026-06-10 05:36:46+00:00,1.0,123.9000015258789,1.0,44.63581466674805,25.900663375854492,12.0,1.122312068939209
2026-06-10 05:36:47+00:00,1.0,123.9000015258789,1.0,44.63581466674805,25.900667190551758,12.0,1.122312068939209
2026-06-10 05:36:48+00:00,1.0,123.9000015258789,1.0,44.63581466674805,25.90067481994629,12.0,2.477975845336914
2026-06-10 05:36:49+00:00,1.0,123.9000015258789,1.0,44.63581466674805,25.90067481994629,12.0,2.477975845336914
2026-06-10 05:36:50+00:00,1.0,123.9000015258789,1.0,44.63581466674805,25.90067481994629,12.0,2.477975845336914
2026-06-10 05:36:51+00:00,1.0,123.9000015258789,1.0,44.63581466674805,25.90067481994629,12.0,2.477975845336914
2026-06-10 05:36:52+00:00,1.0,123.9000015258789,1.0,44.63581466674805,25.90067481994629,12.0,2.477975845336914
2026-06-10 05:36:53+00:00,1.0,124.0999984741211,1.0,44.63581466674805,25.90069580078125,12.0,2.477975845336914
2026-06-10 05:36:54+00:00,1.0,124.0999984741211,1.0,44.63581466674805,25.90069580078125,12.0,0.040744002908468246
2026-06-10 05:36:55+00:00,1.0,124.0999984741211,1.0,44.63581466674805,25.90069580078125,12.0,0.040744002908468246
2026-06-10 05:36:56+00:00,1.0,124.0999984741211,1.0,44.63581466674805,25.90069580078125,12.0,0.02778000198304653
2026-06-10 05:36:57+00:00,1.0,124.0999984741211,1.0,44.63581466674805,25.90069580078125,12.0,0.048151999711990356
2026-06-10 05:36:58+00:00,1.0,124.0999984741211,1.0,44.63581466674805,25.90069580078125,12.0,0.048151999711990356
2026-06-10 05:36:59+00:00,1.0,124.0,1.0,44.63581466674805,25.90069580078125,12.0,0.048151999711990356
2026-06-10 05:37:00+00:00,1.0,124.0,1.0,44.63581466674805,25.90069580078125,12.0,0.00926000066101551
2026-06-10 05:37:01+00:00,1.0,124.0,1.0,44.63581466674805,25.90069580078125,12.0,0.00926000066101551
2026-06-10 05:37:02+00:00,1.0,123.9000015258789,1.0,44.63581466674805,25.90069580078125,12.0,0.038892004638910294
2026-06-10 05:37:03+00:00,1.0,123.9000015258789,1.0,44.63581466674805,25.90069580078125,12.0,0.022224001586437225
2026-06-10 05:37:04+00:00,1.0,123.9000015258789,1.0,44.63581466674805,25.90069580078125,12.0,0.01852000132203102
2026-06-10 05:37:05+00:00,1.0,123.9000015258789,1.0,44.63581466674805,25.90069580078125,12.0,0.029632002115249634
2026-06-10 05:37:06+00:00,1.0,123.9000015258789,1.0,44.63581466674805,25.900691986083984,12.0,0.1463080197572708
2026-06-10 05:37:07+00:00,1.0,123.80000305175781,1.0,44.63581466674805,25.900691986083984,12.0,1.0648999214172363
2026-06-10 05:37:08+00:00,1.0,123.80000305175781,1.0,44.63581466674805,25.900684356689453,12.0,1.0648999214172363
2026-06-10 05:37:09+00:00,1.0,123.80000305175781,1.0,44.635807037353516,25.900667190551758,12.0,5.278199672698975
2026-06-10 05:37:10+00:00,1.0,123.80000305175781,1.0,44.635807037353516,25.90064239501953,12.0,7.543195724487305
2026-06-10 05:37:11+00:00,1.0,123.80000305175781,1.0,44.635807037353516,25.90064239501953,12.0,7.543195724487305
2026-06-10 05:37:12+00:00,1.0,123.80000305175781,1.0,44.635807037353516,25.900569915771484,12.0,7.543195724487305
2026-06-10 05:37:13+00:00,1.0,123.80000305175781,1.0,44.635807037353516,25.90052032470703,12.0,14.751180648803711
2026-06-10 05:37:14+00:00,1.0,123.80000305175781,1.0,44.635807037353516,25.900468826293945,12.0,15.12158203125
2026-06-10 05:37:15+00:00,1.0,123.5,1.0,44.635799407958984,25.900423049926758,12.0,11.858355522155762
2026-06-10 05:37:20+00:00,1.0,123.69999694824219,1.0,44.635765075683594,25.900325775146484,12.0,9.030352592468262
2026-06-10 05:37:21+00:00,1.0,123.0999984741211,1.0,44.6357421875,25.90032196044922,12.0,9.202588081359863
2026-06-10 05:37:22+00:00,1.0,123.0,1.0,44.635719299316406,25.900325775146484,12.0,10.749009132385254
2026-06-10 05:37:23+00:00,1.0,122.9000015258789,1.0,44.63569259643555,25.900341033935547,12.0,12.239867210388184
2026-06-10 05:37:24+00:00,1.0,2.018803053404977e-39,1.0,44.63566970825195,25.900365829467773,12.0,12.667680740356445
2026-06-10 05:37:25+00:00,1.0,122.80000305175781,1.0,44.63565444946289,25.900386810302734,12.0,6.341248035430908
2026-06-10 05:37:26+00:00,1.0,122.80000305175781,1.0,44.63565444946289,25.900386810302734,12.0,6.341248035430908
2026-06-10 05:37:27+00:00,1.0,122.80000305175781,1.0,44.635643005371094,25.90041160583496,12.0,2.3279638290405273
2026-06-10 05:37:28+00:00,1.0,122.80000305175781,1.0,44.635643005371094,25.90041160583496,12.0,2.3279638290405273
2026-06-10 05:37:29+00:00,1.0,122.80000305175781,1.0,44.63563537597656,25.900423049926758,12.0,2.3279638290405273
2026-06-10 05:37:30+00:00,1.0,122.80000305175781,1.0,44.63563537597656,25.900426864624023,12.0,2.4501960277557373
2026-06-10 05:37:31+00:00,1.0,122.4000015258789,1.0,44.63563537597656,25.900440216064453,12.0,2.4501960277557373
2026-06-10 05:37:32+00:00,1.0,122.4000015258789,1.0,44.63563537597656,25.900447845458984,12.0,2.9261600971221924
2026-06-10 05:37:33+00:00,1.0,122.4000015258789,1.0,44.63563537597656,25.900447845458984,12.0,2.9261600971221924
2026-06-10 05:37:34+00:00,1.0,122.4000015258789,1.0,44.63562774658203,25.900476455688477,12.0,4.261451721191406
2026-06-10 05:37:35+00:00,1.0,122.4000015258789,1.0,44.63562774658203,25.900476455688477,12.0,4.261451721191406
2026-06-10 05:37:36+00:00,1.0,122.0999984741211,1.0,44.63562774658203,25.90050506591797,12.0,5.365243911743164
2026-06-10 05:37:37+00:00,1.0,122.0999984741211,1.0,44.63562774658203,25.900524139404297,12.0,5.813427925109863
2026-06-10 05:37:38+00:00,1.0,122.0999984741211,1.0,44.63562774658203,25.900524139404297,12.0,6.278279781341553
2026-06-10 05:37:39+00:00,1.0,122.0999984741211,1.0,44.63562774658203,25.90056610107422,12.0,6.6209001541137695
2026-06-10 05:37:40+00:00,1.0,121.9000015258789,1.0,44.63562774658203,25.900590896606445,12.0,6.6209001541137695
2026-06-10 05:37:41+00:00,1.0,121.80000305175781,1.0,44.63562774658203,25.90061378479004,12.0,6.469036102294922
2026-06-10 05:37:42+00:00,1.0,121.80000305175781,1.0,44.63563537597656,25.900634765625,12.0,6.3782877922058105
2026-06-10 05:37:43+00:00,1.0,121.80000305175781,1.0,44.63563537597656,25.900659561157227,12.0,6.252351760864258
2026-06-10 05:37:44+00:00,1.0,121.80000305175781,1.0,44.63563537597656,25.900659561157227,12.0,6.252351760864258
2026-06-10 05:37:45+00:00,1.0,121.80000305175781,1.0,44.63563537597656,25.900659561157227,12.0,6.252351760864258
2026-06-10 05:37:46+00:00,1.0,121.80000305175781,1.0,44.63563537597656,25.900659561157227,12.0,6.252351760864258
2026-06-10 05:37:47+00:00,1.0,121.69999694824219,1.0,44.63563537597656,25.90073585510254,12.0,5.833799839019775
2026-06-10 05:37:48+00:00,1.0,121.80000305175781,1.0,44.63563537597656,25.9007568359375,12.0,5.700455665588379
2026-06-10 05:37:49+00:00,1.0,121.80000305175781,1.0,44.63563537597656,25.90077781677246,12.0,5.394876003265381
2026-06-10 05:37:50+00:00,1.0,121.80000305175781,1.0,44.63563537597656,25.90079689025879,12.0,4.887427806854248
2026-06-10 05:37:51+00:00,1.0,121.80000305175781,1.0,44.63563537597656,25.900814056396484,12.0,4.887427806854248
2026-06-10 05:37:52+00:00,1.0,121.80000305175781,1.0,44.63563537597656,25.90082550048828,12.0,3.698444128036499
2026-06-10 05:37:53+00:00,1.0,122.0999984741211,1.0,44.63563537597656,25.90083885192871,12.0,3.5150959491729736
2026-06-10 05:37:54+00:00,1.0,122.0999984741211,1.0,44.63563537597656,25.900850296020508,12.0,3.478055953979492
2026-06-10 05:37:55+00:00,1.0,122.19999694824219,1.0,44.63563537597656,25.900861740112305,12.0,3.478055953979492
2026-06-10 05:37:56+00:00,1.0,122.19999694824219,1.0,44.635643005371094,25.900875091552734,12.0,3.9651315212249756
2026-06-10 05:37:57+00:00,1.0,122.30000305175781,1.0,44.635643005371094,25.900890350341797,12.0,4.415167808532715
2026-06-10 05:37:58+00:00,1.0,0.0,1.0,44.635643005371094,25.900907516479492,12.0,9.221104414643026e-41
2026-06-10 05:37:59+00:00,1.0,122.4000015258789,1.0,44.635643005371094,25.900922775268555,12.0,5.148560047149658
2026-06-10 05:38:00+00:00,1.0,122.4000015258789,1.0,44.635643005371094,25.900943756103516,12.0,5.343019962310791
2026-06-10 05:38:01+00:00,1.0,0.0,1.0,44.635643005371094,25.900964736938477,12.0,1.3460592788611328e-40
2026-06-10 05:38:02+00:00,1.0,122.5,1.0,44.635643005371094,25.900983810424805,12.0,5.437472343444824
2026-06-10 05:38:03+00:00,1.0,122.5999984741211,1.0,44.635643005371094,25.9010009765625,12.0,5.137447834014893
2026-06-10 05:38:04+00:00,1.0,122.5999984741211,1.0,44.63563537597656,25.901018142700195,12.0,4.837423801422119
2026-06-10 05:38:05+00:00,1.0,122.5999984741211,1.0,44.63563537597656,25.901033401489258,12.0,4.4503560066223145
2026-06-10 05:38:06+00:00,1.0,122.5999984741211,1.0,44.63563537597656,25.901044845581055,12.0,3.45583176612854
2026-06-10 05:38:07+00:00,1.0,122.5999984741211,1.0,44.63563537597656,25.901044845581055,12.0,3.45583176612854
2026-06-10 05:38:08+00:00,1.0,122.5999984741211,1.0,44.63562774658203,25.901065826416016,12.0,3.7743756771087646
2026-06-10 05:38:09+00:00,1.0,122.5999984741211,1.0,44.63562774658203,25.901065826416016,12.0,3.7743756771087646
2026-06-10 05:38:10+00:00,1.0,122.5999984741211,1.0,44.6356201171875,25.901094436645508,12.0,4.000319480895996
2026-06-10 05:38:11+00:00,1.0,122.5999984741211,1.0,44.6356201171875,25.901111602783203,12.0,3.0632078647613525
2026-06-10 05:38:12+00:00,1.0,122.69999694824219,1.0,44.6356201171875,25.901119232177734,12.0,2.837263822555542
2026-06-10 05:38:13+00:00,1.0,122.80000305175781,1.0,44.63561248779297,25.901126861572266,12.0,2.7335522174835205
2026-06-10 05:38:14+00:00,1.0,122.80000305175781,1.0,44.63561248779297,25.901134490966797,12.0,2.455751895904541
2026-06-10 05:38:15+00:00,1.0,122.80000305175781,1.0,44.63561248779297,25.90114402770996,12.0,2.076092004776001
2026-06-10 05:38:16+00:00,1.0,122.80000305175781,1.0,44.63560485839844,25.901151657104492,12.0,1.9631198644638062
2026-06-10 05:38:17+00:00,1.0,122.80000305175781,1.0,44.63560485839844,25.901155471801758,12.0,1.9038560390472412
2026-06-10 05:38:18+00:00,1.0,122.80000305175781,1.0,44.63560485839844,25.901159286499023,12.0,2.1372077465057373
2026-06-10 05:38:19+00:00,1.0,122.80000305175781,1.0,44.63560485839844,25.901159286499023,12.0,2.1372077465057373
2026-06-10 05:38:20+00:00,1.0,122.69999694824219,1.0,44.635597229003906,25.90117645263672,12.0,2.359448194503784
2026-06-10 05:38:21+00:00,1.0,122.69999694824219,1.0,44.635597229003906,25.90118408203125,12.0,2.2612922191619873
2026-06-10 05:38:22+00:00,1.0,122.69999694824219,1.0,44.635597229003906,25.90118408203125,12.0,0.2444639950990677
2026-06-10 05:38:23+00:00,1.0,122.69999694824219,1.0,44.635597229003906,25.90118408203125,12.0,0.07593200355768204
2026-06-10 05:38:24+00:00,1.0,122.69999694824219,1.0,44.635597229003906,25.90118408203125,12.0,0.029632002115249634
2026-06-10 05:38:25+00:00,1.0,122.69999694824219,1.0,44.635597229003906,25.90118408203125,12.0,0.0425960049033165
2026-06-10 05:38:26+00:00,1.0,122.69999694824219,1.0,44.635597229003906,25.90118408203125,12.0,0.05185599997639656
2026-06-10 05:38:27+00:00,1.0,122.5999984741211,1.0,44.635597229003906,25.90118408203125,12.0,0.03148400038480759
2026-06-10 05:38:28+00:00,1.0,122.5999984741211,1.0,44.635597229003906,25.90118408203125,12.0,0.040744002908468246
2026-06-10 05:38:29+00:00,1.0,122.5999984741211,1.0,44.635597229003906,25.90118408203125,12.0,0.038892004638910294
2026-06-10 05:38:30+00:00,1.0,122.5999984741211,1.0,44.635597229003906,25.90118408203125,12.0,0.020372001454234123
2026-06-10 05:38:31+00:00,1.0,122.5999984741211,1.0,44.635597229003906,25.90118408203125,12.0,0.020372001454234123
2026-06-10 05:38:32+00:00,1.0,122.5999984741211,1.0,44.635597229003906,25.90118408203125,12.0,0.020372001454234123
2026-06-10 05:38:33+00:00,1.0,122.5999984741211,1.0,44.635597229003906,25.90118408203125,12.0,0.020372001454234123
2026-06-10 05:38:34+00:00,1.0,122.5999984741211,1.0,44.635597229003906,25.90118408203125,12.0,0.011111999861896038
2026-06-10 05:38:35+00:00,1.0,122.5999984741211,1.0,44.635597229003906,25.90118408203125,12.0,0.011111999861896038
2026-06-10 05:38:36+00:00,1.0,122.69999694824219,1.0,44.635597229003906,25.90118408203125,12.0,0.040744002908468246
2026-06-10 05:38:37+00:00,1.0,122.69999694824219,1.0,44.635597229003906,25.90118408203125,12.0,0.050004005432128906
2026-06-10 05:38:38+00:00,1.0,122.69999694824219,1.0,44.635597229003906,25.90118408203125,12.0,0.48337194323539734
2026-06-10 05:38:39+00:00,1.0,122.69999694824219,1.0,44.635597229003906,25.901187896728516,12.0,1.5297518968582153
2026-06-10 05:38:40+00:00,1.0,122.80000305175781,1.0,44.63558578491211,25.90119171142578,12.0,2.8743038177490234
2026-06-10 05:38:41+00:00,1.0,122.80000305175781,1.0,44.63557815551758,25.901201248168945,12.0,3.32063627243042
2026-06-10 05:38:42+00:00,1.0,122.9000015258789,1.0,44.63557815551758,25.90120506286621,12.0,1.172316074371338
2026-06-10 05:38:43+00:00,1.0,122.9000015258789,1.0,44.63557815551758,25.901208877563477,12.0,0.0463000051677227
2026-06-10 05:38:44+00:00,1.0,122.9000015258789,1.0,44.63557815551758,25.901208877563477,12.0,0.0463000051677227
2026-06-10 05:38:45+00:00,1.0,122.9000015258789,1.0,44.63557815551758,25.901208877563477,12.0,0.01296399999409914
2026-06-10 05:38:46+00:00,1.0,122.9000015258789,1.0,44.63557815551758,25.901208877563477,12.0,0.01296399999409914
2026-06-10 05:38:47+00:00,1.0,122.80000305175781,1.0,44.63557815551758,25.901208877563477,12.0,0.01296399999409914
2026-06-10 05:38:48+00:00,1.0,122.80000305175781,1.0,44.63557815551758,25.901208877563477,12.0,0.03333600237965584
2026-06-10 05:38:49+00:00,1.0,122.80000305175781,1.0,44.63557815551758,25.901208877563477,12.0,0.05370800569653511
2026-06-10 05:38:50+00:00,1.0,122.80000305175781,1.0,44.63557815551758,25.901208877563477,12.0,0.011111999861896038
2026-06-10 05:38:51+00:00,1.0,122.80000305175781,1.0,44.63557815551758,25.901208877563477,12.0,0.011111999861896038
2026-06-10 05:38:52+00:00,1.0,122.80000305175781,1.0,44.63557815551758,25.901208877563477,12.0,0.03704000264406204
2026-06-10 05:38:53+00:00,1.0,122.80000305175781,1.0,44.63557815551758,25.901208877563477,12.0,0.03704000264406204
2026-06-10 05:38:54+00:00,1.0,122.80000305175781,1.0,44.63557815551758,25.901208877563477,12.0,0.4148479700088501
2026-06-10 05:38:55+00:00,1.0,122.9000015258789,1.0,44.63557815551758,25.901208877563477,12.0,0.07222799956798553
2026-06-10 05:38:56+00:00,1.0,122.9000015258789,1.0,44.63557815551758,25.901208877563477,12.0,1.3797399997711182
2026-06-10 05:38:57+00:00,1.0,122.9000015258789,1.0,44.63557052612305,25.901212692260742,12.0,2.594651937484741
2026-06-10 05:38:58+00:00,1.0,2.1502550420721696e-29,1.0,44.635562896728516,2.0432460109269846e-29,12.0,1.9593291807415562e-29
2026-06-10 05:38:59+00:00,1.0,123.0,1.0,44.635555267333984,25.90122413635254,12.0,5.770832061767578
2026-06-10 05:39:00+00:00,1.0,123.0,1.0,44.63553237915039,25.901227951049805,12.0,7.698764324188232
2026-06-10 05:39:01+00:00,1.0,123.0,1.0,44.63551330566406,25.901233673095703,12.0,10.035987854003906
2026-06-10 05:39:02+00:00,1.0,123.0,1.0,44.63548278808594,25.901227951049805,12.0,10.035987854003906
2026-06-10 05:39:03+00:00,1.0,123.0,1.0,44.63544845581055,25.90122413635254,12.0,14.52153205871582
2026-06-10 05:39:04+00:00,1.0,123.0,1.0,44.63541030883789,25.901212692260742,12.0,17.262493133544922
2026-06-10 05:39:05+00:00,1.0,123.0,1.0,44.63541030883789,25.901212692260742,12.0,17.262493133544922
2026-06-10 05:39:06+00:00,1.0,123.0,1.0,44.63541030883789,25.901212692260742,12.0,17.262493133544922
2026-06-10 05:39:07+00:00,1.0,123.0,1.0,44.63541030883789,25.901212692260742,12.0,17.262493133544922
2026-06-10 05:39:08+00:00,1.0,123.0,1.0,44.63541030883789,25.901212692260742,12.0,27.559612274169922
2026-06-10 05:39:09+00:00,1.0,123.0,1.0,44.63524627685547,25.9010009765625,12.0,27.559612274169922
2026-06-10 05:39:10+00:00,1.0,123.0,1.0,44.63518142700195,25.90081024169922,12.0,31.537710189819336
2026-06-10 05:39:11+00:00,1.0,123.0,1.0,44.63518142700195,25.90081024169922,12.0,31.537710189819336
2026-06-10 05:39:12+00:00,1.0,123.0,1.0,44.63512420654297,25.900609970092773,12.0,29.641258239746094
2026-06-10 05:39:13+00:00,1.0,122.9000015258789,1.0,44.63509750366211,25.90052032470703,12.0,26.598424911499023
2026-06-10 05:39:14+00:00,1.0,122.9000015258789,1.0,44.63508224487305,25.90044403076172,12.0,23.337053298950195
2026-06-10 05:39:15+00:00,1.0,122.9000015258789,1.0,44.63508224487305,25.90044403076172,12.0,23.337053298950195
2026-06-10 05:39:16+00:00,1.0,122.9000015258789,1.0,44.635074615478516,25.90030860900879,12.0,17.631040573120117
2026-06-10 05:39:17+00:00,1.0,122.9000015258789,1.0,44.635074615478516,25.90030860900879,12.0,17.631040573120117
2026-06-10 05:39:18+00:00,1.0,122.9000015258789,1.0,44.635074615478516,25.90030860900879,12.0,17.631040573120117
2026-06-10 05:39:19+00:00,1.0,122.9000015258789,1.0,44.635074615478516,25.90030860900879,12.0,17.631040573120117
2026-06-10 05:39:20+00:00,1.0,122.69999694824219,1.0,44.63520431518555,25.900142669677734,12.0,20.920190811157227
2026-06-10 05:39:21+00:00,1.0,122.69999694824219,1.0,44.63524627685547,25.90012550354004,12.0,19.757137298583984
2026-06-10 05:39:22+00:00,1.0,122.69999694824219,1.0,44.63524627685547,25.90012550354004,12.0,19.757137298583984
2026-06-10 05:39:23+00:00,1.0,122.69999694824219,1.0,44.63534164428711,25.900157928466797,12.0,18.614452362060547
2026-06-10 05:39:24+00:00,1.0,122.69999694824219,1.0,44.63534164428711,25.900157928466797,12.0,18.614452362060547
2026-06-10 05:39:25+00:00,1.0,122.69999694824219,1.0,44.63534164428711,25.900157928466797,12.0,18.614452362060547
2026-06-10 05:39:26+00:00,1.0,122.69999694824219,1.0,44.6353759765625,25.900333404541016,12.0,18.614452362060547
2026-06-10 05:39:27+00:00,1.0,122.69999694824219,1.0,44.63536834716797,25.900390625,12.0,15.499388694763184
2026-06-10 05:39:28+00:00,1.0,122.9000015258789,1.0,44.63536834716797,25.90044403076172,12.0,15.499388694763184
2026-06-10 05:39:29+00:00,1.0,122.9000015258789,1.0,44.63536071777344,25.900484085083008,12.0,12.119488716125488
2026-06-10 05:39:30+00:00,1.0,122.9000015258789,1.0,44.63536071777344,25.900516510009766,12.0,8.293256759643555
2026-06-10 05:39:31+00:00,1.0,122.9000015258789,1.0,44.63536071777344,25.90053367614746,12.0,3.5002799034118652
2026-06-10 05:39:32+00:00,1.0,122.9000015258789,1.0,44.63536071777344,25.90053367614746,12.0,3.5002799034118652
2026-06-10 05:39:33+00:00,1.0,122.9000015258789,1.0,44.63536071777344,25.900537490844727,12.0,3.5002799034118652
2026-06-10 05:39:34+00:00,1.0,122.9000015258789,1.0,44.63536834716797,25.900537490844727,12.0,0.01852000132203102
2026-06-10 05:39:35+00:00,1.0,122.9000015258789,1.0,44.63536834716797,25.900537490844727,12.0,0.01852000132203102
2026-06-10 05:39:36+00:00,1.0,122.80000305175781,1.0,44.63536834716797,25.900537490844727,12.0,0.01852000132203102
2026-06-10 05:39:37+00:00,1.0,122.80000305175781,1.0,44.63536834716797,25.900537490844727,12.0,0.03704000264406204
2026-06-10 05:39:38+00:00,1.0,122.80000305175781,1.0,44.63536834716797,25.900537490844727,12.0,0.06111599877476692
2026-06-10 05:39:39+00:00,1.0,122.80000305175781,1.0,44.63536834716797,25.900537490844727,12.0,0.029632002115249634
2026-06-10 05:39:40+00:00,1.0,122.80000305175781,1.0,44.63536834716797,25.900537490844727,12.0,0.029632002115249634
2026-06-10 05:39:41+00:00,1.0,122.80000305175781,1.0,44.63536834716797,25.900537490844727,12.0,0.029632002115249634
2026-06-10 05:39:42+00:00,1.0,122.80000305175781,1.0,44.63536071777344,25.90053367614746,12.0,0.5111520290374756
2026-06-10 05:39:43+00:00,1.0,122.69999694824219,1.0,44.63536071777344,25.90053367614746,12.0,0.2833560109138489
2026-06-10 05:39:44+00:00,1.0,122.5999984741211,1.0,44.63536834716797,25.90053367614746,12.0,0.07593200355768204
2026-06-10 05:39:45+00:00,1.0,122.5999984741211,1.0,44.63536834716797,25.90053367614746,12.0,0.20186801254749298
2026-06-10 05:39:46+00:00,1.0,122.5999984741211,1.0,44.63536834716797,25.90053367614746,12.0,0.07222799956798553
2026-06-10 05:39:47+00:00,1.0,122.5999984741211,1.0,44.63536834716797,25.90053367614746,12.0,0.07222799956798553
2026-06-10 05:39:48+00:00,1.0,122.5999984741211,1.0,44.63536071777344,25.90053367614746,12.0,0.07222799956798553
2026-06-10 05:39:49+00:00,1.0,122.5999984741211,1.0,44.63536071777344,25.90053367614746,12.0,0.12038000673055649
2026-06-10 05:39:50+00:00,1.0,122.5999984741211,1.0,44.63536071777344,25.90053367614746,12.0,0.03148400038480759
2026-06-10 05:43:04+00:00,1.0,120.30000305175781,1.0,44.63538360595703,25.900537490844727,12.0,0.10186000913381577
2026-06-10 05:43:05+00:00,1.0,120.19999694824219,1.0,44.63538360595703,25.900537490844727,12.0,0.13704802095890045
2026-06-10 05:43:06+00:00,1.0,120.0999984741211,1.0,44.63538360595703,25.900537490844727,12.0,0.1240840032696724
2026-06-10 05:43:07+00:00,1.0,120.0999984741211,1.0,44.6353759765625,25.900541305541992,12.0,0.00926000066101551
2026-06-10 05:43:08+00:00,1.0,120.0999984741211,1.0,44.6353759765625,25.900541305541992,12.0,0.00926000066101551
2026-06-10 05:43:09+00:00,1.0,119.9000015258789,1.0,44.6353759765625,25.900541305541992,12.0,0.02778000198304653
2026-06-10 05:43:10+00:00,1.0,119.9000015258789,1.0,44.6353759765625,25.900541305541992,12.0,0.1592720001935959
2026-06-10 05:43:11+00:00,1.0,119.9000015258789,1.0,44.6353759765625,25.900541305541992,12.0,0.06111599877476692
2026-06-10 05:43:12+00:00,1.0,119.69999694824219,1.0,44.6353759765625,25.900541305541992,12.0,0.03333600237965584
2026-06-10 05:43:13+00:00,1.0,119.69999694824219,1.0,44.6353759765625,25.900541305541992,12.0,0.11482400447130203
2026-06-10 05:43:14+00:00,1.0,119.69999694824219,1.0,44.6353759765625,25.900541305541992,12.0,0.020372001454234123
2026-06-10 05:43:15+00:00,1.0,119.69999694824219,1.0,44.6353759765625,25.900541305541992,12.0,0.020372001454234123
2026-06-10 05:43:16+00:00,1.0,119.69999694824219,1.0,44.6353759765625,25.900541305541992,12.0,0.020372001454234123
2026-06-10 05:43:17+00:00,1.0,119.69999694824219,1.0,44.6353759765625,25.900541305541992,12.0,0.020372001454234123
2026-06-10 05:43:18+00:00,1.0,119.69999694824219,1.0,44.6353759765625,25.900541305541992,12.0,0.020372001454234123
2026-06-10 05:43:19+00:00,1.0,119.19999694824219,1.0,44.6353759765625,25.900541305541992,12.0,0.014816001057624817
2026-06-10 05:43:20+00:00,1.0,119.19999694824219,1.0,44.6353759765625,25.900541305541992,12.0,0.011111999861896038
2026-06-10 05:43:21+00:00,1.0,119.4000015258789,1.0,44.6353759765625,25.900545120239258,12.0,0.011111999861896038
2026-06-10 05:43:22+00:00,1.0,119.4000015258789,1.0,44.6353759765625,25.900545120239258,12.0,0.048151999711990356
2026-06-10 05:43:23+00:00,1.0,119.4000015258789,1.0,44.6353759765625,25.900545120239258,12.0,0.048151999711990356
2026-06-10 05:43:24+00:00,1.0,119.4000015258789,1.0,44.6353759765625,25.900545120239258,12.0,0.09445200860500336
2026-06-10 05:43:25+00:00,1.0,119.5999984741211,1.0,44.6353759765625,25.900548934936523,12.0,0.1777919977903366
2026-06-10 05:43:26+00:00,1.0,119.30000305175781,1.0,44.6353759765625,25.900545120239258,12.0,0.057412002235651016
2026-06-10 05:43:27+00:00,1.0,119.0999984741211,1.0,44.6353759765625,25.900545120239258,12.0,0.0463000051677227
2026-06-10 05:43:28+00:00,1.0,119.0999984741211,1.0,44.6353759765625,25.900545120239258,12.0,0.048151999711990356
2026-06-10 05:43:29+00:00,1.0,119.0999984741211,1.0,44.6353759765625,25.900545120239258,12.0,0.048151999711990356
2026-06-10 05:43:30+00:00,1.0,118.69999694824219,1.0,44.63536834716797,25.900548934936523,12.0,0.048151999711990356
2026-06-10 05:43:31+00:00,1.0,-3.341107887656141e+16,1.0,44.63536834716797,25.900548934936523,12.0,0.10926800966262817
2026-06-10 05:43:32+00:00,1.0,118.69999694824219,1.0,44.63536834716797,25.900548934936523,12.0,0.07593200355768204
2026-06-10 05:43:33+00:00,1.0,118.69999694824219,1.0,44.63536834716797,25.900548934936523,12.0,0.07593200355768204
2026-06-10 05:43:34+00:00,1.0,118.5999984741211,1.0,44.63536834716797,25.900548934936523,12.0,0.06481999903917313
2026-06-10 05:43:35+00:00,1.0,118.5999984741211,1.0,44.63536834716797,25.900548934936523,12.0,0.01852000132203102
2026-06-10 05:43:36+00:00,1.0,118.4000015258789,1.0,44.63536834716797,25.900548934936523,12.0,0.0463000051677227
2026-06-10 05:43:37+00:00,1.0,118.4000015258789,1.0,44.63536834716797,25.900548934936523,12.0,0.0425960049033165
2026-06-10 05:43:38+00:00,1.0,118.4000015258789,1.0,44.63536834716797,25.900548934936523,12.0,0.057412002235651016
2026-06-10 05:43:39+00:00,1.0,118.5,1.0,44.63536834716797,25.900548934936523,12.0,0.06481999903917313
2026-06-10 05:43:40+00:00,1.0,2.3080293296022487e-29,1.0,44.63536834716797,25.900548934936523,12.0,0.12593600153923035
2026-06-10 05:43:41+00:00,1.0,118.5999984741211,1.0,44.63536834716797,25.900548934936523,12.0,0.2407599836587906
2026-06-10 05:43:42+00:00,1.0,118.5999984741211,1.0,44.63536834716797,25.900548934936523,12.0,0.11852800846099854
2026-06-10 05:43:43+00:00,1.0,118.5999984741211,1.0,44.63536834716797,25.900548934936523,12.0,0.11852800846099854
2026-06-10 05:43:44+00:00,1.0,119.0999984741211,1.0,44.63536834716797,25.900548934936523,12.0,0.11852800846099854
2026-06-10 05:43:45+00:00,1.0,118.9000015258789,1.0,44.63536834716797,25.900548934936523,12.0,0.9056280255317688
2026-06-10 05:43:46+00:00,1.0,118.9000015258789,1.0,44.63536834716797,25.900548934936523,12.0,0.2778000235557556
2026-06-10 05:43:47+00:00,1.0,118.9000015258789,1.0,44.63536834716797,25.900548934936523,12.0,0.0425960049033165
2026-06-10 05:43:48+00:00,1.0,118.9000015258789,1.0,44.63536834716797,25.900548934936523,12.0,0.0425960049033165
2026-06-10 05:43:49+00:00,1.0,119.5999984741211,1.0,44.63536834716797,25.900548934936523,12.0,0.0425960049033165
2026-06-10 05:43:50+00:00,1.0,119.5999984741211,1.0,44.63536834716797,25.900548934936523,12.0,0.06111599877476692
2026-06-10 05:43:51+00:00,1.0,119.5999984741211,1.0,44.63536834716797,25.900548934936523,12.0,0.06111599877476692
2026-06-10 05:43:52+00:00,1.0,119.5999984741211,1.0,44.63536834716797,25.900548934936523,12.0,0.06111599877476692
2026-06-10 05:43:53+00:00,1.0,120.4000015258789,1.0,44.6353759765625,25.900548934936523,12.0,0.06111599877476692
2026-06-10 05:43:54+00:00,1.0,120.5,1.0,44.6353759765625,25.90055274963379,12.0,1.6427240371704102
2026-06-10 05:43:55+00:00,1.0,120.5,1.0,44.6353759765625,25.900562286376953,12.0,2.7779998779296875
2026-06-10 05:43:56+00:00,1.0,120.80000305175781,1.0,44.6353759765625,25.90057373046875,12.0,3.8540117740631104
2026-06-10 05:43:57+00:00,1.0,121.0,1.0,44.6353759765625,25.900585174560547,12.0,4.237375736236572
2026-06-10 05:43:58+00:00,1.0,121.0,1.0,44.6353759765625,25.900606155395508,12.0,4.742971897125244
2026-06-10 05:43:59+00:00,1.0,121.0,1.0,44.6353759765625,25.900623321533203,12.0,4.765195846557617
2026-06-10 05:44:00+00:00,1.0,121.0,1.0,44.6353759765625,25.900638580322266,12.0,5.300424098968506
2026-06-10 05:44:01+00:00,1.0,121.0,1.0,44.6353759765625,25.900659561157227,12.0,5.300424098968506
2026-06-10 05:44:02+00:00,1.0,121.0,1.0,44.63538360595703,25.900678634643555,12.0,7.013524055480957
2026-06-10 05:44:03+00:00,1.0,121.0999984741211,1.0,44.63538360595703,25.90070343017578,12.0,8.228435516357422
2026-06-10 05:44:04+00:00,1.0,121.0999984741211,1.0,44.63539123535156,25.900732040405273,12.0,9.780411720275879
2026-06-10 05:44:05+00:00,1.0,121.0999984741211,1.0,44.63541030883789,25.90076446533203,12.0,11.40646743774414
2026-06-10 05:44:06+00:00,1.0,121.30000305175781,1.0,44.63542556762695,25.900800704956055,12.0,12.910292625427246
2026-06-10 05:44:07+00:00,1.0,121.30000305175781,1.0,44.63544845581055,25.900835037231445,12.0,14.375223159790039
2026-06-10 05:44:08+00:00,1.0,121.30000305175781,1.0,44.635475158691406,25.900867462158203,12.0,14.375223159790039
2026-06-10 05:44:09+00:00,1.0,121.30000305175781,1.0,44.635498046875,25.900903701782227,12.0,14.675248146057129
2026-06-10 05:44:10+00:00,1.0,121.5999984741211,1.0,44.635520935058594,25.90094757080078,12.0,14.704879760742188
2026-06-10 05:44:11+00:00,1.0,121.5999984741211,1.0,44.63553237915039,25.9010009765625,12.0,15.330855369567871
2026-06-10 05:44:12+00:00,1.0,121.5999984741211,1.0,44.63553237915039,25.901050567626953,12.0,15.8290433883667
2026-06-10 05:44:13+00:00,1.0,121.5999984741211,1.0,44.63550567626953,25.901105880737305,12.0,17.1180362701416
2026-06-10 05:44:14+00:00,1.0,121.5999984741211,1.0,9.230399920840452e-24,3.783505853677006e-44,12.0,17.1180362701416
2026-06-10 05:44:15+00:00,1.0,121.5999984741211,1.0,44.635475158691406,25.901147842407227,12.0,18.518146514892578
2026-06-10 05:44:16+00:00,1.0,121.5999984741211,1.0,44.63538360595703,25.901180267333984,12.0,20.94426727294922
2026-06-10 05:44:17+00:00,1.0,121.5999984741211,1.0,44.63538360595703,25.901180267333984,12.0,20.94426727294922
2026-06-10 05:44:18+00:00,1.0,121.5999984741211,1.0,44.63538360595703,25.901180267333984,12.0,20.94426727294922
2026-06-10 05:44:19+00:00,1.0,121.5999984741211,1.0,44.63538360595703,25.901180267333984,12.0,20.94426727294922
2026-06-10 05:44:20+00:00,1.0,121.5999984741211,1.0,44.63538360595703,25.901180267333984,12.0,20.94426727294922
2026-06-10 05:44:21+00:00,1.0,121.5999984741211,1.0,44.635189056396484,25.90088653564453,12.0,27.43182373046875
2026-06-10 05:44:22+00:00,1.0,121.5999984741211,1.0,44.635189056396484,25.90088653564453,12.0,27.43182373046875
2026-06-10 05:44:23+00:00,1.0,121.5999984741211,1.0,44.635189056396484,25.90088653564453,12.0,27.43182373046875
2026-06-10 05:44:24+00:00,1.0,121.5999984741211,1.0,44.635189056396484,25.90088653564453,12.0,27.43182373046875
2026-06-10 05:44:25+00:00,1.0,121.5999984741211,1.0,44.635189056396484,25.90088653564453,12.0,27.43182373046875
2026-06-10 05:44:26+00:00,1.0,121.5999984741211,1.0,44.635189056396484,25.90088653564453,12.0,27.43182373046875
2026-06-10 05:44:27+00:00,1.0,121.5999984741211,1.0,44.635074615478516,25.900362014770508,12.0,24.740867614746094
2026-06-10 05:44:28+00:00,1.0,121.5999984741211,1.0,44.635066986083984,25.90027618408203,12.0,26.087270736694336
2026-06-10 05:44:29+00:00,1.0,121.5999984741211,1.0,44.63505172729492,25.900182723999023,12.0,27.748516082763672
2026-06-10 05:44:30+00:00,1.0,121.5999984741211,1.0,44.63505172729492,25.900182723999023,12.0,27.748516082763672
2026-06-10 05:44:31+00:00,1.0,121.5999984741211,1.0,44.63505172729492,25.899974822998047,12.0,30.980257034301758
2026-06-10 05:44:32+00:00,1.0,121.5999984741211,1.0,44.63505172729492,25.89986228942871,12.0,32.367401123046875
2026-06-10 05:44:33+00:00,1.0,121.5999984741211,1.0,44.63505935668945,25.899744033813477,12.0,32.367401123046875
2026-06-10 05:44:34+00:00,1.0,121.5999984741211,1.0,44.63505935668945,25.899629592895508,12.0,33.42675018310547
2026-06-10 05:44:35+00:00,1.0,122.0999984741211,1.0,44.63504409790039,25.899518966674805,12.0,31.348804473876953
2026-06-10 05:44:36+00:00,1.0,122.0999984741211,1.0,44.63502502441406,25.899425506591797,12.0,26.455820083618164
2026-06-10 05:44:37+00:00,1.0,122.0999984741211,1.0,44.63502502441406,25.899425506591797,12.0,26.455820083618164
2026-06-10 05:44:38+00:00,1.0,122.0999984741211,1.0,44.63502502441406,25.899425506591797,12.0,26.455820083618164
2026-06-10 05:44:39+00:00,1.0,122.0999984741211,1.0,44.63502502441406,25.899425506591797,12.0,26.455820083618164
2026-06-10 05:44:40+00:00,1.0,122.0999984741211,1.0,44.63483810424805,25.89922332763672,12.0,24.751981735229492
2026-06-10 05:44:41+00:00,1.0,122.0999984741211,1.0,44.63483810424805,25.89922332763672,12.0,24.751981735229492
2026-06-10 05:44:42+00:00,1.0,122.5,1.0,44.63475036621094,1.2611686178923354e-43,12.0,26.309511184692383
2026-06-10 05:44:43+00:00,1.0,122.5,1.0,44.634708404541016,25.899019241333008,12.0,27.72073745727539
2026-06-10 05:44:44+00:00,1.0,122.5,1.0,44.634708404541016,25.899019241333008,12.0,27.72073745727539
2026-06-10 05:44:45+00:00,1.0,122.5,1.0,44.63462829589844,25.89884376525879,12.0,30.50614356994629
2026-06-10 05:44:46+00:00,1.0,122.5,1.0,44.634586334228516,25.89875030517578,12.0,31.643272399902344
2026-06-10 05:44:47+00:00,1.0,122.80000305175781,1.0,44.634544372558594,25.898653030395508,12.0,31.609933853149414
2026-06-10 05:44:48+00:00,1.0,122.80000305175781,1.0,44.634521484375,25.898555755615234,12.0,29.25234031677246
2026-06-10 05:44:49+00:00,1.0,122.80000305175781,1.0,44.634498596191406,25.898469924926758,12.0,26.350257873535156
2026-06-10 05:44:50+00:00,1.0,122.69999694824219,1.0,44.63447189331055,25.898387908935547,12.0,23.51669692993164
2026-06-10 05:44:51+00:00,1.0,122.69999694824219,1.0,44.634456634521484,25.8983154296875,12.0,22.80552864074707
2026-06-10 05:44:52+00:00,1.0,122.69999694824219,1.0,44.634456634521484,25.898237228393555,12.0,21.60358238220215
2026-06-10 05:44:53+00:00,1.0,122.5999984741211,1.0,44.634464263916016,25.898168563842773,12.0,21.60358238220215
2026-06-10 05:44:54+00:00,1.0,122.5999984741211,1.0,44.63448715209961,25.89811134338379,12.0,19.847883224487305
2026-06-10 05:44:55+00:00,1.0,122.5999984741211,1.0,44.63448715209961,25.89811134338379,12.0,19.847883224487305
2026-06-10 05:44:56+00:00,1.0,122.5999984741211,1.0,44.63448715209961,25.89811134338379,12.0,19.847883224487305
2026-06-10 05:44:57+00:00,1.0,122.5999984741211,1.0,44.63463592529297,25.898027420043945,12.0,23.55743980407715
2026-06-10 05:44:58+00:00,1.0,122.5999984741211,1.0,44.634700775146484,25.898038864135742,12.0,24.785316467285156
2026-06-10 05:44:59+00:00,1.0,122.5999984741211,1.0,44.63475799560547,25.898067474365234,12.0,25.611309051513672
2026-06-10 05:45:00+00:00,1.0,122.5999984741211,1.0,44.63475799560547,25.898067474365234,12.0,25.611309051513672
2026-06-10 05:45:01+00:00,1.0,122.5999984741211,1.0,44.63485336303711,25.89818572998047,12.0,25.611309051513672
2026-06-10 05:45:02+00:00,1.0,122.5999984741211,1.0,44.63488006591797,25.898265838623047,12.0,25.72983741760254
2026-06-10 05:45:03+00:00,1.0,122.5999984741211,1.0,44.6348876953125,25.898351669311523,12.0,26.518789291381836
2026-06-10 05:45:04+00:00,1.0,122.5999984741211,1.0,44.6348876953125,25.898351669311523,12.0,26.518789291381836
2026-06-10 05:45:05+00:00,1.0,122.0999984741211,1.0,44.63488006591797,25.898542404174805,12.0,27.78185272216797
2026-06-10 05:45:06+00:00,1.0,122.0,1.0,44.6348876953125,25.89864158630371,12.0,27.811485290527344
2026-06-10 05:45:07+00:00,1.0,122.0,1.0,44.63489532470703,25.89873504638672,12.0,27.0373477935791
2026-06-10 05:45:08+00:00,1.0,122.0,1.0,44.634910583496094,25.898820877075195,12.0,24.39269256591797
2026-06-10 05:45:09+00:00,1.0,122.0,1.0,44.63493728637695,25.898881912231445,12.0,21.368375778198242
2026-06-10 05:45:10+00:00,1.0,122.0,1.0,44.63497543334961,25.898921966552734,12.0,19.738616943359375
2026-06-10 05:45:11+00:00,1.0,122.0999984741211,1.0,44.635032653808594,25.89893341064453,12.0,19.277467727661133
2026-06-10 05:45:12+00:00,1.0,122.0999984741211,1.0,44.635074615478516,25.898914337158203,12.0,18.681123733520508
2026-06-10 05:45:13+00:00,1.0,122.0999984741211,1.0,44.635074615478516,25.898914337158203,12.0,18.681123733520508
2026-06-10 05:45:14+00:00,1.0,122.0999984741211,1.0,44.635074615478516,25.898914337158203,12.0,18.681123733520508
2026-06-10 05:45:15+00:00,1.0,122.0999984741211,1.0,44.635074615478516,25.898914337158203,12.0,18.681123733520508
2026-06-10 05:45:16+00:00,1.0,122.4000015258789,1.0,44.63514709472656,25.898670196533203,12.0,18.681123733520508
2026-06-10 05:45:17+00:00,1.0,122.4000015258789,1.0,44.63514709472656,25.89858055114746,12.0,24.531591415405273
2026-06-10 05:45:18+00:00,1.0,122.4000015258789,1.0,44.63514709472656,25.89849090576172,12.0,24.531591415405273
2026-06-10 05:45:19+00:00,1.0,122.4000015258789,1.0,44.63514709472656,25.898387908935547,12.0,29.548660278320312
2026-06-10 05:45:20+00:00,1.0,122.4000015258789,1.0,44.63514709472656,25.898387908935547,12.0,29.548660278320312
2026-06-10 05:45:21+00:00,1.0,122.5,1.0,44.63514709472656,25.898181915283203,12.0,30.4598445892334
2026-06-10 05:45:22+00:00,1.0,122.5,1.0,44.63514709472656,25.898075103759766,12.0,29.719045639038086
2026-06-10 05:45:23+00:00,1.0,122.5,1.0,44.63513946533203,25.897977828979492,12.0,27.87074851989746
2026-06-10 05:45:24+00:00,1.0,122.5999984741211,1.0,44.63512420654297,25.89788818359375,12.0,25.950223922729492
2026-06-10 05:45:25+00:00,1.0,122.5999984741211,1.0,44.63508987426758,25.897809982299805,12.0,26.322477340698242
2026-06-10 05:45:26+00:00,1.0,122.5999984741211,1.0,44.63508987426758,25.897809982299805,12.0,26.322477340698242
2026-06-10 05:45:27+00:00,1.0,122.5999984741211,1.0,44.63508987426758,25.897809982299805,12.0,26.322477340698242
2026-06-10 05:45:28+00:00,1.0,122.5999984741211,1.0,44.63508987426758,25.897809982299805,12.0,26.322477340698242
2026-06-10 05:45:29+00:00,1.0,-8.437070846557617,1.0,44.63485336303711,25.897672653198242,12.0,26.322477340698242
2026-06-10 05:45:30+00:00,1.0,123.0999984741211,1.0,44.634788513183594,25.89768409729004,12.0,26.331737518310547
2026-06-10 05:45:31+00:00,1.0,123.0999984741211,1.0,44.63473129272461,25.897693634033203,12.0,26.794736862182617
2026-06-10 05:45:32+00:00,1.0,123.0999984741211,1.0,44.63473129272461,25.897693634033203,12.0,26.794736862182617
2026-06-10 05:45:33+00:00,1.0,123.30000305175781,1.0,44.63460159301758,25.897676467895508,12.0,26.794736862182617
2026-06-10 05:45:34+00:00,1.0,123.30000305175781,1.0,44.634544372558594,25.89763641357422,12.0,24.116744995117188
2026-06-10 05:45:35+00:00,1.0,123.30000305175781,1.0,44.63450622558594,25.89757537841797,12.0,24.416767120361328
2026-06-10 05:45:36+00:00,1.0,123.30000305175781,1.0,44.63447189331055,25.897504806518555,12.0,24.416767120361328
2026-06-10 05:45:37+00:00,1.0,123.4000015258789,1.0,44.63444900512695,25.89742088317871,12.0,25.929853439331055
2026-06-10 05:45:38+00:00,1.0,123.30000305175781,1.0,44.63444137573242,25.89733123779297,12.0,27.191064834594727
2026-06-10 05:45:39+00:00,1.0,123.30000305175781,1.0,44.63444137573242,25.897228240966797,12.0,29.567180633544922
2026-06-10 05:45:40+00:00,1.0,123.30000305175781,1.0,44.634456634521484,25.897127151489258,12.0,30.48762321472168
2026-06-10 05:45:41+00:00,1.0,123.30000305175781,1.0,44.634456634521484,25.897127151489258,12.0,30.48762321472168
2026-06-10 05:45:42+00:00,1.0,123.30000305175781,1.0,44.634456634521484,25.897127151489258,12.0,30.48762321472168
2026-06-10 05:45:43+00:00,1.0,123.30000305175781,1.0,44.634456634521484,25.897127151489258,12.0,30.48762321472168
2026-06-10 05:45:44+00:00,1.0,123.30000305175781,1.0,44.634456634521484,25.897127151489258,12.0,30.48762321472168
2026-06-10 05:45:45+00:00,1.0,123.30000305175781,1.0,44.634456634521484,25.897127151489258,12.0,30.48762321472168
2026-06-10 05:45:46+00:00,1.0,123.30000305175781,1.0,44.634456634521484,25.897127151489258,12.0,30.48762321472168
2026-06-10 05:45:47+00:00,1.0,123.30000305175781,1.0,44.63488006591797,25.896549224853516,12.0,38.31047439575195
2026-06-10 05:45:48+00:00,1.0,123.30000305175781,1.0,44.63488006591797,25.896549224853516,12.0,38.31047439575195
2026-06-10 05:45:49+00:00,1.0,123.30000305175781,1.0,44.635074615478516,25.89654541015625,12.0,38.58641815185547
2026-06-10 05:45:50+00:00,1.0,123.30000305175781,1.0,44.63516616821289,25.896581649780273,12.0,38.24009704589844
2026-06-10 05:45:51+00:00,1.0,123.30000305175781,1.0,44.63516616821289,25.896581649780273,12.0,38.24009704589844
2026-06-10 05:45:52+00:00,1.0,123.30000305175781,1.0,44.63516616821289,25.896581649780273,12.0,38.24009704589844
2026-06-10 05:45:53+00:00,1.0,123.30000305175781,1.0,44.6353759765625,25.89684295654297,12.0,38.94941329956055
2026-06-10 05:45:54+00:00,1.0,123.30000305175781,1.0,44.63541793823242,25.89697265625,12.0,39.29018020629883
2026-06-10 05:45:55+00:00,1.0,123.30000305175781,1.0,44.635440826416016,25.897106170654297,12.0,39.619834899902344
2026-06-10 05:45:56+00:00,1.0,123.30000305175781,1.0,44.63544845581055,25.897245407104492,12.0,40.66250991821289
2026-06-10 05:45:57+00:00,1.0,123.30000305175781,1.0,44.63545608520508,25.89739227294922,12.0,40.66250991821289
2026-06-10 05:45:58+00:00,1.0,123.30000305175781,1.0,44.63545608520508,25.89754295349121,12.0,44.10908126831055
2026-06-10 05:45:59+00:00,1.0,123.4000015258789,1.0,44.63546371459961,25.897701263427734,12.0,45.577720642089844
2026-06-10 05:46:00+00:00,1.0,123.4000015258789,1.0,44.63546371459961,25.897863388061523,12.0,47.21488571166992
2026-06-10 05:46:01+00:00,1.0,123.4000015258789,1.0,44.63546371459961,25.898035049438477,12.0,47.21488571166992
2026-06-10 05:46:02+00:00,1.0,123.4000015258789,1.0,44.635475158691406,25.898210525512695,12.0,49.852134704589844
2026-06-10 05:46:03+00:00,1.0,123.4000015258789,1.0,44.635475158691406,25.898210525512695,12.0,49.852134704589844
2026-06-10 05:46:04+00:00,1.0,123.4000015258789,1.0,44.635475158691406,25.898210525512695,12.0,49.852134704589844
2026-06-10 05:46:05+00:00,1.0,123.4000015258789,1.0,44.635475158691406,25.898210525512695,12.0,49.852134704589844
2026-06-10 05:46:06+00:00,1.0,123.4000015258789,1.0,44.635475158691406,25.898210525512695,12.0,49.852134704589844
2026-06-10 05:46:07+00:00,1.0,123.4000015258789,1.0,44.63549041748047,25.89908790588379,12.0,49.852134704589844
2026-06-10 05:46:08+00:00,1.0,123.4000015258789,1.0,44.635498046875,25.899263381958008,12.0,49.93547439575195
2026-06-10 05:46:09+00:00,1.0,123.4000015258789,1.0,44.635498046875,25.899438858032227,12.0,49.37802505493164
2026-06-10 05:46:10+00:00,1.0,123.4000015258789,1.0,44.635498046875,25.899608612060547,12.0,49.11874771118164
2026-06-10 05:46:11+00:00,1.0,122.5999984741211,1.0,44.63550567626953,25.899784088134766,12.0,48.89835739135742
2026-06-10 05:46:12+00:00,1.0,122.5999984741211,1.0,44.63550567626953,25.899951934814453,12.0,48.10014343261719
2026-06-10 05:46:13+00:00,1.0,122.5,1.0,44.63550567626953,25.900117874145508,12.0,46.66484451293945
2026-06-10 05:46:14+00:00,1.0,122.5,1.0,44.63551330566406,25.90027618408203,12.0,44.82025146484375
2026-06-10 05:46:15+00:00,1.0,122.5999984741211,1.0,44.635520935058594,25.900423049926758,12.0,42.34412384033203
2026-06-10 05:46:16+00:00,1.0,122.5999984741211,1.0,44.635520935058594,25.90056610107422,12.0,39.277217864990234
2026-06-10 05:46:17+00:00,1.0,122.69999694824219,1.0,44.63553237915039,25.90069580078125,12.0,36.0602912902832
2026-06-10 05:46:18+00:00,1.0,122.69999694824219,1.0,44.63553237915039,25.900814056396484,12.0,32.76002883911133
2026-06-10 05:46:19+00:00,1.0,122.69999694824219,1.0,44.63553237915039,25.900915145874023,12.0,28.113361358642578
2026-06-10 05:46:20+00:00,1.0,122.69999694824219,1.0,44.63553237915039,25.900915145874023,12.0,28.113361358642578
2026-06-10 05:46:21+00:00,1.0,122.69999694824219,1.0,44.63550567626953,25.901073455810547,12.0,28.113361358642578
2026-06-10 05:46:22+00:00,1.0,122.69999694824219,1.0,44.635475158691406,25.901134490966797,12.0,20.762773513793945
2026-06-10 05:46:23+00:00,1.0,25.90117645263672,1.0,44.635433197021484,25.90117645263672,12.0,85.22904205322266
2026-06-10 05:46:24+00:00,1.0,122.69999694824219,1.0,44.635433197021484,25.90117645263672,12.0,21.307260513305664
2026-06-10 05:46:25+00:00,1.0,122.69999694824219,1.0,44.635318756103516,25.901172637939453,12.0,21.955461502075195
2026-06-10 05:46:26+00:00,1.0,122.69999694824219,1.0,44.635276794433594,25.90113067626953,12.0,22.874053955078125
2026-06-10 05:46:27+00:00,1.0,122.69999694824219,1.0,44.63523864746094,25.90106964111328,12.0,24.58715057373047
2026-06-10 05:46:28+00:00,1.0,122.69999694824219,1.0,44.635196685791016,25.90099334716797,12.0,26.850296020507812
2026-06-10 05:46:29+00:00,1.0,122.69999694824219,1.0,44.63516616821289,25.900903701782227,12.0,29.296789169311523
2026-06-10 05:46:30+00:00,1.0,122.69999694824219,1.0,44.63513946533203,25.900806427001953,12.0,31.91551971435547
2026-06-10 05:46:31+00:00,1.0,0.0,1.0,44.63511657714844,25.900691986083984,12.0,9.221104414643026e-41
2026-06-10 05:46:32+00:00,1.0,122.69999694824219,1.0,44.63511657714844,25.900691986083984,12.0,34.55646896362305
2026-06-10 05:46:33+00:00,1.0,122.69999694824219,1.0,44.63511657714844,25.900691986083984,12.0,34.55646896362305
2026-06-10 05:46:34+00:00,1.0,122.69999694824219,1.0,44.63511657714844,25.900691986083984,12.0,34.55646896362305
2026-06-10 05:46:35+00:00,1.0,122.69999694824219,1.0,44.63511657714844,25.900691986083984,12.0,34.55646896362305
2026-06-10 05:46:36+00:00,1.0,122.5999984741211,1.0,44.63505172729492,25.899991989135742,12.0,43.08307647705078
2026-06-10 05:46:37+00:00,1.0,122.5999984741211,1.0,44.63505935668945,25.89984130859375,12.0,42.25523376464844
2026-06-10 05:46:38+00:00,1.0,122.5999984741211,1.0,44.63505935668945,25.89984130859375,12.0,42.25523376464844
2026-06-10 05:46:39+00:00,1.0,122.69999694824219,1.0,44.63505935668945,25.899568557739258,12.0,42.25523376464844
2026-06-10 05:46:40+00:00,1.0,122.69999694824219,1.0,44.635032653808594,25.899463653564453,12.0,29.87091064453125
2026-06-10 05:46:41+00:00,1.0,122.69999694824219,1.0,44.63500213623047,25.899377822875977,12.0,27.552204132080078
2026-06-10 05:46:42+00:00,1.0,122.69999694824219,1.0,44.634944915771484,25.89931297302246,12.0,27.294775009155273
2026-06-10 05:46:43+00:00,1.0,122.69999694824219,1.0,44.6348876953125,25.899259567260742,12.0,27.80963134765625
2026-06-10 05:46:44+00:00,1.0,122.69999694824219,1.0,44.634830474853516,25.899206161499023,12.0,28.985652923583984
2026-06-10 05:46:45+00:00,1.0,122.69999694824219,1.0,44.63477325439453,25.899145126342773,12.0,30.687639236450195
2026-06-10 05:46:46+00:00,1.0,122.69999694824219,1.0,44.63471603393555,25.899065017700195,12.0,32.53778839111328
2026-06-10 05:46:47+00:00,1.0,122.69999694824219,1.0,44.634666442871094,25.898969650268555,12.0,34.267555236816406
2026-06-10 05:46:48+00:00,1.0,123.0,1.0,44.634620666503906,25.89886474609375,12.0,35.31578826904297
2026-06-10 05:46:49+00:00,1.0,123.0,1.0,44.63457107543945,25.898759841918945,12.0,34.954647064208984
2026-06-10 05:46:50+00:00,1.0,123.0,1.0,44.63453674316406,25.898653030395508,12.0,33.93419647216797
2026-06-10 05:46:51+00:00,1.0,123.0,1.0,44.63450622558594,25.898548126220703,12.0,32.09330749511719
2026-06-10 05:46:52+00:00,1.0,123.0999984741211,1.0,44.63447952270508,25.898448944091797,12.0,29.426427841186523
2026-06-10 05:46:53+00:00,1.0,123.0,1.0,44.634456634521484,25.89835548400879,12.0,27.315147399902344
2026-06-10 05:46:54+00:00,1.0,123.0999984741211,1.0,44.63444900512695,25.89826202392578,12.0,26.789180755615234
2026-06-10 05:46:55+00:00,1.0,123.0999984741211,1.0,44.634464263916016,25.898176193237305,12.0,24.927919387817383
2026-06-10 05:46:56+00:00,1.0,122.5999984741211,2.0,44.63448715209961,25.89811134338379,12.0,22.672183990478516
2026-06-10 05:46:57+00:00,1.0,122.5999984741211,2.0,44.63452911376953,25.898059844970703,12.0,22.483280181884766
2026-06-10 05:46:58+00:00,1.0,122.5999984741211,2.0,44.634586334228516,25.898035049438477,12.0,24.22601318359375
2026-06-10 05:46:59+00:00,1.0,122.5999984741211,2.0,44.63465118408203,25.89803123474121,12.0,26.357662200927734
2026-06-10 05:47:00+00:00,1.0,122.19999694824219,2.0,44.63472366333008,25.898046493530273,12.0,27.9337158203125
2026-06-10 05:47:02+00:00,1.0,122.30000305175781,2.0,44.634830474853516,25.898160934448242,12.0,27.657766342163086
2026-06-10 05:47:03+00:00,1.0,122.5,2.0,44.634864807128906,25.898242950439453,12.0,27.252180099487305
2026-06-10 05:47:04+00:00,1.0,122.5,2.0,44.63488006591797,25.89833641052246,12.0,26.86326026916504
2026-06-10 05:47:05+00:00,1.0,122.5,2.0,44.63488006591797,25.898420333862305,12.0,26.735469818115234
2026-06-10 05:47:06+00:00,1.0,122.5,2.0,44.63487243652344,25.89851951599121,12.0,27.254032135009766
2026-06-10 05:47:07+00:00,1.0,122.5,2.0,44.63487243652344,25.89851951599121,12.0,27.254032135009766
2026-06-10 05:47:08+00:00,1.0,122.5,2.0,44.63488006591797,25.898706436157227,12.0,26.878076553344727
2026-06-10 05:47:09+00:00,1.0,122.5,2.0,44.63489532470703,25.898799896240234,12.0,26.376182556152344
2026-06-10 05:47:10+00:00,1.0,122.5,2.0,44.63492965698242,25.89887237548828,12.0,24.976070404052734
2026-06-10 05:47:11+00:00,1.0,122.19999694824219,2.0,44.63496780395508,25.898921966552734,12.0,24.976070404052734
2026-06-10 05:47:12+00:00,1.0,122.30000305175781,2.0,44.63501739501953,25.898954391479492,12.0,19.720096588134766
2026-06-10 05:47:13+00:00,1.0,122.30000305175781,2.0,44.635066986083984,25.898950576782227,12.0,18.490365982055664
2026-06-10 05:47:14+00:00,1.0,122.4000015258789,2.0,44.635108947753906,25.898921966552734,12.0,17.962549209594727
2026-06-10 05:47:15+00:00,1.0,122.30000305175781,2.0,44.6351318359375,25.898868560791016,12.0,19.021892547607422
2026-06-10 05:47:16+00:00,1.0,122.4000015258789,2.0,44.63514709472656,25.8988037109375,12.0,21.1127986907959
2026-06-10 05:47:17+00:00,1.0,122.5,2.0,44.63514709472656,25.89872169494629,12.0,23.462989807128906
2026-06-10 05:47:18+00:00,1.0,122.5,2.0,44.63514709472656,25.898632049560547,12.0,26.103940963745117
2026-06-10 05:47:19+00:00,1.0,122.5,1.0,44.63514709472656,25.898534774780273,12.0,26.103940963745117
2026-06-10 05:47:20+00:00,1.0,122.5,1.0,44.63514709472656,25.89842987060547,12.0,30.92099380493164
2026-06-10 05:47:21+00:00,1.0,122.5,1.0,44.63513946533203,25.898319244384766,12.0,30.92099380493164
2026-06-10 05:47:22+00:00,1.0,122.5,1.0,44.6351318359375,25.89820098876953,12.0,34.741668701171875
2026-06-10 05:47:23+00:00,1.0,122.5,1.0,44.6351318359375,25.89807891845703,12.0,34.32867431640625
2026-06-10 05:47:24+00:00,1.0,122.5,1.0,44.6351318359375,25.89807891845703,12.0,34.32867431640625
2026-06-10 05:47:25+00:00,1.0,122.5,1.0,44.6351318359375,25.89807891845703,12.0,34.32867431640625
2026-06-10 05:47:26+00:00,1.0,122.5,1.0,44.63505935668945,25.89778709411621,12.0,28.05594825744629
2026-06-10 05:47:27+00:00,1.0,122.5,1.0,44.63500213623047,25.897716522216797,12.0,28.983800888061523
2026-06-10 05:47:28+00:00,1.0,122.5,1.0,44.63500213623047,25.897716522216797,12.0,28.983800888061523
2026-06-10 05:47:29+00:00,1.0,122.5999984741211,2.0,44.63485336303711,25.89768409729004,12.0,30.359834671020508
2026-06-10 05:47:30+00:00,1.0,122.5999984741211,2.0,44.63478088378906,25.89769744873047,12.0,30.90432357788086
2026-06-10 05:47:31+00:00,1.0,122.5999984741211,2.0,44.634708404541016,25.897705078125,12.0,30.00240135192871
2026-06-10 05:47:32+00:00,1.0,122.4000015258789,2.0,44.63462829589844,25.897687911987305,12.0,29.763490676879883
2026-06-10 05:47:33+00:00,1.0,122.4000015258789,2.0,44.63456344604492,25.89764404296875,12.0,29.732006072998047
2026-06-10 05:47:34+00:00,1.0,122.4000015258789,2.0,44.63451385498047,25.89757537841797,12.0,30.56911277770996
2026-06-10 05:47:35+00:00,1.0,122.4000015258789,2.0,44.63447189331055,25.89748191833496,12.0,30.56911277770996
2026-06-10 05:47:36+00:00,1.0,122.5,2.0,44.634456634521484,25.897371292114258,12.0,32.95078659057617
2026-06-10 05:47:37+00:00,1.0,122.80000305175781,2.0,44.63444900512695,25.897249221801758,12.0,34.8416748046875
2026-06-10 05:47:38+00:00,1.0,122.80000305175781,2.0,44.634464263916016,25.897130966186523,12.0,36.75664520263672
2026-06-10 05:47:39+00:00,1.0,122.69999694824219,2.0,44.634498596191406,25.897001266479492,12.0,39.16609573364258
2026-06-10 05:47:40+00:00,1.0,122.69999694824219,2.0,44.63455581665039,25.896883010864258,12.0,41.15699768066406
2026-06-10 05:47:41+00:00,1.0,122.69999694824219,2.0,44.634620666503906,25.896778106689453,12.0,42.731197357177734
2026-06-10 05:47:42+00:00,1.0,122.69999694824219,2.0,44.634708404541016,25.89667510986328,12.0,43.48310852050781
2026-06-10 05:47:43+00:00,1.0,122.69999694824219,2.0,44.63479995727539,25.89659881591797,12.0,42.37931442260742
2026-06-10 05:47:44+00:00,1.0,122.69999694824219,2.0,44.63489532470703,25.896549224853516,12.0,40.53472137451172
2026-06-10 05:47:45+00:00,1.0,122.69999694824219,2.0,44.63499450683594,25.896528244018555,12.0,40.53472137451172
2026-06-10 05:47:46+00:00,1.0,122.69999694824219,2.0,44.63509750366211,25.896541595458984,12.0,40.2069206237793
2026-06-10 05:47:47+00:00,1.0,122.69999694824219,2.0,44.63509750366211,25.896541595458984,12.0,40.2069206237793
2026-06-10 05:47:48+00:00,1.0,123.0999984741211,2.0,44.63526916503906,25.89665985107422,12.0,40.2069206237793
2026-06-10 05:47:49+00:00,1.0,123.0999984741211,2.0,44.63526916503906,25.89665985107422,12.0,40.2069206237793
2026-06-10 05:47:50+00:00,1.0,123.0,2.0,44.63539123535156,25.89687156677246,12.0,39.16054153442383
2026-06-10 05:47:51+00:00,1.0,123.0,2.0,44.63542556762695,25.897001266479492,12.0,40.14580535888672
2026-06-10 05:47:52+00:00,1.0,123.0,2.0,44.63544845581055,25.897144317626953,12.0,42.35708999633789
2026-06-10 05:47:53+00:00,1.0,123.0,2.0,44.63545608520508,25.89729881286621,12.0,44.685054779052734
2026-06-10 05:47:54+00:00,1.0,123.0999984741211,2.0,44.63546371459961,25.8974609375,12.0,44.685054779052734
2026-06-10 05:47:55+00:00,1.0,123.0999984741211,2.0,44.635475158691406,25.897632598876953,12.0,49.43358612060547
2026-06-10 05:47:56+00:00,1.0,123.0999984741211,2.0,44.63548278808594,25.897809982299805,12.0,49.43358612060547
2026-06-10 05:47:57+00:00,1.0,123.0999984741211,2.0,44.63549041748047,25.897998809814453,12.0,54.08210754394531
2026-06-10 05:47:58+00:00,1.0,123.0,2.0,44.63549041748047,25.898193359375,12.0,54.08210754394531
2026-06-10 05:47:59+00:00,1.0,123.0,2.0,44.63549041748047,25.898387908935547,12.0,54.08210754394531
2026-06-10 05:48:00+00:00,1.0,122.69999694824219,2.0,44.635498046875,25.898603439331055,12.0,58.54172134399414
2026-06-10 05:48:01+00:00,1.0,122.69999694824219,2.0,44.635498046875,25.898820877075195,12.0,63.136531829833984
2026-06-10 05:48:02+00:00,1.0,122.69999694824219,2.0,44.63550567626953,25.8990478515625,12.0,63.136531829833984
2026-06-10 05:48:03+00:00,1.0,122.69999694824219,2.0,44.63550567626953,25.89928436279297,12.0,67.12759399414062
2026-06-10 05:48:04+00:00,1.0,122.69999694824219,2.0,44.63550567626953,25.89928436279297,12.0,67.12759399414062
2026-06-10 05:48:05+00:00,1.0,122.69999694824219,2.0,44.63550567626953,25.89928436279297,12.0,67.12759399414062
2026-06-10 05:48:06+00:00,1.0,122.69999694824219,2.0,44.63550567626953,25.89928436279297,12.0,67.12759399414062
2026-06-10 05:48:07+00:00,1.0,122.69999694824219,2.0,44.63553237915039,25.900178909301758,12.0,59.73255157470703
2026-06-10 05:48:08+00:00,1.0,122.69999694824219,2.0,44.63554000854492,25.900373458862305,12.0,54.91365051269531
2026-06-10 05:48:09+00:00,1.0,122.69999694824219,2.0,44.63554000854492,25.900373458862305,12.0,54.91365051269531
2026-06-10 05:48:10+00:00,1.0,122.69999694824219,2.0,44.63554000854492,25.900373458862305,12.0,54.91365051269531
2026-06-10 05:48:11+00:00,1.0,122.69999694824219,2.0,44.635562896728516,25.90083885192871,12.0,36.128814697265625
2026-06-10 05:48:12+00:00,1.0,122.69999694824219,2.0,44.635562896728516,25.90083885192871,12.0,36.128814697265625
2026-06-10 05:48:13+00:00,1.0,122.69999694824219,2.0,44.63554000854492,25.901029586791992,12.0,24.201936721801758
2026-06-10 05:48:14+00:00,1.0,121.9000015258789,2.0,44.63551330566406,25.90110206604004,12.0,24.71308708190918
2026-06-10 05:48:15+00:00,1.0,121.80000305175781,2.0,44.63546371459961,25.901159286499023,12.0,24.633453369140625
2026-06-10 05:48:16+00:00,1.0,121.80000305175781,2.0,44.63541030883789,25.90118408203125,12.0,24.503812789916992
2026-06-10 05:48:17+00:00,1.0,121.80000305175781,2.0,44.635353088378906,25.901180267333984,12.0,24.503812789916992
2026-06-10 05:48:19+00:00,1.0,121.80000305175781,2.0,44.63529586791992,25.901147842407227,12.0,23.68337631225586
2026-06-10 05:48:20+00:00,1.0,121.80000305175781,2.0,44.63523864746094,25.9010009765625,12.0,23.68337631225586
2026-06-10 05:48:21+00:00,1.0,121.80000305175781,2.0,44.63521957397461,25.90091896057129,12.0,24.131559371948242
2026-06-10 05:48:22+00:00,1.0,121.80000305175781,2.0,44.63520431518555,25.900842666625977,12.0,22.28141212463379
2026-06-10 05:48:23+00:00,1.0,121.80000305175781,2.0,44.635189056396484,25.90077781677246,12.0,22.28141212463379
2026-06-10 05:48:24+00:00,1.0,121.80000305175781,2.0,44.63517379760742,25.900720596313477,12.0,15.590136528015137
2026-06-10 05:48:25+00:00,1.0,121.80000305175781,2.0,44.63517379760742,25.900720596313477,12.0,15.590136528015137
2026-06-10 05:48:26+00:00,1.0,121.80000305175781,2.0,44.635154724121094,25.900634765625,12.0,10.674927711486816
2026-06-10 05:48:27+00:00,1.0,121.80000305175781,2.0,44.63514709472656,25.900598526000977,12.0,10.160072326660156
2026-06-10 05:48:28+00:00,1.0,122.30000305175781,2.0,44.63513946533203,25.90056610107422,12.0,10.160072326660156
2026-06-10 05:48:29+00:00,1.0,122.30000305175781,2.0,44.63512420654297,25.90053367614746,12.0,10.071176528930664
2026-06-10 05:48:30+00:00,1.0,122.30000305175781,2.0,44.63511657714844,25.900501251220703,12.0,10.854572296142578
2026-06-10 05:48:31+00:00,1.0,122.30000305175781,2.0,44.63511657714844,25.900501251220703,12.0,10.854572296142578
2026-06-10 05:48:32+00:00,1.0,122.30000305175781,2.0,44.63508987426758,25.900419235229492,12.0,13.167719841003418
2026-06-10 05:48:33+00:00,1.0,122.80000305175781,2.0,44.63508224487305,25.900373458862305,12.0,13.167719841003418
2026-06-10 05:48:35+00:00,1.0,122.9000015258789,2.0,44.63505935668945,25.900293350219727,12.0,13.769620895385742
2026-06-10 05:48:36+00:00,1.0,122.9000015258789,2.0,12.12140941619873,122.9000015258789,12.0,12.121339797973633
2026-06-10 05:48:37+00:00,1.0,122.9000015258789,2.0,44.63505172729492,25.90024757385254,12.0,12.121339797973633
2026-06-10 05:48:38+00:00,1.0,122.9000015258789,1.0,44.63505172729492,25.900190353393555,12.0,12.121339797973633
2026-06-10 05:48:39+00:00,1.0,122.9000015258789,1.0,44.63505172729492,25.900175094604492,12.0,4.928171634674072
2026-06-10 05:48:40+00:00,1.0,123.0,1.0,44.63504409790039,25.90015411376953,12.0,5.042995929718018
2026-06-10 05:48:41+00:00,1.0,123.0,1.0,44.63504409790039,25.900135040283203,12.0,6.028260231018066
2026-06-10 05:48:42+00:00,1.0,123.0,1.0,44.63504409790039,25.900114059448242,12.0,6.028260231018066
2026-06-10 05:48:43+00:00,1.0,123.0999984741211,1.0,44.63504409790039,25.900081634521484,12.0,8.656248092651367
2026-06-10 05:48:44+00:00,1.0,123.0999984741211,1.0,44.63504409790039,25.900049209594727,12.0,10.048952102661133
2026-06-10 05:48:45+00:00,1.0,123.0999984741211,1.0,44.63504409790039,25.900007247924805,12.0,11.676860809326172
2026-06-10 05:48:46+00:00,1.0,123.0999984741211,1.0,44.63504409790039,25.899967193603516,12.0,13.125123977661133
2026-06-10 05:48:47+00:00,1.0,123.0999984741211,1.0,44.63504409790039,25.89990997314453,12.0,15.156767845153809
2026-06-10 05:48:48+00:00,1.0,123.0999984741211,1.0,44.63505172729492,25.899852752685547,12.0,17.710678100585938
2026-06-10 05:48:49+00:00,1.0,123.5,1.0,44.63505172729492,25.89978790283203,12.0,20.270139694213867
2026-06-10 05:48:50+00:00,1.0,123.5,1.0,44.63505935668945,25.899707794189453,12.0,22.809232711791992
2026-06-10 05:48:51+00:00,1.0,123.5,1.0,44.63505935668945,25.899707794189453,12.0,22.809232711791992
2026-06-10 05:48:52+00:00,1.0,123.9000015258789,2.0,44.63505935668945,25.899532318115234,12.0,27.561464309692383
2026-06-10 05:48:53+00:00,1.0,123.9000015258789,2.0,44.63505935668945,25.899532318115234,12.0,27.561464309692383
2026-06-10 05:48:54+00:00,1.0,123.9000015258789,2.0,44.63505935668945,25.899532318115234,12.0,27.561464309692383
2026-06-10 05:48:55+00:00,1.0,123.9000015258789,2.0,44.63493728637695,25.899309158325195,12.0,28.16706657409668
2026-06-10 05:48:56+00:00,1.0,124.19999694824219,2.0,44.63487243652344,25.899255752563477,12.0,30.007957458496094
2026-06-10 05:48:57+00:00,1.0,9.235677918672004e-41,2.0,44.63480758666992,25.899198532104492,12.0,7.441315235104076e-41
2026-06-10 05:48:58+00:00,1.0,124.0999984741211,2.0,44.634742736816406,25.899126052856445,12.0,34.46016311645508
2026-06-10 05:48:59+00:00,1.0,124.30000305175781,2.0,44.63468551635742,25.89902687072754,12.0,36.60477828979492
2026-06-10 05:49:00+00:00,1.0,124.30000305175781,2.0,44.63462829589844,25.89891815185547,12.0,38.69753646850586
2026-06-10 05:49:01+00:00,1.0,124.30000305175781,2.0,44.634578704833984,25.898799896240234,12.0,39.11239242553711
2026-06-10 05:49:02+00:00,1.0,124.30000305175781,2.0,44.634578704833984,25.898799896240234,12.0,37.89006805419922
2026-06-10 05:49:03+00:00,1.0,124.30000305175781,2.0,44.634544372558594,25.898677825927734,12.0,37.89006805419922
2026-06-10 05:49:04+00:00,1.0,124.5,2.0,44.63447952270508,25.898448944091797,12.0,37.89006805419922
2026-06-10 05:49:05+00:00,1.0,124.5,2.0,44.634464263916016,25.898340225219727,12.0,30.356130599975586
2026-06-10 05:49:06+00:00,1.0,124.5,2.0,44.634456634521484,25.898242950439453,12.0,27.44293785095215
2026-06-10 05:49:07+00:00,1.0,124.5,2.0,44.634456634521484,25.898242950439453,12.0,27.44293785095215
2026-06-10 05:49:08+00:00,1.0,124.5,2.0,44.63450622558594,25.898082733154297,12.0,24.58715057373047
2026-06-10 05:49:09+00:00,1.0,124.5,2.0,44.63450622558594,25.898082733154297,12.0,24.58715057373047
2026-06-10 05:49:10+00:00,1.0,124.5,2.0,44.63460922241211,25.898021697998047,12.0,24.929773330688477
2026-06-10 05:49:11+00:00,1.0,123.30000305175781,2.0,44.63468551635742,25.898027420043945,12.0,24.772350311279297
2026-06-10 05:49:12+00:00,1.0,123.19999694824219,2.0,44.634742736816406,25.89805030822754,12.0,26.102087020874023
2026-06-10 05:49:13+00:00,1.0,123.19999694824219,2.0,44.63479995727539,25.89809226989746,12.0,25.972448348999023
2026-06-10 05:49:14+00:00,1.0,122.9000015258789,2.0,44.63484573364258,25.898160934448242,12.0,25.972448348999023
2026-06-10 05:49:15+00:00,1.0,122.9000015258789,2.0,44.63488006591797,25.89823341369629,12.0,25.290912628173828
2026-06-10 05:49:16+00:00,1.0,122.9000015258789,2.0,44.6348876953125,25.89832305908203,12.0,25.037187576293945
2026-06-10 05:49:17+00:00,1.0,122.69999694824219,2.0,44.6348876953125,25.898405075073242,12.0,25.46129608154297
2026-06-10 05:49:18+00:00,1.0,122.69999694824219,2.0,44.63488006591797,25.898494720458984,12.0,25.994670867919922
2026-06-10 05:49:19+00:00,1.0,122.69999694824219,2.0,44.63487243652344,25.898588180541992,12.0,26.539159774780273
2026-06-10 05:49:20+00:00,1.0,122.69999694824219,2.0,44.63487243652344,25.898677825927734,12.0,26.02800750732422
2026-06-10 05:49:21+00:00,1.0,122.69999694824219,2.0,44.6348876953125,25.89876365661621,12.0,26.02800750732422
2026-06-10 05:49:22+00:00,1.0,122.69999694824219,2.0,44.6348876953125,25.89876365661621,12.0,26.02800750732422
2026-06-10 05:49:23+00:00,1.0,122.69999694824219,2.0,44.6348876953125,25.89876365661621,12.0,26.02800750732422
2026-06-10 05:49:24+00:00,1.0,122.69999694824219,2.0,44.63499450683594,25.89892578125,12.0,26.02800750732422
2026-06-10 05:49:25+00:00,1.0,122.69999694824219,2.0,44.63502502441406,25.898937225341797,12.0,10.800864219665527
2026-06-10 05:49:26+00:00,1.0,122.69999694824219,1.0,44.63504409790039,25.898942947387695,12.0,4.385535717010498
2026-06-10 05:49:27+00:00,1.0,122.69999694824219,1.0,44.63505172729492,25.898942947387695,12.0,0.0425960049033165
2026-06-10 05:49:28+00:00,1.0,122.69999694824219,1.0,44.63505172729492,25.898942947387695,12.0,0.03333600237965584
2026-06-10 05:49:29+00:00,1.0,122.69999694824219,1.0,44.63505172729492,25.898942947387695,12.0,0.10371200740337372
2026-06-10 05:49:30+00:00,1.0,122.69999694824219,1.0,44.63505172729492,25.898942947387695,12.0,0.10371200740337372
2026-06-10 05:49:31+00:00,1.0,122.69999694824219,1.0,44.63505172729492,25.898942947387695,12.0,0.10371200740337372
2026-06-10 05:49:32+00:00,1.0,122.69999694824219,1.0,44.63505935668945,25.89893341064453,12.0,4.572587966918945
2026-06-10 05:49:33+00:00,1.0,122.69999694824219,1.0,44.635074615478516,25.898921966552734,12.0,6.9042558670043945
2026-06-10 05:49:34+00:00,1.0,122.69999694824219,1.0,44.63508987426758,25.898900985717773,12.0,8.934048652648926
2026-06-10 05:49:35+00:00,1.0,122.69999694824219,1.0,44.63509750366211,25.89887237548828,12.0,11.15089225769043
2026-06-10 05:49:36+00:00,1.0,122.69999694824219,1.0,44.635108947753906,25.898828506469727,12.0,13.306619644165039
2026-06-10 05:49:37+00:00,1.0,122.69999694824219,1.0,44.635108947753906,25.898828506469727,12.0,13.306619644165039
2026-06-10 05:49:38+00:00,1.0,122.80000305175781,1.0,44.63511657714844,25.898714065551758,12.0,18.37183952331543
2026-06-10 05:49:39+00:00,1.0,122.80000305175781,1.0,44.63511657714844,25.898645401000977,12.0,20.9831600189209
2026-06-10 05:49:40+00:00,1.0,122.9000015258789,1.0,44.63511657714844,25.898563385009766,12.0,23.51299285888672
2026-06-10 05:49:41+00:00,1.0,122.9000015258789,1.0,44.63512420654297,25.89847755432129,12.0,25.881698608398438
2026-06-10 05:49:42+00:00,1.0,122.9000015258789,1.0,44.63512420654297,25.898380279541016,12.0,25.881698608398438
2026-06-10 05:49:43+00:00,1.0,122.9000015258789,1.0,44.6351318359375,25.898279190063477,12.0,31.037670135498047
2026-06-10 05:49:44+00:00,1.0,122.9000015258789,1.0,44.6351318359375,25.898279190063477,12.0,31.037670135498047
2026-06-10 05:49:45+00:00,1.0,122.9000015258789,1.0,44.6351318359375,25.898054122924805,12.0,31.07285499572754
2026-06-10 05:49:46+00:00,1.0,122.9000015258789,1.0,44.63511657714844,25.897953033447266,12.0,30.932106018066406
2026-06-10 05:49:47+00:00,1.0,122.9000015258789,1.0,44.63511657714844,25.897953033447266,12.0,30.932106018066406
2026-06-10 05:49:48+00:00,1.0,122.9000015258789,1.0,44.63505172729492,25.89776611328125,12.0,30.646896362304688
2026-06-10 05:49:49+00:00,1.0,122.9000015258789,1.0,44.63505172729492,25.89776611328125,12.0,30.646896362304688
2026-06-10 05:49:50+00:00,1.0,122.9000015258789,1.0,44.634910583496094,25.897676467895508,12.0,30.396875381469727
2026-06-10 05:49:51+00:00,1.0,122.9000015258789,1.0,44.63483810424805,25.897680282592773,12.0,30.913585662841797
2026-06-10 05:49:52+00:00,1.0,122.0,2.0,44.63475799560547,25.89769744873047,12.0,30.913585662841797
2026-06-10 05:49:53+00:00,1.0,121.9000015258789,2.0,44.63468551635742,25.897705078125,12.0,29.009729385375977
2026-06-10 05:49:54+00:00,1.0,121.9000015258789,2.0,44.63460922241211,25.897687911987305,12.0,29.682004928588867
2026-06-10 05:49:55+00:00,1.0,121.9000015258789,2.0,44.634544372558594,25.89763641357422,12.0,31.413623809814453
2026-06-10 05:49:56+00:00,1.0,122.0,2.0,44.63448715209961,25.897550582885742,12.0,31.413623809814453
2026-06-10 05:49:57+00:00,1.0,122.0,2.0,44.634456634521484,25.897449493408203,12.0,34.73240661621094
2026-06-10 05:49:58+00:00,1.0,122.19999694824219,2.0,44.63444137573242,25.897327423095703,12.0,34.73240661621094
2026-06-10 05:49:59+00:00,1.0,122.19999694824219,2.0,44.63444137573242,25.89719581604004,12.0,37.86228942871094
2026-06-10 05:50:00+00:00,1.0,122.19999694824219,2.0,44.63447189331055,25.897066116333008,12.0,39.72724914550781
2026-06-10 05:50:01+00:00,1.0,122.19999694824219,2.0,44.634521484375,25.896944046020508,12.0,42.01261901855469
2026-06-10 05:50:02+00:00,1.0,122.19999694824219,2.0,44.634586334228516,25.896818161010742,12.0,42.01261901855469
2026-06-10 05:50:03+00:00,1.0,122.5999984741211,2.0,44.63467788696289,25.896711349487305,12.0,45.87033462524414
2026-06-10 05:50:04+00:00,1.0,122.5999984741211,2.0,44.63477325439453,25.89662742614746,12.0,46.47593688964844
2026-06-10 05:50:05+00:00,1.0,123.0,2.0,44.63488006591797,25.896562576293945,12.0,46.03886795043945
2026-06-10 05:50:06+00:00,1.0,123.0,2.0,44.634986877441406,25.89653778076172,12.0,45.642539978027344
2026-06-10 05:50:07+00:00,1.0,123.69999694824219,2.0,44.635108947753906,25.896549224853516,12.0,45.016563415527344
2026-06-10 05:50:08+00:00,1.0,124.0999984741211,2.0,44.63520431518555,25.89659881591797,12.0,44.31280517578125
2026-06-10 05:50:09+00:00,1.0,124.0999984741211,2.0,44.63529586791992,25.896684646606445,12.0,44.22575759887695
2026-06-10 05:50:10+00:00,1.0,124.0999984741211,2.0,44.6353759765625,25.896806716918945,12.0,46.04627227783203
2026-06-10 05:50:11+00:00,1.0,2.2793569866153726e-38,2.0,44.63542556762695,25.896955490112305,12.0,47.98346710205078
2026-06-10 05:50:12+00:00,1.0,124.0999984741211,2.0,44.63545608520508,25.897123336791992,12.0,50.01325988769531
2026-06-10 05:50:13+00:00,1.0,124.0999984741211,2.0,44.635475158691406,25.897302627563477,12.0,52.30974197387695
2026-06-10 05:50:14+00:00,1.0,124.0999984741211,2.0,44.63548278808594,25.897489547729492,12.0,54.658077239990234
2026-06-10 05:50:15+00:00,1.0,124.0,2.0,44.63548278808594,25.89768409729004,12.0,56.93974304199219
2026-06-10 05:50:16+00:00,1.0,124.0,2.0,44.63549041748047,25.89788818359375,12.0,59.14176940917969
2026-06-10 05:50:17+00:00,1.0,124.0,2.0,44.635498046875,25.898103713989258,12.0,61.51788330078125
2026-06-10 05:50:18+00:00,1.0,124.0,1.0,44.635498046875,25.89832305908203,12.0,63.631011962890625
2026-06-10 05:50:19+00:00,1.0,123.9000015258789,1.0,44.63550567626953,25.898548126220703,12.0,65.84415435791016
2026-06-10 05:50:20+00:00,1.0,123.80000305175781,1.0,44.63551330566406,25.89878273010254,12.0,65.84415435791016
2026-06-10 05:50:21+00:00,1.0,123.80000305175781,1.0,44.635520935058594,25.899019241333008,12.0,66.78682708740234
2026-06-10 05:50:22+00:00,1.0,123.80000305175781,1.0,44.635520935058594,25.899242401123047,12.0,64.0792007446289
2026-06-10 05:50:23+00:00,1.0,123.80000305175781,1.0,44.635520935058594,25.899242401123047,12.0,64.0792007446289
2026-06-10 05:50:24+00:00,1.0,123.80000305175781,1.0,44.635520935058594,25.899242401123047,12.0,64.0792007446289
2026-06-10 05:50:25+00:00,1.0,123.80000305175781,1.0,44.63554000854492,25.89986228942871,12.0,54.74326705932617
2026-06-10 05:50:26+00:00,1.0,123.80000305175781,1.0,44.63554000854492,25.90004539489746,12.0,54.74326705932617
2026-06-10 05:50:27+00:00,1.0,123.80000305175781,1.0,44.63554000854492,25.90004539489746,12.0,51.44115447998047
2026-06-10 05:50:28+00:00,1.0,123.80000305175781,1.0,44.63554000854492,25.90004539489746,12.0,44.94989013671875
2026-06-10 05:50:29+00:00,1.0,123.80000305175781,1.0,44.635555267333984,25.900529861450195,12.0,41.68296432495117
2026-06-10 05:50:30+00:00,1.0,123.80000305175781,1.0,44.635555267333984,25.900529861450195,12.0,41.68296432495117
2026-06-10 05:50:31+00:00,1.0,123.80000305175781,1.0,44.635562896728516,25.900793075561523,12.0,35.1879997253418
2026-06-10 05:50:32+00:00,1.0,123.80000305175781,1.0,44.635562896728516,25.900793075561523,12.0,32.03960037231445
2026-06-10 05:50:33+00:00,1.0,123.80000305175781,1.0,44.635562896728516,25.900907516479492,12.0,28.783782958984375
2026-06-10 05:50:34+00:00,1.0,123.19999694824219,1.0,44.63550567626953,25.901086807250977,12.0,26.27988052368164
2026-06-10 05:50:35+00:00,1.0,123.19999694824219,1.0,44.63545608520508,25.90114402770996,12.0,25.58538055419922
2026-06-10 05:50:36+00:00,1.0,123.30000305175781,1.0,44.635398864746094,25.901172637939453,12.0,26.200244903564453
2026-06-10 05:50:37+00:00,1.0,123.30000305175781,1.0,44.63533401489258,25.90116310119629,12.0,26.492860794067383
2026-06-10 05:50:38+00:00,1.0,123.30000305175781,1.0,44.63526916503906,25.901123046875,12.0,27.789260864257812
2026-06-10 05:50:39+00:00,1.0,123.30000305175781,1.0,44.63521957397461,25.901050567626953,12.0,30.389469146728516
2026-06-10 05:50:40+00:00,1.0,123.30000305175781,1.0,44.63517379760742,25.90096092224121,12.0,32.40073776245117
2026-06-10 05:50:41+00:00,1.0,123.19999694824219,1.0,44.63513946533203,25.900850296020508,12.0,34.8953857421875
2026-06-10 05:50:42+00:00,1.0,123.0999984741211,1.0,44.63511657714844,25.900724411010742,12.0,34.8953857421875
2026-06-10 05:50:43+00:00,1.0,123.0999984741211,1.0,44.63509750366211,25.900590896606445,12.0,38.99200439453125
2026-06-10 05:50:44+00:00,1.0,123.0999984741211,1.0,44.63508224487305,25.90045928955078,12.0,39.00867462158203
2026-06-10 05:50:45+00:00,1.0,122.80000305175781,1.0,44.635066986083984,25.90032196044922,12.0,40.71251678466797
2026-06-10 05:50:46+00:00,1.0,122.80000305175781,1.0,44.63505935668945,25.900175094604492,12.0,42.71452713012695
2026-06-10 05:50:47+00:00,1.0,122.80000305175781,1.0,44.63505172729492,25.900020599365234,12.0,43.48125457763672
2026-06-10 05:50:48+00:00,1.0,123.0,1.0,44.63505935668945,25.899869918823242,12.0,43.75164794921875
2026-06-10 05:50:49+00:00,1.0,123.0999984741211,1.0,44.63505935668945,25.899715423583984,12.0,43.37569046020508
2026-06-10 05:50:50+00:00,1.0,123.19999694824219,1.0,44.63505172729492,25.899564743041992,12.0,42.04595947265625
2026-06-10 05:50:51+00:00,1.0,123.0,1.0,44.63502502441406,25.899438858032227,12.0,37.22520065307617
2026-06-10 05:50:52+00:00,1.0,123.0,1.0,44.63502502441406,25.899438858032227,12.0,37.22520065307617
2026-06-10 05:50:53+00:00,1.0,123.0,1.0,44.63502502441406,25.899438858032227,12.0,37.22520065307617
2026-06-10 05:50:54+00:00,1.0,122.80000305175781,1.0,44.634864807128906,25.899206161499023,12.0,37.22520065307617
2026-06-10 05:50:55+00:00,1.0,122.80000305175781,1.0,44.634864807128906,25.899206161499023,12.0,37.22520065307617
2026-06-10 05:50:56+00:00,1.0,122.80000305175781,1.0,44.634742736816406,25.89908790588379,12.0,37.22520065307617
2026-06-10 05:50:57+00:00,1.0,123.0,1.0,44.63468551635742,25.898998260498047,12.0,34.6786994934082
2026-06-10 05:50:58+00:00,1.0,123.0,1.0,44.63468551635742,25.898998260498047,12.0,34.6786994934082
2026-06-10 05:50:59+00:00,1.0,123.0,1.0,44.634586334228516,25.898771286010742,12.0,36.85294723510742
2026-06-10 05:51:00+00:00,1.0,123.0999984741211,2.0,44.634544372558594,25.898645401000977,12.0,41.25515365600586
2026-06-10 05:51:01+00:00,1.0,123.0999984741211,2.0,44.63450622558594,25.89851951599121,12.0,38.92533493041992
2026-06-10 05:51:02+00:00,1.0,122.9000015258789,2.0,44.63447189331055,25.898405075073242,12.0,38.92533493041992
2026-06-10 05:51:03+00:00,1.0,122.80000305175781,2.0,44.634456634521484,25.898303985595703,12.0,38.92533493041992
2026-06-10 05:51:04+00:00,1.0,122.80000305175781,2.0,44.634456634521484,25.898303985595703,12.0,38.92533493041992
2026-06-10 05:51:05+00:00,1.0,122.80000305175781,2.0,44.634456634521484,25.898303985595703,12.0,38.92533493041992
2026-06-10 05:51:06+00:00,1.0,122.19999694824219,2.0,44.63452911376953,1.9026882396645546e-38,12.0,24.890878677368164
2026-06-10 05:51:07+00:00,1.0,122.19999694824219,2.0,44.63452911376953,25.89805030822754,12.0,24.890878677368164
2026-06-10 05:51:08+00:00,1.0,122.19999694824219,2.0,44.63465118408203,25.89801025390625,12.0,28.818973541259766
2026-06-10 05:51:09+00:00,1.0,122.19999694824219,2.0,44.63472366333008,25.898038864135742,12.0,31.152490615844727
2026-06-10 05:51:10+00:00,1.0,122.19999694824219,2.0,44.63479995727539,25.898103713989258,12.0,33.10079574584961
2026-06-10 05:51:11+00:00,1.0,121.9000015258789,2.0,44.63484573364258,25.898193359375,12.0,34.595359802246094
2026-06-10 05:51:12+00:00,1.0,121.80000305175781,2.0,44.63488006591797,25.89830780029297,12.0,34.27496337890625
2026-06-10 05:51:13+00:00,1.0,121.80000305175781,2.0,44.63488006591797,25.89841651916504,12.0,33.18413543701172
2026-06-10 05:51:14+00:00,1.0,121.5999984741211,2.0,44.63487243652344,25.898530960083008,12.0,33.18413543701172
2026-06-10 05:51:15+00:00,1.0,121.5999984741211,2.0,44.634864807128906,25.898632049560547,12.0,28.51894760131836
2026-06-10 05:51:16+00:00,1.0,121.69999694824219,2.0,44.634864807128906,25.898731231689453,12.0,28.51894760131836
2026-06-10 05:51:17+00:00,1.0,121.69999694824219,2.0,44.634864807128906,25.898731231689453,12.0,25.583528518676758
2026-06-10 05:51:18+00:00,1.0,121.69999694824219,2.0,44.63488006591797,25.898820877075195,12.0,25.583528518676758
2026-06-10 05:51:19+00:00,1.0,121.69999694824219,2.0,44.63488006591797,25.898820877075195,12.0,25.583528518676758
2026-06-10 05:51:20+00:00,1.0,121.69999694824219,2.0,44.63488006591797,25.898820877075195,12.0,25.583528518676758
2026-06-10 05:51:21+00:00,1.0,121.69999694824219,2.0,44.63505172729492,25.89892578125,12.0,20.336811065673828
2026-06-10 05:51:22+00:00,1.0,121.69999694824219,2.0,44.63505172729492,25.89892578125,12.0,20.336811065673828
2026-06-10 05:51:23+00:00,1.0,121.69999694824219,2.0,44.63511657714844,25.898807525634766,12.0,24.739017486572266
2026-06-10 05:51:24+00:00,1.0,121.69999694824219,2.0,44.63513946533203,25.898717880249023,12.0,27.13550567626953
2026-06-10 05:51:25+00:00,1.0,121.69999694824219,2.0,44.63514709472656,25.89862060546875,12.0,29.56162452697754
2026-06-10 05:51:26+00:00,1.0,122.4000015258789,2.0,44.635154724121094,25.89850616455078,12.0,29.56162452697754
2026-06-10 05:51:27+00:00,1.0,122.4000015258789,2.0,44.635154724121094,25.898387908935547,12.0,34.558319091796875
2026-06-10 05:51:28+00:00,1.0,122.4000015258789,2.0,44.635154724121094,25.898387908935547,12.0,34.558319091796875
2026-06-10 05:51:29+00:00,1.0,122.4000015258789,2.0,44.635154724121094,25.898136138916016,12.0,37.93451690673828
2026-06-10 05:51:30+00:00,1.0,122.4000015258789,2.0,44.63513946533203,25.898006439208984,12.0,37.00481033325195
2026-06-10 05:51:31+00:00,1.0,122.5,2.0,44.635108947753906,25.897884368896484,12.0,35.47135543823242
2026-06-10 05:51:32+00:00,1.0,122.5,2.0,44.635066986083984,25.897790908813477,12.0,32.74150848388672
2026-06-10 05:51:33+00:00,1.0,122.5999984741211,2.0,44.63500213623047,122.5999984741211,12.0,32.49519348144531
2026-06-10 05:51:34+00:00,1.0,122.5999984741211,2.0,44.63492202758789,25.897693634033203,12.0,34.034202575683594
2026-06-10 05:51:35+00:00,1.0,122.5999984741211,2.0,44.63483810424805,25.89769744873047,12.0,33.78974151611328
2026-06-10 05:51:36+00:00,1.0,122.5999984741211,2.0,44.63483810424805,25.89769744873047,12.0,33.78974151611328
2026-06-10 05:51:37+00:00,1.0,122.5999984741211,2.0,44.63483810424805,25.89769744873047,12.0,33.78974151611328
2026-06-10 05:51:38+00:00,1.0,122.5999984741211,2.0,44.63460159301758,25.897687911987305,12.0,31.313613891601562
2026-06-10 05:51:39+00:00,1.0,122.5999984741211,2.0,44.63453674316406,25.897632598876953,12.0,31.36176872253418
2026-06-10 05:51:40+00:00,1.0,122.5999984741211,2.0,44.63448715209961,25.89754295349121,12.0,32.57667922973633
2026-06-10 05:51:41+00:00,1.0,122.5999984741211,2.0,44.63448715209961,25.89754295349121,12.0,32.57667922973633
2026-06-10 05:51:42+00:00,1.0,122.5999984741211,2.0,44.63444137573242,25.897327423095703,12.0,33.88604736328125
2026-06-10 05:51:43+00:00,1.0,122.5999984741211,2.0,44.63444137573242,25.897327423095703,12.0,33.88604736328125
2026-06-10 05:51:44+00:00,1.0,122.5999984741211,2.0,44.634464263916016,25.89707374572754,12.0,37.87710189819336
2026-06-10 05:51:45+00:00,1.0,122.5999984741211,2.0,44.634464263916016,25.89707374572754,12.0,37.87710189819336
2026-06-10 05:51:46+00:00,1.0,122.5999984741211,2.0,44.63456344604492,25.89682960510254,12.0,42.86268997192383
2026-06-10 05:51:47+00:00,1.0,122.5999984741211,2.0,44.63456344604492,25.89682960510254,12.0,42.86268997192383
2026-06-10 05:51:48+00:00,1.0,122.5999984741211,2.0,44.63475036621094,25.896635055541992,12.0,46.70188522338867
2026-06-10 05:51:49+00:00,1.0,122.5999984741211,2.0,44.63485336303711,25.896570205688477,12.0,47.05931854248047
2026-06-10 05:51:50+00:00,1.0,122.5999984741211,2.0,44.63485336303711,25.896570205688477,12.0,47.05931854248047
2026-06-10 05:51:51+00:00,1.0,122.5999984741211,2.0,44.63485336303711,25.896570205688477,12.0,47.05931854248047
2026-06-10 05:51:52+00:00,1.0,122.5999984741211,2.0,44.635189056396484,25.896595001220703,12.0,45.1073112487793
2026-06-10 05:51:53+00:00,1.0,122.5999984741211,2.0,44.635276794433594,25.89667510986328,12.0,44.91284942626953
2026-06-10 05:51:54+00:00,1.0,123.4000015258789,2.0,44.63536834716797,25.896793365478516,12.0,46.73522186279297
2026-06-10 05:51:55+00:00,1.0,123.4000015258789,2.0,44.63542556762695,25.896940231323242,12.0,48.53721618652344
2026-06-10 05:51:56+00:00,1.0,123.9000015258789,2.0,44.63545608520508,25.897106170654297,12.0,50.481815338134766
2026-06-10 05:51:57+00:00,1.0,123.9000015258789,2.0,44.63548278808594,25.89728546142578,12.0,52.659767150878906
2026-06-10 05:51:58+00:00,1.0,123.9000015258789,2.0,44.63548278808594,25.89728546142578,12.0,52.659767150878906
2026-06-10 05:51:59+00:00,1.0,123.69999694824219,2.0,44.63549041748047,25.897676467895508,12.0,52.659767150878906
2026-06-10 05:52:00+00:00,1.0,123.69999694824219,2.0,44.63549041748047,25.897676467895508,12.0,52.659767150878906
2026-06-10 05:52:01+00:00,1.0,123.30000305175781,2.0,44.63549041748047,25.89809226989746,12.0,52.659767150878906
2026-06-10 05:52:02+00:00,1.0,123.30000305175781,2.0,44.635498046875,25.898319244384766,12.0,52.659767150878906
2026-06-10 05:52:03+00:00,1.0,123.19999694824219,2.0,44.63550567626953,25.89853858947754,12.0,66.12566375732422
2026-06-10 05:52:04+00:00,1.0,123.19999694824219,2.0,44.63550567626953,25.89853858947754,12.0,66.12566375732422
2026-06-10 05:52:05+00:00,1.0,123.19999694824219,2.0,44.63550567626953,25.89853858947754,12.0,66.12566375732422
2026-06-10 05:52:06+00:00,1.0,122.69999694824219,2.0,44.63553237915039,25.899274826049805,12.0,72.40023040771484
2026-06-10 05:52:07+00:00,1.0,122.5999984741211,2.0,44.63554000854492,25.899524688720703,12.0,71.96131134033203
2026-06-10 05:52:08+00:00,1.0,122.5999984741211,2.0,44.63554763793945,25.899776458740234,12.0,70.64639282226562
2026-06-10 05:52:09+00:00,1.0,122.5999984741211,2.0,44.635555267333984,25.90001678466797,12.0,68.88699340820312
2026-06-10 05:52:10+00:00,1.0,122.0999984741211,2.0,44.635555267333984,25.900251388549805,12.0,68.88699340820312
2026-06-10 05:52:11+00:00,1.0,122.0,2.0,44.635562896728516,25.900476455688477,12.0,62.162384033203125
2026-06-10 05:52:12+00:00,1.0,122.0,2.0,44.635562896728516,25.900476455688477,12.0,51.45041275024414
2026-06-10 05:52:13+00:00,1.0,121.9000015258789,2.0,44.635562896728516,25.900667190551758,12.0,51.45041275024414
2026-06-10 05:52:14+00:00,1.0,121.9000015258789,2.0,44.635562896728516,25.900951385498047,12.0,32.78040313720703
2026-06-10 05:52:15+00:00,1.0,121.9000015258789,2.0,44.63554000854492,25.901050567626953,12.0,29.443098068237305
2026-06-10 05:52:16+00:00,1.0,121.9000015258789,2.0,44.63554000854492,25.901050567626953,12.0,29.443098068237305
2026-06-10 05:52:17+00:00,1.0,121.9000015258789,2.0,44.635433197021484,2.1579996350602183e-43,12.0,28.357824325561523
2026-06-10 05:52:18+00:00,1.0,121.5999984741211,2.0,44.63536834716797,25.90117645263672,12.0,28.357824325561523
2026-06-10 05:52:19+00:00,1.0,121.5999984741211,2.0,44.63529586791992,25.901140213012695,12.0,29.83757209777832
2026-06-10 05:52:20+00:00,1.0,121.5999984741211,2.0,44.63523864746094,25.901065826416016,12.0,31.95440673828125
2026-06-10 05:52:21+00:00,1.0,121.9000015258789,2.0,44.635189056396484,25.900976181030273,12.0,31.95440673828125
2026-06-10 05:52:22+00:00,1.0,121.9000015258789,2.0,44.63514709472656,25.900861740112305,12.0,36.35846710205078
2026-06-10 05:52:23+00:00,1.0,121.9000015258789,2.0,44.63514709472656,25.900861740112305,12.0,36.35846710205078
2026-06-10 05:52:24+00:00,1.0,121.9000015258789,2.0,44.63508987426758,25.900598526000977,12.0,41.69222640991211
2026-06-10 05:52:25+00:00,1.0,121.9000015258789,2.0,44.635074615478516,25.900447845458984,12.0,44.44244384765625
2026-06-10 05:52:26+00:00,1.0,121.9000015258789,2.0,44.635074615478516,25.900447845458984,12.0,44.44244384765625
2026-06-10 05:52:27+00:00,1.0,121.9000015258789,2.0,44.63505935668945,25.900114059448242,12.0,50.01881408691406
2026-06-10 05:52:28+00:00,1.0,122.4000015258789,2.0,44.63505935668945,25.899938583374023,12.0,50.02622604370117
2026-06-10 05:52:29+00:00,1.0,122.4000015258789,2.0,44.635066986083984,25.899776458740234,12.0,46.031455993652344
2026-06-10 05:52:30+00:00,1.0,122.69999694824219,2.0,44.635066986083984,25.899621963500977,12.0,42.07929229736328
2026-06-10 05:52:31+00:00,1.0,122.80000305175781,2.0,44.63504409790039,25.899492263793945,12.0,35.408390045166016
2026-06-10 05:52:32+00:00,1.0,122.9000015258789,2.0,44.635009765625,25.89939308166504,12.0,29.885725021362305
2026-06-10 05:52:33+00:00,1.0,122.9000015258789,2.0,44.634952545166016,25.899324417114258,12.0,29.885725021362305
2026-06-10 05:52:34+00:00,1.0,122.9000015258789,2.0,44.6348876953125,25.899263381958008,12.0,32.810035705566406
2026-06-10 05:52:35+00:00,1.0,122.9000015258789,2.0,44.6348876953125,25.899263381958008,12.0,32.810035705566406
2026-06-10 05:52:36+00:00,1.0,122.9000015258789,2.0,44.63475036621094,25.899112701416016,12.0,37.44744110107422
2026-06-10 05:52:37+00:00,1.0,123.0,2.0,44.63469314575195,25.89900779724121,12.0,39.53834915161133
2026-06-10 05:52:38+00:00,1.0,123.0999984741211,2.0,44.63462829589844,25.898889541625977,12.0,41.76074981689453
2026-06-10 05:52:39+00:00,1.0,123.19999694824219,2.0,44.63457107543945,25.898759841918945,12.0,44.05908203125
2026-06-10 05:52:40+00:00,1.0,123.19999694824219,2.0,44.634521484375,25.89862060546875,12.0,45.79625701904297
2026-06-10 05:52:41+00:00,1.0,123.19999694824219,2.0,44.63448715209961,25.89847755432129,12.0,41.179222106933594
2026-06-10 05:52:42+00:00,1.0,123.0999984741211,2.0,44.634456634521484,25.89835548400879,12.0,34.91019821166992
2026-06-10 05:52:43+00:00,1.0,123.0,2.0,44.63444900512695,25.89825439453125,12.0,28.1392879486084
2026-06-10 05:52:44+00:00,1.0,122.9000015258789,2.0,44.63447189331055,25.898164749145508,12.0,26.691022872924805
2026-06-10 05:52:45+00:00,1.0,122.9000015258789,2.0,44.63451385498047,25.89809226989746,12.0,27.594799041748047
2026-06-10 05:52:46+00:00,1.0,122.9000015258789,2.0,44.634578704833984,25.89805030822754,12.0,29.572736740112305
2026-06-10 05:52:47+00:00,1.0,122.9000015258789,2.0,44.634578704833984,25.89805030822754,12.0,29.572736740112305
2026-06-10 05:52:48+00:00,1.0,122.5999984741211,2.0,44.634742736816406,25.898067474365234,12.0,34.44349670410156
2026-06-10 05:52:49+00:00,1.0,122.5999984741211,2.0,44.63481521606445,25.898136138916016,12.0,35.87508773803711
2026-06-10 05:52:50+00:00,1.0,122.5,2.0,44.634864807128906,25.89823341369629,12.0,35.78248977661133
2026-06-10 05:52:51+00:00,1.0,122.5,2.0,44.6348876953125,25.898347854614258,12.0,34.82130432128906
2026-06-10 05:52:52+00:00,1.0,122.5,2.0,44.63488006591797,25.898466110229492,12.0,33.708251953125
2026-06-10 05:52:53+00:00,1.0,122.5,2.0,44.63488006591797,25.898466110229492,12.0,33.708251953125
2026-06-10 05:52:54+00:00,1.0,122.5,2.0,44.63488006591797,25.898466110229492,12.0,33.708251953125
2026-06-10 05:52:55+00:00,1.0,122.5,2.0,44.63487243652344,25.898775100708008,12.0,26.77992057800293
2026-06-10 05:52:56+00:00,1.0,122.5,2.0,44.63489532470703,25.89885711669922,12.0,25.098304748535156
2026-06-10 05:52:57+00:00,1.0,122.5999984741211,2.0,44.63492965698242,25.898914337158203,12.0,25.098304748535156
2026-06-10 05:52:58+00:00,1.0,122.5999984741211,2.0,44.63497543334961,25.89894676208496,12.0,22.551803588867188
2026-06-10 05:52:59+00:00,1.0,122.5999984741211,2.0,44.63504409790039,25.898937225341797,12.0,22.416608810424805
2026-06-10 05:53:00+00:00,1.0,122.69999694824219,2.0,44.63508987426758,25.898889541625977,12.0,22.416608810424805
2026-06-10 05:53:01+00:00,1.0,122.69999694824219,2.0,44.63508987426758,25.898889541625977,12.0,22.416608810424805
2026-06-10 05:53:02+00:00,1.0,122.80000305175781,2.0,44.63513946533203,25.898731231689453,12.0,22.416608810424805
2026-06-10 05:53:03+00:00,1.0,122.69999694824219,2.0,44.63514709472656,25.89862823486328,12.0,30.335758209228516
2026-06-10 05:53:04+00:00,1.0,122.80000305175781,2.0,44.635154724121094,25.898515701293945,12.0,32.7915153503418
2026-06-10 05:53:05+00:00,1.0,122.69999694824219,2.0,44.635154724121094,25.898393630981445,12.0,35.319488525390625
2026-06-10 05:53:06+00:00,1.0,122.69999694824219,2.0,44.635154724121094,25.898265838623047,12.0,37.92340087890625
2026-06-10 05:53:07+00:00,1.0,122.69999694824219,2.0,44.635154724121094,25.898128509521484,12.0,40.368045806884766
2026-06-10 05:53:08+00:00,1.0,122.5,2.0,44.63513946533203,25.89798927307129,12.0,40.368045806884766
2026-06-10 05:53:09+00:00,1.0,122.5,2.0,44.63509750366211,25.897855758666992,12.0,41.28663635253906
2026-06-10 05:53:10+00:00,1.0,122.5,2.0,44.63509750366211,25.897855758666992,12.0,41.28663635253906
2026-06-10 05:53:11+00:00,1.0,122.5,2.0,44.63509750366211,25.897855758666992,12.0,41.28663635253906
2026-06-10 05:53:12+00:00,1.0,122.5,2.0,44.63509750366211,25.897855758666992,12.0,41.28663635253906
2026-06-10 05:53:13+00:00,1.0,122.5,2.0,44.63475799560547,25.897668838500977,12.0,37.95303726196289
2026-06-10 05:53:14+00:00,1.0,122.4000015258789,2.0,44.634666442871094,25.897672653198242,12.0,35.880645751953125
2026-06-10 05:53:15+00:00,1.0,122.4000015258789,2.0,44.634578704833984,25.897640228271484,12.0,32.7378044128418
2026-06-10 05:53:16+00:00,1.0,122.5,2.0,44.634521484375,25.897571563720703,12.0,32.7378044128418
2026-06-10 05:53:17+00:00,1.0,122.69999694824219,2.0,44.63447189331055,25.897472381591797,12.0,34.59165573120117
2026-06-10 05:53:18+00:00,1.0,122.69999694824219,2.0,44.63444900512695,25.897350311279297,12.0,36.582557678222656
2026-06-10 05:53:19+00:00,1.0,122.69999694824219,2.0,44.63444900512695,25.897350311279297,12.0,36.582557678222656
2026-06-10 05:53:20+00:00,1.0,122.69999694824219,2.0,44.634464263916016,25.897083282470703,12.0,36.582557678222656
2026-06-10 05:53:21+00:00,1.0,122.9000015258789,2.0,44.63450622558594,25.89695167541504,12.0,42.62007522583008
2026-06-10 05:53:22+00:00,1.0,122.9000015258789,2.0,44.63456344604492,25.896821975708008,12.0,45.06471633911133
2026-06-10 05:53:23+00:00,1.0,122.9000015258789,2.0,44.6346435546875,25.89670753479004,12.0,47.17414474487305
2026-06-10 05:53:24+00:00,1.0,122.9000015258789,2.0,44.6346435546875,25.89670753479004,12.0,47.17414474487305
2026-06-10 05:53:25+00:00,1.0,122.9000015258789,2.0,44.6346435546875,25.89670753479004,12.0,47.17414474487305
2026-06-10 05:53:26+00:00,1.0,122.9000015258789,2.0,44.634986877441406,25.89652442932129,12.0,48.95576858520508
2026-06-10 05:53:27+00:00,1.0,122.9000015258789,2.0,44.635108947753906,25.896549224853516,12.0,49.005767822265625
2026-06-10 05:53:28+00:00,1.0,122.9000015258789,2.0,44.63521194458008,25.89661407470703,12.0,48.56869888305664
2026-06-10 05:53:29+00:00,1.0,122.9000015258789,2.0,44.63521194458008,25.89661407470703,12.0,48.56869888305664
2026-06-10 05:53:30+00:00,1.0,122.9000015258789,2.0,44.63539123535156,25.896862030029297,12.0,51.81340408325195
2026-06-10 05:53:31+00:00,1.0,122.9000015258789,2.0,44.635440826416016,25.89703369140625,12.0,53.5672492980957
2026-06-10 05:53:32+00:00,1.0,122.4000015258789,2.0,44.635475158691406,25.897216796875,12.0,55.46739959716797
2026-06-10 05:53:33+00:00,1.0,122.4000015258789,2.0,44.63549041748047,25.897417068481445,12.0,57.74721145629883
2026-06-10 05:53:34+00:00,1.0,122.4000015258789,2.0,44.635498046875,25.897626876831055,12.0,59.99739074707031
2026-06-10 05:53:35+00:00,1.0,122.4000015258789,2.0,44.635498046875,25.897838592529297,12.0,62.1827507019043
2026-06-10 05:53:36+00:00,1.0,122.4000015258789,2.0,44.63550567626953,25.89806365966797,12.0,62.1827507019043
2026-06-10 05:53:37+00:00,1.0,122.0,2.0,44.63551330566406,25.89829444885254,12.0,66.59051513671875
2026-06-10 05:53:38+00:00,1.0,122.0,2.0,44.63551330566406,25.898527145385742,12.0,68.73697662353516
2026-06-10 05:53:39+00:00,1.0,121.80000305175781,2.0,44.635520935058594,25.898771286010742,12.0,69.85002899169922
2026-06-10 05:53:40+00:00,1.0,121.80000305175781,2.0,44.63553237915039,25.899011611938477,12.0,67.75171661376953
2026-06-10 05:53:41+00:00,1.0,121.69999694824219,2.0,44.63554000854492,25.89923858642578,12.0,64.7311019897461
2026-06-10 05:53:42+00:00,1.0,121.69999694824219,2.0,44.63554000854492,25.89923858642578,12.0,61.58641052246094
2026-06-10 05:53:43+00:00,1.0,6.235125596422569e-30,2.0,44.63554000854492,25.899457931518555,12.0,-40277192474624.0
2026-06-10 05:53:44+00:00,1.0,121.30000305175781,2.0,44.635555267333984,25.89986228942871,12.0,61.58641052246094
2026-06-10 05:53:45+00:00,1.0,121.30000305175781,2.0,44.635555267333984,25.89986228942871,12.0,52.096763610839844
2026-06-10 05:53:46+00:00,1.0,121.30000305175781,2.0,44.635555267333984,25.900049209594727,12.0,52.096763610839844
2026-06-10 05:53:47+00:00,1.0,121.30000305175781,2.0,44.635562896728516,25.90038299560547,12.0,52.096763610839844
2026-06-10 05:53:48+00:00,1.0,121.30000305175781,2.0,44.63557052612305,25.90053367614746,12.0,42.308937072753906
2026-06-10 05:53:49+00:00,1.0,121.30000305175781,2.0,44.63557815551758,25.90067481994629,12.0,39.11053466796875
2026-06-10 05:53:50+00:00,1.0,121.0,2.0,44.63557815551758,25.900806427001953,12.0,35.93805694580078
2026-06-10 05:53:51+00:00,1.0,121.0,2.0,44.63557052612305,25.90091896057129,12.0,32.69705581665039
2026-06-10 05:53:52+00:00,1.0,121.0,2.0,44.63554763793945,25.90102195739746,12.0,29.378276824951172
2026-06-10 05:53:53+00:00,1.0,25.875,2.0,44.63550567626953,25.90110206604004,12.0,29.046768188476562
2026-06-10 05:53:54+00:00,1.0,121.0,2.0,44.63544845581055,25.901151657104492,12.0,28.733779907226562
2026-06-10 05:53:55+00:00,1.0,121.0,2.0,44.6353759765625,25.90116310119629,12.0,28.733779907226562
2026-06-10 05:53:56+00:00,1.0,121.19999694824219,2.0,44.63530349731445,25.901134490966797,12.0,29.56162452697754
2026-06-10 05:53:57+00:00,1.0,121.5,2.0,44.63523864746094,25.90106964111328,12.0,31.769207000732422
2026-06-10 05:53:58+00:00,1.0,121.69999694824219,2.0,44.635189056396484,25.900983810424805,12.0,33.78048324584961
2026-06-10 05:53:59+00:00,1.0,121.69999694824219,2.0,44.63514709472656,25.900875091552734,12.0,36.10288619995117
2026-06-10 05:54:00+00:00,1.0,121.69999694824219,2.0,44.63514709472656,25.900875091552734,12.0,36.10288619995117
2026-06-10 05:54:01+00:00,1.0,121.80000305175781,2.0,44.63508224487305,25.900617599487305,12.0,41.25700378417969
2026-06-10 05:54:02+00:00,1.0,121.80000305175781,2.0,44.635066986083984,25.90047264099121,12.0,43.868324279785156
2026-06-10 05:54:03+00:00,1.0,121.80000305175781,2.0,44.63505935668945,25.90030860900879,12.0,46.69447708129883
2026-06-10 05:54:04+00:00,1.0,121.9000015258789,2.0,44.63505172729492,25.900142669677734,12.0,46.69447708129883
2026-06-10 05:54:05+00:00,1.0,25.899967193603516,2.0,44.63505935668945,25.899967193603516,12.0,44.63505935668945
2026-06-10 05:54:06+00:00,1.0,121.9000015258789,2.0,44.63505935668945,25.899967193603516,12.0,50.767024993896484
2026-06-10 05:54:07+00:00,1.0,121.9000015258789,2.0,44.63505935668945,25.899967193603516,12.0,50.767024993896484
2026-06-10 05:54:08+00:00,1.0,121.9000015258789,2.0,44.63505935668945,25.899967193603516,12.0,50.767024993896484
2026-06-10 05:54:09+00:00,1.0,121.9000015258789,2.0,44.63505935668945,25.899967193603516,12.0,50.767024993896484
2026-06-10 05:54:10+00:00,1.0,121.9000015258789,2.0,44.63493728637695,25.899267196655273,12.0,34.700927734375
2026-06-10 05:54:11+00:00,1.0,121.9000015258789,2.0,44.634864807128906,25.899206161499023,12.0,34.72315216064453
2026-06-10 05:54:12+00:00,1.0,121.9000015258789,2.0,44.634864807128906,25.899206161499023,12.0,34.72315216064453
2026-06-10 05:54:13+00:00,1.0,121.9000015258789,2.0,44.63471603393555,25.899059295654297,12.0,37.88636016845703
2026-06-10 05:54:14+00:00,1.0,121.9000015258789,2.0,44.63465118408203,25.898958206176758,12.0,39.9457893371582
2026-06-10 05:54:15+00:00,1.0,123.0,2.0,44.63459396362305,25.898836135864258,12.0,42.09781265258789
2026-06-10 05:54:16+00:00,1.0,123.0,2.0,44.634544372558594,25.89870262145996,12.0,42.1163330078125
2026-06-10 05:54:17+00:00,1.0,123.0,2.0,44.63451385498047,25.89856719970703,12.0,40.751407623291016
2026-06-10 05:54:18+00:00,1.0,123.0,2.0,44.63451385498047,25.89856719970703,12.0,38.64938735961914
2026-06-10 05:54:19+00:00,1.0,123.0,2.0,44.634456634521484,25.898326873779297,12.0,33.974937438964844
2026-06-10 05:54:20+00:00,1.0,123.0,2.0,44.634456634521484,25.898218154907227,12.0,29.657928466796875
2026-06-10 05:54:21+00:00,1.0,123.0,2.0,44.63447952270508,25.898128509521484,12.0,28.724519729614258
2026-06-10 05:54:22+00:00,1.0,123.0,2.0,44.63453674316406,25.898054122924805,12.0,29.678298950195312
2026-06-10 05:54:23+00:00,1.0,123.0,2.0,44.63453674316406,25.898054122924805,12.0,29.678298950195312
2026-06-10 05:54:24+00:00,1.0,123.0,2.0,44.63460159301758,25.898021697998047,12.0,29.678298950195312
2026-06-10 05:54:26+00:00,1.0,118.9000015258789,1.0,44.634864807128906,25.898157119750977,12.0,37.26224136352539
2026-06-10 05:54:27+00:00,1.0,118.9000015258789,1.0,44.6348876953125,25.89826202392578,12.0,37.26409149169922
2026-06-10 05:54:28+00:00,1.0,118.9000015258789,1.0,44.6348876953125,25.89826202392578,12.0,37.26409149169922
2026-06-10 05:54:29+00:00,1.0,118.9000015258789,1.0,44.6348876953125,25.89826202392578,12.0,37.26409149169922
2026-06-10 05:54:30+00:00,1.0,122.0999984741211,1.0,44.63485336303711,25.898624420166016,12.0,31.239532470703125
2026-06-10 05:54:31+00:00,1.0,122.0999984741211,1.0,44.634864807128906,25.898725509643555,12.0,28.017057418823242
2026-06-10 05:54:32+00:00,1.0,122.0999984741211,1.0,44.63488006591797,25.898815155029297,12.0,24.877914428710938
2026-06-10 05:54:33+00:00,1.0,122.0999984741211,1.0,44.63490295410156,25.898881912231445,12.0,23.007396697998047
2026-06-10 05:54:34+00:00,1.0,122.0999984741211,1.0,44.634944915771484,25.89892578125,12.0,22.333267211914062
2026-06-10 05:54:35+00:00,1.0,121.9000015258789,1.0,44.635009765625,25.898942947387695,12.0,22.333267211914062
2026-06-10 05:54:36+00:00,1.0,121.9000015258789,1.0,44.635066986083984,25.898914337158203,12.0,24.16860008239746
2026-06-10 05:54:37+00:00,1.0,121.9000015258789,1.0,44.635066986083984,25.898914337158203,12.0,24.16860008239746
2026-06-10 05:54:38+00:00,1.0,121.9000015258789,1.0,44.6351318359375,25.89876365661621,12.0,28.665254592895508
2026-06-10 05:54:39+00:00,1.0,121.9000015258789,1.0,44.6351318359375,25.89876365661621,12.0,28.665254592895508
2026-06-10 05:54:40+00:00,1.0,122.0999984741211,1.0,44.63514709472656,25.898542404174805,12.0,33.46934509277344
2026-06-10 05:54:41+00:00,1.0,122.0999984741211,1.0,44.635154724121094,25.898420333862305,12.0,35.93064880371094
2026-06-10 05:54:42+00:00,1.0,122.0,1.0,44.635154724121094,25.89829444885254,12.0,35.93064880371094
2026-06-10 05:54:43+00:00,1.0,122.0,1.0,44.635154724121094,25.89815330505371,12.0,40.351375579833984
2026-06-10 05:54:44+00:00,1.0,122.0,1.0,44.635154724121094,25.89815330505371,12.0,40.351375579833984
2026-06-10 05:54:48+00:00,1.0,26.0,21.0,44.6348876953125,2.0187456001679396e-39,23.0,36.73441696166992
2026-06-10 05:54:49+00:00,1.0,26.0,21.0,44.6348876953125,25.897676467895508,23.0,36.73441696166992
2026-06-10 05:54:50+00:00,1.0,26.0,21.0,44.63471603393555,25.897708892822266,23.0,35.332454681396484
2026-06-10 05:54:51+00:00,1.0,26.0,21.0,44.634620666503906,25.89769744873047,23.0,35.332454681396484
2026-06-10 05:54:52+00:00,1.0,26.0,21.0,44.634544372558594,25.89764404296875,23.0,34.57313537597656
2026-06-10 05:54:54+00:00,1.0,122.5999984741211,1.0,44.634456634521484,25.897424697875977,12.0,37.7882080078125
2026-06-10 05:54:55+00:00,1.0,122.5999984741211,1.0,44.63444900512695,25.897294998168945,12.0,39.936527252197266
2026-06-10 05:54:56+00:00,1.0,122.5999984741211,1.0,44.63447189331055,25.897151947021484,12.0,42.105220794677734
2026-06-10 05:54:57+00:00,1.0,122.5999984741211,1.0,44.63451385498047,25.897008895874023,12.0,44.45911407470703
2026-06-10 05:54:58+00:00,1.0,122.5999984741211,1.0,44.63457107543945,25.896875381469727,12.0,46.9833869934082
2026-06-10 05:54:59+00:00,1.0,122.69999694824219,1.0,44.63465118408203,25.896745681762695,12.0,49.218753814697266
2026-06-10 05:55:00+00:00,1.0,122.69999694824219,1.0,44.63475799560547,25.896642684936523,12.0,51.157798767089844
2026-06-10 05:55:01+00:00,1.0,122.5999984741211,1.0,44.63488006591797,25.896574020385742,12.0,51.846736907958984
2026-06-10 05:55:02+00:00,1.0,122.5999984741211,1.0,44.63500213623047,25.89654541015625,12.0,50.31513595581055
2026-06-10 05:55:03+00:00,1.0,122.5999984741211,1.0,44.63512420654297,25.89656639099121,12.0,49.42802810668945
2026-06-10 05:55:04+00:00,1.0,122.5999984741211,1.0,44.63512420654297,25.89656639099121,12.0,49.42802810668945
2026-06-10 05:55:05+00:00,1.0,122.5999984741211,1.0,44.63532638549805,25.89673614501953,12.0,49.42802810668945
2026-06-10 05:55:06+00:00,1.0,122.5999984741211,1.0,44.635398864746094,25.896879196166992,12.0,49.91324996948242
2026-06-10 05:55:07+00:00,1.0,123.0,1.0,44.635440826416016,25.897050857543945,12.0,51.62820053100586
2026-06-10 05:55:08+00:00,1.0,123.0,1.0,44.63545608520508,25.897233963012695,12.0,53.73948287963867
2026-06-10 05:55:09+00:00,1.0,123.0,1.0,44.63545608520508,25.897233963012695,12.0,53.73948287963867
2026-06-10 05:55:10+00:00,1.0,123.0,1.0,44.635475158691406,25.897626876831055,12.0,58.300960540771484
2026-06-10 05:55:11+00:00,1.0,123.0,1.0,44.635475158691406,25.897626876831055,12.0,58.300960540771484
2026-06-10 05:55:12+00:00,1.0,123.0,1.0,44.63549041748047,25.89805030822754,12.0,62.71427536010742
2026-06-10 05:55:13+00:00,1.0,123.0,1.0,44.635498046875,25.898279190063477,12.0,62.71427536010742
2026-06-10 05:55:14+00:00,1.0,123.0,1.0,44.63550567626953,25.89850616455078,12.0,67.13684844970703
2026-06-10 05:55:15+00:00,1.0,123.0,1.0,44.63551330566406,25.898746490478516,12.0,69.43148040771484
2026-06-10 05:55:16+00:00,1.0,123.0,1.0,44.63551330566406,25.898990631103516,12.0,69.42593383789062
2026-06-10 05:55:17+00:00,1.0,122.9000015258789,1.0,44.635520935058594,25.89923858642578,12.0,71.06494140625
2026-06-10 05:55:18+00:00,1.0,122.9000015258789,1.0,44.63553237915039,25.899492263793945,12.0,73.09658813476562
2026-06-10 05:55:19+00:00,1.0,122.80000305175781,1.0,44.63554000854492,25.899747848510742,12.0,74.0781478881836
2026-06-10 05:55:20+00:00,1.0,122.80000305175781,1.0,44.63554763793945,25.900007247924805,12.0,73.27623748779297
2026-06-10 05:55:21+00:00,1.0,122.80000305175781,1.0,44.635555267333984,25.900251388549805,12.0,68.6666030883789
2026-06-10 05:55:22+00:00,1.0,122.80000305175781,1.0,44.635555267333984,25.900476455688477,12.0,60.11406707763672
2026-06-10 05:55:23+00:00,1.0,122.69999694824219,1.0,44.635562896728516,25.900663375854492,12.0,51.724510192871094
2026-06-10 05:55:24+00:00,1.0,122.80000305175781,1.0,44.635562896728516,25.900821685791016,12.0,41.908912658691406
2026-06-10 05:55:25+00:00,1.0,122.80000305175781,1.0,44.63554763793945,25.900943756103516,12.0,32.32295608520508
2026-06-10 05:55:26+00:00,1.0,122.80000305175781,1.0,44.635520935058594,25.90104103088379,12.0,28.946760177612305
2026-06-10 05:55:27+00:00,1.0,122.80000305175781,1.0,44.635520935058594,25.90104103088379,12.0,28.946760177612305
2026-06-10 05:55:28+00:00,1.0,122.80000305175781,1.0,44.63542556762695,25.901166915893555,12.0,26.378036499023438
2026-06-10 05:55:29+00:00,1.0,122.80000305175781,1.0,44.63536834716797,25.901172637939453,12.0,26.379886627197266
2026-06-10 05:55:30+00:00,1.0,122.80000305175781,1.0,44.63529586791992,25.901140213012695,12.0,28.10039710998535
2026-06-10 05:55:31+00:00,1.0,122.80000305175781,1.0,44.63529586791992,25.901140213012695,12.0,28.10039710998535
2026-06-10 05:55:32+00:00,1.0,122.80000305175781,1.0,44.635196685791016,25.900976181030273,12.0,32.30258560180664
2026-06-10 05:55:34+00:00,1.0,122.80000305175781,1.0,44.63513946533203,25.900745391845703,12.0,37.380767822265625
2026-06-10 05:55:35+00:00,1.0,122.80000305175781,1.0,44.63511657714844,25.90061378479004,12.0,40.13654708862305
2026-06-10 05:55:36+00:00,1.0,122.69999694824219,1.0,44.63508987426758,25.90047264099121,12.0,42.82564926147461
2026-06-10 05:55:37+00:00,1.0,122.5999984741211,1.0,44.635074615478516,25.900318145751953,12.0,45.15916442871094
2026-06-10 05:55:38+00:00,1.0,122.5999984741211,1.0,44.63505935668945,25.900157928466797,12.0,46.22221374511719
2026-06-10 05:55:39+00:00,1.0,122.4000015258789,1.0,44.63505935668945,25.899999618530273,12.0,44.04241180419922
2026-06-10 05:55:40+00:00,1.0,122.4000015258789,1.0,44.63505935668945,25.899858474731445,12.0,38.049339294433594
2026-06-10 05:55:41+00:00,1.0,122.5,1.0,44.63505935668945,25.899730682373047,12.0,35.32689666748047
2026-06-10 05:55:42+00:00,1.0,122.5,1.0,44.635066986083984,25.89961814880371,12.0,33.586021423339844
2026-06-10 05:55:43+00:00,1.0,122.5,1.0,44.63505172729492,25.899503707885742,12.0,31.539560317993164
2026-06-10 05:55:44+00:00,1.0,122.5,1.0,44.63502502441406,25.89940643310547,12.0,29.380128860473633
2026-06-10 05:55:45+00:00,1.0,122.5,1.0,44.63496780395508,25.89933204650879,12.0,31.102489471435547
2026-06-10 05:55:46+00:00,1.0,122.5999984741211,1.0,44.63489532470703,25.899274826049805,12.0,33.454524993896484
2026-06-10 05:55:47+00:00,1.0,122.5999984741211,1.0,44.634822845458984,25.899206161499023,12.0,35.85471725463867
2026-06-10 05:55:48+00:00,1.0,122.69999694824219,1.0,44.63475799560547,25.899120330810547,12.0,38.08267593383789
2026-06-10 05:55:49+00:00,1.0,122.69999694824219,1.0,44.634700775146484,25.899011611938477,12.0,40.103206634521484
2026-06-10 05:55:50+00:00,1.0,122.69999694824219,1.0,44.63463592529297,25.898889541625977,12.0,40.103206634521484
2026-06-10 05:55:51+00:00,1.0,122.69999694824219,1.0,44.634578704833984,25.898759841918945,12.0,44.22205352783203
2026-06-10 05:55:52+00:00,1.0,122.69999694824219,1.0,44.634578704833984,25.898759841918945,12.0,44.22205352783203
2026-06-10 05:55:53+00:00,1.0,122.69999694824219,1.0,44.634578704833984,25.898759841918945,12.0,44.22205352783203
2026-06-10 05:55:54+00:00,1.0,122.69999694824219,1.0,44.634464263916016,25.89835548400879,12.0,36.87517166137695
2026-06-10 05:55:55+00:00,1.0,122.69999694824219,1.0,44.634464263916016,25.89824676513672,12.0,30.708011627197266
2026-06-10 05:55:56+00:00,1.0,122.69999694824219,1.0,44.63447952270508,25.898157119750977,12.0,26.242839813232422
2026-06-10 05:55:57+00:00,1.0,122.69999694824219,1.0,44.63447952270508,25.898157119750977,12.0,26.242839813232422
2026-06-10 05:55:58+00:00,1.0,120.0,1.0,44.634578704833984,25.898042678833008,12.0,28.339303970336914
2026-06-10 05:55:59+00:00,1.0,121.0999984741211,1.0,44.634578704833984,25.898042678833008,12.0,30.356130599975586
2026-06-10 05:56:00+00:00,1.0,121.0999984741211,1.0,44.634742736816406,25.898054122924805,12.0,32.680397033691406
2026-06-10 05:56:01+00:00,1.0,122.19999694824219,1.0,44.63481521606445,25.89811134338379,12.0,34.676849365234375
2026-06-10 05:56:02+00:00,1.0,122.19999694824219,1.0,44.634864807128906,25.898204803466797,12.0,35.09539794921875
2026-06-10 05:56:03+00:00,1.0,122.19999694824219,1.0,44.63488006591797,25.898326873779297,12.0,34.941680908203125
2026-06-10 05:56:04+00:00,1.0,122.0,1.0,44.63487243652344,25.898441314697266,12.0,34.121246337890625
2026-06-10 05:56:05+00:00,1.0,122.0,1.0,44.63484573364258,25.89855194091797,12.0,33.548980712890625
2026-06-10 05:56:06+00:00,1.0,122.0,1.0,44.63483810424805,25.898670196533203,12.0,33.26191711425781
2026-06-10 05:56:07+00:00,1.0,122.0,1.0,44.63485336303711,25.89878273010254,12.0,33.26191711425781
2026-06-10 05:56:08+00:00,1.0,122.0,1.0,44.63489532470703,25.89887237548828,12.0,31.617345809936523
2026-06-10 05:56:09+00:00,1.0,122.0,1.0,44.63496017456055,25.89892578125,12.0,31.617345809936523
2026-06-10 05:56:10+00:00,1.0,122.0999984741211,1.0,44.635032653808594,25.89893341064453,12.0,27.022533416748047
2026-06-10 05:56:15+00:00,1.0,121.80000305175781,1.0,44.635154724121094,25.898448944091797,12.0,37.38817596435547
2026-06-10 05:56:16+00:00,1.0,121.9000015258789,1.0,44.635154724121094,25.898311614990234,12.0,39.995792388916016
2026-06-10 05:56:17+00:00,1.0,122.0,1.0,44.635154724121094,25.898164749145508,12.0,42.38116455078125
2026-06-10 05:56:18+00:00,1.0,122.0,1.0,44.63513946533203,25.898014068603516,12.0,44.37391662597656
2026-06-10 05:56:19+00:00,1.0,122.0,1.0,44.63509750366211,25.89786720275879,12.0,43.80165100097656
2026-06-10 05:56:20+00:00,1.0,122.30000305175781,1.0,44.635032653808594,25.897748947143555,12.0,43.047889709472656
2026-06-10 05:56:22+00:00,1.0,123.69999694824219,1.0,44.63485336303711,25.897680282592773,12.0,40.01987075805664
2026-06-10 05:56:23+00:00,1.0,123.69999694824219,1.0,44.634742736816406,25.897705078125,12.0,38.95682144165039
2026-06-10 05:56:24+00:00,1.0,123.69999694824219,1.0,44.6346435546875,25.897708892822266,12.0,38.95682144165039
2026-06-10 05:56:25+00:00,1.0,123.69999694824219,1.0,44.63457107543945,25.897676467895508,12.0,34.908348083496094
2026-06-10 05:56:26+00:00,1.0,123.69999694824219,1.0,44.63457107543945,25.897676467895508,12.0,34.908348083496094
2026-06-10 05:56:27+00:00,1.0,123.69999694824219,1.0,44.63457107543945,25.897676467895508,12.0,34.908348083496094
2026-06-10 05:56:28+00:00,1.0,122.30000305175781,1.0,44.63443374633789,25.897350311279297,12.0,34.908348083496094
2026-06-10 05:56:29+00:00,1.0,122.30000305175781,1.0,44.63444900512695,25.89720916748047,12.0,42.23300552368164
2026-06-10 05:56:30+00:00,1.0,122.30000305175781,1.0,44.63447952270508,25.897062301635742,12.0,44.197975158691406
2026-06-10 05:56:31+00:00,1.0,122.30000305175781,1.0,44.63452911376953,25.89691925048828,12.0,46.43149185180664
2026-06-10 05:56:32+00:00,1.0,122.30000305175781,1.0,44.63460159301758,25.896793365478516,12.0,48.73352813720703
2026-06-10 05:56:33+00:00,1.0,122.30000305175781,1.0,44.63460159301758,25.896793365478516,12.0,48.73352813720703
2026-06-10 05:56:34+00:00,1.0,0.0,1.0,44.634822845458984,25.896589279174805,12.0,1.0222192037556676e-40
2026-06-10 05:56:35+00:00,1.0,122.69999694824219,1.0,44.634944915771484,25.89654541015625,12.0,52.789405822753906
2026-06-10 05:56:36+00:00,1.0,122.80000305175781,1.0,44.635074615478516,25.896549224853516,12.0,51.74858474731445
2026-06-10 05:56:37+00:00,1.0,122.9000015258789,1.0,44.635196685791016,25.896602630615234,12.0,50.20772171020508
2026-06-10 05:56:38+00:00,1.0,122.9000015258789,1.0,44.63529586791992,25.896699905395508,12.0,51.19668960571289
2026-06-10 05:56:39+00:00,1.0,123.0,1.0,44.63538360595703,25.896839141845703,12.0,52.863487243652344
2026-06-10 05:56:40+00:00,1.0,123.0,1.0,44.63538360595703,25.896839141845703,12.0,52.863487243652344
2026-06-10 05:56:41+00:00,1.0,123.0999984741211,1.0,44.635475158691406,25.89719581604004,12.0,56.302650451660156
2026-06-10 05:56:42+00:00,1.0,123.0999984741211,1.0,44.635475158691406,25.89719581604004,12.0,56.302650451660156
2026-06-10 05:56:43+00:00,1.0,123.0999984741211,1.0,44.635498046875,25.897611618041992,12.0,60.85116195678711
2026-06-10 05:56:44+00:00,1.0,123.0999984741211,1.0,44.635498046875,25.8978271484375,12.0,62.993927001953125
2026-06-10 05:56:45+00:00,1.0,7.146622168056567e-44,1.0,44.63550567626953,25.89805030822754,12.0,65.22003173828125
2026-06-10 05:56:46+00:00,1.0,123.0999984741211,1.0,44.63550567626953,25.89805030822754,12.0,65.22003173828125
2026-06-10 05:56:47+00:00,1.0,123.0999984741211,1.0,44.63550567626953,25.898523330688477,12.0,69.48332977294922
2026-06-10 05:56:48+00:00,1.0,123.0,1.0,44.63551330566406,25.898767471313477,12.0,70.10375213623047
2026-06-10 05:56:49+00:00,1.0,123.0,1.0,44.63551330566406,25.898767471313477,12.0,70.10375213623047
2026-06-10 05:56:50+00:00,1.0,123.0,1.0,44.635520935058594,25.899248123168945,12.0,67.0479507446289
2026-06-10 05:56:51+00:00,1.0,123.0,1.0,44.63553237915039,25.89947509765625,12.0,64.68666076660156
2026-06-10 05:56:52+00:00,1.0,123.0,1.0,44.63554000854492,25.899694442749023,12.0,61.90865707397461
2026-06-10 05:56:53+00:00,1.0,122.69999694824219,1.0,44.63554000854492,25.89990234375,12.0,58.70284652709961
2026-06-10 05:56:54+00:00,1.0,122.69999694824219,1.0,44.63554000854492,25.89990234375,12.0,58.70284652709961
2026-06-10 05:56:55+00:00,1.0,122.69999694824219,1.0,44.63554763793945,25.90030860900879,12.0,50.913330078125
2026-06-10 05:56:56+00:00,1.0,122.69999694824219,1.0,44.63554763793945,25.900468826293945,12.0,48.92243194580078
2026-06-10 05:56:57+00:00,1.0,122.69999694824219,1.0,44.63554763793945,25.900468826293945,12.0,48.92243194580078
2026-06-10 05:56:58+00:00,1.0,122.69999694824219,1.0,44.63557052612305,25.90077781677246,12.0,42.24967575073242
2026-06-10 05:56:59+00:00,1.0,122.69999694824219,1.0,44.63557052612305,25.90077781677246,12.0,42.24967575073242
2026-06-10 05:57:00+00:00,1.0,122.69999694824219,1.0,44.63554000854492,25.901029586791992,12.0,32.221092224121094
2026-06-10 05:57:01+00:00,1.0,122.69999694824219,1.0,44.635498046875,25.901119232177734,12.0,32.221092224121094
2026-06-10 05:57:02+00:00,1.0,122.30000305175781,1.0,44.63544845581055,25.901172637939453,12.0,25.155715942382812
2026-06-10 05:57:03+00:00,1.0,122.30000305175781,1.0,44.63544845581055,25.901172637939453,12.0,25.155715942382812
2026-06-10 05:57:04+00:00,1.0,122.30000305175781,1.0,44.635318756103516,25.901166915893555,12.0,26.30025291442871
2026-06-10 05:57:05+00:00,1.0,122.30000305175781,1.0,44.635318756103516,25.901166915893555,12.0,26.30025291442871
2026-06-10 05:57:06+00:00,1.0,122.30000305175781,1.0,44.635231018066406,25.901018142700195,12.0,30.567258834838867
2026-06-10 05:57:07+00:00,1.0,122.5999984741211,1.0,44.635196685791016,25.900911331176758,12.0,32.887813568115234
2026-06-10 05:57:08+00:00,1.0,122.5999984741211,1.0,44.635196685791016,25.900911331176758,12.0,32.887813568115234
2026-06-10 05:57:09+00:00,1.0,122.5999984741211,1.0,44.6351318359375,25.900678634643555,12.0,32.887813568115234
2026-06-10 05:57:10+00:00,1.0,122.5999984741211,1.0,44.63509750366211,25.900545120239258,12.0,40.72547912597656
2026-06-10 05:57:11+00:00,1.0,122.5999984741211,1.0,44.63508224487305,25.90039825439453,12.0,40.72547912597656
2026-06-10 05:57:12+00:00,1.0,122.5999984741211,1.0,44.63508224487305,25.90039825439453,12.0,40.72547912597656
2026-06-10 05:57:13+00:00,1.0,122.5999984741211,1.0,44.63505935668945,25.900074005126953,12.0,48.54092025756836
2026-06-10 05:57:14+00:00,1.0,122.5999984741211,1.0,44.63505935668945,25.89990234375,12.0,48.468692779541016
2026-06-10 05:57:15+00:00,1.0,122.5999984741211,1.0,44.635066986083984,25.89974021911621,12.0,45.707359313964844
2026-06-10 05:57:16+00:00,1.0,122.80000305175781,1.0,44.635066986083984,25.899593353271484,12.0,39.542049407958984
2026-06-10 05:57:17+00:00,1.0,122.80000305175781,1.0,44.635066986083984,25.899593353271484,12.0,39.542049407958984
2026-06-10 05:57:18+00:00,1.0,125.0999984741211,1.0,44.634986877441406,25.89935302734375,12.0,37.26039123535156
2026-06-10 05:57:19+00:00,1.0,122.69999694824219,1.0,44.634910583496094,25.89928436279297,12.0,38.58641815185547
2026-06-10 05:57:20+00:00,1.0,122.69999694824219,1.0,44.634822845458984,25.89920997619629,12.0,41.284786224365234
2026-06-10 05:57:21+00:00,1.0,121.80000305175781,1.0,44.634742736816406,25.899112701416016,12.0,43.244197845458984
2026-06-10 05:57:22+00:00,1.0,122.0999984741211,1.0,44.63467788696289,25.898990631103516,12.0,45.1721305847168
2026-06-10 05:57:23+00:00,1.0,122.19999694824219,1.0,44.63460159301758,25.898853302001953,12.0,47.3611946105957
2026-06-10 05:57:24+00:00,1.0,122.30000305175781,1.0,44.634544372558594,25.89870262145996,12.0,47.2000732421875
2026-06-10 05:57:25+00:00,1.0,122.30000305175781,1.0,44.63450622558594,25.8985595703125,12.0,43.5960807800293
2026-06-10 05:57:26+00:00,1.0,122.30000305175781,1.0,44.63447189331055,25.898426055908203,12.0,43.5960807800293
2026-06-10 05:57:27+00:00,1.0,122.30000305175781,1.0,44.63447189331055,25.898426055908203,12.0,38.22157669067383
2026-06-10 05:57:29+00:00,1.0,122.30000305175781,1.0,44.63447189331055,25.898426055908203,12.0,38.22157669067383
2026-06-10 05:57:30+00:00,1.0,122.30000305175781,1.0,44.63457107543945,25.898059844970703,12.0,31.30435562133789
2026-06-10 05:57:31+00:00,1.0,122.30000305175781,1.0,44.63465118408203,25.898042678833008,12.0,33.81381607055664
2026-06-10 05:57:32+00:00,1.0,122.0999984741211,1.0,44.634742736816406,25.898067474365234,12.0,35.78989791870117
2026-06-10 05:57:33+00:00,1.0,122.0999984741211,1.0,44.634742736816406,25.898067474365234,12.0,35.78989791870117
2026-06-10 05:57:38+00:00,1.0,121.0999984741211,1.0,44.63485336303711,25.89872169494629,12.0,33.98604965209961
2026-06-10 05:57:39+00:00,1.0,121.0999984741211,1.0,44.63487243652344,25.89882469177246,12.0,29.820905685424805
2026-06-10 05:57:42+00:00,1.0,124.5999984741211,1.0,44.63502502441406,25.898942947387695,12.0,25.966894149780273
2026-06-10 05:57:43+00:00,1.0,124.5999984741211,1.0,44.63508987426758,25.898881912231445,12.0,27.802223205566406
2026-06-10 05:57:44+00:00,1.0,123.80000305175781,1.0,44.63512420654297,25.89879608154297,12.0,27.802223205566406
2026-06-10 05:57:45+00:00,1.0,123.0,1.0,44.63513946533203,25.89868927001953,12.0,32.1766471862793
2026-06-10 05:57:46+00:00,1.0,122.5999984741211,1.0,44.63514709472656,25.898571014404297,12.0,34.72685241699219
2026-06-10 05:57:47+00:00,1.0,122.5999984741211,1.0,44.63514709472656,25.898448944091797,12.0,37.17704772949219
2026-06-10 05:57:48+00:00,1.0,122.5,1.0,44.635154724121094,25.8983154296875,12.0,37.17704772949219
2026-06-10 05:57:49+00:00,1.0,122.5,1.0,44.635154724121094,25.8983154296875,12.0,37.17704772949219
2026-06-10 05:57:50+00:00,1.0,122.5,1.0,44.63513946533203,25.89801788330078,12.0,44.01463317871094
2026-06-10 05:57:51+00:00,1.0,122.5,1.0,44.635108947753906,25.897871017456055,12.0,44.70913314819336
2026-06-10 05:57:52+00:00,1.0,122.5,1.0,44.635032653808594,25.897741317749023,12.0,46.49075698852539
2026-06-10 05:57:53+00:00,1.0,122.5,1.0,44.635032653808594,25.897741317749023,12.0,46.49075698852539
2026-06-10 05:57:57+00:00,1.0,122.69999694824219,1.0,44.634544372558594,25.897626876831055,12.0,35.94176483154297
2026-06-10 05:57:58+00:00,1.0,122.69999694824219,1.0,44.63447952270508,25.89754295349121,12.0,36.0732536315918
2026-06-10 05:58:00+00:00,1.0,123.0999984741211,1.0,44.63444137573242,25.897294998168945,12.0,38.43825912475586
2026-06-10 05:58:01+00:00,1.0,124.0,1.0,44.634456634521484,25.897138595581055,12.0,41.55517578125
2026-06-10 05:58:02+00:00,1.0,125.0999984741211,1.0,44.634498596191406,25.896997451782227,12.0,41.55517578125
2026-06-10 05:58:03+00:00,1.0,124.0999984741211,1.0,44.63455581665039,25.896854400634766,12.0,46.037010192871094
2026-06-10 05:58:04+00:00,1.0,124.0999984741211,1.0,44.63462829589844,25.896728515625,12.0,48.161258697509766
2026-06-10 05:58:05+00:00,1.0,123.9000015258789,1.0,44.63473129272461,25.896631240844727,12.0,50.333656311035156
2026-06-10 05:58:06+00:00,1.0,123.9000015258789,1.0,44.63484573364258,25.896556854248047,12.0,52.52086639404297
2026-06-10 05:58:07+00:00,1.0,123.9000015258789,1.0,44.63484573364258,25.896556854248047,12.0,52.52086639404297
2026-06-10 05:58:08+00:00,1.0,123.9000015258789,1.0,44.63511657714844,25.896549224853516,12.0,54.17100143432617
2026-06-10 05:58:09+00:00,1.0,123.9000015258789,1.0,44.63523864746094,25.896617889404297,12.0,54.17100143432617
2026-06-10 05:58:10+00:00,1.0,123.9000015258789,1.0,44.63523864746094,25.896617889404297,12.0,52.51160430908203
2026-06-10 05:58:11+00:00,1.0,123.80000305175781,1.0,44.63542556762695,25.896875381469727,12.0,53.62651062011719
2026-06-10 05:58:12+00:00,1.0,123.80000305175781,1.0,44.63546371459961,25.89705467224121,12.0,55.08218765258789
2026-06-10 05:58:13+00:00,1.0,123.69999694824219,1.0,44.63549041748047,25.897249221801758,12.0,55.08218765258789
2026-06-10 05:58:14+00:00,1.0,123.69999694824219,1.0,44.63549041748047,25.897249221801758,12.0,55.08218765258789
2026-06-10 05:58:15+00:00,1.0,123.69999694824219,1.0,44.63549041748047,25.897249221801758,12.0,55.08218765258789
2026-06-10 05:58:16+00:00,1.0,123.19999694824219,1.0,44.63550567626953,25.897891998291016,12.0,63.85140609741211
2026-06-10 05:58:17+00:00,1.0,123.19999694824219,1.0,44.63550567626953,25.898120880126953,12.0,66.06083679199219
2026-06-10 05:58:18+00:00,1.0,123.19999694824219,1.0,44.63551330566406,25.898351669311523,12.0,68.20360565185547
2026-06-10 05:58:19+00:00,1.0,123.19999694824219,1.0,44.63551330566406,25.898351669311523,12.0,68.20360565185547
2026-06-10 05:58:20+00:00,1.0,123.19999694824219,1.0,44.63553237915039,25.898847579956055,12.0,72.36689758300781
2026-06-10 05:58:21+00:00,1.0,123.19999694824219,1.0,44.63554000854492,25.89910125732422,12.0,70.93159484863281
2026-06-10 05:58:22+00:00,1.0,123.19999694824219,1.0,44.63554000854492,25.899341583251953,12.0,68.08878326416016
2026-06-10 05:58:23+00:00,1.0,123.19999694824219,1.0,44.63554763793945,25.899572372436523,12.0,64.92371368408203
2026-06-10 05:58:24+00:00,1.0,123.19999694824219,1.0,44.63554763793945,25.899791717529297,12.0,61.77716064453125
2026-06-10 05:58:25+00:00,1.0,122.5999984741211,1.0,44.635555267333984,25.899999618530273,12.0,58.54542541503906
2026-06-10 05:58:26+00:00,1.0,122.69999694824219,1.0,44.635555267333984,25.90019989013672,12.0,55.13774490356445
2026-06-10 05:58:27+00:00,1.0,122.69999694824219,1.0,44.635562896728516,25.90038299560547,12.0,55.13774490356445
2026-06-10 05:58:28+00:00,1.0,122.5999984741211,1.0,44.635562896728516,25.90038299560547,12.0,55.13774490356445
2026-06-10 05:58:29+00:00,1.0,122.5999984741211,1.0,44.63557052612305,25.90071678161621,12.0,45.209171295166016
2026-06-10 05:58:30+00:00,1.0,122.9000015258789,1.0,44.63557052612305,25.900867462158203,12.0,41.85890579223633
2026-06-10 05:58:31+00:00,1.0,122.9000015258789,1.0,44.63554763793945,25.9010009765625,12.0,38.25861358642578
2026-06-10 05:58:32+00:00,1.0,122.9000015258789,1.0,44.635498046875,25.901105880737305,12.0,38.25861358642578
2026-06-10 05:58:33+00:00,1.0,122.9000015258789,1.0,44.635433197021484,25.901166915893555,12.0,31.432144165039062
2026-06-10 05:58:34+00:00,1.0,122.9000015258789,1.0,44.635433197021484,25.901166915893555,12.0,31.432144165039062
2026-06-10 05:58:35+00:00,1.0,122.9000015258789,1.0,44.635276794433594,25.90114402770996,12.0,31.1395263671875
2026-06-10 05:58:36+00:00,1.0,122.9000015258789,1.0,44.63521957397461,25.901065826416016,12.0,33.12857437133789
2026-06-10 05:58:37+00:00,1.0,123.0999984741211,1.0,44.63517379760742,25.900972366333008,12.0,35.09539794921875
2026-06-10 05:58:38+00:00,1.0,123.0999984741211,1.0,44.63517379760742,123.0999984741211,12.0,35.09539794921875
2026-06-10 05:58:39+00:00,1.0,123.0,1.0,44.63509750366211,25.900724411010742,12.0,40.03097915649414
2026-06-10 05:58:40+00:00,1.0,123.0,1.0,44.63509750366211,25.900724411010742,12.0,40.03097915649414
2026-06-10 05:58:41+00:00,1.0,122.9000015258789,1.0,44.635066986083984,25.900426864624023,12.0,45.435115814208984
2026-06-10 05:58:42+00:00,1.0,122.9000015258789,1.0,44.635066986083984,25.900426864624023,12.0,45.435115814208984
2026-06-10 05:58:43+00:00,1.0,122.69999694824219,1.0,44.63505172729492,25.90009307861328,12.0,48.1705207824707
2026-06-10 05:58:44+00:00,1.0,122.5999984741211,1.0,44.63505935668945,25.899930953979492,12.0,48.1705207824707
2026-06-10 05:58:45+00:00,1.0,122.5999984741211,1.0,44.635066986083984,25.8997802734375,12.0,48.1705207824707
2026-06-10 05:58:46+00:00,1.0,122.5999984741211,1.0,44.635074615478516,25.899629592895508,12.0,48.1705207824707
2026-06-10 05:58:47+00:00,1.0,122.69999694824219,1.0,44.63505935668945,25.899486541748047,12.0,48.1705207824707
2026-06-10 05:58:48+00:00,1.0,122.69999694824219,1.0,44.63505935668945,25.899486541748047,12.0,48.1705207824707
2026-06-10 05:58:49+00:00,1.0,122.5999984741211,1.0,44.63492965698242,25.899274826049805,12.0,39.58464431762695
2026-06-10 05:58:50+00:00,1.0,122.5999984741211,1.0,44.63484573364258,25.899202346801758,12.0,39.58464431762695
2026-06-10 05:58:51+00:00,1.0,122.5999984741211,1.0,44.63484573364258,25.899202346801758,12.0,39.58464431762695
2026-06-10 05:58:52+00:00,1.0,122.5999984741211,1.0,44.63469314575195,25.898998260498047,12.0,44.59245300292969
2026-06-10 05:58:53+00:00,1.0,122.5999984741211,1.0,44.634620666503906,25.898868560791016,12.0,46.65188217163086
2026-06-10 05:58:54+00:00,1.0,122.5999984741211,1.0,44.63456344604492,25.898731231689453,12.0,46.333335876464844
2026-06-10 05:58:55+00:00,1.0,122.5999984741211,1.0,44.63451385498047,25.898584365844727,12.0,44.90915298461914
2026-06-10 05:58:56+00:00,1.0,122.9000015258789,1.0,44.63447952270508,25.89844512939453,12.0,41.058841705322266
2026-06-10 05:58:57+00:00,1.0,122.9000015258789,1.0,44.634464263916016,25.898326873779297,12.0,33.95086669921875
2026-06-10 05:58:58+00:00,1.0,122.80000305175781,1.0,44.634464263916016,25.898218154907227,12.0,30.130189895629883
2026-06-10 05:58:59+00:00,1.0,122.80000305175781,1.0,44.634464263916016,25.898218154907227,12.0,30.130189895629883
2026-06-10 05:59:00+00:00,1.0,122.80000305175781,1.0,44.63455581665039,25.898059844970703,12.0,29.261600494384766
2026-06-10 05:59:01+00:00,1.0,122.80000305175781,1.0,44.634620666503906,25.898035049438477,12.0,31.565488815307617
2026-06-10 05:59:02+00:00,1.0,122.80000305175781,1.0,44.634708404541016,25.898046493530273,12.0,33.62861251831055
2026-06-10 05:59:03+00:00,1.0,122.19999694824219,1.0,44.634788513183594,25.898096084594727,12.0,35.76582336425781
2026-06-10 05:59:04+00:00,1.0,122.19999694824219,1.0,44.63484573364258,25.89818572998047,12.0,36.36772537231445
2026-06-10 05:59:05+00:00,1.0,122.0999984741211,1.0,44.63487243652344,25.898303985595703,12.0,36.36772537231445
2026-06-10 05:59:06+00:00,1.0,122.0999984741211,1.0,44.634864807128906,25.898420333862305,12.0,36.082515716552734
2026-06-10 05:59:07+00:00,1.0,122.19999694824219,1.0,44.63483810424805,25.898542404174805,12.0,35.858421325683594
2026-06-10 05:59:08+00:00,1.0,122.19999694824219,1.0,44.634830474853516,25.898664474487305,12.0,35.858421325683594
2026-06-10 05:59:09+00:00,1.0,122.19999694824219,1.0,44.63484573364258,25.898786544799805,12.0,35.426910400390625
2026-06-10 05:59:10+00:00,1.0,122.19999694824219,1.0,44.6348876953125,25.898889541625977,12.0,35.426910400390625
2026-06-10 05:59:11+00:00,1.0,122.19999694824219,1.0,44.634944915771484,25.898950576782227,12.0,35.426910400390625
2026-06-10 05:59:12+00:00,1.0,122.19999694824219,1.0,44.63501739501953,25.89896583557129,12.0,35.426910400390625
2026-06-10 05:59:13+00:00,1.0,122.19999694824219,1.0,44.63501739501953,25.89896583557129,12.0,35.426910400390625
2026-06-10 05:59:14+00:00,1.0,122.19999694824219,1.0,44.63512420654297,25.89885711669922,12.0,28.554136276245117
2026-06-10 05:59:15+00:00,1.0,122.19999694824219,1.0,44.63513946533203,25.898759841918945,12.0,30.732088088989258
2026-06-10 05:59:16+00:00,1.0,122.19999694824219,1.0,44.635154724121094,25.898649215698242,12.0,33.1137580871582
2026-06-10 05:59:17+00:00,1.0,122.19999694824219,1.0,44.635154724121094,25.898523330688477,12.0,35.588035583496094
2026-06-10 05:59:18+00:00,1.0,122.19999694824219,1.0,44.635154724121094,25.898523330688477,12.0,35.588035583496094
2026-06-10 05:59:19+00:00,1.0,122.19999694824219,1.0,44.635154724121094,25.898258209228516,12.0,40.59213638305664
2026-06-10 05:59:20+00:00,1.0,122.19999694824219,1.0,44.63514709472656,25.89811134338379,12.0,42.8386116027832
2026-06-10 05:59:21+00:00,1.0,122.19999694824219,1.0,44.6351318359375,25.897966384887695,12.0,42.666378021240234
2026-06-10 05:59:22+00:00,1.0,-8968885998977024.0,1.0,44.63508224487305,25.897830963134766,12.0,42.89046859741211
2026-06-10 05:59:23+00:00,1.0,122.19999694824219,1.0,44.63501739501953,25.897722244262695,12.0,42.98121643066406
2026-06-10 05:59:24+00:00,1.0,122.19999694824219,1.0,44.634910583496094,25.897661209106445,12.0,42.54414367675781
2026-06-10 05:59:25+00:00,1.0,122.0999984741211,1.0,44.63481521606445,25.897661209106445,12.0,40.823638916015625
2026-06-10 05:59:26+00:00,1.0,122.0999984741211,1.0,44.63472366333008,25.89768409729004,12.0,35.21577835083008
2026-06-10 05:59:27+00:00,1.0,122.0999984741211,1.0,44.63463592529297,25.897680282592773,12.0,34.158287048339844
2026-06-10 05:59:28+00:00,1.0,122.4000015258789,1.0,44.63456344604492,25.89763641357422,12.0,33.99345397949219
2026-06-10 05:59:29+00:00,1.0,122.5,1.0,44.63450622558594,25.897550582885742,12.0,33.99345397949219
2026-06-10 05:59:30+00:00,1.0,122.5,1.0,44.63447189331055,25.897436141967773,12.0,36.478843688964844
2026-06-10 05:59:31+00:00,1.0,122.5999984741211,1.0,44.634456634521484,25.897306442260742,12.0,38.56604766845703
2026-06-10 05:59:32+00:00,1.0,122.5,1.0,44.63447189331055,25.897167205810547,12.0,40.90882873535156
2026-06-10 05:59:33+00:00,1.0,122.5,1.0,44.63450622558594,25.89702606201172,12.0,40.90882873535156
2026-06-10 05:59:34+00:00,1.0,122.5,1.0,44.63450622558594,25.89702606201172,12.0,40.90882873535156
2026-06-10 05:59:35+00:00,1.0,122.5999984741211,1.0,44.63462829589844,25.896757125854492,12.0,40.90882873535156
2026-06-10 05:59:36+00:00,1.0,122.5999984741211,1.0,44.63472366333008,25.896656036376953,12.0,49.80583572387695
2026-06-10 05:59:37+00:00,1.0,122.5,1.0,44.63483810424805,25.896577835083008,12.0,49.80583572387695
2026-06-10 05:59:38+00:00,1.0,122.5,1.0,44.63496017456055,25.89654541015625,12.0,51.61338806152344
2026-06-10 05:59:39+00:00,1.0,122.5,1.0,44.63509750366211,25.896556854248047,12.0,51.61338806152344
2026-06-10 05:59:40+00:00,1.0,122.5,1.0,44.63509750366211,25.896556854248047,12.0,51.61338806152344
2026-06-10 05:59:41+00:00,1.0,122.5,1.0,44.635311126708984,25.896724700927734,12.0,52.42085647583008
2026-06-10 05:59:42+00:00,1.0,122.5,1.0,44.635398864746094,25.896875381469727,12.0,54.00431823730469
2026-06-10 05:59:43+00:00,1.0,122.5,1.0,44.63544845581055,25.897050857543945,12.0,55.600746154785156
2026-06-10 05:59:44+00:00,1.0,122.5,1.0,44.63548278808594,25.897245407104492,12.0,57.48793411254883
2026-06-10 05:59:45+00:00,1.0,122.5,1.0,44.635498046875,25.89745330810547,12.0,59.84737777709961
2026-06-10 05:59:46+00:00,1.0,122.5,1.0,44.635498046875,25.897668838500977,12.0,62.0308952331543
2026-06-10 05:59:47+00:00,1.0,122.5,1.0,44.63550567626953,25.89788818359375,12.0,64.16254425048828
2026-06-10 05:59:48+00:00,1.0,122.69999694824219,1.0,44.63550567626953,25.898120880126953,12.0,66.38123321533203
2026-06-10 05:59:49+00:00,1.0,122.69999694824219,1.0,44.63551330566406,25.898351669311523,12.0,68.54436492919922
2026-06-10 05:59:50+00:00,1.0,122.69999694824219,1.0,44.63551330566406,25.89859962463379,12.0,70.70380401611328
2026-06-10 05:59:51+00:00,1.0,122.5,1.0,44.635520935058594,25.898847579956055,12.0,72.80952453613281
2026-06-10 05:59:52+00:00,1.0,122.5,1.0,44.63553237915039,25.899112701416016,12.0,74.77265167236328
2026-06-10 05:59:53+00:00,1.0,122.5,1.0,44.63553237915039,25.89937400817871,12.0,75.5523452758789
2026-06-10 05:59:54+00:00,1.0,122.5,1.0,44.63554000854492,25.899633407592773,12.0,73.32437896728516
2026-06-10 05:59:55+00:00,1.0,122.5,1.0,44.63554000854492,25.899633407592773,12.0,70.39636993408203
2026-06-10 05:59:56+00:00,1.0,122.4000015258789,1.0,1.0281749963760376,0.9510393142700195,12.0,70.39636993408203
2026-06-10 05:59:57+00:00,1.0,122.4000015258789,1.0,44.635555267333984,25.900346755981445,12.0,62.58649444580078
2026-06-10 05:59:58+00:00,1.0,122.4000015258789,1.0,44.635555267333984,25.900545120239258,12.0,62.58649444580078
2026-06-10 05:59:59+00:00,1.0,122.5,1.0,44.635562896728516,25.900724411010742,12.0,62.58649444580078
2026-06-10 06:00:00+00:00,1.0,122.5,1.0,44.635562896728516,25.900724411010742,12.0,62.58649444580078
2026-06-10 06:00:01+00:00,1.0,122.5,1.0,44.63553237915039,25.901004791259766,12.0,34.65647888183594
2026-06-10 06:00:02+00:00,1.0,122.5,1.0,44.63549041748047,25.90110206604004,12.0,30.71356773376465
2026-06-10 06:00:03+00:00,1.0,122.5,1.0,44.635440826416016,25.90116310119629,12.0,27.00771713256836
2026-06-10 06:00:04+00:00,1.0,122.5,1.0,44.63538360595703,25.90118408203125,12.0,25.037187576293945
2026-06-10 06:00:05+00:00,1.0,122.19999694824219,1.0,44.635311126708984,25.901166915893555,12.0,25.142749786376953
2026-06-10 06:00:06+00:00,1.0,122.19999694824219,1.0,44.635311126708984,25.901166915893555,12.0,25.142749786376953
2026-06-10 06:00:07+00:00,1.0,122.19999694824219,1.0,44.63521957397461,25.901037216186523,12.0,29.330123901367188
2026-06-10 06:00:08+00:00,1.0,122.19999694824219,1.0,44.635189056396484,25.900943756103516,12.0,31.68401527404785
2026-06-10 06:00:09+00:00,1.0,122.19999694824219,1.0,44.63516616821289,25.900835037231445,12.0,31.68401527404785
2026-06-10 06:00:10+00:00,1.0,122.19999694824219,1.0,44.63513946533203,25.90071678161621,12.0,33.6434326171875
2026-06-10 06:00:11+00:00,1.0,122.19999694824219,1.0,44.63513946533203,25.90071678161621,12.0,33.6434326171875
2026-06-10 06:00:12+00:00,1.0,122.19999694824219,1.0,44.63513946533203,25.90071678161621,12.0,33.6434326171875
2026-06-10 06:00:13+00:00,1.0,122.4000015258789,1.0,44.63508987426758,25.900419235229492,12.0,22.87034797668457
2026-06-10 06:00:14+00:00,1.0,122.4000015258789,1.0,44.635074615478516,25.90035057067871,12.0,22.87034797668457
2026-06-10 06:00:15+00:00,1.0,122.4000015258789,1.0,44.63508224487305,25.90028953552246,12.0,18.09589195251465
2026-06-10 06:00:16+00:00,1.0,122.4000015258789,1.0,44.63509750366211,25.90022850036621,12.0,17.740306854248047
2026-06-10 06:00:17+00:00,1.0,122.4000015258789,1.0,44.63509750366211,25.90022850036621,12.0,17.740306854248047
2026-06-10 06:00:18+00:00,1.0,122.4000015258789,1.0,44.63509750366211,25.90022850036621,12.0,17.740306854248047
2026-06-10 06:00:19+00:00,1.0,122.4000015258789,1.0,44.635154724121094,25.900175094604492,12.0,13.684428215026855
2026-06-10 06:00:20+00:00,1.0,122.4000015258789,1.0,44.63521957397461,25.900146484375,12.0,11.830575942993164
2026-06-10 06:00:21+00:00,1.0,122.4000015258789,1.0,44.63523864746094,25.900142669677734,12.0,4.902243614196777
2026-06-10 06:00:22+00:00,1.0,122.4000015258789,1.0,44.63524627685547,25.90013885498047,12.0,2.6539158821105957
2026-06-10 06:00:23+00:00,1.0,122.4000015258789,1.0,44.63524627685547,25.900135040283203,12.0,2.2779600620269775
2026-06-10 06:00:24+00:00,1.0,122.4000015258789,1.0,44.63525390625,25.900135040283203,12.0,1.477895975112915
2026-06-10 06:00:25+00:00,1.0,122.4000015258789,1.0,44.63525390625,25.900135040283203,12.0,0.42781201004981995
2026-06-10 06:00:26+00:00,1.0,122.4000015258789,1.0,44.63525390625,25.900135040283203,12.0,0.020372001454234123
2026-06-10 06:00:27+00:00,1.0,123.0,1.0,44.63525390625,25.900135040283203,12.0,0.01296399999409914
2026-06-10 06:00:28+00:00,1.0,123.0,1.0,44.63525390625,25.900135040283203,12.0,0.01296399999409914
2026-06-10 06:00:29+00:00,1.0,123.0999984741211,1.0,44.63525390625,25.900135040283203,12.0,0.05926400423049927
2026-06-10 06:00:30+00:00,1.0,123.0999984741211,1.0,44.63525390625,25.900135040283203,12.0,0.050004005432128906
2026-06-10 06:00:31+00:00,1.0,123.0999984741211,1.0,44.63525390625,25.900135040283203,12.0,0.050004005432128906
2026-06-10 06:00:32+00:00,1.0,123.30000305175781,1.0,44.63525390625,25.900135040283203,12.0,0.19260799884796143
2026-06-10 06:00:33+00:00,1.0,123.30000305175781,1.0,44.63525390625,25.900135040283203,12.0,0.19260799884796143
2026-06-10 06:00:34+00:00,1.0,123.30000305175781,1.0,44.63525390625,25.900135040283203,12.0,0.3555839955806732
2026-06-10 06:00:35+00:00,1.0,123.30000305175781,1.0,44.63525390625,25.900135040283203,12.0,0.20372000336647034
2026-06-10 06:00:36+00:00,1.0,123.30000305175781,1.0,44.63524627685547,25.900135040283203,12.0,1.589016079902649
2026-06-10 06:00:37+00:00,1.0,123.5,1.0,44.63524627685547,25.90013885498047,12.0,2.026087999343872
2026-06-10 06:00:38+00:00,1.0,123.5,1.0,44.63523864746094,25.90013885498047,12.0,2.579835891723633
2026-06-10 06:00:39+00:00,1.0,123.5,1.0,44.63523864746094,25.90013885498047,12.0,2.579835891723633
2026-06-10 06:00:40+00:00,1.0,123.69999694824219,1.0,44.635231018066406,25.900142669677734,12.0,2.479827642440796
2026-06-10 06:00:41+00:00,1.0,123.69999694824219,1.0,44.63521957397461,25.900146484375,12.0,1.7668081521987915
2026-06-10 06:00:42+00:00,1.0,123.69999694824219,1.0,44.63521957397461,25.900146484375,12.0,1.7668081521987915
2026-06-10 06:00:43+00:00,1.0,123.69999694824219,1.0,44.63521957397461,25.900146484375,12.0,0.464851975440979
2026-06-10 06:00:44+00:00,1.0,123.69999694824219,1.0,44.63521194458008,25.900146484375,12.0,0.02592799998819828
2026-06-10 06:00:45+00:00,1.0,123.69999694824219,1.0,44.63521957397461,25.900146484375,12.0,0.022224001586437225
2026-06-10 06:00:46+00:00,1.0,123.69999694824219,1.0,44.63521957397461,25.900146484375,12.0,0.07222799956798553
2026-06-10 06:00:47+00:00,1.0,123.69999694824219,1.0,44.63521957397461,25.900146484375,12.0,0.07222799956798553
2026-06-10 06:00:48+00:00,1.0,123.9000015258789,1.0,44.63521194458008,25.900146484375,12.0,0.10556400567293167
2026-06-10 06:00:49+00:00,1.0,123.80000305175781,1.0,44.63521194458008,25.900150299072266,12.0,0.23335200548171997
2026-06-10 06:00:50+00:00,1.0,123.80000305175781,1.0,44.63521957397461,25.900150299072266,12.0,0.03704000264406204
2026-06-10 06:00:51+00:00,1.0,124.0,1.0,44.63521957397461,25.900150299072266,12.0,0.11667600274085999
2026-06-10 06:00:52+00:00,1.0,124.0,1.0,44.63521957397461,25.900150299072266,12.0,0.08148800581693649
2026-06-10 06:00:53+00:00,1.0,124.0,1.0,44.63521957397461,25.900150299072266,12.0,0.08148800581693649
2026-06-10 06:00:54+00:00,1.0,124.0,1.0,44.63521957397461,25.900150299072266,12.0,0.0463000051677227
2026-06-10 06:00:55+00:00,1.0,124.0,1.0,44.63521957397461,25.900150299072266,12.0,0.050004005432128906
2026-06-10 06:00:56+00:00,1.0,124.4000015258789,1.0,44.63521957397461,25.900150299072266,12.0,0.2740960121154785
2026-06-10 06:00:57+00:00,1.0,124.4000015258789,1.0,44.63521957397461,25.900150299072266,12.0,0.5796759724617004
2026-06-10 06:00:58+00:00,1.0,124.4000015258789,1.0,44.63521957397461,25.900150299072266,12.0,0.07037600129842758
2026-06-10 06:00:59+00:00,1.0,124.4000015258789,1.0,44.63521957397461,25.900150299072266,12.0,0.15371601283550262
2026-06-10 06:01:00+00:00,1.0,124.30000305175781,1.0,44.63521957397461,25.900150299072266,12.0,0.050004005432128906
2026-06-10 06:01:01+00:00,1.0,124.19999694824219,1.0,44.63521957397461,25.900150299072266,12.0,0.12593600153923035
2026-06-10 06:01:02+00:00,1.0,124.0999984741211,1.0,44.63521957397461,25.900150299072266,12.0,0.12593600153923035
2026-06-10 06:01:03+00:00,1.0,124.0999984741211,1.0,44.63521957397461,25.900150299072266,12.0,0.1389000117778778
2026-06-10 06:01:04+00:00,1.0,124.0,1.0,44.63521957397461,25.900150299072266,12.0,0.16853201389312744
2026-06-10 06:01:05+00:00,1.0,123.9000015258789,1.0,44.63521957397461,25.900146484375,12.0,0.048151999711990356
2026-06-10 06:01:06+00:00,1.0,123.9000015258789,1.0,44.63521957397461,25.900146484375,12.0,0.06296800076961517
2026-06-10 06:01:07+00:00,1.0,123.9000015258789,1.0,44.63521957397461,25.900146484375,12.0,0.06296800076961517
2026-06-10 06:01:08+00:00,1.0,123.9000015258789,1.0,44.63521957397461,25.900146484375,12.0,0.06296800076961517
2026-06-10 06:01:09+00:00,1.0,123.9000015258789,1.0,44.63521957397461,25.900146484375,12.0,0.2092759907245636
2026-06-10 06:01:10+00:00,1.0,123.9000015258789,1.0,44.63521957397461,25.900142669677734,12.0,0.19446000456809998
2026-06-10 06:01:11+00:00,1.0,123.9000015258789,1.0,44.63521957397461,25.900142669677734,12.0,0.19446000456809998
2026-06-10 06:01:12+00:00,1.0,123.9000015258789,1.0,44.63521957397461,25.900142669677734,12.0,0.15001201629638672
2026-06-10 06:01:13+00:00,1.0,123.9000015258789,1.0,44.63521957397461,25.900142669677734,12.0,0.050004005432128906
2026-06-10 06:01:14+00:00,1.0,123.9000015258789,1.0,44.63521957397461,25.900142669677734,12.0,0.04444800317287445
2026-06-10 06:01:15+00:00,1.0,124.0,1.0,44.63521957397461,25.900142669677734,12.0,0.04444800317287445
2026-06-10 06:01:16+00:00,1.0,124.0,1.0,44.63521957397461,25.900142669677734,12.0,0.05556000396609306
2026-06-10 06:01:17+00:00,1.0,124.0,1.0,44.63521957397461,25.900142669677734,12.0,0.05556000396609306
2026-06-10 06:01:18+00:00,1.0,124.0,1.0,44.63521957397461,25.900142669677734,12.0,0.05556000396609306
2026-06-10 06:01:19+00:00,1.0,124.0,1.0,44.63521957397461,25.900142669677734,12.0,0.05556000396609306
2026-06-10 06:03:52+00:00,1.0,124.30000305175781,1.0,44.635231018066406,25.900135040283203,12.0,0.2778000235557556
2026-06-10 06:03:53+00:00,1.0,123.80000305175781,1.0,44.635231018066406,25.900135040283203,12.0,0.05185599997639656
2026-06-10 06:03:54+00:00,1.0,122.69999694824219,1.0,44.63521957397461,25.900135040283203,12.0,0.024075999855995178
2026-06-10 06:03:55+00:00,1.0,122.5,1.0,44.63521957397461,25.900135040283203,12.0,0.03333600237965584
2026-06-10 06:03:56+00:00,1.0,122.69999694824219,1.0,44.63521194458008,25.900135040283203,12.0,0.28520798683166504
2026-06-10 06:03:57+00:00,1.0,122.80000305175781,1.0,44.63521194458008,25.900135040283203,12.0,0.03148400038480759
2026-06-10 06:03:58+00:00,1.0,122.5999984741211,1.0,44.63521194458008,25.900135040283203,12.0,0.08334000408649445
2026-06-10 06:03:59+00:00,1.0,122.19999694824219,1.0,44.63521194458008,25.900135040283203,12.0,0.08334000408649445
2026-06-10 06:04:00+00:00,1.0,122.0999984741211,1.0,44.63521194458008,25.900135040283203,12.0,0.040744002908468246
2026-06-10 06:04:01+00:00,1.0,122.0,1.0,44.63521194458008,25.90013885498047,12.0,0.05556000396609306
2026-06-10 06:04:02+00:00,1.0,122.0999984741211,1.0,44.63521194458008,25.90013885498047,12.0,0.14445601403713226
2026-06-10 06:04:03+00:00,1.0,122.0999984741211,1.0,44.63521194458008,25.90013885498047,12.0,0.02592799998819828
2026-06-10 06:04:04+00:00,1.0,122.69999694824219,1.0,44.63521194458008,25.900142669677734,12.0,0.06111599877476692
2026-06-10 06:04:05+00:00,1.0,122.80000305175781,1.0,44.63520431518555,25.900142669677734,12.0,0.07593200355768204
2026-06-10 06:04:06+00:00,1.0,123.0,1.0,44.63520431518555,25.900142669677734,12.0,0.03704000264406204
2026-06-10 06:04:07+00:00,1.0,122.69999694824219,1.0,44.63520431518555,25.900142669677734,12.0,0.1426040083169937
2026-06-10 06:04:08+00:00,1.0,122.30000305175781,1.0,44.63520431518555,25.900142669677734,12.0,0.11482400447130203
2026-06-10 06:04:09+00:00,1.0,121.9000015258789,1.0,44.63521194458008,25.900142669677734,12.0,0.029632002115249634
2026-06-10 06:04:10+00:00,1.0,121.5999984741211,1.0,44.63521194458008,25.900146484375,12.0,0.08334000408649445
2026-06-10 06:04:11+00:00,1.0,121.69999694824219,1.0,44.63521194458008,25.900146484375,12.0,0.08334000408649445
2026-06-10 06:04:12+00:00,1.0,121.69999694824219,1.0,44.63521194458008,25.900146484375,12.0,0.04444800317287445
2026-06-10 06:04:13+00:00,1.0,120.9000015258789,1.0,44.63521194458008,25.900150299072266,12.0,0.05556000396609306
2026-06-10 06:04:14+00:00,1.0,122.5,1.0,44.63521194458008,25.900146484375,12.0,0.2240920066833496
2026-06-10 06:04:15+00:00,1.0,122.30000305175781,1.0,44.63521957397461,25.900150299072266,12.0,0.11852800846099854
2026-06-10 06:04:16+00:00,1.0,122.5999984741211,1.0,44.63521957397461,25.900150299072266,12.0,0.06481999903917313
2026-06-10 06:04:17+00:00,1.0,122.5999984741211,1.0,44.63521957397461,25.900150299072266,12.0,0.02592799998819828
2026-06-10 06:04:18+00:00,1.0,122.5999984741211,1.0,44.63521957397461,25.900150299072266,12.0,0.01666800118982792
2026-06-10 06:04:19+00:00,1.0,122.5999984741211,1.0,44.63521957397461,25.900150299072266,12.0,0.01666800118982792
2026-06-10 06:04:20+00:00,1.0,122.5999984741211,1.0,44.63521957397461,25.900150299072266,12.0,0.01666800118982792
2026-06-10 06:04:21+00:00,1.0,122.5999984741211,1.0,44.63521957397461,25.900150299072266,12.0,0.05926400423049927
2026-06-10 06:04:22+00:00,1.0,122.4000015258789,1.0,44.63521957397461,25.900150299072266,12.0,0.02778000198304653
2026-06-10 06:04:23+00:00,1.0,122.4000015258789,1.0,44.63521957397461,25.900150299072266,12.0,0.029632002115249634
2026-06-10 06:04:24+00:00,1.0,122.4000015258789,1.0,44.63521957397461,25.900150299072266,12.0,0.02778000198304653
2026-06-10 06:04:25+00:00,1.0,122.0,1.0,44.63521957397461,25.900150299072266,12.0,0.02592799998819828
2026-06-10 06:04:26+00:00,1.0,121.9000015258789,1.0,44.63521957397461,25.900150299072266,12.0,0.0074080005288124084
2026-06-10 06:04:27+00:00,1.0,121.9000015258789,1.0,44.63521957397461,6.998084530838136e-42,12.0,0.03333600237965584
2026-06-10 06:04:28+00:00,1.0,121.9000015258789,1.0,44.63521957397461,25.900146484375,12.0,0.03333600237965584
2026-06-10 06:04:29+00:00,1.0,121.9000015258789,1.0,44.63521957397461,25.900146484375,12.0,0.014816001057624817
2026-06-10 06:04:30+00:00,1.0,121.80000305175781,1.0,44.63521957397461,25.900146484375,12.0,0.022224001586437225
2026-06-10 06:04:31+00:00,1.0,121.80000305175781,1.0,44.63521957397461,25.900146484375,12.0,0.10186000913381577
2026-06-10 06:04:32+00:00,1.0,121.80000305175781,1.0,44.63521957397461,25.900146484375,12.0,0.10186000913381577
2026-06-10 06:04:33+00:00,1.0,121.80000305175781,1.0,44.63521957397461,25.900146484375,12.0,0.10186000913381577
2026-06-10 06:04:34+00:00,1.0,121.80000305175781,1.0,44.63521957397461,25.900146484375,12.0,0.10186000913381577
2026-06-10 06:04:35+00:00,1.0,121.9000015258789,1.0,44.63521194458008,25.900146484375,12.0,0.05556000396609306
2026-06-10 06:04:36+00:00,1.0,121.9000015258789,1.0,44.63521194458008,25.900146484375,12.0,0.02592799998819828
2026-06-10 06:04:37+00:00,1.0,121.9000015258789,1.0,44.63521194458008,25.900146484375,12.0,0.02592799998819828
2026-06-10 06:04:38+00:00,1.0,121.9000015258789,1.0,44.63521194458008,25.900146484375,12.0,0.050004005432128906
2026-06-10 06:04:39+00:00,1.0,122.0,1.0,44.63521194458008,25.900146484375,12.0,0.06111599877476692
2026-06-10 06:04:40+00:00,1.0,122.0,1.0,44.63521194458008,25.900142669677734,12.0,0.03148400038480759
2026-06-10 06:04:41+00:00,1.0,122.0,1.0,44.63521194458008,25.900146484375,12.0,0.03148400038480759
2026-06-10 06:04:42+00:00,1.0,122.0999984741211,1.0,44.63521194458008,25.900142669677734,12.0,0.03148400038480759
2026-06-10 06:04:43+00:00,1.0,122.0999984741211,1.0,44.63521194458008,25.900142669677734,12.0,0.03148400038480759
2026-06-10 06:04:44+00:00,1.0,122.0999984741211,1.0,44.63521194458008,25.900142669677734,12.0,0.0425960049033165
2026-06-10 06:04:45+00:00,1.0,122.0999984741211,1.0,44.63521194458008,25.900142669677734,12.0,0.022224001586437225
2026-06-10 06:04:46+00:00,1.0,122.0999984741211,1.0,44.63521194458008,25.900142669677734,12.0,0.01852000132203102
2026-06-10 06:04:47+00:00,1.0,122.0999984741211,1.0,44.63521957397461,25.900142669677734,12.0,0.024075999855995178
2026-06-10 06:04:48+00:00,1.0,122.5999984741211,1.0,44.63521957397461,25.900142669677734,12.0,0.022224001586437225
2026-06-10 06:04:49+00:00,1.0,122.69999694824219,1.0,44.63521957397461,25.900142669677734,12.0,0.020372001454234123
2026-06-10 06:04:50+00:00,1.0,122.69999694824219,1.0,44.63521957397461,25.900142669677734,12.0,0.022224001586437225
2026-06-10 06:04:51+00:00,1.0,122.9000015258789,1.0,44.63521957397461,25.900142669677734,12.0,0.022224001586437225
2026-06-10 06:04:52+00:00,1.0,122.9000015258789,1.0,44.63521957397461,25.900142669677734,12.0,0.022224001586437225
2026-06-10 06:04:53+00:00,1.0,122.9000015258789,1.0,44.63521957397461,25.900142669677734,12.0,0.022224001586437225
2026-06-10 06:04:54+00:00,1.0,122.9000015258789,1.0,44.63521957397461,25.90013885498047,12.0,0.00926000066101551
2026-06-10 06:04:55+00:00,1.0,122.9000015258789,1.0,44.63521957397461,25.90013885498047,12.0,0.03333600237965584
2026-06-10 06:04:56+00:00,1.0,122.9000015258789,1.0,44.63521957397461,25.90013885498047,12.0,0.09074800461530685
2026-06-10 06:04:57+00:00,1.0,122.9000015258789,1.0,44.63521957397461,25.90013885498047,12.0,0.09074800461530685
2026-06-10 06:04:58+00:00,1.0,123.19999694824219,1.0,44.63521957397461,25.90013885498047,12.0,0.024075999855995178
2026-06-10 06:04:59+00:00,1.0,123.19999694824219,1.0,44.63521957397461,25.90013885498047,12.0,0.01852000132203102
2026-06-10 06:05:00+00:00,1.0,123.19999694824219,1.0,44.63521957397461,25.90013885498047,12.0,0.04444800317287445
2026-06-10 06:05:01+00:00,1.0,123.30000305175781,1.0,44.63521957397461,25.90013885498047,12.0,0.01852000132203102
2026-06-10 06:05:02+00:00,1.0,123.4000015258789,1.0,44.63521957397461,25.900135040283203,12.0,0.08148800581693649
2026-06-10 06:05:03+00:00,1.0,123.4000015258789,1.0,44.63521957397461,25.900135040283203,12.0,0.0074080005288124084
2026-06-10 06:05:04+00:00,1.0,123.4000015258789,1.0,44.63521957397461,25.900135040283203,12.0,0.03148400038480759
2026-06-10 06:05:05+00:00,1.0,123.4000015258789,1.0,44.63521957397461,25.900135040283203,12.0,0.0037040002644062042
2026-06-10 06:05:06+00:00,1.0,123.4000015258789,1.0,44.63521957397461,25.900135040283203,12.0,0.0037040002644062042
2026-06-10 06:05:07+00:00,1.0,123.4000015258789,1.0,44.63521957397461,25.900135040283203,12.0,0.02778000198304653
2026-06-10 06:05:08+00:00,1.0,123.5,1.0,44.63521957397461,25.900135040283203,12.0,0.01666800118982792
2026-06-10 06:05:09+00:00,1.0,123.5999984741211,1.0,44.63521957397461,25.900135040283203,12.0,0.05185599997639656
2026-06-10 06:05:10+00:00,1.0,123.5999984741211,1.0,44.63521957397461,25.900135040283203,12.0,0.05185599997639656
2026-06-10 06:05:11+00:00,1.0,123.5999984741211,1.0,44.63521957397461,25.900135040283203,12.0,0.05185599997639656
2026-06-10 06:05:12+00:00,1.0,123.5999984741211,1.0,44.63521957397461,25.900135040283203,12.0,0.07222799956798553
2026-06-10 06:05:13+00:00,1.0,123.5999984741211,1.0,44.63521957397461,25.900135040283203,12.0,0.07222799956798553
2026-06-10 06:05:14+00:00,1.0,123.5,1.0,44.63521957397461,25.900135040283203,12.0,0.014816001057624817
2026-06-10 06:05:15+00:00,1.0,123.5,1.0,44.63521957397461,25.900129318237305,12.0,0.06852400302886963
2026-06-10 06:05:16+00:00,1.0,123.5,1.0,44.63521957397461,25.900129318237305,12.0,0.06852400302886963
2026-06-10 06:05:17+00:00,1.0,123.5,1.0,44.63521957397461,25.900129318237305,12.0,0.06852400302886963
2026-06-10 06:05:18+00:00,1.0,123.4000015258789,1.0,44.63521957397461,25.900129318237305,12.0,0.06852400302886963
2026-06-10 06:05:19+00:00,1.0,123.4000015258789,1.0,44.63521957397461,25.900129318237305,12.0,0.04444800317287445
2026-06-10 06:05:20+00:00,1.0,123.4000015258789,1.0,44.63521957397461,25.900129318237305,12.0,0.08334000408649445
2026-06-10 06:05:21+00:00,1.0,123.4000015258789,1.0,44.63521957397461,25.900129318237305,12.0,0.08334000408649445
2026-06-10 06:05:23+00:00,1.0,123.0999984741211,1.0,44.63521957397461,25.900129318237305,12.0,0.04444800317287445
2026-06-10 06:05:24+00:00,1.0,123.0999984741211,1.0,44.63521957397461,25.900129318237305,12.0,0.04444800317287445
2026-06-10 06:05:25+00:00,1.0,123.0999984741211,1.0,44.63521957397461,25.900129318237305,12.0,0.04444800317287445
2026-06-10 06:05:26+00:00,1.0,123.0999984741211,1.0,44.63521957397461,25.900129318237305,12.0,0.04444800317287445
2026-06-10 06:05:27+00:00,1.0,123.0999984741211,1.0,44.63521957397461,25.900129318237305,12.0,0.029632002115249634
2026-06-10 06:05:28+00:00,1.0,123.0999984741211,1.0,44.63521957397461,25.900129318237305,12.0,0.08704400062561035
2026-06-10 06:05:29+00:00,1.0,123.0999984741211,1.0,44.63521957397461,25.900129318237305,12.0,0.02778000198304653
2026-06-10 06:05:30+00:00,1.0,123.0999984741211,1.0,44.63521957397461,25.900129318237305,12.0,0.03148400038480759
2026-06-10 06:05:31+00:00,1.0,123.0999984741211,1.0,44.63521957397461,25.900129318237305,12.0,0.024075999855995178
2026-06-10 06:05:32+00:00,1.0,123.0999984741211,1.0,44.63521957397461,25.900129318237305,12.0,0.048151999711990356
2026-06-10 06:05:33+00:00,1.0,122.5,1.0,44.63521957397461,25.900129318237305,12.0,0.048151999711990356
2026-06-10 06:05:34+00:00,1.0,122.5,1.0,44.63521957397461,25.900129318237305,12.0,0.06852400302886963
2026-06-10 06:05:35+00:00,1.0,122.5,1.0,44.63521957397461,25.900129318237305,12.0,0.06852400302886963
2026-06-10 06:05:36+00:00,1.0,122.5,1.0,44.63521957397461,25.900129318237305,12.0,0.085192009806633
2026-06-10 06:05:37+00:00,1.0,122.5,1.0,44.63521957397461,25.900129318237305,12.0,0.085192009806633
2026-06-10 06:05:38+00:00,1.0,122.5,1.0,44.63521957397461,25.900129318237305,12.0,0.085192009806633
2026-06-10 06:05:39+00:00,1.0,122.5,1.0,44.63521957397461,25.900129318237305,12.0,0.01852000132203102
2026-06-10 06:05:40+00:00,1.0,122.5,1.0,44.63521957397461,25.900129318237305,12.0,0.0037040002644062042
2026-06-10 06:05:41+00:00,1.0,122.4000015258789,1.0,44.63521957397461,25.900129318237305,12.0,0.0037040002644062042
2026-06-10 06:05:42+00:00,1.0,122.4000015258789,1.0,44.63521957397461,25.900129318237305,12.0,0.038892004638910294
2026-06-10 06:05:43+00:00,1.0,122.4000015258789,1.0,44.63521957397461,25.900129318237305,12.0,0.0463000051677227
2026-06-10 06:05:44+00:00,1.0,122.4000015258789,1.0,44.63521957397461,25.900129318237305,12.0,0.0463000051677227
2026-06-10 06:05:45+00:00,1.0,122.4000015258789,1.0,44.63521957397461,25.900129318237305,12.0,0.0463000051677227
2026-06-10 06:05:46+00:00,1.0,122.4000015258789,1.0,44.63521957397461,25.900129318237305,12.0,0.0463000051677227
2026-06-10 06:05:47+00:00,1.0,122.4000015258789,1.0,44.63521957397461,25.900129318237305,12.0,0.0463000051677227
2026-06-10 06:05:48+00:00,1.0,122.4000015258789,1.0,44.63521957397461,25.900129318237305,12.0,0.0463000051677227
2026-06-10 06:05:49+00:00,1.0,122.4000015258789,1.0,44.63521957397461,25.900129318237305,12.0,0.0463000051677227
2026-06-10 06:05:50+00:00,1.0,122.4000015258789,1.0,44.63521957397461,25.900129318237305,12.0,0.014816001057624817
2026-06-10 06:05:51+00:00,1.0,122.4000015258789,1.0,44.63521957397461,25.900129318237305,12.0,0.014816001057624817
2026-06-10 06:05:52+00:00,1.0,122.19999694824219,1.0,44.63521194458008,25.900129318237305,12.0,0.03704000264406204
2026-06-10 06:05:53+00:00,1.0,122.19999694824219,1.0,44.63521194458008,25.900129318237305,12.0,0.03704000264406204
2026-06-10 06:05:54+00:00,1.0,122.19999694824219,1.0,44.63521194458008,25.900129318237305,12.0,0.06111599877476692
2026-06-10 06:05:55+00:00,1.0,122.19999694824219,1.0,44.63521194458008,25.900129318237305,12.0,0.04444800317287445
2026-06-10 06:05:56+00:00,1.0,122.19999694824219,1.0,44.63521194458008,25.900129318237305,12.0,0.03148400038480759
2026-06-10 06:05:57+00:00,1.0,122.19999694824219,1.0,44.63521194458008,25.900129318237305,12.0,0.03148400038480759
2026-06-10 06:05:58+00:00,1.0,122.19999694824219,1.0,44.63521194458008,25.900129318237305,12.0,0.07037600129842758
2026-06-10 06:05:59+00:00,1.0,122.19999694824219,1.0,44.63521194458008,25.90012550354004,12.0,0.02778000198304653
2026-06-10 06:06:00+00:00,1.0,122.19999694824219,1.0,44.63521194458008,25.90012550354004,12.0,0.040744002908468246
2026-06-10 06:06:01+00:00,1.0,122.69999694824219,1.0,44.63521194458008,25.90012550354004,12.0,0.040744002908468246
2026-06-10 06:06:02+00:00,1.0,122.69999694824219,1.0,44.63521194458008,25.90012550354004,12.0,0.06852400302886963
2026-06-10 06:06:03+00:00,1.0,122.69999694824219,1.0,44.63521194458008,25.90012550354004,12.0,0.06852400302886963
2026-06-10 06:06:04+00:00,1.0,122.5,1.0,44.63521194458008,25.90012550354004,12.0,0.06852400302886963
2026-06-10 06:06:05+00:00,1.0,122.5,1.0,44.63521194458008,25.90012550354004,12.0,0.03518800064921379
2026-06-10 06:06:06+00:00,1.0,122.5,1.0,44.63521194458008,25.90012550354004,12.0,0.03518800064921379
2026-06-10 06:06:07+00:00,1.0,122.5,1.0,44.63521194458008,25.90012550354004,12.0,0.03518800064921379
2026-06-10 06:06:08+00:00,1.0,122.5,1.0,44.63521194458008,25.900129318237305,12.0,0.014816001057624817
2026-06-10 06:06:09+00:00,1.0,122.5,1.0,44.63521194458008,25.900129318237305,12.0,0.014816001057624817
2026-06-10 06:06:10+00:00,1.0,122.5,1.0,44.63521194458008,25.900129318237305,12.0,0.014816001057624817
2026-06-10 06:06:11+00:00,1.0,121.9000015258789,1.0,44.63521194458008,25.900129318237305,12.0,0.06481999903917313
2026-06-10 06:06:12+00:00,1.0,121.9000015258789,1.0,44.63521194458008,25.900129318237305,12.0,0.06481999903917313
2026-06-10 06:06:14+00:00,1.0,121.80000305175781,1.0,44.63521194458008,25.900129318237305,12.0,0.03704000264406204
2026-06-10 06:06:15+00:00,1.0,121.69999694824219,1.0,44.63521194458008,25.900129318237305,12.0,0.014816001057624817
2026-06-10 06:06:16+00:00,1.0,121.69999694824219,1.0,44.63521194458008,25.900129318237305,12.0,0.014816001057624817
2026-06-10 06:06:17+00:00,1.0,121.5999984741211,1.0,44.63521194458008,25.900129318237305,12.0,0.0888960063457489
2026-06-10 06:06:18+00:00,1.0,121.5999984741211,1.0,44.63521194458008,25.900135040283203,12.0,0.040744002908468246
2026-06-10 06:06:19+00:00,1.0,121.5999984741211,1.0,44.63521194458008,25.900135040283203,12.0,0.03518800064921379
2026-06-10 06:06:20+00:00,1.0,121.5999984741211,1.0,44.63521194458008,25.900135040283203,12.0,0.040744002908468246
2026-06-10 06:06:21+00:00,1.0,121.5999984741211,1.0,44.63521194458008,25.900135040283203,12.0,0.10741601139307022
2026-06-10 06:06:22+00:00,1.0,121.5999984741211,1.0,44.63521194458008,25.900135040283203,12.0,0.06111599877476692
2026-06-10 06:06:23+00:00,1.0,121.5999984741211,1.0,44.63521194458008,25.900135040283203,12.0,0.08704400062561035
2026-06-10 06:06:24+00:00,1.0,121.5999984741211,1.0,44.63521194458008,25.900135040283203,12.0,0.0074080005288124084
2026-06-10 06:06:25+00:00,1.0,121.5999984741211,1.0,44.63521194458008,25.900135040283203,12.0,0.0074080005288124084
2026-06-10 06:06:26+00:00,1.0,121.5999984741211,1.0,44.63521194458008,25.900135040283203,12.0,0.0074080005288124084
2026-06-10 06:06:27+00:00,1.0,121.5999984741211,1.0,44.63521194458008,25.900135040283203,12.0,0.0074080005288124084
2026-06-10 06:06:28+00:00,1.0,121.5999984741211,1.0,44.63521194458008,25.900135040283203,12.0,0.0074080005288124084
2026-06-10 06:06:29+00:00,1.0,121.5999984741211,1.0,44.63521194458008,25.900135040283203,12.0,0.0074080005288124084
2026-06-10 06:06:30+00:00,1.0,121.5999984741211,1.0,44.63521194458008,25.900135040283203,12.0,0.0074080005288124084
2026-06-10 06:06:31+00:00,1.0,121.5999984741211,1.0,44.63521194458008,25.900135040283203,12.0,0.0074080005288124084
2026-06-10 06:06:32+00:00,1.0,121.5999984741211,1.0,44.63521194458008,25.900135040283203,12.0,0.0074080005288124084
2026-06-10 06:06:33+00:00,1.0,121.5999984741211,1.0,44.63521194458008,25.900135040283203,12.0,0.02778000198304653
2026-06-10 06:06:34+00:00,1.0,121.69999694824219,1.0,44.63521194458008,25.900135040283203,12.0,0.038892004638910294
2026-06-10 06:06:35+00:00,1.0,121.69999694824219,1.0,44.63521194458008,25.900135040283203,12.0,0.022224001586437225
2026-06-10 06:06:36+00:00,1.0,121.69999694824219,1.0,44.63521194458008,25.900135040283203,12.0,0.01666800118982792
2026-06-10 06:06:37+00:00,1.0,121.69999694824219,1.0,44.63521194458008,25.900135040283203,12.0,0.03333600237965584
2026-06-10 06:06:38+00:00,1.0,121.69999694824219,1.0,44.63521194458008,25.900135040283203,12.0,0.029632002115249634
2026-06-10 06:06:39+00:00,1.0,121.69999694824219,1.0,44.63521194458008,25.900135040283203,12.0,0.040744002908468246
2026-06-10 06:06:40+00:00,1.0,121.69999694824219,1.0,44.63521194458008,25.900135040283203,12.0,0.05185599997639656
2026-06-10 06:06:41+00:00,1.0,121.69999694824219,1.0,44.63521194458008,25.900135040283203,12.0,0.14445601403713226
2026-06-10 06:06:42+00:00,1.0,121.80000305175781,1.0,44.63521194458008,25.900135040283203,12.0,0.07408000528812408
2026-06-10 06:06:43+00:00,1.0,121.80000305175781,1.0,44.63521194458008,25.900135040283203,12.0,0.07037600129842758
2026-06-10 06:06:44+00:00,1.0,121.9000015258789,1.0,44.63521194458008,25.900135040283203,12.0,0.01296399999409914
2026-06-10 06:06:45+00:00,1.0,121.9000015258789,1.0,44.63521194458008,25.900135040283203,12.0,0.15186400711536407
2026-06-10 06:06:46+00:00,1.0,121.9000015258789,1.0,44.63521194458008,25.900135040283203,12.0,0.10371200740337372
2026-06-10 06:06:47+00:00,1.0,121.9000015258789,1.0,44.63521194458008,25.900135040283203,12.0,0.00926000066101551
2026-06-10 06:06:48+00:00,1.0,121.9000015258789,1.0,44.63521194458008,25.900135040283203,12.0,0.01852000132203102
2026-06-10 06:06:49+00:00,1.0,121.9000015258789,1.0,44.63521194458008,25.900135040283203,12.0,0.01852000132203102
2026-06-10 06:06:50+00:00,1.0,121.80000305175781,1.0,44.63521194458008,25.900135040283203,12.0,0.048151999711990356
2026-06-10 06:06:51+00:00,1.0,121.80000305175781,1.0,44.63521194458008,25.900135040283203,12.0,0.048151999711990356
2026-06-10 06:06:52+00:00,1.0,121.80000305175781,1.0,44.63521194458008,25.900135040283203,12.0,0.048151999711990356
2026-06-10 06:06:53+00:00,1.0,121.80000305175781,1.0,44.63521194458008,25.900135040283203,12.0,0.09630400687456131
2026-06-10 06:06:54+00:00,1.0,121.80000305175781,1.0,44.63521194458008,25.900135040283203,12.0,0.022224001586437225
2026-06-10 06:06:55+00:00,1.0,121.80000305175781,1.0,44.63521194458008,25.900135040283203,12.0,0.06111599877476692
2026-06-10 06:06:56+00:00,1.0,121.80000305175781,1.0,44.63521194458008,25.900135040283203,12.0,0.06111599877476692
2026-06-10 06:06:57+00:00,1.0,121.80000305175781,1.0,44.63521194458008,25.900135040283203,12.0,0.06111599877476692
2026-06-10 06:06:58+00:00,1.0,121.80000305175781,1.0,44.63521194458008,25.900135040283203,12.0,0.03148400038480759
2026-06-10 06:06:59+00:00,1.0,121.80000305175781,1.0,44.63521194458008,25.900135040283203,12.0,0.19075599312782288
2026-06-10 06:07:00+00:00,1.0,121.5999984741211,1.0,44.63521194458008,25.900135040283203,12.0,0.03333600237965584
2026-06-10 06:07:01+00:00,1.0,121.5999984741211,1.0,44.63521194458008,25.900135040283203,12.0,0.08704400062561035
2026-06-10 06:07:02+00:00,1.0,121.5999984741211,1.0,44.63521194458008,25.90013885498047,12.0,0.09815600514411926
2026-06-10 06:07:03+00:00,1.0,121.5999984741211,1.0,44.63521194458008,25.90013885498047,12.0,0.050004005432128906
2026-06-10 06:07:04+00:00,1.0,121.5999984741211,1.0,44.63521194458008,25.90013885498047,12.0,0.050004005432128906
2026-06-10 06:07:05+00:00,1.0,121.5999984741211,1.0,44.63521194458008,25.90013885498047,12.0,0.050004005432128906
2026-06-10 06:07:06+00:00,1.0,121.19999694824219,1.0,44.63521194458008,25.90013885498047,12.0,0.050004005432128906
2026-06-10 06:07:07+00:00,1.0,121.19999694824219,1.0,44.63521194458008,25.90013885498047,12.0,0.050004005432128906
2026-06-10 06:07:08+00:00,1.0,121.0999984741211,1.0,44.63521194458008,25.90013885498047,12.0,0.050004005432128906
2026-06-10 06:07:09+00:00,1.0,121.0999984741211,1.0,44.63521194458008,25.90013885498047,12.0,0.06111599877476692
2026-06-10 06:07:10+00:00,1.0,121.0999984741211,1.0,44.63521194458008,25.90013885498047,12.0,0.050004005432128906
2026-06-10 06:07:11+00:00,1.0,121.0999984741211,1.0,44.63521194458008,25.90013885498047,12.0,0.01666800118982792
2026-06-10 06:07:12+00:00,1.0,121.0,1.0,44.63521194458008,25.90013885498047,12.0,0.050004005432128906
2026-06-10 06:07:13+00:00,1.0,120.9000015258789,1.0,44.63521194458008,25.90013885498047,12.0,0.029632002115249634
2026-06-10 06:07:14+00:00,1.0,120.9000015258789,1.0,44.63521194458008,25.90013885498047,12.0,0.0425960049033165
2026-06-10 06:07:15+00:00,1.0,120.9000015258789,1.0,44.63521194458008,25.90013885498047,12.0,0.040744002908468246
2026-06-10 06:07:16+00:00,1.0,120.9000015258789,1.0,44.63521194458008,25.90013885498047,12.0,0.050004005432128906
2026-06-10 06:07:17+00:00,1.0,120.9000015258789,1.0,44.63521194458008,25.90013885498047,12.0,0.05926400423049927
2026-06-10 06:07:18+00:00,1.0,120.9000015258789,1.0,44.63521194458008,25.90013885498047,12.0,0.06667200475931168
2026-06-10 06:07:19+00:00,1.0,120.9000015258789,1.0,44.63521957397461,25.90013885498047,12.0,0.05370800569653511
2026-06-10 06:07:20+00:00,1.0,120.69999694824219,1.0,44.63521957397461,25.90013885498047,12.0,0.05370800569653511
2026-06-10 06:07:21+00:00,1.0,120.69999694824219,1.0,44.63521957397461,25.90013885498047,12.0,0.05370800569653511
2026-06-10 06:07:22+00:00,1.0,120.69999694824219,1.0,44.63521957397461,25.90013885498047,12.0,0.05370800569653511
2026-06-10 06:07:23+00:00,1.0,120.69999694824219,1.0,44.63521957397461,25.90013885498047,12.0,0.02778000198304653
2026-06-10 06:07:24+00:00,1.0,120.69999694824219,1.0,44.63521957397461,25.90013885498047,12.0,0.02778000198304653
2026-06-10 06:07:25+00:00,1.0,121.19999694824219,1.0,44.63521194458008,25.90013885498047,12.0,0.020372001454234123
2026-06-10 06:07:26+00:00,1.0,121.19999694824219,1.0,44.63521194458008,25.90013885498047,12.0,0.00926000066101551
2026-06-10 06:07:27+00:00,1.0,121.19999694824219,1.0,44.63521194458008,25.90013885498047,12.0,0.014816001057624817
2026-06-10 06:07:28+00:00,1.0,121.19999694824219,1.0,44.63521194458008,25.90013885498047,12.0,0.05556000396609306
2026-06-10 06:07:29+00:00,1.0,121.5999984741211,1.0,44.63521194458008,25.90013885498047,12.0,0.04444800317287445
2026-06-10 06:07:30+00:00,1.0,121.69999694824219,1.0,44.63521194458008,25.90013885498047,12.0,0.04444800317287445
2026-06-10 06:07:31+00:00,1.0,121.69999694824219,1.0,44.63521194458008,25.90013885498047,12.0,0.04444800317287445
2026-06-10 06:07:32+00:00,1.0,121.80000305175781,1.0,44.63521194458008,25.90013885498047,12.0,0.04444800317287445
2026-06-10 06:07:33+00:00,1.0,121.9000015258789,1.0,44.63521194458008,25.90013885498047,12.0,0.04444800317287445
2026-06-10 06:07:34+00:00,1.0,121.9000015258789,1.0,44.63521194458008,25.90013885498047,12.0,0.04444800317287445
2026-06-10 06:07:35+00:00,1.0,121.9000015258789,1.0,44.63521194458008,25.90013885498047,12.0,0.0463000051677227
2026-06-10 06:07:36+00:00,1.0,122.19999694824219,1.0,44.63521194458008,25.90013885498047,12.0,0.01666800118982792
2026-06-10 06:07:37+00:00,1.0,122.30000305175781,1.0,44.63521194458008,25.90013885498047,12.0,0.01666800118982792
2026-06-10 06:07:38+00:00,1.0,122.30000305175781,1.0,44.63521194458008,25.90013885498047,12.0,0.01666800118982792
2026-06-10 06:07:39+00:00,1.0,122.4000015258789,1.0,44.63521194458008,25.90013885498047,12.0,0.01666800118982792
2026-06-10 06:07:40+00:00,1.0,122.4000015258789,1.0,44.63521194458008,25.90013885498047,12.0,0.01666800118982792
2026-06-10 06:07:41+00:00,1.0,122.5,1.0,44.63521194458008,25.90013885498047,12.0,0.01666800118982792
2026-06-10 06:07:42+00:00,1.0,122.5,1.0,44.63521194458008,25.90013885498047,12.0,0.01666800118982792
2026-06-10 06:07:43+00:00,1.0,122.5,1.0,44.63521194458008,25.90013885498047,12.0,0.01666800118982792
2026-06-10 06:07:44+00:00,1.0,122.5,1.0,44.63521194458008,25.90013885498047,12.0,0.01666800118982792
2026-06-10 06:07:45+00:00,1.0,122.5,1.0,44.63521194458008,25.90013885498047,12.0,0.048151999711990356
2026-06-10 06:07:46+00:00,1.0,122.5,1.0,44.63521194458008,25.90013885498047,12.0,0.048151999711990356
2026-06-10 06:07:47+00:00,1.0,122.5,1.0,44.63521194458008,25.900142669677734,12.0,0.022224001586437225
2026-06-10 06:07:48+00:00,1.0,122.4000015258789,1.0,44.63521194458008,25.900142669677734,12.0,0.01852000132203102
2026-06-10 06:07:49+00:00,1.0,122.4000015258789,1.0,44.63521194458008,25.900142669677734,12.0,0.029632002115249634
2026-06-10 06:07:50+00:00,1.0,122.4000015258789,1.0,44.63521194458008,25.900142669677734,12.0,0.029632002115249634
2026-06-10 06:07:51+00:00,1.0,122.5,1.0,44.63521194458008,25.900142669677734,12.0,0.01666800118982792
2026-06-10 06:07:52+00:00,1.0,122.5999984741211,1.0,44.63521194458008,25.900142669677734,12.0,0.05370800569653511
2026-06-10 06:07:53+00:00,1.0,122.5999984741211,1.0,44.63521194458008,25.900142669677734,12.0,0.05370800569653511
2026-06-10 06:07:54+00:00,1.0,122.5999984741211,1.0,44.63521194458008,25.900142669677734,12.0,0.02778000198304653
2026-06-10 06:07:55+00:00,1.0,122.69999694824219,1.0,44.63521194458008,25.900142669677734,12.0,0.057412002235651016
2026-06-10 06:07:56+00:00,1.0,122.69999694824219,1.0,44.63521194458008,25.900142669677734,12.0,0.05370800569653511
2026-06-10 06:07:57+00:00,1.0,122.69999694824219,1.0,44.63521194458008,25.900142669677734,12.0,0.024075999855995178
2026-06-10 06:07:58+00:00,1.0,122.69999694824219,1.0,44.63521194458008,25.900142669677734,12.0,0.03148400038480759
2026-06-10 06:07:59+00:00,1.0,122.69999694824219,1.0,44.63521194458008,25.900142669677734,12.0,0.040744002908468246
2026-06-10 06:08:00+00:00,1.0,122.9000015258789,1.0,44.63521194458008,25.900142669677734,12.0,0.02592799998819828
2026-06-10 06:08:01+00:00,1.0,122.9000015258789,1.0,44.63521194458008,25.900142669677734,12.0,0.02592799998819828
2026-06-10 06:08:02+00:00,1.0,123.0,1.0,44.63521194458008,25.900142669677734,12.0,0.02592799998819828
2026-06-10 06:08:03+00:00,1.0,123.0,1.0,44.63521194458008,25.900142669677734,12.0,0.02592799998819828
2026-06-10 06:08:04+00:00,1.0,123.0,1.0,44.63521194458008,25.900146484375,12.0,0.10926800966262817
2026-06-10 06:08:05+00:00,1.0,123.0,1.0,44.63521194458008,25.900146484375,12.0,0.01852000132203102
2026-06-10 06:08:06+00:00,1.0,123.0,1.0,44.63521194458008,25.900146484375,12.0,0.09074800461530685
2026-06-10 06:08:07+00:00,1.0,122.9000015258789,1.0,44.63521194458008,25.900146484375,12.0,0.00926000066101551
2026-06-10 06:08:08+00:00,1.0,123.0,1.0,44.63521194458008,25.900146484375,12.0,0.00926000066101551
2026-06-10 06:08:09+00:00,1.0,123.0,1.0,44.63521194458008,25.900142669677734,12.0,0.048151999711990356
2026-06-10 06:08:10+00:00,1.0,123.0,1.0,44.63521194458008,25.900142669677734,12.0,0.05556000396609306
2026-06-10 06:08:11+00:00,1.0,122.80000305175781,1.0,44.63521194458008,25.900142669677734,12.0,0.03148400038480759
2026-06-10 06:08:12+00:00,1.0,122.80000305175781,1.0,44.63521194458008,25.900142669677734,12.0,0.0888960063457489
2026-06-10 06:08:13+00:00,1.0,122.80000305175781,1.0,44.63521194458008,25.900142669677734,12.0,0.005555999930948019
2026-06-10 06:08:14+00:00,1.0,122.69999694824219,1.0,44.63521194458008,25.900142669677734,12.0,0.022224001586437225
2026-06-10 06:08:15+00:00,1.0,122.69999694824219,1.0,44.63521194458008,25.900142669677734,12.0,0.01666800118982792
2026-06-10 06:08:16+00:00,1.0,122.69999694824219,1.0,44.63521194458008,25.900142669677734,12.0,0.011111999861896038
2026-06-10 06:08:17+00:00,1.0,122.69999694824219,1.0,44.63521194458008,25.900142669677734,12.0,0.0018520001322031021
2026-06-10 06:08:18+00:00,1.0,122.5999984741211,1.0,44.63521194458008,25.900142669677734,12.0,0.0018520001322031021
2026-06-10 06:08:19+00:00,1.0,122.5999984741211,1.0,44.63521194458008,25.900142669677734,12.0,0.020372001454234123
2026-06-10 06:08:20+00:00,1.0,122.5999984741211,1.0,44.63521194458008,25.90013885498047,12.0,0.020372001454234123
2026-06-10 06:08:21+00:00,1.0,122.5999984741211,1.0,44.63521194458008,25.90013885498047,12.0,0.06296800076961517
2026-06-10 06:08:22+00:00,1.0,122.5999984741211,1.0,44.63521194458008,25.90013885498047,12.0,0.050004005432128906
2026-06-10 06:08:23+00:00,1.0,122.5999984741211,1.0,44.63521194458008,25.90013885498047,12.0,0.014816001057624817
2026-06-10 06:08:24+00:00,1.0,122.5999984741211,1.0,44.63521194458008,25.90013885498047,12.0,0.014816001057624817
2026-06-10 06:08:25+00:00,1.0,122.5999984741211,1.0,44.63521194458008,25.900135040283203,12.0,0.03148400038480759
2026-06-10 06:08:26+00:00,1.0,122.5999984741211,1.0,44.63521194458008,25.900135040283203,12.0,0.03148400038480759
2026-06-10 06:08:27+00:00,1.0,122.5999984741211,1.0,44.63521194458008,25.900135040283203,12.0,0.03148400038480759
2026-06-10 06:08:28+00:00,1.0,122.5999984741211,1.0,44.63521194458008,25.900135040283203,12.0,0.03148400038480759
2026-06-10 06:08:29+00:00,1.0,122.5999984741211,1.0,44.63521194458008,25.900135040283203,12.0,0.0463000051677227
2026-06-10 06:08:30+00:00,1.0,122.5999984741211,1.0,44.63521194458008,25.900135040283203,12.0,0.0463000051677227
2026-06-10 06:08:31+00:00,1.0,122.5999984741211,1.0,44.63521194458008,25.900135040283203,12.0,0.06481999903917313
2026-06-10 06:08:32+00:00,1.0,122.5999984741211,1.0,44.63521194458008,25.900135040283203,12.0,0.085192009806633
2026-06-10 06:08:33+00:00,1.0,122.5999984741211,1.0,44.63521194458008,25.900135040283203,12.0,0.057412002235651016
2026-06-10 06:08:34+00:00,1.0,122.5999984741211,1.0,44.63521194458008,25.900135040283203,12.0,0.057412002235651016
2026-06-10 06:08:35+00:00,1.0,122.5999984741211,1.0,44.63521194458008,25.900135040283203,12.0,0.048151999711990356
2026-06-10 06:08:36+00:00,1.0,122.5999984741211,1.0,44.63521194458008,25.900135040283203,12.0,0.03704000264406204
2026-06-10 06:08:37+00:00,1.0,122.5,1.0,44.63521194458008,25.900129318237305,12.0,0.0463000051677227
2026-06-10 06:08:38+00:00,1.0,122.5,1.0,44.63521194458008,25.900129318237305,12.0,0.0463000051677227
2026-06-10 06:08:39+00:00,1.0,122.5,1.0,44.63521194458008,25.900135040283203,12.0,0.0926000103354454
2026-06-10 06:08:40+00:00,1.0,122.4000015258789,1.0,44.63521194458008,25.900135040283203,12.0,0.014816001057624817
2026-06-10 06:08:41+00:00,1.0,122.4000015258789,1.0,44.63521194458008,25.900135040283203,12.0,0.014816001057624817
2026-06-10 06:08:42+00:00,1.0,122.4000015258789,1.0,44.63521194458008,25.900129318237305,12.0,0.029632002115249634
2026-06-10 06:08:43+00:00,1.0,122.30000305175781,1.0,44.63521194458008,25.900129318237305,12.0,0.029632002115249634
2026-06-10 06:08:44+00:00,1.0,122.30000305175781,1.0,44.63521194458008,25.900129318237305,12.0,0.029632002115249634
2026-06-10 06:08:45+00:00,1.0,122.19999694824219,1.0,44.63521194458008,25.900129318237305,12.0,0.029632002115249634
2026-06-10 06:08:46+00:00,1.0,122.19999694824219,1.0,44.63521194458008,25.900129318237305,12.0,0.014816001057624817
2026-06-10 06:08:47+00:00,1.0,122.0999984741211,1.0,44.63521194458008,25.900129318237305,12.0,0.014816001057624817
2026-06-10 06:08:48+00:00,1.0,122.0999984741211,1.0,44.63521194458008,25.900129318237305,12.0,0.014816001057624817
2026-06-10 06:08:49+00:00,1.0,122.0999984741211,1.0,44.63521194458008,25.900129318237305,12.0,0.014816001057624817
2026-06-10 06:08:50+00:00,1.0,122.0999984741211,1.0,44.63521194458008,25.900135040283203,12.0,0.07037600129842758
2026-06-10 06:08:51+00:00,1.0,121.9000015258789,1.0,44.63521194458008,25.900129318237305,12.0,0.01852000132203102
2026-06-10 06:08:52+00:00,1.0,121.9000015258789,1.0,44.63521194458008,25.900135040283203,12.0,0.05926400423049927
2026-06-10 06:08:53+00:00,1.0,121.9000015258789,1.0,44.63521194458008,25.900135040283203,12.0,0.0425960049033165
2026-06-10 06:08:54+00:00,1.0,121.9000015258789,1.0,44.63521194458008,25.900135040283203,12.0,0.03148400038480759
2026-06-10 06:08:55+00:00,1.0,121.69999694824219,1.0,44.63521194458008,25.900135040283203,12.0,0.0463000051677227
2026-06-10 06:08:56+00:00,1.0,121.69999694824219,1.0,44.63521194458008,25.900135040283203,12.0,0.014816001057624817
2026-06-10 06:08:57+00:00,1.0,121.69999694824219,1.0,44.63521194458008,25.900135040283203,12.0,0.03704000264406204
2026-06-10 06:08:58+00:00,1.0,121.69999694824219,1.0,44.63521194458008,25.900135040283203,12.0,0.03148400038480759
2026-06-10 06:09:00+00:00,1.0,121.69999694824219,1.0,44.63521194458008,25.900135040283203,12.0,0.040744002908468246
2026-06-10 06:09:01+00:00,1.0,121.5999984741211,1.0,44.63521194458008,25.900135040283203,12.0,0.040744002908468246
2026-06-10 06:09:02+00:00,1.0,121.5999984741211,1.0,44.63521194458008,25.900135040283203,12.0,0.040744002908468246
2026-06-10 06:09:03+00:00,1.0,121.5999984741211,1.0,44.63521194458008,25.900135040283203,12.0,0.040744002908468246
2026-06-10 06:09:04+00:00,1.0,121.5999984741211,1.0,44.63521194458008,25.900135040283203,12.0,0.01666800118982792
2026-06-10 06:09:05+00:00,1.0,121.5999984741211,1.0,44.63521194458008,25.900135040283203,12.0,0.02592799998819828
2026-06-10 06:09:06+00:00,1.0,121.5999984741211,1.0,44.63521194458008,25.900135040283203,12.0,0.06852400302886963
2026-06-10 06:09:07+00:00,1.0,121.5999984741211,1.0,44.63521194458008,25.900135040283203,12.0,0.06852400302886963
2026-06-10 06:09:08+00:00,1.0,121.5,1.0,44.63520431518555,25.900129318237305,12.0,0.011111999861896038
2026-06-10 06:09:09+00:00,1.0,121.5,1.0,44.63520431518555,25.900129318237305,12.0,0.011111999861896038
2026-06-10 06:09:10+00:00,1.0,121.5999984741211,1.0,44.63520431518555,25.900129318237305,12.0,0.011111999861896038
2026-06-10 06:09:11+00:00,1.0,121.5999984741211,1.0,44.63520431518555,25.900129318237305,12.0,0.011111999861896038
2026-06-10 06:09:12+00:00,1.0,121.5999984741211,1.0,44.63520431518555,25.900129318237305,12.0,0.022224001586437225
2026-06-10 06:09:13+00:00,1.0,121.5999984741211,1.0,44.63520431518555,25.900129318237305,12.0,0.022224001586437225
2026-06-10 06:09:14+00:00,1.0,121.5999984741211,1.0,44.63520431518555,25.900129318237305,12.0,0.022224001586437225
2026-06-10 06:09:15+00:00,1.0,121.5999984741211,1.0,44.63520431518555,25.900129318237305,12.0,0.0425960049033165
2026-06-10 06:09:16+00:00,1.0,121.5,1.0,44.63520431518555,25.900129318237305,12.0,0.05926400423049927
2026-06-10 06:09:17+00:00,1.0,121.5,1.0,44.63520431518555,25.900129318237305,12.0,0.05926400423049927
2026-06-10 06:09:18+00:00,1.0,121.5,1.0,44.63520431518555,25.900129318237305,12.0,0.05926400423049927
2026-06-10 06:09:19+00:00,1.0,121.5,1.0,44.63520431518555,25.900129318237305,12.0,0.05926400423049927
2026-06-10 06:09:20+00:00,1.0,121.5,1.0,44.63520431518555,25.900129318237305,12.0,0.06852400302886963
2026-06-10 06:09:21+00:00,1.0,121.5,1.0,44.63520431518555,25.900129318237305,12.0,0.06852400302886963
2026-06-10 06:09:22+00:00,1.0,121.5,1.0,44.63520431518555,25.900129318237305,12.0,0.06852400302886963
2026-06-10 06:09:23+00:00,1.0,121.5,1.0,44.63520431518555,25.900129318237305,12.0,0.02592799998819828
2026-06-10 06:09:24+00:00,1.0,121.4000015258789,1.0,44.63520431518555,25.900129318237305,12.0,0.02592799998819828
2026-06-10 06:09:25+00:00,1.0,121.4000015258789,1.0,44.63520431518555,25.900129318237305,12.0,0.02592799998819828
2026-06-10 06:09:26+00:00,1.0,121.4000015258789,1.0,44.63520431518555,25.900129318237305,12.0,0.01666800118982792
2026-06-10 06:09:28+00:00,1.0,121.30000305175781,1.0,44.63520431518555,25.900129318237305,12.0,0.020372001454234123
2026-06-10 06:09:29+00:00,1.0,121.30000305175781,1.0,44.63520431518555,25.900129318237305,12.0,0.020372001454234123
2026-06-10 06:09:30+00:00,1.0,121.30000305175781,1.0,44.63520431518555,25.900129318237305,12.0,0.02592799998819828
2026-06-10 06:09:31+00:00,1.0,121.30000305175781,1.0,44.63520431518555,25.900129318237305,12.0,0.06481999903917313
2026-06-10 06:09:32+00:00,1.0,121.30000305175781,1.0,44.63520431518555,25.900129318237305,12.0,0.020372001454234123
2026-06-10 06:09:33+00:00,1.0,121.30000305175781,1.0,44.63520431518555,25.90012550354004,12.0,0.040744002908468246
2026-06-10 06:09:34+00:00,1.0,121.30000305175781,1.0,44.63520431518555,25.90012550354004,12.0,0.050004005432128906
2026-06-10 06:09:35+00:00,1.0,121.30000305175781,1.0,44.63520431518555,25.900129318237305,12.0,0.06481999903917313
2026-06-10 06:09:36+00:00,1.0,121.30000305175781,1.0,44.63520431518555,25.900129318237305,12.0,0.06481999903917313
2026-06-10 06:09:37+00:00,1.0,121.30000305175781,1.0,44.63520431518555,25.900129318237305,12.0,0.06481999903917313
2026-06-10 06:09:38+00:00,1.0,121.30000305175781,1.0,44.63520431518555,25.90012550354004,12.0,0.029632002115249634
2026-06-10 06:09:39+00:00,1.0,121.30000305175781,1.0,44.63520431518555,25.90012550354004,12.0,0.06296800076961517
2026-06-10 06:09:40+00:00,1.0,121.30000305175781,1.0,44.63520431518555,25.90012550354004,12.0,0.03148400038480759
2026-06-10 06:09:41+00:00,1.0,121.4000015258789,1.0,44.63520431518555,25.90012550354004,12.0,0.029632002115249634
2026-06-10 06:09:42+00:00,1.0,121.5,1.0,44.63520431518555,25.90012550354004,12.0,0.029632002115249634
2026-06-10 06:09:43+00:00,1.0,121.5,1.0,44.63520431518555,25.90012550354004,12.0,0.029632002115249634
2026-06-10 06:09:44+00:00,1.0,121.5,1.0,44.63520431518555,25.90012550354004,12.0,0.029632002115249634
2026-06-10 06:09:45+00:00,1.0,121.69999694824219,1.0,44.63520431518555,25.90012550354004,12.0,0.024075999855995178
2026-06-10 06:09:46+00:00,1.0,121.69999694824219,1.0,44.63520431518555,25.90012550354004,12.0,0.0425960049033165
2026-06-10 06:09:47+00:00,1.0,121.69999694824219,1.0,44.63520431518555,25.90012550354004,12.0,0.02778000198304653
2026-06-10 06:09:48+00:00,1.0,121.69999694824219,1.0,44.63520431518555,25.90012550354004,12.0,0.02778000198304653
2026-06-10 06:09:49+00:00,1.0,121.69999694824219,1.0,44.63520431518555,25.90012550354004,12.0,0.024075999855995178
2026-06-10 06:09:50+00:00,1.0,121.80000305175781,1.0,44.63520431518555,25.90012550354004,12.0,0.03518800064921379
2026-06-10 06:09:51+00:00,1.0,121.80000305175781,1.0,44.63520431518555,25.90012550354004,12.0,0.03518800064921379
2026-06-10 06:09:52+00:00,1.0,121.80000305175781,1.0,44.63520431518555,25.90012550354004,12.0,0.005555999930948019
2026-06-10 06:09:53+00:00,1.0,121.9000015258789,1.0,44.63520431518555,25.90012550354004,12.0,0.048151999711990356
2026-06-10 06:09:54+00:00,1.0,121.9000015258789,1.0,44.63520431518555,25.90012550354004,12.0,0.048151999711990356
2026-06-10 06:09:55+00:00,1.0,121.9000015258789,1.0,44.63520431518555,25.90012550354004,12.0,0.022224001586437225
2026-06-10 06:09:56+00:00,1.0,121.9000015258789,1.0,44.63520431518555,25.90012550354004,12.0,0.03704000264406204
2026-06-10 06:09:57+00:00,1.0,121.9000015258789,1.0,44.63520431518555,25.90012550354004,12.0,0.05185599997639656
2026-06-10 06:09:59+00:00,1.0,121.9000015258789,1.0,44.63520431518555,25.90012550354004,12.0,0.03518800064921379
2026-06-10 06:10:00+00:00,1.0,121.9000015258789,1.0,44.63520431518555,25.90012550354004,12.0,0.03518800064921379
2026-06-10 06:10:01+00:00,1.0,121.9000015258789,1.0,44.63520431518555,25.90012550354004,12.0,0.022224001586437225
2026-06-10 06:10:02+00:00,1.0,121.9000015258789,1.0,44.63520431518555,25.90012550354004,12.0,0.03333600237965584
2026-06-10 06:10:03+00:00,1.0,122.4000015258789,1.0,44.63520431518555,25.90012550354004,12.0,0.03148400038480759
2026-06-10 06:10:04+00:00,1.0,122.4000015258789,1.0,44.63520431518555,25.90012550354004,12.0,0.06296800076961517
2026-06-10 06:10:05+00:00,1.0,122.4000015258789,1.0,44.63520431518555,25.90012550354004,12.0,0.05370800569653511
2026-06-10 06:10:06+00:00,1.0,122.5,1.0,44.63520431518555,25.90012550354004,12.0,0.02592799998819828
2026-06-10 06:10:07+00:00,1.0,122.5,1.0,44.63520431518555,25.90012550354004,12.0,0.02592799998819828
2026-06-10 06:10:08+00:00,1.0,122.5999984741211,1.0,44.63520431518555,25.90012550354004,12.0,0.020372001454234123
2026-06-10 06:10:09+00:00,1.0,122.5999984741211,1.0,44.63520431518555,25.90012550354004,12.0,0.020372001454234123
2026-06-10 06:10:10+00:00,1.0,122.5999984741211,1.0,44.63520431518555,25.90012550354004,12.0,0.03148400038480759
2026-06-10 06:10:11+00:00,1.0,122.5999984741211,1.0,44.63520431518555,25.90012550354004,12.0,0.03518800064921379
2026-06-10 06:10:12+00:00,1.0,122.5999984741211,1.0,44.63520431518555,25.90012550354004,12.0,0.03518800064921379
2026-06-10 06:10:13+00:00,1.0,122.5999984741211,1.0,44.63520431518555,25.90012550354004,12.0,0.03518800064921379
2026-06-10 06:10:14+00:00,1.0,122.5999984741211,1.0,44.63520431518555,25.90012550354004,12.0,0.02778000198304653
2026-06-10 06:10:15+00:00,1.0,122.5999984741211,1.0,44.63520431518555,25.90012550354004,12.0,0.06481999903917313
2026-06-10 06:10:16+00:00,1.0,122.80000305175781,1.0,44.63520431518555,25.90012550354004,12.0,0.040744002908468246
2026-06-10 06:10:17+00:00,1.0,122.80000305175781,1.0,44.63520431518555,25.90012550354004,12.0,0.040744002908468246
2026-06-10 06:10:18+00:00,1.0,122.80000305175781,1.0,44.63520431518555,25.90012550354004,12.0,0.022224001586437225
2026-06-10 06:10:19+00:00,1.0,122.80000305175781,1.0,44.63520431518555,25.90012550354004,12.0,0.0463000051677227
2026-06-10 06:10:20+00:00,1.0,122.9000015258789,1.0,44.63520431518555,25.90012550354004,12.0,0.04444800317287445
2026-06-10 06:10:21+00:00,1.0,122.9000015258789,1.0,44.63520431518555,25.90012550354004,12.0,0.0037040002644062042
2026-06-10 06:10:22+00:00,1.0,122.9000015258789,1.0,44.63520431518555,25.90012550354004,12.0,0.03518800064921379
2026-06-10 06:10:23+00:00,1.0,122.80000305175781,1.0,44.63520431518555,25.90012550354004,12.0,0.02778000198304653
2026-06-10 06:10:24+00:00,1.0,122.80000305175781,1.0,44.63520431518555,25.90012550354004,12.0,0.03704000264406204
2026-06-10 06:10:25+00:00,1.0,122.80000305175781,1.0,44.63520431518555,25.90012550354004,12.0,0.029632002115249634
2026-06-10 06:10:26+00:00,1.0,122.80000305175781,1.0,44.63520431518555,25.90012550354004,12.0,0.005555999930948019
2026-06-10 06:10:27+00:00,1.0,122.80000305175781,1.0,44.63520431518555,25.90012550354004,12.0,0.02592799998819828
2026-06-10 06:10:28+00:00,1.0,122.80000305175781,1.0,44.63520431518555,25.90012550354004,12.0,0.020372001454234123
2026-06-10 06:10:29+00:00,1.0,122.80000305175781,1.0,44.63520431518555,25.90012550354004,12.0,0.020372001454234123
2026-06-10 06:10:30+00:00,1.0,122.80000305175781,1.0,44.63520431518555,25.90012550354004,12.0,0.020372001454234123
2026-06-10 06:10:31+00:00,1.0,122.80000305175781,1.0,44.63520431518555,25.90012550354004,12.0,0.09445200860500336
2026-06-10 06:10:32+00:00,1.0,122.80000305175781,1.0,44.63520431518555,25.90012550354004,12.0,0.09445200860500336
2026-06-10 06:10:33+00:00,1.0,122.80000305175781,1.0,44.63520431518555,25.90012550354004,12.0,0.0074080005288124084
2026-06-10 06:10:34+00:00,1.0,122.80000305175781,1.0,44.63520431518555,25.90012550354004,12.0,0.03518800064921379
2026-06-10 06:10:35+00:00,1.0,122.80000305175781,1.0,44.63520431518555,25.90012550354004,12.0,0.05185599997639656
2026-06-10 06:10:36+00:00,1.0,1.450131058112246e-29,1.0,44.63520431518555,25.90012550354004,12.0,1.304244573163897e-29
2026-06-10 06:10:37+00:00,1.0,122.9000015258789,1.0,44.63520431518555,25.90012550354004,12.0,0.01666800118982792
2026-06-10 06:10:38+00:00,1.0,122.9000015258789,1.0,44.63520431518555,25.90012550354004,12.0,0.01666800118982792
2026-06-10 06:10:39+00:00,1.0,122.9000015258789,1.0,44.63520431518555,25.90012550354004,12.0,0.01666800118982792
2026-06-10 06:10:40+00:00,1.0,123.19999694824219,1.0,44.63520431518555,25.90012550354004,12.0,0.01666800118982792
2026-06-10 06:10:41+00:00,1.0,123.19999694824219,1.0,44.63520431518555,25.900129318237305,12.0,0.1351960152387619
2026-06-10 06:10:42+00:00,1.0,123.5,1.0,44.63520431518555,25.900129318237305,12.0,0.014816001057624817
2026-06-10 06:10:43+00:00,1.0,123.5,1.0,44.63520431518555,25.900129318237305,12.0,0.014816001057624817
2026-06-10 06:10:44+00:00,1.0,123.5,1.0,44.63520431518555,25.900129318237305,12.0,0.022224001586437225
2026-06-10 06:10:45+00:00,1.0,123.5,1.0,44.63520431518555,25.900129318237305,12.0,0.022224001586437225
2026-06-10 06:10:46+00:00,1.0,123.5,1.0,44.63520431518555,25.900129318237305,12.0,0.02592799998819828
2026-06-10 06:10:47+00:00,1.0,123.5,1.0,44.63520431518555,25.900129318237305,12.0,0.02592799998819828
2026-06-10 06:10:48+00:00,1.0,123.30000305175781,2.0,44.63520431518555,25.900135040283203,12.0,0.03148400038480759
2026-06-10 06:10:49+00:00,1.0,123.4000015258789,2.0,44.63520431518555,25.900135040283203,12.0,0.03148400038480759
2026-06-10 06:10:50+00:00,1.0,123.0999984741211,2.0,44.63521194458008,25.90013885498047,12.0,0.03518800064921379
2026-06-10 06:10:51+00:00,1.0,123.0999984741211,2.0,44.63521194458008,25.900142669677734,12.0,0.03518800064921379
2026-06-10 06:10:52+00:00,1.0,123.0999984741211,2.0,44.63521194458008,25.900142669677734,12.0,0.02592799998819828
2026-06-10 06:10:53+00:00,1.0,123.0999984741211,2.0,44.63521194458008,25.900142669677734,12.0,0.02592799998819828
2026-06-10 06:10:54+00:00,1.0,123.0999984741211,2.0,44.63521194458008,25.900142669677734,12.0,0.02592799998819828
2026-06-10 06:10:55+00:00,1.0,123.0999984741211,2.0,44.63521194458008,25.900142669677734,12.0,0.01852000132203102
2026-06-10 06:10:56+00:00,1.0,123.0999984741211,2.0,44.63520431518555,25.900142669677734,12.0,0.085192009806633
2026-06-10 06:10:57+00:00,1.0,123.0999984741211,2.0,44.63520431518555,25.900142669677734,12.0,0.011111999861896038
2026-06-10 06:10:58+00:00,1.0,123.19999694824219,2.0,44.63520431518555,25.900142669677734,12.0,0.011111999861896038
2026-06-10 06:10:59+00:00,1.0,123.19999694824219,2.0,44.63520431518555,25.900142669677734,12.0,0.005555999930948019
2026-06-10 06:11:00+00:00,1.0,123.5999984741211,2.0,44.63520431518555,25.900142669677734,12.0,0.057412002235651016
2026-06-10 06:11:01+00:00,1.0,123.69999694824219,2.0,44.63520431518555,25.900142669677734,12.0,0.07037600129842758
2026-06-10 06:11:02+00:00,1.0,123.9000015258789,2.0,44.63520431518555,25.900142669677734,12.0,0.07037600129842758
2026-06-10 06:11:03+00:00,1.0,124.0,2.0,44.63520431518555,25.900142669677734,12.0,0.07037600129842758
2026-06-10 06:11:04+00:00,1.0,124.0,2.0,44.63520431518555,25.900142669677734,12.0,0.07037600129842758
2026-06-10 06:11:05+00:00,1.0,124.0,2.0,44.63520431518555,25.900142669677734,12.0,0.085192009806633
2026-06-10 06:11:06+00:00,1.0,124.0,2.0,44.63520431518555,25.900142669677734,12.0,0.024075999855995178
2026-06-10 06:11:07+00:00,1.0,124.0,2.0,44.63520431518555,25.900142669677734,12.0,0.022224001586437225
2026-06-10 06:11:08+00:00,1.0,124.0,2.0,44.63520431518555,25.900142669677734,12.0,0.03333600237965584
2026-06-10 06:11:09+00:00,1.0,124.0,2.0,44.63520431518555,25.900142669677734,12.0,0.020372001454234123
2026-06-10 06:11:10+00:00,1.0,124.5999984741211,2.0,44.63520431518555,25.900142669677734,12.0,0.057412002235651016
2026-06-10 06:11:11+00:00,1.0,124.80000305175781,2.0,44.63520431518555,25.900142669677734,12.0,0.057412002235651016
2026-06-10 06:11:12+00:00,1.0,125.0,2.0,44.63520431518555,25.90013885498047,12.0,0.057412002235651016
2026-06-10 06:11:13+00:00,1.0,125.0,2.0,44.63520431518555,25.90013885498047,12.0,0.029632002115249634
2026-06-10 06:11:14+00:00,1.0,125.30000305175781,2.0,44.63520431518555,25.90013885498047,12.0,0.04444800317287445
2026-06-10 06:11:15+00:00,1.0,125.4000015258789,2.0,44.63520431518555,25.90013885498047,12.0,0.04444800317287445
2026-06-10 06:11:16+00:00,1.0,125.4000015258789,2.0,44.63520431518555,25.90013885498047,12.0,0.06481999903917313
2026-06-10 06:11:17+00:00,1.0,125.4000015258789,2.0,44.63520431518555,25.90013885498047,12.0,0.10926800966262817
2026-06-10 06:11:18+00:00,1.0,125.4000015258789,2.0,44.63520431518555,25.90013885498047,12.0,0.03704000264406204
2026-06-10 06:11:19+00:00,1.0,125.4000015258789,2.0,44.63520431518555,25.90013885498047,12.0,0.0463000051677227
2026-06-10 06:11:20+00:00,1.0,125.80000305175781,2.0,44.63520431518555,25.900135040283203,12.0,0.09815600514411926
2026-06-10 06:11:21+00:00,1.0,125.9000015258789,2.0,44.63520431518555,25.900135040283203,12.0,0.09815600514411926
2026-06-10 06:11:22+00:00,1.0,125.80000305175781,2.0,44.63520431518555,25.90013885498047,12.0,0.09815600514411926
2026-06-10 06:11:23+00:00,1.0,125.80000305175781,2.0,44.63520431518555,25.90013885498047,12.0,0.09815600514411926
2026-06-10 06:11:24+00:00,1.0,125.5999984741211,2.0,44.63520431518555,25.900142669677734,12.0,0.029632002115249634
2026-06-10 06:11:25+00:00,1.0,125.4000015258789,2.0,44.63520431518555,25.900146484375,12.0,0.085192009806633
2026-06-10 06:11:26+00:00,1.0,125.5,2.0,44.63520431518555,25.900146484375,12.0,0.1426040083169937
2026-06-10 06:11:27+00:00,1.0,125.5,2.0,44.63520431518555,25.900146484375,12.0,0.1426040083169937
2026-06-10 06:11:28+00:00,1.0,125.5,2.0,44.63520431518555,25.900146484375,12.0,0.05370800569653511
2026-06-10 06:11:29+00:00,1.0,125.5,2.0,44.63520431518555,25.900146484375,12.0,0.020372001454234123
2026-06-10 06:11:30+00:00,1.0,125.5,2.0,44.63520431518555,25.900146484375,12.0,0.0425960049033165
2026-06-10 06:11:31+00:00,1.0,125.5,2.0,44.63520431518555,25.900146484375,12.0,0.14075200259685516
2026-06-10 06:11:32+00:00,1.0,0.0,2.0,44.63520431518555,25.900146484375,12.0,1.811277056681561e-38
2026-06-10 06:11:33+00:00,1.0,124.9000015258789,2.0,44.63520431518555,25.900146484375,12.0,0.0425960049033165
2026-06-10 06:11:34+00:00,1.0,124.9000015258789,2.0,44.63520431518555,25.900142669677734,12.0,0.0425960049033165
2026-06-10 06:11:35+00:00,1.0,124.9000015258789,2.0,44.63520431518555,25.900142669677734,12.0,0.0425960049033165
2026-06-10 06:11:36+00:00,1.0,124.69999694824219,2.0,44.63520431518555,25.900142669677734,12.0,0.0425960049033165
2026-06-10 06:11:37+00:00,1.0,124.5999984741211,2.0,44.63520431518555,25.900142669677734,12.0,0.024075999855995178
2026-06-10 06:11:38+00:00,1.0,124.5999984741211,2.0,44.63520431518555,25.900142669677734,12.0,0.024075999855995178
2026-06-10 06:11:39+00:00,1.0,124.5,2.0,44.63520431518555,25.900142669677734,12.0,0.020372001454234123
2026-06-10 06:11:41+00:00,1.0,124.5,2.0,44.63520431518555,25.90013885498047,12.0,0.024075999855995178
2026-06-10 06:11:42+00:00,1.0,124.5,2.0,44.63520431518555,25.90013885498047,12.0,0.05556000396609306
2026-06-10 06:11:43+00:00,1.0,124.4000015258789,2.0,44.63520431518555,25.90013885498047,12.0,0.050004005432128906
2026-06-10 06:11:44+00:00,1.0,124.4000015258789,2.0,44.63520431518555,25.900135040283203,12.0,0.020372001454234123
2026-06-10 06:11:45+00:00,1.0,124.4000015258789,2.0,44.63520431518555,25.900135040283203,12.0,0.08704400062561035
2026-06-10 06:11:46+00:00,1.0,124.4000015258789,2.0,44.63520431518555,25.900135040283203,12.0,0.08704400062561035
2026-06-10 06:11:47+00:00,1.0,124.4000015258789,2.0,44.63520431518555,25.900135040283203,12.0,0.6537560224533081
2026-06-10 06:11:48+00:00,1.0,124.4000015258789,2.0,44.63520431518555,25.900135040283203,12.0,0.6537560224533081
2026-06-10 06:11:49+00:00,1.0,124.4000015258789,2.0,44.63520431518555,25.900135040283203,12.0,0.6537560224533081
2026-06-10 06:13:25+00:00,1.0,124.4000015258789,2.0,44.63520431518555,25.900135040283203,12.0,0.6537560224533081
2026-06-10 06:15:59+00:00,1.0,123.5,1.0,44.63525390625,25.90009307861328,12.0,0.07222799956798553
2026-06-10 06:16:00+00:00,1.0,123.5999984741211,1.0,44.63525390625,25.900089263916016,12.0,0.03518800064921379
2026-06-10 06:16:01+00:00,1.0,124.19999694824219,1.0,44.63525390625,25.90008544921875,12.0,1.6408720016479492
2026-06-10 06:16:02+00:00,1.0,124.0,1.0,44.63526153564453,25.900028228759766,12.0,2.503903865814209
2026-06-10 06:16:03+00:00,1.0,123.30000305175781,1.0,44.63525390625,25.899906158447266,12.0,1.1389800310134888
2026-06-10 06:16:04+00:00,1.0,122.69999694824219,1.0,44.63525390625,25.899906158447266,12.0,0.2055720090866089
2026-06-10 06:16:05+00:00,1.0,122.80000305175781,1.0,44.63525390625,25.899959564208984,12.0,2.8798599243164062
2026-06-10 06:16:06+00:00,1.0,122.69999694824219,1.0,44.63524627685547,25.900020599365234,12.0,2.2983322143554688
2026-06-10 06:16:07+00:00,1.0,122.69999694824219,1.0,44.63524627685547,25.900053024291992,12.0,0.03148400038480759
2026-06-10 06:16:08+00:00,1.0,122.69999694824219,1.0,44.63523864746094,25.900056838989258,12.0,0.09074800461530685
2026-06-10 06:16:09+00:00,1.0,122.9000015258789,1.0,44.63523864746094,25.900056838989258,12.0,0.08704400062561035
2026-06-10 06:16:10+00:00,1.0,123.0999984741211,1.0,44.63524627685547,25.900056838989258,12.0,0.10371200740337372
2026-06-10 06:16:11+00:00,1.0,123.19999694824219,1.0,44.63524627685547,25.900056838989258,12.0,0.03333600237965584
2026-06-10 06:16:12+00:00,1.0,123.5,1.0,44.63524627685547,25.900056838989258,12.0,0.06481999903917313
2026-06-10 06:16:13+00:00,1.0,123.5,1.0,44.63523864746094,25.900060653686523,12.0,0.17594000697135925
2026-06-10 06:16:14+00:00,1.0,122.19999694824219,1.0,44.63523864746094,25.90006446838379,12.0,0.05370800569653511
2026-06-10 06:16:15+00:00,1.0,122.19999694824219,1.0,44.63523864746094,25.90006446838379,12.0,0.038892004638910294
2026-06-10 06:16:16+00:00,1.0,121.30000305175781,1.0,44.63523864746094,25.90006446838379,12.0,0.029632002115249634
2026-06-10 06:16:17+00:00,1.0,121.30000305175781,1.0,44.63523864746094,25.90006446838379,12.0,0.029632002115249634
2026-06-10 06:16:18+00:00,1.0,121.30000305175781,1.0,44.63523864746094,25.90006446838379,12.0,0.029632002115249634
2026-06-10 06:16:19+00:00,1.0,121.30000305175781,1.0,44.63523864746094,25.90006446838379,12.0,0.029632002115249634
2026-06-10 06:16:20+00:00,1.0,121.30000305175781,1.0,44.63524627685547,25.90006446838379,12.0,0.011111999861896038
2026-06-10 06:16:21+00:00,1.0,121.30000305175781,1.0,44.63524627685547,25.90006446838379,12.0,0.00926000066101551
2026-06-10 06:16:23+00:00,1.0,121.30000305175781,1.0,44.63524627685547,25.90006446838379,12.0,0.10186000913381577
2026-06-10 06:16:24+00:00,1.0,120.69999694824219,1.0,44.63524627685547,25.90006446838379,12.0,0.21853600442409515
2026-06-10 06:16:25+00:00,1.0,120.69999694824219,1.0,44.63524627685547,25.90006446838379,12.0,0.08334000408649445
2026-06-10 06:16:26+00:00,1.0,120.69999694824219,1.0,44.63524627685547,25.90006446838379,12.0,0.03704000264406204
2026-06-10 06:16:27+00:00,1.0,120.69999694824219,1.0,44.63524627685547,25.90006446838379,12.0,0.038892004638910294
2026-06-10 06:16:28+00:00,1.0,120.69999694824219,1.0,44.63524627685547,25.900060653686523,12.0,0.08334000408649445
2026-06-10 06:16:29+00:00,1.0,120.69999694824219,1.0,44.63524627685547,25.900060653686523,12.0,0.07593200355768204
2026-06-10 06:16:30+00:00,1.0,120.69999694824219,1.0,44.63524627685547,25.900060653686523,12.0,0.03518800064921379
2026-06-10 06:16:31+00:00,1.0,120.69999694824219,1.0,44.63524627685547,25.900060653686523,12.0,0.07408000528812408
2026-06-10 06:16:32+00:00,1.0,121.0999984741211,1.0,44.63524627685547,25.900060653686523,12.0,0.07408000528812408
2026-06-10 06:16:33+00:00,1.0,121.0999984741211,1.0,44.63524627685547,25.900060653686523,12.0,0.07408000528812408
2026-06-10 06:16:34+00:00,1.0,121.0999984741211,1.0,44.63524627685547,25.900060653686523,12.0,0.07408000528812408
2026-06-10 06:16:35+00:00,1.0,121.0999984741211,1.0,44.63524627685547,25.900060653686523,12.0,0.07408000528812408
2026-06-10 06:16:36+00:00,1.0,121.0999984741211,1.0,44.63524627685547,25.900060653686523,12.0,0.07408000528812408
2026-06-10 06:16:37+00:00,1.0,121.0999984741211,1.0,44.63524627685547,25.900060653686523,12.0,0.19446000456809998
2026-06-10 06:16:38+00:00,1.0,121.0999984741211,1.0,44.63524627685547,25.900060653686523,12.0,0.014816001057624817
2026-06-10 06:16:39+00:00,1.0,121.0999984741211,1.0,44.63524627685547,25.900060653686523,12.0,0.038892004638910294
2026-06-10 06:16:40+00:00,1.0,121.19999694824219,1.0,44.63524627685547,25.900060653686523,12.0,0.06296800076961517
2026-06-10 06:16:41+00:00,1.0,121.19999694824219,1.0,44.63524627685547,25.900060653686523,12.0,0.05556000396609306
2026-06-10 06:16:42+00:00,1.0,121.30000305175781,1.0,44.63524627685547,25.900056838989258,12.0,0.05556000396609306
2026-06-10 06:16:43+00:00,1.0,121.4000015258789,1.0,44.63524627685547,25.900056838989258,12.0,0.03333600237965584
2026-06-10 06:16:44+00:00,1.0,121.4000015258789,1.0,44.63524627685547,25.900056838989258,12.0,0.022224001586437225
2026-06-10 06:16:45+00:00,1.0,121.4000015258789,1.0,44.63524627685547,25.900056838989258,12.0,0.0425960049033165
2026-06-10 06:16:46+00:00,1.0,121.4000015258789,1.0,44.63524627685547,25.900056838989258,12.0,0.0425960049033165
2026-06-10 06:16:47+00:00,1.0,121.4000015258789,1.0,44.63524627685547,25.900056838989258,12.0,0.0463000051677227
2026-06-10 06:16:48+00:00,1.0,121.4000015258789,1.0,44.63524627685547,25.900056838989258,12.0,0.020372001454234123
2026-06-10 06:16:49+00:00,1.0,121.5999984741211,1.0,44.63524627685547,25.900056838989258,12.0,0.029632002115249634
2026-06-10 06:16:50+00:00,1.0,121.5999984741211,1.0,44.63524627685547,25.900056838989258,12.0,0.01296399999409914
2026-06-10 06:16:51+00:00,1.0,121.5999984741211,1.0,44.63524627685547,25.900056838989258,12.0,0.03704000264406204
2026-06-10 06:16:52+00:00,1.0,121.5999984741211,1.0,44.63524627685547,25.900056838989258,12.0,0.04444800317287445
2026-06-10 06:16:53+00:00,1.0,121.9000015258789,1.0,44.63524627685547,25.900056838989258,12.0,0.0074080005288124084
2026-06-10 06:16:54+00:00,1.0,121.9000015258789,1.0,44.63524627685547,25.900056838989258,12.0,0.0074080005288124084
2026-06-10 06:16:55+00:00,1.0,121.9000015258789,1.0,44.63524627685547,25.900056838989258,12.0,0.0074080005288124084
2026-06-10 06:16:56+00:00,1.0,121.9000015258789,1.0,44.63524627685547,25.900056838989258,12.0,0.0074080005288124084
2026-06-10 06:16:57+00:00,1.0,121.9000015258789,1.0,44.63524627685547,25.900056838989258,12.0,0.11667600274085999
2026-06-10 06:16:58+00:00,1.0,121.9000015258789,1.0,44.63524627685547,25.900056838989258,12.0,0.03704000264406204
2026-06-10 06:16:59+00:00,1.0,122.0,1.0,44.63524627685547,25.900056838989258,12.0,0.03704000264406204
2026-06-10 06:17:00+00:00,1.0,122.0,1.0,44.63524627685547,25.900056838989258,12.0,0.03704000264406204
2026-06-10 06:17:01+00:00,1.0,122.0,1.0,44.63524627685547,25.900056838989258,12.0,0.03704000264406204
2026-06-10 06:17:02+00:00,1.0,122.0,1.0,44.63524627685547,25.900056838989258,12.0,0.0074080005288124084
2026-06-10 06:17:06+00:00,1.0,122.0,1.0,44.63524627685547,25.900056838989258,12.0,0.020372001454234123
2026-06-10 06:17:07+00:00,1.0,122.0,1.0,44.63524627685547,25.900056838989258,12.0,0.020372001454234123
2026-06-10 06:17:08+00:00,1.0,121.80000305175781,1.0,44.63524627685547,25.900056838989258,12.0,0.0425960049033165
2026-06-10 06:17:09+00:00,1.0,121.80000305175781,1.0,44.63524627685547,25.900056838989258,12.0,0.0425960049033165
2026-06-10 06:17:10+00:00,1.0,121.80000305175781,1.0,44.63524627685547,25.900056838989258,12.0,0.07593200355768204
2026-06-10 06:17:11+00:00,1.0,121.80000305175781,1.0,44.63524627685547,25.900056838989258,12.0,0.07593200355768204
2026-06-10 06:17:12+00:00,1.0,121.80000305175781,1.0,44.63524627685547,25.900056838989258,12.0,0.09815600514411926
2026-06-10 06:17:13+00:00,1.0,121.80000305175781,1.0,44.63524627685547,25.900056838989258,12.0,0.07222799956798553
2026-06-10 06:17:14+00:00,1.0,121.80000305175781,1.0,44.63524627685547,25.900056838989258,12.0,0.03704000264406204
2026-06-10 06:17:15+00:00,1.0,121.80000305175781,1.0,44.63524627685547,25.900056838989258,12.0,0.022224001586437225
2026-06-10 06:17:16+00:00,1.0,121.5,1.0,44.63524627685547,25.900056838989258,12.0,0.029632002115249634
2026-06-10 06:17:17+00:00,1.0,121.5,1.0,44.63524627685547,25.900056838989258,12.0,0.029632002115249634
2026-06-10 06:17:18+00:00,1.0,121.5,1.0,44.63524627685547,25.900056838989258,12.0,0.03333600237965584
2026-06-10 06:17:19+00:00,1.0,121.5,1.0,44.63524627685547,25.900056838989258,12.0,0.06481999903917313
2026-06-10 06:17:20+00:00,1.0,121.5,1.0,44.63524627685547,25.900056838989258,12.0,0.06481999903917313
2026-06-10 06:17:21+00:00,1.0,121.5,1.0,44.63524627685547,25.900056838989258,12.0,0.06481999903917313
2026-06-10 06:17:22+00:00,1.0,121.5,1.0,44.63524627685547,25.900056838989258,12.0,0.06481999903917313
2026-06-10 06:17:23+00:00,1.0,121.5,1.0,44.63524627685547,25.900056838989258,12.0,0.06481999903917313
2026-06-10 06:17:24+00:00,1.0,121.5,1.0,44.63524627685547,25.900056838989258,12.0,0.04444800317287445
2026-06-10 06:17:25+00:00,1.0,121.5,1.0,44.63524627685547,25.900056838989258,12.0,0.057412002235651016
2026-06-10 06:17:26+00:00,1.0,121.5,1.0,44.63524627685547,25.900053024291992,12.0,0.02592799998819828
2026-06-10 06:17:27+00:00,1.0,121.5,1.0,44.63524627685547,25.900053024291992,12.0,0.0425960049033165
2026-06-10 06:17:28+00:00,1.0,121.80000305175781,1.0,44.63524627685547,25.900053024291992,12.0,0.029632002115249634
2026-06-10 06:17:29+00:00,1.0,121.69999694824219,1.0,44.63524627685547,25.900053024291992,12.0,0.029632002115249634
2026-06-10 06:17:30+00:00,1.0,121.69999694824219,1.0,44.63524627685547,25.900053024291992,12.0,0.029632002115249634
2026-06-10 06:17:31+00:00,1.0,121.69999694824219,1.0,44.63524627685547,25.900053024291992,12.0,0.029632002115249634
2026-06-10 06:17:32+00:00,1.0,121.69999694824219,1.0,44.63524627685547,25.900053024291992,12.0,0.029632002115249634
2026-06-10 06:17:33+00:00,1.0,121.69999694824219,1.0,44.63524627685547,25.900053024291992,12.0,0.029632002115249634
2026-06-10 06:17:34+00:00,1.0,121.69999694824219,1.0,44.63524627685547,25.900053024291992,12.0,0.038892004638910294
2026-06-10 06:17:35+00:00,1.0,121.69999694824219,1.0,44.63524627685547,25.900053024291992,12.0,0.01852000132203102
2026-06-10 06:17:36+00:00,1.0,121.69999694824219,1.0,44.63524627685547,25.900053024291992,12.0,0.040744002908468246
2026-06-10 06:17:37+00:00,1.0,121.69999694824219,1.0,44.63524627685547,25.900053024291992,12.0,0.040744002908468246
2026-06-10 06:17:38+00:00,1.0,121.69999694824219,1.0,44.63524627685547,25.900053024291992,12.0,0.040744002908468246
2026-06-10 06:17:39+00:00,1.0,25.899999618530273,1.0,44.63524627685547,25.900053024291992,12.0,0.07778400927782059
2026-06-10 06:17:40+00:00,1.0,121.5999984741211,1.0,44.63524627685547,25.900053024291992,12.0,0.07778400927782059
2026-06-10 06:17:41+00:00,1.0,121.5,1.0,44.63524627685547,25.900053024291992,12.0,0.0463000051677227
2026-06-10 06:17:42+00:00,1.0,121.5,1.0,44.63524627685547,25.900053024291992,12.0,0.0463000051677227
2026-06-10 06:17:43+00:00,1.0,121.5,1.0,44.63524627685547,25.900053024291992,12.0,0.0463000051677227
2026-06-10 06:17:44+00:00,1.0,121.5,1.0,44.63524627685547,25.900053024291992,12.0,0.085192009806633
2026-06-10 06:17:45+00:00,1.0,121.19999694824219,1.0,44.63524627685547,25.900053024291992,12.0,0.038892004638910294
2026-06-10 06:17:46+00:00,1.0,121.19999694824219,1.0,44.63524627685547,25.900053024291992,12.0,0.0074080005288124084
2026-06-10 06:17:47+00:00,1.0,121.19999694824219,1.0,44.63524627685547,25.900053024291992,12.0,0.11667600274085999
2026-06-10 06:17:48+00:00,1.0,121.0999984741211,1.0,44.63524627685547,25.900053024291992,12.0,0.03518800064921379
2026-06-10 06:17:49+00:00,1.0,121.0,1.0,44.63524627685547,25.900053024291992,12.0,0.02778000198304653
2026-06-10 06:17:50+00:00,1.0,121.0,1.0,44.63524627685547,25.900053024291992,12.0,0.07778400927782059
2026-06-10 06:17:51+00:00,1.0,121.0,1.0,44.63524627685547,25.900053024291992,12.0,0.1277880072593689
2026-06-10 06:17:52+00:00,1.0,121.0,1.0,44.63524627685547,25.900053024291992,12.0,0.03148400038480759
2026-06-10 06:17:53+00:00,1.0,121.0,1.0,44.63524627685547,25.900053024291992,12.0,0.020372001454234123
2026-06-10 06:17:54+00:00,1.0,121.0,1.0,44.63524627685547,25.900053024291992,12.0,0.06667200475931168
2026-06-10 06:17:55+00:00,1.0,121.0,1.0,44.63524627685547,25.900053024291992,12.0,0.029632002115249634
2026-06-10 06:17:56+00:00,1.0,121.0,1.0,44.63524627685547,25.900049209594727,12.0,0.03148400038480759
2026-06-10 06:17:57+00:00,1.0,121.0,1.0,44.63524627685547,25.900049209594727,12.0,0.06667200475931168
2026-06-10 06:17:58+00:00,1.0,120.80000305175781,1.0,44.63524627685547,25.900049209594727,12.0,0.08334000408649445
2026-06-10 06:17:59+00:00,1.0,120.80000305175781,1.0,44.63524627685547,25.900049209594727,12.0,0.03333600237965584
2026-06-10 06:18:00+00:00,1.0,120.80000305175781,1.0,44.63524627685547,25.900049209594727,12.0,0.01296399999409914
2026-06-10 06:18:01+00:00,1.0,120.80000305175781,1.0,44.63524627685547,25.900049209594727,12.0,0.048151999711990356
2026-06-10 06:18:02+00:00,1.0,120.80000305175781,1.0,44.63524627685547,25.900049209594727,12.0,0.029632002115249634
2026-06-10 06:18:03+00:00,1.0,120.80000305175781,1.0,44.63524627685547,25.900049209594727,12.0,0.020372001454234123
2026-06-10 06:18:04+00:00,1.0,120.80000305175781,1.0,44.63524627685547,25.900049209594727,12.0,0.02778000198304653
2026-06-10 06:18:05+00:00,1.0,120.80000305175781,1.0,44.63524627685547,25.900049209594727,12.0,0.06852400302886963
2026-06-10 06:18:06+00:00,1.0,120.80000305175781,1.0,44.63524627685547,25.900049209594727,12.0,0.06852400302886963
2026-06-10 06:18:07+00:00,1.0,120.80000305175781,1.0,44.63524627685547,25.900049209594727,12.0,0.048151999711990356
2026-06-10 06:18:08+00:00,1.0,120.80000305175781,1.0,44.63524627685547,25.900049209594727,12.0,0.024075999855995178
2026-06-10 06:18:09+00:00,1.0,120.9000015258789,1.0,44.63524627685547,25.900049209594727,12.0,0.024075999855995178
2026-06-10 06:18:10+00:00,1.0,121.0,1.0,44.63524627685547,25.900049209594727,12.0,0.06481999903917313
2026-06-10 06:18:11+00:00,1.0,121.0999984741211,1.0,44.63524627685547,25.900049209594727,12.0,0.06481999903917313
2026-06-10 06:18:12+00:00,1.0,121.0999984741211,1.0,44.63524627685547,25.900049209594727,12.0,0.040744002908468246
2026-06-10 06:18:13+00:00,1.0,121.0999984741211,1.0,44.63524627685547,25.900049209594727,12.0,0.040744002908468246
2026-06-10 06:18:14+00:00,1.0,121.0999984741211,1.0,44.63524627685547,25.900049209594727,12.0,0.1463080197572708
2026-06-10 06:18:15+00:00,1.0,121.0999984741211,1.0,44.63524627685547,25.900049209594727,12.0,0.01666800118982792
2026-06-10 06:18:16+00:00,1.0,121.0999984741211,1.0,44.63524627685547,25.900049209594727,12.0,0.01666800118982792
2026-06-10 06:18:17+00:00,1.0,121.0,1.0,44.63524627685547,25.900049209594727,12.0,0.0074080005288124084
2026-06-10 06:18:18+00:00,1.0,121.0,1.0,44.63524627685547,25.900053024291992,12.0,0.0074080005288124084
2026-06-10 06:18:19+00:00,1.0,121.0,1.0,44.63524627685547,25.900053024291992,12.0,0.02592799998819828
2026-06-10 06:18:20+00:00,1.0,121.0,1.0,44.63524627685547,25.900053024291992,12.0,0.04444800317287445
2026-06-10 06:18:21+00:00,1.0,121.0,1.0,44.63524627685547,25.900053024291992,12.0,0.024075999855995178
2026-06-10 06:18:22+00:00,1.0,121.0,1.0,44.63524627685547,25.900053024291992,12.0,0.024075999855995178
2026-06-10 06:18:23+00:00,1.0,121.0,1.0,44.63524627685547,25.900053024291992,12.0,0.01666800118982792
2026-06-10 06:18:24+00:00,1.0,121.0,1.0,44.63524627685547,25.900053024291992,12.0,0.08148800581693649
2026-06-10 06:18:25+00:00,1.0,121.0999984741211,1.0,44.63524627685547,25.900053024291992,12.0,0.08148800581693649
2026-06-10 06:18:26+00:00,1.0,121.0999984741211,1.0,44.63524627685547,25.900053024291992,12.0,0.08148800581693649
2026-06-10 06:18:27+00:00,1.0,121.0,1.0,44.63524627685547,25.900053024291992,12.0,0.08148800581693649
2026-06-10 06:18:28+00:00,1.0,121.0,1.0,44.63524627685547,25.900053024291992,12.0,0.08148800581693649
2026-06-10 06:18:29+00:00,1.0,121.0,1.0,44.63524627685547,25.900053024291992,12.0,0.02778000198304653
2026-06-10 06:18:30+00:00,1.0,121.0,1.0,44.63524627685547,25.900053024291992,12.0,0.04444800317287445
2026-06-10 06:18:31+00:00,1.0,120.80000305175781,1.0,44.63524627685547,25.900053024291992,12.0,0.06296800076961517
2026-06-10 06:18:32+00:00,1.0,120.80000305175781,1.0,44.63524627685547,25.900053024291992,12.0,0.040744002908468246
2026-06-10 06:18:33+00:00,1.0,120.80000305175781,1.0,44.63524627685547,25.900053024291992,12.0,0.038892004638910294
2026-06-10 06:18:34+00:00,1.0,120.80000305175781,1.0,44.63524627685547,25.900053024291992,12.0,0.03704000264406204
2026-06-10 06:18:35+00:00,1.0,120.80000305175781,1.0,44.63524627685547,25.900053024291992,12.0,0.05185599997639656
2026-06-10 06:18:37+00:00,1.0,120.5999984741211,1.0,44.63525390625,25.900053024291992,12.0,0.011111999861896038
2026-06-10 06:18:38+00:00,1.0,120.5999984741211,1.0,44.63525390625,25.900053024291992,12.0,0.050004005432128906
2026-06-10 06:18:39+00:00,1.0,120.5999984741211,1.0,44.63525390625,25.900049209594727,12.0,0.05556000396609306
2026-06-10 06:18:40+00:00,1.0,120.5999984741211,1.0,44.63525390625,25.900049209594727,12.0,0.05556000396609306
2026-06-10 06:18:41+00:00,1.0,120.69999694824219,1.0,44.63525390625,25.900049209594727,12.0,0.05556000396609306
2026-06-10 06:18:42+00:00,1.0,120.69999694824219,1.0,44.63525390625,25.900049209594727,12.0,0.029632002115249634
2026-06-10 06:18:43+00:00,1.0,120.69999694824219,1.0,44.63525390625,25.900049209594727,12.0,0.06296800076961517
2026-06-10 06:18:44+00:00,1.0,120.69999694824219,1.0,44.63525390625,25.900049209594727,12.0,0.06296800076961517
2026-06-10 06:18:45+00:00,1.0,120.5999984741211,1.0,44.63525390625,25.900049209594727,12.0,0.022224001586437225
2026-06-10 06:18:46+00:00,1.0,120.5999984741211,1.0,44.63525390625,25.900049209594727,12.0,0.022224001586437225
2026-06-10 06:18:47+00:00,1.0,120.5,1.0,44.63525390625,25.900049209594727,12.0,0.038892004638910294
2026-06-10 06:18:48+00:00,1.0,120.5,1.0,44.63525390625,25.900049209594727,12.0,0.038892004638910294
2026-06-10 06:18:49+00:00,1.0,120.5,1.0,44.63525390625,25.900049209594727,12.0,0.03704000264406204
2026-06-10 06:18:50+00:00,1.0,120.5,1.0,44.63525390625,25.900049209594727,12.0,0.07408000528812408
2026-06-10 06:18:51+00:00,1.0,120.5,1.0,44.63525390625,25.900049209594727,12.0,0.03704000264406204
2026-06-10 06:18:52+00:00,1.0,120.4000015258789,1.0,44.63525390625,25.900049209594727,12.0,0.08334000408649445
2026-06-10 06:18:53+00:00,1.0,120.4000015258789,1.0,44.63525390625,25.900049209594727,12.0,0.08334000408649445
2026-06-10 06:18:54+00:00,1.0,120.4000015258789,1.0,44.63525390625,25.900049209594727,12.0,0.08334000408649445
2026-06-10 06:18:55+00:00,1.0,120.4000015258789,1.0,44.63525390625,25.900049209594727,12.0,0.048151999711990356
2026-06-10 06:18:56+00:00,1.0,120.4000015258789,1.0,44.63525390625,25.900049209594727,12.0,0.15001201629638672
2026-06-10 06:18:57+00:00,1.0,120.4000015258789,1.0,44.63525390625,25.900049209594727,12.0,0.10556400567293167
2026-06-10 06:18:58+00:00,1.0,120.4000015258789,1.0,44.63525390625,25.900049209594727,12.0,0.0037040002644062042
2026-06-10 06:18:59+00:00,1.0,120.4000015258789,1.0,44.63524627685547,25.900053024291992,12.0,0.0037040002644062042
2026-06-10 06:19:00+00:00,1.0,120.4000015258789,1.0,44.63524627685547,25.900053024291992,12.0,0.014816001057624817
2026-06-10 06:19:01+00:00,1.0,120.4000015258789,1.0,44.63524627685547,25.900053024291992,12.0,0.029632002115249634
2026-06-10 06:19:02+00:00,1.0,120.4000015258789,1.0,44.63524627685547,25.900053024291992,12.0,0.057412002235651016
2026-06-10 06:19:03+00:00,1.0,120.4000015258789,1.0,44.63524627685547,25.900053024291992,12.0,0.06481999903917313
2026-06-10 06:19:04+00:00,1.0,120.4000015258789,1.0,44.63524627685547,25.900053024291992,12.0,0.050004005432128906
2026-06-10 06:19:05+00:00,1.0,120.80000305175781,1.0,44.63524627685547,25.900053024291992,12.0,0.048151999711990356
2026-06-10 06:19:06+00:00,1.0,120.9000015258789,1.0,44.63524627685547,25.900053024291992,12.0,0.05556000396609306
2026-06-10 06:19:07+00:00,1.0,120.9000015258789,1.0,44.63524627685547,25.900053024291992,12.0,0.05556000396609306
2026-06-10 06:19:08+00:00,1.0,120.9000015258789,1.0,44.63524627685547,25.900056838989258,12.0,0.05556000396609306
2026-06-10 06:19:09+00:00,1.0,120.9000015258789,1.0,44.63524627685547,25.900056838989258,12.0,0.05556000396609306
2026-06-10 06:19:10+00:00,1.0,120.9000015258789,1.0,44.63524627685547,25.900056838989258,12.0,0.03148400038480759
2026-06-10 06:19:11+00:00,1.0,120.9000015258789,1.0,44.63524627685547,25.900056838989258,12.0,0.0425960049033165
2026-06-10 06:19:12+00:00,1.0,120.9000015258789,1.0,44.63524627685547,25.900056838989258,12.0,0.024075999855995178
2026-06-10 06:19:13+00:00,1.0,120.9000015258789,1.0,44.63524627685547,25.900056838989258,12.0,0.011111999861896038
2026-06-10 06:19:14+00:00,1.0,120.9000015258789,1.0,44.63524627685547,25.900056838989258,12.0,0.029632002115249634
2026-06-10 06:19:15+00:00,1.0,120.9000015258789,1.0,44.63524627685547,25.900056838989258,12.0,0.01666800118982792
2026-06-10 06:19:16+00:00,1.0,120.9000015258789,1.0,44.63524627685547,25.900056838989258,12.0,0.1463080197572708
2026-06-10 06:19:17+00:00,1.0,120.9000015258789,1.0,44.63524627685547,25.900056838989258,12.0,0.10186000913381577
2026-06-10 06:19:18+00:00,1.0,120.9000015258789,1.0,44.63524627685547,25.900056838989258,12.0,0.07037600129842758
2026-06-10 06:19:19+00:00,1.0,120.9000015258789,1.0,44.63524627685547,25.900056838989258,12.0,0.07037600129842758
2026-06-10 06:19:20+00:00,1.0,120.9000015258789,1.0,44.63524627685547,25.900056838989258,12.0,0.07222799956798553
2026-06-10 06:19:21+00:00,1.0,120.9000015258789,1.0,44.63524627685547,25.900056838989258,12.0,0.085192009806633
2026-06-10 06:19:22+00:00,1.0,120.9000015258789,1.0,44.63525390625,25.900056838989258,12.0,1.8260719776153564
2026-06-10 06:19:23+00:00,1.0,119.5999984741211,1.0,44.63525390625,25.900056838989258,12.0,0.8648840188980103
2026-06-10 06:19:24+00:00,1.0,119.5999984741211,1.0,44.63525390625,25.900056838989258,12.0,0.8648840188980103
2026-06-10 06:19:25+00:00,1.0,119.5,1.0,44.63525390625,25.900056838989258,12.0,0.01296399999409914
2026-06-10 06:19:26+00:00,1.0,119.5,1.0,44.63525390625,25.900056838989258,12.0,0.0018520001322031021
2026-06-10 06:19:27+00:00,1.0,2.0186419040815796e-39,1.0,44.63525390625,25.900056838989258,12.0,0.03704000264406204
2026-06-10 06:19:28+00:00,1.0,119.69999694824219,1.0,44.63525390625,25.900056838989258,12.0,0.01296399999409914
2026-06-10 06:19:29+00:00,1.0,119.69999694824219,1.0,44.63525390625,25.900056838989258,12.0,0.01296399999409914
2026-06-10 06:19:30+00:00,1.0,119.69999694824219,1.0,44.63525390625,25.900056838989258,12.0,0.07408000528812408
2026-06-10 06:19:31+00:00,1.0,119.69999694824219,1.0,44.63525390625,25.900056838989258,12.0,0.09074800461530685
2026-06-10 06:19:32+00:00,1.0,119.69999694824219,1.0,44.63525390625,25.900056838989258,12.0,0.02778000198304653
2026-06-10 06:19:33+00:00,1.0,119.5,1.0,44.63525390625,25.900053024291992,12.0,0.19631199538707733
2026-06-10 06:19:34+00:00,1.0,119.5,1.0,44.63525390625,25.900053024291992,12.0,0.19631199538707733
2026-06-10 06:19:35+00:00,1.0,119.5,1.0,44.63525390625,25.900056838989258,12.0,0.01296399999409914
2026-06-10 06:19:36+00:00,1.0,119.5,1.0,44.63525390625,25.900056838989258,12.0,0.0074080005288124084
2026-06-10 06:19:37+00:00,1.0,119.5999984741211,1.0,44.63525390625,25.900056838989258,12.0,0.022224001586437225
2026-06-10 06:19:38+00:00,1.0,119.5999984741211,1.0,44.63525390625,25.900056838989258,12.0,0.022224001586437225
2026-06-10 06:19:39+00:00,1.0,119.5999984741211,1.0,44.63525390625,25.900056838989258,12.0,0.022224001586437225
2026-06-10 06:19:40+00:00,1.0,119.5999984741211,1.0,44.63525390625,25.900056838989258,12.0,0.05370800569653511
2026-06-10 06:19:41+00:00,1.0,119.5999984741211,1.0,44.63525390625,25.900056838989258,12.0,0.05370800569653511
2026-06-10 06:19:42+00:00,1.0,119.5999984741211,1.0,44.63525390625,25.900056838989258,12.0,0.00926000066101551
2026-06-10 06:19:43+00:00,1.0,119.5999984741211,1.0,44.63525390625,25.900056838989258,12.0,0.00926000066101551
2026-06-10 06:19:44+00:00,1.0,119.5999984741211,1.0,44.63525390625,25.900056838989258,12.0,0.0463000051677227
2026-06-10 06:19:45+00:00,1.0,119.5999984741211,1.0,44.63525390625,25.900056838989258,12.0,0.01666800118982792
2026-06-10 06:19:46+00:00,1.0,119.5999984741211,1.0,44.63525390625,25.900056838989258,12.0,0.0037040002644062042
2026-06-10 06:19:47+00:00,1.0,119.5999984741211,1.0,44.63525390625,25.900056838989258,12.0,0.022224001586437225
2026-06-10 06:19:48+00:00,1.0,119.5999984741211,1.0,44.63524627685547,25.900056838989258,12.0,0.02778000198304653
2026-06-10 06:19:49+00:00,1.0,119.5999984741211,1.0,44.63524627685547,25.900056838989258,12.0,0.07593200355768204
2026-06-10 06:19:50+00:00,1.0,119.9000015258789,1.0,44.63524627685547,25.900056838989258,12.0,0.00926000066101551
2026-06-10 06:19:51+00:00,1.0,119.9000015258789,1.0,44.63524627685547,25.900056838989258,12.0,0.00926000066101551
2026-06-10 06:19:52+00:00,1.0,120.0,1.0,44.63524627685547,25.900056838989258,12.0,0.0425960049033165
2026-06-10 06:19:53+00:00,1.0,120.0,1.0,44.63524627685547,25.900056838989258,12.0,0.0425960049033165
2026-06-10 06:19:54+00:00,1.0,120.19999694824219,1.0,44.63524627685547,25.900056838989258,12.0,0.01666800118982792
2026-06-10 06:19:55+00:00,1.0,120.19999694824219,1.0,44.63524627685547,25.900056838989258,12.0,0.03704000264406204
2026-06-10 06:19:56+00:00,1.0,120.19999694824219,1.0,44.63524627685547,25.900056838989258,12.0,0.06111599877476692
2026-06-10 06:19:57+00:00,1.0,120.19999694824219,1.0,44.63524627685547,25.900060653686523,12.0,0.01852000132203102
2026-06-10 06:19:58+00:00,1.0,120.19999694824219,1.0,44.63524627685547,25.900060653686523,12.0,0.0463000051677227
2026-06-10 06:19:59+00:00,1.0,120.19999694824219,1.0,44.63524627685547,25.900056838989258,12.0,0.17594000697135925
2026-06-10 06:20:00+00:00,1.0,120.19999694824219,1.0,44.63524627685547,25.900056838989258,12.0,0.06852400302886963
2026-06-10 06:20:01+00:00,1.0,120.19999694824219,1.0,44.63524627685547,25.900056838989258,12.0,0.05185599997639656
2026-06-10 06:20:02+00:00,1.0,120.19999694824219,1.0,44.63524627685547,25.900056838989258,12.0,0.06111599877476692
2026-06-10 06:20:03+00:00,1.0,120.19999694824219,1.0,44.63524627685547,25.900056838989258,12.0,0.08704400062561035
2026-06-10 06:20:04+00:00,1.0,120.5999984741211,1.0,44.63524627685547,25.900056838989258,12.0,0.038892004638910294
2026-06-10 06:20:05+00:00,1.0,120.5999984741211,1.0,44.63524627685547,25.900056838989258,12.0,0.038892004638910294
2026-06-10 06:20:06+00:00,1.0,120.5999984741211,1.0,44.63524627685547,25.900060653686523,12.0,0.040744002908468246
2026-06-10 06:20:07+00:00,1.0,120.5999984741211,1.0,44.63524627685547,25.900060653686523,12.0,0.048151999711990356
2026-06-10 06:20:08+00:00,1.0,120.9000015258789,1.0,44.63524627685547,25.900060653686523,12.0,0.04444800317287445
2026-06-10 06:20:09+00:00,1.0,121.0,1.0,44.63524627685547,25.900060653686523,12.0,0.04444800317287445
2026-06-10 06:20:10+00:00,1.0,121.0,1.0,44.63524627685547,25.900060653686523,12.0,0.04444800317287445
2026-06-10 06:20:11+00:00,1.0,121.0,1.0,44.63524627685547,25.900060653686523,12.0,0.040744002908468246
2026-06-10 06:20:12+00:00,1.0,121.0,1.0,44.63524627685547,25.900060653686523,12.0,0.22224001586437225
2026-06-10 06:20:13+00:00,1.0,121.0,1.0,44.63524627685547,25.900060653686523,12.0,0.0425960049033165
2026-06-10 06:20:14+00:00,1.0,121.30000305175781,1.0,44.63524627685547,25.900060653686523,12.0,0.1426040083169937
2026-06-10 06:20:16+00:00,1.0,121.4000015258789,1.0,44.63524627685547,25.900060653686523,12.0,0.01296399999409914
2026-06-10 06:20:17+00:00,1.0,121.4000015258789,1.0,44.63524627685547,25.900060653686523,12.0,0.01296399999409914
2026-06-10 06:20:18+00:00,1.0,121.5,1.0,44.63524627685547,25.900056838989258,12.0,0.020372001454234123
2026-06-10 06:20:19+00:00,1.0,121.5,1.0,44.63524627685547,25.900056838989258,12.0,0.020372001454234123
2026-06-10 06:20:20+00:00,1.0,121.5999984741211,1.0,44.63524627685547,25.900056838989258,12.0,0.03148400038480759
2026-06-10 06:20:21+00:00,1.0,121.5999984741211,1.0,44.63524627685547,25.900056838989258,12.0,0.15001201629638672
2026-06-10 06:20:22+00:00,1.0,121.5999984741211,1.0,44.63524627685547,25.900056838989258,12.0,0.040744002908468246
2026-06-10 06:20:23+00:00,1.0,121.5999984741211,1.0,44.63524627685547,25.900056838989258,12.0,0.03333600237965584
2026-06-10 06:20:25+00:00,1.0,121.80000305175781,1.0,44.63524627685547,25.900056838989258,12.0,0.011111999861896038
2026-06-10 06:20:26+00:00,1.0,121.80000305175781,1.0,44.63524627685547,25.900056838989258,12.0,0.011111999861896038
2026-06-10 06:20:27+00:00,1.0,121.69999694824219,1.0,44.63524627685547,25.900056838989258,12.0,0.011111999861896038
2026-06-10 06:20:28+00:00,1.0,121.69999694824219,1.0,44.63524627685547,25.900056838989258,12.0,0.024075999855995178
2026-06-10 06:20:29+00:00,1.0,121.69999694824219,1.0,44.63524627685547,25.900056838989258,12.0,0.024075999855995178
2026-06-10 06:20:30+00:00,1.0,121.69999694824219,1.0,44.63524627685547,25.900056838989258,12.0,0.03333600237965584
2026-06-10 06:20:31+00:00,1.0,121.69999694824219,1.0,44.63524627685547,25.900056838989258,12.0,0.03333600237965584
2026-06-10 06:20:32+00:00,1.0,121.69999694824219,1.0,44.63524627685547,25.900056838989258,12.0,0.03333600237965584
2026-06-10 06:20:33+00:00,1.0,121.69999694824219,1.0,44.63524627685547,25.900056838989258,12.0,0.03518800064921379
2026-06-10 06:20:34+00:00,1.0,121.69999694824219,1.0,44.63524627685547,25.900056838989258,12.0,0.03518800064921379
2026-06-10 06:20:35+00:00,1.0,121.69999694824219,1.0,44.63524627685547,25.900056838989258,12.0,0.005555999930948019
2026-06-10 06:20:36+00:00,1.0,121.69999694824219,1.0,44.63524627685547,25.900056838989258,12.0,0.005555999930948019
2026-06-10 06:20:37+00:00,1.0,121.69999694824219,1.0,44.63524627685547,25.900056838989258,12.0,0.0425960049033165
2026-06-10 06:20:38+00:00,1.0,121.5999984741211,1.0,44.63524627685547,25.900056838989258,12.0,0.03704000264406204
2026-06-10 06:20:39+00:00,1.0,121.5,1.0,44.63524627685547,25.900056838989258,12.0,0.022224001586437225
2026-06-10 06:20:40+00:00,1.0,121.5999984741211,1.0,44.63524627685547,25.900056838989258,12.0,0.022224001586437225
2026-06-10 06:20:41+00:00,1.0,121.5999984741211,1.0,44.63524627685547,25.900056838989258,12.0,0.022224001586437225
2026-06-10 06:20:42+00:00,1.0,121.5999984741211,1.0,44.63524627685547,25.900056838989258,12.0,0.022224001586437225
2026-06-10 06:20:43+00:00,1.0,121.5999984741211,1.0,44.63524627685547,25.900056838989258,12.0,0.022224001586437225
2026-06-10 06:20:44+00:00,1.0,121.5999984741211,1.0,44.63524627685547,25.900056838989258,12.0,0.040744002908468246
2026-06-10 06:20:45+00:00,1.0,121.5999984741211,1.0,0.029631849378347397,121.5999984741211,12.0,0.029632002115249634
2026-06-10 06:20:46+00:00,1.0,121.0999984741211,1.0,44.63524627685547,1.9028356562630016e-38,12.0,0.2870599925518036
2026-06-10 06:20:47+00:00,1.0,121.0999984741211,1.0,44.63524627685547,25.900056838989258,12.0,0.0425960049033165
2026-06-10 06:20:48+00:00,1.0,121.0,1.0,44.63524627685547,25.900056838989258,12.0,0.01296399999409914
2026-06-10 06:20:49+00:00,1.0,121.0,1.0,44.63524627685547,25.900056838989258,12.0,0.01296399999409914
2026-06-10 06:20:50+00:00,1.0,121.0,1.0,44.63524627685547,25.900056838989258,12.0,0.05370800569653511
2026-06-10 06:20:51+00:00,1.0,121.0,1.0,44.63524627685547,25.900056838989258,12.0,0.05370800569653511
2026-06-10 06:20:52+00:00,1.0,121.0,1.0,44.63524627685547,25.900056838989258,12.0,0.05370800569653511
2026-06-10 06:20:53+00:00,1.0,121.0,1.0,44.63524627685547,25.900056838989258,12.0,0.020372001454234123
2026-06-10 06:20:54+00:00,1.0,120.9000015258789,1.0,44.63524627685547,25.900056838989258,12.0,0.0074080005288124084
2026-06-10 06:20:55+00:00,1.0,120.9000015258789,1.0,44.63524627685547,25.900056838989258,12.0,0.0074080005288124084
2026-06-10 06:20:56+00:00,1.0,120.9000015258789,1.0,44.63524627685547,25.900056838989258,12.0,0.0074080005288124084
2026-06-10 06:20:57+00:00,1.0,121.0,1.0,44.63524627685547,25.900056838989258,12.0,0.029632002115249634
2026-06-10 06:20:58+00:00,1.0,121.0,1.0,44.63524627685547,25.900056838989258,12.0,0.029632002115249634
2026-06-10 06:20:59+00:00,1.0,121.0,1.0,44.63523864746094,25.900056838989258,12.0,0.37410402297973633
2026-06-10 06:21:00+00:00,1.0,121.0999984741211,1.0,44.63523864746094,25.900056838989258,12.0,0.06481999903917313
2026-06-10 06:21:01+00:00,1.0,121.0999984741211,1.0,44.63523864746094,25.900056838989258,12.0,0.048151999711990356
2026-06-10 06:21:02+00:00,1.0,121.0999984741211,1.0,44.63523864746094,25.900056838989258,12.0,0.01666800118982792
2026-06-10 06:21:03+00:00,1.0,120.9000015258789,1.0,44.63523864746094,25.900056838989258,12.0,0.024075999855995178
2026-06-10 06:21:04+00:00,1.0,120.9000015258789,1.0,44.63523864746094,25.900056838989258,12.0,0.00926000066101551
2026-06-10 06:21:05+00:00,1.0,120.9000015258789,1.0,44.63523864746094,25.900056838989258,12.0,0.022224001586437225
2026-06-10 06:21:06+00:00,1.0,120.9000015258789,1.0,44.63523864746094,25.900056838989258,12.0,0.022224001586437225
2026-06-10 06:21:07+00:00,1.0,120.9000015258789,1.0,44.63523864746094,25.900056838989258,12.0,0.022224001586437225
2026-06-10 06:21:08+00:00,1.0,120.80000305175781,1.0,44.63523864746094,25.900056838989258,12.0,0.020372001454234123
2026-06-10 06:21:09+00:00,1.0,120.80000305175781,1.0,44.63523864746094,25.900056838989258,12.0,0.020372001454234123
2026-06-10 06:21:10+00:00,1.0,120.80000305175781,1.0,44.63523864746094,25.900056838989258,12.0,0.03148400038480759
2026-06-10 06:21:11+00:00,1.0,120.80000305175781,1.0,44.63523864746094,25.900056838989258,12.0,0.03518800064921379
2026-06-10 06:21:12+00:00,1.0,120.80000305175781,1.0,44.63523864746094,25.900056838989258,12.0,0.03518800064921379
2026-06-10 06:21:13+00:00,1.0,120.80000305175781,1.0,44.63523864746094,25.900056838989258,12.0,0.06296800076961517
2026-06-10 06:21:14+00:00,1.0,120.80000305175781,1.0,44.63523864746094,25.900056838989258,12.0,0.01296399999409914
2026-06-10 06:21:15+00:00,1.0,120.80000305175781,1.0,44.63523864746094,25.900056838989258,12.0,0.005555999930948019
2026-06-10 06:21:16+00:00,1.0,120.80000305175781,1.0,44.63523864746094,25.900056838989258,12.0,0.03704000264406204
2026-06-10 06:21:17+00:00,1.0,121.0,1.0,44.63523864746094,25.900056838989258,12.0,0.2629840075969696
2026-06-10 06:21:18+00:00,1.0,120.9000015258789,1.0,44.63523864746094,25.900056838989258,12.0,0.2629840075969696
2026-06-10 06:21:19+00:00,1.0,120.9000015258789,1.0,44.63523864746094,25.900056838989258,12.0,0.2629840075969696
2026-06-10 06:21:20+00:00,1.0,120.80000305175781,1.0,44.63523864746094,25.900056838989258,12.0,0.1389000117778778
2026-06-10 06:21:21+00:00,1.0,120.80000305175781,1.0,44.63523864746094,25.900056838989258,12.0,0.1389000117778778
2026-06-10 06:21:22+00:00,1.0,120.80000305175781,1.0,44.63523864746094,25.900056838989258,12.0,0.04444800317287445
2026-06-10 06:21:23+00:00,1.0,120.9000015258789,1.0,44.63523864746094,25.900056838989258,12.0,0.07593200355768204
2026-06-10 06:21:24+00:00,1.0,120.9000015258789,1.0,44.63523864746094,25.900056838989258,12.0,0.07593200355768204
2026-06-10 06:21:25+00:00,1.0,120.80000305175781,1.0,44.63523864746094,25.900056838989258,12.0,0.03704000264406204
2026-06-10 06:21:26+00:00,1.0,120.80000305175781,1.0,44.63523864746094,25.900056838989258,12.0,0.03704000264406204
2026-06-10 06:21:27+00:00,1.0,121.0,1.0,44.63523864746094,25.900056838989258,12.0,0.03704000264406204
2026-06-10 06:21:28+00:00,1.0,121.0,1.0,44.63523864746094,25.900056838989258,12.0,0.03704000264406204
2026-06-10 06:21:29+00:00,1.0,121.0999984741211,1.0,44.63523864746094,25.900056838989258,12.0,0.03704000264406204
2026-06-10 06:21:30+00:00,1.0,121.19999694824219,1.0,44.63523864746094,25.900056838989258,12.0,0.03704000264406204
2026-06-10 06:21:31+00:00,1.0,121.19999694824219,1.0,44.63523864746094,25.900053024291992,12.0,0.050004005432128906
2026-06-10 06:21:32+00:00,1.0,121.19999694824219,1.0,44.63523864746094,25.900053024291992,12.0,0.050004005432128906
2026-06-10 06:21:33+00:00,1.0,121.19999694824219,1.0,44.63523864746094,25.900053024291992,12.0,0.03518800064921379
2026-06-10 06:21:34+00:00,1.0,121.19999694824219,1.0,44.63523864746094,25.900053024291992,12.0,0.06111599877476692
2026-06-10 06:21:35+00:00,1.0,121.19999694824219,1.0,44.63523864746094,25.900053024291992,12.0,0.040744002908468246
2026-06-10 06:21:36+00:00,1.0,121.19999694824219,1.0,44.63523864746094,25.900053024291992,12.0,0.06852400302886963
2026-06-10 06:21:37+00:00,1.0,121.19999694824219,1.0,44.63523864746094,25.900053024291992,12.0,0.02592799998819828
2026-06-10 06:21:38+00:00,1.0,121.4000015258789,1.0,44.63523864746094,25.900053024291992,12.0,0.03704000264406204
2026-06-10 06:21:39+00:00,1.0,121.5,1.0,44.63523864746094,25.900049209594727,12.0,0.03704000264406204
2026-06-10 06:21:40+00:00,1.0,121.5,1.0,44.63523864746094,25.900049209594727,12.0,0.03704000264406204
2026-06-10 06:21:41+00:00,1.0,121.5,1.0,44.63523864746094,25.900049209594727,12.0,0.0018520001322031021
2026-06-10 06:21:42+00:00,1.0,121.5,1.0,44.63523864746094,25.900049209594727,12.0,0.03333600237965584
2026-06-10 06:21:43+00:00,1.0,121.5999984741211,1.0,44.63523864746094,25.900049209594727,12.0,0.01296399999409914
2026-06-10 06:21:44+00:00,1.0,121.5999984741211,1.0,44.63523864746094,25.900049209594727,12.0,0.01296399999409914
2026-06-10 06:21:45+00:00,1.0,121.5999984741211,1.0,44.63523864746094,25.900049209594727,12.0,0.029632002115249634
2026-06-10 06:21:46+00:00,1.0,121.69999694824219,1.0,44.63523864746094,25.900049209594727,12.0,0.022224001586437225
2026-06-10 06:21:47+00:00,1.0,121.69999694824219,1.0,44.63523864746094,25.900049209594727,12.0,0.022224001586437225
2026-06-10 06:21:48+00:00,1.0,121.80000305175781,1.0,44.63523864746094,25.900053024291992,12.0,0.022224001586437225
2026-06-10 06:21:49+00:00,1.0,121.9000015258789,1.0,44.63523864746094,25.900053024291992,12.0,0.022224001586437225
2026-06-10 06:21:50+00:00,1.0,121.9000015258789,1.0,44.63523864746094,25.900053024291992,12.0,0.022224001586437225
2026-06-10 06:21:51+00:00,1.0,122.0,1.0,44.63523864746094,25.900053024291992,12.0,0.02778000198304653
2026-06-10 06:21:52+00:00,1.0,122.0999984741211,1.0,44.63523864746094,25.900053024291992,12.0,0.07037600129842758
2026-06-10 06:21:53+00:00,1.0,2.0186334962907936e-39,1.0,44.63523864746094,25.900053024291992,12.0,-5.54578629901087e+37
2026-06-10 06:21:54+00:00,1.0,122.0999984741211,1.0,44.63523864746094,25.900053024291992,12.0,0.0425960049033165
2026-06-10 06:21:55+00:00,1.0,122.0999984741211,1.0,44.63523864746094,25.900053024291992,12.0,0.029632002115249634
2026-06-10 06:21:56+00:00,1.0,122.30000305175781,1.0,44.63523864746094,25.900053024291992,12.0,0.029632002115249634
2026-06-10 06:21:57+00:00,1.0,122.30000305175781,1.0,44.63523864746094,25.900053024291992,12.0,0.029632002115249634
2026-06-10 06:21:58+00:00,1.0,122.30000305175781,1.0,44.63523864746094,25.900053024291992,12.0,0.029632002115249634
2026-06-10 06:21:59+00:00,1.0,122.19999694824219,1.0,44.63523864746094,25.900053024291992,12.0,0.05185599997639656
2026-06-10 06:22:00+00:00,1.0,122.0999984741211,1.0,44.63523864746094,25.900053024291992,12.0,0.05185599997639656
2026-06-10 06:22:01+00:00,1.0,122.0999984741211,1.0,44.63523864746094,25.900053024291992,12.0,0.038892004638910294
2026-06-10 06:22:02+00:00,1.0,122.19999694824219,1.0,44.63523864746094,25.900053024291992,12.0,0.03148400038480759
2026-06-10 06:22:03+00:00,1.0,122.19999694824219,1.0,44.63523864746094,25.900053024291992,12.0,0.03148400038480759
2026-06-10 06:22:04+00:00,1.0,122.19999694824219,1.0,44.63523864746094,25.900053024291992,12.0,0.03148400038480759
2026-06-10 06:22:05+00:00,1.0,122.30000305175781,1.0,44.63523864746094,25.900049209594727,12.0,0.048151999711990356
2026-06-10 06:22:06+00:00,1.0,122.30000305175781,1.0,44.63523864746094,25.900049209594727,12.0,0.07222799956798553
2026-06-10 06:22:07+00:00,1.0,122.30000305175781,1.0,44.63523864746094,25.900053024291992,12.0,0.024075999855995178
2026-06-10 06:22:08+00:00,1.0,122.30000305175781,1.0,44.63523864746094,25.900053024291992,12.0,0.05185599997639656
2026-06-10 06:22:09+00:00,1.0,122.5,1.0,44.63523864746094,25.900053024291992,12.0,0.057412002235651016
2026-06-10 06:22:10+00:00,1.0,122.5,1.0,44.63523864746094,25.900053024291992,12.0,0.04444800317287445
2026-06-10 06:22:11+00:00,1.0,122.5999984741211,1.0,44.63523864746094,25.900053024291992,12.0,0.04444800317287445
2026-06-10 06:22:12+00:00,1.0,122.5999984741211,1.0,44.63523864746094,25.900053024291992,12.0,0.048151999711990356
2026-06-10 06:22:13+00:00,1.0,122.5999984741211,1.0,44.63523864746094,25.900053024291992,12.0,0.050004005432128906
2026-06-10 06:22:14+00:00,1.0,122.80000305175781,1.0,44.63523864746094,25.900053024291992,12.0,0.01852000132203102
2026-06-10 06:22:15+00:00,1.0,122.80000305175781,1.0,44.63523864746094,25.900053024291992,12.0,0.2555759847164154
2026-06-10 06:22:16+00:00,1.0,122.80000305175781,1.0,44.63523864746094,25.900053024291992,12.0,0.2555759847164154
2026-06-10 06:22:17+00:00,1.0,122.9000015258789,1.0,44.63523864746094,25.900053024291992,12.0,0.07593200355768204
2026-06-10 06:22:18+00:00,1.0,122.9000015258789,1.0,44.63523864746094,25.900053024291992,12.0,0.06111599877476692
2026-06-10 06:22:19+00:00,1.0,122.9000015258789,1.0,44.63523864746094,25.900053024291992,12.0,0.02778000198304653
2026-06-10 06:22:20+00:00,1.0,122.9000015258789,1.0,44.63523864746094,25.900053024291992,12.0,0.06481999903917313
2026-06-10 06:22:21+00:00,1.0,122.9000015258789,1.0,44.63523864746094,25.900053024291992,12.0,0.06481999903917313
2026-06-10 06:22:22+00:00,1.0,122.9000015258789,1.0,44.63523864746094,25.900053024291992,12.0,0.1814960092306137
2026-06-10 06:22:23+00:00,1.0,122.9000015258789,1.0,44.63523864746094,25.900053024291992,12.0,0.1814960092306137
2026-06-10 06:22:24+00:00,1.0,123.0999984741211,1.0,44.63523864746094,25.900053024291992,12.0,0.15742000937461853
2026-06-10 06:22:25+00:00,1.0,123.0999984741211,1.0,44.63523864746094,25.900053024291992,12.0,0.15742000937461853
2026-06-10 06:22:26+00:00,1.0,123.0999984741211,1.0,44.63523864746094,25.900053024291992,12.0,0.07222799956798553
2026-06-10 06:22:27+00:00,1.0,123.0999984741211,1.0,44.63523864746094,25.900053024291992,12.0,0.11112000793218613
2026-06-10 06:22:28+00:00,1.0,123.0,1.0,44.63523864746094,25.900053024291992,12.0,0.050004005432128906
2026-06-10 06:22:29+00:00,1.0,123.0,1.0,44.63523864746094,25.900053024291992,12.0,0.03704000264406204
2026-06-10 06:22:30+00:00,1.0,123.0,1.0,44.63523864746094,25.900053024291992,12.0,0.022224001586437225
2026-06-10 06:22:31+00:00,1.0,123.0,1.0,44.63523864746094,25.900053024291992,12.0,0.022224001586437225
2026-06-10 06:22:32+00:00,1.0,123.0,1.0,44.63523864746094,25.900053024291992,12.0,0.05556000396609306
2026-06-10 06:22:33+00:00,1.0,123.0,1.0,44.63523864746094,25.900049209594727,12.0,0.0463000051677227
2026-06-10 06:22:34+00:00,1.0,122.80000305175781,1.0,44.63523864746094,25.900049209594727,12.0,0.038892004638910294
2026-06-10 06:22:35+00:00,1.0,122.80000305175781,1.0,44.63523864746094,25.900049209594727,12.0,0.038892004638910294
2026-06-10 06:22:36+00:00,1.0,122.80000305175781,1.0,44.63523864746094,25.900049209594727,12.0,0.01666800118982792
2026-06-10 06:22:37+00:00,1.0,122.80000305175781,1.0,44.63523864746094,25.900049209594727,12.0,0.01666800118982792
2026-06-10 06:22:38+00:00,1.0,122.80000305175781,1.0,44.63523864746094,25.900049209594727,12.0,0.01666800118982792
2026-06-10 06:22:39+00:00,1.0,122.80000305175781,1.0,44.63523864746094,25.900049209594727,12.0,0.038892004638910294
2026-06-10 06:22:40+00:00,1.0,122.80000305175781,1.0,44.63523864746094,25.900049209594727,12.0,0.11297199875116348
2026-06-10 06:22:41+00:00,1.0,122.80000305175781,1.0,44.63523864746094,25.900049209594727,12.0,0.0425960049033165
2026-06-10 06:22:42+00:00,1.0,122.80000305175781,1.0,44.63523864746094,25.900049209594727,12.0,0.0425960049033165
2026-06-10 06:22:43+00:00,1.0,122.69999694824219,1.0,44.63523864746094,25.900049209594727,12.0,0.011111999861896038
2026-06-10 06:22:44+00:00,1.0,122.69999694824219,1.0,44.63523864746094,25.900049209594727,12.0,0.011111999861896038
2026-06-10 06:22:45+00:00,1.0,122.69999694824219,1.0,44.63523864746094,25.900049209594727,12.0,0.16482801735401154
2026-06-10 06:22:46+00:00,1.0,122.69999694824219,1.0,44.63523864746094,25.900049209594727,12.0,0.16482801735401154
2026-06-10 06:22:47+00:00,1.0,122.69999694824219,1.0,44.63523864746094,25.900049209594727,12.0,0.16482801735401154
2026-06-10 06:22:48+00:00,1.0,122.69999694824219,1.0,44.63523864746094,25.900049209594727,12.0,0.011111999861896038
2026-06-10 06:22:49+00:00,1.0,122.69999694824219,1.0,44.63523864746094,25.900049209594727,12.0,0.0018520001322031021
2026-06-10 06:22:50+00:00,1.0,122.69999694824219,1.0,44.63523864746094,25.900049209594727,12.0,0.01852000132203102
2026-06-10 06:22:51+00:00,1.0,122.69999694824219,1.0,44.63523864746094,25.900049209594727,12.0,0.01666800118982792
2026-06-10 06:22:52+00:00,1.0,122.69999694824219,1.0,44.63523864746094,25.900049209594727,12.0,0.03333600237965584
2026-06-10 06:22:53+00:00,1.0,122.69999694824219,1.0,44.63523864746094,25.900049209594727,12.0,0.02592799998819828
2026-06-10 06:22:54+00:00,1.0,122.9000015258789,1.0,44.63523864746094,25.900049209594727,12.0,0.06296800076961517
2026-06-10 06:22:55+00:00,1.0,122.9000015258789,1.0,44.63523864746094,25.900049209594727,12.0,0.03148400038480759
2026-06-10 06:22:56+00:00,1.0,122.9000015258789,1.0,44.63523864746094,25.900049209594727,12.0,0.03148400038480759
2026-06-10 06:22:57+00:00,1.0,122.9000015258789,1.0,44.63523864746094,25.900049209594727,12.0,0.0074080005288124084
2026-06-10 06:22:58+00:00,1.0,122.9000015258789,1.0,44.63523864746094,25.900049209594727,12.0,0.03333600237965584
2026-06-10 06:22:59+00:00,1.0,122.9000015258789,1.0,44.63523864746094,25.900049209594727,12.0,0.022224001586437225
2026-06-10 06:23:00+00:00,1.0,123.0,1.0,44.63523864746094,25.900049209594727,12.0,0.01296399999409914
2026-06-10 06:23:01+00:00,1.0,123.0,1.0,44.63523864746094,25.900049209594727,12.0,0.01296399999409914
2026-06-10 06:23:02+00:00,1.0,122.80000305175781,1.0,44.63523864746094,25.900049209594727,12.0,0.01296399999409914
2026-06-10 06:23:03+00:00,1.0,122.80000305175781,1.0,44.63523864746094,25.900049209594727,12.0,0.022224001586437225
2026-06-10 06:23:04+00:00,1.0,122.69999694824219,1.0,44.63523864746094,25.900049209594727,12.0,0.1240840032696724
2026-06-10 06:23:05+00:00,1.0,122.80000305175781,1.0,44.63523864746094,25.900049209594727,12.0,0.1240840032696724
2026-06-10 06:23:06+00:00,1.0,122.80000305175781,1.0,44.63523864746094,25.900049209594727,12.0,0.1426040083169937
2026-06-10 06:23:07+00:00,1.0,122.80000305175781,1.0,44.63523864746094,25.900049209594727,12.0,0.038892004638910294
2026-06-10 06:23:08+00:00,1.0,122.80000305175781,1.0,44.63523864746094,25.900049209594727,12.0,0.03704000264406204
2026-06-10 06:23:09+00:00,1.0,122.80000305175781,1.0,44.63523864746094,25.900049209594727,12.0,0.06481999903917313
2026-06-10 06:23:10+00:00,1.0,122.80000305175781,1.0,44.63523864746094,25.900049209594727,12.0,0.050004005432128906
2026-06-10 06:23:11+00:00,1.0,122.80000305175781,1.0,44.63523864746094,25.900049209594727,12.0,0.05926400423049927
2026-06-10 06:23:12+00:00,1.0,122.80000305175781,1.0,44.63523864746094,25.900049209594727,12.0,0.05926400423049927
2026-06-10 06:23:13+00:00,1.0,122.80000305175781,1.0,44.63523864746094,25.900049209594727,12.0,0.022224001586437225
2026-06-10 06:23:14+00:00,1.0,122.80000305175781,1.0,44.63523864746094,25.900049209594727,12.0,0.024075999855995178
2026-06-10 06:23:15+00:00,1.0,122.80000305175781,1.0,44.63523864746094,25.900049209594727,12.0,0.03704000264406204
2026-06-10 06:23:16+00:00,1.0,122.80000305175781,1.0,44.63523864746094,25.900049209594727,12.0,0.03704000264406204
2026-06-10 06:23:17+00:00,1.0,122.80000305175781,1.0,44.63523864746094,25.900049209594727,12.0,0.02592799998819828
2026-06-10 06:23:18+00:00,1.0,122.80000305175781,1.0,44.63523864746094,25.900049209594727,12.0,0.02592799998819828
2026-06-10 06:23:19+00:00,1.0,122.80000305175781,1.0,44.63523864746094,25.900049209594727,12.0,0.01666800118982792
2026-06-10 06:23:20+00:00,1.0,122.80000305175781,1.0,44.63523864746094,25.900049209594727,12.0,0.02592799998819828
2026-06-10 06:23:21+00:00,1.0,122.80000305175781,1.0,44.63523864746094,25.900049209594727,12.0,0.02592799998819828
2026-06-10 06:23:22+00:00,1.0,122.80000305175781,1.0,44.63523864746094,25.900049209594727,12.0,0.02592799998819828
2026-06-10 06:23:23+00:00,1.0,122.69999694824219,1.0,44.63523864746094,25.900049209594727,12.0,0.03704000264406204
2026-06-10 06:23:24+00:00,1.0,122.69999694824219,1.0,44.63523864746094,25.900049209594727,12.0,0.03704000264406204
2026-06-10 06:23:25+00:00,1.0,122.5,1.0,44.63523864746094,25.900049209594727,12.0,0.020372001454234123
2026-06-10 06:23:26+00:00,1.0,122.5,1.0,44.63523864746094,25.900049209594727,12.0,0.020372001454234123
2026-06-10 06:23:27+00:00,1.0,122.5,1.0,44.63523864746094,25.900049209594727,12.0,0.0425960049033165
2026-06-10 06:23:28+00:00,1.0,122.5,1.0,44.63523864746094,25.900049209594727,12.0,0.0425960049033165
2026-06-10 06:23:29+00:00,1.0,122.5,1.0,44.63523864746094,25.900049209594727,12.0,0.03704000264406204
2026-06-10 06:23:30+00:00,1.0,122.5,1.0,44.63523864746094,25.900049209594727,12.0,0.02592799998819828
2026-06-10 06:23:31+00:00,1.0,122.5,1.0,44.63523864746094,25.900049209594727,12.0,0.01852000132203102
2026-06-10 06:23:32+00:00,1.0,122.5,1.0,44.63523864746094,25.900049209594727,12.0,0.06852400302886963
2026-06-10 06:23:33+00:00,1.0,122.5,1.0,44.63523864746094,25.900049209594727,12.0,0.020372001454234123
2026-06-10 06:23:34+00:00,1.0,122.0999984741211,1.0,44.63523864746094,25.900049209594727,12.0,0.00926000066101551
2026-06-10 06:23:35+00:00,1.0,122.0999984741211,1.0,44.63523864746094,25.900049209594727,12.0,0.02778000198304653
2026-06-10 06:23:36+00:00,1.0,122.0999984741211,1.0,44.63523864746094,25.900049209594727,12.0,0.02778000198304653
2026-06-10 06:23:37+00:00,1.0,122.0999984741211,1.0,44.63523864746094,25.900049209594727,12.0,0.05370800569653511
2026-06-10 06:23:38+00:00,1.0,122.0999984741211,1.0,44.63523864746094,25.900049209594727,12.0,0.029632002115249634
2026-06-10 06:23:39+00:00,1.0,122.0999984741211,1.0,44.63523864746094,25.900049209594727,12.0,0.029632002115249634
2026-06-10 06:23:40+00:00,1.0,121.9000015258789,1.0,44.63523864746094,25.900049209594727,12.0,0.01666800118982792
2026-06-10 06:23:41+00:00,1.0,121.9000015258789,1.0,44.63523864746094,25.900049209594727,12.0,0.01852000132203102
2026-06-10 06:23:42+00:00,1.0,0.0,1.0,44.63523864746094,25.900049209594727,12.0,1.3932900436012007e-38
2026-06-10 06:23:43+00:00,1.0,121.9000015258789,1.0,44.63523864746094,25.900049209594727,12.0,0.01296399999409914
2026-06-10 06:23:44+00:00,1.0,121.9000015258789,1.0,44.63523864746094,25.900049209594727,12.0,0.01296399999409914
2026-06-10 06:23:45+00:00,1.0,121.9000015258789,1.0,44.63523864746094,25.900049209594727,12.0,0.10926800966262817
2026-06-10 06:23:46+00:00,1.0,121.9000015258789,1.0,44.63523864746094,25.900049209594727,12.0,0.10741601139307022
2026-06-10 06:23:47+00:00,1.0,121.80000305175781,1.0,44.63523864746094,25.900049209594727,12.0,0.038892004638910294
2026-06-10 06:23:48+00:00,1.0,121.80000305175781,1.0,44.63523864746094,25.900049209594727,12.0,0.19075599312782288
2026-06-10 06:23:49+00:00,1.0,121.9000015258789,1.0,44.63523864746094,25.900049209594727,12.0,0.15742000937461853
2026-06-10 06:23:50+00:00,1.0,121.9000015258789,1.0,44.63523864746094,25.900049209594727,12.0,0.0074080005288124084
2026-06-10 06:23:51+00:00,1.0,121.9000015258789,1.0,44.63523864746094,25.900049209594727,12.0,0.03704000264406204
2026-06-10 06:23:52+00:00,1.0,121.80000305175781,1.0,44.63523864746094,25.900049209594727,12.0,0.0425960049033165
2026-06-10 06:23:53+00:00,1.0,121.9000015258789,1.0,44.63523864746094,25.900049209594727,12.0,0.18334801495075226
2026-06-10 06:23:54+00:00,1.0,121.69999694824219,1.0,44.63523864746094,25.900049209594727,12.0,0.18334801495075226
2026-06-10 06:23:55+00:00,1.0,121.5999984741211,1.0,44.63523864746094,25.900049209594727,12.0,0.18334801495075226
2026-06-10 06:23:56+00:00,1.0,121.5,1.0,44.63523864746094,25.900049209594727,12.0,0.01852000132203102
2026-06-10 06:23:57+00:00,1.0,121.5,1.0,44.63523864746094,25.900049209594727,12.0,0.00926000066101551
2026-06-10 06:23:58+00:00,1.0,121.4000015258789,1.0,44.63523864746094,25.900049209594727,12.0,0.06667200475931168
2026-06-10 06:23:59+00:00,1.0,121.4000015258789,1.0,44.63523864746094,25.900049209594727,12.0,0.03148400038480759
2026-06-10 06:24:00+00:00,1.0,121.30000305175781,1.0,44.63523864746094,25.900049209594727,12.0,0.01296399999409914
2026-06-10 06:24:01+00:00,1.0,121.30000305175781,1.0,44.63523864746094,25.900049209594727,12.0,0.1240840032696724
2026-06-10 06:24:02+00:00,1.0,121.30000305175781,1.0,44.63523864746094,25.900049209594727,12.0,0.038892004638910294
2026-06-10 06:24:03+00:00,1.0,121.30000305175781,1.0,44.63523864746094,25.900049209594727,12.0,0.03518800064921379
2026-06-10 06:24:04+00:00,1.0,121.30000305175781,1.0,44.63523864746094,25.900049209594727,12.0,0.07963600009679794
2026-06-10 06:24:05+00:00,1.0,121.19999694824219,1.0,44.63523864746094,25.90004539489746,12.0,0.34262001514434814
2026-06-10 06:24:06+00:00,1.0,121.19999694824219,1.0,44.63523864746094,25.90004539489746,12.0,0.10741601139307022
2026-06-10 06:24:07+00:00,1.0,121.19999694824219,1.0,44.63524627685547,25.90004539489746,12.0,0.06667200475931168
2026-06-10 06:24:08+00:00,1.0,121.19999694824219,1.0,44.63524627685547,25.90004539489746,12.0,0.06667200475931168
2026-06-10 06:24:09+00:00,1.0,121.19999694824219,1.0,44.63524627685547,25.90004539489746,12.0,0.06667200475931168
2026-06-10 06:24:10+00:00,1.0,121.19999694824219,1.0,44.63524627685547,25.90004539489746,12.0,0.06667200475931168
2026-06-10 06:24:11+00:00,1.0,121.19999694824219,1.0,44.63524627685547,25.90004539489746,12.0,0.01666800118982792
2026-06-10 06:24:12+00:00,1.0,121.19999694824219,1.0,44.63524627685547,25.90004539489746,12.0,0.03704000264406204
2026-06-10 06:24:13+00:00,1.0,121.0999984741211,1.0,44.63524627685547,25.90004539489746,12.0,0.10371200740337372
2026-06-10 06:24:14+00:00,1.0,121.0999984741211,1.0,44.63524627685547,25.90004539489746,12.0,0.0463000051677227
2026-06-10 06:24:15+00:00,1.0,121.0,1.0,44.63524627685547,25.90004539489746,12.0,0.07778400927782059
2026-06-10 06:24:16+00:00,1.0,121.0,1.0,44.63524627685547,25.90004539489746,12.0,0.011111999861896038
2026-06-10 06:24:17+00:00,1.0,120.9000015258789,1.0,44.63524627685547,25.90004539489746,12.0,0.07037600129842758
2026-06-10 06:24:18+00:00,1.0,120.80000305175781,1.0,44.63524627685547,25.90004539489746,12.0,0.06667200475931168
2026-06-10 06:24:19+00:00,1.0,120.80000305175781,1.0,44.63524627685547,25.90004539489746,12.0,0.01296399999409914
2026-06-10 06:24:20+00:00,1.0,120.69999694824219,1.0,44.63524627685547,25.90004539489746,12.0,0.0425960049033165
2026-06-10 06:24:21+00:00,1.0,120.9000015258789,1.0,44.63524627685547,25.90004539489746,12.0,0.12038000673055649
2026-06-10 06:24:22+00:00,1.0,121.0,1.0,44.63524627685547,25.90004539489746,12.0,0.16853201389312744
2026-06-10 06:24:23+00:00,1.0,121.0,1.0,44.63524627685547,25.90004539489746,12.0,0.09815600514411926
2026-06-10 06:24:24+00:00,1.0,0.0,1.0,44.63524627685547,1.1038659989093995e-38,12.0,9.248569864543793e-44
2026-06-10 06:24:25+00:00,1.0,120.9000015258789,1.0,44.63524627685547,25.90004539489746,12.0,0.03704000264406204
2026-06-10 06:24:26+00:00,1.0,120.9000015258789,1.0,44.63524627685547,25.90004539489746,12.0,0.12593600153923035
2026-06-10 06:24:27+00:00,1.0,121.0,1.0,44.63524627685547,25.900049209594727,12.0,0.020372001454234123
2026-06-10 06:24:28+00:00,1.0,121.0,1.0,44.63524627685547,25.900049209594727,12.0,0.05556000396609306
2026-06-10 06:24:29+00:00,1.0,121.0,1.0,44.63524627685547,25.900049209594727,12.0,0.03518800064921379
2026-06-10 06:24:30+00:00,1.0,121.0,1.0,44.63524627685547,25.900049209594727,12.0,0.050004005432128906
2026-06-10 06:24:31+00:00,1.0,121.0,1.0,44.63524627685547,25.900049209594727,12.0,0.057412002235651016
2026-06-10 06:24:32+00:00,1.0,121.0,1.0,44.63524627685547,25.900049209594727,12.0,0.0425960049033165
2026-06-10 06:24:33+00:00,1.0,121.0,1.0,44.63524627685547,25.900049209594727,12.0,0.0425960049033165
2026-06-10 06:24:34+00:00,1.0,121.0,1.0,44.63524627685547,25.900049209594727,12.0,0.05926400423049927
2026-06-10 06:24:35+00:00,1.0,121.0,1.0,44.63524627685547,25.900049209594727,12.0,0.029632002115249634
2026-06-10 06:24:36+00:00,1.0,121.0,1.0,44.63524627685547,25.900049209594727,12.0,0.07408000528812408
2026-06-10 06:24:37+00:00,1.0,121.0,1.0,44.63524627685547,25.900049209594727,12.0,0.050004005432128906
2026-06-10 06:24:38+00:00,1.0,121.5,1.0,44.63524627685547,25.900049209594727,12.0,0.03518800064921379
2026-06-10 06:24:39+00:00,1.0,121.5,1.0,44.63524627685547,25.900049209594727,12.0,0.11297199875116348
2026-06-10 06:24:40+00:00,1.0,121.5,1.0,44.63524627685547,25.900049209594727,12.0,0.03148400038480759
2026-06-10 06:24:41+00:00,1.0,121.5999984741211,1.0,44.63524627685547,25.900049209594727,12.0,0.21112799644470215
2026-06-10 06:24:42+00:00,1.0,121.5999984741211,1.0,44.63524627685547,25.900049209594727,12.0,0.085192009806633
2026-06-10 06:24:43+00:00,1.0,121.5,1.0,44.63524627685547,25.900049209594727,12.0,0.1426040083169937
2026-06-10 06:24:44+00:00,1.0,121.4000015258789,1.0,44.63524627685547,25.900049209594727,12.0,0.1426040083169937
2026-06-10 06:24:45+00:00,1.0,121.4000015258789,1.0,44.63524627685547,25.900053024291992,12.0,0.00926000066101551
2026-06-10 06:24:46+00:00,1.0,121.4000015258789,1.0,44.63524627685547,25.900053024291992,12.0,0.00926000066101551
2026-06-10 06:24:47+00:00,1.0,121.4000015258789,1.0,44.63524627685547,25.900049209594727,12.0,0.00926000066101551
2026-06-10 06:24:48+00:00,1.0,121.4000015258789,1.0,44.63524627685547,25.900049209594727,12.0,0.01296399999409914
2026-06-10 06:24:49+00:00,1.0,121.4000015258789,1.0,44.63524627685547,25.900049209594727,12.0,0.01296399999409914
2026-06-10 06:24:50+00:00,1.0,121.5,1.0,44.63524627685547,25.900049209594727,12.0,0.020372001454234123
2026-06-10 06:24:51+00:00,1.0,121.5,1.0,44.63524627685547,25.900049209594727,12.0,0.08704400062561035
2026-06-10 06:24:52+00:00,1.0,121.5,1.0,44.63523864746094,25.900049209594727,12.0,0.08704400062561035
2026-06-10 06:24:54+00:00,1.0,121.5,1.0,44.63523864746094,25.900049209594727,12.0,0.05370800569653511
2026-06-10 06:24:55+00:00,1.0,121.5,1.0,44.63523864746094,25.900049209594727,12.0,0.05556000396609306
2026-06-10 06:24:56+00:00,1.0,121.9000015258789,1.0,44.63523864746094,25.900049209594727,12.0,0.04444800317287445
2026-06-10 06:24:57+00:00,1.0,121.9000015258789,1.0,44.63523864746094,25.900049209594727,12.0,0.04444800317287445
2026-06-10 06:24:58+00:00,1.0,121.9000015258789,1.0,44.63523864746094,25.900049209594727,12.0,0.05370800569653511
2026-06-10 06:24:59+00:00,1.0,121.9000015258789,1.0,44.63523864746094,25.900053024291992,12.0,0.07037600129842758
2026-06-10 06:25:00+00:00,1.0,122.0,1.0,44.63523864746094,25.900053024291992,12.0,0.01852000132203102
2026-06-10 06:25:01+00:00,1.0,122.0,1.0,44.63523864746094,25.900053024291992,12.0,0.06852400302886963
2026-06-10 06:25:02+00:00,1.0,122.0,1.0,44.63523864746094,25.900053024291992,12.0,0.09074800461530685
2026-06-10 06:25:03+00:00,1.0,122.0,1.0,44.63523864746094,25.900053024291992,12.0,0.03518800064921379
2026-06-10 06:25:04+00:00,1.0,122.0999984741211,1.0,44.63523864746094,25.900053024291992,12.0,0.01852000132203102
2026-06-10 06:25:05+00:00,1.0,122.0999984741211,1.0,44.63523864746094,25.900053024291992,12.0,0.03333600237965584
2026-06-10 06:25:06+00:00,1.0,122.0999984741211,1.0,44.63523864746094,25.900053024291992,12.0,0.03333600237965584
2026-06-10 06:25:07+00:00,1.0,122.0999984741211,1.0,44.63523864746094,25.900053024291992,12.0,0.0074080005288124084
2026-06-10 06:25:08+00:00,1.0,122.0999984741211,1.0,44.63523864746094,25.900053024291992,12.0,0.024075999855995178
2026-06-10 06:25:09+00:00,1.0,122.0999984741211,1.0,44.63523864746094,25.900053024291992,12.0,0.024075999855995178
2026-06-10 06:25:10+00:00,1.0,122.0999984741211,1.0,44.63523864746094,25.900053024291992,12.0,0.085192009806633
2026-06-10 06:25:11+00:00,1.0,122.0999984741211,1.0,44.63523864746094,25.900053024291992,12.0,0.085192009806633
2026-06-10 06:25:12+00:00,1.0,122.0999984741211,1.0,44.63523864746094,25.900056838989258,12.0,0.085192009806633
2026-06-10 06:25:13+00:00,1.0,122.0999984741211,1.0,44.63523864746094,25.900056838989258,12.0,0.085192009806633
2026-06-10 06:25:14+00:00,1.0,122.0,1.0,44.63523864746094,25.900056838989258,12.0,0.05370800569653511
2026-06-10 06:25:15+00:00,1.0,122.0,1.0,44.63523864746094,25.900056838989258,12.0,0.05370800569653511
2026-06-10 06:25:16+00:00,1.0,122.0,1.0,44.63523864746094,25.900056838989258,12.0,0.05370800569653511
2026-06-10 06:25:17+00:00,1.0,122.0,1.0,44.63523864746094,25.900056838989258,12.0,0.024075999855995178
2026-06-10 06:25:18+00:00,1.0,122.0,1.0,44.63523864746094,25.900056838989258,12.0,0.05185599997639656
2026-06-10 06:25:19+00:00,1.0,122.0,1.0,44.63523864746094,25.900056838989258,12.0,0.024075999855995178
2026-06-10 06:25:20+00:00,1.0,122.0,1.0,44.63523864746094,25.900056838989258,12.0,0.024075999855995178
2026-06-10 06:25:21+00:00,1.0,122.0,1.0,44.63523864746094,25.900056838989258,12.0,0.029632002115249634
2026-06-10 06:25:22+00:00,1.0,122.0,1.0,44.63523864746094,25.900056838989258,12.0,0.029632002115249634
2026-06-10 06:25:23+00:00,1.0,122.0,1.0,44.63523864746094,25.900056838989258,12.0,0.07037600129842758
2026-06-10 06:25:24+00:00,1.0,122.0,1.0,44.63523864746094,25.900056838989258,12.0,0.07037600129842758
2026-06-10 06:25:25+00:00,1.0,122.0,1.0,44.63523864746094,25.900056838989258,12.0,0.06296800076961517
2026-06-10 06:25:26+00:00,1.0,122.0,1.0,44.63523864746094,25.900056838989258,12.0,0.06296800076961517
2026-06-10 06:25:27+00:00,1.0,122.0,1.0,44.63523864746094,25.900056838989258,12.0,0.050004005432128906
2026-06-10 06:25:28+00:00,1.0,122.0,1.0,44.63523864746094,25.900056838989258,12.0,0.0425960049033165
2026-06-10 06:25:29+00:00,1.0,122.19999694824219,1.0,44.63523864746094,25.900056838989258,12.0,0.0425960049033165
2026-06-10 06:25:30+00:00,1.0,122.30000305175781,1.0,44.63523864746094,25.900056838989258,12.0,0.0425960049033165
2026-06-10 06:25:31+00:00,1.0,122.30000305175781,1.0,44.63523864746094,25.900056838989258,12.0,0.03333600237965584
2026-06-10 06:25:32+00:00,1.0,122.19999694824219,1.0,44.63523864746094,25.900056838989258,12.0,0.03518800064921379
2026-06-10 06:25:33+00:00,1.0,122.19999694824219,1.0,44.63523864746094,25.900056838989258,12.0,0.05370800569653511
2026-06-10 06:25:34+00:00,1.0,122.19999694824219,1.0,44.63523864746094,25.900056838989258,12.0,0.05370800569653511
2026-06-10 06:25:35+00:00,1.0,122.19999694824219,1.0,44.635231018066406,25.900056838989258,12.0,0.0074080005288124084
2026-06-10 06:25:36+00:00,1.0,122.19999694824219,1.0,44.635231018066406,25.900056838989258,12.0,0.0074080005288124084
2026-06-10 06:25:37+00:00,1.0,122.4000015258789,1.0,44.635231018066406,25.900056838989258,12.0,0.0074080005288124084
2026-06-10 06:25:38+00:00,1.0,122.4000015258789,1.0,44.635231018066406,25.900056838989258,12.0,0.01666800118982792
2026-06-10 06:25:39+00:00,1.0,122.5,1.0,44.635231018066406,25.900056838989258,12.0,0.03148400038480759
2026-06-10 06:25:40+00:00,1.0,122.5,1.0,44.635231018066406,25.900056838989258,12.0,0.03148400038480759
2026-06-10 06:25:41+00:00,1.0,122.5999984741211,1.0,44.635231018066406,25.900056838989258,12.0,0.014816001057624817
2026-06-10 06:25:42+00:00,1.0,122.5999984741211,1.0,44.635231018066406,25.900056838989258,12.0,0.12038000673055649
2026-06-10 06:25:43+00:00,1.0,122.69999694824219,1.0,44.635231018066406,25.900056838989258,12.0,0.03333600237965584
2026-06-10 06:25:44+00:00,1.0,122.69999694824219,1.0,44.635231018066406,25.900056838989258,12.0,0.03333600237965584
2026-06-10 06:25:45+00:00,1.0,122.69999694824219,1.0,44.635231018066406,25.900056838989258,12.0,0.03333600237965584
2026-06-10 06:25:46+00:00,1.0,122.80000305175781,1.0,44.635231018066406,25.900056838989258,12.0,0.06852400302886963
2026-06-10 06:25:47+00:00,1.0,122.80000305175781,1.0,44.635231018066406,25.900056838989258,12.0,0.01852000132203102
2026-06-10 06:25:48+00:00,1.0,123.0,1.0,44.635231018066406,25.900053024291992,12.0,0.014816001057624817
2026-06-10 06:25:49+00:00,1.0,123.0,1.0,44.635231018066406,25.900053024291992,12.0,0.07037600129842758
2026-06-10 06:25:50+00:00,1.0,123.0,1.0,44.635231018066406,25.900053024291992,12.0,0.07037600129842758
2026-06-10 06:25:51+00:00,1.0,123.0999984741211,1.0,44.635231018066406,25.900053024291992,12.0,0.07037600129842758
2026-06-10 06:25:52+00:00,1.0,123.0999984741211,1.0,44.635231018066406,25.900053024291992,12.0,0.07037600129842758
2026-06-10 06:25:53+00:00,1.0,123.0999984741211,1.0,44.635231018066406,25.900053024291992,12.0,0.07408000528812408
2026-06-10 06:25:54+00:00,1.0,123.0999984741211,1.0,44.635231018066406,25.900053024291992,12.0,0.07408000528812408
2026-06-10 06:25:55+00:00,1.0,123.0999984741211,1.0,44.635231018066406,25.900053024291992,12.0,0.048151999711990356
2026-06-10 06:25:56+00:00,1.0,123.0999984741211,1.0,44.635231018066406,25.900053024291992,12.0,0.18705201148986816
2026-06-10 06:25:57+00:00,1.0,123.0999984741211,1.0,44.635231018066406,25.900053024291992,12.0,0.18705201148986816
2026-06-10 06:25:58+00:00,1.0,123.19999694824219,1.0,44.63523864746094,25.900053024291992,12.0,0.18705201148986816
2026-06-10 06:25:59+00:00,1.0,123.19999694824219,1.0,44.63523864746094,25.900056838989258,12.0,0.18705201148986816
2026-06-10 06:26:00+00:00,1.0,123.19999694824219,1.0,44.63523864746094,25.900056838989258,12.0,0.18705201148986816
2026-06-10 06:28:34+00:00,1.0,122.5,1.0,44.63523864746094,25.900056838989258,12.0,0.11482400447130203
2026-06-10 06:28:35+00:00,1.0,122.69999694824219,1.0,44.63523864746094,25.900056838989258,12.0,0.0463000051677227
2026-06-10 06:28:36+00:00,1.0,122.80000305175781,1.0,44.63523864746094,25.900056838989258,12.0,1.0426760911941528
2026-06-10 06:28:37+00:00,1.0,122.5999984741211,1.0,44.63521957397461,25.899930953979492,12.0,6.532003879547119
2026-06-10 06:28:38+00:00,1.0,122.9000015258789,1.0,44.63524627685547,25.899873733520508,12.0,0.01666800118982792
2026-06-10 06:28:39+00:00,1.0,122.30000305175781,1.0,44.63524627685547,25.899873733520508,12.0,1.4204840660095215
2026-06-10 06:28:40+00:00,1.0,122.5999984741211,1.0,44.635231018066406,25.89990997314453,12.0,0.024075999855995178
2026-06-10 06:28:41+00:00,1.0,122.5999984741211,1.0,44.63523864746094,25.89990234375,12.0,2.45389986038208
2026-06-10 06:28:42+00:00,1.0,122.69999694824219,1.0,44.635311126708984,25.899934768676758,12.0,5.255975723266602
2026-06-10 06:28:43+00:00,1.0,122.9000015258789,1.0,44.63532638549805,25.899951934814453,12.0,0.040744002908468246
2026-06-10 06:28:44+00:00,1.0,122.9000015258789,1.0,44.63533401489258,25.899951934814453,12.0,0.05556000396609306
2026-06-10 06:28:45+00:00,1.0,123.19999694824219,1.0,44.63534164428711,25.89995574951172,12.0,0.1814960092306137
2026-06-10 06:28:46+00:00,1.0,124.4000015258789,1.0,44.63534164428711,25.89995574951172,12.0,0.03518800064921379
2026-06-10 06:28:47+00:00,1.0,124.5,1.0,44.635353088378906,25.89995574951172,12.0,0.08148800581693649
2026-06-10 06:28:48+00:00,1.0,125.19999694824219,1.0,44.63536071777344,25.899959564208984,12.0,0.085192009806633
2026-06-10 06:28:49+00:00,1.0,125.19999694824219,1.0,44.63536071777344,25.89995574951172,12.0,0.057412002235651016
2026-06-10 06:28:50+00:00,1.0,125.19999694824219,1.0,44.63536071777344,25.89995574951172,12.0,0.03518800064921379
2026-06-10 06:28:51+00:00,1.0,124.5999984741211,1.0,44.63536071777344,25.89995574951172,12.0,0.07408000528812408
2026-06-10 06:28:52+00:00,1.0,124.19999694824219,1.0,44.63536071777344,25.89995574951172,12.0,0.038892004638910294
2026-06-10 06:28:53+00:00,1.0,123.5,1.0,44.635353088378906,25.899951934814453,12.0,0.22224001586437225
2026-06-10 06:28:54+00:00,1.0,123.0999984741211,1.0,44.635353088378906,25.899951934814453,12.0,0.11667600274085999
2026-06-10 06:28:55+00:00,1.0,122.80000305175781,1.0,44.635353088378906,25.899951934814453,12.0,0.06852400302886963
2026-06-10 06:28:56+00:00,1.0,123.4000015258789,1.0,44.635353088378906,25.89996337890625,12.0,1.287140130996704
2026-06-10 06:28:57+00:00,1.0,123.4000015258789,1.0,44.63536834716797,25.899999618530273,12.0,1.2093560695648193
2026-06-10 06:28:58+00:00,1.0,123.4000015258789,1.0,44.63536834716797,25.899999618530273,12.0,1.2093560695648193
2026-06-10 06:28:59+00:00,1.0,123.4000015258789,1.0,44.6353759765625,25.9000244140625,12.0,4.768899917602539
2026-06-10 06:29:00+00:00,1.0,123.4000015258789,1.0,44.6353759765625,25.900041580200195,12.0,4.639260292053223
2026-06-10 06:29:01+00:00,1.0,123.4000015258789,1.0,44.6353759765625,25.900053024291992,12.0,3.794748067855835
2026-06-10 06:29:02+00:00,1.0,123.19999694824219,1.0,44.6353759765625,25.90006446838379,12.0,4.170704364776611
2026-06-10 06:29:03+00:00,1.0,15.566343307495117,1.0,44.6353759765625,25.900081634521484,12.0,16.682817459106445
2026-06-10 06:29:04+00:00,1.0,123.0999984741211,1.0,44.6353759765625,25.900089263916016,12.0,4.170704364776611
2026-06-10 06:29:05+00:00,1.0,123.0999984741211,1.0,44.6353759765625,25.900110244750977,12.0,4.433687686920166
2026-06-10 06:29:06+00:00,1.0,123.0999984741211,1.0,44.63536834716797,25.90012550354004,12.0,5.254123687744141
2026-06-10 06:29:07+00:00,1.0,123.0999984741211,1.0,44.63536834716797,25.900146484375,12.0,6.231979846954346
2026-06-10 06:29:08+00:00,1.0,123.0999984741211,1.0,44.63536834716797,25.90016746520996,12.0,6.231979846954346
2026-06-10 06:29:09+00:00,1.0,123.0999984741211,1.0,44.63536834716797,25.900190353393555,12.0,6.741279602050781
2026-06-10 06:29:10+00:00,1.0,123.0999984741211,1.0,44.6353759765625,25.90021514892578,12.0,6.502371788024902
2026-06-10 06:29:11+00:00,1.0,123.0999984741211,1.0,44.6353759765625,25.900236129760742,12.0,6.304208278656006
2026-06-10 06:29:12+00:00,1.0,-0.11652707308530807,1.0,44.6353759765625,25.900257110595703,12.0,5.961588382720947
2026-06-10 06:29:13+00:00,1.0,123.0999984741211,1.0,44.6353759765625,25.900279998779297,12.0,5.970848083496094
2026-06-10 06:29:14+00:00,1.0,123.0999984741211,1.0,44.63538360595703,25.900300979614258,12.0,5.787499904632568
2026-06-10 06:29:15+00:00,1.0,123.0999984741211,1.0,44.63538360595703,25.900318145751953,12.0,3.9447598457336426
2026-06-10 06:29:16+00:00,1.0,123.0999984741211,1.0,44.63538360595703,25.90032196044922,12.0,0.057412002235651016
2026-06-10 06:29:17+00:00,1.0,123.30000305175781,1.0,44.63538360595703,25.90032196044922,12.0,0.03148400038480759
2026-06-10 06:29:18+00:00,1.0,123.30000305175781,1.0,44.63538360595703,25.90032196044922,12.0,0.03148400038480759
2026-06-10 06:29:22+00:00,1.0,123.4000015258789,1.0,44.63538360595703,25.90032196044922,12.0,0.02778000198304653
2026-06-10 06:29:23+00:00,1.0,123.4000015258789,1.0,44.63538360595703,25.90032196044922,12.0,0.02778000198304653
2026-06-10 06:29:24+00:00,1.0,123.4000015258789,1.0,44.63538360595703,25.90032196044922,12.0,0.038892004638910294
2026-06-10 06:29:25+00:00,1.0,123.4000015258789,1.0,44.63538360595703,25.90032196044922,12.0,0.038892004638910294
2026-06-10 06:29:26+00:00,1.0,123.4000015258789,1.0,44.63538360595703,25.90032196044922,12.0,0.038892004638910294
2026-06-10 06:29:27+00:00,1.0,123.5,1.0,44.63538360595703,25.90032196044922,12.0,0.038892004638910294
2026-06-10 06:29:28+00:00,1.0,123.5,1.0,44.63538360595703,25.90032196044922,12.0,0.038892004638910294
2026-06-10 06:29:29+00:00,1.0,123.5,1.0,44.63538360595703,25.90032196044922,12.0,0.024075999855995178
2026-06-10 06:29:30+00:00,1.0,123.5,1.0,44.63538360595703,25.90032196044922,12.0,0.024075999855995178
2026-06-10 06:29:31+00:00,1.0,123.5,1.0,44.6353759765625,25.90032196044922,12.0,0.03704000264406204
2026-06-10 06:29:32+00:00,1.0,123.5,1.0,44.6353759765625,25.90032196044922,12.0,0.02592799998819828
2026-06-10 06:29:33+00:00,1.0,123.5,1.0,44.6353759765625,25.90032196044922,12.0,0.040744002908468246
2026-06-10 06:29:34+00:00,1.0,123.5,1.0,44.6353759765625,25.90032196044922,12.0,0.05185599997639656
2026-06-10 06:29:35+00:00,1.0,123.69999694824219,1.0,44.6353759765625,25.90032196044922,12.0,0.038892004638910294
2026-06-10 06:29:36+00:00,1.0,123.69999694824219,1.0,44.6353759765625,25.90032196044922,12.0,0.038892004638910294
2026-06-10 06:29:37+00:00,1.0,123.69999694824219,1.0,44.6353759765625,25.900318145751953,12.0,0.07037600129842758
2026-06-10 06:29:38+00:00,1.0,123.69999694824219,1.0,44.6353759765625,25.900318145751953,12.0,0.057412002235651016
2026-06-10 06:29:39+00:00,1.0,123.69999694824219,1.0,44.6353759765625,25.900318145751953,12.0,0.02778000198304653
2026-06-10 06:29:41+00:00,1.0,123.5,1.0,44.6353759765625,25.900318145751953,12.0,0.0425960049033165
2026-06-10 06:29:42+00:00,1.0,123.4000015258789,1.0,44.6353759765625,25.900318145751953,12.0,0.0425960049033165
2026-06-10 06:29:43+00:00,1.0,123.4000015258789,1.0,44.6353759765625,25.900318145751953,12.0,0.0425960049033165
2026-06-10 06:29:44+00:00,1.0,123.30000305175781,1.0,44.6353759765625,25.900318145751953,12.0,0.024075999855995178
2026-06-10 06:29:45+00:00,1.0,123.4000015258789,1.0,44.6353759765625,25.900318145751953,12.0,0.024075999855995178
2026-06-10 06:29:46+00:00,1.0,123.4000015258789,1.0,44.6353759765625,25.900318145751953,12.0,0.024075999855995178
2026-06-10 06:29:47+00:00,1.0,123.4000015258789,1.0,44.6353759765625,25.900318145751953,12.0,0.03148400038480759
2026-06-10 06:29:48+00:00,1.0,123.4000015258789,1.0,44.6353759765625,25.900318145751953,12.0,0.05556000396609306
2026-06-10 06:29:49+00:00,1.0,123.4000015258789,1.0,44.6353759765625,25.900318145751953,12.0,0.07408000528812408
2026-06-10 06:29:50+00:00,1.0,123.4000015258789,1.0,44.6353759765625,25.900312423706055,12.0,0.057412002235651016
2026-06-10 06:29:51+00:00,1.0,123.30000305175781,1.0,44.6353759765625,25.900312423706055,12.0,0.005555999930948019
2026-06-10 06:29:52+00:00,1.0,123.19999694824219,1.0,44.6353759765625,25.900312423706055,12.0,0.01852000132203102
2026-06-10 06:29:53+00:00,1.0,123.19999694824219,1.0,44.6353759765625,25.900312423706055,12.0,0.01852000132203102
2026-06-10 06:29:54+00:00,1.0,123.0999984741211,1.0,44.6353759765625,25.900312423706055,12.0,0.09445200860500336
2026-06-10 06:29:55+00:00,1.0,123.19999694824219,1.0,44.6353759765625,25.900312423706055,12.0,0.09630400687456131
2026-06-10 06:29:56+00:00,1.0,123.19999694824219,1.0,44.6353759765625,25.900312423706055,12.0,0.1426040083169937
2026-06-10 06:29:57+00:00,1.0,123.4000015258789,1.0,44.6353759765625,25.90030860900879,12.0,0.1426040083169937
2026-06-10 06:29:58+00:00,1.0,123.4000015258789,1.0,44.6353759765625,25.90030860900879,12.0,0.1426040083169937
2026-06-10 06:29:59+00:00,1.0,123.4000015258789,1.0,44.6353759765625,25.90030860900879,12.0,0.1426040083169937
2026-06-10 06:30:00+00:00,1.0,123.4000015258789,1.0,44.6353759765625,25.900304794311523,12.0,0.07963600009679794
2026-06-10 06:30:01+00:00,1.0,123.4000015258789,1.0,44.6353759765625,25.900304794311523,12.0,0.011111999861896038
2026-06-10 06:30:02+00:00,1.0,123.4000015258789,1.0,44.6353759765625,25.900304794311523,12.0,0.02592799998819828
2026-06-10 06:30:03+00:00,1.0,122.4000015258789,1.0,44.6353759765625,25.900304794311523,12.0,0.024075999855995178
2026-06-10 06:30:04+00:00,1.0,122.4000015258789,1.0,44.6353759765625,25.900304794311523,12.0,0.0425960049033165
2026-06-10 06:30:05+00:00,1.0,122.19999694824219,1.0,44.6353759765625,25.900300979614258,12.0,0.024075999855995178
2026-06-10 06:30:06+00:00,1.0,122.0999984741211,1.0,44.6353759765625,25.900300979614258,12.0,0.024075999855995178
2026-06-10 06:30:07+00:00,1.0,122.0,1.0,44.6353759765625,25.900300979614258,12.0,0.03704000264406204
2026-06-10 06:30:08+00:00,1.0,122.0,1.0,44.6353759765625,25.900300979614258,12.0,0.03704000264406204
2026-06-10 06:30:09+00:00,1.0,121.9000015258789,1.0,44.6353759765625,25.900300979614258,12.0,0.03704000264406204
2026-06-10 06:30:10+00:00,1.0,121.9000015258789,1.0,44.6353759765625,25.900300979614258,12.0,0.03704000264406204
2026-06-10 06:30:11+00:00,1.0,121.9000015258789,1.0,44.6353759765625,25.900300979614258,12.0,0.03704000264406204
2026-06-10 06:30:12+00:00,1.0,121.9000015258789,1.0,44.6353759765625,25.900300979614258,12.0,0.2129800021648407
2026-06-10 06:30:13+00:00,1.0,121.9000015258789,1.0,44.6353759765625,25.900300979614258,12.0,0.19631199538707733
2026-06-10 06:30:14+00:00,1.0,121.9000015258789,1.0,44.6353759765625,25.900300979614258,12.0,0.1240840032696724
2026-06-10 06:30:15+00:00,1.0,122.0,1.0,44.6353759765625,25.900300979614258,12.0,0.1240840032696724
2026-06-10 06:30:16+00:00,1.0,122.0,1.0,44.6353759765625,25.900300979614258,12.0,0.0425960049033165
2026-06-10 06:30:17+00:00,1.0,121.9000015258789,1.0,44.6353759765625,25.900304794311523,12.0,0.0425960049033165
2026-06-10 06:30:18+00:00,1.0,121.9000015258789,1.0,44.6353759765625,25.900304794311523,12.0,0.0425960049033165
2026-06-10 06:30:19+00:00,1.0,121.9000015258789,1.0,44.6353759765625,25.900304794311523,12.0,0.41669997572898865
2026-06-10 06:30:20+00:00,1.0,121.9000015258789,1.0,44.6353759765625,25.900304794311523,12.0,0.3481760025024414
2026-06-10 06:30:21+00:00,1.0,121.69999694824219,1.0,44.6353759765625,25.900304794311523,12.0,0.3481760025024414
2026-06-10 06:30:22+00:00,1.0,121.69999694824219,1.0,44.6353759765625,25.900304794311523,12.0,0.04444800317287445
2026-06-10 06:30:23+00:00,1.0,121.69999694824219,1.0,44.6353759765625,25.900304794311523,12.0,0.011111999861896038
2026-06-10 06:30:24+00:00,1.0,121.4000015258789,1.0,44.6353759765625,25.90030860900879,12.0,0.02592799998819828
2026-06-10 06:30:25+00:00,1.0,121.4000015258789,1.0,44.6353759765625,25.90030860900879,12.0,0.048151999711990356
2026-06-10 06:30:26+00:00,1.0,121.4000015258789,1.0,44.6353759765625,2.018583049546078e-39,12.0,0.048151999711990356
2026-06-10 06:30:27+00:00,1.0,121.4000015258789,1.0,44.6353759765625,25.90030860900879,12.0,0.048151999711990356
2026-06-10 06:30:28+00:00,1.0,121.4000015258789,1.0,44.6353759765625,25.90030860900879,12.0,0.1814960092306137
2026-06-10 06:30:29+00:00,1.0,121.4000015258789,1.0,44.6353759765625,25.90030860900879,12.0,0.1814960092306137
2026-06-10 06:30:30+00:00,1.0,121.4000015258789,1.0,44.6353759765625,25.900312423706055,12.0,0.0037040002644062042
2026-06-10 06:30:31+00:00,1.0,121.4000015258789,1.0,44.6353759765625,25.900312423706055,12.0,0.0037040002644062042
2026-06-10 06:30:32+00:00,1.0,121.4000015258789,1.0,44.6353759765625,25.900304794311523,12.0,1.7131000757217407
2026-06-10 06:30:33+00:00,1.0,121.4000015258789,1.0,44.6353759765625,25.900304794311523,12.0,1.7131000757217407
2026-06-10 06:30:34+00:00,1.0,121.4000015258789,1.0,44.6353759765625,25.900293350219727,12.0,2.5816879272460938
2026-06-10 06:30:35+00:00,1.0,121.4000015258789,1.0,44.6353759765625,25.900285720825195,12.0,2.83541202545166
2026-06-10 06:30:36+00:00,1.0,121.4000015258789,1.0,44.6353759765625,25.900285720825195,12.0,2.83541202545166
2026-06-10 06:30:37+00:00,1.0,121.4000015258789,1.0,44.63536834716797,25.90026092529297,12.0,2.93912410736084
2026-06-10 06:30:38+00:00,1.0,121.4000015258789,1.0,44.63536834716797,25.90024757385254,12.0,3.2539639472961426
2026-06-10 06:30:39+00:00,1.0,121.9000015258789,1.0,44.63536834716797,25.900239944458008,12.0,3.722519874572754
2026-06-10 06:30:40+00:00,1.0,121.9000015258789,1.0,44.63536071777344,25.900224685668945,12.0,3.722519874572754
2026-06-10 06:30:41+00:00,1.0,121.9000015258789,1.0,44.63536071777344,25.900211334228516,12.0,3.722519874572754
2026-06-10 06:30:42+00:00,1.0,121.9000015258789,1.0,44.63536071777344,25.900196075439453,12.0,4.683708190917969
2026-06-10 06:30:43+00:00,1.0,122.0,1.0,44.635353088378906,25.900178909301758,12.0,5.402284145355225
2026-06-10 06:30:44+00:00,1.0,122.0,1.0,44.635353088378906,25.900163650512695,12.0,5.159671783447266
2026-06-10 06:30:45+00:00,1.0,122.0,1.0,44.63534164428711,25.900146484375,12.0,4.883723735809326
2026-06-10 06:30:46+00:00,1.0,122.0,1.0,44.63534164428711,25.900135040283203,12.0,4.1818156242370605
2026-06-10 06:30:47+00:00,1.0,122.0,1.0,44.63533401489258,25.90012550354004,12.0,2.981719970703125
2026-06-10 06:30:48+00:00,1.0,122.19999694824219,1.0,44.635318756103516,25.900117874145508,12.0,2.911344051361084
2026-06-10 06:30:49+00:00,1.0,122.19999694824219,1.0,44.635318756103516,25.900117874145508,12.0,2.911344051361084
2026-06-10 06:30:50+00:00,1.0,122.30000305175781,1.0,44.635311126708984,25.900102615356445,12.0,2.911344051361084
2026-06-10 06:30:51+00:00,1.0,122.19999694824219,1.0,44.635311126708984,25.90009307861328,12.0,2.9946839809417725
2026-06-10 06:30:52+00:00,1.0,122.19999694824219,1.0,44.63530349731445,25.900089263916016,12.0,3.003943920135498
2026-06-10 06:30:53+00:00,1.0,122.19999694824219,1.0,44.63529586791992,25.90008544921875,12.0,2.8020761013031006
2026-06-10 06:30:54+00:00,1.0,122.19999694824219,1.0,44.63528823852539,25.90008544921875,12.0,1.1556479930877686
2026-06-10 06:30:55+00:00,1.0,122.19999694824219,1.0,44.63528823852539,25.90008544921875,12.0,0.022224001586437225
2026-06-10 06:30:56+00:00,1.0,122.19999694824219,1.0,44.63528823852539,25.900089263916016,12.0,0.029632002115249634
2026-06-10 06:30:57+00:00,1.0,122.19999694824219,1.0,44.63528823852539,25.900089263916016,12.0,0.03148400038480759
2026-06-10 06:30:58+00:00,1.0,122.19999694824219,1.0,44.63529586791992,25.900089263916016,12.0,1.5316040515899658
2026-06-10 06:30:59+00:00,1.0,122.19999694824219,1.0,44.63530349731445,25.90008544921875,12.0,3.3261921405792236
2026-06-10 06:31:00+00:00,1.0,122.19999694824219,1.0,44.635311126708984,25.900081634521484,12.0,5.387468338012695
2026-06-10 06:31:01+00:00,1.0,122.19999694824219,1.0,44.635318756103516,25.90006446838379,12.0,7.126495838165283
2026-06-10 06:31:03+00:00,1.0,127.0999984741211,1.0,44.63532638549805,25.900035858154297,12.0,9.128507614135742
2026-06-10 06:31:04+00:00,1.0,127.0999984741211,1.0,44.63532638549805,25.900035858154297,12.0,10.469355583190918
2026-06-10 06:31:05+00:00,1.0,122.9000015258789,1.0,44.635318756103516,25.89994239807129,12.0,10.469355583190918
2026-06-10 06:31:06+00:00,1.0,123.30000305175781,1.0,44.635311126708984,25.899885177612305,12.0,10.469355583190918
2026-06-10 06:31:07+00:00,1.0,123.30000305175781,1.0,44.63530349731445,25.89983367919922,12.0,15.97535228729248
2026-06-10 06:31:08+00:00,1.0,123.0999984741211,1.0,44.63529586791992,25.8997802734375,12.0,15.97535228729248
2026-06-10 06:31:09+00:00,1.0,7.146622168056567e-44,1.0,44.63529586791992,25.8997802734375,12.0,15.97535228729248
2026-06-10 06:31:10+00:00,1.0,123.0999984741211,1.0,44.63525390625,25.89965057373047,12.0,22.018428802490234
2026-06-10 06:31:11+00:00,1.0,122.80000305175781,1.0,44.63525390625,25.899564743041992,12.0,24.598262786865234
2026-06-10 06:31:12+00:00,1.0,122.80000305175781,1.0,44.63525390625,25.899564743041992,12.0,24.598262786865234
2026-06-10 06:31:13+00:00,1.0,122.80000305175781,1.0,44.63525390625,25.899564743041992,12.0,24.598262786865234
2026-06-10 06:31:14+00:00,1.0,122.80000305175781,1.0,44.63523864746094,25.8992919921875,12.0,28.000389099121094
2026-06-10 06:31:15+00:00,1.0,122.80000305175781,1.0,44.63523864746094,25.8992919921875,12.0,28.000389099121094
2026-06-10 06:31:16+00:00,1.0,122.80000305175781,1.0,44.63523864746094,25.899080276489258,12.0,30.191303253173828
2026-06-10 06:31:17+00:00,1.0,122.80000305175781,1.0,44.63523864746094,25.898975372314453,12.0,30.191303253173828
2026-06-10 06:31:18+00:00,1.0,122.5999984741211,1.0,44.63523864746094,25.89886474609375,12.0,31.50992774963379
2026-06-10 06:31:25+00:00,1.0,121.9000015258789,1.0,44.635189056396484,25.89813232421875,12.0,28.881940841674805
2026-06-10 06:31:26+00:00,1.0,121.9000015258789,1.0,44.635189056396484,25.89813232421875,12.0,28.881940841674805
2026-06-10 06:31:27+00:00,1.0,121.9000015258789,1.0,44.63518142700195,25.897960662841797,12.0,20.784996032714844
2026-06-10 06:31:28+00:00,1.0,0.0,1.0,44.63518142700195,25.89788818359375,12.0,9.221104414643026e-41
2026-06-10 06:31:29+00:00,1.0,121.9000015258789,1.0,44.63520431518555,25.8978271484375,12.0,20.37755584716797
2026-06-10 06:31:30+00:00,1.0,121.9000015258789,1.0,44.63524627685547,25.897790908813477,12.0,20.186800003051758
2026-06-10 06:31:31+00:00,1.0,121.9000015258789,1.0,44.63529586791992,25.897798538208008,12.0,20.772031784057617
2026-06-10 06:31:32+00:00,1.0,121.9000015258789,1.0,44.63533401489258,25.89784812927246,12.0,20.772031784057617
2026-06-10 06:31:33+00:00,1.0,121.9000015258789,1.0,44.63534164428711,25.897920608520508,12.0,22.412904739379883
2026-06-10 06:31:34+00:00,1.0,122.19999694824219,1.0,44.635311126708984,25.897998809814453,12.0,24.77605628967285
2026-06-10 06:31:35+00:00,1.0,122.19999694824219,1.0,44.635276794433594,25.898075103759766,12.0,24.77605628967285
2026-06-10 06:31:36+00:00,1.0,122.19999694824219,1.0,44.635276794433594,25.898075103759766,12.0,24.77605628967285
2026-06-10 06:31:37+00:00,1.0,122.19999694824219,1.0,44.63524627685547,25.898258209228516,12.0,27.1781005859375
2026-06-10 06:31:38+00:00,1.0,122.19999694824219,1.0,44.63523864746094,25.898347854614258,12.0,27.018827438354492
2026-06-10 06:31:39+00:00,1.0,122.19999694824219,1.0,44.63523864746094,25.89844512939453,12.0,26.709543228149414
2026-06-10 06:31:40+00:00,1.0,122.19999694824219,1.0,44.63523864746094,25.898534774780273,12.0,26.56879234313965
2026-06-10 06:31:41+00:00,1.0,122.19999694824219,1.0,44.63523864746094,25.898632049560547,12.0,27.355892181396484
2026-06-10 06:31:42+00:00,1.0,122.19999694824219,1.0,44.63523864746094,25.898632049560547,12.0,27.355892181396484
2026-06-10 06:31:43+00:00,1.0,122.19999694824219,1.0,44.63524627685547,25.898839950561523,12.0,29.65052032470703
2026-06-10 06:31:44+00:00,1.0,122.19999694824219,1.0,44.63524627685547,25.898942947387695,12.0,29.428279876708984
2026-06-10 06:31:45+00:00,1.0,122.19999694824219,1.0,44.63524627685547,25.898942947387695,12.0,29.428279876708984
2026-06-10 06:31:46+00:00,1.0,122.19999694824219,1.0,44.63525390625,25.899158477783203,12.0,31.476593017578125
2026-06-10 06:31:47+00:00,1.0,122.19999694824219,1.0,44.63526153564453,25.899267196655273,12.0,31.311763763427734
2026-06-10 06:31:48+00:00,1.0,122.19999694824219,1.0,44.63526153564453,25.89937400817871,12.0,31.311763763427734
2026-06-10 06:31:49+00:00,1.0,122.19999694824219,1.0,44.63526153564453,25.89937400817871,12.0,31.311763763427734
2026-06-10 06:31:50+00:00,1.0,122.19999694824219,1.0,44.63526153564453,25.89958953857422,12.0,30.998777389526367
2026-06-10 06:31:51+00:00,1.0,122.19999694824219,1.0,44.63530349731445,25.899686813354492,12.0,30.72097396850586
2026-06-10 06:31:52+00:00,1.0,122.19999694824219,1.0,44.63530349731445,25.899686813354492,12.0,30.72097396850586
2026-06-10 06:31:53+00:00,1.0,122.19999694824219,1.0,44.63534164428711,25.899866104125977,12.0,19.907146453857422
2026-06-10 06:31:54+00:00,1.0,123.0999984741211,1.0,44.63538360595703,25.899890899658203,12.0,19.907146453857422
2026-06-10 06:31:55+00:00,1.0,123.0999984741211,1.0,44.63538360595703,25.899890899658203,12.0,19.907146453857422
2026-06-10 06:31:56+00:00,1.0,123.0999984741211,1.0,44.63538360595703,25.899890899658203,12.0,19.907146453857422
2026-06-10 06:31:57+00:00,1.0,123.19999694824219,1.0,44.63541793823242,25.89988136291504,12.0,19.907146453857422
2026-06-10 06:31:58+00:00,1.0,123.5,1.0,44.63541793823242,25.89988136291504,12.0,19.907146453857422
2026-06-10 06:31:59+00:00,1.0,123.5,1.0,44.63541793823242,25.89988136291504,12.0,19.907146453857422
2026-06-10 06:32:00+00:00,1.0,123.5,1.0,44.63541793823242,25.89988136291504,12.0,0.085192009806633
2026-06-10 06:32:01+00:00,1.0,123.5,1.0,44.63541030883789,25.89988136291504,12.0,0.02778000198304653
2026-06-10 06:32:02+00:00,1.0,123.5,1.0,44.63541030883789,25.89988136291504,12.0,0.029632002115249634
2026-06-10 06:32:03+00:00,1.0,123.5,1.0,44.63541030883789,25.89988136291504,12.0,0.02592799998819828
2026-06-10 06:32:04+00:00,1.0,123.5,1.0,44.63541030883789,25.89988136291504,12.0,0.014816001057624817
2026-06-10 06:32:05+00:00,1.0,123.9000015258789,1.0,44.63541030883789,25.89988136291504,12.0,0.15371601283550262
2026-06-10 06:32:06+00:00,1.0,123.9000015258789,1.0,44.63541030883789,25.89988136291504,12.0,0.15371601283550262
2026-06-10 06:32:07+00:00,1.0,123.9000015258789,1.0,44.635398864746094,25.89988136291504,12.0,1.8538520336151123
2026-06-10 06:32:08+00:00,1.0,124.19999694824219,1.0,44.63539123535156,25.89988136291504,12.0,2.83541202545166
2026-06-10 06:32:09+00:00,1.0,124.0999984741211,1.0,44.63538360595703,25.89988136291504,12.0,4.720747947692871
2026-06-10 06:32:10+00:00,1.0,124.0999984741211,1.0,44.6353759765625,25.89988136291504,12.0,4.313307762145996
2026-06-10 06:32:11+00:00,1.0,124.30000305175781,1.0,44.63536071777344,25.899890899658203,12.0,4.926319599151611
2026-06-10 06:32:12+00:00,1.0,124.30000305175781,1.0,44.635353088378906,25.89989471435547,12.0,4.926319599151611
2026-06-10 06:32:13+00:00,1.0,124.30000305175781,1.0,44.63533401489258,25.899906158447266,12.0,4.926319599151611
2026-06-10 06:32:14+00:00,1.0,124.30000305175781,1.0,44.635318756103516,25.899919509887695,12.0,4.926319599151611
2026-06-10 06:32:15+00:00,1.0,124.30000305175781,1.0,44.635311126708984,25.899934768676758,12.0,4.926319599151611
2026-06-10 06:32:16+00:00,1.0,124.30000305175781,1.0,44.63530349731445,25.899951934814453,12.0,4.926319599151611
2026-06-10 06:32:17+00:00,1.0,124.4000015258789,1.0,44.63530349731445,25.899959564208984,12.0,4.926319599151611
2026-06-10 06:32:18+00:00,1.0,124.4000015258789,1.0,44.63530349731445,25.899959564208984,12.0,4.926319599151611
2026-06-10 06:32:19+00:00,1.0,124.4000015258789,1.0,44.63530349731445,2.2685573953920323e-29,12.0,0.06481999903917313
2026-06-10 06:32:20+00:00,1.0,124.4000015258789,1.0,44.63530349731445,25.89995574951172,12.0,1.940895915031433
2026-06-10 06:32:21+00:00,1.0,124.4000015258789,1.0,44.63530349731445,25.89994239807129,12.0,4.102180480957031
2026-06-10 06:32:22+00:00,1.0,124.4000015258789,1.0,44.63530349731445,25.89992332458496,12.0,6.281983852386475
2026-06-10 06:32:23+00:00,1.0,124.4000015258789,1.0,44.63530349731445,25.89989471435547,12.0,8.552536010742188
2026-06-10 06:32:24+00:00,1.0,124.30000305175781,1.0,44.63530349731445,25.89986228942871,12.0,10.895316123962402
2026-06-10 06:32:25+00:00,1.0,124.30000305175781,1.0,44.63529586791992,25.89982032775879,12.0,10.895316123962402
2026-06-10 06:32:26+00:00,1.0,124.19999694824219,1.0,44.63528823852539,25.899776458740234,12.0,10.895316123962402
2026-06-10 06:32:27+00:00,1.0,124.19999694824219,1.0,44.63528823852539,25.899776458740234,12.0,10.895316123962402
2026-06-10 06:32:28+00:00,1.0,124.19999694824219,1.0,44.63526153564453,25.89965057373047,12.0,20.50904655456543
2026-06-10 06:32:29+00:00,1.0,124.19999694824219,1.0,44.63525390625,25.899568557739258,12.0,23.12592315673828
2026-06-10 06:32:30+00:00,1.0,124.19999694824219,1.0,44.63524627685547,25.89948272705078,12.0,25.6890926361084
2026-06-10 06:32:32+00:00,1.0,23.0,15.0,44.63523864746094,25.899288177490234,16.0,30.006107330322266
2026-06-10 06:32:33+00:00,1.0,23.0,15.0,44.63523864746094,25.899288177490234,16.0,30.006107330322266
2026-06-10 06:32:35+00:00,1.0,119.69999694824219,1.0,44.635231018066406,25.898921966552734,12.0,35.57692337036133
2026-06-10 06:32:36+00:00,1.0,119.69999694824219,1.0,44.635231018066406,25.898921966552734,12.0,35.57692337036133
2026-06-10 06:32:37+00:00,1.0,122.0999984741211,1.0,44.635231018066406,25.898656845092773,12.0,40.51805114746094
2026-06-10 06:32:38+00:00,1.0,122.0999984741211,1.0,44.635231018066406,25.898656845092773,12.0,40.51805114746094
2026-06-10 06:32:39+00:00,1.0,122.80000305175781,1.0,44.63520431518555,25.898365020751953,12.0,40.51805114746094
2026-06-10 06:32:40+00:00,1.0,122.9000015258789,1.0,44.635189056396484,25.898225784301758,12.0,40.51805114746094
2026-06-10 06:32:41+00:00,1.0,123.0,1.0,44.635189056396484,25.89807891845703,12.0,40.51805114746094
2026-06-10 06:32:42+00:00,1.0,123.0,1.0,44.635189056396484,25.89807891845703,12.0,40.51805114746094
2026-06-10 06:32:43+00:00,1.0,123.0,1.0,44.63520431518555,25.897863388061523,12.0,27.522573471069336
2026-06-10 06:32:44+00:00,1.0,123.0,1.0,44.63525390625,25.897809982299805,12.0,23.566699981689453
2026-06-10 06:32:45+00:00,1.0,123.0,1.0,44.63529586791992,25.897802352905273,12.0,18.271831512451172
2026-06-10 06:32:46+00:00,1.0,123.4000015258789,1.0,44.63534164428711,25.8978271484375,12.0,15.280852317810059
2026-06-10 06:32:47+00:00,1.0,123.5999984741211,1.0,44.63536071777344,25.897871017456055,12.0,15.280852317810059
2026-06-10 06:32:48+00:00,1.0,123.5,1.0,44.63536071777344,25.89792823791504,12.0,15.280852317810059
2026-06-10 06:32:49+00:00,1.0,123.5,1.0,44.63533401489258,25.89798927307129,12.0,19.488597869873047
2026-06-10 06:32:50+00:00,1.0,123.5,1.0,44.63530349731445,25.898054122924805,12.0,22.80738067626953
2026-06-10 06:32:51+00:00,1.0,123.5,1.0,44.635276794433594,25.898136138916016,12.0,25.796506881713867
2026-06-10 06:32:52+00:00,1.0,123.5,1.0,44.63525390625,25.898225784301758,12.0,28.03557777404785
2026-06-10 06:32:53+00:00,1.0,123.5,1.0,44.63524627685547,25.898326873779297,12.0,30.445030212402344
2026-06-10 06:32:54+00:00,1.0,123.5,1.0,44.63523864746094,25.8984375,12.0,32.93226623535156
2026-06-10 06:32:55+00:00,1.0,122.80000305175781,1.0,44.63523864746094,25.898555755615234,12.0,35.456539154052734
2026-06-10 06:32:56+00:00,1.0,122.69999694824219,1.0,44.63523864746094,25.89868927001953,12.0,35.456539154052734
2026-06-10 06:32:57+00:00,1.0,122.69999694824219,1.0,44.63524627685547,25.898828506469727,12.0,35.456539154052734
2026-06-10 06:32:58+00:00,1.0,122.5999984741211,1.0,44.63524627685547,25.898969650268555,12.0,35.456539154052734
2026-06-10 06:32:59+00:00,1.0,122.5999984741211,1.0,44.63524627685547,25.89910888671875,12.0,39.56797790527344
2026-06-10 06:33:00+00:00,1.0,122.5,1.0,44.63525390625,25.899242401123047,12.0,39.56797790527344
2026-06-10 06:33:01+00:00,1.0,122.5,1.0,44.63525390625,25.899242401123047,12.0,39.56797790527344
2026-06-10 06:33:02+00:00,1.0,122.5,1.0,44.63525390625,25.899242401123047,12.0,32.617427825927734
2026-06-10 06:33:03+00:00,1.0,122.5,1.0,44.63526153564453,25.899486541748047,12.0,32.617427825927734
2026-06-10 06:33:04+00:00,1.0,122.5,1.0,44.635276794433594,25.899707794189453,12.0,31.458072662353516
2026-06-10 06:33:05+00:00,1.0,122.5,1.0,44.63529586791992,25.899808883666992,12.0,31.458072662353516
2026-06-10 06:33:06+00:00,1.0,122.5,1.0,44.63532638549805,25.899869918823242,12.0,31.458072662353516
2026-06-10 06:33:07+00:00,1.0,122.5,1.0,44.6353759765625,25.89988136291504,12.0,31.458072662353516
2026-06-10 06:33:08+00:00,1.0,122.5,1.0,44.6353759765625,25.89988136291504,12.0,31.458072662353516
2026-06-10 06:33:09+00:00,1.0,122.5999984741211,1.0,44.63541793823242,25.899812698364258,12.0,13.999267578125
2026-06-10 06:33:10+00:00,1.0,122.5999984741211,1.0,44.63541030883789,25.89975929260254,12.0,13.999267578125
2026-06-10 06:33:11+00:00,1.0,122.5999984741211,1.0,44.63541030883789,25.89975929260254,12.0,13.999267578125
2026-06-10 06:33:12+00:00,1.0,122.5,1.0,44.6353759765625,25.89963722229004,12.0,20.18865203857422
2026-06-10 06:33:13+00:00,1.0,122.5,1.0,44.635353088378906,25.899568557739258,12.0,23.116662979125977
2026-06-10 06:33:14+00:00,1.0,122.5,1.0,44.635311126708984,25.899492263793945,12.0,26.100236892700195
2026-06-10 06:33:15+00:00,1.0,122.5,1.0,44.63528823852539,25.899402618408203,12.0,28.685626983642578
2026-06-10 06:33:16+00:00,1.0,122.5,1.0,44.63526153564453,25.899303436279297,12.0,31.100637435913086
2026-06-10 06:33:17+00:00,1.0,122.5,1.0,44.63524627685547,25.89919090270996,12.0,33.51934814453125
2026-06-10 06:33:18+00:00,1.0,122.4000015258789,1.0,44.63523864746094,25.89906883239746,12.0,35.9973258972168
2026-06-10 06:33:19+00:00,1.0,122.4000015258789,1.0,44.63523864746094,25.898937225341797,12.0,35.9973258972168
2026-06-10 06:33:20+00:00,1.0,122.4000015258789,1.0,44.635231018066406,25.898799896240234,12.0,35.9973258972168
2026-06-10 06:33:21+00:00,1.0,122.4000015258789,1.0,44.635231018066406,25.898656845092773,12.0,35.9973258972168
2026-06-10 06:33:22+00:00,1.0,122.4000015258789,1.0,44.635231018066406,25.89851951599121,12.0,38.804954528808594
2026-06-10 06:33:23+00:00,1.0,122.5,1.0,44.63521194458008,25.898387908935547,12.0,38.804954528808594
2026-06-10 06:33:24+00:00,1.0,122.5,1.0,44.635196685791016,25.89827537536621,12.0,38.804954528808594
2026-06-10 06:33:25+00:00,1.0,122.5999984741211,1.0,44.635189056396484,25.898160934448242,12.0,38.804954528808594
2026-06-10 06:33:26+00:00,1.0,122.5999984741211,1.0,44.635189056396484,25.898054122924805,12.0,28.39486312866211
2026-06-10 06:33:27+00:00,1.0,122.5999984741211,1.0,44.63518142700195,25.897966384887695,12.0,25.305728912353516
2026-06-10 06:33:28+00:00,1.0,122.69999694824219,1.0,44.63518142700195,25.897884368896484,12.0,22.329565048217773
2026-06-10 06:33:29+00:00,1.0,122.69999694824219,1.0,44.63520431518555,25.89781951904297,12.0,22.329565048217773
2026-06-10 06:33:30+00:00,1.0,122.69999694824219,1.0,44.63524627685547,25.89778709411621,12.0,19.525636672973633
2026-06-10 06:33:31+00:00,1.0,122.69999694824219,1.0,44.63529586791992,25.897794723510742,12.0,20.807218551635742
2026-06-10 06:33:32+00:00,1.0,122.69999694824219,1.0,44.63533401489258,25.897838592529297,12.0,21.755443572998047
2026-06-10 06:33:33+00:00,1.0,122.69999694824219,1.0,44.63534164428711,25.897912979125977,12.0,22.85182762145996
2026-06-10 06:33:34+00:00,1.0,122.69999694824219,1.0,44.63533401489258,25.897998809814453,12.0,25.55019187927246
2026-06-10 06:33:35+00:00,1.0,122.5999984741211,1.0,44.63530349731445,25.898088455200195,12.0,28.637475967407227
2026-06-10 06:33:36+00:00,1.0,122.5999984741211,1.0,44.635276794433594,25.898189544677734,12.0,28.637475967407227
2026-06-10 06:33:37+00:00,1.0,122.5999984741211,1.0,44.63525390625,25.898298263549805,12.0,28.637475967407227
2026-06-10 06:33:38+00:00,1.0,122.5999984741211,1.0,44.63523864746094,25.898412704467773,12.0,28.637475967407227
2026-06-10 06:33:39+00:00,1.0,122.5999984741211,1.0,44.63523864746094,25.898548126220703,12.0,38.430850982666016
2026-06-10 06:33:40+00:00,1.0,122.5999984741211,1.0,44.63524627685547,25.89868927001953,12.0,41.03846740722656
2026-06-10 06:33:41+00:00,1.0,122.5999984741211,1.0,44.63524627685547,25.898839950561523,12.0,43.19975280761719
2026-06-10 06:33:42+00:00,1.0,122.5,1.0,44.63524627685547,25.89899444580078,12.0,45.28139877319336
2026-06-10 06:33:43+00:00,1.0,122.5,1.0,44.63524627685547,25.899152755737305,12.0,45.28139877319336
2026-06-10 06:33:44+00:00,1.0,122.5999984741211,1.0,44.63525390625,25.899309158325195,12.0,43.22568130493164
2026-06-10 06:33:45+00:00,1.0,122.5999984741211,1.0,44.63525390625,25.89945411682129,12.0,41.26996994018555
2026-06-10 06:33:46+00:00,1.0,122.5999984741211,1.0,44.63526153564453,25.89958953857422,12.0,38.691986083984375
2026-06-10 06:33:47+00:00,1.0,122.69999694824219,1.0,44.635276794433594,25.89971160888672,12.0,35.410240173339844
2026-06-10 06:33:48+00:00,1.0,122.69999694824219,1.0,44.63530349731445,25.89982032775879,12.0,35.410240173339844
2026-06-10 06:33:49+00:00,1.0,122.69999694824219,1.0,44.635311126708984,25.899898529052734,12.0,19.20894432067871
2026-06-10 06:33:50+00:00,1.0,122.69999694824219,1.0,44.63534164428711,25.89994239807129,12.0,19.20894432067871
2026-06-10 06:33:51+00:00,1.0,122.69999694824219,1.0,44.6353759765625,25.89995574951172,12.0,19.20894432067871
2026-06-10 06:33:52+00:00,1.0,122.69999694824219,1.0,44.635398864746094,25.899946212768555,12.0,8.239547729492188
2026-06-10 06:33:53+00:00,1.0,122.69999694824219,1.0,44.63541030883789,25.89994239807129,12.0,3.3984198570251465
2026-06-10 06:33:54+00:00,1.0,122.69999694824219,1.0,44.63541030883789,25.89994239807129,12.0,3.3984198570251465
2026-06-10 06:33:55+00:00,1.0,122.69999694824219,1.0,44.63541030883789,25.89994239807129,12.0,0.024075999855995178
2026-06-10 06:33:56+00:00,1.0,122.69999694824219,1.0,44.63541030883789,25.89994239807129,12.0,0.00926000066101551
2026-06-10 06:33:57+00:00,1.0,122.9000015258789,1.0,44.63541030883789,25.89994239807129,12.0,0.01852000132203102
2026-06-10 06:33:58+00:00,1.0,122.9000015258789,1.0,44.63541030883789,25.89994239807129,12.0,0.01852000132203102
2026-06-10 06:33:59+00:00,1.0,122.9000015258789,1.0,44.63541030883789,25.89994239807129,12.0,0.03518800064921379
2026-06-10 06:34:00+00:00,1.0,123.19999694824219,1.0,44.63541030883789,25.89994239807129,12.0,0.00926000066101551
2026-06-10 06:34:01+00:00,1.0,123.19999694824219,1.0,44.63541030883789,25.89994239807129,12.0,0.00926000066101551
2026-06-10 06:34:02+00:00,1.0,123.30000305175781,1.0,44.63541030883789,25.89994239807129,12.0,0.41669997572898865
2026-06-10 06:34:03+00:00,1.0,123.30000305175781,1.0,44.63541030883789,25.89994239807129,12.0,0.41669997572898865
2026-06-10 06:34:04+00:00,1.0,123.4000015258789,1.0,44.63541030883789,25.89994239807129,12.0,1.0667519569396973
2026-06-10 06:34:05+00:00,1.0,123.5,1.0,44.635398864746094,25.89994239807129,12.0,1.0667519569396973
2026-06-10 06:34:06+00:00,1.0,123.5,1.0,44.635398864746094,25.89994239807129,12.0,1.0667519569396973
2026-06-10 06:34:07+00:00,1.0,123.69999694824219,1.0,44.635398864746094,25.89994239807129,12.0,1.0426760911941528
2026-06-10 06:34:08+00:00,1.0,123.69999694824219,1.0,44.63539123535156,25.89994239807129,12.0,1.0426760911941528
2026-06-10 06:34:09+00:00,1.0,123.69999694824219,1.0,44.63539123535156,25.89994239807129,12.0,0.03333600237965584
2026-06-10 06:34:10+00:00,1.0,123.80000305175781,1.0,44.63539123535156,25.89994239807129,12.0,0.03333600237965584
2026-06-10 06:34:11+00:00,1.0,123.80000305175781,1.0,44.63539123535156,25.89994239807129,12.0,0.06111599877476692
2026-06-10 06:34:12+00:00,1.0,123.80000305175781,1.0,44.63539123535156,25.89994239807129,12.0,0.04444800317287445
2026-06-10 06:34:13+00:00,1.0,123.80000305175781,1.0,44.63539123535156,25.89994239807129,12.0,0.005555999930948019
2026-06-10 06:34:14+00:00,1.0,123.80000305175781,1.0,44.63539123535156,25.89994239807129,12.0,0.005555999930948019
2026-06-10 06:34:15+00:00,1.0,123.9000015258789,1.0,44.63539123535156,25.89994239807129,12.0,0.011111999861896038
2026-06-10 06:34:16+00:00,1.0,123.9000015258789,1.0,44.63539123535156,25.89994239807129,12.0,0.011111999861896038
2026-06-10 06:34:17+00:00,1.0,123.9000015258789,1.0,44.63539123535156,25.899946212768555,12.0,0.01666800118982792
2026-06-10 06:34:18+00:00,1.0,123.9000015258789,1.0,44.63539123535156,25.899946212768555,12.0,0.0074080005288124084
2026-06-10 06:34:19+00:00,1.0,123.9000015258789,1.0,44.63539123535156,25.899946212768555,12.0,0.02778000198304653
2026-06-10 06:34:20+00:00,1.0,124.0999984741211,1.0,44.63539123535156,25.899946212768555,12.0,0.02778000198304653
2026-06-10 06:34:21+00:00,1.0,124.0999984741211,1.0,44.63539123535156,25.899946212768555,12.0,0.02778000198304653
2026-06-10 06:34:22+00:00,1.0,124.19999694824219,1.0,44.63539123535156,25.899946212768555,12.0,0.03518800064921379
2026-06-10 06:34:23+00:00,1.0,124.19999694824219,1.0,44.63539123535156,25.899946212768555,12.0,0.03518800064921379
2026-06-10 06:34:24+00:00,1.0,124.19999694824219,1.0,44.63539123535156,25.899946212768555,12.0,0.03518800064921379
2026-06-10 06:34:25+00:00,1.0,124.19999694824219,1.0,44.63539123535156,25.899946212768555,12.0,0.02778000198304653
2026-06-10 06:34:26+00:00,1.0,124.30000305175781,1.0,44.63539123535156,25.899946212768555,12.0,0.024075999855995178
2026-06-10 06:34:27+00:00,1.0,124.30000305175781,1.0,44.63539123535156,25.899946212768555,12.0,0.024075999855995178
2026-06-10 06:34:28+00:00,1.0,124.30000305175781,1.0,44.63539123535156,25.899946212768555,12.0,0.040744002908468246
2026-06-10 06:34:29+00:00,1.0,124.30000305175781,1.0,44.63539123535156,25.899946212768555,12.0,0.040744002908468246
2026-06-10 06:34:30+00:00,1.0,124.30000305175781,1.0,44.63539123535156,25.899946212768555,12.0,0.014816001057624817
2026-06-10 06:34:31+00:00,1.0,124.30000305175781,1.0,44.63539123535156,25.899946212768555,12.0,0.014816001057624817
2026-06-10 06:34:32+00:00,1.0,124.4000015258789,1.0,44.63539123535156,25.899946212768555,12.0,0.03148400038480759
2026-06-10 06:34:33+00:00,1.0,124.4000015258789,1.0,44.63539123535156,25.899946212768555,12.0,0.03148400038480759
2026-06-10 06:34:34+00:00,1.0,124.4000015258789,1.0,44.63539123535156,25.899946212768555,12.0,0.03148400038480759
2026-06-10 06:34:35+00:00,1.0,124.4000015258789,1.0,44.63539123535156,25.899946212768555,12.0,0.03148400038480759
2026-06-10 06:34:36+00:00,1.0,124.5,1.0,44.63539123535156,25.899951934814453,12.0,0.014816001057624817
2026-06-10 06:34:37+00:00,1.0,124.5,1.0,44.63539123535156,25.899951934814453,12.0,0.014816001057624817
2026-06-10 06:34:38+00:00,1.0,124.5999984741211,1.0,44.63539123535156,25.899951934814453,12.0,0.029632002115249634
2026-06-10 06:34:39+00:00,1.0,124.5999984741211,1.0,44.63539123535156,25.899951934814453,12.0,0.029632002115249634
2026-06-10 06:34:40+00:00,1.0,124.5999984741211,1.0,44.63539123535156,25.899946212768555,12.0,0.06481999903917313
2026-06-10 06:34:41+00:00,1.0,124.5999984741211,1.0,44.63539123535156,25.899946212768555,12.0,0.06481999903917313
2026-06-10 06:34:42+00:00,1.0,124.69999694824219,1.0,44.635398864746094,25.899946212768555,12.0,0.02592799998819828
2026-06-10 06:34:43+00:00,1.0,124.69999694824219,1.0,44.635398864746094,25.899946212768555,12.0,0.06296800076961517
2026-06-10 06:34:44+00:00,1.0,124.69999694824219,1.0,44.635398864746094,25.899946212768555,12.0,0.06481999903917313
2026-06-10 06:34:45+00:00,1.0,124.69999694824219,1.0,44.635398864746094,25.899946212768555,12.0,0.03518800064921379
2026-06-10 06:34:46+00:00,1.0,124.5999984741211,1.0,44.635398864746094,25.899946212768555,12.0,0.03518800064921379
2026-06-10 06:34:47+00:00,1.0,124.5,1.0,44.635398864746094,25.899946212768555,12.0,0.03518800064921379
2026-06-10 06:34:48+00:00,1.0,124.5,1.0,44.635398864746094,25.899946212768555,12.0,0.03518800064921379
2026-06-10 06:34:49+00:00,1.0,124.5,1.0,44.635398864746094,25.899946212768555,12.0,0.022224001586437225
2026-06-10 06:34:50+00:00,1.0,124.5,1.0,44.635398864746094,25.899946212768555,12.0,0.14445601403713226
2026-06-10 06:34:51+00:00,1.0,124.5999984741211,1.0,44.635398864746094,25.899951934814453,12.0,0.27965202927589417
2026-06-10 06:34:52+00:00,1.0,124.5999984741211,1.0,44.635398864746094,25.899951934814453,12.0,0.27965202927589417
2026-06-10 06:34:53+00:00,1.0,124.5999984741211,1.0,44.635398864746094,25.899951934814453,12.0,0.27965202927589417
2026-06-10 06:34:54+00:00,1.0,124.5999984741211,1.0,44.635398864746094,25.899951934814453,12.0,0.11667600274085999
2026-06-10 06:34:55+00:00,1.0,124.5999984741211,1.0,44.635398864746094,25.899951934814453,12.0,0.005555999930948019
2026-06-10 06:34:56+00:00,1.0,124.4000015258789,1.0,44.635398864746094,25.899951934814453,12.0,0.12223199754953384
2026-06-10 06:34:57+00:00,1.0,124.4000015258789,1.0,44.635398864746094,25.899951934814453,12.0,0.12223199754953384
2026-06-10 06:34:58+00:00,1.0,124.4000015258789,1.0,44.635398864746094,25.899951934814453,12.0,0.03518800064921379
2026-06-10 06:34:59+00:00,1.0,124.19999694824219,1.0,44.635398864746094,25.899951934814453,12.0,0.06296800076961517
2026-06-10 06:35:00+00:00,1.0,124.19999694824219,1.0,44.635398864746094,25.899951934814453,12.0,0.06296800076961517
2026-06-10 06:35:01+00:00,1.0,124.0999984741211,1.0,44.635398864746094,25.899951934814453,12.0,0.09630400687456131
2026-06-10 06:35:02+00:00,1.0,124.0,1.0,44.635398864746094,25.899951934814453,12.0,0.09630400687456131
2026-06-10 06:35:03+00:00,1.0,124.0,1.0,44.635398864746094,25.899951934814453,12.0,0.09630400687456131
2026-06-10 06:35:04+00:00,1.0,124.0,1.0,44.635398864746094,25.899951934814453,12.0,0.09630400687456131
2026-06-10 06:37:37+00:00,1.0,122.5999984741211,1.0,44.63541030883789,25.899951934814453,12.0,0.09630400687456131
2026-06-10 06:37:38+00:00,1.0,122.5,1.0,44.63541030883789,25.899951934814453,12.0,0.1666800081729889
2026-06-10 06:37:39+00:00,1.0,122.19999694824219,1.0,44.63541030883789,25.89994239807129,12.0,0.011111999861896038
2026-06-10 06:37:40+00:00,1.0,122.4000015258789,1.0,44.63541030883789,25.89994239807129,12.0,0.048151999711990356
2026-06-10 06:37:41+00:00,1.0,122.4000015258789,1.0,44.63541030883789,25.89994239807129,12.0,0.0888960063457489
2026-06-10 06:37:42+00:00,1.0,122.4000015258789,1.0,44.63541030883789,25.89994239807129,12.0,0.03148400038480759
2026-06-10 06:37:43+00:00,1.0,122.4000015258789,1.0,44.63541030883789,25.899938583374023,12.0,0.03518800064921379
2026-06-10 06:37:44+00:00,1.0,122.5999984741211,1.0,44.63541030883789,25.899938583374023,12.0,0.09630400687456131
2026-06-10 06:37:45+00:00,1.0,122.4000015258789,1.0,44.635398864746094,25.899938583374023,12.0,0.06111599877476692
2026-06-10 06:37:46+00:00,1.0,123.30000305175781,1.0,44.63536071777344,25.89995574951172,12.0,5.052255630493164
2026-06-10 06:37:47+00:00,1.0,123.80000305175781,1.0,44.635311126708984,25.899991989135742,12.0,0.050004005432128906
2026-06-10 06:37:48+00:00,1.0,124.0999984741211,1.0,44.63526916503906,25.899715423583984,12.0,19.786767959594727
2026-06-10 06:37:49+00:00,1.0,123.5,1.0,44.635231018066406,25.89873504638672,12.0,40.603248596191406
2026-06-10 06:37:50+00:00,1.0,123.19999694824219,1.0,44.63526916503906,25.89780616760254,12.0,23.8963565826416
2026-06-10 06:37:51+00:00,1.0,123.0,1.0,44.63523864746094,25.898717880249023,12.0,41.860755920410156
2026-06-10 06:37:52+00:00,1.0,129.8000030517578,1.0,44.635353088378906,25.899791717529297,12.0,47.157474517822266
2026-06-10 06:37:53+00:00,1.0,125.5999984741211,1.0,44.6353759765625,25.899658203125,12.0,20.766475677490234
2026-06-10 06:37:54+00:00,1.0,124.30000305175781,1.0,44.63523864746094,25.898710250854492,12.0,42.20893096923828
2026-06-10 06:37:55+00:00,1.0,127.80000305175781,1.0,44.635231018066406,25.897798538208008,12.0,26.868816375732422
2026-06-10 06:37:56+00:00,1.0,124.4000015258789,1.0,44.63524627685547,25.898344039916992,12.0,35.34541702270508
2026-06-10 06:37:57+00:00,1.0,124.4000015258789,1.0,44.63526153564453,25.899389266967773,12.0,43.616451263427734
2026-06-10 06:37:58+00:00,1.0,123.19999694824219,1.0,44.63536071777344,25.899873733520508,12.0,21.077613830566406
2026-06-10 06:37:59+00:00,1.0,123.19999694824219,1.0,44.63536071777344,25.899873733520508,12.0,21.077613830566406
2026-06-10 06:38:00+00:00,1.0,123.19999694824219,1.0,44.63541793823242,25.89984130859375,12.0,11.339795112609863
2026-06-10 06:38:01+00:00,1.0,123.19999694824219,1.0,44.63542556762695,25.899805068969727,12.0,12.204680442810059
2026-06-10 06:38:02+00:00,1.0,123.19999694824219,1.0,44.63542556762695,25.899755477905273,12.0,13.214020729064941
2026-06-10 06:38:03+00:00,1.0,123.19999694824219,1.0,44.63541030883789,25.89971160888672,12.0,15.806819915771484
2026-06-10 06:38:04+00:00,1.0,123.19999694824219,1.0,44.63538360595703,25.899662017822266,12.0,18.610748291015625
2026-06-10 06:38:05+00:00,1.0,123.19999694824219,1.0,44.63538360595703,25.899662017822266,12.0,18.610748291015625
2026-06-10 06:38:06+00:00,1.0,123.19999694824219,1.0,44.63529586791992,25.899560928344727,12.0,24.64826774597168
2026-06-10 06:38:07+00:00,1.0,122.9000015258789,1.0,44.63526916503906,25.89948272705078,12.0,25.848363876342773
2026-06-10 06:38:08+00:00,1.0,122.9000015258789,1.0,44.63526153564453,25.899385452270508,12.0,25.848363876342773
2026-06-10 06:38:09+00:00,1.0,122.9000015258789,1.0,44.63525390625,25.89928436279297,12.0,30.393171310424805
2026-06-10 06:38:10+00:00,1.0,122.9000015258789,1.0,44.63525390625,25.899173736572266,12.0,33.019309997558594
2026-06-10 06:38:11+00:00,1.0,122.9000015258789,1.0,44.63524627685547,25.8990478515625,12.0,35.3176383972168
2026-06-10 06:38:12+00:00,1.0,122.9000015258789,1.0,44.63524627685547,25.898921966552734,12.0,37.52151870727539
2026-06-10 06:38:13+00:00,1.0,122.9000015258789,1.0,44.63524627685547,25.898786544799805,12.0,39.719844818115234
2026-06-10 06:38:14+00:00,1.0,122.9000015258789,1.0,44.63523864746094,25.89864158630371,12.0,41.3403434753418
2026-06-10 06:38:15+00:00,1.0,122.9000015258789,1.0,44.63521957397461,25.898494720458984,12.0,42.98121643066406
2026-06-10 06:38:16+00:00,1.0,122.9000015258789,1.0,44.63521194458008,25.898340225219727,12.0,44.46466827392578
2026-06-10 06:38:17+00:00,1.0,122.80000305175781,1.0,44.635196685791016,25.89820098876953,12.0,39.08646011352539
2026-06-10 06:38:18+00:00,1.0,122.80000305175781,1.0,44.635196685791016,25.898082733154297,12.0,30.950626373291016
2026-06-10 06:38:19+00:00,1.0,122.80000305175781,1.0,44.635189056396484,25.897981643676758,12.0,30.950626373291016
2026-06-10 06:38:20+00:00,1.0,122.80000305175781,1.0,44.635196685791016,25.897876739501953,12.0,29.509765625
2026-06-10 06:38:21+00:00,1.0,122.80000305175781,1.0,44.635231018066406,25.897794723510742,12.0,27.99483299255371
2026-06-10 06:38:22+00:00,1.0,122.80000305175781,1.0,44.635231018066406,25.897794723510742,12.0,27.99483299255371
2026-06-10 06:38:23+00:00,1.0,123.0,1.0,44.63528823852539,25.897762298583984,12.0,22.2017765045166
2026-06-10 06:38:24+00:00,1.0,123.0999984741211,1.0,44.63536071777344,25.897859573364258,12.0,21.62024688720703
2026-06-10 06:38:25+00:00,1.0,123.0999984741211,1.0,44.63536071777344,25.897859573364258,12.0,21.62024688720703
2026-06-10 06:38:26+00:00,1.0,123.0999984741211,1.0,1.653532187903284e-42,9.21171571493205e-41,12.0,26.500268936157227
2026-06-10 06:38:27+00:00,1.0,122.80000305175781,1.0,44.63528823852539,25.89811134338379,12.0,29.44679832458496
2026-06-10 06:38:28+00:00,1.0,122.80000305175781,1.0,44.63528823852539,25.89811134338379,12.0,29.44679832458496
2026-06-10 06:38:29+00:00,1.0,122.69999694824219,1.0,44.63525390625,25.898326873779297,12.0,33.92123031616211
2026-06-10 06:38:30+00:00,1.0,122.69999694824219,1.0,44.63524627685547,25.898448944091797,12.0,33.92123031616211
2026-06-10 06:38:31+00:00,1.0,122.69999694824219,1.0,44.63524627685547,25.89858055114746,12.0,33.92123031616211
2026-06-10 06:38:32+00:00,1.0,122.5999984741211,1.0,44.63524627685547,25.89872169494629,12.0,33.92123031616211
2026-06-10 06:38:33+00:00,1.0,122.5999984741211,1.0,44.63524627685547,25.89872169494629,12.0,33.92123031616211
2026-06-10 06:38:34+00:00,1.0,122.5999984741211,1.0,44.63525390625,25.89902687072754,12.0,45.68143081665039
2026-06-10 06:38:35+00:00,1.0,122.5999984741211,1.0,44.63525390625,25.89919090270996,12.0,45.68143081665039
2026-06-10 06:38:36+00:00,1.0,122.5999984741211,1.0,44.63525390625,25.899349212646484,12.0,45.84070587158203
2026-06-10 06:38:37+00:00,1.0,122.5999984741211,1.0,44.63525390625,25.899349212646484,12.0,45.84070587158203
2026-06-10 06:38:38+00:00,1.0,122.5999984741211,1.0,44.63526916503906,25.899633407592773,12.0,38.53085708618164
2026-06-10 06:38:39+00:00,1.0,122.5999984741211,1.0,44.63528823852539,25.899755477905273,12.0,34.07309341430664
2026-06-10 06:38:40+00:00,1.0,122.5999984741211,1.0,44.635311126708984,25.899829864501953,12.0,19.070043563842773
2026-06-10 06:38:41+00:00,1.0,122.5999984741211,1.0,44.63533401489258,25.89984893798828,12.0,6.6209001541137695
2026-06-10 06:38:42+00:00,1.0,122.5999984741211,1.0,44.63536071777344,25.899837493896484,12.0,8.645135879516602
2026-06-10 06:38:43+00:00,1.0,122.5999984741211,1.0,44.6353759765625,25.899816513061523,12.0,10.345272064208984
2026-06-10 06:38:44+00:00,1.0,122.5999984741211,1.0,44.63538360595703,25.899776458740234,12.0,10.345272064208984
2026-06-10 06:38:45+00:00,1.0,122.5999984741211,1.0,44.63538360595703,25.89972686767578,12.0,14.104832649230957
2026-06-10 06:38:46+00:00,1.0,122.5999984741211,1.0,44.63536834716797,25.89967918395996,12.0,16.501319885253906
2026-06-10 06:38:47+00:00,1.0,122.5999984741211,1.0,44.63536834716797,25.89967918395996,12.0,16.501319885253906
2026-06-10 06:38:48+00:00,1.0,122.5999984741211,1.0,44.63528823852539,25.89958953857422,12.0,21.26836585998535
2026-06-10 06:38:49+00:00,1.0,122.5,1.0,44.63526153564453,25.89952850341797,12.0,21.26836585998535
2026-06-10 06:38:50+00:00,1.0,122.5,1.0,44.63525390625,25.899450302124023,12.0,21.26836585998535
2026-06-10 06:38:51+00:00,1.0,122.4000015258789,1.0,44.63525390625,25.899356842041016,12.0,21.26836585998535
2026-06-10 06:38:52+00:00,1.0,122.4000015258789,1.0,44.63525390625,25.899259567260742,12.0,21.26836585998535
2026-06-10 06:38:53+00:00,1.0,122.4000015258789,1.0,44.63524627685547,25.899158477783203,12.0,30.000551223754883
2026-06-10 06:38:54+00:00,1.0,122.4000015258789,1.0,44.63524627685547,25.899051666259766,12.0,29.841278076171875
2026-06-10 06:38:55+00:00,1.0,122.4000015258789,1.0,44.63524627685547,25.898950576782227,12.0,29.75423240661621
2026-06-10 06:38:56+00:00,1.0,122.4000015258789,1.0,44.63523864746094,25.89884376525879,12.0,29.65052032470703
2026-06-10 06:38:57+00:00,1.0,122.4000015258789,1.0,44.635231018066406,25.89873504638672,12.0,31.84143829345703
2026-06-10 06:38:59+00:00,1.0,122.4000015258789,1.0,44.63521957397461,25.898494720458984,12.0,36.206600189208984
2026-06-10 06:39:00+00:00,1.0,122.4000015258789,1.0,44.63520431518555,25.898365020751953,12.0,38.58086395263672
2026-06-10 06:39:01+00:00,1.0,122.30000305175781,1.0,44.635196685791016,25.89823341369629,12.0,37.925254821777344
2026-06-10 06:39:02+00:00,1.0,122.30000305175781,1.0,44.635196685791016,25.89823341369629,12.0,37.925254821777344
2026-06-10 06:39:03+00:00,1.0,122.30000305175781,1.0,44.635189056396484,25.898021697998047,12.0,24.483440399169922
2026-06-10 06:39:04+00:00,1.0,122.19999694824219,1.0,44.63518142700195,25.897945404052734,12.0,22.398088455200195
2026-06-10 06:39:05+00:00,1.0,122.19999694824219,1.0,44.63518142700195,25.897863388061523,12.0,22.227703094482422
2026-06-10 06:39:06+00:00,1.0,122.19999694824219,1.0,44.63520431518555,25.897794723510742,12.0,21.898048400878906
2026-06-10 06:39:07+00:00,1.0,122.19999694824219,1.0,44.63524627685547,25.897748947143555,12.0,21.307260513305664
2026-06-10 06:39:08+00:00,1.0,122.19999694824219,1.0,44.63524627685547,25.897748947143555,12.0,21.307260513305664
2026-06-10 06:39:09+00:00,1.0,122.19999694824219,1.0,44.63533401489258,25.897794723510742,12.0,20.099756240844727
2026-06-10 06:39:10+00:00,1.0,122.19999694824219,1.0,44.635353088378906,25.897863388061523,12.0,21.105392456054688
2026-06-10 06:39:11+00:00,1.0,122.5,1.0,44.63532638549805,25.897937774658203,12.0,23.338905334472656
2026-06-10 06:39:12+00:00,1.0,122.4000015258789,1.0,44.63529586791992,25.898014068603516,12.0,25.94466781616211
2026-06-10 06:39:13+00:00,1.0,122.4000015258789,1.0,44.63526153564453,25.898103713989258,12.0,25.94466781616211
2026-06-10 06:39:14+00:00,1.0,122.4000015258789,1.0,44.63524627685547,25.89820098876953,12.0,25.94466781616211
2026-06-10 06:39:15+00:00,1.0,122.4000015258789,1.0,44.635231018066406,25.898311614990234,12.0,32.626686096191406
2026-06-10 06:39:16+00:00,1.0,122.4000015258789,1.0,44.635231018066406,25.898426055908203,12.0,32.626686096191406
2026-06-10 06:39:17+00:00,1.0,122.30000305175781,1.0,44.63523864746094,25.898555755615234,12.0,32.626686096191406
2026-06-10 06:39:18+00:00,1.0,122.30000305175781,1.0,44.63523864746094,25.89868927001953,12.0,32.626686096191406
2026-06-10 06:39:19+00:00,1.0,122.30000305175781,1.0,44.63524627685547,25.898832321166992,12.0,32.626686096191406
2026-06-10 06:39:20+00:00,1.0,122.30000305175781,1.0,44.63524627685547,25.898832321166992,12.0,32.626686096191406
2026-06-10 06:39:21+00:00,1.0,122.19999694824219,1.0,44.63525390625,25.89911651611328,12.0,40.38471221923828
2026-06-10 06:39:22+00:00,1.0,122.0999984741211,1.0,44.63525390625,25.899248123168945,12.0,40.38471221923828
2026-06-10 06:39:23+00:00,1.0,122.0999984741211,1.0,44.63525390625,25.899364471435547,12.0,40.38471221923828
2026-06-10 06:39:24+00:00,1.0,122.0999984741211,1.0,44.63525390625,25.899364471435547,12.0,40.38471221923828
2026-06-10 06:39:25+00:00,1.0,122.0999984741211,1.0,44.63526153564453,25.899572372436523,12.0,28.615251541137695
2026-06-10 06:39:26+00:00,1.0,122.0999984741211,1.0,44.63526916503906,25.899669647216797,12.0,27.37070655822754
2026-06-10 06:39:27+00:00,1.0,122.0999984741211,1.0,44.63528823852539,25.899751663208008,12.0,24.0259952545166
2026-06-10 06:39:28+00:00,1.0,122.0999984741211,1.0,44.63529586791992,25.899824142456055,12.0,18.388507843017578
2026-06-10 06:39:29+00:00,1.0,122.0999984741211,1.0,44.63530349731445,25.89988136291504,12.0,16.79949188232422
2026-06-10 06:39:30+00:00,1.0,122.0999984741211,1.0,44.635318756103516,25.899927139282227,12.0,15.853120803833008
2026-06-10 06:39:31+00:00,1.0,122.0999984741211,1.0,44.63536834716797,25.899946212768555,12.0,15.364191055297852
2026-06-10 06:39:32+00:00,1.0,122.0,1.0,44.635398864746094,25.899930953979492,12.0,14.691916465759277
2026-06-10 06:39:33+00:00,1.0,122.0,1.0,44.635398864746094,25.899930953979492,12.0,14.691916465759277
2026-06-10 06:39:34+00:00,1.0,122.0,1.0,44.63541793823242,25.899845123291016,12.0,14.464120864868164
2026-06-10 06:39:35+00:00,1.0,122.0,1.0,44.635398864746094,25.89980125427246,12.0,16.321678161621094
2026-06-10 06:39:36+00:00,1.0,5.07966423034668,1.0,44.63536834716797,25.899755477905273,12.0,194.1455078125
2026-06-10 06:39:37+00:00,1.0,122.0,1.0,44.635318756103516,25.899723052978516,12.0,20.029380798339844
2026-06-10 06:39:38+00:00,1.0,122.0,1.0,44.635276794433594,25.899682998657227,12.0,20.029380798339844
2026-06-10 06:39:39+00:00,1.0,122.0,1.0,44.63526153564453,25.899621963500977,12.0,19.640460968017578
2026-06-10 06:39:40+00:00,1.0,122.0,1.0,44.63526153564453,25.899547576904297,12.0,19.640460968017578
2026-06-10 06:39:41+00:00,1.0,122.0,1.0,44.63525390625,25.899478912353516,12.0,19.640460968017578
2026-06-10 06:39:42+00:00,1.0,122.0,1.0,44.63525390625,25.899410247802734,12.0,19.490447998046875
2026-06-10 06:39:43+00:00,1.0,122.0999984741211,1.0,44.63525390625,25.899349212646484,12.0,19.490447998046875
2026-06-10 06:39:44+00:00,1.0,122.0999984741211,1.0,44.63525390625,25.899349212646484,12.0,19.490447998046875
2026-06-10 06:39:45+00:00,1.0,122.0999984741211,1.0,44.63532638549805,25.8992919921875,12.0,18.82187843322754
2026-06-10 06:39:46+00:00,1.0,122.0999984741211,1.0,44.6353759765625,25.89931297302246,12.0,18.82187843322754
2026-06-10 06:39:47+00:00,1.0,122.30000305175781,1.0,44.635398864746094,25.899364471435547,12.0,18.651493072509766
2026-06-10 06:39:48+00:00,1.0,122.30000305175781,1.0,44.635398864746094,25.899431228637695,12.0,19.68305778503418
2026-06-10 06:39:49+00:00,1.0,122.30000305175781,1.0,44.635398864746094,25.899503707885742,12.0,21.186880111694336
2026-06-10 06:39:50+00:00,1.0,122.30000305175781,1.0,44.63539123535156,25.899580001831055,12.0,22.68144416809082
2026-06-10 06:39:51+00:00,1.0,122.30000305175781,1.0,44.63538360595703,25.899662017822266,12.0,23.8315372467041
2026-06-10 06:39:52+00:00,1.0,122.30000305175781,1.0,44.6353759765625,25.899744033813477,12.0,23.47780418395996
2026-06-10 06:39:53+00:00,1.0,122.30000305175781,1.0,44.63536071777344,25.899816513061523,12.0,20.423856735229492
2026-06-10 06:39:54+00:00,1.0,122.30000305175781,1.0,44.63534164428711,25.899877548217773,12.0,17.66067123413086
2026-06-10 06:39:55+00:00,1.0,122.30000305175781,1.0,44.63532638549805,25.899934768676758,12.0,17.005064010620117
2026-06-10 06:39:56+00:00,1.0,122.30000305175781,1.0,44.635318756103516,25.899980545043945,12.0,11.452768325805664
2026-06-10 06:39:57+00:00,1.0,122.5,1.0,44.635318756103516,25.900007247924805,12.0,6.835731506347656
2026-06-10 06:39:58+00:00,1.0,122.5,1.0,44.635318756103516,25.9000244140625,12.0,4.254044055938721
2026-06-10 06:39:59+00:00,1.0,122.5,1.0,44.635318756103516,25.900041580200195,12.0,3.7058517932891846
2026-06-10 06:40:00+00:00,1.0,122.5999984741211,1.0,44.635318756103516,25.900049209594727,12.0,2.6613237857818604
2026-06-10 06:40:01+00:00,1.0,122.5999984741211,1.0,44.635318756103516,25.900056838989258,12.0,2.8965277671813965
2026-06-10 06:40:02+00:00,1.0,122.5999984741211,1.0,44.635318756103516,25.900068283081055,12.0,2.7279961109161377
2026-06-10 06:40:03+00:00,1.0,122.5999984741211,1.0,44.635318756103516,25.90007781982422,12.0,3.222480058670044
2026-06-10 06:40:04+00:00,1.0,122.5999984741211,1.0,44.635318756103516,25.90008544921875,12.0,2.1372077465057373
2026-06-10 06:40:05+00:00,1.0,122.5,1.0,44.635318756103516,25.900089263916016,12.0,0.02778000198304653
2026-06-10 06:40:06+00:00,1.0,122.5,1.0,44.635318756103516,25.900089263916016,12.0,0.02778000198304653
2026-06-10 06:40:07+00:00,1.0,122.5999984741211,1.0,44.635318756103516,25.900089263916016,12.0,0.0037040002644062042
2026-06-10 06:40:08+00:00,1.0,122.5999984741211,1.0,44.635318756103516,25.900089263916016,12.0,0.0037040002644062042
2026-06-10 06:40:09+00:00,1.0,122.5999984741211,1.0,44.635318756103516,25.900089263916016,12.0,0.02778000198304653
2026-06-10 06:40:10+00:00,1.0,122.5999984741211,1.0,44.635318756103516,25.900089263916016,12.0,0.022224001586437225
2026-06-10 06:40:11+00:00,1.0,122.5999984741211,1.0,44.635318756103516,25.900089263916016,12.0,0.03148400038480759
2026-06-10 06:40:12+00:00,1.0,122.5999984741211,1.0,44.63532638549805,25.900089263916016,12.0,0.048151999711990356
2026-06-10 06:40:13+00:00,1.0,122.69999694824219,1.0,44.63532638549805,25.900089263916016,12.0,0.022224001586437225
2026-06-10 06:40:14+00:00,1.0,122.69999694824219,1.0,44.63532638549805,25.90009307861328,12.0,0.022224001586437225
2026-06-10 06:40:15+00:00,1.0,122.69999694824219,1.0,44.63533401489258,25.90010643005371,12.0,3.2817442417144775
2026-06-10 06:40:16+00:00,1.0,122.69999694824219,1.0,44.63533401489258,25.900121688842773,12.0,5.326351642608643
2026-06-10 06:40:17+00:00,1.0,122.69999694824219,1.0,44.63534164428711,25.900142669677734,12.0,7.369108200073242
2026-06-10 06:40:18+00:00,1.0,122.69999694824219,1.0,44.635353088378906,25.900171279907227,12.0,9.447052001953125
2026-06-10 06:40:19+00:00,1.0,122.69999694824219,1.0,44.635353088378906,25.90020751953125,12.0,11.419431686401367
2026-06-10 06:40:20+00:00,1.0,0.09875893592834473,1.0,44.63536071777344,25.900251388549805,12.0,53.70058822631836
2026-06-10 06:40:21+00:00,1.0,122.69999694824219,1.0,44.63536071777344,25.900251388549805,12.0,15.719776153564453
2026-06-10 06:40:22+00:00,1.0,122.69999694824219,1.0,44.6353759765625,25.900365829467773,12.0,18.408878326416016
2026-06-10 06:40:23+00:00,1.0,123.19999694824219,1.0,44.6353759765625,25.900440216064453,12.0,20.970197677612305
2026-06-10 06:40:24+00:00,1.0,30.799999237060547,1.0,44.6353759765625,25.900440216064453,12.0,20.970197677612305
2026-06-10 06:40:25+00:00,1.0,123.0999984741211,1.0,44.6353759765625,25.900606155395508,12.0,25.75761604309082
2026-06-10 06:40:26+00:00,1.0,123.0,1.0,44.63539123535156,25.900691986083984,12.0,25.75761604309082
2026-06-10 06:40:27+00:00,1.0,123.0,1.0,44.63542556762695,25.900774002075195,12.0,25.75761604309082
2026-06-10 06:40:28+00:00,1.0,123.0,1.0,44.635475158691406,25.900835037231445,12.0,25.577974319458008
2026-06-10 06:40:29+00:00,1.0,123.0999984741211,1.0,44.63551330566406,25.90089988708496,12.0,25.577974319458008
2026-06-10 06:40:30+00:00,1.0,123.0999984741211,1.0,44.63551330566406,25.90089988708496,12.0,25.577974319458008
2026-06-10 06:40:31+00:00,1.0,123.0,1.0,44.63551330566406,25.90106964111328,12.0,26.96882438659668
2026-06-10 06:40:32+00:00,1.0,123.0,1.0,44.63546371459961,25.901134490966797,12.0,26.96882438659668
2026-06-10 06:40:33+00:00,1.0,122.80000305175781,1.0,44.63539123535156,25.901155471801758,12.0,30.669118881225586
2026-06-10 06:40:34+00:00,1.0,122.80000305175781,1.0,44.635311126708984,25.90113067626953,12.0,32.48223114013672
2026-06-10 06:40:35+00:00,1.0,122.80000305175781,1.0,44.63525390625,25.90105438232422,12.0,34.10457992553711
2026-06-10 06:40:36+00:00,1.0,122.80000305175781,1.0,44.635196685791016,25.90096092224121,12.0,36.17326736450195
2026-06-10 06:40:37+00:00,1.0,122.9000015258789,1.0,44.63514709472656,25.900846481323242,12.0,38.37158966064453
2026-06-10 06:40:38+00:00,1.0,122.9000015258789,1.0,44.63514709472656,25.900846481323242,12.0,38.37158966064453
2026-06-10 06:40:39+00:00,1.0,122.9000015258789,1.0,44.635066986083984,25.900590896606445,12.0,40.35693359375
2026-06-10 06:40:40+00:00,1.0,122.9000015258789,1.0,44.63505172729492,25.90045166015625,12.0,40.07543182373047
2026-06-10 06:40:41+00:00,1.0,122.9000015258789,1.0,44.63505172729492,25.900312423706055,12.0,40.045799255371094
2026-06-10 06:40:42+00:00,1.0,122.9000015258789,1.0,44.63504409790039,25.900171279907227,12.0,40.121726989746094
2026-06-10 06:40:43+00:00,1.0,122.9000015258789,1.0,44.63505172729492,25.90003204345703,12.0,40.0772819519043
2026-06-10 06:40:44+00:00,1.0,122.9000015258789,1.0,44.63505935668945,25.899890899658203,12.0,39.87541198730469
2026-06-10 06:40:45+00:00,1.0,122.9000015258789,1.0,44.635074615478516,25.899751663208008,12.0,40.47545623779297
2026-06-10 06:40:46+00:00,1.0,122.9000015258789,1.0,44.635074615478516,25.899614334106445,12.0,40.18840026855469
2026-06-10 06:40:47+00:00,1.0,0.0,1.0,44.63505935668945,25.89948272705078,12.0,8.821874482156886e-41
2026-06-10 06:40:48+00:00,1.0,122.9000015258789,1.0,44.63500213623047,25.899370193481445,12.0,38.31047439575195
2026-06-10 06:40:49+00:00,1.0,122.5999984741211,1.0,44.63492202758789,25.899288177490234,12.0,38.745689392089844
2026-06-10 06:40:50+00:00,1.0,122.5999984741211,1.0,44.63483810424805,25.899213790893555,12.0,38.745689392089844
2026-06-10 06:40:51+00:00,1.0,122.5999984741211,1.0,44.634765625,25.899133682250977,12.0,39.44575119018555
2026-06-10 06:40:53+00:00,1.0,122.69999694824219,1.0,44.63462829589844,25.89890480041504,12.0,42.20893096923828
2026-06-10 06:40:54+00:00,1.0,122.69999694824219,1.0,44.634586334228516,25.898778915405273,12.0,42.20893096923828
2026-06-10 06:40:55+00:00,1.0,122.69999694824219,1.0,44.634544372558594,25.898645401000977,12.0,41.75704574584961
2026-06-10 06:40:56+00:00,1.0,122.69999694824219,1.0,44.63450622558594,25.898509979248047,12.0,41.75704574584961
2026-06-10 06:40:57+00:00,1.0,122.69999694824219,1.0,44.63447189331055,25.898387908935547,12.0,35.119476318359375
2026-06-10 06:40:58+00:00,1.0,122.69999694824219,1.0,44.634456634521484,25.898286819458008,12.0,31.44510841369629
2026-06-10 06:40:59+00:00,1.0,122.5,1.0,44.63447189331055,25.898176193237305,12.0,31.389551162719727
2026-06-10 06:41:00+00:00,1.0,122.5,1.0,44.634521484375,25.898096084594727,12.0,32.03589630126953
2026-06-10 06:41:01+00:00,1.0,122.5,1.0,44.63459396362305,25.89805030822754,12.0,33.567501068115234
2026-06-10 06:41:02+00:00,1.0,122.5,1.0,44.63468551635742,25.898046493530273,12.0,35.56025314331055
2026-06-10 06:41:03+00:00,1.0,122.0999984741211,1.0,44.634765625,25.89807891845703,12.0,35.56025314331055
2026-06-10 06:41:04+00:00,1.0,122.19999694824219,1.0,44.63483810424805,25.898160934448242,12.0,35.56025314331055
2026-06-10 06:41:05+00:00,1.0,122.19999694824219,1.0,44.63487243652344,25.898279190063477,12.0,35.56025314331055
2026-06-10 06:41:06+00:00,1.0,122.19999694824219,1.0,44.63487243652344,25.898279190063477,12.0,35.56025314331055
2026-06-10 06:41:07+00:00,1.0,122.19999694824219,1.0,44.63485336303711,25.898523330688477,12.0,35.756561279296875
2026-06-10 06:41:08+00:00,1.0,122.19999694824219,1.0,44.63485336303711,25.898645401000977,12.0,35.70100402832031
2026-06-10 06:41:09+00:00,1.0,122.19999694824219,1.0,44.63487243652344,25.898771286010742,12.0,35.36208724975586
2026-06-10 06:41:10+00:00,1.0,122.19999694824219,1.0,44.63490295410156,25.898868560791016,12.0,32.66743087768555
2026-06-10 06:41:11+00:00,1.0,122.0999984741211,1.0,44.63496017456055,25.898921966552734,12.0,27.698511123657227
2026-06-10 06:41:12+00:00,1.0,122.0999984741211,1.0,44.63496017456055,25.898921966552734,12.0,26.57434844970703
2026-06-10 06:41:13+00:00,1.0,122.0999984741211,1.0,44.63508987426758,25.89886474609375,12.0,27.72443962097168
2026-06-10 06:41:14+00:00,1.0,122.0999984741211,1.0,44.63512420654297,25.898778915405273,12.0,27.72443962097168
2026-06-10 06:41:15+00:00,1.0,122.0999984741211,1.0,44.63512420654297,25.89867401123047,12.0,30.55059242248535
2026-06-10 06:41:16+00:00,1.0,122.0999984741211,1.0,44.63509750366211,25.898563385009766,12.0,32.78780746459961
2026-06-10 06:41:17+00:00,1.0,122.0999984741211,1.0,44.63509750366211,25.898448944091797,12.0,32.78780746459961
2026-06-10 06:41:18+00:00,1.0,122.19999694824219,1.0,44.635108947753906,25.898326873779297,12.0,32.78780746459961
2026-06-10 06:41:19+00:00,1.0,122.30000305175781,1.0,44.6351318359375,25.898197174072266,12.0,32.78780746459961
2026-06-10 06:41:20+00:00,1.0,122.4000015258789,1.0,44.63513946533203,25.898067474365234,12.0,32.78780746459961
2026-06-10 06:41:21+00:00,1.0,122.4000015258789,1.0,44.6351318359375,25.897945404052734,12.0,36.473289489746094
2026-06-10 06:41:22+00:00,1.0,122.30000305175781,1.0,44.63508987426758,25.897830963134766,12.0,36.473289489746094
2026-06-10 06:41:23+00:00,1.0,122.30000305175781,1.0,44.635032653808594,25.897741317749023,12.0,35.56395721435547
2026-06-10 06:41:24+00:00,1.0,122.4000015258789,1.0,44.635032653808594,25.897741317749023,12.0,36.047325134277344
2026-06-10 06:41:25+00:00,1.0,122.4000015258789,1.0,44.63485336303711,25.897693634033203,12.0,36.047325134277344
2026-06-10 06:41:26+00:00,1.0,122.4000015258789,1.0,44.634765625,25.897701263427734,12.0,35.243560791015625
2026-06-10 06:41:27+00:00,1.0,122.4000015258789,1.0,44.63469314575195,25.897708892822266,12.0,28.552284240722656
2026-06-10 06:41:28+00:00,1.0,122.4000015258789,1.0,44.634620666503906,25.897705078125,12.0,26.8225154876709
2026-06-10 06:41:29+00:00,1.0,122.69999694824219,1.0,44.63455581665039,25.897680282592773,12.0,26.34284782409668
2026-06-10 06:41:30+00:00,1.0,122.69999694824219,1.0,44.63455581665039,25.897680282592773,12.0,26.34284782409668
2026-06-10 06:41:31+00:00,1.0,122.69999694824219,1.0,44.63455581665039,25.897680282592773,12.0,26.34284782409668
2026-06-10 06:41:32+00:00,1.0,122.69999694824219,1.0,44.63443374633789,25.897493362426758,12.0,23.988956451416016
2026-06-10 06:41:33+00:00,1.0,122.80000305175781,1.0,44.634422302246094,25.897411346435547,12.0,23.548179626464844
2026-06-10 06:41:34+00:00,1.0,122.80000305175781,1.0,44.634422302246094,25.89733123779297,12.0,24.30379867553711
2026-06-10 06:41:35+00:00,1.0,122.80000305175781,1.0,44.63443374633789,25.897241592407227,12.0,25.52611541748047
2026-06-10 06:41:36+00:00,1.0,122.80000305175781,1.0,44.63444900512695,25.897151947021484,12.0,27.296627044677734
2026-06-10 06:41:37+00:00,1.0,122.80000305175781,1.0,44.634464263916016,25.89705467224121,12.0,29.261600494384766
2026-06-10 06:41:38+00:00,1.0,122.80000305175781,1.0,44.634498596191406,25.896955490112305,12.0,31.332134246826172
2026-06-10 06:41:39+00:00,1.0,122.80000305175781,1.0,44.63453674316406,25.896854400634766,12.0,33.006343841552734
2026-06-10 06:41:40+00:00,1.0,122.9000015258789,1.0,44.634586334228516,25.896757125854492,12.0,35.143550872802734
2026-06-10 06:41:41+00:00,1.0,122.9000015258789,1.0,44.6346435546875,25.89666748046875,12.0,37.097412109375
2026-06-10 06:41:42+00:00,1.0,122.9000015258789,1.0,44.63473129272461,25.896595001220703,12.0,37.15667724609375
2026-06-10 06:41:43+00:00,1.0,122.9000015258789,1.0,44.63481521606445,25.896541595458984,12.0,36.910362243652344
2026-06-10 06:41:44+00:00,1.0,122.9000015258789,1.0,44.63490295410156,25.896512985229492,12.0,38.88088607788086
2026-06-10 06:41:45+00:00,1.0,123.0,1.0,44.635009765625,25.89650535583496,12.0,41.284786224365234
2026-06-10 06:41:46+00:00,1.0,123.0,1.0,44.635009765625,25.89650535583496,12.0,41.284786224365234
2026-06-10 06:41:47+00:00,1.0,122.9000015258789,1.0,44.63520431518555,25.896610260009766,12.0,45.85737228393555
2026-06-10 06:41:48+00:00,1.0,122.9000015258789,1.0,44.63529586791992,25.896717071533203,12.0,45.85737228393555
2026-06-10 06:41:49+00:00,1.0,122.9000015258789,1.0,44.6353759765625,25.896854400634766,12.0,45.85737228393555
2026-06-10 06:41:50+00:00,1.0,122.9000015258789,1.0,44.63542556762695,25.897016525268555,12.0,51.69116973876953
2026-06-10 06:41:51+00:00,1.0,122.9000015258789,1.0,44.63545608520508,25.897199630737305,12.0,53.58206558227539
2026-06-10 06:41:52+00:00,1.0,122.9000015258789,1.0,44.635475158691406,25.89739227294922,12.0,55.80076217651367
2026-06-10 06:41:53+00:00,1.0,123.0999984741211,1.0,44.63548278808594,25.89759063720703,12.0,58.123165130615234
2026-06-10 06:41:54+00:00,1.0,123.0999984741211,1.0,44.63549041748047,25.897802352905273,12.0,58.123165130615234
2026-06-10 06:41:55+00:00,1.0,123.0999984741211,1.0,44.63548278808594,25.89801788330078,12.0,62.4290657043457
2026-06-10 06:41:56+00:00,1.0,123.0999984741211,1.0,44.63548278808594,25.898237228393555,12.0,62.4290657043457
2026-06-10 06:41:57+00:00,1.0,123.0999984741211,1.0,44.635475158691406,25.898469924926758,12.0,66.6627426147461
2026-06-10 06:41:58+00:00,1.0,123.0999984741211,1.0,44.63546371459961,25.898706436157227,12.0,68.89995574951172
2026-06-10 06:41:59+00:00,1.0,123.0,1.0,44.63546371459961,25.898954391479492,12.0,70.95011901855469
2026-06-10 06:42:00+00:00,1.0,123.0,1.0,44.63546371459961,25.899206161499023,12.0,70.95011901855469
2026-06-10 06:42:02+00:00,1.0,122.9000015258789,1.0,44.63548278808594,25.89972686767578,12.0,75.56900787353516
2026-06-10 06:42:03+00:00,1.0,122.9000015258789,1.0,44.635498046875,25.899991989135742,12.0,75.56900787353516
2026-06-10 06:42:04+00:00,1.0,122.9000015258789,1.0,44.63551330566406,25.900224685668945,12.0,64.8607406616211
2026-06-10 06:42:05+00:00,1.0,122.9000015258789,1.0,44.63553237915039,25.900423049926758,12.0,54.46361541748047
2026-06-10 06:42:06+00:00,1.0,122.9000015258789,1.0,44.635555267333984,25.900590896606445,12.0,45.333251953125
2026-06-10 06:42:07+00:00,1.0,123.0,1.0,44.63557052612305,25.90073585510254,12.0,41.28108215332031
2026-06-10 06:42:08+00:00,1.0,123.0,1.0,44.63557815551758,25.900867462158203,12.0,36.66033935546875
2026-06-10 06:42:09+00:00,1.0,122.9000015258789,1.0,44.635555267333984,25.900989532470703,12.0,36.66033935546875
2026-06-10 06:42:10+00:00,1.0,122.9000015258789,1.0,44.63550567626953,25.901086807250977,12.0,36.66033935546875
2026-06-10 06:42:11+00:00,1.0,122.9000015258789,1.0,44.63542556762695,25.90114402770996,12.0,36.66033935546875
2026-06-10 06:42:12+00:00,1.0,122.5999984741211,1.0,44.63534164428711,25.901140213012695,12.0,35.584327697753906
2026-06-10 06:42:13+00:00,1.0,122.5999984741211,1.0,44.63526153564453,25.901073455810547,12.0,35.584327697753906
2026-06-10 06:42:14+00:00,1.0,122.80000305175781,1.0,44.63520431518555,25.900976181030273,12.0,38.31417465209961
2026-06-10 06:42:15+00:00,1.0,122.9000015258789,1.0,44.63514709472656,25.90085792541504,12.0,40.4661979675293
2026-06-10 06:42:16+00:00,1.0,122.9000015258789,1.0,44.63509750366211,25.900728225708008,12.0,42.294124603271484
2026-06-10 06:42:17+00:00,1.0,122.9000015258789,1.0,44.63505935668945,25.900590896606445,12.0,42.58488845825195
2026-06-10 06:42:18+00:00,1.0,122.9000015258789,1.0,42.96455001831055,122.9000015258789,12.0,42.96455001831055
2026-06-10 06:42:19+00:00,1.0,122.80000305175781,1.0,44.63504409790039,25.900297164916992,12.0,43.634971618652344
2026-06-10 06:42:20+00:00,1.0,122.5999984741211,1.0,44.63504409790039,25.90013885498047,12.0,44.64060974121094
2026-06-10 06:42:21+00:00,1.0,1.6276252131768043e-29,1.0,44.63504409790039,25.90013885498047,12.0,1.474799512360862e-29
2026-06-10 06:42:23+00:00,1.0,122.5999984741211,1.0,44.635074615478516,25.89966583251953,12.0,44.98137664794922
2026-06-10 06:42:24+00:00,1.0,122.5999984741211,1.0,44.63505935668945,25.89951515197754,12.0,43.922035217285156
2026-06-10 06:42:25+00:00,1.0,122.5999984741211,1.0,44.635009765625,25.899381637573242,12.0,42.70711898803711
2026-06-10 06:42:26+00:00,1.0,122.5999984741211,1.0,44.63492202758789,25.8992919921875,12.0,42.70711898803711
2026-06-10 06:42:27+00:00,1.0,122.69999694824219,1.0,44.634830474853516,25.899213790893555,12.0,44.29057693481445
2026-06-10 06:42:28+00:00,1.0,122.69999694824219,1.0,44.634830474853516,25.899213790893555,12.0,44.29057693481445
2026-06-10 06:42:29+00:00,1.0,122.69999694824219,1.0,44.63467788696289,25.898998260498047,12.0,44.93136978149414
2026-06-10 06:42:30+00:00,1.0,122.69999694824219,1.0,44.63460159301758,25.89886474609375,12.0,44.2646484375
2026-06-10 06:42:31+00:00,1.0,122.69999694824219,1.0,44.63456344604492,25.898725509643555,12.0,43.65349197387695
2026-06-10 06:42:32+00:00,1.0,122.69999694824219,1.0,44.634521484375,25.898588180541992,12.0,41.86631393432617
2026-06-10 06:42:33+00:00,1.0,122.69999694824219,1.0,44.63448715209961,25.89845848083496,12.0,38.79569625854492
2026-06-10 06:42:34+00:00,1.0,122.69999694824219,1.0,44.634456634521484,25.898344039916992,12.0,33.97864532470703
2026-06-10 06:42:35+00:00,1.0,122.69999694824219,1.0,44.634456634521484,25.898237228393555,12.0,30.62467384338379
2026-06-10 06:42:36+00:00,1.0,122.69999694824219,1.0,44.63448715209961,25.898143768310547,12.0,31.23212432861328
2026-06-10 06:42:37+00:00,1.0,122.69999694824219,1.0,44.634544372558594,25.8980712890625,12.0,33.34525680541992
2026-06-10 06:42:38+00:00,1.0,122.69999694824219,1.0,0.17435401678085327,0.9861165285110474,12.0,35.1213264465332
2026-06-10 06:42:39+00:00,1.0,122.69999694824219,1.0,44.63472366333008,25.898054122924805,12.0,36.773311614990234
2026-06-10 06:42:40+00:00,1.0,122.69999694824219,1.0,44.63479995727539,25.898115158081055,12.0,37.08259582519531
2026-06-10 06:42:41+00:00,1.0,122.69999694824219,1.0,44.63485336303711,25.898218154907227,12.0,37.23075866699219
2026-06-10 06:42:42+00:00,1.0,122.69999694824219,1.0,44.634864807128906,25.898340225219727,12.0,37.345577239990234
2026-06-10 06:42:43+00:00,1.0,122.69999694824219,1.0,44.63484573364258,25.898466110229492,12.0,37.34002685546875
2026-06-10 06:42:44+00:00,1.0,122.69999694824219,1.0,44.634830474853516,25.898591995239258,12.0,36.906654357910156
2026-06-10 06:42:45+00:00,1.0,122.69999694824219,1.0,44.63483810424805,25.89872169494629,12.0,38.1549072265625
2026-06-10 06:42:46+00:00,1.0,122.69999694824219,1.0,44.63488006591797,25.898839950561523,12.0,36.83442687988281
2026-06-10 06:42:47+00:00,1.0,122.69999694824219,1.0,44.634944915771484,25.89890480041504,12.0,32.847076416015625
2026-06-10 06:42:48+00:00,1.0,122.19999694824219,1.0,44.63502502441406,25.89891815185547,12.0,30.30242347717285
2026-06-10 06:42:49+00:00,1.0,122.19999694824219,1.0,44.63508987426758,25.898868560791016,12.0,30.30242347717285
2026-06-10 06:42:50+00:00,1.0,122.19999694824219,1.0,44.63508987426758,25.898868560791016,12.0,30.30242347717285
2026-06-10 06:42:51+00:00,1.0,122.19999694824219,1.0,44.6351318359375,25.898664474487305,12.0,33.195247650146484
2026-06-10 06:42:52+00:00,1.0,122.19999694824219,1.0,44.63513946533203,25.898542404174805,12.0,35.56766128540039
2026-06-10 06:42:53+00:00,1.0,122.19999694824219,1.0,44.63514709472656,25.898412704467773,12.0,37.930809020996094
2026-06-10 06:42:54+00:00,1.0,122.19999694824219,1.0,44.63514709472656,25.898283004760742,12.0,40.47916030883789
2026-06-10 06:42:55+00:00,1.0,122.19999694824219,1.0,44.63513946533203,25.898136138916016,12.0,42.405242919921875
2026-06-10 06:42:56+00:00,1.0,122.69999694824219,1.0,44.6351318359375,25.897985458374023,12.0,41.65703582763672
2026-06-10 06:42:57+00:00,1.0,122.80000305175781,1.0,44.63509750366211,25.897855758666992,12.0,41.65703582763672
2026-06-10 06:42:58+00:00,1.0,122.69999694824219,1.0,44.635032653808594,25.897748947143555,12.0,41.65703582763672
2026-06-10 06:42:59+00:00,1.0,122.80000305175781,1.0,44.63493728637695,25.897701263427734,12.0,40.00690460205078
2026-06-10 06:43:00+00:00,1.0,122.80000305175781,1.0,44.63493728637695,25.897701263427734,12.0,40.00690460205078
2026-06-10 06:43:01+00:00,1.0,122.80000305175781,1.0,44.63473129272461,25.89771270751953,12.0,41.0810661315918
2026-06-10 06:43:02+00:00,1.0,122.80000305175781,1.0,44.63462829589844,25.897705078125,12.0,40.060611724853516
2026-06-10 06:43:03+00:00,1.0,122.80000305175781,1.0,44.634544372558594,25.89765167236328,12.0,38.93089294433594
2026-06-10 06:43:04+00:00,1.0,123.19999694824219,1.0,44.63447952270508,25.897546768188477,12.0,38.391963958740234
2026-06-10 06:43:05+00:00,1.0,123.19999694824219,1.0,44.63444900512695,25.897417068481445,12.0,39.52353286743164
2026-06-10 06:43:06+00:00,1.0,123.19999694824219,1.0,44.63444137573242,25.89727783203125,12.0,39.52353286743164
2026-06-10 06:43:07+00:00,1.0,123.19999694824219,1.0,44.63444137573242,25.89727783203125,12.0,39.52353286743164
2026-06-10 06:43:08+00:00,1.0,123.19999694824219,1.0,44.63448715209961,25.896984100341797,12.0,45.50734329223633
2026-06-10 06:43:09+00:00,1.0,123.19999694824219,1.0,44.63455581665039,25.89684295654297,12.0,47.61492156982422
2026-06-10 06:43:10+00:00,1.0,123.19999694824219,1.0,44.63455581665039,25.89684295654297,12.0,47.61492156982422
2026-06-10 06:43:11+00:00,1.0,123.4000015258789,1.0,44.634742736816406,25.89661407470703,12.0,51.711544036865234
2026-06-10 06:43:12+00:00,1.0,123.30000305175781,1.0,44.63485336303711,25.896541595458984,12.0,52.39863967895508
2026-06-10 06:43:13+00:00,1.0,123.19999694824219,1.0,44.634986877441406,25.89652442932129,12.0,52.406044006347656
2026-06-10 06:43:14+00:00,1.0,123.0999984741211,1.0,44.63511657714844,25.896556854248047,12.0,52.406044006347656
2026-06-10 06:43:15+00:00,1.0,123.0999984741211,1.0,44.635231018066406,25.89664649963379,12.0,53.82837677001953
2026-06-10 06:43:16+00:00,1.0,123.0999984741211,1.0,44.63533401489258,25.89678192138672,12.0,55.3396110534668
2026-06-10 06:43:17+00:00,1.0,123.0999984741211,1.0,44.635398864746094,25.896947860717773,12.0,56.65082931518555
2026-06-10 06:43:18+00:00,1.0,123.30000305175781,1.0,44.635440826416016,25.897138595581055,12.0,58.265769958496094
2026-06-10 06:43:19+00:00,1.0,123.30000305175781,1.0,44.63546371459961,25.89734649658203,12.0,58.265769958496094
2026-06-10 06:43:20+00:00,1.0,123.30000305175781,1.0,44.63546371459961,25.89734649658203,12.0,60.30667495727539
2026-06-10 06:43:21+00:00,1.0,123.19999694824219,1.0,44.635475158691406,25.89778709411621,12.0,64.49404907226562
2026-06-10 06:43:22+00:00,1.0,123.19999694824219,1.0,44.63546371459961,25.89801788330078,12.0,64.49404907226562
2026-06-10 06:43:23+00:00,1.0,123.19999694824219,1.0,44.63545608520508,25.898250579833984,12.0,68.59992980957031
2026-06-10 06:43:24+00:00,1.0,123.19999694824219,1.0,44.63544845581055,25.898494720458984,12.0,70.64269256591797
2026-06-10 06:43:25+00:00,1.0,123.19999694824219,1.0,44.63544845581055,25.898746490478516,12.0,72.73359680175781
2026-06-10 06:43:26+00:00,1.0,123.19999694824219,1.0,44.63544845581055,25.89900779724121,12.0,74.68375396728516
2026-06-10 06:43:27+00:00,1.0,123.19999694824219,1.0,44.63546371459961,25.89927101135254,12.0,76.48204803466797
2026-06-10 06:43:28+00:00,1.0,123.0999984741211,1.0,44.63548278808594,25.899539947509766,12.0,78.18032836914062
2026-06-10 06:43:29+00:00,1.0,123.0999984741211,1.0,44.635498046875,25.89982032775879,12.0,80.0989990234375
2026-06-10 06:43:30+00:00,1.0,123.0999984741211,1.0,44.635520935058594,25.90009307861328,12.0,79.2044906616211
2026-06-10 06:43:31+00:00,1.0,123.0999984741211,1.0,44.63554000854492,25.900341033935547,12.0,67.88690948486328
2026-06-10 06:43:32+00:00,1.0,123.0999984741211,1.0,44.635555267333984,25.900545120239258,12.0,53.41908645629883
2026-06-10 06:43:33+00:00,1.0,123.0999984741211,1.0,44.63557052612305,25.900699615478516,12.0,40.96623992919922
2026-06-10 06:43:34+00:00,1.0,123.0999984741211,1.0,44.63557052612305,25.90083885192871,12.0,40.06987380981445
2026-06-10 06:43:35+00:00,1.0,0.0,1.0,44.63557052612305,25.90083885192871,12.0,2.9644034610267564e-39
2026-06-10 06:43:36+00:00,1.0,123.0999984741211,1.0,44.635498046875,25.901079177856445,12.0,38.55678939819336
2026-06-10 06:43:37+00:00,1.0,121.30000305175781,2.0,44.63541793823242,25.901140213012695,12.0,37.090003967285156
2026-06-10 06:43:38+00:00,1.0,121.4000015258789,2.0,44.635318756103516,25.901134490966797,12.0,37.090003967285156
2026-06-10 06:43:39+00:00,1.0,121.4000015258789,2.0,44.63524627685547,25.901065826416016,12.0,38.63271713256836
2026-06-10 06:43:40+00:00,1.0,121.5,2.0,44.63518142700195,25.900964736938477,12.0,40.11246871948242
2026-06-10 06:43:41+00:00,1.0,121.5,2.0,44.63513946533203,25.900835037231445,12.0,42.18115234375
2026-06-10 06:43:42+00:00,1.0,121.5,2.0,44.63508987426758,25.900691986083984,12.0,44.44614791870117
2026-06-10 06:43:43+00:00,1.0,121.5,2.0,44.63505935668945,25.900541305541992,12.0,44.44614791870117
2026-06-10 06:43:44+00:00,1.0,121.5,2.0,44.63504409790039,25.900373458862305,12.0,48.97243881225586
2026-06-10 06:43:45+00:00,1.0,121.5,2.0,44.63504409790039,25.90019989013672,12.0,50.889251708984375
2026-06-10 06:43:46+00:00,1.0,121.5,2.0,44.63505172729492,25.900020599365234,12.0,51.315216064453125
2026-06-10 06:43:47+00:00,1.0,121.5,2.0,44.63505935668945,25.899845123291016,12.0,50.909629821777344
2026-06-10 06:43:48+00:00,1.0,121.5,2.0,44.635066986083984,25.899669647216797,12.0,50.09104537963867
2026-06-10 06:43:49+00:00,1.0,121.19999694824219,2.0,44.63505172729492,25.899511337280273,12.0,43.5423698425293
2026-06-10 06:43:50+00:00,1.0,121.19999694824219,2.0,44.635009765625,25.899389266967773,12.0,37.49559783935547
2026-06-10 06:43:51+00:00,1.0,121.4000015258789,2.0,44.63493728637695,25.899303436279297,12.0,37.49559783935547
2026-06-10 06:43:52+00:00,1.0,121.4000015258789,2.0,44.63493728637695,25.899303436279297,12.0,37.49559783935547
2026-06-10 06:43:53+00:00,1.0,121.4000015258789,2.0,44.634765625,25.899166107177734,12.0,41.91261291503906
2026-06-10 06:43:54+00:00,1.0,121.4000015258789,2.0,44.63469314575195,25.899059295654297,12.0,43.2812385559082
2026-06-10 06:43:55+00:00,1.0,121.4000015258789,2.0,44.63469314575195,25.899059295654297,12.0,43.2812385559082
2026-06-10 06:43:56+00:00,1.0,121.5,2.0,44.634578704833984,25.898807525634766,12.0,41.9015007019043
2026-06-10 06:43:57+00:00,1.0,121.5,2.0,44.634578704833984,25.898807525634766,12.0,41.9015007019043
2026-06-10 06:43:58+00:00,1.0,121.5,2.0,44.63450622558594,25.898542404174805,12.0,38.780879974365234
2026-06-10 06:43:59+00:00,1.0,121.5,2.0,44.63450622558594,25.898542404174805,12.0,38.780879974365234
2026-06-10 06:44:00+00:00,1.0,121.9000015258789,2.0,44.63444900512695,25.898298263549805,12.0,37.658565521240234
2026-06-10 06:44:01+00:00,1.0,121.9000015258789,2.0,44.63444900512695,25.898298263549805,12.0,37.658565521240234
2026-06-10 06:44:02+00:00,1.0,121.9000015258789,2.0,44.63452911376953,25.898088455200195,12.0,36.028804779052734
2026-06-10 06:44:03+00:00,1.0,121.5999984741211,2.0,44.634620666503906,25.89805030822754,12.0,37.415958404541016
2026-06-10 06:44:04+00:00,1.0,121.5,2.0,44.63471603393555,25.89806365966797,12.0,37.415958404541016
2026-06-10 06:44:05+00:00,1.0,121.5999984741211,2.0,44.63479995727539,25.898128509521484,12.0,38.47529983520508
2026-06-10 06:44:06+00:00,1.0,121.5999984741211,2.0,44.63484573364258,25.898229598999023,12.0,38.47529983520508
2026-06-10 06:44:07+00:00,1.0,121.69999694824219,2.0,44.634864807128906,25.898351669311523,12.0,36.89924621582031
2026-06-10 06:44:08+00:00,1.0,121.69999694824219,2.0,44.63483810424805,25.89847755432129,12.0,36.89924621582031
2026-06-10 06:44:09+00:00,1.0,121.80000305175781,2.0,44.634822845458984,25.898609161376953,12.0,36.89924621582031
2026-06-10 06:44:10+00:00,1.0,121.80000305175781,2.0,44.634822845458984,25.898609161376953,12.0,36.89924621582031
2026-06-10 06:44:11+00:00,1.0,121.80000305175781,2.0,44.63487243652344,25.898847579956055,12.0,35.52876663208008
2026-06-10 06:44:12+00:00,1.0,121.80000305175781,2.0,44.63492965698242,25.89891815185547,12.0,31.43029022216797
2026-06-10 06:44:13+00:00,1.0,121.80000305175781,2.0,44.63500213623047,25.898942947387695,12.0,28.754152297973633
2026-06-10 06:44:14+00:00,1.0,121.80000305175781,2.0,44.635066986083984,25.898897171020508,12.0,29.315309524536133
2026-06-10 06:44:15+00:00,1.0,121.9000015258789,2.0,44.63511657714844,25.89882469177246,12.0,30.919139862060547
2026-06-10 06:44:16+00:00,1.0,121.9000015258789,2.0,44.63511657714844,25.89882469177246,12.0,30.919139862060547
2026-06-10 06:44:17+00:00,1.0,122.0,2.0,44.635154724121094,25.898595809936523,12.0,35.20096206665039
2026-06-10 06:44:18+00:00,1.0,122.0999984741211,2.0,44.635154724121094,25.898469924926758,12.0,35.20096206665039
2026-06-10 06:44:19+00:00,1.0,122.0999984741211,2.0,44.635154724121094,25.898469924926758,12.0,35.20096206665039
2026-06-10 06:44:20+00:00,1.0,122.0999984741211,2.0,44.63514709472656,25.898189544677734,12.0,41.0792121887207
2026-06-10 06:44:21+00:00,1.0,122.0999984741211,2.0,44.63514709472656,25.898046493530273,12.0,41.0792121887207
2026-06-10 06:44:22+00:00,1.0,122.0999984741211,2.0,44.63512420654297,25.89790916442871,12.0,40.503238677978516
2026-06-10 06:44:23+00:00,1.0,122.5999984741211,2.0,44.635074615478516,25.897794723510742,12.0,40.51620101928711
2026-06-10 06:44:24+00:00,1.0,122.5999984741211,2.0,44.634986877441406,25.89771270751953,12.0,39.406856536865234
2026-06-10 06:44:25+00:00,1.0,122.5999984741211,2.0,44.63489532470703,25.897687911987305,12.0,38.86236572265625
2026-06-10 06:44:26+00:00,1.0,122.5999984741211,2.0,44.63479995727539,25.89769744873047,12.0,38.32343673706055
2026-06-10 06:44:27+00:00,1.0,122.5999984741211,2.0,44.634708404541016,25.897708892822266,12.0,37.67338562011719
2026-06-10 06:44:28+00:00,1.0,122.5999984741211,2.0,44.63460922241211,25.89769744873047,12.0,36.66033935546875
2026-06-10 06:44:29+00:00,1.0,122.5999984741211,2.0,44.63453674316406,25.897632598876953,12.0,36.22697067260742
2026-06-10 06:44:30+00:00,1.0,122.5999984741211,2.0,44.63447952270508,25.897525787353516,12.0,36.96221160888672
2026-06-10 06:44:31+00:00,1.0,122.5999984741211,2.0,44.63444900512695,25.897403717041016,12.0,38.471595764160156
2026-06-10 06:44:32+00:00,1.0,122.80000305175781,2.0,44.63443374633789,25.897274017333984,12.0,39.5790901184082
2026-06-10 06:44:33+00:00,1.0,122.80000305175781,2.0,44.63443374633789,25.897274017333984,12.0,39.5790901184082
2026-06-10 06:44:34+00:00,1.0,122.5999984741211,2.0,44.634464263916016,25.897001266479492,12.0,41.301448822021484
2026-06-10 06:44:35+00:00,1.0,122.4000015258789,2.0,44.63451385498047,25.89687156677246,12.0,41.301448822021484
2026-06-10 06:44:36+00:00,1.0,122.5999984741211,2.0,44.634586334228516,25.89674949645996,12.0,41.301448822021484
2026-06-10 06:44:37+00:00,1.0,122.69999694824219,2.0,44.63467788696289,25.896642684936523,12.0,47.25192642211914
2026-06-10 06:44:38+00:00,1.0,122.69999694824219,2.0,44.63478088378906,25.896556854248047,12.0,47.25192642211914
2026-06-10 06:44:39+00:00,1.0,122.5,2.0,44.63478088378906,25.896556854248047,12.0,47.25192642211914
2026-06-10 06:44:40+00:00,1.0,122.4000015258789,2.0,44.635032653808594,25.896512985229492,12.0,47.25192642211914
2026-06-10 06:44:41+00:00,1.0,122.30000305175781,2.0,44.63514709472656,25.896574020385742,12.0,47.25192642211914
2026-06-10 06:44:42+00:00,1.0,122.30000305175781,2.0,44.63514709472656,25.896574020385742,12.0,47.25192642211914
2026-06-10 06:44:43+00:00,1.0,122.30000305175781,2.0,44.63536071777344,25.896833419799805,12.0,57.089752197265625
2026-06-10 06:44:44+00:00,1.0,122.5,2.0,44.63541793823242,25.897016525268555,12.0,57.089752197265625
2026-06-10 06:44:46+00:00,1.0,122.5,2.0,44.63546371459961,25.897436141967773,12.0,62.07904052734375
2026-06-10 06:44:47+00:00,1.0,122.5,2.0,44.635475158691406,25.897655487060547,12.0,64.19586944580078
2026-06-10 06:44:48+00:00,1.0,122.5,2.0,44.63548278808594,25.897884368896484,12.0,66.29789733886719
2026-06-10 06:44:49+00:00,1.0,122.5,2.0,44.63549041748047,25.89812469482422,12.0,68.44251251220703
2026-06-10 06:44:50+00:00,1.0,122.5,2.0,44.635498046875,25.898365020751953,12.0,70.45563507080078
2026-06-10 06:44:51+00:00,1.0,122.5,2.0,44.63550567626953,25.898616790771484,12.0,72.53173065185547
2026-06-10 06:44:52+00:00,1.0,122.5,2.0,44.63550567626953,25.89887237548828,12.0,74.637451171875
2026-06-10 06:44:53+00:00,1.0,122.5,2.0,44.63551330566406,25.899141311645508,12.0,76.49501037597656
2026-06-10 06:44:54+00:00,1.0,122.5,2.0,44.635520935058594,25.89940643310547,12.0,77.27470397949219
2026-06-10 06:44:55+00:00,1.0,122.5,2.0,44.63553237915039,25.899669647216797,12.0,73.68367767333984
2026-06-10 06:44:56+00:00,1.0,121.69999694824219,2.0,44.63554000854492,25.89990997314453,12.0,67.46650695800781
2026-06-10 06:44:57+00:00,1.0,121.5999984741211,2.0,44.63554763793945,25.900135040283203,12.0,67.46650695800781
2026-06-10 06:44:58+00:00,1.0,121.5,2.0,44.635555267333984,25.90032958984375,12.0,67.46650695800781
2026-06-10 06:44:59+00:00,1.0,121.5,2.0,44.635562896728516,25.900501251220703,12.0,67.46650695800781
2026-06-10 06:45:00+00:00,1.0,121.30000305175781,2.0,44.63557052612305,25.900659561157227,12.0,45.02952575683594
2026-06-10 06:45:01+00:00,1.0,121.4000015258789,2.0,44.63557052612305,25.90081024169922,12.0,45.02952575683594
2026-06-10 06:45:02+00:00,1.0,121.4000015258789,2.0,44.63557052612305,25.90081024169922,12.0,45.02952575683594
2026-06-10 06:45:03+00:00,1.0,121.4000015258789,2.0,44.63551330566406,25.901058197021484,12.0,38.049339294433594
2026-06-10 06:45:04+00:00,1.0,121.4000015258789,2.0,44.635440826416016,25.901134490966797,12.0,37.804874420166016
2026-06-10 06:45:05+00:00,1.0,121.4000015258789,2.0,44.635353088378906,25.901147842407227,12.0,37.804874420166016
2026-06-10 06:45:06+00:00,1.0,121.4000015258789,2.0,44.63526153564453,25.901098251342773,12.0,38.975341796875
2026-06-10 06:45:07+00:00,1.0,121.5,2.0,44.635189056396484,25.901004791259766,12.0,40.16802978515625
2026-06-10 06:45:08+00:00,1.0,121.5,2.0,44.635189056396484,25.901004791259766,12.0,40.16802978515625
2026-06-10 06:45:09+00:00,1.0,122.0,2.0,44.63509750366211,25.90073585510254,12.0,44.56837844848633
2026-06-10 06:45:10+00:00,1.0,122.0,2.0,44.63509750366211,25.90073585510254,12.0,44.56837844848633
2026-06-10 06:45:11+00:00,1.0,122.0,2.0,44.63505935668945,25.900407791137695,12.0,49.76508712768555
2026-06-10 06:45:12+00:00,1.0,122.0,2.0,44.63505172729492,25.900224685668945,12.0,52.50049591064453
2026-06-10 06:45:13+00:00,1.0,121.80000305175781,2.0,44.63505172729492,25.900041580200195,12.0,52.91164016723633
2026-06-10 06:45:14+00:00,1.0,122.0,2.0,44.63505172729492,25.899866104125977,12.0,52.91164016723633
2026-06-10 06:45:15+00:00,1.0,121.9000015258789,2.0,44.635066986083984,25.89971160888672,12.0,42.62748336791992
2026-06-10 06:45:16+00:00,1.0,122.0999984741211,2.0,44.635066986083984,25.899564743041992,12.0,42.62748336791992
2026-06-10 06:45:17+00:00,1.0,122.0999984741211,2.0,44.635066986083984,25.899564743041992,12.0,42.62748336791992
2026-06-10 06:45:18+00:00,1.0,122.0999984741211,2.0,44.63496017456055,25.89933204650879,12.0,40.14209747314453
2026-06-10 06:45:19+00:00,1.0,122.30000305175781,2.0,44.63487243652344,25.899274826049805,12.0,41.501468658447266
2026-06-10 06:45:20+00:00,1.0,122.30000305175781,2.0,44.63478088378906,25.89920997619629,12.0,41.49591064453125
2026-06-10 06:45:21+00:00,1.0,122.80000305175781,2.0,44.63478088378906,25.89920997619629,12.0,42.78675842285156
2026-06-10 06:45:22+00:00,1.0,123.0999984741211,2.0,44.6346435546875,25.898983001708984,12.0,44.66283416748047
2026-06-10 06:45:23+00:00,1.0,123.0999984741211,2.0,44.6346435546875,25.898983001708984,12.0,44.66283416748047
2026-06-10 06:45:24+00:00,1.0,123.30000305175781,2.0,44.634544372558594,25.89868927001953,12.0,46.34444808959961
2026-06-10 06:45:25+00:00,1.0,123.30000305175781,2.0,44.634544372558594,25.89868927001953,12.0,46.34444808959961
2026-06-10 06:45:26+00:00,1.0,123.4000015258789,2.0,44.634464263916016,25.898420333862305,12.0,37.48448181152344
2026-06-10 06:45:27+00:00,1.0,123.4000015258789,2.0,44.63444900512695,25.89830780029297,12.0,37.48448181152344
2026-06-10 06:45:28+00:00,1.0,123.4000015258789,2.0,44.63447189331055,25.898193359375,12.0,37.48448181152344
2026-06-10 06:45:29+00:00,1.0,122.69999694824219,2.0,44.63452911376953,25.89811134338379,12.0,34.92131042480469
2026-06-10 06:45:30+00:00,1.0,122.5999984741211,2.0,44.63460922241211,25.89806365966797,12.0,34.92131042480469
2026-06-10 06:45:31+00:00,1.0,122.5999984741211,2.0,44.634708404541016,25.898067474365234,12.0,34.92131042480469
2026-06-10 06:45:32+00:00,1.0,122.5999984741211,2.0,44.634708404541016,25.898067474365234,12.0,34.92131042480469
2026-06-10 06:45:33+00:00,1.0,122.5999984741211,2.0,44.63484573364258,25.898218154907227,12.0,37.69375228881836
2026-06-10 06:45:34+00:00,1.0,122.5999984741211,2.0,44.63487243652344,25.898340225219727,12.0,37.69375228881836
2026-06-10 06:45:35+00:00,1.0,122.5999984741211,2.0,44.63485336303711,25.898469924926758,12.0,37.69375228881836
2026-06-10 06:45:36+00:00,1.0,122.5999984741211,2.0,44.63484573364258,25.898595809936523,12.0,36.55292510986328
2026-06-10 06:45:37+00:00,1.0,122.19999694824219,2.0,44.63484573364258,25.89872169494629,12.0,36.234378814697266
2026-06-10 06:45:38+00:00,1.0,122.19999694824219,2.0,44.63488006591797,25.898839950561523,12.0,34.87871551513672
2026-06-10 06:45:39+00:00,1.0,122.19999694824219,2.0,44.63492965698242,25.898914337158203,12.0,31.211753845214844
2026-06-10 06:45:40+00:00,1.0,122.19999694824219,2.0,44.635009765625,25.898937225341797,12.0,29.6282958984375
2026-06-10 06:45:41+00:00,1.0,122.19999694824219,2.0,44.635074615478516,25.898893356323242,12.0,29.7579345703125
2026-06-10 06:45:42+00:00,1.0,122.19999694824219,2.0,44.63511657714844,25.898807525634766,12.0,31.483999252319336
2026-06-10 06:45:43+00:00,1.0,122.19999694824219,2.0,44.6351318359375,25.898693084716797,12.0,33.654544830322266
2026-06-10 06:45:44+00:00,1.0,122.19999694824219,2.0,44.63513946533203,25.898571014404297,12.0,35.92879867553711
2026-06-10 06:45:45+00:00,1.0,122.19999694824219,2.0,44.63514709472656,25.898441314697266,12.0,38.410484313964844
2026-06-10 06:45:46+00:00,1.0,122.19999694824219,2.0,44.63513946533203,25.898303985595703,12.0,40.85141372680664
2026-06-10 06:45:47+00:00,1.0,122.19999694824219,2.0,44.63513946533203,25.898157119750977,12.0,43.192344665527344
2026-06-10 06:45:48+00:00,1.0,122.19999694824219,2.0,44.6351318359375,25.89800262451172,12.0,43.66089630126953
2026-06-10 06:45:49+00:00,1.0,122.19999694824219,2.0,44.63509750366211,25.897863388061523,12.0,42.1607780456543
2026-06-10 06:45:50+00:00,1.0,122.19999694824219,2.0,44.635032653808594,25.897754669189453,12.0,41.925575256347656
2026-06-10 06:45:51+00:00,1.0,122.19999694824219,2.0,44.63493728637695,25.897701263427734,12.0,41.731117248535156
2026-06-10 06:45:52+00:00,1.0,122.19999694824219,2.0,44.634830474853516,25.89769744873047,12.0,42.30708694458008
2026-06-10 06:45:53+00:00,1.0,122.5,2.0,44.63473129272461,25.89771270751953,12.0,41.62925338745117
2026-06-10 06:45:54+00:00,1.0,122.4000015258789,2.0,44.634620666503906,25.897705078125,12.0,41.62925338745117
2026-06-10 06:45:55+00:00,1.0,122.4000015258789,2.0,44.634620666503906,25.897705078125,12.0,41.62925338745117
2026-06-10 06:45:56+00:00,1.0,122.4000015258789,2.0,44.63453674316406,25.89764404296875,12.0,41.62925338745117
2026-06-10 06:45:57+00:00,1.0,122.4000015258789,2.0,44.63444900512695,25.897403717041016,12.0,41.223670959472656
2026-06-10 06:45:58+00:00,1.0,122.4000015258789,2.0,44.63444137573242,25.89725685119629,12.0,43.051597595214844
2026-06-10 06:45:59+00:00,1.0,122.69999694824219,2.0,44.634464263916016,25.897111892700195,12.0,45.09804916381836
2026-06-10 06:46:00+00:00,1.0,122.69999694824219,2.0,44.63450622558594,25.896955490112305,12.0,45.09804916381836
2026-06-10 06:46:01+00:00,1.0,122.80000305175781,2.0,44.63456344604492,25.896806716918945,12.0,45.09804916381836
2026-06-10 06:46:02+00:00,1.0,123.0,2.0,44.6346435546875,25.89667510986328,12.0,50.49663162231445
2026-06-10 06:46:03+00:00,1.0,123.0,2.0,44.63475036621094,25.89656639099121,12.0,51.576351165771484
2026-06-10 06:46:04+00:00,1.0,123.0999984741211,2.0,44.63487243652344,25.896512985229492,12.0,52.39308166503906
2026-06-10 06:46:05+00:00,1.0,123.0999984741211,2.0,44.63487243652344,25.896512985229492,12.0,52.39308166503906
2026-06-10 06:46:06+00:00,1.0,123.0999984741211,2.0,44.63513946533203,25.896562576293945,12.0,56.16560363769531
2026-06-10 06:46:07+00:00,1.0,123.0999984741211,2.0,44.63513946533203,25.896562576293945,12.0,56.16560363769531
2026-06-10 06:46:08+00:00,1.0,122.9000015258789,2.0,44.63525390625,25.89666748046875,12.0,56.88973617553711
2026-06-10 06:46:09+00:00,1.0,123.0,2.0,44.63541030883789,25.897008895874023,12.0,59.121395111083984
2026-06-10 06:46:10+00:00,1.0,123.0,2.0,44.635440826416016,25.897212982177734,12.0,60.819679260253906
2026-06-10 06:46:11+00:00,1.0,123.0,2.0,44.63546371459961,25.897428512573242,12.0,62.936519622802734
2026-06-10 06:46:12+00:00,1.0,123.0,2.0,44.63548278808594,25.897655487060547,12.0,65.03297424316406
2026-06-10 06:46:13+00:00,1.0,123.0,2.0,44.63549041748047,25.897884368896484,12.0,67.13129425048828
2026-06-10 06:46:14+00:00,1.0,122.80000305175781,2.0,44.635498046875,25.898128509521484,12.0,69.28887176513672
2026-06-10 06:46:15+00:00,1.0,122.80000305175781,2.0,44.63550567626953,25.89836883544922,12.0,69.28887176513672
2026-06-10 06:46:16+00:00,1.0,122.69999694824219,2.0,44.63550567626953,25.898624420166016,12.0,69.28887176513672
2026-06-10 06:46:17+00:00,1.0,122.5999984741211,2.0,44.63551330566406,25.89888572692871,12.0,69.28887176513672
2026-06-10 06:46:18+00:00,1.0,122.5999984741211,2.0,44.635520935058594,25.899158477783203,12.0,69.28887176513672
2026-06-10 06:46:19+00:00,1.0,122.5999984741211,2.0,44.635520935058594,25.899158477783203,12.0,69.28887176513672
2026-06-10 06:46:20+00:00,1.0,122.5999984741211,2.0,44.63554000854492,25.89969825744629,12.0,77.43026733398438
2026-06-10 06:46:21+00:00,1.0,122.5999984741211,2.0,44.63554763793945,25.89996337890625,12.0,73.03732299804688
2026-06-10 06:46:22+00:00,1.0,122.4000015258789,2.0,44.63554763793945,25.900203704833984,12.0,67.05536651611328
2026-06-10 06:46:23+00:00,1.0,122.4000015258789,2.0,44.635555267333984,25.900415420532227,12.0,67.05536651611328
2026-06-10 06:46:24+00:00,1.0,122.4000015258789,2.0,44.63557052612305,25.90061378479004,12.0,55.04514694213867
2026-06-10 06:46:25+00:00,1.0,122.4000015258789,2.0,44.63557052612305,25.900793075561523,12.0,55.04514694213867
2026-06-10 06:46:26+00:00,1.0,122.4000015258789,2.0,44.635555267333984,25.900943756103516,12.0,41.97743225097656
2026-06-10 06:46:27+00:00,1.0,122.4000015258789,2.0,44.63550567626953,25.90106201171875,12.0,39.825408935546875
2026-06-10 06:46:28+00:00,1.0,122.4000015258789,2.0,44.635433197021484,25.901140213012695,12.0,39.177207946777344
2026-06-10 06:46:29+00:00,1.0,122.4000015258789,2.0,44.635433197021484,25.901140213012695,12.0,39.177207946777344
2026-06-10 06:46:30+00:00,1.0,121.5999984741211,2.0,44.63524627685547,25.901086807250977,12.0,40.2587776184082
2026-06-10 06:46:31+00:00,1.0,121.5999984741211,2.0,44.63524627685547,25.901086807250977,12.0,40.2587776184082
2026-06-10 06:46:32+00:00,1.0,121.5999984741211,2.0,44.63524627685547,25.901086807250977,12.0,40.2587776184082
2026-06-10 06:46:33+00:00,1.0,121.5999984741211,2.0,44.63512420654297,25.900854110717773,12.0,45.88330078125
2026-06-10 06:46:34+00:00,1.0,121.5999984741211,2.0,44.63505935668945,25.900545120239258,12.0,48.12236785888672
2026-06-10 06:46:35+00:00,1.0,121.5999984741211,2.0,44.63505172729492,25.900373458862305,12.0,50.55033874511719
2026-06-10 06:46:36+00:00,1.0,122.4000015258789,2.0,44.63505172729492,25.900190353393555,12.0,50.55033874511719
2026-06-10 06:46:37+00:00,1.0,122.4000015258789,2.0,44.63505172729492,25.900190353393555,12.0,50.55033874511719
2026-06-10 06:46:38+00:00,1.0,122.69999694824219,2.0,44.63505935668945,25.899824142456055,12.0,50.324398040771484
2026-06-10 06:46:39+00:00,1.0,122.69999694824219,2.0,44.63505935668945,25.899824142456055,12.0,50.324398040771484
2026-06-10 06:46:40+00:00,1.0,122.69999694824219,2.0,44.63505172729492,25.899507522583008,12.0,43.744239807128906
2026-06-10 06:46:41+00:00,1.0,122.69999694824219,2.0,44.634986877441406,25.89937400817871,12.0,44.13871765136719
2026-06-10 06:46:42+00:00,1.0,122.69999694824219,2.0,44.63490295410156,25.899274826049805,12.0,45.47585678100586
2026-06-10 06:46:43+00:00,1.0,122.69999694824219,2.0,44.63480758666992,25.899181365966797,12.0,47.81123352050781
2026-06-10 06:46:44+00:00,1.0,123.0999984741211,2.0,44.63472366333008,25.899059295654297,12.0,49.17985534667969
2026-06-10 06:46:45+00:00,1.0,123.0999984741211,2.0,44.63472366333008,25.899059295654297,12.0,49.17985534667969
2026-06-10 06:46:46+00:00,1.0,123.0999984741211,2.0,44.634578704833984,25.898767471313477,12.0,51.98563766479492
2026-06-10 06:46:47+00:00,1.0,123.0999984741211,2.0,44.634521484375,25.89861297607422,12.0,49.7484245300293
2026-06-10 06:46:48+00:00,1.0,123.0999984741211,2.0,44.63447189331055,25.898466110229492,12.0,44.188716888427734
2026-06-10 06:46:49+00:00,1.0,123.0999984741211,2.0,44.634456634521484,25.898332595825195,12.0,39.097572326660156
2026-06-10 06:46:50+00:00,1.0,123.4000015258789,2.0,44.63447189331055,25.89820098876953,12.0,36.36772537231445
2026-06-10 06:46:51+00:00,1.0,123.4000015258789,2.0,44.634521484375,25.89811134338379,12.0,36.36772537231445
2026-06-10 06:46:52+00:00,1.0,122.80000305175781,2.0,44.63460159301758,25.898059844970703,12.0,36.49921798706055
2026-06-10 06:46:53+00:00,1.0,122.80000305175781,2.0,44.63460159301758,25.898059844970703,12.0,36.49921798706055
2026-06-10 06:46:54+00:00,1.0,122.80000305175781,2.0,44.634788513183594,25.898120880126953,12.0,38.123416900634766
2026-06-10 06:46:55+00:00,1.0,122.80000305175781,2.0,44.63484573364258,25.89821434020996,12.0,36.92702865600586
2026-06-10 06:46:56+00:00,1.0,122.80000305175781,2.0,44.634864807128906,25.89833641052246,12.0,37.6381950378418
2026-06-10 06:46:57+00:00,1.0,122.5999984741211,2.0,44.63483810424805,25.898466110229492,12.0,38.621604919433594
2026-06-10 06:46:58+00:00,1.0,122.5999984741211,2.0,44.63483810424805,25.898466110229492,12.0,38.621604919433594
2026-06-10 06:46:59+00:00,1.0,122.4000015258789,2.0,44.634830474853516,25.898731231689453,12.0,38.804954528808594
2026-06-10 06:47:00+00:00,1.0,122.19999694824219,2.0,44.63488006591797,25.898847579956055,12.0,38.804954528808594
2026-06-10 06:47:01+00:00,1.0,122.0999984741211,2.0,44.634944915771484,25.898914337158203,12.0,38.804954528808594
2026-06-10 06:47:02+00:00,1.0,122.0999984741211,2.0,44.63502502441406,25.89891815185547,12.0,38.804954528808594
2026-06-10 06:47:03+00:00,1.0,122.0999984741211,2.0,44.63508987426758,25.89886474609375,12.0,38.804954528808594
2026-06-10 06:47:04+00:00,1.0,122.0999984741211,2.0,44.63508987426758,25.89886474609375,12.0,38.804954528808594
2026-06-10 06:47:05+00:00,1.0,122.0999984741211,2.0,44.63514709472656,25.898649215698242,12.0,35.10465621948242
2026-06-10 06:47:06+00:00,1.0,122.19999694824219,2.0,44.63514709472656,25.89851951599121,12.0,37.38261795043945
2026-06-10 06:47:07+00:00,1.0,122.19999694824219,2.0,44.63514709472656,25.89851951599121,12.0,37.38261795043945
2026-06-10 06:47:08+00:00,1.0,122.19999694824219,2.0,44.63513946533203,25.898237228393555,12.0,42.340423583984375
2026-06-10 06:47:09+00:00,1.0,122.19999694824219,2.0,44.63513946533203,25.898237228393555,12.0,42.340423583984375
2026-06-10 06:47:10+00:00,1.0,122.19999694824219,2.0,44.63513946533203,25.898237228393555,12.0,42.340423583984375
2026-06-10 06:47:11+00:00,1.0,122.19999694824219,2.0,44.63508224487305,25.897809982299805,12.0,41.86445999145508
2026-06-10 06:47:12+00:00,1.0,122.30000305175781,2.0,44.63500213623047,25.89772605895996,12.0,42.670082092285156
2026-06-10 06:47:13+00:00,1.0,122.19999694824219,2.0,44.6348876953125,25.897693634033203,12.0,42.670082092285156
2026-06-10 06:47:14+00:00,1.0,122.19999694824219,2.0,44.634788513183594,25.897701263427734,12.0,42.66823196411133
2026-06-10 06:47:15+00:00,1.0,122.19999694824219,2.0,44.63468551635742,25.897708892822266,12.0,42.61822509765625
2026-06-10 06:47:16+00:00,1.0,122.19999694824219,2.0,44.634578704833984,25.897672653198242,12.0,41.33108139038086
2026-06-10 06:47:17+00:00,1.0,122.19999694824219,2.0,44.63450622558594,25.897579193115234,12.0,40.875492095947266
2026-06-10 06:47:18+00:00,1.0,122.80000305175781,2.0,44.634456634521484,25.89745330810547,12.0,42.36635208129883
2026-06-10 06:47:19+00:00,1.0,122.80000305175781,2.0,44.634456634521484,25.89745330810547,12.0,42.36635208129883
2026-06-10 06:47:20+00:00,1.0,122.80000305175781,2.0,44.63443374633789,25.897151947021484,12.0,44.96285629272461
2026-06-10 06:47:21+00:00,1.0,122.80000305175781,2.0,44.634464263916016,25.896997451782227,12.0,46.22406768798828
2026-06-10 06:47:22+00:00,1.0,122.80000305175781,2.0,44.634521484375,25.89685821533203,12.0,48.1297721862793
2026-06-10 06:47:23+00:00,1.0,122.80000305175781,2.0,44.63460922241211,25.896732330322266,12.0,50.5670051574707
2026-06-10 06:47:24+00:00,1.0,122.80000305175781,2.0,44.63472366333008,25.896635055541992,12.0,52.63939666748047
2026-06-10 06:47:25+00:00,1.0,122.80000305175781,2.0,44.63484573364258,25.89656639099121,12.0,54.85809326171875
2026-06-10 06:47:26+00:00,1.0,122.80000305175781,2.0,44.63497543334961,25.896541595458984,12.0,55.808170318603516
2026-06-10 06:47:27+00:00,1.0,122.80000305175781,2.0,44.63512420654297,25.896570205688477,12.0,56.53044891357422
2026-06-10 06:47:28+00:00,1.0,122.80000305175781,2.0,44.63524627685547,25.89665985107422,12.0,56.50822448730469
2026-06-10 06:47:29+00:00,1.0,122.80000305175781,2.0,44.635353088378906,25.896806716918945,12.0,57.34717559814453
2026-06-10 06:47:30+00:00,1.0,122.80000305175781,2.0,44.63541030883789,25.896984100341797,12.0,58.5009765625
2026-06-10 06:47:31+00:00,1.0,122.80000305175781,2.0,44.63544845581055,25.897188186645508,12.0,60.117774963378906
2026-06-10 06:47:32+00:00,1.0,122.80000305175781,2.0,44.63546371459961,25.89739990234375,12.0,62.125343322753906
2026-06-10 06:47:33+00:00,1.0,123.19999694824219,2.0,44.635475158691406,25.89762306213379,12.0,64.24772644042969
2026-06-10 06:47:34+00:00,1.0,123.0999984741211,2.0,44.63549041748047,25.897851943969727,12.0,66.32381439208984
2026-06-10 06:47:35+00:00,1.0,123.0999984741211,2.0,44.63549041748047,25.897851943969727,12.0,66.32381439208984
2026-06-10 06:47:36+00:00,1.0,122.9000015258789,2.0,44.635498046875,25.89833641052246,12.0,70.31858825683594
2026-06-10 06:47:37+00:00,1.0,122.9000015258789,2.0,44.635498046875,25.89833641052246,12.0,70.31858825683594
2026-06-10 06:47:38+00:00,1.0,122.9000015258789,2.0,44.63551330566406,25.898839950561523,12.0,74.53929901123047
2026-06-10 06:47:39+00:00,1.0,122.9000015258789,2.0,44.63551330566406,25.89910888671875,12.0,76.44315338134766
2026-06-10 06:47:40+00:00,1.0,122.69999694824219,2.0,44.63553237915039,25.899377822875977,12.0,78.2655258178711
2026-06-10 06:47:42+00:00,1.0,122.4000015258789,2.0,44.63554000854492,25.899927139282227,12.0,76.82281494140625
2026-06-10 06:47:43+00:00,1.0,122.4000015258789,2.0,44.63554763793945,25.900182723999023,12.0,76.82281494140625
2026-06-10 06:47:44+00:00,1.0,122.30000305175781,2.0,44.635555267333984,25.900407791137695,12.0,76.82281494140625
2026-06-10 06:47:45+00:00,1.0,122.30000305175781,2.0,44.63557052612305,25.900609970092773,12.0,76.82281494140625
2026-06-10 06:47:46+00:00,1.0,122.30000305175781,2.0,44.63557052612305,25.900793075561523,12.0,48.8409423828125
2026-06-10 06:47:47+00:00,1.0,122.30000305175781,2.0,44.635555267333984,25.900943756103516,12.0,41.920021057128906
2026-06-10 06:47:48+00:00,1.0,122.30000305175781,2.0,44.63550567626953,25.901058197021484,12.0,38.273433685302734
2026-06-10 06:47:49+00:00,1.0,122.30000305175781,2.0,44.635433197021484,25.901134490966797,12.0,36.85479736328125
2026-06-10 06:47:50+00:00,1.0,122.30000305175781,2.0,44.635353088378906,25.90114402770996,12.0,36.76590347290039
2026-06-10 06:47:51+00:00,1.0,121.0,2.0,44.63526153564453,25.901094436645508,12.0,36.76590347290039
2026-06-10 06:47:52+00:00,1.0,121.0,2.0,44.635189056396484,25.901004791259766,12.0,38.91237258911133
2026-06-10 06:47:53+00:00,1.0,121.69999694824219,2.0,44.63513946533203,25.900882720947266,12.0,40.918087005615234
2026-06-10 06:47:54+00:00,1.0,121.80000305175781,2.0,44.63509750366211,25.900745391845703,12.0,40.918087005615234
2026-06-10 06:47:55+00:00,1.0,121.80000305175781,2.0,44.63509750366211,25.900745391845703,12.0,40.918087005615234
2026-06-10 06:47:56+00:00,1.0,121.80000305175781,2.0,44.63505935668945,25.900426864624023,12.0,40.918087005615234
2026-06-10 06:47:57+00:00,1.0,121.5999984741211,2.0,44.63505172729492,25.900257110595703,12.0,49.47803497314453
2026-06-10 06:47:58+00:00,1.0,121.5999984741211,2.0,44.63504409790039,25.900081634521484,12.0,49.47803497314453
2026-06-10 06:47:59+00:00,1.0,121.80000305175781,2.0,44.63505172729492,25.89990997314453,12.0,49.01317596435547
2026-06-10 06:48:00+00:00,1.0,121.80000305175781,2.0,44.63505172729492,25.89990997314453,12.0,49.01317596435547
2026-06-10 06:48:01+00:00,1.0,121.80000305175781,2.0,44.63505172729492,25.89990997314453,12.0,49.01317596435547
2026-06-10 06:48:02+00:00,1.0,122.19999694824219,2.0,44.63502502441406,25.89942169189453,12.0,45.72217559814453
2026-06-10 06:48:03+00:00,1.0,122.19999694824219,2.0,44.63502502441406,25.89942169189453,12.0,45.72217559814453
2026-06-10 06:48:04+00:00,1.0,122.30000305175781,2.0,44.63485336303711,25.89922332763672,12.0,47.377864837646484
2026-06-10 06:48:05+00:00,1.0,122.30000305175781,2.0,44.63485336303711,25.89922332763672,12.0,47.377864837646484
2026-06-10 06:48:06+00:00,1.0,122.4000015258789,2.0,44.63467788696289,25.898990631103516,12.0,51.05593490600586
2026-06-10 06:48:07+00:00,1.0,122.5999984741211,2.0,44.63459396362305,25.898836135864258,12.0,52.87644958496094
2026-06-10 06:48:08+00:00,1.0,122.5999984741211,2.0,44.63453674316406,25.898670196533203,12.0,52.87644958496094
2026-06-10 06:48:09+00:00,1.0,122.5999984741211,2.0,44.63453674316406,25.898670196533203,12.0,52.87644958496094
2026-06-10 06:48:10+00:00,1.0,122.5999984741211,2.0,44.634456634521484,25.898359298706055,12.0,42.164485931396484
2026-06-10 06:48:11+00:00,1.0,122.5999984741211,2.0,44.634456634521484,25.89823341369629,12.0,34.86389923095703
2026-06-10 06:48:12+00:00,1.0,122.5999984741211,2.0,44.634498596191406,25.89813232421875,12.0,33.40081787109375
2026-06-10 06:48:13+00:00,1.0,122.0,2.0,44.63456344604492,25.898067474365234,12.0,34.0656852722168
2026-06-10 06:48:14+00:00,1.0,122.0,2.0,44.6346435546875,25.89805030822754,12.0,34.0656852722168
2026-06-10 06:48:15+00:00,1.0,122.0,2.0,44.634742736816406,25.898075103759766,12.0,37.01777267456055
2026-06-10 06:48:16+00:00,1.0,122.0,2.0,44.63481521606445,25.898143768310547,12.0,35.98435974121094
2026-06-10 06:48:17+00:00,1.0,122.0,2.0,44.63485336303711,25.898250579833984,12.0,36.16770935058594
2026-06-10 06:48:18+00:00,1.0,122.0,2.0,44.634864807128906,25.898372650146484,12.0,36.61589050292969
2026-06-10 06:48:19+00:00,1.0,122.0,2.0,44.63483810424805,25.898494720458984,12.0,36.26771545410156
2026-06-10 06:48:20+00:00,1.0,4.5917748078995606e-40,2.0,44.634822845458984,25.898616790771484,12.0,35.46024703979492
2026-06-10 06:48:21+00:00,1.0,122.0,2.0,44.634830474853516,25.898738861083984,12.0,35.86582946777344
2026-06-10 06:48:22+00:00,1.0,122.0,2.0,44.63487243652344,25.89884376525879,12.0,34.86019515991211
2026-06-10 06:48:23+00:00,1.0,121.69999694824219,2.0,44.63493728637695,25.89890480041504,12.0,33.452674865722656
2026-06-10 06:48:24+00:00,1.0,121.69999694824219,2.0,44.63502502441406,25.898914337158203,12.0,33.452674865722656
2026-06-10 06:48:25+00:00,1.0,121.30000305175781,2.0,44.63508987426758,25.89886474609375,12.0,31.398805618286133
2026-06-10 06:48:26+00:00,1.0,121.0999984741211,2.0,44.6351318359375,25.898771286010742,12.0,31.398805618286133
2026-06-10 06:48:27+00:00,1.0,121.0,2.0,44.63514709472656,25.898653030395508,12.0,31.398805618286133
2026-06-10 06:48:28+00:00,1.0,121.0,2.0,44.63514709472656,25.898653030395508,12.0,31.398805618286133
2026-06-10 06:48:29+00:00,1.0,121.0999984741211,2.0,44.63514709472656,25.898387908935547,12.0,31.398805618286133
2026-06-10 06:48:30+00:00,1.0,0.0,2.0,44.63514709472656,25.89824676513672,12.0,42.2793083190918
2026-06-10 06:48:31+00:00,1.0,121.0999984741211,2.0,44.63514709472656,25.89809226989746,12.0,44.399845123291016
2026-06-10 06:48:32+00:00,1.0,121.0999984741211,2.0,44.6351318359375,25.89794158935547,12.0,44.37947463989258
2026-06-10 06:48:33+00:00,1.0,121.0999984741211,2.0,44.63508224487305,25.89780616760254,12.0,43.50347900390625
2026-06-10 06:48:34+00:00,1.0,121.0999984741211,2.0,44.63499450683594,25.897716522216797,12.0,42.701560974121094
2026-06-10 06:48:35+00:00,1.0,121.0999984741211,2.0,44.63489532470703,25.897687911987305,12.0,41.55147171020508
2026-06-10 06:48:36+00:00,1.0,121.0999984741211,2.0,44.634788513183594,25.897701263427734,12.0,41.49591064453125
2026-06-10 06:48:37+00:00,1.0,4.0776730689119775e+25,2.0,44.63469314575195,25.897705078125,12.0,2.2708716417713104e-12
2026-06-10 06:48:38+00:00,1.0,121.0999984741211,2.0,44.634586334228516,25.897668838500977,12.0,40.564353942871094
2026-06-10 06:48:39+00:00,1.0,121.0999984741211,2.0,44.63451385498047,25.89757537841797,12.0,40.358787536621094
2026-06-10 06:48:40+00:00,1.0,121.0999984741211,2.0,44.634464263916016,25.89745330810547,12.0,41.59777069091797
2026-06-10 06:48:41+00:00,1.0,121.0999984741211,2.0,44.63444900512695,25.897306442260742,12.0,43.47014236450195
2026-06-10 06:48:42+00:00,1.0,121.4000015258789,2.0,44.634456634521484,25.89714813232422,12.0,45.56660842895508
2026-06-10 06:48:43+00:00,1.0,121.4000015258789,2.0,44.634456634521484,25.89714813232422,12.0,45.56660842895508
2026-06-10 06:48:44+00:00,1.0,2.229765874741996e-38,2.0,44.63453674316406,25.896839141845703,12.0,49.17615509033203
2026-06-10 06:48:46+00:00,1.0,121.4000015258789,2.0,44.63472366333008,25.896589279174805,12.0,53.020912170410156
2026-06-10 06:48:47+00:00,1.0,121.5999984741211,2.0,44.63484573364258,25.89652442932129,12.0,54.39879608154297
2026-06-10 06:48:48+00:00,1.0,121.5,2.0,44.63497543334961,25.896509170532227,12.0,54.39879608154297
2026-06-10 06:48:49+00:00,1.0,121.5,2.0,44.63497543334961,25.896509170532227,12.0,54.39879608154297
2026-06-10 06:48:50+00:00,1.0,121.5,2.0,44.63523864746094,25.89664649963379,12.0,56.87862777709961
2026-06-10 06:48:51+00:00,1.0,121.5999984741211,2.0,44.63534164428711,25.896793365478516,12.0,56.87862777709961
2026-06-10 06:48:52+00:00,1.0,121.69999694824219,2.0,44.63541030883789,25.896976470947266,12.0,59.428829193115234
2026-06-10 06:48:53+00:00,1.0,121.69999694824219,2.0,44.63544845581055,25.89717674255371,12.0,59.428829193115234
2026-06-10 06:48:54+00:00,1.0,121.5999984741211,2.0,44.635475158691406,25.89739227294922,12.0,62.938377380371094
2026-06-10 06:48:55+00:00,1.0,121.69999694824219,2.0,44.63548278808594,25.897619247436523,12.0,62.938377380371094
2026-06-10 06:48:56+00:00,1.0,121.5999984741211,2.0,44.63549041748047,25.897851943969727,12.0,62.938377380371094
2026-06-10 06:48:57+00:00,1.0,121.4000015258789,2.0,44.635498046875,25.898088455200195,12.0,62.938377380371094
2026-06-10 06:48:58+00:00,1.0,121.30000305175781,2.0,44.63550567626953,25.898332595825195,12.0,62.938377380371094
2026-06-10 06:48:59+00:00,1.0,121.30000305175781,2.0,44.63550567626953,25.898332595825195,12.0,62.938377380371094
2026-06-10 06:49:00+00:00,1.0,121.30000305175781,2.0,44.63550567626953,25.898332595825195,12.0,62.938377380371094
2026-06-10 06:49:01+00:00,1.0,121.0999984741211,2.0,44.635520935058594,25.89911651611328,12.0,77.0857925415039
2026-06-10 06:49:02+00:00,1.0,121.0999984741211,2.0,44.63553237915039,25.899389266967773,12.0,78.95630645751953
2026-06-10 06:49:03+00:00,1.0,121.0999984741211,2.0,44.63554000854492,25.899669647216797,12.0,80.85090637207031
2026-06-10 06:49:04+00:00,1.0,120.9000015258789,2.0,44.63554763793945,25.899951934814453,12.0,79.03780364990234
2026-06-10 06:49:05+00:00,1.0,120.9000015258789,2.0,44.63554763793945,25.899951934814453,12.0,79.03780364990234
2026-06-10 06:49:06+00:00,1.0,120.9000015258789,2.0,44.635562896728516,25.90044403076172,12.0,64.44219207763672
2026-06-10 06:49:07+00:00,1.0,120.9000015258789,2.0,44.635562896728516,25.90044403076172,12.0,64.44219207763672
2026-06-10 06:49:08+00:00,1.0,120.9000015258789,2.0,44.63557052612305,25.900821685791016,12.0,48.06310272216797
2026-06-10 06:49:09+00:00,1.0,120.9000015258789,2.0,44.63557052612305,25.900821685791016,12.0,48.06310272216797
2026-06-10 06:49:10+00:00,1.0,120.9000015258789,2.0,44.635498046875,25.90108299255371,12.0,48.06310272216797
2026-06-10 06:49:11+00:00,1.0,120.9000015258789,2.0,44.63541793823242,25.901147842407227,12.0,38.38825607299805
2026-06-10 06:49:12+00:00,1.0,120.9000015258789,2.0,44.635318756103516,25.90114402770996,12.0,38.38825607299805
2026-06-10 06:49:13+00:00,1.0,121.0999984741211,2.0,44.63523864746094,25.901073455810547,12.0,39.2235107421875
2026-06-10 06:49:14+00:00,1.0,121.0999984741211,2.0,44.63523864746094,25.901073455810547,12.0,39.2235107421875
2026-06-10 06:49:15+00:00,1.0,121.0999984741211,2.0,44.6351318359375,25.900835037231445,12.0,42.95528793334961
2026-06-10 06:49:16+00:00,1.0,121.4000015258789,2.0,44.63508224487305,25.900691986083984,12.0,45.2258415222168
2026-06-10 06:49:17+00:00,1.0,121.4000015258789,2.0,44.63505172729492,25.90053367614746,12.0,45.2258415222168
2026-06-10 06:49:18+00:00,1.0,121.4000015258789,2.0,44.63505172729492,25.900362014770508,12.0,49.91880416870117
2026-06-10 06:49:19+00:00,1.0,121.4000015258789,2.0,44.63505172729492,25.900182723999023,12.0,51.26521301269531
2026-06-10 06:49:20+00:00,1.0,120.4000015258789,2.0,44.63505172729492,25.90000343322754,12.0,51.596717834472656
2026-06-10 06:49:21+00:00,1.0,120.4000015258789,2.0,44.635066986083984,25.899824142456055,12.0,51.280029296875
2026-06-10 06:49:22+00:00,1.0,120.19999694824219,2.0,44.635074615478516,25.89965057373047,12.0,50.25217056274414
2026-06-10 06:49:23+00:00,1.0,120.19999694824219,2.0,44.63504409790039,25.89948272705078,12.0,48.94095230102539
2026-06-10 06:49:24+00:00,1.0,120.30000305175781,2.0,44.63497543334961,25.899341583251953,12.0,48.94095230102539
2026-06-10 06:49:25+00:00,1.0,120.30000305175781,2.0,44.63497543334961,25.899341583251953,12.0,48.94095230102539
2026-06-10 06:49:26+00:00,1.0,120.30000305175781,2.0,5.252281039926037e-30,5.597409566751191e-30,12.0,49.94103240966797
2026-06-10 06:49:27+00:00,1.0,120.30000305175781,2.0,44.634700775146484,25.899011611938477,12.0,51.44856262207031
2026-06-10 06:49:28+00:00,1.0,120.30000305175781,2.0,44.634620666503906,25.89886474609375,12.0,53.369083404541016
2026-06-10 06:49:29+00:00,1.0,120.30000305175781,2.0,44.63455581665039,25.898698806762695,12.0,54.14322280883789
2026-06-10 06:49:30+00:00,1.0,120.30000305175781,2.0,44.63450622558594,25.898530960083008,12.0,51.32447814941406
2026-06-10 06:49:31+00:00,1.0,120.30000305175781,2.0,44.63450622558594,25.898530960083008,12.0,51.32447814941406
2026-06-10 06:49:32+00:00,1.0,120.30000305175781,2.0,44.63444900512695,25.898237228393555,12.0,38.45307540893555
2026-06-10 06:49:33+00:00,1.0,120.30000305175781,2.0,44.63444900512695,25.898237228393555,12.0,38.45307540893555
2026-06-10 06:49:34+00:00,1.0,120.30000305175781,2.0,44.63444900512695,25.898237228393555,12.0,38.45307540893555
2026-06-10 06:49:35+00:00,1.0,120.30000305175781,2.0,44.63460922241211,25.897985458374023,12.0,36.71034622192383
2026-06-10 06:49:39+00:00,1.0,120.30000305175781,1.0,44.63460922241211,25.897985458374023,12.0,36.71034622192383
2026-06-10 06:49:40+00:00,1.0,124.0999984741211,1.0,44.63492202758789,25.898221969604492,12.0,36.541812896728516
2026-06-10 06:49:41+00:00,1.0,129.39999389648438,1.0,44.634910583496094,25.898462295532227,12.0,37.77524185180664
2026-06-10 06:49:42+00:00,1.0,129.39999389648438,1.0,44.634910583496094,25.898462295532227,12.0,37.77524185180664
2026-06-10 06:49:43+00:00,1.0,129.39999389648438,1.0,44.63488006591797,25.89873504638672,12.0,36.23252487182617
2026-06-10 06:49:44+00:00,1.0,129.39999389648438,1.0,44.63488006591797,25.89873504638672,12.0,36.23252487182617
2026-06-10 06:49:45+00:00,1.0,129.39999389648438,1.0,44.63517379760742,25.89886474609375,12.0,33.937896728515625
2026-06-10 06:49:46+00:00,1.0,129.39999389648438,1.0,44.635154724121094,25.89886474609375,12.0,31.074710845947266
2026-06-10 06:49:47+00:00,1.0,129.39999389648438,1.0,44.635154724121094,25.89886474609375,12.0,31.074710845947266
2026-06-10 06:49:49+00:00,1.0,133.39999389648438,1.0,44.63526916503906,25.89862060546875,12.0,33.1137580871582
2026-06-10 06:49:50+00:00,1.0,137.3000030517578,1.0,44.63526916503906,25.89850616455078,12.0,33.1137580871582
2026-06-10 06:49:51+00:00,1.0,137.3000030517578,1.0,44.63526916503906,25.89850616455078,12.0,33.1137580871582
2026-06-10 06:49:52+00:00,1.0,137.3000030517578,1.0,44.63520431518555,25.898181915283203,12.0,42.86268997192383
2026-06-10 06:49:53+00:00,1.0,134.1999969482422,1.0,44.635196685791016,25.898046493530273,12.0,43.738685607910156
2026-06-10 06:49:54+00:00,1.0,134.1999969482422,1.0,44.63516616821289,25.89790916442871,12.0,43.22568130493164
2026-06-10 06:49:55+00:00,1.0,134.1999969482422,1.0,44.635231018066406,25.89771270751953,12.0,41.5885124206543
2026-06-10 06:49:56+00:00,1.0,128.8000030517578,1.0,44.63505172729492,25.897716522216797,12.0,41.119956970214844
2026-06-10 06:49:57+00:00,1.0,128.8000030517578,1.0,44.634952545166016,25.897661209106445,12.0,40.44953155517578
2026-06-10 06:49:58+00:00,1.0,131.1999969482422,1.0,44.63485336303711,25.89766502380371,12.0,40.729183197021484
2026-06-10 06:49:59+00:00,1.0,131.1999969482422,1.0,44.63485336303711,25.89766502380371,12.0,40.729183197021484
2026-06-10 06:50:00+00:00,1.0,127.4000015258789,1.0,44.63462829589844,25.897668838500977,12.0,39.234619140625
2026-06-10 06:50:01+00:00,1.0,127.4000015258789,1.0,44.634544372558594,25.897594451904297,12.0,39.234619140625
2026-06-10 06:50:02+00:00,1.0,126.5999984741211,1.0,44.634544372558594,25.897594451904297,12.0,39.234619140625
2026-06-10 06:50:03+00:00,1.0,125.80000305175781,1.0,44.634464263916016,25.897350311279297,12.0,41.5218391418457
2026-06-10 06:50:04+00:00,1.0,125.80000305175781,1.0,44.634464263916016,25.897350311279297,12.0,41.5218391418457
2026-06-10 06:50:05+00:00,1.0,125.5,1.0,44.63447189331055,25.897050857543945,12.0,44.29057693481445
2026-06-10 06:50:06+00:00,1.0,125.4000015258789,1.0,44.63451385498047,25.89690399169922,12.0,44.29057693481445
2026-06-10 06:50:07+00:00,1.0,125.4000015258789,1.0,44.634586334228516,25.896772384643555,12.0,48.322383880615234
2026-06-10 06:50:08+00:00,1.0,125.4000015258789,1.0,44.63467788696289,25.896650314331055,12.0,50.468849182128906
2026-06-10 06:50:09+00:00,1.0,125.0999984741211,1.0,44.63478088378906,25.896556854248047,12.0,51.90970993041992
2026-06-10 06:50:10+00:00,1.0,125.0999984741211,1.0,44.63490295410156,25.896509170532227,12.0,52.609764099121094
2026-06-10 06:50:11+00:00,1.0,125.0999984741211,1.0,44.63490295410156,25.896509170532227,12.0,52.609764099121094
2026-06-10 06:50:12+00:00,1.0,125.0999984741211,1.0,44.63516616821289,25.896574020385742,12.0,54.57288360595703
2026-06-10 06:50:13+00:00,1.0,125.0999984741211,1.0,44.635276794433594,25.89668846130371,12.0,55.11181640625
2026-06-10 06:50:14+00:00,1.0,124.5,1.0,44.63536834716797,25.89684295654297,12.0,55.97114944458008
2026-06-10 06:50:15+00:00,1.0,124.5,1.0,44.63542556762695,25.897022247314453,12.0,55.97114944458008
2026-06-10 06:50:16+00:00,1.0,124.5,1.0,44.63545608520508,25.897216796875,12.0,59.02694320678711
2026-06-10 06:50:17+00:00,1.0,124.4000015258789,1.0,44.63548278808594,25.897428512573242,12.0,59.02694320678711
2026-06-10 06:50:18+00:00,1.0,124.4000015258789,1.0,44.63549041748047,25.897647857666016,12.0,63.2828369140625
2026-06-10 06:50:19+00:00,1.0,124.4000015258789,1.0,44.635498046875,25.897871017456055,12.0,65.24781036376953
2026-06-10 06:50:20+00:00,1.0,124.4000015258789,1.0,44.63550567626953,25.898107528686523,12.0,67.43132019042969
2026-06-10 06:50:21+00:00,1.0,124.0,1.0,44.63551330566406,25.898344039916992,12.0,69.4870376586914
2026-06-10 06:50:22+00:00,1.0,123.9000015258789,1.0,44.63551330566406,25.898588180541992,12.0,69.4870376586914
2026-06-10 06:50:23+00:00,1.0,123.69999694824219,1.0,44.635520935058594,25.898847579956055,12.0,69.4870376586914
2026-06-10 06:50:24+00:00,1.0,123.69999694824219,1.0,44.635520935058594,25.898847579956055,12.0,69.4870376586914
2026-06-10 06:50:25+00:00,1.0,123.5999984741211,1.0,44.63554000854492,25.899377822875977,12.0,69.4870376586914
2026-06-10 06:50:26+00:00,1.0,123.5999984741211,1.0,44.63554763793945,25.899654388427734,12.0,79.37857055664062
2026-06-10 06:50:27+00:00,1.0,123.4000015258789,1.0,44.635555267333984,25.899930953979492,12.0,79.05077362060547
2026-06-10 06:50:28+00:00,1.0,123.4000015258789,1.0,44.635562896728516,25.90018653869629,12.0,71.42794036865234
2026-06-10 06:50:29+00:00,1.0,9.32135272450647e-30,1.0,44.63557052612305,1.902862000674131e-38,12.0,8.778998815104872e-30
2026-06-10 06:50:30+00:00,1.0,123.4000015258789,1.0,44.63557815551758,25.900609970092773,12.0,52.46900939941406
2026-06-10 06:50:31+00:00,1.0,123.4000015258789,1.0,44.63558578491211,25.90077781677246,12.0,45.38511276245117
2026-06-10 06:50:32+00:00,1.0,123.4000015258789,1.0,44.635562896728516,25.900922775268555,12.0,42.570072174072266
2026-06-10 06:50:33+00:00,1.0,123.4000015258789,1.0,44.63551330566406,25.901050567626953,12.0,41.1977424621582
2026-06-10 06:50:34+00:00,1.0,123.4000015258789,1.0,44.635440826416016,25.90113067626953,12.0,39.458709716796875
2026-06-10 06:50:35+00:00,1.0,123.4000015258789,1.0,44.63534164428711,25.901151657104492,12.0,38.5234489440918
2026-06-10 06:50:36+00:00,1.0,123.4000015258789,1.0,44.63525390625,25.90110206604004,12.0,38.8568115234375
2026-06-10 06:50:37+00:00,1.0,123.19999694824219,1.0,44.635189056396484,25.901004791259766,12.0,40.103206634521484
2026-06-10 06:50:38+00:00,1.0,123.19999694824219,1.0,44.635189056396484,25.901004791259766,12.0,40.103206634521484
2026-06-10 06:50:39+00:00,1.0,123.19999694824219,1.0,44.63513946533203,25.900875091552734,12.0,40.103206634521484
2026-06-10 06:50:41+00:00,1.0,123.0999984741211,1.0,44.63508224487305,25.90057373046875,12.0,40.103206634521484
2026-06-10 06:50:42+00:00,1.0,122.80000305175781,1.0,44.63505935668945,25.90022850036621,12.0,50.772579193115234
2026-06-10 06:50:43+00:00,1.0,122.69999694824219,1.0,44.63505935668945,25.900049209594727,12.0,50.767024993896484
2026-06-10 06:50:44+00:00,1.0,122.69999694824219,1.0,44.63505935668945,25.900049209594727,12.0,50.767024993896484
2026-06-10 06:50:45+00:00,1.0,122.69999694824219,1.0,44.635074615478516,25.899702072143555,12.0,49.57248306274414
2026-06-10 06:50:46+00:00,1.0,122.69999694824219,1.0,44.63505935668945,25.899532318115234,12.0,48.72611999511719
2026-06-10 06:50:47+00:00,1.0,122.69999694824219,1.0,44.635009765625,25.899381637573242,12.0,47.03153610229492
2026-06-10 06:50:48+00:00,1.0,122.69999694824219,1.0,44.63492202758789,25.899274826049805,12.0,46.20184326171875
2026-06-10 06:50:49+00:00,1.0,122.69999694824219,1.0,44.634822845458984,25.899181365966797,12.0,48.511287689208984
2026-06-10 06:50:56+00:00,1.0,126.0,1.0,44.634464263916016,25.89818572998047,12.0,32.31739807128906
2026-06-10 06:50:57+00:00,1.0,126.0,1.0,44.634464263916016,25.89818572998047,12.0,32.31739807128906
2026-06-10 06:50:58+00:00,1.0,126.0,1.0,44.63453674316406,25.89801788330078,12.0,32.31739807128906
2026-06-10 06:50:59+00:00,1.0,124.5999984741211,1.0,44.63460159301758,25.89798927307129,12.0,31.846994400024414
2026-06-10 06:51:00+00:00,1.0,124.5999984741211,1.0,44.63469314575195,25.897993087768555,12.0,34.137916564941406
2026-06-10 06:51:01+00:00,1.0,124.5999984741211,1.0,44.63477325439453,25.898035049438477,12.0,35.50284194946289
2026-06-10 06:51:02+00:00,1.0,124.5999984741211,1.0,44.63483810424805,25.898120880126953,12.0,36.0621452331543
2026-06-10 06:51:03+00:00,1.0,124.5999984741211,1.0,44.63487243652344,25.89823341369629,12.0,36.44736099243164
2026-06-10 06:51:04+00:00,1.0,124.5999984741211,1.0,44.63485336303711,25.898359298706055,12.0,37.541893005371094
2026-06-10 06:51:05+00:00,1.0,124.5999984741211,1.0,44.63483810424805,25.898487091064453,12.0,37.13630294799805
2026-06-10 06:51:06+00:00,1.0,123.69999694824219,1.0,44.634822845458984,25.898616790771484,12.0,36.508480072021484
2026-06-10 06:51:07+00:00,1.0,123.69999694824219,1.0,44.634822845458984,25.898616790771484,12.0,36.508480072021484
2026-06-10 06:51:08+00:00,1.0,123.69999694824219,1.0,44.63488006591797,25.898847579956055,12.0,35.01947021484375
2026-06-10 06:51:09+00:00,1.0,123.19999694824219,1.0,44.63493728637695,25.89892578125,12.0,31.830324172973633
2026-06-10 06:51:10+00:00,1.0,123.19999694824219,1.0,44.63493728637695,25.89892578125,12.0,31.830324172973633
2026-06-10 06:51:14+00:00,1.0,134.3000030517578,1.0,44.63525390625,25.898481369018555,12.0,34.98612976074219
2026-06-10 06:51:15+00:00,1.0,134.3000030517578,1.0,44.63525390625,25.898481369018555,12.0,34.98612976074219
2026-06-10 06:51:16+00:00,1.0,134.3000030517578,1.0,44.63525390625,25.898481369018555,12.0,42.02558517456055
2026-06-10 06:51:17+00:00,1.0,134.3000030517578,1.0,44.635196685791016,25.898250579833984,12.0,42.02558517456055
2026-06-10 06:51:18+00:00,1.0,128.1999969482422,1.0,44.635189056396484,25.89811134338379,12.0,44.16093826293945
2026-06-10 06:51:19+00:00,1.0,128.1999969482422,1.0,44.635189056396484,25.89811134338379,12.0,44.16093826293945
2026-06-10 06:51:20+00:00,1.0,127.0,1.0,44.6351318359375,25.897830963134766,12.0,42.85713195800781
2026-06-10 06:51:21+00:00,1.0,127.0,1.0,44.63505935668945,25.897729873657227,12.0,42.85713195800781
2026-06-10 06:51:22+00:00,1.0,127.0,1.0,44.63483810424805,25.89768409729004,12.0,43.799800872802734
2026-06-10 06:51:23+00:00,1.0,127.0,1.0,44.63483810424805,25.89768409729004,12.0,43.799800872802734
2026-06-10 06:51:24+00:00,1.0,127.0,1.0,44.634620666503906,127.0,12.0,42.3756103515625
2026-06-10 06:51:25+00:00,1.0,127.0,1.0,44.634620666503906,25.897672653198242,12.0,42.3756103515625
2026-06-10 06:51:26+00:00,1.0,127.0,1.0,44.63447952270508,25.897472381591797,12.0,41.695926666259766
2026-06-10 06:51:27+00:00,1.0,127.0,1.0,44.634456634521484,25.89733123779297,12.0,43.509037017822266
2026-06-10 06:51:28+00:00,1.0,125.19999694824219,1.0,44.63444900512695,25.89717674255371,12.0,44.87581253051758
2026-06-10 06:51:29+00:00,1.0,125.19999694824219,1.0,44.63447189331055,25.897016525268555,12.0,44.87581253051758
2026-06-10 06:51:30+00:00,1.0,125.19999694824219,1.0,44.63447189331055,25.897016525268555,12.0,44.87581253051758
2026-06-10 06:51:31+00:00,1.0,125.19999694824219,1.0,44.63460159301758,25.89673614501953,12.0,50.228092193603516
2026-06-10 06:51:32+00:00,1.0,125.19999694824219,1.0,44.63460159301758,1.8497139729087585e-43,12.0,50.228092193603516
2026-06-10 06:51:33+00:00,1.0,125.19999694824219,1.0,44.634822845458984,25.89654541015625,12.0,53.624656677246094
2026-06-10 06:51:34+00:00,1.0,125.19999694824219,1.0,44.634952545166016,25.896516799926758,12.0,54.12099838256836
2026-06-10 06:51:35+00:00,1.0,125.19999694824219,1.0,44.63508987426758,25.896541595458984,12.0,55.15626525878906
2026-06-10 06:51:36+00:00,1.0,125.19999694824219,1.0,44.63521194458008,25.896623611450195,12.0,56.104488372802734
2026-06-10 06:51:37+00:00,1.0,125.19999694824219,1.0,44.635318756103516,25.896745681762695,12.0,56.36006546020508
2026-06-10 06:51:38+00:00,1.0,125.19999694824219,1.0,44.635398864746094,25.896907806396484,12.0,56.82121276855469
2026-06-10 06:51:39+00:00,1.0,125.19999694824219,1.0,44.63544845581055,25.89710235595703,12.0,56.82121276855469
2026-06-10 06:51:40+00:00,1.0,124.69999694824219,1.0,44.635475158691406,25.897306442260742,12.0,60.17148208618164
2026-06-10 06:51:41+00:00,1.0,124.69999694824219,1.0,44.635475158691406,25.897306442260742,12.0,60.17148208618164
2026-06-10 06:51:42+00:00,1.0,124.69999694824219,1.0,44.635498046875,25.897741317749023,12.0,64.49404907226562
2026-06-10 06:51:43+00:00,1.0,124.30000305175781,1.0,44.63550567626953,25.897977828979492,12.0,66.5868148803711
2026-06-10 06:51:44+00:00,1.0,0.0,1.0,44.63550567626953,25.898210525512695,12.0,9.221104414643026e-41
2026-06-10 06:51:45+00:00,1.0,124.30000305175781,1.0,44.63551330566406,25.89845848083496,12.0,70.72972869873047
2026-06-10 06:51:46+00:00,1.0,124.0,1.0,44.63551330566406,25.89845848083496,12.0,72.92805480957031
2026-06-10 06:51:47+00:00,1.0,124.0,1.0,44.635520935058594,25.898706436157227,12.0,72.92805480957031
2026-06-10 06:51:48+00:00,1.0,124.0,1.0,44.63554000854492,25.89923095703125,12.0,76.84503936767578
2026-06-10 06:51:49+00:00,1.0,123.80000305175781,1.0,44.63554763793945,25.899507522583008,12.0,78.63592529296875
2026-06-10 06:51:50+00:00,1.0,123.80000305175781,1.0,44.635555267333984,25.89978790283203,12.0,78.63592529296875
2026-06-10 06:51:51+00:00,1.0,123.80000305175781,1.0,44.635562896728516,25.900049209594727,12.0,74.24298095703125
2026-06-10 06:51:52+00:00,1.0,123.5999984741211,1.0,44.635562896728516,25.900293350219727,12.0,66.94239044189453
2026-06-10 06:51:53+00:00,1.0,123.5999984741211,1.0,44.63557052612305,25.900508880615234,12.0,66.94239044189453
2026-06-10 06:51:54+00:00,1.0,123.5999984741211,1.0,44.63557052612305,25.900508880615234,12.0,66.94239044189453
2026-06-10 06:51:55+00:00,1.0,123.5999984741211,1.0,44.63557815551758,25.90085792541504,12.0,46.85004425048828
2026-06-10 06:51:56+00:00,1.0,123.5999984741211,1.0,44.63554763793945,25.901004791259766,12.0,41.5440673828125
2026-06-10 06:51:57+00:00,1.0,123.5999984741211,1.0,44.63548278808594,25.901105880737305,12.0,41.5440673828125
2026-06-10 06:51:58+00:00,1.0,123.5999984741211,1.0,44.63548278808594,25.901105880737305,12.0,41.5440673828125
2026-06-10 06:52:06+00:00,1.0,126.9000015258789,1.0,44.635066986083984,25.900102615356445,12.0,50.57626724243164
2026-06-10 06:52:07+00:00,1.0,126.9000015258789,1.0,44.635066986083984,25.900102615356445,12.0,50.57626724243164
2026-06-10 06:52:11+00:00,1.0,126.9000015258789,1.0,44.635066986083984,25.900102615356445,12.0,50.57626724243164
2026-06-10 06:53:05+00:00,1.0,,1.0,44.63514709472656,25.896533966064453,12.0,
2026-06-10 06:54:55+00:00,1.0,,1.0,44.63505172729492,25.900163650512695,12.0,
2026-06-10 06:55:18+00:00,1.0,,1.0,44.63489532470703,25.89806365966797,12.0,
2026-06-10 06:55:27+00:00,1.0,122.80000305175781,1.0,44.63512420654297,25.89885711669922,12.0,31.41547393798828
2026-06-10 07:01:55+00:00,1.0,121.69999694824219,1.0,44.63526153564453,25.900035858154297,12.0,0.050004005432128906
2026-06-10 07:01:56+00:00,1.0,121.69999694824219,1.0,44.63526153564453,25.900035858154297,12.0,0.050004005432128906
2026-06-10 07:01:57+00:00,1.0,121.80000305175781,1.0,44.63526153564453,25.900035858154297,12.0,0.08148800581693649
2026-06-10 07:01:58+00:00,1.0,121.80000305175781,1.0,44.63526153564453,25.900035858154297,12.0,0.08148800581693649
2026-06-10 07:04:32+00:00,1.0,122.19999694824219,1.0,44.63526153564453,25.900041580200195,12.0,0.01666800118982792
2026-06-10 07:04:33+00:00,1.0,123.0,1.0,44.63526153564453,25.900041580200195,12.0,0.01666800118982792
2026-06-10 07:04:48+00:00,1.0,122.5,1.0,44.63526153564453,25.900035858154297,12.0,0.11297199875116348
2026-06-10 07:04:49+00:00,1.0,122.4000015258789,1.0,44.63526153564453,25.900035858154297,12.0,0.11852800846099854
2026-06-10 07:04:50+00:00,1.0,122.4000015258789,1.0,44.63526153564453,25.900035858154297,12.0,0.11852800846099854
2026-06-10 07:04:51+00:00,1.0,122.30000305175781,1.0,44.63526153564453,25.900035858154297,12.0,0.085192009806633
2026-06-10 07:04:52+00:00,1.0,122.19999694824219,1.0,44.63526153564453,25.900035858154297,12.0,0.085192009806633
2026-06-10 07:04:53+00:00,1.0,122.19999694824219,1.0,44.63526153564453,25.900035858154297,12.0,0.085192009806633
2026-06-10 07:04:54+00:00,1.0,122.0999984741211,1.0,44.63526153564453,25.900035858154297,12.0,0.05370800569653511
2026-06-10 07:04:55+00:00,1.0,122.0999984741211,1.0,44.63526153564453,25.900035858154297,12.0,0.05370800569653511
2026-06-10 07:04:56+00:00,1.0,122.0999984741211,1.0,44.63526153564453,25.900035858154297,12.0,0.05370800569653511
2026-06-10 07:04:57+00:00,1.0,122.0999984741211,1.0,44.63526153564453,25.900035858154297,12.0,0.03704000264406204
2026-06-10 07:04:58+00:00,1.0,122.0999984741211,1.0,44.63526153564453,25.900035858154297,12.0,0.02778000198304653
2026-06-10 07:04:59+00:00,1.0,122.0999984741211,1.0,44.63526153564453,25.900035858154297,12.0,0.02778000198304653
2026-06-10 07:05:00+00:00,1.0,121.5,1.0,44.63526153564453,25.900035858154297,12.0,0.05370800569653511
2026-06-10 07:05:02+00:00,1.0,121.4000015258789,1.0,44.63526153564453,25.900035858154297,12.0,0.020372001454234123
2026-06-10 07:05:03+00:00,1.0,121.30000305175781,1.0,44.63526153564453,25.90003204345703,12.0,0.07408000528812408
2026-06-10 07:05:04+00:00,1.0,121.30000305175781,1.0,44.63526153564453,25.90003204345703,12.0,0.07408000528812408
2026-06-10 07:05:05+00:00,1.0,121.30000305175781,1.0,44.63526153564453,25.90003204345703,12.0,0.1740880012512207
2026-06-10 07:05:06+00:00,1.0,121.30000305175781,1.0,44.63526153564453,25.90003204345703,12.0,0.1740880012512207
2026-06-10 07:05:07+00:00,1.0,121.30000305175781,1.0,44.63526153564453,25.90003204345703,12.0,0.040744002908468246
2026-06-10 07:05:08+00:00,1.0,121.30000305175781,1.0,44.63526153564453,25.90003204345703,12.0,0.040744002908468246
2026-06-10 07:05:09+00:00,1.0,120.9000015258789,1.0,44.63526153564453,25.90003204345703,12.0,0.02778000198304653
2026-06-10 07:05:10+00:00,1.0,120.9000015258789,1.0,44.63526153564453,25.90003204345703,12.0,0.0888960063457489
2026-06-10 07:05:11+00:00,1.0,120.80000305175781,1.0,44.63526153564453,25.90003204345703,12.0,0.12964001297950745
2026-06-10 07:05:12+00:00,1.0,120.69999694824219,1.0,44.63526153564453,25.90003204345703,12.0,0.06481999903917313
2026-06-10 07:05:13+00:00,1.0,120.5999984741211,1.0,44.63526153564453,25.90003204345703,12.0,0.04444800317287445
2026-06-10 07:05:14+00:00,1.0,120.5999984741211,1.0,44.63526153564453,25.90003204345703,12.0,0.0425960049033165
2026-06-10 07:05:15+00:00,1.0,120.5,1.0,44.63526153564453,25.90003204345703,12.0,0.0463000051677227
2026-06-10 07:05:16+00:00,1.0,120.5,1.0,44.63526153564453,25.90003204345703,12.0,0.0463000051677227
2026-06-10 07:05:17+00:00,1.0,120.4000015258789,1.0,44.63526153564453,25.90003204345703,12.0,0.0463000051677227
2026-06-10 07:05:18+00:00,1.0,120.30000305175781,1.0,44.63526153564453,25.90003204345703,12.0,0.22964800894260406
2026-06-10 07:05:19+00:00,1.0,120.30000305175781,1.0,44.63526153564453,25.90003204345703,12.0,0.22964800894260406
2026-06-10 07:05:20+00:00,1.0,120.4000015258789,1.0,44.63526153564453,25.90003204345703,12.0,0.022224001586437225
2026-06-10 07:05:21+00:00,1.0,120.4000015258789,1.0,44.63526153564453,25.900035858154297,12.0,0.022224001586437225
2026-06-10 07:05:22+00:00,1.0,120.4000015258789,1.0,44.63526153564453,25.90003204345703,12.0,0.31113600730895996
2026-06-10 07:05:23+00:00,1.0,120.4000015258789,1.0,44.63526153564453,25.90003204345703,12.0,0.31113600730895996
2026-06-10 07:05:24+00:00,1.0,120.4000015258789,1.0,44.63526153564453,25.90003204345703,12.0,0.31113600730895996
2026-06-10 07:05:25+00:00,1.0,120.4000015258789,1.0,44.63526153564453,25.900035858154297,12.0,0.10556400567293167
2026-06-10 07:05:26+00:00,1.0,120.4000015258789,1.0,44.63526153564453,25.900035858154297,12.0,0.06852400302886963
2026-06-10 07:05:27+00:00,1.0,120.4000015258789,1.0,44.63526153564453,25.900035858154297,12.0,0.020372001454234123
2026-06-10 07:05:28+00:00,1.0,120.4000015258789,1.0,44.63526153564453,25.900035858154297,12.0,0.022224001586437225
2026-06-10 07:05:29+00:00,1.0,120.4000015258789,1.0,44.63526153564453,25.900035858154297,12.0,0.08704400062561035
2026-06-10 07:05:30+00:00,1.0,120.4000015258789,1.0,44.63525390625,25.900035858154297,12.0,0.085192009806633
2026-06-10 07:05:31+00:00,1.0,120.4000015258789,1.0,44.63525390625,25.900035858154297,12.0,0.04444800317287445
2026-06-10 07:05:32+00:00,1.0,120.5,1.0,44.63525390625,25.900035858154297,12.0,0.08334000408649445
2026-06-10 07:05:33+00:00,1.0,120.69999694824219,1.0,44.63525390625,25.900035858154297,12.0,0.06667200475931168
2026-06-10 07:05:34+00:00,1.0,120.80000305175781,1.0,44.63525390625,25.900041580200195,12.0,0.05926400423049927
2026-06-10 07:05:35+00:00,1.0,120.80000305175781,1.0,44.63525390625,25.900041580200195,12.0,0.01852000132203102
2026-06-10 07:05:36+00:00,1.0,120.80000305175781,1.0,44.63525390625,25.900041580200195,12.0,0.10371200740337372
2026-06-10 07:05:37+00:00,1.0,120.80000305175781,1.0,44.63525390625,25.900041580200195,12.0,0.10371200740337372
2026-06-10 07:05:38+00:00,1.0,120.80000305175781,1.0,44.63525390625,25.900041580200195,12.0,0.19446000456809998
2026-06-10 07:05:39+00:00,1.0,120.80000305175781,1.0,44.63525390625,25.900041580200195,12.0,0.16112400591373444
2026-06-10 07:05:40+00:00,1.0,120.9000015258789,1.0,44.63525390625,25.900041580200195,12.0,0.057412002235651016
2026-06-10 07:05:41+00:00,1.0,120.9000015258789,1.0,44.63525390625,25.900041580200195,12.0,0.057412002235651016
2026-06-10 07:05:42+00:00,1.0,120.9000015258789,1.0,44.63526153564453,25.900041580200195,12.0,0.05185599997639656
2026-06-10 07:05:43+00:00,1.0,120.9000015258789,1.0,44.63526153564453,25.900041580200195,12.0,0.057412002235651016
2026-06-10 07:05:44+00:00,1.0,120.9000015258789,1.0,44.63526153564453,25.900041580200195,12.0,0.06481999903917313
2026-06-10 07:05:45+00:00,1.0,120.9000015258789,1.0,44.63526153564453,25.900041580200195,12.0,0.03333600237965584
2026-06-10 07:05:46+00:00,1.0,120.9000015258789,1.0,44.63526153564453,25.900041580200195,12.0,0.03333600237965584
2026-06-10 07:05:47+00:00,1.0,120.9000015258789,1.0,44.63526153564453,25.900041580200195,12.0,0.1740880012512207
2026-06-10 07:05:48+00:00,1.0,121.0999984741211,1.0,44.63526153564453,25.900041580200195,12.0,0.11297199875116348
2026-06-10 07:05:49+00:00,1.0,121.0999984741211,1.0,44.63526153564453,25.90004539489746,12.0,0.09630400687456131
2026-06-10 07:05:50+00:00,1.0,121.0999984741211,1.0,44.63526153564453,25.90004539489746,12.0,0.03333600237965584
2026-06-10 07:05:51+00:00,1.0,121.0999984741211,1.0,44.63526153564453,25.90004539489746,12.0,0.07963600009679794
2026-06-10 07:05:52+00:00,1.0,121.0999984741211,1.0,44.63526153564453,25.90004539489746,12.0,0.014816001057624817
2026-06-10 07:05:53+00:00,1.0,121.0999984741211,1.0,44.63526153564453,25.90004539489746,12.0,0.038892004638910294
2026-06-10 07:05:54+00:00,1.0,121.0999984741211,1.0,44.63526153564453,25.900049209594727,12.0,0.038892004638910294
2026-06-10 07:05:55+00:00,1.0,121.0999984741211,1.0,44.63526153564453,25.900049209594727,12.0,0.11667600274085999
2026-06-10 07:05:56+00:00,1.0,121.69999694824219,1.0,44.63526153564453,25.900049209594727,12.0,0.11667600274085999
2026-06-10 07:05:57+00:00,1.0,121.9000015258789,1.0,44.63526153564453,25.900049209594727,12.0,0.11667600274085999
2026-06-10 07:05:58+00:00,1.0,121.9000015258789,1.0,44.63526153564453,25.900049209594727,12.0,0.11667600274085999
2026-06-10 07:05:59+00:00,1.0,121.9000015258789,1.0,44.63526153564453,25.900049209594727,12.0,0.06852400302886963
2026-06-10 07:06:00+00:00,1.0,121.9000015258789,1.0,44.63526153564453,25.900049209594727,12.0,0.022224001586437225
2026-06-10 07:06:01+00:00,1.0,121.9000015258789,1.0,44.63526153564453,25.900049209594727,12.0,0.02778000198304653
2026-06-10 07:06:02+00:00,1.0,121.9000015258789,1.0,44.63526153564453,25.900049209594727,12.0,0.040744002908468246
2026-06-10 07:06:03+00:00,1.0,121.9000015258789,1.0,44.63526153564453,25.900049209594727,12.0,0.02592799998819828
2026-06-10 07:06:04+00:00,1.0,121.9000015258789,1.0,44.63526153564453,25.900049209594727,12.0,0.17594000697135925
2026-06-10 07:08:38+00:00,1.0,122.0,1.0,44.63525390625,25.900035858154297,12.0,0.05926400423049927
2026-06-10 07:08:39+00:00,1.0,121.69999694824219,1.0,44.63525390625,25.90003204345703,12.0,0.07408000528812408
2026-06-10 07:08:40+00:00,1.0,121.69999694824219,1.0,44.63525390625,25.90003204345703,12.0,0.07408000528812408
2026-06-10 07:09:30+00:00,1.0,125.80000305175781,1.0,44.63526153564453,25.900056838989258,12.0,0.0888960063457489
2026-06-10 07:09:31+00:00,1.0,126.4000015258789,1.0,44.63526153564453,25.900060653686523,12.0,0.25742799043655396
2026-06-10 07:09:32+00:00,1.0,125.69999694824219,1.0,44.63526153564453,25.900056838989258,12.0,0.0463000051677227
2026-06-10 07:09:33+00:00,1.0,124.69999694824219,1.0,44.63526153564453,25.900056838989258,12.0,0.13704802095890045
2026-06-10 07:09:34+00:00,1.0,125.0,1.0,44.63526153564453,25.900053024291992,12.0,0.06111599877476692
2026-06-10 07:09:35+00:00,1.0,125.19999694824219,1.0,44.63525390625,25.900049209594727,12.0,0.06481999903917313
2026-06-10 07:09:36+00:00,1.0,125.19999694824219,1.0,44.63525390625,25.900053024291992,12.0,0.07778400927782059
2026-06-10 07:09:37+00:00,1.0,124.4000015258789,1.0,44.63525390625,25.900049209594727,12.0,0.05926400423049927
2026-06-10 07:09:38+00:00,1.0,124.19999694824219,1.0,44.63525390625,25.900049209594727,12.0,0.040744002908468246
2026-06-10 07:09:39+00:00,1.0,123.9000015258789,1.0,44.63525390625,25.900049209594727,12.0,0.05926400423049927
2026-06-10 07:09:40+00:00,1.0,124.19999694824219,1.0,44.63525390625,25.900041580200195,12.0,0.1351960152387619
2026-06-10 07:09:41+00:00,1.0,123.4000015258789,1.0,44.63525390625,25.900041580200195,12.0,0.06111599877476692
2026-06-10 07:09:42+00:00,1.0,123.0,1.0,44.63526153564453,25.900041580200195,12.0,0.07222799956798553
2026-06-10 07:09:43+00:00,1.0,122.80000305175781,1.0,44.63526153564453,25.900041580200195,12.0,0.09815600514411926
2026-06-10 07:09:44+00:00,1.0,122.4000015258789,1.0,44.63526916503906,25.900041580200195,12.0,0.05370800569653511
2026-06-10 07:09:45+00:00,1.0,122.4000015258789,1.0,44.63526916503906,25.900041580200195,12.0,0.022224001586437225
2026-06-10 07:09:46+00:00,1.0,122.4000015258789,1.0,44.63526916503906,25.900035858154297,12.0,0.08148800581693649
2026-06-10 07:09:47+00:00,1.0,121.80000305175781,1.0,44.63526153564453,25.900035858154297,12.0,0.05370800569653511
2026-06-10 07:09:48+00:00,1.0,121.69999694824219,1.0,44.63526153564453,25.900035858154297,12.0,0.05370800569653511
2026-06-10 07:12:02+00:00,1.0,123.30000305175781,1.0,44.63525390625,25.900041580200195,12.0,0.07778400927782059
2026-06-10 07:12:03+00:00,1.0,123.30000305175781,1.0,44.63525390625,25.900041580200195,12.0,0.14445601403713226
2026-06-10 07:12:04+00:00,1.0,123.30000305175781,1.0,44.63525390625,25.900041580200195,12.0,0.14445601403713226
2026-06-10 07:12:05+00:00,1.0,123.30000305175781,1.0,44.63525390625,25.900041580200195,12.0,0.14445601403713226
2026-06-10 07:12:06+00:00,1.0,123.4000015258789,1.0,44.63525390625,25.900035858154297,12.0,0.21112799644470215
2026-06-10 07:12:07+00:00,1.0,123.4000015258789,1.0,44.63525390625,25.900035858154297,12.0,0.131492018699646
2026-06-10 07:12:08+00:00,1.0,123.4000015258789,1.0,44.63525390625,25.900035858154297,12.0,0.14445601403713226
2026-06-10 07:12:09+00:00,1.0,123.4000015258789,1.0,44.63525390625,25.900035858154297,12.0,0.13334400951862335
2026-06-10 07:12:10+00:00,1.0,123.4000015258789,1.0,44.63525390625,25.900035858154297,12.0,0.07408000528812408
2026-06-10 07:12:11+00:00,1.0,123.30000305175781,1.0,44.63525390625,25.900035858154297,12.0,0.020372001454234123
2026-06-10 07:12:12+00:00,1.0,123.30000305175781,1.0,44.63525390625,25.900035858154297,12.0,0.06111599877476692
2026-06-10 07:12:13+00:00,1.0,123.19999694824219,1.0,44.63525390625,25.900035858154297,12.0,0.11112000793218613
2026-06-10 07:12:14+00:00,1.0,123.19999694824219,1.0,44.63525390625,25.900035858154297,12.0,0.024075999855995178
2026-06-10 07:12:15+00:00,1.0,123.0999984741211,1.0,44.63525390625,25.900035858154297,12.0,0.1277880072593689
2026-06-10 07:12:16+00:00,1.0,123.0,1.0,44.63525390625,25.900035858154297,12.0,0.06111599877476692
2026-06-10 07:12:17+00:00,1.0,123.0999984741211,1.0,44.63525390625,25.900035858154297,12.0,0.13334400951862335
2026-06-10 07:12:18+00:00,1.0,123.0999984741211,1.0,44.63525390625,25.900035858154297,12.0,0.038892004638910294
2026-06-10 07:12:19+00:00,1.0,123.0999984741211,1.0,44.63525390625,25.900035858154297,12.0,0.06852400302886963
2026-06-10 07:12:20+00:00,1.0,123.0999984741211,1.0,44.63525390625,25.900035858154297,12.0,0.02778000198304653
2026-06-10 07:12:21+00:00,1.0,122.80000305175781,1.0,44.63525390625,25.900035858154297,12.0,0.02778000198304653
2026-06-10 07:12:22+00:00,1.0,122.80000305175781,1.0,44.63525390625,25.900041580200195,12.0,0.14075200259685516
2026-06-10 07:12:23+00:00,1.0,122.80000305175781,1.0,44.63525390625,25.900035858154297,12.0,0.14075200259685516
2026-06-10 07:12:24+00:00,1.0,122.80000305175781,1.0,44.63525390625,25.900035858154297,12.0,0.10186000913381577
2026-06-10 07:12:25+00:00,1.0,122.5,1.0,44.63525390625,25.900035858154297,12.0,0.1463080197572708
2026-06-10 07:12:26+00:00,1.0,122.5,1.0,44.63525390625,25.900035858154297,12.0,0.1463080197572708
2026-06-10 07:12:27+00:00,1.0,122.5,1.0,44.63525390625,25.900035858154297,12.0,0.15001201629638672
2026-06-10 07:12:32+00:00,1.0,120.69999694824219,1.0,44.63523864746094,25.90006446838379,12.0,0.2870599925518036
2026-06-10 07:12:33+00:00,1.0,121.19999694824219,1.0,44.63524627685547,25.900056838989258,12.0,0.2240920066833496
2026-06-10 07:12:34+00:00,1.0,121.19999694824219,1.0,44.63524627685547,25.900056838989258,12.0,0.2240920066833496
2026-06-10 07:12:35+00:00,1.0,121.5999984741211,1.0,44.63523864746094,25.900049209594727,12.0,0.24261198937892914
2026-06-10 07:12:36+00:00,1.0,121.5999984741211,1.0,44.63523864746094,25.900053024291992,12.0,0.24261198937892914
2026-06-10 07:12:37+00:00,1.0,121.0999984741211,1.0,44.63523864746094,25.900053024291992,12.0,0.18334801495075226
2026-06-10 07:12:38+00:00,1.0,121.0999984741211,1.0,44.63523864746094,25.900053024291992,12.0,0.13704802095890045
2026-06-10 07:12:39+00:00,1.0,121.69999694824219,1.0,44.63523864746094,25.900053024291992,12.0,0.0888960063457489
2026-06-10 07:12:40+00:00,1.0,122.0,1.0,44.63523864746094,25.900053024291992,12.0,0.014816001057624817
2026-06-10 07:12:41+00:00,1.0,122.0,1.0,44.63523864746094,25.900056838989258,12.0,0.10186000913381577
2026-06-10 07:12:42+00:00,1.0,122.0,1.0,44.63523864746094,25.900056838989258,12.0,0.05926400423049927
2026-06-10 07:12:43+00:00,1.0,122.0,1.0,44.63523864746094,25.900056838989258,12.0,0.085192009806633
2026-06-10 07:12:44+00:00,1.0,122.0,1.0,44.63523864746094,25.900056838989258,12.0,0.19260799884796143
2026-06-10 07:12:45+00:00,1.0,122.19999694824219,1.0,44.63523864746094,25.900053024291992,12.0,0.07222799956798553
2026-06-10 07:12:46+00:00,1.0,122.19999694824219,1.0,44.63523864746094,25.900056838989258,12.0,0.16112400591373444
2026-06-10 07:12:47+00:00,1.0,122.19999694824219,1.0,44.63523864746094,25.900053024291992,12.0,0.07963600009679794
2026-06-10 07:12:48+00:00,1.0,122.0999984741211,1.0,44.63523864746094,25.900053024291992,12.0,0.03333600237965584
2026-06-10 07:12:49+00:00,1.0,122.0999984741211,1.0,44.63523864746094,25.900053024291992,12.0,0.10556400567293167
2026-06-10 07:12:50+00:00,1.0,122.4000015258789,1.0,44.63523864746094,25.900053024291992,12.0,0.10556400567293167
2026-06-10 07:12:51+00:00,1.0,122.5,1.0,44.63523864746094,25.900053024291992,12.0,0.011111999861896038
2026-06-10 07:12:52+00:00,1.0,122.5,1.0,44.63523864746094,25.900053024291992,12.0,0.1277880072593689
2026-06-10 07:12:53+00:00,1.0,122.5,1.0,44.63523864746094,25.900053024291992,12.0,0.22224001586437225
2026-06-10 07:12:54+00:00,1.0,122.5999984741211,1.0,44.63524627685547,25.900053024291992,12.0,0.30743199586868286
2026-06-10 07:12:55+00:00,1.0,122.69999694824219,1.0,44.63524627685547,25.900053024291992,12.0,0.30743199586868286
2026-06-10 07:12:56+00:00,1.0,122.80000305175781,1.0,44.63524627685547,25.900053024291992,12.0,0.02778000198304653
2026-06-10 07:12:57+00:00,1.0,122.9000015258789,1.0,44.63524627685547,25.900053024291992,12.0,0.02778000198304653
2026-06-10 07:12:58+00:00,1.0,122.9000015258789,1.0,44.63524627685547,25.900053024291992,12.0,0.3407680094242096
2026-06-10 07:12:59+00:00,1.0,122.9000015258789,1.0,44.63524627685547,25.900053024291992,12.0,0.3407680094242096
2026-06-10 07:13:00+00:00,1.0,122.9000015258789,1.0,44.63524627685547,25.900053024291992,12.0,0.3407680094242096
2026-06-10 07:13:01+00:00,1.0,122.9000015258789,1.0,44.63524627685547,25.900053024291992,12.0,0.3407680094242096
2026-06-10 07:13:02+00:00,1.0,122.9000015258789,1.0,44.63524627685547,25.900056838989258,12.0,0.3407680094242096
2026-06-10 07:13:03+00:00,1.0,122.9000015258789,1.0,44.63524627685547,25.900056838989258,12.0,0.029632002115249634
2026-06-10 07:13:04+00:00,1.0,122.9000015258789,1.0,44.63524627685547,25.900056838989258,12.0,0.029632002115249634
2026-06-10 07:13:05+00:00,1.0,122.9000015258789,1.0,44.63524627685547,25.900056838989258,12.0,0.029632002115249634
2026-06-10 07:13:06+00:00,1.0,123.9000015258789,1.0,44.63524627685547,25.900056838989258,12.0,0.02592799998819828
2026-06-10 07:13:07+00:00,1.0,124.0,1.0,44.63524627685547,25.900056838989258,12.0,0.02592799998819828
2026-06-10 07:13:08+00:00,1.0,124.19999694824219,1.0,44.63524627685547,25.900056838989258,12.0,0.05556000396609306
2026-06-10 07:13:09+00:00,1.0,124.30000305175781,1.0,44.63524627685547,25.900056838989258,12.0,0.09630400687456131
2026-06-10 07:13:10+00:00,1.0,124.4000015258789,1.0,44.63524627685547,25.900056838989258,12.0,0.09630400687456131
2026-06-10 07:13:11+00:00,1.0,124.4000015258789,1.0,44.63524627685547,25.900056838989258,12.0,0.07222799956798553
2026-06-10 07:13:12+00:00,1.0,124.4000015258789,1.0,44.63524627685547,25.900056838989258,12.0,0.07222799956798553
2026-06-10 07:13:13+00:00,1.0,124.4000015258789,1.0,44.63524627685547,25.900056838989258,12.0,0.07222799956798553
2026-06-10 07:13:14+00:00,1.0,124.5999984741211,1.0,44.63524627685547,25.900056838989258,12.0,0.0425960049033165
2026-06-10 07:13:15+00:00,1.0,124.5999984741211,1.0,44.63524627685547,25.900056838989258,12.0,0.01852000132203102
2026-06-10 07:13:16+00:00,1.0,124.5999984741211,1.0,44.63524627685547,25.900056838989258,12.0,0.0037040002644062042
2026-06-10 07:13:17+00:00,1.0,124.5999984741211,1.0,44.63524627685547,25.900056838989258,12.0,0.03518800064921379
2026-06-10 07:13:18+00:00,1.0,124.5999984741211,1.0,44.63524627685547,25.900056838989258,12.0,0.03518800064921379
2026-06-10 07:13:19+00:00,1.0,124.5999984741211,1.0,44.63524627685547,25.900056838989258,12.0,0.03518800064921379
2026-06-10 07:13:20+00:00,1.0,124.5999984741211,1.0,44.63524627685547,25.900056838989258,12.0,0.03518800064921379
2026-06-10 07:13:21+00:00,1.0,124.5999984741211,1.0,44.63524627685547,25.900056838989258,12.0,0.0425960049033165
2026-06-10 07:13:22+00:00,1.0,124.5999984741211,1.0,44.63524627685547,25.900056838989258,12.0,0.0425960049033165
2026-06-10 07:13:23+00:00,1.0,124.5999984741211,1.0,44.63524627685547,25.900056838989258,12.0,0.0425960049033165
2026-06-10 07:13:24+00:00,1.0,124.5999984741211,1.0,44.63524627685547,25.900053024291992,12.0,0.020372001454234123
2026-06-10 07:13:25+00:00,1.0,124.80000305175781,1.0,44.63524627685547,25.900053024291992,12.0,0.020372001454234123
2026-06-10 07:13:26+00:00,1.0,1.1835904035943669e-29,1.0,44.63524627685547,25.900053024291992,12.0,1.1128650650534144e-29
2026-06-10 07:13:27+00:00,1.0,124.9000015258789,1.0,44.63524627685547,25.900053024291992,12.0,0.02778000198304653
2026-06-10 07:13:28+00:00,1.0,124.9000015258789,1.0,44.63524627685547,25.900053024291992,12.0,0.0074080005288124084
2026-06-10 07:13:29+00:00,1.0,124.9000015258789,1.0,44.63524627685547,25.900053024291992,12.0,0.0074080005288124084
2026-06-10 07:13:30+00:00,1.0,125.0,1.0,44.63524627685547,25.900053024291992,12.0,0.005555999930948019
2026-06-10 07:13:31+00:00,1.0,125.0,1.0,44.63524627685547,25.900053024291992,12.0,0.020372001454234123
2026-06-10 07:13:32+00:00,1.0,125.0,1.0,44.63524627685547,25.900053024291992,12.0,0.005555999930948019
2026-06-10 07:13:33+00:00,1.0,125.0,1.0,44.63524627685547,25.900053024291992,12.0,0.005555999930948019
2026-06-10 07:13:34+00:00,1.0,125.0,1.0,44.63524627685547,25.900053024291992,12.0,0.057412002235651016
2026-06-10 07:13:35+00:00,1.0,125.0,1.0,44.63524627685547,25.900053024291992,12.0,0.02778000198304653
2026-06-10 07:13:36+00:00,1.0,125.0,1.0,44.63524627685547,25.900053024291992,12.0,0.02778000198304653
2026-06-10 07:13:37+00:00,1.0,125.0,1.0,44.63524627685547,25.900053024291992,12.0,0.02778000198304653
2026-06-10 07:13:38+00:00,1.0,125.0,1.0,44.63524627685547,25.900053024291992,12.0,0.02778000198304653
2026-06-10 07:13:39+00:00,1.0,125.0,1.0,44.63524627685547,25.900053024291992,12.0,0.02778000198304653
2026-06-10 07:13:40+00:00,1.0,125.0,1.0,44.63524627685547,25.900053024291992,12.0,0.02778000198304653
2026-06-10 07:13:41+00:00,1.0,125.0,1.0,44.63525390625,25.900053024291992,12.0,0.01296399999409914
2026-06-10 07:13:42+00:00,1.0,125.0,1.0,44.63525390625,25.900053024291992,12.0,0.00926000066101551
2026-06-10 07:13:43+00:00,1.0,125.0,1.0,44.63525390625,25.900053024291992,12.0,0.02592799998819828
2026-06-10 07:13:44+00:00,1.0,125.0,1.0,44.63525390625,25.900053024291992,12.0,0.01852000132203102
2026-06-10 07:13:45+00:00,1.0,125.0,1.0,44.63525390625,25.900053024291992,12.0,0.024075999855995178
2026-06-10 07:13:46+00:00,1.0,125.5,1.0,44.63525390625,25.900053024291992,12.0,0.0425960049033165
2026-06-10 07:13:47+00:00,1.0,125.5,1.0,44.63525390625,25.900053024291992,12.0,0.024075999855995178
2026-06-10 07:13:48+00:00,1.0,125.5,1.0,44.63525390625,25.900053024291992,12.0,0.03518800064921379
2026-06-10 07:13:49+00:00,1.0,125.5999984741211,1.0,44.63525390625,25.900053024291992,12.0,0.03518800064921379
2026-06-10 07:13:50+00:00,1.0,125.69999694824219,1.0,44.63525390625,25.900053024291992,12.0,0.0463000051677227
2026-06-10 07:13:51+00:00,1.0,125.69999694824219,1.0,44.63525390625,25.900053024291992,12.0,0.0463000051677227
2026-06-10 07:13:52+00:00,1.0,125.69999694824219,1.0,44.63525390625,25.900053024291992,12.0,0.040744002908468246
2026-06-10 07:13:53+00:00,1.0,125.69999694824219,1.0,44.63525390625,25.900053024291992,12.0,0.08704400062561035
2026-06-10 07:13:54+00:00,1.0,125.69999694824219,1.0,44.63525390625,25.900053024291992,12.0,0.050004005432128906
2026-06-10 07:13:55+00:00,1.0,125.69999694824219,1.0,44.63525390625,25.900053024291992,12.0,0.03148400038480759
2026-06-10 07:13:56+00:00,1.0,125.69999694824219,1.0,44.63525390625,25.900053024291992,12.0,0.03148400038480759
2026-06-10 07:13:57+00:00,1.0,125.69999694824219,1.0,44.63525390625,25.900053024291992,12.0,0.014816001057624817
2026-06-10 07:13:58+00:00,1.0,125.5999984741211,1.0,44.63525390625,25.900053024291992,12.0,0.03518800064921379
2026-06-10 07:13:59+00:00,1.0,125.5999984741211,1.0,44.63525390625,25.900053024291992,12.0,0.01666800118982792
2026-06-10 07:14:00+00:00,1.0,125.69999694824219,1.0,44.63525390625,25.900053024291992,12.0,0.022224001586437225
2026-06-10 07:14:01+00:00,1.0,125.69999694824219,1.0,44.63525390625,25.900053024291992,12.0,0.040744002908468246
2026-06-10 07:14:02+00:00,1.0,125.69999694824219,1.0,44.63525390625,25.900053024291992,12.0,0.0074080005288124084
2026-06-10 07:14:03+00:00,1.0,125.69999694824219,1.0,44.63525390625,25.900053024291992,12.0,0.02592799998819828
2026-06-10 07:14:04+00:00,1.0,125.69999694824219,1.0,44.63525390625,25.900053024291992,12.0,0.02778000198304653
2026-06-10 07:14:05+00:00,1.0,125.69999694824219,1.0,44.63525390625,25.900053024291992,12.0,0.07037600129842758
2026-06-10 07:14:06+00:00,1.0,125.69999694824219,1.0,44.63525390625,25.900053024291992,12.0,0.07037600129842758
2026-06-10 07:14:07+00:00,1.0,125.69999694824219,1.0,44.63525390625,25.900053024291992,12.0,0.02592799998819828
2026-06-10 07:14:08+00:00,1.0,125.69999694824219,1.0,44.63525390625,25.900053024291992,12.0,0.14816001057624817
2026-06-10 07:14:09+00:00,1.0,125.69999694824219,1.0,44.63525390625,25.900053024291992,12.0,0.14816001057624817
2026-06-10 07:14:10+00:00,1.0,125.69999694824219,1.0,44.63525390625,25.900053024291992,12.0,0.14816001057624817
2026-06-10 07:14:11+00:00,1.0,125.69999694824219,1.0,44.63525390625,25.900053024291992,12.0,0.14816001057624817
2026-06-10 07:14:12+00:00,1.0,125.69999694824219,1.0,44.63525390625,25.900053024291992,12.0,0.14816001057624817
2026-06-10 07:14:13+00:00,1.0,125.80000305175781,1.0,44.63525390625,25.900049209594727,12.0,0.6630160212516785
2026-06-10 07:14:14+00:00,1.0,125.80000305175781,1.0,44.63525390625,25.900049209594727,12.0,0.7463560104370117
2026-06-10 07:14:15+00:00,1.0,125.9000015258789,1.0,44.63525390625,25.900049209594727,12.0,0.4963359534740448
2026-06-10 07:14:16+00:00,1.0,125.9000015258789,1.0,44.63525390625,25.90004539489746,12.0,0.24631600081920624
2026-06-10 07:14:17+00:00,1.0,125.9000015258789,1.0,44.63525390625,25.90004539489746,12.0,0.02592799998819828
2026-06-10 07:14:18+00:00,1.0,125.9000015258789,1.0,44.63525390625,25.90004539489746,12.0,0.02592799998819828
2026-06-10 07:14:19+00:00,1.0,126.0999984741211,1.0,44.63525390625,25.900049209594727,12.0,0.10371200740337372
2026-06-10 07:14:20+00:00,1.0,126.0999984741211,1.0,44.63525390625,25.900049209594727,12.0,0.12223199754953384
2026-06-10 07:14:21+00:00,1.0,126.0999984741211,1.0,44.63525390625,25.900049209594727,12.0,0.08704400062561035
2026-06-10 07:14:22+00:00,1.0,126.0999984741211,1.0,44.63525390625,25.900049209594727,12.0,0.08704400062561035
2026-06-10 07:14:23+00:00,1.0,126.30000305175781,1.0,44.63525390625,25.900049209594727,12.0,0.05556000396609306
2026-06-10 07:14:24+00:00,1.0,126.30000305175781,1.0,44.63525390625,25.90004539489746,12.0,0.7445040345191956
2026-06-10 07:14:25+00:00,1.0,126.30000305175781,1.0,44.63525390625,25.90004539489746,12.0,0.7445040345191956
2026-06-10 07:14:26+00:00,1.0,126.30000305175781,1.0,44.63526153564453,25.900035858154297,12.0,2.263144016265869
2026-06-10 07:14:27+00:00,1.0,126.19999694824219,1.0,44.63526153564453,25.9000244140625,12.0,3.8706798553466797
2026-06-10 07:14:28+00:00,1.0,126.19999694824219,1.0,44.63526916503906,25.900012969970703,12.0,4.559624195098877
2026-06-10 07:14:29+00:00,1.0,126.19999694824219,1.0,44.635276794433594,25.899999618530273,12.0,5.818984031677246
2026-06-10 07:14:30+00:00,1.0,126.19999694824219,1.0,44.63529586791992,25.899988174438477,12.0,7.574680328369141
2026-06-10 07:14:31+00:00,1.0,126.0999984741211,1.0,44.635311126708984,25.89998435974121,12.0,7.574680328369141
2026-06-10 07:14:32+00:00,1.0,126.0999984741211,1.0,44.63534164428711,25.89998435974121,12.0,7.574680328369141
2026-06-10 07:14:33+00:00,1.0,126.0999984741211,1.0,44.63536071777344,25.899999618530273,12.0,8.837743759155273
2026-06-10 07:14:34+00:00,1.0,126.0999984741211,1.0,44.6353759765625,25.90001678466797,12.0,8.115464210510254
2026-06-10 07:14:35+00:00,1.0,126.30000305175781,1.0,44.63538360595703,25.900041580200195,12.0,8.115464210510254
2026-06-10 07:14:36+00:00,1.0,126.19999694824219,1.0,44.63538360595703,25.90006446838379,12.0,6.594971656799316
2026-06-10 07:14:37+00:00,1.0,126.19999694824219,1.0,44.63538360595703,25.90008544921875,12.0,6.765355587005615
2026-06-10 07:14:38+00:00,1.0,126.0999984741211,1.0,44.63538360595703,25.900117874145508,12.0,7.782103538513184
2026-06-10 07:14:39+00:00,1.0,126.0999984741211,1.0,44.63538360595703,25.900146484375,12.0,9.098875999450684
2026-06-10 07:14:40+00:00,1.0,126.0,1.0,44.63538360595703,25.900178909301758,12.0,10.75271224975586
2026-06-10 07:14:41+00:00,1.0,126.0,1.0,44.6353759765625,25.900218963623047,12.0,11.908360481262207
2026-06-10 07:14:42+00:00,1.0,126.0,1.0,44.6353759765625,25.90026092529297,12.0,12.784356117248535
2026-06-10 07:14:43+00:00,1.0,125.9000015258789,1.0,44.6353759765625,25.90030860900879,12.0,13.708503723144531
2026-06-10 07:14:44+00:00,1.0,125.9000015258789,1.0,44.6353759765625,25.900362014770508,12.0,15.217884063720703
2026-06-10 07:14:45+00:00,1.0,125.80000305175781,1.0,44.6353759765625,25.900415420532227,12.0,15.217884063720703
2026-06-10 07:14:46+00:00,1.0,125.80000305175781,1.0,44.6353759765625,25.900415420532227,12.0,15.217884063720703
2026-06-10 07:14:47+00:00,1.0,125.69999694824219,1.0,44.6353759765625,25.900537490844727,12.0,17.1513729095459
2026-06-10 07:14:48+00:00,1.0,125.5999984741211,1.0,44.63536834716797,25.90059471130371,12.0,17.319904327392578
2026-06-10 07:14:49+00:00,1.0,125.5999984741211,1.0,44.63536834716797,25.900659561157227,12.0,17.103219985961914
2026-06-10 07:14:50+00:00,1.0,125.4000015258789,1.0,44.63538360595703,25.900712966918945,12.0,16.893945693969727
2026-06-10 07:14:51+00:00,1.0,125.30000305175781,1.0,44.635398864746094,25.90076446533203,12.0,16.5253963470459
2026-06-10 07:14:52+00:00,1.0,125.30000305175781,1.0,44.63542556762695,25.90081024169922,12.0,16.08462142944336
2026-06-10 07:14:53+00:00,1.0,125.30000305175781,1.0,44.63545608520508,25.900842666625977,12.0,15.751259803771973
2026-06-10 07:14:54+00:00,1.0,125.30000305175781,1.0,44.63548278808594,25.90088653564453,12.0,17.09025764465332
2026-06-10 07:14:55+00:00,1.0,125.30000305175781,1.0,44.63550567626953,25.900943756103516,12.0,18.082927703857422
2026-06-10 07:14:56+00:00,1.0,125.30000305175781,1.0,44.63551330566406,25.901004791259766,12.0,20.02012062072754
2026-06-10 07:14:57+00:00,1.0,125.30000305175781,1.0,44.635498046875,25.901073455810547,12.0,20.02012062072754
2026-06-10 07:14:58+00:00,1.0,125.30000305175781,1.0,44.63546371459961,25.90113067626953,12.0,22.55365753173828
2026-06-10 07:14:59+00:00,1.0,125.30000305175781,1.0,44.63541030883789,25.901159286499023,12.0,23.774124145507812
2026-06-10 07:15:00+00:00,1.0,125.30000305175781,1.0,44.635353088378906,25.901151657104492,12.0,24.827911376953125
2026-06-10 07:15:01+00:00,1.0,124.80000305175781,1.0,44.63528823852539,25.901111602783203,12.0,26.40581703186035
2026-06-10 07:15:02+00:00,1.0,124.80000305175781,1.0,44.63524627685547,25.901044845581055,12.0,27.76703643798828
2026-06-10 07:15:03+00:00,1.0,124.69999694824219,1.0,44.635196685791016,25.900968551635742,12.0,29.41161346435547
2026-06-10 07:15:04+00:00,1.0,124.69999694824219,1.0,44.635154724121094,25.900875091552734,12.0,30.1135196685791
2026-06-10 07:15:05+00:00,1.0,124.69999694824219,1.0,44.63512420654297,25.900785446166992,12.0,30.1135196685791
2026-06-10 07:15:06+00:00,1.0,124.69999694824219,1.0,44.63508987426758,25.90068817138672,12.0,31.315467834472656
2026-06-10 07:15:07+00:00,1.0,124.69999694824219,1.0,44.635066986083984,25.90058135986328,12.0,31.95440673828125
2026-06-10 07:15:08+00:00,1.0,124.69999694824219,1.0,44.63505172729492,25.900476455688477,12.0,32.26554489135742
2026-06-10 07:15:09+00:00,1.0,124.69999694824219,1.0,44.63505172729492,25.900476455688477,12.0,32.26554489135742
2026-06-10 07:15:10+00:00,1.0,124.69999694824219,1.0,44.63505172729492,25.900476455688477,12.0,32.26554489135742
2026-06-10 07:15:11+00:00,1.0,124.0999984741211,1.0,44.63504409790039,25.900121688842773,12.0,32.26554489135742
2026-06-10 07:15:12+00:00,1.0,124.0999984741211,1.0,44.63504409790039,25.900121688842773,12.0,32.26554489135742
2026-06-10 07:15:13+00:00,1.0,124.0999984741211,1.0,44.63505935668945,25.899866104125977,12.0,32.26554489135742
2026-06-10 07:15:14+00:00,1.0,124.0999984741211,1.0,44.635066986083984,25.89974021911621,12.0,36.98258590698242
2026-06-10 07:15:15+00:00,1.0,124.0999984741211,1.0,44.635066986083984,25.89974021911621,12.0,36.98258590698242
2026-06-10 07:15:17+00:00,1.0,121.9000015258789,1.0,44.635009765625,25.899389266967773,12.0,35.98250961303711
2026-06-10 07:15:18+00:00,1.0,122.9000015258789,1.0,44.634952545166016,25.899303436279297,12.0,35.98250961303711
2026-06-10 07:15:19+00:00,1.0,122.9000015258789,1.0,44.63487243652344,25.89923858642578,12.0,37.127044677734375
2026-06-10 07:15:20+00:00,1.0,122.69999694824219,1.0,44.63479995727539,25.899173736572266,12.0,37.36595153808594
2026-06-10 07:15:21+00:00,1.0,122.9000015258789,1.0,44.63472366333008,25.899080276489258,12.0,38.654945373535156
2026-06-10 07:15:22+00:00,1.0,123.19999694824219,1.0,44.63465881347656,25.898969650268555,12.0,40.490272521972656
2026-06-10 07:15:23+00:00,1.0,123.19999694824219,1.0,44.63460159301758,25.898847579956055,12.0,42.121891021728516
2026-06-10 07:15:24+00:00,1.0,123.19999694824219,1.0,44.63455581665039,25.898714065551758,12.0,41.94224548339844
2026-06-10 07:15:25+00:00,1.0,123.19999694824219,1.0,44.63455581665039,25.898714065551758,12.0,41.94224548339844
2026-06-10 07:15:26+00:00,1.0,123.19999694824219,1.0,44.63447952270508,25.89844512939453,12.0,41.94224548339844
2026-06-10 07:15:27+00:00,1.0,123.19999694824219,1.0,44.634464263916016,25.898311614990234,12.0,38.64938735961914
2026-06-10 07:15:28+00:00,1.0,123.19999694824219,1.0,44.634464263916016,25.898311614990234,12.0,38.64938735961914
2026-06-10 07:15:29+00:00,1.0,123.0,1.0,44.63451385498047,25.898082733154297,12.0,38.64938735961914
2026-06-10 07:15:32+00:00,1.0,125.5999984741211,1.0,44.63473129272461,25.898014068603516,12.0,33.78974151611328
2026-06-10 07:15:33+00:00,1.0,125.5,1.0,44.63481521606445,25.898075103759766,12.0,33.78974151611328
2026-06-10 07:15:34+00:00,1.0,125.5,1.0,44.63481521606445,25.898075103759766,12.0,33.78974151611328
2026-06-10 07:15:35+00:00,1.0,125.5,1.0,44.63481521606445,25.898075103759766,12.0,33.78974151611328
2026-06-10 07:15:36+00:00,1.0,122.80000305175781,1.0,44.63484573364258,25.898408889770508,12.0,34.734256744384766
2026-06-10 07:15:37+00:00,1.0,122.80000305175781,1.0,44.634830474853516,25.898527145385742,12.0,34.10087585449219
2026-06-10 07:15:38+00:00,1.0,122.80000305175781,1.0,44.634830474853516,25.898649215698242,12.0,33.42675018310547
2026-06-10 07:15:39+00:00,1.0,122.80000305175781,1.0,44.634830474853516,25.898649215698242,12.0,33.42675018310547
2026-06-10 07:15:40+00:00,1.0,122.80000305175781,1.0,44.634830474853516,25.898649215698242,12.0,33.42675018310547
2026-06-10 07:15:41+00:00,1.0,122.80000305175781,1.0,44.63496017456055,25.89888572692871,12.0,28.617103576660156
2026-06-10 07:15:42+00:00,1.0,122.80000305175781,1.0,44.63496017456055,25.89888572692871,12.0,28.617103576660156
2026-06-10 07:15:43+00:00,1.0,122.80000305175781,1.0,44.63509750366211,25.89887237548828,12.0,27.830005645751953
2026-06-10 07:15:44+00:00,1.0,122.80000305175781,1.0,44.63513946533203,25.898807525634766,12.0,26.281734466552734
2026-06-10 07:15:45+00:00,1.0,122.80000305175781,1.0,44.635154724121094,25.898717880249023,12.0,26.281734466552734
2026-06-10 07:15:46+00:00,1.0,122.4000015258789,1.0,44.635154724121094,25.898624420166016,12.0,28.659698486328125
2026-06-10 07:15:47+00:00,1.0,122.4000015258789,1.0,44.635154724121094,25.898515701293945,12.0,31.07100486755371
2026-06-10 07:15:48+00:00,1.0,122.80000305175781,1.0,44.635154724121094,25.898401260375977,12.0,33.484161376953125
2026-06-10 07:15:49+00:00,1.0,122.80000305175781,1.0,44.635154724121094,25.898286819458008,12.0,36.00102996826172
2026-06-10 07:15:50+00:00,1.0,123.0,1.0,44.63514709472656,25.89815330505371,12.0,38.410484313964844
2026-06-10 07:15:51+00:00,1.0,123.0999984741211,1.0,44.63514709472656,25.89801788330078,12.0,38.44567108154297
2026-06-10 07:15:52+00:00,1.0,123.19999694824219,1.0,44.63512420654297,25.89788818359375,12.0,37.67893981933594
2026-06-10 07:15:53+00:00,1.0,123.19999694824219,1.0,44.63508224487305,25.897783279418945,12.0,36.7640495300293
2026-06-10 07:15:54+00:00,1.0,123.19999694824219,1.0,44.635009765625,25.897705078125,12.0,35.96028518676758
2026-06-10 07:15:55+00:00,1.0,123.19999694824219,1.0,44.63492202758789,25.897676467895508,12.0,35.96028518676758
2026-06-10 07:15:56+00:00,1.0,123.19999694824219,1.0,44.634822845458984,25.897680282592773,12.0,38.319732666015625
2026-06-10 07:15:57+00:00,1.0,123.19999694824219,1.0,44.634822845458984,25.897680282592773,12.0,38.319732666015625
2026-06-10 07:16:01+00:00,1.0,122.5,1.0,44.634464263916016,25.897403717041016,12.0,37.912288665771484
2026-06-10 07:16:02+00:00,1.0,122.5,1.0,44.634456634521484,25.897260665893555,12.0,39.56797790527344
2026-06-10 07:16:03+00:00,1.0,122.5,1.0,44.63447189331055,25.897123336791992,12.0,41.49961471557617
2026-06-10 07:16:04+00:00,1.0,123.5,1.0,44.63451385498047,25.896984100341797,12.0,42.23300552368164
2026-06-10 07:16:05+00:00,1.0,123.5,1.0,44.63457107543945,25.896854400634766,12.0,43.76091003417969
2026-06-10 07:16:06+00:00,1.0,123.5,1.0,44.6346435546875,25.896739959716797,12.0,43.846099853515625
2026-06-10 07:16:07+00:00,1.0,123.5,1.0,44.634742736816406,25.896650314331055,12.0,44.92951965332031
2026-06-10 07:16:08+00:00,1.0,123.5,1.0,44.63483810424805,25.896581649780273,12.0,46.09257507324219
2026-06-10 07:16:09+00:00,1.0,123.5,1.0,44.634952545166016,25.89654541015625,12.0,47.16488265991211
2026-06-10 07:16:10+00:00,1.0,123.5,1.0,44.635074615478516,25.89654541015625,12.0,47.8575325012207
2026-06-10 07:16:11+00:00,1.0,123.5,1.0,44.635189056396484,25.89658546447754,12.0,47.011165618896484
2026-06-10 07:16:12+00:00,1.0,123.5,1.0,44.635189056396484,25.89658546447754,12.0,47.011165618896484
2026-06-10 07:16:13+00:00,1.0,123.5,1.0,44.63536071777344,25.89679718017578,12.0,46.11850357055664
2026-06-10 07:16:14+00:00,1.0,124.30000305175781,1.0,44.63541030883789,25.896947860717773,12.0,46.11850357055664
2026-06-10 07:16:15+00:00,1.0,124.30000305175781,1.0,44.63542556762695,25.897111892700195,12.0,46.11850357055664
2026-06-10 07:16:16+00:00,1.0,124.30000305175781,1.0,44.63542556762695,25.897111892700195,12.0,48.21867370605469
2026-06-10 07:16:17+00:00,1.0,124.0,1.0,44.63544845581055,25.897464752197266,12.0,48.21867370605469
2026-06-10 07:16:18+00:00,1.0,123.9000015258789,1.0,44.63546371459961,25.89765167236328,12.0,48.21867370605469
2026-06-10 07:16:19+00:00,1.0,123.9000015258789,1.0,44.635475158691406,25.89784812927246,12.0,57.14901351928711
2026-06-10 07:16:20+00:00,1.0,123.9000015258789,1.0,44.63548278808594,25.89805030822754,12.0,59.364009857177734
2026-06-10 07:16:21+00:00,1.0,123.5999984741211,1.0,44.63549041748047,25.89826202392578,12.0,59.364009857177734
2026-06-10 07:16:22+00:00,1.0,123.5,1.0,44.635498046875,25.898481369018555,12.0,63.65138626098633
2026-06-10 07:16:23+00:00,1.0,123.30000305175781,1.0,44.63550567626953,25.898710250854492,12.0,63.65138626098633
2026-06-10 07:16:24+00:00,1.0,123.30000305175781,1.0,44.63551330566406,25.89894676208496,12.0,68.04803466796875
2026-06-10 07:16:25+00:00,1.0,123.30000305175781,1.0,44.63553237915039,25.899187088012695,12.0,68.04803466796875
2026-06-10 07:16:26+00:00,1.0,123.0999984741211,1.0,44.63553237915039,25.899425506591797,12.0,68.67030334472656
2026-06-10 07:16:27+00:00,1.0,123.0999984741211,1.0,44.63554000854492,25.89966583251953,12.0,68.67030334472656
2026-06-10 07:16:28+00:00,1.0,123.0999984741211,1.0,44.63554763793945,25.899898529052734,12.0,67.3387222290039
2026-06-10 07:16:29+00:00,1.0,122.9000015258789,1.0,44.635555267333984,25.90013885498047,12.0,67.3387222290039
2026-06-10 07:16:30+00:00,1.0,122.9000015258789,1.0,44.635562896728516,25.900362014770508,12.0,63.962520599365234
2026-06-10 07:16:32+00:00,1.0,122.80000305175781,1.0,44.63557052612305,25.900739669799805,12.0,47.34452819824219
2026-06-10 07:16:33+00:00,1.0,122.9000015258789,1.0,44.635555267333984,25.900890350341797,12.0,47.34452819824219
2026-06-10 07:16:34+00:00,1.0,122.9000015258789,1.0,44.635520935058594,25.901012420654297,12.0,37.2474250793457
2026-06-10 07:16:35+00:00,1.0,122.80000305175781,1.0,44.63546371459961,25.901105880737305,12.0,37.2474250793457
2026-06-10 07:16:36+00:00,1.0,122.80000305175781,1.0,44.63539123535156,25.901159286499023,12.0,34.67129135131836
2026-06-10 07:16:37+00:00,1.0,122.80000305175781,1.0,44.63530349731445,25.901159286499023,12.0,34.62684631347656
2026-06-10 07:16:39+00:00,1.0,122.80000305175781,1.0,44.63518142700195,25.901025772094727,12.0,34.62684631347656
2026-06-10 07:16:40+00:00,1.0,123.19999694824219,1.0,44.63514709472656,25.900911331176758,12.0,35.6510009765625
2026-06-10 07:16:41+00:00,1.0,123.0999984741211,1.0,44.63511657714844,25.900793075561523,12.0,38.141937255859375
2026-06-10 07:16:42+00:00,1.0,123.0999984741211,1.0,44.63508224487305,25.900659561157227,12.0,40.70880889892578
2026-06-10 07:16:43+00:00,1.0,123.0,1.0,44.635066986083984,25.900508880615234,12.0,43.303462982177734
2026-06-10 07:16:44+00:00,1.0,123.0,1.0,44.63505935668945,25.900354385375977,12.0,45.93144989013672
2026-06-10 07:16:45+00:00,1.0,122.9000015258789,1.0,44.63505172729492,25.90018653869629,12.0,45.93144989013672
2026-06-10 07:16:46+00:00,1.0,122.9000015258789,1.0,44.63505172729492,25.900020599365234,12.0,47.8056755065918
2026-06-10 07:16:47+00:00,1.0,122.9000015258789,1.0,44.63505935668945,25.899852752685547,12.0,48.468692779541016
2026-06-10 07:16:48+00:00,1.0,122.9000015258789,1.0,44.635074615478516,25.899682998657227,12.0,47.86493682861328
2026-06-10 07:16:49+00:00,1.0,122.9000015258789,1.0,44.635074615478516,25.899682998657227,12.0,47.86493682861328
2026-06-10 07:16:54+00:00,1.0,122.19999694824219,1.0,44.63473129272461,25.89906883239746,12.0,40.17913818359375
2026-06-10 07:16:55+00:00,1.0,123.30000305175781,1.0,44.63465881347656,25.898954391479492,12.0,40.17913818359375
2026-06-10 07:16:56+00:00,1.0,123.5,1.0,44.63460159301758,25.89882469177246,12.0,40.17913818359375
2026-06-10 07:16:57+00:00,1.0,123.5,1.0,44.634544372558594,25.898685455322266,12.0,44.77395248413086
2026-06-10 07:16:58+00:00,1.0,123.5,1.0,44.63450622558594,25.89853858947754,12.0,44.748023986816406
2026-06-10 07:16:59+00:00,1.0,123.5999984741211,1.0,44.63447189331055,25.898393630981445,12.0,44.748023986816406
2026-06-10 07:17:00+00:00,1.0,123.5999984741211,1.0,44.634464263916016,25.898250579833984,12.0,41.229225158691406
2026-06-10 07:17:01+00:00,1.0,123.5999984741211,1.0,44.634498596191406,25.898128509521484,12.0,37.32335662841797
2026-06-10 07:17:02+00:00,1.0,123.4000015258789,1.0,44.63455581665039,25.898042678833008,12.0,36.165855407714844
2026-06-10 07:17:03+00:00,1.0,123.4000015258789,1.0,44.63463592529297,25.89801025390625,12.0,34.9916877746582
2026-06-10 07:17:04+00:00,1.0,123.5,1.0,44.63473129272461,25.898027420043945,12.0,34.9916877746582
2026-06-10 07:17:05+00:00,1.0,123.5,1.0,44.63480758666992,25.89809226989746,12.0,36.81220245361328
2026-06-10 07:17:06+00:00,1.0,123.5999984741211,1.0,44.63485336303711,25.898197174072266,12.0,36.81220245361328
2026-06-10 07:17:07+00:00,1.0,123.5,1.0,44.634864807128906,25.898319244384766,12.0,35.7806396484375
2026-06-10 07:17:08+00:00,1.0,123.5,1.0,44.63484573364258,25.8984375,12.0,35.7806396484375
2026-06-10 07:17:09+00:00,1.0,123.5,1.0,44.63483810424805,25.89855194091797,12.0,34.4305305480957
2026-06-10 07:17:10+00:00,1.0,123.30000305175781,1.0,44.63483810424805,25.89867401123047,12.0,33.974937438964844
2026-06-10 07:17:11+00:00,1.0,123.30000305175781,1.0,44.634864807128906,25.89878273010254,12.0,33.49712371826172
2026-06-10 07:17:12+00:00,1.0,123.19999694824219,1.0,44.63490295410156,25.898876190185547,12.0,32.74521255493164
2026-06-10 07:17:13+00:00,1.0,123.19999694824219,1.0,44.63496780395508,25.89893341064453,12.0,31.43584632873535
2026-06-10 07:17:14+00:00,1.0,123.19999694824219,1.0,44.63505172729492,25.898929595947266,12.0,29.97832489013672
2026-06-10 07:17:15+00:00,1.0,123.19999694824219,1.0,44.635108947753906,25.89887237548828,12.0,29.070844650268555
2026-06-10 07:17:16+00:00,1.0,123.19999694824219,1.0,44.63513946533203,25.89878273010254,12.0,30.68023109436035
2026-06-10 07:17:18+00:00,1.0,123.19999694824219,1.0,44.635154724121094,25.898548126220703,12.0,34.91019821166992
2026-06-10 07:17:19+00:00,1.0,123.19999694824219,1.0,44.635154724121094,25.898420333862305,12.0,35.3824577331543
2026-06-10 07:17:20+00:00,1.0,123.19999694824219,1.0,44.635154724121094,25.898303985595703,12.0,36.819610595703125
2026-06-10 07:17:21+00:00,1.0,123.19999694824219,1.0,44.63514709472656,25.89817237854004,12.0,36.61033630371094
2026-06-10 07:17:22+00:00,1.0,123.19999694824219,1.0,44.63514709472656,25.898042678833008,12.0,36.204750061035156
2026-06-10 07:17:23+00:00,1.0,123.19999694824219,1.0,44.63514709472656,25.898042678833008,12.0,36.204750061035156
2026-06-10 07:17:24+00:00,1.0,123.19999694824219,1.0,44.63508224487305,25.89781951904297,12.0,35.284305572509766
2026-06-10 07:17:25+00:00,1.0,123.69999694824219,1.0,44.63501739501953,2.0187876391218693e-39,12.0,35.284305572509766
2026-06-10 07:17:26+00:00,1.0,123.69999694824219,1.0,44.63493728637695,25.897693634033203,12.0,35.68804168701172
2026-06-10 07:17:27+00:00,1.0,123.80000305175781,1.0,44.63484573364258,25.897687911987305,12.0,37.32150650024414
2026-06-10 07:17:28+00:00,1.0,123.80000305175781,1.0,44.63475036621094,25.89769744873047,12.0,38.214168548583984
2026-06-10 07:17:29+00:00,1.0,123.80000305175781,1.0,44.63465118408203,25.89768409729004,12.0,38.214168548583984
2026-06-10 07:17:30+00:00,1.0,123.80000305175781,1.0,44.63457107543945,25.897626876831055,12.0,38.00859832763672
2026-06-10 07:17:31+00:00,1.0,123.9000015258789,1.0,44.63450622558594,25.897533416748047,12.0,38.00859832763672
2026-06-10 07:17:32+00:00,1.0,124.0,1.0,44.63447189331055,25.89740753173828,12.0,38.254913330078125
2026-06-10 07:17:33+00:00,1.0,124.0,1.0,44.634464263916016,25.89727783203125,12.0,40.273597717285156
2026-06-10 07:17:34+00:00,1.0,124.0,1.0,44.63447952270508,25.897130966186523,12.0,42.40339279174805
2026-06-10 07:17:35+00:00,1.0,124.0999984741211,1.0,44.634521484375,25.896989822387695,12.0,42.40339279174805
2026-06-10 07:17:36+00:00,1.0,124.0999984741211,1.0,44.634586334228516,25.896854400634766,12.0,46.868560791015625
2026-06-10 07:17:37+00:00,1.0,124.19999694824219,1.0,44.634666442871094,25.896728515625,12.0,48.95576858520508
2026-06-10 07:17:38+00:00,1.0,124.19999694824219,1.0,44.63477325439453,25.89662742614746,12.0,51.05778884887695
2026-06-10 07:17:39+00:00,1.0,124.19999694824219,1.0,44.6348876953125,25.896556854248047,12.0,51.75969696044922
2026-06-10 07:17:40+00:00,1.0,124.19999694824219,1.0,44.63501739501953,25.89653778076172,12.0,52.08935546875
2026-06-10 07:17:41+00:00,1.0,124.19999694824219,1.0,44.63501739501953,25.89653778076172,12.0,52.08935546875
2026-06-10 07:17:42+00:00,1.0,124.19999694824219,1.0,44.63526916503906,25.896650314331055,12.0,52.08935546875
2026-06-10 07:17:43+00:00,1.0,124.19999694824219,1.0,44.6353759765625,25.896785736083984,12.0,56.33599090576172
2026-06-10 07:17:44+00:00,1.0,124.19999694824219,1.0,44.635440826416016,25.896961212158203,12.0,57.20642852783203
2026-06-10 07:17:45+00:00,1.0,124.19999694824219,1.0,44.635440826416016,25.896961212158203,12.0,57.20642852783203
2026-06-10 07:17:46+00:00,1.0,124.19999694824219,1.0,44.63548278808594,25.897367477416992,12.0,60.88820266723633
2026-06-10 07:17:47+00:00,1.0,124.19999694824219,1.0,44.63549041748047,25.8975830078125,12.0,63.264320373535156
2026-06-10 07:17:48+00:00,1.0,124.19999694824219,1.0,44.63549041748047,25.8975830078125,12.0,63.264320373535156
2026-06-10 07:17:49+00:00,1.0,124.19999694824219,1.0,44.63549041748047,25.8975830078125,12.0,63.264320373535156
2026-06-10 07:17:50+00:00,1.0,124.19999694824219,1.0,44.63550567626953,25.898286819458008,12.0,69.57593536376953
2026-06-10 07:17:51+00:00,1.0,124.19999694824219,1.0,44.63550567626953,25.898286819458008,12.0,69.57593536376953
2026-06-10 07:17:52+00:00,1.0,123.9000015258789,1.0,44.635520935058594,25.898786544799805,12.0,73.6336669921875
2026-06-10 07:17:53+00:00,1.0,123.9000015258789,1.0,44.63553237915039,25.8990478515625,12.0,75.57826232910156
2026-06-10 07:17:54+00:00,1.0,123.9000015258789,1.0,44.63554000854492,25.899316787719727,12.0,77.18949890136719
2026-06-10 07:17:55+00:00,1.0,123.9000015258789,1.0,44.63554763793945,25.899585723876953,12.0,77.18949890136719
2026-06-10 07:17:56+00:00,1.0,123.9000015258789,1.0,44.635555267333984,25.89984893798828,12.0,75.14490509033203
2026-06-10 07:17:57+00:00,1.0,123.9000015258789,1.0,44.635555267333984,25.89984893798828,12.0,75.14490509033203
2026-06-10 07:17:58+00:00,1.0,123.9000015258789,1.0,44.635555267333984,25.89984893798828,12.0,75.14490509033203
2026-06-10 07:17:59+00:00,1.0,123.9000015258789,1.0,44.635555267333984,25.89984893798828,12.0,75.14490509033203
2026-06-10 07:18:00+00:00,1.0,123.9000015258789,1.0,44.635555267333984,25.89984893798828,12.0,75.14490509033203
2026-06-10 07:18:01+00:00,1.0,123.9000015258789,1.0,44.635555267333984,25.89984893798828,12.0,75.14490509033203
2026-06-10 07:18:02+00:00,1.0,123.9000015258789,1.0,44.635555267333984,25.89984893798828,12.0,75.14490509033203
2026-06-10 07:18:03+00:00,1.0,123.5999984741211,1.0,44.63545608520508,25.901126861572266,12.0,75.14490509033203
2026-06-10 07:18:04+00:00,1.0,123.69999694824219,1.0,44.63536834716797,25.901172637939453,12.0,36.9344367980957
2026-06-10 07:18:05+00:00,1.0,123.69999694824219,1.0,44.635276794433594,25.901159286499023,12.0,35.83804702758789
2026-06-10 07:18:06+00:00,1.0,123.69999694824219,1.0,44.63521194458008,25.901086807250977,12.0,34.4842414855957
2026-06-10 07:18:07+00:00,1.0,123.69999694824219,1.0,44.63516616821289,25.90097999572754,12.0,36.21771240234375
2026-06-10 07:18:08+00:00,1.0,123.69999694824219,1.0,44.63516616821289,25.90097999572754,12.0,36.21771240234375
2026-06-10 07:18:09+00:00,1.0,123.9000015258789,1.0,44.63509750366211,25.900724411010742,12.0,40.599544525146484
2026-06-10 07:18:10+00:00,1.0,123.9000015258789,1.0,44.63505935668945,25.900585174560547,12.0,42.48488235473633
2026-06-10 07:18:11+00:00,1.0,123.80000305175781,1.0,44.635032653808594,25.90044403076172,12.0,44.679500579833984
2026-06-10 07:18:12+00:00,1.0,123.5999984741211,1.0,44.63502502441406,25.900279998779297,12.0,46.69447708129883
2026-06-10 07:18:13+00:00,1.0,123.5999984741211,1.0,44.635032653808594,25.900117874145508,12.0,47.011165618896484
2026-06-10 07:18:14+00:00,1.0,123.19999694824219,1.0,44.63505172729492,25.899951934814453,12.0,47.011165618896484
2026-06-10 07:18:15+00:00,1.0,123.19999694824219,1.0,44.63505935668945,25.899791717529297,12.0,45.09064483642578
2026-06-10 07:18:16+00:00,1.0,123.0999984741211,1.0,44.635066986083984,25.899641036987305,12.0,41.908912658691406
2026-06-10 07:18:17+00:00,1.0,123.0999984741211,1.0,44.63505935668945,25.899507522583008,12.0,38.69753646850586
2026-06-10 07:18:18+00:00,1.0,123.0999984741211,1.0,44.63505935668945,25.899507522583008,12.0,38.69753646850586
2026-06-10 07:18:19+00:00,1.0,123.0999984741211,1.0,44.63505935668945,25.899507522583008,12.0,38.69753646850586
2026-06-10 07:18:20+00:00,1.0,123.0,1.0,44.63484573364258,25.89922332763672,12.0,38.69753646850586
2026-06-10 07:18:21+00:00,1.0,123.0,1.0,44.63477325439453,25.899137496948242,12.0,40.27729797363281
2026-06-10 07:18:22+00:00,1.0,123.0999984741211,1.0,44.634708404541016,25.899023056030273,12.0,41.668148040771484
2026-06-10 07:18:23+00:00,1.0,123.0999984741211,1.0,44.63463592529297,25.898900985717773,12.0,43.710906982421875
2026-06-10 07:18:24+00:00,1.0,123.19999694824219,1.0,44.634578704833984,25.898771286010742,12.0,44.73505783081055
2026-06-10 07:18:25+00:00,1.0,123.19999694824219,1.0,44.63452911376953,25.898632049560547,12.0,44.89248275756836
2026-06-10 07:18:26+00:00,1.0,123.19999694824219,1.0,44.63448715209961,25.898487091064453,12.0,44.40540313720703
2026-06-10 07:18:27+00:00,1.0,123.19999694824219,1.0,44.63448715209961,25.898487091064453,12.0,44.40540313720703
2026-06-10 07:18:28+00:00,1.0,123.19999694824219,1.0,44.63448715209961,25.898487091064453,12.0,44.40540313720703
2026-06-10 07:18:29+00:00,1.0,123.19999694824219,1.0,44.63448715209961,25.898487091064453,12.0,44.40540313720703
2026-06-10 07:18:30+00:00,1.0,123.19999694824219,1.0,44.63460159301758,25.89805030822754,12.0,36.11955642700195
2026-06-10 07:18:31+00:00,1.0,123.19999694824219,1.0,44.63469314575195,25.898021697998047,12.0,37.70671844482422
2026-06-10 07:18:32+00:00,1.0,123.19999694824219,1.0,44.63469314575195,25.898021697998047,12.0,37.70671844482422
2026-06-10 07:18:33+00:00,1.0,123.19999694824219,1.0,44.63469314575195,25.898021697998047,12.0,37.70671844482422
2026-06-10 07:18:34+00:00,1.0,123.19999694824219,1.0,44.63489532470703,25.89823341369629,12.0,37.08259582519531
2026-06-10 07:18:35+00:00,1.0,123.19999694824219,1.0,44.63489532470703,25.89823341369629,12.0,37.08259582519531
2026-06-10 07:18:36+00:00,1.0,123.19999694824219,1.0,44.63488006591797,25.898487091064453,12.0,37.22520065307617
2026-06-10 07:18:37+00:00,1.0,123.19999694824219,1.0,44.63488006591797,25.898487091064453,12.0,37.22520065307617
2026-06-10 07:18:38+00:00,1.0,123.19999694824219,1.0,44.634864807128906,25.898738861083984,12.0,36.117706298828125
2026-06-10 07:18:39+00:00,1.0,122.69999694824219,1.0,44.63490295410156,25.898847579956055,12.0,36.117706298828125
2026-06-10 07:18:40+00:00,1.0,122.69999694824219,1.0,44.63496017456055,25.89891815185547,12.0,32.78410720825195
2026-06-10 07:18:41+00:00,1.0,122.69999694824219,1.0,44.63505172729492,25.89892578125,12.0,32.02663803100586
2026-06-10 07:18:42+00:00,1.0,122.69999694824219,1.0,44.635108947753906,25.898868560791016,12.0,32.348880767822266
2026-06-10 07:18:43+00:00,1.0,122.69999694824219,1.0,44.63514709472656,25.898771286010742,12.0,32.348880767822266
2026-06-10 07:18:44+00:00,1.0,122.69999694824219,1.0,44.635154724121094,25.898649215698242,12.0,35.586181640625
2026-06-10 07:18:45+00:00,1.0,122.69999694824219,1.0,44.635154724121094,25.898515701293945,12.0,37.95303726196289
2026-06-10 07:18:46+00:00,1.0,122.69999694824219,1.0,44.635154724121094,25.89837646484375,12.0,40.345821380615234
2026-06-10 07:18:47+00:00,1.0,122.69999694824219,1.0,44.635154724121094,25.89837646484375,12.0,40.345821380615234
2026-06-10 07:18:48+00:00,1.0,122.69999694824219,1.0,44.635154724121094,25.89823341369629,12.0,40.345821380615234
2026-06-10 07:18:49+00:00,1.0,122.69999694824219,1.0,44.635154724121094,25.89823341369629,12.0,40.345821380615234
2026-06-10 07:18:50+00:00,1.0,122.69999694824219,1.0,44.63508224487305,25.897809982299805,12.0,42.23300552368164
2026-06-10 07:18:51+00:00,1.0,122.69999694824219,1.0,44.63499450683594,25.897722244262695,12.0,42.83305740356445
2026-06-10 07:18:52+00:00,1.0,122.69999694824219,1.0,44.63499450683594,25.897722244262695,12.0,42.83305740356445
2026-06-10 07:18:53+00:00,1.0,122.69999694824219,1.0,44.63478088378906,25.897701263427734,12.0,44.4702262878418
2026-06-10 07:18:54+00:00,1.0,122.9000015258789,1.0,44.63467788696289,25.897693634033203,12.0,44.4702262878418
2026-06-10 07:18:55+00:00,1.0,122.9000015258789,1.0,44.63467788696289,25.897693634033203,12.0,44.4702262878418
2026-06-10 07:18:56+00:00,1.0,123.0,1.0,44.63450622558594,25.89752960205078,12.0,42.25523376464844
2026-06-10 07:18:57+00:00,1.0,123.0,1.0,44.634464263916016,25.89739227294922,12.0,43.386802673339844
2026-06-10 07:18:58+00:00,1.0,123.0999984741211,1.0,44.634464263916016,2.018898341700551e-39,12.0,44.89433288574219
2026-06-10 07:18:59+00:00,1.0,123.0999984741211,1.0,44.63448715209961,25.897077560424805,12.0,46.79077911376953
2026-06-10 07:19:00+00:00,1.0,123.0999984741211,1.0,44.63448715209961,25.897077560424805,12.0,46.79077911376953
2026-06-10 07:19:01+00:00,1.0,123.0999984741211,1.0,44.63448715209961,25.897077560424805,12.0,46.79077911376953
2026-06-10 07:19:02+00:00,1.0,122.9000015258789,1.0,44.63471603393555,25.89667510986328,12.0,46.79077911376953
2026-06-10 07:19:03+00:00,1.0,122.9000015258789,1.0,44.634830474853516,25.89658546447754,12.0,53.90431213378906
2026-06-10 07:19:04+00:00,1.0,122.9000015258789,1.0,44.63496017456055,25.89653778076172,12.0,54.04876708984375
2026-06-10 07:19:05+00:00,1.0,0.0,1.0,44.63496017456055,25.89653778076172,12.0,8.099437861471155e-39
2026-06-10 07:19:06+00:00,1.0,122.9000015258789,1.0,44.63521957397461,25.896602630615234,12.0,54.78956604003906
2026-06-10 07:19:07+00:00,1.0,122.9000015258789,1.0,44.63521957397461,25.896602630615234,12.0,54.78956604003906
2026-06-10 07:19:08+00:00,1.0,122.9000015258789,1.0,44.63541793823242,25.896875381469727,12.0,55.506290435791016
2026-06-10 07:19:09+00:00,1.0,122.9000015258789,1.0,44.63541793823242,25.896875381469727,12.0,55.506290435791016
2026-06-10 07:19:10+00:00,1.0,122.9000015258789,1.0,44.635475158691406,25.897260665893555,12.0,55.506290435791016
2026-06-10 07:19:11+00:00,1.0,122.9000015258789,1.0,44.63548278808594,25.89746856689453,12.0,59.76959228515625
2026-06-10 07:19:12+00:00,1.0,122.9000015258789,1.0,44.63548278808594,25.89746856689453,12.0,59.76959228515625
2026-06-10 07:19:13+00:00,1.0,122.9000015258789,1.0,44.63548278808594,25.89746856689453,12.0,59.76959228515625
2026-06-10 07:19:14+00:00,1.0,122.9000015258789,1.0,44.63550567626953,25.89811134338379,12.0,59.76959228515625
2026-06-10 07:19:15+00:00,1.0,122.9000015258789,1.0,44.63550567626953,25.89833641052246,12.0,63.78843688964844
2026-06-10 07:19:16+00:00,1.0,122.9000015258789,1.0,44.63551330566406,25.898555755615234,12.0,63.78843688964844
2026-06-10 07:19:17+00:00,1.0,122.9000015258789,1.0,44.635520935058594,25.898786544799805,12.0,65.67377471923828
2026-06-10 07:19:18+00:00,1.0,122.9000015258789,1.0,44.63553237915039,25.899019241333008,12.0,65.67377471923828
2026-06-10 07:19:19+00:00,1.0,3.261378367369616e-08,1.0,44.63554000854492,25.899255752563477,12.0,-2.2624881967914234e-09
2026-06-10 07:19:20+00:00,1.0,122.5999984741211,1.0,44.63554000854492,25.89949607849121,12.0,67.70541381835938
2026-06-10 07:19:21+00:00,1.0,122.5999984741211,1.0,44.63554763793945,25.899730682373047,12.0,67.98136901855469
2026-06-10 07:19:22+00:00,1.0,122.5999984741211,1.0,44.63554763793945,25.899730682373047,12.0,66.98868560791016
2026-06-10 07:19:23+00:00,1.0,122.5999984741211,1.0,44.635562896728516,25.900196075439453,12.0,65.0403823852539
2026-06-10 07:19:24+00:00,1.0,122.5999984741211,1.0,44.635562896728516,25.900415420532227,12.0,62.42351531982422
2026-06-10 07:19:25+00:00,1.0,122.5999984741211,1.0,44.63557052612305,25.90062713623047,12.0,57.756473541259766
2026-06-10 07:19:26+00:00,1.0,122.5999984741211,1.0,44.635562896728516,25.900806427001953,12.0,48.68537521362305
2026-06-10 07:19:27+00:00,1.0,122.9000015258789,1.0,44.63554000854492,25.900951385498047,12.0,40.1532096862793
2026-06-10 07:19:28+00:00,1.0,122.9000015258789,1.0,44.635498046875,25.901065826416016,12.0,38.14749526977539
2026-06-10 07:19:29+00:00,1.0,122.9000015258789,1.0,44.63542556762695,25.901147842407227,12.0,37.073333740234375
2026-06-10 07:19:30+00:00,1.0,122.9000015258789,1.0,44.63534164428711,25.90117645263672,12.0,37.036293029785156
2026-06-10 07:19:31+00:00,1.0,122.9000015258789,1.0,44.63534164428711,25.90117645263672,12.0,37.036293029785156
2026-06-10 07:19:32+00:00,1.0,123.0,1.0,44.635189056396484,25.901058197021484,12.0,37.036293029785156
2026-06-10 07:19:33+00:00,1.0,123.0,1.0,44.63514709472656,25.90094757080078,12.0,37.036293029785156
2026-06-10 07:19:34+00:00,1.0,123.0,1.0,44.63511657714844,25.900821685791016,12.0,39.27351379394531
2026-06-10 07:19:35+00:00,1.0,123.0,1.0,44.63508224487305,25.900684356689453,12.0,41.69407653808594
2026-06-10 07:19:36+00:00,1.0,123.0,1.0,44.63505935668945,25.900537490844727,12.0,43.67941665649414
2026-06-10 07:19:37+00:00,1.0,123.0,1.0,44.63505935668945,25.900537490844727,12.0,43.67941665649414
2026-06-10 07:19:38+00:00,1.0,123.0,1.0,44.63504409790039,25.900218963623047,12.0,46.17961883544922
2026-06-10 07:19:39+00:00,1.0,123.0,1.0,44.63504409790039,25.900218963623047,12.0,46.17961883544922
2026-06-10 07:19:40+00:00,1.0,122.5,1.0,44.63505935668945,25.899890899658203,12.0,46.17961883544922
2026-06-10 07:19:41+00:00,1.0,122.5999984741211,1.0,44.635066986083984,25.899723052978516,12.0,46.17961883544922
2026-06-10 07:19:42+00:00,1.0,122.5999984741211,1.0,44.63505935668945,25.89955711364746,12.0,46.64262008666992
2026-06-10 07:19:43+00:00,1.0,122.69999694824219,1.0,44.63502502441406,25.899410247802734,12.0,44.10908126831055
2026-06-10 07:19:44+00:00,1.0,122.69999694824219,1.0,44.63502502441406,25.899410247802734,12.0,44.10908126831055
2026-06-10 07:19:45+00:00,1.0,122.69999694824219,1.0,44.63487243652344,25.89923095703125,12.0,39.9587516784668
2026-06-10 07:19:46+00:00,1.0,122.5999984741211,1.0,44.634788513183594,25.899152755737305,12.0,38.93274688720703
2026-06-10 07:19:47+00:00,1.0,122.5999984741211,1.0,44.63472366333008,25.8990478515625,12.0,40.20877456665039
2026-06-10 07:19:48+00:00,1.0,122.80000305175781,1.0,44.634666442871094,25.898929595947266,12.0,42.0200309753418
2026-06-10 07:19:49+00:00,1.0,122.80000305175781,1.0,44.63460159301758,25.8988037109375,12.0,43.02751922607422
2026-06-10 07:19:50+00:00,1.0,122.80000305175781,1.0,44.63460159301758,25.8988037109375,12.0,43.02751922607422
2026-06-10 07:19:51+00:00,1.0,122.9000015258789,1.0,44.63450622558594,25.898530960083008,12.0,43.02751922607422
2026-06-10 07:19:52+00:00,1.0,122.9000015258789,1.0,44.63447189331055,25.898387908935547,12.0,43.30160903930664
2026-06-10 07:19:53+00:00,1.0,122.9000015258789,1.0,44.63447189331055,25.898387908935547,12.0,43.30160903930664
2026-06-10 07:19:54+00:00,1.0,122.5999984741211,1.0,44.63450622558594,25.89813232421875,12.0,43.30160903930664
2026-06-10 07:19:55+00:00,1.0,122.5,1.0,44.634578704833984,25.89805030822754,12.0,43.30160903930664
2026-06-10 07:19:56+00:00,1.0,122.5,1.0,44.63467788696289,25.898027420043945,12.0,38.762359619140625
2026-06-10 07:19:57+00:00,1.0,122.5,1.0,44.634765625,25.89806365966797,12.0,39.784664154052734
2026-06-10 07:19:58+00:00,1.0,122.5999984741211,1.0,44.634830474853516,25.89815330505371,12.0,39.784664154052734
2026-06-10 07:19:59+00:00,1.0,122.5999984741211,1.0,44.634864807128906,25.898279190063477,12.0,38.790138244628906
2026-06-10 07:20:00+00:00,1.0,122.5999984741211,1.0,44.634864807128906,25.898279190063477,12.0,38.790138244628906
2026-06-10 07:20:01+00:00,1.0,122.5999984741211,1.0,44.634864807128906,25.89853858947754,12.0,37.88265609741211
2026-06-10 07:20:02+00:00,1.0,122.5999984741211,1.0,44.63488006591797,25.898670196533203,12.0,37.72523880004883
2026-06-10 07:20:03+00:00,1.0,122.5999984741211,1.0,44.63488006591797,25.898670196533203,12.0,37.72523880004883
2026-06-10 07:20:04+00:00,1.0,122.4000015258789,1.0,44.63496780395508,25.898881912231445,12.0,37.72523880004883
2026-06-10 07:20:05+00:00,1.0,122.4000015258789,1.0,44.63505172729492,25.898908615112305,12.0,30.991369247436523
2026-06-10 07:20:06+00:00,1.0,122.4000015258789,1.0,44.635108947753906,25.898881912231445,12.0,26.283584594726562
2026-06-10 07:20:07+00:00,1.0,122.5999984741211,1.0,44.63514709472656,25.89881134033203,12.0,26.283584594726562
2026-06-10 07:20:08+00:00,1.0,122.5999984741211,1.0,44.635154724121094,25.898714065551758,12.0,27.98557472229004
2026-06-10 07:20:09+00:00,1.0,122.5999984741211,1.0,44.635154724121094,25.898714065551758,12.0,27.98557472229004
2026-06-10 07:20:10+00:00,1.0,122.5999984741211,1.0,44.635154724121094,25.89849853515625,12.0,33.04153060913086
2026-06-10 07:20:11+00:00,1.0,122.80000305175781,1.0,44.635154724121094,25.89837646484375,12.0,33.04153060913086
2026-06-10 07:20:12+00:00,1.0,122.80000305175781,1.0,44.63514709472656,25.898250579833984,12.0,37.95303726196289
2026-06-10 07:20:13+00:00,1.0,122.80000305175781,1.0,44.63514709472656,25.898115158081055,12.0,40.40693283081055
2026-06-10 07:20:14+00:00,1.0,122.80000305175781,1.0,44.63514709472656,25.898115158081055,12.0,40.40693283081055
2026-06-10 07:20:15+00:00,1.0,122.69999694824219,1.0,44.63508987426758,25.897844314575195,12.0,40.40693283081055
2026-06-10 07:20:16+00:00,1.0,122.69999694824219,1.0,44.63508987426758,25.897844314575195,12.0,42.164485931396484
2026-06-10 07:20:17+00:00,1.0,122.80000305175781,1.0,44.63492202758789,25.89768409729004,12.0,42.164485931396484
2026-06-10 07:20:18+00:00,1.0,122.9000015258789,1.0,44.63481521606445,25.897680282592773,12.0,44.010929107666016
2026-06-10 07:20:19+00:00,1.0,122.9000015258789,1.0,44.634708404541016,25.897687911987305,12.0,43.65163803100586
2026-06-10 07:20:20+00:00,1.0,122.9000015258789,1.0,44.634708404541016,25.897687911987305,12.0,43.65163803100586
2026-06-10 07:20:21+00:00,1.0,122.9000015258789,1.0,44.634521484375,25.897565841674805,12.0,43.32939147949219
2026-06-10 07:20:22+00:00,1.0,122.9000015258789,1.0,44.634521484375,25.897565841674805,12.0,43.32939147949219
2026-06-10 07:20:23+00:00,1.0,122.9000015258789,1.0,44.634521484375,25.897565841674805,12.0,43.32939147949219
2026-06-10 07:20:25+00:00,1.0,122.9000015258789,1.0,44.634456634521484,25.897127151489258,12.0,43.32939147949219
2026-06-10 07:20:26+00:00,1.0,122.9000015258789,1.0,44.634578704833984,25.896825790405273,12.0,51.491153717041016
2026-06-10 07:20:27+00:00,1.0,122.9000015258789,1.0,44.63467788696289,25.896699905395508,12.0,53.5802116394043
2026-06-10 07:20:28+00:00,1.0,122.9000015258789,1.0,44.63467788696289,25.896699905395508,12.0,53.5802116394043
2026-06-10 07:20:29+00:00,1.0,122.9000015258789,1.0,44.63467788696289,25.896699905395508,12.0,53.5802116394043
2026-06-10 07:20:30+00:00,1.0,122.9000015258789,1.0,44.635066986083984,25.896541595458984,12.0,56.647125244140625
2026-06-10 07:20:31+00:00,1.0,123.30000305175781,1.0,44.635196685791016,25.89659881591797,12.0,56.647125244140625
2026-06-10 07:20:32+00:00,1.0,123.30000305175781,1.0,44.635311126708984,25.896711349487305,12.0,56.71564865112305
2026-06-10 07:20:33+00:00,1.0,123.5999984741211,1.0,44.635398864746094,25.89687156677246,12.0,56.71564865112305
2026-06-10 07:20:34+00:00,1.0,123.9000015258789,1.0,44.63544845581055,25.897062301635742,12.0,59.651065826416016
2026-06-10 07:20:35+00:00,1.0,123.9000015258789,1.0,44.635475158691406,25.897274017333984,12.0,61.058589935302734
2026-06-10 07:20:36+00:00,1.0,123.9000015258789,1.0,44.63548278808594,25.897493362426758,12.0,61.058589935302734
2026-06-10 07:20:37+00:00,1.0,123.9000015258789,1.0,44.63549041748047,25.89771270751953,12.0,64.5866470336914
2026-06-10 07:20:38+00:00,1.0,123.9000015258789,1.0,44.635498046875,25.897945404052734,12.0,66.21269989013672
2026-06-10 07:20:39+00:00,1.0,123.9000015258789,1.0,44.635498046875,25.898181915283203,12.0,67.77579498291016
2026-06-10 07:20:40+00:00,1.0,123.9000015258789,1.0,44.63550567626953,25.898412704467773,12.0,68.9944076538086
2026-06-10 07:20:41+00:00,1.0,123.9000015258789,1.0,44.63551330566406,25.89866065979004,12.0,69.94078826904297
2026-06-10 07:20:42+00:00,1.0,123.9000015258789,1.0,44.635520935058594,25.898900985717773,12.0,69.63334655761719
2026-06-10 07:20:43+00:00,1.0,123.9000015258789,1.0,44.635520935058594,25.898900985717773,12.0,69.63334655761719
2026-06-10 07:20:44+00:00,1.0,123.9000015258789,1.0,44.63554000854492,25.899385452270508,12.0,69.63334655761719
2026-06-10 07:20:45+00:00,1.0,123.9000015258789,1.0,44.63554763793945,25.899621963500977,12.0,66.6516342163086
2026-06-10 07:20:46+00:00,1.0,123.9000015258789,1.0,44.63554763793945,25.899621963500977,12.0,66.6516342163086
2026-06-10 07:20:47+00:00,1.0,123.9000015258789,1.0,44.635555267333984,25.90006446838379,12.0,66.6516342163086
2026-06-10 07:20:48+00:00,1.0,123.9000015258789,1.0,44.635562896728516,25.900272369384766,12.0,57.81573486328125
2026-06-10 07:20:49+00:00,1.0,123.9000015258789,1.0,44.635562896728516,25.900272369384766,12.0,57.81573486328125
2026-06-10 07:20:50+00:00,1.0,123.9000015258789,1.0,44.635562896728516,25.900272369384766,12.0,57.81573486328125
2026-06-10 07:20:51+00:00,1.0,123.9000015258789,1.0,44.635562896728516,25.90081787109375,12.0,57.81573486328125
2026-06-10 07:20:52+00:00,1.0,123.9000015258789,1.0,44.63554000854492,25.900968551635742,12.0,43.91277313232422
2026-06-10 07:20:53+00:00,1.0,123.9000015258789,1.0,44.63554000854492,25.900968551635742,12.0,43.91277313232422
2026-06-10 07:20:54+00:00,1.0,123.9000015258789,1.0,44.63554000854492,25.900968551635742,12.0,43.91277313232422
2026-06-10 07:20:55+00:00,1.0,123.9000015258789,1.0,44.635311126708984,25.901180267333984,12.0,36.05658721923828
2026-06-10 07:20:56+00:00,1.0,123.9000015258789,1.0,44.63523864746094,25.90114402770996,12.0,34.41941833496094
2026-06-10 07:20:57+00:00,1.0,123.9000015258789,1.0,44.63523864746094,25.90114402770996,12.0,34.41941833496094
2026-06-10 07:20:58+00:00,1.0,123.80000305175781,1.0,44.63514709472656,25.90093994140625,12.0,36.404762268066406
2026-06-10 07:20:59+00:00,1.0,123.80000305175781,1.0,44.63511657714844,25.900814056396484,12.0,38.89755630493164
2026-06-10 07:21:00+00:00,1.0,123.69999694824219,1.0,44.63508224487305,25.900678634643555,12.0,41.48850631713867
2026-06-10 07:21:01+00:00,1.0,123.69999694824219,1.0,44.63505935668945,25.90053367614746,12.0,44.06834030151367
2026-06-10 07:21:02+00:00,1.0,123.4000015258789,1.0,44.63505172729492,25.90036964416504,12.0,46.59817123413086
2026-06-10 07:21:03+00:00,1.0,123.4000015258789,1.0,44.63505172729492,25.900203704833984,12.0,48.22978591918945
2026-06-10 07:21:04+00:00,1.0,123.0999984741211,1.0,44.63505172729492,25.900035858154297,12.0,48.22978591918945
2026-06-10 07:21:05+00:00,1.0,123.0999984741211,1.0,44.63505935668945,25.899869918823242,12.0,48.22978591918945
2026-06-10 07:21:06+00:00,1.0,123.0999984741211,1.0,44.635066986083984,25.899702072143555,12.0,46.62409973144531
2026-06-10 07:21:07+00:00,1.0,123.0999984741211,1.0,44.63505935668945,25.899547576904297,12.0,43.8961067199707
2026-06-10 07:21:08+00:00,1.0,123.0999984741211,1.0,44.63502502441406,25.8994140625,12.0,40.02172088623047
2026-06-10 07:21:09+00:00,1.0,123.19999694824219,1.0,44.634952545166016,25.89931297302246,12.0,40.02172088623047
2026-06-10 07:21:10+00:00,1.0,123.19999694824219,1.0,44.63487243652344,25.89923095703125,12.0,40.02172088623047
2026-06-10 07:21:11+00:00,1.0,123.30000305175781,1.0,44.634788513183594,25.899152755737305,12.0,42.112632751464844
2026-06-10 07:21:12+00:00,1.0,123.30000305175781,1.0,44.634708404541016,25.8990478515625,12.0,43.833133697509766
2026-06-10 07:21:13+00:00,1.0,123.4000015258789,1.0,44.63463592529297,25.89891815185547,12.0,43.833133697509766
2026-06-10 07:21:14+00:00,1.0,123.4000015258789,1.0,44.634578704833984,25.89878273010254,12.0,46.09812927246094
2026-06-10 07:21:15+00:00,1.0,123.4000015258789,1.0,44.634578704833984,25.89878273010254,12.0,46.09812927246094
2026-06-10 07:21:16+00:00,1.0,123.4000015258789,1.0,44.634578704833984,25.89878273010254,12.0,46.09812927246094
2026-06-10 07:21:17+00:00,1.0,123.4000015258789,1.0,44.634464263916016,25.898347854614258,12.0,41.892242431640625
2026-06-10 07:21:18+00:00,1.0,123.4000015258789,1.0,44.63447189331055,25.898218154907227,12.0,38.13638687133789
2026-06-10 07:21:19+00:00,1.0,123.4000015258789,1.0,44.63447189331055,25.898218154907227,12.0,38.13638687133789
2026-06-10 07:21:20+00:00,1.0,123.4000015258789,1.0,44.634578704833984,25.89805030822754,12.0,32.56000900268555
2026-06-10 07:21:21+00:00,1.0,123.4000015258789,2.0,44.63465881347656,25.898027420043945,12.0,32.56000900268555
2026-06-10 07:21:22+00:00,1.0,123.80000305175781,2.0,44.63475036621094,25.898042678833008,12.0,35.21392822265625
2026-06-10 07:21:23+00:00,1.0,123.9000015258789,2.0,44.634822845458984,25.898107528686523,12.0,34.512020111083984
2026-06-10 07:21:24+00:00,1.0,123.80000305175781,2.0,44.63487243652344,25.89820098876953,12.0,33.637874603271484
2026-06-10 07:21:25+00:00,1.0,123.80000305175781,2.0,44.6348876953125,25.8983154296875,12.0,33.749000549316406
2026-06-10 07:21:26+00:00,1.0,123.80000305175781,2.0,44.6348876953125,25.898426055908203,12.0,33.87123107910156
2026-06-10 07:21:27+00:00,1.0,123.69999694824219,2.0,44.63488006591797,25.898542404174805,12.0,34.11198806762695
2026-06-10 07:21:28+00:00,1.0,123.69999694824219,2.0,44.6348876953125,25.89866065979004,12.0,33.839744567871094
2026-06-10 07:21:29+00:00,1.0,123.30000305175781,2.0,44.634910583496094,25.898771286010742,12.0,33.1674690246582
2026-06-10 07:21:30+00:00,1.0,123.30000305175781,2.0,44.63496017456055,25.89885711669922,12.0,32.34147644042969
2026-06-10 07:21:31+00:00,1.0,123.5,2.0,44.63504409790039,25.898897171020508,12.0,32.34147644042969
2026-06-10 07:21:32+00:00,1.0,123.5,2.0,44.635108947753906,25.89887237548828,12.0,28.39301300048828
2026-06-10 07:21:33+00:00,1.0,123.69999694824219,2.0,44.63514709472656,25.898799896240234,12.0,28.39301300048828
2026-06-10 07:21:34+00:00,1.0,123.69999694824219,2.0,44.635154724121094,25.898698806762695,12.0,30.122777938842773
2026-06-10 07:21:35+00:00,1.0,123.69999694824219,2.0,44.635154724121094,25.898698806762695,12.0,30.122777938842773
2026-06-10 07:21:36+00:00,1.0,123.5999984741211,2.0,44.6351318359375,25.898473739624023,12.0,34.98612976074219
2026-06-10 07:21:37+00:00,1.0,123.5999984741211,2.0,44.63512420654297,25.898344039916992,12.0,37.22520065307617
2026-06-10 07:21:38+00:00,1.0,123.5999984741211,2.0,44.63512420654297,25.898344039916992,12.0,37.22520065307617
2026-06-10 07:21:39+00:00,1.0,123.5999984741211,1.0,44.63513946533203,25.89807891845703,12.0,38.81051254272461
2026-06-10 07:21:40+00:00,1.0,123.5999984741211,1.0,44.63513946533203,25.897945404052734,12.0,39.48649215698242
2026-06-10 07:21:41+00:00,1.0,123.69999694824219,1.0,44.63509750366211,25.897823333740234,12.0,38.60679244995117
2026-06-10 07:21:42+00:00,1.0,123.69999694824219,1.0,44.635032653808594,25.89772605895996,12.0,39.240177154541016
2026-06-10 07:21:43+00:00,1.0,123.69999694824219,1.0,44.63493728637695,25.89768409729004,12.0,39.76984786987305
2026-06-10 07:21:44+00:00,1.0,123.69999694824219,1.0,44.63483810424805,25.89768409729004,12.0,39.76984786987305
2026-06-10 07:21:45+00:00,1.0,123.69999694824219,1.0,44.63473129272461,25.89769744873047,12.0,41.82371520996094
2026-06-10 07:21:46+00:00,1.0,123.69999694824219,1.0,44.63473129272461,25.89769744873047,12.0,41.82371520996094
2026-06-10 07:21:47+00:00,1.0,124.9000015258789,2.0,44.634544372558594,25.89760398864746,12.0,41.82371520996094
2026-06-10 07:21:48+00:00,1.0,124.9000015258789,2.0,44.63447952270508,25.897489547729492,12.0,42.33486557006836
2026-06-10 07:21:50+00:00,1.0,124.9000015258789,2.0,44.63444900512695,25.89734649658203,12.0,43.673866271972656
2026-06-10 07:21:51+00:00,1.0,124.9000015258789,2.0,44.63447952270508,25.897037506103516,12.0,46.940792083740234
2026-06-10 07:21:52+00:00,1.0,124.9000015258789,2.0,44.63447952270508,25.897037506103516,12.0,46.940792083740234
2026-06-10 07:21:53+00:00,1.0,124.9000015258789,2.0,44.63447952270508,25.897037506103516,12.0,46.940792083740234
2026-06-10 07:21:54+00:00,1.0,124.9000015258789,2.0,44.63447952270508,25.897037506103516,12.0,46.940792083740234
2026-06-10 07:21:55+00:00,1.0,124.9000015258789,2.0,44.63447952270508,25.897037506103516,12.0,46.940792083740234
2026-06-10 07:21:56+00:00,1.0,124.9000015258789,2.0,44.63447952270508,25.897037506103516,12.0,46.940792083740234
2026-06-10 07:21:57+00:00,1.0,125.19999694824219,2.0,44.6351318359375,25.89656639099121,12.0,55.1451530456543
2026-06-10 07:21:58+00:00,1.0,125.19999694824219,2.0,44.63525390625,25.896642684936523,12.0,54.22841262817383
2026-06-10 07:21:59+00:00,1.0,125.30000305175781,2.0,44.63536071777344,25.896760940551758,12.0,54.22841262817383
2026-06-10 07:22:00+00:00,1.0,125.30000305175781,2.0,44.63542556762695,25.89691925048828,12.0,53.97468948364258
2026-06-10 07:22:01+00:00,1.0,125.19999694824219,2.0,44.63546371459961,25.897106170654297,12.0,53.97468948364258
2026-06-10 07:22:02+00:00,1.0,125.0999984741211,2.0,44.63548278808594,25.897302627563477,12.0,57.51571273803711
2026-06-10 07:22:03+00:00,1.0,125.0,2.0,44.63549041748047,25.897510528564453,12.0,59.94923782348633
2026-06-10 07:22:04+00:00,1.0,125.0,2.0,44.635498046875,25.897722244262695,12.0,62.154972076416016
2026-06-10 07:22:05+00:00,1.0,125.0999984741211,2.0,44.635498046875,25.897945404052734,12.0,64.36070251464844
2026-06-10 07:22:06+00:00,1.0,125.0999984741211,2.0,44.63550567626953,25.89817237854004,12.0,66.49791717529297
2026-06-10 07:22:07+00:00,1.0,125.0,2.0,44.63551330566406,25.898405075073242,12.0,68.1480484008789
2026-06-10 07:22:08+00:00,1.0,125.0,2.0,44.635520935058594,25.898645401000977,12.0,68.94440460205078
2026-06-10 07:22:09+00:00,1.0,124.9000015258789,2.0,44.63553237915039,25.89888572692871,12.0,69.79447174072266
2026-06-10 07:22:10+00:00,1.0,124.80000305175781,2.0,44.63554000854492,25.899133682250977,12.0,70.19450378417969
2026-06-10 07:22:11+00:00,1.0,124.80000305175781,2.0,44.63554763793945,25.899377822875977,12.0,70.29266357421875
2026-06-10 07:22:12+00:00,1.0,124.80000305175781,2.0,44.635555267333984,25.899621963500977,12.0,69.53704833984375
2026-06-10 07:22:13+00:00,1.0,124.80000305175781,2.0,44.635555267333984,25.899858474731445,12.0,68.01470184326172
2026-06-10 07:22:14+00:00,1.0,124.80000305175781,2.0,44.635555267333984,25.899858474731445,12.0,68.01470184326172
2026-06-10 07:22:15+00:00,1.0,7.239521319917426e+32,2.0,44.635555267333984,25.899858474731445,12.0,68.01470184326172
2026-06-10 07:22:16+00:00,1.0,124.80000305175781,2.0,44.63557815551758,25.90052032470703,12.0,59.19362258911133
2026-06-10 07:22:17+00:00,1.0,124.80000305175781,2.0,44.63557815551758,25.90052032470703,12.0,59.19362258911133
2026-06-10 07:22:18+00:00,1.0,124.80000305175781,2.0,44.63557815551758,25.90052032470703,12.0,59.19362258911133
2026-06-10 07:22:19+00:00,1.0,124.80000305175781,2.0,44.635520935058594,25.901018142700195,12.0,43.77387619018555
2026-06-10 07:22:20+00:00,1.0,124.80000305175781,2.0,44.635520935058594,25.901018142700195,12.0,43.77387619018555
2026-06-10 07:22:21+00:00,1.0,124.0999984741211,2.0,44.63536071777344,25.901155471801758,12.0,43.77387619018555
2026-06-10 07:22:22+00:00,1.0,124.0999984741211,2.0,44.63526916503906,25.901134490966797,12.0,33.93048858642578
2026-06-10 07:22:23+00:00,1.0,124.4000015258789,2.0,44.63520431518555,25.901058197021484,12.0,33.93048858642578
2026-06-10 07:22:24+00:00,1.0,124.4000015258789,2.0,44.63516616821289,25.900951385498047,12.0,36.57884979248047
2026-06-10 07:22:25+00:00,1.0,124.4000015258789,2.0,44.63516616821289,25.900951385498047,12.0,36.57884979248047
2026-06-10 07:22:27+00:00,1.0,124.5,2.0,44.635074615478516,25.900545120239258,12.0,43.97944641113281
2026-06-10 07:22:28+00:00,1.0,124.30000305175781,2.0,44.635066986083984,25.900386810302734,12.0,46.61484146118164
2026-06-10 07:22:29+00:00,1.0,124.30000305175781,2.0,44.63505935668945,25.900218963623047,12.0,49.24467849731445
2026-06-10 07:22:30+00:00,1.0,124.0999984741211,2.0,44.63505935668945,25.900041580200195,12.0,51.21891403198242
2026-06-10 07:22:31+00:00,1.0,124.0999984741211,2.0,44.635066986083984,25.89986228942871,12.0,52.011566162109375
2026-06-10 07:22:32+00:00,1.0,124.0999984741211,2.0,44.635074615478516,25.899682998657227,12.0,51.41337203979492
2026-06-10 07:22:33+00:00,1.0,124.0999984741211,2.0,44.63505935668945,25.899507522583008,12.0,49.16319274902344
2026-06-10 07:22:34+00:00,1.0,124.0999984741211,2.0,44.635009765625,3.194960498660583e-43,12.0,46.57780075073242
2026-06-10 07:22:35+00:00,1.0,124.0999984741211,2.0,44.63492202758789,25.899255752563477,12.0,46.575950622558594
2026-06-10 07:22:36+00:00,1.0,124.0999984741211,2.0,44.634822845458984,25.899173736572266,12.0,47.09080505371094
2026-06-10 07:22:37+00:00,1.0,124.0999984741211,2.0,44.63473129272461,25.89906883239746,12.0,48.40943145751953
2026-06-10 07:22:38+00:00,1.0,124.0999984741211,2.0,44.63473129272461,25.89906883239746,12.0,48.40943145751953
2026-06-10 07:22:39+00:00,1.0,124.0999984741211,2.0,44.6346435546875,25.898937225341797,12.0,48.40943145751953
2026-06-10 07:22:40+00:00,1.0,124.0999984741211,2.0,44.634578704833984,25.898786544799805,12.0,50.68553161621094
2026-06-10 07:22:41+00:00,1.0,124.0999984741211,2.0,44.63448715209961,25.898469924926758,12.0,48.24089813232422
2026-06-10 07:22:42+00:00,1.0,124.0999984741211,2.0,44.63448715209961,25.898469924926758,12.0,48.24089813232422
2026-06-10 07:22:43+00:00,1.0,124.19999694824219,2.0,44.63448715209961,25.89817237854004,12.0,48.24089813232422
2026-06-10 07:22:44+00:00,1.0,124.19999694824219,2.0,44.63453674316406,25.89806365966797,12.0,37.89191818237305
2026-06-10 07:22:45+00:00,1.0,124.19999694824219,2.0,44.634620666503906,25.898006439208984,12.0,37.36780548095703
2026-06-10 07:22:46+00:00,1.0,124.19999694824219,2.0,44.63471603393555,25.89800262451172,12.0,38.93830108642578
2026-06-10 07:22:47+00:00,1.0,7.546375814990813e-30,2.0,44.63471603393555,25.89800262451172,12.0,6.164402966220601e-30
2026-06-10 07:22:48+00:00,1.0,123.9000015258789,2.0,44.63487243652344,25.898149490356445,12.0,38.93830108642578
2026-06-10 07:22:49+00:00,1.0,123.80000305175781,2.0,44.63490295410156,25.89827537536621,12.0,38.425296783447266
2026-06-10 07:22:50+00:00,1.0,123.80000305175781,2.0,44.63489532470703,25.898401260375977,12.0,39.54019546508789
2026-06-10 07:22:51+00:00,1.0,123.9000015258789,2.0,44.634864807128906,25.898530960083008,12.0,39.00126647949219
2026-06-10 07:22:53+00:00,1.0,123.80000305175781,2.0,44.6348876953125,25.898786544799805,12.0,37.24001693725586
2026-06-10 07:22:54+00:00,1.0,123.80000305175781,2.0,44.634944915771484,25.898876190185547,12.0,35.775081634521484
2026-06-10 07:22:55+00:00,1.0,123.80000305175781,2.0,44.635032653808594,25.89890480041504,12.0,33.97679138183594
2026-06-10 07:22:57+00:00,1.0,121.9000015258789,1.0,44.63512420654297,25.89878273010254,12.0,33.27488327026367
2026-06-10 07:22:58+00:00,1.0,121.9000015258789,1.0,44.63512420654297,25.89878273010254,12.0,33.27488327026367
2026-06-10 07:22:59+00:00,1.0,121.9000015258789,1.0,44.635108947753906,25.89853858947754,12.0,36.6344108581543
2026-06-10 07:23:00+00:00,1.0,121.9000015258789,1.0,44.635108947753906,25.89853858947754,12.0,36.6344108581543
2026-06-10 07:23:01+00:00,1.0,121.9000015258789,1.0,44.635108947753906,25.89853858947754,12.0,36.6344108581543
2026-06-10 07:23:02+00:00,1.0,121.9000015258789,1.0,44.635108947753906,25.89853858947754,12.0,36.6344108581543
2026-06-10 07:23:03+00:00,1.0,121.9000015258789,1.0,44.63512420654297,25.89798927307129,12.0,36.6344108581543
2026-06-10 07:23:04+00:00,1.0,121.9000015258789,1.0,44.63509750366211,25.897851943969727,12.0,41.244041442871094
2026-06-10 07:23:05+00:00,1.0,121.9000015258789,1.0,44.635032653808594,25.897741317749023,12.0,41.47739028930664
2026-06-10 07:23:06+00:00,1.0,123.0999984741211,1.0,44.63493728637695,25.897687911987305,12.0,41.47739028930664
2026-06-10 07:23:07+00:00,1.0,123.0999984741211,1.0,44.63483810424805,25.897693634033203,12.0,42.78675842285156
2026-06-10 07:23:08+00:00,1.0,123.0999984741211,1.0,44.63483810424805,25.897693634033203,12.0,42.78675842285156
2026-06-10 07:23:09+00:00,1.0,123.0999984741211,1.0,44.63462829589844,25.89768409729004,12.0,41.892242431640625
2026-06-10 07:23:11+00:00,1.0,123.0999984741211,1.0,44.63447952270508,25.89750099182129,12.0,42.4089469909668
2026-06-10 07:23:12+00:00,1.0,123.0999984741211,1.0,44.63444900512695,25.89735984802246,12.0,43.75164794921875
2026-06-10 07:23:13+00:00,1.0,123.0999984741211,1.0,44.63444900512695,25.897205352783203,12.0,45.39067077636719
2026-06-10 07:23:14+00:00,1.0,123.0999984741211,1.0,44.63447952270508,25.897050857543945,12.0,47.455650329589844
2026-06-10 07:23:15+00:00,1.0,123.0999984741211,1.0,44.634544372558594,25.896900177001953,12.0,49.79472351074219
2026-06-10 07:23:16+00:00,1.0,123.0999984741211,1.0,44.634544372558594,25.896900177001953,12.0,49.79472351074219
2026-06-10 07:23:17+00:00,1.0,123.0999984741211,1.0,44.634742736816406,25.89665985107422,12.0,52.29307556152344
2026-06-10 07:23:18+00:00,1.0,123.0999984741211,1.0,44.63485336303711,25.896577835083008,12.0,53.45427322387695
2026-06-10 07:23:19+00:00,1.0,123.0999984741211,1.0,44.63485336303711,25.896577835083008,12.0,53.45427322387695
2026-06-10 07:23:20+00:00,1.0,123.0999984741211,1.0,44.63485336303711,25.896577835083008,12.0,53.45427322387695
2026-06-10 07:23:21+00:00,1.0,123.0999984741211,1.0,44.63524627685547,25.89662742614746,12.0,53.45427322387695
2026-06-10 07:23:22+00:00,1.0,123.0999984741211,1.0,44.635353088378906,25.896745681762695,12.0,55.309974670410156
2026-06-10 07:23:23+00:00,1.0,123.5999984741211,1.0,44.63542556762695,25.896907806396484,12.0,55.309974670410156
2026-06-10 07:23:24+00:00,1.0,123.5,1.0,44.63545608520508,25.89710235595703,12.0,57.45644760131836
2026-06-10 07:23:25+00:00,1.0,123.5,1.0,44.63545608520508,25.89710235595703,12.0,57.45644760131836
2026-06-10 07:23:26+00:00,1.0,123.5,1.0,44.635475158691406,25.897306442260742,12.0,60.662261962890625
2026-06-10 07:23:27+00:00,1.0,123.5,1.0,44.63549041748047,25.897729873657227,12.0,62.456851959228516
2026-06-10 07:23:28+00:00,1.0,123.5,1.0,44.63549041748047,25.897729873657227,12.0,62.456851959228516
2026-06-10 07:23:29+00:00,1.0,123.5,1.0,44.63550567626953,25.898181915283203,12.0,66.13121795654297
2026-06-10 07:23:30+00:00,1.0,123.5999984741211,1.0,44.63551330566406,25.898412704467773,12.0,67.79061126708984
2026-06-10 07:23:31+00:00,1.0,123.5999984741211,1.0,44.63551330566406,25.898649215698242,12.0,67.86097717285156
2026-06-10 07:23:32+00:00,1.0,123.5999984741211,1.0,44.635520935058594,25.89888572692871,12.0,66.89794158935547
2026-06-10 07:23:33+00:00,1.0,123.5999984741211,1.0,44.63553237915039,25.89911651611328,12.0,64.99223327636719
2026-06-10 07:23:34+00:00,1.0,123.5999984741211,1.0,44.63554000854492,25.899335861206055,12.0,62.15867614746094
2026-06-10 07:23:35+00:00,1.0,123.5999984741211,1.0,44.63554000854492,25.899335861206055,12.0,62.15867614746094
2026-06-10 07:23:36+00:00,1.0,123.5999984741211,1.0,44.63554000854492,25.899335861206055,12.0,62.15867614746094
2026-06-10 07:23:37+00:00,1.0,123.5999984741211,1.0,44.63554763793945,25.899927139282227,12.0,52.64680480957031
2026-06-10 07:23:38+00:00,1.0,123.5999984741211,1.0,44.635555267333984,25.900110244750977,12.0,49.45766067504883
2026-06-10 07:23:39+00:00,1.0,123.5999984741211,1.0,44.635562896728516,25.900272369384766,12.0,49.45766067504883
2026-06-10 07:23:40+00:00,1.0,123.5999984741211,1.0,44.635562896728516,25.900423049926758,12.0,43.06455612182617
2026-06-10 07:23:41+00:00,1.0,123.5999984741211,1.0,44.63557052612305,25.900569915771484,12.0,41.623695373535156
2026-06-10 07:23:42+00:00,1.0,123.5999984741211,1.0,44.63557052612305,25.90071678161621,12.0,41.51813507080078
2026-06-10 07:23:43+00:00,1.0,123.5999984741211,1.0,44.635562896728516,25.90085792541504,12.0,40.543983459472656
2026-06-10 07:23:44+00:00,1.0,123.5999984741211,1.0,44.635562896728516,25.90085792541504,12.0,40.543983459472656
2026-06-10 07:23:45+00:00,1.0,123.69999694824219,1.0,44.63548278808594,25.901090621948242,12.0,36.53996276855469
2026-06-10 07:23:46+00:00,1.0,123.5999984741211,1.0,44.63541030883789,25.901159286499023,12.0,36.4269905090332
2026-06-10 07:23:47+00:00,1.0,123.69999694824219,1.0,44.635318756103516,25.901180267333984,12.0,36.712196350097656
2026-06-10 07:23:48+00:00,1.0,123.80000305175781,1.0,44.63523864746094,25.90114402770996,12.0,35.24911880493164
2026-06-10 07:23:49+00:00,1.0,123.80000305175781,1.0,44.63518142700195,25.90105438232422,12.0,34.55461502075195
2026-06-10 07:23:50+00:00,1.0,123.80000305175781,1.0,44.63514709472656,25.90093994140625,12.0,36.61404037475586
2026-06-10 07:23:51+00:00,1.0,123.80000305175781,1.0,44.63511657714844,25.900814056396484,12.0,39.11794662475586
2026-06-10 07:23:52+00:00,1.0,123.69999694824219,1.0,44.63508224487305,25.900678634643555,12.0,41.644073486328125
2026-06-10 07:23:53+00:00,1.0,123.69999694824219,1.0,44.63505172729492,25.90053367614746,12.0,41.644073486328125
2026-06-10 07:23:54+00:00,1.0,123.69999694824219,1.0,44.63504409790039,25.900373458862305,12.0,46.55002212524414
2026-06-10 07:23:55+00:00,1.0,123.4000015258789,1.0,44.63504409790039,25.900211334228516,12.0,46.55002212524414
2026-06-10 07:23:56+00:00,1.0,123.4000015258789,1.0,44.63505172729492,25.900049209594727,12.0,47.07228469848633
2026-06-10 07:23:57+00:00,1.0,123.4000015258789,1.0,44.63505935668945,25.899885177612305,12.0,45.866634368896484
2026-06-10 07:23:58+00:00,1.0,123.4000015258789,1.0,44.63505935668945,25.899885177612305,12.0,45.866634368896484
2026-06-10 07:23:59+00:00,1.0,123.4000015258789,1.0,44.635066986083984,25.89958953857422,12.0,39.971717834472656
2026-06-10 07:24:00+00:00,1.0,123.4000015258789,1.0,44.635066986083984,25.89958953857422,12.0,39.971717834472656
2026-06-10 07:24:01+00:00,1.0,123.4000015258789,1.0,44.635066986083984,25.89958953857422,12.0,39.971717834472656
2026-06-10 07:24:02+00:00,1.0,123.69999694824219,1.0,44.634910583496094,25.899288177490234,12.0,39.971717834472656
2026-06-10 07:24:03+00:00,1.0,123.69999694824219,1.0,44.634822845458984,25.89923095703125,12.0,38.804954528808594
2026-06-10 07:24:04+00:00,1.0,123.9000015258789,1.0,44.634742736816406,25.899158477783203,12.0,40.575469970703125
2026-06-10 07:24:05+00:00,1.0,123.9000015258789,1.0,44.63467788696289,25.8990478515625,12.0,42.32931137084961
2026-06-10 07:24:06+00:00,1.0,123.9000015258789,1.0,44.63460922241211,25.89891815185547,12.0,44.375770568847656
2026-06-10 07:24:07+00:00,1.0,123.9000015258789,1.0,44.63456344604492,25.898775100708008,12.0,46.61113357543945
2026-06-10 07:24:08+00:00,1.0,123.9000015258789,1.0,44.634521484375,25.898624420166016,12.0,47.138954162597656
2026-06-10 07:24:09+00:00,1.0,123.9000015258789,1.0,44.63447952270508,25.898469924926758,12.0,46.34629821777344
2026-06-10 07:24:10+00:00,1.0,123.69999694824219,1.0,44.634464263916016,25.898319244384766,12.0,44.21834945678711
2026-06-10 07:24:11+00:00,1.0,123.69999694824219,1.0,44.63447952270508,25.898176193237305,12.0,40.47175216674805
2026-06-10 07:24:12+00:00,1.0,123.69999694824219,1.0,44.63452911376953,25.898067474365234,12.0,37.33816909790039
2026-06-10 07:24:13+00:00,1.0,123.69999694824219,1.0,44.63452911376953,25.898067474365234,12.0,37.33816909790039
2026-06-10 07:24:14+00:00,1.0,123.0999984741211,1.0,44.634700775146484,25.89800262451172,12.0,38.1549072265625
2026-06-10 07:24:15+00:00,1.0,123.0999984741211,1.0,44.634788513183594,25.898046493530273,12.0,39.18832015991211
2026-06-10 07:24:16+00:00,1.0,123.0999984741211,1.0,44.63485336303711,25.898149490356445,12.0,39.843929290771484
2026-06-10 07:24:17+00:00,1.0,123.0999984741211,1.0,44.6348876953125,25.898279190063477,12.0,40.462493896484375
2026-06-10 07:24:18+00:00,1.0,123.0999984741211,1.0,44.63488006591797,25.898412704467773,12.0,40.462493896484375
2026-06-10 07:24:19+00:00,1.0,123.0999984741211,1.0,44.63484573364258,25.898548126220703,12.0,40.89215850830078
2026-06-10 07:24:20+00:00,1.0,123.0999984741211,1.0,44.63484573364258,25.898548126220703,12.0,40.89215850830078
2026-06-10 07:24:21+00:00,1.0,123.0999984741211,1.0,44.63487243652344,25.89881134033203,12.0,37.210384368896484
2026-06-10 07:24:22+00:00,1.0,123.0999984741211,1.0,44.63487243652344,25.89881134033203,12.0,37.210384368896484
2026-06-10 07:24:23+00:00,1.0,123.0999984741211,1.0,44.63487243652344,25.89881134033203,12.0,37.210384368896484
2026-06-10 07:24:24+00:00,1.0,123.0999984741211,1.0,44.63508987426758,25.898881912231445,12.0,37.210384368896484
2026-06-10 07:24:25+00:00,1.0,123.0999984741211,1.0,44.6351318359375,25.898786544799805,12.0,34.893531799316406
2026-06-10 07:24:26+00:00,1.0,123.0999984741211,1.0,44.63514709472656,25.89866065979004,12.0,36.3621711730957
2026-06-10 07:24:27+00:00,1.0,123.0999984741211,1.0,44.63512420654297,25.898534774780273,12.0,38.43640899658203
2026-06-10 07:24:28+00:00,1.0,123.0999984741211,1.0,44.63512420654297,25.898534774780273,12.0,38.43640899658203
2026-06-10 07:24:29+00:00,1.0,122.9000015258789,1.0,44.63511657714844,25.898250579833984,12.0,38.43640899658203
2026-06-10 07:24:30+00:00,1.0,122.9000015258789,1.0,44.6351318359375,25.898103713989258,12.0,44.30354690551758
2026-06-10 07:24:31+00:00,1.0,122.9000015258789,1.0,44.6351318359375,25.897953033447266,12.0,43.35346984863281
2026-06-10 07:24:32+00:00,1.0,122.9000015258789,1.0,44.63508987426758,25.89781951904297,12.0,41.57184600830078
2026-06-10 07:24:33+00:00,1.0,122.9000015258789,1.0,44.635009765625,25.89772605895996,12.0,41.484798431396484
2026-06-10 07:24:34+00:00,1.0,123.0,1.0,44.63490295410156,25.89769744873047,12.0,41.484798431396484
2026-06-10 07:24:35+00:00,1.0,123.0,1.0,44.63479995727539,25.897701263427734,12.0,43.44976806640625
2026-06-10 07:24:36+00:00,1.0,123.19999694824219,1.0,44.634700775146484,25.89769744873047,12.0,42.81639099121094
2026-06-10 07:24:37+00:00,1.0,123.19999694824219,1.0,44.634586334228516,25.89765167236328,12.0,43.01825714111328
2026-06-10 07:24:38+00:00,1.0,123.19999694824219,1.0,44.63450622558594,25.897558212280273,12.0,43.37199020385742
2026-06-10 07:24:39+00:00,1.0,123.19999694824219,1.0,44.634456634521484,25.897428512573242,12.0,43.610897064208984
2026-06-10 07:24:40+00:00,1.0,123.19999694824219,1.0,44.63444137573242,25.897281646728516,12.0,43.610897064208984
2026-06-10 07:24:41+00:00,1.0,123.19999694824219,1.0,44.634456634521484,25.897123336791992,12.0,45.885154724121094
2026-06-10 07:24:42+00:00,1.0,123.19999694824219,1.0,44.634456634521484,25.897123336791992,12.0,45.885154724121094
2026-06-10 07:24:43+00:00,1.0,123.19999694824219,1.0,44.63457107543945,25.896833419799805,12.0,45.885154724121094
2026-06-10 07:24:44+00:00,1.0,123.19999694824219,1.0,44.634666442871094,25.896711349487305,12.0,51.18743133544922
2026-06-10 07:24:45+00:00,1.0,123.19999694824219,1.0,44.63477325439453,25.896617889404297,12.0,52.57086944580078
2026-06-10 07:24:46+00:00,1.0,123.19999694824219,1.0,44.63477325439453,25.896617889404297,12.0,52.57086944580078
2026-06-10 07:24:47+00:00,1.0,123.19999694824219,1.0,44.63477325439453,25.896617889404297,12.0,52.57086944580078
2026-06-10 07:24:48+00:00,1.0,123.19999694824219,1.0,44.63477325439453,25.896617889404297,12.0,52.57086944580078
2026-06-10 07:24:49+00:00,1.0,123.19999694824219,1.0,44.63477325439453,25.896617889404297,12.0,52.57086944580078
2026-06-10 07:24:50+00:00,1.0,123.19999694824219,1.0,44.63536071777344,25.89679718017578,12.0,54.219154357910156
2026-06-10 07:24:51+00:00,1.0,123.4000015258789,1.0,44.63542556762695,25.896968841552734,12.0,54.219154357910156
2026-06-10 07:24:52+00:00,1.0,123.4000015258789,1.0,44.63546371459961,25.897159576416016,12.0,57.480525970458984
2026-06-10 07:24:53+00:00,1.0,123.4000015258789,1.0,44.63548278808594,25.89735984802246,12.0,59.60662078857422
2026-06-10 07:24:54+00:00,1.0,123.4000015258789,1.0,44.63549041748047,25.89757537841797,12.0,59.60662078857422
2026-06-10 07:24:55+00:00,1.0,123.5,1.0,44.635498046875,25.897798538208008,12.0,63.803253173828125
2026-06-10 07:24:56+00:00,1.0,123.5,1.0,44.635498046875,25.898027420043945,12.0,65.81452178955078
2026-06-10 07:24:57+00:00,1.0,123.5,1.0,44.63550567626953,25.898258209228516,12.0,67.56282043457031
2026-06-10 07:24:58+00:00,1.0,123.5999984741211,1.0,44.63551330566406,25.898494720458984,12.0,67.99246978759766
2026-06-10 07:24:59+00:00,1.0,123.5999984741211,1.0,44.63551330566406,25.898725509643555,12.0,66.84053039550781
2026-06-10 07:25:00+00:00,1.0,123.5999984741211,1.0,44.635520935058594,25.898958206176758,12.0,66.84053039550781
2026-06-10 07:25:01+00:00,1.0,123.5999984741211,1.0,44.63553237915039,25.899173736572266,12.0,61.866065979003906
2026-06-10 07:25:02+00:00,1.0,123.5999984741211,1.0,44.63553237915039,25.899389266967773,12.0,60.77708053588867
2026-06-10 07:25:03+00:00,1.0,123.5999984741211,1.0,44.63554000854492,25.89960479736328,12.0,60.48075866699219
2026-06-10 07:25:05+00:00,1.0,123.80000305175781,1.0,44.635555267333984,25.900020599365234,12.0,59.2232551574707
2026-06-10 07:25:06+00:00,1.0,123.9000015258789,1.0,44.635562896728516,25.900224685668945,12.0,57.04530334472656
2026-06-10 07:25:07+00:00,1.0,123.9000015258789,1.0,44.635562896728516,25.900415420532227,12.0,54.145076751708984
2026-06-10 07:25:08+00:00,1.0,124.0,1.0,44.63557052612305,25.90059471130371,12.0,50.8151741027832
2026-06-10 07:25:09+00:00,1.0,124.0,1.0,44.63557052612305,25.90076446533203,12.0,47.590843200683594
2026-06-10 07:25:10+00:00,1.0,124.0999984741211,1.0,44.635562896728516,25.90091896057129,12.0,43.883140563964844
2026-06-10 07:25:11+00:00,1.0,124.0,1.0,44.63551330566406,25.901044845581055,12.0,39.96800994873047
2026-06-10 07:25:12+00:00,1.0,124.0,1.0,44.635440826416016,25.901140213012695,12.0,38.86236572265625
2026-06-10 07:25:13+00:00,1.0,124.0,1.0,44.635440826416016,25.901140213012695,12.0,38.86236572265625
2026-06-10 07:25:14+00:00,1.0,124.0,1.0,44.635440826416016,25.901140213012695,12.0,38.86236572265625
2026-06-10 07:25:15+00:00,1.0,124.0,1.0,44.635440826416016,25.901140213012695,12.0,38.86236572265625
2026-06-10 07:25:16+00:00,1.0,123.9000015258789,1.0,44.63514709472656,25.900951385498047,12.0,38.671607971191406
2026-06-10 07:25:17+00:00,1.0,123.9000015258789,1.0,44.63511657714844,25.900821685791016,12.0,40.1087646484375
2026-06-10 07:25:18+00:00,1.0,123.9000015258789,1.0,44.63508224487305,25.900684356689453,12.0,42.26819610595703
2026-06-10 07:25:19+00:00,1.0,123.9000015258789,1.0,44.63505935668945,25.900537490844727,12.0,43.5960807800293
2026-06-10 07:25:20+00:00,1.0,123.9000015258789,1.0,44.63504409790039,25.90038299560547,12.0,45.427711486816406
2026-06-10 07:25:21+00:00,1.0,123.9000015258789,1.0,44.63504409790039,25.90038299560547,12.0,45.427711486816406
2026-06-10 07:25:22+00:00,1.0,123.9000015258789,1.0,44.63505172729492,25.900053024291992,12.0,47.57417678833008
2026-06-10 07:25:23+00:00,1.0,123.9000015258789,1.0,44.63505172729492,25.900053024291992,12.0,47.57417678833008
2026-06-10 07:25:24+00:00,1.0,123.9000015258789,1.0,44.635066986083984,25.899723052978516,12.0,46.8426399230957
2026-06-10 07:25:25+00:00,1.0,123.9000015258789,1.0,44.63505935668945,25.899564743041992,12.0,46.07405471801758
2026-06-10 07:25:26+00:00,1.0,123.9000015258789,1.0,44.63502502441406,25.8994140625,12.0,45.33695983886719
2026-06-10 07:25:27+00:00,1.0,123.5,1.0,44.634952545166016,25.89929962158203,12.0,43.56644821166992
2026-06-10 07:25:28+00:00,1.0,123.5,1.0,44.634864807128906,25.899213790893555,12.0,45.13508987426758
2026-06-10 07:25:29+00:00,1.0,123.5,1.0,44.634765625,25.899126052856445,12.0,45.13508987426758
2026-06-10 07:25:30+00:00,1.0,123.5,1.0,44.63469314575195,25.899011611938477,12.0,44.753578186035156
2026-06-10 07:25:31+00:00,1.0,123.5,1.0,44.63469314575195,25.899011611938477,12.0,44.753578186035156
2026-06-10 07:25:32+00:00,1.0,123.5,1.0,44.63457107543945,25.898754119873047,12.0,43.62941360473633
2026-06-10 07:25:33+00:00,1.0,123.5,1.0,44.63452911376953,25.898616790771484,12.0,43.62941360473633
2026-06-10 07:25:34+00:00,1.0,123.5,1.0,44.63448715209961,25.898473739624023,12.0,43.031219482421875
2026-06-10 07:25:35+00:00,1.0,123.5,1.0,44.634464263916016,25.89833641052246,12.0,43.044189453125
2026-06-10 07:25:36+00:00,1.0,123.5,1.0,44.634464263916016,25.89833641052246,12.0,43.044189453125
2026-06-10 07:25:37+00:00,1.0,123.5,1.0,44.634464263916016,25.89833641052246,12.0,43.044189453125
2026-06-10 07:25:38+00:00,1.0,123.5,1.0,44.634464263916016,25.89833641052246,12.0,43.044189453125
2026-06-10 07:25:39+00:00,1.0,123.4000015258789,1.0,44.63472366333008,25.898014068603516,12.0,43.044189453125
2026-06-10 07:25:40+00:00,1.0,123.4000015258789,1.0,44.63481521606445,25.8980712890625,12.0,39.68836212158203
2026-06-10 07:25:41+00:00,1.0,123.5,1.0,44.63487243652344,25.898176193237305,12.0,39.6328010559082
2026-06-10 07:25:42+00:00,1.0,123.5,1.0,44.63489532470703,25.898311614990234,12.0,39.932823181152344
2026-06-10 07:25:43+00:00,1.0,123.5,1.0,44.63489532470703,25.898311614990234,12.0,39.932823181152344
2026-06-10 07:25:44+00:00,1.0,123.5,1.0,44.63489532470703,25.898311614990234,12.0,39.932823181152344
2026-06-10 07:25:45+00:00,1.0,123.5,1.0,44.63489532470703,25.898311614990234,12.0,39.932823181152344
2026-06-10 07:25:46+00:00,1.0,123.30000305175781,1.0,44.63489532470703,25.898839950561523,12.0,39.932823181152344
2026-06-10 07:25:47+00:00,1.0,123.30000305175781,1.0,44.63496017456055,25.89891815185547,12.0,36.50107192993164
2026-06-10 07:25:48+00:00,1.0,123.30000305175781,1.0,44.63505172729492,25.898921966552734,12.0,34.98242950439453
2026-06-10 07:25:49+00:00,1.0,123.30000305175781,1.0,44.63512420654297,25.89885711669922,12.0,34.267555236816406
2026-06-10 07:25:50+00:00,1.0,123.30000305175781,1.0,44.63512420654297,25.89885711669922,12.0,34.267555236816406
2026-06-10 07:25:51+00:00,1.0,123.30000305175781,1.0,44.635154724121094,25.898624420166016,12.0,37.31595230102539
2026-06-10 07:25:52+00:00,1.0,123.19999694824219,1.0,44.635154724121094,25.898487091064453,12.0,39.79207229614258
2026-06-10 07:25:53+00:00,1.0,123.19999694824219,1.0,44.63514709472656,25.898344039916992,12.0,41.91817092895508
2026-06-10 07:25:54+00:00,1.0,123.0999984741211,1.0,44.63514709472656,25.898197174072266,12.0,42.79231262207031
2026-06-10 07:25:55+00:00,1.0,123.19999694824219,1.0,44.63514709472656,25.898046493530273,12.0,42.4293212890625
2026-06-10 07:25:56+00:00,1.0,123.19999694824219,1.0,44.63512420654297,25.897905349731445,12.0,41.83297348022461
2026-06-10 07:25:57+00:00,1.0,123.19999694824219,1.0,44.63505935668945,25.89778709411621,12.0,43.260868072509766
2026-06-10 07:25:58+00:00,1.0,123.19999694824219,1.0,44.63505935668945,25.89778709411621,12.0,43.260868072509766
2026-06-10 07:25:59+00:00,1.0,123.19999694824219,1.0,44.63485336303711,25.89769744873047,12.0,44.85544204711914
2026-06-10 07:26:00+00:00,1.0,123.19999694824219,1.0,44.63475036621094,25.897705078125,12.0,44.83321762084961
2026-06-10 07:26:01+00:00,1.0,123.19999694824219,1.0,44.63463592529297,25.897676467895508,12.0,44.24798583984375
2026-06-10 07:26:02+00:00,1.0,123.19999694824219,1.0,44.634544372558594,25.897594451904297,12.0,44.127601623535156
2026-06-10 07:26:03+00:00,1.0,123.5999984741211,1.0,44.63447952270508,25.897472381591797,12.0,44.509117126464844
2026-06-10 07:26:05+00:00,1.0,123.69999694824219,1.0,44.634456634521484,25.89716339111328,12.0,45.942562103271484
2026-06-10 07:26:06+00:00,1.0,123.69999694824219,1.0,44.634498596191406,25.897008895874023,12.0,47.764930725097656
2026-06-10 07:26:07+00:00,1.0,123.69999694824219,1.0,44.634498596191406,25.897008895874023,12.0,47.764930725097656
2026-06-10 07:26:08+00:00,1.0,123.69999694824219,1.0,44.6346435546875,25.896728515625,12.0,47.764930725097656
2026-06-10 07:26:09+00:00,1.0,123.5999984741211,1.0,44.634765625,25.896631240844727,12.0,53.46908950805664
2026-06-10 07:26:10+00:00,1.0,123.5999984741211,1.0,44.6348876953125,25.896562576293945,12.0,54.958099365234375
2026-06-10 07:26:11+00:00,1.0,123.5,1.0,44.63502502441406,25.896541595458984,12.0,55.993370056152344
2026-06-10 07:26:12+00:00,1.0,123.5,1.0,44.63516616821289,25.896570205688477,12.0,55.88595199584961
2026-06-10 07:26:13+00:00,1.0,123.5999984741211,1.0,44.635276794433594,25.896663665771484,12.0,54.38212585449219
2026-06-10 07:26:14+00:00,1.0,123.5999984741211,1.0,44.6353759765625,25.896800994873047,12.0,54.30619430541992
2026-06-10 07:26:15+00:00,1.0,123.5999984741211,1.0,44.635433197021484,25.896976470947266,12.0,55.90447235107422
2026-06-10 07:26:16+00:00,1.0,123.5999984741211,1.0,44.63546371459961,25.897167205810547,12.0,55.90447235107422
2026-06-10 07:26:17+00:00,1.0,123.5999984741211,1.0,44.635475158691406,25.897371292114258,12.0,59.788116455078125
2026-06-10 07:26:18+00:00,1.0,123.5999984741211,1.0,44.635475158691406,25.897371292114258,12.0,59.788116455078125
2026-06-10 07:26:19+00:00,1.0,123.69999694824219,1.0,44.63549041748047,25.897809982299805,12.0,64.23662567138672
2026-06-10 07:26:20+00:00,1.0,123.69999694824219,1.0,44.635498046875,25.898038864135742,12.0,66.4145736694336
2026-06-10 07:26:21+00:00,1.0,123.69999694824219,1.0,44.635498046875,25.898279190063477,12.0,68.6443862915039
2026-06-10 07:26:22+00:00,1.0,123.69999694824219,1.0,44.63550567626953,25.89851951599121,12.0,70.65934753417969
2026-06-10 07:26:23+00:00,1.0,123.69999694824219,1.0,44.63551330566406,25.898771286010742,12.0,72.15206909179688
2026-06-10 07:26:24+00:00,1.0,123.80000305175781,1.0,44.635520935058594,25.899019241333008,12.0,72.15206909179688
2026-06-10 07:26:25+00:00,1.0,123.80000305175781,1.0,44.63553237915039,25.89927101135254,12.0,70.51675415039062
2026-06-10 07:26:26+00:00,1.0,123.80000305175781,1.0,44.63553237915039,25.89927101135254,12.0,70.51675415039062
2026-06-10 07:26:27+00:00,1.0,123.80000305175781,1.0,44.63553237915039,25.89927101135254,12.0,70.51675415039062
2026-06-10 07:26:28+00:00,1.0,123.80000305175781,1.0,44.63553237915039,25.89927101135254,12.0,70.51675415039062
2026-06-10 07:26:29+00:00,1.0,123.80000305175781,1.0,44.635555267333984,25.900178909301758,12.0,59.4732666015625
2026-06-10 07:26:30+00:00,1.0,123.80000305175781,1.0,44.635562896728516,25.900379180908203,12.0,56.23412322998047
2026-06-10 07:26:31+00:00,1.0,123.80000305175781,1.0,44.63557052612305,25.90056610107422,12.0,52.98016357421875
2026-06-10 07:26:32+00:00,1.0,123.9000015258789,1.0,44.63557052612305,25.900739669799805,12.0,52.98016357421875
2026-06-10 07:26:33+00:00,1.0,123.9000015258789,1.0,44.635555267333984,25.900903701782227,12.0,46.029605865478516
2026-06-10 07:26:34+00:00,1.0,123.9000015258789,1.0,44.63550567626953,25.90104103088379,12.0,43.73683547973633
2026-06-10 07:26:35+00:00,1.0,123.9000015258789,1.0,44.635433197021484,25.90114402770996,12.0,42.42561340332031
2026-06-10 07:26:36+00:00,1.0,123.9000015258789,1.0,44.63532638549805,25.901172637939453,12.0,42.23115539550781
2026-06-10 07:26:37+00:00,1.0,123.9000015258789,1.0,44.63532638549805,25.901172637939453,12.0,42.23115539550781
2026-06-10 07:26:38+00:00,1.0,123.9000015258789,1.0,44.63532638549805,25.901172637939453,12.0,42.23115539550781
2026-06-10 07:26:39+00:00,1.0,123.9000015258789,1.0,44.63513946533203,25.90089988708496,12.0,40.640289306640625
2026-06-10 07:26:40+00:00,1.0,124.0,1.0,44.635108947753906,25.900760650634766,12.0,41.649627685546875
2026-06-10 07:26:41+00:00,1.0,124.0,1.0,44.635066986083984,25.90062713623047,12.0,42.25152587890625
2026-06-10 07:26:42+00:00,1.0,123.80000305175781,1.0,44.63504409790039,25.900480270385742,12.0,42.323753356933594
2026-06-10 07:26:43+00:00,1.0,123.80000305175781,1.0,44.635032653808594,25.90032958984375,12.0,43.17197036743164
2026-06-10 07:26:44+00:00,1.0,123.80000305175781,1.0,44.63504409790039,25.900175094604492,12.0,43.90351486206055
2026-06-10 07:26:45+00:00,1.0,123.80000305175781,1.0,44.63505172729492,25.900020599365234,12.0,44.78876876831055
2026-06-10 07:26:46+00:00,1.0,123.80000305175781,1.0,44.63505935668945,25.899866104125977,12.0,44.81840133666992
2026-06-10 07:26:47+00:00,1.0,123.5999984741211,1.0,44.635066986083984,25.899707794189453,12.0,44.39614486694336
2026-06-10 07:26:48+00:00,1.0,123.5999984741211,1.0,44.63505935668945,25.89955711364746,12.0,43.64237594604492
2026-06-10 07:26:49+00:00,1.0,123.69999694824219,1.0,44.63501739501953,25.8994140625,12.0,43.125675201416016
2026-06-10 07:26:50+00:00,1.0,123.80000305175781,1.0,44.634944915771484,25.899309158325195,12.0,42.72378921508789
2026-06-10 07:26:51+00:00,1.0,123.80000305175781,1.0,44.634864807128906,25.899219512939453,12.0,43.421993255615234
2026-06-10 07:26:52+00:00,1.0,123.80000305175781,1.0,44.63477325439453,25.899133682250977,12.0,44.13871765136719
2026-06-10 07:26:53+00:00,1.0,123.80000305175781,1.0,44.634700775146484,25.899019241333008,12.0,44.78321075439453
2026-06-10 07:26:54+00:00,1.0,123.80000305175781,1.0,44.634700775146484,25.899019241333008,12.0,44.78321075439453
2026-06-10 07:26:55+00:00,1.0,123.80000305175781,1.0,44.634700775146484,25.899019241333008,12.0,44.78321075439453
2026-06-10 07:26:56+00:00,1.0,123.80000305175781,1.0,44.634700775146484,25.899019241333008,12.0,44.78321075439453
2026-06-10 07:26:57+00:00,1.0,123.9000015258789,1.0,44.63447952270508,25.898469924926758,12.0,44.67024230957031
2026-06-10 07:26:58+00:00,1.0,123.9000015258789,1.0,44.634464263916016,25.898319244384766,12.0,44.11648941040039
2026-06-10 07:26:59+00:00,1.0,123.9000015258789,1.0,44.634464263916016,25.898319244384766,12.0,44.11648941040039
2026-06-10 07:27:00+00:00,1.0,123.9000015258789,1.0,44.634544372558594,25.8980712890625,12.0,38.81791687011719
2026-06-10 07:27:01+00:00,1.0,123.9000015258789,1.0,44.634544372558594,25.8980712890625,12.0,38.81791687011719
2026-06-10 07:27:02+00:00,1.0,123.4000015258789,1.0,44.63472366333008,25.89803123474121,12.0,37.523372650146484
2026-06-10 07:27:03+00:00,1.0,123.4000015258789,1.0,44.63480758666992,25.898088455200195,12.0,38.78458786010742
2026-06-10 07:27:04+00:00,1.0,123.5999984741211,1.0,44.634864807128906,25.898193359375,12.0,40.07543182373047
2026-06-10 07:27:05+00:00,1.0,123.5,1.0,44.63489532470703,25.898332595825195,12.0,41.25700378417969
2026-06-10 07:27:06+00:00,1.0,123.5,1.0,44.6348876953125,25.898469924926758,12.0,41.89409255981445
2026-06-10 07:27:07+00:00,1.0,123.5,1.0,44.634864807128906,25.89861297607422,12.0,41.30330276489258
2026-06-10 07:27:08+00:00,1.0,123.5,1.0,44.63488006591797,25.898746490478516,12.0,40.092098236083984
2026-06-10 07:27:09+00:00,1.0,123.4000015258789,1.0,44.63492202758789,25.89886474609375,12.0,38.130828857421875
2026-06-10 07:27:10+00:00,1.0,123.4000015258789,1.0,44.635009765625,25.898921966552734,12.0,36.17511749267578
2026-06-10 07:27:11+00:00,1.0,123.4000015258789,1.0,44.635009765625,25.898921966552734,12.0,36.17511749267578
2026-06-10 07:27:16+00:00,1.0,124.69999694824219,1.0,44.635196685791016,25.898706436157227,12.0,0.19260799884796143
2026-06-10 07:27:17+00:00,1.0,124.69999694824219,1.0,44.63520431518555,25.898706436157227,12.0,0.05370800569653511
2026-06-10 07:27:18+00:00,1.0,124.69999694824219,1.0,44.63520431518555,25.89870262145996,12.0,0.040744002908468246
2026-06-10 07:27:19+00:00,1.0,124.69999694824219,1.0,44.635196685791016,25.898706436157227,12.0,0.03704000264406204
2026-06-10 07:27:20+00:00,1.0,125.69999694824219,1.0,44.635196685791016,25.898706436157227,12.0,0.014816001057624817
2026-06-10 07:27:21+00:00,1.0,125.69999694824219,1.0,44.635196685791016,25.898706436157227,12.0,0.024075999855995178
2026-06-10 07:27:22+00:00,1.0,125.9000015258789,1.0,44.635196685791016,25.898706436157227,12.0,0.011111999861896038
2026-06-10 07:27:23+00:00,1.0,125.9000015258789,1.0,44.635196685791016,25.898706436157227,12.0,0.040744002908468246
2026-06-10 07:27:24+00:00,1.0,125.9000015258789,1.0,44.635196685791016,25.898706436157227,12.0,0.040744002908468246
2026-06-10 07:27:25+00:00,1.0,126.0999984741211,1.0,44.635196685791016,25.89870262145996,12.0,0.9241480231285095
2026-06-10 07:27:26+00:00,1.0,126.0999984741211,1.0,44.63520431518555,25.898693084716797,12.0,3.055799961090088
2026-06-10 07:27:27+00:00,1.0,126.0,1.0,44.63520431518555,25.898681640625,12.0,5.148560047149658
2026-06-10 07:27:28+00:00,1.0,126.0,1.0,44.63520431518555,25.89866065979004,12.0,6.885735988616943
2026-06-10 07:27:29+00:00,1.0,125.9000015258789,1.0,44.63520431518555,25.898632049560547,12.0,8.700695991516113
2026-06-10 07:27:31+00:00,1.0,125.80000305175781,1.0,44.63520431518555,25.898555755615234,12.0,11.097184181213379
2026-06-10 07:27:32+00:00,1.0,125.80000305175781,1.0,44.63520431518555,25.89851951599121,12.0,11.097184181213379
2026-06-10 07:27:33+00:00,1.0,125.80000305175781,1.0,44.63520431518555,25.89847755432129,12.0,12.38802719116211
2026-06-10 07:27:34+00:00,1.0,125.80000305175781,1.0,44.63520431518555,25.898433685302734,12.0,12.38802719116211
2026-06-10 07:27:35+00:00,1.0,125.80000305175781,1.0,44.63520431518555,25.898380279541016,12.0,13.586273193359375
2026-06-10 07:27:36+00:00,1.0,125.80000305175781,1.0,44.63521957397461,25.898340225219727,12.0,13.351067543029785
2026-06-10 07:27:37+00:00,1.0,125.69999694824219,1.0,44.63524627685547,25.8983154296875,12.0,13.351067543029785
2026-06-10 07:27:38+00:00,1.0,125.5,1.0,44.63526916503906,25.898298263549805,12.0,12.947332382202148
2026-06-10 07:27:39+00:00,1.0,125.30000305175781,1.0,44.63530349731445,25.898303985595703,12.0,13.539972305297852
2026-06-10 07:27:40+00:00,1.0,125.30000305175781,1.0,44.63534164428711,25.89832305908203,12.0,13.77888011932373
2026-06-10 07:27:41+00:00,1.0,125.30000305175781,1.0,44.63536071777344,25.89835548400879,12.0,14.17520809173584
2026-06-10 07:27:42+00:00,1.0,125.30000305175781,1.0,44.63536834716797,25.898408889770508,12.0,15.551244735717773
2026-06-10 07:27:43+00:00,1.0,125.30000305175781,1.0,44.6353759765625,25.898466110229492,12.0,15.551244735717773
2026-06-10 07:27:44+00:00,1.0,125.30000305175781,1.0,44.6353759765625,25.898527145385742,12.0,18.314428329467773
2026-06-10 07:27:45+00:00,1.0,125.30000305175781,1.0,44.6353759765625,25.898527145385742,12.0,18.314428329467773
2026-06-10 07:27:46+00:00,1.0,125.19999694824219,1.0,44.63538360595703,25.89867401123047,12.0,22.233261108398438
2026-06-10 07:27:47+00:00,1.0,125.19999694824219,1.0,44.63538360595703,25.898754119873047,12.0,23.974140167236328
2026-06-10 07:27:48+00:00,1.0,125.19999694824219,1.0,44.63538360595703,25.898754119873047,12.0,23.974140167236328
2026-06-10 07:27:49+00:00,1.0,124.69999694824219,1.0,44.6353759765625,25.898942947387695,12.0,27.579984664916992
2026-06-10 07:27:50+00:00,1.0,124.80000305175781,1.0,44.63536834716797,25.899036407470703,12.0,28.663402557373047
2026-06-10 07:27:51+00:00,1.0,124.80000305175781,1.0,44.63536834716797,25.899141311645508,12.0,29.98573112487793
2026-06-10 07:27:52+00:00,1.0,124.80000305175781,1.0,44.63536071777344,25.899248123168945,12.0,31.24138641357422
2026-06-10 07:27:53+00:00,1.0,124.80000305175781,1.0,44.63536071777344,25.899356842041016,12.0,31.087675094604492
2026-06-10 07:27:54+00:00,1.0,124.69999694824219,1.0,44.63536071777344,25.89946746826172,12.0,30.789499282836914
2026-06-10 07:27:55+00:00,1.0,124.69999694824219,1.0,44.635353088378906,25.899568557739258,12.0,30.617267608642578
2026-06-10 07:27:56+00:00,1.0,124.69999694824219,1.0,44.635353088378906,25.89967918395996,12.0,30.226490020751953
2026-06-10 07:27:57+00:00,1.0,124.69999694824219,1.0,44.635353088378906,25.899784088134766,12.0,29.680152893066406
2026-06-10 07:27:58+00:00,1.0,124.69999694824219,1.0,44.635353088378906,25.89988136291504,12.0,29.680152893066406
2026-06-10 07:27:59+00:00,1.0,124.69999694824219,1.0,44.63536071777344,25.899980545043945,12.0,26.005783081054688
2026-06-10 07:28:00+00:00,1.0,124.69999694824219,1.0,44.63536071777344,25.899980545043945,12.0,26.005783081054688
2026-06-10 07:28:02+00:00,1.0,127.0999984741211,1.0,44.63538360595703,25.900203704833984,12.0,21.640621185302734
2026-06-10 07:28:03+00:00,1.0,125.4000015258789,1.0,44.63538360595703,25.900285720825195,12.0,23.30742073059082
2026-06-10 07:28:04+00:00,1.0,125.4000015258789,1.0,44.63538360595703,25.900365829467773,12.0,25.702056884765625
2026-06-10 07:28:05+00:00,1.0,125.4000015258789,1.0,44.6353759765625,25.900455474853516,12.0,26.61138916015625
2026-06-10 07:28:06+00:00,1.0,125.4000015258789,1.0,44.6353759765625,25.900455474853516,12.0,26.61138916015625
2026-06-10 07:28:07+00:00,1.0,125.4000015258789,1.0,44.6353759765625,25.900634765625,12.0,25.990966796875
2026-06-10 07:28:08+00:00,1.0,123.19999694824219,1.0,44.635398864746094,25.90071678161621,12.0,25.990966796875
2026-06-10 07:28:09+00:00,1.0,122.9000015258789,1.0,44.635440826416016,25.900785446166992,12.0,25.08534049987793
2026-06-10 07:28:10+00:00,1.0,123.0,1.0,44.63548278808594,25.900850296020508,12.0,26.094680786132812
2026-06-10 07:28:11+00:00,1.0,123.0,1.0,44.63550567626953,25.900936126708984,12.0,27.122541427612305
2026-06-10 07:28:12+00:00,1.0,123.0999984741211,1.0,44.63550567626953,25.901025772094727,12.0,27.26514434814453
2026-06-10 07:28:13+00:00,1.0,123.0999984741211,1.0,44.63550567626953,25.901025772094727,12.0,27.26514434814453
2026-06-10 07:28:14+00:00,1.0,123.19999694824219,1.0,44.63541030883789,25.901151657104492,12.0,29.882020950317383
2026-06-10 07:28:15+00:00,1.0,123.19999694824219,1.0,44.63533401489258,25.90114402770996,12.0,30.79135513305664
2026-06-10 07:28:16+00:00,1.0,123.19999694824219,1.0,44.63533401489258,25.90114402770996,12.0,30.79135513305664
2026-06-10 07:28:17+00:00,1.0,123.19999694824219,1.0,44.63533401489258,25.90114402770996,12.0,30.79135513305664
2026-06-10 07:28:18+00:00,1.0,123.19999694824219,1.0,44.635154724121094,25.900903701782227,12.0,36.39735412597656
2026-06-10 07:28:19+00:00,1.0,123.19999694824219,1.0,44.63512420654297,25.900785446166992,12.0,38.395668029785156
2026-06-10 07:28:20+00:00,1.0,123.19999694824219,1.0,44.63512420654297,25.900785446166992,12.0,38.395668029785156
2026-06-10 07:28:21+00:00,1.0,123.19999694824219,1.0,44.63505935668945,25.900516510009766,12.0,41.136627197265625
2026-06-10 07:28:22+00:00,1.0,123.19999694824219,1.0,44.63505935668945,25.900516510009766,12.0,41.136627197265625
2026-06-10 07:28:23+00:00,1.0,123.19999694824219,1.0,44.63505172729492,25.90021514892578,12.0,43.446067810058594
2026-06-10 07:28:24+00:00,1.0,123.0999984741211,1.0,44.63505172729492,25.90006446838379,12.0,44.67209243774414
2026-06-10 07:28:25+00:00,1.0,123.0999984741211,1.0,44.63505935668945,25.899906158447266,12.0,44.827659606933594
2026-06-10 07:28:26+00:00,1.0,123.0999984741211,1.0,44.635066986083984,25.899751663208008,12.0,44.35539627075195
2026-06-10 07:28:27+00:00,1.0,123.0999984741211,1.0,44.635074615478516,25.89960479736328,12.0,42.731197357177734
2026-06-10 07:28:28+00:00,1.0,123.0999984741211,1.0,44.635074615478516,25.89960479736328,12.0,42.731197357177734
2026-06-10 07:28:29+00:00,1.0,123.0999984741211,1.0,44.634986877441406,25.899356842041016,12.0,37.20112228393555
2026-06-10 07:28:30+00:00,1.0,123.4000015258789,1.0,44.634910583496094,25.89928436279297,12.0,38.56789779663086
2026-06-10 07:28:31+00:00,1.0,123.4000015258789,1.0,44.634830474853516,25.899206161499023,12.0,39.701324462890625
2026-06-10 07:28:32+00:00,1.0,123.4000015258789,1.0,44.63475799560547,25.89911651611328,12.0,41.05328369140625
2026-06-10 07:28:33+00:00,1.0,123.5,1.0,44.63469314575195,25.898998260498047,12.0,41.05328369140625
2026-06-10 07:28:34+00:00,1.0,123.5999984741211,1.0,44.63462829589844,25.89886474609375,12.0,45.15731430053711
2026-06-10 07:28:35+00:00,1.0,123.5999984741211,1.0,44.63457107543945,25.898725509643555,12.0,46.014793395996094
2026-06-10 07:28:36+00:00,1.0,123.5999984741211,1.0,44.634521484375,25.898584365844727,12.0,45.60179901123047
2026-06-10 07:28:37+00:00,1.0,123.5999984741211,1.0,44.63447952270508,25.898441314697266,12.0,44.11648941040039
2026-06-10 07:28:38+00:00,1.0,123.5,1.0,44.63447189331055,25.898311614990234,12.0,37.81043243408203
2026-06-10 07:28:39+00:00,1.0,123.5,1.0,44.63448715209961,25.898189544677734,12.0,35.18614959716797
2026-06-10 07:28:40+00:00,1.0,123.5,1.0,44.63453674316406,25.89809226989746,12.0,33.24710464477539
2026-06-10 07:28:41+00:00,1.0,123.19999694824219,1.0,44.63460922241211,25.898035049438477,12.0,35.29911804199219
2026-06-10 07:28:42+00:00,1.0,123.19999694824219,1.0,44.634700775146484,25.89801788330078,12.0,36.425132751464844
2026-06-10 07:28:43+00:00,1.0,123.19999694824219,1.0,44.63478088378906,25.898054122924805,12.0,36.478843688964844
2026-06-10 07:28:44+00:00,1.0,123.19999694824219,1.0,44.63485336303711,25.898136138916016,12.0,36.478843688964844
2026-06-10 07:28:45+00:00,1.0,123.19999694824219,1.0,44.6348876953125,25.89824676513672,12.0,36.79368209838867
2026-06-10 07:28:46+00:00,1.0,123.0999984741211,1.0,44.63489532470703,25.898372650146484,12.0,36.79368209838867
2026-06-10 07:28:47+00:00,1.0,123.0999984741211,1.0,44.634864807128906,25.89849853515625,12.0,37.64745330810547
2026-06-10 07:28:48+00:00,1.0,123.0999984741211,1.0,44.63483810424805,25.89862060546875,12.0,37.64745330810547
2026-06-10 07:28:49+00:00,1.0,123.0999984741211,1.0,44.63483810424805,25.89862060546875,12.0,37.64745330810547
2026-06-10 07:28:50+00:00,1.0,123.0999984741211,1.0,44.63487243652344,25.898847579956055,12.0,33.35822677612305
2026-06-10 07:28:51+00:00,1.0,123.0999984741211,1.0,44.63492965698242,25.89891815185547,12.0,32.037750244140625
2026-06-10 07:28:52+00:00,1.0,123.0999984741211,1.0,44.635009765625,25.898937225341797,12.0,31.539560317993164
2026-06-10 07:28:53+00:00,1.0,123.0999984741211,1.0,44.63508224487305,25.898889541625977,12.0,31.85995864868164
2026-06-10 07:28:54+00:00,1.0,123.0999984741211,1.0,44.63512420654297,25.898799896240234,12.0,32.86003875732422
2026-06-10 07:28:55+00:00,1.0,123.30000305175781,1.0,44.6351318359375,25.898681640625,12.0,34.3657112121582
2026-06-10 07:28:56+00:00,1.0,123.30000305175781,1.0,44.63511657714844,25.898555755615234,12.0,36.96221160888672
2026-06-10 07:28:57+00:00,1.0,123.30000305175781,1.0,44.63511657714844,25.898555755615234,12.0,36.96221160888672
2026-06-10 07:28:58+00:00,1.0,123.30000305175781,1.0,44.63511657714844,25.898555755615234,12.0,36.96221160888672
2026-06-10 07:28:59+00:00,1.0,123.30000305175781,1.0,44.63511657714844,25.898555755615234,12.0,36.96221160888672
2026-06-10 07:29:00+00:00,1.0,123.19999694824219,1.0,44.63513946533203,25.89798927307129,12.0,36.96221160888672
2026-06-10 07:29:01+00:00,1.0,123.19999694824219,1.0,44.635108947753906,25.897851943969727,12.0,41.41627502441406
2026-06-10 07:29:02+00:00,1.0,123.19999694824219,1.0,44.635108947753906,25.897851943969727,12.0,41.41627502441406
2026-06-10 07:29:03+00:00,1.0,123.19999694824219,1.0,44.635108947753906,25.897851943969727,12.0,41.41627502441406
2026-06-10 07:29:04+00:00,1.0,123.5999984741211,1.0,44.634830474853516,25.897687911987305,12.0,41.41627502441406
2026-06-10 07:29:05+00:00,1.0,123.5999984741211,1.0,44.63472366333008,25.897701263427734,12.0,43.438655853271484
2026-06-10 07:29:06+00:00,1.0,123.5999984741211,1.0,44.63472366333008,25.897701263427734,12.0,43.438655853271484
2026-06-10 07:29:07+00:00,1.0,123.5999984741211,1.0,44.63452911376953,25.897607803344727,12.0,42.09040451049805
2026-06-10 07:29:08+00:00,1.0,123.5999984741211,1.0,44.63452911376953,25.897607803344727,12.0,42.09040451049805
2026-06-10 07:29:09+00:00,1.0,123.5999984741211,1.0,44.63452911376953,25.897607803344727,12.0,42.09040451049805
2026-06-10 07:29:10+00:00,1.0,123.5999984741211,1.0,44.63452911376953,25.897607803344727,12.0,42.09040451049805
2026-06-10 07:29:11+00:00,1.0,123.5999984741211,1.0,44.63452911376953,25.897607803344727,12.0,42.09040451049805
2026-06-10 07:29:12+00:00,1.0,123.5999984741211,1.0,44.63452911376953,25.897607803344727,12.0,42.09040451049805
2026-06-10 07:29:13+00:00,1.0,123.5999984741211,1.0,44.63462829589844,25.896760940551758,12.0,42.09040451049805
2026-06-10 07:29:14+00:00,1.0,123.5999984741211,1.0,44.634742736816406,25.896656036376953,12.0,53.71725845336914
2026-06-10 07:29:15+00:00,1.0,123.5999984741211,1.0,44.634864807128906,25.896577835083008,12.0,53.56539535522461
2026-06-10 07:29:16+00:00,1.0,123.5,1.0,44.63499450683594,25.896549224853516,12.0,53.56539535522461
2026-06-10 07:29:17+00:00,1.0,123.5,1.0,44.63512420654297,25.896570205688477,12.0,53.737632751464844
2026-06-10 07:29:18+00:00,1.0,123.5999984741211,1.0,44.63524627685547,25.89664649963379,12.0,54.18952178955078
2026-06-10 07:29:19+00:00,1.0,123.5999984741211,1.0,44.635353088378906,25.89676856994629,12.0,54.091365814208984
2026-06-10 07:29:20+00:00,1.0,123.5999984741211,1.0,44.63542556762695,25.896928787231445,12.0,55.08403778076172
2026-06-10 07:29:21+00:00,1.0,123.5999984741211,1.0,44.63546371459961,25.897119522094727,12.0,56.58600616455078
2026-06-10 07:29:22+00:00,1.0,123.5999984741211,1.0,44.63548278808594,25.89731788635254,12.0,58.87322998046875
2026-06-10 07:29:23+00:00,1.0,123.5999984741211,1.0,44.63549041748047,25.89752960205078,12.0,58.87322998046875
2026-06-10 07:29:24+00:00,1.0,123.5999984741211,1.0,44.63549041748047,25.89774513244629,12.0,63.11801528930664
2026-06-10 07:29:25+00:00,1.0,2.272010118896764e-38,1.0,44.635498046875,25.897974014282227,12.0,63.11801528930664
2026-06-10 07:29:26+00:00,1.0,123.69999694824219,1.0,44.635498046875,25.898204803466797,12.0,66.53680419921875
2026-06-10 07:29:27+00:00,1.0,123.80000305175781,1.0,44.63550567626953,25.898441314697266,12.0,66.53680419921875
2026-06-10 07:29:28+00:00,1.0,123.80000305175781,1.0,44.63551330566406,25.898681640625,12.0,70.2204360961914
2026-06-10 07:29:29+00:00,1.0,123.80000305175781,1.0,44.63551330566406,25.89892578125,12.0,70.81307220458984
2026-06-10 07:29:30+00:00,1.0,123.80000305175781,1.0,44.635520935058594,25.89917755126953,12.0,70.90567779541016
2026-06-10 07:29:31+00:00,1.0,123.80000305175781,1.0,44.63553237915039,25.89942169189453,12.0,70.07781982421875
2026-06-10 07:29:32+00:00,1.0,123.80000305175781,1.0,44.63554000854492,25.89966583251953,12.0,68.37584686279297
2026-06-10 07:29:33+00:00,1.0,123.80000305175781,1.0,44.63554000854492,25.89966583251953,12.0,65.86823272705078
2026-06-10 07:29:34+00:00,1.0,123.80000305175781,1.0,44.63554000854492,25.89989471435547,12.0,65.86823272705078
2026-06-10 07:29:35+00:00,1.0,123.80000305175781,1.0,44.63554000854492,25.89989471435547,12.0,65.86823272705078
2026-06-10 07:29:36+00:00,1.0,123.80000305175781,1.0,44.63554000854492,25.89989471435547,12.0,65.86823272705078
2026-06-10 07:29:37+00:00,1.0,124.0,1.0,44.63557052612305,25.90071678161621,12.0,65.86823272705078
2026-06-10 07:29:38+00:00,1.0,124.0,1.0,44.635562896728516,25.900890350341797,12.0,49.09836959838867
2026-06-10 07:29:39+00:00,1.0,124.0,1.0,44.635562896728516,25.900890350341797,12.0,49.09836959838867
2026-06-10 07:29:40+00:00,1.0,123.9000015258789,1.0,44.63544845581055,25.901140213012695,12.0,49.09836959838867
2026-06-10 07:29:41+00:00,1.0,123.9000015258789,1.0,44.63536071777344,25.901180267333984,12.0,38.08452606201172
2026-06-10 07:29:42+00:00,1.0,123.9000015258789,1.0,44.63526153564453,25.90116310119629,12.0,36.602928161621094
2026-06-10 07:29:43+00:00,1.0,123.9000015258789,1.0,44.63526153564453,25.90116310119629,12.0,36.602928161621094
2026-06-10 07:29:44+00:00,1.0,124.0999984741211,1.0,44.635154724121094,25.900972366333008,12.0,37.452999114990234
2026-06-10 07:29:45+00:00,1.0,124.0999984741211,1.0,44.63512420654297,25.900842666625977,12.0,39.89578628540039
2026-06-10 07:29:46+00:00,1.0,124.0999984741211,1.0,44.63508987426758,25.90070343017578,12.0,42.42005920410156
2026-06-10 07:29:47+00:00,1.0,124.0999984741211,1.0,44.635066986083984,25.900556564331055,12.0,44.973968505859375
2026-06-10 07:29:48+00:00,1.0,124.0999984741211,1.0,44.635066986083984,25.900556564331055,12.0,44.973968505859375
2026-06-10 07:29:49+00:00,1.0,124.0999984741211,1.0,44.635066986083984,25.900556564331055,12.0,44.973968505859375
2026-06-10 07:29:50+00:00,1.0,123.5,1.0,44.63505172729492,25.900035858154297,12.0,44.973968505859375
2026-06-10 07:29:51+00:00,1.0,123.5,1.0,44.63505935668945,25.89984893798828,12.0,53.896907806396484
2026-06-10 07:29:52+00:00,1.0,123.5,1.0,44.635066986083984,25.899662017822266,12.0,53.27277755737305
2026-06-10 07:29:53+00:00,1.0,123.5,1.0,44.63504409790039,25.899492263793945,12.0,49.81879806518555
2026-06-10 07:29:54+00:00,1.0,123.5,1.0,44.63497543334961,25.899349212646484,12.0,44.85544204711914
2026-06-10 07:29:55+00:00,1.0,123.5,1.0,44.63497543334961,25.899349212646484,12.0,44.85544204711914
2026-06-10 07:29:56+00:00,1.0,123.5,1.0,44.63479995727539,25.899166107177734,12.0,47.548248291015625
2026-06-10 07:29:57+00:00,1.0,123.5,1.0,44.63479995727539,25.899166107177734,12.0,47.548248291015625
2026-06-10 07:29:58+00:00,1.0,123.5,1.0,44.63462829589844,25.898908615112305,12.0,51.20595169067383
2026-06-10 07:29:59+00:00,1.0,123.5,1.0,44.63462829589844,25.898908615112305,12.0,51.20595169067383
2026-06-10 07:30:00+00:00,1.0,123.80000305175781,1.0,44.63451385498047,25.898591995239258,12.0,50.44477844238281
2026-06-10 07:30:01+00:00,1.0,123.80000305175781,1.0,44.63447189331055,25.898433685302734,12.0,47.607513427734375
2026-06-10 07:30:02+00:00,1.0,123.80000305175781,1.0,44.634464263916016,25.898290634155273,12.0,40.9514274597168
2026-06-10 07:30:03+00:00,1.0,123.80000305175781,1.0,44.634464263916016,25.898290634155273,12.0,40.9514274597168
2026-06-10 07:30:04+00:00,1.0,123.80000305175781,1.0,44.634464263916016,25.898290634155273,12.0,40.9514274597168
2026-06-10 07:30:05+00:00,1.0,0.0,1.0,44.634464263916016,0.0010542779928073287,12.0,25.850086212158203
2026-06-10 07:30:06+00:00,1.0,123.19999694824219,1.0,44.63473129272461,25.898038864135742,12.0,38.42715072631836
2026-06-10 07:30:07+00:00,1.0,123.19999694824219,1.0,44.63481521606445,25.89811134338379,12.0,38.32899475097656
2026-06-10 07:30:08+00:00,1.0,123.19999694824219,1.0,44.634864807128906,25.898218154907227,12.0,38.301212310791016
2026-06-10 07:30:09+00:00,1.0,123.0999984741211,1.0,44.63487243652344,25.898347854614258,12.0,38.301212310791016
2026-06-10 07:30:10+00:00,1.0,123.0999984741211,1.0,44.63485336303711,25.898481369018555,12.0,39.26980972290039
2026-06-10 07:30:11+00:00,1.0,123.0999984741211,1.0,44.63483810424805,25.898616790771484,12.0,38.64753341674805
2026-06-10 07:30:12+00:00,1.0,123.0999984741211,1.0,44.63483810424805,25.898616790771484,12.0,38.64753341674805
2026-06-10 07:30:13+00:00,1.0,123.0,1.0,44.63489532470703,25.898847579956055,12.0,38.64753341674805
2026-06-10 07:30:14+00:00,1.0,123.0,1.0,44.634952545166016,25.898914337158203,12.0,31.998855590820312
2026-06-10 07:30:15+00:00,1.0,123.0,1.0,44.635032653808594,25.898921966552734,12.0,31.4636287689209
2026-06-10 07:30:16+00:00,1.0,123.0999984741211,1.0,44.63509750366211,25.898868560791016,12.0,30.696897506713867
2026-06-10 07:30:17+00:00,1.0,123.0999984741211,1.0,44.6351318359375,25.898775100708008,12.0,31.77846908569336
2026-06-10 07:30:18+00:00,1.0,123.30000305175781,1.0,44.63513946533203,25.89866065979004,12.0,33.86752700805664
2026-06-10 07:30:19+00:00,1.0,123.30000305175781,1.0,44.63513946533203,25.898534774780273,12.0,36.349205017089844
2026-06-10 07:30:20+00:00,1.0,123.30000305175781,1.0,44.63513946533203,25.898401260375977,12.0,38.854957580566406
2026-06-10 07:30:21+00:00,1.0,123.30000305175781,1.0,44.63514709472656,25.89826202392578,12.0,41.373680114746094
2026-06-10 07:30:22+00:00,1.0,123.30000305175781,1.0,44.63514709472656,25.898115158081055,12.0,43.4775505065918
2026-06-10 07:30:23+00:00,1.0,123.30000305175781,1.0,44.63514709472656,25.898115158081055,12.0,43.4775505065918
2026-06-10 07:30:24+00:00,1.0,123.30000305175781,1.0,44.63514709472656,25.898115158081055,12.0,43.4775505065918
2026-06-10 07:30:25+00:00,1.0,123.30000305175781,1.0,44.635009765625,25.897729873657227,12.0,43.551631927490234
2026-06-10 07:30:26+00:00,1.0,123.30000305175781,1.0,44.635009765625,25.897729873657227,12.0,43.551631927490234
2026-06-10 07:30:27+00:00,1.0,123.19999694824219,1.0,44.634788513183594,25.897693634033203,12.0,43.551631927490234
2026-06-10 07:30:28+00:00,1.0,123.19999694824219,1.0,44.63468551635742,25.897687911987305,12.0,44.55726623535156
2026-06-10 07:30:29+00:00,1.0,123.19999694824219,1.0,44.63457107543945,25.897632598876953,12.0,45.338809967041016
2026-06-10 07:30:30+00:00,1.0,123.4000015258789,1.0,44.634498596191406,25.897518157958984,12.0,45.338809967041016
2026-06-10 07:30:31+00:00,1.0,123.4000015258789,1.0,44.63444900512695,25.897371292114258,12.0,47.11302947998047
2026-06-10 07:30:32+00:00,1.0,123.4000015258789,1.0,44.63444900512695,25.89720916748047,12.0,48.142738342285156
2026-06-10 07:30:33+00:00,1.0,123.5,1.0,44.63447952270508,25.89704132080078,12.0,49.778053283691406
2026-06-10 07:30:34+00:00,1.0,123.30000305175781,1.0,44.634544372558594,25.89689064025879,12.0,52.18009948730469
2026-06-10 07:30:35+00:00,1.0,123.30000305175781,1.0,44.63463592529297,25.896757125854492,12.0,52.18009948730469
2026-06-10 07:30:36+00:00,1.0,123.30000305175781,1.0,44.63475799560547,25.89664649963379,12.0,54.19878005981445
2026-06-10 07:30:37+00:00,1.0,123.0999984741211,1.0,44.6348876953125,25.896574020385742,12.0,58.03612518310547
2026-06-10 07:30:38+00:00,1.0,123.0999984741211,1.0,44.635032653808594,25.896549224853516,12.0,57.941673278808594
2026-06-10 07:30:39+00:00,1.0,123.0999984741211,1.0,44.63516616821289,25.89658546447754,12.0,56.64341735839844
2026-06-10 07:30:40+00:00,1.0,123.19999694824219,1.0,44.63528823852539,25.896678924560547,12.0,55.70075225830078
2026-06-10 07:30:41+00:00,1.0,123.30000305175781,1.0,44.63539123535156,25.896818161010742,12.0,56.05448532104492
2026-06-10 07:30:42+00:00,1.0,123.30000305175781,1.0,44.63544845581055,25.89699363708496,12.0,56.78046798706055
2026-06-10 07:30:43+00:00,1.0,123.30000305175781,1.0,44.635475158691406,25.897192001342773,12.0,58.21021270751953
2026-06-10 07:30:44+00:00,1.0,123.30000305175781,1.0,44.63548278808594,25.89739990234375,12.0,60.50113296508789
2026-06-10 07:30:45+00:00,1.0,123.30000305175781,1.0,44.63549041748047,25.897619247436523,12.0,62.777244567871094
2026-06-10 07:30:46+00:00,1.0,123.30000305175781,1.0,44.63549041748047,25.897619247436523,12.0,62.777244567871094
2026-06-10 07:30:47+00:00,1.0,123.30000305175781,1.0,44.635498046875,25.897844314575195,12.0,62.777244567871094
2026-06-10 07:30:48+00:00,1.0,123.30000305175781,1.0,44.635498046875,25.897844314575195,12.0,62.777244567871094
2026-06-10 07:30:49+00:00,1.0,123.30000305175781,1.0,44.635498046875,25.897844314575195,12.0,62.777244567871094
2026-06-10 07:30:50+00:00,1.0,123.30000305175781,1.0,44.635498046875,25.897844314575195,12.0,62.777244567871094
2026-06-10 07:30:51+00:00,1.0,123.30000305175781,1.0,44.635520935058594,25.899080276489258,12.0,62.777244567871094
2026-06-10 07:30:52+00:00,1.0,123.30000305175781,1.0,44.63553237915039,25.899349212646484,12.0,77.48397064208984
2026-06-10 07:30:53+00:00,1.0,123.30000305175781,1.0,44.63553237915039,25.899349212646484,12.0,77.48397064208984
2026-06-10 07:30:54+00:00,1.0,123.4000015258789,1.0,44.63554763793945,25.899885177612305,12.0,77.48397064208984
2026-06-10 07:30:55+00:00,1.0,123.4000015258789,1.0,44.635555267333984,25.900142669677734,12.0,73.06880950927734
2026-06-10 07:30:56+00:00,1.0,123.4000015258789,1.0,44.635562896728516,25.900390625,12.0,69.29627990722656
2026-06-10 07:30:57+00:00,1.0,123.5,1.0,44.63557052612305,25.900609970092773,12.0,59.89738082885742
2026-06-10 07:30:58+00:00,1.0,123.5,1.0,44.635562896728516,25.900793075561523,12.0,49.92806625366211
2026-06-10 07:30:59+00:00,1.0,123.5999984741211,1.0,44.63554000854492,25.900951385498047,12.0,43.560890197753906
2026-06-10 07:31:00+00:00,1.0,2.018821270285013e-39,1.0,44.63548278808594,25.901073455810547,12.0,-3.0329869108289428e+38
2026-06-10 07:31:01+00:00,1.0,123.5,1.0,44.63541030883789,25.901155471801758,12.0,42.54414367675781
2026-06-10 07:31:02+00:00,1.0,123.5,1.0,44.635311126708984,25.90117645263672,12.0,37.66041946411133
2026-06-10 07:31:03+00:00,1.0,123.69999694824219,1.0,44.635231018066406,25.901134490966797,12.0,36.01399230957031
2026-06-10 07:31:04+00:00,1.0,123.69999694824219,1.0,44.63517379760742,25.901037216186523,12.0,36.25104522705078
2026-06-10 07:31:05+00:00,1.0,123.69999694824219,1.0,44.63513946533203,25.900915145874023,12.0,36.25104522705078
2026-06-10 07:31:06+00:00,1.0,123.69999694824219,1.0,44.635108947753906,25.900785446166992,12.0,40.75511169433594
2026-06-10 07:31:07+00:00,1.0,123.69999694824219,1.0,44.635074615478516,25.90064239501953,12.0,43.284942626953125
2026-06-10 07:31:08+00:00,1.0,123.69999694824219,1.0,44.63505172729492,25.900487899780273,12.0,43.284942626953125
2026-06-10 07:31:09+00:00,1.0,123.69999694824219,1.0,44.63504409790039,25.900325775146484,12.0,48.08162307739258
2026-06-10 07:31:10+00:00,1.0,123.30000305175781,1.0,44.63504409790039,25.900150299072266,12.0,50.06882095336914
2026-06-10 07:31:11+00:00,1.0,123.30000305175781,1.0,44.63505172729492,25.899974822998047,12.0,50.35588073730469
2026-06-10 07:31:12+00:00,1.0,123.30000305175781,1.0,44.63505935668945,25.89980125427246,12.0,50.35588073730469
2026-06-10 07:31:13+00:00,1.0,123.30000305175781,1.0,44.635066986083984,25.899629592895508,12.0,48.43350601196289
2026-06-10 07:31:14+00:00,1.0,123.30000305175781,1.0,44.63504409790039,25.89947509765625,12.0,48.43350601196289
2026-06-10 07:31:15+00:00,1.0,123.30000305175781,1.0,44.63497543334961,25.899349212646484,12.0,41.64036560058594
2026-06-10 07:31:16+00:00,1.0,123.30000305175781,1.0,44.63489532470703,25.899255752563477,12.0,41.64036560058594
2026-06-10 07:31:17+00:00,1.0,123.4000015258789,1.0,44.63480758666992,25.89917755126953,12.0,43.14048767089844
2026-06-10 07:31:18+00:00,1.0,123.5,1.0,44.63473129272461,25.899076461791992,12.0,44.305397033691406
2026-06-10 07:31:19+00:00,1.0,123.5999984741211,1.0,44.63465118408203,25.898958206176758,12.0,46.301849365234375
2026-06-10 07:31:20+00:00,1.0,123.5999984741211,1.0,44.634586334228516,25.898815155029297,12.0,48.40572738647461
2026-06-10 07:31:21+00:00,1.0,123.69999694824219,1.0,44.63453674316406,25.898664474487305,12.0,48.73167419433594
2026-06-10 07:31:22+00:00,1.0,123.69999694824219,1.0,44.63448715209961,25.89850616455078,12.0,47.85567855834961
2026-06-10 07:31:23+00:00,1.0,123.69999694824219,1.0,44.634464263916016,25.898351669311523,12.0,45.427711486816406
2026-06-10 07:31:24+00:00,1.0,123.69999694824219,1.0,44.63447189331055,25.898210525512695,12.0,41.568138122558594
2026-06-10 07:31:25+00:00,1.0,123.30000305175781,1.0,44.63452911376953,25.89809226989746,12.0,41.568138122558594
2026-06-10 07:31:26+00:00,1.0,123.30000305175781,1.0,44.63460159301758,25.898027420043945,12.0,36.73997497558594
2026-06-10 07:31:27+00:00,1.0,123.0999984741211,1.0,44.634700775146484,25.898014068603516,12.0,38.756805419921875
2026-06-10 07:31:28+00:00,1.0,123.0,1.0,44.634788513183594,25.89805030822754,12.0,38.756805419921875
2026-06-10 07:31:29+00:00,1.0,122.9000015258789,1.0,44.634864807128906,25.898143768310547,12.0,40.6162109375
2026-06-10 07:31:30+00:00,1.0,122.9000015258789,1.0,44.63490295410156,25.898271560668945,12.0,40.82548904418945
2026-06-10 07:31:31+00:00,1.0,122.9000015258789,1.0,44.63490295410156,25.898271560668945,12.0,40.82548904418945
2026-06-10 07:31:32+00:00,1.0,122.9000015258789,1.0,44.63487243652344,25.89853858947754,12.0,41.429237365722656
2026-06-10 07:31:33+00:00,1.0,122.9000015258789,1.0,44.63487243652344,25.89853858947754,12.0,41.429237365722656
2026-06-10 07:31:34+00:00,1.0,122.9000015258789,1.0,44.634864807128906,25.898807525634766,12.0,37.66782760620117
2026-06-10 07:31:35+00:00,1.0,122.9000015258789,1.0,44.634864807128906,25.898807525634766,12.0,37.66782760620117
2026-06-10 07:31:36+00:00,1.0,122.9000015258789,1.0,44.634864807128906,25.898807525634766,12.0,37.66782760620117
2026-06-10 07:31:37+00:00,1.0,122.69999694824219,1.0,44.635074615478516,25.898900985717773,12.0,31.935890197753906
2026-06-10 07:31:38+00:00,1.0,122.69999694824219,1.0,44.63512420654297,25.89882469177246,12.0,32.67853927612305
2026-06-10 07:31:39+00:00,1.0,122.69999694824219,1.0,44.63512420654297,25.89882469177246,12.0,32.67853927612305
2026-06-10 07:31:40+00:00,1.0,122.69999694824219,1.0,44.63512420654297,25.898588180541992,12.0,35.77693557739258
2026-06-10 07:31:41+00:00,1.0,122.69999694824219,1.0,44.63512420654297,25.898588180541992,12.0,35.77693557739258
2026-06-10 07:31:42+00:00,1.0,122.69999694824219,1.0,44.63512420654297,25.898588180541992,12.0,35.77693557739258
2026-06-10 07:31:43+00:00,1.0,122.69999694824219,1.0,44.63512420654297,25.898588180541992,12.0,35.77693557739258
2026-06-10 07:31:44+00:00,1.0,122.69999694824219,1.0,44.6351318359375,25.89803123474121,12.0,35.77693557739258
2026-06-10 07:31:45+00:00,1.0,122.5999984741211,1.0,44.63512420654297,25.897884368896484,12.0,42.1478157043457
2026-06-10 07:31:46+00:00,1.0,122.5999984741211,1.0,44.635066986083984,25.89776611328125,12.0,41.77741241455078
2026-06-10 07:31:47+00:00,1.0,122.69999694824219,1.0,44.63497543334961,1.7095841264762768e-43,12.0,42.39042663574219
2026-06-10 07:31:48+00:00,1.0,122.69999694824219,1.0,44.63487243652344,25.897680282592773,12.0,43.07011413574219
2026-06-10 07:31:49+00:00,1.0,122.80000305175781,1.0,44.634765625,25.89769744873047,12.0,43.97018814086914
2026-06-10 07:31:50+00:00,1.0,122.80000305175781,1.0,44.63465118408203,25.89768409729004,12.0,42.80897903442383
2026-06-10 07:31:51+00:00,1.0,122.80000305175781,1.0,44.63456344604492,25.897619247436523,12.0,42.73860168457031
2026-06-10 07:31:52+00:00,1.0,122.80000305175781,1.0,44.634498596191406,25.897510528564453,12.0,43.436805725097656
2026-06-10 07:31:53+00:00,1.0,123.0,1.0,44.634456634521484,25.897363662719727,12.0,43.436805725097656
2026-06-10 07:31:54+00:00,1.0,122.9000015258789,1.0,44.63444900512695,25.89720916748047,12.0,45.44437789916992
2026-06-10 07:31:55+00:00,1.0,122.9000015258789,1.0,44.63447952270508,25.897050857543945,12.0,47.14451217651367
2026-06-10 07:31:56+00:00,1.0,122.9000015258789,1.0,44.63453674316406,25.896907806396484,12.0,49.28171920776367
2026-06-10 07:31:57+00:00,1.0,122.9000015258789,1.0,44.63462829589844,25.896785736083984,12.0,51.154090881347656
2026-06-10 07:31:58+00:00,1.0,122.9000015258789,1.0,44.63462829589844,25.896785736083984,12.0,51.154090881347656
2026-06-10 07:31:59+00:00,1.0,122.9000015258789,1.0,44.63462829589844,25.896785736083984,12.0,51.154090881347656
2026-06-10 07:32:00+00:00,1.0,122.9000015258789,1.0,44.63485336303711,25.896589279174805,12.0,51.154090881347656
2026-06-10 07:32:01+00:00,1.0,123.0999984741211,1.0,44.63511657714844,25.896556854248047,12.0,52.80052185058594
2026-06-10 07:32:02+00:00,1.0,123.0999984741211,1.0,44.63523864746094,25.89662742614746,12.0,52.157875061035156
2026-06-10 07:32:03+00:00,1.0,123.19999694824219,1.0,44.63534164428711,25.896739959716797,12.0,52.157875061035156
2026-06-10 07:32:04+00:00,1.0,123.19999694824219,1.0,44.63541793823242,25.89689064025879,12.0,53.663551330566406
2026-06-10 07:32:05+00:00,1.0,123.19999694824219,1.0,44.63541793823242,25.89689064025879,12.0,53.663551330566406
2026-06-10 07:32:06+00:00,1.0,123.19999694824219,1.0,44.635475158691406,25.89727020263672,12.0,53.663551330566406
2026-06-10 07:32:07+00:00,1.0,123.19999694824219,1.0,44.63548278808594,25.897478103637695,12.0,59.37141418457031
2026-06-10 07:32:08+00:00,1.0,123.30000305175781,1.0,44.63549041748047,25.89768409729004,12.0,61.18267059326172
2026-06-10 07:32:09+00:00,1.0,123.30000305175781,1.0,44.63549041748047,25.89768409729004,12.0,61.18267059326172
2026-06-10 07:32:10+00:00,1.0,123.30000305175781,1.0,44.635498046875,25.898128509521484,12.0,64.0143814086914
2026-06-10 07:32:11+00:00,1.0,123.30000305175781,1.0,44.63550567626953,25.898347854614258,12.0,63.64027404785156
2026-06-10 07:32:12+00:00,1.0,123.30000305175781,1.0,44.63551330566406,25.898571014404297,12.0,65.38856506347656
2026-06-10 07:32:13+00:00,1.0,123.30000305175781,1.0,44.63551330566406,25.898807525634766,12.0,67.23870849609375
2026-06-10 07:32:14+00:00,1.0,123.30000305175781,1.0,44.635520935058594,25.899044036865234,12.0,68.8110580444336
2026-06-10 07:32:15+00:00,1.0,123.30000305175781,1.0,44.635520935058594,25.899044036865234,12.0,68.8110580444336
2026-06-10 07:32:16+00:00,1.0,123.4000015258789,1.0,44.63554000854492,25.899532318115234,12.0,68.8110580444336
2026-06-10 07:32:17+00:00,1.0,123.4000015258789,1.0,44.63554763793945,25.89977264404297,12.0,67.82209014892578
2026-06-10 07:32:18+00:00,1.0,123.4000015258789,1.0,44.63554763793945,25.90000343322754,12.0,67.82209014892578
2026-06-10 07:32:19+00:00,1.0,123.4000015258789,1.0,44.635555267333984,25.900224685668945,12.0,62.20867919921875
2026-06-10 07:32:20+00:00,1.0,123.4000015258789,1.0,44.635562896728516,25.90043067932129,12.0,58.88248825073242
2026-06-10 07:32:21+00:00,1.0,123.4000015258789,1.0,44.63557052612305,25.900630950927734,12.0,55.63593292236328
2026-06-10 07:32:22+00:00,1.0,123.4000015258789,1.0,44.63557052612305,25.900630950927734,12.0,55.63593292236328
2026-06-10 07:32:23+00:00,1.0,123.4000015258789,1.0,44.63553237915039,25.900976181030273,12.0,45.49437713623047
2026-06-10 07:32:24+00:00,1.0,123.4000015258789,1.0,44.63553237915039,25.900976181030273,12.0,45.49437713623047
2026-06-10 07:32:25+00:00,1.0,123.5999984741211,1.0,44.63539123535156,25.901172637939453,12.0,45.49437713623047
2026-06-10 07:32:26+00:00,1.0,123.5999984741211,1.0,44.63530349731445,25.901187896728516,12.0,35.62877655029297
2026-06-10 07:32:27+00:00,1.0,123.9000015258789,1.0,44.635231018066406,25.90114402770996,12.0,35.62877655029297
2026-06-10 07:32:28+00:00,1.0,123.9000015258789,1.0,44.63518142700195,25.901050567626953,12.0,33.66936111450195
2026-06-10 07:32:29+00:00,1.0,123.80000305175781,1.0,44.63514709472656,25.900936126708984,12.0,35.80841827392578
2026-06-10 07:32:30+00:00,1.0,123.69999694824219,1.0,44.63512420654297,25.90081024169922,12.0,38.195648193359375
2026-06-10 07:32:31+00:00,1.0,123.69999694824219,1.0,44.63508987426758,25.900684356689453,12.0,38.319732666015625
2026-06-10 07:32:32+00:00,1.0,123.69999694824219,1.0,44.635066986083984,25.900548934936523,12.0,40.74955749511719
2026-06-10 07:32:33+00:00,1.0,123.4000015258789,1.0,44.63505172729492,25.90039825439453,12.0,43.37013626098633
2026-06-10 07:32:34+00:00,1.0,123.4000015258789,1.0,44.63504409790039,25.900239944458008,12.0,46.129615783691406
2026-06-10 07:32:35+00:00,1.0,123.0999984741211,1.0,44.63505172729492,25.90007781982422,12.0,46.129615783691406
2026-06-10 07:32:36+00:00,1.0,123.0999984741211,1.0,44.63505935668945,25.89990997314453,12.0,47.585289001464844
2026-06-10 07:32:37+00:00,1.0,123.0,1.0,44.635066986083984,25.899744033813477,12.0,47.585289001464844
2026-06-10 07:32:38+00:00,1.0,123.0,1.0,44.63505935668945,25.899580001831055,12.0,45.7332878112793
2026-06-10 07:32:39+00:00,1.0,122.9000015258789,1.0,44.635032653808594,25.899442672729492,12.0,45.7332878112793
2026-06-10 07:32:40+00:00,1.0,122.9000015258789,1.0,44.63496017456055,25.899324417114258,12.0,40.25136947631836
2026-06-10 07:32:41+00:00,1.0,122.9000015258789,1.0,44.63488006591797,25.89923858642578,12.0,42.0200309753418
2026-06-10 07:32:42+00:00,1.0,122.9000015258789,1.0,44.63479995727539,25.899158477783203,12.0,42.02373123168945
2026-06-10 07:32:43+00:00,1.0,122.9000015258789,1.0,44.63479995727539,25.899158477783203,12.0,42.02373123168945
2026-06-10 07:32:44+00:00,1.0,122.9000015258789,1.0,44.63479995727539,25.899158477783203,12.0,42.02373123168945
2026-06-10 07:32:45+00:00,1.0,123.4000015258789,1.0,44.63459396362305,25.898792266845703,12.0,42.02373123168945
2026-06-10 07:32:46+00:00,1.0,123.4000015258789,1.0,44.634544372558594,25.898645401000977,12.0,46.750038146972656
2026-06-10 07:32:47+00:00,1.0,123.4000015258789,1.0,44.634498596191406,25.898494720458984,12.0,46.39259719848633
2026-06-10 07:32:48+00:00,1.0,123.4000015258789,1.0,44.63447952270508,25.898340225219727,12.0,44.372066497802734
2026-06-10 07:32:49+00:00,1.0,123.4000015258789,1.0,44.63447952270508,25.898340225219727,12.0,44.372066497802734
2026-06-10 07:32:50+00:00,1.0,123.4000015258789,1.0,44.63447952270508,25.898340225219727,12.0,44.372066497802734
2026-06-10 07:32:51+00:00,1.0,122.5999984741211,1.0,44.634620666503906,25.898027420043945,12.0,44.372066497802734
2026-06-10 07:32:52+00:00,1.0,122.5999984741211,1.0,44.63471603393555,25.898014068603516,12.0,37.71042251586914
2026-06-10 07:32:53+00:00,1.0,8.285942693748511e-30,1.0,44.63480758666992,25.898054122924805,12.0,7.534590026510825e-30
2026-06-10 07:32:54+00:00,1.0,122.5999984741211,1.0,44.63480758666992,25.898054122924805,12.0,38.20491027832031
2026-06-10 07:32:55+00:00,1.0,122.5999984741211,1.0,44.63490295410156,25.89827537536621,12.0,38.20491027832031
2026-06-10 07:32:56+00:00,1.0,122.5999984741211,1.0,44.63489532470703,25.89839744567871,12.0,38.74939727783203
2026-06-10 07:32:57+00:00,1.0,122.5,1.0,44.63487243652344,25.898530960083008,12.0,38.74939727783203
2026-06-10 07:32:58+00:00,1.0,122.5,1.0,44.634864807128906,25.898664474487305,12.0,38.15119934082031
2026-06-10 07:32:59+00:00,1.0,122.5,1.0,44.6348876953125,25.898792266845703,12.0,36.92147445678711
2026-06-10 07:33:00+00:00,1.0,122.5999984741211,1.0,44.63493728637695,25.89888572692871,12.0,36.92147445678711
2026-06-10 07:33:01+00:00,1.0,122.5999984741211,1.0,44.635009765625,25.89893341064453,12.0,31.780319213867188
2026-06-10 07:33:02+00:00,1.0,122.5999984741211,1.0,44.635009765625,25.89893341064453,12.0,31.780319213867188
2026-06-10 07:33:03+00:00,1.0,122.5999984741211,1.0,44.6351318359375,25.898847579956055,12.0,28.565248489379883
2026-06-10 07:33:04+00:00,1.0,122.69999694824219,1.0,44.63514709472656,25.898746490478516,12.0,28.565248489379883
2026-06-10 07:33:05+00:00,1.0,122.69999694824219,1.0,44.63514709472656,25.898637771606445,12.0,32.54704666137695
2026-06-10 07:33:06+00:00,1.0,122.80000305175781,1.0,44.63513946533203,25.898515701293945,12.0,35.1213264465332
2026-06-10 07:33:07+00:00,1.0,122.80000305175781,1.0,44.63513946533203,25.898387908935547,12.0,37.669681549072266
2026-06-10 07:33:08+00:00,1.0,122.80000305175781,1.0,44.63513946533203,25.898250579833984,12.0,40.079132080078125
2026-06-10 07:33:09+00:00,1.0,122.80000305175781,1.0,44.63513946533203,25.898250579833984,12.0,40.079132080078125
2026-06-10 07:33:10+00:00,1.0,122.9000015258789,1.0,44.63512420654297,25.89797019958496,12.0,40.079132080078125
2026-06-10 07:33:11+00:00,1.0,122.9000015258789,1.0,44.63508224487305,25.897844314575195,12.0,38.6401252746582
2026-06-10 07:33:12+00:00,1.0,122.9000015258789,1.0,44.63508224487305,25.897844314575195,12.0,38.6401252746582
2026-06-10 07:33:13+00:00,1.0,122.9000015258789,1.0,44.63492965698242,25.89769744873047,12.0,37.26039123535156
2026-06-10 07:33:14+00:00,1.0,122.9000015258789,1.0,44.63483810424805,25.897693634033203,12.0,38.832733154296875
2026-06-10 07:33:15+00:00,1.0,122.9000015258789,1.0,44.634742736816406,25.897705078125,12.0,39.016082763671875
2026-06-10 07:33:16+00:00,1.0,122.9000015258789,1.0,44.6346435546875,25.89769744873047,12.0,39.016082763671875
2026-06-10 07:33:17+00:00,1.0,122.9000015258789,1.0,44.63456344604492,25.89764404296875,12.0,38.01044845581055
2026-06-10 07:33:18+00:00,1.0,123.19999694824219,1.0,44.634498596191406,25.89754295349121,12.0,38.01044845581055
2026-06-10 07:33:19+00:00,1.0,123.30000305175781,1.0,44.634464263916016,25.897411346435547,12.0,41.01439666748047
2026-06-10 07:33:20+00:00,1.0,123.30000305175781,1.0,44.63444900512695,25.897266387939453,12.0,43.18864059448242
2026-06-10 07:33:21+00:00,1.0,123.30000305175781,1.0,44.63444900512695,25.897266387939453,12.0,43.18864059448242
2026-06-10 07:33:22+00:00,1.0,123.5,1.0,44.634521484375,25.896968841552734,12.0,47.08524703979492
2026-06-10 07:33:23+00:00,1.0,123.5,1.0,44.634586334228516,25.896833419799805,12.0,49.526187896728516
2026-06-10 07:33:24+00:00,1.0,123.4000015258789,1.0,44.63469314575195,25.896717071533203,12.0,51.49300765991211
2026-06-10 07:33:25+00:00,1.0,123.4000015258789,1.0,44.63480758666992,25.89662742614746,12.0,53.570953369140625
2026-06-10 07:33:26+00:00,1.0,123.4000015258789,1.0,44.63492965698242,25.89656639099121,12.0,53.67280960083008
2026-06-10 07:33:27+00:00,1.0,123.4000015258789,1.0,44.635066986083984,25.89655303955078,12.0,52.83015441894531
2026-06-10 07:33:28+00:00,1.0,123.5,1.0,44.635189056396484,25.896589279174805,12.0,51.78562545776367
2026-06-10 07:33:29+00:00,1.0,123.5,1.0,44.63529586791992,25.89667510986328,12.0,51.391151428222656
2026-06-10 07:33:30+00:00,1.0,123.5,1.0,44.63538360595703,25.896806716918945,12.0,51.391151428222656
2026-06-10 07:33:31+00:00,1.0,123.5,1.0,44.635440826416016,25.896968841552734,12.0,52.55234909057617
2026-06-10 07:33:32+00:00,1.0,123.5,1.0,44.63546371459961,25.897151947021484,12.0,54.45805740356445
2026-06-10 07:33:33+00:00,1.0,123.5999984741211,1.0,44.63548278808594,25.89734649658203,12.0,54.45805740356445
2026-06-10 07:33:34+00:00,1.0,123.5999984741211,1.0,44.63548278808594,25.897550582885742,12.0,59.125099182128906
2026-06-10 07:33:35+00:00,1.0,123.5999984741211,1.0,44.63548278808594,25.897550582885742,12.0,59.125099182128906
2026-06-10 07:33:36+00:00,1.0,123.5999984741211,1.0,44.635498046875,25.897985458374023,12.0,63.11801528930664
2026-06-10 07:33:37+00:00,1.0,123.5999984741211,1.0,44.635498046875,25.898204803466797,12.0,63.11801528930664
2026-06-10 07:33:38+00:00,1.0,123.5999984741211,1.0,44.63550567626953,25.89842987060547,12.0,65.47004699707031
2026-06-10 07:33:39+00:00,1.0,123.5999984741211,1.0,44.63550567626953,25.89842987060547,12.0,65.47004699707031
2026-06-10 07:33:40+00:00,1.0,123.5999984741211,1.0,44.635520935058594,25.898893356323242,12.0,66.56643676757812
2026-06-10 07:33:41+00:00,1.0,123.5999984741211,1.0,44.635520935058594,25.899126052856445,12.0,66.2201156616211
2026-06-10 07:33:42+00:00,1.0,123.5999984741211,1.0,44.63553237915039,25.899356842041016,12.0,65.64414978027344
2026-06-10 07:33:43+00:00,1.0,123.5999984741211,1.0,44.63553237915039,25.899356842041016,12.0,65.64414978027344
2026-06-10 07:33:44+00:00,1.0,123.5999984741211,1.0,44.63554763793945,25.899808883666992,12.0,63.34766387939453
2026-06-10 07:33:45+00:00,1.0,123.5999984741211,1.0,44.63554763793945,25.900020599365234,12.0,60.7900505065918
2026-06-10 07:33:46+00:00,1.0,123.69999694824219,1.0,44.635555267333984,25.900224685668945,12.0,60.7900505065918
2026-06-10 07:33:47+00:00,1.0,123.69999694824219,1.0,44.635562896728516,25.900415420532227,12.0,54.2061882019043
2026-06-10 07:33:48+00:00,1.0,123.69999694824219,1.0,44.63557052612305,25.900602340698242,12.0,50.93185043334961
2026-06-10 07:33:49+00:00,1.0,123.80000305175781,1.0,44.63557052612305,25.900774002075195,12.0,47.61677169799805
2026-06-10 07:33:50+00:00,1.0,123.80000305175781,1.0,44.635555267333984,25.900922775268555,12.0,43.96648406982422
2026-06-10 07:33:51+00:00,1.0,123.69999694824219,1.0,44.63550567626953,25.901050567626953,12.0,40.61065673828125
2026-06-10 07:33:52+00:00,1.0,123.5999984741211,1.0,44.635440826416016,25.901134490966797,12.0,37.34002685546875
2026-06-10 07:33:53+00:00,1.0,123.5999984741211,1.0,44.635353088378906,25.901166915893555,12.0,37.11223220825195
2026-06-10 07:33:54+00:00,1.0,123.5999984741211,1.0,44.63526153564453,25.901140213012695,12.0,36.938140869140625
2026-06-10 07:33:55+00:00,1.0,123.80000305175781,1.0,44.635196685791016,25.90105438232422,12.0,37.07704162597656
2026-06-10 07:33:56+00:00,1.0,123.80000305175781,1.0,44.63514709472656,25.900943756103516,12.0,37.251129150390625
2026-06-10 07:33:57+00:00,1.0,123.69999694824219,1.0,44.63512420654297,25.900821685791016,12.0,37.251129150390625
2026-06-10 07:33:58+00:00,1.0,123.69999694824219,1.0,44.63508987426758,25.90070343017578,12.0,34.936126708984375
2026-06-10 07:33:59+00:00,1.0,123.69999694824219,1.0,44.635066986083984,25.90059471130371,12.0,32.03589630126953
2026-06-10 07:34:00+00:00,1.0,123.69999694824219,1.0,44.635066986083984,25.90059471130371,12.0,32.03589630126953
2026-06-10 07:34:01+00:00,1.0,123.69999694824219,1.0,44.635032653808594,25.90039825439453,12.0,26.33729362487793
2026-06-10 07:34:02+00:00,1.0,123.69999694824219,1.0,44.635032653808594,25.90039825439453,12.0,26.33729362487793
2026-06-10 07:34:03+00:00,1.0,123.69999694824219,1.0,44.635074615478516,25.90024757385254,12.0,21.785076141357422
2026-06-10 07:34:04+00:00,1.0,123.69999694824219,1.0,44.635074615478516,25.90024757385254,12.0,21.785076141357422
2026-06-10 07:34:05+00:00,1.0,123.69999694824219,1.0,44.63514709472656,25.900182723999023,12.0,16.240188598632812
2026-06-10 07:34:06+00:00,1.0,123.69999694824219,1.0,44.63514709472656,25.900182723999023,12.0,16.240188598632812
2026-06-10 08:57:20+00:00,1.0,127.9000015258789,1.0,44.63521957397461,25.90020751953125,5.0,0.11482400447130203
2026-06-10 08:57:21+00:00,1.0,127.9000015258789,1.0,44.63521957397461,25.90020751953125,5.0,0.11482400447130203
2026-06-10 08:57:22+00:00,1.0,127.9000015258789,1.0,44.635189056396484,25.90020751953125,5.0,0.11667600274085999
2026-06-10 08:57:23+00:00,1.0,127.9000015258789,1.0,44.635189056396484,25.900211334228516,5.0,0.0463000051677227
2026-06-10 08:57:24+00:00,1.0,127.9000015258789,1.0,44.635189056396484,25.900211334228516,5.0,0.32595202326774597
2026-06-10 08:57:25+00:00,1.0,127.9000015258789,1.0,44.635189056396484,25.90021514892578,5.0,0.15186400711536407
2026-06-10 08:57:26+00:00,1.0,127.9000015258789,1.0,44.63518142700195,25.90021514892578,5.0,0.28891199827194214
2026-06-10 08:57:27+00:00,1.0,127.9000015258789,1.0,44.63518142700195,25.90021514892578,5.0,0.32224801182746887
2026-06-10 08:57:28+00:00,1.0,127.9000015258789,1.0,44.63518142700195,25.900218963623047,5.0,0.26483601331710815
2026-06-10 08:57:29+00:00,1.0,127.9000015258789,1.0,44.63518142700195,25.900218963623047,5.0,0.10926800966262817
2026-06-10 08:57:30+00:00,1.0,120.0,1.0,44.63518142700195,25.900218963623047,5.0,0.4333679974079132
2026-06-10 08:57:31+00:00,1.0,120.0999984741211,1.0,44.63518142700195,25.900218963623047,5.0,0.4333679974079132
2026-06-10 08:57:32+00:00,1.0,120.0999984741211,1.0,44.63518142700195,25.900218963623047,6.0,0.4333679974079132
2026-06-10 08:57:33+00:00,1.0,120.30000305175781,1.0,44.63518142700195,25.900218963623047,6.0,0.12223199754953384
2026-06-10 08:57:34+00:00,1.0,120.30000305175781,1.0,44.635196685791016,25.90021514892578,6.0,0.12223199754953384
2026-06-10 08:57:35+00:00,1.0,122.0999984741211,1.0,44.635196685791016,25.900211334228516,7.0,0.18705201148986816
2026-06-10 08:57:36+00:00,1.0,122.0999984741211,1.0,44.63520431518555,25.900211334228516,7.0,0.06481999903917313
2026-06-10 08:57:37+00:00,1.0,122.0999984741211,1.0,44.63521194458008,25.90020751953125,7.0,0.1703840047121048
2026-06-10 08:57:38+00:00,1.0,122.0999984741211,1.0,44.63523864746094,25.900203704833984,7.0,0.11667600274085999
2026-06-10 08:57:39+00:00,1.0,122.0999984741211,1.0,44.63525390625,25.90019989013672,7.0,0.11667600274085999
2026-06-10 08:57:40+00:00,1.0,122.0999984741211,1.0,44.63526153564453,25.90019989013672,7.0,0.15001201629638672
2026-06-10 08:57:41+00:00,1.0,122.0999984741211,1.0,44.63526916503906,25.90019989013672,7.0,0.15001201629638672
2026-06-10 08:57:42+00:00,1.0,122.0999984741211,1.0,44.63526916503906,25.90019989013672,7.0,0.07222799956798553
2026-06-10 08:57:43+00:00,1.0,122.0999984741211,1.0,44.63526916503906,25.90019989013672,7.0,0.07222799956798553
2026-06-10 08:57:44+00:00,1.0,122.0999984741211,1.0,44.63526916503906,25.90019989013672,7.0,0.07222799956798553
2026-06-10 08:57:45+00:00,1.0,122.0999984741211,1.0,44.63526916503906,25.90019989013672,7.0,0.07222799956798553
2026-06-10 08:57:46+00:00,1.0,133.3000030517578,1.0,44.63526916503906,25.90019989013672,8.0,0.07222799956798553
2026-06-10 08:57:47+00:00,1.0,133.3000030517578,1.0,44.63526916503906,25.900203704833984,8.0,0.1277880072593689
2026-06-10 08:57:48+00:00,1.0,133.10000610351562,1.0,44.63526916503906,25.900203704833984,8.0,0.06852400302886963
2026-06-10 08:57:49+00:00,1.0,133.10000610351562,1.0,44.635276794433594,25.900203704833984,8.0,0.03704000264406204
2026-06-10 08:57:50+00:00,1.0,133.0,1.0,44.635276794433594,25.90020751953125,8.0,0.02592799998819828
2026-06-10 08:57:51+00:00,1.0,133.0,1.0,44.635276794433594,25.90020751953125,8.0,0.022224001586437225
2026-06-10 08:57:52+00:00,1.0,132.89999389648438,1.0,44.635276794433594,25.90020751953125,8.0,0.11852800846099854
2026-06-10 08:57:53+00:00,1.0,132.8000030517578,1.0,44.635276794433594,25.90020751953125,8.0,0.11297199875116348
2026-06-10 08:57:54+00:00,1.0,132.6999969482422,1.0,44.635276794433594,25.90020751953125,8.0,0.16112400591373444
2026-06-10 08:57:55+00:00,1.0,132.5,1.0,44.635276794433594,25.900211334228516,8.0,0.11667600274085999
2026-06-10 08:57:56+00:00,1.0,132.3000030517578,1.0,44.635276794433594,25.900211334228516,9.0,0.25742799043655396
2026-06-10 08:57:57+00:00,1.0,132.10000610351562,1.0,44.635276794433594,25.900211334228516,9.0,0.4333679974079132
2026-06-10 08:57:58+00:00,1.0,132.10000610351562,1.0,44.635276794433594,25.900211334228516,9.0,0.25372397899627686
2026-06-10 08:57:59+00:00,1.0,132.10000610351562,1.0,44.635276794433594,25.90021514892578,9.0,0.11852800846099854
2026-06-10 08:58:00+00:00,1.0,132.10000610351562,1.0,44.635276794433594,25.90021514892578,9.0,0.11852800846099854
2026-06-10 08:58:01+00:00,1.0,132.10000610351562,1.0,44.635276794433594,25.90021514892578,9.0,0.11852800846099854
2026-06-10 08:58:02+00:00,1.0,132.10000610351562,1.0,44.635276794433594,25.90021514892578,9.0,0.11852800846099854
2026-06-10 08:58:03+00:00,1.0,132.10000610351562,1.0,44.635276794433594,25.90021514892578,9.0,0.11852800846099854
2026-06-10 08:58:04+00:00,1.0,132.10000610351562,1.0,44.635276794433594,25.90021514892578,9.0,0.11852800846099854
2026-06-10 08:58:05+00:00,1.0,132.10000610351562,1.0,44.635276794433594,25.90021514892578,9.0,0.07963600009679794
2026-06-10 08:58:08+00:00,1.0,131.0,1.0,44.63526916503906,25.90021514892578,9.0,0.13704802095890045
2026-06-10 08:58:09+00:00,1.0,131.0,1.0,44.63526916503906,25.90021514892578,9.0,0.2055720090866089
2026-06-10 08:58:10+00:00,1.0,130.89999389648438,1.0,44.63526916503906,25.900218963623047,11.0,0.19816400110721588
2026-06-10 08:58:11+00:00,1.0,130.89999389648438,1.0,44.63526916503906,25.900218963623047,11.0,0.0425960049033165
2026-06-10 08:58:12+00:00,1.0,130.89999389648438,1.0,44.63526916503906,25.900218963623047,11.0,0.0463000051677227
2026-06-10 08:58:13+00:00,1.0,130.89999389648438,1.0,44.63526916503906,25.900218963623047,11.0,0.00926000066101551
2026-06-10 08:58:14+00:00,1.0,130.89999389648438,1.0,44.63526916503906,25.90021514892578,11.0,0.05926400423049927
2026-06-10 08:58:15+00:00,1.0,130.89999389648438,1.0,44.63526916503906,25.90021514892578,11.0,0.07408000528812408
2026-06-10 08:58:16+00:00,1.0,130.89999389648438,1.0,44.63526916503906,25.90021514892578,11.0,0.16112400591373444
2026-06-10 08:58:17+00:00,1.0,130.89999389648438,1.0,44.63526916503906,25.90021514892578,11.0,0.16112400591373444
2026-06-10 08:58:18+00:00,1.0,130.89999389648438,1.0,44.63526916503906,25.90021514892578,11.0,0.16112400591373444
2026-06-10 08:58:19+00:00,1.0,130.89999389648438,1.0,44.63526916503906,25.90021514892578,11.0,0.16112400591373444
2026-06-10 08:58:20+00:00,1.0,130.89999389648438,1.0,44.63526916503906,25.90021514892578,11.0,0.0888960063457489
2026-06-10 08:58:21+00:00,1.0,130.89999389648438,1.0,44.63526916503906,25.90021514892578,11.0,0.07222799956798553
2026-06-10 08:58:22+00:00,1.0,130.89999389648438,1.0,44.63526916503906,25.90021514892578,11.0,0.10556400567293167
2026-06-10 08:58:23+00:00,1.0,130.89999389648438,1.0,44.63526916503906,25.90021514892578,11.0,0.04444800317287445
2026-06-10 08:58:24+00:00,1.0,130.89999389648438,1.0,44.63526153564453,25.90021514892578,11.0,0.15186400711536407
2026-06-10 08:58:25+00:00,1.0,130.89999389648438,1.0,44.63526153564453,25.90021514892578,11.0,0.20742398500442505
2026-06-10 08:58:26+00:00,1.0,130.89999389648438,1.0,44.63526153564453,25.90021514892578,11.0,0.10000801086425781
2026-06-10 08:58:27+00:00,1.0,129.3000030517578,1.0,44.63526153564453,25.90021514892578,12.0,0.1426040083169937
2026-06-10 08:58:28+00:00,1.0,129.1999969482422,1.0,44.63526153564453,25.90021514892578,12.0,0.05926400423049927
2026-06-10 08:58:29+00:00,1.0,129.10000610351562,1.0,44.63526153564453,25.90021514892578,12.0,0.0463000051677227
2026-06-10 08:58:30+00:00,1.0,129.0,1.0,44.63526153564453,25.90021514892578,12.0,0.1740880012512207
2026-06-10 08:58:31+00:00,1.0,128.89999389648438,1.0,44.63526153564453,25.90021514892578,12.0,0.1740880012512207
2026-06-10 08:58:32+00:00,1.0,128.8000030517578,1.0,44.63526153564453,25.90021514892578,12.0,0.09815600514411926
2026-06-10 08:58:33+00:00,1.0,128.60000610351562,1.0,44.63526153564453,25.90021514892578,12.0,0.09815600514411926
2026-06-10 08:58:34+00:00,1.0,128.60000610351562,1.0,44.63526153564453,25.90021514892578,12.0,0.09815600514411926
2026-06-10 08:58:35+00:00,1.0,128.39999389648438,1.0,44.63526153564453,25.90021514892578,12.0,0.09815600514411926
2026-06-10 08:58:36+00:00,1.0,128.39999389648438,1.0,44.63526153564453,25.90021514892578,12.0,0.09815600514411926
2026-06-10 08:58:37+00:00,1.0,128.39999389648438,1.0,44.63526153564453,25.90021514892578,12.0,0.09815600514411926
2026-06-10 08:58:38+00:00,1.0,128.39999389648438,1.0,44.63526153564453,25.90021514892578,12.0,0.09815600514411926
2026-06-10 08:58:39+00:00,1.0,128.39999389648438,1.0,44.63526153564453,25.900218963623047,12.0,0.02778000198304653
2026-06-10 08:58:40+00:00,1.0,128.39999389648438,1.0,44.63526153564453,25.900218963623047,12.0,0.02778000198304653
2026-06-10 08:58:41+00:00,1.0,128.39999389648438,1.0,44.63526153564453,25.900218963623047,12.0,0.02778000198304653
2026-06-10 08:58:42+00:00,1.0,128.39999389648438,1.0,44.63526153564453,25.900218963623047,12.0,0.1351960152387619
2026-06-10 08:58:43+00:00,1.0,128.39999389648438,1.0,44.63526153564453,25.900218963623047,12.0,0.1351960152387619
2026-06-10 08:58:44+00:00,1.0,128.39999389648438,1.0,44.63526153564453,25.900218963623047,12.0,0.07963600009679794
2026-06-10 08:58:45+00:00,1.0,127.4000015258789,1.0,44.63526153564453,25.900224685668945,12.0,0.02592799998819828
2026-06-10 08:58:46+00:00,1.0,127.30000305175781,1.0,44.63526153564453,25.900224685668945,12.0,0.0888960063457489
2026-06-10 08:58:47+00:00,1.0,127.30000305175781,1.0,44.63526153564453,25.900224685668945,12.0,0.07222799956798553
2026-06-10 08:58:48+00:00,1.0,127.0999984741211,1.0,44.63526153564453,25.900224685668945,12.0,0.011111999861896038
2026-06-10 08:58:49+00:00,1.0,127.0999984741211,1.0,44.63526153564453,25.900224685668945,12.0,0.048151999711990356
2026-06-10 08:58:50+00:00,1.0,126.9000015258789,1.0,44.63526153564453,25.900224685668945,12.0,0.02592799998819828
2026-06-10 08:58:51+00:00,1.0,126.9000015258789,1.0,44.63526153564453,25.900224685668945,12.0,0.02592799998819828
2026-06-10 08:58:52+00:00,1.0,126.9000015258789,1.0,44.63526153564453,25.900224685668945,12.0,0.05556000396609306
2026-06-10 08:58:53+00:00,1.0,126.9000015258789,1.0,44.63526153564453,25.900224685668945,12.0,0.07037600129842758
2026-06-10 08:58:54+00:00,1.0,126.9000015258789,1.0,44.63526153564453,25.900224685668945,12.0,0.02778000198304653
2026-06-10 08:58:55+00:00,1.0,126.4000015258789,1.0,44.63526153564453,25.900224685668945,12.0,0.05926400423049927
2026-06-10 08:58:56+00:00,1.0,126.4000015258789,1.0,44.63526153564453,25.900224685668945,12.0,0.029632002115249634
2026-06-10 08:58:57+00:00,1.0,126.19999694824219,1.0,44.63526153564453,25.900224685668945,12.0,0.05185599997639656
2026-06-10 08:58:58+00:00,1.0,126.19999694824219,1.0,44.63526153564453,25.900224685668945,12.0,0.05185599997639656
2026-06-10 08:58:59+00:00,1.0,126.19999694824219,1.0,44.63526153564453,25.900224685668945,12.0,0.08148800581693649
2026-06-10 08:59:00+00:00,1.0,126.0,1.0,0.05750513821840286,126.0,12.0,0.057412002235651016
2026-06-10 08:59:01+00:00,1.0,126.0,1.0,44.63526153564453,25.900224685668945,12.0,0.06481999903917313
2026-06-10 08:59:02+00:00,1.0,125.80000305175781,1.0,44.63526153564453,25.900224685668945,12.0,0.06481999903917313
2026-06-10 08:59:03+00:00,1.0,125.80000305175781,1.0,44.63526153564453,25.900224685668945,12.0,0.020372001454234123
2026-06-10 08:59:04+00:00,1.0,125.69999694824219,1.0,44.63526153564453,25.900224685668945,12.0,0.029632002115249634
2026-06-10 08:59:05+00:00,1.0,125.69999694824219,1.0,44.63526153564453,25.900224685668945,12.0,0.029632002115249634
2026-06-10 08:59:06+00:00,1.0,125.69999694824219,1.0,44.63526153564453,25.900224685668945,12.0,0.01852000132203102
2026-06-10 08:59:07+00:00,1.0,125.5,1.0,44.63526153564453,25.900224685668945,12.0,0.14075200259685516
2026-06-10 08:59:08+00:00,1.0,125.4000015258789,1.0,44.63526153564453,25.900224685668945,12.0,0.08148800581693649
2026-06-10 08:59:09+00:00,1.0,125.4000015258789,1.0,44.63526153564453,25.900224685668945,12.0,0.08148800581693649
2026-06-10 08:59:10+00:00,1.0,125.4000015258789,1.0,44.63526153564453,25.900224685668945,12.0,0.11667600274085999
2026-06-10 08:59:11+00:00,1.0,125.30000305175781,1.0,44.63526153564453,25.900224685668945,12.0,0.03704000264406204
2026-06-10 08:59:12+00:00,1.0,125.30000305175781,1.0,44.63526153564453,25.900224685668945,12.0,0.04444800317287445
2026-06-10 08:59:14+00:00,1.0,125.30000305175781,1.0,44.63526153564453,25.900224685668945,12.0,0.040744002908468246
2026-06-10 08:59:15+00:00,1.0,125.30000305175781,1.0,44.63526153564453,25.900224685668945,12.0,0.0926000103354454
2026-06-10 08:59:16+00:00,1.0,125.30000305175781,1.0,44.63526153564453,25.900224685668945,12.0,0.11482400447130203
2026-06-10 08:59:17+00:00,1.0,125.30000305175781,1.0,44.63526153564453,25.900224685668945,12.0,0.15001201629638672
2026-06-10 08:59:18+00:00,1.0,125.30000305175781,1.0,44.63526153564453,25.900224685668945,12.0,0.09445200860500336
2026-06-10 08:59:19+00:00,1.0,125.30000305175781,1.0,44.63526153564453,25.900224685668945,12.0,0.005555999930948019
2026-06-10 08:59:20+00:00,1.0,125.30000305175781,1.0,44.63526153564453,25.900224685668945,12.0,0.005555999930948019
2026-06-10 08:59:21+00:00,1.0,125.30000305175781,1.0,44.63526153564453,25.900224685668945,12.0,0.06852400302886963
2026-06-10 08:59:22+00:00,1.0,125.30000305175781,1.0,44.63526153564453,25.90022850036621,12.0,0.06852400302886963
2026-06-10 08:59:23+00:00,1.0,125.30000305175781,1.0,44.63526153564453,25.90022850036621,12.0,0.06111599877476692
2026-06-10 08:59:24+00:00,1.0,125.0999984741211,1.0,44.63526153564453,25.90022850036621,12.0,0.06111599877476692
2026-06-10 08:59:25+00:00,1.0,125.0999984741211,1.0,44.63526153564453,25.90022850036621,12.0,0.06111599877476692
2026-06-10 08:59:26+00:00,1.0,125.0999984741211,1.0,44.63526153564453,25.90022850036621,12.0,0.06111599877476692
2026-06-10 08:59:27+00:00,1.0,125.0,1.0,44.63526153564453,25.90022850036621,12.0,0.06111599877476692
2026-06-10 08:59:28+00:00,1.0,125.0,1.0,44.63526153564453,25.90022850036621,12.0,0.06111599877476692
2026-06-10 08:59:29+00:00,1.0,125.0,1.0,44.63526153564453,25.90022850036621,12.0,0.06111599877476692
2026-06-10 08:59:30+00:00,1.0,125.0,1.0,44.63526153564453,25.90022850036621,12.0,0.06111599877476692
2026-06-10 08:59:31+00:00,1.0,125.0,1.0,44.63526153564453,25.90022850036621,12.0,0.03333600237965584
2026-06-10 08:59:32+00:00,1.0,125.0,1.0,44.63526153564453,25.90022850036621,12.0,0.03333600237965584
2026-06-10 08:59:33+00:00,1.0,125.0999984741211,1.0,44.63526153564453,25.90022850036621,12.0,0.09074800461530685
2026-06-10 08:59:34+00:00,1.0,125.0999984741211,1.0,44.63526153564453,25.90022850036621,12.0,0.05370800569653511
2026-06-10 08:59:35+00:00,1.0,125.0999984741211,1.0,44.63526153564453,25.90022850036621,12.0,0.029632002115249634
2026-06-10 08:59:36+00:00,1.0,125.19999694824219,1.0,44.63526153564453,25.90022850036621,12.0,0.10371200740337372
2026-06-10 08:59:37+00:00,1.0,125.19999694824219,1.0,44.63526153564453,25.90022850036621,12.0,0.3055799901485443
2026-06-10 08:59:38+00:00,1.0,125.19999694824219,1.0,44.63526153564453,25.90022850036621,12.0,0.3055799901485443
2026-06-10 08:59:39+00:00,1.0,125.19999694824219,1.0,44.63526153564453,25.90022850036621,12.0,0.11852800846099854
2026-06-10 08:59:40+00:00,1.0,125.19999694824219,1.0,44.63526153564453,25.90022850036621,12.0,0.03518800064921379
2026-06-10 08:59:41+00:00,1.0,125.19999694824219,1.0,44.63526153564453,25.90022850036621,12.0,0.03518800064921379
2026-06-10 08:59:42+00:00,1.0,125.19999694824219,1.0,44.63526153564453,25.90022850036621,12.0,0.03518800064921379
2026-06-10 08:59:44+00:00,1.0,125.0999984741211,1.0,44.63526153564453,25.90022850036621,12.0,0.03518800064921379
2026-06-10 08:59:45+00:00,1.0,125.0999984741211,1.0,44.63526153564453,25.90022850036621,12.0,0.05185599997639656
2026-06-10 08:59:46+00:00,1.0,125.0999984741211,1.0,44.63526153564453,25.90022850036621,12.0,0.05185599997639656
2026-06-10 08:59:47+00:00,1.0,125.0,1.0,44.63526153564453,25.900232315063477,12.0,0.131492018699646
2026-06-10 08:59:48+00:00,1.0,125.0,1.0,44.63526153564453,25.900232315063477,12.0,0.131492018699646
2026-06-10 08:59:49+00:00,1.0,125.0,1.0,44.63526916503906,25.900232315063477,12.0,0.05556000396609306
2026-06-10 08:59:50+00:00,1.0,125.0,1.0,44.63526916503906,25.900232315063477,12.0,0.05556000396609306
2026-06-10 08:59:51+00:00,1.0,125.0,1.0,44.63526916503906,25.900232315063477,12.0,0.07963600009679794
2026-06-10 08:59:52+00:00,1.0,125.0999984741211,1.0,44.63526916503906,25.900232315063477,12.0,0.11667600274085999
2026-06-10 08:59:53+00:00,1.0,125.0999984741211,1.0,44.63526916503906,25.900232315063477,12.0,0.08704400062561035
2026-06-10 08:59:54+00:00,1.0,125.0999984741211,1.0,44.63526916503906,25.900232315063477,12.0,0.07963600009679794
2026-06-10 08:59:55+00:00,1.0,125.0999984741211,1.0,44.63526916503906,25.900232315063477,12.0,0.07963600009679794
2026-06-10 08:59:56+00:00,1.0,125.0999984741211,1.0,44.63526916503906,25.900232315063477,12.0,0.05370800569653511
2026-06-10 08:59:57+00:00,1.0,125.0999984741211,1.0,44.63526916503906,25.900232315063477,12.0,0.05556000396609306
2026-06-10 08:59:58+00:00,1.0,125.0999984741211,1.0,44.63526916503906,25.900232315063477,12.0,0.131492018699646
2026-06-10 08:59:59+00:00,1.0,125.0999984741211,1.0,44.63526916503906,25.900232315063477,12.0,0.022224001586437225
2026-06-10 09:00:00+00:00,1.0,125.0999984741211,1.0,44.63526916503906,25.900232315063477,12.0,0.022224001586437225
2026-06-10 09:00:01+00:00,1.0,125.0999984741211,1.0,44.63526916503906,25.900232315063477,12.0,0.11852800846099854
2026-06-10 09:00:02+00:00,1.0,125.0999984741211,1.0,44.63526916503906,25.900232315063477,12.0,0.06852400302886963
2026-06-10 09:00:03+00:00,1.0,125.0999984741211,1.0,44.63526916503906,25.900232315063477,12.0,0.06852400302886963
2026-06-10 09:00:04+00:00,1.0,125.0999984741211,1.0,44.63526916503906,25.900232315063477,12.0,0.06852400302886963
2026-06-10 09:00:05+00:00,1.0,125.0999984741211,1.0,44.63526916503906,25.900232315063477,12.0,0.06852400302886963
2026-06-10 09:00:06+00:00,1.0,125.0999984741211,1.0,44.63526916503906,25.900232315063477,12.0,0.131492018699646
2026-06-10 09:00:07+00:00,1.0,125.0999984741211,1.0,44.63526916503906,25.900232315063477,12.0,0.03333600237965584
2026-06-10 09:00:08+00:00,1.0,125.19999694824219,1.0,44.63526916503906,25.900232315063477,12.0,0.05926400423049927
2026-06-10 09:00:09+00:00,1.0,125.19999694824219,1.0,44.63526916503906,25.900232315063477,12.0,0.07593200355768204
2026-06-10 09:00:10+00:00,1.0,125.30000305175781,1.0,44.63526916503906,25.900232315063477,12.0,0.07222799956798553
2026-06-10 09:00:11+00:00,1.0,125.30000305175781,1.0,44.63526916503906,25.900232315063477,12.0,0.15742000937461853
2026-06-10 09:00:12+00:00,1.0,125.30000305175781,1.0,44.63526916503906,25.900232315063477,12.0,0.03333600237965584
2026-06-10 09:00:13+00:00,1.0,125.30000305175781,1.0,44.63526916503906,25.900232315063477,12.0,0.09445200860500336
2026-06-10 09:05:17+00:00,1.0,126.0999984741211,1.0,44.63526153564453,25.90021514892578,12.0,0.06852400302886963
2026-06-10 09:05:18+00:00,1.0,125.19999694824219,1.0,44.63526153564453,25.90021514892578,12.0,0.08334000408649445
2026-06-10 09:05:19+00:00,1.0,125.19999694824219,1.0,44.63526153564453,25.90021514892578,12.0,0.08334000408649445
2026-06-10 09:05:20+00:00,1.0,125.19999694824219,1.0,44.63525390625,25.90021514892578,12.0,0.13704802095890045
2026-06-10 09:05:21+00:00,1.0,124.9000015258789,1.0,44.63525390625,25.900218963623047,12.0,0.11852800846099854
2026-06-10 09:05:22+00:00,1.0,124.9000015258789,1.0,44.63525390625,25.900218963623047,12.0,0.0463000051677227
2026-06-10 09:05:23+00:00,1.0,124.5999984741211,1.0,44.63525390625,25.900218963623047,12.0,0.0926000103354454
2026-06-10 09:05:24+00:00,1.0,124.5999984741211,1.0,44.63525390625,25.900224685668945,12.0,0.0926000103354454
2026-06-10 09:05:25+00:00,1.0,124.30000305175781,1.0,44.63525390625,25.900224685668945,12.0,0.06667200475931168
2026-06-10 09:05:26+00:00,1.0,124.30000305175781,1.0,44.63525390625,25.900224685668945,12.0,0.06667200475931168
2026-06-10 09:05:27+00:00,1.0,124.30000305175781,1.0,44.63525390625,25.900224685668945,12.0,0.11667600274085999
2026-06-10 09:05:28+00:00,1.0,124.30000305175781,1.0,44.63525390625,25.900224685668945,12.0,0.07593200355768204
2026-06-10 09:05:29+00:00,1.0,124.30000305175781,1.0,44.63525390625,25.900224685668945,12.0,0.11852800846099854
2026-06-10 09:05:30+00:00,1.0,123.80000305175781,1.0,44.63525390625,25.900224685668945,12.0,0.08148800581693649
2026-06-10 09:05:31+00:00,1.0,123.80000305175781,1.0,44.63525390625,25.900224685668945,12.0,0.08148800581693649
2026-06-10 09:05:32+00:00,1.0,123.69999694824219,1.0,44.63525390625,25.900224685668945,12.0,0.040744002908468246
2026-06-10 09:05:33+00:00,1.0,123.69999694824219,1.0,44.63525390625,25.900224685668945,12.0,0.040744002908468246
2026-06-10 09:05:34+00:00,1.0,123.5999984741211,1.0,44.63525390625,25.90022850036621,12.0,0.05926400423049927
2026-06-10 09:05:35+00:00,1.0,123.5999984741211,1.0,44.63524627685547,25.90022850036621,12.0,0.05926400423049927
2026-06-10 09:05:36+00:00,1.0,2.872661851865875e-43,1.0,44.63524627685547,25.90022850036621,12.0,0.02778000198304653
2026-06-10 09:05:37+00:00,1.0,123.30000305175781,1.0,44.63524627685547,25.900232315063477,12.0,0.02778000198304653
2026-06-10 09:05:38+00:00,1.0,123.30000305175781,1.0,44.63524627685547,25.900232315063477,12.0,0.02778000198304653
2026-06-10 09:05:39+00:00,1.0,123.30000305175781,1.0,44.63524627685547,25.900232315063477,12.0,0.01852000132203102
2026-06-10 09:05:40+00:00,1.0,123.30000305175781,1.0,44.63524627685547,25.900232315063477,12.0,0.06481999903917313
2026-06-10 09:05:41+00:00,1.0,122.80000305175781,1.0,44.63524627685547,25.900232315063477,12.0,0.10741601139307022
2026-06-10 09:05:42+00:00,1.0,122.80000305175781,1.0,44.63524627685547,25.900236129760742,12.0,0.10741601139307022
2026-06-10 09:05:43+00:00,1.0,122.5999984741211,1.0,44.63524627685547,25.900236129760742,12.0,0.02592799998819828
2026-06-10 09:05:44+00:00,1.0,122.5999984741211,1.0,44.63524627685547,25.900236129760742,12.0,0.02592799998819828
2026-06-10 09:05:45+00:00,1.0,122.5999984741211,1.0,44.63524627685547,25.900239944458008,12.0,0.09074800461530685
2026-06-10 09:05:46+00:00,1.0,122.0999984741211,1.0,44.63524627685547,25.900239944458008,12.0,0.07037600129842758
2026-06-10 09:05:47+00:00,1.0,122.0999984741211,1.0,44.63524627685547,25.900239944458008,12.0,0.07037600129842758
2026-06-10 09:05:48+00:00,1.0,122.0,1.0,44.63524627685547,25.900239944458008,12.0,0.00926000066101551
2026-06-10 09:05:49+00:00,1.0,122.0,1.0,44.63524627685547,25.900239944458008,12.0,0.00926000066101551
2026-06-10 09:05:50+00:00,1.0,121.69999694824219,1.0,44.63524627685547,25.900243759155273,12.0,0.09074800461530685
2026-06-10 09:05:51+00:00,1.0,121.69999694824219,1.0,44.63524627685547,25.900243759155273,12.0,0.09074800461530685
2026-06-10 09:05:52+00:00,1.0,121.5,1.0,44.63524627685547,25.900243759155273,12.0,0.014816001057624817
2026-06-10 09:05:53+00:00,1.0,121.5,1.0,44.63524627685547,25.900243759155273,12.0,0.02592799998819828
2026-06-10 09:05:54+00:00,1.0,121.5,1.0,44.63524627685547,25.900243759155273,12.0,0.06852400302886963
2026-06-10 09:05:55+00:00,1.0,121.5,1.0,44.63524627685547,25.900243759155273,12.0,0.06111599877476692
2026-06-10 09:05:56+00:00,1.0,121.5,1.0,44.63524627685547,25.900243759155273,12.0,0.03518800064921379
2026-06-10 09:05:57+00:00,1.0,121.5,1.0,44.63524627685547,25.900243759155273,12.0,0.01666800118982792
2026-06-10 09:05:58+00:00,1.0,121.5,1.0,44.63524627685547,25.900243759155273,12.0,0.04444800317287445
2026-06-10 09:05:59+00:00,1.0,121.5,1.0,44.63524627685547,25.900243759155273,12.0,0.03148400038480759
2026-06-10 09:06:00+00:00,1.0,121.5,1.0,44.63524627685547,25.900243759155273,12.0,0.12038000673055649
2026-06-10 09:06:01+00:00,1.0,121.5,1.0,44.63524627685547,25.900243759155273,12.0,0.038892004638910294
2026-06-10 09:06:02+00:00,1.0,121.5,1.0,44.63524627685547,25.900243759155273,12.0,0.038892004638910294
2026-06-10 09:06:03+00:00,1.0,121.5,1.0,44.63524627685547,25.90024757385254,12.0,0.1777919977903366
2026-06-10 09:06:04+00:00,1.0,121.5,1.0,44.63524627685547,25.90024757385254,12.0,0.03333600237965584
2026-06-10 09:06:05+00:00,1.0,121.5,1.0,44.63524627685547,25.90024757385254,12.0,0.06111599877476692
2026-06-10 09:06:06+00:00,1.0,121.5,1.0,44.63524627685547,25.90024757385254,12.0,0.07408000528812408
2026-06-10 09:06:07+00:00,1.0,121.5,1.0,44.63524627685547,25.90024757385254,12.0,0.0425960049033165
2026-06-10 09:06:08+00:00,1.0,121.5,1.0,44.63524627685547,25.90024757385254,12.0,0.14075200259685516
2026-06-10 09:06:09+00:00,1.0,120.5,1.0,44.63524627685547,25.90024757385254,12.0,0.14075200259685516
2026-06-10 09:06:10+00:00,1.0,120.5,1.0,44.63524627685547,25.90024757385254,12.0,0.14075200259685516
2026-06-10 09:06:11+00:00,1.0,120.5,1.0,44.63524627685547,25.90024757385254,12.0,0.14075200259685516
2026-06-10 09:06:12+00:00,1.0,120.5,1.0,44.63524627685547,25.900243759155273,12.0,0.16112400591373444
2026-06-10 09:06:13+00:00,1.0,120.5,1.0,44.63524627685547,25.900243759155273,12.0,0.03148400038480759
2026-06-10 09:06:14+00:00,1.0,120.5,1.0,44.63524627685547,25.900243759155273,12.0,0.020372001454234123
2026-06-10 09:06:15+00:00,1.0,120.5,1.0,44.63524627685547,25.900243759155273,12.0,0.05185599997639656
2026-06-10 09:06:16+00:00,1.0,120.5,1.0,44.63524627685547,25.900243759155273,12.0,0.09630400687456131
2026-06-10 09:06:17+00:00,1.0,120.80000305175781,1.0,44.63524627685547,25.900243759155273,12.0,0.09815600514411926
2026-06-10 09:06:18+00:00,1.0,120.80000305175781,1.0,44.63524627685547,25.900243759155273,12.0,0.03704000264406204
2026-06-10 09:06:19+00:00,1.0,120.80000305175781,1.0,44.63524627685547,25.900243759155273,12.0,0.06852400302886963
2026-06-10 09:06:20+00:00,1.0,120.80000305175781,1.0,44.63524627685547,25.900239944458008,12.0,0.09815600514411926
2026-06-10 09:06:21+00:00,1.0,120.80000305175781,1.0,44.63524627685547,25.900239944458008,12.0,0.13334400951862335
2026-06-10 09:06:22+00:00,1.0,120.80000305175781,1.0,44.63524627685547,25.900239944458008,12.0,0.05370800569653511
2026-06-10 09:06:23+00:00,1.0,120.80000305175781,1.0,44.63524627685547,25.900239944458008,12.0,0.06667200475931168
2026-06-10 09:06:24+00:00,1.0,120.80000305175781,1.0,44.63525390625,25.900239944458008,12.0,0.12223199754953384
2026-06-10 09:06:25+00:00,1.0,121.5,1.0,44.63525390625,25.900239944458008,12.0,0.11852800846099854
2026-06-10 09:06:26+00:00,1.0,121.5,1.0,44.63525390625,25.900239944458008,12.0,0.11852800846099854
2026-06-10 09:06:27+00:00,1.0,121.5,1.0,44.63525390625,25.900239944458008,12.0,0.2815040051937103
2026-06-10 09:06:28+00:00,1.0,121.5,1.0,44.63525390625,25.900239944458008,12.0,0.09445200860500336
2026-06-10 09:06:29+00:00,1.0,121.5,1.0,44.63525390625,25.900239944458008,12.0,0.22594399750232697
2026-06-10 09:06:30+00:00,1.0,121.5,1.0,44.63525390625,25.900239944458008,12.0,0.22594399750232697
2026-06-10 09:06:31+00:00,1.0,121.5,1.0,44.63525390625,25.900239944458008,12.0,0.1814960092306137
2026-06-10 09:06:32+00:00,1.0,121.4000015258789,1.0,44.63525390625,25.900239944458008,12.0,0.11667600274085999
2026-06-10 09:06:33+00:00,1.0,121.19999694824219,1.0,44.63525390625,25.900239944458008,12.0,0.11667600274085999
2026-06-10 09:06:34+00:00,1.0,121.0999984741211,1.0,44.63525390625,25.900239944458008,12.0,0.11667600274085999
2026-06-10 09:06:35+00:00,1.0,120.9000015258789,1.0,44.63525390625,25.900236129760742,12.0,0.11667600274085999
2026-06-10 09:06:36+00:00,1.0,120.9000015258789,1.0,44.63525390625,25.900236129760742,12.0,0.11667600274085999
2026-06-10 09:06:37+00:00,1.0,120.80000305175781,1.0,44.63525390625,25.900236129760742,12.0,0.03148400038480759
2026-06-10 09:06:38+00:00,1.0,120.4000015258789,1.0,44.63525390625,25.900236129760742,12.0,0.0888960063457489
2026-06-10 09:06:39+00:00,1.0,120.4000015258789,1.0,44.63525390625,25.900236129760742,12.0,0.12038000673055649
2026-06-10 09:06:40+00:00,1.0,120.0999984741211,1.0,44.63525390625,25.900236129760742,12.0,0.10556400567293167
2026-06-10 09:06:41+00:00,1.0,120.0999984741211,1.0,44.63525390625,25.900236129760742,12.0,0.11112000793218613
2026-06-10 09:06:42+00:00,1.0,120.0999984741211,1.0,44.63525390625,25.900236129760742,12.0,0.09074800461530685
2026-06-10 09:06:43+00:00,1.0,120.0999984741211,1.0,44.63525390625,25.900236129760742,12.0,0.085192009806633
2026-06-10 09:06:44+00:00,1.0,120.0999984741211,1.0,44.63525390625,25.900232315063477,12.0,0.05556000396609306
2026-06-10 09:06:45+00:00,1.0,120.0999984741211,1.0,44.63525390625,25.900232315063477,12.0,0.11852800846099854
2026-06-10 09:06:46+00:00,1.0,120.0999984741211,1.0,44.63525390625,25.900232315063477,12.0,0.19075599312782288
2026-06-10 09:06:47+00:00,1.0,120.0999984741211,1.0,44.63525390625,25.900232315063477,12.0,0.024075999855995178
2026-06-10 09:06:48+00:00,1.0,120.0999984741211,1.0,44.63524627685547,25.900232315063477,12.0,0.21112799644470215
2026-06-10 09:06:49+00:00,1.0,120.0999984741211,1.0,44.63525390625,25.900232315063477,12.0,0.10371200740337372
2026-06-10 09:06:50+00:00,1.0,119.19999694824219,1.0,44.63525390625,25.900232315063477,12.0,0.029632002115249634
2026-06-10 09:06:51+00:00,1.0,119.19999694824219,1.0,44.63525390625,25.900232315063477,12.0,0.029632002115249634
2026-06-10 09:06:52+00:00,1.0,119.30000305175781,1.0,44.63525390625,25.900232315063477,12.0,0.06667200475931168
2026-06-10 09:06:53+00:00,1.0,119.4000015258789,1.0,44.63525390625,25.900232315063477,12.0,0.06667200475931168
2026-06-10 09:06:54+00:00,1.0,119.4000015258789,1.0,44.63525390625,25.900232315063477,12.0,0.06667200475931168
2026-06-10 09:06:55+00:00,1.0,119.5,1.0,44.63524627685547,25.900232315063477,12.0,0.01666800118982792
2026-06-10 09:06:56+00:00,1.0,119.5,1.0,44.63524627685547,25.900232315063477,12.0,0.01666800118982792
2026-06-10 09:06:57+00:00,1.0,119.5,1.0,44.63524627685547,25.900232315063477,12.0,0.01666800118982792
2026-06-10 09:06:58+00:00,1.0,119.5,1.0,44.63524627685547,25.900232315063477,12.0,0.01666800118982792
2026-06-10 09:06:59+00:00,1.0,119.5,1.0,44.63525390625,25.900232315063477,12.0,0.01666800118982792
2026-06-10 09:07:00+00:00,1.0,119.5,1.0,44.63525390625,25.900232315063477,12.0,0.05185599997639656
2026-06-10 09:07:01+00:00,1.0,119.69999694824219,1.0,44.63525390625,25.900232315063477,12.0,0.06111599877476692
2026-06-10 09:07:02+00:00,1.0,119.69999694824219,1.0,44.63525390625,25.900232315063477,12.0,0.2870599925518036
2026-06-10 09:07:03+00:00,1.0,119.80000305175781,1.0,44.63525390625,25.900232315063477,12.0,0.01852000132203102
2026-06-10 09:07:04+00:00,1.0,119.80000305175781,1.0,44.63525390625,25.900232315063477,12.0,0.18705201148986816
2026-06-10 09:07:05+00:00,1.0,119.80000305175781,1.0,44.63525390625,25.900232315063477,12.0,0.15742000937461853
2026-06-10 09:07:06+00:00,1.0,119.80000305175781,1.0,44.63525390625,25.900232315063477,12.0,0.13334400951862335
2026-06-10 09:07:07+00:00,1.0,119.80000305175781,1.0,44.63525390625,25.90022850036621,12.0,0.03148400038480759
2026-06-10 09:07:08+00:00,1.0,119.80000305175781,1.0,44.63525390625,25.90022850036621,12.0,0.022224001586437225
2026-06-10 09:07:09+00:00,1.0,120.69999694824219,1.0,44.63526153564453,25.90022850036621,12.0,0.022224001586437225
2026-06-10 09:07:10+00:00,1.0,120.9000015258789,1.0,44.63526153564453,25.90022850036621,12.0,0.022224001586437225
2026-06-10 09:07:11+00:00,1.0,121.0,1.0,44.63526153564453,25.900224685668945,12.0,0.0926000103354454
2026-06-10 09:07:12+00:00,1.0,121.0,1.0,44.63526153564453,25.900224685668945,12.0,0.0926000103354454
2026-06-10 09:07:13+00:00,1.0,121.4000015258789,1.0,44.63526153564453,25.900224685668945,12.0,0.0926000103354454
2026-06-10 09:07:14+00:00,1.0,121.5,1.0,44.63526153564453,25.900224685668945,12.0,0.0926000103354454
2026-06-10 09:07:15+00:00,1.0,121.5999984741211,1.0,44.63526153564453,25.900224685668945,12.0,0.06852400302886963
2026-06-10 09:07:16+00:00,1.0,121.69999694824219,1.0,44.63526916503906,25.900224685668945,12.0,0.06852400302886963
2026-06-10 09:07:17+00:00,1.0,121.80000305175781,1.0,44.63526916503906,25.900224685668945,12.0,0.10186000913381577
2026-06-10 09:07:18+00:00,1.0,122.0,1.0,44.63526916503906,25.900218963623047,12.0,0.011111999861896038
2026-06-10 09:07:19+00:00,1.0,122.0999984741211,1.0,44.63526916503906,25.900218963623047,12.0,0.011111999861896038
2026-06-10 09:07:20+00:00,1.0,122.30000305175781,1.0,44.63526916503906,25.900218963623047,12.0,0.011111999861896038
2026-06-10 09:07:21+00:00,1.0,122.4000015258789,1.0,44.63526916503906,25.900218963623047,12.0,0.06296800076961517
2026-06-10 09:07:22+00:00,1.0,122.5999984741211,1.0,44.63526916503906,25.900218963623047,12.0,0.05185599997639656
2026-06-10 09:07:23+00:00,1.0,122.5999984741211,1.0,44.63526916503906,25.900218963623047,12.0,0.10926800966262817
2026-06-10 09:07:24+00:00,1.0,122.5999984741211,1.0,44.63526916503906,25.900218963623047,12.0,0.10926800966262817
2026-06-10 09:07:25+00:00,1.0,122.5999984741211,1.0,44.635276794433594,25.90021514892578,12.0,0.05370800569653511
2026-06-10 09:07:26+00:00,1.0,122.5999984741211,1.0,44.635276794433594,25.90021514892578,12.0,0.05556000396609306
2026-06-10 09:07:27+00:00,1.0,122.5999984741211,1.0,44.635276794433594,25.90021514892578,12.0,0.2055720090866089
2026-06-10 09:07:28+00:00,1.0,122.5999984741211,1.0,44.635276794433594,25.90021514892578,12.0,0.06111599877476692
2026-06-10 09:07:29+00:00,1.0,123.69999694824219,1.0,44.635276794433594,25.90021514892578,12.0,0.048151999711990356
2026-06-10 09:07:30+00:00,1.0,123.80000305175781,1.0,44.635276794433594,25.90021514892578,12.0,0.05926400423049927
2026-06-10 09:07:31+00:00,1.0,123.80000305175781,1.0,44.635276794433594,25.90021514892578,12.0,0.05926400423049927
2026-06-10 09:07:32+00:00,1.0,124.0,1.0,44.635276794433594,25.90021514892578,12.0,0.05926400423049927
2026-06-10 09:07:33+00:00,1.0,124.0,1.0,44.635276794433594,25.90021514892578,12.0,0.05926400423049927
2026-06-10 09:07:34+00:00,1.0,124.19999694824219,1.0,44.635276794433594,25.90021514892578,12.0,0.08704400062561035
2026-06-10 09:07:35+00:00,1.0,124.19999694824219,1.0,44.635276794433594,25.90021514892578,12.0,0.08704400062561035
2026-06-10 09:07:36+00:00,1.0,124.4000015258789,1.0,44.63528823852539,25.90021514892578,12.0,0.08704400062561035
2026-06-10 09:07:37+00:00,1.0,124.5,1.0,44.63528823852539,25.90021514892578,12.0,0.07222799956798553
2026-06-10 09:07:38+00:00,1.0,124.5,1.0,44.63528823852539,25.900211334228516,12.0,0.07222799956798553
2026-06-10 09:07:39+00:00,1.0,124.5999984741211,1.0,44.63528823852539,25.900211334228516,12.0,0.07222799956798553
2026-06-10 09:07:40+00:00,1.0,124.5999984741211,1.0,44.63528823852539,25.900211334228516,12.0,0.12038000673055649
2026-06-10 09:07:41+00:00,1.0,124.69999694824219,1.0,44.63528823852539,25.900211334228516,12.0,0.024075999855995178
2026-06-10 09:07:42+00:00,1.0,124.80000305175781,1.0,44.63528823852539,25.900211334228516,12.0,0.024075999855995178
2026-06-10 09:07:43+00:00,1.0,124.80000305175781,1.0,44.63528823852539,25.900211334228516,12.0,0.06481999903917313
2026-06-10 09:07:44+00:00,1.0,124.80000305175781,1.0,44.63528823852539,25.900211334228516,12.0,0.02778000198304653
2026-06-10 09:07:45+00:00,1.0,124.9000015258789,1.0,44.63528823852539,25.900211334228516,12.0,0.01296399999409914
2026-06-10 09:07:46+00:00,1.0,125.0,1.0,44.63528823852539,25.900211334228516,12.0,0.12593600153923035
2026-06-10 09:07:47+00:00,1.0,125.0,1.0,44.63528823852539,25.900211334228516,12.0,0.04444800317287445
2026-06-10 09:07:48+00:00,1.0,125.0,1.0,44.63528823852539,25.900211334228516,12.0,0.06481999903917313
2026-06-10 09:07:49+00:00,1.0,125.0999984741211,1.0,44.63528823852539,25.900211334228516,12.0,0.038892004638910294
2026-06-10 09:07:50+00:00,1.0,125.0999984741211,1.0,44.63528823852539,25.900211334228516,12.0,0.038892004638910294
2026-06-10 09:07:51+00:00,1.0,125.0999984741211,1.0,44.63528823852539,25.900211334228516,12.0,0.07778400927782059
2026-06-10 09:07:52+00:00,1.0,125.30000305175781,1.0,44.63528823852539,25.900211334228516,12.0,0.07963600009679794
2026-06-10 09:07:53+00:00,1.0,125.30000305175781,1.0,44.63528823852539,25.900211334228516,12.0,0.03148400038480759
2026-06-10 09:07:54+00:00,1.0,125.30000305175781,1.0,44.63528823852539,25.900211334228516,12.0,0.03148400038480759
2026-06-10 09:07:55+00:00,1.0,125.30000305175781,1.0,44.63529586791992,25.900211334228516,12.0,0.03148400038480759
2026-06-10 09:07:56+00:00,1.0,125.5,1.0,44.63529586791992,25.900211334228516,12.0,0.040744002908468246
2026-06-10 09:07:57+00:00,1.0,125.5,1.0,44.63529586791992,25.900211334228516,12.0,0.040744002908468246
2026-06-10 09:07:58+00:00,1.0,125.5999984741211,1.0,44.63529586791992,25.900211334228516,12.0,0.040744002908468246
2026-06-10 09:07:59+00:00,1.0,125.69999694824219,1.0,44.63529586791992,25.900211334228516,12.0,0.10741601139307022
2026-06-10 09:08:00+00:00,1.0,125.80000305175781,1.0,44.63529586791992,25.900211334228516,12.0,0.10741601139307022
2026-06-10 09:08:01+00:00,1.0,125.69999694824219,1.0,44.63529586791992,25.900211334228516,12.0,0.10741601139307022
2026-06-10 09:08:02+00:00,1.0,125.69999694824219,1.0,44.63529586791992,25.900211334228516,12.0,0.10186000913381577
2026-06-10 09:08:03+00:00,1.0,125.80000305175781,1.0,44.63529586791992,25.900211334228516,12.0,0.050004005432128906
2026-06-10 09:08:04+00:00,1.0,125.9000015258789,1.0,44.63529586791992,25.900211334228516,12.0,0.050004005432128906
2026-06-10 09:08:05+00:00,1.0,125.9000015258789,1.0,44.63529586791992,25.900211334228516,12.0,0.024075999855995178
2026-06-10 09:08:06+00:00,1.0,126.0,1.0,44.63529586791992,25.900211334228516,12.0,0.11297199875116348
2026-06-10 09:08:07+00:00,1.0,126.0,1.0,44.63529586791992,25.900211334228516,12.0,0.12964001297950745
2026-06-10 09:08:08+00:00,1.0,126.0999984741211,1.0,44.63529586791992,25.90020751953125,12.0,0.01666800118982792
2026-06-10 09:08:09+00:00,1.0,126.19999694824219,1.0,44.63529586791992,25.90020751953125,12.0,0.050004005432128906
2026-06-10 09:08:10+00:00,1.0,126.0999984741211,1.0,44.63529586791992,25.90020751953125,12.0,0.26853999495506287
2026-06-10 09:08:11+00:00,1.0,126.19999694824219,1.0,44.63529586791992,25.90020751953125,12.0,0.1666800081729889
2026-06-10 09:08:12+00:00,1.0,126.19999694824219,1.0,44.63529586791992,25.90020751953125,12.0,0.005555999930948019
2026-06-10 09:08:13+00:00,1.0,126.19999694824219,1.0,44.63530349731445,25.90020751953125,12.0,0.05926400423049927
2026-06-10 09:08:14+00:00,1.0,126.19999694824219,1.0,44.63530349731445,25.90020751953125,12.0,0.1277880072593689
2026-06-10 09:08:15+00:00,1.0,126.19999694824219,1.0,44.63530349731445,25.90020751953125,12.0,0.1277880072593689
2026-06-10 09:08:16+00:00,1.0,126.19999694824219,1.0,44.63530349731445,25.900211334228516,12.0,0.09074800461530685
2026-06-10 09:08:17+00:00,1.0,126.19999694824219,1.0,44.63530349731445,25.900211334228516,12.0,0.011111999861896038
2026-06-10 09:08:18+00:00,1.0,126.5,1.0,44.63530349731445,25.900211334228516,12.0,0.011111999861896038
2026-06-10 09:08:19+00:00,1.0,126.5,1.0,44.63530349731445,25.900211334228516,12.0,0.011111999861896038
2026-06-10 09:08:20+00:00,1.0,126.5999984741211,1.0,44.63530349731445,25.900211334228516,12.0,0.1666800081729889
2026-06-10 09:08:21+00:00,1.0,126.5999984741211,1.0,44.63530349731445,25.900211334228516,12.0,0.1666800081729889
2026-06-10 09:08:22+00:00,1.0,126.5999984741211,1.0,44.63530349731445,25.900211334228516,12.0,0.022224001586437225
2026-06-10 09:08:23+00:00,1.0,126.69999694824219,1.0,44.63530349731445,25.900211334228516,12.0,0.022224001586437225
2026-06-10 09:08:24+00:00,1.0,126.69999694824219,1.0,44.63530349731445,25.900211334228516,12.0,0.10186000913381577
2026-06-10 09:08:25+00:00,1.0,126.5999984741211,1.0,44.63530349731445,25.900211334228516,12.0,0.0463000051677227
2026-06-10 09:08:26+00:00,1.0,126.69999694824219,1.0,44.63530349731445,25.90020751953125,12.0,0.050004005432128906
2026-06-10 09:08:27+00:00,1.0,126.69999694824219,1.0,44.63530349731445,25.90020751953125,12.0,0.050004005432128906
2026-06-10 09:08:28+00:00,1.0,126.69999694824219,1.0,44.63530349731445,25.90020751953125,12.0,0.06111599877476692
2026-06-10 09:08:29+00:00,1.0,126.69999694824219,1.0,44.63530349731445,25.90020751953125,12.0,0.06111599877476692
2026-06-10 09:08:30+00:00,1.0,126.69999694824219,1.0,44.63530349731445,25.90020751953125,12.0,0.2203880101442337
2026-06-10 09:08:31+00:00,1.0,126.69999694824219,1.0,44.63530349731445,25.90020751953125,12.0,0.040744002908468246
2026-06-10 09:08:32+00:00,1.0,126.80000305175781,1.0,44.63530349731445,25.90020751953125,12.0,0.1777919977903366
2026-06-10 09:08:33+00:00,1.0,126.80000305175781,1.0,44.63530349731445,25.90020751953125,12.0,0.085192009806633
2026-06-10 09:08:34+00:00,1.0,126.80000305175781,1.0,44.63529586791992,25.90020751953125,12.0,0.1351960152387619
2026-06-10 09:08:35+00:00,1.0,126.69999694824219,1.0,44.63529586791992,25.90020751953125,12.0,0.03518800064921379
2026-06-10 09:08:36+00:00,1.0,126.69999694824219,1.0,44.63529586791992,25.90020751953125,12.0,0.08334000408649445
2026-06-10 09:08:37+00:00,1.0,126.69999694824219,1.0,44.63529586791992,25.90020751953125,12.0,0.05185599997639656
2026-06-10 09:08:38+00:00,1.0,126.69999694824219,1.0,44.63529586791992,25.90020751953125,12.0,0.1277880072593689
2026-06-10 09:08:39+00:00,1.0,126.69999694824219,1.0,44.63529586791992,25.90020751953125,12.0,0.10556400567293167
2026-06-10 09:08:40+00:00,1.0,126.69999694824219,1.0,44.63529586791992,25.90020751953125,12.0,0.08704400062561035
2026-06-10 09:08:41+00:00,1.0,126.69999694824219,1.0,44.63529586791992,25.90020751953125,12.0,0.09445200860500336
2026-06-10 09:08:42+00:00,1.0,126.69999694824219,1.0,44.63529586791992,25.90020751953125,12.0,0.09445200860500336
2026-06-10 09:08:43+00:00,1.0,126.69999694824219,1.0,44.63529586791992,25.90020751953125,12.0,0.09445200860500336
2026-06-10 09:08:44+00:00,1.0,126.69999694824219,1.0,44.63529586791992,25.90020751953125,12.0,0.09445200860500336
2026-06-10 09:08:45+00:00,1.0,126.69999694824219,1.0,44.63529586791992,25.90020751953125,12.0,0.09445200860500336
2026-06-10 09:08:46+00:00,1.0,126.4000015258789,1.0,44.63529586791992,25.90020751953125,12.0,0.09445200860500336
2026-06-10 09:08:47+00:00,1.0,126.30000305175781,1.0,44.63529586791992,25.90020751953125,12.0,0.09445200860500336
2026-06-10 09:08:48+00:00,1.0,126.30000305175781,1.0,44.63529586791992,25.90020751953125,12.0,0.15371601283550262
2026-06-10 09:08:49+00:00,1.0,126.19999694824219,1.0,44.63529586791992,25.90020751953125,12.0,0.09815600514411926
2026-06-10 09:08:50+00:00,1.0,126.0999984741211,1.0,44.63529586791992,25.90020751953125,12.0,0.20001600682735443
2026-06-10 09:08:51+00:00,1.0,126.0999984741211,1.0,44.63529586791992,25.90020751953125,12.0,0.20001600682735443
2026-06-10 09:08:52+00:00,1.0,126.0,1.0,44.63529586791992,25.90020751953125,12.0,0.14075200259685516
2026-06-10 09:08:53+00:00,1.0,126.0,1.0,44.63529586791992,25.90020751953125,12.0,0.07222799956798553
2026-06-10 09:08:54+00:00,1.0,126.0,1.0,44.63529586791992,25.90020751953125,12.0,0.06852400302886963
2026-06-10 09:08:55+00:00,1.0,126.0,1.0,44.63529586791992,25.90020751953125,12.0,0.057412002235651016
2026-06-10 09:08:56+00:00,1.0,125.9000015258789,1.0,44.63529586791992,25.90020751953125,12.0,0.014816001057624817
2026-06-10 09:08:57+00:00,1.0,125.9000015258789,1.0,44.63529586791992,25.90020751953125,12.0,0.0888960063457489
2026-06-10 09:08:58+00:00,1.0,125.80000305175781,1.0,44.63529586791992,25.90020751953125,12.0,0.011111999861896038
2026-06-10 09:08:59+00:00,1.0,125.80000305175781,1.0,44.63529586791992,25.90020751953125,12.0,0.00926000066101551
2026-06-10 09:09:00+00:00,1.0,125.80000305175781,1.0,44.63529586791992,25.90020751953125,12.0,0.06481999903917313
2026-06-10 09:09:01+00:00,1.0,125.80000305175781,1.0,44.63528823852539,25.90020751953125,12.0,0.16853201389312744
2026-06-10 09:09:02+00:00,1.0,125.5999984741211,1.0,44.63528823852539,25.90020751953125,12.0,0.16853201389312744
2026-06-10 09:09:03+00:00,1.0,125.5999984741211,1.0,44.63528823852539,25.90020751953125,12.0,0.16853201389312744
2026-06-10 09:09:04+00:00,1.0,125.5999984741211,1.0,44.63528823852539,25.90020751953125,12.0,0.16853201389312744
2026-06-10 09:09:05+00:00,1.0,125.5999984741211,1.0,44.63528823852539,25.90020751953125,12.0,0.16853201389312744
2026-06-10 09:09:06+00:00,1.0,125.5999984741211,1.0,44.63528823852539,25.90020751953125,12.0,0.16853201389312744
2026-06-10 09:09:07+00:00,1.0,125.69999694824219,1.0,44.63529586791992,25.90020751953125,12.0,0.16853201389312744
2026-06-10 09:09:08+00:00,1.0,125.69999694824219,1.0,44.63529586791992,25.90020751953125,12.0,0.014816001057624817
2026-06-10 09:09:09+00:00,1.0,125.80000305175781,1.0,44.63529586791992,25.90020751953125,12.0,0.024075999855995178
2026-06-10 09:09:10+00:00,1.0,125.80000305175781,1.0,44.63529586791992,25.90020751953125,12.0,0.04444800317287445
2026-06-10 09:09:11+00:00,1.0,125.9000015258789,1.0,44.63529586791992,25.90020751953125,12.0,0.06481999903917313
2026-06-10 09:09:12+00:00,1.0,125.9000015258789,1.0,44.63529586791992,25.90020751953125,12.0,0.05926400423049927
2026-06-10 09:09:13+00:00,1.0,125.9000015258789,1.0,44.63529586791992,25.90020751953125,12.0,0.08334000408649445
2026-06-10 09:09:14+00:00,1.0,125.9000015258789,1.0,44.63529586791992,25.90020751953125,12.0,0.04444800317287445
2026-06-10 09:09:15+00:00,1.0,125.9000015258789,1.0,44.63529586791992,25.90020751953125,12.0,0.038892004638910294
2026-06-10 09:09:16+00:00,1.0,125.9000015258789,1.0,44.63529586791992,25.90020751953125,12.0,0.07593200355768204
2026-06-10 09:09:17+00:00,1.0,125.9000015258789,1.0,44.63529586791992,25.90020751953125,12.0,0.07593200355768204
2026-06-10 09:09:18+00:00,1.0,125.9000015258789,1.0,44.63529586791992,25.90020751953125,12.0,0.08704400062561035
2026-06-10 09:09:19+00:00,1.0,125.9000015258789,1.0,44.63529586791992,25.90020751953125,12.0,0.05926400423049927
2026-06-10 09:09:20+00:00,1.0,125.9000015258789,1.0,44.63529586791992,25.90020751953125,12.0,0.05926400423049927
2026-06-10 09:09:21+00:00,1.0,125.9000015258789,1.0,44.63529586791992,25.90020751953125,12.0,0.05926400423049927
2026-06-10 09:09:22+00:00,1.0,125.9000015258789,1.0,44.63529586791992,25.90020751953125,12.0,0.05926400423049927
2026-06-10 09:09:23+00:00,1.0,125.9000015258789,1.0,44.63529586791992,25.90020751953125,12.0,0.05926400423049927
2026-06-10 09:09:24+00:00,1.0,125.9000015258789,1.0,44.63529586791992,25.90020751953125,12.0,0.05926400423049927
2026-06-10 09:09:25+00:00,1.0,125.9000015258789,1.0,44.63529586791992,25.90020751953125,12.0,0.05926400423049927
2026-06-10 09:09:26+00:00,1.0,126.0999984741211,1.0,44.63529586791992,25.90020751953125,12.0,0.06852400302886963
2026-06-10 09:09:27+00:00,1.0,126.0999984741211,1.0,44.63529586791992,25.90020751953125,12.0,0.09074800461530685
2026-06-10 09:09:28+00:00,1.0,126.0,1.0,44.63529586791992,25.90020751953125,12.0,0.04444800317287445
2026-06-10 09:09:29+00:00,1.0,126.0,1.0,44.63529586791992,25.90020751953125,12.0,0.029632002115249634
2026-06-10 09:09:30+00:00,1.0,126.0,1.0,44.63529586791992,25.90020751953125,12.0,0.040744002908468246
2026-06-10 09:09:31+00:00,1.0,125.9000015258789,1.0,44.63529586791992,25.90020751953125,12.0,0.03333600237965584
2026-06-10 09:09:32+00:00,1.0,125.9000015258789,1.0,44.63529586791992,25.90020751953125,12.0,0.020372001454234123
2026-06-10 09:09:33+00:00,1.0,125.9000015258789,1.0,44.63529586791992,25.90020751953125,12.0,0.09445200860500336
2026-06-10 09:09:34+00:00,1.0,125.9000015258789,1.0,44.63529586791992,25.90020751953125,12.0,0.03333600237965584
2026-06-10 09:09:35+00:00,1.0,125.9000015258789,1.0,44.63529586791992,25.90020751953125,12.0,0.10000801086425781
2026-06-10 09:09:36+00:00,1.0,125.9000015258789,1.0,44.63529586791992,25.90020751953125,12.0,0.0926000103354454
2026-06-10 09:09:37+00:00,1.0,125.9000015258789,1.0,44.63529586791992,25.90020751953125,12.0,0.06111599877476692
2026-06-10 09:09:38+00:00,1.0,125.9000015258789,1.0,44.63529586791992,25.90020751953125,12.0,0.06111599877476692
2026-06-10 09:09:39+00:00,1.0,125.9000015258789,1.0,44.63530349731445,25.90020751953125,12.0,0.10371200740337372
2026-06-10 09:09:40+00:00,1.0,125.9000015258789,1.0,44.63530349731445,25.90020751953125,12.0,0.10371200740337372
2026-06-10 09:09:41+00:00,1.0,2.018587253441471e-39,1.0,44.63530349731445,25.90020751953125,12.0,0.10371200740337372
2026-06-10 09:09:42+00:00,1.0,126.0,1.0,44.63530349731445,25.90020751953125,12.0,0.07963600009679794
2026-06-10 09:09:43+00:00,1.0,126.0,1.0,44.63530349731445,25.90020751953125,12.0,0.07963600009679794
2026-06-10 09:09:44+00:00,1.0,126.0,1.0,44.63530349731445,25.90020751953125,12.0,0.07963600009679794
2026-06-10 09:09:45+00:00,1.0,126.0,1.0,44.63530349731445,25.90020751953125,12.0,0.0463000051677227
2026-06-10 09:09:46+00:00,1.0,126.0,1.0,44.63530349731445,25.90020751953125,12.0,0.0463000051677227
2026-06-10 09:09:47+00:00,1.0,126.0999984741211,1.0,44.63530349731445,25.90020751953125,12.0,0.0463000051677227
2026-06-10 09:09:48+00:00,1.0,126.0999984741211,1.0,44.63530349731445,25.90020751953125,12.0,0.03518800064921379
2026-06-10 09:09:49+00:00,1.0,126.0999984741211,1.0,44.63530349731445,25.90020751953125,12.0,0.048151999711990356
2026-06-10 09:09:50+00:00,1.0,126.0999984741211,1.0,44.63530349731445,25.90020751953125,12.0,0.02778000198304653
2026-06-10 09:09:51+00:00,1.0,126.0999984741211,1.0,44.63530349731445,25.90020751953125,12.0,0.10000801086425781
2026-06-10 09:09:52+00:00,1.0,126.0999984741211,1.0,44.63530349731445,25.90020751953125,12.0,0.029632002115249634
2026-06-10 09:09:53+00:00,1.0,126.0999984741211,1.0,44.63530349731445,25.90020751953125,12.0,0.05370800569653511
2026-06-10 09:09:54+00:00,1.0,126.0999984741211,1.0,44.63530349731445,25.90020751953125,12.0,0.0018520001322031021
2026-06-10 09:09:55+00:00,1.0,126.0999984741211,1.0,44.63530349731445,25.90020751953125,12.0,0.07037600129842758
2026-06-10 09:09:56+00:00,1.0,126.0999984741211,1.0,44.63530349731445,25.90020751953125,12.0,0.03704000264406204
2026-06-10 09:09:57+00:00,1.0,126.0999984741211,1.0,44.63530349731445,25.90020751953125,12.0,0.050004005432128906
2026-06-10 09:09:58+00:00,1.0,126.0999984741211,1.0,44.63530349731445,25.90020751953125,12.0,0.06852400302886963
2026-06-10 09:09:59+00:00,1.0,126.0999984741211,1.0,44.63530349731445,25.90020751953125,12.0,0.03704000264406204
2026-06-10 09:10:00+00:00,1.0,126.0999984741211,1.0,44.63530349731445,25.90020751953125,12.0,0.07963600009679794
2026-06-10 09:10:01+00:00,1.0,126.0999984741211,1.0,44.63530349731445,25.90020751953125,12.0,0.26483601331710815
2026-06-10 09:10:02+00:00,1.0,126.0999984741211,1.0,44.63530349731445,25.90020751953125,12.0,0.26483601331710815
2026-06-10 09:10:03+00:00,1.0,126.0999984741211,1.0,44.63530349731445,25.90020751953125,12.0,0.26483601331710815
2026-06-10 09:10:04+00:00,1.0,126.0999984741211,1.0,44.63530349731445,25.90020751953125,12.0,0.2055720090866089
2026-06-10 09:10:05+00:00,1.0,126.4000015258789,1.0,44.63530349731445,25.90020751953125,12.0,0.11297199875116348
2026-06-10 09:10:06+00:00,1.0,126.4000015258789,1.0,44.63530349731445,25.90020751953125,12.0,0.011111999861896038
2026-06-10 09:10:07+00:00,1.0,126.4000015258789,1.0,44.63530349731445,25.90020751953125,12.0,0.011111999861896038
2026-06-10 09:10:08+00:00,1.0,126.4000015258789,1.0,44.63530349731445,25.90020751953125,12.0,0.057412002235651016
2026-06-10 09:10:09+00:00,1.0,126.4000015258789,1.0,44.63530349731445,25.90020751953125,12.0,0.01296399999409914
2026-06-10 09:10:10+00:00,1.0,2.872661851865875e-43,1.0,44.63530349731445,25.90020751953125,12.0,0.01296399999409914
2026-06-10 09:10:11+00:00,1.0,126.4000015258789,1.0,44.63530349731445,25.90020751953125,12.0,0.01852000132203102
2026-06-10 09:10:12+00:00,1.0,126.4000015258789,1.0,44.63530349731445,25.90020751953125,12.0,0.01852000132203102
2026-06-10 09:10:13+00:00,1.0,126.4000015258789,1.0,44.63530349731445,25.90020751953125,12.0,0.01852000132203102
2026-06-10 09:10:14+00:00,1.0,126.5,1.0,44.63529586791992,25.90020751953125,12.0,0.01852000132203102
2026-06-10 09:10:15+00:00,1.0,126.5,1.0,44.63529586791992,25.90020751953125,12.0,0.06481999903917313
2026-06-10 09:10:16+00:00,1.0,126.5,1.0,44.63529586791992,25.900203704833984,12.0,0.048151999711990356
2026-06-10 09:10:17+00:00,1.0,126.5,1.0,44.63529586791992,25.900203704833984,12.0,0.024075999855995178
2026-06-10 09:10:18+00:00,1.0,126.5,1.0,44.63529586791992,25.900203704833984,12.0,0.029632002115249634
2026-06-10 09:10:19+00:00,1.0,126.5999984741211,1.0,44.63529586791992,25.900203704833984,12.0,0.05370800569653511
2026-06-10 09:10:20+00:00,1.0,126.5999984741211,1.0,44.63529586791992,25.900203704833984,12.0,0.02592799998819828
2026-06-10 09:10:21+00:00,1.0,126.5999984741211,1.0,44.63529586791992,25.900203704833984,12.0,0.048151999711990356
2026-06-10 09:10:22+00:00,1.0,126.5999984741211,1.0,44.63529586791992,25.900203704833984,12.0,0.048151999711990356
2026-06-10 09:10:23+00:00,1.0,126.5999984741211,1.0,44.63529586791992,25.900203704833984,12.0,0.05556000396609306
2026-06-10 09:10:24+00:00,1.0,126.5999984741211,1.0,44.63529586791992,25.900203704833984,12.0,0.05556000396609306
2026-06-10 09:10:25+00:00,1.0,126.5999984741211,1.0,44.63529586791992,25.900203704833984,12.0,0.040744002908468246
2026-06-10 09:10:26+00:00,1.0,126.5999984741211,1.0,44.63529586791992,25.900203704833984,12.0,0.01296399999409914
2026-06-10 09:10:27+00:00,1.0,126.5999984741211,1.0,44.63529586791992,25.900203704833984,12.0,0.01296399999409914
2026-06-10 09:10:28+00:00,1.0,126.5999984741211,1.0,44.63529586791992,25.900203704833984,12.0,0.01296399999409914
2026-06-10 09:10:29+00:00,1.0,126.5999984741211,1.0,44.63529586791992,25.900203704833984,12.0,0.02592799998819828
2026-06-10 09:10:30+00:00,1.0,126.5999984741211,1.0,44.63529586791992,25.900203704833984,12.0,0.0425960049033165
2026-06-10 09:10:31+00:00,1.0,126.5999984741211,1.0,44.63529586791992,25.900203704833984,12.0,0.0425960049033165
2026-06-10 09:10:32+00:00,1.0,126.5999984741211,1.0,44.63529586791992,25.900203704833984,12.0,0.0425960049033165
2026-06-10 09:10:33+00:00,1.0,126.5999984741211,1.0,44.63529586791992,25.900203704833984,12.0,0.0425960049033165
2026-06-10 09:10:34+00:00,1.0,126.5999984741211,1.0,44.63529586791992,25.900203704833984,12.0,0.0425960049033165
2026-06-10 09:10:35+00:00,1.0,126.5999984741211,1.0,44.63529586791992,25.900203704833984,12.0,0.0425960049033165
2026-06-10 09:10:36+00:00,1.0,126.5999984741211,1.0,44.63529586791992,25.90020751953125,12.0,0.0425960049033165
2026-06-10 09:10:37+00:00,1.0,126.5999984741211,1.0,44.63529586791992,25.90020751953125,12.0,0.0018520001322031021
2026-06-10 09:10:38+00:00,1.0,126.5999984741211,1.0,44.63529586791992,25.90020751953125,12.0,0.0018520001322031021
2026-06-10 09:10:39+00:00,1.0,126.5999984741211,1.0,44.63529586791992,25.90020751953125,12.0,0.0018520001322031021
2026-06-10 09:10:40+00:00,1.0,126.5999984741211,1.0,44.63528823852539,25.90020751953125,12.0,0.0018520001322031021
2026-06-10 09:10:41+00:00,1.0,126.5999984741211,1.0,44.63528823852539,25.90020751953125,12.0,0.04444800317287445
2026-06-10 09:10:42+00:00,1.0,126.5,1.0,44.63528823852539,25.90020751953125,12.0,0.12964001297950745
2026-06-10 09:10:43+00:00,1.0,126.5,1.0,44.63528823852539,25.90020751953125,12.0,0.10556400567293167
2026-06-10 09:10:44+00:00,1.0,126.5,1.0,44.63528823852539,25.90020751953125,12.0,0.05185599997639656
2026-06-10 09:10:45+00:00,1.0,126.5,1.0,44.63528823852539,25.90020751953125,12.0,0.057412002235651016
2026-06-10 09:10:46+00:00,1.0,126.5,1.0,44.63528823852539,25.90020751953125,12.0,0.057412002235651016
2026-06-10 09:10:47+00:00,1.0,126.5,1.0,44.63528823852539,25.90020751953125,12.0,0.04444800317287445
2026-06-10 09:10:48+00:00,1.0,126.5,1.0,44.63528823852539,25.90020751953125,12.0,0.04444800317287445
2026-06-10 09:10:49+00:00,1.0,126.5,1.0,44.63528823852539,25.90020751953125,12.0,0.04444800317287445
2026-06-10 09:10:50+00:00,1.0,126.5,1.0,44.63528823852539,25.90020751953125,12.0,0.05926400423049927
2026-06-10 09:10:52+00:00,1.0,126.5,1.0,44.63528823852539,25.90020751953125,12.0,0.02778000198304653
2026-06-10 09:10:53+00:00,1.0,126.5,1.0,44.63528823852539,25.90020751953125,12.0,0.04444800317287445
2026-06-10 09:10:54+00:00,1.0,126.5,1.0,44.63528823852539,25.90020751953125,12.0,0.04444800317287445
2026-06-10 09:10:55+00:00,1.0,126.4000015258789,1.0,44.63528823852539,25.90020751953125,12.0,0.04444800317287445
2026-06-10 09:10:56+00:00,1.0,126.4000015258789,1.0,44.63528823852539,25.90020751953125,12.0,0.05926400423049927
2026-06-10 09:10:57+00:00,1.0,126.4000015258789,1.0,44.63528823852539,25.90020751953125,12.0,0.05926400423049927
2026-06-10 09:10:58+00:00,1.0,126.4000015258789,1.0,44.63528823852539,25.90020751953125,12.0,0.05926400423049927
2026-06-10 09:10:59+00:00,1.0,126.4000015258789,1.0,44.63528823852539,25.90020751953125,12.0,0.05926400423049927
2026-06-10 09:11:00+00:00,1.0,126.4000015258789,1.0,44.635276794433594,25.900211334228516,12.0,0.05926400423049927
2026-06-10 09:11:01+00:00,1.0,126.4000015258789,1.0,44.635276794433594,25.900211334228516,12.0,0.07778400927782059
2026-06-10 09:11:02+00:00,1.0,126.4000015258789,1.0,44.635276794433594,25.900211334228516,12.0,0.07778400927782059
2026-06-10 09:11:03+00:00,1.0,126.4000015258789,1.0,44.635276794433594,25.900211334228516,12.0,0.05556000396609306
2026-06-10 09:11:04+00:00,1.0,126.4000015258789,1.0,44.63500213623047,25.90021514892578,12.0,0.05556000396609306
2026-06-10 09:11:05+00:00,1.0,126.4000015258789,1.0,44.635276794433594,25.90021514892578,12.0,0.06852400302886963
2026-06-10 09:11:06+00:00,1.0,126.4000015258789,1.0,44.635276794433594,25.90021514892578,12.0,0.07593200355768204
2026-06-10 09:11:07+00:00,1.0,126.4000015258789,1.0,44.635276794433594,25.90021514892578,12.0,0.21112799644470215
2026-06-10 09:11:08+00:00,1.0,126.4000015258789,1.0,44.635276794433594,25.90021514892578,12.0,0.040744002908468246
2026-06-10 09:11:09+00:00,1.0,126.4000015258789,1.0,44.635276794433594,25.90021514892578,12.0,0.02778000198304653
2026-06-10 09:11:10+00:00,1.0,126.30000305175781,1.0,44.635276794433594,25.90021514892578,12.0,0.03704000264406204
2026-06-10 09:11:11+00:00,1.0,126.30000305175781,1.0,44.635276794433594,25.90021514892578,12.0,0.11297199875116348
2026-06-10 09:11:12+00:00,1.0,126.30000305175781,1.0,44.635276794433594,25.90021514892578,12.0,0.11297199875116348
2026-06-10 09:11:13+00:00,1.0,126.30000305175781,1.0,44.635276794433594,25.90021514892578,12.0,0.11297199875116348
2026-06-10 09:11:14+00:00,1.0,126.30000305175781,1.0,44.635276794433594,25.90021514892578,12.0,0.11297199875116348
2026-06-10 09:11:15+00:00,1.0,126.30000305175781,1.0,44.635276794433594,25.90021514892578,12.0,0.040744002908468246
2026-06-10 09:11:16+00:00,1.0,126.30000305175781,1.0,44.635276794433594,25.90021514892578,12.0,0.040744002908468246
2026-06-10 09:11:17+00:00,1.0,126.30000305175781,1.0,44.635276794433594,25.90021514892578,12.0,0.040744002908468246
2026-06-10 09:11:18+00:00,1.0,126.30000305175781,1.0,44.635276794433594,25.90021514892578,12.0,0.07593200355768204
2026-06-10 09:11:19+00:00,1.0,126.19999694824219,1.0,44.635276794433594,25.90021514892578,12.0,0.03333600237965584
2026-06-10 09:11:20+00:00,1.0,126.30000305175781,1.0,44.635276794433594,25.90021514892578,12.0,0.0463000051677227
2026-06-10 09:11:21+00:00,1.0,126.30000305175781,1.0,44.635276794433594,25.90021514892578,12.0,0.020372001454234123
2026-06-10 09:11:22+00:00,1.0,126.30000305175781,1.0,44.635276794433594,25.90021514892578,12.0,0.03518800064921379
2026-06-10 09:11:23+00:00,1.0,126.30000305175781,1.0,44.635276794433594,25.90021514892578,12.0,0.01296399999409914
2026-06-10 09:11:24+00:00,1.0,126.30000305175781,1.0,44.635276794433594,25.90021514892578,12.0,0.01296399999409914
2026-06-10 09:11:25+00:00,1.0,126.30000305175781,1.0,44.635276794433594,25.90021514892578,12.0,0.05185599997639656
2026-06-10 09:11:26+00:00,1.0,126.30000305175781,1.0,44.635276794433594,25.90021514892578,12.0,0.05185599997639656
2026-06-10 09:11:27+00:00,1.0,126.30000305175781,1.0,44.635276794433594,25.90021514892578,12.0,0.07222799956798553
2026-06-10 09:11:28+00:00,1.0,126.30000305175781,1.0,44.635276794433594,25.90021514892578,12.0,0.05185599997639656
2026-06-10 09:11:29+00:00,1.0,126.4000015258789,1.0,44.635276794433594,25.90021514892578,12.0,0.05185599997639656
2026-06-10 09:11:30+00:00,1.0,126.4000015258789,1.0,44.635276794433594,25.90021514892578,12.0,0.02592799998819828
2026-06-10 09:11:31+00:00,1.0,126.4000015258789,1.0,44.635276794433594,25.90021514892578,12.0,0.0425960049033165
2026-06-10 09:11:32+00:00,1.0,126.4000015258789,1.0,44.635276794433594,25.90021514892578,12.0,0.07593200355768204
2026-06-10 09:11:33+00:00,1.0,126.4000015258789,1.0,44.635276794433594,25.90021514892578,12.0,0.09445200860500336
2026-06-10 09:11:34+00:00,1.0,126.4000015258789,1.0,44.635276794433594,25.90021514892578,12.0,0.03148400038480759
2026-06-10 09:11:35+00:00,1.0,126.4000015258789,1.0,44.635276794433594,25.90021514892578,12.0,0.029632002115249634
2026-06-10 09:11:36+00:00,1.0,126.5,1.0,44.635276794433594,25.90021514892578,12.0,0.08334000408649445
2026-06-10 09:11:37+00:00,1.0,126.5,1.0,44.635276794433594,25.90021514892578,12.0,0.09445200860500336
2026-06-10 09:11:38+00:00,1.0,126.5999984741211,1.0,44.635276794433594,25.90021514892578,12.0,0.09445200860500336
2026-06-10 09:11:39+00:00,1.0,126.5999984741211,1.0,44.635276794433594,25.90021514892578,12.0,0.01666800118982792
2026-06-10 09:11:41+00:00,1.0,126.5999984741211,1.0,44.635276794433594,25.90021514892578,12.0,0.03333600237965584
2026-06-10 09:11:42+00:00,1.0,126.5999984741211,1.0,44.635276794433594,25.90021514892578,12.0,0.09445200860500336
2026-06-10 09:11:43+00:00,1.0,126.69999694824219,1.0,44.635276794433594,25.90021514892578,12.0,0.09445200860500336
2026-06-10 09:11:44+00:00,1.0,126.69999694824219,1.0,44.635276794433594,25.90021514892578,12.0,0.024075999855995178
2026-06-10 09:11:45+00:00,1.0,126.80000305175781,1.0,44.635276794433594,25.90021514892578,12.0,0.024075999855995178
2026-06-10 09:11:46+00:00,1.0,126.80000305175781,1.0,44.635276794433594,25.90021514892578,12.0,0.020372001454234123
2026-06-10 09:11:47+00:00,1.0,126.80000305175781,1.0,44.635276794433594,25.90021514892578,12.0,0.09630400687456131
2026-06-10 09:11:48+00:00,1.0,126.80000305175781,1.0,44.635276794433594,25.90021514892578,12.0,0.09630400687456131
2026-06-10 09:11:49+00:00,1.0,126.80000305175781,1.0,44.635276794433594,25.90021514892578,12.0,0.07778400927782059
2026-06-10 09:11:50+00:00,1.0,126.80000305175781,1.0,44.635276794433594,25.90021514892578,12.0,0.057412002235651016
2026-06-10 09:11:51+00:00,1.0,126.9000015258789,1.0,44.635276794433594,25.90021514892578,12.0,0.0926000103354454
2026-06-10 09:11:52+00:00,1.0,126.9000015258789,1.0,44.635276794433594,25.90021514892578,12.0,0.0888960063457489
2026-06-10 09:11:53+00:00,1.0,126.9000015258789,1.0,44.635276794433594,25.90021514892578,12.0,0.048151999711990356
2026-06-10 09:11:54+00:00,1.0,127.0,1.0,44.635276794433594,25.90021514892578,12.0,0.10000801086425781
2026-06-10 09:11:55+00:00,1.0,127.0,1.0,44.635276794433594,25.90021514892578,12.0,0.07408000528812408
2026-06-10 09:11:56+00:00,1.0,127.0999984741211,1.0,44.635276794433594,25.90021514892578,12.0,0.07408000528812408
2026-06-10 09:11:57+00:00,1.0,127.0999984741211,1.0,44.635276794433594,25.90021514892578,12.0,0.03704000264406204
2026-06-10 09:11:58+00:00,1.0,127.0999984741211,1.0,44.635276794433594,25.90021514892578,12.0,0.01666800118982792
2026-06-10 09:11:59+00:00,1.0,127.0999984741211,1.0,44.635276794433594,25.90021514892578,12.0,0.01666800118982792
2026-06-10 09:12:00+00:00,1.0,127.0999984741211,1.0,44.635276794433594,25.90021514892578,12.0,0.029632002115249634
2026-06-10 09:12:01+00:00,1.0,127.0999984741211,1.0,44.635276794433594,25.90021514892578,12.0,0.00926000066101551
2026-06-10 09:12:02+00:00,1.0,127.0999984741211,1.0,44.635276794433594,25.90021514892578,12.0,0.00926000066101551
2026-06-10 09:12:03+00:00,1.0,127.0999984741211,1.0,44.635276794433594,25.90021514892578,12.0,0.00926000066101551
2026-06-10 09:12:04+00:00,1.0,127.19999694824219,1.0,44.63526916503906,25.90021514892578,12.0,0.00926000066101551
2026-06-10 09:12:05+00:00,1.0,127.19999694824219,1.0,0.3426171541213989,127.19999694824219,12.0,0.34262001514434814
2026-06-10 09:12:06+00:00,1.0,127.19999694824219,1.0,44.63526916503906,25.90021514892578,12.0,0.34262001514434814
2026-06-10 09:12:07+00:00,1.0,127.19999694824219,1.0,44.63526916503906,25.90021514892578,12.0,0.34262001514434814
2026-06-10 09:12:08+00:00,1.0,127.19999694824219,1.0,44.63526916503906,25.90021514892578,12.0,0.34262001514434814
2026-06-10 09:12:09+00:00,1.0,127.19999694824219,1.0,44.63526916503906,25.90021514892578,12.0,0.34262001514434814
2026-06-10 09:12:10+00:00,1.0,127.19999694824219,1.0,44.63526916503906,25.900218963623047,12.0,0.0425960049033165
2026-06-10 09:12:11+00:00,1.0,127.19999694824219,1.0,44.63526916503906,25.90021514892578,12.0,0.05370800569653511
2026-06-10 09:12:12+00:00,1.0,127.19999694824219,1.0,44.63526916503906,25.900218963623047,12.0,0.06667200475931168
2026-06-10 09:12:13+00:00,1.0,127.19999694824219,1.0,44.63526916503906,25.900218963623047,12.0,0.03704000264406204
2026-06-10 09:12:14+00:00,1.0,127.19999694824219,1.0,44.63526916503906,25.900218963623047,12.0,0.07593200355768204
2026-06-10 09:12:15+00:00,1.0,127.19999694824219,1.0,44.63526916503906,25.900218963623047,12.0,0.03704000264406204
2026-06-10 09:12:16+00:00,1.0,127.30000305175781,1.0,44.63526916503906,25.900218963623047,12.0,0.057412002235651016
2026-06-10 09:12:17+00:00,1.0,127.30000305175781,1.0,44.63526916503906,25.900218963623047,12.0,0.09630400687456131
2026-06-10 09:12:18+00:00,1.0,127.30000305175781,1.0,44.63526916503906,25.900218963623047,12.0,0.02592799998819828
2026-06-10 09:12:19+00:00,1.0,127.30000305175781,1.0,44.63526916503906,25.900218963623047,12.0,0.06111599877476692
2026-06-10 09:12:20+00:00,1.0,127.30000305175781,1.0,44.63526916503906,25.900218963623047,12.0,0.06111599877476692
2026-06-10 09:12:21+00:00,1.0,127.30000305175781,1.0,44.63526153564453,25.900218963623047,12.0,0.08334000408649445
2026-06-10 09:12:22+00:00,1.0,127.30000305175781,1.0,44.63526153564453,25.900218963623047,12.0,0.08334000408649445
2026-06-10 09:12:23+00:00,1.0,127.30000305175781,1.0,44.63526153564453,25.900218963623047,12.0,0.022224001586437225
2026-06-10 09:12:24+00:00,1.0,127.30000305175781,1.0,44.63526153564453,25.900218963623047,12.0,0.08704400062561035
2026-06-10 09:12:25+00:00,1.0,127.30000305175781,1.0,44.63526153564453,25.900218963623047,12.0,0.08704400062561035
2026-06-10 09:12:26+00:00,1.0,127.19999694824219,1.0,44.63526153564453,25.900218963623047,12.0,0.08704400062561035
2026-06-10 09:12:27+00:00,1.0,127.19999694824219,1.0,44.63526153564453,25.900218963623047,12.0,0.011111999861896038
2026-06-10 09:12:28+00:00,1.0,127.19999694824219,1.0,44.63526153564453,25.900218963623047,12.0,0.011111999861896038
2026-06-10 09:12:29+00:00,1.0,127.19999694824219,1.0,44.63526153564453,25.900218963623047,12.0,0.06852400302886963
2026-06-10 09:12:30+00:00,1.0,127.19999694824219,1.0,44.63526153564453,25.900218963623047,12.0,0.03148400038480759
2026-06-10 09:12:31+00:00,1.0,127.19999694824219,1.0,44.63526153564453,25.900218963623047,12.0,0.03148400038480759
2026-06-10 09:12:32+00:00,1.0,127.19999694824219,1.0,44.63526153564453,25.900218963623047,12.0,0.022224001586437225
2026-06-10 09:12:33+00:00,1.0,127.19999694824219,1.0,44.63525390625,25.900218963623047,12.0,0.06481999903917313
2026-06-10 09:12:34+00:00,1.0,127.19999694824219,1.0,44.63525390625,25.900218963623047,12.0,0.05185599997639656
2026-06-10 09:12:35+00:00,1.0,127.19999694824219,1.0,44.63525390625,25.900218963623047,12.0,0.05185599997639656
2026-06-10 09:12:36+00:00,1.0,127.19999694824219,1.0,44.63525390625,25.900218963623047,12.0,0.07408000528812408
2026-06-10 09:12:37+00:00,1.0,127.19999694824219,1.0,44.63525390625,25.900218963623047,12.0,0.07408000528812408
2026-06-10 09:12:38+00:00,1.0,127.19999694824219,1.0,44.63525390625,25.900218963623047,12.0,0.1777919977903366
2026-06-10 09:12:39+00:00,1.0,127.19999694824219,1.0,44.63525390625,25.900218963623047,12.0,0.1777919977903366
2026-06-10 09:12:40+00:00,1.0,127.19999694824219,1.0,44.63525390625,25.900218963623047,12.0,0.02778000198304653
2026-06-10 09:12:41+00:00,1.0,127.19999694824219,1.0,44.63525390625,25.900218963623047,12.0,0.10000801086425781
2026-06-10 09:12:42+00:00,1.0,127.0999984741211,1.0,44.63525390625,25.900218963623047,12.0,0.08704400062561035
2026-06-10 09:12:43+00:00,1.0,127.0999984741211,1.0,44.63525390625,25.900218963623047,12.0,0.00926000066101551
2026-06-10 09:12:44+00:00,1.0,127.0999984741211,1.0,44.63525390625,25.900218963623047,12.0,0.05926400423049927
2026-06-10 09:12:45+00:00,1.0,127.0999984741211,1.0,44.63525390625,25.900218963623047,12.0,0.02778000198304653
2026-06-10 09:12:46+00:00,1.0,127.0999984741211,1.0,44.63525390625,25.900218963623047,12.0,0.050004005432128906
2026-06-10 09:12:47+00:00,1.0,127.0999984741211,1.0,44.63525390625,25.900218963623047,12.0,0.03148400038480759
2026-06-10 09:12:48+00:00,1.0,127.0999984741211,1.0,44.63525390625,25.900218963623047,12.0,0.03148400038480759
2026-06-10 09:12:49+00:00,1.0,127.0999984741211,1.0,44.63525390625,25.900218963623047,12.0,0.03148400038480759
2026-06-10 09:12:50+00:00,1.0,127.0999984741211,1.0,44.63525390625,25.900218963623047,12.0,0.12964001297950745
2026-06-10 09:12:51+00:00,1.0,127.0999984741211,1.0,44.63525390625,25.900218963623047,12.0,0.12964001297950745
2026-06-10 09:12:52+00:00,1.0,127.19999694824219,1.0,44.63525390625,25.900218963623047,12.0,0.05926400423049927
2026-06-10 09:12:53+00:00,1.0,127.19999694824219,1.0,44.63525390625,25.900218963623047,12.0,0.07222799956798553
2026-06-10 09:12:54+00:00,1.0,127.19999694824219,1.0,44.63525390625,25.900218963623047,12.0,0.050004005432128906
2026-06-10 09:12:55+00:00,1.0,127.30000305175781,1.0,44.63525390625,25.900218963623047,12.0,0.07222799956798553
2026-06-10 09:12:56+00:00,1.0,127.30000305175781,1.0,44.63525390625,25.900218963623047,12.0,0.01666800118982792
2026-06-10 09:12:57+00:00,1.0,127.30000305175781,1.0,44.63525390625,25.900218963623047,12.0,0.01666800118982792
2026-06-10 09:12:58+00:00,1.0,127.30000305175781,1.0,44.63525390625,25.900218963623047,12.0,0.0425960049033165
2026-06-10 09:12:59+00:00,1.0,127.4000015258789,1.0,44.63525390625,25.900218963623047,12.0,0.06667200475931168
2026-06-10 09:13:00+00:00,1.0,127.4000015258789,1.0,44.63525390625,25.900218963623047,12.0,0.07593200355768204
2026-06-10 09:13:01+00:00,1.0,127.5,1.0,44.63525390625,25.900218963623047,12.0,0.024075999855995178
2026-06-10 09:13:02+00:00,1.0,127.5,1.0,44.63525390625,25.900218963623047,12.0,0.09630400687456131
2026-06-10 09:13:03+00:00,1.0,127.5,1.0,44.63525390625,25.900218963623047,12.0,0.09630400687456131
2026-06-10 09:13:04+00:00,1.0,127.5,1.0,44.63525390625,25.900218963623047,12.0,0.0926000103354454
2026-06-10 09:13:05+00:00,1.0,127.5,1.0,44.63525390625,25.900218963623047,12.0,0.0926000103354454
2026-06-10 09:13:06+00:00,1.0,127.5999984741211,1.0,44.63525390625,25.900218963623047,12.0,0.050004005432128906
2026-06-10 09:13:07+00:00,1.0,127.69999694824219,1.0,44.63525390625,25.900218963623047,12.0,0.10926800966262817
2026-06-10 09:13:08+00:00,1.0,127.69999694824219,1.0,44.63525390625,25.900218963623047,12.0,0.11852800846099854
2026-06-10 09:13:09+00:00,1.0,127.69999694824219,1.0,44.63525390625,25.900218963623047,12.0,0.11852800846099854
2026-06-10 09:13:10+00:00,1.0,127.69999694824219,1.0,44.63525390625,25.90021514892578,12.0,0.0888960063457489
2026-06-10 09:13:11+00:00,1.0,127.69999694824219,1.0,44.63525390625,25.90021514892578,12.0,0.0888960063457489
2026-06-10 09:13:12+00:00,1.0,127.69999694824219,1.0,44.63525390625,25.90021514892578,12.0,0.0888960063457489
2026-06-10 09:13:13+00:00,1.0,127.69999694824219,1.0,44.63525390625,25.90021514892578,12.0,0.03333600237965584
2026-06-10 09:13:14+00:00,1.0,128.0,1.0,44.63525390625,25.90021514892578,12.0,0.04444800317287445
2026-06-10 09:13:15+00:00,1.0,128.0,1.0,0.022282838821411133,128.0,12.0,0.022224001586437225
2026-06-10 09:13:16+00:00,1.0,128.0,1.0,44.63525390625,25.90021514892578,12.0,0.022224001586437225
2026-06-10 09:13:18+00:00,1.0,128.10000610351562,1.0,44.63525390625,25.90021514892578,12.0,0.05556000396609306
2026-06-10 09:13:19+00:00,1.0,128.10000610351562,1.0,44.63525390625,25.90021514892578,12.0,0.05556000396609306
2026-06-10 09:13:20+00:00,1.0,128.10000610351562,1.0,44.63525390625,25.90021514892578,12.0,0.09074800461530685
2026-06-10 09:13:21+00:00,1.0,128.39999389648438,1.0,44.63525390625,25.90021514892578,12.0,0.09074800461530685
2026-06-10 09:13:22+00:00,1.0,128.39999389648438,1.0,44.63525390625,25.90021514892578,12.0,0.1240840032696724
2026-06-10 09:13:23+00:00,1.0,128.3000030517578,1.0,44.63525390625,25.90021514892578,12.0,0.10741601139307022
2026-06-10 09:13:24+00:00,1.0,128.3000030517578,1.0,44.63525390625,25.90021514892578,12.0,0.25742799043655396
2026-06-10 09:13:25+00:00,1.0,128.3000030517578,1.0,44.63525390625,25.900211334228516,12.0,0.06852400302886963
2026-06-10 09:13:26+00:00,1.0,128.3000030517578,1.0,44.63525390625,25.900211334228516,12.0,0.11852800846099854
2026-06-10 09:13:27+00:00,1.0,128.3000030517578,1.0,44.63525390625,25.900211334228516,12.0,0.11297199875116348
2026-06-10 09:13:28+00:00,1.0,128.3000030517578,1.0,44.63525390625,25.900211334228516,12.0,0.022224001586437225
2026-06-10 09:13:29+00:00,1.0,128.3000030517578,1.0,44.63525390625,25.900211334228516,12.0,0.09074800461530685
2026-06-10 09:13:30+00:00,1.0,128.5,1.0,44.63525390625,25.900211334228516,12.0,0.040744002908468246
2026-06-10 09:13:31+00:00,1.0,128.5,1.0,44.63525390625,25.900211334228516,12.0,0.0888960063457489
2026-06-10 09:13:32+00:00,1.0,128.60000610351562,1.0,44.63525390625,25.900211334228516,12.0,0.057412002235651016
2026-06-10 09:13:33+00:00,1.0,128.60000610351562,1.0,44.63525390625,25.90020751953125,12.0,0.04444800317287445
2026-06-10 09:13:34+00:00,1.0,128.60000610351562,1.0,44.63525390625,25.90020751953125,12.0,0.04444800317287445
2026-06-10 09:13:35+00:00,1.0,128.60000610351562,1.0,44.63525390625,25.90020751953125,12.0,0.01666800118982792
2026-06-10 09:13:36+00:00,1.0,128.60000610351562,1.0,44.63525390625,25.90020751953125,12.0,0.01666800118982792
2026-06-10 09:13:37+00:00,1.0,128.6999969482422,1.0,44.63525390625,25.90020751953125,12.0,0.01666800118982792
2026-06-10 09:13:38+00:00,1.0,128.6999969482422,1.0,44.63525390625,25.90020751953125,12.0,0.10000801086425781
2026-06-10 09:13:39+00:00,1.0,128.6999969482422,1.0,44.63525390625,25.90020751953125,12.0,0.1814960092306137
2026-06-10 09:13:40+00:00,1.0,128.6999969482422,1.0,44.63525390625,25.90020751953125,12.0,0.1814960092306137
2026-06-10 09:13:41+00:00,1.0,128.6999969482422,1.0,44.63525390625,25.90020751953125,12.0,0.1814960092306137
2026-06-10 09:13:42+00:00,1.0,128.6999969482422,1.0,44.63525390625,25.90020751953125,12.0,0.1814960092306137
2026-06-10 09:13:43+00:00,1.0,128.6999969482422,1.0,44.63525390625,25.90020751953125,12.0,0.06667200475931168
2026-06-10 09:13:44+00:00,1.0,128.6999969482422,1.0,44.63525390625,25.90020751953125,12.0,0.01666800118982792
2026-06-10 09:13:45+00:00,1.0,128.6999969482422,1.0,44.63525390625,25.90020751953125,12.0,0.05556000396609306
2026-06-10 09:13:46+00:00,1.0,128.6999969482422,1.0,44.63525390625,25.90020751953125,12.0,0.020372001454234123
2026-06-10 09:13:47+00:00,1.0,128.6999969482422,1.0,44.63525390625,25.90020751953125,12.0,0.07778400927782059
2026-06-10 09:13:48+00:00,1.0,128.6999969482422,1.0,44.63525390625,25.90020751953125,12.0,0.14445601403713226
2026-06-10 09:13:49+00:00,1.0,128.6999969482422,1.0,44.63525390625,25.90020751953125,12.0,0.048151999711990356
2026-06-10 09:13:50+00:00,1.0,128.6999969482422,1.0,44.63525390625,25.90020751953125,12.0,0.085192009806633
2026-06-10 09:13:51+00:00,1.0,128.6999969482422,1.0,44.63525390625,25.90020751953125,12.0,0.22594399750232697
2026-06-10 09:13:52+00:00,1.0,128.6999969482422,1.0,44.63525390625,25.90020751953125,12.0,0.07037600129842758
2026-06-10 09:13:53+00:00,1.0,128.5,1.0,44.63525390625,25.90020751953125,12.0,0.15556801855564117
2026-06-10 09:13:54+00:00,1.0,128.5,1.0,44.63525390625,2.018811461195763e-39,12.0,0.09445200860500336
2026-06-10 09:13:55+00:00,1.0,128.5,1.0,44.63525390625,25.90020751953125,12.0,0.12223199754953384
2026-06-10 09:13:56+00:00,1.0,128.5,1.0,44.63525390625,25.90020751953125,12.0,0.22964800894260406
2026-06-10 09:13:57+00:00,1.0,128.5,1.0,44.63525390625,25.90020751953125,12.0,0.040744002908468246
2026-06-10 09:13:58+00:00,1.0,128.5,1.0,44.63525390625,25.90020751953125,12.0,0.06852400302886963
2026-06-10 09:13:59+00:00,1.0,128.5,1.0,44.63525390625,25.90020751953125,12.0,0.06852400302886963
2026-06-10 09:14:00+00:00,1.0,128.39999389648438,1.0,44.63525390625,25.90020751953125,12.0,0.06852400302886963
2026-06-10 09:14:01+00:00,1.0,128.39999389648438,1.0,44.63525390625,25.90020751953125,12.0,0.01852000132203102
2026-06-10 09:14:02+00:00,1.0,128.39999389648438,1.0,44.63525390625,25.90020751953125,12.0,0.01852000132203102
2026-06-10 09:14:03+00:00,1.0,128.39999389648438,1.0,44.63525390625,25.90020751953125,12.0,0.131492018699646
2026-06-10 09:14:04+00:00,1.0,128.39999389648438,1.0,44.63525390625,25.90020751953125,12.0,0.15371601283550262
2026-06-10 09:14:05+00:00,1.0,128.39999389648438,1.0,44.63525390625,25.90020751953125,12.0,0.15371601283550262
2026-06-10 09:14:06+00:00,1.0,128.39999389648438,1.0,44.63525390625,25.90020751953125,12.0,0.15371601283550262
2026-06-10 09:14:07+00:00,1.0,128.39999389648438,1.0,44.63525390625,25.90020751953125,12.0,0.02778000198304653
2026-06-10 09:14:08+00:00,1.0,128.39999389648438,1.0,44.63525390625,25.90020751953125,12.0,0.02778000198304653
2026-06-10 09:14:09+00:00,1.0,128.39999389648438,1.0,44.63525390625,25.90020751953125,12.0,0.02778000198304653
2026-06-10 09:14:10+00:00,1.0,128.3000030517578,1.0,44.63525390625,25.90020751953125,12.0,0.057412002235651016
2026-06-10 09:14:11+00:00,1.0,128.3000030517578,1.0,44.63525390625,25.90020751953125,12.0,0.040744002908468246
2026-06-10 09:14:12+00:00,1.0,128.39999389648438,1.0,44.63525390625,25.90020751953125,12.0,0.2703920006752014
2026-06-10 09:14:13+00:00,1.0,128.39999389648438,1.0,44.63525390625,25.90020751953125,12.0,0.26853999495506287
2026-06-10 09:14:14+00:00,1.0,128.39999389648438,1.0,44.63525390625,25.90020751953125,12.0,0.23705601692199707
2026-06-10 09:14:15+00:00,1.0,128.39999389648438,1.0,44.63526153564453,25.90020751953125,12.0,0.048151999711990356
2026-06-10 09:14:16+00:00,1.0,128.39999389648438,1.0,44.63526153564453,25.90020751953125,12.0,0.10371200740337372
2026-06-10 09:14:17+00:00,1.0,128.39999389648438,1.0,44.63525390625,25.90020751953125,12.0,0.04444800317287445
2026-06-10 09:14:18+00:00,1.0,128.3000030517578,1.0,44.63525390625,25.90020751953125,12.0,0.12223199754953384
2026-06-10 09:14:19+00:00,1.0,128.3000030517578,1.0,44.63525390625,25.90020751953125,12.0,0.05926400423049927
2026-06-10 09:14:20+00:00,1.0,128.10000610351562,1.0,44.63526153564453,25.90020751953125,12.0,0.05926400423049927
2026-06-10 09:14:21+00:00,1.0,128.0,1.0,44.63525390625,25.90020751953125,12.0,0.0074080005288124084
2026-06-10 09:14:22+00:00,1.0,128.0,1.0,44.63526153564453,25.90020751953125,12.0,0.07037600129842758
2026-06-10 09:14:23+00:00,1.0,127.9000015258789,1.0,44.63526153564453,25.90020751953125,12.0,0.07037600129842758
2026-06-10 09:14:24+00:00,1.0,127.9000015258789,1.0,44.63526153564453,25.90020751953125,12.0,0.09630400687456131
2026-06-10 09:14:25+00:00,1.0,127.9000015258789,1.0,44.63526153564453,25.90020751953125,12.0,0.040744002908468246
2026-06-10 09:14:26+00:00,1.0,127.9000015258789,1.0,44.63526153564453,25.90020751953125,12.0,0.1277880072593689
2026-06-10 09:14:27+00:00,1.0,127.9000015258789,1.0,44.63526153564453,25.90020751953125,12.0,0.1277880072593689
2026-06-10 09:14:28+00:00,1.0,127.9000015258789,1.0,44.63525390625,25.90020751953125,12.0,0.12038000673055649
2026-06-10 09:14:29+00:00,1.0,127.9000015258789,1.0,44.63525390625,25.90020751953125,12.0,0.15186400711536407
2026-06-10 09:14:30+00:00,1.0,127.9000015258789,1.0,44.63525390625,25.90020751953125,12.0,0.09630400687456131
2026-06-10 09:14:31+00:00,1.0,127.69999694824219,1.0,44.63525390625,25.90020751953125,12.0,0.09630400687456131
2026-06-10 09:14:32+00:00,1.0,127.69999694824219,1.0,44.63525390625,25.90020751953125,12.0,0.029632002115249634
2026-06-10 09:14:33+00:00,1.0,127.69999694824219,1.0,44.63525390625,25.90020751953125,12.0,0.048151999711990356
2026-06-10 09:14:34+00:00,1.0,127.5,1.0,44.63525390625,25.90020751953125,12.0,0.057412002235651016
2026-06-10 09:14:35+00:00,1.0,127.5,1.0,44.63525390625,25.90020751953125,12.0,0.038892004638910294
2026-06-10 09:14:36+00:00,1.0,127.5,1.0,44.63525390625,25.90020751953125,12.0,0.038892004638910294
2026-06-10 09:14:37+00:00,1.0,127.30000305175781,1.0,44.63525390625,25.90020751953125,12.0,0.06481999903917313
2026-06-10 09:14:38+00:00,1.0,127.19999694824219,1.0,44.63525390625,25.90020751953125,12.0,0.2592799961566925
2026-06-10 09:14:39+00:00,1.0,127.0999984741211,1.0,44.63525390625,25.90020751953125,12.0,0.19260799884796143
2026-06-10 09:14:40+00:00,1.0,127.0999984741211,1.0,44.63525390625,25.90020751953125,12.0,0.24261198937892914
2026-06-10 09:14:41+00:00,1.0,127.0999984741211,1.0,44.63525390625,25.90020751953125,12.0,0.03148400038480759
2026-06-10 09:14:42+00:00,1.0,127.0,1.0,44.63525390625,25.90020751953125,12.0,0.057412002235651016
2026-06-10 09:14:43+00:00,1.0,126.9000015258789,1.0,44.63525390625,25.90020751953125,12.0,0.07963600009679794
2026-06-10 09:14:44+00:00,1.0,126.9000015258789,1.0,44.63525390625,25.90020751953125,12.0,0.11852800846099854
2026-06-10 09:14:45+00:00,1.0,126.80000305175781,1.0,44.63525390625,25.90020751953125,12.0,0.18705201148986816
2026-06-10 09:14:46+00:00,1.0,126.80000305175781,1.0,44.63525390625,25.90020751953125,12.0,0.050004005432128906
2026-06-10 09:14:47+00:00,1.0,126.80000305175781,1.0,44.63525390625,25.90020751953125,12.0,0.050004005432128906
2026-06-10 09:14:48+00:00,1.0,126.80000305175781,1.0,44.63525390625,25.90020751953125,12.0,0.01666800118982792
2026-06-10 09:14:49+00:00,1.0,126.80000305175781,1.0,44.63525390625,25.90020751953125,12.0,0.01666800118982792
2026-06-10 09:14:50+00:00,1.0,126.80000305175781,1.0,44.63525390625,25.90020751953125,12.0,0.01666800118982792
2026-06-10 09:14:51+00:00,1.0,126.80000305175781,1.0,44.63525390625,25.90020751953125,12.0,0.01666800118982792
2026-06-10 09:14:52+00:00,1.0,126.80000305175781,1.0,44.63525390625,25.90020751953125,12.0,0.2092759907245636
2026-06-10 09:14:53+00:00,1.0,126.80000305175781,1.0,44.63525390625,25.90020751953125,12.0,0.2092759907245636
2026-06-10 09:14:54+00:00,1.0,126.80000305175781,1.0,44.63525390625,25.90020751953125,12.0,0.1740880012512207
2026-06-10 09:14:55+00:00,1.0,126.80000305175781,1.0,44.63525390625,25.90020751953125,12.0,0.1740880012512207
2026-06-10 09:14:56+00:00,1.0,126.80000305175781,1.0,44.63525390625,25.90020751953125,12.0,0.05185599997639656
2026-06-10 09:14:57+00:00,1.0,126.80000305175781,1.0,44.63525390625,25.90020751953125,12.0,0.05185599997639656
2026-06-10 09:14:58+00:00,1.0,126.80000305175781,1.0,44.63525390625,25.90020751953125,12.0,0.13704802095890045
2026-06-10 09:14:59+00:00,1.0,126.30000305175781,1.0,44.63524627685547,25.90020751953125,12.0,0.1277880072593689
2026-06-10 09:15:00+00:00,1.0,126.30000305175781,1.0,44.63524627685547,25.90020751953125,12.0,0.040744002908468246
2026-06-10 09:15:01+00:00,1.0,126.19999694824219,1.0,44.63524627685547,25.90020751953125,12.0,0.13334400951862335
2026-06-10 09:15:02+00:00,1.0,126.19999694824219,1.0,44.63524627685547,25.90020751953125,12.0,0.085192009806633
2026-06-10 09:15:03+00:00,1.0,126.19999694824219,1.0,44.63524627685547,25.90020751953125,12.0,0.01296399999409914
2026-06-10 09:15:04+00:00,1.0,126.19999694824219,1.0,44.63524627685547,25.90020751953125,12.0,0.1666800081729889
2026-06-10 09:15:05+00:00,1.0,126.0999984741211,1.0,44.63524627685547,25.90020751953125,12.0,0.022224001586437225
2026-06-10 09:15:06+00:00,1.0,126.0999984741211,1.0,44.63524627685547,25.900211334228516,12.0,0.12223199754953384
2026-06-10 09:15:07+00:00,1.0,126.0999984741211,1.0,44.63524627685547,25.900211334228516,12.0,0.13334400951862335
2026-06-10 09:15:08+00:00,1.0,126.0,1.0,44.63524627685547,25.900211334228516,12.0,0.06852400302886963
2026-06-10 09:15:09+00:00,1.0,126.0,1.0,44.63524627685547,25.900211334228516,12.0,0.0926000103354454
2026-06-10 09:15:10+00:00,1.0,126.0,1.0,44.63524627685547,25.900211334228516,12.0,0.10000801086425781
2026-06-10 09:15:11+00:00,1.0,126.0,1.0,44.63524627685547,25.900211334228516,12.0,0.057412002235651016
2026-06-10 09:15:12+00:00,1.0,126.0,1.0,44.63524627685547,25.900211334228516,12.0,0.18890400230884552
2026-06-10 09:15:13+00:00,1.0,126.0,1.0,44.63524627685547,25.900211334228516,12.0,0.048151999711990356
2026-06-10 09:15:14+00:00,1.0,126.0,1.0,44.63524627685547,25.900211334228516,12.0,0.048151999711990356
2026-06-10 09:15:15+00:00,1.0,126.0,1.0,44.63524627685547,25.900211334228516,12.0,0.1592720001935959
2026-06-10 09:15:16+00:00,1.0,126.0,1.0,44.63524627685547,25.900211334228516,12.0,0.048151999711990356
2026-06-10 09:15:17+00:00,1.0,126.0,1.0,44.63524627685547,25.900211334228516,12.0,0.0926000103354454
2026-06-10 09:15:18+00:00,1.0,126.0,1.0,44.63524627685547,25.900211334228516,12.0,0.0926000103354454
2026-06-10 09:15:19+00:00,1.0,126.0,1.0,44.63524627685547,25.900211334228516,12.0,0.0926000103354454
2026-06-10 09:15:20+00:00,1.0,126.0,1.0,44.63524627685547,25.900211334228516,12.0,0.20742398500442505
2026-06-10 09:15:21+00:00,1.0,126.0,1.0,44.63524627685547,25.900211334228516,12.0,0.2129800021648407
2026-06-10 09:15:22+00:00,1.0,126.0,1.0,44.63524627685547,25.900211334228516,12.0,0.08148800581693649
2026-06-10 09:15:23+00:00,1.0,126.0999984741211,1.0,44.63524627685547,25.900211334228516,12.0,0.11852800846099854
2026-06-10 09:15:24+00:00,1.0,126.0999984741211,1.0,44.63524627685547,25.900211334228516,12.0,0.07222799956798553
2026-06-10 09:15:25+00:00,1.0,126.0999984741211,1.0,44.63524627685547,25.900211334228516,12.0,0.0463000051677227
2026-06-10 09:15:26+00:00,1.0,126.4000015258789,1.0,44.63524627685547,25.900211334228516,12.0,0.050004005432128906
2026-06-10 09:15:27+00:00,1.0,126.5,1.0,44.63524627685547,25.900211334228516,12.0,0.057412002235651016
2026-06-10 09:15:28+00:00,1.0,126.5999984741211,1.0,44.63524627685547,25.90020751953125,12.0,0.08704400062561035
2026-06-10 09:15:29+00:00,1.0,126.69999694824219,1.0,44.63524627685547,25.90020751953125,12.0,0.1666800081729889
2026-06-10 09:15:30+00:00,1.0,126.80000305175781,1.0,44.63524627685547,25.90020751953125,12.0,0.03148400038480759
2026-06-10 09:15:31+00:00,1.0,127.0,1.0,44.63524627685547,25.90020751953125,12.0,0.03333600237965584
2026-06-10 09:15:32+00:00,1.0,127.0,1.0,44.63524627685547,25.90020751953125,12.0,0.0074080005288124084
2026-06-10 09:15:33+00:00,1.0,127.0,1.0,44.63524627685547,25.90020751953125,12.0,0.03518800064921379
2026-06-10 09:15:34+00:00,1.0,127.19999694824219,1.0,44.63524627685547,25.90020751953125,12.0,0.03518800064921379
2026-06-10 09:15:35+00:00,1.0,127.19999694824219,1.0,44.63524627685547,25.90020751953125,12.0,0.06852400302886963
2026-06-10 09:15:36+00:00,1.0,127.19999694824219,1.0,44.63524627685547,25.90020751953125,12.0,0.06852400302886963
2026-06-10 09:15:37+00:00,1.0,127.19999694824219,1.0,44.63524627685547,25.900203704833984,12.0,0.029632002115249634
2026-06-10 09:15:38+00:00,1.0,127.19999694824219,1.0,44.63524627685547,25.900203704833984,12.0,0.02778000198304653
2026-06-10 09:15:44+00:00,1.0,127.19999694824219,1.0,44.63524627685547,25.900203704833984,12.0,0.13334400951862335
2026-06-10 09:15:45+00:00,1.0,127.19999694824219,1.0,44.63524627685547,25.900203704833984,12.0,0.05370800569653511
2026-06-10 09:15:46+00:00,1.0,127.19999694824219,1.0,44.63524627685547,25.900203704833984,12.0,0.011111999861896038
2026-06-10 09:15:47+00:00,1.0,127.30000305175781,1.0,44.63524627685547,25.900203704833984,12.0,0.07963600009679794
2026-06-10 09:15:48+00:00,1.0,127.30000305175781,1.0,44.63524627685547,25.900203704833984,12.0,0.038892004638910294
2026-06-10 09:15:49+00:00,1.0,127.4000015258789,1.0,44.63524627685547,25.900203704833984,12.0,0.038892004638910294
2026-06-10 09:15:50+00:00,1.0,127.5,1.0,44.63524627685547,25.900203704833984,12.0,0.08148800581693649
2026-06-10 09:15:51+00:00,1.0,127.5,1.0,44.63524627685547,25.900203704833984,12.0,0.08148800581693649
2026-06-10 09:15:52+00:00,1.0,127.5,1.0,44.63524627685547,25.900203704833984,12.0,0.11667600274085999
2026-06-10 09:15:53+00:00,1.0,127.69999694824219,1.0,44.63524627685547,25.900203704833984,12.0,0.10556400567293167
2026-06-10 09:15:54+00:00,1.0,127.69999694824219,1.0,44.63524627685547,25.900203704833984,12.0,0.03148400038480759
2026-06-10 09:15:55+00:00,1.0,127.80000305175781,1.0,44.63524627685547,25.900203704833984,12.0,0.014816001057624817
2026-06-10 09:15:56+00:00,1.0,127.80000305175781,1.0,44.63524627685547,25.900203704833984,12.0,0.03333600237965584
2026-06-10 09:15:57+00:00,1.0,127.80000305175781,1.0,44.63524627685547,25.900203704833984,12.0,0.13334400951862335
2026-06-10 09:15:58+00:00,1.0,127.9000015258789,1.0,44.63524627685547,25.900203704833984,12.0,0.024075999855995178
2026-06-10 09:15:59+00:00,1.0,127.9000015258789,1.0,44.63525390625,25.900203704833984,12.0,0.07222799956798553
2026-06-10 09:16:00+00:00,1.0,127.9000015258789,1.0,44.63525390625,25.90020751953125,12.0,0.06481999903917313
2026-06-10 09:16:01+00:00,1.0,127.9000015258789,1.0,44.63525390625,25.90020751953125,12.0,0.06481999903917313
2026-06-10 09:16:02+00:00,1.0,127.9000015258789,1.0,44.63525390625,25.90020751953125,12.0,0.06481999903917313
2026-06-10 09:16:03+00:00,1.0,127.9000015258789,1.0,44.63525390625,25.90020751953125,12.0,0.0888960063457489
2026-06-10 09:16:04+00:00,1.0,127.9000015258789,1.0,44.63525390625,25.90020751953125,12.0,0.022224001586437225
2026-06-10 09:16:05+00:00,1.0,127.9000015258789,1.0,44.63525390625,25.90020751953125,12.0,0.13704802095890045
2026-06-10 09:16:06+00:00,1.0,128.1999969482422,1.0,44.63525390625,25.90020751953125,12.0,0.022224001586437225
2026-06-10 09:16:07+00:00,1.0,128.1999969482422,1.0,44.63525390625,25.90020751953125,12.0,0.0463000051677227
2026-06-10 09:16:08+00:00,1.0,128.1999969482422,1.0,44.63525390625,25.90020751953125,12.0,0.014816001057624817
2026-06-10 09:16:09+00:00,1.0,128.1999969482422,1.0,44.63525390625,25.90020751953125,12.0,0.014816001057624817
2026-06-10 09:16:10+00:00,1.0,128.39999389648438,1.0,44.63525390625,25.90020751953125,12.0,0.2203880101442337
2026-06-10 09:16:11+00:00,1.0,128.39999389648438,1.0,44.63525390625,25.90020751953125,12.0,0.03518800064921379
2026-06-10 09:16:12+00:00,1.0,128.39999389648438,1.0,44.63525390625,25.90020751953125,12.0,0.04444800317287445
2026-06-10 09:16:13+00:00,1.0,128.39999389648438,1.0,44.63525390625,25.90020751953125,12.0,0.0463000051677227
2026-06-10 09:16:14+00:00,1.0,128.39999389648438,1.0,44.63525390625,25.90020751953125,12.0,0.0463000051677227
2026-06-10 09:16:15+00:00,1.0,128.39999389648438,1.0,44.63525390625,25.90020751953125,12.0,0.07593200355768204
2026-06-10 09:16:16+00:00,1.0,128.5,1.0,44.63525390625,25.90020751953125,12.0,0.01852000132203102
2026-06-10 09:16:17+00:00,1.0,128.5,1.0,44.63525390625,25.90020751953125,12.0,0.07963600009679794
2026-06-10 09:16:18+00:00,1.0,128.5,1.0,44.63525390625,25.90020751953125,12.0,0.2129800021648407
2026-06-10 09:16:19+00:00,1.0,128.5,1.0,44.63525390625,25.90020751953125,12.0,0.038892004638910294
2026-06-10 09:16:20+00:00,1.0,128.5,1.0,44.63525390625,25.90020751953125,12.0,0.1740880012512207
2026-06-10 09:16:21+00:00,1.0,128.5,1.0,44.63525390625,25.90020751953125,12.0,0.12038000673055649
2026-06-10 09:16:22+00:00,1.0,128.5,1.0,44.63525390625,25.90020751953125,12.0,0.3055799901485443
2026-06-10 09:16:23+00:00,1.0,128.5,1.0,44.63525390625,25.90020751953125,12.0,0.3055799901485443
2026-06-10 09:16:24+00:00,1.0,128.5,1.0,44.63525390625,25.90020751953125,12.0,0.3055799901485443
2026-06-10 09:16:25+00:00,1.0,128.5,1.0,44.63525390625,25.90020751953125,12.0,0.3055799901485443
2026-06-10 09:16:26+00:00,1.0,128.5,1.0,44.63525390625,25.90020751953125,12.0,0.12964001297950745
2026-06-10 09:16:27+00:00,1.0,128.5,1.0,44.63525390625,25.90020751953125,12.0,0.12964001297950745
2026-06-10 09:16:28+00:00,1.0,128.5,1.0,44.63525390625,25.90020751953125,12.0,0.05556000396609306
2026-06-10 09:16:29+00:00,1.0,128.5,1.0,44.63525390625,25.90020751953125,12.0,0.05556000396609306
2026-06-10 09:16:30+00:00,1.0,128.5,1.0,44.63525390625,25.90020751953125,12.0,0.05556000396609306
2026-06-10 09:16:31+00:00,1.0,128.5,1.0,44.63525390625,25.90020751953125,12.0,0.14075200259685516
2026-06-10 09:16:32+00:00,1.0,128.5,1.0,44.63525390625,25.90020751953125,12.0,0.05556000396609306
2026-06-10 09:16:33+00:00,1.0,128.5,1.0,44.63525390625,25.90020751953125,12.0,0.06667200475931168
2026-06-10 09:16:34+00:00,1.0,128.60000610351562,1.0,44.63525390625,25.90020751953125,12.0,0.04444800317287445
2026-06-10 09:16:35+00:00,1.0,128.60000610351562,1.0,44.63525390625,25.90020751953125,12.0,0.05556000396609306
2026-06-10 09:16:36+00:00,1.0,128.60000610351562,1.0,44.63525390625,25.90020751953125,12.0,0.057412002235651016
2026-06-10 09:16:37+00:00,1.0,128.60000610351562,1.0,44.63525390625,25.90020751953125,12.0,0.0425960049033165
2026-06-10 09:16:38+00:00,1.0,128.5,1.0,44.63525390625,25.90020751953125,12.0,0.0425960049033165
2026-06-10 09:16:39+00:00,1.0,128.5,1.0,44.63525390625,25.90020751953125,12.0,0.07778400927782059
2026-06-10 09:16:40+00:00,1.0,128.5,1.0,44.63525390625,25.90020751953125,12.0,0.03333600237965584
2026-06-10 09:16:41+00:00,1.0,128.5,1.0,44.63525390625,25.90020751953125,12.0,0.1240840032696724
2026-06-10 09:16:42+00:00,1.0,128.39999389648438,1.0,44.63525390625,25.90020751953125,12.0,0.07408000528812408
2026-06-10 09:16:44+00:00,1.0,128.39999389648438,1.0,44.63525390625,25.90020751953125,12.0,0.10741601139307022
2026-06-10 09:16:45+00:00,1.0,128.39999389648438,1.0,44.63525390625,25.90020751953125,12.0,0.19631199538707733
2026-06-10 09:16:46+00:00,1.0,128.39999389648438,1.0,44.63525390625,25.90020751953125,12.0,0.07778400927782059
2026-06-10 09:16:47+00:00,1.0,128.39999389648438,1.0,44.63525390625,25.90020751953125,12.0,0.05370800569653511
2026-06-10 09:16:48+00:00,1.0,128.39999389648438,1.0,44.63525390625,25.90020751953125,12.0,0.11297199875116348
2026-06-10 09:16:49+00:00,1.0,128.3000030517578,1.0,44.63525390625,25.90020751953125,12.0,0.10371200740337372
2026-06-10 09:16:50+00:00,1.0,128.3000030517578,1.0,44.63525390625,25.90020751953125,12.0,0.21112799644470215
2026-06-10 09:16:51+00:00,1.0,128.3000030517578,1.0,44.63525390625,25.90020751953125,12.0,0.24261198937892914
2026-06-10 09:16:52+00:00,1.0,128.10000610351562,1.0,44.63525390625,25.90020751953125,12.0,0.17964400351047516
2026-06-10 09:16:53+00:00,1.0,128.10000610351562,1.0,44.63525390625,25.90020751953125,12.0,0.2778000235557556
2026-06-10 09:16:54+00:00,1.0,128.0,1.0,44.63525390625,25.90020751953125,12.0,0.1351960152387619
2026-06-10 09:16:55+00:00,1.0,128.0,1.0,44.63525390625,25.90020751953125,12.0,0.011111999861896038
2026-06-10 09:16:56+00:00,1.0,127.9000015258789,1.0,44.63525390625,25.90020751953125,12.0,0.13334400951862335
2026-06-10 09:16:57+00:00,1.0,127.9000015258789,1.0,44.63525390625,25.90020751953125,12.0,0.10926800966262817
2026-06-10 09:16:58+00:00,1.0,127.80000305175781,1.0,44.63524627685547,25.90020751953125,12.0,0.10926800966262817
2026-06-10 09:16:59+00:00,1.0,127.80000305175781,1.0,44.63524627685547,25.90020751953125,12.0,0.05556000396609306
2026-06-10 09:17:00+00:00,1.0,127.80000305175781,1.0,44.63524627685547,25.90020751953125,12.0,0.03704000264406204
2026-06-10 09:17:01+00:00,1.0,127.69999694824219,1.0,44.63524627685547,25.90020751953125,12.0,0.03704000264406204
2026-06-10 09:17:02+00:00,1.0,127.69999694824219,1.0,44.63524627685547,25.90020751953125,12.0,0.09815600514411926
2026-06-10 09:17:03+00:00,1.0,127.5999984741211,1.0,44.63524627685547,25.90020751953125,12.0,0.09815600514411926
2026-06-10 09:17:04+00:00,1.0,127.5999984741211,1.0,44.63524627685547,25.90020751953125,12.0,0.09815600514411926
2026-06-10 09:17:05+00:00,1.0,127.5999984741211,1.0,44.63524627685547,25.90020751953125,12.0,0.09815600514411926
2026-06-10 09:17:06+00:00,1.0,127.5999984741211,1.0,44.63524627685547,25.90020751953125,12.0,0.09815600514411926
2026-06-10 09:17:07+00:00,1.0,127.5999984741211,1.0,44.63524627685547,25.90020751953125,12.0,0.09815600514411926
2026-06-10 09:17:08+00:00,1.0,127.5999984741211,1.0,44.63524627685547,25.90020751953125,12.0,0.09815600514411926
2026-06-10 09:17:09+00:00,1.0,127.4000015258789,1.0,44.63524627685547,25.90020751953125,12.0,0.09815600514411926
2026-06-10 09:17:10+00:00,1.0,127.4000015258789,1.0,44.63524627685547,25.90020751953125,12.0,0.09074800461530685
2026-06-10 09:17:11+00:00,1.0,127.4000015258789,1.0,44.63524627685547,25.90020751953125,12.0,0.09074800461530685
2026-06-10 09:17:12+00:00,1.0,127.4000015258789,1.0,44.63524627685547,25.90020751953125,12.0,0.09074800461530685
2026-06-10 09:17:13+00:00,1.0,127.30000305175781,1.0,44.63524627685547,25.90020751953125,12.0,0.022224001586437225
2026-06-10 09:17:14+00:00,1.0,127.30000305175781,1.0,44.63524627685547,25.90020751953125,12.0,0.03518800064921379
2026-06-10 09:17:15+00:00,1.0,127.30000305175781,1.0,44.63524627685547,25.90020751953125,12.0,0.02592799998819828
2026-06-10 09:17:16+00:00,1.0,127.30000305175781,1.0,44.63524627685547,25.90020751953125,12.0,0.0074080005288124084
2026-06-10 09:17:17+00:00,1.0,127.19999694824219,1.0,44.63524627685547,25.900211334228516,12.0,0.1277880072593689
2026-06-10 09:17:18+00:00,1.0,127.19999694824219,1.0,44.63524627685547,25.900211334228516,12.0,0.1277880072593689
2026-06-10 09:17:19+00:00,1.0,127.19999694824219,1.0,44.63524627685547,25.900211334228516,12.0,0.040744002908468246
2026-06-10 09:17:20+00:00,1.0,127.30000305175781,1.0,44.63524627685547,25.900211334228516,12.0,0.040744002908468246
2026-06-10 09:17:21+00:00,1.0,127.30000305175781,1.0,44.63524627685547,25.900211334228516,12.0,0.13334400951862335
2026-06-10 09:17:22+00:00,1.0,127.30000305175781,1.0,44.63524627685547,25.900211334228516,12.0,0.13334400951862335
2026-06-10 09:17:23+00:00,1.0,127.30000305175781,1.0,44.63524627685547,25.900211334228516,12.0,0.0425960049033165
2026-06-10 09:17:24+00:00,1.0,127.30000305175781,1.0,44.63524627685547,25.900211334228516,12.0,0.0425960049033165
2026-06-10 09:17:25+00:00,1.0,127.30000305175781,1.0,44.63524627685547,25.900211334228516,12.0,0.0425960049033165
2026-06-10 09:17:26+00:00,1.0,127.30000305175781,1.0,44.63524627685547,25.900211334228516,12.0,0.16112400591373444
2026-06-10 09:17:27+00:00,1.0,127.30000305175781,1.0,44.63524627685547,2.0188142637926915e-39,12.0,0.038892004638910294
2026-06-10 09:17:28+00:00,1.0,127.30000305175781,1.0,44.63524627685547,25.900211334228516,12.0,0.07593200355768204
2026-06-10 09:17:29+00:00,1.0,127.30000305175781,1.0,44.63524627685547,25.900211334228516,12.0,0.0425960049033165
2026-06-10 09:17:30+00:00,1.0,127.30000305175781,1.0,44.63524627685547,25.900211334228516,12.0,0.0425960049033165
2026-06-10 09:17:31+00:00,1.0,127.30000305175781,1.0,44.63525390625,25.900211334228516,12.0,0.03704000264406204
2026-06-10 09:17:32+00:00,1.0,127.30000305175781,1.0,44.63525390625,25.900211334228516,12.0,0.11482400447130203
2026-06-10 09:17:33+00:00,1.0,127.30000305175781,1.0,44.63525390625,25.900211334228516,12.0,0.15186400711536407
2026-06-10 09:17:34+00:00,1.0,127.30000305175781,1.0,44.63525390625,25.900211334228516,12.0,0.01666800118982792
2026-06-10 09:17:35+00:00,1.0,127.30000305175781,1.0,44.63525390625,25.900211334228516,12.0,0.01666800118982792
2026-06-10 09:17:36+00:00,1.0,127.5999984741211,1.0,44.63525390625,25.900211334228516,12.0,0.12038000673055649
2026-06-10 09:17:37+00:00,1.0,127.5999984741211,1.0,44.63525390625,25.900211334228516,12.0,0.1777919977903366
2026-06-10 09:17:38+00:00,1.0,127.5999984741211,1.0,44.63525390625,25.900211334228516,12.0,0.06667200475931168
2026-06-10 09:17:39+00:00,1.0,127.5999984741211,1.0,44.63525390625,25.900211334228516,12.0,0.09074800461530685
2026-06-10 09:17:40+00:00,1.0,127.5999984741211,1.0,44.63525390625,25.900211334228516,12.0,0.02778000198304653
2026-06-10 09:17:41+00:00,1.0,127.5999984741211,1.0,44.63525390625,25.900211334228516,12.0,0.06111599877476692
2026-06-10 09:17:42+00:00,1.0,127.5999984741211,1.0,44.63525390625,25.900211334228516,12.0,0.038892004638910294
2026-06-10 09:17:43+00:00,1.0,127.5999984741211,1.0,44.63525390625,25.900211334228516,12.0,0.08704400062561035
2026-06-10 09:17:44+00:00,1.0,127.5999984741211,1.0,44.63525390625,25.900211334228516,12.0,0.0425960049033165
2026-06-10 09:17:45+00:00,1.0,127.5999984741211,1.0,44.63525390625,25.900211334228516,12.0,0.0425960049033165
2026-06-10 09:17:46+00:00,1.0,127.5,1.0,44.63525390625,25.900211334228516,12.0,0.10000801086425781
2026-06-10 09:17:47+00:00,1.0,127.5,1.0,44.63525390625,25.900211334228516,12.0,0.06111599877476692
2026-06-10 09:17:48+00:00,1.0,127.5,1.0,44.63525390625,25.900211334228516,12.0,0.07222799956798553
2026-06-10 09:17:49+00:00,1.0,127.5,1.0,44.63525390625,25.900211334228516,12.0,0.07037600129842758
2026-06-10 09:17:50+00:00,1.0,127.5,1.0,44.63525390625,25.900211334228516,12.0,0.07037600129842758
2026-06-10 09:17:51+00:00,1.0,127.5,1.0,44.63525390625,25.900211334228516,12.0,0.04444800317287445
2026-06-10 09:17:52+00:00,1.0,127.5,1.0,44.63525390625,25.900211334228516,12.0,0.04444800317287445
2026-06-10 09:17:53+00:00,1.0,127.5,1.0,44.63525390625,25.900211334228516,12.0,0.04444800317287445
2026-06-10 09:17:54+00:00,1.0,127.5,1.0,44.63525390625,25.900211334228516,12.0,0.04444800317287445
2026-06-10 09:17:55+00:00,1.0,127.5,1.0,44.63525390625,25.900211334228516,12.0,0.04444800317287445
2026-06-10 09:17:56+00:00,1.0,127.5,1.0,44.63525390625,25.900211334228516,12.0,0.04444800317287445
2026-06-10 09:17:57+00:00,1.0,127.5,1.0,44.63525390625,25.900211334228516,12.0,0.08334000408649445
2026-06-10 09:17:58+00:00,1.0,127.5,1.0,44.63525390625,25.900211334228516,12.0,0.08334000408649445
2026-06-10 09:17:59+00:00,1.0,127.5,1.0,44.63525390625,25.900211334228516,12.0,0.08334000408649445
2026-06-10 09:18:00+00:00,1.0,127.5,1.0,44.63525390625,25.900211334228516,12.0,0.08334000408649445
2026-06-10 09:18:02+00:00,1.0,127.4000015258789,1.0,44.63525390625,25.90021514892578,12.0,0.24631600081920624
2026-06-10 09:18:03+00:00,1.0,127.30000305175781,1.0,44.63525390625,25.90021514892578,12.0,0.11667600274085999
2026-06-10 09:18:04+00:00,1.0,127.30000305175781,1.0,44.63526153564453,25.90021514892578,12.0,0.05370800569653511
2026-06-10 09:18:05+00:00,1.0,127.4000015258789,1.0,44.63526153564453,25.90021514892578,12.0,0.09445200860500336
2026-06-10 09:18:06+00:00,1.0,127.30000305175781,1.0,44.63526153564453,25.90021514892578,12.0,0.06111599877476692
2026-06-10 09:18:07+00:00,1.0,127.30000305175781,1.0,44.63526153564453,25.90021514892578,12.0,0.057412002235651016
2026-06-10 09:18:08+00:00,1.0,127.30000305175781,1.0,44.63526153564453,25.90021514892578,12.0,0.06852400302886963
2026-06-10 09:18:09+00:00,1.0,127.30000305175781,1.0,44.63526153564453,25.90021514892578,12.0,0.40003201365470886
2026-06-10 09:18:10+00:00,1.0,127.30000305175781,1.0,44.63526153564453,25.90021514892578,12.0,0.19631199538707733
2026-06-10 09:18:11+00:00,1.0,127.0999984741211,1.0,44.63526153564453,25.90021514892578,12.0,0.1463080197572708
2026-06-10 09:18:12+00:00,1.0,127.0999984741211,1.0,44.63526153564453,25.90021514892578,12.0,0.09815600514411926
2026-06-10 09:18:13+00:00,1.0,127.0999984741211,1.0,44.63526153564453,25.90021514892578,12.0,0.2666879892349243
2026-06-10 09:18:14+00:00,1.0,127.0999984741211,1.0,44.63526153564453,25.90021514892578,12.0,0.16297601163387299
2026-06-10 09:18:15+00:00,1.0,127.19999694824219,1.0,44.63526153564453,25.90021514892578,12.0,0.19631199538707733
2026-06-10 09:18:16+00:00,1.0,127.19999694824219,1.0,44.63526153564453,25.90021514892578,12.0,0.15371601283550262
2026-06-10 09:18:17+00:00,1.0,127.19999694824219,1.0,44.63526153564453,25.90021514892578,12.0,0.2981719970703125
2026-06-10 09:18:18+00:00,1.0,127.19999694824219,1.0,44.63526153564453,25.90021514892578,12.0,0.2981719970703125
2026-06-10 09:18:19+00:00,1.0,127.0999984741211,1.0,44.63526153564453,25.90021514892578,12.0,0.2981719970703125
2026-06-10 09:18:20+00:00,1.0,127.0999984741211,1.0,44.63526153564453,25.90021514892578,12.0,0.37410402297973633
2026-06-10 09:18:21+00:00,1.0,127.0999984741211,1.0,44.63526153564453,25.90021514892578,12.0,0.10000801086425781
2026-06-10 09:18:22+00:00,1.0,127.0999984741211,1.0,44.63526153564453,25.90021514892578,12.0,0.10000801086425781
2026-06-10 09:18:23+00:00,1.0,127.0999984741211,1.0,44.63526153564453,25.900218963623047,12.0,0.12964001297950745
2026-06-10 09:18:24+00:00,1.0,127.0999984741211,1.0,44.63526153564453,25.900218963623047,12.0,0.12964001297950745
2026-06-10 09:18:25+00:00,1.0,127.0999984741211,1.0,44.63526153564453,25.900218963623047,12.0,0.12964001297950745
2026-06-10 09:18:26+00:00,1.0,127.0999984741211,1.0,44.63525390625,25.900218963623047,12.0,0.14445601403713226
2026-06-10 09:18:27+00:00,1.0,126.80000305175781,1.0,44.63525390625,25.900218963623047,12.0,0.14445601403713226
2026-06-10 09:18:28+00:00,1.0,126.80000305175781,1.0,44.63525390625,25.900218963623047,12.0,0.057412002235651016
2026-06-10 09:18:29+00:00,1.0,126.69999694824219,1.0,44.63525390625,25.900218963623047,12.0,0.07778400927782059
2026-06-10 09:18:30+00:00,1.0,126.5999984741211,1.0,44.63525390625,25.900218963623047,12.0,0.12038000673055649
2026-06-10 09:18:31+00:00,1.0,126.5999984741211,1.0,44.63525390625,25.900218963623047,12.0,0.21112799644470215
2026-06-10 09:18:32+00:00,1.0,126.4000015258789,1.0,44.63525390625,2.0188198689865488e-39,12.0,0.21112799644470215
2026-06-10 09:18:33+00:00,1.0,126.30000305175781,1.0,44.63525390625,25.900218963623047,12.0,0.2518719732761383
2026-06-10 09:18:34+00:00,1.0,126.30000305175781,1.0,44.63524627685547,25.900224685668945,12.0,0.01296399999409914
2026-06-10 09:18:35+00:00,1.0,126.30000305175781,1.0,44.63524627685547,25.900224685668945,12.0,0.02778000198304653
2026-06-10 09:18:36+00:00,1.0,126.19999694824219,1.0,44.63524627685547,25.900224685668945,12.0,0.01852000132203102
2026-06-10 09:18:37+00:00,1.0,126.19999694824219,1.0,44.63524627685547,25.900224685668945,12.0,0.01852000132203102
2026-06-10 09:18:38+00:00,1.0,126.19999694824219,1.0,44.63524627685547,25.900224685668945,12.0,0.02778000198304653
2026-06-10 09:18:39+00:00,1.0,126.19999694824219,1.0,44.63524627685547,25.900224685668945,12.0,0.10000801086425781
2026-06-10 09:18:40+00:00,1.0,126.19999694824219,1.0,44.63524627685547,25.900224685668945,12.0,0.10000801086425781
2026-06-10 09:18:41+00:00,1.0,126.19999694824219,1.0,44.63524627685547,25.900224685668945,12.0,0.10000801086425781
2026-06-10 09:18:42+00:00,1.0,126.19999694824219,1.0,44.63524627685547,25.900224685668945,12.0,0.10000801086425781
2026-06-10 09:18:43+00:00,1.0,125.80000305175781,1.0,44.63524627685547,25.900224685668945,12.0,0.02592799998819828
2026-06-10 09:18:44+00:00,1.0,125.80000305175781,1.0,44.63524627685547,25.900224685668945,12.0,0.02592799998819828
2026-06-10 09:18:46+00:00,1.0,125.80000305175781,1.0,44.63524627685547,25.900224685668945,12.0,0.02592799998819828
2026-06-10 09:18:47+00:00,1.0,125.80000305175781,1.0,44.63524627685547,25.900224685668945,12.0,0.02592799998819828
2026-06-10 09:18:48+00:00,1.0,125.80000305175781,1.0,44.63524627685547,25.900224685668945,12.0,0.02592799998819828
2026-06-10 09:18:49+00:00,1.0,126.0,1.0,44.63524627685547,25.900224685668945,12.0,0.06667200475931168
2026-06-10 09:18:50+00:00,1.0,126.0999984741211,1.0,44.63525390625,25.900224685668945,12.0,0.1426040083169937
2026-06-10 09:18:51+00:00,1.0,126.0999984741211,1.0,44.63525390625,25.900224685668945,12.0,0.15371601283550262
2026-06-10 09:18:52+00:00,1.0,126.0999984741211,1.0,44.63525390625,25.900224685668945,12.0,0.1351960152387619
2026-06-10 09:18:53+00:00,1.0,126.0999984741211,1.0,44.63525390625,25.900224685668945,12.0,0.050004005432128906
2026-06-10 09:18:54+00:00,1.0,126.19999694824219,1.0,44.63525390625,25.900224685668945,12.0,0.06481999903917313
2026-06-10 09:18:55+00:00,1.0,126.19999694824219,1.0,44.63525390625,25.900224685668945,12.0,0.2129800021648407
2026-06-10 09:18:56+00:00,1.0,126.30000305175781,1.0,44.63525390625,25.900224685668945,12.0,0.3759560286998749
2026-06-10 09:18:57+00:00,1.0,126.30000305175781,1.0,44.63525390625,25.900224685668945,12.0,0.18334801495075226
2026-06-10 09:18:58+00:00,1.0,126.30000305175781,1.0,44.63525390625,25.900224685668945,12.0,0.18334801495075226
2026-06-10 09:18:59+00:00,1.0,126.30000305175781,1.0,44.63525390625,25.900224685668945,12.0,0.27224400639533997
2026-06-10 09:19:00+00:00,1.0,126.30000305175781,1.0,44.63525390625,25.900224685668945,12.0,0.15742000937461853
2026-06-10 09:19:01+00:00,1.0,126.30000305175781,1.0,44.63525390625,25.900224685668945,12.0,0.2092759907245636
2026-06-10 09:19:02+00:00,1.0,126.30000305175781,1.0,44.63525390625,25.900224685668945,12.0,0.2092759907245636
2026-06-10 09:19:03+00:00,1.0,126.30000305175781,1.0,44.63525390625,25.900224685668945,12.0,0.2092759907245636
2026-06-10 09:19:04+00:00,1.0,126.30000305175781,1.0,44.63525390625,25.900224685668945,12.0,0.09074800461530685
2026-06-10 09:19:05+00:00,1.0,126.30000305175781,1.0,44.63525390625,25.900224685668945,12.0,0.09074800461530685
2026-06-10 09:19:06+00:00,1.0,126.30000305175781,1.0,44.63525390625,25.900224685668945,12.0,0.09074800461530685
2026-06-10 09:19:07+00:00,1.0,126.30000305175781,1.0,44.63525390625,25.900224685668945,12.0,0.09074800461530685
2026-06-10 09:19:08+00:00,1.0,126.30000305175781,1.0,44.63525390625,25.900224685668945,12.0,0.0463000051677227
2026-06-10 09:19:09+00:00,1.0,126.30000305175781,1.0,44.63525390625,25.900224685668945,12.0,0.0463000051677227
2026-06-10 09:19:10+00:00,1.0,126.30000305175781,1.0,44.63525390625,25.900224685668945,12.0,0.0463000051677227
2026-06-10 09:19:11+00:00,1.0,126.30000305175781,1.0,44.63525390625,25.900224685668945,12.0,0.1463080197572708
2026-06-10 09:19:12+00:00,1.0,126.80000305175781,1.0,44.63525390625,25.900224685668945,12.0,0.020372001454234123
2026-06-10 09:19:13+00:00,1.0,126.80000305175781,1.0,44.63525390625,25.900224685668945,12.0,0.02592799998819828
2026-06-10 09:19:14+00:00,1.0,126.80000305175781,1.0,44.63525390625,25.900224685668945,12.0,0.0888960063457489
2026-06-10 09:19:15+00:00,1.0,126.80000305175781,1.0,44.63525390625,25.900224685668945,12.0,0.048151999711990356
2026-06-10 09:19:16+00:00,1.0,126.80000305175781,1.0,44.63525390625,25.900224685668945,12.0,0.07222799956798553
2026-06-10 09:19:17+00:00,1.0,126.80000305175781,1.0,44.63525390625,25.900224685668945,12.0,0.15186400711536407
2026-06-10 09:19:18+00:00,1.0,126.9000015258789,1.0,44.63525390625,25.900224685668945,12.0,0.09630400687456131
2026-06-10 09:19:19+00:00,1.0,126.9000015258789,1.0,44.63525390625,25.900218963623047,12.0,0.03333600237965584
2026-06-10 09:19:20+00:00,1.0,126.9000015258789,1.0,44.63525390625,25.900218963623047,12.0,0.03333600237965584
2026-06-10 09:19:21+00:00,1.0,126.9000015258789,1.0,44.63525390625,25.900218963623047,12.0,0.05926400423049927
2026-06-10 09:19:22+00:00,1.0,126.9000015258789,1.0,44.63525390625,25.900218963623047,12.0,0.0463000051677227
2026-06-10 09:19:23+00:00,1.0,126.9000015258789,1.0,44.63525390625,25.900218963623047,12.0,0.0463000051677227
2026-06-10 09:19:24+00:00,1.0,126.9000015258789,1.0,44.63525390625,25.900218963623047,12.0,0.02778000198304653
2026-06-10 09:19:25+00:00,1.0,126.9000015258789,1.0,44.63525390625,25.900218963623047,12.0,0.02778000198304653
2026-06-10 09:19:26+00:00,1.0,126.9000015258789,1.0,44.63525390625,25.900218963623047,12.0,0.01666800118982792
2026-06-10 09:19:27+00:00,1.0,126.9000015258789,1.0,44.63525390625,25.900218963623047,12.0,0.01666800118982792
2026-06-10 09:19:28+00:00,1.0,127.30000305175781,1.0,44.63525390625,25.900218963623047,12.0,0.01666800118982792
2026-06-10 09:19:29+00:00,1.0,127.30000305175781,1.0,44.63525390625,25.900218963623047,12.0,0.11667600274085999
2026-06-10 09:19:30+00:00,1.0,127.30000305175781,1.0,44.63525390625,25.900218963623047,12.0,0.09815600514411926
2026-06-10 09:19:31+00:00,1.0,127.30000305175781,1.0,44.63525390625,25.900218963623047,12.0,0.07037600129842758
2026-06-10 09:19:32+00:00,1.0,127.30000305175781,1.0,44.63525390625,25.900218963623047,12.0,0.07037600129842758
2026-06-10 09:19:33+00:00,1.0,127.30000305175781,1.0,44.63525390625,25.900218963623047,12.0,0.25742799043655396
2026-06-10 09:19:34+00:00,1.0,127.30000305175781,1.0,44.63525390625,25.900218963623047,12.0,0.25742799043655396
2026-06-10 09:19:35+00:00,1.0,127.30000305175781,1.0,44.63525390625,25.900218963623047,12.0,0.25742799043655396
2026-06-10 09:19:36+00:00,1.0,127.30000305175781,1.0,44.63525390625,25.900218963623047,12.0,0.25742799043655396
2026-06-10 09:19:37+00:00,1.0,127.4000015258789,1.0,44.63525390625,25.900218963623047,12.0,0.12593600153923035
2026-06-10 09:19:38+00:00,1.0,127.5,1.0,44.63525390625,25.900218963623047,12.0,0.029632002115249634
2026-06-10 09:19:39+00:00,1.0,127.5,1.0,44.63525390625,25.900218963623047,12.0,0.029632002115249634
2026-06-10 09:19:40+00:00,1.0,127.5,1.0,44.63525390625,25.900218963623047,12.0,0.03518800064921379
2026-06-10 09:19:41+00:00,1.0,127.5,1.0,44.63525390625,25.900218963623047,12.0,0.17223601043224335
2026-06-10 09:19:42+00:00,1.0,127.5,1.0,44.63525390625,25.900218963623047,12.0,0.04444800317287445
2026-06-10 09:19:43+00:00,1.0,127.5,1.0,44.63525390625,25.900218963623047,12.0,0.07408000528812408
2026-06-10 09:19:44+00:00,1.0,127.4000015258789,1.0,44.63525390625,25.900218963623047,12.0,0.07408000528812408
2026-06-10 09:19:45+00:00,1.0,127.4000015258789,1.0,44.63525390625,25.900218963623047,12.0,0.06667200475931168
2026-06-10 09:19:46+00:00,1.0,127.4000015258789,1.0,44.63525390625,25.900218963623047,12.0,0.06667200475931168
2026-06-10 09:19:47+00:00,1.0,127.4000015258789,1.0,44.63525390625,25.900218963623047,12.0,0.37410402297973633
2026-06-10 09:19:48+00:00,1.0,127.4000015258789,1.0,44.63525390625,25.900218963623047,12.0,0.37410402297973633
2026-06-10 09:19:49+00:00,1.0,127.4000015258789,1.0,44.63525390625,25.900218963623047,12.0,0.37410402297973633
2026-06-10 09:19:50+00:00,1.0,127.4000015258789,1.0,44.63525390625,25.900218963623047,12.0,0.37410402297973633
2026-06-10 09:19:51+00:00,1.0,127.4000015258789,1.0,44.63525390625,25.900224685668945,12.0,0.4222559928894043
2026-06-10 09:19:52+00:00,1.0,127.4000015258789,1.0,44.63525390625,25.900224685668945,12.0,0.2055720090866089
2026-06-10 09:19:53+00:00,1.0,127.4000015258789,1.0,44.63525390625,25.900224685668945,12.0,0.2055720090866089
2026-06-10 09:19:54+00:00,1.0,127.4000015258789,1.0,44.63525390625,25.900224685668945,12.0,0.2055720090866089
2026-06-10 09:19:55+00:00,1.0,127.4000015258789,1.0,44.63525390625,25.900224685668945,12.0,0.2055720090866089
2026-06-10 09:19:56+00:00,1.0,127.19999694824219,1.0,44.63525390625,25.900224685668945,12.0,0.14445601403713226
2026-06-10 09:19:57+00:00,1.0,127.19999694824219,1.0,44.63525390625,25.900224685668945,12.0,0.0888960063457489
2026-06-10 09:19:58+00:00,1.0,127.19999694824219,1.0,44.63525390625,25.900224685668945,12.0,0.0888960063457489
2026-06-10 09:19:59+00:00,1.0,127.19999694824219,1.0,44.63525390625,25.900224685668945,12.0,0.0888960063457489
2026-06-10 09:20:00+00:00,1.0,127.19999694824219,1.0,44.63525390625,25.900224685668945,12.0,0.05926400423049927
2026-06-10 09:20:01+00:00,1.0,127.19999694824219,1.0,44.63525390625,25.900224685668945,12.0,0.05926400423049927
2026-06-10 09:20:02+00:00,1.0,127.19999694824219,1.0,44.63525390625,25.900224685668945,12.0,0.06481999903917313
2026-06-10 09:20:03+00:00,1.0,127.19999694824219,1.0,44.63525390625,25.900224685668945,12.0,0.06481999903917313
2026-06-10 09:20:04+00:00,1.0,126.9000015258789,1.0,44.63525390625,25.900224685668945,12.0,0.05926400423049927
2026-06-10 09:20:05+00:00,1.0,126.9000015258789,1.0,44.63525390625,25.900224685668945,12.0,0.16297601163387299
2026-06-10 09:20:06+00:00,1.0,126.69999694824219,1.0,44.63525390625,25.900224685668945,12.0,0.16297601163387299
2026-06-10 09:20:07+00:00,1.0,126.80000305175781,1.0,44.63525390625,25.900224685668945,12.0,0.09074800461530685
2026-06-10 09:20:08+00:00,1.0,126.69999694824219,1.0,44.63525390625,25.900224685668945,12.0,0.05370800569653511
2026-06-10 09:20:09+00:00,1.0,126.69999694824219,1.0,44.63525390625,25.900224685668945,12.0,0.07963600009679794
2026-06-10 09:20:10+00:00,1.0,126.69999694824219,1.0,44.63525390625,25.900224685668945,12.0,0.09815600514411926
2026-06-10 09:20:11+00:00,1.0,126.69999694824219,1.0,44.63525390625,25.900224685668945,12.0,0.0926000103354454
2026-06-10 09:20:12+00:00,1.0,126.69999694824219,1.0,44.63525390625,25.900224685668945,12.0,0.09445200860500336
2026-06-10 09:20:13+00:00,1.0,126.69999694824219,1.0,44.63525390625,25.900224685668945,12.0,0.09445200860500336
2026-06-10 09:20:14+00:00,1.0,126.69999694824219,1.0,44.63525390625,25.900224685668945,12.0,0.0425960049033165
2026-06-10 09:20:15+00:00,1.0,126.69999694824219,1.0,44.63525390625,25.900224685668945,12.0,0.0425960049033165
2026-06-10 09:20:16+00:00,1.0,126.69999694824219,1.0,44.63525390625,25.900224685668945,12.0,0.03333600237965584
2026-06-10 09:20:17+00:00,1.0,126.69999694824219,1.0,44.63525390625,25.900224685668945,12.0,0.03333600237965584
2026-06-10 09:20:18+00:00,1.0,126.69999694824219,1.0,44.63525390625,25.900224685668945,12.0,0.10186000913381577
2026-06-10 09:20:19+00:00,1.0,126.69999694824219,1.0,44.63525390625,25.900224685668945,12.0,0.10186000913381577
2026-06-10 09:20:20+00:00,1.0,126.69999694824219,1.0,44.63525390625,25.90022850036621,12.0,0.1389000117778778
2026-06-10 09:20:21+00:00,1.0,126.69999694824219,1.0,44.63525390625,25.90022850036621,12.0,0.1389000117778778
2026-06-10 09:20:22+00:00,1.0,126.69999694824219,1.0,44.63525390625,25.90022850036621,12.0,0.1389000117778778
2026-06-10 09:20:23+00:00,1.0,126.69999694824219,1.0,44.63525390625,25.90022850036621,12.0,0.1389000117778778
2026-06-10 09:20:24+00:00,1.0,126.69999694824219,1.0,44.63525390625,25.90022850036621,12.0,0.1351960152387619
2026-06-10 09:20:25+00:00,1.0,126.69999694824219,1.0,44.63525390625,25.90022850036621,12.0,0.1351960152387619
2026-06-10 09:20:26+00:00,1.0,126.69999694824219,1.0,44.63525390625,25.900232315063477,12.0,0.1703840047121048
2026-06-10 09:20:27+00:00,1.0,126.69999694824219,1.0,44.63525390625,25.900232315063477,12.0,0.09445200860500336
2026-06-10 09:20:28+00:00,1.0,126.69999694824219,1.0,44.63525390625,25.900232315063477,12.0,0.09445200860500336
2026-06-10 09:23:02+00:00,1.0,123.0999984741211,1.0,44.63528823852539,25.900257110595703,12.0,0.07963600009679794
2026-06-10 09:23:03+00:00,1.0,121.5999984741211,1.0,44.63528823852539,25.90026092529297,12.0,0.1389000117778778
2026-06-10 09:23:04+00:00,1.0,121.0,1.0,44.635276794433594,25.9002685546875,12.0,0.3018760085105896
2026-06-10 09:23:05+00:00,1.0,120.9000015258789,1.0,44.63526916503906,25.900264739990234,12.0,0.15186400711536407
2026-06-10 09:23:06+00:00,1.0,121.5,1.0,44.63526916503906,25.90026092529297,12.0,0.15371601283550262
2026-06-10 09:23:07+00:00,1.0,122.0,1.0,44.63526916503906,25.900251388549805,12.0,0.022224001586437225
2026-06-10 09:23:08+00:00,1.0,122.5999984741211,1.0,44.63526916503906,25.90024757385254,12.0,0.03333600237965584
2026-06-10 09:23:09+00:00,1.0,123.0,1.0,44.63526916503906,25.900243759155273,12.0,0.10186000913381577
2026-06-10 09:23:10+00:00,1.0,123.19999694824219,1.0,44.63526916503906,25.900243759155273,12.0,0.21112799644470215
2026-06-10 09:23:11+00:00,1.0,123.19999694824219,1.0,44.63526916503906,25.900243759155273,12.0,0.21112799644470215
2026-06-10 09:24:36+00:00,1.0,124.5,1.0,44.63526916503906,25.90024757385254,12.0,0.22779600322246552
2026-06-10 09:24:37+00:00,1.0,124.5999984741211,1.0,44.63526916503906,25.900243759155273,12.0,0.14075200259685516
2026-06-10 09:25:17+00:00,1.0,126.5999984741211,1.0,44.63529586791992,25.90024757385254,12.0,0.0425960049033165
2026-06-10 09:25:18+00:00,1.0,126.30000305175781,1.0,44.63529586791992,25.90024757385254,12.0,0.07408000528812408
2026-06-10 09:25:19+00:00,1.0,126.0999984741211,1.0,44.63528823852539,25.900243759155273,12.0,0.16853201389312744
